hidden_size,seq_length,num_layers,epochs,batch_size,schedule_pairs,NSE,MSE,RMSE,KGE,Alpha-NSE,Beta-KGE,Beta-NSE,Pearson-r,FHV,FMS,FLV,Peak-Timing,Peak-MAPE
64,90,1,2,64,"((0.5, 0.25), (0.01, 0.005, 0.001))",0.591865062713623,69918.5078125,264.4210804994564,0.5536254948384995,0.6055799649478014,0.9843039512634277,-0.012008364159458749,0.7915853439374861,-52.69817113876343,-7.270325545550394,43.73550751151643,0.6,71.30637168884277
64,90,1,1,64,"((0.5, 0.25), (0.01, 0.005, 0.001))",0.4146367907524109,100279.8828125,316.66999038825895,0.408745051882511,0.518728336613179,0.9474734663963318,-0.04018578992422561,0.6605873264565982,-62.11014986038208,-1.8172593317971788,39.642293415738976,0.6,80.58473587036133
