hidden_size,seq_length,num_layers,epochs,batch_size,schedule_pairs,NSE,MSE,RMSE,KGE,Alpha-NSE,Beta-KGE,Beta-NSE,Pearson-r,FHV,FMS,FLV,Peak-Timing,Peak-MAPE
64,90,1,2,64,"((0.5, 0.25), (0.01, 0.005, 0.001))",0.3576233983039856,110046.96875,331.7332795334228,0.36961259642070754,0.508601650269896,0.9673691987991333,-0.024964405871132665,0.6064886643475671,-63.116270303726196,-9.676906889039362,54.95356482129048,0.4,82.00986862182617
64,90,1,1,64,"((0.5, 0.25), (0.01, 0.005, 0.001))",0.24364334344863892,129573.140625,359.96269337946677,0.31587289340864333,0.5380299764868613,0.9919244050979614,-0.00617830022643101,0.4954721215677871,-68.59745383262634,18.150238940519163,-171.21401342548782,1.8,87.10550308227539
