hidden_size,seq_length,num_layers,epochs,batch_size,schedule_pairs,NSE,MSE,RMSE,KGE,Alpha-NSE,Beta-KGE,Beta-NSE,Pearson-r,FHV,FMS,FLV,Peak-Timing,Peak-MAPE,model_type
64,90,1,2,64,"((0.5, 0.25), (0.01, 0.005, 0.001))",0.3576233983039856,110046.96875,331.7332795334228,0.36961259642070754,0.508601650269896,0.9673691987991333,-0.024964405871132665,0.6064886643475671,-63.116270303726196,-9.676906889039362,54.95356482129048,0.4,82.00986862182617,no_physics
64,90,1,2,64,"((0.5, 0.25), (0.01, 0.005, 0.001))",0.591865062713623,69918.5078125,264.4210804994564,0.5536254948384995,0.6055799649478014,0.9843039512634277,-0.012008364159458749,0.7915853439374861,-52.69817113876343,-7.270325545550394,43.73550751151643,0.6,71.30637168884277,physics
