2026-03-06 19:01:35,022 | 2028131 | INFO | [+   0.04s]
2026-03-06 19:01:35,038 | 2028131 | INFO | Basin: warm_springs, GPU: -1, Verbose: False
2026-03-06 19:01:35,039 | 2028131 | INFO | [+   0.06s]
2026-03-06 19:01:35,039 | 2028131 | INFO | Pre-warming numba JIT ...
2026-03-06 19:02:15,324 | 2028131 | INFO | [+  40.34s]
2026-03-06 19:02:15,343 | 2028131 | INFO | Numba JIT pre-compiled.
2026-03-06 19:02:15,355 | 2028131 | INFO | YAML PATH:
2026-03-06 19:02:15,355 | 2028131 | INFO | /global/scratch/users/maxwellfung/UCB-USACE-RR-PROJECT/UCB_training/configs/warm_springs_mtslstm2.yaml
2026-03-06 19:02:15,391 | 2028131 | INFO | [+  40.41s]
2026-03-06 19:02:15,391 | 2028131 | INFO | 48 combinations, 55 workers
2026-03-06 19:02:15,392 | 2028131 | INFO | run_gridsearch =
2026-03-06 19:02:15,392 | 2028131 | INFO | False
2026-03-06 19:02:15,409 | 2028131 | INFO | hparams_exists =
2026-03-06 19:02:15,409 | 2028131 | INFO | False
2026-03-06 19:02:15,465 | 2028131 | INFO | [EXTERNAL CV FOLDS]
2026-03-06 19:02:15,466 | 2028131 | INFO | fold 1: train 01/10/1994 -> 01/10/1996 | val 02/10/1996 -> 01/10/1997 | eval 02/10/1996 -> 01/10/1997
2026-03-06 19:02:15,466 | 2028131 | INFO | fold 2: train 01/10/1994 -> 01/10/1998 | val 02/10/1998 -> 01/10/1999 | eval 02/10/1998 -> 01/10/1999
2026-03-06 19:02:15,466 | 2028131 | INFO | fold 3: train 01/10/1994 -> 01/10/2000 | val 02/10/2000 -> 01/10/2001 | eval 02/10/2000 -> 01/10/2001
2026-03-06 19:02:15,466 | 2028131 | INFO | fold 4: train 01/10/1994 -> 01/10/2002 | val 02/10/2002 -> 01/10/2003 | eval 02/10/2002 -> 01/10/2003
2026-03-06 19:02:15,466 | 2028131 | INFO | fold 5: train 01/10/1994 -> 01/10/2004 | val 02/10/2004 -> 01/10/2005 | eval 02/10/2004 -> 01/10/2005
2026-03-06 19:02:15,466 | 2028131 | INFO | [EXTERNAL CV FOLDS] total folds = 5
2026-03-06 19:02:15,466 | 2028131 | INFO | [BAYESIAN OPTIMIZATION] Using 55 parallel workers
2026-03-06 19:02:15,543 | 2028131 | INFO | [BAYES] no_physics: 11 parallel trials x 5 folds = up to 55 workers
2026-03-06 19:02:15,824 | 2028131 | INFO | [ENQUEUE TRIAL] trial 1 no_physics
2026-03-06 19:02:15,824 | 2028131 | INFO | [BAYES QUEUE STATE]
2026-03-06 19:02:15,824 | 2028131 | INFO | pending_jobs = 5
2026-03-06 19:02:15,825 | 2028131 | INFO | inflight_trials = [0]
2026-03-06 19:02:15,825 | 2028131 | INFO | queue[0000] trial 1 fold 1 no_physics
2026-03-06 19:02:15,825 | 2028131 | INFO | queue[0001] trial 1 fold 2 no_physics
2026-03-06 19:02:15,826 | 2028131 | INFO | queue[0002] trial 1 fold 3 no_physics
2026-03-06 19:02:15,826 | 2028131 | INFO | queue[0003] trial 1 fold 4 no_physics
2026-03-06 19:02:15,826 | 2028131 | INFO | queue[0004] trial 1 fold 5 no_physics
2026-03-06 19:02:15,827 | 2028131 | INFO | [END BAYES QUEUE]
2026-03-06 19:02:16,101 | 2028131 | INFO | [ENQUEUE TRIAL] trial 2 no_physics
2026-03-06 19:02:16,102 | 2028131 | INFO | [BAYES QUEUE STATE]
2026-03-06 19:02:16,102 | 2028131 | INFO | pending_jobs = 10
2026-03-06 19:02:16,102 | 2028131 | INFO | inflight_trials = [0, 1]
2026-03-06 19:02:16,103 | 2028131 | INFO | queue[0000] trial 1 fold 1 no_physics
2026-03-06 19:02:16,103 | 2028131 | INFO | queue[0001] trial 1 fold 2 no_physics
2026-03-06 19:02:16,103 | 2028131 | INFO | queue[0002] trial 1 fold 3 no_physics
2026-03-06 19:02:16,103 | 2028131 | INFO | queue[0003] trial 1 fold 4 no_physics
2026-03-06 19:02:16,104 | 2028131 | INFO | queue[0004] trial 1 fold 5 no_physics
2026-03-06 19:02:16,104 | 2028131 | INFO | queue[0005] trial 2 fold 1 no_physics
2026-03-06 19:02:16,104 | 2028131 | INFO | queue[0006] trial 2 fold 2 no_physics
2026-03-06 19:02:16,105 | 2028131 | INFO | queue[0007] trial 2 fold 3 no_physics
2026-03-06 19:02:16,105 | 2028131 | INFO | queue[0008] trial 2 fold 4 no_physics
2026-03-06 19:02:16,105 | 2028131 | INFO | queue[0009] trial 2 fold 5 no_physics
2026-03-06 19:02:16,106 | 2028131 | INFO | [END BAYES QUEUE]
2026-03-06 19:02:16,437 | 2028131 | INFO | [ENQUEUE TRIAL] trial 3 no_physics
2026-03-06 19:02:16,443 | 2028131 | INFO | [BAYES QUEUE STATE]
2026-03-06 19:02:16,443 | 2028131 | INFO | pending_jobs = 15
2026-03-06 19:02:16,443 | 2028131 | INFO | inflight_trials = [0, 1, 2]
2026-03-06 19:02:16,444 | 2028131 | INFO | queue[0000] trial 1 fold 1 no_physics
2026-03-06 19:02:16,444 | 2028131 | INFO | queue[0001] trial 1 fold 2 no_physics
2026-03-06 19:02:16,444 | 2028131 | INFO | queue[0002] trial 1 fold 3 no_physics
2026-03-06 19:02:16,445 | 2028131 | INFO | queue[0003] trial 1 fold 4 no_physics
2026-03-06 19:02:16,445 | 2028131 | INFO | queue[0004] trial 1 fold 5 no_physics
2026-03-06 19:02:16,445 | 2028131 | INFO | queue[0005] trial 2 fold 1 no_physics
2026-03-06 19:02:16,446 | 2028131 | INFO | queue[0006] trial 2 fold 2 no_physics
2026-03-06 19:02:16,446 | 2028131 | INFO | queue[0007] trial 2 fold 3 no_physics
2026-03-06 19:02:16,446 | 2028131 | INFO | queue[0008] trial 2 fold 4 no_physics
2026-03-06 19:02:16,447 | 2028131 | INFO | queue[0009] trial 2 fold 5 no_physics
2026-03-06 19:02:16,447 | 2028131 | INFO | queue[0010] trial 3 fold 1 no_physics
2026-03-06 19:02:16,447 | 2028131 | INFO | queue[0011] trial 3 fold 2 no_physics
2026-03-06 19:02:16,448 | 2028131 | INFO | queue[0012] trial 3 fold 3 no_physics
2026-03-06 19:02:16,448 | 2028131 | INFO | queue[0013] trial 3 fold 4 no_physics
2026-03-06 19:02:16,448 | 2028131 | INFO | queue[0014] trial 3 fold 5 no_physics
2026-03-06 19:02:16,448 | 2028131 | INFO | [END BAYES QUEUE]
2026-03-06 19:02:16,768 | 2028131 | INFO | [ENQUEUE TRIAL] trial 4 no_physics
2026-03-06 19:02:16,769 | 2028131 | INFO | [BAYES QUEUE STATE]
2026-03-06 19:02:16,769 | 2028131 | INFO | pending_jobs = 20
2026-03-06 19:02:16,769 | 2028131 | INFO | inflight_trials = [0, 1, 2, 3]
2026-03-06 19:02:16,770 | 2028131 | INFO | queue[0000] trial 1 fold 1 no_physics
2026-03-06 19:02:16,770 | 2028131 | INFO | queue[0001] trial 1 fold 2 no_physics
2026-03-06 19:02:16,770 | 2028131 | INFO | queue[0002] trial 1 fold 3 no_physics
2026-03-06 19:02:16,770 | 2028131 | INFO | queue[0003] trial 1 fold 4 no_physics
2026-03-06 19:02:16,771 | 2028131 | INFO | queue[0004] trial 1 fold 5 no_physics
2026-03-06 19:02:16,771 | 2028131 | INFO | queue[0005] trial 2 fold 1 no_physics
2026-03-06 19:02:16,771 | 2028131 | INFO | queue[0006] trial 2 fold 2 no_physics
2026-03-06 19:02:16,772 | 2028131 | INFO | queue[0007] trial 2 fold 3 no_physics
2026-03-06 19:02:16,772 | 2028131 | INFO | queue[0008] trial 2 fold 4 no_physics
2026-03-06 19:02:16,772 | 2028131 | INFO | queue[0009] trial 2 fold 5 no_physics
2026-03-06 19:02:16,772 | 2028131 | INFO | queue[0010] trial 3 fold 1 no_physics
2026-03-06 19:02:16,773 | 2028131 | INFO | queue[0011] trial 3 fold 2 no_physics
2026-03-06 19:02:16,773 | 2028131 | INFO | queue[0012] trial 3 fold 3 no_physics
2026-03-06 19:02:16,773 | 2028131 | INFO | queue[0013] trial 3 fold 4 no_physics
2026-03-06 19:02:16,774 | 2028131 | INFO | queue[0014] trial 3 fold 5 no_physics
2026-03-06 19:02:16,774 | 2028131 | INFO | queue[0015] trial 4 fold 1 no_physics
2026-03-06 19:02:16,774 | 2028131 | INFO | queue[0016] trial 4 fold 2 no_physics
2026-03-06 19:02:16,774 | 2028131 | INFO | queue[0017] trial 4 fold 3 no_physics
2026-03-06 19:02:16,775 | 2028131 | INFO | queue[0018] trial 4 fold 4 no_physics
2026-03-06 19:02:16,775 | 2028131 | INFO | queue[0019] trial 4 fold 5 no_physics
2026-03-06 19:02:16,775 | 2028131 | INFO | [END BAYES QUEUE]
2026-03-06 19:02:17,084 | 2028131 | INFO | [ENQUEUE TRIAL] trial 5 no_physics
2026-03-06 19:02:17,085 | 2028131 | INFO | [BAYES QUEUE STATE]
2026-03-06 19:02:17,085 | 2028131 | INFO | pending_jobs = 25
2026-03-06 19:02:17,086 | 2028131 | INFO | inflight_trials = [0, 1, 2, 3, 4]
2026-03-06 19:02:17,086 | 2028131 | INFO | queue[0000] trial 1 fold 1 no_physics
2026-03-06 19:02:17,086 | 2028131 | INFO | queue[0001] trial 1 fold 2 no_physics
2026-03-06 19:02:17,086 | 2028131 | INFO | queue[0002] trial 1 fold 3 no_physics
2026-03-06 19:02:17,087 | 2028131 | INFO | queue[0003] trial 1 fold 4 no_physics
2026-03-06 19:02:17,087 | 2028131 | INFO | queue[0004] trial 1 fold 5 no_physics
2026-03-06 19:02:17,087 | 2028131 | INFO | queue[0005] trial 2 fold 1 no_physics
2026-03-06 19:02:17,088 | 2028131 | INFO | queue[0006] trial 2 fold 2 no_physics
2026-03-06 19:02:17,088 | 2028131 | INFO | queue[0007] trial 2 fold 3 no_physics
2026-03-06 19:02:17,088 | 2028131 | INFO | queue[0008] trial 2 fold 4 no_physics
2026-03-06 19:02:17,089 | 2028131 | INFO | queue[0009] trial 2 fold 5 no_physics
2026-03-06 19:02:17,089 | 2028131 | INFO | queue[0010] trial 3 fold 1 no_physics
2026-03-06 19:02:17,089 | 2028131 | INFO | queue[0011] trial 3 fold 2 no_physics
2026-03-06 19:02:17,090 | 2028131 | INFO | queue[0012] trial 3 fold 3 no_physics
2026-03-06 19:02:17,090 | 2028131 | INFO | queue[0013] trial 3 fold 4 no_physics
2026-03-06 19:02:17,090 | 2028131 | INFO | queue[0014] trial 3 fold 5 no_physics
2026-03-06 19:02:17,091 | 2028131 | INFO | queue[0015] trial 4 fold 1 no_physics
2026-03-06 19:02:17,091 | 2028131 | INFO | queue[0016] trial 4 fold 2 no_physics
2026-03-06 19:02:17,091 | 2028131 | INFO | queue[0017] trial 4 fold 3 no_physics
2026-03-06 19:02:17,092 | 2028131 | INFO | queue[0018] trial 4 fold 4 no_physics
2026-03-06 19:02:17,092 | 2028131 | INFO | queue[0019] trial 4 fold 5 no_physics
2026-03-06 19:02:17,092 | 2028131 | INFO | queue[0020] trial 5 fold 1 no_physics
2026-03-06 19:02:17,092 | 2028131 | INFO | queue[0021] trial 5 fold 2 no_physics
2026-03-06 19:02:17,093 | 2028131 | INFO | queue[0022] trial 5 fold 3 no_physics
2026-03-06 19:02:17,093 | 2028131 | INFO | queue[0023] trial 5 fold 4 no_physics
2026-03-06 19:02:17,093 | 2028131 | INFO | queue[0024] trial 5 fold 5 no_physics
2026-03-06 19:02:17,093 | 2028131 | INFO | [END BAYES QUEUE]
2026-03-06 19:02:17,434 | 2028131 | INFO | [ENQUEUE TRIAL] trial 6 no_physics
2026-03-06 19:02:17,434 | 2028131 | INFO | [BAYES QUEUE STATE]
2026-03-06 19:02:17,435 | 2028131 | INFO | pending_jobs = 30
2026-03-06 19:02:17,435 | 2028131 | INFO | inflight_trials = [0, 1, 2, 3, 4, 5]
2026-03-06 19:02:17,435 | 2028131 | INFO | queue[0000] trial 1 fold 1 no_physics
2026-03-06 19:02:17,436 | 2028131 | INFO | queue[0001] trial 1 fold 2 no_physics
2026-03-06 19:02:17,436 | 2028131 | INFO | queue[0002] trial 1 fold 3 no_physics
2026-03-06 19:02:17,436 | 2028131 | INFO | queue[0003] trial 1 fold 4 no_physics
2026-03-06 19:02:17,437 | 2028131 | INFO | queue[0004] trial 1 fold 5 no_physics
2026-03-06 19:02:17,437 | 2028131 | INFO | queue[0005] trial 2 fold 1 no_physics
2026-03-06 19:02:17,437 | 2028131 | INFO | queue[0006] trial 2 fold 2 no_physics
2026-03-06 19:02:17,438 | 2028131 | INFO | queue[0007] trial 2 fold 3 no_physics
2026-03-06 19:02:17,438 | 2028131 | INFO | queue[0008] trial 2 fold 4 no_physics
2026-03-06 19:02:17,438 | 2028131 | INFO | queue[0009] trial 2 fold 5 no_physics
2026-03-06 19:02:17,439 | 2028131 | INFO | queue[0010] trial 3 fold 1 no_physics
2026-03-06 19:02:17,439 | 2028131 | INFO | queue[0011] trial 3 fold 2 no_physics
2026-03-06 19:02:17,439 | 2028131 | INFO | queue[0012] trial 3 fold 3 no_physics
2026-03-06 19:02:17,440 | 2028131 | INFO | queue[0013] trial 3 fold 4 no_physics
2026-03-06 19:02:17,448 | 2028131 | INFO | queue[0014] trial 3 fold 5 no_physics
2026-03-06 19:02:17,456 | 2028131 | INFO | queue[0015] trial 4 fold 1 no_physics
2026-03-06 19:02:17,456 | 2028131 | INFO | queue[0016] trial 4 fold 2 no_physics
2026-03-06 19:02:17,457 | 2028131 | INFO | queue[0017] trial 4 fold 3 no_physics
2026-03-06 19:02:17,457 | 2028131 | INFO | queue[0018] trial 4 fold 4 no_physics
2026-03-06 19:02:17,457 | 2028131 | INFO | queue[0019] trial 4 fold 5 no_physics
2026-03-06 19:02:17,458 | 2028131 | INFO | queue[0020] trial 5 fold 1 no_physics
2026-03-06 19:02:17,458 | 2028131 | INFO | queue[0021] trial 5 fold 2 no_physics
2026-03-06 19:02:17,458 | 2028131 | INFO | queue[0022] trial 5 fold 3 no_physics
2026-03-06 19:02:17,459 | 2028131 | INFO | queue[0023] trial 5 fold 4 no_physics
2026-03-06 19:02:17,459 | 2028131 | INFO | queue[0024] trial 5 fold 5 no_physics
2026-03-06 19:02:17,459 | 2028131 | INFO | queue[0025] trial 6 fold 1 no_physics
2026-03-06 19:02:17,460 | 2028131 | INFO | queue[0026] trial 6 fold 2 no_physics
2026-03-06 19:02:17,460 | 2028131 | INFO | queue[0027] trial 6 fold 3 no_physics
2026-03-06 19:02:17,460 | 2028131 | INFO | queue[0028] trial 6 fold 4 no_physics
2026-03-06 19:02:17,461 | 2028131 | INFO | queue[0029] trial 6 fold 5 no_physics
2026-03-06 19:02:17,461 | 2028131 | INFO | [END BAYES QUEUE]
2026-03-06 19:02:17,797 | 2028131 | INFO | [ENQUEUE TRIAL] trial 7 no_physics
2026-03-06 19:02:17,797 | 2028131 | INFO | [BAYES QUEUE STATE]
2026-03-06 19:02:17,798 | 2028131 | INFO | pending_jobs = 35
2026-03-06 19:02:17,798 | 2028131 | INFO | inflight_trials = [0, 1, 2, 3, 4, 5, 6]
2026-03-06 19:02:17,798 | 2028131 | INFO | queue[0000] trial 1 fold 1 no_physics
2026-03-06 19:02:17,799 | 2028131 | INFO | queue[0001] trial 1 fold 2 no_physics
2026-03-06 19:02:17,799 | 2028131 | INFO | queue[0002] trial 1 fold 3 no_physics
2026-03-06 19:02:17,799 | 2028131 | INFO | queue[0003] trial 1 fold 4 no_physics
2026-03-06 19:02:17,800 | 2028131 | INFO | queue[0004] trial 1 fold 5 no_physics
2026-03-06 19:02:17,800 | 2028131 | INFO | queue[0005] trial 2 fold 1 no_physics
2026-03-06 19:02:17,800 | 2028131 | INFO | queue[0006] trial 2 fold 2 no_physics
2026-03-06 19:02:17,800 | 2028131 | INFO | queue[0007] trial 2 fold 3 no_physics
2026-03-06 19:02:17,801 | 2028131 | INFO | queue[0008] trial 2 fold 4 no_physics
2026-03-06 19:02:17,801 | 2028131 | INFO | queue[0009] trial 2 fold 5 no_physics
2026-03-06 19:02:17,801 | 2028131 | INFO | queue[0010] trial 3 fold 1 no_physics
2026-03-06 19:02:17,801 | 2028131 | INFO | queue[0011] trial 3 fold 2 no_physics
2026-03-06 19:02:17,802 | 2028131 | INFO | queue[0012] trial 3 fold 3 no_physics
2026-03-06 19:02:17,802 | 2028131 | INFO | queue[0013] trial 3 fold 4 no_physics
2026-03-06 19:02:17,802 | 2028131 | INFO | queue[0014] trial 3 fold 5 no_physics
2026-03-06 19:02:17,802 | 2028131 | INFO | queue[0015] trial 4 fold 1 no_physics
2026-03-06 19:02:17,803 | 2028131 | INFO | queue[0016] trial 4 fold 2 no_physics
2026-03-06 19:02:17,803 | 2028131 | INFO | queue[0017] trial 4 fold 3 no_physics
2026-03-06 19:02:17,803 | 2028131 | INFO | queue[0018] trial 4 fold 4 no_physics
2026-03-06 19:02:17,803 | 2028131 | INFO | queue[0019] trial 4 fold 5 no_physics
2026-03-06 19:02:17,803 | 2028131 | INFO | queue[0020] trial 5 fold 1 no_physics
2026-03-06 19:02:17,804 | 2028131 | INFO | queue[0021] trial 5 fold 2 no_physics
2026-03-06 19:02:17,804 | 2028131 | INFO | queue[0022] trial 5 fold 3 no_physics
2026-03-06 19:02:17,804 | 2028131 | INFO | queue[0023] trial 5 fold 4 no_physics
2026-03-06 19:02:17,804 | 2028131 | INFO | queue[0024] trial 5 fold 5 no_physics
2026-03-06 19:02:17,805 | 2028131 | INFO | queue[0025] trial 6 fold 1 no_physics
2026-03-06 19:02:17,805 | 2028131 | INFO | queue[0026] trial 6 fold 2 no_physics
2026-03-06 19:02:17,805 | 2028131 | INFO | queue[0027] trial 6 fold 3 no_physics
2026-03-06 19:02:17,805 | 2028131 | INFO | queue[0028] trial 6 fold 4 no_physics
2026-03-06 19:02:17,805 | 2028131 | INFO | queue[0029] trial 6 fold 5 no_physics
2026-03-06 19:02:17,806 | 2028131 | INFO | queue[0030] trial 7 fold 1 no_physics
2026-03-06 19:02:17,806 | 2028131 | INFO | queue[0031] trial 7 fold 2 no_physics
2026-03-06 19:02:17,806 | 2028131 | INFO | queue[0032] trial 7 fold 3 no_physics
2026-03-06 19:02:17,806 | 2028131 | INFO | queue[0033] trial 7 fold 4 no_physics
2026-03-06 19:02:17,807 | 2028131 | INFO | queue[0034] trial 7 fold 5 no_physics
2026-03-06 19:02:17,807 | 2028131 | INFO | [END BAYES QUEUE]
2026-03-06 19:02:18,156 | 2028131 | INFO | [ENQUEUE TRIAL] trial 8 no_physics
2026-03-06 19:02:18,157 | 2028131 | INFO | [BAYES QUEUE STATE]
2026-03-06 19:02:18,157 | 2028131 | INFO | pending_jobs = 40
2026-03-06 19:02:18,157 | 2028131 | INFO | inflight_trials = [0, 1, 2, 3, 4, 5, 6, 7]
2026-03-06 19:02:18,158 | 2028131 | INFO | queue[0000] trial 1 fold 1 no_physics
2026-03-06 19:02:18,158 | 2028131 | INFO | queue[0001] trial 1 fold 2 no_physics
2026-03-06 19:02:18,158 | 2028131 | INFO | queue[0002] trial 1 fold 3 no_physics
2026-03-06 19:02:18,159 | 2028131 | INFO | queue[0003] trial 1 fold 4 no_physics
2026-03-06 19:02:18,159 | 2028131 | INFO | queue[0004] trial 1 fold 5 no_physics
2026-03-06 19:02:18,159 | 2028131 | INFO | queue[0005] trial 2 fold 1 no_physics
2026-03-06 19:02:18,159 | 2028131 | INFO | queue[0006] trial 2 fold 2 no_physics
2026-03-06 19:02:18,160 | 2028131 | INFO | queue[0007] trial 2 fold 3 no_physics
2026-03-06 19:02:18,160 | 2028131 | INFO | queue[0008] trial 2 fold 4 no_physics
2026-03-06 19:02:18,160 | 2028131 | INFO | queue[0009] trial 2 fold 5 no_physics
2026-03-06 19:02:18,160 | 2028131 | INFO | queue[0010] trial 3 fold 1 no_physics
2026-03-06 19:02:18,161 | 2028131 | INFO | queue[0011] trial 3 fold 2 no_physics
2026-03-06 19:02:18,161 | 2028131 | INFO | queue[0012] trial 3 fold 3 no_physics
2026-03-06 19:02:18,161 | 2028131 | INFO | queue[0013] trial 3 fold 4 no_physics
2026-03-06 19:02:18,161 | 2028131 | INFO | queue[0014] trial 3 fold 5 no_physics
2026-03-06 19:02:18,162 | 2028131 | INFO | queue[0015] trial 4 fold 1 no_physics
2026-03-06 19:02:18,162 | 2028131 | INFO | queue[0016] trial 4 fold 2 no_physics
2026-03-06 19:02:18,162 | 2028131 | INFO | queue[0017] trial 4 fold 3 no_physics
2026-03-06 19:02:18,162 | 2028131 | INFO | queue[0018] trial 4 fold 4 no_physics
2026-03-06 19:02:18,162 | 2028131 | INFO | queue[0019] trial 4 fold 5 no_physics
2026-03-06 19:02:18,163 | 2028131 | INFO | queue[0020] trial 5 fold 1 no_physics
2026-03-06 19:02:18,163 | 2028131 | INFO | queue[0021] trial 5 fold 2 no_physics
2026-03-06 19:02:18,163 | 2028131 | INFO | queue[0022] trial 5 fold 3 no_physics
2026-03-06 19:02:18,163 | 2028131 | INFO | queue[0023] trial 5 fold 4 no_physics
2026-03-06 19:02:18,164 | 2028131 | INFO | queue[0024] trial 5 fold 5 no_physics
2026-03-06 19:02:18,164 | 2028131 | INFO | queue[0025] trial 6 fold 1 no_physics
2026-03-06 19:02:18,164 | 2028131 | INFO | queue[0026] trial 6 fold 2 no_physics
2026-03-06 19:02:18,164 | 2028131 | INFO | queue[0027] trial 6 fold 3 no_physics
2026-03-06 19:02:18,164 | 2028131 | INFO | queue[0028] trial 6 fold 4 no_physics
2026-03-06 19:02:18,165 | 2028131 | INFO | queue[0029] trial 6 fold 5 no_physics
2026-03-06 19:02:18,165 | 2028131 | INFO | queue[0030] trial 7 fold 1 no_physics
2026-03-06 19:02:18,165 | 2028131 | INFO | queue[0031] trial 7 fold 2 no_physics
2026-03-06 19:02:18,165 | 2028131 | INFO | queue[0032] trial 7 fold 3 no_physics
2026-03-06 19:02:18,166 | 2028131 | INFO | queue[0033] trial 7 fold 4 no_physics
2026-03-06 19:02:18,166 | 2028131 | INFO | queue[0034] trial 7 fold 5 no_physics
2026-03-06 19:02:18,166 | 2028131 | INFO | queue[0035] trial 8 fold 1 no_physics
2026-03-06 19:02:18,166 | 2028131 | INFO | queue[0036] trial 8 fold 2 no_physics
2026-03-06 19:02:18,166 | 2028131 | INFO | queue[0037] trial 8 fold 3 no_physics
2026-03-06 19:02:18,167 | 2028131 | INFO | queue[0038] trial 8 fold 4 no_physics
2026-03-06 19:02:18,167 | 2028131 | INFO | queue[0039] trial 8 fold 5 no_physics
2026-03-06 19:02:18,167 | 2028131 | INFO | [END BAYES QUEUE]
2026-03-06 19:02:18,518 | 2028131 | INFO | [ENQUEUE TRIAL] trial 9 no_physics
2026-03-06 19:02:18,529 | 2028131 | INFO | [BAYES QUEUE STATE]
2026-03-06 19:02:18,529 | 2028131 | INFO | pending_jobs = 45
2026-03-06 19:02:18,529 | 2028131 | INFO | inflight_trials = [0, 1, 2, 3, 4, 5, 6, 7, 8]
2026-03-06 19:02:18,530 | 2028131 | INFO | queue[0000] trial 1 fold 1 no_physics
2026-03-06 19:02:18,530 | 2028131 | INFO | queue[0001] trial 1 fold 2 no_physics
2026-03-06 19:02:18,530 | 2028131 | INFO | queue[0002] trial 1 fold 3 no_physics
2026-03-06 19:02:18,531 | 2028131 | INFO | queue[0003] trial 1 fold 4 no_physics
2026-03-06 19:02:18,531 | 2028131 | INFO | queue[0004] trial 1 fold 5 no_physics
2026-03-06 19:02:18,531 | 2028131 | INFO | queue[0005] trial 2 fold 1 no_physics
2026-03-06 19:02:18,532 | 2028131 | INFO | queue[0006] trial 2 fold 2 no_physics
2026-03-06 19:02:18,532 | 2028131 | INFO | queue[0007] trial 2 fold 3 no_physics
2026-03-06 19:02:18,532 | 2028131 | INFO | queue[0008] trial 2 fold 4 no_physics
2026-03-06 19:02:18,533 | 2028131 | INFO | queue[0009] trial 2 fold 5 no_physics
2026-03-06 19:02:18,533 | 2028131 | INFO | queue[0010] trial 3 fold 1 no_physics
2026-03-06 19:02:18,533 | 2028131 | INFO | queue[0011] trial 3 fold 2 no_physics
2026-03-06 19:02:18,534 | 2028131 | INFO | queue[0012] trial 3 fold 3 no_physics
2026-03-06 19:02:18,534 | 2028131 | INFO | queue[0013] trial 3 fold 4 no_physics
2026-03-06 19:02:18,534 | 2028131 | INFO | queue[0014] trial 3 fold 5 no_physics
2026-03-06 19:02:18,535 | 2028131 | INFO | queue[0015] trial 4 fold 1 no_physics
2026-03-06 19:02:18,535 | 2028131 | INFO | queue[0016] trial 4 fold 2 no_physics
2026-03-06 19:02:18,535 | 2028131 | INFO | queue[0017] trial 4 fold 3 no_physics
2026-03-06 19:02:18,535 | 2028131 | INFO | queue[0018] trial 4 fold 4 no_physics
2026-03-06 19:02:18,536 | 2028131 | INFO | queue[0019] trial 4 fold 5 no_physics
2026-03-06 19:02:18,536 | 2028131 | INFO | queue[0020] trial 5 fold 1 no_physics
2026-03-06 19:02:18,536 | 2028131 | INFO | queue[0021] trial 5 fold 2 no_physics
2026-03-06 19:02:18,536 | 2028131 | INFO | queue[0022] trial 5 fold 3 no_physics
2026-03-06 19:02:18,537 | 2028131 | INFO | queue[0023] trial 5 fold 4 no_physics
2026-03-06 19:02:18,537 | 2028131 | INFO | queue[0024] trial 5 fold 5 no_physics
2026-03-06 19:02:18,537 | 2028131 | INFO | queue[0025] trial 6 fold 1 no_physics
2026-03-06 19:02:18,537 | 2028131 | INFO | queue[0026] trial 6 fold 2 no_physics
2026-03-06 19:02:18,537 | 2028131 | INFO | queue[0027] trial 6 fold 3 no_physics
2026-03-06 19:02:18,537 | 2028131 | INFO | queue[0028] trial 6 fold 4 no_physics
2026-03-06 19:02:18,537 | 2028131 | INFO | queue[0029] trial 6 fold 5 no_physics
2026-03-06 19:02:18,537 | 2028131 | INFO | queue[0030] trial 7 fold 1 no_physics
2026-03-06 19:02:18,538 | 2028131 | INFO | queue[0031] trial 7 fold 2 no_physics
2026-03-06 19:02:18,538 | 2028131 | INFO | queue[0032] trial 7 fold 3 no_physics
2026-03-06 19:02:18,538 | 2028131 | INFO | queue[0033] trial 7 fold 4 no_physics
2026-03-06 19:02:18,538 | 2028131 | INFO | queue[0034] trial 7 fold 5 no_physics
2026-03-06 19:02:18,538 | 2028131 | INFO | queue[0035] trial 8 fold 1 no_physics
2026-03-06 19:02:18,538 | 2028131 | INFO | queue[0036] trial 8 fold 2 no_physics
2026-03-06 19:02:18,538 | 2028131 | INFO | queue[0037] trial 8 fold 3 no_physics
2026-03-06 19:02:18,538 | 2028131 | INFO | queue[0038] trial 8 fold 4 no_physics
2026-03-06 19:02:18,539 | 2028131 | INFO | queue[0039] trial 8 fold 5 no_physics
2026-03-06 19:02:18,539 | 2028131 | INFO | queue[0040] trial 9 fold 1 no_physics
2026-03-06 19:02:18,539 | 2028131 | INFO | queue[0041] trial 9 fold 2 no_physics
2026-03-06 19:02:18,539 | 2028131 | INFO | queue[0042] trial 9 fold 3 no_physics
2026-03-06 19:02:18,539 | 2028131 | INFO | queue[0043] trial 9 fold 4 no_physics
2026-03-06 19:02:18,539 | 2028131 | INFO | queue[0044] trial 9 fold 5 no_physics
2026-03-06 19:02:18,539 | 2028131 | INFO | [END BAYES QUEUE]
2026-03-06 19:02:18,853 | 2028131 | INFO | [ENQUEUE TRIAL] trial 10 no_physics
2026-03-06 19:02:18,854 | 2028131 | INFO | [BAYES QUEUE STATE]
2026-03-06 19:02:18,854 | 2028131 | INFO | pending_jobs = 50
2026-03-06 19:02:18,855 | 2028131 | INFO | inflight_trials = [0, 1, 2, 3, 4, 5, 6, 7, 8, 9]
2026-03-06 19:02:18,855 | 2028131 | INFO | queue[0000] trial 1 fold 1 no_physics
2026-03-06 19:02:18,855 | 2028131 | INFO | queue[0001] trial 1 fold 2 no_physics
2026-03-06 19:02:18,856 | 2028131 | INFO | queue[0002] trial 1 fold 3 no_physics
2026-03-06 19:02:18,856 | 2028131 | INFO | queue[0003] trial 1 fold 4 no_physics
2026-03-06 19:02:18,856 | 2028131 | INFO | queue[0004] trial 1 fold 5 no_physics
2026-03-06 19:02:18,857 | 2028131 | INFO | queue[0005] trial 2 fold 1 no_physics
2026-03-06 19:02:18,857 | 2028131 | INFO | queue[0006] trial 2 fold 2 no_physics
2026-03-06 19:02:18,857 | 2028131 | INFO | queue[0007] trial 2 fold 3 no_physics
2026-03-06 19:02:18,857 | 2028131 | INFO | queue[0008] trial 2 fold 4 no_physics
2026-03-06 19:02:18,858 | 2028131 | INFO | queue[0009] trial 2 fold 5 no_physics
2026-03-06 19:02:18,858 | 2028131 | INFO | queue[0010] trial 3 fold 1 no_physics
2026-03-06 19:02:18,858 | 2028131 | INFO | queue[0011] trial 3 fold 2 no_physics
2026-03-06 19:02:18,859 | 2028131 | INFO | queue[0012] trial 3 fold 3 no_physics
2026-03-06 19:02:18,859 | 2028131 | INFO | queue[0013] trial 3 fold 4 no_physics
2026-03-06 19:02:18,859 | 2028131 | INFO | queue[0014] trial 3 fold 5 no_physics
2026-03-06 19:02:18,859 | 2028131 | INFO | queue[0015] trial 4 fold 1 no_physics
2026-03-06 19:02:18,860 | 2028131 | INFO | queue[0016] trial 4 fold 2 no_physics
2026-03-06 19:02:18,860 | 2028131 | INFO | queue[0017] trial 4 fold 3 no_physics
2026-03-06 19:02:18,860 | 2028131 | INFO | queue[0018] trial 4 fold 4 no_physics
2026-03-06 19:02:18,860 | 2028131 | INFO | queue[0019] trial 4 fold 5 no_physics
2026-03-06 19:02:18,860 | 2028131 | INFO | queue[0020] trial 5 fold 1 no_physics
2026-03-06 19:02:18,860 | 2028131 | INFO | queue[0021] trial 5 fold 2 no_physics
2026-03-06 19:02:18,861 | 2028131 | INFO | queue[0022] trial 5 fold 3 no_physics
2026-03-06 19:02:18,861 | 2028131 | INFO | queue[0023] trial 5 fold 4 no_physics
2026-03-06 19:02:18,861 | 2028131 | INFO | queue[0024] trial 5 fold 5 no_physics
2026-03-06 19:02:18,861 | 2028131 | INFO | queue[0025] trial 6 fold 1 no_physics
2026-03-06 19:02:18,861 | 2028131 | INFO | queue[0026] trial 6 fold 2 no_physics
2026-03-06 19:02:18,861 | 2028131 | INFO | queue[0027] trial 6 fold 3 no_physics
2026-03-06 19:02:18,862 | 2028131 | INFO | queue[0028] trial 6 fold 4 no_physics
2026-03-06 19:02:18,862 | 2028131 | INFO | queue[0029] trial 6 fold 5 no_physics
2026-03-06 19:02:18,862 | 2028131 | INFO | queue[0030] trial 7 fold 1 no_physics
2026-03-06 19:02:18,862 | 2028131 | INFO | queue[0031] trial 7 fold 2 no_physics
2026-03-06 19:02:18,862 | 2028131 | INFO | queue[0032] trial 7 fold 3 no_physics
2026-03-06 19:02:18,862 | 2028131 | INFO | queue[0033] trial 7 fold 4 no_physics
2026-03-06 19:02:18,863 | 2028131 | INFO | queue[0034] trial 7 fold 5 no_physics
2026-03-06 19:02:18,863 | 2028131 | INFO | queue[0035] trial 8 fold 1 no_physics
2026-03-06 19:02:18,863 | 2028131 | INFO | queue[0036] trial 8 fold 2 no_physics
2026-03-06 19:02:18,863 | 2028131 | INFO | queue[0037] trial 8 fold 3 no_physics
2026-03-06 19:02:18,863 | 2028131 | INFO | queue[0038] trial 8 fold 4 no_physics
2026-03-06 19:02:18,864 | 2028131 | INFO | queue[0039] trial 8 fold 5 no_physics
2026-03-06 19:02:18,864 | 2028131 | INFO | queue[0040] trial 9 fold 1 no_physics
2026-03-06 19:02:18,864 | 2028131 | INFO | queue[0041] trial 9 fold 2 no_physics
2026-03-06 19:02:18,864 | 2028131 | INFO | queue[0042] trial 9 fold 3 no_physics
2026-03-06 19:02:18,864 | 2028131 | INFO | queue[0043] trial 9 fold 4 no_physics
2026-03-06 19:02:18,864 | 2028131 | INFO | queue[0044] trial 9 fold 5 no_physics
2026-03-06 19:02:18,865 | 2028131 | INFO | queue[0045] trial 10 fold 1 no_physics
2026-03-06 19:02:18,865 | 2028131 | INFO | queue[0046] trial 10 fold 2 no_physics
2026-03-06 19:02:18,865 | 2028131 | INFO | queue[0047] trial 10 fold 3 no_physics
2026-03-06 19:02:18,865 | 2028131 | INFO | queue[0048] trial 10 fold 4 no_physics
2026-03-06 19:02:18,865 | 2028131 | INFO | queue[0049] trial 10 fold 5 no_physics
2026-03-06 19:02:18,865 | 2028131 | INFO | [END BAYES QUEUE]
2026-03-06 19:02:19,173 | 2028131 | INFO | [ENQUEUE TRIAL] trial 11 no_physics
2026-03-06 19:02:19,174 | 2028131 | INFO | [BAYES QUEUE STATE]
2026-03-06 19:02:19,174 | 2028131 | INFO | pending_jobs = 55
2026-03-06 19:02:19,175 | 2028131 | INFO | inflight_trials = [0, 1, 2, 3, 4, 5, 6, 7, 8, 9, 10]
2026-03-06 19:02:19,175 | 2028131 | INFO | queue[0000] trial 1 fold 1 no_physics
2026-03-06 19:02:19,175 | 2028131 | INFO | queue[0001] trial 1 fold 2 no_physics
2026-03-06 19:02:19,175 | 2028131 | INFO | queue[0002] trial 1 fold 3 no_physics
2026-03-06 19:02:19,176 | 2028131 | INFO | queue[0003] trial 1 fold 4 no_physics
2026-03-06 19:02:19,176 | 2028131 | INFO | queue[0004] trial 1 fold 5 no_physics
2026-03-06 19:02:19,176 | 2028131 | INFO | queue[0005] trial 2 fold 1 no_physics
2026-03-06 19:02:19,177 | 2028131 | INFO | queue[0006] trial 2 fold 2 no_physics
2026-03-06 19:02:19,177 | 2028131 | INFO | queue[0007] trial 2 fold 3 no_physics
2026-03-06 19:02:19,177 | 2028131 | INFO | queue[0008] trial 2 fold 4 no_physics
2026-03-06 19:02:19,178 | 2028131 | INFO | queue[0009] trial 2 fold 5 no_physics
2026-03-06 19:02:19,178 | 2028131 | INFO | queue[0010] trial 3 fold 1 no_physics
2026-03-06 19:02:19,178 | 2028131 | INFO | queue[0011] trial 3 fold 2 no_physics
2026-03-06 19:02:19,179 | 2028131 | INFO | queue[0012] trial 3 fold 3 no_physics
2026-03-06 19:02:19,179 | 2028131 | INFO | queue[0013] trial 3 fold 4 no_physics
2026-03-06 19:02:19,179 | 2028131 | INFO | queue[0014] trial 3 fold 5 no_physics
2026-03-06 19:02:19,180 | 2028131 | INFO | queue[0015] trial 4 fold 1 no_physics
2026-03-06 19:02:19,180 | 2028131 | INFO | queue[0016] trial 4 fold 2 no_physics
2026-03-06 19:02:19,180 | 2028131 | INFO | queue[0017] trial 4 fold 3 no_physics
2026-03-06 19:02:19,181 | 2028131 | INFO | queue[0018] trial 4 fold 4 no_physics
2026-03-06 19:02:19,181 | 2028131 | INFO | queue[0019] trial 4 fold 5 no_physics
2026-03-06 19:02:19,181 | 2028131 | INFO | queue[0020] trial 5 fold 1 no_physics
2026-03-06 19:02:19,181 | 2028131 | INFO | queue[0021] trial 5 fold 2 no_physics
2026-03-06 19:02:19,182 | 2028131 | INFO | queue[0022] trial 5 fold 3 no_physics
2026-03-06 19:02:19,182 | 2028131 | INFO | queue[0023] trial 5 fold 4 no_physics
2026-03-06 19:02:19,182 | 2028131 | INFO | queue[0024] trial 5 fold 5 no_physics
2026-03-06 19:02:19,182 | 2028131 | INFO | queue[0025] trial 6 fold 1 no_physics
2026-03-06 19:02:19,182 | 2028131 | INFO | queue[0026] trial 6 fold 2 no_physics
2026-03-06 19:02:19,182 | 2028131 | INFO | queue[0027] trial 6 fold 3 no_physics
2026-03-06 19:02:19,182 | 2028131 | INFO | queue[0028] trial 6 fold 4 no_physics
2026-03-06 19:02:19,183 | 2028131 | INFO | queue[0029] trial 6 fold 5 no_physics
2026-03-06 19:02:19,183 | 2028131 | INFO | queue[0030] trial 7 fold 1 no_physics
2026-03-06 19:02:19,183 | 2028131 | INFO | queue[0031] trial 7 fold 2 no_physics
2026-03-06 19:02:19,183 | 2028131 | INFO | queue[0032] trial 7 fold 3 no_physics
2026-03-06 19:02:19,183 | 2028131 | INFO | queue[0033] trial 7 fold 4 no_physics
2026-03-06 19:02:19,183 | 2028131 | INFO | queue[0034] trial 7 fold 5 no_physics
2026-03-06 19:02:19,183 | 2028131 | INFO | queue[0035] trial 8 fold 1 no_physics
2026-03-06 19:02:19,184 | 2028131 | INFO | queue[0036] trial 8 fold 2 no_physics
2026-03-06 19:02:19,184 | 2028131 | INFO | queue[0037] trial 8 fold 3 no_physics
2026-03-06 19:02:19,184 | 2028131 | INFO | queue[0038] trial 8 fold 4 no_physics
2026-03-06 19:02:19,184 | 2028131 | INFO | queue[0039] trial 8 fold 5 no_physics
2026-03-06 19:02:19,184 | 2028131 | INFO | queue[0040] trial 9 fold 1 no_physics
2026-03-06 19:02:19,184 | 2028131 | INFO | queue[0041] trial 9 fold 2 no_physics
2026-03-06 19:02:19,184 | 2028131 | INFO | queue[0042] trial 9 fold 3 no_physics
2026-03-06 19:02:19,184 | 2028131 | INFO | queue[0043] trial 9 fold 4 no_physics
2026-03-06 19:02:19,185 | 2028131 | INFO | queue[0044] trial 9 fold 5 no_physics
2026-03-06 19:02:19,185 | 2028131 | INFO | queue[0045] trial 10 fold 1 no_physics
2026-03-06 19:02:19,185 | 2028131 | INFO | queue[0046] trial 10 fold 2 no_physics
2026-03-06 19:02:19,185 | 2028131 | INFO | queue[0047] trial 10 fold 3 no_physics
2026-03-06 19:02:19,185 | 2028131 | INFO | queue[0048] trial 10 fold 4 no_physics
2026-03-06 19:02:19,185 | 2028131 | INFO | queue[0049] trial 10 fold 5 no_physics
2026-03-06 19:02:19,185 | 2028131 | INFO | queue[0050] trial 11 fold 1 no_physics
2026-03-06 19:02:19,185 | 2028131 | INFO | queue[0051] trial 11 fold 2 no_physics
2026-03-06 19:02:19,186 | 2028131 | INFO | queue[0052] trial 11 fold 3 no_physics
2026-03-06 19:02:19,186 | 2028131 | INFO | queue[0053] trial 11 fold 4 no_physics
2026-03-06 19:02:19,186 | 2028131 | INFO | queue[0054] trial 11 fold 5 no_physics
2026-03-06 19:02:19,186 | 2028131 | INFO | [END BAYES QUEUE]
2026-03-06 19:02:19,534 | 2028131 | INFO | [ENQUEUE TRIAL] trial 12 no_physics
2026-03-06 19:02:19,545 | 2028131 | INFO | [BAYES QUEUE STATE]
2026-03-06 19:02:19,546 | 2028131 | INFO | pending_jobs = 60
2026-03-06 19:02:19,546 | 2028131 | INFO | inflight_trials = [0, 1, 2, 3, 4, 5, 6, 7, 8, 9, 10, 11]
2026-03-06 19:02:19,546 | 2028131 | INFO | queue[0000] trial 1 fold 1 no_physics
2026-03-06 19:02:19,547 | 2028131 | INFO | queue[0001] trial 1 fold 2 no_physics
2026-03-06 19:02:19,547 | 2028131 | INFO | queue[0002] trial 1 fold 3 no_physics
2026-03-06 19:02:19,547 | 2028131 | INFO | queue[0003] trial 1 fold 4 no_physics
2026-03-06 19:02:19,548 | 2028131 | INFO | queue[0004] trial 1 fold 5 no_physics
2026-03-06 19:02:19,548 | 2028131 | INFO | queue[0005] trial 2 fold 1 no_physics
2026-03-06 19:02:19,548 | 2028131 | INFO | queue[0006] trial 2 fold 2 no_physics
2026-03-06 19:02:19,548 | 2028131 | INFO | queue[0007] trial 2 fold 3 no_physics
2026-03-06 19:02:19,549 | 2028131 | INFO | queue[0008] trial 2 fold 4 no_physics
2026-03-06 19:02:19,549 | 2028131 | INFO | queue[0009] trial 2 fold 5 no_physics
2026-03-06 19:02:19,549 | 2028131 | INFO | queue[0010] trial 3 fold 1 no_physics
2026-03-06 19:02:19,550 | 2028131 | INFO | queue[0011] trial 3 fold 2 no_physics
2026-03-06 19:02:19,550 | 2028131 | INFO | queue[0012] trial 3 fold 3 no_physics
2026-03-06 19:02:19,550 | 2028131 | INFO | queue[0013] trial 3 fold 4 no_physics
2026-03-06 19:02:19,551 | 2028131 | INFO | queue[0014] trial 3 fold 5 no_physics
2026-03-06 19:02:19,551 | 2028131 | INFO | queue[0015] trial 4 fold 1 no_physics
2026-03-06 19:02:19,551 | 2028131 | INFO | queue[0016] trial 4 fold 2 no_physics
2026-03-06 19:02:19,552 | 2028131 | INFO | queue[0017] trial 4 fold 3 no_physics
2026-03-06 19:02:19,552 | 2028131 | INFO | queue[0018] trial 4 fold 4 no_physics
2026-03-06 19:02:19,552 | 2028131 | INFO | queue[0019] trial 4 fold 5 no_physics
2026-03-06 19:02:19,553 | 2028131 | INFO | queue[0020] trial 5 fold 1 no_physics
2026-03-06 19:02:19,553 | 2028131 | INFO | queue[0021] trial 5 fold 2 no_physics
2026-03-06 19:02:19,553 | 2028131 | INFO | queue[0022] trial 5 fold 3 no_physics
2026-03-06 19:02:19,553 | 2028131 | INFO | queue[0023] trial 5 fold 4 no_physics
2026-03-06 19:02:19,553 | 2028131 | INFO | queue[0024] trial 5 fold 5 no_physics
2026-03-06 19:02:19,553 | 2028131 | INFO | queue[0025] trial 6 fold 1 no_physics
2026-03-06 19:02:19,553 | 2028131 | INFO | queue[0026] trial 6 fold 2 no_physics
2026-03-06 19:02:19,553 | 2028131 | INFO | queue[0027] trial 6 fold 3 no_physics
2026-03-06 19:02:19,554 | 2028131 | INFO | queue[0028] trial 6 fold 4 no_physics
2026-03-06 19:02:19,554 | 2028131 | INFO | queue[0029] trial 6 fold 5 no_physics
2026-03-06 19:02:19,554 | 2028131 | INFO | queue[0030] trial 7 fold 1 no_physics
2026-03-06 19:02:19,554 | 2028131 | INFO | queue[0031] trial 7 fold 2 no_physics
2026-03-06 19:02:19,554 | 2028131 | INFO | queue[0032] trial 7 fold 3 no_physics
2026-03-06 19:02:19,554 | 2028131 | INFO | queue[0033] trial 7 fold 4 no_physics
2026-03-06 19:02:19,554 | 2028131 | INFO | queue[0034] trial 7 fold 5 no_physics
2026-03-06 19:02:19,555 | 2028131 | INFO | queue[0035] trial 8 fold 1 no_physics
2026-03-06 19:02:19,555 | 2028131 | INFO | queue[0036] trial 8 fold 2 no_physics
2026-03-06 19:02:19,555 | 2028131 | INFO | queue[0037] trial 8 fold 3 no_physics
2026-03-06 19:02:19,555 | 2028131 | INFO | queue[0038] trial 8 fold 4 no_physics
2026-03-06 19:02:19,555 | 2028131 | INFO | queue[0039] trial 8 fold 5 no_physics
2026-03-06 19:02:19,555 | 2028131 | INFO | queue[0040] trial 9 fold 1 no_physics
2026-03-06 19:02:19,555 | 2028131 | INFO | queue[0041] trial 9 fold 2 no_physics
2026-03-06 19:02:19,556 | 2028131 | INFO | queue[0042] trial 9 fold 3 no_physics
2026-03-06 19:02:19,556 | 2028131 | INFO | queue[0043] trial 9 fold 4 no_physics
2026-03-06 19:02:19,556 | 2028131 | INFO | queue[0044] trial 9 fold 5 no_physics
2026-03-06 19:02:19,556 | 2028131 | INFO | queue[0045] trial 10 fold 1 no_physics
2026-03-06 19:02:19,556 | 2028131 | INFO | queue[0046] trial 10 fold 2 no_physics
2026-03-06 19:02:19,556 | 2028131 | INFO | queue[0047] trial 10 fold 3 no_physics
2026-03-06 19:02:19,556 | 2028131 | INFO | queue[0048] trial 10 fold 4 no_physics
2026-03-06 19:02:19,556 | 2028131 | INFO | queue[0049] trial 10 fold 5 no_physics
2026-03-06 19:02:19,557 | 2028131 | INFO | queue[0050] trial 11 fold 1 no_physics
2026-03-06 19:02:19,557 | 2028131 | INFO | queue[0051] trial 11 fold 2 no_physics
2026-03-06 19:02:19,557 | 2028131 | INFO | queue[0052] trial 11 fold 3 no_physics
2026-03-06 19:02:19,557 | 2028131 | INFO | queue[0053] trial 11 fold 4 no_physics
2026-03-06 19:02:19,557 | 2028131 | INFO | queue[0054] trial 11 fold 5 no_physics
2026-03-06 19:02:19,557 | 2028131 | INFO | queue[0055] trial 12 fold 1 no_physics
2026-03-06 19:02:19,557 | 2028131 | INFO | queue[0056] trial 12 fold 2 no_physics
2026-03-06 19:02:19,558 | 2028131 | INFO | queue[0057] trial 12 fold 3 no_physics
2026-03-06 19:02:19,558 | 2028131 | INFO | queue[0058] trial 12 fold 4 no_physics
2026-03-06 19:02:19,558 | 2028131 | INFO | queue[0059] trial 12 fold 5 no_physics
2026-03-06 19:02:19,558 | 2028131 | INFO | [END BAYES QUEUE]
2026-03-06 19:31:03,775 | 2028131 | INFO | [TRIAL COMPLETE] trial 5 no_physics NSE_1D=0.88512 NSE_1H=0.81931
2026-03-06 19:31:04,069 | 2028131 | INFO | [ENQUEUE TRIAL] trial 13 no_physics
2026-03-06 19:31:04,070 | 2028131 | INFO | [BAYES QUEUE STATE]
2026-03-06 19:31:04,070 | 2028131 | INFO | pending_jobs = 5
2026-03-06 19:31:04,071 | 2028131 | INFO | inflight_trials = [0, 1, 2, 3, 5, 6, 7, 8, 9, 10, 11, 12]
2026-03-06 19:31:04,071 | 2028131 | INFO | queue[0000] trial 13 fold 1 no_physics
2026-03-06 19:31:04,071 | 2028131 | INFO | queue[0001] trial 13 fold 2 no_physics
2026-03-06 19:31:04,072 | 2028131 | INFO | queue[0002] trial 13 fold 3 no_physics
2026-03-06 19:31:04,072 | 2028131 | INFO | queue[0003] trial 13 fold 4 no_physics
2026-03-06 19:31:04,072 | 2028131 | INFO | queue[0004] trial 13 fold 5 no_physics
2026-03-06 19:31:04,073 | 2028131 | INFO | [END BAYES QUEUE]
2026-03-06 19:31:04,372 | 2028131 | INFO | [ENQUEUE TRIAL] trial 14 no_physics
2026-03-06 19:31:04,372 | 2028131 | INFO | [BAYES QUEUE STATE]
2026-03-06 19:31:04,373 | 2028131 | INFO | pending_jobs = 10
2026-03-06 19:31:04,373 | 2028131 | INFO | inflight_trials = [0, 1, 2, 3, 5, 6, 7, 8, 9, 10, 11, 12, 13]
2026-03-06 19:31:04,374 | 2028131 | INFO | queue[0000] trial 13 fold 1 no_physics
2026-03-06 19:31:04,374 | 2028131 | INFO | queue[0001] trial 13 fold 2 no_physics
2026-03-06 19:31:04,374 | 2028131 | INFO | queue[0002] trial 13 fold 3 no_physics
2026-03-06 19:31:04,375 | 2028131 | INFO | queue[0003] trial 13 fold 4 no_physics
2026-03-06 19:31:04,375 | 2028131 | INFO | queue[0004] trial 13 fold 5 no_physics
2026-03-06 19:31:04,375 | 2028131 | INFO | queue[0005] trial 14 fold 1 no_physics
2026-03-06 19:31:04,376 | 2028131 | INFO | queue[0006] trial 14 fold 2 no_physics
2026-03-06 19:31:04,376 | 2028131 | INFO | queue[0007] trial 14 fold 3 no_physics
2026-03-06 19:31:04,376 | 2028131 | INFO | queue[0008] trial 14 fold 4 no_physics
2026-03-06 19:31:04,377 | 2028131 | INFO | queue[0009] trial 14 fold 5 no_physics
2026-03-06 19:31:04,377 | 2028131 | INFO | [END BAYES QUEUE]
2026-03-06 19:31:04,674 | 2028131 | INFO | [ENQUEUE TRIAL] trial 15 no_physics
2026-03-06 19:31:04,674 | 2028131 | INFO | [BAYES QUEUE STATE]
2026-03-06 19:31:04,675 | 2028131 | INFO | pending_jobs = 15
2026-03-06 19:31:04,675 | 2028131 | INFO | inflight_trials = [0, 1, 2, 3, 5, 6, 7, 8, 9, 10, 11, 12, 13, 14]
2026-03-06 19:31:04,675 | 2028131 | INFO | queue[0000] trial 13 fold 1 no_physics
2026-03-06 19:31:04,676 | 2028131 | INFO | queue[0001] trial 13 fold 2 no_physics
2026-03-06 19:31:04,676 | 2028131 | INFO | queue[0002] trial 13 fold 3 no_physics
2026-03-06 19:31:04,676 | 2028131 | INFO | queue[0003] trial 13 fold 4 no_physics
2026-03-06 19:31:04,677 | 2028131 | INFO | queue[0004] trial 13 fold 5 no_physics
2026-03-06 19:31:04,677 | 2028131 | INFO | queue[0005] trial 14 fold 1 no_physics
2026-03-06 19:31:04,677 | 2028131 | INFO | queue[0006] trial 14 fold 2 no_physics
2026-03-06 19:31:04,677 | 2028131 | INFO | queue[0007] trial 14 fold 3 no_physics
2026-03-06 19:31:04,678 | 2028131 | INFO | queue[0008] trial 14 fold 4 no_physics
2026-03-06 19:31:04,678 | 2028131 | INFO | queue[0009] trial 14 fold 5 no_physics
2026-03-06 19:31:04,678 | 2028131 | INFO | queue[0010] trial 15 fold 1 no_physics
2026-03-06 19:31:04,679 | 2028131 | INFO | queue[0011] trial 15 fold 2 no_physics
2026-03-06 19:31:04,679 | 2028131 | INFO | queue[0012] trial 15 fold 3 no_physics
2026-03-06 19:31:04,679 | 2028131 | INFO | queue[0013] trial 15 fold 4 no_physics
2026-03-06 19:31:04,680 | 2028131 | INFO | queue[0014] trial 15 fold 5 no_physics
2026-03-06 19:31:04,680 | 2028131 | INFO | [END BAYES QUEUE]
2026-03-06 19:31:04,986 | 2028131 | INFO | [ENQUEUE TRIAL] trial 16 no_physics
2026-03-06 19:31:04,988 | 2028131 | INFO | [BAYES QUEUE STATE]
2026-03-06 19:31:04,989 | 2028131 | INFO | pending_jobs = 20
2026-03-06 19:31:04,989 | 2028131 | INFO | inflight_trials = [0, 1, 2, 3, 5, 6, 7, 8, 9, 10, 11, 12, 13, 14, 15]
2026-03-06 19:31:04,989 | 2028131 | INFO | queue[0000] trial 13 fold 1 no_physics
2026-03-06 19:31:04,990 | 2028131 | INFO | queue[0001] trial 13 fold 2 no_physics
2026-03-06 19:31:04,990 | 2028131 | INFO | queue[0002] trial 13 fold 3 no_physics
2026-03-06 19:31:04,990 | 2028131 | INFO | queue[0003] trial 13 fold 4 no_physics
2026-03-06 19:31:04,991 | 2028131 | INFO | queue[0004] trial 13 fold 5 no_physics
2026-03-06 19:31:04,991 | 2028131 | INFO | queue[0005] trial 14 fold 1 no_physics
2026-03-06 19:31:04,992 | 2028131 | INFO | queue[0006] trial 14 fold 2 no_physics
2026-03-06 19:31:04,992 | 2028131 | INFO | queue[0007] trial 14 fold 3 no_physics
2026-03-06 19:31:04,992 | 2028131 | INFO | queue[0008] trial 14 fold 4 no_physics
2026-03-06 19:31:04,993 | 2028131 | INFO | queue[0009] trial 14 fold 5 no_physics
2026-03-06 19:31:04,993 | 2028131 | INFO | queue[0010] trial 15 fold 1 no_physics
2026-03-06 19:31:04,993 | 2028131 | INFO | queue[0011] trial 15 fold 2 no_physics
2026-03-06 19:31:04,994 | 2028131 | INFO | queue[0012] trial 15 fold 3 no_physics
2026-03-06 19:31:04,994 | 2028131 | INFO | queue[0013] trial 15 fold 4 no_physics
2026-03-06 19:31:04,994 | 2028131 | INFO | queue[0014] trial 15 fold 5 no_physics
2026-03-06 19:31:04,995 | 2028131 | INFO | queue[0015] trial 16 fold 1 no_physics
2026-03-06 19:31:04,995 | 2028131 | INFO | queue[0016] trial 16 fold 2 no_physics
2026-03-06 19:31:04,995 | 2028131 | INFO | queue[0017] trial 16 fold 3 no_physics
2026-03-06 19:31:04,996 | 2028131 | INFO | queue[0018] trial 16 fold 4 no_physics
2026-03-06 19:31:04,996 | 2028131 | INFO | queue[0019] trial 16 fold 5 no_physics
2026-03-06 19:31:04,996 | 2028131 | INFO | [END BAYES QUEUE]
2026-03-06 19:31:05,272 | 2028131 | INFO | [ENQUEUE TRIAL] trial 17 no_physics
2026-03-06 19:31:05,273 | 2028131 | INFO | [BAYES QUEUE STATE]
2026-03-06 19:31:05,273 | 2028131 | INFO | pending_jobs = 25
2026-03-06 19:31:05,273 | 2028131 | INFO | inflight_trials = [0, 1, 2, 3, 5, 6, 7, 8, 9, 10, 11, 12, 13, 14, 15, 16]
2026-03-06 19:31:05,274 | 2028131 | INFO | queue[0000] trial 13 fold 1 no_physics
2026-03-06 19:31:05,274 | 2028131 | INFO | queue[0001] trial 13 fold 2 no_physics
2026-03-06 19:31:05,274 | 2028131 | INFO | queue[0002] trial 13 fold 3 no_physics
2026-03-06 19:31:05,275 | 2028131 | INFO | queue[0003] trial 13 fold 4 no_physics
2026-03-06 19:31:05,275 | 2028131 | INFO | queue[0004] trial 13 fold 5 no_physics
2026-03-06 19:31:05,275 | 2028131 | INFO | queue[0005] trial 14 fold 1 no_physics
2026-03-06 19:31:05,276 | 2028131 | INFO | queue[0006] trial 14 fold 2 no_physics
2026-03-06 19:31:05,276 | 2028131 | INFO | queue[0007] trial 14 fold 3 no_physics
2026-03-06 19:31:05,276 | 2028131 | INFO | queue[0008] trial 14 fold 4 no_physics
2026-03-06 19:31:05,277 | 2028131 | INFO | queue[0009] trial 14 fold 5 no_physics
2026-03-06 19:31:05,277 | 2028131 | INFO | queue[0010] trial 15 fold 1 no_physics
2026-03-06 19:31:05,277 | 2028131 | INFO | queue[0011] trial 15 fold 2 no_physics
2026-03-06 19:31:05,278 | 2028131 | INFO | queue[0012] trial 15 fold 3 no_physics
2026-03-06 19:31:05,280 | 2028131 | INFO | queue[0013] trial 15 fold 4 no_physics
2026-03-06 19:31:05,283 | 2028131 | INFO | queue[0014] trial 15 fold 5 no_physics
2026-03-06 19:31:05,283 | 2028131 | INFO | queue[0015] trial 16 fold 1 no_physics
2026-03-06 19:31:05,283 | 2028131 | INFO | queue[0016] trial 16 fold 2 no_physics
2026-03-06 19:31:05,283 | 2028131 | INFO | queue[0017] trial 16 fold 3 no_physics
2026-03-06 19:31:05,284 | 2028131 | INFO | queue[0018] trial 16 fold 4 no_physics
2026-03-06 19:31:05,284 | 2028131 | INFO | queue[0019] trial 16 fold 5 no_physics
2026-03-06 19:31:05,284 | 2028131 | INFO | queue[0020] trial 17 fold 1 no_physics
2026-03-06 19:31:05,284 | 2028131 | INFO | queue[0021] trial 17 fold 2 no_physics
2026-03-06 19:31:05,284 | 2028131 | INFO | queue[0022] trial 17 fold 3 no_physics
2026-03-06 19:31:05,284 | 2028131 | INFO | queue[0023] trial 17 fold 4 no_physics
2026-03-06 19:31:05,285 | 2028131 | INFO | queue[0024] trial 17 fold 5 no_physics
2026-03-06 19:31:05,285 | 2028131 | INFO | [END BAYES QUEUE]
2026-03-06 19:31:05,585 | 2028131 | INFO | [ENQUEUE TRIAL] trial 18 no_physics
2026-03-06 19:31:05,586 | 2028131 | INFO | [BAYES QUEUE STATE]
2026-03-06 19:31:05,586 | 2028131 | INFO | pending_jobs = 30
2026-03-06 19:31:05,587 | 2028131 | INFO | inflight_trials = [0, 1, 2, 3, 5, 6, 7, 8, 9, 10, 11, 12, 13, 14, 15, 16, 17]
2026-03-06 19:31:05,587 | 2028131 | INFO | queue[0000] trial 13 fold 1 no_physics
2026-03-06 19:31:05,587 | 2028131 | INFO | queue[0001] trial 13 fold 2 no_physics
2026-03-06 19:31:05,588 | 2028131 | INFO | queue[0002] trial 13 fold 3 no_physics
2026-03-06 19:31:05,588 | 2028131 | INFO | queue[0003] trial 13 fold 4 no_physics
2026-03-06 19:31:05,588 | 2028131 | INFO | queue[0004] trial 13 fold 5 no_physics
2026-03-06 19:31:05,589 | 2028131 | INFO | queue[0005] trial 14 fold 1 no_physics
2026-03-06 19:31:05,589 | 2028131 | INFO | queue[0006] trial 14 fold 2 no_physics
2026-03-06 19:31:05,589 | 2028131 | INFO | queue[0007] trial 14 fold 3 no_physics
2026-03-06 19:31:05,589 | 2028131 | INFO | queue[0008] trial 14 fold 4 no_physics
2026-03-06 19:31:05,590 | 2028131 | INFO | queue[0009] trial 14 fold 5 no_physics
2026-03-06 19:31:05,590 | 2028131 | INFO | queue[0010] trial 15 fold 1 no_physics
2026-03-06 19:31:05,591 | 2028131 | INFO | queue[0011] trial 15 fold 2 no_physics
2026-03-06 19:31:05,591 | 2028131 | INFO | queue[0012] trial 15 fold 3 no_physics
2026-03-06 19:31:05,591 | 2028131 | INFO | queue[0013] trial 15 fold 4 no_physics
2026-03-06 19:31:05,592 | 2028131 | INFO | queue[0014] trial 15 fold 5 no_physics
2026-03-06 19:31:05,592 | 2028131 | INFO | queue[0015] trial 16 fold 1 no_physics
2026-03-06 19:31:05,592 | 2028131 | INFO | queue[0016] trial 16 fold 2 no_physics
2026-03-06 19:31:05,593 | 2028131 | INFO | queue[0017] trial 16 fold 3 no_physics
2026-03-06 19:31:05,593 | 2028131 | INFO | queue[0018] trial 16 fold 4 no_physics
2026-03-06 19:31:05,593 | 2028131 | INFO | queue[0019] trial 16 fold 5 no_physics
2026-03-06 19:31:05,593 | 2028131 | INFO | queue[0020] trial 17 fold 1 no_physics
2026-03-06 19:31:05,594 | 2028131 | INFO | queue[0021] trial 17 fold 2 no_physics
2026-03-06 19:31:05,594 | 2028131 | INFO | queue[0022] trial 17 fold 3 no_physics
2026-03-06 19:31:05,594 | 2028131 | INFO | queue[0023] trial 17 fold 4 no_physics
2026-03-06 19:31:05,594 | 2028131 | INFO | queue[0024] trial 17 fold 5 no_physics
2026-03-06 19:31:05,594 | 2028131 | INFO | queue[0025] trial 18 fold 1 no_physics
2026-03-06 19:31:05,594 | 2028131 | INFO | queue[0026] trial 18 fold 2 no_physics
2026-03-06 19:31:05,594 | 2028131 | INFO | queue[0027] trial 18 fold 3 no_physics
2026-03-06 19:31:05,595 | 2028131 | INFO | queue[0028] trial 18 fold 4 no_physics
2026-03-06 19:31:05,595 | 2028131 | INFO | queue[0029] trial 18 fold 5 no_physics
2026-03-06 19:31:05,595 | 2028131 | INFO | [END BAYES QUEUE]
2026-03-06 19:31:05,896 | 2028131 | INFO | [ENQUEUE TRIAL] trial 19 no_physics
2026-03-06 19:31:05,897 | 2028131 | INFO | [BAYES QUEUE STATE]
2026-03-06 19:31:05,897 | 2028131 | INFO | pending_jobs = 35
2026-03-06 19:31:05,897 | 2028131 | INFO | inflight_trials = [0, 1, 2, 3, 5, 6, 7, 8, 9, 10, 11, 12, 13, 14, 15, 16, 17, 18]
2026-03-06 19:31:05,898 | 2028131 | INFO | queue[0000] trial 13 fold 1 no_physics
2026-03-06 19:31:05,898 | 2028131 | INFO | queue[0001] trial 13 fold 2 no_physics
2026-03-06 19:31:05,898 | 2028131 | INFO | queue[0002] trial 13 fold 3 no_physics
2026-03-06 19:31:05,899 | 2028131 | INFO | queue[0003] trial 13 fold 4 no_physics
2026-03-06 19:31:05,899 | 2028131 | INFO | queue[0004] trial 13 fold 5 no_physics
2026-03-06 19:31:05,899 | 2028131 | INFO | queue[0005] trial 14 fold 1 no_physics
2026-03-06 19:31:05,900 | 2028131 | INFO | queue[0006] trial 14 fold 2 no_physics
2026-03-06 19:31:05,900 | 2028131 | INFO | queue[0007] trial 14 fold 3 no_physics
2026-03-06 19:31:05,900 | 2028131 | INFO | queue[0008] trial 14 fold 4 no_physics
2026-03-06 19:31:05,901 | 2028131 | INFO | queue[0009] trial 14 fold 5 no_physics
2026-03-06 19:31:05,901 | 2028131 | INFO | queue[0010] trial 15 fold 1 no_physics
2026-03-06 19:31:05,901 | 2028131 | INFO | queue[0011] trial 15 fold 2 no_physics
2026-03-06 19:31:05,901 | 2028131 | INFO | queue[0012] trial 15 fold 3 no_physics
2026-03-06 19:31:05,902 | 2028131 | INFO | queue[0013] trial 15 fold 4 no_physics
2026-03-06 19:31:05,902 | 2028131 | INFO | queue[0014] trial 15 fold 5 no_physics
2026-03-06 19:31:05,902 | 2028131 | INFO | queue[0015] trial 16 fold 1 no_physics
2026-03-06 19:31:05,902 | 2028131 | INFO | queue[0016] trial 16 fold 2 no_physics
2026-03-06 19:31:05,902 | 2028131 | INFO | queue[0017] trial 16 fold 3 no_physics
2026-03-06 19:31:05,903 | 2028131 | INFO | queue[0018] trial 16 fold 4 no_physics
2026-03-06 19:31:05,903 | 2028131 | INFO | queue[0019] trial 16 fold 5 no_physics
2026-03-06 19:31:05,903 | 2028131 | INFO | queue[0020] trial 17 fold 1 no_physics
2026-03-06 19:31:05,903 | 2028131 | INFO | queue[0021] trial 17 fold 2 no_physics
2026-03-06 19:31:05,903 | 2028131 | INFO | queue[0022] trial 17 fold 3 no_physics
2026-03-06 19:31:05,903 | 2028131 | INFO | queue[0023] trial 17 fold 4 no_physics
2026-03-06 19:31:05,904 | 2028131 | INFO | queue[0024] trial 17 fold 5 no_physics
2026-03-06 19:31:05,904 | 2028131 | INFO | queue[0025] trial 18 fold 1 no_physics
2026-03-06 19:31:05,904 | 2028131 | INFO | queue[0026] trial 18 fold 2 no_physics
2026-03-06 19:31:05,904 | 2028131 | INFO | queue[0027] trial 18 fold 3 no_physics
2026-03-06 19:31:05,904 | 2028131 | INFO | queue[0028] trial 18 fold 4 no_physics
2026-03-06 19:31:05,905 | 2028131 | INFO | queue[0029] trial 18 fold 5 no_physics
2026-03-06 19:31:05,905 | 2028131 | INFO | queue[0030] trial 19 fold 1 no_physics
2026-03-06 19:31:05,905 | 2028131 | INFO | queue[0031] trial 19 fold 2 no_physics
2026-03-06 19:31:05,905 | 2028131 | INFO | queue[0032] trial 19 fold 3 no_physics
2026-03-06 19:31:05,905 | 2028131 | INFO | queue[0033] trial 19 fold 4 no_physics
2026-03-06 19:31:05,906 | 2028131 | INFO | queue[0034] trial 19 fold 5 no_physics
2026-03-06 19:31:05,906 | 2028131 | INFO | [END BAYES QUEUE]
2026-03-06 19:31:06,201 | 2028131 | INFO | [ENQUEUE TRIAL] trial 20 no_physics
2026-03-06 19:31:06,204 | 2028131 | INFO | [BAYES QUEUE STATE]
2026-03-06 19:31:06,204 | 2028131 | INFO | pending_jobs = 40
2026-03-06 19:31:06,205 | 2028131 | INFO | inflight_trials = [0, 1, 2, 3, 5, 6, 7, 8, 9, 10, 11, 12, 13, 14, 15, 16, 17, 18, 19]
2026-03-06 19:31:06,205 | 2028131 | INFO | queue[0000] trial 13 fold 1 no_physics
2026-03-06 19:31:06,205 | 2028131 | INFO | queue[0001] trial 13 fold 2 no_physics
2026-03-06 19:31:06,206 | 2028131 | INFO | queue[0002] trial 13 fold 3 no_physics
2026-03-06 19:31:06,206 | 2028131 | INFO | queue[0003] trial 13 fold 4 no_physics
2026-03-06 19:31:06,206 | 2028131 | INFO | queue[0004] trial 13 fold 5 no_physics
2026-03-06 19:31:06,207 | 2028131 | INFO | queue[0005] trial 14 fold 1 no_physics
2026-03-06 19:31:06,207 | 2028131 | INFO | queue[0006] trial 14 fold 2 no_physics
2026-03-06 19:31:06,207 | 2028131 | INFO | queue[0007] trial 14 fold 3 no_physics
2026-03-06 19:31:06,208 | 2028131 | INFO | queue[0008] trial 14 fold 4 no_physics
2026-03-06 19:31:06,208 | 2028131 | INFO | queue[0009] trial 14 fold 5 no_physics
2026-03-06 19:31:06,208 | 2028131 | INFO | queue[0010] trial 15 fold 1 no_physics
2026-03-06 19:31:06,208 | 2028131 | INFO | queue[0011] trial 15 fold 2 no_physics
2026-03-06 19:31:06,209 | 2028131 | INFO | queue[0012] trial 15 fold 3 no_physics
2026-03-06 19:31:06,209 | 2028131 | INFO | queue[0013] trial 15 fold 4 no_physics
2026-03-06 19:31:06,209 | 2028131 | INFO | queue[0014] trial 15 fold 5 no_physics
2026-03-06 19:31:06,209 | 2028131 | INFO | queue[0015] trial 16 fold 1 no_physics
2026-03-06 19:31:06,210 | 2028131 | INFO | queue[0016] trial 16 fold 2 no_physics
2026-03-06 19:31:06,210 | 2028131 | INFO | queue[0017] trial 16 fold 3 no_physics
2026-03-06 19:31:06,210 | 2028131 | INFO | queue[0018] trial 16 fold 4 no_physics
2026-03-06 19:31:06,210 | 2028131 | INFO | queue[0019] trial 16 fold 5 no_physics
2026-03-06 19:31:06,211 | 2028131 | INFO | queue[0020] trial 17 fold 1 no_physics
2026-03-06 19:31:06,211 | 2028131 | INFO | queue[0021] trial 17 fold 2 no_physics
2026-03-06 19:31:06,211 | 2028131 | INFO | queue[0022] trial 17 fold 3 no_physics
2026-03-06 19:31:06,212 | 2028131 | INFO | queue[0023] trial 17 fold 4 no_physics
2026-03-06 19:31:06,212 | 2028131 | INFO | queue[0024] trial 17 fold 5 no_physics
2026-03-06 19:31:06,212 | 2028131 | INFO | queue[0025] trial 18 fold 1 no_physics
2026-03-06 19:31:06,212 | 2028131 | INFO | queue[0026] trial 18 fold 2 no_physics
2026-03-06 19:31:06,213 | 2028131 | INFO | queue[0027] trial 18 fold 3 no_physics
2026-03-06 19:31:06,213 | 2028131 | INFO | queue[0028] trial 18 fold 4 no_physics
2026-03-06 19:31:06,213 | 2028131 | INFO | queue[0029] trial 18 fold 5 no_physics
2026-03-06 19:31:06,213 | 2028131 | INFO | queue[0030] trial 19 fold 1 no_physics
2026-03-06 19:31:06,214 | 2028131 | INFO | queue[0031] trial 19 fold 2 no_physics
2026-03-06 19:31:06,214 | 2028131 | INFO | queue[0032] trial 19 fold 3 no_physics
2026-03-06 19:31:06,214 | 2028131 | INFO | queue[0033] trial 19 fold 4 no_physics
2026-03-06 19:31:06,214 | 2028131 | INFO | queue[0034] trial 19 fold 5 no_physics
2026-03-06 19:31:06,214 | 2028131 | INFO | queue[0035] trial 20 fold 1 no_physics
2026-03-06 19:31:06,215 | 2028131 | INFO | queue[0036] trial 20 fold 2 no_physics
2026-03-06 19:31:06,215 | 2028131 | INFO | queue[0037] trial 20 fold 3 no_physics
2026-03-06 19:31:06,215 | 2028131 | INFO | queue[0038] trial 20 fold 4 no_physics
2026-03-06 19:31:06,215 | 2028131 | INFO | queue[0039] trial 20 fold 5 no_physics
2026-03-06 19:31:06,215 | 2028131 | INFO | [END BAYES QUEUE]
2026-03-06 19:31:06,515 | 2028131 | INFO | [ENQUEUE TRIAL] trial 21 no_physics
2026-03-06 19:31:06,515 | 2028131 | INFO | [BAYES QUEUE STATE]
2026-03-06 19:31:06,516 | 2028131 | INFO | pending_jobs = 45
2026-03-06 19:31:06,516 | 2028131 | INFO | inflight_trials = [0, 1, 2, 3, 5, 6, 7, 8, 9, 10, 11, 12, 13, 14, 15, 16, 17, 18, 19, 20]
2026-03-06 19:31:06,516 | 2028131 | INFO | queue[0000] trial 13 fold 1 no_physics
2026-03-06 19:31:06,517 | 2028131 | INFO | queue[0001] trial 13 fold 2 no_physics
2026-03-06 19:31:06,517 | 2028131 | INFO | queue[0002] trial 13 fold 3 no_physics
2026-03-06 19:31:06,517 | 2028131 | INFO | queue[0003] trial 13 fold 4 no_physics
2026-03-06 19:31:06,517 | 2028131 | INFO | queue[0004] trial 13 fold 5 no_physics
2026-03-06 19:31:06,518 | 2028131 | INFO | queue[0005] trial 14 fold 1 no_physics
2026-03-06 19:31:06,518 | 2028131 | INFO | queue[0006] trial 14 fold 2 no_physics
2026-03-06 19:31:06,518 | 2028131 | INFO | queue[0007] trial 14 fold 3 no_physics
2026-03-06 19:31:06,519 | 2028131 | INFO | queue[0008] trial 14 fold 4 no_physics
2026-03-06 19:31:06,519 | 2028131 | INFO | queue[0009] trial 14 fold 5 no_physics
2026-03-06 19:31:06,519 | 2028131 | INFO | queue[0010] trial 15 fold 1 no_physics
2026-03-06 19:31:06,520 | 2028131 | INFO | queue[0011] trial 15 fold 2 no_physics
2026-03-06 19:31:06,520 | 2028131 | INFO | queue[0012] trial 15 fold 3 no_physics
2026-03-06 19:31:06,520 | 2028131 | INFO | queue[0013] trial 15 fold 4 no_physics
2026-03-06 19:31:06,521 | 2028131 | INFO | queue[0014] trial 15 fold 5 no_physics
2026-03-06 19:31:06,521 | 2028131 | INFO | queue[0015] trial 16 fold 1 no_physics
2026-03-06 19:31:06,521 | 2028131 | INFO | queue[0016] trial 16 fold 2 no_physics
2026-03-06 19:31:06,521 | 2028131 | INFO | queue[0017] trial 16 fold 3 no_physics
2026-03-06 19:31:06,522 | 2028131 | INFO | queue[0018] trial 16 fold 4 no_physics
2026-03-06 19:31:06,522 | 2028131 | INFO | queue[0019] trial 16 fold 5 no_physics
2026-03-06 19:31:06,522 | 2028131 | INFO | queue[0020] trial 17 fold 1 no_physics
2026-03-06 19:31:06,523 | 2028131 | INFO | queue[0021] trial 17 fold 2 no_physics
2026-03-06 19:31:06,523 | 2028131 | INFO | queue[0022] trial 17 fold 3 no_physics
2026-03-06 19:31:06,523 | 2028131 | INFO | queue[0023] trial 17 fold 4 no_physics
2026-03-06 19:31:06,523 | 2028131 | INFO | queue[0024] trial 17 fold 5 no_physics
2026-03-06 19:31:06,524 | 2028131 | INFO | queue[0025] trial 18 fold 1 no_physics
2026-03-06 19:31:06,524 | 2028131 | INFO | queue[0026] trial 18 fold 2 no_physics
2026-03-06 19:31:06,524 | 2028131 | INFO | queue[0027] trial 18 fold 3 no_physics
2026-03-06 19:31:06,524 | 2028131 | INFO | queue[0028] trial 18 fold 4 no_physics
2026-03-06 19:31:06,525 | 2028131 | INFO | queue[0029] trial 18 fold 5 no_physics
2026-03-06 19:31:06,525 | 2028131 | INFO | queue[0030] trial 19 fold 1 no_physics
2026-03-06 19:31:06,525 | 2028131 | INFO | queue[0031] trial 19 fold 2 no_physics
2026-03-06 19:31:06,525 | 2028131 | INFO | queue[0032] trial 19 fold 3 no_physics
2026-03-06 19:31:06,525 | 2028131 | INFO | queue[0033] trial 19 fold 4 no_physics
2026-03-06 19:31:06,525 | 2028131 | INFO | queue[0034] trial 19 fold 5 no_physics
2026-03-06 19:31:06,525 | 2028131 | INFO | queue[0035] trial 20 fold 1 no_physics
2026-03-06 19:31:06,526 | 2028131 | INFO | queue[0036] trial 20 fold 2 no_physics
2026-03-06 19:31:06,526 | 2028131 | INFO | queue[0037] trial 20 fold 3 no_physics
2026-03-06 19:31:06,526 | 2028131 | INFO | queue[0038] trial 20 fold 4 no_physics
2026-03-06 19:31:06,526 | 2028131 | INFO | queue[0039] trial 20 fold 5 no_physics
2026-03-06 19:31:06,526 | 2028131 | INFO | queue[0040] trial 21 fold 1 no_physics
2026-03-06 19:31:06,526 | 2028131 | INFO | queue[0041] trial 21 fold 2 no_physics
2026-03-06 19:31:06,526 | 2028131 | INFO | queue[0042] trial 21 fold 3 no_physics
2026-03-06 19:31:06,526 | 2028131 | INFO | queue[0043] trial 21 fold 4 no_physics
2026-03-06 19:31:06,527 | 2028131 | INFO | queue[0044] trial 21 fold 5 no_physics
2026-03-06 19:31:06,527 | 2028131 | INFO | [END BAYES QUEUE]
2026-03-06 19:31:06,820 | 2028131 | INFO | [ENQUEUE TRIAL] trial 22 no_physics
2026-03-06 19:31:06,821 | 2028131 | INFO | [BAYES QUEUE STATE]
2026-03-06 19:31:06,821 | 2028131 | INFO | pending_jobs = 50
2026-03-06 19:31:06,822 | 2028131 | INFO | inflight_trials = [0, 1, 2, 3, 5, 6, 7, 8, 9, 10, 11, 12, 13, 14, 15, 16, 17, 18, 19, 20, 21]
2026-03-06 19:31:06,822 | 2028131 | INFO | queue[0000] trial 13 fold 1 no_physics
2026-03-06 19:31:06,822 | 2028131 | INFO | queue[0001] trial 13 fold 2 no_physics
2026-03-06 19:31:06,823 | 2028131 | INFO | queue[0002] trial 13 fold 3 no_physics
2026-03-06 19:31:06,823 | 2028131 | INFO | queue[0003] trial 13 fold 4 no_physics
2026-03-06 19:31:06,823 | 2028131 | INFO | queue[0004] trial 13 fold 5 no_physics
2026-03-06 19:31:06,824 | 2028131 | INFO | queue[0005] trial 14 fold 1 no_physics
2026-03-06 19:31:06,824 | 2028131 | INFO | queue[0006] trial 14 fold 2 no_physics
2026-03-06 19:31:06,824 | 2028131 | INFO | queue[0007] trial 14 fold 3 no_physics
2026-03-06 19:31:06,825 | 2028131 | INFO | queue[0008] trial 14 fold 4 no_physics
2026-03-06 19:31:06,825 | 2028131 | INFO | queue[0009] trial 14 fold 5 no_physics
2026-03-06 19:31:06,825 | 2028131 | INFO | queue[0010] trial 15 fold 1 no_physics
2026-03-06 19:31:06,826 | 2028131 | INFO | queue[0011] trial 15 fold 2 no_physics
2026-03-06 19:31:06,826 | 2028131 | INFO | queue[0012] trial 15 fold 3 no_physics
2026-03-06 19:31:06,826 | 2028131 | INFO | queue[0013] trial 15 fold 4 no_physics
2026-03-06 19:31:06,826 | 2028131 | INFO | queue[0014] trial 15 fold 5 no_physics
2026-03-06 19:31:06,826 | 2028131 | INFO | queue[0015] trial 16 fold 1 no_physics
2026-03-06 19:31:06,827 | 2028131 | INFO | queue[0016] trial 16 fold 2 no_physics
2026-03-06 19:31:06,827 | 2028131 | INFO | queue[0017] trial 16 fold 3 no_physics
2026-03-06 19:31:06,827 | 2028131 | INFO | queue[0018] trial 16 fold 4 no_physics
2026-03-06 19:31:06,827 | 2028131 | INFO | queue[0019] trial 16 fold 5 no_physics
2026-03-06 19:31:06,827 | 2028131 | INFO | queue[0020] trial 17 fold 1 no_physics
2026-03-06 19:31:06,828 | 2028131 | INFO | queue[0021] trial 17 fold 2 no_physics
2026-03-06 19:31:06,828 | 2028131 | INFO | queue[0022] trial 17 fold 3 no_physics
2026-03-06 19:31:06,828 | 2028131 | INFO | queue[0023] trial 17 fold 4 no_physics
2026-03-06 19:31:06,828 | 2028131 | INFO | queue[0024] trial 17 fold 5 no_physics
2026-03-06 19:31:06,828 | 2028131 | INFO | queue[0025] trial 18 fold 1 no_physics
2026-03-06 19:31:06,828 | 2028131 | INFO | queue[0026] trial 18 fold 2 no_physics
2026-03-06 19:31:06,829 | 2028131 | INFO | queue[0027] trial 18 fold 3 no_physics
2026-03-06 19:31:06,829 | 2028131 | INFO | queue[0028] trial 18 fold 4 no_physics
2026-03-06 19:31:06,829 | 2028131 | INFO | queue[0029] trial 18 fold 5 no_physics
2026-03-06 19:31:06,829 | 2028131 | INFO | queue[0030] trial 19 fold 1 no_physics
2026-03-06 19:31:06,829 | 2028131 | INFO | queue[0031] trial 19 fold 2 no_physics
2026-03-06 19:31:06,830 | 2028131 | INFO | queue[0032] trial 19 fold 3 no_physics
2026-03-06 19:31:06,830 | 2028131 | INFO | queue[0033] trial 19 fold 4 no_physics
2026-03-06 19:31:06,830 | 2028131 | INFO | queue[0034] trial 19 fold 5 no_physics
2026-03-06 19:31:06,830 | 2028131 | INFO | queue[0035] trial 20 fold 1 no_physics
2026-03-06 19:31:06,830 | 2028131 | INFO | queue[0036] trial 20 fold 2 no_physics
2026-03-06 19:31:06,831 | 2028131 | INFO | queue[0037] trial 20 fold 3 no_physics
2026-03-06 19:31:06,831 | 2028131 | INFO | queue[0038] trial 20 fold 4 no_physics
2026-03-06 19:31:06,831 | 2028131 | INFO | queue[0039] trial 20 fold 5 no_physics
2026-03-06 19:31:06,831 | 2028131 | INFO | queue[0040] trial 21 fold 1 no_physics
2026-03-06 19:31:06,831 | 2028131 | INFO | queue[0041] trial 21 fold 2 no_physics
2026-03-06 19:31:06,832 | 2028131 | INFO | queue[0042] trial 21 fold 3 no_physics
2026-03-06 19:31:06,832 | 2028131 | INFO | queue[0043] trial 21 fold 4 no_physics
2026-03-06 19:31:06,832 | 2028131 | INFO | queue[0044] trial 21 fold 5 no_physics
2026-03-06 19:31:06,832 | 2028131 | INFO | queue[0045] trial 22 fold 1 no_physics
2026-03-06 19:31:06,832 | 2028131 | INFO | queue[0046] trial 22 fold 2 no_physics
2026-03-06 19:31:06,833 | 2028131 | INFO | queue[0047] trial 22 fold 3 no_physics
2026-03-06 19:31:06,833 | 2028131 | INFO | queue[0048] trial 22 fold 4 no_physics
2026-03-06 19:31:06,833 | 2028131 | INFO | queue[0049] trial 22 fold 5 no_physics
2026-03-06 19:31:06,833 | 2028131 | INFO | [END BAYES QUEUE]
2026-03-06 19:31:07,111 | 2028131 | INFO | [ENQUEUE TRIAL] trial 23 no_physics
2026-03-06 19:31:07,114 | 2028131 | INFO | [BAYES QUEUE STATE]
2026-03-06 19:31:07,115 | 2028131 | INFO | pending_jobs = 55
2026-03-06 19:31:07,115 | 2028131 | INFO | inflight_trials = [0, 1, 2, 3, 5, 6, 7, 8, 9, 10, 11, 12, 13, 14, 15, 16, 17, 18, 19, 20, 21, 22]
2026-03-06 19:31:07,115 | 2028131 | INFO | queue[0000] trial 13 fold 1 no_physics
2026-03-06 19:31:07,116 | 2028131 | INFO | queue[0001] trial 13 fold 2 no_physics
2026-03-06 19:31:07,116 | 2028131 | INFO | queue[0002] trial 13 fold 3 no_physics
2026-03-06 19:31:07,116 | 2028131 | INFO | queue[0003] trial 13 fold 4 no_physics
2026-03-06 19:31:07,117 | 2028131 | INFO | queue[0004] trial 13 fold 5 no_physics
2026-03-06 19:31:07,117 | 2028131 | INFO | queue[0005] trial 14 fold 1 no_physics
2026-03-06 19:31:07,117 | 2028131 | INFO | queue[0006] trial 14 fold 2 no_physics
2026-03-06 19:31:07,118 | 2028131 | INFO | queue[0007] trial 14 fold 3 no_physics
2026-03-06 19:31:07,118 | 2028131 | INFO | queue[0008] trial 14 fold 4 no_physics
2026-03-06 19:31:07,118 | 2028131 | INFO | queue[0009] trial 14 fold 5 no_physics
2026-03-06 19:31:07,119 | 2028131 | INFO | queue[0010] trial 15 fold 1 no_physics
2026-03-06 19:31:07,119 | 2028131 | INFO | queue[0011] trial 15 fold 2 no_physics
2026-03-06 19:31:07,119 | 2028131 | INFO | queue[0012] trial 15 fold 3 no_physics
2026-03-06 19:31:07,120 | 2028131 | INFO | queue[0013] trial 15 fold 4 no_physics
2026-03-06 19:31:07,120 | 2028131 | INFO | queue[0014] trial 15 fold 5 no_physics
2026-03-06 19:31:07,120 | 2028131 | INFO | queue[0015] trial 16 fold 1 no_physics
2026-03-06 19:31:07,120 | 2028131 | INFO | queue[0016] trial 16 fold 2 no_physics
2026-03-06 19:31:07,121 | 2028131 | INFO | queue[0017] trial 16 fold 3 no_physics
2026-03-06 19:31:07,121 | 2028131 | INFO | queue[0018] trial 16 fold 4 no_physics
2026-03-06 19:31:07,121 | 2028131 | INFO | queue[0019] trial 16 fold 5 no_physics
2026-03-06 19:31:07,121 | 2028131 | INFO | queue[0020] trial 17 fold 1 no_physics
2026-03-06 19:31:07,121 | 2028131 | INFO | queue[0021] trial 17 fold 2 no_physics
2026-03-06 19:31:07,121 | 2028131 | INFO | queue[0022] trial 17 fold 3 no_physics
2026-03-06 19:31:07,122 | 2028131 | INFO | queue[0023] trial 17 fold 4 no_physics
2026-03-06 19:31:07,122 | 2028131 | INFO | queue[0024] trial 17 fold 5 no_physics
2026-03-06 19:31:07,122 | 2028131 | INFO | queue[0025] trial 18 fold 1 no_physics
2026-03-06 19:31:07,122 | 2028131 | INFO | queue[0026] trial 18 fold 2 no_physics
2026-03-06 19:31:07,122 | 2028131 | INFO | queue[0027] trial 18 fold 3 no_physics
2026-03-06 19:31:07,122 | 2028131 | INFO | queue[0028] trial 18 fold 4 no_physics
2026-03-06 19:31:07,123 | 2028131 | INFO | queue[0029] trial 18 fold 5 no_physics
2026-03-06 19:31:07,123 | 2028131 | INFO | queue[0030] trial 19 fold 1 no_physics
2026-03-06 19:31:07,123 | 2028131 | INFO | queue[0031] trial 19 fold 2 no_physics
2026-03-06 19:31:07,123 | 2028131 | INFO | queue[0032] trial 19 fold 3 no_physics
2026-03-06 19:31:07,123 | 2028131 | INFO | queue[0033] trial 19 fold 4 no_physics
2026-03-06 19:31:07,124 | 2028131 | INFO | queue[0034] trial 19 fold 5 no_physics
2026-03-06 19:31:07,124 | 2028131 | INFO | queue[0035] trial 20 fold 1 no_physics
2026-03-06 19:31:07,124 | 2028131 | INFO | queue[0036] trial 20 fold 2 no_physics
2026-03-06 19:31:07,124 | 2028131 | INFO | queue[0037] trial 20 fold 3 no_physics
2026-03-06 19:31:07,124 | 2028131 | INFO | queue[0038] trial 20 fold 4 no_physics
2026-03-06 19:31:07,124 | 2028131 | INFO | queue[0039] trial 20 fold 5 no_physics
2026-03-06 19:31:07,124 | 2028131 | INFO | queue[0040] trial 21 fold 1 no_physics
2026-03-06 19:31:07,125 | 2028131 | INFO | queue[0041] trial 21 fold 2 no_physics
2026-03-06 19:31:07,125 | 2028131 | INFO | queue[0042] trial 21 fold 3 no_physics
2026-03-06 19:31:07,125 | 2028131 | INFO | queue[0043] trial 21 fold 4 no_physics
2026-03-06 19:31:07,125 | 2028131 | INFO | queue[0044] trial 21 fold 5 no_physics
2026-03-06 19:31:07,125 | 2028131 | INFO | queue[0045] trial 22 fold 1 no_physics
2026-03-06 19:31:07,125 | 2028131 | INFO | queue[0046] trial 22 fold 2 no_physics
2026-03-06 19:31:07,126 | 2028131 | INFO | queue[0047] trial 22 fold 3 no_physics
2026-03-06 19:31:07,126 | 2028131 | INFO | queue[0048] trial 22 fold 4 no_physics
2026-03-06 19:31:07,126 | 2028131 | INFO | queue[0049] trial 22 fold 5 no_physics
2026-03-06 19:31:07,126 | 2028131 | INFO | queue[0050] trial 23 fold 1 no_physics
2026-03-06 19:31:07,126 | 2028131 | INFO | queue[0051] trial 23 fold 2 no_physics
2026-03-06 19:31:07,127 | 2028131 | INFO | queue[0052] trial 23 fold 3 no_physics
2026-03-06 19:31:07,127 | 2028131 | INFO | queue[0053] trial 23 fold 4 no_physics
2026-03-06 19:31:07,127 | 2028131 | INFO | queue[0054] trial 23 fold 5 no_physics
2026-03-06 19:31:07,127 | 2028131 | INFO | [END BAYES QUEUE]
2026-03-06 19:31:07,429 | 2028131 | INFO | [ENQUEUE TRIAL] trial 24 no_physics
2026-03-06 19:31:07,430 | 2028131 | INFO | [BAYES QUEUE STATE]
2026-03-06 19:31:07,430 | 2028131 | INFO | pending_jobs = 60
2026-03-06 19:31:07,431 | 2028131 | INFO | inflight_trials = [0, 1, 2, 3, 5, 6, 7, 8, 9, 10, 11, 12, 13, 14, 15, 16, 17, 18, 19, 20, 21, 22, 23]
2026-03-06 19:31:07,431 | 2028131 | INFO | queue[0000] trial 13 fold 1 no_physics
2026-03-06 19:31:07,431 | 2028131 | INFO | queue[0001] trial 13 fold 2 no_physics
2026-03-06 19:31:07,432 | 2028131 | INFO | queue[0002] trial 13 fold 3 no_physics
2026-03-06 19:31:07,432 | 2028131 | INFO | queue[0003] trial 13 fold 4 no_physics
2026-03-06 19:31:07,432 | 2028131 | INFO | queue[0004] trial 13 fold 5 no_physics
2026-03-06 19:31:07,433 | 2028131 | INFO | queue[0005] trial 14 fold 1 no_physics
2026-03-06 19:31:07,433 | 2028131 | INFO | queue[0006] trial 14 fold 2 no_physics
2026-03-06 19:31:07,433 | 2028131 | INFO | queue[0007] trial 14 fold 3 no_physics
2026-03-06 19:31:07,434 | 2028131 | INFO | queue[0008] trial 14 fold 4 no_physics
2026-03-06 19:31:07,434 | 2028131 | INFO | queue[0009] trial 14 fold 5 no_physics
2026-03-06 19:31:07,434 | 2028131 | INFO | queue[0010] trial 15 fold 1 no_physics
2026-03-06 19:31:07,435 | 2028131 | INFO | queue[0011] trial 15 fold 2 no_physics
2026-03-06 19:31:07,435 | 2028131 | INFO | queue[0012] trial 15 fold 3 no_physics
2026-03-06 19:31:07,435 | 2028131 | INFO | queue[0013] trial 15 fold 4 no_physics
2026-03-06 19:31:07,436 | 2028131 | INFO | queue[0014] trial 15 fold 5 no_physics
2026-03-06 19:31:07,436 | 2028131 | INFO | queue[0015] trial 16 fold 1 no_physics
2026-03-06 19:31:07,436 | 2028131 | INFO | queue[0016] trial 16 fold 2 no_physics
2026-03-06 19:31:07,436 | 2028131 | INFO | queue[0017] trial 16 fold 3 no_physics
2026-03-06 19:31:07,436 | 2028131 | INFO | queue[0018] trial 16 fold 4 no_physics
2026-03-06 19:31:07,437 | 2028131 | INFO | queue[0019] trial 16 fold 5 no_physics
2026-03-06 19:31:07,437 | 2028131 | INFO | queue[0020] trial 17 fold 1 no_physics
2026-03-06 19:31:07,437 | 2028131 | INFO | queue[0021] trial 17 fold 2 no_physics
2026-03-06 19:31:07,437 | 2028131 | INFO | queue[0022] trial 17 fold 3 no_physics
2026-03-06 19:31:07,437 | 2028131 | INFO | queue[0023] trial 17 fold 4 no_physics
2026-03-06 19:31:07,437 | 2028131 | INFO | queue[0024] trial 17 fold 5 no_physics
2026-03-06 19:31:07,438 | 2028131 | INFO | queue[0025] trial 18 fold 1 no_physics
2026-03-06 19:31:07,438 | 2028131 | INFO | queue[0026] trial 18 fold 2 no_physics
2026-03-06 19:31:07,438 | 2028131 | INFO | queue[0027] trial 18 fold 3 no_physics
2026-03-06 19:31:07,438 | 2028131 | INFO | queue[0028] trial 18 fold 4 no_physics
2026-03-06 19:31:07,438 | 2028131 | INFO | queue[0029] trial 18 fold 5 no_physics
2026-03-06 19:31:07,438 | 2028131 | INFO | queue[0030] trial 19 fold 1 no_physics
2026-03-06 19:31:07,439 | 2028131 | INFO | queue[0031] trial 19 fold 2 no_physics
2026-03-06 19:31:07,439 | 2028131 | INFO | queue[0032] trial 19 fold 3 no_physics
2026-03-06 19:31:07,439 | 2028131 | INFO | queue[0033] trial 19 fold 4 no_physics
2026-03-06 19:31:07,439 | 2028131 | INFO | queue[0034] trial 19 fold 5 no_physics
2026-03-06 19:31:07,439 | 2028131 | INFO | queue[0035] trial 20 fold 1 no_physics
2026-03-06 19:31:07,439 | 2028131 | INFO | queue[0036] trial 20 fold 2 no_physics
2026-03-06 19:31:07,439 | 2028131 | INFO | queue[0037] trial 20 fold 3 no_physics
2026-03-06 19:31:07,440 | 2028131 | INFO | queue[0038] trial 20 fold 4 no_physics
2026-03-06 19:31:07,440 | 2028131 | INFO | queue[0039] trial 20 fold 5 no_physics
2026-03-06 19:31:07,440 | 2028131 | INFO | queue[0040] trial 21 fold 1 no_physics
2026-03-06 19:31:07,440 | 2028131 | INFO | queue[0041] trial 21 fold 2 no_physics
2026-03-06 19:31:07,440 | 2028131 | INFO | queue[0042] trial 21 fold 3 no_physics
2026-03-06 19:31:07,440 | 2028131 | INFO | queue[0043] trial 21 fold 4 no_physics
2026-03-06 19:31:07,441 | 2028131 | INFO | queue[0044] trial 21 fold 5 no_physics
2026-03-06 19:31:07,441 | 2028131 | INFO | queue[0045] trial 22 fold 1 no_physics
2026-03-06 19:31:07,441 | 2028131 | INFO | queue[0046] trial 22 fold 2 no_physics
2026-03-06 19:31:07,441 | 2028131 | INFO | queue[0047] trial 22 fold 3 no_physics
2026-03-06 19:31:07,441 | 2028131 | INFO | queue[0048] trial 22 fold 4 no_physics
2026-03-06 19:31:07,441 | 2028131 | INFO | queue[0049] trial 22 fold 5 no_physics
2026-03-06 19:31:07,441 | 2028131 | INFO | queue[0050] trial 23 fold 1 no_physics
2026-03-06 19:31:07,442 | 2028131 | INFO | queue[0051] trial 23 fold 2 no_physics
2026-03-06 19:31:07,442 | 2028131 | INFO | queue[0052] trial 23 fold 3 no_physics
2026-03-06 19:31:07,442 | 2028131 | INFO | queue[0053] trial 23 fold 4 no_physics
2026-03-06 19:31:07,442 | 2028131 | INFO | queue[0054] trial 23 fold 5 no_physics
2026-03-06 19:31:07,442 | 2028131 | INFO | queue[0055] trial 24 fold 1 no_physics
2026-03-06 19:31:07,442 | 2028131 | INFO | queue[0056] trial 24 fold 2 no_physics
2026-03-06 19:31:07,443 | 2028131 | INFO | queue[0057] trial 24 fold 3 no_physics
2026-03-06 19:31:07,443 | 2028131 | INFO | queue[0058] trial 24 fold 4 no_physics
2026-03-06 19:31:07,443 | 2028131 | INFO | queue[0059] trial 24 fold 5 no_physics
2026-03-06 19:31:07,443 | 2028131 | INFO | [END BAYES QUEUE]
2026-03-06 19:39:35,665 | 2028131 | INFO | [TRIAL COMPLETE] trial 6 no_physics NSE_1D=0.86531 NSE_1H=0.79501
2026-03-06 19:39:35,971 | 2028131 | INFO | [ENQUEUE TRIAL] trial 25 no_physics
2026-03-06 19:39:35,971 | 2028131 | INFO | [BAYES QUEUE STATE]
2026-03-06 19:39:35,972 | 2028131 | INFO | pending_jobs = 41
2026-03-06 19:39:35,972 | 2028131 | INFO | inflight_trials = [0, 1, 2, 3, 6, 7, 8, 9, 10, 11, 12, 13, 14, 15, 16, 17, 18, 19, 20, 21, 22, 23, 24]
2026-03-06 19:39:35,972 | 2028131 | INFO | queue[0000] trial 17 fold 5 no_physics
2026-03-06 19:39:35,972 | 2028131 | INFO | queue[0001] trial 18 fold 1 no_physics
2026-03-06 19:39:35,972 | 2028131 | INFO | queue[0002] trial 18 fold 2 no_physics
2026-03-06 19:39:35,972 | 2028131 | INFO | queue[0003] trial 18 fold 3 no_physics
2026-03-06 19:39:35,972 | 2028131 | INFO | queue[0004] trial 18 fold 4 no_physics
2026-03-06 19:39:35,972 | 2028131 | INFO | queue[0005] trial 18 fold 5 no_physics
2026-03-06 19:39:35,972 | 2028131 | INFO | queue[0006] trial 19 fold 1 no_physics
2026-03-06 19:39:35,973 | 2028131 | INFO | queue[0007] trial 19 fold 2 no_physics
2026-03-06 19:39:35,973 | 2028131 | INFO | queue[0008] trial 19 fold 3 no_physics
2026-03-06 19:39:35,973 | 2028131 | INFO | queue[0009] trial 19 fold 4 no_physics
2026-03-06 19:39:35,973 | 2028131 | INFO | queue[0010] trial 19 fold 5 no_physics
2026-03-06 19:39:35,973 | 2028131 | INFO | queue[0011] trial 20 fold 1 no_physics
2026-03-06 19:39:35,973 | 2028131 | INFO | queue[0012] trial 20 fold 2 no_physics
2026-03-06 19:39:35,973 | 2028131 | INFO | queue[0013] trial 20 fold 3 no_physics
2026-03-06 19:39:35,973 | 2028131 | INFO | queue[0014] trial 20 fold 4 no_physics
2026-03-06 19:39:35,974 | 2028131 | INFO | queue[0015] trial 20 fold 5 no_physics
2026-03-06 19:39:35,974 | 2028131 | INFO | queue[0016] trial 21 fold 1 no_physics
2026-03-06 19:39:35,974 | 2028131 | INFO | queue[0017] trial 21 fold 2 no_physics
2026-03-06 19:39:35,974 | 2028131 | INFO | queue[0018] trial 21 fold 3 no_physics
2026-03-06 19:39:35,974 | 2028131 | INFO | queue[0019] trial 21 fold 4 no_physics
2026-03-06 19:39:35,974 | 2028131 | INFO | queue[0020] trial 21 fold 5 no_physics
2026-03-06 19:39:35,974 | 2028131 | INFO | queue[0021] trial 22 fold 1 no_physics
2026-03-06 19:39:35,974 | 2028131 | INFO | queue[0022] trial 22 fold 2 no_physics
2026-03-06 19:39:35,974 | 2028131 | INFO | queue[0023] trial 22 fold 3 no_physics
2026-03-06 19:39:35,974 | 2028131 | INFO | queue[0024] trial 22 fold 4 no_physics
2026-03-06 19:39:35,975 | 2028131 | INFO | queue[0025] trial 22 fold 5 no_physics
2026-03-06 19:39:35,975 | 2028131 | INFO | queue[0026] trial 23 fold 1 no_physics
2026-03-06 19:39:35,975 | 2028131 | INFO | queue[0027] trial 23 fold 2 no_physics
2026-03-06 19:39:35,975 | 2028131 | INFO | queue[0028] trial 23 fold 3 no_physics
2026-03-06 19:39:35,975 | 2028131 | INFO | queue[0029] trial 23 fold 4 no_physics
2026-03-06 19:39:35,975 | 2028131 | INFO | queue[0030] trial 23 fold 5 no_physics
2026-03-06 19:39:35,975 | 2028131 | INFO | queue[0031] trial 24 fold 1 no_physics
2026-03-06 19:39:35,975 | 2028131 | INFO | queue[0032] trial 24 fold 2 no_physics
2026-03-06 19:39:35,975 | 2028131 | INFO | queue[0033] trial 24 fold 3 no_physics
2026-03-06 19:39:35,976 | 2028131 | INFO | queue[0034] trial 24 fold 4 no_physics
2026-03-06 19:39:35,976 | 2028131 | INFO | queue[0035] trial 24 fold 5 no_physics
2026-03-06 19:39:35,976 | 2028131 | INFO | queue[0036] trial 25 fold 1 no_physics
2026-03-06 19:39:35,976 | 2028131 | INFO | queue[0037] trial 25 fold 2 no_physics
2026-03-06 19:39:35,976 | 2028131 | INFO | queue[0038] trial 25 fold 3 no_physics
2026-03-06 19:39:35,976 | 2028131 | INFO | queue[0039] trial 25 fold 4 no_physics
2026-03-06 19:39:35,976 | 2028131 | INFO | queue[0040] trial 25 fold 5 no_physics
2026-03-06 19:39:35,976 | 2028131 | INFO | [END BAYES QUEUE]
2026-03-06 19:39:36,279 | 2028131 | INFO | [ENQUEUE TRIAL] trial 26 no_physics
2026-03-06 19:39:36,279 | 2028131 | INFO | [BAYES QUEUE STATE]
2026-03-06 19:39:36,279 | 2028131 | INFO | pending_jobs = 46
2026-03-06 19:39:36,279 | 2028131 | INFO | inflight_trials = [0, 1, 2, 3, 6, 7, 8, 9, 10, 11, 12, 13, 14, 15, 16, 17, 18, 19, 20, 21, 22, 23, 24, 25]
2026-03-06 19:39:36,280 | 2028131 | INFO | queue[0000] trial 17 fold 5 no_physics
2026-03-06 19:39:36,280 | 2028131 | INFO | queue[0001] trial 18 fold 1 no_physics
2026-03-06 19:39:36,280 | 2028131 | INFO | queue[0002] trial 18 fold 2 no_physics
2026-03-06 19:39:36,280 | 2028131 | INFO | queue[0003] trial 18 fold 3 no_physics
2026-03-06 19:39:36,280 | 2028131 | INFO | queue[0004] trial 18 fold 4 no_physics
2026-03-06 19:39:36,280 | 2028131 | INFO | queue[0005] trial 18 fold 5 no_physics
2026-03-06 19:39:36,280 | 2028131 | INFO | queue[0006] trial 19 fold 1 no_physics
2026-03-06 19:39:36,280 | 2028131 | INFO | queue[0007] trial 19 fold 2 no_physics
2026-03-06 19:39:36,280 | 2028131 | INFO | queue[0008] trial 19 fold 3 no_physics
2026-03-06 19:39:36,280 | 2028131 | INFO | queue[0009] trial 19 fold 4 no_physics
2026-03-06 19:39:36,281 | 2028131 | INFO | queue[0010] trial 19 fold 5 no_physics
2026-03-06 19:39:36,281 | 2028131 | INFO | queue[0011] trial 20 fold 1 no_physics
2026-03-06 19:39:36,281 | 2028131 | INFO | queue[0012] trial 20 fold 2 no_physics
2026-03-06 19:39:36,281 | 2028131 | INFO | queue[0013] trial 20 fold 3 no_physics
2026-03-06 19:39:36,281 | 2028131 | INFO | queue[0014] trial 20 fold 4 no_physics
2026-03-06 19:39:36,281 | 2028131 | INFO | queue[0015] trial 20 fold 5 no_physics
2026-03-06 19:39:36,281 | 2028131 | INFO | queue[0016] trial 21 fold 1 no_physics
2026-03-06 19:39:36,281 | 2028131 | INFO | queue[0017] trial 21 fold 2 no_physics
2026-03-06 19:39:36,282 | 2028131 | INFO | queue[0018] trial 21 fold 3 no_physics
2026-03-06 19:39:36,282 | 2028131 | INFO | queue[0019] trial 21 fold 4 no_physics
2026-03-06 19:39:36,282 | 2028131 | INFO | queue[0020] trial 21 fold 5 no_physics
2026-03-06 19:39:36,282 | 2028131 | INFO | queue[0021] trial 22 fold 1 no_physics
2026-03-06 19:39:36,282 | 2028131 | INFO | queue[0022] trial 22 fold 2 no_physics
2026-03-06 19:39:36,282 | 2028131 | INFO | queue[0023] trial 22 fold 3 no_physics
2026-03-06 19:39:36,282 | 2028131 | INFO | queue[0024] trial 22 fold 4 no_physics
2026-03-06 19:39:36,282 | 2028131 | INFO | queue[0025] trial 22 fold 5 no_physics
2026-03-06 19:39:36,282 | 2028131 | INFO | queue[0026] trial 23 fold 1 no_physics
2026-03-06 19:39:36,283 | 2028131 | INFO | queue[0027] trial 23 fold 2 no_physics
2026-03-06 19:39:36,283 | 2028131 | INFO | queue[0028] trial 23 fold 3 no_physics
2026-03-06 19:39:36,283 | 2028131 | INFO | queue[0029] trial 23 fold 4 no_physics
2026-03-06 19:39:36,283 | 2028131 | INFO | queue[0030] trial 23 fold 5 no_physics
2026-03-06 19:39:36,283 | 2028131 | INFO | queue[0031] trial 24 fold 1 no_physics
2026-03-06 19:39:36,283 | 2028131 | INFO | queue[0032] trial 24 fold 2 no_physics
2026-03-06 19:39:36,283 | 2028131 | INFO | queue[0033] trial 24 fold 3 no_physics
2026-03-06 19:39:36,284 | 2028131 | INFO | queue[0034] trial 24 fold 4 no_physics
2026-03-06 19:39:36,284 | 2028131 | INFO | queue[0035] trial 24 fold 5 no_physics
2026-03-06 19:39:36,284 | 2028131 | INFO | queue[0036] trial 25 fold 1 no_physics
2026-03-06 19:39:36,284 | 2028131 | INFO | queue[0037] trial 25 fold 2 no_physics
2026-03-06 19:39:36,284 | 2028131 | INFO | queue[0038] trial 25 fold 3 no_physics
2026-03-06 19:39:36,284 | 2028131 | INFO | queue[0039] trial 25 fold 4 no_physics
2026-03-06 19:39:36,284 | 2028131 | INFO | queue[0040] trial 25 fold 5 no_physics
2026-03-06 19:39:36,284 | 2028131 | INFO | queue[0041] trial 26 fold 1 no_physics
2026-03-06 19:39:36,285 | 2028131 | INFO | queue[0042] trial 26 fold 2 no_physics
2026-03-06 19:39:36,285 | 2028131 | INFO | queue[0043] trial 26 fold 3 no_physics
2026-03-06 19:39:36,285 | 2028131 | INFO | queue[0044] trial 26 fold 4 no_physics
2026-03-06 19:39:36,285 | 2028131 | INFO | queue[0045] trial 26 fold 5 no_physics
2026-03-06 19:39:36,285 | 2028131 | INFO | [END BAYES QUEUE]
2026-03-06 19:39:36,573 | 2028131 | INFO | [ENQUEUE TRIAL] trial 27 no_physics
2026-03-06 19:39:36,574 | 2028131 | INFO | [BAYES QUEUE STATE]
2026-03-06 19:39:36,574 | 2028131 | INFO | pending_jobs = 51
2026-03-06 19:39:36,574 | 2028131 | INFO | inflight_trials = [0, 1, 2, 3, 6, 7, 8, 9, 10, 11, 12, 13, 14, 15, 16, 17, 18, 19, 20, 21, 22, 23, 24, 25, 26]
2026-03-06 19:39:36,574 | 2028131 | INFO | queue[0000] trial 17 fold 5 no_physics
2026-03-06 19:39:36,574 | 2028131 | INFO | queue[0001] trial 18 fold 1 no_physics
2026-03-06 19:39:36,574 | 2028131 | INFO | queue[0002] trial 18 fold 2 no_physics
2026-03-06 19:39:36,574 | 2028131 | INFO | queue[0003] trial 18 fold 3 no_physics
2026-03-06 19:39:36,574 | 2028131 | INFO | queue[0004] trial 18 fold 4 no_physics
2026-03-06 19:39:36,575 | 2028131 | INFO | queue[0005] trial 18 fold 5 no_physics
2026-03-06 19:39:36,575 | 2028131 | INFO | queue[0006] trial 19 fold 1 no_physics
2026-03-06 19:39:36,575 | 2028131 | INFO | queue[0007] trial 19 fold 2 no_physics
2026-03-06 19:39:36,575 | 2028131 | INFO | queue[0008] trial 19 fold 3 no_physics
2026-03-06 19:39:36,575 | 2028131 | INFO | queue[0009] trial 19 fold 4 no_physics
2026-03-06 19:39:36,575 | 2028131 | INFO | queue[0010] trial 19 fold 5 no_physics
2026-03-06 19:39:36,575 | 2028131 | INFO | queue[0011] trial 20 fold 1 no_physics
2026-03-06 19:39:36,575 | 2028131 | INFO | queue[0012] trial 20 fold 2 no_physics
2026-03-06 19:39:36,576 | 2028131 | INFO | queue[0013] trial 20 fold 3 no_physics
2026-03-06 19:39:36,576 | 2028131 | INFO | queue[0014] trial 20 fold 4 no_physics
2026-03-06 19:39:36,576 | 2028131 | INFO | queue[0015] trial 20 fold 5 no_physics
2026-03-06 19:39:36,576 | 2028131 | INFO | queue[0016] trial 21 fold 1 no_physics
2026-03-06 19:39:36,576 | 2028131 | INFO | queue[0017] trial 21 fold 2 no_physics
2026-03-06 19:39:36,576 | 2028131 | INFO | queue[0018] trial 21 fold 3 no_physics
2026-03-06 19:39:36,576 | 2028131 | INFO | queue[0019] trial 21 fold 4 no_physics
2026-03-06 19:39:36,576 | 2028131 | INFO | queue[0020] trial 21 fold 5 no_physics
2026-03-06 19:39:36,577 | 2028131 | INFO | queue[0021] trial 22 fold 1 no_physics
2026-03-06 19:39:36,577 | 2028131 | INFO | queue[0022] trial 22 fold 2 no_physics
2026-03-06 19:39:36,577 | 2028131 | INFO | queue[0023] trial 22 fold 3 no_physics
2026-03-06 19:39:36,577 | 2028131 | INFO | queue[0024] trial 22 fold 4 no_physics
2026-03-06 19:39:36,577 | 2028131 | INFO | queue[0025] trial 22 fold 5 no_physics
2026-03-06 19:39:36,577 | 2028131 | INFO | queue[0026] trial 23 fold 1 no_physics
2026-03-06 19:39:36,577 | 2028131 | INFO | queue[0027] trial 23 fold 2 no_physics
2026-03-06 19:39:36,577 | 2028131 | INFO | queue[0028] trial 23 fold 3 no_physics
2026-03-06 19:39:36,578 | 2028131 | INFO | queue[0029] trial 23 fold 4 no_physics
2026-03-06 19:39:36,578 | 2028131 | INFO | queue[0030] trial 23 fold 5 no_physics
2026-03-06 19:39:36,578 | 2028131 | INFO | queue[0031] trial 24 fold 1 no_physics
2026-03-06 19:39:36,578 | 2028131 | INFO | queue[0032] trial 24 fold 2 no_physics
2026-03-06 19:39:36,578 | 2028131 | INFO | queue[0033] trial 24 fold 3 no_physics
2026-03-06 19:39:36,578 | 2028131 | INFO | queue[0034] trial 24 fold 4 no_physics
2026-03-06 19:39:36,578 | 2028131 | INFO | queue[0035] trial 24 fold 5 no_physics
2026-03-06 19:39:36,578 | 2028131 | INFO | queue[0036] trial 25 fold 1 no_physics
2026-03-06 19:39:36,579 | 2028131 | INFO | queue[0037] trial 25 fold 2 no_physics
2026-03-06 19:39:36,579 | 2028131 | INFO | queue[0038] trial 25 fold 3 no_physics
2026-03-06 19:39:36,579 | 2028131 | INFO | queue[0039] trial 25 fold 4 no_physics
2026-03-06 19:39:36,579 | 2028131 | INFO | queue[0040] trial 25 fold 5 no_physics
2026-03-06 19:39:36,579 | 2028131 | INFO | queue[0041] trial 26 fold 1 no_physics
2026-03-06 19:39:36,579 | 2028131 | INFO | queue[0042] trial 26 fold 2 no_physics
2026-03-06 19:39:36,579 | 2028131 | INFO | queue[0043] trial 26 fold 3 no_physics
2026-03-06 19:39:36,579 | 2028131 | INFO | queue[0044] trial 26 fold 4 no_physics
2026-03-06 19:39:36,580 | 2028131 | INFO | queue[0045] trial 26 fold 5 no_physics
2026-03-06 19:39:36,580 | 2028131 | INFO | queue[0046] trial 27 fold 1 no_physics
2026-03-06 19:39:36,580 | 2028131 | INFO | queue[0047] trial 27 fold 2 no_physics
2026-03-06 19:39:36,580 | 2028131 | INFO | queue[0048] trial 27 fold 3 no_physics
2026-03-06 19:39:36,580 | 2028131 | INFO | queue[0049] trial 27 fold 4 no_physics
2026-03-06 19:39:36,580 | 2028131 | INFO | queue[0050] trial 27 fold 5 no_physics
2026-03-06 19:39:36,580 | 2028131 | INFO | [END BAYES QUEUE]
2026-03-06 19:39:36,878 | 2028131 | INFO | [ENQUEUE TRIAL] trial 28 no_physics
2026-03-06 19:39:36,881 | 2028131 | INFO | [BAYES QUEUE STATE]
2026-03-06 19:39:36,881 | 2028131 | INFO | pending_jobs = 56
2026-03-06 19:39:36,881 | 2028131 | INFO | inflight_trials = [0, 1, 2, 3, 6, 7, 8, 9, 10, 11, 12, 13, 14, 15, 16, 17, 18, 19, 20, 21, 22, 23, 24, 25, 26, 27]
2026-03-06 19:39:36,881 | 2028131 | INFO | queue[0000] trial 17 fold 5 no_physics
2026-03-06 19:39:36,881 | 2028131 | INFO | queue[0001] trial 18 fold 1 no_physics
2026-03-06 19:39:36,881 | 2028131 | INFO | queue[0002] trial 18 fold 2 no_physics
2026-03-06 19:39:36,881 | 2028131 | INFO | queue[0003] trial 18 fold 3 no_physics
2026-03-06 19:39:36,881 | 2028131 | INFO | queue[0004] trial 18 fold 4 no_physics
2026-03-06 19:39:36,881 | 2028131 | INFO | queue[0005] trial 18 fold 5 no_physics
2026-03-06 19:39:36,882 | 2028131 | INFO | queue[0006] trial 19 fold 1 no_physics
2026-03-06 19:39:36,882 | 2028131 | INFO | queue[0007] trial 19 fold 2 no_physics
2026-03-06 19:39:36,882 | 2028131 | INFO | queue[0008] trial 19 fold 3 no_physics
2026-03-06 19:39:36,882 | 2028131 | INFO | queue[0009] trial 19 fold 4 no_physics
2026-03-06 19:39:36,882 | 2028131 | INFO | queue[0010] trial 19 fold 5 no_physics
2026-03-06 19:39:36,882 | 2028131 | INFO | queue[0011] trial 20 fold 1 no_physics
2026-03-06 19:39:36,882 | 2028131 | INFO | queue[0012] trial 20 fold 2 no_physics
2026-03-06 19:39:36,882 | 2028131 | INFO | queue[0013] trial 20 fold 3 no_physics
2026-03-06 19:39:36,882 | 2028131 | INFO | queue[0014] trial 20 fold 4 no_physics
2026-03-06 19:39:36,883 | 2028131 | INFO | queue[0015] trial 20 fold 5 no_physics
2026-03-06 19:39:36,883 | 2028131 | INFO | queue[0016] trial 21 fold 1 no_physics
2026-03-06 19:39:36,883 | 2028131 | INFO | queue[0017] trial 21 fold 2 no_physics
2026-03-06 19:39:36,883 | 2028131 | INFO | queue[0018] trial 21 fold 3 no_physics
2026-03-06 19:39:36,883 | 2028131 | INFO | queue[0019] trial 21 fold 4 no_physics
2026-03-06 19:39:36,883 | 2028131 | INFO | queue[0020] trial 21 fold 5 no_physics
2026-03-06 19:39:36,883 | 2028131 | INFO | queue[0021] trial 22 fold 1 no_physics
2026-03-06 19:39:36,883 | 2028131 | INFO | queue[0022] trial 22 fold 2 no_physics
2026-03-06 19:39:36,883 | 2028131 | INFO | queue[0023] trial 22 fold 3 no_physics
2026-03-06 19:39:36,883 | 2028131 | INFO | queue[0024] trial 22 fold 4 no_physics
2026-03-06 19:39:36,884 | 2028131 | INFO | queue[0025] trial 22 fold 5 no_physics
2026-03-06 19:39:36,884 | 2028131 | INFO | queue[0026] trial 23 fold 1 no_physics
2026-03-06 19:39:36,884 | 2028131 | INFO | queue[0027] trial 23 fold 2 no_physics
2026-03-06 19:39:36,884 | 2028131 | INFO | queue[0028] trial 23 fold 3 no_physics
2026-03-06 19:39:36,884 | 2028131 | INFO | queue[0029] trial 23 fold 4 no_physics
2026-03-06 19:39:36,884 | 2028131 | INFO | queue[0030] trial 23 fold 5 no_physics
2026-03-06 19:39:36,884 | 2028131 | INFO | queue[0031] trial 24 fold 1 no_physics
2026-03-06 19:39:36,884 | 2028131 | INFO | queue[0032] trial 24 fold 2 no_physics
2026-03-06 19:39:36,885 | 2028131 | INFO | queue[0033] trial 24 fold 3 no_physics
2026-03-06 19:39:36,885 | 2028131 | INFO | queue[0034] trial 24 fold 4 no_physics
2026-03-06 19:39:36,885 | 2028131 | INFO | queue[0035] trial 24 fold 5 no_physics
2026-03-06 19:39:36,885 | 2028131 | INFO | queue[0036] trial 25 fold 1 no_physics
2026-03-06 19:39:36,885 | 2028131 | INFO | queue[0037] trial 25 fold 2 no_physics
2026-03-06 19:39:36,885 | 2028131 | INFO | queue[0038] trial 25 fold 3 no_physics
2026-03-06 19:39:36,885 | 2028131 | INFO | queue[0039] trial 25 fold 4 no_physics
2026-03-06 19:39:36,885 | 2028131 | INFO | queue[0040] trial 25 fold 5 no_physics
2026-03-06 19:39:36,885 | 2028131 | INFO | queue[0041] trial 26 fold 1 no_physics
2026-03-06 19:39:36,886 | 2028131 | INFO | queue[0042] trial 26 fold 2 no_physics
2026-03-06 19:39:36,886 | 2028131 | INFO | queue[0043] trial 26 fold 3 no_physics
2026-03-06 19:39:36,886 | 2028131 | INFO | queue[0044] trial 26 fold 4 no_physics
2026-03-06 19:39:36,886 | 2028131 | INFO | queue[0045] trial 26 fold 5 no_physics
2026-03-06 19:39:36,886 | 2028131 | INFO | queue[0046] trial 27 fold 1 no_physics
2026-03-06 19:39:36,886 | 2028131 | INFO | queue[0047] trial 27 fold 2 no_physics
2026-03-06 19:39:36,886 | 2028131 | INFO | queue[0048] trial 27 fold 3 no_physics
2026-03-06 19:39:36,886 | 2028131 | INFO | queue[0049] trial 27 fold 4 no_physics
2026-03-06 19:39:36,887 | 2028131 | INFO | queue[0050] trial 27 fold 5 no_physics
2026-03-06 19:39:36,887 | 2028131 | INFO | queue[0051] trial 28 fold 1 no_physics
2026-03-06 19:39:36,887 | 2028131 | INFO | queue[0052] trial 28 fold 2 no_physics
2026-03-06 19:39:36,887 | 2028131 | INFO | queue[0053] trial 28 fold 3 no_physics
2026-03-06 19:39:36,887 | 2028131 | INFO | queue[0054] trial 28 fold 4 no_physics
2026-03-06 19:39:36,887 | 2028131 | INFO | queue[0055] trial 28 fold 5 no_physics
2026-03-06 19:39:36,887 | 2028131 | INFO | [END BAYES QUEUE]
2026-03-06 19:42:59,129 | 2028131 | INFO | [TRIAL COMPLETE] trial 7 no_physics NSE_1D=0.86586 NSE_1H=0.79352
2026-03-06 19:42:59,433 | 2028131 | INFO | [ENQUEUE TRIAL] trial 29 no_physics
2026-03-06 19:42:59,433 | 2028131 | INFO | [BAYES QUEUE STATE]
2026-03-06 19:42:59,434 | 2028131 | INFO | pending_jobs = 57
2026-03-06 19:42:59,434 | 2028131 | INFO | inflight_trials = [0, 1, 2, 3, 7, 8, 9, 10, 11, 12, 13, 14, 15, 16, 17, 18, 19, 20, 21, 22, 23, 24, 25, 26, 27, 28]
2026-03-06 19:42:59,434 | 2028131 | INFO | queue[0000] trial 18 fold 4 no_physics
2026-03-06 19:42:59,434 | 2028131 | INFO | queue[0001] trial 18 fold 5 no_physics
2026-03-06 19:42:59,434 | 2028131 | INFO | queue[0002] trial 19 fold 1 no_physics
2026-03-06 19:42:59,434 | 2028131 | INFO | queue[0003] trial 19 fold 2 no_physics
2026-03-06 19:42:59,434 | 2028131 | INFO | queue[0004] trial 19 fold 3 no_physics
2026-03-06 19:42:59,434 | 2028131 | INFO | queue[0005] trial 19 fold 4 no_physics
2026-03-06 19:42:59,435 | 2028131 | INFO | queue[0006] trial 19 fold 5 no_physics
2026-03-06 19:42:59,435 | 2028131 | INFO | queue[0007] trial 20 fold 1 no_physics
2026-03-06 19:42:59,435 | 2028131 | INFO | queue[0008] trial 20 fold 2 no_physics
2026-03-06 19:42:59,435 | 2028131 | INFO | queue[0009] trial 20 fold 3 no_physics
2026-03-06 19:42:59,435 | 2028131 | INFO | queue[0010] trial 20 fold 4 no_physics
2026-03-06 19:42:59,435 | 2028131 | INFO | queue[0011] trial 20 fold 5 no_physics
2026-03-06 19:42:59,435 | 2028131 | INFO | queue[0012] trial 21 fold 1 no_physics
2026-03-06 19:42:59,435 | 2028131 | INFO | queue[0013] trial 21 fold 2 no_physics
2026-03-06 19:42:59,435 | 2028131 | INFO | queue[0014] trial 21 fold 3 no_physics
2026-03-06 19:42:59,436 | 2028131 | INFO | queue[0015] trial 21 fold 4 no_physics
2026-03-06 19:42:59,436 | 2028131 | INFO | queue[0016] trial 21 fold 5 no_physics
2026-03-06 19:42:59,436 | 2028131 | INFO | queue[0017] trial 22 fold 1 no_physics
2026-03-06 19:42:59,436 | 2028131 | INFO | queue[0018] trial 22 fold 2 no_physics
2026-03-06 19:42:59,436 | 2028131 | INFO | queue[0019] trial 22 fold 3 no_physics
2026-03-06 19:42:59,436 | 2028131 | INFO | queue[0020] trial 22 fold 4 no_physics
2026-03-06 19:42:59,436 | 2028131 | INFO | queue[0021] trial 22 fold 5 no_physics
2026-03-06 19:42:59,437 | 2028131 | INFO | queue[0022] trial 23 fold 1 no_physics
2026-03-06 19:42:59,437 | 2028131 | INFO | queue[0023] trial 23 fold 2 no_physics
2026-03-06 19:42:59,437 | 2028131 | INFO | queue[0024] trial 23 fold 3 no_physics
2026-03-06 19:42:59,437 | 2028131 | INFO | queue[0025] trial 23 fold 4 no_physics
2026-03-06 19:42:59,437 | 2028131 | INFO | queue[0026] trial 23 fold 5 no_physics
2026-03-06 19:42:59,437 | 2028131 | INFO | queue[0027] trial 24 fold 1 no_physics
2026-03-06 19:42:59,437 | 2028131 | INFO | queue[0028] trial 24 fold 2 no_physics
2026-03-06 19:42:59,437 | 2028131 | INFO | queue[0029] trial 24 fold 3 no_physics
2026-03-06 19:42:59,437 | 2028131 | INFO | queue[0030] trial 24 fold 4 no_physics
2026-03-06 19:42:59,438 | 2028131 | INFO | queue[0031] trial 24 fold 5 no_physics
2026-03-06 19:42:59,438 | 2028131 | INFO | queue[0032] trial 25 fold 1 no_physics
2026-03-06 19:42:59,438 | 2028131 | INFO | queue[0033] trial 25 fold 2 no_physics
2026-03-06 19:42:59,438 | 2028131 | INFO | queue[0034] trial 25 fold 3 no_physics
2026-03-06 19:42:59,438 | 2028131 | INFO | queue[0035] trial 25 fold 4 no_physics
2026-03-06 19:42:59,438 | 2028131 | INFO | queue[0036] trial 25 fold 5 no_physics
2026-03-06 19:42:59,438 | 2028131 | INFO | queue[0037] trial 26 fold 1 no_physics
2026-03-06 19:42:59,438 | 2028131 | INFO | queue[0038] trial 26 fold 2 no_physics
2026-03-06 19:42:59,438 | 2028131 | INFO | queue[0039] trial 26 fold 3 no_physics
2026-03-06 19:42:59,438 | 2028131 | INFO | queue[0040] trial 26 fold 4 no_physics
2026-03-06 19:42:59,439 | 2028131 | INFO | queue[0041] trial 26 fold 5 no_physics
2026-03-06 19:42:59,439 | 2028131 | INFO | queue[0042] trial 27 fold 1 no_physics
2026-03-06 19:42:59,439 | 2028131 | INFO | queue[0043] trial 27 fold 2 no_physics
2026-03-06 19:42:59,439 | 2028131 | INFO | queue[0044] trial 27 fold 3 no_physics
2026-03-06 19:42:59,439 | 2028131 | INFO | queue[0045] trial 27 fold 4 no_physics
2026-03-06 19:42:59,439 | 2028131 | INFO | queue[0046] trial 27 fold 5 no_physics
2026-03-06 19:42:59,439 | 2028131 | INFO | queue[0047] trial 28 fold 1 no_physics
2026-03-06 19:42:59,439 | 2028131 | INFO | queue[0048] trial 28 fold 2 no_physics
2026-03-06 19:42:59,440 | 2028131 | INFO | queue[0049] trial 28 fold 3 no_physics
2026-03-06 19:42:59,440 | 2028131 | INFO | queue[0050] trial 28 fold 4 no_physics
2026-03-06 19:42:59,440 | 2028131 | INFO | queue[0051] trial 28 fold 5 no_physics
2026-03-06 19:42:59,440 | 2028131 | INFO | queue[0052] trial 29 fold 1 no_physics
2026-03-06 19:42:59,440 | 2028131 | INFO | queue[0053] trial 29 fold 2 no_physics
2026-03-06 19:42:59,440 | 2028131 | INFO | queue[0054] trial 29 fold 3 no_physics
2026-03-06 19:42:59,440 | 2028131 | INFO | queue[0055] trial 29 fold 4 no_physics
2026-03-06 19:42:59,440 | 2028131 | INFO | queue[0056] trial 29 fold 5 no_physics
2026-03-06 19:42:59,441 | 2028131 | INFO | [END BAYES QUEUE]
2026-03-06 19:43:53,112 | 2028131 | INFO | [TRIAL COMPLETE] trial 9 no_physics NSE_1D=0.88460 NSE_1H=0.82467
2026-03-06 19:49:37,114 | 2028131 | INFO | [TRIAL COMPLETE] trial 3 no_physics NSE_1D=0.86341 NSE_1H=0.79166
2026-03-06 19:49:37,434 | 2028131 | INFO | [ENQUEUE TRIAL] trial 30 no_physics
2026-03-06 19:49:37,434 | 2028131 | INFO | [BAYES QUEUE STATE]
2026-03-06 19:49:37,434 | 2028131 | INFO | pending_jobs = 53
2026-03-06 19:49:37,434 | 2028131 | INFO | inflight_trials = [0, 1, 3, 7, 9, 10, 11, 12, 13, 14, 15, 16, 17, 18, 19, 20, 21, 22, 23, 24, 25, 26, 27, 28, 29]
2026-03-06 19:49:37,435 | 2028131 | INFO | queue[0000] trial 20 fold 3 no_physics
2026-03-06 19:49:37,435 | 2028131 | INFO | queue[0001] trial 20 fold 4 no_physics
2026-03-06 19:49:37,435 | 2028131 | INFO | queue[0002] trial 20 fold 5 no_physics
2026-03-06 19:49:37,435 | 2028131 | INFO | queue[0003] trial 21 fold 1 no_physics
2026-03-06 19:49:37,435 | 2028131 | INFO | queue[0004] trial 21 fold 2 no_physics
2026-03-06 19:49:37,435 | 2028131 | INFO | queue[0005] trial 21 fold 3 no_physics
2026-03-06 19:49:37,435 | 2028131 | INFO | queue[0006] trial 21 fold 4 no_physics
2026-03-06 19:49:37,436 | 2028131 | INFO | queue[0007] trial 21 fold 5 no_physics
2026-03-06 19:49:37,436 | 2028131 | INFO | queue[0008] trial 22 fold 1 no_physics
2026-03-06 19:49:37,436 | 2028131 | INFO | queue[0009] trial 22 fold 2 no_physics
2026-03-06 19:49:37,436 | 2028131 | INFO | queue[0010] trial 22 fold 3 no_physics
2026-03-06 19:49:37,436 | 2028131 | INFO | queue[0011] trial 22 fold 4 no_physics
2026-03-06 19:49:37,436 | 2028131 | INFO | queue[0012] trial 22 fold 5 no_physics
2026-03-06 19:49:37,436 | 2028131 | INFO | queue[0013] trial 23 fold 1 no_physics
2026-03-06 19:49:37,436 | 2028131 | INFO | queue[0014] trial 23 fold 2 no_physics
2026-03-06 19:49:37,436 | 2028131 | INFO | queue[0015] trial 23 fold 3 no_physics
2026-03-06 19:49:37,437 | 2028131 | INFO | queue[0016] trial 23 fold 4 no_physics
2026-03-06 19:49:37,437 | 2028131 | INFO | queue[0017] trial 23 fold 5 no_physics
2026-03-06 19:49:37,437 | 2028131 | INFO | queue[0018] trial 24 fold 1 no_physics
2026-03-06 19:49:37,437 | 2028131 | INFO | queue[0019] trial 24 fold 2 no_physics
2026-03-06 19:49:37,437 | 2028131 | INFO | queue[0020] trial 24 fold 3 no_physics
2026-03-06 19:49:37,437 | 2028131 | INFO | queue[0021] trial 24 fold 4 no_physics
2026-03-06 19:49:37,437 | 2028131 | INFO | queue[0022] trial 24 fold 5 no_physics
2026-03-06 19:49:37,437 | 2028131 | INFO | queue[0023] trial 25 fold 1 no_physics
2026-03-06 19:49:37,438 | 2028131 | INFO | queue[0024] trial 25 fold 2 no_physics
2026-03-06 19:49:37,438 | 2028131 | INFO | queue[0025] trial 25 fold 3 no_physics
2026-03-06 19:49:37,438 | 2028131 | INFO | queue[0026] trial 25 fold 4 no_physics
2026-03-06 19:49:37,438 | 2028131 | INFO | queue[0027] trial 25 fold 5 no_physics
2026-03-06 19:49:37,438 | 2028131 | INFO | queue[0028] trial 26 fold 1 no_physics
2026-03-06 19:49:37,438 | 2028131 | INFO | queue[0029] trial 26 fold 2 no_physics
2026-03-06 19:49:37,438 | 2028131 | INFO | queue[0030] trial 26 fold 3 no_physics
2026-03-06 19:49:37,438 | 2028131 | INFO | queue[0031] trial 26 fold 4 no_physics
2026-03-06 19:49:37,438 | 2028131 | INFO | queue[0032] trial 26 fold 5 no_physics
2026-03-06 19:49:37,439 | 2028131 | INFO | queue[0033] trial 27 fold 1 no_physics
2026-03-06 19:49:37,439 | 2028131 | INFO | queue[0034] trial 27 fold 2 no_physics
2026-03-06 19:49:37,439 | 2028131 | INFO | queue[0035] trial 27 fold 3 no_physics
2026-03-06 19:49:37,439 | 2028131 | INFO | queue[0036] trial 27 fold 4 no_physics
2026-03-06 19:49:37,439 | 2028131 | INFO | queue[0037] trial 27 fold 5 no_physics
2026-03-06 19:49:37,439 | 2028131 | INFO | queue[0038] trial 28 fold 1 no_physics
2026-03-06 19:49:37,439 | 2028131 | INFO | queue[0039] trial 28 fold 2 no_physics
2026-03-06 19:49:37,439 | 2028131 | INFO | queue[0040] trial 28 fold 3 no_physics
2026-03-06 19:49:37,439 | 2028131 | INFO | queue[0041] trial 28 fold 4 no_physics
2026-03-06 19:49:37,439 | 2028131 | INFO | queue[0042] trial 28 fold 5 no_physics
2026-03-06 19:49:37,440 | 2028131 | INFO | queue[0043] trial 29 fold 1 no_physics
2026-03-06 19:49:37,440 | 2028131 | INFO | queue[0044] trial 29 fold 2 no_physics
2026-03-06 19:49:37,440 | 2028131 | INFO | queue[0045] trial 29 fold 3 no_physics
2026-03-06 19:49:37,440 | 2028131 | INFO | queue[0046] trial 29 fold 4 no_physics
2026-03-06 19:49:37,440 | 2028131 | INFO | queue[0047] trial 29 fold 5 no_physics
2026-03-06 19:49:37,440 | 2028131 | INFO | queue[0048] trial 30 fold 1 no_physics
2026-03-06 19:49:37,440 | 2028131 | INFO | queue[0049] trial 30 fold 2 no_physics
2026-03-06 19:49:37,440 | 2028131 | INFO | queue[0050] trial 30 fold 3 no_physics
2026-03-06 19:49:37,440 | 2028131 | INFO | queue[0051] trial 30 fold 4 no_physics
2026-03-06 19:49:37,441 | 2028131 | INFO | queue[0052] trial 30 fold 5 no_physics
2026-03-06 19:49:37,441 | 2028131 | INFO | [END BAYES QUEUE]
2026-03-06 19:49:37,722 | 2028131 | INFO | [ENQUEUE TRIAL] trial 31 no_physics
2026-03-06 19:49:37,722 | 2028131 | INFO | [BAYES QUEUE STATE]
2026-03-06 19:49:37,722 | 2028131 | INFO | pending_jobs = 58
2026-03-06 19:49:37,723 | 2028131 | INFO | inflight_trials = [0, 1, 3, 7, 9, 10, 11, 12, 13, 14, 15, 16, 17, 18, 19, 20, 21, 22, 23, 24, 25, 26, 27, 28, 29, 30]
2026-03-06 19:49:37,723 | 2028131 | INFO | queue[0000] trial 20 fold 3 no_physics
2026-03-06 19:49:37,723 | 2028131 | INFO | queue[0001] trial 20 fold 4 no_physics
2026-03-06 19:49:37,723 | 2028131 | INFO | queue[0002] trial 20 fold 5 no_physics
2026-03-06 19:49:37,723 | 2028131 | INFO | queue[0003] trial 21 fold 1 no_physics
2026-03-06 19:49:37,723 | 2028131 | INFO | queue[0004] trial 21 fold 2 no_physics
2026-03-06 19:49:37,723 | 2028131 | INFO | queue[0005] trial 21 fold 3 no_physics
2026-03-06 19:49:37,723 | 2028131 | INFO | queue[0006] trial 21 fold 4 no_physics
2026-03-06 19:49:37,724 | 2028131 | INFO | queue[0007] trial 21 fold 5 no_physics
2026-03-06 19:49:37,724 | 2028131 | INFO | queue[0008] trial 22 fold 1 no_physics
2026-03-06 19:49:37,724 | 2028131 | INFO | queue[0009] trial 22 fold 2 no_physics
2026-03-06 19:49:37,724 | 2028131 | INFO | queue[0010] trial 22 fold 3 no_physics
2026-03-06 19:49:37,724 | 2028131 | INFO | queue[0011] trial 22 fold 4 no_physics
2026-03-06 19:49:37,724 | 2028131 | INFO | queue[0012] trial 22 fold 5 no_physics
2026-03-06 19:49:37,724 | 2028131 | INFO | queue[0013] trial 23 fold 1 no_physics
2026-03-06 19:49:37,724 | 2028131 | INFO | queue[0014] trial 23 fold 2 no_physics
2026-03-06 19:49:37,724 | 2028131 | INFO | queue[0015] trial 23 fold 3 no_physics
2026-03-06 19:49:37,725 | 2028131 | INFO | queue[0016] trial 23 fold 4 no_physics
2026-03-06 19:49:37,725 | 2028131 | INFO | queue[0017] trial 23 fold 5 no_physics
2026-03-06 19:49:37,725 | 2028131 | INFO | queue[0018] trial 24 fold 1 no_physics
2026-03-06 19:49:37,725 | 2028131 | INFO | queue[0019] trial 24 fold 2 no_physics
2026-03-06 19:49:37,725 | 2028131 | INFO | queue[0020] trial 24 fold 3 no_physics
2026-03-06 19:49:37,725 | 2028131 | INFO | queue[0021] trial 24 fold 4 no_physics
2026-03-06 19:49:37,725 | 2028131 | INFO | queue[0022] trial 24 fold 5 no_physics
2026-03-06 19:49:37,725 | 2028131 | INFO | queue[0023] trial 25 fold 1 no_physics
2026-03-06 19:49:37,725 | 2028131 | INFO | queue[0024] trial 25 fold 2 no_physics
2026-03-06 19:49:37,726 | 2028131 | INFO | queue[0025] trial 25 fold 3 no_physics
2026-03-06 19:49:37,726 | 2028131 | INFO | queue[0026] trial 25 fold 4 no_physics
2026-03-06 19:49:37,726 | 2028131 | INFO | queue[0027] trial 25 fold 5 no_physics
2026-03-06 19:49:37,726 | 2028131 | INFO | queue[0028] trial 26 fold 1 no_physics
2026-03-06 19:49:37,726 | 2028131 | INFO | queue[0029] trial 26 fold 2 no_physics
2026-03-06 19:49:37,726 | 2028131 | INFO | queue[0030] trial 26 fold 3 no_physics
2026-03-06 19:49:37,726 | 2028131 | INFO | queue[0031] trial 26 fold 4 no_physics
2026-03-06 19:49:37,726 | 2028131 | INFO | queue[0032] trial 26 fold 5 no_physics
2026-03-06 19:49:37,726 | 2028131 | INFO | queue[0033] trial 27 fold 1 no_physics
2026-03-06 19:49:37,727 | 2028131 | INFO | queue[0034] trial 27 fold 2 no_physics
2026-03-06 19:49:37,727 | 2028131 | INFO | queue[0035] trial 27 fold 3 no_physics
2026-03-06 19:49:37,727 | 2028131 | INFO | queue[0036] trial 27 fold 4 no_physics
2026-03-06 19:49:37,727 | 2028131 | INFO | queue[0037] trial 27 fold 5 no_physics
2026-03-06 19:49:37,727 | 2028131 | INFO | queue[0038] trial 28 fold 1 no_physics
2026-03-06 19:49:37,727 | 2028131 | INFO | queue[0039] trial 28 fold 2 no_physics
2026-03-06 19:49:37,727 | 2028131 | INFO | queue[0040] trial 28 fold 3 no_physics
2026-03-06 19:49:37,727 | 2028131 | INFO | queue[0041] trial 28 fold 4 no_physics
2026-03-06 19:49:37,728 | 2028131 | INFO | queue[0042] trial 28 fold 5 no_physics
2026-03-06 19:49:37,728 | 2028131 | INFO | queue[0043] trial 29 fold 1 no_physics
2026-03-06 19:49:37,728 | 2028131 | INFO | queue[0044] trial 29 fold 2 no_physics
2026-03-06 19:49:37,728 | 2028131 | INFO | queue[0045] trial 29 fold 3 no_physics
2026-03-06 19:49:37,728 | 2028131 | INFO | queue[0046] trial 29 fold 4 no_physics
2026-03-06 19:49:37,728 | 2028131 | INFO | queue[0047] trial 29 fold 5 no_physics
2026-03-06 19:49:37,728 | 2028131 | INFO | queue[0048] trial 30 fold 1 no_physics
2026-03-06 19:49:37,728 | 2028131 | INFO | queue[0049] trial 30 fold 2 no_physics
2026-03-06 19:49:37,728 | 2028131 | INFO | queue[0050] trial 30 fold 3 no_physics
2026-03-06 19:49:37,729 | 2028131 | INFO | queue[0051] trial 30 fold 4 no_physics
2026-03-06 19:49:37,729 | 2028131 | INFO | queue[0052] trial 30 fold 5 no_physics
2026-03-06 19:49:37,729 | 2028131 | INFO | queue[0053] trial 31 fold 1 no_physics
2026-03-06 19:49:37,729 | 2028131 | INFO | queue[0054] trial 31 fold 2 no_physics
2026-03-06 19:49:37,729 | 2028131 | INFO | queue[0055] trial 31 fold 3 no_physics
2026-03-06 19:49:37,729 | 2028131 | INFO | queue[0056] trial 31 fold 4 no_physics
2026-03-06 19:49:37,729 | 2028131 | INFO | queue[0057] trial 31 fold 5 no_physics
2026-03-06 19:49:37,729 | 2028131 | INFO | [END BAYES QUEUE]
2026-03-06 20:00:12,402 | 2028131 | INFO | [TRIAL COMPLETE] trial 12 no_physics NSE_1D=0.84257 NSE_1H=0.81311
2026-03-06 20:00:12,695 | 2028131 | INFO | [ENQUEUE TRIAL] trial 32 no_physics
2026-03-06 20:00:12,696 | 2028131 | INFO | [BAYES QUEUE STATE]
2026-03-06 20:00:12,696 | 2028131 | INFO | pending_jobs = 50
2026-03-06 20:00:12,696 | 2028131 | INFO | inflight_trials = [0, 1, 3, 7, 9, 10, 12, 13, 14, 15, 16, 17, 18, 19, 20, 21, 22, 23, 24, 25, 26, 27, 28, 29, 30, 31]
2026-03-06 20:00:12,696 | 2028131 | INFO | queue[0000] trial 23 fold 1 no_physics
2026-03-06 20:00:12,696 | 2028131 | INFO | queue[0001] trial 23 fold 2 no_physics
2026-03-06 20:00:12,696 | 2028131 | INFO | queue[0002] trial 23 fold 3 no_physics
2026-03-06 20:00:12,697 | 2028131 | INFO | queue[0003] trial 23 fold 4 no_physics
2026-03-06 20:00:12,697 | 2028131 | INFO | queue[0004] trial 23 fold 5 no_physics
2026-03-06 20:00:12,697 | 2028131 | INFO | queue[0005] trial 24 fold 1 no_physics
2026-03-06 20:00:12,697 | 2028131 | INFO | queue[0006] trial 24 fold 2 no_physics
2026-03-06 20:00:12,697 | 2028131 | INFO | queue[0007] trial 24 fold 3 no_physics
2026-03-06 20:00:12,697 | 2028131 | INFO | queue[0008] trial 24 fold 4 no_physics
2026-03-06 20:00:12,697 | 2028131 | INFO | queue[0009] trial 24 fold 5 no_physics
2026-03-06 20:00:12,697 | 2028131 | INFO | queue[0010] trial 25 fold 1 no_physics
2026-03-06 20:00:12,697 | 2028131 | INFO | queue[0011] trial 25 fold 2 no_physics
2026-03-06 20:00:12,698 | 2028131 | INFO | queue[0012] trial 25 fold 3 no_physics
2026-03-06 20:00:12,698 | 2028131 | INFO | queue[0013] trial 25 fold 4 no_physics
2026-03-06 20:00:12,698 | 2028131 | INFO | queue[0014] trial 25 fold 5 no_physics
2026-03-06 20:00:12,698 | 2028131 | INFO | queue[0015] trial 26 fold 1 no_physics
2026-03-06 20:00:12,698 | 2028131 | INFO | queue[0016] trial 26 fold 2 no_physics
2026-03-06 20:00:12,698 | 2028131 | INFO | queue[0017] trial 26 fold 3 no_physics
2026-03-06 20:00:12,698 | 2028131 | INFO | queue[0018] trial 26 fold 4 no_physics
2026-03-06 20:00:12,698 | 2028131 | INFO | queue[0019] trial 26 fold 5 no_physics
2026-03-06 20:00:12,699 | 2028131 | INFO | queue[0020] trial 27 fold 1 no_physics
2026-03-06 20:00:12,699 | 2028131 | INFO | queue[0021] trial 27 fold 2 no_physics
2026-03-06 20:00:12,699 | 2028131 | INFO | queue[0022] trial 27 fold 3 no_physics
2026-03-06 20:00:12,699 | 2028131 | INFO | queue[0023] trial 27 fold 4 no_physics
2026-03-06 20:00:12,699 | 2028131 | INFO | queue[0024] trial 27 fold 5 no_physics
2026-03-06 20:00:12,699 | 2028131 | INFO | queue[0025] trial 28 fold 1 no_physics
2026-03-06 20:00:12,699 | 2028131 | INFO | queue[0026] trial 28 fold 2 no_physics
2026-03-06 20:00:12,699 | 2028131 | INFO | queue[0027] trial 28 fold 3 no_physics
2026-03-06 20:00:12,700 | 2028131 | INFO | queue[0028] trial 28 fold 4 no_physics
2026-03-06 20:00:12,700 | 2028131 | INFO | queue[0029] trial 28 fold 5 no_physics
2026-03-06 20:00:12,700 | 2028131 | INFO | queue[0030] trial 29 fold 1 no_physics
2026-03-06 20:00:12,700 | 2028131 | INFO | queue[0031] trial 29 fold 2 no_physics
2026-03-06 20:00:12,700 | 2028131 | INFO | queue[0032] trial 29 fold 3 no_physics
2026-03-06 20:00:12,700 | 2028131 | INFO | queue[0033] trial 29 fold 4 no_physics
2026-03-06 20:00:12,700 | 2028131 | INFO | queue[0034] trial 29 fold 5 no_physics
2026-03-06 20:00:12,700 | 2028131 | INFO | queue[0035] trial 30 fold 1 no_physics
2026-03-06 20:00:12,701 | 2028131 | INFO | queue[0036] trial 30 fold 2 no_physics
2026-03-06 20:00:12,701 | 2028131 | INFO | queue[0037] trial 30 fold 3 no_physics
2026-03-06 20:00:12,701 | 2028131 | INFO | queue[0038] trial 30 fold 4 no_physics
2026-03-06 20:00:12,701 | 2028131 | INFO | queue[0039] trial 30 fold 5 no_physics
2026-03-06 20:00:12,701 | 2028131 | INFO | queue[0040] trial 31 fold 1 no_physics
2026-03-06 20:00:12,701 | 2028131 | INFO | queue[0041] trial 31 fold 2 no_physics
2026-03-06 20:00:12,701 | 2028131 | INFO | queue[0042] trial 31 fold 3 no_physics
2026-03-06 20:00:12,701 | 2028131 | INFO | queue[0043] trial 31 fold 4 no_physics
2026-03-06 20:00:12,701 | 2028131 | INFO | queue[0044] trial 31 fold 5 no_physics
2026-03-06 20:00:12,701 | 2028131 | INFO | queue[0045] trial 32 fold 1 no_physics
2026-03-06 20:00:12,702 | 2028131 | INFO | queue[0046] trial 32 fold 2 no_physics
2026-03-06 20:00:12,702 | 2028131 | INFO | queue[0047] trial 32 fold 3 no_physics
2026-03-06 20:00:12,702 | 2028131 | INFO | queue[0048] trial 32 fold 4 no_physics
2026-03-06 20:00:12,702 | 2028131 | INFO | queue[0049] trial 32 fold 5 no_physics
2026-03-06 20:00:12,702 | 2028131 | INFO | [END BAYES QUEUE]
2026-03-06 20:00:12,974 | 2028131 | INFO | [ENQUEUE TRIAL] trial 33 no_physics
2026-03-06 20:00:12,975 | 2028131 | INFO | [BAYES QUEUE STATE]
2026-03-06 20:00:12,975 | 2028131 | INFO | pending_jobs = 55
2026-03-06 20:00:12,975 | 2028131 | INFO | inflight_trials = [0, 1, 3, 7, 9, 10, 12, 13, 14, 15, 16, 17, 18, 19, 20, 21, 22, 23, 24, 25, 26, 27, 28, 29, 30, 31, 32]
2026-03-06 20:00:12,975 | 2028131 | INFO | queue[0000] trial 23 fold 1 no_physics
2026-03-06 20:00:12,975 | 2028131 | INFO | queue[0001] trial 23 fold 2 no_physics
2026-03-06 20:00:12,975 | 2028131 | INFO | queue[0002] trial 23 fold 3 no_physics
2026-03-06 20:00:12,975 | 2028131 | INFO | queue[0003] trial 23 fold 4 no_physics
2026-03-06 20:00:12,976 | 2028131 | INFO | queue[0004] trial 23 fold 5 no_physics
2026-03-06 20:00:12,976 | 2028131 | INFO | queue[0005] trial 24 fold 1 no_physics
2026-03-06 20:00:12,976 | 2028131 | INFO | queue[0006] trial 24 fold 2 no_physics
2026-03-06 20:00:12,976 | 2028131 | INFO | queue[0007] trial 24 fold 3 no_physics
2026-03-06 20:00:12,976 | 2028131 | INFO | queue[0008] trial 24 fold 4 no_physics
2026-03-06 20:00:12,976 | 2028131 | INFO | queue[0009] trial 24 fold 5 no_physics
2026-03-06 20:00:12,976 | 2028131 | INFO | queue[0010] trial 25 fold 1 no_physics
2026-03-06 20:00:12,976 | 2028131 | INFO | queue[0011] trial 25 fold 2 no_physics
2026-03-06 20:00:12,976 | 2028131 | INFO | queue[0012] trial 25 fold 3 no_physics
2026-03-06 20:00:12,976 | 2028131 | INFO | queue[0013] trial 25 fold 4 no_physics
2026-03-06 20:00:12,977 | 2028131 | INFO | queue[0014] trial 25 fold 5 no_physics
2026-03-06 20:00:12,977 | 2028131 | INFO | queue[0015] trial 26 fold 1 no_physics
2026-03-06 20:00:12,977 | 2028131 | INFO | queue[0016] trial 26 fold 2 no_physics
2026-03-06 20:00:12,977 | 2028131 | INFO | queue[0017] trial 26 fold 3 no_physics
2026-03-06 20:00:12,977 | 2028131 | INFO | queue[0018] trial 26 fold 4 no_physics
2026-03-06 20:00:12,977 | 2028131 | INFO | queue[0019] trial 26 fold 5 no_physics
2026-03-06 20:00:12,977 | 2028131 | INFO | queue[0020] trial 27 fold 1 no_physics
2026-03-06 20:00:12,977 | 2028131 | INFO | queue[0021] trial 27 fold 2 no_physics
2026-03-06 20:00:12,977 | 2028131 | INFO | queue[0022] trial 27 fold 3 no_physics
2026-03-06 20:00:12,978 | 2028131 | INFO | queue[0023] trial 27 fold 4 no_physics
2026-03-06 20:00:12,978 | 2028131 | INFO | queue[0024] trial 27 fold 5 no_physics
2026-03-06 20:00:12,978 | 2028131 | INFO | queue[0025] trial 28 fold 1 no_physics
2026-03-06 20:00:12,978 | 2028131 | INFO | queue[0026] trial 28 fold 2 no_physics
2026-03-06 20:00:12,978 | 2028131 | INFO | queue[0027] trial 28 fold 3 no_physics
2026-03-06 20:00:12,978 | 2028131 | INFO | queue[0028] trial 28 fold 4 no_physics
2026-03-06 20:00:12,978 | 2028131 | INFO | queue[0029] trial 28 fold 5 no_physics
2026-03-06 20:00:12,978 | 2028131 | INFO | queue[0030] trial 29 fold 1 no_physics
2026-03-06 20:00:12,978 | 2028131 | INFO | queue[0031] trial 29 fold 2 no_physics
2026-03-06 20:00:12,979 | 2028131 | INFO | queue[0032] trial 29 fold 3 no_physics
2026-03-06 20:00:12,979 | 2028131 | INFO | queue[0033] trial 29 fold 4 no_physics
2026-03-06 20:00:12,979 | 2028131 | INFO | queue[0034] trial 29 fold 5 no_physics
2026-03-06 20:00:12,979 | 2028131 | INFO | queue[0035] trial 30 fold 1 no_physics
2026-03-06 20:00:12,979 | 2028131 | INFO | queue[0036] trial 30 fold 2 no_physics
2026-03-06 20:00:12,979 | 2028131 | INFO | queue[0037] trial 30 fold 3 no_physics
2026-03-06 20:00:12,979 | 2028131 | INFO | queue[0038] trial 30 fold 4 no_physics
2026-03-06 20:00:12,979 | 2028131 | INFO | queue[0039] trial 30 fold 5 no_physics
2026-03-06 20:00:12,979 | 2028131 | INFO | queue[0040] trial 31 fold 1 no_physics
2026-03-06 20:00:12,979 | 2028131 | INFO | queue[0041] trial 31 fold 2 no_physics
2026-03-06 20:00:12,980 | 2028131 | INFO | queue[0042] trial 31 fold 3 no_physics
2026-03-06 20:00:12,980 | 2028131 | INFO | queue[0043] trial 31 fold 4 no_physics
2026-03-06 20:00:12,980 | 2028131 | INFO | queue[0044] trial 31 fold 5 no_physics
2026-03-06 20:00:12,980 | 2028131 | INFO | queue[0045] trial 32 fold 1 no_physics
2026-03-06 20:00:12,980 | 2028131 | INFO | queue[0046] trial 32 fold 2 no_physics
2026-03-06 20:00:12,980 | 2028131 | INFO | queue[0047] trial 32 fold 3 no_physics
2026-03-06 20:00:12,980 | 2028131 | INFO | queue[0048] trial 32 fold 4 no_physics
2026-03-06 20:00:12,980 | 2028131 | INFO | queue[0049] trial 32 fold 5 no_physics
2026-03-06 20:00:12,980 | 2028131 | INFO | queue[0050] trial 33 fold 1 no_physics
2026-03-06 20:00:12,981 | 2028131 | INFO | queue[0051] trial 33 fold 2 no_physics
2026-03-06 20:00:12,981 | 2028131 | INFO | queue[0052] trial 33 fold 3 no_physics
2026-03-06 20:00:12,981 | 2028131 | INFO | queue[0053] trial 33 fold 4 no_physics
2026-03-06 20:00:12,981 | 2028131 | INFO | queue[0054] trial 33 fold 5 no_physics
2026-03-06 20:00:12,981 | 2028131 | INFO | [END BAYES QUEUE]
2026-03-06 20:00:13,273 | 2028131 | INFO | [ENQUEUE TRIAL] trial 34 no_physics
2026-03-06 20:00:13,274 | 2028131 | INFO | [BAYES QUEUE STATE]
2026-03-06 20:00:13,274 | 2028131 | INFO | pending_jobs = 60
2026-03-06 20:00:13,274 | 2028131 | INFO | inflight_trials = [0, 1, 3, 7, 9, 10, 12, 13, 14, 15, 16, 17, 18, 19, 20, 21, 22, 23, 24, 25, 26, 27, 28, 29, 30, 31, 32, 33]
2026-03-06 20:00:13,274 | 2028131 | INFO | queue[0000] trial 23 fold 1 no_physics
2026-03-06 20:00:13,274 | 2028131 | INFO | queue[0001] trial 23 fold 2 no_physics
2026-03-06 20:00:13,274 | 2028131 | INFO | queue[0002] trial 23 fold 3 no_physics
2026-03-06 20:00:13,274 | 2028131 | INFO | queue[0003] trial 23 fold 4 no_physics
2026-03-06 20:00:13,274 | 2028131 | INFO | queue[0004] trial 23 fold 5 no_physics
2026-03-06 20:00:13,274 | 2028131 | INFO | queue[0005] trial 24 fold 1 no_physics
2026-03-06 20:00:13,275 | 2028131 | INFO | queue[0006] trial 24 fold 2 no_physics
2026-03-06 20:00:13,275 | 2028131 | INFO | queue[0007] trial 24 fold 3 no_physics
2026-03-06 20:00:13,275 | 2028131 | INFO | queue[0008] trial 24 fold 4 no_physics
2026-03-06 20:00:13,275 | 2028131 | INFO | queue[0009] trial 24 fold 5 no_physics
2026-03-06 20:00:13,275 | 2028131 | INFO | queue[0010] trial 25 fold 1 no_physics
2026-03-06 20:00:13,275 | 2028131 | INFO | queue[0011] trial 25 fold 2 no_physics
2026-03-06 20:00:13,275 | 2028131 | INFO | queue[0012] trial 25 fold 3 no_physics
2026-03-06 20:00:13,275 | 2028131 | INFO | queue[0013] trial 25 fold 4 no_physics
2026-03-06 20:00:13,275 | 2028131 | INFO | queue[0014] trial 25 fold 5 no_physics
2026-03-06 20:00:13,276 | 2028131 | INFO | queue[0015] trial 26 fold 1 no_physics
2026-03-06 20:00:13,276 | 2028131 | INFO | queue[0016] trial 26 fold 2 no_physics
2026-03-06 20:00:13,276 | 2028131 | INFO | queue[0017] trial 26 fold 3 no_physics
2026-03-06 20:00:13,276 | 2028131 | INFO | queue[0018] trial 26 fold 4 no_physics
2026-03-06 20:00:13,276 | 2028131 | INFO | queue[0019] trial 26 fold 5 no_physics
2026-03-06 20:00:13,276 | 2028131 | INFO | queue[0020] trial 27 fold 1 no_physics
2026-03-06 20:00:13,276 | 2028131 | INFO | queue[0021] trial 27 fold 2 no_physics
2026-03-06 20:00:13,276 | 2028131 | INFO | queue[0022] trial 27 fold 3 no_physics
2026-03-06 20:00:13,276 | 2028131 | INFO | queue[0023] trial 27 fold 4 no_physics
2026-03-06 20:00:13,277 | 2028131 | INFO | queue[0024] trial 27 fold 5 no_physics
2026-03-06 20:00:13,277 | 2028131 | INFO | queue[0025] trial 28 fold 1 no_physics
2026-03-06 20:00:13,277 | 2028131 | INFO | queue[0026] trial 28 fold 2 no_physics
2026-03-06 20:00:13,277 | 2028131 | INFO | queue[0027] trial 28 fold 3 no_physics
2026-03-06 20:00:13,277 | 2028131 | INFO | queue[0028] trial 28 fold 4 no_physics
2026-03-06 20:00:13,277 | 2028131 | INFO | queue[0029] trial 28 fold 5 no_physics
2026-03-06 20:00:13,277 | 2028131 | INFO | queue[0030] trial 29 fold 1 no_physics
2026-03-06 20:00:13,277 | 2028131 | INFO | queue[0031] trial 29 fold 2 no_physics
2026-03-06 20:00:13,277 | 2028131 | INFO | queue[0032] trial 29 fold 3 no_physics
2026-03-06 20:00:13,278 | 2028131 | INFO | queue[0033] trial 29 fold 4 no_physics
2026-03-06 20:00:13,278 | 2028131 | INFO | queue[0034] trial 29 fold 5 no_physics
2026-03-06 20:00:13,278 | 2028131 | INFO | queue[0035] trial 30 fold 1 no_physics
2026-03-06 20:00:13,278 | 2028131 | INFO | queue[0036] trial 30 fold 2 no_physics
2026-03-06 20:00:13,278 | 2028131 | INFO | queue[0037] trial 30 fold 3 no_physics
2026-03-06 20:00:13,278 | 2028131 | INFO | queue[0038] trial 30 fold 4 no_physics
2026-03-06 20:00:13,278 | 2028131 | INFO | queue[0039] trial 30 fold 5 no_physics
2026-03-06 20:00:13,278 | 2028131 | INFO | queue[0040] trial 31 fold 1 no_physics
2026-03-06 20:00:13,278 | 2028131 | INFO | queue[0041] trial 31 fold 2 no_physics
2026-03-06 20:00:13,278 | 2028131 | INFO | queue[0042] trial 31 fold 3 no_physics
2026-03-06 20:00:13,279 | 2028131 | INFO | queue[0043] trial 31 fold 4 no_physics
2026-03-06 20:00:13,279 | 2028131 | INFO | queue[0044] trial 31 fold 5 no_physics
2026-03-06 20:00:13,279 | 2028131 | INFO | queue[0045] trial 32 fold 1 no_physics
2026-03-06 20:00:13,279 | 2028131 | INFO | queue[0046] trial 32 fold 2 no_physics
2026-03-06 20:00:13,279 | 2028131 | INFO | queue[0047] trial 32 fold 3 no_physics
2026-03-06 20:00:13,279 | 2028131 | INFO | queue[0048] trial 32 fold 4 no_physics
2026-03-06 20:00:13,279 | 2028131 | INFO | queue[0049] trial 32 fold 5 no_physics
2026-03-06 20:00:13,279 | 2028131 | INFO | queue[0050] trial 33 fold 1 no_physics
2026-03-06 20:00:13,279 | 2028131 | INFO | queue[0051] trial 33 fold 2 no_physics
2026-03-06 20:00:13,280 | 2028131 | INFO | queue[0052] trial 33 fold 3 no_physics
2026-03-06 20:00:13,280 | 2028131 | INFO | queue[0053] trial 33 fold 4 no_physics
2026-03-06 20:00:13,280 | 2028131 | INFO | queue[0054] trial 33 fold 5 no_physics
2026-03-06 20:00:13,280 | 2028131 | INFO | queue[0055] trial 34 fold 1 no_physics
2026-03-06 20:00:13,280 | 2028131 | INFO | queue[0056] trial 34 fold 2 no_physics
2026-03-06 20:00:13,280 | 2028131 | INFO | queue[0057] trial 34 fold 3 no_physics
2026-03-06 20:00:13,280 | 2028131 | INFO | queue[0058] trial 34 fold 4 no_physics
2026-03-06 20:00:13,280 | 2028131 | INFO | queue[0059] trial 34 fold 5 no_physics
2026-03-06 20:00:13,280 | 2028131 | INFO | [END BAYES QUEUE]
2026-03-06 20:00:59,199 | 2028131 | INFO | [TRIAL COMPLETE] trial 15 no_physics NSE_1D=0.86206 NSE_1H=0.80845
2026-03-06 20:20:08,423 | 2028131 | INFO | [TRIAL COMPLETE] trial 2 no_physics NSE_1D=0.84491 NSE_1H=0.81672
2026-03-06 20:20:08,700 | 2028131 | INFO | [ENQUEUE TRIAL] trial 35 no_physics
2026-03-06 20:20:08,700 | 2028131 | INFO | [BAYES QUEUE STATE]
2026-03-06 20:20:08,701 | 2028131 | INFO | pending_jobs = 45
2026-03-06 20:20:08,701 | 2028131 | INFO | inflight_trials = [0, 3, 7, 9, 10, 12, 13, 15, 16, 17, 18, 19, 20, 21, 22, 23, 24, 25, 26, 27, 28, 29, 30, 31, 32, 33, 34]
2026-03-06 20:20:08,701 | 2028131 | INFO | queue[0000] trial 27 fold 1 no_physics
2026-03-06 20:20:08,701 | 2028131 | INFO | queue[0001] trial 27 fold 2 no_physics
2026-03-06 20:20:08,701 | 2028131 | INFO | queue[0002] trial 27 fold 3 no_physics
2026-03-06 20:20:08,701 | 2028131 | INFO | queue[0003] trial 27 fold 4 no_physics
2026-03-06 20:20:08,701 | 2028131 | INFO | queue[0004] trial 27 fold 5 no_physics
2026-03-06 20:20:08,701 | 2028131 | INFO | queue[0005] trial 28 fold 1 no_physics
2026-03-06 20:20:08,701 | 2028131 | INFO | queue[0006] trial 28 fold 2 no_physics
2026-03-06 20:20:08,702 | 2028131 | INFO | queue[0007] trial 28 fold 3 no_physics
2026-03-06 20:20:08,702 | 2028131 | INFO | queue[0008] trial 28 fold 4 no_physics
2026-03-06 20:20:08,702 | 2028131 | INFO | queue[0009] trial 28 fold 5 no_physics
2026-03-06 20:20:08,702 | 2028131 | INFO | queue[0010] trial 29 fold 1 no_physics
2026-03-06 20:20:08,702 | 2028131 | INFO | queue[0011] trial 29 fold 2 no_physics
2026-03-06 20:20:08,702 | 2028131 | INFO | queue[0012] trial 29 fold 3 no_physics
2026-03-06 20:20:08,702 | 2028131 | INFO | queue[0013] trial 29 fold 4 no_physics
2026-03-06 20:20:08,702 | 2028131 | INFO | queue[0014] trial 29 fold 5 no_physics
2026-03-06 20:20:08,702 | 2028131 | INFO | queue[0015] trial 30 fold 1 no_physics
2026-03-06 20:20:08,703 | 2028131 | INFO | queue[0016] trial 30 fold 2 no_physics
2026-03-06 20:20:08,703 | 2028131 | INFO | queue[0017] trial 30 fold 3 no_physics
2026-03-06 20:20:08,703 | 2028131 | INFO | queue[0018] trial 30 fold 4 no_physics
2026-03-06 20:20:08,703 | 2028131 | INFO | queue[0019] trial 30 fold 5 no_physics
2026-03-06 20:20:08,703 | 2028131 | INFO | queue[0020] trial 31 fold 1 no_physics
2026-03-06 20:20:08,703 | 2028131 | INFO | queue[0021] trial 31 fold 2 no_physics
2026-03-06 20:20:08,703 | 2028131 | INFO | queue[0022] trial 31 fold 3 no_physics
2026-03-06 20:20:08,703 | 2028131 | INFO | queue[0023] trial 31 fold 4 no_physics
2026-03-06 20:20:08,703 | 2028131 | INFO | queue[0024] trial 31 fold 5 no_physics
2026-03-06 20:20:08,704 | 2028131 | INFO | queue[0025] trial 32 fold 1 no_physics
2026-03-06 20:20:08,704 | 2028131 | INFO | queue[0026] trial 32 fold 2 no_physics
2026-03-06 20:20:08,704 | 2028131 | INFO | queue[0027] trial 32 fold 3 no_physics
2026-03-06 20:20:08,704 | 2028131 | INFO | queue[0028] trial 32 fold 4 no_physics
2026-03-06 20:20:08,704 | 2028131 | INFO | queue[0029] trial 32 fold 5 no_physics
2026-03-06 20:20:08,704 | 2028131 | INFO | queue[0030] trial 33 fold 1 no_physics
2026-03-06 20:20:08,704 | 2028131 | INFO | queue[0031] trial 33 fold 2 no_physics
2026-03-06 20:20:08,704 | 2028131 | INFO | queue[0032] trial 33 fold 3 no_physics
2026-03-06 20:20:08,704 | 2028131 | INFO | queue[0033] trial 33 fold 4 no_physics
2026-03-06 20:20:08,705 | 2028131 | INFO | queue[0034] trial 33 fold 5 no_physics
2026-03-06 20:20:08,705 | 2028131 | INFO | queue[0035] trial 34 fold 1 no_physics
2026-03-06 20:20:08,705 | 2028131 | INFO | queue[0036] trial 34 fold 2 no_physics
2026-03-06 20:20:08,705 | 2028131 | INFO | queue[0037] trial 34 fold 3 no_physics
2026-03-06 20:20:08,705 | 2028131 | INFO | queue[0038] trial 34 fold 4 no_physics
2026-03-06 20:20:08,705 | 2028131 | INFO | queue[0039] trial 34 fold 5 no_physics
2026-03-06 20:20:08,705 | 2028131 | INFO | queue[0040] trial 35 fold 1 no_physics
2026-03-06 20:20:08,705 | 2028131 | INFO | queue[0041] trial 35 fold 2 no_physics
2026-03-06 20:20:08,705 | 2028131 | INFO | queue[0042] trial 35 fold 3 no_physics
2026-03-06 20:20:08,706 | 2028131 | INFO | queue[0043] trial 35 fold 4 no_physics
2026-03-06 20:20:08,706 | 2028131 | INFO | queue[0044] trial 35 fold 5 no_physics
2026-03-06 20:20:08,706 | 2028131 | INFO | [END BAYES QUEUE]
2026-03-06 20:20:08,992 | 2028131 | INFO | [ENQUEUE TRIAL] trial 36 no_physics
2026-03-06 20:20:08,992 | 2028131 | INFO | [BAYES QUEUE STATE]
2026-03-06 20:20:08,992 | 2028131 | INFO | pending_jobs = 50
2026-03-06 20:20:08,992 | 2028131 | INFO | inflight_trials = [0, 3, 7, 9, 10, 12, 13, 15, 16, 17, 18, 19, 20, 21, 22, 23, 24, 25, 26, 27, 28, 29, 30, 31, 32, 33, 34, 35]
2026-03-06 20:20:08,993 | 2028131 | INFO | queue[0000] trial 27 fold 1 no_physics
2026-03-06 20:20:08,993 | 2028131 | INFO | queue[0001] trial 27 fold 2 no_physics
2026-03-06 20:20:08,993 | 2028131 | INFO | queue[0002] trial 27 fold 3 no_physics
2026-03-06 20:20:08,993 | 2028131 | INFO | queue[0003] trial 27 fold 4 no_physics
2026-03-06 20:20:08,993 | 2028131 | INFO | queue[0004] trial 27 fold 5 no_physics
2026-03-06 20:20:08,993 | 2028131 | INFO | queue[0005] trial 28 fold 1 no_physics
2026-03-06 20:20:08,993 | 2028131 | INFO | queue[0006] trial 28 fold 2 no_physics
2026-03-06 20:20:08,993 | 2028131 | INFO | queue[0007] trial 28 fold 3 no_physics
2026-03-06 20:20:08,994 | 2028131 | INFO | queue[0008] trial 28 fold 4 no_physics
2026-03-06 20:20:08,994 | 2028131 | INFO | queue[0009] trial 28 fold 5 no_physics
2026-03-06 20:20:08,994 | 2028131 | INFO | queue[0010] trial 29 fold 1 no_physics
2026-03-06 20:20:08,994 | 2028131 | INFO | queue[0011] trial 29 fold 2 no_physics
2026-03-06 20:20:08,994 | 2028131 | INFO | queue[0012] trial 29 fold 3 no_physics
2026-03-06 20:20:08,994 | 2028131 | INFO | queue[0013] trial 29 fold 4 no_physics
2026-03-06 20:20:08,994 | 2028131 | INFO | queue[0014] trial 29 fold 5 no_physics
2026-03-06 20:20:08,994 | 2028131 | INFO | queue[0015] trial 30 fold 1 no_physics
2026-03-06 20:20:08,995 | 2028131 | INFO | queue[0016] trial 30 fold 2 no_physics
2026-03-06 20:20:08,995 | 2028131 | INFO | queue[0017] trial 30 fold 3 no_physics
2026-03-06 20:20:08,995 | 2028131 | INFO | queue[0018] trial 30 fold 4 no_physics
2026-03-06 20:20:08,995 | 2028131 | INFO | queue[0019] trial 30 fold 5 no_physics
2026-03-06 20:20:08,995 | 2028131 | INFO | queue[0020] trial 31 fold 1 no_physics
2026-03-06 20:20:08,995 | 2028131 | INFO | queue[0021] trial 31 fold 2 no_physics
2026-03-06 20:20:08,995 | 2028131 | INFO | queue[0022] trial 31 fold 3 no_physics
2026-03-06 20:20:08,995 | 2028131 | INFO | queue[0023] trial 31 fold 4 no_physics
2026-03-06 20:20:08,995 | 2028131 | INFO | queue[0024] trial 31 fold 5 no_physics
2026-03-06 20:20:08,996 | 2028131 | INFO | queue[0025] trial 32 fold 1 no_physics
2026-03-06 20:20:08,996 | 2028131 | INFO | queue[0026] trial 32 fold 2 no_physics
2026-03-06 20:20:08,996 | 2028131 | INFO | queue[0027] trial 32 fold 3 no_physics
2026-03-06 20:20:08,996 | 2028131 | INFO | queue[0028] trial 32 fold 4 no_physics
2026-03-06 20:20:08,996 | 2028131 | INFO | queue[0029] trial 32 fold 5 no_physics
2026-03-06 20:20:08,996 | 2028131 | INFO | queue[0030] trial 33 fold 1 no_physics
2026-03-06 20:20:08,996 | 2028131 | INFO | queue[0031] trial 33 fold 2 no_physics
2026-03-06 20:20:08,996 | 2028131 | INFO | queue[0032] trial 33 fold 3 no_physics
2026-03-06 20:20:08,996 | 2028131 | INFO | queue[0033] trial 33 fold 4 no_physics
2026-03-06 20:20:08,997 | 2028131 | INFO | queue[0034] trial 33 fold 5 no_physics
2026-03-06 20:20:08,997 | 2028131 | INFO | queue[0035] trial 34 fold 1 no_physics
2026-03-06 20:20:08,997 | 2028131 | INFO | queue[0036] trial 34 fold 2 no_physics
2026-03-06 20:20:08,997 | 2028131 | INFO | queue[0037] trial 34 fold 3 no_physics
2026-03-06 20:20:08,997 | 2028131 | INFO | queue[0038] trial 34 fold 4 no_physics
2026-03-06 20:20:08,997 | 2028131 | INFO | queue[0039] trial 34 fold 5 no_physics
2026-03-06 20:20:08,997 | 2028131 | INFO | queue[0040] trial 35 fold 1 no_physics
2026-03-06 20:20:08,997 | 2028131 | INFO | queue[0041] trial 35 fold 2 no_physics
2026-03-06 20:20:08,998 | 2028131 | INFO | queue[0042] trial 35 fold 3 no_physics
2026-03-06 20:20:08,998 | 2028131 | INFO | queue[0043] trial 35 fold 4 no_physics
2026-03-06 20:20:08,998 | 2028131 | INFO | queue[0044] trial 35 fold 5 no_physics
2026-03-06 20:20:08,998 | 2028131 | INFO | queue[0045] trial 36 fold 1 no_physics
2026-03-06 20:20:08,998 | 2028131 | INFO | queue[0046] trial 36 fold 2 no_physics
2026-03-06 20:20:08,998 | 2028131 | INFO | queue[0047] trial 36 fold 3 no_physics
2026-03-06 20:20:08,998 | 2028131 | INFO | queue[0048] trial 36 fold 4 no_physics
2026-03-06 20:20:08,999 | 2028131 | INFO | queue[0049] trial 36 fold 5 no_physics
2026-03-06 20:20:08,999 | 2028131 | INFO | [END BAYES QUEUE]
2026-03-06 20:20:09,278 | 2028131 | INFO | [ENQUEUE TRIAL] trial 37 no_physics
2026-03-06 20:20:09,279 | 2028131 | INFO | [BAYES QUEUE STATE]
2026-03-06 20:20:09,279 | 2028131 | INFO | pending_jobs = 55
2026-03-06 20:20:09,279 | 2028131 | INFO | inflight_trials = [0, 3, 7, 9, 10, 12, 13, 15, 16, 17, 18, 19, 20, 21, 22, 23, 24, 25, 26, 27, 28, 29, 30, 31, 32, 33, 34, 35, 36]
2026-03-06 20:20:09,279 | 2028131 | INFO | queue[0000] trial 27 fold 1 no_physics
2026-03-06 20:20:09,279 | 2028131 | INFO | queue[0001] trial 27 fold 2 no_physics
2026-03-06 20:20:09,279 | 2028131 | INFO | queue[0002] trial 27 fold 3 no_physics
2026-03-06 20:20:09,279 | 2028131 | INFO | queue[0003] trial 27 fold 4 no_physics
2026-03-06 20:20:09,279 | 2028131 | INFO | queue[0004] trial 27 fold 5 no_physics
2026-03-06 20:20:09,279 | 2028131 | INFO | queue[0005] trial 28 fold 1 no_physics
2026-03-06 20:20:09,280 | 2028131 | INFO | queue[0006] trial 28 fold 2 no_physics
2026-03-06 20:20:09,280 | 2028131 | INFO | queue[0007] trial 28 fold 3 no_physics
2026-03-06 20:20:09,280 | 2028131 | INFO | queue[0008] trial 28 fold 4 no_physics
2026-03-06 20:20:09,280 | 2028131 | INFO | queue[0009] trial 28 fold 5 no_physics
2026-03-06 20:20:09,280 | 2028131 | INFO | queue[0010] trial 29 fold 1 no_physics
2026-03-06 20:20:09,280 | 2028131 | INFO | queue[0011] trial 29 fold 2 no_physics
2026-03-06 20:20:09,280 | 2028131 | INFO | queue[0012] trial 29 fold 3 no_physics
2026-03-06 20:20:09,280 | 2028131 | INFO | queue[0013] trial 29 fold 4 no_physics
2026-03-06 20:20:09,281 | 2028131 | INFO | queue[0014] trial 29 fold 5 no_physics
2026-03-06 20:20:09,281 | 2028131 | INFO | queue[0015] trial 30 fold 1 no_physics
2026-03-06 20:20:09,281 | 2028131 | INFO | queue[0016] trial 30 fold 2 no_physics
2026-03-06 20:20:09,281 | 2028131 | INFO | queue[0017] trial 30 fold 3 no_physics
2026-03-06 20:20:09,281 | 2028131 | INFO | queue[0018] trial 30 fold 4 no_physics
2026-03-06 20:20:09,281 | 2028131 | INFO | queue[0019] trial 30 fold 5 no_physics
2026-03-06 20:20:09,281 | 2028131 | INFO | queue[0020] trial 31 fold 1 no_physics
2026-03-06 20:20:09,281 | 2028131 | INFO | queue[0021] trial 31 fold 2 no_physics
2026-03-06 20:20:09,281 | 2028131 | INFO | queue[0022] trial 31 fold 3 no_physics
2026-03-06 20:20:09,282 | 2028131 | INFO | queue[0023] trial 31 fold 4 no_physics
2026-03-06 20:20:09,282 | 2028131 | INFO | queue[0024] trial 31 fold 5 no_physics
2026-03-06 20:20:09,282 | 2028131 | INFO | queue[0025] trial 32 fold 1 no_physics
2026-03-06 20:20:09,282 | 2028131 | INFO | queue[0026] trial 32 fold 2 no_physics
2026-03-06 20:20:09,282 | 2028131 | INFO | queue[0027] trial 32 fold 3 no_physics
2026-03-06 20:20:09,282 | 2028131 | INFO | queue[0028] trial 32 fold 4 no_physics
2026-03-06 20:20:09,282 | 2028131 | INFO | queue[0029] trial 32 fold 5 no_physics
2026-03-06 20:20:09,282 | 2028131 | INFO | queue[0030] trial 33 fold 1 no_physics
2026-03-06 20:20:09,283 | 2028131 | INFO | queue[0031] trial 33 fold 2 no_physics
2026-03-06 20:20:09,283 | 2028131 | INFO | queue[0032] trial 33 fold 3 no_physics
2026-03-06 20:20:09,283 | 2028131 | INFO | queue[0033] trial 33 fold 4 no_physics
2026-03-06 20:20:09,283 | 2028131 | INFO | queue[0034] trial 33 fold 5 no_physics
2026-03-06 20:20:09,283 | 2028131 | INFO | queue[0035] trial 34 fold 1 no_physics
2026-03-06 20:20:09,283 | 2028131 | INFO | queue[0036] trial 34 fold 2 no_physics
2026-03-06 20:20:09,283 | 2028131 | INFO | queue[0037] trial 34 fold 3 no_physics
2026-03-06 20:20:09,283 | 2028131 | INFO | queue[0038] trial 34 fold 4 no_physics
2026-03-06 20:20:09,283 | 2028131 | INFO | queue[0039] trial 34 fold 5 no_physics
2026-03-06 20:20:09,284 | 2028131 | INFO | queue[0040] trial 35 fold 1 no_physics
2026-03-06 20:20:09,284 | 2028131 | INFO | queue[0041] trial 35 fold 2 no_physics
2026-03-06 20:20:09,284 | 2028131 | INFO | queue[0042] trial 35 fold 3 no_physics
2026-03-06 20:20:09,284 | 2028131 | INFO | queue[0043] trial 35 fold 4 no_physics
2026-03-06 20:20:09,284 | 2028131 | INFO | queue[0044] trial 35 fold 5 no_physics
2026-03-06 20:20:09,284 | 2028131 | INFO | queue[0045] trial 36 fold 1 no_physics
2026-03-06 20:20:09,284 | 2028131 | INFO | queue[0046] trial 36 fold 2 no_physics
2026-03-06 20:20:09,284 | 2028131 | INFO | queue[0047] trial 36 fold 3 no_physics
2026-03-06 20:20:09,285 | 2028131 | INFO | queue[0048] trial 36 fold 4 no_physics
2026-03-06 20:20:09,285 | 2028131 | INFO | queue[0049] trial 36 fold 5 no_physics
2026-03-06 20:20:09,285 | 2028131 | INFO | queue[0050] trial 37 fold 1 no_physics
2026-03-06 20:20:09,285 | 2028131 | INFO | queue[0051] trial 37 fold 2 no_physics
2026-03-06 20:20:09,285 | 2028131 | INFO | queue[0052] trial 37 fold 3 no_physics
2026-03-06 20:20:09,285 | 2028131 | INFO | queue[0053] trial 37 fold 4 no_physics
2026-03-06 20:20:09,285 | 2028131 | INFO | queue[0054] trial 37 fold 5 no_physics
2026-03-06 20:20:09,285 | 2028131 | INFO | [END BAYES QUEUE]
2026-03-06 20:20:09,570 | 2028131 | INFO | [ENQUEUE TRIAL] trial 38 no_physics
2026-03-06 20:20:09,572 | 2028131 | INFO | [BAYES QUEUE STATE]
2026-03-06 20:20:09,572 | 2028131 | INFO | pending_jobs = 60
2026-03-06 20:20:09,572 | 2028131 | INFO | inflight_trials = [0, 3, 7, 9, 10, 12, 13, 15, 16, 17, 18, 19, 20, 21, 22, 23, 24, 25, 26, 27, 28, 29, 30, 31, 32, 33, 34, 35, 36, 37]
2026-03-06 20:20:09,573 | 2028131 | INFO | queue[0000] trial 27 fold 1 no_physics
2026-03-06 20:20:09,573 | 2028131 | INFO | queue[0001] trial 27 fold 2 no_physics
2026-03-06 20:20:09,573 | 2028131 | INFO | queue[0002] trial 27 fold 3 no_physics
2026-03-06 20:20:09,573 | 2028131 | INFO | queue[0003] trial 27 fold 4 no_physics
2026-03-06 20:20:09,573 | 2028131 | INFO | queue[0004] trial 27 fold 5 no_physics
2026-03-06 20:20:09,573 | 2028131 | INFO | queue[0005] trial 28 fold 1 no_physics
2026-03-06 20:20:09,573 | 2028131 | INFO | queue[0006] trial 28 fold 2 no_physics
2026-03-06 20:20:09,573 | 2028131 | INFO | queue[0007] trial 28 fold 3 no_physics
2026-03-06 20:20:09,574 | 2028131 | INFO | queue[0008] trial 28 fold 4 no_physics
2026-03-06 20:20:09,574 | 2028131 | INFO | queue[0009] trial 28 fold 5 no_physics
2026-03-06 20:20:09,574 | 2028131 | INFO | queue[0010] trial 29 fold 1 no_physics
2026-03-06 20:20:09,574 | 2028131 | INFO | queue[0011] trial 29 fold 2 no_physics
2026-03-06 20:20:09,574 | 2028131 | INFO | queue[0012] trial 29 fold 3 no_physics
2026-03-06 20:20:09,574 | 2028131 | INFO | queue[0013] trial 29 fold 4 no_physics
2026-03-06 20:20:09,574 | 2028131 | INFO | queue[0014] trial 29 fold 5 no_physics
2026-03-06 20:20:09,574 | 2028131 | INFO | queue[0015] trial 30 fold 1 no_physics
2026-03-06 20:20:09,575 | 2028131 | INFO | queue[0016] trial 30 fold 2 no_physics
2026-03-06 20:20:09,575 | 2028131 | INFO | queue[0017] trial 30 fold 3 no_physics
2026-03-06 20:20:09,575 | 2028131 | INFO | queue[0018] trial 30 fold 4 no_physics
2026-03-06 20:20:09,575 | 2028131 | INFO | queue[0019] trial 30 fold 5 no_physics
2026-03-06 20:20:09,575 | 2028131 | INFO | queue[0020] trial 31 fold 1 no_physics
2026-03-06 20:20:09,575 | 2028131 | INFO | queue[0021] trial 31 fold 2 no_physics
2026-03-06 20:20:09,575 | 2028131 | INFO | queue[0022] trial 31 fold 3 no_physics
2026-03-06 20:20:09,575 | 2028131 | INFO | queue[0023] trial 31 fold 4 no_physics
2026-03-06 20:20:09,575 | 2028131 | INFO | queue[0024] trial 31 fold 5 no_physics
2026-03-06 20:20:09,575 | 2028131 | INFO | queue[0025] trial 32 fold 1 no_physics
2026-03-06 20:20:09,576 | 2028131 | INFO | queue[0026] trial 32 fold 2 no_physics
2026-03-06 20:20:09,576 | 2028131 | INFO | queue[0027] trial 32 fold 3 no_physics
2026-03-06 20:20:09,576 | 2028131 | INFO | queue[0028] trial 32 fold 4 no_physics
2026-03-06 20:20:09,576 | 2028131 | INFO | queue[0029] trial 32 fold 5 no_physics
2026-03-06 20:20:09,576 | 2028131 | INFO | queue[0030] trial 33 fold 1 no_physics
2026-03-06 20:20:09,576 | 2028131 | INFO | queue[0031] trial 33 fold 2 no_physics
2026-03-06 20:20:09,576 | 2028131 | INFO | queue[0032] trial 33 fold 3 no_physics
2026-03-06 20:20:09,576 | 2028131 | INFO | queue[0033] trial 33 fold 4 no_physics
2026-03-06 20:20:09,577 | 2028131 | INFO | queue[0034] trial 33 fold 5 no_physics
2026-03-06 20:20:09,577 | 2028131 | INFO | queue[0035] trial 34 fold 1 no_physics
2026-03-06 20:20:09,577 | 2028131 | INFO | queue[0036] trial 34 fold 2 no_physics
2026-03-06 20:20:09,577 | 2028131 | INFO | queue[0037] trial 34 fold 3 no_physics
2026-03-06 20:20:09,577 | 2028131 | INFO | queue[0038] trial 34 fold 4 no_physics
2026-03-06 20:20:09,577 | 2028131 | INFO | queue[0039] trial 34 fold 5 no_physics
2026-03-06 20:20:09,577 | 2028131 | INFO | queue[0040] trial 35 fold 1 no_physics
2026-03-06 20:20:09,577 | 2028131 | INFO | queue[0041] trial 35 fold 2 no_physics
2026-03-06 20:20:09,577 | 2028131 | INFO | queue[0042] trial 35 fold 3 no_physics
2026-03-06 20:20:09,578 | 2028131 | INFO | queue[0043] trial 35 fold 4 no_physics
2026-03-06 20:20:09,578 | 2028131 | INFO | queue[0044] trial 35 fold 5 no_physics
2026-03-06 20:20:09,578 | 2028131 | INFO | queue[0045] trial 36 fold 1 no_physics
2026-03-06 20:20:09,578 | 2028131 | INFO | queue[0046] trial 36 fold 2 no_physics
2026-03-06 20:20:09,578 | 2028131 | INFO | queue[0047] trial 36 fold 3 no_physics
2026-03-06 20:20:09,578 | 2028131 | INFO | queue[0048] trial 36 fold 4 no_physics
2026-03-06 20:20:09,578 | 2028131 | INFO | queue[0049] trial 36 fold 5 no_physics
2026-03-06 20:20:09,578 | 2028131 | INFO | queue[0050] trial 37 fold 1 no_physics
2026-03-06 20:20:09,578 | 2028131 | INFO | queue[0051] trial 37 fold 2 no_physics
2026-03-06 20:20:09,579 | 2028131 | INFO | queue[0052] trial 37 fold 3 no_physics
2026-03-06 20:20:09,579 | 2028131 | INFO | queue[0053] trial 37 fold 4 no_physics
2026-03-06 20:20:09,579 | 2028131 | INFO | queue[0054] trial 37 fold 5 no_physics
2026-03-06 20:20:09,579 | 2028131 | INFO | queue[0055] trial 38 fold 1 no_physics
2026-03-06 20:20:09,579 | 2028131 | INFO | queue[0056] trial 38 fold 2 no_physics
2026-03-06 20:20:09,579 | 2028131 | INFO | queue[0057] trial 38 fold 3 no_physics
2026-03-06 20:20:09,579 | 2028131 | INFO | queue[0058] trial 38 fold 4 no_physics
2026-03-06 20:20:09,579 | 2028131 | INFO | queue[0059] trial 38 fold 5 no_physics
2026-03-06 20:20:09,579 | 2028131 | INFO | [END BAYES QUEUE]
2026-03-06 20:20:12,999 | 2028131 | INFO | [TRIAL COMPLETE] trial 1 no_physics NSE_1D=0.86231 NSE_1H=0.82445
2026-03-06 20:30:00,749 | 2028131 | INFO | [TRIAL COMPLETE] trial 22 no_physics NSE_1D=0.88642 NSE_1H=0.82774
2026-03-06 20:30:01,052 | 2028131 | INFO | [ENQUEUE TRIAL] trial 39 no_physics
2026-03-06 20:30:01,052 | 2028131 | INFO | [BAYES QUEUE STATE]
2026-03-06 20:30:01,052 | 2028131 | INFO | pending_jobs = 47
2026-03-06 20:30:01,052 | 2028131 | INFO | inflight_trials = [3, 7, 9, 10, 12, 13, 15, 16, 17, 18, 19, 20, 22, 23, 24, 25, 26, 27, 28, 29, 30, 31, 32, 33, 34, 35, 36, 37, 38]
2026-03-06 20:30:01,052 | 2028131 | INFO | queue[0000] trial 30 fold 4 no_physics
2026-03-06 20:30:01,052 | 2028131 | INFO | queue[0001] trial 30 fold 5 no_physics
2026-03-06 20:30:01,053 | 2028131 | INFO | queue[0002] trial 31 fold 1 no_physics
2026-03-06 20:30:01,053 | 2028131 | INFO | queue[0003] trial 31 fold 2 no_physics
2026-03-06 20:30:01,053 | 2028131 | INFO | queue[0004] trial 31 fold 3 no_physics
2026-03-06 20:30:01,053 | 2028131 | INFO | queue[0005] trial 31 fold 4 no_physics
2026-03-06 20:30:01,053 | 2028131 | INFO | queue[0006] trial 31 fold 5 no_physics
2026-03-06 20:30:01,053 | 2028131 | INFO | queue[0007] trial 32 fold 1 no_physics
2026-03-06 20:30:01,053 | 2028131 | INFO | queue[0008] trial 32 fold 2 no_physics
2026-03-06 20:30:01,053 | 2028131 | INFO | queue[0009] trial 32 fold 3 no_physics
2026-03-06 20:30:01,053 | 2028131 | INFO | queue[0010] trial 32 fold 4 no_physics
2026-03-06 20:30:01,054 | 2028131 | INFO | queue[0011] trial 32 fold 5 no_physics
2026-03-06 20:30:01,054 | 2028131 | INFO | queue[0012] trial 33 fold 1 no_physics
2026-03-06 20:30:01,054 | 2028131 | INFO | queue[0013] trial 33 fold 2 no_physics
2026-03-06 20:30:01,054 | 2028131 | INFO | queue[0014] trial 33 fold 3 no_physics
2026-03-06 20:30:01,054 | 2028131 | INFO | queue[0015] trial 33 fold 4 no_physics
2026-03-06 20:30:01,054 | 2028131 | INFO | queue[0016] trial 33 fold 5 no_physics
2026-03-06 20:30:01,054 | 2028131 | INFO | queue[0017] trial 34 fold 1 no_physics
2026-03-06 20:30:01,054 | 2028131 | INFO | queue[0018] trial 34 fold 2 no_physics
2026-03-06 20:30:01,055 | 2028131 | INFO | queue[0019] trial 34 fold 3 no_physics
2026-03-06 20:30:01,055 | 2028131 | INFO | queue[0020] trial 34 fold 4 no_physics
2026-03-06 20:30:01,055 | 2028131 | INFO | queue[0021] trial 34 fold 5 no_physics
2026-03-06 20:30:01,055 | 2028131 | INFO | queue[0022] trial 35 fold 1 no_physics
2026-03-06 20:30:01,055 | 2028131 | INFO | queue[0023] trial 35 fold 2 no_physics
2026-03-06 20:30:01,055 | 2028131 | INFO | queue[0024] trial 35 fold 3 no_physics
2026-03-06 20:30:01,055 | 2028131 | INFO | queue[0025] trial 35 fold 4 no_physics
2026-03-06 20:30:01,055 | 2028131 | INFO | queue[0026] trial 35 fold 5 no_physics
2026-03-06 20:30:01,055 | 2028131 | INFO | queue[0027] trial 36 fold 1 no_physics
2026-03-06 20:30:01,056 | 2028131 | INFO | queue[0028] trial 36 fold 2 no_physics
2026-03-06 20:30:01,056 | 2028131 | INFO | queue[0029] trial 36 fold 3 no_physics
2026-03-06 20:30:01,056 | 2028131 | INFO | queue[0030] trial 36 fold 4 no_physics
2026-03-06 20:30:01,056 | 2028131 | INFO | queue[0031] trial 36 fold 5 no_physics
2026-03-06 20:30:01,056 | 2028131 | INFO | queue[0032] trial 37 fold 1 no_physics
2026-03-06 20:30:01,056 | 2028131 | INFO | queue[0033] trial 37 fold 2 no_physics
2026-03-06 20:30:01,056 | 2028131 | INFO | queue[0034] trial 37 fold 3 no_physics
2026-03-06 20:30:01,057 | 2028131 | INFO | queue[0035] trial 37 fold 4 no_physics
2026-03-06 20:30:01,057 | 2028131 | INFO | queue[0036] trial 37 fold 5 no_physics
2026-03-06 20:30:01,057 | 2028131 | INFO | queue[0037] trial 38 fold 1 no_physics
2026-03-06 20:30:01,057 | 2028131 | INFO | queue[0038] trial 38 fold 2 no_physics
2026-03-06 20:30:01,057 | 2028131 | INFO | queue[0039] trial 38 fold 3 no_physics
2026-03-06 20:30:01,057 | 2028131 | INFO | queue[0040] trial 38 fold 4 no_physics
2026-03-06 20:30:01,057 | 2028131 | INFO | queue[0041] trial 38 fold 5 no_physics
2026-03-06 20:30:01,057 | 2028131 | INFO | queue[0042] trial 39 fold 1 no_physics
2026-03-06 20:30:01,057 | 2028131 | INFO | queue[0043] trial 39 fold 2 no_physics
2026-03-06 20:30:01,058 | 2028131 | INFO | queue[0044] trial 39 fold 3 no_physics
2026-03-06 20:30:01,058 | 2028131 | INFO | queue[0045] trial 39 fold 4 no_physics
2026-03-06 20:30:01,058 | 2028131 | INFO | queue[0046] trial 39 fold 5 no_physics
2026-03-06 20:30:01,058 | 2028131 | INFO | [END BAYES QUEUE]
2026-03-06 20:30:01,349 | 2028131 | INFO | [ENQUEUE TRIAL] trial 40 no_physics
2026-03-06 20:30:01,349 | 2028131 | INFO | [BAYES QUEUE STATE]
2026-03-06 20:30:01,350 | 2028131 | INFO | pending_jobs = 52
2026-03-06 20:30:01,350 | 2028131 | INFO | inflight_trials = [3, 7, 9, 10, 12, 13, 15, 16, 17, 18, 19, 20, 22, 23, 24, 25, 26, 27, 28, 29, 30, 31, 32, 33, 34, 35, 36, 37, 38, 39]
2026-03-06 20:30:01,350 | 2028131 | INFO | queue[0000] trial 30 fold 4 no_physics
2026-03-06 20:30:01,350 | 2028131 | INFO | queue[0001] trial 30 fold 5 no_physics
2026-03-06 20:30:01,350 | 2028131 | INFO | queue[0002] trial 31 fold 1 no_physics
2026-03-06 20:30:01,350 | 2028131 | INFO | queue[0003] trial 31 fold 2 no_physics
2026-03-06 20:30:01,350 | 2028131 | INFO | queue[0004] trial 31 fold 3 no_physics
2026-03-06 20:30:01,350 | 2028131 | INFO | queue[0005] trial 31 fold 4 no_physics
2026-03-06 20:30:01,350 | 2028131 | INFO | queue[0006] trial 31 fold 5 no_physics
2026-03-06 20:30:01,351 | 2028131 | INFO | queue[0007] trial 32 fold 1 no_physics
2026-03-06 20:30:01,351 | 2028131 | INFO | queue[0008] trial 32 fold 2 no_physics
2026-03-06 20:30:01,351 | 2028131 | INFO | queue[0009] trial 32 fold 3 no_physics
2026-03-06 20:30:01,351 | 2028131 | INFO | queue[0010] trial 32 fold 4 no_physics
2026-03-06 20:30:01,351 | 2028131 | INFO | queue[0011] trial 32 fold 5 no_physics
2026-03-06 20:30:01,351 | 2028131 | INFO | queue[0012] trial 33 fold 1 no_physics
2026-03-06 20:30:01,351 | 2028131 | INFO | queue[0013] trial 33 fold 2 no_physics
2026-03-06 20:30:01,351 | 2028131 | INFO | queue[0014] trial 33 fold 3 no_physics
2026-03-06 20:30:01,352 | 2028131 | INFO | queue[0015] trial 33 fold 4 no_physics
2026-03-06 20:30:01,352 | 2028131 | INFO | queue[0016] trial 33 fold 5 no_physics
2026-03-06 20:30:01,352 | 2028131 | INFO | queue[0017] trial 34 fold 1 no_physics
2026-03-06 20:30:01,352 | 2028131 | INFO | queue[0018] trial 34 fold 2 no_physics
2026-03-06 20:30:01,352 | 2028131 | INFO | queue[0019] trial 34 fold 3 no_physics
2026-03-06 20:30:01,352 | 2028131 | INFO | queue[0020] trial 34 fold 4 no_physics
2026-03-06 20:30:01,352 | 2028131 | INFO | queue[0021] trial 34 fold 5 no_physics
2026-03-06 20:30:01,352 | 2028131 | INFO | queue[0022] trial 35 fold 1 no_physics
2026-03-06 20:30:01,353 | 2028131 | INFO | queue[0023] trial 35 fold 2 no_physics
2026-03-06 20:30:01,353 | 2028131 | INFO | queue[0024] trial 35 fold 3 no_physics
2026-03-06 20:30:01,353 | 2028131 | INFO | queue[0025] trial 35 fold 4 no_physics
2026-03-06 20:30:01,353 | 2028131 | INFO | queue[0026] trial 35 fold 5 no_physics
2026-03-06 20:30:01,353 | 2028131 | INFO | queue[0027] trial 36 fold 1 no_physics
2026-03-06 20:30:01,353 | 2028131 | INFO | queue[0028] trial 36 fold 2 no_physics
2026-03-06 20:30:01,353 | 2028131 | INFO | queue[0029] trial 36 fold 3 no_physics
2026-03-06 20:30:01,353 | 2028131 | INFO | queue[0030] trial 36 fold 4 no_physics
2026-03-06 20:30:01,353 | 2028131 | INFO | queue[0031] trial 36 fold 5 no_physics
2026-03-06 20:30:01,354 | 2028131 | INFO | queue[0032] trial 37 fold 1 no_physics
2026-03-06 20:30:01,354 | 2028131 | INFO | queue[0033] trial 37 fold 2 no_physics
2026-03-06 20:30:01,354 | 2028131 | INFO | queue[0034] trial 37 fold 3 no_physics
2026-03-06 20:30:01,354 | 2028131 | INFO | queue[0035] trial 37 fold 4 no_physics
2026-03-06 20:30:01,354 | 2028131 | INFO | queue[0036] trial 37 fold 5 no_physics
2026-03-06 20:30:01,354 | 2028131 | INFO | queue[0037] trial 38 fold 1 no_physics
2026-03-06 20:30:01,354 | 2028131 | INFO | queue[0038] trial 38 fold 2 no_physics
2026-03-06 20:30:01,354 | 2028131 | INFO | queue[0039] trial 38 fold 3 no_physics
2026-03-06 20:30:01,354 | 2028131 | INFO | queue[0040] trial 38 fold 4 no_physics
2026-03-06 20:30:01,355 | 2028131 | INFO | queue[0041] trial 38 fold 5 no_physics
2026-03-06 20:30:01,355 | 2028131 | INFO | queue[0042] trial 39 fold 1 no_physics
2026-03-06 20:30:01,366 | 2028131 | INFO | queue[0043] trial 39 fold 2 no_physics
2026-03-06 20:30:01,366 | 2028131 | INFO | queue[0044] trial 39 fold 3 no_physics
2026-03-06 20:30:01,367 | 2028131 | INFO | queue[0045] trial 39 fold 4 no_physics
2026-03-06 20:30:01,367 | 2028131 | INFO | queue[0046] trial 39 fold 5 no_physics
2026-03-06 20:30:01,367 | 2028131 | INFO | queue[0047] trial 40 fold 1 no_physics
2026-03-06 20:30:01,367 | 2028131 | INFO | queue[0048] trial 40 fold 2 no_physics
2026-03-06 20:30:01,367 | 2028131 | INFO | queue[0049] trial 40 fold 3 no_physics
2026-03-06 20:30:01,367 | 2028131 | INFO | queue[0050] trial 40 fold 4 no_physics
2026-03-06 20:30:01,367 | 2028131 | INFO | queue[0051] trial 40 fold 5 no_physics
2026-03-06 20:30:01,368 | 2028131 | INFO | [END BAYES QUEUE]
2026-03-06 20:30:01,656 | 2028131 | INFO | [ENQUEUE TRIAL] trial 41 no_physics
2026-03-06 20:30:01,667 | 2028131 | INFO | [BAYES QUEUE STATE]
2026-03-06 20:30:01,667 | 2028131 | INFO | pending_jobs = 57
2026-03-06 20:30:01,668 | 2028131 | INFO | inflight_trials = [3, 7, 9, 10, 12, 13, 15, 16, 17, 18, 19, 20, 22, 23, 24, 25, 26, 27, 28, 29, 30, 31, 32, 33, 34, 35, 36, 37, 38, 39, 40]
2026-03-06 20:30:01,668 | 2028131 | INFO | queue[0000] trial 30 fold 4 no_physics
2026-03-06 20:30:01,668 | 2028131 | INFO | queue[0001] trial 30 fold 5 no_physics
2026-03-06 20:30:01,668 | 2028131 | INFO | queue[0002] trial 31 fold 1 no_physics
2026-03-06 20:30:01,668 | 2028131 | INFO | queue[0003] trial 31 fold 2 no_physics
2026-03-06 20:30:01,668 | 2028131 | INFO | queue[0004] trial 31 fold 3 no_physics
2026-03-06 20:30:01,668 | 2028131 | INFO | queue[0005] trial 31 fold 4 no_physics
2026-03-06 20:30:01,669 | 2028131 | INFO | queue[0006] trial 31 fold 5 no_physics
2026-03-06 20:30:01,669 | 2028131 | INFO | queue[0007] trial 32 fold 1 no_physics
2026-03-06 20:30:01,669 | 2028131 | INFO | queue[0008] trial 32 fold 2 no_physics
2026-03-06 20:30:01,669 | 2028131 | INFO | queue[0009] trial 32 fold 3 no_physics
2026-03-06 20:30:01,669 | 2028131 | INFO | queue[0010] trial 32 fold 4 no_physics
2026-03-06 20:30:01,669 | 2028131 | INFO | queue[0011] trial 32 fold 5 no_physics
2026-03-06 20:30:01,669 | 2028131 | INFO | queue[0012] trial 33 fold 1 no_physics
2026-03-06 20:30:01,669 | 2028131 | INFO | queue[0013] trial 33 fold 2 no_physics
2026-03-06 20:30:01,670 | 2028131 | INFO | queue[0014] trial 33 fold 3 no_physics
2026-03-06 20:30:01,670 | 2028131 | INFO | queue[0015] trial 33 fold 4 no_physics
2026-03-06 20:30:01,670 | 2028131 | INFO | queue[0016] trial 33 fold 5 no_physics
2026-03-06 20:30:01,670 | 2028131 | INFO | queue[0017] trial 34 fold 1 no_physics
2026-03-06 20:30:01,670 | 2028131 | INFO | queue[0018] trial 34 fold 2 no_physics
2026-03-06 20:30:01,670 | 2028131 | INFO | queue[0019] trial 34 fold 3 no_physics
2026-03-06 20:30:01,670 | 2028131 | INFO | queue[0020] trial 34 fold 4 no_physics
2026-03-06 20:30:01,670 | 2028131 | INFO | queue[0021] trial 34 fold 5 no_physics
2026-03-06 20:30:01,670 | 2028131 | INFO | queue[0022] trial 35 fold 1 no_physics
2026-03-06 20:30:01,671 | 2028131 | INFO | queue[0023] trial 35 fold 2 no_physics
2026-03-06 20:30:01,671 | 2028131 | INFO | queue[0024] trial 35 fold 3 no_physics
2026-03-06 20:30:01,671 | 2028131 | INFO | queue[0025] trial 35 fold 4 no_physics
2026-03-06 20:30:01,671 | 2028131 | INFO | queue[0026] trial 35 fold 5 no_physics
2026-03-06 20:30:01,671 | 2028131 | INFO | queue[0027] trial 36 fold 1 no_physics
2026-03-06 20:30:01,671 | 2028131 | INFO | queue[0028] trial 36 fold 2 no_physics
2026-03-06 20:30:01,671 | 2028131 | INFO | queue[0029] trial 36 fold 3 no_physics
2026-03-06 20:30:01,671 | 2028131 | INFO | queue[0030] trial 36 fold 4 no_physics
2026-03-06 20:30:01,672 | 2028131 | INFO | queue[0031] trial 36 fold 5 no_physics
2026-03-06 20:30:01,672 | 2028131 | INFO | queue[0032] trial 37 fold 1 no_physics
2026-03-06 20:30:01,672 | 2028131 | INFO | queue[0033] trial 37 fold 2 no_physics
2026-03-06 20:30:01,672 | 2028131 | INFO | queue[0034] trial 37 fold 3 no_physics
2026-03-06 20:30:01,672 | 2028131 | INFO | queue[0035] trial 37 fold 4 no_physics
2026-03-06 20:30:01,672 | 2028131 | INFO | queue[0036] trial 37 fold 5 no_physics
2026-03-06 20:30:01,672 | 2028131 | INFO | queue[0037] trial 38 fold 1 no_physics
2026-03-06 20:30:01,672 | 2028131 | INFO | queue[0038] trial 38 fold 2 no_physics
2026-03-06 20:30:01,672 | 2028131 | INFO | queue[0039] trial 38 fold 3 no_physics
2026-03-06 20:30:01,672 | 2028131 | INFO | queue[0040] trial 38 fold 4 no_physics
2026-03-06 20:30:01,673 | 2028131 | INFO | queue[0041] trial 38 fold 5 no_physics
2026-03-06 20:30:01,673 | 2028131 | INFO | queue[0042] trial 39 fold 1 no_physics
2026-03-06 20:30:01,673 | 2028131 | INFO | queue[0043] trial 39 fold 2 no_physics
2026-03-06 20:30:01,673 | 2028131 | INFO | queue[0044] trial 39 fold 3 no_physics
2026-03-06 20:30:01,673 | 2028131 | INFO | queue[0045] trial 39 fold 4 no_physics
2026-03-06 20:30:01,673 | 2028131 | INFO | queue[0046] trial 39 fold 5 no_physics
2026-03-06 20:30:01,673 | 2028131 | INFO | queue[0047] trial 40 fold 1 no_physics
2026-03-06 20:30:01,673 | 2028131 | INFO | queue[0048] trial 40 fold 2 no_physics
2026-03-06 20:30:01,673 | 2028131 | INFO | queue[0049] trial 40 fold 3 no_physics
2026-03-06 20:30:01,674 | 2028131 | INFO | queue[0050] trial 40 fold 4 no_physics
2026-03-06 20:30:01,674 | 2028131 | INFO | queue[0051] trial 40 fold 5 no_physics
2026-03-06 20:30:01,674 | 2028131 | INFO | queue[0052] trial 41 fold 1 no_physics
2026-03-06 20:30:01,674 | 2028131 | INFO | queue[0053] trial 41 fold 2 no_physics
2026-03-06 20:30:01,674 | 2028131 | INFO | queue[0054] trial 41 fold 3 no_physics
2026-03-06 20:30:01,674 | 2028131 | INFO | queue[0055] trial 41 fold 4 no_physics
2026-03-06 20:30:01,674 | 2028131 | INFO | queue[0056] trial 41 fold 5 no_physics
2026-03-06 20:30:01,674 | 2028131 | INFO | [END BAYES QUEUE]
2026-03-06 20:35:36,108 | 2028131 | INFO | [TRIAL COMPLETE] trial 18 no_physics NSE_1D=0.87044 NSE_1H=0.82080
2026-03-06 20:35:36,418 | 2028131 | INFO | [ENQUEUE TRIAL] trial 42 no_physics
2026-03-06 20:35:36,419 | 2028131 | INFO | [BAYES QUEUE STATE]
2026-03-06 20:35:36,419 | 2028131 | INFO | pending_jobs = 56
2026-03-06 20:35:36,419 | 2028131 | INFO | inflight_trials = [3, 7, 9, 10, 12, 13, 15, 16, 18, 19, 20, 22, 23, 24, 25, 26, 27, 28, 29, 30, 31, 32, 33, 34, 35, 36, 37, 38, 39, 40, 41]
2026-03-06 20:35:36,419 | 2028131 | INFO | queue[0000] trial 31 fold 5 no_physics
2026-03-06 20:35:36,419 | 2028131 | INFO | queue[0001] trial 32 fold 1 no_physics
2026-03-06 20:35:36,419 | 2028131 | INFO | queue[0002] trial 32 fold 2 no_physics
2026-03-06 20:35:36,420 | 2028131 | INFO | queue[0003] trial 32 fold 3 no_physics
2026-03-06 20:35:36,420 | 2028131 | INFO | queue[0004] trial 32 fold 4 no_physics
2026-03-06 20:35:36,420 | 2028131 | INFO | queue[0005] trial 32 fold 5 no_physics
2026-03-06 20:35:36,420 | 2028131 | INFO | queue[0006] trial 33 fold 1 no_physics
2026-03-06 20:35:36,420 | 2028131 | INFO | queue[0007] trial 33 fold 2 no_physics
2026-03-06 20:35:36,420 | 2028131 | INFO | queue[0008] trial 33 fold 3 no_physics
2026-03-06 20:35:36,420 | 2028131 | INFO | queue[0009] trial 33 fold 4 no_physics
2026-03-06 20:35:36,420 | 2028131 | INFO | queue[0010] trial 33 fold 5 no_physics
2026-03-06 20:35:36,420 | 2028131 | INFO | queue[0011] trial 34 fold 1 no_physics
2026-03-06 20:35:36,421 | 2028131 | INFO | queue[0012] trial 34 fold 2 no_physics
2026-03-06 20:35:36,421 | 2028131 | INFO | queue[0013] trial 34 fold 3 no_physics
2026-03-06 20:35:36,421 | 2028131 | INFO | queue[0014] trial 34 fold 4 no_physics
2026-03-06 20:35:36,421 | 2028131 | INFO | queue[0015] trial 34 fold 5 no_physics
2026-03-06 20:35:36,421 | 2028131 | INFO | queue[0016] trial 35 fold 1 no_physics
2026-03-06 20:35:36,421 | 2028131 | INFO | queue[0017] trial 35 fold 2 no_physics
2026-03-06 20:35:36,421 | 2028131 | INFO | queue[0018] trial 35 fold 3 no_physics
2026-03-06 20:35:36,421 | 2028131 | INFO | queue[0019] trial 35 fold 4 no_physics
2026-03-06 20:35:36,421 | 2028131 | INFO | queue[0020] trial 35 fold 5 no_physics
2026-03-06 20:35:36,422 | 2028131 | INFO | queue[0021] trial 36 fold 1 no_physics
2026-03-06 20:35:36,422 | 2028131 | INFO | queue[0022] trial 36 fold 2 no_physics
2026-03-06 20:35:36,422 | 2028131 | INFO | queue[0023] trial 36 fold 3 no_physics
2026-03-06 20:35:36,422 | 2028131 | INFO | queue[0024] trial 36 fold 4 no_physics
2026-03-06 20:35:36,422 | 2028131 | INFO | queue[0025] trial 36 fold 5 no_physics
2026-03-06 20:35:36,422 | 2028131 | INFO | queue[0026] trial 37 fold 1 no_physics
2026-03-06 20:35:36,422 | 2028131 | INFO | queue[0027] trial 37 fold 2 no_physics
2026-03-06 20:35:36,422 | 2028131 | INFO | queue[0028] trial 37 fold 3 no_physics
2026-03-06 20:35:36,423 | 2028131 | INFO | queue[0029] trial 37 fold 4 no_physics
2026-03-06 20:35:36,423 | 2028131 | INFO | queue[0030] trial 37 fold 5 no_physics
2026-03-06 20:35:36,423 | 2028131 | INFO | queue[0031] trial 38 fold 1 no_physics
2026-03-06 20:35:36,423 | 2028131 | INFO | queue[0032] trial 38 fold 2 no_physics
2026-03-06 20:35:36,423 | 2028131 | INFO | queue[0033] trial 38 fold 3 no_physics
2026-03-06 20:35:36,423 | 2028131 | INFO | queue[0034] trial 38 fold 4 no_physics
2026-03-06 20:35:36,423 | 2028131 | INFO | queue[0035] trial 38 fold 5 no_physics
2026-03-06 20:35:36,423 | 2028131 | INFO | queue[0036] trial 39 fold 1 no_physics
2026-03-06 20:35:36,424 | 2028131 | INFO | queue[0037] trial 39 fold 2 no_physics
2026-03-06 20:35:36,424 | 2028131 | INFO | queue[0038] trial 39 fold 3 no_physics
2026-03-06 20:35:36,424 | 2028131 | INFO | queue[0039] trial 39 fold 4 no_physics
2026-03-06 20:35:36,424 | 2028131 | INFO | queue[0040] trial 39 fold 5 no_physics
2026-03-06 20:35:36,424 | 2028131 | INFO | queue[0041] trial 40 fold 1 no_physics
2026-03-06 20:35:36,424 | 2028131 | INFO | queue[0042] trial 40 fold 2 no_physics
2026-03-06 20:35:36,424 | 2028131 | INFO | queue[0043] trial 40 fold 3 no_physics
2026-03-06 20:35:36,424 | 2028131 | INFO | queue[0044] trial 40 fold 4 no_physics
2026-03-06 20:35:36,424 | 2028131 | INFO | queue[0045] trial 40 fold 5 no_physics
2026-03-06 20:35:36,425 | 2028131 | INFO | queue[0046] trial 41 fold 1 no_physics
2026-03-06 20:35:36,425 | 2028131 | INFO | queue[0047] trial 41 fold 2 no_physics
2026-03-06 20:35:36,425 | 2028131 | INFO | queue[0048] trial 41 fold 3 no_physics
2026-03-06 20:35:36,425 | 2028131 | INFO | queue[0049] trial 41 fold 4 no_physics
2026-03-06 20:35:36,425 | 2028131 | INFO | queue[0050] trial 41 fold 5 no_physics
2026-03-06 20:35:36,425 | 2028131 | INFO | queue[0051] trial 42 fold 1 no_physics
2026-03-06 20:35:36,425 | 2028131 | INFO | queue[0052] trial 42 fold 2 no_physics
2026-03-06 20:35:36,425 | 2028131 | INFO | queue[0053] trial 42 fold 3 no_physics
2026-03-06 20:35:36,425 | 2028131 | INFO | queue[0054] trial 42 fold 4 no_physics
2026-03-06 20:35:36,426 | 2028131 | INFO | queue[0055] trial 42 fold 5 no_physics
2026-03-06 20:35:36,426 | 2028131 | INFO | [END BAYES QUEUE]
2026-03-06 20:36:00,297 | 2028131 | INFO | [TRIAL COMPLETE] trial 23 no_physics NSE_1D=0.87666 NSE_1H=0.78858
2026-03-06 20:36:00,610 | 2028131 | INFO | [ENQUEUE TRIAL] trial 43 no_physics
2026-03-06 20:36:00,611 | 2028131 | INFO | [BAYES QUEUE STATE]
2026-03-06 20:36:00,611 | 2028131 | INFO | pending_jobs = 60
2026-03-06 20:36:00,611 | 2028131 | INFO | inflight_trials = [3, 7, 9, 10, 12, 13, 15, 16, 18, 19, 20, 23, 24, 25, 26, 27, 28, 29, 30, 31, 32, 33, 34, 35, 36, 37, 38, 39, 40, 41, 42]
2026-03-06 20:36:00,611 | 2028131 | INFO | queue[0000] trial 32 fold 1 no_physics
2026-03-06 20:36:00,611 | 2028131 | INFO | queue[0001] trial 32 fold 2 no_physics
2026-03-06 20:36:00,611 | 2028131 | INFO | queue[0002] trial 32 fold 3 no_physics
2026-03-06 20:36:00,612 | 2028131 | INFO | queue[0003] trial 32 fold 4 no_physics
2026-03-06 20:36:00,612 | 2028131 | INFO | queue[0004] trial 32 fold 5 no_physics
2026-03-06 20:36:00,612 | 2028131 | INFO | queue[0005] trial 33 fold 1 no_physics
2026-03-06 20:36:00,612 | 2028131 | INFO | queue[0006] trial 33 fold 2 no_physics
2026-03-06 20:36:00,612 | 2028131 | INFO | queue[0007] trial 33 fold 3 no_physics
2026-03-06 20:36:00,612 | 2028131 | INFO | queue[0008] trial 33 fold 4 no_physics
2026-03-06 20:36:00,612 | 2028131 | INFO | queue[0009] trial 33 fold 5 no_physics
2026-03-06 20:36:00,612 | 2028131 | INFO | queue[0010] trial 34 fold 1 no_physics
2026-03-06 20:36:00,613 | 2028131 | INFO | queue[0011] trial 34 fold 2 no_physics
2026-03-06 20:36:00,613 | 2028131 | INFO | queue[0012] trial 34 fold 3 no_physics
2026-03-06 20:36:00,613 | 2028131 | INFO | queue[0013] trial 34 fold 4 no_physics
2026-03-06 20:36:00,613 | 2028131 | INFO | queue[0014] trial 34 fold 5 no_physics
2026-03-06 20:36:00,613 | 2028131 | INFO | queue[0015] trial 35 fold 1 no_physics
2026-03-06 20:36:00,613 | 2028131 | INFO | queue[0016] trial 35 fold 2 no_physics
2026-03-06 20:36:00,613 | 2028131 | INFO | queue[0017] trial 35 fold 3 no_physics
2026-03-06 20:36:00,613 | 2028131 | INFO | queue[0018] trial 35 fold 4 no_physics
2026-03-06 20:36:00,613 | 2028131 | INFO | queue[0019] trial 35 fold 5 no_physics
2026-03-06 20:36:00,614 | 2028131 | INFO | queue[0020] trial 36 fold 1 no_physics
2026-03-06 20:36:00,614 | 2028131 | INFO | queue[0021] trial 36 fold 2 no_physics
2026-03-06 20:36:00,614 | 2028131 | INFO | queue[0022] trial 36 fold 3 no_physics
2026-03-06 20:36:00,614 | 2028131 | INFO | queue[0023] trial 36 fold 4 no_physics
2026-03-06 20:36:00,614 | 2028131 | INFO | queue[0024] trial 36 fold 5 no_physics
2026-03-06 20:36:00,614 | 2028131 | INFO | queue[0025] trial 37 fold 1 no_physics
2026-03-06 20:36:00,614 | 2028131 | INFO | queue[0026] trial 37 fold 2 no_physics
2026-03-06 20:36:00,614 | 2028131 | INFO | queue[0027] trial 37 fold 3 no_physics
2026-03-06 20:36:00,614 | 2028131 | INFO | queue[0028] trial 37 fold 4 no_physics
2026-03-06 20:36:00,615 | 2028131 | INFO | queue[0029] trial 37 fold 5 no_physics
2026-03-06 20:36:00,615 | 2028131 | INFO | queue[0030] trial 38 fold 1 no_physics
2026-03-06 20:36:00,615 | 2028131 | INFO | queue[0031] trial 38 fold 2 no_physics
2026-03-06 20:36:00,615 | 2028131 | INFO | queue[0032] trial 38 fold 3 no_physics
2026-03-06 20:36:00,615 | 2028131 | INFO | queue[0033] trial 38 fold 4 no_physics
2026-03-06 20:36:00,615 | 2028131 | INFO | queue[0034] trial 38 fold 5 no_physics
2026-03-06 20:36:00,615 | 2028131 | INFO | queue[0035] trial 39 fold 1 no_physics
2026-03-06 20:36:00,615 | 2028131 | INFO | queue[0036] trial 39 fold 2 no_physics
2026-03-06 20:36:00,616 | 2028131 | INFO | queue[0037] trial 39 fold 3 no_physics
2026-03-06 20:36:00,616 | 2028131 | INFO | queue[0038] trial 39 fold 4 no_physics
2026-03-06 20:36:00,616 | 2028131 | INFO | queue[0039] trial 39 fold 5 no_physics
2026-03-06 20:36:00,616 | 2028131 | INFO | queue[0040] trial 40 fold 1 no_physics
2026-03-06 20:36:00,616 | 2028131 | INFO | queue[0041] trial 40 fold 2 no_physics
2026-03-06 20:36:00,616 | 2028131 | INFO | queue[0042] trial 40 fold 3 no_physics
2026-03-06 20:36:00,616 | 2028131 | INFO | queue[0043] trial 40 fold 4 no_physics
2026-03-06 20:36:00,616 | 2028131 | INFO | queue[0044] trial 40 fold 5 no_physics
2026-03-06 20:36:00,617 | 2028131 | INFO | queue[0045] trial 41 fold 1 no_physics
2026-03-06 20:36:00,617 | 2028131 | INFO | queue[0046] trial 41 fold 2 no_physics
2026-03-06 20:36:00,617 | 2028131 | INFO | queue[0047] trial 41 fold 3 no_physics
2026-03-06 20:36:00,617 | 2028131 | INFO | queue[0048] trial 41 fold 4 no_physics
2026-03-06 20:36:00,617 | 2028131 | INFO | queue[0049] trial 41 fold 5 no_physics
2026-03-06 20:36:00,617 | 2028131 | INFO | queue[0050] trial 42 fold 1 no_physics
2026-03-06 20:36:00,617 | 2028131 | INFO | queue[0051] trial 42 fold 2 no_physics
2026-03-06 20:36:00,617 | 2028131 | INFO | queue[0052] trial 42 fold 3 no_physics
2026-03-06 20:36:00,617 | 2028131 | INFO | queue[0053] trial 42 fold 4 no_physics
2026-03-06 20:36:00,618 | 2028131 | INFO | queue[0054] trial 42 fold 5 no_physics
2026-03-06 20:36:00,618 | 2028131 | INFO | queue[0055] trial 43 fold 1 no_physics
2026-03-06 20:36:00,618 | 2028131 | INFO | queue[0056] trial 43 fold 2 no_physics
2026-03-06 20:36:00,618 | 2028131 | INFO | queue[0057] trial 43 fold 3 no_physics
2026-03-06 20:36:00,618 | 2028131 | INFO | queue[0058] trial 43 fold 4 no_physics
2026-03-06 20:36:00,618 | 2028131 | INFO | queue[0059] trial 43 fold 5 no_physics
2026-03-06 20:36:00,618 | 2028131 | INFO | [END BAYES QUEUE]
2026-03-06 20:37:56,401 | 2028131 | INFO | [TRIAL COMPLETE] trial 13 no_physics NSE_1D=0.87831 NSE_1H=0.81375
2026-03-06 20:37:56,709 | 2028131 | INFO | [ENQUEUE TRIAL] trial 44 no_physics
2026-03-06 20:37:56,709 | 2028131 | INFO | [BAYES QUEUE STATE]
2026-03-06 20:37:56,709 | 2028131 | INFO | pending_jobs = 60
2026-03-06 20:37:56,709 | 2028131 | INFO | inflight_trials = [3, 7, 9, 10, 13, 15, 16, 18, 19, 20, 23, 24, 25, 26, 27, 28, 29, 30, 31, 32, 33, 34, 35, 36, 37, 38, 39, 40, 41, 42, 43]
2026-03-06 20:37:56,710 | 2028131 | INFO | queue[0000] trial 33 fold 1 no_physics
2026-03-06 20:37:56,710 | 2028131 | INFO | queue[0001] trial 33 fold 2 no_physics
2026-03-06 20:37:56,710 | 2028131 | INFO | queue[0002] trial 33 fold 3 no_physics
2026-03-06 20:37:56,710 | 2028131 | INFO | queue[0003] trial 33 fold 4 no_physics
2026-03-06 20:37:56,710 | 2028131 | INFO | queue[0004] trial 33 fold 5 no_physics
2026-03-06 20:37:56,710 | 2028131 | INFO | queue[0005] trial 34 fold 1 no_physics
2026-03-06 20:37:56,710 | 2028131 | INFO | queue[0006] trial 34 fold 2 no_physics
2026-03-06 20:37:56,711 | 2028131 | INFO | queue[0007] trial 34 fold 3 no_physics
2026-03-06 20:37:56,711 | 2028131 | INFO | queue[0008] trial 34 fold 4 no_physics
2026-03-06 20:37:56,711 | 2028131 | INFO | queue[0009] trial 34 fold 5 no_physics
2026-03-06 20:37:56,711 | 2028131 | INFO | queue[0010] trial 35 fold 1 no_physics
2026-03-06 20:37:56,711 | 2028131 | INFO | queue[0011] trial 35 fold 2 no_physics
2026-03-06 20:37:56,711 | 2028131 | INFO | queue[0012] trial 35 fold 3 no_physics
2026-03-06 20:37:56,711 | 2028131 | INFO | queue[0013] trial 35 fold 4 no_physics
2026-03-06 20:37:56,712 | 2028131 | INFO | queue[0014] trial 35 fold 5 no_physics
2026-03-06 20:37:56,712 | 2028131 | INFO | queue[0015] trial 36 fold 1 no_physics
2026-03-06 20:37:56,712 | 2028131 | INFO | queue[0016] trial 36 fold 2 no_physics
2026-03-06 20:37:56,712 | 2028131 | INFO | queue[0017] trial 36 fold 3 no_physics
2026-03-06 20:37:56,712 | 2028131 | INFO | queue[0018] trial 36 fold 4 no_physics
2026-03-06 20:37:56,712 | 2028131 | INFO | queue[0019] trial 36 fold 5 no_physics
2026-03-06 20:37:56,712 | 2028131 | INFO | queue[0020] trial 37 fold 1 no_physics
2026-03-06 20:37:56,712 | 2028131 | INFO | queue[0021] trial 37 fold 2 no_physics
2026-03-06 20:37:56,712 | 2028131 | INFO | queue[0022] trial 37 fold 3 no_physics
2026-03-06 20:37:56,713 | 2028131 | INFO | queue[0023] trial 37 fold 4 no_physics
2026-03-06 20:37:56,713 | 2028131 | INFO | queue[0024] trial 37 fold 5 no_physics
2026-03-06 20:37:56,713 | 2028131 | INFO | queue[0025] trial 38 fold 1 no_physics
2026-03-06 20:37:56,713 | 2028131 | INFO | queue[0026] trial 38 fold 2 no_physics
2026-03-06 20:37:56,713 | 2028131 | INFO | queue[0027] trial 38 fold 3 no_physics
2026-03-06 20:37:56,713 | 2028131 | INFO | queue[0028] trial 38 fold 4 no_physics
2026-03-06 20:37:56,713 | 2028131 | INFO | queue[0029] trial 38 fold 5 no_physics
2026-03-06 20:37:56,713 | 2028131 | INFO | queue[0030] trial 39 fold 1 no_physics
2026-03-06 20:37:56,714 | 2028131 | INFO | queue[0031] trial 39 fold 2 no_physics
2026-03-06 20:37:56,714 | 2028131 | INFO | queue[0032] trial 39 fold 3 no_physics
2026-03-06 20:37:56,714 | 2028131 | INFO | queue[0033] trial 39 fold 4 no_physics
2026-03-06 20:37:56,714 | 2028131 | INFO | queue[0034] trial 39 fold 5 no_physics
2026-03-06 20:37:56,714 | 2028131 | INFO | queue[0035] trial 40 fold 1 no_physics
2026-03-06 20:37:56,714 | 2028131 | INFO | queue[0036] trial 40 fold 2 no_physics
2026-03-06 20:37:56,714 | 2028131 | INFO | queue[0037] trial 40 fold 3 no_physics
2026-03-06 20:37:56,714 | 2028131 | INFO | queue[0038] trial 40 fold 4 no_physics
2026-03-06 20:37:56,714 | 2028131 | INFO | queue[0039] trial 40 fold 5 no_physics
2026-03-06 20:37:56,715 | 2028131 | INFO | queue[0040] trial 41 fold 1 no_physics
2026-03-06 20:37:56,715 | 2028131 | INFO | queue[0041] trial 41 fold 2 no_physics
2026-03-06 20:37:56,715 | 2028131 | INFO | queue[0042] trial 41 fold 3 no_physics
2026-03-06 20:37:56,715 | 2028131 | INFO | queue[0043] trial 41 fold 4 no_physics
2026-03-06 20:37:56,727 | 2028131 | INFO | queue[0044] trial 41 fold 5 no_physics
2026-03-06 20:37:56,727 | 2028131 | INFO | queue[0045] trial 42 fold 1 no_physics
2026-03-06 20:37:56,727 | 2028131 | INFO | queue[0046] trial 42 fold 2 no_physics
2026-03-06 20:37:56,727 | 2028131 | INFO | queue[0047] trial 42 fold 3 no_physics
2026-03-06 20:37:56,727 | 2028131 | INFO | queue[0048] trial 42 fold 4 no_physics
2026-03-06 20:37:56,727 | 2028131 | INFO | queue[0049] trial 42 fold 5 no_physics
2026-03-06 20:37:56,727 | 2028131 | INFO | queue[0050] trial 43 fold 1 no_physics
2026-03-06 20:37:56,728 | 2028131 | INFO | queue[0051] trial 43 fold 2 no_physics
2026-03-06 20:37:56,728 | 2028131 | INFO | queue[0052] trial 43 fold 3 no_physics
2026-03-06 20:37:56,728 | 2028131 | INFO | queue[0053] trial 43 fold 4 no_physics
2026-03-06 20:37:56,728 | 2028131 | INFO | queue[0054] trial 43 fold 5 no_physics
2026-03-06 20:37:56,728 | 2028131 | INFO | queue[0055] trial 44 fold 1 no_physics
2026-03-06 20:37:56,728 | 2028131 | INFO | queue[0056] trial 44 fold 2 no_physics
2026-03-06 20:37:56,728 | 2028131 | INFO | queue[0057] trial 44 fold 3 no_physics
2026-03-06 20:37:56,728 | 2028131 | INFO | queue[0058] trial 44 fold 4 no_physics
2026-03-06 20:37:56,729 | 2028131 | INFO | queue[0059] trial 44 fold 5 no_physics
2026-03-06 20:37:56,729 | 2028131 | INFO | [END BAYES QUEUE]
2026-03-06 20:40:36,772 | 2028131 | INFO | [TRIAL COMPLETE] trial 16 no_physics NSE_1D=0.88045 NSE_1H=0.83338
2026-03-06 20:46:21,489 | 2028131 | INFO | [TRIAL COMPLETE] trial 19 no_physics NSE_1D=0.86677 NSE_1H=0.77370
2026-03-06 20:46:21,803 | 2028131 | INFO | [ENQUEUE TRIAL] trial 45 no_physics
2026-03-06 20:46:21,804 | 2028131 | INFO | [BAYES QUEUE STATE]
2026-03-06 20:46:21,804 | 2028131 | INFO | pending_jobs = 55
2026-03-06 20:46:21,804 | 2028131 | INFO | inflight_trials = [3, 7, 9, 10, 13, 16, 19, 20, 23, 24, 25, 26, 27, 28, 29, 30, 31, 32, 33, 34, 35, 36, 37, 38, 39, 40, 41, 42, 43, 44]
2026-03-06 20:46:21,804 | 2028131 | INFO | queue[0000] trial 35 fold 1 no_physics
2026-03-06 20:46:21,804 | 2028131 | INFO | queue[0001] trial 35 fold 2 no_physics
2026-03-06 20:46:21,804 | 2028131 | INFO | queue[0002] trial 35 fold 3 no_physics
2026-03-06 20:46:21,804 | 2028131 | INFO | queue[0003] trial 35 fold 4 no_physics
2026-03-06 20:46:21,804 | 2028131 | INFO | queue[0004] trial 35 fold 5 no_physics
2026-03-06 20:46:21,805 | 2028131 | INFO | queue[0005] trial 36 fold 1 no_physics
2026-03-06 20:46:21,805 | 2028131 | INFO | queue[0006] trial 36 fold 2 no_physics
2026-03-06 20:46:21,805 | 2028131 | INFO | queue[0007] trial 36 fold 3 no_physics
2026-03-06 20:46:21,805 | 2028131 | INFO | queue[0008] trial 36 fold 4 no_physics
2026-03-06 20:46:21,805 | 2028131 | INFO | queue[0009] trial 36 fold 5 no_physics
2026-03-06 20:46:21,805 | 2028131 | INFO | queue[0010] trial 37 fold 1 no_physics
2026-03-06 20:46:21,805 | 2028131 | INFO | queue[0011] trial 37 fold 2 no_physics
2026-03-06 20:46:21,806 | 2028131 | INFO | queue[0012] trial 37 fold 3 no_physics
2026-03-06 20:46:21,806 | 2028131 | INFO | queue[0013] trial 37 fold 4 no_physics
2026-03-06 20:46:21,806 | 2028131 | INFO | queue[0014] trial 37 fold 5 no_physics
2026-03-06 20:46:21,806 | 2028131 | INFO | queue[0015] trial 38 fold 1 no_physics
2026-03-06 20:46:21,806 | 2028131 | INFO | queue[0016] trial 38 fold 2 no_physics
2026-03-06 20:46:21,806 | 2028131 | INFO | queue[0017] trial 38 fold 3 no_physics
2026-03-06 20:46:21,806 | 2028131 | INFO | queue[0018] trial 38 fold 4 no_physics
2026-03-06 20:46:21,806 | 2028131 | INFO | queue[0019] trial 38 fold 5 no_physics
2026-03-06 20:46:21,806 | 2028131 | INFO | queue[0020] trial 39 fold 1 no_physics
2026-03-06 20:46:21,806 | 2028131 | INFO | queue[0021] trial 39 fold 2 no_physics
2026-03-06 20:46:21,807 | 2028131 | INFO | queue[0022] trial 39 fold 3 no_physics
2026-03-06 20:46:21,807 | 2028131 | INFO | queue[0023] trial 39 fold 4 no_physics
2026-03-06 20:46:21,807 | 2028131 | INFO | queue[0024] trial 39 fold 5 no_physics
2026-03-06 20:46:21,807 | 2028131 | INFO | queue[0025] trial 40 fold 1 no_physics
2026-03-06 20:46:21,807 | 2028131 | INFO | queue[0026] trial 40 fold 2 no_physics
2026-03-06 20:46:21,807 | 2028131 | INFO | queue[0027] trial 40 fold 3 no_physics
2026-03-06 20:46:21,807 | 2028131 | INFO | queue[0028] trial 40 fold 4 no_physics
2026-03-06 20:46:21,807 | 2028131 | INFO | queue[0029] trial 40 fold 5 no_physics
2026-03-06 20:46:21,808 | 2028131 | INFO | queue[0030] trial 41 fold 1 no_physics
2026-03-06 20:46:21,808 | 2028131 | INFO | queue[0031] trial 41 fold 2 no_physics
2026-03-06 20:46:21,808 | 2028131 | INFO | queue[0032] trial 41 fold 3 no_physics
2026-03-06 20:46:21,808 | 2028131 | INFO | queue[0033] trial 41 fold 4 no_physics
2026-03-06 20:46:21,808 | 2028131 | INFO | queue[0034] trial 41 fold 5 no_physics
2026-03-06 20:46:21,808 | 2028131 | INFO | queue[0035] trial 42 fold 1 no_physics
2026-03-06 20:46:21,808 | 2028131 | INFO | queue[0036] trial 42 fold 2 no_physics
2026-03-06 20:46:21,808 | 2028131 | INFO | queue[0037] trial 42 fold 3 no_physics
2026-03-06 20:46:21,808 | 2028131 | INFO | queue[0038] trial 42 fold 4 no_physics
2026-03-06 20:46:21,809 | 2028131 | INFO | queue[0039] trial 42 fold 5 no_physics
2026-03-06 20:46:21,809 | 2028131 | INFO | queue[0040] trial 43 fold 1 no_physics
2026-03-06 20:46:21,809 | 2028131 | INFO | queue[0041] trial 43 fold 2 no_physics
2026-03-06 20:46:21,809 | 2028131 | INFO | queue[0042] trial 43 fold 3 no_physics
2026-03-06 20:46:21,809 | 2028131 | INFO | queue[0043] trial 43 fold 4 no_physics
2026-03-06 20:46:21,809 | 2028131 | INFO | queue[0044] trial 43 fold 5 no_physics
2026-03-06 20:46:21,809 | 2028131 | INFO | queue[0045] trial 44 fold 1 no_physics
2026-03-06 20:46:21,809 | 2028131 | INFO | queue[0046] trial 44 fold 2 no_physics
2026-03-06 20:46:21,809 | 2028131 | INFO | queue[0047] trial 44 fold 3 no_physics
2026-03-06 20:46:21,809 | 2028131 | INFO | queue[0048] trial 44 fold 4 no_physics
2026-03-06 20:46:21,810 | 2028131 | INFO | queue[0049] trial 44 fold 5 no_physics
2026-03-06 20:46:21,810 | 2028131 | INFO | queue[0050] trial 45 fold 1 no_physics
2026-03-06 20:46:21,810 | 2028131 | INFO | queue[0051] trial 45 fold 2 no_physics
2026-03-06 20:46:21,810 | 2028131 | INFO | queue[0052] trial 45 fold 3 no_physics
2026-03-06 20:46:21,810 | 2028131 | INFO | queue[0053] trial 45 fold 4 no_physics
2026-03-06 20:46:21,810 | 2028131 | INFO | queue[0054] trial 45 fold 5 no_physics
2026-03-06 20:46:21,810 | 2028131 | INFO | [END BAYES QUEUE]
2026-03-06 20:46:22,098 | 2028131 | INFO | [ENQUEUE TRIAL] trial 46 no_physics
2026-03-06 20:46:22,098 | 2028131 | INFO | [BAYES QUEUE STATE]
2026-03-06 20:46:22,098 | 2028131 | INFO | pending_jobs = 60
2026-03-06 20:46:22,098 | 2028131 | INFO | inflight_trials = [3, 7, 9, 10, 13, 16, 19, 20, 23, 24, 25, 26, 27, 28, 29, 30, 31, 32, 33, 34, 35, 36, 37, 38, 39, 40, 41, 42, 43, 44, 45]
2026-03-06 20:46:22,099 | 2028131 | INFO | queue[0000] trial 35 fold 1 no_physics
2026-03-06 20:46:22,099 | 2028131 | INFO | queue[0001] trial 35 fold 2 no_physics
2026-03-06 20:46:22,099 | 2028131 | INFO | queue[0002] trial 35 fold 3 no_physics
2026-03-06 20:46:22,099 | 2028131 | INFO | queue[0003] trial 35 fold 4 no_physics
2026-03-06 20:46:22,099 | 2028131 | INFO | queue[0004] trial 35 fold 5 no_physics
2026-03-06 20:46:22,099 | 2028131 | INFO | queue[0005] trial 36 fold 1 no_physics
2026-03-06 20:46:22,099 | 2028131 | INFO | queue[0006] trial 36 fold 2 no_physics
2026-03-06 20:46:22,099 | 2028131 | INFO | queue[0007] trial 36 fold 3 no_physics
2026-03-06 20:46:22,099 | 2028131 | INFO | queue[0008] trial 36 fold 4 no_physics
2026-03-06 20:46:22,100 | 2028131 | INFO | queue[0009] trial 36 fold 5 no_physics
2026-03-06 20:46:22,100 | 2028131 | INFO | queue[0010] trial 37 fold 1 no_physics
2026-03-06 20:46:22,100 | 2028131 | INFO | queue[0011] trial 37 fold 2 no_physics
2026-03-06 20:46:22,100 | 2028131 | INFO | queue[0012] trial 37 fold 3 no_physics
2026-03-06 20:46:22,100 | 2028131 | INFO | queue[0013] trial 37 fold 4 no_physics
2026-03-06 20:46:22,100 | 2028131 | INFO | queue[0014] trial 37 fold 5 no_physics
2026-03-06 20:46:22,100 | 2028131 | INFO | queue[0015] trial 38 fold 1 no_physics
2026-03-06 20:46:22,100 | 2028131 | INFO | queue[0016] trial 38 fold 2 no_physics
2026-03-06 20:46:22,100 | 2028131 | INFO | queue[0017] trial 38 fold 3 no_physics
2026-03-06 20:46:22,101 | 2028131 | INFO | queue[0018] trial 38 fold 4 no_physics
2026-03-06 20:46:22,101 | 2028131 | INFO | queue[0019] trial 38 fold 5 no_physics
2026-03-06 20:46:22,101 | 2028131 | INFO | queue[0020] trial 39 fold 1 no_physics
2026-03-06 20:46:22,101 | 2028131 | INFO | queue[0021] trial 39 fold 2 no_physics
2026-03-06 20:46:22,101 | 2028131 | INFO | queue[0022] trial 39 fold 3 no_physics
2026-03-06 20:46:22,101 | 2028131 | INFO | queue[0023] trial 39 fold 4 no_physics
2026-03-06 20:46:22,101 | 2028131 | INFO | queue[0024] trial 39 fold 5 no_physics
2026-03-06 20:46:22,101 | 2028131 | INFO | queue[0025] trial 40 fold 1 no_physics
2026-03-06 20:46:22,101 | 2028131 | INFO | queue[0026] trial 40 fold 2 no_physics
2026-03-06 20:46:22,102 | 2028131 | INFO | queue[0027] trial 40 fold 3 no_physics
2026-03-06 20:46:22,102 | 2028131 | INFO | queue[0028] trial 40 fold 4 no_physics
2026-03-06 20:46:22,102 | 2028131 | INFO | queue[0029] trial 40 fold 5 no_physics
2026-03-06 20:46:22,102 | 2028131 | INFO | queue[0030] trial 41 fold 1 no_physics
2026-03-06 20:46:22,102 | 2028131 | INFO | queue[0031] trial 41 fold 2 no_physics
2026-03-06 20:46:22,102 | 2028131 | INFO | queue[0032] trial 41 fold 3 no_physics
2026-03-06 20:46:22,102 | 2028131 | INFO | queue[0033] trial 41 fold 4 no_physics
2026-03-06 20:46:22,102 | 2028131 | INFO | queue[0034] trial 41 fold 5 no_physics
2026-03-06 20:46:22,103 | 2028131 | INFO | queue[0035] trial 42 fold 1 no_physics
2026-03-06 20:46:22,103 | 2028131 | INFO | queue[0036] trial 42 fold 2 no_physics
2026-03-06 20:46:22,103 | 2028131 | INFO | queue[0037] trial 42 fold 3 no_physics
2026-03-06 20:46:22,103 | 2028131 | INFO | queue[0038] trial 42 fold 4 no_physics
2026-03-06 20:46:22,103 | 2028131 | INFO | queue[0039] trial 42 fold 5 no_physics
2026-03-06 20:46:22,103 | 2028131 | INFO | queue[0040] trial 43 fold 1 no_physics
2026-03-06 20:46:22,103 | 2028131 | INFO | queue[0041] trial 43 fold 2 no_physics
2026-03-06 20:46:22,103 | 2028131 | INFO | queue[0042] trial 43 fold 3 no_physics
2026-03-06 20:46:22,104 | 2028131 | INFO | queue[0043] trial 43 fold 4 no_physics
2026-03-06 20:46:22,104 | 2028131 | INFO | queue[0044] trial 43 fold 5 no_physics
2026-03-06 20:46:22,104 | 2028131 | INFO | queue[0045] trial 44 fold 1 no_physics
2026-03-06 20:46:22,104 | 2028131 | INFO | queue[0046] trial 44 fold 2 no_physics
2026-03-06 20:46:22,104 | 2028131 | INFO | queue[0047] trial 44 fold 3 no_physics
2026-03-06 20:46:22,104 | 2028131 | INFO | queue[0048] trial 44 fold 4 no_physics
2026-03-06 20:46:22,104 | 2028131 | INFO | queue[0049] trial 44 fold 5 no_physics
2026-03-06 20:46:22,104 | 2028131 | INFO | queue[0050] trial 45 fold 1 no_physics
2026-03-06 20:46:22,105 | 2028131 | INFO | queue[0051] trial 45 fold 2 no_physics
2026-03-06 20:46:22,105 | 2028131 | INFO | queue[0052] trial 45 fold 3 no_physics
2026-03-06 20:46:22,105 | 2028131 | INFO | queue[0053] trial 45 fold 4 no_physics
2026-03-06 20:46:22,105 | 2028131 | INFO | queue[0054] trial 45 fold 5 no_physics
2026-03-06 20:46:22,105 | 2028131 | INFO | queue[0055] trial 46 fold 1 no_physics
2026-03-06 20:46:22,105 | 2028131 | INFO | queue[0056] trial 46 fold 2 no_physics
2026-03-06 20:46:22,105 | 2028131 | INFO | queue[0057] trial 46 fold 3 no_physics
2026-03-06 20:46:22,105 | 2028131 | INFO | queue[0058] trial 46 fold 4 no_physics
2026-03-06 20:46:22,105 | 2028131 | INFO | queue[0059] trial 46 fold 5 no_physics
2026-03-06 20:46:22,106 | 2028131 | INFO | [END BAYES QUEUE]
2026-03-06 20:46:45,588 | 2028131 | INFO | [TRIAL COMPLETE] trial 11 no_physics NSE_1D=0.87777 NSE_1H=0.82429
2026-03-06 20:49:24,659 | 2028131 | INFO | [TRIAL COMPLETE] trial 29 no_physics NSE_1D=0.88735 NSE_1H=0.83317
2026-03-06 20:49:24,955 | 2028131 | INFO | [ENQUEUE TRIAL] trial 47 no_physics
2026-03-06 20:49:24,956 | 2028131 | INFO | [BAYES QUEUE STATE]
2026-03-06 20:49:24,956 | 2028131 | INFO | pending_jobs = 60
2026-03-06 20:49:24,956 | 2028131 | INFO | inflight_trials = [3, 7, 9, 13, 16, 19, 20, 23, 24, 25, 26, 27, 29, 30, 31, 32, 33, 34, 35, 36, 37, 38, 39, 40, 41, 42, 43, 44, 45, 46]
2026-03-06 20:49:24,956 | 2028131 | INFO | queue[0000] trial 36 fold 1 no_physics
2026-03-06 20:49:24,956 | 2028131 | INFO | queue[0001] trial 36 fold 2 no_physics
2026-03-06 20:49:24,956 | 2028131 | INFO | queue[0002] trial 36 fold 3 no_physics
2026-03-06 20:49:24,956 | 2028131 | INFO | queue[0003] trial 36 fold 4 no_physics
2026-03-06 20:49:24,957 | 2028131 | INFO | queue[0004] trial 36 fold 5 no_physics
2026-03-06 20:49:24,957 | 2028131 | INFO | queue[0005] trial 37 fold 1 no_physics
2026-03-06 20:49:24,957 | 2028131 | INFO | queue[0006] trial 37 fold 2 no_physics
2026-03-06 20:49:24,957 | 2028131 | INFO | queue[0007] trial 37 fold 3 no_physics
2026-03-06 20:49:24,957 | 2028131 | INFO | queue[0008] trial 37 fold 4 no_physics
2026-03-06 20:49:24,957 | 2028131 | INFO | queue[0009] trial 37 fold 5 no_physics
2026-03-06 20:49:24,957 | 2028131 | INFO | queue[0010] trial 38 fold 1 no_physics
2026-03-06 20:49:24,957 | 2028131 | INFO | queue[0011] trial 38 fold 2 no_physics
2026-03-06 20:49:24,957 | 2028131 | INFO | queue[0012] trial 38 fold 3 no_physics
2026-03-06 20:49:24,958 | 2028131 | INFO | queue[0013] trial 38 fold 4 no_physics
2026-03-06 20:49:24,958 | 2028131 | INFO | queue[0014] trial 38 fold 5 no_physics
2026-03-06 20:49:24,958 | 2028131 | INFO | queue[0015] trial 39 fold 1 no_physics
2026-03-06 20:49:24,958 | 2028131 | INFO | queue[0016] trial 39 fold 2 no_physics
2026-03-06 20:49:24,958 | 2028131 | INFO | queue[0017] trial 39 fold 3 no_physics
2026-03-06 20:49:24,958 | 2028131 | INFO | queue[0018] trial 39 fold 4 no_physics
2026-03-06 20:49:24,958 | 2028131 | INFO | queue[0019] trial 39 fold 5 no_physics
2026-03-06 20:49:24,959 | 2028131 | INFO | queue[0020] trial 40 fold 1 no_physics
2026-03-06 20:49:24,959 | 2028131 | INFO | queue[0021] trial 40 fold 2 no_physics
2026-03-06 20:49:24,959 | 2028131 | INFO | queue[0022] trial 40 fold 3 no_physics
2026-03-06 20:49:24,959 | 2028131 | INFO | queue[0023] trial 40 fold 4 no_physics
2026-03-06 20:49:24,959 | 2028131 | INFO | queue[0024] trial 40 fold 5 no_physics
2026-03-06 20:49:24,959 | 2028131 | INFO | queue[0025] trial 41 fold 1 no_physics
2026-03-06 20:49:24,959 | 2028131 | INFO | queue[0026] trial 41 fold 2 no_physics
2026-03-06 20:49:24,959 | 2028131 | INFO | queue[0027] trial 41 fold 3 no_physics
2026-03-06 20:49:24,959 | 2028131 | INFO | queue[0028] trial 41 fold 4 no_physics
2026-03-06 20:49:24,960 | 2028131 | INFO | queue[0029] trial 41 fold 5 no_physics
2026-03-06 20:49:24,960 | 2028131 | INFO | queue[0030] trial 42 fold 1 no_physics
2026-03-06 20:49:24,960 | 2028131 | INFO | queue[0031] trial 42 fold 2 no_physics
2026-03-06 20:49:24,960 | 2028131 | INFO | queue[0032] trial 42 fold 3 no_physics
2026-03-06 20:49:24,960 | 2028131 | INFO | queue[0033] trial 42 fold 4 no_physics
2026-03-06 20:49:24,960 | 2028131 | INFO | queue[0034] trial 42 fold 5 no_physics
2026-03-06 20:49:24,960 | 2028131 | INFO | queue[0035] trial 43 fold 1 no_physics
2026-03-06 20:49:24,960 | 2028131 | INFO | queue[0036] trial 43 fold 2 no_physics
2026-03-06 20:49:24,960 | 2028131 | INFO | queue[0037] trial 43 fold 3 no_physics
2026-03-06 20:49:24,960 | 2028131 | INFO | queue[0038] trial 43 fold 4 no_physics
2026-03-06 20:49:24,961 | 2028131 | INFO | queue[0039] trial 43 fold 5 no_physics
2026-03-06 20:49:24,961 | 2028131 | INFO | queue[0040] trial 44 fold 1 no_physics
2026-03-06 20:49:24,961 | 2028131 | INFO | queue[0041] trial 44 fold 2 no_physics
2026-03-06 20:49:24,961 | 2028131 | INFO | queue[0042] trial 44 fold 3 no_physics
2026-03-06 20:49:24,961 | 2028131 | INFO | queue[0043] trial 44 fold 4 no_physics
2026-03-06 20:49:24,961 | 2028131 | INFO | queue[0044] trial 44 fold 5 no_physics
2026-03-06 20:49:24,961 | 2028131 | INFO | queue[0045] trial 45 fold 1 no_physics
2026-03-06 20:49:24,961 | 2028131 | INFO | queue[0046] trial 45 fold 2 no_physics
2026-03-06 20:49:24,962 | 2028131 | INFO | queue[0047] trial 45 fold 3 no_physics
2026-03-06 20:49:24,962 | 2028131 | INFO | queue[0048] trial 45 fold 4 no_physics
2026-03-06 20:49:24,962 | 2028131 | INFO | queue[0049] trial 45 fold 5 no_physics
2026-03-06 20:49:24,962 | 2028131 | INFO | queue[0050] trial 46 fold 1 no_physics
2026-03-06 20:49:24,962 | 2028131 | INFO | queue[0051] trial 46 fold 2 no_physics
2026-03-06 20:49:24,962 | 2028131 | INFO | queue[0052] trial 46 fold 3 no_physics
2026-03-06 20:49:24,962 | 2028131 | INFO | queue[0053] trial 46 fold 4 no_physics
2026-03-06 20:49:24,962 | 2028131 | INFO | queue[0054] trial 46 fold 5 no_physics
2026-03-06 20:49:24,962 | 2028131 | INFO | queue[0055] trial 47 fold 1 no_physics
2026-03-06 20:49:24,962 | 2028131 | INFO | queue[0056] trial 47 fold 2 no_physics
2026-03-06 20:49:24,963 | 2028131 | INFO | queue[0057] trial 47 fold 3 no_physics
2026-03-06 20:49:24,963 | 2028131 | INFO | queue[0058] trial 47 fold 4 no_physics
2026-03-06 20:49:24,963 | 2028131 | INFO | queue[0059] trial 47 fold 5 no_physics
2026-03-06 20:49:24,963 | 2028131 | INFO | [END BAYES QUEUE]
2026-03-06 20:55:03,728 | 2028131 | INFO | [TRIAL COMPLETE] trial 4 no_physics NSE_1D=0.86191 NSE_1H=0.79023
2026-03-06 20:55:04,032 | 2028131 | INFO | [ENQUEUE TRIAL] trial 48 no_physics
2026-03-06 20:55:04,032 | 2028131 | INFO | [BAYES QUEUE STATE]
2026-03-06 20:55:04,032 | 2028131 | INFO | pending_jobs = 58
2026-03-06 20:55:04,032 | 2028131 | INFO | inflight_trials = [7, 9, 13, 16, 19, 20, 23, 24, 25, 26, 27, 29, 30, 31, 32, 33, 34, 35, 36, 37, 38, 39, 40, 41, 42, 43, 44, 45, 46, 47]
2026-03-06 20:55:04,033 | 2028131 | INFO | queue[0000] trial 37 fold 3 no_physics
2026-03-06 20:55:04,033 | 2028131 | INFO | queue[0001] trial 37 fold 4 no_physics
2026-03-06 20:55:04,033 | 2028131 | INFO | queue[0002] trial 37 fold 5 no_physics
2026-03-06 20:55:04,033 | 2028131 | INFO | queue[0003] trial 38 fold 1 no_physics
2026-03-06 20:55:04,033 | 2028131 | INFO | queue[0004] trial 38 fold 2 no_physics
2026-03-06 20:55:04,033 | 2028131 | INFO | queue[0005] trial 38 fold 3 no_physics
2026-03-06 20:55:04,033 | 2028131 | INFO | queue[0006] trial 38 fold 4 no_physics
2026-03-06 20:55:04,033 | 2028131 | INFO | queue[0007] trial 38 fold 5 no_physics
2026-03-06 20:55:04,034 | 2028131 | INFO | queue[0008] trial 39 fold 1 no_physics
2026-03-06 20:55:04,034 | 2028131 | INFO | queue[0009] trial 39 fold 2 no_physics
2026-03-06 20:55:04,034 | 2028131 | INFO | queue[0010] trial 39 fold 3 no_physics
2026-03-06 20:55:04,034 | 2028131 | INFO | queue[0011] trial 39 fold 4 no_physics
2026-03-06 20:55:04,034 | 2028131 | INFO | queue[0012] trial 39 fold 5 no_physics
2026-03-06 20:55:04,034 | 2028131 | INFO | queue[0013] trial 40 fold 1 no_physics
2026-03-06 20:55:04,034 | 2028131 | INFO | queue[0014] trial 40 fold 2 no_physics
2026-03-06 20:55:04,034 | 2028131 | INFO | queue[0015] trial 40 fold 3 no_physics
2026-03-06 20:55:04,035 | 2028131 | INFO | queue[0016] trial 40 fold 4 no_physics
2026-03-06 20:55:04,035 | 2028131 | INFO | queue[0017] trial 40 fold 5 no_physics
2026-03-06 20:55:04,035 | 2028131 | INFO | queue[0018] trial 41 fold 1 no_physics
2026-03-06 20:55:04,035 | 2028131 | INFO | queue[0019] trial 41 fold 2 no_physics
2026-03-06 20:55:04,035 | 2028131 | INFO | queue[0020] trial 41 fold 3 no_physics
2026-03-06 20:55:04,035 | 2028131 | INFO | queue[0021] trial 41 fold 4 no_physics
2026-03-06 20:55:04,035 | 2028131 | INFO | queue[0022] trial 41 fold 5 no_physics
2026-03-06 20:55:04,035 | 2028131 | INFO | queue[0023] trial 42 fold 1 no_physics
2026-03-06 20:55:04,035 | 2028131 | INFO | queue[0024] trial 42 fold 2 no_physics
2026-03-06 20:55:04,035 | 2028131 | INFO | queue[0025] trial 42 fold 3 no_physics
2026-03-06 20:55:04,036 | 2028131 | INFO | queue[0026] trial 42 fold 4 no_physics
2026-03-06 20:55:04,036 | 2028131 | INFO | queue[0027] trial 42 fold 5 no_physics
2026-03-06 20:55:04,036 | 2028131 | INFO | queue[0028] trial 43 fold 1 no_physics
2026-03-06 20:55:04,036 | 2028131 | INFO | queue[0029] trial 43 fold 2 no_physics
2026-03-06 20:55:04,036 | 2028131 | INFO | queue[0030] trial 43 fold 3 no_physics
2026-03-06 20:55:04,036 | 2028131 | INFO | queue[0031] trial 43 fold 4 no_physics
2026-03-06 20:55:04,036 | 2028131 | INFO | queue[0032] trial 43 fold 5 no_physics
2026-03-06 20:55:04,036 | 2028131 | INFO | queue[0033] trial 44 fold 1 no_physics
2026-03-06 20:55:04,037 | 2028131 | INFO | queue[0034] trial 44 fold 2 no_physics
2026-03-06 20:55:04,037 | 2028131 | INFO | queue[0035] trial 44 fold 3 no_physics
2026-03-06 20:55:04,037 | 2028131 | INFO | queue[0036] trial 44 fold 4 no_physics
2026-03-06 20:55:04,037 | 2028131 | INFO | queue[0037] trial 44 fold 5 no_physics
2026-03-06 20:55:04,037 | 2028131 | INFO | queue[0038] trial 45 fold 1 no_physics
2026-03-06 20:55:04,037 | 2028131 | INFO | queue[0039] trial 45 fold 2 no_physics
2026-03-06 20:55:04,037 | 2028131 | INFO | queue[0040] trial 45 fold 3 no_physics
2026-03-06 20:55:04,037 | 2028131 | INFO | queue[0041] trial 45 fold 4 no_physics
2026-03-06 20:55:04,037 | 2028131 | INFO | queue[0042] trial 45 fold 5 no_physics
2026-03-06 20:55:04,038 | 2028131 | INFO | queue[0043] trial 46 fold 1 no_physics
2026-03-06 20:55:04,038 | 2028131 | INFO | queue[0044] trial 46 fold 2 no_physics
2026-03-06 20:55:04,038 | 2028131 | INFO | queue[0045] trial 46 fold 3 no_physics
2026-03-06 20:55:04,038 | 2028131 | INFO | queue[0046] trial 46 fold 4 no_physics
2026-03-06 20:55:04,038 | 2028131 | INFO | queue[0047] trial 46 fold 5 no_physics
2026-03-06 20:55:04,038 | 2028131 | INFO | queue[0048] trial 47 fold 1 no_physics
2026-03-06 20:55:04,038 | 2028131 | INFO | queue[0049] trial 47 fold 2 no_physics
2026-03-06 20:55:04,038 | 2028131 | INFO | queue[0050] trial 47 fold 3 no_physics
2026-03-06 20:55:04,039 | 2028131 | INFO | queue[0051] trial 47 fold 4 no_physics
2026-03-06 20:55:04,039 | 2028131 | INFO | queue[0052] trial 47 fold 5 no_physics
2026-03-06 20:55:04,039 | 2028131 | INFO | queue[0053] trial 48 fold 1 no_physics
2026-03-06 20:55:04,039 | 2028131 | INFO | queue[0054] trial 48 fold 2 no_physics
2026-03-06 20:55:04,039 | 2028131 | INFO | queue[0055] trial 48 fold 3 no_physics
2026-03-06 20:55:04,039 | 2028131 | INFO | queue[0056] trial 48 fold 4 no_physics
2026-03-06 20:55:04,039 | 2028131 | INFO | queue[0057] trial 48 fold 5 no_physics
2026-03-06 20:55:04,039 | 2028131 | INFO | [END BAYES QUEUE]
2026-03-06 20:58:19,658 | 2028131 | INFO | [TRIAL COMPLETE] trial 26 no_physics NSE_1D=0.87045 NSE_1H=0.76599
2026-03-06 21:03:06,229 | 2028131 | INFO | [TRIAL COMPLETE] trial 21 no_physics NSE_1D=0.85536 NSE_1H=0.81114
2026-03-06 21:05:21,320 | 2028131 | INFO | [TRIAL COMPLETE] trial 8 no_physics NSE_1D=0.86538 NSE_1H=0.82036
2026-03-06 21:07:09,613 | 2028131 | INFO | [TRIAL COMPLETE] trial 25 no_physics NSE_1D=0.87286 NSE_1H=0.80776
2026-03-06 21:13:31,870 | 2028131 | INFO | [TRIAL COMPLETE] trial 10 no_physics NSE_1D=0.85901 NSE_1H=0.82241
2026-03-06 21:17:24,306 | 2028131 | INFO | [TRIAL COMPLETE] trial 27 no_physics NSE_1D=0.87005 NSE_1H=0.82084
2026-03-06 21:21:09,068 | 2028131 | INFO | [TRIAL COMPLETE] trial 14 no_physics NSE_1D=0.82769 NSE_1H=0.73205
2026-03-06 21:24:12,548 | 2028131 | INFO | [TRIAL COMPLETE] trial 35 no_physics NSE_1D=0.86155 NSE_1H=0.82463
2026-03-06 21:25:10,207 | 2028131 | INFO | [TRIAL COMPLETE] trial 38 no_physics NSE_1D=0.86440 NSE_1H=0.78970
2026-03-06 21:40:47,333 | 2028131 | INFO | [TRIAL COMPLETE] trial 30 no_physics NSE_1D=0.86557 NSE_1H=0.81666
2026-03-06 21:41:10,315 | 2028131 | INFO | [TRIAL COMPLETE] trial 17 no_physics NSE_1D=0.83363 NSE_1H=0.77642
2026-03-06 21:48:57,670 | 2028131 | INFO | [TRIAL COMPLETE] trial 33 no_physics NSE_1D=0.88251 NSE_1H=0.80692
2026-03-06 21:53:37,297 | 2028131 | INFO | [TRIAL COMPLETE] trial 24 no_physics NSE_1D=0.86428 NSE_1H=0.81168
2026-03-06 21:56:01,791 | 2028131 | INFO | [TRIAL COMPLETE] trial 32 no_physics NSE_1D=0.87713 NSE_1H=0.81441
2026-03-06 22:25:34,258 | 2028131 | INFO | [TRIAL COMPLETE] trial 39 no_physics NSE_1D=0.85520 NSE_1H=0.80495
2026-03-06 22:28:51,598 | 2028131 | INFO | [TRIAL COMPLETE] trial 28 no_physics NSE_1D=0.87419 NSE_1H=0.79317
2026-03-06 22:34:08,182 | 2028131 | INFO | [TRIAL COMPLETE] trial 20 no_physics NSE_1D=0.84888 NSE_1H=0.74836
2026-03-06 22:34:35,697 | 2028131 | INFO | [TRIAL COMPLETE] trial 37 no_physics NSE_1D=0.88455 NSE_1H=0.82129
2026-03-06 22:37:07,021 | 2028131 | INFO | [TRIAL COMPLETE] trial 41 no_physics NSE_1D=0.85512 NSE_1H=0.80800
2026-03-06 22:37:14,859 | 2028131 | INFO | [TRIAL COMPLETE] trial 40 no_physics NSE_1D=0.88490 NSE_1H=0.80789
2026-03-06 22:39:33,531 | 2028131 | INFO | [TRIAL COMPLETE] trial 42 no_physics NSE_1D=0.88062 NSE_1H=0.80261
2026-03-06 22:53:16,039 | 2028131 | INFO | [TRIAL COMPLETE] trial 46 no_physics NSE_1D=0.84223 NSE_1H=0.82375
2026-03-06 22:54:29,836 | 2028131 | INFO | [TRIAL COMPLETE] trial 45 no_physics NSE_1D=0.86437 NSE_1H=0.82030
2026-03-06 23:00:53,071 | 2028131 | INFO | [TRIAL COMPLETE] trial 43 no_physics NSE_1D=0.86776 NSE_1H=0.80898
2026-03-06 23:06:22,562 | 2028131 | INFO | [TRIAL COMPLETE] trial 34 no_physics NSE_1D=0.86705 NSE_1H=0.79637
2026-03-06 23:06:45,932 | 2028131 | INFO | [TRIAL COMPLETE] trial 48 no_physics NSE_1D=0.84163 NSE_1H=0.83283
2026-03-06 23:12:33,037 | 2028131 | INFO | [TRIAL COMPLETE] trial 47 no_physics NSE_1D=0.85531 NSE_1H=0.79893
2026-03-06 23:16:04,770 | 2028131 | INFO | [TRIAL COMPLETE] trial 44 no_physics NSE_1D=0.87278 NSE_1H=0.81119
2026-03-06 23:29:19,602 | 2028131 | INFO | [TRIAL COMPLETE] trial 36 no_physics NSE_1D=0.88193 NSE_1H=0.81439
2026-03-06 23:30:36,566 | 2028131 | INFO | [TRIAL COMPLETE] trial 31 no_physics NSE_1D=0.86868 NSE_1H=0.80914
2026-03-06 23:30:37,585 | 2028131 | INFO | [BAYES] physics: 11 parallel trials x 5 folds = up to 55 workers
2026-03-06 23:30:37,914 | 2028131 | INFO | [ENQUEUE TRIAL] trial 1 physics
2026-03-06 23:30:37,914 | 2028131 | INFO | [BAYES QUEUE STATE]
2026-03-06 23:30:37,915 | 2028131 | INFO | pending_jobs = 5
2026-03-06 23:30:37,915 | 2028131 | INFO | inflight_trials = [0]
2026-03-06 23:30:37,915 | 2028131 | INFO | queue[0000] trial 1 fold 1 physics
2026-03-06 23:30:37,916 | 2028131 | INFO | queue[0001] trial 1 fold 2 physics
2026-03-06 23:30:37,916 | 2028131 | INFO | queue[0002] trial 1 fold 3 physics
2026-03-06 23:30:37,916 | 2028131 | INFO | queue[0003] trial 1 fold 4 physics
2026-03-06 23:30:37,917 | 2028131 | INFO | queue[0004] trial 1 fold 5 physics
2026-03-06 23:30:37,917 | 2028131 | INFO | [END BAYES QUEUE]
2026-03-06 23:30:38,232 | 2028131 | INFO | [ENQUEUE TRIAL] trial 2 physics
2026-03-06 23:30:38,232 | 2028131 | INFO | [BAYES QUEUE STATE]
2026-03-06 23:30:38,233 | 2028131 | INFO | pending_jobs = 10
2026-03-06 23:30:38,233 | 2028131 | INFO | inflight_trials = [0, 1]
2026-03-06 23:30:38,233 | 2028131 | INFO | queue[0000] trial 1 fold 1 physics
2026-03-06 23:30:38,234 | 2028131 | INFO | queue[0001] trial 1 fold 2 physics
2026-03-06 23:30:38,234 | 2028131 | INFO | queue[0002] trial 1 fold 3 physics
2026-03-06 23:30:38,234 | 2028131 | INFO | queue[0003] trial 1 fold 4 physics
2026-03-06 23:30:38,235 | 2028131 | INFO | queue[0004] trial 1 fold 5 physics
2026-03-06 23:30:38,235 | 2028131 | INFO | queue[0005] trial 2 fold 1 physics
2026-03-06 23:30:38,235 | 2028131 | INFO | queue[0006] trial 2 fold 2 physics
2026-03-06 23:30:38,236 | 2028131 | INFO | queue[0007] trial 2 fold 3 physics
2026-03-06 23:30:38,236 | 2028131 | INFO | queue[0008] trial 2 fold 4 physics
2026-03-06 23:30:38,236 | 2028131 | INFO | queue[0009] trial 2 fold 5 physics
2026-03-06 23:30:38,237 | 2028131 | INFO | [END BAYES QUEUE]
2026-03-06 23:30:38,569 | 2028131 | INFO | [ENQUEUE TRIAL] trial 3 physics
2026-03-06 23:30:38,580 | 2028131 | INFO | [BAYES QUEUE STATE]
2026-03-06 23:30:38,580 | 2028131 | INFO | pending_jobs = 15
2026-03-06 23:30:38,580 | 2028131 | INFO | inflight_trials = [0, 1, 2]
2026-03-06 23:30:38,581 | 2028131 | INFO | queue[0000] trial 1 fold 1 physics
2026-03-06 23:30:38,581 | 2028131 | INFO | queue[0001] trial 1 fold 2 physics
2026-03-06 23:30:38,581 | 2028131 | INFO | queue[0002] trial 1 fold 3 physics
2026-03-06 23:30:38,582 | 2028131 | INFO | queue[0003] trial 1 fold 4 physics
2026-03-06 23:30:38,582 | 2028131 | INFO | queue[0004] trial 1 fold 5 physics
2026-03-06 23:30:38,582 | 2028131 | INFO | queue[0005] trial 2 fold 1 physics
2026-03-06 23:30:38,583 | 2028131 | INFO | queue[0006] trial 2 fold 2 physics
2026-03-06 23:30:38,583 | 2028131 | INFO | queue[0007] trial 2 fold 3 physics
2026-03-06 23:30:38,583 | 2028131 | INFO | queue[0008] trial 2 fold 4 physics
2026-03-06 23:30:38,584 | 2028131 | INFO | queue[0009] trial 2 fold 5 physics
2026-03-06 23:30:38,584 | 2028131 | INFO | queue[0010] trial 3 fold 1 physics
2026-03-06 23:30:38,584 | 2028131 | INFO | queue[0011] trial 3 fold 2 physics
2026-03-06 23:30:38,585 | 2028131 | INFO | queue[0012] trial 3 fold 3 physics
2026-03-06 23:30:38,585 | 2028131 | INFO | queue[0013] trial 3 fold 4 physics
2026-03-06 23:30:38,585 | 2028131 | INFO | queue[0014] trial 3 fold 5 physics
2026-03-06 23:30:38,585 | 2028131 | INFO | [END BAYES QUEUE]
2026-03-06 23:30:38,891 | 2028131 | INFO | [ENQUEUE TRIAL] trial 4 physics
2026-03-06 23:30:38,891 | 2028131 | INFO | [BAYES QUEUE STATE]
2026-03-06 23:30:38,892 | 2028131 | INFO | pending_jobs = 20
2026-03-06 23:30:38,892 | 2028131 | INFO | inflight_trials = [0, 1, 2, 3]
2026-03-06 23:30:38,892 | 2028131 | INFO | queue[0000] trial 1 fold 1 physics
2026-03-06 23:30:38,893 | 2028131 | INFO | queue[0001] trial 1 fold 2 physics
2026-03-06 23:30:38,893 | 2028131 | INFO | queue[0002] trial 1 fold 3 physics
2026-03-06 23:30:38,893 | 2028131 | INFO | queue[0003] trial 1 fold 4 physics
2026-03-06 23:30:38,894 | 2028131 | INFO | queue[0004] trial 1 fold 5 physics
2026-03-06 23:30:38,894 | 2028131 | INFO | queue[0005] trial 2 fold 1 physics
2026-03-06 23:30:38,894 | 2028131 | INFO | queue[0006] trial 2 fold 2 physics
2026-03-06 23:30:38,895 | 2028131 | INFO | queue[0007] trial 2 fold 3 physics
2026-03-06 23:30:38,895 | 2028131 | INFO | queue[0008] trial 2 fold 4 physics
2026-03-06 23:30:38,895 | 2028131 | INFO | queue[0009] trial 2 fold 5 physics
2026-03-06 23:30:38,896 | 2028131 | INFO | queue[0010] trial 3 fold 1 physics
2026-03-06 23:30:38,896 | 2028131 | INFO | queue[0011] trial 3 fold 2 physics
2026-03-06 23:30:38,896 | 2028131 | INFO | queue[0012] trial 3 fold 3 physics
2026-03-06 23:30:38,896 | 2028131 | INFO | queue[0013] trial 3 fold 4 physics
2026-03-06 23:30:38,897 | 2028131 | INFO | queue[0014] trial 3 fold 5 physics
2026-03-06 23:30:38,897 | 2028131 | INFO | queue[0015] trial 4 fold 1 physics
2026-03-06 23:30:38,897 | 2028131 | INFO | queue[0016] trial 4 fold 2 physics
2026-03-06 23:30:38,898 | 2028131 | INFO | queue[0017] trial 4 fold 3 physics
2026-03-06 23:30:38,898 | 2028131 | INFO | queue[0018] trial 4 fold 4 physics
2026-03-06 23:30:38,898 | 2028131 | INFO | queue[0019] trial 4 fold 5 physics
2026-03-06 23:30:38,898 | 2028131 | INFO | [END BAYES QUEUE]
2026-03-06 23:30:39,216 | 2028131 | INFO | [ENQUEUE TRIAL] trial 5 physics
2026-03-06 23:30:39,216 | 2028131 | INFO | [BAYES QUEUE STATE]
2026-03-06 23:30:39,217 | 2028131 | INFO | pending_jobs = 25
2026-03-06 23:30:39,217 | 2028131 | INFO | inflight_trials = [0, 1, 2, 3, 4]
2026-03-06 23:30:39,217 | 2028131 | INFO | queue[0000] trial 1 fold 1 physics
2026-03-06 23:30:39,218 | 2028131 | INFO | queue[0001] trial 1 fold 2 physics
2026-03-06 23:30:39,218 | 2028131 | INFO | queue[0002] trial 1 fold 3 physics
2026-03-06 23:30:39,218 | 2028131 | INFO | queue[0003] trial 1 fold 4 physics
2026-03-06 23:30:39,219 | 2028131 | INFO | queue[0004] trial 1 fold 5 physics
2026-03-06 23:30:39,219 | 2028131 | INFO | queue[0005] trial 2 fold 1 physics
2026-03-06 23:30:39,219 | 2028131 | INFO | queue[0006] trial 2 fold 2 physics
2026-03-06 23:30:39,220 | 2028131 | INFO | queue[0007] trial 2 fold 3 physics
2026-03-06 23:30:39,220 | 2028131 | INFO | queue[0008] trial 2 fold 4 physics
2026-03-06 23:30:39,220 | 2028131 | INFO | queue[0009] trial 2 fold 5 physics
2026-03-06 23:30:39,221 | 2028131 | INFO | queue[0010] trial 3 fold 1 physics
2026-03-06 23:30:39,221 | 2028131 | INFO | queue[0011] trial 3 fold 2 physics
2026-03-06 23:30:39,221 | 2028131 | INFO | queue[0012] trial 3 fold 3 physics
2026-03-06 23:30:39,221 | 2028131 | INFO | queue[0013] trial 3 fold 4 physics
2026-03-06 23:30:39,222 | 2028131 | INFO | queue[0014] trial 3 fold 5 physics
2026-03-06 23:30:39,222 | 2028131 | INFO | queue[0015] trial 4 fold 1 physics
2026-03-06 23:30:39,222 | 2028131 | INFO | queue[0016] trial 4 fold 2 physics
2026-03-06 23:30:39,223 | 2028131 | INFO | queue[0017] trial 4 fold 3 physics
2026-03-06 23:30:39,223 | 2028131 | INFO | queue[0018] trial 4 fold 4 physics
2026-03-06 23:30:39,223 | 2028131 | INFO | queue[0019] trial 4 fold 5 physics
2026-03-06 23:30:39,224 | 2028131 | INFO | queue[0020] trial 5 fold 1 physics
2026-03-06 23:30:39,224 | 2028131 | INFO | queue[0021] trial 5 fold 2 physics
2026-03-06 23:30:39,224 | 2028131 | INFO | queue[0022] trial 5 fold 3 physics
2026-03-06 23:30:39,224 | 2028131 | INFO | queue[0023] trial 5 fold 4 physics
2026-03-06 23:30:39,225 | 2028131 | INFO | queue[0024] trial 5 fold 5 physics
2026-03-06 23:30:39,225 | 2028131 | INFO | [END BAYES QUEUE]
2026-03-06 23:30:39,557 | 2028131 | INFO | [ENQUEUE TRIAL] trial 6 physics
2026-03-06 23:30:39,568 | 2028131 | INFO | [BAYES QUEUE STATE]
2026-03-06 23:30:39,569 | 2028131 | INFO | pending_jobs = 30
2026-03-06 23:30:39,569 | 2028131 | INFO | inflight_trials = [0, 1, 2, 3, 4, 5]
2026-03-06 23:30:39,569 | 2028131 | INFO | queue[0000] trial 1 fold 1 physics
2026-03-06 23:30:39,570 | 2028131 | INFO | queue[0001] trial 1 fold 2 physics
2026-03-06 23:30:39,570 | 2028131 | INFO | queue[0002] trial 1 fold 3 physics
2026-03-06 23:30:39,570 | 2028131 | INFO | queue[0003] trial 1 fold 4 physics
2026-03-06 23:30:39,571 | 2028131 | INFO | queue[0004] trial 1 fold 5 physics
2026-03-06 23:30:39,571 | 2028131 | INFO | queue[0005] trial 2 fold 1 physics
2026-03-06 23:30:39,571 | 2028131 | INFO | queue[0006] trial 2 fold 2 physics
2026-03-06 23:30:39,572 | 2028131 | INFO | queue[0007] trial 2 fold 3 physics
2026-03-06 23:30:39,572 | 2028131 | INFO | queue[0008] trial 2 fold 4 physics
2026-03-06 23:30:39,572 | 2028131 | INFO | queue[0009] trial 2 fold 5 physics
2026-03-06 23:30:39,573 | 2028131 | INFO | queue[0010] trial 3 fold 1 physics
2026-03-06 23:30:39,573 | 2028131 | INFO | queue[0011] trial 3 fold 2 physics
2026-03-06 23:30:39,573 | 2028131 | INFO | queue[0012] trial 3 fold 3 physics
2026-03-06 23:30:39,574 | 2028131 | INFO | queue[0013] trial 3 fold 4 physics
2026-03-06 23:30:39,574 | 2028131 | INFO | queue[0014] trial 3 fold 5 physics
2026-03-06 23:30:39,574 | 2028131 | INFO | queue[0015] trial 4 fold 1 physics
2026-03-06 23:30:39,574 | 2028131 | INFO | queue[0016] trial 4 fold 2 physics
2026-03-06 23:30:39,574 | 2028131 | INFO | queue[0017] trial 4 fold 3 physics
2026-03-06 23:30:39,575 | 2028131 | INFO | queue[0018] trial 4 fold 4 physics
2026-03-06 23:30:39,575 | 2028131 | INFO | queue[0019] trial 4 fold 5 physics
2026-03-06 23:30:39,575 | 2028131 | INFO | queue[0020] trial 5 fold 1 physics
2026-03-06 23:30:39,575 | 2028131 | INFO | queue[0021] trial 5 fold 2 physics
2026-03-06 23:30:39,575 | 2028131 | INFO | queue[0022] trial 5 fold 3 physics
2026-03-06 23:30:39,575 | 2028131 | INFO | queue[0023] trial 5 fold 4 physics
2026-03-06 23:30:39,576 | 2028131 | INFO | queue[0024] trial 5 fold 5 physics
2026-03-06 23:30:39,576 | 2028131 | INFO | queue[0025] trial 6 fold 1 physics
2026-03-06 23:30:39,576 | 2028131 | INFO | queue[0026] trial 6 fold 2 physics
2026-03-06 23:30:39,576 | 2028131 | INFO | queue[0027] trial 6 fold 3 physics
2026-03-06 23:30:39,576 | 2028131 | INFO | queue[0028] trial 6 fold 4 physics
2026-03-06 23:30:39,576 | 2028131 | INFO | queue[0029] trial 6 fold 5 physics
2026-03-06 23:30:39,577 | 2028131 | INFO | [END BAYES QUEUE]
2026-03-06 23:30:39,895 | 2028131 | INFO | [ENQUEUE TRIAL] trial 7 physics
2026-03-06 23:30:39,896 | 2028131 | INFO | [BAYES QUEUE STATE]
2026-03-06 23:30:39,896 | 2028131 | INFO | pending_jobs = 35
2026-03-06 23:30:39,896 | 2028131 | INFO | inflight_trials = [0, 1, 2, 3, 4, 5, 6]
2026-03-06 23:30:39,897 | 2028131 | INFO | queue[0000] trial 1 fold 1 physics
2026-03-06 23:30:39,897 | 2028131 | INFO | queue[0001] trial 1 fold 2 physics
2026-03-06 23:30:39,897 | 2028131 | INFO | queue[0002] trial 1 fold 3 physics
2026-03-06 23:30:39,898 | 2028131 | INFO | queue[0003] trial 1 fold 4 physics
2026-03-06 23:30:39,898 | 2028131 | INFO | queue[0004] trial 1 fold 5 physics
2026-03-06 23:30:39,898 | 2028131 | INFO | queue[0005] trial 2 fold 1 physics
2026-03-06 23:30:39,899 | 2028131 | INFO | queue[0006] trial 2 fold 2 physics
2026-03-06 23:30:39,899 | 2028131 | INFO | queue[0007] trial 2 fold 3 physics
2026-03-06 23:30:39,899 | 2028131 | INFO | queue[0008] trial 2 fold 4 physics
2026-03-06 23:30:39,899 | 2028131 | INFO | queue[0009] trial 2 fold 5 physics
2026-03-06 23:30:39,900 | 2028131 | INFO | queue[0010] trial 3 fold 1 physics
2026-03-06 23:30:39,900 | 2028131 | INFO | queue[0011] trial 3 fold 2 physics
2026-03-06 23:30:39,900 | 2028131 | INFO | queue[0012] trial 3 fold 3 physics
2026-03-06 23:30:39,901 | 2028131 | INFO | queue[0013] trial 3 fold 4 physics
2026-03-06 23:30:39,901 | 2028131 | INFO | queue[0014] trial 3 fold 5 physics
2026-03-06 23:30:39,901 | 2028131 | INFO | queue[0015] trial 4 fold 1 physics
2026-03-06 23:30:39,902 | 2028131 | INFO | queue[0016] trial 4 fold 2 physics
2026-03-06 23:30:39,902 | 2028131 | INFO | queue[0017] trial 4 fold 3 physics
2026-03-06 23:30:39,902 | 2028131 | INFO | queue[0018] trial 4 fold 4 physics
2026-03-06 23:30:39,902 | 2028131 | INFO | queue[0019] trial 4 fold 5 physics
2026-03-06 23:30:39,903 | 2028131 | INFO | queue[0020] trial 5 fold 1 physics
2026-03-06 23:30:39,903 | 2028131 | INFO | queue[0021] trial 5 fold 2 physics
2026-03-06 23:30:39,903 | 2028131 | INFO | queue[0022] trial 5 fold 3 physics
2026-03-06 23:30:39,903 | 2028131 | INFO | queue[0023] trial 5 fold 4 physics
2026-03-06 23:30:39,903 | 2028131 | INFO | queue[0024] trial 5 fold 5 physics
2026-03-06 23:30:39,903 | 2028131 | INFO | queue[0025] trial 6 fold 1 physics
2026-03-06 23:30:39,903 | 2028131 | INFO | queue[0026] trial 6 fold 2 physics
2026-03-06 23:30:39,903 | 2028131 | INFO | queue[0027] trial 6 fold 3 physics
2026-03-06 23:30:39,904 | 2028131 | INFO | queue[0028] trial 6 fold 4 physics
2026-03-06 23:30:39,904 | 2028131 | INFO | queue[0029] trial 6 fold 5 physics
2026-03-06 23:30:39,904 | 2028131 | INFO | queue[0030] trial 7 fold 1 physics
2026-03-06 23:30:39,904 | 2028131 | INFO | queue[0031] trial 7 fold 2 physics
2026-03-06 23:30:39,904 | 2028131 | INFO | queue[0032] trial 7 fold 3 physics
2026-03-06 23:30:39,904 | 2028131 | INFO | queue[0033] trial 7 fold 4 physics
2026-03-06 23:30:39,904 | 2028131 | INFO | queue[0034] trial 7 fold 5 physics
2026-03-06 23:30:39,904 | 2028131 | INFO | [END BAYES QUEUE]
2026-03-06 23:30:40,214 | 2028131 | INFO | [ENQUEUE TRIAL] trial 8 physics
2026-03-06 23:30:40,214 | 2028131 | INFO | [BAYES QUEUE STATE]
2026-03-06 23:30:40,214 | 2028131 | INFO | pending_jobs = 40
2026-03-06 23:30:40,215 | 2028131 | INFO | inflight_trials = [0, 1, 2, 3, 4, 5, 6, 7]
2026-03-06 23:30:40,215 | 2028131 | INFO | queue[0000] trial 1 fold 1 physics
2026-03-06 23:30:40,215 | 2028131 | INFO | queue[0001] trial 1 fold 2 physics
2026-03-06 23:30:40,216 | 2028131 | INFO | queue[0002] trial 1 fold 3 physics
2026-03-06 23:30:40,216 | 2028131 | INFO | queue[0003] trial 1 fold 4 physics
2026-03-06 23:30:40,216 | 2028131 | INFO | queue[0004] trial 1 fold 5 physics
2026-03-06 23:30:40,217 | 2028131 | INFO | queue[0005] trial 2 fold 1 physics
2026-03-06 23:30:40,217 | 2028131 | INFO | queue[0006] trial 2 fold 2 physics
2026-03-06 23:30:40,217 | 2028131 | INFO | queue[0007] trial 2 fold 3 physics
2026-03-06 23:30:40,217 | 2028131 | INFO | queue[0008] trial 2 fold 4 physics
2026-03-06 23:30:40,218 | 2028131 | INFO | queue[0009] trial 2 fold 5 physics
2026-03-06 23:30:40,218 | 2028131 | INFO | queue[0010] trial 3 fold 1 physics
2026-03-06 23:30:40,218 | 2028131 | INFO | queue[0011] trial 3 fold 2 physics
2026-03-06 23:30:40,218 | 2028131 | INFO | queue[0012] trial 3 fold 3 physics
2026-03-06 23:30:40,219 | 2028131 | INFO | queue[0013] trial 3 fold 4 physics
2026-03-06 23:30:40,219 | 2028131 | INFO | queue[0014] trial 3 fold 5 physics
2026-03-06 23:30:40,219 | 2028131 | INFO | queue[0015] trial 4 fold 1 physics
2026-03-06 23:30:40,220 | 2028131 | INFO | queue[0016] trial 4 fold 2 physics
2026-03-06 23:30:40,220 | 2028131 | INFO | queue[0017] trial 4 fold 3 physics
2026-03-06 23:30:40,220 | 2028131 | INFO | queue[0018] trial 4 fold 4 physics
2026-03-06 23:30:40,220 | 2028131 | INFO | queue[0019] trial 4 fold 5 physics
2026-03-06 23:30:40,221 | 2028131 | INFO | queue[0020] trial 5 fold 1 physics
2026-03-06 23:30:40,221 | 2028131 | INFO | queue[0021] trial 5 fold 2 physics
2026-03-06 23:30:40,221 | 2028131 | INFO | queue[0022] trial 5 fold 3 physics
2026-03-06 23:30:40,221 | 2028131 | INFO | queue[0023] trial 5 fold 4 physics
2026-03-06 23:30:40,222 | 2028131 | INFO | queue[0024] trial 5 fold 5 physics
2026-03-06 23:30:40,222 | 2028131 | INFO | queue[0025] trial 6 fold 1 physics
2026-03-06 23:30:40,222 | 2028131 | INFO | queue[0026] trial 6 fold 2 physics
2026-03-06 23:30:40,223 | 2028131 | INFO | queue[0027] trial 6 fold 3 physics
2026-03-06 23:30:40,223 | 2028131 | INFO | queue[0028] trial 6 fold 4 physics
2026-03-06 23:30:40,223 | 2028131 | INFO | queue[0029] trial 6 fold 5 physics
2026-03-06 23:30:40,223 | 2028131 | INFO | queue[0030] trial 7 fold 1 physics
2026-03-06 23:30:40,223 | 2028131 | INFO | queue[0031] trial 7 fold 2 physics
2026-03-06 23:30:40,224 | 2028131 | INFO | queue[0032] trial 7 fold 3 physics
2026-03-06 23:30:40,224 | 2028131 | INFO | queue[0033] trial 7 fold 4 physics
2026-03-06 23:30:40,224 | 2028131 | INFO | queue[0034] trial 7 fold 5 physics
2026-03-06 23:30:40,224 | 2028131 | INFO | queue[0035] trial 8 fold 1 physics
2026-03-06 23:30:40,224 | 2028131 | INFO | queue[0036] trial 8 fold 2 physics
2026-03-06 23:30:40,224 | 2028131 | INFO | queue[0037] trial 8 fold 3 physics
2026-03-06 23:30:40,224 | 2028131 | INFO | queue[0038] trial 8 fold 4 physics
2026-03-06 23:30:40,224 | 2028131 | INFO | queue[0039] trial 8 fold 5 physics
2026-03-06 23:30:40,225 | 2028131 | INFO | [END BAYES QUEUE]
2026-03-06 23:30:40,567 | 2028131 | INFO | [ENQUEUE TRIAL] trial 9 physics
2026-03-06 23:30:40,579 | 2028131 | INFO | [BAYES QUEUE STATE]
2026-03-06 23:30:40,580 | 2028131 | INFO | pending_jobs = 45
2026-03-06 23:30:40,580 | 2028131 | INFO | inflight_trials = [0, 1, 2, 3, 4, 5, 6, 7, 8]
2026-03-06 23:30:40,580 | 2028131 | INFO | queue[0000] trial 1 fold 1 physics
2026-03-06 23:30:40,581 | 2028131 | INFO | queue[0001] trial 1 fold 2 physics
2026-03-06 23:30:40,581 | 2028131 | INFO | queue[0002] trial 1 fold 3 physics
2026-03-06 23:30:40,581 | 2028131 | INFO | queue[0003] trial 1 fold 4 physics
2026-03-06 23:30:40,582 | 2028131 | INFO | queue[0004] trial 1 fold 5 physics
2026-03-06 23:30:40,582 | 2028131 | INFO | queue[0005] trial 2 fold 1 physics
2026-03-06 23:30:40,582 | 2028131 | INFO | queue[0006] trial 2 fold 2 physics
2026-03-06 23:30:40,583 | 2028131 | INFO | queue[0007] trial 2 fold 3 physics
2026-03-06 23:30:40,583 | 2028131 | INFO | queue[0008] trial 2 fold 4 physics
2026-03-06 23:30:40,583 | 2028131 | INFO | queue[0009] trial 2 fold 5 physics
2026-03-06 23:30:40,583 | 2028131 | INFO | queue[0010] trial 3 fold 1 physics
2026-03-06 23:30:40,584 | 2028131 | INFO | queue[0011] trial 3 fold 2 physics
2026-03-06 23:30:40,584 | 2028131 | INFO | queue[0012] trial 3 fold 3 physics
2026-03-06 23:30:40,584 | 2028131 | INFO | queue[0013] trial 3 fold 4 physics
2026-03-06 23:30:40,585 | 2028131 | INFO | queue[0014] trial 3 fold 5 physics
2026-03-06 23:30:40,585 | 2028131 | INFO | queue[0015] trial 4 fold 1 physics
2026-03-06 23:30:40,585 | 2028131 | INFO | queue[0016] trial 4 fold 2 physics
2026-03-06 23:30:40,586 | 2028131 | INFO | queue[0017] trial 4 fold 3 physics
2026-03-06 23:30:40,586 | 2028131 | INFO | queue[0018] trial 4 fold 4 physics
2026-03-06 23:30:40,586 | 2028131 | INFO | queue[0019] trial 4 fold 5 physics
2026-03-06 23:30:40,586 | 2028131 | INFO | queue[0020] trial 5 fold 1 physics
2026-03-06 23:30:40,586 | 2028131 | INFO | queue[0021] trial 5 fold 2 physics
2026-03-06 23:30:40,587 | 2028131 | INFO | queue[0022] trial 5 fold 3 physics
2026-03-06 23:30:40,587 | 2028131 | INFO | queue[0023] trial 5 fold 4 physics
2026-03-06 23:30:40,587 | 2028131 | INFO | queue[0024] trial 5 fold 5 physics
2026-03-06 23:30:40,587 | 2028131 | INFO | queue[0025] trial 6 fold 1 physics
2026-03-06 23:30:40,587 | 2028131 | INFO | queue[0026] trial 6 fold 2 physics
2026-03-06 23:30:40,587 | 2028131 | INFO | queue[0027] trial 6 fold 3 physics
2026-03-06 23:30:40,588 | 2028131 | INFO | queue[0028] trial 6 fold 4 physics
2026-03-06 23:30:40,588 | 2028131 | INFO | queue[0029] trial 6 fold 5 physics
2026-03-06 23:30:40,588 | 2028131 | INFO | queue[0030] trial 7 fold 1 physics
2026-03-06 23:30:40,588 | 2028131 | INFO | queue[0031] trial 7 fold 2 physics
2026-03-06 23:30:40,588 | 2028131 | INFO | queue[0032] trial 7 fold 3 physics
2026-03-06 23:30:40,588 | 2028131 | INFO | queue[0033] trial 7 fold 4 physics
2026-03-06 23:30:40,588 | 2028131 | INFO | queue[0034] trial 7 fold 5 physics
2026-03-06 23:30:40,589 | 2028131 | INFO | queue[0035] trial 8 fold 1 physics
2026-03-06 23:30:40,589 | 2028131 | INFO | queue[0036] trial 8 fold 2 physics
2026-03-06 23:30:40,589 | 2028131 | INFO | queue[0037] trial 8 fold 3 physics
2026-03-06 23:30:40,589 | 2028131 | INFO | queue[0038] trial 8 fold 4 physics
2026-03-06 23:30:40,589 | 2028131 | INFO | queue[0039] trial 8 fold 5 physics
2026-03-06 23:30:40,589 | 2028131 | INFO | queue[0040] trial 9 fold 1 physics
2026-03-06 23:30:40,590 | 2028131 | INFO | queue[0041] trial 9 fold 2 physics
2026-03-06 23:30:40,590 | 2028131 | INFO | queue[0042] trial 9 fold 3 physics
2026-03-06 23:30:40,590 | 2028131 | INFO | queue[0043] trial 9 fold 4 physics
2026-03-06 23:30:40,590 | 2028131 | INFO | queue[0044] trial 9 fold 5 physics
2026-03-06 23:30:40,590 | 2028131 | INFO | [END BAYES QUEUE]
2026-03-06 23:30:40,893 | 2028131 | INFO | [ENQUEUE TRIAL] trial 10 physics
2026-03-06 23:30:40,893 | 2028131 | INFO | [BAYES QUEUE STATE]
2026-03-06 23:30:40,894 | 2028131 | INFO | pending_jobs = 50
2026-03-06 23:30:40,894 | 2028131 | INFO | inflight_trials = [0, 1, 2, 3, 4, 5, 6, 7, 8, 9]
2026-03-06 23:30:40,894 | 2028131 | INFO | queue[0000] trial 1 fold 1 physics
2026-03-06 23:30:40,895 | 2028131 | INFO | queue[0001] trial 1 fold 2 physics
2026-03-06 23:30:40,895 | 2028131 | INFO | queue[0002] trial 1 fold 3 physics
2026-03-06 23:30:40,895 | 2028131 | INFO | queue[0003] trial 1 fold 4 physics
2026-03-06 23:30:40,896 | 2028131 | INFO | queue[0004] trial 1 fold 5 physics
2026-03-06 23:30:40,896 | 2028131 | INFO | queue[0005] trial 2 fold 1 physics
2026-03-06 23:30:40,896 | 2028131 | INFO | queue[0006] trial 2 fold 2 physics
2026-03-06 23:30:40,897 | 2028131 | INFO | queue[0007] trial 2 fold 3 physics
2026-03-06 23:30:40,897 | 2028131 | INFO | queue[0008] trial 2 fold 4 physics
2026-03-06 23:30:40,897 | 2028131 | INFO | queue[0009] trial 2 fold 5 physics
2026-03-06 23:30:40,897 | 2028131 | INFO | queue[0010] trial 3 fold 1 physics
2026-03-06 23:30:40,898 | 2028131 | INFO | queue[0011] trial 3 fold 2 physics
2026-03-06 23:30:40,898 | 2028131 | INFO | queue[0012] trial 3 fold 3 physics
2026-03-06 23:30:40,898 | 2028131 | INFO | queue[0013] trial 3 fold 4 physics
2026-03-06 23:30:40,899 | 2028131 | INFO | queue[0014] trial 3 fold 5 physics
2026-03-06 23:30:40,899 | 2028131 | INFO | queue[0015] trial 4 fold 1 physics
2026-03-06 23:30:40,899 | 2028131 | INFO | queue[0016] trial 4 fold 2 physics
2026-03-06 23:30:40,899 | 2028131 | INFO | queue[0017] trial 4 fold 3 physics
2026-03-06 23:30:40,899 | 2028131 | INFO | queue[0018] trial 4 fold 4 physics
2026-03-06 23:30:40,900 | 2028131 | INFO | queue[0019] trial 4 fold 5 physics
2026-03-06 23:30:40,900 | 2028131 | INFO | queue[0020] trial 5 fold 1 physics
2026-03-06 23:30:40,900 | 2028131 | INFO | queue[0021] trial 5 fold 2 physics
2026-03-06 23:30:40,900 | 2028131 | INFO | queue[0022] trial 5 fold 3 physics
2026-03-06 23:30:40,900 | 2028131 | INFO | queue[0023] trial 5 fold 4 physics
2026-03-06 23:30:40,900 | 2028131 | INFO | queue[0024] trial 5 fold 5 physics
2026-03-06 23:30:40,901 | 2028131 | INFO | queue[0025] trial 6 fold 1 physics
2026-03-06 23:30:40,901 | 2028131 | INFO | queue[0026] trial 6 fold 2 physics
2026-03-06 23:30:40,901 | 2028131 | INFO | queue[0027] trial 6 fold 3 physics
2026-03-06 23:30:40,901 | 2028131 | INFO | queue[0028] trial 6 fold 4 physics
2026-03-06 23:30:40,901 | 2028131 | INFO | queue[0029] trial 6 fold 5 physics
2026-03-06 23:30:40,901 | 2028131 | INFO | queue[0030] trial 7 fold 1 physics
2026-03-06 23:30:40,902 | 2028131 | INFO | queue[0031] trial 7 fold 2 physics
2026-03-06 23:30:40,902 | 2028131 | INFO | queue[0032] trial 7 fold 3 physics
2026-03-06 23:30:40,902 | 2028131 | INFO | queue[0033] trial 7 fold 4 physics
2026-03-06 23:30:40,902 | 2028131 | INFO | queue[0034] trial 7 fold 5 physics
2026-03-06 23:30:40,902 | 2028131 | INFO | queue[0035] trial 8 fold 1 physics
2026-03-06 23:30:40,902 | 2028131 | INFO | queue[0036] trial 8 fold 2 physics
2026-03-06 23:30:40,903 | 2028131 | INFO | queue[0037] trial 8 fold 3 physics
2026-03-06 23:30:40,903 | 2028131 | INFO | queue[0038] trial 8 fold 4 physics
2026-03-06 23:30:40,903 | 2028131 | INFO | queue[0039] trial 8 fold 5 physics
2026-03-06 23:30:40,903 | 2028131 | INFO | queue[0040] trial 9 fold 1 physics
2026-03-06 23:30:40,903 | 2028131 | INFO | queue[0041] trial 9 fold 2 physics
2026-03-06 23:30:40,904 | 2028131 | INFO | queue[0042] trial 9 fold 3 physics
2026-03-06 23:30:40,904 | 2028131 | INFO | queue[0043] trial 9 fold 4 physics
2026-03-06 23:30:40,904 | 2028131 | INFO | queue[0044] trial 9 fold 5 physics
2026-03-06 23:30:40,904 | 2028131 | INFO | queue[0045] trial 10 fold 1 physics
2026-03-06 23:30:40,904 | 2028131 | INFO | queue[0046] trial 10 fold 2 physics
2026-03-06 23:30:40,904 | 2028131 | INFO | queue[0047] trial 10 fold 3 physics
2026-03-06 23:30:40,905 | 2028131 | INFO | queue[0048] trial 10 fold 4 physics
2026-03-06 23:30:40,905 | 2028131 | INFO | queue[0049] trial 10 fold 5 physics
2026-03-06 23:30:40,905 | 2028131 | INFO | [END BAYES QUEUE]
2026-03-06 23:30:41,208 | 2028131 | INFO | [ENQUEUE TRIAL] trial 11 physics
2026-03-06 23:30:41,209 | 2028131 | INFO | [BAYES QUEUE STATE]
2026-03-06 23:30:41,209 | 2028131 | INFO | pending_jobs = 55
2026-03-06 23:30:41,209 | 2028131 | INFO | inflight_trials = [0, 1, 2, 3, 4, 5, 6, 7, 8, 9, 10]
2026-03-06 23:30:41,210 | 2028131 | INFO | queue[0000] trial 1 fold 1 physics
2026-03-06 23:30:41,210 | 2028131 | INFO | queue[0001] trial 1 fold 2 physics
2026-03-06 23:30:41,210 | 2028131 | INFO | queue[0002] trial 1 fold 3 physics
2026-03-06 23:30:41,211 | 2028131 | INFO | queue[0003] trial 1 fold 4 physics
2026-03-06 23:30:41,211 | 2028131 | INFO | queue[0004] trial 1 fold 5 physics
2026-03-06 23:30:41,211 | 2028131 | INFO | queue[0005] trial 2 fold 1 physics
2026-03-06 23:30:41,212 | 2028131 | INFO | queue[0006] trial 2 fold 2 physics
2026-03-06 23:30:41,212 | 2028131 | INFO | queue[0007] trial 2 fold 3 physics
2026-03-06 23:30:41,212 | 2028131 | INFO | queue[0008] trial 2 fold 4 physics
2026-03-06 23:30:41,213 | 2028131 | INFO | queue[0009] trial 2 fold 5 physics
2026-03-06 23:30:41,213 | 2028131 | INFO | queue[0010] trial 3 fold 1 physics
2026-03-06 23:30:41,213 | 2028131 | INFO | queue[0011] trial 3 fold 2 physics
2026-03-06 23:30:41,213 | 2028131 | INFO | queue[0012] trial 3 fold 3 physics
2026-03-06 23:30:41,214 | 2028131 | INFO | queue[0013] trial 3 fold 4 physics
2026-03-06 23:30:41,214 | 2028131 | INFO | queue[0014] trial 3 fold 5 physics
2026-03-06 23:30:41,214 | 2028131 | INFO | queue[0015] trial 4 fold 1 physics
2026-03-06 23:30:41,215 | 2028131 | INFO | queue[0016] trial 4 fold 2 physics
2026-03-06 23:30:41,215 | 2028131 | INFO | queue[0017] trial 4 fold 3 physics
2026-03-06 23:30:41,215 | 2028131 | INFO | queue[0018] trial 4 fold 4 physics
2026-03-06 23:30:41,216 | 2028131 | INFO | queue[0019] trial 4 fold 5 physics
2026-03-06 23:30:41,216 | 2028131 | INFO | queue[0020] trial 5 fold 1 physics
2026-03-06 23:30:41,216 | 2028131 | INFO | queue[0021] trial 5 fold 2 physics
2026-03-06 23:30:41,216 | 2028131 | INFO | queue[0022] trial 5 fold 3 physics
2026-03-06 23:30:41,217 | 2028131 | INFO | queue[0023] trial 5 fold 4 physics
2026-03-06 23:30:41,217 | 2028131 | INFO | queue[0024] trial 5 fold 5 physics
2026-03-06 23:30:41,217 | 2028131 | INFO | queue[0025] trial 6 fold 1 physics
2026-03-06 23:30:41,217 | 2028131 | INFO | queue[0026] trial 6 fold 2 physics
2026-03-06 23:30:41,217 | 2028131 | INFO | queue[0027] trial 6 fold 3 physics
2026-03-06 23:30:41,217 | 2028131 | INFO | queue[0028] trial 6 fold 4 physics
2026-03-06 23:30:41,217 | 2028131 | INFO | queue[0029] trial 6 fold 5 physics
2026-03-06 23:30:41,217 | 2028131 | INFO | queue[0030] trial 7 fold 1 physics
2026-03-06 23:30:41,218 | 2028131 | INFO | queue[0031] trial 7 fold 2 physics
2026-03-06 23:30:41,218 | 2028131 | INFO | queue[0032] trial 7 fold 3 physics
2026-03-06 23:30:41,218 | 2028131 | INFO | queue[0033] trial 7 fold 4 physics
2026-03-06 23:30:41,218 | 2028131 | INFO | queue[0034] trial 7 fold 5 physics
2026-03-06 23:30:41,218 | 2028131 | INFO | queue[0035] trial 8 fold 1 physics
2026-03-06 23:30:41,218 | 2028131 | INFO | queue[0036] trial 8 fold 2 physics
2026-03-06 23:30:41,218 | 2028131 | INFO | queue[0037] trial 8 fold 3 physics
2026-03-06 23:30:41,218 | 2028131 | INFO | queue[0038] trial 8 fold 4 physics
2026-03-06 23:30:41,219 | 2028131 | INFO | queue[0039] trial 8 fold 5 physics
2026-03-06 23:30:41,219 | 2028131 | INFO | queue[0040] trial 9 fold 1 physics
2026-03-06 23:30:41,219 | 2028131 | INFO | queue[0041] trial 9 fold 2 physics
2026-03-06 23:30:41,219 | 2028131 | INFO | queue[0042] trial 9 fold 3 physics
2026-03-06 23:30:41,219 | 2028131 | INFO | queue[0043] trial 9 fold 4 physics
2026-03-06 23:30:41,219 | 2028131 | INFO | queue[0044] trial 9 fold 5 physics
2026-03-06 23:30:41,219 | 2028131 | INFO | queue[0045] trial 10 fold 1 physics
2026-03-06 23:30:41,219 | 2028131 | INFO | queue[0046] trial 10 fold 2 physics
2026-03-06 23:30:41,220 | 2028131 | INFO | queue[0047] trial 10 fold 3 physics
2026-03-06 23:30:41,220 | 2028131 | INFO | queue[0048] trial 10 fold 4 physics
2026-03-06 23:30:41,220 | 2028131 | INFO | queue[0049] trial 10 fold 5 physics
2026-03-06 23:30:41,220 | 2028131 | INFO | queue[0050] trial 11 fold 1 physics
2026-03-06 23:30:41,220 | 2028131 | INFO | queue[0051] trial 11 fold 2 physics
2026-03-06 23:30:41,220 | 2028131 | INFO | queue[0052] trial 11 fold 3 physics
2026-03-06 23:30:41,220 | 2028131 | INFO | queue[0053] trial 11 fold 4 physics
2026-03-06 23:30:41,221 | 2028131 | INFO | queue[0054] trial 11 fold 5 physics
2026-03-06 23:30:41,221 | 2028131 | INFO | [END BAYES QUEUE]
2026-03-06 23:30:41,555 | 2028131 | INFO | [ENQUEUE TRIAL] trial 12 physics
2026-03-06 23:30:41,566 | 2028131 | INFO | [BAYES QUEUE STATE]
2026-03-06 23:30:41,566 | 2028131 | INFO | pending_jobs = 60
2026-03-06 23:30:41,566 | 2028131 | INFO | inflight_trials = [0, 1, 2, 3, 4, 5, 6, 7, 8, 9, 10, 11]
2026-03-06 23:30:41,567 | 2028131 | INFO | queue[0000] trial 1 fold 1 physics
2026-03-06 23:30:41,567 | 2028131 | INFO | queue[0001] trial 1 fold 2 physics
2026-03-06 23:30:41,567 | 2028131 | INFO | queue[0002] trial 1 fold 3 physics
2026-03-06 23:30:41,568 | 2028131 | INFO | queue[0003] trial 1 fold 4 physics
2026-03-06 23:30:41,568 | 2028131 | INFO | queue[0004] trial 1 fold 5 physics
2026-03-06 23:30:41,568 | 2028131 | INFO | queue[0005] trial 2 fold 1 physics
2026-03-06 23:30:41,569 | 2028131 | INFO | queue[0006] trial 2 fold 2 physics
2026-03-06 23:30:41,569 | 2028131 | INFO | queue[0007] trial 2 fold 3 physics
2026-03-06 23:30:41,569 | 2028131 | INFO | queue[0008] trial 2 fold 4 physics
2026-03-06 23:30:41,570 | 2028131 | INFO | queue[0009] trial 2 fold 5 physics
2026-03-06 23:30:41,570 | 2028131 | INFO | queue[0010] trial 3 fold 1 physics
2026-03-06 23:30:41,570 | 2028131 | INFO | queue[0011] trial 3 fold 2 physics
2026-03-06 23:30:41,571 | 2028131 | INFO | queue[0012] trial 3 fold 3 physics
2026-03-06 23:30:41,571 | 2028131 | INFO | queue[0013] trial 3 fold 4 physics
2026-03-06 23:30:41,571 | 2028131 | INFO | queue[0014] trial 3 fold 5 physics
2026-03-06 23:30:41,571 | 2028131 | INFO | queue[0015] trial 4 fold 1 physics
2026-03-06 23:30:41,572 | 2028131 | INFO | queue[0016] trial 4 fold 2 physics
2026-03-06 23:30:41,572 | 2028131 | INFO | queue[0017] trial 4 fold 3 physics
2026-03-06 23:30:41,572 | 2028131 | INFO | queue[0018] trial 4 fold 4 physics
2026-03-06 23:30:41,573 | 2028131 | INFO | queue[0019] trial 4 fold 5 physics
2026-03-06 23:30:41,573 | 2028131 | INFO | queue[0020] trial 5 fold 1 physics
2026-03-06 23:30:41,573 | 2028131 | INFO | queue[0021] trial 5 fold 2 physics
2026-03-06 23:30:41,573 | 2028131 | INFO | queue[0022] trial 5 fold 3 physics
2026-03-06 23:30:41,573 | 2028131 | INFO | queue[0023] trial 5 fold 4 physics
2026-03-06 23:30:41,574 | 2028131 | INFO | queue[0024] trial 5 fold 5 physics
2026-03-06 23:30:41,574 | 2028131 | INFO | queue[0025] trial 6 fold 1 physics
2026-03-06 23:30:41,574 | 2028131 | INFO | queue[0026] trial 6 fold 2 physics
2026-03-06 23:30:41,574 | 2028131 | INFO | queue[0027] trial 6 fold 3 physics
2026-03-06 23:30:41,574 | 2028131 | INFO | queue[0028] trial 6 fold 4 physics
2026-03-06 23:30:41,574 | 2028131 | INFO | queue[0029] trial 6 fold 5 physics
2026-03-06 23:30:41,574 | 2028131 | INFO | queue[0030] trial 7 fold 1 physics
2026-03-06 23:30:41,574 | 2028131 | INFO | queue[0031] trial 7 fold 2 physics
2026-03-06 23:30:41,575 | 2028131 | INFO | queue[0032] trial 7 fold 3 physics
2026-03-06 23:30:41,575 | 2028131 | INFO | queue[0033] trial 7 fold 4 physics
2026-03-06 23:30:41,575 | 2028131 | INFO | queue[0034] trial 7 fold 5 physics
2026-03-06 23:30:41,575 | 2028131 | INFO | queue[0035] trial 8 fold 1 physics
2026-03-06 23:30:41,575 | 2028131 | INFO | queue[0036] trial 8 fold 2 physics
2026-03-06 23:30:41,575 | 2028131 | INFO | queue[0037] trial 8 fold 3 physics
2026-03-06 23:30:41,575 | 2028131 | INFO | queue[0038] trial 8 fold 4 physics
2026-03-06 23:30:41,576 | 2028131 | INFO | queue[0039] trial 8 fold 5 physics
2026-03-06 23:30:41,576 | 2028131 | INFO | queue[0040] trial 9 fold 1 physics
2026-03-06 23:30:41,576 | 2028131 | INFO | queue[0041] trial 9 fold 2 physics
2026-03-06 23:30:41,576 | 2028131 | INFO | queue[0042] trial 9 fold 3 physics
2026-03-06 23:30:41,576 | 2028131 | INFO | queue[0043] trial 9 fold 4 physics
2026-03-06 23:30:41,576 | 2028131 | INFO | queue[0044] trial 9 fold 5 physics
2026-03-06 23:30:41,576 | 2028131 | INFO | queue[0045] trial 10 fold 1 physics
2026-03-06 23:30:41,576 | 2028131 | INFO | queue[0046] trial 10 fold 2 physics
2026-03-06 23:30:41,577 | 2028131 | INFO | queue[0047] trial 10 fold 3 physics
2026-03-06 23:30:41,577 | 2028131 | INFO | queue[0048] trial 10 fold 4 physics
2026-03-06 23:30:41,577 | 2028131 | INFO | queue[0049] trial 10 fold 5 physics
2026-03-06 23:30:41,577 | 2028131 | INFO | queue[0050] trial 11 fold 1 physics
2026-03-06 23:30:41,577 | 2028131 | INFO | queue[0051] trial 11 fold 2 physics
2026-03-06 23:30:41,577 | 2028131 | INFO | queue[0052] trial 11 fold 3 physics
2026-03-06 23:30:41,577 | 2028131 | INFO | queue[0053] trial 11 fold 4 physics
2026-03-06 23:30:41,577 | 2028131 | INFO | queue[0054] trial 11 fold 5 physics
2026-03-06 23:30:41,578 | 2028131 | INFO | queue[0055] trial 12 fold 1 physics
2026-03-06 23:30:41,578 | 2028131 | INFO | queue[0056] trial 12 fold 2 physics
2026-03-06 23:30:41,578 | 2028131 | INFO | queue[0057] trial 12 fold 3 physics
2026-03-06 23:30:41,578 | 2028131 | INFO | queue[0058] trial 12 fold 4 physics
2026-03-06 23:30:41,578 | 2028131 | INFO | queue[0059] trial 12 fold 5 physics
2026-03-06 23:30:41,578 | 2028131 | INFO | [END BAYES QUEUE]
2026-03-06 23:49:45,368 | 2028131 | INFO | [TRIAL COMPLETE] trial 4 physics NSE_1D=0.88395 NSE_1H=0.86122
2026-03-06 23:49:45,668 | 2028131 | INFO | [ENQUEUE TRIAL] trial 13 physics
2026-03-06 23:49:45,669 | 2028131 | INFO | [BAYES QUEUE STATE]
2026-03-06 23:49:45,669 | 2028131 | INFO | pending_jobs = 5
2026-03-06 23:49:45,669 | 2028131 | INFO | inflight_trials = [0, 1, 2, 4, 5, 6, 7, 8, 9, 10, 11, 12]
2026-03-06 23:49:45,670 | 2028131 | INFO | queue[0000] trial 13 fold 1 physics
2026-03-06 23:49:45,670 | 2028131 | INFO | queue[0001] trial 13 fold 2 physics
2026-03-06 23:49:45,670 | 2028131 | INFO | queue[0002] trial 13 fold 3 physics
2026-03-06 23:49:45,671 | 2028131 | INFO | queue[0003] trial 13 fold 4 physics
2026-03-06 23:49:45,671 | 2028131 | INFO | queue[0004] trial 13 fold 5 physics
2026-03-06 23:49:45,671 | 2028131 | INFO | [END BAYES QUEUE]
2026-03-06 23:49:45,966 | 2028131 | INFO | [ENQUEUE TRIAL] trial 14 physics
2026-03-06 23:49:45,967 | 2028131 | INFO | [BAYES QUEUE STATE]
2026-03-06 23:49:45,967 | 2028131 | INFO | pending_jobs = 10
2026-03-06 23:49:45,968 | 2028131 | INFO | inflight_trials = [0, 1, 2, 4, 5, 6, 7, 8, 9, 10, 11, 12, 13]
2026-03-06 23:49:45,968 | 2028131 | INFO | queue[0000] trial 13 fold 1 physics
2026-03-06 23:49:45,968 | 2028131 | INFO | queue[0001] trial 13 fold 2 physics
2026-03-06 23:49:45,969 | 2028131 | INFO | queue[0002] trial 13 fold 3 physics
2026-03-06 23:49:45,969 | 2028131 | INFO | queue[0003] trial 13 fold 4 physics
2026-03-06 23:49:45,969 | 2028131 | INFO | queue[0004] trial 13 fold 5 physics
2026-03-06 23:49:45,970 | 2028131 | INFO | queue[0005] trial 14 fold 1 physics
2026-03-06 23:49:45,970 | 2028131 | INFO | queue[0006] trial 14 fold 2 physics
2026-03-06 23:49:45,970 | 2028131 | INFO | queue[0007] trial 14 fold 3 physics
2026-03-06 23:49:45,971 | 2028131 | INFO | queue[0008] trial 14 fold 4 physics
2026-03-06 23:49:45,971 | 2028131 | INFO | queue[0009] trial 14 fold 5 physics
2026-03-06 23:49:45,972 | 2028131 | INFO | [END BAYES QUEUE]
2026-03-06 23:49:46,254 | 2028131 | INFO | [ENQUEUE TRIAL] trial 15 physics
2026-03-06 23:49:46,254 | 2028131 | INFO | [BAYES QUEUE STATE]
2026-03-06 23:49:46,254 | 2028131 | INFO | pending_jobs = 15
2026-03-06 23:49:46,255 | 2028131 | INFO | inflight_trials = [0, 1, 2, 4, 5, 6, 7, 8, 9, 10, 11, 12, 13, 14]
2026-03-06 23:49:46,255 | 2028131 | INFO | queue[0000] trial 13 fold 1 physics
2026-03-06 23:49:46,256 | 2028131 | INFO | queue[0001] trial 13 fold 2 physics
2026-03-06 23:49:46,256 | 2028131 | INFO | queue[0002] trial 13 fold 3 physics
2026-03-06 23:49:46,256 | 2028131 | INFO | queue[0003] trial 13 fold 4 physics
2026-03-06 23:49:46,257 | 2028131 | INFO | queue[0004] trial 13 fold 5 physics
2026-03-06 23:49:46,257 | 2028131 | INFO | queue[0005] trial 14 fold 1 physics
2026-03-06 23:49:46,257 | 2028131 | INFO | queue[0006] trial 14 fold 2 physics
2026-03-06 23:49:46,258 | 2028131 | INFO | queue[0007] trial 14 fold 3 physics
2026-03-06 23:49:46,258 | 2028131 | INFO | queue[0008] trial 14 fold 4 physics
2026-03-06 23:49:46,258 | 2028131 | INFO | queue[0009] trial 14 fold 5 physics
2026-03-06 23:49:46,259 | 2028131 | INFO | queue[0010] trial 15 fold 1 physics
2026-03-06 23:49:46,259 | 2028131 | INFO | queue[0011] trial 15 fold 2 physics
2026-03-06 23:49:46,259 | 2028131 | INFO | queue[0012] trial 15 fold 3 physics
2026-03-06 23:49:46,259 | 2028131 | INFO | queue[0013] trial 15 fold 4 physics
2026-03-06 23:49:46,260 | 2028131 | INFO | queue[0014] trial 15 fold 5 physics
2026-03-06 23:49:46,260 | 2028131 | INFO | [END BAYES QUEUE]
2026-03-06 23:49:46,540 | 2028131 | INFO | [ENQUEUE TRIAL] trial 16 physics
2026-03-06 23:49:46,543 | 2028131 | INFO | [BAYES QUEUE STATE]
2026-03-06 23:49:46,543 | 2028131 | INFO | pending_jobs = 20
2026-03-06 23:49:46,544 | 2028131 | INFO | inflight_trials = [0, 1, 2, 4, 5, 6, 7, 8, 9, 10, 11, 12, 13, 14, 15]
2026-03-06 23:49:46,544 | 2028131 | INFO | queue[0000] trial 13 fold 1 physics
2026-03-06 23:49:46,544 | 2028131 | INFO | queue[0001] trial 13 fold 2 physics
2026-03-06 23:49:46,545 | 2028131 | INFO | queue[0002] trial 13 fold 3 physics
2026-03-06 23:49:46,545 | 2028131 | INFO | queue[0003] trial 13 fold 4 physics
2026-03-06 23:49:46,545 | 2028131 | INFO | queue[0004] trial 13 fold 5 physics
2026-03-06 23:49:46,546 | 2028131 | INFO | queue[0005] trial 14 fold 1 physics
2026-03-06 23:49:46,546 | 2028131 | INFO | queue[0006] trial 14 fold 2 physics
2026-03-06 23:49:46,546 | 2028131 | INFO | queue[0007] trial 14 fold 3 physics
2026-03-06 23:49:46,547 | 2028131 | INFO | queue[0008] trial 14 fold 4 physics
2026-03-06 23:49:46,547 | 2028131 | INFO | queue[0009] trial 14 fold 5 physics
2026-03-06 23:49:46,547 | 2028131 | INFO | queue[0010] trial 15 fold 1 physics
2026-03-06 23:49:46,547 | 2028131 | INFO | queue[0011] trial 15 fold 2 physics
2026-03-06 23:49:46,548 | 2028131 | INFO | queue[0012] trial 15 fold 3 physics
2026-03-06 23:49:46,548 | 2028131 | INFO | queue[0013] trial 15 fold 4 physics
2026-03-06 23:49:46,548 | 2028131 | INFO | queue[0014] trial 15 fold 5 physics
2026-03-06 23:49:46,549 | 2028131 | INFO | queue[0015] trial 16 fold 1 physics
2026-03-06 23:49:46,549 | 2028131 | INFO | queue[0016] trial 16 fold 2 physics
2026-03-06 23:49:46,549 | 2028131 | INFO | queue[0017] trial 16 fold 3 physics
2026-03-06 23:49:46,549 | 2028131 | INFO | queue[0018] trial 16 fold 4 physics
2026-03-06 23:49:46,550 | 2028131 | INFO | queue[0019] trial 16 fold 5 physics
2026-03-06 23:49:46,550 | 2028131 | INFO | [END BAYES QUEUE]
2026-03-06 23:49:46,823 | 2028131 | INFO | [ENQUEUE TRIAL] trial 17 physics
2026-03-06 23:49:46,824 | 2028131 | INFO | [BAYES QUEUE STATE]
2026-03-06 23:49:46,824 | 2028131 | INFO | pending_jobs = 25
2026-03-06 23:49:46,824 | 2028131 | INFO | inflight_trials = [0, 1, 2, 4, 5, 6, 7, 8, 9, 10, 11, 12, 13, 14, 15, 16]
2026-03-06 23:49:46,825 | 2028131 | INFO | queue[0000] trial 13 fold 1 physics
2026-03-06 23:49:46,825 | 2028131 | INFO | queue[0001] trial 13 fold 2 physics
2026-03-06 23:49:46,825 | 2028131 | INFO | queue[0002] trial 13 fold 3 physics
2026-03-06 23:49:46,826 | 2028131 | INFO | queue[0003] trial 13 fold 4 physics
2026-03-06 23:49:46,826 | 2028131 | INFO | queue[0004] trial 13 fold 5 physics
2026-03-06 23:49:46,826 | 2028131 | INFO | queue[0005] trial 14 fold 1 physics
2026-03-06 23:49:46,827 | 2028131 | INFO | queue[0006] trial 14 fold 2 physics
2026-03-06 23:49:46,827 | 2028131 | INFO | queue[0007] trial 14 fold 3 physics
2026-03-06 23:49:46,827 | 2028131 | INFO | queue[0008] trial 14 fold 4 physics
2026-03-06 23:49:46,828 | 2028131 | INFO | queue[0009] trial 14 fold 5 physics
2026-03-06 23:49:46,828 | 2028131 | INFO | queue[0010] trial 15 fold 1 physics
2026-03-06 23:49:46,828 | 2028131 | INFO | queue[0011] trial 15 fold 2 physics
2026-03-06 23:49:46,829 | 2028131 | INFO | queue[0012] trial 15 fold 3 physics
2026-03-06 23:49:46,829 | 2028131 | INFO | queue[0013] trial 15 fold 4 physics
2026-03-06 23:49:46,830 | 2028131 | INFO | queue[0014] trial 15 fold 5 physics
2026-03-06 23:49:46,830 | 2028131 | INFO | queue[0015] trial 16 fold 1 physics
2026-03-06 23:49:46,830 | 2028131 | INFO | queue[0016] trial 16 fold 2 physics
2026-03-06 23:49:46,831 | 2028131 | INFO | queue[0017] trial 16 fold 3 physics
2026-03-06 23:49:46,831 | 2028131 | INFO | queue[0018] trial 16 fold 4 physics
2026-03-06 23:49:46,831 | 2028131 | INFO | queue[0019] trial 16 fold 5 physics
2026-03-06 23:49:46,832 | 2028131 | INFO | queue[0020] trial 17 fold 1 physics
2026-03-06 23:49:46,832 | 2028131 | INFO | queue[0021] trial 17 fold 2 physics
2026-03-06 23:49:46,832 | 2028131 | INFO | queue[0022] trial 17 fold 3 physics
2026-03-06 23:49:46,832 | 2028131 | INFO | queue[0023] trial 17 fold 4 physics
2026-03-06 23:49:46,832 | 2028131 | INFO | queue[0024] trial 17 fold 5 physics
2026-03-06 23:49:46,832 | 2028131 | INFO | [END BAYES QUEUE]
2026-03-06 23:49:47,107 | 2028131 | INFO | [ENQUEUE TRIAL] trial 18 physics
2026-03-06 23:49:47,108 | 2028131 | INFO | [BAYES QUEUE STATE]
2026-03-06 23:49:47,108 | 2028131 | INFO | pending_jobs = 30
2026-03-06 23:49:47,108 | 2028131 | INFO | inflight_trials = [0, 1, 2, 4, 5, 6, 7, 8, 9, 10, 11, 12, 13, 14, 15, 16, 17]
2026-03-06 23:49:47,109 | 2028131 | INFO | queue[0000] trial 13 fold 1 physics
2026-03-06 23:49:47,109 | 2028131 | INFO | queue[0001] trial 13 fold 2 physics
2026-03-06 23:49:47,109 | 2028131 | INFO | queue[0002] trial 13 fold 3 physics
2026-03-06 23:49:47,109 | 2028131 | INFO | queue[0003] trial 13 fold 4 physics
2026-03-06 23:49:47,110 | 2028131 | INFO | queue[0004] trial 13 fold 5 physics
2026-03-06 23:49:47,110 | 2028131 | INFO | queue[0005] trial 14 fold 1 physics
2026-03-06 23:49:47,110 | 2028131 | INFO | queue[0006] trial 14 fold 2 physics
2026-03-06 23:49:47,111 | 2028131 | INFO | queue[0007] trial 14 fold 3 physics
2026-03-06 23:49:47,111 | 2028131 | INFO | queue[0008] trial 14 fold 4 physics
2026-03-06 23:49:47,111 | 2028131 | INFO | queue[0009] trial 14 fold 5 physics
2026-03-06 23:49:47,112 | 2028131 | INFO | queue[0010] trial 15 fold 1 physics
2026-03-06 23:49:47,112 | 2028131 | INFO | queue[0011] trial 15 fold 2 physics
2026-03-06 23:49:47,112 | 2028131 | INFO | queue[0012] trial 15 fold 3 physics
2026-03-06 23:49:47,112 | 2028131 | INFO | queue[0013] trial 15 fold 4 physics
2026-03-06 23:49:47,112 | 2028131 | INFO | queue[0014] trial 15 fold 5 physics
2026-03-06 23:49:47,113 | 2028131 | INFO | queue[0015] trial 16 fold 1 physics
2026-03-06 23:49:47,113 | 2028131 | INFO | queue[0016] trial 16 fold 2 physics
2026-03-06 23:49:47,113 | 2028131 | INFO | queue[0017] trial 16 fold 3 physics
2026-03-06 23:49:47,113 | 2028131 | INFO | queue[0018] trial 16 fold 4 physics
2026-03-06 23:49:47,113 | 2028131 | INFO | queue[0019] trial 16 fold 5 physics
2026-03-06 23:49:47,114 | 2028131 | INFO | queue[0020] trial 17 fold 1 physics
2026-03-06 23:49:47,114 | 2028131 | INFO | queue[0021] trial 17 fold 2 physics
2026-03-06 23:49:47,114 | 2028131 | INFO | queue[0022] trial 17 fold 3 physics
2026-03-06 23:49:47,114 | 2028131 | INFO | queue[0023] trial 17 fold 4 physics
2026-03-06 23:49:47,114 | 2028131 | INFO | queue[0024] trial 17 fold 5 physics
2026-03-06 23:49:47,115 | 2028131 | INFO | queue[0025] trial 18 fold 1 physics
2026-03-06 23:49:47,115 | 2028131 | INFO | queue[0026] trial 18 fold 2 physics
2026-03-06 23:49:47,115 | 2028131 | INFO | queue[0027] trial 18 fold 3 physics
2026-03-06 23:49:47,115 | 2028131 | INFO | queue[0028] trial 18 fold 4 physics
2026-03-06 23:49:47,116 | 2028131 | INFO | queue[0029] trial 18 fold 5 physics
2026-03-06 23:49:47,116 | 2028131 | INFO | [END BAYES QUEUE]
2026-03-06 23:49:47,399 | 2028131 | INFO | [ENQUEUE TRIAL] trial 19 physics
2026-03-06 23:49:47,402 | 2028131 | INFO | [BAYES QUEUE STATE]
2026-03-06 23:49:47,402 | 2028131 | INFO | pending_jobs = 35
2026-03-06 23:49:47,402 | 2028131 | INFO | inflight_trials = [0, 1, 2, 4, 5, 6, 7, 8, 9, 10, 11, 12, 13, 14, 15, 16, 17, 18]
2026-03-06 23:49:47,403 | 2028131 | INFO | queue[0000] trial 13 fold 1 physics
2026-03-06 23:49:47,403 | 2028131 | INFO | queue[0001] trial 13 fold 2 physics
2026-03-06 23:49:47,403 | 2028131 | INFO | queue[0002] trial 13 fold 3 physics
2026-03-06 23:49:47,404 | 2028131 | INFO | queue[0003] trial 13 fold 4 physics
2026-03-06 23:49:47,404 | 2028131 | INFO | queue[0004] trial 13 fold 5 physics
2026-03-06 23:49:47,404 | 2028131 | INFO | queue[0005] trial 14 fold 1 physics
2026-03-06 23:49:47,405 | 2028131 | INFO | queue[0006] trial 14 fold 2 physics
2026-03-06 23:49:47,405 | 2028131 | INFO | queue[0007] trial 14 fold 3 physics
2026-03-06 23:49:47,405 | 2028131 | INFO | queue[0008] trial 14 fold 4 physics
2026-03-06 23:49:47,405 | 2028131 | INFO | queue[0009] trial 14 fold 5 physics
2026-03-06 23:49:47,406 | 2028131 | INFO | queue[0010] trial 15 fold 1 physics
2026-03-06 23:49:47,406 | 2028131 | INFO | queue[0011] trial 15 fold 2 physics
2026-03-06 23:49:47,406 | 2028131 | INFO | queue[0012] trial 15 fold 3 physics
2026-03-06 23:49:47,406 | 2028131 | INFO | queue[0013] trial 15 fold 4 physics
2026-03-06 23:49:47,407 | 2028131 | INFO | queue[0014] trial 15 fold 5 physics
2026-03-06 23:49:47,407 | 2028131 | INFO | queue[0015] trial 16 fold 1 physics
2026-03-06 23:49:47,407 | 2028131 | INFO | queue[0016] trial 16 fold 2 physics
2026-03-06 23:49:47,408 | 2028131 | INFO | queue[0017] trial 16 fold 3 physics
2026-03-06 23:49:47,408 | 2028131 | INFO | queue[0018] trial 16 fold 4 physics
2026-03-06 23:49:47,408 | 2028131 | INFO | queue[0019] trial 16 fold 5 physics
2026-03-06 23:49:47,408 | 2028131 | INFO | queue[0020] trial 17 fold 1 physics
2026-03-06 23:49:47,409 | 2028131 | INFO | queue[0021] trial 17 fold 2 physics
2026-03-06 23:49:47,409 | 2028131 | INFO | queue[0022] trial 17 fold 3 physics
2026-03-06 23:49:47,409 | 2028131 | INFO | queue[0023] trial 17 fold 4 physics
2026-03-06 23:49:47,409 | 2028131 | INFO | queue[0024] trial 17 fold 5 physics
2026-03-06 23:49:47,410 | 2028131 | INFO | queue[0025] trial 18 fold 1 physics
2026-03-06 23:49:47,410 | 2028131 | INFO | queue[0026] trial 18 fold 2 physics
2026-03-06 23:49:47,410 | 2028131 | INFO | queue[0027] trial 18 fold 3 physics
2026-03-06 23:49:47,410 | 2028131 | INFO | queue[0028] trial 18 fold 4 physics
2026-03-06 23:49:47,411 | 2028131 | INFO | queue[0029] trial 18 fold 5 physics
2026-03-06 23:49:47,411 | 2028131 | INFO | queue[0030] trial 19 fold 1 physics
2026-03-06 23:49:47,411 | 2028131 | INFO | queue[0031] trial 19 fold 2 physics
2026-03-06 23:49:47,411 | 2028131 | INFO | queue[0032] trial 19 fold 3 physics
2026-03-06 23:49:47,412 | 2028131 | INFO | queue[0033] trial 19 fold 4 physics
2026-03-06 23:49:47,412 | 2028131 | INFO | queue[0034] trial 19 fold 5 physics
2026-03-06 23:49:47,412 | 2028131 | INFO | [END BAYES QUEUE]
2026-03-06 23:49:47,687 | 2028131 | INFO | [ENQUEUE TRIAL] trial 20 physics
2026-03-06 23:49:47,688 | 2028131 | INFO | [BAYES QUEUE STATE]
2026-03-06 23:49:47,688 | 2028131 | INFO | pending_jobs = 40
2026-03-06 23:49:47,689 | 2028131 | INFO | inflight_trials = [0, 1, 2, 4, 5, 6, 7, 8, 9, 10, 11, 12, 13, 14, 15, 16, 17, 18, 19]
2026-03-06 23:49:47,689 | 2028131 | INFO | queue[0000] trial 13 fold 1 physics
2026-03-06 23:49:47,689 | 2028131 | INFO | queue[0001] trial 13 fold 2 physics
2026-03-06 23:49:47,690 | 2028131 | INFO | queue[0002] trial 13 fold 3 physics
2026-03-06 23:49:47,690 | 2028131 | INFO | queue[0003] trial 13 fold 4 physics
2026-03-06 23:49:47,690 | 2028131 | INFO | queue[0004] trial 13 fold 5 physics
2026-03-06 23:49:47,691 | 2028131 | INFO | queue[0005] trial 14 fold 1 physics
2026-03-06 23:49:47,691 | 2028131 | INFO | queue[0006] trial 14 fold 2 physics
2026-03-06 23:49:47,691 | 2028131 | INFO | queue[0007] trial 14 fold 3 physics
2026-03-06 23:49:47,692 | 2028131 | INFO | queue[0008] trial 14 fold 4 physics
2026-03-06 23:49:47,692 | 2028131 | INFO | queue[0009] trial 14 fold 5 physics
2026-03-06 23:49:47,692 | 2028131 | INFO | queue[0010] trial 15 fold 1 physics
2026-03-06 23:49:47,697 | 2028131 | INFO | queue[0011] trial 15 fold 2 physics
2026-03-06 23:49:47,697 | 2028131 | INFO | queue[0012] trial 15 fold 3 physics
2026-03-06 23:49:47,698 | 2028131 | INFO | queue[0013] trial 15 fold 4 physics
2026-03-06 23:49:47,698 | 2028131 | INFO | queue[0014] trial 15 fold 5 physics
2026-03-06 23:49:47,698 | 2028131 | INFO | queue[0015] trial 16 fold 1 physics
2026-03-06 23:49:47,699 | 2028131 | INFO | queue[0016] trial 16 fold 2 physics
2026-03-06 23:49:47,699 | 2028131 | INFO | queue[0017] trial 16 fold 3 physics
2026-03-06 23:49:47,699 | 2028131 | INFO | queue[0018] trial 16 fold 4 physics
2026-03-06 23:49:47,699 | 2028131 | INFO | queue[0019] trial 16 fold 5 physics
2026-03-06 23:49:47,700 | 2028131 | INFO | queue[0020] trial 17 fold 1 physics
2026-03-06 23:49:47,700 | 2028131 | INFO | queue[0021] trial 17 fold 2 physics
2026-03-06 23:49:47,700 | 2028131 | INFO | queue[0022] trial 17 fold 3 physics
2026-03-06 23:49:47,700 | 2028131 | INFO | queue[0023] trial 17 fold 4 physics
2026-03-06 23:49:47,701 | 2028131 | INFO | queue[0024] trial 17 fold 5 physics
2026-03-06 23:49:47,701 | 2028131 | INFO | queue[0025] trial 18 fold 1 physics
2026-03-06 23:49:47,701 | 2028131 | INFO | queue[0026] trial 18 fold 2 physics
2026-03-06 23:49:47,701 | 2028131 | INFO | queue[0027] trial 18 fold 3 physics
2026-03-06 23:49:47,702 | 2028131 | INFO | queue[0028] trial 18 fold 4 physics
2026-03-06 23:49:47,702 | 2028131 | INFO | queue[0029] trial 18 fold 5 physics
2026-03-06 23:49:47,702 | 2028131 | INFO | queue[0030] trial 19 fold 1 physics
2026-03-06 23:49:47,703 | 2028131 | INFO | queue[0031] trial 19 fold 2 physics
2026-03-06 23:49:47,703 | 2028131 | INFO | queue[0032] trial 19 fold 3 physics
2026-03-06 23:49:47,703 | 2028131 | INFO | queue[0033] trial 19 fold 4 physics
2026-03-06 23:49:47,703 | 2028131 | INFO | queue[0034] trial 19 fold 5 physics
2026-03-06 23:49:47,704 | 2028131 | INFO | queue[0035] trial 20 fold 1 physics
2026-03-06 23:49:47,704 | 2028131 | INFO | queue[0036] trial 20 fold 2 physics
2026-03-06 23:49:47,704 | 2028131 | INFO | queue[0037] trial 20 fold 3 physics
2026-03-06 23:49:47,704 | 2028131 | INFO | queue[0038] trial 20 fold 4 physics
2026-03-06 23:49:47,705 | 2028131 | INFO | queue[0039] trial 20 fold 5 physics
2026-03-06 23:49:47,705 | 2028131 | INFO | [END BAYES QUEUE]
2026-03-06 23:49:47,997 | 2028131 | INFO | [ENQUEUE TRIAL] trial 21 physics
2026-03-06 23:49:47,998 | 2028131 | INFO | [BAYES QUEUE STATE]
2026-03-06 23:49:47,998 | 2028131 | INFO | pending_jobs = 45
2026-03-06 23:49:47,999 | 2028131 | INFO | inflight_trials = [0, 1, 2, 4, 5, 6, 7, 8, 9, 10, 11, 12, 13, 14, 15, 16, 17, 18, 19, 20]
2026-03-06 23:49:47,999 | 2028131 | INFO | queue[0000] trial 13 fold 1 physics
2026-03-06 23:49:47,999 | 2028131 | INFO | queue[0001] trial 13 fold 2 physics
2026-03-06 23:49:48,000 | 2028131 | INFO | queue[0002] trial 13 fold 3 physics
2026-03-06 23:49:48,000 | 2028131 | INFO | queue[0003] trial 13 fold 4 physics
2026-03-06 23:49:48,000 | 2028131 | INFO | queue[0004] trial 13 fold 5 physics
2026-03-06 23:49:48,001 | 2028131 | INFO | queue[0005] trial 14 fold 1 physics
2026-03-06 23:49:48,001 | 2028131 | INFO | queue[0006] trial 14 fold 2 physics
2026-03-06 23:49:48,001 | 2028131 | INFO | queue[0007] trial 14 fold 3 physics
2026-03-06 23:49:48,002 | 2028131 | INFO | queue[0008] trial 14 fold 4 physics
2026-03-06 23:49:48,002 | 2028131 | INFO | queue[0009] trial 14 fold 5 physics
2026-03-06 23:49:48,002 | 2028131 | INFO | queue[0010] trial 15 fold 1 physics
2026-03-06 23:49:48,002 | 2028131 | INFO | queue[0011] trial 15 fold 2 physics
2026-03-06 23:49:48,003 | 2028131 | INFO | queue[0012] trial 15 fold 3 physics
2026-03-06 23:49:48,003 | 2028131 | INFO | queue[0013] trial 15 fold 4 physics
2026-03-06 23:49:48,003 | 2028131 | INFO | queue[0014] trial 15 fold 5 physics
2026-03-06 23:49:48,003 | 2028131 | INFO | queue[0015] trial 16 fold 1 physics
2026-03-06 23:49:48,004 | 2028131 | INFO | queue[0016] trial 16 fold 2 physics
2026-03-06 23:49:48,004 | 2028131 | INFO | queue[0017] trial 16 fold 3 physics
2026-03-06 23:49:48,004 | 2028131 | INFO | queue[0018] trial 16 fold 4 physics
2026-03-06 23:49:48,004 | 2028131 | INFO | queue[0019] trial 16 fold 5 physics
2026-03-06 23:49:48,005 | 2028131 | INFO | queue[0020] trial 17 fold 1 physics
2026-03-06 23:49:48,005 | 2028131 | INFO | queue[0021] trial 17 fold 2 physics
2026-03-06 23:49:48,005 | 2028131 | INFO | queue[0022] trial 17 fold 3 physics
2026-03-06 23:49:48,005 | 2028131 | INFO | queue[0023] trial 17 fold 4 physics
2026-03-06 23:49:48,005 | 2028131 | INFO | queue[0024] trial 17 fold 5 physics
2026-03-06 23:49:48,006 | 2028131 | INFO | queue[0025] trial 18 fold 1 physics
2026-03-06 23:49:48,006 | 2028131 | INFO | queue[0026] trial 18 fold 2 physics
2026-03-06 23:49:48,006 | 2028131 | INFO | queue[0027] trial 18 fold 3 physics
2026-03-06 23:49:48,006 | 2028131 | INFO | queue[0028] trial 18 fold 4 physics
2026-03-06 23:49:48,007 | 2028131 | INFO | queue[0029] trial 18 fold 5 physics
2026-03-06 23:49:48,007 | 2028131 | INFO | queue[0030] trial 19 fold 1 physics
2026-03-06 23:49:48,007 | 2028131 | INFO | queue[0031] trial 19 fold 2 physics
2026-03-06 23:49:48,007 | 2028131 | INFO | queue[0032] trial 19 fold 3 physics
2026-03-06 23:49:48,008 | 2028131 | INFO | queue[0033] trial 19 fold 4 physics
2026-03-06 23:49:48,008 | 2028131 | INFO | queue[0034] trial 19 fold 5 physics
2026-03-06 23:49:48,008 | 2028131 | INFO | queue[0035] trial 20 fold 1 physics
2026-03-06 23:49:48,008 | 2028131 | INFO | queue[0036] trial 20 fold 2 physics
2026-03-06 23:49:48,008 | 2028131 | INFO | queue[0037] trial 20 fold 3 physics
2026-03-06 23:49:48,009 | 2028131 | INFO | queue[0038] trial 20 fold 4 physics
2026-03-06 23:49:48,009 | 2028131 | INFO | queue[0039] trial 20 fold 5 physics
2026-03-06 23:49:48,009 | 2028131 | INFO | queue[0040] trial 21 fold 1 physics
2026-03-06 23:49:48,009 | 2028131 | INFO | queue[0041] trial 21 fold 2 physics
2026-03-06 23:49:48,009 | 2028131 | INFO | queue[0042] trial 21 fold 3 physics
2026-03-06 23:49:48,009 | 2028131 | INFO | queue[0043] trial 21 fold 4 physics
2026-03-06 23:49:48,009 | 2028131 | INFO | queue[0044] trial 21 fold 5 physics
2026-03-06 23:49:48,010 | 2028131 | INFO | [END BAYES QUEUE]
2026-03-06 23:49:48,297 | 2028131 | INFO | [ENQUEUE TRIAL] trial 22 physics
2026-03-06 23:49:48,298 | 2028131 | INFO | [BAYES QUEUE STATE]
2026-03-06 23:49:48,298 | 2028131 | INFO | pending_jobs = 50
2026-03-06 23:49:48,298 | 2028131 | INFO | inflight_trials = [0, 1, 2, 4, 5, 6, 7, 8, 9, 10, 11, 12, 13, 14, 15, 16, 17, 18, 19, 20, 21]
2026-03-06 23:49:48,299 | 2028131 | INFO | queue[0000] trial 13 fold 1 physics
2026-03-06 23:49:48,299 | 2028131 | INFO | queue[0001] trial 13 fold 2 physics
2026-03-06 23:49:48,299 | 2028131 | INFO | queue[0002] trial 13 fold 3 physics
2026-03-06 23:49:48,300 | 2028131 | INFO | queue[0003] trial 13 fold 4 physics
2026-03-06 23:49:48,300 | 2028131 | INFO | queue[0004] trial 13 fold 5 physics
2026-03-06 23:49:48,300 | 2028131 | INFO | queue[0005] trial 14 fold 1 physics
2026-03-06 23:49:48,301 | 2028131 | INFO | queue[0006] trial 14 fold 2 physics
2026-03-06 23:49:48,301 | 2028131 | INFO | queue[0007] trial 14 fold 3 physics
2026-03-06 23:49:48,301 | 2028131 | INFO | queue[0008] trial 14 fold 4 physics
2026-03-06 23:49:48,301 | 2028131 | INFO | queue[0009] trial 14 fold 5 physics
2026-03-06 23:49:48,302 | 2028131 | INFO | queue[0010] trial 15 fold 1 physics
2026-03-06 23:49:48,302 | 2028131 | INFO | queue[0011] trial 15 fold 2 physics
2026-03-06 23:49:48,302 | 2028131 | INFO | queue[0012] trial 15 fold 3 physics
2026-03-06 23:49:48,302 | 2028131 | INFO | queue[0013] trial 15 fold 4 physics
2026-03-06 23:49:48,303 | 2028131 | INFO | queue[0014] trial 15 fold 5 physics
2026-03-06 23:49:48,303 | 2028131 | INFO | queue[0015] trial 16 fold 1 physics
2026-03-06 23:49:48,303 | 2028131 | INFO | queue[0016] trial 16 fold 2 physics
2026-03-06 23:49:48,303 | 2028131 | INFO | queue[0017] trial 16 fold 3 physics
2026-03-06 23:49:48,304 | 2028131 | INFO | queue[0018] trial 16 fold 4 physics
2026-03-06 23:49:48,304 | 2028131 | INFO | queue[0019] trial 16 fold 5 physics
2026-03-06 23:49:48,304 | 2028131 | INFO | queue[0020] trial 17 fold 1 physics
2026-03-06 23:49:48,304 | 2028131 | INFO | queue[0021] trial 17 fold 2 physics
2026-03-06 23:49:48,305 | 2028131 | INFO | queue[0022] trial 17 fold 3 physics
2026-03-06 23:49:48,305 | 2028131 | INFO | queue[0023] trial 17 fold 4 physics
2026-03-06 23:49:48,305 | 2028131 | INFO | queue[0024] trial 17 fold 5 physics
2026-03-06 23:49:48,305 | 2028131 | INFO | queue[0025] trial 18 fold 1 physics
2026-03-06 23:49:48,306 | 2028131 | INFO | queue[0026] trial 18 fold 2 physics
2026-03-06 23:49:48,306 | 2028131 | INFO | queue[0027] trial 18 fold 3 physics
2026-03-06 23:49:48,306 | 2028131 | INFO | queue[0028] trial 18 fold 4 physics
2026-03-06 23:49:48,307 | 2028131 | INFO | queue[0029] trial 18 fold 5 physics
2026-03-06 23:49:48,307 | 2028131 | INFO | queue[0030] trial 19 fold 1 physics
2026-03-06 23:49:48,307 | 2028131 | INFO | queue[0031] trial 19 fold 2 physics
2026-03-06 23:49:48,307 | 2028131 | INFO | queue[0032] trial 19 fold 3 physics
2026-03-06 23:49:48,308 | 2028131 | INFO | queue[0033] trial 19 fold 4 physics
2026-03-06 23:49:48,308 | 2028131 | INFO | queue[0034] trial 19 fold 5 physics
2026-03-06 23:49:48,308 | 2028131 | INFO | queue[0035] trial 20 fold 1 physics
2026-03-06 23:49:48,308 | 2028131 | INFO | queue[0036] trial 20 fold 2 physics
2026-03-06 23:49:48,308 | 2028131 | INFO | queue[0037] trial 20 fold 3 physics
2026-03-06 23:49:48,309 | 2028131 | INFO | queue[0038] trial 20 fold 4 physics
2026-03-06 23:49:48,309 | 2028131 | INFO | queue[0039] trial 20 fold 5 physics
2026-03-06 23:49:48,309 | 2028131 | INFO | queue[0040] trial 21 fold 1 physics
2026-03-06 23:49:48,309 | 2028131 | INFO | queue[0041] trial 21 fold 2 physics
2026-03-06 23:49:48,309 | 2028131 | INFO | queue[0042] trial 21 fold 3 physics
2026-03-06 23:49:48,309 | 2028131 | INFO | queue[0043] trial 21 fold 4 physics
2026-03-06 23:49:48,309 | 2028131 | INFO | queue[0044] trial 21 fold 5 physics
2026-03-06 23:49:48,309 | 2028131 | INFO | queue[0045] trial 22 fold 1 physics
2026-03-06 23:49:48,310 | 2028131 | INFO | queue[0046] trial 22 fold 2 physics
2026-03-06 23:49:48,310 | 2028131 | INFO | queue[0047] trial 22 fold 3 physics
2026-03-06 23:49:48,310 | 2028131 | INFO | queue[0048] trial 22 fold 4 physics
2026-03-06 23:49:48,310 | 2028131 | INFO | queue[0049] trial 22 fold 5 physics
2026-03-06 23:49:48,310 | 2028131 | INFO | [END BAYES QUEUE]
2026-03-06 23:49:48,607 | 2028131 | INFO | [ENQUEUE TRIAL] trial 23 physics
2026-03-06 23:49:48,610 | 2028131 | INFO | [BAYES QUEUE STATE]
2026-03-06 23:49:48,611 | 2028131 | INFO | pending_jobs = 55
2026-03-06 23:49:48,611 | 2028131 | INFO | inflight_trials = [0, 1, 2, 4, 5, 6, 7, 8, 9, 10, 11, 12, 13, 14, 15, 16, 17, 18, 19, 20, 21, 22]
2026-03-06 23:49:48,611 | 2028131 | INFO | queue[0000] trial 13 fold 1 physics
2026-03-06 23:49:48,612 | 2028131 | INFO | queue[0001] trial 13 fold 2 physics
2026-03-06 23:49:48,612 | 2028131 | INFO | queue[0002] trial 13 fold 3 physics
2026-03-06 23:49:48,612 | 2028131 | INFO | queue[0003] trial 13 fold 4 physics
2026-03-06 23:49:48,613 | 2028131 | INFO | queue[0004] trial 13 fold 5 physics
2026-03-06 23:49:48,613 | 2028131 | INFO | queue[0005] trial 14 fold 1 physics
2026-03-06 23:49:48,613 | 2028131 | INFO | queue[0006] trial 14 fold 2 physics
2026-03-06 23:49:48,614 | 2028131 | INFO | queue[0007] trial 14 fold 3 physics
2026-03-06 23:49:48,614 | 2028131 | INFO | queue[0008] trial 14 fold 4 physics
2026-03-06 23:49:48,614 | 2028131 | INFO | queue[0009] trial 14 fold 5 physics
2026-03-06 23:49:48,615 | 2028131 | INFO | queue[0010] trial 15 fold 1 physics
2026-03-06 23:49:48,615 | 2028131 | INFO | queue[0011] trial 15 fold 2 physics
2026-03-06 23:49:48,615 | 2028131 | INFO | queue[0012] trial 15 fold 3 physics
2026-03-06 23:49:48,616 | 2028131 | INFO | queue[0013] trial 15 fold 4 physics
2026-03-06 23:49:48,616 | 2028131 | INFO | queue[0014] trial 15 fold 5 physics
2026-03-06 23:49:48,616 | 2028131 | INFO | queue[0015] trial 16 fold 1 physics
2026-03-06 23:49:48,616 | 2028131 | INFO | queue[0016] trial 16 fold 2 physics
2026-03-06 23:49:48,616 | 2028131 | INFO | queue[0017] trial 16 fold 3 physics
2026-03-06 23:49:48,617 | 2028131 | INFO | queue[0018] trial 16 fold 4 physics
2026-03-06 23:49:48,617 | 2028131 | INFO | queue[0019] trial 16 fold 5 physics
2026-03-06 23:49:48,617 | 2028131 | INFO | queue[0020] trial 17 fold 1 physics
2026-03-06 23:49:48,617 | 2028131 | INFO | queue[0021] trial 17 fold 2 physics
2026-03-06 23:49:48,617 | 2028131 | INFO | queue[0022] trial 17 fold 3 physics
2026-03-06 23:49:48,618 | 2028131 | INFO | queue[0023] trial 17 fold 4 physics
2026-03-06 23:49:48,618 | 2028131 | INFO | queue[0024] trial 17 fold 5 physics
2026-03-06 23:49:48,618 | 2028131 | INFO | queue[0025] trial 18 fold 1 physics
2026-03-06 23:49:48,618 | 2028131 | INFO | queue[0026] trial 18 fold 2 physics
2026-03-06 23:49:48,618 | 2028131 | INFO | queue[0027] trial 18 fold 3 physics
2026-03-06 23:49:48,618 | 2028131 | INFO | queue[0028] trial 18 fold 4 physics
2026-03-06 23:49:48,619 | 2028131 | INFO | queue[0029] trial 18 fold 5 physics
2026-03-06 23:49:48,619 | 2028131 | INFO | queue[0030] trial 19 fold 1 physics
2026-03-06 23:49:48,619 | 2028131 | INFO | queue[0031] trial 19 fold 2 physics
2026-03-06 23:49:48,619 | 2028131 | INFO | queue[0032] trial 19 fold 3 physics
2026-03-06 23:49:48,619 | 2028131 | INFO | queue[0033] trial 19 fold 4 physics
2026-03-06 23:49:48,619 | 2028131 | INFO | queue[0034] trial 19 fold 5 physics
2026-03-06 23:49:48,620 | 2028131 | INFO | queue[0035] trial 20 fold 1 physics
2026-03-06 23:49:48,620 | 2028131 | INFO | queue[0036] trial 20 fold 2 physics
2026-03-06 23:49:48,620 | 2028131 | INFO | queue[0037] trial 20 fold 3 physics
2026-03-06 23:49:48,620 | 2028131 | INFO | queue[0038] trial 20 fold 4 physics
2026-03-06 23:49:48,620 | 2028131 | INFO | queue[0039] trial 20 fold 5 physics
2026-03-06 23:49:48,620 | 2028131 | INFO | queue[0040] trial 21 fold 1 physics
2026-03-06 23:49:48,621 | 2028131 | INFO | queue[0041] trial 21 fold 2 physics
2026-03-06 23:49:48,621 | 2028131 | INFO | queue[0042] trial 21 fold 3 physics
2026-03-06 23:49:48,621 | 2028131 | INFO | queue[0043] trial 21 fold 4 physics
2026-03-06 23:49:48,621 | 2028131 | INFO | queue[0044] trial 21 fold 5 physics
2026-03-06 23:49:48,621 | 2028131 | INFO | queue[0045] trial 22 fold 1 physics
2026-03-06 23:49:48,622 | 2028131 | INFO | queue[0046] trial 22 fold 2 physics
2026-03-06 23:49:48,622 | 2028131 | INFO | queue[0047] trial 22 fold 3 physics
2026-03-06 23:49:48,622 | 2028131 | INFO | queue[0048] trial 22 fold 4 physics
2026-03-06 23:49:48,622 | 2028131 | INFO | queue[0049] trial 22 fold 5 physics
2026-03-06 23:49:48,622 | 2028131 | INFO | queue[0050] trial 23 fold 1 physics
2026-03-06 23:49:48,622 | 2028131 | INFO | queue[0051] trial 23 fold 2 physics
2026-03-06 23:49:48,623 | 2028131 | INFO | queue[0052] trial 23 fold 3 physics
2026-03-06 23:49:48,623 | 2028131 | INFO | queue[0053] trial 23 fold 4 physics
2026-03-06 23:49:48,623 | 2028131 | INFO | queue[0054] trial 23 fold 5 physics
2026-03-06 23:49:48,623 | 2028131 | INFO | [END BAYES QUEUE]
2026-03-06 23:49:48,906 | 2028131 | INFO | [ENQUEUE TRIAL] trial 24 physics
2026-03-06 23:49:48,908 | 2028131 | INFO | [BAYES QUEUE STATE]
2026-03-06 23:49:48,909 | 2028131 | INFO | pending_jobs = 60
2026-03-06 23:49:48,909 | 2028131 | INFO | inflight_trials = [0, 1, 2, 4, 5, 6, 7, 8, 9, 10, 11, 12, 13, 14, 15, 16, 17, 18, 19, 20, 21, 22, 23]
2026-03-06 23:49:48,910 | 2028131 | INFO | queue[0000] trial 13 fold 1 physics
2026-03-06 23:49:48,910 | 2028131 | INFO | queue[0001] trial 13 fold 2 physics
2026-03-06 23:49:48,910 | 2028131 | INFO | queue[0002] trial 13 fold 3 physics
2026-03-06 23:49:48,911 | 2028131 | INFO | queue[0003] trial 13 fold 4 physics
2026-03-06 23:49:48,911 | 2028131 | INFO | queue[0004] trial 13 fold 5 physics
2026-03-06 23:49:48,911 | 2028131 | INFO | queue[0005] trial 14 fold 1 physics
2026-03-06 23:49:48,912 | 2028131 | INFO | queue[0006] trial 14 fold 2 physics
2026-03-06 23:49:48,912 | 2028131 | INFO | queue[0007] trial 14 fold 3 physics
2026-03-06 23:49:48,912 | 2028131 | INFO | queue[0008] trial 14 fold 4 physics
2026-03-06 23:49:48,912 | 2028131 | INFO | queue[0009] trial 14 fold 5 physics
2026-03-06 23:49:48,913 | 2028131 | INFO | queue[0010] trial 15 fold 1 physics
2026-03-06 23:49:48,913 | 2028131 | INFO | queue[0011] trial 15 fold 2 physics
2026-03-06 23:49:48,913 | 2028131 | INFO | queue[0012] trial 15 fold 3 physics
2026-03-06 23:49:48,914 | 2028131 | INFO | queue[0013] trial 15 fold 4 physics
2026-03-06 23:49:48,914 | 2028131 | INFO | queue[0014] trial 15 fold 5 physics
2026-03-06 23:49:48,914 | 2028131 | INFO | queue[0015] trial 16 fold 1 physics
2026-03-06 23:49:48,915 | 2028131 | INFO | queue[0016] trial 16 fold 2 physics
2026-03-06 23:49:48,915 | 2028131 | INFO | queue[0017] trial 16 fold 3 physics
2026-03-06 23:49:48,915 | 2028131 | INFO | queue[0018] trial 16 fold 4 physics
2026-03-06 23:49:48,916 | 2028131 | INFO | queue[0019] trial 16 fold 5 physics
2026-03-06 23:49:48,916 | 2028131 | INFO | queue[0020] trial 17 fold 1 physics
2026-03-06 23:49:48,916 | 2028131 | INFO | queue[0021] trial 17 fold 2 physics
2026-03-06 23:49:48,917 | 2028131 | INFO | queue[0022] trial 17 fold 3 physics
2026-03-06 23:49:48,917 | 2028131 | INFO | queue[0023] trial 17 fold 4 physics
2026-03-06 23:49:48,917 | 2028131 | INFO | queue[0024] trial 17 fold 5 physics
2026-03-06 23:49:48,917 | 2028131 | INFO | queue[0025] trial 18 fold 1 physics
2026-03-06 23:49:48,918 | 2028131 | INFO | queue[0026] trial 18 fold 2 physics
2026-03-06 23:49:48,918 | 2028131 | INFO | queue[0027] trial 18 fold 3 physics
2026-03-06 23:49:48,918 | 2028131 | INFO | queue[0028] trial 18 fold 4 physics
2026-03-06 23:49:48,919 | 2028131 | INFO | queue[0029] trial 18 fold 5 physics
2026-03-06 23:49:48,919 | 2028131 | INFO | queue[0030] trial 19 fold 1 physics
2026-03-06 23:49:48,919 | 2028131 | INFO | queue[0031] trial 19 fold 2 physics
2026-03-06 23:49:48,919 | 2028131 | INFO | queue[0032] trial 19 fold 3 physics
2026-03-06 23:49:48,919 | 2028131 | INFO | queue[0033] trial 19 fold 4 physics
2026-03-06 23:49:48,920 | 2028131 | INFO | queue[0034] trial 19 fold 5 physics
2026-03-06 23:49:48,920 | 2028131 | INFO | queue[0035] trial 20 fold 1 physics
2026-03-06 23:49:48,920 | 2028131 | INFO | queue[0036] trial 20 fold 2 physics
2026-03-06 23:49:48,920 | 2028131 | INFO | queue[0037] trial 20 fold 3 physics
2026-03-06 23:49:48,920 | 2028131 | INFO | queue[0038] trial 20 fold 4 physics
2026-03-06 23:49:48,920 | 2028131 | INFO | queue[0039] trial 20 fold 5 physics
2026-03-06 23:49:48,920 | 2028131 | INFO | queue[0040] trial 21 fold 1 physics
2026-03-06 23:49:48,921 | 2028131 | INFO | queue[0041] trial 21 fold 2 physics
2026-03-06 23:49:48,921 | 2028131 | INFO | queue[0042] trial 21 fold 3 physics
2026-03-06 23:49:48,921 | 2028131 | INFO | queue[0043] trial 21 fold 4 physics
2026-03-06 23:49:48,921 | 2028131 | INFO | queue[0044] trial 21 fold 5 physics
2026-03-06 23:49:48,921 | 2028131 | INFO | queue[0045] trial 22 fold 1 physics
2026-03-06 23:49:48,921 | 2028131 | INFO | queue[0046] trial 22 fold 2 physics
2026-03-06 23:49:48,921 | 2028131 | INFO | queue[0047] trial 22 fold 3 physics
2026-03-06 23:49:48,921 | 2028131 | INFO | queue[0048] trial 22 fold 4 physics
2026-03-06 23:49:48,922 | 2028131 | INFO | queue[0049] trial 22 fold 5 physics
2026-03-06 23:49:48,922 | 2028131 | INFO | queue[0050] trial 23 fold 1 physics
2026-03-06 23:49:48,922 | 2028131 | INFO | queue[0051] trial 23 fold 2 physics
2026-03-06 23:49:48,922 | 2028131 | INFO | queue[0052] trial 23 fold 3 physics
2026-03-06 23:49:48,922 | 2028131 | INFO | queue[0053] trial 23 fold 4 physics
2026-03-06 23:49:48,922 | 2028131 | INFO | queue[0054] trial 23 fold 5 physics
2026-03-06 23:49:48,922 | 2028131 | INFO | queue[0055] trial 24 fold 1 physics
2026-03-06 23:49:48,922 | 2028131 | INFO | queue[0056] trial 24 fold 2 physics
2026-03-06 23:49:48,923 | 2028131 | INFO | queue[0057] trial 24 fold 3 physics
2026-03-06 23:49:48,923 | 2028131 | INFO | queue[0058] trial 24 fold 4 physics
2026-03-06 23:49:48,923 | 2028131 | INFO | queue[0059] trial 24 fold 5 physics
2026-03-06 23:49:48,923 | 2028131 | INFO | [END BAYES QUEUE]
2026-03-06 23:50:32,847 | 2028131 | INFO | [TRIAL COMPLETE] trial 3 physics NSE_1D=0.89344 NSE_1H=0.84466
2026-03-06 23:50:33,125 | 2028131 | INFO | [ENQUEUE TRIAL] trial 25 physics
2026-03-06 23:50:33,125 | 2028131 | INFO | [BAYES QUEUE STATE]
2026-03-06 23:50:33,126 | 2028131 | INFO | pending_jobs = 48
2026-03-06 23:50:33,126 | 2028131 | INFO | inflight_trials = [0, 1, 4, 5, 6, 7, 8, 9, 10, 11, 12, 13, 14, 15, 16, 17, 18, 19, 20, 21, 22, 23, 24]
2026-03-06 23:50:33,126 | 2028131 | INFO | queue[0000] trial 16 fold 3 physics
2026-03-06 23:50:33,126 | 2028131 | INFO | queue[0001] trial 16 fold 4 physics
2026-03-06 23:50:33,126 | 2028131 | INFO | queue[0002] trial 16 fold 5 physics
2026-03-06 23:50:33,126 | 2028131 | INFO | queue[0003] trial 17 fold 1 physics
2026-03-06 23:50:33,126 | 2028131 | INFO | queue[0004] trial 17 fold 2 physics
2026-03-06 23:50:33,126 | 2028131 | INFO | queue[0005] trial 17 fold 3 physics
2026-03-06 23:50:33,126 | 2028131 | INFO | queue[0006] trial 17 fold 4 physics
2026-03-06 23:50:33,127 | 2028131 | INFO | queue[0007] trial 17 fold 5 physics
2026-03-06 23:50:33,127 | 2028131 | INFO | queue[0008] trial 18 fold 1 physics
2026-03-06 23:50:33,127 | 2028131 | INFO | queue[0009] trial 18 fold 2 physics
2026-03-06 23:50:33,127 | 2028131 | INFO | queue[0010] trial 18 fold 3 physics
2026-03-06 23:50:33,127 | 2028131 | INFO | queue[0011] trial 18 fold 4 physics
2026-03-06 23:50:33,127 | 2028131 | INFO | queue[0012] trial 18 fold 5 physics
2026-03-06 23:50:33,127 | 2028131 | INFO | queue[0013] trial 19 fold 1 physics
2026-03-06 23:50:33,127 | 2028131 | INFO | queue[0014] trial 19 fold 2 physics
2026-03-06 23:50:33,127 | 2028131 | INFO | queue[0015] trial 19 fold 3 physics
2026-03-06 23:50:33,128 | 2028131 | INFO | queue[0016] trial 19 fold 4 physics
2026-03-06 23:50:33,128 | 2028131 | INFO | queue[0017] trial 19 fold 5 physics
2026-03-06 23:50:33,128 | 2028131 | INFO | queue[0018] trial 20 fold 1 physics
2026-03-06 23:50:33,128 | 2028131 | INFO | queue[0019] trial 20 fold 2 physics
2026-03-06 23:50:33,128 | 2028131 | INFO | queue[0020] trial 20 fold 3 physics
2026-03-06 23:50:33,128 | 2028131 | INFO | queue[0021] trial 20 fold 4 physics
2026-03-06 23:50:33,128 | 2028131 | INFO | queue[0022] trial 20 fold 5 physics
2026-03-06 23:50:33,128 | 2028131 | INFO | queue[0023] trial 21 fold 1 physics
2026-03-06 23:50:33,128 | 2028131 | INFO | queue[0024] trial 21 fold 2 physics
2026-03-06 23:50:33,129 | 2028131 | INFO | queue[0025] trial 21 fold 3 physics
2026-03-06 23:50:33,129 | 2028131 | INFO | queue[0026] trial 21 fold 4 physics
2026-03-06 23:50:33,129 | 2028131 | INFO | queue[0027] trial 21 fold 5 physics
2026-03-06 23:50:33,129 | 2028131 | INFO | queue[0028] trial 22 fold 1 physics
2026-03-06 23:50:33,129 | 2028131 | INFO | queue[0029] trial 22 fold 2 physics
2026-03-06 23:50:33,129 | 2028131 | INFO | queue[0030] trial 22 fold 3 physics
2026-03-06 23:50:33,129 | 2028131 | INFO | queue[0031] trial 22 fold 4 physics
2026-03-06 23:50:33,129 | 2028131 | INFO | queue[0032] trial 22 fold 5 physics
2026-03-06 23:50:33,129 | 2028131 | INFO | queue[0033] trial 23 fold 1 physics
2026-03-06 23:50:33,129 | 2028131 | INFO | queue[0034] trial 23 fold 2 physics
2026-03-06 23:50:33,130 | 2028131 | INFO | queue[0035] trial 23 fold 3 physics
2026-03-06 23:50:33,130 | 2028131 | INFO | queue[0036] trial 23 fold 4 physics
2026-03-06 23:50:33,130 | 2028131 | INFO | queue[0037] trial 23 fold 5 physics
2026-03-06 23:50:33,130 | 2028131 | INFO | queue[0038] trial 24 fold 1 physics
2026-03-06 23:50:33,130 | 2028131 | INFO | queue[0039] trial 24 fold 2 physics
2026-03-06 23:50:33,130 | 2028131 | INFO | queue[0040] trial 24 fold 3 physics
2026-03-06 23:50:33,130 | 2028131 | INFO | queue[0041] trial 24 fold 4 physics
2026-03-06 23:50:33,130 | 2028131 | INFO | queue[0042] trial 24 fold 5 physics
2026-03-06 23:50:33,130 | 2028131 | INFO | queue[0043] trial 25 fold 1 physics
2026-03-06 23:50:33,130 | 2028131 | INFO | queue[0044] trial 25 fold 2 physics
2026-03-06 23:50:33,131 | 2028131 | INFO | queue[0045] trial 25 fold 3 physics
2026-03-06 23:50:33,131 | 2028131 | INFO | queue[0046] trial 25 fold 4 physics
2026-03-06 23:50:33,131 | 2028131 | INFO | queue[0047] trial 25 fold 5 physics
2026-03-06 23:50:33,131 | 2028131 | INFO | [END BAYES QUEUE]
2026-03-06 23:50:33,418 | 2028131 | INFO | [ENQUEUE TRIAL] trial 26 physics
2026-03-06 23:50:33,418 | 2028131 | INFO | [BAYES QUEUE STATE]
2026-03-06 23:50:33,419 | 2028131 | INFO | pending_jobs = 53
2026-03-06 23:50:33,419 | 2028131 | INFO | inflight_trials = [0, 1, 4, 5, 6, 7, 8, 9, 10, 11, 12, 13, 14, 15, 16, 17, 18, 19, 20, 21, 22, 23, 24, 25]
2026-03-06 23:50:33,419 | 2028131 | INFO | queue[0000] trial 16 fold 3 physics
2026-03-06 23:50:33,419 | 2028131 | INFO | queue[0001] trial 16 fold 4 physics
2026-03-06 23:50:33,419 | 2028131 | INFO | queue[0002] trial 16 fold 5 physics
2026-03-06 23:50:33,419 | 2028131 | INFO | queue[0003] trial 17 fold 1 physics
2026-03-06 23:50:33,419 | 2028131 | INFO | queue[0004] trial 17 fold 2 physics
2026-03-06 23:50:33,419 | 2028131 | INFO | queue[0005] trial 17 fold 3 physics
2026-03-06 23:50:33,419 | 2028131 | INFO | queue[0006] trial 17 fold 4 physics
2026-03-06 23:50:33,419 | 2028131 | INFO | queue[0007] trial 17 fold 5 physics
2026-03-06 23:50:33,420 | 2028131 | INFO | queue[0008] trial 18 fold 1 physics
2026-03-06 23:50:33,420 | 2028131 | INFO | queue[0009] trial 18 fold 2 physics
2026-03-06 23:50:33,420 | 2028131 | INFO | queue[0010] trial 18 fold 3 physics
2026-03-06 23:50:33,420 | 2028131 | INFO | queue[0011] trial 18 fold 4 physics
2026-03-06 23:50:33,420 | 2028131 | INFO | queue[0012] trial 18 fold 5 physics
2026-03-06 23:50:33,420 | 2028131 | INFO | queue[0013] trial 19 fold 1 physics
2026-03-06 23:50:33,420 | 2028131 | INFO | queue[0014] trial 19 fold 2 physics
2026-03-06 23:50:33,420 | 2028131 | INFO | queue[0015] trial 19 fold 3 physics
2026-03-06 23:50:33,420 | 2028131 | INFO | queue[0016] trial 19 fold 4 physics
2026-03-06 23:50:33,420 | 2028131 | INFO | queue[0017] trial 19 fold 5 physics
2026-03-06 23:50:33,421 | 2028131 | INFO | queue[0018] trial 20 fold 1 physics
2026-03-06 23:50:33,421 | 2028131 | INFO | queue[0019] trial 20 fold 2 physics
2026-03-06 23:50:33,421 | 2028131 | INFO | queue[0020] trial 20 fold 3 physics
2026-03-06 23:50:33,421 | 2028131 | INFO | queue[0021] trial 20 fold 4 physics
2026-03-06 23:50:33,421 | 2028131 | INFO | queue[0022] trial 20 fold 5 physics
2026-03-06 23:50:33,421 | 2028131 | INFO | queue[0023] trial 21 fold 1 physics
2026-03-06 23:50:33,421 | 2028131 | INFO | queue[0024] trial 21 fold 2 physics
2026-03-06 23:50:33,421 | 2028131 | INFO | queue[0025] trial 21 fold 3 physics
2026-03-06 23:50:33,421 | 2028131 | INFO | queue[0026] trial 21 fold 4 physics
2026-03-06 23:50:33,421 | 2028131 | INFO | queue[0027] trial 21 fold 5 physics
2026-03-06 23:50:33,422 | 2028131 | INFO | queue[0028] trial 22 fold 1 physics
2026-03-06 23:50:33,422 | 2028131 | INFO | queue[0029] trial 22 fold 2 physics
2026-03-06 23:50:33,422 | 2028131 | INFO | queue[0030] trial 22 fold 3 physics
2026-03-06 23:50:33,422 | 2028131 | INFO | queue[0031] trial 22 fold 4 physics
2026-03-06 23:50:33,422 | 2028131 | INFO | queue[0032] trial 22 fold 5 physics
2026-03-06 23:50:33,422 | 2028131 | INFO | queue[0033] trial 23 fold 1 physics
2026-03-06 23:50:33,422 | 2028131 | INFO | queue[0034] trial 23 fold 2 physics
2026-03-06 23:50:33,422 | 2028131 | INFO | queue[0035] trial 23 fold 3 physics
2026-03-06 23:50:33,422 | 2028131 | INFO | queue[0036] trial 23 fold 4 physics
2026-03-06 23:50:33,423 | 2028131 | INFO | queue[0037] trial 23 fold 5 physics
2026-03-06 23:50:33,423 | 2028131 | INFO | queue[0038] trial 24 fold 1 physics
2026-03-06 23:50:33,423 | 2028131 | INFO | queue[0039] trial 24 fold 2 physics
2026-03-06 23:50:33,423 | 2028131 | INFO | queue[0040] trial 24 fold 3 physics
2026-03-06 23:50:33,423 | 2028131 | INFO | queue[0041] trial 24 fold 4 physics
2026-03-06 23:50:33,423 | 2028131 | INFO | queue[0042] trial 24 fold 5 physics
2026-03-06 23:50:33,423 | 2028131 | INFO | queue[0043] trial 25 fold 1 physics
2026-03-06 23:50:33,423 | 2028131 | INFO | queue[0044] trial 25 fold 2 physics
2026-03-06 23:50:33,423 | 2028131 | INFO | queue[0045] trial 25 fold 3 physics
2026-03-06 23:50:33,424 | 2028131 | INFO | queue[0046] trial 25 fold 4 physics
2026-03-06 23:50:33,424 | 2028131 | INFO | queue[0047] trial 25 fold 5 physics
2026-03-06 23:50:33,424 | 2028131 | INFO | queue[0048] trial 26 fold 1 physics
2026-03-06 23:50:33,424 | 2028131 | INFO | queue[0049] trial 26 fold 2 physics
2026-03-06 23:50:33,424 | 2028131 | INFO | queue[0050] trial 26 fold 3 physics
2026-03-06 23:50:33,424 | 2028131 | INFO | queue[0051] trial 26 fold 4 physics
2026-03-06 23:50:33,424 | 2028131 | INFO | queue[0052] trial 26 fold 5 physics
2026-03-06 23:50:33,424 | 2028131 | INFO | [END BAYES QUEUE]
2026-03-06 23:50:33,710 | 2028131 | INFO | [ENQUEUE TRIAL] trial 27 physics
2026-03-06 23:50:33,710 | 2028131 | INFO | [BAYES QUEUE STATE]
2026-03-06 23:50:33,710 | 2028131 | INFO | pending_jobs = 58
2026-03-06 23:50:33,710 | 2028131 | INFO | inflight_trials = [0, 1, 4, 5, 6, 7, 8, 9, 10, 11, 12, 13, 14, 15, 16, 17, 18, 19, 20, 21, 22, 23, 24, 25, 26]
2026-03-06 23:50:33,710 | 2028131 | INFO | queue[0000] trial 16 fold 3 physics
2026-03-06 23:50:33,711 | 2028131 | INFO | queue[0001] trial 16 fold 4 physics
2026-03-06 23:50:33,711 | 2028131 | INFO | queue[0002] trial 16 fold 5 physics
2026-03-06 23:50:33,711 | 2028131 | INFO | queue[0003] trial 17 fold 1 physics
2026-03-06 23:50:33,711 | 2028131 | INFO | queue[0004] trial 17 fold 2 physics
2026-03-06 23:50:33,712 | 2028131 | INFO | queue[0005] trial 17 fold 3 physics
2026-03-06 23:50:33,712 | 2028131 | INFO | queue[0006] trial 17 fold 4 physics
2026-03-06 23:50:33,712 | 2028131 | INFO | queue[0007] trial 17 fold 5 physics
2026-03-06 23:50:33,712 | 2028131 | INFO | queue[0008] trial 18 fold 1 physics
2026-03-06 23:50:33,712 | 2028131 | INFO | queue[0009] trial 18 fold 2 physics
2026-03-06 23:50:33,712 | 2028131 | INFO | queue[0010] trial 18 fold 3 physics
2026-03-06 23:50:33,712 | 2028131 | INFO | queue[0011] trial 18 fold 4 physics
2026-03-06 23:50:33,712 | 2028131 | INFO | queue[0012] trial 18 fold 5 physics
2026-03-06 23:50:33,712 | 2028131 | INFO | queue[0013] trial 19 fold 1 physics
2026-03-06 23:50:33,712 | 2028131 | INFO | queue[0014] trial 19 fold 2 physics
2026-03-06 23:50:33,713 | 2028131 | INFO | queue[0015] trial 19 fold 3 physics
2026-03-06 23:50:33,713 | 2028131 | INFO | queue[0016] trial 19 fold 4 physics
2026-03-06 23:50:33,713 | 2028131 | INFO | queue[0017] trial 19 fold 5 physics
2026-03-06 23:50:33,713 | 2028131 | INFO | queue[0018] trial 20 fold 1 physics
2026-03-06 23:50:33,713 | 2028131 | INFO | queue[0019] trial 20 fold 2 physics
2026-03-06 23:50:33,713 | 2028131 | INFO | queue[0020] trial 20 fold 3 physics
2026-03-06 23:50:33,713 | 2028131 | INFO | queue[0021] trial 20 fold 4 physics
2026-03-06 23:50:33,713 | 2028131 | INFO | queue[0022] trial 20 fold 5 physics
2026-03-06 23:50:33,713 | 2028131 | INFO | queue[0023] trial 21 fold 1 physics
2026-03-06 23:50:33,713 | 2028131 | INFO | queue[0024] trial 21 fold 2 physics
2026-03-06 23:50:33,714 | 2028131 | INFO | queue[0025] trial 21 fold 3 physics
2026-03-06 23:50:33,714 | 2028131 | INFO | queue[0026] trial 21 fold 4 physics
2026-03-06 23:50:33,714 | 2028131 | INFO | queue[0027] trial 21 fold 5 physics
2026-03-06 23:50:33,714 | 2028131 | INFO | queue[0028] trial 22 fold 1 physics
2026-03-06 23:50:33,714 | 2028131 | INFO | queue[0029] trial 22 fold 2 physics
2026-03-06 23:50:33,714 | 2028131 | INFO | queue[0030] trial 22 fold 3 physics
2026-03-06 23:50:33,714 | 2028131 | INFO | queue[0031] trial 22 fold 4 physics
2026-03-06 23:50:33,714 | 2028131 | INFO | queue[0032] trial 22 fold 5 physics
2026-03-06 23:50:33,715 | 2028131 | INFO | queue[0033] trial 23 fold 1 physics
2026-03-06 23:50:33,715 | 2028131 | INFO | queue[0034] trial 23 fold 2 physics
2026-03-06 23:50:33,715 | 2028131 | INFO | queue[0035] trial 23 fold 3 physics
2026-03-06 23:50:33,715 | 2028131 | INFO | queue[0036] trial 23 fold 4 physics
2026-03-06 23:50:33,715 | 2028131 | INFO | queue[0037] trial 23 fold 5 physics
2026-03-06 23:50:33,715 | 2028131 | INFO | queue[0038] trial 24 fold 1 physics
2026-03-06 23:50:33,715 | 2028131 | INFO | queue[0039] trial 24 fold 2 physics
2026-03-06 23:50:33,715 | 2028131 | INFO | queue[0040] trial 24 fold 3 physics
2026-03-06 23:50:33,715 | 2028131 | INFO | queue[0041] trial 24 fold 4 physics
2026-03-06 23:50:33,715 | 2028131 | INFO | queue[0042] trial 24 fold 5 physics
2026-03-06 23:50:33,716 | 2028131 | INFO | queue[0043] trial 25 fold 1 physics
2026-03-06 23:50:33,716 | 2028131 | INFO | queue[0044] trial 25 fold 2 physics
2026-03-06 23:50:33,716 | 2028131 | INFO | queue[0045] trial 25 fold 3 physics
2026-03-06 23:50:33,716 | 2028131 | INFO | queue[0046] trial 25 fold 4 physics
2026-03-06 23:50:33,716 | 2028131 | INFO | queue[0047] trial 25 fold 5 physics
2026-03-06 23:50:33,716 | 2028131 | INFO | queue[0048] trial 26 fold 1 physics
2026-03-06 23:50:33,716 | 2028131 | INFO | queue[0049] trial 26 fold 2 physics
2026-03-06 23:50:33,716 | 2028131 | INFO | queue[0050] trial 26 fold 3 physics
2026-03-06 23:50:33,716 | 2028131 | INFO | queue[0051] trial 26 fold 4 physics
2026-03-06 23:50:33,716 | 2028131 | INFO | queue[0052] trial 26 fold 5 physics
2026-03-06 23:50:33,717 | 2028131 | INFO | queue[0053] trial 27 fold 1 physics
2026-03-06 23:50:33,717 | 2028131 | INFO | queue[0054] trial 27 fold 2 physics
2026-03-06 23:50:33,717 | 2028131 | INFO | queue[0055] trial 27 fold 3 physics
2026-03-06 23:50:33,717 | 2028131 | INFO | queue[0056] trial 27 fold 4 physics
2026-03-06 23:50:33,717 | 2028131 | INFO | queue[0057] trial 27 fold 5 physics
2026-03-06 23:50:33,717 | 2028131 | INFO | [END BAYES QUEUE]
2026-03-06 23:55:00,295 | 2028131 | INFO | [TRIAL COMPLETE] trial 11 physics NSE_1D=0.91387 NSE_1H=0.86255
2026-03-06 23:55:00,827 | 2028131 | INFO | [ENQUEUE TRIAL] trial 28 physics
2026-03-06 23:55:00,827 | 2028131 | INFO | [BAYES QUEUE STATE]
2026-03-06 23:55:00,827 | 2028131 | INFO | pending_jobs = 59
2026-03-06 23:55:00,827 | 2028131 | INFO | inflight_trials = [0, 1, 4, 5, 6, 7, 8, 9, 11, 12, 13, 14, 15, 16, 17, 18, 19, 20, 21, 22, 23, 24, 25, 26, 27]
2026-03-06 23:55:00,827 | 2028131 | INFO | queue[0000] trial 17 fold 2 physics
2026-03-06 23:55:00,827 | 2028131 | INFO | queue[0001] trial 17 fold 3 physics
2026-03-06 23:55:00,828 | 2028131 | INFO | queue[0002] trial 17 fold 4 physics
2026-03-06 23:55:00,828 | 2028131 | INFO | queue[0003] trial 17 fold 5 physics
2026-03-06 23:55:00,828 | 2028131 | INFO | queue[0004] trial 18 fold 1 physics
2026-03-06 23:55:00,828 | 2028131 | INFO | queue[0005] trial 18 fold 2 physics
2026-03-06 23:55:00,828 | 2028131 | INFO | queue[0006] trial 18 fold 3 physics
2026-03-06 23:55:00,828 | 2028131 | INFO | queue[0007] trial 18 fold 4 physics
2026-03-06 23:55:00,828 | 2028131 | INFO | queue[0008] trial 18 fold 5 physics
2026-03-06 23:55:00,828 | 2028131 | INFO | queue[0009] trial 19 fold 1 physics
2026-03-06 23:55:00,828 | 2028131 | INFO | queue[0010] trial 19 fold 2 physics
2026-03-06 23:55:00,829 | 2028131 | INFO | queue[0011] trial 19 fold 3 physics
2026-03-06 23:55:00,829 | 2028131 | INFO | queue[0012] trial 19 fold 4 physics
2026-03-06 23:55:00,829 | 2028131 | INFO | queue[0013] trial 19 fold 5 physics
2026-03-06 23:55:00,829 | 2028131 | INFO | queue[0014] trial 20 fold 1 physics
2026-03-06 23:55:00,829 | 2028131 | INFO | queue[0015] trial 20 fold 2 physics
2026-03-06 23:55:00,829 | 2028131 | INFO | queue[0016] trial 20 fold 3 physics
2026-03-06 23:55:00,829 | 2028131 | INFO | queue[0017] trial 20 fold 4 physics
2026-03-06 23:55:00,829 | 2028131 | INFO | queue[0018] trial 20 fold 5 physics
2026-03-06 23:55:00,829 | 2028131 | INFO | queue[0019] trial 21 fold 1 physics
2026-03-06 23:55:00,830 | 2028131 | INFO | queue[0020] trial 21 fold 2 physics
2026-03-06 23:55:00,830 | 2028131 | INFO | queue[0021] trial 21 fold 3 physics
2026-03-06 23:55:00,830 | 2028131 | INFO | queue[0022] trial 21 fold 4 physics
2026-03-06 23:55:00,830 | 2028131 | INFO | queue[0023] trial 21 fold 5 physics
2026-03-06 23:55:00,830 | 2028131 | INFO | queue[0024] trial 22 fold 1 physics
2026-03-06 23:55:00,830 | 2028131 | INFO | queue[0025] trial 22 fold 2 physics
2026-03-06 23:55:00,830 | 2028131 | INFO | queue[0026] trial 22 fold 3 physics
2026-03-06 23:55:00,830 | 2028131 | INFO | queue[0027] trial 22 fold 4 physics
2026-03-06 23:55:00,830 | 2028131 | INFO | queue[0028] trial 22 fold 5 physics
2026-03-06 23:55:00,830 | 2028131 | INFO | queue[0029] trial 23 fold 1 physics
2026-03-06 23:55:00,831 | 2028131 | INFO | queue[0030] trial 23 fold 2 physics
2026-03-06 23:55:00,831 | 2028131 | INFO | queue[0031] trial 23 fold 3 physics
2026-03-06 23:55:00,831 | 2028131 | INFO | queue[0032] trial 23 fold 4 physics
2026-03-06 23:55:00,831 | 2028131 | INFO | queue[0033] trial 23 fold 5 physics
2026-03-06 23:55:00,831 | 2028131 | INFO | queue[0034] trial 24 fold 1 physics
2026-03-06 23:55:00,831 | 2028131 | INFO | queue[0035] trial 24 fold 2 physics
2026-03-06 23:55:00,831 | 2028131 | INFO | queue[0036] trial 24 fold 3 physics
2026-03-06 23:55:00,831 | 2028131 | INFO | queue[0037] trial 24 fold 4 physics
2026-03-06 23:55:00,831 | 2028131 | INFO | queue[0038] trial 24 fold 5 physics
2026-03-06 23:55:00,832 | 2028131 | INFO | queue[0039] trial 25 fold 1 physics
2026-03-06 23:55:00,832 | 2028131 | INFO | queue[0040] trial 25 fold 2 physics
2026-03-06 23:55:00,832 | 2028131 | INFO | queue[0041] trial 25 fold 3 physics
2026-03-06 23:55:00,832 | 2028131 | INFO | queue[0042] trial 25 fold 4 physics
2026-03-06 23:55:00,832 | 2028131 | INFO | queue[0043] trial 25 fold 5 physics
2026-03-06 23:55:00,832 | 2028131 | INFO | queue[0044] trial 26 fold 1 physics
2026-03-06 23:55:00,832 | 2028131 | INFO | queue[0045] trial 26 fold 2 physics
2026-03-06 23:55:00,832 | 2028131 | INFO | queue[0046] trial 26 fold 3 physics
2026-03-06 23:55:00,832 | 2028131 | INFO | queue[0047] trial 26 fold 4 physics
2026-03-06 23:55:00,832 | 2028131 | INFO | queue[0048] trial 26 fold 5 physics
2026-03-06 23:55:00,833 | 2028131 | INFO | queue[0049] trial 27 fold 1 physics
2026-03-06 23:55:00,833 | 2028131 | INFO | queue[0050] trial 27 fold 2 physics
2026-03-06 23:55:00,833 | 2028131 | INFO | queue[0051] trial 27 fold 3 physics
2026-03-06 23:55:00,833 | 2028131 | INFO | queue[0052] trial 27 fold 4 physics
2026-03-06 23:55:00,833 | 2028131 | INFO | queue[0053] trial 27 fold 5 physics
2026-03-06 23:55:00,833 | 2028131 | INFO | queue[0054] trial 28 fold 1 physics
2026-03-06 23:55:00,833 | 2028131 | INFO | queue[0055] trial 28 fold 2 physics
2026-03-06 23:55:00,833 | 2028131 | INFO | queue[0056] trial 28 fold 3 physics
2026-03-06 23:55:00,833 | 2028131 | INFO | queue[0057] trial 28 fold 4 physics
2026-03-06 23:55:00,834 | 2028131 | INFO | queue[0058] trial 28 fold 5 physics
2026-03-06 23:55:00,834 | 2028131 | INFO | [END BAYES QUEUE]
2026-03-07 00:05:11,001 | 2028131 | INFO | [TRIAL COMPLETE] trial 12 physics NSE_1D=0.90557 NSE_1H=0.86344
2026-03-07 00:05:11,285 | 2028131 | INFO | [ENQUEUE TRIAL] trial 29 physics
2026-03-07 00:05:11,285 | 2028131 | INFO | [BAYES QUEUE STATE]
2026-03-07 00:05:11,285 | 2028131 | INFO | pending_jobs = 51
2026-03-07 00:05:11,285 | 2028131 | INFO | inflight_trials = [0, 1, 4, 5, 6, 7, 8, 9, 12, 13, 14, 15, 16, 17, 18, 19, 20, 21, 22, 23, 24, 25, 26, 27, 28]
2026-03-07 00:05:11,285 | 2028131 | INFO | queue[0000] trial 19 fold 5 physics
2026-03-07 00:05:11,286 | 2028131 | INFO | queue[0001] trial 20 fold 1 physics
2026-03-07 00:05:11,286 | 2028131 | INFO | queue[0002] trial 20 fold 2 physics
2026-03-07 00:05:11,286 | 2028131 | INFO | queue[0003] trial 20 fold 3 physics
2026-03-07 00:05:11,286 | 2028131 | INFO | queue[0004] trial 20 fold 4 physics
2026-03-07 00:05:11,286 | 2028131 | INFO | queue[0005] trial 20 fold 5 physics
2026-03-07 00:05:11,286 | 2028131 | INFO | queue[0006] trial 21 fold 1 physics
2026-03-07 00:05:11,286 | 2028131 | INFO | queue[0007] trial 21 fold 2 physics
2026-03-07 00:05:11,286 | 2028131 | INFO | queue[0008] trial 21 fold 3 physics
2026-03-07 00:05:11,287 | 2028131 | INFO | queue[0009] trial 21 fold 4 physics
2026-03-07 00:05:11,287 | 2028131 | INFO | queue[0010] trial 21 fold 5 physics
2026-03-07 00:05:11,287 | 2028131 | INFO | queue[0011] trial 22 fold 1 physics
2026-03-07 00:05:11,287 | 2028131 | INFO | queue[0012] trial 22 fold 2 physics
2026-03-07 00:05:11,287 | 2028131 | INFO | queue[0013] trial 22 fold 3 physics
2026-03-07 00:05:11,287 | 2028131 | INFO | queue[0014] trial 22 fold 4 physics
2026-03-07 00:05:11,287 | 2028131 | INFO | queue[0015] trial 22 fold 5 physics
2026-03-07 00:05:11,287 | 2028131 | INFO | queue[0016] trial 23 fold 1 physics
2026-03-07 00:05:11,287 | 2028131 | INFO | queue[0017] trial 23 fold 2 physics
2026-03-07 00:05:11,288 | 2028131 | INFO | queue[0018] trial 23 fold 3 physics
2026-03-07 00:05:11,288 | 2028131 | INFO | queue[0019] trial 23 fold 4 physics
2026-03-07 00:05:11,288 | 2028131 | INFO | queue[0020] trial 23 fold 5 physics
2026-03-07 00:05:11,288 | 2028131 | INFO | queue[0021] trial 24 fold 1 physics
2026-03-07 00:05:11,288 | 2028131 | INFO | queue[0022] trial 24 fold 2 physics
2026-03-07 00:05:11,288 | 2028131 | INFO | queue[0023] trial 24 fold 3 physics
2026-03-07 00:05:11,288 | 2028131 | INFO | queue[0024] trial 24 fold 4 physics
2026-03-07 00:05:11,288 | 2028131 | INFO | queue[0025] trial 24 fold 5 physics
2026-03-07 00:05:11,288 | 2028131 | INFO | queue[0026] trial 25 fold 1 physics
2026-03-07 00:05:11,288 | 2028131 | INFO | queue[0027] trial 25 fold 2 physics
2026-03-07 00:05:11,289 | 2028131 | INFO | queue[0028] trial 25 fold 3 physics
2026-03-07 00:05:11,289 | 2028131 | INFO | queue[0029] trial 25 fold 4 physics
2026-03-07 00:05:11,289 | 2028131 | INFO | queue[0030] trial 25 fold 5 physics
2026-03-07 00:05:11,289 | 2028131 | INFO | queue[0031] trial 26 fold 1 physics
2026-03-07 00:05:11,289 | 2028131 | INFO | queue[0032] trial 26 fold 2 physics
2026-03-07 00:05:11,289 | 2028131 | INFO | queue[0033] trial 26 fold 3 physics
2026-03-07 00:05:11,289 | 2028131 | INFO | queue[0034] trial 26 fold 4 physics
2026-03-07 00:05:11,289 | 2028131 | INFO | queue[0035] trial 26 fold 5 physics
2026-03-07 00:05:11,290 | 2028131 | INFO | queue[0036] trial 27 fold 1 physics
2026-03-07 00:05:11,290 | 2028131 | INFO | queue[0037] trial 27 fold 2 physics
2026-03-07 00:05:11,290 | 2028131 | INFO | queue[0038] trial 27 fold 3 physics
2026-03-07 00:05:11,290 | 2028131 | INFO | queue[0039] trial 27 fold 4 physics
2026-03-07 00:05:11,290 | 2028131 | INFO | queue[0040] trial 27 fold 5 physics
2026-03-07 00:05:11,290 | 2028131 | INFO | queue[0041] trial 28 fold 1 physics
2026-03-07 00:05:11,290 | 2028131 | INFO | queue[0042] trial 28 fold 2 physics
2026-03-07 00:05:11,290 | 2028131 | INFO | queue[0043] trial 28 fold 3 physics
2026-03-07 00:05:11,290 | 2028131 | INFO | queue[0044] trial 28 fold 4 physics
2026-03-07 00:05:11,291 | 2028131 | INFO | queue[0045] trial 28 fold 5 physics
2026-03-07 00:05:11,291 | 2028131 | INFO | queue[0046] trial 29 fold 1 physics
2026-03-07 00:05:11,291 | 2028131 | INFO | queue[0047] trial 29 fold 2 physics
2026-03-07 00:05:11,291 | 2028131 | INFO | queue[0048] trial 29 fold 3 physics
2026-03-07 00:05:11,291 | 2028131 | INFO | queue[0049] trial 29 fold 4 physics
2026-03-07 00:05:11,291 | 2028131 | INFO | queue[0050] trial 29 fold 5 physics
2026-03-07 00:05:11,291 | 2028131 | INFO | [END BAYES QUEUE]
2026-03-07 00:05:11,582 | 2028131 | INFO | [ENQUEUE TRIAL] trial 30 physics
2026-03-07 00:05:11,582 | 2028131 | INFO | [BAYES QUEUE STATE]
2026-03-07 00:05:11,582 | 2028131 | INFO | pending_jobs = 56
2026-03-07 00:05:11,582 | 2028131 | INFO | inflight_trials = [0, 1, 4, 5, 6, 7, 8, 9, 12, 13, 14, 15, 16, 17, 18, 19, 20, 21, 22, 23, 24, 25, 26, 27, 28, 29]
2026-03-07 00:05:11,582 | 2028131 | INFO | queue[0000] trial 19 fold 5 physics
2026-03-07 00:05:11,582 | 2028131 | INFO | queue[0001] trial 20 fold 1 physics
2026-03-07 00:05:11,583 | 2028131 | INFO | queue[0002] trial 20 fold 2 physics
2026-03-07 00:05:11,583 | 2028131 | INFO | queue[0003] trial 20 fold 3 physics
2026-03-07 00:05:11,583 | 2028131 | INFO | queue[0004] trial 20 fold 4 physics
2026-03-07 00:05:11,583 | 2028131 | INFO | queue[0005] trial 20 fold 5 physics
2026-03-07 00:05:11,583 | 2028131 | INFO | queue[0006] trial 21 fold 1 physics
2026-03-07 00:05:11,583 | 2028131 | INFO | queue[0007] trial 21 fold 2 physics
2026-03-07 00:05:11,583 | 2028131 | INFO | queue[0008] trial 21 fold 3 physics
2026-03-07 00:05:11,583 | 2028131 | INFO | queue[0009] trial 21 fold 4 physics
2026-03-07 00:05:11,584 | 2028131 | INFO | queue[0010] trial 21 fold 5 physics
2026-03-07 00:05:11,584 | 2028131 | INFO | queue[0011] trial 22 fold 1 physics
2026-03-07 00:05:11,584 | 2028131 | INFO | queue[0012] trial 22 fold 2 physics
2026-03-07 00:05:11,584 | 2028131 | INFO | queue[0013] trial 22 fold 3 physics
2026-03-07 00:05:11,584 | 2028131 | INFO | queue[0014] trial 22 fold 4 physics
2026-03-07 00:05:11,584 | 2028131 | INFO | queue[0015] trial 22 fold 5 physics
2026-03-07 00:05:11,584 | 2028131 | INFO | queue[0016] trial 23 fold 1 physics
2026-03-07 00:05:11,584 | 2028131 | INFO | queue[0017] trial 23 fold 2 physics
2026-03-07 00:05:11,584 | 2028131 | INFO | queue[0018] trial 23 fold 3 physics
2026-03-07 00:05:11,585 | 2028131 | INFO | queue[0019] trial 23 fold 4 physics
2026-03-07 00:05:11,585 | 2028131 | INFO | queue[0020] trial 23 fold 5 physics
2026-03-07 00:05:11,585 | 2028131 | INFO | queue[0021] trial 24 fold 1 physics
2026-03-07 00:05:11,585 | 2028131 | INFO | queue[0022] trial 24 fold 2 physics
2026-03-07 00:05:11,585 | 2028131 | INFO | queue[0023] trial 24 fold 3 physics
2026-03-07 00:05:11,585 | 2028131 | INFO | queue[0024] trial 24 fold 4 physics
2026-03-07 00:05:11,585 | 2028131 | INFO | queue[0025] trial 24 fold 5 physics
2026-03-07 00:05:11,585 | 2028131 | INFO | queue[0026] trial 25 fold 1 physics
2026-03-07 00:05:11,585 | 2028131 | INFO | queue[0027] trial 25 fold 2 physics
2026-03-07 00:05:11,586 | 2028131 | INFO | queue[0028] trial 25 fold 3 physics
2026-03-07 00:05:11,586 | 2028131 | INFO | queue[0029] trial 25 fold 4 physics
2026-03-07 00:05:11,586 | 2028131 | INFO | queue[0030] trial 25 fold 5 physics
2026-03-07 00:05:11,586 | 2028131 | INFO | queue[0031] trial 26 fold 1 physics
2026-03-07 00:05:11,586 | 2028131 | INFO | queue[0032] trial 26 fold 2 physics
2026-03-07 00:05:11,586 | 2028131 | INFO | queue[0033] trial 26 fold 3 physics
2026-03-07 00:05:11,586 | 2028131 | INFO | queue[0034] trial 26 fold 4 physics
2026-03-07 00:05:11,586 | 2028131 | INFO | queue[0035] trial 26 fold 5 physics
2026-03-07 00:05:11,586 | 2028131 | INFO | queue[0036] trial 27 fold 1 physics
2026-03-07 00:05:11,587 | 2028131 | INFO | queue[0037] trial 27 fold 2 physics
2026-03-07 00:05:11,587 | 2028131 | INFO | queue[0038] trial 27 fold 3 physics
2026-03-07 00:05:11,587 | 2028131 | INFO | queue[0039] trial 27 fold 4 physics
2026-03-07 00:05:11,587 | 2028131 | INFO | queue[0040] trial 27 fold 5 physics
2026-03-07 00:05:11,587 | 2028131 | INFO | queue[0041] trial 28 fold 1 physics
2026-03-07 00:05:11,587 | 2028131 | INFO | queue[0042] trial 28 fold 2 physics
2026-03-07 00:05:11,587 | 2028131 | INFO | queue[0043] trial 28 fold 3 physics
2026-03-07 00:05:11,587 | 2028131 | INFO | queue[0044] trial 28 fold 4 physics
2026-03-07 00:05:11,587 | 2028131 | INFO | queue[0045] trial 28 fold 5 physics
2026-03-07 00:05:11,588 | 2028131 | INFO | queue[0046] trial 29 fold 1 physics
2026-03-07 00:05:11,588 | 2028131 | INFO | queue[0047] trial 29 fold 2 physics
2026-03-07 00:05:11,588 | 2028131 | INFO | queue[0048] trial 29 fold 3 physics
2026-03-07 00:05:11,588 | 2028131 | INFO | queue[0049] trial 29 fold 4 physics
2026-03-07 00:05:11,588 | 2028131 | INFO | queue[0050] trial 29 fold 5 physics
2026-03-07 00:05:11,588 | 2028131 | INFO | queue[0051] trial 30 fold 1 physics
2026-03-07 00:05:11,588 | 2028131 | INFO | queue[0052] trial 30 fold 2 physics
2026-03-07 00:05:11,588 | 2028131 | INFO | queue[0053] trial 30 fold 3 physics
2026-03-07 00:05:11,588 | 2028131 | INFO | queue[0054] trial 30 fold 4 physics
2026-03-07 00:05:11,588 | 2028131 | INFO | queue[0055] trial 30 fold 5 physics
2026-03-07 00:05:11,589 | 2028131 | INFO | [END BAYES QUEUE]
2026-03-07 00:06:28,418 | 2028131 | INFO | [TRIAL COMPLETE] trial 2 physics NSE_1D=0.89605 NSE_1H=0.84822
2026-03-07 00:06:28,693 | 2028131 | INFO | [ENQUEUE TRIAL] trial 31 physics
2026-03-07 00:06:28,693 | 2028131 | INFO | [BAYES QUEUE STATE]
2026-03-07 00:06:28,693 | 2028131 | INFO | pending_jobs = 59
2026-03-07 00:06:28,693 | 2028131 | INFO | inflight_trials = [0, 4, 5, 6, 7, 8, 9, 12, 13, 14, 15, 16, 17, 18, 19, 20, 21, 22, 23, 24, 25, 26, 27, 28, 29, 30]
2026-03-07 00:06:28,693 | 2028131 | INFO | queue[0000] trial 20 fold 2 physics
2026-03-07 00:06:28,693 | 2028131 | INFO | queue[0001] trial 20 fold 3 physics
2026-03-07 00:06:28,693 | 2028131 | INFO | queue[0002] trial 20 fold 4 physics
2026-03-07 00:06:28,694 | 2028131 | INFO | queue[0003] trial 20 fold 5 physics
2026-03-07 00:06:28,694 | 2028131 | INFO | queue[0004] trial 21 fold 1 physics
2026-03-07 00:06:28,694 | 2028131 | INFO | queue[0005] trial 21 fold 2 physics
2026-03-07 00:06:28,694 | 2028131 | INFO | queue[0006] trial 21 fold 3 physics
2026-03-07 00:06:28,694 | 2028131 | INFO | queue[0007] trial 21 fold 4 physics
2026-03-07 00:06:28,694 | 2028131 | INFO | queue[0008] trial 21 fold 5 physics
2026-03-07 00:06:28,694 | 2028131 | INFO | queue[0009] trial 22 fold 1 physics
2026-03-07 00:06:28,694 | 2028131 | INFO | queue[0010] trial 22 fold 2 physics
2026-03-07 00:06:28,695 | 2028131 | INFO | queue[0011] trial 22 fold 3 physics
2026-03-07 00:06:28,695 | 2028131 | INFO | queue[0012] trial 22 fold 4 physics
2026-03-07 00:06:28,695 | 2028131 | INFO | queue[0013] trial 22 fold 5 physics
2026-03-07 00:06:28,695 | 2028131 | INFO | queue[0014] trial 23 fold 1 physics
2026-03-07 00:06:28,695 | 2028131 | INFO | queue[0015] trial 23 fold 2 physics
2026-03-07 00:06:28,695 | 2028131 | INFO | queue[0016] trial 23 fold 3 physics
2026-03-07 00:06:28,695 | 2028131 | INFO | queue[0017] trial 23 fold 4 physics
2026-03-07 00:06:28,695 | 2028131 | INFO | queue[0018] trial 23 fold 5 physics
2026-03-07 00:06:28,695 | 2028131 | INFO | queue[0019] trial 24 fold 1 physics
2026-03-07 00:06:28,695 | 2028131 | INFO | queue[0020] trial 24 fold 2 physics
2026-03-07 00:06:28,696 | 2028131 | INFO | queue[0021] trial 24 fold 3 physics
2026-03-07 00:06:28,696 | 2028131 | INFO | queue[0022] trial 24 fold 4 physics
2026-03-07 00:06:28,696 | 2028131 | INFO | queue[0023] trial 24 fold 5 physics
2026-03-07 00:06:28,696 | 2028131 | INFO | queue[0024] trial 25 fold 1 physics
2026-03-07 00:06:28,696 | 2028131 | INFO | queue[0025] trial 25 fold 2 physics
2026-03-07 00:06:28,696 | 2028131 | INFO | queue[0026] trial 25 fold 3 physics
2026-03-07 00:06:28,696 | 2028131 | INFO | queue[0027] trial 25 fold 4 physics
2026-03-07 00:06:28,696 | 2028131 | INFO | queue[0028] trial 25 fold 5 physics
2026-03-07 00:06:28,697 | 2028131 | INFO | queue[0029] trial 26 fold 1 physics
2026-03-07 00:06:28,697 | 2028131 | INFO | queue[0030] trial 26 fold 2 physics
2026-03-07 00:06:28,697 | 2028131 | INFO | queue[0031] trial 26 fold 3 physics
2026-03-07 00:06:28,697 | 2028131 | INFO | queue[0032] trial 26 fold 4 physics
2026-03-07 00:06:28,697 | 2028131 | INFO | queue[0033] trial 26 fold 5 physics
2026-03-07 00:06:28,697 | 2028131 | INFO | queue[0034] trial 27 fold 1 physics
2026-03-07 00:06:28,697 | 2028131 | INFO | queue[0035] trial 27 fold 2 physics
2026-03-07 00:06:28,697 | 2028131 | INFO | queue[0036] trial 27 fold 3 physics
2026-03-07 00:06:28,697 | 2028131 | INFO | queue[0037] trial 27 fold 4 physics
2026-03-07 00:06:28,698 | 2028131 | INFO | queue[0038] trial 27 fold 5 physics
2026-03-07 00:06:28,698 | 2028131 | INFO | queue[0039] trial 28 fold 1 physics
2026-03-07 00:06:28,698 | 2028131 | INFO | queue[0040] trial 28 fold 2 physics
2026-03-07 00:06:28,698 | 2028131 | INFO | queue[0041] trial 28 fold 3 physics
2026-03-07 00:06:28,698 | 2028131 | INFO | queue[0042] trial 28 fold 4 physics
2026-03-07 00:06:28,698 | 2028131 | INFO | queue[0043] trial 28 fold 5 physics
2026-03-07 00:06:28,698 | 2028131 | INFO | queue[0044] trial 29 fold 1 physics
2026-03-07 00:06:28,698 | 2028131 | INFO | queue[0045] trial 29 fold 2 physics
2026-03-07 00:06:28,698 | 2028131 | INFO | queue[0046] trial 29 fold 3 physics
2026-03-07 00:06:28,698 | 2028131 | INFO | queue[0047] trial 29 fold 4 physics
2026-03-07 00:06:28,699 | 2028131 | INFO | queue[0048] trial 29 fold 5 physics
2026-03-07 00:06:28,699 | 2028131 | INFO | queue[0049] trial 30 fold 1 physics
2026-03-07 00:06:28,699 | 2028131 | INFO | queue[0050] trial 30 fold 2 physics
2026-03-07 00:06:28,699 | 2028131 | INFO | queue[0051] trial 30 fold 3 physics
2026-03-07 00:06:28,699 | 2028131 | INFO | queue[0052] trial 30 fold 4 physics
2026-03-07 00:06:28,699 | 2028131 | INFO | queue[0053] trial 30 fold 5 physics
2026-03-07 00:06:28,699 | 2028131 | INFO | queue[0054] trial 31 fold 1 physics
2026-03-07 00:06:28,699 | 2028131 | INFO | queue[0055] trial 31 fold 2 physics
2026-03-07 00:06:28,699 | 2028131 | INFO | queue[0056] trial 31 fold 3 physics
2026-03-07 00:06:28,699 | 2028131 | INFO | queue[0057] trial 31 fold 4 physics
2026-03-07 00:06:28,700 | 2028131 | INFO | queue[0058] trial 31 fold 5 physics
2026-03-07 00:06:28,700 | 2028131 | INFO | [END BAYES QUEUE]
2026-03-07 00:09:26,725 | 2028131 | INFO | [TRIAL COMPLETE] trial 5 physics NSE_1D=0.89384 NSE_1H=0.86472
2026-03-07 00:09:27,034 | 2028131 | INFO | [ENQUEUE TRIAL] trial 32 physics
2026-03-07 00:09:27,034 | 2028131 | INFO | [BAYES QUEUE STATE]
2026-03-07 00:09:27,034 | 2028131 | INFO | pending_jobs = 59
2026-03-07 00:09:27,035 | 2028131 | INFO | inflight_trials = [0, 5, 6, 7, 8, 9, 12, 13, 14, 15, 16, 17, 18, 19, 20, 21, 22, 23, 24, 25, 26, 27, 28, 29, 30, 31]
2026-03-07 00:09:27,035 | 2028131 | INFO | queue[0000] trial 21 fold 2 physics
2026-03-07 00:09:27,035 | 2028131 | INFO | queue[0001] trial 21 fold 3 physics
2026-03-07 00:09:27,035 | 2028131 | INFO | queue[0002] trial 21 fold 4 physics
2026-03-07 00:09:27,035 | 2028131 | INFO | queue[0003] trial 21 fold 5 physics
2026-03-07 00:09:27,035 | 2028131 | INFO | queue[0004] trial 22 fold 1 physics
2026-03-07 00:09:27,035 | 2028131 | INFO | queue[0005] trial 22 fold 2 physics
2026-03-07 00:09:27,035 | 2028131 | INFO | queue[0006] trial 22 fold 3 physics
2026-03-07 00:09:27,036 | 2028131 | INFO | queue[0007] trial 22 fold 4 physics
2026-03-07 00:09:27,036 | 2028131 | INFO | queue[0008] trial 22 fold 5 physics
2026-03-07 00:09:27,036 | 2028131 | INFO | queue[0009] trial 23 fold 1 physics
2026-03-07 00:09:27,036 | 2028131 | INFO | queue[0010] trial 23 fold 2 physics
2026-03-07 00:09:27,036 | 2028131 | INFO | queue[0011] trial 23 fold 3 physics
2026-03-07 00:09:27,036 | 2028131 | INFO | queue[0012] trial 23 fold 4 physics
2026-03-07 00:09:27,036 | 2028131 | INFO | queue[0013] trial 23 fold 5 physics
2026-03-07 00:09:27,036 | 2028131 | INFO | queue[0014] trial 24 fold 1 physics
2026-03-07 00:09:27,036 | 2028131 | INFO | queue[0015] trial 24 fold 2 physics
2026-03-07 00:09:27,037 | 2028131 | INFO | queue[0016] trial 24 fold 3 physics
2026-03-07 00:09:27,037 | 2028131 | INFO | queue[0017] trial 24 fold 4 physics
2026-03-07 00:09:27,037 | 2028131 | INFO | queue[0018] trial 24 fold 5 physics
2026-03-07 00:09:27,037 | 2028131 | INFO | queue[0019] trial 25 fold 1 physics
2026-03-07 00:09:27,037 | 2028131 | INFO | queue[0020] trial 25 fold 2 physics
2026-03-07 00:09:27,037 | 2028131 | INFO | queue[0021] trial 25 fold 3 physics
2026-03-07 00:09:27,037 | 2028131 | INFO | queue[0022] trial 25 fold 4 physics
2026-03-07 00:09:27,038 | 2028131 | INFO | queue[0023] trial 25 fold 5 physics
2026-03-07 00:09:27,038 | 2028131 | INFO | queue[0024] trial 26 fold 1 physics
2026-03-07 00:09:27,038 | 2028131 | INFO | queue[0025] trial 26 fold 2 physics
2026-03-07 00:09:27,038 | 2028131 | INFO | queue[0026] trial 26 fold 3 physics
2026-03-07 00:09:27,038 | 2028131 | INFO | queue[0027] trial 26 fold 4 physics
2026-03-07 00:09:27,038 | 2028131 | INFO | queue[0028] trial 26 fold 5 physics
2026-03-07 00:09:27,038 | 2028131 | INFO | queue[0029] trial 27 fold 1 physics
2026-03-07 00:09:27,038 | 2028131 | INFO | queue[0030] trial 27 fold 2 physics
2026-03-07 00:09:27,039 | 2028131 | INFO | queue[0031] trial 27 fold 3 physics
2026-03-07 00:09:27,039 | 2028131 | INFO | queue[0032] trial 27 fold 4 physics
2026-03-07 00:09:27,039 | 2028131 | INFO | queue[0033] trial 27 fold 5 physics
2026-03-07 00:09:27,039 | 2028131 | INFO | queue[0034] trial 28 fold 1 physics
2026-03-07 00:09:27,039 | 2028131 | INFO | queue[0035] trial 28 fold 2 physics
2026-03-07 00:09:27,039 | 2028131 | INFO | queue[0036] trial 28 fold 3 physics
2026-03-07 00:09:27,039 | 2028131 | INFO | queue[0037] trial 28 fold 4 physics
2026-03-07 00:09:27,039 | 2028131 | INFO | queue[0038] trial 28 fold 5 physics
2026-03-07 00:09:27,039 | 2028131 | INFO | queue[0039] trial 29 fold 1 physics
2026-03-07 00:09:27,040 | 2028131 | INFO | queue[0040] trial 29 fold 2 physics
2026-03-07 00:09:27,040 | 2028131 | INFO | queue[0041] trial 29 fold 3 physics
2026-03-07 00:09:27,040 | 2028131 | INFO | queue[0042] trial 29 fold 4 physics
2026-03-07 00:09:27,040 | 2028131 | INFO | queue[0043] trial 29 fold 5 physics
2026-03-07 00:09:27,040 | 2028131 | INFO | queue[0044] trial 30 fold 1 physics
2026-03-07 00:09:27,040 | 2028131 | INFO | queue[0045] trial 30 fold 2 physics
2026-03-07 00:09:27,040 | 2028131 | INFO | queue[0046] trial 30 fold 3 physics
2026-03-07 00:09:27,040 | 2028131 | INFO | queue[0047] trial 30 fold 4 physics
2026-03-07 00:09:27,041 | 2028131 | INFO | queue[0048] trial 30 fold 5 physics
2026-03-07 00:09:27,041 | 2028131 | INFO | queue[0049] trial 31 fold 1 physics
2026-03-07 00:09:27,041 | 2028131 | INFO | queue[0050] trial 31 fold 2 physics
2026-03-07 00:09:27,041 | 2028131 | INFO | queue[0051] trial 31 fold 3 physics
2026-03-07 00:09:27,041 | 2028131 | INFO | queue[0052] trial 31 fold 4 physics
2026-03-07 00:09:27,041 | 2028131 | INFO | queue[0053] trial 31 fold 5 physics
2026-03-07 00:09:27,041 | 2028131 | INFO | queue[0054] trial 32 fold 1 physics
2026-03-07 00:09:27,041 | 2028131 | INFO | queue[0055] trial 32 fold 2 physics
2026-03-07 00:09:27,041 | 2028131 | INFO | queue[0056] trial 32 fold 3 physics
2026-03-07 00:09:27,042 | 2028131 | INFO | queue[0057] trial 32 fold 4 physics
2026-03-07 00:09:27,042 | 2028131 | INFO | queue[0058] trial 32 fold 5 physics
2026-03-07 00:09:27,042 | 2028131 | INFO | [END BAYES QUEUE]
2026-03-07 00:11:06,349 | 2028131 | INFO | [TRIAL COMPLETE] trial 8 physics NSE_1D=0.89465 NSE_1H=0.87056
2026-03-07 00:11:06,633 | 2028131 | INFO | [ENQUEUE TRIAL] trial 33 physics
2026-03-07 00:11:06,634 | 2028131 | INFO | [BAYES QUEUE STATE]
2026-03-07 00:11:06,634 | 2028131 | INFO | pending_jobs = 60
2026-03-07 00:11:06,634 | 2028131 | INFO | inflight_trials = [0, 5, 6, 8, 9, 12, 13, 14, 15, 16, 17, 18, 19, 20, 21, 22, 23, 24, 25, 26, 27, 28, 29, 30, 31, 32]
2026-03-07 00:11:06,634 | 2028131 | INFO | queue[0000] trial 22 fold 1 physics
2026-03-07 00:11:06,634 | 2028131 | INFO | queue[0001] trial 22 fold 2 physics
2026-03-07 00:11:06,634 | 2028131 | INFO | queue[0002] trial 22 fold 3 physics
2026-03-07 00:11:06,634 | 2028131 | INFO | queue[0003] trial 22 fold 4 physics
2026-03-07 00:11:06,635 | 2028131 | INFO | queue[0004] trial 22 fold 5 physics
2026-03-07 00:11:06,635 | 2028131 | INFO | queue[0005] trial 23 fold 1 physics
2026-03-07 00:11:06,635 | 2028131 | INFO | queue[0006] trial 23 fold 2 physics
2026-03-07 00:11:06,635 | 2028131 | INFO | queue[0007] trial 23 fold 3 physics
2026-03-07 00:11:06,635 | 2028131 | INFO | queue[0008] trial 23 fold 4 physics
2026-03-07 00:11:06,635 | 2028131 | INFO | queue[0009] trial 23 fold 5 physics
2026-03-07 00:11:06,635 | 2028131 | INFO | queue[0010] trial 24 fold 1 physics
2026-03-07 00:11:06,635 | 2028131 | INFO | queue[0011] trial 24 fold 2 physics
2026-03-07 00:11:06,635 | 2028131 | INFO | queue[0012] trial 24 fold 3 physics
2026-03-07 00:11:06,636 | 2028131 | INFO | queue[0013] trial 24 fold 4 physics
2026-03-07 00:11:06,636 | 2028131 | INFO | queue[0014] trial 24 fold 5 physics
2026-03-07 00:11:06,636 | 2028131 | INFO | queue[0015] trial 25 fold 1 physics
2026-03-07 00:11:06,636 | 2028131 | INFO | queue[0016] trial 25 fold 2 physics
2026-03-07 00:11:06,636 | 2028131 | INFO | queue[0017] trial 25 fold 3 physics
2026-03-07 00:11:06,636 | 2028131 | INFO | queue[0018] trial 25 fold 4 physics
2026-03-07 00:11:06,636 | 2028131 | INFO | queue[0019] trial 25 fold 5 physics
2026-03-07 00:11:06,636 | 2028131 | INFO | queue[0020] trial 26 fold 1 physics
2026-03-07 00:11:06,636 | 2028131 | INFO | queue[0021] trial 26 fold 2 physics
2026-03-07 00:11:06,636 | 2028131 | INFO | queue[0022] trial 26 fold 3 physics
2026-03-07 00:11:06,637 | 2028131 | INFO | queue[0023] trial 26 fold 4 physics
2026-03-07 00:11:06,637 | 2028131 | INFO | queue[0024] trial 26 fold 5 physics
2026-03-07 00:11:06,637 | 2028131 | INFO | queue[0025] trial 27 fold 1 physics
2026-03-07 00:11:06,637 | 2028131 | INFO | queue[0026] trial 27 fold 2 physics
2026-03-07 00:11:06,637 | 2028131 | INFO | queue[0027] trial 27 fold 3 physics
2026-03-07 00:11:06,637 | 2028131 | INFO | queue[0028] trial 27 fold 4 physics
2026-03-07 00:11:06,637 | 2028131 | INFO | queue[0029] trial 27 fold 5 physics
2026-03-07 00:11:06,637 | 2028131 | INFO | queue[0030] trial 28 fold 1 physics
2026-03-07 00:11:06,637 | 2028131 | INFO | queue[0031] trial 28 fold 2 physics
2026-03-07 00:11:06,638 | 2028131 | INFO | queue[0032] trial 28 fold 3 physics
2026-03-07 00:11:06,638 | 2028131 | INFO | queue[0033] trial 28 fold 4 physics
2026-03-07 00:11:06,638 | 2028131 | INFO | queue[0034] trial 28 fold 5 physics
2026-03-07 00:11:06,638 | 2028131 | INFO | queue[0035] trial 29 fold 1 physics
2026-03-07 00:11:06,638 | 2028131 | INFO | queue[0036] trial 29 fold 2 physics
2026-03-07 00:11:06,638 | 2028131 | INFO | queue[0037] trial 29 fold 3 physics
2026-03-07 00:11:06,638 | 2028131 | INFO | queue[0038] trial 29 fold 4 physics
2026-03-07 00:11:06,638 | 2028131 | INFO | queue[0039] trial 29 fold 5 physics
2026-03-07 00:11:06,638 | 2028131 | INFO | queue[0040] trial 30 fold 1 physics
2026-03-07 00:11:06,638 | 2028131 | INFO | queue[0041] trial 30 fold 2 physics
2026-03-07 00:11:06,639 | 2028131 | INFO | queue[0042] trial 30 fold 3 physics
2026-03-07 00:11:06,639 | 2028131 | INFO | queue[0043] trial 30 fold 4 physics
2026-03-07 00:11:06,639 | 2028131 | INFO | queue[0044] trial 30 fold 5 physics
2026-03-07 00:11:06,639 | 2028131 | INFO | queue[0045] trial 31 fold 1 physics
2026-03-07 00:11:06,639 | 2028131 | INFO | queue[0046] trial 31 fold 2 physics
2026-03-07 00:11:06,639 | 2028131 | INFO | queue[0047] trial 31 fold 3 physics
2026-03-07 00:11:06,639 | 2028131 | INFO | queue[0048] trial 31 fold 4 physics
2026-03-07 00:11:06,639 | 2028131 | INFO | queue[0049] trial 31 fold 5 physics
2026-03-07 00:11:06,639 | 2028131 | INFO | queue[0050] trial 32 fold 1 physics
2026-03-07 00:11:06,639 | 2028131 | INFO | queue[0051] trial 32 fold 2 physics
2026-03-07 00:11:06,640 | 2028131 | INFO | queue[0052] trial 32 fold 3 physics
2026-03-07 00:11:06,640 | 2028131 | INFO | queue[0053] trial 32 fold 4 physics
2026-03-07 00:11:06,640 | 2028131 | INFO | queue[0054] trial 32 fold 5 physics
2026-03-07 00:11:06,640 | 2028131 | INFO | queue[0055] trial 33 fold 1 physics
2026-03-07 00:11:06,640 | 2028131 | INFO | queue[0056] trial 33 fold 2 physics
2026-03-07 00:11:06,640 | 2028131 | INFO | queue[0057] trial 33 fold 3 physics
2026-03-07 00:11:06,640 | 2028131 | INFO | queue[0058] trial 33 fold 4 physics
2026-03-07 00:11:06,640 | 2028131 | INFO | queue[0059] trial 33 fold 5 physics
2026-03-07 00:11:06,640 | 2028131 | INFO | [END BAYES QUEUE]
2026-03-07 00:19:46,153 | 2028131 | INFO | [TRIAL COMPLETE] trial 18 physics NSE_1D=0.90792 NSE_1H=0.83688
2026-03-07 00:19:46,449 | 2028131 | INFO | [ENQUEUE TRIAL] trial 34 physics
2026-03-07 00:19:46,450 | 2028131 | INFO | [BAYES QUEUE STATE]
2026-03-07 00:19:46,450 | 2028131 | INFO | pending_jobs = 51
2026-03-07 00:19:46,450 | 2028131 | INFO | inflight_trials = [0, 5, 6, 8, 9, 12, 13, 14, 15, 16, 18, 19, 20, 21, 22, 23, 24, 25, 26, 27, 28, 29, 30, 31, 32, 33]
2026-03-07 00:19:46,450 | 2028131 | INFO | queue[0000] trial 24 fold 5 physics
2026-03-07 00:19:46,450 | 2028131 | INFO | queue[0001] trial 25 fold 1 physics
2026-03-07 00:19:46,450 | 2028131 | INFO | queue[0002] trial 25 fold 2 physics
2026-03-07 00:19:46,450 | 2028131 | INFO | queue[0003] trial 25 fold 3 physics
2026-03-07 00:19:46,450 | 2028131 | INFO | queue[0004] trial 25 fold 4 physics
2026-03-07 00:19:46,450 | 2028131 | INFO | queue[0005] trial 25 fold 5 physics
2026-03-07 00:19:46,451 | 2028131 | INFO | queue[0006] trial 26 fold 1 physics
2026-03-07 00:19:46,451 | 2028131 | INFO | queue[0007] trial 26 fold 2 physics
2026-03-07 00:19:46,451 | 2028131 | INFO | queue[0008] trial 26 fold 3 physics
2026-03-07 00:19:46,451 | 2028131 | INFO | queue[0009] trial 26 fold 4 physics
2026-03-07 00:19:46,451 | 2028131 | INFO | queue[0010] trial 26 fold 5 physics
2026-03-07 00:19:46,451 | 2028131 | INFO | queue[0011] trial 27 fold 1 physics
2026-03-07 00:19:46,451 | 2028131 | INFO | queue[0012] trial 27 fold 2 physics
2026-03-07 00:19:46,451 | 2028131 | INFO | queue[0013] trial 27 fold 3 physics
2026-03-07 00:19:46,451 | 2028131 | INFO | queue[0014] trial 27 fold 4 physics
2026-03-07 00:19:46,452 | 2028131 | INFO | queue[0015] trial 27 fold 5 physics
2026-03-07 00:19:46,452 | 2028131 | INFO | queue[0016] trial 28 fold 1 physics
2026-03-07 00:19:46,452 | 2028131 | INFO | queue[0017] trial 28 fold 2 physics
2026-03-07 00:19:46,452 | 2028131 | INFO | queue[0018] trial 28 fold 3 physics
2026-03-07 00:19:46,452 | 2028131 | INFO | queue[0019] trial 28 fold 4 physics
2026-03-07 00:19:46,452 | 2028131 | INFO | queue[0020] trial 28 fold 5 physics
2026-03-07 00:19:46,452 | 2028131 | INFO | queue[0021] trial 29 fold 1 physics
2026-03-07 00:19:46,452 | 2028131 | INFO | queue[0022] trial 29 fold 2 physics
2026-03-07 00:19:46,452 | 2028131 | INFO | queue[0023] trial 29 fold 3 physics
2026-03-07 00:19:46,453 | 2028131 | INFO | queue[0024] trial 29 fold 4 physics
2026-03-07 00:19:46,453 | 2028131 | INFO | queue[0025] trial 29 fold 5 physics
2026-03-07 00:19:46,453 | 2028131 | INFO | queue[0026] trial 30 fold 1 physics
2026-03-07 00:19:46,453 | 2028131 | INFO | queue[0027] trial 30 fold 2 physics
2026-03-07 00:19:46,453 | 2028131 | INFO | queue[0028] trial 30 fold 3 physics
2026-03-07 00:19:46,453 | 2028131 | INFO | queue[0029] trial 30 fold 4 physics
2026-03-07 00:19:46,453 | 2028131 | INFO | queue[0030] trial 30 fold 5 physics
2026-03-07 00:19:46,453 | 2028131 | INFO | queue[0031] trial 31 fold 1 physics
2026-03-07 00:19:46,453 | 2028131 | INFO | queue[0032] trial 31 fold 2 physics
2026-03-07 00:19:46,454 | 2028131 | INFO | queue[0033] trial 31 fold 3 physics
2026-03-07 00:19:46,454 | 2028131 | INFO | queue[0034] trial 31 fold 4 physics
2026-03-07 00:19:46,454 | 2028131 | INFO | queue[0035] trial 31 fold 5 physics
2026-03-07 00:19:46,454 | 2028131 | INFO | queue[0036] trial 32 fold 1 physics
2026-03-07 00:19:46,454 | 2028131 | INFO | queue[0037] trial 32 fold 2 physics
2026-03-07 00:19:46,454 | 2028131 | INFO | queue[0038] trial 32 fold 3 physics
2026-03-07 00:19:46,454 | 2028131 | INFO | queue[0039] trial 32 fold 4 physics
2026-03-07 00:19:46,454 | 2028131 | INFO | queue[0040] trial 32 fold 5 physics
2026-03-07 00:19:46,454 | 2028131 | INFO | queue[0041] trial 33 fold 1 physics
2026-03-07 00:19:46,455 | 2028131 | INFO | queue[0042] trial 33 fold 2 physics
2026-03-07 00:19:46,455 | 2028131 | INFO | queue[0043] trial 33 fold 3 physics
2026-03-07 00:19:46,455 | 2028131 | INFO | queue[0044] trial 33 fold 4 physics
2026-03-07 00:19:46,455 | 2028131 | INFO | queue[0045] trial 33 fold 5 physics
2026-03-07 00:19:46,455 | 2028131 | INFO | queue[0046] trial 34 fold 1 physics
2026-03-07 00:19:46,455 | 2028131 | INFO | queue[0047] trial 34 fold 2 physics
2026-03-07 00:19:46,455 | 2028131 | INFO | queue[0048] trial 34 fold 3 physics
2026-03-07 00:19:46,455 | 2028131 | INFO | queue[0049] trial 34 fold 4 physics
2026-03-07 00:19:46,455 | 2028131 | INFO | queue[0050] trial 34 fold 5 physics
2026-03-07 00:19:46,456 | 2028131 | INFO | [END BAYES QUEUE]
2026-03-07 00:19:46,740 | 2028131 | INFO | [ENQUEUE TRIAL] trial 35 physics
2026-03-07 00:19:46,740 | 2028131 | INFO | [BAYES QUEUE STATE]
2026-03-07 00:19:46,740 | 2028131 | INFO | pending_jobs = 56
2026-03-07 00:19:46,741 | 2028131 | INFO | inflight_trials = [0, 5, 6, 8, 9, 12, 13, 14, 15, 16, 18, 19, 20, 21, 22, 23, 24, 25, 26, 27, 28, 29, 30, 31, 32, 33, 34]
2026-03-07 00:19:46,741 | 2028131 | INFO | queue[0000] trial 24 fold 5 physics
2026-03-07 00:19:46,741 | 2028131 | INFO | queue[0001] trial 25 fold 1 physics
2026-03-07 00:19:46,741 | 2028131 | INFO | queue[0002] trial 25 fold 2 physics
2026-03-07 00:19:46,741 | 2028131 | INFO | queue[0003] trial 25 fold 3 physics
2026-03-07 00:19:46,741 | 2028131 | INFO | queue[0004] trial 25 fold 4 physics
2026-03-07 00:19:46,741 | 2028131 | INFO | queue[0005] trial 25 fold 5 physics
2026-03-07 00:19:46,741 | 2028131 | INFO | queue[0006] trial 26 fold 1 physics
2026-03-07 00:19:46,741 | 2028131 | INFO | queue[0007] trial 26 fold 2 physics
2026-03-07 00:19:46,742 | 2028131 | INFO | queue[0008] trial 26 fold 3 physics
2026-03-07 00:19:46,742 | 2028131 | INFO | queue[0009] trial 26 fold 4 physics
2026-03-07 00:19:46,742 | 2028131 | INFO | queue[0010] trial 26 fold 5 physics
2026-03-07 00:19:46,742 | 2028131 | INFO | queue[0011] trial 27 fold 1 physics
2026-03-07 00:19:46,742 | 2028131 | INFO | queue[0012] trial 27 fold 2 physics
2026-03-07 00:19:46,742 | 2028131 | INFO | queue[0013] trial 27 fold 3 physics
2026-03-07 00:19:46,742 | 2028131 | INFO | queue[0014] trial 27 fold 4 physics
2026-03-07 00:19:46,742 | 2028131 | INFO | queue[0015] trial 27 fold 5 physics
2026-03-07 00:19:46,742 | 2028131 | INFO | queue[0016] trial 28 fold 1 physics
2026-03-07 00:19:46,742 | 2028131 | INFO | queue[0017] trial 28 fold 2 physics
2026-03-07 00:19:46,743 | 2028131 | INFO | queue[0018] trial 28 fold 3 physics
2026-03-07 00:19:46,743 | 2028131 | INFO | queue[0019] trial 28 fold 4 physics
2026-03-07 00:19:46,743 | 2028131 | INFO | queue[0020] trial 28 fold 5 physics
2026-03-07 00:19:46,743 | 2028131 | INFO | queue[0021] trial 29 fold 1 physics
2026-03-07 00:19:46,743 | 2028131 | INFO | queue[0022] trial 29 fold 2 physics
2026-03-07 00:19:46,743 | 2028131 | INFO | queue[0023] trial 29 fold 3 physics
2026-03-07 00:19:46,743 | 2028131 | INFO | queue[0024] trial 29 fold 4 physics
2026-03-07 00:19:46,743 | 2028131 | INFO | queue[0025] trial 29 fold 5 physics
2026-03-07 00:19:46,743 | 2028131 | INFO | queue[0026] trial 30 fold 1 physics
2026-03-07 00:19:46,744 | 2028131 | INFO | queue[0027] trial 30 fold 2 physics
2026-03-07 00:19:46,744 | 2028131 | INFO | queue[0028] trial 30 fold 3 physics
2026-03-07 00:19:46,744 | 2028131 | INFO | queue[0029] trial 30 fold 4 physics
2026-03-07 00:19:46,744 | 2028131 | INFO | queue[0030] trial 30 fold 5 physics
2026-03-07 00:19:46,744 | 2028131 | INFO | queue[0031] trial 31 fold 1 physics
2026-03-07 00:19:46,744 | 2028131 | INFO | queue[0032] trial 31 fold 2 physics
2026-03-07 00:19:46,744 | 2028131 | INFO | queue[0033] trial 31 fold 3 physics
2026-03-07 00:19:46,745 | 2028131 | INFO | queue[0034] trial 31 fold 4 physics
2026-03-07 00:19:46,745 | 2028131 | INFO | queue[0035] trial 31 fold 5 physics
2026-03-07 00:19:46,745 | 2028131 | INFO | queue[0036] trial 32 fold 1 physics
2026-03-07 00:19:46,745 | 2028131 | INFO | queue[0037] trial 32 fold 2 physics
2026-03-07 00:19:46,745 | 2028131 | INFO | queue[0038] trial 32 fold 3 physics
2026-03-07 00:19:46,745 | 2028131 | INFO | queue[0039] trial 32 fold 4 physics
2026-03-07 00:19:46,745 | 2028131 | INFO | queue[0040] trial 32 fold 5 physics
2026-03-07 00:19:46,745 | 2028131 | INFO | queue[0041] trial 33 fold 1 physics
2026-03-07 00:19:46,745 | 2028131 | INFO | queue[0042] trial 33 fold 2 physics
2026-03-07 00:19:46,745 | 2028131 | INFO | queue[0043] trial 33 fold 3 physics
2026-03-07 00:19:46,746 | 2028131 | INFO | queue[0044] trial 33 fold 4 physics
2026-03-07 00:19:46,746 | 2028131 | INFO | queue[0045] trial 33 fold 5 physics
2026-03-07 00:19:46,746 | 2028131 | INFO | queue[0046] trial 34 fold 1 physics
2026-03-07 00:19:46,746 | 2028131 | INFO | queue[0047] trial 34 fold 2 physics
2026-03-07 00:19:46,746 | 2028131 | INFO | queue[0048] trial 34 fold 3 physics
2026-03-07 00:19:46,746 | 2028131 | INFO | queue[0049] trial 34 fold 4 physics
2026-03-07 00:19:46,746 | 2028131 | INFO | queue[0050] trial 34 fold 5 physics
2026-03-07 00:19:46,746 | 2028131 | INFO | queue[0051] trial 35 fold 1 physics
2026-03-07 00:19:46,746 | 2028131 | INFO | queue[0052] trial 35 fold 2 physics
2026-03-07 00:19:46,747 | 2028131 | INFO | queue[0053] trial 35 fold 3 physics
2026-03-07 00:19:46,747 | 2028131 | INFO | queue[0054] trial 35 fold 4 physics
2026-03-07 00:19:46,747 | 2028131 | INFO | queue[0055] trial 35 fold 5 physics
2026-03-07 00:19:46,747 | 2028131 | INFO | [END BAYES QUEUE]
2026-03-07 00:27:53,237 | 2028131 | INFO | [TRIAL COMPLETE] trial 17 physics NSE_1D=0.89255 NSE_1H=0.84010
2026-03-07 00:27:53,525 | 2028131 | INFO | [ENQUEUE TRIAL] trial 36 physics
2026-03-07 00:27:53,525 | 2028131 | INFO | [BAYES QUEUE STATE]
2026-03-07 00:27:53,525 | 2028131 | INFO | pending_jobs = 49
2026-03-07 00:27:53,526 | 2028131 | INFO | inflight_trials = [0, 5, 6, 8, 9, 12, 13, 14, 15, 18, 19, 20, 21, 22, 23, 24, 25, 26, 27, 28, 29, 30, 31, 32, 33, 34, 35]
2026-03-07 00:27:53,526 | 2028131 | INFO | queue[0000] trial 27 fold 2 physics
2026-03-07 00:27:53,526 | 2028131 | INFO | queue[0001] trial 27 fold 3 physics
2026-03-07 00:27:53,526 | 2028131 | INFO | queue[0002] trial 27 fold 4 physics
2026-03-07 00:27:53,526 | 2028131 | INFO | queue[0003] trial 27 fold 5 physics
2026-03-07 00:27:53,526 | 2028131 | INFO | queue[0004] trial 28 fold 1 physics
2026-03-07 00:27:53,526 | 2028131 | INFO | queue[0005] trial 28 fold 2 physics
2026-03-07 00:27:53,526 | 2028131 | INFO | queue[0006] trial 28 fold 3 physics
2026-03-07 00:27:53,526 | 2028131 | INFO | queue[0007] trial 28 fold 4 physics
2026-03-07 00:27:53,527 | 2028131 | INFO | queue[0008] trial 28 fold 5 physics
2026-03-07 00:27:53,527 | 2028131 | INFO | queue[0009] trial 29 fold 1 physics
2026-03-07 00:27:53,527 | 2028131 | INFO | queue[0010] trial 29 fold 2 physics
2026-03-07 00:27:53,527 | 2028131 | INFO | queue[0011] trial 29 fold 3 physics
2026-03-07 00:27:53,527 | 2028131 | INFO | queue[0012] trial 29 fold 4 physics
2026-03-07 00:27:53,527 | 2028131 | INFO | queue[0013] trial 29 fold 5 physics
2026-03-07 00:27:53,527 | 2028131 | INFO | queue[0014] trial 30 fold 1 physics
2026-03-07 00:27:53,527 | 2028131 | INFO | queue[0015] trial 30 fold 2 physics
2026-03-07 00:27:53,527 | 2028131 | INFO | queue[0016] trial 30 fold 3 physics
2026-03-07 00:27:53,528 | 2028131 | INFO | queue[0017] trial 30 fold 4 physics
2026-03-07 00:27:53,528 | 2028131 | INFO | queue[0018] trial 30 fold 5 physics
2026-03-07 00:27:53,528 | 2028131 | INFO | queue[0019] trial 31 fold 1 physics
2026-03-07 00:27:53,528 | 2028131 | INFO | queue[0020] trial 31 fold 2 physics
2026-03-07 00:27:53,528 | 2028131 | INFO | queue[0021] trial 31 fold 3 physics
2026-03-07 00:27:53,528 | 2028131 | INFO | queue[0022] trial 31 fold 4 physics
2026-03-07 00:27:53,528 | 2028131 | INFO | queue[0023] trial 31 fold 5 physics
2026-03-07 00:27:53,528 | 2028131 | INFO | queue[0024] trial 32 fold 1 physics
2026-03-07 00:27:53,529 | 2028131 | INFO | queue[0025] trial 32 fold 2 physics
2026-03-07 00:27:53,529 | 2028131 | INFO | queue[0026] trial 32 fold 3 physics
2026-03-07 00:27:53,529 | 2028131 | INFO | queue[0027] trial 32 fold 4 physics
2026-03-07 00:27:53,529 | 2028131 | INFO | queue[0028] trial 32 fold 5 physics
2026-03-07 00:27:53,529 | 2028131 | INFO | queue[0029] trial 33 fold 1 physics
2026-03-07 00:27:53,529 | 2028131 | INFO | queue[0030] trial 33 fold 2 physics
2026-03-07 00:27:53,529 | 2028131 | INFO | queue[0031] trial 33 fold 3 physics
2026-03-07 00:27:53,529 | 2028131 | INFO | queue[0032] trial 33 fold 4 physics
2026-03-07 00:27:53,529 | 2028131 | INFO | queue[0033] trial 33 fold 5 physics
2026-03-07 00:27:53,529 | 2028131 | INFO | queue[0034] trial 34 fold 1 physics
2026-03-07 00:27:53,530 | 2028131 | INFO | queue[0035] trial 34 fold 2 physics
2026-03-07 00:27:53,530 | 2028131 | INFO | queue[0036] trial 34 fold 3 physics
2026-03-07 00:27:53,530 | 2028131 | INFO | queue[0037] trial 34 fold 4 physics
2026-03-07 00:27:53,530 | 2028131 | INFO | queue[0038] trial 34 fold 5 physics
2026-03-07 00:27:53,530 | 2028131 | INFO | queue[0039] trial 35 fold 1 physics
2026-03-07 00:27:53,530 | 2028131 | INFO | queue[0040] trial 35 fold 2 physics
2026-03-07 00:27:53,530 | 2028131 | INFO | queue[0041] trial 35 fold 3 physics
2026-03-07 00:27:53,530 | 2028131 | INFO | queue[0042] trial 35 fold 4 physics
2026-03-07 00:27:53,531 | 2028131 | INFO | queue[0043] trial 35 fold 5 physics
2026-03-07 00:27:53,531 | 2028131 | INFO | queue[0044] trial 36 fold 1 physics
2026-03-07 00:27:53,531 | 2028131 | INFO | queue[0045] trial 36 fold 2 physics
2026-03-07 00:27:53,531 | 2028131 | INFO | queue[0046] trial 36 fold 3 physics
2026-03-07 00:27:53,531 | 2028131 | INFO | queue[0047] trial 36 fold 4 physics
2026-03-07 00:27:53,531 | 2028131 | INFO | queue[0048] trial 36 fold 5 physics
2026-03-07 00:27:53,531 | 2028131 | INFO | [END BAYES QUEUE]
2026-03-07 00:27:53,812 | 2028131 | INFO | [ENQUEUE TRIAL] trial 37 physics
2026-03-07 00:27:53,812 | 2028131 | INFO | [BAYES QUEUE STATE]
2026-03-07 00:27:53,812 | 2028131 | INFO | pending_jobs = 54
2026-03-07 00:27:53,812 | 2028131 | INFO | inflight_trials = [0, 5, 6, 8, 9, 12, 13, 14, 15, 18, 19, 20, 21, 22, 23, 24, 25, 26, 27, 28, 29, 30, 31, 32, 33, 34, 35, 36]
2026-03-07 00:27:53,812 | 2028131 | INFO | queue[0000] trial 27 fold 2 physics
2026-03-07 00:27:53,813 | 2028131 | INFO | queue[0001] trial 27 fold 3 physics
2026-03-07 00:27:53,813 | 2028131 | INFO | queue[0002] trial 27 fold 4 physics
2026-03-07 00:27:53,813 | 2028131 | INFO | queue[0003] trial 27 fold 5 physics
2026-03-07 00:27:53,813 | 2028131 | INFO | queue[0004] trial 28 fold 1 physics
2026-03-07 00:27:53,813 | 2028131 | INFO | queue[0005] trial 28 fold 2 physics
2026-03-07 00:27:53,813 | 2028131 | INFO | queue[0006] trial 28 fold 3 physics
2026-03-07 00:27:53,813 | 2028131 | INFO | queue[0007] trial 28 fold 4 physics
2026-03-07 00:27:53,813 | 2028131 | INFO | queue[0008] trial 28 fold 5 physics
2026-03-07 00:27:53,813 | 2028131 | INFO | queue[0009] trial 29 fold 1 physics
2026-03-07 00:27:53,813 | 2028131 | INFO | queue[0010] trial 29 fold 2 physics
2026-03-07 00:27:53,814 | 2028131 | INFO | queue[0011] trial 29 fold 3 physics
2026-03-07 00:27:53,814 | 2028131 | INFO | queue[0012] trial 29 fold 4 physics
2026-03-07 00:27:53,814 | 2028131 | INFO | queue[0013] trial 29 fold 5 physics
2026-03-07 00:27:53,814 | 2028131 | INFO | queue[0014] trial 30 fold 1 physics
2026-03-07 00:27:53,814 | 2028131 | INFO | queue[0015] trial 30 fold 2 physics
2026-03-07 00:27:53,814 | 2028131 | INFO | queue[0016] trial 30 fold 3 physics
2026-03-07 00:27:53,814 | 2028131 | INFO | queue[0017] trial 30 fold 4 physics
2026-03-07 00:27:53,814 | 2028131 | INFO | queue[0018] trial 30 fold 5 physics
2026-03-07 00:27:53,814 | 2028131 | INFO | queue[0019] trial 31 fold 1 physics
2026-03-07 00:27:53,815 | 2028131 | INFO | queue[0020] trial 31 fold 2 physics
2026-03-07 00:27:53,815 | 2028131 | INFO | queue[0021] trial 31 fold 3 physics
2026-03-07 00:27:53,815 | 2028131 | INFO | queue[0022] trial 31 fold 4 physics
2026-03-07 00:27:53,815 | 2028131 | INFO | queue[0023] trial 31 fold 5 physics
2026-03-07 00:27:53,815 | 2028131 | INFO | queue[0024] trial 32 fold 1 physics
2026-03-07 00:27:53,815 | 2028131 | INFO | queue[0025] trial 32 fold 2 physics
2026-03-07 00:27:53,815 | 2028131 | INFO | queue[0026] trial 32 fold 3 physics
2026-03-07 00:27:53,815 | 2028131 | INFO | queue[0027] trial 32 fold 4 physics
2026-03-07 00:27:53,815 | 2028131 | INFO | queue[0028] trial 32 fold 5 physics
2026-03-07 00:27:53,816 | 2028131 | INFO | queue[0029] trial 33 fold 1 physics
2026-03-07 00:27:53,816 | 2028131 | INFO | queue[0030] trial 33 fold 2 physics
2026-03-07 00:27:53,816 | 2028131 | INFO | queue[0031] trial 33 fold 3 physics
2026-03-07 00:27:53,816 | 2028131 | INFO | queue[0032] trial 33 fold 4 physics
2026-03-07 00:27:53,816 | 2028131 | INFO | queue[0033] trial 33 fold 5 physics
2026-03-07 00:27:53,816 | 2028131 | INFO | queue[0034] trial 34 fold 1 physics
2026-03-07 00:27:53,816 | 2028131 | INFO | queue[0035] trial 34 fold 2 physics
2026-03-07 00:27:53,816 | 2028131 | INFO | queue[0036] trial 34 fold 3 physics
2026-03-07 00:27:53,817 | 2028131 | INFO | queue[0037] trial 34 fold 4 physics
2026-03-07 00:27:53,817 | 2028131 | INFO | queue[0038] trial 34 fold 5 physics
2026-03-07 00:27:53,817 | 2028131 | INFO | queue[0039] trial 35 fold 1 physics
2026-03-07 00:27:53,817 | 2028131 | INFO | queue[0040] trial 35 fold 2 physics
2026-03-07 00:27:53,817 | 2028131 | INFO | queue[0041] trial 35 fold 3 physics
2026-03-07 00:27:53,817 | 2028131 | INFO | queue[0042] trial 35 fold 4 physics
2026-03-07 00:27:53,817 | 2028131 | INFO | queue[0043] trial 35 fold 5 physics
2026-03-07 00:27:53,817 | 2028131 | INFO | queue[0044] trial 36 fold 1 physics
2026-03-07 00:27:53,817 | 2028131 | INFO | queue[0045] trial 36 fold 2 physics
2026-03-07 00:27:53,818 | 2028131 | INFO | queue[0046] trial 36 fold 3 physics
2026-03-07 00:27:53,818 | 2028131 | INFO | queue[0047] trial 36 fold 4 physics
2026-03-07 00:27:53,818 | 2028131 | INFO | queue[0048] trial 36 fold 5 physics
2026-03-07 00:27:53,818 | 2028131 | INFO | queue[0049] trial 37 fold 1 physics
2026-03-07 00:27:53,818 | 2028131 | INFO | queue[0050] trial 37 fold 2 physics
2026-03-07 00:27:53,818 | 2028131 | INFO | queue[0051] trial 37 fold 3 physics
2026-03-07 00:27:53,818 | 2028131 | INFO | queue[0052] trial 37 fold 4 physics
2026-03-07 00:27:53,818 | 2028131 | INFO | queue[0053] trial 37 fold 5 physics
2026-03-07 00:27:53,818 | 2028131 | INFO | [END BAYES QUEUE]
2026-03-07 00:27:54,140 | 2028131 | INFO | [ENQUEUE TRIAL] trial 38 physics
2026-03-07 00:27:54,141 | 2028131 | INFO | [BAYES QUEUE STATE]
2026-03-07 00:27:54,141 | 2028131 | INFO | pending_jobs = 59
2026-03-07 00:27:54,141 | 2028131 | INFO | inflight_trials = [0, 5, 6, 8, 9, 12, 13, 14, 15, 18, 19, 20, 21, 22, 23, 24, 25, 26, 27, 28, 29, 30, 31, 32, 33, 34, 35, 36, 37]
2026-03-07 00:27:54,141 | 2028131 | INFO | queue[0000] trial 27 fold 2 physics
2026-03-07 00:27:54,141 | 2028131 | INFO | queue[0001] trial 27 fold 3 physics
2026-03-07 00:27:54,141 | 2028131 | INFO | queue[0002] trial 27 fold 4 physics
2026-03-07 00:27:54,142 | 2028131 | INFO | queue[0003] trial 27 fold 5 physics
2026-03-07 00:27:54,142 | 2028131 | INFO | queue[0004] trial 28 fold 1 physics
2026-03-07 00:27:54,142 | 2028131 | INFO | queue[0005] trial 28 fold 2 physics
2026-03-07 00:27:54,142 | 2028131 | INFO | queue[0006] trial 28 fold 3 physics
2026-03-07 00:27:54,142 | 2028131 | INFO | queue[0007] trial 28 fold 4 physics
2026-03-07 00:27:54,142 | 2028131 | INFO | queue[0008] trial 28 fold 5 physics
2026-03-07 00:27:54,142 | 2028131 | INFO | queue[0009] trial 29 fold 1 physics
2026-03-07 00:27:54,142 | 2028131 | INFO | queue[0010] trial 29 fold 2 physics
2026-03-07 00:27:54,142 | 2028131 | INFO | queue[0011] trial 29 fold 3 physics
2026-03-07 00:27:54,142 | 2028131 | INFO | queue[0012] trial 29 fold 4 physics
2026-03-07 00:27:54,143 | 2028131 | INFO | queue[0013] trial 29 fold 5 physics
2026-03-07 00:27:54,143 | 2028131 | INFO | queue[0014] trial 30 fold 1 physics
2026-03-07 00:27:54,143 | 2028131 | INFO | queue[0015] trial 30 fold 2 physics
2026-03-07 00:27:54,143 | 2028131 | INFO | queue[0016] trial 30 fold 3 physics
2026-03-07 00:27:54,143 | 2028131 | INFO | queue[0017] trial 30 fold 4 physics
2026-03-07 00:27:54,143 | 2028131 | INFO | queue[0018] trial 30 fold 5 physics
2026-03-07 00:27:54,143 | 2028131 | INFO | queue[0019] trial 31 fold 1 physics
2026-03-07 00:27:54,143 | 2028131 | INFO | queue[0020] trial 31 fold 2 physics
2026-03-07 00:27:54,143 | 2028131 | INFO | queue[0021] trial 31 fold 3 physics
2026-03-07 00:27:54,143 | 2028131 | INFO | queue[0022] trial 31 fold 4 physics
2026-03-07 00:27:54,144 | 2028131 | INFO | queue[0023] trial 31 fold 5 physics
2026-03-07 00:27:54,144 | 2028131 | INFO | queue[0024] trial 32 fold 1 physics
2026-03-07 00:27:54,144 | 2028131 | INFO | queue[0025] trial 32 fold 2 physics
2026-03-07 00:27:54,144 | 2028131 | INFO | queue[0026] trial 32 fold 3 physics
2026-03-07 00:27:54,144 | 2028131 | INFO | queue[0027] trial 32 fold 4 physics
2026-03-07 00:27:54,144 | 2028131 | INFO | queue[0028] trial 32 fold 5 physics
2026-03-07 00:27:54,144 | 2028131 | INFO | queue[0029] trial 33 fold 1 physics
2026-03-07 00:27:54,144 | 2028131 | INFO | queue[0030] trial 33 fold 2 physics
2026-03-07 00:27:54,144 | 2028131 | INFO | queue[0031] trial 33 fold 3 physics
2026-03-07 00:27:54,145 | 2028131 | INFO | queue[0032] trial 33 fold 4 physics
2026-03-07 00:27:54,145 | 2028131 | INFO | queue[0033] trial 33 fold 5 physics
2026-03-07 00:27:54,145 | 2028131 | INFO | queue[0034] trial 34 fold 1 physics
2026-03-07 00:27:54,145 | 2028131 | INFO | queue[0035] trial 34 fold 2 physics
2026-03-07 00:27:54,145 | 2028131 | INFO | queue[0036] trial 34 fold 3 physics
2026-03-07 00:27:54,145 | 2028131 | INFO | queue[0037] trial 34 fold 4 physics
2026-03-07 00:27:54,145 | 2028131 | INFO | queue[0038] trial 34 fold 5 physics
2026-03-07 00:27:54,145 | 2028131 | INFO | queue[0039] trial 35 fold 1 physics
2026-03-07 00:27:54,145 | 2028131 | INFO | queue[0040] trial 35 fold 2 physics
2026-03-07 00:27:54,145 | 2028131 | INFO | queue[0041] trial 35 fold 3 physics
2026-03-07 00:27:54,146 | 2028131 | INFO | queue[0042] trial 35 fold 4 physics
2026-03-07 00:27:54,146 | 2028131 | INFO | queue[0043] trial 35 fold 5 physics
2026-03-07 00:27:54,146 | 2028131 | INFO | queue[0044] trial 36 fold 1 physics
2026-03-07 00:27:54,146 | 2028131 | INFO | queue[0045] trial 36 fold 2 physics
2026-03-07 00:27:54,146 | 2028131 | INFO | queue[0046] trial 36 fold 3 physics
2026-03-07 00:27:54,146 | 2028131 | INFO | queue[0047] trial 36 fold 4 physics
2026-03-07 00:27:54,146 | 2028131 | INFO | queue[0048] trial 36 fold 5 physics
2026-03-07 00:27:54,146 | 2028131 | INFO | queue[0049] trial 37 fold 1 physics
2026-03-07 00:27:54,146 | 2028131 | INFO | queue[0050] trial 37 fold 2 physics
2026-03-07 00:27:54,146 | 2028131 | INFO | queue[0051] trial 37 fold 3 physics
2026-03-07 00:27:54,147 | 2028131 | INFO | queue[0052] trial 37 fold 4 physics
2026-03-07 00:27:54,147 | 2028131 | INFO | queue[0053] trial 37 fold 5 physics
2026-03-07 00:27:54,147 | 2028131 | INFO | queue[0054] trial 38 fold 1 physics
2026-03-07 00:27:54,147 | 2028131 | INFO | queue[0055] trial 38 fold 2 physics
2026-03-07 00:27:54,147 | 2028131 | INFO | queue[0056] trial 38 fold 3 physics
2026-03-07 00:27:54,147 | 2028131 | INFO | queue[0057] trial 38 fold 4 physics
2026-03-07 00:27:54,147 | 2028131 | INFO | queue[0058] trial 38 fold 5 physics
2026-03-07 00:27:54,147 | 2028131 | INFO | [END BAYES QUEUE]
2026-03-07 00:28:06,404 | 2028131 | INFO | [TRIAL COMPLETE] trial 20 physics NSE_1D=0.90342 NSE_1H=0.85317
2026-03-07 00:32:42,458 | 2028131 | INFO | [TRIAL COMPLETE] trial 14 physics NSE_1D=0.88847 NSE_1H=0.85434
2026-03-07 00:32:42,759 | 2028131 | INFO | [ENQUEUE TRIAL] trial 39 physics
2026-03-07 00:32:42,760 | 2028131 | INFO | [BAYES QUEUE STATE]
2026-03-07 00:32:42,760 | 2028131 | INFO | pending_jobs = 60
2026-03-07 00:32:42,760 | 2028131 | INFO | inflight_trials = [0, 5, 6, 8, 9, 12, 14, 15, 18, 20, 21, 22, 23, 24, 25, 26, 27, 28, 29, 30, 31, 32, 33, 34, 35, 36, 37, 38]
2026-03-07 00:32:42,760 | 2028131 | INFO | queue[0000] trial 28 fold 1 physics
2026-03-07 00:32:42,760 | 2028131 | INFO | queue[0001] trial 28 fold 2 physics
2026-03-07 00:32:42,760 | 2028131 | INFO | queue[0002] trial 28 fold 3 physics
2026-03-07 00:32:42,760 | 2028131 | INFO | queue[0003] trial 28 fold 4 physics
2026-03-07 00:32:42,761 | 2028131 | INFO | queue[0004] trial 28 fold 5 physics
2026-03-07 00:32:42,761 | 2028131 | INFO | queue[0005] trial 29 fold 1 physics
2026-03-07 00:32:42,761 | 2028131 | INFO | queue[0006] trial 29 fold 2 physics
2026-03-07 00:32:42,761 | 2028131 | INFO | queue[0007] trial 29 fold 3 physics
2026-03-07 00:32:42,761 | 2028131 | INFO | queue[0008] trial 29 fold 4 physics
2026-03-07 00:32:42,761 | 2028131 | INFO | queue[0009] trial 29 fold 5 physics
2026-03-07 00:32:42,761 | 2028131 | INFO | queue[0010] trial 30 fold 1 physics
2026-03-07 00:32:42,761 | 2028131 | INFO | queue[0011] trial 30 fold 2 physics
2026-03-07 00:32:42,761 | 2028131 | INFO | queue[0012] trial 30 fold 3 physics
2026-03-07 00:32:42,762 | 2028131 | INFO | queue[0013] trial 30 fold 4 physics
2026-03-07 00:32:42,762 | 2028131 | INFO | queue[0014] trial 30 fold 5 physics
2026-03-07 00:32:42,762 | 2028131 | INFO | queue[0015] trial 31 fold 1 physics
2026-03-07 00:32:42,762 | 2028131 | INFO | queue[0016] trial 31 fold 2 physics
2026-03-07 00:32:42,762 | 2028131 | INFO | queue[0017] trial 31 fold 3 physics
2026-03-07 00:32:42,762 | 2028131 | INFO | queue[0018] trial 31 fold 4 physics
2026-03-07 00:32:42,762 | 2028131 | INFO | queue[0019] trial 31 fold 5 physics
2026-03-07 00:32:42,762 | 2028131 | INFO | queue[0020] trial 32 fold 1 physics
2026-03-07 00:32:42,762 | 2028131 | INFO | queue[0021] trial 32 fold 2 physics
2026-03-07 00:32:42,763 | 2028131 | INFO | queue[0022] trial 32 fold 3 physics
2026-03-07 00:32:42,763 | 2028131 | INFO | queue[0023] trial 32 fold 4 physics
2026-03-07 00:32:42,763 | 2028131 | INFO | queue[0024] trial 32 fold 5 physics
2026-03-07 00:32:42,763 | 2028131 | INFO | queue[0025] trial 33 fold 1 physics
2026-03-07 00:32:42,763 | 2028131 | INFO | queue[0026] trial 33 fold 2 physics
2026-03-07 00:32:42,763 | 2028131 | INFO | queue[0027] trial 33 fold 3 physics
2026-03-07 00:32:42,763 | 2028131 | INFO | queue[0028] trial 33 fold 4 physics
2026-03-07 00:32:42,763 | 2028131 | INFO | queue[0029] trial 33 fold 5 physics
2026-03-07 00:32:42,763 | 2028131 | INFO | queue[0030] trial 34 fold 1 physics
2026-03-07 00:32:42,763 | 2028131 | INFO | queue[0031] trial 34 fold 2 physics
2026-03-07 00:32:42,764 | 2028131 | INFO | queue[0032] trial 34 fold 3 physics
2026-03-07 00:32:42,764 | 2028131 | INFO | queue[0033] trial 34 fold 4 physics
2026-03-07 00:32:42,764 | 2028131 | INFO | queue[0034] trial 34 fold 5 physics
2026-03-07 00:32:42,764 | 2028131 | INFO | queue[0035] trial 35 fold 1 physics
2026-03-07 00:32:42,764 | 2028131 | INFO | queue[0036] trial 35 fold 2 physics
2026-03-07 00:32:42,764 | 2028131 | INFO | queue[0037] trial 35 fold 3 physics
2026-03-07 00:32:42,764 | 2028131 | INFO | queue[0038] trial 35 fold 4 physics
2026-03-07 00:32:42,764 | 2028131 | INFO | queue[0039] trial 35 fold 5 physics
2026-03-07 00:32:42,764 | 2028131 | INFO | queue[0040] trial 36 fold 1 physics
2026-03-07 00:32:42,765 | 2028131 | INFO | queue[0041] trial 36 fold 2 physics
2026-03-07 00:32:42,765 | 2028131 | INFO | queue[0042] trial 36 fold 3 physics
2026-03-07 00:32:42,765 | 2028131 | INFO | queue[0043] trial 36 fold 4 physics
2026-03-07 00:32:42,765 | 2028131 | INFO | queue[0044] trial 36 fold 5 physics
2026-03-07 00:32:42,765 | 2028131 | INFO | queue[0045] trial 37 fold 1 physics
2026-03-07 00:32:42,765 | 2028131 | INFO | queue[0046] trial 37 fold 2 physics
2026-03-07 00:32:42,765 | 2028131 | INFO | queue[0047] trial 37 fold 3 physics
2026-03-07 00:32:42,765 | 2028131 | INFO | queue[0048] trial 37 fold 4 physics
2026-03-07 00:32:42,765 | 2028131 | INFO | queue[0049] trial 37 fold 5 physics
2026-03-07 00:32:42,765 | 2028131 | INFO | queue[0050] trial 38 fold 1 physics
2026-03-07 00:32:42,766 | 2028131 | INFO | queue[0051] trial 38 fold 2 physics
2026-03-07 00:32:42,766 | 2028131 | INFO | queue[0052] trial 38 fold 3 physics
2026-03-07 00:32:42,766 | 2028131 | INFO | queue[0053] trial 38 fold 4 physics
2026-03-07 00:32:42,766 | 2028131 | INFO | queue[0054] trial 38 fold 5 physics
2026-03-07 00:32:42,766 | 2028131 | INFO | queue[0055] trial 39 fold 1 physics
2026-03-07 00:32:42,766 | 2028131 | INFO | queue[0056] trial 39 fold 2 physics
2026-03-07 00:32:42,766 | 2028131 | INFO | queue[0057] trial 39 fold 3 physics
2026-03-07 00:32:42,766 | 2028131 | INFO | queue[0058] trial 39 fold 4 physics
2026-03-07 00:32:42,766 | 2028131 | INFO | queue[0059] trial 39 fold 5 physics
2026-03-07 00:32:42,767 | 2028131 | INFO | [END BAYES QUEUE]
2026-03-07 00:34:03,718 | 2028131 | INFO | [TRIAL COMPLETE] trial 7 physics NSE_1D=0.90774 NSE_1H=0.85938
2026-03-07 00:36:41,289 | 2028131 | INFO | [TRIAL COMPLETE] trial 10 physics NSE_1D=0.88673 NSE_1H=0.86712
2026-03-07 00:36:41,595 | 2028131 | INFO | [ENQUEUE TRIAL] trial 40 physics
2026-03-07 00:36:41,596 | 2028131 | INFO | [BAYES QUEUE STATE]
2026-03-07 00:36:41,596 | 2028131 | INFO | pending_jobs = 58
2026-03-07 00:36:41,596 | 2028131 | INFO | inflight_trials = [0, 5, 8, 12, 14, 15, 18, 20, 21, 22, 23, 24, 25, 26, 27, 28, 29, 30, 31, 32, 33, 34, 35, 36, 37, 38, 39]
2026-03-07 00:36:41,596 | 2028131 | INFO | queue[0000] trial 29 fold 3 physics
2026-03-07 00:36:41,596 | 2028131 | INFO | queue[0001] trial 29 fold 4 physics
2026-03-07 00:36:41,596 | 2028131 | INFO | queue[0002] trial 29 fold 5 physics
2026-03-07 00:36:41,597 | 2028131 | INFO | queue[0003] trial 30 fold 1 physics
2026-03-07 00:36:41,597 | 2028131 | INFO | queue[0004] trial 30 fold 2 physics
2026-03-07 00:36:41,597 | 2028131 | INFO | queue[0005] trial 30 fold 3 physics
2026-03-07 00:36:41,597 | 2028131 | INFO | queue[0006] trial 30 fold 4 physics
2026-03-07 00:36:41,597 | 2028131 | INFO | queue[0007] trial 30 fold 5 physics
2026-03-07 00:36:41,597 | 2028131 | INFO | queue[0008] trial 31 fold 1 physics
2026-03-07 00:36:41,597 | 2028131 | INFO | queue[0009] trial 31 fold 2 physics
2026-03-07 00:36:41,597 | 2028131 | INFO | queue[0010] trial 31 fold 3 physics
2026-03-07 00:36:41,597 | 2028131 | INFO | queue[0011] trial 31 fold 4 physics
2026-03-07 00:36:41,598 | 2028131 | INFO | queue[0012] trial 31 fold 5 physics
2026-03-07 00:36:41,598 | 2028131 | INFO | queue[0013] trial 32 fold 1 physics
2026-03-07 00:36:41,598 | 2028131 | INFO | queue[0014] trial 32 fold 2 physics
2026-03-07 00:36:41,598 | 2028131 | INFO | queue[0015] trial 32 fold 3 physics
2026-03-07 00:36:41,598 | 2028131 | INFO | queue[0016] trial 32 fold 4 physics
2026-03-07 00:36:41,598 | 2028131 | INFO | queue[0017] trial 32 fold 5 physics
2026-03-07 00:36:41,598 | 2028131 | INFO | queue[0018] trial 33 fold 1 physics
2026-03-07 00:36:41,598 | 2028131 | INFO | queue[0019] trial 33 fold 2 physics
2026-03-07 00:36:41,598 | 2028131 | INFO | queue[0020] trial 33 fold 3 physics
2026-03-07 00:36:41,599 | 2028131 | INFO | queue[0021] trial 33 fold 4 physics
2026-03-07 00:36:41,599 | 2028131 | INFO | queue[0022] trial 33 fold 5 physics
2026-03-07 00:36:41,599 | 2028131 | INFO | queue[0023] trial 34 fold 1 physics
2026-03-07 00:36:41,599 | 2028131 | INFO | queue[0024] trial 34 fold 2 physics
2026-03-07 00:36:41,599 | 2028131 | INFO | queue[0025] trial 34 fold 3 physics
2026-03-07 00:36:41,599 | 2028131 | INFO | queue[0026] trial 34 fold 4 physics
2026-03-07 00:36:41,599 | 2028131 | INFO | queue[0027] trial 34 fold 5 physics
2026-03-07 00:36:41,599 | 2028131 | INFO | queue[0028] trial 35 fold 1 physics
2026-03-07 00:36:41,599 | 2028131 | INFO | queue[0029] trial 35 fold 2 physics
2026-03-07 00:36:41,600 | 2028131 | INFO | queue[0030] trial 35 fold 3 physics
2026-03-07 00:36:41,600 | 2028131 | INFO | queue[0031] trial 35 fold 4 physics
2026-03-07 00:36:41,600 | 2028131 | INFO | queue[0032] trial 35 fold 5 physics
2026-03-07 00:36:41,600 | 2028131 | INFO | queue[0033] trial 36 fold 1 physics
2026-03-07 00:36:41,600 | 2028131 | INFO | queue[0034] trial 36 fold 2 physics
2026-03-07 00:36:41,600 | 2028131 | INFO | queue[0035] trial 36 fold 3 physics
2026-03-07 00:36:41,600 | 2028131 | INFO | queue[0036] trial 36 fold 4 physics
2026-03-07 00:36:41,600 | 2028131 | INFO | queue[0037] trial 36 fold 5 physics
2026-03-07 00:36:41,600 | 2028131 | INFO | queue[0038] trial 37 fold 1 physics
2026-03-07 00:36:41,601 | 2028131 | INFO | queue[0039] trial 37 fold 2 physics
2026-03-07 00:36:41,601 | 2028131 | INFO | queue[0040] trial 37 fold 3 physics
2026-03-07 00:36:41,601 | 2028131 | INFO | queue[0041] trial 37 fold 4 physics
2026-03-07 00:36:41,601 | 2028131 | INFO | queue[0042] trial 37 fold 5 physics
2026-03-07 00:36:41,601 | 2028131 | INFO | queue[0043] trial 38 fold 1 physics
2026-03-07 00:36:41,601 | 2028131 | INFO | queue[0044] trial 38 fold 2 physics
2026-03-07 00:36:41,601 | 2028131 | INFO | queue[0045] trial 38 fold 3 physics
2026-03-07 00:36:41,601 | 2028131 | INFO | queue[0046] trial 38 fold 4 physics
2026-03-07 00:36:41,601 | 2028131 | INFO | queue[0047] trial 38 fold 5 physics
2026-03-07 00:36:41,602 | 2028131 | INFO | queue[0048] trial 39 fold 1 physics
2026-03-07 00:36:41,602 | 2028131 | INFO | queue[0049] trial 39 fold 2 physics
2026-03-07 00:36:41,602 | 2028131 | INFO | queue[0050] trial 39 fold 3 physics
2026-03-07 00:36:41,602 | 2028131 | INFO | queue[0051] trial 39 fold 4 physics
2026-03-07 00:36:41,602 | 2028131 | INFO | queue[0052] trial 39 fold 5 physics
2026-03-07 00:36:41,602 | 2028131 | INFO | queue[0053] trial 40 fold 1 physics
2026-03-07 00:36:41,602 | 2028131 | INFO | queue[0054] trial 40 fold 2 physics
2026-03-07 00:36:41,602 | 2028131 | INFO | queue[0055] trial 40 fold 3 physics
2026-03-07 00:36:41,602 | 2028131 | INFO | queue[0056] trial 40 fold 4 physics
2026-03-07 00:36:41,603 | 2028131 | INFO | queue[0057] trial 40 fold 5 physics
2026-03-07 00:36:41,603 | 2028131 | INFO | [END BAYES QUEUE]
2026-03-07 00:44:22,813 | 2028131 | INFO | [TRIAL COMPLETE] trial 15 physics NSE_1D=0.88274 NSE_1H=0.84876
2026-03-07 00:44:23,122 | 2028131 | INFO | [ENQUEUE TRIAL] trial 41 physics
2026-03-07 00:44:23,122 | 2028131 | INFO | [BAYES QUEUE STATE]
2026-03-07 00:44:23,123 | 2028131 | INFO | pending_jobs = 52
2026-03-07 00:44:23,123 | 2028131 | INFO | inflight_trials = [0, 5, 8, 12, 15, 18, 20, 21, 22, 23, 24, 25, 26, 27, 28, 29, 30, 31, 32, 33, 34, 35, 36, 37, 38, 39, 40]
2026-03-07 00:44:23,123 | 2028131 | INFO | queue[0000] trial 31 fold 4 physics
2026-03-07 00:44:23,123 | 2028131 | INFO | queue[0001] trial 31 fold 5 physics
2026-03-07 00:44:23,123 | 2028131 | INFO | queue[0002] trial 32 fold 1 physics
2026-03-07 00:44:23,123 | 2028131 | INFO | queue[0003] trial 32 fold 2 physics
2026-03-07 00:44:23,123 | 2028131 | INFO | queue[0004] trial 32 fold 3 physics
2026-03-07 00:44:23,123 | 2028131 | INFO | queue[0005] trial 32 fold 4 physics
2026-03-07 00:44:23,123 | 2028131 | INFO | queue[0006] trial 32 fold 5 physics
2026-03-07 00:44:23,124 | 2028131 | INFO | queue[0007] trial 33 fold 1 physics
2026-03-07 00:44:23,124 | 2028131 | INFO | queue[0008] trial 33 fold 2 physics
2026-03-07 00:44:23,124 | 2028131 | INFO | queue[0009] trial 33 fold 3 physics
2026-03-07 00:44:23,124 | 2028131 | INFO | queue[0010] trial 33 fold 4 physics
2026-03-07 00:44:23,124 | 2028131 | INFO | queue[0011] trial 33 fold 5 physics
2026-03-07 00:44:23,124 | 2028131 | INFO | queue[0012] trial 34 fold 1 physics
2026-03-07 00:44:23,124 | 2028131 | INFO | queue[0013] trial 34 fold 2 physics
2026-03-07 00:44:23,124 | 2028131 | INFO | queue[0014] trial 34 fold 3 physics
2026-03-07 00:44:23,124 | 2028131 | INFO | queue[0015] trial 34 fold 4 physics
2026-03-07 00:44:23,125 | 2028131 | INFO | queue[0016] trial 34 fold 5 physics
2026-03-07 00:44:23,125 | 2028131 | INFO | queue[0017] trial 35 fold 1 physics
2026-03-07 00:44:23,125 | 2028131 | INFO | queue[0018] trial 35 fold 2 physics
2026-03-07 00:44:23,125 | 2028131 | INFO | queue[0019] trial 35 fold 3 physics
2026-03-07 00:44:23,125 | 2028131 | INFO | queue[0020] trial 35 fold 4 physics
2026-03-07 00:44:23,125 | 2028131 | INFO | queue[0021] trial 35 fold 5 physics
2026-03-07 00:44:23,125 | 2028131 | INFO | queue[0022] trial 36 fold 1 physics
2026-03-07 00:44:23,125 | 2028131 | INFO | queue[0023] trial 36 fold 2 physics
2026-03-07 00:44:23,125 | 2028131 | INFO | queue[0024] trial 36 fold 3 physics
2026-03-07 00:44:23,125 | 2028131 | INFO | queue[0025] trial 36 fold 4 physics
2026-03-07 00:44:23,126 | 2028131 | INFO | queue[0026] trial 36 fold 5 physics
2026-03-07 00:44:23,126 | 2028131 | INFO | queue[0027] trial 37 fold 1 physics
2026-03-07 00:44:23,126 | 2028131 | INFO | queue[0028] trial 37 fold 2 physics
2026-03-07 00:44:23,126 | 2028131 | INFO | queue[0029] trial 37 fold 3 physics
2026-03-07 00:44:23,126 | 2028131 | INFO | queue[0030] trial 37 fold 4 physics
2026-03-07 00:44:23,126 | 2028131 | INFO | queue[0031] trial 37 fold 5 physics
2026-03-07 00:44:23,126 | 2028131 | INFO | queue[0032] trial 38 fold 1 physics
2026-03-07 00:44:23,126 | 2028131 | INFO | queue[0033] trial 38 fold 2 physics
2026-03-07 00:44:23,126 | 2028131 | INFO | queue[0034] trial 38 fold 3 physics
2026-03-07 00:44:23,127 | 2028131 | INFO | queue[0035] trial 38 fold 4 physics
2026-03-07 00:44:23,127 | 2028131 | INFO | queue[0036] trial 38 fold 5 physics
2026-03-07 00:44:23,127 | 2028131 | INFO | queue[0037] trial 39 fold 1 physics
2026-03-07 00:44:23,127 | 2028131 | INFO | queue[0038] trial 39 fold 2 physics
2026-03-07 00:44:23,127 | 2028131 | INFO | queue[0039] trial 39 fold 3 physics
2026-03-07 00:44:23,127 | 2028131 | INFO | queue[0040] trial 39 fold 4 physics
2026-03-07 00:44:23,127 | 2028131 | INFO | queue[0041] trial 39 fold 5 physics
2026-03-07 00:44:23,127 | 2028131 | INFO | queue[0042] trial 40 fold 1 physics
2026-03-07 00:44:23,127 | 2028131 | INFO | queue[0043] trial 40 fold 2 physics
2026-03-07 00:44:23,128 | 2028131 | INFO | queue[0044] trial 40 fold 3 physics
2026-03-07 00:44:23,128 | 2028131 | INFO | queue[0045] trial 40 fold 4 physics
2026-03-07 00:44:23,128 | 2028131 | INFO | queue[0046] trial 40 fold 5 physics
2026-03-07 00:44:23,128 | 2028131 | INFO | queue[0047] trial 41 fold 1 physics
2026-03-07 00:44:23,128 | 2028131 | INFO | queue[0048] trial 41 fold 2 physics
2026-03-07 00:44:23,128 | 2028131 | INFO | queue[0049] trial 41 fold 3 physics
2026-03-07 00:44:23,128 | 2028131 | INFO | queue[0050] trial 41 fold 4 physics
2026-03-07 00:44:23,128 | 2028131 | INFO | queue[0051] trial 41 fold 5 physics
2026-03-07 00:44:23,128 | 2028131 | INFO | [END BAYES QUEUE]
2026-03-07 00:44:23,430 | 2028131 | INFO | [ENQUEUE TRIAL] trial 42 physics
2026-03-07 00:44:23,431 | 2028131 | INFO | [BAYES QUEUE STATE]
2026-03-07 00:44:23,431 | 2028131 | INFO | pending_jobs = 57
2026-03-07 00:44:23,431 | 2028131 | INFO | inflight_trials = [0, 5, 8, 12, 15, 18, 20, 21, 22, 23, 24, 25, 26, 27, 28, 29, 30, 31, 32, 33, 34, 35, 36, 37, 38, 39, 40, 41]
2026-03-07 00:44:23,431 | 2028131 | INFO | queue[0000] trial 31 fold 4 physics
2026-03-07 00:44:23,431 | 2028131 | INFO | queue[0001] trial 31 fold 5 physics
2026-03-07 00:44:23,431 | 2028131 | INFO | queue[0002] trial 32 fold 1 physics
2026-03-07 00:44:23,431 | 2028131 | INFO | queue[0003] trial 32 fold 2 physics
2026-03-07 00:44:23,432 | 2028131 | INFO | queue[0004] trial 32 fold 3 physics
2026-03-07 00:44:23,432 | 2028131 | INFO | queue[0005] trial 32 fold 4 physics
2026-03-07 00:44:23,432 | 2028131 | INFO | queue[0006] trial 32 fold 5 physics
2026-03-07 00:44:23,432 | 2028131 | INFO | queue[0007] trial 33 fold 1 physics
2026-03-07 00:44:23,432 | 2028131 | INFO | queue[0008] trial 33 fold 2 physics
2026-03-07 00:44:23,432 | 2028131 | INFO | queue[0009] trial 33 fold 3 physics
2026-03-07 00:44:23,432 | 2028131 | INFO | queue[0010] trial 33 fold 4 physics
2026-03-07 00:44:23,432 | 2028131 | INFO | queue[0011] trial 33 fold 5 physics
2026-03-07 00:44:23,432 | 2028131 | INFO | queue[0012] trial 34 fold 1 physics
2026-03-07 00:44:23,433 | 2028131 | INFO | queue[0013] trial 34 fold 2 physics
2026-03-07 00:44:23,433 | 2028131 | INFO | queue[0014] trial 34 fold 3 physics
2026-03-07 00:44:23,433 | 2028131 | INFO | queue[0015] trial 34 fold 4 physics
2026-03-07 00:44:23,433 | 2028131 | INFO | queue[0016] trial 34 fold 5 physics
2026-03-07 00:44:23,433 | 2028131 | INFO | queue[0017] trial 35 fold 1 physics
2026-03-07 00:44:23,433 | 2028131 | INFO | queue[0018] trial 35 fold 2 physics
2026-03-07 00:44:23,433 | 2028131 | INFO | queue[0019] trial 35 fold 3 physics
2026-03-07 00:44:23,433 | 2028131 | INFO | queue[0020] trial 35 fold 4 physics
2026-03-07 00:44:23,433 | 2028131 | INFO | queue[0021] trial 35 fold 5 physics
2026-03-07 00:44:23,433 | 2028131 | INFO | queue[0022] trial 36 fold 1 physics
2026-03-07 00:44:23,434 | 2028131 | INFO | queue[0023] trial 36 fold 2 physics
2026-03-07 00:44:23,434 | 2028131 | INFO | queue[0024] trial 36 fold 3 physics
2026-03-07 00:44:23,434 | 2028131 | INFO | queue[0025] trial 36 fold 4 physics
2026-03-07 00:44:23,434 | 2028131 | INFO | queue[0026] trial 36 fold 5 physics
2026-03-07 00:44:23,434 | 2028131 | INFO | queue[0027] trial 37 fold 1 physics
2026-03-07 00:44:23,434 | 2028131 | INFO | queue[0028] trial 37 fold 2 physics
2026-03-07 00:44:23,434 | 2028131 | INFO | queue[0029] trial 37 fold 3 physics
2026-03-07 00:44:23,434 | 2028131 | INFO | queue[0030] trial 37 fold 4 physics
2026-03-07 00:44:23,434 | 2028131 | INFO | queue[0031] trial 37 fold 5 physics
2026-03-07 00:44:23,434 | 2028131 | INFO | queue[0032] trial 38 fold 1 physics
2026-03-07 00:44:23,435 | 2028131 | INFO | queue[0033] trial 38 fold 2 physics
2026-03-07 00:44:23,435 | 2028131 | INFO | queue[0034] trial 38 fold 3 physics
2026-03-07 00:44:23,435 | 2028131 | INFO | queue[0035] trial 38 fold 4 physics
2026-03-07 00:44:23,435 | 2028131 | INFO | queue[0036] trial 38 fold 5 physics
2026-03-07 00:44:23,435 | 2028131 | INFO | queue[0037] trial 39 fold 1 physics
2026-03-07 00:44:23,435 | 2028131 | INFO | queue[0038] trial 39 fold 2 physics
2026-03-07 00:44:23,435 | 2028131 | INFO | queue[0039] trial 39 fold 3 physics
2026-03-07 00:44:23,435 | 2028131 | INFO | queue[0040] trial 39 fold 4 physics
2026-03-07 00:44:23,435 | 2028131 | INFO | queue[0041] trial 39 fold 5 physics
2026-03-07 00:44:23,436 | 2028131 | INFO | queue[0042] trial 40 fold 1 physics
2026-03-07 00:44:23,436 | 2028131 | INFO | queue[0043] trial 40 fold 2 physics
2026-03-07 00:44:23,436 | 2028131 | INFO | queue[0044] trial 40 fold 3 physics
2026-03-07 00:44:23,436 | 2028131 | INFO | queue[0045] trial 40 fold 4 physics
2026-03-07 00:44:23,436 | 2028131 | INFO | queue[0046] trial 40 fold 5 physics
2026-03-07 00:44:23,436 | 2028131 | INFO | queue[0047] trial 41 fold 1 physics
2026-03-07 00:44:23,436 | 2028131 | INFO | queue[0048] trial 41 fold 2 physics
2026-03-07 00:44:23,436 | 2028131 | INFO | queue[0049] trial 41 fold 3 physics
2026-03-07 00:44:23,436 | 2028131 | INFO | queue[0050] trial 41 fold 4 physics
2026-03-07 00:44:23,436 | 2028131 | INFO | queue[0051] trial 41 fold 5 physics
2026-03-07 00:44:23,437 | 2028131 | INFO | queue[0052] trial 42 fold 1 physics
2026-03-07 00:44:23,437 | 2028131 | INFO | queue[0053] trial 42 fold 2 physics
2026-03-07 00:44:23,437 | 2028131 | INFO | queue[0054] trial 42 fold 3 physics
2026-03-07 00:44:23,437 | 2028131 | INFO | queue[0055] trial 42 fold 4 physics
2026-03-07 00:44:23,437 | 2028131 | INFO | queue[0056] trial 42 fold 5 physics
2026-03-07 00:44:23,437 | 2028131 | INFO | [END BAYES QUEUE]
2026-03-07 00:52:44,783 | 2028131 | INFO | [TRIAL COMPLETE] trial 16 physics NSE_1D=0.89054 NSE_1H=0.85626
2026-03-07 00:52:45,064 | 2028131 | INFO | [ENQUEUE TRIAL] trial 43 physics
2026-03-07 00:52:45,064 | 2028131 | INFO | [BAYES QUEUE STATE]
2026-03-07 00:52:45,064 | 2028131 | INFO | pending_jobs = 56
2026-03-07 00:52:45,065 | 2028131 | INFO | inflight_trials = [0, 5, 8, 12, 18, 20, 21, 22, 23, 24, 25, 26, 27, 28, 29, 30, 31, 32, 33, 34, 35, 36, 37, 38, 39, 40, 41, 42]
2026-03-07 00:52:45,065 | 2028131 | INFO | queue[0000] trial 32 fold 5 physics
2026-03-07 00:52:45,065 | 2028131 | INFO | queue[0001] trial 33 fold 1 physics
2026-03-07 00:52:45,065 | 2028131 | INFO | queue[0002] trial 33 fold 2 physics
2026-03-07 00:52:45,065 | 2028131 | INFO | queue[0003] trial 33 fold 3 physics
2026-03-07 00:52:45,065 | 2028131 | INFO | queue[0004] trial 33 fold 4 physics
2026-03-07 00:52:45,065 | 2028131 | INFO | queue[0005] trial 33 fold 5 physics
2026-03-07 00:52:45,065 | 2028131 | INFO | queue[0006] trial 34 fold 1 physics
2026-03-07 00:52:45,065 | 2028131 | INFO | queue[0007] trial 34 fold 2 physics
2026-03-07 00:52:45,066 | 2028131 | INFO | queue[0008] trial 34 fold 3 physics
2026-03-07 00:52:45,066 | 2028131 | INFO | queue[0009] trial 34 fold 4 physics
2026-03-07 00:52:45,066 | 2028131 | INFO | queue[0010] trial 34 fold 5 physics
2026-03-07 00:52:45,066 | 2028131 | INFO | queue[0011] trial 35 fold 1 physics
2026-03-07 00:52:45,066 | 2028131 | INFO | queue[0012] trial 35 fold 2 physics
2026-03-07 00:52:45,066 | 2028131 | INFO | queue[0013] trial 35 fold 3 physics
2026-03-07 00:52:45,066 | 2028131 | INFO | queue[0014] trial 35 fold 4 physics
2026-03-07 00:52:45,066 | 2028131 | INFO | queue[0015] trial 35 fold 5 physics
2026-03-07 00:52:45,066 | 2028131 | INFO | queue[0016] trial 36 fold 1 physics
2026-03-07 00:52:45,067 | 2028131 | INFO | queue[0017] trial 36 fold 2 physics
2026-03-07 00:52:45,067 | 2028131 | INFO | queue[0018] trial 36 fold 3 physics
2026-03-07 00:52:45,067 | 2028131 | INFO | queue[0019] trial 36 fold 4 physics
2026-03-07 00:52:45,067 | 2028131 | INFO | queue[0020] trial 36 fold 5 physics
2026-03-07 00:52:45,067 | 2028131 | INFO | queue[0021] trial 37 fold 1 physics
2026-03-07 00:52:45,067 | 2028131 | INFO | queue[0022] trial 37 fold 2 physics
2026-03-07 00:52:45,067 | 2028131 | INFO | queue[0023] trial 37 fold 3 physics
2026-03-07 00:52:45,067 | 2028131 | INFO | queue[0024] trial 37 fold 4 physics
2026-03-07 00:52:45,068 | 2028131 | INFO | queue[0025] trial 37 fold 5 physics
2026-03-07 00:52:45,068 | 2028131 | INFO | queue[0026] trial 38 fold 1 physics
2026-03-07 00:52:45,068 | 2028131 | INFO | queue[0027] trial 38 fold 2 physics
2026-03-07 00:52:45,068 | 2028131 | INFO | queue[0028] trial 38 fold 3 physics
2026-03-07 00:52:45,068 | 2028131 | INFO | queue[0029] trial 38 fold 4 physics
2026-03-07 00:52:45,068 | 2028131 | INFO | queue[0030] trial 38 fold 5 physics
2026-03-07 00:52:45,068 | 2028131 | INFO | queue[0031] trial 39 fold 1 physics
2026-03-07 00:52:45,068 | 2028131 | INFO | queue[0032] trial 39 fold 2 physics
2026-03-07 00:52:45,068 | 2028131 | INFO | queue[0033] trial 39 fold 3 physics
2026-03-07 00:52:45,069 | 2028131 | INFO | queue[0034] trial 39 fold 4 physics
2026-03-07 00:52:45,069 | 2028131 | INFO | queue[0035] trial 39 fold 5 physics
2026-03-07 00:52:45,069 | 2028131 | INFO | queue[0036] trial 40 fold 1 physics
2026-03-07 00:52:45,069 | 2028131 | INFO | queue[0037] trial 40 fold 2 physics
2026-03-07 00:52:45,069 | 2028131 | INFO | queue[0038] trial 40 fold 3 physics
2026-03-07 00:52:45,069 | 2028131 | INFO | queue[0039] trial 40 fold 4 physics
2026-03-07 00:52:45,069 | 2028131 | INFO | queue[0040] trial 40 fold 5 physics
2026-03-07 00:52:45,069 | 2028131 | INFO | queue[0041] trial 41 fold 1 physics
2026-03-07 00:52:45,069 | 2028131 | INFO | queue[0042] trial 41 fold 2 physics
2026-03-07 00:52:45,069 | 2028131 | INFO | queue[0043] trial 41 fold 3 physics
2026-03-07 00:52:45,070 | 2028131 | INFO | queue[0044] trial 41 fold 4 physics
2026-03-07 00:52:45,070 | 2028131 | INFO | queue[0045] trial 41 fold 5 physics
2026-03-07 00:52:45,070 | 2028131 | INFO | queue[0046] trial 42 fold 1 physics
2026-03-07 00:52:45,070 | 2028131 | INFO | queue[0047] trial 42 fold 2 physics
2026-03-07 00:52:45,070 | 2028131 | INFO | queue[0048] trial 42 fold 3 physics
2026-03-07 00:52:45,070 | 2028131 | INFO | queue[0049] trial 42 fold 4 physics
2026-03-07 00:52:45,070 | 2028131 | INFO | queue[0050] trial 42 fold 5 physics
2026-03-07 00:52:45,070 | 2028131 | INFO | queue[0051] trial 43 fold 1 physics
2026-03-07 00:52:45,070 | 2028131 | INFO | queue[0052] trial 43 fold 2 physics
2026-03-07 00:52:45,071 | 2028131 | INFO | queue[0053] trial 43 fold 3 physics
2026-03-07 00:52:45,071 | 2028131 | INFO | queue[0054] trial 43 fold 4 physics
2026-03-07 00:52:45,071 | 2028131 | INFO | queue[0055] trial 43 fold 5 physics
2026-03-07 00:52:45,071 | 2028131 | INFO | [END BAYES QUEUE]
2026-03-07 00:55:44,670 | 2028131 | INFO | [TRIAL COMPLETE] trial 1 physics NSE_1D=0.87642 NSE_1H=0.85044
2026-03-07 00:55:44,976 | 2028131 | INFO | [ENQUEUE TRIAL] trial 44 physics
2026-03-07 00:55:44,976 | 2028131 | INFO | [BAYES QUEUE STATE]
2026-03-07 00:55:44,977 | 2028131 | INFO | pending_jobs = 54
2026-03-07 00:55:44,977 | 2028131 | INFO | inflight_trials = [5, 8, 12, 18, 20, 21, 22, 23, 24, 25, 26, 27, 28, 29, 30, 31, 32, 33, 34, 35, 36, 37, 38, 39, 40, 41, 42, 43]
2026-03-07 00:55:44,977 | 2028131 | INFO | queue[0000] trial 34 fold 2 physics
2026-03-07 00:55:44,977 | 2028131 | INFO | queue[0001] trial 34 fold 3 physics
2026-03-07 00:55:44,977 | 2028131 | INFO | queue[0002] trial 34 fold 4 physics
2026-03-07 00:55:44,977 | 2028131 | INFO | queue[0003] trial 34 fold 5 physics
2026-03-07 00:55:44,977 | 2028131 | INFO | queue[0004] trial 35 fold 1 physics
2026-03-07 00:55:44,977 | 2028131 | INFO | queue[0005] trial 35 fold 2 physics
2026-03-07 00:55:44,977 | 2028131 | INFO | queue[0006] trial 35 fold 3 physics
2026-03-07 00:55:44,978 | 2028131 | INFO | queue[0007] trial 35 fold 4 physics
2026-03-07 00:55:44,978 | 2028131 | INFO | queue[0008] trial 35 fold 5 physics
2026-03-07 00:55:44,978 | 2028131 | INFO | queue[0009] trial 36 fold 1 physics
2026-03-07 00:55:44,978 | 2028131 | INFO | queue[0010] trial 36 fold 2 physics
2026-03-07 00:55:44,978 | 2028131 | INFO | queue[0011] trial 36 fold 3 physics
2026-03-07 00:55:44,978 | 2028131 | INFO | queue[0012] trial 36 fold 4 physics
2026-03-07 00:55:44,978 | 2028131 | INFO | queue[0013] trial 36 fold 5 physics
2026-03-07 00:55:44,978 | 2028131 | INFO | queue[0014] trial 37 fold 1 physics
2026-03-07 00:55:44,978 | 2028131 | INFO | queue[0015] trial 37 fold 2 physics
2026-03-07 00:55:44,979 | 2028131 | INFO | queue[0016] trial 37 fold 3 physics
2026-03-07 00:55:44,979 | 2028131 | INFO | queue[0017] trial 37 fold 4 physics
2026-03-07 00:55:44,979 | 2028131 | INFO | queue[0018] trial 37 fold 5 physics
2026-03-07 00:55:44,979 | 2028131 | INFO | queue[0019] trial 38 fold 1 physics
2026-03-07 00:55:44,979 | 2028131 | INFO | queue[0020] trial 38 fold 2 physics
2026-03-07 00:55:44,979 | 2028131 | INFO | queue[0021] trial 38 fold 3 physics
2026-03-07 00:55:44,979 | 2028131 | INFO | queue[0022] trial 38 fold 4 physics
2026-03-07 00:55:44,979 | 2028131 | INFO | queue[0023] trial 38 fold 5 physics
2026-03-07 00:55:44,979 | 2028131 | INFO | queue[0024] trial 39 fold 1 physics
2026-03-07 00:55:44,979 | 2028131 | INFO | queue[0025] trial 39 fold 2 physics
2026-03-07 00:55:44,980 | 2028131 | INFO | queue[0026] trial 39 fold 3 physics
2026-03-07 00:55:44,980 | 2028131 | INFO | queue[0027] trial 39 fold 4 physics
2026-03-07 00:55:44,980 | 2028131 | INFO | queue[0028] trial 39 fold 5 physics
2026-03-07 00:55:44,980 | 2028131 | INFO | queue[0029] trial 40 fold 1 physics
2026-03-07 00:55:44,980 | 2028131 | INFO | queue[0030] trial 40 fold 2 physics
2026-03-07 00:55:44,980 | 2028131 | INFO | queue[0031] trial 40 fold 3 physics
2026-03-07 00:55:44,980 | 2028131 | INFO | queue[0032] trial 40 fold 4 physics
2026-03-07 00:55:44,980 | 2028131 | INFO | queue[0033] trial 40 fold 5 physics
2026-03-07 00:55:44,980 | 2028131 | INFO | queue[0034] trial 41 fold 1 physics
2026-03-07 00:55:44,980 | 2028131 | INFO | queue[0035] trial 41 fold 2 physics
2026-03-07 00:55:44,981 | 2028131 | INFO | queue[0036] trial 41 fold 3 physics
2026-03-07 00:55:44,981 | 2028131 | INFO | queue[0037] trial 41 fold 4 physics
2026-03-07 00:55:44,981 | 2028131 | INFO | queue[0038] trial 41 fold 5 physics
2026-03-07 00:55:44,981 | 2028131 | INFO | queue[0039] trial 42 fold 1 physics
2026-03-07 00:55:44,981 | 2028131 | INFO | queue[0040] trial 42 fold 2 physics
2026-03-07 00:55:44,981 | 2028131 | INFO | queue[0041] trial 42 fold 3 physics
2026-03-07 00:55:44,981 | 2028131 | INFO | queue[0042] trial 42 fold 4 physics
2026-03-07 00:55:44,981 | 2028131 | INFO | queue[0043] trial 42 fold 5 physics
2026-03-07 00:55:44,981 | 2028131 | INFO | queue[0044] trial 43 fold 1 physics
2026-03-07 00:55:44,982 | 2028131 | INFO | queue[0045] trial 43 fold 2 physics
2026-03-07 00:55:44,982 | 2028131 | INFO | queue[0046] trial 43 fold 3 physics
2026-03-07 00:55:44,982 | 2028131 | INFO | queue[0047] trial 43 fold 4 physics
2026-03-07 00:55:44,982 | 2028131 | INFO | queue[0048] trial 43 fold 5 physics
2026-03-07 00:55:44,982 | 2028131 | INFO | queue[0049] trial 44 fold 1 physics
2026-03-07 00:55:44,982 | 2028131 | INFO | queue[0050] trial 44 fold 2 physics
2026-03-07 00:55:44,982 | 2028131 | INFO | queue[0051] trial 44 fold 3 physics
2026-03-07 00:55:44,982 | 2028131 | INFO | queue[0052] trial 44 fold 4 physics
2026-03-07 00:55:44,982 | 2028131 | INFO | queue[0053] trial 44 fold 5 physics
2026-03-07 00:55:44,983 | 2028131 | INFO | [END BAYES QUEUE]
2026-03-07 00:55:45,308 | 2028131 | INFO | [ENQUEUE TRIAL] trial 45 physics
2026-03-07 00:55:45,309 | 2028131 | INFO | [BAYES QUEUE STATE]
2026-03-07 00:55:45,309 | 2028131 | INFO | pending_jobs = 59
2026-03-07 00:55:45,309 | 2028131 | INFO | inflight_trials = [5, 8, 12, 18, 20, 21, 22, 23, 24, 25, 26, 27, 28, 29, 30, 31, 32, 33, 34, 35, 36, 37, 38, 39, 40, 41, 42, 43, 44]
2026-03-07 00:55:45,309 | 2028131 | INFO | queue[0000] trial 34 fold 2 physics
2026-03-07 00:55:45,309 | 2028131 | INFO | queue[0001] trial 34 fold 3 physics
2026-03-07 00:55:45,309 | 2028131 | INFO | queue[0002] trial 34 fold 4 physics
2026-03-07 00:55:45,309 | 2028131 | INFO | queue[0003] trial 34 fold 5 physics
2026-03-07 00:55:45,310 | 2028131 | INFO | queue[0004] trial 35 fold 1 physics
2026-03-07 00:55:45,310 | 2028131 | INFO | queue[0005] trial 35 fold 2 physics
2026-03-07 00:55:45,310 | 2028131 | INFO | queue[0006] trial 35 fold 3 physics
2026-03-07 00:55:45,310 | 2028131 | INFO | queue[0007] trial 35 fold 4 physics
2026-03-07 00:55:45,310 | 2028131 | INFO | queue[0008] trial 35 fold 5 physics
2026-03-07 00:55:45,310 | 2028131 | INFO | queue[0009] trial 36 fold 1 physics
2026-03-07 00:55:45,310 | 2028131 | INFO | queue[0010] trial 36 fold 2 physics
2026-03-07 00:55:45,310 | 2028131 | INFO | queue[0011] trial 36 fold 3 physics
2026-03-07 00:55:45,310 | 2028131 | INFO | queue[0012] trial 36 fold 4 physics
2026-03-07 00:55:45,311 | 2028131 | INFO | queue[0013] trial 36 fold 5 physics
2026-03-07 00:55:45,311 | 2028131 | INFO | queue[0014] trial 37 fold 1 physics
2026-03-07 00:55:45,311 | 2028131 | INFO | queue[0015] trial 37 fold 2 physics
2026-03-07 00:55:45,311 | 2028131 | INFO | queue[0016] trial 37 fold 3 physics
2026-03-07 00:55:45,311 | 2028131 | INFO | queue[0017] trial 37 fold 4 physics
2026-03-07 00:55:45,311 | 2028131 | INFO | queue[0018] trial 37 fold 5 physics
2026-03-07 00:55:45,311 | 2028131 | INFO | queue[0019] trial 38 fold 1 physics
2026-03-07 00:55:45,311 | 2028131 | INFO | queue[0020] trial 38 fold 2 physics
2026-03-07 00:55:45,312 | 2028131 | INFO | queue[0021] trial 38 fold 3 physics
2026-03-07 00:55:45,312 | 2028131 | INFO | queue[0022] trial 38 fold 4 physics
2026-03-07 00:55:45,312 | 2028131 | INFO | queue[0023] trial 38 fold 5 physics
2026-03-07 00:55:45,312 | 2028131 | INFO | queue[0024] trial 39 fold 1 physics
2026-03-07 00:55:45,312 | 2028131 | INFO | queue[0025] trial 39 fold 2 physics
2026-03-07 00:55:45,312 | 2028131 | INFO | queue[0026] trial 39 fold 3 physics
2026-03-07 00:55:45,312 | 2028131 | INFO | queue[0027] trial 39 fold 4 physics
2026-03-07 00:55:45,312 | 2028131 | INFO | queue[0028] trial 39 fold 5 physics
2026-03-07 00:55:45,312 | 2028131 | INFO | queue[0029] trial 40 fold 1 physics
2026-03-07 00:55:45,313 | 2028131 | INFO | queue[0030] trial 40 fold 2 physics
2026-03-07 00:55:45,313 | 2028131 | INFO | queue[0031] trial 40 fold 3 physics
2026-03-07 00:55:45,313 | 2028131 | INFO | queue[0032] trial 40 fold 4 physics
2026-03-07 00:55:45,313 | 2028131 | INFO | queue[0033] trial 40 fold 5 physics
2026-03-07 00:55:45,313 | 2028131 | INFO | queue[0034] trial 41 fold 1 physics
2026-03-07 00:55:45,313 | 2028131 | INFO | queue[0035] trial 41 fold 2 physics
2026-03-07 00:55:45,313 | 2028131 | INFO | queue[0036] trial 41 fold 3 physics
2026-03-07 00:55:45,313 | 2028131 | INFO | queue[0037] trial 41 fold 4 physics
2026-03-07 00:55:45,314 | 2028131 | INFO | queue[0038] trial 41 fold 5 physics
2026-03-07 00:55:45,314 | 2028131 | INFO | queue[0039] trial 42 fold 1 physics
2026-03-07 00:55:45,314 | 2028131 | INFO | queue[0040] trial 42 fold 2 physics
2026-03-07 00:55:45,314 | 2028131 | INFO | queue[0041] trial 42 fold 3 physics
2026-03-07 00:55:45,314 | 2028131 | INFO | queue[0042] trial 42 fold 4 physics
2026-03-07 00:55:45,314 | 2028131 | INFO | queue[0043] trial 42 fold 5 physics
2026-03-07 00:55:45,314 | 2028131 | INFO | queue[0044] trial 43 fold 1 physics
2026-03-07 00:55:45,314 | 2028131 | INFO | queue[0045] trial 43 fold 2 physics
2026-03-07 00:55:45,314 | 2028131 | INFO | queue[0046] trial 43 fold 3 physics
2026-03-07 00:55:45,315 | 2028131 | INFO | queue[0047] trial 43 fold 4 physics
2026-03-07 00:55:45,315 | 2028131 | INFO | queue[0048] trial 43 fold 5 physics
2026-03-07 00:55:45,315 | 2028131 | INFO | queue[0049] trial 44 fold 1 physics
2026-03-07 00:55:45,315 | 2028131 | INFO | queue[0050] trial 44 fold 2 physics
2026-03-07 00:55:45,315 | 2028131 | INFO | queue[0051] trial 44 fold 3 physics
2026-03-07 00:55:45,315 | 2028131 | INFO | queue[0052] trial 44 fold 4 physics
2026-03-07 00:55:45,315 | 2028131 | INFO | queue[0053] trial 44 fold 5 physics
2026-03-07 00:55:45,315 | 2028131 | INFO | queue[0054] trial 45 fold 1 physics
2026-03-07 00:55:45,315 | 2028131 | INFO | queue[0055] trial 45 fold 2 physics
2026-03-07 00:55:45,315 | 2028131 | INFO | queue[0056] trial 45 fold 3 physics
2026-03-07 00:55:45,316 | 2028131 | INFO | queue[0057] trial 45 fold 4 physics
2026-03-07 00:55:45,316 | 2028131 | INFO | queue[0058] trial 45 fold 5 physics
2026-03-07 00:55:45,316 | 2028131 | INFO | [END BAYES QUEUE]
2026-03-07 00:56:30,163 | 2028131 | INFO | [TRIAL COMPLETE] trial 22 physics NSE_1D=0.88674 NSE_1H=0.86809
2026-03-07 01:04:43,554 | 2028131 | INFO | [TRIAL COMPLETE] trial 26 physics NSE_1D=0.89272 NSE_1H=0.85512
2026-03-07 01:04:43,860 | 2028131 | INFO | [ENQUEUE TRIAL] trial 46 physics
2026-03-07 01:04:43,861 | 2028131 | INFO | [BAYES QUEUE STATE]
2026-03-07 01:04:43,861 | 2028131 | INFO | pending_jobs = 54
2026-03-07 01:04:43,861 | 2028131 | INFO | inflight_trials = [5, 8, 12, 18, 20, 22, 23, 24, 26, 27, 28, 29, 30, 31, 32, 33, 34, 35, 36, 37, 38, 39, 40, 41, 42, 43, 44, 45]
2026-03-07 01:04:43,861 | 2028131 | INFO | queue[0000] trial 36 fold 2 physics
2026-03-07 01:04:43,861 | 2028131 | INFO | queue[0001] trial 36 fold 3 physics
2026-03-07 01:04:43,862 | 2028131 | INFO | queue[0002] trial 36 fold 4 physics
2026-03-07 01:04:43,862 | 2028131 | INFO | queue[0003] trial 36 fold 5 physics
2026-03-07 01:04:43,862 | 2028131 | INFO | queue[0004] trial 37 fold 1 physics
2026-03-07 01:04:43,862 | 2028131 | INFO | queue[0005] trial 37 fold 2 physics
2026-03-07 01:04:43,862 | 2028131 | INFO | queue[0006] trial 37 fold 3 physics
2026-03-07 01:04:43,862 | 2028131 | INFO | queue[0007] trial 37 fold 4 physics
2026-03-07 01:04:43,862 | 2028131 | INFO | queue[0008] trial 37 fold 5 physics
2026-03-07 01:04:43,862 | 2028131 | INFO | queue[0009] trial 38 fold 1 physics
2026-03-07 01:04:43,862 | 2028131 | INFO | queue[0010] trial 38 fold 2 physics
2026-03-07 01:04:43,863 | 2028131 | INFO | queue[0011] trial 38 fold 3 physics
2026-03-07 01:04:43,863 | 2028131 | INFO | queue[0012] trial 38 fold 4 physics
2026-03-07 01:04:43,863 | 2028131 | INFO | queue[0013] trial 38 fold 5 physics
2026-03-07 01:04:43,863 | 2028131 | INFO | queue[0014] trial 39 fold 1 physics
2026-03-07 01:04:43,863 | 2028131 | INFO | queue[0015] trial 39 fold 2 physics
2026-03-07 01:04:43,863 | 2028131 | INFO | queue[0016] trial 39 fold 3 physics
2026-03-07 01:04:43,863 | 2028131 | INFO | queue[0017] trial 39 fold 4 physics
2026-03-07 01:04:43,863 | 2028131 | INFO | queue[0018] trial 39 fold 5 physics
2026-03-07 01:04:43,863 | 2028131 | INFO | queue[0019] trial 40 fold 1 physics
2026-03-07 01:04:43,864 | 2028131 | INFO | queue[0020] trial 40 fold 2 physics
2026-03-07 01:04:43,864 | 2028131 | INFO | queue[0021] trial 40 fold 3 physics
2026-03-07 01:04:43,864 | 2028131 | INFO | queue[0022] trial 40 fold 4 physics
2026-03-07 01:04:43,864 | 2028131 | INFO | queue[0023] trial 40 fold 5 physics
2026-03-07 01:04:43,864 | 2028131 | INFO | queue[0024] trial 41 fold 1 physics
2026-03-07 01:04:43,864 | 2028131 | INFO | queue[0025] trial 41 fold 2 physics
2026-03-07 01:04:43,864 | 2028131 | INFO | queue[0026] trial 41 fold 3 physics
2026-03-07 01:04:43,864 | 2028131 | INFO | queue[0027] trial 41 fold 4 physics
2026-03-07 01:04:43,864 | 2028131 | INFO | queue[0028] trial 41 fold 5 physics
2026-03-07 01:04:43,865 | 2028131 | INFO | queue[0029] trial 42 fold 1 physics
2026-03-07 01:04:43,865 | 2028131 | INFO | queue[0030] trial 42 fold 2 physics
2026-03-07 01:04:43,865 | 2028131 | INFO | queue[0031] trial 42 fold 3 physics
2026-03-07 01:04:43,865 | 2028131 | INFO | queue[0032] trial 42 fold 4 physics
2026-03-07 01:04:43,865 | 2028131 | INFO | queue[0033] trial 42 fold 5 physics
2026-03-07 01:04:43,865 | 2028131 | INFO | queue[0034] trial 43 fold 1 physics
2026-03-07 01:04:43,865 | 2028131 | INFO | queue[0035] trial 43 fold 2 physics
2026-03-07 01:04:43,866 | 2028131 | INFO | queue[0036] trial 43 fold 3 physics
2026-03-07 01:04:43,866 | 2028131 | INFO | queue[0037] trial 43 fold 4 physics
2026-03-07 01:04:43,866 | 2028131 | INFO | queue[0038] trial 43 fold 5 physics
2026-03-07 01:04:43,866 | 2028131 | INFO | queue[0039] trial 44 fold 1 physics
2026-03-07 01:04:43,866 | 2028131 | INFO | queue[0040] trial 44 fold 2 physics
2026-03-07 01:04:43,866 | 2028131 | INFO | queue[0041] trial 44 fold 3 physics
2026-03-07 01:04:43,866 | 2028131 | INFO | queue[0042] trial 44 fold 4 physics
2026-03-07 01:04:43,866 | 2028131 | INFO | queue[0043] trial 44 fold 5 physics
2026-03-07 01:04:43,867 | 2028131 | INFO | queue[0044] trial 45 fold 1 physics
2026-03-07 01:04:43,867 | 2028131 | INFO | queue[0045] trial 45 fold 2 physics
2026-03-07 01:04:43,867 | 2028131 | INFO | queue[0046] trial 45 fold 3 physics
2026-03-07 01:04:43,867 | 2028131 | INFO | queue[0047] trial 45 fold 4 physics
2026-03-07 01:04:43,867 | 2028131 | INFO | queue[0048] trial 45 fold 5 physics
2026-03-07 01:04:43,867 | 2028131 | INFO | queue[0049] trial 46 fold 1 physics
2026-03-07 01:04:43,867 | 2028131 | INFO | queue[0050] trial 46 fold 2 physics
2026-03-07 01:04:43,867 | 2028131 | INFO | queue[0051] trial 46 fold 3 physics
2026-03-07 01:04:43,867 | 2028131 | INFO | queue[0052] trial 46 fold 4 physics
2026-03-07 01:04:43,868 | 2028131 | INFO | queue[0053] trial 46 fold 5 physics
2026-03-07 01:04:43,868 | 2028131 | INFO | [END BAYES QUEUE]
2026-03-07 01:04:44,163 | 2028131 | INFO | [ENQUEUE TRIAL] trial 47 physics
2026-03-07 01:04:44,163 | 2028131 | INFO | [BAYES QUEUE STATE]
2026-03-07 01:04:44,163 | 2028131 | INFO | pending_jobs = 59
2026-03-07 01:04:44,163 | 2028131 | INFO | inflight_trials = [5, 8, 12, 18, 20, 22, 23, 24, 26, 27, 28, 29, 30, 31, 32, 33, 34, 35, 36, 37, 38, 39, 40, 41, 42, 43, 44, 45, 46]
2026-03-07 01:04:44,164 | 2028131 | INFO | queue[0000] trial 36 fold 2 physics
2026-03-07 01:04:44,164 | 2028131 | INFO | queue[0001] trial 36 fold 3 physics
2026-03-07 01:04:44,164 | 2028131 | INFO | queue[0002] trial 36 fold 4 physics
2026-03-07 01:04:44,164 | 2028131 | INFO | queue[0003] trial 36 fold 5 physics
2026-03-07 01:04:44,164 | 2028131 | INFO | queue[0004] trial 37 fold 1 physics
2026-03-07 01:04:44,164 | 2028131 | INFO | queue[0005] trial 37 fold 2 physics
2026-03-07 01:04:44,164 | 2028131 | INFO | queue[0006] trial 37 fold 3 physics
2026-03-07 01:04:44,164 | 2028131 | INFO | queue[0007] trial 37 fold 4 physics
2026-03-07 01:04:44,165 | 2028131 | INFO | queue[0008] trial 37 fold 5 physics
2026-03-07 01:04:44,165 | 2028131 | INFO | queue[0009] trial 38 fold 1 physics
2026-03-07 01:04:44,165 | 2028131 | INFO | queue[0010] trial 38 fold 2 physics
2026-03-07 01:04:44,165 | 2028131 | INFO | queue[0011] trial 38 fold 3 physics
2026-03-07 01:04:44,165 | 2028131 | INFO | queue[0012] trial 38 fold 4 physics
2026-03-07 01:04:44,165 | 2028131 | INFO | queue[0013] trial 38 fold 5 physics
2026-03-07 01:04:44,165 | 2028131 | INFO | queue[0014] trial 39 fold 1 physics
2026-03-07 01:04:44,165 | 2028131 | INFO | queue[0015] trial 39 fold 2 physics
2026-03-07 01:04:44,166 | 2028131 | INFO | queue[0016] trial 39 fold 3 physics
2026-03-07 01:04:44,166 | 2028131 | INFO | queue[0017] trial 39 fold 4 physics
2026-03-07 01:04:44,166 | 2028131 | INFO | queue[0018] trial 39 fold 5 physics
2026-03-07 01:04:44,166 | 2028131 | INFO | queue[0019] trial 40 fold 1 physics
2026-03-07 01:04:44,166 | 2028131 | INFO | queue[0020] trial 40 fold 2 physics
2026-03-07 01:04:44,166 | 2028131 | INFO | queue[0021] trial 40 fold 3 physics
2026-03-07 01:04:44,166 | 2028131 | INFO | queue[0022] trial 40 fold 4 physics
2026-03-07 01:04:44,166 | 2028131 | INFO | queue[0023] trial 40 fold 5 physics
2026-03-07 01:04:44,166 | 2028131 | INFO | queue[0024] trial 41 fold 1 physics
2026-03-07 01:04:44,167 | 2028131 | INFO | queue[0025] trial 41 fold 2 physics
2026-03-07 01:04:44,167 | 2028131 | INFO | queue[0026] trial 41 fold 3 physics
2026-03-07 01:04:44,167 | 2028131 | INFO | queue[0027] trial 41 fold 4 physics
2026-03-07 01:04:44,167 | 2028131 | INFO | queue[0028] trial 41 fold 5 physics
2026-03-07 01:04:44,167 | 2028131 | INFO | queue[0029] trial 42 fold 1 physics
2026-03-07 01:04:44,167 | 2028131 | INFO | queue[0030] trial 42 fold 2 physics
2026-03-07 01:04:44,167 | 2028131 | INFO | queue[0031] trial 42 fold 3 physics
2026-03-07 01:04:44,167 | 2028131 | INFO | queue[0032] trial 42 fold 4 physics
2026-03-07 01:04:44,168 | 2028131 | INFO | queue[0033] trial 42 fold 5 physics
2026-03-07 01:04:44,168 | 2028131 | INFO | queue[0034] trial 43 fold 1 physics
2026-03-07 01:04:44,168 | 2028131 | INFO | queue[0035] trial 43 fold 2 physics
2026-03-07 01:04:44,168 | 2028131 | INFO | queue[0036] trial 43 fold 3 physics
2026-03-07 01:04:44,168 | 2028131 | INFO | queue[0037] trial 43 fold 4 physics
2026-03-07 01:04:44,168 | 2028131 | INFO | queue[0038] trial 43 fold 5 physics
2026-03-07 01:04:44,168 | 2028131 | INFO | queue[0039] trial 44 fold 1 physics
2026-03-07 01:04:44,168 | 2028131 | INFO | queue[0040] trial 44 fold 2 physics
2026-03-07 01:04:44,168 | 2028131 | INFO | queue[0041] trial 44 fold 3 physics
2026-03-07 01:04:44,169 | 2028131 | INFO | queue[0042] trial 44 fold 4 physics
2026-03-07 01:04:44,169 | 2028131 | INFO | queue[0043] trial 44 fold 5 physics
2026-03-07 01:04:44,169 | 2028131 | INFO | queue[0044] trial 45 fold 1 physics
2026-03-07 01:04:44,169 | 2028131 | INFO | queue[0045] trial 45 fold 2 physics
2026-03-07 01:04:44,169 | 2028131 | INFO | queue[0046] trial 45 fold 3 physics
2026-03-07 01:04:44,169 | 2028131 | INFO | queue[0047] trial 45 fold 4 physics
2026-03-07 01:04:44,169 | 2028131 | INFO | queue[0048] trial 45 fold 5 physics
2026-03-07 01:04:44,169 | 2028131 | INFO | queue[0049] trial 46 fold 1 physics
2026-03-07 01:04:44,169 | 2028131 | INFO | queue[0050] trial 46 fold 2 physics
2026-03-07 01:04:44,170 | 2028131 | INFO | queue[0051] trial 46 fold 3 physics
2026-03-07 01:04:44,170 | 2028131 | INFO | queue[0052] trial 46 fold 4 physics
2026-03-07 01:04:44,170 | 2028131 | INFO | queue[0053] trial 46 fold 5 physics
2026-03-07 01:04:44,170 | 2028131 | INFO | queue[0054] trial 47 fold 1 physics
2026-03-07 01:04:44,170 | 2028131 | INFO | queue[0055] trial 47 fold 2 physics
2026-03-07 01:04:44,170 | 2028131 | INFO | queue[0056] trial 47 fold 3 physics
2026-03-07 01:04:44,170 | 2028131 | INFO | queue[0057] trial 47 fold 4 physics
2026-03-07 01:04:44,170 | 2028131 | INFO | queue[0058] trial 47 fold 5 physics
2026-03-07 01:04:44,170 | 2028131 | INFO | [END BAYES QUEUE]
2026-03-07 01:05:41,339 | 2028131 | INFO | [TRIAL COMPLETE] trial 31 physics NSE_1D=0.89426 NSE_1H=0.87088
2026-03-07 01:07:23,745 | 2028131 | INFO | [TRIAL COMPLETE] trial 6 physics NSE_1D=0.89901 NSE_1H=0.84680
2026-03-07 01:07:24,042 | 2028131 | INFO | [ENQUEUE TRIAL] trial 48 physics
2026-03-07 01:07:24,047 | 2028131 | INFO | [BAYES QUEUE STATE]
2026-03-07 01:07:24,047 | 2028131 | INFO | pending_jobs = 59
2026-03-07 01:07:24,048 | 2028131 | INFO | inflight_trials = [8, 12, 18, 20, 22, 23, 24, 26, 27, 28, 29, 31, 32, 33, 34, 35, 36, 37, 38, 39, 40, 41, 42, 43, 44, 45, 46, 47]
2026-03-07 01:07:24,048 | 2028131 | INFO | queue[0000] trial 37 fold 2 physics
2026-03-07 01:07:24,048 | 2028131 | INFO | queue[0001] trial 37 fold 3 physics
2026-03-07 01:07:24,048 | 2028131 | INFO | queue[0002] trial 37 fold 4 physics
2026-03-07 01:07:24,048 | 2028131 | INFO | queue[0003] trial 37 fold 5 physics
2026-03-07 01:07:24,048 | 2028131 | INFO | queue[0004] trial 38 fold 1 physics
2026-03-07 01:07:24,048 | 2028131 | INFO | queue[0005] trial 38 fold 2 physics
2026-03-07 01:07:24,048 | 2028131 | INFO | queue[0006] trial 38 fold 3 physics
2026-03-07 01:07:24,048 | 2028131 | INFO | queue[0007] trial 38 fold 4 physics
2026-03-07 01:07:24,049 | 2028131 | INFO | queue[0008] trial 38 fold 5 physics
2026-03-07 01:07:24,049 | 2028131 | INFO | queue[0009] trial 39 fold 1 physics
2026-03-07 01:07:24,049 | 2028131 | INFO | queue[0010] trial 39 fold 2 physics
2026-03-07 01:07:24,049 | 2028131 | INFO | queue[0011] trial 39 fold 3 physics
2026-03-07 01:07:24,049 | 2028131 | INFO | queue[0012] trial 39 fold 4 physics
2026-03-07 01:07:24,049 | 2028131 | INFO | queue[0013] trial 39 fold 5 physics
2026-03-07 01:07:24,049 | 2028131 | INFO | queue[0014] trial 40 fold 1 physics
2026-03-07 01:07:24,049 | 2028131 | INFO | queue[0015] trial 40 fold 2 physics
2026-03-07 01:07:24,050 | 2028131 | INFO | queue[0016] trial 40 fold 3 physics
2026-03-07 01:07:24,050 | 2028131 | INFO | queue[0017] trial 40 fold 4 physics
2026-03-07 01:07:24,050 | 2028131 | INFO | queue[0018] trial 40 fold 5 physics
2026-03-07 01:07:24,050 | 2028131 | INFO | queue[0019] trial 41 fold 1 physics
2026-03-07 01:07:24,050 | 2028131 | INFO | queue[0020] trial 41 fold 2 physics
2026-03-07 01:07:24,050 | 2028131 | INFO | queue[0021] trial 41 fold 3 physics
2026-03-07 01:07:24,050 | 2028131 | INFO | queue[0022] trial 41 fold 4 physics
2026-03-07 01:07:24,050 | 2028131 | INFO | queue[0023] trial 41 fold 5 physics
2026-03-07 01:07:24,051 | 2028131 | INFO | queue[0024] trial 42 fold 1 physics
2026-03-07 01:07:24,051 | 2028131 | INFO | queue[0025] trial 42 fold 2 physics
2026-03-07 01:07:24,051 | 2028131 | INFO | queue[0026] trial 42 fold 3 physics
2026-03-07 01:07:24,051 | 2028131 | INFO | queue[0027] trial 42 fold 4 physics
2026-03-07 01:07:24,051 | 2028131 | INFO | queue[0028] trial 42 fold 5 physics
2026-03-07 01:07:24,051 | 2028131 | INFO | queue[0029] trial 43 fold 1 physics
2026-03-07 01:07:24,051 | 2028131 | INFO | queue[0030] trial 43 fold 2 physics
2026-03-07 01:07:24,051 | 2028131 | INFO | queue[0031] trial 43 fold 3 physics
2026-03-07 01:07:24,051 | 2028131 | INFO | queue[0032] trial 43 fold 4 physics
2026-03-07 01:07:24,052 | 2028131 | INFO | queue[0033] trial 43 fold 5 physics
2026-03-07 01:07:24,052 | 2028131 | INFO | queue[0034] trial 44 fold 1 physics
2026-03-07 01:07:24,052 | 2028131 | INFO | queue[0035] trial 44 fold 2 physics
2026-03-07 01:07:24,052 | 2028131 | INFO | queue[0036] trial 44 fold 3 physics
2026-03-07 01:07:24,052 | 2028131 | INFO | queue[0037] trial 44 fold 4 physics
2026-03-07 01:07:24,052 | 2028131 | INFO | queue[0038] trial 44 fold 5 physics
2026-03-07 01:07:24,052 | 2028131 | INFO | queue[0039] trial 45 fold 1 physics
2026-03-07 01:07:24,052 | 2028131 | INFO | queue[0040] trial 45 fold 2 physics
2026-03-07 01:07:24,052 | 2028131 | INFO | queue[0041] trial 45 fold 3 physics
2026-03-07 01:07:24,053 | 2028131 | INFO | queue[0042] trial 45 fold 4 physics
2026-03-07 01:07:24,053 | 2028131 | INFO | queue[0043] trial 45 fold 5 physics
2026-03-07 01:07:24,053 | 2028131 | INFO | queue[0044] trial 46 fold 1 physics
2026-03-07 01:07:24,053 | 2028131 | INFO | queue[0045] trial 46 fold 2 physics
2026-03-07 01:07:24,053 | 2028131 | INFO | queue[0046] trial 46 fold 3 physics
2026-03-07 01:07:24,053 | 2028131 | INFO | queue[0047] trial 46 fold 4 physics
2026-03-07 01:07:24,053 | 2028131 | INFO | queue[0048] trial 46 fold 5 physics
2026-03-07 01:07:24,053 | 2028131 | INFO | queue[0049] trial 47 fold 1 physics
2026-03-07 01:07:24,053 | 2028131 | INFO | queue[0050] trial 47 fold 2 physics
2026-03-07 01:07:24,054 | 2028131 | INFO | queue[0051] trial 47 fold 3 physics
2026-03-07 01:07:24,054 | 2028131 | INFO | queue[0052] trial 47 fold 4 physics
2026-03-07 01:07:24,054 | 2028131 | INFO | queue[0053] trial 47 fold 5 physics
2026-03-07 01:07:24,054 | 2028131 | INFO | queue[0054] trial 48 fold 1 physics
2026-03-07 01:07:24,054 | 2028131 | INFO | queue[0055] trial 48 fold 2 physics
2026-03-07 01:07:24,054 | 2028131 | INFO | queue[0056] trial 48 fold 3 physics
2026-03-07 01:07:24,054 | 2028131 | INFO | queue[0057] trial 48 fold 4 physics
2026-03-07 01:07:24,054 | 2028131 | INFO | queue[0058] trial 48 fold 5 physics
2026-03-07 01:07:24,054 | 2028131 | INFO | [END BAYES QUEUE]
2026-03-07 01:10:49,638 | 2028131 | INFO | [TRIAL COMPLETE] trial 19 physics NSE_1D=0.87246 NSE_1H=0.85610
2026-03-07 01:17:26,980 | 2028131 | INFO | [TRIAL COMPLETE] trial 24 physics NSE_1D=0.90031 NSE_1H=0.85202
2026-03-07 01:17:27,365 | 2028131 | INFO | [TRIAL COMPLETE] trial 21 physics NSE_1D=0.87979 NSE_1H=0.86008
2026-03-07 01:29:47,927 | 2028131 | INFO | [TRIAL COMPLETE] trial 32 physics NSE_1D=0.89797 NSE_1H=0.86083
2026-03-07 01:29:52,723 | 2028131 | INFO | [TRIAL COMPLETE] trial 35 physics NSE_1D=0.91470 NSE_1H=0.85654
2026-03-07 01:33:30,708 | 2028131 | INFO | [TRIAL COMPLETE] trial 33 physics NSE_1D=0.89001 NSE_1H=0.85778
2026-03-07 01:37:56,142 | 2028131 | INFO | [TRIAL COMPLETE] trial 30 physics NSE_1D=0.89605 NSE_1H=0.84971
2026-03-07 01:39:46,486 | 2028131 | INFO | [TRIAL COMPLETE] trial 13 physics NSE_1D=0.89397 NSE_1H=0.84109
2026-03-07 01:41:35,762 | 2028131 | INFO | [TRIAL COMPLETE] trial 37 physics NSE_1D=0.90620 NSE_1H=0.84557
2026-03-07 01:50:55,200 | 2028131 | INFO | [TRIAL COMPLETE] trial 9 physics NSE_1D=0.89402 NSE_1H=0.85291
2026-03-07 01:52:21,669 | 2028131 | INFO | [TRIAL COMPLETE] trial 36 physics NSE_1D=0.89618 NSE_1H=0.85529
2026-03-07 01:53:24,160 | 2028131 | INFO | [TRIAL COMPLETE] trial 38 physics NSE_1D=0.86980 NSE_1H=0.86410
2026-03-07 01:54:05,583 | 2028131 | INFO | [TRIAL COMPLETE] trial 34 physics NSE_1D=0.88696 NSE_1H=0.84402
2026-03-07 01:56:46,305 | 2028131 | INFO | [TRIAL COMPLETE] trial 23 physics NSE_1D=0.90169 NSE_1H=0.85373
2026-03-07 02:01:42,877 | 2028131 | INFO | [TRIAL COMPLETE] trial 25 physics NSE_1D=0.90382 NSE_1H=0.83820
2026-03-07 02:02:12,985 | 2028131 | INFO | [TRIAL COMPLETE] trial 27 physics NSE_1D=0.89237 NSE_1H=0.86110
2026-03-07 02:08:12,771 | 2028131 | INFO | [TRIAL COMPLETE] trial 28 physics NSE_1D=0.89100 NSE_1H=0.83461
2026-03-07 02:35:49,049 | 2028131 | INFO | [TRIAL COMPLETE] trial 29 physics NSE_1D=0.85611 NSE_1H=0.87763
2026-03-07 02:45:53,772 | 2028131 | INFO | [TRIAL COMPLETE] trial 42 physics NSE_1D=0.90375 NSE_1H=0.85004
2026-03-07 02:48:35,060 | 2028131 | INFO | [TRIAL COMPLETE] trial 40 physics NSE_1D=0.87825 NSE_1H=0.86590
2026-03-07 02:58:17,917 | 2028131 | INFO | [TRIAL COMPLETE] trial 44 physics NSE_1D=0.89498 NSE_1H=0.85973
2026-03-07 02:59:05,048 | 2028131 | INFO | [TRIAL COMPLETE] trial 41 physics NSE_1D=0.88568 NSE_1H=0.85973
2026-03-07 03:00:09,817 | 2028131 | INFO | [TRIAL COMPLETE] trial 43 physics NSE_1D=0.89832 NSE_1H=0.85217
2026-03-07 03:02:26,252 | 2028131 | INFO | [TRIAL COMPLETE] trial 45 physics NSE_1D=0.91640 NSE_1H=0.85130
2026-03-07 03:07:01,158 | 2028131 | INFO | [TRIAL COMPLETE] trial 47 physics NSE_1D=0.89365 NSE_1H=0.84350
2026-03-07 03:14:57,896 | 2028131 | INFO | [TRIAL COMPLETE] trial 46 physics NSE_1D=0.89714 NSE_1H=0.82029
2026-03-07 03:24:12,463 | 2028131 | INFO | [TRIAL COMPLETE] trial 39 physics NSE_1D=0.89151 NSE_1H=0.84055
2026-03-07 03:35:49,168 | 2028131 | INFO | [TRIAL COMPLETE] trial 48 physics NSE_1D=0.86208 NSE_1H=0.84358
2026-03-07 03:35:50,390 | 2028131 | INFO | run_gridsearch =
2026-03-07 03:35:50,401 | 2028131 | INFO | False
2026-03-07 03:35:50,411 | 2028131 | INFO | hparams_exists =
2026-03-07 03:35:50,411 | 2028131 | INFO | True
