2026-03-28 00:57:19,173 | 3861906 | INFO | [+   0.04s]
2026-03-28 00:57:19,193 | 3861906 | INFO | Basin: calpella, GPU: -1, Verbose: True
2026-03-28 00:57:19,194 | 3861906 | INFO | [+   0.07s]
2026-03-28 00:57:19,194 | 3861906 | INFO | Pre-warming numba JIT ...
2026-03-28 00:57:28,287 | 3861906 | INFO | [+   9.16s]
2026-03-28 00:57:28,314 | 3861906 | INFO | Numba JIT pre-compiled.
2026-03-28 00:57:28,326 | 3861906 | INFO | YAML PATH:
2026-03-28 00:57:28,326 | 3861906 | INFO | /global/scratch/users/maxwellfung/UCB-USACE-RR-PROJECT/UCB_training/configs/calpella_mtslstm2.yaml
2026-03-28 00:57:28,364 | 3861906 | INFO | [+   9.24s]
2026-03-28 00:57:28,365 | 3861906 | INFO | 288 combinations, 50 workers
2026-03-28 00:57:28,365 | 3861906 | INFO | run_gridsearch =
2026-03-28 00:57:28,365 | 3861906 | INFO | False
2026-03-28 00:57:28,382 | 3861906 | INFO | hparams_exists =
2026-03-28 00:57:28,382 | 3861906 | INFO | False
2026-03-28 00:57:28,434 | 3861906 | INFO | [SYNTHETIC CV MODE DETECTED]
2026-03-28 00:57:28,434 | 3861906 | INFO | Dataset:
2026-03-28 00:57:28,434 | 3861906 | INFO | synthetic_russian_river
2026-03-28 00:57:28,434 | 3861906 | INFO | Train ranges:
2026-03-28 00:57:28,434 | 3861906 | INFO | ['01/10/1995-30/09/1996', '01/10/1998-30/09/1999', '01/10/1999-30/09/2000', '01/10/2001-30/09/2002', '01/10/2002-30/09/2003', '01/10/2003-30/09/2004', '01/10/2007-30/09/2008', '01/10/2008-30/09/2009']
2026-03-28 00:57:28,435 | 3861906 | INFO | Validation ranges:
2026-03-28 00:57:28,435 | 3861906 | INFO | ['01/10/1997-30/09/1998', '01/10/2004-30/09/2005']
2026-03-28 00:57:28,435 | 3861906 | INFO | All ranges:
2026-03-28 00:57:28,435 | 3861906 | INFO | ['01/10/1995-30/09/1996', '01/10/1998-30/09/1999', '01/10/1999-30/09/2000', '01/10/2001-30/09/2002', '01/10/2002-30/09/2003', '01/10/2003-30/09/2004', '01/10/2007-30/09/2008', '01/10/2008-30/09/2009', '01/10/1997-30/09/1998', '01/10/2004-30/09/2005']
2026-03-28 00:57:28,435 | 3861906 | INFO | [SYNTHETIC FOLD 1] train=['01/10/1995-30/09/1996', '01/10/1998-30/09/1999'] val=['01/10/1999-30/09/2000']
2026-03-28 00:57:28,435 | 3861906 | INFO | [SYNTHETIC FOLD 2] train=['01/10/1995-30/09/1996', '01/10/1998-30/09/1999', '01/10/1999-30/09/2000', '01/10/2001-30/09/2002'] val=['01/10/2002-30/09/2003']
2026-03-28 00:57:28,435 | 3861906 | INFO | [SYNTHETIC FOLD 3] train=['01/10/1995-30/09/1996', '01/10/1998-30/09/1999', '01/10/1999-30/09/2000', '01/10/2001-30/09/2002', '01/10/2002-30/09/2003', '01/10/2003-30/09/2004'] val=['01/10/2007-30/09/2008']
2026-03-28 00:57:28,435 | 3861906 | INFO | [SYNTHETIC FOLD 4] train=['01/10/1995-30/09/1996', '01/10/1998-30/09/1999', '01/10/1999-30/09/2000', '01/10/2001-30/09/2002', '01/10/2002-30/09/2003', '01/10/2003-30/09/2004', '01/10/2007-30/09/2008', '01/10/2008-30/09/2009'] val=['01/10/1997-30/09/1998']
2026-03-28 00:57:28,435 | 3861906 | INFO | [EXTERNAL CV FOLDS]
2026-03-28 00:57:28,436 | 3861906 | INFO | fold 1: train None -> None | val None -> None | eval None -> None
2026-03-28 00:57:28,436 | 3861906 | INFO | fold 2: train None -> None | val None -> None | eval None -> None
2026-03-28 00:57:28,436 | 3861906 | INFO | fold 3: train None -> None | val None -> None | eval None -> None
2026-03-28 00:57:28,436 | 3861906 | INFO | fold 4: train None -> None | val None -> None | eval None -> None
2026-03-28 00:57:28,436 | 3861906 | INFO | [EXTERNAL CV FOLDS] total folds = 4
2026-03-28 00:57:28,436 | 3861906 | INFO | [BAYESIAN OPTIMIZATION] Using 50 parallel workers
2026-03-28 00:57:28,526 | 3861906 | INFO | [OPTUNA SEED] journal empty → seeding from CSV
2026-03-28 00:57:28,528 | 3861906 | INFO | [OPTUNA SEED] no CSV found
2026-03-28 00:57:28,529 | 3861906 | INFO | [BAYES] no_physics: 13 parallel trials x 4 folds = up to 52 workers
2026-03-28 00:57:28,530 | 3861906 | INFO | /global/scratch/users/maxwellfung/UCB-USACE-RR-PROJECT/outputs/calpella/mts_shared/hyperparams/archive/calpella_mts_EXTREME_YEARS_no_physics_gridsearch_20260328T075719Z.csv
2026-03-28 00:57:28,530 | 3861906 | INFO | [REPLAY] No previous trials found.
2026-03-28 00:57:28,530 | 3861906 | INFO | [RESUME] starting from trial 0
2026-03-28 00:57:28,815 | 3861906 | INFO | [ENQUEUE TRIAL] trial 1 no_physics
2026-03-28 00:57:28,816 | 3861906 | INFO | [BAYES QUEUE STATE]
2026-03-28 00:57:28,816 | 3861906 | INFO | pending_jobs = 4
2026-03-28 00:57:28,816 | 3861906 | INFO | inflight_trials = [0]
2026-03-28 00:57:28,817 | 3861906 | INFO | queue[0000] trial 1 fold 1 no_physics
2026-03-28 00:57:28,817 | 3861906 | INFO | queue[0001] trial 1 fold 2 no_physics
2026-03-28 00:57:28,817 | 3861906 | INFO | queue[0002] trial 1 fold 3 no_physics
2026-03-28 00:57:28,818 | 3861906 | INFO | queue[0003] trial 1 fold 4 no_physics
2026-03-28 00:57:28,818 | 3861906 | INFO | [END BAYES QUEUE]
2026-03-28 00:57:29,097 | 3861906 | INFO | [ENQUEUE TRIAL] trial 2 no_physics
2026-03-28 00:57:29,098 | 3861906 | INFO | [BAYES QUEUE STATE]
2026-03-28 00:57:29,098 | 3861906 | INFO | pending_jobs = 8
2026-03-28 00:57:29,098 | 3861906 | INFO | inflight_trials = [0, 1]
2026-03-28 00:57:29,099 | 3861906 | INFO | queue[0000] trial 1 fold 1 no_physics
2026-03-28 00:57:29,099 | 3861906 | INFO | queue[0001] trial 1 fold 2 no_physics
2026-03-28 00:57:29,099 | 3861906 | INFO | queue[0002] trial 1 fold 3 no_physics
2026-03-28 00:57:29,100 | 3861906 | INFO | queue[0003] trial 1 fold 4 no_physics
2026-03-28 00:57:29,100 | 3861906 | INFO | queue[0004] trial 2 fold 1 no_physics
2026-03-28 00:57:29,100 | 3861906 | INFO | queue[0005] trial 2 fold 2 no_physics
2026-03-28 00:57:29,101 | 3861906 | INFO | queue[0006] trial 2 fold 3 no_physics
2026-03-28 00:57:29,101 | 3861906 | INFO | queue[0007] trial 2 fold 4 no_physics
2026-03-28 00:57:29,101 | 3861906 | INFO | [END BAYES QUEUE]
2026-03-28 00:57:29,436 | 3861906 | INFO | [ENQUEUE TRIAL] trial 3 no_physics
2026-03-28 00:57:29,441 | 3861906 | INFO | [BAYES QUEUE STATE]
2026-03-28 00:57:29,442 | 3861906 | INFO | pending_jobs = 12
2026-03-28 00:57:29,442 | 3861906 | INFO | inflight_trials = [0, 1, 2]
2026-03-28 00:57:29,442 | 3861906 | INFO | queue[0000] trial 1 fold 1 no_physics
2026-03-28 00:57:29,443 | 3861906 | INFO | queue[0001] trial 1 fold 2 no_physics
2026-03-28 00:57:29,443 | 3861906 | INFO | queue[0002] trial 1 fold 3 no_physics
2026-03-28 00:57:29,443 | 3861906 | INFO | queue[0003] trial 1 fold 4 no_physics
2026-03-28 00:57:29,444 | 3861906 | INFO | queue[0004] trial 2 fold 1 no_physics
2026-03-28 00:57:29,444 | 3861906 | INFO | queue[0005] trial 2 fold 2 no_physics
2026-03-28 00:57:29,444 | 3861906 | INFO | queue[0006] trial 2 fold 3 no_physics
2026-03-28 00:57:29,445 | 3861906 | INFO | queue[0007] trial 2 fold 4 no_physics
2026-03-28 00:57:29,445 | 3861906 | INFO | queue[0008] trial 3 fold 1 no_physics
2026-03-28 00:57:29,445 | 3861906 | INFO | queue[0009] trial 3 fold 2 no_physics
2026-03-28 00:57:29,446 | 3861906 | INFO | queue[0010] trial 3 fold 3 no_physics
2026-03-28 00:57:29,446 | 3861906 | INFO | queue[0011] trial 3 fold 4 no_physics
2026-03-28 00:57:29,446 | 3861906 | INFO | [END BAYES QUEUE]
2026-03-28 00:57:29,715 | 3861906 | INFO | [ENQUEUE TRIAL] trial 4 no_physics
2026-03-28 00:57:29,715 | 3861906 | INFO | [BAYES QUEUE STATE]
2026-03-28 00:57:29,716 | 3861906 | INFO | pending_jobs = 16
2026-03-28 00:57:29,716 | 3861906 | INFO | inflight_trials = [0, 1, 2, 3]
2026-03-28 00:57:29,716 | 3861906 | INFO | queue[0000] trial 1 fold 1 no_physics
2026-03-28 00:57:29,717 | 3861906 | INFO | queue[0001] trial 1 fold 2 no_physics
2026-03-28 00:57:29,717 | 3861906 | INFO | queue[0002] trial 1 fold 3 no_physics
2026-03-28 00:57:29,717 | 3861906 | INFO | queue[0003] trial 1 fold 4 no_physics
2026-03-28 00:57:29,718 | 3861906 | INFO | queue[0004] trial 2 fold 1 no_physics
2026-03-28 00:57:29,718 | 3861906 | INFO | queue[0005] trial 2 fold 2 no_physics
2026-03-28 00:57:29,718 | 3861906 | INFO | queue[0006] trial 2 fold 3 no_physics
2026-03-28 00:57:29,719 | 3861906 | INFO | queue[0007] trial 2 fold 4 no_physics
2026-03-28 00:57:29,719 | 3861906 | INFO | queue[0008] trial 3 fold 1 no_physics
2026-03-28 00:57:29,719 | 3861906 | INFO | queue[0009] trial 3 fold 2 no_physics
2026-03-28 00:57:29,720 | 3861906 | INFO | queue[0010] trial 3 fold 3 no_physics
2026-03-28 00:57:29,720 | 3861906 | INFO | queue[0011] trial 3 fold 4 no_physics
2026-03-28 00:57:29,720 | 3861906 | INFO | queue[0012] trial 4 fold 1 no_physics
2026-03-28 00:57:29,720 | 3861906 | INFO | queue[0013] trial 4 fold 2 no_physics
2026-03-28 00:57:29,721 | 3861906 | INFO | queue[0014] trial 4 fold 3 no_physics
2026-03-28 00:57:29,721 | 3861906 | INFO | queue[0015] trial 4 fold 4 no_physics
2026-03-28 00:57:29,721 | 3861906 | INFO | [END BAYES QUEUE]
2026-03-28 00:57:30,000 | 3861906 | INFO | [ENQUEUE TRIAL] trial 5 no_physics
2026-03-28 00:57:30,001 | 3861906 | INFO | [BAYES QUEUE STATE]
2026-03-28 00:57:30,001 | 3861906 | INFO | pending_jobs = 20
2026-03-28 00:57:30,001 | 3861906 | INFO | inflight_trials = [0, 1, 2, 3, 4]
2026-03-28 00:57:30,002 | 3861906 | INFO | queue[0000] trial 1 fold 1 no_physics
2026-03-28 00:57:30,002 | 3861906 | INFO | queue[0001] trial 1 fold 2 no_physics
2026-03-28 00:57:30,002 | 3861906 | INFO | queue[0002] trial 1 fold 3 no_physics
2026-03-28 00:57:30,003 | 3861906 | INFO | queue[0003] trial 1 fold 4 no_physics
2026-03-28 00:57:30,003 | 3861906 | INFO | queue[0004] trial 2 fold 1 no_physics
2026-03-28 00:57:30,003 | 3861906 | INFO | queue[0005] trial 2 fold 2 no_physics
2026-03-28 00:57:30,004 | 3861906 | INFO | queue[0006] trial 2 fold 3 no_physics
2026-03-28 00:57:30,006 | 3861906 | INFO | queue[0007] trial 2 fold 4 no_physics
2026-03-28 00:57:30,006 | 3861906 | INFO | queue[0008] trial 3 fold 1 no_physics
2026-03-28 00:57:30,006 | 3861906 | INFO | queue[0009] trial 3 fold 2 no_physics
2026-03-28 00:57:30,006 | 3861906 | INFO | queue[0010] trial 3 fold 3 no_physics
2026-03-28 00:57:30,007 | 3861906 | INFO | queue[0011] trial 3 fold 4 no_physics
2026-03-28 00:57:30,007 | 3861906 | INFO | queue[0012] trial 4 fold 1 no_physics
2026-03-28 00:57:30,007 | 3861906 | INFO | queue[0013] trial 4 fold 2 no_physics
2026-03-28 00:57:30,007 | 3861906 | INFO | queue[0014] trial 4 fold 3 no_physics
2026-03-28 00:57:30,007 | 3861906 | INFO | queue[0015] trial 4 fold 4 no_physics
2026-03-28 00:57:30,008 | 3861906 | INFO | queue[0016] trial 5 fold 1 no_physics
2026-03-28 00:57:30,008 | 3861906 | INFO | queue[0017] trial 5 fold 2 no_physics
2026-03-28 00:57:30,008 | 3861906 | INFO | queue[0018] trial 5 fold 3 no_physics
2026-03-28 00:57:30,008 | 3861906 | INFO | queue[0019] trial 5 fold 4 no_physics
2026-03-28 00:57:30,008 | 3861906 | INFO | [END BAYES QUEUE]
2026-03-28 00:57:30,284 | 3861906 | INFO | [ENQUEUE TRIAL] trial 6 no_physics
2026-03-28 00:57:30,284 | 3861906 | INFO | [BAYES QUEUE STATE]
2026-03-28 00:57:30,284 | 3861906 | INFO | pending_jobs = 24
2026-03-28 00:57:30,285 | 3861906 | INFO | inflight_trials = [0, 1, 2, 3, 4, 5]
2026-03-28 00:57:30,285 | 3861906 | INFO | queue[0000] trial 1 fold 1 no_physics
2026-03-28 00:57:30,285 | 3861906 | INFO | queue[0001] trial 1 fold 2 no_physics
2026-03-28 00:57:30,286 | 3861906 | INFO | queue[0002] trial 1 fold 3 no_physics
2026-03-28 00:57:30,286 | 3861906 | INFO | queue[0003] trial 1 fold 4 no_physics
2026-03-28 00:57:30,286 | 3861906 | INFO | queue[0004] trial 2 fold 1 no_physics
2026-03-28 00:57:30,287 | 3861906 | INFO | queue[0005] trial 2 fold 2 no_physics
2026-03-28 00:57:30,287 | 3861906 | INFO | queue[0006] trial 2 fold 3 no_physics
2026-03-28 00:57:30,287 | 3861906 | INFO | queue[0007] trial 2 fold 4 no_physics
2026-03-28 00:57:30,288 | 3861906 | INFO | queue[0008] trial 3 fold 1 no_physics
2026-03-28 00:57:30,288 | 3861906 | INFO | queue[0009] trial 3 fold 2 no_physics
2026-03-28 00:57:30,288 | 3861906 | INFO | queue[0010] trial 3 fold 3 no_physics
2026-03-28 00:57:30,288 | 3861906 | INFO | queue[0011] trial 3 fold 4 no_physics
2026-03-28 00:57:30,288 | 3861906 | INFO | queue[0012] trial 4 fold 1 no_physics
2026-03-28 00:57:30,289 | 3861906 | INFO | queue[0013] trial 4 fold 2 no_physics
2026-03-28 00:57:30,289 | 3861906 | INFO | queue[0014] trial 4 fold 3 no_physics
2026-03-28 00:57:30,289 | 3861906 | INFO | queue[0015] trial 4 fold 4 no_physics
2026-03-28 00:57:30,289 | 3861906 | INFO | queue[0016] trial 5 fold 1 no_physics
2026-03-28 00:57:30,289 | 3861906 | INFO | queue[0017] trial 5 fold 2 no_physics
2026-03-28 00:57:30,290 | 3861906 | INFO | queue[0018] trial 5 fold 3 no_physics
2026-03-28 00:57:30,290 | 3861906 | INFO | queue[0019] trial 5 fold 4 no_physics
2026-03-28 00:57:30,290 | 3861906 | INFO | queue[0020] trial 6 fold 1 no_physics
2026-03-28 00:57:30,290 | 3861906 | INFO | queue[0021] trial 6 fold 2 no_physics
2026-03-28 00:57:30,291 | 3861906 | INFO | queue[0022] trial 6 fold 3 no_physics
2026-03-28 00:57:30,291 | 3861906 | INFO | queue[0023] trial 6 fold 4 no_physics
2026-03-28 00:57:30,291 | 3861906 | INFO | [END BAYES QUEUE]
2026-03-28 00:57:30,699 | 3861906 | INFO | [ENQUEUE TRIAL] trial 7 no_physics
2026-03-28 00:57:30,709 | 3861906 | INFO | [BAYES QUEUE STATE]
2026-03-28 00:57:30,709 | 3861906 | INFO | pending_jobs = 28
2026-03-28 00:57:30,709 | 3861906 | INFO | inflight_trials = [0, 1, 2, 3, 4, 5, 6]
2026-03-28 00:57:30,710 | 3861906 | INFO | queue[0000] trial 1 fold 1 no_physics
2026-03-28 00:57:30,710 | 3861906 | INFO | queue[0001] trial 1 fold 2 no_physics
2026-03-28 00:57:30,710 | 3861906 | INFO | queue[0002] trial 1 fold 3 no_physics
2026-03-28 00:57:30,711 | 3861906 | INFO | queue[0003] trial 1 fold 4 no_physics
2026-03-28 00:57:30,711 | 3861906 | INFO | queue[0004] trial 2 fold 1 no_physics
2026-03-28 00:57:30,711 | 3861906 | INFO | queue[0005] trial 2 fold 2 no_physics
2026-03-28 00:57:30,712 | 3861906 | INFO | queue[0006] trial 2 fold 3 no_physics
2026-03-28 00:57:30,712 | 3861906 | INFO | queue[0007] trial 2 fold 4 no_physics
2026-03-28 00:57:30,712 | 3861906 | INFO | queue[0008] trial 3 fold 1 no_physics
2026-03-28 00:57:30,713 | 3861906 | INFO | queue[0009] trial 3 fold 2 no_physics
2026-03-28 00:57:30,713 | 3861906 | INFO | queue[0010] trial 3 fold 3 no_physics
2026-03-28 00:57:30,713 | 3861906 | INFO | queue[0011] trial 3 fold 4 no_physics
2026-03-28 00:57:30,713 | 3861906 | INFO | queue[0012] trial 4 fold 1 no_physics
2026-03-28 00:57:30,714 | 3861906 | INFO | queue[0013] trial 4 fold 2 no_physics
2026-03-28 00:57:30,714 | 3861906 | INFO | queue[0014] trial 4 fold 3 no_physics
2026-03-28 00:57:30,714 | 3861906 | INFO | queue[0015] trial 4 fold 4 no_physics
2026-03-28 00:57:30,714 | 3861906 | INFO | queue[0016] trial 5 fold 1 no_physics
2026-03-28 00:57:30,714 | 3861906 | INFO | queue[0017] trial 5 fold 2 no_physics
2026-03-28 00:57:30,715 | 3861906 | INFO | queue[0018] trial 5 fold 3 no_physics
2026-03-28 00:57:30,715 | 3861906 | INFO | queue[0019] trial 5 fold 4 no_physics
2026-03-28 00:57:30,715 | 3861906 | INFO | queue[0020] trial 6 fold 1 no_physics
2026-03-28 00:57:30,715 | 3861906 | INFO | queue[0021] trial 6 fold 2 no_physics
2026-03-28 00:57:30,716 | 3861906 | INFO | queue[0022] trial 6 fold 3 no_physics
2026-03-28 00:57:30,716 | 3861906 | INFO | queue[0023] trial 6 fold 4 no_physics
2026-03-28 00:57:30,716 | 3861906 | INFO | queue[0024] trial 7 fold 1 no_physics
2026-03-28 00:57:30,716 | 3861906 | INFO | queue[0025] trial 7 fold 2 no_physics
2026-03-28 00:57:30,716 | 3861906 | INFO | queue[0026] trial 7 fold 3 no_physics
2026-03-28 00:57:30,717 | 3861906 | INFO | queue[0027] trial 7 fold 4 no_physics
2026-03-28 00:57:30,717 | 3861906 | INFO | [END BAYES QUEUE]
2026-03-28 00:57:30,991 | 3861906 | INFO | [ENQUEUE TRIAL] trial 8 no_physics
2026-03-28 00:57:30,991 | 3861906 | INFO | [BAYES QUEUE STATE]
2026-03-28 00:57:30,991 | 3861906 | INFO | pending_jobs = 32
2026-03-28 00:57:30,992 | 3861906 | INFO | inflight_trials = [0, 1, 2, 3, 4, 5, 6, 7]
2026-03-28 00:57:30,992 | 3861906 | INFO | queue[0000] trial 1 fold 1 no_physics
2026-03-28 00:57:30,992 | 3861906 | INFO | queue[0001] trial 1 fold 2 no_physics
2026-03-28 00:57:30,993 | 3861906 | INFO | queue[0002] trial 1 fold 3 no_physics
2026-03-28 00:57:30,993 | 3861906 | INFO | queue[0003] trial 1 fold 4 no_physics
2026-03-28 00:57:30,993 | 3861906 | INFO | queue[0004] trial 2 fold 1 no_physics
2026-03-28 00:57:30,994 | 3861906 | INFO | queue[0005] trial 2 fold 2 no_physics
2026-03-28 00:57:30,994 | 3861906 | INFO | queue[0006] trial 2 fold 3 no_physics
2026-03-28 00:57:30,994 | 3861906 | INFO | queue[0007] trial 2 fold 4 no_physics
2026-03-28 00:57:30,995 | 3861906 | INFO | queue[0008] trial 3 fold 1 no_physics
2026-03-28 00:57:30,995 | 3861906 | INFO | queue[0009] trial 3 fold 2 no_physics
2026-03-28 00:57:30,995 | 3861906 | INFO | queue[0010] trial 3 fold 3 no_physics
2026-03-28 00:57:30,996 | 3861906 | INFO | queue[0011] trial 3 fold 4 no_physics
2026-03-28 00:57:30,996 | 3861906 | INFO | queue[0012] trial 4 fold 1 no_physics
2026-03-28 00:57:30,996 | 3861906 | INFO | queue[0013] trial 4 fold 2 no_physics
2026-03-28 00:57:30,996 | 3861906 | INFO | queue[0014] trial 4 fold 3 no_physics
2026-03-28 00:57:30,997 | 3861906 | INFO | queue[0015] trial 4 fold 4 no_physics
2026-03-28 00:57:30,997 | 3861906 | INFO | queue[0016] trial 5 fold 1 no_physics
2026-03-28 00:57:30,997 | 3861906 | INFO | queue[0017] trial 5 fold 2 no_physics
2026-03-28 00:57:30,998 | 3861906 | INFO | queue[0018] trial 5 fold 3 no_physics
2026-03-28 00:57:30,998 | 3861906 | INFO | queue[0019] trial 5 fold 4 no_physics
2026-03-28 00:57:30,998 | 3861906 | INFO | queue[0020] trial 6 fold 1 no_physics
2026-03-28 00:57:30,999 | 3861906 | INFO | queue[0021] trial 6 fold 2 no_physics
2026-03-28 00:57:30,999 | 3861906 | INFO | queue[0022] trial 6 fold 3 no_physics
2026-03-28 00:57:30,999 | 3861906 | INFO | queue[0023] trial 6 fold 4 no_physics
2026-03-28 00:57:31,000 | 3861906 | INFO | queue[0024] trial 7 fold 1 no_physics
2026-03-28 00:57:31,000 | 3861906 | INFO | queue[0025] trial 7 fold 2 no_physics
2026-03-28 00:57:31,000 | 3861906 | INFO | queue[0026] trial 7 fold 3 no_physics
2026-03-28 00:57:31,000 | 3861906 | INFO | queue[0027] trial 7 fold 4 no_physics
2026-03-28 00:57:31,000 | 3861906 | INFO | queue[0028] trial 8 fold 1 no_physics
2026-03-28 00:57:31,000 | 3861906 | INFO | queue[0029] trial 8 fold 2 no_physics
2026-03-28 00:57:31,001 | 3861906 | INFO | queue[0030] trial 8 fold 3 no_physics
2026-03-28 00:57:31,001 | 3861906 | INFO | queue[0031] trial 8 fold 4 no_physics
2026-03-28 00:57:31,001 | 3861906 | INFO | [END BAYES QUEUE]
2026-03-28 00:57:31,391 | 3861906 | INFO | [ENQUEUE TRIAL] trial 9 no_physics
2026-03-28 00:57:31,401 | 3861906 | INFO | [BAYES QUEUE STATE]
2026-03-28 00:57:31,401 | 3861906 | INFO | pending_jobs = 36
2026-03-28 00:57:31,401 | 3861906 | INFO | inflight_trials = [0, 1, 2, 3, 4, 5, 6, 7, 8]
2026-03-28 00:57:31,402 | 3861906 | INFO | queue[0000] trial 1 fold 1 no_physics
2026-03-28 00:57:31,402 | 3861906 | INFO | queue[0001] trial 1 fold 2 no_physics
2026-03-28 00:57:31,402 | 3861906 | INFO | queue[0002] trial 1 fold 3 no_physics
2026-03-28 00:57:31,403 | 3861906 | INFO | queue[0003] trial 1 fold 4 no_physics
2026-03-28 00:57:31,403 | 3861906 | INFO | queue[0004] trial 2 fold 1 no_physics
2026-03-28 00:57:31,403 | 3861906 | INFO | queue[0005] trial 2 fold 2 no_physics
2026-03-28 00:57:31,404 | 3861906 | INFO | queue[0006] trial 2 fold 3 no_physics
2026-03-28 00:57:31,404 | 3861906 | INFO | queue[0007] trial 2 fold 4 no_physics
2026-03-28 00:57:31,404 | 3861906 | INFO | queue[0008] trial 3 fold 1 no_physics
2026-03-28 00:57:31,404 | 3861906 | INFO | queue[0009] trial 3 fold 2 no_physics
2026-03-28 00:57:31,405 | 3861906 | INFO | queue[0010] trial 3 fold 3 no_physics
2026-03-28 00:57:31,405 | 3861906 | INFO | queue[0011] trial 3 fold 4 no_physics
2026-03-28 00:57:31,405 | 3861906 | INFO | queue[0012] trial 4 fold 1 no_physics
2026-03-28 00:57:31,406 | 3861906 | INFO | queue[0013] trial 4 fold 2 no_physics
2026-03-28 00:57:31,406 | 3861906 | INFO | queue[0014] trial 4 fold 3 no_physics
2026-03-28 00:57:31,406 | 3861906 | INFO | queue[0015] trial 4 fold 4 no_physics
2026-03-28 00:57:31,407 | 3861906 | INFO | queue[0016] trial 5 fold 1 no_physics
2026-03-28 00:57:31,407 | 3861906 | INFO | queue[0017] trial 5 fold 2 no_physics
2026-03-28 00:57:31,407 | 3861906 | INFO | queue[0018] trial 5 fold 3 no_physics
2026-03-28 00:57:31,407 | 3861906 | INFO | queue[0019] trial 5 fold 4 no_physics
2026-03-28 00:57:31,407 | 3861906 | INFO | queue[0020] trial 6 fold 1 no_physics
2026-03-28 00:57:31,408 | 3861906 | INFO | queue[0021] trial 6 fold 2 no_physics
2026-03-28 00:57:31,408 | 3861906 | INFO | queue[0022] trial 6 fold 3 no_physics
2026-03-28 00:57:31,408 | 3861906 | INFO | queue[0023] trial 6 fold 4 no_physics
2026-03-28 00:57:31,408 | 3861906 | INFO | queue[0024] trial 7 fold 1 no_physics
2026-03-28 00:57:31,408 | 3861906 | INFO | queue[0025] trial 7 fold 2 no_physics
2026-03-28 00:57:31,408 | 3861906 | INFO | queue[0026] trial 7 fold 3 no_physics
2026-03-28 00:57:31,409 | 3861906 | INFO | queue[0027] trial 7 fold 4 no_physics
2026-03-28 00:57:31,409 | 3861906 | INFO | queue[0028] trial 8 fold 1 no_physics
2026-03-28 00:57:31,409 | 3861906 | INFO | queue[0029] trial 8 fold 2 no_physics
2026-03-28 00:57:31,409 | 3861906 | INFO | queue[0030] trial 8 fold 3 no_physics
2026-03-28 00:57:31,409 | 3861906 | INFO | queue[0031] trial 8 fold 4 no_physics
2026-03-28 00:57:31,409 | 3861906 | INFO | queue[0032] trial 9 fold 1 no_physics
2026-03-28 00:57:31,409 | 3861906 | INFO | queue[0033] trial 9 fold 2 no_physics
2026-03-28 00:57:31,410 | 3861906 | INFO | queue[0034] trial 9 fold 3 no_physics
2026-03-28 00:57:31,410 | 3861906 | INFO | queue[0035] trial 9 fold 4 no_physics
2026-03-28 00:57:31,410 | 3861906 | INFO | [END BAYES QUEUE]
2026-03-28 00:57:31,731 | 3861906 | INFO | [ENQUEUE TRIAL] trial 10 no_physics
2026-03-28 00:57:31,731 | 3861906 | INFO | [BAYES QUEUE STATE]
2026-03-28 00:57:31,731 | 3861906 | INFO | pending_jobs = 40
2026-03-28 00:57:31,732 | 3861906 | INFO | inflight_trials = [0, 1, 2, 3, 4, 5, 6, 7, 8, 9]
2026-03-28 00:57:31,732 | 3861906 | INFO | queue[0000] trial 1 fold 1 no_physics
2026-03-28 00:57:31,732 | 3861906 | INFO | queue[0001] trial 1 fold 2 no_physics
2026-03-28 00:57:31,733 | 3861906 | INFO | queue[0002] trial 1 fold 3 no_physics
2026-03-28 00:57:31,733 | 3861906 | INFO | queue[0003] trial 1 fold 4 no_physics
2026-03-28 00:57:31,733 | 3861906 | INFO | queue[0004] trial 2 fold 1 no_physics
2026-03-28 00:57:31,734 | 3861906 | INFO | queue[0005] trial 2 fold 2 no_physics
2026-03-28 00:57:31,734 | 3861906 | INFO | queue[0006] trial 2 fold 3 no_physics
2026-03-28 00:57:31,734 | 3861906 | INFO | queue[0007] trial 2 fold 4 no_physics
2026-03-28 00:57:31,735 | 3861906 | INFO | queue[0008] trial 3 fold 1 no_physics
2026-03-28 00:57:31,735 | 3861906 | INFO | queue[0009] trial 3 fold 2 no_physics
2026-03-28 00:57:31,735 | 3861906 | INFO | queue[0010] trial 3 fold 3 no_physics
2026-03-28 00:57:31,735 | 3861906 | INFO | queue[0011] trial 3 fold 4 no_physics
2026-03-28 00:57:31,735 | 3861906 | INFO | queue[0012] trial 4 fold 1 no_physics
2026-03-28 00:57:31,736 | 3861906 | INFO | queue[0013] trial 4 fold 2 no_physics
2026-03-28 00:57:31,736 | 3861906 | INFO | queue[0014] trial 4 fold 3 no_physics
2026-03-28 00:57:31,736 | 3861906 | INFO | queue[0015] trial 4 fold 4 no_physics
2026-03-28 00:57:31,736 | 3861906 | INFO | queue[0016] trial 5 fold 1 no_physics
2026-03-28 00:57:31,736 | 3861906 | INFO | queue[0017] trial 5 fold 2 no_physics
2026-03-28 00:57:31,736 | 3861906 | INFO | queue[0018] trial 5 fold 3 no_physics
2026-03-28 00:57:31,737 | 3861906 | INFO | queue[0019] trial 5 fold 4 no_physics
2026-03-28 00:57:31,737 | 3861906 | INFO | queue[0020] trial 6 fold 1 no_physics
2026-03-28 00:57:31,737 | 3861906 | INFO | queue[0021] trial 6 fold 2 no_physics
2026-03-28 00:57:31,737 | 3861906 | INFO | queue[0022] trial 6 fold 3 no_physics
2026-03-28 00:57:31,737 | 3861906 | INFO | queue[0023] trial 6 fold 4 no_physics
2026-03-28 00:57:31,738 | 3861906 | INFO | queue[0024] trial 7 fold 1 no_physics
2026-03-28 00:57:31,738 | 3861906 | INFO | queue[0025] trial 7 fold 2 no_physics
2026-03-28 00:57:31,738 | 3861906 | INFO | queue[0026] trial 7 fold 3 no_physics
2026-03-28 00:57:31,738 | 3861906 | INFO | queue[0027] trial 7 fold 4 no_physics
2026-03-28 00:57:31,738 | 3861906 | INFO | queue[0028] trial 8 fold 1 no_physics
2026-03-28 00:57:31,739 | 3861906 | INFO | queue[0029] trial 8 fold 2 no_physics
2026-03-28 00:57:31,739 | 3861906 | INFO | queue[0030] trial 8 fold 3 no_physics
2026-03-28 00:57:31,739 | 3861906 | INFO | queue[0031] trial 8 fold 4 no_physics
2026-03-28 00:57:31,739 | 3861906 | INFO | queue[0032] trial 9 fold 1 no_physics
2026-03-28 00:57:31,739 | 3861906 | INFO | queue[0033] trial 9 fold 2 no_physics
2026-03-28 00:57:31,740 | 3861906 | INFO | queue[0034] trial 9 fold 3 no_physics
2026-03-28 00:57:31,740 | 3861906 | INFO | queue[0035] trial 9 fold 4 no_physics
2026-03-28 00:57:31,740 | 3861906 | INFO | queue[0036] trial 10 fold 1 no_physics
2026-03-28 00:57:31,740 | 3861906 | INFO | queue[0037] trial 10 fold 2 no_physics
2026-03-28 00:57:31,740 | 3861906 | INFO | queue[0038] trial 10 fold 3 no_physics
2026-03-28 00:57:31,741 | 3861906 | INFO | queue[0039] trial 10 fold 4 no_physics
2026-03-28 00:57:31,741 | 3861906 | INFO | [END BAYES QUEUE]
2026-03-28 00:57:32,049 | 3861906 | INFO | [ENQUEUE TRIAL] trial 11 no_physics
2026-03-28 00:57:32,049 | 3861906 | INFO | [BAYES QUEUE STATE]
2026-03-28 00:57:32,050 | 3861906 | INFO | pending_jobs = 44
2026-03-28 00:57:32,050 | 3861906 | INFO | inflight_trials = [0, 1, 2, 3, 4, 5, 6, 7, 8, 9, 10]
2026-03-28 00:57:32,050 | 3861906 | INFO | queue[0000] trial 1 fold 1 no_physics
2026-03-28 00:57:32,051 | 3861906 | INFO | queue[0001] trial 1 fold 2 no_physics
2026-03-28 00:57:32,051 | 3861906 | INFO | queue[0002] trial 1 fold 3 no_physics
2026-03-28 00:57:32,051 | 3861906 | INFO | queue[0003] trial 1 fold 4 no_physics
2026-03-28 00:57:32,052 | 3861906 | INFO | queue[0004] trial 2 fold 1 no_physics
2026-03-28 00:57:32,052 | 3861906 | INFO | queue[0005] trial 2 fold 2 no_physics
2026-03-28 00:57:32,052 | 3861906 | INFO | queue[0006] trial 2 fold 3 no_physics
2026-03-28 00:57:32,052 | 3861906 | INFO | queue[0007] trial 2 fold 4 no_physics
2026-03-28 00:57:32,053 | 3861906 | INFO | queue[0008] trial 3 fold 1 no_physics
2026-03-28 00:57:32,053 | 3861906 | INFO | queue[0009] trial 3 fold 2 no_physics
2026-03-28 00:57:32,053 | 3861906 | INFO | queue[0010] trial 3 fold 3 no_physics
2026-03-28 00:57:32,054 | 3861906 | INFO | queue[0011] trial 3 fold 4 no_physics
2026-03-28 00:57:32,054 | 3861906 | INFO | queue[0012] trial 4 fold 1 no_physics
2026-03-28 00:57:32,054 | 3861906 | INFO | queue[0013] trial 4 fold 2 no_physics
2026-03-28 00:57:32,055 | 3861906 | INFO | queue[0014] trial 4 fold 3 no_physics
2026-03-28 00:57:32,055 | 3861906 | INFO | queue[0015] trial 4 fold 4 no_physics
2026-03-28 00:57:32,055 | 3861906 | INFO | queue[0016] trial 5 fold 1 no_physics
2026-03-28 00:57:32,056 | 3861906 | INFO | queue[0017] trial 5 fold 2 no_physics
2026-03-28 00:57:32,056 | 3861906 | INFO | queue[0018] trial 5 fold 3 no_physics
2026-03-28 00:57:32,056 | 3861906 | INFO | queue[0019] trial 5 fold 4 no_physics
2026-03-28 00:57:32,057 | 3861906 | INFO | queue[0020] trial 6 fold 1 no_physics
2026-03-28 00:57:32,057 | 3861906 | INFO | queue[0021] trial 6 fold 2 no_physics
2026-03-28 00:57:32,057 | 3861906 | INFO | queue[0022] trial 6 fold 3 no_physics
2026-03-28 00:57:32,058 | 3861906 | INFO | queue[0023] trial 6 fold 4 no_physics
2026-03-28 00:57:32,058 | 3861906 | INFO | queue[0024] trial 7 fold 1 no_physics
2026-03-28 00:57:32,058 | 3861906 | INFO | queue[0025] trial 7 fold 2 no_physics
2026-03-28 00:57:32,058 | 3861906 | INFO | queue[0026] trial 7 fold 3 no_physics
2026-03-28 00:57:32,058 | 3861906 | INFO | queue[0027] trial 7 fold 4 no_physics
2026-03-28 00:57:32,058 | 3861906 | INFO | queue[0028] trial 8 fold 1 no_physics
2026-03-28 00:57:32,058 | 3861906 | INFO | queue[0029] trial 8 fold 2 no_physics
2026-03-28 00:57:32,058 | 3861906 | INFO | queue[0030] trial 8 fold 3 no_physics
2026-03-28 00:57:32,059 | 3861906 | INFO | queue[0031] trial 8 fold 4 no_physics
2026-03-28 00:57:32,059 | 3861906 | INFO | queue[0032] trial 9 fold 1 no_physics
2026-03-28 00:57:32,059 | 3861906 | INFO | queue[0033] trial 9 fold 2 no_physics
2026-03-28 00:57:32,059 | 3861906 | INFO | queue[0034] trial 9 fold 3 no_physics
2026-03-28 00:57:32,059 | 3861906 | INFO | queue[0035] trial 9 fold 4 no_physics
2026-03-28 00:57:32,059 | 3861906 | INFO | queue[0036] trial 10 fold 1 no_physics
2026-03-28 00:57:32,059 | 3861906 | INFO | queue[0037] trial 10 fold 2 no_physics
2026-03-28 00:57:32,060 | 3861906 | INFO | queue[0038] trial 10 fold 3 no_physics
2026-03-28 00:57:32,060 | 3861906 | INFO | queue[0039] trial 10 fold 4 no_physics
2026-03-28 00:57:32,060 | 3861906 | INFO | queue[0040] trial 11 fold 1 no_physics
2026-03-28 00:57:32,060 | 3861906 | INFO | queue[0041] trial 11 fold 2 no_physics
2026-03-28 00:57:32,060 | 3861906 | INFO | queue[0042] trial 11 fold 3 no_physics
2026-03-28 00:57:32,060 | 3861906 | INFO | queue[0043] trial 11 fold 4 no_physics
2026-03-28 00:57:32,060 | 3861906 | INFO | [END BAYES QUEUE]
2026-03-28 00:57:32,408 | 3861906 | INFO | [ENQUEUE TRIAL] trial 12 no_physics
2026-03-28 00:57:32,419 | 3861906 | INFO | [BAYES QUEUE STATE]
2026-03-28 00:57:32,419 | 3861906 | INFO | pending_jobs = 48
2026-03-28 00:57:32,420 | 3861906 | INFO | inflight_trials = [0, 1, 2, 3, 4, 5, 6, 7, 8, 9, 10, 11]
2026-03-28 00:57:32,420 | 3861906 | INFO | queue[0000] trial 1 fold 1 no_physics
2026-03-28 00:57:32,420 | 3861906 | INFO | queue[0001] trial 1 fold 2 no_physics
2026-03-28 00:57:32,421 | 3861906 | INFO | queue[0002] trial 1 fold 3 no_physics
2026-03-28 00:57:32,421 | 3861906 | INFO | queue[0003] trial 1 fold 4 no_physics
2026-03-28 00:57:32,421 | 3861906 | INFO | queue[0004] trial 2 fold 1 no_physics
2026-03-28 00:57:32,421 | 3861906 | INFO | queue[0005] trial 2 fold 2 no_physics
2026-03-28 00:57:32,422 | 3861906 | INFO | queue[0006] trial 2 fold 3 no_physics
2026-03-28 00:57:32,422 | 3861906 | INFO | queue[0007] trial 2 fold 4 no_physics
2026-03-28 00:57:32,422 | 3861906 | INFO | queue[0008] trial 3 fold 1 no_physics
2026-03-28 00:57:32,423 | 3861906 | INFO | queue[0009] trial 3 fold 2 no_physics
2026-03-28 00:57:32,423 | 3861906 | INFO | queue[0010] trial 3 fold 3 no_physics
2026-03-28 00:57:32,423 | 3861906 | INFO | queue[0011] trial 3 fold 4 no_physics
2026-03-28 00:57:32,424 | 3861906 | INFO | queue[0012] trial 4 fold 1 no_physics
2026-03-28 00:57:32,424 | 3861906 | INFO | queue[0013] trial 4 fold 2 no_physics
2026-03-28 00:57:32,424 | 3861906 | INFO | queue[0014] trial 4 fold 3 no_physics
2026-03-28 00:57:32,425 | 3861906 | INFO | queue[0015] trial 4 fold 4 no_physics
2026-03-28 00:57:32,425 | 3861906 | INFO | queue[0016] trial 5 fold 1 no_physics
2026-03-28 00:57:32,425 | 3861906 | INFO | queue[0017] trial 5 fold 2 no_physics
2026-03-28 00:57:32,426 | 3861906 | INFO | queue[0018] trial 5 fold 3 no_physics
2026-03-28 00:57:32,426 | 3861906 | INFO | queue[0019] trial 5 fold 4 no_physics
2026-03-28 00:57:32,426 | 3861906 | INFO | queue[0020] trial 6 fold 1 no_physics
2026-03-28 00:57:32,426 | 3861906 | INFO | queue[0021] trial 6 fold 2 no_physics
2026-03-28 00:57:32,427 | 3861906 | INFO | queue[0022] trial 6 fold 3 no_physics
2026-03-28 00:57:32,427 | 3861906 | INFO | queue[0023] trial 6 fold 4 no_physics
2026-03-28 00:57:32,427 | 3861906 | INFO | queue[0024] trial 7 fold 1 no_physics
2026-03-28 00:57:32,427 | 3861906 | INFO | queue[0025] trial 7 fold 2 no_physics
2026-03-28 00:57:32,427 | 3861906 | INFO | queue[0026] trial 7 fold 3 no_physics
2026-03-28 00:57:32,428 | 3861906 | INFO | queue[0027] trial 7 fold 4 no_physics
2026-03-28 00:57:32,428 | 3861906 | INFO | queue[0028] trial 8 fold 1 no_physics
2026-03-28 00:57:32,428 | 3861906 | INFO | queue[0029] trial 8 fold 2 no_physics
2026-03-28 00:57:32,428 | 3861906 | INFO | queue[0030] trial 8 fold 3 no_physics
2026-03-28 00:57:32,428 | 3861906 | INFO | queue[0031] trial 8 fold 4 no_physics
2026-03-28 00:57:32,428 | 3861906 | INFO | queue[0032] trial 9 fold 1 no_physics
2026-03-28 00:57:32,428 | 3861906 | INFO | queue[0033] trial 9 fold 2 no_physics
2026-03-28 00:57:32,429 | 3861906 | INFO | queue[0034] trial 9 fold 3 no_physics
2026-03-28 00:57:32,429 | 3861906 | INFO | queue[0035] trial 9 fold 4 no_physics
2026-03-28 00:57:32,429 | 3861906 | INFO | queue[0036] trial 10 fold 1 no_physics
2026-03-28 00:57:32,429 | 3861906 | INFO | queue[0037] trial 10 fold 2 no_physics
2026-03-28 00:57:32,429 | 3861906 | INFO | queue[0038] trial 10 fold 3 no_physics
2026-03-28 00:57:32,429 | 3861906 | INFO | queue[0039] trial 10 fold 4 no_physics
2026-03-28 00:57:32,429 | 3861906 | INFO | queue[0040] trial 11 fold 1 no_physics
2026-03-28 00:57:32,429 | 3861906 | INFO | queue[0041] trial 11 fold 2 no_physics
2026-03-28 00:57:32,430 | 3861906 | INFO | queue[0042] trial 11 fold 3 no_physics
2026-03-28 00:57:32,430 | 3861906 | INFO | queue[0043] trial 11 fold 4 no_physics
2026-03-28 00:57:32,430 | 3861906 | INFO | queue[0044] trial 12 fold 1 no_physics
2026-03-28 00:57:32,430 | 3861906 | INFO | queue[0045] trial 12 fold 2 no_physics
2026-03-28 00:57:32,430 | 3861906 | INFO | queue[0046] trial 12 fold 3 no_physics
2026-03-28 00:57:32,430 | 3861906 | INFO | queue[0047] trial 12 fold 4 no_physics
2026-03-28 00:57:32,430 | 3861906 | INFO | [END BAYES QUEUE]
2026-03-28 00:57:32,746 | 3861906 | INFO | [ENQUEUE TRIAL] trial 13 no_physics
2026-03-28 00:57:32,747 | 3861906 | INFO | [BAYES QUEUE STATE]
2026-03-28 00:57:32,747 | 3861906 | INFO | pending_jobs = 52
2026-03-28 00:57:32,747 | 3861906 | INFO | inflight_trials = [0, 1, 2, 3, 4, 5, 6, 7, 8, 9, 10, 11, 12]
2026-03-28 00:57:32,748 | 3861906 | INFO | queue[0000] trial 1 fold 1 no_physics
2026-03-28 00:57:32,748 | 3861906 | INFO | queue[0001] trial 1 fold 2 no_physics
2026-03-28 00:57:32,748 | 3861906 | INFO | queue[0002] trial 1 fold 3 no_physics
2026-03-28 00:57:32,749 | 3861906 | INFO | queue[0003] trial 1 fold 4 no_physics
2026-03-28 00:57:32,749 | 3861906 | INFO | queue[0004] trial 2 fold 1 no_physics
2026-03-28 00:57:32,749 | 3861906 | INFO | queue[0005] trial 2 fold 2 no_physics
2026-03-28 00:57:32,749 | 3861906 | INFO | queue[0006] trial 2 fold 3 no_physics
2026-03-28 00:57:32,750 | 3861906 | INFO | queue[0007] trial 2 fold 4 no_physics
2026-03-28 00:57:32,750 | 3861906 | INFO | queue[0008] trial 3 fold 1 no_physics
2026-03-28 00:57:32,750 | 3861906 | INFO | queue[0009] trial 3 fold 2 no_physics
2026-03-28 00:57:32,750 | 3861906 | INFO | queue[0010] trial 3 fold 3 no_physics
2026-03-28 00:57:32,751 | 3861906 | INFO | queue[0011] trial 3 fold 4 no_physics
2026-03-28 00:57:32,751 | 3861906 | INFO | queue[0012] trial 4 fold 1 no_physics
2026-03-28 00:57:32,751 | 3861906 | INFO | queue[0013] trial 4 fold 2 no_physics
2026-03-28 00:57:32,751 | 3861906 | INFO | queue[0014] trial 4 fold 3 no_physics
2026-03-28 00:57:32,752 | 3861906 | INFO | queue[0015] trial 4 fold 4 no_physics
2026-03-28 00:57:32,752 | 3861906 | INFO | queue[0016] trial 5 fold 1 no_physics
2026-03-28 00:57:32,752 | 3861906 | INFO | queue[0017] trial 5 fold 2 no_physics
2026-03-28 00:57:32,752 | 3861906 | INFO | queue[0018] trial 5 fold 3 no_physics
2026-03-28 00:57:32,753 | 3861906 | INFO | queue[0019] trial 5 fold 4 no_physics
2026-03-28 00:57:32,753 | 3861906 | INFO | queue[0020] trial 6 fold 1 no_physics
2026-03-28 00:57:32,753 | 3861906 | INFO | queue[0021] trial 6 fold 2 no_physics
2026-03-28 00:57:32,753 | 3861906 | INFO | queue[0022] trial 6 fold 3 no_physics
2026-03-28 00:57:32,754 | 3861906 | INFO | queue[0023] trial 6 fold 4 no_physics
2026-03-28 00:57:32,754 | 3861906 | INFO | queue[0024] trial 7 fold 1 no_physics
2026-03-28 00:57:32,754 | 3861906 | INFO | queue[0025] trial 7 fold 2 no_physics
2026-03-28 00:57:32,754 | 3861906 | INFO | queue[0026] trial 7 fold 3 no_physics
2026-03-28 00:57:32,755 | 3861906 | INFO | queue[0027] trial 7 fold 4 no_physics
2026-03-28 00:57:32,755 | 3861906 | INFO | queue[0028] trial 8 fold 1 no_physics
2026-03-28 00:57:32,755 | 3861906 | INFO | queue[0029] trial 8 fold 2 no_physics
2026-03-28 00:57:32,755 | 3861906 | INFO | queue[0030] trial 8 fold 3 no_physics
2026-03-28 00:57:32,756 | 3861906 | INFO | queue[0031] trial 8 fold 4 no_physics
2026-03-28 00:57:32,756 | 3861906 | INFO | queue[0032] trial 9 fold 1 no_physics
2026-03-28 00:57:32,756 | 3861906 | INFO | queue[0033] trial 9 fold 2 no_physics
2026-03-28 00:57:32,756 | 3861906 | INFO | queue[0034] trial 9 fold 3 no_physics
2026-03-28 00:57:32,756 | 3861906 | INFO | queue[0035] trial 9 fold 4 no_physics
2026-03-28 00:57:32,756 | 3861906 | INFO | queue[0036] trial 10 fold 1 no_physics
2026-03-28 00:57:32,757 | 3861906 | INFO | queue[0037] trial 10 fold 2 no_physics
2026-03-28 00:57:32,757 | 3861906 | INFO | queue[0038] trial 10 fold 3 no_physics
2026-03-28 00:57:32,757 | 3861906 | INFO | queue[0039] trial 10 fold 4 no_physics
2026-03-28 00:57:32,757 | 3861906 | INFO | queue[0040] trial 11 fold 1 no_physics
2026-03-28 00:57:32,757 | 3861906 | INFO | queue[0041] trial 11 fold 2 no_physics
2026-03-28 00:57:32,757 | 3861906 | INFO | queue[0042] trial 11 fold 3 no_physics
2026-03-28 00:57:32,757 | 3861906 | INFO | queue[0043] trial 11 fold 4 no_physics
2026-03-28 00:57:32,757 | 3861906 | INFO | queue[0044] trial 12 fold 1 no_physics
2026-03-28 00:57:32,758 | 3861906 | INFO | queue[0045] trial 12 fold 2 no_physics
2026-03-28 00:57:32,758 | 3861906 | INFO | queue[0046] trial 12 fold 3 no_physics
2026-03-28 00:57:32,758 | 3861906 | INFO | queue[0047] trial 12 fold 4 no_physics
2026-03-28 00:57:32,758 | 3861906 | INFO | queue[0048] trial 13 fold 1 no_physics
2026-03-28 00:57:32,758 | 3861906 | INFO | queue[0049] trial 13 fold 2 no_physics
2026-03-28 00:57:32,758 | 3861906 | INFO | queue[0050] trial 13 fold 3 no_physics
2026-03-28 00:57:32,758 | 3861906 | INFO | queue[0051] trial 13 fold 4 no_physics
2026-03-28 00:57:32,758 | 3861906 | INFO | [END BAYES QUEUE]
2026-03-28 01:06:59,467 | 3861906 | INFO | [RESUME] starting from trial 0
2026-03-28 01:08:47,118 | 3861906 | INFO | [RESUME] starting from trial 0
2026-03-28 01:09:33,743 | 3861906 | INFO | [RESUME] starting from trial 0
2026-03-28 01:09:39,578 | 3861906 | INFO | [RESUME] starting from trial 0
2026-03-28 01:09:45,814 | 3861906 | INFO | [RESUME] starting from trial 0
2026-03-28 01:10:04,087 | 3861906 | INFO | [RESUME] starting from trial 0
2026-03-28 01:10:50,343 | 3861906 | INFO | [RESUME] starting from trial 0
2026-03-28 01:11:00,592 | 3861906 | INFO | [RESUME] starting from trial 0
2026-03-28 01:13:36,059 | 3861906 | INFO | [RESUME] starting from trial 0
2026-03-28 01:13:41,290 | 3861906 | INFO | [RESUME] starting from trial 0
2026-03-28 01:14:04,998 | 3861906 | INFO | [TRIAL COMPLETE] trial 1 no_physics NSE_1D=0.80751 NSE_1H=0.78988
2026-03-28 01:14:05,290 | 3861906 | INFO | [ENQUEUE TRIAL] trial 14 no_physics
2026-03-28 01:14:05,290 | 3861906 | INFO | [BAYES QUEUE STATE]
2026-03-28 01:14:05,291 | 3861906 | INFO | pending_jobs = 4
2026-03-28 01:14:05,291 | 3861906 | INFO | inflight_trials = [1, 2, 3, 4, 5, 6, 7, 8, 9, 10, 11, 12, 13]
2026-03-28 01:14:05,291 | 3861906 | INFO | queue[0000] trial 14 fold 1 no_physics
2026-03-28 01:14:05,292 | 3861906 | INFO | queue[0001] trial 14 fold 2 no_physics
2026-03-28 01:14:05,292 | 3861906 | INFO | queue[0002] trial 14 fold 3 no_physics
2026-03-28 01:14:05,292 | 3861906 | INFO | queue[0003] trial 14 fold 4 no_physics
2026-03-28 01:14:05,293 | 3861906 | INFO | [END BAYES QUEUE]
2026-03-28 01:14:05,572 | 3861906 | INFO | [ENQUEUE TRIAL] trial 15 no_physics
2026-03-28 01:14:05,573 | 3861906 | INFO | [BAYES QUEUE STATE]
2026-03-28 01:14:05,573 | 3861906 | INFO | pending_jobs = 8
2026-03-28 01:14:05,573 | 3861906 | INFO | inflight_trials = [1, 2, 3, 4, 5, 6, 7, 8, 9, 10, 11, 12, 13, 14]
2026-03-28 01:14:05,574 | 3861906 | INFO | queue[0000] trial 14 fold 1 no_physics
2026-03-28 01:14:05,574 | 3861906 | INFO | queue[0001] trial 14 fold 2 no_physics
2026-03-28 01:14:05,574 | 3861906 | INFO | queue[0002] trial 14 fold 3 no_physics
2026-03-28 01:14:05,575 | 3861906 | INFO | queue[0003] trial 14 fold 4 no_physics
2026-03-28 01:14:05,575 | 3861906 | INFO | queue[0004] trial 15 fold 1 no_physics
2026-03-28 01:14:05,575 | 3861906 | INFO | queue[0005] trial 15 fold 2 no_physics
2026-03-28 01:14:05,576 | 3861906 | INFO | queue[0006] trial 15 fold 3 no_physics
2026-03-28 01:14:05,576 | 3861906 | INFO | queue[0007] trial 15 fold 4 no_physics
2026-03-28 01:14:05,576 | 3861906 | INFO | [END BAYES QUEUE]
2026-03-28 01:14:05,890 | 3861906 | INFO | [ENQUEUE TRIAL] trial 16 no_physics
2026-03-28 01:14:05,893 | 3861906 | INFO | [BAYES QUEUE STATE]
2026-03-28 01:14:05,894 | 3861906 | INFO | pending_jobs = 12
2026-03-28 01:14:05,894 | 3861906 | INFO | inflight_trials = [1, 2, 3, 4, 5, 6, 7, 8, 9, 10, 11, 12, 13, 14, 15]
2026-03-28 01:14:05,894 | 3861906 | INFO | queue[0000] trial 14 fold 1 no_physics
2026-03-28 01:14:05,895 | 3861906 | INFO | queue[0001] trial 14 fold 2 no_physics
2026-03-28 01:14:05,895 | 3861906 | INFO | queue[0002] trial 14 fold 3 no_physics
2026-03-28 01:14:05,895 | 3861906 | INFO | queue[0003] trial 14 fold 4 no_physics
2026-03-28 01:14:05,896 | 3861906 | INFO | queue[0004] trial 15 fold 1 no_physics
2026-03-28 01:14:05,896 | 3861906 | INFO | queue[0005] trial 15 fold 2 no_physics
2026-03-28 01:14:05,896 | 3861906 | INFO | queue[0006] trial 15 fold 3 no_physics
2026-03-28 01:14:05,897 | 3861906 | INFO | queue[0007] trial 15 fold 4 no_physics
2026-03-28 01:14:05,897 | 3861906 | INFO | queue[0008] trial 16 fold 1 no_physics
2026-03-28 01:14:05,897 | 3861906 | INFO | queue[0009] trial 16 fold 2 no_physics
2026-03-28 01:14:05,898 | 3861906 | INFO | queue[0010] trial 16 fold 3 no_physics
2026-03-28 01:14:05,898 | 3861906 | INFO | queue[0011] trial 16 fold 4 no_physics
2026-03-28 01:14:05,898 | 3861906 | INFO | [END BAYES QUEUE]
2026-03-28 01:14:06,175 | 3861906 | INFO | [ENQUEUE TRIAL] trial 17 no_physics
2026-03-28 01:14:06,176 | 3861906 | INFO | [BAYES QUEUE STATE]
2026-03-28 01:14:06,176 | 3861906 | INFO | pending_jobs = 16
2026-03-28 01:14:06,177 | 3861906 | INFO | inflight_trials = [1, 2, 3, 4, 5, 6, 7, 8, 9, 10, 11, 12, 13, 14, 15, 16]
2026-03-28 01:14:06,177 | 3861906 | INFO | queue[0000] trial 14 fold 1 no_physics
2026-03-28 01:14:06,177 | 3861906 | INFO | queue[0001] trial 14 fold 2 no_physics
2026-03-28 01:14:06,178 | 3861906 | INFO | queue[0002] trial 14 fold 3 no_physics
2026-03-28 01:14:06,178 | 3861906 | INFO | queue[0003] trial 14 fold 4 no_physics
2026-03-28 01:14:06,178 | 3861906 | INFO | queue[0004] trial 15 fold 1 no_physics
2026-03-28 01:14:06,179 | 3861906 | INFO | queue[0005] trial 15 fold 2 no_physics
2026-03-28 01:14:06,179 | 3861906 | INFO | queue[0006] trial 15 fold 3 no_physics
2026-03-28 01:14:06,179 | 3861906 | INFO | queue[0007] trial 15 fold 4 no_physics
2026-03-28 01:14:06,180 | 3861906 | INFO | queue[0008] trial 16 fold 1 no_physics
2026-03-28 01:14:06,180 | 3861906 | INFO | queue[0009] trial 16 fold 2 no_physics
2026-03-28 01:14:06,180 | 3861906 | INFO | queue[0010] trial 16 fold 3 no_physics
2026-03-28 01:14:06,181 | 3861906 | INFO | queue[0011] trial 16 fold 4 no_physics
2026-03-28 01:14:06,181 | 3861906 | INFO | queue[0012] trial 17 fold 1 no_physics
2026-03-28 01:14:06,181 | 3861906 | INFO | queue[0013] trial 17 fold 2 no_physics
2026-03-28 01:14:06,182 | 3861906 | INFO | queue[0014] trial 17 fold 3 no_physics
2026-03-28 01:14:06,182 | 3861906 | INFO | queue[0015] trial 17 fold 4 no_physics
2026-03-28 01:14:06,182 | 3861906 | INFO | [END BAYES QUEUE]
2026-03-28 01:14:06,464 | 3861906 | INFO | [ENQUEUE TRIAL] trial 18 no_physics
2026-03-28 01:14:06,465 | 3861906 | INFO | [BAYES QUEUE STATE]
2026-03-28 01:14:06,465 | 3861906 | INFO | pending_jobs = 20
2026-03-28 01:14:06,465 | 3861906 | INFO | inflight_trials = [1, 2, 3, 4, 5, 6, 7, 8, 9, 10, 11, 12, 13, 14, 15, 16, 17]
2026-03-28 01:14:06,466 | 3861906 | INFO | queue[0000] trial 14 fold 1 no_physics
2026-03-28 01:14:06,466 | 3861906 | INFO | queue[0001] trial 14 fold 2 no_physics
2026-03-28 01:14:06,466 | 3861906 | INFO | queue[0002] trial 14 fold 3 no_physics
2026-03-28 01:14:06,467 | 3861906 | INFO | queue[0003] trial 14 fold 4 no_physics
2026-03-28 01:14:06,467 | 3861906 | INFO | queue[0004] trial 15 fold 1 no_physics
2026-03-28 01:14:06,468 | 3861906 | INFO | queue[0005] trial 15 fold 2 no_physics
2026-03-28 01:14:06,468 | 3861906 | INFO | queue[0006] trial 15 fold 3 no_physics
2026-03-28 01:14:06,468 | 3861906 | INFO | queue[0007] trial 15 fold 4 no_physics
2026-03-28 01:14:06,469 | 3861906 | INFO | queue[0008] trial 16 fold 1 no_physics
2026-03-28 01:14:06,469 | 3861906 | INFO | queue[0009] trial 16 fold 2 no_physics
2026-03-28 01:14:06,469 | 3861906 | INFO | queue[0010] trial 16 fold 3 no_physics
2026-03-28 01:14:06,470 | 3861906 | INFO | queue[0011] trial 16 fold 4 no_physics
2026-03-28 01:14:06,470 | 3861906 | INFO | queue[0012] trial 17 fold 1 no_physics
2026-03-28 01:14:06,470 | 3861906 | INFO | queue[0013] trial 17 fold 2 no_physics
2026-03-28 01:14:06,471 | 3861906 | INFO | queue[0014] trial 17 fold 3 no_physics
2026-03-28 01:14:06,471 | 3861906 | INFO | queue[0015] trial 17 fold 4 no_physics
2026-03-28 01:14:06,471 | 3861906 | INFO | queue[0016] trial 18 fold 1 no_physics
2026-03-28 01:14:06,472 | 3861906 | INFO | queue[0017] trial 18 fold 2 no_physics
2026-03-28 01:14:06,472 | 3861906 | INFO | queue[0018] trial 18 fold 3 no_physics
2026-03-28 01:14:06,472 | 3861906 | INFO | queue[0019] trial 18 fold 4 no_physics
2026-03-28 01:14:06,472 | 3861906 | INFO | [END BAYES QUEUE]
2026-03-28 01:14:06,744 | 3861906 | INFO | [ENQUEUE TRIAL] trial 19 no_physics
2026-03-28 01:14:06,745 | 3861906 | INFO | [BAYES QUEUE STATE]
2026-03-28 01:14:06,745 | 3861906 | INFO | pending_jobs = 24
2026-03-28 01:14:06,745 | 3861906 | INFO | inflight_trials = [1, 2, 3, 4, 5, 6, 7, 8, 9, 10, 11, 12, 13, 14, 15, 16, 17, 18]
2026-03-28 01:14:06,746 | 3861906 | INFO | queue[0000] trial 14 fold 1 no_physics
2026-03-28 01:14:06,746 | 3861906 | INFO | queue[0001] trial 14 fold 2 no_physics
2026-03-28 01:14:06,746 | 3861906 | INFO | queue[0002] trial 14 fold 3 no_physics
2026-03-28 01:14:06,758 | 3861906 | INFO | queue[0003] trial 14 fold 4 no_physics
2026-03-28 01:14:06,758 | 3861906 | INFO | queue[0004] trial 15 fold 1 no_physics
2026-03-28 01:14:06,759 | 3861906 | INFO | queue[0005] trial 15 fold 2 no_physics
2026-03-28 01:14:06,759 | 3861906 | INFO | queue[0006] trial 15 fold 3 no_physics
2026-03-28 01:14:06,759 | 3861906 | INFO | queue[0007] trial 15 fold 4 no_physics
2026-03-28 01:14:06,760 | 3861906 | INFO | queue[0008] trial 16 fold 1 no_physics
2026-03-28 01:14:06,760 | 3861906 | INFO | queue[0009] trial 16 fold 2 no_physics
2026-03-28 01:14:06,760 | 3861906 | INFO | queue[0010] trial 16 fold 3 no_physics
2026-03-28 01:14:06,761 | 3861906 | INFO | queue[0011] trial 16 fold 4 no_physics
2026-03-28 01:14:06,761 | 3861906 | INFO | queue[0012] trial 17 fold 1 no_physics
2026-03-28 01:14:06,761 | 3861906 | INFO | queue[0013] trial 17 fold 2 no_physics
2026-03-28 01:14:06,761 | 3861906 | INFO | queue[0014] trial 17 fold 3 no_physics
2026-03-28 01:14:06,762 | 3861906 | INFO | queue[0015] trial 17 fold 4 no_physics
2026-03-28 01:14:06,762 | 3861906 | INFO | queue[0016] trial 18 fold 1 no_physics
2026-03-28 01:14:06,762 | 3861906 | INFO | queue[0017] trial 18 fold 2 no_physics
2026-03-28 01:14:06,763 | 3861906 | INFO | queue[0018] trial 18 fold 3 no_physics
2026-03-28 01:14:06,763 | 3861906 | INFO | queue[0019] trial 18 fold 4 no_physics
2026-03-28 01:14:06,763 | 3861906 | INFO | queue[0020] trial 19 fold 1 no_physics
2026-03-28 01:14:06,764 | 3861906 | INFO | queue[0021] trial 19 fold 2 no_physics
2026-03-28 01:14:06,764 | 3861906 | INFO | queue[0022] trial 19 fold 3 no_physics
2026-03-28 01:14:06,764 | 3861906 | INFO | queue[0023] trial 19 fold 4 no_physics
2026-03-28 01:14:06,764 | 3861906 | INFO | [END BAYES QUEUE]
2026-03-28 01:14:07,063 | 3861906 | INFO | [ENQUEUE TRIAL] trial 20 no_physics
2026-03-28 01:14:07,066 | 3861906 | INFO | [BAYES QUEUE STATE]
2026-03-28 01:14:07,066 | 3861906 | INFO | pending_jobs = 28
2026-03-28 01:14:07,066 | 3861906 | INFO | inflight_trials = [1, 2, 3, 4, 5, 6, 7, 8, 9, 10, 11, 12, 13, 14, 15, 16, 17, 18, 19]
2026-03-28 01:14:07,067 | 3861906 | INFO | queue[0000] trial 14 fold 1 no_physics
2026-03-28 01:14:07,067 | 3861906 | INFO | queue[0001] trial 14 fold 2 no_physics
2026-03-28 01:14:07,067 | 3861906 | INFO | queue[0002] trial 14 fold 3 no_physics
2026-03-28 01:14:07,068 | 3861906 | INFO | queue[0003] trial 14 fold 4 no_physics
2026-03-28 01:14:07,068 | 3861906 | INFO | queue[0004] trial 15 fold 1 no_physics
2026-03-28 01:14:07,068 | 3861906 | INFO | queue[0005] trial 15 fold 2 no_physics
2026-03-28 01:14:07,069 | 3861906 | INFO | queue[0006] trial 15 fold 3 no_physics
2026-03-28 01:14:07,069 | 3861906 | INFO | queue[0007] trial 15 fold 4 no_physics
2026-03-28 01:14:07,069 | 3861906 | INFO | queue[0008] trial 16 fold 1 no_physics
2026-03-28 01:14:07,070 | 3861906 | INFO | queue[0009] trial 16 fold 2 no_physics
2026-03-28 01:14:07,070 | 3861906 | INFO | queue[0010] trial 16 fold 3 no_physics
2026-03-28 01:14:07,070 | 3861906 | INFO | queue[0011] trial 16 fold 4 no_physics
2026-03-28 01:14:07,070 | 3861906 | INFO | queue[0012] trial 17 fold 1 no_physics
2026-03-28 01:14:07,071 | 3861906 | INFO | queue[0013] trial 17 fold 2 no_physics
2026-03-28 01:14:07,071 | 3861906 | INFO | queue[0014] trial 17 fold 3 no_physics
2026-03-28 01:14:07,071 | 3861906 | INFO | queue[0015] trial 17 fold 4 no_physics
2026-03-28 01:14:07,072 | 3861906 | INFO | queue[0016] trial 18 fold 1 no_physics
2026-03-28 01:14:07,072 | 3861906 | INFO | queue[0017] trial 18 fold 2 no_physics
2026-03-28 01:14:07,072 | 3861906 | INFO | queue[0018] trial 18 fold 3 no_physics
2026-03-28 01:14:07,072 | 3861906 | INFO | queue[0019] trial 18 fold 4 no_physics
2026-03-28 01:14:07,073 | 3861906 | INFO | queue[0020] trial 19 fold 1 no_physics
2026-03-28 01:14:07,073 | 3861906 | INFO | queue[0021] trial 19 fold 2 no_physics
2026-03-28 01:14:07,073 | 3861906 | INFO | queue[0022] trial 19 fold 3 no_physics
2026-03-28 01:14:07,074 | 3861906 | INFO | queue[0023] trial 19 fold 4 no_physics
2026-03-28 01:14:07,074 | 3861906 | INFO | queue[0024] trial 20 fold 1 no_physics
2026-03-28 01:14:07,074 | 3861906 | INFO | queue[0025] trial 20 fold 2 no_physics
2026-03-28 01:14:07,075 | 3861906 | INFO | queue[0026] trial 20 fold 3 no_physics
2026-03-28 01:14:07,075 | 3861906 | INFO | queue[0027] trial 20 fold 4 no_physics
2026-03-28 01:14:07,075 | 3861906 | INFO | [END BAYES QUEUE]
2026-03-28 01:14:07,358 | 3861906 | INFO | [ENQUEUE TRIAL] trial 21 no_physics
2026-03-28 01:14:07,359 | 3861906 | INFO | [BAYES QUEUE STATE]
2026-03-28 01:14:07,359 | 3861906 | INFO | pending_jobs = 32
2026-03-28 01:14:07,359 | 3861906 | INFO | inflight_trials = [1, 2, 3, 4, 5, 6, 7, 8, 9, 10, 11, 12, 13, 14, 15, 16, 17, 18, 19, 20]
2026-03-28 01:14:07,360 | 3861906 | INFO | queue[0000] trial 14 fold 1 no_physics
2026-03-28 01:14:07,360 | 3861906 | INFO | queue[0001] trial 14 fold 2 no_physics
2026-03-28 01:14:07,360 | 3861906 | INFO | queue[0002] trial 14 fold 3 no_physics
2026-03-28 01:14:07,361 | 3861906 | INFO | queue[0003] trial 14 fold 4 no_physics
2026-03-28 01:14:07,361 | 3861906 | INFO | queue[0004] trial 15 fold 1 no_physics
2026-03-28 01:14:07,361 | 3861906 | INFO | queue[0005] trial 15 fold 2 no_physics
2026-03-28 01:14:07,362 | 3861906 | INFO | queue[0006] trial 15 fold 3 no_physics
2026-03-28 01:14:07,362 | 3861906 | INFO | queue[0007] trial 15 fold 4 no_physics
2026-03-28 01:14:07,362 | 3861906 | INFO | queue[0008] trial 16 fold 1 no_physics
2026-03-28 01:14:07,363 | 3861906 | INFO | queue[0009] trial 16 fold 2 no_physics
2026-03-28 01:14:07,363 | 3861906 | INFO | queue[0010] trial 16 fold 3 no_physics
2026-03-28 01:14:07,363 | 3861906 | INFO | queue[0011] trial 16 fold 4 no_physics
2026-03-28 01:14:07,364 | 3861906 | INFO | queue[0012] trial 17 fold 1 no_physics
2026-03-28 01:14:07,364 | 3861906 | INFO | queue[0013] trial 17 fold 2 no_physics
2026-03-28 01:14:07,364 | 3861906 | INFO | queue[0014] trial 17 fold 3 no_physics
2026-03-28 01:14:07,365 | 3861906 | INFO | queue[0015] trial 17 fold 4 no_physics
2026-03-28 01:14:07,365 | 3861906 | INFO | queue[0016] trial 18 fold 1 no_physics
2026-03-28 01:14:07,365 | 3861906 | INFO | queue[0017] trial 18 fold 2 no_physics
2026-03-28 01:14:07,366 | 3861906 | INFO | queue[0018] trial 18 fold 3 no_physics
2026-03-28 01:14:07,366 | 3861906 | INFO | queue[0019] trial 18 fold 4 no_physics
2026-03-28 01:14:07,366 | 3861906 | INFO | queue[0020] trial 19 fold 1 no_physics
2026-03-28 01:14:07,367 | 3861906 | INFO | queue[0021] trial 19 fold 2 no_physics
2026-03-28 01:14:07,367 | 3861906 | INFO | queue[0022] trial 19 fold 3 no_physics
2026-03-28 01:14:07,367 | 3861906 | INFO | queue[0023] trial 19 fold 4 no_physics
2026-03-28 01:14:07,367 | 3861906 | INFO | queue[0024] trial 20 fold 1 no_physics
2026-03-28 01:14:07,368 | 3861906 | INFO | queue[0025] trial 20 fold 2 no_physics
2026-03-28 01:14:07,368 | 3861906 | INFO | queue[0026] trial 20 fold 3 no_physics
2026-03-28 01:14:07,368 | 3861906 | INFO | queue[0027] trial 20 fold 4 no_physics
2026-03-28 01:14:07,368 | 3861906 | INFO | queue[0028] trial 21 fold 1 no_physics
2026-03-28 01:14:07,368 | 3861906 | INFO | queue[0029] trial 21 fold 2 no_physics
2026-03-28 01:14:07,368 | 3861906 | INFO | queue[0030] trial 21 fold 3 no_physics
2026-03-28 01:14:07,368 | 3861906 | INFO | queue[0031] trial 21 fold 4 no_physics
2026-03-28 01:14:07,369 | 3861906 | INFO | [END BAYES QUEUE]
2026-03-28 01:14:07,655 | 3861906 | INFO | [ENQUEUE TRIAL] trial 22 no_physics
2026-03-28 01:14:07,656 | 3861906 | INFO | [BAYES QUEUE STATE]
2026-03-28 01:14:07,656 | 3861906 | INFO | pending_jobs = 36
2026-03-28 01:14:07,657 | 3861906 | INFO | inflight_trials = [1, 2, 3, 4, 5, 6, 7, 8, 9, 10, 11, 12, 13, 14, 15, 16, 17, 18, 19, 20, 21]
2026-03-28 01:14:07,657 | 3861906 | INFO | queue[0000] trial 14 fold 1 no_physics
2026-03-28 01:14:07,657 | 3861906 | INFO | queue[0001] trial 14 fold 2 no_physics
2026-03-28 01:14:07,658 | 3861906 | INFO | queue[0002] trial 14 fold 3 no_physics
2026-03-28 01:14:07,658 | 3861906 | INFO | queue[0003] trial 14 fold 4 no_physics
2026-03-28 01:14:07,658 | 3861906 | INFO | queue[0004] trial 15 fold 1 no_physics
2026-03-28 01:14:07,659 | 3861906 | INFO | queue[0005] trial 15 fold 2 no_physics
2026-03-28 01:14:07,659 | 3861906 | INFO | queue[0006] trial 15 fold 3 no_physics
2026-03-28 01:14:07,659 | 3861906 | INFO | queue[0007] trial 15 fold 4 no_physics
2026-03-28 01:14:07,660 | 3861906 | INFO | queue[0008] trial 16 fold 1 no_physics
2026-03-28 01:14:07,660 | 3861906 | INFO | queue[0009] trial 16 fold 2 no_physics
2026-03-28 01:14:07,660 | 3861906 | INFO | queue[0010] trial 16 fold 3 no_physics
2026-03-28 01:14:07,661 | 3861906 | INFO | queue[0011] trial 16 fold 4 no_physics
2026-03-28 01:14:07,661 | 3861906 | INFO | queue[0012] trial 17 fold 1 no_physics
2026-03-28 01:14:07,662 | 3861906 | INFO | queue[0013] trial 17 fold 2 no_physics
2026-03-28 01:14:07,662 | 3861906 | INFO | queue[0014] trial 17 fold 3 no_physics
2026-03-28 01:14:07,662 | 3861906 | INFO | queue[0015] trial 17 fold 4 no_physics
2026-03-28 01:14:07,663 | 3861906 | INFO | queue[0016] trial 18 fold 1 no_physics
2026-03-28 01:14:07,663 | 3861906 | INFO | queue[0017] trial 18 fold 2 no_physics
2026-03-28 01:14:07,663 | 3861906 | INFO | queue[0018] trial 18 fold 3 no_physics
2026-03-28 01:14:07,664 | 3861906 | INFO | queue[0019] trial 18 fold 4 no_physics
2026-03-28 01:14:07,664 | 3861906 | INFO | queue[0020] trial 19 fold 1 no_physics
2026-03-28 01:14:07,664 | 3861906 | INFO | queue[0021] trial 19 fold 2 no_physics
2026-03-28 01:14:07,665 | 3861906 | INFO | queue[0022] trial 19 fold 3 no_physics
2026-03-28 01:14:07,665 | 3861906 | INFO | queue[0023] trial 19 fold 4 no_physics
2026-03-28 01:14:07,665 | 3861906 | INFO | queue[0024] trial 20 fold 1 no_physics
2026-03-28 01:14:07,665 | 3861906 | INFO | queue[0025] trial 20 fold 2 no_physics
2026-03-28 01:14:07,665 | 3861906 | INFO | queue[0026] trial 20 fold 3 no_physics
2026-03-28 01:14:07,665 | 3861906 | INFO | queue[0027] trial 20 fold 4 no_physics
2026-03-28 01:14:07,665 | 3861906 | INFO | queue[0028] trial 21 fold 1 no_physics
2026-03-28 01:14:07,666 | 3861906 | INFO | queue[0029] trial 21 fold 2 no_physics
2026-03-28 01:14:07,666 | 3861906 | INFO | queue[0030] trial 21 fold 3 no_physics
2026-03-28 01:14:07,666 | 3861906 | INFO | queue[0031] trial 21 fold 4 no_physics
2026-03-28 01:14:07,666 | 3861906 | INFO | queue[0032] trial 22 fold 1 no_physics
2026-03-28 01:14:07,666 | 3861906 | INFO | queue[0033] trial 22 fold 2 no_physics
2026-03-28 01:14:07,666 | 3861906 | INFO | queue[0034] trial 22 fold 3 no_physics
2026-03-28 01:14:07,666 | 3861906 | INFO | queue[0035] trial 22 fold 4 no_physics
2026-03-28 01:14:07,667 | 3861906 | INFO | [END BAYES QUEUE]
2026-03-28 01:14:07,982 | 3861906 | INFO | [ENQUEUE TRIAL] trial 23 no_physics
2026-03-28 01:14:07,985 | 3861906 | INFO | [BAYES QUEUE STATE]
2026-03-28 01:14:07,985 | 3861906 | INFO | pending_jobs = 40
2026-03-28 01:14:07,986 | 3861906 | INFO | inflight_trials = [1, 2, 3, 4, 5, 6, 7, 8, 9, 10, 11, 12, 13, 14, 15, 16, 17, 18, 19, 20, 21, 22]
2026-03-28 01:14:07,986 | 3861906 | INFO | queue[0000] trial 14 fold 1 no_physics
2026-03-28 01:14:07,987 | 3861906 | INFO | queue[0001] trial 14 fold 2 no_physics
2026-03-28 01:14:07,987 | 3861906 | INFO | queue[0002] trial 14 fold 3 no_physics
2026-03-28 01:14:07,987 | 3861906 | INFO | queue[0003] trial 14 fold 4 no_physics
2026-03-28 01:14:07,988 | 3861906 | INFO | queue[0004] trial 15 fold 1 no_physics
2026-03-28 01:14:07,988 | 3861906 | INFO | queue[0005] trial 15 fold 2 no_physics
2026-03-28 01:14:07,988 | 3861906 | INFO | queue[0006] trial 15 fold 3 no_physics
2026-03-28 01:14:07,989 | 3861906 | INFO | queue[0007] trial 15 fold 4 no_physics
2026-03-28 01:14:07,989 | 3861906 | INFO | queue[0008] trial 16 fold 1 no_physics
2026-03-28 01:14:07,989 | 3861906 | INFO | queue[0009] trial 16 fold 2 no_physics
2026-03-28 01:14:07,990 | 3861906 | INFO | queue[0010] trial 16 fold 3 no_physics
2026-03-28 01:14:07,990 | 3861906 | INFO | queue[0011] trial 16 fold 4 no_physics
2026-03-28 01:14:07,990 | 3861906 | INFO | queue[0012] trial 17 fold 1 no_physics
2026-03-28 01:14:07,990 | 3861906 | INFO | queue[0013] trial 17 fold 2 no_physics
2026-03-28 01:14:07,991 | 3861906 | INFO | queue[0014] trial 17 fold 3 no_physics
2026-03-28 01:14:07,991 | 3861906 | INFO | queue[0015] trial 17 fold 4 no_physics
2026-03-28 01:14:07,991 | 3861906 | INFO | queue[0016] trial 18 fold 1 no_physics
2026-03-28 01:14:07,991 | 3861906 | INFO | queue[0017] trial 18 fold 2 no_physics
2026-03-28 01:14:07,991 | 3861906 | INFO | queue[0018] trial 18 fold 3 no_physics
2026-03-28 01:14:07,992 | 3861906 | INFO | queue[0019] trial 18 fold 4 no_physics
2026-03-28 01:14:07,992 | 3861906 | INFO | queue[0020] trial 19 fold 1 no_physics
2026-03-28 01:14:07,992 | 3861906 | INFO | queue[0021] trial 19 fold 2 no_physics
2026-03-28 01:14:07,992 | 3861906 | INFO | queue[0022] trial 19 fold 3 no_physics
2026-03-28 01:14:07,992 | 3861906 | INFO | queue[0023] trial 19 fold 4 no_physics
2026-03-28 01:14:07,992 | 3861906 | INFO | queue[0024] trial 20 fold 1 no_physics
2026-03-28 01:14:07,993 | 3861906 | INFO | queue[0025] trial 20 fold 2 no_physics
2026-03-28 01:14:07,993 | 3861906 | INFO | queue[0026] trial 20 fold 3 no_physics
2026-03-28 01:14:07,993 | 3861906 | INFO | queue[0027] trial 20 fold 4 no_physics
2026-03-28 01:14:07,993 | 3861906 | INFO | queue[0028] trial 21 fold 1 no_physics
2026-03-28 01:14:07,993 | 3861906 | INFO | queue[0029] trial 21 fold 2 no_physics
2026-03-28 01:14:07,994 | 3861906 | INFO | queue[0030] trial 21 fold 3 no_physics
2026-03-28 01:14:07,994 | 3861906 | INFO | queue[0031] trial 21 fold 4 no_physics
2026-03-28 01:14:07,994 | 3861906 | INFO | queue[0032] trial 22 fold 1 no_physics
2026-03-28 01:14:07,994 | 3861906 | INFO | queue[0033] trial 22 fold 2 no_physics
2026-03-28 01:14:07,994 | 3861906 | INFO | queue[0034] trial 22 fold 3 no_physics
2026-03-28 01:14:07,994 | 3861906 | INFO | queue[0035] trial 22 fold 4 no_physics
2026-03-28 01:14:07,995 | 3861906 | INFO | queue[0036] trial 23 fold 1 no_physics
2026-03-28 01:14:07,995 | 3861906 | INFO | queue[0037] trial 23 fold 2 no_physics
2026-03-28 01:14:07,995 | 3861906 | INFO | queue[0038] trial 23 fold 3 no_physics
2026-03-28 01:14:07,995 | 3861906 | INFO | queue[0039] trial 23 fold 4 no_physics
2026-03-28 01:14:07,995 | 3861906 | INFO | [END BAYES QUEUE]
2026-03-28 01:14:08,272 | 3861906 | INFO | [ENQUEUE TRIAL] trial 24 no_physics
2026-03-28 01:14:08,272 | 3861906 | INFO | [BAYES QUEUE STATE]
2026-03-28 01:14:08,272 | 3861906 | INFO | pending_jobs = 44
2026-03-28 01:14:08,273 | 3861906 | INFO | inflight_trials = [1, 2, 3, 4, 5, 6, 7, 8, 9, 10, 11, 12, 13, 14, 15, 16, 17, 18, 19, 20, 21, 22, 23]
2026-03-28 01:14:08,273 | 3861906 | INFO | queue[0000] trial 14 fold 1 no_physics
2026-03-28 01:14:08,273 | 3861906 | INFO | queue[0001] trial 14 fold 2 no_physics
2026-03-28 01:14:08,274 | 3861906 | INFO | queue[0002] trial 14 fold 3 no_physics
2026-03-28 01:14:08,274 | 3861906 | INFO | queue[0003] trial 14 fold 4 no_physics
2026-03-28 01:14:08,275 | 3861906 | INFO | queue[0004] trial 15 fold 1 no_physics
2026-03-28 01:14:08,275 | 3861906 | INFO | queue[0005] trial 15 fold 2 no_physics
2026-03-28 01:14:08,275 | 3861906 | INFO | queue[0006] trial 15 fold 3 no_physics
2026-03-28 01:14:08,276 | 3861906 | INFO | queue[0007] trial 15 fold 4 no_physics
2026-03-28 01:14:08,276 | 3861906 | INFO | queue[0008] trial 16 fold 1 no_physics
2026-03-28 01:14:08,276 | 3861906 | INFO | queue[0009] trial 16 fold 2 no_physics
2026-03-28 01:14:08,277 | 3861906 | INFO | queue[0010] trial 16 fold 3 no_physics
2026-03-28 01:14:08,277 | 3861906 | INFO | queue[0011] trial 16 fold 4 no_physics
2026-03-28 01:14:08,277 | 3861906 | INFO | queue[0012] trial 17 fold 1 no_physics
2026-03-28 01:14:08,278 | 3861906 | INFO | queue[0013] trial 17 fold 2 no_physics
2026-03-28 01:14:08,278 | 3861906 | INFO | queue[0014] trial 17 fold 3 no_physics
2026-03-28 01:14:08,278 | 3861906 | INFO | queue[0015] trial 17 fold 4 no_physics
2026-03-28 01:14:08,278 | 3861906 | INFO | queue[0016] trial 18 fold 1 no_physics
2026-03-28 01:14:08,279 | 3861906 | INFO | queue[0017] trial 18 fold 2 no_physics
2026-03-28 01:14:08,279 | 3861906 | INFO | queue[0018] trial 18 fold 3 no_physics
2026-03-28 01:14:08,279 | 3861906 | INFO | queue[0019] trial 18 fold 4 no_physics
2026-03-28 01:14:08,279 | 3861906 | INFO | queue[0020] trial 19 fold 1 no_physics
2026-03-28 01:14:08,279 | 3861906 | INFO | queue[0021] trial 19 fold 2 no_physics
2026-03-28 01:14:08,279 | 3861906 | INFO | queue[0022] trial 19 fold 3 no_physics
2026-03-28 01:14:08,280 | 3861906 | INFO | queue[0023] trial 19 fold 4 no_physics
2026-03-28 01:14:08,280 | 3861906 | INFO | queue[0024] trial 20 fold 1 no_physics
2026-03-28 01:14:08,280 | 3861906 | INFO | queue[0025] trial 20 fold 2 no_physics
2026-03-28 01:14:08,280 | 3861906 | INFO | queue[0026] trial 20 fold 3 no_physics
2026-03-28 01:14:08,280 | 3861906 | INFO | queue[0027] trial 20 fold 4 no_physics
2026-03-28 01:14:08,280 | 3861906 | INFO | queue[0028] trial 21 fold 1 no_physics
2026-03-28 01:14:08,280 | 3861906 | INFO | queue[0029] trial 21 fold 2 no_physics
2026-03-28 01:14:08,281 | 3861906 | INFO | queue[0030] trial 21 fold 3 no_physics
2026-03-28 01:14:08,281 | 3861906 | INFO | queue[0031] trial 21 fold 4 no_physics
2026-03-28 01:14:08,281 | 3861906 | INFO | queue[0032] trial 22 fold 1 no_physics
2026-03-28 01:14:08,281 | 3861906 | INFO | queue[0033] trial 22 fold 2 no_physics
2026-03-28 01:14:08,281 | 3861906 | INFO | queue[0034] trial 22 fold 3 no_physics
2026-03-28 01:14:08,281 | 3861906 | INFO | queue[0035] trial 22 fold 4 no_physics
2026-03-28 01:14:08,281 | 3861906 | INFO | queue[0036] trial 23 fold 1 no_physics
2026-03-28 01:14:08,282 | 3861906 | INFO | queue[0037] trial 23 fold 2 no_physics
2026-03-28 01:14:08,282 | 3861906 | INFO | queue[0038] trial 23 fold 3 no_physics
2026-03-28 01:14:08,282 | 3861906 | INFO | queue[0039] trial 23 fold 4 no_physics
2026-03-28 01:14:08,282 | 3861906 | INFO | queue[0040] trial 24 fold 1 no_physics
2026-03-28 01:14:08,282 | 3861906 | INFO | queue[0041] trial 24 fold 2 no_physics
2026-03-28 01:14:08,282 | 3861906 | INFO | queue[0042] trial 24 fold 3 no_physics
2026-03-28 01:14:08,283 | 3861906 | INFO | queue[0043] trial 24 fold 4 no_physics
2026-03-28 01:14:08,283 | 3861906 | INFO | [END BAYES QUEUE]
2026-03-28 01:14:08,567 | 3861906 | INFO | [ENQUEUE TRIAL] trial 25 no_physics
2026-03-28 01:14:08,568 | 3861906 | INFO | [BAYES QUEUE STATE]
2026-03-28 01:14:08,568 | 3861906 | INFO | pending_jobs = 48
2026-03-28 01:14:08,568 | 3861906 | INFO | inflight_trials = [1, 2, 3, 4, 5, 6, 7, 8, 9, 10, 11, 12, 13, 14, 15, 16, 17, 18, 19, 20, 21, 22, 23, 24]
2026-03-28 01:14:08,569 | 3861906 | INFO | queue[0000] trial 14 fold 1 no_physics
2026-03-28 01:14:08,569 | 3861906 | INFO | queue[0001] trial 14 fold 2 no_physics
2026-03-28 01:14:08,569 | 3861906 | INFO | queue[0002] trial 14 fold 3 no_physics
2026-03-28 01:14:08,570 | 3861906 | INFO | queue[0003] trial 14 fold 4 no_physics
2026-03-28 01:14:08,570 | 3861906 | INFO | queue[0004] trial 15 fold 1 no_physics
2026-03-28 01:14:08,570 | 3861906 | INFO | queue[0005] trial 15 fold 2 no_physics
2026-03-28 01:14:08,571 | 3861906 | INFO | queue[0006] trial 15 fold 3 no_physics
2026-03-28 01:14:08,571 | 3861906 | INFO | queue[0007] trial 15 fold 4 no_physics
2026-03-28 01:14:08,571 | 3861906 | INFO | queue[0008] trial 16 fold 1 no_physics
2026-03-28 01:14:08,572 | 3861906 | INFO | queue[0009] trial 16 fold 2 no_physics
2026-03-28 01:14:08,572 | 3861906 | INFO | queue[0010] trial 16 fold 3 no_physics
2026-03-28 01:14:08,572 | 3861906 | INFO | queue[0011] trial 16 fold 4 no_physics
2026-03-28 01:14:08,573 | 3861906 | INFO | queue[0012] trial 17 fold 1 no_physics
2026-03-28 01:14:08,573 | 3861906 | INFO | queue[0013] trial 17 fold 2 no_physics
2026-03-28 01:14:08,573 | 3861906 | INFO | queue[0014] trial 17 fold 3 no_physics
2026-03-28 01:14:08,574 | 3861906 | INFO | queue[0015] trial 17 fold 4 no_physics
2026-03-28 01:14:08,574 | 3861906 | INFO | queue[0016] trial 18 fold 1 no_physics
2026-03-28 01:14:08,574 | 3861906 | INFO | queue[0017] trial 18 fold 2 no_physics
2026-03-28 01:14:08,574 | 3861906 | INFO | queue[0018] trial 18 fold 3 no_physics
2026-03-28 01:14:08,574 | 3861906 | INFO | queue[0019] trial 18 fold 4 no_physics
2026-03-28 01:14:08,574 | 3861906 | INFO | queue[0020] trial 19 fold 1 no_physics
2026-03-28 01:14:08,574 | 3861906 | INFO | queue[0021] trial 19 fold 2 no_physics
2026-03-28 01:14:08,575 | 3861906 | INFO | queue[0022] trial 19 fold 3 no_physics
2026-03-28 01:14:08,575 | 3861906 | INFO | queue[0023] trial 19 fold 4 no_physics
2026-03-28 01:14:08,575 | 3861906 | INFO | queue[0024] trial 20 fold 1 no_physics
2026-03-28 01:14:08,575 | 3861906 | INFO | queue[0025] trial 20 fold 2 no_physics
2026-03-28 01:14:08,575 | 3861906 | INFO | queue[0026] trial 20 fold 3 no_physics
2026-03-28 01:14:08,575 | 3861906 | INFO | queue[0027] trial 20 fold 4 no_physics
2026-03-28 01:14:08,576 | 3861906 | INFO | queue[0028] trial 21 fold 1 no_physics
2026-03-28 01:14:08,576 | 3861906 | INFO | queue[0029] trial 21 fold 2 no_physics
2026-03-28 01:14:08,576 | 3861906 | INFO | queue[0030] trial 21 fold 3 no_physics
2026-03-28 01:14:08,576 | 3861906 | INFO | queue[0031] trial 21 fold 4 no_physics
2026-03-28 01:14:08,576 | 3861906 | INFO | queue[0032] trial 22 fold 1 no_physics
2026-03-28 01:14:08,576 | 3861906 | INFO | queue[0033] trial 22 fold 2 no_physics
2026-03-28 01:14:08,577 | 3861906 | INFO | queue[0034] trial 22 fold 3 no_physics
2026-03-28 01:14:08,577 | 3861906 | INFO | queue[0035] trial 22 fold 4 no_physics
2026-03-28 01:14:08,577 | 3861906 | INFO | queue[0036] trial 23 fold 1 no_physics
2026-03-28 01:14:08,577 | 3861906 | INFO | queue[0037] trial 23 fold 2 no_physics
2026-03-28 01:14:08,577 | 3861906 | INFO | queue[0038] trial 23 fold 3 no_physics
2026-03-28 01:14:08,577 | 3861906 | INFO | queue[0039] trial 23 fold 4 no_physics
2026-03-28 01:14:08,578 | 3861906 | INFO | queue[0040] trial 24 fold 1 no_physics
2026-03-28 01:14:08,578 | 3861906 | INFO | queue[0041] trial 24 fold 2 no_physics
2026-03-28 01:14:08,578 | 3861906 | INFO | queue[0042] trial 24 fold 3 no_physics
2026-03-28 01:14:08,578 | 3861906 | INFO | queue[0043] trial 24 fold 4 no_physics
2026-03-28 01:14:08,578 | 3861906 | INFO | queue[0044] trial 25 fold 1 no_physics
2026-03-28 01:14:08,578 | 3861906 | INFO | queue[0045] trial 25 fold 2 no_physics
2026-03-28 01:14:08,579 | 3861906 | INFO | queue[0046] trial 25 fold 3 no_physics
2026-03-28 01:14:08,579 | 3861906 | INFO | queue[0047] trial 25 fold 4 no_physics
2026-03-28 01:14:08,579 | 3861906 | INFO | [END BAYES QUEUE]
2026-03-28 01:14:08,873 | 3861906 | INFO | [ENQUEUE TRIAL] trial 26 no_physics
2026-03-28 01:14:08,876 | 3861906 | INFO | [BAYES QUEUE STATE]
2026-03-28 01:14:08,876 | 3861906 | INFO | pending_jobs = 52
2026-03-28 01:14:08,876 | 3861906 | INFO | inflight_trials = [1, 2, 3, 4, 5, 6, 7, 8, 9, 10, 11, 12, 13, 14, 15, 16, 17, 18, 19, 20, 21, 22, 23, 24, 25]
2026-03-28 01:14:08,877 | 3861906 | INFO | queue[0000] trial 14 fold 1 no_physics
2026-03-28 01:14:08,877 | 3861906 | INFO | queue[0001] trial 14 fold 2 no_physics
2026-03-28 01:14:08,877 | 3861906 | INFO | queue[0002] trial 14 fold 3 no_physics
2026-03-28 01:14:08,878 | 3861906 | INFO | queue[0003] trial 14 fold 4 no_physics
2026-03-28 01:14:08,878 | 3861906 | INFO | queue[0004] trial 15 fold 1 no_physics
2026-03-28 01:14:08,878 | 3861906 | INFO | queue[0005] trial 15 fold 2 no_physics
2026-03-28 01:14:08,879 | 3861906 | INFO | queue[0006] trial 15 fold 3 no_physics
2026-03-28 01:14:08,879 | 3861906 | INFO | queue[0007] trial 15 fold 4 no_physics
2026-03-28 01:14:08,879 | 3861906 | INFO | queue[0008] trial 16 fold 1 no_physics
2026-03-28 01:14:08,880 | 3861906 | INFO | queue[0009] trial 16 fold 2 no_physics
2026-03-28 01:14:08,880 | 3861906 | INFO | queue[0010] trial 16 fold 3 no_physics
2026-03-28 01:14:08,880 | 3861906 | INFO | queue[0011] trial 16 fold 4 no_physics
2026-03-28 01:14:08,881 | 3861906 | INFO | queue[0012] trial 17 fold 1 no_physics
2026-03-28 01:14:08,881 | 3861906 | INFO | queue[0013] trial 17 fold 2 no_physics
2026-03-28 01:14:08,881 | 3861906 | INFO | queue[0014] trial 17 fold 3 no_physics
2026-03-28 01:14:08,881 | 3861906 | INFO | queue[0015] trial 17 fold 4 no_physics
2026-03-28 01:14:08,882 | 3861906 | INFO | queue[0016] trial 18 fold 1 no_physics
2026-03-28 01:14:08,882 | 3861906 | INFO | queue[0017] trial 18 fold 2 no_physics
2026-03-28 01:14:08,882 | 3861906 | INFO | queue[0018] trial 18 fold 3 no_physics
2026-03-28 01:14:08,882 | 3861906 | INFO | queue[0019] trial 18 fold 4 no_physics
2026-03-28 01:14:08,882 | 3861906 | INFO | queue[0020] trial 19 fold 1 no_physics
2026-03-28 01:14:08,882 | 3861906 | INFO | queue[0021] trial 19 fold 2 no_physics
2026-03-28 01:14:08,883 | 3861906 | INFO | queue[0022] trial 19 fold 3 no_physics
2026-03-28 01:14:08,883 | 3861906 | INFO | queue[0023] trial 19 fold 4 no_physics
2026-03-28 01:14:08,883 | 3861906 | INFO | queue[0024] trial 20 fold 1 no_physics
2026-03-28 01:14:08,883 | 3861906 | INFO | queue[0025] trial 20 fold 2 no_physics
2026-03-28 01:14:08,883 | 3861906 | INFO | queue[0026] trial 20 fold 3 no_physics
2026-03-28 01:14:08,884 | 3861906 | INFO | queue[0027] trial 20 fold 4 no_physics
2026-03-28 01:14:08,884 | 3861906 | INFO | queue[0028] trial 21 fold 1 no_physics
2026-03-28 01:14:08,884 | 3861906 | INFO | queue[0029] trial 21 fold 2 no_physics
2026-03-28 01:14:08,884 | 3861906 | INFO | queue[0030] trial 21 fold 3 no_physics
2026-03-28 01:14:08,884 | 3861906 | INFO | queue[0031] trial 21 fold 4 no_physics
2026-03-28 01:14:08,885 | 3861906 | INFO | queue[0032] trial 22 fold 1 no_physics
2026-03-28 01:14:08,885 | 3861906 | INFO | queue[0033] trial 22 fold 2 no_physics
2026-03-28 01:14:08,885 | 3861906 | INFO | queue[0034] trial 22 fold 3 no_physics
2026-03-28 01:14:08,885 | 3861906 | INFO | queue[0035] trial 22 fold 4 no_physics
2026-03-28 01:14:08,885 | 3861906 | INFO | queue[0036] trial 23 fold 1 no_physics
2026-03-28 01:14:08,886 | 3861906 | INFO | queue[0037] trial 23 fold 2 no_physics
2026-03-28 01:14:08,886 | 3861906 | INFO | queue[0038] trial 23 fold 3 no_physics
2026-03-28 01:14:08,886 | 3861906 | INFO | queue[0039] trial 23 fold 4 no_physics
2026-03-28 01:14:08,886 | 3861906 | INFO | queue[0040] trial 24 fold 1 no_physics
2026-03-28 01:14:08,886 | 3861906 | INFO | queue[0041] trial 24 fold 2 no_physics
2026-03-28 01:14:08,886 | 3861906 | INFO | queue[0042] trial 24 fold 3 no_physics
2026-03-28 01:14:08,887 | 3861906 | INFO | queue[0043] trial 24 fold 4 no_physics
2026-03-28 01:14:08,887 | 3861906 | INFO | queue[0044] trial 25 fold 1 no_physics
2026-03-28 01:14:08,887 | 3861906 | INFO | queue[0045] trial 25 fold 2 no_physics
2026-03-28 01:14:08,887 | 3861906 | INFO | queue[0046] trial 25 fold 3 no_physics
2026-03-28 01:14:08,887 | 3861906 | INFO | queue[0047] trial 25 fold 4 no_physics
2026-03-28 01:14:08,887 | 3861906 | INFO | queue[0048] trial 26 fold 1 no_physics
2026-03-28 01:14:08,888 | 3861906 | INFO | queue[0049] trial 26 fold 2 no_physics
2026-03-28 01:14:08,888 | 3861906 | INFO | queue[0050] trial 26 fold 3 no_physics
2026-03-28 01:14:08,888 | 3861906 | INFO | queue[0051] trial 26 fold 4 no_physics
2026-03-28 01:14:08,888 | 3861906 | INFO | [END BAYES QUEUE]
2026-03-28 01:14:08,894 | 3861906 | INFO | [RESUME] starting from trial 1
2026-03-28 01:14:38,063 | 3861906 | INFO | [RESUME] starting from trial 1
2026-03-28 01:15:33,092 | 3861906 | INFO | [TRIAL COMPLETE] trial 2 no_physics NSE_1D=0.76558 NSE_1H=0.69139
2026-03-28 01:15:33,388 | 3861906 | INFO | [ENQUEUE TRIAL] trial 27 no_physics
2026-03-28 01:15:33,388 | 3861906 | INFO | [BAYES QUEUE STATE]
2026-03-28 01:15:33,388 | 3861906 | INFO | pending_jobs = 46
2026-03-28 01:15:33,388 | 3861906 | INFO | inflight_trials = [2, 3, 4, 5, 6, 7, 8, 9, 10, 11, 12, 13, 14, 15, 16, 17, 18, 19, 20, 21, 22, 23, 24, 25, 26]
2026-03-28 01:15:33,388 | 3861906 | INFO | queue[0000] trial 16 fold 3 no_physics
2026-03-28 01:15:33,389 | 3861906 | INFO | queue[0001] trial 16 fold 4 no_physics
2026-03-28 01:15:33,389 | 3861906 | INFO | queue[0002] trial 17 fold 1 no_physics
2026-03-28 01:15:33,389 | 3861906 | INFO | queue[0003] trial 17 fold 2 no_physics
2026-03-28 01:15:33,389 | 3861906 | INFO | queue[0004] trial 17 fold 3 no_physics
2026-03-28 01:15:33,389 | 3861906 | INFO | queue[0005] trial 17 fold 4 no_physics
2026-03-28 01:15:33,389 | 3861906 | INFO | queue[0006] trial 18 fold 1 no_physics
2026-03-28 01:15:33,389 | 3861906 | INFO | queue[0007] trial 18 fold 2 no_physics
2026-03-28 01:15:33,389 | 3861906 | INFO | queue[0008] trial 18 fold 3 no_physics
2026-03-28 01:15:33,389 | 3861906 | INFO | queue[0009] trial 18 fold 4 no_physics
2026-03-28 01:15:33,390 | 3861906 | INFO | queue[0010] trial 19 fold 1 no_physics
2026-03-28 01:15:33,390 | 3861906 | INFO | queue[0011] trial 19 fold 2 no_physics
2026-03-28 01:15:33,390 | 3861906 | INFO | queue[0012] trial 19 fold 3 no_physics
2026-03-28 01:15:33,390 | 3861906 | INFO | queue[0013] trial 19 fold 4 no_physics
2026-03-28 01:15:33,390 | 3861906 | INFO | queue[0014] trial 20 fold 1 no_physics
2026-03-28 01:15:33,390 | 3861906 | INFO | queue[0015] trial 20 fold 2 no_physics
2026-03-28 01:15:33,390 | 3861906 | INFO | queue[0016] trial 20 fold 3 no_physics
2026-03-28 01:15:33,390 | 3861906 | INFO | queue[0017] trial 20 fold 4 no_physics
2026-03-28 01:15:33,390 | 3861906 | INFO | queue[0018] trial 21 fold 1 no_physics
2026-03-28 01:15:33,391 | 3861906 | INFO | queue[0019] trial 21 fold 2 no_physics
2026-03-28 01:15:33,391 | 3861906 | INFO | queue[0020] trial 21 fold 3 no_physics
2026-03-28 01:15:33,391 | 3861906 | INFO | queue[0021] trial 21 fold 4 no_physics
2026-03-28 01:15:33,391 | 3861906 | INFO | queue[0022] trial 22 fold 1 no_physics
2026-03-28 01:15:33,391 | 3861906 | INFO | queue[0023] trial 22 fold 2 no_physics
2026-03-28 01:15:33,391 | 3861906 | INFO | queue[0024] trial 22 fold 3 no_physics
2026-03-28 01:15:33,391 | 3861906 | INFO | queue[0025] trial 22 fold 4 no_physics
2026-03-28 01:15:33,391 | 3861906 | INFO | queue[0026] trial 23 fold 1 no_physics
2026-03-28 01:15:33,391 | 3861906 | INFO | queue[0027] trial 23 fold 2 no_physics
2026-03-28 01:15:33,392 | 3861906 | INFO | queue[0028] trial 23 fold 3 no_physics
2026-03-28 01:15:33,392 | 3861906 | INFO | queue[0029] trial 23 fold 4 no_physics
2026-03-28 01:15:33,392 | 3861906 | INFO | queue[0030] trial 24 fold 1 no_physics
2026-03-28 01:15:33,392 | 3861906 | INFO | queue[0031] trial 24 fold 2 no_physics
2026-03-28 01:15:33,392 | 3861906 | INFO | queue[0032] trial 24 fold 3 no_physics
2026-03-28 01:15:33,392 | 3861906 | INFO | queue[0033] trial 24 fold 4 no_physics
2026-03-28 01:15:33,392 | 3861906 | INFO | queue[0034] trial 25 fold 1 no_physics
2026-03-28 01:15:33,392 | 3861906 | INFO | queue[0035] trial 25 fold 2 no_physics
2026-03-28 01:15:33,392 | 3861906 | INFO | queue[0036] trial 25 fold 3 no_physics
2026-03-28 01:15:33,393 | 3861906 | INFO | queue[0037] trial 25 fold 4 no_physics
2026-03-28 01:15:33,393 | 3861906 | INFO | queue[0038] trial 26 fold 1 no_physics
2026-03-28 01:15:33,393 | 3861906 | INFO | queue[0039] trial 26 fold 2 no_physics
2026-03-28 01:15:33,393 | 3861906 | INFO | queue[0040] trial 26 fold 3 no_physics
2026-03-28 01:15:33,393 | 3861906 | INFO | queue[0041] trial 26 fold 4 no_physics
2026-03-28 01:15:33,393 | 3861906 | INFO | queue[0042] trial 27 fold 1 no_physics
2026-03-28 01:15:33,393 | 3861906 | INFO | queue[0043] trial 27 fold 2 no_physics
2026-03-28 01:15:33,393 | 3861906 | INFO | queue[0044] trial 27 fold 3 no_physics
2026-03-28 01:15:33,393 | 3861906 | INFO | queue[0045] trial 27 fold 4 no_physics
2026-03-28 01:15:33,394 | 3861906 | INFO | [END BAYES QUEUE]
2026-03-28 01:15:33,682 | 3861906 | INFO | [ENQUEUE TRIAL] trial 28 no_physics
2026-03-28 01:15:33,683 | 3861906 | INFO | [BAYES QUEUE STATE]
2026-03-28 01:15:33,683 | 3861906 | INFO | pending_jobs = 50
2026-03-28 01:15:33,683 | 3861906 | INFO | inflight_trials = [2, 3, 4, 5, 6, 7, 8, 9, 10, 11, 12, 13, 14, 15, 16, 17, 18, 19, 20, 21, 22, 23, 24, 25, 26, 27]
2026-03-28 01:15:33,684 | 3861906 | INFO | queue[0000] trial 16 fold 3 no_physics
2026-03-28 01:15:33,684 | 3861906 | INFO | queue[0001] trial 16 fold 4 no_physics
2026-03-28 01:15:33,684 | 3861906 | INFO | queue[0002] trial 17 fold 1 no_physics
2026-03-28 01:15:33,684 | 3861906 | INFO | queue[0003] trial 17 fold 2 no_physics
2026-03-28 01:15:33,685 | 3861906 | INFO | queue[0004] trial 17 fold 3 no_physics
2026-03-28 01:15:33,685 | 3861906 | INFO | queue[0005] trial 17 fold 4 no_physics
2026-03-28 01:15:33,685 | 3861906 | INFO | queue[0006] trial 18 fold 1 no_physics
2026-03-28 01:15:33,685 | 3861906 | INFO | queue[0007] trial 18 fold 2 no_physics
2026-03-28 01:15:33,685 | 3861906 | INFO | queue[0008] trial 18 fold 3 no_physics
2026-03-28 01:15:33,686 | 3861906 | INFO | queue[0009] trial 18 fold 4 no_physics
2026-03-28 01:15:33,686 | 3861906 | INFO | queue[0010] trial 19 fold 1 no_physics
2026-03-28 01:15:33,686 | 3861906 | INFO | queue[0011] trial 19 fold 2 no_physics
2026-03-28 01:15:33,686 | 3861906 | INFO | queue[0012] trial 19 fold 3 no_physics
2026-03-28 01:15:33,687 | 3861906 | INFO | queue[0013] trial 19 fold 4 no_physics
2026-03-28 01:15:33,687 | 3861906 | INFO | queue[0014] trial 20 fold 1 no_physics
2026-03-28 01:15:33,687 | 3861906 | INFO | queue[0015] trial 20 fold 2 no_physics
2026-03-28 01:15:33,687 | 3861906 | INFO | queue[0016] trial 20 fold 3 no_physics
2026-03-28 01:15:33,687 | 3861906 | INFO | queue[0017] trial 20 fold 4 no_physics
2026-03-28 01:15:33,687 | 3861906 | INFO | queue[0018] trial 21 fold 1 no_physics
2026-03-28 01:15:33,687 | 3861906 | INFO | queue[0019] trial 21 fold 2 no_physics
2026-03-28 01:15:33,688 | 3861906 | INFO | queue[0020] trial 21 fold 3 no_physics
2026-03-28 01:15:33,688 | 3861906 | INFO | queue[0021] trial 21 fold 4 no_physics
2026-03-28 01:15:33,688 | 3861906 | INFO | queue[0022] trial 22 fold 1 no_physics
2026-03-28 01:15:33,688 | 3861906 | INFO | queue[0023] trial 22 fold 2 no_physics
2026-03-28 01:15:33,688 | 3861906 | INFO | queue[0024] trial 22 fold 3 no_physics
2026-03-28 01:15:33,688 | 3861906 | INFO | queue[0025] trial 22 fold 4 no_physics
2026-03-28 01:15:33,689 | 3861906 | INFO | queue[0026] trial 23 fold 1 no_physics
2026-03-28 01:15:33,689 | 3861906 | INFO | queue[0027] trial 23 fold 2 no_physics
2026-03-28 01:15:33,689 | 3861906 | INFO | queue[0028] trial 23 fold 3 no_physics
2026-03-28 01:15:33,689 | 3861906 | INFO | queue[0029] trial 23 fold 4 no_physics
2026-03-28 01:15:33,689 | 3861906 | INFO | queue[0030] trial 24 fold 1 no_physics
2026-03-28 01:15:33,689 | 3861906 | INFO | queue[0031] trial 24 fold 2 no_physics
2026-03-28 01:15:33,690 | 3861906 | INFO | queue[0032] trial 24 fold 3 no_physics
2026-03-28 01:15:33,690 | 3861906 | INFO | queue[0033] trial 24 fold 4 no_physics
2026-03-28 01:15:33,690 | 3861906 | INFO | queue[0034] trial 25 fold 1 no_physics
2026-03-28 01:15:33,690 | 3861906 | INFO | queue[0035] trial 25 fold 2 no_physics
2026-03-28 01:15:33,690 | 3861906 | INFO | queue[0036] trial 25 fold 3 no_physics
2026-03-28 01:15:33,690 | 3861906 | INFO | queue[0037] trial 25 fold 4 no_physics
2026-03-28 01:15:33,690 | 3861906 | INFO | queue[0038] trial 26 fold 1 no_physics
2026-03-28 01:15:33,691 | 3861906 | INFO | queue[0039] trial 26 fold 2 no_physics
2026-03-28 01:15:33,691 | 3861906 | INFO | queue[0040] trial 26 fold 3 no_physics
2026-03-28 01:15:33,691 | 3861906 | INFO | queue[0041] trial 26 fold 4 no_physics
2026-03-28 01:15:33,691 | 3861906 | INFO | queue[0042] trial 27 fold 1 no_physics
2026-03-28 01:15:33,691 | 3861906 | INFO | queue[0043] trial 27 fold 2 no_physics
2026-03-28 01:15:33,691 | 3861906 | INFO | queue[0044] trial 27 fold 3 no_physics
2026-03-28 01:15:33,692 | 3861906 | INFO | queue[0045] trial 27 fold 4 no_physics
2026-03-28 01:15:33,692 | 3861906 | INFO | queue[0046] trial 28 fold 1 no_physics
2026-03-28 01:15:33,692 | 3861906 | INFO | queue[0047] trial 28 fold 2 no_physics
2026-03-28 01:15:33,692 | 3861906 | INFO | queue[0048] trial 28 fold 3 no_physics
2026-03-28 01:15:33,692 | 3861906 | INFO | queue[0049] trial 28 fold 4 no_physics
2026-03-28 01:15:33,692 | 3861906 | INFO | [END BAYES QUEUE]
2026-03-28 01:15:33,974 | 3861906 | INFO | [ENQUEUE TRIAL] trial 29 no_physics
2026-03-28 01:15:33,974 | 3861906 | INFO | [BAYES QUEUE STATE]
2026-03-28 01:15:33,988 | 3861906 | INFO | pending_jobs = 54
2026-03-28 01:15:33,988 | 3861906 | INFO | inflight_trials = [2, 3, 4, 5, 6, 7, 8, 9, 10, 11, 12, 13, 14, 15, 16, 17, 18, 19, 20, 21, 22, 23, 24, 25, 26, 27, 28]
2026-03-28 01:15:33,989 | 3861906 | INFO | queue[0000] trial 16 fold 3 no_physics
2026-03-28 01:15:33,989 | 3861906 | INFO | queue[0001] trial 16 fold 4 no_physics
2026-03-28 01:15:33,989 | 3861906 | INFO | queue[0002] trial 17 fold 1 no_physics
2026-03-28 01:15:33,990 | 3861906 | INFO | queue[0003] trial 17 fold 2 no_physics
2026-03-28 01:15:33,990 | 3861906 | INFO | queue[0004] trial 17 fold 3 no_physics
2026-03-28 01:15:33,991 | 3861906 | INFO | queue[0005] trial 17 fold 4 no_physics
2026-03-28 01:15:33,991 | 3861906 | INFO | queue[0006] trial 18 fold 1 no_physics
2026-03-28 01:15:33,991 | 3861906 | INFO | queue[0007] trial 18 fold 2 no_physics
2026-03-28 01:15:33,991 | 3861906 | INFO | queue[0008] trial 18 fold 3 no_physics
2026-03-28 01:15:33,992 | 3861906 | INFO | queue[0009] trial 18 fold 4 no_physics
2026-03-28 01:15:33,992 | 3861906 | INFO | queue[0010] trial 19 fold 1 no_physics
2026-03-28 01:15:33,993 | 3861906 | INFO | queue[0011] trial 19 fold 2 no_physics
2026-03-28 01:15:33,993 | 3861906 | INFO | queue[0012] trial 19 fold 3 no_physics
2026-03-28 01:15:33,993 | 3861906 | INFO | queue[0013] trial 19 fold 4 no_physics
2026-03-28 01:15:33,993 | 3861906 | INFO | queue[0014] trial 20 fold 1 no_physics
2026-03-28 01:15:33,993 | 3861906 | INFO | queue[0015] trial 20 fold 2 no_physics
2026-03-28 01:15:33,994 | 3861906 | INFO | queue[0016] trial 20 fold 3 no_physics
2026-03-28 01:15:33,994 | 3861906 | INFO | queue[0017] trial 20 fold 4 no_physics
2026-03-28 01:15:33,994 | 3861906 | INFO | queue[0018] trial 21 fold 1 no_physics
2026-03-28 01:15:33,994 | 3861906 | INFO | queue[0019] trial 21 fold 2 no_physics
2026-03-28 01:15:33,994 | 3861906 | INFO | queue[0020] trial 21 fold 3 no_physics
2026-03-28 01:15:33,995 | 3861906 | INFO | queue[0021] trial 21 fold 4 no_physics
2026-03-28 01:15:33,995 | 3861906 | INFO | queue[0022] trial 22 fold 1 no_physics
2026-03-28 01:15:33,995 | 3861906 | INFO | queue[0023] trial 22 fold 2 no_physics
2026-03-28 01:15:33,995 | 3861906 | INFO | queue[0024] trial 22 fold 3 no_physics
2026-03-28 01:15:33,995 | 3861906 | INFO | queue[0025] trial 22 fold 4 no_physics
2026-03-28 01:15:33,996 | 3861906 | INFO | queue[0026] trial 23 fold 1 no_physics
2026-03-28 01:15:33,996 | 3861906 | INFO | queue[0027] trial 23 fold 2 no_physics
2026-03-28 01:15:33,996 | 3861906 | INFO | queue[0028] trial 23 fold 3 no_physics
2026-03-28 01:15:33,996 | 3861906 | INFO | queue[0029] trial 23 fold 4 no_physics
2026-03-28 01:15:33,996 | 3861906 | INFO | queue[0030] trial 24 fold 1 no_physics
2026-03-28 01:15:33,997 | 3861906 | INFO | queue[0031] trial 24 fold 2 no_physics
2026-03-28 01:15:33,997 | 3861906 | INFO | queue[0032] trial 24 fold 3 no_physics
2026-03-28 01:15:33,997 | 3861906 | INFO | queue[0033] trial 24 fold 4 no_physics
2026-03-28 01:15:33,997 | 3861906 | INFO | queue[0034] trial 25 fold 1 no_physics
2026-03-28 01:15:33,997 | 3861906 | INFO | queue[0035] trial 25 fold 2 no_physics
2026-03-28 01:15:33,998 | 3861906 | INFO | queue[0036] trial 25 fold 3 no_physics
2026-03-28 01:15:33,998 | 3861906 | INFO | queue[0037] trial 25 fold 4 no_physics
2026-03-28 01:15:33,998 | 3861906 | INFO | queue[0038] trial 26 fold 1 no_physics
2026-03-28 01:15:33,998 | 3861906 | INFO | queue[0039] trial 26 fold 2 no_physics
2026-03-28 01:15:33,998 | 3861906 | INFO | queue[0040] trial 26 fold 3 no_physics
2026-03-28 01:15:33,999 | 3861906 | INFO | queue[0041] trial 26 fold 4 no_physics
2026-03-28 01:15:33,999 | 3861906 | INFO | queue[0042] trial 27 fold 1 no_physics
2026-03-28 01:15:33,999 | 3861906 | INFO | queue[0043] trial 27 fold 2 no_physics
2026-03-28 01:15:33,999 | 3861906 | INFO | queue[0044] trial 27 fold 3 no_physics
2026-03-28 01:15:33,999 | 3861906 | INFO | queue[0045] trial 27 fold 4 no_physics
2026-03-28 01:15:34,000 | 3861906 | INFO | queue[0046] trial 28 fold 1 no_physics
2026-03-28 01:15:34,000 | 3861906 | INFO | queue[0047] trial 28 fold 2 no_physics
2026-03-28 01:15:34,000 | 3861906 | INFO | queue[0048] trial 28 fold 3 no_physics
2026-03-28 01:15:34,000 | 3861906 | INFO | queue[0049] trial 28 fold 4 no_physics
2026-03-28 01:15:34,000 | 3861906 | INFO | queue[0050] trial 29 fold 1 no_physics
2026-03-28 01:15:34,000 | 3861906 | INFO | queue[0051] trial 29 fold 2 no_physics
2026-03-28 01:15:34,000 | 3861906 | INFO | queue[0052] trial 29 fold 3 no_physics
2026-03-28 01:15:34,000 | 3861906 | INFO | queue[0053] trial 29 fold 4 no_physics
2026-03-28 01:15:34,000 | 3861906 | INFO | [END BAYES QUEUE]
2026-03-28 01:15:34,012 | 3861906 | INFO | [RESUME] starting from trial 2
2026-03-28 01:15:48,755 | 3861906 | INFO | [RESUME] starting from trial 2
2026-03-28 01:18:05,360 | 3861906 | INFO | [RESUME] starting from trial 2
2026-03-28 01:19:14,950 | 3861906 | INFO | [RESUME] starting from trial 2
2026-03-28 01:19:45,134 | 3861906 | INFO | [RESUME] starting from trial 2
2026-03-28 01:20:28,757 | 3861906 | INFO | [TRIAL COMPLETE] trial 11 no_physics NSE_1D=0.76588 NSE_1H=0.69185
2026-03-28 01:20:29,056 | 3861906 | INFO | [ENQUEUE TRIAL] trial 30 no_physics
2026-03-28 01:20:29,056 | 3861906 | INFO | [BAYES QUEUE STATE]
2026-03-28 01:20:29,056 | 3861906 | INFO | pending_jobs = 53
2026-03-28 01:20:29,057 | 3861906 | INFO | inflight_trials = [2, 3, 4, 5, 6, 7, 8, 9, 11, 12, 13, 14, 15, 16, 17, 18, 19, 20, 21, 22, 23, 24, 25, 26, 27, 28, 29]
2026-03-28 01:20:29,057 | 3861906 | INFO | queue[0000] trial 17 fold 4 no_physics
2026-03-28 01:20:29,057 | 3861906 | INFO | queue[0001] trial 18 fold 1 no_physics
2026-03-28 01:20:29,057 | 3861906 | INFO | queue[0002] trial 18 fold 2 no_physics
2026-03-28 01:20:29,057 | 3861906 | INFO | queue[0003] trial 18 fold 3 no_physics
2026-03-28 01:20:29,057 | 3861906 | INFO | queue[0004] trial 18 fold 4 no_physics
2026-03-28 01:20:29,057 | 3861906 | INFO | queue[0005] trial 19 fold 1 no_physics
2026-03-28 01:20:29,057 | 3861906 | INFO | queue[0006] trial 19 fold 2 no_physics
2026-03-28 01:20:29,058 | 3861906 | INFO | queue[0007] trial 19 fold 3 no_physics
2026-03-28 01:20:29,058 | 3861906 | INFO | queue[0008] trial 19 fold 4 no_physics
2026-03-28 01:20:29,058 | 3861906 | INFO | queue[0009] trial 20 fold 1 no_physics
2026-03-28 01:20:29,058 | 3861906 | INFO | queue[0010] trial 20 fold 2 no_physics
2026-03-28 01:20:29,058 | 3861906 | INFO | queue[0011] trial 20 fold 3 no_physics
2026-03-28 01:20:29,058 | 3861906 | INFO | queue[0012] trial 20 fold 4 no_physics
2026-03-28 01:20:29,058 | 3861906 | INFO | queue[0013] trial 21 fold 1 no_physics
2026-03-28 01:20:29,058 | 3861906 | INFO | queue[0014] trial 21 fold 2 no_physics
2026-03-28 01:20:29,058 | 3861906 | INFO | queue[0015] trial 21 fold 3 no_physics
2026-03-28 01:20:29,059 | 3861906 | INFO | queue[0016] trial 21 fold 4 no_physics
2026-03-28 01:20:29,059 | 3861906 | INFO | queue[0017] trial 22 fold 1 no_physics
2026-03-28 01:20:29,059 | 3861906 | INFO | queue[0018] trial 22 fold 2 no_physics
2026-03-28 01:20:29,059 | 3861906 | INFO | queue[0019] trial 22 fold 3 no_physics
2026-03-28 01:20:29,059 | 3861906 | INFO | queue[0020] trial 22 fold 4 no_physics
2026-03-28 01:20:29,059 | 3861906 | INFO | queue[0021] trial 23 fold 1 no_physics
2026-03-28 01:20:29,059 | 3861906 | INFO | queue[0022] trial 23 fold 2 no_physics
2026-03-28 01:20:29,059 | 3861906 | INFO | queue[0023] trial 23 fold 3 no_physics
2026-03-28 01:20:29,059 | 3861906 | INFO | queue[0024] trial 23 fold 4 no_physics
2026-03-28 01:20:29,060 | 3861906 | INFO | queue[0025] trial 24 fold 1 no_physics
2026-03-28 01:20:29,060 | 3861906 | INFO | queue[0026] trial 24 fold 2 no_physics
2026-03-28 01:20:29,060 | 3861906 | INFO | queue[0027] trial 24 fold 3 no_physics
2026-03-28 01:20:29,060 | 3861906 | INFO | queue[0028] trial 24 fold 4 no_physics
2026-03-28 01:20:29,060 | 3861906 | INFO | queue[0029] trial 25 fold 1 no_physics
2026-03-28 01:20:29,060 | 3861906 | INFO | queue[0030] trial 25 fold 2 no_physics
2026-03-28 01:20:29,060 | 3861906 | INFO | queue[0031] trial 25 fold 3 no_physics
2026-03-28 01:20:29,060 | 3861906 | INFO | queue[0032] trial 25 fold 4 no_physics
2026-03-28 01:20:29,061 | 3861906 | INFO | queue[0033] trial 26 fold 1 no_physics
2026-03-28 01:20:29,061 | 3861906 | INFO | queue[0034] trial 26 fold 2 no_physics
2026-03-28 01:20:29,061 | 3861906 | INFO | queue[0035] trial 26 fold 3 no_physics
2026-03-28 01:20:29,061 | 3861906 | INFO | queue[0036] trial 26 fold 4 no_physics
2026-03-28 01:20:29,061 | 3861906 | INFO | queue[0037] trial 27 fold 1 no_physics
2026-03-28 01:20:29,061 | 3861906 | INFO | queue[0038] trial 27 fold 2 no_physics
2026-03-28 01:20:29,061 | 3861906 | INFO | queue[0039] trial 27 fold 3 no_physics
2026-03-28 01:20:29,061 | 3861906 | INFO | queue[0040] trial 27 fold 4 no_physics
2026-03-28 01:20:29,061 | 3861906 | INFO | queue[0041] trial 28 fold 1 no_physics
2026-03-28 01:20:29,062 | 3861906 | INFO | queue[0042] trial 28 fold 2 no_physics
2026-03-28 01:20:29,062 | 3861906 | INFO | queue[0043] trial 28 fold 3 no_physics
2026-03-28 01:20:29,062 | 3861906 | INFO | queue[0044] trial 28 fold 4 no_physics
2026-03-28 01:20:29,062 | 3861906 | INFO | queue[0045] trial 29 fold 1 no_physics
2026-03-28 01:20:29,062 | 3861906 | INFO | queue[0046] trial 29 fold 2 no_physics
2026-03-28 01:20:29,062 | 3861906 | INFO | queue[0047] trial 29 fold 3 no_physics
2026-03-28 01:20:29,062 | 3861906 | INFO | queue[0048] trial 29 fold 4 no_physics
2026-03-28 01:20:29,062 | 3861906 | INFO | queue[0049] trial 30 fold 1 no_physics
2026-03-28 01:20:29,063 | 3861906 | INFO | queue[0050] trial 30 fold 2 no_physics
2026-03-28 01:20:29,063 | 3861906 | INFO | queue[0051] trial 30 fold 3 no_physics
2026-03-28 01:20:29,063 | 3861906 | INFO | queue[0052] trial 30 fold 4 no_physics
2026-03-28 01:20:29,063 | 3861906 | INFO | [END BAYES QUEUE]
2026-03-28 01:20:29,068 | 3861906 | INFO | [RESUME] starting from trial 3
2026-03-28 01:20:38,904 | 3861906 | INFO | [RESUME] starting from trial 3
2026-03-28 01:21:12,809 | 3861906 | INFO | [RESUME] starting from trial 3
2026-03-28 01:21:36,683 | 3861906 | INFO | [TRIAL COMPLETE] trial 8 no_physics NSE_1D=0.74511 NSE_1H=0.69633
2026-03-28 01:21:36,964 | 3861906 | INFO | [ENQUEUE TRIAL] trial 31 no_physics
2026-03-28 01:21:36,964 | 3861906 | INFO | [BAYES QUEUE STATE]
2026-03-28 01:21:36,965 | 3861906 | INFO | pending_jobs = 54
2026-03-28 01:21:36,965 | 3861906 | INFO | inflight_trials = [2, 3, 4, 5, 6, 8, 9, 11, 12, 13, 14, 15, 16, 17, 18, 19, 20, 21, 22, 23, 24, 25, 26, 27, 28, 29, 30]
2026-03-28 01:21:36,965 | 3861906 | INFO | queue[0000] trial 18 fold 3 no_physics
2026-03-28 01:21:36,965 | 3861906 | INFO | queue[0001] trial 18 fold 4 no_physics
2026-03-28 01:21:36,966 | 3861906 | INFO | queue[0002] trial 19 fold 1 no_physics
2026-03-28 01:21:36,966 | 3861906 | INFO | queue[0003] trial 19 fold 2 no_physics
2026-03-28 01:21:36,966 | 3861906 | INFO | queue[0004] trial 19 fold 3 no_physics
2026-03-28 01:21:36,966 | 3861906 | INFO | queue[0005] trial 19 fold 4 no_physics
2026-03-28 01:21:36,966 | 3861906 | INFO | queue[0006] trial 20 fold 1 no_physics
2026-03-28 01:21:36,966 | 3861906 | INFO | queue[0007] trial 20 fold 2 no_physics
2026-03-28 01:21:36,966 | 3861906 | INFO | queue[0008] trial 20 fold 3 no_physics
2026-03-28 01:21:36,967 | 3861906 | INFO | queue[0009] trial 20 fold 4 no_physics
2026-03-28 01:21:36,967 | 3861906 | INFO | queue[0010] trial 21 fold 1 no_physics
2026-03-28 01:21:36,967 | 3861906 | INFO | queue[0011] trial 21 fold 2 no_physics
2026-03-28 01:21:36,967 | 3861906 | INFO | queue[0012] trial 21 fold 3 no_physics
2026-03-28 01:21:36,967 | 3861906 | INFO | queue[0013] trial 21 fold 4 no_physics
2026-03-28 01:21:36,967 | 3861906 | INFO | queue[0014] trial 22 fold 1 no_physics
2026-03-28 01:21:36,967 | 3861906 | INFO | queue[0015] trial 22 fold 2 no_physics
2026-03-28 01:21:36,968 | 3861906 | INFO | queue[0016] trial 22 fold 3 no_physics
2026-03-28 01:21:36,968 | 3861906 | INFO | queue[0017] trial 22 fold 4 no_physics
2026-03-28 01:21:36,968 | 3861906 | INFO | queue[0018] trial 23 fold 1 no_physics
2026-03-28 01:21:36,968 | 3861906 | INFO | queue[0019] trial 23 fold 2 no_physics
2026-03-28 01:21:36,968 | 3861906 | INFO | queue[0020] trial 23 fold 3 no_physics
2026-03-28 01:21:36,968 | 3861906 | INFO | queue[0021] trial 23 fold 4 no_physics
2026-03-28 01:21:36,968 | 3861906 | INFO | queue[0022] trial 24 fold 1 no_physics
2026-03-28 01:21:36,968 | 3861906 | INFO | queue[0023] trial 24 fold 2 no_physics
2026-03-28 01:21:36,969 | 3861906 | INFO | queue[0024] trial 24 fold 3 no_physics
2026-03-28 01:21:36,969 | 3861906 | INFO | queue[0025] trial 24 fold 4 no_physics
2026-03-28 01:21:36,969 | 3861906 | INFO | queue[0026] trial 25 fold 1 no_physics
2026-03-28 01:21:36,969 | 3861906 | INFO | queue[0027] trial 25 fold 2 no_physics
2026-03-28 01:21:36,969 | 3861906 | INFO | queue[0028] trial 25 fold 3 no_physics
2026-03-28 01:21:36,969 | 3861906 | INFO | queue[0029] trial 25 fold 4 no_physics
2026-03-28 01:21:36,969 | 3861906 | INFO | queue[0030] trial 26 fold 1 no_physics
2026-03-28 01:21:36,969 | 3861906 | INFO | queue[0031] trial 26 fold 2 no_physics
2026-03-28 01:21:36,969 | 3861906 | INFO | queue[0032] trial 26 fold 3 no_physics
2026-03-28 01:21:36,970 | 3861906 | INFO | queue[0033] trial 26 fold 4 no_physics
2026-03-28 01:21:36,970 | 3861906 | INFO | queue[0034] trial 27 fold 1 no_physics
2026-03-28 01:21:36,970 | 3861906 | INFO | queue[0035] trial 27 fold 2 no_physics
2026-03-28 01:21:36,970 | 3861906 | INFO | queue[0036] trial 27 fold 3 no_physics
2026-03-28 01:21:36,970 | 3861906 | INFO | queue[0037] trial 27 fold 4 no_physics
2026-03-28 01:21:36,970 | 3861906 | INFO | queue[0038] trial 28 fold 1 no_physics
2026-03-28 01:21:36,970 | 3861906 | INFO | queue[0039] trial 28 fold 2 no_physics
2026-03-28 01:21:36,970 | 3861906 | INFO | queue[0040] trial 28 fold 3 no_physics
2026-03-28 01:21:36,970 | 3861906 | INFO | queue[0041] trial 28 fold 4 no_physics
2026-03-28 01:21:36,971 | 3861906 | INFO | queue[0042] trial 29 fold 1 no_physics
2026-03-28 01:21:36,971 | 3861906 | INFO | queue[0043] trial 29 fold 2 no_physics
2026-03-28 01:21:36,971 | 3861906 | INFO | queue[0044] trial 29 fold 3 no_physics
2026-03-28 01:21:36,971 | 3861906 | INFO | queue[0045] trial 29 fold 4 no_physics
2026-03-28 01:21:36,971 | 3861906 | INFO | queue[0046] trial 30 fold 1 no_physics
2026-03-28 01:21:36,971 | 3861906 | INFO | queue[0047] trial 30 fold 2 no_physics
2026-03-28 01:21:36,971 | 3861906 | INFO | queue[0048] trial 30 fold 3 no_physics
2026-03-28 01:21:36,971 | 3861906 | INFO | queue[0049] trial 30 fold 4 no_physics
2026-03-28 01:21:36,972 | 3861906 | INFO | queue[0050] trial 31 fold 1 no_physics
2026-03-28 01:21:36,972 | 3861906 | INFO | queue[0051] trial 31 fold 2 no_physics
2026-03-28 01:21:36,972 | 3861906 | INFO | queue[0052] trial 31 fold 3 no_physics
2026-03-28 01:21:36,972 | 3861906 | INFO | queue[0053] trial 31 fold 4 no_physics
2026-03-28 01:21:36,972 | 3861906 | INFO | [END BAYES QUEUE]
2026-03-28 01:21:36,978 | 3861906 | INFO | [RESUME] starting from trial 4
2026-03-28 01:22:29,706 | 3861906 | INFO | [RESUME] starting from trial 4
2026-03-28 01:23:21,932 | 3861906 | INFO | [RESUME] starting from trial 4
2026-03-28 01:24:54,862 | 3861906 | INFO | [RESUME] starting from trial 4
2026-03-28 01:25:54,137 | 3861906 | INFO | [RESUME] starting from trial 4
2026-03-28 01:27:04,426 | 3861906 | INFO | [TRIAL COMPLETE] trial 4 no_physics NSE_1D=0.78332 NSE_1H=0.68488
2026-03-28 01:27:04,730 | 3861906 | INFO | [ENQUEUE TRIAL] trial 32 no_physics
2026-03-28 01:27:04,731 | 3861906 | INFO | [BAYES QUEUE STATE]
2026-03-28 01:27:04,731 | 3861906 | INFO | pending_jobs = 53
2026-03-28 01:27:04,732 | 3861906 | INFO | inflight_trials = [2, 4, 5, 6, 8, 9, 11, 12, 13, 14, 15, 16, 17, 18, 19, 20, 21, 22, 23, 24, 25, 26, 27, 28, 29, 30, 31]
2026-03-28 01:27:04,732 | 3861906 | INFO | queue[0000] trial 19 fold 4 no_physics
2026-03-28 01:27:04,732 | 3861906 | INFO | queue[0001] trial 20 fold 1 no_physics
2026-03-28 01:27:04,733 | 3861906 | INFO | queue[0002] trial 20 fold 2 no_physics
2026-03-28 01:27:04,733 | 3861906 | INFO | queue[0003] trial 20 fold 3 no_physics
2026-03-28 01:27:04,733 | 3861906 | INFO | queue[0004] trial 20 fold 4 no_physics
2026-03-28 01:27:04,734 | 3861906 | INFO | queue[0005] trial 21 fold 1 no_physics
2026-03-28 01:27:04,734 | 3861906 | INFO | queue[0006] trial 21 fold 2 no_physics
2026-03-28 01:27:04,735 | 3861906 | INFO | queue[0007] trial 21 fold 3 no_physics
2026-03-28 01:27:04,735 | 3861906 | INFO | queue[0008] trial 21 fold 4 no_physics
2026-03-28 01:27:04,735 | 3861906 | INFO | queue[0009] trial 22 fold 1 no_physics
2026-03-28 01:27:04,736 | 3861906 | INFO | queue[0010] trial 22 fold 2 no_physics
2026-03-28 01:27:04,736 | 3861906 | INFO | queue[0011] trial 22 fold 3 no_physics
2026-03-28 01:27:04,736 | 3861906 | INFO | queue[0012] trial 22 fold 4 no_physics
2026-03-28 01:27:04,736 | 3861906 | INFO | queue[0013] trial 23 fold 1 no_physics
2026-03-28 01:27:04,737 | 3861906 | INFO | queue[0014] trial 23 fold 2 no_physics
2026-03-28 01:27:04,737 | 3861906 | INFO | queue[0015] trial 23 fold 3 no_physics
2026-03-28 01:27:04,737 | 3861906 | INFO | queue[0016] trial 23 fold 4 no_physics
2026-03-28 01:27:04,737 | 3861906 | INFO | queue[0017] trial 24 fold 1 no_physics
2026-03-28 01:27:04,738 | 3861906 | INFO | queue[0018] trial 24 fold 2 no_physics
2026-03-28 01:27:04,738 | 3861906 | INFO | queue[0019] trial 24 fold 3 no_physics
2026-03-28 01:27:04,738 | 3861906 | INFO | queue[0020] trial 24 fold 4 no_physics
2026-03-28 01:27:04,738 | 3861906 | INFO | queue[0021] trial 25 fold 1 no_physics
2026-03-28 01:27:04,738 | 3861906 | INFO | queue[0022] trial 25 fold 2 no_physics
2026-03-28 01:27:04,739 | 3861906 | INFO | queue[0023] trial 25 fold 3 no_physics
2026-03-28 01:27:04,739 | 3861906 | INFO | queue[0024] trial 25 fold 4 no_physics
2026-03-28 01:27:04,739 | 3861906 | INFO | queue[0025] trial 26 fold 1 no_physics
2026-03-28 01:27:04,739 | 3861906 | INFO | queue[0026] trial 26 fold 2 no_physics
2026-03-28 01:27:04,739 | 3861906 | INFO | queue[0027] trial 26 fold 3 no_physics
2026-03-28 01:27:04,740 | 3861906 | INFO | queue[0028] trial 26 fold 4 no_physics
2026-03-28 01:27:04,740 | 3861906 | INFO | queue[0029] trial 27 fold 1 no_physics
2026-03-28 01:27:04,740 | 3861906 | INFO | queue[0030] trial 27 fold 2 no_physics
2026-03-28 01:27:04,740 | 3861906 | INFO | queue[0031] trial 27 fold 3 no_physics
2026-03-28 01:27:04,741 | 3861906 | INFO | queue[0032] trial 27 fold 4 no_physics
2026-03-28 01:27:04,741 | 3861906 | INFO | queue[0033] trial 28 fold 1 no_physics
2026-03-28 01:27:04,741 | 3861906 | INFO | queue[0034] trial 28 fold 2 no_physics
2026-03-28 01:27:04,741 | 3861906 | INFO | queue[0035] trial 28 fold 3 no_physics
2026-03-28 01:27:04,741 | 3861906 | INFO | queue[0036] trial 28 fold 4 no_physics
2026-03-28 01:27:04,742 | 3861906 | INFO | queue[0037] trial 29 fold 1 no_physics
2026-03-28 01:27:04,742 | 3861906 | INFO | queue[0038] trial 29 fold 2 no_physics
2026-03-28 01:27:04,742 | 3861906 | INFO | queue[0039] trial 29 fold 3 no_physics
2026-03-28 01:27:04,742 | 3861906 | INFO | queue[0040] trial 29 fold 4 no_physics
2026-03-28 01:27:04,743 | 3861906 | INFO | queue[0041] trial 30 fold 1 no_physics
2026-03-28 01:27:04,743 | 3861906 | INFO | queue[0042] trial 30 fold 2 no_physics
2026-03-28 01:27:04,743 | 3861906 | INFO | queue[0043] trial 30 fold 3 no_physics
2026-03-28 01:27:04,743 | 3861906 | INFO | queue[0044] trial 30 fold 4 no_physics
2026-03-28 01:27:04,743 | 3861906 | INFO | queue[0045] trial 31 fold 1 no_physics
2026-03-28 01:27:04,744 | 3861906 | INFO | queue[0046] trial 31 fold 2 no_physics
2026-03-28 01:27:04,744 | 3861906 | INFO | queue[0047] trial 31 fold 3 no_physics
2026-03-28 01:27:04,744 | 3861906 | INFO | queue[0048] trial 31 fold 4 no_physics
2026-03-28 01:27:04,744 | 3861906 | INFO | queue[0049] trial 32 fold 1 no_physics
2026-03-28 01:27:04,744 | 3861906 | INFO | queue[0050] trial 32 fold 2 no_physics
2026-03-28 01:27:04,744 | 3861906 | INFO | queue[0051] trial 32 fold 3 no_physics
2026-03-28 01:27:04,744 | 3861906 | INFO | queue[0052] trial 32 fold 4 no_physics
2026-03-28 01:27:04,745 | 3861906 | INFO | [END BAYES QUEUE]
2026-03-28 01:27:04,751 | 3861906 | INFO | [RESUME] starting from trial 5
2026-03-28 01:28:44,663 | 3861906 | INFO | [RESUME] starting from trial 5
2026-03-28 01:29:57,843 | 3861906 | INFO | [RESUME] starting from trial 5
2026-03-28 01:31:41,978 | 3861906 | INFO | [RESUME] starting from trial 5
2026-03-28 01:32:43,614 | 3861906 | INFO | [RESUME] starting from trial 5
2026-03-28 01:33:08,505 | 3861906 | INFO | [TRIAL COMPLETE] trial 17 no_physics NSE_1D=0.77769 NSE_1H=0.67274
2026-03-28 01:33:08,808 | 3861906 | INFO | [ENQUEUE TRIAL] trial 33 no_physics
2026-03-28 01:33:08,809 | 3861906 | INFO | [BAYES QUEUE STATE]
2026-03-28 01:33:08,809 | 3861906 | INFO | pending_jobs = 52
2026-03-28 01:33:08,811 | 3861906 | INFO | inflight_trials = [2, 4, 5, 6, 8, 9, 11, 12, 13, 14, 15, 17, 18, 19, 20, 21, 22, 23, 24, 25, 26, 27, 28, 29, 30, 31, 32]
2026-03-28 01:33:08,811 | 3861906 | INFO | queue[0000] trial 21 fold 1 no_physics
2026-03-28 01:33:08,811 | 3861906 | INFO | queue[0001] trial 21 fold 2 no_physics
2026-03-28 01:33:08,812 | 3861906 | INFO | queue[0002] trial 21 fold 3 no_physics
2026-03-28 01:33:08,812 | 3861906 | INFO | queue[0003] trial 21 fold 4 no_physics
2026-03-28 01:33:08,813 | 3861906 | INFO | queue[0004] trial 22 fold 1 no_physics
2026-03-28 01:33:08,813 | 3861906 | INFO | queue[0005] trial 22 fold 2 no_physics
2026-03-28 01:33:08,813 | 3861906 | INFO | queue[0006] trial 22 fold 3 no_physics
2026-03-28 01:33:08,814 | 3861906 | INFO | queue[0007] trial 22 fold 4 no_physics
2026-03-28 01:33:08,814 | 3861906 | INFO | queue[0008] trial 23 fold 1 no_physics
2026-03-28 01:33:08,814 | 3861906 | INFO | queue[0009] trial 23 fold 2 no_physics
2026-03-28 01:33:08,814 | 3861906 | INFO | queue[0010] trial 23 fold 3 no_physics
2026-03-28 01:33:08,814 | 3861906 | INFO | queue[0011] trial 23 fold 4 no_physics
2026-03-28 01:33:08,814 | 3861906 | INFO | queue[0012] trial 24 fold 1 no_physics
2026-03-28 01:33:08,815 | 3861906 | INFO | queue[0013] trial 24 fold 2 no_physics
2026-03-28 01:33:08,815 | 3861906 | INFO | queue[0014] trial 24 fold 3 no_physics
2026-03-28 01:33:08,815 | 3861906 | INFO | queue[0015] trial 24 fold 4 no_physics
2026-03-28 01:33:08,815 | 3861906 | INFO | queue[0016] trial 25 fold 1 no_physics
2026-03-28 01:33:08,816 | 3861906 | INFO | queue[0017] trial 25 fold 2 no_physics
2026-03-28 01:33:08,816 | 3861906 | INFO | queue[0018] trial 25 fold 3 no_physics
2026-03-28 01:33:08,816 | 3861906 | INFO | queue[0019] trial 25 fold 4 no_physics
2026-03-28 01:33:08,816 | 3861906 | INFO | queue[0020] trial 26 fold 1 no_physics
2026-03-28 01:33:08,816 | 3861906 | INFO | queue[0021] trial 26 fold 2 no_physics
2026-03-28 01:33:08,816 | 3861906 | INFO | queue[0022] trial 26 fold 3 no_physics
2026-03-28 01:33:08,816 | 3861906 | INFO | queue[0023] trial 26 fold 4 no_physics
2026-03-28 01:33:08,817 | 3861906 | INFO | queue[0024] trial 27 fold 1 no_physics
2026-03-28 01:33:08,817 | 3861906 | INFO | queue[0025] trial 27 fold 2 no_physics
2026-03-28 01:33:08,817 | 3861906 | INFO | queue[0026] trial 27 fold 3 no_physics
2026-03-28 01:33:08,818 | 3861906 | INFO | queue[0027] trial 27 fold 4 no_physics
2026-03-28 01:33:08,818 | 3861906 | INFO | queue[0028] trial 28 fold 1 no_physics
2026-03-28 01:33:08,818 | 3861906 | INFO | queue[0029] trial 28 fold 2 no_physics
2026-03-28 01:33:08,818 | 3861906 | INFO | queue[0030] trial 28 fold 3 no_physics
2026-03-28 01:33:08,818 | 3861906 | INFO | queue[0031] trial 28 fold 4 no_physics
2026-03-28 01:33:08,818 | 3861906 | INFO | queue[0032] trial 29 fold 1 no_physics
2026-03-28 01:33:08,819 | 3861906 | INFO | queue[0033] trial 29 fold 2 no_physics
2026-03-28 01:33:08,819 | 3861906 | INFO | queue[0034] trial 29 fold 3 no_physics
2026-03-28 01:33:08,819 | 3861906 | INFO | queue[0035] trial 29 fold 4 no_physics
2026-03-28 01:33:08,819 | 3861906 | INFO | queue[0036] trial 30 fold 1 no_physics
2026-03-28 01:33:08,819 | 3861906 | INFO | queue[0037] trial 30 fold 2 no_physics
2026-03-28 01:33:08,820 | 3861906 | INFO | queue[0038] trial 30 fold 3 no_physics
2026-03-28 01:33:08,820 | 3861906 | INFO | queue[0039] trial 30 fold 4 no_physics
2026-03-28 01:33:08,820 | 3861906 | INFO | queue[0040] trial 31 fold 1 no_physics
2026-03-28 01:33:08,820 | 3861906 | INFO | queue[0041] trial 31 fold 2 no_physics
2026-03-28 01:33:08,820 | 3861906 | INFO | queue[0042] trial 31 fold 3 no_physics
2026-03-28 01:33:08,821 | 3861906 | INFO | queue[0043] trial 31 fold 4 no_physics
2026-03-28 01:33:08,821 | 3861906 | INFO | queue[0044] trial 32 fold 1 no_physics
2026-03-28 01:33:08,821 | 3861906 | INFO | queue[0045] trial 32 fold 2 no_physics
2026-03-28 01:33:08,821 | 3861906 | INFO | queue[0046] trial 32 fold 3 no_physics
2026-03-28 01:33:08,821 | 3861906 | INFO | queue[0047] trial 32 fold 4 no_physics
2026-03-28 01:33:08,821 | 3861906 | INFO | queue[0048] trial 33 fold 1 no_physics
2026-03-28 01:33:08,821 | 3861906 | INFO | queue[0049] trial 33 fold 2 no_physics
2026-03-28 01:33:08,821 | 3861906 | INFO | queue[0050] trial 33 fold 3 no_physics
2026-03-28 01:33:08,822 | 3861906 | INFO | queue[0051] trial 33 fold 4 no_physics
2026-03-28 01:33:08,822 | 3861906 | INFO | [END BAYES QUEUE]
2026-03-28 01:33:08,828 | 3861906 | INFO | [RESUME] starting from trial 6
2026-03-28 01:35:43,807 | 3861906 | INFO | [RESUME] starting from trial 6
2026-03-28 01:35:49,140 | 3861906 | INFO | [RESUME] starting from trial 6
2026-03-28 01:35:52,571 | 3861906 | INFO | [RESUME] starting from trial 6
2026-03-28 01:38:38,945 | 3861906 | INFO | [RESUME] starting from trial 6
2026-03-28 01:39:13,737 | 3861906 | INFO | [RESUME] starting from trial 6
2026-03-28 01:39:43,723 | 3861906 | INFO | [RESUME] starting from trial 6
2026-03-28 01:40:35,249 | 3861906 | INFO | [RESUME] starting from trial 6
2026-03-28 01:41:56,456 | 3861906 | INFO | [RESUME] starting from trial 6
2026-03-28 01:42:23,935 | 3861906 | INFO | [RESUME] starting from trial 6
2026-03-28 01:42:34,885 | 3861906 | INFO | [TRIAL COMPLETE] trial 15 no_physics NSE_1D=0.73952 NSE_1H=0.69780
2026-03-28 01:42:35,198 | 3861906 | INFO | [ENQUEUE TRIAL] trial 34 no_physics
2026-03-28 01:42:35,198 | 3861906 | INFO | [BAYES QUEUE STATE]
2026-03-28 01:42:35,199 | 3861906 | INFO | pending_jobs = 46
2026-03-28 01:42:35,199 | 3861906 | INFO | inflight_trials = [2, 4, 5, 6, 8, 9, 11, 12, 13, 15, 17, 18, 19, 20, 21, 22, 23, 24, 25, 26, 27, 28, 29, 30, 31, 32, 33]
2026-03-28 01:42:35,199 | 3861906 | INFO | queue[0000] trial 23 fold 3 no_physics
2026-03-28 01:42:35,200 | 3861906 | INFO | queue[0001] trial 23 fold 4 no_physics
2026-03-28 01:42:35,200 | 3861906 | INFO | queue[0002] trial 24 fold 1 no_physics
2026-03-28 01:42:35,200 | 3861906 | INFO | queue[0003] trial 24 fold 2 no_physics
2026-03-28 01:42:35,200 | 3861906 | INFO | queue[0004] trial 24 fold 3 no_physics
2026-03-28 01:42:35,201 | 3861906 | INFO | queue[0005] trial 24 fold 4 no_physics
2026-03-28 01:42:35,201 | 3861906 | INFO | queue[0006] trial 25 fold 1 no_physics
2026-03-28 01:42:35,201 | 3861906 | INFO | queue[0007] trial 25 fold 2 no_physics
2026-03-28 01:42:35,202 | 3861906 | INFO | queue[0008] trial 25 fold 3 no_physics
2026-03-28 01:42:35,202 | 3861906 | INFO | queue[0009] trial 25 fold 4 no_physics
2026-03-28 01:42:35,202 | 3861906 | INFO | queue[0010] trial 26 fold 1 no_physics
2026-03-28 01:42:35,203 | 3861906 | INFO | queue[0011] trial 26 fold 2 no_physics
2026-03-28 01:42:35,203 | 3861906 | INFO | queue[0012] trial 26 fold 3 no_physics
2026-03-28 01:42:35,203 | 3861906 | INFO | queue[0013] trial 26 fold 4 no_physics
2026-03-28 01:42:35,203 | 3861906 | INFO | queue[0014] trial 27 fold 1 no_physics
2026-03-28 01:42:35,204 | 3861906 | INFO | queue[0015] trial 27 fold 2 no_physics
2026-03-28 01:42:35,204 | 3861906 | INFO | queue[0016] trial 27 fold 3 no_physics
2026-03-28 01:42:35,204 | 3861906 | INFO | queue[0017] trial 27 fold 4 no_physics
2026-03-28 01:42:35,205 | 3861906 | INFO | queue[0018] trial 28 fold 1 no_physics
2026-03-28 01:42:35,205 | 3861906 | INFO | queue[0019] trial 28 fold 2 no_physics
2026-03-28 01:42:35,205 | 3861906 | INFO | queue[0020] trial 28 fold 3 no_physics
2026-03-28 01:42:35,206 | 3861906 | INFO | queue[0021] trial 28 fold 4 no_physics
2026-03-28 01:42:35,206 | 3861906 | INFO | queue[0022] trial 29 fold 1 no_physics
2026-03-28 01:42:35,206 | 3861906 | INFO | queue[0023] trial 29 fold 2 no_physics
2026-03-28 01:42:35,206 | 3861906 | INFO | queue[0024] trial 29 fold 3 no_physics
2026-03-28 01:42:35,207 | 3861906 | INFO | queue[0025] trial 29 fold 4 no_physics
2026-03-28 01:42:35,207 | 3861906 | INFO | queue[0026] trial 30 fold 1 no_physics
2026-03-28 01:42:35,207 | 3861906 | INFO | queue[0027] trial 30 fold 2 no_physics
2026-03-28 01:42:35,208 | 3861906 | INFO | queue[0028] trial 30 fold 3 no_physics
2026-03-28 01:42:35,208 | 3861906 | INFO | queue[0029] trial 30 fold 4 no_physics
2026-03-28 01:42:35,208 | 3861906 | INFO | queue[0030] trial 31 fold 1 no_physics
2026-03-28 01:42:35,208 | 3861906 | INFO | queue[0031] trial 31 fold 2 no_physics
2026-03-28 01:42:35,208 | 3861906 | INFO | queue[0032] trial 31 fold 3 no_physics
2026-03-28 01:42:35,208 | 3861906 | INFO | queue[0033] trial 31 fold 4 no_physics
2026-03-28 01:42:35,208 | 3861906 | INFO | queue[0034] trial 32 fold 1 no_physics
2026-03-28 01:42:35,209 | 3861906 | INFO | queue[0035] trial 32 fold 2 no_physics
2026-03-28 01:42:35,209 | 3861906 | INFO | queue[0036] trial 32 fold 3 no_physics
2026-03-28 01:42:35,209 | 3861906 | INFO | queue[0037] trial 32 fold 4 no_physics
2026-03-28 01:42:35,209 | 3861906 | INFO | queue[0038] trial 33 fold 1 no_physics
2026-03-28 01:42:35,209 | 3861906 | INFO | queue[0039] trial 33 fold 2 no_physics
2026-03-28 01:42:35,209 | 3861906 | INFO | queue[0040] trial 33 fold 3 no_physics
2026-03-28 01:42:35,209 | 3861906 | INFO | queue[0041] trial 33 fold 4 no_physics
2026-03-28 01:42:35,209 | 3861906 | INFO | queue[0042] trial 34 fold 1 no_physics
2026-03-28 01:42:35,210 | 3861906 | INFO | queue[0043] trial 34 fold 2 no_physics
2026-03-28 01:42:35,210 | 3861906 | INFO | queue[0044] trial 34 fold 3 no_physics
2026-03-28 01:42:35,210 | 3861906 | INFO | queue[0045] trial 34 fold 4 no_physics
2026-03-28 01:42:35,210 | 3861906 | INFO | [END BAYES QUEUE]
2026-03-28 01:42:35,501 | 3861906 | INFO | [ENQUEUE TRIAL] trial 35 no_physics
2026-03-28 01:42:35,501 | 3861906 | INFO | [BAYES QUEUE STATE]
2026-03-28 01:42:35,501 | 3861906 | INFO | pending_jobs = 50
2026-03-28 01:42:35,502 | 3861906 | INFO | inflight_trials = [2, 4, 5, 6, 8, 9, 11, 12, 13, 15, 17, 18, 19, 20, 21, 22, 23, 24, 25, 26, 27, 28, 29, 30, 31, 32, 33, 34]
2026-03-28 01:42:35,502 | 3861906 | INFO | queue[0000] trial 23 fold 3 no_physics
2026-03-28 01:42:35,502 | 3861906 | INFO | queue[0001] trial 23 fold 4 no_physics
2026-03-28 01:42:35,502 | 3861906 | INFO | queue[0002] trial 24 fold 1 no_physics
2026-03-28 01:42:35,502 | 3861906 | INFO | queue[0003] trial 24 fold 2 no_physics
2026-03-28 01:42:35,502 | 3861906 | INFO | queue[0004] trial 24 fold 3 no_physics
2026-03-28 01:42:35,502 | 3861906 | INFO | queue[0005] trial 24 fold 4 no_physics
2026-03-28 01:42:35,502 | 3861906 | INFO | queue[0006] trial 25 fold 1 no_physics
2026-03-28 01:42:35,503 | 3861906 | INFO | queue[0007] trial 25 fold 2 no_physics
2026-03-28 01:42:35,503 | 3861906 | INFO | queue[0008] trial 25 fold 3 no_physics
2026-03-28 01:42:35,503 | 3861906 | INFO | queue[0009] trial 25 fold 4 no_physics
2026-03-28 01:42:35,503 | 3861906 | INFO | queue[0010] trial 26 fold 1 no_physics
2026-03-28 01:42:35,503 | 3861906 | INFO | queue[0011] trial 26 fold 2 no_physics
2026-03-28 01:42:35,503 | 3861906 | INFO | queue[0012] trial 26 fold 3 no_physics
2026-03-28 01:42:35,503 | 3861906 | INFO | queue[0013] trial 26 fold 4 no_physics
2026-03-28 01:42:35,503 | 3861906 | INFO | queue[0014] trial 27 fold 1 no_physics
2026-03-28 01:42:35,504 | 3861906 | INFO | queue[0015] trial 27 fold 2 no_physics
2026-03-28 01:42:35,504 | 3861906 | INFO | queue[0016] trial 27 fold 3 no_physics
2026-03-28 01:42:35,504 | 3861906 | INFO | queue[0017] trial 27 fold 4 no_physics
2026-03-28 01:42:35,504 | 3861906 | INFO | queue[0018] trial 28 fold 1 no_physics
2026-03-28 01:42:35,504 | 3861906 | INFO | queue[0019] trial 28 fold 2 no_physics
2026-03-28 01:42:35,504 | 3861906 | INFO | queue[0020] trial 28 fold 3 no_physics
2026-03-28 01:42:35,504 | 3861906 | INFO | queue[0021] trial 28 fold 4 no_physics
2026-03-28 01:42:35,504 | 3861906 | INFO | queue[0022] trial 29 fold 1 no_physics
2026-03-28 01:42:35,505 | 3861906 | INFO | queue[0023] trial 29 fold 2 no_physics
2026-03-28 01:42:35,505 | 3861906 | INFO | queue[0024] trial 29 fold 3 no_physics
2026-03-28 01:42:35,505 | 3861906 | INFO | queue[0025] trial 29 fold 4 no_physics
2026-03-28 01:42:35,505 | 3861906 | INFO | queue[0026] trial 30 fold 1 no_physics
2026-03-28 01:42:35,505 | 3861906 | INFO | queue[0027] trial 30 fold 2 no_physics
2026-03-28 01:42:35,505 | 3861906 | INFO | queue[0028] trial 30 fold 3 no_physics
2026-03-28 01:42:35,505 | 3861906 | INFO | queue[0029] trial 30 fold 4 no_physics
2026-03-28 01:42:35,505 | 3861906 | INFO | queue[0030] trial 31 fold 1 no_physics
2026-03-28 01:42:35,506 | 3861906 | INFO | queue[0031] trial 31 fold 2 no_physics
2026-03-28 01:42:35,506 | 3861906 | INFO | queue[0032] trial 31 fold 3 no_physics
2026-03-28 01:42:35,506 | 3861906 | INFO | queue[0033] trial 31 fold 4 no_physics
2026-03-28 01:42:35,506 | 3861906 | INFO | queue[0034] trial 32 fold 1 no_physics
2026-03-28 01:42:35,506 | 3861906 | INFO | queue[0035] trial 32 fold 2 no_physics
2026-03-28 01:42:35,506 | 3861906 | INFO | queue[0036] trial 32 fold 3 no_physics
2026-03-28 01:42:35,506 | 3861906 | INFO | queue[0037] trial 32 fold 4 no_physics
2026-03-28 01:42:35,506 | 3861906 | INFO | queue[0038] trial 33 fold 1 no_physics
2026-03-28 01:42:35,507 | 3861906 | INFO | queue[0039] trial 33 fold 2 no_physics
2026-03-28 01:42:35,507 | 3861906 | INFO | queue[0040] trial 33 fold 3 no_physics
2026-03-28 01:42:35,507 | 3861906 | INFO | queue[0041] trial 33 fold 4 no_physics
2026-03-28 01:42:35,507 | 3861906 | INFO | queue[0042] trial 34 fold 1 no_physics
2026-03-28 01:42:35,507 | 3861906 | INFO | queue[0043] trial 34 fold 2 no_physics
2026-03-28 01:42:35,507 | 3861906 | INFO | queue[0044] trial 34 fold 3 no_physics
2026-03-28 01:42:35,507 | 3861906 | INFO | queue[0045] trial 34 fold 4 no_physics
2026-03-28 01:42:35,507 | 3861906 | INFO | queue[0046] trial 35 fold 1 no_physics
2026-03-28 01:42:35,507 | 3861906 | INFO | queue[0047] trial 35 fold 2 no_physics
2026-03-28 01:42:35,508 | 3861906 | INFO | queue[0048] trial 35 fold 3 no_physics
2026-03-28 01:42:35,508 | 3861906 | INFO | queue[0049] trial 35 fold 4 no_physics
2026-03-28 01:42:35,508 | 3861906 | INFO | [END BAYES QUEUE]
2026-03-28 01:42:35,813 | 3861906 | INFO | [ENQUEUE TRIAL] trial 36 no_physics
2026-03-28 01:42:35,816 | 3861906 | INFO | [BAYES QUEUE STATE]
2026-03-28 01:42:35,816 | 3861906 | INFO | pending_jobs = 54
2026-03-28 01:42:35,816 | 3861906 | INFO | inflight_trials = [2, 4, 5, 6, 8, 9, 11, 12, 13, 15, 17, 18, 19, 20, 21, 22, 23, 24, 25, 26, 27, 28, 29, 30, 31, 32, 33, 34, 35]
2026-03-28 01:42:35,816 | 3861906 | INFO | queue[0000] trial 23 fold 3 no_physics
2026-03-28 01:42:35,816 | 3861906 | INFO | queue[0001] trial 23 fold 4 no_physics
2026-03-28 01:42:35,817 | 3861906 | INFO | queue[0002] trial 24 fold 1 no_physics
2026-03-28 01:42:35,817 | 3861906 | INFO | queue[0003] trial 24 fold 2 no_physics
2026-03-28 01:42:35,817 | 3861906 | INFO | queue[0004] trial 24 fold 3 no_physics
2026-03-28 01:42:35,817 | 3861906 | INFO | queue[0005] trial 24 fold 4 no_physics
2026-03-28 01:42:35,817 | 3861906 | INFO | queue[0006] trial 25 fold 1 no_physics
2026-03-28 01:42:35,817 | 3861906 | INFO | queue[0007] trial 25 fold 2 no_physics
2026-03-28 01:42:35,817 | 3861906 | INFO | queue[0008] trial 25 fold 3 no_physics
2026-03-28 01:42:35,817 | 3861906 | INFO | queue[0009] trial 25 fold 4 no_physics
2026-03-28 01:42:35,818 | 3861906 | INFO | queue[0010] trial 26 fold 1 no_physics
2026-03-28 01:42:35,818 | 3861906 | INFO | queue[0011] trial 26 fold 2 no_physics
2026-03-28 01:42:35,818 | 3861906 | INFO | queue[0012] trial 26 fold 3 no_physics
2026-03-28 01:42:35,818 | 3861906 | INFO | queue[0013] trial 26 fold 4 no_physics
2026-03-28 01:42:35,818 | 3861906 | INFO | queue[0014] trial 27 fold 1 no_physics
2026-03-28 01:42:35,818 | 3861906 | INFO | queue[0015] trial 27 fold 2 no_physics
2026-03-28 01:42:35,818 | 3861906 | INFO | queue[0016] trial 27 fold 3 no_physics
2026-03-28 01:42:35,818 | 3861906 | INFO | queue[0017] trial 27 fold 4 no_physics
2026-03-28 01:42:35,818 | 3861906 | INFO | queue[0018] trial 28 fold 1 no_physics
2026-03-28 01:42:35,819 | 3861906 | INFO | queue[0019] trial 28 fold 2 no_physics
2026-03-28 01:42:35,819 | 3861906 | INFO | queue[0020] trial 28 fold 3 no_physics
2026-03-28 01:42:35,819 | 3861906 | INFO | queue[0021] trial 28 fold 4 no_physics
2026-03-28 01:42:35,819 | 3861906 | INFO | queue[0022] trial 29 fold 1 no_physics
2026-03-28 01:42:35,819 | 3861906 | INFO | queue[0023] trial 29 fold 2 no_physics
2026-03-28 01:42:35,819 | 3861906 | INFO | queue[0024] trial 29 fold 3 no_physics
2026-03-28 01:42:35,819 | 3861906 | INFO | queue[0025] trial 29 fold 4 no_physics
2026-03-28 01:42:35,819 | 3861906 | INFO | queue[0026] trial 30 fold 1 no_physics
2026-03-28 01:42:35,819 | 3861906 | INFO | queue[0027] trial 30 fold 2 no_physics
2026-03-28 01:42:35,820 | 3861906 | INFO | queue[0028] trial 30 fold 3 no_physics
2026-03-28 01:42:35,820 | 3861906 | INFO | queue[0029] trial 30 fold 4 no_physics
2026-03-28 01:42:35,820 | 3861906 | INFO | queue[0030] trial 31 fold 1 no_physics
2026-03-28 01:42:35,820 | 3861906 | INFO | queue[0031] trial 31 fold 2 no_physics
2026-03-28 01:42:35,820 | 3861906 | INFO | queue[0032] trial 31 fold 3 no_physics
2026-03-28 01:42:35,820 | 3861906 | INFO | queue[0033] trial 31 fold 4 no_physics
2026-03-28 01:42:35,820 | 3861906 | INFO | queue[0034] trial 32 fold 1 no_physics
2026-03-28 01:42:35,820 | 3861906 | INFO | queue[0035] trial 32 fold 2 no_physics
2026-03-28 01:42:35,820 | 3861906 | INFO | queue[0036] trial 32 fold 3 no_physics
2026-03-28 01:42:35,821 | 3861906 | INFO | queue[0037] trial 32 fold 4 no_physics
2026-03-28 01:42:35,821 | 3861906 | INFO | queue[0038] trial 33 fold 1 no_physics
2026-03-28 01:42:35,821 | 3861906 | INFO | queue[0039] trial 33 fold 2 no_physics
2026-03-28 01:42:35,821 | 3861906 | INFO | queue[0040] trial 33 fold 3 no_physics
2026-03-28 01:42:35,821 | 3861906 | INFO | queue[0041] trial 33 fold 4 no_physics
2026-03-28 01:42:35,821 | 3861906 | INFO | queue[0042] trial 34 fold 1 no_physics
2026-03-28 01:42:35,821 | 3861906 | INFO | queue[0043] trial 34 fold 2 no_physics
2026-03-28 01:42:35,821 | 3861906 | INFO | queue[0044] trial 34 fold 3 no_physics
2026-03-28 01:42:35,821 | 3861906 | INFO | queue[0045] trial 34 fold 4 no_physics
2026-03-28 01:42:35,821 | 3861906 | INFO | queue[0046] trial 35 fold 1 no_physics
2026-03-28 01:42:35,822 | 3861906 | INFO | queue[0047] trial 35 fold 2 no_physics
2026-03-28 01:42:35,822 | 3861906 | INFO | queue[0048] trial 35 fold 3 no_physics
2026-03-28 01:42:35,822 | 3861906 | INFO | queue[0049] trial 35 fold 4 no_physics
2026-03-28 01:42:35,822 | 3861906 | INFO | queue[0050] trial 36 fold 1 no_physics
2026-03-28 01:42:35,822 | 3861906 | INFO | queue[0051] trial 36 fold 2 no_physics
2026-03-28 01:42:35,822 | 3861906 | INFO | queue[0052] trial 36 fold 3 no_physics
2026-03-28 01:42:35,822 | 3861906 | INFO | queue[0053] trial 36 fold 4 no_physics
2026-03-28 01:42:35,822 | 3861906 | INFO | [END BAYES QUEUE]
2026-03-28 01:42:35,829 | 3861906 | INFO | [RESUME] starting from trial 7
2026-03-28 01:46:22,414 | 3861906 | INFO | [RESUME] starting from trial 7
2026-03-28 01:47:59,064 | 3861906 | INFO | [RESUME] starting from trial 7
2026-03-28 01:50:37,048 | 3861906 | INFO | [RESUME] starting from trial 7
2026-03-28 01:50:54,213 | 3861906 | INFO | [RESUME] starting from trial 7
2026-03-28 01:51:17,983 | 3861906 | INFO | [RESUME] starting from trial 7
2026-03-28 01:51:44,164 | 3861906 | INFO | [RESUME] starting from trial 7
2026-03-28 01:53:47,464 | 3861906 | INFO | [RESUME] starting from trial 7
2026-03-28 01:54:03,823 | 3861906 | INFO | [RESUME] starting from trial 7
2026-03-28 01:54:45,141 | 3861906 | INFO | [RESUME] starting from trial 7
2026-03-28 01:55:30,580 | 3861906 | INFO | [RESUME] starting from trial 7
2026-03-28 01:57:18,352 | 3861906 | INFO | [RESUME] starting from trial 7
2026-03-28 01:58:42,367 | 3861906 | INFO | [RESUME] starting from trial 7
2026-03-28 01:59:23,278 | 3861906 | INFO | [TRIAL COMPLETE] trial 19 no_physics NSE_1D=0.79822 NSE_1H=0.73254
2026-03-28 01:59:23,560 | 3861906 | INFO | [ENQUEUE TRIAL] trial 37 no_physics
2026-03-28 01:59:23,560 | 3861906 | INFO | [BAYES QUEUE STATE]
2026-03-28 01:59:23,561 | 3861906 | INFO | pending_jobs = 45
2026-03-28 01:59:23,561 | 3861906 | INFO | inflight_trials = [2, 4, 5, 6, 8, 9, 11, 12, 13, 15, 17, 19, 20, 21, 22, 23, 24, 25, 26, 27, 28, 29, 30, 31, 32, 33, 34, 35, 36]
2026-03-28 01:59:23,562 | 3861906 | INFO | queue[0000] trial 26 fold 4 no_physics
2026-03-28 01:59:23,562 | 3861906 | INFO | queue[0001] trial 27 fold 1 no_physics
2026-03-28 01:59:23,562 | 3861906 | INFO | queue[0002] trial 27 fold 2 no_physics
2026-03-28 01:59:23,563 | 3861906 | INFO | queue[0003] trial 27 fold 3 no_physics
2026-03-28 01:59:23,563 | 3861906 | INFO | queue[0004] trial 27 fold 4 no_physics
2026-03-28 01:59:23,564 | 3861906 | INFO | queue[0005] trial 28 fold 1 no_physics
2026-03-28 01:59:23,564 | 3861906 | INFO | queue[0006] trial 28 fold 2 no_physics
2026-03-28 01:59:23,564 | 3861906 | INFO | queue[0007] trial 28 fold 3 no_physics
2026-03-28 01:59:23,565 | 3861906 | INFO | queue[0008] trial 28 fold 4 no_physics
2026-03-28 01:59:23,565 | 3861906 | INFO | queue[0009] trial 29 fold 1 no_physics
2026-03-28 01:59:23,565 | 3861906 | INFO | queue[0010] trial 29 fold 2 no_physics
2026-03-28 01:59:23,565 | 3861906 | INFO | queue[0011] trial 29 fold 3 no_physics
2026-03-28 01:59:23,566 | 3861906 | INFO | queue[0012] trial 29 fold 4 no_physics
2026-03-28 01:59:23,566 | 3861906 | INFO | queue[0013] trial 30 fold 1 no_physics
2026-03-28 01:59:23,566 | 3861906 | INFO | queue[0014] trial 30 fold 2 no_physics
2026-03-28 01:59:23,566 | 3861906 | INFO | queue[0015] trial 30 fold 3 no_physics
2026-03-28 01:59:23,566 | 3861906 | INFO | queue[0016] trial 30 fold 4 no_physics
2026-03-28 01:59:23,567 | 3861906 | INFO | queue[0017] trial 31 fold 1 no_physics
2026-03-28 01:59:23,567 | 3861906 | INFO | queue[0018] trial 31 fold 2 no_physics
2026-03-28 01:59:23,567 | 3861906 | INFO | queue[0019] trial 31 fold 3 no_physics
2026-03-28 01:59:23,567 | 3861906 | INFO | queue[0020] trial 31 fold 4 no_physics
2026-03-28 01:59:23,567 | 3861906 | INFO | queue[0021] trial 32 fold 1 no_physics
2026-03-28 01:59:23,567 | 3861906 | INFO | queue[0022] trial 32 fold 2 no_physics
2026-03-28 01:59:23,568 | 3861906 | INFO | queue[0023] trial 32 fold 3 no_physics
2026-03-28 01:59:23,568 | 3861906 | INFO | queue[0024] trial 32 fold 4 no_physics
2026-03-28 01:59:23,568 | 3861906 | INFO | queue[0025] trial 33 fold 1 no_physics
2026-03-28 01:59:23,568 | 3861906 | INFO | queue[0026] trial 33 fold 2 no_physics
2026-03-28 01:59:23,568 | 3861906 | INFO | queue[0027] trial 33 fold 3 no_physics
2026-03-28 01:59:23,568 | 3861906 | INFO | queue[0028] trial 33 fold 4 no_physics
2026-03-28 01:59:23,569 | 3861906 | INFO | queue[0029] trial 34 fold 1 no_physics
2026-03-28 01:59:23,569 | 3861906 | INFO | queue[0030] trial 34 fold 2 no_physics
2026-03-28 01:59:23,569 | 3861906 | INFO | queue[0031] trial 34 fold 3 no_physics
2026-03-28 01:59:23,569 | 3861906 | INFO | queue[0032] trial 34 fold 4 no_physics
2026-03-28 01:59:23,569 | 3861906 | INFO | queue[0033] trial 35 fold 1 no_physics
2026-03-28 01:59:23,569 | 3861906 | INFO | queue[0034] trial 35 fold 2 no_physics
2026-03-28 01:59:23,570 | 3861906 | INFO | queue[0035] trial 35 fold 3 no_physics
2026-03-28 01:59:23,570 | 3861906 | INFO | queue[0036] trial 35 fold 4 no_physics
2026-03-28 01:59:23,570 | 3861906 | INFO | queue[0037] trial 36 fold 1 no_physics
2026-03-28 01:59:23,570 | 3861906 | INFO | queue[0038] trial 36 fold 2 no_physics
2026-03-28 01:59:23,570 | 3861906 | INFO | queue[0039] trial 36 fold 3 no_physics
2026-03-28 01:59:23,570 | 3861906 | INFO | queue[0040] trial 36 fold 4 no_physics
2026-03-28 01:59:23,571 | 3861906 | INFO | queue[0041] trial 37 fold 1 no_physics
2026-03-28 01:59:23,571 | 3861906 | INFO | queue[0042] trial 37 fold 2 no_physics
2026-03-28 01:59:23,571 | 3861906 | INFO | queue[0043] trial 37 fold 3 no_physics
2026-03-28 01:59:23,571 | 3861906 | INFO | queue[0044] trial 37 fold 4 no_physics
2026-03-28 01:59:23,571 | 3861906 | INFO | [END BAYES QUEUE]
2026-03-28 01:59:23,853 | 3861906 | INFO | [ENQUEUE TRIAL] trial 38 no_physics
2026-03-28 01:59:23,854 | 3861906 | INFO | [BAYES QUEUE STATE]
2026-03-28 01:59:23,854 | 3861906 | INFO | pending_jobs = 49
2026-03-28 01:59:23,854 | 3861906 | INFO | inflight_trials = [2, 4, 5, 6, 8, 9, 11, 12, 13, 15, 17, 19, 20, 21, 22, 23, 24, 25, 26, 27, 28, 29, 30, 31, 32, 33, 34, 35, 36, 37]
2026-03-28 01:59:23,855 | 3861906 | INFO | queue[0000] trial 26 fold 4 no_physics
2026-03-28 01:59:23,855 | 3861906 | INFO | queue[0001] trial 27 fold 1 no_physics
2026-03-28 01:59:23,856 | 3861906 | INFO | queue[0002] trial 27 fold 2 no_physics
2026-03-28 01:59:23,856 | 3861906 | INFO | queue[0003] trial 27 fold 3 no_physics
2026-03-28 01:59:23,856 | 3861906 | INFO | queue[0004] trial 27 fold 4 no_physics
2026-03-28 01:59:23,857 | 3861906 | INFO | queue[0005] trial 28 fold 1 no_physics
2026-03-28 01:59:23,857 | 3861906 | INFO | queue[0006] trial 28 fold 2 no_physics
2026-03-28 01:59:23,857 | 3861906 | INFO | queue[0007] trial 28 fold 3 no_physics
2026-03-28 01:59:23,858 | 3861906 | INFO | queue[0008] trial 28 fold 4 no_physics
2026-03-28 01:59:23,858 | 3861906 | INFO | queue[0009] trial 29 fold 1 no_physics
2026-03-28 01:59:23,858 | 3861906 | INFO | queue[0010] trial 29 fold 2 no_physics
2026-03-28 01:59:23,859 | 3861906 | INFO | queue[0011] trial 29 fold 3 no_physics
2026-03-28 01:59:23,859 | 3861906 | INFO | queue[0012] trial 29 fold 4 no_physics
2026-03-28 01:59:23,859 | 3861906 | INFO | queue[0013] trial 30 fold 1 no_physics
2026-03-28 01:59:23,859 | 3861906 | INFO | queue[0014] trial 30 fold 2 no_physics
2026-03-28 01:59:23,859 | 3861906 | INFO | queue[0015] trial 30 fold 3 no_physics
2026-03-28 01:59:23,860 | 3861906 | INFO | queue[0016] trial 30 fold 4 no_physics
2026-03-28 01:59:23,860 | 3861906 | INFO | queue[0017] trial 31 fold 1 no_physics
2026-03-28 01:59:23,860 | 3861906 | INFO | queue[0018] trial 31 fold 2 no_physics
2026-03-28 01:59:23,860 | 3861906 | INFO | queue[0019] trial 31 fold 3 no_physics
2026-03-28 01:59:23,860 | 3861906 | INFO | queue[0020] trial 31 fold 4 no_physics
2026-03-28 01:59:23,861 | 3861906 | INFO | queue[0021] trial 32 fold 1 no_physics
2026-03-28 01:59:23,861 | 3861906 | INFO | queue[0022] trial 32 fold 2 no_physics
2026-03-28 01:59:23,861 | 3861906 | INFO | queue[0023] trial 32 fold 3 no_physics
2026-03-28 01:59:23,861 | 3861906 | INFO | queue[0024] trial 32 fold 4 no_physics
2026-03-28 01:59:23,861 | 3861906 | INFO | queue[0025] trial 33 fold 1 no_physics
2026-03-28 01:59:23,862 | 3861906 | INFO | queue[0026] trial 33 fold 2 no_physics
2026-03-28 01:59:23,862 | 3861906 | INFO | queue[0027] trial 33 fold 3 no_physics
2026-03-28 01:59:23,862 | 3861906 | INFO | queue[0028] trial 33 fold 4 no_physics
2026-03-28 01:59:23,862 | 3861906 | INFO | queue[0029] trial 34 fold 1 no_physics
2026-03-28 01:59:23,862 | 3861906 | INFO | queue[0030] trial 34 fold 2 no_physics
2026-03-28 01:59:23,862 | 3861906 | INFO | queue[0031] trial 34 fold 3 no_physics
2026-03-28 01:59:23,868 | 3861906 | INFO | queue[0032] trial 34 fold 4 no_physics
2026-03-28 01:59:23,868 | 3861906 | INFO | queue[0033] trial 35 fold 1 no_physics
2026-03-28 01:59:23,868 | 3861906 | INFO | queue[0034] trial 35 fold 2 no_physics
2026-03-28 01:59:23,868 | 3861906 | INFO | queue[0035] trial 35 fold 3 no_physics
2026-03-28 01:59:23,868 | 3861906 | INFO | queue[0036] trial 35 fold 4 no_physics
2026-03-28 01:59:23,868 | 3861906 | INFO | queue[0037] trial 36 fold 1 no_physics
2026-03-28 01:59:23,868 | 3861906 | INFO | queue[0038] trial 36 fold 2 no_physics
2026-03-28 01:59:23,869 | 3861906 | INFO | queue[0039] trial 36 fold 3 no_physics
2026-03-28 01:59:23,869 | 3861906 | INFO | queue[0040] trial 36 fold 4 no_physics
2026-03-28 01:59:23,869 | 3861906 | INFO | queue[0041] trial 37 fold 1 no_physics
2026-03-28 01:59:23,869 | 3861906 | INFO | queue[0042] trial 37 fold 2 no_physics
2026-03-28 01:59:23,869 | 3861906 | INFO | queue[0043] trial 37 fold 3 no_physics
2026-03-28 01:59:23,869 | 3861906 | INFO | queue[0044] trial 37 fold 4 no_physics
2026-03-28 01:59:23,869 | 3861906 | INFO | queue[0045] trial 38 fold 1 no_physics
2026-03-28 01:59:23,869 | 3861906 | INFO | queue[0046] trial 38 fold 2 no_physics
2026-03-28 01:59:23,869 | 3861906 | INFO | queue[0047] trial 38 fold 3 no_physics
2026-03-28 01:59:23,870 | 3861906 | INFO | queue[0048] trial 38 fold 4 no_physics
2026-03-28 01:59:23,870 | 3861906 | INFO | [END BAYES QUEUE]
2026-03-28 01:59:24,150 | 3861906 | INFO | [ENQUEUE TRIAL] trial 39 no_physics
2026-03-28 01:59:24,151 | 3861906 | INFO | [BAYES QUEUE STATE]
2026-03-28 01:59:24,151 | 3861906 | INFO | pending_jobs = 53
2026-03-28 01:59:24,151 | 3861906 | INFO | inflight_trials = [2, 4, 5, 6, 8, 9, 11, 12, 13, 15, 17, 19, 20, 21, 22, 23, 24, 25, 26, 27, 28, 29, 30, 31, 32, 33, 34, 35, 36, 37, 38]
2026-03-28 01:59:24,152 | 3861906 | INFO | queue[0000] trial 26 fold 4 no_physics
2026-03-28 01:59:24,152 | 3861906 | INFO | queue[0001] trial 27 fold 1 no_physics
2026-03-28 01:59:24,152 | 3861906 | INFO | queue[0002] trial 27 fold 2 no_physics
2026-03-28 01:59:24,153 | 3861906 | INFO | queue[0003] trial 27 fold 3 no_physics
2026-03-28 01:59:24,153 | 3861906 | INFO | queue[0004] trial 27 fold 4 no_physics
2026-03-28 01:59:24,153 | 3861906 | INFO | queue[0005] trial 28 fold 1 no_physics
2026-03-28 01:59:24,154 | 3861906 | INFO | queue[0006] trial 28 fold 2 no_physics
2026-03-28 01:59:24,154 | 3861906 | INFO | queue[0007] trial 28 fold 3 no_physics
2026-03-28 01:59:24,154 | 3861906 | INFO | queue[0008] trial 28 fold 4 no_physics
2026-03-28 01:59:24,155 | 3861906 | INFO | queue[0009] trial 29 fold 1 no_physics
2026-03-28 01:59:24,155 | 3861906 | INFO | queue[0010] trial 29 fold 2 no_physics
2026-03-28 01:59:24,155 | 3861906 | INFO | queue[0011] trial 29 fold 3 no_physics
2026-03-28 01:59:24,156 | 3861906 | INFO | queue[0012] trial 29 fold 4 no_physics
2026-03-28 01:59:24,156 | 3861906 | INFO | queue[0013] trial 30 fold 1 no_physics
2026-03-28 01:59:24,156 | 3861906 | INFO | queue[0014] trial 30 fold 2 no_physics
2026-03-28 01:59:24,156 | 3861906 | INFO | queue[0015] trial 30 fold 3 no_physics
2026-03-28 01:59:24,156 | 3861906 | INFO | queue[0016] trial 30 fold 4 no_physics
2026-03-28 01:59:24,157 | 3861906 | INFO | queue[0017] trial 31 fold 1 no_physics
2026-03-28 01:59:24,157 | 3861906 | INFO | queue[0018] trial 31 fold 2 no_physics
2026-03-28 01:59:24,157 | 3861906 | INFO | queue[0019] trial 31 fold 3 no_physics
2026-03-28 01:59:24,157 | 3861906 | INFO | queue[0020] trial 31 fold 4 no_physics
2026-03-28 01:59:24,157 | 3861906 | INFO | queue[0021] trial 32 fold 1 no_physics
2026-03-28 01:59:24,158 | 3861906 | INFO | queue[0022] trial 32 fold 2 no_physics
2026-03-28 01:59:24,158 | 3861906 | INFO | queue[0023] trial 32 fold 3 no_physics
2026-03-28 01:59:24,158 | 3861906 | INFO | queue[0024] trial 32 fold 4 no_physics
2026-03-28 01:59:24,158 | 3861906 | INFO | queue[0025] trial 33 fold 1 no_physics
2026-03-28 01:59:24,158 | 3861906 | INFO | queue[0026] trial 33 fold 2 no_physics
2026-03-28 01:59:24,159 | 3861906 | INFO | queue[0027] trial 33 fold 3 no_physics
2026-03-28 01:59:24,159 | 3861906 | INFO | queue[0028] trial 33 fold 4 no_physics
2026-03-28 01:59:24,159 | 3861906 | INFO | queue[0029] trial 34 fold 1 no_physics
2026-03-28 01:59:24,159 | 3861906 | INFO | queue[0030] trial 34 fold 2 no_physics
2026-03-28 01:59:24,159 | 3861906 | INFO | queue[0031] trial 34 fold 3 no_physics
2026-03-28 01:59:24,160 | 3861906 | INFO | queue[0032] trial 34 fold 4 no_physics
2026-03-28 01:59:24,160 | 3861906 | INFO | queue[0033] trial 35 fold 1 no_physics
2026-03-28 01:59:24,160 | 3861906 | INFO | queue[0034] trial 35 fold 2 no_physics
2026-03-28 01:59:24,160 | 3861906 | INFO | queue[0035] trial 35 fold 3 no_physics
2026-03-28 01:59:24,160 | 3861906 | INFO | queue[0036] trial 35 fold 4 no_physics
2026-03-28 01:59:24,161 | 3861906 | INFO | queue[0037] trial 36 fold 1 no_physics
2026-03-28 01:59:24,161 | 3861906 | INFO | queue[0038] trial 36 fold 2 no_physics
2026-03-28 01:59:24,161 | 3861906 | INFO | queue[0039] trial 36 fold 3 no_physics
2026-03-28 01:59:24,161 | 3861906 | INFO | queue[0040] trial 36 fold 4 no_physics
2026-03-28 01:59:24,161 | 3861906 | INFO | queue[0041] trial 37 fold 1 no_physics
2026-03-28 01:59:24,162 | 3861906 | INFO | queue[0042] trial 37 fold 2 no_physics
2026-03-28 01:59:24,162 | 3861906 | INFO | queue[0043] trial 37 fold 3 no_physics
2026-03-28 01:59:24,162 | 3861906 | INFO | queue[0044] trial 37 fold 4 no_physics
2026-03-28 01:59:24,162 | 3861906 | INFO | queue[0045] trial 38 fold 1 no_physics
2026-03-28 01:59:24,162 | 3861906 | INFO | queue[0046] trial 38 fold 2 no_physics
2026-03-28 01:59:24,162 | 3861906 | INFO | queue[0047] trial 38 fold 3 no_physics
2026-03-28 01:59:24,163 | 3861906 | INFO | queue[0048] trial 38 fold 4 no_physics
2026-03-28 01:59:24,163 | 3861906 | INFO | queue[0049] trial 39 fold 1 no_physics
2026-03-28 01:59:24,163 | 3861906 | INFO | queue[0050] trial 39 fold 2 no_physics
2026-03-28 01:59:24,163 | 3861906 | INFO | queue[0051] trial 39 fold 3 no_physics
2026-03-28 01:59:24,163 | 3861906 | INFO | queue[0052] trial 39 fold 4 no_physics
2026-03-28 01:59:24,163 | 3861906 | INFO | [END BAYES QUEUE]
2026-03-28 01:59:24,170 | 3861906 | INFO | [RESUME] starting from trial 8
2026-03-28 01:59:41,623 | 3861906 | INFO | [RESUME] starting from trial 8
2026-03-28 02:00:24,442 | 3861906 | INFO | [TRIAL COMPLETE] trial 10 no_physics NSE_1D=0.76540 NSE_1H=0.69133
2026-03-28 02:00:24,456 | 3861906 | INFO | [RESUME] starting from trial 9
2026-03-28 02:02:28,657 | 3861906 | INFO | [RESUME] starting from trial 9
2026-03-28 02:02:41,419 | 3861906 | INFO | [TRIAL COMPLETE] trial 3 no_physics NSE_1D=0.82420 NSE_1H=0.71604
2026-03-28 02:02:41,736 | 3861906 | INFO | [ENQUEUE TRIAL] trial 40 no_physics
2026-03-28 02:02:41,736 | 3861906 | INFO | [BAYES QUEUE STATE]
2026-03-28 02:02:41,737 | 3861906 | INFO | pending_jobs = 53
2026-03-28 02:02:41,737 | 3861906 | INFO | inflight_trials = [4, 5, 6, 8, 11, 12, 13, 15, 17, 19, 20, 21, 22, 23, 24, 25, 26, 27, 28, 29, 30, 31, 32, 33, 34, 35, 36, 37, 38, 39]
2026-03-28 02:02:41,738 | 3861906 | INFO | queue[0000] trial 27 fold 4 no_physics
2026-03-28 02:02:41,738 | 3861906 | INFO | queue[0001] trial 28 fold 1 no_physics
2026-03-28 02:02:41,738 | 3861906 | INFO | queue[0002] trial 28 fold 2 no_physics
2026-03-28 02:02:41,739 | 3861906 | INFO | queue[0003] trial 28 fold 3 no_physics
2026-03-28 02:02:41,739 | 3861906 | INFO | queue[0004] trial 28 fold 4 no_physics
2026-03-28 02:02:41,739 | 3861906 | INFO | queue[0005] trial 29 fold 1 no_physics
2026-03-28 02:02:41,740 | 3861906 | INFO | queue[0006] trial 29 fold 2 no_physics
2026-03-28 02:02:41,740 | 3861906 | INFO | queue[0007] trial 29 fold 3 no_physics
2026-03-28 02:02:41,740 | 3861906 | INFO | queue[0008] trial 29 fold 4 no_physics
2026-03-28 02:02:41,740 | 3861906 | INFO | queue[0009] trial 30 fold 1 no_physics
2026-03-28 02:02:41,741 | 3861906 | INFO | queue[0010] trial 30 fold 2 no_physics
2026-03-28 02:02:41,741 | 3861906 | INFO | queue[0011] trial 30 fold 3 no_physics
2026-03-28 02:02:41,741 | 3861906 | INFO | queue[0012] trial 30 fold 4 no_physics
2026-03-28 02:02:41,741 | 3861906 | INFO | queue[0013] trial 31 fold 1 no_physics
2026-03-28 02:02:41,742 | 3861906 | INFO | queue[0014] trial 31 fold 2 no_physics
2026-03-28 02:02:41,742 | 3861906 | INFO | queue[0015] trial 31 fold 3 no_physics
2026-03-28 02:02:41,742 | 3861906 | INFO | queue[0016] trial 31 fold 4 no_physics
2026-03-28 02:02:41,743 | 3861906 | INFO | queue[0017] trial 32 fold 1 no_physics
2026-03-28 02:02:41,743 | 3861906 | INFO | queue[0018] trial 32 fold 2 no_physics
2026-03-28 02:02:41,743 | 3861906 | INFO | queue[0019] trial 32 fold 3 no_physics
2026-03-28 02:02:41,743 | 3861906 | INFO | queue[0020] trial 32 fold 4 no_physics
2026-03-28 02:02:41,744 | 3861906 | INFO | queue[0021] trial 33 fold 1 no_physics
2026-03-28 02:02:41,744 | 3861906 | INFO | queue[0022] trial 33 fold 2 no_physics
2026-03-28 02:02:41,744 | 3861906 | INFO | queue[0023] trial 33 fold 3 no_physics
2026-03-28 02:02:41,744 | 3861906 | INFO | queue[0024] trial 33 fold 4 no_physics
2026-03-28 02:02:41,745 | 3861906 | INFO | queue[0025] trial 34 fold 1 no_physics
2026-03-28 02:02:41,745 | 3861906 | INFO | queue[0026] trial 34 fold 2 no_physics
2026-03-28 02:02:41,745 | 3861906 | INFO | queue[0027] trial 34 fold 3 no_physics
2026-03-28 02:02:41,745 | 3861906 | INFO | queue[0028] trial 34 fold 4 no_physics
2026-03-28 02:02:41,746 | 3861906 | INFO | queue[0029] trial 35 fold 1 no_physics
2026-03-28 02:02:41,746 | 3861906 | INFO | queue[0030] trial 35 fold 2 no_physics
2026-03-28 02:02:41,746 | 3861906 | INFO | queue[0031] trial 35 fold 3 no_physics
2026-03-28 02:02:41,747 | 3861906 | INFO | queue[0032] trial 35 fold 4 no_physics
2026-03-28 02:02:41,747 | 3861906 | INFO | queue[0033] trial 36 fold 1 no_physics
2026-03-28 02:02:41,747 | 3861906 | INFO | queue[0034] trial 36 fold 2 no_physics
2026-03-28 02:02:41,747 | 3861906 | INFO | queue[0035] trial 36 fold 3 no_physics
2026-03-28 02:02:41,747 | 3861906 | INFO | queue[0036] trial 36 fold 4 no_physics
2026-03-28 02:02:41,747 | 3861906 | INFO | queue[0037] trial 37 fold 1 no_physics
2026-03-28 02:02:41,747 | 3861906 | INFO | queue[0038] trial 37 fold 2 no_physics
2026-03-28 02:02:41,747 | 3861906 | INFO | queue[0039] trial 37 fold 3 no_physics
2026-03-28 02:02:41,748 | 3861906 | INFO | queue[0040] trial 37 fold 4 no_physics
2026-03-28 02:02:41,748 | 3861906 | INFO | queue[0041] trial 38 fold 1 no_physics
2026-03-28 02:02:41,748 | 3861906 | INFO | queue[0042] trial 38 fold 2 no_physics
2026-03-28 02:02:41,748 | 3861906 | INFO | queue[0043] trial 38 fold 3 no_physics
2026-03-28 02:02:41,748 | 3861906 | INFO | queue[0044] trial 38 fold 4 no_physics
2026-03-28 02:02:41,748 | 3861906 | INFO | queue[0045] trial 39 fold 1 no_physics
2026-03-28 02:02:41,748 | 3861906 | INFO | queue[0046] trial 39 fold 2 no_physics
2026-03-28 02:02:41,748 | 3861906 | INFO | queue[0047] trial 39 fold 3 no_physics
2026-03-28 02:02:41,749 | 3861906 | INFO | queue[0048] trial 39 fold 4 no_physics
2026-03-28 02:02:41,749 | 3861906 | INFO | queue[0049] trial 40 fold 1 no_physics
2026-03-28 02:02:41,749 | 3861906 | INFO | queue[0050] trial 40 fold 2 no_physics
2026-03-28 02:02:41,749 | 3861906 | INFO | queue[0051] trial 40 fold 3 no_physics
2026-03-28 02:02:41,749 | 3861906 | INFO | queue[0052] trial 40 fold 4 no_physics
2026-03-28 02:02:41,749 | 3861906 | INFO | [END BAYES QUEUE]
2026-03-28 02:02:41,756 | 3861906 | INFO | [RESUME] starting from trial 10
2026-03-28 02:04:33,415 | 3861906 | INFO | [RESUME] starting from trial 10
2026-03-28 02:04:51,686 | 3861906 | INFO | [TRIAL COMPLETE] trial 14 no_physics NSE_1D=0.76396 NSE_1H=0.70636
2026-03-28 02:04:51,704 | 3861906 | INFO | [RESUME] starting from trial 11
2026-03-28 02:07:08,744 | 3861906 | INFO | [TRIAL COMPLETE] trial 16 no_physics NSE_1D=0.74593 NSE_1H=0.62908
2026-03-28 02:07:09,079 | 3861906 | INFO | [ENQUEUE TRIAL] trial 41 no_physics
2026-03-28 02:07:09,080 | 3861906 | INFO | [BAYES QUEUE STATE]
2026-03-28 02:07:09,080 | 3861906 | INFO | pending_jobs = 54
2026-03-28 02:07:09,080 | 3861906 | INFO | inflight_trials = [4, 5, 6, 8, 11, 12, 17, 19, 20, 21, 22, 23, 24, 25, 26, 27, 28, 29, 30, 31, 32, 33, 34, 35, 36, 37, 38, 39, 40]
2026-03-28 02:07:09,080 | 3861906 | INFO | queue[0000] trial 28 fold 3 no_physics
2026-03-28 02:07:09,080 | 3861906 | INFO | queue[0001] trial 28 fold 4 no_physics
2026-03-28 02:07:09,080 | 3861906 | INFO | queue[0002] trial 29 fold 1 no_physics
2026-03-28 02:07:09,080 | 3861906 | INFO | queue[0003] trial 29 fold 2 no_physics
2026-03-28 02:07:09,081 | 3861906 | INFO | queue[0004] trial 29 fold 3 no_physics
2026-03-28 02:07:09,081 | 3861906 | INFO | queue[0005] trial 29 fold 4 no_physics
2026-03-28 02:07:09,081 | 3861906 | INFO | queue[0006] trial 30 fold 1 no_physics
2026-03-28 02:07:09,081 | 3861906 | INFO | queue[0007] trial 30 fold 2 no_physics
2026-03-28 02:07:09,081 | 3861906 | INFO | queue[0008] trial 30 fold 3 no_physics
2026-03-28 02:07:09,081 | 3861906 | INFO | queue[0009] trial 30 fold 4 no_physics
2026-03-28 02:07:09,081 | 3861906 | INFO | queue[0010] trial 31 fold 1 no_physics
2026-03-28 02:07:09,081 | 3861906 | INFO | queue[0011] trial 31 fold 2 no_physics
2026-03-28 02:07:09,082 | 3861906 | INFO | queue[0012] trial 31 fold 3 no_physics
2026-03-28 02:07:09,082 | 3861906 | INFO | queue[0013] trial 31 fold 4 no_physics
2026-03-28 02:07:09,082 | 3861906 | INFO | queue[0014] trial 32 fold 1 no_physics
2026-03-28 02:07:09,082 | 3861906 | INFO | queue[0015] trial 32 fold 2 no_physics
2026-03-28 02:07:09,082 | 3861906 | INFO | queue[0016] trial 32 fold 3 no_physics
2026-03-28 02:07:09,082 | 3861906 | INFO | queue[0017] trial 32 fold 4 no_physics
2026-03-28 02:07:09,082 | 3861906 | INFO | queue[0018] trial 33 fold 1 no_physics
2026-03-28 02:07:09,082 | 3861906 | INFO | queue[0019] trial 33 fold 2 no_physics
2026-03-28 02:07:09,083 | 3861906 | INFO | queue[0020] trial 33 fold 3 no_physics
2026-03-28 02:07:09,083 | 3861906 | INFO | queue[0021] trial 33 fold 4 no_physics
2026-03-28 02:07:09,083 | 3861906 | INFO | queue[0022] trial 34 fold 1 no_physics
2026-03-28 02:07:09,083 | 3861906 | INFO | queue[0023] trial 34 fold 2 no_physics
2026-03-28 02:07:09,083 | 3861906 | INFO | queue[0024] trial 34 fold 3 no_physics
2026-03-28 02:07:09,083 | 3861906 | INFO | queue[0025] trial 34 fold 4 no_physics
2026-03-28 02:07:09,083 | 3861906 | INFO | queue[0026] trial 35 fold 1 no_physics
2026-03-28 02:07:09,083 | 3861906 | INFO | queue[0027] trial 35 fold 2 no_physics
2026-03-28 02:07:09,084 | 3861906 | INFO | queue[0028] trial 35 fold 3 no_physics
2026-03-28 02:07:09,084 | 3861906 | INFO | queue[0029] trial 35 fold 4 no_physics
2026-03-28 02:07:09,084 | 3861906 | INFO | queue[0030] trial 36 fold 1 no_physics
2026-03-28 02:07:09,084 | 3861906 | INFO | queue[0031] trial 36 fold 2 no_physics
2026-03-28 02:07:09,084 | 3861906 | INFO | queue[0032] trial 36 fold 3 no_physics
2026-03-28 02:07:09,084 | 3861906 | INFO | queue[0033] trial 36 fold 4 no_physics
2026-03-28 02:07:09,084 | 3861906 | INFO | queue[0034] trial 37 fold 1 no_physics
2026-03-28 02:07:09,084 | 3861906 | INFO | queue[0035] trial 37 fold 2 no_physics
2026-03-28 02:07:09,084 | 3861906 | INFO | queue[0036] trial 37 fold 3 no_physics
2026-03-28 02:07:09,085 | 3861906 | INFO | queue[0037] trial 37 fold 4 no_physics
2026-03-28 02:07:09,085 | 3861906 | INFO | queue[0038] trial 38 fold 1 no_physics
2026-03-28 02:07:09,085 | 3861906 | INFO | queue[0039] trial 38 fold 2 no_physics
2026-03-28 02:07:09,085 | 3861906 | INFO | queue[0040] trial 38 fold 3 no_physics
2026-03-28 02:07:09,085 | 3861906 | INFO | queue[0041] trial 38 fold 4 no_physics
2026-03-28 02:07:09,085 | 3861906 | INFO | queue[0042] trial 39 fold 1 no_physics
2026-03-28 02:07:09,085 | 3861906 | INFO | queue[0043] trial 39 fold 2 no_physics
2026-03-28 02:07:09,085 | 3861906 | INFO | queue[0044] trial 39 fold 3 no_physics
2026-03-28 02:07:09,085 | 3861906 | INFO | queue[0045] trial 39 fold 4 no_physics
2026-03-28 02:07:09,086 | 3861906 | INFO | queue[0046] trial 40 fold 1 no_physics
2026-03-28 02:07:09,086 | 3861906 | INFO | queue[0047] trial 40 fold 2 no_physics
2026-03-28 02:07:09,086 | 3861906 | INFO | queue[0048] trial 40 fold 3 no_physics
2026-03-28 02:07:09,086 | 3861906 | INFO | queue[0049] trial 40 fold 4 no_physics
2026-03-28 02:07:09,086 | 3861906 | INFO | queue[0050] trial 41 fold 1 no_physics
2026-03-28 02:07:09,086 | 3861906 | INFO | queue[0051] trial 41 fold 2 no_physics
2026-03-28 02:07:09,086 | 3861906 | INFO | queue[0052] trial 41 fold 3 no_physics
2026-03-28 02:07:09,086 | 3861906 | INFO | queue[0053] trial 41 fold 4 no_physics
2026-03-28 02:07:09,087 | 3861906 | INFO | [END BAYES QUEUE]
2026-03-28 02:07:09,094 | 3861906 | INFO | [RESUME] starting from trial 12
2026-03-28 02:07:52,509 | 3861906 | INFO | [RESUME] starting from trial 12
2026-03-28 02:10:03,765 | 3861906 | INFO | [TRIAL COMPLETE] trial 12 no_physics NSE_1D=0.76555 NSE_1H=0.71466
2026-03-28 02:10:03,783 | 3861906 | INFO | [RESUME] starting from trial 13
2026-03-28 02:13:25,379 | 3861906 | INFO | [RESUME] starting from trial 13
2026-03-28 02:18:07,520 | 3861906 | INFO | [RESUME] starting from trial 13
2026-03-28 02:18:26,580 | 3861906 | INFO | [RESUME] starting from trial 13
2026-03-28 02:18:34,642 | 3861906 | INFO | [RESUME] starting from trial 13
2026-03-28 02:19:00,935 | 3861906 | INFO | [RESUME] starting from trial 13
2026-03-28 02:19:32,722 | 3861906 | INFO | [RESUME] starting from trial 13
2026-03-28 02:21:12,857 | 3861906 | INFO | [RESUME] starting from trial 13
2026-03-28 02:23:52,864 | 3861906 | INFO | [RESUME] starting from trial 13
2026-03-28 02:24:50,426 | 3861906 | INFO | [RESUME] starting from trial 13
2026-03-28 02:26:03,810 | 3861906 | INFO | [RESUME] starting from trial 13
2026-03-28 02:26:44,333 | 3861906 | INFO | [RESUME] starting from trial 13
2026-03-28 02:27:43,993 | 3861906 | INFO | [TRIAL COMPLETE] trial 28 no_physics NSE_1D=0.80789 NSE_1H=0.76699
2026-03-28 02:27:44,304 | 3861906 | INFO | [ENQUEUE TRIAL] trial 42 no_physics
2026-03-28 02:27:44,305 | 3861906 | INFO | [BAYES QUEUE STATE]
2026-03-28 02:27:44,305 | 3861906 | INFO | pending_jobs = 44
2026-03-28 02:27:44,306 | 3861906 | INFO | inflight_trials = [4, 5, 6, 8, 12, 17, 19, 20, 21, 22, 23, 24, 25, 26, 28, 29, 30, 31, 32, 33, 34, 35, 36, 37, 38, 39, 40, 41]
2026-03-28 02:27:44,306 | 3861906 | INFO | queue[0000] trial 32 fold 1 no_physics
2026-03-28 02:27:44,306 | 3861906 | INFO | queue[0001] trial 32 fold 2 no_physics
2026-03-28 02:27:44,307 | 3861906 | INFO | queue[0002] trial 32 fold 3 no_physics
2026-03-28 02:27:44,307 | 3861906 | INFO | queue[0003] trial 32 fold 4 no_physics
2026-03-28 02:27:44,308 | 3861906 | INFO | queue[0004] trial 33 fold 1 no_physics
2026-03-28 02:27:44,308 | 3861906 | INFO | queue[0005] trial 33 fold 2 no_physics
2026-03-28 02:27:44,308 | 3861906 | INFO | queue[0006] trial 33 fold 3 no_physics
2026-03-28 02:27:44,308 | 3861906 | INFO | queue[0007] trial 33 fold 4 no_physics
2026-03-28 02:27:44,309 | 3861906 | INFO | queue[0008] trial 34 fold 1 no_physics
2026-03-28 02:27:44,309 | 3861906 | INFO | queue[0009] trial 34 fold 2 no_physics
2026-03-28 02:27:44,309 | 3861906 | INFO | queue[0010] trial 34 fold 3 no_physics
2026-03-28 02:27:44,309 | 3861906 | INFO | queue[0011] trial 34 fold 4 no_physics
2026-03-28 02:27:44,309 | 3861906 | INFO | queue[0012] trial 35 fold 1 no_physics
2026-03-28 02:27:44,310 | 3861906 | INFO | queue[0013] trial 35 fold 2 no_physics
2026-03-28 02:27:44,310 | 3861906 | INFO | queue[0014] trial 35 fold 3 no_physics
2026-03-28 02:27:44,310 | 3861906 | INFO | queue[0015] trial 35 fold 4 no_physics
2026-03-28 02:27:44,310 | 3861906 | INFO | queue[0016] trial 36 fold 1 no_physics
2026-03-28 02:27:44,311 | 3861906 | INFO | queue[0017] trial 36 fold 2 no_physics
2026-03-28 02:27:44,311 | 3861906 | INFO | queue[0018] trial 36 fold 3 no_physics
2026-03-28 02:27:44,311 | 3861906 | INFO | queue[0019] trial 36 fold 4 no_physics
2026-03-28 02:27:44,311 | 3861906 | INFO | queue[0020] trial 37 fold 1 no_physics
2026-03-28 02:27:44,312 | 3861906 | INFO | queue[0021] trial 37 fold 2 no_physics
2026-03-28 02:27:44,312 | 3861906 | INFO | queue[0022] trial 37 fold 3 no_physics
2026-03-28 02:27:44,312 | 3861906 | INFO | queue[0023] trial 37 fold 4 no_physics
2026-03-28 02:27:44,312 | 3861906 | INFO | queue[0024] trial 38 fold 1 no_physics
2026-03-28 02:27:44,313 | 3861906 | INFO | queue[0025] trial 38 fold 2 no_physics
2026-03-28 02:27:44,313 | 3861906 | INFO | queue[0026] trial 38 fold 3 no_physics
2026-03-28 02:27:44,313 | 3861906 | INFO | queue[0027] trial 38 fold 4 no_physics
2026-03-28 02:27:44,313 | 3861906 | INFO | queue[0028] trial 39 fold 1 no_physics
2026-03-28 02:27:44,313 | 3861906 | INFO | queue[0029] trial 39 fold 2 no_physics
2026-03-28 02:27:44,314 | 3861906 | INFO | queue[0030] trial 39 fold 3 no_physics
2026-03-28 02:27:44,314 | 3861906 | INFO | queue[0031] trial 39 fold 4 no_physics
2026-03-28 02:27:44,314 | 3861906 | INFO | queue[0032] trial 40 fold 1 no_physics
2026-03-28 02:27:44,314 | 3861906 | INFO | queue[0033] trial 40 fold 2 no_physics
2026-03-28 02:27:44,315 | 3861906 | INFO | queue[0034] trial 40 fold 3 no_physics
2026-03-28 02:27:44,315 | 3861906 | INFO | queue[0035] trial 40 fold 4 no_physics
2026-03-28 02:27:44,315 | 3861906 | INFO | queue[0036] trial 41 fold 1 no_physics
2026-03-28 02:27:44,315 | 3861906 | INFO | queue[0037] trial 41 fold 2 no_physics
2026-03-28 02:27:44,315 | 3861906 | INFO | queue[0038] trial 41 fold 3 no_physics
2026-03-28 02:27:44,315 | 3861906 | INFO | queue[0039] trial 41 fold 4 no_physics
2026-03-28 02:27:44,315 | 3861906 | INFO | queue[0040] trial 42 fold 1 no_physics
2026-03-28 02:27:44,315 | 3861906 | INFO | queue[0041] trial 42 fold 2 no_physics
2026-03-28 02:27:44,316 | 3861906 | INFO | queue[0042] trial 42 fold 3 no_physics
2026-03-28 02:27:44,316 | 3861906 | INFO | queue[0043] trial 42 fold 4 no_physics
2026-03-28 02:27:44,316 | 3861906 | INFO | [END BAYES QUEUE]
2026-03-28 02:27:44,617 | 3861906 | INFO | [ENQUEUE TRIAL] trial 43 no_physics
2026-03-28 02:27:44,618 | 3861906 | INFO | [BAYES QUEUE STATE]
2026-03-28 02:27:44,618 | 3861906 | INFO | pending_jobs = 48
2026-03-28 02:27:44,619 | 3861906 | INFO | inflight_trials = [4, 5, 6, 8, 12, 17, 19, 20, 21, 22, 23, 24, 25, 26, 28, 29, 30, 31, 32, 33, 34, 35, 36, 37, 38, 39, 40, 41, 42]
2026-03-28 02:27:44,619 | 3861906 | INFO | queue[0000] trial 32 fold 1 no_physics
2026-03-28 02:27:44,619 | 3861906 | INFO | queue[0001] trial 32 fold 2 no_physics
2026-03-28 02:27:44,620 | 3861906 | INFO | queue[0002] trial 32 fold 3 no_physics
2026-03-28 02:27:44,620 | 3861906 | INFO | queue[0003] trial 32 fold 4 no_physics
2026-03-28 02:27:44,620 | 3861906 | INFO | queue[0004] trial 33 fold 1 no_physics
2026-03-28 02:27:44,621 | 3861906 | INFO | queue[0005] trial 33 fold 2 no_physics
2026-03-28 02:27:44,621 | 3861906 | INFO | queue[0006] trial 33 fold 3 no_physics
2026-03-28 02:27:44,621 | 3861906 | INFO | queue[0007] trial 33 fold 4 no_physics
2026-03-28 02:27:44,622 | 3861906 | INFO | queue[0008] trial 34 fold 1 no_physics
2026-03-28 02:27:44,622 | 3861906 | INFO | queue[0009] trial 34 fold 2 no_physics
2026-03-28 02:27:44,622 | 3861906 | INFO | queue[0010] trial 34 fold 3 no_physics
2026-03-28 02:27:44,623 | 3861906 | INFO | queue[0011] trial 34 fold 4 no_physics
2026-03-28 02:27:44,623 | 3861906 | INFO | queue[0012] trial 35 fold 1 no_physics
2026-03-28 02:27:44,623 | 3861906 | INFO | queue[0013] trial 35 fold 2 no_physics
2026-03-28 02:27:44,624 | 3861906 | INFO | queue[0014] trial 35 fold 3 no_physics
2026-03-28 02:27:44,624 | 3861906 | INFO | queue[0015] trial 35 fold 4 no_physics
2026-03-28 02:27:44,625 | 3861906 | INFO | queue[0016] trial 36 fold 1 no_physics
2026-03-28 02:27:44,625 | 3861906 | INFO | queue[0017] trial 36 fold 2 no_physics
2026-03-28 02:27:44,625 | 3861906 | INFO | queue[0018] trial 36 fold 3 no_physics
2026-03-28 02:27:44,625 | 3861906 | INFO | queue[0019] trial 36 fold 4 no_physics
2026-03-28 02:27:44,625 | 3861906 | INFO | queue[0020] trial 37 fold 1 no_physics
2026-03-28 02:27:44,625 | 3861906 | INFO | queue[0021] trial 37 fold 2 no_physics
2026-03-28 02:27:44,626 | 3861906 | INFO | queue[0022] trial 37 fold 3 no_physics
2026-03-28 02:27:44,626 | 3861906 | INFO | queue[0023] trial 37 fold 4 no_physics
2026-03-28 02:27:44,626 | 3861906 | INFO | queue[0024] trial 38 fold 1 no_physics
2026-03-28 02:27:44,626 | 3861906 | INFO | queue[0025] trial 38 fold 2 no_physics
2026-03-28 02:27:44,626 | 3861906 | INFO | queue[0026] trial 38 fold 3 no_physics
2026-03-28 02:27:44,626 | 3861906 | INFO | queue[0027] trial 38 fold 4 no_physics
2026-03-28 02:27:44,626 | 3861906 | INFO | queue[0028] trial 39 fold 1 no_physics
2026-03-28 02:27:44,627 | 3861906 | INFO | queue[0029] trial 39 fold 2 no_physics
2026-03-28 02:27:44,627 | 3861906 | INFO | queue[0030] trial 39 fold 3 no_physics
2026-03-28 02:27:44,627 | 3861906 | INFO | queue[0031] trial 39 fold 4 no_physics
2026-03-28 02:27:44,627 | 3861906 | INFO | queue[0032] trial 40 fold 1 no_physics
2026-03-28 02:27:44,627 | 3861906 | INFO | queue[0033] trial 40 fold 2 no_physics
2026-03-28 02:27:44,627 | 3861906 | INFO | queue[0034] trial 40 fold 3 no_physics
2026-03-28 02:27:44,627 | 3861906 | INFO | queue[0035] trial 40 fold 4 no_physics
2026-03-28 02:27:44,628 | 3861906 | INFO | queue[0036] trial 41 fold 1 no_physics
2026-03-28 02:27:44,628 | 3861906 | INFO | queue[0037] trial 41 fold 2 no_physics
2026-03-28 02:27:44,628 | 3861906 | INFO | queue[0038] trial 41 fold 3 no_physics
2026-03-28 02:27:44,628 | 3861906 | INFO | queue[0039] trial 41 fold 4 no_physics
2026-03-28 02:27:44,628 | 3861906 | INFO | queue[0040] trial 42 fold 1 no_physics
2026-03-28 02:27:44,628 | 3861906 | INFO | queue[0041] trial 42 fold 2 no_physics
2026-03-28 02:27:44,628 | 3861906 | INFO | queue[0042] trial 42 fold 3 no_physics
2026-03-28 02:27:44,629 | 3861906 | INFO | queue[0043] trial 42 fold 4 no_physics
2026-03-28 02:27:44,629 | 3861906 | INFO | queue[0044] trial 43 fold 1 no_physics
2026-03-28 02:27:44,629 | 3861906 | INFO | queue[0045] trial 43 fold 2 no_physics
2026-03-28 02:27:44,629 | 3861906 | INFO | queue[0046] trial 43 fold 3 no_physics
2026-03-28 02:27:44,629 | 3861906 | INFO | queue[0047] trial 43 fold 4 no_physics
2026-03-28 02:27:44,629 | 3861906 | INFO | [END BAYES QUEUE]
2026-03-28 02:27:44,982 | 3861906 | INFO | [ENQUEUE TRIAL] trial 44 no_physics
2026-03-28 02:27:44,982 | 3861906 | INFO | [BAYES QUEUE STATE]
2026-03-28 02:27:44,983 | 3861906 | INFO | pending_jobs = 52
2026-03-28 02:27:44,983 | 3861906 | INFO | inflight_trials = [4, 5, 6, 8, 12, 17, 19, 20, 21, 22, 23, 24, 25, 26, 28, 29, 30, 31, 32, 33, 34, 35, 36, 37, 38, 39, 40, 41, 42, 43]
2026-03-28 02:27:44,984 | 3861906 | INFO | queue[0000] trial 32 fold 1 no_physics
2026-03-28 02:27:44,984 | 3861906 | INFO | queue[0001] trial 32 fold 2 no_physics
2026-03-28 02:27:44,984 | 3861906 | INFO | queue[0002] trial 32 fold 3 no_physics
2026-03-28 02:27:44,985 | 3861906 | INFO | queue[0003] trial 32 fold 4 no_physics
2026-03-28 02:27:44,986 | 3861906 | INFO | queue[0004] trial 33 fold 1 no_physics
2026-03-28 02:27:44,986 | 3861906 | INFO | queue[0005] trial 33 fold 2 no_physics
2026-03-28 02:27:44,987 | 3861906 | INFO | queue[0006] trial 33 fold 3 no_physics
2026-03-28 02:27:44,987 | 3861906 | INFO | queue[0007] trial 33 fold 4 no_physics
2026-03-28 02:27:44,987 | 3861906 | INFO | queue[0008] trial 34 fold 1 no_physics
2026-03-28 02:27:44,988 | 3861906 | INFO | queue[0009] trial 34 fold 2 no_physics
2026-03-28 02:27:44,988 | 3861906 | INFO | queue[0010] trial 34 fold 3 no_physics
2026-03-28 02:27:44,989 | 3861906 | INFO | queue[0011] trial 34 fold 4 no_physics
2026-03-28 02:27:44,989 | 3861906 | INFO | queue[0012] trial 35 fold 1 no_physics
2026-03-28 02:27:44,989 | 3861906 | INFO | queue[0013] trial 35 fold 2 no_physics
2026-03-28 02:27:44,989 | 3861906 | INFO | queue[0014] trial 35 fold 3 no_physics
2026-03-28 02:27:44,989 | 3861906 | INFO | queue[0015] trial 35 fold 4 no_physics
2026-03-28 02:27:44,989 | 3861906 | INFO | queue[0016] trial 36 fold 1 no_physics
2026-03-28 02:27:44,990 | 3861906 | INFO | queue[0017] trial 36 fold 2 no_physics
2026-03-28 02:27:44,990 | 3861906 | INFO | queue[0018] trial 36 fold 3 no_physics
2026-03-28 02:27:44,990 | 3861906 | INFO | queue[0019] trial 36 fold 4 no_physics
2026-03-28 02:27:44,990 | 3861906 | INFO | queue[0020] trial 37 fold 1 no_physics
2026-03-28 02:27:44,990 | 3861906 | INFO | queue[0021] trial 37 fold 2 no_physics
2026-03-28 02:27:44,990 | 3861906 | INFO | queue[0022] trial 37 fold 3 no_physics
2026-03-28 02:27:44,991 | 3861906 | INFO | queue[0023] trial 37 fold 4 no_physics
2026-03-28 02:27:44,991 | 3861906 | INFO | queue[0024] trial 38 fold 1 no_physics
2026-03-28 02:27:44,991 | 3861906 | INFO | queue[0025] trial 38 fold 2 no_physics
2026-03-28 02:27:44,991 | 3861906 | INFO | queue[0026] trial 38 fold 3 no_physics
2026-03-28 02:27:44,991 | 3861906 | INFO | queue[0027] trial 38 fold 4 no_physics
2026-03-28 02:27:44,991 | 3861906 | INFO | queue[0028] trial 39 fold 1 no_physics
2026-03-28 02:27:44,991 | 3861906 | INFO | queue[0029] trial 39 fold 2 no_physics
2026-03-28 02:27:44,992 | 3861906 | INFO | queue[0030] trial 39 fold 3 no_physics
2026-03-28 02:27:44,992 | 3861906 | INFO | queue[0031] trial 39 fold 4 no_physics
2026-03-28 02:27:44,992 | 3861906 | INFO | queue[0032] trial 40 fold 1 no_physics
2026-03-28 02:27:44,992 | 3861906 | INFO | queue[0033] trial 40 fold 2 no_physics
2026-03-28 02:27:44,993 | 3861906 | INFO | queue[0034] trial 40 fold 3 no_physics
2026-03-28 02:27:44,993 | 3861906 | INFO | queue[0035] trial 40 fold 4 no_physics
2026-03-28 02:27:44,993 | 3861906 | INFO | queue[0036] trial 41 fold 1 no_physics
2026-03-28 02:27:44,993 | 3861906 | INFO | queue[0037] trial 41 fold 2 no_physics
2026-03-28 02:27:44,993 | 3861906 | INFO | queue[0038] trial 41 fold 3 no_physics
2026-03-28 02:27:44,993 | 3861906 | INFO | queue[0039] trial 41 fold 4 no_physics
2026-03-28 02:27:44,994 | 3861906 | INFO | queue[0040] trial 42 fold 1 no_physics
2026-03-28 02:27:44,994 | 3861906 | INFO | queue[0041] trial 42 fold 2 no_physics
2026-03-28 02:27:44,994 | 3861906 | INFO | queue[0042] trial 42 fold 3 no_physics
2026-03-28 02:27:44,994 | 3861906 | INFO | queue[0043] trial 42 fold 4 no_physics
2026-03-28 02:27:44,994 | 3861906 | INFO | queue[0044] trial 43 fold 1 no_physics
2026-03-28 02:27:44,994 | 3861906 | INFO | queue[0045] trial 43 fold 2 no_physics
2026-03-28 02:27:44,995 | 3861906 | INFO | queue[0046] trial 43 fold 3 no_physics
2026-03-28 02:27:44,995 | 3861906 | INFO | queue[0047] trial 43 fold 4 no_physics
2026-03-28 02:27:44,995 | 3861906 | INFO | queue[0048] trial 44 fold 1 no_physics
2026-03-28 02:27:44,995 | 3861906 | INFO | queue[0049] trial 44 fold 2 no_physics
2026-03-28 02:27:44,995 | 3861906 | INFO | queue[0050] trial 44 fold 3 no_physics
2026-03-28 02:27:44,995 | 3861906 | INFO | queue[0051] trial 44 fold 4 no_physics
2026-03-28 02:27:44,995 | 3861906 | INFO | [END BAYES QUEUE]
2026-03-28 02:27:45,004 | 3861906 | INFO | [RESUME] starting from trial 14
2026-03-28 02:28:10,878 | 3861906 | INFO | [RESUME] starting from trial 14
2026-03-28 02:29:38,609 | 3861906 | INFO | [RESUME] starting from trial 14
2026-03-28 02:33:10,644 | 3861906 | INFO | [RESUME] starting from trial 14
2026-03-28 02:33:32,921 | 3861906 | INFO | [RESUME] starting from trial 14
2026-03-28 02:34:29,264 | 3861906 | INFO | [RESUME] starting from trial 14
2026-03-28 02:34:40,509 | 3861906 | INFO | [RESUME] starting from trial 14
2026-03-28 02:36:06,036 | 3861906 | INFO | [RESUME] starting from trial 14
2026-03-28 02:37:16,325 | 3861906 | INFO | [RESUME] starting from trial 14
2026-03-28 02:38:16,414 | 3861906 | INFO | [TRIAL COMPLETE] trial 29 no_physics NSE_1D=0.75902 NSE_1H=0.66181
2026-03-28 02:38:16,727 | 3861906 | INFO | [ENQUEUE TRIAL] trial 45 no_physics
2026-03-28 02:38:16,728 | 3861906 | INFO | [BAYES QUEUE STATE]
2026-03-28 02:38:16,728 | 3861906 | INFO | pending_jobs = 47
2026-03-28 02:38:16,729 | 3861906 | INFO | inflight_trials = [4, 5, 6, 8, 12, 17, 19, 20, 21, 22, 23, 24, 25, 26, 29, 30, 31, 32, 33, 34, 35, 36, 37, 38, 39, 40, 41, 42, 43, 44]
2026-03-28 02:38:16,729 | 3861906 | INFO | queue[0000] trial 34 fold 2 no_physics
2026-03-28 02:38:16,730 | 3861906 | INFO | queue[0001] trial 34 fold 3 no_physics
2026-03-28 02:38:16,730 | 3861906 | INFO | queue[0002] trial 34 fold 4 no_physics
2026-03-28 02:38:16,731 | 3861906 | INFO | queue[0003] trial 35 fold 1 no_physics
2026-03-28 02:38:16,731 | 3861906 | INFO | queue[0004] trial 35 fold 2 no_physics
2026-03-28 02:38:16,731 | 3861906 | INFO | queue[0005] trial 35 fold 3 no_physics
2026-03-28 02:38:16,732 | 3861906 | INFO | queue[0006] trial 35 fold 4 no_physics
2026-03-28 02:38:16,732 | 3861906 | INFO | queue[0007] trial 36 fold 1 no_physics
2026-03-28 02:38:16,733 | 3861906 | INFO | queue[0008] trial 36 fold 2 no_physics
2026-03-28 02:38:16,733 | 3861906 | INFO | queue[0009] trial 36 fold 3 no_physics
2026-03-28 02:38:16,733 | 3861906 | INFO | queue[0010] trial 36 fold 4 no_physics
2026-03-28 02:38:16,734 | 3861906 | INFO | queue[0011] trial 37 fold 1 no_physics
2026-03-28 02:38:16,734 | 3861906 | INFO | queue[0012] trial 37 fold 2 no_physics
2026-03-28 02:38:16,734 | 3861906 | INFO | queue[0013] trial 37 fold 3 no_physics
2026-03-28 02:38:16,735 | 3861906 | INFO | queue[0014] trial 37 fold 4 no_physics
2026-03-28 02:38:16,735 | 3861906 | INFO | queue[0015] trial 38 fold 1 no_physics
2026-03-28 02:38:16,735 | 3861906 | INFO | queue[0016] trial 38 fold 2 no_physics
2026-03-28 02:38:16,735 | 3861906 | INFO | queue[0017] trial 38 fold 3 no_physics
2026-03-28 02:38:16,736 | 3861906 | INFO | queue[0018] trial 38 fold 4 no_physics
2026-03-28 02:38:16,736 | 3861906 | INFO | queue[0019] trial 39 fold 1 no_physics
2026-03-28 02:38:16,736 | 3861906 | INFO | queue[0020] trial 39 fold 2 no_physics
2026-03-28 02:38:16,736 | 3861906 | INFO | queue[0021] trial 39 fold 3 no_physics
2026-03-28 02:38:16,736 | 3861906 | INFO | queue[0022] trial 39 fold 4 no_physics
2026-03-28 02:38:16,736 | 3861906 | INFO | queue[0023] trial 40 fold 1 no_physics
2026-03-28 02:38:16,736 | 3861906 | INFO | queue[0024] trial 40 fold 2 no_physics
2026-03-28 02:38:16,737 | 3861906 | INFO | queue[0025] trial 40 fold 3 no_physics
2026-03-28 02:38:16,737 | 3861906 | INFO | queue[0026] trial 40 fold 4 no_physics
2026-03-28 02:38:16,737 | 3861906 | INFO | queue[0027] trial 41 fold 1 no_physics
2026-03-28 02:38:16,737 | 3861906 | INFO | queue[0028] trial 41 fold 2 no_physics
2026-03-28 02:38:16,737 | 3861906 | INFO | queue[0029] trial 41 fold 3 no_physics
2026-03-28 02:38:16,738 | 3861906 | INFO | queue[0030] trial 41 fold 4 no_physics
2026-03-28 02:38:16,738 | 3861906 | INFO | queue[0031] trial 42 fold 1 no_physics
2026-03-28 02:38:16,738 | 3861906 | INFO | queue[0032] trial 42 fold 2 no_physics
2026-03-28 02:38:16,738 | 3861906 | INFO | queue[0033] trial 42 fold 3 no_physics
2026-03-28 02:38:16,738 | 3861906 | INFO | queue[0034] trial 42 fold 4 no_physics
2026-03-28 02:38:16,739 | 3861906 | INFO | queue[0035] trial 43 fold 1 no_physics
2026-03-28 02:38:16,739 | 3861906 | INFO | queue[0036] trial 43 fold 2 no_physics
2026-03-28 02:38:16,739 | 3861906 | INFO | queue[0037] trial 43 fold 3 no_physics
2026-03-28 02:38:16,739 | 3861906 | INFO | queue[0038] trial 43 fold 4 no_physics
2026-03-28 02:38:16,740 | 3861906 | INFO | queue[0039] trial 44 fold 1 no_physics
2026-03-28 02:38:16,740 | 3861906 | INFO | queue[0040] trial 44 fold 2 no_physics
2026-03-28 02:38:16,740 | 3861906 | INFO | queue[0041] trial 44 fold 3 no_physics
2026-03-28 02:38:16,740 | 3861906 | INFO | queue[0042] trial 44 fold 4 no_physics
2026-03-28 02:38:16,740 | 3861906 | INFO | queue[0043] trial 45 fold 1 no_physics
2026-03-28 02:38:16,740 | 3861906 | INFO | queue[0044] trial 45 fold 2 no_physics
2026-03-28 02:38:16,741 | 3861906 | INFO | queue[0045] trial 45 fold 3 no_physics
2026-03-28 02:38:16,741 | 3861906 | INFO | queue[0046] trial 45 fold 4 no_physics
2026-03-28 02:38:16,741 | 3861906 | INFO | [END BAYES QUEUE]
2026-03-28 02:38:17,061 | 3861906 | INFO | [ENQUEUE TRIAL] trial 46 no_physics
2026-03-28 02:38:17,062 | 3861906 | INFO | [BAYES QUEUE STATE]
2026-03-28 02:38:17,062 | 3861906 | INFO | pending_jobs = 51
2026-03-28 02:38:17,063 | 3861906 | INFO | inflight_trials = [4, 5, 6, 8, 12, 17, 19, 20, 21, 22, 23, 24, 25, 26, 29, 30, 31, 32, 33, 34, 35, 36, 37, 38, 39, 40, 41, 42, 43, 44, 45]
2026-03-28 02:38:17,063 | 3861906 | INFO | queue[0000] trial 34 fold 2 no_physics
2026-03-28 02:38:17,064 | 3861906 | INFO | queue[0001] trial 34 fold 3 no_physics
2026-03-28 02:38:17,064 | 3861906 | INFO | queue[0002] trial 34 fold 4 no_physics
2026-03-28 02:38:17,064 | 3861906 | INFO | queue[0003] trial 35 fold 1 no_physics
2026-03-28 02:38:17,065 | 3861906 | INFO | queue[0004] trial 35 fold 2 no_physics
2026-03-28 02:38:17,065 | 3861906 | INFO | queue[0005] trial 35 fold 3 no_physics
2026-03-28 02:38:17,065 | 3861906 | INFO | queue[0006] trial 35 fold 4 no_physics
2026-03-28 02:38:17,066 | 3861906 | INFO | queue[0007] trial 36 fold 1 no_physics
2026-03-28 02:38:17,066 | 3861906 | INFO | queue[0008] trial 36 fold 2 no_physics
2026-03-28 02:38:17,066 | 3861906 | INFO | queue[0009] trial 36 fold 3 no_physics
2026-03-28 02:38:17,067 | 3861906 | INFO | queue[0010] trial 36 fold 4 no_physics
2026-03-28 02:38:17,067 | 3861906 | INFO | queue[0011] trial 37 fold 1 no_physics
2026-03-28 02:38:17,067 | 3861906 | INFO | queue[0012] trial 37 fold 2 no_physics
2026-03-28 02:38:17,068 | 3861906 | INFO | queue[0013] trial 37 fold 3 no_physics
2026-03-28 02:38:17,068 | 3861906 | INFO | queue[0014] trial 37 fold 4 no_physics
2026-03-28 02:38:17,068 | 3861906 | INFO | queue[0015] trial 38 fold 1 no_physics
2026-03-28 02:38:17,069 | 3861906 | INFO | queue[0016] trial 38 fold 2 no_physics
2026-03-28 02:38:17,069 | 3861906 | INFO | queue[0017] trial 38 fold 3 no_physics
2026-03-28 02:38:17,069 | 3861906 | INFO | queue[0018] trial 38 fold 4 no_physics
2026-03-28 02:38:17,069 | 3861906 | INFO | queue[0019] trial 39 fold 1 no_physics
2026-03-28 02:38:17,069 | 3861906 | INFO | queue[0020] trial 39 fold 2 no_physics
2026-03-28 02:38:17,069 | 3861906 | INFO | queue[0021] trial 39 fold 3 no_physics
2026-03-28 02:38:17,069 | 3861906 | INFO | queue[0022] trial 39 fold 4 no_physics
2026-03-28 02:38:17,070 | 3861906 | INFO | queue[0023] trial 40 fold 1 no_physics
2026-03-28 02:38:17,070 | 3861906 | INFO | queue[0024] trial 40 fold 2 no_physics
2026-03-28 02:38:17,070 | 3861906 | INFO | queue[0025] trial 40 fold 3 no_physics
2026-03-28 02:38:17,070 | 3861906 | INFO | queue[0026] trial 40 fold 4 no_physics
2026-03-28 02:38:17,070 | 3861906 | INFO | queue[0027] trial 41 fold 1 no_physics
2026-03-28 02:38:17,070 | 3861906 | INFO | queue[0028] trial 41 fold 2 no_physics
2026-03-28 02:38:17,070 | 3861906 | INFO | queue[0029] trial 41 fold 3 no_physics
2026-03-28 02:38:17,071 | 3861906 | INFO | queue[0030] trial 41 fold 4 no_physics
2026-03-28 02:38:17,071 | 3861906 | INFO | queue[0031] trial 42 fold 1 no_physics
2026-03-28 02:38:17,071 | 3861906 | INFO | queue[0032] trial 42 fold 2 no_physics
2026-03-28 02:38:17,071 | 3861906 | INFO | queue[0033] trial 42 fold 3 no_physics
2026-03-28 02:38:17,071 | 3861906 | INFO | queue[0034] trial 42 fold 4 no_physics
2026-03-28 02:38:17,071 | 3861906 | INFO | queue[0035] trial 43 fold 1 no_physics
2026-03-28 02:38:17,071 | 3861906 | INFO | queue[0036] trial 43 fold 2 no_physics
2026-03-28 02:38:17,072 | 3861906 | INFO | queue[0037] trial 43 fold 3 no_physics
2026-03-28 02:38:17,072 | 3861906 | INFO | queue[0038] trial 43 fold 4 no_physics
2026-03-28 02:38:17,072 | 3861906 | INFO | queue[0039] trial 44 fold 1 no_physics
2026-03-28 02:38:17,072 | 3861906 | INFO | queue[0040] trial 44 fold 2 no_physics
2026-03-28 02:38:17,072 | 3861906 | INFO | queue[0041] trial 44 fold 3 no_physics
2026-03-28 02:38:17,072 | 3861906 | INFO | queue[0042] trial 44 fold 4 no_physics
2026-03-28 02:38:17,072 | 3861906 | INFO | queue[0043] trial 45 fold 1 no_physics
2026-03-28 02:38:17,073 | 3861906 | INFO | queue[0044] trial 45 fold 2 no_physics
2026-03-28 02:38:17,073 | 3861906 | INFO | queue[0045] trial 45 fold 3 no_physics
2026-03-28 02:38:17,073 | 3861906 | INFO | queue[0046] trial 45 fold 4 no_physics
2026-03-28 02:38:17,073 | 3861906 | INFO | queue[0047] trial 46 fold 1 no_physics
2026-03-28 02:38:17,073 | 3861906 | INFO | queue[0048] trial 46 fold 2 no_physics
2026-03-28 02:38:17,073 | 3861906 | INFO | queue[0049] trial 46 fold 3 no_physics
2026-03-28 02:38:17,073 | 3861906 | INFO | queue[0050] trial 46 fold 4 no_physics
2026-03-28 02:38:17,074 | 3861906 | INFO | [END BAYES QUEUE]
2026-03-28 02:38:17,081 | 3861906 | INFO | [RESUME] starting from trial 15
2026-03-28 02:39:01,097 | 3861906 | INFO | [RESUME] starting from trial 15
2026-03-28 02:40:18,003 | 3861906 | INFO | [RESUME] starting from trial 15
2026-03-28 02:40:32,561 | 3861906 | INFO | [RESUME] starting from trial 15
2026-03-28 02:41:43,451 | 3861906 | INFO | [RESUME] starting from trial 15
2026-03-28 02:42:02,614 | 3861906 | INFO | [RESUME] starting from trial 15
2026-03-28 02:42:11,472 | 3861906 | INFO | [RESUME] starting from trial 15
2026-03-28 02:44:38,241 | 3861906 | INFO | [RESUME] starting from trial 15
2026-03-28 02:45:21,869 | 3861906 | INFO | [RESUME] starting from trial 15
2026-03-28 02:45:42,050 | 3861906 | INFO | [RESUME] starting from trial 15
2026-03-28 02:46:07,857 | 3861906 | INFO | [TRIAL COMPLETE] trial 21 no_physics NSE_1D=0.74927 NSE_1H=0.64024
2026-03-28 02:46:08,184 | 3861906 | INFO | [ENQUEUE TRIAL] trial 47 no_physics
2026-03-28 02:46:08,185 | 3861906 | INFO | [BAYES QUEUE STATE]
2026-03-28 02:46:08,185 | 3861906 | INFO | pending_jobs = 45
2026-03-28 02:46:08,186 | 3861906 | INFO | inflight_trials = [4, 5, 6, 8, 12, 17, 19, 21, 22, 23, 24, 25, 26, 29, 30, 31, 32, 33, 34, 35, 36, 37, 38, 39, 40, 41, 42, 43, 44, 45, 46]
2026-03-28 02:46:08,186 | 3861906 | INFO | queue[0000] trial 36 fold 4 no_physics
2026-03-28 02:46:08,186 | 3861906 | INFO | queue[0001] trial 37 fold 1 no_physics
2026-03-28 02:46:08,187 | 3861906 | INFO | queue[0002] trial 37 fold 2 no_physics
2026-03-28 02:46:08,187 | 3861906 | INFO | queue[0003] trial 37 fold 3 no_physics
2026-03-28 02:46:08,187 | 3861906 | INFO | queue[0004] trial 37 fold 4 no_physics
2026-03-28 02:46:08,188 | 3861906 | INFO | queue[0005] trial 38 fold 1 no_physics
2026-03-28 02:46:08,188 | 3861906 | INFO | queue[0006] trial 38 fold 2 no_physics
2026-03-28 02:46:08,189 | 3861906 | INFO | queue[0007] trial 38 fold 3 no_physics
2026-03-28 02:46:08,189 | 3861906 | INFO | queue[0008] trial 38 fold 4 no_physics
2026-03-28 02:46:08,189 | 3861906 | INFO | queue[0009] trial 39 fold 1 no_physics
2026-03-28 02:46:08,190 | 3861906 | INFO | queue[0010] trial 39 fold 2 no_physics
2026-03-28 02:46:08,190 | 3861906 | INFO | queue[0011] trial 39 fold 3 no_physics
2026-03-28 02:46:08,190 | 3861906 | INFO | queue[0012] trial 39 fold 4 no_physics
2026-03-28 02:46:08,191 | 3861906 | INFO | queue[0013] trial 40 fold 1 no_physics
2026-03-28 02:46:08,191 | 3861906 | INFO | queue[0014] trial 40 fold 2 no_physics
2026-03-28 02:46:08,191 | 3861906 | INFO | queue[0015] trial 40 fold 3 no_physics
2026-03-28 02:46:08,192 | 3861906 | INFO | queue[0016] trial 40 fold 4 no_physics
2026-03-28 02:46:08,192 | 3861906 | INFO | queue[0017] trial 41 fold 1 no_physics
2026-03-28 02:46:08,192 | 3861906 | INFO | queue[0018] trial 41 fold 2 no_physics
2026-03-28 02:46:08,193 | 3861906 | INFO | queue[0019] trial 41 fold 3 no_physics
2026-03-28 02:46:08,193 | 3861906 | INFO | queue[0020] trial 41 fold 4 no_physics
2026-03-28 02:46:08,193 | 3861906 | INFO | queue[0021] trial 42 fold 1 no_physics
2026-03-28 02:46:08,193 | 3861906 | INFO | queue[0022] trial 42 fold 2 no_physics
2026-03-28 02:46:08,193 | 3861906 | INFO | queue[0023] trial 42 fold 3 no_physics
2026-03-28 02:46:08,193 | 3861906 | INFO | queue[0024] trial 42 fold 4 no_physics
2026-03-28 02:46:08,194 | 3861906 | INFO | queue[0025] trial 43 fold 1 no_physics
2026-03-28 02:46:08,194 | 3861906 | INFO | queue[0026] trial 43 fold 2 no_physics
2026-03-28 02:46:08,194 | 3861906 | INFO | queue[0027] trial 43 fold 3 no_physics
2026-03-28 02:46:08,194 | 3861906 | INFO | queue[0028] trial 43 fold 4 no_physics
2026-03-28 02:46:08,194 | 3861906 | INFO | queue[0029] trial 44 fold 1 no_physics
2026-03-28 02:46:08,194 | 3861906 | INFO | queue[0030] trial 44 fold 2 no_physics
2026-03-28 02:46:08,195 | 3861906 | INFO | queue[0031] trial 44 fold 3 no_physics
2026-03-28 02:46:08,195 | 3861906 | INFO | queue[0032] trial 44 fold 4 no_physics
2026-03-28 02:46:08,195 | 3861906 | INFO | queue[0033] trial 45 fold 1 no_physics
2026-03-28 02:46:08,195 | 3861906 | INFO | queue[0034] trial 45 fold 2 no_physics
2026-03-28 02:46:08,195 | 3861906 | INFO | queue[0035] trial 45 fold 3 no_physics
2026-03-28 02:46:08,195 | 3861906 | INFO | queue[0036] trial 45 fold 4 no_physics
2026-03-28 02:46:08,195 | 3861906 | INFO | queue[0037] trial 46 fold 1 no_physics
2026-03-28 02:46:08,196 | 3861906 | INFO | queue[0038] trial 46 fold 2 no_physics
2026-03-28 02:46:08,196 | 3861906 | INFO | queue[0039] trial 46 fold 3 no_physics
2026-03-28 02:46:08,196 | 3861906 | INFO | queue[0040] trial 46 fold 4 no_physics
2026-03-28 02:46:08,196 | 3861906 | INFO | queue[0041] trial 47 fold 1 no_physics
2026-03-28 02:46:08,196 | 3861906 | INFO | queue[0042] trial 47 fold 2 no_physics
2026-03-28 02:46:08,196 | 3861906 | INFO | queue[0043] trial 47 fold 3 no_physics
2026-03-28 02:46:08,197 | 3861906 | INFO | queue[0044] trial 47 fold 4 no_physics
2026-03-28 02:46:08,197 | 3861906 | INFO | [END BAYES QUEUE]
2026-03-28 02:46:08,504 | 3861906 | INFO | [ENQUEUE TRIAL] trial 48 no_physics
2026-03-28 02:46:08,505 | 3861906 | INFO | [BAYES QUEUE STATE]
2026-03-28 02:46:08,505 | 3861906 | INFO | pending_jobs = 49
2026-03-28 02:46:08,505 | 3861906 | INFO | inflight_trials = [4, 5, 6, 8, 12, 17, 19, 21, 22, 23, 24, 25, 26, 29, 30, 31, 32, 33, 34, 35, 36, 37, 38, 39, 40, 41, 42, 43, 44, 45, 46, 47]
2026-03-28 02:46:08,506 | 3861906 | INFO | queue[0000] trial 36 fold 4 no_physics
2026-03-28 02:46:08,506 | 3861906 | INFO | queue[0001] trial 37 fold 1 no_physics
2026-03-28 02:46:08,507 | 3861906 | INFO | queue[0002] trial 37 fold 2 no_physics
2026-03-28 02:46:08,507 | 3861906 | INFO | queue[0003] trial 37 fold 3 no_physics
2026-03-28 02:46:08,507 | 3861906 | INFO | queue[0004] trial 37 fold 4 no_physics
2026-03-28 02:46:08,508 | 3861906 | INFO | queue[0005] trial 38 fold 1 no_physics
2026-03-28 02:46:08,508 | 3861906 | INFO | queue[0006] trial 38 fold 2 no_physics
2026-03-28 02:46:08,508 | 3861906 | INFO | queue[0007] trial 38 fold 3 no_physics
2026-03-28 02:46:08,509 | 3861906 | INFO | queue[0008] trial 38 fold 4 no_physics
2026-03-28 02:46:08,509 | 3861906 | INFO | queue[0009] trial 39 fold 1 no_physics
2026-03-28 02:46:08,509 | 3861906 | INFO | queue[0010] trial 39 fold 2 no_physics
2026-03-28 02:46:08,509 | 3861906 | INFO | queue[0011] trial 39 fold 3 no_physics
2026-03-28 02:46:08,509 | 3861906 | INFO | queue[0012] trial 39 fold 4 no_physics
2026-03-28 02:46:08,510 | 3861906 | INFO | queue[0013] trial 40 fold 1 no_physics
2026-03-28 02:46:08,510 | 3861906 | INFO | queue[0014] trial 40 fold 2 no_physics
2026-03-28 02:46:08,510 | 3861906 | INFO | queue[0015] trial 40 fold 3 no_physics
2026-03-28 02:46:08,510 | 3861906 | INFO | queue[0016] trial 40 fold 4 no_physics
2026-03-28 02:46:08,510 | 3861906 | INFO | queue[0017] trial 41 fold 1 no_physics
2026-03-28 02:46:08,511 | 3861906 | INFO | queue[0018] trial 41 fold 2 no_physics
2026-03-28 02:46:08,511 | 3861906 | INFO | queue[0019] trial 41 fold 3 no_physics
2026-03-28 02:46:08,511 | 3861906 | INFO | queue[0020] trial 41 fold 4 no_physics
2026-03-28 02:46:08,511 | 3861906 | INFO | queue[0021] trial 42 fold 1 no_physics
2026-03-28 02:46:08,511 | 3861906 | INFO | queue[0022] trial 42 fold 2 no_physics
2026-03-28 02:46:08,512 | 3861906 | INFO | queue[0023] trial 42 fold 3 no_physics
2026-03-28 02:46:08,512 | 3861906 | INFO | queue[0024] trial 42 fold 4 no_physics
2026-03-28 02:46:08,512 | 3861906 | INFO | queue[0025] trial 43 fold 1 no_physics
2026-03-28 02:46:08,512 | 3861906 | INFO | queue[0026] trial 43 fold 2 no_physics
2026-03-28 02:46:08,512 | 3861906 | INFO | queue[0027] trial 43 fold 3 no_physics
2026-03-28 02:46:08,513 | 3861906 | INFO | queue[0028] trial 43 fold 4 no_physics
2026-03-28 02:46:08,513 | 3861906 | INFO | queue[0029] trial 44 fold 1 no_physics
2026-03-28 02:46:08,513 | 3861906 | INFO | queue[0030] trial 44 fold 2 no_physics
2026-03-28 02:46:08,513 | 3861906 | INFO | queue[0031] trial 44 fold 3 no_physics
2026-03-28 02:46:08,513 | 3861906 | INFO | queue[0032] trial 44 fold 4 no_physics
2026-03-28 02:46:08,514 | 3861906 | INFO | queue[0033] trial 45 fold 1 no_physics
2026-03-28 02:46:08,514 | 3861906 | INFO | queue[0034] trial 45 fold 2 no_physics
2026-03-28 02:46:08,514 | 3861906 | INFO | queue[0035] trial 45 fold 3 no_physics
2026-03-28 02:46:08,514 | 3861906 | INFO | queue[0036] trial 45 fold 4 no_physics
2026-03-28 02:46:08,514 | 3861906 | INFO | queue[0037] trial 46 fold 1 no_physics
2026-03-28 02:46:08,515 | 3861906 | INFO | queue[0038] trial 46 fold 2 no_physics
2026-03-28 02:46:08,515 | 3861906 | INFO | queue[0039] trial 46 fold 3 no_physics
2026-03-28 02:46:08,515 | 3861906 | INFO | queue[0040] trial 46 fold 4 no_physics
2026-03-28 02:46:08,515 | 3861906 | INFO | queue[0041] trial 47 fold 1 no_physics
2026-03-28 02:46:08,515 | 3861906 | INFO | queue[0042] trial 47 fold 2 no_physics
2026-03-28 02:46:08,516 | 3861906 | INFO | queue[0043] trial 47 fold 3 no_physics
2026-03-28 02:46:08,516 | 3861906 | INFO | queue[0044] trial 47 fold 4 no_physics
2026-03-28 02:46:08,516 | 3861906 | INFO | queue[0045] trial 48 fold 1 no_physics
2026-03-28 02:46:08,516 | 3861906 | INFO | queue[0046] trial 48 fold 2 no_physics
2026-03-28 02:46:08,516 | 3861906 | INFO | queue[0047] trial 48 fold 3 no_physics
2026-03-28 02:46:08,516 | 3861906 | INFO | queue[0048] trial 48 fold 4 no_physics
2026-03-28 02:46:08,516 | 3861906 | INFO | [END BAYES QUEUE]
2026-03-28 02:46:08,525 | 3861906 | INFO | [RESUME] starting from trial 16
2026-03-28 02:46:37,309 | 3861906 | INFO | [RESUME] starting from trial 16
2026-03-28 02:47:01,786 | 3861906 | INFO | [RESUME] starting from trial 16
2026-03-28 02:47:30,278 | 3861906 | INFO | [TRIAL COMPLETE] trial 33 no_physics NSE_1D=0.79394 NSE_1H=0.69550
2026-03-28 02:47:30,299 | 3861906 | INFO | [RESUME] starting from trial 17
2026-03-28 02:48:18,128 | 3861906 | INFO | [TRIAL COMPLETE] trial 7 no_physics NSE_1D=0.74602 NSE_1H=0.68345
2026-03-28 02:48:18,150 | 3861906 | INFO | [RESUME] starting from trial 18
2026-03-28 02:48:36,311 | 3861906 | INFO | [RESUME] starting from trial 18
2026-03-28 02:48:37,030 | 3861906 | INFO | [RESUME] starting from trial 18
2026-03-28 02:50:49,035 | 3861906 | INFO | [RESUME] starting from trial 18
2026-03-28 02:51:19,229 | 3861906 | INFO | [RESUME] starting from trial 18
2026-03-28 02:51:22,662 | 3861906 | INFO | [RESUME] starting from trial 18
2026-03-28 02:51:27,393 | 3861906 | INFO | [RESUME] starting from trial 18
2026-03-28 02:52:20,427 | 3861906 | INFO | [RESUME] starting from trial 18
2026-03-28 02:52:51,814 | 3861906 | INFO | [RESUME] starting from trial 18
2026-03-28 02:54:06,296 | 3861906 | INFO | [RESUME] starting from trial 18
2026-03-28 02:54:31,079 | 3861906 | INFO | [TRIAL COMPLETE] trial 35 no_physics NSE_1D=0.72982 NSE_1H=0.65629
2026-03-28 02:54:31,101 | 3861906 | INFO | [RESUME] starting from trial 19
2026-03-28 02:56:32,928 | 3861906 | INFO | [RESUME] starting from trial 19
2026-03-28 02:57:57,084 | 3861906 | INFO | [TRIAL COMPLETE] trial 18 no_physics NSE_1D=0.79530 NSE_1H=0.74731
2026-03-28 02:57:57,103 | 3861906 | INFO | [RESUME] starting from trial 20
2026-03-28 02:59:13,600 | 3861906 | INFO | [RESUME] starting from trial 20
2026-03-28 02:59:25,748 | 3861906 | INFO | [RESUME] starting from trial 20
2026-03-28 02:59:42,807 | 3861906 | INFO | [TRIAL COMPLETE] trial 20 no_physics NSE_1D=0.77795 NSE_1H=0.73416
2026-03-28 02:59:42,827 | 3861906 | INFO | [RESUME] starting from trial 21
2026-03-28 03:00:09,903 | 3861906 | INFO | [TRIAL COMPLETE] trial 6 no_physics NSE_1D=0.79152 NSE_1H=0.71172
2026-03-28 03:00:09,923 | 3861906 | INFO | [RESUME] starting from trial 22
2026-03-28 03:01:24,940 | 3861906 | INFO | [TRIAL COMPLETE] trial 32 no_physics NSE_1D=0.76662 NSE_1H=0.68310
2026-03-28 03:01:24,960 | 3861906 | INFO | [RESUME] starting from trial 23
2026-03-28 03:01:57,443 | 3861906 | INFO | [RESUME] starting from trial 23
2026-03-28 03:04:25,601 | 3861906 | INFO | [RESUME] starting from trial 23
2026-03-28 03:05:01,688 | 3861906 | INFO | [TRIAL COMPLETE] trial 37 no_physics NSE_1D=0.79395 NSE_1H=0.68584
2026-03-28 03:05:01,706 | 3861906 | INFO | [RESUME] starting from trial 24
2026-03-28 03:05:10,046 | 3861906 | INFO | [RESUME] starting from trial 24
2026-03-28 03:05:59,202 | 3861906 | INFO | [RESUME] starting from trial 24
2026-03-28 03:07:13,314 | 3861906 | INFO | [RESUME] starting from trial 24
2026-03-28 03:07:50,830 | 3861906 | INFO | [RESUME] starting from trial 24
2026-03-28 03:08:18,328 | 3861906 | INFO | [RESUME] starting from trial 24
2026-03-28 03:08:32,398 | 3861906 | INFO | [RESUME] starting from trial 24
2026-03-28 03:09:02,789 | 3861906 | INFO | [RESUME] starting from trial 24
2026-03-28 03:10:13,585 | 3861906 | INFO | [TRIAL COMPLETE] trial 30 no_physics NSE_1D=0.76216 NSE_1H=0.62864
2026-03-28 03:10:13,602 | 3861906 | INFO | [RESUME] starting from trial 25
2026-03-28 03:10:16,128 | 3861906 | INFO | [RESUME] starting from trial 25
2026-03-28 03:15:21,473 | 3861906 | INFO | [RESUME] starting from trial 25
2026-03-28 03:15:59,703 | 3861906 | INFO | [TRIAL COMPLETE] trial 39 no_physics NSE_1D=0.83111 NSE_1H=0.76591
2026-03-28 03:15:59,725 | 3861906 | INFO | [RESUME] starting from trial 26
2026-03-28 03:17:59,019 | 3861906 | INFO | [RESUME] starting from trial 26
2026-03-28 03:19:20,925 | 3861906 | INFO | [RESUME] starting from trial 26
2026-03-28 03:19:23,954 | 3861906 | INFO | [RESUME] starting from trial 26
2026-03-28 03:21:14,131 | 3861906 | INFO | [RESUME] starting from trial 26
2026-03-28 03:23:31,188 | 3861906 | INFO | [RESUME] starting from trial 26
2026-03-28 03:29:17,073 | 3861906 | INFO | [TRIAL COMPLETE] trial 13 no_physics NSE_1D=0.77793 NSE_1H=0.69979
2026-03-28 03:29:17,091 | 3861906 | INFO | [RESUME] starting from trial 27
2026-03-28 03:30:14,938 | 3861906 | INFO | [TRIAL COMPLETE] trial 5 no_physics NSE_1D=0.78316 NSE_1H=0.75516
2026-03-28 03:30:14,966 | 3861906 | INFO | [RESUME] starting from trial 28
2026-03-28 03:31:48,902 | 3861906 | INFO | [RESUME] starting from trial 28
2026-03-28 03:33:11,506 | 3861906 | INFO | [RESUME] starting from trial 28
2026-03-28 03:36:38,915 | 3861906 | INFO | [RESUME] starting from trial 28
2026-03-28 03:36:59,598 | 3861906 | INFO | [RESUME] starting from trial 28
2026-03-28 03:38:47,087 | 3861906 | INFO | [TRIAL COMPLETE] trial 9 no_physics NSE_1D=0.76772 NSE_1H=0.64537
2026-03-28 03:38:47,110 | 3861906 | INFO | [RESUME] starting from trial 29
2026-03-28 03:39:12,302 | 3861906 | INFO | [RESUME] starting from trial 29
2026-03-28 03:39:23,861 | 3861906 | INFO | [RESUME] starting from trial 29
2026-03-28 03:39:35,410 | 3861906 | INFO | [TRIAL COMPLETE] trial 34 no_physics NSE_1D=0.68553 NSE_1H=0.64232
2026-03-28 03:39:35,432 | 3861906 | INFO | [RESUME] starting from trial 30
2026-03-28 03:42:21,400 | 3861906 | INFO | [RESUME] starting from trial 30
2026-03-28 03:43:16,198 | 3861906 | INFO | [RESUME] starting from trial 30
2026-03-28 03:43:35,804 | 3861906 | INFO | [RESUME] starting from trial 30
2026-03-28 03:44:16,884 | 3861906 | INFO | [TRIAL COMPLETE] trial 31 no_physics NSE_1D=0.76609 NSE_1H=0.68998
2026-03-28 03:44:16,906 | 3861906 | INFO | [RESUME] starting from trial 31
2026-03-28 03:45:41,998 | 3861906 | INFO | [RESUME] starting from trial 31
2026-03-28 03:46:09,718 | 3861906 | INFO | [RESUME] starting from trial 31
2026-03-28 03:46:29,812 | 3861906 | INFO | [RESUME] starting from trial 31
2026-03-28 03:50:16,957 | 3861906 | INFO | [RESUME] starting from trial 31
2026-03-28 03:52:00,986 | 3861906 | INFO | [RESUME] starting from trial 31
2026-03-28 03:52:04,136 | 3861906 | INFO | [TRIAL COMPLETE] trial 23 no_physics NSE_1D=0.79560 NSE_1H=0.71404
2026-03-28 03:52:04,157 | 3861906 | INFO | [RESUME] starting from trial 32
2026-03-28 03:56:04,667 | 3861906 | INFO | [TRIAL COMPLETE] trial 38 no_physics NSE_1D=0.76810 NSE_1H=0.70523
2026-03-28 03:56:04,691 | 3861906 | INFO | [RESUME] starting from trial 33
2026-03-28 03:57:05,392 | 3861906 | INFO | [RESUME] starting from trial 33
2026-03-28 03:57:39,412 | 3861906 | INFO | [RESUME] starting from trial 33
2026-03-28 03:58:27,573 | 3861906 | INFO | [TRIAL COMPLETE] trial 27 no_physics NSE_1D=0.73862 NSE_1H=0.67639
2026-03-28 03:58:27,595 | 3861906 | INFO | [RESUME] starting from trial 34
2026-03-28 04:00:13,395 | 3861906 | INFO | [RESUME] starting from trial 34
2026-03-28 04:03:29,459 | 3861906 | INFO | [RESUME] starting from trial 34
2026-03-28 04:04:37,765 | 3861906 | INFO | [RESUME] starting from trial 34
2026-03-28 04:05:22,714 | 3861906 | INFO | [RESUME] starting from trial 34
2026-03-28 04:05:23,547 | 3861906 | INFO | [RESUME] starting from trial 34
2026-03-28 04:05:43,225 | 3861906 | INFO | [RESUME] starting from trial 34
2026-03-28 04:05:54,481 | 3861906 | INFO | [TRIAL COMPLETE] trial 22 no_physics NSE_1D=0.80984 NSE_1H=0.73400
2026-03-28 04:05:54,504 | 3861906 | INFO | [RESUME] starting from trial 35
2026-03-28 04:08:07,870 | 3861906 | INFO | [RESUME] starting from trial 35
2026-03-28 04:10:23,145 | 3861906 | INFO | [TRIAL COMPLETE] trial 26 no_physics NSE_1D=0.79058 NSE_1H=0.74829
2026-03-28 04:10:23,169 | 3861906 | INFO | [RESUME] starting from trial 36
2026-03-28 04:11:54,427 | 3861906 | INFO | [RESUME] starting from trial 36
2026-03-28 04:13:16,252 | 3861906 | INFO | [RESUME] starting from trial 36
2026-03-28 04:14:19,725 | 3861906 | INFO | [TRIAL COMPLETE] trial 24 no_physics NSE_1D=0.70967 NSE_1H=0.66426
2026-03-28 04:14:19,748 | 3861906 | INFO | [RESUME] starting from trial 37
2026-03-28 04:16:37,397 | 3861906 | INFO | [RESUME] starting from trial 37
2026-03-28 04:17:08,100 | 3861906 | INFO | [TRIAL COMPLETE] trial 25 no_physics NSE_1D=0.76020 NSE_1H=0.66432
2026-03-28 04:17:08,124 | 3861906 | INFO | [RESUME] starting from trial 38
2026-03-28 04:18:01,274 | 3861906 | INFO | [RESUME] starting from trial 38
2026-03-28 04:18:28,366 | 3861906 | INFO | [RESUME] starting from trial 38
2026-03-28 04:19:28,553 | 3861906 | INFO | [RESUME] starting from trial 38
2026-03-28 04:21:50,712 | 3861906 | INFO | [RESUME] starting from trial 38
2026-03-28 04:23:13,630 | 3861906 | INFO | [RESUME] starting from trial 38
2026-03-28 04:24:11,493 | 3861906 | INFO | [TRIAL COMPLETE] trial 43 no_physics NSE_1D=0.79195 NSE_1H=0.77461
2026-03-28 04:24:11,518 | 3861906 | INFO | [RESUME] starting from trial 39
2026-03-28 04:24:16,861 | 3861906 | INFO | [RESUME] starting from trial 39
2026-03-28 04:28:21,838 | 3861906 | INFO | [RESUME] starting from trial 39
2026-03-28 04:28:47,918 | 3861906 | INFO | [TRIAL COMPLETE] trial 36 no_physics NSE_1D=0.72374 NSE_1H=0.62403
2026-03-28 04:28:47,941 | 3861906 | INFO | [RESUME] starting from trial 40
2026-03-28 04:29:21,423 | 3861906 | INFO | [TRIAL COMPLETE] trial 42 no_physics NSE_1D=0.81230 NSE_1H=0.73528
2026-03-28 04:29:21,458 | 3861906 | INFO | [RESUME] starting from trial 41
2026-03-28 04:31:49,095 | 3861906 | INFO | [RESUME] starting from trial 41
2026-03-28 04:34:14,441 | 3861906 | INFO | [TRIAL COMPLETE] trial 40 no_physics NSE_1D=0.74291 NSE_1H=0.71882
2026-03-28 04:34:14,470 | 3861906 | INFO | [RESUME] starting from trial 42
2026-03-28 04:34:39,430 | 3861906 | INFO | [TRIAL COMPLETE] trial 44 no_physics NSE_1D=0.81071 NSE_1H=0.79779
2026-03-28 04:34:39,453 | 3861906 | INFO | [RESUME] starting from trial 43
2026-03-28 04:34:55,507 | 3861906 | INFO | [RESUME] starting from trial 43
2026-03-28 04:37:06,913 | 3861906 | INFO | [TRIAL COMPLETE] trial 46 no_physics NSE_1D=0.77476 NSE_1H=0.73301
2026-03-28 04:37:06,939 | 3861906 | INFO | [RESUME] starting from trial 44
2026-03-28 04:40:01,920 | 3861906 | INFO | [TRIAL COMPLETE] trial 45 no_physics NSE_1D=0.77696 NSE_1H=0.74637
2026-03-28 04:40:01,944 | 3861906 | INFO | [RESUME] starting from trial 45
2026-03-28 04:40:23,306 | 3861906 | INFO | [RESUME] starting from trial 45
2026-03-28 04:42:27,678 | 3861906 | INFO | [TRIAL COMPLETE] trial 47 no_physics NSE_1D=0.79799 NSE_1H=0.70094
2026-03-28 04:42:27,702 | 3861906 | INFO | [RESUME] starting from trial 46
2026-03-28 04:47:57,864 | 3861906 | INFO | [TRIAL COMPLETE] trial 48 no_physics NSE_1D=0.70175 NSE_1H=0.70333
2026-03-28 04:47:57,891 | 3861906 | INFO | [RESUME] starting from trial 47
2026-03-28 05:05:54,479 | 3861906 | INFO | [TRIAL COMPLETE] trial 41 no_physics NSE_1D=0.78783 NSE_1H=0.73866
2026-03-28 05:05:54,507 | 3861906 | INFO | [RESUME] starting from trial 48
2026-03-28 05:05:54,517 | 3861906 | INFO | [BAYES] no_physics already finished (48/48)
2026-03-28 05:05:55,125 | 3861906 | INFO | [OPTUNA SEED] physics journal empty → seeding from CSV
2026-03-28 05:05:55,128 | 3861906 | INFO | [OPTUNA SEED] no CSV found
2026-03-28 05:05:55,129 | 3861906 | INFO | [BAYES] physics: 13 parallel trials x 4 folds = up to 52 workers
2026-03-28 05:05:55,129 | 3861906 | INFO | /global/scratch/users/maxwellfung/UCB-USACE-RR-PROJECT/outputs/calpella/mts_shared/hyperparams/archive/calpella_mts_EXTREME_YEARS_physics_gridsearch_20260328T075719Z.csv
2026-03-28 05:05:55,130 | 3861906 | INFO | [REPLAY] No previous trials found.
2026-03-28 05:05:55,130 | 3861906 | INFO | [RESUME] starting from trial 0
2026-03-28 05:05:55,480 | 3861906 | INFO | [ENQUEUE TRIAL] trial 1 physics
2026-03-28 05:05:55,485 | 3861906 | INFO | [BAYES QUEUE STATE]
2026-03-28 05:05:55,486 | 3861906 | INFO | pending_jobs = 4
2026-03-28 05:05:55,486 | 3861906 | INFO | inflight_trials = [0]
2026-03-28 05:05:55,487 | 3861906 | INFO | queue[0000] trial 1 fold 1 physics
2026-03-28 05:05:55,487 | 3861906 | INFO | queue[0001] trial 1 fold 2 physics
2026-03-28 05:05:55,487 | 3861906 | INFO | queue[0002] trial 1 fold 3 physics
2026-03-28 05:05:55,488 | 3861906 | INFO | queue[0003] trial 1 fold 4 physics
2026-03-28 05:05:55,488 | 3861906 | INFO | [END BAYES QUEUE]
2026-03-28 05:05:55,803 | 3861906 | INFO | [ENQUEUE TRIAL] trial 2 physics
2026-03-28 05:05:55,806 | 3861906 | INFO | [BAYES QUEUE STATE]
2026-03-28 05:05:55,806 | 3861906 | INFO | pending_jobs = 8
2026-03-28 05:05:55,806 | 3861906 | INFO | inflight_trials = [0, 1]
2026-03-28 05:05:55,807 | 3861906 | INFO | queue[0000] trial 1 fold 1 physics
2026-03-28 05:05:55,807 | 3861906 | INFO | queue[0001] trial 1 fold 2 physics
2026-03-28 05:05:55,807 | 3861906 | INFO | queue[0002] trial 1 fold 3 physics
2026-03-28 05:05:55,807 | 3861906 | INFO | queue[0003] trial 1 fold 4 physics
2026-03-28 05:05:55,808 | 3861906 | INFO | queue[0004] trial 2 fold 1 physics
2026-03-28 05:05:55,808 | 3861906 | INFO | queue[0005] trial 2 fold 2 physics
2026-03-28 05:05:55,808 | 3861906 | INFO | queue[0006] trial 2 fold 3 physics
2026-03-28 05:05:55,808 | 3861906 | INFO | queue[0007] trial 2 fold 4 physics
2026-03-28 05:05:55,808 | 3861906 | INFO | [END BAYES QUEUE]
2026-03-28 05:05:56,122 | 3861906 | INFO | [ENQUEUE TRIAL] trial 3 physics
2026-03-28 05:05:56,123 | 3861906 | INFO | [BAYES QUEUE STATE]
2026-03-28 05:05:56,123 | 3861906 | INFO | pending_jobs = 12
2026-03-28 05:05:56,123 | 3861906 | INFO | inflight_trials = [0, 1, 2]
2026-03-28 05:05:56,124 | 3861906 | INFO | queue[0000] trial 1 fold 1 physics
2026-03-28 05:05:56,124 | 3861906 | INFO | queue[0001] trial 1 fold 2 physics
2026-03-28 05:05:56,124 | 3861906 | INFO | queue[0002] trial 1 fold 3 physics
2026-03-28 05:05:56,125 | 3861906 | INFO | queue[0003] trial 1 fold 4 physics
2026-03-28 05:05:56,125 | 3861906 | INFO | queue[0004] trial 2 fold 1 physics
2026-03-28 05:05:56,125 | 3861906 | INFO | queue[0005] trial 2 fold 2 physics
2026-03-28 05:05:56,125 | 3861906 | INFO | queue[0006] trial 2 fold 3 physics
2026-03-28 05:05:56,126 | 3861906 | INFO | queue[0007] trial 2 fold 4 physics
2026-03-28 05:05:56,126 | 3861906 | INFO | queue[0008] trial 3 fold 1 physics
2026-03-28 05:05:56,126 | 3861906 | INFO | queue[0009] trial 3 fold 2 physics
2026-03-28 05:05:56,127 | 3861906 | INFO | queue[0010] trial 3 fold 3 physics
2026-03-28 05:05:56,127 | 3861906 | INFO | queue[0011] trial 3 fold 4 physics
2026-03-28 05:05:56,127 | 3861906 | INFO | [END BAYES QUEUE]
2026-03-28 05:05:56,465 | 3861906 | INFO | [ENQUEUE TRIAL] trial 4 physics
2026-03-28 05:05:56,476 | 3861906 | INFO | [BAYES QUEUE STATE]
2026-03-28 05:05:56,477 | 3861906 | INFO | pending_jobs = 16
2026-03-28 05:05:56,477 | 3861906 | INFO | inflight_trials = [0, 1, 2, 3]
2026-03-28 05:05:56,478 | 3861906 | INFO | queue[0000] trial 1 fold 1 physics
2026-03-28 05:05:56,478 | 3861906 | INFO | queue[0001] trial 1 fold 2 physics
2026-03-28 05:05:56,478 | 3861906 | INFO | queue[0002] trial 1 fold 3 physics
2026-03-28 05:05:56,479 | 3861906 | INFO | queue[0003] trial 1 fold 4 physics
2026-03-28 05:05:56,479 | 3861906 | INFO | queue[0004] trial 2 fold 1 physics
2026-03-28 05:05:56,479 | 3861906 | INFO | queue[0005] trial 2 fold 2 physics
2026-03-28 05:05:56,479 | 3861906 | INFO | queue[0006] trial 2 fold 3 physics
2026-03-28 05:05:56,480 | 3861906 | INFO | queue[0007] trial 2 fold 4 physics
2026-03-28 05:05:56,480 | 3861906 | INFO | queue[0008] trial 3 fold 1 physics
2026-03-28 05:05:56,480 | 3861906 | INFO | queue[0009] trial 3 fold 2 physics
2026-03-28 05:05:56,481 | 3861906 | INFO | queue[0010] trial 3 fold 3 physics
2026-03-28 05:05:56,481 | 3861906 | INFO | queue[0011] trial 3 fold 4 physics
2026-03-28 05:05:56,481 | 3861906 | INFO | queue[0012] trial 4 fold 1 physics
2026-03-28 05:05:56,482 | 3861906 | INFO | queue[0013] trial 4 fold 2 physics
2026-03-28 05:05:56,482 | 3861906 | INFO | queue[0014] trial 4 fold 3 physics
2026-03-28 05:05:56,482 | 3861906 | INFO | queue[0015] trial 4 fold 4 physics
2026-03-28 05:05:56,482 | 3861906 | INFO | [END BAYES QUEUE]
2026-03-28 05:05:56,801 | 3861906 | INFO | [ENQUEUE TRIAL] trial 5 physics
2026-03-28 05:05:56,801 | 3861906 | INFO | [BAYES QUEUE STATE]
2026-03-28 05:05:56,801 | 3861906 | INFO | pending_jobs = 20
2026-03-28 05:05:56,802 | 3861906 | INFO | inflight_trials = [0, 1, 2, 3, 4]
2026-03-28 05:05:56,802 | 3861906 | INFO | queue[0000] trial 1 fold 1 physics
2026-03-28 05:05:56,802 | 3861906 | INFO | queue[0001] trial 1 fold 2 physics
2026-03-28 05:05:56,803 | 3861906 | INFO | queue[0002] trial 1 fold 3 physics
2026-03-28 05:05:56,803 | 3861906 | INFO | queue[0003] trial 1 fold 4 physics
2026-03-28 05:05:56,803 | 3861906 | INFO | queue[0004] trial 2 fold 1 physics
2026-03-28 05:05:56,804 | 3861906 | INFO | queue[0005] trial 2 fold 2 physics
2026-03-28 05:05:56,804 | 3861906 | INFO | queue[0006] trial 2 fold 3 physics
2026-03-28 05:05:56,804 | 3861906 | INFO | queue[0007] trial 2 fold 4 physics
2026-03-28 05:05:56,805 | 3861906 | INFO | queue[0008] trial 3 fold 1 physics
2026-03-28 05:05:56,805 | 3861906 | INFO | queue[0009] trial 3 fold 2 physics
2026-03-28 05:05:56,805 | 3861906 | INFO | queue[0010] trial 3 fold 3 physics
2026-03-28 05:05:56,806 | 3861906 | INFO | queue[0011] trial 3 fold 4 physics
2026-03-28 05:05:56,806 | 3861906 | INFO | queue[0012] trial 4 fold 1 physics
2026-03-28 05:05:56,806 | 3861906 | INFO | queue[0013] trial 4 fold 2 physics
2026-03-28 05:05:56,807 | 3861906 | INFO | queue[0014] trial 4 fold 3 physics
2026-03-28 05:05:56,807 | 3861906 | INFO | queue[0015] trial 4 fold 4 physics
2026-03-28 05:05:56,807 | 3861906 | INFO | queue[0016] trial 5 fold 1 physics
2026-03-28 05:05:56,807 | 3861906 | INFO | queue[0017] trial 5 fold 2 physics
2026-03-28 05:05:56,808 | 3861906 | INFO | queue[0018] trial 5 fold 3 physics
2026-03-28 05:05:56,808 | 3861906 | INFO | queue[0019] trial 5 fold 4 physics
2026-03-28 05:05:56,808 | 3861906 | INFO | [END BAYES QUEUE]
2026-03-28 05:05:57,124 | 3861906 | INFO | [ENQUEUE TRIAL] trial 6 physics
2026-03-28 05:05:57,125 | 3861906 | INFO | [BAYES QUEUE STATE]
2026-03-28 05:05:57,125 | 3861906 | INFO | pending_jobs = 24
2026-03-28 05:05:57,125 | 3861906 | INFO | inflight_trials = [0, 1, 2, 3, 4, 5]
2026-03-28 05:05:57,126 | 3861906 | INFO | queue[0000] trial 1 fold 1 physics
2026-03-28 05:05:57,126 | 3861906 | INFO | queue[0001] trial 1 fold 2 physics
2026-03-28 05:05:57,126 | 3861906 | INFO | queue[0002] trial 1 fold 3 physics
2026-03-28 05:05:57,127 | 3861906 | INFO | queue[0003] trial 1 fold 4 physics
2026-03-28 05:05:57,127 | 3861906 | INFO | queue[0004] trial 2 fold 1 physics
2026-03-28 05:05:57,127 | 3861906 | INFO | queue[0005] trial 2 fold 2 physics
2026-03-28 05:05:57,128 | 3861906 | INFO | queue[0006] trial 2 fold 3 physics
2026-03-28 05:05:57,128 | 3861906 | INFO | queue[0007] trial 2 fold 4 physics
2026-03-28 05:05:57,128 | 3861906 | INFO | queue[0008] trial 3 fold 1 physics
2026-03-28 05:05:57,128 | 3861906 | INFO | queue[0009] trial 3 fold 2 physics
2026-03-28 05:05:57,129 | 3861906 | INFO | queue[0010] trial 3 fold 3 physics
2026-03-28 05:05:57,129 | 3861906 | INFO | queue[0011] trial 3 fold 4 physics
2026-03-28 05:05:57,129 | 3861906 | INFO | queue[0012] trial 4 fold 1 physics
2026-03-28 05:05:57,129 | 3861906 | INFO | queue[0013] trial 4 fold 2 physics
2026-03-28 05:05:57,129 | 3861906 | INFO | queue[0014] trial 4 fold 3 physics
2026-03-28 05:05:57,130 | 3861906 | INFO | queue[0015] trial 4 fold 4 physics
2026-03-28 05:05:57,130 | 3861906 | INFO | queue[0016] trial 5 fold 1 physics
2026-03-28 05:05:57,130 | 3861906 | INFO | queue[0017] trial 5 fold 2 physics
2026-03-28 05:05:57,130 | 3861906 | INFO | queue[0018] trial 5 fold 3 physics
2026-03-28 05:05:57,130 | 3861906 | INFO | queue[0019] trial 5 fold 4 physics
2026-03-28 05:05:57,131 | 3861906 | INFO | queue[0020] trial 6 fold 1 physics
2026-03-28 05:05:57,131 | 3861906 | INFO | queue[0021] trial 6 fold 2 physics
2026-03-28 05:05:57,131 | 3861906 | INFO | queue[0022] trial 6 fold 3 physics
2026-03-28 05:05:57,131 | 3861906 | INFO | queue[0023] trial 6 fold 4 physics
2026-03-28 05:05:57,131 | 3861906 | INFO | [END BAYES QUEUE]
2026-03-28 05:05:57,485 | 3861906 | INFO | [ENQUEUE TRIAL] trial 7 physics
2026-03-28 05:05:57,496 | 3861906 | INFO | [BAYES QUEUE STATE]
2026-03-28 05:05:57,497 | 3861906 | INFO | pending_jobs = 28
2026-03-28 05:05:57,497 | 3861906 | INFO | inflight_trials = [0, 1, 2, 3, 4, 5, 6]
2026-03-28 05:05:57,497 | 3861906 | INFO | queue[0000] trial 1 fold 1 physics
2026-03-28 05:05:57,498 | 3861906 | INFO | queue[0001] trial 1 fold 2 physics
2026-03-28 05:05:57,498 | 3861906 | INFO | queue[0002] trial 1 fold 3 physics
2026-03-28 05:05:57,498 | 3861906 | INFO | queue[0003] trial 1 fold 4 physics
2026-03-28 05:05:57,499 | 3861906 | INFO | queue[0004] trial 2 fold 1 physics
2026-03-28 05:05:57,499 | 3861906 | INFO | queue[0005] trial 2 fold 2 physics
2026-03-28 05:05:57,499 | 3861906 | INFO | queue[0006] trial 2 fold 3 physics
2026-03-28 05:05:57,499 | 3861906 | INFO | queue[0007] trial 2 fold 4 physics
2026-03-28 05:05:57,500 | 3861906 | INFO | queue[0008] trial 3 fold 1 physics
2026-03-28 05:05:57,500 | 3861906 | INFO | queue[0009] trial 3 fold 2 physics
2026-03-28 05:05:57,500 | 3861906 | INFO | queue[0010] trial 3 fold 3 physics
2026-03-28 05:05:57,501 | 3861906 | INFO | queue[0011] trial 3 fold 4 physics
2026-03-28 05:05:57,501 | 3861906 | INFO | queue[0012] trial 4 fold 1 physics
2026-03-28 05:05:57,501 | 3861906 | INFO | queue[0013] trial 4 fold 2 physics
2026-03-28 05:05:57,502 | 3861906 | INFO | queue[0014] trial 4 fold 3 physics
2026-03-28 05:05:57,502 | 3861906 | INFO | queue[0015] trial 4 fold 4 physics
2026-03-28 05:05:57,502 | 3861906 | INFO | queue[0016] trial 5 fold 1 physics
2026-03-28 05:05:57,503 | 3861906 | INFO | queue[0017] trial 5 fold 2 physics
2026-03-28 05:05:57,503 | 3861906 | INFO | queue[0018] trial 5 fold 3 physics
2026-03-28 05:05:57,503 | 3861906 | INFO | queue[0019] trial 5 fold 4 physics
2026-03-28 05:05:57,504 | 3861906 | INFO | queue[0020] trial 6 fold 1 physics
2026-03-28 05:05:57,504 | 3861906 | INFO | queue[0021] trial 6 fold 2 physics
2026-03-28 05:05:57,504 | 3861906 | INFO | queue[0022] trial 6 fold 3 physics
2026-03-28 05:05:57,505 | 3861906 | INFO | queue[0023] trial 6 fold 4 physics
2026-03-28 05:05:57,505 | 3861906 | INFO | queue[0024] trial 7 fold 1 physics
2026-03-28 05:05:57,505 | 3861906 | INFO | queue[0025] trial 7 fold 2 physics
2026-03-28 05:05:57,505 | 3861906 | INFO | queue[0026] trial 7 fold 3 physics
2026-03-28 05:05:57,505 | 3861906 | INFO | queue[0027] trial 7 fold 4 physics
2026-03-28 05:05:57,505 | 3861906 | INFO | [END BAYES QUEUE]
2026-03-28 05:05:57,822 | 3861906 | INFO | [ENQUEUE TRIAL] trial 8 physics
2026-03-28 05:05:57,822 | 3861906 | INFO | [BAYES QUEUE STATE]
2026-03-28 05:05:57,823 | 3861906 | INFO | pending_jobs = 32
2026-03-28 05:05:57,823 | 3861906 | INFO | inflight_trials = [0, 1, 2, 3, 4, 5, 6, 7]
2026-03-28 05:05:57,823 | 3861906 | INFO | queue[0000] trial 1 fold 1 physics
2026-03-28 05:05:57,824 | 3861906 | INFO | queue[0001] trial 1 fold 2 physics
2026-03-28 05:05:57,824 | 3861906 | INFO | queue[0002] trial 1 fold 3 physics
2026-03-28 05:05:57,824 | 3861906 | INFO | queue[0003] trial 1 fold 4 physics
2026-03-28 05:05:57,825 | 3861906 | INFO | queue[0004] trial 2 fold 1 physics
2026-03-28 05:05:57,825 | 3861906 | INFO | queue[0005] trial 2 fold 2 physics
2026-03-28 05:05:57,825 | 3861906 | INFO | queue[0006] trial 2 fold 3 physics
2026-03-28 05:05:57,826 | 3861906 | INFO | queue[0007] trial 2 fold 4 physics
2026-03-28 05:05:57,826 | 3861906 | INFO | queue[0008] trial 3 fold 1 physics
2026-03-28 05:05:57,826 | 3861906 | INFO | queue[0009] trial 3 fold 2 physics
2026-03-28 05:05:57,826 | 3861906 | INFO | queue[0010] trial 3 fold 3 physics
2026-03-28 05:05:57,826 | 3861906 | INFO | queue[0011] trial 3 fold 4 physics
2026-03-28 05:05:57,827 | 3861906 | INFO | queue[0012] trial 4 fold 1 physics
2026-03-28 05:05:57,827 | 3861906 | INFO | queue[0013] trial 4 fold 2 physics
2026-03-28 05:05:57,827 | 3861906 | INFO | queue[0014] trial 4 fold 3 physics
2026-03-28 05:05:57,827 | 3861906 | INFO | queue[0015] trial 4 fold 4 physics
2026-03-28 05:05:57,827 | 3861906 | INFO | queue[0016] trial 5 fold 1 physics
2026-03-28 05:05:57,828 | 3861906 | INFO | queue[0017] trial 5 fold 2 physics
2026-03-28 05:05:57,828 | 3861906 | INFO | queue[0018] trial 5 fold 3 physics
2026-03-28 05:05:57,828 | 3861906 | INFO | queue[0019] trial 5 fold 4 physics
2026-03-28 05:05:57,828 | 3861906 | INFO | queue[0020] trial 6 fold 1 physics
2026-03-28 05:05:57,828 | 3861906 | INFO | queue[0021] trial 6 fold 2 physics
2026-03-28 05:05:57,829 | 3861906 | INFO | queue[0022] trial 6 fold 3 physics
2026-03-28 05:05:57,829 | 3861906 | INFO | queue[0023] trial 6 fold 4 physics
2026-03-28 05:05:57,829 | 3861906 | INFO | queue[0024] trial 7 fold 1 physics
2026-03-28 05:05:57,829 | 3861906 | INFO | queue[0025] trial 7 fold 2 physics
2026-03-28 05:05:57,829 | 3861906 | INFO | queue[0026] trial 7 fold 3 physics
2026-03-28 05:05:57,830 | 3861906 | INFO | queue[0027] trial 7 fold 4 physics
2026-03-28 05:05:57,830 | 3861906 | INFO | queue[0028] trial 8 fold 1 physics
2026-03-28 05:05:57,830 | 3861906 | INFO | queue[0029] trial 8 fold 2 physics
2026-03-28 05:05:57,830 | 3861906 | INFO | queue[0030] trial 8 fold 3 physics
2026-03-28 05:05:57,830 | 3861906 | INFO | queue[0031] trial 8 fold 4 physics
2026-03-28 05:05:57,832 | 3861906 | INFO | [END BAYES QUEUE]
2026-03-28 05:05:58,170 | 3861906 | INFO | [ENQUEUE TRIAL] trial 9 physics
2026-03-28 05:05:58,181 | 3861906 | INFO | [BAYES QUEUE STATE]
2026-03-28 05:05:58,182 | 3861906 | INFO | pending_jobs = 36
2026-03-28 05:05:58,182 | 3861906 | INFO | inflight_trials = [0, 1, 2, 3, 4, 5, 6, 7, 8]
2026-03-28 05:05:58,182 | 3861906 | INFO | queue[0000] trial 1 fold 1 physics
2026-03-28 05:05:58,183 | 3861906 | INFO | queue[0001] trial 1 fold 2 physics
2026-03-28 05:05:58,183 | 3861906 | INFO | queue[0002] trial 1 fold 3 physics
2026-03-28 05:05:58,183 | 3861906 | INFO | queue[0003] trial 1 fold 4 physics
2026-03-28 05:05:58,184 | 3861906 | INFO | queue[0004] trial 2 fold 1 physics
2026-03-28 05:05:58,184 | 3861906 | INFO | queue[0005] trial 2 fold 2 physics
2026-03-28 05:05:58,184 | 3861906 | INFO | queue[0006] trial 2 fold 3 physics
2026-03-28 05:05:58,185 | 3861906 | INFO | queue[0007] trial 2 fold 4 physics
2026-03-28 05:05:58,185 | 3861906 | INFO | queue[0008] trial 3 fold 1 physics
2026-03-28 05:05:58,185 | 3861906 | INFO | queue[0009] trial 3 fold 2 physics
2026-03-28 05:05:58,185 | 3861906 | INFO | queue[0010] trial 3 fold 3 physics
2026-03-28 05:05:58,186 | 3861906 | INFO | queue[0011] trial 3 fold 4 physics
2026-03-28 05:05:58,186 | 3861906 | INFO | queue[0012] trial 4 fold 1 physics
2026-03-28 05:05:58,186 | 3861906 | INFO | queue[0013] trial 4 fold 2 physics
2026-03-28 05:05:58,186 | 3861906 | INFO | queue[0014] trial 4 fold 3 physics
2026-03-28 05:05:58,187 | 3861906 | INFO | queue[0015] trial 4 fold 4 physics
2026-03-28 05:05:58,187 | 3861906 | INFO | queue[0016] trial 5 fold 1 physics
2026-03-28 05:05:58,187 | 3861906 | INFO | queue[0017] trial 5 fold 2 physics
2026-03-28 05:05:58,187 | 3861906 | INFO | queue[0018] trial 5 fold 3 physics
2026-03-28 05:05:58,187 | 3861906 | INFO | queue[0019] trial 5 fold 4 physics
2026-03-28 05:05:58,188 | 3861906 | INFO | queue[0020] trial 6 fold 1 physics
2026-03-28 05:05:58,188 | 3861906 | INFO | queue[0021] trial 6 fold 2 physics
2026-03-28 05:05:58,188 | 3861906 | INFO | queue[0022] trial 6 fold 3 physics
2026-03-28 05:05:58,188 | 3861906 | INFO | queue[0023] trial 6 fold 4 physics
2026-03-28 05:05:58,188 | 3861906 | INFO | queue[0024] trial 7 fold 1 physics
2026-03-28 05:05:58,189 | 3861906 | INFO | queue[0025] trial 7 fold 2 physics
2026-03-28 05:05:58,189 | 3861906 | INFO | queue[0026] trial 7 fold 3 physics
2026-03-28 05:05:58,189 | 3861906 | INFO | queue[0027] trial 7 fold 4 physics
2026-03-28 05:05:58,189 | 3861906 | INFO | queue[0028] trial 8 fold 1 physics
2026-03-28 05:05:58,190 | 3861906 | INFO | queue[0029] trial 8 fold 2 physics
2026-03-28 05:05:58,190 | 3861906 | INFO | queue[0030] trial 8 fold 3 physics
2026-03-28 05:05:58,190 | 3861906 | INFO | queue[0031] trial 8 fold 4 physics
2026-03-28 05:05:58,190 | 3861906 | INFO | queue[0032] trial 9 fold 1 physics
2026-03-28 05:05:58,190 | 3861906 | INFO | queue[0033] trial 9 fold 2 physics
2026-03-28 05:05:58,191 | 3861906 | INFO | queue[0034] trial 9 fold 3 physics
2026-03-28 05:05:58,191 | 3861906 | INFO | queue[0035] trial 9 fold 4 physics
2026-03-28 05:05:58,191 | 3861906 | INFO | [END BAYES QUEUE]
2026-03-28 05:05:58,503 | 3861906 | INFO | [ENQUEUE TRIAL] trial 10 physics
2026-03-28 05:05:58,504 | 3861906 | INFO | [BAYES QUEUE STATE]
2026-03-28 05:05:58,504 | 3861906 | INFO | pending_jobs = 40
2026-03-28 05:05:58,505 | 3861906 | INFO | inflight_trials = [0, 1, 2, 3, 4, 5, 6, 7, 8, 9]
2026-03-28 05:05:58,505 | 3861906 | INFO | queue[0000] trial 1 fold 1 physics
2026-03-28 05:05:58,505 | 3861906 | INFO | queue[0001] trial 1 fold 2 physics
2026-03-28 05:05:58,506 | 3861906 | INFO | queue[0002] trial 1 fold 3 physics
2026-03-28 05:05:58,506 | 3861906 | INFO | queue[0003] trial 1 fold 4 physics
2026-03-28 05:05:58,506 | 3861906 | INFO | queue[0004] trial 2 fold 1 physics
2026-03-28 05:05:58,507 | 3861906 | INFO | queue[0005] trial 2 fold 2 physics
2026-03-28 05:05:58,507 | 3861906 | INFO | queue[0006] trial 2 fold 3 physics
2026-03-28 05:05:58,507 | 3861906 | INFO | queue[0007] trial 2 fold 4 physics
2026-03-28 05:05:58,507 | 3861906 | INFO | queue[0008] trial 3 fold 1 physics
2026-03-28 05:05:58,508 | 3861906 | INFO | queue[0009] trial 3 fold 2 physics
2026-03-28 05:05:58,508 | 3861906 | INFO | queue[0010] trial 3 fold 3 physics
2026-03-28 05:05:58,508 | 3861906 | INFO | queue[0011] trial 3 fold 4 physics
2026-03-28 05:05:58,508 | 3861906 | INFO | queue[0012] trial 4 fold 1 physics
2026-03-28 05:05:58,509 | 3861906 | INFO | queue[0013] trial 4 fold 2 physics
2026-03-28 05:05:58,509 | 3861906 | INFO | queue[0014] trial 4 fold 3 physics
2026-03-28 05:05:58,509 | 3861906 | INFO | queue[0015] trial 4 fold 4 physics
2026-03-28 05:05:58,509 | 3861906 | INFO | queue[0016] trial 5 fold 1 physics
2026-03-28 05:05:58,509 | 3861906 | INFO | queue[0017] trial 5 fold 2 physics
2026-03-28 05:05:58,510 | 3861906 | INFO | queue[0018] trial 5 fold 3 physics
2026-03-28 05:05:58,510 | 3861906 | INFO | queue[0019] trial 5 fold 4 physics
2026-03-28 05:05:58,510 | 3861906 | INFO | queue[0020] trial 6 fold 1 physics
2026-03-28 05:05:58,510 | 3861906 | INFO | queue[0021] trial 6 fold 2 physics
2026-03-28 05:05:58,510 | 3861906 | INFO | queue[0022] trial 6 fold 3 physics
2026-03-28 05:05:58,511 | 3861906 | INFO | queue[0023] trial 6 fold 4 physics
2026-03-28 05:05:58,511 | 3861906 | INFO | queue[0024] trial 7 fold 1 physics
2026-03-28 05:05:58,511 | 3861906 | INFO | queue[0025] trial 7 fold 2 physics
2026-03-28 05:05:58,511 | 3861906 | INFO | queue[0026] trial 7 fold 3 physics
2026-03-28 05:05:58,511 | 3861906 | INFO | queue[0027] trial 7 fold 4 physics
2026-03-28 05:05:58,512 | 3861906 | INFO | queue[0028] trial 8 fold 1 physics
2026-03-28 05:05:58,512 | 3861906 | INFO | queue[0029] trial 8 fold 2 physics
2026-03-28 05:05:58,512 | 3861906 | INFO | queue[0030] trial 8 fold 3 physics
2026-03-28 05:05:58,512 | 3861906 | INFO | queue[0031] trial 8 fold 4 physics
2026-03-28 05:05:58,512 | 3861906 | INFO | queue[0032] trial 9 fold 1 physics
2026-03-28 05:05:58,513 | 3861906 | INFO | queue[0033] trial 9 fold 2 physics
2026-03-28 05:05:58,513 | 3861906 | INFO | queue[0034] trial 9 fold 3 physics
2026-03-28 05:05:58,513 | 3861906 | INFO | queue[0035] trial 9 fold 4 physics
2026-03-28 05:05:58,513 | 3861906 | INFO | queue[0036] trial 10 fold 1 physics
2026-03-28 05:05:58,514 | 3861906 | INFO | queue[0037] trial 10 fold 2 physics
2026-03-28 05:05:58,514 | 3861906 | INFO | queue[0038] trial 10 fold 3 physics
2026-03-28 05:05:58,514 | 3861906 | INFO | queue[0039] trial 10 fold 4 physics
2026-03-28 05:05:58,514 | 3861906 | INFO | [END BAYES QUEUE]
2026-03-28 05:05:58,825 | 3861906 | INFO | [ENQUEUE TRIAL] trial 11 physics
2026-03-28 05:05:58,825 | 3861906 | INFO | [BAYES QUEUE STATE]
2026-03-28 05:05:58,826 | 3861906 | INFO | pending_jobs = 44
2026-03-28 05:05:58,826 | 3861906 | INFO | inflight_trials = [0, 1, 2, 3, 4, 5, 6, 7, 8, 9, 10]
2026-03-28 05:05:58,826 | 3861906 | INFO | queue[0000] trial 1 fold 1 physics
2026-03-28 05:05:58,827 | 3861906 | INFO | queue[0001] trial 1 fold 2 physics
2026-03-28 05:05:58,827 | 3861906 | INFO | queue[0002] trial 1 fold 3 physics
2026-03-28 05:05:58,827 | 3861906 | INFO | queue[0003] trial 1 fold 4 physics
2026-03-28 05:05:58,828 | 3861906 | INFO | queue[0004] trial 2 fold 1 physics
2026-03-28 05:05:58,828 | 3861906 | INFO | queue[0005] trial 2 fold 2 physics
2026-03-28 05:05:58,828 | 3861906 | INFO | queue[0006] trial 2 fold 3 physics
2026-03-28 05:05:58,829 | 3861906 | INFO | queue[0007] trial 2 fold 4 physics
2026-03-28 05:05:58,829 | 3861906 | INFO | queue[0008] trial 3 fold 1 physics
2026-03-28 05:05:58,829 | 3861906 | INFO | queue[0009] trial 3 fold 2 physics
2026-03-28 05:05:58,830 | 3861906 | INFO | queue[0010] trial 3 fold 3 physics
2026-03-28 05:05:58,830 | 3861906 | INFO | queue[0011] trial 3 fold 4 physics
2026-03-28 05:05:58,830 | 3861906 | INFO | queue[0012] trial 4 fold 1 physics
2026-03-28 05:05:58,830 | 3861906 | INFO | queue[0013] trial 4 fold 2 physics
2026-03-28 05:05:58,830 | 3861906 | INFO | queue[0014] trial 4 fold 3 physics
2026-03-28 05:05:58,831 | 3861906 | INFO | queue[0015] trial 4 fold 4 physics
2026-03-28 05:05:58,831 | 3861906 | INFO | queue[0016] trial 5 fold 1 physics
2026-03-28 05:05:58,831 | 3861906 | INFO | queue[0017] trial 5 fold 2 physics
2026-03-28 05:05:58,831 | 3861906 | INFO | queue[0018] trial 5 fold 3 physics
2026-03-28 05:05:58,831 | 3861906 | INFO | queue[0019] trial 5 fold 4 physics
2026-03-28 05:05:58,832 | 3861906 | INFO | queue[0020] trial 6 fold 1 physics
2026-03-28 05:05:58,832 | 3861906 | INFO | queue[0021] trial 6 fold 2 physics
2026-03-28 05:05:58,832 | 3861906 | INFO | queue[0022] trial 6 fold 3 physics
2026-03-28 05:05:58,832 | 3861906 | INFO | queue[0023] trial 6 fold 4 physics
2026-03-28 05:05:58,832 | 3861906 | INFO | queue[0024] trial 7 fold 1 physics
2026-03-28 05:05:58,832 | 3861906 | INFO | queue[0025] trial 7 fold 2 physics
2026-03-28 05:05:58,833 | 3861906 | INFO | queue[0026] trial 7 fold 3 physics
2026-03-28 05:05:58,833 | 3861906 | INFO | queue[0027] trial 7 fold 4 physics
2026-03-28 05:05:58,833 | 3861906 | INFO | queue[0028] trial 8 fold 1 physics
2026-03-28 05:05:58,833 | 3861906 | INFO | queue[0029] trial 8 fold 2 physics
2026-03-28 05:05:58,833 | 3861906 | INFO | queue[0030] trial 8 fold 3 physics
2026-03-28 05:05:58,833 | 3861906 | INFO | queue[0031] trial 8 fold 4 physics
2026-03-28 05:05:58,834 | 3861906 | INFO | queue[0032] trial 9 fold 1 physics
2026-03-28 05:05:58,834 | 3861906 | INFO | queue[0033] trial 9 fold 2 physics
2026-03-28 05:05:58,834 | 3861906 | INFO | queue[0034] trial 9 fold 3 physics
2026-03-28 05:05:58,834 | 3861906 | INFO | queue[0035] trial 9 fold 4 physics
2026-03-28 05:05:58,834 | 3861906 | INFO | queue[0036] trial 10 fold 1 physics
2026-03-28 05:05:58,835 | 3861906 | INFO | queue[0037] trial 10 fold 2 physics
2026-03-28 05:05:58,835 | 3861906 | INFO | queue[0038] trial 10 fold 3 physics
2026-03-28 05:05:58,835 | 3861906 | INFO | queue[0039] trial 10 fold 4 physics
2026-03-28 05:05:58,835 | 3861906 | INFO | queue[0040] trial 11 fold 1 physics
2026-03-28 05:05:58,835 | 3861906 | INFO | queue[0041] trial 11 fold 2 physics
2026-03-28 05:05:58,835 | 3861906 | INFO | queue[0042] trial 11 fold 3 physics
2026-03-28 05:05:58,836 | 3861906 | INFO | queue[0043] trial 11 fold 4 physics
2026-03-28 05:05:58,836 | 3861906 | INFO | [END BAYES QUEUE]
2026-03-28 05:05:59,178 | 3861906 | INFO | [ENQUEUE TRIAL] trial 12 physics
2026-03-28 05:05:59,189 | 3861906 | INFO | [BAYES QUEUE STATE]
2026-03-28 05:05:59,189 | 3861906 | INFO | pending_jobs = 48
2026-03-28 05:05:59,190 | 3861906 | INFO | inflight_trials = [0, 1, 2, 3, 4, 5, 6, 7, 8, 9, 10, 11]
2026-03-28 05:05:59,190 | 3861906 | INFO | queue[0000] trial 1 fold 1 physics
2026-03-28 05:05:59,190 | 3861906 | INFO | queue[0001] trial 1 fold 2 physics
2026-03-28 05:05:59,191 | 3861906 | INFO | queue[0002] trial 1 fold 3 physics
2026-03-28 05:05:59,191 | 3861906 | INFO | queue[0003] trial 1 fold 4 physics
2026-03-28 05:05:59,191 | 3861906 | INFO | queue[0004] trial 2 fold 1 physics
2026-03-28 05:05:59,192 | 3861906 | INFO | queue[0005] trial 2 fold 2 physics
2026-03-28 05:05:59,192 | 3861906 | INFO | queue[0006] trial 2 fold 3 physics
2026-03-28 05:05:59,192 | 3861906 | INFO | queue[0007] trial 2 fold 4 physics
2026-03-28 05:05:59,193 | 3861906 | INFO | queue[0008] trial 3 fold 1 physics
2026-03-28 05:05:59,193 | 3861906 | INFO | queue[0009] trial 3 fold 2 physics
2026-03-28 05:05:59,193 | 3861906 | INFO | queue[0010] trial 3 fold 3 physics
2026-03-28 05:05:59,193 | 3861906 | INFO | queue[0011] trial 3 fold 4 physics
2026-03-28 05:05:59,194 | 3861906 | INFO | queue[0012] trial 4 fold 1 physics
2026-03-28 05:05:59,194 | 3861906 | INFO | queue[0013] trial 4 fold 2 physics
2026-03-28 05:05:59,194 | 3861906 | INFO | queue[0014] trial 4 fold 3 physics
2026-03-28 05:05:59,194 | 3861906 | INFO | queue[0015] trial 4 fold 4 physics
2026-03-28 05:05:59,194 | 3861906 | INFO | queue[0016] trial 5 fold 1 physics
2026-03-28 05:05:59,195 | 3861906 | INFO | queue[0017] trial 5 fold 2 physics
2026-03-28 05:05:59,195 | 3861906 | INFO | queue[0018] trial 5 fold 3 physics
2026-03-28 05:05:59,195 | 3861906 | INFO | queue[0019] trial 5 fold 4 physics
2026-03-28 05:05:59,195 | 3861906 | INFO | queue[0020] trial 6 fold 1 physics
2026-03-28 05:05:59,195 | 3861906 | INFO | queue[0021] trial 6 fold 2 physics
2026-03-28 05:05:59,196 | 3861906 | INFO | queue[0022] trial 6 fold 3 physics
2026-03-28 05:05:59,196 | 3861906 | INFO | queue[0023] trial 6 fold 4 physics
2026-03-28 05:05:59,196 | 3861906 | INFO | queue[0024] trial 7 fold 1 physics
2026-03-28 05:05:59,196 | 3861906 | INFO | queue[0025] trial 7 fold 2 physics
2026-03-28 05:05:59,197 | 3861906 | INFO | queue[0026] trial 7 fold 3 physics
2026-03-28 05:05:59,197 | 3861906 | INFO | queue[0027] trial 7 fold 4 physics
2026-03-28 05:05:59,197 | 3861906 | INFO | queue[0028] trial 8 fold 1 physics
2026-03-28 05:05:59,197 | 3861906 | INFO | queue[0029] trial 8 fold 2 physics
2026-03-28 05:05:59,197 | 3861906 | INFO | queue[0030] trial 8 fold 3 physics
2026-03-28 05:05:59,198 | 3861906 | INFO | queue[0031] trial 8 fold 4 physics
2026-03-28 05:05:59,198 | 3861906 | INFO | queue[0032] trial 9 fold 1 physics
2026-03-28 05:05:59,198 | 3861906 | INFO | queue[0033] trial 9 fold 2 physics
2026-03-28 05:05:59,198 | 3861906 | INFO | queue[0034] trial 9 fold 3 physics
2026-03-28 05:05:59,198 | 3861906 | INFO | queue[0035] trial 9 fold 4 physics
2026-03-28 05:05:59,199 | 3861906 | INFO | queue[0036] trial 10 fold 1 physics
2026-03-28 05:05:59,199 | 3861906 | INFO | queue[0037] trial 10 fold 2 physics
2026-03-28 05:05:59,199 | 3861906 | INFO | queue[0038] trial 10 fold 3 physics
2026-03-28 05:05:59,199 | 3861906 | INFO | queue[0039] trial 10 fold 4 physics
2026-03-28 05:05:59,199 | 3861906 | INFO | queue[0040] trial 11 fold 1 physics
2026-03-28 05:05:59,200 | 3861906 | INFO | queue[0041] trial 11 fold 2 physics
2026-03-28 05:05:59,200 | 3861906 | INFO | queue[0042] trial 11 fold 3 physics
2026-03-28 05:05:59,200 | 3861906 | INFO | queue[0043] trial 11 fold 4 physics
2026-03-28 05:05:59,200 | 3861906 | INFO | queue[0044] trial 12 fold 1 physics
2026-03-28 05:05:59,200 | 3861906 | INFO | queue[0045] trial 12 fold 2 physics
2026-03-28 05:05:59,200 | 3861906 | INFO | queue[0046] trial 12 fold 3 physics
2026-03-28 05:05:59,201 | 3861906 | INFO | queue[0047] trial 12 fold 4 physics
2026-03-28 05:05:59,201 | 3861906 | INFO | [END BAYES QUEUE]
2026-03-28 05:05:59,516 | 3861906 | INFO | [ENQUEUE TRIAL] trial 13 physics
2026-03-28 05:05:59,517 | 3861906 | INFO | [BAYES QUEUE STATE]
2026-03-28 05:05:59,517 | 3861906 | INFO | pending_jobs = 52
2026-03-28 05:05:59,517 | 3861906 | INFO | inflight_trials = [0, 1, 2, 3, 4, 5, 6, 7, 8, 9, 10, 11, 12]
2026-03-28 05:05:59,518 | 3861906 | INFO | queue[0000] trial 1 fold 1 physics
2026-03-28 05:05:59,518 | 3861906 | INFO | queue[0001] trial 1 fold 2 physics
2026-03-28 05:05:59,518 | 3861906 | INFO | queue[0002] trial 1 fold 3 physics
2026-03-28 05:05:59,519 | 3861906 | INFO | queue[0003] trial 1 fold 4 physics
2026-03-28 05:05:59,519 | 3861906 | INFO | queue[0004] trial 2 fold 1 physics
2026-03-28 05:05:59,519 | 3861906 | INFO | queue[0005] trial 2 fold 2 physics
2026-03-28 05:05:59,520 | 3861906 | INFO | queue[0006] trial 2 fold 3 physics
2026-03-28 05:05:59,520 | 3861906 | INFO | queue[0007] trial 2 fold 4 physics
2026-03-28 05:05:59,520 | 3861906 | INFO | queue[0008] trial 3 fold 1 physics
2026-03-28 05:05:59,521 | 3861906 | INFO | queue[0009] trial 3 fold 2 physics
2026-03-28 05:05:59,521 | 3861906 | INFO | queue[0010] trial 3 fold 3 physics
2026-03-28 05:05:59,521 | 3861906 | INFO | queue[0011] trial 3 fold 4 physics
2026-03-28 05:05:59,521 | 3861906 | INFO | queue[0012] trial 4 fold 1 physics
2026-03-28 05:05:59,522 | 3861906 | INFO | queue[0013] trial 4 fold 2 physics
2026-03-28 05:05:59,522 | 3861906 | INFO | queue[0014] trial 4 fold 3 physics
2026-03-28 05:05:59,522 | 3861906 | INFO | queue[0015] trial 4 fold 4 physics
2026-03-28 05:05:59,523 | 3861906 | INFO | queue[0016] trial 5 fold 1 physics
2026-03-28 05:05:59,523 | 3861906 | INFO | queue[0017] trial 5 fold 2 physics
2026-03-28 05:05:59,523 | 3861906 | INFO | queue[0018] trial 5 fold 3 physics
2026-03-28 05:05:59,523 | 3861906 | INFO | queue[0019] trial 5 fold 4 physics
2026-03-28 05:05:59,523 | 3861906 | INFO | queue[0020] trial 6 fold 1 physics
2026-03-28 05:05:59,523 | 3861906 | INFO | queue[0021] trial 6 fold 2 physics
2026-03-28 05:05:59,524 | 3861906 | INFO | queue[0022] trial 6 fold 3 physics
2026-03-28 05:05:59,524 | 3861906 | INFO | queue[0023] trial 6 fold 4 physics
2026-03-28 05:05:59,524 | 3861906 | INFO | queue[0024] trial 7 fold 1 physics
2026-03-28 05:05:59,524 | 3861906 | INFO | queue[0025] trial 7 fold 2 physics
2026-03-28 05:05:59,524 | 3861906 | INFO | queue[0026] trial 7 fold 3 physics
2026-03-28 05:05:59,524 | 3861906 | INFO | queue[0027] trial 7 fold 4 physics
2026-03-28 05:05:59,525 | 3861906 | INFO | queue[0028] trial 8 fold 1 physics
2026-03-28 05:05:59,525 | 3861906 | INFO | queue[0029] trial 8 fold 2 physics
2026-03-28 05:05:59,525 | 3861906 | INFO | queue[0030] trial 8 fold 3 physics
2026-03-28 05:05:59,525 | 3861906 | INFO | queue[0031] trial 8 fold 4 physics
2026-03-28 05:05:59,525 | 3861906 | INFO | queue[0032] trial 9 fold 1 physics
2026-03-28 05:05:59,525 | 3861906 | INFO | queue[0033] trial 9 fold 2 physics
2026-03-28 05:05:59,525 | 3861906 | INFO | queue[0034] trial 9 fold 3 physics
2026-03-28 05:05:59,526 | 3861906 | INFO | queue[0035] trial 9 fold 4 physics
2026-03-28 05:05:59,526 | 3861906 | INFO | queue[0036] trial 10 fold 1 physics
2026-03-28 05:05:59,526 | 3861906 | INFO | queue[0037] trial 10 fold 2 physics
2026-03-28 05:05:59,526 | 3861906 | INFO | queue[0038] trial 10 fold 3 physics
2026-03-28 05:05:59,526 | 3861906 | INFO | queue[0039] trial 10 fold 4 physics
2026-03-28 05:05:59,526 | 3861906 | INFO | queue[0040] trial 11 fold 1 physics
2026-03-28 05:05:59,526 | 3861906 | INFO | queue[0041] trial 11 fold 2 physics
2026-03-28 05:05:59,527 | 3861906 | INFO | queue[0042] trial 11 fold 3 physics
2026-03-28 05:05:59,527 | 3861906 | INFO | queue[0043] trial 11 fold 4 physics
2026-03-28 05:05:59,527 | 3861906 | INFO | queue[0044] trial 12 fold 1 physics
2026-03-28 05:05:59,527 | 3861906 | INFO | queue[0045] trial 12 fold 2 physics
2026-03-28 05:05:59,527 | 3861906 | INFO | queue[0046] trial 12 fold 3 physics
2026-03-28 05:05:59,527 | 3861906 | INFO | queue[0047] trial 12 fold 4 physics
2026-03-28 05:05:59,527 | 3861906 | INFO | queue[0048] trial 13 fold 1 physics
2026-03-28 05:05:59,528 | 3861906 | INFO | queue[0049] trial 13 fold 2 physics
2026-03-28 05:05:59,528 | 3861906 | INFO | queue[0050] trial 13 fold 3 physics
2026-03-28 05:05:59,528 | 3861906 | INFO | queue[0051] trial 13 fold 4 physics
2026-03-28 05:05:59,528 | 3861906 | INFO | [END BAYES QUEUE]
2026-03-28 05:12:04,718 | 3861906 | INFO | [RESUME] starting from trial 0
2026-03-28 05:12:59,269 | 3861906 | INFO | [RESUME] starting from trial 0
2026-03-28 05:13:34,983 | 3861906 | INFO | [RESUME] starting from trial 0
2026-03-28 05:14:17,196 | 3861906 | INFO | [RESUME] starting from trial 0
2026-03-28 05:15:36,124 | 3861906 | INFO | [RESUME] starting from trial 0
2026-03-28 05:15:47,895 | 3861906 | INFO | [RESUME] starting from trial 0
2026-03-28 05:16:14,411 | 3861906 | INFO | [RESUME] starting from trial 0
2026-03-28 05:17:13,828 | 3861906 | INFO | [RESUME] starting from trial 0
2026-03-28 05:17:14,867 | 3861906 | INFO | [RESUME] starting from trial 0
2026-03-28 05:17:49,798 | 3861906 | INFO | [RESUME] starting from trial 0
2026-03-28 05:18:49,904 | 3861906 | INFO | [RESUME] starting from trial 0
2026-03-28 05:20:03,040 | 3861906 | INFO | [RESUME] starting from trial 0
2026-03-28 05:20:47,394 | 3861906 | INFO | [RESUME] starting from trial 0
2026-03-28 05:20:49,452 | 3861906 | INFO | [TRIAL COMPLETE] trial 4 physics NSE_1D=0.80899 NSE_1H=0.75238
2026-03-28 05:20:49,760 | 3861906 | INFO | [ENQUEUE TRIAL] trial 14 physics
2026-03-28 05:20:49,761 | 3861906 | INFO | [BAYES QUEUE STATE]
2026-03-28 05:20:49,761 | 3861906 | INFO | pending_jobs = 4
2026-03-28 05:20:49,761 | 3861906 | INFO | inflight_trials = [0, 1, 2, 4, 5, 6, 7, 8, 9, 10, 11, 12, 13]
2026-03-28 05:20:49,762 | 3861906 | INFO | queue[0000] trial 14 fold 1 physics
2026-03-28 05:20:49,762 | 3861906 | INFO | queue[0001] trial 14 fold 2 physics
2026-03-28 05:20:49,762 | 3861906 | INFO | queue[0002] trial 14 fold 3 physics
2026-03-28 05:20:49,763 | 3861906 | INFO | queue[0003] trial 14 fold 4 physics
2026-03-28 05:20:49,763 | 3861906 | INFO | [END BAYES QUEUE]
2026-03-28 05:20:50,057 | 3861906 | INFO | [ENQUEUE TRIAL] trial 15 physics
2026-03-28 05:20:50,058 | 3861906 | INFO | [BAYES QUEUE STATE]
2026-03-28 05:20:50,058 | 3861906 | INFO | pending_jobs = 8
2026-03-28 05:20:50,059 | 3861906 | INFO | inflight_trials = [0, 1, 2, 4, 5, 6, 7, 8, 9, 10, 11, 12, 13, 14]
2026-03-28 05:20:50,059 | 3861906 | INFO | queue[0000] trial 14 fold 1 physics
2026-03-28 05:20:50,059 | 3861906 | INFO | queue[0001] trial 14 fold 2 physics
2026-03-28 05:20:50,060 | 3861906 | INFO | queue[0002] trial 14 fold 3 physics
2026-03-28 05:20:50,060 | 3861906 | INFO | queue[0003] trial 14 fold 4 physics
2026-03-28 05:20:50,060 | 3861906 | INFO | queue[0004] trial 15 fold 1 physics
2026-03-28 05:20:50,061 | 3861906 | INFO | queue[0005] trial 15 fold 2 physics
2026-03-28 05:20:50,061 | 3861906 | INFO | queue[0006] trial 15 fold 3 physics
2026-03-28 05:20:50,061 | 3861906 | INFO | queue[0007] trial 15 fold 4 physics
2026-03-28 05:20:50,061 | 3861906 | INFO | [END BAYES QUEUE]
2026-03-28 05:20:50,401 | 3861906 | INFO | [ENQUEUE TRIAL] trial 16 physics
2026-03-28 05:20:50,404 | 3861906 | INFO | [BAYES QUEUE STATE]
2026-03-28 05:20:50,404 | 3861906 | INFO | pending_jobs = 12
2026-03-28 05:20:50,404 | 3861906 | INFO | inflight_trials = [0, 1, 2, 4, 5, 6, 7, 8, 9, 10, 11, 12, 13, 14, 15]
2026-03-28 05:20:50,405 | 3861906 | INFO | queue[0000] trial 14 fold 1 physics
2026-03-28 05:20:50,405 | 3861906 | INFO | queue[0001] trial 14 fold 2 physics
2026-03-28 05:20:50,406 | 3861906 | INFO | queue[0002] trial 14 fold 3 physics
2026-03-28 05:20:50,406 | 3861906 | INFO | queue[0003] trial 14 fold 4 physics
2026-03-28 05:20:50,406 | 3861906 | INFO | queue[0004] trial 15 fold 1 physics
2026-03-28 05:20:50,407 | 3861906 | INFO | queue[0005] trial 15 fold 2 physics
2026-03-28 05:20:50,407 | 3861906 | INFO | queue[0006] trial 15 fold 3 physics
2026-03-28 05:20:50,407 | 3861906 | INFO | queue[0007] trial 15 fold 4 physics
2026-03-28 05:20:50,407 | 3861906 | INFO | queue[0008] trial 16 fold 1 physics
2026-03-28 05:20:50,408 | 3861906 | INFO | queue[0009] trial 16 fold 2 physics
2026-03-28 05:20:50,408 | 3861906 | INFO | queue[0010] trial 16 fold 3 physics
2026-03-28 05:20:50,408 | 3861906 | INFO | queue[0011] trial 16 fold 4 physics
2026-03-28 05:20:50,408 | 3861906 | INFO | [END BAYES QUEUE]
2026-03-28 05:20:50,700 | 3861906 | INFO | [ENQUEUE TRIAL] trial 17 physics
2026-03-28 05:20:50,700 | 3861906 | INFO | [BAYES QUEUE STATE]
2026-03-28 05:20:50,701 | 3861906 | INFO | pending_jobs = 16
2026-03-28 05:20:50,701 | 3861906 | INFO | inflight_trials = [0, 1, 2, 4, 5, 6, 7, 8, 9, 10, 11, 12, 13, 14, 15, 16]
2026-03-28 05:20:50,701 | 3861906 | INFO | queue[0000] trial 14 fold 1 physics
2026-03-28 05:20:50,702 | 3861906 | INFO | queue[0001] trial 14 fold 2 physics
2026-03-28 05:20:50,702 | 3861906 | INFO | queue[0002] trial 14 fold 3 physics
2026-03-28 05:20:50,703 | 3861906 | INFO | queue[0003] trial 14 fold 4 physics
2026-03-28 05:20:50,703 | 3861906 | INFO | queue[0004] trial 15 fold 1 physics
2026-03-28 05:20:50,703 | 3861906 | INFO | queue[0005] trial 15 fold 2 physics
2026-03-28 05:20:50,704 | 3861906 | INFO | queue[0006] trial 15 fold 3 physics
2026-03-28 05:20:50,704 | 3861906 | INFO | queue[0007] trial 15 fold 4 physics
2026-03-28 05:20:50,704 | 3861906 | INFO | queue[0008] trial 16 fold 1 physics
2026-03-28 05:20:50,704 | 3861906 | INFO | queue[0009] trial 16 fold 2 physics
2026-03-28 05:20:50,705 | 3861906 | INFO | queue[0010] trial 16 fold 3 physics
2026-03-28 05:20:50,705 | 3861906 | INFO | queue[0011] trial 16 fold 4 physics
2026-03-28 05:20:50,705 | 3861906 | INFO | queue[0012] trial 17 fold 1 physics
2026-03-28 05:20:50,705 | 3861906 | INFO | queue[0013] trial 17 fold 2 physics
2026-03-28 05:20:50,705 | 3861906 | INFO | queue[0014] trial 17 fold 3 physics
2026-03-28 05:20:50,706 | 3861906 | INFO | queue[0015] trial 17 fold 4 physics
2026-03-28 05:20:50,706 | 3861906 | INFO | [END BAYES QUEUE]
2026-03-28 05:20:51,001 | 3861906 | INFO | [ENQUEUE TRIAL] trial 18 physics
2026-03-28 05:20:51,002 | 3861906 | INFO | [BAYES QUEUE STATE]
2026-03-28 05:20:51,002 | 3861906 | INFO | pending_jobs = 20
2026-03-28 05:20:51,003 | 3861906 | INFO | inflight_trials = [0, 1, 2, 4, 5, 6, 7, 8, 9, 10, 11, 12, 13, 14, 15, 16, 17]
2026-03-28 05:20:51,003 | 3861906 | INFO | queue[0000] trial 14 fold 1 physics
2026-03-28 05:20:51,003 | 3861906 | INFO | queue[0001] trial 14 fold 2 physics
2026-03-28 05:20:51,004 | 3861906 | INFO | queue[0002] trial 14 fold 3 physics
2026-03-28 05:20:51,004 | 3861906 | INFO | queue[0003] trial 14 fold 4 physics
2026-03-28 05:20:51,004 | 3861906 | INFO | queue[0004] trial 15 fold 1 physics
2026-03-28 05:20:51,005 | 3861906 | INFO | queue[0005] trial 15 fold 2 physics
2026-03-28 05:20:51,005 | 3861906 | INFO | queue[0006] trial 15 fold 3 physics
2026-03-28 05:20:51,005 | 3861906 | INFO | queue[0007] trial 15 fold 4 physics
2026-03-28 05:20:51,006 | 3861906 | INFO | queue[0008] trial 16 fold 1 physics
2026-03-28 05:20:51,006 | 3861906 | INFO | queue[0009] trial 16 fold 2 physics
2026-03-28 05:20:51,006 | 3861906 | INFO | queue[0010] trial 16 fold 3 physics
2026-03-28 05:20:51,007 | 3861906 | INFO | queue[0011] trial 16 fold 4 physics
2026-03-28 05:20:51,007 | 3861906 | INFO | queue[0012] trial 17 fold 1 physics
2026-03-28 05:20:51,007 | 3861906 | INFO | queue[0013] trial 17 fold 2 physics
2026-03-28 05:20:51,007 | 3861906 | INFO | queue[0014] trial 17 fold 3 physics
2026-03-28 05:20:51,008 | 3861906 | INFO | queue[0015] trial 17 fold 4 physics
2026-03-28 05:20:51,008 | 3861906 | INFO | queue[0016] trial 18 fold 1 physics
2026-03-28 05:20:51,008 | 3861906 | INFO | queue[0017] trial 18 fold 2 physics
2026-03-28 05:20:51,008 | 3861906 | INFO | queue[0018] trial 18 fold 3 physics
2026-03-28 05:20:51,009 | 3861906 | INFO | queue[0019] trial 18 fold 4 physics
2026-03-28 05:20:51,009 | 3861906 | INFO | [END BAYES QUEUE]
2026-03-28 05:20:51,298 | 3861906 | INFO | [ENQUEUE TRIAL] trial 19 physics
2026-03-28 05:20:51,299 | 3861906 | INFO | [BAYES QUEUE STATE]
2026-03-28 05:20:51,300 | 3861906 | INFO | pending_jobs = 24
2026-03-28 05:20:51,300 | 3861906 | INFO | inflight_trials = [0, 1, 2, 4, 5, 6, 7, 8, 9, 10, 11, 12, 13, 14, 15, 16, 17, 18]
2026-03-28 05:20:51,300 | 3861906 | INFO | queue[0000] trial 14 fold 1 physics
2026-03-28 05:20:51,301 | 3861906 | INFO | queue[0001] trial 14 fold 2 physics
2026-03-28 05:20:51,301 | 3861906 | INFO | queue[0002] trial 14 fold 3 physics
2026-03-28 05:20:51,301 | 3861906 | INFO | queue[0003] trial 14 fold 4 physics
2026-03-28 05:20:51,302 | 3861906 | INFO | queue[0004] trial 15 fold 1 physics
2026-03-28 05:20:51,302 | 3861906 | INFO | queue[0005] trial 15 fold 2 physics
2026-03-28 05:20:51,302 | 3861906 | INFO | queue[0006] trial 15 fold 3 physics
2026-03-28 05:20:51,303 | 3861906 | INFO | queue[0007] trial 15 fold 4 physics
2026-03-28 05:20:51,303 | 3861906 | INFO | queue[0008] trial 16 fold 1 physics
2026-03-28 05:20:51,303 | 3861906 | INFO | queue[0009] trial 16 fold 2 physics
2026-03-28 05:20:51,304 | 3861906 | INFO | queue[0010] trial 16 fold 3 physics
2026-03-28 05:20:51,304 | 3861906 | INFO | queue[0011] trial 16 fold 4 physics
2026-03-28 05:20:51,304 | 3861906 | INFO | queue[0012] trial 17 fold 1 physics
2026-03-28 05:20:51,305 | 3861906 | INFO | queue[0013] trial 17 fold 2 physics
2026-03-28 05:20:51,305 | 3861906 | INFO | queue[0014] trial 17 fold 3 physics
2026-03-28 05:20:51,305 | 3861906 | INFO | queue[0015] trial 17 fold 4 physics
2026-03-28 05:20:51,305 | 3861906 | INFO | queue[0016] trial 18 fold 1 physics
2026-03-28 05:20:51,305 | 3861906 | INFO | queue[0017] trial 18 fold 2 physics
2026-03-28 05:20:51,305 | 3861906 | INFO | queue[0018] trial 18 fold 3 physics
2026-03-28 05:20:51,306 | 3861906 | INFO | queue[0019] trial 18 fold 4 physics
2026-03-28 05:20:51,306 | 3861906 | INFO | queue[0020] trial 19 fold 1 physics
2026-03-28 05:20:51,306 | 3861906 | INFO | queue[0021] trial 19 fold 2 physics
2026-03-28 05:20:51,306 | 3861906 | INFO | queue[0022] trial 19 fold 3 physics
2026-03-28 05:20:51,306 | 3861906 | INFO | queue[0023] trial 19 fold 4 physics
2026-03-28 05:20:51,306 | 3861906 | INFO | [END BAYES QUEUE]
2026-03-28 05:20:51,635 | 3861906 | INFO | [ENQUEUE TRIAL] trial 20 physics
2026-03-28 05:20:51,638 | 3861906 | INFO | [BAYES QUEUE STATE]
2026-03-28 05:20:51,638 | 3861906 | INFO | pending_jobs = 28
2026-03-28 05:20:51,638 | 3861906 | INFO | inflight_trials = [0, 1, 2, 4, 5, 6, 7, 8, 9, 10, 11, 12, 13, 14, 15, 16, 17, 18, 19]
2026-03-28 05:20:51,639 | 3861906 | INFO | queue[0000] trial 14 fold 1 physics
2026-03-28 05:20:51,639 | 3861906 | INFO | queue[0001] trial 14 fold 2 physics
2026-03-28 05:20:51,640 | 3861906 | INFO | queue[0002] trial 14 fold 3 physics
2026-03-28 05:20:51,640 | 3861906 | INFO | queue[0003] trial 14 fold 4 physics
2026-03-28 05:20:51,640 | 3861906 | INFO | queue[0004] trial 15 fold 1 physics
2026-03-28 05:20:51,640 | 3861906 | INFO | queue[0005] trial 15 fold 2 physics
2026-03-28 05:20:51,641 | 3861906 | INFO | queue[0006] trial 15 fold 3 physics
2026-03-28 05:20:51,641 | 3861906 | INFO | queue[0007] trial 15 fold 4 physics
2026-03-28 05:20:51,641 | 3861906 | INFO | queue[0008] trial 16 fold 1 physics
2026-03-28 05:20:51,642 | 3861906 | INFO | queue[0009] trial 16 fold 2 physics
2026-03-28 05:20:51,642 | 3861906 | INFO | queue[0010] trial 16 fold 3 physics
2026-03-28 05:20:51,642 | 3861906 | INFO | queue[0011] trial 16 fold 4 physics
2026-03-28 05:20:51,643 | 3861906 | INFO | queue[0012] trial 17 fold 1 physics
2026-03-28 05:20:51,643 | 3861906 | INFO | queue[0013] trial 17 fold 2 physics
2026-03-28 05:20:51,643 | 3861906 | INFO | queue[0014] trial 17 fold 3 physics
2026-03-28 05:20:51,644 | 3861906 | INFO | queue[0015] trial 17 fold 4 physics
2026-03-28 05:20:51,644 | 3861906 | INFO | queue[0016] trial 18 fold 1 physics
2026-03-28 05:20:51,644 | 3861906 | INFO | queue[0017] trial 18 fold 2 physics
2026-03-28 05:20:51,645 | 3861906 | INFO | queue[0018] trial 18 fold 3 physics
2026-03-28 05:20:51,645 | 3861906 | INFO | queue[0019] trial 18 fold 4 physics
2026-03-28 05:20:51,645 | 3861906 | INFO | queue[0020] trial 19 fold 1 physics
2026-03-28 05:20:51,646 | 3861906 | INFO | queue[0021] trial 19 fold 2 physics
2026-03-28 05:20:51,646 | 3861906 | INFO | queue[0022] trial 19 fold 3 physics
2026-03-28 05:20:51,646 | 3861906 | INFO | queue[0023] trial 19 fold 4 physics
2026-03-28 05:20:51,646 | 3861906 | INFO | queue[0024] trial 20 fold 1 physics
2026-03-28 05:20:51,646 | 3861906 | INFO | queue[0025] trial 20 fold 2 physics
2026-03-28 05:20:51,646 | 3861906 | INFO | queue[0026] trial 20 fold 3 physics
2026-03-28 05:20:51,647 | 3861906 | INFO | queue[0027] trial 20 fold 4 physics
2026-03-28 05:20:51,647 | 3861906 | INFO | [END BAYES QUEUE]
2026-03-28 05:20:51,931 | 3861906 | INFO | [ENQUEUE TRIAL] trial 21 physics
2026-03-28 05:20:51,931 | 3861906 | INFO | [BAYES QUEUE STATE]
2026-03-28 05:20:51,932 | 3861906 | INFO | pending_jobs = 32
2026-03-28 05:20:51,932 | 3861906 | INFO | inflight_trials = [0, 1, 2, 4, 5, 6, 7, 8, 9, 10, 11, 12, 13, 14, 15, 16, 17, 18, 19, 20]
2026-03-28 05:20:51,932 | 3861906 | INFO | queue[0000] trial 14 fold 1 physics
2026-03-28 05:20:51,933 | 3861906 | INFO | queue[0001] trial 14 fold 2 physics
2026-03-28 05:20:51,933 | 3861906 | INFO | queue[0002] trial 14 fold 3 physics
2026-03-28 05:20:51,933 | 3861906 | INFO | queue[0003] trial 14 fold 4 physics
2026-03-28 05:20:51,934 | 3861906 | INFO | queue[0004] trial 15 fold 1 physics
2026-03-28 05:20:51,934 | 3861906 | INFO | queue[0005] trial 15 fold 2 physics
2026-03-28 05:20:51,934 | 3861906 | INFO | queue[0006] trial 15 fold 3 physics
2026-03-28 05:20:51,935 | 3861906 | INFO | queue[0007] trial 15 fold 4 physics
2026-03-28 05:20:51,935 | 3861906 | INFO | queue[0008] trial 16 fold 1 physics
2026-03-28 05:20:51,935 | 3861906 | INFO | queue[0009] trial 16 fold 2 physics
2026-03-28 05:20:51,936 | 3861906 | INFO | queue[0010] trial 16 fold 3 physics
2026-03-28 05:20:51,936 | 3861906 | INFO | queue[0011] trial 16 fold 4 physics
2026-03-28 05:20:51,936 | 3861906 | INFO | queue[0012] trial 17 fold 1 physics
2026-03-28 05:20:51,937 | 3861906 | INFO | queue[0013] trial 17 fold 2 physics
2026-03-28 05:20:51,937 | 3861906 | INFO | queue[0014] trial 17 fold 3 physics
2026-03-28 05:20:51,937 | 3861906 | INFO | queue[0015] trial 17 fold 4 physics
2026-03-28 05:20:51,938 | 3861906 | INFO | queue[0016] trial 18 fold 1 physics
2026-03-28 05:20:51,938 | 3861906 | INFO | queue[0017] trial 18 fold 2 physics
2026-03-28 05:20:51,938 | 3861906 | INFO | queue[0018] trial 18 fold 3 physics
2026-03-28 05:20:51,939 | 3861906 | INFO | queue[0019] trial 18 fold 4 physics
2026-03-28 05:20:51,939 | 3861906 | INFO | queue[0020] trial 19 fold 1 physics
2026-03-28 05:20:51,939 | 3861906 | INFO | queue[0021] trial 19 fold 2 physics
2026-03-28 05:20:51,939 | 3861906 | INFO | queue[0022] trial 19 fold 3 physics
2026-03-28 05:20:51,939 | 3861906 | INFO | queue[0023] trial 19 fold 4 physics
2026-03-28 05:20:51,939 | 3861906 | INFO | queue[0024] trial 20 fold 1 physics
2026-03-28 05:20:51,940 | 3861906 | INFO | queue[0025] trial 20 fold 2 physics
2026-03-28 05:20:51,940 | 3861906 | INFO | queue[0026] trial 20 fold 3 physics
2026-03-28 05:20:51,940 | 3861906 | INFO | queue[0027] trial 20 fold 4 physics
2026-03-28 05:20:51,940 | 3861906 | INFO | queue[0028] trial 21 fold 1 physics
2026-03-28 05:20:51,940 | 3861906 | INFO | queue[0029] trial 21 fold 2 physics
2026-03-28 05:20:51,940 | 3861906 | INFO | queue[0030] trial 21 fold 3 physics
2026-03-28 05:20:51,940 | 3861906 | INFO | queue[0031] trial 21 fold 4 physics
2026-03-28 05:20:51,941 | 3861906 | INFO | [END BAYES QUEUE]
2026-03-28 05:20:52,224 | 3861906 | INFO | [ENQUEUE TRIAL] trial 22 physics
2026-03-28 05:20:52,225 | 3861906 | INFO | [BAYES QUEUE STATE]
2026-03-28 05:20:52,225 | 3861906 | INFO | pending_jobs = 36
2026-03-28 05:20:52,225 | 3861906 | INFO | inflight_trials = [0, 1, 2, 4, 5, 6, 7, 8, 9, 10, 11, 12, 13, 14, 15, 16, 17, 18, 19, 20, 21]
2026-03-28 05:20:52,226 | 3861906 | INFO | queue[0000] trial 14 fold 1 physics
2026-03-28 05:20:52,226 | 3861906 | INFO | queue[0001] trial 14 fold 2 physics
2026-03-28 05:20:52,226 | 3861906 | INFO | queue[0002] trial 14 fold 3 physics
2026-03-28 05:20:52,227 | 3861906 | INFO | queue[0003] trial 14 fold 4 physics
2026-03-28 05:20:52,227 | 3861906 | INFO | queue[0004] trial 15 fold 1 physics
2026-03-28 05:20:52,227 | 3861906 | INFO | queue[0005] trial 15 fold 2 physics
2026-03-28 05:20:52,228 | 3861906 | INFO | queue[0006] trial 15 fold 3 physics
2026-03-28 05:20:52,228 | 3861906 | INFO | queue[0007] trial 15 fold 4 physics
2026-03-28 05:20:52,228 | 3861906 | INFO | queue[0008] trial 16 fold 1 physics
2026-03-28 05:20:52,229 | 3861906 | INFO | queue[0009] trial 16 fold 2 physics
2026-03-28 05:20:52,229 | 3861906 | INFO | queue[0010] trial 16 fold 3 physics
2026-03-28 05:20:52,229 | 3861906 | INFO | queue[0011] trial 16 fold 4 physics
2026-03-28 05:20:52,230 | 3861906 | INFO | queue[0012] trial 17 fold 1 physics
2026-03-28 05:20:52,230 | 3861906 | INFO | queue[0013] trial 17 fold 2 physics
2026-03-28 05:20:52,230 | 3861906 | INFO | queue[0014] trial 17 fold 3 physics
2026-03-28 05:20:52,230 | 3861906 | INFO | queue[0015] trial 17 fold 4 physics
2026-03-28 05:20:52,231 | 3861906 | INFO | queue[0016] trial 18 fold 1 physics
2026-03-28 05:20:52,231 | 3861906 | INFO | queue[0017] trial 18 fold 2 physics
2026-03-28 05:20:52,231 | 3861906 | INFO | queue[0018] trial 18 fold 3 physics
2026-03-28 05:20:52,231 | 3861906 | INFO | queue[0019] trial 18 fold 4 physics
2026-03-28 05:20:52,231 | 3861906 | INFO | queue[0020] trial 19 fold 1 physics
2026-03-28 05:20:52,232 | 3861906 | INFO | queue[0021] trial 19 fold 2 physics
2026-03-28 05:20:52,232 | 3861906 | INFO | queue[0022] trial 19 fold 3 physics
2026-03-28 05:20:52,232 | 3861906 | INFO | queue[0023] trial 19 fold 4 physics
2026-03-28 05:20:52,232 | 3861906 | INFO | queue[0024] trial 20 fold 1 physics
2026-03-28 05:20:52,232 | 3861906 | INFO | queue[0025] trial 20 fold 2 physics
2026-03-28 05:20:52,232 | 3861906 | INFO | queue[0026] trial 20 fold 3 physics
2026-03-28 05:20:52,233 | 3861906 | INFO | queue[0027] trial 20 fold 4 physics
2026-03-28 05:20:52,233 | 3861906 | INFO | queue[0028] trial 21 fold 1 physics
2026-03-28 05:20:52,233 | 3861906 | INFO | queue[0029] trial 21 fold 2 physics
2026-03-28 05:20:52,233 | 3861906 | INFO | queue[0030] trial 21 fold 3 physics
2026-03-28 05:20:52,233 | 3861906 | INFO | queue[0031] trial 21 fold 4 physics
2026-03-28 05:20:52,234 | 3861906 | INFO | queue[0032] trial 22 fold 1 physics
2026-03-28 05:20:52,234 | 3861906 | INFO | queue[0033] trial 22 fold 2 physics
2026-03-28 05:20:52,234 | 3861906 | INFO | queue[0034] trial 22 fold 3 physics
2026-03-28 05:20:52,234 | 3861906 | INFO | queue[0035] trial 22 fold 4 physics
2026-03-28 05:20:52,234 | 3861906 | INFO | [END BAYES QUEUE]
2026-03-28 05:20:52,549 | 3861906 | INFO | [ENQUEUE TRIAL] trial 23 physics
2026-03-28 05:20:52,549 | 3861906 | INFO | [BAYES QUEUE STATE]
2026-03-28 05:20:52,550 | 3861906 | INFO | pending_jobs = 40
2026-03-28 05:20:52,550 | 3861906 | INFO | inflight_trials = [0, 1, 2, 4, 5, 6, 7, 8, 9, 10, 11, 12, 13, 14, 15, 16, 17, 18, 19, 20, 21, 22]
2026-03-28 05:20:52,550 | 3861906 | INFO | queue[0000] trial 14 fold 1 physics
2026-03-28 05:20:52,551 | 3861906 | INFO | queue[0001] trial 14 fold 2 physics
2026-03-28 05:20:52,551 | 3861906 | INFO | queue[0002] trial 14 fold 3 physics
2026-03-28 05:20:52,551 | 3861906 | INFO | queue[0003] trial 14 fold 4 physics
2026-03-28 05:20:52,552 | 3861906 | INFO | queue[0004] trial 15 fold 1 physics
2026-03-28 05:20:52,552 | 3861906 | INFO | queue[0005] trial 15 fold 2 physics
2026-03-28 05:20:52,552 | 3861906 | INFO | queue[0006] trial 15 fold 3 physics
2026-03-28 05:20:52,553 | 3861906 | INFO | queue[0007] trial 15 fold 4 physics
2026-03-28 05:20:52,553 | 3861906 | INFO | queue[0008] trial 16 fold 1 physics
2026-03-28 05:20:52,553 | 3861906 | INFO | queue[0009] trial 16 fold 2 physics
2026-03-28 05:20:52,553 | 3861906 | INFO | queue[0010] trial 16 fold 3 physics
2026-03-28 05:20:52,553 | 3861906 | INFO | queue[0011] trial 16 fold 4 physics
2026-03-28 05:20:52,554 | 3861906 | INFO | queue[0012] trial 17 fold 1 physics
2026-03-28 05:20:52,554 | 3861906 | INFO | queue[0013] trial 17 fold 2 physics
2026-03-28 05:20:52,554 | 3861906 | INFO | queue[0014] trial 17 fold 3 physics
2026-03-28 05:20:52,554 | 3861906 | INFO | queue[0015] trial 17 fold 4 physics
2026-03-28 05:20:52,555 | 3861906 | INFO | queue[0016] trial 18 fold 1 physics
2026-03-28 05:20:52,555 | 3861906 | INFO | queue[0017] trial 18 fold 2 physics
2026-03-28 05:20:52,555 | 3861906 | INFO | queue[0018] trial 18 fold 3 physics
2026-03-28 05:20:52,555 | 3861906 | INFO | queue[0019] trial 18 fold 4 physics
2026-03-28 05:20:52,555 | 3861906 | INFO | queue[0020] trial 19 fold 1 physics
2026-03-28 05:20:52,556 | 3861906 | INFO | queue[0021] trial 19 fold 2 physics
2026-03-28 05:20:52,556 | 3861906 | INFO | queue[0022] trial 19 fold 3 physics
2026-03-28 05:20:52,556 | 3861906 | INFO | queue[0023] trial 19 fold 4 physics
2026-03-28 05:20:52,556 | 3861906 | INFO | queue[0024] trial 20 fold 1 physics
2026-03-28 05:20:52,557 | 3861906 | INFO | queue[0025] trial 20 fold 2 physics
2026-03-28 05:20:52,557 | 3861906 | INFO | queue[0026] trial 20 fold 3 physics
2026-03-28 05:20:52,557 | 3861906 | INFO | queue[0027] trial 20 fold 4 physics
2026-03-28 05:20:52,557 | 3861906 | INFO | queue[0028] trial 21 fold 1 physics
2026-03-28 05:20:52,557 | 3861906 | INFO | queue[0029] trial 21 fold 2 physics
2026-03-28 05:20:52,558 | 3861906 | INFO | queue[0030] trial 21 fold 3 physics
2026-03-28 05:20:52,558 | 3861906 | INFO | queue[0031] trial 21 fold 4 physics
2026-03-28 05:20:52,558 | 3861906 | INFO | queue[0032] trial 22 fold 1 physics
2026-03-28 05:20:52,558 | 3861906 | INFO | queue[0033] trial 22 fold 2 physics
2026-03-28 05:20:52,558 | 3861906 | INFO | queue[0034] trial 22 fold 3 physics
2026-03-28 05:20:52,559 | 3861906 | INFO | queue[0035] trial 22 fold 4 physics
2026-03-28 05:20:52,559 | 3861906 | INFO | queue[0036] trial 23 fold 1 physics
2026-03-28 05:20:52,559 | 3861906 | INFO | queue[0037] trial 23 fold 2 physics
2026-03-28 05:20:52,559 | 3861906 | INFO | queue[0038] trial 23 fold 3 physics
2026-03-28 05:20:52,560 | 3861906 | INFO | queue[0039] trial 23 fold 4 physics
2026-03-28 05:20:52,560 | 3861906 | INFO | [END BAYES QUEUE]
2026-03-28 05:20:52,843 | 3861906 | INFO | [ENQUEUE TRIAL] trial 24 physics
2026-03-28 05:20:52,846 | 3861906 | INFO | [BAYES QUEUE STATE]
2026-03-28 05:20:52,846 | 3861906 | INFO | pending_jobs = 44
2026-03-28 05:20:52,846 | 3861906 | INFO | inflight_trials = [0, 1, 2, 4, 5, 6, 7, 8, 9, 10, 11, 12, 13, 14, 15, 16, 17, 18, 19, 20, 21, 22, 23]
2026-03-28 05:20:52,847 | 3861906 | INFO | queue[0000] trial 14 fold 1 physics
2026-03-28 05:20:52,847 | 3861906 | INFO | queue[0001] trial 14 fold 2 physics
2026-03-28 05:20:52,847 | 3861906 | INFO | queue[0002] trial 14 fold 3 physics
2026-03-28 05:20:52,848 | 3861906 | INFO | queue[0003] trial 14 fold 4 physics
2026-03-28 05:20:52,848 | 3861906 | INFO | queue[0004] trial 15 fold 1 physics
2026-03-28 05:20:52,848 | 3861906 | INFO | queue[0005] trial 15 fold 2 physics
2026-03-28 05:20:52,849 | 3861906 | INFO | queue[0006] trial 15 fold 3 physics
2026-03-28 05:20:52,849 | 3861906 | INFO | queue[0007] trial 15 fold 4 physics
2026-03-28 05:20:52,849 | 3861906 | INFO | queue[0008] trial 16 fold 1 physics
2026-03-28 05:20:52,850 | 3861906 | INFO | queue[0009] trial 16 fold 2 physics
2026-03-28 05:20:52,850 | 3861906 | INFO | queue[0010] trial 16 fold 3 physics
2026-03-28 05:20:52,850 | 3861906 | INFO | queue[0011] trial 16 fold 4 physics
2026-03-28 05:20:52,850 | 3861906 | INFO | queue[0012] trial 17 fold 1 physics
2026-03-28 05:20:52,851 | 3861906 | INFO | queue[0013] trial 17 fold 2 physics
2026-03-28 05:20:52,851 | 3861906 | INFO | queue[0014] trial 17 fold 3 physics
2026-03-28 05:20:52,851 | 3861906 | INFO | queue[0015] trial 17 fold 4 physics
2026-03-28 05:20:52,851 | 3861906 | INFO | queue[0016] trial 18 fold 1 physics
2026-03-28 05:20:52,851 | 3861906 | INFO | queue[0017] trial 18 fold 2 physics
2026-03-28 05:20:52,852 | 3861906 | INFO | queue[0018] trial 18 fold 3 physics
2026-03-28 05:20:52,852 | 3861906 | INFO | queue[0019] trial 18 fold 4 physics
2026-03-28 05:20:52,852 | 3861906 | INFO | queue[0020] trial 19 fold 1 physics
2026-03-28 05:20:52,852 | 3861906 | INFO | queue[0021] trial 19 fold 2 physics
2026-03-28 05:20:52,852 | 3861906 | INFO | queue[0022] trial 19 fold 3 physics
2026-03-28 05:20:52,853 | 3861906 | INFO | queue[0023] trial 19 fold 4 physics
2026-03-28 05:20:52,853 | 3861906 | INFO | queue[0024] trial 20 fold 1 physics
2026-03-28 05:20:52,853 | 3861906 | INFO | queue[0025] trial 20 fold 2 physics
2026-03-28 05:20:52,853 | 3861906 | INFO | queue[0026] trial 20 fold 3 physics
2026-03-28 05:20:52,853 | 3861906 | INFO | queue[0027] trial 20 fold 4 physics
2026-03-28 05:20:52,854 | 3861906 | INFO | queue[0028] trial 21 fold 1 physics
2026-03-28 05:20:52,854 | 3861906 | INFO | queue[0029] trial 21 fold 2 physics
2026-03-28 05:20:52,854 | 3861906 | INFO | queue[0030] trial 21 fold 3 physics
2026-03-28 05:20:52,854 | 3861906 | INFO | queue[0031] trial 21 fold 4 physics
2026-03-28 05:20:52,854 | 3861906 | INFO | queue[0032] trial 22 fold 1 physics
2026-03-28 05:20:52,855 | 3861906 | INFO | queue[0033] trial 22 fold 2 physics
2026-03-28 05:20:52,855 | 3861906 | INFO | queue[0034] trial 22 fold 3 physics
2026-03-28 05:20:52,855 | 3861906 | INFO | queue[0035] trial 22 fold 4 physics
2026-03-28 05:20:52,855 | 3861906 | INFO | queue[0036] trial 23 fold 1 physics
2026-03-28 05:20:52,856 | 3861906 | INFO | queue[0037] trial 23 fold 2 physics
2026-03-28 05:20:52,856 | 3861906 | INFO | queue[0038] trial 23 fold 3 physics
2026-03-28 05:20:52,856 | 3861906 | INFO | queue[0039] trial 23 fold 4 physics
2026-03-28 05:20:52,856 | 3861906 | INFO | queue[0040] trial 24 fold 1 physics
2026-03-28 05:20:52,856 | 3861906 | INFO | queue[0041] trial 24 fold 2 physics
2026-03-28 05:20:52,857 | 3861906 | INFO | queue[0042] trial 24 fold 3 physics
2026-03-28 05:20:52,857 | 3861906 | INFO | queue[0043] trial 24 fold 4 physics
2026-03-28 05:20:52,857 | 3861906 | INFO | [END BAYES QUEUE]
2026-03-28 05:20:53,139 | 3861906 | INFO | [ENQUEUE TRIAL] trial 25 physics
2026-03-28 05:20:53,140 | 3861906 | INFO | [BAYES QUEUE STATE]
2026-03-28 05:20:53,140 | 3861906 | INFO | pending_jobs = 48
2026-03-28 05:20:53,141 | 3861906 | INFO | inflight_trials = [0, 1, 2, 4, 5, 6, 7, 8, 9, 10, 11, 12, 13, 14, 15, 16, 17, 18, 19, 20, 21, 22, 23, 24]
2026-03-28 05:20:53,141 | 3861906 | INFO | queue[0000] trial 14 fold 1 physics
2026-03-28 05:20:53,141 | 3861906 | INFO | queue[0001] trial 14 fold 2 physics
2026-03-28 05:20:53,142 | 3861906 | INFO | queue[0002] trial 14 fold 3 physics
2026-03-28 05:20:53,142 | 3861906 | INFO | queue[0003] trial 14 fold 4 physics
2026-03-28 05:20:53,142 | 3861906 | INFO | queue[0004] trial 15 fold 1 physics
2026-03-28 05:20:53,143 | 3861906 | INFO | queue[0005] trial 15 fold 2 physics
2026-03-28 05:20:53,143 | 3861906 | INFO | queue[0006] trial 15 fold 3 physics
2026-03-28 05:20:53,143 | 3861906 | INFO | queue[0007] trial 15 fold 4 physics
2026-03-28 05:20:53,144 | 3861906 | INFO | queue[0008] trial 16 fold 1 physics
2026-03-28 05:20:53,144 | 3861906 | INFO | queue[0009] trial 16 fold 2 physics
2026-03-28 05:20:53,144 | 3861906 | INFO | queue[0010] trial 16 fold 3 physics
2026-03-28 05:20:53,144 | 3861906 | INFO | queue[0011] trial 16 fold 4 physics
2026-03-28 05:20:53,145 | 3861906 | INFO | queue[0012] trial 17 fold 1 physics
2026-03-28 05:20:53,145 | 3861906 | INFO | queue[0013] trial 17 fold 2 physics
2026-03-28 05:20:53,145 | 3861906 | INFO | queue[0014] trial 17 fold 3 physics
2026-03-28 05:20:53,145 | 3861906 | INFO | queue[0015] trial 17 fold 4 physics
2026-03-28 05:20:53,145 | 3861906 | INFO | queue[0016] trial 18 fold 1 physics
2026-03-28 05:20:53,146 | 3861906 | INFO | queue[0017] trial 18 fold 2 physics
2026-03-28 05:20:53,146 | 3861906 | INFO | queue[0018] trial 18 fold 3 physics
2026-03-28 05:20:53,146 | 3861906 | INFO | queue[0019] trial 18 fold 4 physics
2026-03-28 05:20:53,146 | 3861906 | INFO | queue[0020] trial 19 fold 1 physics
2026-03-28 05:20:53,146 | 3861906 | INFO | queue[0021] trial 19 fold 2 physics
2026-03-28 05:20:53,147 | 3861906 | INFO | queue[0022] trial 19 fold 3 physics
2026-03-28 05:20:53,147 | 3861906 | INFO | queue[0023] trial 19 fold 4 physics
2026-03-28 05:20:53,147 | 3861906 | INFO | queue[0024] trial 20 fold 1 physics
2026-03-28 05:20:53,147 | 3861906 | INFO | queue[0025] trial 20 fold 2 physics
2026-03-28 05:20:53,148 | 3861906 | INFO | queue[0026] trial 20 fold 3 physics
2026-03-28 05:20:53,148 | 3861906 | INFO | queue[0027] trial 20 fold 4 physics
2026-03-28 05:20:53,148 | 3861906 | INFO | queue[0028] trial 21 fold 1 physics
2026-03-28 05:20:53,148 | 3861906 | INFO | queue[0029] trial 21 fold 2 physics
2026-03-28 05:20:53,148 | 3861906 | INFO | queue[0030] trial 21 fold 3 physics
2026-03-28 05:20:53,149 | 3861906 | INFO | queue[0031] trial 21 fold 4 physics
2026-03-28 05:20:53,149 | 3861906 | INFO | queue[0032] trial 22 fold 1 physics
2026-03-28 05:20:53,149 | 3861906 | INFO | queue[0033] trial 22 fold 2 physics
2026-03-28 05:20:53,149 | 3861906 | INFO | queue[0034] trial 22 fold 3 physics
2026-03-28 05:20:53,149 | 3861906 | INFO | queue[0035] trial 22 fold 4 physics
2026-03-28 05:20:53,150 | 3861906 | INFO | queue[0036] trial 23 fold 1 physics
2026-03-28 05:20:53,150 | 3861906 | INFO | queue[0037] trial 23 fold 2 physics
2026-03-28 05:20:53,150 | 3861906 | INFO | queue[0038] trial 23 fold 3 physics
2026-03-28 05:20:53,150 | 3861906 | INFO | queue[0039] trial 23 fold 4 physics
2026-03-28 05:20:53,150 | 3861906 | INFO | queue[0040] trial 24 fold 1 physics
2026-03-28 05:20:53,150 | 3861906 | INFO | queue[0041] trial 24 fold 2 physics
2026-03-28 05:20:53,151 | 3861906 | INFO | queue[0042] trial 24 fold 3 physics
2026-03-28 05:20:53,151 | 3861906 | INFO | queue[0043] trial 24 fold 4 physics
2026-03-28 05:20:53,151 | 3861906 | INFO | queue[0044] trial 25 fold 1 physics
2026-03-28 05:20:53,151 | 3861906 | INFO | queue[0045] trial 25 fold 2 physics
2026-03-28 05:20:53,151 | 3861906 | INFO | queue[0046] trial 25 fold 3 physics
2026-03-28 05:20:53,152 | 3861906 | INFO | queue[0047] trial 25 fold 4 physics
2026-03-28 05:20:53,152 | 3861906 | INFO | [END BAYES QUEUE]
2026-03-28 05:20:53,465 | 3861906 | INFO | [ENQUEUE TRIAL] trial 26 physics
2026-03-28 05:20:53,467 | 3861906 | INFO | [BAYES QUEUE STATE]
2026-03-28 05:20:53,468 | 3861906 | INFO | pending_jobs = 52
2026-03-28 05:20:53,468 | 3861906 | INFO | inflight_trials = [0, 1, 2, 4, 5, 6, 7, 8, 9, 10, 11, 12, 13, 14, 15, 16, 17, 18, 19, 20, 21, 22, 23, 24, 25]
2026-03-28 05:20:53,469 | 3861906 | INFO | queue[0000] trial 14 fold 1 physics
2026-03-28 05:20:53,469 | 3861906 | INFO | queue[0001] trial 14 fold 2 physics
2026-03-28 05:20:53,469 | 3861906 | INFO | queue[0002] trial 14 fold 3 physics
2026-03-28 05:20:53,470 | 3861906 | INFO | queue[0003] trial 14 fold 4 physics
2026-03-28 05:20:53,470 | 3861906 | INFO | queue[0004] trial 15 fold 1 physics
2026-03-28 05:20:53,470 | 3861906 | INFO | queue[0005] trial 15 fold 2 physics
2026-03-28 05:20:53,471 | 3861906 | INFO | queue[0006] trial 15 fold 3 physics
2026-03-28 05:20:53,471 | 3861906 | INFO | queue[0007] trial 15 fold 4 physics
2026-03-28 05:20:53,471 | 3861906 | INFO | queue[0008] trial 16 fold 1 physics
2026-03-28 05:20:53,472 | 3861906 | INFO | queue[0009] trial 16 fold 2 physics
2026-03-28 05:20:53,472 | 3861906 | INFO | queue[0010] trial 16 fold 3 physics
2026-03-28 05:20:53,472 | 3861906 | INFO | queue[0011] trial 16 fold 4 physics
2026-03-28 05:20:53,472 | 3861906 | INFO | queue[0012] trial 17 fold 1 physics
2026-03-28 05:20:53,473 | 3861906 | INFO | queue[0013] trial 17 fold 2 physics
2026-03-28 05:20:53,473 | 3861906 | INFO | queue[0014] trial 17 fold 3 physics
2026-03-28 05:20:53,473 | 3861906 | INFO | queue[0015] trial 17 fold 4 physics
2026-03-28 05:20:53,473 | 3861906 | INFO | queue[0016] trial 18 fold 1 physics
2026-03-28 05:20:53,473 | 3861906 | INFO | queue[0017] trial 18 fold 2 physics
2026-03-28 05:20:53,474 | 3861906 | INFO | queue[0018] trial 18 fold 3 physics
2026-03-28 05:20:53,474 | 3861906 | INFO | queue[0019] trial 18 fold 4 physics
2026-03-28 05:20:53,474 | 3861906 | INFO | queue[0020] trial 19 fold 1 physics
2026-03-28 05:20:53,474 | 3861906 | INFO | queue[0021] trial 19 fold 2 physics
2026-03-28 05:20:53,474 | 3861906 | INFO | queue[0022] trial 19 fold 3 physics
2026-03-28 05:20:53,475 | 3861906 | INFO | queue[0023] trial 19 fold 4 physics
2026-03-28 05:20:53,475 | 3861906 | INFO | queue[0024] trial 20 fold 1 physics
2026-03-28 05:20:53,475 | 3861906 | INFO | queue[0025] trial 20 fold 2 physics
2026-03-28 05:20:53,475 | 3861906 | INFO | queue[0026] trial 20 fold 3 physics
2026-03-28 05:20:53,476 | 3861906 | INFO | queue[0027] trial 20 fold 4 physics
2026-03-28 05:20:53,476 | 3861906 | INFO | queue[0028] trial 21 fold 1 physics
2026-03-28 05:20:53,476 | 3861906 | INFO | queue[0029] trial 21 fold 2 physics
2026-03-28 05:20:53,476 | 3861906 | INFO | queue[0030] trial 21 fold 3 physics
2026-03-28 05:20:53,476 | 3861906 | INFO | queue[0031] trial 21 fold 4 physics
2026-03-28 05:20:53,477 | 3861906 | INFO | queue[0032] trial 22 fold 1 physics
2026-03-28 05:20:53,477 | 3861906 | INFO | queue[0033] trial 22 fold 2 physics
2026-03-28 05:20:53,477 | 3861906 | INFO | queue[0034] trial 22 fold 3 physics
2026-03-28 05:20:53,477 | 3861906 | INFO | queue[0035] trial 22 fold 4 physics
2026-03-28 05:20:53,478 | 3861906 | INFO | queue[0036] trial 23 fold 1 physics
2026-03-28 05:20:53,478 | 3861906 | INFO | queue[0037] trial 23 fold 2 physics
2026-03-28 05:20:53,478 | 3861906 | INFO | queue[0038] trial 23 fold 3 physics
2026-03-28 05:20:53,478 | 3861906 | INFO | queue[0039] trial 23 fold 4 physics
2026-03-28 05:20:53,478 | 3861906 | INFO | queue[0040] trial 24 fold 1 physics
2026-03-28 05:20:53,479 | 3861906 | INFO | queue[0041] trial 24 fold 2 physics
2026-03-28 05:20:53,479 | 3861906 | INFO | queue[0042] trial 24 fold 3 physics
2026-03-28 05:20:53,479 | 3861906 | INFO | queue[0043] trial 24 fold 4 physics
2026-03-28 05:20:53,479 | 3861906 | INFO | queue[0044] trial 25 fold 1 physics
2026-03-28 05:20:53,479 | 3861906 | INFO | queue[0045] trial 25 fold 2 physics
2026-03-28 05:20:53,480 | 3861906 | INFO | queue[0046] trial 25 fold 3 physics
2026-03-28 05:20:53,480 | 3861906 | INFO | queue[0047] trial 25 fold 4 physics
2026-03-28 05:20:53,480 | 3861906 | INFO | queue[0048] trial 26 fold 1 physics
2026-03-28 05:20:53,480 | 3861906 | INFO | queue[0049] trial 26 fold 2 physics
2026-03-28 05:20:53,480 | 3861906 | INFO | queue[0050] trial 26 fold 3 physics
2026-03-28 05:20:53,480 | 3861906 | INFO | queue[0051] trial 26 fold 4 physics
2026-03-28 05:20:53,480 | 3861906 | INFO | [END BAYES QUEUE]
2026-03-28 05:20:53,486 | 3861906 | INFO | [RESUME] starting from trial 1
2026-03-28 05:21:40,199 | 3861906 | INFO | [RESUME] starting from trial 1
2026-03-28 05:22:07,002 | 3861906 | INFO | [TRIAL COMPLETE] trial 2 physics NSE_1D=0.78835 NSE_1H=0.71864
2026-03-28 05:22:07,309 | 3861906 | INFO | [ENQUEUE TRIAL] trial 27 physics
2026-03-28 05:22:07,309 | 3861906 | INFO | [BAYES QUEUE STATE]
2026-03-28 05:22:07,310 | 3861906 | INFO | pending_jobs = 43
2026-03-28 05:22:07,310 | 3861906 | INFO | inflight_trials = [0, 2, 4, 5, 6, 7, 8, 9, 10, 11, 12, 13, 14, 15, 16, 17, 18, 19, 20, 21, 22, 23, 24, 25, 26]
2026-03-28 05:22:07,311 | 3861906 | INFO | queue[0000] trial 17 fold 2 physics
2026-03-28 05:22:07,311 | 3861906 | INFO | queue[0001] trial 17 fold 3 physics
2026-03-28 05:22:07,311 | 3861906 | INFO | queue[0002] trial 17 fold 4 physics
2026-03-28 05:22:07,312 | 3861906 | INFO | queue[0003] trial 18 fold 1 physics
2026-03-28 05:22:07,312 | 3861906 | INFO | queue[0004] trial 18 fold 2 physics
2026-03-28 05:22:07,312 | 3861906 | INFO | queue[0005] trial 18 fold 3 physics
2026-03-28 05:22:07,312 | 3861906 | INFO | queue[0006] trial 18 fold 4 physics
2026-03-28 05:22:07,313 | 3861906 | INFO | queue[0007] trial 19 fold 1 physics
2026-03-28 05:22:07,313 | 3861906 | INFO | queue[0008] trial 19 fold 2 physics
2026-03-28 05:22:07,313 | 3861906 | INFO | queue[0009] trial 19 fold 3 physics
2026-03-28 05:22:07,314 | 3861906 | INFO | queue[0010] trial 19 fold 4 physics
2026-03-28 05:22:07,314 | 3861906 | INFO | queue[0011] trial 20 fold 1 physics
2026-03-28 05:22:07,314 | 3861906 | INFO | queue[0012] trial 20 fold 2 physics
2026-03-28 05:22:07,314 | 3861906 | INFO | queue[0013] trial 20 fold 3 physics
2026-03-28 05:22:07,315 | 3861906 | INFO | queue[0014] trial 20 fold 4 physics
2026-03-28 05:22:07,315 | 3861906 | INFO | queue[0015] trial 21 fold 1 physics
2026-03-28 05:22:07,315 | 3861906 | INFO | queue[0016] trial 21 fold 2 physics
2026-03-28 05:22:07,315 | 3861906 | INFO | queue[0017] trial 21 fold 3 physics
2026-03-28 05:22:07,316 | 3861906 | INFO | queue[0018] trial 21 fold 4 physics
2026-03-28 05:22:07,316 | 3861906 | INFO | queue[0019] trial 22 fold 1 physics
2026-03-28 05:22:07,316 | 3861906 | INFO | queue[0020] trial 22 fold 2 physics
2026-03-28 05:22:07,317 | 3861906 | INFO | queue[0021] trial 22 fold 3 physics
2026-03-28 05:22:07,317 | 3861906 | INFO | queue[0022] trial 22 fold 4 physics
2026-03-28 05:22:07,317 | 3861906 | INFO | queue[0023] trial 23 fold 1 physics
2026-03-28 05:22:07,317 | 3861906 | INFO | queue[0024] trial 23 fold 2 physics
2026-03-28 05:22:07,318 | 3861906 | INFO | queue[0025] trial 23 fold 3 physics
2026-03-28 05:22:07,318 | 3861906 | INFO | queue[0026] trial 23 fold 4 physics
2026-03-28 05:22:07,318 | 3861906 | INFO | queue[0027] trial 24 fold 1 physics
2026-03-28 05:22:07,318 | 3861906 | INFO | queue[0028] trial 24 fold 2 physics
2026-03-28 05:22:07,319 | 3861906 | INFO | queue[0029] trial 24 fold 3 physics
2026-03-28 05:22:07,319 | 3861906 | INFO | queue[0030] trial 24 fold 4 physics
2026-03-28 05:22:07,319 | 3861906 | INFO | queue[0031] trial 25 fold 1 physics
2026-03-28 05:22:07,319 | 3861906 | INFO | queue[0032] trial 25 fold 2 physics
2026-03-28 05:22:07,319 | 3861906 | INFO | queue[0033] trial 25 fold 3 physics
2026-03-28 05:22:07,319 | 3861906 | INFO | queue[0034] trial 25 fold 4 physics
2026-03-28 05:22:07,319 | 3861906 | INFO | queue[0035] trial 26 fold 1 physics
2026-03-28 05:22:07,320 | 3861906 | INFO | queue[0036] trial 26 fold 2 physics
2026-03-28 05:22:07,320 | 3861906 | INFO | queue[0037] trial 26 fold 3 physics
2026-03-28 05:22:07,320 | 3861906 | INFO | queue[0038] trial 26 fold 4 physics
2026-03-28 05:22:07,320 | 3861906 | INFO | queue[0039] trial 27 fold 1 physics
2026-03-28 05:22:07,320 | 3861906 | INFO | queue[0040] trial 27 fold 2 physics
2026-03-28 05:22:07,320 | 3861906 | INFO | queue[0041] trial 27 fold 3 physics
2026-03-28 05:22:07,320 | 3861906 | INFO | queue[0042] trial 27 fold 4 physics
2026-03-28 05:22:07,320 | 3861906 | INFO | [END BAYES QUEUE]
2026-03-28 05:22:07,627 | 3861906 | INFO | [ENQUEUE TRIAL] trial 28 physics
2026-03-28 05:22:07,628 | 3861906 | INFO | [BAYES QUEUE STATE]
2026-03-28 05:22:07,628 | 3861906 | INFO | pending_jobs = 47
2026-03-28 05:22:07,628 | 3861906 | INFO | inflight_trials = [0, 2, 4, 5, 6, 7, 8, 9, 10, 11, 12, 13, 14, 15, 16, 17, 18, 19, 20, 21, 22, 23, 24, 25, 26, 27]
2026-03-28 05:22:07,629 | 3861906 | INFO | queue[0000] trial 17 fold 2 physics
2026-03-28 05:22:07,629 | 3861906 | INFO | queue[0001] trial 17 fold 3 physics
2026-03-28 05:22:07,629 | 3861906 | INFO | queue[0002] trial 17 fold 4 physics
2026-03-28 05:22:07,630 | 3861906 | INFO | queue[0003] trial 18 fold 1 physics
2026-03-28 05:22:07,630 | 3861906 | INFO | queue[0004] trial 18 fold 2 physics
2026-03-28 05:22:07,630 | 3861906 | INFO | queue[0005] trial 18 fold 3 physics
2026-03-28 05:22:07,631 | 3861906 | INFO | queue[0006] trial 18 fold 4 physics
2026-03-28 05:22:07,631 | 3861906 | INFO | queue[0007] trial 19 fold 1 physics
2026-03-28 05:22:07,631 | 3861906 | INFO | queue[0008] trial 19 fold 2 physics
2026-03-28 05:22:07,631 | 3861906 | INFO | queue[0009] trial 19 fold 3 physics
2026-03-28 05:22:07,632 | 3861906 | INFO | queue[0010] trial 19 fold 4 physics
2026-03-28 05:22:07,632 | 3861906 | INFO | queue[0011] trial 20 fold 1 physics
2026-03-28 05:22:07,632 | 3861906 | INFO | queue[0012] trial 20 fold 2 physics
2026-03-28 05:22:07,632 | 3861906 | INFO | queue[0013] trial 20 fold 3 physics
2026-03-28 05:22:07,632 | 3861906 | INFO | queue[0014] trial 20 fold 4 physics
2026-03-28 05:22:07,633 | 3861906 | INFO | queue[0015] trial 21 fold 1 physics
2026-03-28 05:22:07,633 | 3861906 | INFO | queue[0016] trial 21 fold 2 physics
2026-03-28 05:22:07,633 | 3861906 | INFO | queue[0017] trial 21 fold 3 physics
2026-03-28 05:22:07,633 | 3861906 | INFO | queue[0018] trial 21 fold 4 physics
2026-03-28 05:22:07,633 | 3861906 | INFO | queue[0019] trial 22 fold 1 physics
2026-03-28 05:22:07,634 | 3861906 | INFO | queue[0020] trial 22 fold 2 physics
2026-03-28 05:22:07,634 | 3861906 | INFO | queue[0021] trial 22 fold 3 physics
2026-03-28 05:22:07,634 | 3861906 | INFO | queue[0022] trial 22 fold 4 physics
2026-03-28 05:22:07,634 | 3861906 | INFO | queue[0023] trial 23 fold 1 physics
2026-03-28 05:22:07,634 | 3861906 | INFO | queue[0024] trial 23 fold 2 physics
2026-03-28 05:22:07,635 | 3861906 | INFO | queue[0025] trial 23 fold 3 physics
2026-03-28 05:22:07,635 | 3861906 | INFO | queue[0026] trial 23 fold 4 physics
2026-03-28 05:22:07,635 | 3861906 | INFO | queue[0027] trial 24 fold 1 physics
2026-03-28 05:22:07,635 | 3861906 | INFO | queue[0028] trial 24 fold 2 physics
2026-03-28 05:22:07,635 | 3861906 | INFO | queue[0029] trial 24 fold 3 physics
2026-03-28 05:22:07,636 | 3861906 | INFO | queue[0030] trial 24 fold 4 physics
2026-03-28 05:22:07,636 | 3861906 | INFO | queue[0031] trial 25 fold 1 physics
2026-03-28 05:22:07,636 | 3861906 | INFO | queue[0032] trial 25 fold 2 physics
2026-03-28 05:22:07,636 | 3861906 | INFO | queue[0033] trial 25 fold 3 physics
2026-03-28 05:22:07,636 | 3861906 | INFO | queue[0034] trial 25 fold 4 physics
2026-03-28 05:22:07,637 | 3861906 | INFO | queue[0035] trial 26 fold 1 physics
2026-03-28 05:22:07,637 | 3861906 | INFO | queue[0036] trial 26 fold 2 physics
2026-03-28 05:22:07,637 | 3861906 | INFO | queue[0037] trial 26 fold 3 physics
2026-03-28 05:22:07,637 | 3861906 | INFO | queue[0038] trial 26 fold 4 physics
2026-03-28 05:22:07,637 | 3861906 | INFO | queue[0039] trial 27 fold 1 physics
2026-03-28 05:22:07,638 | 3861906 | INFO | queue[0040] trial 27 fold 2 physics
2026-03-28 05:22:07,638 | 3861906 | INFO | queue[0041] trial 27 fold 3 physics
2026-03-28 05:22:07,638 | 3861906 | INFO | queue[0042] trial 27 fold 4 physics
2026-03-28 05:22:07,638 | 3861906 | INFO | queue[0043] trial 28 fold 1 physics
2026-03-28 05:22:07,638 | 3861906 | INFO | queue[0044] trial 28 fold 2 physics
2026-03-28 05:22:07,639 | 3861906 | INFO | queue[0045] trial 28 fold 3 physics
2026-03-28 05:22:07,639 | 3861906 | INFO | queue[0046] trial 28 fold 4 physics
2026-03-28 05:22:07,639 | 3861906 | INFO | [END BAYES QUEUE]
2026-03-28 05:22:07,933 | 3861906 | INFO | [ENQUEUE TRIAL] trial 29 physics
2026-03-28 05:22:07,934 | 3861906 | INFO | [BAYES QUEUE STATE]
2026-03-28 05:22:07,938 | 3861906 | INFO | pending_jobs = 51
2026-03-28 05:22:07,941 | 3861906 | INFO | inflight_trials = [0, 2, 4, 5, 6, 7, 8, 9, 10, 11, 12, 13, 14, 15, 16, 17, 18, 19, 20, 21, 22, 23, 24, 25, 26, 27, 28]
2026-03-28 05:22:07,941 | 3861906 | INFO | queue[0000] trial 17 fold 2 physics
2026-03-28 05:22:07,941 | 3861906 | INFO | queue[0001] trial 17 fold 3 physics
2026-03-28 05:22:07,942 | 3861906 | INFO | queue[0002] trial 17 fold 4 physics
2026-03-28 05:22:07,942 | 3861906 | INFO | queue[0003] trial 18 fold 1 physics
2026-03-28 05:22:07,942 | 3861906 | INFO | queue[0004] trial 18 fold 2 physics
2026-03-28 05:22:07,942 | 3861906 | INFO | queue[0005] trial 18 fold 3 physics
2026-03-28 05:22:07,943 | 3861906 | INFO | queue[0006] trial 18 fold 4 physics
2026-03-28 05:22:07,943 | 3861906 | INFO | queue[0007] trial 19 fold 1 physics
2026-03-28 05:22:07,943 | 3861906 | INFO | queue[0008] trial 19 fold 2 physics
2026-03-28 05:22:07,944 | 3861906 | INFO | queue[0009] trial 19 fold 3 physics
2026-03-28 05:22:07,944 | 3861906 | INFO | queue[0010] trial 19 fold 4 physics
2026-03-28 05:22:07,944 | 3861906 | INFO | queue[0011] trial 20 fold 1 physics
2026-03-28 05:22:07,945 | 3861906 | INFO | queue[0012] trial 20 fold 2 physics
2026-03-28 05:22:07,945 | 3861906 | INFO | queue[0013] trial 20 fold 3 physics
2026-03-28 05:22:07,945 | 3861906 | INFO | queue[0014] trial 20 fold 4 physics
2026-03-28 05:22:07,945 | 3861906 | INFO | queue[0015] trial 21 fold 1 physics
2026-03-28 05:22:07,945 | 3861906 | INFO | queue[0016] trial 21 fold 2 physics
2026-03-28 05:22:07,946 | 3861906 | INFO | queue[0017] trial 21 fold 3 physics
2026-03-28 05:22:07,946 | 3861906 | INFO | queue[0018] trial 21 fold 4 physics
2026-03-28 05:22:07,946 | 3861906 | INFO | queue[0019] trial 22 fold 1 physics
2026-03-28 05:22:07,946 | 3861906 | INFO | queue[0020] trial 22 fold 2 physics
2026-03-28 05:22:07,946 | 3861906 | INFO | queue[0021] trial 22 fold 3 physics
2026-03-28 05:22:07,946 | 3861906 | INFO | queue[0022] trial 22 fold 4 physics
2026-03-28 05:22:07,947 | 3861906 | INFO | queue[0023] trial 23 fold 1 physics
2026-03-28 05:22:07,947 | 3861906 | INFO | queue[0024] trial 23 fold 2 physics
2026-03-28 05:22:07,947 | 3861906 | INFO | queue[0025] trial 23 fold 3 physics
2026-03-28 05:22:07,947 | 3861906 | INFO | queue[0026] trial 23 fold 4 physics
2026-03-28 05:22:07,947 | 3861906 | INFO | queue[0027] trial 24 fold 1 physics
2026-03-28 05:22:07,948 | 3861906 | INFO | queue[0028] trial 24 fold 2 physics
2026-03-28 05:22:07,948 | 3861906 | INFO | queue[0029] trial 24 fold 3 physics
2026-03-28 05:22:07,948 | 3861906 | INFO | queue[0030] trial 24 fold 4 physics
2026-03-28 05:22:07,948 | 3861906 | INFO | queue[0031] trial 25 fold 1 physics
2026-03-28 05:22:07,948 | 3861906 | INFO | queue[0032] trial 25 fold 2 physics
2026-03-28 05:22:07,948 | 3861906 | INFO | queue[0033] trial 25 fold 3 physics
2026-03-28 05:22:07,949 | 3861906 | INFO | queue[0034] trial 25 fold 4 physics
2026-03-28 05:22:07,949 | 3861906 | INFO | queue[0035] trial 26 fold 1 physics
2026-03-28 05:22:07,949 | 3861906 | INFO | queue[0036] trial 26 fold 2 physics
2026-03-28 05:22:07,949 | 3861906 | INFO | queue[0037] trial 26 fold 3 physics
2026-03-28 05:22:07,949 | 3861906 | INFO | queue[0038] trial 26 fold 4 physics
2026-03-28 05:22:07,950 | 3861906 | INFO | queue[0039] trial 27 fold 1 physics
2026-03-28 05:22:07,950 | 3861906 | INFO | queue[0040] trial 27 fold 2 physics
2026-03-28 05:22:07,950 | 3861906 | INFO | queue[0041] trial 27 fold 3 physics
2026-03-28 05:22:07,950 | 3861906 | INFO | queue[0042] trial 27 fold 4 physics
2026-03-28 05:22:07,950 | 3861906 | INFO | queue[0043] trial 28 fold 1 physics
2026-03-28 05:22:07,951 | 3861906 | INFO | queue[0044] trial 28 fold 2 physics
2026-03-28 05:22:07,951 | 3861906 | INFO | queue[0045] trial 28 fold 3 physics
2026-03-28 05:22:07,951 | 3861906 | INFO | queue[0046] trial 28 fold 4 physics
2026-03-28 05:22:07,951 | 3861906 | INFO | queue[0047] trial 29 fold 1 physics
2026-03-28 05:22:07,951 | 3861906 | INFO | queue[0048] trial 29 fold 2 physics
2026-03-28 05:22:07,952 | 3861906 | INFO | queue[0049] trial 29 fold 3 physics
2026-03-28 05:22:07,952 | 3861906 | INFO | queue[0050] trial 29 fold 4 physics
2026-03-28 05:22:07,952 | 3861906 | INFO | [END BAYES QUEUE]
2026-03-28 05:22:07,960 | 3861906 | INFO | [RESUME] starting from trial 2
2026-03-28 05:24:46,637 | 3861906 | INFO | [RESUME] starting from trial 2
2026-03-28 05:24:56,395 | 3861906 | INFO | [TRIAL COMPLETE] trial 13 physics NSE_1D=0.84218 NSE_1H=0.76850
2026-03-28 05:24:56,732 | 3861906 | INFO | [ENQUEUE TRIAL] trial 30 physics
2026-03-28 05:24:56,732 | 3861906 | INFO | [BAYES QUEUE STATE]
2026-03-28 05:24:56,733 | 3861906 | INFO | pending_jobs = 53
2026-03-28 05:24:56,733 | 3861906 | INFO | inflight_trials = [0, 2, 4, 5, 6, 7, 8, 9, 10, 11, 13, 14, 15, 16, 17, 18, 19, 20, 21, 22, 23, 24, 25, 26, 27, 28, 29]
2026-03-28 05:24:56,734 | 3861906 | INFO | queue[0000] trial 17 fold 4 physics
2026-03-28 05:24:56,734 | 3861906 | INFO | queue[0001] trial 18 fold 1 physics
2026-03-28 05:24:56,734 | 3861906 | INFO | queue[0002] trial 18 fold 2 physics
2026-03-28 05:24:56,734 | 3861906 | INFO | queue[0003] trial 18 fold 3 physics
2026-03-28 05:24:56,735 | 3861906 | INFO | queue[0004] trial 18 fold 4 physics
2026-03-28 05:24:56,735 | 3861906 | INFO | queue[0005] trial 19 fold 1 physics
2026-03-28 05:24:56,736 | 3861906 | INFO | queue[0006] trial 19 fold 2 physics
2026-03-28 05:24:56,736 | 3861906 | INFO | queue[0007] trial 19 fold 3 physics
2026-03-28 05:24:56,736 | 3861906 | INFO | queue[0008] trial 19 fold 4 physics
2026-03-28 05:24:56,737 | 3861906 | INFO | queue[0009] trial 20 fold 1 physics
2026-03-28 05:24:56,737 | 3861906 | INFO | queue[0010] trial 20 fold 2 physics
2026-03-28 05:24:56,737 | 3861906 | INFO | queue[0011] trial 20 fold 3 physics
2026-03-28 05:24:56,738 | 3861906 | INFO | queue[0012] trial 20 fold 4 physics
2026-03-28 05:24:56,738 | 3861906 | INFO | queue[0013] trial 21 fold 1 physics
2026-03-28 05:24:56,738 | 3861906 | INFO | queue[0014] trial 21 fold 2 physics
2026-03-28 05:24:56,739 | 3861906 | INFO | queue[0015] trial 21 fold 3 physics
2026-03-28 05:24:56,739 | 3861906 | INFO | queue[0016] trial 21 fold 4 physics
2026-03-28 05:24:56,739 | 3861906 | INFO | queue[0017] trial 22 fold 1 physics
2026-03-28 05:24:56,739 | 3861906 | INFO | queue[0018] trial 22 fold 2 physics
2026-03-28 05:24:56,739 | 3861906 | INFO | queue[0019] trial 22 fold 3 physics
2026-03-28 05:24:56,740 | 3861906 | INFO | queue[0020] trial 22 fold 4 physics
2026-03-28 05:24:56,740 | 3861906 | INFO | queue[0021] trial 23 fold 1 physics
2026-03-28 05:24:56,740 | 3861906 | INFO | queue[0022] trial 23 fold 2 physics
2026-03-28 05:24:56,740 | 3861906 | INFO | queue[0023] trial 23 fold 3 physics
2026-03-28 05:24:56,740 | 3861906 | INFO | queue[0024] trial 23 fold 4 physics
2026-03-28 05:24:56,740 | 3861906 | INFO | queue[0025] trial 24 fold 1 physics
2026-03-28 05:24:56,740 | 3861906 | INFO | queue[0026] trial 24 fold 2 physics
2026-03-28 05:24:56,740 | 3861906 | INFO | queue[0027] trial 24 fold 3 physics
2026-03-28 05:24:56,741 | 3861906 | INFO | queue[0028] trial 24 fold 4 physics
2026-03-28 05:24:56,741 | 3861906 | INFO | queue[0029] trial 25 fold 1 physics
2026-03-28 05:24:56,741 | 3861906 | INFO | queue[0030] trial 25 fold 2 physics
2026-03-28 05:24:56,741 | 3861906 | INFO | queue[0031] trial 25 fold 3 physics
2026-03-28 05:24:56,741 | 3861906 | INFO | queue[0032] trial 25 fold 4 physics
2026-03-28 05:24:56,741 | 3861906 | INFO | queue[0033] trial 26 fold 1 physics
2026-03-28 05:24:56,741 | 3861906 | INFO | queue[0034] trial 26 fold 2 physics
2026-03-28 05:24:56,741 | 3861906 | INFO | queue[0035] trial 26 fold 3 physics
2026-03-28 05:24:56,742 | 3861906 | INFO | queue[0036] trial 26 fold 4 physics
2026-03-28 05:24:56,742 | 3861906 | INFO | queue[0037] trial 27 fold 1 physics
2026-03-28 05:24:56,742 | 3861906 | INFO | queue[0038] trial 27 fold 2 physics
2026-03-28 05:24:56,742 | 3861906 | INFO | queue[0039] trial 27 fold 3 physics
2026-03-28 05:24:56,742 | 3861906 | INFO | queue[0040] trial 27 fold 4 physics
2026-03-28 05:24:56,742 | 3861906 | INFO | queue[0041] trial 28 fold 1 physics
2026-03-28 05:24:56,742 | 3861906 | INFO | queue[0042] trial 28 fold 2 physics
2026-03-28 05:24:56,743 | 3861906 | INFO | queue[0043] trial 28 fold 3 physics
2026-03-28 05:24:56,743 | 3861906 | INFO | queue[0044] trial 28 fold 4 physics
2026-03-28 05:24:56,743 | 3861906 | INFO | queue[0045] trial 29 fold 1 physics
2026-03-28 05:24:56,743 | 3861906 | INFO | queue[0046] trial 29 fold 2 physics
2026-03-28 05:24:56,743 | 3861906 | INFO | queue[0047] trial 29 fold 3 physics
2026-03-28 05:24:56,743 | 3861906 | INFO | queue[0048] trial 29 fold 4 physics
2026-03-28 05:24:56,743 | 3861906 | INFO | queue[0049] trial 30 fold 1 physics
2026-03-28 05:24:56,743 | 3861906 | INFO | queue[0050] trial 30 fold 2 physics
2026-03-28 05:24:56,744 | 3861906 | INFO | queue[0051] trial 30 fold 3 physics
2026-03-28 05:24:56,744 | 3861906 | INFO | queue[0052] trial 30 fold 4 physics
2026-03-28 05:24:56,744 | 3861906 | INFO | [END BAYES QUEUE]
2026-03-28 05:24:56,752 | 3861906 | INFO | [RESUME] starting from trial 3
2026-03-28 05:25:18,722 | 3861906 | INFO | [RESUME] starting from trial 3
2026-03-28 05:25:36,584 | 3861906 | INFO | [RESUME] starting from trial 3
2026-03-28 05:26:09,011 | 3861906 | INFO | [RESUME] starting from trial 3
2026-03-28 05:26:42,516 | 3861906 | INFO | [RESUME] starting from trial 3
2026-03-28 05:27:08,496 | 3861906 | INFO | [RESUME] starting from trial 3
2026-03-28 05:27:23,672 | 3861906 | INFO | [RESUME] starting from trial 3
2026-03-28 05:28:24,325 | 3861906 | INFO | [RESUME] starting from trial 3
2026-03-28 05:28:33,873 | 3861906 | INFO | [RESUME] starting from trial 3
2026-03-28 05:28:58,563 | 3861906 | INFO | [RESUME] starting from trial 3
2026-03-28 05:30:13,161 | 3861906 | INFO | [RESUME] starting from trial 3
2026-03-28 05:30:18,922 | 3861906 | INFO | [TRIAL COMPLETE] trial 6 physics NSE_1D=0.83630 NSE_1H=0.78260
2026-03-28 05:30:19,216 | 3861906 | INFO | [ENQUEUE TRIAL] trial 31 physics
2026-03-28 05:30:19,217 | 3861906 | INFO | [BAYES QUEUE STATE]
2026-03-28 05:30:19,217 | 3861906 | INFO | pending_jobs = 46
2026-03-28 05:30:19,217 | 3861906 | INFO | inflight_trials = [0, 2, 4, 6, 7, 8, 9, 10, 11, 13, 14, 15, 16, 17, 18, 19, 20, 21, 22, 23, 24, 25, 26, 27, 28, 29, 30]
2026-03-28 05:30:19,217 | 3861906 | INFO | queue[0000] trial 20 fold 3 physics
2026-03-28 05:30:19,217 | 3861906 | INFO | queue[0001] trial 20 fold 4 physics
2026-03-28 05:30:19,217 | 3861906 | INFO | queue[0002] trial 21 fold 1 physics
2026-03-28 05:30:19,217 | 3861906 | INFO | queue[0003] trial 21 fold 2 physics
2026-03-28 05:30:19,217 | 3861906 | INFO | queue[0004] trial 21 fold 3 physics
2026-03-28 05:30:19,218 | 3861906 | INFO | queue[0005] trial 21 fold 4 physics
2026-03-28 05:30:19,218 | 3861906 | INFO | queue[0006] trial 22 fold 1 physics
2026-03-28 05:30:19,218 | 3861906 | INFO | queue[0007] trial 22 fold 2 physics
2026-03-28 05:30:19,218 | 3861906 | INFO | queue[0008] trial 22 fold 3 physics
2026-03-28 05:30:19,218 | 3861906 | INFO | queue[0009] trial 22 fold 4 physics
2026-03-28 05:30:19,218 | 3861906 | INFO | queue[0010] trial 23 fold 1 physics
2026-03-28 05:30:19,218 | 3861906 | INFO | queue[0011] trial 23 fold 2 physics
2026-03-28 05:30:19,218 | 3861906 | INFO | queue[0012] trial 23 fold 3 physics
2026-03-28 05:30:19,218 | 3861906 | INFO | queue[0013] trial 23 fold 4 physics
2026-03-28 05:30:19,219 | 3861906 | INFO | queue[0014] trial 24 fold 1 physics
2026-03-28 05:30:19,219 | 3861906 | INFO | queue[0015] trial 24 fold 2 physics
2026-03-28 05:30:19,219 | 3861906 | INFO | queue[0016] trial 24 fold 3 physics
2026-03-28 05:30:19,219 | 3861906 | INFO | queue[0017] trial 24 fold 4 physics
2026-03-28 05:30:19,219 | 3861906 | INFO | queue[0018] trial 25 fold 1 physics
2026-03-28 05:30:19,219 | 3861906 | INFO | queue[0019] trial 25 fold 2 physics
2026-03-28 05:30:19,219 | 3861906 | INFO | queue[0020] trial 25 fold 3 physics
2026-03-28 05:30:19,219 | 3861906 | INFO | queue[0021] trial 25 fold 4 physics
2026-03-28 05:30:19,219 | 3861906 | INFO | queue[0022] trial 26 fold 1 physics
2026-03-28 05:30:19,220 | 3861906 | INFO | queue[0023] trial 26 fold 2 physics
2026-03-28 05:30:19,220 | 3861906 | INFO | queue[0024] trial 26 fold 3 physics
2026-03-28 05:30:19,220 | 3861906 | INFO | queue[0025] trial 26 fold 4 physics
2026-03-28 05:30:19,220 | 3861906 | INFO | queue[0026] trial 27 fold 1 physics
2026-03-28 05:30:19,220 | 3861906 | INFO | queue[0027] trial 27 fold 2 physics
2026-03-28 05:30:19,220 | 3861906 | INFO | queue[0028] trial 27 fold 3 physics
2026-03-28 05:30:19,220 | 3861906 | INFO | queue[0029] trial 27 fold 4 physics
2026-03-28 05:30:19,220 | 3861906 | INFO | queue[0030] trial 28 fold 1 physics
2026-03-28 05:30:19,220 | 3861906 | INFO | queue[0031] trial 28 fold 2 physics
2026-03-28 05:30:19,221 | 3861906 | INFO | queue[0032] trial 28 fold 3 physics
2026-03-28 05:30:19,221 | 3861906 | INFO | queue[0033] trial 28 fold 4 physics
2026-03-28 05:30:19,221 | 3861906 | INFO | queue[0034] trial 29 fold 1 physics
2026-03-28 05:30:19,221 | 3861906 | INFO | queue[0035] trial 29 fold 2 physics
2026-03-28 05:30:19,221 | 3861906 | INFO | queue[0036] trial 29 fold 3 physics
2026-03-28 05:30:19,221 | 3861906 | INFO | queue[0037] trial 29 fold 4 physics
2026-03-28 05:30:19,221 | 3861906 | INFO | queue[0038] trial 30 fold 1 physics
2026-03-28 05:30:19,221 | 3861906 | INFO | queue[0039] trial 30 fold 2 physics
2026-03-28 05:30:19,221 | 3861906 | INFO | queue[0040] trial 30 fold 3 physics
2026-03-28 05:30:19,221 | 3861906 | INFO | queue[0041] trial 30 fold 4 physics
2026-03-28 05:30:19,222 | 3861906 | INFO | queue[0042] trial 31 fold 1 physics
2026-03-28 05:30:19,222 | 3861906 | INFO | queue[0043] trial 31 fold 2 physics
2026-03-28 05:30:19,222 | 3861906 | INFO | queue[0044] trial 31 fold 3 physics
2026-03-28 05:30:19,222 | 3861906 | INFO | queue[0045] trial 31 fold 4 physics
2026-03-28 05:30:19,222 | 3861906 | INFO | [END BAYES QUEUE]
2026-03-28 05:30:19,520 | 3861906 | INFO | [ENQUEUE TRIAL] trial 32 physics
2026-03-28 05:30:19,521 | 3861906 | INFO | [BAYES QUEUE STATE]
2026-03-28 05:30:19,521 | 3861906 | INFO | pending_jobs = 50
2026-03-28 05:30:19,521 | 3861906 | INFO | inflight_trials = [0, 2, 4, 6, 7, 8, 9, 10, 11, 13, 14, 15, 16, 17, 18, 19, 20, 21, 22, 23, 24, 25, 26, 27, 28, 29, 30, 31]
2026-03-28 05:30:19,522 | 3861906 | INFO | queue[0000] trial 20 fold 3 physics
2026-03-28 05:30:19,522 | 3861906 | INFO | queue[0001] trial 20 fold 4 physics
2026-03-28 05:30:19,522 | 3861906 | INFO | queue[0002] trial 21 fold 1 physics
2026-03-28 05:30:19,523 | 3861906 | INFO | queue[0003] trial 21 fold 2 physics
2026-03-28 05:30:19,523 | 3861906 | INFO | queue[0004] trial 21 fold 3 physics
2026-03-28 05:30:19,523 | 3861906 | INFO | queue[0005] trial 21 fold 4 physics
2026-03-28 05:30:19,524 | 3861906 | INFO | queue[0006] trial 22 fold 1 physics
2026-03-28 05:30:19,524 | 3861906 | INFO | queue[0007] trial 22 fold 2 physics
2026-03-28 05:30:19,524 | 3861906 | INFO | queue[0008] trial 22 fold 3 physics
2026-03-28 05:30:19,525 | 3861906 | INFO | queue[0009] trial 22 fold 4 physics
2026-03-28 05:30:19,525 | 3861906 | INFO | queue[0010] trial 23 fold 1 physics
2026-03-28 05:30:19,525 | 3861906 | INFO | queue[0011] trial 23 fold 2 physics
2026-03-28 05:30:19,526 | 3861906 | INFO | queue[0012] trial 23 fold 3 physics
2026-03-28 05:30:19,526 | 3861906 | INFO | queue[0013] trial 23 fold 4 physics
2026-03-28 05:30:19,526 | 3861906 | INFO | queue[0014] trial 24 fold 1 physics
2026-03-28 05:30:19,527 | 3861906 | INFO | queue[0015] trial 24 fold 2 physics
2026-03-28 05:30:19,527 | 3861906 | INFO | queue[0016] trial 24 fold 3 physics
2026-03-28 05:30:19,527 | 3861906 | INFO | queue[0017] trial 24 fold 4 physics
2026-03-28 05:30:19,527 | 3861906 | INFO | queue[0018] trial 25 fold 1 physics
2026-03-28 05:30:19,527 | 3861906 | INFO | queue[0019] trial 25 fold 2 physics
2026-03-28 05:30:19,527 | 3861906 | INFO | queue[0020] trial 25 fold 3 physics
2026-03-28 05:30:19,527 | 3861906 | INFO | queue[0021] trial 25 fold 4 physics
2026-03-28 05:30:19,528 | 3861906 | INFO | queue[0022] trial 26 fold 1 physics
2026-03-28 05:30:19,528 | 3861906 | INFO | queue[0023] trial 26 fold 2 physics
2026-03-28 05:30:19,528 | 3861906 | INFO | queue[0024] trial 26 fold 3 physics
2026-03-28 05:30:19,528 | 3861906 | INFO | queue[0025] trial 26 fold 4 physics
2026-03-28 05:30:19,528 | 3861906 | INFO | queue[0026] trial 27 fold 1 physics
2026-03-28 05:30:19,528 | 3861906 | INFO | queue[0027] trial 27 fold 2 physics
2026-03-28 05:30:19,529 | 3861906 | INFO | queue[0028] trial 27 fold 3 physics
2026-03-28 05:30:19,529 | 3861906 | INFO | queue[0029] trial 27 fold 4 physics
2026-03-28 05:30:19,529 | 3861906 | INFO | queue[0030] trial 28 fold 1 physics
2026-03-28 05:30:19,529 | 3861906 | INFO | queue[0031] trial 28 fold 2 physics
2026-03-28 05:30:19,529 | 3861906 | INFO | queue[0032] trial 28 fold 3 physics
2026-03-28 05:30:19,529 | 3861906 | INFO | queue[0033] trial 28 fold 4 physics
2026-03-28 05:30:19,529 | 3861906 | INFO | queue[0034] trial 29 fold 1 physics
2026-03-28 05:30:19,530 | 3861906 | INFO | queue[0035] trial 29 fold 2 physics
2026-03-28 05:30:19,530 | 3861906 | INFO | queue[0036] trial 29 fold 3 physics
2026-03-28 05:30:19,530 | 3861906 | INFO | queue[0037] trial 29 fold 4 physics
2026-03-28 05:30:19,530 | 3861906 | INFO | queue[0038] trial 30 fold 1 physics
2026-03-28 05:30:19,530 | 3861906 | INFO | queue[0039] trial 30 fold 2 physics
2026-03-28 05:30:19,530 | 3861906 | INFO | queue[0040] trial 30 fold 3 physics
2026-03-28 05:30:19,531 | 3861906 | INFO | queue[0041] trial 30 fold 4 physics
2026-03-28 05:30:19,531 | 3861906 | INFO | queue[0042] trial 31 fold 1 physics
2026-03-28 05:30:19,531 | 3861906 | INFO | queue[0043] trial 31 fold 2 physics
2026-03-28 05:30:19,531 | 3861906 | INFO | queue[0044] trial 31 fold 3 physics
2026-03-28 05:30:19,531 | 3861906 | INFO | queue[0045] trial 31 fold 4 physics
2026-03-28 05:30:19,531 | 3861906 | INFO | queue[0046] trial 32 fold 1 physics
2026-03-28 05:30:19,531 | 3861906 | INFO | queue[0047] trial 32 fold 2 physics
2026-03-28 05:30:19,532 | 3861906 | INFO | queue[0048] trial 32 fold 3 physics
2026-03-28 05:30:19,532 | 3861906 | INFO | queue[0049] trial 32 fold 4 physics
2026-03-28 05:30:19,532 | 3861906 | INFO | [END BAYES QUEUE]
2026-03-28 05:30:19,840 | 3861906 | INFO | [ENQUEUE TRIAL] trial 33 physics
2026-03-28 05:30:19,841 | 3861906 | INFO | [BAYES QUEUE STATE]
2026-03-28 05:30:19,841 | 3861906 | INFO | pending_jobs = 54
2026-03-28 05:30:19,842 | 3861906 | INFO | inflight_trials = [0, 2, 4, 6, 7, 8, 9, 10, 11, 13, 14, 15, 16, 17, 18, 19, 20, 21, 22, 23, 24, 25, 26, 27, 28, 29, 30, 31, 32]
2026-03-28 05:30:19,842 | 3861906 | INFO | queue[0000] trial 20 fold 3 physics
2026-03-28 05:30:19,842 | 3861906 | INFO | queue[0001] trial 20 fold 4 physics
2026-03-28 05:30:19,845 | 3861906 | INFO | queue[0002] trial 21 fold 1 physics
2026-03-28 05:30:19,845 | 3861906 | INFO | queue[0003] trial 21 fold 2 physics
2026-03-28 05:30:19,846 | 3861906 | INFO | queue[0004] trial 21 fold 3 physics
2026-03-28 05:30:19,846 | 3861906 | INFO | queue[0005] trial 21 fold 4 physics
2026-03-28 05:30:19,846 | 3861906 | INFO | queue[0006] trial 22 fold 1 physics
2026-03-28 05:30:19,847 | 3861906 | INFO | queue[0007] trial 22 fold 2 physics
2026-03-28 05:30:19,847 | 3861906 | INFO | queue[0008] trial 22 fold 3 physics
2026-03-28 05:30:19,847 | 3861906 | INFO | queue[0009] trial 22 fold 4 physics
2026-03-28 05:30:19,847 | 3861906 | INFO | queue[0010] trial 23 fold 1 physics
2026-03-28 05:30:19,848 | 3861906 | INFO | queue[0011] trial 23 fold 2 physics
2026-03-28 05:30:19,848 | 3861906 | INFO | queue[0012] trial 23 fold 3 physics
2026-03-28 05:30:19,848 | 3861906 | INFO | queue[0013] trial 23 fold 4 physics
2026-03-28 05:30:19,849 | 3861906 | INFO | queue[0014] trial 24 fold 1 physics
2026-03-28 05:30:19,849 | 3861906 | INFO | queue[0015] trial 24 fold 2 physics
2026-03-28 05:30:19,849 | 3861906 | INFO | queue[0016] trial 24 fold 3 physics
2026-03-28 05:30:19,849 | 3861906 | INFO | queue[0017] trial 24 fold 4 physics
2026-03-28 05:30:19,850 | 3861906 | INFO | queue[0018] trial 25 fold 1 physics
2026-03-28 05:30:19,850 | 3861906 | INFO | queue[0019] trial 25 fold 2 physics
2026-03-28 05:30:19,850 | 3861906 | INFO | queue[0020] trial 25 fold 3 physics
2026-03-28 05:30:19,851 | 3861906 | INFO | queue[0021] trial 25 fold 4 physics
2026-03-28 05:30:19,851 | 3861906 | INFO | queue[0022] trial 26 fold 1 physics
2026-03-28 05:30:19,851 | 3861906 | INFO | queue[0023] trial 26 fold 2 physics
2026-03-28 05:30:19,851 | 3861906 | INFO | queue[0024] trial 26 fold 3 physics
2026-03-28 05:30:19,852 | 3861906 | INFO | queue[0025] trial 26 fold 4 physics
2026-03-28 05:30:19,852 | 3861906 | INFO | queue[0026] trial 27 fold 1 physics
2026-03-28 05:30:19,852 | 3861906 | INFO | queue[0027] trial 27 fold 2 physics
2026-03-28 05:30:19,852 | 3861906 | INFO | queue[0028] trial 27 fold 3 physics
2026-03-28 05:30:19,852 | 3861906 | INFO | queue[0029] trial 27 fold 4 physics
2026-03-28 05:30:19,852 | 3861906 | INFO | queue[0030] trial 28 fold 1 physics
2026-03-28 05:30:19,853 | 3861906 | INFO | queue[0031] trial 28 fold 2 physics
2026-03-28 05:30:19,853 | 3861906 | INFO | queue[0032] trial 28 fold 3 physics
2026-03-28 05:30:19,853 | 3861906 | INFO | queue[0033] trial 28 fold 4 physics
2026-03-28 05:30:19,853 | 3861906 | INFO | queue[0034] trial 29 fold 1 physics
2026-03-28 05:30:19,853 | 3861906 | INFO | queue[0035] trial 29 fold 2 physics
2026-03-28 05:30:19,853 | 3861906 | INFO | queue[0036] trial 29 fold 3 physics
2026-03-28 05:30:19,853 | 3861906 | INFO | queue[0037] trial 29 fold 4 physics
2026-03-28 05:30:19,854 | 3861906 | INFO | queue[0038] trial 30 fold 1 physics
2026-03-28 05:30:19,854 | 3861906 | INFO | queue[0039] trial 30 fold 2 physics
2026-03-28 05:30:19,854 | 3861906 | INFO | queue[0040] trial 30 fold 3 physics
2026-03-28 05:30:19,854 | 3861906 | INFO | queue[0041] trial 30 fold 4 physics
2026-03-28 05:30:19,854 | 3861906 | INFO | queue[0042] trial 31 fold 1 physics
2026-03-28 05:30:19,854 | 3861906 | INFO | queue[0043] trial 31 fold 2 physics
2026-03-28 05:30:19,854 | 3861906 | INFO | queue[0044] trial 31 fold 3 physics
2026-03-28 05:30:19,855 | 3861906 | INFO | queue[0045] trial 31 fold 4 physics
2026-03-28 05:30:19,855 | 3861906 | INFO | queue[0046] trial 32 fold 1 physics
2026-03-28 05:30:19,855 | 3861906 | INFO | queue[0047] trial 32 fold 2 physics
2026-03-28 05:30:19,855 | 3861906 | INFO | queue[0048] trial 32 fold 3 physics
2026-03-28 05:30:19,855 | 3861906 | INFO | queue[0049] trial 32 fold 4 physics
2026-03-28 05:30:19,855 | 3861906 | INFO | queue[0050] trial 33 fold 1 physics
2026-03-28 05:30:19,856 | 3861906 | INFO | queue[0051] trial 33 fold 2 physics
2026-03-28 05:30:19,856 | 3861906 | INFO | queue[0052] trial 33 fold 3 physics
2026-03-28 05:30:19,856 | 3861906 | INFO | queue[0053] trial 33 fold 4 physics
2026-03-28 05:30:19,856 | 3861906 | INFO | [END BAYES QUEUE]
2026-03-28 05:30:19,864 | 3861906 | INFO | [RESUME] starting from trial 4
2026-03-28 05:31:29,340 | 3861906 | INFO | [RESUME] starting from trial 4
2026-03-28 05:31:34,295 | 3861906 | INFO | [TRIAL COMPLETE] trial 5 physics NSE_1D=0.85911 NSE_1H=0.79808
2026-03-28 05:31:34,310 | 3861906 | INFO | [RESUME] starting from trial 5
2026-03-28 05:31:40,342 | 3861906 | INFO | [RESUME] starting from trial 5
2026-03-28 05:32:46,012 | 3861906 | INFO | [RESUME] starting from trial 5
2026-03-28 05:33:07,184 | 3861906 | INFO | [RESUME] starting from trial 5
2026-03-28 05:34:24,284 | 3861906 | INFO | [RESUME] starting from trial 5
2026-03-28 05:35:43,181 | 3861906 | INFO | [RESUME] starting from trial 5
2026-03-28 05:36:04,651 | 3861906 | INFO | [RESUME] starting from trial 5
2026-03-28 05:36:32,140 | 3861906 | INFO | [RESUME] starting from trial 5
2026-03-28 05:37:41,926 | 3861906 | INFO | [RESUME] starting from trial 5
2026-03-28 05:37:45,879 | 3861906 | INFO | [RESUME] starting from trial 5
2026-03-28 05:37:58,843 | 3861906 | INFO | [RESUME] starting from trial 5
2026-03-28 05:38:06,837 | 3861906 | INFO | [TRIAL COMPLETE] trial 16 physics NSE_1D=0.84996 NSE_1H=0.76683
2026-03-28 05:38:07,131 | 3861906 | INFO | [ENQUEUE TRIAL] trial 34 physics
2026-03-28 05:38:07,132 | 3861906 | INFO | [BAYES QUEUE STATE]
2026-03-28 05:38:07,132 | 3861906 | INFO | pending_jobs = 45
2026-03-28 05:38:07,132 | 3861906 | INFO | inflight_trials = [0, 2, 6, 7, 8, 9, 10, 11, 13, 14, 16, 17, 18, 19, 20, 21, 22, 23, 24, 25, 26, 27, 28, 29, 30, 31, 32, 33]
2026-03-28 05:38:07,133 | 3861906 | INFO | queue[0000] trial 23 fold 4 physics
2026-03-28 05:38:07,133 | 3861906 | INFO | queue[0001] trial 24 fold 1 physics
2026-03-28 05:38:07,133 | 3861906 | INFO | queue[0002] trial 24 fold 2 physics
2026-03-28 05:38:07,134 | 3861906 | INFO | queue[0003] trial 24 fold 3 physics
2026-03-28 05:38:07,134 | 3861906 | INFO | queue[0004] trial 24 fold 4 physics
2026-03-28 05:38:07,134 | 3861906 | INFO | queue[0005] trial 25 fold 1 physics
2026-03-28 05:38:07,135 | 3861906 | INFO | queue[0006] trial 25 fold 2 physics
2026-03-28 05:38:07,135 | 3861906 | INFO | queue[0007] trial 25 fold 3 physics
2026-03-28 05:38:07,135 | 3861906 | INFO | queue[0008] trial 25 fold 4 physics
2026-03-28 05:38:07,136 | 3861906 | INFO | queue[0009] trial 26 fold 1 physics
2026-03-28 05:38:07,136 | 3861906 | INFO | queue[0010] trial 26 fold 2 physics
2026-03-28 05:38:07,136 | 3861906 | INFO | queue[0011] trial 26 fold 3 physics
2026-03-28 05:38:07,137 | 3861906 | INFO | queue[0012] trial 26 fold 4 physics
2026-03-28 05:38:07,137 | 3861906 | INFO | queue[0013] trial 27 fold 1 physics
2026-03-28 05:38:07,137 | 3861906 | INFO | queue[0014] trial 27 fold 2 physics
2026-03-28 05:38:07,138 | 3861906 | INFO | queue[0015] trial 27 fold 3 physics
2026-03-28 05:38:07,138 | 3861906 | INFO | queue[0016] trial 27 fold 4 physics
2026-03-28 05:38:07,138 | 3861906 | INFO | queue[0017] trial 28 fold 1 physics
2026-03-28 05:38:07,138 | 3861906 | INFO | queue[0018] trial 28 fold 2 physics
2026-03-28 05:38:07,138 | 3861906 | INFO | queue[0019] trial 28 fold 3 physics
2026-03-28 05:38:07,139 | 3861906 | INFO | queue[0020] trial 28 fold 4 physics
2026-03-28 05:38:07,139 | 3861906 | INFO | queue[0021] trial 29 fold 1 physics
2026-03-28 05:38:07,139 | 3861906 | INFO | queue[0022] trial 29 fold 2 physics
2026-03-28 05:38:07,139 | 3861906 | INFO | queue[0023] trial 29 fold 3 physics
2026-03-28 05:38:07,139 | 3861906 | INFO | queue[0024] trial 29 fold 4 physics
2026-03-28 05:38:07,139 | 3861906 | INFO | queue[0025] trial 30 fold 1 physics
2026-03-28 05:38:07,139 | 3861906 | INFO | queue[0026] trial 30 fold 2 physics
2026-03-28 05:38:07,140 | 3861906 | INFO | queue[0027] trial 30 fold 3 physics
2026-03-28 05:38:07,140 | 3861906 | INFO | queue[0028] trial 30 fold 4 physics
2026-03-28 05:38:07,140 | 3861906 | INFO | queue[0029] trial 31 fold 1 physics
2026-03-28 05:38:07,140 | 3861906 | INFO | queue[0030] trial 31 fold 2 physics
2026-03-28 05:38:07,140 | 3861906 | INFO | queue[0031] trial 31 fold 3 physics
2026-03-28 05:38:07,140 | 3861906 | INFO | queue[0032] trial 31 fold 4 physics
2026-03-28 05:38:07,140 | 3861906 | INFO | queue[0033] trial 32 fold 1 physics
2026-03-28 05:38:07,141 | 3861906 | INFO | queue[0034] trial 32 fold 2 physics
2026-03-28 05:38:07,141 | 3861906 | INFO | queue[0035] trial 32 fold 3 physics
2026-03-28 05:38:07,141 | 3861906 | INFO | queue[0036] trial 32 fold 4 physics
2026-03-28 05:38:07,141 | 3861906 | INFO | queue[0037] trial 33 fold 1 physics
2026-03-28 05:38:07,141 | 3861906 | INFO | queue[0038] trial 33 fold 2 physics
2026-03-28 05:38:07,141 | 3861906 | INFO | queue[0039] trial 33 fold 3 physics
2026-03-28 05:38:07,141 | 3861906 | INFO | queue[0040] trial 33 fold 4 physics
2026-03-28 05:38:07,142 | 3861906 | INFO | queue[0041] trial 34 fold 1 physics
2026-03-28 05:38:07,142 | 3861906 | INFO | queue[0042] trial 34 fold 2 physics
2026-03-28 05:38:07,142 | 3861906 | INFO | queue[0043] trial 34 fold 3 physics
2026-03-28 05:38:07,142 | 3861906 | INFO | queue[0044] trial 34 fold 4 physics
2026-03-28 05:38:07,142 | 3861906 | INFO | [END BAYES QUEUE]
2026-03-28 05:38:07,419 | 3861906 | INFO | [ENQUEUE TRIAL] trial 35 physics
2026-03-28 05:38:07,420 | 3861906 | INFO | [BAYES QUEUE STATE]
2026-03-28 05:38:07,420 | 3861906 | INFO | pending_jobs = 49
2026-03-28 05:38:07,420 | 3861906 | INFO | inflight_trials = [0, 2, 6, 7, 8, 9, 10, 11, 13, 14, 16, 17, 18, 19, 20, 21, 22, 23, 24, 25, 26, 27, 28, 29, 30, 31, 32, 33, 34]
2026-03-28 05:38:07,421 | 3861906 | INFO | queue[0000] trial 23 fold 4 physics
2026-03-28 05:38:07,421 | 3861906 | INFO | queue[0001] trial 24 fold 1 physics
2026-03-28 05:38:07,421 | 3861906 | INFO | queue[0002] trial 24 fold 2 physics
2026-03-28 05:38:07,422 | 3861906 | INFO | queue[0003] trial 24 fold 3 physics
2026-03-28 05:38:07,422 | 3861906 | INFO | queue[0004] trial 24 fold 4 physics
2026-03-28 05:38:07,422 | 3861906 | INFO | queue[0005] trial 25 fold 1 physics
2026-03-28 05:38:07,423 | 3861906 | INFO | queue[0006] trial 25 fold 2 physics
2026-03-28 05:38:07,423 | 3861906 | INFO | queue[0007] trial 25 fold 3 physics
2026-03-28 05:38:07,423 | 3861906 | INFO | queue[0008] trial 25 fold 4 physics
2026-03-28 05:38:07,424 | 3861906 | INFO | queue[0009] trial 26 fold 1 physics
2026-03-28 05:38:07,424 | 3861906 | INFO | queue[0010] trial 26 fold 2 physics
2026-03-28 05:38:07,424 | 3861906 | INFO | queue[0011] trial 26 fold 3 physics
2026-03-28 05:38:07,425 | 3861906 | INFO | queue[0012] trial 26 fold 4 physics
2026-03-28 05:38:07,425 | 3861906 | INFO | queue[0013] trial 27 fold 1 physics
2026-03-28 05:38:07,425 | 3861906 | INFO | queue[0014] trial 27 fold 2 physics
2026-03-28 05:38:07,426 | 3861906 | INFO | queue[0015] trial 27 fold 3 physics
2026-03-28 05:38:07,426 | 3861906 | INFO | queue[0016] trial 27 fold 4 physics
2026-03-28 05:38:07,426 | 3861906 | INFO | queue[0017] trial 28 fold 1 physics
2026-03-28 05:38:07,427 | 3861906 | INFO | queue[0018] trial 28 fold 2 physics
2026-03-28 05:38:07,427 | 3861906 | INFO | queue[0019] trial 28 fold 3 physics
2026-03-28 05:38:07,427 | 3861906 | INFO | queue[0020] trial 28 fold 4 physics
2026-03-28 05:38:07,428 | 3861906 | INFO | queue[0021] trial 29 fold 1 physics
2026-03-28 05:38:07,428 | 3861906 | INFO | queue[0022] trial 29 fold 2 physics
2026-03-28 05:38:07,428 | 3861906 | INFO | queue[0023] trial 29 fold 3 physics
2026-03-28 05:38:07,428 | 3861906 | INFO | queue[0024] trial 29 fold 4 physics
2026-03-28 05:38:07,428 | 3861906 | INFO | queue[0025] trial 30 fold 1 physics
2026-03-28 05:38:07,428 | 3861906 | INFO | queue[0026] trial 30 fold 2 physics
2026-03-28 05:38:07,428 | 3861906 | INFO | queue[0027] trial 30 fold 3 physics
2026-03-28 05:38:07,429 | 3861906 | INFO | queue[0028] trial 30 fold 4 physics
2026-03-28 05:38:07,429 | 3861906 | INFO | queue[0029] trial 31 fold 1 physics
2026-03-28 05:38:07,429 | 3861906 | INFO | queue[0030] trial 31 fold 2 physics
2026-03-28 05:38:07,429 | 3861906 | INFO | queue[0031] trial 31 fold 3 physics
2026-03-28 05:38:07,429 | 3861906 | INFO | queue[0032] trial 31 fold 4 physics
2026-03-28 05:38:07,429 | 3861906 | INFO | queue[0033] trial 32 fold 1 physics
2026-03-28 05:38:07,429 | 3861906 | INFO | queue[0034] trial 32 fold 2 physics
2026-03-28 05:38:07,430 | 3861906 | INFO | queue[0035] trial 32 fold 3 physics
2026-03-28 05:38:07,430 | 3861906 | INFO | queue[0036] trial 32 fold 4 physics
2026-03-28 05:38:07,430 | 3861906 | INFO | queue[0037] trial 33 fold 1 physics
2026-03-28 05:38:07,430 | 3861906 | INFO | queue[0038] trial 33 fold 2 physics
2026-03-28 05:38:07,430 | 3861906 | INFO | queue[0039] trial 33 fold 3 physics
2026-03-28 05:38:07,430 | 3861906 | INFO | queue[0040] trial 33 fold 4 physics
2026-03-28 05:38:07,430 | 3861906 | INFO | queue[0041] trial 34 fold 1 physics
2026-03-28 05:38:07,431 | 3861906 | INFO | queue[0042] trial 34 fold 2 physics
2026-03-28 05:38:07,431 | 3861906 | INFO | queue[0043] trial 34 fold 3 physics
2026-03-28 05:38:07,431 | 3861906 | INFO | queue[0044] trial 34 fold 4 physics
2026-03-28 05:38:07,431 | 3861906 | INFO | queue[0045] trial 35 fold 1 physics
2026-03-28 05:38:07,431 | 3861906 | INFO | queue[0046] trial 35 fold 2 physics
2026-03-28 05:38:07,431 | 3861906 | INFO | queue[0047] trial 35 fold 3 physics
2026-03-28 05:38:07,431 | 3861906 | INFO | queue[0048] trial 35 fold 4 physics
2026-03-28 05:38:07,431 | 3861906 | INFO | [END BAYES QUEUE]
2026-03-28 05:38:07,736 | 3861906 | INFO | [ENQUEUE TRIAL] trial 36 physics
2026-03-28 05:38:07,737 | 3861906 | INFO | [BAYES QUEUE STATE]
2026-03-28 05:38:07,737 | 3861906 | INFO | pending_jobs = 53
2026-03-28 05:38:07,737 | 3861906 | INFO | inflight_trials = [0, 2, 6, 7, 8, 9, 10, 11, 13, 14, 16, 17, 18, 19, 20, 21, 22, 23, 24, 25, 26, 27, 28, 29, 30, 31, 32, 33, 34, 35]
2026-03-28 05:38:07,738 | 3861906 | INFO | queue[0000] trial 23 fold 4 physics
2026-03-28 05:38:07,738 | 3861906 | INFO | queue[0001] trial 24 fold 1 physics
2026-03-28 05:38:07,738 | 3861906 | INFO | queue[0002] trial 24 fold 2 physics
2026-03-28 05:38:07,739 | 3861906 | INFO | queue[0003] trial 24 fold 3 physics
2026-03-28 05:38:07,739 | 3861906 | INFO | queue[0004] trial 24 fold 4 physics
2026-03-28 05:38:07,739 | 3861906 | INFO | queue[0005] trial 25 fold 1 physics
2026-03-28 05:38:07,739 | 3861906 | INFO | queue[0006] trial 25 fold 2 physics
2026-03-28 05:38:07,740 | 3861906 | INFO | queue[0007] trial 25 fold 3 physics
2026-03-28 05:38:07,740 | 3861906 | INFO | queue[0008] trial 25 fold 4 physics
2026-03-28 05:38:07,741 | 3861906 | INFO | queue[0009] trial 26 fold 1 physics
2026-03-28 05:38:07,741 | 3861906 | INFO | queue[0010] trial 26 fold 2 physics
2026-03-28 05:38:07,741 | 3861906 | INFO | queue[0011] trial 26 fold 3 physics
2026-03-28 05:38:07,741 | 3861906 | INFO | queue[0012] trial 26 fold 4 physics
2026-03-28 05:38:07,742 | 3861906 | INFO | queue[0013] trial 27 fold 1 physics
2026-03-28 05:38:07,742 | 3861906 | INFO | queue[0014] trial 27 fold 2 physics
2026-03-28 05:38:07,742 | 3861906 | INFO | queue[0015] trial 27 fold 3 physics
2026-03-28 05:38:07,743 | 3861906 | INFO | queue[0016] trial 27 fold 4 physics
2026-03-28 05:38:07,743 | 3861906 | INFO | queue[0017] trial 28 fold 1 physics
2026-03-28 05:38:07,743 | 3861906 | INFO | queue[0018] trial 28 fold 2 physics
2026-03-28 05:38:07,743 | 3861906 | INFO | queue[0019] trial 28 fold 3 physics
2026-03-28 05:38:07,743 | 3861906 | INFO | queue[0020] trial 28 fold 4 physics
2026-03-28 05:38:07,743 | 3861906 | INFO | queue[0021] trial 29 fold 1 physics
2026-03-28 05:38:07,744 | 3861906 | INFO | queue[0022] trial 29 fold 2 physics
2026-03-28 05:38:07,744 | 3861906 | INFO | queue[0023] trial 29 fold 3 physics
2026-03-28 05:38:07,744 | 3861906 | INFO | queue[0024] trial 29 fold 4 physics
2026-03-28 05:38:07,744 | 3861906 | INFO | queue[0025] trial 30 fold 1 physics
2026-03-28 05:38:07,744 | 3861906 | INFO | queue[0026] trial 30 fold 2 physics
2026-03-28 05:38:07,744 | 3861906 | INFO | queue[0027] trial 30 fold 3 physics
2026-03-28 05:38:07,744 | 3861906 | INFO | queue[0028] trial 30 fold 4 physics
2026-03-28 05:38:07,745 | 3861906 | INFO | queue[0029] trial 31 fold 1 physics
2026-03-28 05:38:07,745 | 3861906 | INFO | queue[0030] trial 31 fold 2 physics
2026-03-28 05:38:07,745 | 3861906 | INFO | queue[0031] trial 31 fold 3 physics
2026-03-28 05:38:07,745 | 3861906 | INFO | queue[0032] trial 31 fold 4 physics
2026-03-28 05:38:07,745 | 3861906 | INFO | queue[0033] trial 32 fold 1 physics
2026-03-28 05:38:07,745 | 3861906 | INFO | queue[0034] trial 32 fold 2 physics
2026-03-28 05:38:07,745 | 3861906 | INFO | queue[0035] trial 32 fold 3 physics
2026-03-28 05:38:07,746 | 3861906 | INFO | queue[0036] trial 32 fold 4 physics
2026-03-28 05:38:07,746 | 3861906 | INFO | queue[0037] trial 33 fold 1 physics
2026-03-28 05:38:07,746 | 3861906 | INFO | queue[0038] trial 33 fold 2 physics
2026-03-28 05:38:07,746 | 3861906 | INFO | queue[0039] trial 33 fold 3 physics
2026-03-28 05:38:07,746 | 3861906 | INFO | queue[0040] trial 33 fold 4 physics
2026-03-28 05:38:07,746 | 3861906 | INFO | queue[0041] trial 34 fold 1 physics
2026-03-28 05:38:07,746 | 3861906 | INFO | queue[0042] trial 34 fold 2 physics
2026-03-28 05:38:07,747 | 3861906 | INFO | queue[0043] trial 34 fold 3 physics
2026-03-28 05:38:07,747 | 3861906 | INFO | queue[0044] trial 34 fold 4 physics
2026-03-28 05:38:07,747 | 3861906 | INFO | queue[0045] trial 35 fold 1 physics
2026-03-28 05:38:07,747 | 3861906 | INFO | queue[0046] trial 35 fold 2 physics
2026-03-28 05:38:07,747 | 3861906 | INFO | queue[0047] trial 35 fold 3 physics
2026-03-28 05:38:07,747 | 3861906 | INFO | queue[0048] trial 35 fold 4 physics
2026-03-28 05:38:07,747 | 3861906 | INFO | queue[0049] trial 36 fold 1 physics
2026-03-28 05:38:07,748 | 3861906 | INFO | queue[0050] trial 36 fold 2 physics
2026-03-28 05:38:07,748 | 3861906 | INFO | queue[0051] trial 36 fold 3 physics
2026-03-28 05:38:07,748 | 3861906 | INFO | queue[0052] trial 36 fold 4 physics
2026-03-28 05:38:07,748 | 3861906 | INFO | [END BAYES QUEUE]
2026-03-28 05:38:07,760 | 3861906 | INFO | [RESUME] starting from trial 6
2026-03-28 05:38:38,277 | 3861906 | INFO | [TRIAL COMPLETE] trial 14 physics NSE_1D=0.82713 NSE_1H=0.72435
2026-03-28 05:38:38,296 | 3861906 | INFO | [RESUME] starting from trial 7
2026-03-28 05:38:40,453 | 3861906 | INFO | [TRIAL COMPLETE] trial 3 physics NSE_1D=0.78768 NSE_1H=0.73854
2026-03-28 05:38:40,467 | 3861906 | INFO | [RESUME] starting from trial 8
2026-03-28 05:39:02,735 | 3861906 | INFO | [RESUME] starting from trial 8
2026-03-28 05:41:29,810 | 3861906 | INFO | [RESUME] starting from trial 8
2026-03-28 05:41:44,183 | 3861906 | INFO | [TRIAL COMPLETE] trial 18 physics NSE_1D=0.84748 NSE_1H=0.81399
2026-03-28 05:41:44,502 | 3861906 | INFO | [ENQUEUE TRIAL] trial 37 physics
2026-03-28 05:41:44,503 | 3861906 | INFO | [BAYES QUEUE STATE]
2026-03-28 05:41:44,503 | 3861906 | INFO | pending_jobs = 52
2026-03-28 05:41:44,503 | 3861906 | INFO | inflight_trials = [0, 6, 7, 8, 9, 10, 11, 14, 16, 18, 19, 20, 21, 22, 23, 24, 25, 26, 27, 28, 29, 30, 31, 32, 33, 34, 35, 36]
2026-03-28 05:41:44,504 | 3861906 | INFO | queue[0000] trial 25 fold 1 physics
2026-03-28 05:41:44,504 | 3861906 | INFO | queue[0001] trial 25 fold 2 physics
2026-03-28 05:41:44,504 | 3861906 | INFO | queue[0002] trial 25 fold 3 physics
2026-03-28 05:41:44,505 | 3861906 | INFO | queue[0003] trial 25 fold 4 physics
2026-03-28 05:41:44,505 | 3861906 | INFO | queue[0004] trial 26 fold 1 physics
2026-03-28 05:41:44,505 | 3861906 | INFO | queue[0005] trial 26 fold 2 physics
2026-03-28 05:41:44,506 | 3861906 | INFO | queue[0006] trial 26 fold 3 physics
2026-03-28 05:41:44,506 | 3861906 | INFO | queue[0007] trial 26 fold 4 physics
2026-03-28 05:41:44,506 | 3861906 | INFO | queue[0008] trial 27 fold 1 physics
2026-03-28 05:41:44,507 | 3861906 | INFO | queue[0009] trial 27 fold 2 physics
2026-03-28 05:41:44,507 | 3861906 | INFO | queue[0010] trial 27 fold 3 physics
2026-03-28 05:41:44,507 | 3861906 | INFO | queue[0011] trial 27 fold 4 physics
2026-03-28 05:41:44,508 | 3861906 | INFO | queue[0012] trial 28 fold 1 physics
2026-03-28 05:41:44,508 | 3861906 | INFO | queue[0013] trial 28 fold 2 physics
2026-03-28 05:41:44,508 | 3861906 | INFO | queue[0014] trial 28 fold 3 physics
2026-03-28 05:41:44,509 | 3861906 | INFO | queue[0015] trial 28 fold 4 physics
2026-03-28 05:41:44,509 | 3861906 | INFO | queue[0016] trial 29 fold 1 physics
2026-03-28 05:41:44,510 | 3861906 | INFO | queue[0017] trial 29 fold 2 physics
2026-03-28 05:41:44,510 | 3861906 | INFO | queue[0018] trial 29 fold 3 physics
2026-03-28 05:41:44,510 | 3861906 | INFO | queue[0019] trial 29 fold 4 physics
2026-03-28 05:41:44,510 | 3861906 | INFO | queue[0020] trial 30 fold 1 physics
2026-03-28 05:41:44,510 | 3861906 | INFO | queue[0021] trial 30 fold 2 physics
2026-03-28 05:41:44,510 | 3861906 | INFO | queue[0022] trial 30 fold 3 physics
2026-03-28 05:41:44,510 | 3861906 | INFO | queue[0023] trial 30 fold 4 physics
2026-03-28 05:41:44,510 | 3861906 | INFO | queue[0024] trial 31 fold 1 physics
2026-03-28 05:41:44,511 | 3861906 | INFO | queue[0025] trial 31 fold 2 physics
2026-03-28 05:41:44,511 | 3861906 | INFO | queue[0026] trial 31 fold 3 physics
2026-03-28 05:41:44,511 | 3861906 | INFO | queue[0027] trial 31 fold 4 physics
2026-03-28 05:41:44,511 | 3861906 | INFO | queue[0028] trial 32 fold 1 physics
2026-03-28 05:41:44,512 | 3861906 | INFO | queue[0029] trial 32 fold 2 physics
2026-03-28 05:41:44,512 | 3861906 | INFO | queue[0030] trial 32 fold 3 physics
2026-03-28 05:41:44,512 | 3861906 | INFO | queue[0031] trial 32 fold 4 physics
2026-03-28 05:41:44,512 | 3861906 | INFO | queue[0032] trial 33 fold 1 physics
2026-03-28 05:41:44,512 | 3861906 | INFO | queue[0033] trial 33 fold 2 physics
2026-03-28 05:41:44,512 | 3861906 | INFO | queue[0034] trial 33 fold 3 physics
2026-03-28 05:41:44,512 | 3861906 | INFO | queue[0035] trial 33 fold 4 physics
2026-03-28 05:41:44,513 | 3861906 | INFO | queue[0036] trial 34 fold 1 physics
2026-03-28 05:41:44,513 | 3861906 | INFO | queue[0037] trial 34 fold 2 physics
2026-03-28 05:41:44,513 | 3861906 | INFO | queue[0038] trial 34 fold 3 physics
2026-03-28 05:41:44,513 | 3861906 | INFO | queue[0039] trial 34 fold 4 physics
2026-03-28 05:41:44,513 | 3861906 | INFO | queue[0040] trial 35 fold 1 physics
2026-03-28 05:41:44,513 | 3861906 | INFO | queue[0041] trial 35 fold 2 physics
2026-03-28 05:41:44,513 | 3861906 | INFO | queue[0042] trial 35 fold 3 physics
2026-03-28 05:41:44,514 | 3861906 | INFO | queue[0043] trial 35 fold 4 physics
2026-03-28 05:41:44,514 | 3861906 | INFO | queue[0044] trial 36 fold 1 physics
2026-03-28 05:41:44,514 | 3861906 | INFO | queue[0045] trial 36 fold 2 physics
2026-03-28 05:41:44,514 | 3861906 | INFO | queue[0046] trial 36 fold 3 physics
2026-03-28 05:41:44,514 | 3861906 | INFO | queue[0047] trial 36 fold 4 physics
2026-03-28 05:41:44,514 | 3861906 | INFO | queue[0048] trial 37 fold 1 physics
2026-03-28 05:41:44,514 | 3861906 | INFO | queue[0049] trial 37 fold 2 physics
2026-03-28 05:41:44,515 | 3861906 | INFO | queue[0050] trial 37 fold 3 physics
2026-03-28 05:41:44,515 | 3861906 | INFO | queue[0051] trial 37 fold 4 physics
2026-03-28 05:41:44,515 | 3861906 | INFO | [END BAYES QUEUE]
2026-03-28 05:41:44,524 | 3861906 | INFO | [RESUME] starting from trial 9
2026-03-28 05:42:12,107 | 3861906 | INFO | [RESUME] starting from trial 9
2026-03-28 05:42:46,108 | 3861906 | INFO | [RESUME] starting from trial 9
2026-03-28 05:45:40,953 | 3861906 | INFO | [TRIAL COMPLETE] trial 8 physics NSE_1D=0.86593 NSE_1H=0.79971
2026-03-28 05:45:41,252 | 3861906 | INFO | [ENQUEUE TRIAL] trial 38 physics
2026-03-28 05:45:41,253 | 3861906 | INFO | [BAYES QUEUE STATE]
2026-03-28 05:45:41,253 | 3861906 | INFO | pending_jobs = 53
2026-03-28 05:45:41,254 | 3861906 | INFO | inflight_trials = [0, 6, 8, 9, 10, 11, 14, 16, 18, 19, 20, 21, 22, 23, 24, 25, 26, 27, 28, 29, 30, 31, 32, 33, 34, 35, 36, 37]
2026-03-28 05:45:41,254 | 3861906 | INFO | queue[0000] trial 25 fold 4 physics
2026-03-28 05:45:41,254 | 3861906 | INFO | queue[0001] trial 26 fold 1 physics
2026-03-28 05:45:41,255 | 3861906 | INFO | queue[0002] trial 26 fold 2 physics
2026-03-28 05:45:41,255 | 3861906 | INFO | queue[0003] trial 26 fold 3 physics
2026-03-28 05:45:41,255 | 3861906 | INFO | queue[0004] trial 26 fold 4 physics
2026-03-28 05:45:41,255 | 3861906 | INFO | queue[0005] trial 27 fold 1 physics
2026-03-28 05:45:41,255 | 3861906 | INFO | queue[0006] trial 27 fold 2 physics
2026-03-28 05:45:41,256 | 3861906 | INFO | queue[0007] trial 27 fold 3 physics
2026-03-28 05:45:41,256 | 3861906 | INFO | queue[0008] trial 27 fold 4 physics
2026-03-28 05:45:41,256 | 3861906 | INFO | queue[0009] trial 28 fold 1 physics
2026-03-28 05:45:41,256 | 3861906 | INFO | queue[0010] trial 28 fold 2 physics
2026-03-28 05:45:41,257 | 3861906 | INFO | queue[0011] trial 28 fold 3 physics
2026-03-28 05:45:41,257 | 3861906 | INFO | queue[0012] trial 28 fold 4 physics
2026-03-28 05:45:41,257 | 3861906 | INFO | queue[0013] trial 29 fold 1 physics
2026-03-28 05:45:41,257 | 3861906 | INFO | queue[0014] trial 29 fold 2 physics
2026-03-28 05:45:41,258 | 3861906 | INFO | queue[0015] trial 29 fold 3 physics
2026-03-28 05:45:41,258 | 3861906 | INFO | queue[0016] trial 29 fold 4 physics
2026-03-28 05:45:41,258 | 3861906 | INFO | queue[0017] trial 30 fold 1 physics
2026-03-28 05:45:41,258 | 3861906 | INFO | queue[0018] trial 30 fold 2 physics
2026-03-28 05:45:41,259 | 3861906 | INFO | queue[0019] trial 30 fold 3 physics
2026-03-28 05:45:41,259 | 3861906 | INFO | queue[0020] trial 30 fold 4 physics
2026-03-28 05:45:41,259 | 3861906 | INFO | queue[0021] trial 31 fold 1 physics
2026-03-28 05:45:41,259 | 3861906 | INFO | queue[0022] trial 31 fold 2 physics
2026-03-28 05:45:41,259 | 3861906 | INFO | queue[0023] trial 31 fold 3 physics
2026-03-28 05:45:41,260 | 3861906 | INFO | queue[0024] trial 31 fold 4 physics
2026-03-28 05:45:41,260 | 3861906 | INFO | queue[0025] trial 32 fold 1 physics
2026-03-28 05:45:41,260 | 3861906 | INFO | queue[0026] trial 32 fold 2 physics
2026-03-28 05:45:41,261 | 3861906 | INFO | queue[0027] trial 32 fold 3 physics
2026-03-28 05:45:41,261 | 3861906 | INFO | queue[0028] trial 32 fold 4 physics
2026-03-28 05:45:41,261 | 3861906 | INFO | queue[0029] trial 33 fold 1 physics
2026-03-28 05:45:41,261 | 3861906 | INFO | queue[0030] trial 33 fold 2 physics
2026-03-28 05:45:41,261 | 3861906 | INFO | queue[0031] trial 33 fold 3 physics
2026-03-28 05:45:41,262 | 3861906 | INFO | queue[0032] trial 33 fold 4 physics
2026-03-28 05:45:41,262 | 3861906 | INFO | queue[0033] trial 34 fold 1 physics
2026-03-28 05:45:41,262 | 3861906 | INFO | queue[0034] trial 34 fold 2 physics
2026-03-28 05:45:41,262 | 3861906 | INFO | queue[0035] trial 34 fold 3 physics
2026-03-28 05:45:41,262 | 3861906 | INFO | queue[0036] trial 34 fold 4 physics
2026-03-28 05:45:41,262 | 3861906 | INFO | queue[0037] trial 35 fold 1 physics
2026-03-28 05:45:41,262 | 3861906 | INFO | queue[0038] trial 35 fold 2 physics
2026-03-28 05:45:41,262 | 3861906 | INFO | queue[0039] trial 35 fold 3 physics
2026-03-28 05:45:41,263 | 3861906 | INFO | queue[0040] trial 35 fold 4 physics
2026-03-28 05:45:41,263 | 3861906 | INFO | queue[0041] trial 36 fold 1 physics
2026-03-28 05:45:41,263 | 3861906 | INFO | queue[0042] trial 36 fold 2 physics
2026-03-28 05:45:41,263 | 3861906 | INFO | queue[0043] trial 36 fold 3 physics
2026-03-28 05:45:41,263 | 3861906 | INFO | queue[0044] trial 36 fold 4 physics
2026-03-28 05:45:41,263 | 3861906 | INFO | queue[0045] trial 37 fold 1 physics
2026-03-28 05:45:41,263 | 3861906 | INFO | queue[0046] trial 37 fold 2 physics
2026-03-28 05:45:41,263 | 3861906 | INFO | queue[0047] trial 37 fold 3 physics
2026-03-28 05:45:41,263 | 3861906 | INFO | queue[0048] trial 37 fold 4 physics
2026-03-28 05:45:41,264 | 3861906 | INFO | queue[0049] trial 38 fold 1 physics
2026-03-28 05:45:41,264 | 3861906 | INFO | queue[0050] trial 38 fold 2 physics
2026-03-28 05:45:41,264 | 3861906 | INFO | queue[0051] trial 38 fold 3 physics
2026-03-28 05:45:41,264 | 3861906 | INFO | queue[0052] trial 38 fold 4 physics
2026-03-28 05:45:41,264 | 3861906 | INFO | [END BAYES QUEUE]
2026-03-28 05:45:41,271 | 3861906 | INFO | [RESUME] starting from trial 10
2026-03-28 05:47:37,377 | 3861906 | INFO | [RESUME] starting from trial 10
2026-03-28 05:47:57,854 | 3861906 | INFO | [RESUME] starting from trial 10
2026-03-28 05:48:08,525 | 3861906 | INFO | [RESUME] starting from trial 10
2026-03-28 05:48:53,864 | 3861906 | INFO | [RESUME] starting from trial 10
2026-03-28 05:51:13,902 | 3861906 | INFO | [RESUME] starting from trial 10
2026-03-28 05:53:25,639 | 3861906 | INFO | [RESUME] starting from trial 10
2026-03-28 05:54:05,051 | 3861906 | INFO | [RESUME] starting from trial 10
2026-03-28 05:54:50,175 | 3861906 | INFO | [RESUME] starting from trial 10
2026-03-28 05:54:50,293 | 3861906 | INFO | [RESUME] starting from trial 10
2026-03-28 05:55:57,163 | 3861906 | INFO | [RESUME] starting from trial 10
2026-03-28 05:56:12,021 | 3861906 | INFO | [RESUME] starting from trial 10
2026-03-28 05:58:40,390 | 3861906 | INFO | [RESUME] starting from trial 10
2026-03-28 05:58:59,763 | 3861906 | INFO | [RESUME] starting from trial 10
2026-03-28 05:59:06,925 | 3861906 | INFO | [RESUME] starting from trial 10
2026-03-28 05:59:34,313 | 3861906 | INFO | [RESUME] starting from trial 10
2026-03-28 05:59:52,717 | 3861906 | INFO | [TRIAL COMPLETE] trial 21 physics NSE_1D=0.78821 NSE_1H=0.73305
2026-03-28 05:59:53,037 | 3861906 | INFO | [ENQUEUE TRIAL] trial 39 physics
2026-03-28 05:59:53,038 | 3861906 | INFO | [BAYES QUEUE STATE]
2026-03-28 05:59:53,038 | 3861906 | INFO | pending_jobs = 41
2026-03-28 05:59:53,039 | 3861906 | INFO | inflight_trials = [0, 6, 8, 9, 10, 11, 14, 16, 18, 19, 21, 22, 23, 24, 25, 26, 27, 28, 29, 30, 31, 32, 33, 34, 35, 36, 37, 38]
2026-03-28 05:59:53,039 | 3861906 | INFO | queue[0000] trial 29 fold 4 physics
2026-03-28 05:59:53,039 | 3861906 | INFO | queue[0001] trial 30 fold 1 physics
2026-03-28 05:59:53,040 | 3861906 | INFO | queue[0002] trial 30 fold 2 physics
2026-03-28 05:59:53,040 | 3861906 | INFO | queue[0003] trial 30 fold 3 physics
2026-03-28 05:59:53,040 | 3861906 | INFO | queue[0004] trial 30 fold 4 physics
2026-03-28 05:59:53,041 | 3861906 | INFO | queue[0005] trial 31 fold 1 physics
2026-03-28 05:59:53,041 | 3861906 | INFO | queue[0006] trial 31 fold 2 physics
2026-03-28 05:59:53,042 | 3861906 | INFO | queue[0007] trial 31 fold 3 physics
2026-03-28 05:59:53,042 | 3861906 | INFO | queue[0008] trial 31 fold 4 physics
2026-03-28 05:59:53,042 | 3861906 | INFO | queue[0009] trial 32 fold 1 physics
2026-03-28 05:59:53,043 | 3861906 | INFO | queue[0010] trial 32 fold 2 physics
2026-03-28 05:59:53,043 | 3861906 | INFO | queue[0011] trial 32 fold 3 physics
2026-03-28 05:59:53,043 | 3861906 | INFO | queue[0012] trial 32 fold 4 physics
2026-03-28 05:59:53,043 | 3861906 | INFO | queue[0013] trial 33 fold 1 physics
2026-03-28 05:59:53,043 | 3861906 | INFO | queue[0014] trial 33 fold 2 physics
2026-03-28 05:59:53,044 | 3861906 | INFO | queue[0015] trial 33 fold 3 physics
2026-03-28 05:59:53,044 | 3861906 | INFO | queue[0016] trial 33 fold 4 physics
2026-03-28 05:59:53,044 | 3861906 | INFO | queue[0017] trial 34 fold 1 physics
2026-03-28 05:59:53,044 | 3861906 | INFO | queue[0018] trial 34 fold 2 physics
2026-03-28 05:59:53,044 | 3861906 | INFO | queue[0019] trial 34 fold 3 physics
2026-03-28 05:59:53,044 | 3861906 | INFO | queue[0020] trial 34 fold 4 physics
2026-03-28 05:59:53,045 | 3861906 | INFO | queue[0021] trial 35 fold 1 physics
2026-03-28 05:59:53,045 | 3861906 | INFO | queue[0022] trial 35 fold 2 physics
2026-03-28 05:59:53,045 | 3861906 | INFO | queue[0023] trial 35 fold 3 physics
2026-03-28 05:59:53,045 | 3861906 | INFO | queue[0024] trial 35 fold 4 physics
2026-03-28 05:59:53,045 | 3861906 | INFO | queue[0025] trial 36 fold 1 physics
2026-03-28 05:59:53,046 | 3861906 | INFO | queue[0026] trial 36 fold 2 physics
2026-03-28 05:59:53,046 | 3861906 | INFO | queue[0027] trial 36 fold 3 physics
2026-03-28 05:59:53,046 | 3861906 | INFO | queue[0028] trial 36 fold 4 physics
2026-03-28 05:59:53,046 | 3861906 | INFO | queue[0029] trial 37 fold 1 physics
2026-03-28 05:59:53,046 | 3861906 | INFO | queue[0030] trial 37 fold 2 physics
2026-03-28 05:59:53,047 | 3861906 | INFO | queue[0031] trial 37 fold 3 physics
2026-03-28 05:59:53,047 | 3861906 | INFO | queue[0032] trial 37 fold 4 physics
2026-03-28 05:59:53,047 | 3861906 | INFO | queue[0033] trial 38 fold 1 physics
2026-03-28 05:59:53,047 | 3861906 | INFO | queue[0034] trial 38 fold 2 physics
2026-03-28 05:59:53,047 | 3861906 | INFO | queue[0035] trial 38 fold 3 physics
2026-03-28 05:59:53,047 | 3861906 | INFO | queue[0036] trial 38 fold 4 physics
2026-03-28 05:59:53,048 | 3861906 | INFO | queue[0037] trial 39 fold 1 physics
2026-03-28 05:59:53,048 | 3861906 | INFO | queue[0038] trial 39 fold 2 physics
2026-03-28 05:59:53,048 | 3861906 | INFO | queue[0039] trial 39 fold 3 physics
2026-03-28 05:59:53,048 | 3861906 | INFO | queue[0040] trial 39 fold 4 physics
2026-03-28 05:59:53,048 | 3861906 | INFO | [END BAYES QUEUE]
2026-03-28 05:59:53,353 | 3861906 | INFO | [ENQUEUE TRIAL] trial 40 physics
2026-03-28 05:59:53,354 | 3861906 | INFO | [BAYES QUEUE STATE]
2026-03-28 05:59:53,354 | 3861906 | INFO | pending_jobs = 45
2026-03-28 05:59:53,354 | 3861906 | INFO | inflight_trials = [0, 6, 8, 9, 10, 11, 14, 16, 18, 19, 21, 22, 23, 24, 25, 26, 27, 28, 29, 30, 31, 32, 33, 34, 35, 36, 37, 38, 39]
2026-03-28 05:59:53,354 | 3861906 | INFO | queue[0000] trial 29 fold 4 physics
2026-03-28 05:59:53,354 | 3861906 | INFO | queue[0001] trial 30 fold 1 physics
2026-03-28 05:59:53,354 | 3861906 | INFO | queue[0002] trial 30 fold 2 physics
2026-03-28 05:59:53,355 | 3861906 | INFO | queue[0003] trial 30 fold 3 physics
2026-03-28 05:59:53,355 | 3861906 | INFO | queue[0004] trial 30 fold 4 physics
2026-03-28 05:59:53,355 | 3861906 | INFO | queue[0005] trial 31 fold 1 physics
2026-03-28 05:59:53,355 | 3861906 | INFO | queue[0006] trial 31 fold 2 physics
2026-03-28 05:59:53,355 | 3861906 | INFO | queue[0007] trial 31 fold 3 physics
2026-03-28 05:59:53,355 | 3861906 | INFO | queue[0008] trial 31 fold 4 physics
2026-03-28 05:59:53,355 | 3861906 | INFO | queue[0009] trial 32 fold 1 physics
2026-03-28 05:59:53,355 | 3861906 | INFO | queue[0010] trial 32 fold 2 physics
2026-03-28 05:59:53,355 | 3861906 | INFO | queue[0011] trial 32 fold 3 physics
2026-03-28 05:59:53,356 | 3861906 | INFO | queue[0012] trial 32 fold 4 physics
2026-03-28 05:59:53,356 | 3861906 | INFO | queue[0013] trial 33 fold 1 physics
2026-03-28 05:59:53,356 | 3861906 | INFO | queue[0014] trial 33 fold 2 physics
2026-03-28 05:59:53,356 | 3861906 | INFO | queue[0015] trial 33 fold 3 physics
2026-03-28 05:59:53,356 | 3861906 | INFO | queue[0016] trial 33 fold 4 physics
2026-03-28 05:59:53,356 | 3861906 | INFO | queue[0017] trial 34 fold 1 physics
2026-03-28 05:59:53,356 | 3861906 | INFO | queue[0018] trial 34 fold 2 physics
2026-03-28 05:59:53,356 | 3861906 | INFO | queue[0019] trial 34 fold 3 physics
2026-03-28 05:59:53,356 | 3861906 | INFO | queue[0020] trial 34 fold 4 physics
2026-03-28 05:59:53,357 | 3861906 | INFO | queue[0021] trial 35 fold 1 physics
2026-03-28 05:59:53,357 | 3861906 | INFO | queue[0022] trial 35 fold 2 physics
2026-03-28 05:59:53,357 | 3861906 | INFO | queue[0023] trial 35 fold 3 physics
2026-03-28 05:59:53,357 | 3861906 | INFO | queue[0024] trial 35 fold 4 physics
2026-03-28 05:59:53,357 | 3861906 | INFO | queue[0025] trial 36 fold 1 physics
2026-03-28 05:59:53,357 | 3861906 | INFO | queue[0026] trial 36 fold 2 physics
2026-03-28 05:59:53,357 | 3861906 | INFO | queue[0027] trial 36 fold 3 physics
2026-03-28 05:59:53,357 | 3861906 | INFO | queue[0028] trial 36 fold 4 physics
2026-03-28 05:59:53,357 | 3861906 | INFO | queue[0029] trial 37 fold 1 physics
2026-03-28 05:59:53,358 | 3861906 | INFO | queue[0030] trial 37 fold 2 physics
2026-03-28 05:59:53,358 | 3861906 | INFO | queue[0031] trial 37 fold 3 physics
2026-03-28 05:59:53,358 | 3861906 | INFO | queue[0032] trial 37 fold 4 physics
2026-03-28 05:59:53,358 | 3861906 | INFO | queue[0033] trial 38 fold 1 physics
2026-03-28 05:59:53,358 | 3861906 | INFO | queue[0034] trial 38 fold 2 physics
2026-03-28 05:59:53,358 | 3861906 | INFO | queue[0035] trial 38 fold 3 physics
2026-03-28 05:59:53,358 | 3861906 | INFO | queue[0036] trial 38 fold 4 physics
2026-03-28 05:59:53,358 | 3861906 | INFO | queue[0037] trial 39 fold 1 physics
2026-03-28 05:59:53,358 | 3861906 | INFO | queue[0038] trial 39 fold 2 physics
2026-03-28 05:59:53,359 | 3861906 | INFO | queue[0039] trial 39 fold 3 physics
2026-03-28 05:59:53,359 | 3861906 | INFO | queue[0040] trial 39 fold 4 physics
2026-03-28 05:59:53,359 | 3861906 | INFO | queue[0041] trial 40 fold 1 physics
2026-03-28 05:59:53,359 | 3861906 | INFO | queue[0042] trial 40 fold 2 physics
2026-03-28 05:59:53,359 | 3861906 | INFO | queue[0043] trial 40 fold 3 physics
2026-03-28 05:59:53,359 | 3861906 | INFO | queue[0044] trial 40 fold 4 physics
2026-03-28 05:59:53,359 | 3861906 | INFO | [END BAYES QUEUE]
2026-03-28 05:59:53,677 | 3861906 | INFO | [ENQUEUE TRIAL] trial 41 physics
2026-03-28 05:59:53,678 | 3861906 | INFO | [BAYES QUEUE STATE]
2026-03-28 05:59:53,678 | 3861906 | INFO | pending_jobs = 49
2026-03-28 05:59:53,678 | 3861906 | INFO | inflight_trials = [0, 6, 8, 9, 10, 11, 14, 16, 18, 19, 21, 22, 23, 24, 25, 26, 27, 28, 29, 30, 31, 32, 33, 34, 35, 36, 37, 38, 39, 40]
2026-03-28 05:59:53,678 | 3861906 | INFO | queue[0000] trial 29 fold 4 physics
2026-03-28 05:59:53,678 | 3861906 | INFO | queue[0001] trial 30 fold 1 physics
2026-03-28 05:59:53,678 | 3861906 | INFO | queue[0002] trial 30 fold 2 physics
2026-03-28 05:59:53,678 | 3861906 | INFO | queue[0003] trial 30 fold 3 physics
2026-03-28 05:59:53,678 | 3861906 | INFO | queue[0004] trial 30 fold 4 physics
2026-03-28 05:59:53,679 | 3861906 | INFO | queue[0005] trial 31 fold 1 physics
2026-03-28 05:59:53,679 | 3861906 | INFO | queue[0006] trial 31 fold 2 physics
2026-03-28 05:59:53,679 | 3861906 | INFO | queue[0007] trial 31 fold 3 physics
2026-03-28 05:59:53,679 | 3861906 | INFO | queue[0008] trial 31 fold 4 physics
2026-03-28 05:59:53,679 | 3861906 | INFO | queue[0009] trial 32 fold 1 physics
2026-03-28 05:59:53,679 | 3861906 | INFO | queue[0010] trial 32 fold 2 physics
2026-03-28 05:59:53,679 | 3861906 | INFO | queue[0011] trial 32 fold 3 physics
2026-03-28 05:59:53,679 | 3861906 | INFO | queue[0012] trial 32 fold 4 physics
2026-03-28 05:59:53,679 | 3861906 | INFO | queue[0013] trial 33 fold 1 physics
2026-03-28 05:59:53,680 | 3861906 | INFO | queue[0014] trial 33 fold 2 physics
2026-03-28 05:59:53,680 | 3861906 | INFO | queue[0015] trial 33 fold 3 physics
2026-03-28 05:59:53,680 | 3861906 | INFO | queue[0016] trial 33 fold 4 physics
2026-03-28 05:59:53,680 | 3861906 | INFO | queue[0017] trial 34 fold 1 physics
2026-03-28 05:59:53,680 | 3861906 | INFO | queue[0018] trial 34 fold 2 physics
2026-03-28 05:59:53,680 | 3861906 | INFO | queue[0019] trial 34 fold 3 physics
2026-03-28 05:59:53,680 | 3861906 | INFO | queue[0020] trial 34 fold 4 physics
2026-03-28 05:59:53,680 | 3861906 | INFO | queue[0021] trial 35 fold 1 physics
2026-03-28 05:59:53,680 | 3861906 | INFO | queue[0022] trial 35 fold 2 physics
2026-03-28 05:59:53,681 | 3861906 | INFO | queue[0023] trial 35 fold 3 physics
2026-03-28 05:59:53,681 | 3861906 | INFO | queue[0024] trial 35 fold 4 physics
2026-03-28 05:59:53,681 | 3861906 | INFO | queue[0025] trial 36 fold 1 physics
2026-03-28 05:59:53,681 | 3861906 | INFO | queue[0026] trial 36 fold 2 physics
2026-03-28 05:59:53,681 | 3861906 | INFO | queue[0027] trial 36 fold 3 physics
2026-03-28 05:59:53,681 | 3861906 | INFO | queue[0028] trial 36 fold 4 physics
2026-03-28 05:59:53,681 | 3861906 | INFO | queue[0029] trial 37 fold 1 physics
2026-03-28 05:59:53,681 | 3861906 | INFO | queue[0030] trial 37 fold 2 physics
2026-03-28 05:59:53,681 | 3861906 | INFO | queue[0031] trial 37 fold 3 physics
2026-03-28 05:59:53,682 | 3861906 | INFO | queue[0032] trial 37 fold 4 physics
2026-03-28 05:59:53,682 | 3861906 | INFO | queue[0033] trial 38 fold 1 physics
2026-03-28 05:59:53,682 | 3861906 | INFO | queue[0034] trial 38 fold 2 physics
2026-03-28 05:59:53,682 | 3861906 | INFO | queue[0035] trial 38 fold 3 physics
2026-03-28 05:59:53,682 | 3861906 | INFO | queue[0036] trial 38 fold 4 physics
2026-03-28 05:59:53,682 | 3861906 | INFO | queue[0037] trial 39 fold 1 physics
2026-03-28 05:59:53,682 | 3861906 | INFO | queue[0038] trial 39 fold 2 physics
2026-03-28 05:59:53,682 | 3861906 | INFO | queue[0039] trial 39 fold 3 physics
2026-03-28 05:59:53,682 | 3861906 | INFO | queue[0040] trial 39 fold 4 physics
2026-03-28 05:59:53,683 | 3861906 | INFO | queue[0041] trial 40 fold 1 physics
2026-03-28 05:59:53,683 | 3861906 | INFO | queue[0042] trial 40 fold 2 physics
2026-03-28 05:59:53,683 | 3861906 | INFO | queue[0043] trial 40 fold 3 physics
2026-03-28 05:59:53,683 | 3861906 | INFO | queue[0044] trial 40 fold 4 physics
2026-03-28 05:59:53,683 | 3861906 | INFO | queue[0045] trial 41 fold 1 physics
2026-03-28 05:59:53,683 | 3861906 | INFO | queue[0046] trial 41 fold 2 physics
2026-03-28 05:59:53,683 | 3861906 | INFO | queue[0047] trial 41 fold 3 physics
2026-03-28 05:59:53,683 | 3861906 | INFO | queue[0048] trial 41 fold 4 physics
2026-03-28 05:59:53,684 | 3861906 | INFO | [END BAYES QUEUE]
2026-03-28 05:59:53,993 | 3861906 | INFO | [ENQUEUE TRIAL] trial 42 physics
2026-03-28 05:59:53,996 | 3861906 | INFO | [BAYES QUEUE STATE]
2026-03-28 05:59:53,996 | 3861906 | INFO | pending_jobs = 53
2026-03-28 05:59:53,996 | 3861906 | INFO | inflight_trials = [0, 6, 8, 9, 10, 11, 14, 16, 18, 19, 21, 22, 23, 24, 25, 26, 27, 28, 29, 30, 31, 32, 33, 34, 35, 36, 37, 38, 39, 40, 41]
2026-03-28 05:59:53,996 | 3861906 | INFO | queue[0000] trial 29 fold 4 physics
2026-03-28 05:59:53,996 | 3861906 | INFO | queue[0001] trial 30 fold 1 physics
2026-03-28 05:59:53,996 | 3861906 | INFO | queue[0002] trial 30 fold 2 physics
2026-03-28 05:59:53,996 | 3861906 | INFO | queue[0003] trial 30 fold 3 physics
2026-03-28 05:59:53,996 | 3861906 | INFO | queue[0004] trial 30 fold 4 physics
2026-03-28 05:59:53,997 | 3861906 | INFO | queue[0005] trial 31 fold 1 physics
2026-03-28 05:59:53,997 | 3861906 | INFO | queue[0006] trial 31 fold 2 physics
2026-03-28 05:59:53,997 | 3861906 | INFO | queue[0007] trial 31 fold 3 physics
2026-03-28 05:59:53,997 | 3861906 | INFO | queue[0008] trial 31 fold 4 physics
2026-03-28 05:59:53,997 | 3861906 | INFO | queue[0009] trial 32 fold 1 physics
2026-03-28 05:59:53,997 | 3861906 | INFO | queue[0010] trial 32 fold 2 physics
2026-03-28 05:59:53,997 | 3861906 | INFO | queue[0011] trial 32 fold 3 physics
2026-03-28 05:59:53,997 | 3861906 | INFO | queue[0012] trial 32 fold 4 physics
2026-03-28 05:59:53,997 | 3861906 | INFO | queue[0013] trial 33 fold 1 physics
2026-03-28 05:59:53,998 | 3861906 | INFO | queue[0014] trial 33 fold 2 physics
2026-03-28 05:59:53,998 | 3861906 | INFO | queue[0015] trial 33 fold 3 physics
2026-03-28 05:59:53,998 | 3861906 | INFO | queue[0016] trial 33 fold 4 physics
2026-03-28 05:59:53,998 | 3861906 | INFO | queue[0017] trial 34 fold 1 physics
2026-03-28 05:59:53,998 | 3861906 | INFO | queue[0018] trial 34 fold 2 physics
2026-03-28 05:59:53,998 | 3861906 | INFO | queue[0019] trial 34 fold 3 physics
2026-03-28 05:59:53,998 | 3861906 | INFO | queue[0020] trial 34 fold 4 physics
2026-03-28 05:59:53,998 | 3861906 | INFO | queue[0021] trial 35 fold 1 physics
2026-03-28 05:59:53,998 | 3861906 | INFO | queue[0022] trial 35 fold 2 physics
2026-03-28 05:59:53,999 | 3861906 | INFO | queue[0023] trial 35 fold 3 physics
2026-03-28 05:59:53,999 | 3861906 | INFO | queue[0024] trial 35 fold 4 physics
2026-03-28 05:59:53,999 | 3861906 | INFO | queue[0025] trial 36 fold 1 physics
2026-03-28 05:59:53,999 | 3861906 | INFO | queue[0026] trial 36 fold 2 physics
2026-03-28 05:59:53,999 | 3861906 | INFO | queue[0027] trial 36 fold 3 physics
2026-03-28 05:59:53,999 | 3861906 | INFO | queue[0028] trial 36 fold 4 physics
2026-03-28 05:59:53,999 | 3861906 | INFO | queue[0029] trial 37 fold 1 physics
2026-03-28 05:59:53,999 | 3861906 | INFO | queue[0030] trial 37 fold 2 physics
2026-03-28 05:59:53,999 | 3861906 | INFO | queue[0031] trial 37 fold 3 physics
2026-03-28 05:59:54,000 | 3861906 | INFO | queue[0032] trial 37 fold 4 physics
2026-03-28 05:59:54,000 | 3861906 | INFO | queue[0033] trial 38 fold 1 physics
2026-03-28 05:59:54,000 | 3861906 | INFO | queue[0034] trial 38 fold 2 physics
2026-03-28 05:59:54,000 | 3861906 | INFO | queue[0035] trial 38 fold 3 physics
2026-03-28 05:59:54,000 | 3861906 | INFO | queue[0036] trial 38 fold 4 physics
2026-03-28 05:59:54,000 | 3861906 | INFO | queue[0037] trial 39 fold 1 physics
2026-03-28 05:59:54,000 | 3861906 | INFO | queue[0038] trial 39 fold 2 physics
2026-03-28 05:59:54,000 | 3861906 | INFO | queue[0039] trial 39 fold 3 physics
2026-03-28 05:59:54,000 | 3861906 | INFO | queue[0040] trial 39 fold 4 physics
2026-03-28 05:59:54,000 | 3861906 | INFO | queue[0041] trial 40 fold 1 physics
2026-03-28 05:59:54,001 | 3861906 | INFO | queue[0042] trial 40 fold 2 physics
2026-03-28 05:59:54,001 | 3861906 | INFO | queue[0043] trial 40 fold 3 physics
2026-03-28 05:59:54,001 | 3861906 | INFO | queue[0044] trial 40 fold 4 physics
2026-03-28 05:59:54,001 | 3861906 | INFO | queue[0045] trial 41 fold 1 physics
2026-03-28 05:59:54,001 | 3861906 | INFO | queue[0046] trial 41 fold 2 physics
2026-03-28 05:59:54,001 | 3861906 | INFO | queue[0047] trial 41 fold 3 physics
2026-03-28 05:59:54,001 | 3861906 | INFO | queue[0048] trial 41 fold 4 physics
2026-03-28 05:59:54,001 | 3861906 | INFO | queue[0049] trial 42 fold 1 physics
2026-03-28 05:59:54,002 | 3861906 | INFO | queue[0050] trial 42 fold 2 physics
2026-03-28 05:59:54,002 | 3861906 | INFO | queue[0051] trial 42 fold 3 physics
2026-03-28 05:59:54,002 | 3861906 | INFO | queue[0052] trial 42 fold 4 physics
2026-03-28 05:59:54,002 | 3861906 | INFO | [END BAYES QUEUE]
2026-03-28 05:59:54,009 | 3861906 | INFO | [RESUME] starting from trial 11
2026-03-28 06:01:34,851 | 3861906 | INFO | [RESUME] starting from trial 11
2026-03-28 06:02:28,494 | 3861906 | INFO | [RESUME] starting from trial 11
2026-03-28 06:02:32,051 | 3861906 | INFO | [TRIAL COMPLETE] trial 23 physics NSE_1D=0.83112 NSE_1H=0.77052
2026-03-28 06:02:32,360 | 3861906 | INFO | [ENQUEUE TRIAL] trial 43 physics
2026-03-28 06:02:32,360 | 3861906 | INFO | [BAYES QUEUE STATE]
2026-03-28 06:02:32,361 | 3861906 | INFO | pending_jobs = 54
2026-03-28 06:02:32,361 | 3861906 | INFO | inflight_trials = [0, 6, 8, 9, 10, 11, 14, 16, 18, 19, 21, 23, 24, 25, 26, 27, 28, 29, 30, 31, 32, 33, 34, 35, 36, 37, 38, 39, 40, 41, 42]
2026-03-28 06:02:32,361 | 3861906 | INFO | queue[0000] trial 30 fold 3 physics
2026-03-28 06:02:32,362 | 3861906 | INFO | queue[0001] trial 30 fold 4 physics
2026-03-28 06:02:32,362 | 3861906 | INFO | queue[0002] trial 31 fold 1 physics
2026-03-28 06:02:32,362 | 3861906 | INFO | queue[0003] trial 31 fold 2 physics
2026-03-28 06:02:32,363 | 3861906 | INFO | queue[0004] trial 31 fold 3 physics
2026-03-28 06:02:32,363 | 3861906 | INFO | queue[0005] trial 31 fold 4 physics
2026-03-28 06:02:32,363 | 3861906 | INFO | queue[0006] trial 32 fold 1 physics
2026-03-28 06:02:32,364 | 3861906 | INFO | queue[0007] trial 32 fold 2 physics
2026-03-28 06:02:32,364 | 3861906 | INFO | queue[0008] trial 32 fold 3 physics
2026-03-28 06:02:32,364 | 3861906 | INFO | queue[0009] trial 32 fold 4 physics
2026-03-28 06:02:32,364 | 3861906 | INFO | queue[0010] trial 33 fold 1 physics
2026-03-28 06:02:32,365 | 3861906 | INFO | queue[0011] trial 33 fold 2 physics
2026-03-28 06:02:32,365 | 3861906 | INFO | queue[0012] trial 33 fold 3 physics
2026-03-28 06:02:32,365 | 3861906 | INFO | queue[0013] trial 33 fold 4 physics
2026-03-28 06:02:32,365 | 3861906 | INFO | queue[0014] trial 34 fold 1 physics
2026-03-28 06:02:32,366 | 3861906 | INFO | queue[0015] trial 34 fold 2 physics
2026-03-28 06:02:32,366 | 3861906 | INFO | queue[0016] trial 34 fold 3 physics
2026-03-28 06:02:32,366 | 3861906 | INFO | queue[0017] trial 34 fold 4 physics
2026-03-28 06:02:32,366 | 3861906 | INFO | queue[0018] trial 35 fold 1 physics
2026-03-28 06:02:32,367 | 3861906 | INFO | queue[0019] trial 35 fold 2 physics
2026-03-28 06:02:32,367 | 3861906 | INFO | queue[0020] trial 35 fold 3 physics
2026-03-28 06:02:32,367 | 3861906 | INFO | queue[0021] trial 35 fold 4 physics
2026-03-28 06:02:32,367 | 3861906 | INFO | queue[0022] trial 36 fold 1 physics
2026-03-28 06:02:32,368 | 3861906 | INFO | queue[0023] trial 36 fold 2 physics
2026-03-28 06:02:32,368 | 3861906 | INFO | queue[0024] trial 36 fold 3 physics
2026-03-28 06:02:32,368 | 3861906 | INFO | queue[0025] trial 36 fold 4 physics
2026-03-28 06:02:32,368 | 3861906 | INFO | queue[0026] trial 37 fold 1 physics
2026-03-28 06:02:32,369 | 3861906 | INFO | queue[0027] trial 37 fold 2 physics
2026-03-28 06:02:32,369 | 3861906 | INFO | queue[0028] trial 37 fold 3 physics
2026-03-28 06:02:32,369 | 3861906 | INFO | queue[0029] trial 37 fold 4 physics
2026-03-28 06:02:32,369 | 3861906 | INFO | queue[0030] trial 38 fold 1 physics
2026-03-28 06:02:32,370 | 3861906 | INFO | queue[0031] trial 38 fold 2 physics
2026-03-28 06:02:32,370 | 3861906 | INFO | queue[0032] trial 38 fold 3 physics
2026-03-28 06:02:32,370 | 3861906 | INFO | queue[0033] trial 38 fold 4 physics
2026-03-28 06:02:32,370 | 3861906 | INFO | queue[0034] trial 39 fold 1 physics
2026-03-28 06:02:32,370 | 3861906 | INFO | queue[0035] trial 39 fold 2 physics
2026-03-28 06:02:32,370 | 3861906 | INFO | queue[0036] trial 39 fold 3 physics
2026-03-28 06:02:32,370 | 3861906 | INFO | queue[0037] trial 39 fold 4 physics
2026-03-28 06:02:32,371 | 3861906 | INFO | queue[0038] trial 40 fold 1 physics
2026-03-28 06:02:32,371 | 3861906 | INFO | queue[0039] trial 40 fold 2 physics
2026-03-28 06:02:32,371 | 3861906 | INFO | queue[0040] trial 40 fold 3 physics
2026-03-28 06:02:32,371 | 3861906 | INFO | queue[0041] trial 40 fold 4 physics
2026-03-28 06:02:32,371 | 3861906 | INFO | queue[0042] trial 41 fold 1 physics
2026-03-28 06:02:32,371 | 3861906 | INFO | queue[0043] trial 41 fold 2 physics
2026-03-28 06:02:32,371 | 3861906 | INFO | queue[0044] trial 41 fold 3 physics
2026-03-28 06:02:32,371 | 3861906 | INFO | queue[0045] trial 41 fold 4 physics
2026-03-28 06:02:32,371 | 3861906 | INFO | queue[0046] trial 42 fold 1 physics
2026-03-28 06:02:32,372 | 3861906 | INFO | queue[0047] trial 42 fold 2 physics
2026-03-28 06:02:32,372 | 3861906 | INFO | queue[0048] trial 42 fold 3 physics
2026-03-28 06:02:32,372 | 3861906 | INFO | queue[0049] trial 42 fold 4 physics
2026-03-28 06:02:32,372 | 3861906 | INFO | queue[0050] trial 43 fold 1 physics
2026-03-28 06:02:32,372 | 3861906 | INFO | queue[0051] trial 43 fold 2 physics
2026-03-28 06:02:32,372 | 3861906 | INFO | queue[0052] trial 43 fold 3 physics
2026-03-28 06:02:32,372 | 3861906 | INFO | queue[0053] trial 43 fold 4 physics
2026-03-28 06:02:32,372 | 3861906 | INFO | [END BAYES QUEUE]
2026-03-28 06:02:32,379 | 3861906 | INFO | [RESUME] starting from trial 12
2026-03-28 06:03:11,596 | 3861906 | INFO | [RESUME] starting from trial 12
2026-03-28 06:03:17,442 | 3861906 | INFO | [RESUME] starting from trial 12
2026-03-28 06:06:55,362 | 3861906 | INFO | [RESUME] starting from trial 12
2026-03-28 06:07:25,760 | 3861906 | INFO | [RESUME] starting from trial 12
2026-03-28 06:08:10,791 | 3861906 | INFO | [RESUME] starting from trial 12
2026-03-28 06:10:44,509 | 3861906 | INFO | [TRIAL COMPLETE] trial 9 physics NSE_1D=0.86938 NSE_1H=0.79088
2026-03-28 06:10:44,832 | 3861906 | INFO | [ENQUEUE TRIAL] trial 44 physics
2026-03-28 06:10:44,833 | 3861906 | INFO | [BAYES QUEUE STATE]
2026-03-28 06:10:44,833 | 3861906 | INFO | pending_jobs = 52
2026-03-28 06:10:44,834 | 3861906 | INFO | inflight_trials = [0, 6, 9, 10, 11, 14, 16, 18, 19, 21, 23, 24, 25, 26, 27, 28, 29, 30, 31, 32, 33, 34, 35, 36, 37, 38, 39, 40, 41, 42, 43]
2026-03-28 06:10:44,834 | 3861906 | INFO | queue[0000] trial 32 fold 1 physics
2026-03-28 06:10:44,835 | 3861906 | INFO | queue[0001] trial 32 fold 2 physics
2026-03-28 06:10:44,835 | 3861906 | INFO | queue[0002] trial 32 fold 3 physics
2026-03-28 06:10:44,835 | 3861906 | INFO | queue[0003] trial 32 fold 4 physics
2026-03-28 06:10:44,836 | 3861906 | INFO | queue[0004] trial 33 fold 1 physics
2026-03-28 06:10:44,836 | 3861906 | INFO | queue[0005] trial 33 fold 2 physics
2026-03-28 06:10:44,836 | 3861906 | INFO | queue[0006] trial 33 fold 3 physics
2026-03-28 06:10:44,837 | 3861906 | INFO | queue[0007] trial 33 fold 4 physics
2026-03-28 06:10:44,837 | 3861906 | INFO | queue[0008] trial 34 fold 1 physics
2026-03-28 06:10:44,838 | 3861906 | INFO | queue[0009] trial 34 fold 2 physics
2026-03-28 06:10:44,838 | 3861906 | INFO | queue[0010] trial 34 fold 3 physics
2026-03-28 06:10:44,838 | 3861906 | INFO | queue[0011] trial 34 fold 4 physics
2026-03-28 06:10:44,839 | 3861906 | INFO | queue[0012] trial 35 fold 1 physics
2026-03-28 06:10:44,839 | 3861906 | INFO | queue[0013] trial 35 fold 2 physics
2026-03-28 06:10:44,839 | 3861906 | INFO | queue[0014] trial 35 fold 3 physics
2026-03-28 06:10:44,839 | 3861906 | INFO | queue[0015] trial 35 fold 4 physics
2026-03-28 06:10:44,840 | 3861906 | INFO | queue[0016] trial 36 fold 1 physics
2026-03-28 06:10:44,840 | 3861906 | INFO | queue[0017] trial 36 fold 2 physics
2026-03-28 06:10:44,840 | 3861906 | INFO | queue[0018] trial 36 fold 3 physics
2026-03-28 06:10:44,840 | 3861906 | INFO | queue[0019] trial 36 fold 4 physics
2026-03-28 06:10:44,840 | 3861906 | INFO | queue[0020] trial 37 fold 1 physics
2026-03-28 06:10:44,840 | 3861906 | INFO | queue[0021] trial 37 fold 2 physics
2026-03-28 06:10:44,840 | 3861906 | INFO | queue[0022] trial 37 fold 3 physics
2026-03-28 06:10:44,841 | 3861906 | INFO | queue[0023] trial 37 fold 4 physics
2026-03-28 06:10:44,841 | 3861906 | INFO | queue[0024] trial 38 fold 1 physics
2026-03-28 06:10:44,841 | 3861906 | INFO | queue[0025] trial 38 fold 2 physics
2026-03-28 06:10:44,841 | 3861906 | INFO | queue[0026] trial 38 fold 3 physics
2026-03-28 06:10:44,841 | 3861906 | INFO | queue[0027] trial 38 fold 4 physics
2026-03-28 06:10:44,842 | 3861906 | INFO | queue[0028] trial 39 fold 1 physics
2026-03-28 06:10:44,842 | 3861906 | INFO | queue[0029] trial 39 fold 2 physics
2026-03-28 06:10:44,842 | 3861906 | INFO | queue[0030] trial 39 fold 3 physics
2026-03-28 06:10:44,842 | 3861906 | INFO | queue[0031] trial 39 fold 4 physics
2026-03-28 06:10:44,842 | 3861906 | INFO | queue[0032] trial 40 fold 1 physics
2026-03-28 06:10:44,842 | 3861906 | INFO | queue[0033] trial 40 fold 2 physics
2026-03-28 06:10:44,843 | 3861906 | INFO | queue[0034] trial 40 fold 3 physics
2026-03-28 06:10:44,843 | 3861906 | INFO | queue[0035] trial 40 fold 4 physics
2026-03-28 06:10:44,843 | 3861906 | INFO | queue[0036] trial 41 fold 1 physics
2026-03-28 06:10:44,843 | 3861906 | INFO | queue[0037] trial 41 fold 2 physics
2026-03-28 06:10:44,843 | 3861906 | INFO | queue[0038] trial 41 fold 3 physics
2026-03-28 06:10:44,843 | 3861906 | INFO | queue[0039] trial 41 fold 4 physics
2026-03-28 06:10:44,844 | 3861906 | INFO | queue[0040] trial 42 fold 1 physics
2026-03-28 06:10:44,844 | 3861906 | INFO | queue[0041] trial 42 fold 2 physics
2026-03-28 06:10:44,844 | 3861906 | INFO | queue[0042] trial 42 fold 3 physics
2026-03-28 06:10:44,844 | 3861906 | INFO | queue[0043] trial 42 fold 4 physics
2026-03-28 06:10:44,844 | 3861906 | INFO | queue[0044] trial 43 fold 1 physics
2026-03-28 06:10:44,844 | 3861906 | INFO | queue[0045] trial 43 fold 2 physics
2026-03-28 06:10:44,845 | 3861906 | INFO | queue[0046] trial 43 fold 3 physics
2026-03-28 06:10:44,845 | 3861906 | INFO | queue[0047] trial 43 fold 4 physics
2026-03-28 06:10:44,845 | 3861906 | INFO | queue[0048] trial 44 fold 1 physics
2026-03-28 06:10:44,845 | 3861906 | INFO | queue[0049] trial 44 fold 2 physics
2026-03-28 06:10:44,845 | 3861906 | INFO | queue[0050] trial 44 fold 3 physics
2026-03-28 06:10:44,845 | 3861906 | INFO | queue[0051] trial 44 fold 4 physics
2026-03-28 06:10:44,846 | 3861906 | INFO | [END BAYES QUEUE]
2026-03-28 06:10:44,853 | 3861906 | INFO | [RESUME] starting from trial 13
2026-03-28 06:11:17,746 | 3861906 | INFO | [RESUME] starting from trial 13
2026-03-28 06:12:59,389 | 3861906 | INFO | [RESUME] starting from trial 13
2026-03-28 06:13:44,829 | 3861906 | INFO | [RESUME] starting from trial 13
2026-03-28 06:14:15,132 | 3861906 | INFO | [RESUME] starting from trial 13
2026-03-28 06:14:21,411 | 3861906 | INFO | [TRIAL COMPLETE] trial 15 physics NSE_1D=0.82282 NSE_1H=0.73602
2026-03-28 06:14:21,741 | 3861906 | INFO | [ENQUEUE TRIAL] trial 45 physics
2026-03-28 06:14:21,741 | 3861906 | INFO | [BAYES QUEUE STATE]
2026-03-28 06:14:21,741 | 3861906 | INFO | pending_jobs = 51
2026-03-28 06:14:21,742 | 3861906 | INFO | inflight_trials = [0, 6, 9, 10, 11, 16, 18, 19, 21, 23, 24, 25, 26, 27, 28, 29, 30, 31, 32, 33, 34, 35, 36, 37, 38, 39, 40, 41, 42, 43, 44]
2026-03-28 06:14:21,742 | 3861906 | INFO | queue[0000] trial 33 fold 2 physics
2026-03-28 06:14:21,742 | 3861906 | INFO | queue[0001] trial 33 fold 3 physics
2026-03-28 06:14:21,742 | 3861906 | INFO | queue[0002] trial 33 fold 4 physics
2026-03-28 06:14:21,743 | 3861906 | INFO | queue[0003] trial 34 fold 1 physics
2026-03-28 06:14:21,743 | 3861906 | INFO | queue[0004] trial 34 fold 2 physics
2026-03-28 06:14:21,744 | 3861906 | INFO | queue[0005] trial 34 fold 3 physics
2026-03-28 06:14:21,744 | 3861906 | INFO | queue[0006] trial 34 fold 4 physics
2026-03-28 06:14:21,744 | 3861906 | INFO | queue[0007] trial 35 fold 1 physics
2026-03-28 06:14:21,744 | 3861906 | INFO | queue[0008] trial 35 fold 2 physics
2026-03-28 06:14:21,745 | 3861906 | INFO | queue[0009] trial 35 fold 3 physics
2026-03-28 06:14:21,745 | 3861906 | INFO | queue[0010] trial 35 fold 4 physics
2026-03-28 06:14:21,746 | 3861906 | INFO | queue[0011] trial 36 fold 1 physics
2026-03-28 06:14:21,746 | 3861906 | INFO | queue[0012] trial 36 fold 2 physics
2026-03-28 06:14:21,746 | 3861906 | INFO | queue[0013] trial 36 fold 3 physics
2026-03-28 06:14:21,746 | 3861906 | INFO | queue[0014] trial 36 fold 4 physics
2026-03-28 06:14:21,747 | 3861906 | INFO | queue[0015] trial 37 fold 1 physics
2026-03-28 06:14:21,747 | 3861906 | INFO | queue[0016] trial 37 fold 2 physics
2026-03-28 06:14:21,747 | 3861906 | INFO | queue[0017] trial 37 fold 3 physics
2026-03-28 06:14:21,747 | 3861906 | INFO | queue[0018] trial 37 fold 4 physics
2026-03-28 06:14:21,748 | 3861906 | INFO | queue[0019] trial 38 fold 1 physics
2026-03-28 06:14:21,748 | 3861906 | INFO | queue[0020] trial 38 fold 2 physics
2026-03-28 06:14:21,748 | 3861906 | INFO | queue[0021] trial 38 fold 3 physics
2026-03-28 06:14:21,749 | 3861906 | INFO | queue[0022] trial 38 fold 4 physics
2026-03-28 06:14:21,749 | 3861906 | INFO | queue[0023] trial 39 fold 1 physics
2026-03-28 06:14:21,749 | 3861906 | INFO | queue[0024] trial 39 fold 2 physics
2026-03-28 06:14:21,749 | 3861906 | INFO | queue[0025] trial 39 fold 3 physics
2026-03-28 06:14:21,750 | 3861906 | INFO | queue[0026] trial 39 fold 4 physics
2026-03-28 06:14:21,750 | 3861906 | INFO | queue[0027] trial 40 fold 1 physics
2026-03-28 06:14:21,750 | 3861906 | INFO | queue[0028] trial 40 fold 2 physics
2026-03-28 06:14:21,750 | 3861906 | INFO | queue[0029] trial 40 fold 3 physics
2026-03-28 06:14:21,750 | 3861906 | INFO | queue[0030] trial 40 fold 4 physics
2026-03-28 06:14:21,750 | 3861906 | INFO | queue[0031] trial 41 fold 1 physics
2026-03-28 06:14:21,751 | 3861906 | INFO | queue[0032] trial 41 fold 2 physics
2026-03-28 06:14:21,751 | 3861906 | INFO | queue[0033] trial 41 fold 3 physics
2026-03-28 06:14:21,751 | 3861906 | INFO | queue[0034] trial 41 fold 4 physics
2026-03-28 06:14:21,751 | 3861906 | INFO | queue[0035] trial 42 fold 1 physics
2026-03-28 06:14:21,751 | 3861906 | INFO | queue[0036] trial 42 fold 2 physics
2026-03-28 06:14:21,751 | 3861906 | INFO | queue[0037] trial 42 fold 3 physics
2026-03-28 06:14:21,751 | 3861906 | INFO | queue[0038] trial 42 fold 4 physics
2026-03-28 06:14:21,751 | 3861906 | INFO | queue[0039] trial 43 fold 1 physics
2026-03-28 06:14:21,751 | 3861906 | INFO | queue[0040] trial 43 fold 2 physics
2026-03-28 06:14:21,752 | 3861906 | INFO | queue[0041] trial 43 fold 3 physics
2026-03-28 06:14:21,752 | 3861906 | INFO | queue[0042] trial 43 fold 4 physics
2026-03-28 06:14:21,752 | 3861906 | INFO | queue[0043] trial 44 fold 1 physics
2026-03-28 06:14:21,752 | 3861906 | INFO | queue[0044] trial 44 fold 2 physics
2026-03-28 06:14:21,752 | 3861906 | INFO | queue[0045] trial 44 fold 3 physics
2026-03-28 06:14:21,752 | 3861906 | INFO | queue[0046] trial 44 fold 4 physics
2026-03-28 06:14:21,752 | 3861906 | INFO | queue[0047] trial 45 fold 1 physics
2026-03-28 06:14:21,752 | 3861906 | INFO | queue[0048] trial 45 fold 2 physics
2026-03-28 06:14:21,753 | 3861906 | INFO | queue[0049] trial 45 fold 3 physics
2026-03-28 06:14:21,753 | 3861906 | INFO | queue[0050] trial 45 fold 4 physics
2026-03-28 06:14:21,753 | 3861906 | INFO | [END BAYES QUEUE]
2026-03-28 06:14:21,762 | 3861906 | INFO | [RESUME] starting from trial 14
2026-03-28 06:15:36,058 | 3861906 | INFO | [RESUME] starting from trial 14
2026-03-28 06:15:48,332 | 3861906 | INFO | [TRIAL COMPLETE] trial 12 physics NSE_1D=0.84681 NSE_1H=0.78443
2026-03-28 06:15:48,670 | 3861906 | INFO | [ENQUEUE TRIAL] trial 46 physics
2026-03-28 06:15:48,670 | 3861906 | INFO | [BAYES QUEUE STATE]
2026-03-28 06:15:48,671 | 3861906 | INFO | pending_jobs = 53
2026-03-28 06:15:48,671 | 3861906 | INFO | inflight_trials = [0, 6, 9, 10, 16, 18, 19, 21, 23, 24, 25, 26, 27, 28, 29, 30, 31, 32, 33, 34, 35, 36, 37, 38, 39, 40, 41, 42, 43, 44, 45]
2026-03-28 06:15:48,671 | 3861906 | INFO | queue[0000] trial 33 fold 4 physics
2026-03-28 06:15:48,672 | 3861906 | INFO | queue[0001] trial 34 fold 1 physics
2026-03-28 06:15:48,672 | 3861906 | INFO | queue[0002] trial 34 fold 2 physics
2026-03-28 06:15:48,672 | 3861906 | INFO | queue[0003] trial 34 fold 3 physics
2026-03-28 06:15:48,673 | 3861906 | INFO | queue[0004] trial 34 fold 4 physics
2026-03-28 06:15:48,673 | 3861906 | INFO | queue[0005] trial 35 fold 1 physics
2026-03-28 06:15:48,673 | 3861906 | INFO | queue[0006] trial 35 fold 2 physics
2026-03-28 06:15:48,674 | 3861906 | INFO | queue[0007] trial 35 fold 3 physics
2026-03-28 06:15:48,674 | 3861906 | INFO | queue[0008] trial 35 fold 4 physics
2026-03-28 06:15:48,675 | 3861906 | INFO | queue[0009] trial 36 fold 1 physics
2026-03-28 06:15:48,675 | 3861906 | INFO | queue[0010] trial 36 fold 2 physics
2026-03-28 06:15:48,675 | 3861906 | INFO | queue[0011] trial 36 fold 3 physics
2026-03-28 06:15:48,675 | 3861906 | INFO | queue[0012] trial 36 fold 4 physics
2026-03-28 06:15:48,675 | 3861906 | INFO | queue[0013] trial 37 fold 1 physics
2026-03-28 06:15:48,676 | 3861906 | INFO | queue[0014] trial 37 fold 2 physics
2026-03-28 06:15:48,676 | 3861906 | INFO | queue[0015] trial 37 fold 3 physics
2026-03-28 06:15:48,676 | 3861906 | INFO | queue[0016] trial 37 fold 4 physics
2026-03-28 06:15:48,676 | 3861906 | INFO | queue[0017] trial 38 fold 1 physics
2026-03-28 06:15:48,676 | 3861906 | INFO | queue[0018] trial 38 fold 2 physics
2026-03-28 06:15:48,676 | 3861906 | INFO | queue[0019] trial 38 fold 3 physics
2026-03-28 06:15:48,677 | 3861906 | INFO | queue[0020] trial 38 fold 4 physics
2026-03-28 06:15:48,677 | 3861906 | INFO | queue[0021] trial 39 fold 1 physics
2026-03-28 06:15:48,677 | 3861906 | INFO | queue[0022] trial 39 fold 2 physics
2026-03-28 06:15:48,677 | 3861906 | INFO | queue[0023] trial 39 fold 3 physics
2026-03-28 06:15:48,677 | 3861906 | INFO | queue[0024] trial 39 fold 4 physics
2026-03-28 06:15:48,678 | 3861906 | INFO | queue[0025] trial 40 fold 1 physics
2026-03-28 06:15:48,678 | 3861906 | INFO | queue[0026] trial 40 fold 2 physics
2026-03-28 06:15:48,678 | 3861906 | INFO | queue[0027] trial 40 fold 3 physics
2026-03-28 06:15:48,678 | 3861906 | INFO | queue[0028] trial 40 fold 4 physics
2026-03-28 06:15:48,678 | 3861906 | INFO | queue[0029] trial 41 fold 1 physics
2026-03-28 06:15:48,678 | 3861906 | INFO | queue[0030] trial 41 fold 2 physics
2026-03-28 06:15:48,679 | 3861906 | INFO | queue[0031] trial 41 fold 3 physics
2026-03-28 06:15:48,679 | 3861906 | INFO | queue[0032] trial 41 fold 4 physics
2026-03-28 06:15:48,679 | 3861906 | INFO | queue[0033] trial 42 fold 1 physics
2026-03-28 06:15:48,679 | 3861906 | INFO | queue[0034] trial 42 fold 2 physics
2026-03-28 06:15:48,679 | 3861906 | INFO | queue[0035] trial 42 fold 3 physics
2026-03-28 06:15:48,680 | 3861906 | INFO | queue[0036] trial 42 fold 4 physics
2026-03-28 06:15:48,680 | 3861906 | INFO | queue[0037] trial 43 fold 1 physics
2026-03-28 06:15:48,680 | 3861906 | INFO | queue[0038] trial 43 fold 2 physics
2026-03-28 06:15:48,680 | 3861906 | INFO | queue[0039] trial 43 fold 3 physics
2026-03-28 06:15:48,680 | 3861906 | INFO | queue[0040] trial 43 fold 4 physics
2026-03-28 06:15:48,681 | 3861906 | INFO | queue[0041] trial 44 fold 1 physics
2026-03-28 06:15:48,681 | 3861906 | INFO | queue[0042] trial 44 fold 2 physics
2026-03-28 06:15:48,681 | 3861906 | INFO | queue[0043] trial 44 fold 3 physics
2026-03-28 06:15:48,681 | 3861906 | INFO | queue[0044] trial 44 fold 4 physics
2026-03-28 06:15:48,681 | 3861906 | INFO | queue[0045] trial 45 fold 1 physics
2026-03-28 06:15:48,682 | 3861906 | INFO | queue[0046] trial 45 fold 2 physics
2026-03-28 06:15:48,682 | 3861906 | INFO | queue[0047] trial 45 fold 3 physics
2026-03-28 06:15:48,682 | 3861906 | INFO | queue[0048] trial 45 fold 4 physics
2026-03-28 06:15:48,682 | 3861906 | INFO | queue[0049] trial 46 fold 1 physics
2026-03-28 06:15:48,682 | 3861906 | INFO | queue[0050] trial 46 fold 2 physics
2026-03-28 06:15:48,682 | 3861906 | INFO | queue[0051] trial 46 fold 3 physics
2026-03-28 06:15:48,683 | 3861906 | INFO | queue[0052] trial 46 fold 4 physics
2026-03-28 06:15:48,683 | 3861906 | INFO | [END BAYES QUEUE]
2026-03-28 06:15:48,690 | 3861906 | INFO | [RESUME] starting from trial 15
2026-03-28 06:17:28,720 | 3861906 | INFO | [RESUME] starting from trial 15
2026-03-28 06:17:39,920 | 3861906 | INFO | [RESUME] starting from trial 15
2026-03-28 06:18:29,088 | 3861906 | INFO | [TRIAL COMPLETE] trial 11 physics NSE_1D=0.85591 NSE_1H=0.79836
2026-03-28 06:18:29,417 | 3861906 | INFO | [ENQUEUE TRIAL] trial 47 physics
2026-03-28 06:18:29,418 | 3861906 | INFO | [BAYES QUEUE STATE]
2026-03-28 06:18:29,418 | 3861906 | INFO | pending_jobs = 54
2026-03-28 06:18:29,418 | 3861906 | INFO | inflight_trials = [0, 6, 9, 16, 18, 19, 21, 23, 24, 25, 26, 27, 28, 29, 30, 31, 32, 33, 34, 35, 36, 37, 38, 39, 40, 41, 42, 43, 44, 45, 46]
2026-03-28 06:18:29,418 | 3861906 | INFO | queue[0000] trial 34 fold 3 physics
2026-03-28 06:18:29,418 | 3861906 | INFO | queue[0001] trial 34 fold 4 physics
2026-03-28 06:18:29,418 | 3861906 | INFO | queue[0002] trial 35 fold 1 physics
2026-03-28 06:18:29,418 | 3861906 | INFO | queue[0003] trial 35 fold 2 physics
2026-03-28 06:18:29,418 | 3861906 | INFO | queue[0004] trial 35 fold 3 physics
2026-03-28 06:18:29,419 | 3861906 | INFO | queue[0005] trial 35 fold 4 physics
2026-03-28 06:18:29,419 | 3861906 | INFO | queue[0006] trial 36 fold 1 physics
2026-03-28 06:18:29,419 | 3861906 | INFO | queue[0007] trial 36 fold 2 physics
2026-03-28 06:18:29,419 | 3861906 | INFO | queue[0008] trial 36 fold 3 physics
2026-03-28 06:18:29,419 | 3861906 | INFO | queue[0009] trial 36 fold 4 physics
2026-03-28 06:18:29,419 | 3861906 | INFO | queue[0010] trial 37 fold 1 physics
2026-03-28 06:18:29,419 | 3861906 | INFO | queue[0011] trial 37 fold 2 physics
2026-03-28 06:18:29,419 | 3861906 | INFO | queue[0012] trial 37 fold 3 physics
2026-03-28 06:18:29,419 | 3861906 | INFO | queue[0013] trial 37 fold 4 physics
2026-03-28 06:18:29,420 | 3861906 | INFO | queue[0014] trial 38 fold 1 physics
2026-03-28 06:18:29,420 | 3861906 | INFO | queue[0015] trial 38 fold 2 physics
2026-03-28 06:18:29,420 | 3861906 | INFO | queue[0016] trial 38 fold 3 physics
2026-03-28 06:18:29,420 | 3861906 | INFO | queue[0017] trial 38 fold 4 physics
2026-03-28 06:18:29,420 | 3861906 | INFO | queue[0018] trial 39 fold 1 physics
2026-03-28 06:18:29,420 | 3861906 | INFO | queue[0019] trial 39 fold 2 physics
2026-03-28 06:18:29,420 | 3861906 | INFO | queue[0020] trial 39 fold 3 physics
2026-03-28 06:18:29,420 | 3861906 | INFO | queue[0021] trial 39 fold 4 physics
2026-03-28 06:18:29,420 | 3861906 | INFO | queue[0022] trial 40 fold 1 physics
2026-03-28 06:18:29,420 | 3861906 | INFO | queue[0023] trial 40 fold 2 physics
2026-03-28 06:18:29,421 | 3861906 | INFO | queue[0024] trial 40 fold 3 physics
2026-03-28 06:18:29,421 | 3861906 | INFO | queue[0025] trial 40 fold 4 physics
2026-03-28 06:18:29,421 | 3861906 | INFO | queue[0026] trial 41 fold 1 physics
2026-03-28 06:18:29,421 | 3861906 | INFO | queue[0027] trial 41 fold 2 physics
2026-03-28 06:18:29,421 | 3861906 | INFO | queue[0028] trial 41 fold 3 physics
2026-03-28 06:18:29,421 | 3861906 | INFO | queue[0029] trial 41 fold 4 physics
2026-03-28 06:18:29,421 | 3861906 | INFO | queue[0030] trial 42 fold 1 physics
2026-03-28 06:18:29,421 | 3861906 | INFO | queue[0031] trial 42 fold 2 physics
2026-03-28 06:18:29,421 | 3861906 | INFO | queue[0032] trial 42 fold 3 physics
2026-03-28 06:18:29,422 | 3861906 | INFO | queue[0033] trial 42 fold 4 physics
2026-03-28 06:18:29,422 | 3861906 | INFO | queue[0034] trial 43 fold 1 physics
2026-03-28 06:18:29,422 | 3861906 | INFO | queue[0035] trial 43 fold 2 physics
2026-03-28 06:18:29,422 | 3861906 | INFO | queue[0036] trial 43 fold 3 physics
2026-03-28 06:18:29,422 | 3861906 | INFO | queue[0037] trial 43 fold 4 physics
2026-03-28 06:18:29,422 | 3861906 | INFO | queue[0038] trial 44 fold 1 physics
2026-03-28 06:18:29,422 | 3861906 | INFO | queue[0039] trial 44 fold 2 physics
2026-03-28 06:18:29,422 | 3861906 | INFO | queue[0040] trial 44 fold 3 physics
2026-03-28 06:18:29,422 | 3861906 | INFO | queue[0041] trial 44 fold 4 physics
2026-03-28 06:18:29,422 | 3861906 | INFO | queue[0042] trial 45 fold 1 physics
2026-03-28 06:18:29,423 | 3861906 | INFO | queue[0043] trial 45 fold 2 physics
2026-03-28 06:18:29,423 | 3861906 | INFO | queue[0044] trial 45 fold 3 physics
2026-03-28 06:18:29,423 | 3861906 | INFO | queue[0045] trial 45 fold 4 physics
2026-03-28 06:18:29,423 | 3861906 | INFO | queue[0046] trial 46 fold 1 physics
2026-03-28 06:18:29,423 | 3861906 | INFO | queue[0047] trial 46 fold 2 physics
2026-03-28 06:18:29,423 | 3861906 | INFO | queue[0048] trial 46 fold 3 physics
2026-03-28 06:18:29,423 | 3861906 | INFO | queue[0049] trial 46 fold 4 physics
2026-03-28 06:18:29,423 | 3861906 | INFO | queue[0050] trial 47 fold 1 physics
2026-03-28 06:18:29,423 | 3861906 | INFO | queue[0051] trial 47 fold 2 physics
2026-03-28 06:18:29,424 | 3861906 | INFO | queue[0052] trial 47 fold 3 physics
2026-03-28 06:18:29,424 | 3861906 | INFO | queue[0053] trial 47 fold 4 physics
2026-03-28 06:18:29,424 | 3861906 | INFO | [END BAYES QUEUE]
2026-03-28 06:18:29,431 | 3861906 | INFO | [RESUME] starting from trial 16
2026-03-28 06:20:05,780 | 3861906 | INFO | [RESUME] starting from trial 16
2026-03-28 06:20:30,266 | 3861906 | INFO | [RESUME] starting from trial 16
2026-03-28 06:20:50,944 | 3861906 | INFO | [RESUME] starting from trial 16
2026-03-28 06:21:00,092 | 3861906 | INFO | [RESUME] starting from trial 16
2026-03-28 06:21:04,731 | 3861906 | INFO | [RESUME] starting from trial 16
2026-03-28 06:21:40,454 | 3861906 | INFO | [RESUME] starting from trial 16
2026-03-28 06:22:16,654 | 3861906 | INFO | [RESUME] starting from trial 16
2026-03-28 06:23:11,819 | 3861906 | INFO | [RESUME] starting from trial 16
2026-03-28 06:23:12,536 | 3861906 | INFO | [RESUME] starting from trial 16
2026-03-28 06:23:23,577 | 3861906 | INFO | [RESUME] starting from trial 16
2026-03-28 06:23:48,055 | 3861906 | INFO | [RESUME] starting from trial 16
2026-03-28 06:24:00,536 | 3861906 | INFO | [TRIAL COMPLETE] trial 10 physics NSE_1D=0.83933 NSE_1H=0.77317
2026-03-28 06:24:00,860 | 3861906 | INFO | [ENQUEUE TRIAL] trial 48 physics
2026-03-28 06:24:00,860 | 3861906 | INFO | [BAYES QUEUE STATE]
2026-03-28 06:24:00,860 | 3861906 | INFO | pending_jobs = 46
2026-03-28 06:24:00,860 | 3861906 | INFO | inflight_trials = [0, 6, 16, 18, 19, 21, 23, 24, 25, 26, 27, 28, 29, 30, 31, 32, 33, 34, 35, 36, 37, 38, 39, 40, 41, 42, 43, 44, 45, 46, 47]
2026-03-28 06:24:00,860 | 3861906 | INFO | queue[0000] trial 37 fold 3 physics
2026-03-28 06:24:00,861 | 3861906 | INFO | queue[0001] trial 37 fold 4 physics
2026-03-28 06:24:00,861 | 3861906 | INFO | queue[0002] trial 38 fold 1 physics
2026-03-28 06:24:00,861 | 3861906 | INFO | queue[0003] trial 38 fold 2 physics
2026-03-28 06:24:00,861 | 3861906 | INFO | queue[0004] trial 38 fold 3 physics
2026-03-28 06:24:00,861 | 3861906 | INFO | queue[0005] trial 38 fold 4 physics
2026-03-28 06:24:00,861 | 3861906 | INFO | queue[0006] trial 39 fold 1 physics
2026-03-28 06:24:00,861 | 3861906 | INFO | queue[0007] trial 39 fold 2 physics
2026-03-28 06:24:00,862 | 3861906 | INFO | queue[0008] trial 39 fold 3 physics
2026-03-28 06:24:00,862 | 3861906 | INFO | queue[0009] trial 39 fold 4 physics
2026-03-28 06:24:00,862 | 3861906 | INFO | queue[0010] trial 40 fold 1 physics
2026-03-28 06:24:00,862 | 3861906 | INFO | queue[0011] trial 40 fold 2 physics
2026-03-28 06:24:00,862 | 3861906 | INFO | queue[0012] trial 40 fold 3 physics
2026-03-28 06:24:00,862 | 3861906 | INFO | queue[0013] trial 40 fold 4 physics
2026-03-28 06:24:00,863 | 3861906 | INFO | queue[0014] trial 41 fold 1 physics
2026-03-28 06:24:00,863 | 3861906 | INFO | queue[0015] trial 41 fold 2 physics
2026-03-28 06:24:00,863 | 3861906 | INFO | queue[0016] trial 41 fold 3 physics
2026-03-28 06:24:00,863 | 3861906 | INFO | queue[0017] trial 41 fold 4 physics
2026-03-28 06:24:00,863 | 3861906 | INFO | queue[0018] trial 42 fold 1 physics
2026-03-28 06:24:00,863 | 3861906 | INFO | queue[0019] trial 42 fold 2 physics
2026-03-28 06:24:00,863 | 3861906 | INFO | queue[0020] trial 42 fold 3 physics
2026-03-28 06:24:00,864 | 3861906 | INFO | queue[0021] trial 42 fold 4 physics
2026-03-28 06:24:00,864 | 3861906 | INFO | queue[0022] trial 43 fold 1 physics
2026-03-28 06:24:00,864 | 3861906 | INFO | queue[0023] trial 43 fold 2 physics
2026-03-28 06:24:00,864 | 3861906 | INFO | queue[0024] trial 43 fold 3 physics
2026-03-28 06:24:00,864 | 3861906 | INFO | queue[0025] trial 43 fold 4 physics
2026-03-28 06:24:00,864 | 3861906 | INFO | queue[0026] trial 44 fold 1 physics
2026-03-28 06:24:00,865 | 3861906 | INFO | queue[0027] trial 44 fold 2 physics
2026-03-28 06:24:00,865 | 3861906 | INFO | queue[0028] trial 44 fold 3 physics
2026-03-28 06:24:00,865 | 3861906 | INFO | queue[0029] trial 44 fold 4 physics
2026-03-28 06:24:00,865 | 3861906 | INFO | queue[0030] trial 45 fold 1 physics
2026-03-28 06:24:00,865 | 3861906 | INFO | queue[0031] trial 45 fold 2 physics
2026-03-28 06:24:00,865 | 3861906 | INFO | queue[0032] trial 45 fold 3 physics
2026-03-28 06:24:00,866 | 3861906 | INFO | queue[0033] trial 45 fold 4 physics
2026-03-28 06:24:00,866 | 3861906 | INFO | queue[0034] trial 46 fold 1 physics
2026-03-28 06:24:00,866 | 3861906 | INFO | queue[0035] trial 46 fold 2 physics
2026-03-28 06:24:00,866 | 3861906 | INFO | queue[0036] trial 46 fold 3 physics
2026-03-28 06:24:00,866 | 3861906 | INFO | queue[0037] trial 46 fold 4 physics
2026-03-28 06:24:00,866 | 3861906 | INFO | queue[0038] trial 47 fold 1 physics
2026-03-28 06:24:00,866 | 3861906 | INFO | queue[0039] trial 47 fold 2 physics
2026-03-28 06:24:00,867 | 3861906 | INFO | queue[0040] trial 47 fold 3 physics
2026-03-28 06:24:00,867 | 3861906 | INFO | queue[0041] trial 47 fold 4 physics
2026-03-28 06:24:00,867 | 3861906 | INFO | queue[0042] trial 48 fold 1 physics
2026-03-28 06:24:00,867 | 3861906 | INFO | queue[0043] trial 48 fold 2 physics
2026-03-28 06:24:00,867 | 3861906 | INFO | queue[0044] trial 48 fold 3 physics
2026-03-28 06:24:00,867 | 3861906 | INFO | queue[0045] trial 48 fold 4 physics
2026-03-28 06:24:00,867 | 3861906 | INFO | [END BAYES QUEUE]
2026-03-28 06:24:00,875 | 3861906 | INFO | [RESUME] starting from trial 17
2026-03-28 06:24:06,315 | 3861906 | INFO | [RESUME] starting from trial 17
2026-03-28 06:24:40,933 | 3861906 | INFO | [TRIAL COMPLETE] trial 32 physics NSE_1D=0.83271 NSE_1H=0.77142
2026-03-28 06:24:40,954 | 3861906 | INFO | [RESUME] starting from trial 18
2026-03-28 06:27:20,638 | 3861906 | INFO | [TRIAL COMPLETE] trial 7 physics NSE_1D=0.78924 NSE_1H=0.74404
2026-03-28 06:27:20,660 | 3861906 | INFO | [RESUME] starting from trial 19
2026-03-28 06:30:45,254 | 3861906 | INFO | [RESUME] starting from trial 19
2026-03-28 06:30:47,104 | 3861906 | INFO | [RESUME] starting from trial 19
2026-03-28 06:32:00,601 | 3861906 | INFO | [RESUME] starting from trial 19
2026-03-28 06:33:17,708 | 3861906 | INFO | [RESUME] starting from trial 19
2026-03-28 06:33:18,333 | 3861906 | INFO | [RESUME] starting from trial 19
2026-03-28 06:35:16,152 | 3861906 | INFO | [TRIAL COMPLETE] trial 30 physics NSE_1D=0.87778 NSE_1H=0.80694
2026-03-28 06:35:16,185 | 3861906 | INFO | [RESUME] starting from trial 20
2026-03-28 06:35:19,720 | 3861906 | INFO | [TRIAL COMPLETE] trial 20 physics NSE_1D=0.81003 NSE_1H=0.76004
2026-03-28 06:35:19,740 | 3861906 | INFO | [RESUME] starting from trial 21
2026-03-28 06:35:25,174 | 3861906 | INFO | [RESUME] starting from trial 21
2026-03-28 06:36:43,500 | 3861906 | INFO | [TRIAL COMPLETE] trial 29 physics NSE_1D=0.80337 NSE_1H=0.73867
2026-03-28 06:36:43,516 | 3861906 | INFO | [RESUME] starting from trial 22
2026-03-28 06:37:10,419 | 3861906 | INFO | [RESUME] starting from trial 22
2026-03-28 06:37:49,055 | 3861906 | INFO | [TRIAL COMPLETE] trial 1 physics NSE_1D=0.84933 NSE_1H=0.76485
2026-03-28 06:37:49,076 | 3861906 | INFO | [RESUME] starting from trial 23
2026-03-28 06:38:22,793 | 3861906 | INFO | [RESUME] starting from trial 23
2026-03-28 06:38:37,960 | 3861906 | INFO | [RESUME] starting from trial 23
2026-03-28 06:39:34,823 | 3861906 | INFO | [TRIAL COMPLETE] trial 33 physics NSE_1D=0.82731 NSE_1H=0.75016
2026-03-28 06:39:34,840 | 3861906 | INFO | [RESUME] starting from trial 24
2026-03-28 06:40:06,946 | 3861906 | INFO | [TRIAL COMPLETE] trial 27 physics NSE_1D=0.82104 NSE_1H=0.73184
2026-03-28 06:40:06,966 | 3861906 | INFO | [RESUME] starting from trial 25
2026-03-28 06:42:16,803 | 3861906 | INFO | [RESUME] starting from trial 25
2026-03-28 06:42:48,827 | 3861906 | INFO | [TRIAL COMPLETE] trial 24 physics NSE_1D=0.81514 NSE_1H=0.76119
2026-03-28 06:42:48,843 | 3861906 | INFO | [RESUME] starting from trial 26
2026-03-28 06:43:29,767 | 3861906 | INFO | [RESUME] starting from trial 26
2026-03-28 06:43:41,630 | 3861906 | INFO | [RESUME] starting from trial 26
2026-03-28 06:46:18,849 | 3861906 | INFO | [RESUME] starting from trial 26
2026-03-28 06:47:40,372 | 3861906 | INFO | [RESUME] starting from trial 26
2026-03-28 06:48:07,977 | 3861906 | INFO | [TRIAL COMPLETE] trial 22 physics NSE_1D=0.86854 NSE_1H=0.79885
2026-03-28 06:48:07,999 | 3861906 | INFO | [RESUME] starting from trial 27
2026-03-28 06:49:50,061 | 3861906 | INFO | [TRIAL COMPLETE] trial 19 physics NSE_1D=0.81406 NSE_1H=0.73427
2026-03-28 06:49:50,078 | 3861906 | INFO | [RESUME] starting from trial 28
2026-03-28 06:52:20,540 | 3861906 | INFO | [RESUME] starting from trial 28
2026-03-28 06:52:59,160 | 3861906 | INFO | [RESUME] starting from trial 28
2026-03-28 06:53:12,529 | 3861906 | INFO | [RESUME] starting from trial 28
2026-03-28 06:53:16,268 | 3861906 | INFO | [RESUME] starting from trial 28
2026-03-28 06:53:30,091 | 3861906 | INFO | [TRIAL COMPLETE] trial 25 physics NSE_1D=0.78884 NSE_1H=0.71606
2026-03-28 06:53:30,114 | 3861906 | INFO | [RESUME] starting from trial 29
2026-03-28 06:54:18,954 | 3861906 | INFO | [RESUME] starting from trial 29
2026-03-28 06:55:49,881 | 3861906 | INFO | [RESUME] starting from trial 29
2026-03-28 06:57:05,079 | 3861906 | INFO | [RESUME] starting from trial 29
2026-03-28 06:57:35,081 | 3861906 | INFO | [RESUME] starting from trial 29
2026-03-28 06:57:49,843 | 3861906 | INFO | [RESUME] starting from trial 29
2026-03-28 07:00:07,186 | 3861906 | INFO | [RESUME] starting from trial 29
2026-03-28 07:06:09,373 | 3861906 | INFO | [RESUME] starting from trial 29
2026-03-28 07:09:18,061 | 3861906 | INFO | [TRIAL COMPLETE] trial 26 physics NSE_1D=0.80180 NSE_1H=0.72864
2026-03-28 07:09:18,084 | 3861906 | INFO | [RESUME] starting from trial 30
2026-03-28 07:10:07,323 | 3861906 | INFO | [RESUME] starting from trial 30
2026-03-28 07:10:11,169 | 3861906 | INFO | [RESUME] starting from trial 30
2026-03-28 07:12:17,619 | 3861906 | INFO | [TRIAL COMPLETE] trial 17 physics NSE_1D=0.85993 NSE_1H=0.78263
2026-03-28 07:12:17,644 | 3861906 | INFO | [RESUME] starting from trial 31
2026-03-28 07:12:30,605 | 3861906 | INFO | [RESUME] starting from trial 31
2026-03-28 07:13:40,293 | 3861906 | INFO | [RESUME] starting from trial 31
2026-03-28 07:17:09,181 | 3861906 | INFO | [RESUME] starting from trial 31
2026-03-28 07:18:03,245 | 3861906 | INFO | [RESUME] starting from trial 31
2026-03-28 07:20:47,765 | 3861906 | INFO | [RESUME] starting from trial 31
2026-03-28 07:21:38,169 | 3861906 | INFO | [RESUME] starting from trial 31
2026-03-28 07:22:02,794 | 3861906 | INFO | [RESUME] starting from trial 31
2026-03-28 07:24:07,054 | 3861906 | INFO | [TRIAL COMPLETE] trial 38 physics NSE_1D=0.86739 NSE_1H=0.80541
2026-03-28 07:24:07,078 | 3861906 | INFO | [RESUME] starting from trial 32
2026-03-28 07:24:24,968 | 3861906 | INFO | [RESUME] starting from trial 32
2026-03-28 07:24:39,677 | 3861906 | INFO | [TRIAL COMPLETE] trial 39 physics NSE_1D=0.85795 NSE_1H=0.76637
2026-03-28 07:24:39,703 | 3861906 | INFO | [RESUME] starting from trial 33
2026-03-28 07:24:43,442 | 3861906 | INFO | [RESUME] starting from trial 33
2026-03-28 07:25:20,547 | 3861906 | INFO | [RESUME] starting from trial 33
2026-03-28 07:26:36,545 | 3861906 | INFO | [RESUME] starting from trial 33
2026-03-28 07:27:52,641 | 3861906 | INFO | [RESUME] starting from trial 33
2026-03-28 07:29:40,335 | 3861906 | INFO | [RESUME] starting from trial 33
2026-03-28 07:30:48,683 | 3861906 | INFO | [RESUME] starting from trial 33
2026-03-28 07:33:23,506 | 3861906 | INFO | [RESUME] starting from trial 33
2026-03-28 07:34:12,320 | 3861906 | INFO | [TRIAL COMPLETE] trial 40 physics NSE_1D=0.86108 NSE_1H=0.79500
2026-03-28 07:34:12,343 | 3861906 | INFO | [RESUME] starting from trial 34
2026-03-28 07:37:17,005 | 3861906 | INFO | [RESUME] starting from trial 34
2026-03-28 07:37:18,543 | 3861906 | INFO | [RESUME] starting from trial 34
2026-03-28 07:37:43,851 | 3861906 | INFO | [RESUME] starting from trial 34
2026-03-28 07:39:01,037 | 3861906 | INFO | [TRIAL COMPLETE] trial 41 physics NSE_1D=0.86194 NSE_1H=0.79957
2026-03-28 07:39:01,061 | 3861906 | INFO | [RESUME] starting from trial 35
2026-03-28 07:39:08,609 | 3861906 | INFO | [RESUME] starting from trial 35
2026-03-28 07:39:27,895 | 3861906 | INFO | [RESUME] starting from trial 35
2026-03-28 07:39:29,935 | 3861906 | INFO | [RESUME] starting from trial 35
2026-03-28 07:39:35,908 | 3861906 | INFO | [TRIAL COMPLETE] trial 43 physics NSE_1D=0.83756 NSE_1H=0.81395
2026-03-28 07:39:35,931 | 3861906 | INFO | [RESUME] starting from trial 36
2026-03-28 07:44:14,988 | 3861906 | INFO | [TRIAL COMPLETE] trial 37 physics NSE_1D=0.81088 NSE_1H=0.73317
2026-03-28 07:44:15,012 | 3861906 | INFO | [RESUME] starting from trial 37
2026-03-28 07:46:30,497 | 3861906 | INFO | [RESUME] starting from trial 37
2026-03-28 07:47:01,724 | 3861906 | INFO | [RESUME] starting from trial 37
2026-03-28 07:47:47,075 | 3861906 | INFO | [RESUME] starting from trial 37
2026-03-28 07:52:23,236 | 3861906 | INFO | [RESUME] starting from trial 37
2026-03-28 07:52:28,301 | 3861906 | INFO | [RESUME] starting from trial 37
2026-03-28 07:53:32,319 | 3861906 | INFO | [TRIAL COMPLETE] trial 36 physics NSE_1D=0.86144 NSE_1H=0.80298
2026-03-28 07:53:32,352 | 3861906 | INFO | [RESUME] starting from trial 38
2026-03-28 07:56:57,688 | 3861906 | INFO | [RESUME] starting from trial 38
2026-03-28 07:57:05,441 | 3861906 | INFO | [RESUME] starting from trial 38
2026-03-28 08:02:11,727 | 3861906 | INFO | [RESUME] starting from trial 38
2026-03-28 08:05:24,342 | 3861906 | INFO | [RESUME] starting from trial 38
2026-03-28 08:07:39,000 | 3861906 | INFO | [RESUME] starting from trial 38
2026-03-28 08:11:05,729 | 3861906 | INFO | [TRIAL COMPLETE] trial 34 physics NSE_1D=0.84591 NSE_1H=0.77189
2026-03-28 08:11:05,753 | 3861906 | INFO | [RESUME] starting from trial 39
2026-03-28 08:13:17,916 | 3861906 | INFO | [TRIAL COMPLETE] trial 31 physics NSE_1D=0.86074 NSE_1H=0.75947
2026-03-28 08:13:17,938 | 3861906 | INFO | [RESUME] starting from trial 40
2026-03-28 08:13:25,748 | 3861906 | INFO | [TRIAL COMPLETE] trial 42 physics NSE_1D=0.83709 NSE_1H=0.81819
2026-03-28 08:13:25,772 | 3861906 | INFO | [RESUME] starting from trial 41
2026-03-28 08:17:19,431 | 3861906 | INFO | [RESUME] starting from trial 41
2026-03-28 08:17:23,994 | 3861906 | INFO | [RESUME] starting from trial 41
2026-03-28 08:17:40,772 | 3861906 | INFO | [RESUME] starting from trial 41
2026-03-28 08:17:49,833 | 3861906 | INFO | [RESUME] starting from trial 41
2026-03-28 08:18:16,138 | 3861906 | INFO | [TRIAL COMPLETE] trial 28 physics NSE_1D=0.82000 NSE_1H=0.75850
2026-03-28 08:18:16,163 | 3861906 | INFO | [RESUME] starting from trial 42
2026-03-28 08:18:36,452 | 3861906 | INFO | [TRIAL COMPLETE] trial 44 physics NSE_1D=0.86696 NSE_1H=0.80246
2026-03-28 08:18:36,477 | 3861906 | INFO | [RESUME] starting from trial 43
2026-03-28 08:19:33,643 | 3861906 | INFO | [TRIAL COMPLETE] trial 45 physics NSE_1D=0.86034 NSE_1H=0.79030
2026-03-28 08:19:33,667 | 3861906 | INFO | [RESUME] starting from trial 44
2026-03-28 08:21:17,318 | 3861906 | INFO | [RESUME] starting from trial 44
2026-03-28 08:25:58,552 | 3861906 | INFO | [TRIAL COMPLETE] trial 46 physics NSE_1D=0.87222 NSE_1H=0.80128
2026-03-28 08:25:58,578 | 3861906 | INFO | [RESUME] starting from trial 45
2026-03-28 08:31:23,278 | 3861906 | INFO | [TRIAL COMPLETE] trial 47 physics NSE_1D=0.84737 NSE_1H=0.77418
2026-03-28 08:31:23,304 | 3861906 | INFO | [RESUME] starting from trial 46
2026-03-28 08:33:56,726 | 3861906 | INFO | [TRIAL COMPLETE] trial 35 physics NSE_1D=0.79761 NSE_1H=0.71196
2026-03-28 08:33:56,753 | 3861906 | INFO | [RESUME] starting from trial 47
2026-03-28 08:42:18,615 | 3861906 | INFO | [TRIAL COMPLETE] trial 48 physics NSE_1D=0.85303 NSE_1H=0.77367
2026-03-28 08:42:18,642 | 3861906 | INFO | [RESUME] starting from trial 48
2026-03-28 08:42:18,642 | 3861906 | INFO | [BAYES] physics already finished (48/48)
2026-03-28 08:42:19,294 | 3861906 | INFO | run_gridsearch =
2026-03-28 08:42:19,294 | 3861906 | INFO | False
2026-03-28 08:42:19,303 | 3861906 | INFO | hparams_exists =
2026-03-28 08:42:19,304 | 3861906 | INFO | True
