2026-03-07 04:22:21,228 | 2111642 | INFO | [+   0.03s]
2026-03-07 04:22:21,245 | 2111642 | INFO | Basin: guerneville, GPU: -1, Verbose: True
2026-03-07 04:22:21,246 | 2111642 | INFO | [+   0.05s]
2026-03-07 04:22:21,246 | 2111642 | INFO | Pre-warming numba JIT ...
2026-03-07 04:22:24,132 | 2111642 | INFO | [+   2.93s]
2026-03-07 04:22:24,135 | 2111642 | INFO | Numba JIT pre-compiled.
2026-03-07 04:22:24,155 | 2111642 | INFO | YAML PATH:
2026-03-07 04:22:24,155 | 2111642 | INFO | /global/scratch/users/maxwellfung/UCB-USACE-RR-PROJECT/UCB_training/configs/guerneville_mtslstm2.yaml
2026-03-07 04:22:24,200 | 2111642 | INFO | [+   3.00s]
2026-03-07 04:22:24,200 | 2111642 | INFO | 288 combinations, 50 workers
2026-03-07 04:22:24,201 | 2111642 | INFO | run_gridsearch =
2026-03-07 04:22:24,201 | 2111642 | INFO | False
2026-03-07 04:22:24,221 | 2111642 | INFO | hparams_exists =
2026-03-07 04:22:24,222 | 2111642 | INFO | False
2026-03-07 04:22:24,281 | 2111642 | INFO | [EXTERNAL CV FOLDS]
2026-03-07 04:22:24,282 | 2111642 | INFO | fold 1: train 01/10/1994 -> 01/10/1996 | val 02/10/1996 -> 01/10/1997 | eval 02/10/1996 -> 01/10/1997
2026-03-07 04:22:24,282 | 2111642 | INFO | fold 2: train 01/10/1994 -> 01/10/1998 | val 02/10/1998 -> 01/10/1999 | eval 02/10/1998 -> 01/10/1999
2026-03-07 04:22:24,282 | 2111642 | INFO | fold 3: train 01/10/1994 -> 01/10/2000 | val 02/10/2000 -> 01/10/2001 | eval 02/10/2000 -> 01/10/2001
2026-03-07 04:22:24,282 | 2111642 | INFO | fold 4: train 01/10/1994 -> 01/10/2002 | val 02/10/2002 -> 01/10/2003 | eval 02/10/2002 -> 01/10/2003
2026-03-07 04:22:24,282 | 2111642 | INFO | fold 5: train 01/10/1994 -> 01/10/2004 | val 02/10/2004 -> 01/10/2005 | eval 02/10/2004 -> 01/10/2005
2026-03-07 04:22:24,282 | 2111642 | INFO | [EXTERNAL CV FOLDS] total folds = 5
2026-03-07 04:22:24,283 | 2111642 | INFO | [BAYESIAN OPTIMIZATION] Using 50 parallel workers
2026-03-07 04:22:24,375 | 2111642 | INFO | [BAYES] no_physics: 10 parallel trials x 5 folds = up to 50 workers
2026-03-07 04:22:24,709 | 2111642 | INFO | [ENQUEUE TRIAL] trial 1 no_physics
2026-03-07 04:22:24,710 | 2111642 | INFO | [BAYES QUEUE STATE]
2026-03-07 04:22:24,710 | 2111642 | INFO | pending_jobs = 5
2026-03-07 04:22:24,711 | 2111642 | INFO | inflight_trials = [0]
2026-03-07 04:22:24,711 | 2111642 | INFO | queue[0000] trial 1 fold 1 no_physics
2026-03-07 04:22:24,711 | 2111642 | INFO | queue[0001] trial 1 fold 2 no_physics
2026-03-07 04:22:24,712 | 2111642 | INFO | queue[0002] trial 1 fold 3 no_physics
2026-03-07 04:22:24,712 | 2111642 | INFO | queue[0003] trial 1 fold 4 no_physics
2026-03-07 04:22:24,712 | 2111642 | INFO | queue[0004] trial 1 fold 5 no_physics
2026-03-07 04:22:24,712 | 2111642 | INFO | [END BAYES QUEUE]
2026-03-07 04:22:25,040 | 2111642 | INFO | [ENQUEUE TRIAL] trial 2 no_physics
2026-03-07 04:22:25,040 | 2111642 | INFO | [BAYES QUEUE STATE]
2026-03-07 04:22:25,041 | 2111642 | INFO | pending_jobs = 10
2026-03-07 04:22:25,041 | 2111642 | INFO | inflight_trials = [0, 1]
2026-03-07 04:22:25,041 | 2111642 | INFO | queue[0000] trial 1 fold 1 no_physics
2026-03-07 04:22:25,042 | 2111642 | INFO | queue[0001] trial 1 fold 2 no_physics
2026-03-07 04:22:25,042 | 2111642 | INFO | queue[0002] trial 1 fold 3 no_physics
2026-03-07 04:22:25,042 | 2111642 | INFO | queue[0003] trial 1 fold 4 no_physics
2026-03-07 04:22:25,043 | 2111642 | INFO | queue[0004] trial 1 fold 5 no_physics
2026-03-07 04:22:25,043 | 2111642 | INFO | queue[0005] trial 2 fold 1 no_physics
2026-03-07 04:22:25,043 | 2111642 | INFO | queue[0006] trial 2 fold 2 no_physics
2026-03-07 04:22:25,044 | 2111642 | INFO | queue[0007] trial 2 fold 3 no_physics
2026-03-07 04:22:25,044 | 2111642 | INFO | queue[0008] trial 2 fold 4 no_physics
2026-03-07 04:22:25,044 | 2111642 | INFO | queue[0009] trial 2 fold 5 no_physics
2026-03-07 04:22:25,045 | 2111642 | INFO | [END BAYES QUEUE]
2026-03-07 04:22:25,405 | 2111642 | INFO | [ENQUEUE TRIAL] trial 3 no_physics
2026-03-07 04:22:25,417 | 2111642 | INFO | [BAYES QUEUE STATE]
2026-03-07 04:22:25,418 | 2111642 | INFO | pending_jobs = 15
2026-03-07 04:22:25,418 | 2111642 | INFO | inflight_trials = [0, 1, 2]
2026-03-07 04:22:25,418 | 2111642 | INFO | queue[0000] trial 1 fold 1 no_physics
2026-03-07 04:22:25,419 | 2111642 | INFO | queue[0001] trial 1 fold 2 no_physics
2026-03-07 04:22:25,419 | 2111642 | INFO | queue[0002] trial 1 fold 3 no_physics
2026-03-07 04:22:25,419 | 2111642 | INFO | queue[0003] trial 1 fold 4 no_physics
2026-03-07 04:22:25,420 | 2111642 | INFO | queue[0004] trial 1 fold 5 no_physics
2026-03-07 04:22:25,420 | 2111642 | INFO | queue[0005] trial 2 fold 1 no_physics
2026-03-07 04:22:25,420 | 2111642 | INFO | queue[0006] trial 2 fold 2 no_physics
2026-03-07 04:22:25,421 | 2111642 | INFO | queue[0007] trial 2 fold 3 no_physics
2026-03-07 04:22:25,421 | 2111642 | INFO | queue[0008] trial 2 fold 4 no_physics
2026-03-07 04:22:25,421 | 2111642 | INFO | queue[0009] trial 2 fold 5 no_physics
2026-03-07 04:22:25,422 | 2111642 | INFO | queue[0010] trial 3 fold 1 no_physics
2026-03-07 04:22:25,422 | 2111642 | INFO | queue[0011] trial 3 fold 2 no_physics
2026-03-07 04:22:25,422 | 2111642 | INFO | queue[0012] trial 3 fold 3 no_physics
2026-03-07 04:22:25,423 | 2111642 | INFO | queue[0013] trial 3 fold 4 no_physics
2026-03-07 04:22:25,423 | 2111642 | INFO | queue[0014] trial 3 fold 5 no_physics
2026-03-07 04:22:25,423 | 2111642 | INFO | [END BAYES QUEUE]
2026-03-07 04:22:25,757 | 2111642 | INFO | [ENQUEUE TRIAL] trial 4 no_physics
2026-03-07 04:22:25,758 | 2111642 | INFO | [BAYES QUEUE STATE]
2026-03-07 04:22:25,758 | 2111642 | INFO | pending_jobs = 20
2026-03-07 04:22:25,759 | 2111642 | INFO | inflight_trials = [0, 1, 2, 3]
2026-03-07 04:22:25,759 | 2111642 | INFO | queue[0000] trial 1 fold 1 no_physics
2026-03-07 04:22:25,759 | 2111642 | INFO | queue[0001] trial 1 fold 2 no_physics
2026-03-07 04:22:25,760 | 2111642 | INFO | queue[0002] trial 1 fold 3 no_physics
2026-03-07 04:22:25,760 | 2111642 | INFO | queue[0003] trial 1 fold 4 no_physics
2026-03-07 04:22:25,760 | 2111642 | INFO | queue[0004] trial 1 fold 5 no_physics
2026-03-07 04:22:25,761 | 2111642 | INFO | queue[0005] trial 2 fold 1 no_physics
2026-03-07 04:22:25,761 | 2111642 | INFO | queue[0006] trial 2 fold 2 no_physics
2026-03-07 04:22:25,761 | 2111642 | INFO | queue[0007] trial 2 fold 3 no_physics
2026-03-07 04:22:25,762 | 2111642 | INFO | queue[0008] trial 2 fold 4 no_physics
2026-03-07 04:22:25,762 | 2111642 | INFO | queue[0009] trial 2 fold 5 no_physics
2026-03-07 04:22:25,762 | 2111642 | INFO | queue[0010] trial 3 fold 1 no_physics
2026-03-07 04:22:25,763 | 2111642 | INFO | queue[0011] trial 3 fold 2 no_physics
2026-03-07 04:22:25,763 | 2111642 | INFO | queue[0012] trial 3 fold 3 no_physics
2026-03-07 04:22:25,763 | 2111642 | INFO | queue[0013] trial 3 fold 4 no_physics
2026-03-07 04:22:25,763 | 2111642 | INFO | queue[0014] trial 3 fold 5 no_physics
2026-03-07 04:22:25,764 | 2111642 | INFO | queue[0015] trial 4 fold 1 no_physics
2026-03-07 04:22:25,764 | 2111642 | INFO | queue[0016] trial 4 fold 2 no_physics
2026-03-07 04:22:25,764 | 2111642 | INFO | queue[0017] trial 4 fold 3 no_physics
2026-03-07 04:22:25,764 | 2111642 | INFO | queue[0018] trial 4 fold 4 no_physics
2026-03-07 04:22:25,764 | 2111642 | INFO | queue[0019] trial 4 fold 5 no_physics
2026-03-07 04:22:25,765 | 2111642 | INFO | [END BAYES QUEUE]
2026-03-07 04:22:26,091 | 2111642 | INFO | [ENQUEUE TRIAL] trial 5 no_physics
2026-03-07 04:22:26,092 | 2111642 | INFO | [BAYES QUEUE STATE]
2026-03-07 04:22:26,092 | 2111642 | INFO | pending_jobs = 25
2026-03-07 04:22:26,092 | 2111642 | INFO | inflight_trials = [0, 1, 2, 3, 4]
2026-03-07 04:22:26,093 | 2111642 | INFO | queue[0000] trial 1 fold 1 no_physics
2026-03-07 04:22:26,093 | 2111642 | INFO | queue[0001] trial 1 fold 2 no_physics
2026-03-07 04:22:26,093 | 2111642 | INFO | queue[0002] trial 1 fold 3 no_physics
2026-03-07 04:22:26,094 | 2111642 | INFO | queue[0003] trial 1 fold 4 no_physics
2026-03-07 04:22:26,094 | 2111642 | INFO | queue[0004] trial 1 fold 5 no_physics
2026-03-07 04:22:26,094 | 2111642 | INFO | queue[0005] trial 2 fold 1 no_physics
2026-03-07 04:22:26,095 | 2111642 | INFO | queue[0006] trial 2 fold 2 no_physics
2026-03-07 04:22:26,095 | 2111642 | INFO | queue[0007] trial 2 fold 3 no_physics
2026-03-07 04:22:26,095 | 2111642 | INFO | queue[0008] trial 2 fold 4 no_physics
2026-03-07 04:22:26,096 | 2111642 | INFO | queue[0009] trial 2 fold 5 no_physics
2026-03-07 04:22:26,096 | 2111642 | INFO | queue[0010] trial 3 fold 1 no_physics
2026-03-07 04:22:26,096 | 2111642 | INFO | queue[0011] trial 3 fold 2 no_physics
2026-03-07 04:22:26,097 | 2111642 | INFO | queue[0012] trial 3 fold 3 no_physics
2026-03-07 04:22:26,097 | 2111642 | INFO | queue[0013] trial 3 fold 4 no_physics
2026-03-07 04:22:26,097 | 2111642 | INFO | queue[0014] trial 3 fold 5 no_physics
2026-03-07 04:22:26,098 | 2111642 | INFO | queue[0015] trial 4 fold 1 no_physics
2026-03-07 04:22:26,098 | 2111642 | INFO | queue[0016] trial 4 fold 2 no_physics
2026-03-07 04:22:26,098 | 2111642 | INFO | queue[0017] trial 4 fold 3 no_physics
2026-03-07 04:22:26,099 | 2111642 | INFO | queue[0018] trial 4 fold 4 no_physics
2026-03-07 04:22:26,099 | 2111642 | INFO | queue[0019] trial 4 fold 5 no_physics
2026-03-07 04:22:26,099 | 2111642 | INFO | queue[0020] trial 5 fold 1 no_physics
2026-03-07 04:22:26,100 | 2111642 | INFO | queue[0021] trial 5 fold 2 no_physics
2026-03-07 04:22:26,100 | 2111642 | INFO | queue[0022] trial 5 fold 3 no_physics
2026-03-07 04:22:26,100 | 2111642 | INFO | queue[0023] trial 5 fold 4 no_physics
2026-03-07 04:22:26,100 | 2111642 | INFO | queue[0024] trial 5 fold 5 no_physics
2026-03-07 04:22:26,100 | 2111642 | INFO | [END BAYES QUEUE]
2026-03-07 04:22:26,448 | 2111642 | INFO | [ENQUEUE TRIAL] trial 6 no_physics
2026-03-07 04:22:26,459 | 2111642 | INFO | [BAYES QUEUE STATE]
2026-03-07 04:22:26,460 | 2111642 | INFO | pending_jobs = 30
2026-03-07 04:22:26,460 | 2111642 | INFO | inflight_trials = [0, 1, 2, 3, 4, 5]
2026-03-07 04:22:26,460 | 2111642 | INFO | queue[0000] trial 1 fold 1 no_physics
2026-03-07 04:22:26,461 | 2111642 | INFO | queue[0001] trial 1 fold 2 no_physics
2026-03-07 04:22:26,461 | 2111642 | INFO | queue[0002] trial 1 fold 3 no_physics
2026-03-07 04:22:26,461 | 2111642 | INFO | queue[0003] trial 1 fold 4 no_physics
2026-03-07 04:22:26,462 | 2111642 | INFO | queue[0004] trial 1 fold 5 no_physics
2026-03-07 04:22:26,462 | 2111642 | INFO | queue[0005] trial 2 fold 1 no_physics
2026-03-07 04:22:26,462 | 2111642 | INFO | queue[0006] trial 2 fold 2 no_physics
2026-03-07 04:22:26,463 | 2111642 | INFO | queue[0007] trial 2 fold 3 no_physics
2026-03-07 04:22:26,463 | 2111642 | INFO | queue[0008] trial 2 fold 4 no_physics
2026-03-07 04:22:26,463 | 2111642 | INFO | queue[0009] trial 2 fold 5 no_physics
2026-03-07 04:22:26,464 | 2111642 | INFO | queue[0010] trial 3 fold 1 no_physics
2026-03-07 04:22:26,464 | 2111642 | INFO | queue[0011] trial 3 fold 2 no_physics
2026-03-07 04:22:26,464 | 2111642 | INFO | queue[0012] trial 3 fold 3 no_physics
2026-03-07 04:22:26,465 | 2111642 | INFO | queue[0013] trial 3 fold 4 no_physics
2026-03-07 04:22:26,465 | 2111642 | INFO | queue[0014] trial 3 fold 5 no_physics
2026-03-07 04:22:26,465 | 2111642 | INFO | queue[0015] trial 4 fold 1 no_physics
2026-03-07 04:22:26,465 | 2111642 | INFO | queue[0016] trial 4 fold 2 no_physics
2026-03-07 04:22:26,466 | 2111642 | INFO | queue[0017] trial 4 fold 3 no_physics
2026-03-07 04:22:26,466 | 2111642 | INFO | queue[0018] trial 4 fold 4 no_physics
2026-03-07 04:22:26,466 | 2111642 | INFO | queue[0019] trial 4 fold 5 no_physics
2026-03-07 04:22:26,466 | 2111642 | INFO | queue[0020] trial 5 fold 1 no_physics
2026-03-07 04:22:26,466 | 2111642 | INFO | queue[0021] trial 5 fold 2 no_physics
2026-03-07 04:22:26,467 | 2111642 | INFO | queue[0022] trial 5 fold 3 no_physics
2026-03-07 04:22:26,467 | 2111642 | INFO | queue[0023] trial 5 fold 4 no_physics
2026-03-07 04:22:26,467 | 2111642 | INFO | queue[0024] trial 5 fold 5 no_physics
2026-03-07 04:22:26,467 | 2111642 | INFO | queue[0025] trial 6 fold 1 no_physics
2026-03-07 04:22:26,467 | 2111642 | INFO | queue[0026] trial 6 fold 2 no_physics
2026-03-07 04:22:26,468 | 2111642 | INFO | queue[0027] trial 6 fold 3 no_physics
2026-03-07 04:22:26,468 | 2111642 | INFO | queue[0028] trial 6 fold 4 no_physics
2026-03-07 04:22:26,468 | 2111642 | INFO | queue[0029] trial 6 fold 5 no_physics
2026-03-07 04:22:26,468 | 2111642 | INFO | [END BAYES QUEUE]
2026-03-07 04:22:26,797 | 2111642 | INFO | [ENQUEUE TRIAL] trial 7 no_physics
2026-03-07 04:22:26,798 | 2111642 | INFO | [BAYES QUEUE STATE]
2026-03-07 04:22:26,798 | 2111642 | INFO | pending_jobs = 35
2026-03-07 04:22:26,799 | 2111642 | INFO | inflight_trials = [0, 1, 2, 3, 4, 5, 6]
2026-03-07 04:22:26,799 | 2111642 | INFO | queue[0000] trial 1 fold 1 no_physics
2026-03-07 04:22:26,799 | 2111642 | INFO | queue[0001] trial 1 fold 2 no_physics
2026-03-07 04:22:26,800 | 2111642 | INFO | queue[0002] trial 1 fold 3 no_physics
2026-03-07 04:22:26,800 | 2111642 | INFO | queue[0003] trial 1 fold 4 no_physics
2026-03-07 04:22:26,800 | 2111642 | INFO | queue[0004] trial 1 fold 5 no_physics
2026-03-07 04:22:26,801 | 2111642 | INFO | queue[0005] trial 2 fold 1 no_physics
2026-03-07 04:22:26,801 | 2111642 | INFO | queue[0006] trial 2 fold 2 no_physics
2026-03-07 04:22:26,801 | 2111642 | INFO | queue[0007] trial 2 fold 3 no_physics
2026-03-07 04:22:26,802 | 2111642 | INFO | queue[0008] trial 2 fold 4 no_physics
2026-03-07 04:22:26,802 | 2111642 | INFO | queue[0009] trial 2 fold 5 no_physics
2026-03-07 04:22:26,802 | 2111642 | INFO | queue[0010] trial 3 fold 1 no_physics
2026-03-07 04:22:26,802 | 2111642 | INFO | queue[0011] trial 3 fold 2 no_physics
2026-03-07 04:22:26,803 | 2111642 | INFO | queue[0012] trial 3 fold 3 no_physics
2026-03-07 04:22:26,803 | 2111642 | INFO | queue[0013] trial 3 fold 4 no_physics
2026-03-07 04:22:26,803 | 2111642 | INFO | queue[0014] trial 3 fold 5 no_physics
2026-03-07 04:22:26,804 | 2111642 | INFO | queue[0015] trial 4 fold 1 no_physics
2026-03-07 04:22:26,804 | 2111642 | INFO | queue[0016] trial 4 fold 2 no_physics
2026-03-07 04:22:26,804 | 2111642 | INFO | queue[0017] trial 4 fold 3 no_physics
2026-03-07 04:22:26,805 | 2111642 | INFO | queue[0018] trial 4 fold 4 no_physics
2026-03-07 04:22:26,805 | 2111642 | INFO | queue[0019] trial 4 fold 5 no_physics
2026-03-07 04:22:26,805 | 2111642 | INFO | queue[0020] trial 5 fold 1 no_physics
2026-03-07 04:22:26,806 | 2111642 | INFO | queue[0021] trial 5 fold 2 no_physics
2026-03-07 04:22:26,806 | 2111642 | INFO | queue[0022] trial 5 fold 3 no_physics
2026-03-07 04:22:26,806 | 2111642 | INFO | queue[0023] trial 5 fold 4 no_physics
2026-03-07 04:22:26,806 | 2111642 | INFO | queue[0024] trial 5 fold 5 no_physics
2026-03-07 04:22:26,806 | 2111642 | INFO | queue[0025] trial 6 fold 1 no_physics
2026-03-07 04:22:26,807 | 2111642 | INFO | queue[0026] trial 6 fold 2 no_physics
2026-03-07 04:22:26,807 | 2111642 | INFO | queue[0027] trial 6 fold 3 no_physics
2026-03-07 04:22:26,807 | 2111642 | INFO | queue[0028] trial 6 fold 4 no_physics
2026-03-07 04:22:26,807 | 2111642 | INFO | queue[0029] trial 6 fold 5 no_physics
2026-03-07 04:22:26,807 | 2111642 | INFO | queue[0030] trial 7 fold 1 no_physics
2026-03-07 04:22:26,807 | 2111642 | INFO | queue[0031] trial 7 fold 2 no_physics
2026-03-07 04:22:26,807 | 2111642 | INFO | queue[0032] trial 7 fold 3 no_physics
2026-03-07 04:22:26,808 | 2111642 | INFO | queue[0033] trial 7 fold 4 no_physics
2026-03-07 04:22:26,808 | 2111642 | INFO | queue[0034] trial 7 fold 5 no_physics
2026-03-07 04:22:26,808 | 2111642 | INFO | [END BAYES QUEUE]
2026-03-07 04:22:27,147 | 2111642 | INFO | [ENQUEUE TRIAL] trial 8 no_physics
2026-03-07 04:22:27,148 | 2111642 | INFO | [BAYES QUEUE STATE]
2026-03-07 04:22:27,148 | 2111642 | INFO | pending_jobs = 40
2026-03-07 04:22:27,148 | 2111642 | INFO | inflight_trials = [0, 1, 2, 3, 4, 5, 6, 7]
2026-03-07 04:22:27,149 | 2111642 | INFO | queue[0000] trial 1 fold 1 no_physics
2026-03-07 04:22:27,149 | 2111642 | INFO | queue[0001] trial 1 fold 2 no_physics
2026-03-07 04:22:27,149 | 2111642 | INFO | queue[0002] trial 1 fold 3 no_physics
2026-03-07 04:22:27,150 | 2111642 | INFO | queue[0003] trial 1 fold 4 no_physics
2026-03-07 04:22:27,150 | 2111642 | INFO | queue[0004] trial 1 fold 5 no_physics
2026-03-07 04:22:27,150 | 2111642 | INFO | queue[0005] trial 2 fold 1 no_physics
2026-03-07 04:22:27,151 | 2111642 | INFO | queue[0006] trial 2 fold 2 no_physics
2026-03-07 04:22:27,151 | 2111642 | INFO | queue[0007] trial 2 fold 3 no_physics
2026-03-07 04:22:27,151 | 2111642 | INFO | queue[0008] trial 2 fold 4 no_physics
2026-03-07 04:22:27,152 | 2111642 | INFO | queue[0009] trial 2 fold 5 no_physics
2026-03-07 04:22:27,152 | 2111642 | INFO | queue[0010] trial 3 fold 1 no_physics
2026-03-07 04:22:27,152 | 2111642 | INFO | queue[0011] trial 3 fold 2 no_physics
2026-03-07 04:22:27,153 | 2111642 | INFO | queue[0012] trial 3 fold 3 no_physics
2026-03-07 04:22:27,153 | 2111642 | INFO | queue[0013] trial 3 fold 4 no_physics
2026-03-07 04:22:27,153 | 2111642 | INFO | queue[0014] trial 3 fold 5 no_physics
2026-03-07 04:22:27,154 | 2111642 | INFO | queue[0015] trial 4 fold 1 no_physics
2026-03-07 04:22:27,154 | 2111642 | INFO | queue[0016] trial 4 fold 2 no_physics
2026-03-07 04:22:27,154 | 2111642 | INFO | queue[0017] trial 4 fold 3 no_physics
2026-03-07 04:22:27,154 | 2111642 | INFO | queue[0018] trial 4 fold 4 no_physics
2026-03-07 04:22:27,155 | 2111642 | INFO | queue[0019] trial 4 fold 5 no_physics
2026-03-07 04:22:27,155 | 2111642 | INFO | queue[0020] trial 5 fold 1 no_physics
2026-03-07 04:22:27,155 | 2111642 | INFO | queue[0021] trial 5 fold 2 no_physics
2026-03-07 04:22:27,155 | 2111642 | INFO | queue[0022] trial 5 fold 3 no_physics
2026-03-07 04:22:27,156 | 2111642 | INFO | queue[0023] trial 5 fold 4 no_physics
2026-03-07 04:22:27,156 | 2111642 | INFO | queue[0024] trial 5 fold 5 no_physics
2026-03-07 04:22:27,156 | 2111642 | INFO | queue[0025] trial 6 fold 1 no_physics
2026-03-07 04:22:27,156 | 2111642 | INFO | queue[0026] trial 6 fold 2 no_physics
2026-03-07 04:22:27,156 | 2111642 | INFO | queue[0027] trial 6 fold 3 no_physics
2026-03-07 04:22:27,156 | 2111642 | INFO | queue[0028] trial 6 fold 4 no_physics
2026-03-07 04:22:27,156 | 2111642 | INFO | queue[0029] trial 6 fold 5 no_physics
2026-03-07 04:22:27,156 | 2111642 | INFO | queue[0030] trial 7 fold 1 no_physics
2026-03-07 04:22:27,157 | 2111642 | INFO | queue[0031] trial 7 fold 2 no_physics
2026-03-07 04:22:27,157 | 2111642 | INFO | queue[0032] trial 7 fold 3 no_physics
2026-03-07 04:22:27,157 | 2111642 | INFO | queue[0033] trial 7 fold 4 no_physics
2026-03-07 04:22:27,157 | 2111642 | INFO | queue[0034] trial 7 fold 5 no_physics
2026-03-07 04:22:27,157 | 2111642 | INFO | queue[0035] trial 8 fold 1 no_physics
2026-03-07 04:22:27,157 | 2111642 | INFO | queue[0036] trial 8 fold 2 no_physics
2026-03-07 04:22:27,157 | 2111642 | INFO | queue[0037] trial 8 fold 3 no_physics
2026-03-07 04:22:27,158 | 2111642 | INFO | queue[0038] trial 8 fold 4 no_physics
2026-03-07 04:22:27,158 | 2111642 | INFO | queue[0039] trial 8 fold 5 no_physics
2026-03-07 04:22:27,158 | 2111642 | INFO | [END BAYES QUEUE]
2026-03-07 04:22:27,505 | 2111642 | INFO | [ENQUEUE TRIAL] trial 9 no_physics
2026-03-07 04:22:27,517 | 2111642 | INFO | [BAYES QUEUE STATE]
2026-03-07 04:22:27,517 | 2111642 | INFO | pending_jobs = 45
2026-03-07 04:22:27,517 | 2111642 | INFO | inflight_trials = [0, 1, 2, 3, 4, 5, 6, 7, 8]
2026-03-07 04:22:27,518 | 2111642 | INFO | queue[0000] trial 1 fold 1 no_physics
2026-03-07 04:22:27,518 | 2111642 | INFO | queue[0001] trial 1 fold 2 no_physics
2026-03-07 04:22:27,519 | 2111642 | INFO | queue[0002] trial 1 fold 3 no_physics
2026-03-07 04:22:27,519 | 2111642 | INFO | queue[0003] trial 1 fold 4 no_physics
2026-03-07 04:22:27,519 | 2111642 | INFO | queue[0004] trial 1 fold 5 no_physics
2026-03-07 04:22:27,519 | 2111642 | INFO | queue[0005] trial 2 fold 1 no_physics
2026-03-07 04:22:27,520 | 2111642 | INFO | queue[0006] trial 2 fold 2 no_physics
2026-03-07 04:22:27,520 | 2111642 | INFO | queue[0007] trial 2 fold 3 no_physics
2026-03-07 04:22:27,520 | 2111642 | INFO | queue[0008] trial 2 fold 4 no_physics
2026-03-07 04:22:27,521 | 2111642 | INFO | queue[0009] trial 2 fold 5 no_physics
2026-03-07 04:22:27,521 | 2111642 | INFO | queue[0010] trial 3 fold 1 no_physics
2026-03-07 04:22:27,521 | 2111642 | INFO | queue[0011] trial 3 fold 2 no_physics
2026-03-07 04:22:27,521 | 2111642 | INFO | queue[0012] trial 3 fold 3 no_physics
2026-03-07 04:22:27,522 | 2111642 | INFO | queue[0013] trial 3 fold 4 no_physics
2026-03-07 04:22:27,522 | 2111642 | INFO | queue[0014] trial 3 fold 5 no_physics
2026-03-07 04:22:27,522 | 2111642 | INFO | queue[0015] trial 4 fold 1 no_physics
2026-03-07 04:22:27,522 | 2111642 | INFO | queue[0016] trial 4 fold 2 no_physics
2026-03-07 04:22:27,523 | 2111642 | INFO | queue[0017] trial 4 fold 3 no_physics
2026-03-07 04:22:27,523 | 2111642 | INFO | queue[0018] trial 4 fold 4 no_physics
2026-03-07 04:22:27,523 | 2111642 | INFO | queue[0019] trial 4 fold 5 no_physics
2026-03-07 04:22:27,523 | 2111642 | INFO | queue[0020] trial 5 fold 1 no_physics
2026-03-07 04:22:27,524 | 2111642 | INFO | queue[0021] trial 5 fold 2 no_physics
2026-03-07 04:22:27,524 | 2111642 | INFO | queue[0022] trial 5 fold 3 no_physics
2026-03-07 04:22:27,524 | 2111642 | INFO | queue[0023] trial 5 fold 4 no_physics
2026-03-07 04:22:27,524 | 2111642 | INFO | queue[0024] trial 5 fold 5 no_physics
2026-03-07 04:22:27,525 | 2111642 | INFO | queue[0025] trial 6 fold 1 no_physics
2026-03-07 04:22:27,525 | 2111642 | INFO | queue[0026] trial 6 fold 2 no_physics
2026-03-07 04:22:27,525 | 2111642 | INFO | queue[0027] trial 6 fold 3 no_physics
2026-03-07 04:22:27,525 | 2111642 | INFO | queue[0028] trial 6 fold 4 no_physics
2026-03-07 04:22:27,526 | 2111642 | INFO | queue[0029] trial 6 fold 5 no_physics
2026-03-07 04:22:27,526 | 2111642 | INFO | queue[0030] trial 7 fold 1 no_physics
2026-03-07 04:22:27,526 | 2111642 | INFO | queue[0031] trial 7 fold 2 no_physics
2026-03-07 04:22:27,527 | 2111642 | INFO | queue[0032] trial 7 fold 3 no_physics
2026-03-07 04:22:27,527 | 2111642 | INFO | queue[0033] trial 7 fold 4 no_physics
2026-03-07 04:22:27,527 | 2111642 | INFO | queue[0034] trial 7 fold 5 no_physics
2026-03-07 04:22:27,527 | 2111642 | INFO | queue[0035] trial 8 fold 1 no_physics
2026-03-07 04:22:27,527 | 2111642 | INFO | queue[0036] trial 8 fold 2 no_physics
2026-03-07 04:22:27,528 | 2111642 | INFO | queue[0037] trial 8 fold 3 no_physics
2026-03-07 04:22:27,528 | 2111642 | INFO | queue[0038] trial 8 fold 4 no_physics
2026-03-07 04:22:27,528 | 2111642 | INFO | queue[0039] trial 8 fold 5 no_physics
2026-03-07 04:22:27,528 | 2111642 | INFO | queue[0040] trial 9 fold 1 no_physics
2026-03-07 04:22:27,528 | 2111642 | INFO | queue[0041] trial 9 fold 2 no_physics
2026-03-07 04:22:27,528 | 2111642 | INFO | queue[0042] trial 9 fold 3 no_physics
2026-03-07 04:22:27,528 | 2111642 | INFO | queue[0043] trial 9 fold 4 no_physics
2026-03-07 04:22:27,528 | 2111642 | INFO | queue[0044] trial 9 fold 5 no_physics
2026-03-07 04:22:27,529 | 2111642 | INFO | [END BAYES QUEUE]
2026-03-07 04:22:27,848 | 2111642 | INFO | [ENQUEUE TRIAL] trial 10 no_physics
2026-03-07 04:22:27,849 | 2111642 | INFO | [BAYES QUEUE STATE]
2026-03-07 04:22:27,849 | 2111642 | INFO | pending_jobs = 50
2026-03-07 04:22:27,850 | 2111642 | INFO | inflight_trials = [0, 1, 2, 3, 4, 5, 6, 7, 8, 9]
2026-03-07 04:22:27,850 | 2111642 | INFO | queue[0000] trial 1 fold 1 no_physics
2026-03-07 04:22:27,850 | 2111642 | INFO | queue[0001] trial 1 fold 2 no_physics
2026-03-07 04:22:27,851 | 2111642 | INFO | queue[0002] trial 1 fold 3 no_physics
2026-03-07 04:22:27,851 | 2111642 | INFO | queue[0003] trial 1 fold 4 no_physics
2026-03-07 04:22:27,851 | 2111642 | INFO | queue[0004] trial 1 fold 5 no_physics
2026-03-07 04:22:27,852 | 2111642 | INFO | queue[0005] trial 2 fold 1 no_physics
2026-03-07 04:22:27,852 | 2111642 | INFO | queue[0006] trial 2 fold 2 no_physics
2026-03-07 04:22:27,852 | 2111642 | INFO | queue[0007] trial 2 fold 3 no_physics
2026-03-07 04:22:27,853 | 2111642 | INFO | queue[0008] trial 2 fold 4 no_physics
2026-03-07 04:22:27,853 | 2111642 | INFO | queue[0009] trial 2 fold 5 no_physics
2026-03-07 04:22:27,853 | 2111642 | INFO | queue[0010] trial 3 fold 1 no_physics
2026-03-07 04:22:27,853 | 2111642 | INFO | queue[0011] trial 3 fold 2 no_physics
2026-03-07 04:22:27,853 | 2111642 | INFO | queue[0012] trial 3 fold 3 no_physics
2026-03-07 04:22:27,854 | 2111642 | INFO | queue[0013] trial 3 fold 4 no_physics
2026-03-07 04:22:27,854 | 2111642 | INFO | queue[0014] trial 3 fold 5 no_physics
2026-03-07 04:22:27,854 | 2111642 | INFO | queue[0015] trial 4 fold 1 no_physics
2026-03-07 04:22:27,854 | 2111642 | INFO | queue[0016] trial 4 fold 2 no_physics
2026-03-07 04:22:27,854 | 2111642 | INFO | queue[0017] trial 4 fold 3 no_physics
2026-03-07 04:22:27,855 | 2111642 | INFO | queue[0018] trial 4 fold 4 no_physics
2026-03-07 04:22:27,855 | 2111642 | INFO | queue[0019] trial 4 fold 5 no_physics
2026-03-07 04:22:27,855 | 2111642 | INFO | queue[0020] trial 5 fold 1 no_physics
2026-03-07 04:22:27,855 | 2111642 | INFO | queue[0021] trial 5 fold 2 no_physics
2026-03-07 04:22:27,855 | 2111642 | INFO | queue[0022] trial 5 fold 3 no_physics
2026-03-07 04:22:27,856 | 2111642 | INFO | queue[0023] trial 5 fold 4 no_physics
2026-03-07 04:22:27,856 | 2111642 | INFO | queue[0024] trial 5 fold 5 no_physics
2026-03-07 04:22:27,856 | 2111642 | INFO | queue[0025] trial 6 fold 1 no_physics
2026-03-07 04:22:27,856 | 2111642 | INFO | queue[0026] trial 6 fold 2 no_physics
2026-03-07 04:22:27,856 | 2111642 | INFO | queue[0027] trial 6 fold 3 no_physics
2026-03-07 04:22:27,857 | 2111642 | INFO | queue[0028] trial 6 fold 4 no_physics
2026-03-07 04:22:27,857 | 2111642 | INFO | queue[0029] trial 6 fold 5 no_physics
2026-03-07 04:22:27,857 | 2111642 | INFO | queue[0030] trial 7 fold 1 no_physics
2026-03-07 04:22:27,857 | 2111642 | INFO | queue[0031] trial 7 fold 2 no_physics
2026-03-07 04:22:27,857 | 2111642 | INFO | queue[0032] trial 7 fold 3 no_physics
2026-03-07 04:22:27,858 | 2111642 | INFO | queue[0033] trial 7 fold 4 no_physics
2026-03-07 04:22:27,858 | 2111642 | INFO | queue[0034] trial 7 fold 5 no_physics
2026-03-07 04:22:27,858 | 2111642 | INFO | queue[0035] trial 8 fold 1 no_physics
2026-03-07 04:22:27,858 | 2111642 | INFO | queue[0036] trial 8 fold 2 no_physics
2026-03-07 04:22:27,858 | 2111642 | INFO | queue[0037] trial 8 fold 3 no_physics
2026-03-07 04:22:27,858 | 2111642 | INFO | queue[0038] trial 8 fold 4 no_physics
2026-03-07 04:22:27,859 | 2111642 | INFO | queue[0039] trial 8 fold 5 no_physics
2026-03-07 04:22:27,859 | 2111642 | INFO | queue[0040] trial 9 fold 1 no_physics
2026-03-07 04:22:27,859 | 2111642 | INFO | queue[0041] trial 9 fold 2 no_physics
2026-03-07 04:22:27,859 | 2111642 | INFO | queue[0042] trial 9 fold 3 no_physics
2026-03-07 04:22:27,859 | 2111642 | INFO | queue[0043] trial 9 fold 4 no_physics
2026-03-07 04:22:27,860 | 2111642 | INFO | queue[0044] trial 9 fold 5 no_physics
2026-03-07 04:22:27,860 | 2111642 | INFO | queue[0045] trial 10 fold 1 no_physics
2026-03-07 04:22:27,860 | 2111642 | INFO | queue[0046] trial 10 fold 2 no_physics
2026-03-07 04:22:27,860 | 2111642 | INFO | queue[0047] trial 10 fold 3 no_physics
2026-03-07 04:22:27,860 | 2111642 | INFO | queue[0048] trial 10 fold 4 no_physics
2026-03-07 04:22:27,860 | 2111642 | INFO | queue[0049] trial 10 fold 5 no_physics
2026-03-07 04:22:27,861 | 2111642 | INFO | [END BAYES QUEUE]
2026-03-07 04:22:28,181 | 2111642 | INFO | [ENQUEUE TRIAL] trial 11 no_physics
2026-03-07 04:22:28,182 | 2111642 | INFO | [BAYES QUEUE STATE]
2026-03-07 04:22:28,182 | 2111642 | INFO | pending_jobs = 55
2026-03-07 04:22:28,182 | 2111642 | INFO | inflight_trials = [0, 1, 2, 3, 4, 5, 6, 7, 8, 9, 10]
2026-03-07 04:22:28,183 | 2111642 | INFO | queue[0000] trial 1 fold 1 no_physics
2026-03-07 04:22:28,183 | 2111642 | INFO | queue[0001] trial 1 fold 2 no_physics
2026-03-07 04:22:28,183 | 2111642 | INFO | queue[0002] trial 1 fold 3 no_physics
2026-03-07 04:22:28,184 | 2111642 | INFO | queue[0003] trial 1 fold 4 no_physics
2026-03-07 04:22:28,184 | 2111642 | INFO | queue[0004] trial 1 fold 5 no_physics
2026-03-07 04:22:28,184 | 2111642 | INFO | queue[0005] trial 2 fold 1 no_physics
2026-03-07 04:22:28,185 | 2111642 | INFO | queue[0006] trial 2 fold 2 no_physics
2026-03-07 04:22:28,185 | 2111642 | INFO | queue[0007] trial 2 fold 3 no_physics
2026-03-07 04:22:28,185 | 2111642 | INFO | queue[0008] trial 2 fold 4 no_physics
2026-03-07 04:22:28,186 | 2111642 | INFO | queue[0009] trial 2 fold 5 no_physics
2026-03-07 04:22:28,186 | 2111642 | INFO | queue[0010] trial 3 fold 1 no_physics
2026-03-07 04:22:28,186 | 2111642 | INFO | queue[0011] trial 3 fold 2 no_physics
2026-03-07 04:22:28,187 | 2111642 | INFO | queue[0012] trial 3 fold 3 no_physics
2026-03-07 04:22:28,187 | 2111642 | INFO | queue[0013] trial 3 fold 4 no_physics
2026-03-07 04:22:28,187 | 2111642 | INFO | queue[0014] trial 3 fold 5 no_physics
2026-03-07 04:22:28,188 | 2111642 | INFO | queue[0015] trial 4 fold 1 no_physics
2026-03-07 04:22:28,188 | 2111642 | INFO | queue[0016] trial 4 fold 2 no_physics
2026-03-07 04:22:28,188 | 2111642 | INFO | queue[0017] trial 4 fold 3 no_physics
2026-03-07 04:22:28,188 | 2111642 | INFO | queue[0018] trial 4 fold 4 no_physics
2026-03-07 04:22:28,189 | 2111642 | INFO | queue[0019] trial 4 fold 5 no_physics
2026-03-07 04:22:28,189 | 2111642 | INFO | queue[0020] trial 5 fold 1 no_physics
2026-03-07 04:22:28,189 | 2111642 | INFO | queue[0021] trial 5 fold 2 no_physics
2026-03-07 04:22:28,189 | 2111642 | INFO | queue[0022] trial 5 fold 3 no_physics
2026-03-07 04:22:28,189 | 2111642 | INFO | queue[0023] trial 5 fold 4 no_physics
2026-03-07 04:22:28,189 | 2111642 | INFO | queue[0024] trial 5 fold 5 no_physics
2026-03-07 04:22:28,189 | 2111642 | INFO | queue[0025] trial 6 fold 1 no_physics
2026-03-07 04:22:28,190 | 2111642 | INFO | queue[0026] trial 6 fold 2 no_physics
2026-03-07 04:22:28,190 | 2111642 | INFO | queue[0027] trial 6 fold 3 no_physics
2026-03-07 04:22:28,190 | 2111642 | INFO | queue[0028] trial 6 fold 4 no_physics
2026-03-07 04:22:28,190 | 2111642 | INFO | queue[0029] trial 6 fold 5 no_physics
2026-03-07 04:22:28,190 | 2111642 | INFO | queue[0030] trial 7 fold 1 no_physics
2026-03-07 04:22:28,190 | 2111642 | INFO | queue[0031] trial 7 fold 2 no_physics
2026-03-07 04:22:28,190 | 2111642 | INFO | queue[0032] trial 7 fold 3 no_physics
2026-03-07 04:22:28,190 | 2111642 | INFO | queue[0033] trial 7 fold 4 no_physics
2026-03-07 04:22:28,191 | 2111642 | INFO | queue[0034] trial 7 fold 5 no_physics
2026-03-07 04:22:28,191 | 2111642 | INFO | queue[0035] trial 8 fold 1 no_physics
2026-03-07 04:22:28,191 | 2111642 | INFO | queue[0036] trial 8 fold 2 no_physics
2026-03-07 04:22:28,191 | 2111642 | INFO | queue[0037] trial 8 fold 3 no_physics
2026-03-07 04:22:28,191 | 2111642 | INFO | queue[0038] trial 8 fold 4 no_physics
2026-03-07 04:22:28,191 | 2111642 | INFO | queue[0039] trial 8 fold 5 no_physics
2026-03-07 04:22:28,191 | 2111642 | INFO | queue[0040] trial 9 fold 1 no_physics
2026-03-07 04:22:28,192 | 2111642 | INFO | queue[0041] trial 9 fold 2 no_physics
2026-03-07 04:22:28,192 | 2111642 | INFO | queue[0042] trial 9 fold 3 no_physics
2026-03-07 04:22:28,192 | 2111642 | INFO | queue[0043] trial 9 fold 4 no_physics
2026-03-07 04:22:28,192 | 2111642 | INFO | queue[0044] trial 9 fold 5 no_physics
2026-03-07 04:22:28,192 | 2111642 | INFO | queue[0045] trial 10 fold 1 no_physics
2026-03-07 04:22:28,192 | 2111642 | INFO | queue[0046] trial 10 fold 2 no_physics
2026-03-07 04:22:28,192 | 2111642 | INFO | queue[0047] trial 10 fold 3 no_physics
2026-03-07 04:22:28,192 | 2111642 | INFO | queue[0048] trial 10 fold 4 no_physics
2026-03-07 04:22:28,193 | 2111642 | INFO | queue[0049] trial 10 fold 5 no_physics
2026-03-07 04:22:28,193 | 2111642 | INFO | queue[0050] trial 11 fold 1 no_physics
2026-03-07 04:22:28,193 | 2111642 | INFO | queue[0051] trial 11 fold 2 no_physics
2026-03-07 04:22:28,193 | 2111642 | INFO | queue[0052] trial 11 fold 3 no_physics
2026-03-07 04:22:28,193 | 2111642 | INFO | queue[0053] trial 11 fold 4 no_physics
2026-03-07 04:22:28,193 | 2111642 | INFO | queue[0054] trial 11 fold 5 no_physics
2026-03-07 04:22:28,193 | 2111642 | INFO | [END BAYES QUEUE]
2026-03-07 04:49:54,069 | 2111642 | INFO | [TRIAL COMPLETE] trial 1 no_physics NSE_1D=0.77984 NSE_1H=0.77490
2026-03-07 04:49:54,369 | 2111642 | INFO | [ENQUEUE TRIAL] trial 12 no_physics
2026-03-07 04:49:54,370 | 2111642 | INFO | [BAYES QUEUE STATE]
2026-03-07 04:49:54,370 | 2111642 | INFO | pending_jobs = 5
2026-03-07 04:49:54,370 | 2111642 | INFO | inflight_trials = [1, 2, 3, 4, 5, 6, 7, 8, 9, 10, 11]
2026-03-07 04:49:54,371 | 2111642 | INFO | queue[0000] trial 12 fold 1 no_physics
2026-03-07 04:49:54,371 | 2111642 | INFO | queue[0001] trial 12 fold 2 no_physics
2026-03-07 04:49:54,371 | 2111642 | INFO | queue[0002] trial 12 fold 3 no_physics
2026-03-07 04:49:54,372 | 2111642 | INFO | queue[0003] trial 12 fold 4 no_physics
2026-03-07 04:49:54,372 | 2111642 | INFO | queue[0004] trial 12 fold 5 no_physics
2026-03-07 04:49:54,372 | 2111642 | INFO | [END BAYES QUEUE]
2026-03-07 04:49:54,665 | 2111642 | INFO | [ENQUEUE TRIAL] trial 13 no_physics
2026-03-07 04:49:54,666 | 2111642 | INFO | [BAYES QUEUE STATE]
2026-03-07 04:49:54,666 | 2111642 | INFO | pending_jobs = 10
2026-03-07 04:49:54,667 | 2111642 | INFO | inflight_trials = [1, 2, 3, 4, 5, 6, 7, 8, 9, 10, 11, 12]
2026-03-07 04:49:54,667 | 2111642 | INFO | queue[0000] trial 12 fold 1 no_physics
2026-03-07 04:49:54,667 | 2111642 | INFO | queue[0001] trial 12 fold 2 no_physics
2026-03-07 04:49:54,668 | 2111642 | INFO | queue[0002] trial 12 fold 3 no_physics
2026-03-07 04:49:54,668 | 2111642 | INFO | queue[0003] trial 12 fold 4 no_physics
2026-03-07 04:49:54,668 | 2111642 | INFO | queue[0004] trial 12 fold 5 no_physics
2026-03-07 04:49:54,669 | 2111642 | INFO | queue[0005] trial 13 fold 1 no_physics
2026-03-07 04:49:54,669 | 2111642 | INFO | queue[0006] trial 13 fold 2 no_physics
2026-03-07 04:49:54,669 | 2111642 | INFO | queue[0007] trial 13 fold 3 no_physics
2026-03-07 04:49:54,670 | 2111642 | INFO | queue[0008] trial 13 fold 4 no_physics
2026-03-07 04:49:54,670 | 2111642 | INFO | queue[0009] trial 13 fold 5 no_physics
2026-03-07 04:49:54,670 | 2111642 | INFO | [END BAYES QUEUE]
2026-03-07 04:49:54,974 | 2111642 | INFO | [ENQUEUE TRIAL] trial 14 no_physics
2026-03-07 04:49:54,974 | 2111642 | INFO | [BAYES QUEUE STATE]
2026-03-07 04:49:54,975 | 2111642 | INFO | pending_jobs = 15
2026-03-07 04:49:54,975 | 2111642 | INFO | inflight_trials = [1, 2, 3, 4, 5, 6, 7, 8, 9, 10, 11, 12, 13]
2026-03-07 04:49:54,975 | 2111642 | INFO | queue[0000] trial 12 fold 1 no_physics
2026-03-07 04:49:54,976 | 2111642 | INFO | queue[0001] trial 12 fold 2 no_physics
2026-03-07 04:49:54,976 | 2111642 | INFO | queue[0002] trial 12 fold 3 no_physics
2026-03-07 04:49:54,976 | 2111642 | INFO | queue[0003] trial 12 fold 4 no_physics
2026-03-07 04:49:54,977 | 2111642 | INFO | queue[0004] trial 12 fold 5 no_physics
2026-03-07 04:49:54,977 | 2111642 | INFO | queue[0005] trial 13 fold 1 no_physics
2026-03-07 04:49:54,977 | 2111642 | INFO | queue[0006] trial 13 fold 2 no_physics
2026-03-07 04:49:54,978 | 2111642 | INFO | queue[0007] trial 13 fold 3 no_physics
2026-03-07 04:49:54,978 | 2111642 | INFO | queue[0008] trial 13 fold 4 no_physics
2026-03-07 04:49:54,978 | 2111642 | INFO | queue[0009] trial 13 fold 5 no_physics
2026-03-07 04:49:54,979 | 2111642 | INFO | queue[0010] trial 14 fold 1 no_physics
2026-03-07 04:49:54,979 | 2111642 | INFO | queue[0011] trial 14 fold 2 no_physics
2026-03-07 04:49:54,979 | 2111642 | INFO | queue[0012] trial 14 fold 3 no_physics
2026-03-07 04:49:54,980 | 2111642 | INFO | queue[0013] trial 14 fold 4 no_physics
2026-03-07 04:49:54,980 | 2111642 | INFO | queue[0014] trial 14 fold 5 no_physics
2026-03-07 04:49:54,980 | 2111642 | INFO | [END BAYES QUEUE]
2026-03-07 04:49:55,303 | 2111642 | INFO | [ENQUEUE TRIAL] trial 15 no_physics
2026-03-07 04:49:55,306 | 2111642 | INFO | [BAYES QUEUE STATE]
2026-03-07 04:49:55,306 | 2111642 | INFO | pending_jobs = 20
2026-03-07 04:49:55,307 | 2111642 | INFO | inflight_trials = [1, 2, 3, 4, 5, 6, 7, 8, 9, 10, 11, 12, 13, 14]
2026-03-07 04:49:55,307 | 2111642 | INFO | queue[0000] trial 12 fold 1 no_physics
2026-03-07 04:49:55,307 | 2111642 | INFO | queue[0001] trial 12 fold 2 no_physics
2026-03-07 04:49:55,308 | 2111642 | INFO | queue[0002] trial 12 fold 3 no_physics
2026-03-07 04:49:55,308 | 2111642 | INFO | queue[0003] trial 12 fold 4 no_physics
2026-03-07 04:49:55,308 | 2111642 | INFO | queue[0004] trial 12 fold 5 no_physics
2026-03-07 04:49:55,309 | 2111642 | INFO | queue[0005] trial 13 fold 1 no_physics
2026-03-07 04:49:55,309 | 2111642 | INFO | queue[0006] trial 13 fold 2 no_physics
2026-03-07 04:49:55,309 | 2111642 | INFO | queue[0007] trial 13 fold 3 no_physics
2026-03-07 04:49:55,310 | 2111642 | INFO | queue[0008] trial 13 fold 4 no_physics
2026-03-07 04:49:55,310 | 2111642 | INFO | queue[0009] trial 13 fold 5 no_physics
2026-03-07 04:49:55,310 | 2111642 | INFO | queue[0010] trial 14 fold 1 no_physics
2026-03-07 04:49:55,311 | 2111642 | INFO | queue[0011] trial 14 fold 2 no_physics
2026-03-07 04:49:55,311 | 2111642 | INFO | queue[0012] trial 14 fold 3 no_physics
2026-03-07 04:49:55,311 | 2111642 | INFO | queue[0013] trial 14 fold 4 no_physics
2026-03-07 04:49:55,311 | 2111642 | INFO | queue[0014] trial 14 fold 5 no_physics
2026-03-07 04:49:55,312 | 2111642 | INFO | queue[0015] trial 15 fold 1 no_physics
2026-03-07 04:49:55,312 | 2111642 | INFO | queue[0016] trial 15 fold 2 no_physics
2026-03-07 04:49:55,312 | 2111642 | INFO | queue[0017] trial 15 fold 3 no_physics
2026-03-07 04:49:55,312 | 2111642 | INFO | queue[0018] trial 15 fold 4 no_physics
2026-03-07 04:49:55,312 | 2111642 | INFO | queue[0019] trial 15 fold 5 no_physics
2026-03-07 04:49:55,312 | 2111642 | INFO | [END BAYES QUEUE]
2026-03-07 04:49:55,604 | 2111642 | INFO | [ENQUEUE TRIAL] trial 16 no_physics
2026-03-07 04:49:55,605 | 2111642 | INFO | [BAYES QUEUE STATE]
2026-03-07 04:49:55,605 | 2111642 | INFO | pending_jobs = 25
2026-03-07 04:49:55,605 | 2111642 | INFO | inflight_trials = [1, 2, 3, 4, 5, 6, 7, 8, 9, 10, 11, 12, 13, 14, 15]
2026-03-07 04:49:55,606 | 2111642 | INFO | queue[0000] trial 12 fold 1 no_physics
2026-03-07 04:49:55,606 | 2111642 | INFO | queue[0001] trial 12 fold 2 no_physics
2026-03-07 04:49:55,606 | 2111642 | INFO | queue[0002] trial 12 fold 3 no_physics
2026-03-07 04:49:55,607 | 2111642 | INFO | queue[0003] trial 12 fold 4 no_physics
2026-03-07 04:49:55,607 | 2111642 | INFO | queue[0004] trial 12 fold 5 no_physics
2026-03-07 04:49:55,607 | 2111642 | INFO | queue[0005] trial 13 fold 1 no_physics
2026-03-07 04:49:55,608 | 2111642 | INFO | queue[0006] trial 13 fold 2 no_physics
2026-03-07 04:49:55,608 | 2111642 | INFO | queue[0007] trial 13 fold 3 no_physics
2026-03-07 04:49:55,608 | 2111642 | INFO | queue[0008] trial 13 fold 4 no_physics
2026-03-07 04:49:55,609 | 2111642 | INFO | queue[0009] trial 13 fold 5 no_physics
2026-03-07 04:49:55,609 | 2111642 | INFO | queue[0010] trial 14 fold 1 no_physics
2026-03-07 04:49:55,609 | 2111642 | INFO | queue[0011] trial 14 fold 2 no_physics
2026-03-07 04:49:55,610 | 2111642 | INFO | queue[0012] trial 14 fold 3 no_physics
2026-03-07 04:49:55,610 | 2111642 | INFO | queue[0013] trial 14 fold 4 no_physics
2026-03-07 04:49:55,611 | 2111642 | INFO | queue[0014] trial 14 fold 5 no_physics
2026-03-07 04:49:55,611 | 2111642 | INFO | queue[0015] trial 15 fold 1 no_physics
2026-03-07 04:49:55,611 | 2111642 | INFO | queue[0016] trial 15 fold 2 no_physics
2026-03-07 04:49:55,612 | 2111642 | INFO | queue[0017] trial 15 fold 3 no_physics
2026-03-07 04:49:55,612 | 2111642 | INFO | queue[0018] trial 15 fold 4 no_physics
2026-03-07 04:49:55,612 | 2111642 | INFO | queue[0019] trial 15 fold 5 no_physics
2026-03-07 04:49:55,612 | 2111642 | INFO | queue[0020] trial 16 fold 1 no_physics
2026-03-07 04:49:55,612 | 2111642 | INFO | queue[0021] trial 16 fold 2 no_physics
2026-03-07 04:49:55,613 | 2111642 | INFO | queue[0022] trial 16 fold 3 no_physics
2026-03-07 04:49:55,613 | 2111642 | INFO | queue[0023] trial 16 fold 4 no_physics
2026-03-07 04:49:55,613 | 2111642 | INFO | queue[0024] trial 16 fold 5 no_physics
2026-03-07 04:49:55,613 | 2111642 | INFO | [END BAYES QUEUE]
2026-03-07 04:49:55,922 | 2111642 | INFO | [ENQUEUE TRIAL] trial 17 no_physics
2026-03-07 04:49:55,923 | 2111642 | INFO | [BAYES QUEUE STATE]
2026-03-07 04:49:55,923 | 2111642 | INFO | pending_jobs = 30
2026-03-07 04:49:55,924 | 2111642 | INFO | inflight_trials = [1, 2, 3, 4, 5, 6, 7, 8, 9, 10, 11, 12, 13, 14, 15, 16]
2026-03-07 04:49:55,924 | 2111642 | INFO | queue[0000] trial 12 fold 1 no_physics
2026-03-07 04:49:55,924 | 2111642 | INFO | queue[0001] trial 12 fold 2 no_physics
2026-03-07 04:49:55,925 | 2111642 | INFO | queue[0002] trial 12 fold 3 no_physics
2026-03-07 04:49:55,925 | 2111642 | INFO | queue[0003] trial 12 fold 4 no_physics
2026-03-07 04:49:55,925 | 2111642 | INFO | queue[0004] trial 12 fold 5 no_physics
2026-03-07 04:49:55,926 | 2111642 | INFO | queue[0005] trial 13 fold 1 no_physics
2026-03-07 04:49:55,926 | 2111642 | INFO | queue[0006] trial 13 fold 2 no_physics
2026-03-07 04:49:55,927 | 2111642 | INFO | queue[0007] trial 13 fold 3 no_physics
2026-03-07 04:49:55,927 | 2111642 | INFO | queue[0008] trial 13 fold 4 no_physics
2026-03-07 04:49:55,927 | 2111642 | INFO | queue[0009] trial 13 fold 5 no_physics
2026-03-07 04:49:55,928 | 2111642 | INFO | queue[0010] trial 14 fold 1 no_physics
2026-03-07 04:49:55,928 | 2111642 | INFO | queue[0011] trial 14 fold 2 no_physics
2026-03-07 04:49:55,928 | 2111642 | INFO | queue[0012] trial 14 fold 3 no_physics
2026-03-07 04:49:55,928 | 2111642 | INFO | queue[0013] trial 14 fold 4 no_physics
2026-03-07 04:49:55,928 | 2111642 | INFO | queue[0014] trial 14 fold 5 no_physics
2026-03-07 04:49:55,928 | 2111642 | INFO | queue[0015] trial 15 fold 1 no_physics
2026-03-07 04:49:55,929 | 2111642 | INFO | queue[0016] trial 15 fold 2 no_physics
2026-03-07 04:49:55,929 | 2111642 | INFO | queue[0017] trial 15 fold 3 no_physics
2026-03-07 04:49:55,929 | 2111642 | INFO | queue[0018] trial 15 fold 4 no_physics
2026-03-07 04:49:55,929 | 2111642 | INFO | queue[0019] trial 15 fold 5 no_physics
2026-03-07 04:49:55,930 | 2111642 | INFO | queue[0020] trial 16 fold 1 no_physics
2026-03-07 04:49:55,930 | 2111642 | INFO | queue[0021] trial 16 fold 2 no_physics
2026-03-07 04:49:55,930 | 2111642 | INFO | queue[0022] trial 16 fold 3 no_physics
2026-03-07 04:49:55,930 | 2111642 | INFO | queue[0023] trial 16 fold 4 no_physics
2026-03-07 04:49:55,930 | 2111642 | INFO | queue[0024] trial 16 fold 5 no_physics
2026-03-07 04:49:55,931 | 2111642 | INFO | queue[0025] trial 17 fold 1 no_physics
2026-03-07 04:49:55,931 | 2111642 | INFO | queue[0026] trial 17 fold 2 no_physics
2026-03-07 04:49:55,931 | 2111642 | INFO | queue[0027] trial 17 fold 3 no_physics
2026-03-07 04:49:55,931 | 2111642 | INFO | queue[0028] trial 17 fold 4 no_physics
2026-03-07 04:49:55,931 | 2111642 | INFO | queue[0029] trial 17 fold 5 no_physics
2026-03-07 04:49:55,932 | 2111642 | INFO | [END BAYES QUEUE]
2026-03-07 04:49:56,232 | 2111642 | INFO | [ENQUEUE TRIAL] trial 18 no_physics
2026-03-07 04:49:56,233 | 2111642 | INFO | [BAYES QUEUE STATE]
2026-03-07 04:49:56,233 | 2111642 | INFO | pending_jobs = 35
2026-03-07 04:49:56,233 | 2111642 | INFO | inflight_trials = [1, 2, 3, 4, 5, 6, 7, 8, 9, 10, 11, 12, 13, 14, 15, 16, 17]
2026-03-07 04:49:56,234 | 2111642 | INFO | queue[0000] trial 12 fold 1 no_physics
2026-03-07 04:49:56,234 | 2111642 | INFO | queue[0001] trial 12 fold 2 no_physics
2026-03-07 04:49:56,234 | 2111642 | INFO | queue[0002] trial 12 fold 3 no_physics
2026-03-07 04:49:56,235 | 2111642 | INFO | queue[0003] trial 12 fold 4 no_physics
2026-03-07 04:49:56,235 | 2111642 | INFO | queue[0004] trial 12 fold 5 no_physics
2026-03-07 04:49:56,236 | 2111642 | INFO | queue[0005] trial 13 fold 1 no_physics
2026-03-07 04:49:56,236 | 2111642 | INFO | queue[0006] trial 13 fold 2 no_physics
2026-03-07 04:49:56,236 | 2111642 | INFO | queue[0007] trial 13 fold 3 no_physics
2026-03-07 04:49:56,237 | 2111642 | INFO | queue[0008] trial 13 fold 4 no_physics
2026-03-07 04:49:56,237 | 2111642 | INFO | queue[0009] trial 13 fold 5 no_physics
2026-03-07 04:49:56,237 | 2111642 | INFO | queue[0010] trial 14 fold 1 no_physics
2026-03-07 04:49:56,237 | 2111642 | INFO | queue[0011] trial 14 fold 2 no_physics
2026-03-07 04:49:56,237 | 2111642 | INFO | queue[0012] trial 14 fold 3 no_physics
2026-03-07 04:49:56,238 | 2111642 | INFO | queue[0013] trial 14 fold 4 no_physics
2026-03-07 04:49:56,238 | 2111642 | INFO | queue[0014] trial 14 fold 5 no_physics
2026-03-07 04:49:56,238 | 2111642 | INFO | queue[0015] trial 15 fold 1 no_physics
2026-03-07 04:49:56,238 | 2111642 | INFO | queue[0016] trial 15 fold 2 no_physics
2026-03-07 04:49:56,239 | 2111642 | INFO | queue[0017] trial 15 fold 3 no_physics
2026-03-07 04:49:56,239 | 2111642 | INFO | queue[0018] trial 15 fold 4 no_physics
2026-03-07 04:49:56,239 | 2111642 | INFO | queue[0019] trial 15 fold 5 no_physics
2026-03-07 04:49:56,239 | 2111642 | INFO | queue[0020] trial 16 fold 1 no_physics
2026-03-07 04:49:56,239 | 2111642 | INFO | queue[0021] trial 16 fold 2 no_physics
2026-03-07 04:49:56,240 | 2111642 | INFO | queue[0022] trial 16 fold 3 no_physics
2026-03-07 04:49:56,240 | 2111642 | INFO | queue[0023] trial 16 fold 4 no_physics
2026-03-07 04:49:56,240 | 2111642 | INFO | queue[0024] trial 16 fold 5 no_physics
2026-03-07 04:49:56,240 | 2111642 | INFO | queue[0025] trial 17 fold 1 no_physics
2026-03-07 04:49:56,241 | 2111642 | INFO | queue[0026] trial 17 fold 2 no_physics
2026-03-07 04:49:56,241 | 2111642 | INFO | queue[0027] trial 17 fold 3 no_physics
2026-03-07 04:49:56,241 | 2111642 | INFO | queue[0028] trial 17 fold 4 no_physics
2026-03-07 04:49:56,241 | 2111642 | INFO | queue[0029] trial 17 fold 5 no_physics
2026-03-07 04:49:56,241 | 2111642 | INFO | queue[0030] trial 18 fold 1 no_physics
2026-03-07 04:49:56,242 | 2111642 | INFO | queue[0031] trial 18 fold 2 no_physics
2026-03-07 04:49:56,242 | 2111642 | INFO | queue[0032] trial 18 fold 3 no_physics
2026-03-07 04:49:56,242 | 2111642 | INFO | queue[0033] trial 18 fold 4 no_physics
2026-03-07 04:49:56,243 | 2111642 | INFO | queue[0034] trial 18 fold 5 no_physics
2026-03-07 04:49:56,243 | 2111642 | INFO | [END BAYES QUEUE]
2026-03-07 04:49:56,533 | 2111642 | INFO | [ENQUEUE TRIAL] trial 19 no_physics
2026-03-07 04:49:56,536 | 2111642 | INFO | [BAYES QUEUE STATE]
2026-03-07 04:49:56,536 | 2111642 | INFO | pending_jobs = 40
2026-03-07 04:49:56,537 | 2111642 | INFO | inflight_trials = [1, 2, 3, 4, 5, 6, 7, 8, 9, 10, 11, 12, 13, 14, 15, 16, 17, 18]
2026-03-07 04:49:56,537 | 2111642 | INFO | queue[0000] trial 12 fold 1 no_physics
2026-03-07 04:49:56,537 | 2111642 | INFO | queue[0001] trial 12 fold 2 no_physics
2026-03-07 04:49:56,538 | 2111642 | INFO | queue[0002] trial 12 fold 3 no_physics
2026-03-07 04:49:56,538 | 2111642 | INFO | queue[0003] trial 12 fold 4 no_physics
2026-03-07 04:49:56,538 | 2111642 | INFO | queue[0004] trial 12 fold 5 no_physics
2026-03-07 04:49:56,539 | 2111642 | INFO | queue[0005] trial 13 fold 1 no_physics
2026-03-07 04:49:56,539 | 2111642 | INFO | queue[0006] trial 13 fold 2 no_physics
2026-03-07 04:49:56,539 | 2111642 | INFO | queue[0007] trial 13 fold 3 no_physics
2026-03-07 04:49:56,540 | 2111642 | INFO | queue[0008] trial 13 fold 4 no_physics
2026-03-07 04:49:56,540 | 2111642 | INFO | queue[0009] trial 13 fold 5 no_physics
2026-03-07 04:49:56,540 | 2111642 | INFO | queue[0010] trial 14 fold 1 no_physics
2026-03-07 04:49:56,541 | 2111642 | INFO | queue[0011] trial 14 fold 2 no_physics
2026-03-07 04:49:56,541 | 2111642 | INFO | queue[0012] trial 14 fold 3 no_physics
2026-03-07 04:49:56,541 | 2111642 | INFO | queue[0013] trial 14 fold 4 no_physics
2026-03-07 04:49:56,542 | 2111642 | INFO | queue[0014] trial 14 fold 5 no_physics
2026-03-07 04:49:56,542 | 2111642 | INFO | queue[0015] trial 15 fold 1 no_physics
2026-03-07 04:49:56,542 | 2111642 | INFO | queue[0016] trial 15 fold 2 no_physics
2026-03-07 04:49:56,543 | 2111642 | INFO | queue[0017] trial 15 fold 3 no_physics
2026-03-07 04:49:56,543 | 2111642 | INFO | queue[0018] trial 15 fold 4 no_physics
2026-03-07 04:49:56,543 | 2111642 | INFO | queue[0019] trial 15 fold 5 no_physics
2026-03-07 04:49:56,544 | 2111642 | INFO | queue[0020] trial 16 fold 1 no_physics
2026-03-07 04:49:56,544 | 2111642 | INFO | queue[0021] trial 16 fold 2 no_physics
2026-03-07 04:49:56,544 | 2111642 | INFO | queue[0022] trial 16 fold 3 no_physics
2026-03-07 04:49:56,545 | 2111642 | INFO | queue[0023] trial 16 fold 4 no_physics
2026-03-07 04:49:56,545 | 2111642 | INFO | queue[0024] trial 16 fold 5 no_physics
2026-03-07 04:49:56,545 | 2111642 | INFO | queue[0025] trial 17 fold 1 no_physics
2026-03-07 04:49:56,545 | 2111642 | INFO | queue[0026] trial 17 fold 2 no_physics
2026-03-07 04:49:56,545 | 2111642 | INFO | queue[0027] trial 17 fold 3 no_physics
2026-03-07 04:49:56,545 | 2111642 | INFO | queue[0028] trial 17 fold 4 no_physics
2026-03-07 04:49:56,545 | 2111642 | INFO | queue[0029] trial 17 fold 5 no_physics
2026-03-07 04:49:56,546 | 2111642 | INFO | queue[0030] trial 18 fold 1 no_physics
2026-03-07 04:49:56,546 | 2111642 | INFO | queue[0031] trial 18 fold 2 no_physics
2026-03-07 04:49:56,546 | 2111642 | INFO | queue[0032] trial 18 fold 3 no_physics
2026-03-07 04:49:56,546 | 2111642 | INFO | queue[0033] trial 18 fold 4 no_physics
2026-03-07 04:49:56,546 | 2111642 | INFO | queue[0034] trial 18 fold 5 no_physics
2026-03-07 04:49:56,546 | 2111642 | INFO | queue[0035] trial 19 fold 1 no_physics
2026-03-07 04:49:56,546 | 2111642 | INFO | queue[0036] trial 19 fold 2 no_physics
2026-03-07 04:49:56,547 | 2111642 | INFO | queue[0037] trial 19 fold 3 no_physics
2026-03-07 04:49:56,547 | 2111642 | INFO | queue[0038] trial 19 fold 4 no_physics
2026-03-07 04:49:56,547 | 2111642 | INFO | queue[0039] trial 19 fold 5 no_physics
2026-03-07 04:49:56,547 | 2111642 | INFO | [END BAYES QUEUE]
2026-03-07 04:49:56,833 | 2111642 | INFO | [ENQUEUE TRIAL] trial 20 no_physics
2026-03-07 04:49:56,833 | 2111642 | INFO | [BAYES QUEUE STATE]
2026-03-07 04:49:56,833 | 2111642 | INFO | pending_jobs = 45
2026-03-07 04:49:56,834 | 2111642 | INFO | inflight_trials = [1, 2, 3, 4, 5, 6, 7, 8, 9, 10, 11, 12, 13, 14, 15, 16, 17, 18, 19]
2026-03-07 04:49:56,834 | 2111642 | INFO | queue[0000] trial 12 fold 1 no_physics
2026-03-07 04:49:56,835 | 2111642 | INFO | queue[0001] trial 12 fold 2 no_physics
2026-03-07 04:49:56,835 | 2111642 | INFO | queue[0002] trial 12 fold 3 no_physics
2026-03-07 04:49:56,835 | 2111642 | INFO | queue[0003] trial 12 fold 4 no_physics
2026-03-07 04:49:56,836 | 2111642 | INFO | queue[0004] trial 12 fold 5 no_physics
2026-03-07 04:49:56,836 | 2111642 | INFO | queue[0005] trial 13 fold 1 no_physics
2026-03-07 04:49:56,836 | 2111642 | INFO | queue[0006] trial 13 fold 2 no_physics
2026-03-07 04:49:56,837 | 2111642 | INFO | queue[0007] trial 13 fold 3 no_physics
2026-03-07 04:49:56,837 | 2111642 | INFO | queue[0008] trial 13 fold 4 no_physics
2026-03-07 04:49:56,837 | 2111642 | INFO | queue[0009] trial 13 fold 5 no_physics
2026-03-07 04:49:56,838 | 2111642 | INFO | queue[0010] trial 14 fold 1 no_physics
2026-03-07 04:49:56,838 | 2111642 | INFO | queue[0011] trial 14 fold 2 no_physics
2026-03-07 04:49:56,838 | 2111642 | INFO | queue[0012] trial 14 fold 3 no_physics
2026-03-07 04:49:56,839 | 2111642 | INFO | queue[0013] trial 14 fold 4 no_physics
2026-03-07 04:49:56,839 | 2111642 | INFO | queue[0014] trial 14 fold 5 no_physics
2026-03-07 04:49:56,839 | 2111642 | INFO | queue[0015] trial 15 fold 1 no_physics
2026-03-07 04:49:56,839 | 2111642 | INFO | queue[0016] trial 15 fold 2 no_physics
2026-03-07 04:49:56,839 | 2111642 | INFO | queue[0017] trial 15 fold 3 no_physics
2026-03-07 04:49:56,840 | 2111642 | INFO | queue[0018] trial 15 fold 4 no_physics
2026-03-07 04:49:56,840 | 2111642 | INFO | queue[0019] trial 15 fold 5 no_physics
2026-03-07 04:49:56,840 | 2111642 | INFO | queue[0020] trial 16 fold 1 no_physics
2026-03-07 04:49:56,840 | 2111642 | INFO | queue[0021] trial 16 fold 2 no_physics
2026-03-07 04:49:56,840 | 2111642 | INFO | queue[0022] trial 16 fold 3 no_physics
2026-03-07 04:49:56,840 | 2111642 | INFO | queue[0023] trial 16 fold 4 no_physics
2026-03-07 04:49:56,841 | 2111642 | INFO | queue[0024] trial 16 fold 5 no_physics
2026-03-07 04:49:56,841 | 2111642 | INFO | queue[0025] trial 17 fold 1 no_physics
2026-03-07 04:49:56,841 | 2111642 | INFO | queue[0026] trial 17 fold 2 no_physics
2026-03-07 04:49:56,841 | 2111642 | INFO | queue[0027] trial 17 fold 3 no_physics
2026-03-07 04:49:56,841 | 2111642 | INFO | queue[0028] trial 17 fold 4 no_physics
2026-03-07 04:49:56,841 | 2111642 | INFO | queue[0029] trial 17 fold 5 no_physics
2026-03-07 04:49:56,842 | 2111642 | INFO | queue[0030] trial 18 fold 1 no_physics
2026-03-07 04:49:56,842 | 2111642 | INFO | queue[0031] trial 18 fold 2 no_physics
2026-03-07 04:49:56,842 | 2111642 | INFO | queue[0032] trial 18 fold 3 no_physics
2026-03-07 04:49:56,842 | 2111642 | INFO | queue[0033] trial 18 fold 4 no_physics
2026-03-07 04:49:56,842 | 2111642 | INFO | queue[0034] trial 18 fold 5 no_physics
2026-03-07 04:49:56,843 | 2111642 | INFO | queue[0035] trial 19 fold 1 no_physics
2026-03-07 04:49:56,843 | 2111642 | INFO | queue[0036] trial 19 fold 2 no_physics
2026-03-07 04:49:56,843 | 2111642 | INFO | queue[0037] trial 19 fold 3 no_physics
2026-03-07 04:49:56,843 | 2111642 | INFO | queue[0038] trial 19 fold 4 no_physics
2026-03-07 04:49:56,843 | 2111642 | INFO | queue[0039] trial 19 fold 5 no_physics
2026-03-07 04:49:56,843 | 2111642 | INFO | queue[0040] trial 20 fold 1 no_physics
2026-03-07 04:49:56,844 | 2111642 | INFO | queue[0041] trial 20 fold 2 no_physics
2026-03-07 04:49:56,844 | 2111642 | INFO | queue[0042] trial 20 fold 3 no_physics
2026-03-07 04:49:56,844 | 2111642 | INFO | queue[0043] trial 20 fold 4 no_physics
2026-03-07 04:49:56,844 | 2111642 | INFO | queue[0044] trial 20 fold 5 no_physics
2026-03-07 04:49:56,844 | 2111642 | INFO | [END BAYES QUEUE]
2026-03-07 04:49:57,149 | 2111642 | INFO | [ENQUEUE TRIAL] trial 21 no_physics
2026-03-07 04:49:57,150 | 2111642 | INFO | [BAYES QUEUE STATE]
2026-03-07 04:49:57,151 | 2111642 | INFO | pending_jobs = 50
2026-03-07 04:49:57,151 | 2111642 | INFO | inflight_trials = [1, 2, 3, 4, 5, 6, 7, 8, 9, 10, 11, 12, 13, 14, 15, 16, 17, 18, 19, 20]
2026-03-07 04:49:57,151 | 2111642 | INFO | queue[0000] trial 12 fold 1 no_physics
2026-03-07 04:49:57,152 | 2111642 | INFO | queue[0001] trial 12 fold 2 no_physics
2026-03-07 04:49:57,152 | 2111642 | INFO | queue[0002] trial 12 fold 3 no_physics
2026-03-07 04:49:57,152 | 2111642 | INFO | queue[0003] trial 12 fold 4 no_physics
2026-03-07 04:49:57,153 | 2111642 | INFO | queue[0004] trial 12 fold 5 no_physics
2026-03-07 04:49:57,153 | 2111642 | INFO | queue[0005] trial 13 fold 1 no_physics
2026-03-07 04:49:57,153 | 2111642 | INFO | queue[0006] trial 13 fold 2 no_physics
2026-03-07 04:49:57,154 | 2111642 | INFO | queue[0007] trial 13 fold 3 no_physics
2026-03-07 04:49:57,154 | 2111642 | INFO | queue[0008] trial 13 fold 4 no_physics
2026-03-07 04:49:57,154 | 2111642 | INFO | queue[0009] trial 13 fold 5 no_physics
2026-03-07 04:49:57,155 | 2111642 | INFO | queue[0010] trial 14 fold 1 no_physics
2026-03-07 04:49:57,155 | 2111642 | INFO | queue[0011] trial 14 fold 2 no_physics
2026-03-07 04:49:57,155 | 2111642 | INFO | queue[0012] trial 14 fold 3 no_physics
2026-03-07 04:49:57,156 | 2111642 | INFO | queue[0013] trial 14 fold 4 no_physics
2026-03-07 04:49:57,156 | 2111642 | INFO | queue[0014] trial 14 fold 5 no_physics
2026-03-07 04:49:57,156 | 2111642 | INFO | queue[0015] trial 15 fold 1 no_physics
2026-03-07 04:49:57,157 | 2111642 | INFO | queue[0016] trial 15 fold 2 no_physics
2026-03-07 04:49:57,157 | 2111642 | INFO | queue[0017] trial 15 fold 3 no_physics
2026-03-07 04:49:57,157 | 2111642 | INFO | queue[0018] trial 15 fold 4 no_physics
2026-03-07 04:49:57,158 | 2111642 | INFO | queue[0019] trial 15 fold 5 no_physics
2026-03-07 04:49:57,158 | 2111642 | INFO | queue[0020] trial 16 fold 1 no_physics
2026-03-07 04:49:57,158 | 2111642 | INFO | queue[0021] trial 16 fold 2 no_physics
2026-03-07 04:49:57,158 | 2111642 | INFO | queue[0022] trial 16 fold 3 no_physics
2026-03-07 04:49:57,158 | 2111642 | INFO | queue[0023] trial 16 fold 4 no_physics
2026-03-07 04:49:57,159 | 2111642 | INFO | queue[0024] trial 16 fold 5 no_physics
2026-03-07 04:49:57,159 | 2111642 | INFO | queue[0025] trial 17 fold 1 no_physics
2026-03-07 04:49:57,159 | 2111642 | INFO | queue[0026] trial 17 fold 2 no_physics
2026-03-07 04:49:57,159 | 2111642 | INFO | queue[0027] trial 17 fold 3 no_physics
2026-03-07 04:49:57,159 | 2111642 | INFO | queue[0028] trial 17 fold 4 no_physics
2026-03-07 04:49:57,159 | 2111642 | INFO | queue[0029] trial 17 fold 5 no_physics
2026-03-07 04:49:57,159 | 2111642 | INFO | queue[0030] trial 18 fold 1 no_physics
2026-03-07 04:49:57,160 | 2111642 | INFO | queue[0031] trial 18 fold 2 no_physics
2026-03-07 04:49:57,160 | 2111642 | INFO | queue[0032] trial 18 fold 3 no_physics
2026-03-07 04:49:57,160 | 2111642 | INFO | queue[0033] trial 18 fold 4 no_physics
2026-03-07 04:49:57,160 | 2111642 | INFO | queue[0034] trial 18 fold 5 no_physics
2026-03-07 04:49:57,160 | 2111642 | INFO | queue[0035] trial 19 fold 1 no_physics
2026-03-07 04:49:57,160 | 2111642 | INFO | queue[0036] trial 19 fold 2 no_physics
2026-03-07 04:49:57,160 | 2111642 | INFO | queue[0037] trial 19 fold 3 no_physics
2026-03-07 04:49:57,161 | 2111642 | INFO | queue[0038] trial 19 fold 4 no_physics
2026-03-07 04:49:57,161 | 2111642 | INFO | queue[0039] trial 19 fold 5 no_physics
2026-03-07 04:49:57,161 | 2111642 | INFO | queue[0040] trial 20 fold 1 no_physics
2026-03-07 04:49:57,161 | 2111642 | INFO | queue[0041] trial 20 fold 2 no_physics
2026-03-07 04:49:57,161 | 2111642 | INFO | queue[0042] trial 20 fold 3 no_physics
2026-03-07 04:49:57,161 | 2111642 | INFO | queue[0043] trial 20 fold 4 no_physics
2026-03-07 04:49:57,161 | 2111642 | INFO | queue[0044] trial 20 fold 5 no_physics
2026-03-07 04:49:57,162 | 2111642 | INFO | queue[0045] trial 21 fold 1 no_physics
2026-03-07 04:49:57,162 | 2111642 | INFO | queue[0046] trial 21 fold 2 no_physics
2026-03-07 04:49:57,162 | 2111642 | INFO | queue[0047] trial 21 fold 3 no_physics
2026-03-07 04:49:57,162 | 2111642 | INFO | queue[0048] trial 21 fold 4 no_physics
2026-03-07 04:49:57,162 | 2111642 | INFO | queue[0049] trial 21 fold 5 no_physics
2026-03-07 04:49:57,162 | 2111642 | INFO | [END BAYES QUEUE]
2026-03-07 04:49:57,450 | 2111642 | INFO | [ENQUEUE TRIAL] trial 22 no_physics
2026-03-07 04:49:57,451 | 2111642 | INFO | [BAYES QUEUE STATE]
2026-03-07 04:49:57,451 | 2111642 | INFO | pending_jobs = 55
2026-03-07 04:49:57,451 | 2111642 | INFO | inflight_trials = [1, 2, 3, 4, 5, 6, 7, 8, 9, 10, 11, 12, 13, 14, 15, 16, 17, 18, 19, 20, 21]
2026-03-07 04:49:57,452 | 2111642 | INFO | queue[0000] trial 12 fold 1 no_physics
2026-03-07 04:49:57,452 | 2111642 | INFO | queue[0001] trial 12 fold 2 no_physics
2026-03-07 04:49:57,453 | 2111642 | INFO | queue[0002] trial 12 fold 3 no_physics
2026-03-07 04:49:57,453 | 2111642 | INFO | queue[0003] trial 12 fold 4 no_physics
2026-03-07 04:49:57,453 | 2111642 | INFO | queue[0004] trial 12 fold 5 no_physics
2026-03-07 04:49:57,454 | 2111642 | INFO | queue[0005] trial 13 fold 1 no_physics
2026-03-07 04:49:57,454 | 2111642 | INFO | queue[0006] trial 13 fold 2 no_physics
2026-03-07 04:49:57,454 | 2111642 | INFO | queue[0007] trial 13 fold 3 no_physics
2026-03-07 04:49:57,455 | 2111642 | INFO | queue[0008] trial 13 fold 4 no_physics
2026-03-07 04:49:57,455 | 2111642 | INFO | queue[0009] trial 13 fold 5 no_physics
2026-03-07 04:49:57,455 | 2111642 | INFO | queue[0010] trial 14 fold 1 no_physics
2026-03-07 04:49:57,456 | 2111642 | INFO | queue[0011] trial 14 fold 2 no_physics
2026-03-07 04:49:57,456 | 2111642 | INFO | queue[0012] trial 14 fold 3 no_physics
2026-03-07 04:49:57,456 | 2111642 | INFO | queue[0013] trial 14 fold 4 no_physics
2026-03-07 04:49:57,456 | 2111642 | INFO | queue[0014] trial 14 fold 5 no_physics
2026-03-07 04:49:57,457 | 2111642 | INFO | queue[0015] trial 15 fold 1 no_physics
2026-03-07 04:49:57,457 | 2111642 | INFO | queue[0016] trial 15 fold 2 no_physics
2026-03-07 04:49:57,457 | 2111642 | INFO | queue[0017] trial 15 fold 3 no_physics
2026-03-07 04:49:57,458 | 2111642 | INFO | queue[0018] trial 15 fold 4 no_physics
2026-03-07 04:49:57,458 | 2111642 | INFO | queue[0019] trial 15 fold 5 no_physics
2026-03-07 04:49:57,458 | 2111642 | INFO | queue[0020] trial 16 fold 1 no_physics
2026-03-07 04:49:57,459 | 2111642 | INFO | queue[0021] trial 16 fold 2 no_physics
2026-03-07 04:49:57,459 | 2111642 | INFO | queue[0022] trial 16 fold 3 no_physics
2026-03-07 04:49:57,459 | 2111642 | INFO | queue[0023] trial 16 fold 4 no_physics
2026-03-07 04:49:57,460 | 2111642 | INFO | queue[0024] trial 16 fold 5 no_physics
2026-03-07 04:49:57,460 | 2111642 | INFO | queue[0025] trial 17 fold 1 no_physics
2026-03-07 04:49:57,460 | 2111642 | INFO | queue[0026] trial 17 fold 2 no_physics
2026-03-07 04:49:57,460 | 2111642 | INFO | queue[0027] trial 17 fold 3 no_physics
2026-03-07 04:49:57,460 | 2111642 | INFO | queue[0028] trial 17 fold 4 no_physics
2026-03-07 04:49:57,460 | 2111642 | INFO | queue[0029] trial 17 fold 5 no_physics
2026-03-07 04:49:57,461 | 2111642 | INFO | queue[0030] trial 18 fold 1 no_physics
2026-03-07 04:49:57,461 | 2111642 | INFO | queue[0031] trial 18 fold 2 no_physics
2026-03-07 04:49:57,461 | 2111642 | INFO | queue[0032] trial 18 fold 3 no_physics
2026-03-07 04:49:57,461 | 2111642 | INFO | queue[0033] trial 18 fold 4 no_physics
2026-03-07 04:49:57,461 | 2111642 | INFO | queue[0034] trial 18 fold 5 no_physics
2026-03-07 04:49:57,461 | 2111642 | INFO | queue[0035] trial 19 fold 1 no_physics
2026-03-07 04:49:57,461 | 2111642 | INFO | queue[0036] trial 19 fold 2 no_physics
2026-03-07 04:49:57,461 | 2111642 | INFO | queue[0037] trial 19 fold 3 no_physics
2026-03-07 04:49:57,462 | 2111642 | INFO | queue[0038] trial 19 fold 4 no_physics
2026-03-07 04:49:57,462 | 2111642 | INFO | queue[0039] trial 19 fold 5 no_physics
2026-03-07 04:49:57,462 | 2111642 | INFO | queue[0040] trial 20 fold 1 no_physics
2026-03-07 04:49:57,462 | 2111642 | INFO | queue[0041] trial 20 fold 2 no_physics
2026-03-07 04:49:57,462 | 2111642 | INFO | queue[0042] trial 20 fold 3 no_physics
2026-03-07 04:49:57,462 | 2111642 | INFO | queue[0043] trial 20 fold 4 no_physics
2026-03-07 04:49:57,462 | 2111642 | INFO | queue[0044] trial 20 fold 5 no_physics
2026-03-07 04:49:57,463 | 2111642 | INFO | queue[0045] trial 21 fold 1 no_physics
2026-03-07 04:49:57,463 | 2111642 | INFO | queue[0046] trial 21 fold 2 no_physics
2026-03-07 04:49:57,463 | 2111642 | INFO | queue[0047] trial 21 fold 3 no_physics
2026-03-07 04:49:57,463 | 2111642 | INFO | queue[0048] trial 21 fold 4 no_physics
2026-03-07 04:49:57,463 | 2111642 | INFO | queue[0049] trial 21 fold 5 no_physics
2026-03-07 04:49:57,463 | 2111642 | INFO | queue[0050] trial 22 fold 1 no_physics
2026-03-07 04:49:57,463 | 2111642 | INFO | queue[0051] trial 22 fold 2 no_physics
2026-03-07 04:49:57,464 | 2111642 | INFO | queue[0052] trial 22 fold 3 no_physics
2026-03-07 04:49:57,464 | 2111642 | INFO | queue[0053] trial 22 fold 4 no_physics
2026-03-07 04:49:57,464 | 2111642 | INFO | queue[0054] trial 22 fold 5 no_physics
2026-03-07 04:49:57,464 | 2111642 | INFO | [END BAYES QUEUE]
2026-03-07 04:57:07,400 | 2111642 | INFO | [TRIAL COMPLETE] trial 5 no_physics NSE_1D=0.79136 NSE_1H=0.74704
2026-03-07 05:51:08,098 | 2111642 | INFO | [TRIAL COMPLETE] trial 13 no_physics NSE_1D=0.71375 NSE_1H=0.72063
2026-03-07 05:51:08,415 | 2111642 | INFO | [ENQUEUE TRIAL] trial 23 no_physics
2026-03-07 05:51:08,415 | 2111642 | INFO | [BAYES QUEUE STATE]
2026-03-07 05:51:08,416 | 2111642 | INFO | pending_jobs = 36
2026-03-07 05:51:08,416 | 2111642 | INFO | inflight_trials = [1, 2, 3, 5, 6, 7, 8, 9, 10, 11, 13, 14, 15, 16, 17, 18, 19, 20, 21, 22]
2026-03-07 05:51:08,416 | 2111642 | INFO | queue[0000] trial 16 fold 5 no_physics
2026-03-07 05:51:08,417 | 2111642 | INFO | queue[0001] trial 17 fold 1 no_physics
2026-03-07 05:51:08,417 | 2111642 | INFO | queue[0002] trial 17 fold 2 no_physics
2026-03-07 05:51:08,418 | 2111642 | INFO | queue[0003] trial 17 fold 3 no_physics
2026-03-07 05:51:08,418 | 2111642 | INFO | queue[0004] trial 17 fold 4 no_physics
2026-03-07 05:51:08,418 | 2111642 | INFO | queue[0005] trial 17 fold 5 no_physics
2026-03-07 05:51:08,419 | 2111642 | INFO | queue[0006] trial 18 fold 1 no_physics
2026-03-07 05:51:08,419 | 2111642 | INFO | queue[0007] trial 18 fold 2 no_physics
2026-03-07 05:51:08,419 | 2111642 | INFO | queue[0008] trial 18 fold 3 no_physics
2026-03-07 05:51:08,419 | 2111642 | INFO | queue[0009] trial 18 fold 4 no_physics
2026-03-07 05:51:08,420 | 2111642 | INFO | queue[0010] trial 18 fold 5 no_physics
2026-03-07 05:51:08,420 | 2111642 | INFO | queue[0011] trial 19 fold 1 no_physics
2026-03-07 05:51:08,420 | 2111642 | INFO | queue[0012] trial 19 fold 2 no_physics
2026-03-07 05:51:08,420 | 2111642 | INFO | queue[0013] trial 19 fold 3 no_physics
2026-03-07 05:51:08,421 | 2111642 | INFO | queue[0014] trial 19 fold 4 no_physics
2026-03-07 05:51:08,421 | 2111642 | INFO | queue[0015] trial 19 fold 5 no_physics
2026-03-07 05:51:08,421 | 2111642 | INFO | queue[0016] trial 20 fold 1 no_physics
2026-03-07 05:51:08,421 | 2111642 | INFO | queue[0017] trial 20 fold 2 no_physics
2026-03-07 05:51:08,421 | 2111642 | INFO | queue[0018] trial 20 fold 3 no_physics
2026-03-07 05:51:08,422 | 2111642 | INFO | queue[0019] trial 20 fold 4 no_physics
2026-03-07 05:51:08,422 | 2111642 | INFO | queue[0020] trial 20 fold 5 no_physics
2026-03-07 05:51:08,422 | 2111642 | INFO | queue[0021] trial 21 fold 1 no_physics
2026-03-07 05:51:08,422 | 2111642 | INFO | queue[0022] trial 21 fold 2 no_physics
2026-03-07 05:51:08,422 | 2111642 | INFO | queue[0023] trial 21 fold 3 no_physics
2026-03-07 05:51:08,423 | 2111642 | INFO | queue[0024] trial 21 fold 4 no_physics
2026-03-07 05:51:08,423 | 2111642 | INFO | queue[0025] trial 21 fold 5 no_physics
2026-03-07 05:51:08,423 | 2111642 | INFO | queue[0026] trial 22 fold 1 no_physics
2026-03-07 05:51:08,423 | 2111642 | INFO | queue[0027] trial 22 fold 2 no_physics
2026-03-07 05:51:08,424 | 2111642 | INFO | queue[0028] trial 22 fold 3 no_physics
2026-03-07 05:51:08,424 | 2111642 | INFO | queue[0029] trial 22 fold 4 no_physics
2026-03-07 05:51:08,424 | 2111642 | INFO | queue[0030] trial 22 fold 5 no_physics
2026-03-07 05:51:08,424 | 2111642 | INFO | queue[0031] trial 23 fold 1 no_physics
2026-03-07 05:51:08,424 | 2111642 | INFO | queue[0032] trial 23 fold 2 no_physics
2026-03-07 05:51:08,425 | 2111642 | INFO | queue[0033] trial 23 fold 3 no_physics
2026-03-07 05:51:08,425 | 2111642 | INFO | queue[0034] trial 23 fold 4 no_physics
2026-03-07 05:51:08,425 | 2111642 | INFO | queue[0035] trial 23 fold 5 no_physics
2026-03-07 05:51:08,425 | 2111642 | INFO | [END BAYES QUEUE]
2026-03-07 05:51:08,713 | 2111642 | INFO | [ENQUEUE TRIAL] trial 24 no_physics
2026-03-07 05:51:08,714 | 2111642 | INFO | [BAYES QUEUE STATE]
2026-03-07 05:51:08,714 | 2111642 | INFO | pending_jobs = 41
2026-03-07 05:51:08,714 | 2111642 | INFO | inflight_trials = [1, 2, 3, 5, 6, 7, 8, 9, 10, 11, 13, 14, 15, 16, 17, 18, 19, 20, 21, 22, 23]
2026-03-07 05:51:08,715 | 2111642 | INFO | queue[0000] trial 16 fold 5 no_physics
2026-03-07 05:51:08,715 | 2111642 | INFO | queue[0001] trial 17 fold 1 no_physics
2026-03-07 05:51:08,715 | 2111642 | INFO | queue[0002] trial 17 fold 2 no_physics
2026-03-07 05:51:08,716 | 2111642 | INFO | queue[0003] trial 17 fold 3 no_physics
2026-03-07 05:51:08,716 | 2111642 | INFO | queue[0004] trial 17 fold 4 no_physics
2026-03-07 05:51:08,716 | 2111642 | INFO | queue[0005] trial 17 fold 5 no_physics
2026-03-07 05:51:08,717 | 2111642 | INFO | queue[0006] trial 18 fold 1 no_physics
2026-03-07 05:51:08,717 | 2111642 | INFO | queue[0007] trial 18 fold 2 no_physics
2026-03-07 05:51:08,717 | 2111642 | INFO | queue[0008] trial 18 fold 3 no_physics
2026-03-07 05:51:08,718 | 2111642 | INFO | queue[0009] trial 18 fold 4 no_physics
2026-03-07 05:51:08,718 | 2111642 | INFO | queue[0010] trial 18 fold 5 no_physics
2026-03-07 05:51:08,718 | 2111642 | INFO | queue[0011] trial 19 fold 1 no_physics
2026-03-07 05:51:08,719 | 2111642 | INFO | queue[0012] trial 19 fold 2 no_physics
2026-03-07 05:51:08,719 | 2111642 | INFO | queue[0013] trial 19 fold 3 no_physics
2026-03-07 05:51:08,719 | 2111642 | INFO | queue[0014] trial 19 fold 4 no_physics
2026-03-07 05:51:08,720 | 2111642 | INFO | queue[0015] trial 19 fold 5 no_physics
2026-03-07 05:51:08,720 | 2111642 | INFO | queue[0016] trial 20 fold 1 no_physics
2026-03-07 05:51:08,720 | 2111642 | INFO | queue[0017] trial 20 fold 2 no_physics
2026-03-07 05:51:08,721 | 2111642 | INFO | queue[0018] trial 20 fold 3 no_physics
2026-03-07 05:51:08,721 | 2111642 | INFO | queue[0019] trial 20 fold 4 no_physics
2026-03-07 05:51:08,721 | 2111642 | INFO | queue[0020] trial 20 fold 5 no_physics
2026-03-07 05:51:08,722 | 2111642 | INFO | queue[0021] trial 21 fold 1 no_physics
2026-03-07 05:51:08,722 | 2111642 | INFO | queue[0022] trial 21 fold 2 no_physics
2026-03-07 05:51:08,722 | 2111642 | INFO | queue[0023] trial 21 fold 3 no_physics
2026-03-07 05:51:08,723 | 2111642 | INFO | queue[0024] trial 21 fold 4 no_physics
2026-03-07 05:51:08,723 | 2111642 | INFO | queue[0025] trial 21 fold 5 no_physics
2026-03-07 05:51:08,723 | 2111642 | INFO | queue[0026] trial 22 fold 1 no_physics
2026-03-07 05:51:08,723 | 2111642 | INFO | queue[0027] trial 22 fold 2 no_physics
2026-03-07 05:51:08,723 | 2111642 | INFO | queue[0028] trial 22 fold 3 no_physics
2026-03-07 05:51:08,723 | 2111642 | INFO | queue[0029] trial 22 fold 4 no_physics
2026-03-07 05:51:08,724 | 2111642 | INFO | queue[0030] trial 22 fold 5 no_physics
2026-03-07 05:51:08,724 | 2111642 | INFO | queue[0031] trial 23 fold 1 no_physics
2026-03-07 05:51:08,724 | 2111642 | INFO | queue[0032] trial 23 fold 2 no_physics
2026-03-07 05:51:08,724 | 2111642 | INFO | queue[0033] trial 23 fold 3 no_physics
2026-03-07 05:51:08,724 | 2111642 | INFO | queue[0034] trial 23 fold 4 no_physics
2026-03-07 05:51:08,724 | 2111642 | INFO | queue[0035] trial 23 fold 5 no_physics
2026-03-07 05:51:08,724 | 2111642 | INFO | queue[0036] trial 24 fold 1 no_physics
2026-03-07 05:51:08,724 | 2111642 | INFO | queue[0037] trial 24 fold 2 no_physics
2026-03-07 05:51:08,725 | 2111642 | INFO | queue[0038] trial 24 fold 3 no_physics
2026-03-07 05:51:08,725 | 2111642 | INFO | queue[0039] trial 24 fold 4 no_physics
2026-03-07 05:51:08,725 | 2111642 | INFO | queue[0040] trial 24 fold 5 no_physics
2026-03-07 05:51:08,725 | 2111642 | INFO | [END BAYES QUEUE]
2026-03-07 05:51:09,040 | 2111642 | INFO | [ENQUEUE TRIAL] trial 25 no_physics
2026-03-07 05:51:09,045 | 2111642 | INFO | [BAYES QUEUE STATE]
2026-03-07 05:51:09,046 | 2111642 | INFO | pending_jobs = 46
2026-03-07 05:51:09,046 | 2111642 | INFO | inflight_trials = [1, 2, 3, 5, 6, 7, 8, 9, 10, 11, 13, 14, 15, 16, 17, 18, 19, 20, 21, 22, 23, 24]
2026-03-07 05:51:09,047 | 2111642 | INFO | queue[0000] trial 16 fold 5 no_physics
2026-03-07 05:51:09,047 | 2111642 | INFO | queue[0001] trial 17 fold 1 no_physics
2026-03-07 05:51:09,047 | 2111642 | INFO | queue[0002] trial 17 fold 2 no_physics
2026-03-07 05:51:09,048 | 2111642 | INFO | queue[0003] trial 17 fold 3 no_physics
2026-03-07 05:51:09,048 | 2111642 | INFO | queue[0004] trial 17 fold 4 no_physics
2026-03-07 05:51:09,048 | 2111642 | INFO | queue[0005] trial 17 fold 5 no_physics
2026-03-07 05:51:09,049 | 2111642 | INFO | queue[0006] trial 18 fold 1 no_physics
2026-03-07 05:51:09,049 | 2111642 | INFO | queue[0007] trial 18 fold 2 no_physics
2026-03-07 05:51:09,049 | 2111642 | INFO | queue[0008] trial 18 fold 3 no_physics
2026-03-07 05:51:09,050 | 2111642 | INFO | queue[0009] trial 18 fold 4 no_physics
2026-03-07 05:51:09,050 | 2111642 | INFO | queue[0010] trial 18 fold 5 no_physics
2026-03-07 05:51:09,050 | 2111642 | INFO | queue[0011] trial 19 fold 1 no_physics
2026-03-07 05:51:09,050 | 2111642 | INFO | queue[0012] trial 19 fold 2 no_physics
2026-03-07 05:51:09,051 | 2111642 | INFO | queue[0013] trial 19 fold 3 no_physics
2026-03-07 05:51:09,051 | 2111642 | INFO | queue[0014] trial 19 fold 4 no_physics
2026-03-07 05:51:09,051 | 2111642 | INFO | queue[0015] trial 19 fold 5 no_physics
2026-03-07 05:51:09,051 | 2111642 | INFO | queue[0016] trial 20 fold 1 no_physics
2026-03-07 05:51:09,052 | 2111642 | INFO | queue[0017] trial 20 fold 2 no_physics
2026-03-07 05:51:09,052 | 2111642 | INFO | queue[0018] trial 20 fold 3 no_physics
2026-03-07 05:51:09,052 | 2111642 | INFO | queue[0019] trial 20 fold 4 no_physics
2026-03-07 05:51:09,052 | 2111642 | INFO | queue[0020] trial 20 fold 5 no_physics
2026-03-07 05:51:09,053 | 2111642 | INFO | queue[0021] trial 21 fold 1 no_physics
2026-03-07 05:51:09,053 | 2111642 | INFO | queue[0022] trial 21 fold 2 no_physics
2026-03-07 05:51:09,053 | 2111642 | INFO | queue[0023] trial 21 fold 3 no_physics
2026-03-07 05:51:09,053 | 2111642 | INFO | queue[0024] trial 21 fold 4 no_physics
2026-03-07 05:51:09,054 | 2111642 | INFO | queue[0025] trial 21 fold 5 no_physics
2026-03-07 05:51:09,054 | 2111642 | INFO | queue[0026] trial 22 fold 1 no_physics
2026-03-07 05:51:09,054 | 2111642 | INFO | queue[0027] trial 22 fold 2 no_physics
2026-03-07 05:51:09,054 | 2111642 | INFO | queue[0028] trial 22 fold 3 no_physics
2026-03-07 05:51:09,055 | 2111642 | INFO | queue[0029] trial 22 fold 4 no_physics
2026-03-07 05:51:09,055 | 2111642 | INFO | queue[0030] trial 22 fold 5 no_physics
2026-03-07 05:51:09,055 | 2111642 | INFO | queue[0031] trial 23 fold 1 no_physics
2026-03-07 05:51:09,055 | 2111642 | INFO | queue[0032] trial 23 fold 2 no_physics
2026-03-07 05:51:09,056 | 2111642 | INFO | queue[0033] trial 23 fold 3 no_physics
2026-03-07 05:51:09,056 | 2111642 | INFO | queue[0034] trial 23 fold 4 no_physics
2026-03-07 05:51:09,056 | 2111642 | INFO | queue[0035] trial 23 fold 5 no_physics
2026-03-07 05:51:09,056 | 2111642 | INFO | queue[0036] trial 24 fold 1 no_physics
2026-03-07 05:51:09,057 | 2111642 | INFO | queue[0037] trial 24 fold 2 no_physics
2026-03-07 05:51:09,057 | 2111642 | INFO | queue[0038] trial 24 fold 3 no_physics
2026-03-07 05:51:09,057 | 2111642 | INFO | queue[0039] trial 24 fold 4 no_physics
2026-03-07 05:51:09,057 | 2111642 | INFO | queue[0040] trial 24 fold 5 no_physics
2026-03-07 05:51:09,057 | 2111642 | INFO | queue[0041] trial 25 fold 1 no_physics
2026-03-07 05:51:09,058 | 2111642 | INFO | queue[0042] trial 25 fold 2 no_physics
2026-03-07 05:51:09,058 | 2111642 | INFO | queue[0043] trial 25 fold 3 no_physics
2026-03-07 05:51:09,058 | 2111642 | INFO | queue[0044] trial 25 fold 4 no_physics
2026-03-07 05:51:09,058 | 2111642 | INFO | queue[0045] trial 25 fold 5 no_physics
2026-03-07 05:51:09,058 | 2111642 | INFO | [END BAYES QUEUE]
2026-03-07 05:51:09,355 | 2111642 | INFO | [ENQUEUE TRIAL] trial 26 no_physics
2026-03-07 05:51:09,355 | 2111642 | INFO | [BAYES QUEUE STATE]
2026-03-07 05:51:09,356 | 2111642 | INFO | pending_jobs = 51
2026-03-07 05:51:09,356 | 2111642 | INFO | inflight_trials = [1, 2, 3, 5, 6, 7, 8, 9, 10, 11, 13, 14, 15, 16, 17, 18, 19, 20, 21, 22, 23, 24, 25]
2026-03-07 05:51:09,356 | 2111642 | INFO | queue[0000] trial 16 fold 5 no_physics
2026-03-07 05:51:09,357 | 2111642 | INFO | queue[0001] trial 17 fold 1 no_physics
2026-03-07 05:51:09,357 | 2111642 | INFO | queue[0002] trial 17 fold 2 no_physics
2026-03-07 05:51:09,357 | 2111642 | INFO | queue[0003] trial 17 fold 3 no_physics
2026-03-07 05:51:09,358 | 2111642 | INFO | queue[0004] trial 17 fold 4 no_physics
2026-03-07 05:51:09,358 | 2111642 | INFO | queue[0005] trial 17 fold 5 no_physics
2026-03-07 05:51:09,358 | 2111642 | INFO | queue[0006] trial 18 fold 1 no_physics
2026-03-07 05:51:09,358 | 2111642 | INFO | queue[0007] trial 18 fold 2 no_physics
2026-03-07 05:51:09,359 | 2111642 | INFO | queue[0008] trial 18 fold 3 no_physics
2026-03-07 05:51:09,359 | 2111642 | INFO | queue[0009] trial 18 fold 4 no_physics
2026-03-07 05:51:09,359 | 2111642 | INFO | queue[0010] trial 18 fold 5 no_physics
2026-03-07 05:51:09,360 | 2111642 | INFO | queue[0011] trial 19 fold 1 no_physics
2026-03-07 05:51:09,360 | 2111642 | INFO | queue[0012] trial 19 fold 2 no_physics
2026-03-07 05:51:09,360 | 2111642 | INFO | queue[0013] trial 19 fold 3 no_physics
2026-03-07 05:51:09,360 | 2111642 | INFO | queue[0014] trial 19 fold 4 no_physics
2026-03-07 05:51:09,361 | 2111642 | INFO | queue[0015] trial 19 fold 5 no_physics
2026-03-07 05:51:09,361 | 2111642 | INFO | queue[0016] trial 20 fold 1 no_physics
2026-03-07 05:51:09,361 | 2111642 | INFO | queue[0017] trial 20 fold 2 no_physics
2026-03-07 05:51:09,361 | 2111642 | INFO | queue[0018] trial 20 fold 3 no_physics
2026-03-07 05:51:09,362 | 2111642 | INFO | queue[0019] trial 20 fold 4 no_physics
2026-03-07 05:51:09,362 | 2111642 | INFO | queue[0020] trial 20 fold 5 no_physics
2026-03-07 05:51:09,362 | 2111642 | INFO | queue[0021] trial 21 fold 1 no_physics
2026-03-07 05:51:09,362 | 2111642 | INFO | queue[0022] trial 21 fold 2 no_physics
2026-03-07 05:51:09,363 | 2111642 | INFO | queue[0023] trial 21 fold 3 no_physics
2026-03-07 05:51:09,363 | 2111642 | INFO | queue[0024] trial 21 fold 4 no_physics
2026-03-07 05:51:09,363 | 2111642 | INFO | queue[0025] trial 21 fold 5 no_physics
2026-03-07 05:51:09,364 | 2111642 | INFO | queue[0026] trial 22 fold 1 no_physics
2026-03-07 05:51:09,364 | 2111642 | INFO | queue[0027] trial 22 fold 2 no_physics
2026-03-07 05:51:09,364 | 2111642 | INFO | queue[0028] trial 22 fold 3 no_physics
2026-03-07 05:51:09,364 | 2111642 | INFO | queue[0029] trial 22 fold 4 no_physics
2026-03-07 05:51:09,365 | 2111642 | INFO | queue[0030] trial 22 fold 5 no_physics
2026-03-07 05:51:09,365 | 2111642 | INFO | queue[0031] trial 23 fold 1 no_physics
2026-03-07 05:51:09,365 | 2111642 | INFO | queue[0032] trial 23 fold 2 no_physics
2026-03-07 05:51:09,365 | 2111642 | INFO | queue[0033] trial 23 fold 3 no_physics
2026-03-07 05:51:09,365 | 2111642 | INFO | queue[0034] trial 23 fold 4 no_physics
2026-03-07 05:51:09,365 | 2111642 | INFO | queue[0035] trial 23 fold 5 no_physics
2026-03-07 05:51:09,365 | 2111642 | INFO | queue[0036] trial 24 fold 1 no_physics
2026-03-07 05:51:09,365 | 2111642 | INFO | queue[0037] trial 24 fold 2 no_physics
2026-03-07 05:51:09,365 | 2111642 | INFO | queue[0038] trial 24 fold 3 no_physics
2026-03-07 05:51:09,366 | 2111642 | INFO | queue[0039] trial 24 fold 4 no_physics
2026-03-07 05:51:09,366 | 2111642 | INFO | queue[0040] trial 24 fold 5 no_physics
2026-03-07 05:51:09,366 | 2111642 | INFO | queue[0041] trial 25 fold 1 no_physics
2026-03-07 05:51:09,366 | 2111642 | INFO | queue[0042] trial 25 fold 2 no_physics
2026-03-07 05:51:09,366 | 2111642 | INFO | queue[0043] trial 25 fold 3 no_physics
2026-03-07 05:51:09,366 | 2111642 | INFO | queue[0044] trial 25 fold 4 no_physics
2026-03-07 05:51:09,366 | 2111642 | INFO | queue[0045] trial 25 fold 5 no_physics
2026-03-07 05:51:09,366 | 2111642 | INFO | queue[0046] trial 26 fold 1 no_physics
2026-03-07 05:51:09,367 | 2111642 | INFO | queue[0047] trial 26 fold 2 no_physics
2026-03-07 05:51:09,367 | 2111642 | INFO | queue[0048] trial 26 fold 3 no_physics
2026-03-07 05:51:09,367 | 2111642 | INFO | queue[0049] trial 26 fold 4 no_physics
2026-03-07 05:51:09,367 | 2111642 | INFO | queue[0050] trial 26 fold 5 no_physics
2026-03-07 05:51:09,367 | 2111642 | INFO | [END BAYES QUEUE]
2026-03-07 06:10:33,712 | 2111642 | INFO | [TRIAL COMPLETE] trial 14 no_physics NSE_1D=0.68969 NSE_1H=0.72327
2026-03-07 06:10:34,014 | 2111642 | INFO | [ENQUEUE TRIAL] trial 27 no_physics
2026-03-07 06:10:34,015 | 2111642 | INFO | [BAYES QUEUE STATE]
2026-03-07 06:10:34,015 | 2111642 | INFO | pending_jobs = 50
2026-03-07 06:10:34,016 | 2111642 | INFO | inflight_trials = [1, 2, 3, 5, 6, 7, 8, 9, 10, 11, 14, 15, 16, 17, 18, 19, 20, 21, 22, 23, 24, 25, 26]
2026-03-07 06:10:34,016 | 2111642 | INFO | queue[0000] trial 18 fold 1 no_physics
2026-03-07 06:10:34,017 | 2111642 | INFO | queue[0001] trial 18 fold 2 no_physics
2026-03-07 06:10:34,017 | 2111642 | INFO | queue[0002] trial 18 fold 3 no_physics
2026-03-07 06:10:34,017 | 2111642 | INFO | queue[0003] trial 18 fold 4 no_physics
2026-03-07 06:10:34,018 | 2111642 | INFO | queue[0004] trial 18 fold 5 no_physics
2026-03-07 06:10:34,018 | 2111642 | INFO | queue[0005] trial 19 fold 1 no_physics
2026-03-07 06:10:34,018 | 2111642 | INFO | queue[0006] trial 19 fold 2 no_physics
2026-03-07 06:10:34,019 | 2111642 | INFO | queue[0007] trial 19 fold 3 no_physics
2026-03-07 06:10:34,019 | 2111642 | INFO | queue[0008] trial 19 fold 4 no_physics
2026-03-07 06:10:34,019 | 2111642 | INFO | queue[0009] trial 19 fold 5 no_physics
2026-03-07 06:10:34,020 | 2111642 | INFO | queue[0010] trial 20 fold 1 no_physics
2026-03-07 06:10:34,020 | 2111642 | INFO | queue[0011] trial 20 fold 2 no_physics
2026-03-07 06:10:34,020 | 2111642 | INFO | queue[0012] trial 20 fold 3 no_physics
2026-03-07 06:10:34,020 | 2111642 | INFO | queue[0013] trial 20 fold 4 no_physics
2026-03-07 06:10:34,021 | 2111642 | INFO | queue[0014] trial 20 fold 5 no_physics
2026-03-07 06:10:34,021 | 2111642 | INFO | queue[0015] trial 21 fold 1 no_physics
2026-03-07 06:10:34,021 | 2111642 | INFO | queue[0016] trial 21 fold 2 no_physics
2026-03-07 06:10:34,021 | 2111642 | INFO | queue[0017] trial 21 fold 3 no_physics
2026-03-07 06:10:34,021 | 2111642 | INFO | queue[0018] trial 21 fold 4 no_physics
2026-03-07 06:10:34,022 | 2111642 | INFO | queue[0019] trial 21 fold 5 no_physics
2026-03-07 06:10:34,022 | 2111642 | INFO | queue[0020] trial 22 fold 1 no_physics
2026-03-07 06:10:34,022 | 2111642 | INFO | queue[0021] trial 22 fold 2 no_physics
2026-03-07 06:10:34,022 | 2111642 | INFO | queue[0022] trial 22 fold 3 no_physics
2026-03-07 06:10:34,022 | 2111642 | INFO | queue[0023] trial 22 fold 4 no_physics
2026-03-07 06:10:34,023 | 2111642 | INFO | queue[0024] trial 22 fold 5 no_physics
2026-03-07 06:10:34,023 | 2111642 | INFO | queue[0025] trial 23 fold 1 no_physics
2026-03-07 06:10:34,023 | 2111642 | INFO | queue[0026] trial 23 fold 2 no_physics
2026-03-07 06:10:34,023 | 2111642 | INFO | queue[0027] trial 23 fold 3 no_physics
2026-03-07 06:10:34,023 | 2111642 | INFO | queue[0028] trial 23 fold 4 no_physics
2026-03-07 06:10:34,024 | 2111642 | INFO | queue[0029] trial 23 fold 5 no_physics
2026-03-07 06:10:34,024 | 2111642 | INFO | queue[0030] trial 24 fold 1 no_physics
2026-03-07 06:10:34,024 | 2111642 | INFO | queue[0031] trial 24 fold 2 no_physics
2026-03-07 06:10:34,024 | 2111642 | INFO | queue[0032] trial 24 fold 3 no_physics
2026-03-07 06:10:34,024 | 2111642 | INFO | queue[0033] trial 24 fold 4 no_physics
2026-03-07 06:10:34,025 | 2111642 | INFO | queue[0034] trial 24 fold 5 no_physics
2026-03-07 06:10:34,025 | 2111642 | INFO | queue[0035] trial 25 fold 1 no_physics
2026-03-07 06:10:34,025 | 2111642 | INFO | queue[0036] trial 25 fold 2 no_physics
2026-03-07 06:10:34,025 | 2111642 | INFO | queue[0037] trial 25 fold 3 no_physics
2026-03-07 06:10:34,025 | 2111642 | INFO | queue[0038] trial 25 fold 4 no_physics
2026-03-07 06:10:34,026 | 2111642 | INFO | queue[0039] trial 25 fold 5 no_physics
2026-03-07 06:10:34,026 | 2111642 | INFO | queue[0040] trial 26 fold 1 no_physics
2026-03-07 06:10:34,026 | 2111642 | INFO | queue[0041] trial 26 fold 2 no_physics
2026-03-07 06:10:34,026 | 2111642 | INFO | queue[0042] trial 26 fold 3 no_physics
2026-03-07 06:10:34,026 | 2111642 | INFO | queue[0043] trial 26 fold 4 no_physics
2026-03-07 06:10:34,027 | 2111642 | INFO | queue[0044] trial 26 fold 5 no_physics
2026-03-07 06:10:34,027 | 2111642 | INFO | queue[0045] trial 27 fold 1 no_physics
2026-03-07 06:10:34,027 | 2111642 | INFO | queue[0046] trial 27 fold 2 no_physics
2026-03-07 06:10:34,027 | 2111642 | INFO | queue[0047] trial 27 fold 3 no_physics
2026-03-07 06:10:34,027 | 2111642 | INFO | queue[0048] trial 27 fold 4 no_physics
2026-03-07 06:10:34,027 | 2111642 | INFO | queue[0049] trial 27 fold 5 no_physics
2026-03-07 06:10:34,027 | 2111642 | INFO | [END BAYES QUEUE]
2026-03-07 06:10:34,318 | 2111642 | INFO | [ENQUEUE TRIAL] trial 28 no_physics
2026-03-07 06:10:34,319 | 2111642 | INFO | [BAYES QUEUE STATE]
2026-03-07 06:10:34,319 | 2111642 | INFO | pending_jobs = 55
2026-03-07 06:10:34,319 | 2111642 | INFO | inflight_trials = [1, 2, 3, 5, 6, 7, 8, 9, 10, 11, 14, 15, 16, 17, 18, 19, 20, 21, 22, 23, 24, 25, 26, 27]
2026-03-07 06:10:34,320 | 2111642 | INFO | queue[0000] trial 18 fold 1 no_physics
2026-03-07 06:10:34,320 | 2111642 | INFO | queue[0001] trial 18 fold 2 no_physics
2026-03-07 06:10:34,321 | 2111642 | INFO | queue[0002] trial 18 fold 3 no_physics
2026-03-07 06:10:34,321 | 2111642 | INFO | queue[0003] trial 18 fold 4 no_physics
2026-03-07 06:10:34,321 | 2111642 | INFO | queue[0004] trial 18 fold 5 no_physics
2026-03-07 06:10:34,322 | 2111642 | INFO | queue[0005] trial 19 fold 1 no_physics
2026-03-07 06:10:34,322 | 2111642 | INFO | queue[0006] trial 19 fold 2 no_physics
2026-03-07 06:10:34,322 | 2111642 | INFO | queue[0007] trial 19 fold 3 no_physics
2026-03-07 06:10:34,325 | 2111642 | INFO | queue[0008] trial 19 fold 4 no_physics
2026-03-07 06:10:34,330 | 2111642 | INFO | queue[0009] trial 19 fold 5 no_physics
2026-03-07 06:10:34,331 | 2111642 | INFO | queue[0010] trial 20 fold 1 no_physics
2026-03-07 06:10:34,331 | 2111642 | INFO | queue[0011] trial 20 fold 2 no_physics
2026-03-07 06:10:34,331 | 2111642 | INFO | queue[0012] trial 20 fold 3 no_physics
2026-03-07 06:10:34,331 | 2111642 | INFO | queue[0013] trial 20 fold 4 no_physics
2026-03-07 06:10:34,331 | 2111642 | INFO | queue[0014] trial 20 fold 5 no_physics
2026-03-07 06:10:34,332 | 2111642 | INFO | queue[0015] trial 21 fold 1 no_physics
2026-03-07 06:10:34,332 | 2111642 | INFO | queue[0016] trial 21 fold 2 no_physics
2026-03-07 06:10:34,332 | 2111642 | INFO | queue[0017] trial 21 fold 3 no_physics
2026-03-07 06:10:34,332 | 2111642 | INFO | queue[0018] trial 21 fold 4 no_physics
2026-03-07 06:10:34,332 | 2111642 | INFO | queue[0019] trial 21 fold 5 no_physics
2026-03-07 06:10:34,333 | 2111642 | INFO | queue[0020] trial 22 fold 1 no_physics
2026-03-07 06:10:34,333 | 2111642 | INFO | queue[0021] trial 22 fold 2 no_physics
2026-03-07 06:10:34,333 | 2111642 | INFO | queue[0022] trial 22 fold 3 no_physics
2026-03-07 06:10:34,333 | 2111642 | INFO | queue[0023] trial 22 fold 4 no_physics
2026-03-07 06:10:34,333 | 2111642 | INFO | queue[0024] trial 22 fold 5 no_physics
2026-03-07 06:10:34,334 | 2111642 | INFO | queue[0025] trial 23 fold 1 no_physics
2026-03-07 06:10:34,334 | 2111642 | INFO | queue[0026] trial 23 fold 2 no_physics
2026-03-07 06:10:34,334 | 2111642 | INFO | queue[0027] trial 23 fold 3 no_physics
2026-03-07 06:10:34,334 | 2111642 | INFO | queue[0028] trial 23 fold 4 no_physics
2026-03-07 06:10:34,334 | 2111642 | INFO | queue[0029] trial 23 fold 5 no_physics
2026-03-07 06:10:34,335 | 2111642 | INFO | queue[0030] trial 24 fold 1 no_physics
2026-03-07 06:10:34,335 | 2111642 | INFO | queue[0031] trial 24 fold 2 no_physics
2026-03-07 06:10:34,335 | 2111642 | INFO | queue[0032] trial 24 fold 3 no_physics
2026-03-07 06:10:34,335 | 2111642 | INFO | queue[0033] trial 24 fold 4 no_physics
2026-03-07 06:10:34,335 | 2111642 | INFO | queue[0034] trial 24 fold 5 no_physics
2026-03-07 06:10:34,336 | 2111642 | INFO | queue[0035] trial 25 fold 1 no_physics
2026-03-07 06:10:34,336 | 2111642 | INFO | queue[0036] trial 25 fold 2 no_physics
2026-03-07 06:10:34,336 | 2111642 | INFO | queue[0037] trial 25 fold 3 no_physics
2026-03-07 06:10:34,336 | 2111642 | INFO | queue[0038] trial 25 fold 4 no_physics
2026-03-07 06:10:34,336 | 2111642 | INFO | queue[0039] trial 25 fold 5 no_physics
2026-03-07 06:10:34,337 | 2111642 | INFO | queue[0040] trial 26 fold 1 no_physics
2026-03-07 06:10:34,337 | 2111642 | INFO | queue[0041] trial 26 fold 2 no_physics
2026-03-07 06:10:34,337 | 2111642 | INFO | queue[0042] trial 26 fold 3 no_physics
2026-03-07 06:10:34,337 | 2111642 | INFO | queue[0043] trial 26 fold 4 no_physics
2026-03-07 06:10:34,338 | 2111642 | INFO | queue[0044] trial 26 fold 5 no_physics
2026-03-07 06:10:34,338 | 2111642 | INFO | queue[0045] trial 27 fold 1 no_physics
2026-03-07 06:10:34,338 | 2111642 | INFO | queue[0046] trial 27 fold 2 no_physics
2026-03-07 06:10:34,338 | 2111642 | INFO | queue[0047] trial 27 fold 3 no_physics
2026-03-07 06:10:34,338 | 2111642 | INFO | queue[0048] trial 27 fold 4 no_physics
2026-03-07 06:10:34,339 | 2111642 | INFO | queue[0049] trial 27 fold 5 no_physics
2026-03-07 06:10:34,339 | 2111642 | INFO | queue[0050] trial 28 fold 1 no_physics
2026-03-07 06:10:34,339 | 2111642 | INFO | queue[0051] trial 28 fold 2 no_physics
2026-03-07 06:10:34,339 | 2111642 | INFO | queue[0052] trial 28 fold 3 no_physics
2026-03-07 06:10:34,339 | 2111642 | INFO | queue[0053] trial 28 fold 4 no_physics
2026-03-07 06:10:34,340 | 2111642 | INFO | queue[0054] trial 28 fold 5 no_physics
2026-03-07 06:10:34,340 | 2111642 | INFO | [END BAYES QUEUE]
2026-03-07 06:59:13,832 | 2111642 | INFO | [TRIAL COMPLETE] trial 18 no_physics NSE_1D=0.75181 NSE_1H=0.74383
2026-03-07 06:59:14,138 | 2111642 | INFO | [ENQUEUE TRIAL] trial 29 no_physics
2026-03-07 06:59:14,139 | 2111642 | INFO | [BAYES QUEUE STATE]
2026-03-07 06:59:14,139 | 2111642 | INFO | pending_jobs = 41
2026-03-07 06:59:14,139 | 2111642 | INFO | inflight_trials = [1, 2, 3, 5, 6, 7, 8, 9, 10, 11, 14, 15, 16, 18, 19, 20, 21, 22, 23, 24, 25, 26, 27, 28]
2026-03-07 06:59:14,140 | 2111642 | INFO | queue[0000] trial 21 fold 5 no_physics
2026-03-07 06:59:14,140 | 2111642 | INFO | queue[0001] trial 22 fold 1 no_physics
2026-03-07 06:59:14,141 | 2111642 | INFO | queue[0002] trial 22 fold 2 no_physics
2026-03-07 06:59:14,141 | 2111642 | INFO | queue[0003] trial 22 fold 3 no_physics
2026-03-07 06:59:14,141 | 2111642 | INFO | queue[0004] trial 22 fold 4 no_physics
2026-03-07 06:59:14,142 | 2111642 | INFO | queue[0005] trial 22 fold 5 no_physics
2026-03-07 06:59:14,142 | 2111642 | INFO | queue[0006] trial 23 fold 1 no_physics
2026-03-07 06:59:14,142 | 2111642 | INFO | queue[0007] trial 23 fold 2 no_physics
2026-03-07 06:59:14,143 | 2111642 | INFO | queue[0008] trial 23 fold 3 no_physics
2026-03-07 06:59:14,143 | 2111642 | INFO | queue[0009] trial 23 fold 4 no_physics
2026-03-07 06:59:14,143 | 2111642 | INFO | queue[0010] trial 23 fold 5 no_physics
2026-03-07 06:59:14,144 | 2111642 | INFO | queue[0011] trial 24 fold 1 no_physics
2026-03-07 06:59:14,144 | 2111642 | INFO | queue[0012] trial 24 fold 2 no_physics
2026-03-07 06:59:14,144 | 2111642 | INFO | queue[0013] trial 24 fold 3 no_physics
2026-03-07 06:59:14,144 | 2111642 | INFO | queue[0014] trial 24 fold 4 no_physics
2026-03-07 06:59:14,145 | 2111642 | INFO | queue[0015] trial 24 fold 5 no_physics
2026-03-07 06:59:14,145 | 2111642 | INFO | queue[0016] trial 25 fold 1 no_physics
2026-03-07 06:59:14,145 | 2111642 | INFO | queue[0017] trial 25 fold 2 no_physics
2026-03-07 06:59:14,145 | 2111642 | INFO | queue[0018] trial 25 fold 3 no_physics
2026-03-07 06:59:14,145 | 2111642 | INFO | queue[0019] trial 25 fold 4 no_physics
2026-03-07 06:59:14,146 | 2111642 | INFO | queue[0020] trial 25 fold 5 no_physics
2026-03-07 06:59:14,146 | 2111642 | INFO | queue[0021] trial 26 fold 1 no_physics
2026-03-07 06:59:14,146 | 2111642 | INFO | queue[0022] trial 26 fold 2 no_physics
2026-03-07 06:59:14,146 | 2111642 | INFO | queue[0023] trial 26 fold 3 no_physics
2026-03-07 06:59:14,147 | 2111642 | INFO | queue[0024] trial 26 fold 4 no_physics
2026-03-07 06:59:14,147 | 2111642 | INFO | queue[0025] trial 26 fold 5 no_physics
2026-03-07 06:59:14,147 | 2111642 | INFO | queue[0026] trial 27 fold 1 no_physics
2026-03-07 06:59:14,147 | 2111642 | INFO | queue[0027] trial 27 fold 2 no_physics
2026-03-07 06:59:14,147 | 2111642 | INFO | queue[0028] trial 27 fold 3 no_physics
2026-03-07 06:59:14,148 | 2111642 | INFO | queue[0029] trial 27 fold 4 no_physics
2026-03-07 06:59:14,148 | 2111642 | INFO | queue[0030] trial 27 fold 5 no_physics
2026-03-07 06:59:14,148 | 2111642 | INFO | queue[0031] trial 28 fold 1 no_physics
2026-03-07 06:59:14,148 | 2111642 | INFO | queue[0032] trial 28 fold 2 no_physics
2026-03-07 06:59:14,149 | 2111642 | INFO | queue[0033] trial 28 fold 3 no_physics
2026-03-07 06:59:14,149 | 2111642 | INFO | queue[0034] trial 28 fold 4 no_physics
2026-03-07 06:59:14,149 | 2111642 | INFO | queue[0035] trial 28 fold 5 no_physics
2026-03-07 06:59:14,149 | 2111642 | INFO | queue[0036] trial 29 fold 1 no_physics
2026-03-07 06:59:14,149 | 2111642 | INFO | queue[0037] trial 29 fold 2 no_physics
2026-03-07 06:59:14,150 | 2111642 | INFO | queue[0038] trial 29 fold 3 no_physics
2026-03-07 06:59:14,150 | 2111642 | INFO | queue[0039] trial 29 fold 4 no_physics
2026-03-07 06:59:14,150 | 2111642 | INFO | queue[0040] trial 29 fold 5 no_physics
2026-03-07 06:59:14,150 | 2111642 | INFO | [END BAYES QUEUE]
2026-03-07 06:59:14,435 | 2111642 | INFO | [ENQUEUE TRIAL] trial 30 no_physics
2026-03-07 06:59:14,436 | 2111642 | INFO | [BAYES QUEUE STATE]
2026-03-07 06:59:14,436 | 2111642 | INFO | pending_jobs = 46
2026-03-07 06:59:14,437 | 2111642 | INFO | inflight_trials = [1, 2, 3, 5, 6, 7, 8, 9, 10, 11, 14, 15, 16, 18, 19, 20, 21, 22, 23, 24, 25, 26, 27, 28, 29]
2026-03-07 06:59:14,437 | 2111642 | INFO | queue[0000] trial 21 fold 5 no_physics
2026-03-07 06:59:14,437 | 2111642 | INFO | queue[0001] trial 22 fold 1 no_physics
2026-03-07 06:59:14,438 | 2111642 | INFO | queue[0002] trial 22 fold 2 no_physics
2026-03-07 06:59:14,438 | 2111642 | INFO | queue[0003] trial 22 fold 3 no_physics
2026-03-07 06:59:14,438 | 2111642 | INFO | queue[0004] trial 22 fold 4 no_physics
2026-03-07 06:59:14,439 | 2111642 | INFO | queue[0005] trial 22 fold 5 no_physics
2026-03-07 06:59:14,439 | 2111642 | INFO | queue[0006] trial 23 fold 1 no_physics
2026-03-07 06:59:14,440 | 2111642 | INFO | queue[0007] trial 23 fold 2 no_physics
2026-03-07 06:59:14,440 | 2111642 | INFO | queue[0008] trial 23 fold 3 no_physics
2026-03-07 06:59:14,440 | 2111642 | INFO | queue[0009] trial 23 fold 4 no_physics
2026-03-07 06:59:14,441 | 2111642 | INFO | queue[0010] trial 23 fold 5 no_physics
2026-03-07 06:59:14,441 | 2111642 | INFO | queue[0011] trial 24 fold 1 no_physics
2026-03-07 06:59:14,441 | 2111642 | INFO | queue[0012] trial 24 fold 2 no_physics
2026-03-07 06:59:14,442 | 2111642 | INFO | queue[0013] trial 24 fold 3 no_physics
2026-03-07 06:59:14,442 | 2111642 | INFO | queue[0014] trial 24 fold 4 no_physics
2026-03-07 06:59:14,442 | 2111642 | INFO | queue[0015] trial 24 fold 5 no_physics
2026-03-07 06:59:14,442 | 2111642 | INFO | queue[0016] trial 25 fold 1 no_physics
2026-03-07 06:59:14,443 | 2111642 | INFO | queue[0017] trial 25 fold 2 no_physics
2026-03-07 06:59:14,443 | 2111642 | INFO | queue[0018] trial 25 fold 3 no_physics
2026-03-07 06:59:14,443 | 2111642 | INFO | queue[0019] trial 25 fold 4 no_physics
2026-03-07 06:59:14,443 | 2111642 | INFO | queue[0020] trial 25 fold 5 no_physics
2026-03-07 06:59:14,443 | 2111642 | INFO | queue[0021] trial 26 fold 1 no_physics
2026-03-07 06:59:14,443 | 2111642 | INFO | queue[0022] trial 26 fold 2 no_physics
2026-03-07 06:59:14,444 | 2111642 | INFO | queue[0023] trial 26 fold 3 no_physics
2026-03-07 06:59:14,444 | 2111642 | INFO | queue[0024] trial 26 fold 4 no_physics
2026-03-07 06:59:14,444 | 2111642 | INFO | queue[0025] trial 26 fold 5 no_physics
2026-03-07 06:59:14,444 | 2111642 | INFO | queue[0026] trial 27 fold 1 no_physics
2026-03-07 06:59:14,444 | 2111642 | INFO | queue[0027] trial 27 fold 2 no_physics
2026-03-07 06:59:14,444 | 2111642 | INFO | queue[0028] trial 27 fold 3 no_physics
2026-03-07 06:59:14,444 | 2111642 | INFO | queue[0029] trial 27 fold 4 no_physics
2026-03-07 06:59:14,445 | 2111642 | INFO | queue[0030] trial 27 fold 5 no_physics
2026-03-07 06:59:14,445 | 2111642 | INFO | queue[0031] trial 28 fold 1 no_physics
2026-03-07 06:59:14,445 | 2111642 | INFO | queue[0032] trial 28 fold 2 no_physics
2026-03-07 06:59:14,445 | 2111642 | INFO | queue[0033] trial 28 fold 3 no_physics
2026-03-07 06:59:14,445 | 2111642 | INFO | queue[0034] trial 28 fold 4 no_physics
2026-03-07 06:59:14,446 | 2111642 | INFO | queue[0035] trial 28 fold 5 no_physics
2026-03-07 06:59:14,446 | 2111642 | INFO | queue[0036] trial 29 fold 1 no_physics
2026-03-07 06:59:14,446 | 2111642 | INFO | queue[0037] trial 29 fold 2 no_physics
2026-03-07 06:59:14,446 | 2111642 | INFO | queue[0038] trial 29 fold 3 no_physics
2026-03-07 06:59:14,446 | 2111642 | INFO | queue[0039] trial 29 fold 4 no_physics
2026-03-07 06:59:14,446 | 2111642 | INFO | queue[0040] trial 29 fold 5 no_physics
2026-03-07 06:59:14,447 | 2111642 | INFO | queue[0041] trial 30 fold 1 no_physics
2026-03-07 06:59:14,447 | 2111642 | INFO | queue[0042] trial 30 fold 2 no_physics
2026-03-07 06:59:14,447 | 2111642 | INFO | queue[0043] trial 30 fold 3 no_physics
2026-03-07 06:59:14,447 | 2111642 | INFO | queue[0044] trial 30 fold 4 no_physics
2026-03-07 06:59:14,447 | 2111642 | INFO | queue[0045] trial 30 fold 5 no_physics
2026-03-07 06:59:14,447 | 2111642 | INFO | [END BAYES QUEUE]
2026-03-07 06:59:14,739 | 2111642 | INFO | [ENQUEUE TRIAL] trial 31 no_physics
2026-03-07 06:59:14,739 | 2111642 | INFO | [BAYES QUEUE STATE]
2026-03-07 06:59:14,740 | 2111642 | INFO | pending_jobs = 51
2026-03-07 06:59:14,740 | 2111642 | INFO | inflight_trials = [1, 2, 3, 5, 6, 7, 8, 9, 10, 11, 14, 15, 16, 18, 19, 20, 21, 22, 23, 24, 25, 26, 27, 28, 29, 30]
2026-03-07 06:59:14,740 | 2111642 | INFO | queue[0000] trial 21 fold 5 no_physics
2026-03-07 06:59:14,741 | 2111642 | INFO | queue[0001] trial 22 fold 1 no_physics
2026-03-07 06:59:14,741 | 2111642 | INFO | queue[0002] trial 22 fold 2 no_physics
2026-03-07 06:59:14,742 | 2111642 | INFO | queue[0003] trial 22 fold 3 no_physics
2026-03-07 06:59:14,742 | 2111642 | INFO | queue[0004] trial 22 fold 4 no_physics
2026-03-07 06:59:14,742 | 2111642 | INFO | queue[0005] trial 22 fold 5 no_physics
2026-03-07 06:59:14,743 | 2111642 | INFO | queue[0006] trial 23 fold 1 no_physics
2026-03-07 06:59:14,743 | 2111642 | INFO | queue[0007] trial 23 fold 2 no_physics
2026-03-07 06:59:14,743 | 2111642 | INFO | queue[0008] trial 23 fold 3 no_physics
2026-03-07 06:59:14,744 | 2111642 | INFO | queue[0009] trial 23 fold 4 no_physics
2026-03-07 06:59:14,744 | 2111642 | INFO | queue[0010] trial 23 fold 5 no_physics
2026-03-07 06:59:14,744 | 2111642 | INFO | queue[0011] trial 24 fold 1 no_physics
2026-03-07 06:59:14,745 | 2111642 | INFO | queue[0012] trial 24 fold 2 no_physics
2026-03-07 06:59:14,745 | 2111642 | INFO | queue[0013] trial 24 fold 3 no_physics
2026-03-07 06:59:14,745 | 2111642 | INFO | queue[0014] trial 24 fold 4 no_physics
2026-03-07 06:59:14,746 | 2111642 | INFO | queue[0015] trial 24 fold 5 no_physics
2026-03-07 06:59:14,746 | 2111642 | INFO | queue[0016] trial 25 fold 1 no_physics
2026-03-07 06:59:14,746 | 2111642 | INFO | queue[0017] trial 25 fold 2 no_physics
2026-03-07 06:59:14,747 | 2111642 | INFO | queue[0018] trial 25 fold 3 no_physics
2026-03-07 06:59:14,747 | 2111642 | INFO | queue[0019] trial 25 fold 4 no_physics
2026-03-07 06:59:14,747 | 2111642 | INFO | queue[0020] trial 25 fold 5 no_physics
2026-03-07 06:59:14,747 | 2111642 | INFO | queue[0021] trial 26 fold 1 no_physics
2026-03-07 06:59:14,748 | 2111642 | INFO | queue[0022] trial 26 fold 2 no_physics
2026-03-07 06:59:14,748 | 2111642 | INFO | queue[0023] trial 26 fold 3 no_physics
2026-03-07 06:59:14,748 | 2111642 | INFO | queue[0024] trial 26 fold 4 no_physics
2026-03-07 06:59:14,748 | 2111642 | INFO | queue[0025] trial 26 fold 5 no_physics
2026-03-07 06:59:14,748 | 2111642 | INFO | queue[0026] trial 27 fold 1 no_physics
2026-03-07 06:59:14,748 | 2111642 | INFO | queue[0027] trial 27 fold 2 no_physics
2026-03-07 06:59:14,748 | 2111642 | INFO | queue[0028] trial 27 fold 3 no_physics
2026-03-07 06:59:14,749 | 2111642 | INFO | queue[0029] trial 27 fold 4 no_physics
2026-03-07 06:59:14,749 | 2111642 | INFO | queue[0030] trial 27 fold 5 no_physics
2026-03-07 06:59:14,749 | 2111642 | INFO | queue[0031] trial 28 fold 1 no_physics
2026-03-07 06:59:14,749 | 2111642 | INFO | queue[0032] trial 28 fold 2 no_physics
2026-03-07 06:59:14,749 | 2111642 | INFO | queue[0033] trial 28 fold 3 no_physics
2026-03-07 06:59:14,749 | 2111642 | INFO | queue[0034] trial 28 fold 4 no_physics
2026-03-07 06:59:14,750 | 2111642 | INFO | queue[0035] trial 28 fold 5 no_physics
2026-03-07 06:59:14,750 | 2111642 | INFO | queue[0036] trial 29 fold 1 no_physics
2026-03-07 06:59:14,750 | 2111642 | INFO | queue[0037] trial 29 fold 2 no_physics
2026-03-07 06:59:14,750 | 2111642 | INFO | queue[0038] trial 29 fold 3 no_physics
2026-03-07 06:59:14,750 | 2111642 | INFO | queue[0039] trial 29 fold 4 no_physics
2026-03-07 06:59:14,750 | 2111642 | INFO | queue[0040] trial 29 fold 5 no_physics
2026-03-07 06:59:14,751 | 2111642 | INFO | queue[0041] trial 30 fold 1 no_physics
2026-03-07 06:59:14,751 | 2111642 | INFO | queue[0042] trial 30 fold 2 no_physics
2026-03-07 06:59:14,751 | 2111642 | INFO | queue[0043] trial 30 fold 3 no_physics
2026-03-07 06:59:14,751 | 2111642 | INFO | queue[0044] trial 30 fold 4 no_physics
2026-03-07 06:59:14,751 | 2111642 | INFO | queue[0045] trial 30 fold 5 no_physics
2026-03-07 06:59:14,751 | 2111642 | INFO | queue[0046] trial 31 fold 1 no_physics
2026-03-07 06:59:14,751 | 2111642 | INFO | queue[0047] trial 31 fold 2 no_physics
2026-03-07 06:59:14,752 | 2111642 | INFO | queue[0048] trial 31 fold 3 no_physics
2026-03-07 06:59:14,752 | 2111642 | INFO | queue[0049] trial 31 fold 4 no_physics
2026-03-07 06:59:14,752 | 2111642 | INFO | queue[0050] trial 31 fold 5 no_physics
2026-03-07 06:59:14,752 | 2111642 | INFO | [END BAYES QUEUE]
2026-03-07 07:17:46,765 | 2111642 | INFO | [TRIAL COMPLETE] trial 19 no_physics NSE_1D=0.80093 NSE_1H=0.72333
2026-03-07 07:17:47,062 | 2111642 | INFO | [ENQUEUE TRIAL] trial 32 no_physics
2026-03-07 07:17:47,065 | 2111642 | INFO | [BAYES QUEUE STATE]
2026-03-07 07:17:47,065 | 2111642 | INFO | pending_jobs = 51
2026-03-07 07:17:47,066 | 2111642 | INFO | inflight_trials = [1, 2, 3, 5, 6, 7, 8, 9, 10, 11, 14, 15, 16, 19, 20, 21, 22, 23, 24, 25, 26, 27, 28, 29, 30, 31]
2026-03-07 07:17:47,066 | 2111642 | INFO | queue[0000] trial 22 fold 5 no_physics
2026-03-07 07:17:47,066 | 2111642 | INFO | queue[0001] trial 23 fold 1 no_physics
2026-03-07 07:17:47,067 | 2111642 | INFO | queue[0002] trial 23 fold 2 no_physics
2026-03-07 07:17:47,067 | 2111642 | INFO | queue[0003] trial 23 fold 3 no_physics
2026-03-07 07:17:47,067 | 2111642 | INFO | queue[0004] trial 23 fold 4 no_physics
2026-03-07 07:17:47,068 | 2111642 | INFO | queue[0005] trial 23 fold 5 no_physics
2026-03-07 07:17:47,068 | 2111642 | INFO | queue[0006] trial 24 fold 1 no_physics
2026-03-07 07:17:47,068 | 2111642 | INFO | queue[0007] trial 24 fold 2 no_physics
2026-03-07 07:17:47,069 | 2111642 | INFO | queue[0008] trial 24 fold 3 no_physics
2026-03-07 07:17:47,069 | 2111642 | INFO | queue[0009] trial 24 fold 4 no_physics
2026-03-07 07:17:47,069 | 2111642 | INFO | queue[0010] trial 24 fold 5 no_physics
2026-03-07 07:17:47,070 | 2111642 | INFO | queue[0011] trial 25 fold 1 no_physics
2026-03-07 07:17:47,070 | 2111642 | INFO | queue[0012] trial 25 fold 2 no_physics
2026-03-07 07:17:47,070 | 2111642 | INFO | queue[0013] trial 25 fold 3 no_physics
2026-03-07 07:17:47,071 | 2111642 | INFO | queue[0014] trial 25 fold 4 no_physics
2026-03-07 07:17:47,071 | 2111642 | INFO | queue[0015] trial 25 fold 5 no_physics
2026-03-07 07:17:47,071 | 2111642 | INFO | queue[0016] trial 26 fold 1 no_physics
2026-03-07 07:17:47,071 | 2111642 | INFO | queue[0017] trial 26 fold 2 no_physics
2026-03-07 07:17:47,072 | 2111642 | INFO | queue[0018] trial 26 fold 3 no_physics
2026-03-07 07:17:47,072 | 2111642 | INFO | queue[0019] trial 26 fold 4 no_physics
2026-03-07 07:17:47,072 | 2111642 | INFO | queue[0020] trial 26 fold 5 no_physics
2026-03-07 07:17:47,072 | 2111642 | INFO | queue[0021] trial 27 fold 1 no_physics
2026-03-07 07:17:47,072 | 2111642 | INFO | queue[0022] trial 27 fold 2 no_physics
2026-03-07 07:17:47,072 | 2111642 | INFO | queue[0023] trial 27 fold 3 no_physics
2026-03-07 07:17:47,073 | 2111642 | INFO | queue[0024] trial 27 fold 4 no_physics
2026-03-07 07:17:47,073 | 2111642 | INFO | queue[0025] trial 27 fold 5 no_physics
2026-03-07 07:17:47,073 | 2111642 | INFO | queue[0026] trial 28 fold 1 no_physics
2026-03-07 07:17:47,073 | 2111642 | INFO | queue[0027] trial 28 fold 2 no_physics
2026-03-07 07:17:47,073 | 2111642 | INFO | queue[0028] trial 28 fold 3 no_physics
2026-03-07 07:17:47,073 | 2111642 | INFO | queue[0029] trial 28 fold 4 no_physics
2026-03-07 07:17:47,074 | 2111642 | INFO | queue[0030] trial 28 fold 5 no_physics
2026-03-07 07:17:47,074 | 2111642 | INFO | queue[0031] trial 29 fold 1 no_physics
2026-03-07 07:17:47,074 | 2111642 | INFO | queue[0032] trial 29 fold 2 no_physics
2026-03-07 07:17:47,074 | 2111642 | INFO | queue[0033] trial 29 fold 3 no_physics
2026-03-07 07:17:47,074 | 2111642 | INFO | queue[0034] trial 29 fold 4 no_physics
2026-03-07 07:17:47,074 | 2111642 | INFO | queue[0035] trial 29 fold 5 no_physics
2026-03-07 07:17:47,075 | 2111642 | INFO | queue[0036] trial 30 fold 1 no_physics
2026-03-07 07:17:47,075 | 2111642 | INFO | queue[0037] trial 30 fold 2 no_physics
2026-03-07 07:17:47,075 | 2111642 | INFO | queue[0038] trial 30 fold 3 no_physics
2026-03-07 07:17:47,075 | 2111642 | INFO | queue[0039] trial 30 fold 4 no_physics
2026-03-07 07:17:47,075 | 2111642 | INFO | queue[0040] trial 30 fold 5 no_physics
2026-03-07 07:17:47,075 | 2111642 | INFO | queue[0041] trial 31 fold 1 no_physics
2026-03-07 07:17:47,076 | 2111642 | INFO | queue[0042] trial 31 fold 2 no_physics
2026-03-07 07:17:47,076 | 2111642 | INFO | queue[0043] trial 31 fold 3 no_physics
2026-03-07 07:17:47,076 | 2111642 | INFO | queue[0044] trial 31 fold 4 no_physics
2026-03-07 07:17:47,076 | 2111642 | INFO | queue[0045] trial 31 fold 5 no_physics
2026-03-07 07:17:47,076 | 2111642 | INFO | queue[0046] trial 32 fold 1 no_physics
2026-03-07 07:17:47,076 | 2111642 | INFO | queue[0047] trial 32 fold 2 no_physics
2026-03-07 07:17:47,077 | 2111642 | INFO | queue[0048] trial 32 fold 3 no_physics
2026-03-07 07:17:47,077 | 2111642 | INFO | queue[0049] trial 32 fold 4 no_physics
2026-03-07 07:17:47,077 | 2111642 | INFO | queue[0050] trial 32 fold 5 no_physics
2026-03-07 07:17:47,077 | 2111642 | INFO | [END BAYES QUEUE]
2026-03-07 07:51:36,441 | 2111642 | INFO | [TRIAL COMPLETE] trial 11 no_physics NSE_1D=0.72800 NSE_1H=0.83492
2026-03-07 07:51:36,962 | 2111642 | INFO | [ENQUEUE TRIAL] trial 33 no_physics
2026-03-07 07:51:36,962 | 2111642 | INFO | [BAYES QUEUE STATE]
2026-03-07 07:51:36,962 | 2111642 | INFO | pending_jobs = 39
2026-03-07 07:51:36,963 | 2111642 | INFO | inflight_trials = [1, 2, 3, 5, 6, 7, 8, 9, 11, 14, 15, 16, 19, 20, 21, 22, 23, 24, 25, 26, 27, 28, 29, 30, 31, 32]
2026-03-07 07:51:36,963 | 2111642 | INFO | queue[0000] trial 26 fold 2 no_physics
2026-03-07 07:51:36,963 | 2111642 | INFO | queue[0001] trial 26 fold 3 no_physics
2026-03-07 07:51:36,963 | 2111642 | INFO | queue[0002] trial 26 fold 4 no_physics
2026-03-07 07:51:36,963 | 2111642 | INFO | queue[0003] trial 26 fold 5 no_physics
2026-03-07 07:51:36,963 | 2111642 | INFO | queue[0004] trial 27 fold 1 no_physics
2026-03-07 07:51:36,963 | 2111642 | INFO | queue[0005] trial 27 fold 2 no_physics
2026-03-07 07:51:36,963 | 2111642 | INFO | queue[0006] trial 27 fold 3 no_physics
2026-03-07 07:51:36,964 | 2111642 | INFO | queue[0007] trial 27 fold 4 no_physics
2026-03-07 07:51:36,964 | 2111642 | INFO | queue[0008] trial 27 fold 5 no_physics
2026-03-07 07:51:36,964 | 2111642 | INFO | queue[0009] trial 28 fold 1 no_physics
2026-03-07 07:51:36,964 | 2111642 | INFO | queue[0010] trial 28 fold 2 no_physics
2026-03-07 07:51:36,964 | 2111642 | INFO | queue[0011] trial 28 fold 3 no_physics
2026-03-07 07:51:36,964 | 2111642 | INFO | queue[0012] trial 28 fold 4 no_physics
2026-03-07 07:51:36,964 | 2111642 | INFO | queue[0013] trial 28 fold 5 no_physics
2026-03-07 07:51:36,964 | 2111642 | INFO | queue[0014] trial 29 fold 1 no_physics
2026-03-07 07:51:36,965 | 2111642 | INFO | queue[0015] trial 29 fold 2 no_physics
2026-03-07 07:51:36,965 | 2111642 | INFO | queue[0016] trial 29 fold 3 no_physics
2026-03-07 07:51:36,965 | 2111642 | INFO | queue[0017] trial 29 fold 4 no_physics
2026-03-07 07:51:36,965 | 2111642 | INFO | queue[0018] trial 29 fold 5 no_physics
2026-03-07 07:51:36,965 | 2111642 | INFO | queue[0019] trial 30 fold 1 no_physics
2026-03-07 07:51:36,965 | 2111642 | INFO | queue[0020] trial 30 fold 2 no_physics
2026-03-07 07:51:36,965 | 2111642 | INFO | queue[0021] trial 30 fold 3 no_physics
2026-03-07 07:51:36,965 | 2111642 | INFO | queue[0022] trial 30 fold 4 no_physics
2026-03-07 07:51:36,966 | 2111642 | INFO | queue[0023] trial 30 fold 5 no_physics
2026-03-07 07:51:36,966 | 2111642 | INFO | queue[0024] trial 31 fold 1 no_physics
2026-03-07 07:51:36,966 | 2111642 | INFO | queue[0025] trial 31 fold 2 no_physics
2026-03-07 07:51:36,966 | 2111642 | INFO | queue[0026] trial 31 fold 3 no_physics
2026-03-07 07:51:36,966 | 2111642 | INFO | queue[0027] trial 31 fold 4 no_physics
2026-03-07 07:51:36,966 | 2111642 | INFO | queue[0028] trial 31 fold 5 no_physics
2026-03-07 07:51:36,966 | 2111642 | INFO | queue[0029] trial 32 fold 1 no_physics
2026-03-07 07:51:36,966 | 2111642 | INFO | queue[0030] trial 32 fold 2 no_physics
2026-03-07 07:51:36,967 | 2111642 | INFO | queue[0031] trial 32 fold 3 no_physics
2026-03-07 07:51:36,967 | 2111642 | INFO | queue[0032] trial 32 fold 4 no_physics
2026-03-07 07:51:36,967 | 2111642 | INFO | queue[0033] trial 32 fold 5 no_physics
2026-03-07 07:51:36,967 | 2111642 | INFO | queue[0034] trial 33 fold 1 no_physics
2026-03-07 07:51:36,967 | 2111642 | INFO | queue[0035] trial 33 fold 2 no_physics
2026-03-07 07:51:36,967 | 2111642 | INFO | queue[0036] trial 33 fold 3 no_physics
2026-03-07 07:51:36,967 | 2111642 | INFO | queue[0037] trial 33 fold 4 no_physics
2026-03-07 07:51:36,967 | 2111642 | INFO | queue[0038] trial 33 fold 5 no_physics
2026-03-07 07:51:36,968 | 2111642 | INFO | [END BAYES QUEUE]
2026-03-07 07:51:37,258 | 2111642 | INFO | [ENQUEUE TRIAL] trial 34 no_physics
2026-03-07 07:51:37,259 | 2111642 | INFO | [BAYES QUEUE STATE]
2026-03-07 07:51:37,259 | 2111642 | INFO | pending_jobs = 44
2026-03-07 07:51:37,260 | 2111642 | INFO | inflight_trials = [1, 2, 3, 5, 6, 7, 8, 9, 11, 14, 15, 16, 19, 20, 21, 22, 23, 24, 25, 26, 27, 28, 29, 30, 31, 32, 33]
2026-03-07 07:51:37,260 | 2111642 | INFO | queue[0000] trial 26 fold 2 no_physics
2026-03-07 07:51:37,260 | 2111642 | INFO | queue[0001] trial 26 fold 3 no_physics
2026-03-07 07:51:37,261 | 2111642 | INFO | queue[0002] trial 26 fold 4 no_physics
2026-03-07 07:51:37,261 | 2111642 | INFO | queue[0003] trial 26 fold 5 no_physics
2026-03-07 07:51:37,262 | 2111642 | INFO | queue[0004] trial 27 fold 1 no_physics
2026-03-07 07:51:37,262 | 2111642 | INFO | queue[0005] trial 27 fold 2 no_physics
2026-03-07 07:51:37,262 | 2111642 | INFO | queue[0006] trial 27 fold 3 no_physics
2026-03-07 07:51:37,263 | 2111642 | INFO | queue[0007] trial 27 fold 4 no_physics
2026-03-07 07:51:37,263 | 2111642 | INFO | queue[0008] trial 27 fold 5 no_physics
2026-03-07 07:51:37,263 | 2111642 | INFO | queue[0009] trial 28 fold 1 no_physics
2026-03-07 07:51:37,264 | 2111642 | INFO | queue[0010] trial 28 fold 2 no_physics
2026-03-07 07:51:37,264 | 2111642 | INFO | queue[0011] trial 28 fold 3 no_physics
2026-03-07 07:51:37,264 | 2111642 | INFO | queue[0012] trial 28 fold 4 no_physics
2026-03-07 07:51:37,264 | 2111642 | INFO | queue[0013] trial 28 fold 5 no_physics
2026-03-07 07:51:37,265 | 2111642 | INFO | queue[0014] trial 29 fold 1 no_physics
2026-03-07 07:51:37,265 | 2111642 | INFO | queue[0015] trial 29 fold 2 no_physics
2026-03-07 07:51:37,265 | 2111642 | INFO | queue[0016] trial 29 fold 3 no_physics
2026-03-07 07:51:37,265 | 2111642 | INFO | queue[0017] trial 29 fold 4 no_physics
2026-03-07 07:51:37,266 | 2111642 | INFO | queue[0018] trial 29 fold 5 no_physics
2026-03-07 07:51:37,266 | 2111642 | INFO | queue[0019] trial 30 fold 1 no_physics
2026-03-07 07:51:37,266 | 2111642 | INFO | queue[0020] trial 30 fold 2 no_physics
2026-03-07 07:51:37,266 | 2111642 | INFO | queue[0021] trial 30 fold 3 no_physics
2026-03-07 07:51:37,266 | 2111642 | INFO | queue[0022] trial 30 fold 4 no_physics
2026-03-07 07:51:37,267 | 2111642 | INFO | queue[0023] trial 30 fold 5 no_physics
2026-03-07 07:51:37,267 | 2111642 | INFO | queue[0024] trial 31 fold 1 no_physics
2026-03-07 07:51:37,267 | 2111642 | INFO | queue[0025] trial 31 fold 2 no_physics
2026-03-07 07:51:37,267 | 2111642 | INFO | queue[0026] trial 31 fold 3 no_physics
2026-03-07 07:51:37,268 | 2111642 | INFO | queue[0027] trial 31 fold 4 no_physics
2026-03-07 07:51:37,268 | 2111642 | INFO | queue[0028] trial 31 fold 5 no_physics
2026-03-07 07:51:37,268 | 2111642 | INFO | queue[0029] trial 32 fold 1 no_physics
2026-03-07 07:51:37,268 | 2111642 | INFO | queue[0030] trial 32 fold 2 no_physics
2026-03-07 07:51:37,268 | 2111642 | INFO | queue[0031] trial 32 fold 3 no_physics
2026-03-07 07:51:37,269 | 2111642 | INFO | queue[0032] trial 32 fold 4 no_physics
2026-03-07 07:51:37,269 | 2111642 | INFO | queue[0033] trial 32 fold 5 no_physics
2026-03-07 07:51:37,269 | 2111642 | INFO | queue[0034] trial 33 fold 1 no_physics
2026-03-07 07:51:37,269 | 2111642 | INFO | queue[0035] trial 33 fold 2 no_physics
2026-03-07 07:51:37,269 | 2111642 | INFO | queue[0036] trial 33 fold 3 no_physics
2026-03-07 07:51:37,270 | 2111642 | INFO | queue[0037] trial 33 fold 4 no_physics
2026-03-07 07:51:37,270 | 2111642 | INFO | queue[0038] trial 33 fold 5 no_physics
2026-03-07 07:51:37,270 | 2111642 | INFO | queue[0039] trial 34 fold 1 no_physics
2026-03-07 07:51:37,270 | 2111642 | INFO | queue[0040] trial 34 fold 2 no_physics
2026-03-07 07:51:37,270 | 2111642 | INFO | queue[0041] trial 34 fold 3 no_physics
2026-03-07 07:51:37,271 | 2111642 | INFO | queue[0042] trial 34 fold 4 no_physics
2026-03-07 07:51:37,271 | 2111642 | INFO | queue[0043] trial 34 fold 5 no_physics
2026-03-07 07:51:37,271 | 2111642 | INFO | [END BAYES QUEUE]
2026-03-07 07:51:37,575 | 2111642 | INFO | [ENQUEUE TRIAL] trial 35 no_physics
2026-03-07 07:51:37,579 | 2111642 | INFO | [BAYES QUEUE STATE]
2026-03-07 07:51:37,579 | 2111642 | INFO | pending_jobs = 49
2026-03-07 07:51:37,579 | 2111642 | INFO | inflight_trials = [1, 2, 3, 5, 6, 7, 8, 9, 11, 14, 15, 16, 19, 20, 21, 22, 23, 24, 25, 26, 27, 28, 29, 30, 31, 32, 33, 34]
2026-03-07 07:51:37,580 | 2111642 | INFO | queue[0000] trial 26 fold 2 no_physics
2026-03-07 07:51:37,580 | 2111642 | INFO | queue[0001] trial 26 fold 3 no_physics
2026-03-07 07:51:37,580 | 2111642 | INFO | queue[0002] trial 26 fold 4 no_physics
2026-03-07 07:51:37,581 | 2111642 | INFO | queue[0003] trial 26 fold 5 no_physics
2026-03-07 07:51:37,581 | 2111642 | INFO | queue[0004] trial 27 fold 1 no_physics
2026-03-07 07:51:37,581 | 2111642 | INFO | queue[0005] trial 27 fold 2 no_physics
2026-03-07 07:51:37,582 | 2111642 | INFO | queue[0006] trial 27 fold 3 no_physics
2026-03-07 07:51:37,582 | 2111642 | INFO | queue[0007] trial 27 fold 4 no_physics
2026-03-07 07:51:37,583 | 2111642 | INFO | queue[0008] trial 27 fold 5 no_physics
2026-03-07 07:51:37,583 | 2111642 | INFO | queue[0009] trial 28 fold 1 no_physics
2026-03-07 07:51:37,583 | 2111642 | INFO | queue[0010] trial 28 fold 2 no_physics
2026-03-07 07:51:37,584 | 2111642 | INFO | queue[0011] trial 28 fold 3 no_physics
2026-03-07 07:51:37,584 | 2111642 | INFO | queue[0012] trial 28 fold 4 no_physics
2026-03-07 07:51:37,584 | 2111642 | INFO | queue[0013] trial 28 fold 5 no_physics
2026-03-07 07:51:37,584 | 2111642 | INFO | queue[0014] trial 29 fold 1 no_physics
2026-03-07 07:51:37,585 | 2111642 | INFO | queue[0015] trial 29 fold 2 no_physics
2026-03-07 07:51:37,585 | 2111642 | INFO | queue[0016] trial 29 fold 3 no_physics
2026-03-07 07:51:37,585 | 2111642 | INFO | queue[0017] trial 29 fold 4 no_physics
2026-03-07 07:51:37,585 | 2111642 | INFO | queue[0018] trial 29 fold 5 no_physics
2026-03-07 07:51:37,585 | 2111642 | INFO | queue[0019] trial 30 fold 1 no_physics
2026-03-07 07:51:37,586 | 2111642 | INFO | queue[0020] trial 30 fold 2 no_physics
2026-03-07 07:51:37,586 | 2111642 | INFO | queue[0021] trial 30 fold 3 no_physics
2026-03-07 07:51:37,586 | 2111642 | INFO | queue[0022] trial 30 fold 4 no_physics
2026-03-07 07:51:37,586 | 2111642 | INFO | queue[0023] trial 30 fold 5 no_physics
2026-03-07 07:51:37,586 | 2111642 | INFO | queue[0024] trial 31 fold 1 no_physics
2026-03-07 07:51:37,587 | 2111642 | INFO | queue[0025] trial 31 fold 2 no_physics
2026-03-07 07:51:37,587 | 2111642 | INFO | queue[0026] trial 31 fold 3 no_physics
2026-03-07 07:51:37,587 | 2111642 | INFO | queue[0027] trial 31 fold 4 no_physics
2026-03-07 07:51:37,587 | 2111642 | INFO | queue[0028] trial 31 fold 5 no_physics
2026-03-07 07:51:37,588 | 2111642 | INFO | queue[0029] trial 32 fold 1 no_physics
2026-03-07 07:51:37,588 | 2111642 | INFO | queue[0030] trial 32 fold 2 no_physics
2026-03-07 07:51:37,588 | 2111642 | INFO | queue[0031] trial 32 fold 3 no_physics
2026-03-07 07:51:37,588 | 2111642 | INFO | queue[0032] trial 32 fold 4 no_physics
2026-03-07 07:51:37,588 | 2111642 | INFO | queue[0033] trial 32 fold 5 no_physics
2026-03-07 07:51:37,588 | 2111642 | INFO | queue[0034] trial 33 fold 1 no_physics
2026-03-07 07:51:37,589 | 2111642 | INFO | queue[0035] trial 33 fold 2 no_physics
2026-03-07 07:51:37,589 | 2111642 | INFO | queue[0036] trial 33 fold 3 no_physics
2026-03-07 07:51:37,589 | 2111642 | INFO | queue[0037] trial 33 fold 4 no_physics
2026-03-07 07:51:37,589 | 2111642 | INFO | queue[0038] trial 33 fold 5 no_physics
2026-03-07 07:51:37,589 | 2111642 | INFO | queue[0039] trial 34 fold 1 no_physics
2026-03-07 07:51:37,590 | 2111642 | INFO | queue[0040] trial 34 fold 2 no_physics
2026-03-07 07:51:37,590 | 2111642 | INFO | queue[0041] trial 34 fold 3 no_physics
2026-03-07 07:51:37,590 | 2111642 | INFO | queue[0042] trial 34 fold 4 no_physics
2026-03-07 07:51:37,590 | 2111642 | INFO | queue[0043] trial 34 fold 5 no_physics
2026-03-07 07:51:37,590 | 2111642 | INFO | queue[0044] trial 35 fold 1 no_physics
2026-03-07 07:51:37,590 | 2111642 | INFO | queue[0045] trial 35 fold 2 no_physics
2026-03-07 07:51:37,591 | 2111642 | INFO | queue[0046] trial 35 fold 3 no_physics
2026-03-07 07:51:37,591 | 2111642 | INFO | queue[0047] trial 35 fold 4 no_physics
2026-03-07 07:51:37,591 | 2111642 | INFO | queue[0048] trial 35 fold 5 no_physics
2026-03-07 07:51:37,591 | 2111642 | INFO | [END BAYES QUEUE]
2026-03-07 07:51:37,886 | 2111642 | INFO | [ENQUEUE TRIAL] trial 36 no_physics
2026-03-07 07:51:37,887 | 2111642 | INFO | [BAYES QUEUE STATE]
2026-03-07 07:51:37,887 | 2111642 | INFO | pending_jobs = 54
2026-03-07 07:51:37,888 | 2111642 | INFO | inflight_trials = [1, 2, 3, 5, 6, 7, 8, 9, 11, 14, 15, 16, 19, 20, 21, 22, 23, 24, 25, 26, 27, 28, 29, 30, 31, 32, 33, 34, 35]
2026-03-07 07:51:37,888 | 2111642 | INFO | queue[0000] trial 26 fold 2 no_physics
2026-03-07 07:51:37,888 | 2111642 | INFO | queue[0001] trial 26 fold 3 no_physics
2026-03-07 07:51:37,889 | 2111642 | INFO | queue[0002] trial 26 fold 4 no_physics
2026-03-07 07:51:37,889 | 2111642 | INFO | queue[0003] trial 26 fold 5 no_physics
2026-03-07 07:51:37,889 | 2111642 | INFO | queue[0004] trial 27 fold 1 no_physics
2026-03-07 07:51:37,890 | 2111642 | INFO | queue[0005] trial 27 fold 2 no_physics
2026-03-07 07:51:37,890 | 2111642 | INFO | queue[0006] trial 27 fold 3 no_physics
2026-03-07 07:51:37,890 | 2111642 | INFO | queue[0007] trial 27 fold 4 no_physics
2026-03-07 07:51:37,891 | 2111642 | INFO | queue[0008] trial 27 fold 5 no_physics
2026-03-07 07:51:37,891 | 2111642 | INFO | queue[0009] trial 28 fold 1 no_physics
2026-03-07 07:51:37,891 | 2111642 | INFO | queue[0010] trial 28 fold 2 no_physics
2026-03-07 07:51:37,892 | 2111642 | INFO | queue[0011] trial 28 fold 3 no_physics
2026-03-07 07:51:37,892 | 2111642 | INFO | queue[0012] trial 28 fold 4 no_physics
2026-03-07 07:51:37,892 | 2111642 | INFO | queue[0013] trial 28 fold 5 no_physics
2026-03-07 07:51:37,893 | 2111642 | INFO | queue[0014] trial 29 fold 1 no_physics
2026-03-07 07:51:37,893 | 2111642 | INFO | queue[0015] trial 29 fold 2 no_physics
2026-03-07 07:51:37,894 | 2111642 | INFO | queue[0016] trial 29 fold 3 no_physics
2026-03-07 07:51:37,894 | 2111642 | INFO | queue[0017] trial 29 fold 4 no_physics
2026-03-07 07:51:37,894 | 2111642 | INFO | queue[0018] trial 29 fold 5 no_physics
2026-03-07 07:51:37,895 | 2111642 | INFO | queue[0019] trial 30 fold 1 no_physics
2026-03-07 07:51:37,895 | 2111642 | INFO | queue[0020] trial 30 fold 2 no_physics
2026-03-07 07:51:37,895 | 2111642 | INFO | queue[0021] trial 30 fold 3 no_physics
2026-03-07 07:51:37,895 | 2111642 | INFO | queue[0022] trial 30 fold 4 no_physics
2026-03-07 07:51:37,896 | 2111642 | INFO | queue[0023] trial 30 fold 5 no_physics
2026-03-07 07:51:37,896 | 2111642 | INFO | queue[0024] trial 31 fold 1 no_physics
2026-03-07 07:51:37,896 | 2111642 | INFO | queue[0025] trial 31 fold 2 no_physics
2026-03-07 07:51:37,896 | 2111642 | INFO | queue[0026] trial 31 fold 3 no_physics
2026-03-07 07:51:37,896 | 2111642 | INFO | queue[0027] trial 31 fold 4 no_physics
2026-03-07 07:51:37,896 | 2111642 | INFO | queue[0028] trial 31 fold 5 no_physics
2026-03-07 07:51:37,896 | 2111642 | INFO | queue[0029] trial 32 fold 1 no_physics
2026-03-07 07:51:37,897 | 2111642 | INFO | queue[0030] trial 32 fold 2 no_physics
2026-03-07 07:51:37,897 | 2111642 | INFO | queue[0031] trial 32 fold 3 no_physics
2026-03-07 07:51:37,897 | 2111642 | INFO | queue[0032] trial 32 fold 4 no_physics
2026-03-07 07:51:37,897 | 2111642 | INFO | queue[0033] trial 32 fold 5 no_physics
2026-03-07 07:51:37,897 | 2111642 | INFO | queue[0034] trial 33 fold 1 no_physics
2026-03-07 07:51:37,897 | 2111642 | INFO | queue[0035] trial 33 fold 2 no_physics
2026-03-07 07:51:37,897 | 2111642 | INFO | queue[0036] trial 33 fold 3 no_physics
2026-03-07 07:51:37,898 | 2111642 | INFO | queue[0037] trial 33 fold 4 no_physics
2026-03-07 07:51:37,898 | 2111642 | INFO | queue[0038] trial 33 fold 5 no_physics
2026-03-07 07:51:37,898 | 2111642 | INFO | queue[0039] trial 34 fold 1 no_physics
2026-03-07 07:51:37,898 | 2111642 | INFO | queue[0040] trial 34 fold 2 no_physics
2026-03-07 07:51:37,898 | 2111642 | INFO | queue[0041] trial 34 fold 3 no_physics
2026-03-07 07:51:37,898 | 2111642 | INFO | queue[0042] trial 34 fold 4 no_physics
2026-03-07 07:51:37,899 | 2111642 | INFO | queue[0043] trial 34 fold 5 no_physics
2026-03-07 07:51:37,899 | 2111642 | INFO | queue[0044] trial 35 fold 1 no_physics
2026-03-07 07:51:37,899 | 2111642 | INFO | queue[0045] trial 35 fold 2 no_physics
2026-03-07 07:51:37,899 | 2111642 | INFO | queue[0046] trial 35 fold 3 no_physics
2026-03-07 07:51:37,899 | 2111642 | INFO | queue[0047] trial 35 fold 4 no_physics
2026-03-07 07:51:37,899 | 2111642 | INFO | queue[0048] trial 35 fold 5 no_physics
2026-03-07 07:51:37,899 | 2111642 | INFO | queue[0049] trial 36 fold 1 no_physics
2026-03-07 07:51:37,899 | 2111642 | INFO | queue[0050] trial 36 fold 2 no_physics
2026-03-07 07:51:37,900 | 2111642 | INFO | queue[0051] trial 36 fold 3 no_physics
2026-03-07 07:51:37,900 | 2111642 | INFO | queue[0052] trial 36 fold 4 no_physics
2026-03-07 07:51:37,900 | 2111642 | INFO | queue[0053] trial 36 fold 5 no_physics
2026-03-07 07:51:37,900 | 2111642 | INFO | [END BAYES QUEUE]
2026-03-07 08:07:33,393 | 2111642 | INFO | [TRIAL COMPLETE] trial 16 no_physics NSE_1D=0.68872 NSE_1H=0.83457
2026-03-07 08:07:33,690 | 2111642 | INFO | [ENQUEUE TRIAL] trial 37 no_physics
2026-03-07 08:07:33,691 | 2111642 | INFO | [BAYES QUEUE STATE]
2026-03-07 08:07:33,691 | 2111642 | INFO | pending_jobs = 55
2026-03-07 08:07:33,692 | 2111642 | INFO | inflight_trials = [1, 2, 3, 5, 6, 7, 8, 9, 11, 14, 16, 19, 20, 21, 22, 23, 24, 25, 26, 27, 28, 29, 30, 31, 32, 33, 34, 35, 36]
2026-03-07 08:07:33,692 | 2111642 | INFO | queue[0000] trial 27 fold 1 no_physics
2026-03-07 08:07:33,692 | 2111642 | INFO | queue[0001] trial 27 fold 2 no_physics
2026-03-07 08:07:33,693 | 2111642 | INFO | queue[0002] trial 27 fold 3 no_physics
2026-03-07 08:07:33,693 | 2111642 | INFO | queue[0003] trial 27 fold 4 no_physics
2026-03-07 08:07:33,693 | 2111642 | INFO | queue[0004] trial 27 fold 5 no_physics
2026-03-07 08:07:33,694 | 2111642 | INFO | queue[0005] trial 28 fold 1 no_physics
2026-03-07 08:07:33,694 | 2111642 | INFO | queue[0006] trial 28 fold 2 no_physics
2026-03-07 08:07:33,694 | 2111642 | INFO | queue[0007] trial 28 fold 3 no_physics
2026-03-07 08:07:33,694 | 2111642 | INFO | queue[0008] trial 28 fold 4 no_physics
2026-03-07 08:07:33,695 | 2111642 | INFO | queue[0009] trial 28 fold 5 no_physics
2026-03-07 08:07:33,695 | 2111642 | INFO | queue[0010] trial 29 fold 1 no_physics
2026-03-07 08:07:33,695 | 2111642 | INFO | queue[0011] trial 29 fold 2 no_physics
2026-03-07 08:07:33,696 | 2111642 | INFO | queue[0012] trial 29 fold 3 no_physics
2026-03-07 08:07:33,696 | 2111642 | INFO | queue[0013] trial 29 fold 4 no_physics
2026-03-07 08:07:33,696 | 2111642 | INFO | queue[0014] trial 29 fold 5 no_physics
2026-03-07 08:07:33,697 | 2111642 | INFO | queue[0015] trial 30 fold 1 no_physics
2026-03-07 08:07:33,697 | 2111642 | INFO | queue[0016] trial 30 fold 2 no_physics
2026-03-07 08:07:33,697 | 2111642 | INFO | queue[0017] trial 30 fold 3 no_physics
2026-03-07 08:07:33,698 | 2111642 | INFO | queue[0018] trial 30 fold 4 no_physics
2026-03-07 08:07:33,698 | 2111642 | INFO | queue[0019] trial 30 fold 5 no_physics
2026-03-07 08:07:33,698 | 2111642 | INFO | queue[0020] trial 31 fold 1 no_physics
2026-03-07 08:07:33,699 | 2111642 | INFO | queue[0021] trial 31 fold 2 no_physics
2026-03-07 08:07:33,699 | 2111642 | INFO | queue[0022] trial 31 fold 3 no_physics
2026-03-07 08:07:33,699 | 2111642 | INFO | queue[0023] trial 31 fold 4 no_physics
2026-03-07 08:07:33,700 | 2111642 | INFO | queue[0024] trial 31 fold 5 no_physics
2026-03-07 08:07:33,700 | 2111642 | INFO | queue[0025] trial 32 fold 1 no_physics
2026-03-07 08:07:33,700 | 2111642 | INFO | queue[0026] trial 32 fold 2 no_physics
2026-03-07 08:07:33,700 | 2111642 | INFO | queue[0027] trial 32 fold 3 no_physics
2026-03-07 08:07:33,700 | 2111642 | INFO | queue[0028] trial 32 fold 4 no_physics
2026-03-07 08:07:33,700 | 2111642 | INFO | queue[0029] trial 32 fold 5 no_physics
2026-03-07 08:07:33,701 | 2111642 | INFO | queue[0030] trial 33 fold 1 no_physics
2026-03-07 08:07:33,701 | 2111642 | INFO | queue[0031] trial 33 fold 2 no_physics
2026-03-07 08:07:33,701 | 2111642 | INFO | queue[0032] trial 33 fold 3 no_physics
2026-03-07 08:07:33,701 | 2111642 | INFO | queue[0033] trial 33 fold 4 no_physics
2026-03-07 08:07:33,701 | 2111642 | INFO | queue[0034] trial 33 fold 5 no_physics
2026-03-07 08:07:33,701 | 2111642 | INFO | queue[0035] trial 34 fold 1 no_physics
2026-03-07 08:07:33,701 | 2111642 | INFO | queue[0036] trial 34 fold 2 no_physics
2026-03-07 08:07:33,702 | 2111642 | INFO | queue[0037] trial 34 fold 3 no_physics
2026-03-07 08:07:33,702 | 2111642 | INFO | queue[0038] trial 34 fold 4 no_physics
2026-03-07 08:07:33,702 | 2111642 | INFO | queue[0039] trial 34 fold 5 no_physics
2026-03-07 08:07:33,702 | 2111642 | INFO | queue[0040] trial 35 fold 1 no_physics
2026-03-07 08:07:33,702 | 2111642 | INFO | queue[0041] trial 35 fold 2 no_physics
2026-03-07 08:07:33,702 | 2111642 | INFO | queue[0042] trial 35 fold 3 no_physics
2026-03-07 08:07:33,702 | 2111642 | INFO | queue[0043] trial 35 fold 4 no_physics
2026-03-07 08:07:33,702 | 2111642 | INFO | queue[0044] trial 35 fold 5 no_physics
2026-03-07 08:07:33,703 | 2111642 | INFO | queue[0045] trial 36 fold 1 no_physics
2026-03-07 08:07:33,703 | 2111642 | INFO | queue[0046] trial 36 fold 2 no_physics
2026-03-07 08:07:33,703 | 2111642 | INFO | queue[0047] trial 36 fold 3 no_physics
2026-03-07 08:07:33,703 | 2111642 | INFO | queue[0048] trial 36 fold 4 no_physics
2026-03-07 08:07:33,703 | 2111642 | INFO | queue[0049] trial 36 fold 5 no_physics
2026-03-07 08:07:33,703 | 2111642 | INFO | queue[0050] trial 37 fold 1 no_physics
2026-03-07 08:07:33,703 | 2111642 | INFO | queue[0051] trial 37 fold 2 no_physics
2026-03-07 08:07:33,704 | 2111642 | INFO | queue[0052] trial 37 fold 3 no_physics
2026-03-07 08:07:33,704 | 2111642 | INFO | queue[0053] trial 37 fold 4 no_physics
2026-03-07 08:07:33,704 | 2111642 | INFO | queue[0054] trial 37 fold 5 no_physics
2026-03-07 08:07:33,704 | 2111642 | INFO | [END BAYES QUEUE]
2026-03-07 08:12:50,687 | 2111642 | INFO | [TRIAL COMPLETE] trial 8 no_physics NSE_1D=0.77594 NSE_1H=0.81923
2026-03-07 08:12:50,996 | 2111642 | INFO | [ENQUEUE TRIAL] trial 38 no_physics
2026-03-07 08:12:50,996 | 2111642 | INFO | [BAYES QUEUE STATE]
2026-03-07 08:12:50,997 | 2111642 | INFO | pending_jobs = 54
2026-03-07 08:12:50,997 | 2111642 | INFO | inflight_trials = [1, 2, 3, 5, 6, 8, 9, 11, 14, 16, 19, 20, 21, 22, 23, 24, 25, 26, 27, 28, 29, 30, 31, 32, 33, 34, 35, 36, 37]
2026-03-07 08:12:50,998 | 2111642 | INFO | queue[0000] trial 28 fold 2 no_physics
2026-03-07 08:12:50,998 | 2111642 | INFO | queue[0001] trial 28 fold 3 no_physics
2026-03-07 08:12:50,998 | 2111642 | INFO | queue[0002] trial 28 fold 4 no_physics
2026-03-07 08:12:50,999 | 2111642 | INFO | queue[0003] trial 28 fold 5 no_physics
2026-03-07 08:12:50,999 | 2111642 | INFO | queue[0004] trial 29 fold 1 no_physics
2026-03-07 08:12:51,000 | 2111642 | INFO | queue[0005] trial 29 fold 2 no_physics
2026-03-07 08:12:51,001 | 2111642 | INFO | queue[0006] trial 29 fold 3 no_physics
2026-03-07 08:12:51,001 | 2111642 | INFO | queue[0007] trial 29 fold 4 no_physics
2026-03-07 08:12:51,001 | 2111642 | INFO | queue[0008] trial 29 fold 5 no_physics
2026-03-07 08:12:51,002 | 2111642 | INFO | queue[0009] trial 30 fold 1 no_physics
2026-03-07 08:12:51,002 | 2111642 | INFO | queue[0010] trial 30 fold 2 no_physics
2026-03-07 08:12:51,002 | 2111642 | INFO | queue[0011] trial 30 fold 3 no_physics
2026-03-07 08:12:51,003 | 2111642 | INFO | queue[0012] trial 30 fold 4 no_physics
2026-03-07 08:12:51,003 | 2111642 | INFO | queue[0013] trial 30 fold 5 no_physics
2026-03-07 08:12:51,003 | 2111642 | INFO | queue[0014] trial 31 fold 1 no_physics
2026-03-07 08:12:51,003 | 2111642 | INFO | queue[0015] trial 31 fold 2 no_physics
2026-03-07 08:12:51,004 | 2111642 | INFO | queue[0016] trial 31 fold 3 no_physics
2026-03-07 08:12:51,004 | 2111642 | INFO | queue[0017] trial 31 fold 4 no_physics
2026-03-07 08:12:51,004 | 2111642 | INFO | queue[0018] trial 31 fold 5 no_physics
2026-03-07 08:12:51,004 | 2111642 | INFO | queue[0019] trial 32 fold 1 no_physics
2026-03-07 08:12:51,005 | 2111642 | INFO | queue[0020] trial 32 fold 2 no_physics
2026-03-07 08:12:51,005 | 2111642 | INFO | queue[0021] trial 32 fold 3 no_physics
2026-03-07 08:12:51,005 | 2111642 | INFO | queue[0022] trial 32 fold 4 no_physics
2026-03-07 08:12:51,005 | 2111642 | INFO | queue[0023] trial 32 fold 5 no_physics
2026-03-07 08:12:51,005 | 2111642 | INFO | queue[0024] trial 33 fold 1 no_physics
2026-03-07 08:12:51,005 | 2111642 | INFO | queue[0025] trial 33 fold 2 no_physics
2026-03-07 08:12:51,006 | 2111642 | INFO | queue[0026] trial 33 fold 3 no_physics
2026-03-07 08:12:51,006 | 2111642 | INFO | queue[0027] trial 33 fold 4 no_physics
2026-03-07 08:12:51,006 | 2111642 | INFO | queue[0028] trial 33 fold 5 no_physics
2026-03-07 08:12:51,006 | 2111642 | INFO | queue[0029] trial 34 fold 1 no_physics
2026-03-07 08:12:51,006 | 2111642 | INFO | queue[0030] trial 34 fold 2 no_physics
2026-03-07 08:12:51,006 | 2111642 | INFO | queue[0031] trial 34 fold 3 no_physics
2026-03-07 08:12:51,007 | 2111642 | INFO | queue[0032] trial 34 fold 4 no_physics
2026-03-07 08:12:51,007 | 2111642 | INFO | queue[0033] trial 34 fold 5 no_physics
2026-03-07 08:12:51,007 | 2111642 | INFO | queue[0034] trial 35 fold 1 no_physics
2026-03-07 08:12:51,007 | 2111642 | INFO | queue[0035] trial 35 fold 2 no_physics
2026-03-07 08:12:51,007 | 2111642 | INFO | queue[0036] trial 35 fold 3 no_physics
2026-03-07 08:12:51,007 | 2111642 | INFO | queue[0037] trial 35 fold 4 no_physics
2026-03-07 08:12:51,007 | 2111642 | INFO | queue[0038] trial 35 fold 5 no_physics
2026-03-07 08:12:51,008 | 2111642 | INFO | queue[0039] trial 36 fold 1 no_physics
2026-03-07 08:12:51,008 | 2111642 | INFO | queue[0040] trial 36 fold 2 no_physics
2026-03-07 08:12:51,008 | 2111642 | INFO | queue[0041] trial 36 fold 3 no_physics
2026-03-07 08:12:51,008 | 2111642 | INFO | queue[0042] trial 36 fold 4 no_physics
2026-03-07 08:12:51,008 | 2111642 | INFO | queue[0043] trial 36 fold 5 no_physics
2026-03-07 08:12:51,008 | 2111642 | INFO | queue[0044] trial 37 fold 1 no_physics
2026-03-07 08:12:51,009 | 2111642 | INFO | queue[0045] trial 37 fold 2 no_physics
2026-03-07 08:12:51,009 | 2111642 | INFO | queue[0046] trial 37 fold 3 no_physics
2026-03-07 08:12:51,009 | 2111642 | INFO | queue[0047] trial 37 fold 4 no_physics
2026-03-07 08:12:51,009 | 2111642 | INFO | queue[0048] trial 37 fold 5 no_physics
2026-03-07 08:12:51,009 | 2111642 | INFO | queue[0049] trial 38 fold 1 no_physics
2026-03-07 08:12:51,009 | 2111642 | INFO | queue[0050] trial 38 fold 2 no_physics
2026-03-07 08:12:51,009 | 2111642 | INFO | queue[0051] trial 38 fold 3 no_physics
2026-03-07 08:12:51,010 | 2111642 | INFO | queue[0052] trial 38 fold 4 no_physics
2026-03-07 08:12:51,010 | 2111642 | INFO | queue[0053] trial 38 fold 5 no_physics
2026-03-07 08:12:51,010 | 2111642 | INFO | [END BAYES QUEUE]
2026-03-07 08:20:16,078 | 2111642 | INFO | [TRIAL COMPLETE] trial 23 no_physics NSE_1D=0.76178 NSE_1H=0.73449
2026-03-07 08:20:16,395 | 2111642 | INFO | [ENQUEUE TRIAL] trial 39 no_physics
2026-03-07 08:20:16,396 | 2111642 | INFO | [BAYES QUEUE STATE]
2026-03-07 08:20:16,397 | 2111642 | INFO | pending_jobs = 55
2026-03-07 08:20:16,397 | 2111642 | INFO | inflight_trials = [1, 2, 3, 5, 6, 8, 9, 11, 14, 16, 19, 20, 21, 23, 24, 25, 26, 27, 28, 29, 30, 31, 32, 33, 34, 35, 36, 37, 38]
2026-03-07 08:20:16,397 | 2111642 | INFO | queue[0000] trial 29 fold 1 no_physics
2026-03-07 08:20:16,398 | 2111642 | INFO | queue[0001] trial 29 fold 2 no_physics
2026-03-07 08:20:16,398 | 2111642 | INFO | queue[0002] trial 29 fold 3 no_physics
2026-03-07 08:20:16,399 | 2111642 | INFO | queue[0003] trial 29 fold 4 no_physics
2026-03-07 08:20:16,399 | 2111642 | INFO | queue[0004] trial 29 fold 5 no_physics
2026-03-07 08:20:16,399 | 2111642 | INFO | queue[0005] trial 30 fold 1 no_physics
2026-03-07 08:20:16,400 | 2111642 | INFO | queue[0006] trial 30 fold 2 no_physics
2026-03-07 08:20:16,400 | 2111642 | INFO | queue[0007] trial 30 fold 3 no_physics
2026-03-07 08:20:16,400 | 2111642 | INFO | queue[0008] trial 30 fold 4 no_physics
2026-03-07 08:20:16,400 | 2111642 | INFO | queue[0009] trial 30 fold 5 no_physics
2026-03-07 08:20:16,401 | 2111642 | INFO | queue[0010] trial 31 fold 1 no_physics
2026-03-07 08:20:16,401 | 2111642 | INFO | queue[0011] trial 31 fold 2 no_physics
2026-03-07 08:20:16,401 | 2111642 | INFO | queue[0012] trial 31 fold 3 no_physics
2026-03-07 08:20:16,401 | 2111642 | INFO | queue[0013] trial 31 fold 4 no_physics
2026-03-07 08:20:16,401 | 2111642 | INFO | queue[0014] trial 31 fold 5 no_physics
2026-03-07 08:20:16,401 | 2111642 | INFO | queue[0015] trial 32 fold 1 no_physics
2026-03-07 08:20:16,402 | 2111642 | INFO | queue[0016] trial 32 fold 2 no_physics
2026-03-07 08:20:16,402 | 2111642 | INFO | queue[0017] trial 32 fold 3 no_physics
2026-03-07 08:20:16,402 | 2111642 | INFO | queue[0018] trial 32 fold 4 no_physics
2026-03-07 08:20:16,402 | 2111642 | INFO | queue[0019] trial 32 fold 5 no_physics
2026-03-07 08:20:16,402 | 2111642 | INFO | queue[0020] trial 33 fold 1 no_physics
2026-03-07 08:20:16,402 | 2111642 | INFO | queue[0021] trial 33 fold 2 no_physics
2026-03-07 08:20:16,403 | 2111642 | INFO | queue[0022] trial 33 fold 3 no_physics
2026-03-07 08:20:16,403 | 2111642 | INFO | queue[0023] trial 33 fold 4 no_physics
2026-03-07 08:20:16,403 | 2111642 | INFO | queue[0024] trial 33 fold 5 no_physics
2026-03-07 08:20:16,403 | 2111642 | INFO | queue[0025] trial 34 fold 1 no_physics
2026-03-07 08:20:16,404 | 2111642 | INFO | queue[0026] trial 34 fold 2 no_physics
2026-03-07 08:20:16,404 | 2111642 | INFO | queue[0027] trial 34 fold 3 no_physics
2026-03-07 08:20:16,404 | 2111642 | INFO | queue[0028] trial 34 fold 4 no_physics
2026-03-07 08:20:16,404 | 2111642 | INFO | queue[0029] trial 34 fold 5 no_physics
2026-03-07 08:20:16,404 | 2111642 | INFO | queue[0030] trial 35 fold 1 no_physics
2026-03-07 08:20:16,405 | 2111642 | INFO | queue[0031] trial 35 fold 2 no_physics
2026-03-07 08:20:16,405 | 2111642 | INFO | queue[0032] trial 35 fold 3 no_physics
2026-03-07 08:20:16,405 | 2111642 | INFO | queue[0033] trial 35 fold 4 no_physics
2026-03-07 08:20:16,405 | 2111642 | INFO | queue[0034] trial 35 fold 5 no_physics
2026-03-07 08:20:16,405 | 2111642 | INFO | queue[0035] trial 36 fold 1 no_physics
2026-03-07 08:20:16,405 | 2111642 | INFO | queue[0036] trial 36 fold 2 no_physics
2026-03-07 08:20:16,406 | 2111642 | INFO | queue[0037] trial 36 fold 3 no_physics
2026-03-07 08:20:16,406 | 2111642 | INFO | queue[0038] trial 36 fold 4 no_physics
2026-03-07 08:20:16,406 | 2111642 | INFO | queue[0039] trial 36 fold 5 no_physics
2026-03-07 08:20:16,406 | 2111642 | INFO | queue[0040] trial 37 fold 1 no_physics
2026-03-07 08:20:16,406 | 2111642 | INFO | queue[0041] trial 37 fold 2 no_physics
2026-03-07 08:20:16,407 | 2111642 | INFO | queue[0042] trial 37 fold 3 no_physics
2026-03-07 08:20:16,407 | 2111642 | INFO | queue[0043] trial 37 fold 4 no_physics
2026-03-07 08:20:16,407 | 2111642 | INFO | queue[0044] trial 37 fold 5 no_physics
2026-03-07 08:20:16,407 | 2111642 | INFO | queue[0045] trial 38 fold 1 no_physics
2026-03-07 08:20:16,407 | 2111642 | INFO | queue[0046] trial 38 fold 2 no_physics
2026-03-07 08:20:16,407 | 2111642 | INFO | queue[0047] trial 38 fold 3 no_physics
2026-03-07 08:20:16,408 | 2111642 | INFO | queue[0048] trial 38 fold 4 no_physics
2026-03-07 08:20:16,408 | 2111642 | INFO | queue[0049] trial 38 fold 5 no_physics
2026-03-07 08:20:16,408 | 2111642 | INFO | queue[0050] trial 39 fold 1 no_physics
2026-03-07 08:20:16,408 | 2111642 | INFO | queue[0051] trial 39 fold 2 no_physics
2026-03-07 08:20:16,408 | 2111642 | INFO | queue[0052] trial 39 fold 3 no_physics
2026-03-07 08:20:16,408 | 2111642 | INFO | queue[0053] trial 39 fold 4 no_physics
2026-03-07 08:20:16,408 | 2111642 | INFO | queue[0054] trial 39 fold 5 no_physics
2026-03-07 08:20:16,408 | 2111642 | INFO | [END BAYES QUEUE]
2026-03-07 08:30:24,033 | 2111642 | INFO | [TRIAL COMPLETE] trial 21 no_physics NSE_1D=0.81023 NSE_1H=0.81289
2026-03-07 08:30:24,353 | 2111642 | INFO | [ENQUEUE TRIAL] trial 40 no_physics
2026-03-07 08:30:24,353 | 2111642 | INFO | [BAYES QUEUE STATE]
2026-03-07 08:30:24,354 | 2111642 | INFO | pending_jobs = 54
2026-03-07 08:30:24,354 | 2111642 | INFO | inflight_trials = [1, 2, 3, 5, 6, 8, 9, 11, 14, 16, 19, 21, 23, 24, 25, 26, 27, 28, 29, 30, 31, 32, 33, 34, 35, 36, 37, 38, 39]
2026-03-07 08:30:24,355 | 2111642 | INFO | queue[0000] trial 30 fold 2 no_physics
2026-03-07 08:30:24,355 | 2111642 | INFO | queue[0001] trial 30 fold 3 no_physics
2026-03-07 08:30:24,356 | 2111642 | INFO | queue[0002] trial 30 fold 4 no_physics
2026-03-07 08:30:24,356 | 2111642 | INFO | queue[0003] trial 30 fold 5 no_physics
2026-03-07 08:30:24,356 | 2111642 | INFO | queue[0004] trial 31 fold 1 no_physics
2026-03-07 08:30:24,357 | 2111642 | INFO | queue[0005] trial 31 fold 2 no_physics
2026-03-07 08:30:24,357 | 2111642 | INFO | queue[0006] trial 31 fold 3 no_physics
2026-03-07 08:30:24,357 | 2111642 | INFO | queue[0007] trial 31 fold 4 no_physics
2026-03-07 08:30:24,358 | 2111642 | INFO | queue[0008] trial 31 fold 5 no_physics
2026-03-07 08:30:24,358 | 2111642 | INFO | queue[0009] trial 32 fold 1 no_physics
2026-03-07 08:30:24,358 | 2111642 | INFO | queue[0010] trial 32 fold 2 no_physics
2026-03-07 08:30:24,359 | 2111642 | INFO | queue[0011] trial 32 fold 3 no_physics
2026-03-07 08:30:24,359 | 2111642 | INFO | queue[0012] trial 32 fold 4 no_physics
2026-03-07 08:30:24,359 | 2111642 | INFO | queue[0013] trial 32 fold 5 no_physics
2026-03-07 08:30:24,360 | 2111642 | INFO | queue[0014] trial 33 fold 1 no_physics
2026-03-07 08:30:24,360 | 2111642 | INFO | queue[0015] trial 33 fold 2 no_physics
2026-03-07 08:30:24,360 | 2111642 | INFO | queue[0016] trial 33 fold 3 no_physics
2026-03-07 08:30:24,361 | 2111642 | INFO | queue[0017] trial 33 fold 4 no_physics
2026-03-07 08:30:24,361 | 2111642 | INFO | queue[0018] trial 33 fold 5 no_physics
2026-03-07 08:30:24,361 | 2111642 | INFO | queue[0019] trial 34 fold 1 no_physics
2026-03-07 08:30:24,362 | 2111642 | INFO | queue[0020] trial 34 fold 2 no_physics
2026-03-07 08:30:24,362 | 2111642 | INFO | queue[0021] trial 34 fold 3 no_physics
2026-03-07 08:30:24,362 | 2111642 | INFO | queue[0022] trial 34 fold 4 no_physics
2026-03-07 08:30:24,362 | 2111642 | INFO | queue[0023] trial 34 fold 5 no_physics
2026-03-07 08:30:24,362 | 2111642 | INFO | queue[0024] trial 35 fold 1 no_physics
2026-03-07 08:30:24,362 | 2111642 | INFO | queue[0025] trial 35 fold 2 no_physics
2026-03-07 08:30:24,363 | 2111642 | INFO | queue[0026] trial 35 fold 3 no_physics
2026-03-07 08:30:24,363 | 2111642 | INFO | queue[0027] trial 35 fold 4 no_physics
2026-03-07 08:30:24,363 | 2111642 | INFO | queue[0028] trial 35 fold 5 no_physics
2026-03-07 08:30:24,363 | 2111642 | INFO | queue[0029] trial 36 fold 1 no_physics
2026-03-07 08:30:24,363 | 2111642 | INFO | queue[0030] trial 36 fold 2 no_physics
2026-03-07 08:30:24,363 | 2111642 | INFO | queue[0031] trial 36 fold 3 no_physics
2026-03-07 08:30:24,363 | 2111642 | INFO | queue[0032] trial 36 fold 4 no_physics
2026-03-07 08:30:24,364 | 2111642 | INFO | queue[0033] trial 36 fold 5 no_physics
2026-03-07 08:30:24,364 | 2111642 | INFO | queue[0034] trial 37 fold 1 no_physics
2026-03-07 08:30:24,364 | 2111642 | INFO | queue[0035] trial 37 fold 2 no_physics
2026-03-07 08:30:24,364 | 2111642 | INFO | queue[0036] trial 37 fold 3 no_physics
2026-03-07 08:30:24,364 | 2111642 | INFO | queue[0037] trial 37 fold 4 no_physics
2026-03-07 08:30:24,364 | 2111642 | INFO | queue[0038] trial 37 fold 5 no_physics
2026-03-07 08:30:24,364 | 2111642 | INFO | queue[0039] trial 38 fold 1 no_physics
2026-03-07 08:30:24,364 | 2111642 | INFO | queue[0040] trial 38 fold 2 no_physics
2026-03-07 08:30:24,365 | 2111642 | INFO | queue[0041] trial 38 fold 3 no_physics
2026-03-07 08:30:24,365 | 2111642 | INFO | queue[0042] trial 38 fold 4 no_physics
2026-03-07 08:30:24,365 | 2111642 | INFO | queue[0043] trial 38 fold 5 no_physics
2026-03-07 08:30:24,365 | 2111642 | INFO | queue[0044] trial 39 fold 1 no_physics
2026-03-07 08:30:24,365 | 2111642 | INFO | queue[0045] trial 39 fold 2 no_physics
2026-03-07 08:30:24,365 | 2111642 | INFO | queue[0046] trial 39 fold 3 no_physics
2026-03-07 08:30:24,366 | 2111642 | INFO | queue[0047] trial 39 fold 4 no_physics
2026-03-07 08:30:24,366 | 2111642 | INFO | queue[0048] trial 39 fold 5 no_physics
2026-03-07 08:30:24,366 | 2111642 | INFO | queue[0049] trial 40 fold 1 no_physics
2026-03-07 08:30:24,366 | 2111642 | INFO | queue[0050] trial 40 fold 2 no_physics
2026-03-07 08:30:24,366 | 2111642 | INFO | queue[0051] trial 40 fold 3 no_physics
2026-03-07 08:30:24,366 | 2111642 | INFO | queue[0052] trial 40 fold 4 no_physics
2026-03-07 08:30:24,366 | 2111642 | INFO | queue[0053] trial 40 fold 5 no_physics
2026-03-07 08:30:24,366 | 2111642 | INFO | [END BAYES QUEUE]
2026-03-07 08:31:55,413 | 2111642 | INFO | [TRIAL COMPLETE] trial 24 no_physics NSE_1D=0.74379 NSE_1H=0.74094
2026-03-07 08:33:44,803 | 2111642 | INFO | [TRIAL COMPLETE] trial 9 no_physics NSE_1D=0.72203 NSE_1H=0.83597
2026-03-07 08:42:47,693 | 2111642 | INFO | [TRIAL COMPLETE] trial 3 no_physics NSE_1D=0.76194 NSE_1H=0.80562
2026-03-07 08:42:48,043 | 2111642 | INFO | [ENQUEUE TRIAL] trial 41 no_physics
2026-03-07 08:42:48,044 | 2111642 | INFO | [BAYES QUEUE STATE]
2026-03-07 08:42:48,044 | 2111642 | INFO | pending_jobs = 52
2026-03-07 08:42:48,044 | 2111642 | INFO | inflight_trials = [1, 3, 5, 6, 9, 11, 14, 16, 19, 21, 24, 25, 26, 27, 28, 29, 30, 31, 32, 33, 34, 35, 36, 37, 38, 39, 40]
2026-03-07 08:42:48,044 | 2111642 | INFO | queue[0000] trial 31 fold 4 no_physics
2026-03-07 08:42:48,044 | 2111642 | INFO | queue[0001] trial 31 fold 5 no_physics
2026-03-07 08:42:48,045 | 2111642 | INFO | queue[0002] trial 32 fold 1 no_physics
2026-03-07 08:42:48,045 | 2111642 | INFO | queue[0003] trial 32 fold 2 no_physics
2026-03-07 08:42:48,045 | 2111642 | INFO | queue[0004] trial 32 fold 3 no_physics
2026-03-07 08:42:48,045 | 2111642 | INFO | queue[0005] trial 32 fold 4 no_physics
2026-03-07 08:42:48,045 | 2111642 | INFO | queue[0006] trial 32 fold 5 no_physics
2026-03-07 08:42:48,045 | 2111642 | INFO | queue[0007] trial 33 fold 1 no_physics
2026-03-07 08:42:48,045 | 2111642 | INFO | queue[0008] trial 33 fold 2 no_physics
2026-03-07 08:42:48,046 | 2111642 | INFO | queue[0009] trial 33 fold 3 no_physics
2026-03-07 08:42:48,046 | 2111642 | INFO | queue[0010] trial 33 fold 4 no_physics
2026-03-07 08:42:48,046 | 2111642 | INFO | queue[0011] trial 33 fold 5 no_physics
2026-03-07 08:42:48,046 | 2111642 | INFO | queue[0012] trial 34 fold 1 no_physics
2026-03-07 08:42:48,046 | 2111642 | INFO | queue[0013] trial 34 fold 2 no_physics
2026-03-07 08:42:48,046 | 2111642 | INFO | queue[0014] trial 34 fold 3 no_physics
2026-03-07 08:42:48,046 | 2111642 | INFO | queue[0015] trial 34 fold 4 no_physics
2026-03-07 08:42:48,047 | 2111642 | INFO | queue[0016] trial 34 fold 5 no_physics
2026-03-07 08:42:48,047 | 2111642 | INFO | queue[0017] trial 35 fold 1 no_physics
2026-03-07 08:42:48,047 | 2111642 | INFO | queue[0018] trial 35 fold 2 no_physics
2026-03-07 08:42:48,047 | 2111642 | INFO | queue[0019] trial 35 fold 3 no_physics
2026-03-07 08:42:48,047 | 2111642 | INFO | queue[0020] trial 35 fold 4 no_physics
2026-03-07 08:42:48,047 | 2111642 | INFO | queue[0021] trial 35 fold 5 no_physics
2026-03-07 08:42:48,047 | 2111642 | INFO | queue[0022] trial 36 fold 1 no_physics
2026-03-07 08:42:48,047 | 2111642 | INFO | queue[0023] trial 36 fold 2 no_physics
2026-03-07 08:42:48,048 | 2111642 | INFO | queue[0024] trial 36 fold 3 no_physics
2026-03-07 08:42:48,048 | 2111642 | INFO | queue[0025] trial 36 fold 4 no_physics
2026-03-07 08:42:48,048 | 2111642 | INFO | queue[0026] trial 36 fold 5 no_physics
2026-03-07 08:42:48,048 | 2111642 | INFO | queue[0027] trial 37 fold 1 no_physics
2026-03-07 08:42:48,048 | 2111642 | INFO | queue[0028] trial 37 fold 2 no_physics
2026-03-07 08:42:48,048 | 2111642 | INFO | queue[0029] trial 37 fold 3 no_physics
2026-03-07 08:42:48,048 | 2111642 | INFO | queue[0030] trial 37 fold 4 no_physics
2026-03-07 08:42:48,049 | 2111642 | INFO | queue[0031] trial 37 fold 5 no_physics
2026-03-07 08:42:48,049 | 2111642 | INFO | queue[0032] trial 38 fold 1 no_physics
2026-03-07 08:42:48,049 | 2111642 | INFO | queue[0033] trial 38 fold 2 no_physics
2026-03-07 08:42:48,049 | 2111642 | INFO | queue[0034] trial 38 fold 3 no_physics
2026-03-07 08:42:48,049 | 2111642 | INFO | queue[0035] trial 38 fold 4 no_physics
2026-03-07 08:42:48,049 | 2111642 | INFO | queue[0036] trial 38 fold 5 no_physics
2026-03-07 08:42:48,050 | 2111642 | INFO | queue[0037] trial 39 fold 1 no_physics
2026-03-07 08:42:48,050 | 2111642 | INFO | queue[0038] trial 39 fold 2 no_physics
2026-03-07 08:42:48,050 | 2111642 | INFO | queue[0039] trial 39 fold 3 no_physics
2026-03-07 08:42:48,050 | 2111642 | INFO | queue[0040] trial 39 fold 4 no_physics
2026-03-07 08:42:48,050 | 2111642 | INFO | queue[0041] trial 39 fold 5 no_physics
2026-03-07 08:42:48,050 | 2111642 | INFO | queue[0042] trial 40 fold 1 no_physics
2026-03-07 08:42:48,050 | 2111642 | INFO | queue[0043] trial 40 fold 2 no_physics
2026-03-07 08:42:48,050 | 2111642 | INFO | queue[0044] trial 40 fold 3 no_physics
2026-03-07 08:42:48,051 | 2111642 | INFO | queue[0045] trial 40 fold 4 no_physics
2026-03-07 08:42:48,051 | 2111642 | INFO | queue[0046] trial 40 fold 5 no_physics
2026-03-07 08:42:48,051 | 2111642 | INFO | queue[0047] trial 41 fold 1 no_physics
2026-03-07 08:42:48,051 | 2111642 | INFO | queue[0048] trial 41 fold 2 no_physics
2026-03-07 08:42:48,051 | 2111642 | INFO | queue[0049] trial 41 fold 3 no_physics
2026-03-07 08:42:48,051 | 2111642 | INFO | queue[0050] trial 41 fold 4 no_physics
2026-03-07 08:42:48,051 | 2111642 | INFO | queue[0051] trial 41 fold 5 no_physics
2026-03-07 08:42:48,051 | 2111642 | INFO | [END BAYES QUEUE]
2026-03-07 08:49:23,979 | 2111642 | INFO | [TRIAL COMPLETE] trial 27 no_physics NSE_1D=0.73648 NSE_1H=0.75044
2026-03-07 08:49:24,307 | 2111642 | INFO | [ENQUEUE TRIAL] trial 42 no_physics
2026-03-07 08:49:24,307 | 2111642 | INFO | [BAYES QUEUE STATE]
2026-03-07 08:49:24,308 | 2111642 | INFO | pending_jobs = 50
2026-03-07 08:49:24,308 | 2111642 | INFO | inflight_trials = [1, 3, 5, 6, 9, 11, 14, 16, 19, 21, 24, 25, 27, 28, 29, 30, 31, 32, 33, 34, 35, 36, 37, 38, 39, 40, 41]
2026-03-07 08:49:24,308 | 2111642 | INFO | queue[0000] trial 33 fold 1 no_physics
2026-03-07 08:49:24,309 | 2111642 | INFO | queue[0001] trial 33 fold 2 no_physics
2026-03-07 08:49:24,309 | 2111642 | INFO | queue[0002] trial 33 fold 3 no_physics
2026-03-07 08:49:24,310 | 2111642 | INFO | queue[0003] trial 33 fold 4 no_physics
2026-03-07 08:49:24,310 | 2111642 | INFO | queue[0004] trial 33 fold 5 no_physics
2026-03-07 08:49:24,310 | 2111642 | INFO | queue[0005] trial 34 fold 1 no_physics
2026-03-07 08:49:24,310 | 2111642 | INFO | queue[0006] trial 34 fold 2 no_physics
2026-03-07 08:49:24,311 | 2111642 | INFO | queue[0007] trial 34 fold 3 no_physics
2026-03-07 08:49:24,311 | 2111642 | INFO | queue[0008] trial 34 fold 4 no_physics
2026-03-07 08:49:24,311 | 2111642 | INFO | queue[0009] trial 34 fold 5 no_physics
2026-03-07 08:49:24,312 | 2111642 | INFO | queue[0010] trial 35 fold 1 no_physics
2026-03-07 08:49:24,312 | 2111642 | INFO | queue[0011] trial 35 fold 2 no_physics
2026-03-07 08:49:24,313 | 2111642 | INFO | queue[0012] trial 35 fold 3 no_physics
2026-03-07 08:49:24,313 | 2111642 | INFO | queue[0013] trial 35 fold 4 no_physics
2026-03-07 08:49:24,313 | 2111642 | INFO | queue[0014] trial 35 fold 5 no_physics
2026-03-07 08:49:24,313 | 2111642 | INFO | queue[0015] trial 36 fold 1 no_physics
2026-03-07 08:49:24,314 | 2111642 | INFO | queue[0016] trial 36 fold 2 no_physics
2026-03-07 08:49:24,314 | 2111642 | INFO | queue[0017] trial 36 fold 3 no_physics
2026-03-07 08:49:24,315 | 2111642 | INFO | queue[0018] trial 36 fold 4 no_physics
2026-03-07 08:49:24,315 | 2111642 | INFO | queue[0019] trial 36 fold 5 no_physics
2026-03-07 08:49:24,315 | 2111642 | INFO | queue[0020] trial 37 fold 1 no_physics
2026-03-07 08:49:24,316 | 2111642 | INFO | queue[0021] trial 37 fold 2 no_physics
2026-03-07 08:49:24,316 | 2111642 | INFO | queue[0022] trial 37 fold 3 no_physics
2026-03-07 08:49:24,316 | 2111642 | INFO | queue[0023] trial 37 fold 4 no_physics
2026-03-07 08:49:24,317 | 2111642 | INFO | queue[0024] trial 37 fold 5 no_physics
2026-03-07 08:49:24,317 | 2111642 | INFO | queue[0025] trial 38 fold 1 no_physics
2026-03-07 08:49:24,317 | 2111642 | INFO | queue[0026] trial 38 fold 2 no_physics
2026-03-07 08:49:24,318 | 2111642 | INFO | queue[0027] trial 38 fold 3 no_physics
2026-03-07 08:49:24,318 | 2111642 | INFO | queue[0028] trial 38 fold 4 no_physics
2026-03-07 08:49:24,318 | 2111642 | INFO | queue[0029] trial 38 fold 5 no_physics
2026-03-07 08:49:24,318 | 2111642 | INFO | queue[0030] trial 39 fold 1 no_physics
2026-03-07 08:49:24,318 | 2111642 | INFO | queue[0031] trial 39 fold 2 no_physics
2026-03-07 08:49:24,318 | 2111642 | INFO | queue[0032] trial 39 fold 3 no_physics
2026-03-07 08:49:24,318 | 2111642 | INFO | queue[0033] trial 39 fold 4 no_physics
2026-03-07 08:49:24,319 | 2111642 | INFO | queue[0034] trial 39 fold 5 no_physics
2026-03-07 08:49:24,319 | 2111642 | INFO | queue[0035] trial 40 fold 1 no_physics
2026-03-07 08:49:24,319 | 2111642 | INFO | queue[0036] trial 40 fold 2 no_physics
2026-03-07 08:49:24,319 | 2111642 | INFO | queue[0037] trial 40 fold 3 no_physics
2026-03-07 08:49:24,319 | 2111642 | INFO | queue[0038] trial 40 fold 4 no_physics
2026-03-07 08:49:24,319 | 2111642 | INFO | queue[0039] trial 40 fold 5 no_physics
2026-03-07 08:49:24,320 | 2111642 | INFO | queue[0040] trial 41 fold 1 no_physics
2026-03-07 08:49:24,320 | 2111642 | INFO | queue[0041] trial 41 fold 2 no_physics
2026-03-07 08:49:24,320 | 2111642 | INFO | queue[0042] trial 41 fold 3 no_physics
2026-03-07 08:49:24,320 | 2111642 | INFO | queue[0043] trial 41 fold 4 no_physics
2026-03-07 08:49:24,321 | 2111642 | INFO | queue[0044] trial 41 fold 5 no_physics
2026-03-07 08:49:24,321 | 2111642 | INFO | queue[0045] trial 42 fold 1 no_physics
2026-03-07 08:49:24,321 | 2111642 | INFO | queue[0046] trial 42 fold 2 no_physics
2026-03-07 08:49:24,321 | 2111642 | INFO | queue[0047] trial 42 fold 3 no_physics
2026-03-07 08:49:24,321 | 2111642 | INFO | queue[0048] trial 42 fold 4 no_physics
2026-03-07 08:49:24,321 | 2111642 | INFO | queue[0049] trial 42 fold 5 no_physics
2026-03-07 08:49:24,321 | 2111642 | INFO | [END BAYES QUEUE]
2026-03-07 08:49:24,626 | 2111642 | INFO | [ENQUEUE TRIAL] trial 43 no_physics
2026-03-07 08:49:24,627 | 2111642 | INFO | [BAYES QUEUE STATE]
2026-03-07 08:49:24,627 | 2111642 | INFO | pending_jobs = 55
2026-03-07 08:49:24,628 | 2111642 | INFO | inflight_trials = [1, 3, 5, 6, 9, 11, 14, 16, 19, 21, 24, 25, 27, 28, 29, 30, 31, 32, 33, 34, 35, 36, 37, 38, 39, 40, 41, 42]
2026-03-07 08:49:24,628 | 2111642 | INFO | queue[0000] trial 33 fold 1 no_physics
2026-03-07 08:49:24,629 | 2111642 | INFO | queue[0001] trial 33 fold 2 no_physics
2026-03-07 08:49:24,629 | 2111642 | INFO | queue[0002] trial 33 fold 3 no_physics
2026-03-07 08:49:24,629 | 2111642 | INFO | queue[0003] trial 33 fold 4 no_physics
2026-03-07 08:49:24,630 | 2111642 | INFO | queue[0004] trial 33 fold 5 no_physics
2026-03-07 08:49:24,630 | 2111642 | INFO | queue[0005] trial 34 fold 1 no_physics
2026-03-07 08:49:24,630 | 2111642 | INFO | queue[0006] trial 34 fold 2 no_physics
2026-03-07 08:49:24,631 | 2111642 | INFO | queue[0007] trial 34 fold 3 no_physics
2026-03-07 08:49:24,631 | 2111642 | INFO | queue[0008] trial 34 fold 4 no_physics
2026-03-07 08:49:24,631 | 2111642 | INFO | queue[0009] trial 34 fold 5 no_physics
2026-03-07 08:49:24,631 | 2111642 | INFO | queue[0010] trial 35 fold 1 no_physics
2026-03-07 08:49:24,632 | 2111642 | INFO | queue[0011] trial 35 fold 2 no_physics
2026-03-07 08:49:24,632 | 2111642 | INFO | queue[0012] trial 35 fold 3 no_physics
2026-03-07 08:49:24,632 | 2111642 | INFO | queue[0013] trial 35 fold 4 no_physics
2026-03-07 08:49:24,632 | 2111642 | INFO | queue[0014] trial 35 fold 5 no_physics
2026-03-07 08:49:24,633 | 2111642 | INFO | queue[0015] trial 36 fold 1 no_physics
2026-03-07 08:49:24,633 | 2111642 | INFO | queue[0016] trial 36 fold 2 no_physics
2026-03-07 08:49:24,633 | 2111642 | INFO | queue[0017] trial 36 fold 3 no_physics
2026-03-07 08:49:24,633 | 2111642 | INFO | queue[0018] trial 36 fold 4 no_physics
2026-03-07 08:49:24,633 | 2111642 | INFO | queue[0019] trial 36 fold 5 no_physics
2026-03-07 08:49:24,634 | 2111642 | INFO | queue[0020] trial 37 fold 1 no_physics
2026-03-07 08:49:24,634 | 2111642 | INFO | queue[0021] trial 37 fold 2 no_physics
2026-03-07 08:49:24,634 | 2111642 | INFO | queue[0022] trial 37 fold 3 no_physics
2026-03-07 08:49:24,634 | 2111642 | INFO | queue[0023] trial 37 fold 4 no_physics
2026-03-07 08:49:24,635 | 2111642 | INFO | queue[0024] trial 37 fold 5 no_physics
2026-03-07 08:49:24,635 | 2111642 | INFO | queue[0025] trial 38 fold 1 no_physics
2026-03-07 08:49:24,635 | 2111642 | INFO | queue[0026] trial 38 fold 2 no_physics
2026-03-07 08:49:24,635 | 2111642 | INFO | queue[0027] trial 38 fold 3 no_physics
2026-03-07 08:49:24,635 | 2111642 | INFO | queue[0028] trial 38 fold 4 no_physics
2026-03-07 08:49:24,636 | 2111642 | INFO | queue[0029] trial 38 fold 5 no_physics
2026-03-07 08:49:24,636 | 2111642 | INFO | queue[0030] trial 39 fold 1 no_physics
2026-03-07 08:49:24,636 | 2111642 | INFO | queue[0031] trial 39 fold 2 no_physics
2026-03-07 08:49:24,636 | 2111642 | INFO | queue[0032] trial 39 fold 3 no_physics
2026-03-07 08:49:24,637 | 2111642 | INFO | queue[0033] trial 39 fold 4 no_physics
2026-03-07 08:49:24,637 | 2111642 | INFO | queue[0034] trial 39 fold 5 no_physics
2026-03-07 08:49:24,637 | 2111642 | INFO | queue[0035] trial 40 fold 1 no_physics
2026-03-07 08:49:24,637 | 2111642 | INFO | queue[0036] trial 40 fold 2 no_physics
2026-03-07 08:49:24,638 | 2111642 | INFO | queue[0037] trial 40 fold 3 no_physics
2026-03-07 08:49:24,638 | 2111642 | INFO | queue[0038] trial 40 fold 4 no_physics
2026-03-07 08:49:24,638 | 2111642 | INFO | queue[0039] trial 40 fold 5 no_physics
2026-03-07 08:49:24,638 | 2111642 | INFO | queue[0040] trial 41 fold 1 no_physics
2026-03-07 08:49:24,638 | 2111642 | INFO | queue[0041] trial 41 fold 2 no_physics
2026-03-07 08:49:24,638 | 2111642 | INFO | queue[0042] trial 41 fold 3 no_physics
2026-03-07 08:49:24,638 | 2111642 | INFO | queue[0043] trial 41 fold 4 no_physics
2026-03-07 08:49:24,638 | 2111642 | INFO | queue[0044] trial 41 fold 5 no_physics
2026-03-07 08:49:24,639 | 2111642 | INFO | queue[0045] trial 42 fold 1 no_physics
2026-03-07 08:49:24,639 | 2111642 | INFO | queue[0046] trial 42 fold 2 no_physics
2026-03-07 08:49:24,639 | 2111642 | INFO | queue[0047] trial 42 fold 3 no_physics
2026-03-07 08:49:24,639 | 2111642 | INFO | queue[0048] trial 42 fold 4 no_physics
2026-03-07 08:49:24,639 | 2111642 | INFO | queue[0049] trial 42 fold 5 no_physics
2026-03-07 08:49:24,639 | 2111642 | INFO | queue[0050] trial 43 fold 1 no_physics
2026-03-07 08:49:24,639 | 2111642 | INFO | queue[0051] trial 43 fold 2 no_physics
2026-03-07 08:49:24,639 | 2111642 | INFO | queue[0052] trial 43 fold 3 no_physics
2026-03-07 08:49:24,640 | 2111642 | INFO | queue[0053] trial 43 fold 4 no_physics
2026-03-07 08:49:24,640 | 2111642 | INFO | queue[0054] trial 43 fold 5 no_physics
2026-03-07 08:49:24,640 | 2111642 | INFO | [END BAYES QUEUE]
2026-03-07 09:01:02,118 | 2111642 | INFO | [TRIAL COMPLETE] trial 29 no_physics NSE_1D=0.73894 NSE_1H=0.72148
2026-03-07 09:01:02,457 | 2111642 | INFO | [ENQUEUE TRIAL] trial 44 no_physics
2026-03-07 09:01:02,458 | 2111642 | INFO | [BAYES QUEUE STATE]
2026-03-07 09:01:02,458 | 2111642 | INFO | pending_jobs = 54
2026-03-07 09:01:02,458 | 2111642 | INFO | inflight_trials = [1, 3, 5, 6, 9, 11, 14, 16, 19, 21, 24, 25, 27, 29, 30, 31, 32, 33, 34, 35, 36, 37, 38, 39, 40, 41, 42, 43]
2026-03-07 09:01:02,459 | 2111642 | INFO | queue[0000] trial 34 fold 2 no_physics
2026-03-07 09:01:02,459 | 2111642 | INFO | queue[0001] trial 34 fold 3 no_physics
2026-03-07 09:01:02,460 | 2111642 | INFO | queue[0002] trial 34 fold 4 no_physics
2026-03-07 09:01:02,460 | 2111642 | INFO | queue[0003] trial 34 fold 5 no_physics
2026-03-07 09:01:02,460 | 2111642 | INFO | queue[0004] trial 35 fold 1 no_physics
2026-03-07 09:01:02,461 | 2111642 | INFO | queue[0005] trial 35 fold 2 no_physics
2026-03-07 09:01:02,461 | 2111642 | INFO | queue[0006] trial 35 fold 3 no_physics
2026-03-07 09:01:02,461 | 2111642 | INFO | queue[0007] trial 35 fold 4 no_physics
2026-03-07 09:01:02,462 | 2111642 | INFO | queue[0008] trial 35 fold 5 no_physics
2026-03-07 09:01:02,462 | 2111642 | INFO | queue[0009] trial 36 fold 1 no_physics
2026-03-07 09:01:02,462 | 2111642 | INFO | queue[0010] trial 36 fold 2 no_physics
2026-03-07 09:01:02,462 | 2111642 | INFO | queue[0011] trial 36 fold 3 no_physics
2026-03-07 09:01:02,463 | 2111642 | INFO | queue[0012] trial 36 fold 4 no_physics
2026-03-07 09:01:02,463 | 2111642 | INFO | queue[0013] trial 36 fold 5 no_physics
2026-03-07 09:01:02,463 | 2111642 | INFO | queue[0014] trial 37 fold 1 no_physics
2026-03-07 09:01:02,463 | 2111642 | INFO | queue[0015] trial 37 fold 2 no_physics
2026-03-07 09:01:02,464 | 2111642 | INFO | queue[0016] trial 37 fold 3 no_physics
2026-03-07 09:01:02,464 | 2111642 | INFO | queue[0017] trial 37 fold 4 no_physics
2026-03-07 09:01:02,464 | 2111642 | INFO | queue[0018] trial 37 fold 5 no_physics
2026-03-07 09:01:02,464 | 2111642 | INFO | queue[0019] trial 38 fold 1 no_physics
2026-03-07 09:01:02,465 | 2111642 | INFO | queue[0020] trial 38 fold 2 no_physics
2026-03-07 09:01:02,465 | 2111642 | INFO | queue[0021] trial 38 fold 3 no_physics
2026-03-07 09:01:02,465 | 2111642 | INFO | queue[0022] trial 38 fold 4 no_physics
2026-03-07 09:01:02,465 | 2111642 | INFO | queue[0023] trial 38 fold 5 no_physics
2026-03-07 09:01:02,465 | 2111642 | INFO | queue[0024] trial 39 fold 1 no_physics
2026-03-07 09:01:02,466 | 2111642 | INFO | queue[0025] trial 39 fold 2 no_physics
2026-03-07 09:01:02,466 | 2111642 | INFO | queue[0026] trial 39 fold 3 no_physics
2026-03-07 09:01:02,466 | 2111642 | INFO | queue[0027] trial 39 fold 4 no_physics
2026-03-07 09:01:02,466 | 2111642 | INFO | queue[0028] trial 39 fold 5 no_physics
2026-03-07 09:01:02,467 | 2111642 | INFO | queue[0029] trial 40 fold 1 no_physics
2026-03-07 09:01:02,467 | 2111642 | INFO | queue[0030] trial 40 fold 2 no_physics
2026-03-07 09:01:02,467 | 2111642 | INFO | queue[0031] trial 40 fold 3 no_physics
2026-03-07 09:01:02,467 | 2111642 | INFO | queue[0032] trial 40 fold 4 no_physics
2026-03-07 09:01:02,467 | 2111642 | INFO | queue[0033] trial 40 fold 5 no_physics
2026-03-07 09:01:02,468 | 2111642 | INFO | queue[0034] trial 41 fold 1 no_physics
2026-03-07 09:01:02,468 | 2111642 | INFO | queue[0035] trial 41 fold 2 no_physics
2026-03-07 09:01:02,468 | 2111642 | INFO | queue[0036] trial 41 fold 3 no_physics
2026-03-07 09:01:02,468 | 2111642 | INFO | queue[0037] trial 41 fold 4 no_physics
2026-03-07 09:01:02,469 | 2111642 | INFO | queue[0038] trial 41 fold 5 no_physics
2026-03-07 09:01:02,469 | 2111642 | INFO | queue[0039] trial 42 fold 1 no_physics
2026-03-07 09:01:02,469 | 2111642 | INFO | queue[0040] trial 42 fold 2 no_physics
2026-03-07 09:01:02,469 | 2111642 | INFO | queue[0041] trial 42 fold 3 no_physics
2026-03-07 09:01:02,469 | 2111642 | INFO | queue[0042] trial 42 fold 4 no_physics
2026-03-07 09:01:02,469 | 2111642 | INFO | queue[0043] trial 42 fold 5 no_physics
2026-03-07 09:01:02,469 | 2111642 | INFO | queue[0044] trial 43 fold 1 no_physics
2026-03-07 09:01:02,469 | 2111642 | INFO | queue[0045] trial 43 fold 2 no_physics
2026-03-07 09:01:02,470 | 2111642 | INFO | queue[0046] trial 43 fold 3 no_physics
2026-03-07 09:01:02,470 | 2111642 | INFO | queue[0047] trial 43 fold 4 no_physics
2026-03-07 09:01:02,470 | 2111642 | INFO | queue[0048] trial 43 fold 5 no_physics
2026-03-07 09:01:02,470 | 2111642 | INFO | queue[0049] trial 44 fold 1 no_physics
2026-03-07 09:01:02,470 | 2111642 | INFO | queue[0050] trial 44 fold 2 no_physics
2026-03-07 09:01:02,470 | 2111642 | INFO | queue[0051] trial 44 fold 3 no_physics
2026-03-07 09:01:02,470 | 2111642 | INFO | queue[0052] trial 44 fold 4 no_physics
2026-03-07 09:01:02,470 | 2111642 | INFO | queue[0053] trial 44 fold 5 no_physics
2026-03-07 09:01:02,470 | 2111642 | INFO | [END BAYES QUEUE]
2026-03-07 09:16:14,379 | 2111642 | INFO | [TRIAL COMPLETE] trial 30 no_physics NSE_1D=0.79637 NSE_1H=0.75596
2026-03-07 09:16:14,707 | 2111642 | INFO | [ENQUEUE TRIAL] trial 45 no_physics
2026-03-07 09:16:14,708 | 2111642 | INFO | [BAYES QUEUE STATE]
2026-03-07 09:16:14,708 | 2111642 | INFO | pending_jobs = 52
2026-03-07 09:16:14,709 | 2111642 | INFO | inflight_trials = [1, 3, 5, 6, 9, 11, 14, 16, 19, 21, 24, 25, 27, 30, 31, 32, 33, 34, 35, 36, 37, 38, 39, 40, 41, 42, 43, 44]
2026-03-07 09:16:14,709 | 2111642 | INFO | queue[0000] trial 35 fold 4 no_physics
2026-03-07 09:16:14,709 | 2111642 | INFO | queue[0001] trial 35 fold 5 no_physics
2026-03-07 09:16:14,710 | 2111642 | INFO | queue[0002] trial 36 fold 1 no_physics
2026-03-07 09:16:14,710 | 2111642 | INFO | queue[0003] trial 36 fold 2 no_physics
2026-03-07 09:16:14,710 | 2111642 | INFO | queue[0004] trial 36 fold 3 no_physics
2026-03-07 09:16:14,711 | 2111642 | INFO | queue[0005] trial 36 fold 4 no_physics
2026-03-07 09:16:14,711 | 2111642 | INFO | queue[0006] trial 36 fold 5 no_physics
2026-03-07 09:16:14,712 | 2111642 | INFO | queue[0007] trial 37 fold 1 no_physics
2026-03-07 09:16:14,712 | 2111642 | INFO | queue[0008] trial 37 fold 2 no_physics
2026-03-07 09:16:14,712 | 2111642 | INFO | queue[0009] trial 37 fold 3 no_physics
2026-03-07 09:16:14,713 | 2111642 | INFO | queue[0010] trial 37 fold 4 no_physics
2026-03-07 09:16:14,713 | 2111642 | INFO | queue[0011] trial 37 fold 5 no_physics
2026-03-07 09:16:14,713 | 2111642 | INFO | queue[0012] trial 38 fold 1 no_physics
2026-03-07 09:16:14,714 | 2111642 | INFO | queue[0013] trial 38 fold 2 no_physics
2026-03-07 09:16:14,714 | 2111642 | INFO | queue[0014] trial 38 fold 3 no_physics
2026-03-07 09:16:14,714 | 2111642 | INFO | queue[0015] trial 38 fold 4 no_physics
2026-03-07 09:16:14,715 | 2111642 | INFO | queue[0016] trial 38 fold 5 no_physics
2026-03-07 09:16:14,715 | 2111642 | INFO | queue[0017] trial 39 fold 1 no_physics
2026-03-07 09:16:14,715 | 2111642 | INFO | queue[0018] trial 39 fold 2 no_physics
2026-03-07 09:16:14,716 | 2111642 | INFO | queue[0019] trial 39 fold 3 no_physics
2026-03-07 09:16:14,716 | 2111642 | INFO | queue[0020] trial 39 fold 4 no_physics
2026-03-07 09:16:14,716 | 2111642 | INFO | queue[0021] trial 39 fold 5 no_physics
2026-03-07 09:16:14,716 | 2111642 | INFO | queue[0022] trial 40 fold 1 no_physics
2026-03-07 09:16:14,716 | 2111642 | INFO | queue[0023] trial 40 fold 2 no_physics
2026-03-07 09:16:14,716 | 2111642 | INFO | queue[0024] trial 40 fold 3 no_physics
2026-03-07 09:16:14,717 | 2111642 | INFO | queue[0025] trial 40 fold 4 no_physics
2026-03-07 09:16:14,717 | 2111642 | INFO | queue[0026] trial 40 fold 5 no_physics
2026-03-07 09:16:14,717 | 2111642 | INFO | queue[0027] trial 41 fold 1 no_physics
2026-03-07 09:16:14,717 | 2111642 | INFO | queue[0028] trial 41 fold 2 no_physics
2026-03-07 09:16:14,717 | 2111642 | INFO | queue[0029] trial 41 fold 3 no_physics
2026-03-07 09:16:14,717 | 2111642 | INFO | queue[0030] trial 41 fold 4 no_physics
2026-03-07 09:16:14,718 | 2111642 | INFO | queue[0031] trial 41 fold 5 no_physics
2026-03-07 09:16:14,718 | 2111642 | INFO | queue[0032] trial 42 fold 1 no_physics
2026-03-07 09:16:14,718 | 2111642 | INFO | queue[0033] trial 42 fold 2 no_physics
2026-03-07 09:16:14,718 | 2111642 | INFO | queue[0034] trial 42 fold 3 no_physics
2026-03-07 09:16:14,718 | 2111642 | INFO | queue[0035] trial 42 fold 4 no_physics
2026-03-07 09:16:14,718 | 2111642 | INFO | queue[0036] trial 42 fold 5 no_physics
2026-03-07 09:16:14,718 | 2111642 | INFO | queue[0037] trial 43 fold 1 no_physics
2026-03-07 09:16:14,718 | 2111642 | INFO | queue[0038] trial 43 fold 2 no_physics
2026-03-07 09:16:14,719 | 2111642 | INFO | queue[0039] trial 43 fold 3 no_physics
2026-03-07 09:16:14,719 | 2111642 | INFO | queue[0040] trial 43 fold 4 no_physics
2026-03-07 09:16:14,719 | 2111642 | INFO | queue[0041] trial 43 fold 5 no_physics
2026-03-07 09:16:14,719 | 2111642 | INFO | queue[0042] trial 44 fold 1 no_physics
2026-03-07 09:16:14,719 | 2111642 | INFO | queue[0043] trial 44 fold 2 no_physics
2026-03-07 09:16:14,719 | 2111642 | INFO | queue[0044] trial 44 fold 3 no_physics
2026-03-07 09:16:14,720 | 2111642 | INFO | queue[0045] trial 44 fold 4 no_physics
2026-03-07 09:16:14,720 | 2111642 | INFO | queue[0046] trial 44 fold 5 no_physics
2026-03-07 09:16:14,720 | 2111642 | INFO | queue[0047] trial 45 fold 1 no_physics
2026-03-07 09:16:14,720 | 2111642 | INFO | queue[0048] trial 45 fold 2 no_physics
2026-03-07 09:16:14,720 | 2111642 | INFO | queue[0049] trial 45 fold 3 no_physics
2026-03-07 09:16:14,720 | 2111642 | INFO | queue[0050] trial 45 fold 4 no_physics
2026-03-07 09:16:14,721 | 2111642 | INFO | queue[0051] trial 45 fold 5 no_physics
2026-03-07 09:16:14,721 | 2111642 | INFO | [END BAYES QUEUE]
2026-03-07 09:40:13,608 | 2111642 | INFO | [TRIAL COMPLETE] trial 7 no_physics NSE_1D=0.79417 NSE_1H=0.83476
2026-03-07 09:40:13,922 | 2111642 | INFO | [ENQUEUE TRIAL] trial 46 no_physics
2026-03-07 09:40:13,923 | 2111642 | INFO | [BAYES QUEUE STATE]
2026-03-07 09:40:13,923 | 2111642 | INFO | pending_jobs = 45
2026-03-07 09:40:13,924 | 2111642 | INFO | inflight_trials = [1, 3, 5, 9, 11, 14, 16, 19, 21, 24, 25, 27, 30, 31, 32, 33, 34, 35, 36, 37, 38, 39, 40, 41, 42, 43, 44, 45]
2026-03-07 09:40:13,924 | 2111642 | INFO | queue[0000] trial 38 fold 1 no_physics
2026-03-07 09:40:13,924 | 2111642 | INFO | queue[0001] trial 38 fold 2 no_physics
2026-03-07 09:40:13,925 | 2111642 | INFO | queue[0002] trial 38 fold 3 no_physics
2026-03-07 09:40:13,925 | 2111642 | INFO | queue[0003] trial 38 fold 4 no_physics
2026-03-07 09:40:13,926 | 2111642 | INFO | queue[0004] trial 38 fold 5 no_physics
2026-03-07 09:40:13,926 | 2111642 | INFO | queue[0005] trial 39 fold 1 no_physics
2026-03-07 09:40:13,926 | 2111642 | INFO | queue[0006] trial 39 fold 2 no_physics
2026-03-07 09:40:13,927 | 2111642 | INFO | queue[0007] trial 39 fold 3 no_physics
2026-03-07 09:40:13,927 | 2111642 | INFO | queue[0008] trial 39 fold 4 no_physics
2026-03-07 09:40:13,927 | 2111642 | INFO | queue[0009] trial 39 fold 5 no_physics
2026-03-07 09:40:13,928 | 2111642 | INFO | queue[0010] trial 40 fold 1 no_physics
2026-03-07 09:40:13,928 | 2111642 | INFO | queue[0011] trial 40 fold 2 no_physics
2026-03-07 09:40:13,928 | 2111642 | INFO | queue[0012] trial 40 fold 3 no_physics
2026-03-07 09:40:13,929 | 2111642 | INFO | queue[0013] trial 40 fold 4 no_physics
2026-03-07 09:40:13,929 | 2111642 | INFO | queue[0014] trial 40 fold 5 no_physics
2026-03-07 09:40:13,929 | 2111642 | INFO | queue[0015] trial 41 fold 1 no_physics
2026-03-07 09:40:13,930 | 2111642 | INFO | queue[0016] trial 41 fold 2 no_physics
2026-03-07 09:40:13,930 | 2111642 | INFO | queue[0017] trial 41 fold 3 no_physics
2026-03-07 09:40:13,930 | 2111642 | INFO | queue[0018] trial 41 fold 4 no_physics
2026-03-07 09:40:13,930 | 2111642 | INFO | queue[0019] trial 41 fold 5 no_physics
2026-03-07 09:40:13,930 | 2111642 | INFO | queue[0020] trial 42 fold 1 no_physics
2026-03-07 09:40:13,930 | 2111642 | INFO | queue[0021] trial 42 fold 2 no_physics
2026-03-07 09:40:13,931 | 2111642 | INFO | queue[0022] trial 42 fold 3 no_physics
2026-03-07 09:40:13,931 | 2111642 | INFO | queue[0023] trial 42 fold 4 no_physics
2026-03-07 09:40:13,931 | 2111642 | INFO | queue[0024] trial 42 fold 5 no_physics
2026-03-07 09:40:13,931 | 2111642 | INFO | queue[0025] trial 43 fold 1 no_physics
2026-03-07 09:40:13,931 | 2111642 | INFO | queue[0026] trial 43 fold 2 no_physics
2026-03-07 09:40:13,931 | 2111642 | INFO | queue[0027] trial 43 fold 3 no_physics
2026-03-07 09:40:13,931 | 2111642 | INFO | queue[0028] trial 43 fold 4 no_physics
2026-03-07 09:40:13,932 | 2111642 | INFO | queue[0029] trial 43 fold 5 no_physics
2026-03-07 09:40:13,932 | 2111642 | INFO | queue[0030] trial 44 fold 1 no_physics
2026-03-07 09:40:13,932 | 2111642 | INFO | queue[0031] trial 44 fold 2 no_physics
2026-03-07 09:40:13,932 | 2111642 | INFO | queue[0032] trial 44 fold 3 no_physics
2026-03-07 09:40:13,932 | 2111642 | INFO | queue[0033] trial 44 fold 4 no_physics
2026-03-07 09:40:13,932 | 2111642 | INFO | queue[0034] trial 44 fold 5 no_physics
2026-03-07 09:40:13,932 | 2111642 | INFO | queue[0035] trial 45 fold 1 no_physics
2026-03-07 09:40:13,933 | 2111642 | INFO | queue[0036] trial 45 fold 2 no_physics
2026-03-07 09:40:13,933 | 2111642 | INFO | queue[0037] trial 45 fold 3 no_physics
2026-03-07 09:40:13,933 | 2111642 | INFO | queue[0038] trial 45 fold 4 no_physics
2026-03-07 09:40:13,933 | 2111642 | INFO | queue[0039] trial 45 fold 5 no_physics
2026-03-07 09:40:13,933 | 2111642 | INFO | queue[0040] trial 46 fold 1 no_physics
2026-03-07 09:40:13,933 | 2111642 | INFO | queue[0041] trial 46 fold 2 no_physics
2026-03-07 09:40:13,934 | 2111642 | INFO | queue[0042] trial 46 fold 3 no_physics
2026-03-07 09:40:13,934 | 2111642 | INFO | queue[0043] trial 46 fold 4 no_physics
2026-03-07 09:40:13,934 | 2111642 | INFO | queue[0044] trial 46 fold 5 no_physics
2026-03-07 09:40:13,934 | 2111642 | INFO | [END BAYES QUEUE]
2026-03-07 09:40:14,248 | 2111642 | INFO | [ENQUEUE TRIAL] trial 47 no_physics
2026-03-07 09:40:14,249 | 2111642 | INFO | [BAYES QUEUE STATE]
2026-03-07 09:40:14,249 | 2111642 | INFO | pending_jobs = 50
2026-03-07 09:40:14,249 | 2111642 | INFO | inflight_trials = [1, 3, 5, 9, 11, 14, 16, 19, 21, 24, 25, 27, 30, 31, 32, 33, 34, 35, 36, 37, 38, 39, 40, 41, 42, 43, 44, 45, 46]
2026-03-07 09:40:14,250 | 2111642 | INFO | queue[0000] trial 38 fold 1 no_physics
2026-03-07 09:40:14,250 | 2111642 | INFO | queue[0001] trial 38 fold 2 no_physics
2026-03-07 09:40:14,250 | 2111642 | INFO | queue[0002] trial 38 fold 3 no_physics
2026-03-07 09:40:14,252 | 2111642 | INFO | queue[0003] trial 38 fold 4 no_physics
2026-03-07 09:40:14,253 | 2111642 | INFO | queue[0004] trial 38 fold 5 no_physics
2026-03-07 09:40:14,253 | 2111642 | INFO | queue[0005] trial 39 fold 1 no_physics
2026-03-07 09:40:14,253 | 2111642 | INFO | queue[0006] trial 39 fold 2 no_physics
2026-03-07 09:40:14,254 | 2111642 | INFO | queue[0007] trial 39 fold 3 no_physics
2026-03-07 09:40:14,255 | 2111642 | INFO | queue[0008] trial 39 fold 4 no_physics
2026-03-07 09:40:14,255 | 2111642 | INFO | queue[0009] trial 39 fold 5 no_physics
2026-03-07 09:40:14,255 | 2111642 | INFO | queue[0010] trial 40 fold 1 no_physics
2026-03-07 09:40:14,256 | 2111642 | INFO | queue[0011] trial 40 fold 2 no_physics
2026-03-07 09:40:14,256 | 2111642 | INFO | queue[0012] trial 40 fold 3 no_physics
2026-03-07 09:40:14,256 | 2111642 | INFO | queue[0013] trial 40 fold 4 no_physics
2026-03-07 09:40:14,256 | 2111642 | INFO | queue[0014] trial 40 fold 5 no_physics
2026-03-07 09:40:14,257 | 2111642 | INFO | queue[0015] trial 41 fold 1 no_physics
2026-03-07 09:40:14,257 | 2111642 | INFO | queue[0016] trial 41 fold 2 no_physics
2026-03-07 09:40:14,257 | 2111642 | INFO | queue[0017] trial 41 fold 3 no_physics
2026-03-07 09:40:14,257 | 2111642 | INFO | queue[0018] trial 41 fold 4 no_physics
2026-03-07 09:40:14,257 | 2111642 | INFO | queue[0019] trial 41 fold 5 no_physics
2026-03-07 09:40:14,258 | 2111642 | INFO | queue[0020] trial 42 fold 1 no_physics
2026-03-07 09:40:14,258 | 2111642 | INFO | queue[0021] trial 42 fold 2 no_physics
2026-03-07 09:40:14,258 | 2111642 | INFO | queue[0022] trial 42 fold 3 no_physics
2026-03-07 09:40:14,258 | 2111642 | INFO | queue[0023] trial 42 fold 4 no_physics
2026-03-07 09:40:14,258 | 2111642 | INFO | queue[0024] trial 42 fold 5 no_physics
2026-03-07 09:40:14,258 | 2111642 | INFO | queue[0025] trial 43 fold 1 no_physics
2026-03-07 09:40:14,258 | 2111642 | INFO | queue[0026] trial 43 fold 2 no_physics
2026-03-07 09:40:14,259 | 2111642 | INFO | queue[0027] trial 43 fold 3 no_physics
2026-03-07 09:40:14,259 | 2111642 | INFO | queue[0028] trial 43 fold 4 no_physics
2026-03-07 09:40:14,259 | 2111642 | INFO | queue[0029] trial 43 fold 5 no_physics
2026-03-07 09:40:14,259 | 2111642 | INFO | queue[0030] trial 44 fold 1 no_physics
2026-03-07 09:40:14,259 | 2111642 | INFO | queue[0031] trial 44 fold 2 no_physics
2026-03-07 09:40:14,259 | 2111642 | INFO | queue[0032] trial 44 fold 3 no_physics
2026-03-07 09:40:14,260 | 2111642 | INFO | queue[0033] trial 44 fold 4 no_physics
2026-03-07 09:40:14,260 | 2111642 | INFO | queue[0034] trial 44 fold 5 no_physics
2026-03-07 09:40:14,260 | 2111642 | INFO | queue[0035] trial 45 fold 1 no_physics
2026-03-07 09:40:14,260 | 2111642 | INFO | queue[0036] trial 45 fold 2 no_physics
2026-03-07 09:40:14,260 | 2111642 | INFO | queue[0037] trial 45 fold 3 no_physics
2026-03-07 09:40:14,260 | 2111642 | INFO | queue[0038] trial 45 fold 4 no_physics
2026-03-07 09:40:14,261 | 2111642 | INFO | queue[0039] trial 45 fold 5 no_physics
2026-03-07 09:40:14,261 | 2111642 | INFO | queue[0040] trial 46 fold 1 no_physics
2026-03-07 09:40:14,261 | 2111642 | INFO | queue[0041] trial 46 fold 2 no_physics
2026-03-07 09:40:14,261 | 2111642 | INFO | queue[0042] trial 46 fold 3 no_physics
2026-03-07 09:40:14,261 | 2111642 | INFO | queue[0043] trial 46 fold 4 no_physics
2026-03-07 09:40:14,261 | 2111642 | INFO | queue[0044] trial 46 fold 5 no_physics
2026-03-07 09:40:14,261 | 2111642 | INFO | queue[0045] trial 47 fold 1 no_physics
2026-03-07 09:40:14,262 | 2111642 | INFO | queue[0046] trial 47 fold 2 no_physics
2026-03-07 09:40:14,262 | 2111642 | INFO | queue[0047] trial 47 fold 3 no_physics
2026-03-07 09:40:14,262 | 2111642 | INFO | queue[0048] trial 47 fold 4 no_physics
2026-03-07 09:40:14,262 | 2111642 | INFO | queue[0049] trial 47 fold 5 no_physics
2026-03-07 09:40:14,262 | 2111642 | INFO | [END BAYES QUEUE]
2026-03-07 09:40:14,594 | 2111642 | INFO | [ENQUEUE TRIAL] trial 48 no_physics
2026-03-07 09:40:14,597 | 2111642 | INFO | [BAYES QUEUE STATE]
2026-03-07 09:40:14,597 | 2111642 | INFO | pending_jobs = 55
2026-03-07 09:40:14,597 | 2111642 | INFO | inflight_trials = [1, 3, 5, 9, 11, 14, 16, 19, 21, 24, 25, 27, 30, 31, 32, 33, 34, 35, 36, 37, 38, 39, 40, 41, 42, 43, 44, 45, 46, 47]
2026-03-07 09:40:14,598 | 2111642 | INFO | queue[0000] trial 38 fold 1 no_physics
2026-03-07 09:40:14,598 | 2111642 | INFO | queue[0001] trial 38 fold 2 no_physics
2026-03-07 09:40:14,598 | 2111642 | INFO | queue[0002] trial 38 fold 3 no_physics
2026-03-07 09:40:14,598 | 2111642 | INFO | queue[0003] trial 38 fold 4 no_physics
2026-03-07 09:40:14,598 | 2111642 | INFO | queue[0004] trial 38 fold 5 no_physics
2026-03-07 09:40:14,598 | 2111642 | INFO | queue[0005] trial 39 fold 1 no_physics
2026-03-07 09:40:14,598 | 2111642 | INFO | queue[0006] trial 39 fold 2 no_physics
2026-03-07 09:40:14,599 | 2111642 | INFO | queue[0007] trial 39 fold 3 no_physics
2026-03-07 09:40:14,599 | 2111642 | INFO | queue[0008] trial 39 fold 4 no_physics
2026-03-07 09:40:14,599 | 2111642 | INFO | queue[0009] trial 39 fold 5 no_physics
2026-03-07 09:40:14,599 | 2111642 | INFO | queue[0010] trial 40 fold 1 no_physics
2026-03-07 09:40:14,599 | 2111642 | INFO | queue[0011] trial 40 fold 2 no_physics
2026-03-07 09:40:14,599 | 2111642 | INFO | queue[0012] trial 40 fold 3 no_physics
2026-03-07 09:40:14,599 | 2111642 | INFO | queue[0013] trial 40 fold 4 no_physics
2026-03-07 09:40:14,599 | 2111642 | INFO | queue[0014] trial 40 fold 5 no_physics
2026-03-07 09:40:14,599 | 2111642 | INFO | queue[0015] trial 41 fold 1 no_physics
2026-03-07 09:40:14,600 | 2111642 | INFO | queue[0016] trial 41 fold 2 no_physics
2026-03-07 09:40:14,600 | 2111642 | INFO | queue[0017] trial 41 fold 3 no_physics
2026-03-07 09:40:14,600 | 2111642 | INFO | queue[0018] trial 41 fold 4 no_physics
2026-03-07 09:40:14,600 | 2111642 | INFO | queue[0019] trial 41 fold 5 no_physics
2026-03-07 09:40:14,600 | 2111642 | INFO | queue[0020] trial 42 fold 1 no_physics
2026-03-07 09:40:14,600 | 2111642 | INFO | queue[0021] trial 42 fold 2 no_physics
2026-03-07 09:40:14,600 | 2111642 | INFO | queue[0022] trial 42 fold 3 no_physics
2026-03-07 09:40:14,600 | 2111642 | INFO | queue[0023] trial 42 fold 4 no_physics
2026-03-07 09:40:14,601 | 2111642 | INFO | queue[0024] trial 42 fold 5 no_physics
2026-03-07 09:40:14,601 | 2111642 | INFO | queue[0025] trial 43 fold 1 no_physics
2026-03-07 09:40:14,601 | 2111642 | INFO | queue[0026] trial 43 fold 2 no_physics
2026-03-07 09:40:14,601 | 2111642 | INFO | queue[0027] trial 43 fold 3 no_physics
2026-03-07 09:40:14,601 | 2111642 | INFO | queue[0028] trial 43 fold 4 no_physics
2026-03-07 09:40:14,601 | 2111642 | INFO | queue[0029] trial 43 fold 5 no_physics
2026-03-07 09:40:14,601 | 2111642 | INFO | queue[0030] trial 44 fold 1 no_physics
2026-03-07 09:40:14,601 | 2111642 | INFO | queue[0031] trial 44 fold 2 no_physics
2026-03-07 09:40:14,602 | 2111642 | INFO | queue[0032] trial 44 fold 3 no_physics
2026-03-07 09:40:14,602 | 2111642 | INFO | queue[0033] trial 44 fold 4 no_physics
2026-03-07 09:40:14,602 | 2111642 | INFO | queue[0034] trial 44 fold 5 no_physics
2026-03-07 09:40:14,602 | 2111642 | INFO | queue[0035] trial 45 fold 1 no_physics
2026-03-07 09:40:14,602 | 2111642 | INFO | queue[0036] trial 45 fold 2 no_physics
2026-03-07 09:40:14,602 | 2111642 | INFO | queue[0037] trial 45 fold 3 no_physics
2026-03-07 09:40:14,602 | 2111642 | INFO | queue[0038] trial 45 fold 4 no_physics
2026-03-07 09:40:14,603 | 2111642 | INFO | queue[0039] trial 45 fold 5 no_physics
2026-03-07 09:40:14,603 | 2111642 | INFO | queue[0040] trial 46 fold 1 no_physics
2026-03-07 09:40:14,603 | 2111642 | INFO | queue[0041] trial 46 fold 2 no_physics
2026-03-07 09:40:14,603 | 2111642 | INFO | queue[0042] trial 46 fold 3 no_physics
2026-03-07 09:40:14,603 | 2111642 | INFO | queue[0043] trial 46 fold 4 no_physics
2026-03-07 09:40:14,603 | 2111642 | INFO | queue[0044] trial 46 fold 5 no_physics
2026-03-07 09:40:14,603 | 2111642 | INFO | queue[0045] trial 47 fold 1 no_physics
2026-03-07 09:40:14,604 | 2111642 | INFO | queue[0046] trial 47 fold 2 no_physics
2026-03-07 09:40:14,604 | 2111642 | INFO | queue[0047] trial 47 fold 3 no_physics
2026-03-07 09:40:14,604 | 2111642 | INFO | queue[0048] trial 47 fold 4 no_physics
2026-03-07 09:40:14,604 | 2111642 | INFO | queue[0049] trial 47 fold 5 no_physics
2026-03-07 09:40:14,604 | 2111642 | INFO | queue[0050] trial 48 fold 1 no_physics
2026-03-07 09:40:14,604 | 2111642 | INFO | queue[0051] trial 48 fold 2 no_physics
2026-03-07 09:40:14,604 | 2111642 | INFO | queue[0052] trial 48 fold 3 no_physics
2026-03-07 09:40:14,604 | 2111642 | INFO | queue[0053] trial 48 fold 4 no_physics
2026-03-07 09:40:14,604 | 2111642 | INFO | queue[0054] trial 48 fold 5 no_physics
2026-03-07 09:40:14,605 | 2111642 | INFO | [END BAYES QUEUE]
2026-03-07 09:44:08,021 | 2111642 | INFO | [TRIAL COMPLETE] trial 22 no_physics NSE_1D=0.82821 NSE_1H=0.86359
2026-03-07 09:58:37,486 | 2111642 | INFO | [TRIAL COMPLETE] trial 36 no_physics NSE_1D=0.72481 NSE_1H=0.75200
2026-03-07 09:58:41,558 | 2111642 | INFO | [TRIAL COMPLETE] trial 31 no_physics NSE_1D=0.72573 NSE_1H=0.72777
2026-03-07 10:10:21,393 | 2111642 | INFO | [TRIAL COMPLETE] trial 33 no_physics NSE_1D=0.72194 NSE_1H=0.82751
2026-03-07 10:14:44,793 | 2111642 | INFO | [TRIAL COMPLETE] trial 34 no_physics NSE_1D=0.75147 NSE_1H=0.77255
2026-03-07 10:23:54,090 | 2111642 | INFO | [TRIAL COMPLETE] trial 6 no_physics NSE_1D=0.85135 NSE_1H=0.87856
2026-03-07 10:52:47,210 | 2111642 | INFO | [TRIAL COMPLETE] trial 4 no_physics NSE_1D=0.72344 NSE_1H=0.85644
2026-03-07 10:55:23,733 | 2111642 | INFO | [TRIAL COMPLETE] trial 17 no_physics NSE_1D=0.77378 NSE_1H=0.81759
2026-03-07 10:58:21,308 | 2111642 | INFO | [TRIAL COMPLETE] trial 2 no_physics NSE_1D=0.78978 NSE_1H=0.86953
2026-03-07 10:59:02,234 | 2111642 | INFO | [TRIAL COMPLETE] trial 25 no_physics NSE_1D=0.80923 NSE_1H=0.85681
2026-03-07 11:08:49,741 | 2111642 | INFO | [TRIAL COMPLETE] trial 37 no_physics NSE_1D=0.77858 NSE_1H=0.82592
2026-03-07 11:26:00,668 | 2111642 | INFO | [TRIAL COMPLETE] trial 39 no_physics NSE_1D=0.72571 NSE_1H=0.75549
2026-03-07 11:34:13,846 | 2111642 | INFO | [TRIAL COMPLETE] trial 40 no_physics NSE_1D=0.79260 NSE_1H=0.77643
2026-03-07 11:39:04,133 | 2111642 | INFO | [TRIAL COMPLETE] trial 10 no_physics NSE_1D=0.78818 NSE_1H=0.81158
2026-03-07 11:40:56,918 | 2111642 | INFO | [TRIAL COMPLETE] trial 41 no_physics NSE_1D=0.84139 NSE_1H=0.79230
2026-03-07 11:48:32,920 | 2111642 | INFO | [TRIAL COMPLETE] trial 42 no_physics NSE_1D=0.81317 NSE_1H=0.81114
2026-03-07 11:51:57,880 | 2111642 | INFO | [TRIAL COMPLETE] trial 46 no_physics NSE_1D=0.84378 NSE_1H=0.85951
2026-03-07 11:52:45,430 | 2111642 | INFO | [TRIAL COMPLETE] trial 43 no_physics NSE_1D=0.82194 NSE_1H=0.79216
2026-03-07 11:53:20,464 | 2111642 | INFO | [TRIAL COMPLETE] trial 15 no_physics NSE_1D=0.72017 NSE_1H=0.82716
2026-03-07 11:53:31,219 | 2111642 | INFO | [TRIAL COMPLETE] trial 35 no_physics NSE_1D=0.61917 NSE_1H=0.82807
2026-03-07 11:53:58,914 | 2111642 | INFO | [TRIAL COMPLETE] trial 28 no_physics NSE_1D=0.77092 NSE_1H=0.81239
2026-03-07 11:55:33,867 | 2111642 | INFO | [TRIAL COMPLETE] trial 47 no_physics NSE_1D=0.86249 NSE_1H=0.86383
2026-03-07 12:00:31,219 | 2111642 | INFO | [TRIAL COMPLETE] trial 12 no_physics NSE_1D=0.81846 NSE_1H=0.87654
2026-03-07 12:00:39,562 | 2111642 | INFO | [TRIAL COMPLETE] trial 44 no_physics NSE_1D=0.83617 NSE_1H=0.77773
2026-03-07 12:05:36,687 | 2111642 | INFO | [TRIAL COMPLETE] trial 45 no_physics NSE_1D=0.77931 NSE_1H=0.79305
2026-03-07 12:15:48,187 | 2111642 | INFO | [TRIAL COMPLETE] trial 26 no_physics NSE_1D=0.85093 NSE_1H=0.85350
2026-03-07 13:44:43,396 | 2111642 | INFO | [TRIAL COMPLETE] trial 20 no_physics NSE_1D=0.78981 NSE_1H=0.76928
2026-03-07 13:46:05,098 | 2111642 | INFO | [TRIAL COMPLETE] trial 32 no_physics NSE_1D=0.75927 NSE_1H=0.80678
2026-03-07 14:17:00,590 | 2111642 | INFO | [TRIAL COMPLETE] trial 48 no_physics NSE_1D=0.81515 NSE_1H=0.89317
2026-03-07 15:16:23,887 | 2111642 | INFO | [TRIAL COMPLETE] trial 38 no_physics NSE_1D=0.75192 NSE_1H=0.80849
2026-03-07 15:16:24,574 | 2111642 | INFO | [BAYES] physics: 10 parallel trials x 5 folds = up to 50 workers
2026-03-07 15:16:24,906 | 2111642 | INFO | [ENQUEUE TRIAL] trial 1 physics
2026-03-07 15:16:24,909 | 2111642 | INFO | [BAYES QUEUE STATE]
2026-03-07 15:16:24,917 | 2111642 | INFO | pending_jobs = 5
2026-03-07 15:16:24,925 | 2111642 | INFO | inflight_trials = [0]
2026-03-07 15:16:24,926 | 2111642 | INFO | queue[0000] trial 1 fold 1 physics
2026-03-07 15:16:24,926 | 2111642 | INFO | queue[0001] trial 1 fold 2 physics
2026-03-07 15:16:24,926 | 2111642 | INFO | queue[0002] trial 1 fold 3 physics
2026-03-07 15:16:24,927 | 2111642 | INFO | queue[0003] trial 1 fold 4 physics
2026-03-07 15:16:24,927 | 2111642 | INFO | queue[0004] trial 1 fold 5 physics
2026-03-07 15:16:24,927 | 2111642 | INFO | [END BAYES QUEUE]
2026-03-07 15:16:25,260 | 2111642 | INFO | [ENQUEUE TRIAL] trial 2 physics
2026-03-07 15:16:25,260 | 2111642 | INFO | [BAYES QUEUE STATE]
2026-03-07 15:16:25,261 | 2111642 | INFO | pending_jobs = 10
2026-03-07 15:16:25,261 | 2111642 | INFO | inflight_trials = [0, 1]
2026-03-07 15:16:25,261 | 2111642 | INFO | queue[0000] trial 1 fold 1 physics
2026-03-07 15:16:25,262 | 2111642 | INFO | queue[0001] trial 1 fold 2 physics
2026-03-07 15:16:25,262 | 2111642 | INFO | queue[0002] trial 1 fold 3 physics
2026-03-07 15:16:25,262 | 2111642 | INFO | queue[0003] trial 1 fold 4 physics
2026-03-07 15:16:25,263 | 2111642 | INFO | queue[0004] trial 1 fold 5 physics
2026-03-07 15:16:25,263 | 2111642 | INFO | queue[0005] trial 2 fold 1 physics
2026-03-07 15:16:25,263 | 2111642 | INFO | queue[0006] trial 2 fold 2 physics
2026-03-07 15:16:25,264 | 2111642 | INFO | queue[0007] trial 2 fold 3 physics
2026-03-07 15:16:25,264 | 2111642 | INFO | queue[0008] trial 2 fold 4 physics
2026-03-07 15:16:25,264 | 2111642 | INFO | queue[0009] trial 2 fold 5 physics
2026-03-07 15:16:25,264 | 2111642 | INFO | [END BAYES QUEUE]
2026-03-07 15:16:25,579 | 2111642 | INFO | [ENQUEUE TRIAL] trial 3 physics
2026-03-07 15:16:25,580 | 2111642 | INFO | [BAYES QUEUE STATE]
2026-03-07 15:16:25,580 | 2111642 | INFO | pending_jobs = 15
2026-03-07 15:16:25,581 | 2111642 | INFO | inflight_trials = [0, 1, 2]
2026-03-07 15:16:25,581 | 2111642 | INFO | queue[0000] trial 1 fold 1 physics
2026-03-07 15:16:25,581 | 2111642 | INFO | queue[0001] trial 1 fold 2 physics
2026-03-07 15:16:25,582 | 2111642 | INFO | queue[0002] trial 1 fold 3 physics
2026-03-07 15:16:25,582 | 2111642 | INFO | queue[0003] trial 1 fold 4 physics
2026-03-07 15:16:25,582 | 2111642 | INFO | queue[0004] trial 1 fold 5 physics
2026-03-07 15:16:25,583 | 2111642 | INFO | queue[0005] trial 2 fold 1 physics
2026-03-07 15:16:25,583 | 2111642 | INFO | queue[0006] trial 2 fold 2 physics
2026-03-07 15:16:25,583 | 2111642 | INFO | queue[0007] trial 2 fold 3 physics
2026-03-07 15:16:25,583 | 2111642 | INFO | queue[0008] trial 2 fold 4 physics
2026-03-07 15:16:25,584 | 2111642 | INFO | queue[0009] trial 2 fold 5 physics
2026-03-07 15:16:25,584 | 2111642 | INFO | queue[0010] trial 3 fold 1 physics
2026-03-07 15:16:25,584 | 2111642 | INFO | queue[0011] trial 3 fold 2 physics
2026-03-07 15:16:25,585 | 2111642 | INFO | queue[0012] trial 3 fold 3 physics
2026-03-07 15:16:25,585 | 2111642 | INFO | queue[0013] trial 3 fold 4 physics
2026-03-07 15:16:25,585 | 2111642 | INFO | queue[0014] trial 3 fold 5 physics
2026-03-07 15:16:25,586 | 2111642 | INFO | [END BAYES QUEUE]
2026-03-07 15:16:25,906 | 2111642 | INFO | [ENQUEUE TRIAL] trial 4 physics
2026-03-07 15:16:25,906 | 2111642 | INFO | [BAYES QUEUE STATE]
2026-03-07 15:16:25,907 | 2111642 | INFO | pending_jobs = 20
2026-03-07 15:16:25,907 | 2111642 | INFO | inflight_trials = [0, 1, 2, 3]
2026-03-07 15:16:25,907 | 2111642 | INFO | queue[0000] trial 1 fold 1 physics
2026-03-07 15:16:25,908 | 2111642 | INFO | queue[0001] trial 1 fold 2 physics
2026-03-07 15:16:25,908 | 2111642 | INFO | queue[0002] trial 1 fold 3 physics
2026-03-07 15:16:25,908 | 2111642 | INFO | queue[0003] trial 1 fold 4 physics
2026-03-07 15:16:25,909 | 2111642 | INFO | queue[0004] trial 1 fold 5 physics
2026-03-07 15:16:25,909 | 2111642 | INFO | queue[0005] trial 2 fold 1 physics
2026-03-07 15:16:25,909 | 2111642 | INFO | queue[0006] trial 2 fold 2 physics
2026-03-07 15:16:25,910 | 2111642 | INFO | queue[0007] trial 2 fold 3 physics
2026-03-07 15:16:25,910 | 2111642 | INFO | queue[0008] trial 2 fold 4 physics
2026-03-07 15:16:25,910 | 2111642 | INFO | queue[0009] trial 2 fold 5 physics
2026-03-07 15:16:25,911 | 2111642 | INFO | queue[0010] trial 3 fold 1 physics
2026-03-07 15:16:25,911 | 2111642 | INFO | queue[0011] trial 3 fold 2 physics
2026-03-07 15:16:25,911 | 2111642 | INFO | queue[0012] trial 3 fold 3 physics
2026-03-07 15:16:25,912 | 2111642 | INFO | queue[0013] trial 3 fold 4 physics
2026-03-07 15:16:25,912 | 2111642 | INFO | queue[0014] trial 3 fold 5 physics
2026-03-07 15:16:25,912 | 2111642 | INFO | queue[0015] trial 4 fold 1 physics
2026-03-07 15:16:25,913 | 2111642 | INFO | queue[0016] trial 4 fold 2 physics
2026-03-07 15:16:25,913 | 2111642 | INFO | queue[0017] trial 4 fold 3 physics
2026-03-07 15:16:25,913 | 2111642 | INFO | queue[0018] trial 4 fold 4 physics
2026-03-07 15:16:25,913 | 2111642 | INFO | queue[0019] trial 4 fold 5 physics
2026-03-07 15:16:25,914 | 2111642 | INFO | [END BAYES QUEUE]
2026-03-07 15:16:26,250 | 2111642 | INFO | [ENQUEUE TRIAL] trial 5 physics
2026-03-07 15:16:26,261 | 2111642 | INFO | [BAYES QUEUE STATE]
2026-03-07 15:16:26,261 | 2111642 | INFO | pending_jobs = 25
2026-03-07 15:16:26,262 | 2111642 | INFO | inflight_trials = [0, 1, 2, 3, 4]
2026-03-07 15:16:26,262 | 2111642 | INFO | queue[0000] trial 1 fold 1 physics
2026-03-07 15:16:26,262 | 2111642 | INFO | queue[0001] trial 1 fold 2 physics
2026-03-07 15:16:26,263 | 2111642 | INFO | queue[0002] trial 1 fold 3 physics
2026-03-07 15:16:26,263 | 2111642 | INFO | queue[0003] trial 1 fold 4 physics
2026-03-07 15:16:26,263 | 2111642 | INFO | queue[0004] trial 1 fold 5 physics
2026-03-07 15:16:26,264 | 2111642 | INFO | queue[0005] trial 2 fold 1 physics
2026-03-07 15:16:26,264 | 2111642 | INFO | queue[0006] trial 2 fold 2 physics
2026-03-07 15:16:26,264 | 2111642 | INFO | queue[0007] trial 2 fold 3 physics
2026-03-07 15:16:26,264 | 2111642 | INFO | queue[0008] trial 2 fold 4 physics
2026-03-07 15:16:26,265 | 2111642 | INFO | queue[0009] trial 2 fold 5 physics
2026-03-07 15:16:26,265 | 2111642 | INFO | queue[0010] trial 3 fold 1 physics
2026-03-07 15:16:26,265 | 2111642 | INFO | queue[0011] trial 3 fold 2 physics
2026-03-07 15:16:26,266 | 2111642 | INFO | queue[0012] trial 3 fold 3 physics
2026-03-07 15:16:26,266 | 2111642 | INFO | queue[0013] trial 3 fold 4 physics
2026-03-07 15:16:26,266 | 2111642 | INFO | queue[0014] trial 3 fold 5 physics
2026-03-07 15:16:26,267 | 2111642 | INFO | queue[0015] trial 4 fold 1 physics
2026-03-07 15:16:26,267 | 2111642 | INFO | queue[0016] trial 4 fold 2 physics
2026-03-07 15:16:26,267 | 2111642 | INFO | queue[0017] trial 4 fold 3 physics
2026-03-07 15:16:26,268 | 2111642 | INFO | queue[0018] trial 4 fold 4 physics
2026-03-07 15:16:26,268 | 2111642 | INFO | queue[0019] trial 4 fold 5 physics
2026-03-07 15:16:26,268 | 2111642 | INFO | queue[0020] trial 5 fold 1 physics
2026-03-07 15:16:26,269 | 2111642 | INFO | queue[0021] trial 5 fold 2 physics
2026-03-07 15:16:26,269 | 2111642 | INFO | queue[0022] trial 5 fold 3 physics
2026-03-07 15:16:26,269 | 2111642 | INFO | queue[0023] trial 5 fold 4 physics
2026-03-07 15:16:26,269 | 2111642 | INFO | queue[0024] trial 5 fold 5 physics
2026-03-07 15:16:26,270 | 2111642 | INFO | [END BAYES QUEUE]
2026-03-07 15:16:26,580 | 2111642 | INFO | [ENQUEUE TRIAL] trial 6 physics
2026-03-07 15:16:26,581 | 2111642 | INFO | [BAYES QUEUE STATE]
2026-03-07 15:16:26,581 | 2111642 | INFO | pending_jobs = 30
2026-03-07 15:16:26,581 | 2111642 | INFO | inflight_trials = [0, 1, 2, 3, 4, 5]
2026-03-07 15:16:26,582 | 2111642 | INFO | queue[0000] trial 1 fold 1 physics
2026-03-07 15:16:26,582 | 2111642 | INFO | queue[0001] trial 1 fold 2 physics
2026-03-07 15:16:26,582 | 2111642 | INFO | queue[0002] trial 1 fold 3 physics
2026-03-07 15:16:26,583 | 2111642 | INFO | queue[0003] trial 1 fold 4 physics
2026-03-07 15:16:26,583 | 2111642 | INFO | queue[0004] trial 1 fold 5 physics
2026-03-07 15:16:26,583 | 2111642 | INFO | queue[0005] trial 2 fold 1 physics
2026-03-07 15:16:26,584 | 2111642 | INFO | queue[0006] trial 2 fold 2 physics
2026-03-07 15:16:26,584 | 2111642 | INFO | queue[0007] trial 2 fold 3 physics
2026-03-07 15:16:26,584 | 2111642 | INFO | queue[0008] trial 2 fold 4 physics
2026-03-07 15:16:26,584 | 2111642 | INFO | queue[0009] trial 2 fold 5 physics
2026-03-07 15:16:26,585 | 2111642 | INFO | queue[0010] trial 3 fold 1 physics
2026-03-07 15:16:26,585 | 2111642 | INFO | queue[0011] trial 3 fold 2 physics
2026-03-07 15:16:26,585 | 2111642 | INFO | queue[0012] trial 3 fold 3 physics
2026-03-07 15:16:26,585 | 2111642 | INFO | queue[0013] trial 3 fold 4 physics
2026-03-07 15:16:26,586 | 2111642 | INFO | queue[0014] trial 3 fold 5 physics
2026-03-07 15:16:26,586 | 2111642 | INFO | queue[0015] trial 4 fold 1 physics
2026-03-07 15:16:26,586 | 2111642 | INFO | queue[0016] trial 4 fold 2 physics
2026-03-07 15:16:26,587 | 2111642 | INFO | queue[0017] trial 4 fold 3 physics
2026-03-07 15:16:26,587 | 2111642 | INFO | queue[0018] trial 4 fold 4 physics
2026-03-07 15:16:26,587 | 2111642 | INFO | queue[0019] trial 4 fold 5 physics
2026-03-07 15:16:26,587 | 2111642 | INFO | queue[0020] trial 5 fold 1 physics
2026-03-07 15:16:26,588 | 2111642 | INFO | queue[0021] trial 5 fold 2 physics
2026-03-07 15:16:26,588 | 2111642 | INFO | queue[0022] trial 5 fold 3 physics
2026-03-07 15:16:26,588 | 2111642 | INFO | queue[0023] trial 5 fold 4 physics
2026-03-07 15:16:26,589 | 2111642 | INFO | queue[0024] trial 5 fold 5 physics
2026-03-07 15:16:26,589 | 2111642 | INFO | queue[0025] trial 6 fold 1 physics
2026-03-07 15:16:26,589 | 2111642 | INFO | queue[0026] trial 6 fold 2 physics
2026-03-07 15:16:26,589 | 2111642 | INFO | queue[0027] trial 6 fold 3 physics
2026-03-07 15:16:26,590 | 2111642 | INFO | queue[0028] trial 6 fold 4 physics
2026-03-07 15:16:26,590 | 2111642 | INFO | queue[0029] trial 6 fold 5 physics
2026-03-07 15:16:26,590 | 2111642 | INFO | [END BAYES QUEUE]
2026-03-07 15:16:26,980 | 2111642 | INFO | [ENQUEUE TRIAL] trial 7 physics
2026-03-07 15:16:26,990 | 2111642 | INFO | [BAYES QUEUE STATE]
2026-03-07 15:16:26,990 | 2111642 | INFO | pending_jobs = 35
2026-03-07 15:16:26,991 | 2111642 | INFO | inflight_trials = [0, 1, 2, 3, 4, 5, 6]
2026-03-07 15:16:26,991 | 2111642 | INFO | queue[0000] trial 1 fold 1 physics
2026-03-07 15:16:26,991 | 2111642 | INFO | queue[0001] trial 1 fold 2 physics
2026-03-07 15:16:26,992 | 2111642 | INFO | queue[0002] trial 1 fold 3 physics
2026-03-07 15:16:26,992 | 2111642 | INFO | queue[0003] trial 1 fold 4 physics
2026-03-07 15:16:26,992 | 2111642 | INFO | queue[0004] trial 1 fold 5 physics
2026-03-07 15:16:26,993 | 2111642 | INFO | queue[0005] trial 2 fold 1 physics
2026-03-07 15:16:26,993 | 2111642 | INFO | queue[0006] trial 2 fold 2 physics
2026-03-07 15:16:26,993 | 2111642 | INFO | queue[0007] trial 2 fold 3 physics
2026-03-07 15:16:26,994 | 2111642 | INFO | queue[0008] trial 2 fold 4 physics
2026-03-07 15:16:26,994 | 2111642 | INFO | queue[0009] trial 2 fold 5 physics
2026-03-07 15:16:26,994 | 2111642 | INFO | queue[0010] trial 3 fold 1 physics
2026-03-07 15:16:26,995 | 2111642 | INFO | queue[0011] trial 3 fold 2 physics
2026-03-07 15:16:26,995 | 2111642 | INFO | queue[0012] trial 3 fold 3 physics
2026-03-07 15:16:26,995 | 2111642 | INFO | queue[0013] trial 3 fold 4 physics
2026-03-07 15:16:26,995 | 2111642 | INFO | queue[0014] trial 3 fold 5 physics
2026-03-07 15:16:26,996 | 2111642 | INFO | queue[0015] trial 4 fold 1 physics
2026-03-07 15:16:26,996 | 2111642 | INFO | queue[0016] trial 4 fold 2 physics
2026-03-07 15:16:26,996 | 2111642 | INFO | queue[0017] trial 4 fold 3 physics
2026-03-07 15:16:26,996 | 2111642 | INFO | queue[0018] trial 4 fold 4 physics
2026-03-07 15:16:26,996 | 2111642 | INFO | queue[0019] trial 4 fold 5 physics
2026-03-07 15:16:26,996 | 2111642 | INFO | queue[0020] trial 5 fold 1 physics
2026-03-07 15:16:26,997 | 2111642 | INFO | queue[0021] trial 5 fold 2 physics
2026-03-07 15:16:26,997 | 2111642 | INFO | queue[0022] trial 5 fold 3 physics
2026-03-07 15:16:26,997 | 2111642 | INFO | queue[0023] trial 5 fold 4 physics
2026-03-07 15:16:26,997 | 2111642 | INFO | queue[0024] trial 5 fold 5 physics
2026-03-07 15:16:26,997 | 2111642 | INFO | queue[0025] trial 6 fold 1 physics
2026-03-07 15:16:26,998 | 2111642 | INFO | queue[0026] trial 6 fold 2 physics
2026-03-07 15:16:26,998 | 2111642 | INFO | queue[0027] trial 6 fold 3 physics
2026-03-07 15:16:26,998 | 2111642 | INFO | queue[0028] trial 6 fold 4 physics
2026-03-07 15:16:26,998 | 2111642 | INFO | queue[0029] trial 6 fold 5 physics
2026-03-07 15:16:26,998 | 2111642 | INFO | queue[0030] trial 7 fold 1 physics
2026-03-07 15:16:26,999 | 2111642 | INFO | queue[0031] trial 7 fold 2 physics
2026-03-07 15:16:26,999 | 2111642 | INFO | queue[0032] trial 7 fold 3 physics
2026-03-07 15:16:26,999 | 2111642 | INFO | queue[0033] trial 7 fold 4 physics
2026-03-07 15:16:26,999 | 2111642 | INFO | queue[0034] trial 7 fold 5 physics
2026-03-07 15:16:26,999 | 2111642 | INFO | [END BAYES QUEUE]
2026-03-07 15:16:27,274 | 2111642 | INFO | [ENQUEUE TRIAL] trial 8 physics
2026-03-07 15:16:27,275 | 2111642 | INFO | [BAYES QUEUE STATE]
2026-03-07 15:16:27,275 | 2111642 | INFO | pending_jobs = 40
2026-03-07 15:16:27,275 | 2111642 | INFO | inflight_trials = [0, 1, 2, 3, 4, 5, 6, 7]
2026-03-07 15:16:27,276 | 2111642 | INFO | queue[0000] trial 1 fold 1 physics
2026-03-07 15:16:27,276 | 2111642 | INFO | queue[0001] trial 1 fold 2 physics
2026-03-07 15:16:27,276 | 2111642 | INFO | queue[0002] trial 1 fold 3 physics
2026-03-07 15:16:27,277 | 2111642 | INFO | queue[0003] trial 1 fold 4 physics
2026-03-07 15:16:27,277 | 2111642 | INFO | queue[0004] trial 1 fold 5 physics
2026-03-07 15:16:27,277 | 2111642 | INFO | queue[0005] trial 2 fold 1 physics
2026-03-07 15:16:27,278 | 2111642 | INFO | queue[0006] trial 2 fold 2 physics
2026-03-07 15:16:27,278 | 2111642 | INFO | queue[0007] trial 2 fold 3 physics
2026-03-07 15:16:27,278 | 2111642 | INFO | queue[0008] trial 2 fold 4 physics
2026-03-07 15:16:27,279 | 2111642 | INFO | queue[0009] trial 2 fold 5 physics
2026-03-07 15:16:27,279 | 2111642 | INFO | queue[0010] trial 3 fold 1 physics
2026-03-07 15:16:27,279 | 2111642 | INFO | queue[0011] trial 3 fold 2 physics
2026-03-07 15:16:27,279 | 2111642 | INFO | queue[0012] trial 3 fold 3 physics
2026-03-07 15:16:27,279 | 2111642 | INFO | queue[0013] trial 3 fold 4 physics
2026-03-07 15:16:27,280 | 2111642 | INFO | queue[0014] trial 3 fold 5 physics
2026-03-07 15:16:27,280 | 2111642 | INFO | queue[0015] trial 4 fold 1 physics
2026-03-07 15:16:27,280 | 2111642 | INFO | queue[0016] trial 4 fold 2 physics
2026-03-07 15:16:27,280 | 2111642 | INFO | queue[0017] trial 4 fold 3 physics
2026-03-07 15:16:27,280 | 2111642 | INFO | queue[0018] trial 4 fold 4 physics
2026-03-07 15:16:27,280 | 2111642 | INFO | queue[0019] trial 4 fold 5 physics
2026-03-07 15:16:27,281 | 2111642 | INFO | queue[0020] trial 5 fold 1 physics
2026-03-07 15:16:27,281 | 2111642 | INFO | queue[0021] trial 5 fold 2 physics
2026-03-07 15:16:27,281 | 2111642 | INFO | queue[0022] trial 5 fold 3 physics
2026-03-07 15:16:27,281 | 2111642 | INFO | queue[0023] trial 5 fold 4 physics
2026-03-07 15:16:27,281 | 2111642 | INFO | queue[0024] trial 5 fold 5 physics
2026-03-07 15:16:27,282 | 2111642 | INFO | queue[0025] trial 6 fold 1 physics
2026-03-07 15:16:27,282 | 2111642 | INFO | queue[0026] trial 6 fold 2 physics
2026-03-07 15:16:27,282 | 2111642 | INFO | queue[0027] trial 6 fold 3 physics
2026-03-07 15:16:27,282 | 2111642 | INFO | queue[0028] trial 6 fold 4 physics
2026-03-07 15:16:27,282 | 2111642 | INFO | queue[0029] trial 6 fold 5 physics
2026-03-07 15:16:27,283 | 2111642 | INFO | queue[0030] trial 7 fold 1 physics
2026-03-07 15:16:27,283 | 2111642 | INFO | queue[0031] trial 7 fold 2 physics
2026-03-07 15:16:27,283 | 2111642 | INFO | queue[0032] trial 7 fold 3 physics
2026-03-07 15:16:27,283 | 2111642 | INFO | queue[0033] trial 7 fold 4 physics
2026-03-07 15:16:27,283 | 2111642 | INFO | queue[0034] trial 7 fold 5 physics
2026-03-07 15:16:27,284 | 2111642 | INFO | queue[0035] trial 8 fold 1 physics
2026-03-07 15:16:27,284 | 2111642 | INFO | queue[0036] trial 8 fold 2 physics
2026-03-07 15:16:27,284 | 2111642 | INFO | queue[0037] trial 8 fold 3 physics
2026-03-07 15:16:27,284 | 2111642 | INFO | queue[0038] trial 8 fold 4 physics
2026-03-07 15:16:27,284 | 2111642 | INFO | queue[0039] trial 8 fold 5 physics
2026-03-07 15:16:27,284 | 2111642 | INFO | [END BAYES QUEUE]
2026-03-07 15:16:27,570 | 2111642 | INFO | [ENQUEUE TRIAL] trial 9 physics
2026-03-07 15:16:27,571 | 2111642 | INFO | [BAYES QUEUE STATE]
2026-03-07 15:16:27,571 | 2111642 | INFO | pending_jobs = 45
2026-03-07 15:16:27,571 | 2111642 | INFO | inflight_trials = [0, 1, 2, 3, 4, 5, 6, 7, 8]
2026-03-07 15:16:27,572 | 2111642 | INFO | queue[0000] trial 1 fold 1 physics
2026-03-07 15:16:27,572 | 2111642 | INFO | queue[0001] trial 1 fold 2 physics
2026-03-07 15:16:27,572 | 2111642 | INFO | queue[0002] trial 1 fold 3 physics
2026-03-07 15:16:27,573 | 2111642 | INFO | queue[0003] trial 1 fold 4 physics
2026-03-07 15:16:27,573 | 2111642 | INFO | queue[0004] trial 1 fold 5 physics
2026-03-07 15:16:27,573 | 2111642 | INFO | queue[0005] trial 2 fold 1 physics
2026-03-07 15:16:27,574 | 2111642 | INFO | queue[0006] trial 2 fold 2 physics
2026-03-07 15:16:27,574 | 2111642 | INFO | queue[0007] trial 2 fold 3 physics
2026-03-07 15:16:27,574 | 2111642 | INFO | queue[0008] trial 2 fold 4 physics
2026-03-07 15:16:27,575 | 2111642 | INFO | queue[0009] trial 2 fold 5 physics
2026-03-07 15:16:27,575 | 2111642 | INFO | queue[0010] trial 3 fold 1 physics
2026-03-07 15:16:27,575 | 2111642 | INFO | queue[0011] trial 3 fold 2 physics
2026-03-07 15:16:27,576 | 2111642 | INFO | queue[0012] trial 3 fold 3 physics
2026-03-07 15:16:27,576 | 2111642 | INFO | queue[0013] trial 3 fold 4 physics
2026-03-07 15:16:27,576 | 2111642 | INFO | queue[0014] trial 3 fold 5 physics
2026-03-07 15:16:27,576 | 2111642 | INFO | queue[0015] trial 4 fold 1 physics
2026-03-07 15:16:27,577 | 2111642 | INFO | queue[0016] trial 4 fold 2 physics
2026-03-07 15:16:27,577 | 2111642 | INFO | queue[0017] trial 4 fold 3 physics
2026-03-07 15:16:27,577 | 2111642 | INFO | queue[0018] trial 4 fold 4 physics
2026-03-07 15:16:27,578 | 2111642 | INFO | queue[0019] trial 4 fold 5 physics
2026-03-07 15:16:27,578 | 2111642 | INFO | queue[0020] trial 5 fold 1 physics
2026-03-07 15:16:27,578 | 2111642 | INFO | queue[0021] trial 5 fold 2 physics
2026-03-07 15:16:27,578 | 2111642 | INFO | queue[0022] trial 5 fold 3 physics
2026-03-07 15:16:27,578 | 2111642 | INFO | queue[0023] trial 5 fold 4 physics
2026-03-07 15:16:27,578 | 2111642 | INFO | queue[0024] trial 5 fold 5 physics
2026-03-07 15:16:27,578 | 2111642 | INFO | queue[0025] trial 6 fold 1 physics
2026-03-07 15:16:27,578 | 2111642 | INFO | queue[0026] trial 6 fold 2 physics
2026-03-07 15:16:27,579 | 2111642 | INFO | queue[0027] trial 6 fold 3 physics
2026-03-07 15:16:27,579 | 2111642 | INFO | queue[0028] trial 6 fold 4 physics
2026-03-07 15:16:27,579 | 2111642 | INFO | queue[0029] trial 6 fold 5 physics
2026-03-07 15:16:27,579 | 2111642 | INFO | queue[0030] trial 7 fold 1 physics
2026-03-07 15:16:27,579 | 2111642 | INFO | queue[0031] trial 7 fold 2 physics
2026-03-07 15:16:27,579 | 2111642 | INFO | queue[0032] trial 7 fold 3 physics
2026-03-07 15:16:27,579 | 2111642 | INFO | queue[0033] trial 7 fold 4 physics
2026-03-07 15:16:27,580 | 2111642 | INFO | queue[0034] trial 7 fold 5 physics
2026-03-07 15:16:27,580 | 2111642 | INFO | queue[0035] trial 8 fold 1 physics
2026-03-07 15:16:27,580 | 2111642 | INFO | queue[0036] trial 8 fold 2 physics
2026-03-07 15:16:27,580 | 2111642 | INFO | queue[0037] trial 8 fold 3 physics
2026-03-07 15:16:27,580 | 2111642 | INFO | queue[0038] trial 8 fold 4 physics
2026-03-07 15:16:27,580 | 2111642 | INFO | queue[0039] trial 8 fold 5 physics
2026-03-07 15:16:27,580 | 2111642 | INFO | queue[0040] trial 9 fold 1 physics
2026-03-07 15:16:27,581 | 2111642 | INFO | queue[0041] trial 9 fold 2 physics
2026-03-07 15:16:27,581 | 2111642 | INFO | queue[0042] trial 9 fold 3 physics
2026-03-07 15:16:27,581 | 2111642 | INFO | queue[0043] trial 9 fold 4 physics
2026-03-07 15:16:27,581 | 2111642 | INFO | queue[0044] trial 9 fold 5 physics
2026-03-07 15:16:27,581 | 2111642 | INFO | [END BAYES QUEUE]
2026-03-07 15:16:27,854 | 2111642 | INFO | [ENQUEUE TRIAL] trial 10 physics
2026-03-07 15:16:27,854 | 2111642 | INFO | [BAYES QUEUE STATE]
2026-03-07 15:16:27,855 | 2111642 | INFO | pending_jobs = 50
2026-03-07 15:16:27,855 | 2111642 | INFO | inflight_trials = [0, 1, 2, 3, 4, 5, 6, 7, 8, 9]
2026-03-07 15:16:27,855 | 2111642 | INFO | queue[0000] trial 1 fold 1 physics
2026-03-07 15:16:27,855 | 2111642 | INFO | queue[0001] trial 1 fold 2 physics
2026-03-07 15:16:27,856 | 2111642 | INFO | queue[0002] trial 1 fold 3 physics
2026-03-07 15:16:27,856 | 2111642 | INFO | queue[0003] trial 1 fold 4 physics
2026-03-07 15:16:27,856 | 2111642 | INFO | queue[0004] trial 1 fold 5 physics
2026-03-07 15:16:27,857 | 2111642 | INFO | queue[0005] trial 2 fold 1 physics
2026-03-07 15:16:27,857 | 2111642 | INFO | queue[0006] trial 2 fold 2 physics
2026-03-07 15:16:27,857 | 2111642 | INFO | queue[0007] trial 2 fold 3 physics
2026-03-07 15:16:27,858 | 2111642 | INFO | queue[0008] trial 2 fold 4 physics
2026-03-07 15:16:27,858 | 2111642 | INFO | queue[0009] trial 2 fold 5 physics
2026-03-07 15:16:27,858 | 2111642 | INFO | queue[0010] trial 3 fold 1 physics
2026-03-07 15:16:27,859 | 2111642 | INFO | queue[0011] trial 3 fold 2 physics
2026-03-07 15:16:27,859 | 2111642 | INFO | queue[0012] trial 3 fold 3 physics
2026-03-07 15:16:27,859 | 2111642 | INFO | queue[0013] trial 3 fold 4 physics
2026-03-07 15:16:27,860 | 2111642 | INFO | queue[0014] trial 3 fold 5 physics
2026-03-07 15:16:27,860 | 2111642 | INFO | queue[0015] trial 4 fold 1 physics
2026-03-07 15:16:27,860 | 2111642 | INFO | queue[0016] trial 4 fold 2 physics
2026-03-07 15:16:27,861 | 2111642 | INFO | queue[0017] trial 4 fold 3 physics
2026-03-07 15:16:27,861 | 2111642 | INFO | queue[0018] trial 4 fold 4 physics
2026-03-07 15:16:27,861 | 2111642 | INFO | queue[0019] trial 4 fold 5 physics
2026-03-07 15:16:27,861 | 2111642 | INFO | queue[0020] trial 5 fold 1 physics
2026-03-07 15:16:27,862 | 2111642 | INFO | queue[0021] trial 5 fold 2 physics
2026-03-07 15:16:27,862 | 2111642 | INFO | queue[0022] trial 5 fold 3 physics
2026-03-07 15:16:27,862 | 2111642 | INFO | queue[0023] trial 5 fold 4 physics
2026-03-07 15:16:27,863 | 2111642 | INFO | queue[0024] trial 5 fold 5 physics
2026-03-07 15:16:27,863 | 2111642 | INFO | queue[0025] trial 6 fold 1 physics
2026-03-07 15:16:27,863 | 2111642 | INFO | queue[0026] trial 6 fold 2 physics
2026-03-07 15:16:27,863 | 2111642 | INFO | queue[0027] trial 6 fold 3 physics
2026-03-07 15:16:27,863 | 2111642 | INFO | queue[0028] trial 6 fold 4 physics
2026-03-07 15:16:27,864 | 2111642 | INFO | queue[0029] trial 6 fold 5 physics
2026-03-07 15:16:27,864 | 2111642 | INFO | queue[0030] trial 7 fold 1 physics
2026-03-07 15:16:27,864 | 2111642 | INFO | queue[0031] trial 7 fold 2 physics
2026-03-07 15:16:27,864 | 2111642 | INFO | queue[0032] trial 7 fold 3 physics
2026-03-07 15:16:27,864 | 2111642 | INFO | queue[0033] trial 7 fold 4 physics
2026-03-07 15:16:27,864 | 2111642 | INFO | queue[0034] trial 7 fold 5 physics
2026-03-07 15:16:27,864 | 2111642 | INFO | queue[0035] trial 8 fold 1 physics
2026-03-07 15:16:27,864 | 2111642 | INFO | queue[0036] trial 8 fold 2 physics
2026-03-07 15:16:27,865 | 2111642 | INFO | queue[0037] trial 8 fold 3 physics
2026-03-07 15:16:27,865 | 2111642 | INFO | queue[0038] trial 8 fold 4 physics
2026-03-07 15:16:27,865 | 2111642 | INFO | queue[0039] trial 8 fold 5 physics
2026-03-07 15:16:27,865 | 2111642 | INFO | queue[0040] trial 9 fold 1 physics
2026-03-07 15:16:27,865 | 2111642 | INFO | queue[0041] trial 9 fold 2 physics
2026-03-07 15:16:27,865 | 2111642 | INFO | queue[0042] trial 9 fold 3 physics
2026-03-07 15:16:27,865 | 2111642 | INFO | queue[0043] trial 9 fold 4 physics
2026-03-07 15:16:27,866 | 2111642 | INFO | queue[0044] trial 9 fold 5 physics
2026-03-07 15:16:27,866 | 2111642 | INFO | queue[0045] trial 10 fold 1 physics
2026-03-07 15:16:27,866 | 2111642 | INFO | queue[0046] trial 10 fold 2 physics
2026-03-07 15:16:27,866 | 2111642 | INFO | queue[0047] trial 10 fold 3 physics
2026-03-07 15:16:27,866 | 2111642 | INFO | queue[0048] trial 10 fold 4 physics
2026-03-07 15:16:27,866 | 2111642 | INFO | queue[0049] trial 10 fold 5 physics
2026-03-07 15:16:27,866 | 2111642 | INFO | [END BAYES QUEUE]
2026-03-07 15:16:28,191 | 2111642 | INFO | [ENQUEUE TRIAL] trial 11 physics
2026-03-07 15:16:28,202 | 2111642 | INFO | [BAYES QUEUE STATE]
2026-03-07 15:16:28,202 | 2111642 | INFO | pending_jobs = 55
2026-03-07 15:16:28,203 | 2111642 | INFO | inflight_trials = [0, 1, 2, 3, 4, 5, 6, 7, 8, 9, 10]
2026-03-07 15:16:28,203 | 2111642 | INFO | queue[0000] trial 1 fold 1 physics
2026-03-07 15:16:28,203 | 2111642 | INFO | queue[0001] trial 1 fold 2 physics
2026-03-07 15:16:28,204 | 2111642 | INFO | queue[0002] trial 1 fold 3 physics
2026-03-07 15:16:28,204 | 2111642 | INFO | queue[0003] trial 1 fold 4 physics
2026-03-07 15:16:28,204 | 2111642 | INFO | queue[0004] trial 1 fold 5 physics
2026-03-07 15:16:28,205 | 2111642 | INFO | queue[0005] trial 2 fold 1 physics
2026-03-07 15:16:28,205 | 2111642 | INFO | queue[0006] trial 2 fold 2 physics
2026-03-07 15:16:28,205 | 2111642 | INFO | queue[0007] trial 2 fold 3 physics
2026-03-07 15:16:28,205 | 2111642 | INFO | queue[0008] trial 2 fold 4 physics
2026-03-07 15:16:28,206 | 2111642 | INFO | queue[0009] trial 2 fold 5 physics
2026-03-07 15:16:28,206 | 2111642 | INFO | queue[0010] trial 3 fold 1 physics
2026-03-07 15:16:28,206 | 2111642 | INFO | queue[0011] trial 3 fold 2 physics
2026-03-07 15:16:28,207 | 2111642 | INFO | queue[0012] trial 3 fold 3 physics
2026-03-07 15:16:28,207 | 2111642 | INFO | queue[0013] trial 3 fold 4 physics
2026-03-07 15:16:28,207 | 2111642 | INFO | queue[0014] trial 3 fold 5 physics
2026-03-07 15:16:28,207 | 2111642 | INFO | queue[0015] trial 4 fold 1 physics
2026-03-07 15:16:28,208 | 2111642 | INFO | queue[0016] trial 4 fold 2 physics
2026-03-07 15:16:28,208 | 2111642 | INFO | queue[0017] trial 4 fold 3 physics
2026-03-07 15:16:28,208 | 2111642 | INFO | queue[0018] trial 4 fold 4 physics
2026-03-07 15:16:28,209 | 2111642 | INFO | queue[0019] trial 4 fold 5 physics
2026-03-07 15:16:28,209 | 2111642 | INFO | queue[0020] trial 5 fold 1 physics
2026-03-07 15:16:28,209 | 2111642 | INFO | queue[0021] trial 5 fold 2 physics
2026-03-07 15:16:28,209 | 2111642 | INFO | queue[0022] trial 5 fold 3 physics
2026-03-07 15:16:28,210 | 2111642 | INFO | queue[0023] trial 5 fold 4 physics
2026-03-07 15:16:28,210 | 2111642 | INFO | queue[0024] trial 5 fold 5 physics
2026-03-07 15:16:28,210 | 2111642 | INFO | queue[0025] trial 6 fold 1 physics
2026-03-07 15:16:28,210 | 2111642 | INFO | queue[0026] trial 6 fold 2 physics
2026-03-07 15:16:28,211 | 2111642 | INFO | queue[0027] trial 6 fold 3 physics
2026-03-07 15:16:28,211 | 2111642 | INFO | queue[0028] trial 6 fold 4 physics
2026-03-07 15:16:28,211 | 2111642 | INFO | queue[0029] trial 6 fold 5 physics
2026-03-07 15:16:28,212 | 2111642 | INFO | queue[0030] trial 7 fold 1 physics
2026-03-07 15:16:28,212 | 2111642 | INFO | queue[0031] trial 7 fold 2 physics
2026-03-07 15:16:28,212 | 2111642 | INFO | queue[0032] trial 7 fold 3 physics
2026-03-07 15:16:28,212 | 2111642 | INFO | queue[0033] trial 7 fold 4 physics
2026-03-07 15:16:28,212 | 2111642 | INFO | queue[0034] trial 7 fold 5 physics
2026-03-07 15:16:28,212 | 2111642 | INFO | queue[0035] trial 8 fold 1 physics
2026-03-07 15:16:28,212 | 2111642 | INFO | queue[0036] trial 8 fold 2 physics
2026-03-07 15:16:28,213 | 2111642 | INFO | queue[0037] trial 8 fold 3 physics
2026-03-07 15:16:28,213 | 2111642 | INFO | queue[0038] trial 8 fold 4 physics
2026-03-07 15:16:28,213 | 2111642 | INFO | queue[0039] trial 8 fold 5 physics
2026-03-07 15:16:28,213 | 2111642 | INFO | queue[0040] trial 9 fold 1 physics
2026-03-07 15:16:28,213 | 2111642 | INFO | queue[0041] trial 9 fold 2 physics
2026-03-07 15:16:28,213 | 2111642 | INFO | queue[0042] trial 9 fold 3 physics
2026-03-07 15:16:28,213 | 2111642 | INFO | queue[0043] trial 9 fold 4 physics
2026-03-07 15:16:28,213 | 2111642 | INFO | queue[0044] trial 9 fold 5 physics
2026-03-07 15:16:28,214 | 2111642 | INFO | queue[0045] trial 10 fold 1 physics
2026-03-07 15:16:28,214 | 2111642 | INFO | queue[0046] trial 10 fold 2 physics
2026-03-07 15:16:28,214 | 2111642 | INFO | queue[0047] trial 10 fold 3 physics
2026-03-07 15:16:28,214 | 2111642 | INFO | queue[0048] trial 10 fold 4 physics
2026-03-07 15:16:28,214 | 2111642 | INFO | queue[0049] trial 10 fold 5 physics
2026-03-07 15:16:28,214 | 2111642 | INFO | queue[0050] trial 11 fold 1 physics
2026-03-07 15:16:28,214 | 2111642 | INFO | queue[0051] trial 11 fold 2 physics
2026-03-07 15:16:28,214 | 2111642 | INFO | queue[0052] trial 11 fold 3 physics
2026-03-07 15:16:28,215 | 2111642 | INFO | queue[0053] trial 11 fold 4 physics
2026-03-07 15:16:28,215 | 2111642 | INFO | queue[0054] trial 11 fold 5 physics
2026-03-07 15:16:28,215 | 2111642 | INFO | [END BAYES QUEUE]
2026-03-07 15:50:43,031 | 2111642 | INFO | [TRIAL COMPLETE] trial 4 physics NSE_1D=0.88290 NSE_1H=0.86150
2026-03-07 15:50:43,309 | 2111642 | INFO | [ENQUEUE TRIAL] trial 12 physics
2026-03-07 15:50:43,309 | 2111642 | INFO | [BAYES QUEUE STATE]
2026-03-07 15:50:43,310 | 2111642 | INFO | pending_jobs = 5
2026-03-07 15:50:43,310 | 2111642 | INFO | inflight_trials = [0, 1, 2, 4, 5, 6, 7, 8, 9, 10, 11]
2026-03-07 15:50:43,311 | 2111642 | INFO | queue[0000] trial 12 fold 1 physics
2026-03-07 15:50:43,311 | 2111642 | INFO | queue[0001] trial 12 fold 2 physics
2026-03-07 15:50:43,311 | 2111642 | INFO | queue[0002] trial 12 fold 3 physics
2026-03-07 15:50:43,312 | 2111642 | INFO | queue[0003] trial 12 fold 4 physics
2026-03-07 15:50:43,312 | 2111642 | INFO | queue[0004] trial 12 fold 5 physics
2026-03-07 15:50:43,312 | 2111642 | INFO | [END BAYES QUEUE]
2026-03-07 15:50:43,590 | 2111642 | INFO | [ENQUEUE TRIAL] trial 13 physics
2026-03-07 15:50:43,591 | 2111642 | INFO | [BAYES QUEUE STATE]
2026-03-07 15:50:43,591 | 2111642 | INFO | pending_jobs = 10
2026-03-07 15:50:43,592 | 2111642 | INFO | inflight_trials = [0, 1, 2, 4, 5, 6, 7, 8, 9, 10, 11, 12]
2026-03-07 15:50:43,592 | 2111642 | INFO | queue[0000] trial 12 fold 1 physics
2026-03-07 15:50:43,592 | 2111642 | INFO | queue[0001] trial 12 fold 2 physics
2026-03-07 15:50:43,593 | 2111642 | INFO | queue[0002] trial 12 fold 3 physics
2026-03-07 15:50:43,593 | 2111642 | INFO | queue[0003] trial 12 fold 4 physics
2026-03-07 15:50:43,593 | 2111642 | INFO | queue[0004] trial 12 fold 5 physics
2026-03-07 15:50:43,594 | 2111642 | INFO | queue[0005] trial 13 fold 1 physics
2026-03-07 15:50:43,594 | 2111642 | INFO | queue[0006] trial 13 fold 2 physics
2026-03-07 15:50:43,594 | 2111642 | INFO | queue[0007] trial 13 fold 3 physics
2026-03-07 15:50:43,595 | 2111642 | INFO | queue[0008] trial 13 fold 4 physics
2026-03-07 15:50:43,595 | 2111642 | INFO | queue[0009] trial 13 fold 5 physics
2026-03-07 15:50:43,595 | 2111642 | INFO | [END BAYES QUEUE]
2026-03-07 15:50:43,868 | 2111642 | INFO | [ENQUEUE TRIAL] trial 14 physics
2026-03-07 15:50:43,869 | 2111642 | INFO | [BAYES QUEUE STATE]
2026-03-07 15:50:43,869 | 2111642 | INFO | pending_jobs = 15
2026-03-07 15:50:43,870 | 2111642 | INFO | inflight_trials = [0, 1, 2, 4, 5, 6, 7, 8, 9, 10, 11, 12, 13]
2026-03-07 15:50:43,870 | 2111642 | INFO | queue[0000] trial 12 fold 1 physics
2026-03-07 15:50:43,871 | 2111642 | INFO | queue[0001] trial 12 fold 2 physics
2026-03-07 15:50:43,871 | 2111642 | INFO | queue[0002] trial 12 fold 3 physics
2026-03-07 15:50:43,871 | 2111642 | INFO | queue[0003] trial 12 fold 4 physics
2026-03-07 15:50:43,872 | 2111642 | INFO | queue[0004] trial 12 fold 5 physics
2026-03-07 15:50:43,872 | 2111642 | INFO | queue[0005] trial 13 fold 1 physics
2026-03-07 15:50:43,872 | 2111642 | INFO | queue[0006] trial 13 fold 2 physics
2026-03-07 15:50:43,873 | 2111642 | INFO | queue[0007] trial 13 fold 3 physics
2026-03-07 15:50:43,873 | 2111642 | INFO | queue[0008] trial 13 fold 4 physics
2026-03-07 15:50:43,873 | 2111642 | INFO | queue[0009] trial 13 fold 5 physics
2026-03-07 15:50:43,874 | 2111642 | INFO | queue[0010] trial 14 fold 1 physics
2026-03-07 15:50:43,874 | 2111642 | INFO | queue[0011] trial 14 fold 2 physics
2026-03-07 15:50:43,874 | 2111642 | INFO | queue[0012] trial 14 fold 3 physics
2026-03-07 15:50:43,875 | 2111642 | INFO | queue[0013] trial 14 fold 4 physics
2026-03-07 15:50:43,875 | 2111642 | INFO | queue[0014] trial 14 fold 5 physics
2026-03-07 15:50:43,875 | 2111642 | INFO | [END BAYES QUEUE]
2026-03-07 15:50:44,159 | 2111642 | INFO | [ENQUEUE TRIAL] trial 15 physics
2026-03-07 15:50:44,162 | 2111642 | INFO | [BAYES QUEUE STATE]
2026-03-07 15:50:44,162 | 2111642 | INFO | pending_jobs = 20
2026-03-07 15:50:44,162 | 2111642 | INFO | inflight_trials = [0, 1, 2, 4, 5, 6, 7, 8, 9, 10, 11, 12, 13, 14]
2026-03-07 15:50:44,163 | 2111642 | INFO | queue[0000] trial 12 fold 1 physics
2026-03-07 15:50:44,163 | 2111642 | INFO | queue[0001] trial 12 fold 2 physics
2026-03-07 15:50:44,163 | 2111642 | INFO | queue[0002] trial 12 fold 3 physics
2026-03-07 15:50:44,164 | 2111642 | INFO | queue[0003] trial 12 fold 4 physics
2026-03-07 15:50:44,164 | 2111642 | INFO | queue[0004] trial 12 fold 5 physics
2026-03-07 15:50:44,165 | 2111642 | INFO | queue[0005] trial 13 fold 1 physics
2026-03-07 15:50:44,165 | 2111642 | INFO | queue[0006] trial 13 fold 2 physics
2026-03-07 15:50:44,165 | 2111642 | INFO | queue[0007] trial 13 fold 3 physics
2026-03-07 15:50:44,166 | 2111642 | INFO | queue[0008] trial 13 fold 4 physics
2026-03-07 15:50:44,166 | 2111642 | INFO | queue[0009] trial 13 fold 5 physics
2026-03-07 15:50:44,166 | 2111642 | INFO | queue[0010] trial 14 fold 1 physics
2026-03-07 15:50:44,166 | 2111642 | INFO | queue[0011] trial 14 fold 2 physics
2026-03-07 15:50:44,167 | 2111642 | INFO | queue[0012] trial 14 fold 3 physics
2026-03-07 15:50:44,167 | 2111642 | INFO | queue[0013] trial 14 fold 4 physics
2026-03-07 15:50:44,167 | 2111642 | INFO | queue[0014] trial 14 fold 5 physics
2026-03-07 15:50:44,167 | 2111642 | INFO | queue[0015] trial 15 fold 1 physics
2026-03-07 15:50:44,168 | 2111642 | INFO | queue[0016] trial 15 fold 2 physics
2026-03-07 15:50:44,168 | 2111642 | INFO | queue[0017] trial 15 fold 3 physics
2026-03-07 15:50:44,168 | 2111642 | INFO | queue[0018] trial 15 fold 4 physics
2026-03-07 15:50:44,168 | 2111642 | INFO | queue[0019] trial 15 fold 5 physics
2026-03-07 15:50:44,169 | 2111642 | INFO | [END BAYES QUEUE]
2026-03-07 15:50:44,441 | 2111642 | INFO | [ENQUEUE TRIAL] trial 16 physics
2026-03-07 15:50:44,442 | 2111642 | INFO | [BAYES QUEUE STATE]
2026-03-07 15:50:44,442 | 2111642 | INFO | pending_jobs = 25
2026-03-07 15:50:44,443 | 2111642 | INFO | inflight_trials = [0, 1, 2, 4, 5, 6, 7, 8, 9, 10, 11, 12, 13, 14, 15]
2026-03-07 15:50:44,443 | 2111642 | INFO | queue[0000] trial 12 fold 1 physics
2026-03-07 15:50:44,443 | 2111642 | INFO | queue[0001] trial 12 fold 2 physics
2026-03-07 15:50:44,444 | 2111642 | INFO | queue[0002] trial 12 fold 3 physics
2026-03-07 15:50:44,444 | 2111642 | INFO | queue[0003] trial 12 fold 4 physics
2026-03-07 15:50:44,444 | 2111642 | INFO | queue[0004] trial 12 fold 5 physics
2026-03-07 15:50:44,445 | 2111642 | INFO | queue[0005] trial 13 fold 1 physics
2026-03-07 15:50:44,445 | 2111642 | INFO | queue[0006] trial 13 fold 2 physics
2026-03-07 15:50:44,445 | 2111642 | INFO | queue[0007] trial 13 fold 3 physics
2026-03-07 15:50:44,445 | 2111642 | INFO | queue[0008] trial 13 fold 4 physics
2026-03-07 15:50:44,446 | 2111642 | INFO | queue[0009] trial 13 fold 5 physics
2026-03-07 15:50:44,446 | 2111642 | INFO | queue[0010] trial 14 fold 1 physics
2026-03-07 15:50:44,446 | 2111642 | INFO | queue[0011] trial 14 fold 2 physics
2026-03-07 15:50:44,446 | 2111642 | INFO | queue[0012] trial 14 fold 3 physics
2026-03-07 15:50:44,447 | 2111642 | INFO | queue[0013] trial 14 fold 4 physics
2026-03-07 15:50:44,447 | 2111642 | INFO | queue[0014] trial 14 fold 5 physics
2026-03-07 15:50:44,447 | 2111642 | INFO | queue[0015] trial 15 fold 1 physics
2026-03-07 15:50:44,448 | 2111642 | INFO | queue[0016] trial 15 fold 2 physics
2026-03-07 15:50:44,448 | 2111642 | INFO | queue[0017] trial 15 fold 3 physics
2026-03-07 15:50:44,448 | 2111642 | INFO | queue[0018] trial 15 fold 4 physics
2026-03-07 15:50:44,448 | 2111642 | INFO | queue[0019] trial 15 fold 5 physics
2026-03-07 15:50:44,449 | 2111642 | INFO | queue[0020] trial 16 fold 1 physics
2026-03-07 15:50:44,449 | 2111642 | INFO | queue[0021] trial 16 fold 2 physics
2026-03-07 15:50:44,449 | 2111642 | INFO | queue[0022] trial 16 fold 3 physics
2026-03-07 15:50:44,449 | 2111642 | INFO | queue[0023] trial 16 fold 4 physics
2026-03-07 15:50:44,450 | 2111642 | INFO | queue[0024] trial 16 fold 5 physics
2026-03-07 15:50:44,450 | 2111642 | INFO | [END BAYES QUEUE]
2026-03-07 15:50:44,731 | 2111642 | INFO | [ENQUEUE TRIAL] trial 17 physics
2026-03-07 15:50:44,732 | 2111642 | INFO | [BAYES QUEUE STATE]
2026-03-07 15:50:44,732 | 2111642 | INFO | pending_jobs = 30
2026-03-07 15:50:44,733 | 2111642 | INFO | inflight_trials = [0, 1, 2, 4, 5, 6, 7, 8, 9, 10, 11, 12, 13, 14, 15, 16]
2026-03-07 15:50:44,733 | 2111642 | INFO | queue[0000] trial 12 fold 1 physics
2026-03-07 15:50:44,733 | 2111642 | INFO | queue[0001] trial 12 fold 2 physics
2026-03-07 15:50:44,734 | 2111642 | INFO | queue[0002] trial 12 fold 3 physics
2026-03-07 15:50:44,734 | 2111642 | INFO | queue[0003] trial 12 fold 4 physics
2026-03-07 15:50:44,734 | 2111642 | INFO | queue[0004] trial 12 fold 5 physics
2026-03-07 15:50:44,735 | 2111642 | INFO | queue[0005] trial 13 fold 1 physics
2026-03-07 15:50:44,735 | 2111642 | INFO | queue[0006] trial 13 fold 2 physics
2026-03-07 15:50:44,735 | 2111642 | INFO | queue[0007] trial 13 fold 3 physics
2026-03-07 15:50:44,735 | 2111642 | INFO | queue[0008] trial 13 fold 4 physics
2026-03-07 15:50:44,736 | 2111642 | INFO | queue[0009] trial 13 fold 5 physics
2026-03-07 15:50:44,736 | 2111642 | INFO | queue[0010] trial 14 fold 1 physics
2026-03-07 15:50:44,736 | 2111642 | INFO | queue[0011] trial 14 fold 2 physics
2026-03-07 15:50:44,736 | 2111642 | INFO | queue[0012] trial 14 fold 3 physics
2026-03-07 15:50:44,737 | 2111642 | INFO | queue[0013] trial 14 fold 4 physics
2026-03-07 15:50:44,737 | 2111642 | INFO | queue[0014] trial 14 fold 5 physics
2026-03-07 15:50:44,737 | 2111642 | INFO | queue[0015] trial 15 fold 1 physics
2026-03-07 15:50:44,737 | 2111642 | INFO | queue[0016] trial 15 fold 2 physics
2026-03-07 15:50:44,738 | 2111642 | INFO | queue[0017] trial 15 fold 3 physics
2026-03-07 15:50:44,738 | 2111642 | INFO | queue[0018] trial 15 fold 4 physics
2026-03-07 15:50:44,738 | 2111642 | INFO | queue[0019] trial 15 fold 5 physics
2026-03-07 15:50:44,738 | 2111642 | INFO | queue[0020] trial 16 fold 1 physics
2026-03-07 15:50:44,739 | 2111642 | INFO | queue[0021] trial 16 fold 2 physics
2026-03-07 15:50:44,739 | 2111642 | INFO | queue[0022] trial 16 fold 3 physics
2026-03-07 15:50:44,739 | 2111642 | INFO | queue[0023] trial 16 fold 4 physics
2026-03-07 15:50:44,739 | 2111642 | INFO | queue[0024] trial 16 fold 5 physics
2026-03-07 15:50:44,740 | 2111642 | INFO | queue[0025] trial 17 fold 1 physics
2026-03-07 15:50:44,740 | 2111642 | INFO | queue[0026] trial 17 fold 2 physics
2026-03-07 15:50:44,740 | 2111642 | INFO | queue[0027] trial 17 fold 3 physics
2026-03-07 15:50:44,740 | 2111642 | INFO | queue[0028] trial 17 fold 4 physics
2026-03-07 15:50:44,741 | 2111642 | INFO | queue[0029] trial 17 fold 5 physics
2026-03-07 15:50:44,741 | 2111642 | INFO | [END BAYES QUEUE]
2026-03-07 15:50:45,011 | 2111642 | INFO | [ENQUEUE TRIAL] trial 18 physics
2026-03-07 15:50:45,011 | 2111642 | INFO | [BAYES QUEUE STATE]
2026-03-07 15:50:45,012 | 2111642 | INFO | pending_jobs = 35
2026-03-07 15:50:45,012 | 2111642 | INFO | inflight_trials = [0, 1, 2, 4, 5, 6, 7, 8, 9, 10, 11, 12, 13, 14, 15, 16, 17]
2026-03-07 15:50:45,012 | 2111642 | INFO | queue[0000] trial 12 fold 1 physics
2026-03-07 15:50:45,013 | 2111642 | INFO | queue[0001] trial 12 fold 2 physics
2026-03-07 15:50:45,013 | 2111642 | INFO | queue[0002] trial 12 fold 3 physics
2026-03-07 15:50:45,013 | 2111642 | INFO | queue[0003] trial 12 fold 4 physics
2026-03-07 15:50:45,014 | 2111642 | INFO | queue[0004] trial 12 fold 5 physics
2026-03-07 15:50:45,014 | 2111642 | INFO | queue[0005] trial 13 fold 1 physics
2026-03-07 15:50:45,014 | 2111642 | INFO | queue[0006] trial 13 fold 2 physics
2026-03-07 15:50:45,015 | 2111642 | INFO | queue[0007] trial 13 fold 3 physics
2026-03-07 15:50:45,015 | 2111642 | INFO | queue[0008] trial 13 fold 4 physics
2026-03-07 15:50:45,015 | 2111642 | INFO | queue[0009] trial 13 fold 5 physics
2026-03-07 15:50:45,016 | 2111642 | INFO | queue[0010] trial 14 fold 1 physics
2026-03-07 15:50:45,016 | 2111642 | INFO | queue[0011] trial 14 fold 2 physics
2026-03-07 15:50:45,016 | 2111642 | INFO | queue[0012] trial 14 fold 3 physics
2026-03-07 15:50:45,017 | 2111642 | INFO | queue[0013] trial 14 fold 4 physics
2026-03-07 15:50:45,017 | 2111642 | INFO | queue[0014] trial 14 fold 5 physics
2026-03-07 15:50:45,017 | 2111642 | INFO | queue[0015] trial 15 fold 1 physics
2026-03-07 15:50:45,018 | 2111642 | INFO | queue[0016] trial 15 fold 2 physics
2026-03-07 15:50:45,018 | 2111642 | INFO | queue[0017] trial 15 fold 3 physics
2026-03-07 15:50:45,018 | 2111642 | INFO | queue[0018] trial 15 fold 4 physics
2026-03-07 15:50:45,019 | 2111642 | INFO | queue[0019] trial 15 fold 5 physics
2026-03-07 15:50:45,019 | 2111642 | INFO | queue[0020] trial 16 fold 1 physics
2026-03-07 15:50:45,020 | 2111642 | INFO | queue[0021] trial 16 fold 2 physics
2026-03-07 15:50:45,020 | 2111642 | INFO | queue[0022] trial 16 fold 3 physics
2026-03-07 15:50:45,020 | 2111642 | INFO | queue[0023] trial 16 fold 4 physics
2026-03-07 15:50:45,020 | 2111642 | INFO | queue[0024] trial 16 fold 5 physics
2026-03-07 15:50:45,020 | 2111642 | INFO | queue[0025] trial 17 fold 1 physics
2026-03-07 15:50:45,020 | 2111642 | INFO | queue[0026] trial 17 fold 2 physics
2026-03-07 15:50:45,020 | 2111642 | INFO | queue[0027] trial 17 fold 3 physics
2026-03-07 15:50:45,021 | 2111642 | INFO | queue[0028] trial 17 fold 4 physics
2026-03-07 15:50:45,021 | 2111642 | INFO | queue[0029] trial 17 fold 5 physics
2026-03-07 15:50:45,021 | 2111642 | INFO | queue[0030] trial 18 fold 1 physics
2026-03-07 15:50:45,021 | 2111642 | INFO | queue[0031] trial 18 fold 2 physics
2026-03-07 15:50:45,021 | 2111642 | INFO | queue[0032] trial 18 fold 3 physics
2026-03-07 15:50:45,021 | 2111642 | INFO | queue[0033] trial 18 fold 4 physics
2026-03-07 15:50:45,021 | 2111642 | INFO | queue[0034] trial 18 fold 5 physics
2026-03-07 15:50:45,022 | 2111642 | INFO | [END BAYES QUEUE]
2026-03-07 15:50:45,292 | 2111642 | INFO | [ENQUEUE TRIAL] trial 19 physics
2026-03-07 15:50:45,295 | 2111642 | INFO | [BAYES QUEUE STATE]
2026-03-07 15:50:45,295 | 2111642 | INFO | pending_jobs = 40
2026-03-07 15:50:45,296 | 2111642 | INFO | inflight_trials = [0, 1, 2, 4, 5, 6, 7, 8, 9, 10, 11, 12, 13, 14, 15, 16, 17, 18]
2026-03-07 15:50:45,296 | 2111642 | INFO | queue[0000] trial 12 fold 1 physics
2026-03-07 15:50:45,296 | 2111642 | INFO | queue[0001] trial 12 fold 2 physics
2026-03-07 15:50:45,297 | 2111642 | INFO | queue[0002] trial 12 fold 3 physics
2026-03-07 15:50:45,297 | 2111642 | INFO | queue[0003] trial 12 fold 4 physics
2026-03-07 15:50:45,297 | 2111642 | INFO | queue[0004] trial 12 fold 5 physics
2026-03-07 15:50:45,298 | 2111642 | INFO | queue[0005] trial 13 fold 1 physics
2026-03-07 15:50:45,298 | 2111642 | INFO | queue[0006] trial 13 fold 2 physics
2026-03-07 15:50:45,298 | 2111642 | INFO | queue[0007] trial 13 fold 3 physics
2026-03-07 15:50:45,299 | 2111642 | INFO | queue[0008] trial 13 fold 4 physics
2026-03-07 15:50:45,299 | 2111642 | INFO | queue[0009] trial 13 fold 5 physics
2026-03-07 15:50:45,299 | 2111642 | INFO | queue[0010] trial 14 fold 1 physics
2026-03-07 15:50:45,300 | 2111642 | INFO | queue[0011] trial 14 fold 2 physics
2026-03-07 15:50:45,300 | 2111642 | INFO | queue[0012] trial 14 fold 3 physics
2026-03-07 15:50:45,300 | 2111642 | INFO | queue[0013] trial 14 fold 4 physics
2026-03-07 15:50:45,300 | 2111642 | INFO | queue[0014] trial 14 fold 5 physics
2026-03-07 15:50:45,301 | 2111642 | INFO | queue[0015] trial 15 fold 1 physics
2026-03-07 15:50:45,301 | 2111642 | INFO | queue[0016] trial 15 fold 2 physics
2026-03-07 15:50:45,301 | 2111642 | INFO | queue[0017] trial 15 fold 3 physics
2026-03-07 15:50:45,301 | 2111642 | INFO | queue[0018] trial 15 fold 4 physics
2026-03-07 15:50:45,302 | 2111642 | INFO | queue[0019] trial 15 fold 5 physics
2026-03-07 15:50:45,302 | 2111642 | INFO | queue[0020] trial 16 fold 1 physics
2026-03-07 15:50:45,302 | 2111642 | INFO | queue[0021] trial 16 fold 2 physics
2026-03-07 15:50:45,302 | 2111642 | INFO | queue[0022] trial 16 fold 3 physics
2026-03-07 15:50:45,302 | 2111642 | INFO | queue[0023] trial 16 fold 4 physics
2026-03-07 15:50:45,303 | 2111642 | INFO | queue[0024] trial 16 fold 5 physics
2026-03-07 15:50:45,303 | 2111642 | INFO | queue[0025] trial 17 fold 1 physics
2026-03-07 15:50:45,303 | 2111642 | INFO | queue[0026] trial 17 fold 2 physics
2026-03-07 15:50:45,303 | 2111642 | INFO | queue[0027] trial 17 fold 3 physics
2026-03-07 15:50:45,304 | 2111642 | INFO | queue[0028] trial 17 fold 4 physics
2026-03-07 15:50:45,304 | 2111642 | INFO | queue[0029] trial 17 fold 5 physics
2026-03-07 15:50:45,304 | 2111642 | INFO | queue[0030] trial 18 fold 1 physics
2026-03-07 15:50:45,304 | 2111642 | INFO | queue[0031] trial 18 fold 2 physics
2026-03-07 15:50:45,305 | 2111642 | INFO | queue[0032] trial 18 fold 3 physics
2026-03-07 15:50:45,305 | 2111642 | INFO | queue[0033] trial 18 fold 4 physics
2026-03-07 15:50:45,305 | 2111642 | INFO | queue[0034] trial 18 fold 5 physics
2026-03-07 15:50:45,305 | 2111642 | INFO | queue[0035] trial 19 fold 1 physics
2026-03-07 15:50:45,305 | 2111642 | INFO | queue[0036] trial 19 fold 2 physics
2026-03-07 15:50:45,306 | 2111642 | INFO | queue[0037] trial 19 fold 3 physics
2026-03-07 15:50:45,306 | 2111642 | INFO | queue[0038] trial 19 fold 4 physics
2026-03-07 15:50:45,306 | 2111642 | INFO | queue[0039] trial 19 fold 5 physics
2026-03-07 15:50:45,306 | 2111642 | INFO | [END BAYES QUEUE]
2026-03-07 15:50:45,594 | 2111642 | INFO | [ENQUEUE TRIAL] trial 20 physics
2026-03-07 15:50:45,594 | 2111642 | INFO | [BAYES QUEUE STATE]
2026-03-07 15:50:45,595 | 2111642 | INFO | pending_jobs = 45
2026-03-07 15:50:45,595 | 2111642 | INFO | inflight_trials = [0, 1, 2, 4, 5, 6, 7, 8, 9, 10, 11, 12, 13, 14, 15, 16, 17, 18, 19]
2026-03-07 15:50:45,596 | 2111642 | INFO | queue[0000] trial 12 fold 1 physics
2026-03-07 15:50:45,596 | 2111642 | INFO | queue[0001] trial 12 fold 2 physics
2026-03-07 15:50:45,596 | 2111642 | INFO | queue[0002] trial 12 fold 3 physics
2026-03-07 15:50:45,597 | 2111642 | INFO | queue[0003] trial 12 fold 4 physics
2026-03-07 15:50:45,597 | 2111642 | INFO | queue[0004] trial 12 fold 5 physics
2026-03-07 15:50:45,597 | 2111642 | INFO | queue[0005] trial 13 fold 1 physics
2026-03-07 15:50:45,598 | 2111642 | INFO | queue[0006] trial 13 fold 2 physics
2026-03-07 15:50:45,598 | 2111642 | INFO | queue[0007] trial 13 fold 3 physics
2026-03-07 15:50:45,598 | 2111642 | INFO | queue[0008] trial 13 fold 4 physics
2026-03-07 15:50:45,599 | 2111642 | INFO | queue[0009] trial 13 fold 5 physics
2026-03-07 15:50:45,599 | 2111642 | INFO | queue[0010] trial 14 fold 1 physics
2026-03-07 15:50:45,599 | 2111642 | INFO | queue[0011] trial 14 fold 2 physics
2026-03-07 15:50:45,600 | 2111642 | INFO | queue[0012] trial 14 fold 3 physics
2026-03-07 15:50:45,600 | 2111642 | INFO | queue[0013] trial 14 fold 4 physics
2026-03-07 15:50:45,600 | 2111642 | INFO | queue[0014] trial 14 fold 5 physics
2026-03-07 15:50:45,601 | 2111642 | INFO | queue[0015] trial 15 fold 1 physics
2026-03-07 15:50:45,601 | 2111642 | INFO | queue[0016] trial 15 fold 2 physics
2026-03-07 15:50:45,601 | 2111642 | INFO | queue[0017] trial 15 fold 3 physics
2026-03-07 15:50:45,602 | 2111642 | INFO | queue[0018] trial 15 fold 4 physics
2026-03-07 15:50:45,602 | 2111642 | INFO | queue[0019] trial 15 fold 5 physics
2026-03-07 15:50:45,603 | 2111642 | INFO | queue[0020] trial 16 fold 1 physics
2026-03-07 15:50:45,603 | 2111642 | INFO | queue[0021] trial 16 fold 2 physics
2026-03-07 15:50:45,603 | 2111642 | INFO | queue[0022] trial 16 fold 3 physics
2026-03-07 15:50:45,604 | 2111642 | INFO | queue[0023] trial 16 fold 4 physics
2026-03-07 15:50:45,604 | 2111642 | INFO | queue[0024] trial 16 fold 5 physics
2026-03-07 15:50:45,604 | 2111642 | INFO | queue[0025] trial 17 fold 1 physics
2026-03-07 15:50:45,604 | 2111642 | INFO | queue[0026] trial 17 fold 2 physics
2026-03-07 15:50:45,604 | 2111642 | INFO | queue[0027] trial 17 fold 3 physics
2026-03-07 15:50:45,604 | 2111642 | INFO | queue[0028] trial 17 fold 4 physics
2026-03-07 15:50:45,604 | 2111642 | INFO | queue[0029] trial 17 fold 5 physics
2026-03-07 15:50:45,605 | 2111642 | INFO | queue[0030] trial 18 fold 1 physics
2026-03-07 15:50:45,605 | 2111642 | INFO | queue[0031] trial 18 fold 2 physics
2026-03-07 15:50:45,605 | 2111642 | INFO | queue[0032] trial 18 fold 3 physics
2026-03-07 15:50:45,605 | 2111642 | INFO | queue[0033] trial 18 fold 4 physics
2026-03-07 15:50:45,605 | 2111642 | INFO | queue[0034] trial 18 fold 5 physics
2026-03-07 15:50:45,605 | 2111642 | INFO | queue[0035] trial 19 fold 1 physics
2026-03-07 15:50:45,605 | 2111642 | INFO | queue[0036] trial 19 fold 2 physics
2026-03-07 15:50:45,606 | 2111642 | INFO | queue[0037] trial 19 fold 3 physics
2026-03-07 15:50:45,606 | 2111642 | INFO | queue[0038] trial 19 fold 4 physics
2026-03-07 15:50:45,606 | 2111642 | INFO | queue[0039] trial 19 fold 5 physics
2026-03-07 15:50:45,606 | 2111642 | INFO | queue[0040] trial 20 fold 1 physics
2026-03-07 15:50:45,606 | 2111642 | INFO | queue[0041] trial 20 fold 2 physics
2026-03-07 15:50:45,606 | 2111642 | INFO | queue[0042] trial 20 fold 3 physics
2026-03-07 15:50:45,607 | 2111642 | INFO | queue[0043] trial 20 fold 4 physics
2026-03-07 15:50:45,607 | 2111642 | INFO | queue[0044] trial 20 fold 5 physics
2026-03-07 15:50:45,607 | 2111642 | INFO | [END BAYES QUEUE]
2026-03-07 15:50:45,883 | 2111642 | INFO | [ENQUEUE TRIAL] trial 21 physics
2026-03-07 15:50:45,886 | 2111642 | INFO | [BAYES QUEUE STATE]
2026-03-07 15:50:45,886 | 2111642 | INFO | pending_jobs = 50
2026-03-07 15:50:45,887 | 2111642 | INFO | inflight_trials = [0, 1, 2, 4, 5, 6, 7, 8, 9, 10, 11, 12, 13, 14, 15, 16, 17, 18, 19, 20]
2026-03-07 15:50:45,887 | 2111642 | INFO | queue[0000] trial 12 fold 1 physics
2026-03-07 15:50:45,887 | 2111642 | INFO | queue[0001] trial 12 fold 2 physics
2026-03-07 15:50:45,888 | 2111642 | INFO | queue[0002] trial 12 fold 3 physics
2026-03-07 15:50:45,888 | 2111642 | INFO | queue[0003] trial 12 fold 4 physics
2026-03-07 15:50:45,888 | 2111642 | INFO | queue[0004] trial 12 fold 5 physics
2026-03-07 15:50:45,889 | 2111642 | INFO | queue[0005] trial 13 fold 1 physics
2026-03-07 15:50:45,889 | 2111642 | INFO | queue[0006] trial 13 fold 2 physics
2026-03-07 15:50:45,889 | 2111642 | INFO | queue[0007] trial 13 fold 3 physics
2026-03-07 15:50:45,890 | 2111642 | INFO | queue[0008] trial 13 fold 4 physics
2026-03-07 15:50:45,890 | 2111642 | INFO | queue[0009] trial 13 fold 5 physics
2026-03-07 15:50:45,890 | 2111642 | INFO | queue[0010] trial 14 fold 1 physics
2026-03-07 15:50:45,891 | 2111642 | INFO | queue[0011] trial 14 fold 2 physics
2026-03-07 15:50:45,891 | 2111642 | INFO | queue[0012] trial 14 fold 3 physics
2026-03-07 15:50:45,891 | 2111642 | INFO | queue[0013] trial 14 fold 4 physics
2026-03-07 15:50:45,892 | 2111642 | INFO | queue[0014] trial 14 fold 5 physics
2026-03-07 15:50:45,892 | 2111642 | INFO | queue[0015] trial 15 fold 1 physics
2026-03-07 15:50:45,892 | 2111642 | INFO | queue[0016] trial 15 fold 2 physics
2026-03-07 15:50:45,893 | 2111642 | INFO | queue[0017] trial 15 fold 3 physics
2026-03-07 15:50:45,893 | 2111642 | INFO | queue[0018] trial 15 fold 4 physics
2026-03-07 15:50:45,893 | 2111642 | INFO | queue[0019] trial 15 fold 5 physics
2026-03-07 15:50:45,894 | 2111642 | INFO | queue[0020] trial 16 fold 1 physics
2026-03-07 15:50:45,894 | 2111642 | INFO | queue[0021] trial 16 fold 2 physics
2026-03-07 15:50:45,895 | 2111642 | INFO | queue[0022] trial 16 fold 3 physics
2026-03-07 15:50:45,895 | 2111642 | INFO | queue[0023] trial 16 fold 4 physics
2026-03-07 15:50:45,895 | 2111642 | INFO | queue[0024] trial 16 fold 5 physics
2026-03-07 15:50:45,895 | 2111642 | INFO | queue[0025] trial 17 fold 1 physics
2026-03-07 15:50:45,895 | 2111642 | INFO | queue[0026] trial 17 fold 2 physics
2026-03-07 15:50:45,895 | 2111642 | INFO | queue[0027] trial 17 fold 3 physics
2026-03-07 15:50:45,895 | 2111642 | INFO | queue[0028] trial 17 fold 4 physics
2026-03-07 15:50:45,896 | 2111642 | INFO | queue[0029] trial 17 fold 5 physics
2026-03-07 15:50:45,896 | 2111642 | INFO | queue[0030] trial 18 fold 1 physics
2026-03-07 15:50:45,896 | 2111642 | INFO | queue[0031] trial 18 fold 2 physics
2026-03-07 15:50:45,896 | 2111642 | INFO | queue[0032] trial 18 fold 3 physics
2026-03-07 15:50:45,896 | 2111642 | INFO | queue[0033] trial 18 fold 4 physics
2026-03-07 15:50:45,896 | 2111642 | INFO | queue[0034] trial 18 fold 5 physics
2026-03-07 15:50:45,896 | 2111642 | INFO | queue[0035] trial 19 fold 1 physics
2026-03-07 15:50:45,897 | 2111642 | INFO | queue[0036] trial 19 fold 2 physics
2026-03-07 15:50:45,897 | 2111642 | INFO | queue[0037] trial 19 fold 3 physics
2026-03-07 15:50:45,897 | 2111642 | INFO | queue[0038] trial 19 fold 4 physics
2026-03-07 15:50:45,897 | 2111642 | INFO | queue[0039] trial 19 fold 5 physics
2026-03-07 15:50:45,897 | 2111642 | INFO | queue[0040] trial 20 fold 1 physics
2026-03-07 15:50:45,897 | 2111642 | INFO | queue[0041] trial 20 fold 2 physics
2026-03-07 15:50:45,897 | 2111642 | INFO | queue[0042] trial 20 fold 3 physics
2026-03-07 15:50:45,898 | 2111642 | INFO | queue[0043] trial 20 fold 4 physics
2026-03-07 15:50:45,898 | 2111642 | INFO | queue[0044] trial 20 fold 5 physics
2026-03-07 15:50:45,898 | 2111642 | INFO | queue[0045] trial 21 fold 1 physics
2026-03-07 15:50:45,898 | 2111642 | INFO | queue[0046] trial 21 fold 2 physics
2026-03-07 15:50:45,898 | 2111642 | INFO | queue[0047] trial 21 fold 3 physics
2026-03-07 15:50:45,898 | 2111642 | INFO | queue[0048] trial 21 fold 4 physics
2026-03-07 15:50:45,898 | 2111642 | INFO | queue[0049] trial 21 fold 5 physics
2026-03-07 15:50:45,898 | 2111642 | INFO | [END BAYES QUEUE]
2026-03-07 15:50:46,172 | 2111642 | INFO | [ENQUEUE TRIAL] trial 22 physics
2026-03-07 15:50:46,173 | 2111642 | INFO | [BAYES QUEUE STATE]
2026-03-07 15:50:46,173 | 2111642 | INFO | pending_jobs = 55
2026-03-07 15:50:46,174 | 2111642 | INFO | inflight_trials = [0, 1, 2, 4, 5, 6, 7, 8, 9, 10, 11, 12, 13, 14, 15, 16, 17, 18, 19, 20, 21]
2026-03-07 15:50:46,174 | 2111642 | INFO | queue[0000] trial 12 fold 1 physics
2026-03-07 15:50:46,174 | 2111642 | INFO | queue[0001] trial 12 fold 2 physics
2026-03-07 15:50:46,175 | 2111642 | INFO | queue[0002] trial 12 fold 3 physics
2026-03-07 15:50:46,175 | 2111642 | INFO | queue[0003] trial 12 fold 4 physics
2026-03-07 15:50:46,175 | 2111642 | INFO | queue[0004] trial 12 fold 5 physics
2026-03-07 15:50:46,176 | 2111642 | INFO | queue[0005] trial 13 fold 1 physics
2026-03-07 15:50:46,176 | 2111642 | INFO | queue[0006] trial 13 fold 2 physics
2026-03-07 15:50:46,176 | 2111642 | INFO | queue[0007] trial 13 fold 3 physics
2026-03-07 15:50:46,177 | 2111642 | INFO | queue[0008] trial 13 fold 4 physics
2026-03-07 15:50:46,177 | 2111642 | INFO | queue[0009] trial 13 fold 5 physics
2026-03-07 15:50:46,177 | 2111642 | INFO | queue[0010] trial 14 fold 1 physics
2026-03-07 15:50:46,178 | 2111642 | INFO | queue[0011] trial 14 fold 2 physics
2026-03-07 15:50:46,178 | 2111642 | INFO | queue[0012] trial 14 fold 3 physics
2026-03-07 15:50:46,178 | 2111642 | INFO | queue[0013] trial 14 fold 4 physics
2026-03-07 15:50:46,179 | 2111642 | INFO | queue[0014] trial 14 fold 5 physics
2026-03-07 15:50:46,179 | 2111642 | INFO | queue[0015] trial 15 fold 1 physics
2026-03-07 15:50:46,179 | 2111642 | INFO | queue[0016] trial 15 fold 2 physics
2026-03-07 15:50:46,180 | 2111642 | INFO | queue[0017] trial 15 fold 3 physics
2026-03-07 15:50:46,180 | 2111642 | INFO | queue[0018] trial 15 fold 4 physics
2026-03-07 15:50:46,180 | 2111642 | INFO | queue[0019] trial 15 fold 5 physics
2026-03-07 15:50:46,180 | 2111642 | INFO | queue[0020] trial 16 fold 1 physics
2026-03-07 15:50:46,180 | 2111642 | INFO | queue[0021] trial 16 fold 2 physics
2026-03-07 15:50:46,180 | 2111642 | INFO | queue[0022] trial 16 fold 3 physics
2026-03-07 15:50:46,181 | 2111642 | INFO | queue[0023] trial 16 fold 4 physics
2026-03-07 15:50:46,181 | 2111642 | INFO | queue[0024] trial 16 fold 5 physics
2026-03-07 15:50:46,181 | 2111642 | INFO | queue[0025] trial 17 fold 1 physics
2026-03-07 15:50:46,181 | 2111642 | INFO | queue[0026] trial 17 fold 2 physics
2026-03-07 15:50:46,181 | 2111642 | INFO | queue[0027] trial 17 fold 3 physics
2026-03-07 15:50:46,181 | 2111642 | INFO | queue[0028] trial 17 fold 4 physics
2026-03-07 15:50:46,182 | 2111642 | INFO | queue[0029] trial 17 fold 5 physics
2026-03-07 15:50:46,182 | 2111642 | INFO | queue[0030] trial 18 fold 1 physics
2026-03-07 15:50:46,182 | 2111642 | INFO | queue[0031] trial 18 fold 2 physics
2026-03-07 15:50:46,182 | 2111642 | INFO | queue[0032] trial 18 fold 3 physics
2026-03-07 15:50:46,182 | 2111642 | INFO | queue[0033] trial 18 fold 4 physics
2026-03-07 15:50:46,182 | 2111642 | INFO | queue[0034] trial 18 fold 5 physics
2026-03-07 15:50:46,182 | 2111642 | INFO | queue[0035] trial 19 fold 1 physics
2026-03-07 15:50:46,183 | 2111642 | INFO | queue[0036] trial 19 fold 2 physics
2026-03-07 15:50:46,183 | 2111642 | INFO | queue[0037] trial 19 fold 3 physics
2026-03-07 15:50:46,183 | 2111642 | INFO | queue[0038] trial 19 fold 4 physics
2026-03-07 15:50:46,183 | 2111642 | INFO | queue[0039] trial 19 fold 5 physics
2026-03-07 15:50:46,183 | 2111642 | INFO | queue[0040] trial 20 fold 1 physics
2026-03-07 15:50:46,183 | 2111642 | INFO | queue[0041] trial 20 fold 2 physics
2026-03-07 15:50:46,183 | 2111642 | INFO | queue[0042] trial 20 fold 3 physics
2026-03-07 15:50:46,184 | 2111642 | INFO | queue[0043] trial 20 fold 4 physics
2026-03-07 15:50:46,184 | 2111642 | INFO | queue[0044] trial 20 fold 5 physics
2026-03-07 15:50:46,184 | 2111642 | INFO | queue[0045] trial 21 fold 1 physics
2026-03-07 15:50:46,184 | 2111642 | INFO | queue[0046] trial 21 fold 2 physics
2026-03-07 15:50:46,184 | 2111642 | INFO | queue[0047] trial 21 fold 3 physics
2026-03-07 15:50:46,184 | 2111642 | INFO | queue[0048] trial 21 fold 4 physics
2026-03-07 15:50:46,185 | 2111642 | INFO | queue[0049] trial 21 fold 5 physics
2026-03-07 15:50:46,185 | 2111642 | INFO | queue[0050] trial 22 fold 1 physics
2026-03-07 15:50:46,185 | 2111642 | INFO | queue[0051] trial 22 fold 2 physics
2026-03-07 15:50:46,185 | 2111642 | INFO | queue[0052] trial 22 fold 3 physics
2026-03-07 15:50:46,185 | 2111642 | INFO | queue[0053] trial 22 fold 4 physics
2026-03-07 15:50:46,185 | 2111642 | INFO | queue[0054] trial 22 fold 5 physics
2026-03-07 15:50:46,185 | 2111642 | INFO | [END BAYES QUEUE]
2026-03-07 15:54:16,319 | 2111642 | INFO | [TRIAL COMPLETE] trial 5 physics NSE_1D=0.88170 NSE_1H=0.85699
2026-03-07 15:54:16,605 | 2111642 | INFO | [ENQUEUE TRIAL] trial 23 physics
2026-03-07 15:54:16,605 | 2111642 | INFO | [BAYES QUEUE STATE]
2026-03-07 15:54:16,605 | 2111642 | INFO | pending_jobs = 45
2026-03-07 15:54:16,605 | 2111642 | INFO | inflight_trials = [0, 1, 2, 5, 6, 7, 8, 9, 10, 11, 12, 13, 14, 15, 16, 17, 18, 19, 20, 21, 22]
2026-03-07 15:54:16,606 | 2111642 | INFO | queue[0000] trial 15 fold 1 physics
2026-03-07 15:54:16,606 | 2111642 | INFO | queue[0001] trial 15 fold 2 physics
2026-03-07 15:54:16,606 | 2111642 | INFO | queue[0002] trial 15 fold 3 physics
2026-03-07 15:54:16,606 | 2111642 | INFO | queue[0003] trial 15 fold 4 physics
2026-03-07 15:54:16,606 | 2111642 | INFO | queue[0004] trial 15 fold 5 physics
2026-03-07 15:54:16,606 | 2111642 | INFO | queue[0005] trial 16 fold 1 physics
2026-03-07 15:54:16,606 | 2111642 | INFO | queue[0006] trial 16 fold 2 physics
2026-03-07 15:54:16,606 | 2111642 | INFO | queue[0007] trial 16 fold 3 physics
2026-03-07 15:54:16,606 | 2111642 | INFO | queue[0008] trial 16 fold 4 physics
2026-03-07 15:54:16,607 | 2111642 | INFO | queue[0009] trial 16 fold 5 physics
2026-03-07 15:54:16,607 | 2111642 | INFO | queue[0010] trial 17 fold 1 physics
2026-03-07 15:54:16,607 | 2111642 | INFO | queue[0011] trial 17 fold 2 physics
2026-03-07 15:54:16,607 | 2111642 | INFO | queue[0012] trial 17 fold 3 physics
2026-03-07 15:54:16,607 | 2111642 | INFO | queue[0013] trial 17 fold 4 physics
2026-03-07 15:54:16,607 | 2111642 | INFO | queue[0014] trial 17 fold 5 physics
2026-03-07 15:54:16,607 | 2111642 | INFO | queue[0015] trial 18 fold 1 physics
2026-03-07 15:54:16,607 | 2111642 | INFO | queue[0016] trial 18 fold 2 physics
2026-03-07 15:54:16,608 | 2111642 | INFO | queue[0017] trial 18 fold 3 physics
2026-03-07 15:54:16,608 | 2111642 | INFO | queue[0018] trial 18 fold 4 physics
2026-03-07 15:54:16,608 | 2111642 | INFO | queue[0019] trial 18 fold 5 physics
2026-03-07 15:54:16,608 | 2111642 | INFO | queue[0020] trial 19 fold 1 physics
2026-03-07 15:54:16,608 | 2111642 | INFO | queue[0021] trial 19 fold 2 physics
2026-03-07 15:54:16,608 | 2111642 | INFO | queue[0022] trial 19 fold 3 physics
2026-03-07 15:54:16,608 | 2111642 | INFO | queue[0023] trial 19 fold 4 physics
2026-03-07 15:54:16,608 | 2111642 | INFO | queue[0024] trial 19 fold 5 physics
2026-03-07 15:54:16,609 | 2111642 | INFO | queue[0025] trial 20 fold 1 physics
2026-03-07 15:54:16,609 | 2111642 | INFO | queue[0026] trial 20 fold 2 physics
2026-03-07 15:54:16,609 | 2111642 | INFO | queue[0027] trial 20 fold 3 physics
2026-03-07 15:54:16,609 | 2111642 | INFO | queue[0028] trial 20 fold 4 physics
2026-03-07 15:54:16,609 | 2111642 | INFO | queue[0029] trial 20 fold 5 physics
2026-03-07 15:54:16,609 | 2111642 | INFO | queue[0030] trial 21 fold 1 physics
2026-03-07 15:54:16,609 | 2111642 | INFO | queue[0031] trial 21 fold 2 physics
2026-03-07 15:54:16,609 | 2111642 | INFO | queue[0032] trial 21 fold 3 physics
2026-03-07 15:54:16,610 | 2111642 | INFO | queue[0033] trial 21 fold 4 physics
2026-03-07 15:54:16,610 | 2111642 | INFO | queue[0034] trial 21 fold 5 physics
2026-03-07 15:54:16,610 | 2111642 | INFO | queue[0035] trial 22 fold 1 physics
2026-03-07 15:54:16,610 | 2111642 | INFO | queue[0036] trial 22 fold 2 physics
2026-03-07 15:54:16,610 | 2111642 | INFO | queue[0037] trial 22 fold 3 physics
2026-03-07 15:54:16,610 | 2111642 | INFO | queue[0038] trial 22 fold 4 physics
2026-03-07 15:54:16,610 | 2111642 | INFO | queue[0039] trial 22 fold 5 physics
2026-03-07 15:54:16,610 | 2111642 | INFO | queue[0040] trial 23 fold 1 physics
2026-03-07 15:54:16,611 | 2111642 | INFO | queue[0041] trial 23 fold 2 physics
2026-03-07 15:54:16,611 | 2111642 | INFO | queue[0042] trial 23 fold 3 physics
2026-03-07 15:54:16,611 | 2111642 | INFO | queue[0043] trial 23 fold 4 physics
2026-03-07 15:54:16,611 | 2111642 | INFO | queue[0044] trial 23 fold 5 physics
2026-03-07 15:54:16,611 | 2111642 | INFO | [END BAYES QUEUE]
2026-03-07 15:54:16,886 | 2111642 | INFO | [ENQUEUE TRIAL] trial 24 physics
2026-03-07 15:54:16,886 | 2111642 | INFO | [BAYES QUEUE STATE]
2026-03-07 15:54:16,886 | 2111642 | INFO | pending_jobs = 50
2026-03-07 15:54:16,886 | 2111642 | INFO | inflight_trials = [0, 1, 2, 5, 6, 7, 8, 9, 10, 11, 12, 13, 14, 15, 16, 17, 18, 19, 20, 21, 22, 23]
2026-03-07 15:54:16,887 | 2111642 | INFO | queue[0000] trial 15 fold 1 physics
2026-03-07 15:54:16,887 | 2111642 | INFO | queue[0001] trial 15 fold 2 physics
2026-03-07 15:54:16,887 | 2111642 | INFO | queue[0002] trial 15 fold 3 physics
2026-03-07 15:54:16,887 | 2111642 | INFO | queue[0003] trial 15 fold 4 physics
2026-03-07 15:54:16,887 | 2111642 | INFO | queue[0004] trial 15 fold 5 physics
2026-03-07 15:54:16,887 | 2111642 | INFO | queue[0005] trial 16 fold 1 physics
2026-03-07 15:54:16,887 | 2111642 | INFO | queue[0006] trial 16 fold 2 physics
2026-03-07 15:54:16,888 | 2111642 | INFO | queue[0007] trial 16 fold 3 physics
2026-03-07 15:54:16,888 | 2111642 | INFO | queue[0008] trial 16 fold 4 physics
2026-03-07 15:54:16,888 | 2111642 | INFO | queue[0009] trial 16 fold 5 physics
2026-03-07 15:54:16,888 | 2111642 | INFO | queue[0010] trial 17 fold 1 physics
2026-03-07 15:54:16,888 | 2111642 | INFO | queue[0011] trial 17 fold 2 physics
2026-03-07 15:54:16,888 | 2111642 | INFO | queue[0012] trial 17 fold 3 physics
2026-03-07 15:54:16,888 | 2111642 | INFO | queue[0013] trial 17 fold 4 physics
2026-03-07 15:54:16,888 | 2111642 | INFO | queue[0014] trial 17 fold 5 physics
2026-03-07 15:54:16,889 | 2111642 | INFO | queue[0015] trial 18 fold 1 physics
2026-03-07 15:54:16,889 | 2111642 | INFO | queue[0016] trial 18 fold 2 physics
2026-03-07 15:54:16,889 | 2111642 | INFO | queue[0017] trial 18 fold 3 physics
2026-03-07 15:54:16,889 | 2111642 | INFO | queue[0018] trial 18 fold 4 physics
2026-03-07 15:54:16,889 | 2111642 | INFO | queue[0019] trial 18 fold 5 physics
2026-03-07 15:54:16,889 | 2111642 | INFO | queue[0020] trial 19 fold 1 physics
2026-03-07 15:54:16,889 | 2111642 | INFO | queue[0021] trial 19 fold 2 physics
2026-03-07 15:54:16,889 | 2111642 | INFO | queue[0022] trial 19 fold 3 physics
2026-03-07 15:54:16,890 | 2111642 | INFO | queue[0023] trial 19 fold 4 physics
2026-03-07 15:54:16,890 | 2111642 | INFO | queue[0024] trial 19 fold 5 physics
2026-03-07 15:54:16,890 | 2111642 | INFO | queue[0025] trial 20 fold 1 physics
2026-03-07 15:54:16,890 | 2111642 | INFO | queue[0026] trial 20 fold 2 physics
2026-03-07 15:54:16,890 | 2111642 | INFO | queue[0027] trial 20 fold 3 physics
2026-03-07 15:54:16,890 | 2111642 | INFO | queue[0028] trial 20 fold 4 physics
2026-03-07 15:54:16,890 | 2111642 | INFO | queue[0029] trial 20 fold 5 physics
2026-03-07 15:54:16,890 | 2111642 | INFO | queue[0030] trial 21 fold 1 physics
2026-03-07 15:54:16,891 | 2111642 | INFO | queue[0031] trial 21 fold 2 physics
2026-03-07 15:54:16,891 | 2111642 | INFO | queue[0032] trial 21 fold 3 physics
2026-03-07 15:54:16,891 | 2111642 | INFO | queue[0033] trial 21 fold 4 physics
2026-03-07 15:54:16,891 | 2111642 | INFO | queue[0034] trial 21 fold 5 physics
2026-03-07 15:54:16,891 | 2111642 | INFO | queue[0035] trial 22 fold 1 physics
2026-03-07 15:54:16,891 | 2111642 | INFO | queue[0036] trial 22 fold 2 physics
2026-03-07 15:54:16,891 | 2111642 | INFO | queue[0037] trial 22 fold 3 physics
2026-03-07 15:54:16,891 | 2111642 | INFO | queue[0038] trial 22 fold 4 physics
2026-03-07 15:54:16,892 | 2111642 | INFO | queue[0039] trial 22 fold 5 physics
2026-03-07 15:54:16,892 | 2111642 | INFO | queue[0040] trial 23 fold 1 physics
2026-03-07 15:54:16,892 | 2111642 | INFO | queue[0041] trial 23 fold 2 physics
2026-03-07 15:54:16,892 | 2111642 | INFO | queue[0042] trial 23 fold 3 physics
2026-03-07 15:54:16,892 | 2111642 | INFO | queue[0043] trial 23 fold 4 physics
2026-03-07 15:54:16,892 | 2111642 | INFO | queue[0044] trial 23 fold 5 physics
2026-03-07 15:54:16,892 | 2111642 | INFO | queue[0045] trial 24 fold 1 physics
2026-03-07 15:54:16,892 | 2111642 | INFO | queue[0046] trial 24 fold 2 physics
2026-03-07 15:54:16,893 | 2111642 | INFO | queue[0047] trial 24 fold 3 physics
2026-03-07 15:54:16,893 | 2111642 | INFO | queue[0048] trial 24 fold 4 physics
2026-03-07 15:54:16,893 | 2111642 | INFO | queue[0049] trial 24 fold 5 physics
2026-03-07 15:54:16,893 | 2111642 | INFO | [END BAYES QUEUE]
2026-03-07 15:54:17,179 | 2111642 | INFO | [ENQUEUE TRIAL] trial 25 physics
2026-03-07 15:54:17,179 | 2111642 | INFO | [BAYES QUEUE STATE]
2026-03-07 15:54:17,179 | 2111642 | INFO | pending_jobs = 55
2026-03-07 15:54:17,179 | 2111642 | INFO | inflight_trials = [0, 1, 2, 5, 6, 7, 8, 9, 10, 11, 12, 13, 14, 15, 16, 17, 18, 19, 20, 21, 22, 23, 24]
2026-03-07 15:54:17,179 | 2111642 | INFO | queue[0000] trial 15 fold 1 physics
2026-03-07 15:54:17,180 | 2111642 | INFO | queue[0001] trial 15 fold 2 physics
2026-03-07 15:54:17,180 | 2111642 | INFO | queue[0002] trial 15 fold 3 physics
2026-03-07 15:54:17,180 | 2111642 | INFO | queue[0003] trial 15 fold 4 physics
2026-03-07 15:54:17,180 | 2111642 | INFO | queue[0004] trial 15 fold 5 physics
2026-03-07 15:54:17,180 | 2111642 | INFO | queue[0005] trial 16 fold 1 physics
2026-03-07 15:54:17,180 | 2111642 | INFO | queue[0006] trial 16 fold 2 physics
2026-03-07 15:54:17,180 | 2111642 | INFO | queue[0007] trial 16 fold 3 physics
2026-03-07 15:54:17,180 | 2111642 | INFO | queue[0008] trial 16 fold 4 physics
2026-03-07 15:54:17,181 | 2111642 | INFO | queue[0009] trial 16 fold 5 physics
2026-03-07 15:54:17,181 | 2111642 | INFO | queue[0010] trial 17 fold 1 physics
2026-03-07 15:54:17,181 | 2111642 | INFO | queue[0011] trial 17 fold 2 physics
2026-03-07 15:54:17,181 | 2111642 | INFO | queue[0012] trial 17 fold 3 physics
2026-03-07 15:54:17,181 | 2111642 | INFO | queue[0013] trial 17 fold 4 physics
2026-03-07 15:54:17,181 | 2111642 | INFO | queue[0014] trial 17 fold 5 physics
2026-03-07 15:54:17,181 | 2111642 | INFO | queue[0015] trial 18 fold 1 physics
2026-03-07 15:54:17,181 | 2111642 | INFO | queue[0016] trial 18 fold 2 physics
2026-03-07 15:54:17,181 | 2111642 | INFO | queue[0017] trial 18 fold 3 physics
2026-03-07 15:54:17,182 | 2111642 | INFO | queue[0018] trial 18 fold 4 physics
2026-03-07 15:54:17,182 | 2111642 | INFO | queue[0019] trial 18 fold 5 physics
2026-03-07 15:54:17,182 | 2111642 | INFO | queue[0020] trial 19 fold 1 physics
2026-03-07 15:54:17,182 | 2111642 | INFO | queue[0021] trial 19 fold 2 physics
2026-03-07 15:54:17,182 | 2111642 | INFO | queue[0022] trial 19 fold 3 physics
2026-03-07 15:54:17,182 | 2111642 | INFO | queue[0023] trial 19 fold 4 physics
2026-03-07 15:54:17,182 | 2111642 | INFO | queue[0024] trial 19 fold 5 physics
2026-03-07 15:54:17,182 | 2111642 | INFO | queue[0025] trial 20 fold 1 physics
2026-03-07 15:54:17,182 | 2111642 | INFO | queue[0026] trial 20 fold 2 physics
2026-03-07 15:54:17,183 | 2111642 | INFO | queue[0027] trial 20 fold 3 physics
2026-03-07 15:54:17,183 | 2111642 | INFO | queue[0028] trial 20 fold 4 physics
2026-03-07 15:54:17,183 | 2111642 | INFO | queue[0029] trial 20 fold 5 physics
2026-03-07 15:54:17,183 | 2111642 | INFO | queue[0030] trial 21 fold 1 physics
2026-03-07 15:54:17,183 | 2111642 | INFO | queue[0031] trial 21 fold 2 physics
2026-03-07 15:54:17,183 | 2111642 | INFO | queue[0032] trial 21 fold 3 physics
2026-03-07 15:54:17,183 | 2111642 | INFO | queue[0033] trial 21 fold 4 physics
2026-03-07 15:54:17,183 | 2111642 | INFO | queue[0034] trial 21 fold 5 physics
2026-03-07 15:54:17,183 | 2111642 | INFO | queue[0035] trial 22 fold 1 physics
2026-03-07 15:54:17,184 | 2111642 | INFO | queue[0036] trial 22 fold 2 physics
2026-03-07 15:54:17,184 | 2111642 | INFO | queue[0037] trial 22 fold 3 physics
2026-03-07 15:54:17,184 | 2111642 | INFO | queue[0038] trial 22 fold 4 physics
2026-03-07 15:54:17,184 | 2111642 | INFO | queue[0039] trial 22 fold 5 physics
2026-03-07 15:54:17,184 | 2111642 | INFO | queue[0040] trial 23 fold 1 physics
2026-03-07 15:54:17,184 | 2111642 | INFO | queue[0041] trial 23 fold 2 physics
2026-03-07 15:54:17,184 | 2111642 | INFO | queue[0042] trial 23 fold 3 physics
2026-03-07 15:54:17,184 | 2111642 | INFO | queue[0043] trial 23 fold 4 physics
2026-03-07 15:54:17,185 | 2111642 | INFO | queue[0044] trial 23 fold 5 physics
2026-03-07 15:54:17,185 | 2111642 | INFO | queue[0045] trial 24 fold 1 physics
2026-03-07 15:54:17,185 | 2111642 | INFO | queue[0046] trial 24 fold 2 physics
2026-03-07 15:54:17,185 | 2111642 | INFO | queue[0047] trial 24 fold 3 physics
2026-03-07 15:54:17,185 | 2111642 | INFO | queue[0048] trial 24 fold 4 physics
2026-03-07 15:54:17,185 | 2111642 | INFO | queue[0049] trial 24 fold 5 physics
2026-03-07 15:54:17,185 | 2111642 | INFO | queue[0050] trial 25 fold 1 physics
2026-03-07 15:54:17,185 | 2111642 | INFO | queue[0051] trial 25 fold 2 physics
2026-03-07 15:54:17,185 | 2111642 | INFO | queue[0052] trial 25 fold 3 physics
2026-03-07 15:54:17,186 | 2111642 | INFO | queue[0053] trial 25 fold 4 physics
2026-03-07 15:54:17,186 | 2111642 | INFO | queue[0054] trial 25 fold 5 physics
2026-03-07 15:54:17,186 | 2111642 | INFO | [END BAYES QUEUE]
2026-03-07 15:54:39,050 | 2111642 | INFO | [TRIAL COMPLETE] trial 7 physics NSE_1D=0.86785 NSE_1H=0.87726
2026-03-07 16:10:24,372 | 2111642 | INFO | [TRIAL COMPLETE] trial 11 physics NSE_1D=0.82192 NSE_1H=0.84891
2026-03-07 16:10:24,661 | 2111642 | INFO | [ENQUEUE TRIAL] trial 26 physics
2026-03-07 16:10:24,662 | 2111642 | INFO | [BAYES QUEUE STATE]
2026-03-07 16:10:24,662 | 2111642 | INFO | pending_jobs = 51
2026-03-07 16:10:24,663 | 2111642 | INFO | inflight_trials = [0, 1, 2, 5, 7, 8, 9, 11, 12, 13, 14, 15, 16, 17, 18, 19, 20, 21, 22, 23, 24, 25]
2026-03-07 16:10:24,663 | 2111642 | INFO | queue[0000] trial 16 fold 5 physics
2026-03-07 16:10:24,664 | 2111642 | INFO | queue[0001] trial 17 fold 1 physics
2026-03-07 16:10:24,664 | 2111642 | INFO | queue[0002] trial 17 fold 2 physics
2026-03-07 16:10:24,664 | 2111642 | INFO | queue[0003] trial 17 fold 3 physics
2026-03-07 16:10:24,665 | 2111642 | INFO | queue[0004] trial 17 fold 4 physics
2026-03-07 16:10:24,665 | 2111642 | INFO | queue[0005] trial 17 fold 5 physics
2026-03-07 16:10:24,665 | 2111642 | INFO | queue[0006] trial 18 fold 1 physics
2026-03-07 16:10:24,666 | 2111642 | INFO | queue[0007] trial 18 fold 2 physics
2026-03-07 16:10:24,666 | 2111642 | INFO | queue[0008] trial 18 fold 3 physics
2026-03-07 16:10:24,666 | 2111642 | INFO | queue[0009] trial 18 fold 4 physics
2026-03-07 16:10:24,667 | 2111642 | INFO | queue[0010] trial 18 fold 5 physics
2026-03-07 16:10:24,667 | 2111642 | INFO | queue[0011] trial 19 fold 1 physics
2026-03-07 16:10:24,667 | 2111642 | INFO | queue[0012] trial 19 fold 2 physics
2026-03-07 16:10:24,668 | 2111642 | INFO | queue[0013] trial 19 fold 3 physics
2026-03-07 16:10:24,668 | 2111642 | INFO | queue[0014] trial 19 fold 4 physics
2026-03-07 16:10:24,668 | 2111642 | INFO | queue[0015] trial 19 fold 5 physics
2026-03-07 16:10:24,669 | 2111642 | INFO | queue[0016] trial 20 fold 1 physics
2026-03-07 16:10:24,669 | 2111642 | INFO | queue[0017] trial 20 fold 2 physics
2026-03-07 16:10:24,669 | 2111642 | INFO | queue[0018] trial 20 fold 3 physics
2026-03-07 16:10:24,670 | 2111642 | INFO | queue[0019] trial 20 fold 4 physics
2026-03-07 16:10:24,670 | 2111642 | INFO | queue[0020] trial 20 fold 5 physics
2026-03-07 16:10:24,670 | 2111642 | INFO | queue[0021] trial 21 fold 1 physics
2026-03-07 16:10:24,671 | 2111642 | INFO | queue[0022] trial 21 fold 2 physics
2026-03-07 16:10:24,671 | 2111642 | INFO | queue[0023] trial 21 fold 3 physics
2026-03-07 16:10:24,671 | 2111642 | INFO | queue[0024] trial 21 fold 4 physics
2026-03-07 16:10:24,672 | 2111642 | INFO | queue[0025] trial 21 fold 5 physics
2026-03-07 16:10:24,672 | 2111642 | INFO | queue[0026] trial 22 fold 1 physics
2026-03-07 16:10:24,672 | 2111642 | INFO | queue[0027] trial 22 fold 2 physics
2026-03-07 16:10:24,672 | 2111642 | INFO | queue[0028] trial 22 fold 3 physics
2026-03-07 16:10:24,672 | 2111642 | INFO | queue[0029] trial 22 fold 4 physics
2026-03-07 16:10:24,672 | 2111642 | INFO | queue[0030] trial 22 fold 5 physics
2026-03-07 16:10:24,673 | 2111642 | INFO | queue[0031] trial 23 fold 1 physics
2026-03-07 16:10:24,673 | 2111642 | INFO | queue[0032] trial 23 fold 2 physics
2026-03-07 16:10:24,673 | 2111642 | INFO | queue[0033] trial 23 fold 3 physics
2026-03-07 16:10:24,673 | 2111642 | INFO | queue[0034] trial 23 fold 4 physics
2026-03-07 16:10:24,673 | 2111642 | INFO | queue[0035] trial 23 fold 5 physics
2026-03-07 16:10:24,673 | 2111642 | INFO | queue[0036] trial 24 fold 1 physics
2026-03-07 16:10:24,673 | 2111642 | INFO | queue[0037] trial 24 fold 2 physics
2026-03-07 16:10:24,674 | 2111642 | INFO | queue[0038] trial 24 fold 3 physics
2026-03-07 16:10:24,674 | 2111642 | INFO | queue[0039] trial 24 fold 4 physics
2026-03-07 16:10:24,674 | 2111642 | INFO | queue[0040] trial 24 fold 5 physics
2026-03-07 16:10:24,674 | 2111642 | INFO | queue[0041] trial 25 fold 1 physics
2026-03-07 16:10:24,674 | 2111642 | INFO | queue[0042] trial 25 fold 2 physics
2026-03-07 16:10:24,674 | 2111642 | INFO | queue[0043] trial 25 fold 3 physics
2026-03-07 16:10:24,674 | 2111642 | INFO | queue[0044] trial 25 fold 4 physics
2026-03-07 16:10:24,675 | 2111642 | INFO | queue[0045] trial 25 fold 5 physics
2026-03-07 16:10:24,675 | 2111642 | INFO | queue[0046] trial 26 fold 1 physics
2026-03-07 16:10:24,675 | 2111642 | INFO | queue[0047] trial 26 fold 2 physics
2026-03-07 16:10:24,675 | 2111642 | INFO | queue[0048] trial 26 fold 3 physics
2026-03-07 16:10:24,675 | 2111642 | INFO | queue[0049] trial 26 fold 4 physics
2026-03-07 16:10:24,675 | 2111642 | INFO | queue[0050] trial 26 fold 5 physics
2026-03-07 16:10:24,675 | 2111642 | INFO | [END BAYES QUEUE]
2026-03-07 16:58:27,939 | 2111642 | INFO | [TRIAL COMPLETE] trial 6 physics NSE_1D=0.87412 NSE_1H=0.87527
2026-03-07 16:58:28,233 | 2111642 | INFO | [ENQUEUE TRIAL] trial 27 physics
2026-03-07 16:58:28,234 | 2111642 | INFO | [BAYES QUEUE STATE]
2026-03-07 16:58:28,235 | 2111642 | INFO | pending_jobs = 37
2026-03-07 16:58:28,235 | 2111642 | INFO | inflight_trials = [0, 1, 2, 7, 8, 9, 11, 12, 13, 14, 15, 16, 17, 18, 19, 20, 21, 22, 23, 24, 25, 26]
2026-03-07 16:58:28,236 | 2111642 | INFO | queue[0000] trial 20 fold 4 physics
2026-03-07 16:58:28,236 | 2111642 | INFO | queue[0001] trial 20 fold 5 physics
2026-03-07 16:58:28,236 | 2111642 | INFO | queue[0002] trial 21 fold 1 physics
2026-03-07 16:58:28,237 | 2111642 | INFO | queue[0003] trial 21 fold 2 physics
2026-03-07 16:58:28,237 | 2111642 | INFO | queue[0004] trial 21 fold 3 physics
2026-03-07 16:58:28,237 | 2111642 | INFO | queue[0005] trial 21 fold 4 physics
2026-03-07 16:58:28,238 | 2111642 | INFO | queue[0006] trial 21 fold 5 physics
2026-03-07 16:58:28,238 | 2111642 | INFO | queue[0007] trial 22 fold 1 physics
2026-03-07 16:58:28,238 | 2111642 | INFO | queue[0008] trial 22 fold 2 physics
2026-03-07 16:58:28,239 | 2111642 | INFO | queue[0009] trial 22 fold 3 physics
2026-03-07 16:58:28,239 | 2111642 | INFO | queue[0010] trial 22 fold 4 physics
2026-03-07 16:58:28,239 | 2111642 | INFO | queue[0011] trial 22 fold 5 physics
2026-03-07 16:58:28,240 | 2111642 | INFO | queue[0012] trial 23 fold 1 physics
2026-03-07 16:58:28,240 | 2111642 | INFO | queue[0013] trial 23 fold 2 physics
2026-03-07 16:58:28,240 | 2111642 | INFO | queue[0014] trial 23 fold 3 physics
2026-03-07 16:58:28,241 | 2111642 | INFO | queue[0015] trial 23 fold 4 physics
2026-03-07 16:58:28,241 | 2111642 | INFO | queue[0016] trial 23 fold 5 physics
2026-03-07 16:58:28,241 | 2111642 | INFO | queue[0017] trial 24 fold 1 physics
2026-03-07 16:58:28,241 | 2111642 | INFO | queue[0018] trial 24 fold 2 physics
2026-03-07 16:58:28,241 | 2111642 | INFO | queue[0019] trial 24 fold 3 physics
2026-03-07 16:58:28,241 | 2111642 | INFO | queue[0020] trial 24 fold 4 physics
2026-03-07 16:58:28,241 | 2111642 | INFO | queue[0021] trial 24 fold 5 physics
2026-03-07 16:58:28,242 | 2111642 | INFO | queue[0022] trial 25 fold 1 physics
2026-03-07 16:58:28,242 | 2111642 | INFO | queue[0023] trial 25 fold 2 physics
2026-03-07 16:58:28,242 | 2111642 | INFO | queue[0024] trial 25 fold 3 physics
2026-03-07 16:58:28,242 | 2111642 | INFO | queue[0025] trial 25 fold 4 physics
2026-03-07 16:58:28,242 | 2111642 | INFO | queue[0026] trial 25 fold 5 physics
2026-03-07 16:58:28,242 | 2111642 | INFO | queue[0027] trial 26 fold 1 physics
2026-03-07 16:58:28,242 | 2111642 | INFO | queue[0028] trial 26 fold 2 physics
2026-03-07 16:58:28,243 | 2111642 | INFO | queue[0029] trial 26 fold 3 physics
2026-03-07 16:58:28,243 | 2111642 | INFO | queue[0030] trial 26 fold 4 physics
2026-03-07 16:58:28,243 | 2111642 | INFO | queue[0031] trial 26 fold 5 physics
2026-03-07 16:58:28,243 | 2111642 | INFO | queue[0032] trial 27 fold 1 physics
2026-03-07 16:58:28,243 | 2111642 | INFO | queue[0033] trial 27 fold 2 physics
2026-03-07 16:58:28,243 | 2111642 | INFO | queue[0034] trial 27 fold 3 physics
2026-03-07 16:58:28,244 | 2111642 | INFO | queue[0035] trial 27 fold 4 physics
2026-03-07 16:58:28,244 | 2111642 | INFO | queue[0036] trial 27 fold 5 physics
2026-03-07 16:58:28,244 | 2111642 | INFO | [END BAYES QUEUE]
2026-03-07 16:58:28,523 | 2111642 | INFO | [ENQUEUE TRIAL] trial 28 physics
2026-03-07 16:58:28,523 | 2111642 | INFO | [BAYES QUEUE STATE]
2026-03-07 16:58:28,524 | 2111642 | INFO | pending_jobs = 42
2026-03-07 16:58:28,524 | 2111642 | INFO | inflight_trials = [0, 1, 2, 7, 8, 9, 11, 12, 13, 14, 15, 16, 17, 18, 19, 20, 21, 22, 23, 24, 25, 26, 27]
2026-03-07 16:58:28,524 | 2111642 | INFO | queue[0000] trial 20 fold 4 physics
2026-03-07 16:58:28,525 | 2111642 | INFO | queue[0001] trial 20 fold 5 physics
2026-03-07 16:58:28,525 | 2111642 | INFO | queue[0002] trial 21 fold 1 physics
2026-03-07 16:58:28,525 | 2111642 | INFO | queue[0003] trial 21 fold 2 physics
2026-03-07 16:58:28,526 | 2111642 | INFO | queue[0004] trial 21 fold 3 physics
2026-03-07 16:58:28,526 | 2111642 | INFO | queue[0005] trial 21 fold 4 physics
2026-03-07 16:58:28,526 | 2111642 | INFO | queue[0006] trial 21 fold 5 physics
2026-03-07 16:58:28,526 | 2111642 | INFO | queue[0007] trial 22 fold 1 physics
2026-03-07 16:58:28,527 | 2111642 | INFO | queue[0008] trial 22 fold 2 physics
2026-03-07 16:58:28,527 | 2111642 | INFO | queue[0009] trial 22 fold 3 physics
2026-03-07 16:58:28,527 | 2111642 | INFO | queue[0010] trial 22 fold 4 physics
2026-03-07 16:58:28,527 | 2111642 | INFO | queue[0011] trial 22 fold 5 physics
2026-03-07 16:58:28,528 | 2111642 | INFO | queue[0012] trial 23 fold 1 physics
2026-03-07 16:58:28,528 | 2111642 | INFO | queue[0013] trial 23 fold 2 physics
2026-03-07 16:58:28,528 | 2111642 | INFO | queue[0014] trial 23 fold 3 physics
2026-03-07 16:58:28,528 | 2111642 | INFO | queue[0015] trial 23 fold 4 physics
2026-03-07 16:58:28,529 | 2111642 | INFO | queue[0016] trial 23 fold 5 physics
2026-03-07 16:58:28,529 | 2111642 | INFO | queue[0017] trial 24 fold 1 physics
2026-03-07 16:58:28,529 | 2111642 | INFO | queue[0018] trial 24 fold 2 physics
2026-03-07 16:58:28,529 | 2111642 | INFO | queue[0019] trial 24 fold 3 physics
2026-03-07 16:58:28,529 | 2111642 | INFO | queue[0020] trial 24 fold 4 physics
2026-03-07 16:58:28,530 | 2111642 | INFO | queue[0021] trial 24 fold 5 physics
2026-03-07 16:58:28,530 | 2111642 | INFO | queue[0022] trial 25 fold 1 physics
2026-03-07 16:58:28,530 | 2111642 | INFO | queue[0023] trial 25 fold 2 physics
2026-03-07 16:58:28,530 | 2111642 | INFO | queue[0024] trial 25 fold 3 physics
2026-03-07 16:58:28,531 | 2111642 | INFO | queue[0025] trial 25 fold 4 physics
2026-03-07 16:58:28,531 | 2111642 | INFO | queue[0026] trial 25 fold 5 physics
2026-03-07 16:58:28,531 | 2111642 | INFO | queue[0027] trial 26 fold 1 physics
2026-03-07 16:58:28,531 | 2111642 | INFO | queue[0028] trial 26 fold 2 physics
2026-03-07 16:58:28,532 | 2111642 | INFO | queue[0029] trial 26 fold 3 physics
2026-03-07 16:58:28,532 | 2111642 | INFO | queue[0030] trial 26 fold 4 physics
2026-03-07 16:58:28,532 | 2111642 | INFO | queue[0031] trial 26 fold 5 physics
2026-03-07 16:58:28,532 | 2111642 | INFO | queue[0032] trial 27 fold 1 physics
2026-03-07 16:58:28,533 | 2111642 | INFO | queue[0033] trial 27 fold 2 physics
2026-03-07 16:58:28,533 | 2111642 | INFO | queue[0034] trial 27 fold 3 physics
2026-03-07 16:58:28,533 | 2111642 | INFO | queue[0035] trial 27 fold 4 physics
2026-03-07 16:58:28,533 | 2111642 | INFO | queue[0036] trial 27 fold 5 physics
2026-03-07 16:58:28,533 | 2111642 | INFO | queue[0037] trial 28 fold 1 physics
2026-03-07 16:58:28,534 | 2111642 | INFO | queue[0038] trial 28 fold 2 physics
2026-03-07 16:58:28,534 | 2111642 | INFO | queue[0039] trial 28 fold 3 physics
2026-03-07 16:58:28,534 | 2111642 | INFO | queue[0040] trial 28 fold 4 physics
2026-03-07 16:58:28,534 | 2111642 | INFO | queue[0041] trial 28 fold 5 physics
2026-03-07 16:58:28,534 | 2111642 | INFO | [END BAYES QUEUE]
2026-03-07 16:58:28,816 | 2111642 | INFO | [ENQUEUE TRIAL] trial 29 physics
2026-03-07 16:58:28,819 | 2111642 | INFO | [BAYES QUEUE STATE]
2026-03-07 16:58:28,820 | 2111642 | INFO | pending_jobs = 47
2026-03-07 16:58:28,820 | 2111642 | INFO | inflight_trials = [0, 1, 2, 7, 8, 9, 11, 12, 13, 14, 15, 16, 17, 18, 19, 20, 21, 22, 23, 24, 25, 26, 27, 28]
2026-03-07 16:58:28,821 | 2111642 | INFO | queue[0000] trial 20 fold 4 physics
2026-03-07 16:58:28,821 | 2111642 | INFO | queue[0001] trial 20 fold 5 physics
2026-03-07 16:58:28,821 | 2111642 | INFO | queue[0002] trial 21 fold 1 physics
2026-03-07 16:58:28,821 | 2111642 | INFO | queue[0003] trial 21 fold 2 physics
2026-03-07 16:58:28,822 | 2111642 | INFO | queue[0004] trial 21 fold 3 physics
2026-03-07 16:58:28,822 | 2111642 | INFO | queue[0005] trial 21 fold 4 physics
2026-03-07 16:58:28,822 | 2111642 | INFO | queue[0006] trial 21 fold 5 physics
2026-03-07 16:58:28,823 | 2111642 | INFO | queue[0007] trial 22 fold 1 physics
2026-03-07 16:58:28,823 | 2111642 | INFO | queue[0008] trial 22 fold 2 physics
2026-03-07 16:58:28,823 | 2111642 | INFO | queue[0009] trial 22 fold 3 physics
2026-03-07 16:58:28,824 | 2111642 | INFO | queue[0010] trial 22 fold 4 physics
2026-03-07 16:58:28,824 | 2111642 | INFO | queue[0011] trial 22 fold 5 physics
2026-03-07 16:58:28,824 | 2111642 | INFO | queue[0012] trial 23 fold 1 physics
2026-03-07 16:58:28,825 | 2111642 | INFO | queue[0013] trial 23 fold 2 physics
2026-03-07 16:58:28,825 | 2111642 | INFO | queue[0014] trial 23 fold 3 physics
2026-03-07 16:58:28,825 | 2111642 | INFO | queue[0015] trial 23 fold 4 physics
2026-03-07 16:58:28,826 | 2111642 | INFO | queue[0016] trial 23 fold 5 physics
2026-03-07 16:58:28,826 | 2111642 | INFO | queue[0017] trial 24 fold 1 physics
2026-03-07 16:58:28,826 | 2111642 | INFO | queue[0018] trial 24 fold 2 physics
2026-03-07 16:58:28,827 | 2111642 | INFO | queue[0019] trial 24 fold 3 physics
2026-03-07 16:58:28,827 | 2111642 | INFO | queue[0020] trial 24 fold 4 physics
2026-03-07 16:58:28,827 | 2111642 | INFO | queue[0021] trial 24 fold 5 physics
2026-03-07 16:58:28,828 | 2111642 | INFO | queue[0022] trial 25 fold 1 physics
2026-03-07 16:58:28,828 | 2111642 | INFO | queue[0023] trial 25 fold 2 physics
2026-03-07 16:58:28,828 | 2111642 | INFO | queue[0024] trial 25 fold 3 physics
2026-03-07 16:58:28,828 | 2111642 | INFO | queue[0025] trial 25 fold 4 physics
2026-03-07 16:58:28,829 | 2111642 | INFO | queue[0026] trial 25 fold 5 physics
2026-03-07 16:58:28,829 | 2111642 | INFO | queue[0027] trial 26 fold 1 physics
2026-03-07 16:58:28,829 | 2111642 | INFO | queue[0028] trial 26 fold 2 physics
2026-03-07 16:58:28,829 | 2111642 | INFO | queue[0029] trial 26 fold 3 physics
2026-03-07 16:58:28,829 | 2111642 | INFO | queue[0030] trial 26 fold 4 physics
2026-03-07 16:58:28,829 | 2111642 | INFO | queue[0031] trial 26 fold 5 physics
2026-03-07 16:58:28,830 | 2111642 | INFO | queue[0032] trial 27 fold 1 physics
2026-03-07 16:58:28,830 | 2111642 | INFO | queue[0033] trial 27 fold 2 physics
2026-03-07 16:58:28,830 | 2111642 | INFO | queue[0034] trial 27 fold 3 physics
2026-03-07 16:58:28,830 | 2111642 | INFO | queue[0035] trial 27 fold 4 physics
2026-03-07 16:58:28,830 | 2111642 | INFO | queue[0036] trial 27 fold 5 physics
2026-03-07 16:58:28,830 | 2111642 | INFO | queue[0037] trial 28 fold 1 physics
2026-03-07 16:58:28,830 | 2111642 | INFO | queue[0038] trial 28 fold 2 physics
2026-03-07 16:58:28,830 | 2111642 | INFO | queue[0039] trial 28 fold 3 physics
2026-03-07 16:58:28,831 | 2111642 | INFO | queue[0040] trial 28 fold 4 physics
2026-03-07 16:58:28,831 | 2111642 | INFO | queue[0041] trial 28 fold 5 physics
2026-03-07 16:58:28,831 | 2111642 | INFO | queue[0042] trial 29 fold 1 physics
2026-03-07 16:58:28,831 | 2111642 | INFO | queue[0043] trial 29 fold 2 physics
2026-03-07 16:58:28,831 | 2111642 | INFO | queue[0044] trial 29 fold 3 physics
2026-03-07 16:58:28,831 | 2111642 | INFO | queue[0045] trial 29 fold 4 physics
2026-03-07 16:58:28,831 | 2111642 | INFO | queue[0046] trial 29 fold 5 physics
2026-03-07 16:58:28,832 | 2111642 | INFO | [END BAYES QUEUE]
2026-03-07 16:58:29,128 | 2111642 | INFO | [ENQUEUE TRIAL] trial 30 physics
2026-03-07 16:58:29,135 | 2111642 | INFO | [BAYES QUEUE STATE]
2026-03-07 16:58:29,135 | 2111642 | INFO | pending_jobs = 52
2026-03-07 16:58:29,136 | 2111642 | INFO | inflight_trials = [0, 1, 2, 7, 8, 9, 11, 12, 13, 14, 15, 16, 17, 18, 19, 20, 21, 22, 23, 24, 25, 26, 27, 28, 29]
2026-03-07 16:58:29,136 | 2111642 | INFO | queue[0000] trial 20 fold 4 physics
2026-03-07 16:58:29,136 | 2111642 | INFO | queue[0001] trial 20 fold 5 physics
2026-03-07 16:58:29,137 | 2111642 | INFO | queue[0002] trial 21 fold 1 physics
2026-03-07 16:58:29,137 | 2111642 | INFO | queue[0003] trial 21 fold 2 physics
2026-03-07 16:58:29,137 | 2111642 | INFO | queue[0004] trial 21 fold 3 physics
2026-03-07 16:58:29,138 | 2111642 | INFO | queue[0005] trial 21 fold 4 physics
2026-03-07 16:58:29,138 | 2111642 | INFO | queue[0006] trial 21 fold 5 physics
2026-03-07 16:58:29,138 | 2111642 | INFO | queue[0007] trial 22 fold 1 physics
2026-03-07 16:58:29,139 | 2111642 | INFO | queue[0008] trial 22 fold 2 physics
2026-03-07 16:58:29,139 | 2111642 | INFO | queue[0009] trial 22 fold 3 physics
2026-03-07 16:58:29,139 | 2111642 | INFO | queue[0010] trial 22 fold 4 physics
2026-03-07 16:58:29,139 | 2111642 | INFO | queue[0011] trial 22 fold 5 physics
2026-03-07 16:58:29,140 | 2111642 | INFO | queue[0012] trial 23 fold 1 physics
2026-03-07 16:58:29,140 | 2111642 | INFO | queue[0013] trial 23 fold 2 physics
2026-03-07 16:58:29,140 | 2111642 | INFO | queue[0014] trial 23 fold 3 physics
2026-03-07 16:58:29,140 | 2111642 | INFO | queue[0015] trial 23 fold 4 physics
2026-03-07 16:58:29,141 | 2111642 | INFO | queue[0016] trial 23 fold 5 physics
2026-03-07 16:58:29,141 | 2111642 | INFO | queue[0017] trial 24 fold 1 physics
2026-03-07 16:58:29,141 | 2111642 | INFO | queue[0018] trial 24 fold 2 physics
2026-03-07 16:58:29,141 | 2111642 | INFO | queue[0019] trial 24 fold 3 physics
2026-03-07 16:58:29,142 | 2111642 | INFO | queue[0020] trial 24 fold 4 physics
2026-03-07 16:58:29,142 | 2111642 | INFO | queue[0021] trial 24 fold 5 physics
2026-03-07 16:58:29,142 | 2111642 | INFO | queue[0022] trial 25 fold 1 physics
2026-03-07 16:58:29,142 | 2111642 | INFO | queue[0023] trial 25 fold 2 physics
2026-03-07 16:58:29,143 | 2111642 | INFO | queue[0024] trial 25 fold 3 physics
2026-03-07 16:58:29,143 | 2111642 | INFO | queue[0025] trial 25 fold 4 physics
2026-03-07 16:58:29,143 | 2111642 | INFO | queue[0026] trial 25 fold 5 physics
2026-03-07 16:58:29,144 | 2111642 | INFO | queue[0027] trial 26 fold 1 physics
2026-03-07 16:58:29,144 | 2111642 | INFO | queue[0028] trial 26 fold 2 physics
2026-03-07 16:58:29,144 | 2111642 | INFO | queue[0029] trial 26 fold 3 physics
2026-03-07 16:58:29,144 | 2111642 | INFO | queue[0030] trial 26 fold 4 physics
2026-03-07 16:58:29,145 | 2111642 | INFO | queue[0031] trial 26 fold 5 physics
2026-03-07 16:58:29,145 | 2111642 | INFO | queue[0032] trial 27 fold 1 physics
2026-03-07 16:58:29,145 | 2111642 | INFO | queue[0033] trial 27 fold 2 physics
2026-03-07 16:58:29,145 | 2111642 | INFO | queue[0034] trial 27 fold 3 physics
2026-03-07 16:58:29,146 | 2111642 | INFO | queue[0035] trial 27 fold 4 physics
2026-03-07 16:58:29,146 | 2111642 | INFO | queue[0036] trial 27 fold 5 physics
2026-03-07 16:58:29,146 | 2111642 | INFO | queue[0037] trial 28 fold 1 physics
2026-03-07 16:58:29,146 | 2111642 | INFO | queue[0038] trial 28 fold 2 physics
2026-03-07 16:58:29,146 | 2111642 | INFO | queue[0039] trial 28 fold 3 physics
2026-03-07 16:58:29,146 | 2111642 | INFO | queue[0040] trial 28 fold 4 physics
2026-03-07 16:58:29,147 | 2111642 | INFO | queue[0041] trial 28 fold 5 physics
2026-03-07 16:58:29,147 | 2111642 | INFO | queue[0042] trial 29 fold 1 physics
2026-03-07 16:58:29,147 | 2111642 | INFO | queue[0043] trial 29 fold 2 physics
2026-03-07 16:58:29,147 | 2111642 | INFO | queue[0044] trial 29 fold 3 physics
2026-03-07 16:58:29,147 | 2111642 | INFO | queue[0045] trial 29 fold 4 physics
2026-03-07 16:58:29,147 | 2111642 | INFO | queue[0046] trial 29 fold 5 physics
2026-03-07 16:58:29,147 | 2111642 | INFO | queue[0047] trial 30 fold 1 physics
2026-03-07 16:58:29,147 | 2111642 | INFO | queue[0048] trial 30 fold 2 physics
2026-03-07 16:58:29,148 | 2111642 | INFO | queue[0049] trial 30 fold 3 physics
2026-03-07 16:58:29,148 | 2111642 | INFO | queue[0050] trial 30 fold 4 physics
2026-03-07 16:58:29,148 | 2111642 | INFO | queue[0051] trial 30 fold 5 physics
2026-03-07 16:58:29,148 | 2111642 | INFO | [END BAYES QUEUE]
2026-03-07 17:00:09,939 | 2111642 | INFO | [TRIAL COMPLETE] trial 15 physics NSE_1D=0.83201 NSE_1H=0.80966
2026-03-07 17:00:10,238 | 2111642 | INFO | [ENQUEUE TRIAL] trial 31 physics
2026-03-07 17:00:10,239 | 2111642 | INFO | [BAYES QUEUE STATE]
2026-03-07 17:00:10,239 | 2111642 | INFO | pending_jobs = 54
2026-03-07 17:00:10,240 | 2111642 | INFO | inflight_trials = [0, 1, 2, 7, 8, 9, 11, 12, 13, 15, 16, 17, 18, 19, 20, 21, 22, 23, 24, 25, 26, 27, 28, 29, 30]
2026-03-07 17:00:10,240 | 2111642 | INFO | queue[0000] trial 21 fold 2 physics
2026-03-07 17:00:10,240 | 2111642 | INFO | queue[0001] trial 21 fold 3 physics
2026-03-07 17:00:10,241 | 2111642 | INFO | queue[0002] trial 21 fold 4 physics
2026-03-07 17:00:10,241 | 2111642 | INFO | queue[0003] trial 21 fold 5 physics
2026-03-07 17:00:10,241 | 2111642 | INFO | queue[0004] trial 22 fold 1 physics
2026-03-07 17:00:10,242 | 2111642 | INFO | queue[0005] trial 22 fold 2 physics
2026-03-07 17:00:10,242 | 2111642 | INFO | queue[0006] trial 22 fold 3 physics
2026-03-07 17:00:10,242 | 2111642 | INFO | queue[0007] trial 22 fold 4 physics
2026-03-07 17:00:10,242 | 2111642 | INFO | queue[0008] trial 22 fold 5 physics
2026-03-07 17:00:10,243 | 2111642 | INFO | queue[0009] trial 23 fold 1 physics
2026-03-07 17:00:10,243 | 2111642 | INFO | queue[0010] trial 23 fold 2 physics
2026-03-07 17:00:10,243 | 2111642 | INFO | queue[0011] trial 23 fold 3 physics
2026-03-07 17:00:10,243 | 2111642 | INFO | queue[0012] trial 23 fold 4 physics
2026-03-07 17:00:10,244 | 2111642 | INFO | queue[0013] trial 23 fold 5 physics
2026-03-07 17:00:10,244 | 2111642 | INFO | queue[0014] trial 24 fold 1 physics
2026-03-07 17:00:10,244 | 2111642 | INFO | queue[0015] trial 24 fold 2 physics
2026-03-07 17:00:10,244 | 2111642 | INFO | queue[0016] trial 24 fold 3 physics
2026-03-07 17:00:10,244 | 2111642 | INFO | queue[0017] trial 24 fold 4 physics
2026-03-07 17:00:10,245 | 2111642 | INFO | queue[0018] trial 24 fold 5 physics
2026-03-07 17:00:10,245 | 2111642 | INFO | queue[0019] trial 25 fold 1 physics
2026-03-07 17:00:10,245 | 2111642 | INFO | queue[0020] trial 25 fold 2 physics
2026-03-07 17:00:10,245 | 2111642 | INFO | queue[0021] trial 25 fold 3 physics
2026-03-07 17:00:10,246 | 2111642 | INFO | queue[0022] trial 25 fold 4 physics
2026-03-07 17:00:10,246 | 2111642 | INFO | queue[0023] trial 25 fold 5 physics
2026-03-07 17:00:10,246 | 2111642 | INFO | queue[0024] trial 26 fold 1 physics
2026-03-07 17:00:10,246 | 2111642 | INFO | queue[0025] trial 26 fold 2 physics
2026-03-07 17:00:10,246 | 2111642 | INFO | queue[0026] trial 26 fold 3 physics
2026-03-07 17:00:10,247 | 2111642 | INFO | queue[0027] trial 26 fold 4 physics
2026-03-07 17:00:10,247 | 2111642 | INFO | queue[0028] trial 26 fold 5 physics
2026-03-07 17:00:10,247 | 2111642 | INFO | queue[0029] trial 27 fold 1 physics
2026-03-07 17:00:10,247 | 2111642 | INFO | queue[0030] trial 27 fold 2 physics
2026-03-07 17:00:10,248 | 2111642 | INFO | queue[0031] trial 27 fold 3 physics
2026-03-07 17:00:10,248 | 2111642 | INFO | queue[0032] trial 27 fold 4 physics
2026-03-07 17:00:10,248 | 2111642 | INFO | queue[0033] trial 27 fold 5 physics
2026-03-07 17:00:10,248 | 2111642 | INFO | queue[0034] trial 28 fold 1 physics
2026-03-07 17:00:10,248 | 2111642 | INFO | queue[0035] trial 28 fold 2 physics
2026-03-07 17:00:10,249 | 2111642 | INFO | queue[0036] trial 28 fold 3 physics
2026-03-07 17:00:10,249 | 2111642 | INFO | queue[0037] trial 28 fold 4 physics
2026-03-07 17:00:10,249 | 2111642 | INFO | queue[0038] trial 28 fold 5 physics
2026-03-07 17:00:10,249 | 2111642 | INFO | queue[0039] trial 29 fold 1 physics
2026-03-07 17:00:10,249 | 2111642 | INFO | queue[0040] trial 29 fold 2 physics
2026-03-07 17:00:10,250 | 2111642 | INFO | queue[0041] trial 29 fold 3 physics
2026-03-07 17:00:10,250 | 2111642 | INFO | queue[0042] trial 29 fold 4 physics
2026-03-07 17:00:10,250 | 2111642 | INFO | queue[0043] trial 29 fold 5 physics
2026-03-07 17:00:10,250 | 2111642 | INFO | queue[0044] trial 30 fold 1 physics
2026-03-07 17:00:10,250 | 2111642 | INFO | queue[0045] trial 30 fold 2 physics
2026-03-07 17:00:10,250 | 2111642 | INFO | queue[0046] trial 30 fold 3 physics
2026-03-07 17:00:10,250 | 2111642 | INFO | queue[0047] trial 30 fold 4 physics
2026-03-07 17:00:10,250 | 2111642 | INFO | queue[0048] trial 30 fold 5 physics
2026-03-07 17:00:10,251 | 2111642 | INFO | queue[0049] trial 31 fold 1 physics
2026-03-07 17:00:10,251 | 2111642 | INFO | queue[0050] trial 31 fold 2 physics
2026-03-07 17:00:10,251 | 2111642 | INFO | queue[0051] trial 31 fold 3 physics
2026-03-07 17:00:10,251 | 2111642 | INFO | queue[0052] trial 31 fold 4 physics
2026-03-07 17:00:10,251 | 2111642 | INFO | queue[0053] trial 31 fold 5 physics
2026-03-07 17:00:10,251 | 2111642 | INFO | [END BAYES QUEUE]
2026-03-07 17:14:56,818 | 2111642 | INFO | [TRIAL COMPLETE] trial 12 physics NSE_1D=0.88554 NSE_1H=0.85390
2026-03-07 17:14:57,131 | 2111642 | INFO | [ENQUEUE TRIAL] trial 32 physics
2026-03-07 17:14:57,131 | 2111642 | INFO | [BAYES QUEUE STATE]
2026-03-07 17:14:57,132 | 2111642 | INFO | pending_jobs = 52
2026-03-07 17:14:57,132 | 2111642 | INFO | inflight_trials = [0, 1, 2, 7, 8, 9, 12, 13, 15, 16, 17, 18, 19, 20, 21, 22, 23, 24, 25, 26, 27, 28, 29, 30, 31]
2026-03-07 17:14:57,132 | 2111642 | INFO | queue[0000] trial 22 fold 4 physics
2026-03-07 17:14:57,132 | 2111642 | INFO | queue[0001] trial 22 fold 5 physics
2026-03-07 17:14:57,132 | 2111642 | INFO | queue[0002] trial 23 fold 1 physics
2026-03-07 17:14:57,132 | 2111642 | INFO | queue[0003] trial 23 fold 2 physics
2026-03-07 17:14:57,132 | 2111642 | INFO | queue[0004] trial 23 fold 3 physics
2026-03-07 17:14:57,132 | 2111642 | INFO | queue[0005] trial 23 fold 4 physics
2026-03-07 17:14:57,132 | 2111642 | INFO | queue[0006] trial 23 fold 5 physics
2026-03-07 17:14:57,133 | 2111642 | INFO | queue[0007] trial 24 fold 1 physics
2026-03-07 17:14:57,133 | 2111642 | INFO | queue[0008] trial 24 fold 2 physics
2026-03-07 17:14:57,133 | 2111642 | INFO | queue[0009] trial 24 fold 3 physics
2026-03-07 17:14:57,133 | 2111642 | INFO | queue[0010] trial 24 fold 4 physics
2026-03-07 17:14:57,133 | 2111642 | INFO | queue[0011] trial 24 fold 5 physics
2026-03-07 17:14:57,133 | 2111642 | INFO | queue[0012] trial 25 fold 1 physics
2026-03-07 17:14:57,133 | 2111642 | INFO | queue[0013] trial 25 fold 2 physics
2026-03-07 17:14:57,133 | 2111642 | INFO | queue[0014] trial 25 fold 3 physics
2026-03-07 17:14:57,134 | 2111642 | INFO | queue[0015] trial 25 fold 4 physics
2026-03-07 17:14:57,134 | 2111642 | INFO | queue[0016] trial 25 fold 5 physics
2026-03-07 17:14:57,134 | 2111642 | INFO | queue[0017] trial 26 fold 1 physics
2026-03-07 17:14:57,134 | 2111642 | INFO | queue[0018] trial 26 fold 2 physics
2026-03-07 17:14:57,134 | 2111642 | INFO | queue[0019] trial 26 fold 3 physics
2026-03-07 17:14:57,134 | 2111642 | INFO | queue[0020] trial 26 fold 4 physics
2026-03-07 17:14:57,134 | 2111642 | INFO | queue[0021] trial 26 fold 5 physics
2026-03-07 17:14:57,134 | 2111642 | INFO | queue[0022] trial 27 fold 1 physics
2026-03-07 17:14:57,134 | 2111642 | INFO | queue[0023] trial 27 fold 2 physics
2026-03-07 17:14:57,135 | 2111642 | INFO | queue[0024] trial 27 fold 3 physics
2026-03-07 17:14:57,135 | 2111642 | INFO | queue[0025] trial 27 fold 4 physics
2026-03-07 17:14:57,135 | 2111642 | INFO | queue[0026] trial 27 fold 5 physics
2026-03-07 17:14:57,135 | 2111642 | INFO | queue[0027] trial 28 fold 1 physics
2026-03-07 17:14:57,135 | 2111642 | INFO | queue[0028] trial 28 fold 2 physics
2026-03-07 17:14:57,135 | 2111642 | INFO | queue[0029] trial 28 fold 3 physics
2026-03-07 17:14:57,135 | 2111642 | INFO | queue[0030] trial 28 fold 4 physics
2026-03-07 17:14:57,135 | 2111642 | INFO | queue[0031] trial 28 fold 5 physics
2026-03-07 17:14:57,136 | 2111642 | INFO | queue[0032] trial 29 fold 1 physics
2026-03-07 17:14:57,136 | 2111642 | INFO | queue[0033] trial 29 fold 2 physics
2026-03-07 17:14:57,136 | 2111642 | INFO | queue[0034] trial 29 fold 3 physics
2026-03-07 17:14:57,136 | 2111642 | INFO | queue[0035] trial 29 fold 4 physics
2026-03-07 17:14:57,136 | 2111642 | INFO | queue[0036] trial 29 fold 5 physics
2026-03-07 17:14:57,136 | 2111642 | INFO | queue[0037] trial 30 fold 1 physics
2026-03-07 17:14:57,136 | 2111642 | INFO | queue[0038] trial 30 fold 2 physics
2026-03-07 17:14:57,136 | 2111642 | INFO | queue[0039] trial 30 fold 3 physics
2026-03-07 17:14:57,136 | 2111642 | INFO | queue[0040] trial 30 fold 4 physics
2026-03-07 17:14:57,137 | 2111642 | INFO | queue[0041] trial 30 fold 5 physics
2026-03-07 17:14:57,137 | 2111642 | INFO | queue[0042] trial 31 fold 1 physics
2026-03-07 17:14:57,137 | 2111642 | INFO | queue[0043] trial 31 fold 2 physics
2026-03-07 17:14:57,137 | 2111642 | INFO | queue[0044] trial 31 fold 3 physics
2026-03-07 17:14:57,137 | 2111642 | INFO | queue[0045] trial 31 fold 4 physics
2026-03-07 17:14:57,137 | 2111642 | INFO | queue[0046] trial 31 fold 5 physics
2026-03-07 17:14:57,137 | 2111642 | INFO | queue[0047] trial 32 fold 1 physics
2026-03-07 17:14:57,137 | 2111642 | INFO | queue[0048] trial 32 fold 2 physics
2026-03-07 17:14:57,137 | 2111642 | INFO | queue[0049] trial 32 fold 3 physics
2026-03-07 17:14:57,138 | 2111642 | INFO | queue[0050] trial 32 fold 4 physics
2026-03-07 17:14:57,138 | 2111642 | INFO | queue[0051] trial 32 fold 5 physics
2026-03-07 17:14:57,138 | 2111642 | INFO | [END BAYES QUEUE]
2026-03-07 17:20:39,852 | 2111642 | INFO | [TRIAL COMPLETE] trial 18 physics NSE_1D=0.79692 NSE_1H=0.80525
2026-03-07 17:32:57,171 | 2111642 | INFO | [TRIAL COMPLETE] trial 14 physics NSE_1D=0.85369 NSE_1H=0.84596
2026-03-07 17:32:57,474 | 2111642 | INFO | [ENQUEUE TRIAL] trial 33 physics
2026-03-07 17:32:57,475 | 2111642 | INFO | [BAYES QUEUE STATE]
2026-03-07 17:32:57,475 | 2111642 | INFO | pending_jobs = 52
2026-03-07 17:32:57,475 | 2111642 | INFO | inflight_trials = [0, 1, 2, 7, 8, 9, 12, 15, 16, 18, 19, 20, 21, 22, 23, 24, 25, 26, 27, 28, 29, 30, 31, 32]
2026-03-07 17:32:57,475 | 2111642 | INFO | queue[0000] trial 23 fold 4 physics
2026-03-07 17:32:57,475 | 2111642 | INFO | queue[0001] trial 23 fold 5 physics
2026-03-07 17:32:57,475 | 2111642 | INFO | queue[0002] trial 24 fold 1 physics
2026-03-07 17:32:57,476 | 2111642 | INFO | queue[0003] trial 24 fold 2 physics
2026-03-07 17:32:57,476 | 2111642 | INFO | queue[0004] trial 24 fold 3 physics
2026-03-07 17:32:57,476 | 2111642 | INFO | queue[0005] trial 24 fold 4 physics
2026-03-07 17:32:57,476 | 2111642 | INFO | queue[0006] trial 24 fold 5 physics
2026-03-07 17:32:57,476 | 2111642 | INFO | queue[0007] trial 25 fold 1 physics
2026-03-07 17:32:57,476 | 2111642 | INFO | queue[0008] trial 25 fold 2 physics
2026-03-07 17:32:57,476 | 2111642 | INFO | queue[0009] trial 25 fold 3 physics
2026-03-07 17:32:57,477 | 2111642 | INFO | queue[0010] trial 25 fold 4 physics
2026-03-07 17:32:57,477 | 2111642 | INFO | queue[0011] trial 25 fold 5 physics
2026-03-07 17:32:57,477 | 2111642 | INFO | queue[0012] trial 26 fold 1 physics
2026-03-07 17:32:57,477 | 2111642 | INFO | queue[0013] trial 26 fold 2 physics
2026-03-07 17:32:57,477 | 2111642 | INFO | queue[0014] trial 26 fold 3 physics
2026-03-07 17:32:57,477 | 2111642 | INFO | queue[0015] trial 26 fold 4 physics
2026-03-07 17:32:57,477 | 2111642 | INFO | queue[0016] trial 26 fold 5 physics
2026-03-07 17:32:57,477 | 2111642 | INFO | queue[0017] trial 27 fold 1 physics
2026-03-07 17:32:57,478 | 2111642 | INFO | queue[0018] trial 27 fold 2 physics
2026-03-07 17:32:57,478 | 2111642 | INFO | queue[0019] trial 27 fold 3 physics
2026-03-07 17:32:57,478 | 2111642 | INFO | queue[0020] trial 27 fold 4 physics
2026-03-07 17:32:57,478 | 2111642 | INFO | queue[0021] trial 27 fold 5 physics
2026-03-07 17:32:57,478 | 2111642 | INFO | queue[0022] trial 28 fold 1 physics
2026-03-07 17:32:57,478 | 2111642 | INFO | queue[0023] trial 28 fold 2 physics
2026-03-07 17:32:57,478 | 2111642 | INFO | queue[0024] trial 28 fold 3 physics
2026-03-07 17:32:57,478 | 2111642 | INFO | queue[0025] trial 28 fold 4 physics
2026-03-07 17:32:57,479 | 2111642 | INFO | queue[0026] trial 28 fold 5 physics
2026-03-07 17:32:57,479 | 2111642 | INFO | queue[0027] trial 29 fold 1 physics
2026-03-07 17:32:57,479 | 2111642 | INFO | queue[0028] trial 29 fold 2 physics
2026-03-07 17:32:57,479 | 2111642 | INFO | queue[0029] trial 29 fold 3 physics
2026-03-07 17:32:57,479 | 2111642 | INFO | queue[0030] trial 29 fold 4 physics
2026-03-07 17:32:57,479 | 2111642 | INFO | queue[0031] trial 29 fold 5 physics
2026-03-07 17:32:57,479 | 2111642 | INFO | queue[0032] trial 30 fold 1 physics
2026-03-07 17:32:57,479 | 2111642 | INFO | queue[0033] trial 30 fold 2 physics
2026-03-07 17:32:57,480 | 2111642 | INFO | queue[0034] trial 30 fold 3 physics
2026-03-07 17:32:57,480 | 2111642 | INFO | queue[0035] trial 30 fold 4 physics
2026-03-07 17:32:57,480 | 2111642 | INFO | queue[0036] trial 30 fold 5 physics
2026-03-07 17:32:57,480 | 2111642 | INFO | queue[0037] trial 31 fold 1 physics
2026-03-07 17:32:57,480 | 2111642 | INFO | queue[0038] trial 31 fold 2 physics
2026-03-07 17:32:57,480 | 2111642 | INFO | queue[0039] trial 31 fold 3 physics
2026-03-07 17:32:57,480 | 2111642 | INFO | queue[0040] trial 31 fold 4 physics
2026-03-07 17:32:57,480 | 2111642 | INFO | queue[0041] trial 31 fold 5 physics
2026-03-07 17:32:57,481 | 2111642 | INFO | queue[0042] trial 32 fold 1 physics
2026-03-07 17:32:57,481 | 2111642 | INFO | queue[0043] trial 32 fold 2 physics
2026-03-07 17:32:57,481 | 2111642 | INFO | queue[0044] trial 32 fold 3 physics
2026-03-07 17:32:57,481 | 2111642 | INFO | queue[0045] trial 32 fold 4 physics
2026-03-07 17:32:57,481 | 2111642 | INFO | queue[0046] trial 32 fold 5 physics
2026-03-07 17:32:57,481 | 2111642 | INFO | queue[0047] trial 33 fold 1 physics
2026-03-07 17:32:57,481 | 2111642 | INFO | queue[0048] trial 33 fold 2 physics
2026-03-07 17:32:57,481 | 2111642 | INFO | queue[0049] trial 33 fold 3 physics
2026-03-07 17:32:57,482 | 2111642 | INFO | queue[0050] trial 33 fold 4 physics
2026-03-07 17:32:57,482 | 2111642 | INFO | queue[0051] trial 33 fold 5 physics
2026-03-07 17:32:57,482 | 2111642 | INFO | [END BAYES QUEUE]
2026-03-07 18:25:26,602 | 2111642 | INFO | [TRIAL COMPLETE] trial 23 physics NSE_1D=0.88531 NSE_1H=0.84934
2026-03-07 18:25:26,907 | 2111642 | INFO | [ENQUEUE TRIAL] trial 34 physics
2026-03-07 18:25:26,907 | 2111642 | INFO | [BAYES QUEUE STATE]
2026-03-07 18:25:26,907 | 2111642 | INFO | pending_jobs = 32
2026-03-07 18:25:26,907 | 2111642 | INFO | inflight_trials = [0, 1, 2, 7, 8, 9, 12, 15, 16, 18, 19, 20, 21, 23, 24, 25, 26, 27, 28, 29, 30, 31, 32, 33]
2026-03-07 18:25:26,908 | 2111642 | INFO | queue[0000] trial 28 fold 4 physics
2026-03-07 18:25:26,908 | 2111642 | INFO | queue[0001] trial 28 fold 5 physics
2026-03-07 18:25:26,908 | 2111642 | INFO | queue[0002] trial 29 fold 1 physics
2026-03-07 18:25:26,908 | 2111642 | INFO | queue[0003] trial 29 fold 2 physics
2026-03-07 18:25:26,908 | 2111642 | INFO | queue[0004] trial 29 fold 3 physics
2026-03-07 18:25:26,908 | 2111642 | INFO | queue[0005] trial 29 fold 4 physics
2026-03-07 18:25:26,908 | 2111642 | INFO | queue[0006] trial 29 fold 5 physics
2026-03-07 18:25:26,908 | 2111642 | INFO | queue[0007] trial 30 fold 1 physics
2026-03-07 18:25:26,908 | 2111642 | INFO | queue[0008] trial 30 fold 2 physics
2026-03-07 18:25:26,909 | 2111642 | INFO | queue[0009] trial 30 fold 3 physics
2026-03-07 18:25:26,909 | 2111642 | INFO | queue[0010] trial 30 fold 4 physics
2026-03-07 18:25:26,909 | 2111642 | INFO | queue[0011] trial 30 fold 5 physics
2026-03-07 18:25:26,909 | 2111642 | INFO | queue[0012] trial 31 fold 1 physics
2026-03-07 18:25:26,909 | 2111642 | INFO | queue[0013] trial 31 fold 2 physics
2026-03-07 18:25:26,909 | 2111642 | INFO | queue[0014] trial 31 fold 3 physics
2026-03-07 18:25:26,909 | 2111642 | INFO | queue[0015] trial 31 fold 4 physics
2026-03-07 18:25:26,909 | 2111642 | INFO | queue[0016] trial 31 fold 5 physics
2026-03-07 18:25:26,910 | 2111642 | INFO | queue[0017] trial 32 fold 1 physics
2026-03-07 18:25:26,910 | 2111642 | INFO | queue[0018] trial 32 fold 2 physics
2026-03-07 18:25:26,910 | 2111642 | INFO | queue[0019] trial 32 fold 3 physics
2026-03-07 18:25:26,910 | 2111642 | INFO | queue[0020] trial 32 fold 4 physics
2026-03-07 18:25:26,910 | 2111642 | INFO | queue[0021] trial 32 fold 5 physics
2026-03-07 18:25:26,910 | 2111642 | INFO | queue[0022] trial 33 fold 1 physics
2026-03-07 18:25:26,910 | 2111642 | INFO | queue[0023] trial 33 fold 2 physics
2026-03-07 18:25:26,910 | 2111642 | INFO | queue[0024] trial 33 fold 3 physics
2026-03-07 18:25:26,911 | 2111642 | INFO | queue[0025] trial 33 fold 4 physics
2026-03-07 18:25:26,911 | 2111642 | INFO | queue[0026] trial 33 fold 5 physics
2026-03-07 18:25:26,911 | 2111642 | INFO | queue[0027] trial 34 fold 1 physics
2026-03-07 18:25:26,911 | 2111642 | INFO | queue[0028] trial 34 fold 2 physics
2026-03-07 18:25:26,911 | 2111642 | INFO | queue[0029] trial 34 fold 3 physics
2026-03-07 18:25:26,911 | 2111642 | INFO | queue[0030] trial 34 fold 4 physics
2026-03-07 18:25:26,911 | 2111642 | INFO | queue[0031] trial 34 fold 5 physics
2026-03-07 18:25:26,911 | 2111642 | INFO | [END BAYES QUEUE]
2026-03-07 18:25:27,219 | 2111642 | INFO | [ENQUEUE TRIAL] trial 35 physics
2026-03-07 18:25:27,219 | 2111642 | INFO | [BAYES QUEUE STATE]
2026-03-07 18:25:27,219 | 2111642 | INFO | pending_jobs = 37
2026-03-07 18:25:27,219 | 2111642 | INFO | inflight_trials = [0, 1, 2, 7, 8, 9, 12, 15, 16, 18, 19, 20, 21, 23, 24, 25, 26, 27, 28, 29, 30, 31, 32, 33, 34]
2026-03-07 18:25:27,219 | 2111642 | INFO | queue[0000] trial 28 fold 4 physics
2026-03-07 18:25:27,220 | 2111642 | INFO | queue[0001] trial 28 fold 5 physics
2026-03-07 18:25:27,220 | 2111642 | INFO | queue[0002] trial 29 fold 1 physics
2026-03-07 18:25:27,220 | 2111642 | INFO | queue[0003] trial 29 fold 2 physics
2026-03-07 18:25:27,220 | 2111642 | INFO | queue[0004] trial 29 fold 3 physics
2026-03-07 18:25:27,220 | 2111642 | INFO | queue[0005] trial 29 fold 4 physics
2026-03-07 18:25:27,220 | 2111642 | INFO | queue[0006] trial 29 fold 5 physics
2026-03-07 18:25:27,220 | 2111642 | INFO | queue[0007] trial 30 fold 1 physics
2026-03-07 18:25:27,220 | 2111642 | INFO | queue[0008] trial 30 fold 2 physics
2026-03-07 18:25:27,221 | 2111642 | INFO | queue[0009] trial 30 fold 3 physics
2026-03-07 18:25:27,221 | 2111642 | INFO | queue[0010] trial 30 fold 4 physics
2026-03-07 18:25:27,221 | 2111642 | INFO | queue[0011] trial 30 fold 5 physics
2026-03-07 18:25:27,221 | 2111642 | INFO | queue[0012] trial 31 fold 1 physics
2026-03-07 18:25:27,221 | 2111642 | INFO | queue[0013] trial 31 fold 2 physics
2026-03-07 18:25:27,221 | 2111642 | INFO | queue[0014] trial 31 fold 3 physics
2026-03-07 18:25:27,221 | 2111642 | INFO | queue[0015] trial 31 fold 4 physics
2026-03-07 18:25:27,221 | 2111642 | INFO | queue[0016] trial 31 fold 5 physics
2026-03-07 18:25:27,222 | 2111642 | INFO | queue[0017] trial 32 fold 1 physics
2026-03-07 18:25:27,222 | 2111642 | INFO | queue[0018] trial 32 fold 2 physics
2026-03-07 18:25:27,222 | 2111642 | INFO | queue[0019] trial 32 fold 3 physics
2026-03-07 18:25:27,222 | 2111642 | INFO | queue[0020] trial 32 fold 4 physics
2026-03-07 18:25:27,222 | 2111642 | INFO | queue[0021] trial 32 fold 5 physics
2026-03-07 18:25:27,222 | 2111642 | INFO | queue[0022] trial 33 fold 1 physics
2026-03-07 18:25:27,222 | 2111642 | INFO | queue[0023] trial 33 fold 2 physics
2026-03-07 18:25:27,222 | 2111642 | INFO | queue[0024] trial 33 fold 3 physics
2026-03-07 18:25:27,223 | 2111642 | INFO | queue[0025] trial 33 fold 4 physics
2026-03-07 18:25:27,223 | 2111642 | INFO | queue[0026] trial 33 fold 5 physics
2026-03-07 18:25:27,223 | 2111642 | INFO | queue[0027] trial 34 fold 1 physics
2026-03-07 18:25:27,223 | 2111642 | INFO | queue[0028] trial 34 fold 2 physics
2026-03-07 18:25:27,223 | 2111642 | INFO | queue[0029] trial 34 fold 3 physics
2026-03-07 18:25:27,223 | 2111642 | INFO | queue[0030] trial 34 fold 4 physics
2026-03-07 18:25:27,223 | 2111642 | INFO | queue[0031] trial 34 fold 5 physics
2026-03-07 18:25:27,223 | 2111642 | INFO | queue[0032] trial 35 fold 1 physics
2026-03-07 18:25:27,224 | 2111642 | INFO | queue[0033] trial 35 fold 2 physics
2026-03-07 18:25:27,224 | 2111642 | INFO | queue[0034] trial 35 fold 3 physics
2026-03-07 18:25:27,224 | 2111642 | INFO | queue[0035] trial 35 fold 4 physics
2026-03-07 18:25:27,224 | 2111642 | INFO | queue[0036] trial 35 fold 5 physics
2026-03-07 18:25:27,224 | 2111642 | INFO | [END BAYES QUEUE]
2026-03-07 18:25:27,526 | 2111642 | INFO | [ENQUEUE TRIAL] trial 36 physics
2026-03-07 18:25:27,526 | 2111642 | INFO | [BAYES QUEUE STATE]
2026-03-07 18:25:27,526 | 2111642 | INFO | pending_jobs = 42
2026-03-07 18:25:27,526 | 2111642 | INFO | inflight_trials = [0, 1, 2, 7, 8, 9, 12, 15, 16, 18, 19, 20, 21, 23, 24, 25, 26, 27, 28, 29, 30, 31, 32, 33, 34, 35]
2026-03-07 18:25:27,527 | 2111642 | INFO | queue[0000] trial 28 fold 4 physics
2026-03-07 18:25:27,527 | 2111642 | INFO | queue[0001] trial 28 fold 5 physics
2026-03-07 18:25:27,527 | 2111642 | INFO | queue[0002] trial 29 fold 1 physics
2026-03-07 18:25:27,527 | 2111642 | INFO | queue[0003] trial 29 fold 2 physics
2026-03-07 18:25:27,527 | 2111642 | INFO | queue[0004] trial 29 fold 3 physics
2026-03-07 18:25:27,527 | 2111642 | INFO | queue[0005] trial 29 fold 4 physics
2026-03-07 18:25:27,527 | 2111642 | INFO | queue[0006] trial 29 fold 5 physics
2026-03-07 18:25:27,527 | 2111642 | INFO | queue[0007] trial 30 fold 1 physics
2026-03-07 18:25:27,528 | 2111642 | INFO | queue[0008] trial 30 fold 2 physics
2026-03-07 18:25:27,528 | 2111642 | INFO | queue[0009] trial 30 fold 3 physics
2026-03-07 18:25:27,528 | 2111642 | INFO | queue[0010] trial 30 fold 4 physics
2026-03-07 18:25:27,528 | 2111642 | INFO | queue[0011] trial 30 fold 5 physics
2026-03-07 18:25:27,528 | 2111642 | INFO | queue[0012] trial 31 fold 1 physics
2026-03-07 18:25:27,528 | 2111642 | INFO | queue[0013] trial 31 fold 2 physics
2026-03-07 18:25:27,528 | 2111642 | INFO | queue[0014] trial 31 fold 3 physics
2026-03-07 18:25:27,528 | 2111642 | INFO | queue[0015] trial 31 fold 4 physics
2026-03-07 18:25:27,528 | 2111642 | INFO | queue[0016] trial 31 fold 5 physics
2026-03-07 18:25:27,529 | 2111642 | INFO | queue[0017] trial 32 fold 1 physics
2026-03-07 18:25:27,529 | 2111642 | INFO | queue[0018] trial 32 fold 2 physics
2026-03-07 18:25:27,529 | 2111642 | INFO | queue[0019] trial 32 fold 3 physics
2026-03-07 18:25:27,529 | 2111642 | INFO | queue[0020] trial 32 fold 4 physics
2026-03-07 18:25:27,529 | 2111642 | INFO | queue[0021] trial 32 fold 5 physics
2026-03-07 18:25:27,529 | 2111642 | INFO | queue[0022] trial 33 fold 1 physics
2026-03-07 18:25:27,529 | 2111642 | INFO | queue[0023] trial 33 fold 2 physics
2026-03-07 18:25:27,529 | 2111642 | INFO | queue[0024] trial 33 fold 3 physics
2026-03-07 18:25:27,530 | 2111642 | INFO | queue[0025] trial 33 fold 4 physics
2026-03-07 18:25:27,530 | 2111642 | INFO | queue[0026] trial 33 fold 5 physics
2026-03-07 18:25:27,530 | 2111642 | INFO | queue[0027] trial 34 fold 1 physics
2026-03-07 18:25:27,530 | 2111642 | INFO | queue[0028] trial 34 fold 2 physics
2026-03-07 18:25:27,530 | 2111642 | INFO | queue[0029] trial 34 fold 3 physics
2026-03-07 18:25:27,530 | 2111642 | INFO | queue[0030] trial 34 fold 4 physics
2026-03-07 18:25:27,530 | 2111642 | INFO | queue[0031] trial 34 fold 5 physics
2026-03-07 18:25:27,530 | 2111642 | INFO | queue[0032] trial 35 fold 1 physics
2026-03-07 18:25:27,531 | 2111642 | INFO | queue[0033] trial 35 fold 2 physics
2026-03-07 18:25:27,531 | 2111642 | INFO | queue[0034] trial 35 fold 3 physics
2026-03-07 18:25:27,531 | 2111642 | INFO | queue[0035] trial 35 fold 4 physics
2026-03-07 18:25:27,531 | 2111642 | INFO | queue[0036] trial 35 fold 5 physics
2026-03-07 18:25:27,531 | 2111642 | INFO | queue[0037] trial 36 fold 1 physics
2026-03-07 18:25:27,531 | 2111642 | INFO | queue[0038] trial 36 fold 2 physics
2026-03-07 18:25:27,531 | 2111642 | INFO | queue[0039] trial 36 fold 3 physics
2026-03-07 18:25:27,531 | 2111642 | INFO | queue[0040] trial 36 fold 4 physics
2026-03-07 18:25:27,531 | 2111642 | INFO | queue[0041] trial 36 fold 5 physics
2026-03-07 18:25:27,532 | 2111642 | INFO | [END BAYES QUEUE]
2026-03-07 18:25:27,829 | 2111642 | INFO | [ENQUEUE TRIAL] trial 37 physics
2026-03-07 18:25:27,833 | 2111642 | INFO | [BAYES QUEUE STATE]
2026-03-07 18:25:27,833 | 2111642 | INFO | pending_jobs = 47
2026-03-07 18:25:27,833 | 2111642 | INFO | inflight_trials = [0, 1, 2, 7, 8, 9, 12, 15, 16, 18, 19, 20, 21, 23, 24, 25, 26, 27, 28, 29, 30, 31, 32, 33, 34, 35, 36]
2026-03-07 18:25:27,834 | 2111642 | INFO | queue[0000] trial 28 fold 4 physics
2026-03-07 18:25:27,834 | 2111642 | INFO | queue[0001] trial 28 fold 5 physics
2026-03-07 18:25:27,834 | 2111642 | INFO | queue[0002] trial 29 fold 1 physics
2026-03-07 18:25:27,835 | 2111642 | INFO | queue[0003] trial 29 fold 2 physics
2026-03-07 18:25:27,835 | 2111642 | INFO | queue[0004] trial 29 fold 3 physics
2026-03-07 18:25:27,835 | 2111642 | INFO | queue[0005] trial 29 fold 4 physics
2026-03-07 18:25:27,836 | 2111642 | INFO | queue[0006] trial 29 fold 5 physics
2026-03-07 18:25:27,836 | 2111642 | INFO | queue[0007] trial 30 fold 1 physics
2026-03-07 18:25:27,836 | 2111642 | INFO | queue[0008] trial 30 fold 2 physics
2026-03-07 18:25:27,837 | 2111642 | INFO | queue[0009] trial 30 fold 3 physics
2026-03-07 18:25:27,837 | 2111642 | INFO | queue[0010] trial 30 fold 4 physics
2026-03-07 18:25:27,837 | 2111642 | INFO | queue[0011] trial 30 fold 5 physics
2026-03-07 18:25:27,837 | 2111642 | INFO | queue[0012] trial 31 fold 1 physics
2026-03-07 18:25:27,838 | 2111642 | INFO | queue[0013] trial 31 fold 2 physics
2026-03-07 18:25:27,838 | 2111642 | INFO | queue[0014] trial 31 fold 3 physics
2026-03-07 18:25:27,838 | 2111642 | INFO | queue[0015] trial 31 fold 4 physics
2026-03-07 18:25:27,838 | 2111642 | INFO | queue[0016] trial 31 fold 5 physics
2026-03-07 18:25:27,838 | 2111642 | INFO | queue[0017] trial 32 fold 1 physics
2026-03-07 18:25:27,839 | 2111642 | INFO | queue[0018] trial 32 fold 2 physics
2026-03-07 18:25:27,839 | 2111642 | INFO | queue[0019] trial 32 fold 3 physics
2026-03-07 18:25:27,839 | 2111642 | INFO | queue[0020] trial 32 fold 4 physics
2026-03-07 18:25:27,839 | 2111642 | INFO | queue[0021] trial 32 fold 5 physics
2026-03-07 18:25:27,840 | 2111642 | INFO | queue[0022] trial 33 fold 1 physics
2026-03-07 18:25:27,840 | 2111642 | INFO | queue[0023] trial 33 fold 2 physics
2026-03-07 18:25:27,840 | 2111642 | INFO | queue[0024] trial 33 fold 3 physics
2026-03-07 18:25:27,840 | 2111642 | INFO | queue[0025] trial 33 fold 4 physics
2026-03-07 18:25:27,841 | 2111642 | INFO | queue[0026] trial 33 fold 5 physics
2026-03-07 18:25:27,841 | 2111642 | INFO | queue[0027] trial 34 fold 1 physics
2026-03-07 18:25:27,841 | 2111642 | INFO | queue[0028] trial 34 fold 2 physics
2026-03-07 18:25:27,841 | 2111642 | INFO | queue[0029] trial 34 fold 3 physics
2026-03-07 18:25:27,842 | 2111642 | INFO | queue[0030] trial 34 fold 4 physics
2026-03-07 18:25:27,842 | 2111642 | INFO | queue[0031] trial 34 fold 5 physics
2026-03-07 18:25:27,842 | 2111642 | INFO | queue[0032] trial 35 fold 1 physics
2026-03-07 18:25:27,842 | 2111642 | INFO | queue[0033] trial 35 fold 2 physics
2026-03-07 18:25:27,843 | 2111642 | INFO | queue[0034] trial 35 fold 3 physics
2026-03-07 18:25:27,843 | 2111642 | INFO | queue[0035] trial 35 fold 4 physics
2026-03-07 18:25:27,843 | 2111642 | INFO | queue[0036] trial 35 fold 5 physics
2026-03-07 18:25:27,843 | 2111642 | INFO | queue[0037] trial 36 fold 1 physics
2026-03-07 18:25:27,844 | 2111642 | INFO | queue[0038] trial 36 fold 2 physics
2026-03-07 18:25:27,844 | 2111642 | INFO | queue[0039] trial 36 fold 3 physics
2026-03-07 18:25:27,844 | 2111642 | INFO | queue[0040] trial 36 fold 4 physics
2026-03-07 18:25:27,844 | 2111642 | INFO | queue[0041] trial 36 fold 5 physics
2026-03-07 18:25:27,844 | 2111642 | INFO | queue[0042] trial 37 fold 1 physics
2026-03-07 18:25:27,844 | 2111642 | INFO | queue[0043] trial 37 fold 2 physics
2026-03-07 18:25:27,844 | 2111642 | INFO | queue[0044] trial 37 fold 3 physics
2026-03-07 18:25:27,844 | 2111642 | INFO | queue[0045] trial 37 fold 4 physics
2026-03-07 18:25:27,845 | 2111642 | INFO | queue[0046] trial 37 fold 5 physics
2026-03-07 18:25:27,845 | 2111642 | INFO | [END BAYES QUEUE]
2026-03-07 18:25:28,140 | 2111642 | INFO | [ENQUEUE TRIAL] trial 38 physics
2026-03-07 18:25:28,140 | 2111642 | INFO | [BAYES QUEUE STATE]
2026-03-07 18:25:28,141 | 2111642 | INFO | pending_jobs = 52
2026-03-07 18:25:28,141 | 2111642 | INFO | inflight_trials = [0, 1, 2, 7, 8, 9, 12, 15, 16, 18, 19, 20, 21, 23, 24, 25, 26, 27, 28, 29, 30, 31, 32, 33, 34, 35, 36, 37]
2026-03-07 18:25:28,141 | 2111642 | INFO | queue[0000] trial 28 fold 4 physics
2026-03-07 18:25:28,142 | 2111642 | INFO | queue[0001] trial 28 fold 5 physics
2026-03-07 18:25:28,142 | 2111642 | INFO | queue[0002] trial 29 fold 1 physics
2026-03-07 18:25:28,142 | 2111642 | INFO | queue[0003] trial 29 fold 2 physics
2026-03-07 18:25:28,143 | 2111642 | INFO | queue[0004] trial 29 fold 3 physics
2026-03-07 18:25:28,143 | 2111642 | INFO | queue[0005] trial 29 fold 4 physics
2026-03-07 18:25:28,143 | 2111642 | INFO | queue[0006] trial 29 fold 5 physics
2026-03-07 18:25:28,144 | 2111642 | INFO | queue[0007] trial 30 fold 1 physics
2026-03-07 18:25:28,144 | 2111642 | INFO | queue[0008] trial 30 fold 2 physics
2026-03-07 18:25:28,144 | 2111642 | INFO | queue[0009] trial 30 fold 3 physics
2026-03-07 18:25:28,145 | 2111642 | INFO | queue[0010] trial 30 fold 4 physics
2026-03-07 18:25:28,145 | 2111642 | INFO | queue[0011] trial 30 fold 5 physics
2026-03-07 18:25:28,145 | 2111642 | INFO | queue[0012] trial 31 fold 1 physics
2026-03-07 18:25:28,146 | 2111642 | INFO | queue[0013] trial 31 fold 2 physics
2026-03-07 18:25:28,146 | 2111642 | INFO | queue[0014] trial 31 fold 3 physics
2026-03-07 18:25:28,146 | 2111642 | INFO | queue[0015] trial 31 fold 4 physics
2026-03-07 18:25:28,147 | 2111642 | INFO | queue[0016] trial 31 fold 5 physics
2026-03-07 18:25:28,147 | 2111642 | INFO | queue[0017] trial 32 fold 1 physics
2026-03-07 18:25:28,147 | 2111642 | INFO | queue[0018] trial 32 fold 2 physics
2026-03-07 18:25:28,148 | 2111642 | INFO | queue[0019] trial 32 fold 3 physics
2026-03-07 18:25:28,148 | 2111642 | INFO | queue[0020] trial 32 fold 4 physics
2026-03-07 18:25:28,148 | 2111642 | INFO | queue[0021] trial 32 fold 5 physics
2026-03-07 18:25:28,148 | 2111642 | INFO | queue[0022] trial 33 fold 1 physics
2026-03-07 18:25:28,149 | 2111642 | INFO | queue[0023] trial 33 fold 2 physics
2026-03-07 18:25:28,149 | 2111642 | INFO | queue[0024] trial 33 fold 3 physics
2026-03-07 18:25:28,149 | 2111642 | INFO | queue[0025] trial 33 fold 4 physics
2026-03-07 18:25:28,149 | 2111642 | INFO | queue[0026] trial 33 fold 5 physics
2026-03-07 18:25:28,149 | 2111642 | INFO | queue[0027] trial 34 fold 1 physics
2026-03-07 18:25:28,149 | 2111642 | INFO | queue[0028] trial 34 fold 2 physics
2026-03-07 18:25:28,149 | 2111642 | INFO | queue[0029] trial 34 fold 3 physics
2026-03-07 18:25:28,150 | 2111642 | INFO | queue[0030] trial 34 fold 4 physics
2026-03-07 18:25:28,150 | 2111642 | INFO | queue[0031] trial 34 fold 5 physics
2026-03-07 18:25:28,150 | 2111642 | INFO | queue[0032] trial 35 fold 1 physics
2026-03-07 18:25:28,150 | 2111642 | INFO | queue[0033] trial 35 fold 2 physics
2026-03-07 18:25:28,150 | 2111642 | INFO | queue[0034] trial 35 fold 3 physics
2026-03-07 18:25:28,150 | 2111642 | INFO | queue[0035] trial 35 fold 4 physics
2026-03-07 18:25:28,150 | 2111642 | INFO | queue[0036] trial 35 fold 5 physics
2026-03-07 18:25:28,150 | 2111642 | INFO | queue[0037] trial 36 fold 1 physics
2026-03-07 18:25:28,151 | 2111642 | INFO | queue[0038] trial 36 fold 2 physics
2026-03-07 18:25:28,151 | 2111642 | INFO | queue[0039] trial 36 fold 3 physics
2026-03-07 18:25:28,151 | 2111642 | INFO | queue[0040] trial 36 fold 4 physics
2026-03-07 18:25:28,151 | 2111642 | INFO | queue[0041] trial 36 fold 5 physics
2026-03-07 18:25:28,151 | 2111642 | INFO | queue[0042] trial 37 fold 1 physics
2026-03-07 18:25:28,151 | 2111642 | INFO | queue[0043] trial 37 fold 2 physics
2026-03-07 18:25:28,151 | 2111642 | INFO | queue[0044] trial 37 fold 3 physics
2026-03-07 18:25:28,152 | 2111642 | INFO | queue[0045] trial 37 fold 4 physics
2026-03-07 18:25:28,152 | 2111642 | INFO | queue[0046] trial 37 fold 5 physics
2026-03-07 18:25:28,152 | 2111642 | INFO | queue[0047] trial 38 fold 1 physics
2026-03-07 18:25:28,152 | 2111642 | INFO | queue[0048] trial 38 fold 2 physics
2026-03-07 18:25:28,152 | 2111642 | INFO | queue[0049] trial 38 fold 3 physics
2026-03-07 18:25:28,152 | 2111642 | INFO | queue[0050] trial 38 fold 4 physics
2026-03-07 18:25:28,152 | 2111642 | INFO | queue[0051] trial 38 fold 5 physics
2026-03-07 18:25:28,153 | 2111642 | INFO | [END BAYES QUEUE]
2026-03-07 18:27:08,862 | 2111642 | INFO | [TRIAL COMPLETE] trial 2 physics NSE_1D=0.84680 NSE_1H=0.85091
2026-03-07 18:27:09,166 | 2111642 | INFO | [ENQUEUE TRIAL] trial 39 physics
2026-03-07 18:27:09,166 | 2111642 | INFO | [BAYES QUEUE STATE]
2026-03-07 18:27:09,166 | 2111642 | INFO | pending_jobs = 54
2026-03-07 18:27:09,166 | 2111642 | INFO | inflight_trials = [0, 2, 7, 8, 9, 12, 15, 16, 18, 19, 20, 21, 23, 24, 25, 26, 27, 28, 29, 30, 31, 32, 33, 34, 35, 36, 37, 38]
2026-03-07 18:27:09,166 | 2111642 | INFO | queue[0000] trial 29 fold 2 physics
2026-03-07 18:27:09,167 | 2111642 | INFO | queue[0001] trial 29 fold 3 physics
2026-03-07 18:27:09,167 | 2111642 | INFO | queue[0002] trial 29 fold 4 physics
2026-03-07 18:27:09,167 | 2111642 | INFO | queue[0003] trial 29 fold 5 physics
2026-03-07 18:27:09,167 | 2111642 | INFO | queue[0004] trial 30 fold 1 physics
2026-03-07 18:27:09,167 | 2111642 | INFO | queue[0005] trial 30 fold 2 physics
2026-03-07 18:27:09,167 | 2111642 | INFO | queue[0006] trial 30 fold 3 physics
2026-03-07 18:27:09,167 | 2111642 | INFO | queue[0007] trial 30 fold 4 physics
2026-03-07 18:27:09,167 | 2111642 | INFO | queue[0008] trial 30 fold 5 physics
2026-03-07 18:27:09,168 | 2111642 | INFO | queue[0009] trial 31 fold 1 physics
2026-03-07 18:27:09,168 | 2111642 | INFO | queue[0010] trial 31 fold 2 physics
2026-03-07 18:27:09,168 | 2111642 | INFO | queue[0011] trial 31 fold 3 physics
2026-03-07 18:27:09,168 | 2111642 | INFO | queue[0012] trial 31 fold 4 physics
2026-03-07 18:27:09,168 | 2111642 | INFO | queue[0013] trial 31 fold 5 physics
2026-03-07 18:27:09,168 | 2111642 | INFO | queue[0014] trial 32 fold 1 physics
2026-03-07 18:27:09,168 | 2111642 | INFO | queue[0015] trial 32 fold 2 physics
2026-03-07 18:27:09,168 | 2111642 | INFO | queue[0016] trial 32 fold 3 physics
2026-03-07 18:27:09,168 | 2111642 | INFO | queue[0017] trial 32 fold 4 physics
2026-03-07 18:27:09,169 | 2111642 | INFO | queue[0018] trial 32 fold 5 physics
2026-03-07 18:27:09,169 | 2111642 | INFO | queue[0019] trial 33 fold 1 physics
2026-03-07 18:27:09,169 | 2111642 | INFO | queue[0020] trial 33 fold 2 physics
2026-03-07 18:27:09,169 | 2111642 | INFO | queue[0021] trial 33 fold 3 physics
2026-03-07 18:27:09,169 | 2111642 | INFO | queue[0022] trial 33 fold 4 physics
2026-03-07 18:27:09,169 | 2111642 | INFO | queue[0023] trial 33 fold 5 physics
2026-03-07 18:27:09,169 | 2111642 | INFO | queue[0024] trial 34 fold 1 physics
2026-03-07 18:27:09,169 | 2111642 | INFO | queue[0025] trial 34 fold 2 physics
2026-03-07 18:27:09,169 | 2111642 | INFO | queue[0026] trial 34 fold 3 physics
2026-03-07 18:27:09,170 | 2111642 | INFO | queue[0027] trial 34 fold 4 physics
2026-03-07 18:27:09,170 | 2111642 | INFO | queue[0028] trial 34 fold 5 physics
2026-03-07 18:27:09,170 | 2111642 | INFO | queue[0029] trial 35 fold 1 physics
2026-03-07 18:27:09,170 | 2111642 | INFO | queue[0030] trial 35 fold 2 physics
2026-03-07 18:27:09,170 | 2111642 | INFO | queue[0031] trial 35 fold 3 physics
2026-03-07 18:27:09,170 | 2111642 | INFO | queue[0032] trial 35 fold 4 physics
2026-03-07 18:27:09,170 | 2111642 | INFO | queue[0033] trial 35 fold 5 physics
2026-03-07 18:27:09,170 | 2111642 | INFO | queue[0034] trial 36 fold 1 physics
2026-03-07 18:27:09,171 | 2111642 | INFO | queue[0035] trial 36 fold 2 physics
2026-03-07 18:27:09,171 | 2111642 | INFO | queue[0036] trial 36 fold 3 physics
2026-03-07 18:27:09,171 | 2111642 | INFO | queue[0037] trial 36 fold 4 physics
2026-03-07 18:27:09,171 | 2111642 | INFO | queue[0038] trial 36 fold 5 physics
2026-03-07 18:27:09,171 | 2111642 | INFO | queue[0039] trial 37 fold 1 physics
2026-03-07 18:27:09,171 | 2111642 | INFO | queue[0040] trial 37 fold 2 physics
2026-03-07 18:27:09,171 | 2111642 | INFO | queue[0041] trial 37 fold 3 physics
2026-03-07 18:27:09,171 | 2111642 | INFO | queue[0042] trial 37 fold 4 physics
2026-03-07 18:27:09,172 | 2111642 | INFO | queue[0043] trial 37 fold 5 physics
2026-03-07 18:27:09,172 | 2111642 | INFO | queue[0044] trial 38 fold 1 physics
2026-03-07 18:27:09,172 | 2111642 | INFO | queue[0045] trial 38 fold 2 physics
2026-03-07 18:27:09,172 | 2111642 | INFO | queue[0046] trial 38 fold 3 physics
2026-03-07 18:27:09,172 | 2111642 | INFO | queue[0047] trial 38 fold 4 physics
2026-03-07 18:27:09,172 | 2111642 | INFO | queue[0048] trial 38 fold 5 physics
2026-03-07 18:27:09,172 | 2111642 | INFO | queue[0049] trial 39 fold 1 physics
2026-03-07 18:27:09,172 | 2111642 | INFO | queue[0050] trial 39 fold 2 physics
2026-03-07 18:27:09,172 | 2111642 | INFO | queue[0051] trial 39 fold 3 physics
2026-03-07 18:27:09,173 | 2111642 | INFO | queue[0052] trial 39 fold 4 physics
2026-03-07 18:27:09,173 | 2111642 | INFO | queue[0053] trial 39 fold 5 physics
2026-03-07 18:27:09,173 | 2111642 | INFO | [END BAYES QUEUE]
2026-03-07 18:35:30,904 | 2111642 | INFO | [TRIAL COMPLETE] trial 24 physics NSE_1D=0.85605 NSE_1H=0.87815
2026-03-07 18:45:15,230 | 2111642 | INFO | [TRIAL COMPLETE] trial 22 physics NSE_1D=0.84984 NSE_1H=0.85699
2026-03-07 18:45:15,549 | 2111642 | INFO | [ENQUEUE TRIAL] trial 40 physics
2026-03-07 18:45:15,549 | 2111642 | INFO | [BAYES QUEUE STATE]
2026-03-07 18:45:15,550 | 2111642 | INFO | pending_jobs = 53
2026-03-07 18:45:15,550 | 2111642 | INFO | inflight_trials = [0, 2, 7, 8, 9, 12, 15, 16, 18, 19, 20, 24, 25, 26, 27, 28, 29, 30, 31, 32, 33, 34, 35, 36, 37, 38, 39]
2026-03-07 18:45:15,551 | 2111642 | INFO | queue[0000] trial 30 fold 3 physics
2026-03-07 18:45:15,551 | 2111642 | INFO | queue[0001] trial 30 fold 4 physics
2026-03-07 18:45:15,551 | 2111642 | INFO | queue[0002] trial 30 fold 5 physics
2026-03-07 18:45:15,552 | 2111642 | INFO | queue[0003] trial 31 fold 1 physics
2026-03-07 18:45:15,552 | 2111642 | INFO | queue[0004] trial 31 fold 2 physics
2026-03-07 18:45:15,552 | 2111642 | INFO | queue[0005] trial 31 fold 3 physics
2026-03-07 18:45:15,553 | 2111642 | INFO | queue[0006] trial 31 fold 4 physics
2026-03-07 18:45:15,553 | 2111642 | INFO | queue[0007] trial 31 fold 5 physics
2026-03-07 18:45:15,553 | 2111642 | INFO | queue[0008] trial 32 fold 1 physics
2026-03-07 18:45:15,554 | 2111642 | INFO | queue[0009] trial 32 fold 2 physics
2026-03-07 18:45:15,554 | 2111642 | INFO | queue[0010] trial 32 fold 3 physics
2026-03-07 18:45:15,554 | 2111642 | INFO | queue[0011] trial 32 fold 4 physics
2026-03-07 18:45:15,555 | 2111642 | INFO | queue[0012] trial 32 fold 5 physics
2026-03-07 18:45:15,555 | 2111642 | INFO | queue[0013] trial 33 fold 1 physics
2026-03-07 18:45:15,555 | 2111642 | INFO | queue[0014] trial 33 fold 2 physics
2026-03-07 18:45:15,556 | 2111642 | INFO | queue[0015] trial 33 fold 3 physics
2026-03-07 18:45:15,556 | 2111642 | INFO | queue[0016] trial 33 fold 4 physics
2026-03-07 18:45:15,556 | 2111642 | INFO | queue[0017] trial 33 fold 5 physics
2026-03-07 18:45:15,557 | 2111642 | INFO | queue[0018] trial 34 fold 1 physics
2026-03-07 18:45:15,557 | 2111642 | INFO | queue[0019] trial 34 fold 2 physics
2026-03-07 18:45:15,557 | 2111642 | INFO | queue[0020] trial 34 fold 3 physics
2026-03-07 18:45:15,557 | 2111642 | INFO | queue[0021] trial 34 fold 4 physics
2026-03-07 18:45:15,557 | 2111642 | INFO | queue[0022] trial 34 fold 5 physics
2026-03-07 18:45:15,558 | 2111642 | INFO | queue[0023] trial 35 fold 1 physics
2026-03-07 18:45:15,558 | 2111642 | INFO | queue[0024] trial 35 fold 2 physics
2026-03-07 18:45:15,558 | 2111642 | INFO | queue[0025] trial 35 fold 3 physics
2026-03-07 18:45:15,558 | 2111642 | INFO | queue[0026] trial 35 fold 4 physics
2026-03-07 18:45:15,558 | 2111642 | INFO | queue[0027] trial 35 fold 5 physics
2026-03-07 18:45:15,558 | 2111642 | INFO | queue[0028] trial 36 fold 1 physics
2026-03-07 18:45:15,559 | 2111642 | INFO | queue[0029] trial 36 fold 2 physics
2026-03-07 18:45:15,559 | 2111642 | INFO | queue[0030] trial 36 fold 3 physics
2026-03-07 18:45:15,559 | 2111642 | INFO | queue[0031] trial 36 fold 4 physics
2026-03-07 18:45:15,559 | 2111642 | INFO | queue[0032] trial 36 fold 5 physics
2026-03-07 18:45:15,559 | 2111642 | INFO | queue[0033] trial 37 fold 1 physics
2026-03-07 18:45:15,559 | 2111642 | INFO | queue[0034] trial 37 fold 2 physics
2026-03-07 18:45:15,559 | 2111642 | INFO | queue[0035] trial 37 fold 3 physics
2026-03-07 18:45:15,560 | 2111642 | INFO | queue[0036] trial 37 fold 4 physics
2026-03-07 18:45:15,560 | 2111642 | INFO | queue[0037] trial 37 fold 5 physics
2026-03-07 18:45:15,560 | 2111642 | INFO | queue[0038] trial 38 fold 1 physics
2026-03-07 18:45:15,560 | 2111642 | INFO | queue[0039] trial 38 fold 2 physics
2026-03-07 18:45:15,560 | 2111642 | INFO | queue[0040] trial 38 fold 3 physics
2026-03-07 18:45:15,560 | 2111642 | INFO | queue[0041] trial 38 fold 4 physics
2026-03-07 18:45:15,560 | 2111642 | INFO | queue[0042] trial 38 fold 5 physics
2026-03-07 18:45:15,561 | 2111642 | INFO | queue[0043] trial 39 fold 1 physics
2026-03-07 18:45:15,561 | 2111642 | INFO | queue[0044] trial 39 fold 2 physics
2026-03-07 18:45:15,561 | 2111642 | INFO | queue[0045] trial 39 fold 3 physics
2026-03-07 18:45:15,561 | 2111642 | INFO | queue[0046] trial 39 fold 4 physics
2026-03-07 18:45:15,561 | 2111642 | INFO | queue[0047] trial 39 fold 5 physics
2026-03-07 18:45:15,562 | 2111642 | INFO | queue[0048] trial 40 fold 1 physics
2026-03-07 18:45:15,562 | 2111642 | INFO | queue[0049] trial 40 fold 2 physics
2026-03-07 18:45:15,562 | 2111642 | INFO | queue[0050] trial 40 fold 3 physics
2026-03-07 18:45:15,562 | 2111642 | INFO | queue[0051] trial 40 fold 4 physics
2026-03-07 18:45:15,562 | 2111642 | INFO | queue[0052] trial 40 fold 5 physics
2026-03-07 18:45:15,562 | 2111642 | INFO | [END BAYES QUEUE]
2026-03-07 19:07:46,314 | 2111642 | INFO | [TRIAL COMPLETE] trial 1 physics NSE_1D=0.86839 NSE_1H=0.84310
2026-03-07 19:07:46,629 | 2111642 | INFO | [ENQUEUE TRIAL] trial 41 physics
2026-03-07 19:07:46,630 | 2111642 | INFO | [BAYES QUEUE STATE]
2026-03-07 19:07:46,630 | 2111642 | INFO | pending_jobs = 50
2026-03-07 19:07:46,630 | 2111642 | INFO | inflight_trials = [2, 7, 8, 9, 12, 15, 16, 18, 19, 20, 24, 25, 26, 27, 28, 29, 30, 31, 32, 33, 34, 35, 36, 37, 38, 39, 40]
2026-03-07 19:07:46,631 | 2111642 | INFO | queue[0000] trial 32 fold 1 physics
2026-03-07 19:07:46,631 | 2111642 | INFO | queue[0001] trial 32 fold 2 physics
2026-03-07 19:07:46,631 | 2111642 | INFO | queue[0002] trial 32 fold 3 physics
2026-03-07 19:07:46,632 | 2111642 | INFO | queue[0003] trial 32 fold 4 physics
2026-03-07 19:07:46,632 | 2111642 | INFO | queue[0004] trial 32 fold 5 physics
2026-03-07 19:07:46,632 | 2111642 | INFO | queue[0005] trial 33 fold 1 physics
2026-03-07 19:07:46,633 | 2111642 | INFO | queue[0006] trial 33 fold 2 physics
2026-03-07 19:07:46,633 | 2111642 | INFO | queue[0007] trial 33 fold 3 physics
2026-03-07 19:07:46,633 | 2111642 | INFO | queue[0008] trial 33 fold 4 physics
2026-03-07 19:07:46,634 | 2111642 | INFO | queue[0009] trial 33 fold 5 physics
2026-03-07 19:07:46,634 | 2111642 | INFO | queue[0010] trial 34 fold 1 physics
2026-03-07 19:07:46,634 | 2111642 | INFO | queue[0011] trial 34 fold 2 physics
2026-03-07 19:07:46,635 | 2111642 | INFO | queue[0012] trial 34 fold 3 physics
2026-03-07 19:07:46,635 | 2111642 | INFO | queue[0013] trial 34 fold 4 physics
2026-03-07 19:07:46,635 | 2111642 | INFO | queue[0014] trial 34 fold 5 physics
2026-03-07 19:07:46,636 | 2111642 | INFO | queue[0015] trial 35 fold 1 physics
2026-03-07 19:07:46,636 | 2111642 | INFO | queue[0016] trial 35 fold 2 physics
2026-03-07 19:07:46,636 | 2111642 | INFO | queue[0017] trial 35 fold 3 physics
2026-03-07 19:07:46,637 | 2111642 | INFO | queue[0018] trial 35 fold 4 physics
2026-03-07 19:07:46,637 | 2111642 | INFO | queue[0019] trial 35 fold 5 physics
2026-03-07 19:07:46,637 | 2111642 | INFO | queue[0020] trial 36 fold 1 physics
2026-03-07 19:07:46,637 | 2111642 | INFO | queue[0021] trial 36 fold 2 physics
2026-03-07 19:07:46,638 | 2111642 | INFO | queue[0022] trial 36 fold 3 physics
2026-03-07 19:07:46,638 | 2111642 | INFO | queue[0023] trial 36 fold 4 physics
2026-03-07 19:07:46,638 | 2111642 | INFO | queue[0024] trial 36 fold 5 physics
2026-03-07 19:07:46,638 | 2111642 | INFO | queue[0025] trial 37 fold 1 physics
2026-03-07 19:07:46,638 | 2111642 | INFO | queue[0026] trial 37 fold 2 physics
2026-03-07 19:07:46,638 | 2111642 | INFO | queue[0027] trial 37 fold 3 physics
2026-03-07 19:07:46,638 | 2111642 | INFO | queue[0028] trial 37 fold 4 physics
2026-03-07 19:07:46,639 | 2111642 | INFO | queue[0029] trial 37 fold 5 physics
2026-03-07 19:07:46,639 | 2111642 | INFO | queue[0030] trial 38 fold 1 physics
2026-03-07 19:07:46,639 | 2111642 | INFO | queue[0031] trial 38 fold 2 physics
2026-03-07 19:07:46,639 | 2111642 | INFO | queue[0032] trial 38 fold 3 physics
2026-03-07 19:07:46,639 | 2111642 | INFO | queue[0033] trial 38 fold 4 physics
2026-03-07 19:07:46,639 | 2111642 | INFO | queue[0034] trial 38 fold 5 physics
2026-03-07 19:07:46,639 | 2111642 | INFO | queue[0035] trial 39 fold 1 physics
2026-03-07 19:07:46,640 | 2111642 | INFO | queue[0036] trial 39 fold 2 physics
2026-03-07 19:07:46,640 | 2111642 | INFO | queue[0037] trial 39 fold 3 physics
2026-03-07 19:07:46,640 | 2111642 | INFO | queue[0038] trial 39 fold 4 physics
2026-03-07 19:07:46,640 | 2111642 | INFO | queue[0039] trial 39 fold 5 physics
2026-03-07 19:07:46,640 | 2111642 | INFO | queue[0040] trial 40 fold 1 physics
2026-03-07 19:07:46,640 | 2111642 | INFO | queue[0041] trial 40 fold 2 physics
2026-03-07 19:07:46,640 | 2111642 | INFO | queue[0042] trial 40 fold 3 physics
2026-03-07 19:07:46,640 | 2111642 | INFO | queue[0043] trial 40 fold 4 physics
2026-03-07 19:07:46,641 | 2111642 | INFO | queue[0044] trial 40 fold 5 physics
2026-03-07 19:07:46,641 | 2111642 | INFO | queue[0045] trial 41 fold 1 physics
2026-03-07 19:07:46,641 | 2111642 | INFO | queue[0046] trial 41 fold 2 physics
2026-03-07 19:07:46,641 | 2111642 | INFO | queue[0047] trial 41 fold 3 physics
2026-03-07 19:07:46,641 | 2111642 | INFO | queue[0048] trial 41 fold 4 physics
2026-03-07 19:07:46,642 | 2111642 | INFO | queue[0049] trial 41 fold 5 physics
2026-03-07 19:07:46,642 | 2111642 | INFO | [END BAYES QUEUE]
2026-03-07 19:07:46,939 | 2111642 | INFO | [ENQUEUE TRIAL] trial 42 physics
2026-03-07 19:07:46,941 | 2111642 | INFO | [BAYES QUEUE STATE]
2026-03-07 19:07:46,941 | 2111642 | INFO | pending_jobs = 55
2026-03-07 19:07:46,941 | 2111642 | INFO | inflight_trials = [2, 7, 8, 9, 12, 15, 16, 18, 19, 20, 24, 25, 26, 27, 28, 29, 30, 31, 32, 33, 34, 35, 36, 37, 38, 39, 40, 41]
2026-03-07 19:07:46,941 | 2111642 | INFO | queue[0000] trial 32 fold 1 physics
2026-03-07 19:07:46,941 | 2111642 | INFO | queue[0001] trial 32 fold 2 physics
2026-03-07 19:07:46,941 | 2111642 | INFO | queue[0002] trial 32 fold 3 physics
2026-03-07 19:07:46,941 | 2111642 | INFO | queue[0003] trial 32 fold 4 physics
2026-03-07 19:07:46,942 | 2111642 | INFO | queue[0004] trial 32 fold 5 physics
2026-03-07 19:07:46,942 | 2111642 | INFO | queue[0005] trial 33 fold 1 physics
2026-03-07 19:07:46,942 | 2111642 | INFO | queue[0006] trial 33 fold 2 physics
2026-03-07 19:07:46,942 | 2111642 | INFO | queue[0007] trial 33 fold 3 physics
2026-03-07 19:07:46,942 | 2111642 | INFO | queue[0008] trial 33 fold 4 physics
2026-03-07 19:07:46,942 | 2111642 | INFO | queue[0009] trial 33 fold 5 physics
2026-03-07 19:07:46,942 | 2111642 | INFO | queue[0010] trial 34 fold 1 physics
2026-03-07 19:07:46,943 | 2111642 | INFO | queue[0011] trial 34 fold 2 physics
2026-03-07 19:07:46,943 | 2111642 | INFO | queue[0012] trial 34 fold 3 physics
2026-03-07 19:07:46,943 | 2111642 | INFO | queue[0013] trial 34 fold 4 physics
2026-03-07 19:07:46,943 | 2111642 | INFO | queue[0014] trial 34 fold 5 physics
2026-03-07 19:07:46,943 | 2111642 | INFO | queue[0015] trial 35 fold 1 physics
2026-03-07 19:07:46,943 | 2111642 | INFO | queue[0016] trial 35 fold 2 physics
2026-03-07 19:07:46,943 | 2111642 | INFO | queue[0017] trial 35 fold 3 physics
2026-03-07 19:07:46,943 | 2111642 | INFO | queue[0018] trial 35 fold 4 physics
2026-03-07 19:07:46,944 | 2111642 | INFO | queue[0019] trial 35 fold 5 physics
2026-03-07 19:07:46,944 | 2111642 | INFO | queue[0020] trial 36 fold 1 physics
2026-03-07 19:07:46,944 | 2111642 | INFO | queue[0021] trial 36 fold 2 physics
2026-03-07 19:07:46,944 | 2111642 | INFO | queue[0022] trial 36 fold 3 physics
2026-03-07 19:07:46,944 | 2111642 | INFO | queue[0023] trial 36 fold 4 physics
2026-03-07 19:07:46,944 | 2111642 | INFO | queue[0024] trial 36 fold 5 physics
2026-03-07 19:07:46,944 | 2111642 | INFO | queue[0025] trial 37 fold 1 physics
2026-03-07 19:07:46,944 | 2111642 | INFO | queue[0026] trial 37 fold 2 physics
2026-03-07 19:07:46,944 | 2111642 | INFO | queue[0027] trial 37 fold 3 physics
2026-03-07 19:07:46,945 | 2111642 | INFO | queue[0028] trial 37 fold 4 physics
2026-03-07 19:07:46,945 | 2111642 | INFO | queue[0029] trial 37 fold 5 physics
2026-03-07 19:07:46,945 | 2111642 | INFO | queue[0030] trial 38 fold 1 physics
2026-03-07 19:07:46,945 | 2111642 | INFO | queue[0031] trial 38 fold 2 physics
2026-03-07 19:07:46,945 | 2111642 | INFO | queue[0032] trial 38 fold 3 physics
2026-03-07 19:07:46,945 | 2111642 | INFO | queue[0033] trial 38 fold 4 physics
2026-03-07 19:07:46,945 | 2111642 | INFO | queue[0034] trial 38 fold 5 physics
2026-03-07 19:07:46,945 | 2111642 | INFO | queue[0035] trial 39 fold 1 physics
2026-03-07 19:07:46,946 | 2111642 | INFO | queue[0036] trial 39 fold 2 physics
2026-03-07 19:07:46,946 | 2111642 | INFO | queue[0037] trial 39 fold 3 physics
2026-03-07 19:07:46,946 | 2111642 | INFO | queue[0038] trial 39 fold 4 physics
2026-03-07 19:07:46,946 | 2111642 | INFO | queue[0039] trial 39 fold 5 physics
2026-03-07 19:07:46,946 | 2111642 | INFO | queue[0040] trial 40 fold 1 physics
2026-03-07 19:07:46,946 | 2111642 | INFO | queue[0041] trial 40 fold 2 physics
2026-03-07 19:07:46,946 | 2111642 | INFO | queue[0042] trial 40 fold 3 physics
2026-03-07 19:07:46,946 | 2111642 | INFO | queue[0043] trial 40 fold 4 physics
2026-03-07 19:07:46,947 | 2111642 | INFO | queue[0044] trial 40 fold 5 physics
2026-03-07 19:07:46,947 | 2111642 | INFO | queue[0045] trial 41 fold 1 physics
2026-03-07 19:07:46,947 | 2111642 | INFO | queue[0046] trial 41 fold 2 physics
2026-03-07 19:07:46,947 | 2111642 | INFO | queue[0047] trial 41 fold 3 physics
2026-03-07 19:07:46,947 | 2111642 | INFO | queue[0048] trial 41 fold 4 physics
2026-03-07 19:07:46,947 | 2111642 | INFO | queue[0049] trial 41 fold 5 physics
2026-03-07 19:07:46,947 | 2111642 | INFO | queue[0050] trial 42 fold 1 physics
2026-03-07 19:07:46,947 | 2111642 | INFO | queue[0051] trial 42 fold 2 physics
2026-03-07 19:07:46,947 | 2111642 | INFO | queue[0052] trial 42 fold 3 physics
2026-03-07 19:07:46,948 | 2111642 | INFO | queue[0053] trial 42 fold 4 physics
2026-03-07 19:07:46,948 | 2111642 | INFO | queue[0054] trial 42 fold 5 physics
2026-03-07 19:07:46,948 | 2111642 | INFO | [END BAYES QUEUE]
2026-03-07 19:19:24,962 | 2111642 | INFO | [TRIAL COMPLETE] trial 27 physics NSE_1D=0.86465 NSE_1H=0.86726
2026-03-07 19:24:28,158 | 2111642 | INFO | [TRIAL COMPLETE] trial 25 physics NSE_1D=0.90200 NSE_1H=0.90361
2026-03-07 19:24:28,453 | 2111642 | INFO | [ENQUEUE TRIAL] trial 43 physics
2026-03-07 19:24:28,453 | 2111642 | INFO | [BAYES QUEUE STATE]
2026-03-07 19:24:28,454 | 2111642 | INFO | pending_jobs = 53
2026-03-07 19:24:28,454 | 2111642 | INFO | inflight_trials = [2, 7, 8, 9, 12, 15, 16, 18, 19, 20, 25, 27, 28, 29, 30, 31, 32, 33, 34, 35, 36, 37, 38, 39, 40, 41, 42]
2026-03-07 19:24:28,454 | 2111642 | INFO | queue[0000] trial 33 fold 3 physics
2026-03-07 19:24:28,454 | 2111642 | INFO | queue[0001] trial 33 fold 4 physics
2026-03-07 19:24:28,455 | 2111642 | INFO | queue[0002] trial 33 fold 5 physics
2026-03-07 19:24:28,455 | 2111642 | INFO | queue[0003] trial 34 fold 1 physics
2026-03-07 19:24:28,455 | 2111642 | INFO | queue[0004] trial 34 fold 2 physics
2026-03-07 19:24:28,455 | 2111642 | INFO | queue[0005] trial 34 fold 3 physics
2026-03-07 19:24:28,455 | 2111642 | INFO | queue[0006] trial 34 fold 4 physics
2026-03-07 19:24:28,456 | 2111642 | INFO | queue[0007] trial 34 fold 5 physics
2026-03-07 19:24:28,456 | 2111642 | INFO | queue[0008] trial 35 fold 1 physics
2026-03-07 19:24:28,456 | 2111642 | INFO | queue[0009] trial 35 fold 2 physics
2026-03-07 19:24:28,456 | 2111642 | INFO | queue[0010] trial 35 fold 3 physics
2026-03-07 19:24:28,456 | 2111642 | INFO | queue[0011] trial 35 fold 4 physics
2026-03-07 19:24:28,456 | 2111642 | INFO | queue[0012] trial 35 fold 5 physics
2026-03-07 19:24:28,456 | 2111642 | INFO | queue[0013] trial 36 fold 1 physics
2026-03-07 19:24:28,457 | 2111642 | INFO | queue[0014] trial 36 fold 2 physics
2026-03-07 19:24:28,457 | 2111642 | INFO | queue[0015] trial 36 fold 3 physics
2026-03-07 19:24:28,457 | 2111642 | INFO | queue[0016] trial 36 fold 4 physics
2026-03-07 19:24:28,457 | 2111642 | INFO | queue[0017] trial 36 fold 5 physics
2026-03-07 19:24:28,457 | 2111642 | INFO | queue[0018] trial 37 fold 1 physics
2026-03-07 19:24:28,457 | 2111642 | INFO | queue[0019] trial 37 fold 2 physics
2026-03-07 19:24:28,457 | 2111642 | INFO | queue[0020] trial 37 fold 3 physics
2026-03-07 19:24:28,457 | 2111642 | INFO | queue[0021] trial 37 fold 4 physics
2026-03-07 19:24:28,458 | 2111642 | INFO | queue[0022] trial 37 fold 5 physics
2026-03-07 19:24:28,458 | 2111642 | INFO | queue[0023] trial 38 fold 1 physics
2026-03-07 19:24:28,458 | 2111642 | INFO | queue[0024] trial 38 fold 2 physics
2026-03-07 19:24:28,458 | 2111642 | INFO | queue[0025] trial 38 fold 3 physics
2026-03-07 19:24:28,458 | 2111642 | INFO | queue[0026] trial 38 fold 4 physics
2026-03-07 19:24:28,458 | 2111642 | INFO | queue[0027] trial 38 fold 5 physics
2026-03-07 19:24:28,458 | 2111642 | INFO | queue[0028] trial 39 fold 1 physics
2026-03-07 19:24:28,458 | 2111642 | INFO | queue[0029] trial 39 fold 2 physics
2026-03-07 19:24:28,458 | 2111642 | INFO | queue[0030] trial 39 fold 3 physics
2026-03-07 19:24:28,459 | 2111642 | INFO | queue[0031] trial 39 fold 4 physics
2026-03-07 19:24:28,459 | 2111642 | INFO | queue[0032] trial 39 fold 5 physics
2026-03-07 19:24:28,459 | 2111642 | INFO | queue[0033] trial 40 fold 1 physics
2026-03-07 19:24:28,459 | 2111642 | INFO | queue[0034] trial 40 fold 2 physics
2026-03-07 19:24:28,459 | 2111642 | INFO | queue[0035] trial 40 fold 3 physics
2026-03-07 19:24:28,459 | 2111642 | INFO | queue[0036] trial 40 fold 4 physics
2026-03-07 19:24:28,459 | 2111642 | INFO | queue[0037] trial 40 fold 5 physics
2026-03-07 19:24:28,459 | 2111642 | INFO | queue[0038] trial 41 fold 1 physics
2026-03-07 19:24:28,459 | 2111642 | INFO | queue[0039] trial 41 fold 2 physics
2026-03-07 19:24:28,460 | 2111642 | INFO | queue[0040] trial 41 fold 3 physics
2026-03-07 19:24:28,460 | 2111642 | INFO | queue[0041] trial 41 fold 4 physics
2026-03-07 19:24:28,460 | 2111642 | INFO | queue[0042] trial 41 fold 5 physics
2026-03-07 19:24:28,460 | 2111642 | INFO | queue[0043] trial 42 fold 1 physics
2026-03-07 19:24:28,460 | 2111642 | INFO | queue[0044] trial 42 fold 2 physics
2026-03-07 19:24:28,460 | 2111642 | INFO | queue[0045] trial 42 fold 3 physics
2026-03-07 19:24:28,460 | 2111642 | INFO | queue[0046] trial 42 fold 4 physics
2026-03-07 19:24:28,460 | 2111642 | INFO | queue[0047] trial 42 fold 5 physics
2026-03-07 19:24:28,461 | 2111642 | INFO | queue[0048] trial 43 fold 1 physics
2026-03-07 19:24:28,461 | 2111642 | INFO | queue[0049] trial 43 fold 2 physics
2026-03-07 19:24:28,461 | 2111642 | INFO | queue[0050] trial 43 fold 3 physics
2026-03-07 19:24:28,461 | 2111642 | INFO | queue[0051] trial 43 fold 4 physics
2026-03-07 19:24:28,461 | 2111642 | INFO | queue[0052] trial 43 fold 5 physics
2026-03-07 19:24:28,461 | 2111642 | INFO | [END BAYES QUEUE]
2026-03-07 19:24:48,526 | 2111642 | INFO | [TRIAL COMPLETE] trial 9 physics NSE_1D=0.85377 NSE_1H=0.83533
2026-03-07 19:37:21,852 | 2111642 | INFO | [TRIAL COMPLETE] trial 13 physics NSE_1D=0.86510 NSE_1H=0.83968
2026-03-07 19:37:22,176 | 2111642 | INFO | [ENQUEUE TRIAL] trial 44 physics
2026-03-07 19:37:22,177 | 2111642 | INFO | [BAYES QUEUE STATE]
2026-03-07 19:37:22,177 | 2111642 | INFO | pending_jobs = 51
2026-03-07 19:37:22,177 | 2111642 | INFO | inflight_trials = [2, 7, 9, 15, 16, 18, 19, 20, 25, 27, 28, 29, 30, 31, 32, 33, 34, 35, 36, 37, 38, 39, 40, 41, 42, 43]
2026-03-07 19:37:22,178 | 2111642 | INFO | queue[0000] trial 34 fold 5 physics
2026-03-07 19:37:22,178 | 2111642 | INFO | queue[0001] trial 35 fold 1 physics
2026-03-07 19:37:22,178 | 2111642 | INFO | queue[0002] trial 35 fold 2 physics
2026-03-07 19:37:22,179 | 2111642 | INFO | queue[0003] trial 35 fold 3 physics
2026-03-07 19:37:22,179 | 2111642 | INFO | queue[0004] trial 35 fold 4 physics
2026-03-07 19:37:22,179 | 2111642 | INFO | queue[0005] trial 35 fold 5 physics
2026-03-07 19:37:22,180 | 2111642 | INFO | queue[0006] trial 36 fold 1 physics
2026-03-07 19:37:22,180 | 2111642 | INFO | queue[0007] trial 36 fold 2 physics
2026-03-07 19:37:22,180 | 2111642 | INFO | queue[0008] trial 36 fold 3 physics
2026-03-07 19:37:22,181 | 2111642 | INFO | queue[0009] trial 36 fold 4 physics
2026-03-07 19:37:22,181 | 2111642 | INFO | queue[0010] trial 36 fold 5 physics
2026-03-07 19:37:22,181 | 2111642 | INFO | queue[0011] trial 37 fold 1 physics
2026-03-07 19:37:22,182 | 2111642 | INFO | queue[0012] trial 37 fold 2 physics
2026-03-07 19:37:22,182 | 2111642 | INFO | queue[0013] trial 37 fold 3 physics
2026-03-07 19:37:22,182 | 2111642 | INFO | queue[0014] trial 37 fold 4 physics
2026-03-07 19:37:22,183 | 2111642 | INFO | queue[0015] trial 37 fold 5 physics
2026-03-07 19:37:22,183 | 2111642 | INFO | queue[0016] trial 38 fold 1 physics
2026-03-07 19:37:22,183 | 2111642 | INFO | queue[0017] trial 38 fold 2 physics
2026-03-07 19:37:22,183 | 2111642 | INFO | queue[0018] trial 38 fold 3 physics
2026-03-07 19:37:22,184 | 2111642 | INFO | queue[0019] trial 38 fold 4 physics
2026-03-07 19:37:22,184 | 2111642 | INFO | queue[0020] trial 38 fold 5 physics
2026-03-07 19:37:22,184 | 2111642 | INFO | queue[0021] trial 39 fold 1 physics
2026-03-07 19:37:22,184 | 2111642 | INFO | queue[0022] trial 39 fold 2 physics
2026-03-07 19:37:22,184 | 2111642 | INFO | queue[0023] trial 39 fold 3 physics
2026-03-07 19:37:22,184 | 2111642 | INFO | queue[0024] trial 39 fold 4 physics
2026-03-07 19:37:22,184 | 2111642 | INFO | queue[0025] trial 39 fold 5 physics
2026-03-07 19:37:22,185 | 2111642 | INFO | queue[0026] trial 40 fold 1 physics
2026-03-07 19:37:22,185 | 2111642 | INFO | queue[0027] trial 40 fold 2 physics
2026-03-07 19:37:22,185 | 2111642 | INFO | queue[0028] trial 40 fold 3 physics
2026-03-07 19:37:22,185 | 2111642 | INFO | queue[0029] trial 40 fold 4 physics
2026-03-07 19:37:22,185 | 2111642 | INFO | queue[0030] trial 40 fold 5 physics
2026-03-07 19:37:22,185 | 2111642 | INFO | queue[0031] trial 41 fold 1 physics
2026-03-07 19:37:22,186 | 2111642 | INFO | queue[0032] trial 41 fold 2 physics
2026-03-07 19:37:22,186 | 2111642 | INFO | queue[0033] trial 41 fold 3 physics
2026-03-07 19:37:22,186 | 2111642 | INFO | queue[0034] trial 41 fold 4 physics
2026-03-07 19:37:22,186 | 2111642 | INFO | queue[0035] trial 41 fold 5 physics
2026-03-07 19:37:22,186 | 2111642 | INFO | queue[0036] trial 42 fold 1 physics
2026-03-07 19:37:22,186 | 2111642 | INFO | queue[0037] trial 42 fold 2 physics
2026-03-07 19:37:22,186 | 2111642 | INFO | queue[0038] trial 42 fold 3 physics
2026-03-07 19:37:22,187 | 2111642 | INFO | queue[0039] trial 42 fold 4 physics
2026-03-07 19:37:22,187 | 2111642 | INFO | queue[0040] trial 42 fold 5 physics
2026-03-07 19:37:22,187 | 2111642 | INFO | queue[0041] trial 43 fold 1 physics
2026-03-07 19:37:22,187 | 2111642 | INFO | queue[0042] trial 43 fold 2 physics
2026-03-07 19:37:22,187 | 2111642 | INFO | queue[0043] trial 43 fold 3 physics
2026-03-07 19:37:22,187 | 2111642 | INFO | queue[0044] trial 43 fold 4 physics
2026-03-07 19:37:22,188 | 2111642 | INFO | queue[0045] trial 43 fold 5 physics
2026-03-07 19:37:22,188 | 2111642 | INFO | queue[0046] trial 44 fold 1 physics
2026-03-07 19:37:22,188 | 2111642 | INFO | queue[0047] trial 44 fold 2 physics
2026-03-07 19:37:22,188 | 2111642 | INFO | queue[0048] trial 44 fold 3 physics
2026-03-07 19:37:22,188 | 2111642 | INFO | queue[0049] trial 44 fold 4 physics
2026-03-07 19:37:22,188 | 2111642 | INFO | queue[0050] trial 44 fold 5 physics
2026-03-07 19:37:22,189 | 2111642 | INFO | [END BAYES QUEUE]
2026-03-07 19:44:34,654 | 2111642 | INFO | [TRIAL COMPLETE] trial 31 physics NSE_1D=0.86027 NSE_1H=0.88498
2026-03-07 19:44:34,948 | 2111642 | INFO | [ENQUEUE TRIAL] trial 45 physics
2026-03-07 19:44:34,949 | 2111642 | INFO | [BAYES QUEUE STATE]
2026-03-07 19:44:34,949 | 2111642 | INFO | pending_jobs = 53
2026-03-07 19:44:34,950 | 2111642 | INFO | inflight_trials = [2, 7, 9, 15, 16, 18, 19, 20, 25, 27, 28, 29, 31, 32, 33, 34, 35, 36, 37, 38, 39, 40, 41, 42, 43, 44]
2026-03-07 19:44:34,950 | 2111642 | INFO | queue[0000] trial 35 fold 3 physics
2026-03-07 19:44:34,950 | 2111642 | INFO | queue[0001] trial 35 fold 4 physics
2026-03-07 19:44:34,951 | 2111642 | INFO | queue[0002] trial 35 fold 5 physics
2026-03-07 19:44:34,951 | 2111642 | INFO | queue[0003] trial 36 fold 1 physics
2026-03-07 19:44:34,951 | 2111642 | INFO | queue[0004] trial 36 fold 2 physics
2026-03-07 19:44:34,952 | 2111642 | INFO | queue[0005] trial 36 fold 3 physics
2026-03-07 19:44:34,952 | 2111642 | INFO | queue[0006] trial 36 fold 4 physics
2026-03-07 19:44:34,952 | 2111642 | INFO | queue[0007] trial 36 fold 5 physics
2026-03-07 19:44:34,952 | 2111642 | INFO | queue[0008] trial 37 fold 1 physics
2026-03-07 19:44:34,953 | 2111642 | INFO | queue[0009] trial 37 fold 2 physics
2026-03-07 19:44:34,953 | 2111642 | INFO | queue[0010] trial 37 fold 3 physics
2026-03-07 19:44:34,953 | 2111642 | INFO | queue[0011] trial 37 fold 4 physics
2026-03-07 19:44:34,953 | 2111642 | INFO | queue[0012] trial 37 fold 5 physics
2026-03-07 19:44:34,954 | 2111642 | INFO | queue[0013] trial 38 fold 1 physics
2026-03-07 19:44:34,954 | 2111642 | INFO | queue[0014] trial 38 fold 2 physics
2026-03-07 19:44:34,954 | 2111642 | INFO | queue[0015] trial 38 fold 3 physics
2026-03-07 19:44:34,954 | 2111642 | INFO | queue[0016] trial 38 fold 4 physics
2026-03-07 19:44:34,955 | 2111642 | INFO | queue[0017] trial 38 fold 5 physics
2026-03-07 19:44:34,955 | 2111642 | INFO | queue[0018] trial 39 fold 1 physics
2026-03-07 19:44:34,955 | 2111642 | INFO | queue[0019] trial 39 fold 2 physics
2026-03-07 19:44:34,955 | 2111642 | INFO | queue[0020] trial 39 fold 3 physics
2026-03-07 19:44:34,956 | 2111642 | INFO | queue[0021] trial 39 fold 4 physics
2026-03-07 19:44:34,956 | 2111642 | INFO | queue[0022] trial 39 fold 5 physics
2026-03-07 19:44:34,956 | 2111642 | INFO | queue[0023] trial 40 fold 1 physics
2026-03-07 19:44:34,957 | 2111642 | INFO | queue[0024] trial 40 fold 2 physics
2026-03-07 19:44:34,957 | 2111642 | INFO | queue[0025] trial 40 fold 3 physics
2026-03-07 19:44:34,957 | 2111642 | INFO | queue[0026] trial 40 fold 4 physics
2026-03-07 19:44:34,957 | 2111642 | INFO | queue[0027] trial 40 fold 5 physics
2026-03-07 19:44:34,958 | 2111642 | INFO | queue[0028] trial 41 fold 1 physics
2026-03-07 19:44:34,958 | 2111642 | INFO | queue[0029] trial 41 fold 2 physics
2026-03-07 19:44:34,958 | 2111642 | INFO | queue[0030] trial 41 fold 3 physics
2026-03-07 19:44:34,958 | 2111642 | INFO | queue[0031] trial 41 fold 4 physics
2026-03-07 19:44:34,959 | 2111642 | INFO | queue[0032] trial 41 fold 5 physics
2026-03-07 19:44:34,959 | 2111642 | INFO | queue[0033] trial 42 fold 1 physics
2026-03-07 19:44:34,959 | 2111642 | INFO | queue[0034] trial 42 fold 2 physics
2026-03-07 19:44:34,959 | 2111642 | INFO | queue[0035] trial 42 fold 3 physics
2026-03-07 19:44:34,959 | 2111642 | INFO | queue[0036] trial 42 fold 4 physics
2026-03-07 19:44:34,959 | 2111642 | INFO | queue[0037] trial 42 fold 5 physics
2026-03-07 19:44:34,959 | 2111642 | INFO | queue[0038] trial 43 fold 1 physics
2026-03-07 19:44:34,960 | 2111642 | INFO | queue[0039] trial 43 fold 2 physics
2026-03-07 19:44:34,960 | 2111642 | INFO | queue[0040] trial 43 fold 3 physics
2026-03-07 19:44:34,960 | 2111642 | INFO | queue[0041] trial 43 fold 4 physics
2026-03-07 19:44:34,960 | 2111642 | INFO | queue[0042] trial 43 fold 5 physics
2026-03-07 19:44:34,960 | 2111642 | INFO | queue[0043] trial 44 fold 1 physics
2026-03-07 19:44:34,960 | 2111642 | INFO | queue[0044] trial 44 fold 2 physics
2026-03-07 19:44:34,960 | 2111642 | INFO | queue[0045] trial 44 fold 3 physics
2026-03-07 19:44:34,960 | 2111642 | INFO | queue[0046] trial 44 fold 4 physics
2026-03-07 19:44:34,961 | 2111642 | INFO | queue[0047] trial 44 fold 5 physics
2026-03-07 19:44:34,961 | 2111642 | INFO | queue[0048] trial 45 fold 1 physics
2026-03-07 19:44:34,961 | 2111642 | INFO | queue[0049] trial 45 fold 2 physics
2026-03-07 19:44:34,961 | 2111642 | INFO | queue[0050] trial 45 fold 3 physics
2026-03-07 19:44:34,961 | 2111642 | INFO | queue[0051] trial 45 fold 4 physics
2026-03-07 19:44:34,961 | 2111642 | INFO | queue[0052] trial 45 fold 5 physics
2026-03-07 19:44:34,961 | 2111642 | INFO | [END BAYES QUEUE]
2026-03-07 19:47:10,774 | 2111642 | INFO | [TRIAL COMPLETE] trial 26 physics NSE_1D=0.81991 NSE_1H=0.85770
2026-03-07 19:53:38,069 | 2111642 | INFO | [TRIAL COMPLETE] trial 3 physics NSE_1D=0.88887 NSE_1H=0.88858
2026-03-07 19:53:38,390 | 2111642 | INFO | [ENQUEUE TRIAL] trial 46 physics
2026-03-07 19:53:38,391 | 2111642 | INFO | [BAYES QUEUE STATE]
2026-03-07 19:53:38,391 | 2111642 | INFO | pending_jobs = 54
2026-03-07 19:53:38,391 | 2111642 | INFO | inflight_trials = [7, 9, 15, 16, 18, 19, 20, 27, 28, 29, 31, 32, 33, 34, 35, 36, 37, 38, 39, 40, 41, 42, 43, 44, 45]
2026-03-07 19:53:38,392 | 2111642 | INFO | queue[0000] trial 36 fold 2 physics
2026-03-07 19:53:38,392 | 2111642 | INFO | queue[0001] trial 36 fold 3 physics
2026-03-07 19:53:38,392 | 2111642 | INFO | queue[0002] trial 36 fold 4 physics
2026-03-07 19:53:38,393 | 2111642 | INFO | queue[0003] trial 36 fold 5 physics
2026-03-07 19:53:38,393 | 2111642 | INFO | queue[0004] trial 37 fold 1 physics
2026-03-07 19:53:38,393 | 2111642 | INFO | queue[0005] trial 37 fold 2 physics
2026-03-07 19:53:38,394 | 2111642 | INFO | queue[0006] trial 37 fold 3 physics
2026-03-07 19:53:38,394 | 2111642 | INFO | queue[0007] trial 37 fold 4 physics
2026-03-07 19:53:38,394 | 2111642 | INFO | queue[0008] trial 37 fold 5 physics
2026-03-07 19:53:38,395 | 2111642 | INFO | queue[0009] trial 38 fold 1 physics
2026-03-07 19:53:38,395 | 2111642 | INFO | queue[0010] trial 38 fold 2 physics
2026-03-07 19:53:38,395 | 2111642 | INFO | queue[0011] trial 38 fold 3 physics
2026-03-07 19:53:38,395 | 2111642 | INFO | queue[0012] trial 38 fold 4 physics
2026-03-07 19:53:38,396 | 2111642 | INFO | queue[0013] trial 38 fold 5 physics
2026-03-07 19:53:38,396 | 2111642 | INFO | queue[0014] trial 39 fold 1 physics
2026-03-07 19:53:38,396 | 2111642 | INFO | queue[0015] trial 39 fold 2 physics
2026-03-07 19:53:38,396 | 2111642 | INFO | queue[0016] trial 39 fold 3 physics
2026-03-07 19:53:38,396 | 2111642 | INFO | queue[0017] trial 39 fold 4 physics
2026-03-07 19:53:38,396 | 2111642 | INFO | queue[0018] trial 39 fold 5 physics
2026-03-07 19:53:38,397 | 2111642 | INFO | queue[0019] trial 40 fold 1 physics
2026-03-07 19:53:38,397 | 2111642 | INFO | queue[0020] trial 40 fold 2 physics
2026-03-07 19:53:38,397 | 2111642 | INFO | queue[0021] trial 40 fold 3 physics
2026-03-07 19:53:38,397 | 2111642 | INFO | queue[0022] trial 40 fold 4 physics
2026-03-07 19:53:38,397 | 2111642 | INFO | queue[0023] trial 40 fold 5 physics
2026-03-07 19:53:38,398 | 2111642 | INFO | queue[0024] trial 41 fold 1 physics
2026-03-07 19:53:38,398 | 2111642 | INFO | queue[0025] trial 41 fold 2 physics
2026-03-07 19:53:38,398 | 2111642 | INFO | queue[0026] trial 41 fold 3 physics
2026-03-07 19:53:38,398 | 2111642 | INFO | queue[0027] trial 41 fold 4 physics
2026-03-07 19:53:38,398 | 2111642 | INFO | queue[0028] trial 41 fold 5 physics
2026-03-07 19:53:38,399 | 2111642 | INFO | queue[0029] trial 42 fold 1 physics
2026-03-07 19:53:38,399 | 2111642 | INFO | queue[0030] trial 42 fold 2 physics
2026-03-07 19:53:38,399 | 2111642 | INFO | queue[0031] trial 42 fold 3 physics
2026-03-07 19:53:38,399 | 2111642 | INFO | queue[0032] trial 42 fold 4 physics
2026-03-07 19:53:38,399 | 2111642 | INFO | queue[0033] trial 42 fold 5 physics
2026-03-07 19:53:38,400 | 2111642 | INFO | queue[0034] trial 43 fold 1 physics
2026-03-07 19:53:38,400 | 2111642 | INFO | queue[0035] trial 43 fold 2 physics
2026-03-07 19:53:38,400 | 2111642 | INFO | queue[0036] trial 43 fold 3 physics
2026-03-07 19:53:38,400 | 2111642 | INFO | queue[0037] trial 43 fold 4 physics
2026-03-07 19:53:38,400 | 2111642 | INFO | queue[0038] trial 43 fold 5 physics
2026-03-07 19:53:38,401 | 2111642 | INFO | queue[0039] trial 44 fold 1 physics
2026-03-07 19:53:38,401 | 2111642 | INFO | queue[0040] trial 44 fold 2 physics
2026-03-07 19:53:38,401 | 2111642 | INFO | queue[0041] trial 44 fold 3 physics
2026-03-07 19:53:38,401 | 2111642 | INFO | queue[0042] trial 44 fold 4 physics
2026-03-07 19:53:38,401 | 2111642 | INFO | queue[0043] trial 44 fold 5 physics
2026-03-07 19:53:38,402 | 2111642 | INFO | queue[0044] trial 45 fold 1 physics
2026-03-07 19:53:38,402 | 2111642 | INFO | queue[0045] trial 45 fold 2 physics
2026-03-07 19:53:38,402 | 2111642 | INFO | queue[0046] trial 45 fold 3 physics
2026-03-07 19:53:38,402 | 2111642 | INFO | queue[0047] trial 45 fold 4 physics
2026-03-07 19:53:38,402 | 2111642 | INFO | queue[0048] trial 45 fold 5 physics
2026-03-07 19:53:38,402 | 2111642 | INFO | queue[0049] trial 46 fold 1 physics
2026-03-07 19:53:38,402 | 2111642 | INFO | queue[0050] trial 46 fold 2 physics
2026-03-07 19:53:38,403 | 2111642 | INFO | queue[0051] trial 46 fold 3 physics
2026-03-07 19:53:38,403 | 2111642 | INFO | queue[0052] trial 46 fold 4 physics
2026-03-07 19:53:38,403 | 2111642 | INFO | queue[0053] trial 46 fold 5 physics
2026-03-07 19:53:38,403 | 2111642 | INFO | [END BAYES QUEUE]
2026-03-07 20:38:03,666 | 2111642 | INFO | [TRIAL COMPLETE] trial 32 physics NSE_1D=0.89622 NSE_1H=0.87683
2026-03-07 20:38:03,990 | 2111642 | INFO | [ENQUEUE TRIAL] trial 47 physics
2026-03-07 20:38:03,991 | 2111642 | INFO | [BAYES QUEUE STATE]
2026-03-07 20:38:03,992 | 2111642 | INFO | pending_jobs = 50
2026-03-07 20:38:03,992 | 2111642 | INFO | inflight_trials = [7, 9, 15, 16, 18, 19, 20, 27, 28, 29, 32, 33, 34, 35, 36, 37, 38, 39, 40, 41, 42, 43, 44, 45, 46]
2026-03-07 20:38:03,992 | 2111642 | INFO | queue[0000] trial 38 fold 1 physics
2026-03-07 20:38:03,993 | 2111642 | INFO | queue[0001] trial 38 fold 2 physics
2026-03-07 20:38:03,993 | 2111642 | INFO | queue[0002] trial 38 fold 3 physics
2026-03-07 20:38:03,993 | 2111642 | INFO | queue[0003] trial 38 fold 4 physics
2026-03-07 20:38:03,994 | 2111642 | INFO | queue[0004] trial 38 fold 5 physics
2026-03-07 20:38:03,994 | 2111642 | INFO | queue[0005] trial 39 fold 1 physics
2026-03-07 20:38:03,994 | 2111642 | INFO | queue[0006] trial 39 fold 2 physics
2026-03-07 20:38:03,995 | 2111642 | INFO | queue[0007] trial 39 fold 3 physics
2026-03-07 20:38:03,995 | 2111642 | INFO | queue[0008] trial 39 fold 4 physics
2026-03-07 20:38:03,995 | 2111642 | INFO | queue[0009] trial 39 fold 5 physics
2026-03-07 20:38:03,996 | 2111642 | INFO | queue[0010] trial 40 fold 1 physics
2026-03-07 20:38:03,996 | 2111642 | INFO | queue[0011] trial 40 fold 2 physics
2026-03-07 20:38:03,996 | 2111642 | INFO | queue[0012] trial 40 fold 3 physics
2026-03-07 20:38:03,997 | 2111642 | INFO | queue[0013] trial 40 fold 4 physics
2026-03-07 20:38:03,997 | 2111642 | INFO | queue[0014] trial 40 fold 5 physics
2026-03-07 20:38:03,998 | 2111642 | INFO | queue[0015] trial 41 fold 1 physics
2026-03-07 20:38:03,998 | 2111642 | INFO | queue[0016] trial 41 fold 2 physics
2026-03-07 20:38:03,998 | 2111642 | INFO | queue[0017] trial 41 fold 3 physics
2026-03-07 20:38:03,999 | 2111642 | INFO | queue[0018] trial 41 fold 4 physics
2026-03-07 20:38:03,999 | 2111642 | INFO | queue[0019] trial 41 fold 5 physics
2026-03-07 20:38:03,999 | 2111642 | INFO | queue[0020] trial 42 fold 1 physics
2026-03-07 20:38:03,999 | 2111642 | INFO | queue[0021] trial 42 fold 2 physics
2026-03-07 20:38:03,999 | 2111642 | INFO | queue[0022] trial 42 fold 3 physics
2026-03-07 20:38:03,999 | 2111642 | INFO | queue[0023] trial 42 fold 4 physics
2026-03-07 20:38:03,999 | 2111642 | INFO | queue[0024] trial 42 fold 5 physics
2026-03-07 20:38:04,000 | 2111642 | INFO | queue[0025] trial 43 fold 1 physics
2026-03-07 20:38:04,000 | 2111642 | INFO | queue[0026] trial 43 fold 2 physics
2026-03-07 20:38:04,000 | 2111642 | INFO | queue[0027] trial 43 fold 3 physics
2026-03-07 20:38:04,000 | 2111642 | INFO | queue[0028] trial 43 fold 4 physics
2026-03-07 20:38:04,000 | 2111642 | INFO | queue[0029] trial 43 fold 5 physics
2026-03-07 20:38:04,000 | 2111642 | INFO | queue[0030] trial 44 fold 1 physics
2026-03-07 20:38:04,000 | 2111642 | INFO | queue[0031] trial 44 fold 2 physics
2026-03-07 20:38:04,001 | 2111642 | INFO | queue[0032] trial 44 fold 3 physics
2026-03-07 20:38:04,001 | 2111642 | INFO | queue[0033] trial 44 fold 4 physics
2026-03-07 20:38:04,001 | 2111642 | INFO | queue[0034] trial 44 fold 5 physics
2026-03-07 20:38:04,001 | 2111642 | INFO | queue[0035] trial 45 fold 1 physics
2026-03-07 20:38:04,001 | 2111642 | INFO | queue[0036] trial 45 fold 2 physics
2026-03-07 20:38:04,001 | 2111642 | INFO | queue[0037] trial 45 fold 3 physics
2026-03-07 20:38:04,001 | 2111642 | INFO | queue[0038] trial 45 fold 4 physics
2026-03-07 20:38:04,002 | 2111642 | INFO | queue[0039] trial 45 fold 5 physics
2026-03-07 20:38:04,002 | 2111642 | INFO | queue[0040] trial 46 fold 1 physics
2026-03-07 20:38:04,002 | 2111642 | INFO | queue[0041] trial 46 fold 2 physics
2026-03-07 20:38:04,002 | 2111642 | INFO | queue[0042] trial 46 fold 3 physics
2026-03-07 20:38:04,002 | 2111642 | INFO | queue[0043] trial 46 fold 4 physics
2026-03-07 20:38:04,003 | 2111642 | INFO | queue[0044] trial 46 fold 5 physics
2026-03-07 20:38:04,003 | 2111642 | INFO | queue[0045] trial 47 fold 1 physics
2026-03-07 20:38:04,003 | 2111642 | INFO | queue[0046] trial 47 fold 2 physics
2026-03-07 20:38:04,003 | 2111642 | INFO | queue[0047] trial 47 fold 3 physics
2026-03-07 20:38:04,003 | 2111642 | INFO | queue[0048] trial 47 fold 4 physics
2026-03-07 20:38:04,004 | 2111642 | INFO | queue[0049] trial 47 fold 5 physics
2026-03-07 20:38:04,004 | 2111642 | INFO | [END BAYES QUEUE]
2026-03-07 20:38:04,310 | 2111642 | INFO | [ENQUEUE TRIAL] trial 48 physics
2026-03-07 20:38:04,311 | 2111642 | INFO | [BAYES QUEUE STATE]
2026-03-07 20:38:04,311 | 2111642 | INFO | pending_jobs = 55
2026-03-07 20:38:04,312 | 2111642 | INFO | inflight_trials = [7, 9, 15, 16, 18, 19, 20, 27, 28, 29, 32, 33, 34, 35, 36, 37, 38, 39, 40, 41, 42, 43, 44, 45, 46, 47]
2026-03-07 20:38:04,312 | 2111642 | INFO | queue[0000] trial 38 fold 1 physics
2026-03-07 20:38:04,312 | 2111642 | INFO | queue[0001] trial 38 fold 2 physics
2026-03-07 20:38:04,313 | 2111642 | INFO | queue[0002] trial 38 fold 3 physics
2026-03-07 20:38:04,313 | 2111642 | INFO | queue[0003] trial 38 fold 4 physics
2026-03-07 20:38:04,313 | 2111642 | INFO | queue[0004] trial 38 fold 5 physics
2026-03-07 20:38:04,314 | 2111642 | INFO | queue[0005] trial 39 fold 1 physics
2026-03-07 20:38:04,314 | 2111642 | INFO | queue[0006] trial 39 fold 2 physics
2026-03-07 20:38:04,314 | 2111642 | INFO | queue[0007] trial 39 fold 3 physics
2026-03-07 20:38:04,315 | 2111642 | INFO | queue[0008] trial 39 fold 4 physics
2026-03-07 20:38:04,315 | 2111642 | INFO | queue[0009] trial 39 fold 5 physics
2026-03-07 20:38:04,315 | 2111642 | INFO | queue[0010] trial 40 fold 1 physics
2026-03-07 20:38:04,315 | 2111642 | INFO | queue[0011] trial 40 fold 2 physics
2026-03-07 20:38:04,316 | 2111642 | INFO | queue[0012] trial 40 fold 3 physics
2026-03-07 20:38:04,316 | 2111642 | INFO | queue[0013] trial 40 fold 4 physics
2026-03-07 20:38:04,316 | 2111642 | INFO | queue[0014] trial 40 fold 5 physics
2026-03-07 20:38:04,316 | 2111642 | INFO | queue[0015] trial 41 fold 1 physics
2026-03-07 20:38:04,316 | 2111642 | INFO | queue[0016] trial 41 fold 2 physics
2026-03-07 20:38:04,317 | 2111642 | INFO | queue[0017] trial 41 fold 3 physics
2026-03-07 20:38:04,317 | 2111642 | INFO | queue[0018] trial 41 fold 4 physics
2026-03-07 20:38:04,317 | 2111642 | INFO | queue[0019] trial 41 fold 5 physics
2026-03-07 20:38:04,317 | 2111642 | INFO | queue[0020] trial 42 fold 1 physics
2026-03-07 20:38:04,318 | 2111642 | INFO | queue[0021] trial 42 fold 2 physics
2026-03-07 20:38:04,318 | 2111642 | INFO | queue[0022] trial 42 fold 3 physics
2026-03-07 20:38:04,318 | 2111642 | INFO | queue[0023] trial 42 fold 4 physics
2026-03-07 20:38:04,318 | 2111642 | INFO | queue[0024] trial 42 fold 5 physics
2026-03-07 20:38:04,319 | 2111642 | INFO | queue[0025] trial 43 fold 1 physics
2026-03-07 20:38:04,319 | 2111642 | INFO | queue[0026] trial 43 fold 2 physics
2026-03-07 20:38:04,319 | 2111642 | INFO | queue[0027] trial 43 fold 3 physics
2026-03-07 20:38:04,319 | 2111642 | INFO | queue[0028] trial 43 fold 4 physics
2026-03-07 20:38:04,319 | 2111642 | INFO | queue[0029] trial 43 fold 5 physics
2026-03-07 20:38:04,320 | 2111642 | INFO | queue[0030] trial 44 fold 1 physics
2026-03-07 20:38:04,320 | 2111642 | INFO | queue[0031] trial 44 fold 2 physics
2026-03-07 20:38:04,320 | 2111642 | INFO | queue[0032] trial 44 fold 3 physics
2026-03-07 20:38:04,320 | 2111642 | INFO | queue[0033] trial 44 fold 4 physics
2026-03-07 20:38:04,321 | 2111642 | INFO | queue[0034] trial 44 fold 5 physics
2026-03-07 20:38:04,321 | 2111642 | INFO | queue[0035] trial 45 fold 1 physics
2026-03-07 20:38:04,321 | 2111642 | INFO | queue[0036] trial 45 fold 2 physics
2026-03-07 20:38:04,321 | 2111642 | INFO | queue[0037] trial 45 fold 3 physics
2026-03-07 20:38:04,321 | 2111642 | INFO | queue[0038] trial 45 fold 4 physics
2026-03-07 20:38:04,322 | 2111642 | INFO | queue[0039] trial 45 fold 5 physics
2026-03-07 20:38:04,322 | 2111642 | INFO | queue[0040] trial 46 fold 1 physics
2026-03-07 20:38:04,322 | 2111642 | INFO | queue[0041] trial 46 fold 2 physics
2026-03-07 20:38:04,322 | 2111642 | INFO | queue[0042] trial 46 fold 3 physics
2026-03-07 20:38:04,322 | 2111642 | INFO | queue[0043] trial 46 fold 4 physics
2026-03-07 20:38:04,322 | 2111642 | INFO | queue[0044] trial 46 fold 5 physics
2026-03-07 20:38:04,322 | 2111642 | INFO | queue[0045] trial 47 fold 1 physics
2026-03-07 20:38:04,323 | 2111642 | INFO | queue[0046] trial 47 fold 2 physics
2026-03-07 20:38:04,323 | 2111642 | INFO | queue[0047] trial 47 fold 3 physics
2026-03-07 20:38:04,323 | 2111642 | INFO | queue[0048] trial 47 fold 4 physics
2026-03-07 20:38:04,323 | 2111642 | INFO | queue[0049] trial 47 fold 5 physics
2026-03-07 20:38:04,323 | 2111642 | INFO | queue[0050] trial 48 fold 1 physics
2026-03-07 20:38:04,323 | 2111642 | INFO | queue[0051] trial 48 fold 2 physics
2026-03-07 20:38:04,323 | 2111642 | INFO | queue[0052] trial 48 fold 3 physics
2026-03-07 20:38:04,324 | 2111642 | INFO | queue[0053] trial 48 fold 4 physics
2026-03-07 20:38:04,324 | 2111642 | INFO | queue[0054] trial 48 fold 5 physics
2026-03-07 20:38:04,324 | 2111642 | INFO | [END BAYES QUEUE]
2026-03-07 20:47:24,415 | 2111642 | INFO | [TRIAL COMPLETE] trial 17 physics NSE_1D=0.90792 NSE_1H=0.91334
2026-03-07 20:49:32,670 | 2111642 | INFO | [TRIAL COMPLETE] trial 8 physics NSE_1D=0.87077 NSE_1H=0.84998
2026-03-07 22:17:34,726 | 2111642 | INFO | [TRIAL COMPLETE] trial 16 physics NSE_1D=0.86769 NSE_1H=0.88279
2026-03-08 00:17:03,333 | 2111642 | INFO | [TRIAL COMPLETE] trial 10 physics NSE_1D=0.85100 NSE_1H=0.85516
2026-03-08 00:30:34,493 | 2111642 | INFO | [TRIAL COMPLETE] trial 19 physics NSE_1D=0.81494 NSE_1H=0.90076
2026-03-08 00:34:20,740 | 2111642 | INFO | [TRIAL COMPLETE] trial 30 physics NSE_1D=0.88134 NSE_1H=0.88816
2026-03-08 00:42:21,790 | 2111642 | INFO | [TRIAL COMPLETE] trial 36 physics NSE_1D=0.88812 NSE_1H=0.86119
2026-03-08 00:42:43,499 | 2111642 | INFO | [TRIAL COMPLETE] trial 28 physics NSE_1D=0.81249 NSE_1H=0.89001
2026-03-08 01:06:03,862 | 2111642 | INFO | [TRIAL COMPLETE] trial 21 physics NSE_1D=0.89902 NSE_1H=0.89460
2026-03-08 01:09:39,562 | 2111642 | INFO | [TRIAL COMPLETE] trial 20 physics NSE_1D=0.89074 NSE_1H=0.88132
2026-03-08 01:43:46,543 | 2111642 | INFO | [TRIAL COMPLETE] trial 38 physics NSE_1D=0.87734 NSE_1H=0.86383
2026-03-08 03:26:20,177 | 2111642 | INFO | [TRIAL COMPLETE] trial 29 physics NSE_1D=0.90346 NSE_1H=0.89644
2026-03-08 04:18:24,563 | 2111642 | INFO | [TRIAL COMPLETE] trial 34 physics NSE_1D=0.86151 NSE_1H=0.88188
2026-03-08 04:26:22,428 | 2111642 | INFO | [TRIAL COMPLETE] trial 35 physics NSE_1D=0.88142 NSE_1H=0.86910
2026-03-08 04:29:50,319 | 2111642 | INFO | [TRIAL COMPLETE] trial 33 physics NSE_1D=0.89850 NSE_1H=0.88374
2026-03-08 05:04:33,653 | 2111642 | INFO | [TRIAL COMPLETE] trial 37 physics NSE_1D=0.89199 NSE_1H=0.85553
