2026-03-28 15:39:10,421 | 1199214 | INFO | [+   0.05s]
2026-03-28 15:39:10,442 | 1199214 | INFO | Basin: hopland, GPU: -1, Verbose: True
2026-03-28 15:39:10,442 | 1199214 | INFO | [+   0.07s]
2026-03-28 15:39:10,443 | 1199214 | INFO | Pre-warming numba JIT ...
2026-03-28 15:39:14,183 | 1199214 | INFO | [+   3.81s]
2026-03-28 15:39:14,214 | 1199214 | INFO | Numba JIT pre-compiled.
2026-03-28 15:39:14,228 | 1199214 | INFO | YAML PATH:
2026-03-28 15:39:14,228 | 1199214 | INFO | /global/scratch/users/maxwellfung/UCB-USACE-RR-PROJECT/UCB_training/configs/hopland_mtslstm2.yaml
2026-03-28 15:39:14,298 | 1199214 | INFO | [+   3.92s]
2026-03-28 15:39:14,298 | 1199214 | INFO | 288 combinations, 50 workers
2026-03-28 15:39:14,299 | 1199214 | INFO | run_gridsearch =
2026-03-28 15:39:14,299 | 1199214 | INFO | False
2026-03-28 15:39:14,318 | 1199214 | INFO | hparams_exists =
2026-03-28 15:39:14,319 | 1199214 | INFO | False
2026-03-28 15:39:14,385 | 1199214 | INFO | [SYNTHETIC CV MODE DETECTED]
2026-03-28 15:39:14,385 | 1199214 | INFO | Dataset:
2026-03-28 15:39:14,385 | 1199214 | INFO | synthetic_russian_river
2026-03-28 15:39:14,385 | 1199214 | INFO | Train ranges:
2026-03-28 15:39:14,385 | 1199214 | INFO | ['01/10/1995-30/09/1996', '01/10/1998-30/09/1999', '01/10/1999-30/09/2000', '01/10/2001-30/09/2002', '01/10/2002-30/09/2003', '01/10/2003-30/09/2004', '01/10/2007-30/09/2008', '01/10/2008-30/09/2009']
2026-03-28 15:39:14,385 | 1199214 | INFO | Validation ranges:
2026-03-28 15:39:14,386 | 1199214 | INFO | ['01/10/1997-30/09/1998', '01/10/2004-30/09/2005']
2026-03-28 15:39:14,386 | 1199214 | INFO | All ranges:
2026-03-28 15:39:14,386 | 1199214 | INFO | ['01/10/1995-30/09/1996', '01/10/1998-30/09/1999', '01/10/1999-30/09/2000', '01/10/2001-30/09/2002', '01/10/2002-30/09/2003', '01/10/2003-30/09/2004', '01/10/2007-30/09/2008', '01/10/2008-30/09/2009', '01/10/1997-30/09/1998', '01/10/2004-30/09/2005']
2026-03-28 15:39:14,386 | 1199214 | INFO | [SYNTHETIC FOLD 1] train=['01/10/1995-30/09/1996', '01/10/1998-30/09/1999'] val=['01/10/1999-30/09/2000']
2026-03-28 15:39:14,386 | 1199214 | INFO | [SYNTHETIC FOLD 2] train=['01/10/1995-30/09/1996', '01/10/1998-30/09/1999', '01/10/1999-30/09/2000', '01/10/2001-30/09/2002'] val=['01/10/2002-30/09/2003']
2026-03-28 15:39:14,386 | 1199214 | INFO | [SYNTHETIC FOLD 3] train=['01/10/1995-30/09/1996', '01/10/1998-30/09/1999', '01/10/1999-30/09/2000', '01/10/2001-30/09/2002', '01/10/2002-30/09/2003', '01/10/2003-30/09/2004'] val=['01/10/2007-30/09/2008']
2026-03-28 15:39:14,387 | 1199214 | INFO | [SYNTHETIC FOLD 4] train=['01/10/1995-30/09/1996', '01/10/1998-30/09/1999', '01/10/1999-30/09/2000', '01/10/2001-30/09/2002', '01/10/2002-30/09/2003', '01/10/2003-30/09/2004', '01/10/2007-30/09/2008', '01/10/2008-30/09/2009'] val=['01/10/1997-30/09/1998']
2026-03-28 15:39:14,387 | 1199214 | INFO | [EXTERNAL CV FOLDS]
2026-03-28 15:39:14,387 | 1199214 | INFO | fold 1: train None -> None | val None -> None | eval None -> None
2026-03-28 15:39:14,387 | 1199214 | INFO | fold 2: train None -> None | val None -> None | eval None -> None
2026-03-28 15:39:14,387 | 1199214 | INFO | fold 3: train None -> None | val None -> None | eval None -> None
2026-03-28 15:39:14,387 | 1199214 | INFO | fold 4: train None -> None | val None -> None | eval None -> None
2026-03-28 15:39:14,387 | 1199214 | INFO | [EXTERNAL CV FOLDS] total folds = 4
2026-03-28 15:39:14,388 | 1199214 | INFO | [BAYESIAN OPTIMIZATION] Using 50 parallel workers
2026-03-28 15:39:14,489 | 1199214 | INFO | [OPTUNA SEED] journal empty → seeding from CSV
2026-03-28 15:39:14,493 | 1199214 | INFO | [OPTUNA SEED] no CSV found
2026-03-28 15:39:14,493 | 1199214 | INFO | [BAYES] no_physics: 13 parallel trials x 4 folds = up to 52 workers
2026-03-28 15:39:14,494 | 1199214 | INFO | /global/scratch/users/maxwellfung/UCB-USACE-RR-PROJECT/outputs/hopland/mts_shared/hyperparams/archive/hopland_mts_EXTREME_YEARS_no_physics_gridsearch_20260328T223910Z.csv
2026-03-28 15:39:14,495 | 1199214 | INFO | [REPLAY] No previous trials found.
2026-03-28 15:39:14,495 | 1199214 | INFO | [RESUME] starting from trial 0
2026-03-28 15:39:14,833 | 1199214 | INFO | [ENQUEUE TRIAL] trial 1 no_physics
2026-03-28 15:39:14,834 | 1199214 | INFO | [BAYES QUEUE STATE]
2026-03-28 15:39:14,834 | 1199214 | INFO | pending_jobs = 4
2026-03-28 15:39:14,835 | 1199214 | INFO | inflight_trials = [0]
2026-03-28 15:39:14,835 | 1199214 | INFO | queue[0000] trial 1 fold 1 no_physics
2026-03-28 15:39:14,835 | 1199214 | INFO | queue[0001] trial 1 fold 2 no_physics
2026-03-28 15:39:14,836 | 1199214 | INFO | queue[0002] trial 1 fold 3 no_physics
2026-03-28 15:39:14,836 | 1199214 | INFO | queue[0003] trial 1 fold 4 no_physics
2026-03-28 15:39:14,836 | 1199214 | INFO | [END BAYES QUEUE]
2026-03-28 15:39:15,171 | 1199214 | INFO | [ENQUEUE TRIAL] trial 2 no_physics
2026-03-28 15:39:15,171 | 1199214 | INFO | [BAYES QUEUE STATE]
2026-03-28 15:39:15,172 | 1199214 | INFO | pending_jobs = 8
2026-03-28 15:39:15,172 | 1199214 | INFO | inflight_trials = [0, 1]
2026-03-28 15:39:15,172 | 1199214 | INFO | queue[0000] trial 1 fold 1 no_physics
2026-03-28 15:39:15,173 | 1199214 | INFO | queue[0001] trial 1 fold 2 no_physics
2026-03-28 15:39:15,173 | 1199214 | INFO | queue[0002] trial 1 fold 3 no_physics
2026-03-28 15:39:15,173 | 1199214 | INFO | queue[0003] trial 1 fold 4 no_physics
2026-03-28 15:39:15,173 | 1199214 | INFO | queue[0004] trial 2 fold 1 no_physics
2026-03-28 15:39:15,174 | 1199214 | INFO | queue[0005] trial 2 fold 2 no_physics
2026-03-28 15:39:15,174 | 1199214 | INFO | queue[0006] trial 2 fold 3 no_physics
2026-03-28 15:39:15,174 | 1199214 | INFO | queue[0007] trial 2 fold 4 no_physics
2026-03-28 15:39:15,175 | 1199214 | INFO | [END BAYES QUEUE]
2026-03-28 15:39:15,613 | 1199214 | INFO | [ENQUEUE TRIAL] trial 3 no_physics
2026-03-28 15:39:15,624 | 1199214 | INFO | [BAYES QUEUE STATE]
2026-03-28 15:39:15,625 | 1199214 | INFO | pending_jobs = 12
2026-03-28 15:39:15,625 | 1199214 | INFO | inflight_trials = [0, 1, 2]
2026-03-28 15:39:15,626 | 1199214 | INFO | queue[0000] trial 1 fold 1 no_physics
2026-03-28 15:39:15,626 | 1199214 | INFO | queue[0001] trial 1 fold 2 no_physics
2026-03-28 15:39:15,626 | 1199214 | INFO | queue[0002] trial 1 fold 3 no_physics
2026-03-28 15:39:15,627 | 1199214 | INFO | queue[0003] trial 1 fold 4 no_physics
2026-03-28 15:39:15,627 | 1199214 | INFO | queue[0004] trial 2 fold 1 no_physics
2026-03-28 15:39:15,627 | 1199214 | INFO | queue[0005] trial 2 fold 2 no_physics
2026-03-28 15:39:15,628 | 1199214 | INFO | queue[0006] trial 2 fold 3 no_physics
2026-03-28 15:39:15,628 | 1199214 | INFO | queue[0007] trial 2 fold 4 no_physics
2026-03-28 15:39:15,628 | 1199214 | INFO | queue[0008] trial 3 fold 1 no_physics
2026-03-28 15:39:15,629 | 1199214 | INFO | queue[0009] trial 3 fold 2 no_physics
2026-03-28 15:39:15,629 | 1199214 | INFO | queue[0010] trial 3 fold 3 no_physics
2026-03-28 15:39:15,629 | 1199214 | INFO | queue[0011] trial 3 fold 4 no_physics
2026-03-28 15:39:15,629 | 1199214 | INFO | [END BAYES QUEUE]
2026-03-28 15:39:16,007 | 1199214 | INFO | [ENQUEUE TRIAL] trial 4 no_physics
2026-03-28 15:39:16,007 | 1199214 | INFO | [BAYES QUEUE STATE]
2026-03-28 15:39:16,007 | 1199214 | INFO | pending_jobs = 16
2026-03-28 15:39:16,008 | 1199214 | INFO | inflight_trials = [0, 1, 2, 3]
2026-03-28 15:39:16,008 | 1199214 | INFO | queue[0000] trial 1 fold 1 no_physics
2026-03-28 15:39:16,008 | 1199214 | INFO | queue[0001] trial 1 fold 2 no_physics
2026-03-28 15:39:16,009 | 1199214 | INFO | queue[0002] trial 1 fold 3 no_physics
2026-03-28 15:39:16,009 | 1199214 | INFO | queue[0003] trial 1 fold 4 no_physics
2026-03-28 15:39:16,009 | 1199214 | INFO | queue[0004] trial 2 fold 1 no_physics
2026-03-28 15:39:16,010 | 1199214 | INFO | queue[0005] trial 2 fold 2 no_physics
2026-03-28 15:39:16,010 | 1199214 | INFO | queue[0006] trial 2 fold 3 no_physics
2026-03-28 15:39:16,010 | 1199214 | INFO | queue[0007] trial 2 fold 4 no_physics
2026-03-28 15:39:16,011 | 1199214 | INFO | queue[0008] trial 3 fold 1 no_physics
2026-03-28 15:39:16,011 | 1199214 | INFO | queue[0009] trial 3 fold 2 no_physics
2026-03-28 15:39:16,011 | 1199214 | INFO | queue[0010] trial 3 fold 3 no_physics
2026-03-28 15:39:16,012 | 1199214 | INFO | queue[0011] trial 3 fold 4 no_physics
2026-03-28 15:39:16,012 | 1199214 | INFO | queue[0012] trial 4 fold 1 no_physics
2026-03-28 15:39:16,012 | 1199214 | INFO | queue[0013] trial 4 fold 2 no_physics
2026-03-28 15:39:16,013 | 1199214 | INFO | queue[0014] trial 4 fold 3 no_physics
2026-03-28 15:39:16,013 | 1199214 | INFO | queue[0015] trial 4 fold 4 no_physics
2026-03-28 15:39:16,013 | 1199214 | INFO | [END BAYES QUEUE]
2026-03-28 15:39:16,386 | 1199214 | INFO | [ENQUEUE TRIAL] trial 5 no_physics
2026-03-28 15:39:16,397 | 1199214 | INFO | [BAYES QUEUE STATE]
2026-03-28 15:39:16,398 | 1199214 | INFO | pending_jobs = 20
2026-03-28 15:39:16,398 | 1199214 | INFO | inflight_trials = [0, 1, 2, 3, 4]
2026-03-28 15:39:16,398 | 1199214 | INFO | queue[0000] trial 1 fold 1 no_physics
2026-03-28 15:39:16,399 | 1199214 | INFO | queue[0001] trial 1 fold 2 no_physics
2026-03-28 15:39:16,399 | 1199214 | INFO | queue[0002] trial 1 fold 3 no_physics
2026-03-28 15:39:16,399 | 1199214 | INFO | queue[0003] trial 1 fold 4 no_physics
2026-03-28 15:39:16,400 | 1199214 | INFO | queue[0004] trial 2 fold 1 no_physics
2026-03-28 15:39:16,400 | 1199214 | INFO | queue[0005] trial 2 fold 2 no_physics
2026-03-28 15:39:16,400 | 1199214 | INFO | queue[0006] trial 2 fold 3 no_physics
2026-03-28 15:39:16,400 | 1199214 | INFO | queue[0007] trial 2 fold 4 no_physics
2026-03-28 15:39:16,401 | 1199214 | INFO | queue[0008] trial 3 fold 1 no_physics
2026-03-28 15:39:16,401 | 1199214 | INFO | queue[0009] trial 3 fold 2 no_physics
2026-03-28 15:39:16,401 | 1199214 | INFO | queue[0010] trial 3 fold 3 no_physics
2026-03-28 15:39:16,402 | 1199214 | INFO | queue[0011] trial 3 fold 4 no_physics
2026-03-28 15:39:16,402 | 1199214 | INFO | queue[0012] trial 4 fold 1 no_physics
2026-03-28 15:39:16,402 | 1199214 | INFO | queue[0013] trial 4 fold 2 no_physics
2026-03-28 15:39:16,402 | 1199214 | INFO | queue[0014] trial 4 fold 3 no_physics
2026-03-28 15:39:16,403 | 1199214 | INFO | queue[0015] trial 4 fold 4 no_physics
2026-03-28 15:39:16,403 | 1199214 | INFO | queue[0016] trial 5 fold 1 no_physics
2026-03-28 15:39:16,403 | 1199214 | INFO | queue[0017] trial 5 fold 2 no_physics
2026-03-28 15:39:16,403 | 1199214 | INFO | queue[0018] trial 5 fold 3 no_physics
2026-03-28 15:39:16,403 | 1199214 | INFO | queue[0019] trial 5 fold 4 no_physics
2026-03-28 15:39:16,404 | 1199214 | INFO | [END BAYES QUEUE]
2026-03-28 15:39:16,743 | 1199214 | INFO | [ENQUEUE TRIAL] trial 6 no_physics
2026-03-28 15:39:16,743 | 1199214 | INFO | [BAYES QUEUE STATE]
2026-03-28 15:39:16,743 | 1199214 | INFO | pending_jobs = 24
2026-03-28 15:39:16,744 | 1199214 | INFO | inflight_trials = [0, 1, 2, 3, 4, 5]
2026-03-28 15:39:16,744 | 1199214 | INFO | queue[0000] trial 1 fold 1 no_physics
2026-03-28 15:39:16,744 | 1199214 | INFO | queue[0001] trial 1 fold 2 no_physics
2026-03-28 15:39:16,745 | 1199214 | INFO | queue[0002] trial 1 fold 3 no_physics
2026-03-28 15:39:16,745 | 1199214 | INFO | queue[0003] trial 1 fold 4 no_physics
2026-03-28 15:39:16,745 | 1199214 | INFO | queue[0004] trial 2 fold 1 no_physics
2026-03-28 15:39:16,746 | 1199214 | INFO | queue[0005] trial 2 fold 2 no_physics
2026-03-28 15:39:16,746 | 1199214 | INFO | queue[0006] trial 2 fold 3 no_physics
2026-03-28 15:39:16,746 | 1199214 | INFO | queue[0007] trial 2 fold 4 no_physics
2026-03-28 15:39:16,747 | 1199214 | INFO | queue[0008] trial 3 fold 1 no_physics
2026-03-28 15:39:16,747 | 1199214 | INFO | queue[0009] trial 3 fold 2 no_physics
2026-03-28 15:39:16,747 | 1199214 | INFO | queue[0010] trial 3 fold 3 no_physics
2026-03-28 15:39:16,747 | 1199214 | INFO | queue[0011] trial 3 fold 4 no_physics
2026-03-28 15:39:16,748 | 1199214 | INFO | queue[0012] trial 4 fold 1 no_physics
2026-03-28 15:39:16,748 | 1199214 | INFO | queue[0013] trial 4 fold 2 no_physics
2026-03-28 15:39:16,748 | 1199214 | INFO | queue[0014] trial 4 fold 3 no_physics
2026-03-28 15:39:16,748 | 1199214 | INFO | queue[0015] trial 4 fold 4 no_physics
2026-03-28 15:39:16,749 | 1199214 | INFO | queue[0016] trial 5 fold 1 no_physics
2026-03-28 15:39:16,749 | 1199214 | INFO | queue[0017] trial 5 fold 2 no_physics
2026-03-28 15:39:16,749 | 1199214 | INFO | queue[0018] trial 5 fold 3 no_physics
2026-03-28 15:39:16,749 | 1199214 | INFO | queue[0019] trial 5 fold 4 no_physics
2026-03-28 15:39:16,750 | 1199214 | INFO | queue[0020] trial 6 fold 1 no_physics
2026-03-28 15:39:16,750 | 1199214 | INFO | queue[0021] trial 6 fold 2 no_physics
2026-03-28 15:39:16,750 | 1199214 | INFO | queue[0022] trial 6 fold 3 no_physics
2026-03-28 15:39:16,750 | 1199214 | INFO | queue[0023] trial 6 fold 4 no_physics
2026-03-28 15:39:16,750 | 1199214 | INFO | [END BAYES QUEUE]
2026-03-28 15:39:17,115 | 1199214 | INFO | [ENQUEUE TRIAL] trial 7 no_physics
2026-03-28 15:39:17,116 | 1199214 | INFO | [BAYES QUEUE STATE]
2026-03-28 15:39:17,116 | 1199214 | INFO | pending_jobs = 28
2026-03-28 15:39:17,116 | 1199214 | INFO | inflight_trials = [0, 1, 2, 3, 4, 5, 6]
2026-03-28 15:39:17,117 | 1199214 | INFO | queue[0000] trial 1 fold 1 no_physics
2026-03-28 15:39:17,117 | 1199214 | INFO | queue[0001] trial 1 fold 2 no_physics
2026-03-28 15:39:17,117 | 1199214 | INFO | queue[0002] trial 1 fold 3 no_physics
2026-03-28 15:39:17,117 | 1199214 | INFO | queue[0003] trial 1 fold 4 no_physics
2026-03-28 15:39:17,118 | 1199214 | INFO | queue[0004] trial 2 fold 1 no_physics
2026-03-28 15:39:17,118 | 1199214 | INFO | queue[0005] trial 2 fold 2 no_physics
2026-03-28 15:39:17,118 | 1199214 | INFO | queue[0006] trial 2 fold 3 no_physics
2026-03-28 15:39:17,119 | 1199214 | INFO | queue[0007] trial 2 fold 4 no_physics
2026-03-28 15:39:17,119 | 1199214 | INFO | queue[0008] trial 3 fold 1 no_physics
2026-03-28 15:39:17,119 | 1199214 | INFO | queue[0009] trial 3 fold 2 no_physics
2026-03-28 15:39:17,120 | 1199214 | INFO | queue[0010] trial 3 fold 3 no_physics
2026-03-28 15:39:17,120 | 1199214 | INFO | queue[0011] trial 3 fold 4 no_physics
2026-03-28 15:39:17,120 | 1199214 | INFO | queue[0012] trial 4 fold 1 no_physics
2026-03-28 15:39:17,121 | 1199214 | INFO | queue[0013] trial 4 fold 2 no_physics
2026-03-28 15:39:17,121 | 1199214 | INFO | queue[0014] trial 4 fold 3 no_physics
2026-03-28 15:39:17,121 | 1199214 | INFO | queue[0015] trial 4 fold 4 no_physics
2026-03-28 15:39:17,122 | 1199214 | INFO | queue[0016] trial 5 fold 1 no_physics
2026-03-28 15:39:17,122 | 1199214 | INFO | queue[0017] trial 5 fold 2 no_physics
2026-03-28 15:39:17,122 | 1199214 | INFO | queue[0018] trial 5 fold 3 no_physics
2026-03-28 15:39:17,123 | 1199214 | INFO | queue[0019] trial 5 fold 4 no_physics
2026-03-28 15:39:17,123 | 1199214 | INFO | queue[0020] trial 6 fold 1 no_physics
2026-03-28 15:39:17,123 | 1199214 | INFO | queue[0021] trial 6 fold 2 no_physics
2026-03-28 15:39:17,123 | 1199214 | INFO | queue[0022] trial 6 fold 3 no_physics
2026-03-28 15:39:17,123 | 1199214 | INFO | queue[0023] trial 6 fold 4 no_physics
2026-03-28 15:39:17,124 | 1199214 | INFO | queue[0024] trial 7 fold 1 no_physics
2026-03-28 15:39:17,124 | 1199214 | INFO | queue[0025] trial 7 fold 2 no_physics
2026-03-28 15:39:17,124 | 1199214 | INFO | queue[0026] trial 7 fold 3 no_physics
2026-03-28 15:39:17,124 | 1199214 | INFO | queue[0027] trial 7 fold 4 no_physics
2026-03-28 15:39:17,124 | 1199214 | INFO | [END BAYES QUEUE]
2026-03-28 15:39:17,495 | 1199214 | INFO | [ENQUEUE TRIAL] trial 8 no_physics
2026-03-28 15:39:17,512 | 1199214 | INFO | [BAYES QUEUE STATE]
2026-03-28 15:39:17,512 | 1199214 | INFO | pending_jobs = 32
2026-03-28 15:39:17,512 | 1199214 | INFO | inflight_trials = [0, 1, 2, 3, 4, 5, 6, 7]
2026-03-28 15:39:17,513 | 1199214 | INFO | queue[0000] trial 1 fold 1 no_physics
2026-03-28 15:39:17,513 | 1199214 | INFO | queue[0001] trial 1 fold 2 no_physics
2026-03-28 15:39:17,513 | 1199214 | INFO | queue[0002] trial 1 fold 3 no_physics
2026-03-28 15:39:17,514 | 1199214 | INFO | queue[0003] trial 1 fold 4 no_physics
2026-03-28 15:39:17,514 | 1199214 | INFO | queue[0004] trial 2 fold 1 no_physics
2026-03-28 15:39:17,514 | 1199214 | INFO | queue[0005] trial 2 fold 2 no_physics
2026-03-28 15:39:17,515 | 1199214 | INFO | queue[0006] trial 2 fold 3 no_physics
2026-03-28 15:39:17,515 | 1199214 | INFO | queue[0007] trial 2 fold 4 no_physics
2026-03-28 15:39:17,515 | 1199214 | INFO | queue[0008] trial 3 fold 1 no_physics
2026-03-28 15:39:17,516 | 1199214 | INFO | queue[0009] trial 3 fold 2 no_physics
2026-03-28 15:39:17,516 | 1199214 | INFO | queue[0010] trial 3 fold 3 no_physics
2026-03-28 15:39:17,516 | 1199214 | INFO | queue[0011] trial 3 fold 4 no_physics
2026-03-28 15:39:17,517 | 1199214 | INFO | queue[0012] trial 4 fold 1 no_physics
2026-03-28 15:39:17,517 | 1199214 | INFO | queue[0013] trial 4 fold 2 no_physics
2026-03-28 15:39:17,517 | 1199214 | INFO | queue[0014] trial 4 fold 3 no_physics
2026-03-28 15:39:17,518 | 1199214 | INFO | queue[0015] trial 4 fold 4 no_physics
2026-03-28 15:39:17,518 | 1199214 | INFO | queue[0016] trial 5 fold 1 no_physics
2026-03-28 15:39:17,518 | 1199214 | INFO | queue[0017] trial 5 fold 2 no_physics
2026-03-28 15:39:17,518 | 1199214 | INFO | queue[0018] trial 5 fold 3 no_physics
2026-03-28 15:39:17,518 | 1199214 | INFO | queue[0019] trial 5 fold 4 no_physics
2026-03-28 15:39:17,519 | 1199214 | INFO | queue[0020] trial 6 fold 1 no_physics
2026-03-28 15:39:17,519 | 1199214 | INFO | queue[0021] trial 6 fold 2 no_physics
2026-03-28 15:39:17,519 | 1199214 | INFO | queue[0022] trial 6 fold 3 no_physics
2026-03-28 15:39:17,519 | 1199214 | INFO | queue[0023] trial 6 fold 4 no_physics
2026-03-28 15:39:17,519 | 1199214 | INFO | queue[0024] trial 7 fold 1 no_physics
2026-03-28 15:39:17,519 | 1199214 | INFO | queue[0025] trial 7 fold 2 no_physics
2026-03-28 15:39:17,520 | 1199214 | INFO | queue[0026] trial 7 fold 3 no_physics
2026-03-28 15:39:17,520 | 1199214 | INFO | queue[0027] trial 7 fold 4 no_physics
2026-03-28 15:39:17,520 | 1199214 | INFO | queue[0028] trial 8 fold 1 no_physics
2026-03-28 15:39:17,520 | 1199214 | INFO | queue[0029] trial 8 fold 2 no_physics
2026-03-28 15:39:17,520 | 1199214 | INFO | queue[0030] trial 8 fold 3 no_physics
2026-03-28 15:39:17,520 | 1199214 | INFO | queue[0031] trial 8 fold 4 no_physics
2026-03-28 15:39:17,520 | 1199214 | INFO | [END BAYES QUEUE]
2026-03-28 15:39:17,858 | 1199214 | INFO | [ENQUEUE TRIAL] trial 9 no_physics
2026-03-28 15:39:17,859 | 1199214 | INFO | [BAYES QUEUE STATE]
2026-03-28 15:39:17,859 | 1199214 | INFO | pending_jobs = 36
2026-03-28 15:39:17,859 | 1199214 | INFO | inflight_trials = [0, 1, 2, 3, 4, 5, 6, 7, 8]
2026-03-28 15:39:17,860 | 1199214 | INFO | queue[0000] trial 1 fold 1 no_physics
2026-03-28 15:39:17,860 | 1199214 | INFO | queue[0001] trial 1 fold 2 no_physics
2026-03-28 15:39:17,860 | 1199214 | INFO | queue[0002] trial 1 fold 3 no_physics
2026-03-28 15:39:17,861 | 1199214 | INFO | queue[0003] trial 1 fold 4 no_physics
2026-03-28 15:39:17,861 | 1199214 | INFO | queue[0004] trial 2 fold 1 no_physics
2026-03-28 15:39:17,861 | 1199214 | INFO | queue[0005] trial 2 fold 2 no_physics
2026-03-28 15:39:17,861 | 1199214 | INFO | queue[0006] trial 2 fold 3 no_physics
2026-03-28 15:39:17,862 | 1199214 | INFO | queue[0007] trial 2 fold 4 no_physics
2026-03-28 15:39:17,862 | 1199214 | INFO | queue[0008] trial 3 fold 1 no_physics
2026-03-28 15:39:17,862 | 1199214 | INFO | queue[0009] trial 3 fold 2 no_physics
2026-03-28 15:39:17,863 | 1199214 | INFO | queue[0010] trial 3 fold 3 no_physics
2026-03-28 15:39:17,863 | 1199214 | INFO | queue[0011] trial 3 fold 4 no_physics
2026-03-28 15:39:17,863 | 1199214 | INFO | queue[0012] trial 4 fold 1 no_physics
2026-03-28 15:39:17,863 | 1199214 | INFO | queue[0013] trial 4 fold 2 no_physics
2026-03-28 15:39:17,863 | 1199214 | INFO | queue[0014] trial 4 fold 3 no_physics
2026-03-28 15:39:17,864 | 1199214 | INFO | queue[0015] trial 4 fold 4 no_physics
2026-03-28 15:39:17,864 | 1199214 | INFO | queue[0016] trial 5 fold 1 no_physics
2026-03-28 15:39:17,864 | 1199214 | INFO | queue[0017] trial 5 fold 2 no_physics
2026-03-28 15:39:17,864 | 1199214 | INFO | queue[0018] trial 5 fold 3 no_physics
2026-03-28 15:39:17,864 | 1199214 | INFO | queue[0019] trial 5 fold 4 no_physics
2026-03-28 15:39:17,865 | 1199214 | INFO | queue[0020] trial 6 fold 1 no_physics
2026-03-28 15:39:17,865 | 1199214 | INFO | queue[0021] trial 6 fold 2 no_physics
2026-03-28 15:39:17,865 | 1199214 | INFO | queue[0022] trial 6 fold 3 no_physics
2026-03-28 15:39:17,865 | 1199214 | INFO | queue[0023] trial 6 fold 4 no_physics
2026-03-28 15:39:17,865 | 1199214 | INFO | queue[0024] trial 7 fold 1 no_physics
2026-03-28 15:39:17,866 | 1199214 | INFO | queue[0025] trial 7 fold 2 no_physics
2026-03-28 15:39:17,866 | 1199214 | INFO | queue[0026] trial 7 fold 3 no_physics
2026-03-28 15:39:17,866 | 1199214 | INFO | queue[0027] trial 7 fold 4 no_physics
2026-03-28 15:39:17,866 | 1199214 | INFO | queue[0028] trial 8 fold 1 no_physics
2026-03-28 15:39:17,867 | 1199214 | INFO | queue[0029] trial 8 fold 2 no_physics
2026-03-28 15:39:17,867 | 1199214 | INFO | queue[0030] trial 8 fold 3 no_physics
2026-03-28 15:39:17,867 | 1199214 | INFO | queue[0031] trial 8 fold 4 no_physics
2026-03-28 15:39:17,867 | 1199214 | INFO | queue[0032] trial 9 fold 1 no_physics
2026-03-28 15:39:17,867 | 1199214 | INFO | queue[0033] trial 9 fold 2 no_physics
2026-03-28 15:39:17,868 | 1199214 | INFO | queue[0034] trial 9 fold 3 no_physics
2026-03-28 15:39:17,868 | 1199214 | INFO | queue[0035] trial 9 fold 4 no_physics
2026-03-28 15:39:17,868 | 1199214 | INFO | [END BAYES QUEUE]
2026-03-28 15:39:18,204 | 1199214 | INFO | [ENQUEUE TRIAL] trial 10 no_physics
2026-03-28 15:39:18,204 | 1199214 | INFO | [BAYES QUEUE STATE]
2026-03-28 15:39:18,205 | 1199214 | INFO | pending_jobs = 40
2026-03-28 15:39:18,205 | 1199214 | INFO | inflight_trials = [0, 1, 2, 3, 4, 5, 6, 7, 8, 9]
2026-03-28 15:39:18,205 | 1199214 | INFO | queue[0000] trial 1 fold 1 no_physics
2026-03-28 15:39:18,206 | 1199214 | INFO | queue[0001] trial 1 fold 2 no_physics
2026-03-28 15:39:18,206 | 1199214 | INFO | queue[0002] trial 1 fold 3 no_physics
2026-03-28 15:39:18,206 | 1199214 | INFO | queue[0003] trial 1 fold 4 no_physics
2026-03-28 15:39:18,207 | 1199214 | INFO | queue[0004] trial 2 fold 1 no_physics
2026-03-28 15:39:18,207 | 1199214 | INFO | queue[0005] trial 2 fold 2 no_physics
2026-03-28 15:39:18,207 | 1199214 | INFO | queue[0006] trial 2 fold 3 no_physics
2026-03-28 15:39:18,207 | 1199214 | INFO | queue[0007] trial 2 fold 4 no_physics
2026-03-28 15:39:18,208 | 1199214 | INFO | queue[0008] trial 3 fold 1 no_physics
2026-03-28 15:39:18,208 | 1199214 | INFO | queue[0009] trial 3 fold 2 no_physics
2026-03-28 15:39:18,208 | 1199214 | INFO | queue[0010] trial 3 fold 3 no_physics
2026-03-28 15:39:18,209 | 1199214 | INFO | queue[0011] trial 3 fold 4 no_physics
2026-03-28 15:39:18,209 | 1199214 | INFO | queue[0012] trial 4 fold 1 no_physics
2026-03-28 15:39:18,209 | 1199214 | INFO | queue[0013] trial 4 fold 2 no_physics
2026-03-28 15:39:18,209 | 1199214 | INFO | queue[0014] trial 4 fold 3 no_physics
2026-03-28 15:39:18,209 | 1199214 | INFO | queue[0015] trial 4 fold 4 no_physics
2026-03-28 15:39:18,210 | 1199214 | INFO | queue[0016] trial 5 fold 1 no_physics
2026-03-28 15:39:18,210 | 1199214 | INFO | queue[0017] trial 5 fold 2 no_physics
2026-03-28 15:39:18,210 | 1199214 | INFO | queue[0018] trial 5 fold 3 no_physics
2026-03-28 15:39:18,210 | 1199214 | INFO | queue[0019] trial 5 fold 4 no_physics
2026-03-28 15:39:18,210 | 1199214 | INFO | queue[0020] trial 6 fold 1 no_physics
2026-03-28 15:39:18,211 | 1199214 | INFO | queue[0021] trial 6 fold 2 no_physics
2026-03-28 15:39:18,211 | 1199214 | INFO | queue[0022] trial 6 fold 3 no_physics
2026-03-28 15:39:18,211 | 1199214 | INFO | queue[0023] trial 6 fold 4 no_physics
2026-03-28 15:39:18,211 | 1199214 | INFO | queue[0024] trial 7 fold 1 no_physics
2026-03-28 15:39:18,211 | 1199214 | INFO | queue[0025] trial 7 fold 2 no_physics
2026-03-28 15:39:18,212 | 1199214 | INFO | queue[0026] trial 7 fold 3 no_physics
2026-03-28 15:39:18,212 | 1199214 | INFO | queue[0027] trial 7 fold 4 no_physics
2026-03-28 15:39:18,212 | 1199214 | INFO | queue[0028] trial 8 fold 1 no_physics
2026-03-28 15:39:18,212 | 1199214 | INFO | queue[0029] trial 8 fold 2 no_physics
2026-03-28 15:39:18,213 | 1199214 | INFO | queue[0030] trial 8 fold 3 no_physics
2026-03-28 15:39:18,213 | 1199214 | INFO | queue[0031] trial 8 fold 4 no_physics
2026-03-28 15:39:18,213 | 1199214 | INFO | queue[0032] trial 9 fold 1 no_physics
2026-03-28 15:39:18,213 | 1199214 | INFO | queue[0033] trial 9 fold 2 no_physics
2026-03-28 15:39:18,213 | 1199214 | INFO | queue[0034] trial 9 fold 3 no_physics
2026-03-28 15:39:18,214 | 1199214 | INFO | queue[0035] trial 9 fold 4 no_physics
2026-03-28 15:39:18,214 | 1199214 | INFO | queue[0036] trial 10 fold 1 no_physics
2026-03-28 15:39:18,214 | 1199214 | INFO | queue[0037] trial 10 fold 2 no_physics
2026-03-28 15:39:18,214 | 1199214 | INFO | queue[0038] trial 10 fold 3 no_physics
2026-03-28 15:39:18,215 | 1199214 | INFO | queue[0039] trial 10 fold 4 no_physics
2026-03-28 15:39:18,215 | 1199214 | INFO | [END BAYES QUEUE]
2026-03-28 15:39:18,748 | 1199214 | INFO | [ENQUEUE TRIAL] trial 11 no_physics
2026-03-28 15:39:18,759 | 1199214 | INFO | [BAYES QUEUE STATE]
2026-03-28 15:39:18,759 | 1199214 | INFO | pending_jobs = 44
2026-03-28 15:39:18,760 | 1199214 | INFO | inflight_trials = [0, 1, 2, 3, 4, 5, 6, 7, 8, 9, 10]
2026-03-28 15:39:18,760 | 1199214 | INFO | queue[0000] trial 1 fold 1 no_physics
2026-03-28 15:39:18,760 | 1199214 | INFO | queue[0001] trial 1 fold 2 no_physics
2026-03-28 15:39:18,761 | 1199214 | INFO | queue[0002] trial 1 fold 3 no_physics
2026-03-28 15:39:18,761 | 1199214 | INFO | queue[0003] trial 1 fold 4 no_physics
2026-03-28 15:39:18,761 | 1199214 | INFO | queue[0004] trial 2 fold 1 no_physics
2026-03-28 15:39:18,762 | 1199214 | INFO | queue[0005] trial 2 fold 2 no_physics
2026-03-28 15:39:18,762 | 1199214 | INFO | queue[0006] trial 2 fold 3 no_physics
2026-03-28 15:39:18,762 | 1199214 | INFO | queue[0007] trial 2 fold 4 no_physics
2026-03-28 15:39:18,763 | 1199214 | INFO | queue[0008] trial 3 fold 1 no_physics
2026-03-28 15:39:18,763 | 1199214 | INFO | queue[0009] trial 3 fold 2 no_physics
2026-03-28 15:39:18,763 | 1199214 | INFO | queue[0010] trial 3 fold 3 no_physics
2026-03-28 15:39:18,763 | 1199214 | INFO | queue[0011] trial 3 fold 4 no_physics
2026-03-28 15:39:18,763 | 1199214 | INFO | queue[0012] trial 4 fold 1 no_physics
2026-03-28 15:39:18,764 | 1199214 | INFO | queue[0013] trial 4 fold 2 no_physics
2026-03-28 15:39:18,764 | 1199214 | INFO | queue[0014] trial 4 fold 3 no_physics
2026-03-28 15:39:18,764 | 1199214 | INFO | queue[0015] trial 4 fold 4 no_physics
2026-03-28 15:39:18,764 | 1199214 | INFO | queue[0016] trial 5 fold 1 no_physics
2026-03-28 15:39:18,765 | 1199214 | INFO | queue[0017] trial 5 fold 2 no_physics
2026-03-28 15:39:18,765 | 1199214 | INFO | queue[0018] trial 5 fold 3 no_physics
2026-03-28 15:39:18,765 | 1199214 | INFO | queue[0019] trial 5 fold 4 no_physics
2026-03-28 15:39:18,765 | 1199214 | INFO | queue[0020] trial 6 fold 1 no_physics
2026-03-28 15:39:18,765 | 1199214 | INFO | queue[0021] trial 6 fold 2 no_physics
2026-03-28 15:39:18,766 | 1199214 | INFO | queue[0022] trial 6 fold 3 no_physics
2026-03-28 15:39:18,766 | 1199214 | INFO | queue[0023] trial 6 fold 4 no_physics
2026-03-28 15:39:18,766 | 1199214 | INFO | queue[0024] trial 7 fold 1 no_physics
2026-03-28 15:39:18,766 | 1199214 | INFO | queue[0025] trial 7 fold 2 no_physics
2026-03-28 15:39:18,767 | 1199214 | INFO | queue[0026] trial 7 fold 3 no_physics
2026-03-28 15:39:18,767 | 1199214 | INFO | queue[0027] trial 7 fold 4 no_physics
2026-03-28 15:39:18,767 | 1199214 | INFO | queue[0028] trial 8 fold 1 no_physics
2026-03-28 15:39:18,767 | 1199214 | INFO | queue[0029] trial 8 fold 2 no_physics
2026-03-28 15:39:18,768 | 1199214 | INFO | queue[0030] trial 8 fold 3 no_physics
2026-03-28 15:39:18,768 | 1199214 | INFO | queue[0031] trial 8 fold 4 no_physics
2026-03-28 15:39:18,768 | 1199214 | INFO | queue[0032] trial 9 fold 1 no_physics
2026-03-28 15:39:18,768 | 1199214 | INFO | queue[0033] trial 9 fold 2 no_physics
2026-03-28 15:39:18,768 | 1199214 | INFO | queue[0034] trial 9 fold 3 no_physics
2026-03-28 15:39:18,769 | 1199214 | INFO | queue[0035] trial 9 fold 4 no_physics
2026-03-28 15:39:18,769 | 1199214 | INFO | queue[0036] trial 10 fold 1 no_physics
2026-03-28 15:39:18,769 | 1199214 | INFO | queue[0037] trial 10 fold 2 no_physics
2026-03-28 15:39:18,769 | 1199214 | INFO | queue[0038] trial 10 fold 3 no_physics
2026-03-28 15:39:18,770 | 1199214 | INFO | queue[0039] trial 10 fold 4 no_physics
2026-03-28 15:39:18,770 | 1199214 | INFO | queue[0040] trial 11 fold 1 no_physics
2026-03-28 15:39:18,770 | 1199214 | INFO | queue[0041] trial 11 fold 2 no_physics
2026-03-28 15:39:18,770 | 1199214 | INFO | queue[0042] trial 11 fold 3 no_physics
2026-03-28 15:39:18,770 | 1199214 | INFO | queue[0043] trial 11 fold 4 no_physics
2026-03-28 15:39:18,770 | 1199214 | INFO | [END BAYES QUEUE]
2026-03-28 15:39:19,111 | 1199214 | INFO | [ENQUEUE TRIAL] trial 12 no_physics
2026-03-28 15:39:19,112 | 1199214 | INFO | [BAYES QUEUE STATE]
2026-03-28 15:39:19,112 | 1199214 | INFO | pending_jobs = 48
2026-03-28 15:39:19,112 | 1199214 | INFO | inflight_trials = [0, 1, 2, 3, 4, 5, 6, 7, 8, 9, 10, 11]
2026-03-28 15:39:19,113 | 1199214 | INFO | queue[0000] trial 1 fold 1 no_physics
2026-03-28 15:39:19,113 | 1199214 | INFO | queue[0001] trial 1 fold 2 no_physics
2026-03-28 15:39:19,113 | 1199214 | INFO | queue[0002] trial 1 fold 3 no_physics
2026-03-28 15:39:19,114 | 1199214 | INFO | queue[0003] trial 1 fold 4 no_physics
2026-03-28 15:39:19,114 | 1199214 | INFO | queue[0004] trial 2 fold 1 no_physics
2026-03-28 15:39:19,114 | 1199214 | INFO | queue[0005] trial 2 fold 2 no_physics
2026-03-28 15:39:19,114 | 1199214 | INFO | queue[0006] trial 2 fold 3 no_physics
2026-03-28 15:39:19,115 | 1199214 | INFO | queue[0007] trial 2 fold 4 no_physics
2026-03-28 15:39:19,115 | 1199214 | INFO | queue[0008] trial 3 fold 1 no_physics
2026-03-28 15:39:19,115 | 1199214 | INFO | queue[0009] trial 3 fold 2 no_physics
2026-03-28 15:39:19,115 | 1199214 | INFO | queue[0010] trial 3 fold 3 no_physics
2026-03-28 15:39:19,116 | 1199214 | INFO | queue[0011] trial 3 fold 4 no_physics
2026-03-28 15:39:19,116 | 1199214 | INFO | queue[0012] trial 4 fold 1 no_physics
2026-03-28 15:39:19,116 | 1199214 | INFO | queue[0013] trial 4 fold 2 no_physics
2026-03-28 15:39:19,116 | 1199214 | INFO | queue[0014] trial 4 fold 3 no_physics
2026-03-28 15:39:19,116 | 1199214 | INFO | queue[0015] trial 4 fold 4 no_physics
2026-03-28 15:39:19,117 | 1199214 | INFO | queue[0016] trial 5 fold 1 no_physics
2026-03-28 15:39:19,117 | 1199214 | INFO | queue[0017] trial 5 fold 2 no_physics
2026-03-28 15:39:19,117 | 1199214 | INFO | queue[0018] trial 5 fold 3 no_physics
2026-03-28 15:39:19,117 | 1199214 | INFO | queue[0019] trial 5 fold 4 no_physics
2026-03-28 15:39:19,117 | 1199214 | INFO | queue[0020] trial 6 fold 1 no_physics
2026-03-28 15:39:19,118 | 1199214 | INFO | queue[0021] trial 6 fold 2 no_physics
2026-03-28 15:39:19,118 | 1199214 | INFO | queue[0022] trial 6 fold 3 no_physics
2026-03-28 15:39:19,118 | 1199214 | INFO | queue[0023] trial 6 fold 4 no_physics
2026-03-28 15:39:19,118 | 1199214 | INFO | queue[0024] trial 7 fold 1 no_physics
2026-03-28 15:39:19,119 | 1199214 | INFO | queue[0025] trial 7 fold 2 no_physics
2026-03-28 15:39:19,119 | 1199214 | INFO | queue[0026] trial 7 fold 3 no_physics
2026-03-28 15:39:19,119 | 1199214 | INFO | queue[0027] trial 7 fold 4 no_physics
2026-03-28 15:39:19,119 | 1199214 | INFO | queue[0028] trial 8 fold 1 no_physics
2026-03-28 15:39:19,119 | 1199214 | INFO | queue[0029] trial 8 fold 2 no_physics
2026-03-28 15:39:19,120 | 1199214 | INFO | queue[0030] trial 8 fold 3 no_physics
2026-03-28 15:39:19,120 | 1199214 | INFO | queue[0031] trial 8 fold 4 no_physics
2026-03-28 15:39:19,120 | 1199214 | INFO | queue[0032] trial 9 fold 1 no_physics
2026-03-28 15:39:19,120 | 1199214 | INFO | queue[0033] trial 9 fold 2 no_physics
2026-03-28 15:39:19,120 | 1199214 | INFO | queue[0034] trial 9 fold 3 no_physics
2026-03-28 15:39:19,121 | 1199214 | INFO | queue[0035] trial 9 fold 4 no_physics
2026-03-28 15:39:19,121 | 1199214 | INFO | queue[0036] trial 10 fold 1 no_physics
2026-03-28 15:39:19,121 | 1199214 | INFO | queue[0037] trial 10 fold 2 no_physics
2026-03-28 15:39:19,121 | 1199214 | INFO | queue[0038] trial 10 fold 3 no_physics
2026-03-28 15:39:19,121 | 1199214 | INFO | queue[0039] trial 10 fold 4 no_physics
2026-03-28 15:39:19,122 | 1199214 | INFO | queue[0040] trial 11 fold 1 no_physics
2026-03-28 15:39:19,122 | 1199214 | INFO | queue[0041] trial 11 fold 2 no_physics
2026-03-28 15:39:19,122 | 1199214 | INFO | queue[0042] trial 11 fold 3 no_physics
2026-03-28 15:39:19,122 | 1199214 | INFO | queue[0043] trial 11 fold 4 no_physics
2026-03-28 15:39:19,122 | 1199214 | INFO | queue[0044] trial 12 fold 1 no_physics
2026-03-28 15:39:19,122 | 1199214 | INFO | queue[0045] trial 12 fold 2 no_physics
2026-03-28 15:39:19,122 | 1199214 | INFO | queue[0046] trial 12 fold 3 no_physics
2026-03-28 15:39:19,123 | 1199214 | INFO | queue[0047] trial 12 fold 4 no_physics
2026-03-28 15:39:19,123 | 1199214 | INFO | [END BAYES QUEUE]
2026-03-28 15:39:19,504 | 1199214 | INFO | [ENQUEUE TRIAL] trial 13 no_physics
2026-03-28 15:39:19,515 | 1199214 | INFO | [BAYES QUEUE STATE]
2026-03-28 15:39:19,516 | 1199214 | INFO | pending_jobs = 52
2026-03-28 15:39:19,516 | 1199214 | INFO | inflight_trials = [0, 1, 2, 3, 4, 5, 6, 7, 8, 9, 10, 11, 12]
2026-03-28 15:39:19,516 | 1199214 | INFO | queue[0000] trial 1 fold 1 no_physics
2026-03-28 15:39:19,517 | 1199214 | INFO | queue[0001] trial 1 fold 2 no_physics
2026-03-28 15:39:19,517 | 1199214 | INFO | queue[0002] trial 1 fold 3 no_physics
2026-03-28 15:39:19,517 | 1199214 | INFO | queue[0003] trial 1 fold 4 no_physics
2026-03-28 15:39:19,518 | 1199214 | INFO | queue[0004] trial 2 fold 1 no_physics
2026-03-28 15:39:19,518 | 1199214 | INFO | queue[0005] trial 2 fold 2 no_physics
2026-03-28 15:39:19,518 | 1199214 | INFO | queue[0006] trial 2 fold 3 no_physics
2026-03-28 15:39:19,519 | 1199214 | INFO | queue[0007] trial 2 fold 4 no_physics
2026-03-28 15:39:19,519 | 1199214 | INFO | queue[0008] trial 3 fold 1 no_physics
2026-03-28 15:39:19,519 | 1199214 | INFO | queue[0009] trial 3 fold 2 no_physics
2026-03-28 15:39:19,520 | 1199214 | INFO | queue[0010] trial 3 fold 3 no_physics
2026-03-28 15:39:19,520 | 1199214 | INFO | queue[0011] trial 3 fold 4 no_physics
2026-03-28 15:39:19,520 | 1199214 | INFO | queue[0012] trial 4 fold 1 no_physics
2026-03-28 15:39:19,520 | 1199214 | INFO | queue[0013] trial 4 fold 2 no_physics
2026-03-28 15:39:19,521 | 1199214 | INFO | queue[0014] trial 4 fold 3 no_physics
2026-03-28 15:39:19,521 | 1199214 | INFO | queue[0015] trial 4 fold 4 no_physics
2026-03-28 15:39:19,521 | 1199214 | INFO | queue[0016] trial 5 fold 1 no_physics
2026-03-28 15:39:19,522 | 1199214 | INFO | queue[0017] trial 5 fold 2 no_physics
2026-03-28 15:39:19,522 | 1199214 | INFO | queue[0018] trial 5 fold 3 no_physics
2026-03-28 15:39:19,522 | 1199214 | INFO | queue[0019] trial 5 fold 4 no_physics
2026-03-28 15:39:19,523 | 1199214 | INFO | queue[0020] trial 6 fold 1 no_physics
2026-03-28 15:39:19,523 | 1199214 | INFO | queue[0021] trial 6 fold 2 no_physics
2026-03-28 15:39:19,523 | 1199214 | INFO | queue[0022] trial 6 fold 3 no_physics
2026-03-28 15:39:19,523 | 1199214 | INFO | queue[0023] trial 6 fold 4 no_physics
2026-03-28 15:39:19,523 | 1199214 | INFO | queue[0024] trial 7 fold 1 no_physics
2026-03-28 15:39:19,523 | 1199214 | INFO | queue[0025] trial 7 fold 2 no_physics
2026-03-28 15:39:19,523 | 1199214 | INFO | queue[0026] trial 7 fold 3 no_physics
2026-03-28 15:39:19,524 | 1199214 | INFO | queue[0027] trial 7 fold 4 no_physics
2026-03-28 15:39:19,524 | 1199214 | INFO | queue[0028] trial 8 fold 1 no_physics
2026-03-28 15:39:19,524 | 1199214 | INFO | queue[0029] trial 8 fold 2 no_physics
2026-03-28 15:39:19,524 | 1199214 | INFO | queue[0030] trial 8 fold 3 no_physics
2026-03-28 15:39:19,524 | 1199214 | INFO | queue[0031] trial 8 fold 4 no_physics
2026-03-28 15:39:19,524 | 1199214 | INFO | queue[0032] trial 9 fold 1 no_physics
2026-03-28 15:39:19,524 | 1199214 | INFO | queue[0033] trial 9 fold 2 no_physics
2026-03-28 15:39:19,524 | 1199214 | INFO | queue[0034] trial 9 fold 3 no_physics
2026-03-28 15:39:19,525 | 1199214 | INFO | queue[0035] trial 9 fold 4 no_physics
2026-03-28 15:39:19,525 | 1199214 | INFO | queue[0036] trial 10 fold 1 no_physics
2026-03-28 15:39:19,525 | 1199214 | INFO | queue[0037] trial 10 fold 2 no_physics
2026-03-28 15:39:19,525 | 1199214 | INFO | queue[0038] trial 10 fold 3 no_physics
2026-03-28 15:39:19,525 | 1199214 | INFO | queue[0039] trial 10 fold 4 no_physics
2026-03-28 15:39:19,525 | 1199214 | INFO | queue[0040] trial 11 fold 1 no_physics
2026-03-28 15:39:19,525 | 1199214 | INFO | queue[0041] trial 11 fold 2 no_physics
2026-03-28 15:39:19,526 | 1199214 | INFO | queue[0042] trial 11 fold 3 no_physics
2026-03-28 15:39:19,526 | 1199214 | INFO | queue[0043] trial 11 fold 4 no_physics
2026-03-28 15:39:19,526 | 1199214 | INFO | queue[0044] trial 12 fold 1 no_physics
2026-03-28 15:39:19,526 | 1199214 | INFO | queue[0045] trial 12 fold 2 no_physics
2026-03-28 15:39:19,526 | 1199214 | INFO | queue[0046] trial 12 fold 3 no_physics
2026-03-28 15:39:19,526 | 1199214 | INFO | queue[0047] trial 12 fold 4 no_physics
2026-03-28 15:39:19,526 | 1199214 | INFO | queue[0048] trial 13 fold 1 no_physics
2026-03-28 15:39:19,526 | 1199214 | INFO | queue[0049] trial 13 fold 2 no_physics
2026-03-28 15:39:19,527 | 1199214 | INFO | queue[0050] trial 13 fold 3 no_physics
2026-03-28 15:39:19,527 | 1199214 | INFO | queue[0051] trial 13 fold 4 no_physics
2026-03-28 15:39:19,527 | 1199214 | INFO | [END BAYES QUEUE]
2026-03-28 15:45:46,873 | 1199214 | INFO | [RESUME] starting from trial 0
2026-03-28 15:46:23,031 | 1199214 | INFO | [RESUME] starting from trial 0
2026-03-28 15:46:24,858 | 1199214 | INFO | [RESUME] starting from trial 0
2026-03-28 15:47:46,969 | 1199214 | INFO | [RESUME] starting from trial 0
2026-03-28 15:48:12,155 | 1199214 | INFO | [RESUME] starting from trial 0
2026-03-28 15:49:20,218 | 1199214 | INFO | [RESUME] starting from trial 0
2026-03-28 15:49:23,149 | 1199214 | INFO | [RESUME] starting from trial 0
2026-03-28 15:50:20,816 | 1199214 | INFO | [RESUME] starting from trial 0
2026-03-28 15:50:32,368 | 1199214 | INFO | [RESUME] starting from trial 0
2026-03-28 15:50:38,108 | 1199214 | INFO | [RESUME] starting from trial 0
2026-03-28 15:50:38,725 | 1199214 | INFO | [RESUME] starting from trial 0
2026-03-28 15:51:12,225 | 1199214 | INFO | [RESUME] starting from trial 0
2026-03-28 15:51:28,992 | 1199214 | INFO | [RESUME] starting from trial 0
2026-03-28 15:51:57,190 | 1199214 | INFO | [RESUME] starting from trial 0
2026-03-28 15:52:14,571 | 1199214 | INFO | [RESUME] starting from trial 0
2026-03-28 15:53:06,941 | 1199214 | INFO | [RESUME] starting from trial 0
2026-03-28 15:53:29,323 | 1199214 | INFO | [RESUME] starting from trial 0
2026-03-28 15:54:01,726 | 1199214 | INFO | [TRIAL COMPLETE] trial 7 no_physics NSE_1D=0.86846 NSE_1H=0.87683
2026-03-28 15:54:02,190 | 1199214 | INFO | [ENQUEUE TRIAL] trial 14 no_physics
2026-03-28 15:54:02,191 | 1199214 | INFO | [BAYES QUEUE STATE]
2026-03-28 15:54:02,191 | 1199214 | INFO | pending_jobs = 4
2026-03-28 15:54:02,191 | 1199214 | INFO | inflight_trials = [0, 1, 2, 3, 4, 5, 7, 8, 9, 10, 11, 12, 13]
2026-03-28 15:54:02,192 | 1199214 | INFO | queue[0000] trial 14 fold 1 no_physics
2026-03-28 15:54:02,192 | 1199214 | INFO | queue[0001] trial 14 fold 2 no_physics
2026-03-28 15:54:02,193 | 1199214 | INFO | queue[0002] trial 14 fold 3 no_physics
2026-03-28 15:54:02,193 | 1199214 | INFO | queue[0003] trial 14 fold 4 no_physics
2026-03-28 15:54:02,193 | 1199214 | INFO | [END BAYES QUEUE]
2026-03-28 15:54:02,664 | 1199214 | INFO | [ENQUEUE TRIAL] trial 15 no_physics
2026-03-28 15:54:02,667 | 1199214 | INFO | [BAYES QUEUE STATE]
2026-03-28 15:54:02,667 | 1199214 | INFO | pending_jobs = 8
2026-03-28 15:54:02,668 | 1199214 | INFO | inflight_trials = [0, 1, 2, 3, 4, 5, 7, 8, 9, 10, 11, 12, 13, 14]
2026-03-28 15:54:02,668 | 1199214 | INFO | queue[0000] trial 14 fold 1 no_physics
2026-03-28 15:54:02,668 | 1199214 | INFO | queue[0001] trial 14 fold 2 no_physics
2026-03-28 15:54:02,669 | 1199214 | INFO | queue[0002] trial 14 fold 3 no_physics
2026-03-28 15:54:02,669 | 1199214 | INFO | queue[0003] trial 14 fold 4 no_physics
2026-03-28 15:54:02,669 | 1199214 | INFO | queue[0004] trial 15 fold 1 no_physics
2026-03-28 15:54:02,670 | 1199214 | INFO | queue[0005] trial 15 fold 2 no_physics
2026-03-28 15:54:02,670 | 1199214 | INFO | queue[0006] trial 15 fold 3 no_physics
2026-03-28 15:54:02,670 | 1199214 | INFO | queue[0007] trial 15 fold 4 no_physics
2026-03-28 15:54:02,671 | 1199214 | INFO | [END BAYES QUEUE]
2026-03-28 15:54:02,990 | 1199214 | INFO | [ENQUEUE TRIAL] trial 16 no_physics
2026-03-28 15:54:02,991 | 1199214 | INFO | [BAYES QUEUE STATE]
2026-03-28 15:54:02,991 | 1199214 | INFO | pending_jobs = 12
2026-03-28 15:54:02,991 | 1199214 | INFO | inflight_trials = [0, 1, 2, 3, 4, 5, 7, 8, 9, 10, 11, 12, 13, 14, 15]
2026-03-28 15:54:02,992 | 1199214 | INFO | queue[0000] trial 14 fold 1 no_physics
2026-03-28 15:54:02,992 | 1199214 | INFO | queue[0001] trial 14 fold 2 no_physics
2026-03-28 15:54:02,993 | 1199214 | INFO | queue[0002] trial 14 fold 3 no_physics
2026-03-28 15:54:02,993 | 1199214 | INFO | queue[0003] trial 14 fold 4 no_physics
2026-03-28 15:54:02,993 | 1199214 | INFO | queue[0004] trial 15 fold 1 no_physics
2026-03-28 15:54:02,993 | 1199214 | INFO | queue[0005] trial 15 fold 2 no_physics
2026-03-28 15:54:02,994 | 1199214 | INFO | queue[0006] trial 15 fold 3 no_physics
2026-03-28 15:54:02,994 | 1199214 | INFO | queue[0007] trial 15 fold 4 no_physics
2026-03-28 15:54:02,994 | 1199214 | INFO | queue[0008] trial 16 fold 1 no_physics
2026-03-28 15:54:02,995 | 1199214 | INFO | queue[0009] trial 16 fold 2 no_physics
2026-03-28 15:54:02,995 | 1199214 | INFO | queue[0010] trial 16 fold 3 no_physics
2026-03-28 15:54:02,995 | 1199214 | INFO | queue[0011] trial 16 fold 4 no_physics
2026-03-28 15:54:02,996 | 1199214 | INFO | [END BAYES QUEUE]
2026-03-28 15:54:03,315 | 1199214 | INFO | [ENQUEUE TRIAL] trial 17 no_physics
2026-03-28 15:54:03,316 | 1199214 | INFO | [BAYES QUEUE STATE]
2026-03-28 15:54:03,316 | 1199214 | INFO | pending_jobs = 16
2026-03-28 15:54:03,316 | 1199214 | INFO | inflight_trials = [0, 1, 2, 3, 4, 5, 7, 8, 9, 10, 11, 12, 13, 14, 15, 16]
2026-03-28 15:54:03,317 | 1199214 | INFO | queue[0000] trial 14 fold 1 no_physics
2026-03-28 15:54:03,317 | 1199214 | INFO | queue[0001] trial 14 fold 2 no_physics
2026-03-28 15:54:03,317 | 1199214 | INFO | queue[0002] trial 14 fold 3 no_physics
2026-03-28 15:54:03,318 | 1199214 | INFO | queue[0003] trial 14 fold 4 no_physics
2026-03-28 15:54:03,318 | 1199214 | INFO | queue[0004] trial 15 fold 1 no_physics
2026-03-28 15:54:03,318 | 1199214 | INFO | queue[0005] trial 15 fold 2 no_physics
2026-03-28 15:54:03,319 | 1199214 | INFO | queue[0006] trial 15 fold 3 no_physics
2026-03-28 15:54:03,319 | 1199214 | INFO | queue[0007] trial 15 fold 4 no_physics
2026-03-28 15:54:03,319 | 1199214 | INFO | queue[0008] trial 16 fold 1 no_physics
2026-03-28 15:54:03,320 | 1199214 | INFO | queue[0009] trial 16 fold 2 no_physics
2026-03-28 15:54:03,320 | 1199214 | INFO | queue[0010] trial 16 fold 3 no_physics
2026-03-28 15:54:03,320 | 1199214 | INFO | queue[0011] trial 16 fold 4 no_physics
2026-03-28 15:54:03,320 | 1199214 | INFO | queue[0012] trial 17 fold 1 no_physics
2026-03-28 15:54:03,321 | 1199214 | INFO | queue[0013] trial 17 fold 2 no_physics
2026-03-28 15:54:03,321 | 1199214 | INFO | queue[0014] trial 17 fold 3 no_physics
2026-03-28 15:54:03,321 | 1199214 | INFO | queue[0015] trial 17 fold 4 no_physics
2026-03-28 15:54:03,321 | 1199214 | INFO | [END BAYES QUEUE]
2026-03-28 15:54:03,616 | 1199214 | INFO | [ENQUEUE TRIAL] trial 18 no_physics
2026-03-28 15:54:03,619 | 1199214 | INFO | [BAYES QUEUE STATE]
2026-03-28 15:54:03,619 | 1199214 | INFO | pending_jobs = 20
2026-03-28 15:54:03,620 | 1199214 | INFO | inflight_trials = [0, 1, 2, 3, 4, 5, 7, 8, 9, 10, 11, 12, 13, 14, 15, 16, 17]
2026-03-28 15:54:03,620 | 1199214 | INFO | queue[0000] trial 14 fold 1 no_physics
2026-03-28 15:54:03,621 | 1199214 | INFO | queue[0001] trial 14 fold 2 no_physics
2026-03-28 15:54:03,621 | 1199214 | INFO | queue[0002] trial 14 fold 3 no_physics
2026-03-28 15:54:03,621 | 1199214 | INFO | queue[0003] trial 14 fold 4 no_physics
2026-03-28 15:54:03,622 | 1199214 | INFO | queue[0004] trial 15 fold 1 no_physics
2026-03-28 15:54:03,622 | 1199214 | INFO | queue[0005] trial 15 fold 2 no_physics
2026-03-28 15:54:03,622 | 1199214 | INFO | queue[0006] trial 15 fold 3 no_physics
2026-03-28 15:54:03,623 | 1199214 | INFO | queue[0007] trial 15 fold 4 no_physics
2026-03-28 15:54:03,623 | 1199214 | INFO | queue[0008] trial 16 fold 1 no_physics
2026-03-28 15:54:03,623 | 1199214 | INFO | queue[0009] trial 16 fold 2 no_physics
2026-03-28 15:54:03,624 | 1199214 | INFO | queue[0010] trial 16 fold 3 no_physics
2026-03-28 15:54:03,624 | 1199214 | INFO | queue[0011] trial 16 fold 4 no_physics
2026-03-28 15:54:03,624 | 1199214 | INFO | queue[0012] trial 17 fold 1 no_physics
2026-03-28 15:54:03,625 | 1199214 | INFO | queue[0013] trial 17 fold 2 no_physics
2026-03-28 15:54:03,625 | 1199214 | INFO | queue[0014] trial 17 fold 3 no_physics
2026-03-28 15:54:03,625 | 1199214 | INFO | queue[0015] trial 17 fold 4 no_physics
2026-03-28 15:54:03,626 | 1199214 | INFO | queue[0016] trial 18 fold 1 no_physics
2026-03-28 15:54:03,626 | 1199214 | INFO | queue[0017] trial 18 fold 2 no_physics
2026-03-28 15:54:03,626 | 1199214 | INFO | queue[0018] trial 18 fold 3 no_physics
2026-03-28 15:54:03,627 | 1199214 | INFO | queue[0019] trial 18 fold 4 no_physics
2026-03-28 15:54:03,627 | 1199214 | INFO | [END BAYES QUEUE]
2026-03-28 15:54:03,998 | 1199214 | INFO | [ENQUEUE TRIAL] trial 19 no_physics
2026-03-28 15:54:03,999 | 1199214 | INFO | [BAYES QUEUE STATE]
2026-03-28 15:54:03,999 | 1199214 | INFO | pending_jobs = 24
2026-03-28 15:54:03,999 | 1199214 | INFO | inflight_trials = [0, 1, 2, 3, 4, 5, 7, 8, 9, 10, 11, 12, 13, 14, 15, 16, 17, 18]
2026-03-28 15:54:04,000 | 1199214 | INFO | queue[0000] trial 14 fold 1 no_physics
2026-03-28 15:54:04,000 | 1199214 | INFO | queue[0001] trial 14 fold 2 no_physics
2026-03-28 15:54:04,000 | 1199214 | INFO | queue[0002] trial 14 fold 3 no_physics
2026-03-28 15:54:04,001 | 1199214 | INFO | queue[0003] trial 14 fold 4 no_physics
2026-03-28 15:54:04,001 | 1199214 | INFO | queue[0004] trial 15 fold 1 no_physics
2026-03-28 15:54:04,001 | 1199214 | INFO | queue[0005] trial 15 fold 2 no_physics
2026-03-28 15:54:04,002 | 1199214 | INFO | queue[0006] trial 15 fold 3 no_physics
2026-03-28 15:54:04,002 | 1199214 | INFO | queue[0007] trial 15 fold 4 no_physics
2026-03-28 15:54:04,002 | 1199214 | INFO | queue[0008] trial 16 fold 1 no_physics
2026-03-28 15:54:04,003 | 1199214 | INFO | queue[0009] trial 16 fold 2 no_physics
2026-03-28 15:54:04,003 | 1199214 | INFO | queue[0010] trial 16 fold 3 no_physics
2026-03-28 15:54:04,003 | 1199214 | INFO | queue[0011] trial 16 fold 4 no_physics
2026-03-28 15:54:04,004 | 1199214 | INFO | queue[0012] trial 17 fold 1 no_physics
2026-03-28 15:54:04,004 | 1199214 | INFO | queue[0013] trial 17 fold 2 no_physics
2026-03-28 15:54:04,004 | 1199214 | INFO | queue[0014] trial 17 fold 3 no_physics
2026-03-28 15:54:04,005 | 1199214 | INFO | queue[0015] trial 17 fold 4 no_physics
2026-03-28 15:54:04,005 | 1199214 | INFO | queue[0016] trial 18 fold 1 no_physics
2026-03-28 15:54:04,005 | 1199214 | INFO | queue[0017] trial 18 fold 2 no_physics
2026-03-28 15:54:04,006 | 1199214 | INFO | queue[0018] trial 18 fold 3 no_physics
2026-03-28 15:54:04,006 | 1199214 | INFO | queue[0019] trial 18 fold 4 no_physics
2026-03-28 15:54:04,006 | 1199214 | INFO | queue[0020] trial 19 fold 1 no_physics
2026-03-28 15:54:04,007 | 1199214 | INFO | queue[0021] trial 19 fold 2 no_physics
2026-03-28 15:54:04,007 | 1199214 | INFO | queue[0022] trial 19 fold 3 no_physics
2026-03-28 15:54:04,007 | 1199214 | INFO | queue[0023] trial 19 fold 4 no_physics
2026-03-28 15:54:04,007 | 1199214 | INFO | [END BAYES QUEUE]
2026-03-28 15:54:04,336 | 1199214 | INFO | [ENQUEUE TRIAL] trial 20 no_physics
2026-03-28 15:54:04,336 | 1199214 | INFO | [BAYES QUEUE STATE]
2026-03-28 15:54:04,337 | 1199214 | INFO | pending_jobs = 28
2026-03-28 15:54:04,337 | 1199214 | INFO | inflight_trials = [0, 1, 2, 3, 4, 5, 7, 8, 9, 10, 11, 12, 13, 14, 15, 16, 17, 18, 19]
2026-03-28 15:54:04,338 | 1199214 | INFO | queue[0000] trial 14 fold 1 no_physics
2026-03-28 15:54:04,338 | 1199214 | INFO | queue[0001] trial 14 fold 2 no_physics
2026-03-28 15:54:04,338 | 1199214 | INFO | queue[0002] trial 14 fold 3 no_physics
2026-03-28 15:54:04,339 | 1199214 | INFO | queue[0003] trial 14 fold 4 no_physics
2026-03-28 15:54:04,339 | 1199214 | INFO | queue[0004] trial 15 fold 1 no_physics
2026-03-28 15:54:04,339 | 1199214 | INFO | queue[0005] trial 15 fold 2 no_physics
2026-03-28 15:54:04,340 | 1199214 | INFO | queue[0006] trial 15 fold 3 no_physics
2026-03-28 15:54:04,340 | 1199214 | INFO | queue[0007] trial 15 fold 4 no_physics
2026-03-28 15:54:04,340 | 1199214 | INFO | queue[0008] trial 16 fold 1 no_physics
2026-03-28 15:54:04,341 | 1199214 | INFO | queue[0009] trial 16 fold 2 no_physics
2026-03-28 15:54:04,341 | 1199214 | INFO | queue[0010] trial 16 fold 3 no_physics
2026-03-28 15:54:04,341 | 1199214 | INFO | queue[0011] trial 16 fold 4 no_physics
2026-03-28 15:54:04,342 | 1199214 | INFO | queue[0012] trial 17 fold 1 no_physics
2026-03-28 15:54:04,342 | 1199214 | INFO | queue[0013] trial 17 fold 2 no_physics
2026-03-28 15:54:04,342 | 1199214 | INFO | queue[0014] trial 17 fold 3 no_physics
2026-03-28 15:54:04,342 | 1199214 | INFO | queue[0015] trial 17 fold 4 no_physics
2026-03-28 15:54:04,343 | 1199214 | INFO | queue[0016] trial 18 fold 1 no_physics
2026-03-28 15:54:04,343 | 1199214 | INFO | queue[0017] trial 18 fold 2 no_physics
2026-03-28 15:54:04,343 | 1199214 | INFO | queue[0018] trial 18 fold 3 no_physics
2026-03-28 15:54:04,343 | 1199214 | INFO | queue[0019] trial 18 fold 4 no_physics
2026-03-28 15:54:04,343 | 1199214 | INFO | queue[0020] trial 19 fold 1 no_physics
2026-03-28 15:54:04,344 | 1199214 | INFO | queue[0021] trial 19 fold 2 no_physics
2026-03-28 15:54:04,344 | 1199214 | INFO | queue[0022] trial 19 fold 3 no_physics
2026-03-28 15:54:04,344 | 1199214 | INFO | queue[0023] trial 19 fold 4 no_physics
2026-03-28 15:54:04,344 | 1199214 | INFO | queue[0024] trial 20 fold 1 no_physics
2026-03-28 15:54:04,344 | 1199214 | INFO | queue[0025] trial 20 fold 2 no_physics
2026-03-28 15:54:04,344 | 1199214 | INFO | queue[0026] trial 20 fold 3 no_physics
2026-03-28 15:54:04,345 | 1199214 | INFO | queue[0027] trial 20 fold 4 no_physics
2026-03-28 15:54:04,345 | 1199214 | INFO | [END BAYES QUEUE]
2026-03-28 15:54:04,665 | 1199214 | INFO | [ENQUEUE TRIAL] trial 21 no_physics
2026-03-28 15:54:04,668 | 1199214 | INFO | [BAYES QUEUE STATE]
2026-03-28 15:54:04,668 | 1199214 | INFO | pending_jobs = 32
2026-03-28 15:54:04,668 | 1199214 | INFO | inflight_trials = [0, 1, 2, 3, 4, 5, 7, 8, 9, 10, 11, 12, 13, 14, 15, 16, 17, 18, 19, 20]
2026-03-28 15:54:04,669 | 1199214 | INFO | queue[0000] trial 14 fold 1 no_physics
2026-03-28 15:54:04,669 | 1199214 | INFO | queue[0001] trial 14 fold 2 no_physics
2026-03-28 15:54:04,669 | 1199214 | INFO | queue[0002] trial 14 fold 3 no_physics
2026-03-28 15:54:04,670 | 1199214 | INFO | queue[0003] trial 14 fold 4 no_physics
2026-03-28 15:54:04,670 | 1199214 | INFO | queue[0004] trial 15 fold 1 no_physics
2026-03-28 15:54:04,670 | 1199214 | INFO | queue[0005] trial 15 fold 2 no_physics
2026-03-28 15:54:04,671 | 1199214 | INFO | queue[0006] trial 15 fold 3 no_physics
2026-03-28 15:54:04,671 | 1199214 | INFO | queue[0007] trial 15 fold 4 no_physics
2026-03-28 15:54:04,672 | 1199214 | INFO | queue[0008] trial 16 fold 1 no_physics
2026-03-28 15:54:04,672 | 1199214 | INFO | queue[0009] trial 16 fold 2 no_physics
2026-03-28 15:54:04,672 | 1199214 | INFO | queue[0010] trial 16 fold 3 no_physics
2026-03-28 15:54:04,673 | 1199214 | INFO | queue[0011] trial 16 fold 4 no_physics
2026-03-28 15:54:04,673 | 1199214 | INFO | queue[0012] trial 17 fold 1 no_physics
2026-03-28 15:54:04,673 | 1199214 | INFO | queue[0013] trial 17 fold 2 no_physics
2026-03-28 15:54:04,674 | 1199214 | INFO | queue[0014] trial 17 fold 3 no_physics
2026-03-28 15:54:04,674 | 1199214 | INFO | queue[0015] trial 17 fold 4 no_physics
2026-03-28 15:54:04,674 | 1199214 | INFO | queue[0016] trial 18 fold 1 no_physics
2026-03-28 15:54:04,674 | 1199214 | INFO | queue[0017] trial 18 fold 2 no_physics
2026-03-28 15:54:04,675 | 1199214 | INFO | queue[0018] trial 18 fold 3 no_physics
2026-03-28 15:54:04,675 | 1199214 | INFO | queue[0019] trial 18 fold 4 no_physics
2026-03-28 15:54:04,675 | 1199214 | INFO | queue[0020] trial 19 fold 1 no_physics
2026-03-28 15:54:04,675 | 1199214 | INFO | queue[0021] trial 19 fold 2 no_physics
2026-03-28 15:54:04,675 | 1199214 | INFO | queue[0022] trial 19 fold 3 no_physics
2026-03-28 15:54:04,675 | 1199214 | INFO | queue[0023] trial 19 fold 4 no_physics
2026-03-28 15:54:04,675 | 1199214 | INFO | queue[0024] trial 20 fold 1 no_physics
2026-03-28 15:54:04,676 | 1199214 | INFO | queue[0025] trial 20 fold 2 no_physics
2026-03-28 15:54:04,676 | 1199214 | INFO | queue[0026] trial 20 fold 3 no_physics
2026-03-28 15:54:04,676 | 1199214 | INFO | queue[0027] trial 20 fold 4 no_physics
2026-03-28 15:54:04,676 | 1199214 | INFO | queue[0028] trial 21 fold 1 no_physics
2026-03-28 15:54:04,676 | 1199214 | INFO | queue[0029] trial 21 fold 2 no_physics
2026-03-28 15:54:04,676 | 1199214 | INFO | queue[0030] trial 21 fold 3 no_physics
2026-03-28 15:54:04,676 | 1199214 | INFO | queue[0031] trial 21 fold 4 no_physics
2026-03-28 15:54:04,677 | 1199214 | INFO | [END BAYES QUEUE]
2026-03-28 15:54:04,996 | 1199214 | INFO | [ENQUEUE TRIAL] trial 22 no_physics
2026-03-28 15:54:04,997 | 1199214 | INFO | [BAYES QUEUE STATE]
2026-03-28 15:54:04,997 | 1199214 | INFO | pending_jobs = 36
2026-03-28 15:54:04,998 | 1199214 | INFO | inflight_trials = [0, 1, 2, 3, 4, 5, 7, 8, 9, 10, 11, 12, 13, 14, 15, 16, 17, 18, 19, 20, 21]
2026-03-28 15:54:04,998 | 1199214 | INFO | queue[0000] trial 14 fold 1 no_physics
2026-03-28 15:54:04,998 | 1199214 | INFO | queue[0001] trial 14 fold 2 no_physics
2026-03-28 15:54:04,999 | 1199214 | INFO | queue[0002] trial 14 fold 3 no_physics
2026-03-28 15:54:04,999 | 1199214 | INFO | queue[0003] trial 14 fold 4 no_physics
2026-03-28 15:54:04,999 | 1199214 | INFO | queue[0004] trial 15 fold 1 no_physics
2026-03-28 15:54:05,000 | 1199214 | INFO | queue[0005] trial 15 fold 2 no_physics
2026-03-28 15:54:05,000 | 1199214 | INFO | queue[0006] trial 15 fold 3 no_physics
2026-03-28 15:54:05,000 | 1199214 | INFO | queue[0007] trial 15 fold 4 no_physics
2026-03-28 15:54:05,001 | 1199214 | INFO | queue[0008] trial 16 fold 1 no_physics
2026-03-28 15:54:05,001 | 1199214 | INFO | queue[0009] trial 16 fold 2 no_physics
2026-03-28 15:54:05,001 | 1199214 | INFO | queue[0010] trial 16 fold 3 no_physics
2026-03-28 15:54:05,002 | 1199214 | INFO | queue[0011] trial 16 fold 4 no_physics
2026-03-28 15:54:05,002 | 1199214 | INFO | queue[0012] trial 17 fold 1 no_physics
2026-03-28 15:54:05,002 | 1199214 | INFO | queue[0013] trial 17 fold 2 no_physics
2026-03-28 15:54:05,003 | 1199214 | INFO | queue[0014] trial 17 fold 3 no_physics
2026-03-28 15:54:05,003 | 1199214 | INFO | queue[0015] trial 17 fold 4 no_physics
2026-03-28 15:54:05,003 | 1199214 | INFO | queue[0016] trial 18 fold 1 no_physics
2026-03-28 15:54:05,004 | 1199214 | INFO | queue[0017] trial 18 fold 2 no_physics
2026-03-28 15:54:05,004 | 1199214 | INFO | queue[0018] trial 18 fold 3 no_physics
2026-03-28 15:54:05,004 | 1199214 | INFO | queue[0019] trial 18 fold 4 no_physics
2026-03-28 15:54:05,005 | 1199214 | INFO | queue[0020] trial 19 fold 1 no_physics
2026-03-28 15:54:05,005 | 1199214 | INFO | queue[0021] trial 19 fold 2 no_physics
2026-03-28 15:54:05,005 | 1199214 | INFO | queue[0022] trial 19 fold 3 no_physics
2026-03-28 15:54:05,005 | 1199214 | INFO | queue[0023] trial 19 fold 4 no_physics
2026-03-28 15:54:05,006 | 1199214 | INFO | queue[0024] trial 20 fold 1 no_physics
2026-03-28 15:54:05,006 | 1199214 | INFO | queue[0025] trial 20 fold 2 no_physics
2026-03-28 15:54:05,006 | 1199214 | INFO | queue[0026] trial 20 fold 3 no_physics
2026-03-28 15:54:05,006 | 1199214 | INFO | queue[0027] trial 20 fold 4 no_physics
2026-03-28 15:54:05,006 | 1199214 | INFO | queue[0028] trial 21 fold 1 no_physics
2026-03-28 15:54:05,006 | 1199214 | INFO | queue[0029] trial 21 fold 2 no_physics
2026-03-28 15:54:05,006 | 1199214 | INFO | queue[0030] trial 21 fold 3 no_physics
2026-03-28 15:54:05,007 | 1199214 | INFO | queue[0031] trial 21 fold 4 no_physics
2026-03-28 15:54:05,007 | 1199214 | INFO | queue[0032] trial 22 fold 1 no_physics
2026-03-28 15:54:05,007 | 1199214 | INFO | queue[0033] trial 22 fold 2 no_physics
2026-03-28 15:54:05,007 | 1199214 | INFO | queue[0034] trial 22 fold 3 no_physics
2026-03-28 15:54:05,007 | 1199214 | INFO | queue[0035] trial 22 fold 4 no_physics
2026-03-28 15:54:05,007 | 1199214 | INFO | [END BAYES QUEUE]
2026-03-28 15:54:05,381 | 1199214 | INFO | [ENQUEUE TRIAL] trial 23 no_physics
2026-03-28 15:54:05,384 | 1199214 | INFO | [BAYES QUEUE STATE]
2026-03-28 15:54:05,384 | 1199214 | INFO | pending_jobs = 40
2026-03-28 15:54:05,384 | 1199214 | INFO | inflight_trials = [0, 1, 2, 3, 4, 5, 7, 8, 9, 10, 11, 12, 13, 14, 15, 16, 17, 18, 19, 20, 21, 22]
2026-03-28 15:54:05,385 | 1199214 | INFO | queue[0000] trial 14 fold 1 no_physics
2026-03-28 15:54:05,385 | 1199214 | INFO | queue[0001] trial 14 fold 2 no_physics
2026-03-28 15:54:05,385 | 1199214 | INFO | queue[0002] trial 14 fold 3 no_physics
2026-03-28 15:54:05,386 | 1199214 | INFO | queue[0003] trial 14 fold 4 no_physics
2026-03-28 15:54:05,386 | 1199214 | INFO | queue[0004] trial 15 fold 1 no_physics
2026-03-28 15:54:05,386 | 1199214 | INFO | queue[0005] trial 15 fold 2 no_physics
2026-03-28 15:54:05,387 | 1199214 | INFO | queue[0006] trial 15 fold 3 no_physics
2026-03-28 15:54:05,387 | 1199214 | INFO | queue[0007] trial 15 fold 4 no_physics
2026-03-28 15:54:05,387 | 1199214 | INFO | queue[0008] trial 16 fold 1 no_physics
2026-03-28 15:54:05,388 | 1199214 | INFO | queue[0009] trial 16 fold 2 no_physics
2026-03-28 15:54:05,388 | 1199214 | INFO | queue[0010] trial 16 fold 3 no_physics
2026-03-28 15:54:05,388 | 1199214 | INFO | queue[0011] trial 16 fold 4 no_physics
2026-03-28 15:54:05,389 | 1199214 | INFO | queue[0012] trial 17 fold 1 no_physics
2026-03-28 15:54:05,389 | 1199214 | INFO | queue[0013] trial 17 fold 2 no_physics
2026-03-28 15:54:05,389 | 1199214 | INFO | queue[0014] trial 17 fold 3 no_physics
2026-03-28 15:54:05,390 | 1199214 | INFO | queue[0015] trial 17 fold 4 no_physics
2026-03-28 15:54:05,390 | 1199214 | INFO | queue[0016] trial 18 fold 1 no_physics
2026-03-28 15:54:05,391 | 1199214 | INFO | queue[0017] trial 18 fold 2 no_physics
2026-03-28 15:54:05,391 | 1199214 | INFO | queue[0018] trial 18 fold 3 no_physics
2026-03-28 15:54:05,391 | 1199214 | INFO | queue[0019] trial 18 fold 4 no_physics
2026-03-28 15:54:05,392 | 1199214 | INFO | queue[0020] trial 19 fold 1 no_physics
2026-03-28 15:54:05,392 | 1199214 | INFO | queue[0021] trial 19 fold 2 no_physics
2026-03-28 15:54:05,392 | 1199214 | INFO | queue[0022] trial 19 fold 3 no_physics
2026-03-28 15:54:05,392 | 1199214 | INFO | queue[0023] trial 19 fold 4 no_physics
2026-03-28 15:54:05,392 | 1199214 | INFO | queue[0024] trial 20 fold 1 no_physics
2026-03-28 15:54:05,392 | 1199214 | INFO | queue[0025] trial 20 fold 2 no_physics
2026-03-28 15:54:05,392 | 1199214 | INFO | queue[0026] trial 20 fold 3 no_physics
2026-03-28 15:54:05,393 | 1199214 | INFO | queue[0027] trial 20 fold 4 no_physics
2026-03-28 15:54:05,393 | 1199214 | INFO | queue[0028] trial 21 fold 1 no_physics
2026-03-28 15:54:05,393 | 1199214 | INFO | queue[0029] trial 21 fold 2 no_physics
2026-03-28 15:54:05,393 | 1199214 | INFO | queue[0030] trial 21 fold 3 no_physics
2026-03-28 15:54:05,393 | 1199214 | INFO | queue[0031] trial 21 fold 4 no_physics
2026-03-28 15:54:05,393 | 1199214 | INFO | queue[0032] trial 22 fold 1 no_physics
2026-03-28 15:54:05,393 | 1199214 | INFO | queue[0033] trial 22 fold 2 no_physics
2026-03-28 15:54:05,394 | 1199214 | INFO | queue[0034] trial 22 fold 3 no_physics
2026-03-28 15:54:05,394 | 1199214 | INFO | queue[0035] trial 22 fold 4 no_physics
2026-03-28 15:54:05,394 | 1199214 | INFO | queue[0036] trial 23 fold 1 no_physics
2026-03-28 15:54:05,394 | 1199214 | INFO | queue[0037] trial 23 fold 2 no_physics
2026-03-28 15:54:05,394 | 1199214 | INFO | queue[0038] trial 23 fold 3 no_physics
2026-03-28 15:54:05,394 | 1199214 | INFO | queue[0039] trial 23 fold 4 no_physics
2026-03-28 15:54:05,394 | 1199214 | INFO | [END BAYES QUEUE]
2026-03-28 15:54:05,690 | 1199214 | INFO | [ENQUEUE TRIAL] trial 24 no_physics
2026-03-28 15:54:05,690 | 1199214 | INFO | [BAYES QUEUE STATE]
2026-03-28 15:54:05,691 | 1199214 | INFO | pending_jobs = 44
2026-03-28 15:54:05,691 | 1199214 | INFO | inflight_trials = [0, 1, 2, 3, 4, 5, 7, 8, 9, 10, 11, 12, 13, 14, 15, 16, 17, 18, 19, 20, 21, 22, 23]
2026-03-28 15:54:05,691 | 1199214 | INFO | queue[0000] trial 14 fold 1 no_physics
2026-03-28 15:54:05,692 | 1199214 | INFO | queue[0001] trial 14 fold 2 no_physics
2026-03-28 15:54:05,692 | 1199214 | INFO | queue[0002] trial 14 fold 3 no_physics
2026-03-28 15:54:05,692 | 1199214 | INFO | queue[0003] trial 14 fold 4 no_physics
2026-03-28 15:54:05,693 | 1199214 | INFO | queue[0004] trial 15 fold 1 no_physics
2026-03-28 15:54:05,693 | 1199214 | INFO | queue[0005] trial 15 fold 2 no_physics
2026-03-28 15:54:05,693 | 1199214 | INFO | queue[0006] trial 15 fold 3 no_physics
2026-03-28 15:54:05,694 | 1199214 | INFO | queue[0007] trial 15 fold 4 no_physics
2026-03-28 15:54:05,694 | 1199214 | INFO | queue[0008] trial 16 fold 1 no_physics
2026-03-28 15:54:05,694 | 1199214 | INFO | queue[0009] trial 16 fold 2 no_physics
2026-03-28 15:54:05,694 | 1199214 | INFO | queue[0010] trial 16 fold 3 no_physics
2026-03-28 15:54:05,695 | 1199214 | INFO | queue[0011] trial 16 fold 4 no_physics
2026-03-28 15:54:05,695 | 1199214 | INFO | queue[0012] trial 17 fold 1 no_physics
2026-03-28 15:54:05,695 | 1199214 | INFO | queue[0013] trial 17 fold 2 no_physics
2026-03-28 15:54:05,695 | 1199214 | INFO | queue[0014] trial 17 fold 3 no_physics
2026-03-28 15:54:05,696 | 1199214 | INFO | queue[0015] trial 17 fold 4 no_physics
2026-03-28 15:54:05,696 | 1199214 | INFO | queue[0016] trial 18 fold 1 no_physics
2026-03-28 15:54:05,696 | 1199214 | INFO | queue[0017] trial 18 fold 2 no_physics
2026-03-28 15:54:05,696 | 1199214 | INFO | queue[0018] trial 18 fold 3 no_physics
2026-03-28 15:54:05,696 | 1199214 | INFO | queue[0019] trial 18 fold 4 no_physics
2026-03-28 15:54:05,697 | 1199214 | INFO | queue[0020] trial 19 fold 1 no_physics
2026-03-28 15:54:05,697 | 1199214 | INFO | queue[0021] trial 19 fold 2 no_physics
2026-03-28 15:54:05,697 | 1199214 | INFO | queue[0022] trial 19 fold 3 no_physics
2026-03-28 15:54:05,697 | 1199214 | INFO | queue[0023] trial 19 fold 4 no_physics
2026-03-28 15:54:05,698 | 1199214 | INFO | queue[0024] trial 20 fold 1 no_physics
2026-03-28 15:54:05,698 | 1199214 | INFO | queue[0025] trial 20 fold 2 no_physics
2026-03-28 15:54:05,698 | 1199214 | INFO | queue[0026] trial 20 fold 3 no_physics
2026-03-28 15:54:05,698 | 1199214 | INFO | queue[0027] trial 20 fold 4 no_physics
2026-03-28 15:54:05,699 | 1199214 | INFO | queue[0028] trial 21 fold 1 no_physics
2026-03-28 15:54:05,699 | 1199214 | INFO | queue[0029] trial 21 fold 2 no_physics
2026-03-28 15:54:05,699 | 1199214 | INFO | queue[0030] trial 21 fold 3 no_physics
2026-03-28 15:54:05,699 | 1199214 | INFO | queue[0031] trial 21 fold 4 no_physics
2026-03-28 15:54:05,700 | 1199214 | INFO | queue[0032] trial 22 fold 1 no_physics
2026-03-28 15:54:05,700 | 1199214 | INFO | queue[0033] trial 22 fold 2 no_physics
2026-03-28 15:54:05,700 | 1199214 | INFO | queue[0034] trial 22 fold 3 no_physics
2026-03-28 15:54:05,700 | 1199214 | INFO | queue[0035] trial 22 fold 4 no_physics
2026-03-28 15:54:05,701 | 1199214 | INFO | queue[0036] trial 23 fold 1 no_physics
2026-03-28 15:54:05,701 | 1199214 | INFO | queue[0037] trial 23 fold 2 no_physics
2026-03-28 15:54:05,701 | 1199214 | INFO | queue[0038] trial 23 fold 3 no_physics
2026-03-28 15:54:05,701 | 1199214 | INFO | queue[0039] trial 23 fold 4 no_physics
2026-03-28 15:54:05,701 | 1199214 | INFO | queue[0040] trial 24 fold 1 no_physics
2026-03-28 15:54:05,701 | 1199214 | INFO | queue[0041] trial 24 fold 2 no_physics
2026-03-28 15:54:05,702 | 1199214 | INFO | queue[0042] trial 24 fold 3 no_physics
2026-03-28 15:54:05,702 | 1199214 | INFO | queue[0043] trial 24 fold 4 no_physics
2026-03-28 15:54:05,702 | 1199214 | INFO | [END BAYES QUEUE]
2026-03-28 15:54:05,995 | 1199214 | INFO | [ENQUEUE TRIAL] trial 25 no_physics
2026-03-28 15:54:05,995 | 1199214 | INFO | [BAYES QUEUE STATE]
2026-03-28 15:54:05,996 | 1199214 | INFO | pending_jobs = 48
2026-03-28 15:54:05,996 | 1199214 | INFO | inflight_trials = [0, 1, 2, 3, 4, 5, 7, 8, 9, 10, 11, 12, 13, 14, 15, 16, 17, 18, 19, 20, 21, 22, 23, 24]
2026-03-28 15:54:05,996 | 1199214 | INFO | queue[0000] trial 14 fold 1 no_physics
2026-03-28 15:54:05,997 | 1199214 | INFO | queue[0001] trial 14 fold 2 no_physics
2026-03-28 15:54:05,997 | 1199214 | INFO | queue[0002] trial 14 fold 3 no_physics
2026-03-28 15:54:05,997 | 1199214 | INFO | queue[0003] trial 14 fold 4 no_physics
2026-03-28 15:54:05,998 | 1199214 | INFO | queue[0004] trial 15 fold 1 no_physics
2026-03-28 15:54:05,998 | 1199214 | INFO | queue[0005] trial 15 fold 2 no_physics
2026-03-28 15:54:05,998 | 1199214 | INFO | queue[0006] trial 15 fold 3 no_physics
2026-03-28 15:54:05,998 | 1199214 | INFO | queue[0007] trial 15 fold 4 no_physics
2026-03-28 15:54:05,999 | 1199214 | INFO | queue[0008] trial 16 fold 1 no_physics
2026-03-28 15:54:05,999 | 1199214 | INFO | queue[0009] trial 16 fold 2 no_physics
2026-03-28 15:54:05,999 | 1199214 | INFO | queue[0010] trial 16 fold 3 no_physics
2026-03-28 15:54:06,000 | 1199214 | INFO | queue[0011] trial 16 fold 4 no_physics
2026-03-28 15:54:06,000 | 1199214 | INFO | queue[0012] trial 17 fold 1 no_physics
2026-03-28 15:54:06,000 | 1199214 | INFO | queue[0013] trial 17 fold 2 no_physics
2026-03-28 15:54:06,001 | 1199214 | INFO | queue[0014] trial 17 fold 3 no_physics
2026-03-28 15:54:06,001 | 1199214 | INFO | queue[0015] trial 17 fold 4 no_physics
2026-03-28 15:54:06,001 | 1199214 | INFO | queue[0016] trial 18 fold 1 no_physics
2026-03-28 15:54:06,002 | 1199214 | INFO | queue[0017] trial 18 fold 2 no_physics
2026-03-28 15:54:06,002 | 1199214 | INFO | queue[0018] trial 18 fold 3 no_physics
2026-03-28 15:54:06,002 | 1199214 | INFO | queue[0019] trial 18 fold 4 no_physics
2026-03-28 15:54:06,002 | 1199214 | INFO | queue[0020] trial 19 fold 1 no_physics
2026-03-28 15:54:06,002 | 1199214 | INFO | queue[0021] trial 19 fold 2 no_physics
2026-03-28 15:54:06,003 | 1199214 | INFO | queue[0022] trial 19 fold 3 no_physics
2026-03-28 15:54:06,003 | 1199214 | INFO | queue[0023] trial 19 fold 4 no_physics
2026-03-28 15:54:06,003 | 1199214 | INFO | queue[0024] trial 20 fold 1 no_physics
2026-03-28 15:54:06,003 | 1199214 | INFO | queue[0025] trial 20 fold 2 no_physics
2026-03-28 15:54:06,003 | 1199214 | INFO | queue[0026] trial 20 fold 3 no_physics
2026-03-28 15:54:06,004 | 1199214 | INFO | queue[0027] trial 20 fold 4 no_physics
2026-03-28 15:54:06,004 | 1199214 | INFO | queue[0028] trial 21 fold 1 no_physics
2026-03-28 15:54:06,004 | 1199214 | INFO | queue[0029] trial 21 fold 2 no_physics
2026-03-28 15:54:06,004 | 1199214 | INFO | queue[0030] trial 21 fold 3 no_physics
2026-03-28 15:54:06,004 | 1199214 | INFO | queue[0031] trial 21 fold 4 no_physics
2026-03-28 15:54:06,005 | 1199214 | INFO | queue[0032] trial 22 fold 1 no_physics
2026-03-28 15:54:06,005 | 1199214 | INFO | queue[0033] trial 22 fold 2 no_physics
2026-03-28 15:54:06,005 | 1199214 | INFO | queue[0034] trial 22 fold 3 no_physics
2026-03-28 15:54:06,005 | 1199214 | INFO | queue[0035] trial 22 fold 4 no_physics
2026-03-28 15:54:06,005 | 1199214 | INFO | queue[0036] trial 23 fold 1 no_physics
2026-03-28 15:54:06,006 | 1199214 | INFO | queue[0037] trial 23 fold 2 no_physics
2026-03-28 15:54:06,006 | 1199214 | INFO | queue[0038] trial 23 fold 3 no_physics
2026-03-28 15:54:06,006 | 1199214 | INFO | queue[0039] trial 23 fold 4 no_physics
2026-03-28 15:54:06,006 | 1199214 | INFO | queue[0040] trial 24 fold 1 no_physics
2026-03-28 15:54:06,006 | 1199214 | INFO | queue[0041] trial 24 fold 2 no_physics
2026-03-28 15:54:06,007 | 1199214 | INFO | queue[0042] trial 24 fold 3 no_physics
2026-03-28 15:54:06,007 | 1199214 | INFO | queue[0043] trial 24 fold 4 no_physics
2026-03-28 15:54:06,007 | 1199214 | INFO | queue[0044] trial 25 fold 1 no_physics
2026-03-28 15:54:06,007 | 1199214 | INFO | queue[0045] trial 25 fold 2 no_physics
2026-03-28 15:54:06,007 | 1199214 | INFO | queue[0046] trial 25 fold 3 no_physics
2026-03-28 15:54:06,008 | 1199214 | INFO | queue[0047] trial 25 fold 4 no_physics
2026-03-28 15:54:06,008 | 1199214 | INFO | [END BAYES QUEUE]
2026-03-28 15:54:06,356 | 1199214 | INFO | [ENQUEUE TRIAL] trial 26 no_physics
2026-03-28 15:54:06,356 | 1199214 | INFO | [BAYES QUEUE STATE]
2026-03-28 15:54:06,357 | 1199214 | INFO | pending_jobs = 52
2026-03-28 15:54:06,357 | 1199214 | INFO | inflight_trials = [0, 1, 2, 3, 4, 5, 7, 8, 9, 10, 11, 12, 13, 14, 15, 16, 17, 18, 19, 20, 21, 22, 23, 24, 25]
2026-03-28 15:54:06,357 | 1199214 | INFO | queue[0000] trial 14 fold 1 no_physics
2026-03-28 15:54:06,358 | 1199214 | INFO | queue[0001] trial 14 fold 2 no_physics
2026-03-28 15:54:06,358 | 1199214 | INFO | queue[0002] trial 14 fold 3 no_physics
2026-03-28 15:54:06,358 | 1199214 | INFO | queue[0003] trial 14 fold 4 no_physics
2026-03-28 15:54:06,359 | 1199214 | INFO | queue[0004] trial 15 fold 1 no_physics
2026-03-28 15:54:06,359 | 1199214 | INFO | queue[0005] trial 15 fold 2 no_physics
2026-03-28 15:54:06,359 | 1199214 | INFO | queue[0006] trial 15 fold 3 no_physics
2026-03-28 15:54:06,360 | 1199214 | INFO | queue[0007] trial 15 fold 4 no_physics
2026-03-28 15:54:06,360 | 1199214 | INFO | queue[0008] trial 16 fold 1 no_physics
2026-03-28 15:54:06,360 | 1199214 | INFO | queue[0009] trial 16 fold 2 no_physics
2026-03-28 15:54:06,361 | 1199214 | INFO | queue[0010] trial 16 fold 3 no_physics
2026-03-28 15:54:06,363 | 1199214 | INFO | queue[0011] trial 16 fold 4 no_physics
2026-03-28 15:54:06,364 | 1199214 | INFO | queue[0012] trial 17 fold 1 no_physics
2026-03-28 15:54:06,364 | 1199214 | INFO | queue[0013] trial 17 fold 2 no_physics
2026-03-28 15:54:06,364 | 1199214 | INFO | queue[0014] trial 17 fold 3 no_physics
2026-03-28 15:54:06,364 | 1199214 | INFO | queue[0015] trial 17 fold 4 no_physics
2026-03-28 15:54:06,364 | 1199214 | INFO | queue[0016] trial 18 fold 1 no_physics
2026-03-28 15:54:06,364 | 1199214 | INFO | queue[0017] trial 18 fold 2 no_physics
2026-03-28 15:54:06,365 | 1199214 | INFO | queue[0018] trial 18 fold 3 no_physics
2026-03-28 15:54:06,365 | 1199214 | INFO | queue[0019] trial 18 fold 4 no_physics
2026-03-28 15:54:06,365 | 1199214 | INFO | queue[0020] trial 19 fold 1 no_physics
2026-03-28 15:54:06,365 | 1199214 | INFO | queue[0021] trial 19 fold 2 no_physics
2026-03-28 15:54:06,365 | 1199214 | INFO | queue[0022] trial 19 fold 3 no_physics
2026-03-28 15:54:06,366 | 1199214 | INFO | queue[0023] trial 19 fold 4 no_physics
2026-03-28 15:54:06,366 | 1199214 | INFO | queue[0024] trial 20 fold 1 no_physics
2026-03-28 15:54:06,366 | 1199214 | INFO | queue[0025] trial 20 fold 2 no_physics
2026-03-28 15:54:06,366 | 1199214 | INFO | queue[0026] trial 20 fold 3 no_physics
2026-03-28 15:54:06,366 | 1199214 | INFO | queue[0027] trial 20 fold 4 no_physics
2026-03-28 15:54:06,366 | 1199214 | INFO | queue[0028] trial 21 fold 1 no_physics
2026-03-28 15:54:06,367 | 1199214 | INFO | queue[0029] trial 21 fold 2 no_physics
2026-03-28 15:54:06,367 | 1199214 | INFO | queue[0030] trial 21 fold 3 no_physics
2026-03-28 15:54:06,367 | 1199214 | INFO | queue[0031] trial 21 fold 4 no_physics
2026-03-28 15:54:06,367 | 1199214 | INFO | queue[0032] trial 22 fold 1 no_physics
2026-03-28 15:54:06,367 | 1199214 | INFO | queue[0033] trial 22 fold 2 no_physics
2026-03-28 15:54:06,368 | 1199214 | INFO | queue[0034] trial 22 fold 3 no_physics
2026-03-28 15:54:06,368 | 1199214 | INFO | queue[0035] trial 22 fold 4 no_physics
2026-03-28 15:54:06,368 | 1199214 | INFO | queue[0036] trial 23 fold 1 no_physics
2026-03-28 15:54:06,368 | 1199214 | INFO | queue[0037] trial 23 fold 2 no_physics
2026-03-28 15:54:06,368 | 1199214 | INFO | queue[0038] trial 23 fold 3 no_physics
2026-03-28 15:54:06,369 | 1199214 | INFO | queue[0039] trial 23 fold 4 no_physics
2026-03-28 15:54:06,369 | 1199214 | INFO | queue[0040] trial 24 fold 1 no_physics
2026-03-28 15:54:06,369 | 1199214 | INFO | queue[0041] trial 24 fold 2 no_physics
2026-03-28 15:54:06,369 | 1199214 | INFO | queue[0042] trial 24 fold 3 no_physics
2026-03-28 15:54:06,369 | 1199214 | INFO | queue[0043] trial 24 fold 4 no_physics
2026-03-28 15:54:06,369 | 1199214 | INFO | queue[0044] trial 25 fold 1 no_physics
2026-03-28 15:54:06,370 | 1199214 | INFO | queue[0045] trial 25 fold 2 no_physics
2026-03-28 15:54:06,370 | 1199214 | INFO | queue[0046] trial 25 fold 3 no_physics
2026-03-28 15:54:06,370 | 1199214 | INFO | queue[0047] trial 25 fold 4 no_physics
2026-03-28 15:54:06,370 | 1199214 | INFO | queue[0048] trial 26 fold 1 no_physics
2026-03-28 15:54:06,370 | 1199214 | INFO | queue[0049] trial 26 fold 2 no_physics
2026-03-28 15:54:06,370 | 1199214 | INFO | queue[0050] trial 26 fold 3 no_physics
2026-03-28 15:54:06,370 | 1199214 | INFO | queue[0051] trial 26 fold 4 no_physics
2026-03-28 15:54:06,371 | 1199214 | INFO | [END BAYES QUEUE]
2026-03-28 15:54:06,376 | 1199214 | INFO | [RESUME] starting from trial 1
2026-03-28 15:54:56,301 | 1199214 | INFO | [RESUME] starting from trial 1
2026-03-28 15:55:07,851 | 1199214 | INFO | [RESUME] starting from trial 1
2026-03-28 15:56:02,405 | 1199214 | INFO | [TRIAL COMPLETE] trial 5 no_physics NSE_1D=0.85448 NSE_1H=0.88619
2026-03-28 15:56:02,767 | 1199214 | INFO | [ENQUEUE TRIAL] trial 27 no_physics
2026-03-28 15:56:02,768 | 1199214 | INFO | [BAYES QUEUE STATE]
2026-03-28 15:56:02,768 | 1199214 | INFO | pending_jobs = 38
2026-03-28 15:56:02,768 | 1199214 | INFO | inflight_trials = [0, 1, 2, 3, 5, 7, 8, 9, 10, 11, 12, 13, 14, 15, 16, 17, 18, 19, 20, 21, 22, 23, 24, 25, 26]
2026-03-28 15:56:02,768 | 1199214 | INFO | queue[0000] trial 18 fold 3 no_physics
2026-03-28 15:56:02,768 | 1199214 | INFO | queue[0001] trial 18 fold 4 no_physics
2026-03-28 15:56:02,769 | 1199214 | INFO | queue[0002] trial 19 fold 1 no_physics
2026-03-28 15:56:02,769 | 1199214 | INFO | queue[0003] trial 19 fold 2 no_physics
2026-03-28 15:56:02,769 | 1199214 | INFO | queue[0004] trial 19 fold 3 no_physics
2026-03-28 15:56:02,769 | 1199214 | INFO | queue[0005] trial 19 fold 4 no_physics
2026-03-28 15:56:02,770 | 1199214 | INFO | queue[0006] trial 20 fold 1 no_physics
2026-03-28 15:56:02,770 | 1199214 | INFO | queue[0007] trial 20 fold 2 no_physics
2026-03-28 15:56:02,770 | 1199214 | INFO | queue[0008] trial 20 fold 3 no_physics
2026-03-28 15:56:02,770 | 1199214 | INFO | queue[0009] trial 20 fold 4 no_physics
2026-03-28 15:56:02,770 | 1199214 | INFO | queue[0010] trial 21 fold 1 no_physics
2026-03-28 15:56:02,771 | 1199214 | INFO | queue[0011] trial 21 fold 2 no_physics
2026-03-28 15:56:02,771 | 1199214 | INFO | queue[0012] trial 21 fold 3 no_physics
2026-03-28 15:56:02,771 | 1199214 | INFO | queue[0013] trial 21 fold 4 no_physics
2026-03-28 15:56:02,771 | 1199214 | INFO | queue[0014] trial 22 fold 1 no_physics
2026-03-28 15:56:02,771 | 1199214 | INFO | queue[0015] trial 22 fold 2 no_physics
2026-03-28 15:56:02,771 | 1199214 | INFO | queue[0016] trial 22 fold 3 no_physics
2026-03-28 15:56:02,772 | 1199214 | INFO | queue[0017] trial 22 fold 4 no_physics
2026-03-28 15:56:02,772 | 1199214 | INFO | queue[0018] trial 23 fold 1 no_physics
2026-03-28 15:56:02,772 | 1199214 | INFO | queue[0019] trial 23 fold 2 no_physics
2026-03-28 15:56:02,772 | 1199214 | INFO | queue[0020] trial 23 fold 3 no_physics
2026-03-28 15:56:02,772 | 1199214 | INFO | queue[0021] trial 23 fold 4 no_physics
2026-03-28 15:56:02,773 | 1199214 | INFO | queue[0022] trial 24 fold 1 no_physics
2026-03-28 15:56:02,773 | 1199214 | INFO | queue[0023] trial 24 fold 2 no_physics
2026-03-28 15:56:02,773 | 1199214 | INFO | queue[0024] trial 24 fold 3 no_physics
2026-03-28 15:56:02,773 | 1199214 | INFO | queue[0025] trial 24 fold 4 no_physics
2026-03-28 15:56:02,773 | 1199214 | INFO | queue[0026] trial 25 fold 1 no_physics
2026-03-28 15:56:02,773 | 1199214 | INFO | queue[0027] trial 25 fold 2 no_physics
2026-03-28 15:56:02,773 | 1199214 | INFO | queue[0028] trial 25 fold 3 no_physics
2026-03-28 15:56:02,774 | 1199214 | INFO | queue[0029] trial 25 fold 4 no_physics
2026-03-28 15:56:02,774 | 1199214 | INFO | queue[0030] trial 26 fold 1 no_physics
2026-03-28 15:56:02,774 | 1199214 | INFO | queue[0031] trial 26 fold 2 no_physics
2026-03-28 15:56:02,774 | 1199214 | INFO | queue[0032] trial 26 fold 3 no_physics
2026-03-28 15:56:02,774 | 1199214 | INFO | queue[0033] trial 26 fold 4 no_physics
2026-03-28 15:56:02,774 | 1199214 | INFO | queue[0034] trial 27 fold 1 no_physics
2026-03-28 15:56:02,774 | 1199214 | INFO | queue[0035] trial 27 fold 2 no_physics
2026-03-28 15:56:02,775 | 1199214 | INFO | queue[0036] trial 27 fold 3 no_physics
2026-03-28 15:56:02,775 | 1199214 | INFO | queue[0037] trial 27 fold 4 no_physics
2026-03-28 15:56:02,775 | 1199214 | INFO | [END BAYES QUEUE]
2026-03-28 15:56:03,108 | 1199214 | INFO | [ENQUEUE TRIAL] trial 28 no_physics
2026-03-28 15:56:03,109 | 1199214 | INFO | [BAYES QUEUE STATE]
2026-03-28 15:56:03,109 | 1199214 | INFO | pending_jobs = 42
2026-03-28 15:56:03,109 | 1199214 | INFO | inflight_trials = [0, 1, 2, 3, 5, 7, 8, 9, 10, 11, 12, 13, 14, 15, 16, 17, 18, 19, 20, 21, 22, 23, 24, 25, 26, 27]
2026-03-28 15:56:03,110 | 1199214 | INFO | queue[0000] trial 18 fold 3 no_physics
2026-03-28 15:56:03,110 | 1199214 | INFO | queue[0001] trial 18 fold 4 no_physics
2026-03-28 15:56:03,110 | 1199214 | INFO | queue[0002] trial 19 fold 1 no_physics
2026-03-28 15:56:03,111 | 1199214 | INFO | queue[0003] trial 19 fold 2 no_physics
2026-03-28 15:56:03,111 | 1199214 | INFO | queue[0004] trial 19 fold 3 no_physics
2026-03-28 15:56:03,111 | 1199214 | INFO | queue[0005] trial 19 fold 4 no_physics
2026-03-28 15:56:03,112 | 1199214 | INFO | queue[0006] trial 20 fold 1 no_physics
2026-03-28 15:56:03,112 | 1199214 | INFO | queue[0007] trial 20 fold 2 no_physics
2026-03-28 15:56:03,112 | 1199214 | INFO | queue[0008] trial 20 fold 3 no_physics
2026-03-28 15:56:03,113 | 1199214 | INFO | queue[0009] trial 20 fold 4 no_physics
2026-03-28 15:56:03,113 | 1199214 | INFO | queue[0010] trial 21 fold 1 no_physics
2026-03-28 15:56:03,113 | 1199214 | INFO | queue[0011] trial 21 fold 2 no_physics
2026-03-28 15:56:03,114 | 1199214 | INFO | queue[0012] trial 21 fold 3 no_physics
2026-03-28 15:56:03,114 | 1199214 | INFO | queue[0013] trial 21 fold 4 no_physics
2026-03-28 15:56:03,114 | 1199214 | INFO | queue[0014] trial 22 fold 1 no_physics
2026-03-28 15:56:03,115 | 1199214 | INFO | queue[0015] trial 22 fold 2 no_physics
2026-03-28 15:56:03,115 | 1199214 | INFO | queue[0016] trial 22 fold 3 no_physics
2026-03-28 15:56:03,115 | 1199214 | INFO | queue[0017] trial 22 fold 4 no_physics
2026-03-28 15:56:03,115 | 1199214 | INFO | queue[0018] trial 23 fold 1 no_physics
2026-03-28 15:56:03,116 | 1199214 | INFO | queue[0019] trial 23 fold 2 no_physics
2026-03-28 15:56:03,116 | 1199214 | INFO | queue[0020] trial 23 fold 3 no_physics
2026-03-28 15:56:03,116 | 1199214 | INFO | queue[0021] trial 23 fold 4 no_physics
2026-03-28 15:56:03,117 | 1199214 | INFO | queue[0022] trial 24 fold 1 no_physics
2026-03-28 15:56:03,117 | 1199214 | INFO | queue[0023] trial 24 fold 2 no_physics
2026-03-28 15:56:03,117 | 1199214 | INFO | queue[0024] trial 24 fold 3 no_physics
2026-03-28 15:56:03,118 | 1199214 | INFO | queue[0025] trial 24 fold 4 no_physics
2026-03-28 15:56:03,118 | 1199214 | INFO | queue[0026] trial 25 fold 1 no_physics
2026-03-28 15:56:03,118 | 1199214 | INFO | queue[0027] trial 25 fold 2 no_physics
2026-03-28 15:56:03,119 | 1199214 | INFO | queue[0028] trial 25 fold 3 no_physics
2026-03-28 15:56:03,119 | 1199214 | INFO | queue[0029] trial 25 fold 4 no_physics
2026-03-28 15:56:03,119 | 1199214 | INFO | queue[0030] trial 26 fold 1 no_physics
2026-03-28 15:56:03,119 | 1199214 | INFO | queue[0031] trial 26 fold 2 no_physics
2026-03-28 15:56:03,119 | 1199214 | INFO | queue[0032] trial 26 fold 3 no_physics
2026-03-28 15:56:03,119 | 1199214 | INFO | queue[0033] trial 26 fold 4 no_physics
2026-03-28 15:56:03,119 | 1199214 | INFO | queue[0034] trial 27 fold 1 no_physics
2026-03-28 15:56:03,120 | 1199214 | INFO | queue[0035] trial 27 fold 2 no_physics
2026-03-28 15:56:03,120 | 1199214 | INFO | queue[0036] trial 27 fold 3 no_physics
2026-03-28 15:56:03,120 | 1199214 | INFO | queue[0037] trial 27 fold 4 no_physics
2026-03-28 15:56:03,120 | 1199214 | INFO | queue[0038] trial 28 fold 1 no_physics
2026-03-28 15:56:03,120 | 1199214 | INFO | queue[0039] trial 28 fold 2 no_physics
2026-03-28 15:56:03,120 | 1199214 | INFO | queue[0040] trial 28 fold 3 no_physics
2026-03-28 15:56:03,120 | 1199214 | INFO | queue[0041] trial 28 fold 4 no_physics
2026-03-28 15:56:03,121 | 1199214 | INFO | [END BAYES QUEUE]
2026-03-28 15:56:03,471 | 1199214 | INFO | [ENQUEUE TRIAL] trial 29 no_physics
2026-03-28 15:56:03,474 | 1199214 | INFO | [BAYES QUEUE STATE]
2026-03-28 15:56:03,475 | 1199214 | INFO | pending_jobs = 46
2026-03-28 15:56:03,475 | 1199214 | INFO | inflight_trials = [0, 1, 2, 3, 5, 7, 8, 9, 10, 11, 12, 13, 14, 15, 16, 17, 18, 19, 20, 21, 22, 23, 24, 25, 26, 27, 28]
2026-03-28 15:56:03,475 | 1199214 | INFO | queue[0000] trial 18 fold 3 no_physics
2026-03-28 15:56:03,476 | 1199214 | INFO | queue[0001] trial 18 fold 4 no_physics
2026-03-28 15:56:03,476 | 1199214 | INFO | queue[0002] trial 19 fold 1 no_physics
2026-03-28 15:56:03,476 | 1199214 | INFO | queue[0003] trial 19 fold 2 no_physics
2026-03-28 15:56:03,477 | 1199214 | INFO | queue[0004] trial 19 fold 3 no_physics
2026-03-28 15:56:03,477 | 1199214 | INFO | queue[0005] trial 19 fold 4 no_physics
2026-03-28 15:56:03,477 | 1199214 | INFO | queue[0006] trial 20 fold 1 no_physics
2026-03-28 15:56:03,477 | 1199214 | INFO | queue[0007] trial 20 fold 2 no_physics
2026-03-28 15:56:03,478 | 1199214 | INFO | queue[0008] trial 20 fold 3 no_physics
2026-03-28 15:56:03,478 | 1199214 | INFO | queue[0009] trial 20 fold 4 no_physics
2026-03-28 15:56:03,478 | 1199214 | INFO | queue[0010] trial 21 fold 1 no_physics
2026-03-28 15:56:03,479 | 1199214 | INFO | queue[0011] trial 21 fold 2 no_physics
2026-03-28 15:56:03,479 | 1199214 | INFO | queue[0012] trial 21 fold 3 no_physics
2026-03-28 15:56:03,479 | 1199214 | INFO | queue[0013] trial 21 fold 4 no_physics
2026-03-28 15:56:03,480 | 1199214 | INFO | queue[0014] trial 22 fold 1 no_physics
2026-03-28 15:56:03,480 | 1199214 | INFO | queue[0015] trial 22 fold 2 no_physics
2026-03-28 15:56:03,480 | 1199214 | INFO | queue[0016] trial 22 fold 3 no_physics
2026-03-28 15:56:03,481 | 1199214 | INFO | queue[0017] trial 22 fold 4 no_physics
2026-03-28 15:56:03,481 | 1199214 | INFO | queue[0018] trial 23 fold 1 no_physics
2026-03-28 15:56:03,481 | 1199214 | INFO | queue[0019] trial 23 fold 2 no_physics
2026-03-28 15:56:03,481 | 1199214 | INFO | queue[0020] trial 23 fold 3 no_physics
2026-03-28 15:56:03,482 | 1199214 | INFO | queue[0021] trial 23 fold 4 no_physics
2026-03-28 15:56:03,482 | 1199214 | INFO | queue[0022] trial 24 fold 1 no_physics
2026-03-28 15:56:03,482 | 1199214 | INFO | queue[0023] trial 24 fold 2 no_physics
2026-03-28 15:56:03,483 | 1199214 | INFO | queue[0024] trial 24 fold 3 no_physics
2026-03-28 15:56:03,483 | 1199214 | INFO | queue[0025] trial 24 fold 4 no_physics
2026-03-28 15:56:03,483 | 1199214 | INFO | queue[0026] trial 25 fold 1 no_physics
2026-03-28 15:56:03,484 | 1199214 | INFO | queue[0027] trial 25 fold 2 no_physics
2026-03-28 15:56:03,484 | 1199214 | INFO | queue[0028] trial 25 fold 3 no_physics
2026-03-28 15:56:03,484 | 1199214 | INFO | queue[0029] trial 25 fold 4 no_physics
2026-03-28 15:56:03,484 | 1199214 | INFO | queue[0030] trial 26 fold 1 no_physics
2026-03-28 15:56:03,485 | 1199214 | INFO | queue[0031] trial 26 fold 2 no_physics
2026-03-28 15:56:03,485 | 1199214 | INFO | queue[0032] trial 26 fold 3 no_physics
2026-03-28 15:56:03,485 | 1199214 | INFO | queue[0033] trial 26 fold 4 no_physics
2026-03-28 15:56:03,485 | 1199214 | INFO | queue[0034] trial 27 fold 1 no_physics
2026-03-28 15:56:03,486 | 1199214 | INFO | queue[0035] trial 27 fold 2 no_physics
2026-03-28 15:56:03,486 | 1199214 | INFO | queue[0036] trial 27 fold 3 no_physics
2026-03-28 15:56:03,486 | 1199214 | INFO | queue[0037] trial 27 fold 4 no_physics
2026-03-28 15:56:03,486 | 1199214 | INFO | queue[0038] trial 28 fold 1 no_physics
2026-03-28 15:56:03,486 | 1199214 | INFO | queue[0039] trial 28 fold 2 no_physics
2026-03-28 15:56:03,486 | 1199214 | INFO | queue[0040] trial 28 fold 3 no_physics
2026-03-28 15:56:03,486 | 1199214 | INFO | queue[0041] trial 28 fold 4 no_physics
2026-03-28 15:56:03,486 | 1199214 | INFO | queue[0042] trial 29 fold 1 no_physics
2026-03-28 15:56:03,487 | 1199214 | INFO | queue[0043] trial 29 fold 2 no_physics
2026-03-28 15:56:03,487 | 1199214 | INFO | queue[0044] trial 29 fold 3 no_physics
2026-03-28 15:56:03,487 | 1199214 | INFO | queue[0045] trial 29 fold 4 no_physics
2026-03-28 15:56:03,487 | 1199214 | INFO | [END BAYES QUEUE]
2026-03-28 15:56:03,836 | 1199214 | INFO | [ENQUEUE TRIAL] trial 30 no_physics
2026-03-28 15:56:03,836 | 1199214 | INFO | [BAYES QUEUE STATE]
2026-03-28 15:56:03,837 | 1199214 | INFO | pending_jobs = 50
2026-03-28 15:56:03,837 | 1199214 | INFO | inflight_trials = [0, 1, 2, 3, 5, 7, 8, 9, 10, 11, 12, 13, 14, 15, 16, 17, 18, 19, 20, 21, 22, 23, 24, 25, 26, 27, 28, 29]
2026-03-28 15:56:03,837 | 1199214 | INFO | queue[0000] trial 18 fold 3 no_physics
2026-03-28 15:56:03,837 | 1199214 | INFO | queue[0001] trial 18 fold 4 no_physics
2026-03-28 15:56:03,837 | 1199214 | INFO | queue[0002] trial 19 fold 1 no_physics
2026-03-28 15:56:03,837 | 1199214 | INFO | queue[0003] trial 19 fold 2 no_physics
2026-03-28 15:56:03,837 | 1199214 | INFO | queue[0004] trial 19 fold 3 no_physics
2026-03-28 15:56:03,837 | 1199214 | INFO | queue[0005] trial 19 fold 4 no_physics
2026-03-28 15:56:03,838 | 1199214 | INFO | queue[0006] trial 20 fold 1 no_physics
2026-03-28 15:56:03,838 | 1199214 | INFO | queue[0007] trial 20 fold 2 no_physics
2026-03-28 15:56:03,838 | 1199214 | INFO | queue[0008] trial 20 fold 3 no_physics
2026-03-28 15:56:03,838 | 1199214 | INFO | queue[0009] trial 20 fold 4 no_physics
2026-03-28 15:56:03,838 | 1199214 | INFO | queue[0010] trial 21 fold 1 no_physics
2026-03-28 15:56:03,838 | 1199214 | INFO | queue[0011] trial 21 fold 2 no_physics
2026-03-28 15:56:03,838 | 1199214 | INFO | queue[0012] trial 21 fold 3 no_physics
2026-03-28 15:56:03,838 | 1199214 | INFO | queue[0013] trial 21 fold 4 no_physics
2026-03-28 15:56:03,839 | 1199214 | INFO | queue[0014] trial 22 fold 1 no_physics
2026-03-28 15:56:03,839 | 1199214 | INFO | queue[0015] trial 22 fold 2 no_physics
2026-03-28 15:56:03,839 | 1199214 | INFO | queue[0016] trial 22 fold 3 no_physics
2026-03-28 15:56:03,839 | 1199214 | INFO | queue[0017] trial 22 fold 4 no_physics
2026-03-28 15:56:03,839 | 1199214 | INFO | queue[0018] trial 23 fold 1 no_physics
2026-03-28 15:56:03,839 | 1199214 | INFO | queue[0019] trial 23 fold 2 no_physics
2026-03-28 15:56:03,839 | 1199214 | INFO | queue[0020] trial 23 fold 3 no_physics
2026-03-28 15:56:03,839 | 1199214 | INFO | queue[0021] trial 23 fold 4 no_physics
2026-03-28 15:56:03,840 | 1199214 | INFO | queue[0022] trial 24 fold 1 no_physics
2026-03-28 15:56:03,840 | 1199214 | INFO | queue[0023] trial 24 fold 2 no_physics
2026-03-28 15:56:03,840 | 1199214 | INFO | queue[0024] trial 24 fold 3 no_physics
2026-03-28 15:56:03,840 | 1199214 | INFO | queue[0025] trial 24 fold 4 no_physics
2026-03-28 15:56:03,840 | 1199214 | INFO | queue[0026] trial 25 fold 1 no_physics
2026-03-28 15:56:03,840 | 1199214 | INFO | queue[0027] trial 25 fold 2 no_physics
2026-03-28 15:56:03,840 | 1199214 | INFO | queue[0028] trial 25 fold 3 no_physics
2026-03-28 15:56:03,840 | 1199214 | INFO | queue[0029] trial 25 fold 4 no_physics
2026-03-28 15:56:03,840 | 1199214 | INFO | queue[0030] trial 26 fold 1 no_physics
2026-03-28 15:56:03,841 | 1199214 | INFO | queue[0031] trial 26 fold 2 no_physics
2026-03-28 15:56:03,841 | 1199214 | INFO | queue[0032] trial 26 fold 3 no_physics
2026-03-28 15:56:03,841 | 1199214 | INFO | queue[0033] trial 26 fold 4 no_physics
2026-03-28 15:56:03,841 | 1199214 | INFO | queue[0034] trial 27 fold 1 no_physics
2026-03-28 15:56:03,841 | 1199214 | INFO | queue[0035] trial 27 fold 2 no_physics
2026-03-28 15:56:03,841 | 1199214 | INFO | queue[0036] trial 27 fold 3 no_physics
2026-03-28 15:56:03,841 | 1199214 | INFO | queue[0037] trial 27 fold 4 no_physics
2026-03-28 15:56:03,841 | 1199214 | INFO | queue[0038] trial 28 fold 1 no_physics
2026-03-28 15:56:03,841 | 1199214 | INFO | queue[0039] trial 28 fold 2 no_physics
2026-03-28 15:56:03,842 | 1199214 | INFO | queue[0040] trial 28 fold 3 no_physics
2026-03-28 15:56:03,842 | 1199214 | INFO | queue[0041] trial 28 fold 4 no_physics
2026-03-28 15:56:03,842 | 1199214 | INFO | queue[0042] trial 29 fold 1 no_physics
2026-03-28 15:56:03,842 | 1199214 | INFO | queue[0043] trial 29 fold 2 no_physics
2026-03-28 15:56:03,842 | 1199214 | INFO | queue[0044] trial 29 fold 3 no_physics
2026-03-28 15:56:03,842 | 1199214 | INFO | queue[0045] trial 29 fold 4 no_physics
2026-03-28 15:56:03,842 | 1199214 | INFO | queue[0046] trial 30 fold 1 no_physics
2026-03-28 15:56:03,842 | 1199214 | INFO | queue[0047] trial 30 fold 2 no_physics
2026-03-28 15:56:03,842 | 1199214 | INFO | queue[0048] trial 30 fold 3 no_physics
2026-03-28 15:56:03,843 | 1199214 | INFO | queue[0049] trial 30 fold 4 no_physics
2026-03-28 15:56:03,843 | 1199214 | INFO | [END BAYES QUEUE]
2026-03-28 15:56:04,274 | 1199214 | INFO | [ENQUEUE TRIAL] trial 31 no_physics
2026-03-28 15:56:04,277 | 1199214 | INFO | [BAYES QUEUE STATE]
2026-03-28 15:56:04,277 | 1199214 | INFO | pending_jobs = 54
2026-03-28 15:56:04,277 | 1199214 | INFO | inflight_trials = [0, 1, 2, 3, 5, 7, 8, 9, 10, 11, 12, 13, 14, 15, 16, 17, 18, 19, 20, 21, 22, 23, 24, 25, 26, 27, 28, 29, 30]
2026-03-28 15:56:04,277 | 1199214 | INFO | queue[0000] trial 18 fold 3 no_physics
2026-03-28 15:56:04,277 | 1199214 | INFO | queue[0001] trial 18 fold 4 no_physics
2026-03-28 15:56:04,278 | 1199214 | INFO | queue[0002] trial 19 fold 1 no_physics
2026-03-28 15:56:04,278 | 1199214 | INFO | queue[0003] trial 19 fold 2 no_physics
2026-03-28 15:56:04,278 | 1199214 | INFO | queue[0004] trial 19 fold 3 no_physics
2026-03-28 15:56:04,278 | 1199214 | INFO | queue[0005] trial 19 fold 4 no_physics
2026-03-28 15:56:04,278 | 1199214 | INFO | queue[0006] trial 20 fold 1 no_physics
2026-03-28 15:56:04,278 | 1199214 | INFO | queue[0007] trial 20 fold 2 no_physics
2026-03-28 15:56:04,278 | 1199214 | INFO | queue[0008] trial 20 fold 3 no_physics
2026-03-28 15:56:04,278 | 1199214 | INFO | queue[0009] trial 20 fold 4 no_physics
2026-03-28 15:56:04,279 | 1199214 | INFO | queue[0010] trial 21 fold 1 no_physics
2026-03-28 15:56:04,279 | 1199214 | INFO | queue[0011] trial 21 fold 2 no_physics
2026-03-28 15:56:04,279 | 1199214 | INFO | queue[0012] trial 21 fold 3 no_physics
2026-03-28 15:56:04,279 | 1199214 | INFO | queue[0013] trial 21 fold 4 no_physics
2026-03-28 15:56:04,279 | 1199214 | INFO | queue[0014] trial 22 fold 1 no_physics
2026-03-28 15:56:04,279 | 1199214 | INFO | queue[0015] trial 22 fold 2 no_physics
2026-03-28 15:56:04,279 | 1199214 | INFO | queue[0016] trial 22 fold 3 no_physics
2026-03-28 15:56:04,279 | 1199214 | INFO | queue[0017] trial 22 fold 4 no_physics
2026-03-28 15:56:04,280 | 1199214 | INFO | queue[0018] trial 23 fold 1 no_physics
2026-03-28 15:56:04,280 | 1199214 | INFO | queue[0019] trial 23 fold 2 no_physics
2026-03-28 15:56:04,280 | 1199214 | INFO | queue[0020] trial 23 fold 3 no_physics
2026-03-28 15:56:04,280 | 1199214 | INFO | queue[0021] trial 23 fold 4 no_physics
2026-03-28 15:56:04,280 | 1199214 | INFO | queue[0022] trial 24 fold 1 no_physics
2026-03-28 15:56:04,280 | 1199214 | INFO | queue[0023] trial 24 fold 2 no_physics
2026-03-28 15:56:04,280 | 1199214 | INFO | queue[0024] trial 24 fold 3 no_physics
2026-03-28 15:56:04,281 | 1199214 | INFO | queue[0025] trial 24 fold 4 no_physics
2026-03-28 15:56:04,281 | 1199214 | INFO | queue[0026] trial 25 fold 1 no_physics
2026-03-28 15:56:04,281 | 1199214 | INFO | queue[0027] trial 25 fold 2 no_physics
2026-03-28 15:56:04,281 | 1199214 | INFO | queue[0028] trial 25 fold 3 no_physics
2026-03-28 15:56:04,281 | 1199214 | INFO | queue[0029] trial 25 fold 4 no_physics
2026-03-28 15:56:04,281 | 1199214 | INFO | queue[0030] trial 26 fold 1 no_physics
2026-03-28 15:56:04,281 | 1199214 | INFO | queue[0031] trial 26 fold 2 no_physics
2026-03-28 15:56:04,281 | 1199214 | INFO | queue[0032] trial 26 fold 3 no_physics
2026-03-28 15:56:04,282 | 1199214 | INFO | queue[0033] trial 26 fold 4 no_physics
2026-03-28 15:56:04,282 | 1199214 | INFO | queue[0034] trial 27 fold 1 no_physics
2026-03-28 15:56:04,282 | 1199214 | INFO | queue[0035] trial 27 fold 2 no_physics
2026-03-28 15:56:04,282 | 1199214 | INFO | queue[0036] trial 27 fold 3 no_physics
2026-03-28 15:56:04,282 | 1199214 | INFO | queue[0037] trial 27 fold 4 no_physics
2026-03-28 15:56:04,282 | 1199214 | INFO | queue[0038] trial 28 fold 1 no_physics
2026-03-28 15:56:04,282 | 1199214 | INFO | queue[0039] trial 28 fold 2 no_physics
2026-03-28 15:56:04,282 | 1199214 | INFO | queue[0040] trial 28 fold 3 no_physics
2026-03-28 15:56:04,283 | 1199214 | INFO | queue[0041] trial 28 fold 4 no_physics
2026-03-28 15:56:04,283 | 1199214 | INFO | queue[0042] trial 29 fold 1 no_physics
2026-03-28 15:56:04,283 | 1199214 | INFO | queue[0043] trial 29 fold 2 no_physics
2026-03-28 15:56:04,283 | 1199214 | INFO | queue[0044] trial 29 fold 3 no_physics
2026-03-28 15:56:04,283 | 1199214 | INFO | queue[0045] trial 29 fold 4 no_physics
2026-03-28 15:56:04,283 | 1199214 | INFO | queue[0046] trial 30 fold 1 no_physics
2026-03-28 15:56:04,283 | 1199214 | INFO | queue[0047] trial 30 fold 2 no_physics
2026-03-28 15:56:04,283 | 1199214 | INFO | queue[0048] trial 30 fold 3 no_physics
2026-03-28 15:56:04,284 | 1199214 | INFO | queue[0049] trial 30 fold 4 no_physics
2026-03-28 15:56:04,284 | 1199214 | INFO | queue[0050] trial 31 fold 1 no_physics
2026-03-28 15:56:04,284 | 1199214 | INFO | queue[0051] trial 31 fold 2 no_physics
2026-03-28 15:56:04,284 | 1199214 | INFO | queue[0052] trial 31 fold 3 no_physics
2026-03-28 15:56:04,284 | 1199214 | INFO | queue[0053] trial 31 fold 4 no_physics
2026-03-28 15:56:04,284 | 1199214 | INFO | [END BAYES QUEUE]
2026-03-28 15:56:04,290 | 1199214 | INFO | [RESUME] starting from trial 2
2026-03-28 15:56:29,467 | 1199214 | INFO | [RESUME] starting from trial 2
2026-03-28 15:58:05,259 | 1199214 | INFO | [TRIAL COMPLETE] trial 4 no_physics NSE_1D=0.83905 NSE_1H=0.84751
2026-03-28 15:58:05,276 | 1199214 | INFO | [RESUME] starting from trial 3
2026-03-28 15:58:05,886 | 1199214 | INFO | [RESUME] starting from trial 3
2026-03-28 15:58:57,123 | 1199214 | INFO | [RESUME] starting from trial 3
2026-03-28 15:59:27,710 | 1199214 | INFO | [RESUME] starting from trial 3
2026-03-28 15:59:44,876 | 1199214 | INFO | [RESUME] starting from trial 3
2026-03-28 16:00:09,379 | 1199214 | INFO | [TRIAL COMPLETE] trial 1 no_physics NSE_1D=0.88827 NSE_1H=0.86838
2026-03-28 16:00:09,737 | 1199214 | INFO | [ENQUEUE TRIAL] trial 32 no_physics
2026-03-28 16:00:09,738 | 1199214 | INFO | [BAYES QUEUE STATE]
2026-03-28 16:00:09,738 | 1199214 | INFO | pending_jobs = 51
2026-03-28 16:00:09,739 | 1199214 | INFO | inflight_trials = [1, 2, 5, 7, 8, 9, 10, 11, 12, 13, 14, 15, 16, 17, 18, 19, 20, 21, 22, 23, 24, 25, 26, 27, 28, 29, 30, 31]
2026-03-28 16:00:09,739 | 1199214 | INFO | queue[0000] trial 20 fold 2 no_physics
2026-03-28 16:00:09,739 | 1199214 | INFO | queue[0001] trial 20 fold 3 no_physics
2026-03-28 16:00:09,740 | 1199214 | INFO | queue[0002] trial 20 fold 4 no_physics
2026-03-28 16:00:09,740 | 1199214 | INFO | queue[0003] trial 21 fold 1 no_physics
2026-03-28 16:00:09,740 | 1199214 | INFO | queue[0004] trial 21 fold 2 no_physics
2026-03-28 16:00:09,741 | 1199214 | INFO | queue[0005] trial 21 fold 3 no_physics
2026-03-28 16:00:09,741 | 1199214 | INFO | queue[0006] trial 21 fold 4 no_physics
2026-03-28 16:00:09,741 | 1199214 | INFO | queue[0007] trial 22 fold 1 no_physics
2026-03-28 16:00:09,741 | 1199214 | INFO | queue[0008] trial 22 fold 2 no_physics
2026-03-28 16:00:09,742 | 1199214 | INFO | queue[0009] trial 22 fold 3 no_physics
2026-03-28 16:00:09,742 | 1199214 | INFO | queue[0010] trial 22 fold 4 no_physics
2026-03-28 16:00:09,742 | 1199214 | INFO | queue[0011] trial 23 fold 1 no_physics
2026-03-28 16:00:09,742 | 1199214 | INFO | queue[0012] trial 23 fold 2 no_physics
2026-03-28 16:00:09,743 | 1199214 | INFO | queue[0013] trial 23 fold 3 no_physics
2026-03-28 16:00:09,743 | 1199214 | INFO | queue[0014] trial 23 fold 4 no_physics
2026-03-28 16:00:09,743 | 1199214 | INFO | queue[0015] trial 24 fold 1 no_physics
2026-03-28 16:00:09,743 | 1199214 | INFO | queue[0016] trial 24 fold 2 no_physics
2026-03-28 16:00:09,744 | 1199214 | INFO | queue[0017] trial 24 fold 3 no_physics
2026-03-28 16:00:09,744 | 1199214 | INFO | queue[0018] trial 24 fold 4 no_physics
2026-03-28 16:00:09,744 | 1199214 | INFO | queue[0019] trial 25 fold 1 no_physics
2026-03-28 16:00:09,744 | 1199214 | INFO | queue[0020] trial 25 fold 2 no_physics
2026-03-28 16:00:09,745 | 1199214 | INFO | queue[0021] trial 25 fold 3 no_physics
2026-03-28 16:00:09,745 | 1199214 | INFO | queue[0022] trial 25 fold 4 no_physics
2026-03-28 16:00:09,745 | 1199214 | INFO | queue[0023] trial 26 fold 1 no_physics
2026-03-28 16:00:09,745 | 1199214 | INFO | queue[0024] trial 26 fold 2 no_physics
2026-03-28 16:00:09,746 | 1199214 | INFO | queue[0025] trial 26 fold 3 no_physics
2026-03-28 16:00:09,746 | 1199214 | INFO | queue[0026] trial 26 fold 4 no_physics
2026-03-28 16:00:09,746 | 1199214 | INFO | queue[0027] trial 27 fold 1 no_physics
2026-03-28 16:00:09,746 | 1199214 | INFO | queue[0028] trial 27 fold 2 no_physics
2026-03-28 16:00:09,747 | 1199214 | INFO | queue[0029] trial 27 fold 3 no_physics
2026-03-28 16:00:09,747 | 1199214 | INFO | queue[0030] trial 27 fold 4 no_physics
2026-03-28 16:00:09,747 | 1199214 | INFO | queue[0031] trial 28 fold 1 no_physics
2026-03-28 16:00:09,747 | 1199214 | INFO | queue[0032] trial 28 fold 2 no_physics
2026-03-28 16:00:09,748 | 1199214 | INFO | queue[0033] trial 28 fold 3 no_physics
2026-03-28 16:00:09,748 | 1199214 | INFO | queue[0034] trial 28 fold 4 no_physics
2026-03-28 16:00:09,748 | 1199214 | INFO | queue[0035] trial 29 fold 1 no_physics
2026-03-28 16:00:09,748 | 1199214 | INFO | queue[0036] trial 29 fold 2 no_physics
2026-03-28 16:00:09,749 | 1199214 | INFO | queue[0037] trial 29 fold 3 no_physics
2026-03-28 16:00:09,749 | 1199214 | INFO | queue[0038] trial 29 fold 4 no_physics
2026-03-28 16:00:09,749 | 1199214 | INFO | queue[0039] trial 30 fold 1 no_physics
2026-03-28 16:00:09,749 | 1199214 | INFO | queue[0040] trial 30 fold 2 no_physics
2026-03-28 16:00:09,749 | 1199214 | INFO | queue[0041] trial 30 fold 3 no_physics
2026-03-28 16:00:09,749 | 1199214 | INFO | queue[0042] trial 30 fold 4 no_physics
2026-03-28 16:00:09,749 | 1199214 | INFO | queue[0043] trial 31 fold 1 no_physics
2026-03-28 16:00:09,749 | 1199214 | INFO | queue[0044] trial 31 fold 2 no_physics
2026-03-28 16:00:09,750 | 1199214 | INFO | queue[0045] trial 31 fold 3 no_physics
2026-03-28 16:00:09,750 | 1199214 | INFO | queue[0046] trial 31 fold 4 no_physics
2026-03-28 16:00:09,750 | 1199214 | INFO | queue[0047] trial 32 fold 1 no_physics
2026-03-28 16:00:09,750 | 1199214 | INFO | queue[0048] trial 32 fold 2 no_physics
2026-03-28 16:00:09,750 | 1199214 | INFO | queue[0049] trial 32 fold 3 no_physics
2026-03-28 16:00:09,750 | 1199214 | INFO | queue[0050] trial 32 fold 4 no_physics
2026-03-28 16:00:09,750 | 1199214 | INFO | [END BAYES QUEUE]
2026-03-28 16:00:09,756 | 1199214 | INFO | [RESUME] starting from trial 4
2026-03-28 16:01:08,705 | 1199214 | INFO | [RESUME] starting from trial 4
2026-03-28 16:01:12,037 | 1199214 | INFO | [RESUME] starting from trial 4
2026-03-28 16:01:37,321 | 1199214 | INFO | [RESUME] starting from trial 4
2026-03-28 16:03:20,124 | 1199214 | INFO | [TRIAL COMPLETE] trial 13 no_physics NSE_1D=0.85528 NSE_1H=0.87145
2026-03-28 16:03:20,463 | 1199214 | INFO | [ENQUEUE TRIAL] trial 33 no_physics
2026-03-28 16:03:20,464 | 1199214 | INFO | [BAYES QUEUE STATE]
2026-03-28 16:03:20,464 | 1199214 | INFO | pending_jobs = 51
2026-03-28 16:03:20,464 | 1199214 | INFO | inflight_trials = [1, 2, 5, 7, 8, 9, 10, 11, 13, 14, 15, 16, 17, 18, 19, 20, 21, 22, 23, 24, 25, 26, 27, 28, 29, 30, 31, 32]
2026-03-28 16:03:20,465 | 1199214 | INFO | queue[0000] trial 21 fold 2 no_physics
2026-03-28 16:03:20,465 | 1199214 | INFO | queue[0001] trial 21 fold 3 no_physics
2026-03-28 16:03:20,465 | 1199214 | INFO | queue[0002] trial 21 fold 4 no_physics
2026-03-28 16:03:20,466 | 1199214 | INFO | queue[0003] trial 22 fold 1 no_physics
2026-03-28 16:03:20,466 | 1199214 | INFO | queue[0004] trial 22 fold 2 no_physics
2026-03-28 16:03:20,466 | 1199214 | INFO | queue[0005] trial 22 fold 3 no_physics
2026-03-28 16:03:20,467 | 1199214 | INFO | queue[0006] trial 22 fold 4 no_physics
2026-03-28 16:03:20,467 | 1199214 | INFO | queue[0007] trial 23 fold 1 no_physics
2026-03-28 16:03:20,467 | 1199214 | INFO | queue[0008] trial 23 fold 2 no_physics
2026-03-28 16:03:20,468 | 1199214 | INFO | queue[0009] trial 23 fold 3 no_physics
2026-03-28 16:03:20,468 | 1199214 | INFO | queue[0010] trial 23 fold 4 no_physics
2026-03-28 16:03:20,468 | 1199214 | INFO | queue[0011] trial 24 fold 1 no_physics
2026-03-28 16:03:20,469 | 1199214 | INFO | queue[0012] trial 24 fold 2 no_physics
2026-03-28 16:03:20,469 | 1199214 | INFO | queue[0013] trial 24 fold 3 no_physics
2026-03-28 16:03:20,469 | 1199214 | INFO | queue[0014] trial 24 fold 4 no_physics
2026-03-28 16:03:20,469 | 1199214 | INFO | queue[0015] trial 25 fold 1 no_physics
2026-03-28 16:03:20,470 | 1199214 | INFO | queue[0016] trial 25 fold 2 no_physics
2026-03-28 16:03:20,470 | 1199214 | INFO | queue[0017] trial 25 fold 3 no_physics
2026-03-28 16:03:20,470 | 1199214 | INFO | queue[0018] trial 25 fold 4 no_physics
2026-03-28 16:03:20,471 | 1199214 | INFO | queue[0019] trial 26 fold 1 no_physics
2026-03-28 16:03:20,471 | 1199214 | INFO | queue[0020] trial 26 fold 2 no_physics
2026-03-28 16:03:20,471 | 1199214 | INFO | queue[0021] trial 26 fold 3 no_physics
2026-03-28 16:03:20,472 | 1199214 | INFO | queue[0022] trial 26 fold 4 no_physics
2026-03-28 16:03:20,472 | 1199214 | INFO | queue[0023] trial 27 fold 1 no_physics
2026-03-28 16:03:20,472 | 1199214 | INFO | queue[0024] trial 27 fold 2 no_physics
2026-03-28 16:03:20,472 | 1199214 | INFO | queue[0025] trial 27 fold 3 no_physics
2026-03-28 16:03:20,472 | 1199214 | INFO | queue[0026] trial 27 fold 4 no_physics
2026-03-28 16:03:20,473 | 1199214 | INFO | queue[0027] trial 28 fold 1 no_physics
2026-03-28 16:03:20,473 | 1199214 | INFO | queue[0028] trial 28 fold 2 no_physics
2026-03-28 16:03:20,473 | 1199214 | INFO | queue[0029] trial 28 fold 3 no_physics
2026-03-28 16:03:20,473 | 1199214 | INFO | queue[0030] trial 28 fold 4 no_physics
2026-03-28 16:03:20,473 | 1199214 | INFO | queue[0031] trial 29 fold 1 no_physics
2026-03-28 16:03:20,473 | 1199214 | INFO | queue[0032] trial 29 fold 2 no_physics
2026-03-28 16:03:20,473 | 1199214 | INFO | queue[0033] trial 29 fold 3 no_physics
2026-03-28 16:03:20,474 | 1199214 | INFO | queue[0034] trial 29 fold 4 no_physics
2026-03-28 16:03:20,474 | 1199214 | INFO | queue[0035] trial 30 fold 1 no_physics
2026-03-28 16:03:20,474 | 1199214 | INFO | queue[0036] trial 30 fold 2 no_physics
2026-03-28 16:03:20,474 | 1199214 | INFO | queue[0037] trial 30 fold 3 no_physics
2026-03-28 16:03:20,474 | 1199214 | INFO | queue[0038] trial 30 fold 4 no_physics
2026-03-28 16:03:20,474 | 1199214 | INFO | queue[0039] trial 31 fold 1 no_physics
2026-03-28 16:03:20,474 | 1199214 | INFO | queue[0040] trial 31 fold 2 no_physics
2026-03-28 16:03:20,474 | 1199214 | INFO | queue[0041] trial 31 fold 3 no_physics
2026-03-28 16:03:20,475 | 1199214 | INFO | queue[0042] trial 31 fold 4 no_physics
2026-03-28 16:03:20,475 | 1199214 | INFO | queue[0043] trial 32 fold 1 no_physics
2026-03-28 16:03:20,475 | 1199214 | INFO | queue[0044] trial 32 fold 2 no_physics
2026-03-28 16:03:20,475 | 1199214 | INFO | queue[0045] trial 32 fold 3 no_physics
2026-03-28 16:03:20,475 | 1199214 | INFO | queue[0046] trial 32 fold 4 no_physics
2026-03-28 16:03:20,475 | 1199214 | INFO | queue[0047] trial 33 fold 1 no_physics
2026-03-28 16:03:20,475 | 1199214 | INFO | queue[0048] trial 33 fold 2 no_physics
2026-03-28 16:03:20,476 | 1199214 | INFO | queue[0049] trial 33 fold 3 no_physics
2026-03-28 16:03:20,476 | 1199214 | INFO | queue[0050] trial 33 fold 4 no_physics
2026-03-28 16:03:20,476 | 1199214 | INFO | [END BAYES QUEUE]
2026-03-28 16:03:20,482 | 1199214 | INFO | [RESUME] starting from trial 5
2026-03-28 16:03:37,143 | 1199214 | INFO | [RESUME] starting from trial 5
2026-03-28 16:04:08,847 | 1199214 | INFO | [RESUME] starting from trial 5
2026-03-28 16:05:10,207 | 1199214 | INFO | [RESUME] starting from trial 5
2026-03-28 16:06:06,456 | 1199214 | INFO | [RESUME] starting from trial 5
2026-03-28 16:06:29,930 | 1199214 | INFO | [RESUME] starting from trial 5
2026-03-28 16:06:38,178 | 1199214 | INFO | [RESUME] starting from trial 5
2026-03-28 16:06:43,320 | 1199214 | INFO | [RESUME] starting from trial 5
2026-03-28 16:07:37,081 | 1199214 | INFO | [TRIAL COMPLETE] trial 12 no_physics NSE_1D=0.84546 NSE_1H=0.84466
2026-03-28 16:07:37,386 | 1199214 | INFO | [ENQUEUE TRIAL] trial 34 no_physics
2026-03-28 16:07:37,387 | 1199214 | INFO | [BAYES QUEUE STATE]
2026-03-28 16:07:37,387 | 1199214 | INFO | pending_jobs = 47
2026-03-28 16:07:37,387 | 1199214 | INFO | inflight_trials = [1, 2, 5, 7, 8, 9, 10, 13, 14, 15, 16, 17, 18, 19, 20, 21, 22, 23, 24, 25, 26, 27, 28, 29, 30, 31, 32, 33]
2026-03-28 16:07:37,387 | 1199214 | INFO | queue[0000] trial 23 fold 2 no_physics
2026-03-28 16:07:37,387 | 1199214 | INFO | queue[0001] trial 23 fold 3 no_physics
2026-03-28 16:07:37,388 | 1199214 | INFO | queue[0002] trial 23 fold 4 no_physics
2026-03-28 16:07:37,388 | 1199214 | INFO | queue[0003] trial 24 fold 1 no_physics
2026-03-28 16:07:37,388 | 1199214 | INFO | queue[0004] trial 24 fold 2 no_physics
2026-03-28 16:07:37,388 | 1199214 | INFO | queue[0005] trial 24 fold 3 no_physics
2026-03-28 16:07:37,388 | 1199214 | INFO | queue[0006] trial 24 fold 4 no_physics
2026-03-28 16:07:37,388 | 1199214 | INFO | queue[0007] trial 25 fold 1 no_physics
2026-03-28 16:07:37,388 | 1199214 | INFO | queue[0008] trial 25 fold 2 no_physics
2026-03-28 16:07:37,389 | 1199214 | INFO | queue[0009] trial 25 fold 3 no_physics
2026-03-28 16:07:37,389 | 1199214 | INFO | queue[0010] trial 25 fold 4 no_physics
2026-03-28 16:07:37,389 | 1199214 | INFO | queue[0011] trial 26 fold 1 no_physics
2026-03-28 16:07:37,389 | 1199214 | INFO | queue[0012] trial 26 fold 2 no_physics
2026-03-28 16:07:37,389 | 1199214 | INFO | queue[0013] trial 26 fold 3 no_physics
2026-03-28 16:07:37,389 | 1199214 | INFO | queue[0014] trial 26 fold 4 no_physics
2026-03-28 16:07:37,389 | 1199214 | INFO | queue[0015] trial 27 fold 1 no_physics
2026-03-28 16:07:37,390 | 1199214 | INFO | queue[0016] trial 27 fold 2 no_physics
2026-03-28 16:07:37,390 | 1199214 | INFO | queue[0017] trial 27 fold 3 no_physics
2026-03-28 16:07:37,390 | 1199214 | INFO | queue[0018] trial 27 fold 4 no_physics
2026-03-28 16:07:37,390 | 1199214 | INFO | queue[0019] trial 28 fold 1 no_physics
2026-03-28 16:07:37,390 | 1199214 | INFO | queue[0020] trial 28 fold 2 no_physics
2026-03-28 16:07:37,390 | 1199214 | INFO | queue[0021] trial 28 fold 3 no_physics
2026-03-28 16:07:37,390 | 1199214 | INFO | queue[0022] trial 28 fold 4 no_physics
2026-03-28 16:07:37,391 | 1199214 | INFO | queue[0023] trial 29 fold 1 no_physics
2026-03-28 16:07:37,391 | 1199214 | INFO | queue[0024] trial 29 fold 2 no_physics
2026-03-28 16:07:37,391 | 1199214 | INFO | queue[0025] trial 29 fold 3 no_physics
2026-03-28 16:07:37,391 | 1199214 | INFO | queue[0026] trial 29 fold 4 no_physics
2026-03-28 16:07:37,391 | 1199214 | INFO | queue[0027] trial 30 fold 1 no_physics
2026-03-28 16:07:37,391 | 1199214 | INFO | queue[0028] trial 30 fold 2 no_physics
2026-03-28 16:07:37,391 | 1199214 | INFO | queue[0029] trial 30 fold 3 no_physics
2026-03-28 16:07:37,392 | 1199214 | INFO | queue[0030] trial 30 fold 4 no_physics
2026-03-28 16:07:37,392 | 1199214 | INFO | queue[0031] trial 31 fold 1 no_physics
2026-03-28 16:07:37,392 | 1199214 | INFO | queue[0032] trial 31 fold 2 no_physics
2026-03-28 16:07:37,392 | 1199214 | INFO | queue[0033] trial 31 fold 3 no_physics
2026-03-28 16:07:37,392 | 1199214 | INFO | queue[0034] trial 31 fold 4 no_physics
2026-03-28 16:07:37,392 | 1199214 | INFO | queue[0035] trial 32 fold 1 no_physics
2026-03-28 16:07:37,392 | 1199214 | INFO | queue[0036] trial 32 fold 2 no_physics
2026-03-28 16:07:37,392 | 1199214 | INFO | queue[0037] trial 32 fold 3 no_physics
2026-03-28 16:07:37,393 | 1199214 | INFO | queue[0038] trial 32 fold 4 no_physics
2026-03-28 16:07:37,393 | 1199214 | INFO | queue[0039] trial 33 fold 1 no_physics
2026-03-28 16:07:37,393 | 1199214 | INFO | queue[0040] trial 33 fold 2 no_physics
2026-03-28 16:07:37,393 | 1199214 | INFO | queue[0041] trial 33 fold 3 no_physics
2026-03-28 16:07:37,393 | 1199214 | INFO | queue[0042] trial 33 fold 4 no_physics
2026-03-28 16:07:37,393 | 1199214 | INFO | queue[0043] trial 34 fold 1 no_physics
2026-03-28 16:07:37,393 | 1199214 | INFO | queue[0044] trial 34 fold 2 no_physics
2026-03-28 16:07:37,393 | 1199214 | INFO | queue[0045] trial 34 fold 3 no_physics
2026-03-28 16:07:37,394 | 1199214 | INFO | queue[0046] trial 34 fold 4 no_physics
2026-03-28 16:07:37,394 | 1199214 | INFO | [END BAYES QUEUE]
2026-03-28 16:07:37,726 | 1199214 | INFO | [ENQUEUE TRIAL] trial 35 no_physics
2026-03-28 16:07:37,726 | 1199214 | INFO | [BAYES QUEUE STATE]
2026-03-28 16:07:37,726 | 1199214 | INFO | pending_jobs = 51
2026-03-28 16:07:37,727 | 1199214 | INFO | inflight_trials = [1, 2, 5, 7, 8, 9, 10, 13, 14, 15, 16, 17, 18, 19, 20, 21, 22, 23, 24, 25, 26, 27, 28, 29, 30, 31, 32, 33, 34]
2026-03-28 16:07:37,727 | 1199214 | INFO | queue[0000] trial 23 fold 2 no_physics
2026-03-28 16:07:37,728 | 1199214 | INFO | queue[0001] trial 23 fold 3 no_physics
2026-03-28 16:07:37,728 | 1199214 | INFO | queue[0002] trial 23 fold 4 no_physics
2026-03-28 16:07:37,728 | 1199214 | INFO | queue[0003] trial 24 fold 1 no_physics
2026-03-28 16:07:37,729 | 1199214 | INFO | queue[0004] trial 24 fold 2 no_physics
2026-03-28 16:07:37,729 | 1199214 | INFO | queue[0005] trial 24 fold 3 no_physics
2026-03-28 16:07:37,729 | 1199214 | INFO | queue[0006] trial 24 fold 4 no_physics
2026-03-28 16:07:37,730 | 1199214 | INFO | queue[0007] trial 25 fold 1 no_physics
2026-03-28 16:07:37,730 | 1199214 | INFO | queue[0008] trial 25 fold 2 no_physics
2026-03-28 16:07:37,730 | 1199214 | INFO | queue[0009] trial 25 fold 3 no_physics
2026-03-28 16:07:37,731 | 1199214 | INFO | queue[0010] trial 25 fold 4 no_physics
2026-03-28 16:07:37,731 | 1199214 | INFO | queue[0011] trial 26 fold 1 no_physics
2026-03-28 16:07:37,731 | 1199214 | INFO | queue[0012] trial 26 fold 2 no_physics
2026-03-28 16:07:37,732 | 1199214 | INFO | queue[0013] trial 26 fold 3 no_physics
2026-03-28 16:07:37,732 | 1199214 | INFO | queue[0014] trial 26 fold 4 no_physics
2026-03-28 16:07:37,732 | 1199214 | INFO | queue[0015] trial 27 fold 1 no_physics
2026-03-28 16:07:37,732 | 1199214 | INFO | queue[0016] trial 27 fold 2 no_physics
2026-03-28 16:07:37,732 | 1199214 | INFO | queue[0017] trial 27 fold 3 no_physics
2026-03-28 16:07:37,733 | 1199214 | INFO | queue[0018] trial 27 fold 4 no_physics
2026-03-28 16:07:37,733 | 1199214 | INFO | queue[0019] trial 28 fold 1 no_physics
2026-03-28 16:07:37,733 | 1199214 | INFO | queue[0020] trial 28 fold 2 no_physics
2026-03-28 16:07:37,733 | 1199214 | INFO | queue[0021] trial 28 fold 3 no_physics
2026-03-28 16:07:37,733 | 1199214 | INFO | queue[0022] trial 28 fold 4 no_physics
2026-03-28 16:07:37,733 | 1199214 | INFO | queue[0023] trial 29 fold 1 no_physics
2026-03-28 16:07:37,734 | 1199214 | INFO | queue[0024] trial 29 fold 2 no_physics
2026-03-28 16:07:37,734 | 1199214 | INFO | queue[0025] trial 29 fold 3 no_physics
2026-03-28 16:07:37,734 | 1199214 | INFO | queue[0026] trial 29 fold 4 no_physics
2026-03-28 16:07:37,734 | 1199214 | INFO | queue[0027] trial 30 fold 1 no_physics
2026-03-28 16:07:37,734 | 1199214 | INFO | queue[0028] trial 30 fold 2 no_physics
2026-03-28 16:07:37,734 | 1199214 | INFO | queue[0029] trial 30 fold 3 no_physics
2026-03-28 16:07:37,734 | 1199214 | INFO | queue[0030] trial 30 fold 4 no_physics
2026-03-28 16:07:37,735 | 1199214 | INFO | queue[0031] trial 31 fold 1 no_physics
2026-03-28 16:07:37,735 | 1199214 | INFO | queue[0032] trial 31 fold 2 no_physics
2026-03-28 16:07:37,735 | 1199214 | INFO | queue[0033] trial 31 fold 3 no_physics
2026-03-28 16:07:37,735 | 1199214 | INFO | queue[0034] trial 31 fold 4 no_physics
2026-03-28 16:07:37,735 | 1199214 | INFO | queue[0035] trial 32 fold 1 no_physics
2026-03-28 16:07:37,735 | 1199214 | INFO | queue[0036] trial 32 fold 2 no_physics
2026-03-28 16:07:37,736 | 1199214 | INFO | queue[0037] trial 32 fold 3 no_physics
2026-03-28 16:07:37,736 | 1199214 | INFO | queue[0038] trial 32 fold 4 no_physics
2026-03-28 16:07:37,736 | 1199214 | INFO | queue[0039] trial 33 fold 1 no_physics
2026-03-28 16:07:37,736 | 1199214 | INFO | queue[0040] trial 33 fold 2 no_physics
2026-03-28 16:07:37,736 | 1199214 | INFO | queue[0041] trial 33 fold 3 no_physics
2026-03-28 16:07:37,736 | 1199214 | INFO | queue[0042] trial 33 fold 4 no_physics
2026-03-28 16:07:37,737 | 1199214 | INFO | queue[0043] trial 34 fold 1 no_physics
2026-03-28 16:07:37,737 | 1199214 | INFO | queue[0044] trial 34 fold 2 no_physics
2026-03-28 16:07:37,737 | 1199214 | INFO | queue[0045] trial 34 fold 3 no_physics
2026-03-28 16:07:37,737 | 1199214 | INFO | queue[0046] trial 34 fold 4 no_physics
2026-03-28 16:07:37,737 | 1199214 | INFO | queue[0047] trial 35 fold 1 no_physics
2026-03-28 16:07:37,737 | 1199214 | INFO | queue[0048] trial 35 fold 2 no_physics
2026-03-28 16:07:37,738 | 1199214 | INFO | queue[0049] trial 35 fold 3 no_physics
2026-03-28 16:07:37,738 | 1199214 | INFO | queue[0050] trial 35 fold 4 no_physics
2026-03-28 16:07:37,738 | 1199214 | INFO | [END BAYES QUEUE]
2026-03-28 16:07:37,744 | 1199214 | INFO | [RESUME] starting from trial 6
2026-03-28 16:07:52,540 | 1199214 | INFO | [TRIAL COMPLETE] trial 6 no_physics NSE_1D=0.87173 NSE_1H=0.86566
2026-03-28 16:07:52,869 | 1199214 | INFO | [ENQUEUE TRIAL] trial 36 no_physics
2026-03-28 16:07:52,870 | 1199214 | INFO | [BAYES QUEUE STATE]
2026-03-28 16:07:52,870 | 1199214 | INFO | pending_jobs = 54
2026-03-28 16:07:52,870 | 1199214 | INFO | inflight_trials = [1, 2, 7, 8, 9, 10, 13, 14, 15, 16, 17, 18, 19, 20, 21, 22, 23, 24, 25, 26, 27, 28, 29, 30, 31, 32, 33, 34, 35]
2026-03-28 16:07:52,871 | 1199214 | INFO | queue[0000] trial 23 fold 3 no_physics
2026-03-28 16:07:52,871 | 1199214 | INFO | queue[0001] trial 23 fold 4 no_physics
2026-03-28 16:07:52,872 | 1199214 | INFO | queue[0002] trial 24 fold 1 no_physics
2026-03-28 16:07:52,872 | 1199214 | INFO | queue[0003] trial 24 fold 2 no_physics
2026-03-28 16:07:52,872 | 1199214 | INFO | queue[0004] trial 24 fold 3 no_physics
2026-03-28 16:07:52,873 | 1199214 | INFO | queue[0005] trial 24 fold 4 no_physics
2026-03-28 16:07:52,873 | 1199214 | INFO | queue[0006] trial 25 fold 1 no_physics
2026-03-28 16:07:52,873 | 1199214 | INFO | queue[0007] trial 25 fold 2 no_physics
2026-03-28 16:07:52,874 | 1199214 | INFO | queue[0008] trial 25 fold 3 no_physics
2026-03-28 16:07:52,874 | 1199214 | INFO | queue[0009] trial 25 fold 4 no_physics
2026-03-28 16:07:52,874 | 1199214 | INFO | queue[0010] trial 26 fold 1 no_physics
2026-03-28 16:07:52,874 | 1199214 | INFO | queue[0011] trial 26 fold 2 no_physics
2026-03-28 16:07:52,874 | 1199214 | INFO | queue[0012] trial 26 fold 3 no_physics
2026-03-28 16:07:52,875 | 1199214 | INFO | queue[0013] trial 26 fold 4 no_physics
2026-03-28 16:07:52,875 | 1199214 | INFO | queue[0014] trial 27 fold 1 no_physics
2026-03-28 16:07:52,875 | 1199214 | INFO | queue[0015] trial 27 fold 2 no_physics
2026-03-28 16:07:52,875 | 1199214 | INFO | queue[0016] trial 27 fold 3 no_physics
2026-03-28 16:07:52,876 | 1199214 | INFO | queue[0017] trial 27 fold 4 no_physics
2026-03-28 16:07:52,876 | 1199214 | INFO | queue[0018] trial 28 fold 1 no_physics
2026-03-28 16:07:52,876 | 1199214 | INFO | queue[0019] trial 28 fold 2 no_physics
2026-03-28 16:07:52,876 | 1199214 | INFO | queue[0020] trial 28 fold 3 no_physics
2026-03-28 16:07:52,876 | 1199214 | INFO | queue[0021] trial 28 fold 4 no_physics
2026-03-28 16:07:52,876 | 1199214 | INFO | queue[0022] trial 29 fold 1 no_physics
2026-03-28 16:07:52,877 | 1199214 | INFO | queue[0023] trial 29 fold 2 no_physics
2026-03-28 16:07:52,877 | 1199214 | INFO | queue[0024] trial 29 fold 3 no_physics
2026-03-28 16:07:52,877 | 1199214 | INFO | queue[0025] trial 29 fold 4 no_physics
2026-03-28 16:07:52,877 | 1199214 | INFO | queue[0026] trial 30 fold 1 no_physics
2026-03-28 16:07:52,877 | 1199214 | INFO | queue[0027] trial 30 fold 2 no_physics
2026-03-28 16:07:52,878 | 1199214 | INFO | queue[0028] trial 30 fold 3 no_physics
2026-03-28 16:07:52,878 | 1199214 | INFO | queue[0029] trial 30 fold 4 no_physics
2026-03-28 16:07:52,878 | 1199214 | INFO | queue[0030] trial 31 fold 1 no_physics
2026-03-28 16:07:52,878 | 1199214 | INFO | queue[0031] trial 31 fold 2 no_physics
2026-03-28 16:07:52,879 | 1199214 | INFO | queue[0032] trial 31 fold 3 no_physics
2026-03-28 16:07:52,879 | 1199214 | INFO | queue[0033] trial 31 fold 4 no_physics
2026-03-28 16:07:52,879 | 1199214 | INFO | queue[0034] trial 32 fold 1 no_physics
2026-03-28 16:07:52,879 | 1199214 | INFO | queue[0035] trial 32 fold 2 no_physics
2026-03-28 16:07:52,879 | 1199214 | INFO | queue[0036] trial 32 fold 3 no_physics
2026-03-28 16:07:52,880 | 1199214 | INFO | queue[0037] trial 32 fold 4 no_physics
2026-03-28 16:07:52,880 | 1199214 | INFO | queue[0038] trial 33 fold 1 no_physics
2026-03-28 16:07:52,880 | 1199214 | INFO | queue[0039] trial 33 fold 2 no_physics
2026-03-28 16:07:52,880 | 1199214 | INFO | queue[0040] trial 33 fold 3 no_physics
2026-03-28 16:07:52,880 | 1199214 | INFO | queue[0041] trial 33 fold 4 no_physics
2026-03-28 16:07:52,880 | 1199214 | INFO | queue[0042] trial 34 fold 1 no_physics
2026-03-28 16:07:52,881 | 1199214 | INFO | queue[0043] trial 34 fold 2 no_physics
2026-03-28 16:07:52,881 | 1199214 | INFO | queue[0044] trial 34 fold 3 no_physics
2026-03-28 16:07:52,881 | 1199214 | INFO | queue[0045] trial 34 fold 4 no_physics
2026-03-28 16:07:52,881 | 1199214 | INFO | queue[0046] trial 35 fold 1 no_physics
2026-03-28 16:07:52,881 | 1199214 | INFO | queue[0047] trial 35 fold 2 no_physics
2026-03-28 16:07:52,881 | 1199214 | INFO | queue[0048] trial 35 fold 3 no_physics
2026-03-28 16:07:52,882 | 1199214 | INFO | queue[0049] trial 35 fold 4 no_physics
2026-03-28 16:07:52,882 | 1199214 | INFO | queue[0050] trial 36 fold 1 no_physics
2026-03-28 16:07:52,882 | 1199214 | INFO | queue[0051] trial 36 fold 2 no_physics
2026-03-28 16:07:52,882 | 1199214 | INFO | queue[0052] trial 36 fold 3 no_physics
2026-03-28 16:07:52,882 | 1199214 | INFO | queue[0053] trial 36 fold 4 no_physics
2026-03-28 16:07:52,882 | 1199214 | INFO | [END BAYES QUEUE]
2026-03-28 16:07:52,891 | 1199214 | INFO | [RESUME] starting from trial 7
2026-03-28 16:09:35,663 | 1199214 | INFO | [TRIAL COMPLETE] trial 16 no_physics NSE_1D=0.85184 NSE_1H=0.88495
2026-03-28 16:09:35,679 | 1199214 | INFO | [RESUME] starting from trial 8
2026-03-28 16:10:38,756 | 1199214 | INFO | [RESUME] starting from trial 8
2026-03-28 16:11:05,845 | 1199214 | INFO | [RESUME] starting from trial 8
2026-03-28 16:11:11,784 | 1199214 | INFO | [RESUME] starting from trial 8
2026-03-28 16:11:40,390 | 1199214 | INFO | [TRIAL COMPLETE] trial 19 no_physics NSE_1D=0.86338 NSE_1H=0.86580
2026-03-28 16:11:40,690 | 1199214 | INFO | [ENQUEUE TRIAL] trial 37 no_physics
2026-03-28 16:11:40,691 | 1199214 | INFO | [BAYES QUEUE STATE]
2026-03-28 16:11:40,691 | 1199214 | INFO | pending_jobs = 53
2026-03-28 16:11:40,691 | 1199214 | INFO | inflight_trials = [1, 2, 7, 8, 9, 10, 13, 14, 16, 17, 19, 20, 21, 22, 23, 24, 25, 26, 27, 28, 29, 30, 31, 32, 33, 34, 35, 36]
2026-03-28 16:11:40,692 | 1199214 | INFO | queue[0000] trial 24 fold 4 no_physics
2026-03-28 16:11:40,692 | 1199214 | INFO | queue[0001] trial 25 fold 1 no_physics
2026-03-28 16:11:40,692 | 1199214 | INFO | queue[0002] trial 25 fold 2 no_physics
2026-03-28 16:11:40,693 | 1199214 | INFO | queue[0003] trial 25 fold 3 no_physics
2026-03-28 16:11:40,693 | 1199214 | INFO | queue[0004] trial 25 fold 4 no_physics
2026-03-28 16:11:40,693 | 1199214 | INFO | queue[0005] trial 26 fold 1 no_physics
2026-03-28 16:11:40,694 | 1199214 | INFO | queue[0006] trial 26 fold 2 no_physics
2026-03-28 16:11:40,694 | 1199214 | INFO | queue[0007] trial 26 fold 3 no_physics
2026-03-28 16:11:40,694 | 1199214 | INFO | queue[0008] trial 26 fold 4 no_physics
2026-03-28 16:11:40,695 | 1199214 | INFO | queue[0009] trial 27 fold 1 no_physics
2026-03-28 16:11:40,695 | 1199214 | INFO | queue[0010] trial 27 fold 2 no_physics
2026-03-28 16:11:40,695 | 1199214 | INFO | queue[0011] trial 27 fold 3 no_physics
2026-03-28 16:11:40,696 | 1199214 | INFO | queue[0012] trial 27 fold 4 no_physics
2026-03-28 16:11:40,696 | 1199214 | INFO | queue[0013] trial 28 fold 1 no_physics
2026-03-28 16:11:40,696 | 1199214 | INFO | queue[0014] trial 28 fold 2 no_physics
2026-03-28 16:11:40,697 | 1199214 | INFO | queue[0015] trial 28 fold 3 no_physics
2026-03-28 16:11:40,697 | 1199214 | INFO | queue[0016] trial 28 fold 4 no_physics
2026-03-28 16:11:40,697 | 1199214 | INFO | queue[0017] trial 29 fold 1 no_physics
2026-03-28 16:11:40,698 | 1199214 | INFO | queue[0018] trial 29 fold 2 no_physics
2026-03-28 16:11:40,698 | 1199214 | INFO | queue[0019] trial 29 fold 3 no_physics
2026-03-28 16:11:40,698 | 1199214 | INFO | queue[0020] trial 29 fold 4 no_physics
2026-03-28 16:11:40,698 | 1199214 | INFO | queue[0021] trial 30 fold 1 no_physics
2026-03-28 16:11:40,698 | 1199214 | INFO | queue[0022] trial 30 fold 2 no_physics
2026-03-28 16:11:40,698 | 1199214 | INFO | queue[0023] trial 30 fold 3 no_physics
2026-03-28 16:11:40,698 | 1199214 | INFO | queue[0024] trial 30 fold 4 no_physics
2026-03-28 16:11:40,699 | 1199214 | INFO | queue[0025] trial 31 fold 1 no_physics
2026-03-28 16:11:40,699 | 1199214 | INFO | queue[0026] trial 31 fold 2 no_physics
2026-03-28 16:11:40,699 | 1199214 | INFO | queue[0027] trial 31 fold 3 no_physics
2026-03-28 16:11:40,699 | 1199214 | INFO | queue[0028] trial 31 fold 4 no_physics
2026-03-28 16:11:40,699 | 1199214 | INFO | queue[0029] trial 32 fold 1 no_physics
2026-03-28 16:11:40,699 | 1199214 | INFO | queue[0030] trial 32 fold 2 no_physics
2026-03-28 16:11:40,699 | 1199214 | INFO | queue[0031] trial 32 fold 3 no_physics
2026-03-28 16:11:40,700 | 1199214 | INFO | queue[0032] trial 32 fold 4 no_physics
2026-03-28 16:11:40,700 | 1199214 | INFO | queue[0033] trial 33 fold 1 no_physics
2026-03-28 16:11:40,700 | 1199214 | INFO | queue[0034] trial 33 fold 2 no_physics
2026-03-28 16:11:40,700 | 1199214 | INFO | queue[0035] trial 33 fold 3 no_physics
2026-03-28 16:11:40,700 | 1199214 | INFO | queue[0036] trial 33 fold 4 no_physics
2026-03-28 16:11:40,700 | 1199214 | INFO | queue[0037] trial 34 fold 1 no_physics
2026-03-28 16:11:40,701 | 1199214 | INFO | queue[0038] trial 34 fold 2 no_physics
2026-03-28 16:11:40,701 | 1199214 | INFO | queue[0039] trial 34 fold 3 no_physics
2026-03-28 16:11:40,701 | 1199214 | INFO | queue[0040] trial 34 fold 4 no_physics
2026-03-28 16:11:40,701 | 1199214 | INFO | queue[0041] trial 35 fold 1 no_physics
2026-03-28 16:11:40,701 | 1199214 | INFO | queue[0042] trial 35 fold 2 no_physics
2026-03-28 16:11:40,701 | 1199214 | INFO | queue[0043] trial 35 fold 3 no_physics
2026-03-28 16:11:40,701 | 1199214 | INFO | queue[0044] trial 35 fold 4 no_physics
2026-03-28 16:11:40,702 | 1199214 | INFO | queue[0045] trial 36 fold 1 no_physics
2026-03-28 16:11:40,702 | 1199214 | INFO | queue[0046] trial 36 fold 2 no_physics
2026-03-28 16:11:40,702 | 1199214 | INFO | queue[0047] trial 36 fold 3 no_physics
2026-03-28 16:11:40,702 | 1199214 | INFO | queue[0048] trial 36 fold 4 no_physics
2026-03-28 16:11:40,702 | 1199214 | INFO | queue[0049] trial 37 fold 1 no_physics
2026-03-28 16:11:40,702 | 1199214 | INFO | queue[0050] trial 37 fold 2 no_physics
2026-03-28 16:11:40,703 | 1199214 | INFO | queue[0051] trial 37 fold 3 no_physics
2026-03-28 16:11:40,703 | 1199214 | INFO | queue[0052] trial 37 fold 4 no_physics
2026-03-28 16:11:40,703 | 1199214 | INFO | [END BAYES QUEUE]
2026-03-28 16:11:40,710 | 1199214 | INFO | [RESUME] starting from trial 9
2026-03-28 16:11:49,848 | 1199214 | INFO | [RESUME] starting from trial 9
2026-03-28 16:11:55,497 | 1199214 | INFO | [RESUME] starting from trial 9
2026-03-28 16:12:08,600 | 1199214 | INFO | [TRIAL COMPLETE] trial 10 no_physics NSE_1D=0.87888 NSE_1H=0.86914
2026-03-28 16:12:08,931 | 1199214 | INFO | [ENQUEUE TRIAL] trial 38 no_physics
2026-03-28 16:12:08,931 | 1199214 | INFO | [BAYES QUEUE STATE]
2026-03-28 16:12:08,932 | 1199214 | INFO | pending_jobs = 54
2026-03-28 16:12:08,932 | 1199214 | INFO | inflight_trials = [1, 2, 7, 8, 10, 13, 14, 16, 17, 19, 20, 21, 22, 23, 24, 25, 26, 27, 28, 29, 30, 31, 32, 33, 34, 35, 36, 37]
2026-03-28 16:12:08,932 | 1199214 | INFO | queue[0000] trial 25 fold 3 no_physics
2026-03-28 16:12:08,932 | 1199214 | INFO | queue[0001] trial 25 fold 4 no_physics
2026-03-28 16:12:08,932 | 1199214 | INFO | queue[0002] trial 26 fold 1 no_physics
2026-03-28 16:12:08,932 | 1199214 | INFO | queue[0003] trial 26 fold 2 no_physics
2026-03-28 16:12:08,933 | 1199214 | INFO | queue[0004] trial 26 fold 3 no_physics
2026-03-28 16:12:08,933 | 1199214 | INFO | queue[0005] trial 26 fold 4 no_physics
2026-03-28 16:12:08,933 | 1199214 | INFO | queue[0006] trial 27 fold 1 no_physics
2026-03-28 16:12:08,933 | 1199214 | INFO | queue[0007] trial 27 fold 2 no_physics
2026-03-28 16:12:08,933 | 1199214 | INFO | queue[0008] trial 27 fold 3 no_physics
2026-03-28 16:12:08,933 | 1199214 | INFO | queue[0009] trial 27 fold 4 no_physics
2026-03-28 16:12:08,934 | 1199214 | INFO | queue[0010] trial 28 fold 1 no_physics
2026-03-28 16:12:08,934 | 1199214 | INFO | queue[0011] trial 28 fold 2 no_physics
2026-03-28 16:12:08,934 | 1199214 | INFO | queue[0012] trial 28 fold 3 no_physics
2026-03-28 16:12:08,934 | 1199214 | INFO | queue[0013] trial 28 fold 4 no_physics
2026-03-28 16:12:08,934 | 1199214 | INFO | queue[0014] trial 29 fold 1 no_physics
2026-03-28 16:12:08,934 | 1199214 | INFO | queue[0015] trial 29 fold 2 no_physics
2026-03-28 16:12:08,935 | 1199214 | INFO | queue[0016] trial 29 fold 3 no_physics
2026-03-28 16:12:08,935 | 1199214 | INFO | queue[0017] trial 29 fold 4 no_physics
2026-03-28 16:12:08,935 | 1199214 | INFO | queue[0018] trial 30 fold 1 no_physics
2026-03-28 16:12:08,935 | 1199214 | INFO | queue[0019] trial 30 fold 2 no_physics
2026-03-28 16:12:08,935 | 1199214 | INFO | queue[0020] trial 30 fold 3 no_physics
2026-03-28 16:12:08,935 | 1199214 | INFO | queue[0021] trial 30 fold 4 no_physics
2026-03-28 16:12:08,935 | 1199214 | INFO | queue[0022] trial 31 fold 1 no_physics
2026-03-28 16:12:08,936 | 1199214 | INFO | queue[0023] trial 31 fold 2 no_physics
2026-03-28 16:12:08,936 | 1199214 | INFO | queue[0024] trial 31 fold 3 no_physics
2026-03-28 16:12:08,936 | 1199214 | INFO | queue[0025] trial 31 fold 4 no_physics
2026-03-28 16:12:08,936 | 1199214 | INFO | queue[0026] trial 32 fold 1 no_physics
2026-03-28 16:12:08,936 | 1199214 | INFO | queue[0027] trial 32 fold 2 no_physics
2026-03-28 16:12:08,936 | 1199214 | INFO | queue[0028] trial 32 fold 3 no_physics
2026-03-28 16:12:08,936 | 1199214 | INFO | queue[0029] trial 32 fold 4 no_physics
2026-03-28 16:12:08,937 | 1199214 | INFO | queue[0030] trial 33 fold 1 no_physics
2026-03-28 16:12:08,937 | 1199214 | INFO | queue[0031] trial 33 fold 2 no_physics
2026-03-28 16:12:08,937 | 1199214 | INFO | queue[0032] trial 33 fold 3 no_physics
2026-03-28 16:12:08,937 | 1199214 | INFO | queue[0033] trial 33 fold 4 no_physics
2026-03-28 16:12:08,937 | 1199214 | INFO | queue[0034] trial 34 fold 1 no_physics
2026-03-28 16:12:08,937 | 1199214 | INFO | queue[0035] trial 34 fold 2 no_physics
2026-03-28 16:12:08,937 | 1199214 | INFO | queue[0036] trial 34 fold 3 no_physics
2026-03-28 16:12:08,938 | 1199214 | INFO | queue[0037] trial 34 fold 4 no_physics
2026-03-28 16:12:08,938 | 1199214 | INFO | queue[0038] trial 35 fold 1 no_physics
2026-03-28 16:12:08,938 | 1199214 | INFO | queue[0039] trial 35 fold 2 no_physics
2026-03-28 16:12:08,938 | 1199214 | INFO | queue[0040] trial 35 fold 3 no_physics
2026-03-28 16:12:08,938 | 1199214 | INFO | queue[0041] trial 35 fold 4 no_physics
2026-03-28 16:12:08,938 | 1199214 | INFO | queue[0042] trial 36 fold 1 no_physics
2026-03-28 16:12:08,938 | 1199214 | INFO | queue[0043] trial 36 fold 2 no_physics
2026-03-28 16:12:08,939 | 1199214 | INFO | queue[0044] trial 36 fold 3 no_physics
2026-03-28 16:12:08,939 | 1199214 | INFO | queue[0045] trial 36 fold 4 no_physics
2026-03-28 16:12:08,939 | 1199214 | INFO | queue[0046] trial 37 fold 1 no_physics
2026-03-28 16:12:08,939 | 1199214 | INFO | queue[0047] trial 37 fold 2 no_physics
2026-03-28 16:12:08,939 | 1199214 | INFO | queue[0048] trial 37 fold 3 no_physics
2026-03-28 16:12:08,939 | 1199214 | INFO | queue[0049] trial 37 fold 4 no_physics
2026-03-28 16:12:08,940 | 1199214 | INFO | queue[0050] trial 38 fold 1 no_physics
2026-03-28 16:12:08,940 | 1199214 | INFO | queue[0051] trial 38 fold 2 no_physics
2026-03-28 16:12:08,940 | 1199214 | INFO | queue[0052] trial 38 fold 3 no_physics
2026-03-28 16:12:08,940 | 1199214 | INFO | queue[0053] trial 38 fold 4 no_physics
2026-03-28 16:12:08,940 | 1199214 | INFO | [END BAYES QUEUE]
2026-03-28 16:12:08,948 | 1199214 | INFO | [RESUME] starting from trial 10
2026-03-28 16:12:18,601 | 1199214 | INFO | [RESUME] starting from trial 10
2026-03-28 16:12:48,297 | 1199214 | INFO | [RESUME] starting from trial 10
2026-03-28 16:13:29,930 | 1199214 | INFO | [TRIAL COMPLETE] trial 8 no_physics NSE_1D=0.85533 NSE_1H=0.82826
2026-03-28 16:13:29,947 | 1199214 | INFO | [RESUME] starting from trial 11
2026-03-28 16:15:09,885 | 1199214 | INFO | [RESUME] starting from trial 11
2026-03-28 16:17:02,587 | 1199214 | INFO | [RESUME] starting from trial 11
2026-03-28 16:17:12,541 | 1199214 | INFO | [RESUME] starting from trial 11
2026-03-28 16:19:11,633 | 1199214 | INFO | [RESUME] starting from trial 11
2026-03-28 16:19:23,092 | 1199214 | INFO | [RESUME] starting from trial 11
2026-03-28 16:20:18,371 | 1199214 | INFO | [TRIAL COMPLETE] trial 22 no_physics NSE_1D=0.85855 NSE_1H=0.86294
2026-03-28 16:20:18,767 | 1199214 | INFO | [ENQUEUE TRIAL] trial 39 no_physics
2026-03-28 16:20:18,768 | 1199214 | INFO | [BAYES QUEUE STATE]
2026-03-28 16:20:18,768 | 1199214 | INFO | pending_jobs = 49
2026-03-28 16:20:18,769 | 1199214 | INFO | inflight_trials = [1, 2, 8, 10, 13, 14, 16, 17, 19, 20, 22, 23, 24, 25, 26, 27, 28, 29, 30, 31, 32, 33, 34, 35, 36, 37, 38]
2026-03-28 16:20:18,769 | 1199214 | INFO | queue[0000] trial 27 fold 4 no_physics
2026-03-28 16:20:18,769 | 1199214 | INFO | queue[0001] trial 28 fold 1 no_physics
2026-03-28 16:20:18,770 | 1199214 | INFO | queue[0002] trial 28 fold 2 no_physics
2026-03-28 16:20:18,771 | 1199214 | INFO | queue[0003] trial 28 fold 3 no_physics
2026-03-28 16:20:18,771 | 1199214 | INFO | queue[0004] trial 28 fold 4 no_physics
2026-03-28 16:20:18,771 | 1199214 | INFO | queue[0005] trial 29 fold 1 no_physics
2026-03-28 16:20:18,772 | 1199214 | INFO | queue[0006] trial 29 fold 2 no_physics
2026-03-28 16:20:18,772 | 1199214 | INFO | queue[0007] trial 29 fold 3 no_physics
2026-03-28 16:20:18,772 | 1199214 | INFO | queue[0008] trial 29 fold 4 no_physics
2026-03-28 16:20:18,772 | 1199214 | INFO | queue[0009] trial 30 fold 1 no_physics
2026-03-28 16:20:18,773 | 1199214 | INFO | queue[0010] trial 30 fold 2 no_physics
2026-03-28 16:20:18,773 | 1199214 | INFO | queue[0011] trial 30 fold 3 no_physics
2026-03-28 16:20:18,773 | 1199214 | INFO | queue[0012] trial 30 fold 4 no_physics
2026-03-28 16:20:18,773 | 1199214 | INFO | queue[0013] trial 31 fold 1 no_physics
2026-03-28 16:20:18,773 | 1199214 | INFO | queue[0014] trial 31 fold 2 no_physics
2026-03-28 16:20:18,774 | 1199214 | INFO | queue[0015] trial 31 fold 3 no_physics
2026-03-28 16:20:18,774 | 1199214 | INFO | queue[0016] trial 31 fold 4 no_physics
2026-03-28 16:20:18,774 | 1199214 | INFO | queue[0017] trial 32 fold 1 no_physics
2026-03-28 16:20:18,774 | 1199214 | INFO | queue[0018] trial 32 fold 2 no_physics
2026-03-28 16:20:18,774 | 1199214 | INFO | queue[0019] trial 32 fold 3 no_physics
2026-03-28 16:20:18,774 | 1199214 | INFO | queue[0020] trial 32 fold 4 no_physics
2026-03-28 16:20:18,775 | 1199214 | INFO | queue[0021] trial 33 fold 1 no_physics
2026-03-28 16:20:18,775 | 1199214 | INFO | queue[0022] trial 33 fold 2 no_physics
2026-03-28 16:20:18,775 | 1199214 | INFO | queue[0023] trial 33 fold 3 no_physics
2026-03-28 16:20:18,775 | 1199214 | INFO | queue[0024] trial 33 fold 4 no_physics
2026-03-28 16:20:18,775 | 1199214 | INFO | queue[0025] trial 34 fold 1 no_physics
2026-03-28 16:20:18,776 | 1199214 | INFO | queue[0026] trial 34 fold 2 no_physics
2026-03-28 16:20:18,776 | 1199214 | INFO | queue[0027] trial 34 fold 3 no_physics
2026-03-28 16:20:18,776 | 1199214 | INFO | queue[0028] trial 34 fold 4 no_physics
2026-03-28 16:20:18,776 | 1199214 | INFO | queue[0029] trial 35 fold 1 no_physics
2026-03-28 16:20:18,776 | 1199214 | INFO | queue[0030] trial 35 fold 2 no_physics
2026-03-28 16:20:18,777 | 1199214 | INFO | queue[0031] trial 35 fold 3 no_physics
2026-03-28 16:20:18,777 | 1199214 | INFO | queue[0032] trial 35 fold 4 no_physics
2026-03-28 16:20:18,777 | 1199214 | INFO | queue[0033] trial 36 fold 1 no_physics
2026-03-28 16:20:18,777 | 1199214 | INFO | queue[0034] trial 36 fold 2 no_physics
2026-03-28 16:20:18,777 | 1199214 | INFO | queue[0035] trial 36 fold 3 no_physics
2026-03-28 16:20:18,778 | 1199214 | INFO | queue[0036] trial 36 fold 4 no_physics
2026-03-28 16:20:18,778 | 1199214 | INFO | queue[0037] trial 37 fold 1 no_physics
2026-03-28 16:20:18,778 | 1199214 | INFO | queue[0038] trial 37 fold 2 no_physics
2026-03-28 16:20:18,778 | 1199214 | INFO | queue[0039] trial 37 fold 3 no_physics
2026-03-28 16:20:18,778 | 1199214 | INFO | queue[0040] trial 37 fold 4 no_physics
2026-03-28 16:20:18,779 | 1199214 | INFO | queue[0041] trial 38 fold 1 no_physics
2026-03-28 16:20:18,779 | 1199214 | INFO | queue[0042] trial 38 fold 2 no_physics
2026-03-28 16:20:18,779 | 1199214 | INFO | queue[0043] trial 38 fold 3 no_physics
2026-03-28 16:20:18,779 | 1199214 | INFO | queue[0044] trial 38 fold 4 no_physics
2026-03-28 16:20:18,779 | 1199214 | INFO | queue[0045] trial 39 fold 1 no_physics
2026-03-28 16:20:18,779 | 1199214 | INFO | queue[0046] trial 39 fold 2 no_physics
2026-03-28 16:20:18,780 | 1199214 | INFO | queue[0047] trial 39 fold 3 no_physics
2026-03-28 16:20:18,780 | 1199214 | INFO | queue[0048] trial 39 fold 4 no_physics
2026-03-28 16:20:18,780 | 1199214 | INFO | [END BAYES QUEUE]
2026-03-28 16:20:19,108 | 1199214 | INFO | [ENQUEUE TRIAL] trial 40 no_physics
2026-03-28 16:20:19,109 | 1199214 | INFO | [BAYES QUEUE STATE]
2026-03-28 16:20:19,109 | 1199214 | INFO | pending_jobs = 53
2026-03-28 16:20:19,110 | 1199214 | INFO | inflight_trials = [1, 2, 8, 10, 13, 14, 16, 17, 19, 20, 22, 23, 24, 25, 26, 27, 28, 29, 30, 31, 32, 33, 34, 35, 36, 37, 38, 39]
2026-03-28 16:20:19,110 | 1199214 | INFO | queue[0000] trial 27 fold 4 no_physics
2026-03-28 16:20:19,111 | 1199214 | INFO | queue[0001] trial 28 fold 1 no_physics
2026-03-28 16:20:19,112 | 1199214 | INFO | queue[0002] trial 28 fold 2 no_physics
2026-03-28 16:20:19,112 | 1199214 | INFO | queue[0003] trial 28 fold 3 no_physics
2026-03-28 16:20:19,112 | 1199214 | INFO | queue[0004] trial 28 fold 4 no_physics
2026-03-28 16:20:19,113 | 1199214 | INFO | queue[0005] trial 29 fold 1 no_physics
2026-03-28 16:20:19,113 | 1199214 | INFO | queue[0006] trial 29 fold 2 no_physics
2026-03-28 16:20:19,114 | 1199214 | INFO | queue[0007] trial 29 fold 3 no_physics
2026-03-28 16:20:19,114 | 1199214 | INFO | queue[0008] trial 29 fold 4 no_physics
2026-03-28 16:20:19,114 | 1199214 | INFO | queue[0009] trial 30 fold 1 no_physics
2026-03-28 16:20:19,115 | 1199214 | INFO | queue[0010] trial 30 fold 2 no_physics
2026-03-28 16:20:19,115 | 1199214 | INFO | queue[0011] trial 30 fold 3 no_physics
2026-03-28 16:20:19,115 | 1199214 | INFO | queue[0012] trial 30 fold 4 no_physics
2026-03-28 16:20:19,116 | 1199214 | INFO | queue[0013] trial 31 fold 1 no_physics
2026-03-28 16:20:19,116 | 1199214 | INFO | queue[0014] trial 31 fold 2 no_physics
2026-03-28 16:20:19,116 | 1199214 | INFO | queue[0015] trial 31 fold 3 no_physics
2026-03-28 16:20:19,117 | 1199214 | INFO | queue[0016] trial 31 fold 4 no_physics
2026-03-28 16:20:19,117 | 1199214 | INFO | queue[0017] trial 32 fold 1 no_physics
2026-03-28 16:20:19,118 | 1199214 | INFO | queue[0018] trial 32 fold 2 no_physics
2026-03-28 16:20:19,118 | 1199214 | INFO | queue[0019] trial 32 fold 3 no_physics
2026-03-28 16:20:19,118 | 1199214 | INFO | queue[0020] trial 32 fold 4 no_physics
2026-03-28 16:20:19,119 | 1199214 | INFO | queue[0021] trial 33 fold 1 no_physics
2026-03-28 16:20:19,119 | 1199214 | INFO | queue[0022] trial 33 fold 2 no_physics
2026-03-28 16:20:19,119 | 1199214 | INFO | queue[0023] trial 33 fold 3 no_physics
2026-03-28 16:20:19,119 | 1199214 | INFO | queue[0024] trial 33 fold 4 no_physics
2026-03-28 16:20:19,119 | 1199214 | INFO | queue[0025] trial 34 fold 1 no_physics
2026-03-28 16:20:19,119 | 1199214 | INFO | queue[0026] trial 34 fold 2 no_physics
2026-03-28 16:20:19,120 | 1199214 | INFO | queue[0027] trial 34 fold 3 no_physics
2026-03-28 16:20:19,120 | 1199214 | INFO | queue[0028] trial 34 fold 4 no_physics
2026-03-28 16:20:19,120 | 1199214 | INFO | queue[0029] trial 35 fold 1 no_physics
2026-03-28 16:20:19,120 | 1199214 | INFO | queue[0030] trial 35 fold 2 no_physics
2026-03-28 16:20:19,120 | 1199214 | INFO | queue[0031] trial 35 fold 3 no_physics
2026-03-28 16:20:19,121 | 1199214 | INFO | queue[0032] trial 35 fold 4 no_physics
2026-03-28 16:20:19,121 | 1199214 | INFO | queue[0033] trial 36 fold 1 no_physics
2026-03-28 16:20:19,121 | 1199214 | INFO | queue[0034] trial 36 fold 2 no_physics
2026-03-28 16:20:19,121 | 1199214 | INFO | queue[0035] trial 36 fold 3 no_physics
2026-03-28 16:20:19,121 | 1199214 | INFO | queue[0036] trial 36 fold 4 no_physics
2026-03-28 16:20:19,121 | 1199214 | INFO | queue[0037] trial 37 fold 1 no_physics
2026-03-28 16:20:19,121 | 1199214 | INFO | queue[0038] trial 37 fold 2 no_physics
2026-03-28 16:20:19,121 | 1199214 | INFO | queue[0039] trial 37 fold 3 no_physics
2026-03-28 16:20:19,122 | 1199214 | INFO | queue[0040] trial 37 fold 4 no_physics
2026-03-28 16:20:19,122 | 1199214 | INFO | queue[0041] trial 38 fold 1 no_physics
2026-03-28 16:20:19,122 | 1199214 | INFO | queue[0042] trial 38 fold 2 no_physics
2026-03-28 16:20:19,122 | 1199214 | INFO | queue[0043] trial 38 fold 3 no_physics
2026-03-28 16:20:19,122 | 1199214 | INFO | queue[0044] trial 38 fold 4 no_physics
2026-03-28 16:20:19,122 | 1199214 | INFO | queue[0045] trial 39 fold 1 no_physics
2026-03-28 16:20:19,123 | 1199214 | INFO | queue[0046] trial 39 fold 2 no_physics
2026-03-28 16:20:19,123 | 1199214 | INFO | queue[0047] trial 39 fold 3 no_physics
2026-03-28 16:20:19,123 | 1199214 | INFO | queue[0048] trial 39 fold 4 no_physics
2026-03-28 16:20:19,124 | 1199214 | INFO | queue[0049] trial 40 fold 1 no_physics
2026-03-28 16:20:19,124 | 1199214 | INFO | queue[0050] trial 40 fold 2 no_physics
2026-03-28 16:20:19,124 | 1199214 | INFO | queue[0051] trial 40 fold 3 no_physics
2026-03-28 16:20:19,124 | 1199214 | INFO | queue[0052] trial 40 fold 4 no_physics
2026-03-28 16:20:19,124 | 1199214 | INFO | [END BAYES QUEUE]
2026-03-28 16:20:19,132 | 1199214 | INFO | [RESUME] starting from trial 12
2026-03-28 16:21:56,080 | 1199214 | INFO | [RESUME] starting from trial 12
2026-03-28 16:22:14,848 | 1199214 | INFO | [RESUME] starting from trial 12
2026-03-28 16:22:15,672 | 1199214 | INFO | [RESUME] starting from trial 12
2026-03-28 16:22:23,039 | 1199214 | INFO | [RESUME] starting from trial 12
2026-03-28 16:23:08,872 | 1199214 | INFO | [RESUME] starting from trial 12
2026-03-28 16:23:45,395 | 1199214 | INFO | [RESUME] starting from trial 12
2026-03-28 16:27:18,225 | 1199214 | INFO | [RESUME] starting from trial 12
2026-03-28 16:28:03,662 | 1199214 | INFO | [RESUME] starting from trial 12
2026-03-28 16:28:41,177 | 1199214 | INFO | [RESUME] starting from trial 12
2026-03-28 16:30:05,204 | 1199214 | INFO | [RESUME] starting from trial 12
2026-03-28 16:31:19,202 | 1199214 | INFO | [RESUME] starting from trial 12
2026-03-28 16:31:23,942 | 1199214 | INFO | [RESUME] starting from trial 12
2026-03-28 16:31:25,683 | 1199214 | INFO | [RESUME] starting from trial 12
2026-03-28 16:31:30,624 | 1199214 | INFO | [RESUME] starting from trial 12
2026-03-28 16:33:42,259 | 1199214 | INFO | [TRIAL COMPLETE] trial 14 no_physics NSE_1D=0.85173 NSE_1H=0.81391
2026-03-28 16:33:42,631 | 1199214 | INFO | [ENQUEUE TRIAL] trial 41 no_physics
2026-03-28 16:33:42,631 | 1199214 | INFO | [BAYES QUEUE STATE]
2026-03-28 16:33:42,632 | 1199214 | INFO | pending_jobs = 42
2026-03-28 16:33:42,632 | 1199214 | INFO | inflight_trials = [1, 2, 8, 10, 14, 16, 17, 19, 20, 22, 23, 24, 25, 26, 27, 28, 29, 30, 31, 32, 33, 34, 35, 36, 37, 38, 39, 40]
2026-03-28 16:33:42,632 | 1199214 | INFO | queue[0000] trial 31 fold 3 no_physics
2026-03-28 16:33:42,633 | 1199214 | INFO | queue[0001] trial 31 fold 4 no_physics
2026-03-28 16:33:42,633 | 1199214 | INFO | queue[0002] trial 32 fold 1 no_physics
2026-03-28 16:33:42,634 | 1199214 | INFO | queue[0003] trial 32 fold 2 no_physics
2026-03-28 16:33:42,634 | 1199214 | INFO | queue[0004] trial 32 fold 3 no_physics
2026-03-28 16:33:42,634 | 1199214 | INFO | queue[0005] trial 32 fold 4 no_physics
2026-03-28 16:33:42,635 | 1199214 | INFO | queue[0006] trial 33 fold 1 no_physics
2026-03-28 16:33:42,635 | 1199214 | INFO | queue[0007] trial 33 fold 2 no_physics
2026-03-28 16:33:42,635 | 1199214 | INFO | queue[0008] trial 33 fold 3 no_physics
2026-03-28 16:33:42,636 | 1199214 | INFO | queue[0009] trial 33 fold 4 no_physics
2026-03-28 16:33:42,636 | 1199214 | INFO | queue[0010] trial 34 fold 1 no_physics
2026-03-28 16:33:42,636 | 1199214 | INFO | queue[0011] trial 34 fold 2 no_physics
2026-03-28 16:33:42,637 | 1199214 | INFO | queue[0012] trial 34 fold 3 no_physics
2026-03-28 16:33:42,637 | 1199214 | INFO | queue[0013] trial 34 fold 4 no_physics
2026-03-28 16:33:42,637 | 1199214 | INFO | queue[0014] trial 35 fold 1 no_physics
2026-03-28 16:33:42,637 | 1199214 | INFO | queue[0015] trial 35 fold 2 no_physics
2026-03-28 16:33:42,637 | 1199214 | INFO | queue[0016] trial 35 fold 3 no_physics
2026-03-28 16:33:42,638 | 1199214 | INFO | queue[0017] trial 35 fold 4 no_physics
2026-03-28 16:33:42,638 | 1199214 | INFO | queue[0018] trial 36 fold 1 no_physics
2026-03-28 16:33:42,638 | 1199214 | INFO | queue[0019] trial 36 fold 2 no_physics
2026-03-28 16:33:42,638 | 1199214 | INFO | queue[0020] trial 36 fold 3 no_physics
2026-03-28 16:33:42,638 | 1199214 | INFO | queue[0021] trial 36 fold 4 no_physics
2026-03-28 16:33:42,639 | 1199214 | INFO | queue[0022] trial 37 fold 1 no_physics
2026-03-28 16:33:42,639 | 1199214 | INFO | queue[0023] trial 37 fold 2 no_physics
2026-03-28 16:33:42,639 | 1199214 | INFO | queue[0024] trial 37 fold 3 no_physics
2026-03-28 16:33:42,639 | 1199214 | INFO | queue[0025] trial 37 fold 4 no_physics
2026-03-28 16:33:42,639 | 1199214 | INFO | queue[0026] trial 38 fold 1 no_physics
2026-03-28 16:33:42,639 | 1199214 | INFO | queue[0027] trial 38 fold 2 no_physics
2026-03-28 16:33:42,640 | 1199214 | INFO | queue[0028] trial 38 fold 3 no_physics
2026-03-28 16:33:42,640 | 1199214 | INFO | queue[0029] trial 38 fold 4 no_physics
2026-03-28 16:33:42,640 | 1199214 | INFO | queue[0030] trial 39 fold 1 no_physics
2026-03-28 16:33:42,640 | 1199214 | INFO | queue[0031] trial 39 fold 2 no_physics
2026-03-28 16:33:42,640 | 1199214 | INFO | queue[0032] trial 39 fold 3 no_physics
2026-03-28 16:33:42,640 | 1199214 | INFO | queue[0033] trial 39 fold 4 no_physics
2026-03-28 16:33:42,641 | 1199214 | INFO | queue[0034] trial 40 fold 1 no_physics
2026-03-28 16:33:42,641 | 1199214 | INFO | queue[0035] trial 40 fold 2 no_physics
2026-03-28 16:33:42,641 | 1199214 | INFO | queue[0036] trial 40 fold 3 no_physics
2026-03-28 16:33:42,641 | 1199214 | INFO | queue[0037] trial 40 fold 4 no_physics
2026-03-28 16:33:42,641 | 1199214 | INFO | queue[0038] trial 41 fold 1 no_physics
2026-03-28 16:33:42,642 | 1199214 | INFO | queue[0039] trial 41 fold 2 no_physics
2026-03-28 16:33:42,642 | 1199214 | INFO | queue[0040] trial 41 fold 3 no_physics
2026-03-28 16:33:42,642 | 1199214 | INFO | queue[0041] trial 41 fold 4 no_physics
2026-03-28 16:33:42,642 | 1199214 | INFO | [END BAYES QUEUE]
2026-03-28 16:33:42,954 | 1199214 | INFO | [ENQUEUE TRIAL] trial 42 no_physics
2026-03-28 16:33:42,954 | 1199214 | INFO | [BAYES QUEUE STATE]
2026-03-28 16:33:42,955 | 1199214 | INFO | pending_jobs = 46
2026-03-28 16:33:42,955 | 1199214 | INFO | inflight_trials = [1, 2, 8, 10, 14, 16, 17, 19, 20, 22, 23, 24, 25, 26, 27, 28, 29, 30, 31, 32, 33, 34, 35, 36, 37, 38, 39, 40, 41]
2026-03-28 16:33:42,955 | 1199214 | INFO | queue[0000] trial 31 fold 3 no_physics
2026-03-28 16:33:42,956 | 1199214 | INFO | queue[0001] trial 31 fold 4 no_physics
2026-03-28 16:33:42,956 | 1199214 | INFO | queue[0002] trial 32 fold 1 no_physics
2026-03-28 16:33:42,957 | 1199214 | INFO | queue[0003] trial 32 fold 2 no_physics
2026-03-28 16:33:42,957 | 1199214 | INFO | queue[0004] trial 32 fold 3 no_physics
2026-03-28 16:33:42,957 | 1199214 | INFO | queue[0005] trial 32 fold 4 no_physics
2026-03-28 16:33:42,958 | 1199214 | INFO | queue[0006] trial 33 fold 1 no_physics
2026-03-28 16:33:42,958 | 1199214 | INFO | queue[0007] trial 33 fold 2 no_physics
2026-03-28 16:33:42,959 | 1199214 | INFO | queue[0008] trial 33 fold 3 no_physics
2026-03-28 16:33:42,959 | 1199214 | INFO | queue[0009] trial 33 fold 4 no_physics
2026-03-28 16:33:42,960 | 1199214 | INFO | queue[0010] trial 34 fold 1 no_physics
2026-03-28 16:33:42,960 | 1199214 | INFO | queue[0011] trial 34 fold 2 no_physics
2026-03-28 16:33:42,960 | 1199214 | INFO | queue[0012] trial 34 fold 3 no_physics
2026-03-28 16:33:42,960 | 1199214 | INFO | queue[0013] trial 34 fold 4 no_physics
2026-03-28 16:33:42,961 | 1199214 | INFO | queue[0014] trial 35 fold 1 no_physics
2026-03-28 16:33:42,961 | 1199214 | INFO | queue[0015] trial 35 fold 2 no_physics
2026-03-28 16:33:42,961 | 1199214 | INFO | queue[0016] trial 35 fold 3 no_physics
2026-03-28 16:33:42,961 | 1199214 | INFO | queue[0017] trial 35 fold 4 no_physics
2026-03-28 16:33:42,962 | 1199214 | INFO | queue[0018] trial 36 fold 1 no_physics
2026-03-28 16:33:42,962 | 1199214 | INFO | queue[0019] trial 36 fold 2 no_physics
2026-03-28 16:33:42,962 | 1199214 | INFO | queue[0020] trial 36 fold 3 no_physics
2026-03-28 16:33:42,962 | 1199214 | INFO | queue[0021] trial 36 fold 4 no_physics
2026-03-28 16:33:42,962 | 1199214 | INFO | queue[0022] trial 37 fold 1 no_physics
2026-03-28 16:33:42,962 | 1199214 | INFO | queue[0023] trial 37 fold 2 no_physics
2026-03-28 16:33:42,963 | 1199214 | INFO | queue[0024] trial 37 fold 3 no_physics
2026-03-28 16:33:42,963 | 1199214 | INFO | queue[0025] trial 37 fold 4 no_physics
2026-03-28 16:33:42,963 | 1199214 | INFO | queue[0026] trial 38 fold 1 no_physics
2026-03-28 16:33:42,963 | 1199214 | INFO | queue[0027] trial 38 fold 2 no_physics
2026-03-28 16:33:42,963 | 1199214 | INFO | queue[0028] trial 38 fold 3 no_physics
2026-03-28 16:33:42,964 | 1199214 | INFO | queue[0029] trial 38 fold 4 no_physics
2026-03-28 16:33:42,964 | 1199214 | INFO | queue[0030] trial 39 fold 1 no_physics
2026-03-28 16:33:42,964 | 1199214 | INFO | queue[0031] trial 39 fold 2 no_physics
2026-03-28 16:33:42,964 | 1199214 | INFO | queue[0032] trial 39 fold 3 no_physics
2026-03-28 16:33:42,964 | 1199214 | INFO | queue[0033] trial 39 fold 4 no_physics
2026-03-28 16:33:42,964 | 1199214 | INFO | queue[0034] trial 40 fold 1 no_physics
2026-03-28 16:33:42,965 | 1199214 | INFO | queue[0035] trial 40 fold 2 no_physics
2026-03-28 16:33:42,965 | 1199214 | INFO | queue[0036] trial 40 fold 3 no_physics
2026-03-28 16:33:42,965 | 1199214 | INFO | queue[0037] trial 40 fold 4 no_physics
2026-03-28 16:33:42,965 | 1199214 | INFO | queue[0038] trial 41 fold 1 no_physics
2026-03-28 16:33:42,965 | 1199214 | INFO | queue[0039] trial 41 fold 2 no_physics
2026-03-28 16:33:42,965 | 1199214 | INFO | queue[0040] trial 41 fold 3 no_physics
2026-03-28 16:33:42,966 | 1199214 | INFO | queue[0041] trial 41 fold 4 no_physics
2026-03-28 16:33:42,966 | 1199214 | INFO | queue[0042] trial 42 fold 1 no_physics
2026-03-28 16:33:42,966 | 1199214 | INFO | queue[0043] trial 42 fold 2 no_physics
2026-03-28 16:33:42,966 | 1199214 | INFO | queue[0044] trial 42 fold 3 no_physics
2026-03-28 16:33:42,966 | 1199214 | INFO | queue[0045] trial 42 fold 4 no_physics
2026-03-28 16:33:42,966 | 1199214 | INFO | [END BAYES QUEUE]
2026-03-28 16:33:43,337 | 1199214 | INFO | [ENQUEUE TRIAL] trial 43 no_physics
2026-03-28 16:33:43,340 | 1199214 | INFO | [BAYES QUEUE STATE]
2026-03-28 16:33:43,341 | 1199214 | INFO | pending_jobs = 50
2026-03-28 16:33:43,341 | 1199214 | INFO | inflight_trials = [1, 2, 8, 10, 14, 16, 17, 19, 20, 22, 23, 24, 25, 26, 27, 28, 29, 30, 31, 32, 33, 34, 35, 36, 37, 38, 39, 40, 41, 42]
2026-03-28 16:33:43,342 | 1199214 | INFO | queue[0000] trial 31 fold 3 no_physics
2026-03-28 16:33:43,342 | 1199214 | INFO | queue[0001] trial 31 fold 4 no_physics
2026-03-28 16:33:43,342 | 1199214 | INFO | queue[0002] trial 32 fold 1 no_physics
2026-03-28 16:33:43,343 | 1199214 | INFO | queue[0003] trial 32 fold 2 no_physics
2026-03-28 16:33:43,343 | 1199214 | INFO | queue[0004] trial 32 fold 3 no_physics
2026-03-28 16:33:43,343 | 1199214 | INFO | queue[0005] trial 32 fold 4 no_physics
2026-03-28 16:33:43,344 | 1199214 | INFO | queue[0006] trial 33 fold 1 no_physics
2026-03-28 16:33:43,344 | 1199214 | INFO | queue[0007] trial 33 fold 2 no_physics
2026-03-28 16:33:43,344 | 1199214 | INFO | queue[0008] trial 33 fold 3 no_physics
2026-03-28 16:33:43,345 | 1199214 | INFO | queue[0009] trial 33 fold 4 no_physics
2026-03-28 16:33:43,345 | 1199214 | INFO | queue[0010] trial 34 fold 1 no_physics
2026-03-28 16:33:43,346 | 1199214 | INFO | queue[0011] trial 34 fold 2 no_physics
2026-03-28 16:33:43,346 | 1199214 | INFO | queue[0012] trial 34 fold 3 no_physics
2026-03-28 16:33:43,346 | 1199214 | INFO | queue[0013] trial 34 fold 4 no_physics
2026-03-28 16:33:43,346 | 1199214 | INFO | queue[0014] trial 35 fold 1 no_physics
2026-03-28 16:33:43,347 | 1199214 | INFO | queue[0015] trial 35 fold 2 no_physics
2026-03-28 16:33:43,347 | 1199214 | INFO | queue[0016] trial 35 fold 3 no_physics
2026-03-28 16:33:43,347 | 1199214 | INFO | queue[0017] trial 35 fold 4 no_physics
2026-03-28 16:33:43,347 | 1199214 | INFO | queue[0018] trial 36 fold 1 no_physics
2026-03-28 16:33:43,347 | 1199214 | INFO | queue[0019] trial 36 fold 2 no_physics
2026-03-28 16:33:43,348 | 1199214 | INFO | queue[0020] trial 36 fold 3 no_physics
2026-03-28 16:33:43,348 | 1199214 | INFO | queue[0021] trial 36 fold 4 no_physics
2026-03-28 16:33:43,348 | 1199214 | INFO | queue[0022] trial 37 fold 1 no_physics
2026-03-28 16:33:43,348 | 1199214 | INFO | queue[0023] trial 37 fold 2 no_physics
2026-03-28 16:33:43,348 | 1199214 | INFO | queue[0024] trial 37 fold 3 no_physics
2026-03-28 16:33:43,348 | 1199214 | INFO | queue[0025] trial 37 fold 4 no_physics
2026-03-28 16:33:43,349 | 1199214 | INFO | queue[0026] trial 38 fold 1 no_physics
2026-03-28 16:33:43,349 | 1199214 | INFO | queue[0027] trial 38 fold 2 no_physics
2026-03-28 16:33:43,349 | 1199214 | INFO | queue[0028] trial 38 fold 3 no_physics
2026-03-28 16:33:43,349 | 1199214 | INFO | queue[0029] trial 38 fold 4 no_physics
2026-03-28 16:33:43,349 | 1199214 | INFO | queue[0030] trial 39 fold 1 no_physics
2026-03-28 16:33:43,350 | 1199214 | INFO | queue[0031] trial 39 fold 2 no_physics
2026-03-28 16:33:43,350 | 1199214 | INFO | queue[0032] trial 39 fold 3 no_physics
2026-03-28 16:33:43,350 | 1199214 | INFO | queue[0033] trial 39 fold 4 no_physics
2026-03-28 16:33:43,350 | 1199214 | INFO | queue[0034] trial 40 fold 1 no_physics
2026-03-28 16:33:43,350 | 1199214 | INFO | queue[0035] trial 40 fold 2 no_physics
2026-03-28 16:33:43,350 | 1199214 | INFO | queue[0036] trial 40 fold 3 no_physics
2026-03-28 16:33:43,351 | 1199214 | INFO | queue[0037] trial 40 fold 4 no_physics
2026-03-28 16:33:43,351 | 1199214 | INFO | queue[0038] trial 41 fold 1 no_physics
2026-03-28 16:33:43,351 | 1199214 | INFO | queue[0039] trial 41 fold 2 no_physics
2026-03-28 16:33:43,351 | 1199214 | INFO | queue[0040] trial 41 fold 3 no_physics
2026-03-28 16:33:43,351 | 1199214 | INFO | queue[0041] trial 41 fold 4 no_physics
2026-03-28 16:33:43,351 | 1199214 | INFO | queue[0042] trial 42 fold 1 no_physics
2026-03-28 16:33:43,352 | 1199214 | INFO | queue[0043] trial 42 fold 2 no_physics
2026-03-28 16:33:43,352 | 1199214 | INFO | queue[0044] trial 42 fold 3 no_physics
2026-03-28 16:33:43,352 | 1199214 | INFO | queue[0045] trial 42 fold 4 no_physics
2026-03-28 16:33:43,352 | 1199214 | INFO | queue[0046] trial 43 fold 1 no_physics
2026-03-28 16:33:43,352 | 1199214 | INFO | queue[0047] trial 43 fold 2 no_physics
2026-03-28 16:33:43,353 | 1199214 | INFO | queue[0048] trial 43 fold 3 no_physics
2026-03-28 16:33:43,353 | 1199214 | INFO | queue[0049] trial 43 fold 4 no_physics
2026-03-28 16:33:43,353 | 1199214 | INFO | [END BAYES QUEUE]
2026-03-28 16:33:43,687 | 1199214 | INFO | [ENQUEUE TRIAL] trial 44 no_physics
2026-03-28 16:33:43,689 | 1199214 | INFO | [BAYES QUEUE STATE]
2026-03-28 16:33:43,689 | 1199214 | INFO | pending_jobs = 54
2026-03-28 16:33:43,689 | 1199214 | INFO | inflight_trials = [1, 2, 8, 10, 14, 16, 17, 19, 20, 22, 23, 24, 25, 26, 27, 28, 29, 30, 31, 32, 33, 34, 35, 36, 37, 38, 39, 40, 41, 42, 43]
2026-03-28 16:33:43,690 | 1199214 | INFO | queue[0000] trial 31 fold 3 no_physics
2026-03-28 16:33:43,690 | 1199214 | INFO | queue[0001] trial 31 fold 4 no_physics
2026-03-28 16:33:43,690 | 1199214 | INFO | queue[0002] trial 32 fold 1 no_physics
2026-03-28 16:33:43,691 | 1199214 | INFO | queue[0003] trial 32 fold 2 no_physics
2026-03-28 16:33:43,691 | 1199214 | INFO | queue[0004] trial 32 fold 3 no_physics
2026-03-28 16:33:43,691 | 1199214 | INFO | queue[0005] trial 32 fold 4 no_physics
2026-03-28 16:33:43,691 | 1199214 | INFO | queue[0006] trial 33 fold 1 no_physics
2026-03-28 16:33:43,692 | 1199214 | INFO | queue[0007] trial 33 fold 2 no_physics
2026-03-28 16:33:43,692 | 1199214 | INFO | queue[0008] trial 33 fold 3 no_physics
2026-03-28 16:33:43,692 | 1199214 | INFO | queue[0009] trial 33 fold 4 no_physics
2026-03-28 16:33:43,692 | 1199214 | INFO | queue[0010] trial 34 fold 1 no_physics
2026-03-28 16:33:43,693 | 1199214 | INFO | queue[0011] trial 34 fold 2 no_physics
2026-03-28 16:33:43,693 | 1199214 | INFO | queue[0012] trial 34 fold 3 no_physics
2026-03-28 16:33:43,693 | 1199214 | INFO | queue[0013] trial 34 fold 4 no_physics
2026-03-28 16:33:43,694 | 1199214 | INFO | queue[0014] trial 35 fold 1 no_physics
2026-03-28 16:33:43,694 | 1199214 | INFO | queue[0015] trial 35 fold 2 no_physics
2026-03-28 16:33:43,694 | 1199214 | INFO | queue[0016] trial 35 fold 3 no_physics
2026-03-28 16:33:43,694 | 1199214 | INFO | queue[0017] trial 35 fold 4 no_physics
2026-03-28 16:33:43,695 | 1199214 | INFO | queue[0018] trial 36 fold 1 no_physics
2026-03-28 16:33:43,695 | 1199214 | INFO | queue[0019] trial 36 fold 2 no_physics
2026-03-28 16:33:43,695 | 1199214 | INFO | queue[0020] trial 36 fold 3 no_physics
2026-03-28 16:33:43,695 | 1199214 | INFO | queue[0021] trial 36 fold 4 no_physics
2026-03-28 16:33:43,695 | 1199214 | INFO | queue[0022] trial 37 fold 1 no_physics
2026-03-28 16:33:43,696 | 1199214 | INFO | queue[0023] trial 37 fold 2 no_physics
2026-03-28 16:33:43,696 | 1199214 | INFO | queue[0024] trial 37 fold 3 no_physics
2026-03-28 16:33:43,697 | 1199214 | INFO | queue[0025] trial 37 fold 4 no_physics
2026-03-28 16:33:43,697 | 1199214 | INFO | queue[0026] trial 38 fold 1 no_physics
2026-03-28 16:33:43,697 | 1199214 | INFO | queue[0027] trial 38 fold 2 no_physics
2026-03-28 16:33:43,697 | 1199214 | INFO | queue[0028] trial 38 fold 3 no_physics
2026-03-28 16:33:43,697 | 1199214 | INFO | queue[0029] trial 38 fold 4 no_physics
2026-03-28 16:33:43,698 | 1199214 | INFO | queue[0030] trial 39 fold 1 no_physics
2026-03-28 16:33:43,698 | 1199214 | INFO | queue[0031] trial 39 fold 2 no_physics
2026-03-28 16:33:43,698 | 1199214 | INFO | queue[0032] trial 39 fold 3 no_physics
2026-03-28 16:33:43,698 | 1199214 | INFO | queue[0033] trial 39 fold 4 no_physics
2026-03-28 16:33:43,699 | 1199214 | INFO | queue[0034] trial 40 fold 1 no_physics
2026-03-28 16:33:43,699 | 1199214 | INFO | queue[0035] trial 40 fold 2 no_physics
2026-03-28 16:33:43,699 | 1199214 | INFO | queue[0036] trial 40 fold 3 no_physics
2026-03-28 16:33:43,699 | 1199214 | INFO | queue[0037] trial 40 fold 4 no_physics
2026-03-28 16:33:43,699 | 1199214 | INFO | queue[0038] trial 41 fold 1 no_physics
2026-03-28 16:33:43,699 | 1199214 | INFO | queue[0039] trial 41 fold 2 no_physics
2026-03-28 16:33:43,699 | 1199214 | INFO | queue[0040] trial 41 fold 3 no_physics
2026-03-28 16:33:43,699 | 1199214 | INFO | queue[0041] trial 41 fold 4 no_physics
2026-03-28 16:33:43,700 | 1199214 | INFO | queue[0042] trial 42 fold 1 no_physics
2026-03-28 16:33:43,700 | 1199214 | INFO | queue[0043] trial 42 fold 2 no_physics
2026-03-28 16:33:43,700 | 1199214 | INFO | queue[0044] trial 42 fold 3 no_physics
2026-03-28 16:33:43,700 | 1199214 | INFO | queue[0045] trial 42 fold 4 no_physics
2026-03-28 16:33:43,700 | 1199214 | INFO | queue[0046] trial 43 fold 1 no_physics
2026-03-28 16:33:43,701 | 1199214 | INFO | queue[0047] trial 43 fold 2 no_physics
2026-03-28 16:33:43,701 | 1199214 | INFO | queue[0048] trial 43 fold 3 no_physics
2026-03-28 16:33:43,701 | 1199214 | INFO | queue[0049] trial 43 fold 4 no_physics
2026-03-28 16:33:43,701 | 1199214 | INFO | queue[0050] trial 44 fold 1 no_physics
2026-03-28 16:33:43,701 | 1199214 | INFO | queue[0051] trial 44 fold 2 no_physics
2026-03-28 16:33:43,701 | 1199214 | INFO | queue[0052] trial 44 fold 3 no_physics
2026-03-28 16:33:43,702 | 1199214 | INFO | queue[0053] trial 44 fold 4 no_physics
2026-03-28 16:33:43,702 | 1199214 | INFO | [END BAYES QUEUE]
2026-03-28 16:33:43,711 | 1199214 | INFO | [RESUME] starting from trial 13
2026-03-28 16:33:49,648 | 1199214 | INFO | [RESUME] starting from trial 13
2026-03-28 16:33:57,707 | 1199214 | INFO | [TRIAL COMPLETE] trial 26 no_physics NSE_1D=0.88942 NSE_1H=0.88840
2026-03-28 16:33:57,725 | 1199214 | INFO | [RESUME] starting from trial 14
2026-03-28 16:34:45,067 | 1199214 | INFO | [RESUME] starting from trial 14
2026-03-28 16:36:50,896 | 1199214 | INFO | [RESUME] starting from trial 14
2026-03-28 16:38:45,528 | 1199214 | INFO | [TRIAL COMPLETE] trial 28 no_physics NSE_1D=0.85068 NSE_1H=0.89348
2026-03-28 16:38:46,484 | 1199214 | INFO | [ENQUEUE TRIAL] trial 45 no_physics
2026-03-28 16:38:46,491 | 1199214 | INFO | [BAYES QUEUE STATE]
2026-03-28 16:38:46,492 | 1199214 | INFO | pending_jobs = 53
2026-03-28 16:38:46,492 | 1199214 | INFO | inflight_trials = [1, 2, 8, 10, 14, 16, 17, 19, 20, 22, 23, 24, 26, 28, 29, 30, 31, 32, 33, 34, 35, 36, 37, 38, 39, 40, 41, 42, 43, 44]
2026-03-28 16:38:46,493 | 1199214 | INFO | queue[0000] trial 32 fold 4 no_physics
2026-03-28 16:38:46,493 | 1199214 | INFO | queue[0001] trial 33 fold 1 no_physics
2026-03-28 16:38:46,493 | 1199214 | INFO | queue[0002] trial 33 fold 2 no_physics
2026-03-28 16:38:46,494 | 1199214 | INFO | queue[0003] trial 33 fold 3 no_physics
2026-03-28 16:38:46,494 | 1199214 | INFO | queue[0004] trial 33 fold 4 no_physics
2026-03-28 16:38:46,494 | 1199214 | INFO | queue[0005] trial 34 fold 1 no_physics
2026-03-28 16:38:46,495 | 1199214 | INFO | queue[0006] trial 34 fold 2 no_physics
2026-03-28 16:38:46,495 | 1199214 | INFO | queue[0007] trial 34 fold 3 no_physics
2026-03-28 16:38:46,495 | 1199214 | INFO | queue[0008] trial 34 fold 4 no_physics
2026-03-28 16:38:46,496 | 1199214 | INFO | queue[0009] trial 35 fold 1 no_physics
2026-03-28 16:38:46,496 | 1199214 | INFO | queue[0010] trial 35 fold 2 no_physics
2026-03-28 16:38:46,496 | 1199214 | INFO | queue[0011] trial 35 fold 3 no_physics
2026-03-28 16:38:46,497 | 1199214 | INFO | queue[0012] trial 35 fold 4 no_physics
2026-03-28 16:38:46,497 | 1199214 | INFO | queue[0013] trial 36 fold 1 no_physics
2026-03-28 16:38:46,497 | 1199214 | INFO | queue[0014] trial 36 fold 2 no_physics
2026-03-28 16:38:46,498 | 1199214 | INFO | queue[0015] trial 36 fold 3 no_physics
2026-03-28 16:38:46,498 | 1199214 | INFO | queue[0016] trial 36 fold 4 no_physics
2026-03-28 16:38:46,498 | 1199214 | INFO | queue[0017] trial 37 fold 1 no_physics
2026-03-28 16:38:46,499 | 1199214 | INFO | queue[0018] trial 37 fold 2 no_physics
2026-03-28 16:38:46,499 | 1199214 | INFO | queue[0019] trial 37 fold 3 no_physics
2026-03-28 16:38:46,499 | 1199214 | INFO | queue[0020] trial 37 fold 4 no_physics
2026-03-28 16:38:46,499 | 1199214 | INFO | queue[0021] trial 38 fold 1 no_physics
2026-03-28 16:38:46,499 | 1199214 | INFO | queue[0022] trial 38 fold 2 no_physics
2026-03-28 16:38:46,499 | 1199214 | INFO | queue[0023] trial 38 fold 3 no_physics
2026-03-28 16:38:46,499 | 1199214 | INFO | queue[0024] trial 38 fold 4 no_physics
2026-03-28 16:38:46,500 | 1199214 | INFO | queue[0025] trial 39 fold 1 no_physics
2026-03-28 16:38:46,500 | 1199214 | INFO | queue[0026] trial 39 fold 2 no_physics
2026-03-28 16:38:46,500 | 1199214 | INFO | queue[0027] trial 39 fold 3 no_physics
2026-03-28 16:38:46,500 | 1199214 | INFO | queue[0028] trial 39 fold 4 no_physics
2026-03-28 16:38:46,500 | 1199214 | INFO | queue[0029] trial 40 fold 1 no_physics
2026-03-28 16:38:46,500 | 1199214 | INFO | queue[0030] trial 40 fold 2 no_physics
2026-03-28 16:38:46,501 | 1199214 | INFO | queue[0031] trial 40 fold 3 no_physics
2026-03-28 16:38:46,501 | 1199214 | INFO | queue[0032] trial 40 fold 4 no_physics
2026-03-28 16:38:46,501 | 1199214 | INFO | queue[0033] trial 41 fold 1 no_physics
2026-03-28 16:38:46,501 | 1199214 | INFO | queue[0034] trial 41 fold 2 no_physics
2026-03-28 16:38:46,501 | 1199214 | INFO | queue[0035] trial 41 fold 3 no_physics
2026-03-28 16:38:46,501 | 1199214 | INFO | queue[0036] trial 41 fold 4 no_physics
2026-03-28 16:38:46,501 | 1199214 | INFO | queue[0037] trial 42 fold 1 no_physics
2026-03-28 16:38:46,502 | 1199214 | INFO | queue[0038] trial 42 fold 2 no_physics
2026-03-28 16:38:46,502 | 1199214 | INFO | queue[0039] trial 42 fold 3 no_physics
2026-03-28 16:38:46,502 | 1199214 | INFO | queue[0040] trial 42 fold 4 no_physics
2026-03-28 16:38:46,502 | 1199214 | INFO | queue[0041] trial 43 fold 1 no_physics
2026-03-28 16:38:46,502 | 1199214 | INFO | queue[0042] trial 43 fold 2 no_physics
2026-03-28 16:38:46,502 | 1199214 | INFO | queue[0043] trial 43 fold 3 no_physics
2026-03-28 16:38:46,502 | 1199214 | INFO | queue[0044] trial 43 fold 4 no_physics
2026-03-28 16:38:46,503 | 1199214 | INFO | queue[0045] trial 44 fold 1 no_physics
2026-03-28 16:38:46,503 | 1199214 | INFO | queue[0046] trial 44 fold 2 no_physics
2026-03-28 16:38:46,503 | 1199214 | INFO | queue[0047] trial 44 fold 3 no_physics
2026-03-28 16:38:46,503 | 1199214 | INFO | queue[0048] trial 44 fold 4 no_physics
2026-03-28 16:38:46,503 | 1199214 | INFO | queue[0049] trial 45 fold 1 no_physics
2026-03-28 16:38:46,503 | 1199214 | INFO | queue[0050] trial 45 fold 2 no_physics
2026-03-28 16:38:46,504 | 1199214 | INFO | queue[0051] trial 45 fold 3 no_physics
2026-03-28 16:38:46,504 | 1199214 | INFO | queue[0052] trial 45 fold 4 no_physics
2026-03-28 16:38:46,504 | 1199214 | INFO | [END BAYES QUEUE]
2026-03-28 16:38:46,511 | 1199214 | INFO | [RESUME] starting from trial 15
2026-03-28 16:40:55,311 | 1199214 | INFO | [RESUME] starting from trial 15
2026-03-28 16:41:19,890 | 1199214 | INFO | [RESUME] starting from trial 15
2026-03-28 16:41:34,047 | 1199214 | INFO | [RESUME] starting from trial 15
2026-03-28 16:41:41,618 | 1199214 | INFO | [TRIAL COMPLETE] trial 20 no_physics NSE_1D=0.87171 NSE_1H=0.84843
2026-03-28 16:41:41,979 | 1199214 | INFO | [ENQUEUE TRIAL] trial 46 no_physics
2026-03-28 16:41:41,980 | 1199214 | INFO | [BAYES QUEUE STATE]
2026-03-28 16:41:41,980 | 1199214 | INFO | pending_jobs = 53
2026-03-28 16:41:41,981 | 1199214 | INFO | inflight_trials = [1, 2, 8, 10, 14, 16, 17, 20, 22, 23, 24, 26, 28, 29, 30, 31, 32, 33, 34, 35, 36, 37, 38, 39, 40, 41, 42, 43, 44, 45]
2026-03-28 16:41:41,981 | 1199214 | INFO | queue[0000] trial 33 fold 4 no_physics
2026-03-28 16:41:41,981 | 1199214 | INFO | queue[0001] trial 34 fold 1 no_physics
2026-03-28 16:41:41,982 | 1199214 | INFO | queue[0002] trial 34 fold 2 no_physics
2026-03-28 16:41:41,982 | 1199214 | INFO | queue[0003] trial 34 fold 3 no_physics
2026-03-28 16:41:41,982 | 1199214 | INFO | queue[0004] trial 34 fold 4 no_physics
2026-03-28 16:41:41,983 | 1199214 | INFO | queue[0005] trial 35 fold 1 no_physics
2026-03-28 16:41:41,983 | 1199214 | INFO | queue[0006] trial 35 fold 2 no_physics
2026-03-28 16:41:41,983 | 1199214 | INFO | queue[0007] trial 35 fold 3 no_physics
2026-03-28 16:41:41,984 | 1199214 | INFO | queue[0008] trial 35 fold 4 no_physics
2026-03-28 16:41:41,984 | 1199214 | INFO | queue[0009] trial 36 fold 1 no_physics
2026-03-28 16:41:41,984 | 1199214 | INFO | queue[0010] trial 36 fold 2 no_physics
2026-03-28 16:41:41,985 | 1199214 | INFO | queue[0011] trial 36 fold 3 no_physics
2026-03-28 16:41:41,985 | 1199214 | INFO | queue[0012] trial 36 fold 4 no_physics
2026-03-28 16:41:41,985 | 1199214 | INFO | queue[0013] trial 37 fold 1 no_physics
2026-03-28 16:41:41,986 | 1199214 | INFO | queue[0014] trial 37 fold 2 no_physics
2026-03-28 16:41:41,986 | 1199214 | INFO | queue[0015] trial 37 fold 3 no_physics
2026-03-28 16:41:41,986 | 1199214 | INFO | queue[0016] trial 37 fold 4 no_physics
2026-03-28 16:41:41,987 | 1199214 | INFO | queue[0017] trial 38 fold 1 no_physics
2026-03-28 16:41:41,987 | 1199214 | INFO | queue[0018] trial 38 fold 2 no_physics
2026-03-28 16:41:41,987 | 1199214 | INFO | queue[0019] trial 38 fold 3 no_physics
2026-03-28 16:41:41,988 | 1199214 | INFO | queue[0020] trial 38 fold 4 no_physics
2026-03-28 16:41:41,988 | 1199214 | INFO | queue[0021] trial 39 fold 1 no_physics
2026-03-28 16:41:41,988 | 1199214 | INFO | queue[0022] trial 39 fold 2 no_physics
2026-03-28 16:41:41,988 | 1199214 | INFO | queue[0023] trial 39 fold 3 no_physics
2026-03-28 16:41:41,988 | 1199214 | INFO | queue[0024] trial 39 fold 4 no_physics
2026-03-28 16:41:41,988 | 1199214 | INFO | queue[0025] trial 40 fold 1 no_physics
2026-03-28 16:41:41,989 | 1199214 | INFO | queue[0026] trial 40 fold 2 no_physics
2026-03-28 16:41:41,989 | 1199214 | INFO | queue[0027] trial 40 fold 3 no_physics
2026-03-28 16:41:41,989 | 1199214 | INFO | queue[0028] trial 40 fold 4 no_physics
2026-03-28 16:41:41,989 | 1199214 | INFO | queue[0029] trial 41 fold 1 no_physics
2026-03-28 16:41:41,989 | 1199214 | INFO | queue[0030] trial 41 fold 2 no_physics
2026-03-28 16:41:41,989 | 1199214 | INFO | queue[0031] trial 41 fold 3 no_physics
2026-03-28 16:41:41,989 | 1199214 | INFO | queue[0032] trial 41 fold 4 no_physics
2026-03-28 16:41:41,990 | 1199214 | INFO | queue[0033] trial 42 fold 1 no_physics
2026-03-28 16:41:41,990 | 1199214 | INFO | queue[0034] trial 42 fold 2 no_physics
2026-03-28 16:41:41,990 | 1199214 | INFO | queue[0035] trial 42 fold 3 no_physics
2026-03-28 16:41:41,990 | 1199214 | INFO | queue[0036] trial 42 fold 4 no_physics
2026-03-28 16:41:41,990 | 1199214 | INFO | queue[0037] trial 43 fold 1 no_physics
2026-03-28 16:41:41,990 | 1199214 | INFO | queue[0038] trial 43 fold 2 no_physics
2026-03-28 16:41:41,990 | 1199214 | INFO | queue[0039] trial 43 fold 3 no_physics
2026-03-28 16:41:41,991 | 1199214 | INFO | queue[0040] trial 43 fold 4 no_physics
2026-03-28 16:41:41,991 | 1199214 | INFO | queue[0041] trial 44 fold 1 no_physics
2026-03-28 16:41:41,991 | 1199214 | INFO | queue[0042] trial 44 fold 2 no_physics
2026-03-28 16:41:41,991 | 1199214 | INFO | queue[0043] trial 44 fold 3 no_physics
2026-03-28 16:41:41,991 | 1199214 | INFO | queue[0044] trial 44 fold 4 no_physics
2026-03-28 16:41:41,991 | 1199214 | INFO | queue[0045] trial 45 fold 1 no_physics
2026-03-28 16:41:41,991 | 1199214 | INFO | queue[0046] trial 45 fold 2 no_physics
2026-03-28 16:41:41,992 | 1199214 | INFO | queue[0047] trial 45 fold 3 no_physics
2026-03-28 16:41:41,992 | 1199214 | INFO | queue[0048] trial 45 fold 4 no_physics
2026-03-28 16:41:41,992 | 1199214 | INFO | queue[0049] trial 46 fold 1 no_physics
2026-03-28 16:41:41,992 | 1199214 | INFO | queue[0050] trial 46 fold 2 no_physics
2026-03-28 16:41:41,992 | 1199214 | INFO | queue[0051] trial 46 fold 3 no_physics
2026-03-28 16:41:41,992 | 1199214 | INFO | queue[0052] trial 46 fold 4 no_physics
2026-03-28 16:41:41,992 | 1199214 | INFO | [END BAYES QUEUE]
2026-03-28 16:41:42,006 | 1199214 | INFO | [RESUME] starting from trial 16
2026-03-28 16:43:04,509 | 1199214 | INFO | [RESUME] starting from trial 16
2026-03-28 16:44:17,023 | 1199214 | INFO | [RESUME] starting from trial 16
2026-03-28 16:44:57,644 | 1199214 | INFO | [TRIAL COMPLETE] trial 3 no_physics NSE_1D=0.85131 NSE_1H=0.85108
2026-03-28 16:44:57,980 | 1199214 | INFO | [ENQUEUE TRIAL] trial 47 no_physics
2026-03-28 16:44:57,981 | 1199214 | INFO | [BAYES QUEUE STATE]
2026-03-28 16:44:57,981 | 1199214 | INFO | pending_jobs = 54
2026-03-28 16:44:57,981 | 1199214 | INFO | inflight_trials = [1, 8, 10, 14, 16, 17, 20, 22, 23, 24, 26, 28, 29, 30, 31, 32, 33, 34, 35, 36, 37, 38, 39, 40, 41, 42, 43, 44, 45, 46]
2026-03-28 16:44:57,981 | 1199214 | INFO | queue[0000] trial 34 fold 3 no_physics
2026-03-28 16:44:57,981 | 1199214 | INFO | queue[0001] trial 34 fold 4 no_physics
2026-03-28 16:44:57,981 | 1199214 | INFO | queue[0002] trial 35 fold 1 no_physics
2026-03-28 16:44:57,981 | 1199214 | INFO | queue[0003] trial 35 fold 2 no_physics
2026-03-28 16:44:57,982 | 1199214 | INFO | queue[0004] trial 35 fold 3 no_physics
2026-03-28 16:44:57,982 | 1199214 | INFO | queue[0005] trial 35 fold 4 no_physics
2026-03-28 16:44:57,982 | 1199214 | INFO | queue[0006] trial 36 fold 1 no_physics
2026-03-28 16:44:57,982 | 1199214 | INFO | queue[0007] trial 36 fold 2 no_physics
2026-03-28 16:44:57,982 | 1199214 | INFO | queue[0008] trial 36 fold 3 no_physics
2026-03-28 16:44:57,982 | 1199214 | INFO | queue[0009] trial 36 fold 4 no_physics
2026-03-28 16:44:57,982 | 1199214 | INFO | queue[0010] trial 37 fold 1 no_physics
2026-03-28 16:44:57,982 | 1199214 | INFO | queue[0011] trial 37 fold 2 no_physics
2026-03-28 16:44:57,983 | 1199214 | INFO | queue[0012] trial 37 fold 3 no_physics
2026-03-28 16:44:57,983 | 1199214 | INFO | queue[0013] trial 37 fold 4 no_physics
2026-03-28 16:44:57,983 | 1199214 | INFO | queue[0014] trial 38 fold 1 no_physics
2026-03-28 16:44:57,983 | 1199214 | INFO | queue[0015] trial 38 fold 2 no_physics
2026-03-28 16:44:57,983 | 1199214 | INFO | queue[0016] trial 38 fold 3 no_physics
2026-03-28 16:44:57,983 | 1199214 | INFO | queue[0017] trial 38 fold 4 no_physics
2026-03-28 16:44:57,983 | 1199214 | INFO | queue[0018] trial 39 fold 1 no_physics
2026-03-28 16:44:57,984 | 1199214 | INFO | queue[0019] trial 39 fold 2 no_physics
2026-03-28 16:44:57,984 | 1199214 | INFO | queue[0020] trial 39 fold 3 no_physics
2026-03-28 16:44:57,984 | 1199214 | INFO | queue[0021] trial 39 fold 4 no_physics
2026-03-28 16:44:57,984 | 1199214 | INFO | queue[0022] trial 40 fold 1 no_physics
2026-03-28 16:44:57,984 | 1199214 | INFO | queue[0023] trial 40 fold 2 no_physics
2026-03-28 16:44:57,984 | 1199214 | INFO | queue[0024] trial 40 fold 3 no_physics
2026-03-28 16:44:57,984 | 1199214 | INFO | queue[0025] trial 40 fold 4 no_physics
2026-03-28 16:44:57,985 | 1199214 | INFO | queue[0026] trial 41 fold 1 no_physics
2026-03-28 16:44:57,985 | 1199214 | INFO | queue[0027] trial 41 fold 2 no_physics
2026-03-28 16:44:57,985 | 1199214 | INFO | queue[0028] trial 41 fold 3 no_physics
2026-03-28 16:44:57,985 | 1199214 | INFO | queue[0029] trial 41 fold 4 no_physics
2026-03-28 16:44:57,985 | 1199214 | INFO | queue[0030] trial 42 fold 1 no_physics
2026-03-28 16:44:57,985 | 1199214 | INFO | queue[0031] trial 42 fold 2 no_physics
2026-03-28 16:44:57,985 | 1199214 | INFO | queue[0032] trial 42 fold 3 no_physics
2026-03-28 16:44:57,986 | 1199214 | INFO | queue[0033] trial 42 fold 4 no_physics
2026-03-28 16:44:57,986 | 1199214 | INFO | queue[0034] trial 43 fold 1 no_physics
2026-03-28 16:44:57,986 | 1199214 | INFO | queue[0035] trial 43 fold 2 no_physics
2026-03-28 16:44:57,986 | 1199214 | INFO | queue[0036] trial 43 fold 3 no_physics
2026-03-28 16:44:57,986 | 1199214 | INFO | queue[0037] trial 43 fold 4 no_physics
2026-03-28 16:44:57,986 | 1199214 | INFO | queue[0038] trial 44 fold 1 no_physics
2026-03-28 16:44:57,986 | 1199214 | INFO | queue[0039] trial 44 fold 2 no_physics
2026-03-28 16:44:57,986 | 1199214 | INFO | queue[0040] trial 44 fold 3 no_physics
2026-03-28 16:44:57,987 | 1199214 | INFO | queue[0041] trial 44 fold 4 no_physics
2026-03-28 16:44:57,987 | 1199214 | INFO | queue[0042] trial 45 fold 1 no_physics
2026-03-28 16:44:57,987 | 1199214 | INFO | queue[0043] trial 45 fold 2 no_physics
2026-03-28 16:44:57,987 | 1199214 | INFO | queue[0044] trial 45 fold 3 no_physics
2026-03-28 16:44:57,987 | 1199214 | INFO | queue[0045] trial 45 fold 4 no_physics
2026-03-28 16:44:57,987 | 1199214 | INFO | queue[0046] trial 46 fold 1 no_physics
2026-03-28 16:44:57,988 | 1199214 | INFO | queue[0047] trial 46 fold 2 no_physics
2026-03-28 16:44:57,988 | 1199214 | INFO | queue[0048] trial 46 fold 3 no_physics
2026-03-28 16:44:57,988 | 1199214 | INFO | queue[0049] trial 46 fold 4 no_physics
2026-03-28 16:44:57,988 | 1199214 | INFO | queue[0050] trial 47 fold 1 no_physics
2026-03-28 16:44:57,988 | 1199214 | INFO | queue[0051] trial 47 fold 2 no_physics
2026-03-28 16:44:57,988 | 1199214 | INFO | queue[0052] trial 47 fold 3 no_physics
2026-03-28 16:44:57,988 | 1199214 | INFO | queue[0053] trial 47 fold 4 no_physics
2026-03-28 16:44:57,988 | 1199214 | INFO | [END BAYES QUEUE]
2026-03-28 16:44:58,008 | 1199214 | INFO | [RESUME] starting from trial 17
2026-03-28 16:45:43,754 | 1199214 | INFO | [TRIAL COMPLETE] trial 30 no_physics NSE_1D=0.84056 NSE_1H=0.81972
2026-03-28 16:45:43,775 | 1199214 | INFO | [RESUME] starting from trial 18
2026-03-28 16:46:55,390 | 1199214 | INFO | [RESUME] starting from trial 18
2026-03-28 16:47:20,575 | 1199214 | INFO | [RESUME] starting from trial 18
2026-03-28 16:49:32,724 | 1199214 | INFO | [RESUME] starting from trial 18
2026-03-28 16:49:40,673 | 1199214 | INFO | [RESUME] starting from trial 18
2026-03-28 16:50:29,016 | 1199214 | INFO | [RESUME] starting from trial 18
2026-03-28 16:52:37,731 | 1199214 | INFO | [RESUME] starting from trial 18
2026-03-28 16:52:54,696 | 1199214 | INFO | [RESUME] starting from trial 18
2026-03-28 16:53:00,842 | 1199214 | INFO | [RESUME] starting from trial 18
2026-03-28 16:53:09,895 | 1199214 | INFO | [RESUME] starting from trial 18
2026-03-28 16:54:35,849 | 1199214 | INFO | [TRIAL COMPLETE] trial 33 no_physics NSE_1D=0.84353 NSE_1H=0.84940
2026-03-28 16:54:36,176 | 1199214 | INFO | [ENQUEUE TRIAL] trial 48 no_physics
2026-03-28 16:54:36,177 | 1199214 | INFO | [BAYES QUEUE STATE]
2026-03-28 16:54:36,178 | 1199214 | INFO | pending_jobs = 47
2026-03-28 16:54:36,178 | 1199214 | INFO | inflight_trials = [1, 8, 10, 14, 16, 17, 20, 22, 23, 24, 26, 28, 30, 31, 33, 34, 35, 36, 37, 38, 39, 40, 41, 42, 43, 44, 45, 46, 47]
2026-03-28 16:54:36,178 | 1199214 | INFO | queue[0000] trial 37 fold 2 no_physics
2026-03-28 16:54:36,179 | 1199214 | INFO | queue[0001] trial 37 fold 3 no_physics
2026-03-28 16:54:36,179 | 1199214 | INFO | queue[0002] trial 37 fold 4 no_physics
2026-03-28 16:54:36,180 | 1199214 | INFO | queue[0003] trial 38 fold 1 no_physics
2026-03-28 16:54:36,180 | 1199214 | INFO | queue[0004] trial 38 fold 2 no_physics
2026-03-28 16:54:36,180 | 1199214 | INFO | queue[0005] trial 38 fold 3 no_physics
2026-03-28 16:54:36,181 | 1199214 | INFO | queue[0006] trial 38 fold 4 no_physics
2026-03-28 16:54:36,181 | 1199214 | INFO | queue[0007] trial 39 fold 1 no_physics
2026-03-28 16:54:36,181 | 1199214 | INFO | queue[0008] trial 39 fold 2 no_physics
2026-03-28 16:54:36,182 | 1199214 | INFO | queue[0009] trial 39 fold 3 no_physics
2026-03-28 16:54:36,183 | 1199214 | INFO | queue[0010] trial 39 fold 4 no_physics
2026-03-28 16:54:36,183 | 1199214 | INFO | queue[0011] trial 40 fold 1 no_physics
2026-03-28 16:54:36,183 | 1199214 | INFO | queue[0012] trial 40 fold 2 no_physics
2026-03-28 16:54:36,184 | 1199214 | INFO | queue[0013] trial 40 fold 3 no_physics
2026-03-28 16:54:36,184 | 1199214 | INFO | queue[0014] trial 40 fold 4 no_physics
2026-03-28 16:54:36,184 | 1199214 | INFO | queue[0015] trial 41 fold 1 no_physics
2026-03-28 16:54:36,185 | 1199214 | INFO | queue[0016] trial 41 fold 2 no_physics
2026-03-28 16:54:36,185 | 1199214 | INFO | queue[0017] trial 41 fold 3 no_physics
2026-03-28 16:54:36,185 | 1199214 | INFO | queue[0018] trial 41 fold 4 no_physics
2026-03-28 16:54:36,185 | 1199214 | INFO | queue[0019] trial 42 fold 1 no_physics
2026-03-28 16:54:36,185 | 1199214 | INFO | queue[0020] trial 42 fold 2 no_physics
2026-03-28 16:54:36,185 | 1199214 | INFO | queue[0021] trial 42 fold 3 no_physics
2026-03-28 16:54:36,185 | 1199214 | INFO | queue[0022] trial 42 fold 4 no_physics
2026-03-28 16:54:36,186 | 1199214 | INFO | queue[0023] trial 43 fold 1 no_physics
2026-03-28 16:54:36,186 | 1199214 | INFO | queue[0024] trial 43 fold 2 no_physics
2026-03-28 16:54:36,186 | 1199214 | INFO | queue[0025] trial 43 fold 3 no_physics
2026-03-28 16:54:36,186 | 1199214 | INFO | queue[0026] trial 43 fold 4 no_physics
2026-03-28 16:54:36,186 | 1199214 | INFO | queue[0027] trial 44 fold 1 no_physics
2026-03-28 16:54:36,186 | 1199214 | INFO | queue[0028] trial 44 fold 2 no_physics
2026-03-28 16:54:36,186 | 1199214 | INFO | queue[0029] trial 44 fold 3 no_physics
2026-03-28 16:54:36,187 | 1199214 | INFO | queue[0030] trial 44 fold 4 no_physics
2026-03-28 16:54:36,187 | 1199214 | INFO | queue[0031] trial 45 fold 1 no_physics
2026-03-28 16:54:36,187 | 1199214 | INFO | queue[0032] trial 45 fold 2 no_physics
2026-03-28 16:54:36,187 | 1199214 | INFO | queue[0033] trial 45 fold 3 no_physics
2026-03-28 16:54:36,187 | 1199214 | INFO | queue[0034] trial 45 fold 4 no_physics
2026-03-28 16:54:36,187 | 1199214 | INFO | queue[0035] trial 46 fold 1 no_physics
2026-03-28 16:54:36,187 | 1199214 | INFO | queue[0036] trial 46 fold 2 no_physics
2026-03-28 16:54:36,188 | 1199214 | INFO | queue[0037] trial 46 fold 3 no_physics
2026-03-28 16:54:36,188 | 1199214 | INFO | queue[0038] trial 46 fold 4 no_physics
2026-03-28 16:54:36,188 | 1199214 | INFO | queue[0039] trial 47 fold 1 no_physics
2026-03-28 16:54:36,188 | 1199214 | INFO | queue[0040] trial 47 fold 2 no_physics
2026-03-28 16:54:36,188 | 1199214 | INFO | queue[0041] trial 47 fold 3 no_physics
2026-03-28 16:54:36,189 | 1199214 | INFO | queue[0042] trial 47 fold 4 no_physics
2026-03-28 16:54:36,189 | 1199214 | INFO | queue[0043] trial 48 fold 1 no_physics
2026-03-28 16:54:36,189 | 1199214 | INFO | queue[0044] trial 48 fold 2 no_physics
2026-03-28 16:54:36,189 | 1199214 | INFO | queue[0045] trial 48 fold 3 no_physics
2026-03-28 16:54:36,189 | 1199214 | INFO | queue[0046] trial 48 fold 4 no_physics
2026-03-28 16:54:36,189 | 1199214 | INFO | [END BAYES QUEUE]
2026-03-28 16:54:36,203 | 1199214 | INFO | [RESUME] starting from trial 19
2026-03-28 16:56:10,443 | 1199214 | INFO | [RESUME] starting from trial 19
2026-03-28 16:57:07,507 | 1199214 | INFO | [RESUME] starting from trial 19
2026-03-28 16:58:44,776 | 1199214 | INFO | [RESUME] starting from trial 19
2026-03-28 16:59:27,029 | 1199214 | INFO | [TRIAL COMPLETE] trial 21 no_physics NSE_1D=0.85592 NSE_1H=0.82200
2026-03-28 16:59:27,051 | 1199214 | INFO | [RESUME] starting from trial 20
2026-03-28 16:59:57,960 | 1199214 | INFO | [RESUME] starting from trial 20
2026-03-28 17:00:33,466 | 1199214 | INFO | [RESUME] starting from trial 20
2026-03-28 17:00:35,603 | 1199214 | INFO | [RESUME] starting from trial 20
2026-03-28 17:00:59,905 | 1199214 | INFO | [TRIAL COMPLETE] trial 9 no_physics NSE_1D=0.88100 NSE_1H=0.79412
2026-03-28 17:00:59,925 | 1199214 | INFO | [RESUME] starting from trial 21
2026-03-28 17:01:04,374 | 1199214 | INFO | [RESUME] starting from trial 21
2026-03-28 17:01:43,304 | 1199214 | INFO | [TRIAL COMPLETE] trial 35 no_physics NSE_1D=0.83351 NSE_1H=0.84162
2026-03-28 17:01:43,324 | 1199214 | INFO | [RESUME] starting from trial 22
2026-03-28 17:02:00,992 | 1199214 | INFO | [RESUME] starting from trial 22
2026-03-28 17:03:20,624 | 1199214 | INFO | [TRIAL COMPLETE] trial 31 no_physics NSE_1D=0.88108 NSE_1H=0.89302
2026-03-28 17:03:20,640 | 1199214 | INFO | [RESUME] starting from trial 23
2026-03-28 17:03:54,847 | 1199214 | INFO | [RESUME] starting from trial 23
2026-03-28 17:05:44,135 | 1199214 | INFO | [RESUME] starting from trial 23
2026-03-28 17:05:58,607 | 1199214 | INFO | [RESUME] starting from trial 23
2026-03-28 17:07:10,398 | 1199214 | INFO | [RESUME] starting from trial 23
2026-03-28 17:09:26,344 | 1199214 | INFO | [RESUME] starting from trial 23
2026-03-28 17:09:58,854 | 1199214 | INFO | [RESUME] starting from trial 23
2026-03-28 17:09:59,462 | 1199214 | INFO | [TRIAL COMPLETE] trial 18 no_physics NSE_1D=0.89489 NSE_1H=0.87583
2026-03-28 17:09:59,471 | 1199214 | INFO | [RESUME] starting from trial 24
2026-03-28 17:10:28,560 | 1199214 | INFO | [RESUME] starting from trial 24
2026-03-28 17:10:36,510 | 1199214 | INFO | [RESUME] starting from trial 24
2026-03-28 17:10:56,818 | 1199214 | INFO | [TRIAL COMPLETE] trial 15 no_physics NSE_1D=0.88926 NSE_1H=0.86661
2026-03-28 17:10:56,842 | 1199214 | INFO | [RESUME] starting from trial 25
2026-03-28 17:14:02,204 | 1199214 | INFO | [TRIAL COMPLETE] trial 27 no_physics NSE_1D=0.83207 NSE_1H=0.79847
2026-03-28 17:14:02,226 | 1199214 | INFO | [RESUME] starting from trial 26
2026-03-28 17:14:47,656 | 1199214 | INFO | [RESUME] starting from trial 26
2026-03-28 17:17:50,081 | 1199214 | INFO | [RESUME] starting from trial 26
2026-03-28 17:18:43,127 | 1199214 | INFO | [RESUME] starting from trial 26
2026-03-28 17:24:49,086 | 1199214 | INFO | [RESUME] starting from trial 26
2026-03-28 17:26:07,522 | 1199214 | INFO | [RESUME] starting from trial 26
2026-03-28 17:26:34,414 | 1199214 | INFO | [RESUME] starting from trial 26
2026-03-28 17:29:22,732 | 1199214 | INFO | [RESUME] starting from trial 26
2026-03-28 17:29:50,242 | 1199214 | INFO | [TRIAL COMPLETE] trial 25 no_physics NSE_1D=0.82245 NSE_1H=0.82309
2026-03-28 17:29:50,266 | 1199214 | INFO | [RESUME] starting from trial 27
2026-03-28 17:30:15,266 | 1199214 | INFO | [RESUME] starting from trial 27
2026-03-28 17:33:18,840 | 1199214 | INFO | [RESUME] starting from trial 27
2026-03-28 17:34:01,004 | 1199214 | INFO | [RESUME] starting from trial 27
2026-03-28 17:34:20,591 | 1199214 | INFO | [RESUME] starting from trial 27
2026-03-28 17:39:10,596 | 1199214 | INFO | [TRIAL COMPLETE] trial 34 no_physics NSE_1D=0.88103 NSE_1H=0.82613
2026-03-28 17:39:10,620 | 1199214 | INFO | [RESUME] starting from trial 28
2026-03-28 17:40:22,221 | 1199214 | INFO | [TRIAL COMPLETE] trial 36 no_physics NSE_1D=0.84659 NSE_1H=0.84427
2026-03-28 17:40:22,239 | 1199214 | INFO | [RESUME] starting from trial 29
2026-03-28 17:40:49,426 | 1199214 | INFO | [RESUME] starting from trial 29
2026-03-28 17:41:41,106 | 1199214 | INFO | [RESUME] starting from trial 29
2026-03-28 17:42:49,812 | 1199214 | INFO | [RESUME] starting from trial 29
2026-03-28 17:44:43,519 | 1199214 | INFO | [RESUME] starting from trial 29
2026-03-28 17:46:25,185 | 1199214 | INFO | [RESUME] starting from trial 29
2026-03-28 17:46:56,688 | 1199214 | INFO | [RESUME] starting from trial 29
2026-03-28 17:47:27,496 | 1199214 | INFO | [TRIAL COMPLETE] trial 11 no_physics NSE_1D=0.88133 NSE_1H=0.84265
2026-03-28 17:47:27,523 | 1199214 | INFO | [RESUME] starting from trial 30
2026-03-28 17:56:18,246 | 1199214 | INFO | [RESUME] starting from trial 30
2026-03-28 17:57:23,338 | 1199214 | INFO | [RESUME] starting from trial 30
2026-03-28 17:58:42,173 | 1199214 | INFO | [RESUME] starting from trial 30
2026-03-28 18:00:29,011 | 1199214 | INFO | [RESUME] starting from trial 30
2026-03-28 18:00:38,587 | 1199214 | INFO | [TRIAL COMPLETE] trial 40 no_physics NSE_1D=0.86083 NSE_1H=0.87042
2026-03-28 18:00:38,615 | 1199214 | INFO | [RESUME] starting from trial 31
2026-03-28 18:01:15,979 | 1199214 | INFO | [RESUME] starting from trial 31
2026-03-28 18:04:36,827 | 1199214 | INFO | [RESUME] starting from trial 31
2026-03-28 18:05:26,349 | 1199214 | INFO | [RESUME] starting from trial 31
2026-03-28 18:05:47,755 | 1199214 | INFO | [RESUME] starting from trial 31
2026-03-28 18:06:00,331 | 1199214 | INFO | [RESUME] starting from trial 31
2026-03-28 18:07:09,177 | 1199214 | INFO | [RESUME] starting from trial 31
2026-03-28 18:09:01,659 | 1199214 | INFO | [RESUME] starting from trial 31
2026-03-28 18:09:36,902 | 1199214 | INFO | [RESUME] starting from trial 31
2026-03-28 18:11:10,248 | 1199214 | INFO | [RESUME] starting from trial 31
2026-03-28 18:16:08,877 | 1199214 | INFO | [RESUME] starting from trial 31
2026-03-28 18:16:34,098 | 1199214 | INFO | [RESUME] starting from trial 31
2026-03-28 18:16:47,173 | 1199214 | INFO | [RESUME] starting from trial 31
2026-03-28 18:18:25,088 | 1199214 | INFO | [RESUME] starting from trial 31
2026-03-28 18:18:25,214 | 1199214 | INFO | [RESUME] starting from trial 31
2026-03-28 18:18:35,700 | 1199214 | INFO | [TRIAL COMPLETE] trial 32 no_physics NSE_1D=0.88236 NSE_1H=0.87117
2026-03-28 18:18:35,724 | 1199214 | INFO | [RESUME] starting from trial 32
2026-03-28 18:19:55,875 | 1199214 | INFO | [RESUME] starting from trial 32
2026-03-28 18:20:12,293 | 1199214 | INFO | [RESUME] starting from trial 32
2026-03-28 18:20:48,079 | 1199214 | INFO | [TRIAL COMPLETE] trial 17 no_physics NSE_1D=0.88024 NSE_1H=0.85747
2026-03-28 18:20:48,102 | 1199214 | INFO | [RESUME] starting from trial 33
2026-03-28 18:21:45,099 | 1199214 | INFO | [RESUME] starting from trial 33
2026-03-28 18:22:01,591 | 1199214 | INFO | [TRIAL COMPLETE] trial 24 no_physics NSE_1D=0.85143 NSE_1H=0.79884
2026-03-28 18:22:01,622 | 1199214 | INFO | [RESUME] starting from trial 34
2026-03-28 18:22:21,098 | 1199214 | INFO | [RESUME] starting from trial 34
2026-03-28 18:22:42,991 | 1199214 | INFO | [RESUME] starting from trial 34
2026-03-28 18:23:12,612 | 1199214 | INFO | [RESUME] starting from trial 34
2026-03-28 18:24:27,364 | 1199214 | INFO | [TRIAL COMPLETE] trial 38 no_physics NSE_1D=0.85157 NSE_1H=0.87518
2026-03-28 18:24:27,392 | 1199214 | INFO | [RESUME] starting from trial 35
2026-03-28 18:24:58,727 | 1199214 | INFO | [RESUME] starting from trial 35
2026-03-28 18:25:47,382 | 1199214 | INFO | [RESUME] starting from trial 35
2026-03-28 18:28:47,561 | 1199214 | INFO | [RESUME] starting from trial 35
2026-03-28 18:29:00,940 | 1199214 | INFO | [TRIAL COMPLETE] trial 2 no_physics NSE_1D=0.89148 NSE_1H=0.87963
2026-03-28 18:29:00,965 | 1199214 | INFO | [RESUME] starting from trial 36
2026-03-28 18:31:57,938 | 1199214 | INFO | [TRIAL COMPLETE] trial 46 no_physics NSE_1D=0.85039 NSE_1H=0.86637
2026-03-28 18:31:57,964 | 1199214 | INFO | [RESUME] starting from trial 37
2026-03-28 18:32:57,150 | 1199214 | INFO | [RESUME] starting from trial 37
2026-03-28 18:38:43,017 | 1199214 | INFO | [TRIAL COMPLETE] trial 48 no_physics NSE_1D=0.89455 NSE_1H=0.89331
2026-03-28 18:38:43,041 | 1199214 | INFO | [RESUME] starting from trial 38
2026-03-28 18:39:17,155 | 1199214 | INFO | [TRIAL COMPLETE] trial 42 no_physics NSE_1D=0.86252 NSE_1H=0.86856
2026-03-28 18:39:17,179 | 1199214 | INFO | [RESUME] starting from trial 39
2026-03-28 18:39:56,900 | 1199214 | INFO | [RESUME] starting from trial 39
2026-03-28 18:40:41,155 | 1199214 | INFO | [RESUME] starting from trial 39
2026-03-28 18:40:54,928 | 1199214 | INFO | [TRIAL COMPLETE] trial 29 no_physics NSE_1D=0.86913 NSE_1H=0.88098
2026-03-28 18:40:54,951 | 1199214 | INFO | [RESUME] starting from trial 40
2026-03-28 18:43:29,828 | 1199214 | INFO | [TRIAL COMPLETE] trial 41 no_physics NSE_1D=0.85199 NSE_1H=0.83870
2026-03-28 18:43:29,853 | 1199214 | INFO | [RESUME] starting from trial 41
2026-03-28 18:43:54,355 | 1199214 | INFO | [TRIAL COMPLETE] trial 43 no_physics NSE_1D=0.86880 NSE_1H=0.84196
2026-03-28 18:43:54,383 | 1199214 | INFO | [RESUME] starting from trial 42
2026-03-28 18:44:56,049 | 1199214 | INFO | [TRIAL COMPLETE] trial 23 no_physics NSE_1D=0.86685 NSE_1H=0.85046
2026-03-28 18:44:56,075 | 1199214 | INFO | [RESUME] starting from trial 43
2026-03-28 18:45:23,263 | 1199214 | INFO | [RESUME] starting from trial 43
2026-03-28 18:47:23,554 | 1199214 | INFO | [RESUME] starting from trial 43
2026-03-28 18:51:00,639 | 1199214 | INFO | [TRIAL COMPLETE] trial 39 no_physics NSE_1D=0.86979 NSE_1H=0.84396
2026-03-28 18:51:00,663 | 1199214 | INFO | [RESUME] starting from trial 44
2026-03-28 18:51:51,219 | 1199214 | INFO | [RESUME] starting from trial 44
2026-03-28 18:52:04,908 | 1199214 | INFO | [RESUME] starting from trial 44
2026-03-28 18:53:01,158 | 1199214 | INFO | [TRIAL COMPLETE] trial 37 no_physics NSE_1D=0.89747 NSE_1H=0.88508
2026-03-28 18:53:01,184 | 1199214 | INFO | [RESUME] starting from trial 45
2026-03-28 18:53:43,909 | 1199214 | INFO | [TRIAL COMPLETE] trial 44 no_physics NSE_1D=0.84836 NSE_1H=0.87810
2026-03-28 18:53:43,937 | 1199214 | INFO | [RESUME] starting from trial 46
2026-03-28 19:05:00,588 | 1199214 | INFO | [TRIAL COMPLETE] trial 45 no_physics NSE_1D=0.88327 NSE_1H=0.88631
2026-03-28 19:05:00,619 | 1199214 | INFO | [RESUME] starting from trial 47
2026-03-28 19:05:34,344 | 1199214 | INFO | [TRIAL COMPLETE] trial 47 no_physics NSE_1D=0.88038 NSE_1H=0.86690
2026-03-28 19:05:34,372 | 1199214 | INFO | [RESUME] starting from trial 48
2026-03-28 19:05:34,372 | 1199214 | INFO | [BAYES] no_physics already finished (48/48)
2026-03-28 19:05:34,961 | 1199214 | INFO | [OPTUNA SEED] physics journal empty → seeding from CSV
2026-03-28 19:05:34,964 | 1199214 | INFO | [OPTUNA SEED] no CSV found
2026-03-28 19:05:34,965 | 1199214 | INFO | [BAYES] physics: 13 parallel trials x 4 folds = up to 52 workers
2026-03-28 19:05:34,966 | 1199214 | INFO | /global/scratch/users/maxwellfung/UCB-USACE-RR-PROJECT/outputs/hopland/mts_shared/hyperparams/archive/hopland_mts_EXTREME_YEARS_physics_gridsearch_20260328T223910Z.csv
2026-03-28 19:05:34,966 | 1199214 | INFO | [REPLAY] No previous trials found.
2026-03-28 19:05:34,966 | 1199214 | INFO | [RESUME] starting from trial 0
2026-03-28 19:05:35,318 | 1199214 | INFO | [ENQUEUE TRIAL] trial 1 physics
2026-03-28 19:05:35,324 | 1199214 | INFO | [BAYES QUEUE STATE]
2026-03-28 19:05:35,324 | 1199214 | INFO | pending_jobs = 4
2026-03-28 19:05:35,325 | 1199214 | INFO | inflight_trials = [0]
2026-03-28 19:05:35,325 | 1199214 | INFO | queue[0000] trial 1 fold 1 physics
2026-03-28 19:05:35,326 | 1199214 | INFO | queue[0001] trial 1 fold 2 physics
2026-03-28 19:05:35,326 | 1199214 | INFO | queue[0002] trial 1 fold 3 physics
2026-03-28 19:05:35,326 | 1199214 | INFO | queue[0003] trial 1 fold 4 physics
2026-03-28 19:05:35,327 | 1199214 | INFO | [END BAYES QUEUE]
2026-03-28 19:05:35,660 | 1199214 | INFO | [ENQUEUE TRIAL] trial 2 physics
2026-03-28 19:05:35,671 | 1199214 | INFO | [BAYES QUEUE STATE]
2026-03-28 19:05:35,672 | 1199214 | INFO | pending_jobs = 8
2026-03-28 19:05:35,672 | 1199214 | INFO | inflight_trials = [0, 1]
2026-03-28 19:05:35,672 | 1199214 | INFO | queue[0000] trial 1 fold 1 physics
2026-03-28 19:05:35,673 | 1199214 | INFO | queue[0001] trial 1 fold 2 physics
2026-03-28 19:05:35,673 | 1199214 | INFO | queue[0002] trial 1 fold 3 physics
2026-03-28 19:05:35,673 | 1199214 | INFO | queue[0003] trial 1 fold 4 physics
2026-03-28 19:05:35,674 | 1199214 | INFO | queue[0004] trial 2 fold 1 physics
2026-03-28 19:05:35,674 | 1199214 | INFO | queue[0005] trial 2 fold 2 physics
2026-03-28 19:05:35,674 | 1199214 | INFO | queue[0006] trial 2 fold 3 physics
2026-03-28 19:05:35,675 | 1199214 | INFO | queue[0007] trial 2 fold 4 physics
2026-03-28 19:05:35,675 | 1199214 | INFO | [END BAYES QUEUE]
2026-03-28 19:05:36,008 | 1199214 | INFO | [ENQUEUE TRIAL] trial 3 physics
2026-03-28 19:05:36,009 | 1199214 | INFO | [BAYES QUEUE STATE]
2026-03-28 19:05:36,009 | 1199214 | INFO | pending_jobs = 12
2026-03-28 19:05:36,009 | 1199214 | INFO | inflight_trials = [0, 1, 2]
2026-03-28 19:05:36,010 | 1199214 | INFO | queue[0000] trial 1 fold 1 physics
2026-03-28 19:05:36,010 | 1199214 | INFO | queue[0001] trial 1 fold 2 physics
2026-03-28 19:05:36,010 | 1199214 | INFO | queue[0002] trial 1 fold 3 physics
2026-03-28 19:05:36,011 | 1199214 | INFO | queue[0003] trial 1 fold 4 physics
2026-03-28 19:05:36,011 | 1199214 | INFO | queue[0004] trial 2 fold 1 physics
2026-03-28 19:05:36,011 | 1199214 | INFO | queue[0005] trial 2 fold 2 physics
2026-03-28 19:05:36,012 | 1199214 | INFO | queue[0006] trial 2 fold 3 physics
2026-03-28 19:05:36,012 | 1199214 | INFO | queue[0007] trial 2 fold 4 physics
2026-03-28 19:05:36,012 | 1199214 | INFO | queue[0008] trial 3 fold 1 physics
2026-03-28 19:05:36,012 | 1199214 | INFO | queue[0009] trial 3 fold 2 physics
2026-03-28 19:05:36,013 | 1199214 | INFO | queue[0010] trial 3 fold 3 physics
2026-03-28 19:05:36,013 | 1199214 | INFO | queue[0011] trial 3 fold 4 physics
2026-03-28 19:05:36,013 | 1199214 | INFO | [END BAYES QUEUE]
2026-03-28 19:05:36,352 | 1199214 | INFO | [ENQUEUE TRIAL] trial 4 physics
2026-03-28 19:05:36,353 | 1199214 | INFO | [BAYES QUEUE STATE]
2026-03-28 19:05:36,353 | 1199214 | INFO | pending_jobs = 16
2026-03-28 19:05:36,353 | 1199214 | INFO | inflight_trials = [0, 1, 2, 3]
2026-03-28 19:05:36,354 | 1199214 | INFO | queue[0000] trial 1 fold 1 physics
2026-03-28 19:05:36,354 | 1199214 | INFO | queue[0001] trial 1 fold 2 physics
2026-03-28 19:05:36,354 | 1199214 | INFO | queue[0002] trial 1 fold 3 physics
2026-03-28 19:05:36,355 | 1199214 | INFO | queue[0003] trial 1 fold 4 physics
2026-03-28 19:05:36,355 | 1199214 | INFO | queue[0004] trial 2 fold 1 physics
2026-03-28 19:05:36,355 | 1199214 | INFO | queue[0005] trial 2 fold 2 physics
2026-03-28 19:05:36,356 | 1199214 | INFO | queue[0006] trial 2 fold 3 physics
2026-03-28 19:05:36,356 | 1199214 | INFO | queue[0007] trial 2 fold 4 physics
2026-03-28 19:05:36,356 | 1199214 | INFO | queue[0008] trial 3 fold 1 physics
2026-03-28 19:05:36,357 | 1199214 | INFO | queue[0009] trial 3 fold 2 physics
2026-03-28 19:05:36,357 | 1199214 | INFO | queue[0010] trial 3 fold 3 physics
2026-03-28 19:05:36,357 | 1199214 | INFO | queue[0011] trial 3 fold 4 physics
2026-03-28 19:05:36,357 | 1199214 | INFO | queue[0012] trial 4 fold 1 physics
2026-03-28 19:05:36,358 | 1199214 | INFO | queue[0013] trial 4 fold 2 physics
2026-03-28 19:05:36,358 | 1199214 | INFO | queue[0014] trial 4 fold 3 physics
2026-03-28 19:05:36,358 | 1199214 | INFO | queue[0015] trial 4 fold 4 physics
2026-03-28 19:05:36,359 | 1199214 | INFO | [END BAYES QUEUE]
2026-03-28 19:05:36,731 | 1199214 | INFO | [ENQUEUE TRIAL] trial 5 physics
2026-03-28 19:05:36,742 | 1199214 | INFO | [BAYES QUEUE STATE]
2026-03-28 19:05:36,743 | 1199214 | INFO | pending_jobs = 20
2026-03-28 19:05:36,743 | 1199214 | INFO | inflight_trials = [0, 1, 2, 3, 4]
2026-03-28 19:05:36,743 | 1199214 | INFO | queue[0000] trial 1 fold 1 physics
2026-03-28 19:05:36,744 | 1199214 | INFO | queue[0001] trial 1 fold 2 physics
2026-03-28 19:05:36,744 | 1199214 | INFO | queue[0002] trial 1 fold 3 physics
2026-03-28 19:05:36,744 | 1199214 | INFO | queue[0003] trial 1 fold 4 physics
2026-03-28 19:05:36,745 | 1199214 | INFO | queue[0004] trial 2 fold 1 physics
2026-03-28 19:05:36,745 | 1199214 | INFO | queue[0005] trial 2 fold 2 physics
2026-03-28 19:05:36,745 | 1199214 | INFO | queue[0006] trial 2 fold 3 physics
2026-03-28 19:05:36,746 | 1199214 | INFO | queue[0007] trial 2 fold 4 physics
2026-03-28 19:05:36,746 | 1199214 | INFO | queue[0008] trial 3 fold 1 physics
2026-03-28 19:05:36,746 | 1199214 | INFO | queue[0009] trial 3 fold 2 physics
2026-03-28 19:05:36,746 | 1199214 | INFO | queue[0010] trial 3 fold 3 physics
2026-03-28 19:05:36,747 | 1199214 | INFO | queue[0011] trial 3 fold 4 physics
2026-03-28 19:05:36,747 | 1199214 | INFO | queue[0012] trial 4 fold 1 physics
2026-03-28 19:05:36,747 | 1199214 | INFO | queue[0013] trial 4 fold 2 physics
2026-03-28 19:05:36,747 | 1199214 | INFO | queue[0014] trial 4 fold 3 physics
2026-03-28 19:05:36,748 | 1199214 | INFO | queue[0015] trial 4 fold 4 physics
2026-03-28 19:05:36,748 | 1199214 | INFO | queue[0016] trial 5 fold 1 physics
2026-03-28 19:05:36,748 | 1199214 | INFO | queue[0017] trial 5 fold 2 physics
2026-03-28 19:05:36,748 | 1199214 | INFO | queue[0018] trial 5 fold 3 physics
2026-03-28 19:05:36,749 | 1199214 | INFO | queue[0019] trial 5 fold 4 physics
2026-03-28 19:05:36,749 | 1199214 | INFO | [END BAYES QUEUE]
2026-03-28 19:05:37,071 | 1199214 | INFO | [ENQUEUE TRIAL] trial 6 physics
2026-03-28 19:05:37,071 | 1199214 | INFO | [BAYES QUEUE STATE]
2026-03-28 19:05:37,071 | 1199214 | INFO | pending_jobs = 24
2026-03-28 19:05:37,072 | 1199214 | INFO | inflight_trials = [0, 1, 2, 3, 4, 5]
2026-03-28 19:05:37,072 | 1199214 | INFO | queue[0000] trial 1 fold 1 physics
2026-03-28 19:05:37,072 | 1199214 | INFO | queue[0001] trial 1 fold 2 physics
2026-03-28 19:05:37,073 | 1199214 | INFO | queue[0002] trial 1 fold 3 physics
2026-03-28 19:05:37,073 | 1199214 | INFO | queue[0003] trial 1 fold 4 physics
2026-03-28 19:05:37,073 | 1199214 | INFO | queue[0004] trial 2 fold 1 physics
2026-03-28 19:05:37,074 | 1199214 | INFO | queue[0005] trial 2 fold 2 physics
2026-03-28 19:05:37,074 | 1199214 | INFO | queue[0006] trial 2 fold 3 physics
2026-03-28 19:05:37,074 | 1199214 | INFO | queue[0007] trial 2 fold 4 physics
2026-03-28 19:05:37,075 | 1199214 | INFO | queue[0008] trial 3 fold 1 physics
2026-03-28 19:05:37,075 | 1199214 | INFO | queue[0009] trial 3 fold 2 physics
2026-03-28 19:05:37,075 | 1199214 | INFO | queue[0010] trial 3 fold 3 physics
2026-03-28 19:05:37,075 | 1199214 | INFO | queue[0011] trial 3 fold 4 physics
2026-03-28 19:05:37,075 | 1199214 | INFO | queue[0012] trial 4 fold 1 physics
2026-03-28 19:05:37,076 | 1199214 | INFO | queue[0013] trial 4 fold 2 physics
2026-03-28 19:05:37,076 | 1199214 | INFO | queue[0014] trial 4 fold 3 physics
2026-03-28 19:05:37,076 | 1199214 | INFO | queue[0015] trial 4 fold 4 physics
2026-03-28 19:05:37,076 | 1199214 | INFO | queue[0016] trial 5 fold 1 physics
2026-03-28 19:05:37,076 | 1199214 | INFO | queue[0017] trial 5 fold 2 physics
2026-03-28 19:05:37,077 | 1199214 | INFO | queue[0018] trial 5 fold 3 physics
2026-03-28 19:05:37,077 | 1199214 | INFO | queue[0019] trial 5 fold 4 physics
2026-03-28 19:05:37,077 | 1199214 | INFO | queue[0020] trial 6 fold 1 physics
2026-03-28 19:05:37,077 | 1199214 | INFO | queue[0021] trial 6 fold 2 physics
2026-03-28 19:05:37,078 | 1199214 | INFO | queue[0022] trial 6 fold 3 physics
2026-03-28 19:05:37,078 | 1199214 | INFO | queue[0023] trial 6 fold 4 physics
2026-03-28 19:05:37,078 | 1199214 | INFO | [END BAYES QUEUE]
2026-03-28 19:05:37,394 | 1199214 | INFO | [ENQUEUE TRIAL] trial 7 physics
2026-03-28 19:05:37,395 | 1199214 | INFO | [BAYES QUEUE STATE]
2026-03-28 19:05:37,395 | 1199214 | INFO | pending_jobs = 28
2026-03-28 19:05:37,396 | 1199214 | INFO | inflight_trials = [0, 1, 2, 3, 4, 5, 6]
2026-03-28 19:05:37,396 | 1199214 | INFO | queue[0000] trial 1 fold 1 physics
2026-03-28 19:05:37,396 | 1199214 | INFO | queue[0001] trial 1 fold 2 physics
2026-03-28 19:05:37,397 | 1199214 | INFO | queue[0002] trial 1 fold 3 physics
2026-03-28 19:05:37,397 | 1199214 | INFO | queue[0003] trial 1 fold 4 physics
2026-03-28 19:05:37,397 | 1199214 | INFO | queue[0004] trial 2 fold 1 physics
2026-03-28 19:05:37,398 | 1199214 | INFO | queue[0005] trial 2 fold 2 physics
2026-03-28 19:05:37,398 | 1199214 | INFO | queue[0006] trial 2 fold 3 physics
2026-03-28 19:05:37,398 | 1199214 | INFO | queue[0007] trial 2 fold 4 physics
2026-03-28 19:05:37,398 | 1199214 | INFO | queue[0008] trial 3 fold 1 physics
2026-03-28 19:05:37,399 | 1199214 | INFO | queue[0009] trial 3 fold 2 physics
2026-03-28 19:05:37,399 | 1199214 | INFO | queue[0010] trial 3 fold 3 physics
2026-03-28 19:05:37,399 | 1199214 | INFO | queue[0011] trial 3 fold 4 physics
2026-03-28 19:05:37,400 | 1199214 | INFO | queue[0012] trial 4 fold 1 physics
2026-03-28 19:05:37,400 | 1199214 | INFO | queue[0013] trial 4 fold 2 physics
2026-03-28 19:05:37,400 | 1199214 | INFO | queue[0014] trial 4 fold 3 physics
2026-03-28 19:05:37,401 | 1199214 | INFO | queue[0015] trial 4 fold 4 physics
2026-03-28 19:05:37,401 | 1199214 | INFO | queue[0016] trial 5 fold 1 physics
2026-03-28 19:05:37,401 | 1199214 | INFO | queue[0017] trial 5 fold 2 physics
2026-03-28 19:05:37,402 | 1199214 | INFO | queue[0018] trial 5 fold 3 physics
2026-03-28 19:05:37,402 | 1199214 | INFO | queue[0019] trial 5 fold 4 physics
2026-03-28 19:05:37,402 | 1199214 | INFO | queue[0020] trial 6 fold 1 physics
2026-03-28 19:05:37,402 | 1199214 | INFO | queue[0021] trial 6 fold 2 physics
2026-03-28 19:05:37,403 | 1199214 | INFO | queue[0022] trial 6 fold 3 physics
2026-03-28 19:05:37,403 | 1199214 | INFO | queue[0023] trial 6 fold 4 physics
2026-03-28 19:05:37,403 | 1199214 | INFO | queue[0024] trial 7 fold 1 physics
2026-03-28 19:05:37,403 | 1199214 | INFO | queue[0025] trial 7 fold 2 physics
2026-03-28 19:05:37,403 | 1199214 | INFO | queue[0026] trial 7 fold 3 physics
2026-03-28 19:05:37,403 | 1199214 | INFO | queue[0027] trial 7 fold 4 physics
2026-03-28 19:05:37,404 | 1199214 | INFO | [END BAYES QUEUE]
2026-03-28 19:05:37,747 | 1199214 | INFO | [ENQUEUE TRIAL] trial 8 physics
2026-03-28 19:05:37,759 | 1199214 | INFO | [BAYES QUEUE STATE]
2026-03-28 19:05:37,759 | 1199214 | INFO | pending_jobs = 32
2026-03-28 19:05:37,760 | 1199214 | INFO | inflight_trials = [0, 1, 2, 3, 4, 5, 6, 7]
2026-03-28 19:05:37,760 | 1199214 | INFO | queue[0000] trial 1 fold 1 physics
2026-03-28 19:05:37,760 | 1199214 | INFO | queue[0001] trial 1 fold 2 physics
2026-03-28 19:05:37,761 | 1199214 | INFO | queue[0002] trial 1 fold 3 physics
2026-03-28 19:05:37,761 | 1199214 | INFO | queue[0003] trial 1 fold 4 physics
2026-03-28 19:05:37,761 | 1199214 | INFO | queue[0004] trial 2 fold 1 physics
2026-03-28 19:05:37,762 | 1199214 | INFO | queue[0005] trial 2 fold 2 physics
2026-03-28 19:05:37,762 | 1199214 | INFO | queue[0006] trial 2 fold 3 physics
2026-03-28 19:05:37,762 | 1199214 | INFO | queue[0007] trial 2 fold 4 physics
2026-03-28 19:05:37,762 | 1199214 | INFO | queue[0008] trial 3 fold 1 physics
2026-03-28 19:05:37,763 | 1199214 | INFO | queue[0009] trial 3 fold 2 physics
2026-03-28 19:05:37,763 | 1199214 | INFO | queue[0010] trial 3 fold 3 physics
2026-03-28 19:05:37,763 | 1199214 | INFO | queue[0011] trial 3 fold 4 physics
2026-03-28 19:05:37,763 | 1199214 | INFO | queue[0012] trial 4 fold 1 physics
2026-03-28 19:05:37,764 | 1199214 | INFO | queue[0013] trial 4 fold 2 physics
2026-03-28 19:05:37,764 | 1199214 | INFO | queue[0014] trial 4 fold 3 physics
2026-03-28 19:05:37,764 | 1199214 | INFO | queue[0015] trial 4 fold 4 physics
2026-03-28 19:05:37,764 | 1199214 | INFO | queue[0016] trial 5 fold 1 physics
2026-03-28 19:05:37,764 | 1199214 | INFO | queue[0017] trial 5 fold 2 physics
2026-03-28 19:05:37,765 | 1199214 | INFO | queue[0018] trial 5 fold 3 physics
2026-03-28 19:05:37,765 | 1199214 | INFO | queue[0019] trial 5 fold 4 physics
2026-03-28 19:05:37,765 | 1199214 | INFO | queue[0020] trial 6 fold 1 physics
2026-03-28 19:05:37,765 | 1199214 | INFO | queue[0021] trial 6 fold 2 physics
2026-03-28 19:05:37,766 | 1199214 | INFO | queue[0022] trial 6 fold 3 physics
2026-03-28 19:05:37,766 | 1199214 | INFO | queue[0023] trial 6 fold 4 physics
2026-03-28 19:05:37,766 | 1199214 | INFO | queue[0024] trial 7 fold 1 physics
2026-03-28 19:05:37,766 | 1199214 | INFO | queue[0025] trial 7 fold 2 physics
2026-03-28 19:05:37,766 | 1199214 | INFO | queue[0026] trial 7 fold 3 physics
2026-03-28 19:05:37,767 | 1199214 | INFO | queue[0027] trial 7 fold 4 physics
2026-03-28 19:05:37,767 | 1199214 | INFO | queue[0028] trial 8 fold 1 physics
2026-03-28 19:05:37,767 | 1199214 | INFO | queue[0029] trial 8 fold 2 physics
2026-03-28 19:05:37,767 | 1199214 | INFO | queue[0030] trial 8 fold 3 physics
2026-03-28 19:05:37,768 | 1199214 | INFO | queue[0031] trial 8 fold 4 physics
2026-03-28 19:05:37,768 | 1199214 | INFO | [END BAYES QUEUE]
2026-03-28 19:05:38,093 | 1199214 | INFO | [ENQUEUE TRIAL] trial 9 physics
2026-03-28 19:05:38,093 | 1199214 | INFO | [BAYES QUEUE STATE]
2026-03-28 19:05:38,094 | 1199214 | INFO | pending_jobs = 36
2026-03-28 19:05:38,094 | 1199214 | INFO | inflight_trials = [0, 1, 2, 3, 4, 5, 6, 7, 8]
2026-03-28 19:05:38,094 | 1199214 | INFO | queue[0000] trial 1 fold 1 physics
2026-03-28 19:05:38,095 | 1199214 | INFO | queue[0001] trial 1 fold 2 physics
2026-03-28 19:05:38,095 | 1199214 | INFO | queue[0002] trial 1 fold 3 physics
2026-03-28 19:05:38,095 | 1199214 | INFO | queue[0003] trial 1 fold 4 physics
2026-03-28 19:05:38,096 | 1199214 | INFO | queue[0004] trial 2 fold 1 physics
2026-03-28 19:05:38,096 | 1199214 | INFO | queue[0005] trial 2 fold 2 physics
2026-03-28 19:05:38,096 | 1199214 | INFO | queue[0006] trial 2 fold 3 physics
2026-03-28 19:05:38,096 | 1199214 | INFO | queue[0007] trial 2 fold 4 physics
2026-03-28 19:05:38,097 | 1199214 | INFO | queue[0008] trial 3 fold 1 physics
2026-03-28 19:05:38,097 | 1199214 | INFO | queue[0009] trial 3 fold 2 physics
2026-03-28 19:05:38,097 | 1199214 | INFO | queue[0010] trial 3 fold 3 physics
2026-03-28 19:05:38,098 | 1199214 | INFO | queue[0011] trial 3 fold 4 physics
2026-03-28 19:05:38,098 | 1199214 | INFO | queue[0012] trial 4 fold 1 physics
2026-03-28 19:05:38,098 | 1199214 | INFO | queue[0013] trial 4 fold 2 physics
2026-03-28 19:05:38,099 | 1199214 | INFO | queue[0014] trial 4 fold 3 physics
2026-03-28 19:05:38,099 | 1199214 | INFO | queue[0015] trial 4 fold 4 physics
2026-03-28 19:05:38,099 | 1199214 | INFO | queue[0016] trial 5 fold 1 physics
2026-03-28 19:05:38,099 | 1199214 | INFO | queue[0017] trial 5 fold 2 physics
2026-03-28 19:05:38,099 | 1199214 | INFO | queue[0018] trial 5 fold 3 physics
2026-03-28 19:05:38,100 | 1199214 | INFO | queue[0019] trial 5 fold 4 physics
2026-03-28 19:05:38,100 | 1199214 | INFO | queue[0020] trial 6 fold 1 physics
2026-03-28 19:05:38,100 | 1199214 | INFO | queue[0021] trial 6 fold 2 physics
2026-03-28 19:05:38,100 | 1199214 | INFO | queue[0022] trial 6 fold 3 physics
2026-03-28 19:05:38,100 | 1199214 | INFO | queue[0023] trial 6 fold 4 physics
2026-03-28 19:05:38,100 | 1199214 | INFO | queue[0024] trial 7 fold 1 physics
2026-03-28 19:05:38,101 | 1199214 | INFO | queue[0025] trial 7 fold 2 physics
2026-03-28 19:05:38,101 | 1199214 | INFO | queue[0026] trial 7 fold 3 physics
2026-03-28 19:05:38,101 | 1199214 | INFO | queue[0027] trial 7 fold 4 physics
2026-03-28 19:05:38,101 | 1199214 | INFO | queue[0028] trial 8 fold 1 physics
2026-03-28 19:05:38,101 | 1199214 | INFO | queue[0029] trial 8 fold 2 physics
2026-03-28 19:05:38,101 | 1199214 | INFO | queue[0030] trial 8 fold 3 physics
2026-03-28 19:05:38,101 | 1199214 | INFO | queue[0031] trial 8 fold 4 physics
2026-03-28 19:05:38,102 | 1199214 | INFO | queue[0032] trial 9 fold 1 physics
2026-03-28 19:05:38,102 | 1199214 | INFO | queue[0033] trial 9 fold 2 physics
2026-03-28 19:05:38,102 | 1199214 | INFO | queue[0034] trial 9 fold 3 physics
2026-03-28 19:05:38,102 | 1199214 | INFO | queue[0035] trial 9 fold 4 physics
2026-03-28 19:05:38,102 | 1199214 | INFO | [END BAYES QUEUE]
2026-03-28 19:05:38,433 | 1199214 | INFO | [ENQUEUE TRIAL] trial 10 physics
2026-03-28 19:05:38,433 | 1199214 | INFO | [BAYES QUEUE STATE]
2026-03-28 19:05:38,434 | 1199214 | INFO | pending_jobs = 40
2026-03-28 19:05:38,434 | 1199214 | INFO | inflight_trials = [0, 1, 2, 3, 4, 5, 6, 7, 8, 9]
2026-03-28 19:05:38,434 | 1199214 | INFO | queue[0000] trial 1 fold 1 physics
2026-03-28 19:05:38,435 | 1199214 | INFO | queue[0001] trial 1 fold 2 physics
2026-03-28 19:05:38,435 | 1199214 | INFO | queue[0002] trial 1 fold 3 physics
2026-03-28 19:05:38,435 | 1199214 | INFO | queue[0003] trial 1 fold 4 physics
2026-03-28 19:05:38,436 | 1199214 | INFO | queue[0004] trial 2 fold 1 physics
2026-03-28 19:05:38,436 | 1199214 | INFO | queue[0005] trial 2 fold 2 physics
2026-03-28 19:05:38,436 | 1199214 | INFO | queue[0006] trial 2 fold 3 physics
2026-03-28 19:05:38,436 | 1199214 | INFO | queue[0007] trial 2 fold 4 physics
2026-03-28 19:05:38,437 | 1199214 | INFO | queue[0008] trial 3 fold 1 physics
2026-03-28 19:05:38,437 | 1199214 | INFO | queue[0009] trial 3 fold 2 physics
2026-03-28 19:05:38,448 | 1199214 | INFO | queue[0010] trial 3 fold 3 physics
2026-03-28 19:05:38,457 | 1199214 | INFO | queue[0011] trial 3 fold 4 physics
2026-03-28 19:05:38,457 | 1199214 | INFO | queue[0012] trial 4 fold 1 physics
2026-03-28 19:05:38,458 | 1199214 | INFO | queue[0013] trial 4 fold 2 physics
2026-03-28 19:05:38,458 | 1199214 | INFO | queue[0014] trial 4 fold 3 physics
2026-03-28 19:05:38,458 | 1199214 | INFO | queue[0015] trial 4 fold 4 physics
2026-03-28 19:05:38,459 | 1199214 | INFO | queue[0016] trial 5 fold 1 physics
2026-03-28 19:05:38,459 | 1199214 | INFO | queue[0017] trial 5 fold 2 physics
2026-03-28 19:05:38,459 | 1199214 | INFO | queue[0018] trial 5 fold 3 physics
2026-03-28 19:05:38,460 | 1199214 | INFO | queue[0019] trial 5 fold 4 physics
2026-03-28 19:05:38,460 | 1199214 | INFO | queue[0020] trial 6 fold 1 physics
2026-03-28 19:05:38,460 | 1199214 | INFO | queue[0021] trial 6 fold 2 physics
2026-03-28 19:05:38,460 | 1199214 | INFO | queue[0022] trial 6 fold 3 physics
2026-03-28 19:05:38,461 | 1199214 | INFO | queue[0023] trial 6 fold 4 physics
2026-03-28 19:05:38,461 | 1199214 | INFO | queue[0024] trial 7 fold 1 physics
2026-03-28 19:05:38,461 | 1199214 | INFO | queue[0025] trial 7 fold 2 physics
2026-03-28 19:05:38,462 | 1199214 | INFO | queue[0026] trial 7 fold 3 physics
2026-03-28 19:05:38,462 | 1199214 | INFO | queue[0027] trial 7 fold 4 physics
2026-03-28 19:05:38,462 | 1199214 | INFO | queue[0028] trial 8 fold 1 physics
2026-03-28 19:05:38,463 | 1199214 | INFO | queue[0029] trial 8 fold 2 physics
2026-03-28 19:05:38,463 | 1199214 | INFO | queue[0030] trial 8 fold 3 physics
2026-03-28 19:05:38,463 | 1199214 | INFO | queue[0031] trial 8 fold 4 physics
2026-03-28 19:05:38,463 | 1199214 | INFO | queue[0032] trial 9 fold 1 physics
2026-03-28 19:05:38,463 | 1199214 | INFO | queue[0033] trial 9 fold 2 physics
2026-03-28 19:05:38,464 | 1199214 | INFO | queue[0034] trial 9 fold 3 physics
2026-03-28 19:05:38,464 | 1199214 | INFO | queue[0035] trial 9 fold 4 physics
2026-03-28 19:05:38,464 | 1199214 | INFO | queue[0036] trial 10 fold 1 physics
2026-03-28 19:05:38,464 | 1199214 | INFO | queue[0037] trial 10 fold 2 physics
2026-03-28 19:05:38,464 | 1199214 | INFO | queue[0038] trial 10 fold 3 physics
2026-03-28 19:05:38,464 | 1199214 | INFO | queue[0039] trial 10 fold 4 physics
2026-03-28 19:05:38,465 | 1199214 | INFO | [END BAYES QUEUE]
2026-03-28 19:05:38,809 | 1199214 | INFO | [ENQUEUE TRIAL] trial 11 physics
2026-03-28 19:05:38,810 | 1199214 | INFO | [BAYES QUEUE STATE]
2026-03-28 19:05:38,810 | 1199214 | INFO | pending_jobs = 44
2026-03-28 19:05:38,810 | 1199214 | INFO | inflight_trials = [0, 1, 2, 3, 4, 5, 6, 7, 8, 9, 10]
2026-03-28 19:05:38,811 | 1199214 | INFO | queue[0000] trial 1 fold 1 physics
2026-03-28 19:05:38,811 | 1199214 | INFO | queue[0001] trial 1 fold 2 physics
2026-03-28 19:05:38,811 | 1199214 | INFO | queue[0002] trial 1 fold 3 physics
2026-03-28 19:05:38,812 | 1199214 | INFO | queue[0003] trial 1 fold 4 physics
2026-03-28 19:05:38,812 | 1199214 | INFO | queue[0004] trial 2 fold 1 physics
2026-03-28 19:05:38,812 | 1199214 | INFO | queue[0005] trial 2 fold 2 physics
2026-03-28 19:05:38,813 | 1199214 | INFO | queue[0006] trial 2 fold 3 physics
2026-03-28 19:05:38,813 | 1199214 | INFO | queue[0007] trial 2 fold 4 physics
2026-03-28 19:05:38,813 | 1199214 | INFO | queue[0008] trial 3 fold 1 physics
2026-03-28 19:05:38,813 | 1199214 | INFO | queue[0009] trial 3 fold 2 physics
2026-03-28 19:05:38,814 | 1199214 | INFO | queue[0010] trial 3 fold 3 physics
2026-03-28 19:05:38,814 | 1199214 | INFO | queue[0011] trial 3 fold 4 physics
2026-03-28 19:05:38,814 | 1199214 | INFO | queue[0012] trial 4 fold 1 physics
2026-03-28 19:05:38,815 | 1199214 | INFO | queue[0013] trial 4 fold 2 physics
2026-03-28 19:05:38,815 | 1199214 | INFO | queue[0014] trial 4 fold 3 physics
2026-03-28 19:05:38,815 | 1199214 | INFO | queue[0015] trial 4 fold 4 physics
2026-03-28 19:05:38,816 | 1199214 | INFO | queue[0016] trial 5 fold 1 physics
2026-03-28 19:05:38,816 | 1199214 | INFO | queue[0017] trial 5 fold 2 physics
2026-03-28 19:05:38,816 | 1199214 | INFO | queue[0018] trial 5 fold 3 physics
2026-03-28 19:05:38,817 | 1199214 | INFO | queue[0019] trial 5 fold 4 physics
2026-03-28 19:05:38,817 | 1199214 | INFO | queue[0020] trial 6 fold 1 physics
2026-03-28 19:05:38,817 | 1199214 | INFO | queue[0021] trial 6 fold 2 physics
2026-03-28 19:05:38,817 | 1199214 | INFO | queue[0022] trial 6 fold 3 physics
2026-03-28 19:05:38,818 | 1199214 | INFO | queue[0023] trial 6 fold 4 physics
2026-03-28 19:05:38,818 | 1199214 | INFO | queue[0024] trial 7 fold 1 physics
2026-03-28 19:05:38,818 | 1199214 | INFO | queue[0025] trial 7 fold 2 physics
2026-03-28 19:05:38,818 | 1199214 | INFO | queue[0026] trial 7 fold 3 physics
2026-03-28 19:05:38,819 | 1199214 | INFO | queue[0027] trial 7 fold 4 physics
2026-03-28 19:05:38,819 | 1199214 | INFO | queue[0028] trial 8 fold 1 physics
2026-03-28 19:05:38,819 | 1199214 | INFO | queue[0029] trial 8 fold 2 physics
2026-03-28 19:05:38,819 | 1199214 | INFO | queue[0030] trial 8 fold 3 physics
2026-03-28 19:05:38,819 | 1199214 | INFO | queue[0031] trial 8 fold 4 physics
2026-03-28 19:05:38,819 | 1199214 | INFO | queue[0032] trial 9 fold 1 physics
2026-03-28 19:05:38,819 | 1199214 | INFO | queue[0033] trial 9 fold 2 physics
2026-03-28 19:05:38,819 | 1199214 | INFO | queue[0034] trial 9 fold 3 physics
2026-03-28 19:05:38,820 | 1199214 | INFO | queue[0035] trial 9 fold 4 physics
2026-03-28 19:05:38,820 | 1199214 | INFO | queue[0036] trial 10 fold 1 physics
2026-03-28 19:05:38,820 | 1199214 | INFO | queue[0037] trial 10 fold 2 physics
2026-03-28 19:05:38,820 | 1199214 | INFO | queue[0038] trial 10 fold 3 physics
2026-03-28 19:05:38,820 | 1199214 | INFO | queue[0039] trial 10 fold 4 physics
2026-03-28 19:05:38,820 | 1199214 | INFO | queue[0040] trial 11 fold 1 physics
2026-03-28 19:05:38,820 | 1199214 | INFO | queue[0041] trial 11 fold 2 physics
2026-03-28 19:05:38,820 | 1199214 | INFO | queue[0042] trial 11 fold 3 physics
2026-03-28 19:05:38,821 | 1199214 | INFO | queue[0043] trial 11 fold 4 physics
2026-03-28 19:05:38,821 | 1199214 | INFO | [END BAYES QUEUE]
2026-03-28 19:05:39,224 | 1199214 | INFO | [ENQUEUE TRIAL] trial 12 physics
2026-03-28 19:05:39,224 | 1199214 | INFO | [BAYES QUEUE STATE]
2026-03-28 19:05:39,224 | 1199214 | INFO | pending_jobs = 48
2026-03-28 19:05:39,225 | 1199214 | INFO | inflight_trials = [0, 1, 2, 3, 4, 5, 6, 7, 8, 9, 10, 11]
2026-03-28 19:05:39,225 | 1199214 | INFO | queue[0000] trial 1 fold 1 physics
2026-03-28 19:05:39,225 | 1199214 | INFO | queue[0001] trial 1 fold 2 physics
2026-03-28 19:05:39,226 | 1199214 | INFO | queue[0002] trial 1 fold 3 physics
2026-03-28 19:05:39,226 | 1199214 | INFO | queue[0003] trial 1 fold 4 physics
2026-03-28 19:05:39,226 | 1199214 | INFO | queue[0004] trial 2 fold 1 physics
2026-03-28 19:05:39,227 | 1199214 | INFO | queue[0005] trial 2 fold 2 physics
2026-03-28 19:05:39,227 | 1199214 | INFO | queue[0006] trial 2 fold 3 physics
2026-03-28 19:05:39,227 | 1199214 | INFO | queue[0007] trial 2 fold 4 physics
2026-03-28 19:05:39,228 | 1199214 | INFO | queue[0008] trial 3 fold 1 physics
2026-03-28 19:05:39,228 | 1199214 | INFO | queue[0009] trial 3 fold 2 physics
2026-03-28 19:05:39,228 | 1199214 | INFO | queue[0010] trial 3 fold 3 physics
2026-03-28 19:05:39,229 | 1199214 | INFO | queue[0011] trial 3 fold 4 physics
2026-03-28 19:05:39,229 | 1199214 | INFO | queue[0012] trial 4 fold 1 physics
2026-03-28 19:05:39,229 | 1199214 | INFO | queue[0013] trial 4 fold 2 physics
2026-03-28 19:05:39,229 | 1199214 | INFO | queue[0014] trial 4 fold 3 physics
2026-03-28 19:05:39,229 | 1199214 | INFO | queue[0015] trial 4 fold 4 physics
2026-03-28 19:05:39,230 | 1199214 | INFO | queue[0016] trial 5 fold 1 physics
2026-03-28 19:05:39,230 | 1199214 | INFO | queue[0017] trial 5 fold 2 physics
2026-03-28 19:05:39,230 | 1199214 | INFO | queue[0018] trial 5 fold 3 physics
2026-03-28 19:05:39,230 | 1199214 | INFO | queue[0019] trial 5 fold 4 physics
2026-03-28 19:05:39,230 | 1199214 | INFO | queue[0020] trial 6 fold 1 physics
2026-03-28 19:05:39,231 | 1199214 | INFO | queue[0021] trial 6 fold 2 physics
2026-03-28 19:05:39,231 | 1199214 | INFO | queue[0022] trial 6 fold 3 physics
2026-03-28 19:05:39,231 | 1199214 | INFO | queue[0023] trial 6 fold 4 physics
2026-03-28 19:05:39,231 | 1199214 | INFO | queue[0024] trial 7 fold 1 physics
2026-03-28 19:05:39,231 | 1199214 | INFO | queue[0025] trial 7 fold 2 physics
2026-03-28 19:05:39,231 | 1199214 | INFO | queue[0026] trial 7 fold 3 physics
2026-03-28 19:05:39,232 | 1199214 | INFO | queue[0027] trial 7 fold 4 physics
2026-03-28 19:05:39,232 | 1199214 | INFO | queue[0028] trial 8 fold 1 physics
2026-03-28 19:05:39,232 | 1199214 | INFO | queue[0029] trial 8 fold 2 physics
2026-03-28 19:05:39,232 | 1199214 | INFO | queue[0030] trial 8 fold 3 physics
2026-03-28 19:05:39,232 | 1199214 | INFO | queue[0031] trial 8 fold 4 physics
2026-03-28 19:05:39,232 | 1199214 | INFO | queue[0032] trial 9 fold 1 physics
2026-03-28 19:05:39,233 | 1199214 | INFO | queue[0033] trial 9 fold 2 physics
2026-03-28 19:05:39,233 | 1199214 | INFO | queue[0034] trial 9 fold 3 physics
2026-03-28 19:05:39,233 | 1199214 | INFO | queue[0035] trial 9 fold 4 physics
2026-03-28 19:05:39,233 | 1199214 | INFO | queue[0036] trial 10 fold 1 physics
2026-03-28 19:05:39,233 | 1199214 | INFO | queue[0037] trial 10 fold 2 physics
2026-03-28 19:05:39,234 | 1199214 | INFO | queue[0038] trial 10 fold 3 physics
2026-03-28 19:05:39,234 | 1199214 | INFO | queue[0039] trial 10 fold 4 physics
2026-03-28 19:05:39,234 | 1199214 | INFO | queue[0040] trial 11 fold 1 physics
2026-03-28 19:05:39,234 | 1199214 | INFO | queue[0041] trial 11 fold 2 physics
2026-03-28 19:05:39,234 | 1199214 | INFO | queue[0042] trial 11 fold 3 physics
2026-03-28 19:05:39,234 | 1199214 | INFO | queue[0043] trial 11 fold 4 physics
2026-03-28 19:05:39,235 | 1199214 | INFO | queue[0044] trial 12 fold 1 physics
2026-03-28 19:05:39,235 | 1199214 | INFO | queue[0045] trial 12 fold 2 physics
2026-03-28 19:05:39,235 | 1199214 | INFO | queue[0046] trial 12 fold 3 physics
2026-03-28 19:05:39,235 | 1199214 | INFO | queue[0047] trial 12 fold 4 physics
2026-03-28 19:05:39,235 | 1199214 | INFO | [END BAYES QUEUE]
2026-03-28 19:05:39,604 | 1199214 | INFO | [ENQUEUE TRIAL] trial 13 physics
2026-03-28 19:05:39,615 | 1199214 | INFO | [BAYES QUEUE STATE]
2026-03-28 19:05:39,616 | 1199214 | INFO | pending_jobs = 52
2026-03-28 19:05:39,616 | 1199214 | INFO | inflight_trials = [0, 1, 2, 3, 4, 5, 6, 7, 8, 9, 10, 11, 12]
2026-03-28 19:05:39,616 | 1199214 | INFO | queue[0000] trial 1 fold 1 physics
2026-03-28 19:05:39,617 | 1199214 | INFO | queue[0001] trial 1 fold 2 physics
2026-03-28 19:05:39,617 | 1199214 | INFO | queue[0002] trial 1 fold 3 physics
2026-03-28 19:05:39,617 | 1199214 | INFO | queue[0003] trial 1 fold 4 physics
2026-03-28 19:05:39,618 | 1199214 | INFO | queue[0004] trial 2 fold 1 physics
2026-03-28 19:05:39,618 | 1199214 | INFO | queue[0005] trial 2 fold 2 physics
2026-03-28 19:05:39,618 | 1199214 | INFO | queue[0006] trial 2 fold 3 physics
2026-03-28 19:05:39,619 | 1199214 | INFO | queue[0007] trial 2 fold 4 physics
2026-03-28 19:05:39,619 | 1199214 | INFO | queue[0008] trial 3 fold 1 physics
2026-03-28 19:05:39,619 | 1199214 | INFO | queue[0009] trial 3 fold 2 physics
2026-03-28 19:05:39,620 | 1199214 | INFO | queue[0010] trial 3 fold 3 physics
2026-03-28 19:05:39,620 | 1199214 | INFO | queue[0011] trial 3 fold 4 physics
2026-03-28 19:05:39,620 | 1199214 | INFO | queue[0012] trial 4 fold 1 physics
2026-03-28 19:05:39,620 | 1199214 | INFO | queue[0013] trial 4 fold 2 physics
2026-03-28 19:05:39,620 | 1199214 | INFO | queue[0014] trial 4 fold 3 physics
2026-03-28 19:05:39,621 | 1199214 | INFO | queue[0015] trial 4 fold 4 physics
2026-03-28 19:05:39,621 | 1199214 | INFO | queue[0016] trial 5 fold 1 physics
2026-03-28 19:05:39,621 | 1199214 | INFO | queue[0017] trial 5 fold 2 physics
2026-03-28 19:05:39,621 | 1199214 | INFO | queue[0018] trial 5 fold 3 physics
2026-03-28 19:05:39,621 | 1199214 | INFO | queue[0019] trial 5 fold 4 physics
2026-03-28 19:05:39,621 | 1199214 | INFO | queue[0020] trial 6 fold 1 physics
2026-03-28 19:05:39,622 | 1199214 | INFO | queue[0021] trial 6 fold 2 physics
2026-03-28 19:05:39,622 | 1199214 | INFO | queue[0022] trial 6 fold 3 physics
2026-03-28 19:05:39,622 | 1199214 | INFO | queue[0023] trial 6 fold 4 physics
2026-03-28 19:05:39,622 | 1199214 | INFO | queue[0024] trial 7 fold 1 physics
2026-03-28 19:05:39,622 | 1199214 | INFO | queue[0025] trial 7 fold 2 physics
2026-03-28 19:05:39,623 | 1199214 | INFO | queue[0026] trial 7 fold 3 physics
2026-03-28 19:05:39,623 | 1199214 | INFO | queue[0027] trial 7 fold 4 physics
2026-03-28 19:05:39,623 | 1199214 | INFO | queue[0028] trial 8 fold 1 physics
2026-03-28 19:05:39,623 | 1199214 | INFO | queue[0029] trial 8 fold 2 physics
2026-03-28 19:05:39,623 | 1199214 | INFO | queue[0030] trial 8 fold 3 physics
2026-03-28 19:05:39,624 | 1199214 | INFO | queue[0031] trial 8 fold 4 physics
2026-03-28 19:05:39,624 | 1199214 | INFO | queue[0032] trial 9 fold 1 physics
2026-03-28 19:05:39,624 | 1199214 | INFO | queue[0033] trial 9 fold 2 physics
2026-03-28 19:05:39,624 | 1199214 | INFO | queue[0034] trial 9 fold 3 physics
2026-03-28 19:05:39,624 | 1199214 | INFO | queue[0035] trial 9 fold 4 physics
2026-03-28 19:05:39,624 | 1199214 | INFO | queue[0036] trial 10 fold 1 physics
2026-03-28 19:05:39,625 | 1199214 | INFO | queue[0037] trial 10 fold 2 physics
2026-03-28 19:05:39,625 | 1199214 | INFO | queue[0038] trial 10 fold 3 physics
2026-03-28 19:05:39,625 | 1199214 | INFO | queue[0039] trial 10 fold 4 physics
2026-03-28 19:05:39,625 | 1199214 | INFO | queue[0040] trial 11 fold 1 physics
2026-03-28 19:05:39,625 | 1199214 | INFO | queue[0041] trial 11 fold 2 physics
2026-03-28 19:05:39,626 | 1199214 | INFO | queue[0042] trial 11 fold 3 physics
2026-03-28 19:05:39,626 | 1199214 | INFO | queue[0043] trial 11 fold 4 physics
2026-03-28 19:05:39,626 | 1199214 | INFO | queue[0044] trial 12 fold 1 physics
2026-03-28 19:05:39,626 | 1199214 | INFO | queue[0045] trial 12 fold 2 physics
2026-03-28 19:05:39,626 | 1199214 | INFO | queue[0046] trial 12 fold 3 physics
2026-03-28 19:05:39,626 | 1199214 | INFO | queue[0047] trial 12 fold 4 physics
2026-03-28 19:05:39,627 | 1199214 | INFO | queue[0048] trial 13 fold 1 physics
2026-03-28 19:05:39,627 | 1199214 | INFO | queue[0049] trial 13 fold 2 physics
2026-03-28 19:05:39,627 | 1199214 | INFO | queue[0050] trial 13 fold 3 physics
2026-03-28 19:05:39,627 | 1199214 | INFO | queue[0051] trial 13 fold 4 physics
2026-03-28 19:05:39,627 | 1199214 | INFO | [END BAYES QUEUE]
2026-03-28 19:13:02,416 | 1199214 | INFO | [RESUME] starting from trial 0
2026-03-28 19:13:08,848 | 1199214 | INFO | [RESUME] starting from trial 0
2026-03-28 19:13:25,908 | 1199214 | INFO | [RESUME] starting from trial 0
2026-03-28 19:14:31,678 | 1199214 | INFO | [RESUME] starting from trial 0
2026-03-28 19:14:56,053 | 1199214 | INFO | [RESUME] starting from trial 0
2026-03-28 19:15:21,236 | 1199214 | INFO | [RESUME] starting from trial 0
2026-03-28 19:15:40,100 | 1199214 | INFO | [RESUME] starting from trial 0
2026-03-28 19:17:05,012 | 1199214 | INFO | [RESUME] starting from trial 0
2026-03-28 19:17:22,582 | 1199214 | INFO | [RESUME] starting from trial 0
2026-03-28 19:17:37,744 | 1199214 | INFO | [RESUME] starting from trial 0
2026-03-28 19:17:56,719 | 1199214 | INFO | [RESUME] starting from trial 0
2026-03-28 19:18:18,604 | 1199214 | INFO | [RESUME] starting from trial 0
2026-03-28 19:18:29,882 | 1199214 | INFO | [TRIAL COMPLETE] trial 3 physics NSE_1D=0.89676 NSE_1H=0.87654
2026-03-28 19:18:30,235 | 1199214 | INFO | [ENQUEUE TRIAL] trial 14 physics
2026-03-28 19:18:30,235 | 1199214 | INFO | [BAYES QUEUE STATE]
2026-03-28 19:18:30,236 | 1199214 | INFO | pending_jobs = 4
2026-03-28 19:18:30,236 | 1199214 | INFO | inflight_trials = [0, 1, 3, 4, 5, 6, 7, 8, 9, 10, 11, 12, 13]
2026-03-28 19:18:30,236 | 1199214 | INFO | queue[0000] trial 14 fold 1 physics
2026-03-28 19:18:30,237 | 1199214 | INFO | queue[0001] trial 14 fold 2 physics
2026-03-28 19:18:30,237 | 1199214 | INFO | queue[0002] trial 14 fold 3 physics
2026-03-28 19:18:30,237 | 1199214 | INFO | queue[0003] trial 14 fold 4 physics
2026-03-28 19:18:30,238 | 1199214 | INFO | [END BAYES QUEUE]
2026-03-28 19:18:30,606 | 1199214 | INFO | [ENQUEUE TRIAL] trial 15 physics
2026-03-28 19:18:30,607 | 1199214 | INFO | [BAYES QUEUE STATE]
2026-03-28 19:18:30,607 | 1199214 | INFO | pending_jobs = 8
2026-03-28 19:18:30,608 | 1199214 | INFO | inflight_trials = [0, 1, 3, 4, 5, 6, 7, 8, 9, 10, 11, 12, 13, 14]
2026-03-28 19:18:30,608 | 1199214 | INFO | queue[0000] trial 14 fold 1 physics
2026-03-28 19:18:30,608 | 1199214 | INFO | queue[0001] trial 14 fold 2 physics
2026-03-28 19:18:30,609 | 1199214 | INFO | queue[0002] trial 14 fold 3 physics
2026-03-28 19:18:30,609 | 1199214 | INFO | queue[0003] trial 14 fold 4 physics
2026-03-28 19:18:30,609 | 1199214 | INFO | queue[0004] trial 15 fold 1 physics
2026-03-28 19:18:30,609 | 1199214 | INFO | queue[0005] trial 15 fold 2 physics
2026-03-28 19:18:30,610 | 1199214 | INFO | queue[0006] trial 15 fold 3 physics
2026-03-28 19:18:30,610 | 1199214 | INFO | queue[0007] trial 15 fold 4 physics
2026-03-28 19:18:30,610 | 1199214 | INFO | [END BAYES QUEUE]
2026-03-28 19:18:30,913 | 1199214 | INFO | [ENQUEUE TRIAL] trial 16 physics
2026-03-28 19:18:30,913 | 1199214 | INFO | [BAYES QUEUE STATE]
2026-03-28 19:18:30,914 | 1199214 | INFO | pending_jobs = 12
2026-03-28 19:18:30,914 | 1199214 | INFO | inflight_trials = [0, 1, 3, 4, 5, 6, 7, 8, 9, 10, 11, 12, 13, 14, 15]
2026-03-28 19:18:30,914 | 1199214 | INFO | queue[0000] trial 14 fold 1 physics
2026-03-28 19:18:30,915 | 1199214 | INFO | queue[0001] trial 14 fold 2 physics
2026-03-28 19:18:30,915 | 1199214 | INFO | queue[0002] trial 14 fold 3 physics
2026-03-28 19:18:30,915 | 1199214 | INFO | queue[0003] trial 14 fold 4 physics
2026-03-28 19:18:30,916 | 1199214 | INFO | queue[0004] trial 15 fold 1 physics
2026-03-28 19:18:30,916 | 1199214 | INFO | queue[0005] trial 15 fold 2 physics
2026-03-28 19:18:30,916 | 1199214 | INFO | queue[0006] trial 15 fold 3 physics
2026-03-28 19:18:30,917 | 1199214 | INFO | queue[0007] trial 15 fold 4 physics
2026-03-28 19:18:30,917 | 1199214 | INFO | queue[0008] trial 16 fold 1 physics
2026-03-28 19:18:30,917 | 1199214 | INFO | queue[0009] trial 16 fold 2 physics
2026-03-28 19:18:30,917 | 1199214 | INFO | queue[0010] trial 16 fold 3 physics
2026-03-28 19:18:30,918 | 1199214 | INFO | queue[0011] trial 16 fold 4 physics
2026-03-28 19:18:30,918 | 1199214 | INFO | [END BAYES QUEUE]
2026-03-28 19:18:31,218 | 1199214 | INFO | [ENQUEUE TRIAL] trial 17 physics
2026-03-28 19:18:31,219 | 1199214 | INFO | [BAYES QUEUE STATE]
2026-03-28 19:18:31,219 | 1199214 | INFO | pending_jobs = 16
2026-03-28 19:18:31,219 | 1199214 | INFO | inflight_trials = [0, 1, 3, 4, 5, 6, 7, 8, 9, 10, 11, 12, 13, 14, 15, 16]
2026-03-28 19:18:31,220 | 1199214 | INFO | queue[0000] trial 14 fold 1 physics
2026-03-28 19:18:31,220 | 1199214 | INFO | queue[0001] trial 14 fold 2 physics
2026-03-28 19:18:31,220 | 1199214 | INFO | queue[0002] trial 14 fold 3 physics
2026-03-28 19:18:31,221 | 1199214 | INFO | queue[0003] trial 14 fold 4 physics
2026-03-28 19:18:31,221 | 1199214 | INFO | queue[0004] trial 15 fold 1 physics
2026-03-28 19:18:31,221 | 1199214 | INFO | queue[0005] trial 15 fold 2 physics
2026-03-28 19:18:31,222 | 1199214 | INFO | queue[0006] trial 15 fold 3 physics
2026-03-28 19:18:31,222 | 1199214 | INFO | queue[0007] trial 15 fold 4 physics
2026-03-28 19:18:31,222 | 1199214 | INFO | queue[0008] trial 16 fold 1 physics
2026-03-28 19:18:31,223 | 1199214 | INFO | queue[0009] trial 16 fold 2 physics
2026-03-28 19:18:31,223 | 1199214 | INFO | queue[0010] trial 16 fold 3 physics
2026-03-28 19:18:31,223 | 1199214 | INFO | queue[0011] trial 16 fold 4 physics
2026-03-28 19:18:31,223 | 1199214 | INFO | queue[0012] trial 17 fold 1 physics
2026-03-28 19:18:31,224 | 1199214 | INFO | queue[0013] trial 17 fold 2 physics
2026-03-28 19:18:31,224 | 1199214 | INFO | queue[0014] trial 17 fold 3 physics
2026-03-28 19:18:31,224 | 1199214 | INFO | queue[0015] trial 17 fold 4 physics
2026-03-28 19:18:31,225 | 1199214 | INFO | [END BAYES QUEUE]
2026-03-28 19:18:31,566 | 1199214 | INFO | [ENQUEUE TRIAL] trial 18 physics
2026-03-28 19:18:31,567 | 1199214 | INFO | [BAYES QUEUE STATE]
2026-03-28 19:18:31,567 | 1199214 | INFO | pending_jobs = 20
2026-03-28 19:18:31,567 | 1199214 | INFO | inflight_trials = [0, 1, 3, 4, 5, 6, 7, 8, 9, 10, 11, 12, 13, 14, 15, 16, 17]
2026-03-28 19:18:31,568 | 1199214 | INFO | queue[0000] trial 14 fold 1 physics
2026-03-28 19:18:31,568 | 1199214 | INFO | queue[0001] trial 14 fold 2 physics
2026-03-28 19:18:31,568 | 1199214 | INFO | queue[0002] trial 14 fold 3 physics
2026-03-28 19:18:31,569 | 1199214 | INFO | queue[0003] trial 14 fold 4 physics
2026-03-28 19:18:31,569 | 1199214 | INFO | queue[0004] trial 15 fold 1 physics
2026-03-28 19:18:31,569 | 1199214 | INFO | queue[0005] trial 15 fold 2 physics
2026-03-28 19:18:31,569 | 1199214 | INFO | queue[0006] trial 15 fold 3 physics
2026-03-28 19:18:31,570 | 1199214 | INFO | queue[0007] trial 15 fold 4 physics
2026-03-28 19:18:31,570 | 1199214 | INFO | queue[0008] trial 16 fold 1 physics
2026-03-28 19:18:31,570 | 1199214 | INFO | queue[0009] trial 16 fold 2 physics
2026-03-28 19:18:31,571 | 1199214 | INFO | queue[0010] trial 16 fold 3 physics
2026-03-28 19:18:31,571 | 1199214 | INFO | queue[0011] trial 16 fold 4 physics
2026-03-28 19:18:31,571 | 1199214 | INFO | queue[0012] trial 17 fold 1 physics
2026-03-28 19:18:31,571 | 1199214 | INFO | queue[0013] trial 17 fold 2 physics
2026-03-28 19:18:31,572 | 1199214 | INFO | queue[0014] trial 17 fold 3 physics
2026-03-28 19:18:31,572 | 1199214 | INFO | queue[0015] trial 17 fold 4 physics
2026-03-28 19:18:31,572 | 1199214 | INFO | queue[0016] trial 18 fold 1 physics
2026-03-28 19:18:31,572 | 1199214 | INFO | queue[0017] trial 18 fold 2 physics
2026-03-28 19:18:31,573 | 1199214 | INFO | queue[0018] trial 18 fold 3 physics
2026-03-28 19:18:31,573 | 1199214 | INFO | queue[0019] trial 18 fold 4 physics
2026-03-28 19:18:31,573 | 1199214 | INFO | [END BAYES QUEUE]
2026-03-28 19:18:31,910 | 1199214 | INFO | [ENQUEUE TRIAL] trial 19 physics
2026-03-28 19:18:31,913 | 1199214 | INFO | [BAYES QUEUE STATE]
2026-03-28 19:18:31,914 | 1199214 | INFO | pending_jobs = 24
2026-03-28 19:18:31,914 | 1199214 | INFO | inflight_trials = [0, 1, 3, 4, 5, 6, 7, 8, 9, 10, 11, 12, 13, 14, 15, 16, 17, 18]
2026-03-28 19:18:31,914 | 1199214 | INFO | queue[0000] trial 14 fold 1 physics
2026-03-28 19:18:31,915 | 1199214 | INFO | queue[0001] trial 14 fold 2 physics
2026-03-28 19:18:31,915 | 1199214 | INFO | queue[0002] trial 14 fold 3 physics
2026-03-28 19:18:31,915 | 1199214 | INFO | queue[0003] trial 14 fold 4 physics
2026-03-28 19:18:31,916 | 1199214 | INFO | queue[0004] trial 15 fold 1 physics
2026-03-28 19:18:31,916 | 1199214 | INFO | queue[0005] trial 15 fold 2 physics
2026-03-28 19:18:31,916 | 1199214 | INFO | queue[0006] trial 15 fold 3 physics
2026-03-28 19:18:31,917 | 1199214 | INFO | queue[0007] trial 15 fold 4 physics
2026-03-28 19:18:31,917 | 1199214 | INFO | queue[0008] trial 16 fold 1 physics
2026-03-28 19:18:31,917 | 1199214 | INFO | queue[0009] trial 16 fold 2 physics
2026-03-28 19:18:31,918 | 1199214 | INFO | queue[0010] trial 16 fold 3 physics
2026-03-28 19:18:31,918 | 1199214 | INFO | queue[0011] trial 16 fold 4 physics
2026-03-28 19:18:31,918 | 1199214 | INFO | queue[0012] trial 17 fold 1 physics
2026-03-28 19:18:31,919 | 1199214 | INFO | queue[0013] trial 17 fold 2 physics
2026-03-28 19:18:31,919 | 1199214 | INFO | queue[0014] trial 17 fold 3 physics
2026-03-28 19:18:31,919 | 1199214 | INFO | queue[0015] trial 17 fold 4 physics
2026-03-28 19:18:31,919 | 1199214 | INFO | queue[0016] trial 18 fold 1 physics
2026-03-28 19:18:31,919 | 1199214 | INFO | queue[0017] trial 18 fold 2 physics
2026-03-28 19:18:31,920 | 1199214 | INFO | queue[0018] trial 18 fold 3 physics
2026-03-28 19:18:31,920 | 1199214 | INFO | queue[0019] trial 18 fold 4 physics
2026-03-28 19:18:31,920 | 1199214 | INFO | queue[0020] trial 19 fold 1 physics
2026-03-28 19:18:31,920 | 1199214 | INFO | queue[0021] trial 19 fold 2 physics
2026-03-28 19:18:31,920 | 1199214 | INFO | queue[0022] trial 19 fold 3 physics
2026-03-28 19:18:31,921 | 1199214 | INFO | queue[0023] trial 19 fold 4 physics
2026-03-28 19:18:31,921 | 1199214 | INFO | [END BAYES QUEUE]
2026-03-28 19:18:32,238 | 1199214 | INFO | [ENQUEUE TRIAL] trial 20 physics
2026-03-28 19:18:32,238 | 1199214 | INFO | [BAYES QUEUE STATE]
2026-03-28 19:18:32,239 | 1199214 | INFO | pending_jobs = 28
2026-03-28 19:18:32,239 | 1199214 | INFO | inflight_trials = [0, 1, 3, 4, 5, 6, 7, 8, 9, 10, 11, 12, 13, 14, 15, 16, 17, 18, 19]
2026-03-28 19:18:32,239 | 1199214 | INFO | queue[0000] trial 14 fold 1 physics
2026-03-28 19:18:32,240 | 1199214 | INFO | queue[0001] trial 14 fold 2 physics
2026-03-28 19:18:32,240 | 1199214 | INFO | queue[0002] trial 14 fold 3 physics
2026-03-28 19:18:32,241 | 1199214 | INFO | queue[0003] trial 14 fold 4 physics
2026-03-28 19:18:32,241 | 1199214 | INFO | queue[0004] trial 15 fold 1 physics
2026-03-28 19:18:32,241 | 1199214 | INFO | queue[0005] trial 15 fold 2 physics
2026-03-28 19:18:32,242 | 1199214 | INFO | queue[0006] trial 15 fold 3 physics
2026-03-28 19:18:32,242 | 1199214 | INFO | queue[0007] trial 15 fold 4 physics
2026-03-28 19:18:32,242 | 1199214 | INFO | queue[0008] trial 16 fold 1 physics
2026-03-28 19:18:32,243 | 1199214 | INFO | queue[0009] trial 16 fold 2 physics
2026-03-28 19:18:32,243 | 1199214 | INFO | queue[0010] trial 16 fold 3 physics
2026-03-28 19:18:32,243 | 1199214 | INFO | queue[0011] trial 16 fold 4 physics
2026-03-28 19:18:32,244 | 1199214 | INFO | queue[0012] trial 17 fold 1 physics
2026-03-28 19:18:32,244 | 1199214 | INFO | queue[0013] trial 17 fold 2 physics
2026-03-28 19:18:32,244 | 1199214 | INFO | queue[0014] trial 17 fold 3 physics
2026-03-28 19:18:32,245 | 1199214 | INFO | queue[0015] trial 17 fold 4 physics
2026-03-28 19:18:32,245 | 1199214 | INFO | queue[0016] trial 18 fold 1 physics
2026-03-28 19:18:32,245 | 1199214 | INFO | queue[0017] trial 18 fold 2 physics
2026-03-28 19:18:32,245 | 1199214 | INFO | queue[0018] trial 18 fold 3 physics
2026-03-28 19:18:32,246 | 1199214 | INFO | queue[0019] trial 18 fold 4 physics
2026-03-28 19:18:32,246 | 1199214 | INFO | queue[0020] trial 19 fold 1 physics
2026-03-28 19:18:32,246 | 1199214 | INFO | queue[0021] trial 19 fold 2 physics
2026-03-28 19:18:32,246 | 1199214 | INFO | queue[0022] trial 19 fold 3 physics
2026-03-28 19:18:32,246 | 1199214 | INFO | queue[0023] trial 19 fold 4 physics
2026-03-28 19:18:32,247 | 1199214 | INFO | queue[0024] trial 20 fold 1 physics
2026-03-28 19:18:32,247 | 1199214 | INFO | queue[0025] trial 20 fold 2 physics
2026-03-28 19:18:32,247 | 1199214 | INFO | queue[0026] trial 20 fold 3 physics
2026-03-28 19:18:32,247 | 1199214 | INFO | queue[0027] trial 20 fold 4 physics
2026-03-28 19:18:32,247 | 1199214 | INFO | [END BAYES QUEUE]
2026-03-28 19:18:32,562 | 1199214 | INFO | [ENQUEUE TRIAL] trial 21 physics
2026-03-28 19:18:32,563 | 1199214 | INFO | [BAYES QUEUE STATE]
2026-03-28 19:18:32,563 | 1199214 | INFO | pending_jobs = 32
2026-03-28 19:18:32,563 | 1199214 | INFO | inflight_trials = [0, 1, 3, 4, 5, 6, 7, 8, 9, 10, 11, 12, 13, 14, 15, 16, 17, 18, 19, 20]
2026-03-28 19:18:32,564 | 1199214 | INFO | queue[0000] trial 14 fold 1 physics
2026-03-28 19:18:32,564 | 1199214 | INFO | queue[0001] trial 14 fold 2 physics
2026-03-28 19:18:32,564 | 1199214 | INFO | queue[0002] trial 14 fold 3 physics
2026-03-28 19:18:32,565 | 1199214 | INFO | queue[0003] trial 14 fold 4 physics
2026-03-28 19:18:32,565 | 1199214 | INFO | queue[0004] trial 15 fold 1 physics
2026-03-28 19:18:32,565 | 1199214 | INFO | queue[0005] trial 15 fold 2 physics
2026-03-28 19:18:32,566 | 1199214 | INFO | queue[0006] trial 15 fold 3 physics
2026-03-28 19:18:32,566 | 1199214 | INFO | queue[0007] trial 15 fold 4 physics
2026-03-28 19:18:32,566 | 1199214 | INFO | queue[0008] trial 16 fold 1 physics
2026-03-28 19:18:32,567 | 1199214 | INFO | queue[0009] trial 16 fold 2 physics
2026-03-28 19:18:32,567 | 1199214 | INFO | queue[0010] trial 16 fold 3 physics
2026-03-28 19:18:32,567 | 1199214 | INFO | queue[0011] trial 16 fold 4 physics
2026-03-28 19:18:32,568 | 1199214 | INFO | queue[0012] trial 17 fold 1 physics
2026-03-28 19:18:32,568 | 1199214 | INFO | queue[0013] trial 17 fold 2 physics
2026-03-28 19:18:32,568 | 1199214 | INFO | queue[0014] trial 17 fold 3 physics
2026-03-28 19:18:32,569 | 1199214 | INFO | queue[0015] trial 17 fold 4 physics
2026-03-28 19:18:32,569 | 1199214 | INFO | queue[0016] trial 18 fold 1 physics
2026-03-28 19:18:32,569 | 1199214 | INFO | queue[0017] trial 18 fold 2 physics
2026-03-28 19:18:32,569 | 1199214 | INFO | queue[0018] trial 18 fold 3 physics
2026-03-28 19:18:32,569 | 1199214 | INFO | queue[0019] trial 18 fold 4 physics
2026-03-28 19:18:32,570 | 1199214 | INFO | queue[0020] trial 19 fold 1 physics
2026-03-28 19:18:32,570 | 1199214 | INFO | queue[0021] trial 19 fold 2 physics
2026-03-28 19:18:32,570 | 1199214 | INFO | queue[0022] trial 19 fold 3 physics
2026-03-28 19:18:32,570 | 1199214 | INFO | queue[0023] trial 19 fold 4 physics
2026-03-28 19:18:32,570 | 1199214 | INFO | queue[0024] trial 20 fold 1 physics
2026-03-28 19:18:32,570 | 1199214 | INFO | queue[0025] trial 20 fold 2 physics
2026-03-28 19:18:32,571 | 1199214 | INFO | queue[0026] trial 20 fold 3 physics
2026-03-28 19:18:32,571 | 1199214 | INFO | queue[0027] trial 20 fold 4 physics
2026-03-28 19:18:32,571 | 1199214 | INFO | queue[0028] trial 21 fold 1 physics
2026-03-28 19:18:32,571 | 1199214 | INFO | queue[0029] trial 21 fold 2 physics
2026-03-28 19:18:32,571 | 1199214 | INFO | queue[0030] trial 21 fold 3 physics
2026-03-28 19:18:32,571 | 1199214 | INFO | queue[0031] trial 21 fold 4 physics
2026-03-28 19:18:32,572 | 1199214 | INFO | [END BAYES QUEUE]
2026-03-28 19:18:32,868 | 1199214 | INFO | [ENQUEUE TRIAL] trial 22 physics
2026-03-28 19:18:32,869 | 1199214 | INFO | [BAYES QUEUE STATE]
2026-03-28 19:18:32,869 | 1199214 | INFO | pending_jobs = 36
2026-03-28 19:18:32,870 | 1199214 | INFO | inflight_trials = [0, 1, 3, 4, 5, 6, 7, 8, 9, 10, 11, 12, 13, 14, 15, 16, 17, 18, 19, 20, 21]
2026-03-28 19:18:32,870 | 1199214 | INFO | queue[0000] trial 14 fold 1 physics
2026-03-28 19:18:32,870 | 1199214 | INFO | queue[0001] trial 14 fold 2 physics
2026-03-28 19:18:32,871 | 1199214 | INFO | queue[0002] trial 14 fold 3 physics
2026-03-28 19:18:32,871 | 1199214 | INFO | queue[0003] trial 14 fold 4 physics
2026-03-28 19:18:32,871 | 1199214 | INFO | queue[0004] trial 15 fold 1 physics
2026-03-28 19:18:32,872 | 1199214 | INFO | queue[0005] trial 15 fold 2 physics
2026-03-28 19:18:32,872 | 1199214 | INFO | queue[0006] trial 15 fold 3 physics
2026-03-28 19:18:32,872 | 1199214 | INFO | queue[0007] trial 15 fold 4 physics
2026-03-28 19:18:32,873 | 1199214 | INFO | queue[0008] trial 16 fold 1 physics
2026-03-28 19:18:32,873 | 1199214 | INFO | queue[0009] trial 16 fold 2 physics
2026-03-28 19:18:32,873 | 1199214 | INFO | queue[0010] trial 16 fold 3 physics
2026-03-28 19:18:32,874 | 1199214 | INFO | queue[0011] trial 16 fold 4 physics
2026-03-28 19:18:32,874 | 1199214 | INFO | queue[0012] trial 17 fold 1 physics
2026-03-28 19:18:32,874 | 1199214 | INFO | queue[0013] trial 17 fold 2 physics
2026-03-28 19:18:32,874 | 1199214 | INFO | queue[0014] trial 17 fold 3 physics
2026-03-28 19:18:32,875 | 1199214 | INFO | queue[0015] trial 17 fold 4 physics
2026-03-28 19:18:32,875 | 1199214 | INFO | queue[0016] trial 18 fold 1 physics
2026-03-28 19:18:32,875 | 1199214 | INFO | queue[0017] trial 18 fold 2 physics
2026-03-28 19:18:32,875 | 1199214 | INFO | queue[0018] trial 18 fold 3 physics
2026-03-28 19:18:32,875 | 1199214 | INFO | queue[0019] trial 18 fold 4 physics
2026-03-28 19:18:32,876 | 1199214 | INFO | queue[0020] trial 19 fold 1 physics
2026-03-28 19:18:32,876 | 1199214 | INFO | queue[0021] trial 19 fold 2 physics
2026-03-28 19:18:32,876 | 1199214 | INFO | queue[0022] trial 19 fold 3 physics
2026-03-28 19:18:32,876 | 1199214 | INFO | queue[0023] trial 19 fold 4 physics
2026-03-28 19:18:32,876 | 1199214 | INFO | queue[0024] trial 20 fold 1 physics
2026-03-28 19:18:32,876 | 1199214 | INFO | queue[0025] trial 20 fold 2 physics
2026-03-28 19:18:32,877 | 1199214 | INFO | queue[0026] trial 20 fold 3 physics
2026-03-28 19:18:32,877 | 1199214 | INFO | queue[0027] trial 20 fold 4 physics
2026-03-28 19:18:32,877 | 1199214 | INFO | queue[0028] trial 21 fold 1 physics
2026-03-28 19:18:32,877 | 1199214 | INFO | queue[0029] trial 21 fold 2 physics
2026-03-28 19:18:32,877 | 1199214 | INFO | queue[0030] trial 21 fold 3 physics
2026-03-28 19:18:32,878 | 1199214 | INFO | queue[0031] trial 21 fold 4 physics
2026-03-28 19:18:32,878 | 1199214 | INFO | queue[0032] trial 22 fold 1 physics
2026-03-28 19:18:32,878 | 1199214 | INFO | queue[0033] trial 22 fold 2 physics
2026-03-28 19:18:32,878 | 1199214 | INFO | queue[0034] trial 22 fold 3 physics
2026-03-28 19:18:32,878 | 1199214 | INFO | queue[0035] trial 22 fold 4 physics
2026-03-28 19:18:32,879 | 1199214 | INFO | [END BAYES QUEUE]
2026-03-28 19:18:33,254 | 1199214 | INFO | [ENQUEUE TRIAL] trial 23 physics
2026-03-28 19:18:33,254 | 1199214 | INFO | [BAYES QUEUE STATE]
2026-03-28 19:18:33,255 | 1199214 | INFO | pending_jobs = 40
2026-03-28 19:18:33,255 | 1199214 | INFO | inflight_trials = [0, 1, 3, 4, 5, 6, 7, 8, 9, 10, 11, 12, 13, 14, 15, 16, 17, 18, 19, 20, 21, 22]
2026-03-28 19:18:33,255 | 1199214 | INFO | queue[0000] trial 14 fold 1 physics
2026-03-28 19:18:33,256 | 1199214 | INFO | queue[0001] trial 14 fold 2 physics
2026-03-28 19:18:33,256 | 1199214 | INFO | queue[0002] trial 14 fold 3 physics
2026-03-28 19:18:33,256 | 1199214 | INFO | queue[0003] trial 14 fold 4 physics
2026-03-28 19:18:33,257 | 1199214 | INFO | queue[0004] trial 15 fold 1 physics
2026-03-28 19:18:33,257 | 1199214 | INFO | queue[0005] trial 15 fold 2 physics
2026-03-28 19:18:33,257 | 1199214 | INFO | queue[0006] trial 15 fold 3 physics
2026-03-28 19:18:33,258 | 1199214 | INFO | queue[0007] trial 15 fold 4 physics
2026-03-28 19:18:33,258 | 1199214 | INFO | queue[0008] trial 16 fold 1 physics
2026-03-28 19:18:33,258 | 1199214 | INFO | queue[0009] trial 16 fold 2 physics
2026-03-28 19:18:33,259 | 1199214 | INFO | queue[0010] trial 16 fold 3 physics
2026-03-28 19:18:33,259 | 1199214 | INFO | queue[0011] trial 16 fold 4 physics
2026-03-28 19:18:33,259 | 1199214 | INFO | queue[0012] trial 17 fold 1 physics
2026-03-28 19:18:33,260 | 1199214 | INFO | queue[0013] trial 17 fold 2 physics
2026-03-28 19:18:33,260 | 1199214 | INFO | queue[0014] trial 17 fold 3 physics
2026-03-28 19:18:33,260 | 1199214 | INFO | queue[0015] trial 17 fold 4 physics
2026-03-28 19:18:33,260 | 1199214 | INFO | queue[0016] trial 18 fold 1 physics
2026-03-28 19:18:33,260 | 1199214 | INFO | queue[0017] trial 18 fold 2 physics
2026-03-28 19:18:33,261 | 1199214 | INFO | queue[0018] trial 18 fold 3 physics
2026-03-28 19:18:33,261 | 1199214 | INFO | queue[0019] trial 18 fold 4 physics
2026-03-28 19:18:33,261 | 1199214 | INFO | queue[0020] trial 19 fold 1 physics
2026-03-28 19:18:33,261 | 1199214 | INFO | queue[0021] trial 19 fold 2 physics
2026-03-28 19:18:33,261 | 1199214 | INFO | queue[0022] trial 19 fold 3 physics
2026-03-28 19:18:33,261 | 1199214 | INFO | queue[0023] trial 19 fold 4 physics
2026-03-28 19:18:33,262 | 1199214 | INFO | queue[0024] trial 20 fold 1 physics
2026-03-28 19:18:33,262 | 1199214 | INFO | queue[0025] trial 20 fold 2 physics
2026-03-28 19:18:33,262 | 1199214 | INFO | queue[0026] trial 20 fold 3 physics
2026-03-28 19:18:33,262 | 1199214 | INFO | queue[0027] trial 20 fold 4 physics
2026-03-28 19:18:33,262 | 1199214 | INFO | queue[0028] trial 21 fold 1 physics
2026-03-28 19:18:33,262 | 1199214 | INFO | queue[0029] trial 21 fold 2 physics
2026-03-28 19:18:33,263 | 1199214 | INFO | queue[0030] trial 21 fold 3 physics
2026-03-28 19:18:33,263 | 1199214 | INFO | queue[0031] trial 21 fold 4 physics
2026-03-28 19:18:33,263 | 1199214 | INFO | queue[0032] trial 22 fold 1 physics
2026-03-28 19:18:33,263 | 1199214 | INFO | queue[0033] trial 22 fold 2 physics
2026-03-28 19:18:33,263 | 1199214 | INFO | queue[0034] trial 22 fold 3 physics
2026-03-28 19:18:33,264 | 1199214 | INFO | queue[0035] trial 22 fold 4 physics
2026-03-28 19:18:33,264 | 1199214 | INFO | queue[0036] trial 23 fold 1 physics
2026-03-28 19:18:33,264 | 1199214 | INFO | queue[0037] trial 23 fold 2 physics
2026-03-28 19:18:33,264 | 1199214 | INFO | queue[0038] trial 23 fold 3 physics
2026-03-28 19:18:33,264 | 1199214 | INFO | queue[0039] trial 23 fold 4 physics
2026-03-28 19:18:33,264 | 1199214 | INFO | [END BAYES QUEUE]
2026-03-28 19:18:33,569 | 1199214 | INFO | [ENQUEUE TRIAL] trial 24 physics
2026-03-28 19:18:33,570 | 1199214 | INFO | [BAYES QUEUE STATE]
2026-03-28 19:18:33,571 | 1199214 | INFO | pending_jobs = 44
2026-03-28 19:18:33,571 | 1199214 | INFO | inflight_trials = [0, 1, 3, 4, 5, 6, 7, 8, 9, 10, 11, 12, 13, 14, 15, 16, 17, 18, 19, 20, 21, 22, 23]
2026-03-28 19:18:33,571 | 1199214 | INFO | queue[0000] trial 14 fold 1 physics
2026-03-28 19:18:33,572 | 1199214 | INFO | queue[0001] trial 14 fold 2 physics
2026-03-28 19:18:33,572 | 1199214 | INFO | queue[0002] trial 14 fold 3 physics
2026-03-28 19:18:33,572 | 1199214 | INFO | queue[0003] trial 14 fold 4 physics
2026-03-28 19:18:33,573 | 1199214 | INFO | queue[0004] trial 15 fold 1 physics
2026-03-28 19:18:33,573 | 1199214 | INFO | queue[0005] trial 15 fold 2 physics
2026-03-28 19:18:33,573 | 1199214 | INFO | queue[0006] trial 15 fold 3 physics
2026-03-28 19:18:33,574 | 1199214 | INFO | queue[0007] trial 15 fold 4 physics
2026-03-28 19:18:33,574 | 1199214 | INFO | queue[0008] trial 16 fold 1 physics
2026-03-28 19:18:33,574 | 1199214 | INFO | queue[0009] trial 16 fold 2 physics
2026-03-28 19:18:33,575 | 1199214 | INFO | queue[0010] trial 16 fold 3 physics
2026-03-28 19:18:33,575 | 1199214 | INFO | queue[0011] trial 16 fold 4 physics
2026-03-28 19:18:33,575 | 1199214 | INFO | queue[0012] trial 17 fold 1 physics
2026-03-28 19:18:33,575 | 1199214 | INFO | queue[0013] trial 17 fold 2 physics
2026-03-28 19:18:33,575 | 1199214 | INFO | queue[0014] trial 17 fold 3 physics
2026-03-28 19:18:33,575 | 1199214 | INFO | queue[0015] trial 17 fold 4 physics
2026-03-28 19:18:33,576 | 1199214 | INFO | queue[0016] trial 18 fold 1 physics
2026-03-28 19:18:33,576 | 1199214 | INFO | queue[0017] trial 18 fold 2 physics
2026-03-28 19:18:33,576 | 1199214 | INFO | queue[0018] trial 18 fold 3 physics
2026-03-28 19:18:33,576 | 1199214 | INFO | queue[0019] trial 18 fold 4 physics
2026-03-28 19:18:33,576 | 1199214 | INFO | queue[0020] trial 19 fold 1 physics
2026-03-28 19:18:33,576 | 1199214 | INFO | queue[0021] trial 19 fold 2 physics
2026-03-28 19:18:33,576 | 1199214 | INFO | queue[0022] trial 19 fold 3 physics
2026-03-28 19:18:33,577 | 1199214 | INFO | queue[0023] trial 19 fold 4 physics
2026-03-28 19:18:33,577 | 1199214 | INFO | queue[0024] trial 20 fold 1 physics
2026-03-28 19:18:33,577 | 1199214 | INFO | queue[0025] trial 20 fold 2 physics
2026-03-28 19:18:33,577 | 1199214 | INFO | queue[0026] trial 20 fold 3 physics
2026-03-28 19:18:33,577 | 1199214 | INFO | queue[0027] trial 20 fold 4 physics
2026-03-28 19:18:33,577 | 1199214 | INFO | queue[0028] trial 21 fold 1 physics
2026-03-28 19:18:33,578 | 1199214 | INFO | queue[0029] trial 21 fold 2 physics
2026-03-28 19:18:33,578 | 1199214 | INFO | queue[0030] trial 21 fold 3 physics
2026-03-28 19:18:33,578 | 1199214 | INFO | queue[0031] trial 21 fold 4 physics
2026-03-28 19:18:33,578 | 1199214 | INFO | queue[0032] trial 22 fold 1 physics
2026-03-28 19:18:33,578 | 1199214 | INFO | queue[0033] trial 22 fold 2 physics
2026-03-28 19:18:33,578 | 1199214 | INFO | queue[0034] trial 22 fold 3 physics
2026-03-28 19:18:33,578 | 1199214 | INFO | queue[0035] trial 22 fold 4 physics
2026-03-28 19:18:33,579 | 1199214 | INFO | queue[0036] trial 23 fold 1 physics
2026-03-28 19:18:33,579 | 1199214 | INFO | queue[0037] trial 23 fold 2 physics
2026-03-28 19:18:33,579 | 1199214 | INFO | queue[0038] trial 23 fold 3 physics
2026-03-28 19:18:33,579 | 1199214 | INFO | queue[0039] trial 23 fold 4 physics
2026-03-28 19:18:33,579 | 1199214 | INFO | queue[0040] trial 24 fold 1 physics
2026-03-28 19:18:33,579 | 1199214 | INFO | queue[0041] trial 24 fold 2 physics
2026-03-28 19:18:33,579 | 1199214 | INFO | queue[0042] trial 24 fold 3 physics
2026-03-28 19:18:33,580 | 1199214 | INFO | queue[0043] trial 24 fold 4 physics
2026-03-28 19:18:33,580 | 1199214 | INFO | [END BAYES QUEUE]
2026-03-28 19:18:33,881 | 1199214 | INFO | [ENQUEUE TRIAL] trial 25 physics
2026-03-28 19:18:33,884 | 1199214 | INFO | [BAYES QUEUE STATE]
2026-03-28 19:18:33,884 | 1199214 | INFO | pending_jobs = 48
2026-03-28 19:18:33,884 | 1199214 | INFO | inflight_trials = [0, 1, 3, 4, 5, 6, 7, 8, 9, 10, 11, 12, 13, 14, 15, 16, 17, 18, 19, 20, 21, 22, 23, 24]
2026-03-28 19:18:33,885 | 1199214 | INFO | queue[0000] trial 14 fold 1 physics
2026-03-28 19:18:33,885 | 1199214 | INFO | queue[0001] trial 14 fold 2 physics
2026-03-28 19:18:33,885 | 1199214 | INFO | queue[0002] trial 14 fold 3 physics
2026-03-28 19:18:33,886 | 1199214 | INFO | queue[0003] trial 14 fold 4 physics
2026-03-28 19:18:33,886 | 1199214 | INFO | queue[0004] trial 15 fold 1 physics
2026-03-28 19:18:33,886 | 1199214 | INFO | queue[0005] trial 15 fold 2 physics
2026-03-28 19:18:33,887 | 1199214 | INFO | queue[0006] trial 15 fold 3 physics
2026-03-28 19:18:33,887 | 1199214 | INFO | queue[0007] trial 15 fold 4 physics
2026-03-28 19:18:33,887 | 1199214 | INFO | queue[0008] trial 16 fold 1 physics
2026-03-28 19:18:33,887 | 1199214 | INFO | queue[0009] trial 16 fold 2 physics
2026-03-28 19:18:33,888 | 1199214 | INFO | queue[0010] trial 16 fold 3 physics
2026-03-28 19:18:33,888 | 1199214 | INFO | queue[0011] trial 16 fold 4 physics
2026-03-28 19:18:33,888 | 1199214 | INFO | queue[0012] trial 17 fold 1 physics
2026-03-28 19:18:33,888 | 1199214 | INFO | queue[0013] trial 17 fold 2 physics
2026-03-28 19:18:33,889 | 1199214 | INFO | queue[0014] trial 17 fold 3 physics
2026-03-28 19:18:33,889 | 1199214 | INFO | queue[0015] trial 17 fold 4 physics
2026-03-28 19:18:33,889 | 1199214 | INFO | queue[0016] trial 18 fold 1 physics
2026-03-28 19:18:33,889 | 1199214 | INFO | queue[0017] trial 18 fold 2 physics
2026-03-28 19:18:33,890 | 1199214 | INFO | queue[0018] trial 18 fold 3 physics
2026-03-28 19:18:33,890 | 1199214 | INFO | queue[0019] trial 18 fold 4 physics
2026-03-28 19:18:33,890 | 1199214 | INFO | queue[0020] trial 19 fold 1 physics
2026-03-28 19:18:33,890 | 1199214 | INFO | queue[0021] trial 19 fold 2 physics
2026-03-28 19:18:33,891 | 1199214 | INFO | queue[0022] trial 19 fold 3 physics
2026-03-28 19:18:33,891 | 1199214 | INFO | queue[0023] trial 19 fold 4 physics
2026-03-28 19:18:33,891 | 1199214 | INFO | queue[0024] trial 20 fold 1 physics
2026-03-28 19:18:33,892 | 1199214 | INFO | queue[0025] trial 20 fold 2 physics
2026-03-28 19:18:33,892 | 1199214 | INFO | queue[0026] trial 20 fold 3 physics
2026-03-28 19:18:33,892 | 1199214 | INFO | queue[0027] trial 20 fold 4 physics
2026-03-28 19:18:33,892 | 1199214 | INFO | queue[0028] trial 21 fold 1 physics
2026-03-28 19:18:33,893 | 1199214 | INFO | queue[0029] trial 21 fold 2 physics
2026-03-28 19:18:33,893 | 1199214 | INFO | queue[0030] trial 21 fold 3 physics
2026-03-28 19:18:33,893 | 1199214 | INFO | queue[0031] trial 21 fold 4 physics
2026-03-28 19:18:33,893 | 1199214 | INFO | queue[0032] trial 22 fold 1 physics
2026-03-28 19:18:33,894 | 1199214 | INFO | queue[0033] trial 22 fold 2 physics
2026-03-28 19:18:33,894 | 1199214 | INFO | queue[0034] trial 22 fold 3 physics
2026-03-28 19:18:33,894 | 1199214 | INFO | queue[0035] trial 22 fold 4 physics
2026-03-28 19:18:33,894 | 1199214 | INFO | queue[0036] trial 23 fold 1 physics
2026-03-28 19:18:33,894 | 1199214 | INFO | queue[0037] trial 23 fold 2 physics
2026-03-28 19:18:33,895 | 1199214 | INFO | queue[0038] trial 23 fold 3 physics
2026-03-28 19:18:33,895 | 1199214 | INFO | queue[0039] trial 23 fold 4 physics
2026-03-28 19:18:33,895 | 1199214 | INFO | queue[0040] trial 24 fold 1 physics
2026-03-28 19:18:33,895 | 1199214 | INFO | queue[0041] trial 24 fold 2 physics
2026-03-28 19:18:33,895 | 1199214 | INFO | queue[0042] trial 24 fold 3 physics
2026-03-28 19:18:33,895 | 1199214 | INFO | queue[0043] trial 24 fold 4 physics
2026-03-28 19:18:33,895 | 1199214 | INFO | queue[0044] trial 25 fold 1 physics
2026-03-28 19:18:33,895 | 1199214 | INFO | queue[0045] trial 25 fold 2 physics
2026-03-28 19:18:33,896 | 1199214 | INFO | queue[0046] trial 25 fold 3 physics
2026-03-28 19:18:33,896 | 1199214 | INFO | queue[0047] trial 25 fold 4 physics
2026-03-28 19:18:33,896 | 1199214 | INFO | [END BAYES QUEUE]
2026-03-28 19:18:34,201 | 1199214 | INFO | [ENQUEUE TRIAL] trial 26 physics
2026-03-28 19:18:34,201 | 1199214 | INFO | [BAYES QUEUE STATE]
2026-03-28 19:18:34,202 | 1199214 | INFO | pending_jobs = 52
2026-03-28 19:18:34,202 | 1199214 | INFO | inflight_trials = [0, 1, 3, 4, 5, 6, 7, 8, 9, 10, 11, 12, 13, 14, 15, 16, 17, 18, 19, 20, 21, 22, 23, 24, 25]
2026-03-28 19:18:34,202 | 1199214 | INFO | queue[0000] trial 14 fold 1 physics
2026-03-28 19:18:34,203 | 1199214 | INFO | queue[0001] trial 14 fold 2 physics
2026-03-28 19:18:34,203 | 1199214 | INFO | queue[0002] trial 14 fold 3 physics
2026-03-28 19:18:34,203 | 1199214 | INFO | queue[0003] trial 14 fold 4 physics
2026-03-28 19:18:34,204 | 1199214 | INFO | queue[0004] trial 15 fold 1 physics
2026-03-28 19:18:34,204 | 1199214 | INFO | queue[0005] trial 15 fold 2 physics
2026-03-28 19:18:34,204 | 1199214 | INFO | queue[0006] trial 15 fold 3 physics
2026-03-28 19:18:34,205 | 1199214 | INFO | queue[0007] trial 15 fold 4 physics
2026-03-28 19:18:34,205 | 1199214 | INFO | queue[0008] trial 16 fold 1 physics
2026-03-28 19:18:34,205 | 1199214 | INFO | queue[0009] trial 16 fold 2 physics
2026-03-28 19:18:34,206 | 1199214 | INFO | queue[0010] trial 16 fold 3 physics
2026-03-28 19:18:34,206 | 1199214 | INFO | queue[0011] trial 16 fold 4 physics
2026-03-28 19:18:34,206 | 1199214 | INFO | queue[0012] trial 17 fold 1 physics
2026-03-28 19:18:34,207 | 1199214 | INFO | queue[0013] trial 17 fold 2 physics
2026-03-28 19:18:34,207 | 1199214 | INFO | queue[0014] trial 17 fold 3 physics
2026-03-28 19:18:34,207 | 1199214 | INFO | queue[0015] trial 17 fold 4 physics
2026-03-28 19:18:34,208 | 1199214 | INFO | queue[0016] trial 18 fold 1 physics
2026-03-28 19:18:34,208 | 1199214 | INFO | queue[0017] trial 18 fold 2 physics
2026-03-28 19:18:34,208 | 1199214 | INFO | queue[0018] trial 18 fold 3 physics
2026-03-28 19:18:34,208 | 1199214 | INFO | queue[0019] trial 18 fold 4 physics
2026-03-28 19:18:34,209 | 1199214 | INFO | queue[0020] trial 19 fold 1 physics
2026-03-28 19:18:34,209 | 1199214 | INFO | queue[0021] trial 19 fold 2 physics
2026-03-28 19:18:34,209 | 1199214 | INFO | queue[0022] trial 19 fold 3 physics
2026-03-28 19:18:34,210 | 1199214 | INFO | queue[0023] trial 19 fold 4 physics
2026-03-28 19:18:34,210 | 1199214 | INFO | queue[0024] trial 20 fold 1 physics
2026-03-28 19:18:34,210 | 1199214 | INFO | queue[0025] trial 20 fold 2 physics
2026-03-28 19:18:34,210 | 1199214 | INFO | queue[0026] trial 20 fold 3 physics
2026-03-28 19:18:34,210 | 1199214 | INFO | queue[0027] trial 20 fold 4 physics
2026-03-28 19:18:34,210 | 1199214 | INFO | queue[0028] trial 21 fold 1 physics
2026-03-28 19:18:34,211 | 1199214 | INFO | queue[0029] trial 21 fold 2 physics
2026-03-28 19:18:34,211 | 1199214 | INFO | queue[0030] trial 21 fold 3 physics
2026-03-28 19:18:34,211 | 1199214 | INFO | queue[0031] trial 21 fold 4 physics
2026-03-28 19:18:34,211 | 1199214 | INFO | queue[0032] trial 22 fold 1 physics
2026-03-28 19:18:34,211 | 1199214 | INFO | queue[0033] trial 22 fold 2 physics
2026-03-28 19:18:34,211 | 1199214 | INFO | queue[0034] trial 22 fold 3 physics
2026-03-28 19:18:34,211 | 1199214 | INFO | queue[0035] trial 22 fold 4 physics
2026-03-28 19:18:34,211 | 1199214 | INFO | queue[0036] trial 23 fold 1 physics
2026-03-28 19:18:34,212 | 1199214 | INFO | queue[0037] trial 23 fold 2 physics
2026-03-28 19:18:34,212 | 1199214 | INFO | queue[0038] trial 23 fold 3 physics
2026-03-28 19:18:34,212 | 1199214 | INFO | queue[0039] trial 23 fold 4 physics
2026-03-28 19:18:34,212 | 1199214 | INFO | queue[0040] trial 24 fold 1 physics
2026-03-28 19:18:34,212 | 1199214 | INFO | queue[0041] trial 24 fold 2 physics
2026-03-28 19:18:34,212 | 1199214 | INFO | queue[0042] trial 24 fold 3 physics
2026-03-28 19:18:34,212 | 1199214 | INFO | queue[0043] trial 24 fold 4 physics
2026-03-28 19:18:34,213 | 1199214 | INFO | queue[0044] trial 25 fold 1 physics
2026-03-28 19:18:34,213 | 1199214 | INFO | queue[0045] trial 25 fold 2 physics
2026-03-28 19:18:34,213 | 1199214 | INFO | queue[0046] trial 25 fold 3 physics
2026-03-28 19:18:34,213 | 1199214 | INFO | queue[0047] trial 25 fold 4 physics
2026-03-28 19:18:34,213 | 1199214 | INFO | queue[0048] trial 26 fold 1 physics
2026-03-28 19:18:34,213 | 1199214 | INFO | queue[0049] trial 26 fold 2 physics
2026-03-28 19:18:34,213 | 1199214 | INFO | queue[0050] trial 26 fold 3 physics
2026-03-28 19:18:34,213 | 1199214 | INFO | queue[0051] trial 26 fold 4 physics
2026-03-28 19:18:34,214 | 1199214 | INFO | [END BAYES QUEUE]
2026-03-28 19:18:34,219 | 1199214 | INFO | [RESUME] starting from trial 1
2026-03-28 19:18:39,943 | 1199214 | INFO | [RESUME] starting from trial 1
2026-03-28 19:18:43,664 | 1199214 | INFO | [TRIAL COMPLETE] trial 7 physics NSE_1D=0.91143 NSE_1H=0.87885
2026-03-28 19:18:43,988 | 1199214 | INFO | [ENQUEUE TRIAL] trial 27 physics
2026-03-28 19:18:43,989 | 1199214 | INFO | [BAYES QUEUE STATE]
2026-03-28 19:18:43,989 | 1199214 | INFO | pending_jobs = 44
2026-03-28 19:18:43,990 | 1199214 | INFO | inflight_trials = [0, 1, 3, 4, 5, 7, 8, 9, 10, 11, 12, 13, 14, 15, 16, 17, 18, 19, 20, 21, 22, 23, 24, 25, 26]
2026-03-28 19:18:43,990 | 1199214 | INFO | queue[0000] trial 17 fold 1 physics
2026-03-28 19:18:43,990 | 1199214 | INFO | queue[0001] trial 17 fold 2 physics
2026-03-28 19:18:43,990 | 1199214 | INFO | queue[0002] trial 17 fold 3 physics
2026-03-28 19:18:43,991 | 1199214 | INFO | queue[0003] trial 17 fold 4 physics
2026-03-28 19:18:43,991 | 1199214 | INFO | queue[0004] trial 18 fold 1 physics
2026-03-28 19:18:43,991 | 1199214 | INFO | queue[0005] trial 18 fold 2 physics
2026-03-28 19:18:43,992 | 1199214 | INFO | queue[0006] trial 18 fold 3 physics
2026-03-28 19:18:43,992 | 1199214 | INFO | queue[0007] trial 18 fold 4 physics
2026-03-28 19:18:43,992 | 1199214 | INFO | queue[0008] trial 19 fold 1 physics
2026-03-28 19:18:43,993 | 1199214 | INFO | queue[0009] trial 19 fold 2 physics
2026-03-28 19:18:43,993 | 1199214 | INFO | queue[0010] trial 19 fold 3 physics
2026-03-28 19:18:43,993 | 1199214 | INFO | queue[0011] trial 19 fold 4 physics
2026-03-28 19:18:43,994 | 1199214 | INFO | queue[0012] trial 20 fold 1 physics
2026-03-28 19:18:43,994 | 1199214 | INFO | queue[0013] trial 20 fold 2 physics
2026-03-28 19:18:43,994 | 1199214 | INFO | queue[0014] trial 20 fold 3 physics
2026-03-28 19:18:43,995 | 1199214 | INFO | queue[0015] trial 20 fold 4 physics
2026-03-28 19:18:43,995 | 1199214 | INFO | queue[0016] trial 21 fold 1 physics
2026-03-28 19:18:43,995 | 1199214 | INFO | queue[0017] trial 21 fold 2 physics
2026-03-28 19:18:43,995 | 1199214 | INFO | queue[0018] trial 21 fold 3 physics
2026-03-28 19:18:43,996 | 1199214 | INFO | queue[0019] trial 21 fold 4 physics
2026-03-28 19:18:43,996 | 1199214 | INFO | queue[0020] trial 22 fold 1 physics
2026-03-28 19:18:43,996 | 1199214 | INFO | queue[0021] trial 22 fold 2 physics
2026-03-28 19:18:43,996 | 1199214 | INFO | queue[0022] trial 22 fold 3 physics
2026-03-28 19:18:43,996 | 1199214 | INFO | queue[0023] trial 22 fold 4 physics
2026-03-28 19:18:43,996 | 1199214 | INFO | queue[0024] trial 23 fold 1 physics
2026-03-28 19:18:43,996 | 1199214 | INFO | queue[0025] trial 23 fold 2 physics
2026-03-28 19:18:43,997 | 1199214 | INFO | queue[0026] trial 23 fold 3 physics
2026-03-28 19:18:43,997 | 1199214 | INFO | queue[0027] trial 23 fold 4 physics
2026-03-28 19:18:43,997 | 1199214 | INFO | queue[0028] trial 24 fold 1 physics
2026-03-28 19:18:43,997 | 1199214 | INFO | queue[0029] trial 24 fold 2 physics
2026-03-28 19:18:43,997 | 1199214 | INFO | queue[0030] trial 24 fold 3 physics
2026-03-28 19:18:43,997 | 1199214 | INFO | queue[0031] trial 24 fold 4 physics
2026-03-28 19:18:43,997 | 1199214 | INFO | queue[0032] trial 25 fold 1 physics
2026-03-28 19:18:43,998 | 1199214 | INFO | queue[0033] trial 25 fold 2 physics
2026-03-28 19:18:43,998 | 1199214 | INFO | queue[0034] trial 25 fold 3 physics
2026-03-28 19:18:43,998 | 1199214 | INFO | queue[0035] trial 25 fold 4 physics
2026-03-28 19:18:43,998 | 1199214 | INFO | queue[0036] trial 26 fold 1 physics
2026-03-28 19:18:43,998 | 1199214 | INFO | queue[0037] trial 26 fold 2 physics
2026-03-28 19:18:43,998 | 1199214 | INFO | queue[0038] trial 26 fold 3 physics
2026-03-28 19:18:43,998 | 1199214 | INFO | queue[0039] trial 26 fold 4 physics
2026-03-28 19:18:43,999 | 1199214 | INFO | queue[0040] trial 27 fold 1 physics
2026-03-28 19:18:43,999 | 1199214 | INFO | queue[0041] trial 27 fold 2 physics
2026-03-28 19:18:43,999 | 1199214 | INFO | queue[0042] trial 27 fold 3 physics
2026-03-28 19:18:43,999 | 1199214 | INFO | queue[0043] trial 27 fold 4 physics
2026-03-28 19:18:43,999 | 1199214 | INFO | [END BAYES QUEUE]
2026-03-28 19:18:44,305 | 1199214 | INFO | [ENQUEUE TRIAL] trial 28 physics
2026-03-28 19:18:44,306 | 1199214 | INFO | [BAYES QUEUE STATE]
2026-03-28 19:18:44,306 | 1199214 | INFO | pending_jobs = 48
2026-03-28 19:18:44,306 | 1199214 | INFO | inflight_trials = [0, 1, 3, 4, 5, 7, 8, 9, 10, 11, 12, 13, 14, 15, 16, 17, 18, 19, 20, 21, 22, 23, 24, 25, 26, 27]
2026-03-28 19:18:44,306 | 1199214 | INFO | queue[0000] trial 17 fold 1 physics
2026-03-28 19:18:44,306 | 1199214 | INFO | queue[0001] trial 17 fold 2 physics
2026-03-28 19:18:44,306 | 1199214 | INFO | queue[0002] trial 17 fold 3 physics
2026-03-28 19:18:44,307 | 1199214 | INFO | queue[0003] trial 17 fold 4 physics
2026-03-28 19:18:44,307 | 1199214 | INFO | queue[0004] trial 18 fold 1 physics
2026-03-28 19:18:44,307 | 1199214 | INFO | queue[0005] trial 18 fold 2 physics
2026-03-28 19:18:44,307 | 1199214 | INFO | queue[0006] trial 18 fold 3 physics
2026-03-28 19:18:44,307 | 1199214 | INFO | queue[0007] trial 18 fold 4 physics
2026-03-28 19:18:44,307 | 1199214 | INFO | queue[0008] trial 19 fold 1 physics
2026-03-28 19:18:44,307 | 1199214 | INFO | queue[0009] trial 19 fold 2 physics
2026-03-28 19:18:44,307 | 1199214 | INFO | queue[0010] trial 19 fold 3 physics
2026-03-28 19:18:44,307 | 1199214 | INFO | queue[0011] trial 19 fold 4 physics
2026-03-28 19:18:44,308 | 1199214 | INFO | queue[0012] trial 20 fold 1 physics
2026-03-28 19:18:44,308 | 1199214 | INFO | queue[0013] trial 20 fold 2 physics
2026-03-28 19:18:44,308 | 1199214 | INFO | queue[0014] trial 20 fold 3 physics
2026-03-28 19:18:44,308 | 1199214 | INFO | queue[0015] trial 20 fold 4 physics
2026-03-28 19:18:44,308 | 1199214 | INFO | queue[0016] trial 21 fold 1 physics
2026-03-28 19:18:44,308 | 1199214 | INFO | queue[0017] trial 21 fold 2 physics
2026-03-28 19:18:44,308 | 1199214 | INFO | queue[0018] trial 21 fold 3 physics
2026-03-28 19:18:44,308 | 1199214 | INFO | queue[0019] trial 21 fold 4 physics
2026-03-28 19:18:44,309 | 1199214 | INFO | queue[0020] trial 22 fold 1 physics
2026-03-28 19:18:44,309 | 1199214 | INFO | queue[0021] trial 22 fold 2 physics
2026-03-28 19:18:44,309 | 1199214 | INFO | queue[0022] trial 22 fold 3 physics
2026-03-28 19:18:44,309 | 1199214 | INFO | queue[0023] trial 22 fold 4 physics
2026-03-28 19:18:44,309 | 1199214 | INFO | queue[0024] trial 23 fold 1 physics
2026-03-28 19:18:44,309 | 1199214 | INFO | queue[0025] trial 23 fold 2 physics
2026-03-28 19:18:44,309 | 1199214 | INFO | queue[0026] trial 23 fold 3 physics
2026-03-28 19:18:44,309 | 1199214 | INFO | queue[0027] trial 23 fold 4 physics
2026-03-28 19:18:44,310 | 1199214 | INFO | queue[0028] trial 24 fold 1 physics
2026-03-28 19:18:44,310 | 1199214 | INFO | queue[0029] trial 24 fold 2 physics
2026-03-28 19:18:44,310 | 1199214 | INFO | queue[0030] trial 24 fold 3 physics
2026-03-28 19:18:44,310 | 1199214 | INFO | queue[0031] trial 24 fold 4 physics
2026-03-28 19:18:44,310 | 1199214 | INFO | queue[0032] trial 25 fold 1 physics
2026-03-28 19:18:44,310 | 1199214 | INFO | queue[0033] trial 25 fold 2 physics
2026-03-28 19:18:44,310 | 1199214 | INFO | queue[0034] trial 25 fold 3 physics
2026-03-28 19:18:44,310 | 1199214 | INFO | queue[0035] trial 25 fold 4 physics
2026-03-28 19:18:44,310 | 1199214 | INFO | queue[0036] trial 26 fold 1 physics
2026-03-28 19:18:44,311 | 1199214 | INFO | queue[0037] trial 26 fold 2 physics
2026-03-28 19:18:44,311 | 1199214 | INFO | queue[0038] trial 26 fold 3 physics
2026-03-28 19:18:44,311 | 1199214 | INFO | queue[0039] trial 26 fold 4 physics
2026-03-28 19:18:44,311 | 1199214 | INFO | queue[0040] trial 27 fold 1 physics
2026-03-28 19:18:44,311 | 1199214 | INFO | queue[0041] trial 27 fold 2 physics
2026-03-28 19:18:44,311 | 1199214 | INFO | queue[0042] trial 27 fold 3 physics
2026-03-28 19:18:44,311 | 1199214 | INFO | queue[0043] trial 27 fold 4 physics
2026-03-28 19:18:44,311 | 1199214 | INFO | queue[0044] trial 28 fold 1 physics
2026-03-28 19:18:44,312 | 1199214 | INFO | queue[0045] trial 28 fold 2 physics
2026-03-28 19:18:44,312 | 1199214 | INFO | queue[0046] trial 28 fold 3 physics
2026-03-28 19:18:44,312 | 1199214 | INFO | queue[0047] trial 28 fold 4 physics
2026-03-28 19:18:44,312 | 1199214 | INFO | [END BAYES QUEUE]
2026-03-28 19:18:44,665 | 1199214 | INFO | [ENQUEUE TRIAL] trial 29 physics
2026-03-28 19:18:44,665 | 1199214 | INFO | [BAYES QUEUE STATE]
2026-03-28 19:18:44,666 | 1199214 | INFO | pending_jobs = 52
2026-03-28 19:18:44,666 | 1199214 | INFO | inflight_trials = [0, 1, 3, 4, 5, 7, 8, 9, 10, 11, 12, 13, 14, 15, 16, 17, 18, 19, 20, 21, 22, 23, 24, 25, 26, 27, 28]
2026-03-28 19:18:44,666 | 1199214 | INFO | queue[0000] trial 17 fold 1 physics
2026-03-28 19:18:44,666 | 1199214 | INFO | queue[0001] trial 17 fold 2 physics
2026-03-28 19:18:44,666 | 1199214 | INFO | queue[0002] trial 17 fold 3 physics
2026-03-28 19:18:44,666 | 1199214 | INFO | queue[0003] trial 17 fold 4 physics
2026-03-28 19:18:44,667 | 1199214 | INFO | queue[0004] trial 18 fold 1 physics
2026-03-28 19:18:44,667 | 1199214 | INFO | queue[0005] trial 18 fold 2 physics
2026-03-28 19:18:44,667 | 1199214 | INFO | queue[0006] trial 18 fold 3 physics
2026-03-28 19:18:44,667 | 1199214 | INFO | queue[0007] trial 18 fold 4 physics
2026-03-28 19:18:44,667 | 1199214 | INFO | queue[0008] trial 19 fold 1 physics
2026-03-28 19:18:44,667 | 1199214 | INFO | queue[0009] trial 19 fold 2 physics
2026-03-28 19:18:44,667 | 1199214 | INFO | queue[0010] trial 19 fold 3 physics
2026-03-28 19:18:44,667 | 1199214 | INFO | queue[0011] trial 19 fold 4 physics
2026-03-28 19:18:44,668 | 1199214 | INFO | queue[0012] trial 20 fold 1 physics
2026-03-28 19:18:44,668 | 1199214 | INFO | queue[0013] trial 20 fold 2 physics
2026-03-28 19:18:44,668 | 1199214 | INFO | queue[0014] trial 20 fold 3 physics
2026-03-28 19:18:44,668 | 1199214 | INFO | queue[0015] trial 20 fold 4 physics
2026-03-28 19:18:44,668 | 1199214 | INFO | queue[0016] trial 21 fold 1 physics
2026-03-28 19:18:44,668 | 1199214 | INFO | queue[0017] trial 21 fold 2 physics
2026-03-28 19:18:44,668 | 1199214 | INFO | queue[0018] trial 21 fold 3 physics
2026-03-28 19:18:44,668 | 1199214 | INFO | queue[0019] trial 21 fold 4 physics
2026-03-28 19:18:44,669 | 1199214 | INFO | queue[0020] trial 22 fold 1 physics
2026-03-28 19:18:44,669 | 1199214 | INFO | queue[0021] trial 22 fold 2 physics
2026-03-28 19:18:44,669 | 1199214 | INFO | queue[0022] trial 22 fold 3 physics
2026-03-28 19:18:44,669 | 1199214 | INFO | queue[0023] trial 22 fold 4 physics
2026-03-28 19:18:44,669 | 1199214 | INFO | queue[0024] trial 23 fold 1 physics
2026-03-28 19:18:44,670 | 1199214 | INFO | queue[0025] trial 23 fold 2 physics
2026-03-28 19:18:44,670 | 1199214 | INFO | queue[0026] trial 23 fold 3 physics
2026-03-28 19:18:44,670 | 1199214 | INFO | queue[0027] trial 23 fold 4 physics
2026-03-28 19:18:44,670 | 1199214 | INFO | queue[0028] trial 24 fold 1 physics
2026-03-28 19:18:44,670 | 1199214 | INFO | queue[0029] trial 24 fold 2 physics
2026-03-28 19:18:44,670 | 1199214 | INFO | queue[0030] trial 24 fold 3 physics
2026-03-28 19:18:44,670 | 1199214 | INFO | queue[0031] trial 24 fold 4 physics
2026-03-28 19:18:44,670 | 1199214 | INFO | queue[0032] trial 25 fold 1 physics
2026-03-28 19:18:44,671 | 1199214 | INFO | queue[0033] trial 25 fold 2 physics
2026-03-28 19:18:44,671 | 1199214 | INFO | queue[0034] trial 25 fold 3 physics
2026-03-28 19:18:44,671 | 1199214 | INFO | queue[0035] trial 25 fold 4 physics
2026-03-28 19:18:44,671 | 1199214 | INFO | queue[0036] trial 26 fold 1 physics
2026-03-28 19:18:44,671 | 1199214 | INFO | queue[0037] trial 26 fold 2 physics
2026-03-28 19:18:44,671 | 1199214 | INFO | queue[0038] trial 26 fold 3 physics
2026-03-28 19:18:44,672 | 1199214 | INFO | queue[0039] trial 26 fold 4 physics
2026-03-28 19:18:44,672 | 1199214 | INFO | queue[0040] trial 27 fold 1 physics
2026-03-28 19:18:44,672 | 1199214 | INFO | queue[0041] trial 27 fold 2 physics
2026-03-28 19:18:44,672 | 1199214 | INFO | queue[0042] trial 27 fold 3 physics
2026-03-28 19:18:44,672 | 1199214 | INFO | queue[0043] trial 27 fold 4 physics
2026-03-28 19:18:44,672 | 1199214 | INFO | queue[0044] trial 28 fold 1 physics
2026-03-28 19:18:44,672 | 1199214 | INFO | queue[0045] trial 28 fold 2 physics
2026-03-28 19:18:44,673 | 1199214 | INFO | queue[0046] trial 28 fold 3 physics
2026-03-28 19:18:44,673 | 1199214 | INFO | queue[0047] trial 28 fold 4 physics
2026-03-28 19:18:44,673 | 1199214 | INFO | queue[0048] trial 29 fold 1 physics
2026-03-28 19:18:44,673 | 1199214 | INFO | queue[0049] trial 29 fold 2 physics
2026-03-28 19:18:44,673 | 1199214 | INFO | queue[0050] trial 29 fold 3 physics
2026-03-28 19:18:44,673 | 1199214 | INFO | queue[0051] trial 29 fold 4 physics
2026-03-28 19:18:44,674 | 1199214 | INFO | [END BAYES QUEUE]
2026-03-28 19:18:44,685 | 1199214 | INFO | [RESUME] starting from trial 2
2026-03-28 19:19:46,037 | 1199214 | INFO | [TRIAL COMPLETE] trial 1 physics NSE_1D=0.88873 NSE_1H=0.86714
2026-03-28 19:19:46,051 | 1199214 | INFO | [RESUME] starting from trial 3
2026-03-28 19:22:22,203 | 1199214 | INFO | [RESUME] starting from trial 3
2026-03-28 19:23:26,968 | 1199214 | INFO | [RESUME] starting from trial 3
2026-03-28 19:23:51,541 | 1199214 | INFO | [RESUME] starting from trial 3
2026-03-28 19:24:37,190 | 1199214 | INFO | [RESUME] starting from trial 3
2026-03-28 19:26:13,744 | 1199214 | INFO | [TRIAL COMPLETE] trial 12 physics NSE_1D=0.89149 NSE_1H=0.86057
2026-03-28 19:26:14,053 | 1199214 | INFO | [ENQUEUE TRIAL] trial 30 physics
2026-03-28 19:26:14,053 | 1199214 | INFO | [BAYES QUEUE STATE]
2026-03-28 19:26:14,054 | 1199214 | INFO | pending_jobs = 50
2026-03-28 19:26:14,054 | 1199214 | INFO | inflight_trials = [1, 3, 4, 5, 7, 8, 9, 10, 12, 13, 14, 15, 16, 17, 18, 19, 20, 21, 22, 23, 24, 25, 26, 27, 28, 29]
2026-03-28 19:26:14,054 | 1199214 | INFO | queue[0000] trial 18 fold 3 physics
2026-03-28 19:26:14,054 | 1199214 | INFO | queue[0001] trial 18 fold 4 physics
2026-03-28 19:26:14,054 | 1199214 | INFO | queue[0002] trial 19 fold 1 physics
2026-03-28 19:26:14,055 | 1199214 | INFO | queue[0003] trial 19 fold 2 physics
2026-03-28 19:26:14,055 | 1199214 | INFO | queue[0004] trial 19 fold 3 physics
2026-03-28 19:26:14,055 | 1199214 | INFO | queue[0005] trial 19 fold 4 physics
2026-03-28 19:26:14,055 | 1199214 | INFO | queue[0006] trial 20 fold 1 physics
2026-03-28 19:26:14,055 | 1199214 | INFO | queue[0007] trial 20 fold 2 physics
2026-03-28 19:26:14,056 | 1199214 | INFO | queue[0008] trial 20 fold 3 physics
2026-03-28 19:26:14,056 | 1199214 | INFO | queue[0009] trial 20 fold 4 physics
2026-03-28 19:26:14,056 | 1199214 | INFO | queue[0010] trial 21 fold 1 physics
2026-03-28 19:26:14,056 | 1199214 | INFO | queue[0011] trial 21 fold 2 physics
2026-03-28 19:26:14,056 | 1199214 | INFO | queue[0012] trial 21 fold 3 physics
2026-03-28 19:26:14,057 | 1199214 | INFO | queue[0013] trial 21 fold 4 physics
2026-03-28 19:26:14,057 | 1199214 | INFO | queue[0014] trial 22 fold 1 physics
2026-03-28 19:26:14,057 | 1199214 | INFO | queue[0015] trial 22 fold 2 physics
2026-03-28 19:26:14,057 | 1199214 | INFO | queue[0016] trial 22 fold 3 physics
2026-03-28 19:26:14,057 | 1199214 | INFO | queue[0017] trial 22 fold 4 physics
2026-03-28 19:26:14,058 | 1199214 | INFO | queue[0018] trial 23 fold 1 physics
2026-03-28 19:26:14,058 | 1199214 | INFO | queue[0019] trial 23 fold 2 physics
2026-03-28 19:26:14,058 | 1199214 | INFO | queue[0020] trial 23 fold 3 physics
2026-03-28 19:26:14,058 | 1199214 | INFO | queue[0021] trial 23 fold 4 physics
2026-03-28 19:26:14,058 | 1199214 | INFO | queue[0022] trial 24 fold 1 physics
2026-03-28 19:26:14,059 | 1199214 | INFO | queue[0023] trial 24 fold 2 physics
2026-03-28 19:26:14,059 | 1199214 | INFO | queue[0024] trial 24 fold 3 physics
2026-03-28 19:26:14,059 | 1199214 | INFO | queue[0025] trial 24 fold 4 physics
2026-03-28 19:26:14,059 | 1199214 | INFO | queue[0026] trial 25 fold 1 physics
2026-03-28 19:26:14,059 | 1199214 | INFO | queue[0027] trial 25 fold 2 physics
2026-03-28 19:26:14,059 | 1199214 | INFO | queue[0028] trial 25 fold 3 physics
2026-03-28 19:26:14,059 | 1199214 | INFO | queue[0029] trial 25 fold 4 physics
2026-03-28 19:26:14,060 | 1199214 | INFO | queue[0030] trial 26 fold 1 physics
2026-03-28 19:26:14,060 | 1199214 | INFO | queue[0031] trial 26 fold 2 physics
2026-03-28 19:26:14,060 | 1199214 | INFO | queue[0032] trial 26 fold 3 physics
2026-03-28 19:26:14,060 | 1199214 | INFO | queue[0033] trial 26 fold 4 physics
2026-03-28 19:26:14,060 | 1199214 | INFO | queue[0034] trial 27 fold 1 physics
2026-03-28 19:26:14,060 | 1199214 | INFO | queue[0035] trial 27 fold 2 physics
2026-03-28 19:26:14,060 | 1199214 | INFO | queue[0036] trial 27 fold 3 physics
2026-03-28 19:26:14,060 | 1199214 | INFO | queue[0037] trial 27 fold 4 physics
2026-03-28 19:26:14,061 | 1199214 | INFO | queue[0038] trial 28 fold 1 physics
2026-03-28 19:26:14,061 | 1199214 | INFO | queue[0039] trial 28 fold 2 physics
2026-03-28 19:26:14,061 | 1199214 | INFO | queue[0040] trial 28 fold 3 physics
2026-03-28 19:26:14,061 | 1199214 | INFO | queue[0041] trial 28 fold 4 physics
2026-03-28 19:26:14,061 | 1199214 | INFO | queue[0042] trial 29 fold 1 physics
2026-03-28 19:26:14,061 | 1199214 | INFO | queue[0043] trial 29 fold 2 physics
2026-03-28 19:26:14,061 | 1199214 | INFO | queue[0044] trial 29 fold 3 physics
2026-03-28 19:26:14,061 | 1199214 | INFO | queue[0045] trial 29 fold 4 physics
2026-03-28 19:26:14,062 | 1199214 | INFO | queue[0046] trial 30 fold 1 physics
2026-03-28 19:26:14,062 | 1199214 | INFO | queue[0047] trial 30 fold 2 physics
2026-03-28 19:26:14,062 | 1199214 | INFO | queue[0048] trial 30 fold 3 physics
2026-03-28 19:26:14,062 | 1199214 | INFO | queue[0049] trial 30 fold 4 physics
2026-03-28 19:26:14,062 | 1199214 | INFO | [END BAYES QUEUE]
2026-03-28 19:26:14,354 | 1199214 | INFO | [ENQUEUE TRIAL] trial 31 physics
2026-03-28 19:26:14,355 | 1199214 | INFO | [BAYES QUEUE STATE]
2026-03-28 19:26:14,355 | 1199214 | INFO | pending_jobs = 54
2026-03-28 19:26:14,356 | 1199214 | INFO | inflight_trials = [1, 3, 4, 5, 7, 8, 9, 10, 12, 13, 14, 15, 16, 17, 18, 19, 20, 21, 22, 23, 24, 25, 26, 27, 28, 29, 30]
2026-03-28 19:26:14,356 | 1199214 | INFO | queue[0000] trial 18 fold 3 physics
2026-03-28 19:26:14,356 | 1199214 | INFO | queue[0001] trial 18 fold 4 physics
2026-03-28 19:26:14,357 | 1199214 | INFO | queue[0002] trial 19 fold 1 physics
2026-03-28 19:26:14,357 | 1199214 | INFO | queue[0003] trial 19 fold 2 physics
2026-03-28 19:26:14,357 | 1199214 | INFO | queue[0004] trial 19 fold 3 physics
2026-03-28 19:26:14,358 | 1199214 | INFO | queue[0005] trial 19 fold 4 physics
2026-03-28 19:26:14,358 | 1199214 | INFO | queue[0006] trial 20 fold 1 physics
2026-03-28 19:26:14,358 | 1199214 | INFO | queue[0007] trial 20 fold 2 physics
2026-03-28 19:26:14,359 | 1199214 | INFO | queue[0008] trial 20 fold 3 physics
2026-03-28 19:26:14,359 | 1199214 | INFO | queue[0009] trial 20 fold 4 physics
2026-03-28 19:26:14,359 | 1199214 | INFO | queue[0010] trial 21 fold 1 physics
2026-03-28 19:26:14,360 | 1199214 | INFO | queue[0011] trial 21 fold 2 physics
2026-03-28 19:26:14,360 | 1199214 | INFO | queue[0012] trial 21 fold 3 physics
2026-03-28 19:26:14,360 | 1199214 | INFO | queue[0013] trial 21 fold 4 physics
2026-03-28 19:26:14,360 | 1199214 | INFO | queue[0014] trial 22 fold 1 physics
2026-03-28 19:26:14,361 | 1199214 | INFO | queue[0015] trial 22 fold 2 physics
2026-03-28 19:26:14,361 | 1199214 | INFO | queue[0016] trial 22 fold 3 physics
2026-03-28 19:26:14,361 | 1199214 | INFO | queue[0017] trial 22 fold 4 physics
2026-03-28 19:26:14,361 | 1199214 | INFO | queue[0018] trial 23 fold 1 physics
2026-03-28 19:26:14,361 | 1199214 | INFO | queue[0019] trial 23 fold 2 physics
2026-03-28 19:26:14,361 | 1199214 | INFO | queue[0020] trial 23 fold 3 physics
2026-03-28 19:26:14,362 | 1199214 | INFO | queue[0021] trial 23 fold 4 physics
2026-03-28 19:26:14,362 | 1199214 | INFO | queue[0022] trial 24 fold 1 physics
2026-03-28 19:26:14,362 | 1199214 | INFO | queue[0023] trial 24 fold 2 physics
2026-03-28 19:26:14,362 | 1199214 | INFO | queue[0024] trial 24 fold 3 physics
2026-03-28 19:26:14,362 | 1199214 | INFO | queue[0025] trial 24 fold 4 physics
2026-03-28 19:26:14,362 | 1199214 | INFO | queue[0026] trial 25 fold 1 physics
2026-03-28 19:26:14,363 | 1199214 | INFO | queue[0027] trial 25 fold 2 physics
2026-03-28 19:26:14,363 | 1199214 | INFO | queue[0028] trial 25 fold 3 physics
2026-03-28 19:26:14,363 | 1199214 | INFO | queue[0029] trial 25 fold 4 physics
2026-03-28 19:26:14,363 | 1199214 | INFO | queue[0030] trial 26 fold 1 physics
2026-03-28 19:26:14,363 | 1199214 | INFO | queue[0031] trial 26 fold 2 physics
2026-03-28 19:26:14,363 | 1199214 | INFO | queue[0032] trial 26 fold 3 physics
2026-03-28 19:26:14,364 | 1199214 | INFO | queue[0033] trial 26 fold 4 physics
2026-03-28 19:26:14,364 | 1199214 | INFO | queue[0034] trial 27 fold 1 physics
2026-03-28 19:26:14,364 | 1199214 | INFO | queue[0035] trial 27 fold 2 physics
2026-03-28 19:26:14,364 | 1199214 | INFO | queue[0036] trial 27 fold 3 physics
2026-03-28 19:26:14,364 | 1199214 | INFO | queue[0037] trial 27 fold 4 physics
2026-03-28 19:26:14,364 | 1199214 | INFO | queue[0038] trial 28 fold 1 physics
2026-03-28 19:26:14,365 | 1199214 | INFO | queue[0039] trial 28 fold 2 physics
2026-03-28 19:26:14,365 | 1199214 | INFO | queue[0040] trial 28 fold 3 physics
2026-03-28 19:26:14,365 | 1199214 | INFO | queue[0041] trial 28 fold 4 physics
2026-03-28 19:26:14,365 | 1199214 | INFO | queue[0042] trial 29 fold 1 physics
2026-03-28 19:26:14,365 | 1199214 | INFO | queue[0043] trial 29 fold 2 physics
2026-03-28 19:26:14,365 | 1199214 | INFO | queue[0044] trial 29 fold 3 physics
2026-03-28 19:26:14,366 | 1199214 | INFO | queue[0045] trial 29 fold 4 physics
2026-03-28 19:26:14,366 | 1199214 | INFO | queue[0046] trial 30 fold 1 physics
2026-03-28 19:26:14,366 | 1199214 | INFO | queue[0047] trial 30 fold 2 physics
2026-03-28 19:26:14,366 | 1199214 | INFO | queue[0048] trial 30 fold 3 physics
2026-03-28 19:26:14,366 | 1199214 | INFO | queue[0049] trial 30 fold 4 physics
2026-03-28 19:26:14,366 | 1199214 | INFO | queue[0050] trial 31 fold 1 physics
2026-03-28 19:26:14,367 | 1199214 | INFO | queue[0051] trial 31 fold 2 physics
2026-03-28 19:26:14,367 | 1199214 | INFO | queue[0052] trial 31 fold 3 physics
2026-03-28 19:26:14,367 | 1199214 | INFO | queue[0053] trial 31 fold 4 physics
2026-03-28 19:26:14,367 | 1199214 | INFO | [END BAYES QUEUE]
2026-03-28 19:26:14,375 | 1199214 | INFO | [RESUME] starting from trial 4
2026-03-28 19:27:17,736 | 1199214 | INFO | [RESUME] starting from trial 4
2026-03-28 19:27:34,893 | 1199214 | INFO | [RESUME] starting from trial 4
2026-03-28 19:28:11,996 | 1199214 | INFO | [RESUME] starting from trial 4
2026-03-28 19:28:23,343 | 1199214 | INFO | [RESUME] starting from trial 4
2026-03-28 19:29:02,348 | 1199214 | INFO | [RESUME] starting from trial 4
2026-03-28 19:31:42,743 | 1199214 | INFO | [RESUME] starting from trial 4
2026-03-28 19:31:47,175 | 1199214 | INFO | [RESUME] starting from trial 4
2026-03-28 19:32:49,353 | 1199214 | INFO | [TRIAL COMPLETE] trial 9 physics NSE_1D=0.91579 NSE_1H=0.88236
2026-03-28 19:32:49,662 | 1199214 | INFO | [ENQUEUE TRIAL] trial 32 physics
2026-03-28 19:32:49,663 | 1199214 | INFO | [BAYES QUEUE STATE]
2026-03-28 19:32:49,664 | 1199214 | INFO | pending_jobs = 50
2026-03-28 19:32:49,664 | 1199214 | INFO | inflight_trials = [1, 3, 4, 5, 7, 9, 10, 12, 13, 14, 15, 16, 17, 18, 19, 20, 21, 22, 23, 24, 25, 26, 27, 28, 29, 30, 31]
2026-03-28 19:32:49,664 | 1199214 | INFO | queue[0000] trial 20 fold 3 physics
2026-03-28 19:32:49,665 | 1199214 | INFO | queue[0001] trial 20 fold 4 physics
2026-03-28 19:32:49,665 | 1199214 | INFO | queue[0002] trial 21 fold 1 physics
2026-03-28 19:32:49,665 | 1199214 | INFO | queue[0003] trial 21 fold 2 physics
2026-03-28 19:32:49,666 | 1199214 | INFO | queue[0004] trial 21 fold 3 physics
2026-03-28 19:32:49,666 | 1199214 | INFO | queue[0005] trial 21 fold 4 physics
2026-03-28 19:32:49,667 | 1199214 | INFO | queue[0006] trial 22 fold 1 physics
2026-03-28 19:32:49,667 | 1199214 | INFO | queue[0007] trial 22 fold 2 physics
2026-03-28 19:32:49,667 | 1199214 | INFO | queue[0008] trial 22 fold 3 physics
2026-03-28 19:32:49,667 | 1199214 | INFO | queue[0009] trial 22 fold 4 physics
2026-03-28 19:32:49,668 | 1199214 | INFO | queue[0010] trial 23 fold 1 physics
2026-03-28 19:32:49,668 | 1199214 | INFO | queue[0011] trial 23 fold 2 physics
2026-03-28 19:32:49,669 | 1199214 | INFO | queue[0012] trial 23 fold 3 physics
2026-03-28 19:32:49,669 | 1199214 | INFO | queue[0013] trial 23 fold 4 physics
2026-03-28 19:32:49,669 | 1199214 | INFO | queue[0014] trial 24 fold 1 physics
2026-03-28 19:32:49,670 | 1199214 | INFO | queue[0015] trial 24 fold 2 physics
2026-03-28 19:32:49,670 | 1199214 | INFO | queue[0016] trial 24 fold 3 physics
2026-03-28 19:32:49,670 | 1199214 | INFO | queue[0017] trial 24 fold 4 physics
2026-03-28 19:32:49,670 | 1199214 | INFO | queue[0018] trial 25 fold 1 physics
2026-03-28 19:32:49,671 | 1199214 | INFO | queue[0019] trial 25 fold 2 physics
2026-03-28 19:32:49,671 | 1199214 | INFO | queue[0020] trial 25 fold 3 physics
2026-03-28 19:32:49,671 | 1199214 | INFO | queue[0021] trial 25 fold 4 physics
2026-03-28 19:32:49,671 | 1199214 | INFO | queue[0022] trial 26 fold 1 physics
2026-03-28 19:32:49,672 | 1199214 | INFO | queue[0023] trial 26 fold 2 physics
2026-03-28 19:32:49,672 | 1199214 | INFO | queue[0024] trial 26 fold 3 physics
2026-03-28 19:32:49,672 | 1199214 | INFO | queue[0025] trial 26 fold 4 physics
2026-03-28 19:32:49,672 | 1199214 | INFO | queue[0026] trial 27 fold 1 physics
2026-03-28 19:32:49,672 | 1199214 | INFO | queue[0027] trial 27 fold 2 physics
2026-03-28 19:32:49,672 | 1199214 | INFO | queue[0028] trial 27 fold 3 physics
2026-03-28 19:32:49,673 | 1199214 | INFO | queue[0029] trial 27 fold 4 physics
2026-03-28 19:32:49,673 | 1199214 | INFO | queue[0030] trial 28 fold 1 physics
2026-03-28 19:32:49,673 | 1199214 | INFO | queue[0031] trial 28 fold 2 physics
2026-03-28 19:32:49,673 | 1199214 | INFO | queue[0032] trial 28 fold 3 physics
2026-03-28 19:32:49,673 | 1199214 | INFO | queue[0033] trial 28 fold 4 physics
2026-03-28 19:32:49,673 | 1199214 | INFO | queue[0034] trial 29 fold 1 physics
2026-03-28 19:32:49,673 | 1199214 | INFO | queue[0035] trial 29 fold 2 physics
2026-03-28 19:32:49,674 | 1199214 | INFO | queue[0036] trial 29 fold 3 physics
2026-03-28 19:32:49,674 | 1199214 | INFO | queue[0037] trial 29 fold 4 physics
2026-03-28 19:32:49,674 | 1199214 | INFO | queue[0038] trial 30 fold 1 physics
2026-03-28 19:32:49,674 | 1199214 | INFO | queue[0039] trial 30 fold 2 physics
2026-03-28 19:32:49,674 | 1199214 | INFO | queue[0040] trial 30 fold 3 physics
2026-03-28 19:32:49,675 | 1199214 | INFO | queue[0041] trial 30 fold 4 physics
2026-03-28 19:32:49,675 | 1199214 | INFO | queue[0042] trial 31 fold 1 physics
2026-03-28 19:32:49,675 | 1199214 | INFO | queue[0043] trial 31 fold 2 physics
2026-03-28 19:32:49,675 | 1199214 | INFO | queue[0044] trial 31 fold 3 physics
2026-03-28 19:32:49,675 | 1199214 | INFO | queue[0045] trial 31 fold 4 physics
2026-03-28 19:32:49,675 | 1199214 | INFO | queue[0046] trial 32 fold 1 physics
2026-03-28 19:32:49,675 | 1199214 | INFO | queue[0047] trial 32 fold 2 physics
2026-03-28 19:32:49,676 | 1199214 | INFO | queue[0048] trial 32 fold 3 physics
2026-03-28 19:32:49,676 | 1199214 | INFO | queue[0049] trial 32 fold 4 physics
2026-03-28 19:32:49,676 | 1199214 | INFO | [END BAYES QUEUE]
2026-03-28 19:32:49,998 | 1199214 | INFO | [ENQUEUE TRIAL] trial 33 physics
2026-03-28 19:32:49,999 | 1199214 | INFO | [BAYES QUEUE STATE]
2026-03-28 19:32:49,999 | 1199214 | INFO | pending_jobs = 54
2026-03-28 19:32:50,000 | 1199214 | INFO | inflight_trials = [1, 3, 4, 5, 7, 9, 10, 12, 13, 14, 15, 16, 17, 18, 19, 20, 21, 22, 23, 24, 25, 26, 27, 28, 29, 30, 31, 32]
2026-03-28 19:32:50,000 | 1199214 | INFO | queue[0000] trial 20 fold 3 physics
2026-03-28 19:32:50,000 | 1199214 | INFO | queue[0001] trial 20 fold 4 physics
2026-03-28 19:32:50,001 | 1199214 | INFO | queue[0002] trial 21 fold 1 physics
2026-03-28 19:32:50,001 | 1199214 | INFO | queue[0003] trial 21 fold 2 physics
2026-03-28 19:32:50,001 | 1199214 | INFO | queue[0004] trial 21 fold 3 physics
2026-03-28 19:32:50,002 | 1199214 | INFO | queue[0005] trial 21 fold 4 physics
2026-03-28 19:32:50,002 | 1199214 | INFO | queue[0006] trial 22 fold 1 physics
2026-03-28 19:32:50,002 | 1199214 | INFO | queue[0007] trial 22 fold 2 physics
2026-03-28 19:32:50,003 | 1199214 | INFO | queue[0008] trial 22 fold 3 physics
2026-03-28 19:32:50,003 | 1199214 | INFO | queue[0009] trial 22 fold 4 physics
2026-03-28 19:32:50,003 | 1199214 | INFO | queue[0010] trial 23 fold 1 physics
2026-03-28 19:32:50,004 | 1199214 | INFO | queue[0011] trial 23 fold 2 physics
2026-03-28 19:32:50,004 | 1199214 | INFO | queue[0012] trial 23 fold 3 physics
2026-03-28 19:32:50,004 | 1199214 | INFO | queue[0013] trial 23 fold 4 physics
2026-03-28 19:32:50,005 | 1199214 | INFO | queue[0014] trial 24 fold 1 physics
2026-03-28 19:32:50,005 | 1199214 | INFO | queue[0015] trial 24 fold 2 physics
2026-03-28 19:32:50,005 | 1199214 | INFO | queue[0016] trial 24 fold 3 physics
2026-03-28 19:32:50,006 | 1199214 | INFO | queue[0017] trial 24 fold 4 physics
2026-03-28 19:32:50,006 | 1199214 | INFO | queue[0018] trial 25 fold 1 physics
2026-03-28 19:32:50,006 | 1199214 | INFO | queue[0019] trial 25 fold 2 physics
2026-03-28 19:32:50,007 | 1199214 | INFO | queue[0020] trial 25 fold 3 physics
2026-03-28 19:32:50,007 | 1199214 | INFO | queue[0021] trial 25 fold 4 physics
2026-03-28 19:32:50,007 | 1199214 | INFO | queue[0022] trial 26 fold 1 physics
2026-03-28 19:32:50,007 | 1199214 | INFO | queue[0023] trial 26 fold 2 physics
2026-03-28 19:32:50,008 | 1199214 | INFO | queue[0024] trial 26 fold 3 physics
2026-03-28 19:32:50,008 | 1199214 | INFO | queue[0025] trial 26 fold 4 physics
2026-03-28 19:32:50,008 | 1199214 | INFO | queue[0026] trial 27 fold 1 physics
2026-03-28 19:32:50,008 | 1199214 | INFO | queue[0027] trial 27 fold 2 physics
2026-03-28 19:32:50,008 | 1199214 | INFO | queue[0028] trial 27 fold 3 physics
2026-03-28 19:32:50,008 | 1199214 | INFO | queue[0029] trial 27 fold 4 physics
2026-03-28 19:32:50,009 | 1199214 | INFO | queue[0030] trial 28 fold 1 physics
2026-03-28 19:32:50,009 | 1199214 | INFO | queue[0031] trial 28 fold 2 physics
2026-03-28 19:32:50,009 | 1199214 | INFO | queue[0032] trial 28 fold 3 physics
2026-03-28 19:32:50,009 | 1199214 | INFO | queue[0033] trial 28 fold 4 physics
2026-03-28 19:32:50,009 | 1199214 | INFO | queue[0034] trial 29 fold 1 physics
2026-03-28 19:32:50,009 | 1199214 | INFO | queue[0035] trial 29 fold 2 physics
2026-03-28 19:32:50,010 | 1199214 | INFO | queue[0036] trial 29 fold 3 physics
2026-03-28 19:32:50,010 | 1199214 | INFO | queue[0037] trial 29 fold 4 physics
2026-03-28 19:32:50,010 | 1199214 | INFO | queue[0038] trial 30 fold 1 physics
2026-03-28 19:32:50,010 | 1199214 | INFO | queue[0039] trial 30 fold 2 physics
2026-03-28 19:32:50,010 | 1199214 | INFO | queue[0040] trial 30 fold 3 physics
2026-03-28 19:32:50,010 | 1199214 | INFO | queue[0041] trial 30 fold 4 physics
2026-03-28 19:32:50,011 | 1199214 | INFO | queue[0042] trial 31 fold 1 physics
2026-03-28 19:32:50,011 | 1199214 | INFO | queue[0043] trial 31 fold 2 physics
2026-03-28 19:32:50,011 | 1199214 | INFO | queue[0044] trial 31 fold 3 physics
2026-03-28 19:32:50,011 | 1199214 | INFO | queue[0045] trial 31 fold 4 physics
2026-03-28 19:32:50,011 | 1199214 | INFO | queue[0046] trial 32 fold 1 physics
2026-03-28 19:32:50,011 | 1199214 | INFO | queue[0047] trial 32 fold 2 physics
2026-03-28 19:32:50,011 | 1199214 | INFO | queue[0048] trial 32 fold 3 physics
2026-03-28 19:32:50,012 | 1199214 | INFO | queue[0049] trial 32 fold 4 physics
2026-03-28 19:32:50,012 | 1199214 | INFO | queue[0050] trial 33 fold 1 physics
2026-03-28 19:32:50,012 | 1199214 | INFO | queue[0051] trial 33 fold 2 physics
2026-03-28 19:32:50,012 | 1199214 | INFO | queue[0052] trial 33 fold 3 physics
2026-03-28 19:32:50,012 | 1199214 | INFO | queue[0053] trial 33 fold 4 physics
2026-03-28 19:32:50,012 | 1199214 | INFO | [END BAYES QUEUE]
2026-03-28 19:32:50,022 | 1199214 | INFO | [RESUME] starting from trial 5
2026-03-28 19:33:07,272 | 1199214 | INFO | [RESUME] starting from trial 5
2026-03-28 19:34:04,818 | 1199214 | INFO | [RESUME] starting from trial 5
2026-03-28 19:34:42,723 | 1199214 | INFO | [RESUME] starting from trial 5
2026-03-28 19:35:23,225 | 1199214 | INFO | [RESUME] starting from trial 5
2026-03-28 19:35:39,178 | 1199214 | INFO | [RESUME] starting from trial 5
2026-03-28 19:37:03,192 | 1199214 | INFO | [RESUME] starting from trial 5
2026-03-28 19:37:08,324 | 1199214 | INFO | [RESUME] starting from trial 5
2026-03-28 19:37:10,549 | 1199214 | INFO | [RESUME] starting from trial 5
2026-03-28 19:38:13,616 | 1199214 | INFO | [RESUME] starting from trial 5
2026-03-28 19:38:35,091 | 1199214 | INFO | [TRIAL COMPLETE] trial 4 physics NSE_1D=0.92006 NSE_1H=0.88632
2026-03-28 19:38:35,389 | 1199214 | INFO | [ENQUEUE TRIAL] trial 34 physics
2026-03-28 19:38:35,390 | 1199214 | INFO | [BAYES QUEUE STATE]
2026-03-28 19:38:35,390 | 1199214 | INFO | pending_jobs = 48
2026-03-28 19:38:35,391 | 1199214 | INFO | inflight_trials = [1, 4, 5, 7, 9, 10, 12, 13, 14, 15, 16, 17, 18, 19, 20, 21, 22, 23, 24, 25, 26, 27, 28, 29, 30, 31, 32, 33]
2026-03-28 19:38:35,391 | 1199214 | INFO | queue[0000] trial 23 fold 1 physics
2026-03-28 19:38:35,391 | 1199214 | INFO | queue[0001] trial 23 fold 2 physics
2026-03-28 19:38:35,392 | 1199214 | INFO | queue[0002] trial 23 fold 3 physics
2026-03-28 19:38:35,392 | 1199214 | INFO | queue[0003] trial 23 fold 4 physics
2026-03-28 19:38:35,392 | 1199214 | INFO | queue[0004] trial 24 fold 1 physics
2026-03-28 19:38:35,393 | 1199214 | INFO | queue[0005] trial 24 fold 2 physics
2026-03-28 19:38:35,393 | 1199214 | INFO | queue[0006] trial 24 fold 3 physics
2026-03-28 19:38:35,393 | 1199214 | INFO | queue[0007] trial 24 fold 4 physics
2026-03-28 19:38:35,394 | 1199214 | INFO | queue[0008] trial 25 fold 1 physics
2026-03-28 19:38:35,394 | 1199214 | INFO | queue[0009] trial 25 fold 2 physics
2026-03-28 19:38:35,394 | 1199214 | INFO | queue[0010] trial 25 fold 3 physics
2026-03-28 19:38:35,395 | 1199214 | INFO | queue[0011] trial 25 fold 4 physics
2026-03-28 19:38:35,395 | 1199214 | INFO | queue[0012] trial 26 fold 1 physics
2026-03-28 19:38:35,395 | 1199214 | INFO | queue[0013] trial 26 fold 2 physics
2026-03-28 19:38:35,396 | 1199214 | INFO | queue[0014] trial 26 fold 3 physics
2026-03-28 19:38:35,396 | 1199214 | INFO | queue[0015] trial 26 fold 4 physics
2026-03-28 19:38:35,396 | 1199214 | INFO | queue[0016] trial 27 fold 1 physics
2026-03-28 19:38:35,397 | 1199214 | INFO | queue[0017] trial 27 fold 2 physics
2026-03-28 19:38:35,397 | 1199214 | INFO | queue[0018] trial 27 fold 3 physics
2026-03-28 19:38:35,397 | 1199214 | INFO | queue[0019] trial 27 fold 4 physics
2026-03-28 19:38:35,398 | 1199214 | INFO | queue[0020] trial 28 fold 1 physics
2026-03-28 19:38:35,398 | 1199214 | INFO | queue[0021] trial 28 fold 2 physics
2026-03-28 19:38:35,398 | 1199214 | INFO | queue[0022] trial 28 fold 3 physics
2026-03-28 19:38:35,398 | 1199214 | INFO | queue[0023] trial 28 fold 4 physics
2026-03-28 19:38:35,398 | 1199214 | INFO | queue[0024] trial 29 fold 1 physics
2026-03-28 19:38:35,398 | 1199214 | INFO | queue[0025] trial 29 fold 2 physics
2026-03-28 19:38:35,398 | 1199214 | INFO | queue[0026] trial 29 fold 3 physics
2026-03-28 19:38:35,399 | 1199214 | INFO | queue[0027] trial 29 fold 4 physics
2026-03-28 19:38:35,399 | 1199214 | INFO | queue[0028] trial 30 fold 1 physics
2026-03-28 19:38:35,399 | 1199214 | INFO | queue[0029] trial 30 fold 2 physics
2026-03-28 19:38:35,399 | 1199214 | INFO | queue[0030] trial 30 fold 3 physics
2026-03-28 19:38:35,399 | 1199214 | INFO | queue[0031] trial 30 fold 4 physics
2026-03-28 19:38:35,399 | 1199214 | INFO | queue[0032] trial 31 fold 1 physics
2026-03-28 19:38:35,399 | 1199214 | INFO | queue[0033] trial 31 fold 2 physics
2026-03-28 19:38:35,400 | 1199214 | INFO | queue[0034] trial 31 fold 3 physics
2026-03-28 19:38:35,400 | 1199214 | INFO | queue[0035] trial 31 fold 4 physics
2026-03-28 19:38:35,400 | 1199214 | INFO | queue[0036] trial 32 fold 1 physics
2026-03-28 19:38:35,400 | 1199214 | INFO | queue[0037] trial 32 fold 2 physics
2026-03-28 19:38:35,400 | 1199214 | INFO | queue[0038] trial 32 fold 3 physics
2026-03-28 19:38:35,400 | 1199214 | INFO | queue[0039] trial 32 fold 4 physics
2026-03-28 19:38:35,400 | 1199214 | INFO | queue[0040] trial 33 fold 1 physics
2026-03-28 19:38:35,401 | 1199214 | INFO | queue[0041] trial 33 fold 2 physics
2026-03-28 19:38:35,401 | 1199214 | INFO | queue[0042] trial 33 fold 3 physics
2026-03-28 19:38:35,401 | 1199214 | INFO | queue[0043] trial 33 fold 4 physics
2026-03-28 19:38:35,401 | 1199214 | INFO | queue[0044] trial 34 fold 1 physics
2026-03-28 19:38:35,401 | 1199214 | INFO | queue[0045] trial 34 fold 2 physics
2026-03-28 19:38:35,401 | 1199214 | INFO | queue[0046] trial 34 fold 3 physics
2026-03-28 19:38:35,401 | 1199214 | INFO | queue[0047] trial 34 fold 4 physics
2026-03-28 19:38:35,401 | 1199214 | INFO | [END BAYES QUEUE]
2026-03-28 19:38:35,684 | 1199214 | INFO | [ENQUEUE TRIAL] trial 35 physics
2026-03-28 19:38:35,699 | 1199214 | INFO | [BAYES QUEUE STATE]
2026-03-28 19:38:35,704 | 1199214 | INFO | pending_jobs = 52
2026-03-28 19:38:35,705 | 1199214 | INFO | inflight_trials = [1, 4, 5, 7, 9, 10, 12, 13, 14, 15, 16, 17, 18, 19, 20, 21, 22, 23, 24, 25, 26, 27, 28, 29, 30, 31, 32, 33, 34]
2026-03-28 19:38:35,705 | 1199214 | INFO | queue[0000] trial 23 fold 1 physics
2026-03-28 19:38:35,706 | 1199214 | INFO | queue[0001] trial 23 fold 2 physics
2026-03-28 19:38:35,706 | 1199214 | INFO | queue[0002] trial 23 fold 3 physics
2026-03-28 19:38:35,706 | 1199214 | INFO | queue[0003] trial 23 fold 4 physics
2026-03-28 19:38:35,706 | 1199214 | INFO | queue[0004] trial 24 fold 1 physics
2026-03-28 19:38:35,707 | 1199214 | INFO | queue[0005] trial 24 fold 2 physics
2026-03-28 19:38:35,707 | 1199214 | INFO | queue[0006] trial 24 fold 3 physics
2026-03-28 19:38:35,707 | 1199214 | INFO | queue[0007] trial 24 fold 4 physics
2026-03-28 19:38:35,708 | 1199214 | INFO | queue[0008] trial 25 fold 1 physics
2026-03-28 19:38:35,708 | 1199214 | INFO | queue[0009] trial 25 fold 2 physics
2026-03-28 19:38:35,708 | 1199214 | INFO | queue[0010] trial 25 fold 3 physics
2026-03-28 19:38:35,709 | 1199214 | INFO | queue[0011] trial 25 fold 4 physics
2026-03-28 19:38:35,709 | 1199214 | INFO | queue[0012] trial 26 fold 1 physics
2026-03-28 19:38:35,709 | 1199214 | INFO | queue[0013] trial 26 fold 2 physics
2026-03-28 19:38:35,710 | 1199214 | INFO | queue[0014] trial 26 fold 3 physics
2026-03-28 19:38:35,710 | 1199214 | INFO | queue[0015] trial 26 fold 4 physics
2026-03-28 19:38:35,710 | 1199214 | INFO | queue[0016] trial 27 fold 1 physics
2026-03-28 19:38:35,711 | 1199214 | INFO | queue[0017] trial 27 fold 2 physics
2026-03-28 19:38:35,711 | 1199214 | INFO | queue[0018] trial 27 fold 3 physics
2026-03-28 19:38:35,711 | 1199214 | INFO | queue[0019] trial 27 fold 4 physics
2026-03-28 19:38:35,711 | 1199214 | INFO | queue[0020] trial 28 fold 1 physics
2026-03-28 19:38:35,711 | 1199214 | INFO | queue[0021] trial 28 fold 2 physics
2026-03-28 19:38:35,711 | 1199214 | INFO | queue[0022] trial 28 fold 3 physics
2026-03-28 19:38:35,712 | 1199214 | INFO | queue[0023] trial 28 fold 4 physics
2026-03-28 19:38:35,712 | 1199214 | INFO | queue[0024] trial 29 fold 1 physics
2026-03-28 19:38:35,712 | 1199214 | INFO | queue[0025] trial 29 fold 2 physics
2026-03-28 19:38:35,712 | 1199214 | INFO | queue[0026] trial 29 fold 3 physics
2026-03-28 19:38:35,712 | 1199214 | INFO | queue[0027] trial 29 fold 4 physics
2026-03-28 19:38:35,712 | 1199214 | INFO | queue[0028] trial 30 fold 1 physics
2026-03-28 19:38:35,713 | 1199214 | INFO | queue[0029] trial 30 fold 2 physics
2026-03-28 19:38:35,713 | 1199214 | INFO | queue[0030] trial 30 fold 3 physics
2026-03-28 19:38:35,713 | 1199214 | INFO | queue[0031] trial 30 fold 4 physics
2026-03-28 19:38:35,713 | 1199214 | INFO | queue[0032] trial 31 fold 1 physics
2026-03-28 19:38:35,713 | 1199214 | INFO | queue[0033] trial 31 fold 2 physics
2026-03-28 19:38:35,713 | 1199214 | INFO | queue[0034] trial 31 fold 3 physics
2026-03-28 19:38:35,714 | 1199214 | INFO | queue[0035] trial 31 fold 4 physics
2026-03-28 19:38:35,714 | 1199214 | INFO | queue[0036] trial 32 fold 1 physics
2026-03-28 19:38:35,714 | 1199214 | INFO | queue[0037] trial 32 fold 2 physics
2026-03-28 19:38:35,714 | 1199214 | INFO | queue[0038] trial 32 fold 3 physics
2026-03-28 19:38:35,714 | 1199214 | INFO | queue[0039] trial 32 fold 4 physics
2026-03-28 19:38:35,714 | 1199214 | INFO | queue[0040] trial 33 fold 1 physics
2026-03-28 19:38:35,715 | 1199214 | INFO | queue[0041] trial 33 fold 2 physics
2026-03-28 19:38:35,715 | 1199214 | INFO | queue[0042] trial 33 fold 3 physics
2026-03-28 19:38:35,715 | 1199214 | INFO | queue[0043] trial 33 fold 4 physics
2026-03-28 19:38:35,715 | 1199214 | INFO | queue[0044] trial 34 fold 1 physics
2026-03-28 19:38:35,715 | 1199214 | INFO | queue[0045] trial 34 fold 2 physics
2026-03-28 19:38:35,715 | 1199214 | INFO | queue[0046] trial 34 fold 3 physics
2026-03-28 19:38:35,716 | 1199214 | INFO | queue[0047] trial 34 fold 4 physics
2026-03-28 19:38:35,716 | 1199214 | INFO | queue[0048] trial 35 fold 1 physics
2026-03-28 19:38:35,716 | 1199214 | INFO | queue[0049] trial 35 fold 2 physics
2026-03-28 19:38:35,716 | 1199214 | INFO | queue[0050] trial 35 fold 3 physics
2026-03-28 19:38:35,716 | 1199214 | INFO | queue[0051] trial 35 fold 4 physics
2026-03-28 19:38:35,717 | 1199214 | INFO | [END BAYES QUEUE]
2026-03-28 19:38:35,729 | 1199214 | INFO | [RESUME] starting from trial 6
2026-03-28 19:39:11,831 | 1199214 | INFO | [RESUME] starting from trial 6
2026-03-28 19:39:15,258 | 1199214 | INFO | [RESUME] starting from trial 6
2026-03-28 19:39:42,845 | 1199214 | INFO | [RESUME] starting from trial 6
2026-03-28 19:41:24,190 | 1199214 | INFO | [RESUME] starting from trial 6
2026-03-28 19:41:34,230 | 1199214 | INFO | [RESUME] starting from trial 6
2026-03-28 19:41:58,303 | 1199214 | INFO | [TRIAL COMPLETE] trial 18 physics NSE_1D=0.88131 NSE_1H=0.87837
2026-03-28 19:41:58,598 | 1199214 | INFO | [ENQUEUE TRIAL] trial 36 physics
2026-03-28 19:41:58,599 | 1199214 | INFO | [BAYES QUEUE STATE]
2026-03-28 19:41:58,599 | 1199214 | INFO | pending_jobs = 50
2026-03-28 19:41:58,599 | 1199214 | INFO | inflight_trials = [1, 4, 5, 7, 9, 10, 12, 13, 14, 15, 16, 18, 19, 20, 21, 22, 23, 24, 25, 26, 27, 28, 29, 30, 31, 32, 33, 34, 35]
2026-03-28 19:41:58,600 | 1199214 | INFO | queue[0000] trial 24 fold 3 physics
2026-03-28 19:41:58,600 | 1199214 | INFO | queue[0001] trial 24 fold 4 physics
2026-03-28 19:41:58,601 | 1199214 | INFO | queue[0002] trial 25 fold 1 physics
2026-03-28 19:41:58,601 | 1199214 | INFO | queue[0003] trial 25 fold 2 physics
2026-03-28 19:41:58,601 | 1199214 | INFO | queue[0004] trial 25 fold 3 physics
2026-03-28 19:41:58,602 | 1199214 | INFO | queue[0005] trial 25 fold 4 physics
2026-03-28 19:41:58,602 | 1199214 | INFO | queue[0006] trial 26 fold 1 physics
2026-03-28 19:41:58,602 | 1199214 | INFO | queue[0007] trial 26 fold 2 physics
2026-03-28 19:41:58,603 | 1199214 | INFO | queue[0008] trial 26 fold 3 physics
2026-03-28 19:41:58,603 | 1199214 | INFO | queue[0009] trial 26 fold 4 physics
2026-03-28 19:41:58,603 | 1199214 | INFO | queue[0010] trial 27 fold 1 physics
2026-03-28 19:41:58,603 | 1199214 | INFO | queue[0011] trial 27 fold 2 physics
2026-03-28 19:41:58,604 | 1199214 | INFO | queue[0012] trial 27 fold 3 physics
2026-03-28 19:41:58,604 | 1199214 | INFO | queue[0013] trial 27 fold 4 physics
2026-03-28 19:41:58,605 | 1199214 | INFO | queue[0014] trial 28 fold 1 physics
2026-03-28 19:41:58,605 | 1199214 | INFO | queue[0015] trial 28 fold 2 physics
2026-03-28 19:41:58,605 | 1199214 | INFO | queue[0016] trial 28 fold 3 physics
2026-03-28 19:41:58,606 | 1199214 | INFO | queue[0017] trial 28 fold 4 physics
2026-03-28 19:41:58,606 | 1199214 | INFO | queue[0018] trial 29 fold 1 physics
2026-03-28 19:41:58,606 | 1199214 | INFO | queue[0019] trial 29 fold 2 physics
2026-03-28 19:41:58,607 | 1199214 | INFO | queue[0020] trial 29 fold 3 physics
2026-03-28 19:41:58,607 | 1199214 | INFO | queue[0021] trial 29 fold 4 physics
2026-03-28 19:41:58,607 | 1199214 | INFO | queue[0022] trial 30 fold 1 physics
2026-03-28 19:41:58,607 | 1199214 | INFO | queue[0023] trial 30 fold 2 physics
2026-03-28 19:41:58,608 | 1199214 | INFO | queue[0024] trial 30 fold 3 physics
2026-03-28 19:41:58,608 | 1199214 | INFO | queue[0025] trial 30 fold 4 physics
2026-03-28 19:41:58,608 | 1199214 | INFO | queue[0026] trial 31 fold 1 physics
2026-03-28 19:41:58,608 | 1199214 | INFO | queue[0027] trial 31 fold 2 physics
2026-03-28 19:41:58,608 | 1199214 | INFO | queue[0028] trial 31 fold 3 physics
2026-03-28 19:41:58,608 | 1199214 | INFO | queue[0029] trial 31 fold 4 physics
2026-03-28 19:41:58,609 | 1199214 | INFO | queue[0030] trial 32 fold 1 physics
2026-03-28 19:41:58,609 | 1199214 | INFO | queue[0031] trial 32 fold 2 physics
2026-03-28 19:41:58,609 | 1199214 | INFO | queue[0032] trial 32 fold 3 physics
2026-03-28 19:41:58,609 | 1199214 | INFO | queue[0033] trial 32 fold 4 physics
2026-03-28 19:41:58,609 | 1199214 | INFO | queue[0034] trial 33 fold 1 physics
2026-03-28 19:41:58,609 | 1199214 | INFO | queue[0035] trial 33 fold 2 physics
2026-03-28 19:41:58,609 | 1199214 | INFO | queue[0036] trial 33 fold 3 physics
2026-03-28 19:41:58,610 | 1199214 | INFO | queue[0037] trial 33 fold 4 physics
2026-03-28 19:41:58,610 | 1199214 | INFO | queue[0038] trial 34 fold 1 physics
2026-03-28 19:41:58,610 | 1199214 | INFO | queue[0039] trial 34 fold 2 physics
2026-03-28 19:41:58,610 | 1199214 | INFO | queue[0040] trial 34 fold 3 physics
2026-03-28 19:41:58,610 | 1199214 | INFO | queue[0041] trial 34 fold 4 physics
2026-03-28 19:41:58,610 | 1199214 | INFO | queue[0042] trial 35 fold 1 physics
2026-03-28 19:41:58,610 | 1199214 | INFO | queue[0043] trial 35 fold 2 physics
2026-03-28 19:41:58,611 | 1199214 | INFO | queue[0044] trial 35 fold 3 physics
2026-03-28 19:41:58,611 | 1199214 | INFO | queue[0045] trial 35 fold 4 physics
2026-03-28 19:41:58,611 | 1199214 | INFO | queue[0046] trial 36 fold 1 physics
2026-03-28 19:41:58,611 | 1199214 | INFO | queue[0047] trial 36 fold 2 physics
2026-03-28 19:41:58,611 | 1199214 | INFO | queue[0048] trial 36 fold 3 physics
2026-03-28 19:41:58,611 | 1199214 | INFO | queue[0049] trial 36 fold 4 physics
2026-03-28 19:41:58,612 | 1199214 | INFO | [END BAYES QUEUE]
2026-03-28 19:41:58,894 | 1199214 | INFO | [ENQUEUE TRIAL] trial 37 physics
2026-03-28 19:41:58,895 | 1199214 | INFO | [BAYES QUEUE STATE]
2026-03-28 19:41:58,895 | 1199214 | INFO | pending_jobs = 54
2026-03-28 19:41:58,895 | 1199214 | INFO | inflight_trials = [1, 4, 5, 7, 9, 10, 12, 13, 14, 15, 16, 18, 19, 20, 21, 22, 23, 24, 25, 26, 27, 28, 29, 30, 31, 32, 33, 34, 35, 36]
2026-03-28 19:41:58,896 | 1199214 | INFO | queue[0000] trial 24 fold 3 physics
2026-03-28 19:41:58,896 | 1199214 | INFO | queue[0001] trial 24 fold 4 physics
2026-03-28 19:41:58,896 | 1199214 | INFO | queue[0002] trial 25 fold 1 physics
2026-03-28 19:41:58,897 | 1199214 | INFO | queue[0003] trial 25 fold 2 physics
2026-03-28 19:41:58,897 | 1199214 | INFO | queue[0004] trial 25 fold 3 physics
2026-03-28 19:41:58,897 | 1199214 | INFO | queue[0005] trial 25 fold 4 physics
2026-03-28 19:41:58,898 | 1199214 | INFO | queue[0006] trial 26 fold 1 physics
2026-03-28 19:41:58,898 | 1199214 | INFO | queue[0007] trial 26 fold 2 physics
2026-03-28 19:41:58,898 | 1199214 | INFO | queue[0008] trial 26 fold 3 physics
2026-03-28 19:41:58,899 | 1199214 | INFO | queue[0009] trial 26 fold 4 physics
2026-03-28 19:41:58,899 | 1199214 | INFO | queue[0010] trial 27 fold 1 physics
2026-03-28 19:41:58,899 | 1199214 | INFO | queue[0011] trial 27 fold 2 physics
2026-03-28 19:41:58,900 | 1199214 | INFO | queue[0012] trial 27 fold 3 physics
2026-03-28 19:41:58,900 | 1199214 | INFO | queue[0013] trial 27 fold 4 physics
2026-03-28 19:41:58,900 | 1199214 | INFO | queue[0014] trial 28 fold 1 physics
2026-03-28 19:41:58,900 | 1199214 | INFO | queue[0015] trial 28 fold 2 physics
2026-03-28 19:41:58,900 | 1199214 | INFO | queue[0016] trial 28 fold 3 physics
2026-03-28 19:41:58,901 | 1199214 | INFO | queue[0017] trial 28 fold 4 physics
2026-03-28 19:41:58,901 | 1199214 | INFO | queue[0018] trial 29 fold 1 physics
2026-03-28 19:41:58,901 | 1199214 | INFO | queue[0019] trial 29 fold 2 physics
2026-03-28 19:41:58,901 | 1199214 | INFO | queue[0020] trial 29 fold 3 physics
2026-03-28 19:41:58,901 | 1199214 | INFO | queue[0021] trial 29 fold 4 physics
2026-03-28 19:41:58,901 | 1199214 | INFO | queue[0022] trial 30 fold 1 physics
2026-03-28 19:41:58,902 | 1199214 | INFO | queue[0023] trial 30 fold 2 physics
2026-03-28 19:41:58,902 | 1199214 | INFO | queue[0024] trial 30 fold 3 physics
2026-03-28 19:41:58,902 | 1199214 | INFO | queue[0025] trial 30 fold 4 physics
2026-03-28 19:41:58,902 | 1199214 | INFO | queue[0026] trial 31 fold 1 physics
2026-03-28 19:41:58,902 | 1199214 | INFO | queue[0027] trial 31 fold 2 physics
2026-03-28 19:41:58,902 | 1199214 | INFO | queue[0028] trial 31 fold 3 physics
2026-03-28 19:41:58,903 | 1199214 | INFO | queue[0029] trial 31 fold 4 physics
2026-03-28 19:41:58,903 | 1199214 | INFO | queue[0030] trial 32 fold 1 physics
2026-03-28 19:41:58,903 | 1199214 | INFO | queue[0031] trial 32 fold 2 physics
2026-03-28 19:41:58,903 | 1199214 | INFO | queue[0032] trial 32 fold 3 physics
2026-03-28 19:41:58,903 | 1199214 | INFO | queue[0033] trial 32 fold 4 physics
2026-03-28 19:41:58,903 | 1199214 | INFO | queue[0034] trial 33 fold 1 physics
2026-03-28 19:41:58,904 | 1199214 | INFO | queue[0035] trial 33 fold 2 physics
2026-03-28 19:41:58,904 | 1199214 | INFO | queue[0036] trial 33 fold 3 physics
2026-03-28 19:41:58,904 | 1199214 | INFO | queue[0037] trial 33 fold 4 physics
2026-03-28 19:41:58,904 | 1199214 | INFO | queue[0038] trial 34 fold 1 physics
2026-03-28 19:41:58,904 | 1199214 | INFO | queue[0039] trial 34 fold 2 physics
2026-03-28 19:41:58,904 | 1199214 | INFO | queue[0040] trial 34 fold 3 physics
2026-03-28 19:41:58,905 | 1199214 | INFO | queue[0041] trial 34 fold 4 physics
2026-03-28 19:41:58,905 | 1199214 | INFO | queue[0042] trial 35 fold 1 physics
2026-03-28 19:41:58,905 | 1199214 | INFO | queue[0043] trial 35 fold 2 physics
2026-03-28 19:41:58,905 | 1199214 | INFO | queue[0044] trial 35 fold 3 physics
2026-03-28 19:41:58,906 | 1199214 | INFO | queue[0045] trial 35 fold 4 physics
2026-03-28 19:41:58,906 | 1199214 | INFO | queue[0046] trial 36 fold 1 physics
2026-03-28 19:41:58,906 | 1199214 | INFO | queue[0047] trial 36 fold 2 physics
2026-03-28 19:41:58,906 | 1199214 | INFO | queue[0048] trial 36 fold 3 physics
2026-03-28 19:41:58,906 | 1199214 | INFO | queue[0049] trial 36 fold 4 physics
2026-03-28 19:41:58,906 | 1199214 | INFO | queue[0050] trial 37 fold 1 physics
2026-03-28 19:41:58,907 | 1199214 | INFO | queue[0051] trial 37 fold 2 physics
2026-03-28 19:41:58,907 | 1199214 | INFO | queue[0052] trial 37 fold 3 physics
2026-03-28 19:41:58,907 | 1199214 | INFO | queue[0053] trial 37 fold 4 physics
2026-03-28 19:41:58,907 | 1199214 | INFO | [END BAYES QUEUE]
2026-03-28 19:41:58,914 | 1199214 | INFO | [RESUME] starting from trial 7
2026-03-28 19:42:18,770 | 1199214 | INFO | [TRIAL COMPLETE] trial 14 physics NSE_1D=0.89264 NSE_1H=0.87928
2026-03-28 19:42:18,788 | 1199214 | INFO | [RESUME] starting from trial 8
2026-03-28 19:44:14,383 | 1199214 | INFO | [RESUME] starting from trial 8
2026-03-28 19:44:25,144 | 1199214 | INFO | [TRIAL COMPLETE] trial 19 physics NSE_1D=0.89945 NSE_1H=0.87372
2026-03-28 19:44:25,163 | 1199214 | INFO | [RESUME] starting from trial 9
2026-03-28 19:44:29,202 | 1199214 | INFO | [RESUME] starting from trial 9
2026-03-28 19:50:53,838 | 1199214 | INFO | [RESUME] starting from trial 9
2026-03-28 19:51:22,437 | 1199214 | INFO | [RESUME] starting from trial 9
2026-03-28 19:52:01,947 | 1199214 | INFO | [RESUME] starting from trial 9
2026-03-28 19:53:05,147 | 1199214 | INFO | [RESUME] starting from trial 9
2026-03-28 19:55:20,304 | 1199214 | INFO | [RESUME] starting from trial 9
2026-03-28 19:55:24,840 | 1199214 | INFO | [RESUME] starting from trial 9
2026-03-28 19:57:22,145 | 1199214 | INFO | [RESUME] starting from trial 9
2026-03-28 19:58:58,673 | 1199214 | INFO | [RESUME] starting from trial 9
2026-03-28 19:59:01,602 | 1199214 | INFO | [RESUME] starting from trial 9
2026-03-28 19:59:17,273 | 1199214 | INFO | [TRIAL COMPLETE] trial 16 physics NSE_1D=0.90719 NSE_1H=0.88116
2026-03-28 19:59:17,624 | 1199214 | INFO | [ENQUEUE TRIAL] trial 38 physics
2026-03-28 19:59:17,625 | 1199214 | INFO | [BAYES QUEUE STATE]
2026-03-28 19:59:17,625 | 1199214 | INFO | pending_jobs = 44
2026-03-28 19:59:17,625 | 1199214 | INFO | inflight_trials = [1, 4, 5, 7, 9, 10, 12, 14, 16, 19, 20, 21, 22, 23, 24, 25, 26, 27, 28, 29, 30, 31, 32, 33, 34, 35, 36, 37]
2026-03-28 19:59:17,625 | 1199214 | INFO | queue[0000] trial 28 fold 1 physics
2026-03-28 19:59:17,625 | 1199214 | INFO | queue[0001] trial 28 fold 2 physics
2026-03-28 19:59:17,626 | 1199214 | INFO | queue[0002] trial 28 fold 3 physics
2026-03-28 19:59:17,626 | 1199214 | INFO | queue[0003] trial 28 fold 4 physics
2026-03-28 19:59:17,626 | 1199214 | INFO | queue[0004] trial 29 fold 1 physics
2026-03-28 19:59:17,626 | 1199214 | INFO | queue[0005] trial 29 fold 2 physics
2026-03-28 19:59:17,626 | 1199214 | INFO | queue[0006] trial 29 fold 3 physics
2026-03-28 19:59:17,626 | 1199214 | INFO | queue[0007] trial 29 fold 4 physics
2026-03-28 19:59:17,626 | 1199214 | INFO | queue[0008] trial 30 fold 1 physics
2026-03-28 19:59:17,626 | 1199214 | INFO | queue[0009] trial 30 fold 2 physics
2026-03-28 19:59:17,627 | 1199214 | INFO | queue[0010] trial 30 fold 3 physics
2026-03-28 19:59:17,627 | 1199214 | INFO | queue[0011] trial 30 fold 4 physics
2026-03-28 19:59:17,627 | 1199214 | INFO | queue[0012] trial 31 fold 1 physics
2026-03-28 19:59:17,627 | 1199214 | INFO | queue[0013] trial 31 fold 2 physics
2026-03-28 19:59:17,627 | 1199214 | INFO | queue[0014] trial 31 fold 3 physics
2026-03-28 19:59:17,627 | 1199214 | INFO | queue[0015] trial 31 fold 4 physics
2026-03-28 19:59:17,627 | 1199214 | INFO | queue[0016] trial 32 fold 1 physics
2026-03-28 19:59:17,627 | 1199214 | INFO | queue[0017] trial 32 fold 2 physics
2026-03-28 19:59:17,628 | 1199214 | INFO | queue[0018] trial 32 fold 3 physics
2026-03-28 19:59:17,628 | 1199214 | INFO | queue[0019] trial 32 fold 4 physics
2026-03-28 19:59:17,628 | 1199214 | INFO | queue[0020] trial 33 fold 1 physics
2026-03-28 19:59:17,628 | 1199214 | INFO | queue[0021] trial 33 fold 2 physics
2026-03-28 19:59:17,628 | 1199214 | INFO | queue[0022] trial 33 fold 3 physics
2026-03-28 19:59:17,628 | 1199214 | INFO | queue[0023] trial 33 fold 4 physics
2026-03-28 19:59:17,628 | 1199214 | INFO | queue[0024] trial 34 fold 1 physics
2026-03-28 19:59:17,629 | 1199214 | INFO | queue[0025] trial 34 fold 2 physics
2026-03-28 19:59:17,629 | 1199214 | INFO | queue[0026] trial 34 fold 3 physics
2026-03-28 19:59:17,629 | 1199214 | INFO | queue[0027] trial 34 fold 4 physics
2026-03-28 19:59:17,629 | 1199214 | INFO | queue[0028] trial 35 fold 1 physics
2026-03-28 19:59:17,629 | 1199214 | INFO | queue[0029] trial 35 fold 2 physics
2026-03-28 19:59:17,629 | 1199214 | INFO | queue[0030] trial 35 fold 3 physics
2026-03-28 19:59:17,629 | 1199214 | INFO | queue[0031] trial 35 fold 4 physics
2026-03-28 19:59:17,629 | 1199214 | INFO | queue[0032] trial 36 fold 1 physics
2026-03-28 19:59:17,630 | 1199214 | INFO | queue[0033] trial 36 fold 2 physics
2026-03-28 19:59:17,630 | 1199214 | INFO | queue[0034] trial 36 fold 3 physics
2026-03-28 19:59:17,630 | 1199214 | INFO | queue[0035] trial 36 fold 4 physics
2026-03-28 19:59:17,630 | 1199214 | INFO | queue[0036] trial 37 fold 1 physics
2026-03-28 19:59:17,630 | 1199214 | INFO | queue[0037] trial 37 fold 2 physics
2026-03-28 19:59:17,630 | 1199214 | INFO | queue[0038] trial 37 fold 3 physics
2026-03-28 19:59:17,630 | 1199214 | INFO | queue[0039] trial 37 fold 4 physics
2026-03-28 19:59:17,631 | 1199214 | INFO | queue[0040] trial 38 fold 1 physics
2026-03-28 19:59:17,631 | 1199214 | INFO | queue[0041] trial 38 fold 2 physics
2026-03-28 19:59:17,631 | 1199214 | INFO | queue[0042] trial 38 fold 3 physics
2026-03-28 19:59:17,631 | 1199214 | INFO | queue[0043] trial 38 fold 4 physics
2026-03-28 19:59:17,631 | 1199214 | INFO | [END BAYES QUEUE]
2026-03-28 19:59:17,971 | 1199214 | INFO | [ENQUEUE TRIAL] trial 39 physics
2026-03-28 19:59:17,972 | 1199214 | INFO | [BAYES QUEUE STATE]
2026-03-28 19:59:17,972 | 1199214 | INFO | pending_jobs = 48
2026-03-28 19:59:17,972 | 1199214 | INFO | inflight_trials = [1, 4, 5, 7, 9, 10, 12, 14, 16, 19, 20, 21, 22, 23, 24, 25, 26, 27, 28, 29, 30, 31, 32, 33, 34, 35, 36, 37, 38]
2026-03-28 19:59:17,973 | 1199214 | INFO | queue[0000] trial 28 fold 1 physics
2026-03-28 19:59:17,973 | 1199214 | INFO | queue[0001] trial 28 fold 2 physics
2026-03-28 19:59:17,973 | 1199214 | INFO | queue[0002] trial 28 fold 3 physics
2026-03-28 19:59:17,974 | 1199214 | INFO | queue[0003] trial 28 fold 4 physics
2026-03-28 19:59:17,974 | 1199214 | INFO | queue[0004] trial 29 fold 1 physics
2026-03-28 19:59:17,974 | 1199214 | INFO | queue[0005] trial 29 fold 2 physics
2026-03-28 19:59:17,975 | 1199214 | INFO | queue[0006] trial 29 fold 3 physics
2026-03-28 19:59:17,975 | 1199214 | INFO | queue[0007] trial 29 fold 4 physics
2026-03-28 19:59:17,975 | 1199214 | INFO | queue[0008] trial 30 fold 1 physics
2026-03-28 19:59:17,976 | 1199214 | INFO | queue[0009] trial 30 fold 2 physics
2026-03-28 19:59:17,976 | 1199214 | INFO | queue[0010] trial 30 fold 3 physics
2026-03-28 19:59:17,976 | 1199214 | INFO | queue[0011] trial 30 fold 4 physics
2026-03-28 19:59:17,976 | 1199214 | INFO | queue[0012] trial 31 fold 1 physics
2026-03-28 19:59:17,977 | 1199214 | INFO | queue[0013] trial 31 fold 2 physics
2026-03-28 19:59:17,977 | 1199214 | INFO | queue[0014] trial 31 fold 3 physics
2026-03-28 19:59:17,977 | 1199214 | INFO | queue[0015] trial 31 fold 4 physics
2026-03-28 19:59:17,977 | 1199214 | INFO | queue[0016] trial 32 fold 1 physics
2026-03-28 19:59:17,978 | 1199214 | INFO | queue[0017] trial 32 fold 2 physics
2026-03-28 19:59:17,978 | 1199214 | INFO | queue[0018] trial 32 fold 3 physics
2026-03-28 19:59:17,978 | 1199214 | INFO | queue[0019] trial 32 fold 4 physics
2026-03-28 19:59:17,978 | 1199214 | INFO | queue[0020] trial 33 fold 1 physics
2026-03-28 19:59:17,978 | 1199214 | INFO | queue[0021] trial 33 fold 2 physics
2026-03-28 19:59:17,978 | 1199214 | INFO | queue[0022] trial 33 fold 3 physics
2026-03-28 19:59:17,979 | 1199214 | INFO | queue[0023] trial 33 fold 4 physics
2026-03-28 19:59:17,979 | 1199214 | INFO | queue[0024] trial 34 fold 1 physics
2026-03-28 19:59:17,979 | 1199214 | INFO | queue[0025] trial 34 fold 2 physics
2026-03-28 19:59:17,979 | 1199214 | INFO | queue[0026] trial 34 fold 3 physics
2026-03-28 19:59:17,979 | 1199214 | INFO | queue[0027] trial 34 fold 4 physics
2026-03-28 19:59:17,980 | 1199214 | INFO | queue[0028] trial 35 fold 1 physics
2026-03-28 19:59:17,980 | 1199214 | INFO | queue[0029] trial 35 fold 2 physics
2026-03-28 19:59:17,980 | 1199214 | INFO | queue[0030] trial 35 fold 3 physics
2026-03-28 19:59:17,980 | 1199214 | INFO | queue[0031] trial 35 fold 4 physics
2026-03-28 19:59:17,980 | 1199214 | INFO | queue[0032] trial 36 fold 1 physics
2026-03-28 19:59:17,981 | 1199214 | INFO | queue[0033] trial 36 fold 2 physics
2026-03-28 19:59:17,981 | 1199214 | INFO | queue[0034] trial 36 fold 3 physics
2026-03-28 19:59:17,981 | 1199214 | INFO | queue[0035] trial 36 fold 4 physics
2026-03-28 19:59:17,981 | 1199214 | INFO | queue[0036] trial 37 fold 1 physics
2026-03-28 19:59:17,981 | 1199214 | INFO | queue[0037] trial 37 fold 2 physics
2026-03-28 19:59:17,982 | 1199214 | INFO | queue[0038] trial 37 fold 3 physics
2026-03-28 19:59:17,982 | 1199214 | INFO | queue[0039] trial 37 fold 4 physics
2026-03-28 19:59:17,982 | 1199214 | INFO | queue[0040] trial 38 fold 1 physics
2026-03-28 19:59:17,982 | 1199214 | INFO | queue[0041] trial 38 fold 2 physics
2026-03-28 19:59:17,982 | 1199214 | INFO | queue[0042] trial 38 fold 3 physics
2026-03-28 19:59:17,983 | 1199214 | INFO | queue[0043] trial 38 fold 4 physics
2026-03-28 19:59:17,983 | 1199214 | INFO | queue[0044] trial 39 fold 1 physics
2026-03-28 19:59:17,983 | 1199214 | INFO | queue[0045] trial 39 fold 2 physics
2026-03-28 19:59:17,983 | 1199214 | INFO | queue[0046] trial 39 fold 3 physics
2026-03-28 19:59:17,983 | 1199214 | INFO | queue[0047] trial 39 fold 4 physics
2026-03-28 19:59:17,984 | 1199214 | INFO | [END BAYES QUEUE]
2026-03-28 19:59:18,323 | 1199214 | INFO | [ENQUEUE TRIAL] trial 40 physics
2026-03-28 19:59:18,326 | 1199214 | INFO | [BAYES QUEUE STATE]
2026-03-28 19:59:18,326 | 1199214 | INFO | pending_jobs = 52
2026-03-28 19:59:18,326 | 1199214 | INFO | inflight_trials = [1, 4, 5, 7, 9, 10, 12, 14, 16, 19, 20, 21, 22, 23, 24, 25, 26, 27, 28, 29, 30, 31, 32, 33, 34, 35, 36, 37, 38, 39]
2026-03-28 19:59:18,326 | 1199214 | INFO | queue[0000] trial 28 fold 1 physics
2026-03-28 19:59:18,326 | 1199214 | INFO | queue[0001] trial 28 fold 2 physics
2026-03-28 19:59:18,326 | 1199214 | INFO | queue[0002] trial 28 fold 3 physics
2026-03-28 19:59:18,326 | 1199214 | INFO | queue[0003] trial 28 fold 4 physics
2026-03-28 19:59:18,327 | 1199214 | INFO | queue[0004] trial 29 fold 1 physics
2026-03-28 19:59:18,327 | 1199214 | INFO | queue[0005] trial 29 fold 2 physics
2026-03-28 19:59:18,327 | 1199214 | INFO | queue[0006] trial 29 fold 3 physics
2026-03-28 19:59:18,327 | 1199214 | INFO | queue[0007] trial 29 fold 4 physics
2026-03-28 19:59:18,327 | 1199214 | INFO | queue[0008] trial 30 fold 1 physics
2026-03-28 19:59:18,327 | 1199214 | INFO | queue[0009] trial 30 fold 2 physics
2026-03-28 19:59:18,327 | 1199214 | INFO | queue[0010] trial 30 fold 3 physics
2026-03-28 19:59:18,328 | 1199214 | INFO | queue[0011] trial 30 fold 4 physics
2026-03-28 19:59:18,328 | 1199214 | INFO | queue[0012] trial 31 fold 1 physics
2026-03-28 19:59:18,328 | 1199214 | INFO | queue[0013] trial 31 fold 2 physics
2026-03-28 19:59:18,328 | 1199214 | INFO | queue[0014] trial 31 fold 3 physics
2026-03-28 19:59:18,328 | 1199214 | INFO | queue[0015] trial 31 fold 4 physics
2026-03-28 19:59:18,328 | 1199214 | INFO | queue[0016] trial 32 fold 1 physics
2026-03-28 19:59:18,328 | 1199214 | INFO | queue[0017] trial 32 fold 2 physics
2026-03-28 19:59:18,329 | 1199214 | INFO | queue[0018] trial 32 fold 3 physics
2026-03-28 19:59:18,329 | 1199214 | INFO | queue[0019] trial 32 fold 4 physics
2026-03-28 19:59:18,329 | 1199214 | INFO | queue[0020] trial 33 fold 1 physics
2026-03-28 19:59:18,329 | 1199214 | INFO | queue[0021] trial 33 fold 2 physics
2026-03-28 19:59:18,329 | 1199214 | INFO | queue[0022] trial 33 fold 3 physics
2026-03-28 19:59:18,329 | 1199214 | INFO | queue[0023] trial 33 fold 4 physics
2026-03-28 19:59:18,329 | 1199214 | INFO | queue[0024] trial 34 fold 1 physics
2026-03-28 19:59:18,330 | 1199214 | INFO | queue[0025] trial 34 fold 2 physics
2026-03-28 19:59:18,330 | 1199214 | INFO | queue[0026] trial 34 fold 3 physics
2026-03-28 19:59:18,330 | 1199214 | INFO | queue[0027] trial 34 fold 4 physics
2026-03-28 19:59:18,330 | 1199214 | INFO | queue[0028] trial 35 fold 1 physics
2026-03-28 19:59:18,330 | 1199214 | INFO | queue[0029] trial 35 fold 2 physics
2026-03-28 19:59:18,330 | 1199214 | INFO | queue[0030] trial 35 fold 3 physics
2026-03-28 19:59:18,330 | 1199214 | INFO | queue[0031] trial 35 fold 4 physics
2026-03-28 19:59:18,331 | 1199214 | INFO | queue[0032] trial 36 fold 1 physics
2026-03-28 19:59:18,331 | 1199214 | INFO | queue[0033] trial 36 fold 2 physics
2026-03-28 19:59:18,331 | 1199214 | INFO | queue[0034] trial 36 fold 3 physics
2026-03-28 19:59:18,331 | 1199214 | INFO | queue[0035] trial 36 fold 4 physics
2026-03-28 19:59:18,331 | 1199214 | INFO | queue[0036] trial 37 fold 1 physics
2026-03-28 19:59:18,331 | 1199214 | INFO | queue[0037] trial 37 fold 2 physics
2026-03-28 19:59:18,331 | 1199214 | INFO | queue[0038] trial 37 fold 3 physics
2026-03-28 19:59:18,332 | 1199214 | INFO | queue[0039] trial 37 fold 4 physics
2026-03-28 19:59:18,332 | 1199214 | INFO | queue[0040] trial 38 fold 1 physics
2026-03-28 19:59:18,332 | 1199214 | INFO | queue[0041] trial 38 fold 2 physics
2026-03-28 19:59:18,332 | 1199214 | INFO | queue[0042] trial 38 fold 3 physics
2026-03-28 19:59:18,333 | 1199214 | INFO | queue[0043] trial 38 fold 4 physics
2026-03-28 19:59:18,333 | 1199214 | INFO | queue[0044] trial 39 fold 1 physics
2026-03-28 19:59:18,333 | 1199214 | INFO | queue[0045] trial 39 fold 2 physics
2026-03-28 19:59:18,333 | 1199214 | INFO | queue[0046] trial 39 fold 3 physics
2026-03-28 19:59:18,334 | 1199214 | INFO | queue[0047] trial 39 fold 4 physics
2026-03-28 19:59:18,334 | 1199214 | INFO | queue[0048] trial 40 fold 1 physics
2026-03-28 19:59:18,334 | 1199214 | INFO | queue[0049] trial 40 fold 2 physics
2026-03-28 19:59:18,334 | 1199214 | INFO | queue[0050] trial 40 fold 3 physics
2026-03-28 19:59:18,334 | 1199214 | INFO | queue[0051] trial 40 fold 4 physics
2026-03-28 19:59:18,334 | 1199214 | INFO | [END BAYES QUEUE]
2026-03-28 19:59:18,342 | 1199214 | INFO | [RESUME] starting from trial 10
2026-03-28 20:01:29,466 | 1199214 | INFO | [RESUME] starting from trial 10
2026-03-28 20:03:58,247 | 1199214 | INFO | [RESUME] starting from trial 10
2026-03-28 20:04:01,377 | 1199214 | INFO | [RESUME] starting from trial 10
2026-03-28 20:04:26,356 | 1199214 | INFO | [RESUME] starting from trial 10
2026-03-28 20:06:12,026 | 1199214 | INFO | [RESUME] starting from trial 10
2026-03-28 20:06:28,084 | 1199214 | INFO | [RESUME] starting from trial 10
2026-03-28 20:06:49,353 | 1199214 | INFO | [RESUME] starting from trial 10
2026-03-28 20:08:13,369 | 1199214 | INFO | [RESUME] starting from trial 10
2026-03-28 20:09:26,667 | 1199214 | INFO | [RESUME] starting from trial 10
2026-03-28 20:09:58,373 | 1199214 | INFO | [RESUME] starting from trial 10
2026-03-28 20:09:58,788 | 1199214 | INFO | [RESUME] starting from trial 10
2026-03-28 20:10:22,461 | 1199214 | INFO | [RESUME] starting from trial 10
2026-03-28 20:12:16,769 | 1199214 | INFO | [TRIAL COMPLETE] trial 2 physics NSE_1D=0.89659 NSE_1H=0.87752
2026-03-28 20:12:17,102 | 1199214 | INFO | [ENQUEUE TRIAL] trial 41 physics
2026-03-28 20:12:17,102 | 1199214 | INFO | [BAYES QUEUE STATE]
2026-03-28 20:12:17,102 | 1199214 | INFO | pending_jobs = 43
2026-03-28 20:12:17,102 | 1199214 | INFO | inflight_trials = [4, 5, 7, 9, 10, 12, 14, 16, 19, 20, 21, 22, 23, 24, 25, 26, 27, 28, 29, 30, 31, 32, 33, 34, 35, 36, 37, 38, 39, 40]
2026-03-28 20:12:17,102 | 1199214 | INFO | queue[0000] trial 31 fold 2 physics
2026-03-28 20:12:17,102 | 1199214 | INFO | queue[0001] trial 31 fold 3 physics
2026-03-28 20:12:17,103 | 1199214 | INFO | queue[0002] trial 31 fold 4 physics
2026-03-28 20:12:17,103 | 1199214 | INFO | queue[0003] trial 32 fold 1 physics
2026-03-28 20:12:17,103 | 1199214 | INFO | queue[0004] trial 32 fold 2 physics
2026-03-28 20:12:17,103 | 1199214 | INFO | queue[0005] trial 32 fold 3 physics
2026-03-28 20:12:17,103 | 1199214 | INFO | queue[0006] trial 32 fold 4 physics
2026-03-28 20:12:17,103 | 1199214 | INFO | queue[0007] trial 33 fold 1 physics
2026-03-28 20:12:17,103 | 1199214 | INFO | queue[0008] trial 33 fold 2 physics
2026-03-28 20:12:17,103 | 1199214 | INFO | queue[0009] trial 33 fold 3 physics
2026-03-28 20:12:17,104 | 1199214 | INFO | queue[0010] trial 33 fold 4 physics
2026-03-28 20:12:17,104 | 1199214 | INFO | queue[0011] trial 34 fold 1 physics
2026-03-28 20:12:17,104 | 1199214 | INFO | queue[0012] trial 34 fold 2 physics
2026-03-28 20:12:17,104 | 1199214 | INFO | queue[0013] trial 34 fold 3 physics
2026-03-28 20:12:17,104 | 1199214 | INFO | queue[0014] trial 34 fold 4 physics
2026-03-28 20:12:17,104 | 1199214 | INFO | queue[0015] trial 35 fold 1 physics
2026-03-28 20:12:17,104 | 1199214 | INFO | queue[0016] trial 35 fold 2 physics
2026-03-28 20:12:17,104 | 1199214 | INFO | queue[0017] trial 35 fold 3 physics
2026-03-28 20:12:17,105 | 1199214 | INFO | queue[0018] trial 35 fold 4 physics
2026-03-28 20:12:17,105 | 1199214 | INFO | queue[0019] trial 36 fold 1 physics
2026-03-28 20:12:17,105 | 1199214 | INFO | queue[0020] trial 36 fold 2 physics
2026-03-28 20:12:17,105 | 1199214 | INFO | queue[0021] trial 36 fold 3 physics
2026-03-28 20:12:17,105 | 1199214 | INFO | queue[0022] trial 36 fold 4 physics
2026-03-28 20:12:17,105 | 1199214 | INFO | queue[0023] trial 37 fold 1 physics
2026-03-28 20:12:17,105 | 1199214 | INFO | queue[0024] trial 37 fold 2 physics
2026-03-28 20:12:17,105 | 1199214 | INFO | queue[0025] trial 37 fold 3 physics
2026-03-28 20:12:17,106 | 1199214 | INFO | queue[0026] trial 37 fold 4 physics
2026-03-28 20:12:17,106 | 1199214 | INFO | queue[0027] trial 38 fold 1 physics
2026-03-28 20:12:17,106 | 1199214 | INFO | queue[0028] trial 38 fold 2 physics
2026-03-28 20:12:17,106 | 1199214 | INFO | queue[0029] trial 38 fold 3 physics
2026-03-28 20:12:17,106 | 1199214 | INFO | queue[0030] trial 38 fold 4 physics
2026-03-28 20:12:17,106 | 1199214 | INFO | queue[0031] trial 39 fold 1 physics
2026-03-28 20:12:17,106 | 1199214 | INFO | queue[0032] trial 39 fold 2 physics
2026-03-28 20:12:17,106 | 1199214 | INFO | queue[0033] trial 39 fold 3 physics
2026-03-28 20:12:17,107 | 1199214 | INFO | queue[0034] trial 39 fold 4 physics
2026-03-28 20:12:17,107 | 1199214 | INFO | queue[0035] trial 40 fold 1 physics
2026-03-28 20:12:17,107 | 1199214 | INFO | queue[0036] trial 40 fold 2 physics
2026-03-28 20:12:17,107 | 1199214 | INFO | queue[0037] trial 40 fold 3 physics
2026-03-28 20:12:17,107 | 1199214 | INFO | queue[0038] trial 40 fold 4 physics
2026-03-28 20:12:17,107 | 1199214 | INFO | queue[0039] trial 41 fold 1 physics
2026-03-28 20:12:17,107 | 1199214 | INFO | queue[0040] trial 41 fold 2 physics
2026-03-28 20:12:17,108 | 1199214 | INFO | queue[0041] trial 41 fold 3 physics
2026-03-28 20:12:17,108 | 1199214 | INFO | queue[0042] trial 41 fold 4 physics
2026-03-28 20:12:17,108 | 1199214 | INFO | [END BAYES QUEUE]
2026-03-28 20:12:17,428 | 1199214 | INFO | [ENQUEUE TRIAL] trial 42 physics
2026-03-28 20:12:17,428 | 1199214 | INFO | [BAYES QUEUE STATE]
2026-03-28 20:12:17,429 | 1199214 | INFO | pending_jobs = 47
2026-03-28 20:12:17,429 | 1199214 | INFO | inflight_trials = [4, 5, 7, 9, 10, 12, 14, 16, 19, 20, 21, 22, 23, 24, 25, 26, 27, 28, 29, 30, 31, 32, 33, 34, 35, 36, 37, 38, 39, 40, 41]
2026-03-28 20:12:17,429 | 1199214 | INFO | queue[0000] trial 31 fold 2 physics
2026-03-28 20:12:17,430 | 1199214 | INFO | queue[0001] trial 31 fold 3 physics
2026-03-28 20:12:17,430 | 1199214 | INFO | queue[0002] trial 31 fold 4 physics
2026-03-28 20:12:17,430 | 1199214 | INFO | queue[0003] trial 32 fold 1 physics
2026-03-28 20:12:17,431 | 1199214 | INFO | queue[0004] trial 32 fold 2 physics
2026-03-28 20:12:17,431 | 1199214 | INFO | queue[0005] trial 32 fold 3 physics
2026-03-28 20:12:17,431 | 1199214 | INFO | queue[0006] trial 32 fold 4 physics
2026-03-28 20:12:17,432 | 1199214 | INFO | queue[0007] trial 33 fold 1 physics
2026-03-28 20:12:17,432 | 1199214 | INFO | queue[0008] trial 33 fold 2 physics
2026-03-28 20:12:17,432 | 1199214 | INFO | queue[0009] trial 33 fold 3 physics
2026-03-28 20:12:17,433 | 1199214 | INFO | queue[0010] trial 33 fold 4 physics
2026-03-28 20:12:17,433 | 1199214 | INFO | queue[0011] trial 34 fold 1 physics
2026-03-28 20:12:17,433 | 1199214 | INFO | queue[0012] trial 34 fold 2 physics
2026-03-28 20:12:17,434 | 1199214 | INFO | queue[0013] trial 34 fold 3 physics
2026-03-28 20:12:17,434 | 1199214 | INFO | queue[0014] trial 34 fold 4 physics
2026-03-28 20:12:17,434 | 1199214 | INFO | queue[0015] trial 35 fold 1 physics
2026-03-28 20:12:17,435 | 1199214 | INFO | queue[0016] trial 35 fold 2 physics
2026-03-28 20:12:17,435 | 1199214 | INFO | queue[0017] trial 35 fold 3 physics
2026-03-28 20:12:17,435 | 1199214 | INFO | queue[0018] trial 35 fold 4 physics
2026-03-28 20:12:17,436 | 1199214 | INFO | queue[0019] trial 36 fold 1 physics
2026-03-28 20:12:17,436 | 1199214 | INFO | queue[0020] trial 36 fold 2 physics
2026-03-28 20:12:17,436 | 1199214 | INFO | queue[0021] trial 36 fold 3 physics
2026-03-28 20:12:17,437 | 1199214 | INFO | queue[0022] trial 36 fold 4 physics
2026-03-28 20:12:17,437 | 1199214 | INFO | queue[0023] trial 37 fold 1 physics
2026-03-28 20:12:17,437 | 1199214 | INFO | queue[0024] trial 37 fold 2 physics
2026-03-28 20:12:17,437 | 1199214 | INFO | queue[0025] trial 37 fold 3 physics
2026-03-28 20:12:17,437 | 1199214 | INFO | queue[0026] trial 37 fold 4 physics
2026-03-28 20:12:17,437 | 1199214 | INFO | queue[0027] trial 38 fold 1 physics
2026-03-28 20:12:17,438 | 1199214 | INFO | queue[0028] trial 38 fold 2 physics
2026-03-28 20:12:17,438 | 1199214 | INFO | queue[0029] trial 38 fold 3 physics
2026-03-28 20:12:17,438 | 1199214 | INFO | queue[0030] trial 38 fold 4 physics
2026-03-28 20:12:17,438 | 1199214 | INFO | queue[0031] trial 39 fold 1 physics
2026-03-28 20:12:17,438 | 1199214 | INFO | queue[0032] trial 39 fold 2 physics
2026-03-28 20:12:17,438 | 1199214 | INFO | queue[0033] trial 39 fold 3 physics
2026-03-28 20:12:17,438 | 1199214 | INFO | queue[0034] trial 39 fold 4 physics
2026-03-28 20:12:17,439 | 1199214 | INFO | queue[0035] trial 40 fold 1 physics
2026-03-28 20:12:17,439 | 1199214 | INFO | queue[0036] trial 40 fold 2 physics
2026-03-28 20:12:17,439 | 1199214 | INFO | queue[0037] trial 40 fold 3 physics
2026-03-28 20:12:17,439 | 1199214 | INFO | queue[0038] trial 40 fold 4 physics
2026-03-28 20:12:17,439 | 1199214 | INFO | queue[0039] trial 41 fold 1 physics
2026-03-28 20:12:17,439 | 1199214 | INFO | queue[0040] trial 41 fold 2 physics
2026-03-28 20:12:17,439 | 1199214 | INFO | queue[0041] trial 41 fold 3 physics
2026-03-28 20:12:17,440 | 1199214 | INFO | queue[0042] trial 41 fold 4 physics
2026-03-28 20:12:17,440 | 1199214 | INFO | queue[0043] trial 42 fold 1 physics
2026-03-28 20:12:17,440 | 1199214 | INFO | queue[0044] trial 42 fold 2 physics
2026-03-28 20:12:17,440 | 1199214 | INFO | queue[0045] trial 42 fold 3 physics
2026-03-28 20:12:17,440 | 1199214 | INFO | queue[0046] trial 42 fold 4 physics
2026-03-28 20:12:17,440 | 1199214 | INFO | [END BAYES QUEUE]
2026-03-28 20:12:17,749 | 1199214 | INFO | [ENQUEUE TRIAL] trial 43 physics
2026-03-28 20:12:17,752 | 1199214 | INFO | [BAYES QUEUE STATE]
2026-03-28 20:12:17,753 | 1199214 | INFO | pending_jobs = 51
2026-03-28 20:12:17,753 | 1199214 | INFO | inflight_trials = [4, 5, 7, 9, 10, 12, 14, 16, 19, 20, 21, 22, 23, 24, 25, 26, 27, 28, 29, 30, 31, 32, 33, 34, 35, 36, 37, 38, 39, 40, 41, 42]
2026-03-28 20:12:17,753 | 1199214 | INFO | queue[0000] trial 31 fold 2 physics
2026-03-28 20:12:17,754 | 1199214 | INFO | queue[0001] trial 31 fold 3 physics
2026-03-28 20:12:17,754 | 1199214 | INFO | queue[0002] trial 31 fold 4 physics
2026-03-28 20:12:17,754 | 1199214 | INFO | queue[0003] trial 32 fold 1 physics
2026-03-28 20:12:17,755 | 1199214 | INFO | queue[0004] trial 32 fold 2 physics
2026-03-28 20:12:17,755 | 1199214 | INFO | queue[0005] trial 32 fold 3 physics
2026-03-28 20:12:17,755 | 1199214 | INFO | queue[0006] trial 32 fold 4 physics
2026-03-28 20:12:17,756 | 1199214 | INFO | queue[0007] trial 33 fold 1 physics
2026-03-28 20:12:17,756 | 1199214 | INFO | queue[0008] trial 33 fold 2 physics
2026-03-28 20:12:17,756 | 1199214 | INFO | queue[0009] trial 33 fold 3 physics
2026-03-28 20:12:17,757 | 1199214 | INFO | queue[0010] trial 33 fold 4 physics
2026-03-28 20:12:17,757 | 1199214 | INFO | queue[0011] trial 34 fold 1 physics
2026-03-28 20:12:17,757 | 1199214 | INFO | queue[0012] trial 34 fold 2 physics
2026-03-28 20:12:17,758 | 1199214 | INFO | queue[0013] trial 34 fold 3 physics
2026-03-28 20:12:17,758 | 1199214 | INFO | queue[0014] trial 34 fold 4 physics
2026-03-28 20:12:17,758 | 1199214 | INFO | queue[0015] trial 35 fold 1 physics
2026-03-28 20:12:17,759 | 1199214 | INFO | queue[0016] trial 35 fold 2 physics
2026-03-28 20:12:17,759 | 1199214 | INFO | queue[0017] trial 35 fold 3 physics
2026-03-28 20:12:17,759 | 1199214 | INFO | queue[0018] trial 35 fold 4 physics
2026-03-28 20:12:17,760 | 1199214 | INFO | queue[0019] trial 36 fold 1 physics
2026-03-28 20:12:17,760 | 1199214 | INFO | queue[0020] trial 36 fold 2 physics
2026-03-28 20:12:17,760 | 1199214 | INFO | queue[0021] trial 36 fold 3 physics
2026-03-28 20:12:17,760 | 1199214 | INFO | queue[0022] trial 36 fold 4 physics
2026-03-28 20:12:17,761 | 1199214 | INFO | queue[0023] trial 37 fold 1 physics
2026-03-28 20:12:17,761 | 1199214 | INFO | queue[0024] trial 37 fold 2 physics
2026-03-28 20:12:17,761 | 1199214 | INFO | queue[0025] trial 37 fold 3 physics
2026-03-28 20:12:17,761 | 1199214 | INFO | queue[0026] trial 37 fold 4 physics
2026-03-28 20:12:17,761 | 1199214 | INFO | queue[0027] trial 38 fold 1 physics
2026-03-28 20:12:17,761 | 1199214 | INFO | queue[0028] trial 38 fold 2 physics
2026-03-28 20:12:17,761 | 1199214 | INFO | queue[0029] trial 38 fold 3 physics
2026-03-28 20:12:17,761 | 1199214 | INFO | queue[0030] trial 38 fold 4 physics
2026-03-28 20:12:17,762 | 1199214 | INFO | queue[0031] trial 39 fold 1 physics
2026-03-28 20:12:17,762 | 1199214 | INFO | queue[0032] trial 39 fold 2 physics
2026-03-28 20:12:17,762 | 1199214 | INFO | queue[0033] trial 39 fold 3 physics
2026-03-28 20:12:17,762 | 1199214 | INFO | queue[0034] trial 39 fold 4 physics
2026-03-28 20:12:17,762 | 1199214 | INFO | queue[0035] trial 40 fold 1 physics
2026-03-28 20:12:17,762 | 1199214 | INFO | queue[0036] trial 40 fold 2 physics
2026-03-28 20:12:17,762 | 1199214 | INFO | queue[0037] trial 40 fold 3 physics
2026-03-28 20:12:17,763 | 1199214 | INFO | queue[0038] trial 40 fold 4 physics
2026-03-28 20:12:17,763 | 1199214 | INFO | queue[0039] trial 41 fold 1 physics
2026-03-28 20:12:17,763 | 1199214 | INFO | queue[0040] trial 41 fold 2 physics
2026-03-28 20:12:17,763 | 1199214 | INFO | queue[0041] trial 41 fold 3 physics
2026-03-28 20:12:17,763 | 1199214 | INFO | queue[0042] trial 41 fold 4 physics
2026-03-28 20:12:17,763 | 1199214 | INFO | queue[0043] trial 42 fold 1 physics
2026-03-28 20:12:17,763 | 1199214 | INFO | queue[0044] trial 42 fold 2 physics
2026-03-28 20:12:17,763 | 1199214 | INFO | queue[0045] trial 42 fold 3 physics
2026-03-28 20:12:17,764 | 1199214 | INFO | queue[0046] trial 42 fold 4 physics
2026-03-28 20:12:17,764 | 1199214 | INFO | queue[0047] trial 43 fold 1 physics
2026-03-28 20:12:17,764 | 1199214 | INFO | queue[0048] trial 43 fold 2 physics
2026-03-28 20:12:17,764 | 1199214 | INFO | queue[0049] trial 43 fold 3 physics
2026-03-28 20:12:17,764 | 1199214 | INFO | queue[0050] trial 43 fold 4 physics
2026-03-28 20:12:17,764 | 1199214 | INFO | [END BAYES QUEUE]
2026-03-28 20:12:17,771 | 1199214 | INFO | [RESUME] starting from trial 11
2026-03-28 20:12:37,233 | 1199214 | INFO | [RESUME] starting from trial 11
2026-03-28 20:12:53,290 | 1199214 | INFO | [TRIAL COMPLETE] trial 23 physics NSE_1D=0.87651 NSE_1H=0.86071
2026-03-28 20:12:53,607 | 1199214 | INFO | [ENQUEUE TRIAL] trial 44 physics
2026-03-28 20:12:53,607 | 1199214 | INFO | [BAYES QUEUE STATE]
2026-03-28 20:12:53,607 | 1199214 | INFO | pending_jobs = 53
2026-03-28 20:12:53,607 | 1199214 | INFO | inflight_trials = [4, 5, 7, 9, 10, 12, 14, 16, 19, 20, 21, 23, 24, 25, 26, 27, 28, 29, 30, 31, 32, 33, 34, 35, 36, 37, 38, 39, 40, 41, 42, 43]
2026-03-28 20:12:53,607 | 1199214 | INFO | queue[0000] trial 31 fold 4 physics
2026-03-28 20:12:53,608 | 1199214 | INFO | queue[0001] trial 32 fold 1 physics
2026-03-28 20:12:53,608 | 1199214 | INFO | queue[0002] trial 32 fold 2 physics
2026-03-28 20:12:53,608 | 1199214 | INFO | queue[0003] trial 32 fold 3 physics
2026-03-28 20:12:53,608 | 1199214 | INFO | queue[0004] trial 32 fold 4 physics
2026-03-28 20:12:53,608 | 1199214 | INFO | queue[0005] trial 33 fold 1 physics
2026-03-28 20:12:53,608 | 1199214 | INFO | queue[0006] trial 33 fold 2 physics
2026-03-28 20:12:53,608 | 1199214 | INFO | queue[0007] trial 33 fold 3 physics
2026-03-28 20:12:53,608 | 1199214 | INFO | queue[0008] trial 33 fold 4 physics
2026-03-28 20:12:53,609 | 1199214 | INFO | queue[0009] trial 34 fold 1 physics
2026-03-28 20:12:53,609 | 1199214 | INFO | queue[0010] trial 34 fold 2 physics
2026-03-28 20:12:53,609 | 1199214 | INFO | queue[0011] trial 34 fold 3 physics
2026-03-28 20:12:53,609 | 1199214 | INFO | queue[0012] trial 34 fold 4 physics
2026-03-28 20:12:53,609 | 1199214 | INFO | queue[0013] trial 35 fold 1 physics
2026-03-28 20:12:53,609 | 1199214 | INFO | queue[0014] trial 35 fold 2 physics
2026-03-28 20:12:53,609 | 1199214 | INFO | queue[0015] trial 35 fold 3 physics
2026-03-28 20:12:53,610 | 1199214 | INFO | queue[0016] trial 35 fold 4 physics
2026-03-28 20:12:53,610 | 1199214 | INFO | queue[0017] trial 36 fold 1 physics
2026-03-28 20:12:53,610 | 1199214 | INFO | queue[0018] trial 36 fold 2 physics
2026-03-28 20:12:53,610 | 1199214 | INFO | queue[0019] trial 36 fold 3 physics
2026-03-28 20:12:53,610 | 1199214 | INFO | queue[0020] trial 36 fold 4 physics
2026-03-28 20:12:53,610 | 1199214 | INFO | queue[0021] trial 37 fold 1 physics
2026-03-28 20:12:53,610 | 1199214 | INFO | queue[0022] trial 37 fold 2 physics
2026-03-28 20:12:53,610 | 1199214 | INFO | queue[0023] trial 37 fold 3 physics
2026-03-28 20:12:53,611 | 1199214 | INFO | queue[0024] trial 37 fold 4 physics
2026-03-28 20:12:53,611 | 1199214 | INFO | queue[0025] trial 38 fold 1 physics
2026-03-28 20:12:53,611 | 1199214 | INFO | queue[0026] trial 38 fold 2 physics
2026-03-28 20:12:53,611 | 1199214 | INFO | queue[0027] trial 38 fold 3 physics
2026-03-28 20:12:53,611 | 1199214 | INFO | queue[0028] trial 38 fold 4 physics
2026-03-28 20:12:53,611 | 1199214 | INFO | queue[0029] trial 39 fold 1 physics
2026-03-28 20:12:53,611 | 1199214 | INFO | queue[0030] trial 39 fold 2 physics
2026-03-28 20:12:53,611 | 1199214 | INFO | queue[0031] trial 39 fold 3 physics
2026-03-28 20:12:53,612 | 1199214 | INFO | queue[0032] trial 39 fold 4 physics
2026-03-28 20:12:53,612 | 1199214 | INFO | queue[0033] trial 40 fold 1 physics
2026-03-28 20:12:53,612 | 1199214 | INFO | queue[0034] trial 40 fold 2 physics
2026-03-28 20:12:53,612 | 1199214 | INFO | queue[0035] trial 40 fold 3 physics
2026-03-28 20:12:53,612 | 1199214 | INFO | queue[0036] trial 40 fold 4 physics
2026-03-28 20:12:53,612 | 1199214 | INFO | queue[0037] trial 41 fold 1 physics
2026-03-28 20:12:53,612 | 1199214 | INFO | queue[0038] trial 41 fold 2 physics
2026-03-28 20:12:53,612 | 1199214 | INFO | queue[0039] trial 41 fold 3 physics
2026-03-28 20:12:53,612 | 1199214 | INFO | queue[0040] trial 41 fold 4 physics
2026-03-28 20:12:53,613 | 1199214 | INFO | queue[0041] trial 42 fold 1 physics
2026-03-28 20:12:53,613 | 1199214 | INFO | queue[0042] trial 42 fold 2 physics
2026-03-28 20:12:53,613 | 1199214 | INFO | queue[0043] trial 42 fold 3 physics
2026-03-28 20:12:53,613 | 1199214 | INFO | queue[0044] trial 42 fold 4 physics
2026-03-28 20:12:53,613 | 1199214 | INFO | queue[0045] trial 43 fold 1 physics
2026-03-28 20:12:53,613 | 1199214 | INFO | queue[0046] trial 43 fold 2 physics
2026-03-28 20:12:53,613 | 1199214 | INFO | queue[0047] trial 43 fold 3 physics
2026-03-28 20:12:53,613 | 1199214 | INFO | queue[0048] trial 43 fold 4 physics
2026-03-28 20:12:53,614 | 1199214 | INFO | queue[0049] trial 44 fold 1 physics
2026-03-28 20:12:53,614 | 1199214 | INFO | queue[0050] trial 44 fold 2 physics
2026-03-28 20:12:53,614 | 1199214 | INFO | queue[0051] trial 44 fold 3 physics
2026-03-28 20:12:53,614 | 1199214 | INFO | queue[0052] trial 44 fold 4 physics
2026-03-28 20:12:53,614 | 1199214 | INFO | [END BAYES QUEUE]
2026-03-28 20:12:53,622 | 1199214 | INFO | [RESUME] starting from trial 12
2026-03-28 20:13:27,913 | 1199214 | INFO | [TRIAL COMPLETE] trial 17 physics NSE_1D=0.90120 NSE_1H=0.88457
2026-03-28 20:13:27,931 | 1199214 | INFO | [RESUME] starting from trial 13
2026-03-28 20:13:36,465 | 1199214 | INFO | [RESUME] starting from trial 13
2026-03-28 20:14:06,467 | 1199214 | INFO | [TRIAL COMPLETE] trial 6 physics NSE_1D=0.91636 NSE_1H=0.88677
2026-03-28 20:14:06,778 | 1199214 | INFO | [ENQUEUE TRIAL] trial 45 physics
2026-03-28 20:14:06,779 | 1199214 | INFO | [BAYES QUEUE STATE]
2026-03-28 20:14:06,779 | 1199214 | INFO | pending_jobs = 54
2026-03-28 20:14:06,779 | 1199214 | INFO | inflight_trials = [4, 7, 9, 10, 12, 14, 19, 20, 21, 23, 24, 25, 26, 27, 28, 29, 30, 31, 32, 33, 34, 35, 36, 37, 38, 39, 40, 41, 42, 43, 44]
2026-03-28 20:14:06,779 | 1199214 | INFO | queue[0000] trial 32 fold 3 physics
2026-03-28 20:14:06,779 | 1199214 | INFO | queue[0001] trial 32 fold 4 physics
2026-03-28 20:14:06,780 | 1199214 | INFO | queue[0002] trial 33 fold 1 physics
2026-03-28 20:14:06,780 | 1199214 | INFO | queue[0003] trial 33 fold 2 physics
2026-03-28 20:14:06,780 | 1199214 | INFO | queue[0004] trial 33 fold 3 physics
2026-03-28 20:14:06,780 | 1199214 | INFO | queue[0005] trial 33 fold 4 physics
2026-03-28 20:14:06,780 | 1199214 | INFO | queue[0006] trial 34 fold 1 physics
2026-03-28 20:14:06,781 | 1199214 | INFO | queue[0007] trial 34 fold 2 physics
2026-03-28 20:14:06,781 | 1199214 | INFO | queue[0008] trial 34 fold 3 physics
2026-03-28 20:14:06,781 | 1199214 | INFO | queue[0009] trial 34 fold 4 physics
2026-03-28 20:14:06,781 | 1199214 | INFO | queue[0010] trial 35 fold 1 physics
2026-03-28 20:14:06,781 | 1199214 | INFO | queue[0011] trial 35 fold 2 physics
2026-03-28 20:14:06,781 | 1199214 | INFO | queue[0012] trial 35 fold 3 physics
2026-03-28 20:14:06,782 | 1199214 | INFO | queue[0013] trial 35 fold 4 physics
2026-03-28 20:14:06,782 | 1199214 | INFO | queue[0014] trial 36 fold 1 physics
2026-03-28 20:14:06,782 | 1199214 | INFO | queue[0015] trial 36 fold 2 physics
2026-03-28 20:14:06,782 | 1199214 | INFO | queue[0016] trial 36 fold 3 physics
2026-03-28 20:14:06,782 | 1199214 | INFO | queue[0017] trial 36 fold 4 physics
2026-03-28 20:14:06,783 | 1199214 | INFO | queue[0018] trial 37 fold 1 physics
2026-03-28 20:14:06,783 | 1199214 | INFO | queue[0019] trial 37 fold 2 physics
2026-03-28 20:14:06,783 | 1199214 | INFO | queue[0020] trial 37 fold 3 physics
2026-03-28 20:14:06,783 | 1199214 | INFO | queue[0021] trial 37 fold 4 physics
2026-03-28 20:14:06,783 | 1199214 | INFO | queue[0022] trial 38 fold 1 physics
2026-03-28 20:14:06,783 | 1199214 | INFO | queue[0023] trial 38 fold 2 physics
2026-03-28 20:14:06,784 | 1199214 | INFO | queue[0024] trial 38 fold 3 physics
2026-03-28 20:14:06,784 | 1199214 | INFO | queue[0025] trial 38 fold 4 physics
2026-03-28 20:14:06,784 | 1199214 | INFO | queue[0026] trial 39 fold 1 physics
2026-03-28 20:14:06,784 | 1199214 | INFO | queue[0027] trial 39 fold 2 physics
2026-03-28 20:14:06,784 | 1199214 | INFO | queue[0028] trial 39 fold 3 physics
2026-03-28 20:14:06,784 | 1199214 | INFO | queue[0029] trial 39 fold 4 physics
2026-03-28 20:14:06,785 | 1199214 | INFO | queue[0030] trial 40 fold 1 physics
2026-03-28 20:14:06,785 | 1199214 | INFO | queue[0031] trial 40 fold 2 physics
2026-03-28 20:14:06,785 | 1199214 | INFO | queue[0032] trial 40 fold 3 physics
2026-03-28 20:14:06,785 | 1199214 | INFO | queue[0033] trial 40 fold 4 physics
2026-03-28 20:14:06,785 | 1199214 | INFO | queue[0034] trial 41 fold 1 physics
2026-03-28 20:14:06,785 | 1199214 | INFO | queue[0035] trial 41 fold 2 physics
2026-03-28 20:14:06,785 | 1199214 | INFO | queue[0036] trial 41 fold 3 physics
2026-03-28 20:14:06,785 | 1199214 | INFO | queue[0037] trial 41 fold 4 physics
2026-03-28 20:14:06,786 | 1199214 | INFO | queue[0038] trial 42 fold 1 physics
2026-03-28 20:14:06,786 | 1199214 | INFO | queue[0039] trial 42 fold 2 physics
2026-03-28 20:14:06,786 | 1199214 | INFO | queue[0040] trial 42 fold 3 physics
2026-03-28 20:14:06,786 | 1199214 | INFO | queue[0041] trial 42 fold 4 physics
2026-03-28 20:14:06,786 | 1199214 | INFO | queue[0042] trial 43 fold 1 physics
2026-03-28 20:14:06,786 | 1199214 | INFO | queue[0043] trial 43 fold 2 physics
2026-03-28 20:14:06,786 | 1199214 | INFO | queue[0044] trial 43 fold 3 physics
2026-03-28 20:14:06,787 | 1199214 | INFO | queue[0045] trial 43 fold 4 physics
2026-03-28 20:14:06,787 | 1199214 | INFO | queue[0046] trial 44 fold 1 physics
2026-03-28 20:14:06,787 | 1199214 | INFO | queue[0047] trial 44 fold 2 physics
2026-03-28 20:14:06,787 | 1199214 | INFO | queue[0048] trial 44 fold 3 physics
2026-03-28 20:14:06,787 | 1199214 | INFO | queue[0049] trial 44 fold 4 physics
2026-03-28 20:14:06,787 | 1199214 | INFO | queue[0050] trial 45 fold 1 physics
2026-03-28 20:14:06,787 | 1199214 | INFO | queue[0051] trial 45 fold 2 physics
2026-03-28 20:14:06,787 | 1199214 | INFO | queue[0052] trial 45 fold 3 physics
2026-03-28 20:14:06,788 | 1199214 | INFO | queue[0053] trial 45 fold 4 physics
2026-03-28 20:14:06,788 | 1199214 | INFO | [END BAYES QUEUE]
2026-03-28 20:14:06,796 | 1199214 | INFO | [RESUME] starting from trial 14
2026-03-28 20:14:37,093 | 1199214 | INFO | [TRIAL COMPLETE] trial 15 physics NSE_1D=0.90133 NSE_1H=0.88460
2026-03-28 20:14:37,107 | 1199214 | INFO | [RESUME] starting from trial 15
2026-03-28 20:14:40,628 | 1199214 | INFO | [RESUME] starting from trial 15
2026-03-28 20:14:59,391 | 1199214 | INFO | [RESUME] starting from trial 15
2026-03-28 20:15:21,056 | 1199214 | INFO | [RESUME] starting from trial 15
2026-03-28 20:16:19,723 | 1199214 | INFO | [RESUME] starting from trial 15
2026-03-28 20:16:56,529 | 1199214 | INFO | [RESUME] starting from trial 15
2026-03-28 20:17:19,600 | 1199214 | INFO | [RESUME] starting from trial 15
2026-03-28 20:20:49,545 | 1199214 | INFO | [TRIAL COMPLETE] trial 27 physics NSE_1D=0.91539 NSE_1H=0.89185
2026-03-28 20:20:49,860 | 1199214 | INFO | [ENQUEUE TRIAL] trial 46 physics
2026-03-28 20:20:49,860 | 1199214 | INFO | [BAYES QUEUE STATE]
2026-03-28 20:20:49,861 | 1199214 | INFO | pending_jobs = 50
2026-03-28 20:20:49,861 | 1199214 | INFO | inflight_trials = [4, 7, 9, 10, 12, 19, 20, 21, 23, 24, 25, 27, 28, 29, 30, 31, 32, 33, 34, 35, 36, 37, 38, 39, 40, 41, 42, 43, 44, 45]
2026-03-28 20:20:49,861 | 1199214 | INFO | queue[0000] trial 34 fold 3 physics
2026-03-28 20:20:49,862 | 1199214 | INFO | queue[0001] trial 34 fold 4 physics
2026-03-28 20:20:49,862 | 1199214 | INFO | queue[0002] trial 35 fold 1 physics
2026-03-28 20:20:49,862 | 1199214 | INFO | queue[0003] trial 35 fold 2 physics
2026-03-28 20:20:49,863 | 1199214 | INFO | queue[0004] trial 35 fold 3 physics
2026-03-28 20:20:49,863 | 1199214 | INFO | queue[0005] trial 35 fold 4 physics
2026-03-28 20:20:49,863 | 1199214 | INFO | queue[0006] trial 36 fold 1 physics
2026-03-28 20:20:49,864 | 1199214 | INFO | queue[0007] trial 36 fold 2 physics
2026-03-28 20:20:49,864 | 1199214 | INFO | queue[0008] trial 36 fold 3 physics
2026-03-28 20:20:49,864 | 1199214 | INFO | queue[0009] trial 36 fold 4 physics
2026-03-28 20:20:49,865 | 1199214 | INFO | queue[0010] trial 37 fold 1 physics
2026-03-28 20:20:49,865 | 1199214 | INFO | queue[0011] trial 37 fold 2 physics
2026-03-28 20:20:49,865 | 1199214 | INFO | queue[0012] trial 37 fold 3 physics
2026-03-28 20:20:49,866 | 1199214 | INFO | queue[0013] trial 37 fold 4 physics
2026-03-28 20:20:49,866 | 1199214 | INFO | queue[0014] trial 38 fold 1 physics
2026-03-28 20:20:49,866 | 1199214 | INFO | queue[0015] trial 38 fold 2 physics
2026-03-28 20:20:49,866 | 1199214 | INFO | queue[0016] trial 38 fold 3 physics
2026-03-28 20:20:49,866 | 1199214 | INFO | queue[0017] trial 38 fold 4 physics
2026-03-28 20:20:49,866 | 1199214 | INFO | queue[0018] trial 39 fold 1 physics
2026-03-28 20:20:49,867 | 1199214 | INFO | queue[0019] trial 39 fold 2 physics
2026-03-28 20:20:49,867 | 1199214 | INFO | queue[0020] trial 39 fold 3 physics
2026-03-28 20:20:49,867 | 1199214 | INFO | queue[0021] trial 39 fold 4 physics
2026-03-28 20:20:49,867 | 1199214 | INFO | queue[0022] trial 40 fold 1 physics
2026-03-28 20:20:49,867 | 1199214 | INFO | queue[0023] trial 40 fold 2 physics
2026-03-28 20:20:49,868 | 1199214 | INFO | queue[0024] trial 40 fold 3 physics
2026-03-28 20:20:49,868 | 1199214 | INFO | queue[0025] trial 40 fold 4 physics
2026-03-28 20:20:49,868 | 1199214 | INFO | queue[0026] trial 41 fold 1 physics
2026-03-28 20:20:49,868 | 1199214 | INFO | queue[0027] trial 41 fold 2 physics
2026-03-28 20:20:49,868 | 1199214 | INFO | queue[0028] trial 41 fold 3 physics
2026-03-28 20:20:49,868 | 1199214 | INFO | queue[0029] trial 41 fold 4 physics
2026-03-28 20:20:49,869 | 1199214 | INFO | queue[0030] trial 42 fold 1 physics
2026-03-28 20:20:49,869 | 1199214 | INFO | queue[0031] trial 42 fold 2 physics
2026-03-28 20:20:49,869 | 1199214 | INFO | queue[0032] trial 42 fold 3 physics
2026-03-28 20:20:49,869 | 1199214 | INFO | queue[0033] trial 42 fold 4 physics
2026-03-28 20:20:49,869 | 1199214 | INFO | queue[0034] trial 43 fold 1 physics
2026-03-28 20:20:49,870 | 1199214 | INFO | queue[0035] trial 43 fold 2 physics
2026-03-28 20:20:49,870 | 1199214 | INFO | queue[0036] trial 43 fold 3 physics
2026-03-28 20:20:49,870 | 1199214 | INFO | queue[0037] trial 43 fold 4 physics
2026-03-28 20:20:49,870 | 1199214 | INFO | queue[0038] trial 44 fold 1 physics
2026-03-28 20:20:49,870 | 1199214 | INFO | queue[0039] trial 44 fold 2 physics
2026-03-28 20:20:49,870 | 1199214 | INFO | queue[0040] trial 44 fold 3 physics
2026-03-28 20:20:49,871 | 1199214 | INFO | queue[0041] trial 44 fold 4 physics
2026-03-28 20:20:49,871 | 1199214 | INFO | queue[0042] trial 45 fold 1 physics
2026-03-28 20:20:49,871 | 1199214 | INFO | queue[0043] trial 45 fold 2 physics
2026-03-28 20:20:49,871 | 1199214 | INFO | queue[0044] trial 45 fold 3 physics
2026-03-28 20:20:49,871 | 1199214 | INFO | queue[0045] trial 45 fold 4 physics
2026-03-28 20:20:49,872 | 1199214 | INFO | queue[0046] trial 46 fold 1 physics
2026-03-28 20:20:49,872 | 1199214 | INFO | queue[0047] trial 46 fold 2 physics
2026-03-28 20:20:49,872 | 1199214 | INFO | queue[0048] trial 46 fold 3 physics
2026-03-28 20:20:49,872 | 1199214 | INFO | queue[0049] trial 46 fold 4 physics
2026-03-28 20:20:49,872 | 1199214 | INFO | [END BAYES QUEUE]
2026-03-28 20:20:50,196 | 1199214 | INFO | [ENQUEUE TRIAL] trial 47 physics
2026-03-28 20:20:50,197 | 1199214 | INFO | [BAYES QUEUE STATE]
2026-03-28 20:20:50,197 | 1199214 | INFO | pending_jobs = 54
2026-03-28 20:20:50,197 | 1199214 | INFO | inflight_trials = [4, 7, 9, 10, 12, 19, 20, 21, 23, 24, 25, 27, 28, 29, 30, 31, 32, 33, 34, 35, 36, 37, 38, 39, 40, 41, 42, 43, 44, 45, 46]
2026-03-28 20:20:50,198 | 1199214 | INFO | queue[0000] trial 34 fold 3 physics
2026-03-28 20:20:50,198 | 1199214 | INFO | queue[0001] trial 34 fold 4 physics
2026-03-28 20:20:50,199 | 1199214 | INFO | queue[0002] trial 35 fold 1 physics
2026-03-28 20:20:50,199 | 1199214 | INFO | queue[0003] trial 35 fold 2 physics
2026-03-28 20:20:50,199 | 1199214 | INFO | queue[0004] trial 35 fold 3 physics
2026-03-28 20:20:50,200 | 1199214 | INFO | queue[0005] trial 35 fold 4 physics
2026-03-28 20:20:50,200 | 1199214 | INFO | queue[0006] trial 36 fold 1 physics
2026-03-28 20:20:50,200 | 1199214 | INFO | queue[0007] trial 36 fold 2 physics
2026-03-28 20:20:50,201 | 1199214 | INFO | queue[0008] trial 36 fold 3 physics
2026-03-28 20:20:50,201 | 1199214 | INFO | queue[0009] trial 36 fold 4 physics
2026-03-28 20:20:50,201 | 1199214 | INFO | queue[0010] trial 37 fold 1 physics
2026-03-28 20:20:50,202 | 1199214 | INFO | queue[0011] trial 37 fold 2 physics
2026-03-28 20:20:50,202 | 1199214 | INFO | queue[0012] trial 37 fold 3 physics
2026-03-28 20:20:50,202 | 1199214 | INFO | queue[0013] trial 37 fold 4 physics
2026-03-28 20:20:50,202 | 1199214 | INFO | queue[0014] trial 38 fold 1 physics
2026-03-28 20:20:50,203 | 1199214 | INFO | queue[0015] trial 38 fold 2 physics
2026-03-28 20:20:50,203 | 1199214 | INFO | queue[0016] trial 38 fold 3 physics
2026-03-28 20:20:50,203 | 1199214 | INFO | queue[0017] trial 38 fold 4 physics
2026-03-28 20:20:50,203 | 1199214 | INFO | queue[0018] trial 39 fold 1 physics
2026-03-28 20:20:50,203 | 1199214 | INFO | queue[0019] trial 39 fold 2 physics
2026-03-28 20:20:50,203 | 1199214 | INFO | queue[0020] trial 39 fold 3 physics
2026-03-28 20:20:50,203 | 1199214 | INFO | queue[0021] trial 39 fold 4 physics
2026-03-28 20:20:50,204 | 1199214 | INFO | queue[0022] trial 40 fold 1 physics
2026-03-28 20:20:50,204 | 1199214 | INFO | queue[0023] trial 40 fold 2 physics
2026-03-28 20:20:50,204 | 1199214 | INFO | queue[0024] trial 40 fold 3 physics
2026-03-28 20:20:50,204 | 1199214 | INFO | queue[0025] trial 40 fold 4 physics
2026-03-28 20:20:50,204 | 1199214 | INFO | queue[0026] trial 41 fold 1 physics
2026-03-28 20:20:50,204 | 1199214 | INFO | queue[0027] trial 41 fold 2 physics
2026-03-28 20:20:50,205 | 1199214 | INFO | queue[0028] trial 41 fold 3 physics
2026-03-28 20:20:50,205 | 1199214 | INFO | queue[0029] trial 41 fold 4 physics
2026-03-28 20:20:50,205 | 1199214 | INFO | queue[0030] trial 42 fold 1 physics
2026-03-28 20:20:50,205 | 1199214 | INFO | queue[0031] trial 42 fold 2 physics
2026-03-28 20:20:50,205 | 1199214 | INFO | queue[0032] trial 42 fold 3 physics
2026-03-28 20:20:50,205 | 1199214 | INFO | queue[0033] trial 42 fold 4 physics
2026-03-28 20:20:50,206 | 1199214 | INFO | queue[0034] trial 43 fold 1 physics
2026-03-28 20:20:50,206 | 1199214 | INFO | queue[0035] trial 43 fold 2 physics
2026-03-28 20:20:50,206 | 1199214 | INFO | queue[0036] trial 43 fold 3 physics
2026-03-28 20:20:50,206 | 1199214 | INFO | queue[0037] trial 43 fold 4 physics
2026-03-28 20:20:50,206 | 1199214 | INFO | queue[0038] trial 44 fold 1 physics
2026-03-28 20:20:50,206 | 1199214 | INFO | queue[0039] trial 44 fold 2 physics
2026-03-28 20:20:50,207 | 1199214 | INFO | queue[0040] trial 44 fold 3 physics
2026-03-28 20:20:50,207 | 1199214 | INFO | queue[0041] trial 44 fold 4 physics
2026-03-28 20:20:50,207 | 1199214 | INFO | queue[0042] trial 45 fold 1 physics
2026-03-28 20:20:50,207 | 1199214 | INFO | queue[0043] trial 45 fold 2 physics
2026-03-28 20:20:50,207 | 1199214 | INFO | queue[0044] trial 45 fold 3 physics
2026-03-28 20:20:50,207 | 1199214 | INFO | queue[0045] trial 45 fold 4 physics
2026-03-28 20:20:50,208 | 1199214 | INFO | queue[0046] trial 46 fold 1 physics
2026-03-28 20:20:50,208 | 1199214 | INFO | queue[0047] trial 46 fold 2 physics
2026-03-28 20:20:50,208 | 1199214 | INFO | queue[0048] trial 46 fold 3 physics
2026-03-28 20:20:50,208 | 1199214 | INFO | queue[0049] trial 46 fold 4 physics
2026-03-28 20:20:50,208 | 1199214 | INFO | queue[0050] trial 47 fold 1 physics
2026-03-28 20:20:50,208 | 1199214 | INFO | queue[0051] trial 47 fold 2 physics
2026-03-28 20:20:50,209 | 1199214 | INFO | queue[0052] trial 47 fold 3 physics
2026-03-28 20:20:50,209 | 1199214 | INFO | queue[0053] trial 47 fold 4 physics
2026-03-28 20:20:50,209 | 1199214 | INFO | [END BAYES QUEUE]
2026-03-28 20:20:50,217 | 1199214 | INFO | [RESUME] starting from trial 16
2026-03-28 20:21:20,099 | 1199214 | INFO | [RESUME] starting from trial 16
2026-03-28 20:21:21,422 | 1199214 | INFO | [RESUME] starting from trial 16
2026-03-28 20:21:26,858 | 1199214 | INFO | [RESUME] starting from trial 16
2026-03-28 20:21:44,519 | 1199214 | INFO | [RESUME] starting from trial 16
2026-03-28 20:23:01,035 | 1199214 | INFO | [RESUME] starting from trial 16
2026-03-28 20:23:25,818 | 1199214 | INFO | [TRIAL COMPLETE] trial 26 physics NSE_1D=0.90685 NSE_1H=0.88491
2026-03-28 20:23:26,126 | 1199214 | INFO | [ENQUEUE TRIAL] trial 48 physics
2026-03-28 20:23:26,128 | 1199214 | INFO | [BAYES QUEUE STATE]
2026-03-28 20:23:26,129 | 1199214 | INFO | pending_jobs = 52
2026-03-28 20:23:26,129 | 1199214 | INFO | inflight_trials = [4, 7, 9, 10, 12, 19, 20, 21, 23, 24, 27, 28, 29, 30, 31, 32, 33, 34, 35, 36, 37, 38, 39, 40, 41, 42, 43, 44, 45, 46, 47]
2026-03-28 20:23:26,129 | 1199214 | INFO | queue[0000] trial 36 fold 1 physics
2026-03-28 20:23:26,130 | 1199214 | INFO | queue[0001] trial 36 fold 2 physics
2026-03-28 20:23:26,130 | 1199214 | INFO | queue[0002] trial 36 fold 3 physics
2026-03-28 20:23:26,130 | 1199214 | INFO | queue[0003] trial 36 fold 4 physics
2026-03-28 20:23:26,131 | 1199214 | INFO | queue[0004] trial 37 fold 1 physics
2026-03-28 20:23:26,131 | 1199214 | INFO | queue[0005] trial 37 fold 2 physics
2026-03-28 20:23:26,131 | 1199214 | INFO | queue[0006] trial 37 fold 3 physics
2026-03-28 20:23:26,132 | 1199214 | INFO | queue[0007] trial 37 fold 4 physics
2026-03-28 20:23:26,132 | 1199214 | INFO | queue[0008] trial 38 fold 1 physics
2026-03-28 20:23:26,132 | 1199214 | INFO | queue[0009] trial 38 fold 2 physics
2026-03-28 20:23:26,133 | 1199214 | INFO | queue[0010] trial 38 fold 3 physics
2026-03-28 20:23:26,133 | 1199214 | INFO | queue[0011] trial 38 fold 4 physics
2026-03-28 20:23:26,133 | 1199214 | INFO | queue[0012] trial 39 fold 1 physics
2026-03-28 20:23:26,134 | 1199214 | INFO | queue[0013] trial 39 fold 2 physics
2026-03-28 20:23:26,134 | 1199214 | INFO | queue[0014] trial 39 fold 3 physics
2026-03-28 20:23:26,134 | 1199214 | INFO | queue[0015] trial 39 fold 4 physics
2026-03-28 20:23:26,134 | 1199214 | INFO | queue[0016] trial 40 fold 1 physics
2026-03-28 20:23:26,134 | 1199214 | INFO | queue[0017] trial 40 fold 2 physics
2026-03-28 20:23:26,135 | 1199214 | INFO | queue[0018] trial 40 fold 3 physics
2026-03-28 20:23:26,135 | 1199214 | INFO | queue[0019] trial 40 fold 4 physics
2026-03-28 20:23:26,135 | 1199214 | INFO | queue[0020] trial 41 fold 1 physics
2026-03-28 20:23:26,135 | 1199214 | INFO | queue[0021] trial 41 fold 2 physics
2026-03-28 20:23:26,135 | 1199214 | INFO | queue[0022] trial 41 fold 3 physics
2026-03-28 20:23:26,135 | 1199214 | INFO | queue[0023] trial 41 fold 4 physics
2026-03-28 20:23:26,135 | 1199214 | INFO | queue[0024] trial 42 fold 1 physics
2026-03-28 20:23:26,136 | 1199214 | INFO | queue[0025] trial 42 fold 2 physics
2026-03-28 20:23:26,136 | 1199214 | INFO | queue[0026] trial 42 fold 3 physics
2026-03-28 20:23:26,136 | 1199214 | INFO | queue[0027] trial 42 fold 4 physics
2026-03-28 20:23:26,136 | 1199214 | INFO | queue[0028] trial 43 fold 1 physics
2026-03-28 20:23:26,136 | 1199214 | INFO | queue[0029] trial 43 fold 2 physics
2026-03-28 20:23:26,136 | 1199214 | INFO | queue[0030] trial 43 fold 3 physics
2026-03-28 20:23:26,136 | 1199214 | INFO | queue[0031] trial 43 fold 4 physics
2026-03-28 20:23:26,136 | 1199214 | INFO | queue[0032] trial 44 fold 1 physics
2026-03-28 20:23:26,137 | 1199214 | INFO | queue[0033] trial 44 fold 2 physics
2026-03-28 20:23:26,137 | 1199214 | INFO | queue[0034] trial 44 fold 3 physics
2026-03-28 20:23:26,137 | 1199214 | INFO | queue[0035] trial 44 fold 4 physics
2026-03-28 20:23:26,137 | 1199214 | INFO | queue[0036] trial 45 fold 1 physics
2026-03-28 20:23:26,137 | 1199214 | INFO | queue[0037] trial 45 fold 2 physics
2026-03-28 20:23:26,137 | 1199214 | INFO | queue[0038] trial 45 fold 3 physics
2026-03-28 20:23:26,137 | 1199214 | INFO | queue[0039] trial 45 fold 4 physics
2026-03-28 20:23:26,138 | 1199214 | INFO | queue[0040] trial 46 fold 1 physics
2026-03-28 20:23:26,140 | 1199214 | INFO | queue[0041] trial 46 fold 2 physics
2026-03-28 20:23:26,145 | 1199214 | INFO | queue[0042] trial 46 fold 3 physics
2026-03-28 20:23:26,145 | 1199214 | INFO | queue[0043] trial 46 fold 4 physics
2026-03-28 20:23:26,146 | 1199214 | INFO | queue[0044] trial 47 fold 1 physics
2026-03-28 20:23:26,146 | 1199214 | INFO | queue[0045] trial 47 fold 2 physics
2026-03-28 20:23:26,146 | 1199214 | INFO | queue[0046] trial 47 fold 3 physics
2026-03-28 20:23:26,146 | 1199214 | INFO | queue[0047] trial 47 fold 4 physics
2026-03-28 20:23:26,146 | 1199214 | INFO | queue[0048] trial 48 fold 1 physics
2026-03-28 20:23:26,146 | 1199214 | INFO | queue[0049] trial 48 fold 2 physics
2026-03-28 20:23:26,146 | 1199214 | INFO | queue[0050] trial 48 fold 3 physics
2026-03-28 20:23:26,146 | 1199214 | INFO | queue[0051] trial 48 fold 4 physics
2026-03-28 20:23:26,147 | 1199214 | INFO | [END BAYES QUEUE]
2026-03-28 20:23:26,159 | 1199214 | INFO | [RESUME] starting from trial 17
2026-03-28 20:23:27,588 | 1199214 | INFO | [RESUME] starting from trial 17
2026-03-28 20:24:11,523 | 1199214 | INFO | [TRIAL COMPLETE] trial 5 physics NSE_1D=0.89985 NSE_1H=0.85790
2026-03-28 20:24:11,542 | 1199214 | INFO | [RESUME] starting from trial 18
2026-03-28 20:24:31,202 | 1199214 | INFO | [RESUME] starting from trial 18
2026-03-28 20:25:15,428 | 1199214 | INFO | [RESUME] starting from trial 18
2026-03-28 20:26:37,648 | 1199214 | INFO | [TRIAL COMPLETE] trial 25 physics NSE_1D=0.90359 NSE_1H=0.88002
2026-03-28 20:26:37,667 | 1199214 | INFO | [RESUME] starting from trial 19
2026-03-28 20:27:19,775 | 1199214 | INFO | [RESUME] starting from trial 19
2026-03-28 20:27:37,443 | 1199214 | INFO | [TRIAL COMPLETE] trial 8 physics NSE_1D=0.90863 NSE_1H=0.88361
2026-03-28 20:27:37,468 | 1199214 | INFO | [RESUME] starting from trial 20
2026-03-28 20:29:14,495 | 1199214 | INFO | [RESUME] starting from trial 20
2026-03-28 20:29:20,947 | 1199214 | INFO | [RESUME] starting from trial 20
2026-03-28 20:30:01,274 | 1199214 | INFO | [TRIAL COMPLETE] trial 29 physics NSE_1D=0.88436 NSE_1H=0.85378
2026-03-28 20:30:01,290 | 1199214 | INFO | [RESUME] starting from trial 21
2026-03-28 20:30:59,841 | 1199214 | INFO | [RESUME] starting from trial 21
2026-03-28 20:35:32,077 | 1199214 | INFO | [RESUME] starting from trial 21
2026-03-28 20:36:39,869 | 1199214 | INFO | [RESUME] starting from trial 21
2026-03-28 20:37:05,161 | 1199214 | INFO | [RESUME] starting from trial 21
2026-03-28 20:37:10,999 | 1199214 | INFO | [RESUME] starting from trial 21
2026-03-28 20:37:11,718 | 1199214 | INFO | [TRIAL COMPLETE] trial 32 physics NSE_1D=0.89855 NSE_1H=0.87808
2026-03-28 20:37:11,735 | 1199214 | INFO | [RESUME] starting from trial 22
2026-03-28 20:40:35,816 | 1199214 | INFO | [RESUME] starting from trial 22
2026-03-28 20:40:55,574 | 1199214 | INFO | [TRIAL COMPLETE] trial 34 physics NSE_1D=0.89336 NSE_1H=0.88859
2026-03-28 20:40:55,590 | 1199214 | INFO | [RESUME] starting from trial 23
2026-03-28 20:41:18,765 | 1199214 | INFO | [RESUME] starting from trial 23
2026-03-28 20:41:50,357 | 1199214 | INFO | [RESUME] starting from trial 23
2026-03-28 20:42:41,091 | 1199214 | INFO | [RESUME] starting from trial 23
2026-03-28 20:46:07,689 | 1199214 | INFO | [RESUME] starting from trial 23
2026-03-28 20:47:02,642 | 1199214 | INFO | [RESUME] starting from trial 23
2026-03-28 20:47:41,965 | 1199214 | INFO | [RESUME] starting from trial 23
2026-03-28 20:47:42,589 | 1199214 | INFO | [RESUME] starting from trial 23
2026-03-28 20:48:00,373 | 1199214 | INFO | [TRIAL COMPLETE] trial 31 physics NSE_1D=0.89998 NSE_1H=0.87912
2026-03-28 20:48:00,399 | 1199214 | INFO | [RESUME] starting from trial 24
2026-03-28 20:48:10,939 | 1199214 | INFO | [RESUME] starting from trial 24
2026-03-28 20:50:20,065 | 1199214 | INFO | [TRIAL COMPLETE] trial 33 physics NSE_1D=0.90692 NSE_1H=0.87753
2026-03-28 20:50:20,082 | 1199214 | INFO | [RESUME] starting from trial 25
2026-03-28 20:50:44,156 | 1199214 | INFO | [RESUME] starting from trial 25
2026-03-28 20:51:16,759 | 1199214 | INFO | [RESUME] starting from trial 25
2026-03-28 20:52:10,812 | 1199214 | INFO | [RESUME] starting from trial 25
2026-03-28 20:52:56,760 | 1199214 | INFO | [RESUME] starting from trial 25
2026-03-28 20:55:09,899 | 1199214 | INFO | [RESUME] starting from trial 25
2026-03-28 20:55:26,660 | 1199214 | INFO | [TRIAL COMPLETE] trial 20 physics NSE_1D=0.89470 NSE_1H=0.88755
2026-03-28 20:55:26,685 | 1199214 | INFO | [RESUME] starting from trial 26
2026-03-28 20:56:35,561 | 1199214 | INFO | [TRIAL COMPLETE] trial 36 physics NSE_1D=0.89645 NSE_1H=0.89870
2026-03-28 20:56:35,584 | 1199214 | INFO | [RESUME] starting from trial 27
2026-03-28 20:58:14,137 | 1199214 | INFO | [RESUME] starting from trial 27
2026-03-28 20:59:28,153 | 1199214 | INFO | [RESUME] starting from trial 27
2026-03-28 20:59:41,723 | 1199214 | INFO | [RESUME] starting from trial 27
2026-03-28 21:00:39,993 | 1199214 | INFO | [RESUME] starting from trial 27
2026-03-28 21:01:36,468 | 1199214 | INFO | [RESUME] starting from trial 27
2026-03-28 21:04:07,975 | 1199214 | INFO | [RESUME] starting from trial 27
2026-03-28 21:04:19,227 | 1199214 | INFO | [RESUME] starting from trial 27
2026-03-28 21:06:01,692 | 1199214 | INFO | [RESUME] starting from trial 27
2026-03-28 21:06:17,665 | 1199214 | INFO | [RESUME] starting from trial 27
2026-03-28 21:08:25,783 | 1199214 | INFO | [RESUME] starting from trial 27
2026-03-28 21:09:03,804 | 1199214 | INFO | [RESUME] starting from trial 27
2026-03-28 21:09:06,036 | 1199214 | INFO | [RESUME] starting from trial 27
2026-03-28 21:12:50,090 | 1199214 | INFO | [TRIAL COMPLETE] trial 10 physics NSE_1D=0.90755 NSE_1H=0.84931
2026-03-28 21:12:50,116 | 1199214 | INFO | [RESUME] starting from trial 28
2026-03-28 21:13:14,108 | 1199214 | INFO | [RESUME] starting from trial 28
2026-03-28 21:14:05,966 | 1199214 | INFO | [RESUME] starting from trial 28
2026-03-28 21:14:19,721 | 1199214 | INFO | [RESUME] starting from trial 28
2026-03-28 21:15:36,125 | 1199214 | INFO | [RESUME] starting from trial 28
2026-03-28 21:16:11,128 | 1199214 | INFO | [RESUME] starting from trial 28
2026-03-28 21:16:24,897 | 1199214 | INFO | [RESUME] starting from trial 28
2026-03-28 21:18:59,530 | 1199214 | INFO | [RESUME] starting from trial 28
2026-03-28 21:19:23,666 | 1199214 | INFO | [TRIAL COMPLETE] trial 41 physics NSE_1D=0.92161 NSE_1H=0.88350
2026-03-28 21:19:23,690 | 1199214 | INFO | [RESUME] starting from trial 29
2026-03-28 21:20:17,084 | 1199214 | INFO | [TRIAL COMPLETE] trial 11 physics NSE_1D=0.89145 NSE_1H=0.88928
2026-03-28 21:20:17,108 | 1199214 | INFO | [RESUME] starting from trial 30
2026-03-28 21:20:50,831 | 1199214 | INFO | [TRIAL COMPLETE] trial 37 physics NSE_1D=0.91068 NSE_1H=0.88749
2026-03-28 21:20:50,858 | 1199214 | INFO | [RESUME] starting from trial 31
2026-03-28 21:21:05,719 | 1199214 | INFO | [TRIAL COMPLETE] trial 43 physics NSE_1D=0.90483 NSE_1H=0.88893
2026-03-28 21:21:05,742 | 1199214 | INFO | [RESUME] starting from trial 32
2026-03-28 21:21:54,400 | 1199214 | INFO | [RESUME] starting from trial 32
2026-03-28 21:21:56,533 | 1199214 | INFO | [TRIAL COMPLETE] trial 42 physics NSE_1D=0.90951 NSE_1H=0.88336
2026-03-28 21:21:56,563 | 1199214 | INFO | [RESUME] starting from trial 33
2026-03-28 21:22:34,023 | 1199214 | INFO | [RESUME] starting from trial 33
2026-03-28 21:25:14,927 | 1199214 | INFO | [RESUME] starting from trial 33
2026-03-28 21:25:16,777 | 1199214 | INFO | [TRIAL COMPLETE] trial 13 physics NSE_1D=0.86973 NSE_1H=0.88648
2026-03-28 21:25:16,801 | 1199214 | INFO | [RESUME] starting from trial 34
2026-03-28 21:26:05,961 | 1199214 | INFO | [TRIAL COMPLETE] trial 21 physics NSE_1D=0.89291 NSE_1H=0.88072
2026-03-28 21:26:05,995 | 1199214 | INFO | [RESUME] starting from trial 35
2026-03-28 21:26:38,828 | 1199214 | INFO | [TRIAL COMPLETE] trial 35 physics NSE_1D=0.89032 NSE_1H=0.84904
2026-03-28 21:26:38,851 | 1199214 | INFO | [RESUME] starting from trial 36
2026-03-28 21:27:49,378 | 1199214 | INFO | [RESUME] starting from trial 36
2026-03-28 21:28:08,662 | 1199214 | INFO | [RESUME] starting from trial 36
2026-03-28 21:29:10,380 | 1199214 | INFO | [RESUME] starting from trial 36
2026-03-28 21:32:21,351 | 1199214 | INFO | [RESUME] starting from trial 36
2026-03-28 21:32:55,778 | 1199214 | INFO | [RESUME] starting from trial 36
2026-03-28 21:39:08,343 | 1199214 | INFO | [RESUME] starting from trial 36
2026-03-28 21:41:33,069 | 1199214 | INFO | [RESUME] starting from trial 36
2026-03-28 21:42:16,313 | 1199214 | INFO | [TRIAL COMPLETE] trial 24 physics NSE_1D=0.90054 NSE_1H=0.88805
2026-03-28 21:42:16,336 | 1199214 | INFO | [RESUME] starting from trial 37
2026-03-28 21:44:07,049 | 1199214 | INFO | [RESUME] starting from trial 37
2026-03-28 21:45:44,641 | 1199214 | INFO | [RESUME] starting from trial 37
2026-03-28 21:46:23,573 | 1199214 | INFO | [RESUME] starting from trial 37
2026-03-28 21:49:12,528 | 1199214 | INFO | [TRIAL COMPLETE] trial 40 physics NSE_1D=0.90437 NSE_1H=0.89102
2026-03-28 21:49:12,552 | 1199214 | INFO | [RESUME] starting from trial 38
2026-03-28 21:50:12,625 | 1199214 | INFO | [RESUME] starting from trial 38
2026-03-28 21:50:59,466 | 1199214 | INFO | [TRIAL COMPLETE] trial 28 physics NSE_1D=0.88910 NSE_1H=0.88608
2026-03-28 21:50:59,490 | 1199214 | INFO | [RESUME] starting from trial 39
2026-03-28 21:51:28,090 | 1199214 | INFO | [RESUME] starting from trial 39
2026-03-28 21:51:30,064 | 1199214 | INFO | [TRIAL COMPLETE] trial 22 physics NSE_1D=0.91988 NSE_1H=0.89107
2026-03-28 21:51:30,087 | 1199214 | INFO | [RESUME] starting from trial 40
2026-03-28 21:51:35,020 | 1199214 | INFO | [RESUME] starting from trial 40
2026-03-28 21:57:28,095 | 1199214 | INFO | [RESUME] starting from trial 40
2026-03-28 21:58:10,120 | 1199214 | INFO | [RESUME] starting from trial 40
2026-03-28 22:02:10,610 | 1199214 | INFO | [RESUME] starting from trial 40
2026-03-28 22:02:19,559 | 1199214 | INFO | [RESUME] starting from trial 40
2026-03-28 22:06:41,987 | 1199214 | INFO | [RESUME] starting from trial 40
2026-03-28 22:08:06,506 | 1199214 | INFO | [RESUME] starting from trial 40
2026-03-28 22:12:47,156 | 1199214 | INFO | [RESUME] starting from trial 40
2026-03-28 22:13:38,604 | 1199214 | INFO | [TRIAL COMPLETE] trial 38 physics NSE_1D=0.89768 NSE_1H=0.87903
2026-03-28 22:13:38,628 | 1199214 | INFO | [RESUME] starting from trial 41
2026-03-28 22:16:33,924 | 1199214 | INFO | [RESUME] starting from trial 41
2026-03-28 22:17:14,535 | 1199214 | INFO | [RESUME] starting from trial 41
2026-03-28 22:18:47,172 | 1199214 | INFO | [TRIAL COMPLETE] trial 39 physics NSE_1D=0.90521 NSE_1H=0.87732
2026-03-28 22:18:47,202 | 1199214 | INFO | [RESUME] starting from trial 42
2026-03-28 22:22:18,403 | 1199214 | INFO | [TRIAL COMPLETE] trial 30 physics NSE_1D=0.89170 NSE_1H=0.87856
2026-03-28 22:22:18,427 | 1199214 | INFO | [RESUME] starting from trial 43
2026-03-28 22:22:53,811 | 1199214 | INFO | [TRIAL COMPLETE] trial 46 physics NSE_1D=0.91347 NSE_1H=0.88243
2026-03-28 22:22:53,835 | 1199214 | INFO | [RESUME] starting from trial 44
2026-03-28 22:24:13,514 | 1199214 | INFO | [RESUME] starting from trial 44
2026-03-28 22:24:34,552 | 1199214 | INFO | [TRIAL COMPLETE] trial 44 physics NSE_1D=0.89965 NSE_1H=0.89059
2026-03-28 22:24:34,577 | 1199214 | INFO | [RESUME] starting from trial 45
2026-03-28 22:25:06,752 | 1199214 | INFO | [TRIAL COMPLETE] trial 45 physics NSE_1D=0.87426 NSE_1H=0.87729
2026-03-28 22:25:06,778 | 1199214 | INFO | [RESUME] starting from trial 46
2026-03-28 22:29:05,643 | 1199214 | INFO | [TRIAL COMPLETE] trial 47 physics NSE_1D=0.90500 NSE_1H=0.87548
2026-03-28 22:29:05,669 | 1199214 | INFO | [RESUME] starting from trial 47
2026-03-28 22:31:30,059 | 1199214 | INFO | [TRIAL COMPLETE] trial 48 physics NSE_1D=0.90468 NSE_1H=0.88595
2026-03-28 22:31:30,091 | 1199214 | INFO | [RESUME] starting from trial 48
2026-03-28 22:31:30,091 | 1199214 | INFO | [BAYES] physics already finished (48/48)
2026-03-28 22:31:30,800 | 1199214 | INFO | run_gridsearch =
2026-03-28 22:31:30,800 | 1199214 | INFO | False
2026-03-28 22:31:30,809 | 1199214 | INFO | hparams_exists =
2026-03-28 22:31:30,809 | 1199214 | INFO | True
