2026-03-04 15:16:49,423 | 21060 | ERROR | --- Logging error ---
2026-03-04 15:16:49,423 | 21060 | ERROR | Traceback (most recent call last):
2026-03-04 15:16:49,423 | 21060 | ERROR | File "C:\Users\maxwell\AppData\Local\Python\pythoncore-3.11-64\Lib\logging\__init__.py", line 1113, in emit
    stream.write(msg + self.terminator)
2026-03-04 15:16:49,423 | 21060 | ERROR | File "C:\Users\maxwell\AppData\Local\Python\pythoncore-3.11-64\Lib\encodings\cp1252.py", line 19, in encode
    return codecs.charmap_encode(input,self.errors,encoding_table)[0]
           ^^^^^^^^^^^^^^^^^^^^^^^^^^^^^^^^^^^^^^^^^^^^^^^^^^^^^^^
2026-03-04 15:16:49,423 | 21060 | ERROR | UnicodeEncodeError: 'charmap' codec can't encode character '\u2248' in position 107: character maps to <undefined>
2026-03-04 15:16:49,423 | 21060 | ERROR | Call stack:
2026-03-04 15:16:49,423 | 21060 | ERROR | File "C:\Users\maxwell\UCB-USACE-RR-PROJECT\run_hyperparam_search.py", line 853, in <module>
    setup_logging()
2026-03-04 15:16:49,432 | 21060 | ERROR | --- Logging error ---
2026-03-04 15:16:49,433 | 21060 | ERROR | Traceback (most recent call last):
2026-03-04 15:16:49,434 | 21060 | ERROR | File "C:\Users\maxwell\AppData\Local\Python\pythoncore-3.11-64\Lib\logging\__init__.py", line 1113, in emit
    stream.write(msg + self.terminator)
2026-03-04 15:16:49,435 | 21060 | ERROR | File "C:\Users\maxwell\AppData\Local\Python\pythoncore-3.11-64\Lib\encodings\cp1252.py", line 19, in encode
    return codecs.charmap_encode(input,self.errors,encoding_table)[0]
           ^^^^^^^^^^^^^^^^^^^^^^^^^^^^^^^^^^^^^^^^^^^^^^^^^^^^^^^
2026-03-04 15:16:49,435 | 21060 | ERROR | UnicodeEncodeError: 'charmap' codec can't encode character '\u2248' in position 107: character maps to <undefined>
2026-03-04 15:16:49,435 | 21060 | ERROR | During handling of the above exception, another exception occurred:
2026-03-04 15:16:49,437 | 21060 | ERROR | Traceback (most recent call last):
2026-03-04 15:16:49,437 | 21060 | ERROR | File "C:\Users\maxwell\AppData\Local\Python\pythoncore-3.11-64\Lib\logging\__init__.py", line 1113, in emit
    stream.write(msg + self.terminator)
2026-03-04 15:16:49,437 | 21060 | ERROR | File "C:\Users\maxwell\AppData\Local\Python\pythoncore-3.11-64\Lib\encodings\cp1252.py", line 19, in encode
    return codecs.charmap_encode(input,self.errors,encoding_table)[0]
           ^^^^^^^^^^^^^^^^^^^^^^^^^^^^^^^^^^^^^^^^^^^^^^^^^^^^^^^
2026-03-04 15:16:49,437 | 21060 | ERROR | UnicodeEncodeError: 'charmap' codec can't encode character '\u2248' in position 192: character maps to <undefined>
2026-03-04 15:16:49,437 | 21060 | ERROR | Call stack:
2026-03-04 15:16:49,442 | 21060 | ERROR | File "C:\Users\maxwell\UCB-USACE-RR-PROJECT\run_hyperparam_search.py", line 853, in <module>
    setup_logging()
2026-03-04 15:16:49,443 | 21060 | ERROR | --- Logging error ---
2026-03-04 15:16:49,445 | 21060 | ERROR | Traceback (most recent call last):
2026-03-04 15:16:49,445 | 21060 | ERROR | File "C:\Users\maxwell\AppData\Local\Python\pythoncore-3.11-64\Lib\logging\__init__.py", line 1113, in emit
    stream.write(msg + self.terminator)
2026-03-04 15:16:49,446 | 21060 | ERROR | File "C:\Users\maxwell\AppData\Local\Python\pythoncore-3.11-64\Lib\encodings\cp1252.py", line 19, in encode
    return codecs.charmap_encode(input,self.errors,encoding_table)[0]
           ^^^^^^^^^^^^^^^^^^^^^^^^^^^^^^^^^^^^^^^^^^^^^^^^^^^^^^^
2026-03-04 15:16:49,446 | 21060 | ERROR | UnicodeEncodeError: 'charmap' codec can't encode character '\u2248' in position 107: character maps to <undefined>
2026-03-04 15:16:49,446 | 21060 | ERROR | During handling of the above exception, another exception occurred:
2026-03-04 15:16:49,448 | 21060 | ERROR | Traceback (most recent call last):
2026-03-04 15:16:49,449 | 21060 | ERROR | File "C:\Users\maxwell\AppData\Local\Python\pythoncore-3.11-64\Lib\logging\__init__.py", line 1113, in emit
    stream.write(msg + self.terminator)
2026-03-04 15:16:49,449 | 21060 | ERROR | File "C:\Users\maxwell\AppData\Local\Python\pythoncore-3.11-64\Lib\encodings\cp1252.py", line 19, in encode
    return codecs.charmap_encode(input,self.errors,encoding_table)[0]
           ^^^^^^^^^^^^^^^^^^^^^^^^^^^^^^^^^^^^^^^^^^^^^^^^^^^^^^^
2026-03-04 15:16:49,450 | 21060 | ERROR | UnicodeEncodeError: 'charmap' codec can't encode character '\u2248' in position 192: character maps to <undefined>
2026-03-04 15:16:49,451 | 21060 | ERROR | During handling of the above exception, another exception occurred:
2026-03-04 15:16:49,451 | 21060 | ERROR | Traceback (most recent call last):
2026-03-04 15:16:49,452 | 21060 | ERROR | File "C:\Users\maxwell\AppData\Local\Python\pythoncore-3.11-64\Lib\logging\__init__.py", line 1113, in emit
    stream.write(msg + self.terminator)
2026-03-04 15:16:49,453 | 21060 | ERROR | File "C:\Users\maxwell\AppData\Local\Python\pythoncore-3.11-64\Lib\encodings\cp1252.py", line 19, in encode
    return codecs.charmap_encode(input,self.errors,encoding_table)[0]
           ^^^^^^^^^^^^^^^^^^^^^^^^^^^^^^^^^^^^^^^^^^^^^^^^^^^^^^^
2026-03-04 15:16:49,453 | 21060 | ERROR | UnicodeEncodeError: 'charmap' codec can't encode character '\u2248' in position 192: character maps to <undefined>
2026-03-04 15:16:49,454 | 21060 | ERROR | Call stack:
2026-03-04 15:16:49,455 | 21060 | ERROR | File "C:\Users\maxwell\UCB-USACE-RR-PROJECT\run_hyperparam_search.py", line 853, in <module>
    setup_logging()
2026-03-04 15:16:49,456 | 21060 | ERROR | --- Logging error ---
2026-03-04 15:16:49,456 | 21060 | ERROR | Traceback (most recent call last):
2026-03-04 15:16:49,460 | 21060 | ERROR | File "C:\Users\maxwell\AppData\Local\Python\pythoncore-3.11-64\Lib\logging\__init__.py", line 1113, in emit
    stream.write(msg + self.terminator)
2026-03-04 15:16:49,461 | 21060 | ERROR | File "C:\Users\maxwell\AppData\Local\Python\pythoncore-3.11-64\Lib\encodings\cp1252.py", line 19, in encode
    return codecs.charmap_encode(input,self.errors,encoding_table)[0]
           ^^^^^^^^^^^^^^^^^^^^^^^^^^^^^^^^^^^^^^^^^^^^^^^^^^^^^^^
2026-03-04 15:16:49,461 | 21060 | ERROR | UnicodeEncodeError: 'charmap' codec can't encode character '\u2248' in position 107: character maps to <undefined>
2026-03-04 15:16:49,462 | 21060 | ERROR | During handling of the above exception, another exception occurred:
2026-03-04 15:16:49,462 | 21060 | ERROR | Traceback (most recent call last):
2026-03-04 15:16:49,462 | 21060 | ERROR | File "C:\Users\maxwell\AppData\Local\Python\pythoncore-3.11-64\Lib\logging\__init__.py", line 1113, in emit
    stream.write(msg + self.terminator)
2026-03-04 15:16:49,462 | 21060 | ERROR | File "C:\Users\maxwell\AppData\Local\Python\pythoncore-3.11-64\Lib\encodings\cp1252.py", line 19, in encode
    return codecs.charmap_encode(input,self.errors,encoding_table)[0]
           ^^^^^^^^^^^^^^^^^^^^^^^^^^^^^^^^^^^^^^^^^^^^^^^^^^^^^^^
2026-03-04 15:16:49,462 | 21060 | ERROR | UnicodeEncodeError: 'charmap' codec can't encode character '\u2248' in position 192: character maps to <undefined>
2026-03-04 15:16:49,462 | 21060 | ERROR | During handling of the above exception, another exception occurred:
2026-03-04 15:16:49,462 | 21060 | ERROR | Traceback (most recent call last):
2026-03-04 15:16:49,462 | 21060 | ERROR | File "C:\Users\maxwell\AppData\Local\Python\pythoncore-3.11-64\Lib\logging\__init__.py", line 1113, in emit
    stream.write(msg + self.terminator)
2026-03-04 15:16:49,462 | 21060 | ERROR | File "C:\Users\maxwell\AppData\Local\Python\pythoncore-3.11-64\Lib\encodings\cp1252.py", line 19, in encode
    return codecs.charmap_encode(input,self.errors,encoding_table)[0]
           ^^^^^^^^^^^^^^^^^^^^^^^^^^^^^^^^^^^^^^^^^^^^^^^^^^^^^^^
2026-03-04 15:16:49,462 | 21060 | ERROR | UnicodeEncodeError: 'charmap' codec can't encode character '\u2248' in position 192: character maps to <undefined>
2026-03-04 15:16:49,462 | 21060 | ERROR | During handling of the above exception, another exception occurred:
2026-03-04 15:16:49,469 | 21060 | ERROR | Traceback (most recent call last):
2026-03-04 15:16:49,469 | 21060 | ERROR | File "C:\Users\maxwell\AppData\Local\Python\pythoncore-3.11-64\Lib\logging\__init__.py", line 1113, in emit
    stream.write(msg + self.terminator)
2026-03-04 15:16:49,470 | 21060 | ERROR | File "C:\Users\maxwell\AppData\Local\Python\pythoncore-3.11-64\Lib\encodings\cp1252.py", line 19, in encode
    return codecs.charmap_encode(input,self.errors,encoding_table)[0]
           ^^^^^^^^^^^^^^^^^^^^^^^^^^^^^^^^^^^^^^^^^^^^^^^^^^^^^^^
2026-03-04 15:16:49,470 | 21060 | ERROR | UnicodeEncodeError: 'charmap' codec can't encode character '\u2248' in position 192: character maps to <undefined>
2026-03-04 15:16:49,473 | 21060 | ERROR | Call stack:
2026-03-04 15:16:49,474 | 21060 | ERROR | File "C:\Users\maxwell\UCB-USACE-RR-PROJECT\run_hyperparam_search.py", line 853, in <module>
    setup_logging()
2026-03-04 15:16:49,474 | 21060 | ERROR | --- Logging error ---
2026-03-04 15:16:49,474 | 21060 | ERROR | Traceback (most recent call last):
2026-03-04 15:16:49,474 | 21060 | ERROR | File "C:\Users\maxwell\AppData\Local\Python\pythoncore-3.11-64\Lib\logging\__init__.py", line 1113, in emit
    stream.write(msg + self.terminator)
2026-03-04 15:16:49,474 | 21060 | ERROR | File "C:\Users\maxwell\AppData\Local\Python\pythoncore-3.11-64\Lib\encodings\cp1252.py", line 19, in encode
    return codecs.charmap_encode(input,self.errors,encoding_table)[0]
           ^^^^^^^^^^^^^^^^^^^^^^^^^^^^^^^^^^^^^^^^^^^^^^^^^^^^^^^
2026-03-04 15:16:49,480 | 21060 | ERROR | UnicodeEncodeError: 'charmap' codec can't encode character '\u2248' in position 107: character maps to <undefined>
2026-03-04 15:16:49,481 | 21060 | ERROR | During handling of the above exception, another exception occurred:
2026-03-04 15:16:49,481 | 21060 | ERROR | Traceback (most recent call last):
2026-03-04 15:16:49,482 | 21060 | ERROR | File "C:\Users\maxwell\AppData\Local\Python\pythoncore-3.11-64\Lib\logging\__init__.py", line 1113, in emit
    stream.write(msg + self.terminator)
2026-03-04 15:16:49,483 | 21060 | ERROR | File "C:\Users\maxwell\AppData\Local\Python\pythoncore-3.11-64\Lib\encodings\cp1252.py", line 19, in encode
    return codecs.charmap_encode(input,self.errors,encoding_table)[0]
           ^^^^^^^^^^^^^^^^^^^^^^^^^^^^^^^^^^^^^^^^^^^^^^^^^^^^^^^
2026-03-04 15:16:49,484 | 21060 | ERROR | UnicodeEncodeError: 'charmap' codec can't encode character '\u2248' in position 192: character maps to <undefined>
2026-03-04 15:16:49,484 | 21060 | ERROR | During handling of the above exception, another exception occurred:
2026-03-04 15:16:49,485 | 21060 | ERROR | Traceback (most recent call last):
2026-03-04 15:16:49,486 | 21060 | ERROR | File "C:\Users\maxwell\AppData\Local\Python\pythoncore-3.11-64\Lib\logging\__init__.py", line 1113, in emit
    stream.write(msg + self.terminator)
2026-03-04 15:16:49,486 | 21060 | ERROR | File "C:\Users\maxwell\AppData\Local\Python\pythoncore-3.11-64\Lib\encodings\cp1252.py", line 19, in encode
    return codecs.charmap_encode(input,self.errors,encoding_table)[0]
           ^^^^^^^^^^^^^^^^^^^^^^^^^^^^^^^^^^^^^^^^^^^^^^^^^^^^^^^
2026-03-04 15:16:49,486 | 21060 | ERROR | UnicodeEncodeError: 'charmap' codec can't encode character '\u2248' in position 192: character maps to <undefined>
2026-03-04 15:16:49,486 | 21060 | ERROR | During handling of the above exception, another exception occurred:
2026-03-04 15:16:49,486 | 21060 | ERROR | Traceback (most recent call last):
2026-03-04 15:16:49,486 | 21060 | ERROR | File "C:\Users\maxwell\AppData\Local\Python\pythoncore-3.11-64\Lib\logging\__init__.py", line 1113, in emit
    stream.write(msg + self.terminator)
2026-03-04 15:16:49,486 | 21060 | ERROR | File "C:\Users\maxwell\AppData\Local\Python\pythoncore-3.11-64\Lib\encodings\cp1252.py", line 19, in encode
    return codecs.charmap_encode(input,self.errors,encoding_table)[0]
           ^^^^^^^^^^^^^^^^^^^^^^^^^^^^^^^^^^^^^^^^^^^^^^^^^^^^^^^
2026-03-04 15:16:49,486 | 21060 | ERROR | UnicodeEncodeError: 'charmap' codec can't encode character '\u2248' in position 192: character maps to <undefined>
2026-03-04 15:16:49,492 | 21060 | ERROR | During handling of the above exception, another exception occurred:
2026-03-04 15:16:49,493 | 21060 | ERROR | Traceback (most recent call last):
2026-03-04 15:16:49,494 | 21060 | ERROR | File "C:\Users\maxwell\AppData\Local\Python\pythoncore-3.11-64\Lib\logging\__init__.py", line 1113, in emit
    stream.write(msg + self.terminator)
2026-03-04 15:16:49,494 | 21060 | ERROR | File "C:\Users\maxwell\AppData\Local\Python\pythoncore-3.11-64\Lib\encodings\cp1252.py", line 19, in encode
    return codecs.charmap_encode(input,self.errors,encoding_table)[0]
           ^^^^^^^^^^^^^^^^^^^^^^^^^^^^^^^^^^^^^^^^^^^^^^^^^^^^^^^
2026-03-04 15:16:49,495 | 21060 | ERROR | UnicodeEncodeError: 'charmap' codec can't encode character '\u2248' in position 192: character maps to <undefined>
2026-03-04 15:16:49,496 | 21060 | ERROR | Call stack:
2026-03-04 15:16:49,496 | 21060 | ERROR | File "C:\Users\maxwell\UCB-USACE-RR-PROJECT\run_hyperparam_search.py", line 853, in <module>
    setup_logging()
2026-03-04 15:16:49,496 | 21060 | ERROR | --- Logging error ---
2026-03-04 15:16:49,496 | 21060 | ERROR | Traceback (most recent call last):
2026-03-04 15:16:49,496 | 21060 | ERROR | File "C:\Users\maxwell\AppData\Local\Python\pythoncore-3.11-64\Lib\logging\__init__.py", line 1113, in emit
    stream.write(msg + self.terminator)
2026-03-04 15:16:49,496 | 21060 | ERROR | File "C:\Users\maxwell\AppData\Local\Python\pythoncore-3.11-64\Lib\encodings\cp1252.py", line 19, in encode
    return codecs.charmap_encode(input,self.errors,encoding_table)[0]
           ^^^^^^^^^^^^^^^^^^^^^^^^^^^^^^^^^^^^^^^^^^^^^^^^^^^^^^^
2026-03-04 15:16:49,496 | 21060 | ERROR | UnicodeEncodeError: 'charmap' codec can't encode character '\u2248' in position 107: character maps to <undefined>
2026-03-04 15:16:49,504 | 21060 | ERROR | During handling of the above exception, another exception occurred:
2026-03-04 15:16:49,505 | 21060 | ERROR | Traceback (most recent call last):
2026-03-04 15:16:49,506 | 21060 | ERROR | File "C:\Users\maxwell\AppData\Local\Python\pythoncore-3.11-64\Lib\logging\__init__.py", line 1113, in emit
    stream.write(msg + self.terminator)
2026-03-04 15:16:49,506 | 21060 | ERROR | File "C:\Users\maxwell\AppData\Local\Python\pythoncore-3.11-64\Lib\encodings\cp1252.py", line 19, in encode
    return codecs.charmap_encode(input,self.errors,encoding_table)[0]
           ^^^^^^^^^^^^^^^^^^^^^^^^^^^^^^^^^^^^^^^^^^^^^^^^^^^^^^^
2026-03-04 15:16:49,507 | 21060 | ERROR | UnicodeEncodeError: 'charmap' codec can't encode character '\u2248' in position 192: character maps to <undefined>
2026-03-04 15:16:49,508 | 21060 | ERROR | During handling of the above exception, another exception occurred:
2026-03-04 15:16:49,508 | 21060 | ERROR | Traceback (most recent call last):
2026-03-04 15:16:49,508 | 21060 | ERROR | File "C:\Users\maxwell\AppData\Local\Python\pythoncore-3.11-64\Lib\logging\__init__.py", line 1113, in emit
    stream.write(msg + self.terminator)
2026-03-04 15:16:49,508 | 21060 | ERROR | File "C:\Users\maxwell\AppData\Local\Python\pythoncore-3.11-64\Lib\encodings\cp1252.py", line 19, in encode
    return codecs.charmap_encode(input,self.errors,encoding_table)[0]
           ^^^^^^^^^^^^^^^^^^^^^^^^^^^^^^^^^^^^^^^^^^^^^^^^^^^^^^^
2026-03-04 15:16:49,508 | 21060 | ERROR | UnicodeEncodeError: 'charmap' codec can't encode character '\u2248' in position 192: character maps to <undefined>
2026-03-04 15:16:49,508 | 21060 | ERROR | During handling of the above exception, another exception occurred:
2026-03-04 15:16:49,512 | 21060 | ERROR | Traceback (most recent call last):
2026-03-04 15:16:49,513 | 21060 | ERROR | File "C:\Users\maxwell\AppData\Local\Python\pythoncore-3.11-64\Lib\logging\__init__.py", line 1113, in emit
    stream.write(msg + self.terminator)
2026-03-04 15:16:49,513 | 21060 | ERROR | File "C:\Users\maxwell\AppData\Local\Python\pythoncore-3.11-64\Lib\encodings\cp1252.py", line 19, in encode
    return codecs.charmap_encode(input,self.errors,encoding_table)[0]
           ^^^^^^^^^^^^^^^^^^^^^^^^^^^^^^^^^^^^^^^^^^^^^^^^^^^^^^^
2026-03-04 15:16:49,514 | 21060 | ERROR | UnicodeEncodeError: 'charmap' codec can't encode character '\u2248' in position 192: character maps to <undefined>
2026-03-04 15:16:49,515 | 21060 | ERROR | During handling of the above exception, another exception occurred:
2026-03-04 15:16:49,515 | 21060 | ERROR | Traceback (most recent call last):
2026-03-04 15:16:49,516 | 21060 | ERROR | File "C:\Users\maxwell\AppData\Local\Python\pythoncore-3.11-64\Lib\logging\__init__.py", line 1113, in emit
    stream.write(msg + self.terminator)
2026-03-04 15:16:49,516 | 21060 | ERROR | File "C:\Users\maxwell\AppData\Local\Python\pythoncore-3.11-64\Lib\encodings\cp1252.py", line 19, in encode
    return codecs.charmap_encode(input,self.errors,encoding_table)[0]
           ^^^^^^^^^^^^^^^^^^^^^^^^^^^^^^^^^^^^^^^^^^^^^^^^^^^^^^^
2026-03-04 15:16:49,516 | 21060 | ERROR | UnicodeEncodeError: 'charmap' codec can't encode character '\u2248' in position 192: character maps to <undefined>
2026-03-04 15:16:49,516 | 21060 | ERROR | During handling of the above exception, another exception occurred:
2026-03-04 15:16:49,516 | 21060 | ERROR | Traceback (most recent call last):
2026-03-04 15:16:49,519 | 21060 | ERROR | File "C:\Users\maxwell\AppData\Local\Python\pythoncore-3.11-64\Lib\logging\__init__.py", line 1113, in emit
    stream.write(msg + self.terminator)
2026-03-04 15:16:49,520 | 21060 | ERROR | File "C:\Users\maxwell\AppData\Local\Python\pythoncore-3.11-64\Lib\encodings\cp1252.py", line 19, in encode
    return codecs.charmap_encode(input,self.errors,encoding_table)[0]
           ^^^^^^^^^^^^^^^^^^^^^^^^^^^^^^^^^^^^^^^^^^^^^^^^^^^^^^^
2026-03-04 15:16:49,520 | 21060 | ERROR | UnicodeEncodeError: 'charmap' codec can't encode character '\u2248' in position 192: character maps to <undefined>
2026-03-04 15:16:49,521 | 21060 | ERROR | Call stack:
2026-03-04 15:16:49,523 | 21060 | ERROR | File "C:\Users\maxwell\UCB-USACE-RR-PROJECT\run_hyperparam_search.py", line 853, in <module>
    setup_logging()
2026-03-04 15:16:49,524 | 21060 | ERROR | --- Logging error ---
2026-03-04 15:16:49,527 | 21060 | ERROR | Traceback (most recent call last):
2026-03-04 15:16:49,527 | 21060 | ERROR | File "C:\Users\maxwell\AppData\Local\Python\pythoncore-3.11-64\Lib\logging\__init__.py", line 1113, in emit
    stream.write(msg + self.terminator)
2026-03-04 15:16:49,528 | 21060 | ERROR | File "C:\Users\maxwell\AppData\Local\Python\pythoncore-3.11-64\Lib\encodings\cp1252.py", line 19, in encode
    return codecs.charmap_encode(input,self.errors,encoding_table)[0]
           ^^^^^^^^^^^^^^^^^^^^^^^^^^^^^^^^^^^^^^^^^^^^^^^^^^^^^^^
2026-03-04 15:16:49,529 | 21060 | ERROR | UnicodeEncodeError: 'charmap' codec can't encode character '\u2248' in position 107: character maps to <undefined>
2026-03-04 15:16:49,529 | 21060 | ERROR | During handling of the above exception, another exception occurred:
2026-03-04 15:16:49,531 | 21060 | ERROR | Traceback (most recent call last):
2026-03-04 15:16:49,532 | 21060 | ERROR | File "C:\Users\maxwell\AppData\Local\Python\pythoncore-3.11-64\Lib\logging\__init__.py", line 1113, in emit
    stream.write(msg + self.terminator)
2026-03-04 15:16:49,533 | 21060 | ERROR | File "C:\Users\maxwell\AppData\Local\Python\pythoncore-3.11-64\Lib\encodings\cp1252.py", line 19, in encode
    return codecs.charmap_encode(input,self.errors,encoding_table)[0]
           ^^^^^^^^^^^^^^^^^^^^^^^^^^^^^^^^^^^^^^^^^^^^^^^^^^^^^^^
2026-03-04 15:16:49,533 | 21060 | ERROR | UnicodeEncodeError: 'charmap' codec can't encode character '\u2248' in position 192: character maps to <undefined>
2026-03-04 15:16:49,534 | 21060 | ERROR | During handling of the above exception, another exception occurred:
2026-03-04 15:16:49,535 | 21060 | ERROR | Traceback (most recent call last):
2026-03-04 15:16:49,535 | 21060 | ERROR | File "C:\Users\maxwell\AppData\Local\Python\pythoncore-3.11-64\Lib\logging\__init__.py", line 1113, in emit
    stream.write(msg + self.terminator)
2026-03-04 15:16:49,535 | 21060 | ERROR | File "C:\Users\maxwell\AppData\Local\Python\pythoncore-3.11-64\Lib\encodings\cp1252.py", line 19, in encode
    return codecs.charmap_encode(input,self.errors,encoding_table)[0]
           ^^^^^^^^^^^^^^^^^^^^^^^^^^^^^^^^^^^^^^^^^^^^^^^^^^^^^^^
2026-03-04 15:16:49,535 | 21060 | ERROR | UnicodeEncodeError: 'charmap' codec can't encode character '\u2248' in position 192: character maps to <undefined>
2026-03-04 15:16:49,535 | 21060 | ERROR | During handling of the above exception, another exception occurred:
2026-03-04 15:16:49,535 | 21060 | ERROR | Traceback (most recent call last):
2026-03-04 15:16:49,535 | 21060 | ERROR | File "C:\Users\maxwell\AppData\Local\Python\pythoncore-3.11-64\Lib\logging\__init__.py", line 1113, in emit
    stream.write(msg + self.terminator)
2026-03-04 15:16:49,535 | 21060 | ERROR | File "C:\Users\maxwell\AppData\Local\Python\pythoncore-3.11-64\Lib\encodings\cp1252.py", line 19, in encode
    return codecs.charmap_encode(input,self.errors,encoding_table)[0]
           ^^^^^^^^^^^^^^^^^^^^^^^^^^^^^^^^^^^^^^^^^^^^^^^^^^^^^^^
2026-03-04 15:16:49,535 | 21060 | ERROR | UnicodeEncodeError: 'charmap' codec can't encode character '\u2248' in position 192: character maps to <undefined>
2026-03-04 15:16:49,535 | 21060 | ERROR | During handling of the above exception, another exception occurred:
2026-03-04 15:16:49,535 | 21060 | ERROR | Traceback (most recent call last):
2026-03-04 15:16:49,542 | 21060 | ERROR | File "C:\Users\maxwell\AppData\Local\Python\pythoncore-3.11-64\Lib\logging\__init__.py", line 1113, in emit
    stream.write(msg + self.terminator)
2026-03-04 15:16:49,543 | 21060 | ERROR | File "C:\Users\maxwell\AppData\Local\Python\pythoncore-3.11-64\Lib\encodings\cp1252.py", line 19, in encode
    return codecs.charmap_encode(input,self.errors,encoding_table)[0]
           ^^^^^^^^^^^^^^^^^^^^^^^^^^^^^^^^^^^^^^^^^^^^^^^^^^^^^^^
2026-03-04 15:16:49,544 | 21060 | ERROR | UnicodeEncodeError: 'charmap' codec can't encode character '\u2248' in position 192: character maps to <undefined>
2026-03-04 15:16:49,544 | 21060 | ERROR | During handling of the above exception, another exception occurred:
2026-03-04 15:16:49,545 | 21060 | ERROR | Traceback (most recent call last):
2026-03-04 15:16:49,545 | 21060 | ERROR | File "C:\Users\maxwell\AppData\Local\Python\pythoncore-3.11-64\Lib\logging\__init__.py", line 1113, in emit
    stream.write(msg + self.terminator)
2026-03-04 15:16:49,547 | 21060 | ERROR | File "C:\Users\maxwell\AppData\Local\Python\pythoncore-3.11-64\Lib\encodings\cp1252.py", line 19, in encode
    return codecs.charmap_encode(input,self.errors,encoding_table)[0]
           ^^^^^^^^^^^^^^^^^^^^^^^^^^^^^^^^^^^^^^^^^^^^^^^^^^^^^^^
2026-03-04 15:16:49,547 | 21060 | ERROR | UnicodeEncodeError: 'charmap' codec can't encode character '\u2248' in position 192: character maps to <undefined>
2026-03-04 15:16:49,547 | 21060 | ERROR | During handling of the above exception, another exception occurred:
2026-03-04 15:16:49,547 | 21060 | ERROR | Traceback (most recent call last):
2026-03-04 15:16:49,547 | 21060 | ERROR | File "C:\Users\maxwell\AppData\Local\Python\pythoncore-3.11-64\Lib\logging\__init__.py", line 1113, in emit
    stream.write(msg + self.terminator)
2026-03-04 15:16:49,547 | 21060 | ERROR | File "C:\Users\maxwell\AppData\Local\Python\pythoncore-3.11-64\Lib\encodings\cp1252.py", line 19, in encode
    return codecs.charmap_encode(input,self.errors,encoding_table)[0]
           ^^^^^^^^^^^^^^^^^^^^^^^^^^^^^^^^^^^^^^^^^^^^^^^^^^^^^^^
2026-03-04 15:16:49,547 | 21060 | ERROR | UnicodeEncodeError: 'charmap' codec can't encode character '\u2248' in position 192: character maps to <undefined>
2026-03-04 15:16:49,547 | 21060 | ERROR | Call stack:
2026-03-04 15:16:49,554 | 21060 | ERROR | File "C:\Users\maxwell\UCB-USACE-RR-PROJECT\run_hyperparam_search.py", line 853, in <module>
    setup_logging()
2026-03-04 15:16:49,556 | 21060 | ERROR | --- Logging error ---
2026-03-04 15:16:49,559 | 21060 | ERROR | Traceback (most recent call last):
2026-03-04 15:16:49,559 | 21060 | ERROR | File "C:\Users\maxwell\AppData\Local\Python\pythoncore-3.11-64\Lib\logging\__init__.py", line 1113, in emit
    stream.write(msg + self.terminator)
2026-03-04 15:16:49,559 | 21060 | ERROR | File "C:\Users\maxwell\AppData\Local\Python\pythoncore-3.11-64\Lib\encodings\cp1252.py", line 19, in encode
    return codecs.charmap_encode(input,self.errors,encoding_table)[0]
           ^^^^^^^^^^^^^^^^^^^^^^^^^^^^^^^^^^^^^^^^^^^^^^^^^^^^^^^
2026-03-04 15:16:49,559 | 21060 | ERROR | UnicodeEncodeError: 'charmap' codec can't encode character '\u2248' in position 107: character maps to <undefined>
2026-03-04 15:16:49,559 | 21060 | ERROR | During handling of the above exception, another exception occurred:
2026-03-04 15:16:49,563 | 21060 | ERROR | Traceback (most recent call last):
2026-03-04 15:16:49,563 | 21060 | ERROR | File "C:\Users\maxwell\AppData\Local\Python\pythoncore-3.11-64\Lib\logging\__init__.py", line 1113, in emit
    stream.write(msg + self.terminator)
2026-03-04 15:16:49,564 | 21060 | ERROR | File "C:\Users\maxwell\AppData\Local\Python\pythoncore-3.11-64\Lib\encodings\cp1252.py", line 19, in encode
    return codecs.charmap_encode(input,self.errors,encoding_table)[0]
           ^^^^^^^^^^^^^^^^^^^^^^^^^^^^^^^^^^^^^^^^^^^^^^^^^^^^^^^
2026-03-04 15:16:49,564 | 21060 | ERROR | UnicodeEncodeError: 'charmap' codec can't encode character '\u2248' in position 192: character maps to <undefined>
2026-03-04 15:16:49,564 | 21060 | ERROR | During handling of the above exception, another exception occurred:
2026-03-04 15:16:49,566 | 21060 | ERROR | Traceback (most recent call last):
2026-03-04 15:16:49,566 | 21060 | ERROR | File "C:\Users\maxwell\AppData\Local\Python\pythoncore-3.11-64\Lib\logging\__init__.py", line 1113, in emit
    stream.write(msg + self.terminator)
2026-03-04 15:16:49,567 | 21060 | ERROR | File "C:\Users\maxwell\AppData\Local\Python\pythoncore-3.11-64\Lib\encodings\cp1252.py", line 19, in encode
    return codecs.charmap_encode(input,self.errors,encoding_table)[0]
           ^^^^^^^^^^^^^^^^^^^^^^^^^^^^^^^^^^^^^^^^^^^^^^^^^^^^^^^
2026-03-04 15:16:49,568 | 21060 | ERROR | UnicodeEncodeError: 'charmap' codec can't encode character '\u2248' in position 192: character maps to <undefined>
2026-03-04 15:16:49,568 | 21060 | ERROR | During handling of the above exception, another exception occurred:
2026-03-04 15:16:49,569 | 21060 | ERROR | Traceback (most recent call last):
2026-03-04 15:16:49,570 | 21060 | ERROR | File "C:\Users\maxwell\AppData\Local\Python\pythoncore-3.11-64\Lib\logging\__init__.py", line 1113, in emit
    stream.write(msg + self.terminator)
2026-03-04 15:16:49,570 | 21060 | ERROR | File "C:\Users\maxwell\AppData\Local\Python\pythoncore-3.11-64\Lib\encodings\cp1252.py", line 19, in encode
    return codecs.charmap_encode(input,self.errors,encoding_table)[0]
           ^^^^^^^^^^^^^^^^^^^^^^^^^^^^^^^^^^^^^^^^^^^^^^^^^^^^^^^
2026-03-04 15:16:49,571 | 21060 | ERROR | UnicodeEncodeError: 'charmap' codec can't encode character '\u2248' in position 192: character maps to <undefined>
2026-03-04 15:16:49,571 | 21060 | ERROR | During handling of the above exception, another exception occurred:
2026-03-04 15:16:49,573 | 21060 | ERROR | Traceback (most recent call last):
2026-03-04 15:16:49,573 | 21060 | ERROR | File "C:\Users\maxwell\AppData\Local\Python\pythoncore-3.11-64\Lib\logging\__init__.py", line 1113, in emit
    stream.write(msg + self.terminator)
2026-03-04 15:16:49,574 | 21060 | ERROR | File "C:\Users\maxwell\AppData\Local\Python\pythoncore-3.11-64\Lib\encodings\cp1252.py", line 19, in encode
    return codecs.charmap_encode(input,self.errors,encoding_table)[0]
           ^^^^^^^^^^^^^^^^^^^^^^^^^^^^^^^^^^^^^^^^^^^^^^^^^^^^^^^
2026-03-04 15:16:49,574 | 21060 | ERROR | UnicodeEncodeError: 'charmap' codec can't encode character '\u2248' in position 192: character maps to <undefined>
2026-03-04 15:16:49,576 | 21060 | ERROR | During handling of the above exception, another exception occurred:
2026-03-04 15:16:49,577 | 21060 | ERROR | Traceback (most recent call last):
2026-03-04 15:16:49,578 | 21060 | ERROR | File "C:\Users\maxwell\AppData\Local\Python\pythoncore-3.11-64\Lib\logging\__init__.py", line 1113, in emit
    stream.write(msg + self.terminator)
2026-03-04 15:16:49,578 | 21060 | ERROR | File "C:\Users\maxwell\AppData\Local\Python\pythoncore-3.11-64\Lib\encodings\cp1252.py", line 19, in encode
    return codecs.charmap_encode(input,self.errors,encoding_table)[0]
           ^^^^^^^^^^^^^^^^^^^^^^^^^^^^^^^^^^^^^^^^^^^^^^^^^^^^^^^
2026-03-04 15:16:49,579 | 21060 | ERROR | UnicodeEncodeError: 'charmap' codec can't encode character '\u2248' in position 192: character maps to <undefined>
2026-03-04 15:16:49,579 | 21060 | ERROR | During handling of the above exception, another exception occurred:
2026-03-04 15:16:49,581 | 21060 | ERROR | Traceback (most recent call last):
2026-03-04 15:16:49,582 | 21060 | ERROR | File "C:\Users\maxwell\AppData\Local\Python\pythoncore-3.11-64\Lib\logging\__init__.py", line 1113, in emit
    stream.write(msg + self.terminator)
2026-03-04 15:16:49,583 | 21060 | ERROR | File "C:\Users\maxwell\AppData\Local\Python\pythoncore-3.11-64\Lib\encodings\cp1252.py", line 19, in encode
    return codecs.charmap_encode(input,self.errors,encoding_table)[0]
           ^^^^^^^^^^^^^^^^^^^^^^^^^^^^^^^^^^^^^^^^^^^^^^^^^^^^^^^
2026-03-04 15:16:49,583 | 21060 | ERROR | UnicodeEncodeError: 'charmap' codec can't encode character '\u2248' in position 192: character maps to <undefined>
2026-03-04 15:16:49,585 | 21060 | ERROR | During handling of the above exception, another exception occurred:
2026-03-04 15:16:49,585 | 21060 | ERROR | Traceback (most recent call last):
2026-03-04 15:16:49,585 | 21060 | ERROR | File "C:\Users\maxwell\AppData\Local\Python\pythoncore-3.11-64\Lib\logging\__init__.py", line 1113, in emit
    stream.write(msg + self.terminator)
2026-03-04 15:16:49,585 | 21060 | ERROR | File "C:\Users\maxwell\AppData\Local\Python\pythoncore-3.11-64\Lib\encodings\cp1252.py", line 19, in encode
    return codecs.charmap_encode(input,self.errors,encoding_table)[0]
           ^^^^^^^^^^^^^^^^^^^^^^^^^^^^^^^^^^^^^^^^^^^^^^^^^^^^^^^
2026-03-04 15:16:49,585 | 21060 | ERROR | UnicodeEncodeError: 'charmap' codec can't encode character '\u2248' in position 192: character maps to <undefined>
2026-03-04 15:16:49,585 | 21060 | ERROR | Call stack:
2026-03-04 15:16:49,585 | 21060 | ERROR | File "C:\Users\maxwell\UCB-USACE-RR-PROJECT\run_hyperparam_search.py", line 853, in <module>
    setup_logging()
2026-03-04 15:16:49,592 | 21060 | ERROR | --- Logging error ---
2026-03-04 15:16:49,596 | 21060 | ERROR | Traceback (most recent call last):
2026-03-04 15:16:49,597 | 21060 | ERROR | File "C:\Users\maxwell\AppData\Local\Python\pythoncore-3.11-64\Lib\logging\__init__.py", line 1113, in emit
    stream.write(msg + self.terminator)
2026-03-04 15:16:49,598 | 21060 | ERROR | File "C:\Users\maxwell\AppData\Local\Python\pythoncore-3.11-64\Lib\encodings\cp1252.py", line 19, in encode
    return codecs.charmap_encode(input,self.errors,encoding_table)[0]
           ^^^^^^^^^^^^^^^^^^^^^^^^^^^^^^^^^^^^^^^^^^^^^^^^^^^^^^^
2026-03-04 15:16:49,598 | 21060 | ERROR | UnicodeEncodeError: 'charmap' codec can't encode character '\u2248' in position 107: character maps to <undefined>
2026-03-04 15:16:49,599 | 21060 | ERROR | During handling of the above exception, another exception occurred:
2026-03-04 15:16:49,600 | 21060 | ERROR | Traceback (most recent call last):
2026-03-04 15:16:49,600 | 21060 | ERROR | File "C:\Users\maxwell\AppData\Local\Python\pythoncore-3.11-64\Lib\logging\__init__.py", line 1113, in emit
    stream.write(msg + self.terminator)
2026-03-04 15:16:49,601 | 21060 | ERROR | File "C:\Users\maxwell\AppData\Local\Python\pythoncore-3.11-64\Lib\encodings\cp1252.py", line 19, in encode
    return codecs.charmap_encode(input,self.errors,encoding_table)[0]
           ^^^^^^^^^^^^^^^^^^^^^^^^^^^^^^^^^^^^^^^^^^^^^^^^^^^^^^^
2026-03-04 15:16:49,602 | 21060 | ERROR | UnicodeEncodeError: 'charmap' codec can't encode character '\u2248' in position 192: character maps to <undefined>
2026-03-04 15:16:49,602 | 21060 | ERROR | During handling of the above exception, another exception occurred:
2026-03-04 15:16:49,603 | 21060 | ERROR | Traceback (most recent call last):
2026-03-04 15:16:49,603 | 21060 | ERROR | File "C:\Users\maxwell\AppData\Local\Python\pythoncore-3.11-64\Lib\logging\__init__.py", line 1113, in emit
    stream.write(msg + self.terminator)
2026-03-04 15:16:49,605 | 21060 | ERROR | File "C:\Users\maxwell\AppData\Local\Python\pythoncore-3.11-64\Lib\encodings\cp1252.py", line 19, in encode
    return codecs.charmap_encode(input,self.errors,encoding_table)[0]
           ^^^^^^^^^^^^^^^^^^^^^^^^^^^^^^^^^^^^^^^^^^^^^^^^^^^^^^^
2026-03-04 15:16:49,605 | 21060 | ERROR | UnicodeEncodeError: 'charmap' codec can't encode character '\u2248' in position 192: character maps to <undefined>
2026-03-04 15:16:49,607 | 21060 | ERROR | During handling of the above exception, another exception occurred:
2026-03-04 15:16:49,607 | 21060 | ERROR | Traceback (most recent call last):
2026-03-04 15:16:49,608 | 21060 | ERROR | File "C:\Users\maxwell\AppData\Local\Python\pythoncore-3.11-64\Lib\logging\__init__.py", line 1113, in emit
    stream.write(msg + self.terminator)
2026-03-04 15:16:49,608 | 21060 | ERROR | File "C:\Users\maxwell\AppData\Local\Python\pythoncore-3.11-64\Lib\encodings\cp1252.py", line 19, in encode
    return codecs.charmap_encode(input,self.errors,encoding_table)[0]
           ^^^^^^^^^^^^^^^^^^^^^^^^^^^^^^^^^^^^^^^^^^^^^^^^^^^^^^^
2026-03-04 15:16:49,609 | 21060 | ERROR | UnicodeEncodeError: 'charmap' codec can't encode character '\u2248' in position 192: character maps to <undefined>
2026-03-04 15:16:49,609 | 21060 | ERROR | During handling of the above exception, another exception occurred:
2026-03-04 15:16:49,610 | 21060 | ERROR | Traceback (most recent call last):
2026-03-04 15:16:49,610 | 21060 | ERROR | File "C:\Users\maxwell\AppData\Local\Python\pythoncore-3.11-64\Lib\logging\__init__.py", line 1113, in emit
    stream.write(msg + self.terminator)
2026-03-04 15:16:49,610 | 21060 | ERROR | File "C:\Users\maxwell\AppData\Local\Python\pythoncore-3.11-64\Lib\encodings\cp1252.py", line 19, in encode
    return codecs.charmap_encode(input,self.errors,encoding_table)[0]
           ^^^^^^^^^^^^^^^^^^^^^^^^^^^^^^^^^^^^^^^^^^^^^^^^^^^^^^^
2026-03-04 15:16:49,610 | 21060 | ERROR | UnicodeEncodeError: 'charmap' codec can't encode character '\u2248' in position 192: character maps to <undefined>
2026-03-04 15:16:49,610 | 21060 | ERROR | During handling of the above exception, another exception occurred:
2026-03-04 15:16:49,610 | 21060 | ERROR | Traceback (most recent call last):
2026-03-04 15:16:49,610 | 21060 | ERROR | File "C:\Users\maxwell\AppData\Local\Python\pythoncore-3.11-64\Lib\logging\__init__.py", line 1113, in emit
    stream.write(msg + self.terminator)
2026-03-04 15:16:49,616 | 21060 | ERROR | File "C:\Users\maxwell\AppData\Local\Python\pythoncore-3.11-64\Lib\encodings\cp1252.py", line 19, in encode
    return codecs.charmap_encode(input,self.errors,encoding_table)[0]
           ^^^^^^^^^^^^^^^^^^^^^^^^^^^^^^^^^^^^^^^^^^^^^^^^^^^^^^^
2026-03-04 15:16:49,616 | 21060 | ERROR | UnicodeEncodeError: 'charmap' codec can't encode character '\u2248' in position 192: character maps to <undefined>
2026-03-04 15:16:49,616 | 21060 | ERROR | During handling of the above exception, another exception occurred:
2026-03-04 15:16:49,618 | 21060 | ERROR | Traceback (most recent call last):
2026-03-04 15:16:49,619 | 21060 | ERROR | File "C:\Users\maxwell\AppData\Local\Python\pythoncore-3.11-64\Lib\logging\__init__.py", line 1113, in emit
    stream.write(msg + self.terminator)
2026-03-04 15:16:49,619 | 21060 | ERROR | File "C:\Users\maxwell\AppData\Local\Python\pythoncore-3.11-64\Lib\encodings\cp1252.py", line 19, in encode
    return codecs.charmap_encode(input,self.errors,encoding_table)[0]
           ^^^^^^^^^^^^^^^^^^^^^^^^^^^^^^^^^^^^^^^^^^^^^^^^^^^^^^^
2026-03-04 15:16:49,620 | 21060 | ERROR | UnicodeEncodeError: 'charmap' codec can't encode character '\u2248' in position 192: character maps to <undefined>
2026-03-04 15:16:49,621 | 21060 | ERROR | During handling of the above exception, another exception occurred:
2026-03-04 15:16:49,621 | 21060 | ERROR | Traceback (most recent call last):
2026-03-04 15:16:49,622 | 21060 | ERROR | File "C:\Users\maxwell\AppData\Local\Python\pythoncore-3.11-64\Lib\logging\__init__.py", line 1113, in emit
    stream.write(msg + self.terminator)
2026-03-04 15:16:49,623 | 21060 | ERROR | File "C:\Users\maxwell\AppData\Local\Python\pythoncore-3.11-64\Lib\encodings\cp1252.py", line 19, in encode
    return codecs.charmap_encode(input,self.errors,encoding_table)[0]
           ^^^^^^^^^^^^^^^^^^^^^^^^^^^^^^^^^^^^^^^^^^^^^^^^^^^^^^^
2026-03-04 15:16:49,623 | 21060 | ERROR | UnicodeEncodeError: 'charmap' codec can't encode character '\u2248' in position 192: character maps to <undefined>
2026-03-04 15:16:49,624 | 21060 | ERROR | During handling of the above exception, another exception occurred:
2026-03-04 15:16:49,624 | 21060 | ERROR | Traceback (most recent call last):
2026-03-04 15:16:49,625 | 21060 | ERROR | File "C:\Users\maxwell\AppData\Local\Python\pythoncore-3.11-64\Lib\logging\__init__.py", line 1113, in emit
    stream.write(msg + self.terminator)
2026-03-04 15:16:49,626 | 21060 | ERROR | File "C:\Users\maxwell\AppData\Local\Python\pythoncore-3.11-64\Lib\encodings\cp1252.py", line 19, in encode
    return codecs.charmap_encode(input,self.errors,encoding_table)[0]
           ^^^^^^^^^^^^^^^^^^^^^^^^^^^^^^^^^^^^^^^^^^^^^^^^^^^^^^^
2026-03-04 15:16:49,626 | 21060 | ERROR | UnicodeEncodeError: 'charmap' codec can't encode character '\u2248' in position 192: character maps to <undefined>
2026-03-04 15:16:49,626 | 21060 | ERROR | Call stack:
2026-03-04 15:16:49,626 | 21060 | ERROR | File "C:\Users\maxwell\UCB-USACE-RR-PROJECT\run_hyperparam_search.py", line 853, in <module>
    setup_logging()
2026-03-04 15:16:49,626 | 21060 | ERROR | --- Logging error ---
2026-03-04 15:16:49,635 | 21060 | ERROR | Traceback (most recent call last):
2026-03-04 15:16:49,635 | 21060 | ERROR | File "C:\Users\maxwell\AppData\Local\Python\pythoncore-3.11-64\Lib\logging\__init__.py", line 1113, in emit
    stream.write(msg + self.terminator)
2026-03-04 15:16:49,636 | 21060 | ERROR | File "C:\Users\maxwell\AppData\Local\Python\pythoncore-3.11-64\Lib\encodings\cp1252.py", line 19, in encode
    return codecs.charmap_encode(input,self.errors,encoding_table)[0]
           ^^^^^^^^^^^^^^^^^^^^^^^^^^^^^^^^^^^^^^^^^^^^^^^^^^^^^^^
2026-03-04 15:16:49,636 | 21060 | ERROR | UnicodeEncodeError: 'charmap' codec can't encode character '\u2248' in position 107: character maps to <undefined>
2026-03-04 15:16:49,637 | 21060 | ERROR | During handling of the above exception, another exception occurred:
2026-03-04 15:16:49,637 | 21060 | ERROR | Traceback (most recent call last):
2026-03-04 15:16:49,638 | 21060 | ERROR | File "C:\Users\maxwell\AppData\Local\Python\pythoncore-3.11-64\Lib\logging\__init__.py", line 1113, in emit
    stream.write(msg + self.terminator)
2026-03-04 15:16:49,639 | 21060 | ERROR | File "C:\Users\maxwell\AppData\Local\Python\pythoncore-3.11-64\Lib\encodings\cp1252.py", line 19, in encode
    return codecs.charmap_encode(input,self.errors,encoding_table)[0]
           ^^^^^^^^^^^^^^^^^^^^^^^^^^^^^^^^^^^^^^^^^^^^^^^^^^^^^^^
2026-03-04 15:16:49,639 | 21060 | ERROR | UnicodeEncodeError: 'charmap' codec can't encode character '\u2248' in position 192: character maps to <undefined>
2026-03-04 15:16:49,640 | 21060 | ERROR | During handling of the above exception, another exception occurred:
2026-03-04 15:16:49,640 | 21060 | ERROR | Traceback (most recent call last):
2026-03-04 15:16:49,642 | 21060 | ERROR | File "C:\Users\maxwell\AppData\Local\Python\pythoncore-3.11-64\Lib\logging\__init__.py", line 1113, in emit
    stream.write(msg + self.terminator)
2026-03-04 15:16:49,643 | 21060 | ERROR | File "C:\Users\maxwell\AppData\Local\Python\pythoncore-3.11-64\Lib\encodings\cp1252.py", line 19, in encode
    return codecs.charmap_encode(input,self.errors,encoding_table)[0]
           ^^^^^^^^^^^^^^^^^^^^^^^^^^^^^^^^^^^^^^^^^^^^^^^^^^^^^^^
2026-03-04 15:16:49,643 | 21060 | ERROR | UnicodeEncodeError: 'charmap' codec can't encode character '\u2248' in position 192: character maps to <undefined>
2026-03-04 15:16:49,644 | 21060 | ERROR | During handling of the above exception, another exception occurred:
2026-03-04 15:16:49,644 | 21060 | ERROR | Traceback (most recent call last):
2026-03-04 15:16:49,645 | 21060 | ERROR | File "C:\Users\maxwell\AppData\Local\Python\pythoncore-3.11-64\Lib\logging\__init__.py", line 1113, in emit
    stream.write(msg + self.terminator)
2026-03-04 15:16:49,645 | 21060 | ERROR | File "C:\Users\maxwell\AppData\Local\Python\pythoncore-3.11-64\Lib\encodings\cp1252.py", line 19, in encode
    return codecs.charmap_encode(input,self.errors,encoding_table)[0]
           ^^^^^^^^^^^^^^^^^^^^^^^^^^^^^^^^^^^^^^^^^^^^^^^^^^^^^^^
2026-03-04 15:16:49,645 | 21060 | ERROR | UnicodeEncodeError: 'charmap' codec can't encode character '\u2248' in position 192: character maps to <undefined>
2026-03-04 15:16:49,645 | 21060 | ERROR | During handling of the above exception, another exception occurred:
2026-03-04 15:16:49,645 | 21060 | ERROR | Traceback (most recent call last):
2026-03-04 15:16:49,645 | 21060 | ERROR | File "C:\Users\maxwell\AppData\Local\Python\pythoncore-3.11-64\Lib\logging\__init__.py", line 1113, in emit
    stream.write(msg + self.terminator)
2026-03-04 15:16:49,645 | 21060 | ERROR | File "C:\Users\maxwell\AppData\Local\Python\pythoncore-3.11-64\Lib\encodings\cp1252.py", line 19, in encode
    return codecs.charmap_encode(input,self.errors,encoding_table)[0]
           ^^^^^^^^^^^^^^^^^^^^^^^^^^^^^^^^^^^^^^^^^^^^^^^^^^^^^^^
2026-03-04 15:16:49,645 | 21060 | ERROR | UnicodeEncodeError: 'charmap' codec can't encode character '\u2248' in position 192: character maps to <undefined>
2026-03-04 15:16:49,652 | 21060 | ERROR | During handling of the above exception, another exception occurred:
2026-03-04 15:16:49,652 | 21060 | ERROR | Traceback (most recent call last):
2026-03-04 15:16:49,653 | 21060 | ERROR | File "C:\Users\maxwell\AppData\Local\Python\pythoncore-3.11-64\Lib\logging\__init__.py", line 1113, in emit
    stream.write(msg + self.terminator)
2026-03-04 15:16:49,654 | 21060 | ERROR | File "C:\Users\maxwell\AppData\Local\Python\pythoncore-3.11-64\Lib\encodings\cp1252.py", line 19, in encode
    return codecs.charmap_encode(input,self.errors,encoding_table)[0]
           ^^^^^^^^^^^^^^^^^^^^^^^^^^^^^^^^^^^^^^^^^^^^^^^^^^^^^^^
2026-03-04 15:16:49,654 | 21060 | ERROR | UnicodeEncodeError: 'charmap' codec can't encode character '\u2248' in position 192: character maps to <undefined>
2026-03-04 15:16:49,655 | 21060 | ERROR | During handling of the above exception, another exception occurred:
2026-03-04 15:16:49,656 | 21060 | ERROR | Traceback (most recent call last):
2026-03-04 15:16:49,656 | 21060 | ERROR | File "C:\Users\maxwell\AppData\Local\Python\pythoncore-3.11-64\Lib\logging\__init__.py", line 1113, in emit
    stream.write(msg + self.terminator)
2026-03-04 15:16:49,656 | 21060 | ERROR | File "C:\Users\maxwell\AppData\Local\Python\pythoncore-3.11-64\Lib\encodings\cp1252.py", line 19, in encode
    return codecs.charmap_encode(input,self.errors,encoding_table)[0]
           ^^^^^^^^^^^^^^^^^^^^^^^^^^^^^^^^^^^^^^^^^^^^^^^^^^^^^^^
2026-03-04 15:16:49,656 | 21060 | ERROR | UnicodeEncodeError: 'charmap' codec can't encode character '\u2248' in position 192: character maps to <undefined>
2026-03-04 15:16:49,656 | 21060 | ERROR | During handling of the above exception, another exception occurred:
2026-03-04 15:16:49,656 | 21060 | ERROR | Traceback (most recent call last):
2026-03-04 15:16:49,656 | 21060 | ERROR | File "C:\Users\maxwell\AppData\Local\Python\pythoncore-3.11-64\Lib\logging\__init__.py", line 1113, in emit
    stream.write(msg + self.terminator)
2026-03-04 15:16:49,656 | 21060 | ERROR | File "C:\Users\maxwell\AppData\Local\Python\pythoncore-3.11-64\Lib\encodings\cp1252.py", line 19, in encode
    return codecs.charmap_encode(input,self.errors,encoding_table)[0]
           ^^^^^^^^^^^^^^^^^^^^^^^^^^^^^^^^^^^^^^^^^^^^^^^^^^^^^^^
2026-03-04 15:16:49,656 | 21060 | ERROR | UnicodeEncodeError: 'charmap' codec can't encode character '\u2248' in position 192: character maps to <undefined>
2026-03-04 15:16:49,656 | 21060 | ERROR | During handling of the above exception, another exception occurred:
2026-03-04 15:16:49,662 | 21060 | ERROR | Traceback (most recent call last):
2026-03-04 15:16:49,662 | 21060 | ERROR | File "C:\Users\maxwell\AppData\Local\Python\pythoncore-3.11-64\Lib\logging\__init__.py", line 1113, in emit
    stream.write(msg + self.terminator)
2026-03-04 15:16:49,663 | 21060 | ERROR | File "C:\Users\maxwell\AppData\Local\Python\pythoncore-3.11-64\Lib\encodings\cp1252.py", line 19, in encode
    return codecs.charmap_encode(input,self.errors,encoding_table)[0]
           ^^^^^^^^^^^^^^^^^^^^^^^^^^^^^^^^^^^^^^^^^^^^^^^^^^^^^^^
2026-03-04 15:16:49,664 | 21060 | ERROR | UnicodeEncodeError: 'charmap' codec can't encode character '\u2248' in position 192: character maps to <undefined>
2026-03-04 15:16:49,664 | 21060 | ERROR | During handling of the above exception, another exception occurred:
2026-03-04 15:16:49,665 | 21060 | ERROR | Traceback (most recent call last):
2026-03-04 15:16:49,666 | 21060 | ERROR | File "C:\Users\maxwell\AppData\Local\Python\pythoncore-3.11-64\Lib\logging\__init__.py", line 1113, in emit
    stream.write(msg + self.terminator)
2026-03-04 15:16:49,666 | 21060 | ERROR | File "C:\Users\maxwell\AppData\Local\Python\pythoncore-3.11-64\Lib\encodings\cp1252.py", line 19, in encode
    return codecs.charmap_encode(input,self.errors,encoding_table)[0]
           ^^^^^^^^^^^^^^^^^^^^^^^^^^^^^^^^^^^^^^^^^^^^^^^^^^^^^^^
2026-03-04 15:16:49,668 | 21060 | ERROR | UnicodeEncodeError: 'charmap' codec can't encode character '\u2248' in position 192: character maps to <undefined>
2026-03-04 15:16:49,668 | 21060 | ERROR | Call stack:
2026-03-04 15:16:49,670 | 21060 | ERROR | File "C:\Users\maxwell\UCB-USACE-RR-PROJECT\run_hyperparam_search.py", line 853, in <module>
    setup_logging()
2026-03-04 15:16:49,672 | 21060 | ERROR | --- Logging error ---
2026-03-04 15:16:49,675 | 21060 | ERROR | Traceback (most recent call last):
2026-03-04 15:16:49,676 | 21060 | ERROR | File "C:\Users\maxwell\AppData\Local\Python\pythoncore-3.11-64\Lib\logging\__init__.py", line 1113, in emit
    stream.write(msg + self.terminator)
2026-03-04 15:16:49,677 | 21060 | ERROR | File "C:\Users\maxwell\AppData\Local\Python\pythoncore-3.11-64\Lib\encodings\cp1252.py", line 19, in encode
    return codecs.charmap_encode(input,self.errors,encoding_table)[0]
           ^^^^^^^^^^^^^^^^^^^^^^^^^^^^^^^^^^^^^^^^^^^^^^^^^^^^^^^
2026-03-04 15:16:49,677 | 21060 | ERROR | UnicodeEncodeError: 'charmap' codec can't encode character '\u2248' in position 107: character maps to <undefined>
2026-03-04 15:16:49,677 | 21060 | ERROR | During handling of the above exception, another exception occurred:
2026-03-04 15:16:49,677 | 21060 | ERROR | Traceback (most recent call last):
2026-03-04 15:16:49,677 | 21060 | ERROR | File "C:\Users\maxwell\AppData\Local\Python\pythoncore-3.11-64\Lib\logging\__init__.py", line 1113, in emit
    stream.write(msg + self.terminator)
2026-03-04 15:16:49,677 | 21060 | ERROR | File "C:\Users\maxwell\AppData\Local\Python\pythoncore-3.11-64\Lib\encodings\cp1252.py", line 19, in encode
    return codecs.charmap_encode(input,self.errors,encoding_table)[0]
           ^^^^^^^^^^^^^^^^^^^^^^^^^^^^^^^^^^^^^^^^^^^^^^^^^^^^^^^
2026-03-04 15:16:49,677 | 21060 | ERROR | UnicodeEncodeError: 'charmap' codec can't encode character '\u2248' in position 192: character maps to <undefined>
2026-03-04 15:16:49,677 | 21060 | ERROR | During handling of the above exception, another exception occurred:
2026-03-04 15:16:49,677 | 21060 | ERROR | Traceback (most recent call last):
2026-03-04 15:16:49,677 | 21060 | ERROR | File "C:\Users\maxwell\AppData\Local\Python\pythoncore-3.11-64\Lib\logging\__init__.py", line 1113, in emit
    stream.write(msg + self.terminator)
2026-03-04 15:16:49,684 | 21060 | ERROR | File "C:\Users\maxwell\AppData\Local\Python\pythoncore-3.11-64\Lib\encodings\cp1252.py", line 19, in encode
    return codecs.charmap_encode(input,self.errors,encoding_table)[0]
           ^^^^^^^^^^^^^^^^^^^^^^^^^^^^^^^^^^^^^^^^^^^^^^^^^^^^^^^
2026-03-04 15:16:49,684 | 21060 | ERROR | UnicodeEncodeError: 'charmap' codec can't encode character '\u2248' in position 192: character maps to <undefined>
2026-03-04 15:16:49,685 | 21060 | ERROR | During handling of the above exception, another exception occurred:
2026-03-04 15:16:49,686 | 21060 | ERROR | Traceback (most recent call last):
2026-03-04 15:16:49,687 | 21060 | ERROR | File "C:\Users\maxwell\AppData\Local\Python\pythoncore-3.11-64\Lib\logging\__init__.py", line 1113, in emit
    stream.write(msg + self.terminator)
2026-03-04 15:16:49,687 | 21060 | ERROR | File "C:\Users\maxwell\AppData\Local\Python\pythoncore-3.11-64\Lib\encodings\cp1252.py", line 19, in encode
    return codecs.charmap_encode(input,self.errors,encoding_table)[0]
           ^^^^^^^^^^^^^^^^^^^^^^^^^^^^^^^^^^^^^^^^^^^^^^^^^^^^^^^
2026-03-04 15:16:49,688 | 21060 | ERROR | UnicodeEncodeError: 'charmap' codec can't encode character '\u2248' in position 192: character maps to <undefined>
2026-03-04 15:16:49,688 | 21060 | ERROR | During handling of the above exception, another exception occurred:
2026-03-04 15:16:49,688 | 21060 | ERROR | Traceback (most recent call last):
2026-03-04 15:16:49,688 | 21060 | ERROR | File "C:\Users\maxwell\AppData\Local\Python\pythoncore-3.11-64\Lib\logging\__init__.py", line 1113, in emit
    stream.write(msg + self.terminator)
2026-03-04 15:16:49,688 | 21060 | ERROR | File "C:\Users\maxwell\AppData\Local\Python\pythoncore-3.11-64\Lib\encodings\cp1252.py", line 19, in encode
    return codecs.charmap_encode(input,self.errors,encoding_table)[0]
           ^^^^^^^^^^^^^^^^^^^^^^^^^^^^^^^^^^^^^^^^^^^^^^^^^^^^^^^
2026-03-04 15:16:49,688 | 21060 | ERROR | UnicodeEncodeError: 'charmap' codec can't encode character '\u2248' in position 192: character maps to <undefined>
2026-03-04 15:16:49,688 | 21060 | ERROR | During handling of the above exception, another exception occurred:
2026-03-04 15:16:49,688 | 21060 | ERROR | Traceback (most recent call last):
2026-03-04 15:16:49,688 | 21060 | ERROR | File "C:\Users\maxwell\AppData\Local\Python\pythoncore-3.11-64\Lib\logging\__init__.py", line 1113, in emit
    stream.write(msg + self.terminator)
2026-03-04 15:16:49,688 | 21060 | ERROR | File "C:\Users\maxwell\AppData\Local\Python\pythoncore-3.11-64\Lib\encodings\cp1252.py", line 19, in encode
    return codecs.charmap_encode(input,self.errors,encoding_table)[0]
           ^^^^^^^^^^^^^^^^^^^^^^^^^^^^^^^^^^^^^^^^^^^^^^^^^^^^^^^
2026-03-04 15:16:49,695 | 21060 | ERROR | UnicodeEncodeError: 'charmap' codec can't encode character '\u2248' in position 192: character maps to <undefined>
2026-03-04 15:16:49,695 | 21060 | ERROR | During handling of the above exception, another exception occurred:
2026-03-04 15:16:49,696 | 21060 | ERROR | Traceback (most recent call last):
2026-03-04 15:16:49,696 | 21060 | ERROR | File "C:\Users\maxwell\AppData\Local\Python\pythoncore-3.11-64\Lib\logging\__init__.py", line 1113, in emit
    stream.write(msg + self.terminator)
2026-03-04 15:16:49,697 | 21060 | ERROR | File "C:\Users\maxwell\AppData\Local\Python\pythoncore-3.11-64\Lib\encodings\cp1252.py", line 19, in encode
    return codecs.charmap_encode(input,self.errors,encoding_table)[0]
           ^^^^^^^^^^^^^^^^^^^^^^^^^^^^^^^^^^^^^^^^^^^^^^^^^^^^^^^
2026-03-04 15:16:49,697 | 21060 | ERROR | UnicodeEncodeError: 'charmap' codec can't encode character '\u2248' in position 192: character maps to <undefined>
2026-03-04 15:16:49,699 | 21060 | ERROR | During handling of the above exception, another exception occurred:
2026-03-04 15:16:49,699 | 21060 | ERROR | Traceback (most recent call last):
2026-03-04 15:16:49,700 | 21060 | ERROR | File "C:\Users\maxwell\AppData\Local\Python\pythoncore-3.11-64\Lib\logging\__init__.py", line 1113, in emit
    stream.write(msg + self.terminator)
2026-03-04 15:16:49,700 | 21060 | ERROR | File "C:\Users\maxwell\AppData\Local\Python\pythoncore-3.11-64\Lib\encodings\cp1252.py", line 19, in encode
    return codecs.charmap_encode(input,self.errors,encoding_table)[0]
           ^^^^^^^^^^^^^^^^^^^^^^^^^^^^^^^^^^^^^^^^^^^^^^^^^^^^^^^
2026-03-04 15:16:49,701 | 21060 | ERROR | UnicodeEncodeError: 'charmap' codec can't encode character '\u2248' in position 192: character maps to <undefined>
2026-03-04 15:16:49,702 | 21060 | ERROR | During handling of the above exception, another exception occurred:
2026-03-04 15:16:49,702 | 21060 | ERROR | Traceback (most recent call last):
2026-03-04 15:16:49,703 | 21060 | ERROR | File "C:\Users\maxwell\AppData\Local\Python\pythoncore-3.11-64\Lib\logging\__init__.py", line 1113, in emit
    stream.write(msg + self.terminator)
2026-03-04 15:16:49,703 | 21060 | ERROR | File "C:\Users\maxwell\AppData\Local\Python\pythoncore-3.11-64\Lib\encodings\cp1252.py", line 19, in encode
    return codecs.charmap_encode(input,self.errors,encoding_table)[0]
           ^^^^^^^^^^^^^^^^^^^^^^^^^^^^^^^^^^^^^^^^^^^^^^^^^^^^^^^
2026-03-04 15:16:49,705 | 21060 | ERROR | UnicodeEncodeError: 'charmap' codec can't encode character '\u2248' in position 192: character maps to <undefined>
2026-03-04 15:16:49,706 | 21060 | ERROR | During handling of the above exception, another exception occurred:
2026-03-04 15:16:49,706 | 21060 | ERROR | Traceback (most recent call last):
2026-03-04 15:16:49,707 | 21060 | ERROR | File "C:\Users\maxwell\AppData\Local\Python\pythoncore-3.11-64\Lib\logging\__init__.py", line 1113, in emit
    stream.write(msg + self.terminator)
2026-03-04 15:16:49,707 | 21060 | ERROR | File "C:\Users\maxwell\AppData\Local\Python\pythoncore-3.11-64\Lib\encodings\cp1252.py", line 19, in encode
    return codecs.charmap_encode(input,self.errors,encoding_table)[0]
           ^^^^^^^^^^^^^^^^^^^^^^^^^^^^^^^^^^^^^^^^^^^^^^^^^^^^^^^
2026-03-04 15:16:49,708 | 21060 | ERROR | UnicodeEncodeError: 'charmap' codec can't encode character '\u2248' in position 192: character maps to <undefined>
2026-03-04 15:16:49,708 | 21060 | ERROR | During handling of the above exception, another exception occurred:
2026-03-04 15:16:49,709 | 21060 | ERROR | Traceback (most recent call last):
2026-03-04 15:16:49,709 | 21060 | ERROR | File "C:\Users\maxwell\AppData\Local\Python\pythoncore-3.11-64\Lib\logging\__init__.py", line 1113, in emit
    stream.write(msg + self.terminator)
2026-03-04 15:16:49,709 | 21060 | ERROR | File "C:\Users\maxwell\AppData\Local\Python\pythoncore-3.11-64\Lib\encodings\cp1252.py", line 19, in encode
    return codecs.charmap_encode(input,self.errors,encoding_table)[0]
           ^^^^^^^^^^^^^^^^^^^^^^^^^^^^^^^^^^^^^^^^^^^^^^^^^^^^^^^
2026-03-04 15:16:49,712 | 21060 | ERROR | UnicodeEncodeError: 'charmap' codec can't encode character '\u2248' in position 192: character maps to <undefined>
2026-03-04 15:16:49,712 | 21060 | ERROR | Call stack:
2026-03-04 15:16:49,714 | 21060 | ERROR | File "C:\Users\maxwell\UCB-USACE-RR-PROJECT\run_hyperparam_search.py", line 853, in <module>
    setup_logging()
2026-03-04 15:16:49,716 | 21060 | ERROR | --- Logging error ---
2026-03-04 15:16:49,720 | 21060 | ERROR | Traceback (most recent call last):
2026-03-04 15:16:49,721 | 21060 | ERROR | File "C:\Users\maxwell\AppData\Local\Python\pythoncore-3.11-64\Lib\logging\__init__.py", line 1113, in emit
    stream.write(msg + self.terminator)
2026-03-04 15:16:49,721 | 21060 | ERROR | File "C:\Users\maxwell\AppData\Local\Python\pythoncore-3.11-64\Lib\encodings\cp1252.py", line 19, in encode
    return codecs.charmap_encode(input,self.errors,encoding_table)[0]
           ^^^^^^^^^^^^^^^^^^^^^^^^^^^^^^^^^^^^^^^^^^^^^^^^^^^^^^^
2026-03-04 15:16:49,722 | 21060 | ERROR | UnicodeEncodeError: 'charmap' codec can't encode character '\u2248' in position 107: character maps to <undefined>
2026-03-04 15:16:49,723 | 21060 | ERROR | During handling of the above exception, another exception occurred:
2026-03-04 15:16:49,723 | 21060 | ERROR | Traceback (most recent call last):
2026-03-04 15:16:49,724 | 21060 | ERROR | File "C:\Users\maxwell\AppData\Local\Python\pythoncore-3.11-64\Lib\logging\__init__.py", line 1113, in emit
    stream.write(msg + self.terminator)
2026-03-04 15:16:49,724 | 21060 | ERROR | File "C:\Users\maxwell\AppData\Local\Python\pythoncore-3.11-64\Lib\encodings\cp1252.py", line 19, in encode
    return codecs.charmap_encode(input,self.errors,encoding_table)[0]
           ^^^^^^^^^^^^^^^^^^^^^^^^^^^^^^^^^^^^^^^^^^^^^^^^^^^^^^^
2026-03-04 15:16:49,725 | 21060 | ERROR | UnicodeEncodeError: 'charmap' codec can't encode character '\u2248' in position 192: character maps to <undefined>
2026-03-04 15:16:49,725 | 21060 | ERROR | During handling of the above exception, another exception occurred:
2026-03-04 15:16:49,727 | 21060 | ERROR | Traceback (most recent call last):
2026-03-04 15:16:49,727 | 21060 | ERROR | File "C:\Users\maxwell\AppData\Local\Python\pythoncore-3.11-64\Lib\logging\__init__.py", line 1113, in emit
    stream.write(msg + self.terminator)
2026-03-04 15:16:49,728 | 21060 | ERROR | File "C:\Users\maxwell\AppData\Local\Python\pythoncore-3.11-64\Lib\encodings\cp1252.py", line 19, in encode
    return codecs.charmap_encode(input,self.errors,encoding_table)[0]
           ^^^^^^^^^^^^^^^^^^^^^^^^^^^^^^^^^^^^^^^^^^^^^^^^^^^^^^^
2026-03-04 15:16:49,728 | 21060 | ERROR | UnicodeEncodeError: 'charmap' codec can't encode character '\u2248' in position 192: character maps to <undefined>
2026-03-04 15:16:49,729 | 21060 | ERROR | During handling of the above exception, another exception occurred:
2026-03-04 15:16:49,730 | 21060 | ERROR | Traceback (most recent call last):
2026-03-04 15:16:49,730 | 21060 | ERROR | File "C:\Users\maxwell\AppData\Local\Python\pythoncore-3.11-64\Lib\logging\__init__.py", line 1113, in emit
    stream.write(msg + self.terminator)
2026-03-04 15:16:49,731 | 21060 | ERROR | File "C:\Users\maxwell\AppData\Local\Python\pythoncore-3.11-64\Lib\encodings\cp1252.py", line 19, in encode
    return codecs.charmap_encode(input,self.errors,encoding_table)[0]
           ^^^^^^^^^^^^^^^^^^^^^^^^^^^^^^^^^^^^^^^^^^^^^^^^^^^^^^^
2026-03-04 15:16:49,732 | 21060 | ERROR | UnicodeEncodeError: 'charmap' codec can't encode character '\u2248' in position 192: character maps to <undefined>
2026-03-04 15:16:49,733 | 21060 | ERROR | During handling of the above exception, another exception occurred:
2026-03-04 15:16:49,733 | 21060 | ERROR | Traceback (most recent call last):
2026-03-04 15:16:49,734 | 21060 | ERROR | File "C:\Users\maxwell\AppData\Local\Python\pythoncore-3.11-64\Lib\logging\__init__.py", line 1113, in emit
    stream.write(msg + self.terminator)
2026-03-04 15:16:49,735 | 21060 | ERROR | File "C:\Users\maxwell\AppData\Local\Python\pythoncore-3.11-64\Lib\encodings\cp1252.py", line 19, in encode
    return codecs.charmap_encode(input,self.errors,encoding_table)[0]
           ^^^^^^^^^^^^^^^^^^^^^^^^^^^^^^^^^^^^^^^^^^^^^^^^^^^^^^^
2026-03-04 15:16:49,735 | 21060 | ERROR | UnicodeEncodeError: 'charmap' codec can't encode character '\u2248' in position 192: character maps to <undefined>
2026-03-04 15:16:49,737 | 21060 | ERROR | During handling of the above exception, another exception occurred:
2026-03-04 15:16:49,737 | 21060 | ERROR | Traceback (most recent call last):
2026-03-04 15:16:49,738 | 21060 | ERROR | File "C:\Users\maxwell\AppData\Local\Python\pythoncore-3.11-64\Lib\logging\__init__.py", line 1113, in emit
    stream.write(msg + self.terminator)
2026-03-04 15:16:49,739 | 21060 | ERROR | File "C:\Users\maxwell\AppData\Local\Python\pythoncore-3.11-64\Lib\encodings\cp1252.py", line 19, in encode
    return codecs.charmap_encode(input,self.errors,encoding_table)[0]
           ^^^^^^^^^^^^^^^^^^^^^^^^^^^^^^^^^^^^^^^^^^^^^^^^^^^^^^^
2026-03-04 15:16:49,739 | 21060 | ERROR | UnicodeEncodeError: 'charmap' codec can't encode character '\u2248' in position 192: character maps to <undefined>
2026-03-04 15:16:49,740 | 21060 | ERROR | During handling of the above exception, another exception occurred:
2026-03-04 15:16:49,740 | 21060 | ERROR | Traceback (most recent call last):
2026-03-04 15:16:49,742 | 21060 | ERROR | File "C:\Users\maxwell\AppData\Local\Python\pythoncore-3.11-64\Lib\logging\__init__.py", line 1113, in emit
    stream.write(msg + self.terminator)
2026-03-04 15:16:49,743 | 21060 | ERROR | File "C:\Users\maxwell\AppData\Local\Python\pythoncore-3.11-64\Lib\encodings\cp1252.py", line 19, in encode
    return codecs.charmap_encode(input,self.errors,encoding_table)[0]
           ^^^^^^^^^^^^^^^^^^^^^^^^^^^^^^^^^^^^^^^^^^^^^^^^^^^^^^^
2026-03-04 15:16:49,743 | 21060 | ERROR | UnicodeEncodeError: 'charmap' codec can't encode character '\u2248' in position 192: character maps to <undefined>
2026-03-04 15:16:49,744 | 21060 | ERROR | During handling of the above exception, another exception occurred:
2026-03-04 15:16:49,745 | 21060 | ERROR | Traceback (most recent call last):
2026-03-04 15:16:49,745 | 21060 | ERROR | File "C:\Users\maxwell\AppData\Local\Python\pythoncore-3.11-64\Lib\logging\__init__.py", line 1113, in emit
    stream.write(msg + self.terminator)
2026-03-04 15:16:49,746 | 21060 | ERROR | File "C:\Users\maxwell\AppData\Local\Python\pythoncore-3.11-64\Lib\encodings\cp1252.py", line 19, in encode
    return codecs.charmap_encode(input,self.errors,encoding_table)[0]
           ^^^^^^^^^^^^^^^^^^^^^^^^^^^^^^^^^^^^^^^^^^^^^^^^^^^^^^^
2026-03-04 15:16:49,747 | 21060 | ERROR | UnicodeEncodeError: 'charmap' codec can't encode character '\u2248' in position 192: character maps to <undefined>
2026-03-04 15:16:49,747 | 21060 | ERROR | During handling of the above exception, another exception occurred:
2026-03-04 15:16:49,747 | 21060 | ERROR | Traceback (most recent call last):
2026-03-04 15:16:49,748 | 21060 | ERROR | File "C:\Users\maxwell\AppData\Local\Python\pythoncore-3.11-64\Lib\logging\__init__.py", line 1113, in emit
    stream.write(msg + self.terminator)
2026-03-04 15:16:49,748 | 21060 | ERROR | File "C:\Users\maxwell\AppData\Local\Python\pythoncore-3.11-64\Lib\encodings\cp1252.py", line 19, in encode
    return codecs.charmap_encode(input,self.errors,encoding_table)[0]
           ^^^^^^^^^^^^^^^^^^^^^^^^^^^^^^^^^^^^^^^^^^^^^^^^^^^^^^^
2026-03-04 15:16:49,748 | 21060 | ERROR | UnicodeEncodeError: 'charmap' codec can't encode character '\u2248' in position 192: character maps to <undefined>
2026-03-04 15:16:49,748 | 21060 | ERROR | During handling of the above exception, another exception occurred:
2026-03-04 15:16:49,748 | 21060 | ERROR | Traceback (most recent call last):
2026-03-04 15:16:49,748 | 21060 | ERROR | File "C:\Users\maxwell\AppData\Local\Python\pythoncore-3.11-64\Lib\logging\__init__.py", line 1113, in emit
    stream.write(msg + self.terminator)
2026-03-04 15:16:49,753 | 21060 | ERROR | File "C:\Users\maxwell\AppData\Local\Python\pythoncore-3.11-64\Lib\encodings\cp1252.py", line 19, in encode
    return codecs.charmap_encode(input,self.errors,encoding_table)[0]
           ^^^^^^^^^^^^^^^^^^^^^^^^^^^^^^^^^^^^^^^^^^^^^^^^^^^^^^^
2026-03-04 15:16:49,753 | 21060 | ERROR | UnicodeEncodeError: 'charmap' codec can't encode character '\u2248' in position 192: character maps to <undefined>
2026-03-04 15:16:49,754 | 21060 | ERROR | During handling of the above exception, another exception occurred:
2026-03-04 15:16:49,754 | 21060 | ERROR | Traceback (most recent call last):
2026-03-04 15:16:49,755 | 21060 | ERROR | File "C:\Users\maxwell\AppData\Local\Python\pythoncore-3.11-64\Lib\logging\__init__.py", line 1113, in emit
    stream.write(msg + self.terminator)
2026-03-04 15:16:49,755 | 21060 | ERROR | File "C:\Users\maxwell\AppData\Local\Python\pythoncore-3.11-64\Lib\encodings\cp1252.py", line 19, in encode
    return codecs.charmap_encode(input,self.errors,encoding_table)[0]
           ^^^^^^^^^^^^^^^^^^^^^^^^^^^^^^^^^^^^^^^^^^^^^^^^^^^^^^^
2026-03-04 15:16:49,757 | 21060 | ERROR | UnicodeEncodeError: 'charmap' codec can't encode character '\u2248' in position 192: character maps to <undefined>
2026-03-04 15:16:49,757 | 21060 | ERROR | During handling of the above exception, another exception occurred:
2026-03-04 15:16:49,758 | 21060 | ERROR | Traceback (most recent call last):
2026-03-04 15:16:49,759 | 21060 | ERROR | File "C:\Users\maxwell\AppData\Local\Python\pythoncore-3.11-64\Lib\logging\__init__.py", line 1113, in emit
    stream.write(msg + self.terminator)
2026-03-04 15:16:49,759 | 21060 | ERROR | File "C:\Users\maxwell\AppData\Local\Python\pythoncore-3.11-64\Lib\encodings\cp1252.py", line 19, in encode
    return codecs.charmap_encode(input,self.errors,encoding_table)[0]
           ^^^^^^^^^^^^^^^^^^^^^^^^^^^^^^^^^^^^^^^^^^^^^^^^^^^^^^^
2026-03-04 15:16:49,760 | 21060 | ERROR | UnicodeEncodeError: 'charmap' codec can't encode character '\u2248' in position 192: character maps to <undefined>
2026-03-04 15:16:49,760 | 21060 | ERROR | Call stack:
2026-03-04 15:16:49,763 | 21060 | ERROR | File "C:\Users\maxwell\UCB-USACE-RR-PROJECT\run_hyperparam_search.py", line 853, in <module>
    setup_logging()
2026-03-04 15:16:49,764 | 21060 | ERROR | --- Logging error ---
2026-03-04 15:16:49,770 | 21060 | ERROR | Traceback (most recent call last):
2026-03-04 15:16:49,770 | 21060 | ERROR | File "C:\Users\maxwell\AppData\Local\Python\pythoncore-3.11-64\Lib\logging\__init__.py", line 1113, in emit
    stream.write(msg + self.terminator)
2026-03-04 15:16:49,771 | 21060 | ERROR | File "C:\Users\maxwell\AppData\Local\Python\pythoncore-3.11-64\Lib\encodings\cp1252.py", line 19, in encode
    return codecs.charmap_encode(input,self.errors,encoding_table)[0]
           ^^^^^^^^^^^^^^^^^^^^^^^^^^^^^^^^^^^^^^^^^^^^^^^^^^^^^^^
2026-03-04 15:16:49,772 | 21060 | ERROR | UnicodeEncodeError: 'charmap' codec can't encode character '\u2248' in position 107: character maps to <undefined>
2026-03-04 15:16:49,773 | 21060 | ERROR | During handling of the above exception, another exception occurred:
2026-03-04 15:16:49,773 | 21060 | ERROR | Traceback (most recent call last):
2026-03-04 15:16:49,773 | 21060 | ERROR | File "C:\Users\maxwell\AppData\Local\Python\pythoncore-3.11-64\Lib\logging\__init__.py", line 1113, in emit
    stream.write(msg + self.terminator)
2026-03-04 15:16:49,773 | 21060 | ERROR | File "C:\Users\maxwell\AppData\Local\Python\pythoncore-3.11-64\Lib\encodings\cp1252.py", line 19, in encode
    return codecs.charmap_encode(input,self.errors,encoding_table)[0]
           ^^^^^^^^^^^^^^^^^^^^^^^^^^^^^^^^^^^^^^^^^^^^^^^^^^^^^^^
2026-03-04 15:16:49,773 | 21060 | ERROR | UnicodeEncodeError: 'charmap' codec can't encode character '\u2248' in position 192: character maps to <undefined>
2026-03-04 15:16:49,773 | 21060 | ERROR | During handling of the above exception, another exception occurred:
2026-03-04 15:16:49,777 | 21060 | ERROR | Traceback (most recent call last):
2026-03-04 15:16:49,777 | 21060 | ERROR | File "C:\Users\maxwell\AppData\Local\Python\pythoncore-3.11-64\Lib\logging\__init__.py", line 1113, in emit
    stream.write(msg + self.terminator)
2026-03-04 15:16:49,778 | 21060 | ERROR | File "C:\Users\maxwell\AppData\Local\Python\pythoncore-3.11-64\Lib\encodings\cp1252.py", line 19, in encode
    return codecs.charmap_encode(input,self.errors,encoding_table)[0]
           ^^^^^^^^^^^^^^^^^^^^^^^^^^^^^^^^^^^^^^^^^^^^^^^^^^^^^^^
2026-03-04 15:16:49,778 | 21060 | ERROR | UnicodeEncodeError: 'charmap' codec can't encode character '\u2248' in position 192: character maps to <undefined>
2026-03-04 15:16:49,779 | 21060 | ERROR | During handling of the above exception, another exception occurred:
2026-03-04 15:16:49,779 | 21060 | ERROR | Traceback (most recent call last):
2026-03-04 15:16:49,781 | 21060 | ERROR | File "C:\Users\maxwell\AppData\Local\Python\pythoncore-3.11-64\Lib\logging\__init__.py", line 1113, in emit
    stream.write(msg + self.terminator)
2026-03-04 15:16:49,781 | 21060 | ERROR | File "C:\Users\maxwell\AppData\Local\Python\pythoncore-3.11-64\Lib\encodings\cp1252.py", line 19, in encode
    return codecs.charmap_encode(input,self.errors,encoding_table)[0]
           ^^^^^^^^^^^^^^^^^^^^^^^^^^^^^^^^^^^^^^^^^^^^^^^^^^^^^^^
2026-03-04 15:16:49,781 | 21060 | ERROR | UnicodeEncodeError: 'charmap' codec can't encode character '\u2248' in position 192: character maps to <undefined>
2026-03-04 15:16:49,781 | 21060 | ERROR | During handling of the above exception, another exception occurred:
2026-03-04 15:16:49,781 | 21060 | ERROR | Traceback (most recent call last):
2026-03-04 15:16:49,781 | 21060 | ERROR | File "C:\Users\maxwell\AppData\Local\Python\pythoncore-3.11-64\Lib\logging\__init__.py", line 1113, in emit
    stream.write(msg + self.terminator)
2026-03-04 15:16:49,781 | 21060 | ERROR | File "C:\Users\maxwell\AppData\Local\Python\pythoncore-3.11-64\Lib\encodings\cp1252.py", line 19, in encode
    return codecs.charmap_encode(input,self.errors,encoding_table)[0]
           ^^^^^^^^^^^^^^^^^^^^^^^^^^^^^^^^^^^^^^^^^^^^^^^^^^^^^^^
2026-03-04 15:16:49,781 | 21060 | ERROR | UnicodeEncodeError: 'charmap' codec can't encode character '\u2248' in position 192: character maps to <undefined>
2026-03-04 15:16:49,781 | 21060 | ERROR | During handling of the above exception, another exception occurred:
2026-03-04 15:16:49,781 | 21060 | ERROR | Traceback (most recent call last):
2026-03-04 15:16:49,788 | 21060 | ERROR | File "C:\Users\maxwell\AppData\Local\Python\pythoncore-3.11-64\Lib\logging\__init__.py", line 1113, in emit
    stream.write(msg + self.terminator)
2026-03-04 15:16:49,788 | 21060 | ERROR | File "C:\Users\maxwell\AppData\Local\Python\pythoncore-3.11-64\Lib\encodings\cp1252.py", line 19, in encode
    return codecs.charmap_encode(input,self.errors,encoding_table)[0]
           ^^^^^^^^^^^^^^^^^^^^^^^^^^^^^^^^^^^^^^^^^^^^^^^^^^^^^^^
2026-03-04 15:16:49,789 | 21060 | ERROR | UnicodeEncodeError: 'charmap' codec can't encode character '\u2248' in position 192: character maps to <undefined>
2026-03-04 15:16:49,790 | 21060 | ERROR | During handling of the above exception, another exception occurred:
2026-03-04 15:16:49,790 | 21060 | ERROR | Traceback (most recent call last):
2026-03-04 15:16:49,791 | 21060 | ERROR | File "C:\Users\maxwell\AppData\Local\Python\pythoncore-3.11-64\Lib\logging\__init__.py", line 1113, in emit
    stream.write(msg + self.terminator)
2026-03-04 15:16:49,791 | 21060 | ERROR | File "C:\Users\maxwell\AppData\Local\Python\pythoncore-3.11-64\Lib\encodings\cp1252.py", line 19, in encode
    return codecs.charmap_encode(input,self.errors,encoding_table)[0]
           ^^^^^^^^^^^^^^^^^^^^^^^^^^^^^^^^^^^^^^^^^^^^^^^^^^^^^^^
2026-03-04 15:16:49,791 | 21060 | ERROR | UnicodeEncodeError: 'charmap' codec can't encode character '\u2248' in position 192: character maps to <undefined>
2026-03-04 15:16:49,793 | 21060 | ERROR | During handling of the above exception, another exception occurred:
2026-03-04 15:16:49,793 | 21060 | ERROR | Traceback (most recent call last):
2026-03-04 15:16:49,794 | 21060 | ERROR | File "C:\Users\maxwell\AppData\Local\Python\pythoncore-3.11-64\Lib\logging\__init__.py", line 1113, in emit
    stream.write(msg + self.terminator)
2026-03-04 15:16:49,795 | 21060 | ERROR | File "C:\Users\maxwell\AppData\Local\Python\pythoncore-3.11-64\Lib\encodings\cp1252.py", line 19, in encode
    return codecs.charmap_encode(input,self.errors,encoding_table)[0]
           ^^^^^^^^^^^^^^^^^^^^^^^^^^^^^^^^^^^^^^^^^^^^^^^^^^^^^^^
2026-03-04 15:16:49,796 | 21060 | ERROR | UnicodeEncodeError: 'charmap' codec can't encode character '\u2248' in position 192: character maps to <undefined>
2026-03-04 15:16:49,796 | 21060 | ERROR | During handling of the above exception, another exception occurred:
2026-03-04 15:16:49,797 | 21060 | ERROR | Traceback (most recent call last):
2026-03-04 15:16:49,797 | 21060 | ERROR | File "C:\Users\maxwell\AppData\Local\Python\pythoncore-3.11-64\Lib\logging\__init__.py", line 1113, in emit
    stream.write(msg + self.terminator)
2026-03-04 15:16:49,797 | 21060 | ERROR | File "C:\Users\maxwell\AppData\Local\Python\pythoncore-3.11-64\Lib\encodings\cp1252.py", line 19, in encode
    return codecs.charmap_encode(input,self.errors,encoding_table)[0]
           ^^^^^^^^^^^^^^^^^^^^^^^^^^^^^^^^^^^^^^^^^^^^^^^^^^^^^^^
2026-03-04 15:16:49,800 | 21060 | ERROR | UnicodeEncodeError: 'charmap' codec can't encode character '\u2248' in position 192: character maps to <undefined>
2026-03-04 15:16:49,801 | 21060 | ERROR | During handling of the above exception, another exception occurred:
2026-03-04 15:16:49,801 | 21060 | ERROR | Traceback (most recent call last):
2026-03-04 15:16:49,802 | 21060 | ERROR | File "C:\Users\maxwell\AppData\Local\Python\pythoncore-3.11-64\Lib\logging\__init__.py", line 1113, in emit
    stream.write(msg + self.terminator)
2026-03-04 15:16:49,803 | 21060 | ERROR | File "C:\Users\maxwell\AppData\Local\Python\pythoncore-3.11-64\Lib\encodings\cp1252.py", line 19, in encode
    return codecs.charmap_encode(input,self.errors,encoding_table)[0]
           ^^^^^^^^^^^^^^^^^^^^^^^^^^^^^^^^^^^^^^^^^^^^^^^^^^^^^^^
2026-03-04 15:16:49,803 | 21060 | ERROR | UnicodeEncodeError: 'charmap' codec can't encode character '\u2248' in position 192: character maps to <undefined>
2026-03-04 15:16:49,804 | 21060 | ERROR | During handling of the above exception, another exception occurred:
2026-03-04 15:16:49,804 | 21060 | ERROR | Traceback (most recent call last):
2026-03-04 15:16:49,804 | 21060 | ERROR | File "C:\Users\maxwell\AppData\Local\Python\pythoncore-3.11-64\Lib\logging\__init__.py", line 1113, in emit
    stream.write(msg + self.terminator)
2026-03-04 15:16:49,804 | 21060 | ERROR | File "C:\Users\maxwell\AppData\Local\Python\pythoncore-3.11-64\Lib\encodings\cp1252.py", line 19, in encode
    return codecs.charmap_encode(input,self.errors,encoding_table)[0]
           ^^^^^^^^^^^^^^^^^^^^^^^^^^^^^^^^^^^^^^^^^^^^^^^^^^^^^^^
2026-03-04 15:16:49,804 | 21060 | ERROR | UnicodeEncodeError: 'charmap' codec can't encode character '\u2248' in position 192: character maps to <undefined>
2026-03-04 15:16:49,804 | 21060 | ERROR | During handling of the above exception, another exception occurred:
2026-03-04 15:16:49,808 | 21060 | ERROR | Traceback (most recent call last):
2026-03-04 15:16:49,810 | 21060 | ERROR | File "C:\Users\maxwell\AppData\Local\Python\pythoncore-3.11-64\Lib\logging\__init__.py", line 1113, in emit
    stream.write(msg + self.terminator)
2026-03-04 15:16:49,810 | 21060 | ERROR | File "C:\Users\maxwell\AppData\Local\Python\pythoncore-3.11-64\Lib\encodings\cp1252.py", line 19, in encode
    return codecs.charmap_encode(input,self.errors,encoding_table)[0]
           ^^^^^^^^^^^^^^^^^^^^^^^^^^^^^^^^^^^^^^^^^^^^^^^^^^^^^^^
2026-03-04 15:16:49,811 | 21060 | ERROR | UnicodeEncodeError: 'charmap' codec can't encode character '\u2248' in position 192: character maps to <undefined>
2026-03-04 15:16:49,811 | 21060 | ERROR | During handling of the above exception, another exception occurred:
2026-03-04 15:16:49,812 | 21060 | ERROR | Traceback (most recent call last):
2026-03-04 15:16:49,812 | 21060 | ERROR | File "C:\Users\maxwell\AppData\Local\Python\pythoncore-3.11-64\Lib\logging\__init__.py", line 1113, in emit
    stream.write(msg + self.terminator)
2026-03-04 15:16:49,813 | 21060 | ERROR | File "C:\Users\maxwell\AppData\Local\Python\pythoncore-3.11-64\Lib\encodings\cp1252.py", line 19, in encode
    return codecs.charmap_encode(input,self.errors,encoding_table)[0]
           ^^^^^^^^^^^^^^^^^^^^^^^^^^^^^^^^^^^^^^^^^^^^^^^^^^^^^^^
2026-03-04 15:16:49,814 | 21060 | ERROR | UnicodeEncodeError: 'charmap' codec can't encode character '\u2248' in position 192: character maps to <undefined>
2026-03-04 15:16:49,815 | 21060 | ERROR | Call stack:
2026-03-04 15:16:49,817 | 21060 | ERROR | File "C:\Users\maxwell\UCB-USACE-RR-PROJECT\run_hyperparam_search.py", line 853, in <module>
    setup_logging()
2026-03-04 15:16:49,818 | 21060 | ERROR | --- Logging error ---
2026-03-04 15:16:49,819 | 21060 | ERROR | Traceback (most recent call last):
2026-03-04 15:16:49,824 | 21060 | ERROR | File "C:\Users\maxwell\AppData\Local\Python\pythoncore-3.11-64\Lib\logging\__init__.py", line 1113, in emit
    stream.write(msg + self.terminator)
2026-03-04 15:16:49,824 | 21060 | ERROR | File "C:\Users\maxwell\AppData\Local\Python\pythoncore-3.11-64\Lib\encodings\cp1252.py", line 19, in encode
    return codecs.charmap_encode(input,self.errors,encoding_table)[0]
           ^^^^^^^^^^^^^^^^^^^^^^^^^^^^^^^^^^^^^^^^^^^^^^^^^^^^^^^
2026-03-04 15:16:49,825 | 21060 | ERROR | UnicodeEncodeError: 'charmap' codec can't encode character '\u2248' in position 107: character maps to <undefined>
2026-03-04 15:16:49,825 | 21060 | ERROR | During handling of the above exception, another exception occurred:
2026-03-04 15:16:49,827 | 21060 | ERROR | Traceback (most recent call last):
2026-03-04 15:16:49,827 | 21060 | ERROR | File "C:\Users\maxwell\AppData\Local\Python\pythoncore-3.11-64\Lib\logging\__init__.py", line 1113, in emit
    stream.write(msg + self.terminator)
2026-03-04 15:16:49,827 | 21060 | ERROR | File "C:\Users\maxwell\AppData\Local\Python\pythoncore-3.11-64\Lib\encodings\cp1252.py", line 19, in encode
    return codecs.charmap_encode(input,self.errors,encoding_table)[0]
           ^^^^^^^^^^^^^^^^^^^^^^^^^^^^^^^^^^^^^^^^^^^^^^^^^^^^^^^
2026-03-04 15:16:49,827 | 21060 | ERROR | UnicodeEncodeError: 'charmap' codec can't encode character '\u2248' in position 192: character maps to <undefined>
2026-03-04 15:16:49,829 | 21060 | ERROR | During handling of the above exception, another exception occurred:
2026-03-04 15:16:49,830 | 21060 | ERROR | Traceback (most recent call last):
2026-03-04 15:16:49,830 | 21060 | ERROR | File "C:\Users\maxwell\AppData\Local\Python\pythoncore-3.11-64\Lib\logging\__init__.py", line 1113, in emit
    stream.write(msg + self.terminator)
2026-03-04 15:16:49,831 | 21060 | ERROR | File "C:\Users\maxwell\AppData\Local\Python\pythoncore-3.11-64\Lib\encodings\cp1252.py", line 19, in encode
    return codecs.charmap_encode(input,self.errors,encoding_table)[0]
           ^^^^^^^^^^^^^^^^^^^^^^^^^^^^^^^^^^^^^^^^^^^^^^^^^^^^^^^
2026-03-04 15:16:49,833 | 21060 | ERROR | UnicodeEncodeError: 'charmap' codec can't encode character '\u2248' in position 192: character maps to <undefined>
2026-03-04 15:16:49,833 | 21060 | ERROR | During handling of the above exception, another exception occurred:
2026-03-04 15:16:49,834 | 21060 | ERROR | Traceback (most recent call last):
2026-03-04 15:16:49,835 | 21060 | ERROR | File "C:\Users\maxwell\AppData\Local\Python\pythoncore-3.11-64\Lib\logging\__init__.py", line 1113, in emit
    stream.write(msg + self.terminator)
2026-03-04 15:16:49,835 | 21060 | ERROR | File "C:\Users\maxwell\AppData\Local\Python\pythoncore-3.11-64\Lib\encodings\cp1252.py", line 19, in encode
    return codecs.charmap_encode(input,self.errors,encoding_table)[0]
           ^^^^^^^^^^^^^^^^^^^^^^^^^^^^^^^^^^^^^^^^^^^^^^^^^^^^^^^
2026-03-04 15:16:49,836 | 21060 | ERROR | UnicodeEncodeError: 'charmap' codec can't encode character '\u2248' in position 192: character maps to <undefined>
2026-03-04 15:16:49,836 | 21060 | ERROR | During handling of the above exception, another exception occurred:
2026-03-04 15:16:49,837 | 21060 | ERROR | Traceback (most recent call last):
2026-03-04 15:16:49,838 | 21060 | ERROR | File "C:\Users\maxwell\AppData\Local\Python\pythoncore-3.11-64\Lib\logging\__init__.py", line 1113, in emit
    stream.write(msg + self.terminator)
2026-03-04 15:16:49,838 | 21060 | ERROR | File "C:\Users\maxwell\AppData\Local\Python\pythoncore-3.11-64\Lib\encodings\cp1252.py", line 19, in encode
    return codecs.charmap_encode(input,self.errors,encoding_table)[0]
           ^^^^^^^^^^^^^^^^^^^^^^^^^^^^^^^^^^^^^^^^^^^^^^^^^^^^^^^
2026-03-04 15:16:49,839 | 21060 | ERROR | UnicodeEncodeError: 'charmap' codec can't encode character '\u2248' in position 192: character maps to <undefined>
2026-03-04 15:16:49,839 | 21060 | ERROR | During handling of the above exception, another exception occurred:
2026-03-04 15:16:49,840 | 21060 | ERROR | Traceback (most recent call last):
2026-03-04 15:16:49,841 | 21060 | ERROR | File "C:\Users\maxwell\AppData\Local\Python\pythoncore-3.11-64\Lib\logging\__init__.py", line 1113, in emit
    stream.write(msg + self.terminator)
2026-03-04 15:16:49,842 | 21060 | ERROR | File "C:\Users\maxwell\AppData\Local\Python\pythoncore-3.11-64\Lib\encodings\cp1252.py", line 19, in encode
    return codecs.charmap_encode(input,self.errors,encoding_table)[0]
           ^^^^^^^^^^^^^^^^^^^^^^^^^^^^^^^^^^^^^^^^^^^^^^^^^^^^^^^
2026-03-04 15:16:49,843 | 21060 | ERROR | UnicodeEncodeError: 'charmap' codec can't encode character '\u2248' in position 192: character maps to <undefined>
2026-03-04 15:16:49,843 | 21060 | ERROR | During handling of the above exception, another exception occurred:
2026-03-04 15:16:49,843 | 21060 | ERROR | Traceback (most recent call last):
2026-03-04 15:16:49,843 | 21060 | ERROR | File "C:\Users\maxwell\AppData\Local\Python\pythoncore-3.11-64\Lib\logging\__init__.py", line 1113, in emit
    stream.write(msg + self.terminator)
2026-03-04 15:16:49,843 | 21060 | ERROR | File "C:\Users\maxwell\AppData\Local\Python\pythoncore-3.11-64\Lib\encodings\cp1252.py", line 19, in encode
    return codecs.charmap_encode(input,self.errors,encoding_table)[0]
           ^^^^^^^^^^^^^^^^^^^^^^^^^^^^^^^^^^^^^^^^^^^^^^^^^^^^^^^
2026-03-04 15:16:49,843 | 21060 | ERROR | UnicodeEncodeError: 'charmap' codec can't encode character '\u2248' in position 192: character maps to <undefined>
2026-03-04 15:16:49,846 | 21060 | ERROR | During handling of the above exception, another exception occurred:
2026-03-04 15:16:49,847 | 21060 | ERROR | Traceback (most recent call last):
2026-03-04 15:16:49,848 | 21060 | ERROR | File "C:\Users\maxwell\AppData\Local\Python\pythoncore-3.11-64\Lib\logging\__init__.py", line 1113, in emit
    stream.write(msg + self.terminator)
2026-03-04 15:16:49,848 | 21060 | ERROR | File "C:\Users\maxwell\AppData\Local\Python\pythoncore-3.11-64\Lib\encodings\cp1252.py", line 19, in encode
    return codecs.charmap_encode(input,self.errors,encoding_table)[0]
           ^^^^^^^^^^^^^^^^^^^^^^^^^^^^^^^^^^^^^^^^^^^^^^^^^^^^^^^
2026-03-04 15:16:49,849 | 21060 | ERROR | UnicodeEncodeError: 'charmap' codec can't encode character '\u2248' in position 192: character maps to <undefined>
2026-03-04 15:16:49,849 | 21060 | ERROR | During handling of the above exception, another exception occurred:
2026-03-04 15:16:49,850 | 21060 | ERROR | Traceback (most recent call last):
2026-03-04 15:16:49,851 | 21060 | ERROR | File "C:\Users\maxwell\AppData\Local\Python\pythoncore-3.11-64\Lib\logging\__init__.py", line 1113, in emit
    stream.write(msg + self.terminator)
2026-03-04 15:16:49,851 | 21060 | ERROR | File "C:\Users\maxwell\AppData\Local\Python\pythoncore-3.11-64\Lib\encodings\cp1252.py", line 19, in encode
    return codecs.charmap_encode(input,self.errors,encoding_table)[0]
           ^^^^^^^^^^^^^^^^^^^^^^^^^^^^^^^^^^^^^^^^^^^^^^^^^^^^^^^
2026-03-04 15:16:49,851 | 21060 | ERROR | UnicodeEncodeError: 'charmap' codec can't encode character '\u2248' in position 192: character maps to <undefined>
2026-03-04 15:16:49,851 | 21060 | ERROR | During handling of the above exception, another exception occurred:
2026-03-04 15:16:49,851 | 21060 | ERROR | Traceback (most recent call last):
2026-03-04 15:16:49,851 | 21060 | ERROR | File "C:\Users\maxwell\AppData\Local\Python\pythoncore-3.11-64\Lib\logging\__init__.py", line 1113, in emit
    stream.write(msg + self.terminator)
2026-03-04 15:16:49,855 | 21060 | ERROR | File "C:\Users\maxwell\AppData\Local\Python\pythoncore-3.11-64\Lib\encodings\cp1252.py", line 19, in encode
    return codecs.charmap_encode(input,self.errors,encoding_table)[0]
           ^^^^^^^^^^^^^^^^^^^^^^^^^^^^^^^^^^^^^^^^^^^^^^^^^^^^^^^
2026-03-04 15:16:49,855 | 21060 | ERROR | UnicodeEncodeError: 'charmap' codec can't encode character '\u2248' in position 192: character maps to <undefined>
2026-03-04 15:16:49,856 | 21060 | ERROR | During handling of the above exception, another exception occurred:
2026-03-04 15:16:49,856 | 21060 | ERROR | Traceback (most recent call last):
2026-03-04 15:16:49,857 | 21060 | ERROR | File "C:\Users\maxwell\AppData\Local\Python\pythoncore-3.11-64\Lib\logging\__init__.py", line 1113, in emit
    stream.write(msg + self.terminator)
2026-03-04 15:16:49,857 | 21060 | ERROR | File "C:\Users\maxwell\AppData\Local\Python\pythoncore-3.11-64\Lib\encodings\cp1252.py", line 19, in encode
    return codecs.charmap_encode(input,self.errors,encoding_table)[0]
           ^^^^^^^^^^^^^^^^^^^^^^^^^^^^^^^^^^^^^^^^^^^^^^^^^^^^^^^
2026-03-04 15:16:49,857 | 21060 | ERROR | UnicodeEncodeError: 'charmap' codec can't encode character '\u2248' in position 192: character maps to <undefined>
2026-03-04 15:16:49,861 | 21060 | ERROR | During handling of the above exception, another exception occurred:
2026-03-04 15:16:49,861 | 21060 | ERROR | Traceback (most recent call last):
2026-03-04 15:16:49,861 | 21060 | ERROR | File "C:\Users\maxwell\AppData\Local\Python\pythoncore-3.11-64\Lib\logging\__init__.py", line 1113, in emit
    stream.write(msg + self.terminator)
2026-03-04 15:16:49,861 | 21060 | ERROR | File "C:\Users\maxwell\AppData\Local\Python\pythoncore-3.11-64\Lib\encodings\cp1252.py", line 19, in encode
    return codecs.charmap_encode(input,self.errors,encoding_table)[0]
           ^^^^^^^^^^^^^^^^^^^^^^^^^^^^^^^^^^^^^^^^^^^^^^^^^^^^^^^
2026-03-04 15:16:49,861 | 21060 | ERROR | UnicodeEncodeError: 'charmap' codec can't encode character '\u2248' in position 192: character maps to <undefined>
2026-03-04 15:16:49,861 | 21060 | ERROR | During handling of the above exception, another exception occurred:
2026-03-04 15:16:49,861 | 21060 | ERROR | Traceback (most recent call last):
2026-03-04 15:16:49,861 | 21060 | ERROR | File "C:\Users\maxwell\AppData\Local\Python\pythoncore-3.11-64\Lib\logging\__init__.py", line 1113, in emit
    stream.write(msg + self.terminator)
2026-03-04 15:16:49,861 | 21060 | ERROR | File "C:\Users\maxwell\AppData\Local\Python\pythoncore-3.11-64\Lib\encodings\cp1252.py", line 19, in encode
    return codecs.charmap_encode(input,self.errors,encoding_table)[0]
           ^^^^^^^^^^^^^^^^^^^^^^^^^^^^^^^^^^^^^^^^^^^^^^^^^^^^^^^
2026-03-04 15:16:49,861 | 21060 | ERROR | UnicodeEncodeError: 'charmap' codec can't encode character '\u2248' in position 192: character maps to <undefined>
2026-03-04 15:16:49,861 | 21060 | ERROR | During handling of the above exception, another exception occurred:
2026-03-04 15:16:49,861 | 21060 | ERROR | Traceback (most recent call last):
2026-03-04 15:16:49,861 | 21060 | ERROR | File "C:\Users\maxwell\AppData\Local\Python\pythoncore-3.11-64\Lib\logging\__init__.py", line 1113, in emit
    stream.write(msg + self.terminator)
2026-03-04 15:16:49,861 | 21060 | ERROR | File "C:\Users\maxwell\AppData\Local\Python\pythoncore-3.11-64\Lib\encodings\cp1252.py", line 19, in encode
    return codecs.charmap_encode(input,self.errors,encoding_table)[0]
           ^^^^^^^^^^^^^^^^^^^^^^^^^^^^^^^^^^^^^^^^^^^^^^^^^^^^^^^
2026-03-04 15:16:49,873 | 21060 | ERROR | UnicodeEncodeError: 'charmap' codec can't encode character '\u2248' in position 192: character maps to <undefined>
2026-03-04 15:16:49,873 | 21060 | ERROR | Call stack:
2026-03-04 15:16:49,877 | 21060 | ERROR | File "C:\Users\maxwell\UCB-USACE-RR-PROJECT\run_hyperparam_search.py", line 853, in <module>
    setup_logging()
2026-03-04 15:16:49,879 | 21060 | ERROR | --- Logging error ---
2026-03-04 15:16:49,889 | 21060 | ERROR | Traceback (most recent call last):
2026-03-04 15:16:49,889 | 21060 | ERROR | File "C:\Users\maxwell\AppData\Local\Python\pythoncore-3.11-64\Lib\logging\__init__.py", line 1113, in emit
    stream.write(msg + self.terminator)
2026-03-04 15:16:49,889 | 21060 | ERROR | File "C:\Users\maxwell\AppData\Local\Python\pythoncore-3.11-64\Lib\encodings\cp1252.py", line 19, in encode
    return codecs.charmap_encode(input,self.errors,encoding_table)[0]
           ^^^^^^^^^^^^^^^^^^^^^^^^^^^^^^^^^^^^^^^^^^^^^^^^^^^^^^^
2026-03-04 15:16:49,889 | 21060 | ERROR | UnicodeEncodeError: 'charmap' codec can't encode character '\u2248' in position 107: character maps to <undefined>
2026-03-04 15:16:49,889 | 21060 | ERROR | During handling of the above exception, another exception occurred:
2026-03-04 15:16:49,889 | 21060 | ERROR | Traceback (most recent call last):
2026-03-04 15:16:49,889 | 21060 | ERROR | File "C:\Users\maxwell\AppData\Local\Python\pythoncore-3.11-64\Lib\logging\__init__.py", line 1113, in emit
    stream.write(msg + self.terminator)
2026-03-04 15:16:49,894 | 21060 | ERROR | File "C:\Users\maxwell\AppData\Local\Python\pythoncore-3.11-64\Lib\encodings\cp1252.py", line 19, in encode
    return codecs.charmap_encode(input,self.errors,encoding_table)[0]
           ^^^^^^^^^^^^^^^^^^^^^^^^^^^^^^^^^^^^^^^^^^^^^^^^^^^^^^^
2026-03-04 15:16:49,894 | 21060 | ERROR | UnicodeEncodeError: 'charmap' codec can't encode character '\u2248' in position 192: character maps to <undefined>
2026-03-04 15:16:49,896 | 21060 | ERROR | During handling of the above exception, another exception occurred:
2026-03-04 15:16:49,896 | 21060 | ERROR | Traceback (most recent call last):
2026-03-04 15:16:49,898 | 21060 | ERROR | File "C:\Users\maxwell\AppData\Local\Python\pythoncore-3.11-64\Lib\logging\__init__.py", line 1113, in emit
    stream.write(msg + self.terminator)
2026-03-04 15:16:49,898 | 21060 | ERROR | File "C:\Users\maxwell\AppData\Local\Python\pythoncore-3.11-64\Lib\encodings\cp1252.py", line 19, in encode
    return codecs.charmap_encode(input,self.errors,encoding_table)[0]
           ^^^^^^^^^^^^^^^^^^^^^^^^^^^^^^^^^^^^^^^^^^^^^^^^^^^^^^^
2026-03-04 15:16:49,900 | 21060 | ERROR | UnicodeEncodeError: 'charmap' codec can't encode character '\u2248' in position 192: character maps to <undefined>
2026-03-04 15:16:49,900 | 21060 | ERROR | During handling of the above exception, another exception occurred:
2026-03-04 15:16:49,900 | 21060 | ERROR | Traceback (most recent call last):
2026-03-04 15:16:49,902 | 21060 | ERROR | File "C:\Users\maxwell\AppData\Local\Python\pythoncore-3.11-64\Lib\logging\__init__.py", line 1113, in emit
    stream.write(msg + self.terminator)
2026-03-04 15:16:49,902 | 21060 | ERROR | File "C:\Users\maxwell\AppData\Local\Python\pythoncore-3.11-64\Lib\encodings\cp1252.py", line 19, in encode
    return codecs.charmap_encode(input,self.errors,encoding_table)[0]
           ^^^^^^^^^^^^^^^^^^^^^^^^^^^^^^^^^^^^^^^^^^^^^^^^^^^^^^^
2026-03-04 15:16:49,904 | 21060 | ERROR | UnicodeEncodeError: 'charmap' codec can't encode character '\u2248' in position 192: character maps to <undefined>
2026-03-04 15:16:49,904 | 21060 | ERROR | During handling of the above exception, another exception occurred:
2026-03-04 15:16:49,904 | 21060 | ERROR | Traceback (most recent call last):
2026-03-04 15:16:49,906 | 21060 | ERROR | File "C:\Users\maxwell\AppData\Local\Python\pythoncore-3.11-64\Lib\logging\__init__.py", line 1113, in emit
    stream.write(msg + self.terminator)
2026-03-04 15:16:49,906 | 21060 | ERROR | File "C:\Users\maxwell\AppData\Local\Python\pythoncore-3.11-64\Lib\encodings\cp1252.py", line 19, in encode
    return codecs.charmap_encode(input,self.errors,encoding_table)[0]
           ^^^^^^^^^^^^^^^^^^^^^^^^^^^^^^^^^^^^^^^^^^^^^^^^^^^^^^^
2026-03-04 15:16:49,906 | 21060 | ERROR | UnicodeEncodeError: 'charmap' codec can't encode character '\u2248' in position 192: character maps to <undefined>
2026-03-04 15:16:49,908 | 21060 | ERROR | During handling of the above exception, another exception occurred:
2026-03-04 15:16:49,908 | 21060 | ERROR | Traceback (most recent call last):
2026-03-04 15:16:49,908 | 21060 | ERROR | File "C:\Users\maxwell\AppData\Local\Python\pythoncore-3.11-64\Lib\logging\__init__.py", line 1113, in emit
    stream.write(msg + self.terminator)
2026-03-04 15:16:49,910 | 21060 | ERROR | File "C:\Users\maxwell\AppData\Local\Python\pythoncore-3.11-64\Lib\encodings\cp1252.py", line 19, in encode
    return codecs.charmap_encode(input,self.errors,encoding_table)[0]
           ^^^^^^^^^^^^^^^^^^^^^^^^^^^^^^^^^^^^^^^^^^^^^^^^^^^^^^^
2026-03-04 15:16:49,910 | 21060 | ERROR | UnicodeEncodeError: 'charmap' codec can't encode character '\u2248' in position 192: character maps to <undefined>
2026-03-04 15:16:49,912 | 21060 | ERROR | During handling of the above exception, another exception occurred:
2026-03-04 15:16:49,912 | 21060 | ERROR | Traceback (most recent call last):
2026-03-04 15:16:49,912 | 21060 | ERROR | File "C:\Users\maxwell\AppData\Local\Python\pythoncore-3.11-64\Lib\logging\__init__.py", line 1113, in emit
    stream.write(msg + self.terminator)
2026-03-04 15:16:49,914 | 21060 | ERROR | File "C:\Users\maxwell\AppData\Local\Python\pythoncore-3.11-64\Lib\encodings\cp1252.py", line 19, in encode
    return codecs.charmap_encode(input,self.errors,encoding_table)[0]
           ^^^^^^^^^^^^^^^^^^^^^^^^^^^^^^^^^^^^^^^^^^^^^^^^^^^^^^^
2026-03-04 15:16:49,914 | 21060 | ERROR | UnicodeEncodeError: 'charmap' codec can't encode character '\u2248' in position 192: character maps to <undefined>
2026-03-04 15:16:49,914 | 21060 | ERROR | During handling of the above exception, another exception occurred:
2026-03-04 15:16:49,916 | 21060 | ERROR | Traceback (most recent call last):
2026-03-04 15:16:49,916 | 21060 | ERROR | File "C:\Users\maxwell\AppData\Local\Python\pythoncore-3.11-64\Lib\logging\__init__.py", line 1113, in emit
    stream.write(msg + self.terminator)
2026-03-04 15:16:49,918 | 21060 | ERROR | File "C:\Users\maxwell\AppData\Local\Python\pythoncore-3.11-64\Lib\encodings\cp1252.py", line 19, in encode
    return codecs.charmap_encode(input,self.errors,encoding_table)[0]
           ^^^^^^^^^^^^^^^^^^^^^^^^^^^^^^^^^^^^^^^^^^^^^^^^^^^^^^^
2026-03-04 15:16:49,919 | 21060 | ERROR | UnicodeEncodeError: 'charmap' codec can't encode character '\u2248' in position 192: character maps to <undefined>
2026-03-04 15:16:49,919 | 21060 | ERROR | During handling of the above exception, another exception occurred:
2026-03-04 15:16:49,920 | 21060 | ERROR | Traceback (most recent call last):
2026-03-04 15:16:49,921 | 21060 | ERROR | File "C:\Users\maxwell\AppData\Local\Python\pythoncore-3.11-64\Lib\logging\__init__.py", line 1113, in emit
    stream.write(msg + self.terminator)
2026-03-04 15:16:49,921 | 21060 | ERROR | File "C:\Users\maxwell\AppData\Local\Python\pythoncore-3.11-64\Lib\encodings\cp1252.py", line 19, in encode
    return codecs.charmap_encode(input,self.errors,encoding_table)[0]
           ^^^^^^^^^^^^^^^^^^^^^^^^^^^^^^^^^^^^^^^^^^^^^^^^^^^^^^^
2026-03-04 15:16:49,921 | 21060 | ERROR | UnicodeEncodeError: 'charmap' codec can't encode character '\u2248' in position 192: character maps to <undefined>
2026-03-04 15:16:49,921 | 21060 | ERROR | During handling of the above exception, another exception occurred:
2026-03-04 15:16:49,924 | 21060 | ERROR | Traceback (most recent call last):
2026-03-04 15:16:49,925 | 21060 | ERROR | File "C:\Users\maxwell\AppData\Local\Python\pythoncore-3.11-64\Lib\logging\__init__.py", line 1113, in emit
    stream.write(msg + self.terminator)
2026-03-04 15:16:49,925 | 21060 | ERROR | File "C:\Users\maxwell\AppData\Local\Python\pythoncore-3.11-64\Lib\encodings\cp1252.py", line 19, in encode
    return codecs.charmap_encode(input,self.errors,encoding_table)[0]
           ^^^^^^^^^^^^^^^^^^^^^^^^^^^^^^^^^^^^^^^^^^^^^^^^^^^^^^^
2026-03-04 15:16:49,926 | 21060 | ERROR | UnicodeEncodeError: 'charmap' codec can't encode character '\u2248' in position 192: character maps to <undefined>
2026-03-04 15:16:49,928 | 21060 | ERROR | During handling of the above exception, another exception occurred:
2026-03-04 15:16:49,928 | 21060 | ERROR | Traceback (most recent call last):
2026-03-04 15:16:49,929 | 21060 | ERROR | File "C:\Users\maxwell\AppData\Local\Python\pythoncore-3.11-64\Lib\logging\__init__.py", line 1113, in emit
    stream.write(msg + self.terminator)
2026-03-04 15:16:49,929 | 21060 | ERROR | File "C:\Users\maxwell\AppData\Local\Python\pythoncore-3.11-64\Lib\encodings\cp1252.py", line 19, in encode
    return codecs.charmap_encode(input,self.errors,encoding_table)[0]
           ^^^^^^^^^^^^^^^^^^^^^^^^^^^^^^^^^^^^^^^^^^^^^^^^^^^^^^^
2026-03-04 15:16:49,929 | 21060 | ERROR | UnicodeEncodeError: 'charmap' codec can't encode character '\u2248' in position 192: character maps to <undefined>
2026-03-04 15:16:49,929 | 21060 | ERROR | During handling of the above exception, another exception occurred:
2026-03-04 15:16:49,929 | 21060 | ERROR | Traceback (most recent call last):
2026-03-04 15:16:49,929 | 21060 | ERROR | File "C:\Users\maxwell\AppData\Local\Python\pythoncore-3.11-64\Lib\logging\__init__.py", line 1113, in emit
    stream.write(msg + self.terminator)
2026-03-04 15:16:49,929 | 21060 | ERROR | File "C:\Users\maxwell\AppData\Local\Python\pythoncore-3.11-64\Lib\encodings\cp1252.py", line 19, in encode
    return codecs.charmap_encode(input,self.errors,encoding_table)[0]
           ^^^^^^^^^^^^^^^^^^^^^^^^^^^^^^^^^^^^^^^^^^^^^^^^^^^^^^^
2026-03-04 15:16:49,929 | 21060 | ERROR | UnicodeEncodeError: 'charmap' codec can't encode character '\u2248' in position 192: character maps to <undefined>
2026-03-04 15:16:49,929 | 21060 | ERROR | During handling of the above exception, another exception occurred:
2026-03-04 15:16:49,935 | 21060 | ERROR | Traceback (most recent call last):
2026-03-04 15:16:49,936 | 21060 | ERROR | File "C:\Users\maxwell\AppData\Local\Python\pythoncore-3.11-64\Lib\logging\__init__.py", line 1113, in emit
    stream.write(msg + self.terminator)
2026-03-04 15:16:49,936 | 21060 | ERROR | File "C:\Users\maxwell\AppData\Local\Python\pythoncore-3.11-64\Lib\encodings\cp1252.py", line 19, in encode
    return codecs.charmap_encode(input,self.errors,encoding_table)[0]
           ^^^^^^^^^^^^^^^^^^^^^^^^^^^^^^^^^^^^^^^^^^^^^^^^^^^^^^^
2026-03-04 15:16:49,937 | 21060 | ERROR | UnicodeEncodeError: 'charmap' codec can't encode character '\u2248' in position 192: character maps to <undefined>
2026-03-04 15:16:49,937 | 21060 | ERROR | During handling of the above exception, another exception occurred:
2026-03-04 15:16:49,938 | 21060 | ERROR | Traceback (most recent call last):
2026-03-04 15:16:49,938 | 21060 | ERROR | File "C:\Users\maxwell\AppData\Local\Python\pythoncore-3.11-64\Lib\logging\__init__.py", line 1113, in emit
    stream.write(msg + self.terminator)
2026-03-04 15:16:49,939 | 21060 | ERROR | File "C:\Users\maxwell\AppData\Local\Python\pythoncore-3.11-64\Lib\encodings\cp1252.py", line 19, in encode
    return codecs.charmap_encode(input,self.errors,encoding_table)[0]
           ^^^^^^^^^^^^^^^^^^^^^^^^^^^^^^^^^^^^^^^^^^^^^^^^^^^^^^^
2026-03-04 15:16:49,940 | 21060 | ERROR | UnicodeEncodeError: 'charmap' codec can't encode character '\u2248' in position 192: character maps to <undefined>
2026-03-04 15:16:49,940 | 21060 | ERROR | During handling of the above exception, another exception occurred:
2026-03-04 15:16:49,940 | 21060 | ERROR | Traceback (most recent call last):
2026-03-04 15:16:49,941 | 21060 | ERROR | File "C:\Users\maxwell\AppData\Local\Python\pythoncore-3.11-64\Lib\logging\__init__.py", line 1113, in emit
    stream.write(msg + self.terminator)
2026-03-04 15:16:49,941 | 21060 | ERROR | File "C:\Users\maxwell\AppData\Local\Python\pythoncore-3.11-64\Lib\encodings\cp1252.py", line 19, in encode
    return codecs.charmap_encode(input,self.errors,encoding_table)[0]
           ^^^^^^^^^^^^^^^^^^^^^^^^^^^^^^^^^^^^^^^^^^^^^^^^^^^^^^^
2026-03-04 15:16:49,943 | 21060 | ERROR | UnicodeEncodeError: 'charmap' codec can't encode character '\u2248' in position 192: character maps to <undefined>
2026-03-04 15:16:49,943 | 21060 | ERROR | Call stack:
2026-03-04 15:16:49,945 | 21060 | ERROR | File "C:\Users\maxwell\UCB-USACE-RR-PROJECT\run_hyperparam_search.py", line 853, in <module>
    setup_logging()
2026-03-04 15:16:49,945 | 21060 | ERROR | --- Logging error ---
2026-03-04 15:16:49,951 | 21060 | ERROR | Traceback (most recent call last):
2026-03-04 15:16:49,951 | 21060 | ERROR | File "C:\Users\maxwell\AppData\Local\Python\pythoncore-3.11-64\Lib\logging\__init__.py", line 1113, in emit
    stream.write(msg + self.terminator)
2026-03-04 15:16:49,955 | 21060 | ERROR | File "C:\Users\maxwell\AppData\Local\Python\pythoncore-3.11-64\Lib\encodings\cp1252.py", line 19, in encode
    return codecs.charmap_encode(input,self.errors,encoding_table)[0]
           ^^^^^^^^^^^^^^^^^^^^^^^^^^^^^^^^^^^^^^^^^^^^^^^^^^^^^^^
2026-03-04 15:16:49,955 | 21060 | ERROR | UnicodeEncodeError: 'charmap' codec can't encode character '\u2248' in position 107: character maps to <undefined>
2026-03-04 15:16:49,956 | 21060 | ERROR | During handling of the above exception, another exception occurred:
2026-03-04 15:16:49,957 | 21060 | ERROR | Traceback (most recent call last):
2026-03-04 15:16:49,957 | 21060 | ERROR | File "C:\Users\maxwell\AppData\Local\Python\pythoncore-3.11-64\Lib\logging\__init__.py", line 1113, in emit
    stream.write(msg + self.terminator)
2026-03-04 15:16:49,958 | 21060 | ERROR | File "C:\Users\maxwell\AppData\Local\Python\pythoncore-3.11-64\Lib\encodings\cp1252.py", line 19, in encode
    return codecs.charmap_encode(input,self.errors,encoding_table)[0]
           ^^^^^^^^^^^^^^^^^^^^^^^^^^^^^^^^^^^^^^^^^^^^^^^^^^^^^^^
2026-03-04 15:16:49,958 | 21060 | ERROR | UnicodeEncodeError: 'charmap' codec can't encode character '\u2248' in position 192: character maps to <undefined>
2026-03-04 15:16:49,959 | 21060 | ERROR | During handling of the above exception, another exception occurred:
2026-03-04 15:16:49,959 | 21060 | ERROR | Traceback (most recent call last):
2026-03-04 15:16:49,959 | 21060 | ERROR | File "C:\Users\maxwell\AppData\Local\Python\pythoncore-3.11-64\Lib\logging\__init__.py", line 1113, in emit
    stream.write(msg + self.terminator)
2026-03-04 15:16:49,959 | 21060 | ERROR | File "C:\Users\maxwell\AppData\Local\Python\pythoncore-3.11-64\Lib\encodings\cp1252.py", line 19, in encode
    return codecs.charmap_encode(input,self.errors,encoding_table)[0]
           ^^^^^^^^^^^^^^^^^^^^^^^^^^^^^^^^^^^^^^^^^^^^^^^^^^^^^^^
2026-03-04 15:16:49,959 | 21060 | ERROR | UnicodeEncodeError: 'charmap' codec can't encode character '\u2248' in position 192: character maps to <undefined>
2026-03-04 15:16:49,959 | 21060 | ERROR | During handling of the above exception, another exception occurred:
2026-03-04 15:16:49,959 | 21060 | ERROR | Traceback (most recent call last):
2026-03-04 15:16:49,959 | 21060 | ERROR | File "C:\Users\maxwell\AppData\Local\Python\pythoncore-3.11-64\Lib\logging\__init__.py", line 1113, in emit
    stream.write(msg + self.terminator)
2026-03-04 15:16:49,965 | 21060 | ERROR | File "C:\Users\maxwell\AppData\Local\Python\pythoncore-3.11-64\Lib\encodings\cp1252.py", line 19, in encode
    return codecs.charmap_encode(input,self.errors,encoding_table)[0]
           ^^^^^^^^^^^^^^^^^^^^^^^^^^^^^^^^^^^^^^^^^^^^^^^^^^^^^^^
2026-03-04 15:16:49,965 | 21060 | ERROR | UnicodeEncodeError: 'charmap' codec can't encode character '\u2248' in position 192: character maps to <undefined>
2026-03-04 15:16:49,966 | 21060 | ERROR | During handling of the above exception, another exception occurred:
2026-03-04 15:16:49,966 | 21060 | ERROR | Traceback (most recent call last):
2026-03-04 15:16:49,968 | 21060 | ERROR | File "C:\Users\maxwell\AppData\Local\Python\pythoncore-3.11-64\Lib\logging\__init__.py", line 1113, in emit
    stream.write(msg + self.terminator)
2026-03-04 15:16:49,968 | 21060 | ERROR | File "C:\Users\maxwell\AppData\Local\Python\pythoncore-3.11-64\Lib\encodings\cp1252.py", line 19, in encode
    return codecs.charmap_encode(input,self.errors,encoding_table)[0]
           ^^^^^^^^^^^^^^^^^^^^^^^^^^^^^^^^^^^^^^^^^^^^^^^^^^^^^^^
2026-03-04 15:16:49,969 | 21060 | ERROR | UnicodeEncodeError: 'charmap' codec can't encode character '\u2248' in position 192: character maps to <undefined>
2026-03-04 15:16:49,969 | 21060 | ERROR | During handling of the above exception, another exception occurred:
2026-03-04 15:16:49,971 | 21060 | ERROR | Traceback (most recent call last):
2026-03-04 15:16:49,971 | 21060 | ERROR | File "C:\Users\maxwell\AppData\Local\Python\pythoncore-3.11-64\Lib\logging\__init__.py", line 1113, in emit
    stream.write(msg + self.terminator)
2026-03-04 15:16:49,972 | 21060 | ERROR | File "C:\Users\maxwell\AppData\Local\Python\pythoncore-3.11-64\Lib\encodings\cp1252.py", line 19, in encode
    return codecs.charmap_encode(input,self.errors,encoding_table)[0]
           ^^^^^^^^^^^^^^^^^^^^^^^^^^^^^^^^^^^^^^^^^^^^^^^^^^^^^^^
2026-03-04 15:16:49,972 | 21060 | ERROR | UnicodeEncodeError: 'charmap' codec can't encode character '\u2248' in position 192: character maps to <undefined>
2026-03-04 15:16:49,973 | 21060 | ERROR | During handling of the above exception, another exception occurred:
2026-03-04 15:16:49,973 | 21060 | ERROR | Traceback (most recent call last):
2026-03-04 15:16:49,975 | 21060 | ERROR | File "C:\Users\maxwell\AppData\Local\Python\pythoncore-3.11-64\Lib\logging\__init__.py", line 1113, in emit
    stream.write(msg + self.terminator)
2026-03-04 15:16:49,976 | 21060 | ERROR | File "C:\Users\maxwell\AppData\Local\Python\pythoncore-3.11-64\Lib\encodings\cp1252.py", line 19, in encode
    return codecs.charmap_encode(input,self.errors,encoding_table)[0]
           ^^^^^^^^^^^^^^^^^^^^^^^^^^^^^^^^^^^^^^^^^^^^^^^^^^^^^^^
2026-03-04 15:16:49,976 | 21060 | ERROR | UnicodeEncodeError: 'charmap' codec can't encode character '\u2248' in position 192: character maps to <undefined>
2026-03-04 15:16:49,976 | 21060 | ERROR | During handling of the above exception, another exception occurred:
2026-03-04 15:16:49,976 | 21060 | ERROR | Traceback (most recent call last):
2026-03-04 15:16:49,976 | 21060 | ERROR | File "C:\Users\maxwell\AppData\Local\Python\pythoncore-3.11-64\Lib\logging\__init__.py", line 1113, in emit
    stream.write(msg + self.terminator)
2026-03-04 15:16:49,976 | 21060 | ERROR | File "C:\Users\maxwell\AppData\Local\Python\pythoncore-3.11-64\Lib\encodings\cp1252.py", line 19, in encode
    return codecs.charmap_encode(input,self.errors,encoding_table)[0]
           ^^^^^^^^^^^^^^^^^^^^^^^^^^^^^^^^^^^^^^^^^^^^^^^^^^^^^^^
2026-03-04 15:16:49,976 | 21060 | ERROR | UnicodeEncodeError: 'charmap' codec can't encode character '\u2248' in position 192: character maps to <undefined>
2026-03-04 15:16:49,980 | 21060 | ERROR | During handling of the above exception, another exception occurred:
2026-03-04 15:16:49,980 | 21060 | ERROR | Traceback (most recent call last):
2026-03-04 15:16:49,981 | 21060 | ERROR | File "C:\Users\maxwell\AppData\Local\Python\pythoncore-3.11-64\Lib\logging\__init__.py", line 1113, in emit
    stream.write(msg + self.terminator)
2026-03-04 15:16:49,983 | 21060 | ERROR | File "C:\Users\maxwell\AppData\Local\Python\pythoncore-3.11-64\Lib\encodings\cp1252.py", line 19, in encode
    return codecs.charmap_encode(input,self.errors,encoding_table)[0]
           ^^^^^^^^^^^^^^^^^^^^^^^^^^^^^^^^^^^^^^^^^^^^^^^^^^^^^^^
2026-03-04 15:16:49,983 | 21060 | ERROR | UnicodeEncodeError: 'charmap' codec can't encode character '\u2248' in position 192: character maps to <undefined>
2026-03-04 15:16:49,984 | 21060 | ERROR | During handling of the above exception, another exception occurred:
2026-03-04 15:16:49,984 | 21060 | ERROR | Traceback (most recent call last):
2026-03-04 15:16:49,985 | 21060 | ERROR | File "C:\Users\maxwell\AppData\Local\Python\pythoncore-3.11-64\Lib\logging\__init__.py", line 1113, in emit
    stream.write(msg + self.terminator)
2026-03-04 15:16:49,985 | 21060 | ERROR | File "C:\Users\maxwell\AppData\Local\Python\pythoncore-3.11-64\Lib\encodings\cp1252.py", line 19, in encode
    return codecs.charmap_encode(input,self.errors,encoding_table)[0]
           ^^^^^^^^^^^^^^^^^^^^^^^^^^^^^^^^^^^^^^^^^^^^^^^^^^^^^^^
2026-03-04 15:16:49,987 | 21060 | ERROR | UnicodeEncodeError: 'charmap' codec can't encode character '\u2248' in position 192: character maps to <undefined>
2026-03-04 15:16:49,987 | 21060 | ERROR | During handling of the above exception, another exception occurred:
2026-03-04 15:16:49,987 | 21060 | ERROR | Traceback (most recent call last):
2026-03-04 15:16:49,987 | 21060 | ERROR | File "C:\Users\maxwell\AppData\Local\Python\pythoncore-3.11-64\Lib\logging\__init__.py", line 1113, in emit
    stream.write(msg + self.terminator)
2026-03-04 15:16:49,987 | 21060 | ERROR | File "C:\Users\maxwell\AppData\Local\Python\pythoncore-3.11-64\Lib\encodings\cp1252.py", line 19, in encode
    return codecs.charmap_encode(input,self.errors,encoding_table)[0]
           ^^^^^^^^^^^^^^^^^^^^^^^^^^^^^^^^^^^^^^^^^^^^^^^^^^^^^^^
2026-03-04 15:16:49,987 | 21060 | ERROR | UnicodeEncodeError: 'charmap' codec can't encode character '\u2248' in position 192: character maps to <undefined>
2026-03-04 15:16:49,987 | 21060 | ERROR | During handling of the above exception, another exception occurred:
2026-03-04 15:16:49,987 | 21060 | ERROR | Traceback (most recent call last):
2026-03-04 15:16:49,993 | 21060 | ERROR | File "C:\Users\maxwell\AppData\Local\Python\pythoncore-3.11-64\Lib\logging\__init__.py", line 1113, in emit
    stream.write(msg + self.terminator)
2026-03-04 15:16:49,993 | 21060 | ERROR | File "C:\Users\maxwell\AppData\Local\Python\pythoncore-3.11-64\Lib\encodings\cp1252.py", line 19, in encode
    return codecs.charmap_encode(input,self.errors,encoding_table)[0]
           ^^^^^^^^^^^^^^^^^^^^^^^^^^^^^^^^^^^^^^^^^^^^^^^^^^^^^^^
2026-03-04 15:16:49,994 | 21060 | ERROR | UnicodeEncodeError: 'charmap' codec can't encode character '\u2248' in position 192: character maps to <undefined>
2026-03-04 15:16:49,994 | 21060 | ERROR | During handling of the above exception, another exception occurred:
2026-03-04 15:16:49,995 | 21060 | ERROR | Traceback (most recent call last):
2026-03-04 15:16:49,996 | 21060 | ERROR | File "C:\Users\maxwell\AppData\Local\Python\pythoncore-3.11-64\Lib\logging\__init__.py", line 1113, in emit
    stream.write(msg + self.terminator)
2026-03-04 15:16:49,996 | 21060 | ERROR | File "C:\Users\maxwell\AppData\Local\Python\pythoncore-3.11-64\Lib\encodings\cp1252.py", line 19, in encode
    return codecs.charmap_encode(input,self.errors,encoding_table)[0]
           ^^^^^^^^^^^^^^^^^^^^^^^^^^^^^^^^^^^^^^^^^^^^^^^^^^^^^^^
2026-03-04 15:16:49,997 | 21060 | ERROR | UnicodeEncodeError: 'charmap' codec can't encode character '\u2248' in position 192: character maps to <undefined>
2026-03-04 15:16:49,998 | 21060 | ERROR | During handling of the above exception, another exception occurred:
2026-03-04 15:16:49,998 | 21060 | ERROR | Traceback (most recent call last):
2026-03-04 15:16:49,999 | 21060 | ERROR | File "C:\Users\maxwell\AppData\Local\Python\pythoncore-3.11-64\Lib\logging\__init__.py", line 1113, in emit
    stream.write(msg + self.terminator)
2026-03-04 15:16:50,000 | 21060 | ERROR | File "C:\Users\maxwell\AppData\Local\Python\pythoncore-3.11-64\Lib\encodings\cp1252.py", line 19, in encode
    return codecs.charmap_encode(input,self.errors,encoding_table)[0]
           ^^^^^^^^^^^^^^^^^^^^^^^^^^^^^^^^^^^^^^^^^^^^^^^^^^^^^^^
2026-03-04 15:16:50,000 | 21060 | ERROR | UnicodeEncodeError: 'charmap' codec can't encode character '\u2248' in position 192: character maps to <undefined>
2026-03-04 15:16:50,001 | 21060 | ERROR | During handling of the above exception, another exception occurred:
2026-03-04 15:16:50,001 | 21060 | ERROR | Traceback (most recent call last):
2026-03-04 15:16:50,003 | 21060 | ERROR | File "C:\Users\maxwell\AppData\Local\Python\pythoncore-3.11-64\Lib\logging\__init__.py", line 1113, in emit
    stream.write(msg + self.terminator)
2026-03-04 15:16:50,003 | 21060 | ERROR | File "C:\Users\maxwell\AppData\Local\Python\pythoncore-3.11-64\Lib\encodings\cp1252.py", line 19, in encode
    return codecs.charmap_encode(input,self.errors,encoding_table)[0]
           ^^^^^^^^^^^^^^^^^^^^^^^^^^^^^^^^^^^^^^^^^^^^^^^^^^^^^^^
2026-03-04 15:16:50,003 | 21060 | ERROR | UnicodeEncodeError: 'charmap' codec can't encode character '\u2248' in position 192: character maps to <undefined>
2026-03-04 15:16:50,003 | 21060 | ERROR | During handling of the above exception, another exception occurred:
2026-03-04 15:16:50,003 | 21060 | ERROR | Traceback (most recent call last):
2026-03-04 15:16:50,003 | 21060 | ERROR | File "C:\Users\maxwell\AppData\Local\Python\pythoncore-3.11-64\Lib\logging\__init__.py", line 1113, in emit
    stream.write(msg + self.terminator)
2026-03-04 15:16:50,003 | 21060 | ERROR | File "C:\Users\maxwell\AppData\Local\Python\pythoncore-3.11-64\Lib\encodings\cp1252.py", line 19, in encode
    return codecs.charmap_encode(input,self.errors,encoding_table)[0]
           ^^^^^^^^^^^^^^^^^^^^^^^^^^^^^^^^^^^^^^^^^^^^^^^^^^^^^^^
2026-03-04 15:16:50,003 | 21060 | ERROR | UnicodeEncodeError: 'charmap' codec can't encode character '\u2248' in position 192: character maps to <undefined>
2026-03-04 15:16:50,003 | 21060 | ERROR | Call stack:
2026-03-04 15:16:50,010 | 21060 | ERROR | File "C:\Users\maxwell\UCB-USACE-RR-PROJECT\run_hyperparam_search.py", line 853, in <module>
    setup_logging()
2026-03-04 15:16:50,013 | 21060 | ERROR | --- Logging error ---
2026-03-04 15:16:50,018 | 21060 | ERROR | Traceback (most recent call last):
2026-03-04 15:16:50,018 | 21060 | ERROR | File "C:\Users\maxwell\AppData\Local\Python\pythoncore-3.11-64\Lib\logging\__init__.py", line 1113, in emit
    stream.write(msg + self.terminator)
2026-03-04 15:16:50,020 | 21060 | ERROR | File "C:\Users\maxwell\AppData\Local\Python\pythoncore-3.11-64\Lib\encodings\cp1252.py", line 19, in encode
    return codecs.charmap_encode(input,self.errors,encoding_table)[0]
           ^^^^^^^^^^^^^^^^^^^^^^^^^^^^^^^^^^^^^^^^^^^^^^^^^^^^^^^
2026-03-04 15:16:50,020 | 21060 | ERROR | UnicodeEncodeError: 'charmap' codec can't encode character '\u2248' in position 107: character maps to <undefined>
2026-03-04 15:16:50,022 | 21060 | ERROR | During handling of the above exception, another exception occurred:
2026-03-04 15:16:50,022 | 21060 | ERROR | Traceback (most recent call last):
2026-03-04 15:16:50,022 | 21060 | ERROR | File "C:\Users\maxwell\AppData\Local\Python\pythoncore-3.11-64\Lib\logging\__init__.py", line 1113, in emit
    stream.write(msg + self.terminator)
2026-03-04 15:16:50,022 | 21060 | ERROR | File "C:\Users\maxwell\AppData\Local\Python\pythoncore-3.11-64\Lib\encodings\cp1252.py", line 19, in encode
    return codecs.charmap_encode(input,self.errors,encoding_table)[0]
           ^^^^^^^^^^^^^^^^^^^^^^^^^^^^^^^^^^^^^^^^^^^^^^^^^^^^^^^
2026-03-04 15:16:50,022 | 21060 | ERROR | UnicodeEncodeError: 'charmap' codec can't encode character '\u2248' in position 192: character maps to <undefined>
2026-03-04 15:16:50,026 | 21060 | ERROR | During handling of the above exception, another exception occurred:
2026-03-04 15:16:50,026 | 21060 | ERROR | Traceback (most recent call last):
2026-03-04 15:16:50,027 | 21060 | ERROR | File "C:\Users\maxwell\AppData\Local\Python\pythoncore-3.11-64\Lib\logging\__init__.py", line 1113, in emit
    stream.write(msg + self.terminator)
2026-03-04 15:16:50,027 | 21060 | ERROR | File "C:\Users\maxwell\AppData\Local\Python\pythoncore-3.11-64\Lib\encodings\cp1252.py", line 19, in encode
    return codecs.charmap_encode(input,self.errors,encoding_table)[0]
           ^^^^^^^^^^^^^^^^^^^^^^^^^^^^^^^^^^^^^^^^^^^^^^^^^^^^^^^
2026-03-04 15:16:50,028 | 21060 | ERROR | UnicodeEncodeError: 'charmap' codec can't encode character '\u2248' in position 192: character maps to <undefined>
2026-03-04 15:16:50,028 | 21060 | ERROR | During handling of the above exception, another exception occurred:
2026-03-04 15:16:50,030 | 21060 | ERROR | Traceback (most recent call last):
2026-03-04 15:16:50,031 | 21060 | ERROR | File "C:\Users\maxwell\AppData\Local\Python\pythoncore-3.11-64\Lib\logging\__init__.py", line 1113, in emit
    stream.write(msg + self.terminator)
2026-03-04 15:16:50,031 | 21060 | ERROR | File "C:\Users\maxwell\AppData\Local\Python\pythoncore-3.11-64\Lib\encodings\cp1252.py", line 19, in encode
    return codecs.charmap_encode(input,self.errors,encoding_table)[0]
           ^^^^^^^^^^^^^^^^^^^^^^^^^^^^^^^^^^^^^^^^^^^^^^^^^^^^^^^
2026-03-04 15:16:50,031 | 21060 | ERROR | UnicodeEncodeError: 'charmap' codec can't encode character '\u2248' in position 192: character maps to <undefined>
2026-03-04 15:16:50,033 | 21060 | ERROR | During handling of the above exception, another exception occurred:
2026-03-04 15:16:50,033 | 21060 | ERROR | Traceback (most recent call last):
2026-03-04 15:16:50,034 | 21060 | ERROR | File "C:\Users\maxwell\AppData\Local\Python\pythoncore-3.11-64\Lib\logging\__init__.py", line 1113, in emit
    stream.write(msg + self.terminator)
2026-03-04 15:16:50,034 | 21060 | ERROR | File "C:\Users\maxwell\AppData\Local\Python\pythoncore-3.11-64\Lib\encodings\cp1252.py", line 19, in encode
    return codecs.charmap_encode(input,self.errors,encoding_table)[0]
           ^^^^^^^^^^^^^^^^^^^^^^^^^^^^^^^^^^^^^^^^^^^^^^^^^^^^^^^
2026-03-04 15:16:50,036 | 21060 | ERROR | UnicodeEncodeError: 'charmap' codec can't encode character '\u2248' in position 192: character maps to <undefined>
2026-03-04 15:16:50,036 | 21060 | ERROR | During handling of the above exception, another exception occurred:
2026-03-04 15:16:50,037 | 21060 | ERROR | Traceback (most recent call last):
2026-03-04 15:16:50,037 | 21060 | ERROR | File "C:\Users\maxwell\AppData\Local\Python\pythoncore-3.11-64\Lib\logging\__init__.py", line 1113, in emit
    stream.write(msg + self.terminator)
2026-03-04 15:16:50,037 | 21060 | ERROR | File "C:\Users\maxwell\AppData\Local\Python\pythoncore-3.11-64\Lib\encodings\cp1252.py", line 19, in encode
    return codecs.charmap_encode(input,self.errors,encoding_table)[0]
           ^^^^^^^^^^^^^^^^^^^^^^^^^^^^^^^^^^^^^^^^^^^^^^^^^^^^^^^
2026-03-04 15:16:50,037 | 21060 | ERROR | UnicodeEncodeError: 'charmap' codec can't encode character '\u2248' in position 192: character maps to <undefined>
2026-03-04 15:16:50,037 | 21060 | ERROR | During handling of the above exception, another exception occurred:
2026-03-04 15:16:50,037 | 21060 | ERROR | Traceback (most recent call last):
2026-03-04 15:16:50,041 | 21060 | ERROR | File "C:\Users\maxwell\AppData\Local\Python\pythoncore-3.11-64\Lib\logging\__init__.py", line 1113, in emit
    stream.write(msg + self.terminator)
2026-03-04 15:16:50,042 | 21060 | ERROR | File "C:\Users\maxwell\AppData\Local\Python\pythoncore-3.11-64\Lib\encodings\cp1252.py", line 19, in encode
    return codecs.charmap_encode(input,self.errors,encoding_table)[0]
           ^^^^^^^^^^^^^^^^^^^^^^^^^^^^^^^^^^^^^^^^^^^^^^^^^^^^^^^
2026-03-04 15:16:50,042 | 21060 | ERROR | UnicodeEncodeError: 'charmap' codec can't encode character '\u2248' in position 192: character maps to <undefined>
2026-03-04 15:16:50,043 | 21060 | ERROR | During handling of the above exception, another exception occurred:
2026-03-04 15:16:50,044 | 21060 | ERROR | Traceback (most recent call last):
2026-03-04 15:16:50,044 | 21060 | ERROR | File "C:\Users\maxwell\AppData\Local\Python\pythoncore-3.11-64\Lib\logging\__init__.py", line 1113, in emit
    stream.write(msg + self.terminator)
2026-03-04 15:16:50,045 | 21060 | ERROR | File "C:\Users\maxwell\AppData\Local\Python\pythoncore-3.11-64\Lib\encodings\cp1252.py", line 19, in encode
    return codecs.charmap_encode(input,self.errors,encoding_table)[0]
           ^^^^^^^^^^^^^^^^^^^^^^^^^^^^^^^^^^^^^^^^^^^^^^^^^^^^^^^
2026-03-04 15:16:50,046 | 21060 | ERROR | UnicodeEncodeError: 'charmap' codec can't encode character '\u2248' in position 192: character maps to <undefined>
2026-03-04 15:16:50,046 | 21060 | ERROR | During handling of the above exception, another exception occurred:
2026-03-04 15:16:50,047 | 21060 | ERROR | Traceback (most recent call last):
2026-03-04 15:16:50,047 | 21060 | ERROR | File "C:\Users\maxwell\AppData\Local\Python\pythoncore-3.11-64\Lib\logging\__init__.py", line 1113, in emit
    stream.write(msg + self.terminator)
2026-03-04 15:16:50,048 | 21060 | ERROR | File "C:\Users\maxwell\AppData\Local\Python\pythoncore-3.11-64\Lib\encodings\cp1252.py", line 19, in encode
    return codecs.charmap_encode(input,self.errors,encoding_table)[0]
           ^^^^^^^^^^^^^^^^^^^^^^^^^^^^^^^^^^^^^^^^^^^^^^^^^^^^^^^
2026-03-04 15:16:50,048 | 21060 | ERROR | UnicodeEncodeError: 'charmap' codec can't encode character '\u2248' in position 192: character maps to <undefined>
2026-03-04 15:16:50,050 | 21060 | ERROR | During handling of the above exception, another exception occurred:
2026-03-04 15:16:50,051 | 21060 | ERROR | Traceback (most recent call last):
2026-03-04 15:16:50,051 | 21060 | ERROR | File "C:\Users\maxwell\AppData\Local\Python\pythoncore-3.11-64\Lib\logging\__init__.py", line 1113, in emit
    stream.write(msg + self.terminator)
2026-03-04 15:16:50,053 | 21060 | ERROR | File "C:\Users\maxwell\AppData\Local\Python\pythoncore-3.11-64\Lib\encodings\cp1252.py", line 19, in encode
    return codecs.charmap_encode(input,self.errors,encoding_table)[0]
           ^^^^^^^^^^^^^^^^^^^^^^^^^^^^^^^^^^^^^^^^^^^^^^^^^^^^^^^
2026-03-04 15:16:50,053 | 21060 | ERROR | UnicodeEncodeError: 'charmap' codec can't encode character '\u2248' in position 192: character maps to <undefined>
2026-03-04 15:16:50,054 | 21060 | ERROR | During handling of the above exception, another exception occurred:
2026-03-04 15:16:50,054 | 21060 | ERROR | Traceback (most recent call last):
2026-03-04 15:16:50,055 | 21060 | ERROR | File "C:\Users\maxwell\AppData\Local\Python\pythoncore-3.11-64\Lib\logging\__init__.py", line 1113, in emit
    stream.write(msg + self.terminator)
2026-03-04 15:16:50,056 | 21060 | ERROR | File "C:\Users\maxwell\AppData\Local\Python\pythoncore-3.11-64\Lib\encodings\cp1252.py", line 19, in encode
    return codecs.charmap_encode(input,self.errors,encoding_table)[0]
           ^^^^^^^^^^^^^^^^^^^^^^^^^^^^^^^^^^^^^^^^^^^^^^^^^^^^^^^
2026-03-04 15:16:50,056 | 21060 | ERROR | UnicodeEncodeError: 'charmap' codec can't encode character '\u2248' in position 192: character maps to <undefined>
2026-03-04 15:16:50,057 | 21060 | ERROR | During handling of the above exception, another exception occurred:
2026-03-04 15:16:50,057 | 21060 | ERROR | Traceback (most recent call last):
2026-03-04 15:16:50,059 | 21060 | ERROR | File "C:\Users\maxwell\AppData\Local\Python\pythoncore-3.11-64\Lib\logging\__init__.py", line 1113, in emit
    stream.write(msg + self.terminator)
2026-03-04 15:16:50,060 | 21060 | ERROR | File "C:\Users\maxwell\AppData\Local\Python\pythoncore-3.11-64\Lib\encodings\cp1252.py", line 19, in encode
    return codecs.charmap_encode(input,self.errors,encoding_table)[0]
           ^^^^^^^^^^^^^^^^^^^^^^^^^^^^^^^^^^^^^^^^^^^^^^^^^^^^^^^
2026-03-04 15:16:50,060 | 21060 | ERROR | UnicodeEncodeError: 'charmap' codec can't encode character '\u2248' in position 192: character maps to <undefined>
2026-03-04 15:16:50,061 | 21060 | ERROR | During handling of the above exception, another exception occurred:
2026-03-04 15:16:50,061 | 21060 | ERROR | Traceback (most recent call last):
2026-03-04 15:16:50,062 | 21060 | ERROR | File "C:\Users\maxwell\AppData\Local\Python\pythoncore-3.11-64\Lib\logging\__init__.py", line 1113, in emit
    stream.write(msg + self.terminator)
2026-03-04 15:16:50,063 | 21060 | ERROR | File "C:\Users\maxwell\AppData\Local\Python\pythoncore-3.11-64\Lib\encodings\cp1252.py", line 19, in encode
    return codecs.charmap_encode(input,self.errors,encoding_table)[0]
           ^^^^^^^^^^^^^^^^^^^^^^^^^^^^^^^^^^^^^^^^^^^^^^^^^^^^^^^
2026-03-04 15:16:50,064 | 21060 | ERROR | UnicodeEncodeError: 'charmap' codec can't encode character '\u2248' in position 192: character maps to <undefined>
2026-03-04 15:16:50,065 | 21060 | ERROR | During handling of the above exception, another exception occurred:
2026-03-04 15:16:50,065 | 21060 | ERROR | Traceback (most recent call last):
2026-03-04 15:16:50,066 | 21060 | ERROR | File "C:\Users\maxwell\AppData\Local\Python\pythoncore-3.11-64\Lib\logging\__init__.py", line 1113, in emit
    stream.write(msg + self.terminator)
2026-03-04 15:16:50,066 | 21060 | ERROR | File "C:\Users\maxwell\AppData\Local\Python\pythoncore-3.11-64\Lib\encodings\cp1252.py", line 19, in encode
    return codecs.charmap_encode(input,self.errors,encoding_table)[0]
           ^^^^^^^^^^^^^^^^^^^^^^^^^^^^^^^^^^^^^^^^^^^^^^^^^^^^^^^
2026-03-04 15:16:50,067 | 21060 | ERROR | UnicodeEncodeError: 'charmap' codec can't encode character '\u2248' in position 192: character maps to <undefined>
2026-03-04 15:16:50,069 | 21060 | ERROR | During handling of the above exception, another exception occurred:
2026-03-04 15:16:50,069 | 21060 | ERROR | Traceback (most recent call last):
2026-03-04 15:16:50,070 | 21060 | ERROR | File "C:\Users\maxwell\AppData\Local\Python\pythoncore-3.11-64\Lib\logging\__init__.py", line 1113, in emit
    stream.write(msg + self.terminator)
2026-03-04 15:16:50,070 | 21060 | ERROR | File "C:\Users\maxwell\AppData\Local\Python\pythoncore-3.11-64\Lib\encodings\cp1252.py", line 19, in encode
    return codecs.charmap_encode(input,self.errors,encoding_table)[0]
           ^^^^^^^^^^^^^^^^^^^^^^^^^^^^^^^^^^^^^^^^^^^^^^^^^^^^^^^
2026-03-04 15:16:50,072 | 21060 | ERROR | UnicodeEncodeError: 'charmap' codec can't encode character '\u2248' in position 192: character maps to <undefined>
2026-03-04 15:16:50,072 | 21060 | ERROR | During handling of the above exception, another exception occurred:
2026-03-04 15:16:50,073 | 21060 | ERROR | Traceback (most recent call last):
2026-03-04 15:16:50,073 | 21060 | ERROR | File "C:\Users\maxwell\AppData\Local\Python\pythoncore-3.11-64\Lib\logging\__init__.py", line 1113, in emit
    stream.write(msg + self.terminator)
2026-03-04 15:16:50,074 | 21060 | ERROR | File "C:\Users\maxwell\AppData\Local\Python\pythoncore-3.11-64\Lib\encodings\cp1252.py", line 19, in encode
    return codecs.charmap_encode(input,self.errors,encoding_table)[0]
           ^^^^^^^^^^^^^^^^^^^^^^^^^^^^^^^^^^^^^^^^^^^^^^^^^^^^^^^
2026-03-04 15:16:50,074 | 21060 | ERROR | UnicodeEncodeError: 'charmap' codec can't encode character '\u2248' in position 192: character maps to <undefined>
2026-03-04 15:16:50,075 | 21060 | ERROR | During handling of the above exception, another exception occurred:
2026-03-04 15:16:50,076 | 21060 | ERROR | Traceback (most recent call last):
2026-03-04 15:16:50,077 | 21060 | ERROR | File "C:\Users\maxwell\AppData\Local\Python\pythoncore-3.11-64\Lib\logging\__init__.py", line 1113, in emit
    stream.write(msg + self.terminator)
2026-03-04 15:16:50,078 | 21060 | ERROR | File "C:\Users\maxwell\AppData\Local\Python\pythoncore-3.11-64\Lib\encodings\cp1252.py", line 19, in encode
    return codecs.charmap_encode(input,self.errors,encoding_table)[0]
           ^^^^^^^^^^^^^^^^^^^^^^^^^^^^^^^^^^^^^^^^^^^^^^^^^^^^^^^
2026-03-04 15:16:50,079 | 21060 | ERROR | UnicodeEncodeError: 'charmap' codec can't encode character '\u2248' in position 192: character maps to <undefined>
2026-03-04 15:16:50,079 | 21060 | ERROR | Call stack:
2026-03-04 15:16:50,081 | 21060 | ERROR | File "C:\Users\maxwell\UCB-USACE-RR-PROJECT\run_hyperparam_search.py", line 853, in <module>
    setup_logging()
2026-03-04 15:16:50,081 | 21060 | ERROR | --- Logging error ---
2026-03-04 15:16:50,081 | 21060 | ERROR | Traceback (most recent call last):
2026-03-04 15:16:50,081 | 21060 | ERROR | File "C:\Users\maxwell\AppData\Local\Python\pythoncore-3.11-64\Lib\logging\__init__.py", line 1113, in emit
    stream.write(msg + self.terminator)
2026-03-04 15:16:50,081 | 21060 | ERROR | File "C:\Users\maxwell\AppData\Local\Python\pythoncore-3.11-64\Lib\encodings\cp1252.py", line 19, in encode
    return codecs.charmap_encode(input,self.errors,encoding_table)[0]
           ^^^^^^^^^^^^^^^^^^^^^^^^^^^^^^^^^^^^^^^^^^^^^^^^^^^^^^^
2026-03-04 15:16:50,092 | 21060 | ERROR | UnicodeEncodeError: 'charmap' codec can't encode character '\u2248' in position 107: character maps to <undefined>
2026-03-04 15:16:50,093 | 21060 | ERROR | During handling of the above exception, another exception occurred:
2026-03-04 15:16:50,093 | 21060 | ERROR | Traceback (most recent call last):
2026-03-04 15:16:50,094 | 21060 | ERROR | File "C:\Users\maxwell\AppData\Local\Python\pythoncore-3.11-64\Lib\logging\__init__.py", line 1113, in emit
    stream.write(msg + self.terminator)
2026-03-04 15:16:50,094 | 21060 | ERROR | File "C:\Users\maxwell\AppData\Local\Python\pythoncore-3.11-64\Lib\encodings\cp1252.py", line 19, in encode
    return codecs.charmap_encode(input,self.errors,encoding_table)[0]
           ^^^^^^^^^^^^^^^^^^^^^^^^^^^^^^^^^^^^^^^^^^^^^^^^^^^^^^^
2026-03-04 15:16:50,096 | 21060 | ERROR | UnicodeEncodeError: 'charmap' codec can't encode character '\u2248' in position 192: character maps to <undefined>
2026-03-04 15:16:50,096 | 21060 | ERROR | During handling of the above exception, another exception occurred:
2026-03-04 15:16:50,097 | 21060 | ERROR | Traceback (most recent call last):
2026-03-04 15:16:50,097 | 21060 | ERROR | File "C:\Users\maxwell\AppData\Local\Python\pythoncore-3.11-64\Lib\logging\__init__.py", line 1113, in emit
    stream.write(msg + self.terminator)
2026-03-04 15:16:50,097 | 21060 | ERROR | File "C:\Users\maxwell\AppData\Local\Python\pythoncore-3.11-64\Lib\encodings\cp1252.py", line 19, in encode
    return codecs.charmap_encode(input,self.errors,encoding_table)[0]
           ^^^^^^^^^^^^^^^^^^^^^^^^^^^^^^^^^^^^^^^^^^^^^^^^^^^^^^^
2026-03-04 15:16:50,097 | 21060 | ERROR | UnicodeEncodeError: 'charmap' codec can't encode character '\u2248' in position 192: character maps to <undefined>
2026-03-04 15:16:50,097 | 21060 | ERROR | During handling of the above exception, another exception occurred:
2026-03-04 15:16:50,097 | 21060 | ERROR | Traceback (most recent call last):
2026-03-04 15:16:50,097 | 21060 | ERROR | File "C:\Users\maxwell\AppData\Local\Python\pythoncore-3.11-64\Lib\logging\__init__.py", line 1113, in emit
    stream.write(msg + self.terminator)
2026-03-04 15:16:50,102 | 21060 | ERROR | File "C:\Users\maxwell\AppData\Local\Python\pythoncore-3.11-64\Lib\encodings\cp1252.py", line 19, in encode
    return codecs.charmap_encode(input,self.errors,encoding_table)[0]
           ^^^^^^^^^^^^^^^^^^^^^^^^^^^^^^^^^^^^^^^^^^^^^^^^^^^^^^^
2026-03-04 15:16:50,102 | 21060 | ERROR | UnicodeEncodeError: 'charmap' codec can't encode character '\u2248' in position 192: character maps to <undefined>
2026-03-04 15:16:50,103 | 21060 | ERROR | During handling of the above exception, another exception occurred:
2026-03-04 15:16:50,103 | 21060 | ERROR | Traceback (most recent call last):
2026-03-04 15:16:50,105 | 21060 | ERROR | File "C:\Users\maxwell\AppData\Local\Python\pythoncore-3.11-64\Lib\logging\__init__.py", line 1113, in emit
    stream.write(msg + self.terminator)
2026-03-04 15:16:50,105 | 21060 | ERROR | File "C:\Users\maxwell\AppData\Local\Python\pythoncore-3.11-64\Lib\encodings\cp1252.py", line 19, in encode
    return codecs.charmap_encode(input,self.errors,encoding_table)[0]
           ^^^^^^^^^^^^^^^^^^^^^^^^^^^^^^^^^^^^^^^^^^^^^^^^^^^^^^^
2026-03-04 15:16:50,105 | 21060 | ERROR | UnicodeEncodeError: 'charmap' codec can't encode character '\u2248' in position 192: character maps to <undefined>
2026-03-04 15:16:50,106 | 21060 | ERROR | During handling of the above exception, another exception occurred:
2026-03-04 15:16:50,106 | 21060 | ERROR | Traceback (most recent call last):
2026-03-04 15:16:50,108 | 21060 | ERROR | File "C:\Users\maxwell\AppData\Local\Python\pythoncore-3.11-64\Lib\logging\__init__.py", line 1113, in emit
    stream.write(msg + self.terminator)
2026-03-04 15:16:50,109 | 21060 | ERROR | File "C:\Users\maxwell\AppData\Local\Python\pythoncore-3.11-64\Lib\encodings\cp1252.py", line 19, in encode
    return codecs.charmap_encode(input,self.errors,encoding_table)[0]
           ^^^^^^^^^^^^^^^^^^^^^^^^^^^^^^^^^^^^^^^^^^^^^^^^^^^^^^^
2026-03-04 15:16:50,110 | 21060 | ERROR | UnicodeEncodeError: 'charmap' codec can't encode character '\u2248' in position 192: character maps to <undefined>
2026-03-04 15:16:50,110 | 21060 | ERROR | During handling of the above exception, another exception occurred:
2026-03-04 15:16:50,111 | 21060 | ERROR | Traceback (most recent call last):
2026-03-04 15:16:50,111 | 21060 | ERROR | File "C:\Users\maxwell\AppData\Local\Python\pythoncore-3.11-64\Lib\logging\__init__.py", line 1113, in emit
    stream.write(msg + self.terminator)
2026-03-04 15:16:50,112 | 21060 | ERROR | File "C:\Users\maxwell\AppData\Local\Python\pythoncore-3.11-64\Lib\encodings\cp1252.py", line 19, in encode
    return codecs.charmap_encode(input,self.errors,encoding_table)[0]
           ^^^^^^^^^^^^^^^^^^^^^^^^^^^^^^^^^^^^^^^^^^^^^^^^^^^^^^^
2026-03-04 15:16:50,113 | 21060 | ERROR | UnicodeEncodeError: 'charmap' codec can't encode character '\u2248' in position 192: character maps to <undefined>
2026-03-04 15:16:50,113 | 21060 | ERROR | During handling of the above exception, another exception occurred:
2026-03-04 15:16:50,113 | 21060 | ERROR | Traceback (most recent call last):
2026-03-04 15:16:50,113 | 21060 | ERROR | File "C:\Users\maxwell\AppData\Local\Python\pythoncore-3.11-64\Lib\logging\__init__.py", line 1113, in emit
    stream.write(msg + self.terminator)
2026-03-04 15:16:50,113 | 21060 | ERROR | File "C:\Users\maxwell\AppData\Local\Python\pythoncore-3.11-64\Lib\encodings\cp1252.py", line 19, in encode
    return codecs.charmap_encode(input,self.errors,encoding_table)[0]
           ^^^^^^^^^^^^^^^^^^^^^^^^^^^^^^^^^^^^^^^^^^^^^^^^^^^^^^^
2026-03-04 15:16:50,113 | 21060 | ERROR | UnicodeEncodeError: 'charmap' codec can't encode character '\u2248' in position 192: character maps to <undefined>
2026-03-04 15:16:50,113 | 21060 | ERROR | During handling of the above exception, another exception occurred:
2026-03-04 15:16:50,113 | 21060 | ERROR | Traceback (most recent call last):
2026-03-04 15:16:50,118 | 21060 | ERROR | File "C:\Users\maxwell\AppData\Local\Python\pythoncore-3.11-64\Lib\logging\__init__.py", line 1113, in emit
    stream.write(msg + self.terminator)
2026-03-04 15:16:50,119 | 21060 | ERROR | File "C:\Users\maxwell\AppData\Local\Python\pythoncore-3.11-64\Lib\encodings\cp1252.py", line 19, in encode
    return codecs.charmap_encode(input,self.errors,encoding_table)[0]
           ^^^^^^^^^^^^^^^^^^^^^^^^^^^^^^^^^^^^^^^^^^^^^^^^^^^^^^^
2026-03-04 15:16:50,119 | 21060 | ERROR | UnicodeEncodeError: 'charmap' codec can't encode character '\u2248' in position 192: character maps to <undefined>
2026-03-04 15:16:50,120 | 21060 | ERROR | During handling of the above exception, another exception occurred:
2026-03-04 15:16:50,121 | 21060 | ERROR | Traceback (most recent call last):
2026-03-04 15:16:50,122 | 21060 | ERROR | File "C:\Users\maxwell\AppData\Local\Python\pythoncore-3.11-64\Lib\logging\__init__.py", line 1113, in emit
    stream.write(msg + self.terminator)
2026-03-04 15:16:50,122 | 21060 | ERROR | File "C:\Users\maxwell\AppData\Local\Python\pythoncore-3.11-64\Lib\encodings\cp1252.py", line 19, in encode
    return codecs.charmap_encode(input,self.errors,encoding_table)[0]
           ^^^^^^^^^^^^^^^^^^^^^^^^^^^^^^^^^^^^^^^^^^^^^^^^^^^^^^^
2026-03-04 15:16:50,123 | 21060 | ERROR | UnicodeEncodeError: 'charmap' codec can't encode character '\u2248' in position 192: character maps to <undefined>
2026-03-04 15:16:50,123 | 21060 | ERROR | During handling of the above exception, another exception occurred:
2026-03-04 15:16:50,123 | 21060 | ERROR | Traceback (most recent call last):
2026-03-04 15:16:50,123 | 21060 | ERROR | File "C:\Users\maxwell\AppData\Local\Python\pythoncore-3.11-64\Lib\logging\__init__.py", line 1113, in emit
    stream.write(msg + self.terminator)
2026-03-04 15:16:50,123 | 21060 | ERROR | File "C:\Users\maxwell\AppData\Local\Python\pythoncore-3.11-64\Lib\encodings\cp1252.py", line 19, in encode
    return codecs.charmap_encode(input,self.errors,encoding_table)[0]
           ^^^^^^^^^^^^^^^^^^^^^^^^^^^^^^^^^^^^^^^^^^^^^^^^^^^^^^^
2026-03-04 15:16:50,123 | 21060 | ERROR | UnicodeEncodeError: 'charmap' codec can't encode character '\u2248' in position 192: character maps to <undefined>
2026-03-04 15:16:50,123 | 21060 | ERROR | During handling of the above exception, another exception occurred:
2026-03-04 15:16:50,123 | 21060 | ERROR | Traceback (most recent call last):
2026-03-04 15:16:50,123 | 21060 | ERROR | File "C:\Users\maxwell\AppData\Local\Python\pythoncore-3.11-64\Lib\logging\__init__.py", line 1113, in emit
    stream.write(msg + self.terminator)
2026-03-04 15:16:50,129 | 21060 | ERROR | File "C:\Users\maxwell\AppData\Local\Python\pythoncore-3.11-64\Lib\encodings\cp1252.py", line 19, in encode
    return codecs.charmap_encode(input,self.errors,encoding_table)[0]
           ^^^^^^^^^^^^^^^^^^^^^^^^^^^^^^^^^^^^^^^^^^^^^^^^^^^^^^^
2026-03-04 15:16:50,129 | 21060 | ERROR | UnicodeEncodeError: 'charmap' codec can't encode character '\u2248' in position 192: character maps to <undefined>
2026-03-04 15:16:50,130 | 21060 | ERROR | During handling of the above exception, another exception occurred:
2026-03-04 15:16:50,130 | 21060 | ERROR | Traceback (most recent call last):
2026-03-04 15:16:50,131 | 21060 | ERROR | File "C:\Users\maxwell\AppData\Local\Python\pythoncore-3.11-64\Lib\logging\__init__.py", line 1113, in emit
    stream.write(msg + self.terminator)
2026-03-04 15:16:50,131 | 21060 | ERROR | File "C:\Users\maxwell\AppData\Local\Python\pythoncore-3.11-64\Lib\encodings\cp1252.py", line 19, in encode
    return codecs.charmap_encode(input,self.errors,encoding_table)[0]
           ^^^^^^^^^^^^^^^^^^^^^^^^^^^^^^^^^^^^^^^^^^^^^^^^^^^^^^^
2026-03-04 15:16:50,132 | 21060 | ERROR | UnicodeEncodeError: 'charmap' codec can't encode character '\u2248' in position 192: character maps to <undefined>
2026-03-04 15:16:50,132 | 21060 | ERROR | During handling of the above exception, another exception occurred:
2026-03-04 15:16:50,134 | 21060 | ERROR | Traceback (most recent call last):
2026-03-04 15:16:50,134 | 21060 | ERROR | File "C:\Users\maxwell\AppData\Local\Python\pythoncore-3.11-64\Lib\logging\__init__.py", line 1113, in emit
    stream.write(msg + self.terminator)
2026-03-04 15:16:50,134 | 21060 | ERROR | File "C:\Users\maxwell\AppData\Local\Python\pythoncore-3.11-64\Lib\encodings\cp1252.py", line 19, in encode
    return codecs.charmap_encode(input,self.errors,encoding_table)[0]
           ^^^^^^^^^^^^^^^^^^^^^^^^^^^^^^^^^^^^^^^^^^^^^^^^^^^^^^^
2026-03-04 15:16:50,134 | 21060 | ERROR | UnicodeEncodeError: 'charmap' codec can't encode character '\u2248' in position 192: character maps to <undefined>
2026-03-04 15:16:50,136 | 21060 | ERROR | During handling of the above exception, another exception occurred:
2026-03-04 15:16:50,136 | 21060 | ERROR | Traceback (most recent call last):
2026-03-04 15:16:50,138 | 21060 | ERROR | File "C:\Users\maxwell\AppData\Local\Python\pythoncore-3.11-64\Lib\logging\__init__.py", line 1113, in emit
    stream.write(msg + self.terminator)
2026-03-04 15:16:50,139 | 21060 | ERROR | File "C:\Users\maxwell\AppData\Local\Python\pythoncore-3.11-64\Lib\encodings\cp1252.py", line 19, in encode
    return codecs.charmap_encode(input,self.errors,encoding_table)[0]
           ^^^^^^^^^^^^^^^^^^^^^^^^^^^^^^^^^^^^^^^^^^^^^^^^^^^^^^^
2026-03-04 15:16:50,140 | 21060 | ERROR | UnicodeEncodeError: 'charmap' codec can't encode character '\u2248' in position 192: character maps to <undefined>
2026-03-04 15:16:50,140 | 21060 | ERROR | During handling of the above exception, another exception occurred:
2026-03-04 15:16:50,141 | 21060 | ERROR | Traceback (most recent call last):
2026-03-04 15:16:50,142 | 21060 | ERROR | File "C:\Users\maxwell\AppData\Local\Python\pythoncore-3.11-64\Lib\logging\__init__.py", line 1113, in emit
    stream.write(msg + self.terminator)
2026-03-04 15:16:50,142 | 21060 | ERROR | File "C:\Users\maxwell\AppData\Local\Python\pythoncore-3.11-64\Lib\encodings\cp1252.py", line 19, in encode
    return codecs.charmap_encode(input,self.errors,encoding_table)[0]
           ^^^^^^^^^^^^^^^^^^^^^^^^^^^^^^^^^^^^^^^^^^^^^^^^^^^^^^^
2026-03-04 15:16:50,143 | 21060 | ERROR | UnicodeEncodeError: 'charmap' codec can't encode character '\u2248' in position 192: character maps to <undefined>
2026-03-04 15:16:50,143 | 21060 | ERROR | During handling of the above exception, another exception occurred:
2026-03-04 15:16:50,144 | 21060 | ERROR | Traceback (most recent call last):
2026-03-04 15:16:50,144 | 21060 | ERROR | File "C:\Users\maxwell\AppData\Local\Python\pythoncore-3.11-64\Lib\logging\__init__.py", line 1113, in emit
    stream.write(msg + self.terminator)
2026-03-04 15:16:50,144 | 21060 | ERROR | File "C:\Users\maxwell\AppData\Local\Python\pythoncore-3.11-64\Lib\encodings\cp1252.py", line 19, in encode
    return codecs.charmap_encode(input,self.errors,encoding_table)[0]
           ^^^^^^^^^^^^^^^^^^^^^^^^^^^^^^^^^^^^^^^^^^^^^^^^^^^^^^^
2026-03-04 15:16:50,144 | 21060 | ERROR | UnicodeEncodeError: 'charmap' codec can't encode character '\u2248' in position 192: character maps to <undefined>
2026-03-04 15:16:50,144 | 21060 | ERROR | During handling of the above exception, another exception occurred:
2026-03-04 15:16:50,144 | 21060 | ERROR | Traceback (most recent call last):
2026-03-04 15:16:50,144 | 21060 | ERROR | File "C:\Users\maxwell\AppData\Local\Python\pythoncore-3.11-64\Lib\logging\__init__.py", line 1113, in emit
    stream.write(msg + self.terminator)
2026-03-04 15:16:50,144 | 21060 | ERROR | File "C:\Users\maxwell\AppData\Local\Python\pythoncore-3.11-64\Lib\encodings\cp1252.py", line 19, in encode
    return codecs.charmap_encode(input,self.errors,encoding_table)[0]
           ^^^^^^^^^^^^^^^^^^^^^^^^^^^^^^^^^^^^^^^^^^^^^^^^^^^^^^^
2026-03-04 15:16:50,144 | 21060 | ERROR | UnicodeEncodeError: 'charmap' codec can't encode character '\u2248' in position 192: character maps to <undefined>
2026-03-04 15:16:50,144 | 21060 | ERROR | Call stack:
2026-03-04 15:16:50,153 | 21060 | ERROR | File "C:\Users\maxwell\UCB-USACE-RR-PROJECT\run_hyperparam_search.py", line 853, in <module>
    setup_logging()
2026-03-04 15:16:50,154 | 21060 | ERROR | --- Logging error ---
2026-03-04 15:16:50,156 | 21060 | ERROR | Traceback (most recent call last):
2026-03-04 15:16:50,156 | 21060 | ERROR | File "C:\Users\maxwell\AppData\Local\Python\pythoncore-3.11-64\Lib\logging\__init__.py", line 1113, in emit
    stream.write(msg + self.terminator)
2026-03-04 15:16:50,156 | 21060 | ERROR | File "C:\Users\maxwell\AppData\Local\Python\pythoncore-3.11-64\Lib\encodings\cp1252.py", line 19, in encode
    return codecs.charmap_encode(input,self.errors,encoding_table)[0]
           ^^^^^^^^^^^^^^^^^^^^^^^^^^^^^^^^^^^^^^^^^^^^^^^^^^^^^^^
2026-03-04 15:16:50,163 | 21060 | ERROR | UnicodeEncodeError: 'charmap' codec can't encode character '\u2248' in position 107: character maps to <undefined>
2026-03-04 15:16:50,163 | 21060 | ERROR | During handling of the above exception, another exception occurred:
2026-03-04 15:16:50,164 | 21060 | ERROR | Traceback (most recent call last):
2026-03-04 15:16:50,165 | 21060 | ERROR | File "C:\Users\maxwell\AppData\Local\Python\pythoncore-3.11-64\Lib\logging\__init__.py", line 1113, in emit
    stream.write(msg + self.terminator)
2026-03-04 15:16:50,165 | 21060 | ERROR | File "C:\Users\maxwell\AppData\Local\Python\pythoncore-3.11-64\Lib\encodings\cp1252.py", line 19, in encode
    return codecs.charmap_encode(input,self.errors,encoding_table)[0]
           ^^^^^^^^^^^^^^^^^^^^^^^^^^^^^^^^^^^^^^^^^^^^^^^^^^^^^^^
2026-03-04 15:16:50,166 | 21060 | ERROR | UnicodeEncodeError: 'charmap' codec can't encode character '\u2248' in position 192: character maps to <undefined>
2026-03-04 15:16:50,166 | 21060 | ERROR | During handling of the above exception, another exception occurred:
2026-03-04 15:16:50,168 | 21060 | ERROR | Traceback (most recent call last):
2026-03-04 15:16:50,168 | 21060 | ERROR | File "C:\Users\maxwell\AppData\Local\Python\pythoncore-3.11-64\Lib\logging\__init__.py", line 1113, in emit
    stream.write(msg + self.terminator)
2026-03-04 15:16:50,169 | 21060 | ERROR | File "C:\Users\maxwell\AppData\Local\Python\pythoncore-3.11-64\Lib\encodings\cp1252.py", line 19, in encode
    return codecs.charmap_encode(input,self.errors,encoding_table)[0]
           ^^^^^^^^^^^^^^^^^^^^^^^^^^^^^^^^^^^^^^^^^^^^^^^^^^^^^^^
2026-03-04 15:16:50,170 | 21060 | ERROR | UnicodeEncodeError: 'charmap' codec can't encode character '\u2248' in position 192: character maps to <undefined>
2026-03-04 15:16:50,171 | 21060 | ERROR | During handling of the above exception, another exception occurred:
2026-03-04 15:16:50,171 | 21060 | ERROR | Traceback (most recent call last):
2026-03-04 15:16:50,172 | 21060 | ERROR | File "C:\Users\maxwell\AppData\Local\Python\pythoncore-3.11-64\Lib\logging\__init__.py", line 1113, in emit
    stream.write(msg + self.terminator)
2026-03-04 15:16:50,173 | 21060 | ERROR | File "C:\Users\maxwell\AppData\Local\Python\pythoncore-3.11-64\Lib\encodings\cp1252.py", line 19, in encode
    return codecs.charmap_encode(input,self.errors,encoding_table)[0]
           ^^^^^^^^^^^^^^^^^^^^^^^^^^^^^^^^^^^^^^^^^^^^^^^^^^^^^^^
2026-03-04 15:16:50,174 | 21060 | ERROR | UnicodeEncodeError: 'charmap' codec can't encode character '\u2248' in position 192: character maps to <undefined>
2026-03-04 15:16:50,174 | 21060 | ERROR | During handling of the above exception, another exception occurred:
2026-03-04 15:16:50,174 | 21060 | ERROR | Traceback (most recent call last):
2026-03-04 15:16:50,175 | 21060 | ERROR | File "C:\Users\maxwell\AppData\Local\Python\pythoncore-3.11-64\Lib\logging\__init__.py", line 1113, in emit
    stream.write(msg + self.terminator)
2026-03-04 15:16:50,176 | 21060 | ERROR | File "C:\Users\maxwell\AppData\Local\Python\pythoncore-3.11-64\Lib\encodings\cp1252.py", line 19, in encode
    return codecs.charmap_encode(input,self.errors,encoding_table)[0]
           ^^^^^^^^^^^^^^^^^^^^^^^^^^^^^^^^^^^^^^^^^^^^^^^^^^^^^^^
2026-03-04 15:16:50,176 | 21060 | ERROR | UnicodeEncodeError: 'charmap' codec can't encode character '\u2248' in position 192: character maps to <undefined>
2026-03-04 15:16:50,178 | 21060 | ERROR | During handling of the above exception, another exception occurred:
2026-03-04 15:16:50,178 | 21060 | ERROR | Traceback (most recent call last):
2026-03-04 15:16:50,179 | 21060 | ERROR | File "C:\Users\maxwell\AppData\Local\Python\pythoncore-3.11-64\Lib\logging\__init__.py", line 1113, in emit
    stream.write(msg + self.terminator)
2026-03-04 15:16:50,179 | 21060 | ERROR | File "C:\Users\maxwell\AppData\Local\Python\pythoncore-3.11-64\Lib\encodings\cp1252.py", line 19, in encode
    return codecs.charmap_encode(input,self.errors,encoding_table)[0]
           ^^^^^^^^^^^^^^^^^^^^^^^^^^^^^^^^^^^^^^^^^^^^^^^^^^^^^^^
2026-03-04 15:16:50,179 | 21060 | ERROR | UnicodeEncodeError: 'charmap' codec can't encode character '\u2248' in position 192: character maps to <undefined>
2026-03-04 15:16:50,179 | 21060 | ERROR | During handling of the above exception, another exception occurred:
2026-03-04 15:16:50,179 | 21060 | ERROR | Traceback (most recent call last):
2026-03-04 15:16:50,179 | 21060 | ERROR | File "C:\Users\maxwell\AppData\Local\Python\pythoncore-3.11-64\Lib\logging\__init__.py", line 1113, in emit
    stream.write(msg + self.terminator)
2026-03-04 15:16:50,179 | 21060 | ERROR | File "C:\Users\maxwell\AppData\Local\Python\pythoncore-3.11-64\Lib\encodings\cp1252.py", line 19, in encode
    return codecs.charmap_encode(input,self.errors,encoding_table)[0]
           ^^^^^^^^^^^^^^^^^^^^^^^^^^^^^^^^^^^^^^^^^^^^^^^^^^^^^^^
2026-03-04 15:16:50,179 | 21060 | ERROR | UnicodeEncodeError: 'charmap' codec can't encode character '\u2248' in position 192: character maps to <undefined>
2026-03-04 15:16:50,179 | 21060 | ERROR | During handling of the above exception, another exception occurred:
2026-03-04 15:16:50,185 | 21060 | ERROR | Traceback (most recent call last):
2026-03-04 15:16:50,185 | 21060 | ERROR | File "C:\Users\maxwell\AppData\Local\Python\pythoncore-3.11-64\Lib\logging\__init__.py", line 1113, in emit
    stream.write(msg + self.terminator)
2026-03-04 15:16:50,186 | 21060 | ERROR | File "C:\Users\maxwell\AppData\Local\Python\pythoncore-3.11-64\Lib\encodings\cp1252.py", line 19, in encode
    return codecs.charmap_encode(input,self.errors,encoding_table)[0]
           ^^^^^^^^^^^^^^^^^^^^^^^^^^^^^^^^^^^^^^^^^^^^^^^^^^^^^^^
2026-03-04 15:16:50,187 | 21060 | ERROR | UnicodeEncodeError: 'charmap' codec can't encode character '\u2248' in position 192: character maps to <undefined>
2026-03-04 15:16:50,187 | 21060 | ERROR | During handling of the above exception, another exception occurred:
2026-03-04 15:16:50,188 | 21060 | ERROR | Traceback (most recent call last):
2026-03-04 15:16:50,188 | 21060 | ERROR | File "C:\Users\maxwell\AppData\Local\Python\pythoncore-3.11-64\Lib\logging\__init__.py", line 1113, in emit
    stream.write(msg + self.terminator)
2026-03-04 15:16:50,189 | 21060 | ERROR | File "C:\Users\maxwell\AppData\Local\Python\pythoncore-3.11-64\Lib\encodings\cp1252.py", line 19, in encode
    return codecs.charmap_encode(input,self.errors,encoding_table)[0]
           ^^^^^^^^^^^^^^^^^^^^^^^^^^^^^^^^^^^^^^^^^^^^^^^^^^^^^^^
2026-03-04 15:16:50,190 | 21060 | ERROR | UnicodeEncodeError: 'charmap' codec can't encode character '\u2248' in position 192: character maps to <undefined>
2026-03-04 15:16:50,191 | 21060 | ERROR | During handling of the above exception, another exception occurred:
2026-03-04 15:16:50,191 | 21060 | ERROR | Traceback (most recent call last):
2026-03-04 15:16:50,192 | 21060 | ERROR | File "C:\Users\maxwell\AppData\Local\Python\pythoncore-3.11-64\Lib\logging\__init__.py", line 1113, in emit
    stream.write(msg + self.terminator)
2026-03-04 15:16:50,192 | 21060 | ERROR | File "C:\Users\maxwell\AppData\Local\Python\pythoncore-3.11-64\Lib\encodings\cp1252.py", line 19, in encode
    return codecs.charmap_encode(input,self.errors,encoding_table)[0]
           ^^^^^^^^^^^^^^^^^^^^^^^^^^^^^^^^^^^^^^^^^^^^^^^^^^^^^^^
2026-03-04 15:16:50,193 | 21060 | ERROR | UnicodeEncodeError: 'charmap' codec can't encode character '\u2248' in position 192: character maps to <undefined>
2026-03-04 15:16:50,194 | 21060 | ERROR | During handling of the above exception, another exception occurred:
2026-03-04 15:16:50,195 | 21060 | ERROR | Traceback (most recent call last):
2026-03-04 15:16:50,195 | 21060 | ERROR | File "C:\Users\maxwell\AppData\Local\Python\pythoncore-3.11-64\Lib\logging\__init__.py", line 1113, in emit
    stream.write(msg + self.terminator)
2026-03-04 15:16:50,196 | 21060 | ERROR | File "C:\Users\maxwell\AppData\Local\Python\pythoncore-3.11-64\Lib\encodings\cp1252.py", line 19, in encode
    return codecs.charmap_encode(input,self.errors,encoding_table)[0]
           ^^^^^^^^^^^^^^^^^^^^^^^^^^^^^^^^^^^^^^^^^^^^^^^^^^^^^^^
2026-03-04 15:16:50,196 | 21060 | ERROR | UnicodeEncodeError: 'charmap' codec can't encode character '\u2248' in position 192: character maps to <undefined>
2026-03-04 15:16:50,196 | 21060 | ERROR | During handling of the above exception, another exception occurred:
2026-03-04 15:16:50,196 | 21060 | ERROR | Traceback (most recent call last):
2026-03-04 15:16:50,196 | 21060 | ERROR | File "C:\Users\maxwell\AppData\Local\Python\pythoncore-3.11-64\Lib\logging\__init__.py", line 1113, in emit
    stream.write(msg + self.terminator)
2026-03-04 15:16:50,199 | 21060 | ERROR | File "C:\Users\maxwell\AppData\Local\Python\pythoncore-3.11-64\Lib\encodings\cp1252.py", line 19, in encode
    return codecs.charmap_encode(input,self.errors,encoding_table)[0]
           ^^^^^^^^^^^^^^^^^^^^^^^^^^^^^^^^^^^^^^^^^^^^^^^^^^^^^^^
2026-03-04 15:16:50,200 | 21060 | ERROR | UnicodeEncodeError: 'charmap' codec can't encode character '\u2248' in position 192: character maps to <undefined>
2026-03-04 15:16:50,200 | 21060 | ERROR | During handling of the above exception, another exception occurred:
2026-03-04 15:16:50,200 | 21060 | ERROR | Traceback (most recent call last):
2026-03-04 15:16:50,201 | 21060 | ERROR | File "C:\Users\maxwell\AppData\Local\Python\pythoncore-3.11-64\Lib\logging\__init__.py", line 1113, in emit
    stream.write(msg + self.terminator)
2026-03-04 15:16:50,201 | 21060 | ERROR | File "C:\Users\maxwell\AppData\Local\Python\pythoncore-3.11-64\Lib\encodings\cp1252.py", line 19, in encode
    return codecs.charmap_encode(input,self.errors,encoding_table)[0]
           ^^^^^^^^^^^^^^^^^^^^^^^^^^^^^^^^^^^^^^^^^^^^^^^^^^^^^^^
2026-03-04 15:16:50,201 | 21060 | ERROR | UnicodeEncodeError: 'charmap' codec can't encode character '\u2248' in position 192: character maps to <undefined>
2026-03-04 15:16:50,204 | 21060 | ERROR | During handling of the above exception, another exception occurred:
2026-03-04 15:16:50,205 | 21060 | ERROR | Traceback (most recent call last):
2026-03-04 15:16:50,205 | 21060 | ERROR | File "C:\Users\maxwell\AppData\Local\Python\pythoncore-3.11-64\Lib\logging\__init__.py", line 1113, in emit
    stream.write(msg + self.terminator)
2026-03-04 15:16:50,206 | 21060 | ERROR | File "C:\Users\maxwell\AppData\Local\Python\pythoncore-3.11-64\Lib\encodings\cp1252.py", line 19, in encode
    return codecs.charmap_encode(input,self.errors,encoding_table)[0]
           ^^^^^^^^^^^^^^^^^^^^^^^^^^^^^^^^^^^^^^^^^^^^^^^^^^^^^^^
2026-03-04 15:16:50,206 | 21060 | ERROR | UnicodeEncodeError: 'charmap' codec can't encode character '\u2248' in position 192: character maps to <undefined>
2026-03-04 15:16:50,207 | 21060 | ERROR | During handling of the above exception, another exception occurred:
2026-03-04 15:16:50,207 | 21060 | ERROR | Traceback (most recent call last):
2026-03-04 15:16:50,207 | 21060 | ERROR | File "C:\Users\maxwell\AppData\Local\Python\pythoncore-3.11-64\Lib\logging\__init__.py", line 1113, in emit
    stream.write(msg + self.terminator)
2026-03-04 15:16:50,207 | 21060 | ERROR | File "C:\Users\maxwell\AppData\Local\Python\pythoncore-3.11-64\Lib\encodings\cp1252.py", line 19, in encode
    return codecs.charmap_encode(input,self.errors,encoding_table)[0]
           ^^^^^^^^^^^^^^^^^^^^^^^^^^^^^^^^^^^^^^^^^^^^^^^^^^^^^^^
2026-03-04 15:16:50,207 | 21060 | ERROR | UnicodeEncodeError: 'charmap' codec can't encode character '\u2248' in position 192: character maps to <undefined>
2026-03-04 15:16:50,211 | 21060 | ERROR | During handling of the above exception, another exception occurred:
2026-03-04 15:16:50,212 | 21060 | ERROR | Traceback (most recent call last):
2026-03-04 15:16:50,212 | 21060 | ERROR | File "C:\Users\maxwell\AppData\Local\Python\pythoncore-3.11-64\Lib\logging\__init__.py", line 1113, in emit
    stream.write(msg + self.terminator)
2026-03-04 15:16:50,213 | 21060 | ERROR | File "C:\Users\maxwell\AppData\Local\Python\pythoncore-3.11-64\Lib\encodings\cp1252.py", line 19, in encode
    return codecs.charmap_encode(input,self.errors,encoding_table)[0]
           ^^^^^^^^^^^^^^^^^^^^^^^^^^^^^^^^^^^^^^^^^^^^^^^^^^^^^^^
2026-03-04 15:16:50,213 | 21060 | ERROR | UnicodeEncodeError: 'charmap' codec can't encode character '\u2248' in position 192: character maps to <undefined>
2026-03-04 15:16:50,214 | 21060 | ERROR | During handling of the above exception, another exception occurred:
2026-03-04 15:16:50,214 | 21060 | ERROR | Traceback (most recent call last):
2026-03-04 15:16:50,215 | 21060 | ERROR | File "C:\Users\maxwell\AppData\Local\Python\pythoncore-3.11-64\Lib\logging\__init__.py", line 1113, in emit
    stream.write(msg + self.terminator)
2026-03-04 15:16:50,216 | 21060 | ERROR | File "C:\Users\maxwell\AppData\Local\Python\pythoncore-3.11-64\Lib\encodings\cp1252.py", line 19, in encode
    return codecs.charmap_encode(input,self.errors,encoding_table)[0]
           ^^^^^^^^^^^^^^^^^^^^^^^^^^^^^^^^^^^^^^^^^^^^^^^^^^^^^^^
2026-03-04 15:16:50,216 | 21060 | ERROR | UnicodeEncodeError: 'charmap' codec can't encode character '\u2248' in position 192: character maps to <undefined>
2026-03-04 15:16:50,216 | 21060 | ERROR | During handling of the above exception, another exception occurred:
2026-03-04 15:16:50,218 | 21060 | ERROR | Traceback (most recent call last):
2026-03-04 15:16:50,218 | 21060 | ERROR | File "C:\Users\maxwell\AppData\Local\Python\pythoncore-3.11-64\Lib\logging\__init__.py", line 1113, in emit
    stream.write(msg + self.terminator)
2026-03-04 15:16:50,219 | 21060 | ERROR | File "C:\Users\maxwell\AppData\Local\Python\pythoncore-3.11-64\Lib\encodings\cp1252.py", line 19, in encode
    return codecs.charmap_encode(input,self.errors,encoding_table)[0]
           ^^^^^^^^^^^^^^^^^^^^^^^^^^^^^^^^^^^^^^^^^^^^^^^^^^^^^^^
2026-03-04 15:16:50,219 | 21060 | ERROR | UnicodeEncodeError: 'charmap' codec can't encode character '\u2248' in position 192: character maps to <undefined>
2026-03-04 15:16:50,221 | 21060 | ERROR | During handling of the above exception, another exception occurred:
2026-03-04 15:16:50,221 | 21060 | ERROR | Traceback (most recent call last):
2026-03-04 15:16:50,221 | 21060 | ERROR | File "C:\Users\maxwell\AppData\Local\Python\pythoncore-3.11-64\Lib\logging\__init__.py", line 1113, in emit
    stream.write(msg + self.terminator)
2026-03-04 15:16:50,221 | 21060 | ERROR | File "C:\Users\maxwell\AppData\Local\Python\pythoncore-3.11-64\Lib\encodings\cp1252.py", line 19, in encode
    return codecs.charmap_encode(input,self.errors,encoding_table)[0]
           ^^^^^^^^^^^^^^^^^^^^^^^^^^^^^^^^^^^^^^^^^^^^^^^^^^^^^^^
2026-03-04 15:16:50,221 | 21060 | ERROR | UnicodeEncodeError: 'charmap' codec can't encode character '\u2248' in position 192: character maps to <undefined>
2026-03-04 15:16:50,221 | 21060 | ERROR | Call stack:
2026-03-04 15:16:50,221 | 21060 | ERROR | File "C:\Users\maxwell\UCB-USACE-RR-PROJECT\run_hyperparam_search.py", line 853, in <module>
    setup_logging()
2026-03-04 15:16:50,221 | 21060 | ERROR | --- Logging error ---
2026-03-04 15:16:50,234 | 21060 | ERROR | Traceback (most recent call last):
2026-03-04 15:16:50,235 | 21060 | ERROR | File "C:\Users\maxwell\AppData\Local\Python\pythoncore-3.11-64\Lib\logging\__init__.py", line 1113, in emit
    stream.write(msg + self.terminator)
2026-03-04 15:16:50,237 | 21060 | ERROR | File "C:\Users\maxwell\AppData\Local\Python\pythoncore-3.11-64\Lib\encodings\cp1252.py", line 19, in encode
    return codecs.charmap_encode(input,self.errors,encoding_table)[0]
           ^^^^^^^^^^^^^^^^^^^^^^^^^^^^^^^^^^^^^^^^^^^^^^^^^^^^^^^
2026-03-04 15:16:50,237 | 21060 | ERROR | UnicodeEncodeError: 'charmap' codec can't encode character '\u2248' in position 107: character maps to <undefined>
2026-03-04 15:16:50,238 | 21060 | ERROR | During handling of the above exception, another exception occurred:
2026-03-04 15:16:50,239 | 21060 | ERROR | Traceback (most recent call last):
2026-03-04 15:16:50,239 | 21060 | ERROR | File "C:\Users\maxwell\AppData\Local\Python\pythoncore-3.11-64\Lib\logging\__init__.py", line 1113, in emit
    stream.write(msg + self.terminator)
2026-03-04 15:16:50,239 | 21060 | ERROR | File "C:\Users\maxwell\AppData\Local\Python\pythoncore-3.11-64\Lib\encodings\cp1252.py", line 19, in encode
    return codecs.charmap_encode(input,self.errors,encoding_table)[0]
           ^^^^^^^^^^^^^^^^^^^^^^^^^^^^^^^^^^^^^^^^^^^^^^^^^^^^^^^
2026-03-04 15:16:50,239 | 21060 | ERROR | UnicodeEncodeError: 'charmap' codec can't encode character '\u2248' in position 192: character maps to <undefined>
2026-03-04 15:16:50,239 | 21060 | ERROR | During handling of the above exception, another exception occurred:
2026-03-04 15:16:50,239 | 21060 | ERROR | Traceback (most recent call last):
2026-03-04 15:16:50,239 | 21060 | ERROR | File "C:\Users\maxwell\AppData\Local\Python\pythoncore-3.11-64\Lib\logging\__init__.py", line 1113, in emit
    stream.write(msg + self.terminator)
2026-03-04 15:16:50,239 | 21060 | ERROR | File "C:\Users\maxwell\AppData\Local\Python\pythoncore-3.11-64\Lib\encodings\cp1252.py", line 19, in encode
    return codecs.charmap_encode(input,self.errors,encoding_table)[0]
           ^^^^^^^^^^^^^^^^^^^^^^^^^^^^^^^^^^^^^^^^^^^^^^^^^^^^^^^
2026-03-04 15:16:50,239 | 21060 | ERROR | UnicodeEncodeError: 'charmap' codec can't encode character '\u2248' in position 192: character maps to <undefined>
2026-03-04 15:16:50,239 | 21060 | ERROR | During handling of the above exception, another exception occurred:
2026-03-04 15:16:50,246 | 21060 | ERROR | Traceback (most recent call last):
2026-03-04 15:16:50,247 | 21060 | ERROR | File "C:\Users\maxwell\AppData\Local\Python\pythoncore-3.11-64\Lib\logging\__init__.py", line 1113, in emit
    stream.write(msg + self.terminator)
2026-03-04 15:16:50,247 | 21060 | ERROR | File "C:\Users\maxwell\AppData\Local\Python\pythoncore-3.11-64\Lib\encodings\cp1252.py", line 19, in encode
    return codecs.charmap_encode(input,self.errors,encoding_table)[0]
           ^^^^^^^^^^^^^^^^^^^^^^^^^^^^^^^^^^^^^^^^^^^^^^^^^^^^^^^
2026-03-04 15:16:50,248 | 21060 | ERROR | UnicodeEncodeError: 'charmap' codec can't encode character '\u2248' in position 192: character maps to <undefined>
2026-03-04 15:16:50,248 | 21060 | ERROR | During handling of the above exception, another exception occurred:
2026-03-04 15:16:50,249 | 21060 | ERROR | Traceback (most recent call last):
2026-03-04 15:16:50,249 | 21060 | ERROR | File "C:\Users\maxwell\AppData\Local\Python\pythoncore-3.11-64\Lib\logging\__init__.py", line 1113, in emit
    stream.write(msg + self.terminator)
2026-03-04 15:16:50,250 | 21060 | ERROR | File "C:\Users\maxwell\AppData\Local\Python\pythoncore-3.11-64\Lib\encodings\cp1252.py", line 19, in encode
    return codecs.charmap_encode(input,self.errors,encoding_table)[0]
           ^^^^^^^^^^^^^^^^^^^^^^^^^^^^^^^^^^^^^^^^^^^^^^^^^^^^^^^
2026-03-04 15:16:50,251 | 21060 | ERROR | UnicodeEncodeError: 'charmap' codec can't encode character '\u2248' in position 192: character maps to <undefined>
2026-03-04 15:16:50,252 | 21060 | ERROR | During handling of the above exception, another exception occurred:
2026-03-04 15:16:50,252 | 21060 | ERROR | Traceback (most recent call last):
2026-03-04 15:16:50,253 | 21060 | ERROR | File "C:\Users\maxwell\AppData\Local\Python\pythoncore-3.11-64\Lib\logging\__init__.py", line 1113, in emit
    stream.write(msg + self.terminator)
2026-03-04 15:16:50,253 | 21060 | ERROR | File "C:\Users\maxwell\AppData\Local\Python\pythoncore-3.11-64\Lib\encodings\cp1252.py", line 19, in encode
    return codecs.charmap_encode(input,self.errors,encoding_table)[0]
           ^^^^^^^^^^^^^^^^^^^^^^^^^^^^^^^^^^^^^^^^^^^^^^^^^^^^^^^
2026-03-04 15:16:50,254 | 21060 | ERROR | UnicodeEncodeError: 'charmap' codec can't encode character '\u2248' in position 192: character maps to <undefined>
2026-03-04 15:16:50,255 | 21060 | ERROR | During handling of the above exception, another exception occurred:
2026-03-04 15:16:50,256 | 21060 | ERROR | Traceback (most recent call last):
2026-03-04 15:16:50,256 | 21060 | ERROR | File "C:\Users\maxwell\AppData\Local\Python\pythoncore-3.11-64\Lib\logging\__init__.py", line 1113, in emit
    stream.write(msg + self.terminator)
2026-03-04 15:16:50,256 | 21060 | ERROR | File "C:\Users\maxwell\AppData\Local\Python\pythoncore-3.11-64\Lib\encodings\cp1252.py", line 19, in encode
    return codecs.charmap_encode(input,self.errors,encoding_table)[0]
           ^^^^^^^^^^^^^^^^^^^^^^^^^^^^^^^^^^^^^^^^^^^^^^^^^^^^^^^
2026-03-04 15:16:50,256 | 21060 | ERROR | UnicodeEncodeError: 'charmap' codec can't encode character '\u2248' in position 192: character maps to <undefined>
2026-03-04 15:16:50,256 | 21060 | ERROR | During handling of the above exception, another exception occurred:
2026-03-04 15:16:50,256 | 21060 | ERROR | Traceback (most recent call last):
2026-03-04 15:16:50,256 | 21060 | ERROR | File "C:\Users\maxwell\AppData\Local\Python\pythoncore-3.11-64\Lib\logging\__init__.py", line 1113, in emit
    stream.write(msg + self.terminator)
2026-03-04 15:16:50,256 | 21060 | ERROR | File "C:\Users\maxwell\AppData\Local\Python\pythoncore-3.11-64\Lib\encodings\cp1252.py", line 19, in encode
    return codecs.charmap_encode(input,self.errors,encoding_table)[0]
           ^^^^^^^^^^^^^^^^^^^^^^^^^^^^^^^^^^^^^^^^^^^^^^^^^^^^^^^
2026-03-04 15:16:50,262 | 21060 | ERROR | UnicodeEncodeError: 'charmap' codec can't encode character '\u2248' in position 192: character maps to <undefined>
2026-03-04 15:16:50,262 | 21060 | ERROR | During handling of the above exception, another exception occurred:
2026-03-04 15:16:50,263 | 21060 | ERROR | Traceback (most recent call last):
2026-03-04 15:16:50,264 | 21060 | ERROR | File "C:\Users\maxwell\AppData\Local\Python\pythoncore-3.11-64\Lib\logging\__init__.py", line 1113, in emit
    stream.write(msg + self.terminator)
2026-03-04 15:16:50,264 | 21060 | ERROR | File "C:\Users\maxwell\AppData\Local\Python\pythoncore-3.11-64\Lib\encodings\cp1252.py", line 19, in encode
    return codecs.charmap_encode(input,self.errors,encoding_table)[0]
           ^^^^^^^^^^^^^^^^^^^^^^^^^^^^^^^^^^^^^^^^^^^^^^^^^^^^^^^
2026-03-04 15:16:50,265 | 21060 | ERROR | UnicodeEncodeError: 'charmap' codec can't encode character '\u2248' in position 192: character maps to <undefined>
2026-03-04 15:16:50,265 | 21060 | ERROR | During handling of the above exception, another exception occurred:
2026-03-04 15:16:50,266 | 21060 | ERROR | Traceback (most recent call last):
2026-03-04 15:16:50,267 | 21060 | ERROR | File "C:\Users\maxwell\AppData\Local\Python\pythoncore-3.11-64\Lib\logging\__init__.py", line 1113, in emit
    stream.write(msg + self.terminator)
2026-03-04 15:16:50,268 | 21060 | ERROR | File "C:\Users\maxwell\AppData\Local\Python\pythoncore-3.11-64\Lib\encodings\cp1252.py", line 19, in encode
    return codecs.charmap_encode(input,self.errors,encoding_table)[0]
           ^^^^^^^^^^^^^^^^^^^^^^^^^^^^^^^^^^^^^^^^^^^^^^^^^^^^^^^
2026-03-04 15:16:50,269 | 21060 | ERROR | UnicodeEncodeError: 'charmap' codec can't encode character '\u2248' in position 192: character maps to <undefined>
2026-03-04 15:16:50,269 | 21060 | ERROR | During handling of the above exception, another exception occurred:
2026-03-04 15:16:50,270 | 21060 | ERROR | Traceback (most recent call last):
2026-03-04 15:16:50,271 | 21060 | ERROR | File "C:\Users\maxwell\AppData\Local\Python\pythoncore-3.11-64\Lib\logging\__init__.py", line 1113, in emit
    stream.write(msg + self.terminator)
2026-03-04 15:16:50,272 | 21060 | ERROR | File "C:\Users\maxwell\AppData\Local\Python\pythoncore-3.11-64\Lib\encodings\cp1252.py", line 19, in encode
    return codecs.charmap_encode(input,self.errors,encoding_table)[0]
           ^^^^^^^^^^^^^^^^^^^^^^^^^^^^^^^^^^^^^^^^^^^^^^^^^^^^^^^
2026-03-04 15:16:50,272 | 21060 | ERROR | UnicodeEncodeError: 'charmap' codec can't encode character '\u2248' in position 192: character maps to <undefined>
2026-03-04 15:16:50,273 | 21060 | ERROR | During handling of the above exception, another exception occurred:
2026-03-04 15:16:50,273 | 21060 | ERROR | Traceback (most recent call last):
2026-03-04 15:16:50,274 | 21060 | ERROR | File "C:\Users\maxwell\AppData\Local\Python\pythoncore-3.11-64\Lib\logging\__init__.py", line 1113, in emit
    stream.write(msg + self.terminator)
2026-03-04 15:16:50,275 | 21060 | ERROR | File "C:\Users\maxwell\AppData\Local\Python\pythoncore-3.11-64\Lib\encodings\cp1252.py", line 19, in encode
    return codecs.charmap_encode(input,self.errors,encoding_table)[0]
           ^^^^^^^^^^^^^^^^^^^^^^^^^^^^^^^^^^^^^^^^^^^^^^^^^^^^^^^
2026-03-04 15:16:50,275 | 21060 | ERROR | UnicodeEncodeError: 'charmap' codec can't encode character '\u2248' in position 192: character maps to <undefined>
2026-03-04 15:16:50,276 | 21060 | ERROR | During handling of the above exception, another exception occurred:
2026-03-04 15:16:50,276 | 21060 | ERROR | Traceback (most recent call last):
2026-03-04 15:16:50,277 | 21060 | ERROR | File "C:\Users\maxwell\AppData\Local\Python\pythoncore-3.11-64\Lib\logging\__init__.py", line 1113, in emit
    stream.write(msg + self.terminator)
2026-03-04 15:16:50,278 | 21060 | ERROR | File "C:\Users\maxwell\AppData\Local\Python\pythoncore-3.11-64\Lib\encodings\cp1252.py", line 19, in encode
    return codecs.charmap_encode(input,self.errors,encoding_table)[0]
           ^^^^^^^^^^^^^^^^^^^^^^^^^^^^^^^^^^^^^^^^^^^^^^^^^^^^^^^
2026-03-04 15:16:50,278 | 21060 | ERROR | UnicodeEncodeError: 'charmap' codec can't encode character '\u2248' in position 192: character maps to <undefined>
2026-03-04 15:16:50,279 | 21060 | ERROR | During handling of the above exception, another exception occurred:
2026-03-04 15:16:50,279 | 21060 | ERROR | Traceback (most recent call last):
2026-03-04 15:16:50,279 | 21060 | ERROR | File "C:\Users\maxwell\AppData\Local\Python\pythoncore-3.11-64\Lib\logging\__init__.py", line 1113, in emit
    stream.write(msg + self.terminator)
2026-03-04 15:16:50,279 | 21060 | ERROR | File "C:\Users\maxwell\AppData\Local\Python\pythoncore-3.11-64\Lib\encodings\cp1252.py", line 19, in encode
    return codecs.charmap_encode(input,self.errors,encoding_table)[0]
           ^^^^^^^^^^^^^^^^^^^^^^^^^^^^^^^^^^^^^^^^^^^^^^^^^^^^^^^
2026-03-04 15:16:50,279 | 21060 | ERROR | UnicodeEncodeError: 'charmap' codec can't encode character '\u2248' in position 192: character maps to <undefined>
2026-03-04 15:16:50,279 | 21060 | ERROR | During handling of the above exception, another exception occurred:
2026-03-04 15:16:50,279 | 21060 | ERROR | Traceback (most recent call last):
2026-03-04 15:16:50,279 | 21060 | ERROR | File "C:\Users\maxwell\AppData\Local\Python\pythoncore-3.11-64\Lib\logging\__init__.py", line 1113, in emit
    stream.write(msg + self.terminator)
2026-03-04 15:16:50,284 | 21060 | ERROR | File "C:\Users\maxwell\AppData\Local\Python\pythoncore-3.11-64\Lib\encodings\cp1252.py", line 19, in encode
    return codecs.charmap_encode(input,self.errors,encoding_table)[0]
           ^^^^^^^^^^^^^^^^^^^^^^^^^^^^^^^^^^^^^^^^^^^^^^^^^^^^^^^
2026-03-04 15:16:50,285 | 21060 | ERROR | UnicodeEncodeError: 'charmap' codec can't encode character '\u2248' in position 192: character maps to <undefined>
2026-03-04 15:16:50,285 | 21060 | ERROR | During handling of the above exception, another exception occurred:
2026-03-04 15:16:50,287 | 21060 | ERROR | Traceback (most recent call last):
2026-03-04 15:16:50,287 | 21060 | ERROR | File "C:\Users\maxwell\AppData\Local\Python\pythoncore-3.11-64\Lib\logging\__init__.py", line 1113, in emit
    stream.write(msg + self.terminator)
2026-03-04 15:16:50,288 | 21060 | ERROR | File "C:\Users\maxwell\AppData\Local\Python\pythoncore-3.11-64\Lib\encodings\cp1252.py", line 19, in encode
    return codecs.charmap_encode(input,self.errors,encoding_table)[0]
           ^^^^^^^^^^^^^^^^^^^^^^^^^^^^^^^^^^^^^^^^^^^^^^^^^^^^^^^
2026-03-04 15:16:50,288 | 21060 | ERROR | UnicodeEncodeError: 'charmap' codec can't encode character '\u2248' in position 192: character maps to <undefined>
2026-03-04 15:16:50,289 | 21060 | ERROR | During handling of the above exception, another exception occurred:
2026-03-04 15:16:50,289 | 21060 | ERROR | Traceback (most recent call last):
2026-03-04 15:16:50,289 | 21060 | ERROR | File "C:\Users\maxwell\AppData\Local\Python\pythoncore-3.11-64\Lib\logging\__init__.py", line 1113, in emit
    stream.write(msg + self.terminator)
2026-03-04 15:16:50,289 | 21060 | ERROR | File "C:\Users\maxwell\AppData\Local\Python\pythoncore-3.11-64\Lib\encodings\cp1252.py", line 19, in encode
    return codecs.charmap_encode(input,self.errors,encoding_table)[0]
           ^^^^^^^^^^^^^^^^^^^^^^^^^^^^^^^^^^^^^^^^^^^^^^^^^^^^^^^
2026-03-04 15:16:50,289 | 21060 | ERROR | UnicodeEncodeError: 'charmap' codec can't encode character '\u2248' in position 192: character maps to <undefined>
2026-03-04 15:16:50,289 | 21060 | ERROR | During handling of the above exception, another exception occurred:
2026-03-04 15:16:50,293 | 21060 | ERROR | Traceback (most recent call last):
2026-03-04 15:16:50,293 | 21060 | ERROR | File "C:\Users\maxwell\AppData\Local\Python\pythoncore-3.11-64\Lib\logging\__init__.py", line 1113, in emit
    stream.write(msg + self.terminator)
2026-03-04 15:16:50,294 | 21060 | ERROR | File "C:\Users\maxwell\AppData\Local\Python\pythoncore-3.11-64\Lib\encodings\cp1252.py", line 19, in encode
    return codecs.charmap_encode(input,self.errors,encoding_table)[0]
           ^^^^^^^^^^^^^^^^^^^^^^^^^^^^^^^^^^^^^^^^^^^^^^^^^^^^^^^
2026-03-04 15:16:50,295 | 21060 | ERROR | UnicodeEncodeError: 'charmap' codec can't encode character '\u2248' in position 192: character maps to <undefined>
2026-03-04 15:16:50,296 | 21060 | ERROR | During handling of the above exception, another exception occurred:
2026-03-04 15:16:50,296 | 21060 | ERROR | Traceback (most recent call last):
2026-03-04 15:16:50,297 | 21060 | ERROR | File "C:\Users\maxwell\AppData\Local\Python\pythoncore-3.11-64\Lib\logging\__init__.py", line 1113, in emit
    stream.write(msg + self.terminator)
2026-03-04 15:16:50,297 | 21060 | ERROR | File "C:\Users\maxwell\AppData\Local\Python\pythoncore-3.11-64\Lib\encodings\cp1252.py", line 19, in encode
    return codecs.charmap_encode(input,self.errors,encoding_table)[0]
           ^^^^^^^^^^^^^^^^^^^^^^^^^^^^^^^^^^^^^^^^^^^^^^^^^^^^^^^
2026-03-04 15:16:50,298 | 21060 | ERROR | UnicodeEncodeError: 'charmap' codec can't encode character '\u2248' in position 192: character maps to <undefined>
2026-03-04 15:16:50,298 | 21060 | ERROR | During handling of the above exception, another exception occurred:
2026-03-04 15:16:50,300 | 21060 | ERROR | Traceback (most recent call last):
2026-03-04 15:16:50,300 | 21060 | ERROR | File "C:\Users\maxwell\AppData\Local\Python\pythoncore-3.11-64\Lib\logging\__init__.py", line 1113, in emit
    stream.write(msg + self.terminator)
2026-03-04 15:16:50,301 | 21060 | ERROR | File "C:\Users\maxwell\AppData\Local\Python\pythoncore-3.11-64\Lib\encodings\cp1252.py", line 19, in encode
    return codecs.charmap_encode(input,self.errors,encoding_table)[0]
           ^^^^^^^^^^^^^^^^^^^^^^^^^^^^^^^^^^^^^^^^^^^^^^^^^^^^^^^
2026-03-04 15:16:50,301 | 21060 | ERROR | UnicodeEncodeError: 'charmap' codec can't encode character '\u2248' in position 192: character maps to <undefined>
2026-03-04 15:16:50,301 | 21060 | ERROR | Call stack:
2026-03-04 15:16:50,301 | 21060 | ERROR | File "C:\Users\maxwell\UCB-USACE-RR-PROJECT\run_hyperparam_search.py", line 853, in <module>
    setup_logging()
2026-03-04 15:16:50,301 | 21060 | ERROR | --- Logging error ---
2026-03-04 15:16:50,313 | 21060 | ERROR | Traceback (most recent call last):
2026-03-04 15:16:50,313 | 21060 | ERROR | File "C:\Users\maxwell\AppData\Local\Python\pythoncore-3.11-64\Lib\logging\__init__.py", line 1113, in emit
    stream.write(msg + self.terminator)
2026-03-04 15:16:50,322 | 21060 | ERROR | File "C:\Users\maxwell\AppData\Local\Python\pythoncore-3.11-64\Lib\encodings\cp1252.py", line 19, in encode
    return codecs.charmap_encode(input,self.errors,encoding_table)[0]
           ^^^^^^^^^^^^^^^^^^^^^^^^^^^^^^^^^^^^^^^^^^^^^^^^^^^^^^^
2026-03-04 15:16:50,322 | 21060 | ERROR | UnicodeEncodeError: 'charmap' codec can't encode character '\u2248' in position 107: character maps to <undefined>
2026-03-04 15:16:50,323 | 21060 | ERROR | During handling of the above exception, another exception occurred:
2026-03-04 15:16:50,323 | 21060 | ERROR | Traceback (most recent call last):
2026-03-04 15:16:50,324 | 21060 | ERROR | File "C:\Users\maxwell\AppData\Local\Python\pythoncore-3.11-64\Lib\logging\__init__.py", line 1113, in emit
    stream.write(msg + self.terminator)
2026-03-04 15:16:50,325 | 21060 | ERROR | File "C:\Users\maxwell\AppData\Local\Python\pythoncore-3.11-64\Lib\encodings\cp1252.py", line 19, in encode
    return codecs.charmap_encode(input,self.errors,encoding_table)[0]
           ^^^^^^^^^^^^^^^^^^^^^^^^^^^^^^^^^^^^^^^^^^^^^^^^^^^^^^^
2026-03-04 15:16:50,325 | 21060 | ERROR | UnicodeEncodeError: 'charmap' codec can't encode character '\u2248' in position 192: character maps to <undefined>
2026-03-04 15:16:50,326 | 21060 | ERROR | During handling of the above exception, another exception occurred:
2026-03-04 15:16:50,326 | 21060 | ERROR | Traceback (most recent call last):
2026-03-04 15:16:50,326 | 21060 | ERROR | File "C:\Users\maxwell\AppData\Local\Python\pythoncore-3.11-64\Lib\logging\__init__.py", line 1113, in emit
    stream.write(msg + self.terminator)
2026-03-04 15:16:50,326 | 21060 | ERROR | File "C:\Users\maxwell\AppData\Local\Python\pythoncore-3.11-64\Lib\encodings\cp1252.py", line 19, in encode
    return codecs.charmap_encode(input,self.errors,encoding_table)[0]
           ^^^^^^^^^^^^^^^^^^^^^^^^^^^^^^^^^^^^^^^^^^^^^^^^^^^^^^^
2026-03-04 15:16:50,326 | 21060 | ERROR | UnicodeEncodeError: 'charmap' codec can't encode character '\u2248' in position 192: character maps to <undefined>
2026-03-04 15:16:50,326 | 21060 | ERROR | During handling of the above exception, another exception occurred:
2026-03-04 15:16:50,326 | 21060 | ERROR | Traceback (most recent call last):
2026-03-04 15:16:50,326 | 21060 | ERROR | File "C:\Users\maxwell\AppData\Local\Python\pythoncore-3.11-64\Lib\logging\__init__.py", line 1113, in emit
    stream.write(msg + self.terminator)
2026-03-04 15:16:50,332 | 21060 | ERROR | File "C:\Users\maxwell\AppData\Local\Python\pythoncore-3.11-64\Lib\encodings\cp1252.py", line 19, in encode
    return codecs.charmap_encode(input,self.errors,encoding_table)[0]
           ^^^^^^^^^^^^^^^^^^^^^^^^^^^^^^^^^^^^^^^^^^^^^^^^^^^^^^^
2026-03-04 15:16:50,332 | 21060 | ERROR | UnicodeEncodeError: 'charmap' codec can't encode character '\u2248' in position 192: character maps to <undefined>
2026-03-04 15:16:50,333 | 21060 | ERROR | During handling of the above exception, another exception occurred:
2026-03-04 15:16:50,334 | 21060 | ERROR | Traceback (most recent call last):
2026-03-04 15:16:50,334 | 21060 | ERROR | File "C:\Users\maxwell\AppData\Local\Python\pythoncore-3.11-64\Lib\logging\__init__.py", line 1113, in emit
    stream.write(msg + self.terminator)
2026-03-04 15:16:50,335 | 21060 | ERROR | File "C:\Users\maxwell\AppData\Local\Python\pythoncore-3.11-64\Lib\encodings\cp1252.py", line 19, in encode
    return codecs.charmap_encode(input,self.errors,encoding_table)[0]
           ^^^^^^^^^^^^^^^^^^^^^^^^^^^^^^^^^^^^^^^^^^^^^^^^^^^^^^^
2026-03-04 15:16:50,336 | 21060 | ERROR | UnicodeEncodeError: 'charmap' codec can't encode character '\u2248' in position 192: character maps to <undefined>
2026-03-04 15:16:50,336 | 21060 | ERROR | During handling of the above exception, another exception occurred:
2026-03-04 15:16:50,337 | 21060 | ERROR | Traceback (most recent call last):
2026-03-04 15:16:50,339 | 21060 | ERROR | File "C:\Users\maxwell\AppData\Local\Python\pythoncore-3.11-64\Lib\logging\__init__.py", line 1113, in emit
    stream.write(msg + self.terminator)
2026-03-04 15:16:50,339 | 21060 | ERROR | File "C:\Users\maxwell\AppData\Local\Python\pythoncore-3.11-64\Lib\encodings\cp1252.py", line 19, in encode
    return codecs.charmap_encode(input,self.errors,encoding_table)[0]
           ^^^^^^^^^^^^^^^^^^^^^^^^^^^^^^^^^^^^^^^^^^^^^^^^^^^^^^^
2026-03-04 15:16:50,340 | 21060 | ERROR | UnicodeEncodeError: 'charmap' codec can't encode character '\u2248' in position 192: character maps to <undefined>
2026-03-04 15:16:50,340 | 21060 | ERROR | During handling of the above exception, another exception occurred:
2026-03-04 15:16:50,341 | 21060 | ERROR | Traceback (most recent call last):
2026-03-04 15:16:50,341 | 21060 | ERROR | File "C:\Users\maxwell\AppData\Local\Python\pythoncore-3.11-64\Lib\logging\__init__.py", line 1113, in emit
    stream.write(msg + self.terminator)
2026-03-04 15:16:50,342 | 21060 | ERROR | File "C:\Users\maxwell\AppData\Local\Python\pythoncore-3.11-64\Lib\encodings\cp1252.py", line 19, in encode
    return codecs.charmap_encode(input,self.errors,encoding_table)[0]
           ^^^^^^^^^^^^^^^^^^^^^^^^^^^^^^^^^^^^^^^^^^^^^^^^^^^^^^^
2026-03-04 15:16:50,343 | 21060 | ERROR | UnicodeEncodeError: 'charmap' codec can't encode character '\u2248' in position 192: character maps to <undefined>
2026-03-04 15:16:50,343 | 21060 | ERROR | During handling of the above exception, another exception occurred:
2026-03-04 15:16:50,343 | 21060 | ERROR | Traceback (most recent call last):
2026-03-04 15:16:50,343 | 21060 | ERROR | File "C:\Users\maxwell\AppData\Local\Python\pythoncore-3.11-64\Lib\logging\__init__.py", line 1113, in emit
    stream.write(msg + self.terminator)
2026-03-04 15:16:50,343 | 21060 | ERROR | File "C:\Users\maxwell\AppData\Local\Python\pythoncore-3.11-64\Lib\encodings\cp1252.py", line 19, in encode
    return codecs.charmap_encode(input,self.errors,encoding_table)[0]
           ^^^^^^^^^^^^^^^^^^^^^^^^^^^^^^^^^^^^^^^^^^^^^^^^^^^^^^^
2026-03-04 15:16:50,343 | 21060 | ERROR | UnicodeEncodeError: 'charmap' codec can't encode character '\u2248' in position 192: character maps to <undefined>
2026-03-04 15:16:50,343 | 21060 | ERROR | During handling of the above exception, another exception occurred:
2026-03-04 15:16:50,343 | 21060 | ERROR | Traceback (most recent call last):
2026-03-04 15:16:50,343 | 21060 | ERROR | File "C:\Users\maxwell\AppData\Local\Python\pythoncore-3.11-64\Lib\logging\__init__.py", line 1113, in emit
    stream.write(msg + self.terminator)
2026-03-04 15:16:50,349 | 21060 | ERROR | File "C:\Users\maxwell\AppData\Local\Python\pythoncore-3.11-64\Lib\encodings\cp1252.py", line 19, in encode
    return codecs.charmap_encode(input,self.errors,encoding_table)[0]
           ^^^^^^^^^^^^^^^^^^^^^^^^^^^^^^^^^^^^^^^^^^^^^^^^^^^^^^^
2026-03-04 15:16:50,349 | 21060 | ERROR | UnicodeEncodeError: 'charmap' codec can't encode character '\u2248' in position 192: character maps to <undefined>
2026-03-04 15:16:50,350 | 21060 | ERROR | During handling of the above exception, another exception occurred:
2026-03-04 15:16:50,350 | 21060 | ERROR | Traceback (most recent call last):
2026-03-04 15:16:50,351 | 21060 | ERROR | File "C:\Users\maxwell\AppData\Local\Python\pythoncore-3.11-64\Lib\logging\__init__.py", line 1113, in emit
    stream.write(msg + self.terminator)
2026-03-04 15:16:50,352 | 21060 | ERROR | File "C:\Users\maxwell\AppData\Local\Python\pythoncore-3.11-64\Lib\encodings\cp1252.py", line 19, in encode
    return codecs.charmap_encode(input,self.errors,encoding_table)[0]
           ^^^^^^^^^^^^^^^^^^^^^^^^^^^^^^^^^^^^^^^^^^^^^^^^^^^^^^^
2026-03-04 15:16:50,352 | 21060 | ERROR | UnicodeEncodeError: 'charmap' codec can't encode character '\u2248' in position 192: character maps to <undefined>
2026-03-04 15:16:50,353 | 21060 | ERROR | During handling of the above exception, another exception occurred:
2026-03-04 15:16:50,354 | 21060 | ERROR | Traceback (most recent call last):
2026-03-04 15:16:50,354 | 21060 | ERROR | File "C:\Users\maxwell\AppData\Local\Python\pythoncore-3.11-64\Lib\logging\__init__.py", line 1113, in emit
    stream.write(msg + self.terminator)
2026-03-04 15:16:50,354 | 21060 | ERROR | File "C:\Users\maxwell\AppData\Local\Python\pythoncore-3.11-64\Lib\encodings\cp1252.py", line 19, in encode
    return codecs.charmap_encode(input,self.errors,encoding_table)[0]
           ^^^^^^^^^^^^^^^^^^^^^^^^^^^^^^^^^^^^^^^^^^^^^^^^^^^^^^^
2026-03-04 15:16:50,356 | 21060 | ERROR | UnicodeEncodeError: 'charmap' codec can't encode character '\u2248' in position 192: character maps to <undefined>
2026-03-04 15:16:50,357 | 21060 | ERROR | During handling of the above exception, another exception occurred:
2026-03-04 15:16:50,357 | 21060 | ERROR | Traceback (most recent call last):
2026-03-04 15:16:50,358 | 21060 | ERROR | File "C:\Users\maxwell\AppData\Local\Python\pythoncore-3.11-64\Lib\logging\__init__.py", line 1113, in emit
    stream.write(msg + self.terminator)
2026-03-04 15:16:50,358 | 21060 | ERROR | File "C:\Users\maxwell\AppData\Local\Python\pythoncore-3.11-64\Lib\encodings\cp1252.py", line 19, in encode
    return codecs.charmap_encode(input,self.errors,encoding_table)[0]
           ^^^^^^^^^^^^^^^^^^^^^^^^^^^^^^^^^^^^^^^^^^^^^^^^^^^^^^^
2026-03-04 15:16:50,359 | 21060 | ERROR | UnicodeEncodeError: 'charmap' codec can't encode character '\u2248' in position 192: character maps to <undefined>
2026-03-04 15:16:50,359 | 21060 | ERROR | During handling of the above exception, another exception occurred:
2026-03-04 15:16:50,359 | 21060 | ERROR | Traceback (most recent call last):
2026-03-04 15:16:50,359 | 21060 | ERROR | File "C:\Users\maxwell\AppData\Local\Python\pythoncore-3.11-64\Lib\logging\__init__.py", line 1113, in emit
    stream.write(msg + self.terminator)
2026-03-04 15:16:50,359 | 21060 | ERROR | File "C:\Users\maxwell\AppData\Local\Python\pythoncore-3.11-64\Lib\encodings\cp1252.py", line 19, in encode
    return codecs.charmap_encode(input,self.errors,encoding_table)[0]
           ^^^^^^^^^^^^^^^^^^^^^^^^^^^^^^^^^^^^^^^^^^^^^^^^^^^^^^^
2026-03-04 15:16:50,359 | 21060 | ERROR | UnicodeEncodeError: 'charmap' codec can't encode character '\u2248' in position 192: character maps to <undefined>
2026-03-04 15:16:50,359 | 21060 | ERROR | During handling of the above exception, another exception occurred:
2026-03-04 15:16:50,359 | 21060 | ERROR | Traceback (most recent call last):
2026-03-04 15:16:50,359 | 21060 | ERROR | File "C:\Users\maxwell\AppData\Local\Python\pythoncore-3.11-64\Lib\logging\__init__.py", line 1113, in emit
    stream.write(msg + self.terminator)
2026-03-04 15:16:50,359 | 21060 | ERROR | File "C:\Users\maxwell\AppData\Local\Python\pythoncore-3.11-64\Lib\encodings\cp1252.py", line 19, in encode
    return codecs.charmap_encode(input,self.errors,encoding_table)[0]
           ^^^^^^^^^^^^^^^^^^^^^^^^^^^^^^^^^^^^^^^^^^^^^^^^^^^^^^^
2026-03-04 15:16:50,366 | 21060 | ERROR | UnicodeEncodeError: 'charmap' codec can't encode character '\u2248' in position 192: character maps to <undefined>
2026-03-04 15:16:50,366 | 21060 | ERROR | During handling of the above exception, another exception occurred:
2026-03-04 15:16:50,367 | 21060 | ERROR | Traceback (most recent call last):
2026-03-04 15:16:50,368 | 21060 | ERROR | File "C:\Users\maxwell\AppData\Local\Python\pythoncore-3.11-64\Lib\logging\__init__.py", line 1113, in emit
    stream.write(msg + self.terminator)
2026-03-04 15:16:50,368 | 21060 | ERROR | File "C:\Users\maxwell\AppData\Local\Python\pythoncore-3.11-64\Lib\encodings\cp1252.py", line 19, in encode
    return codecs.charmap_encode(input,self.errors,encoding_table)[0]
           ^^^^^^^^^^^^^^^^^^^^^^^^^^^^^^^^^^^^^^^^^^^^^^^^^^^^^^^
2026-03-04 15:16:50,370 | 21060 | ERROR | UnicodeEncodeError: 'charmap' codec can't encode character '\u2248' in position 192: character maps to <undefined>
2026-03-04 15:16:50,370 | 21060 | ERROR | During handling of the above exception, another exception occurred:
2026-03-04 15:16:50,371 | 21060 | ERROR | Traceback (most recent call last):
2026-03-04 15:16:50,371 | 21060 | ERROR | File "C:\Users\maxwell\AppData\Local\Python\pythoncore-3.11-64\Lib\logging\__init__.py", line 1113, in emit
    stream.write(msg + self.terminator)
2026-03-04 15:16:50,371 | 21060 | ERROR | File "C:\Users\maxwell\AppData\Local\Python\pythoncore-3.11-64\Lib\encodings\cp1252.py", line 19, in encode
    return codecs.charmap_encode(input,self.errors,encoding_table)[0]
           ^^^^^^^^^^^^^^^^^^^^^^^^^^^^^^^^^^^^^^^^^^^^^^^^^^^^^^^
2026-03-04 15:16:50,373 | 21060 | ERROR | UnicodeEncodeError: 'charmap' codec can't encode character '\u2248' in position 192: character maps to <undefined>
2026-03-04 15:16:50,373 | 21060 | ERROR | During handling of the above exception, another exception occurred:
2026-03-04 15:16:50,374 | 21060 | ERROR | Traceback (most recent call last):
2026-03-04 15:16:50,375 | 21060 | ERROR | File "C:\Users\maxwell\AppData\Local\Python\pythoncore-3.11-64\Lib\logging\__init__.py", line 1113, in emit
    stream.write(msg + self.terminator)
2026-03-04 15:16:50,375 | 21060 | ERROR | File "C:\Users\maxwell\AppData\Local\Python\pythoncore-3.11-64\Lib\encodings\cp1252.py", line 19, in encode
    return codecs.charmap_encode(input,self.errors,encoding_table)[0]
           ^^^^^^^^^^^^^^^^^^^^^^^^^^^^^^^^^^^^^^^^^^^^^^^^^^^^^^^
2026-03-04 15:16:50,376 | 21060 | ERROR | UnicodeEncodeError: 'charmap' codec can't encode character '\u2248' in position 192: character maps to <undefined>
2026-03-04 15:16:50,376 | 21060 | ERROR | During handling of the above exception, another exception occurred:
2026-03-04 15:16:50,376 | 21060 | ERROR | Traceback (most recent call last):
2026-03-04 15:16:50,376 | 21060 | ERROR | File "C:\Users\maxwell\AppData\Local\Python\pythoncore-3.11-64\Lib\logging\__init__.py", line 1113, in emit
    stream.write(msg + self.terminator)
2026-03-04 15:16:50,376 | 21060 | ERROR | File "C:\Users\maxwell\AppData\Local\Python\pythoncore-3.11-64\Lib\encodings\cp1252.py", line 19, in encode
    return codecs.charmap_encode(input,self.errors,encoding_table)[0]
           ^^^^^^^^^^^^^^^^^^^^^^^^^^^^^^^^^^^^^^^^^^^^^^^^^^^^^^^
2026-03-04 15:16:50,376 | 21060 | ERROR | UnicodeEncodeError: 'charmap' codec can't encode character '\u2248' in position 192: character maps to <undefined>
2026-03-04 15:16:50,376 | 21060 | ERROR | During handling of the above exception, another exception occurred:
2026-03-04 15:16:50,376 | 21060 | ERROR | Traceback (most recent call last):
2026-03-04 15:16:50,376 | 21060 | ERROR | File "C:\Users\maxwell\AppData\Local\Python\pythoncore-3.11-64\Lib\logging\__init__.py", line 1113, in emit
    stream.write(msg + self.terminator)
2026-03-04 15:16:50,381 | 21060 | ERROR | File "C:\Users\maxwell\AppData\Local\Python\pythoncore-3.11-64\Lib\encodings\cp1252.py", line 19, in encode
    return codecs.charmap_encode(input,self.errors,encoding_table)[0]
           ^^^^^^^^^^^^^^^^^^^^^^^^^^^^^^^^^^^^^^^^^^^^^^^^^^^^^^^
2026-03-04 15:16:50,382 | 21060 | ERROR | UnicodeEncodeError: 'charmap' codec can't encode character '\u2248' in position 192: character maps to <undefined>
2026-03-04 15:16:50,382 | 21060 | ERROR | During handling of the above exception, another exception occurred:
2026-03-04 15:16:50,383 | 21060 | ERROR | Traceback (most recent call last):
2026-03-04 15:16:50,383 | 21060 | ERROR | File "C:\Users\maxwell\AppData\Local\Python\pythoncore-3.11-64\Lib\logging\__init__.py", line 1113, in emit
    stream.write(msg + self.terminator)
2026-03-04 15:16:50,385 | 21060 | ERROR | File "C:\Users\maxwell\AppData\Local\Python\pythoncore-3.11-64\Lib\encodings\cp1252.py", line 19, in encode
    return codecs.charmap_encode(input,self.errors,encoding_table)[0]
           ^^^^^^^^^^^^^^^^^^^^^^^^^^^^^^^^^^^^^^^^^^^^^^^^^^^^^^^
2026-03-04 15:16:50,385 | 21060 | ERROR | UnicodeEncodeError: 'charmap' codec can't encode character '\u2248' in position 192: character maps to <undefined>
2026-03-04 15:16:50,386 | 21060 | ERROR | During handling of the above exception, another exception occurred:
2026-03-04 15:16:50,386 | 21060 | ERROR | Traceback (most recent call last):
2026-03-04 15:16:50,387 | 21060 | ERROR | File "C:\Users\maxwell\AppData\Local\Python\pythoncore-3.11-64\Lib\logging\__init__.py", line 1113, in emit
    stream.write(msg + self.terminator)
2026-03-04 15:16:50,388 | 21060 | ERROR | File "C:\Users\maxwell\AppData\Local\Python\pythoncore-3.11-64\Lib\encodings\cp1252.py", line 19, in encode
    return codecs.charmap_encode(input,self.errors,encoding_table)[0]
           ^^^^^^^^^^^^^^^^^^^^^^^^^^^^^^^^^^^^^^^^^^^^^^^^^^^^^^^
2026-03-04 15:16:50,389 | 21060 | ERROR | UnicodeEncodeError: 'charmap' codec can't encode character '\u2248' in position 192: character maps to <undefined>
2026-03-04 15:16:50,389 | 21060 | ERROR | Call stack:
2026-03-04 15:16:50,394 | 21060 | ERROR | File "C:\Users\maxwell\UCB-USACE-RR-PROJECT\run_hyperparam_search.py", line 853, in <module>
    setup_logging()
2026-03-04 15:16:50,395 | 21060 | ERROR | --- Logging error ---
2026-03-04 15:16:50,402 | 21060 | ERROR | Traceback (most recent call last):
2026-03-04 15:16:50,402 | 21060 | ERROR | File "C:\Users\maxwell\AppData\Local\Python\pythoncore-3.11-64\Lib\logging\__init__.py", line 1113, in emit
    stream.write(msg + self.terminator)
2026-03-04 15:16:50,405 | 21060 | ERROR | File "C:\Users\maxwell\AppData\Local\Python\pythoncore-3.11-64\Lib\encodings\cp1252.py", line 19, in encode
    return codecs.charmap_encode(input,self.errors,encoding_table)[0]
           ^^^^^^^^^^^^^^^^^^^^^^^^^^^^^^^^^^^^^^^^^^^^^^^^^^^^^^^
2026-03-04 15:16:50,405 | 21060 | ERROR | UnicodeEncodeError: 'charmap' codec can't encode character '\u2248' in position 107: character maps to <undefined>
2026-03-04 15:16:50,406 | 21060 | ERROR | During handling of the above exception, another exception occurred:
2026-03-04 15:16:50,406 | 21060 | ERROR | Traceback (most recent call last):
2026-03-04 15:16:50,407 | 21060 | ERROR | File "C:\Users\maxwell\AppData\Local\Python\pythoncore-3.11-64\Lib\logging\__init__.py", line 1113, in emit
    stream.write(msg + self.terminator)
2026-03-04 15:16:50,407 | 21060 | ERROR | File "C:\Users\maxwell\AppData\Local\Python\pythoncore-3.11-64\Lib\encodings\cp1252.py", line 19, in encode
    return codecs.charmap_encode(input,self.errors,encoding_table)[0]
           ^^^^^^^^^^^^^^^^^^^^^^^^^^^^^^^^^^^^^^^^^^^^^^^^^^^^^^^
2026-03-04 15:16:50,408 | 21060 | ERROR | UnicodeEncodeError: 'charmap' codec can't encode character '\u2248' in position 192: character maps to <undefined>
2026-03-04 15:16:50,408 | 21060 | ERROR | During handling of the above exception, another exception occurred:
2026-03-04 15:16:50,409 | 21060 | ERROR | Traceback (most recent call last):
2026-03-04 15:16:50,410 | 21060 | ERROR | File "C:\Users\maxwell\AppData\Local\Python\pythoncore-3.11-64\Lib\logging\__init__.py", line 1113, in emit
    stream.write(msg + self.terminator)
2026-03-04 15:16:50,411 | 21060 | ERROR | File "C:\Users\maxwell\AppData\Local\Python\pythoncore-3.11-64\Lib\encodings\cp1252.py", line 19, in encode
    return codecs.charmap_encode(input,self.errors,encoding_table)[0]
           ^^^^^^^^^^^^^^^^^^^^^^^^^^^^^^^^^^^^^^^^^^^^^^^^^^^^^^^
2026-03-04 15:16:50,411 | 21060 | ERROR | UnicodeEncodeError: 'charmap' codec can't encode character '\u2248' in position 192: character maps to <undefined>
2026-03-04 15:16:50,412 | 21060 | ERROR | During handling of the above exception, another exception occurred:
2026-03-04 15:16:50,412 | 21060 | ERROR | Traceback (most recent call last):
2026-03-04 15:16:50,413 | 21060 | ERROR | File "C:\Users\maxwell\AppData\Local\Python\pythoncore-3.11-64\Lib\logging\__init__.py", line 1113, in emit
    stream.write(msg + self.terminator)
2026-03-04 15:16:50,413 | 21060 | ERROR | File "C:\Users\maxwell\AppData\Local\Python\pythoncore-3.11-64\Lib\encodings\cp1252.py", line 19, in encode
    return codecs.charmap_encode(input,self.errors,encoding_table)[0]
           ^^^^^^^^^^^^^^^^^^^^^^^^^^^^^^^^^^^^^^^^^^^^^^^^^^^^^^^
2026-03-04 15:16:50,414 | 21060 | ERROR | UnicodeEncodeError: 'charmap' codec can't encode character '\u2248' in position 192: character maps to <undefined>
2026-03-04 15:16:50,414 | 21060 | ERROR | During handling of the above exception, another exception occurred:
2026-03-04 15:16:50,416 | 21060 | ERROR | Traceback (most recent call last):
2026-03-04 15:16:50,417 | 21060 | ERROR | File "C:\Users\maxwell\AppData\Local\Python\pythoncore-3.11-64\Lib\logging\__init__.py", line 1113, in emit
    stream.write(msg + self.terminator)
2026-03-04 15:16:50,417 | 21060 | ERROR | File "C:\Users\maxwell\AppData\Local\Python\pythoncore-3.11-64\Lib\encodings\cp1252.py", line 19, in encode
    return codecs.charmap_encode(input,self.errors,encoding_table)[0]
           ^^^^^^^^^^^^^^^^^^^^^^^^^^^^^^^^^^^^^^^^^^^^^^^^^^^^^^^
2026-03-04 15:16:50,418 | 21060 | ERROR | UnicodeEncodeError: 'charmap' codec can't encode character '\u2248' in position 192: character maps to <undefined>
2026-03-04 15:16:50,419 | 21060 | ERROR | During handling of the above exception, another exception occurred:
2026-03-04 15:16:50,419 | 21060 | ERROR | Traceback (most recent call last):
2026-03-04 15:16:50,420 | 21060 | ERROR | File "C:\Users\maxwell\AppData\Local\Python\pythoncore-3.11-64\Lib\logging\__init__.py", line 1113, in emit
    stream.write(msg + self.terminator)
2026-03-04 15:16:50,420 | 21060 | ERROR | File "C:\Users\maxwell\AppData\Local\Python\pythoncore-3.11-64\Lib\encodings\cp1252.py", line 19, in encode
    return codecs.charmap_encode(input,self.errors,encoding_table)[0]
           ^^^^^^^^^^^^^^^^^^^^^^^^^^^^^^^^^^^^^^^^^^^^^^^^^^^^^^^
2026-03-04 15:16:50,421 | 21060 | ERROR | UnicodeEncodeError: 'charmap' codec can't encode character '\u2248' in position 192: character maps to <undefined>
2026-03-04 15:16:50,421 | 21060 | ERROR | During handling of the above exception, another exception occurred:
2026-03-04 15:16:50,421 | 21060 | ERROR | Traceback (most recent call last):
2026-03-04 15:16:50,421 | 21060 | ERROR | File "C:\Users\maxwell\AppData\Local\Python\pythoncore-3.11-64\Lib\logging\__init__.py", line 1113, in emit
    stream.write(msg + self.terminator)
2026-03-04 15:16:50,421 | 21060 | ERROR | File "C:\Users\maxwell\AppData\Local\Python\pythoncore-3.11-64\Lib\encodings\cp1252.py", line 19, in encode
    return codecs.charmap_encode(input,self.errors,encoding_table)[0]
           ^^^^^^^^^^^^^^^^^^^^^^^^^^^^^^^^^^^^^^^^^^^^^^^^^^^^^^^
2026-03-04 15:16:50,421 | 21060 | ERROR | UnicodeEncodeError: 'charmap' codec can't encode character '\u2248' in position 192: character maps to <undefined>
2026-03-04 15:16:50,421 | 21060 | ERROR | During handling of the above exception, another exception occurred:
2026-03-04 15:16:50,421 | 21060 | ERROR | Traceback (most recent call last):
2026-03-04 15:16:50,427 | 21060 | ERROR | File "C:\Users\maxwell\AppData\Local\Python\pythoncore-3.11-64\Lib\logging\__init__.py", line 1113, in emit
    stream.write(msg + self.terminator)
2026-03-04 15:16:50,427 | 21060 | ERROR | File "C:\Users\maxwell\AppData\Local\Python\pythoncore-3.11-64\Lib\encodings\cp1252.py", line 19, in encode
    return codecs.charmap_encode(input,self.errors,encoding_table)[0]
           ^^^^^^^^^^^^^^^^^^^^^^^^^^^^^^^^^^^^^^^^^^^^^^^^^^^^^^^
2026-03-04 15:16:50,428 | 21060 | ERROR | UnicodeEncodeError: 'charmap' codec can't encode character '\u2248' in position 192: character maps to <undefined>
2026-03-04 15:16:50,428 | 21060 | ERROR | During handling of the above exception, another exception occurred:
2026-03-04 15:16:50,429 | 21060 | ERROR | Traceback (most recent call last):
2026-03-04 15:16:50,429 | 21060 | ERROR | File "C:\Users\maxwell\AppData\Local\Python\pythoncore-3.11-64\Lib\logging\__init__.py", line 1113, in emit
    stream.write(msg + self.terminator)
2026-03-04 15:16:50,430 | 21060 | ERROR | File "C:\Users\maxwell\AppData\Local\Python\pythoncore-3.11-64\Lib\encodings\cp1252.py", line 19, in encode
    return codecs.charmap_encode(input,self.errors,encoding_table)[0]
           ^^^^^^^^^^^^^^^^^^^^^^^^^^^^^^^^^^^^^^^^^^^^^^^^^^^^^^^
2026-03-04 15:16:50,430 | 21060 | ERROR | UnicodeEncodeError: 'charmap' codec can't encode character '\u2248' in position 192: character maps to <undefined>
2026-03-04 15:16:50,432 | 21060 | ERROR | During handling of the above exception, another exception occurred:
2026-03-04 15:16:50,432 | 21060 | ERROR | Traceback (most recent call last):
2026-03-04 15:16:50,433 | 21060 | ERROR | File "C:\Users\maxwell\AppData\Local\Python\pythoncore-3.11-64\Lib\logging\__init__.py", line 1113, in emit
    stream.write(msg + self.terminator)
2026-03-04 15:16:50,434 | 21060 | ERROR | File "C:\Users\maxwell\AppData\Local\Python\pythoncore-3.11-64\Lib\encodings\cp1252.py", line 19, in encode
    return codecs.charmap_encode(input,self.errors,encoding_table)[0]
           ^^^^^^^^^^^^^^^^^^^^^^^^^^^^^^^^^^^^^^^^^^^^^^^^^^^^^^^
2026-03-04 15:16:50,434 | 21060 | ERROR | UnicodeEncodeError: 'charmap' codec can't encode character '\u2248' in position 192: character maps to <undefined>
2026-03-04 15:16:50,435 | 21060 | ERROR | During handling of the above exception, another exception occurred:
2026-03-04 15:16:50,435 | 21060 | ERROR | Traceback (most recent call last):
2026-03-04 15:16:50,437 | 21060 | ERROR | File "C:\Users\maxwell\AppData\Local\Python\pythoncore-3.11-64\Lib\logging\__init__.py", line 1113, in emit
    stream.write(msg + self.terminator)
2026-03-04 15:16:50,437 | 21060 | ERROR | File "C:\Users\maxwell\AppData\Local\Python\pythoncore-3.11-64\Lib\encodings\cp1252.py", line 19, in encode
    return codecs.charmap_encode(input,self.errors,encoding_table)[0]
           ^^^^^^^^^^^^^^^^^^^^^^^^^^^^^^^^^^^^^^^^^^^^^^^^^^^^^^^
2026-03-04 15:16:50,438 | 21060 | ERROR | UnicodeEncodeError: 'charmap' codec can't encode character '\u2248' in position 192: character maps to <undefined>
2026-03-04 15:16:50,438 | 21060 | ERROR | During handling of the above exception, another exception occurred:
2026-03-04 15:16:50,439 | 21060 | ERROR | Traceback (most recent call last):
2026-03-04 15:16:50,440 | 21060 | ERROR | File "C:\Users\maxwell\AppData\Local\Python\pythoncore-3.11-64\Lib\logging\__init__.py", line 1113, in emit
    stream.write(msg + self.terminator)
2026-03-04 15:16:50,440 | 21060 | ERROR | File "C:\Users\maxwell\AppData\Local\Python\pythoncore-3.11-64\Lib\encodings\cp1252.py", line 19, in encode
    return codecs.charmap_encode(input,self.errors,encoding_table)[0]
           ^^^^^^^^^^^^^^^^^^^^^^^^^^^^^^^^^^^^^^^^^^^^^^^^^^^^^^^
2026-03-04 15:16:50,441 | 21060 | ERROR | UnicodeEncodeError: 'charmap' codec can't encode character '\u2248' in position 192: character maps to <undefined>
2026-03-04 15:16:50,442 | 21060 | ERROR | During handling of the above exception, another exception occurred:
2026-03-04 15:16:50,442 | 21060 | ERROR | Traceback (most recent call last):
2026-03-04 15:16:50,443 | 21060 | ERROR | File "C:\Users\maxwell\AppData\Local\Python\pythoncore-3.11-64\Lib\logging\__init__.py", line 1113, in emit
    stream.write(msg + self.terminator)
2026-03-04 15:16:50,444 | 21060 | ERROR | File "C:\Users\maxwell\AppData\Local\Python\pythoncore-3.11-64\Lib\encodings\cp1252.py", line 19, in encode
    return codecs.charmap_encode(input,self.errors,encoding_table)[0]
           ^^^^^^^^^^^^^^^^^^^^^^^^^^^^^^^^^^^^^^^^^^^^^^^^^^^^^^^
2026-03-04 15:16:50,444 | 21060 | ERROR | UnicodeEncodeError: 'charmap' codec can't encode character '\u2248' in position 192: character maps to <undefined>
2026-03-04 15:16:50,444 | 21060 | ERROR | During handling of the above exception, another exception occurred:
2026-03-04 15:16:50,446 | 21060 | ERROR | Traceback (most recent call last):
2026-03-04 15:16:50,446 | 21060 | ERROR | File "C:\Users\maxwell\AppData\Local\Python\pythoncore-3.11-64\Lib\logging\__init__.py", line 1113, in emit
    stream.write(msg + self.terminator)
2026-03-04 15:16:50,447 | 21060 | ERROR | File "C:\Users\maxwell\AppData\Local\Python\pythoncore-3.11-64\Lib\encodings\cp1252.py", line 19, in encode
    return codecs.charmap_encode(input,self.errors,encoding_table)[0]
           ^^^^^^^^^^^^^^^^^^^^^^^^^^^^^^^^^^^^^^^^^^^^^^^^^^^^^^^
2026-03-04 15:16:50,447 | 21060 | ERROR | UnicodeEncodeError: 'charmap' codec can't encode character '\u2248' in position 192: character maps to <undefined>
2026-03-04 15:16:50,448 | 21060 | ERROR | During handling of the above exception, another exception occurred:
2026-03-04 15:16:50,449 | 21060 | ERROR | Traceback (most recent call last):
2026-03-04 15:16:50,449 | 21060 | ERROR | File "C:\Users\maxwell\AppData\Local\Python\pythoncore-3.11-64\Lib\logging\__init__.py", line 1113, in emit
    stream.write(msg + self.terminator)
2026-03-04 15:16:50,450 | 21060 | ERROR | File "C:\Users\maxwell\AppData\Local\Python\pythoncore-3.11-64\Lib\encodings\cp1252.py", line 19, in encode
    return codecs.charmap_encode(input,self.errors,encoding_table)[0]
           ^^^^^^^^^^^^^^^^^^^^^^^^^^^^^^^^^^^^^^^^^^^^^^^^^^^^^^^
2026-03-04 15:16:50,451 | 21060 | ERROR | UnicodeEncodeError: 'charmap' codec can't encode character '\u2248' in position 192: character maps to <undefined>
2026-03-04 15:16:50,451 | 21060 | ERROR | During handling of the above exception, another exception occurred:
2026-03-04 15:16:50,451 | 21060 | ERROR | Traceback (most recent call last):
2026-03-04 15:16:50,451 | 21060 | ERROR | File "C:\Users\maxwell\AppData\Local\Python\pythoncore-3.11-64\Lib\logging\__init__.py", line 1113, in emit
    stream.write(msg + self.terminator)
2026-03-04 15:16:50,454 | 21060 | ERROR | File "C:\Users\maxwell\AppData\Local\Python\pythoncore-3.11-64\Lib\encodings\cp1252.py", line 19, in encode
    return codecs.charmap_encode(input,self.errors,encoding_table)[0]
           ^^^^^^^^^^^^^^^^^^^^^^^^^^^^^^^^^^^^^^^^^^^^^^^^^^^^^^^
2026-03-04 15:16:50,455 | 21060 | ERROR | UnicodeEncodeError: 'charmap' codec can't encode character '\u2248' in position 192: character maps to <undefined>
2026-03-04 15:16:50,455 | 21060 | ERROR | During handling of the above exception, another exception occurred:
2026-03-04 15:16:50,456 | 21060 | ERROR | Traceback (most recent call last):
2026-03-04 15:16:50,457 | 21060 | ERROR | File "C:\Users\maxwell\AppData\Local\Python\pythoncore-3.11-64\Lib\logging\__init__.py", line 1113, in emit
    stream.write(msg + self.terminator)
2026-03-04 15:16:50,457 | 21060 | ERROR | File "C:\Users\maxwell\AppData\Local\Python\pythoncore-3.11-64\Lib\encodings\cp1252.py", line 19, in encode
    return codecs.charmap_encode(input,self.errors,encoding_table)[0]
           ^^^^^^^^^^^^^^^^^^^^^^^^^^^^^^^^^^^^^^^^^^^^^^^^^^^^^^^
2026-03-04 15:16:50,458 | 21060 | ERROR | UnicodeEncodeError: 'charmap' codec can't encode character '\u2248' in position 192: character maps to <undefined>
2026-03-04 15:16:50,458 | 21060 | ERROR | During handling of the above exception, another exception occurred:
2026-03-04 15:16:50,459 | 21060 | ERROR | Traceback (most recent call last):
2026-03-04 15:16:50,460 | 21060 | ERROR | File "C:\Users\maxwell\AppData\Local\Python\pythoncore-3.11-64\Lib\logging\__init__.py", line 1113, in emit
    stream.write(msg + self.terminator)
2026-03-04 15:16:50,460 | 21060 | ERROR | File "C:\Users\maxwell\AppData\Local\Python\pythoncore-3.11-64\Lib\encodings\cp1252.py", line 19, in encode
    return codecs.charmap_encode(input,self.errors,encoding_table)[0]
           ^^^^^^^^^^^^^^^^^^^^^^^^^^^^^^^^^^^^^^^^^^^^^^^^^^^^^^^
2026-03-04 15:16:50,460 | 21060 | ERROR | UnicodeEncodeError: 'charmap' codec can't encode character '\u2248' in position 192: character maps to <undefined>
2026-03-04 15:16:50,462 | 21060 | ERROR | During handling of the above exception, another exception occurred:
2026-03-04 15:16:50,462 | 21060 | ERROR | Traceback (most recent call last):
2026-03-04 15:16:50,463 | 21060 | ERROR | File "C:\Users\maxwell\AppData\Local\Python\pythoncore-3.11-64\Lib\logging\__init__.py", line 1113, in emit
    stream.write(msg + self.terminator)
2026-03-04 15:16:50,463 | 21060 | ERROR | File "C:\Users\maxwell\AppData\Local\Python\pythoncore-3.11-64\Lib\encodings\cp1252.py", line 19, in encode
    return codecs.charmap_encode(input,self.errors,encoding_table)[0]
           ^^^^^^^^^^^^^^^^^^^^^^^^^^^^^^^^^^^^^^^^^^^^^^^^^^^^^^^
2026-03-04 15:16:50,464 | 21060 | ERROR | UnicodeEncodeError: 'charmap' codec can't encode character '\u2248' in position 192: character maps to <undefined>
2026-03-04 15:16:50,465 | 21060 | ERROR | During handling of the above exception, another exception occurred:
2026-03-04 15:16:50,465 | 21060 | ERROR | Traceback (most recent call last):
2026-03-04 15:16:50,465 | 21060 | ERROR | File "C:\Users\maxwell\AppData\Local\Python\pythoncore-3.11-64\Lib\logging\__init__.py", line 1113, in emit
    stream.write(msg + self.terminator)
2026-03-04 15:16:50,465 | 21060 | ERROR | File "C:\Users\maxwell\AppData\Local\Python\pythoncore-3.11-64\Lib\encodings\cp1252.py", line 19, in encode
    return codecs.charmap_encode(input,self.errors,encoding_table)[0]
           ^^^^^^^^^^^^^^^^^^^^^^^^^^^^^^^^^^^^^^^^^^^^^^^^^^^^^^^
2026-03-04 15:16:50,465 | 21060 | ERROR | UnicodeEncodeError: 'charmap' codec can't encode character '\u2248' in position 192: character maps to <undefined>
2026-03-04 15:16:50,465 | 21060 | ERROR | During handling of the above exception, another exception occurred:
2026-03-04 15:16:50,465 | 21060 | ERROR | Traceback (most recent call last):
2026-03-04 15:16:50,465 | 21060 | ERROR | File "C:\Users\maxwell\AppData\Local\Python\pythoncore-3.11-64\Lib\logging\__init__.py", line 1113, in emit
    stream.write(msg + self.terminator)
2026-03-04 15:16:50,465 | 21060 | ERROR | File "C:\Users\maxwell\AppData\Local\Python\pythoncore-3.11-64\Lib\encodings\cp1252.py", line 19, in encode
    return codecs.charmap_encode(input,self.errors,encoding_table)[0]
           ^^^^^^^^^^^^^^^^^^^^^^^^^^^^^^^^^^^^^^^^^^^^^^^^^^^^^^^
2026-03-04 15:16:50,465 | 21060 | ERROR | UnicodeEncodeError: 'charmap' codec can't encode character '\u2248' in position 192: character maps to <undefined>
2026-03-04 15:16:50,465 | 21060 | ERROR | During handling of the above exception, another exception occurred:
2026-03-04 15:16:50,472 | 21060 | ERROR | Traceback (most recent call last):
2026-03-04 15:16:50,472 | 21060 | ERROR | File "C:\Users\maxwell\AppData\Local\Python\pythoncore-3.11-64\Lib\logging\__init__.py", line 1113, in emit
    stream.write(msg + self.terminator)
2026-03-04 15:16:50,473 | 21060 | ERROR | File "C:\Users\maxwell\AppData\Local\Python\pythoncore-3.11-64\Lib\encodings\cp1252.py", line 19, in encode
    return codecs.charmap_encode(input,self.errors,encoding_table)[0]
           ^^^^^^^^^^^^^^^^^^^^^^^^^^^^^^^^^^^^^^^^^^^^^^^^^^^^^^^
2026-03-04 15:16:50,474 | 21060 | ERROR | UnicodeEncodeError: 'charmap' codec can't encode character '\u2248' in position 192: character maps to <undefined>
2026-03-04 15:16:50,474 | 21060 | ERROR | Call stack:
2026-03-04 15:16:50,477 | 21060 | ERROR | File "C:\Users\maxwell\UCB-USACE-RR-PROJECT\run_hyperparam_search.py", line 853, in <module>
    setup_logging()
2026-03-04 15:16:50,477 | 21060 | ERROR | --- Logging error ---
2026-03-04 15:16:50,487 | 21060 | ERROR | Traceback (most recent call last):
2026-03-04 15:16:50,488 | 21060 | ERROR | File "C:\Users\maxwell\AppData\Local\Python\pythoncore-3.11-64\Lib\logging\__init__.py", line 1113, in emit
    stream.write(msg + self.terminator)
2026-03-04 15:16:50,488 | 21060 | ERROR | File "C:\Users\maxwell\AppData\Local\Python\pythoncore-3.11-64\Lib\encodings\cp1252.py", line 19, in encode
    return codecs.charmap_encode(input,self.errors,encoding_table)[0]
           ^^^^^^^^^^^^^^^^^^^^^^^^^^^^^^^^^^^^^^^^^^^^^^^^^^^^^^^
2026-03-04 15:16:50,488 | 21060 | ERROR | UnicodeEncodeError: 'charmap' codec can't encode character '\u2248' in position 107: character maps to <undefined>
2026-03-04 15:16:50,488 | 21060 | ERROR | During handling of the above exception, another exception occurred:
2026-03-04 15:16:50,488 | 21060 | ERROR | Traceback (most recent call last):
2026-03-04 15:16:50,488 | 21060 | ERROR | File "C:\Users\maxwell\AppData\Local\Python\pythoncore-3.11-64\Lib\logging\__init__.py", line 1113, in emit
    stream.write(msg + self.terminator)
2026-03-04 15:16:50,488 | 21060 | ERROR | File "C:\Users\maxwell\AppData\Local\Python\pythoncore-3.11-64\Lib\encodings\cp1252.py", line 19, in encode
    return codecs.charmap_encode(input,self.errors,encoding_table)[0]
           ^^^^^^^^^^^^^^^^^^^^^^^^^^^^^^^^^^^^^^^^^^^^^^^^^^^^^^^
2026-03-04 15:16:50,488 | 21060 | ERROR | UnicodeEncodeError: 'charmap' codec can't encode character '\u2248' in position 192: character maps to <undefined>
2026-03-04 15:16:50,488 | 21060 | ERROR | During handling of the above exception, another exception occurred:
2026-03-04 15:16:50,494 | 21060 | ERROR | Traceback (most recent call last):
2026-03-04 15:16:50,495 | 21060 | ERROR | File "C:\Users\maxwell\AppData\Local\Python\pythoncore-3.11-64\Lib\logging\__init__.py", line 1113, in emit
    stream.write(msg + self.terminator)
2026-03-04 15:16:50,495 | 21060 | ERROR | File "C:\Users\maxwell\AppData\Local\Python\pythoncore-3.11-64\Lib\encodings\cp1252.py", line 19, in encode
    return codecs.charmap_encode(input,self.errors,encoding_table)[0]
           ^^^^^^^^^^^^^^^^^^^^^^^^^^^^^^^^^^^^^^^^^^^^^^^^^^^^^^^
2026-03-04 15:16:50,496 | 21060 | ERROR | UnicodeEncodeError: 'charmap' codec can't encode character '\u2248' in position 192: character maps to <undefined>
2026-03-04 15:16:50,497 | 21060 | ERROR | During handling of the above exception, another exception occurred:
2026-03-04 15:16:50,497 | 21060 | ERROR | Traceback (most recent call last):
2026-03-04 15:16:50,499 | 21060 | ERROR | File "C:\Users\maxwell\AppData\Local\Python\pythoncore-3.11-64\Lib\logging\__init__.py", line 1113, in emit
    stream.write(msg + self.terminator)
2026-03-04 15:16:50,499 | 21060 | ERROR | File "C:\Users\maxwell\AppData\Local\Python\pythoncore-3.11-64\Lib\encodings\cp1252.py", line 19, in encode
    return codecs.charmap_encode(input,self.errors,encoding_table)[0]
           ^^^^^^^^^^^^^^^^^^^^^^^^^^^^^^^^^^^^^^^^^^^^^^^^^^^^^^^
2026-03-04 15:16:50,499 | 21060 | ERROR | UnicodeEncodeError: 'charmap' codec can't encode character '\u2248' in position 192: character maps to <undefined>
2026-03-04 15:16:50,499 | 21060 | ERROR | During handling of the above exception, another exception occurred:
2026-03-04 15:16:50,499 | 21060 | ERROR | Traceback (most recent call last):
2026-03-04 15:16:50,499 | 21060 | ERROR | File "C:\Users\maxwell\AppData\Local\Python\pythoncore-3.11-64\Lib\logging\__init__.py", line 1113, in emit
    stream.write(msg + self.terminator)
2026-03-04 15:16:50,499 | 21060 | ERROR | File "C:\Users\maxwell\AppData\Local\Python\pythoncore-3.11-64\Lib\encodings\cp1252.py", line 19, in encode
    return codecs.charmap_encode(input,self.errors,encoding_table)[0]
           ^^^^^^^^^^^^^^^^^^^^^^^^^^^^^^^^^^^^^^^^^^^^^^^^^^^^^^^
2026-03-04 15:16:50,499 | 21060 | ERROR | UnicodeEncodeError: 'charmap' codec can't encode character '\u2248' in position 192: character maps to <undefined>
2026-03-04 15:16:50,499 | 21060 | ERROR | During handling of the above exception, another exception occurred:
2026-03-04 15:16:50,505 | 21060 | ERROR | Traceback (most recent call last):
2026-03-04 15:16:50,505 | 21060 | ERROR | File "C:\Users\maxwell\AppData\Local\Python\pythoncore-3.11-64\Lib\logging\__init__.py", line 1113, in emit
    stream.write(msg + self.terminator)
2026-03-04 15:16:50,506 | 21060 | ERROR | File "C:\Users\maxwell\AppData\Local\Python\pythoncore-3.11-64\Lib\encodings\cp1252.py", line 19, in encode
    return codecs.charmap_encode(input,self.errors,encoding_table)[0]
           ^^^^^^^^^^^^^^^^^^^^^^^^^^^^^^^^^^^^^^^^^^^^^^^^^^^^^^^
2026-03-04 15:16:50,506 | 21060 | ERROR | UnicodeEncodeError: 'charmap' codec can't encode character '\u2248' in position 192: character maps to <undefined>
2026-03-04 15:16:50,507 | 21060 | ERROR | During handling of the above exception, another exception occurred:
2026-03-04 15:16:50,507 | 21060 | ERROR | Traceback (most recent call last):
2026-03-04 15:16:50,508 | 21060 | ERROR | File "C:\Users\maxwell\AppData\Local\Python\pythoncore-3.11-64\Lib\logging\__init__.py", line 1113, in emit
    stream.write(msg + self.terminator)
2026-03-04 15:16:50,508 | 21060 | ERROR | File "C:\Users\maxwell\AppData\Local\Python\pythoncore-3.11-64\Lib\encodings\cp1252.py", line 19, in encode
    return codecs.charmap_encode(input,self.errors,encoding_table)[0]
           ^^^^^^^^^^^^^^^^^^^^^^^^^^^^^^^^^^^^^^^^^^^^^^^^^^^^^^^
2026-03-04 15:16:50,510 | 21060 | ERROR | UnicodeEncodeError: 'charmap' codec can't encode character '\u2248' in position 192: character maps to <undefined>
2026-03-04 15:16:50,510 | 21060 | ERROR | During handling of the above exception, another exception occurred:
2026-03-04 15:16:50,510 | 21060 | ERROR | Traceback (most recent call last):
2026-03-04 15:16:50,512 | 21060 | ERROR | File "C:\Users\maxwell\AppData\Local\Python\pythoncore-3.11-64\Lib\logging\__init__.py", line 1113, in emit
    stream.write(msg + self.terminator)
2026-03-04 15:16:50,512 | 21060 | ERROR | File "C:\Users\maxwell\AppData\Local\Python\pythoncore-3.11-64\Lib\encodings\cp1252.py", line 19, in encode
    return codecs.charmap_encode(input,self.errors,encoding_table)[0]
           ^^^^^^^^^^^^^^^^^^^^^^^^^^^^^^^^^^^^^^^^^^^^^^^^^^^^^^^
2026-03-04 15:16:50,513 | 21060 | ERROR | UnicodeEncodeError: 'charmap' codec can't encode character '\u2248' in position 192: character maps to <undefined>
2026-03-04 15:16:50,513 | 21060 | ERROR | During handling of the above exception, another exception occurred:
2026-03-04 15:16:50,514 | 21060 | ERROR | Traceback (most recent call last):
2026-03-04 15:16:50,515 | 21060 | ERROR | File "C:\Users\maxwell\AppData\Local\Python\pythoncore-3.11-64\Lib\logging\__init__.py", line 1113, in emit
    stream.write(msg + self.terminator)
2026-03-04 15:16:50,515 | 21060 | ERROR | File "C:\Users\maxwell\AppData\Local\Python\pythoncore-3.11-64\Lib\encodings\cp1252.py", line 19, in encode
    return codecs.charmap_encode(input,self.errors,encoding_table)[0]
           ^^^^^^^^^^^^^^^^^^^^^^^^^^^^^^^^^^^^^^^^^^^^^^^^^^^^^^^
2026-03-04 15:16:50,515 | 21060 | ERROR | UnicodeEncodeError: 'charmap' codec can't encode character '\u2248' in position 192: character maps to <undefined>
2026-03-04 15:16:50,515 | 21060 | ERROR | During handling of the above exception, another exception occurred:
2026-03-04 15:16:50,515 | 21060 | ERROR | Traceback (most recent call last):
2026-03-04 15:16:50,515 | 21060 | ERROR | File "C:\Users\maxwell\AppData\Local\Python\pythoncore-3.11-64\Lib\logging\__init__.py", line 1113, in emit
    stream.write(msg + self.terminator)
2026-03-04 15:16:50,515 | 21060 | ERROR | File "C:\Users\maxwell\AppData\Local\Python\pythoncore-3.11-64\Lib\encodings\cp1252.py", line 19, in encode
    return codecs.charmap_encode(input,self.errors,encoding_table)[0]
           ^^^^^^^^^^^^^^^^^^^^^^^^^^^^^^^^^^^^^^^^^^^^^^^^^^^^^^^
2026-03-04 15:16:50,515 | 21060 | ERROR | UnicodeEncodeError: 'charmap' codec can't encode character '\u2248' in position 192: character maps to <undefined>
2026-03-04 15:16:50,515 | 21060 | ERROR | During handling of the above exception, another exception occurred:
2026-03-04 15:16:50,522 | 21060 | ERROR | Traceback (most recent call last):
2026-03-04 15:16:50,522 | 21060 | ERROR | File "C:\Users\maxwell\AppData\Local\Python\pythoncore-3.11-64\Lib\logging\__init__.py", line 1113, in emit
    stream.write(msg + self.terminator)
2026-03-04 15:16:50,523 | 21060 | ERROR | File "C:\Users\maxwell\AppData\Local\Python\pythoncore-3.11-64\Lib\encodings\cp1252.py", line 19, in encode
    return codecs.charmap_encode(input,self.errors,encoding_table)[0]
           ^^^^^^^^^^^^^^^^^^^^^^^^^^^^^^^^^^^^^^^^^^^^^^^^^^^^^^^
2026-03-04 15:16:50,523 | 21060 | ERROR | UnicodeEncodeError: 'charmap' codec can't encode character '\u2248' in position 192: character maps to <undefined>
2026-03-04 15:16:50,524 | 21060 | ERROR | During handling of the above exception, another exception occurred:
2026-03-04 15:16:50,525 | 21060 | ERROR | Traceback (most recent call last):
2026-03-04 15:16:50,525 | 21060 | ERROR | File "C:\Users\maxwell\AppData\Local\Python\pythoncore-3.11-64\Lib\logging\__init__.py", line 1113, in emit
    stream.write(msg + self.terminator)
2026-03-04 15:16:50,525 | 21060 | ERROR | File "C:\Users\maxwell\AppData\Local\Python\pythoncore-3.11-64\Lib\encodings\cp1252.py", line 19, in encode
    return codecs.charmap_encode(input,self.errors,encoding_table)[0]
           ^^^^^^^^^^^^^^^^^^^^^^^^^^^^^^^^^^^^^^^^^^^^^^^^^^^^^^^
2026-03-04 15:16:50,527 | 21060 | ERROR | UnicodeEncodeError: 'charmap' codec can't encode character '\u2248' in position 192: character maps to <undefined>
2026-03-04 15:16:50,528 | 21060 | ERROR | During handling of the above exception, another exception occurred:
2026-03-04 15:16:50,528 | 21060 | ERROR | Traceback (most recent call last):
2026-03-04 15:16:50,529 | 21060 | ERROR | File "C:\Users\maxwell\AppData\Local\Python\pythoncore-3.11-64\Lib\logging\__init__.py", line 1113, in emit
    stream.write(msg + self.terminator)
2026-03-04 15:16:50,529 | 21060 | ERROR | File "C:\Users\maxwell\AppData\Local\Python\pythoncore-3.11-64\Lib\encodings\cp1252.py", line 19, in encode
    return codecs.charmap_encode(input,self.errors,encoding_table)[0]
           ^^^^^^^^^^^^^^^^^^^^^^^^^^^^^^^^^^^^^^^^^^^^^^^^^^^^^^^
2026-03-04 15:16:50,530 | 21060 | ERROR | UnicodeEncodeError: 'charmap' codec can't encode character '\u2248' in position 192: character maps to <undefined>
2026-03-04 15:16:50,530 | 21060 | ERROR | During handling of the above exception, another exception occurred:
2026-03-04 15:16:50,531 | 21060 | ERROR | Traceback (most recent call last):
2026-03-04 15:16:50,532 | 21060 | ERROR | File "C:\Users\maxwell\AppData\Local\Python\pythoncore-3.11-64\Lib\logging\__init__.py", line 1113, in emit
    stream.write(msg + self.terminator)
2026-03-04 15:16:50,532 | 21060 | ERROR | File "C:\Users\maxwell\AppData\Local\Python\pythoncore-3.11-64\Lib\encodings\cp1252.py", line 19, in encode
    return codecs.charmap_encode(input,self.errors,encoding_table)[0]
           ^^^^^^^^^^^^^^^^^^^^^^^^^^^^^^^^^^^^^^^^^^^^^^^^^^^^^^^
2026-03-04 15:16:50,532 | 21060 | ERROR | UnicodeEncodeError: 'charmap' codec can't encode character '\u2248' in position 192: character maps to <undefined>
2026-03-04 15:16:50,532 | 21060 | ERROR | During handling of the above exception, another exception occurred:
2026-03-04 15:16:50,532 | 21060 | ERROR | Traceback (most recent call last):
2026-03-04 15:16:50,532 | 21060 | ERROR | File "C:\Users\maxwell\AppData\Local\Python\pythoncore-3.11-64\Lib\logging\__init__.py", line 1113, in emit
    stream.write(msg + self.terminator)
2026-03-04 15:16:50,532 | 21060 | ERROR | File "C:\Users\maxwell\AppData\Local\Python\pythoncore-3.11-64\Lib\encodings\cp1252.py", line 19, in encode
    return codecs.charmap_encode(input,self.errors,encoding_table)[0]
           ^^^^^^^^^^^^^^^^^^^^^^^^^^^^^^^^^^^^^^^^^^^^^^^^^^^^^^^
2026-03-04 15:16:50,532 | 21060 | ERROR | UnicodeEncodeError: 'charmap' codec can't encode character '\u2248' in position 192: character maps to <undefined>
2026-03-04 15:16:50,532 | 21060 | ERROR | During handling of the above exception, another exception occurred:
2026-03-04 15:16:50,532 | 21060 | ERROR | Traceback (most recent call last):
2026-03-04 15:16:50,538 | 21060 | ERROR | File "C:\Users\maxwell\AppData\Local\Python\pythoncore-3.11-64\Lib\logging\__init__.py", line 1113, in emit
    stream.write(msg + self.terminator)
2026-03-04 15:16:50,539 | 21060 | ERROR | File "C:\Users\maxwell\AppData\Local\Python\pythoncore-3.11-64\Lib\encodings\cp1252.py", line 19, in encode
    return codecs.charmap_encode(input,self.errors,encoding_table)[0]
           ^^^^^^^^^^^^^^^^^^^^^^^^^^^^^^^^^^^^^^^^^^^^^^^^^^^^^^^
2026-03-04 15:16:50,539 | 21060 | ERROR | UnicodeEncodeError: 'charmap' codec can't encode character '\u2248' in position 192: character maps to <undefined>
2026-03-04 15:16:50,540 | 21060 | ERROR | During handling of the above exception, another exception occurred:
2026-03-04 15:16:50,540 | 21060 | ERROR | Traceback (most recent call last):
2026-03-04 15:16:50,542 | 21060 | ERROR | File "C:\Users\maxwell\AppData\Local\Python\pythoncore-3.11-64\Lib\logging\__init__.py", line 1113, in emit
    stream.write(msg + self.terminator)
2026-03-04 15:16:50,542 | 21060 | ERROR | File "C:\Users\maxwell\AppData\Local\Python\pythoncore-3.11-64\Lib\encodings\cp1252.py", line 19, in encode
    return codecs.charmap_encode(input,self.errors,encoding_table)[0]
           ^^^^^^^^^^^^^^^^^^^^^^^^^^^^^^^^^^^^^^^^^^^^^^^^^^^^^^^
2026-03-04 15:16:50,543 | 21060 | ERROR | UnicodeEncodeError: 'charmap' codec can't encode character '\u2248' in position 192: character maps to <undefined>
2026-03-04 15:16:50,544 | 21060 | ERROR | During handling of the above exception, another exception occurred:
2026-03-04 15:16:50,544 | 21060 | ERROR | Traceback (most recent call last):
2026-03-04 15:16:50,545 | 21060 | ERROR | File "C:\Users\maxwell\AppData\Local\Python\pythoncore-3.11-64\Lib\logging\__init__.py", line 1113, in emit
    stream.write(msg + self.terminator)
2026-03-04 15:16:50,545 | 21060 | ERROR | File "C:\Users\maxwell\AppData\Local\Python\pythoncore-3.11-64\Lib\encodings\cp1252.py", line 19, in encode
    return codecs.charmap_encode(input,self.errors,encoding_table)[0]
           ^^^^^^^^^^^^^^^^^^^^^^^^^^^^^^^^^^^^^^^^^^^^^^^^^^^^^^^
2026-03-04 15:16:50,546 | 21060 | ERROR | UnicodeEncodeError: 'charmap' codec can't encode character '\u2248' in position 192: character maps to <undefined>
2026-03-04 15:16:50,546 | 21060 | ERROR | During handling of the above exception, another exception occurred:
2026-03-04 15:16:50,547 | 21060 | ERROR | Traceback (most recent call last):
2026-03-04 15:16:50,548 | 21060 | ERROR | File "C:\Users\maxwell\AppData\Local\Python\pythoncore-3.11-64\Lib\logging\__init__.py", line 1113, in emit
    stream.write(msg + self.terminator)
2026-03-04 15:16:50,549 | 21060 | ERROR | File "C:\Users\maxwell\AppData\Local\Python\pythoncore-3.11-64\Lib\encodings\cp1252.py", line 19, in encode
    return codecs.charmap_encode(input,self.errors,encoding_table)[0]
           ^^^^^^^^^^^^^^^^^^^^^^^^^^^^^^^^^^^^^^^^^^^^^^^^^^^^^^^
2026-03-04 15:16:50,549 | 21060 | ERROR | UnicodeEncodeError: 'charmap' codec can't encode character '\u2248' in position 192: character maps to <undefined>
2026-03-04 15:16:50,550 | 21060 | ERROR | During handling of the above exception, another exception occurred:
2026-03-04 15:16:50,550 | 21060 | ERROR | Traceback (most recent call last):
2026-03-04 15:16:50,550 | 21060 | ERROR | File "C:\Users\maxwell\AppData\Local\Python\pythoncore-3.11-64\Lib\logging\__init__.py", line 1113, in emit
    stream.write(msg + self.terminator)
2026-03-04 15:16:50,550 | 21060 | ERROR | File "C:\Users\maxwell\AppData\Local\Python\pythoncore-3.11-64\Lib\encodings\cp1252.py", line 19, in encode
    return codecs.charmap_encode(input,self.errors,encoding_table)[0]
           ^^^^^^^^^^^^^^^^^^^^^^^^^^^^^^^^^^^^^^^^^^^^^^^^^^^^^^^
2026-03-04 15:16:50,550 | 21060 | ERROR | UnicodeEncodeError: 'charmap' codec can't encode character '\u2248' in position 192: character maps to <undefined>
2026-03-04 15:16:50,550 | 21060 | ERROR | During handling of the above exception, another exception occurred:
2026-03-04 15:16:50,550 | 21060 | ERROR | Traceback (most recent call last):
2026-03-04 15:16:50,555 | 21060 | ERROR | File "C:\Users\maxwell\AppData\Local\Python\pythoncore-3.11-64\Lib\logging\__init__.py", line 1113, in emit
    stream.write(msg + self.terminator)
2026-03-04 15:16:50,556 | 21060 | ERROR | File "C:\Users\maxwell\AppData\Local\Python\pythoncore-3.11-64\Lib\encodings\cp1252.py", line 19, in encode
    return codecs.charmap_encode(input,self.errors,encoding_table)[0]
           ^^^^^^^^^^^^^^^^^^^^^^^^^^^^^^^^^^^^^^^^^^^^^^^^^^^^^^^
2026-03-04 15:16:50,556 | 21060 | ERROR | UnicodeEncodeError: 'charmap' codec can't encode character '\u2248' in position 192: character maps to <undefined>
2026-03-04 15:16:50,557 | 21060 | ERROR | During handling of the above exception, another exception occurred:
2026-03-04 15:16:50,557 | 21060 | ERROR | Traceback (most recent call last):
2026-03-04 15:16:50,558 | 21060 | ERROR | File "C:\Users\maxwell\AppData\Local\Python\pythoncore-3.11-64\Lib\logging\__init__.py", line 1113, in emit
    stream.write(msg + self.terminator)
2026-03-04 15:16:50,558 | 21060 | ERROR | File "C:\Users\maxwell\AppData\Local\Python\pythoncore-3.11-64\Lib\encodings\cp1252.py", line 19, in encode
    return codecs.charmap_encode(input,self.errors,encoding_table)[0]
           ^^^^^^^^^^^^^^^^^^^^^^^^^^^^^^^^^^^^^^^^^^^^^^^^^^^^^^^
2026-03-04 15:16:50,560 | 21060 | ERROR | UnicodeEncodeError: 'charmap' codec can't encode character '\u2248' in position 192: character maps to <undefined>
2026-03-04 15:16:50,560 | 21060 | ERROR | During handling of the above exception, another exception occurred:
2026-03-04 15:16:50,560 | 21060 | ERROR | Traceback (most recent call last):
2026-03-04 15:16:50,560 | 21060 | ERROR | File "C:\Users\maxwell\AppData\Local\Python\pythoncore-3.11-64\Lib\logging\__init__.py", line 1113, in emit
    stream.write(msg + self.terminator)
2026-03-04 15:16:50,560 | 21060 | ERROR | File "C:\Users\maxwell\AppData\Local\Python\pythoncore-3.11-64\Lib\encodings\cp1252.py", line 19, in encode
    return codecs.charmap_encode(input,self.errors,encoding_table)[0]
           ^^^^^^^^^^^^^^^^^^^^^^^^^^^^^^^^^^^^^^^^^^^^^^^^^^^^^^^
2026-03-04 15:16:50,560 | 21060 | ERROR | UnicodeEncodeError: 'charmap' codec can't encode character '\u2248' in position 192: character maps to <undefined>
2026-03-04 15:16:50,560 | 21060 | ERROR | Call stack:
2026-03-04 15:16:50,566 | 21060 | ERROR | File "C:\Users\maxwell\UCB-USACE-RR-PROJECT\run_hyperparam_search.py", line 853, in <module>
    setup_logging()
2026-03-04 15:16:50,567 | 21060 | ERROR | --- Logging error ---
2026-03-04 15:16:50,576 | 21060 | ERROR | Traceback (most recent call last):
2026-03-04 15:16:50,576 | 21060 | ERROR | File "C:\Users\maxwell\AppData\Local\Python\pythoncore-3.11-64\Lib\logging\__init__.py", line 1113, in emit
    stream.write(msg + self.terminator)
2026-03-04 15:16:50,578 | 21060 | ERROR | File "C:\Users\maxwell\AppData\Local\Python\pythoncore-3.11-64\Lib\encodings\cp1252.py", line 19, in encode
    return codecs.charmap_encode(input,self.errors,encoding_table)[0]
           ^^^^^^^^^^^^^^^^^^^^^^^^^^^^^^^^^^^^^^^^^^^^^^^^^^^^^^^
2026-03-04 15:16:50,579 | 21060 | ERROR | UnicodeEncodeError: 'charmap' codec can't encode character '\u2248' in position 107: character maps to <undefined>
2026-03-04 15:16:50,579 | 21060 | ERROR | During handling of the above exception, another exception occurred:
2026-03-04 15:16:50,580 | 21060 | ERROR | Traceback (most recent call last):
2026-03-04 15:16:50,580 | 21060 | ERROR | File "C:\Users\maxwell\AppData\Local\Python\pythoncore-3.11-64\Lib\logging\__init__.py", line 1113, in emit
    stream.write(msg + self.terminator)
2026-03-04 15:16:50,581 | 21060 | ERROR | File "C:\Users\maxwell\AppData\Local\Python\pythoncore-3.11-64\Lib\encodings\cp1252.py", line 19, in encode
    return codecs.charmap_encode(input,self.errors,encoding_table)[0]
           ^^^^^^^^^^^^^^^^^^^^^^^^^^^^^^^^^^^^^^^^^^^^^^^^^^^^^^^
2026-03-04 15:16:50,582 | 21060 | ERROR | UnicodeEncodeError: 'charmap' codec can't encode character '\u2248' in position 192: character maps to <undefined>
2026-03-04 15:16:50,582 | 21060 | ERROR | During handling of the above exception, another exception occurred:
2026-03-04 15:16:50,583 | 21060 | ERROR | Traceback (most recent call last):
2026-03-04 15:16:50,583 | 21060 | ERROR | File "C:\Users\maxwell\AppData\Local\Python\pythoncore-3.11-64\Lib\logging\__init__.py", line 1113, in emit
    stream.write(msg + self.terminator)
2026-03-04 15:16:50,585 | 21060 | ERROR | File "C:\Users\maxwell\AppData\Local\Python\pythoncore-3.11-64\Lib\encodings\cp1252.py", line 19, in encode
    return codecs.charmap_encode(input,self.errors,encoding_table)[0]
           ^^^^^^^^^^^^^^^^^^^^^^^^^^^^^^^^^^^^^^^^^^^^^^^^^^^^^^^
2026-03-04 15:16:50,586 | 21060 | ERROR | UnicodeEncodeError: 'charmap' codec can't encode character '\u2248' in position 192: character maps to <undefined>
2026-03-04 15:16:50,586 | 21060 | ERROR | During handling of the above exception, another exception occurred:
2026-03-04 15:16:50,587 | 21060 | ERROR | Traceback (most recent call last):
2026-03-04 15:16:50,587 | 21060 | ERROR | File "C:\Users\maxwell\AppData\Local\Python\pythoncore-3.11-64\Lib\logging\__init__.py", line 1113, in emit
    stream.write(msg + self.terminator)
2026-03-04 15:16:50,587 | 21060 | ERROR | File "C:\Users\maxwell\AppData\Local\Python\pythoncore-3.11-64\Lib\encodings\cp1252.py", line 19, in encode
    return codecs.charmap_encode(input,self.errors,encoding_table)[0]
           ^^^^^^^^^^^^^^^^^^^^^^^^^^^^^^^^^^^^^^^^^^^^^^^^^^^^^^^
2026-03-04 15:16:50,589 | 21060 | ERROR | UnicodeEncodeError: 'charmap' codec can't encode character '\u2248' in position 192: character maps to <undefined>
2026-03-04 15:16:50,589 | 21060 | ERROR | During handling of the above exception, another exception occurred:
2026-03-04 15:16:50,590 | 21060 | ERROR | Traceback (most recent call last):
2026-03-04 15:16:50,590 | 21060 | ERROR | File "C:\Users\maxwell\AppData\Local\Python\pythoncore-3.11-64\Lib\logging\__init__.py", line 1113, in emit
    stream.write(msg + self.terminator)
2026-03-04 15:16:50,591 | 21060 | ERROR | File "C:\Users\maxwell\AppData\Local\Python\pythoncore-3.11-64\Lib\encodings\cp1252.py", line 19, in encode
    return codecs.charmap_encode(input,self.errors,encoding_table)[0]
           ^^^^^^^^^^^^^^^^^^^^^^^^^^^^^^^^^^^^^^^^^^^^^^^^^^^^^^^
2026-03-04 15:16:50,592 | 21060 | ERROR | UnicodeEncodeError: 'charmap' codec can't encode character '\u2248' in position 192: character maps to <undefined>
2026-03-04 15:16:50,592 | 21060 | ERROR | During handling of the above exception, another exception occurred:
2026-03-04 15:16:50,592 | 21060 | ERROR | Traceback (most recent call last):
2026-03-04 15:16:50,592 | 21060 | ERROR | File "C:\Users\maxwell\AppData\Local\Python\pythoncore-3.11-64\Lib\logging\__init__.py", line 1113, in emit
    stream.write(msg + self.terminator)
2026-03-04 15:16:50,592 | 21060 | ERROR | File "C:\Users\maxwell\AppData\Local\Python\pythoncore-3.11-64\Lib\encodings\cp1252.py", line 19, in encode
    return codecs.charmap_encode(input,self.errors,encoding_table)[0]
           ^^^^^^^^^^^^^^^^^^^^^^^^^^^^^^^^^^^^^^^^^^^^^^^^^^^^^^^
2026-03-04 15:16:50,592 | 21060 | ERROR | UnicodeEncodeError: 'charmap' codec can't encode character '\u2248' in position 192: character maps to <undefined>
2026-03-04 15:16:50,592 | 21060 | ERROR | During handling of the above exception, another exception occurred:
2026-03-04 15:16:50,592 | 21060 | ERROR | Traceback (most recent call last):
2026-03-04 15:16:50,592 | 21060 | ERROR | File "C:\Users\maxwell\AppData\Local\Python\pythoncore-3.11-64\Lib\logging\__init__.py", line 1113, in emit
    stream.write(msg + self.terminator)
2026-03-04 15:16:50,592 | 21060 | ERROR | File "C:\Users\maxwell\AppData\Local\Python\pythoncore-3.11-64\Lib\encodings\cp1252.py", line 19, in encode
    return codecs.charmap_encode(input,self.errors,encoding_table)[0]
           ^^^^^^^^^^^^^^^^^^^^^^^^^^^^^^^^^^^^^^^^^^^^^^^^^^^^^^^
2026-03-04 15:16:50,598 | 21060 | ERROR | UnicodeEncodeError: 'charmap' codec can't encode character '\u2248' in position 192: character maps to <undefined>
2026-03-04 15:16:50,599 | 21060 | ERROR | During handling of the above exception, another exception occurred:
2026-03-04 15:16:50,599 | 21060 | ERROR | Traceback (most recent call last):
2026-03-04 15:16:50,600 | 21060 | ERROR | File "C:\Users\maxwell\AppData\Local\Python\pythoncore-3.11-64\Lib\logging\__init__.py", line 1113, in emit
    stream.write(msg + self.terminator)
2026-03-04 15:16:50,600 | 21060 | ERROR | File "C:\Users\maxwell\AppData\Local\Python\pythoncore-3.11-64\Lib\encodings\cp1252.py", line 19, in encode
    return codecs.charmap_encode(input,self.errors,encoding_table)[0]
           ^^^^^^^^^^^^^^^^^^^^^^^^^^^^^^^^^^^^^^^^^^^^^^^^^^^^^^^
2026-03-04 15:16:50,601 | 21060 | ERROR | UnicodeEncodeError: 'charmap' codec can't encode character '\u2248' in position 192: character maps to <undefined>
2026-03-04 15:16:50,601 | 21060 | ERROR | During handling of the above exception, another exception occurred:
2026-03-04 15:16:50,603 | 21060 | ERROR | Traceback (most recent call last):
2026-03-04 15:16:50,603 | 21060 | ERROR | File "C:\Users\maxwell\AppData\Local\Python\pythoncore-3.11-64\Lib\logging\__init__.py", line 1113, in emit
    stream.write(msg + self.terminator)
2026-03-04 15:16:50,603 | 21060 | ERROR | File "C:\Users\maxwell\AppData\Local\Python\pythoncore-3.11-64\Lib\encodings\cp1252.py", line 19, in encode
    return codecs.charmap_encode(input,self.errors,encoding_table)[0]
           ^^^^^^^^^^^^^^^^^^^^^^^^^^^^^^^^^^^^^^^^^^^^^^^^^^^^^^^
2026-03-04 15:16:50,603 | 21060 | ERROR | UnicodeEncodeError: 'charmap' codec can't encode character '\u2248' in position 192: character maps to <undefined>
2026-03-04 15:16:50,605 | 21060 | ERROR | During handling of the above exception, another exception occurred:
2026-03-04 15:16:50,605 | 21060 | ERROR | Traceback (most recent call last):
2026-03-04 15:16:50,606 | 21060 | ERROR | File "C:\Users\maxwell\AppData\Local\Python\pythoncore-3.11-64\Lib\logging\__init__.py", line 1113, in emit
    stream.write(msg + self.terminator)
2026-03-04 15:16:50,606 | 21060 | ERROR | File "C:\Users\maxwell\AppData\Local\Python\pythoncore-3.11-64\Lib\encodings\cp1252.py", line 19, in encode
    return codecs.charmap_encode(input,self.errors,encoding_table)[0]
           ^^^^^^^^^^^^^^^^^^^^^^^^^^^^^^^^^^^^^^^^^^^^^^^^^^^^^^^
2026-03-04 15:16:50,608 | 21060 | ERROR | UnicodeEncodeError: 'charmap' codec can't encode character '\u2248' in position 192: character maps to <undefined>
2026-03-04 15:16:50,608 | 21060 | ERROR | During handling of the above exception, another exception occurred:
2026-03-04 15:16:50,609 | 21060 | ERROR | Traceback (most recent call last):
2026-03-04 15:16:50,610 | 21060 | ERROR | File "C:\Users\maxwell\AppData\Local\Python\pythoncore-3.11-64\Lib\logging\__init__.py", line 1113, in emit
    stream.write(msg + self.terminator)
2026-03-04 15:16:50,610 | 21060 | ERROR | File "C:\Users\maxwell\AppData\Local\Python\pythoncore-3.11-64\Lib\encodings\cp1252.py", line 19, in encode
    return codecs.charmap_encode(input,self.errors,encoding_table)[0]
           ^^^^^^^^^^^^^^^^^^^^^^^^^^^^^^^^^^^^^^^^^^^^^^^^^^^^^^^
2026-03-04 15:16:50,611 | 21060 | ERROR | UnicodeEncodeError: 'charmap' codec can't encode character '\u2248' in position 192: character maps to <undefined>
2026-03-04 15:16:50,611 | 21060 | ERROR | During handling of the above exception, another exception occurred:
2026-03-04 15:16:50,612 | 21060 | ERROR | Traceback (most recent call last):
2026-03-04 15:16:50,613 | 21060 | ERROR | File "C:\Users\maxwell\AppData\Local\Python\pythoncore-3.11-64\Lib\logging\__init__.py", line 1113, in emit
    stream.write(msg + self.terminator)
2026-03-04 15:16:50,613 | 21060 | ERROR | File "C:\Users\maxwell\AppData\Local\Python\pythoncore-3.11-64\Lib\encodings\cp1252.py", line 19, in encode
    return codecs.charmap_encode(input,self.errors,encoding_table)[0]
           ^^^^^^^^^^^^^^^^^^^^^^^^^^^^^^^^^^^^^^^^^^^^^^^^^^^^^^^
2026-03-04 15:16:50,613 | 21060 | ERROR | UnicodeEncodeError: 'charmap' codec can't encode character '\u2248' in position 192: character maps to <undefined>
2026-03-04 15:16:50,613 | 21060 | ERROR | During handling of the above exception, another exception occurred:
2026-03-04 15:16:50,613 | 21060 | ERROR | Traceback (most recent call last):
2026-03-04 15:16:50,613 | 21060 | ERROR | File "C:\Users\maxwell\AppData\Local\Python\pythoncore-3.11-64\Lib\logging\__init__.py", line 1113, in emit
    stream.write(msg + self.terminator)
2026-03-04 15:16:50,613 | 21060 | ERROR | File "C:\Users\maxwell\AppData\Local\Python\pythoncore-3.11-64\Lib\encodings\cp1252.py", line 19, in encode
    return codecs.charmap_encode(input,self.errors,encoding_table)[0]
           ^^^^^^^^^^^^^^^^^^^^^^^^^^^^^^^^^^^^^^^^^^^^^^^^^^^^^^^
2026-03-04 15:16:50,613 | 21060 | ERROR | UnicodeEncodeError: 'charmap' codec can't encode character '\u2248' in position 192: character maps to <undefined>
2026-03-04 15:16:50,618 | 21060 | ERROR | During handling of the above exception, another exception occurred:
2026-03-04 15:16:50,619 | 21060 | ERROR | Traceback (most recent call last):
2026-03-04 15:16:50,619 | 21060 | ERROR | File "C:\Users\maxwell\AppData\Local\Python\pythoncore-3.11-64\Lib\logging\__init__.py", line 1113, in emit
    stream.write(msg + self.terminator)
2026-03-04 15:16:50,620 | 21060 | ERROR | File "C:\Users\maxwell\AppData\Local\Python\pythoncore-3.11-64\Lib\encodings\cp1252.py", line 19, in encode
    return codecs.charmap_encode(input,self.errors,encoding_table)[0]
           ^^^^^^^^^^^^^^^^^^^^^^^^^^^^^^^^^^^^^^^^^^^^^^^^^^^^^^^
2026-03-04 15:16:50,620 | 21060 | ERROR | UnicodeEncodeError: 'charmap' codec can't encode character '\u2248' in position 192: character maps to <undefined>
2026-03-04 15:16:50,622 | 21060 | ERROR | During handling of the above exception, another exception occurred:
2026-03-04 15:16:50,622 | 21060 | ERROR | Traceback (most recent call last):
2026-03-04 15:16:50,623 | 21060 | ERROR | File "C:\Users\maxwell\AppData\Local\Python\pythoncore-3.11-64\Lib\logging\__init__.py", line 1113, in emit
    stream.write(msg + self.terminator)
2026-03-04 15:16:50,623 | 21060 | ERROR | File "C:\Users\maxwell\AppData\Local\Python\pythoncore-3.11-64\Lib\encodings\cp1252.py", line 19, in encode
    return codecs.charmap_encode(input,self.errors,encoding_table)[0]
           ^^^^^^^^^^^^^^^^^^^^^^^^^^^^^^^^^^^^^^^^^^^^^^^^^^^^^^^
2026-03-04 15:16:50,623 | 21060 | ERROR | UnicodeEncodeError: 'charmap' codec can't encode character '\u2248' in position 192: character maps to <undefined>
2026-03-04 15:16:50,623 | 21060 | ERROR | During handling of the above exception, another exception occurred:
2026-03-04 15:16:50,623 | 21060 | ERROR | Traceback (most recent call last):
2026-03-04 15:16:50,623 | 21060 | ERROR | File "C:\Users\maxwell\AppData\Local\Python\pythoncore-3.11-64\Lib\logging\__init__.py", line 1113, in emit
    stream.write(msg + self.terminator)
2026-03-04 15:16:50,623 | 21060 | ERROR | File "C:\Users\maxwell\AppData\Local\Python\pythoncore-3.11-64\Lib\encodings\cp1252.py", line 19, in encode
    return codecs.charmap_encode(input,self.errors,encoding_table)[0]
           ^^^^^^^^^^^^^^^^^^^^^^^^^^^^^^^^^^^^^^^^^^^^^^^^^^^^^^^
2026-03-04 15:16:50,623 | 21060 | ERROR | UnicodeEncodeError: 'charmap' codec can't encode character '\u2248' in position 192: character maps to <undefined>
2026-03-04 15:16:50,623 | 21060 | ERROR | During handling of the above exception, another exception occurred:
2026-03-04 15:16:50,629 | 21060 | ERROR | Traceback (most recent call last):
2026-03-04 15:16:50,629 | 21060 | ERROR | File "C:\Users\maxwell\AppData\Local\Python\pythoncore-3.11-64\Lib\logging\__init__.py", line 1113, in emit
    stream.write(msg + self.terminator)
2026-03-04 15:16:50,630 | 21060 | ERROR | File "C:\Users\maxwell\AppData\Local\Python\pythoncore-3.11-64\Lib\encodings\cp1252.py", line 19, in encode
    return codecs.charmap_encode(input,self.errors,encoding_table)[0]
           ^^^^^^^^^^^^^^^^^^^^^^^^^^^^^^^^^^^^^^^^^^^^^^^^^^^^^^^
2026-03-04 15:16:50,630 | 21060 | ERROR | UnicodeEncodeError: 'charmap' codec can't encode character '\u2248' in position 192: character maps to <undefined>
2026-03-04 15:16:50,631 | 21060 | ERROR | During handling of the above exception, another exception occurred:
2026-03-04 15:16:50,631 | 21060 | ERROR | Traceback (most recent call last):
2026-03-04 15:16:50,632 | 21060 | ERROR | File "C:\Users\maxwell\AppData\Local\Python\pythoncore-3.11-64\Lib\logging\__init__.py", line 1113, in emit
    stream.write(msg + self.terminator)
2026-03-04 15:16:50,632 | 21060 | ERROR | File "C:\Users\maxwell\AppData\Local\Python\pythoncore-3.11-64\Lib\encodings\cp1252.py", line 19, in encode
    return codecs.charmap_encode(input,self.errors,encoding_table)[0]
           ^^^^^^^^^^^^^^^^^^^^^^^^^^^^^^^^^^^^^^^^^^^^^^^^^^^^^^^
2026-03-04 15:16:50,634 | 21060 | ERROR | UnicodeEncodeError: 'charmap' codec can't encode character '\u2248' in position 192: character maps to <undefined>
2026-03-04 15:16:50,634 | 21060 | ERROR | During handling of the above exception, another exception occurred:
2026-03-04 15:16:50,634 | 21060 | ERROR | Traceback (most recent call last):
2026-03-04 15:16:50,636 | 21060 | ERROR | File "C:\Users\maxwell\AppData\Local\Python\pythoncore-3.11-64\Lib\logging\__init__.py", line 1113, in emit
    stream.write(msg + self.terminator)
2026-03-04 15:16:50,637 | 21060 | ERROR | File "C:\Users\maxwell\AppData\Local\Python\pythoncore-3.11-64\Lib\encodings\cp1252.py", line 19, in encode
    return codecs.charmap_encode(input,self.errors,encoding_table)[0]
           ^^^^^^^^^^^^^^^^^^^^^^^^^^^^^^^^^^^^^^^^^^^^^^^^^^^^^^^
2026-03-04 15:16:50,637 | 21060 | ERROR | UnicodeEncodeError: 'charmap' codec can't encode character '\u2248' in position 192: character maps to <undefined>
2026-03-04 15:16:50,638 | 21060 | ERROR | During handling of the above exception, another exception occurred:
2026-03-04 15:16:50,639 | 21060 | ERROR | Traceback (most recent call last):
2026-03-04 15:16:50,639 | 21060 | ERROR | File "C:\Users\maxwell\AppData\Local\Python\pythoncore-3.11-64\Lib\logging\__init__.py", line 1113, in emit
    stream.write(msg + self.terminator)
2026-03-04 15:16:50,639 | 21060 | ERROR | File "C:\Users\maxwell\AppData\Local\Python\pythoncore-3.11-64\Lib\encodings\cp1252.py", line 19, in encode
    return codecs.charmap_encode(input,self.errors,encoding_table)[0]
           ^^^^^^^^^^^^^^^^^^^^^^^^^^^^^^^^^^^^^^^^^^^^^^^^^^^^^^^
2026-03-04 15:16:50,639 | 21060 | ERROR | UnicodeEncodeError: 'charmap' codec can't encode character '\u2248' in position 192: character maps to <undefined>
2026-03-04 15:16:50,639 | 21060 | ERROR | During handling of the above exception, another exception occurred:
2026-03-04 15:16:50,639 | 21060 | ERROR | Traceback (most recent call last):
2026-03-04 15:16:50,639 | 21060 | ERROR | File "C:\Users\maxwell\AppData\Local\Python\pythoncore-3.11-64\Lib\logging\__init__.py", line 1113, in emit
    stream.write(msg + self.terminator)
2026-03-04 15:16:50,644 | 21060 | ERROR | File "C:\Users\maxwell\AppData\Local\Python\pythoncore-3.11-64\Lib\encodings\cp1252.py", line 19, in encode
    return codecs.charmap_encode(input,self.errors,encoding_table)[0]
           ^^^^^^^^^^^^^^^^^^^^^^^^^^^^^^^^^^^^^^^^^^^^^^^^^^^^^^^
2026-03-04 15:16:50,644 | 21060 | ERROR | UnicodeEncodeError: 'charmap' codec can't encode character '\u2248' in position 192: character maps to <undefined>
2026-03-04 15:16:50,645 | 21060 | ERROR | During handling of the above exception, another exception occurred:
2026-03-04 15:16:50,645 | 21060 | ERROR | Traceback (most recent call last):
2026-03-04 15:16:50,647 | 21060 | ERROR | File "C:\Users\maxwell\AppData\Local\Python\pythoncore-3.11-64\Lib\logging\__init__.py", line 1113, in emit
    stream.write(msg + self.terminator)
2026-03-04 15:16:50,647 | 21060 | ERROR | File "C:\Users\maxwell\AppData\Local\Python\pythoncore-3.11-64\Lib\encodings\cp1252.py", line 19, in encode
    return codecs.charmap_encode(input,self.errors,encoding_table)[0]
           ^^^^^^^^^^^^^^^^^^^^^^^^^^^^^^^^^^^^^^^^^^^^^^^^^^^^^^^
2026-03-04 15:16:50,648 | 21060 | ERROR | UnicodeEncodeError: 'charmap' codec can't encode character '\u2248' in position 192: character maps to <undefined>
2026-03-04 15:16:50,648 | 21060 | ERROR | During handling of the above exception, another exception occurred:
2026-03-04 15:16:50,649 | 21060 | ERROR | Traceback (most recent call last):
2026-03-04 15:16:50,650 | 21060 | ERROR | File "C:\Users\maxwell\AppData\Local\Python\pythoncore-3.11-64\Lib\logging\__init__.py", line 1113, in emit
    stream.write(msg + self.terminator)
2026-03-04 15:16:50,651 | 21060 | ERROR | File "C:\Users\maxwell\AppData\Local\Python\pythoncore-3.11-64\Lib\encodings\cp1252.py", line 19, in encode
    return codecs.charmap_encode(input,self.errors,encoding_table)[0]
           ^^^^^^^^^^^^^^^^^^^^^^^^^^^^^^^^^^^^^^^^^^^^^^^^^^^^^^^
2026-03-04 15:16:50,651 | 21060 | ERROR | UnicodeEncodeError: 'charmap' codec can't encode character '\u2248' in position 192: character maps to <undefined>
2026-03-04 15:16:50,652 | 21060 | ERROR | During handling of the above exception, another exception occurred:
2026-03-04 15:16:50,652 | 21060 | ERROR | Traceback (most recent call last):
2026-03-04 15:16:50,653 | 21060 | ERROR | File "C:\Users\maxwell\AppData\Local\Python\pythoncore-3.11-64\Lib\logging\__init__.py", line 1113, in emit
    stream.write(msg + self.terminator)
2026-03-04 15:16:50,653 | 21060 | ERROR | File "C:\Users\maxwell\AppData\Local\Python\pythoncore-3.11-64\Lib\encodings\cp1252.py", line 19, in encode
    return codecs.charmap_encode(input,self.errors,encoding_table)[0]
           ^^^^^^^^^^^^^^^^^^^^^^^^^^^^^^^^^^^^^^^^^^^^^^^^^^^^^^^
2026-03-04 15:16:50,655 | 21060 | ERROR | UnicodeEncodeError: 'charmap' codec can't encode character '\u2248' in position 192: character maps to <undefined>
2026-03-04 15:16:50,655 | 21060 | ERROR | Call stack:
2026-03-04 15:16:50,656 | 21060 | ERROR | File "C:\Users\maxwell\UCB-USACE-RR-PROJECT\run_hyperparam_search.py", line 853, in <module>
    setup_logging()
2026-03-04 15:16:50,656 | 21060 | ERROR | --- Logging error ---
2026-03-04 15:16:50,670 | 21060 | ERROR | Traceback (most recent call last):
2026-03-04 15:16:50,670 | 21060 | ERROR | File "C:\Users\maxwell\AppData\Local\Python\pythoncore-3.11-64\Lib\logging\__init__.py", line 1113, in emit
    stream.write(msg + self.terminator)
2026-03-04 15:16:50,670 | 21060 | ERROR | File "C:\Users\maxwell\AppData\Local\Python\pythoncore-3.11-64\Lib\encodings\cp1252.py", line 19, in encode
    return codecs.charmap_encode(input,self.errors,encoding_table)[0]
           ^^^^^^^^^^^^^^^^^^^^^^^^^^^^^^^^^^^^^^^^^^^^^^^^^^^^^^^
2026-03-04 15:16:50,670 | 21060 | ERROR | UnicodeEncodeError: 'charmap' codec can't encode character '\u2248' in position 107: character maps to <undefined>
2026-03-04 15:16:50,670 | 21060 | ERROR | During handling of the above exception, another exception occurred:
2026-03-04 15:16:50,670 | 21060 | ERROR | Traceback (most recent call last):
2026-03-04 15:16:50,670 | 21060 | ERROR | File "C:\Users\maxwell\AppData\Local\Python\pythoncore-3.11-64\Lib\logging\__init__.py", line 1113, in emit
    stream.write(msg + self.terminator)
2026-03-04 15:16:50,676 | 21060 | ERROR | File "C:\Users\maxwell\AppData\Local\Python\pythoncore-3.11-64\Lib\encodings\cp1252.py", line 19, in encode
    return codecs.charmap_encode(input,self.errors,encoding_table)[0]
           ^^^^^^^^^^^^^^^^^^^^^^^^^^^^^^^^^^^^^^^^^^^^^^^^^^^^^^^
2026-03-04 15:16:50,676 | 21060 | ERROR | UnicodeEncodeError: 'charmap' codec can't encode character '\u2248' in position 192: character maps to <undefined>
2026-03-04 15:16:50,677 | 21060 | ERROR | During handling of the above exception, another exception occurred:
2026-03-04 15:16:50,677 | 21060 | ERROR | Traceback (most recent call last):
2026-03-04 15:16:50,679 | 21060 | ERROR | File "C:\Users\maxwell\AppData\Local\Python\pythoncore-3.11-64\Lib\logging\__init__.py", line 1113, in emit
    stream.write(msg + self.terminator)
2026-03-04 15:16:50,680 | 21060 | ERROR | File "C:\Users\maxwell\AppData\Local\Python\pythoncore-3.11-64\Lib\encodings\cp1252.py", line 19, in encode
    return codecs.charmap_encode(input,self.errors,encoding_table)[0]
           ^^^^^^^^^^^^^^^^^^^^^^^^^^^^^^^^^^^^^^^^^^^^^^^^^^^^^^^
2026-03-04 15:16:50,680 | 21060 | ERROR | UnicodeEncodeError: 'charmap' codec can't encode character '\u2248' in position 192: character maps to <undefined>
2026-03-04 15:16:50,681 | 21060 | ERROR | During handling of the above exception, another exception occurred:
2026-03-04 15:16:50,682 | 21060 | ERROR | Traceback (most recent call last):
2026-03-04 15:16:50,683 | 21060 | ERROR | File "C:\Users\maxwell\AppData\Local\Python\pythoncore-3.11-64\Lib\logging\__init__.py", line 1113, in emit
    stream.write(msg + self.terminator)
2026-03-04 15:16:50,683 | 21060 | ERROR | File "C:\Users\maxwell\AppData\Local\Python\pythoncore-3.11-64\Lib\encodings\cp1252.py", line 19, in encode
    return codecs.charmap_encode(input,self.errors,encoding_table)[0]
           ^^^^^^^^^^^^^^^^^^^^^^^^^^^^^^^^^^^^^^^^^^^^^^^^^^^^^^^
2026-03-04 15:16:50,684 | 21060 | ERROR | UnicodeEncodeError: 'charmap' codec can't encode character '\u2248' in position 192: character maps to <undefined>
2026-03-04 15:16:50,685 | 21060 | ERROR | During handling of the above exception, another exception occurred:
2026-03-04 15:16:50,685 | 21060 | ERROR | Traceback (most recent call last):
2026-03-04 15:16:50,686 | 21060 | ERROR | File "C:\Users\maxwell\AppData\Local\Python\pythoncore-3.11-64\Lib\logging\__init__.py", line 1113, in emit
    stream.write(msg + self.terminator)
2026-03-04 15:16:50,687 | 21060 | ERROR | File "C:\Users\maxwell\AppData\Local\Python\pythoncore-3.11-64\Lib\encodings\cp1252.py", line 19, in encode
    return codecs.charmap_encode(input,self.errors,encoding_table)[0]
           ^^^^^^^^^^^^^^^^^^^^^^^^^^^^^^^^^^^^^^^^^^^^^^^^^^^^^^^
2026-03-04 15:16:50,687 | 21060 | ERROR | UnicodeEncodeError: 'charmap' codec can't encode character '\u2248' in position 192: character maps to <undefined>
2026-03-04 15:16:50,687 | 21060 | ERROR | During handling of the above exception, another exception occurred:
2026-03-04 15:16:50,687 | 21060 | ERROR | Traceback (most recent call last):
2026-03-04 15:16:50,687 | 21060 | ERROR | File "C:\Users\maxwell\AppData\Local\Python\pythoncore-3.11-64\Lib\logging\__init__.py", line 1113, in emit
    stream.write(msg + self.terminator)
2026-03-04 15:16:50,687 | 21060 | ERROR | File "C:\Users\maxwell\AppData\Local\Python\pythoncore-3.11-64\Lib\encodings\cp1252.py", line 19, in encode
    return codecs.charmap_encode(input,self.errors,encoding_table)[0]
           ^^^^^^^^^^^^^^^^^^^^^^^^^^^^^^^^^^^^^^^^^^^^^^^^^^^^^^^
2026-03-04 15:16:50,687 | 21060 | ERROR | UnicodeEncodeError: 'charmap' codec can't encode character '\u2248' in position 192: character maps to <undefined>
2026-03-04 15:16:50,687 | 21060 | ERROR | During handling of the above exception, another exception occurred:
2026-03-04 15:16:50,687 | 21060 | ERROR | Traceback (most recent call last):
2026-03-04 15:16:50,693 | 21060 | ERROR | File "C:\Users\maxwell\AppData\Local\Python\pythoncore-3.11-64\Lib\logging\__init__.py", line 1113, in emit
    stream.write(msg + self.terminator)
2026-03-04 15:16:50,694 | 21060 | ERROR | File "C:\Users\maxwell\AppData\Local\Python\pythoncore-3.11-64\Lib\encodings\cp1252.py", line 19, in encode
    return codecs.charmap_encode(input,self.errors,encoding_table)[0]
           ^^^^^^^^^^^^^^^^^^^^^^^^^^^^^^^^^^^^^^^^^^^^^^^^^^^^^^^
2026-03-04 15:16:50,694 | 21060 | ERROR | UnicodeEncodeError: 'charmap' codec can't encode character '\u2248' in position 192: character maps to <undefined>
2026-03-04 15:16:50,696 | 21060 | ERROR | During handling of the above exception, another exception occurred:
2026-03-04 15:16:50,696 | 21060 | ERROR | Traceback (most recent call last):
2026-03-04 15:16:50,697 | 21060 | ERROR | File "C:\Users\maxwell\AppData\Local\Python\pythoncore-3.11-64\Lib\logging\__init__.py", line 1113, in emit
    stream.write(msg + self.terminator)
2026-03-04 15:16:50,697 | 21060 | ERROR | File "C:\Users\maxwell\AppData\Local\Python\pythoncore-3.11-64\Lib\encodings\cp1252.py", line 19, in encode
    return codecs.charmap_encode(input,self.errors,encoding_table)[0]
           ^^^^^^^^^^^^^^^^^^^^^^^^^^^^^^^^^^^^^^^^^^^^^^^^^^^^^^^
2026-03-04 15:16:50,699 | 21060 | ERROR | UnicodeEncodeError: 'charmap' codec can't encode character '\u2248' in position 192: character maps to <undefined>
2026-03-04 15:16:50,699 | 21060 | ERROR | During handling of the above exception, another exception occurred:
2026-03-04 15:16:50,700 | 21060 | ERROR | Traceback (most recent call last):
2026-03-04 15:16:50,701 | 21060 | ERROR | File "C:\Users\maxwell\AppData\Local\Python\pythoncore-3.11-64\Lib\logging\__init__.py", line 1113, in emit
    stream.write(msg + self.terminator)
2026-03-04 15:16:50,702 | 21060 | ERROR | File "C:\Users\maxwell\AppData\Local\Python\pythoncore-3.11-64\Lib\encodings\cp1252.py", line 19, in encode
    return codecs.charmap_encode(input,self.errors,encoding_table)[0]
           ^^^^^^^^^^^^^^^^^^^^^^^^^^^^^^^^^^^^^^^^^^^^^^^^^^^^^^^
2026-03-04 15:16:50,703 | 21060 | ERROR | UnicodeEncodeError: 'charmap' codec can't encode character '\u2248' in position 192: character maps to <undefined>
2026-03-04 15:16:50,703 | 21060 | ERROR | During handling of the above exception, another exception occurred:
2026-03-04 15:16:50,704 | 21060 | ERROR | Traceback (most recent call last):
2026-03-04 15:16:50,705 | 21060 | ERROR | File "C:\Users\maxwell\AppData\Local\Python\pythoncore-3.11-64\Lib\logging\__init__.py", line 1113, in emit
    stream.write(msg + self.terminator)
2026-03-04 15:16:50,706 | 21060 | ERROR | File "C:\Users\maxwell\AppData\Local\Python\pythoncore-3.11-64\Lib\encodings\cp1252.py", line 19, in encode
    return codecs.charmap_encode(input,self.errors,encoding_table)[0]
           ^^^^^^^^^^^^^^^^^^^^^^^^^^^^^^^^^^^^^^^^^^^^^^^^^^^^^^^
2026-03-04 15:16:50,706 | 21060 | ERROR | UnicodeEncodeError: 'charmap' codec can't encode character '\u2248' in position 192: character maps to <undefined>
2026-03-04 15:16:50,706 | 21060 | ERROR | During handling of the above exception, another exception occurred:
2026-03-04 15:16:50,706 | 21060 | ERROR | Traceback (most recent call last):
2026-03-04 15:16:50,706 | 21060 | ERROR | File "C:\Users\maxwell\AppData\Local\Python\pythoncore-3.11-64\Lib\logging\__init__.py", line 1113, in emit
    stream.write(msg + self.terminator)
2026-03-04 15:16:50,706 | 21060 | ERROR | File "C:\Users\maxwell\AppData\Local\Python\pythoncore-3.11-64\Lib\encodings\cp1252.py", line 19, in encode
    return codecs.charmap_encode(input,self.errors,encoding_table)[0]
           ^^^^^^^^^^^^^^^^^^^^^^^^^^^^^^^^^^^^^^^^^^^^^^^^^^^^^^^
2026-03-04 15:16:50,706 | 21060 | ERROR | UnicodeEncodeError: 'charmap' codec can't encode character '\u2248' in position 192: character maps to <undefined>
2026-03-04 15:16:50,712 | 21060 | ERROR | During handling of the above exception, another exception occurred:
2026-03-04 15:16:50,712 | 21060 | ERROR | Traceback (most recent call last):
2026-03-04 15:16:50,713 | 21060 | ERROR | File "C:\Users\maxwell\AppData\Local\Python\pythoncore-3.11-64\Lib\logging\__init__.py", line 1113, in emit
    stream.write(msg + self.terminator)
2026-03-04 15:16:50,714 | 21060 | ERROR | File "C:\Users\maxwell\AppData\Local\Python\pythoncore-3.11-64\Lib\encodings\cp1252.py", line 19, in encode
    return codecs.charmap_encode(input,self.errors,encoding_table)[0]
           ^^^^^^^^^^^^^^^^^^^^^^^^^^^^^^^^^^^^^^^^^^^^^^^^^^^^^^^
2026-03-04 15:16:50,714 | 21060 | ERROR | UnicodeEncodeError: 'charmap' codec can't encode character '\u2248' in position 192: character maps to <undefined>
2026-03-04 15:16:50,715 | 21060 | ERROR | During handling of the above exception, another exception occurred:
2026-03-04 15:16:50,716 | 21060 | ERROR | Traceback (most recent call last):
2026-03-04 15:16:50,717 | 21060 | ERROR | File "C:\Users\maxwell\AppData\Local\Python\pythoncore-3.11-64\Lib\logging\__init__.py", line 1113, in emit
    stream.write(msg + self.terminator)
2026-03-04 15:16:50,718 | 21060 | ERROR | File "C:\Users\maxwell\AppData\Local\Python\pythoncore-3.11-64\Lib\encodings\cp1252.py", line 19, in encode
    return codecs.charmap_encode(input,self.errors,encoding_table)[0]
           ^^^^^^^^^^^^^^^^^^^^^^^^^^^^^^^^^^^^^^^^^^^^^^^^^^^^^^^
2026-03-04 15:16:50,719 | 21060 | ERROR | UnicodeEncodeError: 'charmap' codec can't encode character '\u2248' in position 192: character maps to <undefined>
2026-03-04 15:16:50,719 | 21060 | ERROR | During handling of the above exception, another exception occurred:
2026-03-04 15:16:50,720 | 21060 | ERROR | Traceback (most recent call last):
2026-03-04 15:16:50,720 | 21060 | ERROR | File "C:\Users\maxwell\AppData\Local\Python\pythoncore-3.11-64\Lib\logging\__init__.py", line 1113, in emit
    stream.write(msg + self.terminator)
2026-03-04 15:16:50,721 | 21060 | ERROR | File "C:\Users\maxwell\AppData\Local\Python\pythoncore-3.11-64\Lib\encodings\cp1252.py", line 19, in encode
    return codecs.charmap_encode(input,self.errors,encoding_table)[0]
           ^^^^^^^^^^^^^^^^^^^^^^^^^^^^^^^^^^^^^^^^^^^^^^^^^^^^^^^
2026-03-04 15:16:50,723 | 21060 | ERROR | UnicodeEncodeError: 'charmap' codec can't encode character '\u2248' in position 192: character maps to <undefined>
2026-03-04 15:16:50,723 | 21060 | ERROR | During handling of the above exception, another exception occurred:
2026-03-04 15:16:50,723 | 21060 | ERROR | Traceback (most recent call last):
2026-03-04 15:16:50,725 | 21060 | ERROR | File "C:\Users\maxwell\AppData\Local\Python\pythoncore-3.11-64\Lib\logging\__init__.py", line 1113, in emit
    stream.write(msg + self.terminator)
2026-03-04 15:16:50,725 | 21060 | ERROR | File "C:\Users\maxwell\AppData\Local\Python\pythoncore-3.11-64\Lib\encodings\cp1252.py", line 19, in encode
    return codecs.charmap_encode(input,self.errors,encoding_table)[0]
           ^^^^^^^^^^^^^^^^^^^^^^^^^^^^^^^^^^^^^^^^^^^^^^^^^^^^^^^
2026-03-04 15:16:50,726 | 21060 | ERROR | UnicodeEncodeError: 'charmap' codec can't encode character '\u2248' in position 192: character maps to <undefined>
2026-03-04 15:16:50,727 | 21060 | ERROR | During handling of the above exception, another exception occurred:
2026-03-04 15:16:50,728 | 21060 | ERROR | Traceback (most recent call last):
2026-03-04 15:16:50,728 | 21060 | ERROR | File "C:\Users\maxwell\AppData\Local\Python\pythoncore-3.11-64\Lib\logging\__init__.py", line 1113, in emit
    stream.write(msg + self.terminator)
2026-03-04 15:16:50,728 | 21060 | ERROR | File "C:\Users\maxwell\AppData\Local\Python\pythoncore-3.11-64\Lib\encodings\cp1252.py", line 19, in encode
    return codecs.charmap_encode(input,self.errors,encoding_table)[0]
           ^^^^^^^^^^^^^^^^^^^^^^^^^^^^^^^^^^^^^^^^^^^^^^^^^^^^^^^
2026-03-04 15:16:50,728 | 21060 | ERROR | UnicodeEncodeError: 'charmap' codec can't encode character '\u2248' in position 192: character maps to <undefined>
2026-03-04 15:16:50,731 | 21060 | ERROR | During handling of the above exception, another exception occurred:
2026-03-04 15:16:50,732 | 21060 | ERROR | Traceback (most recent call last):
2026-03-04 15:16:50,733 | 21060 | ERROR | File "C:\Users\maxwell\AppData\Local\Python\pythoncore-3.11-64\Lib\logging\__init__.py", line 1113, in emit
    stream.write(msg + self.terminator)
2026-03-04 15:16:50,734 | 21060 | ERROR | File "C:\Users\maxwell\AppData\Local\Python\pythoncore-3.11-64\Lib\encodings\cp1252.py", line 19, in encode
    return codecs.charmap_encode(input,self.errors,encoding_table)[0]
           ^^^^^^^^^^^^^^^^^^^^^^^^^^^^^^^^^^^^^^^^^^^^^^^^^^^^^^^
2026-03-04 15:16:50,734 | 21060 | ERROR | UnicodeEncodeError: 'charmap' codec can't encode character '\u2248' in position 192: character maps to <undefined>
2026-03-04 15:16:50,735 | 21060 | ERROR | During handling of the above exception, another exception occurred:
2026-03-04 15:16:50,735 | 21060 | ERROR | Traceback (most recent call last):
2026-03-04 15:16:50,736 | 21060 | ERROR | File "C:\Users\maxwell\AppData\Local\Python\pythoncore-3.11-64\Lib\logging\__init__.py", line 1113, in emit
    stream.write(msg + self.terminator)
2026-03-04 15:16:50,737 | 21060 | ERROR | File "C:\Users\maxwell\AppData\Local\Python\pythoncore-3.11-64\Lib\encodings\cp1252.py", line 19, in encode
    return codecs.charmap_encode(input,self.errors,encoding_table)[0]
           ^^^^^^^^^^^^^^^^^^^^^^^^^^^^^^^^^^^^^^^^^^^^^^^^^^^^^^^
2026-03-04 15:16:50,738 | 21060 | ERROR | UnicodeEncodeError: 'charmap' codec can't encode character '\u2248' in position 192: character maps to <undefined>
2026-03-04 15:16:50,739 | 21060 | ERROR | During handling of the above exception, another exception occurred:
2026-03-04 15:16:50,740 | 21060 | ERROR | Traceback (most recent call last):
2026-03-04 15:16:50,740 | 21060 | ERROR | File "C:\Users\maxwell\AppData\Local\Python\pythoncore-3.11-64\Lib\logging\__init__.py", line 1113, in emit
    stream.write(msg + self.terminator)
2026-03-04 15:16:50,741 | 21060 | ERROR | File "C:\Users\maxwell\AppData\Local\Python\pythoncore-3.11-64\Lib\encodings\cp1252.py", line 19, in encode
    return codecs.charmap_encode(input,self.errors,encoding_table)[0]
           ^^^^^^^^^^^^^^^^^^^^^^^^^^^^^^^^^^^^^^^^^^^^^^^^^^^^^^^
2026-03-04 15:16:50,741 | 21060 | ERROR | UnicodeEncodeError: 'charmap' codec can't encode character '\u2248' in position 192: character maps to <undefined>
2026-03-04 15:16:50,742 | 21060 | ERROR | During handling of the above exception, another exception occurred:
2026-03-04 15:16:50,742 | 21060 | ERROR | Traceback (most recent call last):
2026-03-04 15:16:50,744 | 21060 | ERROR | File "C:\Users\maxwell\AppData\Local\Python\pythoncore-3.11-64\Lib\logging\__init__.py", line 1113, in emit
    stream.write(msg + self.terminator)
2026-03-04 15:16:50,744 | 21060 | ERROR | File "C:\Users\maxwell\AppData\Local\Python\pythoncore-3.11-64\Lib\encodings\cp1252.py", line 19, in encode
    return codecs.charmap_encode(input,self.errors,encoding_table)[0]
           ^^^^^^^^^^^^^^^^^^^^^^^^^^^^^^^^^^^^^^^^^^^^^^^^^^^^^^^
2026-03-04 15:16:50,745 | 21060 | ERROR | UnicodeEncodeError: 'charmap' codec can't encode character '\u2248' in position 192: character maps to <undefined>
2026-03-04 15:16:50,745 | 21060 | ERROR | During handling of the above exception, another exception occurred:
2026-03-04 15:16:50,745 | 21060 | ERROR | Traceback (most recent call last):
2026-03-04 15:16:50,745 | 21060 | ERROR | File "C:\Users\maxwell\AppData\Local\Python\pythoncore-3.11-64\Lib\logging\__init__.py", line 1113, in emit
    stream.write(msg + self.terminator)
2026-03-04 15:16:50,745 | 21060 | ERROR | File "C:\Users\maxwell\AppData\Local\Python\pythoncore-3.11-64\Lib\encodings\cp1252.py", line 19, in encode
    return codecs.charmap_encode(input,self.errors,encoding_table)[0]
           ^^^^^^^^^^^^^^^^^^^^^^^^^^^^^^^^^^^^^^^^^^^^^^^^^^^^^^^
2026-03-04 15:16:50,745 | 21060 | ERROR | UnicodeEncodeError: 'charmap' codec can't encode character '\u2248' in position 192: character maps to <undefined>
2026-03-04 15:16:50,745 | 21060 | ERROR | During handling of the above exception, another exception occurred:
2026-03-04 15:16:50,751 | 21060 | ERROR | Traceback (most recent call last):
2026-03-04 15:16:50,751 | 21060 | ERROR | File "C:\Users\maxwell\AppData\Local\Python\pythoncore-3.11-64\Lib\logging\__init__.py", line 1113, in emit
    stream.write(msg + self.terminator)
2026-03-04 15:16:50,752 | 21060 | ERROR | File "C:\Users\maxwell\AppData\Local\Python\pythoncore-3.11-64\Lib\encodings\cp1252.py", line 19, in encode
    return codecs.charmap_encode(input,self.errors,encoding_table)[0]
           ^^^^^^^^^^^^^^^^^^^^^^^^^^^^^^^^^^^^^^^^^^^^^^^^^^^^^^^
2026-03-04 15:16:50,753 | 21060 | ERROR | UnicodeEncodeError: 'charmap' codec can't encode character '\u2248' in position 192: character maps to <undefined>
2026-03-04 15:16:50,753 | 21060 | ERROR | During handling of the above exception, another exception occurred:
2026-03-04 15:16:50,754 | 21060 | ERROR | Traceback (most recent call last):
2026-03-04 15:16:50,755 | 21060 | ERROR | File "C:\Users\maxwell\AppData\Local\Python\pythoncore-3.11-64\Lib\logging\__init__.py", line 1113, in emit
    stream.write(msg + self.terminator)
2026-03-04 15:16:50,756 | 21060 | ERROR | File "C:\Users\maxwell\AppData\Local\Python\pythoncore-3.11-64\Lib\encodings\cp1252.py", line 19, in encode
    return codecs.charmap_encode(input,self.errors,encoding_table)[0]
           ^^^^^^^^^^^^^^^^^^^^^^^^^^^^^^^^^^^^^^^^^^^^^^^^^^^^^^^
2026-03-04 15:16:50,757 | 21060 | ERROR | UnicodeEncodeError: 'charmap' codec can't encode character '\u2248' in position 192: character maps to <undefined>
2026-03-04 15:16:50,758 | 21060 | ERROR | During handling of the above exception, another exception occurred:
2026-03-04 15:16:50,758 | 21060 | ERROR | Traceback (most recent call last):
2026-03-04 15:16:50,759 | 21060 | ERROR | File "C:\Users\maxwell\AppData\Local\Python\pythoncore-3.11-64\Lib\logging\__init__.py", line 1113, in emit
    stream.write(msg + self.terminator)
2026-03-04 15:16:50,759 | 21060 | ERROR | File "C:\Users\maxwell\AppData\Local\Python\pythoncore-3.11-64\Lib\encodings\cp1252.py", line 19, in encode
    return codecs.charmap_encode(input,self.errors,encoding_table)[0]
           ^^^^^^^^^^^^^^^^^^^^^^^^^^^^^^^^^^^^^^^^^^^^^^^^^^^^^^^
2026-03-04 15:16:50,760 | 21060 | ERROR | UnicodeEncodeError: 'charmap' codec can't encode character '\u2248' in position 192: character maps to <undefined>
2026-03-04 15:16:50,760 | 21060 | ERROR | During handling of the above exception, another exception occurred:
2026-03-04 15:16:50,762 | 21060 | ERROR | Traceback (most recent call last):
2026-03-04 15:16:50,763 | 21060 | ERROR | File "C:\Users\maxwell\AppData\Local\Python\pythoncore-3.11-64\Lib\logging\__init__.py", line 1113, in emit
    stream.write(msg + self.terminator)
2026-03-04 15:16:50,763 | 21060 | ERROR | File "C:\Users\maxwell\AppData\Local\Python\pythoncore-3.11-64\Lib\encodings\cp1252.py", line 19, in encode
    return codecs.charmap_encode(input,self.errors,encoding_table)[0]
           ^^^^^^^^^^^^^^^^^^^^^^^^^^^^^^^^^^^^^^^^^^^^^^^^^^^^^^^
2026-03-04 15:16:50,765 | 21060 | ERROR | UnicodeEncodeError: 'charmap' codec can't encode character '\u2248' in position 192: character maps to <undefined>
2026-03-04 15:16:50,765 | 21060 | ERROR | Call stack:
2026-03-04 15:16:50,769 | 21060 | ERROR | File "C:\Users\maxwell\UCB-USACE-RR-PROJECT\run_hyperparam_search.py", line 853, in <module>
    setup_logging()
2026-03-04 15:16:50,769 | 21060 | ERROR | --- Logging error ---
2026-03-04 15:16:50,769 | 21060 | ERROR | Traceback (most recent call last):
2026-03-04 15:16:50,769 | 21060 | ERROR | File "C:\Users\maxwell\AppData\Local\Python\pythoncore-3.11-64\Lib\logging\__init__.py", line 1113, in emit
    stream.write(msg + self.terminator)
2026-03-04 15:16:50,769 | 21060 | ERROR | File "C:\Users\maxwell\AppData\Local\Python\pythoncore-3.11-64\Lib\encodings\cp1252.py", line 19, in encode
    return codecs.charmap_encode(input,self.errors,encoding_table)[0]
           ^^^^^^^^^^^^^^^^^^^^^^^^^^^^^^^^^^^^^^^^^^^^^^^^^^^^^^^
2026-03-04 15:16:50,781 | 21060 | ERROR | UnicodeEncodeError: 'charmap' codec can't encode character '\u2248' in position 107: character maps to <undefined>
2026-03-04 15:16:50,782 | 21060 | ERROR | During handling of the above exception, another exception occurred:
2026-03-04 15:16:50,782 | 21060 | ERROR | Traceback (most recent call last):
2026-03-04 15:16:50,783 | 21060 | ERROR | File "C:\Users\maxwell\AppData\Local\Python\pythoncore-3.11-64\Lib\logging\__init__.py", line 1113, in emit
    stream.write(msg + self.terminator)
2026-03-04 15:16:50,783 | 21060 | ERROR | File "C:\Users\maxwell\AppData\Local\Python\pythoncore-3.11-64\Lib\encodings\cp1252.py", line 19, in encode
    return codecs.charmap_encode(input,self.errors,encoding_table)[0]
           ^^^^^^^^^^^^^^^^^^^^^^^^^^^^^^^^^^^^^^^^^^^^^^^^^^^^^^^
2026-03-04 15:16:50,784 | 21060 | ERROR | UnicodeEncodeError: 'charmap' codec can't encode character '\u2248' in position 192: character maps to <undefined>
2026-03-04 15:16:50,784 | 21060 | ERROR | During handling of the above exception, another exception occurred:
2026-03-04 15:16:50,785 | 21060 | ERROR | Traceback (most recent call last):
2026-03-04 15:16:50,786 | 21060 | ERROR | File "C:\Users\maxwell\AppData\Local\Python\pythoncore-3.11-64\Lib\logging\__init__.py", line 1113, in emit
    stream.write(msg + self.terminator)
2026-03-04 15:16:50,787 | 21060 | ERROR | File "C:\Users\maxwell\AppData\Local\Python\pythoncore-3.11-64\Lib\encodings\cp1252.py", line 19, in encode
    return codecs.charmap_encode(input,self.errors,encoding_table)[0]
           ^^^^^^^^^^^^^^^^^^^^^^^^^^^^^^^^^^^^^^^^^^^^^^^^^^^^^^^
2026-03-04 15:16:50,787 | 21060 | ERROR | UnicodeEncodeError: 'charmap' codec can't encode character '\u2248' in position 192: character maps to <undefined>
2026-03-04 15:16:50,788 | 21060 | ERROR | During handling of the above exception, another exception occurred:
2026-03-04 15:16:50,788 | 21060 | ERROR | Traceback (most recent call last):
2026-03-04 15:16:50,789 | 21060 | ERROR | File "C:\Users\maxwell\AppData\Local\Python\pythoncore-3.11-64\Lib\logging\__init__.py", line 1113, in emit
    stream.write(msg + self.terminator)
2026-03-04 15:16:50,789 | 21060 | ERROR | File "C:\Users\maxwell\AppData\Local\Python\pythoncore-3.11-64\Lib\encodings\cp1252.py", line 19, in encode
    return codecs.charmap_encode(input,self.errors,encoding_table)[0]
           ^^^^^^^^^^^^^^^^^^^^^^^^^^^^^^^^^^^^^^^^^^^^^^^^^^^^^^^
2026-03-04 15:16:50,790 | 21060 | ERROR | UnicodeEncodeError: 'charmap' codec can't encode character '\u2248' in position 192: character maps to <undefined>
2026-03-04 15:16:50,791 | 21060 | ERROR | During handling of the above exception, another exception occurred:
2026-03-04 15:16:50,791 | 21060 | ERROR | Traceback (most recent call last):
2026-03-04 15:16:50,791 | 21060 | ERROR | File "C:\Users\maxwell\AppData\Local\Python\pythoncore-3.11-64\Lib\logging\__init__.py", line 1113, in emit
    stream.write(msg + self.terminator)
2026-03-04 15:16:50,793 | 21060 | ERROR | File "C:\Users\maxwell\AppData\Local\Python\pythoncore-3.11-64\Lib\encodings\cp1252.py", line 19, in encode
    return codecs.charmap_encode(input,self.errors,encoding_table)[0]
           ^^^^^^^^^^^^^^^^^^^^^^^^^^^^^^^^^^^^^^^^^^^^^^^^^^^^^^^
2026-03-04 15:16:50,793 | 21060 | ERROR | UnicodeEncodeError: 'charmap' codec can't encode character '\u2248' in position 192: character maps to <undefined>
2026-03-04 15:16:50,794 | 21060 | ERROR | During handling of the above exception, another exception occurred:
2026-03-04 15:16:50,794 | 21060 | ERROR | Traceback (most recent call last):
2026-03-04 15:16:50,795 | 21060 | ERROR | File "C:\Users\maxwell\AppData\Local\Python\pythoncore-3.11-64\Lib\logging\__init__.py", line 1113, in emit
    stream.write(msg + self.terminator)
2026-03-04 15:16:50,795 | 21060 | ERROR | File "C:\Users\maxwell\AppData\Local\Python\pythoncore-3.11-64\Lib\encodings\cp1252.py", line 19, in encode
    return codecs.charmap_encode(input,self.errors,encoding_table)[0]
           ^^^^^^^^^^^^^^^^^^^^^^^^^^^^^^^^^^^^^^^^^^^^^^^^^^^^^^^
2026-03-04 15:16:50,795 | 21060 | ERROR | UnicodeEncodeError: 'charmap' codec can't encode character '\u2248' in position 192: character maps to <undefined>
2026-03-04 15:16:50,797 | 21060 | ERROR | During handling of the above exception, another exception occurred:
2026-03-04 15:16:50,798 | 21060 | ERROR | Traceback (most recent call last):
2026-03-04 15:16:50,798 | 21060 | ERROR | File "C:\Users\maxwell\AppData\Local\Python\pythoncore-3.11-64\Lib\logging\__init__.py", line 1113, in emit
    stream.write(msg + self.terminator)
2026-03-04 15:16:50,799 | 21060 | ERROR | File "C:\Users\maxwell\AppData\Local\Python\pythoncore-3.11-64\Lib\encodings\cp1252.py", line 19, in encode
    return codecs.charmap_encode(input,self.errors,encoding_table)[0]
           ^^^^^^^^^^^^^^^^^^^^^^^^^^^^^^^^^^^^^^^^^^^^^^^^^^^^^^^
2026-03-04 15:16:50,800 | 21060 | ERROR | UnicodeEncodeError: 'charmap' codec can't encode character '\u2248' in position 192: character maps to <undefined>
2026-03-04 15:16:50,800 | 21060 | ERROR | During handling of the above exception, another exception occurred:
2026-03-04 15:16:50,802 | 21060 | ERROR | Traceback (most recent call last):
2026-03-04 15:16:50,802 | 21060 | ERROR | File "C:\Users\maxwell\AppData\Local\Python\pythoncore-3.11-64\Lib\logging\__init__.py", line 1113, in emit
    stream.write(msg + self.terminator)
2026-03-04 15:16:50,803 | 21060 | ERROR | File "C:\Users\maxwell\AppData\Local\Python\pythoncore-3.11-64\Lib\encodings\cp1252.py", line 19, in encode
    return codecs.charmap_encode(input,self.errors,encoding_table)[0]
           ^^^^^^^^^^^^^^^^^^^^^^^^^^^^^^^^^^^^^^^^^^^^^^^^^^^^^^^
2026-03-04 15:16:50,804 | 21060 | ERROR | UnicodeEncodeError: 'charmap' codec can't encode character '\u2248' in position 192: character maps to <undefined>
2026-03-04 15:16:50,804 | 21060 | ERROR | During handling of the above exception, another exception occurred:
2026-03-04 15:16:50,805 | 21060 | ERROR | Traceback (most recent call last):
2026-03-04 15:16:50,805 | 21060 | ERROR | File "C:\Users\maxwell\AppData\Local\Python\pythoncore-3.11-64\Lib\logging\__init__.py", line 1113, in emit
    stream.write(msg + self.terminator)
2026-03-04 15:16:50,807 | 21060 | ERROR | File "C:\Users\maxwell\AppData\Local\Python\pythoncore-3.11-64\Lib\encodings\cp1252.py", line 19, in encode
    return codecs.charmap_encode(input,self.errors,encoding_table)[0]
           ^^^^^^^^^^^^^^^^^^^^^^^^^^^^^^^^^^^^^^^^^^^^^^^^^^^^^^^
2026-03-04 15:16:50,807 | 21060 | ERROR | UnicodeEncodeError: 'charmap' codec can't encode character '\u2248' in position 192: character maps to <undefined>
2026-03-04 15:16:50,808 | 21060 | ERROR | During handling of the above exception, another exception occurred:
2026-03-04 15:16:50,809 | 21060 | ERROR | Traceback (most recent call last):
2026-03-04 15:16:50,809 | 21060 | ERROR | File "C:\Users\maxwell\AppData\Local\Python\pythoncore-3.11-64\Lib\logging\__init__.py", line 1113, in emit
    stream.write(msg + self.terminator)
2026-03-04 15:16:50,809 | 21060 | ERROR | File "C:\Users\maxwell\AppData\Local\Python\pythoncore-3.11-64\Lib\encodings\cp1252.py", line 19, in encode
    return codecs.charmap_encode(input,self.errors,encoding_table)[0]
           ^^^^^^^^^^^^^^^^^^^^^^^^^^^^^^^^^^^^^^^^^^^^^^^^^^^^^^^
2026-03-04 15:16:50,811 | 21060 | ERROR | UnicodeEncodeError: 'charmap' codec can't encode character '\u2248' in position 192: character maps to <undefined>
2026-03-04 15:16:50,811 | 21060 | ERROR | During handling of the above exception, another exception occurred:
2026-03-04 15:16:50,812 | 21060 | ERROR | Traceback (most recent call last):
2026-03-04 15:16:50,812 | 21060 | ERROR | File "C:\Users\maxwell\AppData\Local\Python\pythoncore-3.11-64\Lib\logging\__init__.py", line 1113, in emit
    stream.write(msg + self.terminator)
2026-03-04 15:16:50,813 | 21060 | ERROR | File "C:\Users\maxwell\AppData\Local\Python\pythoncore-3.11-64\Lib\encodings\cp1252.py", line 19, in encode
    return codecs.charmap_encode(input,self.errors,encoding_table)[0]
           ^^^^^^^^^^^^^^^^^^^^^^^^^^^^^^^^^^^^^^^^^^^^^^^^^^^^^^^
2026-03-04 15:16:50,814 | 21060 | ERROR | UnicodeEncodeError: 'charmap' codec can't encode character '\u2248' in position 192: character maps to <undefined>
2026-03-04 15:16:50,814 | 21060 | ERROR | During handling of the above exception, another exception occurred:
2026-03-04 15:16:50,815 | 21060 | ERROR | Traceback (most recent call last):
2026-03-04 15:16:50,815 | 21060 | ERROR | File "C:\Users\maxwell\AppData\Local\Python\pythoncore-3.11-64\Lib\logging\__init__.py", line 1113, in emit
    stream.write(msg + self.terminator)
2026-03-04 15:16:50,815 | 21060 | ERROR | File "C:\Users\maxwell\AppData\Local\Python\pythoncore-3.11-64\Lib\encodings\cp1252.py", line 19, in encode
    return codecs.charmap_encode(input,self.errors,encoding_table)[0]
           ^^^^^^^^^^^^^^^^^^^^^^^^^^^^^^^^^^^^^^^^^^^^^^^^^^^^^^^
2026-03-04 15:16:50,815 | 21060 | ERROR | UnicodeEncodeError: 'charmap' codec can't encode character '\u2248' in position 192: character maps to <undefined>
2026-03-04 15:16:50,815 | 21060 | ERROR | During handling of the above exception, another exception occurred:
2026-03-04 15:16:50,815 | 21060 | ERROR | Traceback (most recent call last):
2026-03-04 15:16:50,815 | 21060 | ERROR | File "C:\Users\maxwell\AppData\Local\Python\pythoncore-3.11-64\Lib\logging\__init__.py", line 1113, in emit
    stream.write(msg + self.terminator)
2026-03-04 15:16:50,820 | 21060 | ERROR | File "C:\Users\maxwell\AppData\Local\Python\pythoncore-3.11-64\Lib\encodings\cp1252.py", line 19, in encode
    return codecs.charmap_encode(input,self.errors,encoding_table)[0]
           ^^^^^^^^^^^^^^^^^^^^^^^^^^^^^^^^^^^^^^^^^^^^^^^^^^^^^^^
2026-03-04 15:16:50,820 | 21060 | ERROR | UnicodeEncodeError: 'charmap' codec can't encode character '\u2248' in position 192: character maps to <undefined>
2026-03-04 15:16:50,821 | 21060 | ERROR | During handling of the above exception, another exception occurred:
2026-03-04 15:16:50,821 | 21060 | ERROR | Traceback (most recent call last):
2026-03-04 15:16:50,822 | 21060 | ERROR | File "C:\Users\maxwell\AppData\Local\Python\pythoncore-3.11-64\Lib\logging\__init__.py", line 1113, in emit
    stream.write(msg + self.terminator)
2026-03-04 15:16:50,822 | 21060 | ERROR | File "C:\Users\maxwell\AppData\Local\Python\pythoncore-3.11-64\Lib\encodings\cp1252.py", line 19, in encode
    return codecs.charmap_encode(input,self.errors,encoding_table)[0]
           ^^^^^^^^^^^^^^^^^^^^^^^^^^^^^^^^^^^^^^^^^^^^^^^^^^^^^^^
2026-03-04 15:16:50,823 | 21060 | ERROR | UnicodeEncodeError: 'charmap' codec can't encode character '\u2248' in position 192: character maps to <undefined>
2026-03-04 15:16:50,824 | 21060 | ERROR | During handling of the above exception, another exception occurred:
2026-03-04 15:16:50,825 | 21060 | ERROR | Traceback (most recent call last):
2026-03-04 15:16:50,825 | 21060 | ERROR | File "C:\Users\maxwell\AppData\Local\Python\pythoncore-3.11-64\Lib\logging\__init__.py", line 1113, in emit
    stream.write(msg + self.terminator)
2026-03-04 15:16:50,826 | 21060 | ERROR | File "C:\Users\maxwell\AppData\Local\Python\pythoncore-3.11-64\Lib\encodings\cp1252.py", line 19, in encode
    return codecs.charmap_encode(input,self.errors,encoding_table)[0]
           ^^^^^^^^^^^^^^^^^^^^^^^^^^^^^^^^^^^^^^^^^^^^^^^^^^^^^^^
2026-03-04 15:16:50,826 | 21060 | ERROR | UnicodeEncodeError: 'charmap' codec can't encode character '\u2248' in position 192: character maps to <undefined>
2026-03-04 15:16:50,828 | 21060 | ERROR | During handling of the above exception, another exception occurred:
2026-03-04 15:16:50,828 | 21060 | ERROR | Traceback (most recent call last):
2026-03-04 15:16:50,829 | 21060 | ERROR | File "C:\Users\maxwell\AppData\Local\Python\pythoncore-3.11-64\Lib\logging\__init__.py", line 1113, in emit
    stream.write(msg + self.terminator)
2026-03-04 15:16:50,830 | 21060 | ERROR | File "C:\Users\maxwell\AppData\Local\Python\pythoncore-3.11-64\Lib\encodings\cp1252.py", line 19, in encode
    return codecs.charmap_encode(input,self.errors,encoding_table)[0]
           ^^^^^^^^^^^^^^^^^^^^^^^^^^^^^^^^^^^^^^^^^^^^^^^^^^^^^^^
2026-03-04 15:16:50,830 | 21060 | ERROR | UnicodeEncodeError: 'charmap' codec can't encode character '\u2248' in position 192: character maps to <undefined>
2026-03-04 15:16:50,831 | 21060 | ERROR | During handling of the above exception, another exception occurred:
2026-03-04 15:16:50,832 | 21060 | ERROR | Traceback (most recent call last):
2026-03-04 15:16:50,832 | 21060 | ERROR | File "C:\Users\maxwell\AppData\Local\Python\pythoncore-3.11-64\Lib\logging\__init__.py", line 1113, in emit
    stream.write(msg + self.terminator)
2026-03-04 15:16:50,832 | 21060 | ERROR | File "C:\Users\maxwell\AppData\Local\Python\pythoncore-3.11-64\Lib\encodings\cp1252.py", line 19, in encode
    return codecs.charmap_encode(input,self.errors,encoding_table)[0]
           ^^^^^^^^^^^^^^^^^^^^^^^^^^^^^^^^^^^^^^^^^^^^^^^^^^^^^^^
2026-03-04 15:16:50,832 | 21060 | ERROR | UnicodeEncodeError: 'charmap' codec can't encode character '\u2248' in position 192: character maps to <undefined>
2026-03-04 15:16:50,832 | 21060 | ERROR | During handling of the above exception, another exception occurred:
2026-03-04 15:16:50,832 | 21060 | ERROR | Traceback (most recent call last):
2026-03-04 15:16:50,832 | 21060 | ERROR | File "C:\Users\maxwell\AppData\Local\Python\pythoncore-3.11-64\Lib\logging\__init__.py", line 1113, in emit
    stream.write(msg + self.terminator)
2026-03-04 15:16:50,836 | 21060 | ERROR | File "C:\Users\maxwell\AppData\Local\Python\pythoncore-3.11-64\Lib\encodings\cp1252.py", line 19, in encode
    return codecs.charmap_encode(input,self.errors,encoding_table)[0]
           ^^^^^^^^^^^^^^^^^^^^^^^^^^^^^^^^^^^^^^^^^^^^^^^^^^^^^^^
2026-03-04 15:16:50,836 | 21060 | ERROR | UnicodeEncodeError: 'charmap' codec can't encode character '\u2248' in position 192: character maps to <undefined>
2026-03-04 15:16:50,837 | 21060 | ERROR | During handling of the above exception, another exception occurred:
2026-03-04 15:16:50,837 | 21060 | ERROR | Traceback (most recent call last):
2026-03-04 15:16:50,839 | 21060 | ERROR | File "C:\Users\maxwell\AppData\Local\Python\pythoncore-3.11-64\Lib\logging\__init__.py", line 1113, in emit
    stream.write(msg + self.terminator)
2026-03-04 15:16:50,840 | 21060 | ERROR | File "C:\Users\maxwell\AppData\Local\Python\pythoncore-3.11-64\Lib\encodings\cp1252.py", line 19, in encode
    return codecs.charmap_encode(input,self.errors,encoding_table)[0]
           ^^^^^^^^^^^^^^^^^^^^^^^^^^^^^^^^^^^^^^^^^^^^^^^^^^^^^^^
2026-03-04 15:16:50,840 | 21060 | ERROR | UnicodeEncodeError: 'charmap' codec can't encode character '\u2248' in position 192: character maps to <undefined>
2026-03-04 15:16:50,841 | 21060 | ERROR | During handling of the above exception, another exception occurred:
2026-03-04 15:16:50,841 | 21060 | ERROR | Traceback (most recent call last):
2026-03-04 15:16:50,842 | 21060 | ERROR | File "C:\Users\maxwell\AppData\Local\Python\pythoncore-3.11-64\Lib\logging\__init__.py", line 1113, in emit
    stream.write(msg + self.terminator)
2026-03-04 15:16:50,843 | 21060 | ERROR | File "C:\Users\maxwell\AppData\Local\Python\pythoncore-3.11-64\Lib\encodings\cp1252.py", line 19, in encode
    return codecs.charmap_encode(input,self.errors,encoding_table)[0]
           ^^^^^^^^^^^^^^^^^^^^^^^^^^^^^^^^^^^^^^^^^^^^^^^^^^^^^^^
2026-03-04 15:16:50,843 | 21060 | ERROR | UnicodeEncodeError: 'charmap' codec can't encode character '\u2248' in position 192: character maps to <undefined>
2026-03-04 15:16:50,844 | 21060 | ERROR | During handling of the above exception, another exception occurred:
2026-03-04 15:16:50,844 | 21060 | ERROR | Traceback (most recent call last):
2026-03-04 15:16:50,845 | 21060 | ERROR | File "C:\Users\maxwell\AppData\Local\Python\pythoncore-3.11-64\Lib\logging\__init__.py", line 1113, in emit
    stream.write(msg + self.terminator)
2026-03-04 15:16:50,845 | 21060 | ERROR | File "C:\Users\maxwell\AppData\Local\Python\pythoncore-3.11-64\Lib\encodings\cp1252.py", line 19, in encode
    return codecs.charmap_encode(input,self.errors,encoding_table)[0]
           ^^^^^^^^^^^^^^^^^^^^^^^^^^^^^^^^^^^^^^^^^^^^^^^^^^^^^^^
2026-03-04 15:16:50,847 | 21060 | ERROR | UnicodeEncodeError: 'charmap' codec can't encode character '\u2248' in position 192: character maps to <undefined>
2026-03-04 15:16:50,847 | 21060 | ERROR | During handling of the above exception, another exception occurred:
2026-03-04 15:16:50,847 | 21060 | ERROR | Traceback (most recent call last):
2026-03-04 15:16:50,848 | 21060 | ERROR | File "C:\Users\maxwell\AppData\Local\Python\pythoncore-3.11-64\Lib\logging\__init__.py", line 1113, in emit
    stream.write(msg + self.terminator)
2026-03-04 15:16:50,848 | 21060 | ERROR | File "C:\Users\maxwell\AppData\Local\Python\pythoncore-3.11-64\Lib\encodings\cp1252.py", line 19, in encode
    return codecs.charmap_encode(input,self.errors,encoding_table)[0]
           ^^^^^^^^^^^^^^^^^^^^^^^^^^^^^^^^^^^^^^^^^^^^^^^^^^^^^^^
2026-03-04 15:16:50,848 | 21060 | ERROR | UnicodeEncodeError: 'charmap' codec can't encode character '\u2248' in position 192: character maps to <undefined>
2026-03-04 15:16:50,848 | 21060 | ERROR | During handling of the above exception, another exception occurred:
2026-03-04 15:16:50,848 | 21060 | ERROR | Traceback (most recent call last):
2026-03-04 15:16:50,848 | 21060 | ERROR | File "C:\Users\maxwell\AppData\Local\Python\pythoncore-3.11-64\Lib\logging\__init__.py", line 1113, in emit
    stream.write(msg + self.terminator)
2026-03-04 15:16:50,852 | 21060 | ERROR | File "C:\Users\maxwell\AppData\Local\Python\pythoncore-3.11-64\Lib\encodings\cp1252.py", line 19, in encode
    return codecs.charmap_encode(input,self.errors,encoding_table)[0]
           ^^^^^^^^^^^^^^^^^^^^^^^^^^^^^^^^^^^^^^^^^^^^^^^^^^^^^^^
2026-03-04 15:16:50,853 | 21060 | ERROR | UnicodeEncodeError: 'charmap' codec can't encode character '\u2248' in position 192: character maps to <undefined>
2026-03-04 15:16:50,854 | 21060 | ERROR | During handling of the above exception, another exception occurred:
2026-03-04 15:16:50,854 | 21060 | ERROR | Traceback (most recent call last):
2026-03-04 15:16:50,855 | 21060 | ERROR | File "C:\Users\maxwell\AppData\Local\Python\pythoncore-3.11-64\Lib\logging\__init__.py", line 1113, in emit
    stream.write(msg + self.terminator)
2026-03-04 15:16:50,856 | 21060 | ERROR | File "C:\Users\maxwell\AppData\Local\Python\pythoncore-3.11-64\Lib\encodings\cp1252.py", line 19, in encode
    return codecs.charmap_encode(input,self.errors,encoding_table)[0]
           ^^^^^^^^^^^^^^^^^^^^^^^^^^^^^^^^^^^^^^^^^^^^^^^^^^^^^^^
2026-03-04 15:16:50,856 | 21060 | ERROR | UnicodeEncodeError: 'charmap' codec can't encode character '\u2248' in position 192: character maps to <undefined>
2026-03-04 15:16:50,858 | 21060 | ERROR | During handling of the above exception, another exception occurred:
2026-03-04 15:16:50,858 | 21060 | ERROR | Traceback (most recent call last):
2026-03-04 15:16:50,858 | 21060 | ERROR | File "C:\Users\maxwell\AppData\Local\Python\pythoncore-3.11-64\Lib\logging\__init__.py", line 1113, in emit
    stream.write(msg + self.terminator)
2026-03-04 15:16:50,858 | 21060 | ERROR | File "C:\Users\maxwell\AppData\Local\Python\pythoncore-3.11-64\Lib\encodings\cp1252.py", line 19, in encode
    return codecs.charmap_encode(input,self.errors,encoding_table)[0]
           ^^^^^^^^^^^^^^^^^^^^^^^^^^^^^^^^^^^^^^^^^^^^^^^^^^^^^^^
2026-03-04 15:16:50,858 | 21060 | ERROR | UnicodeEncodeError: 'charmap' codec can't encode character '\u2248' in position 192: character maps to <undefined>
2026-03-04 15:16:50,858 | 21060 | ERROR | During handling of the above exception, another exception occurred:
2026-03-04 15:16:50,858 | 21060 | ERROR | Traceback (most recent call last):
2026-03-04 15:16:50,863 | 21060 | ERROR | File "C:\Users\maxwell\AppData\Local\Python\pythoncore-3.11-64\Lib\logging\__init__.py", line 1113, in emit
    stream.write(msg + self.terminator)
2026-03-04 15:16:50,863 | 21060 | ERROR | File "C:\Users\maxwell\AppData\Local\Python\pythoncore-3.11-64\Lib\encodings\cp1252.py", line 19, in encode
    return codecs.charmap_encode(input,self.errors,encoding_table)[0]
           ^^^^^^^^^^^^^^^^^^^^^^^^^^^^^^^^^^^^^^^^^^^^^^^^^^^^^^^
2026-03-04 15:16:50,864 | 21060 | ERROR | UnicodeEncodeError: 'charmap' codec can't encode character '\u2248' in position 192: character maps to <undefined>
2026-03-04 15:16:50,864 | 21060 | ERROR | Call stack:
2026-03-04 15:16:50,868 | 21060 | ERROR | File "C:\Users\maxwell\UCB-USACE-RR-PROJECT\run_hyperparam_search.py", line 853, in <module>
    setup_logging()
2026-03-04 15:16:50,868 | 21060 | ERROR | --- Logging error ---
2026-03-04 15:16:50,875 | 21060 | ERROR | Traceback (most recent call last):
2026-03-04 15:16:50,875 | 21060 | ERROR | File "C:\Users\maxwell\AppData\Local\Python\pythoncore-3.11-64\Lib\logging\__init__.py", line 1113, in emit
    stream.write(msg + self.terminator)
2026-03-04 15:16:50,875 | 21060 | ERROR | File "C:\Users\maxwell\AppData\Local\Python\pythoncore-3.11-64\Lib\encodings\cp1252.py", line 19, in encode
    return codecs.charmap_encode(input,self.errors,encoding_table)[0]
           ^^^^^^^^^^^^^^^^^^^^^^^^^^^^^^^^^^^^^^^^^^^^^^^^^^^^^^^
2026-03-04 15:16:50,880 | 21060 | ERROR | UnicodeEncodeError: 'charmap' codec can't encode character '\u2248' in position 107: character maps to <undefined>
2026-03-04 15:16:50,881 | 21060 | ERROR | During handling of the above exception, another exception occurred:
2026-03-04 15:16:50,881 | 21060 | ERROR | Traceback (most recent call last):
2026-03-04 15:16:50,882 | 21060 | ERROR | File "C:\Users\maxwell\AppData\Local\Python\pythoncore-3.11-64\Lib\logging\__init__.py", line 1113, in emit
    stream.write(msg + self.terminator)
2026-03-04 15:16:50,882 | 21060 | ERROR | File "C:\Users\maxwell\AppData\Local\Python\pythoncore-3.11-64\Lib\encodings\cp1252.py", line 19, in encode
    return codecs.charmap_encode(input,self.errors,encoding_table)[0]
           ^^^^^^^^^^^^^^^^^^^^^^^^^^^^^^^^^^^^^^^^^^^^^^^^^^^^^^^
2026-03-04 15:16:50,884 | 21060 | ERROR | UnicodeEncodeError: 'charmap' codec can't encode character '\u2248' in position 192: character maps to <undefined>
2026-03-04 15:16:50,885 | 21060 | ERROR | During handling of the above exception, another exception occurred:
2026-03-04 15:16:50,885 | 21060 | ERROR | Traceback (most recent call last):
2026-03-04 15:16:50,885 | 21060 | ERROR | File "C:\Users\maxwell\AppData\Local\Python\pythoncore-3.11-64\Lib\logging\__init__.py", line 1113, in emit
    stream.write(msg + self.terminator)
2026-03-04 15:16:50,887 | 21060 | ERROR | File "C:\Users\maxwell\AppData\Local\Python\pythoncore-3.11-64\Lib\encodings\cp1252.py", line 19, in encode
    return codecs.charmap_encode(input,self.errors,encoding_table)[0]
           ^^^^^^^^^^^^^^^^^^^^^^^^^^^^^^^^^^^^^^^^^^^^^^^^^^^^^^^
2026-03-04 15:16:50,888 | 21060 | ERROR | UnicodeEncodeError: 'charmap' codec can't encode character '\u2248' in position 192: character maps to <undefined>
2026-03-04 15:16:50,888 | 21060 | ERROR | During handling of the above exception, another exception occurred:
2026-03-04 15:16:50,889 | 21060 | ERROR | Traceback (most recent call last):
2026-03-04 15:16:50,889 | 21060 | ERROR | File "C:\Users\maxwell\AppData\Local\Python\pythoncore-3.11-64\Lib\logging\__init__.py", line 1113, in emit
    stream.write(msg + self.terminator)
2026-03-04 15:16:50,891 | 21060 | ERROR | File "C:\Users\maxwell\AppData\Local\Python\pythoncore-3.11-64\Lib\encodings\cp1252.py", line 19, in encode
    return codecs.charmap_encode(input,self.errors,encoding_table)[0]
           ^^^^^^^^^^^^^^^^^^^^^^^^^^^^^^^^^^^^^^^^^^^^^^^^^^^^^^^
2026-03-04 15:16:50,891 | 21060 | ERROR | UnicodeEncodeError: 'charmap' codec can't encode character '\u2248' in position 192: character maps to <undefined>
2026-03-04 15:16:50,892 | 21060 | ERROR | During handling of the above exception, another exception occurred:
2026-03-04 15:16:50,893 | 21060 | ERROR | Traceback (most recent call last):
2026-03-04 15:16:50,893 | 21060 | ERROR | File "C:\Users\maxwell\AppData\Local\Python\pythoncore-3.11-64\Lib\logging\__init__.py", line 1113, in emit
    stream.write(msg + self.terminator)
2026-03-04 15:16:50,894 | 21060 | ERROR | File "C:\Users\maxwell\AppData\Local\Python\pythoncore-3.11-64\Lib\encodings\cp1252.py", line 19, in encode
    return codecs.charmap_encode(input,self.errors,encoding_table)[0]
           ^^^^^^^^^^^^^^^^^^^^^^^^^^^^^^^^^^^^^^^^^^^^^^^^^^^^^^^
2026-03-04 15:16:50,895 | 21060 | ERROR | UnicodeEncodeError: 'charmap' codec can't encode character '\u2248' in position 192: character maps to <undefined>
2026-03-04 15:16:50,895 | 21060 | ERROR | During handling of the above exception, another exception occurred:
2026-03-04 15:16:50,895 | 21060 | ERROR | Traceback (most recent call last):
2026-03-04 15:16:50,895 | 21060 | ERROR | File "C:\Users\maxwell\AppData\Local\Python\pythoncore-3.11-64\Lib\logging\__init__.py", line 1113, in emit
    stream.write(msg + self.terminator)
2026-03-04 15:16:50,895 | 21060 | ERROR | File "C:\Users\maxwell\AppData\Local\Python\pythoncore-3.11-64\Lib\encodings\cp1252.py", line 19, in encode
    return codecs.charmap_encode(input,self.errors,encoding_table)[0]
           ^^^^^^^^^^^^^^^^^^^^^^^^^^^^^^^^^^^^^^^^^^^^^^^^^^^^^^^
2026-03-04 15:16:50,895 | 21060 | ERROR | UnicodeEncodeError: 'charmap' codec can't encode character '\u2248' in position 192: character maps to <undefined>
2026-03-04 15:16:50,895 | 21060 | ERROR | During handling of the above exception, another exception occurred:
2026-03-04 15:16:50,895 | 21060 | ERROR | Traceback (most recent call last):
2026-03-04 15:16:50,895 | 21060 | ERROR | File "C:\Users\maxwell\AppData\Local\Python\pythoncore-3.11-64\Lib\logging\__init__.py", line 1113, in emit
    stream.write(msg + self.terminator)
2026-03-04 15:16:50,900 | 21060 | ERROR | File "C:\Users\maxwell\AppData\Local\Python\pythoncore-3.11-64\Lib\encodings\cp1252.py", line 19, in encode
    return codecs.charmap_encode(input,self.errors,encoding_table)[0]
           ^^^^^^^^^^^^^^^^^^^^^^^^^^^^^^^^^^^^^^^^^^^^^^^^^^^^^^^
2026-03-04 15:16:50,901 | 21060 | ERROR | UnicodeEncodeError: 'charmap' codec can't encode character '\u2248' in position 192: character maps to <undefined>
2026-03-04 15:16:50,901 | 21060 | ERROR | During handling of the above exception, another exception occurred:
2026-03-04 15:16:50,902 | 21060 | ERROR | Traceback (most recent call last):
2026-03-04 15:16:50,902 | 21060 | ERROR | File "C:\Users\maxwell\AppData\Local\Python\pythoncore-3.11-64\Lib\logging\__init__.py", line 1113, in emit
    stream.write(msg + self.terminator)
2026-03-04 15:16:50,904 | 21060 | ERROR | File "C:\Users\maxwell\AppData\Local\Python\pythoncore-3.11-64\Lib\encodings\cp1252.py", line 19, in encode
    return codecs.charmap_encode(input,self.errors,encoding_table)[0]
           ^^^^^^^^^^^^^^^^^^^^^^^^^^^^^^^^^^^^^^^^^^^^^^^^^^^^^^^
2026-03-04 15:16:50,904 | 21060 | ERROR | UnicodeEncodeError: 'charmap' codec can't encode character '\u2248' in position 192: character maps to <undefined>
2026-03-04 15:16:50,905 | 21060 | ERROR | During handling of the above exception, another exception occurred:
2026-03-04 15:16:50,906 | 21060 | ERROR | Traceback (most recent call last):
2026-03-04 15:16:50,907 | 21060 | ERROR | File "C:\Users\maxwell\AppData\Local\Python\pythoncore-3.11-64\Lib\logging\__init__.py", line 1113, in emit
    stream.write(msg + self.terminator)
2026-03-04 15:16:50,907 | 21060 | ERROR | File "C:\Users\maxwell\AppData\Local\Python\pythoncore-3.11-64\Lib\encodings\cp1252.py", line 19, in encode
    return codecs.charmap_encode(input,self.errors,encoding_table)[0]
           ^^^^^^^^^^^^^^^^^^^^^^^^^^^^^^^^^^^^^^^^^^^^^^^^^^^^^^^
2026-03-04 15:16:50,908 | 21060 | ERROR | UnicodeEncodeError: 'charmap' codec can't encode character '\u2248' in position 192: character maps to <undefined>
2026-03-04 15:16:50,908 | 21060 | ERROR | During handling of the above exception, another exception occurred:
2026-03-04 15:16:50,909 | 21060 | ERROR | Traceback (most recent call last):
2026-03-04 15:16:50,909 | 21060 | ERROR | File "C:\Users\maxwell\AppData\Local\Python\pythoncore-3.11-64\Lib\logging\__init__.py", line 1113, in emit
    stream.write(msg + self.terminator)
2026-03-04 15:16:50,910 | 21060 | ERROR | File "C:\Users\maxwell\AppData\Local\Python\pythoncore-3.11-64\Lib\encodings\cp1252.py", line 19, in encode
    return codecs.charmap_encode(input,self.errors,encoding_table)[0]
           ^^^^^^^^^^^^^^^^^^^^^^^^^^^^^^^^^^^^^^^^^^^^^^^^^^^^^^^
2026-03-04 15:16:50,911 | 21060 | ERROR | UnicodeEncodeError: 'charmap' codec can't encode character '\u2248' in position 192: character maps to <undefined>
2026-03-04 15:16:50,911 | 21060 | ERROR | During handling of the above exception, another exception occurred:
2026-03-04 15:16:50,911 | 21060 | ERROR | Traceback (most recent call last):
2026-03-04 15:16:50,911 | 21060 | ERROR | File "C:\Users\maxwell\AppData\Local\Python\pythoncore-3.11-64\Lib\logging\__init__.py", line 1113, in emit
    stream.write(msg + self.terminator)
2026-03-04 15:16:50,911 | 21060 | ERROR | File "C:\Users\maxwell\AppData\Local\Python\pythoncore-3.11-64\Lib\encodings\cp1252.py", line 19, in encode
    return codecs.charmap_encode(input,self.errors,encoding_table)[0]
           ^^^^^^^^^^^^^^^^^^^^^^^^^^^^^^^^^^^^^^^^^^^^^^^^^^^^^^^
2026-03-04 15:16:50,911 | 21060 | ERROR | UnicodeEncodeError: 'charmap' codec can't encode character '\u2248' in position 192: character maps to <undefined>
2026-03-04 15:16:50,911 | 21060 | ERROR | During handling of the above exception, another exception occurred:
2026-03-04 15:16:50,911 | 21060 | ERROR | Traceback (most recent call last):
2026-03-04 15:16:50,911 | 21060 | ERROR | File "C:\Users\maxwell\AppData\Local\Python\pythoncore-3.11-64\Lib\logging\__init__.py", line 1113, in emit
    stream.write(msg + self.terminator)
2026-03-04 15:16:50,917 | 21060 | ERROR | File "C:\Users\maxwell\AppData\Local\Python\pythoncore-3.11-64\Lib\encodings\cp1252.py", line 19, in encode
    return codecs.charmap_encode(input,self.errors,encoding_table)[0]
           ^^^^^^^^^^^^^^^^^^^^^^^^^^^^^^^^^^^^^^^^^^^^^^^^^^^^^^^
2026-03-04 15:16:50,918 | 21060 | ERROR | UnicodeEncodeError: 'charmap' codec can't encode character '\u2248' in position 192: character maps to <undefined>
2026-03-04 15:16:50,918 | 21060 | ERROR | During handling of the above exception, another exception occurred:
2026-03-04 15:16:50,919 | 21060 | ERROR | Traceback (most recent call last):
2026-03-04 15:16:50,919 | 21060 | ERROR | File "C:\Users\maxwell\AppData\Local\Python\pythoncore-3.11-64\Lib\logging\__init__.py", line 1113, in emit
    stream.write(msg + self.terminator)
2026-03-04 15:16:50,921 | 21060 | ERROR | File "C:\Users\maxwell\AppData\Local\Python\pythoncore-3.11-64\Lib\encodings\cp1252.py", line 19, in encode
    return codecs.charmap_encode(input,self.errors,encoding_table)[0]
           ^^^^^^^^^^^^^^^^^^^^^^^^^^^^^^^^^^^^^^^^^^^^^^^^^^^^^^^
2026-03-04 15:16:50,921 | 21060 | ERROR | UnicodeEncodeError: 'charmap' codec can't encode character '\u2248' in position 192: character maps to <undefined>
2026-03-04 15:16:50,922 | 21060 | ERROR | During handling of the above exception, another exception occurred:
2026-03-04 15:16:50,923 | 21060 | ERROR | Traceback (most recent call last):
2026-03-04 15:16:50,923 | 21060 | ERROR | File "C:\Users\maxwell\AppData\Local\Python\pythoncore-3.11-64\Lib\logging\__init__.py", line 1113, in emit
    stream.write(msg + self.terminator)
2026-03-04 15:16:50,923 | 21060 | ERROR | File "C:\Users\maxwell\AppData\Local\Python\pythoncore-3.11-64\Lib\encodings\cp1252.py", line 19, in encode
    return codecs.charmap_encode(input,self.errors,encoding_table)[0]
           ^^^^^^^^^^^^^^^^^^^^^^^^^^^^^^^^^^^^^^^^^^^^^^^^^^^^^^^
2026-03-04 15:16:50,925 | 21060 | ERROR | UnicodeEncodeError: 'charmap' codec can't encode character '\u2248' in position 192: character maps to <undefined>
2026-03-04 15:16:50,926 | 21060 | ERROR | During handling of the above exception, another exception occurred:
2026-03-04 15:16:50,926 | 21060 | ERROR | Traceback (most recent call last):
2026-03-04 15:16:50,927 | 21060 | ERROR | File "C:\Users\maxwell\AppData\Local\Python\pythoncore-3.11-64\Lib\logging\__init__.py", line 1113, in emit
    stream.write(msg + self.terminator)
2026-03-04 15:16:50,928 | 21060 | ERROR | File "C:\Users\maxwell\AppData\Local\Python\pythoncore-3.11-64\Lib\encodings\cp1252.py", line 19, in encode
    return codecs.charmap_encode(input,self.errors,encoding_table)[0]
           ^^^^^^^^^^^^^^^^^^^^^^^^^^^^^^^^^^^^^^^^^^^^^^^^^^^^^^^
2026-03-04 15:16:50,928 | 21060 | ERROR | UnicodeEncodeError: 'charmap' codec can't encode character '\u2248' in position 192: character maps to <undefined>
2026-03-04 15:16:50,928 | 21060 | ERROR | During handling of the above exception, another exception occurred:
2026-03-04 15:16:50,928 | 21060 | ERROR | Traceback (most recent call last):
2026-03-04 15:16:50,928 | 21060 | ERROR | File "C:\Users\maxwell\AppData\Local\Python\pythoncore-3.11-64\Lib\logging\__init__.py", line 1113, in emit
    stream.write(msg + self.terminator)
2026-03-04 15:16:50,928 | 21060 | ERROR | File "C:\Users\maxwell\AppData\Local\Python\pythoncore-3.11-64\Lib\encodings\cp1252.py", line 19, in encode
    return codecs.charmap_encode(input,self.errors,encoding_table)[0]
           ^^^^^^^^^^^^^^^^^^^^^^^^^^^^^^^^^^^^^^^^^^^^^^^^^^^^^^^
2026-03-04 15:16:50,928 | 21060 | ERROR | UnicodeEncodeError: 'charmap' codec can't encode character '\u2248' in position 192: character maps to <undefined>
2026-03-04 15:16:50,928 | 21060 | ERROR | During handling of the above exception, another exception occurred:
2026-03-04 15:16:50,928 | 21060 | ERROR | Traceback (most recent call last):
2026-03-04 15:16:50,928 | 21060 | ERROR | File "C:\Users\maxwell\AppData\Local\Python\pythoncore-3.11-64\Lib\logging\__init__.py", line 1113, in emit
    stream.write(msg + self.terminator)
2026-03-04 15:16:50,935 | 21060 | ERROR | File "C:\Users\maxwell\AppData\Local\Python\pythoncore-3.11-64\Lib\encodings\cp1252.py", line 19, in encode
    return codecs.charmap_encode(input,self.errors,encoding_table)[0]
           ^^^^^^^^^^^^^^^^^^^^^^^^^^^^^^^^^^^^^^^^^^^^^^^^^^^^^^^
2026-03-04 15:16:50,935 | 21060 | ERROR | UnicodeEncodeError: 'charmap' codec can't encode character '\u2248' in position 192: character maps to <undefined>
2026-03-04 15:16:50,936 | 21060 | ERROR | During handling of the above exception, another exception occurred:
2026-03-04 15:16:50,937 | 21060 | ERROR | Traceback (most recent call last):
2026-03-04 15:16:50,937 | 21060 | ERROR | File "C:\Users\maxwell\AppData\Local\Python\pythoncore-3.11-64\Lib\logging\__init__.py", line 1113, in emit
    stream.write(msg + self.terminator)
2026-03-04 15:16:50,938 | 21060 | ERROR | File "C:\Users\maxwell\AppData\Local\Python\pythoncore-3.11-64\Lib\encodings\cp1252.py", line 19, in encode
    return codecs.charmap_encode(input,self.errors,encoding_table)[0]
           ^^^^^^^^^^^^^^^^^^^^^^^^^^^^^^^^^^^^^^^^^^^^^^^^^^^^^^^
2026-03-04 15:16:50,939 | 21060 | ERROR | UnicodeEncodeError: 'charmap' codec can't encode character '\u2248' in position 192: character maps to <undefined>
2026-03-04 15:16:50,939 | 21060 | ERROR | During handling of the above exception, another exception occurred:
2026-03-04 15:16:50,940 | 21060 | ERROR | Traceback (most recent call last):
2026-03-04 15:16:50,940 | 21060 | ERROR | File "C:\Users\maxwell\AppData\Local\Python\pythoncore-3.11-64\Lib\logging\__init__.py", line 1113, in emit
    stream.write(msg + self.terminator)
2026-03-04 15:16:50,940 | 21060 | ERROR | File "C:\Users\maxwell\AppData\Local\Python\pythoncore-3.11-64\Lib\encodings\cp1252.py", line 19, in encode
    return codecs.charmap_encode(input,self.errors,encoding_table)[0]
           ^^^^^^^^^^^^^^^^^^^^^^^^^^^^^^^^^^^^^^^^^^^^^^^^^^^^^^^
2026-03-04 15:16:50,940 | 21060 | ERROR | UnicodeEncodeError: 'charmap' codec can't encode character '\u2248' in position 192: character maps to <undefined>
2026-03-04 15:16:50,940 | 21060 | ERROR | During handling of the above exception, another exception occurred:
2026-03-04 15:16:50,940 | 21060 | ERROR | Traceback (most recent call last):
2026-03-04 15:16:50,940 | 21060 | ERROR | File "C:\Users\maxwell\AppData\Local\Python\pythoncore-3.11-64\Lib\logging\__init__.py", line 1113, in emit
    stream.write(msg + self.terminator)
2026-03-04 15:16:50,944 | 21060 | ERROR | File "C:\Users\maxwell\AppData\Local\Python\pythoncore-3.11-64\Lib\encodings\cp1252.py", line 19, in encode
    return codecs.charmap_encode(input,self.errors,encoding_table)[0]
           ^^^^^^^^^^^^^^^^^^^^^^^^^^^^^^^^^^^^^^^^^^^^^^^^^^^^^^^
2026-03-04 15:16:50,946 | 21060 | ERROR | UnicodeEncodeError: 'charmap' codec can't encode character '\u2248' in position 192: character maps to <undefined>
2026-03-04 15:16:50,946 | 21060 | ERROR | During handling of the above exception, another exception occurred:
2026-03-04 15:16:50,947 | 21060 | ERROR | Traceback (most recent call last):
2026-03-04 15:16:50,947 | 21060 | ERROR | File "C:\Users\maxwell\AppData\Local\Python\pythoncore-3.11-64\Lib\logging\__init__.py", line 1113, in emit
    stream.write(msg + self.terminator)
2026-03-04 15:16:50,948 | 21060 | ERROR | File "C:\Users\maxwell\AppData\Local\Python\pythoncore-3.11-64\Lib\encodings\cp1252.py", line 19, in encode
    return codecs.charmap_encode(input,self.errors,encoding_table)[0]
           ^^^^^^^^^^^^^^^^^^^^^^^^^^^^^^^^^^^^^^^^^^^^^^^^^^^^^^^
2026-03-04 15:16:50,949 | 21060 | ERROR | UnicodeEncodeError: 'charmap' codec can't encode character '\u2248' in position 192: character maps to <undefined>
2026-03-04 15:16:50,949 | 21060 | ERROR | During handling of the above exception, another exception occurred:
2026-03-04 15:16:50,950 | 21060 | ERROR | Traceback (most recent call last):
2026-03-04 15:16:50,950 | 21060 | ERROR | File "C:\Users\maxwell\AppData\Local\Python\pythoncore-3.11-64\Lib\logging\__init__.py", line 1113, in emit
    stream.write(msg + self.terminator)
2026-03-04 15:16:50,952 | 21060 | ERROR | File "C:\Users\maxwell\AppData\Local\Python\pythoncore-3.11-64\Lib\encodings\cp1252.py", line 19, in encode
    return codecs.charmap_encode(input,self.errors,encoding_table)[0]
           ^^^^^^^^^^^^^^^^^^^^^^^^^^^^^^^^^^^^^^^^^^^^^^^^^^^^^^^
2026-03-04 15:16:50,952 | 21060 | ERROR | UnicodeEncodeError: 'charmap' codec can't encode character '\u2248' in position 192: character maps to <undefined>
2026-03-04 15:16:50,953 | 21060 | ERROR | During handling of the above exception, another exception occurred:
2026-03-04 15:16:50,953 | 21060 | ERROR | Traceback (most recent call last):
2026-03-04 15:16:50,954 | 21060 | ERROR | File "C:\Users\maxwell\AppData\Local\Python\pythoncore-3.11-64\Lib\logging\__init__.py", line 1113, in emit
    stream.write(msg + self.terminator)
2026-03-04 15:16:50,955 | 21060 | ERROR | File "C:\Users\maxwell\AppData\Local\Python\pythoncore-3.11-64\Lib\encodings\cp1252.py", line 19, in encode
    return codecs.charmap_encode(input,self.errors,encoding_table)[0]
           ^^^^^^^^^^^^^^^^^^^^^^^^^^^^^^^^^^^^^^^^^^^^^^^^^^^^^^^
2026-03-04 15:16:50,956 | 21060 | ERROR | UnicodeEncodeError: 'charmap' codec can't encode character '\u2248' in position 192: character maps to <undefined>
2026-03-04 15:16:50,956 | 21060 | ERROR | During handling of the above exception, another exception occurred:
2026-03-04 15:16:50,957 | 21060 | ERROR | Traceback (most recent call last):
2026-03-04 15:16:50,957 | 21060 | ERROR | File "C:\Users\maxwell\AppData\Local\Python\pythoncore-3.11-64\Lib\logging\__init__.py", line 1113, in emit
    stream.write(msg + self.terminator)
2026-03-04 15:16:50,957 | 21060 | ERROR | File "C:\Users\maxwell\AppData\Local\Python\pythoncore-3.11-64\Lib\encodings\cp1252.py", line 19, in encode
    return codecs.charmap_encode(input,self.errors,encoding_table)[0]
           ^^^^^^^^^^^^^^^^^^^^^^^^^^^^^^^^^^^^^^^^^^^^^^^^^^^^^^^
2026-03-04 15:16:50,957 | 21060 | ERROR | UnicodeEncodeError: 'charmap' codec can't encode character '\u2248' in position 192: character maps to <undefined>
2026-03-04 15:16:50,957 | 21060 | ERROR | During handling of the above exception, another exception occurred:
2026-03-04 15:16:50,960 | 21060 | ERROR | Traceback (most recent call last):
2026-03-04 15:16:50,961 | 21060 | ERROR | File "C:\Users\maxwell\AppData\Local\Python\pythoncore-3.11-64\Lib\logging\__init__.py", line 1113, in emit
    stream.write(msg + self.terminator)
2026-03-04 15:16:50,961 | 21060 | ERROR | File "C:\Users\maxwell\AppData\Local\Python\pythoncore-3.11-64\Lib\encodings\cp1252.py", line 19, in encode
    return codecs.charmap_encode(input,self.errors,encoding_table)[0]
           ^^^^^^^^^^^^^^^^^^^^^^^^^^^^^^^^^^^^^^^^^^^^^^^^^^^^^^^
2026-03-04 15:16:50,962 | 21060 | ERROR | UnicodeEncodeError: 'charmap' codec can't encode character '\u2248' in position 192: character maps to <undefined>
2026-03-04 15:16:50,963 | 21060 | ERROR | During handling of the above exception, another exception occurred:
2026-03-04 15:16:50,963 | 21060 | ERROR | Traceback (most recent call last):
2026-03-04 15:16:50,964 | 21060 | ERROR | File "C:\Users\maxwell\AppData\Local\Python\pythoncore-3.11-64\Lib\logging\__init__.py", line 1113, in emit
    stream.write(msg + self.terminator)
2026-03-04 15:16:50,965 | 21060 | ERROR | File "C:\Users\maxwell\AppData\Local\Python\pythoncore-3.11-64\Lib\encodings\cp1252.py", line 19, in encode
    return codecs.charmap_encode(input,self.errors,encoding_table)[0]
           ^^^^^^^^^^^^^^^^^^^^^^^^^^^^^^^^^^^^^^^^^^^^^^^^^^^^^^^
2026-03-04 15:16:50,966 | 21060 | ERROR | UnicodeEncodeError: 'charmap' codec can't encode character '\u2248' in position 192: character maps to <undefined>
2026-03-04 15:16:50,966 | 21060 | ERROR | During handling of the above exception, another exception occurred:
2026-03-04 15:16:50,967 | 21060 | ERROR | Traceback (most recent call last):
2026-03-04 15:16:50,969 | 21060 | ERROR | File "C:\Users\maxwell\AppData\Local\Python\pythoncore-3.11-64\Lib\logging\__init__.py", line 1113, in emit
    stream.write(msg + self.terminator)
2026-03-04 15:16:50,969 | 21060 | ERROR | File "C:\Users\maxwell\AppData\Local\Python\pythoncore-3.11-64\Lib\encodings\cp1252.py", line 19, in encode
    return codecs.charmap_encode(input,self.errors,encoding_table)[0]
           ^^^^^^^^^^^^^^^^^^^^^^^^^^^^^^^^^^^^^^^^^^^^^^^^^^^^^^^
2026-03-04 15:16:50,970 | 21060 | ERROR | UnicodeEncodeError: 'charmap' codec can't encode character '\u2248' in position 192: character maps to <undefined>
2026-03-04 15:16:50,971 | 21060 | ERROR | Call stack:
2026-03-04 15:16:50,974 | 21060 | ERROR | File "C:\Users\maxwell\UCB-USACE-RR-PROJECT\run_hyperparam_search.py", line 853, in <module>
    setup_logging()
2026-03-04 15:16:50,975 | 21060 | ERROR | --- Logging error ---
2026-03-04 15:16:50,983 | 21060 | ERROR | Traceback (most recent call last):
2026-03-04 15:16:50,983 | 21060 | ERROR | File "C:\Users\maxwell\AppData\Local\Python\pythoncore-3.11-64\Lib\logging\__init__.py", line 1113, in emit
    stream.write(msg + self.terminator)
2026-03-04 15:16:50,983 | 21060 | ERROR | File "C:\Users\maxwell\AppData\Local\Python\pythoncore-3.11-64\Lib\encodings\cp1252.py", line 19, in encode
    return codecs.charmap_encode(input,self.errors,encoding_table)[0]
           ^^^^^^^^^^^^^^^^^^^^^^^^^^^^^^^^^^^^^^^^^^^^^^^^^^^^^^^
2026-03-04 15:16:50,983 | 21060 | ERROR | UnicodeEncodeError: 'charmap' codec can't encode character '\u2248' in position 107: character maps to <undefined>
2026-03-04 15:16:50,983 | 21060 | ERROR | During handling of the above exception, another exception occurred:
2026-03-04 15:16:50,989 | 21060 | ERROR | Traceback (most recent call last):
2026-03-04 15:16:50,990 | 21060 | ERROR | File "C:\Users\maxwell\AppData\Local\Python\pythoncore-3.11-64\Lib\logging\__init__.py", line 1113, in emit
    stream.write(msg + self.terminator)
2026-03-04 15:16:50,990 | 21060 | ERROR | File "C:\Users\maxwell\AppData\Local\Python\pythoncore-3.11-64\Lib\encodings\cp1252.py", line 19, in encode
    return codecs.charmap_encode(input,self.errors,encoding_table)[0]
           ^^^^^^^^^^^^^^^^^^^^^^^^^^^^^^^^^^^^^^^^^^^^^^^^^^^^^^^
2026-03-04 15:16:50,991 | 21060 | ERROR | UnicodeEncodeError: 'charmap' codec can't encode character '\u2248' in position 192: character maps to <undefined>
2026-03-04 15:16:50,991 | 21060 | ERROR | During handling of the above exception, another exception occurred:
2026-03-04 15:16:50,992 | 21060 | ERROR | Traceback (most recent call last):
2026-03-04 15:16:50,992 | 21060 | ERROR | File "C:\Users\maxwell\AppData\Local\Python\pythoncore-3.11-64\Lib\logging\__init__.py", line 1113, in emit
    stream.write(msg + self.terminator)
2026-03-04 15:16:50,994 | 21060 | ERROR | File "C:\Users\maxwell\AppData\Local\Python\pythoncore-3.11-64\Lib\encodings\cp1252.py", line 19, in encode
    return codecs.charmap_encode(input,self.errors,encoding_table)[0]
           ^^^^^^^^^^^^^^^^^^^^^^^^^^^^^^^^^^^^^^^^^^^^^^^^^^^^^^^
2026-03-04 15:16:50,994 | 21060 | ERROR | UnicodeEncodeError: 'charmap' codec can't encode character '\u2248' in position 192: character maps to <undefined>
2026-03-04 15:16:50,994 | 21060 | ERROR | During handling of the above exception, another exception occurred:
2026-03-04 15:16:50,996 | 21060 | ERROR | Traceback (most recent call last):
2026-03-04 15:16:50,996 | 21060 | ERROR | File "C:\Users\maxwell\AppData\Local\Python\pythoncore-3.11-64\Lib\logging\__init__.py", line 1113, in emit
    stream.write(msg + self.terminator)
2026-03-04 15:16:50,997 | 21060 | ERROR | File "C:\Users\maxwell\AppData\Local\Python\pythoncore-3.11-64\Lib\encodings\cp1252.py", line 19, in encode
    return codecs.charmap_encode(input,self.errors,encoding_table)[0]
           ^^^^^^^^^^^^^^^^^^^^^^^^^^^^^^^^^^^^^^^^^^^^^^^^^^^^^^^
2026-03-04 15:16:50,997 | 21060 | ERROR | UnicodeEncodeError: 'charmap' codec can't encode character '\u2248' in position 192: character maps to <undefined>
2026-03-04 15:16:50,998 | 21060 | ERROR | During handling of the above exception, another exception occurred:
2026-03-04 15:16:50,999 | 21060 | ERROR | Traceback (most recent call last):
2026-03-04 15:16:50,999 | 21060 | ERROR | File "C:\Users\maxwell\AppData\Local\Python\pythoncore-3.11-64\Lib\logging\__init__.py", line 1113, in emit
    stream.write(msg + self.terminator)
2026-03-04 15:16:50,999 | 21060 | ERROR | File "C:\Users\maxwell\AppData\Local\Python\pythoncore-3.11-64\Lib\encodings\cp1252.py", line 19, in encode
    return codecs.charmap_encode(input,self.errors,encoding_table)[0]
           ^^^^^^^^^^^^^^^^^^^^^^^^^^^^^^^^^^^^^^^^^^^^^^^^^^^^^^^
2026-03-04 15:16:50,999 | 21060 | ERROR | UnicodeEncodeError: 'charmap' codec can't encode character '\u2248' in position 192: character maps to <undefined>
2026-03-04 15:16:50,999 | 21060 | ERROR | During handling of the above exception, another exception occurred:
2026-03-04 15:16:50,999 | 21060 | ERROR | Traceback (most recent call last):
2026-03-04 15:16:50,999 | 21060 | ERROR | File "C:\Users\maxwell\AppData\Local\Python\pythoncore-3.11-64\Lib\logging\__init__.py", line 1113, in emit
    stream.write(msg + self.terminator)
2026-03-04 15:16:50,999 | 21060 | ERROR | File "C:\Users\maxwell\AppData\Local\Python\pythoncore-3.11-64\Lib\encodings\cp1252.py", line 19, in encode
    return codecs.charmap_encode(input,self.errors,encoding_table)[0]
           ^^^^^^^^^^^^^^^^^^^^^^^^^^^^^^^^^^^^^^^^^^^^^^^^^^^^^^^
2026-03-04 15:16:50,999 | 21060 | ERROR | UnicodeEncodeError: 'charmap' codec can't encode character '\u2248' in position 192: character maps to <undefined>
2026-03-04 15:16:50,999 | 21060 | ERROR | During handling of the above exception, another exception occurred:
2026-03-04 15:16:51,006 | 21060 | ERROR | Traceback (most recent call last):
2026-03-04 15:16:51,006 | 21060 | ERROR | File "C:\Users\maxwell\AppData\Local\Python\pythoncore-3.11-64\Lib\logging\__init__.py", line 1113, in emit
    stream.write(msg + self.terminator)
2026-03-04 15:16:51,007 | 21060 | ERROR | File "C:\Users\maxwell\AppData\Local\Python\pythoncore-3.11-64\Lib\encodings\cp1252.py", line 19, in encode
    return codecs.charmap_encode(input,self.errors,encoding_table)[0]
           ^^^^^^^^^^^^^^^^^^^^^^^^^^^^^^^^^^^^^^^^^^^^^^^^^^^^^^^
2026-03-04 15:16:51,007 | 21060 | ERROR | UnicodeEncodeError: 'charmap' codec can't encode character '\u2248' in position 192: character maps to <undefined>
2026-03-04 15:16:51,009 | 21060 | ERROR | During handling of the above exception, another exception occurred:
2026-03-04 15:16:51,009 | 21060 | ERROR | Traceback (most recent call last):
2026-03-04 15:16:51,010 | 21060 | ERROR | File "C:\Users\maxwell\AppData\Local\Python\pythoncore-3.11-64\Lib\logging\__init__.py", line 1113, in emit
    stream.write(msg + self.terminator)
2026-03-04 15:16:51,010 | 21060 | ERROR | File "C:\Users\maxwell\AppData\Local\Python\pythoncore-3.11-64\Lib\encodings\cp1252.py", line 19, in encode
    return codecs.charmap_encode(input,self.errors,encoding_table)[0]
           ^^^^^^^^^^^^^^^^^^^^^^^^^^^^^^^^^^^^^^^^^^^^^^^^^^^^^^^
2026-03-04 15:16:51,011 | 21060 | ERROR | UnicodeEncodeError: 'charmap' codec can't encode character '\u2248' in position 192: character maps to <undefined>
2026-03-04 15:16:51,011 | 21060 | ERROR | During handling of the above exception, another exception occurred:
2026-03-04 15:16:51,013 | 21060 | ERROR | Traceback (most recent call last):
2026-03-04 15:16:51,013 | 21060 | ERROR | File "C:\Users\maxwell\AppData\Local\Python\pythoncore-3.11-64\Lib\logging\__init__.py", line 1113, in emit
    stream.write(msg + self.terminator)
2026-03-04 15:16:51,014 | 21060 | ERROR | File "C:\Users\maxwell\AppData\Local\Python\pythoncore-3.11-64\Lib\encodings\cp1252.py", line 19, in encode
    return codecs.charmap_encode(input,self.errors,encoding_table)[0]
           ^^^^^^^^^^^^^^^^^^^^^^^^^^^^^^^^^^^^^^^^^^^^^^^^^^^^^^^
2026-03-04 15:16:51,014 | 21060 | ERROR | UnicodeEncodeError: 'charmap' codec can't encode character '\u2248' in position 192: character maps to <undefined>
2026-03-04 15:16:51,015 | 21060 | ERROR | During handling of the above exception, another exception occurred:
2026-03-04 15:16:51,015 | 21060 | ERROR | Traceback (most recent call last):
2026-03-04 15:16:51,016 | 21060 | ERROR | File "C:\Users\maxwell\AppData\Local\Python\pythoncore-3.11-64\Lib\logging\__init__.py", line 1113, in emit
    stream.write(msg + self.terminator)
2026-03-04 15:16:51,018 | 21060 | ERROR | File "C:\Users\maxwell\AppData\Local\Python\pythoncore-3.11-64\Lib\encodings\cp1252.py", line 19, in encode
    return codecs.charmap_encode(input,self.errors,encoding_table)[0]
           ^^^^^^^^^^^^^^^^^^^^^^^^^^^^^^^^^^^^^^^^^^^^^^^^^^^^^^^
2026-03-04 15:16:51,018 | 21060 | ERROR | UnicodeEncodeError: 'charmap' codec can't encode character '\u2248' in position 192: character maps to <undefined>
2026-03-04 15:16:51,019 | 21060 | ERROR | During handling of the above exception, another exception occurred:
2026-03-04 15:16:51,020 | 21060 | ERROR | Traceback (most recent call last):
2026-03-04 15:16:51,020 | 21060 | ERROR | File "C:\Users\maxwell\AppData\Local\Python\pythoncore-3.11-64\Lib\logging\__init__.py", line 1113, in emit
    stream.write(msg + self.terminator)
2026-03-04 15:16:51,021 | 21060 | ERROR | File "C:\Users\maxwell\AppData\Local\Python\pythoncore-3.11-64\Lib\encodings\cp1252.py", line 19, in encode
    return codecs.charmap_encode(input,self.errors,encoding_table)[0]
           ^^^^^^^^^^^^^^^^^^^^^^^^^^^^^^^^^^^^^^^^^^^^^^^^^^^^^^^
2026-03-04 15:16:51,021 | 21060 | ERROR | UnicodeEncodeError: 'charmap' codec can't encode character '\u2248' in position 192: character maps to <undefined>
2026-03-04 15:16:51,022 | 21060 | ERROR | During handling of the above exception, another exception occurred:
2026-03-04 15:16:51,023 | 21060 | ERROR | Traceback (most recent call last):
2026-03-04 15:16:51,023 | 21060 | ERROR | File "C:\Users\maxwell\AppData\Local\Python\pythoncore-3.11-64\Lib\logging\__init__.py", line 1113, in emit
    stream.write(msg + self.terminator)
2026-03-04 15:16:51,025 | 21060 | ERROR | File "C:\Users\maxwell\AppData\Local\Python\pythoncore-3.11-64\Lib\encodings\cp1252.py", line 19, in encode
    return codecs.charmap_encode(input,self.errors,encoding_table)[0]
           ^^^^^^^^^^^^^^^^^^^^^^^^^^^^^^^^^^^^^^^^^^^^^^^^^^^^^^^
2026-03-04 15:16:51,025 | 21060 | ERROR | UnicodeEncodeError: 'charmap' codec can't encode character '\u2248' in position 192: character maps to <undefined>
2026-03-04 15:16:51,026 | 21060 | ERROR | During handling of the above exception, another exception occurred:
2026-03-04 15:16:51,026 | 21060 | ERROR | Traceback (most recent call last):
2026-03-04 15:16:51,027 | 21060 | ERROR | File "C:\Users\maxwell\AppData\Local\Python\pythoncore-3.11-64\Lib\logging\__init__.py", line 1113, in emit
    stream.write(msg + self.terminator)
2026-03-04 15:16:51,028 | 21060 | ERROR | File "C:\Users\maxwell\AppData\Local\Python\pythoncore-3.11-64\Lib\encodings\cp1252.py", line 19, in encode
    return codecs.charmap_encode(input,self.errors,encoding_table)[0]
           ^^^^^^^^^^^^^^^^^^^^^^^^^^^^^^^^^^^^^^^^^^^^^^^^^^^^^^^
2026-03-04 15:16:51,028 | 21060 | ERROR | UnicodeEncodeError: 'charmap' codec can't encode character '\u2248' in position 192: character maps to <undefined>
2026-03-04 15:16:51,028 | 21060 | ERROR | During handling of the above exception, another exception occurred:
2026-03-04 15:16:51,028 | 21060 | ERROR | Traceback (most recent call last):
2026-03-04 15:16:51,028 | 21060 | ERROR | File "C:\Users\maxwell\AppData\Local\Python\pythoncore-3.11-64\Lib\logging\__init__.py", line 1113, in emit
    stream.write(msg + self.terminator)
2026-03-04 15:16:51,028 | 21060 | ERROR | File "C:\Users\maxwell\AppData\Local\Python\pythoncore-3.11-64\Lib\encodings\cp1252.py", line 19, in encode
    return codecs.charmap_encode(input,self.errors,encoding_table)[0]
           ^^^^^^^^^^^^^^^^^^^^^^^^^^^^^^^^^^^^^^^^^^^^^^^^^^^^^^^
2026-03-04 15:16:51,028 | 21060 | ERROR | UnicodeEncodeError: 'charmap' codec can't encode character '\u2248' in position 192: character maps to <undefined>
2026-03-04 15:16:51,028 | 21060 | ERROR | During handling of the above exception, another exception occurred:
2026-03-04 15:16:51,028 | 21060 | ERROR | Traceback (most recent call last):
2026-03-04 15:16:51,028 | 21060 | ERROR | File "C:\Users\maxwell\AppData\Local\Python\pythoncore-3.11-64\Lib\logging\__init__.py", line 1113, in emit
    stream.write(msg + self.terminator)
2026-03-04 15:16:51,034 | 21060 | ERROR | File "C:\Users\maxwell\AppData\Local\Python\pythoncore-3.11-64\Lib\encodings\cp1252.py", line 19, in encode
    return codecs.charmap_encode(input,self.errors,encoding_table)[0]
           ^^^^^^^^^^^^^^^^^^^^^^^^^^^^^^^^^^^^^^^^^^^^^^^^^^^^^^^
2026-03-04 15:16:51,035 | 21060 | ERROR | UnicodeEncodeError: 'charmap' codec can't encode character '\u2248' in position 192: character maps to <undefined>
2026-03-04 15:16:51,035 | 21060 | ERROR | During handling of the above exception, another exception occurred:
2026-03-04 15:16:51,036 | 21060 | ERROR | Traceback (most recent call last):
2026-03-04 15:16:51,036 | 21060 | ERROR | File "C:\Users\maxwell\AppData\Local\Python\pythoncore-3.11-64\Lib\logging\__init__.py", line 1113, in emit
    stream.write(msg + self.terminator)
2026-03-04 15:16:51,037 | 21060 | ERROR | File "C:\Users\maxwell\AppData\Local\Python\pythoncore-3.11-64\Lib\encodings\cp1252.py", line 19, in encode
    return codecs.charmap_encode(input,self.errors,encoding_table)[0]
           ^^^^^^^^^^^^^^^^^^^^^^^^^^^^^^^^^^^^^^^^^^^^^^^^^^^^^^^
2026-03-04 15:16:51,037 | 21060 | ERROR | UnicodeEncodeError: 'charmap' codec can't encode character '\u2248' in position 192: character maps to <undefined>
2026-03-04 15:16:51,039 | 21060 | ERROR | During handling of the above exception, another exception occurred:
2026-03-04 15:16:51,039 | 21060 | ERROR | Traceback (most recent call last):
2026-03-04 15:16:51,039 | 21060 | ERROR | File "C:\Users\maxwell\AppData\Local\Python\pythoncore-3.11-64\Lib\logging\__init__.py", line 1113, in emit
    stream.write(msg + self.terminator)
2026-03-04 15:16:51,039 | 21060 | ERROR | File "C:\Users\maxwell\AppData\Local\Python\pythoncore-3.11-64\Lib\encodings\cp1252.py", line 19, in encode
    return codecs.charmap_encode(input,self.errors,encoding_table)[0]
           ^^^^^^^^^^^^^^^^^^^^^^^^^^^^^^^^^^^^^^^^^^^^^^^^^^^^^^^
2026-03-04 15:16:51,042 | 21060 | ERROR | UnicodeEncodeError: 'charmap' codec can't encode character '\u2248' in position 192: character maps to <undefined>
2026-03-04 15:16:51,043 | 21060 | ERROR | During handling of the above exception, another exception occurred:
2026-03-04 15:16:51,043 | 21060 | ERROR | Traceback (most recent call last):
2026-03-04 15:16:51,044 | 21060 | ERROR | File "C:\Users\maxwell\AppData\Local\Python\pythoncore-3.11-64\Lib\logging\__init__.py", line 1113, in emit
    stream.write(msg + self.terminator)
2026-03-04 15:16:51,044 | 21060 | ERROR | File "C:\Users\maxwell\AppData\Local\Python\pythoncore-3.11-64\Lib\encodings\cp1252.py", line 19, in encode
    return codecs.charmap_encode(input,self.errors,encoding_table)[0]
           ^^^^^^^^^^^^^^^^^^^^^^^^^^^^^^^^^^^^^^^^^^^^^^^^^^^^^^^
2026-03-04 15:16:51,045 | 21060 | ERROR | UnicodeEncodeError: 'charmap' codec can't encode character '\u2248' in position 192: character maps to <undefined>
2026-03-04 15:16:51,045 | 21060 | ERROR | During handling of the above exception, another exception occurred:
2026-03-04 15:16:51,046 | 21060 | ERROR | Traceback (most recent call last):
2026-03-04 15:16:51,048 | 21060 | ERROR | File "C:\Users\maxwell\AppData\Local\Python\pythoncore-3.11-64\Lib\logging\__init__.py", line 1113, in emit
    stream.write(msg + self.terminator)
2026-03-04 15:16:51,048 | 21060 | ERROR | File "C:\Users\maxwell\AppData\Local\Python\pythoncore-3.11-64\Lib\encodings\cp1252.py", line 19, in encode
    return codecs.charmap_encode(input,self.errors,encoding_table)[0]
           ^^^^^^^^^^^^^^^^^^^^^^^^^^^^^^^^^^^^^^^^^^^^^^^^^^^^^^^
2026-03-04 15:16:51,049 | 21060 | ERROR | UnicodeEncodeError: 'charmap' codec can't encode character '\u2248' in position 192: character maps to <undefined>
2026-03-04 15:16:51,049 | 21060 | ERROR | During handling of the above exception, another exception occurred:
2026-03-04 15:16:51,050 | 21060 | ERROR | Traceback (most recent call last):
2026-03-04 15:16:51,050 | 21060 | ERROR | File "C:\Users\maxwell\AppData\Local\Python\pythoncore-3.11-64\Lib\logging\__init__.py", line 1113, in emit
    stream.write(msg + self.terminator)
2026-03-04 15:16:51,050 | 21060 | ERROR | File "C:\Users\maxwell\AppData\Local\Python\pythoncore-3.11-64\Lib\encodings\cp1252.py", line 19, in encode
    return codecs.charmap_encode(input,self.errors,encoding_table)[0]
           ^^^^^^^^^^^^^^^^^^^^^^^^^^^^^^^^^^^^^^^^^^^^^^^^^^^^^^^
2026-03-04 15:16:51,050 | 21060 | ERROR | UnicodeEncodeError: 'charmap' codec can't encode character '\u2248' in position 192: character maps to <undefined>
2026-03-04 15:16:51,050 | 21060 | ERROR | During handling of the above exception, another exception occurred:
2026-03-04 15:16:51,050 | 21060 | ERROR | Traceback (most recent call last):
2026-03-04 15:16:51,054 | 21060 | ERROR | File "C:\Users\maxwell\AppData\Local\Python\pythoncore-3.11-64\Lib\logging\__init__.py", line 1113, in emit
    stream.write(msg + self.terminator)
2026-03-04 15:16:51,055 | 21060 | ERROR | File "C:\Users\maxwell\AppData\Local\Python\pythoncore-3.11-64\Lib\encodings\cp1252.py", line 19, in encode
    return codecs.charmap_encode(input,self.errors,encoding_table)[0]
           ^^^^^^^^^^^^^^^^^^^^^^^^^^^^^^^^^^^^^^^^^^^^^^^^^^^^^^^
2026-03-04 15:16:51,055 | 21060 | ERROR | UnicodeEncodeError: 'charmap' codec can't encode character '\u2248' in position 192: character maps to <undefined>
2026-03-04 15:16:51,057 | 21060 | ERROR | During handling of the above exception, another exception occurred:
2026-03-04 15:16:51,057 | 21060 | ERROR | Traceback (most recent call last):
2026-03-04 15:16:51,058 | 21060 | ERROR | File "C:\Users\maxwell\AppData\Local\Python\pythoncore-3.11-64\Lib\logging\__init__.py", line 1113, in emit
    stream.write(msg + self.terminator)
2026-03-04 15:16:51,058 | 21060 | ERROR | File "C:\Users\maxwell\AppData\Local\Python\pythoncore-3.11-64\Lib\encodings\cp1252.py", line 19, in encode
    return codecs.charmap_encode(input,self.errors,encoding_table)[0]
           ^^^^^^^^^^^^^^^^^^^^^^^^^^^^^^^^^^^^^^^^^^^^^^^^^^^^^^^
2026-03-04 15:16:51,059 | 21060 | ERROR | UnicodeEncodeError: 'charmap' codec can't encode character '\u2248' in position 192: character maps to <undefined>
2026-03-04 15:16:51,060 | 21060 | ERROR | During handling of the above exception, another exception occurred:
2026-03-04 15:16:51,061 | 21060 | ERROR | Traceback (most recent call last):
2026-03-04 15:16:51,061 | 21060 | ERROR | File "C:\Users\maxwell\AppData\Local\Python\pythoncore-3.11-64\Lib\logging\__init__.py", line 1113, in emit
    stream.write(msg + self.terminator)
2026-03-04 15:16:51,062 | 21060 | ERROR | File "C:\Users\maxwell\AppData\Local\Python\pythoncore-3.11-64\Lib\encodings\cp1252.py", line 19, in encode
    return codecs.charmap_encode(input,self.errors,encoding_table)[0]
           ^^^^^^^^^^^^^^^^^^^^^^^^^^^^^^^^^^^^^^^^^^^^^^^^^^^^^^^
2026-03-04 15:16:51,062 | 21060 | ERROR | UnicodeEncodeError: 'charmap' codec can't encode character '\u2248' in position 192: character maps to <undefined>
2026-03-04 15:16:51,063 | 21060 | ERROR | During handling of the above exception, another exception occurred:
2026-03-04 15:16:51,063 | 21060 | ERROR | Traceback (most recent call last):
2026-03-04 15:16:51,064 | 21060 | ERROR | File "C:\Users\maxwell\AppData\Local\Python\pythoncore-3.11-64\Lib\logging\__init__.py", line 1113, in emit
    stream.write(msg + self.terminator)
2026-03-04 15:16:51,065 | 21060 | ERROR | File "C:\Users\maxwell\AppData\Local\Python\pythoncore-3.11-64\Lib\encodings\cp1252.py", line 19, in encode
    return codecs.charmap_encode(input,self.errors,encoding_table)[0]
           ^^^^^^^^^^^^^^^^^^^^^^^^^^^^^^^^^^^^^^^^^^^^^^^^^^^^^^^
2026-03-04 15:16:51,066 | 21060 | ERROR | UnicodeEncodeError: 'charmap' codec can't encode character '\u2248' in position 192: character maps to <undefined>
2026-03-04 15:16:51,066 | 21060 | ERROR | During handling of the above exception, another exception occurred:
2026-03-04 15:16:51,066 | 21060 | ERROR | Traceback (most recent call last):
2026-03-04 15:16:51,066 | 21060 | ERROR | File "C:\Users\maxwell\AppData\Local\Python\pythoncore-3.11-64\Lib\logging\__init__.py", line 1113, in emit
    stream.write(msg + self.terminator)
2026-03-04 15:16:51,066 | 21060 | ERROR | File "C:\Users\maxwell\AppData\Local\Python\pythoncore-3.11-64\Lib\encodings\cp1252.py", line 19, in encode
    return codecs.charmap_encode(input,self.errors,encoding_table)[0]
           ^^^^^^^^^^^^^^^^^^^^^^^^^^^^^^^^^^^^^^^^^^^^^^^^^^^^^^^
2026-03-04 15:16:51,066 | 21060 | ERROR | UnicodeEncodeError: 'charmap' codec can't encode character '\u2248' in position 192: character maps to <undefined>
2026-03-04 15:16:51,066 | 21060 | ERROR | During handling of the above exception, another exception occurred:
2026-03-04 15:16:51,066 | 21060 | ERROR | Traceback (most recent call last):
2026-03-04 15:16:51,066 | 21060 | ERROR | File "C:\Users\maxwell\AppData\Local\Python\pythoncore-3.11-64\Lib\logging\__init__.py", line 1113, in emit
    stream.write(msg + self.terminator)
2026-03-04 15:16:51,071 | 21060 | ERROR | File "C:\Users\maxwell\AppData\Local\Python\pythoncore-3.11-64\Lib\encodings\cp1252.py", line 19, in encode
    return codecs.charmap_encode(input,self.errors,encoding_table)[0]
           ^^^^^^^^^^^^^^^^^^^^^^^^^^^^^^^^^^^^^^^^^^^^^^^^^^^^^^^
2026-03-04 15:16:51,072 | 21060 | ERROR | UnicodeEncodeError: 'charmap' codec can't encode character '\u2248' in position 192: character maps to <undefined>
2026-03-04 15:16:51,072 | 21060 | ERROR | During handling of the above exception, another exception occurred:
2026-03-04 15:16:51,073 | 21060 | ERROR | Traceback (most recent call last):
2026-03-04 15:16:51,074 | 21060 | ERROR | File "C:\Users\maxwell\AppData\Local\Python\pythoncore-3.11-64\Lib\logging\__init__.py", line 1113, in emit
    stream.write(msg + self.terminator)
2026-03-04 15:16:51,075 | 21060 | ERROR | File "C:\Users\maxwell\AppData\Local\Python\pythoncore-3.11-64\Lib\encodings\cp1252.py", line 19, in encode
    return codecs.charmap_encode(input,self.errors,encoding_table)[0]
           ^^^^^^^^^^^^^^^^^^^^^^^^^^^^^^^^^^^^^^^^^^^^^^^^^^^^^^^
2026-03-04 15:16:51,075 | 21060 | ERROR | UnicodeEncodeError: 'charmap' codec can't encode character '\u2248' in position 192: character maps to <undefined>
2026-03-04 15:16:51,076 | 21060 | ERROR | During handling of the above exception, another exception occurred:
2026-03-04 15:16:51,076 | 21060 | ERROR | Traceback (most recent call last):
2026-03-04 15:16:51,076 | 21060 | ERROR | File "C:\Users\maxwell\AppData\Local\Python\pythoncore-3.11-64\Lib\logging\__init__.py", line 1113, in emit
    stream.write(msg + self.terminator)
2026-03-04 15:16:51,076 | 21060 | ERROR | File "C:\Users\maxwell\AppData\Local\Python\pythoncore-3.11-64\Lib\encodings\cp1252.py", line 19, in encode
    return codecs.charmap_encode(input,self.errors,encoding_table)[0]
           ^^^^^^^^^^^^^^^^^^^^^^^^^^^^^^^^^^^^^^^^^^^^^^^^^^^^^^^
2026-03-04 15:16:51,076 | 21060 | ERROR | UnicodeEncodeError: 'charmap' codec can't encode character '\u2248' in position 192: character maps to <undefined>
2026-03-04 15:16:51,076 | 21060 | ERROR | Call stack:
2026-03-04 15:16:51,083 | 21060 | ERROR | File "C:\Users\maxwell\UCB-USACE-RR-PROJECT\run_hyperparam_search.py", line 853, in <module>
    setup_logging()
2026-03-04 15:16:51,084 | 21060 | ERROR | --- Logging error ---
2026-03-04 15:16:51,087 | 21060 | ERROR | Traceback (most recent call last):
2026-03-04 15:16:51,087 | 21060 | ERROR | File "C:\Users\maxwell\AppData\Local\Python\pythoncore-3.11-64\Lib\logging\__init__.py", line 1113, in emit
    stream.write(msg + self.terminator)
2026-03-04 15:16:51,087 | 21060 | ERROR | File "C:\Users\maxwell\AppData\Local\Python\pythoncore-3.11-64\Lib\encodings\cp1252.py", line 19, in encode
    return codecs.charmap_encode(input,self.errors,encoding_table)[0]
           ^^^^^^^^^^^^^^^^^^^^^^^^^^^^^^^^^^^^^^^^^^^^^^^^^^^^^^^
2026-03-04 15:16:51,096 | 21060 | ERROR | UnicodeEncodeError: 'charmap' codec can't encode character '\u2248' in position 107: character maps to <undefined>
2026-03-04 15:16:51,097 | 21060 | ERROR | During handling of the above exception, another exception occurred:
2026-03-04 15:16:51,097 | 21060 | ERROR | Traceback (most recent call last):
2026-03-04 15:16:51,098 | 21060 | ERROR | File "C:\Users\maxwell\AppData\Local\Python\pythoncore-3.11-64\Lib\logging\__init__.py", line 1113, in emit
    stream.write(msg + self.terminator)
2026-03-04 15:16:51,098 | 21060 | ERROR | File "C:\Users\maxwell\AppData\Local\Python\pythoncore-3.11-64\Lib\encodings\cp1252.py", line 19, in encode
    return codecs.charmap_encode(input,self.errors,encoding_table)[0]
           ^^^^^^^^^^^^^^^^^^^^^^^^^^^^^^^^^^^^^^^^^^^^^^^^^^^^^^^
2026-03-04 15:16:51,099 | 21060 | ERROR | UnicodeEncodeError: 'charmap' codec can't encode character '\u2248' in position 192: character maps to <undefined>
2026-03-04 15:16:51,099 | 21060 | ERROR | During handling of the above exception, another exception occurred:
2026-03-04 15:16:51,101 | 21060 | ERROR | Traceback (most recent call last):
2026-03-04 15:16:51,101 | 21060 | ERROR | File "C:\Users\maxwell\AppData\Local\Python\pythoncore-3.11-64\Lib\logging\__init__.py", line 1113, in emit
    stream.write(msg + self.terminator)
2026-03-04 15:16:51,101 | 21060 | ERROR | File "C:\Users\maxwell\AppData\Local\Python\pythoncore-3.11-64\Lib\encodings\cp1252.py", line 19, in encode
    return codecs.charmap_encode(input,self.errors,encoding_table)[0]
           ^^^^^^^^^^^^^^^^^^^^^^^^^^^^^^^^^^^^^^^^^^^^^^^^^^^^^^^
2026-03-04 15:16:51,102 | 21060 | ERROR | UnicodeEncodeError: 'charmap' codec can't encode character '\u2248' in position 192: character maps to <undefined>
2026-03-04 15:16:51,102 | 21060 | ERROR | During handling of the above exception, another exception occurred:
2026-03-04 15:16:51,104 | 21060 | ERROR | Traceback (most recent call last):
2026-03-04 15:16:51,104 | 21060 | ERROR | File "C:\Users\maxwell\AppData\Local\Python\pythoncore-3.11-64\Lib\logging\__init__.py", line 1113, in emit
    stream.write(msg + self.terminator)
2026-03-04 15:16:51,105 | 21060 | ERROR | File "C:\Users\maxwell\AppData\Local\Python\pythoncore-3.11-64\Lib\encodings\cp1252.py", line 19, in encode
    return codecs.charmap_encode(input,self.errors,encoding_table)[0]
           ^^^^^^^^^^^^^^^^^^^^^^^^^^^^^^^^^^^^^^^^^^^^^^^^^^^^^^^
2026-03-04 15:16:51,106 | 21060 | ERROR | UnicodeEncodeError: 'charmap' codec can't encode character '\u2248' in position 192: character maps to <undefined>
2026-03-04 15:16:51,106 | 21060 | ERROR | During handling of the above exception, another exception occurred:
2026-03-04 15:16:51,107 | 21060 | ERROR | Traceback (most recent call last):
2026-03-04 15:16:51,108 | 21060 | ERROR | File "C:\Users\maxwell\AppData\Local\Python\pythoncore-3.11-64\Lib\logging\__init__.py", line 1113, in emit
    stream.write(msg + self.terminator)
2026-03-04 15:16:51,108 | 21060 | ERROR | File "C:\Users\maxwell\AppData\Local\Python\pythoncore-3.11-64\Lib\encodings\cp1252.py", line 19, in encode
    return codecs.charmap_encode(input,self.errors,encoding_table)[0]
           ^^^^^^^^^^^^^^^^^^^^^^^^^^^^^^^^^^^^^^^^^^^^^^^^^^^^^^^
2026-03-04 15:16:51,109 | 21060 | ERROR | UnicodeEncodeError: 'charmap' codec can't encode character '\u2248' in position 192: character maps to <undefined>
2026-03-04 15:16:51,110 | 21060 | ERROR | During handling of the above exception, another exception occurred:
2026-03-04 15:16:51,110 | 21060 | ERROR | Traceback (most recent call last):
2026-03-04 15:16:51,111 | 21060 | ERROR | File "C:\Users\maxwell\AppData\Local\Python\pythoncore-3.11-64\Lib\logging\__init__.py", line 1113, in emit
    stream.write(msg + self.terminator)
2026-03-04 15:16:51,112 | 21060 | ERROR | File "C:\Users\maxwell\AppData\Local\Python\pythoncore-3.11-64\Lib\encodings\cp1252.py", line 19, in encode
    return codecs.charmap_encode(input,self.errors,encoding_table)[0]
           ^^^^^^^^^^^^^^^^^^^^^^^^^^^^^^^^^^^^^^^^^^^^^^^^^^^^^^^
2026-03-04 15:16:51,112 | 21060 | ERROR | UnicodeEncodeError: 'charmap' codec can't encode character '\u2248' in position 192: character maps to <undefined>
2026-03-04 15:16:51,113 | 21060 | ERROR | During handling of the above exception, another exception occurred:
2026-03-04 15:16:51,113 | 21060 | ERROR | Traceback (most recent call last):
2026-03-04 15:16:51,113 | 21060 | ERROR | File "C:\Users\maxwell\AppData\Local\Python\pythoncore-3.11-64\Lib\logging\__init__.py", line 1113, in emit
    stream.write(msg + self.terminator)
2026-03-04 15:16:51,113 | 21060 | ERROR | File "C:\Users\maxwell\AppData\Local\Python\pythoncore-3.11-64\Lib\encodings\cp1252.py", line 19, in encode
    return codecs.charmap_encode(input,self.errors,encoding_table)[0]
           ^^^^^^^^^^^^^^^^^^^^^^^^^^^^^^^^^^^^^^^^^^^^^^^^^^^^^^^
2026-03-04 15:16:51,113 | 21060 | ERROR | UnicodeEncodeError: 'charmap' codec can't encode character '\u2248' in position 192: character maps to <undefined>
2026-03-04 15:16:51,113 | 21060 | ERROR | During handling of the above exception, another exception occurred:
2026-03-04 15:16:51,113 | 21060 | ERROR | Traceback (most recent call last):
2026-03-04 15:16:51,113 | 21060 | ERROR | File "C:\Users\maxwell\AppData\Local\Python\pythoncore-3.11-64\Lib\logging\__init__.py", line 1113, in emit
    stream.write(msg + self.terminator)
2026-03-04 15:16:51,119 | 21060 | ERROR | File "C:\Users\maxwell\AppData\Local\Python\pythoncore-3.11-64\Lib\encodings\cp1252.py", line 19, in encode
    return codecs.charmap_encode(input,self.errors,encoding_table)[0]
           ^^^^^^^^^^^^^^^^^^^^^^^^^^^^^^^^^^^^^^^^^^^^^^^^^^^^^^^
2026-03-04 15:16:51,119 | 21060 | ERROR | UnicodeEncodeError: 'charmap' codec can't encode character '\u2248' in position 192: character maps to <undefined>
2026-03-04 15:16:51,120 | 21060 | ERROR | During handling of the above exception, another exception occurred:
2026-03-04 15:16:51,120 | 21060 | ERROR | Traceback (most recent call last):
2026-03-04 15:16:51,121 | 21060 | ERROR | File "C:\Users\maxwell\AppData\Local\Python\pythoncore-3.11-64\Lib\logging\__init__.py", line 1113, in emit
    stream.write(msg + self.terminator)
2026-03-04 15:16:51,121 | 21060 | ERROR | File "C:\Users\maxwell\AppData\Local\Python\pythoncore-3.11-64\Lib\encodings\cp1252.py", line 19, in encode
    return codecs.charmap_encode(input,self.errors,encoding_table)[0]
           ^^^^^^^^^^^^^^^^^^^^^^^^^^^^^^^^^^^^^^^^^^^^^^^^^^^^^^^
2026-03-04 15:16:51,122 | 21060 | ERROR | UnicodeEncodeError: 'charmap' codec can't encode character '\u2248' in position 192: character maps to <undefined>
2026-03-04 15:16:51,122 | 21060 | ERROR | During handling of the above exception, another exception occurred:
2026-03-04 15:16:51,124 | 21060 | ERROR | Traceback (most recent call last):
2026-03-04 15:16:51,124 | 21060 | ERROR | File "C:\Users\maxwell\AppData\Local\Python\pythoncore-3.11-64\Lib\logging\__init__.py", line 1113, in emit
    stream.write(msg + self.terminator)
2026-03-04 15:16:51,124 | 21060 | ERROR | File "C:\Users\maxwell\AppData\Local\Python\pythoncore-3.11-64\Lib\encodings\cp1252.py", line 19, in encode
    return codecs.charmap_encode(input,self.errors,encoding_table)[0]
           ^^^^^^^^^^^^^^^^^^^^^^^^^^^^^^^^^^^^^^^^^^^^^^^^^^^^^^^
2026-03-04 15:16:51,126 | 21060 | ERROR | UnicodeEncodeError: 'charmap' codec can't encode character '\u2248' in position 192: character maps to <undefined>
2026-03-04 15:16:51,126 | 21060 | ERROR | During handling of the above exception, another exception occurred:
2026-03-04 15:16:51,127 | 21060 | ERROR | Traceback (most recent call last):
2026-03-04 15:16:51,127 | 21060 | ERROR | File "C:\Users\maxwell\AppData\Local\Python\pythoncore-3.11-64\Lib\logging\__init__.py", line 1113, in emit
    stream.write(msg + self.terminator)
2026-03-04 15:16:51,128 | 21060 | ERROR | File "C:\Users\maxwell\AppData\Local\Python\pythoncore-3.11-64\Lib\encodings\cp1252.py", line 19, in encode
    return codecs.charmap_encode(input,self.errors,encoding_table)[0]
           ^^^^^^^^^^^^^^^^^^^^^^^^^^^^^^^^^^^^^^^^^^^^^^^^^^^^^^^
2026-03-04 15:16:51,129 | 21060 | ERROR | UnicodeEncodeError: 'charmap' codec can't encode character '\u2248' in position 192: character maps to <undefined>
2026-03-04 15:16:51,129 | 21060 | ERROR | During handling of the above exception, another exception occurred:
2026-03-04 15:16:51,129 | 21060 | ERROR | Traceback (most recent call last):
2026-03-04 15:16:51,129 | 21060 | ERROR | File "C:\Users\maxwell\AppData\Local\Python\pythoncore-3.11-64\Lib\logging\__init__.py", line 1113, in emit
    stream.write(msg + self.terminator)
2026-03-04 15:16:51,129 | 21060 | ERROR | File "C:\Users\maxwell\AppData\Local\Python\pythoncore-3.11-64\Lib\encodings\cp1252.py", line 19, in encode
    return codecs.charmap_encode(input,self.errors,encoding_table)[0]
           ^^^^^^^^^^^^^^^^^^^^^^^^^^^^^^^^^^^^^^^^^^^^^^^^^^^^^^^
2026-03-04 15:16:51,129 | 21060 | ERROR | UnicodeEncodeError: 'charmap' codec can't encode character '\u2248' in position 192: character maps to <undefined>
2026-03-04 15:16:51,129 | 21060 | ERROR | During handling of the above exception, another exception occurred:
2026-03-04 15:16:51,129 | 21060 | ERROR | Traceback (most recent call last):
2026-03-04 15:16:51,129 | 21060 | ERROR | File "C:\Users\maxwell\AppData\Local\Python\pythoncore-3.11-64\Lib\logging\__init__.py", line 1113, in emit
    stream.write(msg + self.terminator)
2026-03-04 15:16:51,135 | 21060 | ERROR | File "C:\Users\maxwell\AppData\Local\Python\pythoncore-3.11-64\Lib\encodings\cp1252.py", line 19, in encode
    return codecs.charmap_encode(input,self.errors,encoding_table)[0]
           ^^^^^^^^^^^^^^^^^^^^^^^^^^^^^^^^^^^^^^^^^^^^^^^^^^^^^^^
2026-03-04 15:16:51,135 | 21060 | ERROR | UnicodeEncodeError: 'charmap' codec can't encode character '\u2248' in position 192: character maps to <undefined>
2026-03-04 15:16:51,136 | 21060 | ERROR | During handling of the above exception, another exception occurred:
2026-03-04 15:16:51,136 | 21060 | ERROR | Traceback (most recent call last):
2026-03-04 15:16:51,137 | 21060 | ERROR | File "C:\Users\maxwell\AppData\Local\Python\pythoncore-3.11-64\Lib\logging\__init__.py", line 1113, in emit
    stream.write(msg + self.terminator)
2026-03-04 15:16:51,137 | 21060 | ERROR | File "C:\Users\maxwell\AppData\Local\Python\pythoncore-3.11-64\Lib\encodings\cp1252.py", line 19, in encode
    return codecs.charmap_encode(input,self.errors,encoding_table)[0]
           ^^^^^^^^^^^^^^^^^^^^^^^^^^^^^^^^^^^^^^^^^^^^^^^^^^^^^^^
2026-03-04 15:16:51,138 | 21060 | ERROR | UnicodeEncodeError: 'charmap' codec can't encode character '\u2248' in position 192: character maps to <undefined>
2026-03-04 15:16:51,139 | 21060 | ERROR | During handling of the above exception, another exception occurred:
2026-03-04 15:16:51,140 | 21060 | ERROR | Traceback (most recent call last):
2026-03-04 15:16:51,141 | 21060 | ERROR | File "C:\Users\maxwell\AppData\Local\Python\pythoncore-3.11-64\Lib\logging\__init__.py", line 1113, in emit
    stream.write(msg + self.terminator)
2026-03-04 15:16:51,141 | 21060 | ERROR | File "C:\Users\maxwell\AppData\Local\Python\pythoncore-3.11-64\Lib\encodings\cp1252.py", line 19, in encode
    return codecs.charmap_encode(input,self.errors,encoding_table)[0]
           ^^^^^^^^^^^^^^^^^^^^^^^^^^^^^^^^^^^^^^^^^^^^^^^^^^^^^^^
2026-03-04 15:16:51,142 | 21060 | ERROR | UnicodeEncodeError: 'charmap' codec can't encode character '\u2248' in position 192: character maps to <undefined>
2026-03-04 15:16:51,142 | 21060 | ERROR | During handling of the above exception, another exception occurred:
2026-03-04 15:16:51,143 | 21060 | ERROR | Traceback (most recent call last):
2026-03-04 15:16:51,143 | 21060 | ERROR | File "C:\Users\maxwell\AppData\Local\Python\pythoncore-3.11-64\Lib\logging\__init__.py", line 1113, in emit
    stream.write(msg + self.terminator)
2026-03-04 15:16:51,145 | 21060 | ERROR | File "C:\Users\maxwell\AppData\Local\Python\pythoncore-3.11-64\Lib\encodings\cp1252.py", line 19, in encode
    return codecs.charmap_encode(input,self.errors,encoding_table)[0]
           ^^^^^^^^^^^^^^^^^^^^^^^^^^^^^^^^^^^^^^^^^^^^^^^^^^^^^^^
2026-03-04 15:16:51,145 | 21060 | ERROR | UnicodeEncodeError: 'charmap' codec can't encode character '\u2248' in position 192: character maps to <undefined>
2026-03-04 15:16:51,146 | 21060 | ERROR | During handling of the above exception, another exception occurred:
2026-03-04 15:16:51,146 | 21060 | ERROR | Traceback (most recent call last):
2026-03-04 15:16:51,147 | 21060 | ERROR | File "C:\Users\maxwell\AppData\Local\Python\pythoncore-3.11-64\Lib\logging\__init__.py", line 1113, in emit
    stream.write(msg + self.terminator)
2026-03-04 15:16:51,147 | 21060 | ERROR | File "C:\Users\maxwell\AppData\Local\Python\pythoncore-3.11-64\Lib\encodings\cp1252.py", line 19, in encode
    return codecs.charmap_encode(input,self.errors,encoding_table)[0]
           ^^^^^^^^^^^^^^^^^^^^^^^^^^^^^^^^^^^^^^^^^^^^^^^^^^^^^^^
2026-03-04 15:16:51,147 | 21060 | ERROR | UnicodeEncodeError: 'charmap' codec can't encode character '\u2248' in position 192: character maps to <undefined>
2026-03-04 15:16:51,147 | 21060 | ERROR | During handling of the above exception, another exception occurred:
2026-03-04 15:16:51,147 | 21060 | ERROR | Traceback (most recent call last):
2026-03-04 15:16:51,150 | 21060 | ERROR | File "C:\Users\maxwell\AppData\Local\Python\pythoncore-3.11-64\Lib\logging\__init__.py", line 1113, in emit
    stream.write(msg + self.terminator)
2026-03-04 15:16:51,151 | 21060 | ERROR | File "C:\Users\maxwell\AppData\Local\Python\pythoncore-3.11-64\Lib\encodings\cp1252.py", line 19, in encode
    return codecs.charmap_encode(input,self.errors,encoding_table)[0]
           ^^^^^^^^^^^^^^^^^^^^^^^^^^^^^^^^^^^^^^^^^^^^^^^^^^^^^^^
2026-03-04 15:16:51,151 | 21060 | ERROR | UnicodeEncodeError: 'charmap' codec can't encode character '\u2248' in position 192: character maps to <undefined>
2026-03-04 15:16:51,152 | 21060 | ERROR | During handling of the above exception, another exception occurred:
2026-03-04 15:16:51,152 | 21060 | ERROR | Traceback (most recent call last):
2026-03-04 15:16:51,154 | 21060 | ERROR | File "C:\Users\maxwell\AppData\Local\Python\pythoncore-3.11-64\Lib\logging\__init__.py", line 1113, in emit
    stream.write(msg + self.terminator)
2026-03-04 15:16:51,154 | 21060 | ERROR | File "C:\Users\maxwell\AppData\Local\Python\pythoncore-3.11-64\Lib\encodings\cp1252.py", line 19, in encode
    return codecs.charmap_encode(input,self.errors,encoding_table)[0]
           ^^^^^^^^^^^^^^^^^^^^^^^^^^^^^^^^^^^^^^^^^^^^^^^^^^^^^^^
2026-03-04 15:16:51,155 | 21060 | ERROR | UnicodeEncodeError: 'charmap' codec can't encode character '\u2248' in position 192: character maps to <undefined>
2026-03-04 15:16:51,156 | 21060 | ERROR | During handling of the above exception, another exception occurred:
2026-03-04 15:16:51,156 | 21060 | ERROR | Traceback (most recent call last):
2026-03-04 15:16:51,157 | 21060 | ERROR | File "C:\Users\maxwell\AppData\Local\Python\pythoncore-3.11-64\Lib\logging\__init__.py", line 1113, in emit
    stream.write(msg + self.terminator)
2026-03-04 15:16:51,157 | 21060 | ERROR | File "C:\Users\maxwell\AppData\Local\Python\pythoncore-3.11-64\Lib\encodings\cp1252.py", line 19, in encode
    return codecs.charmap_encode(input,self.errors,encoding_table)[0]
           ^^^^^^^^^^^^^^^^^^^^^^^^^^^^^^^^^^^^^^^^^^^^^^^^^^^^^^^
2026-03-04 15:16:51,158 | 21060 | ERROR | UnicodeEncodeError: 'charmap' codec can't encode character '\u2248' in position 192: character maps to <undefined>
2026-03-04 15:16:51,158 | 21060 | ERROR | During handling of the above exception, another exception occurred:
2026-03-04 15:16:51,160 | 21060 | ERROR | Traceback (most recent call last):
2026-03-04 15:16:51,160 | 21060 | ERROR | File "C:\Users\maxwell\AppData\Local\Python\pythoncore-3.11-64\Lib\logging\__init__.py", line 1113, in emit
    stream.write(msg + self.terminator)
2026-03-04 15:16:51,161 | 21060 | ERROR | File "C:\Users\maxwell\AppData\Local\Python\pythoncore-3.11-64\Lib\encodings\cp1252.py", line 19, in encode
    return codecs.charmap_encode(input,self.errors,encoding_table)[0]
           ^^^^^^^^^^^^^^^^^^^^^^^^^^^^^^^^^^^^^^^^^^^^^^^^^^^^^^^
2026-03-04 15:16:51,161 | 21060 | ERROR | UnicodeEncodeError: 'charmap' codec can't encode character '\u2248' in position 192: character maps to <undefined>
2026-03-04 15:16:51,161 | 21060 | ERROR | During handling of the above exception, another exception occurred:
2026-03-04 15:16:51,163 | 21060 | ERROR | Traceback (most recent call last):
2026-03-04 15:16:51,163 | 21060 | ERROR | File "C:\Users\maxwell\AppData\Local\Python\pythoncore-3.11-64\Lib\logging\__init__.py", line 1113, in emit
    stream.write(msg + self.terminator)
2026-03-04 15:16:51,164 | 21060 | ERROR | File "C:\Users\maxwell\AppData\Local\Python\pythoncore-3.11-64\Lib\encodings\cp1252.py", line 19, in encode
    return codecs.charmap_encode(input,self.errors,encoding_table)[0]
           ^^^^^^^^^^^^^^^^^^^^^^^^^^^^^^^^^^^^^^^^^^^^^^^^^^^^^^^
2026-03-04 15:16:51,164 | 21060 | ERROR | UnicodeEncodeError: 'charmap' codec can't encode character '\u2248' in position 192: character maps to <undefined>
2026-03-04 15:16:51,165 | 21060 | ERROR | During handling of the above exception, another exception occurred:
2026-03-04 15:16:51,165 | 21060 | ERROR | Traceback (most recent call last):
2026-03-04 15:16:51,167 | 21060 | ERROR | File "C:\Users\maxwell\AppData\Local\Python\pythoncore-3.11-64\Lib\logging\__init__.py", line 1113, in emit
    stream.write(msg + self.terminator)
2026-03-04 15:16:51,167 | 21060 | ERROR | File "C:\Users\maxwell\AppData\Local\Python\pythoncore-3.11-64\Lib\encodings\cp1252.py", line 19, in encode
    return codecs.charmap_encode(input,self.errors,encoding_table)[0]
           ^^^^^^^^^^^^^^^^^^^^^^^^^^^^^^^^^^^^^^^^^^^^^^^^^^^^^^^
2026-03-04 15:16:51,168 | 21060 | ERROR | UnicodeEncodeError: 'charmap' codec can't encode character '\u2248' in position 192: character maps to <undefined>
2026-03-04 15:16:51,169 | 21060 | ERROR | During handling of the above exception, another exception occurred:
2026-03-04 15:16:51,169 | 21060 | ERROR | Traceback (most recent call last):
2026-03-04 15:16:51,170 | 21060 | ERROR | File "C:\Users\maxwell\AppData\Local\Python\pythoncore-3.11-64\Lib\logging\__init__.py", line 1113, in emit
    stream.write(msg + self.terminator)
2026-03-04 15:16:51,170 | 21060 | ERROR | File "C:\Users\maxwell\AppData\Local\Python\pythoncore-3.11-64\Lib\encodings\cp1252.py", line 19, in encode
    return codecs.charmap_encode(input,self.errors,encoding_table)[0]
           ^^^^^^^^^^^^^^^^^^^^^^^^^^^^^^^^^^^^^^^^^^^^^^^^^^^^^^^
2026-03-04 15:16:51,171 | 21060 | ERROR | UnicodeEncodeError: 'charmap' codec can't encode character '\u2248' in position 192: character maps to <undefined>
2026-03-04 15:16:51,171 | 21060 | ERROR | During handling of the above exception, another exception occurred:
2026-03-04 15:16:51,171 | 21060 | ERROR | Traceback (most recent call last):
2026-03-04 15:16:51,171 | 21060 | ERROR | File "C:\Users\maxwell\AppData\Local\Python\pythoncore-3.11-64\Lib\logging\__init__.py", line 1113, in emit
    stream.write(msg + self.terminator)
2026-03-04 15:16:51,171 | 21060 | ERROR | File "C:\Users\maxwell\AppData\Local\Python\pythoncore-3.11-64\Lib\encodings\cp1252.py", line 19, in encode
    return codecs.charmap_encode(input,self.errors,encoding_table)[0]
           ^^^^^^^^^^^^^^^^^^^^^^^^^^^^^^^^^^^^^^^^^^^^^^^^^^^^^^^
2026-03-04 15:16:51,171 | 21060 | ERROR | UnicodeEncodeError: 'charmap' codec can't encode character '\u2248' in position 192: character maps to <undefined>
2026-03-04 15:16:51,171 | 21060 | ERROR | During handling of the above exception, another exception occurred:
2026-03-04 15:16:51,176 | 21060 | ERROR | Traceback (most recent call last):
2026-03-04 15:16:51,177 | 21060 | ERROR | File "C:\Users\maxwell\AppData\Local\Python\pythoncore-3.11-64\Lib\logging\__init__.py", line 1113, in emit
    stream.write(msg + self.terminator)
2026-03-04 15:16:51,178 | 21060 | ERROR | File "C:\Users\maxwell\AppData\Local\Python\pythoncore-3.11-64\Lib\encodings\cp1252.py", line 19, in encode
    return codecs.charmap_encode(input,self.errors,encoding_table)[0]
           ^^^^^^^^^^^^^^^^^^^^^^^^^^^^^^^^^^^^^^^^^^^^^^^^^^^^^^^
2026-03-04 15:16:51,178 | 21060 | ERROR | UnicodeEncodeError: 'charmap' codec can't encode character '\u2248' in position 192: character maps to <undefined>
2026-03-04 15:16:51,179 | 21060 | ERROR | During handling of the above exception, another exception occurred:
2026-03-04 15:16:51,179 | 21060 | ERROR | Traceback (most recent call last):
2026-03-04 15:16:51,180 | 21060 | ERROR | File "C:\Users\maxwell\AppData\Local\Python\pythoncore-3.11-64\Lib\logging\__init__.py", line 1113, in emit
    stream.write(msg + self.terminator)
2026-03-04 15:16:51,180 | 21060 | ERROR | File "C:\Users\maxwell\AppData\Local\Python\pythoncore-3.11-64\Lib\encodings\cp1252.py", line 19, in encode
    return codecs.charmap_encode(input,self.errors,encoding_table)[0]
           ^^^^^^^^^^^^^^^^^^^^^^^^^^^^^^^^^^^^^^^^^^^^^^^^^^^^^^^
2026-03-04 15:16:51,182 | 21060 | ERROR | UnicodeEncodeError: 'charmap' codec can't encode character '\u2248' in position 192: character maps to <undefined>
2026-03-04 15:16:51,183 | 21060 | ERROR | During handling of the above exception, another exception occurred:
2026-03-04 15:16:51,183 | 21060 | ERROR | Traceback (most recent call last):
2026-03-04 15:16:51,184 | 21060 | ERROR | File "C:\Users\maxwell\AppData\Local\Python\pythoncore-3.11-64\Lib\logging\__init__.py", line 1113, in emit
    stream.write(msg + self.terminator)
2026-03-04 15:16:51,184 | 21060 | ERROR | File "C:\Users\maxwell\AppData\Local\Python\pythoncore-3.11-64\Lib\encodings\cp1252.py", line 19, in encode
    return codecs.charmap_encode(input,self.errors,encoding_table)[0]
           ^^^^^^^^^^^^^^^^^^^^^^^^^^^^^^^^^^^^^^^^^^^^^^^^^^^^^^^
2026-03-04 15:16:51,185 | 21060 | ERROR | UnicodeEncodeError: 'charmap' codec can't encode character '\u2248' in position 192: character maps to <undefined>
2026-03-04 15:16:51,185 | 21060 | ERROR | During handling of the above exception, another exception occurred:
2026-03-04 15:16:51,186 | 21060 | ERROR | Traceback (most recent call last):
2026-03-04 15:16:51,186 | 21060 | ERROR | File "C:\Users\maxwell\AppData\Local\Python\pythoncore-3.11-64\Lib\logging\__init__.py", line 1113, in emit
    stream.write(msg + self.terminator)
2026-03-04 15:16:51,187 | 21060 | ERROR | File "C:\Users\maxwell\AppData\Local\Python\pythoncore-3.11-64\Lib\encodings\cp1252.py", line 19, in encode
    return codecs.charmap_encode(input,self.errors,encoding_table)[0]
           ^^^^^^^^^^^^^^^^^^^^^^^^^^^^^^^^^^^^^^^^^^^^^^^^^^^^^^^
2026-03-04 15:16:51,188 | 21060 | ERROR | UnicodeEncodeError: 'charmap' codec can't encode character '\u2248' in position 192: character maps to <undefined>
2026-03-04 15:16:51,188 | 21060 | ERROR | Call stack:
2026-03-04 15:16:51,193 | 21060 | ERROR | File "C:\Users\maxwell\UCB-USACE-RR-PROJECT\run_hyperparam_search.py", line 853, in <module>
    setup_logging()
2026-03-04 15:16:51,194 | 21060 | ERROR | --- Logging error ---
2026-03-04 15:16:51,205 | 21060 | ERROR | Traceback (most recent call last):
2026-03-04 15:16:51,205 | 21060 | ERROR | File "C:\Users\maxwell\AppData\Local\Python\pythoncore-3.11-64\Lib\logging\__init__.py", line 1113, in emit
    stream.write(msg + self.terminator)
2026-03-04 15:16:51,206 | 21060 | ERROR | File "C:\Users\maxwell\AppData\Local\Python\pythoncore-3.11-64\Lib\encodings\cp1252.py", line 19, in encode
    return codecs.charmap_encode(input,self.errors,encoding_table)[0]
           ^^^^^^^^^^^^^^^^^^^^^^^^^^^^^^^^^^^^^^^^^^^^^^^^^^^^^^^
2026-03-04 15:16:51,207 | 21060 | ERROR | UnicodeEncodeError: 'charmap' codec can't encode character '\u2248' in position 107: character maps to <undefined>
2026-03-04 15:16:51,208 | 21060 | ERROR | During handling of the above exception, another exception occurred:
2026-03-04 15:16:51,208 | 21060 | ERROR | Traceback (most recent call last):
2026-03-04 15:16:51,209 | 21060 | ERROR | File "C:\Users\maxwell\AppData\Local\Python\pythoncore-3.11-64\Lib\logging\__init__.py", line 1113, in emit
    stream.write(msg + self.terminator)
2026-03-04 15:16:51,209 | 21060 | ERROR | File "C:\Users\maxwell\AppData\Local\Python\pythoncore-3.11-64\Lib\encodings\cp1252.py", line 19, in encode
    return codecs.charmap_encode(input,self.errors,encoding_table)[0]
           ^^^^^^^^^^^^^^^^^^^^^^^^^^^^^^^^^^^^^^^^^^^^^^^^^^^^^^^
2026-03-04 15:16:51,210 | 21060 | ERROR | UnicodeEncodeError: 'charmap' codec can't encode character '\u2248' in position 192: character maps to <undefined>
2026-03-04 15:16:51,210 | 21060 | ERROR | During handling of the above exception, another exception occurred:
2026-03-04 15:16:51,212 | 21060 | ERROR | Traceback (most recent call last):
2026-03-04 15:16:51,212 | 21060 | ERROR | File "C:\Users\maxwell\AppData\Local\Python\pythoncore-3.11-64\Lib\logging\__init__.py", line 1113, in emit
    stream.write(msg + self.terminator)
2026-03-04 15:16:51,213 | 21060 | ERROR | File "C:\Users\maxwell\AppData\Local\Python\pythoncore-3.11-64\Lib\encodings\cp1252.py", line 19, in encode
    return codecs.charmap_encode(input,self.errors,encoding_table)[0]
           ^^^^^^^^^^^^^^^^^^^^^^^^^^^^^^^^^^^^^^^^^^^^^^^^^^^^^^^
2026-03-04 15:16:51,214 | 21060 | ERROR | UnicodeEncodeError: 'charmap' codec can't encode character '\u2248' in position 192: character maps to <undefined>
2026-03-04 15:16:51,214 | 21060 | ERROR | During handling of the above exception, another exception occurred:
2026-03-04 15:16:51,215 | 21060 | ERROR | Traceback (most recent call last):
2026-03-04 15:16:51,215 | 21060 | ERROR | File "C:\Users\maxwell\AppData\Local\Python\pythoncore-3.11-64\Lib\logging\__init__.py", line 1113, in emit
    stream.write(msg + self.terminator)
2026-03-04 15:16:51,216 | 21060 | ERROR | File "C:\Users\maxwell\AppData\Local\Python\pythoncore-3.11-64\Lib\encodings\cp1252.py", line 19, in encode
    return codecs.charmap_encode(input,self.errors,encoding_table)[0]
           ^^^^^^^^^^^^^^^^^^^^^^^^^^^^^^^^^^^^^^^^^^^^^^^^^^^^^^^
2026-03-04 15:16:51,216 | 21060 | ERROR | UnicodeEncodeError: 'charmap' codec can't encode character '\u2248' in position 192: character maps to <undefined>
2026-03-04 15:16:51,218 | 21060 | ERROR | During handling of the above exception, another exception occurred:
2026-03-04 15:16:51,218 | 21060 | ERROR | Traceback (most recent call last):
2026-03-04 15:16:51,219 | 21060 | ERROR | File "C:\Users\maxwell\AppData\Local\Python\pythoncore-3.11-64\Lib\logging\__init__.py", line 1113, in emit
    stream.write(msg + self.terminator)
2026-03-04 15:16:51,220 | 21060 | ERROR | File "C:\Users\maxwell\AppData\Local\Python\pythoncore-3.11-64\Lib\encodings\cp1252.py", line 19, in encode
    return codecs.charmap_encode(input,self.errors,encoding_table)[0]
           ^^^^^^^^^^^^^^^^^^^^^^^^^^^^^^^^^^^^^^^^^^^^^^^^^^^^^^^
2026-03-04 15:16:51,220 | 21060 | ERROR | UnicodeEncodeError: 'charmap' codec can't encode character '\u2248' in position 192: character maps to <undefined>
2026-03-04 15:16:51,221 | 21060 | ERROR | During handling of the above exception, another exception occurred:
2026-03-04 15:16:51,221 | 21060 | ERROR | Traceback (most recent call last):
2026-03-04 15:16:51,222 | 21060 | ERROR | File "C:\Users\maxwell\AppData\Local\Python\pythoncore-3.11-64\Lib\logging\__init__.py", line 1113, in emit
    stream.write(msg + self.terminator)
2026-03-04 15:16:51,222 | 21060 | ERROR | File "C:\Users\maxwell\AppData\Local\Python\pythoncore-3.11-64\Lib\encodings\cp1252.py", line 19, in encode
    return codecs.charmap_encode(input,self.errors,encoding_table)[0]
           ^^^^^^^^^^^^^^^^^^^^^^^^^^^^^^^^^^^^^^^^^^^^^^^^^^^^^^^
2026-03-04 15:16:51,223 | 21060 | ERROR | UnicodeEncodeError: 'charmap' codec can't encode character '\u2248' in position 192: character maps to <undefined>
2026-03-04 15:16:51,224 | 21060 | ERROR | During handling of the above exception, another exception occurred:
2026-03-04 15:16:51,224 | 21060 | ERROR | Traceback (most recent call last):
2026-03-04 15:16:51,224 | 21060 | ERROR | File "C:\Users\maxwell\AppData\Local\Python\pythoncore-3.11-64\Lib\logging\__init__.py", line 1113, in emit
    stream.write(msg + self.terminator)
2026-03-04 15:16:51,224 | 21060 | ERROR | File "C:\Users\maxwell\AppData\Local\Python\pythoncore-3.11-64\Lib\encodings\cp1252.py", line 19, in encode
    return codecs.charmap_encode(input,self.errors,encoding_table)[0]
           ^^^^^^^^^^^^^^^^^^^^^^^^^^^^^^^^^^^^^^^^^^^^^^^^^^^^^^^
2026-03-04 15:16:51,224 | 21060 | ERROR | UnicodeEncodeError: 'charmap' codec can't encode character '\u2248' in position 192: character maps to <undefined>
2026-03-04 15:16:51,224 | 21060 | ERROR | During handling of the above exception, another exception occurred:
2026-03-04 15:16:51,224 | 21060 | ERROR | Traceback (most recent call last):
2026-03-04 15:16:51,224 | 21060 | ERROR | File "C:\Users\maxwell\AppData\Local\Python\pythoncore-3.11-64\Lib\logging\__init__.py", line 1113, in emit
    stream.write(msg + self.terminator)
2026-03-04 15:16:51,229 | 21060 | ERROR | File "C:\Users\maxwell\AppData\Local\Python\pythoncore-3.11-64\Lib\encodings\cp1252.py", line 19, in encode
    return codecs.charmap_encode(input,self.errors,encoding_table)[0]
           ^^^^^^^^^^^^^^^^^^^^^^^^^^^^^^^^^^^^^^^^^^^^^^^^^^^^^^^
2026-03-04 15:16:51,230 | 21060 | ERROR | UnicodeEncodeError: 'charmap' codec can't encode character '\u2248' in position 192: character maps to <undefined>
2026-03-04 15:16:51,230 | 21060 | ERROR | During handling of the above exception, another exception occurred:
2026-03-04 15:16:51,231 | 21060 | ERROR | Traceback (most recent call last):
2026-03-04 15:16:51,231 | 21060 | ERROR | File "C:\Users\maxwell\AppData\Local\Python\pythoncore-3.11-64\Lib\logging\__init__.py", line 1113, in emit
    stream.write(msg + self.terminator)
2026-03-04 15:16:51,233 | 21060 | ERROR | File "C:\Users\maxwell\AppData\Local\Python\pythoncore-3.11-64\Lib\encodings\cp1252.py", line 19, in encode
    return codecs.charmap_encode(input,self.errors,encoding_table)[0]
           ^^^^^^^^^^^^^^^^^^^^^^^^^^^^^^^^^^^^^^^^^^^^^^^^^^^^^^^
2026-03-04 15:16:51,233 | 21060 | ERROR | UnicodeEncodeError: 'charmap' codec can't encode character '\u2248' in position 192: character maps to <undefined>
2026-03-04 15:16:51,234 | 21060 | ERROR | During handling of the above exception, another exception occurred:
2026-03-04 15:16:51,235 | 21060 | ERROR | Traceback (most recent call last):
2026-03-04 15:16:51,236 | 21060 | ERROR | File "C:\Users\maxwell\AppData\Local\Python\pythoncore-3.11-64\Lib\logging\__init__.py", line 1113, in emit
    stream.write(msg + self.terminator)
2026-03-04 15:16:51,236 | 21060 | ERROR | File "C:\Users\maxwell\AppData\Local\Python\pythoncore-3.11-64\Lib\encodings\cp1252.py", line 19, in encode
    return codecs.charmap_encode(input,self.errors,encoding_table)[0]
           ^^^^^^^^^^^^^^^^^^^^^^^^^^^^^^^^^^^^^^^^^^^^^^^^^^^^^^^
2026-03-04 15:16:51,237 | 21060 | ERROR | UnicodeEncodeError: 'charmap' codec can't encode character '\u2248' in position 192: character maps to <undefined>
2026-03-04 15:16:51,238 | 21060 | ERROR | During handling of the above exception, another exception occurred:
2026-03-04 15:16:51,238 | 21060 | ERROR | Traceback (most recent call last):
2026-03-04 15:16:51,240 | 21060 | ERROR | File "C:\Users\maxwell\AppData\Local\Python\pythoncore-3.11-64\Lib\logging\__init__.py", line 1113, in emit
    stream.write(msg + self.terminator)
2026-03-04 15:16:51,241 | 21060 | ERROR | File "C:\Users\maxwell\AppData\Local\Python\pythoncore-3.11-64\Lib\encodings\cp1252.py", line 19, in encode
    return codecs.charmap_encode(input,self.errors,encoding_table)[0]
           ^^^^^^^^^^^^^^^^^^^^^^^^^^^^^^^^^^^^^^^^^^^^^^^^^^^^^^^
2026-03-04 15:16:51,241 | 21060 | ERROR | UnicodeEncodeError: 'charmap' codec can't encode character '\u2248' in position 192: character maps to <undefined>
2026-03-04 15:16:51,242 | 21060 | ERROR | During handling of the above exception, another exception occurred:
2026-03-04 15:16:51,242 | 21060 | ERROR | Traceback (most recent call last):
2026-03-04 15:16:51,243 | 21060 | ERROR | File "C:\Users\maxwell\AppData\Local\Python\pythoncore-3.11-64\Lib\logging\__init__.py", line 1113, in emit
    stream.write(msg + self.terminator)
2026-03-04 15:16:51,243 | 21060 | ERROR | File "C:\Users\maxwell\AppData\Local\Python\pythoncore-3.11-64\Lib\encodings\cp1252.py", line 19, in encode
    return codecs.charmap_encode(input,self.errors,encoding_table)[0]
           ^^^^^^^^^^^^^^^^^^^^^^^^^^^^^^^^^^^^^^^^^^^^^^^^^^^^^^^
2026-03-04 15:16:51,244 | 21060 | ERROR | UnicodeEncodeError: 'charmap' codec can't encode character '\u2248' in position 192: character maps to <undefined>
2026-03-04 15:16:51,245 | 21060 | ERROR | During handling of the above exception, another exception occurred:
2026-03-04 15:16:51,245 | 21060 | ERROR | Traceback (most recent call last):
2026-03-04 15:16:51,245 | 21060 | ERROR | File "C:\Users\maxwell\AppData\Local\Python\pythoncore-3.11-64\Lib\logging\__init__.py", line 1113, in emit
    stream.write(msg + self.terminator)
2026-03-04 15:16:51,245 | 21060 | ERROR | File "C:\Users\maxwell\AppData\Local\Python\pythoncore-3.11-64\Lib\encodings\cp1252.py", line 19, in encode
    return codecs.charmap_encode(input,self.errors,encoding_table)[0]
           ^^^^^^^^^^^^^^^^^^^^^^^^^^^^^^^^^^^^^^^^^^^^^^^^^^^^^^^
2026-03-04 15:16:51,245 | 21060 | ERROR | UnicodeEncodeError: 'charmap' codec can't encode character '\u2248' in position 192: character maps to <undefined>
2026-03-04 15:16:51,245 | 21060 | ERROR | During handling of the above exception, another exception occurred:
2026-03-04 15:16:51,245 | 21060 | ERROR | Traceback (most recent call last):
2026-03-04 15:16:51,245 | 21060 | ERROR | File "C:\Users\maxwell\AppData\Local\Python\pythoncore-3.11-64\Lib\logging\__init__.py", line 1113, in emit
    stream.write(msg + self.terminator)
2026-03-04 15:16:51,245 | 21060 | ERROR | File "C:\Users\maxwell\AppData\Local\Python\pythoncore-3.11-64\Lib\encodings\cp1252.py", line 19, in encode
    return codecs.charmap_encode(input,self.errors,encoding_table)[0]
           ^^^^^^^^^^^^^^^^^^^^^^^^^^^^^^^^^^^^^^^^^^^^^^^^^^^^^^^
2026-03-04 15:16:51,245 | 21060 | ERROR | UnicodeEncodeError: 'charmap' codec can't encode character '\u2248' in position 192: character maps to <undefined>
2026-03-04 15:16:51,251 | 21060 | ERROR | During handling of the above exception, another exception occurred:
2026-03-04 15:16:51,252 | 21060 | ERROR | Traceback (most recent call last):
2026-03-04 15:16:51,252 | 21060 | ERROR | File "C:\Users\maxwell\AppData\Local\Python\pythoncore-3.11-64\Lib\logging\__init__.py", line 1113, in emit
    stream.write(msg + self.terminator)
2026-03-04 15:16:51,253 | 21060 | ERROR | File "C:\Users\maxwell\AppData\Local\Python\pythoncore-3.11-64\Lib\encodings\cp1252.py", line 19, in encode
    return codecs.charmap_encode(input,self.errors,encoding_table)[0]
           ^^^^^^^^^^^^^^^^^^^^^^^^^^^^^^^^^^^^^^^^^^^^^^^^^^^^^^^
2026-03-04 15:16:51,253 | 21060 | ERROR | UnicodeEncodeError: 'charmap' codec can't encode character '\u2248' in position 192: character maps to <undefined>
2026-03-04 15:16:51,255 | 21060 | ERROR | During handling of the above exception, another exception occurred:
2026-03-04 15:16:51,255 | 21060 | ERROR | Traceback (most recent call last):
2026-03-04 15:16:51,256 | 21060 | ERROR | File "C:\Users\maxwell\AppData\Local\Python\pythoncore-3.11-64\Lib\logging\__init__.py", line 1113, in emit
    stream.write(msg + self.terminator)
2026-03-04 15:16:51,257 | 21060 | ERROR | File "C:\Users\maxwell\AppData\Local\Python\pythoncore-3.11-64\Lib\encodings\cp1252.py", line 19, in encode
    return codecs.charmap_encode(input,self.errors,encoding_table)[0]
           ^^^^^^^^^^^^^^^^^^^^^^^^^^^^^^^^^^^^^^^^^^^^^^^^^^^^^^^
2026-03-04 15:16:51,258 | 21060 | ERROR | UnicodeEncodeError: 'charmap' codec can't encode character '\u2248' in position 192: character maps to <undefined>
2026-03-04 15:16:51,258 | 21060 | ERROR | During handling of the above exception, another exception occurred:
2026-03-04 15:16:51,259 | 21060 | ERROR | Traceback (most recent call last):
2026-03-04 15:16:51,260 | 21060 | ERROR | File "C:\Users\maxwell\AppData\Local\Python\pythoncore-3.11-64\Lib\logging\__init__.py", line 1113, in emit
    stream.write(msg + self.terminator)
2026-03-04 15:16:51,260 | 21060 | ERROR | File "C:\Users\maxwell\AppData\Local\Python\pythoncore-3.11-64\Lib\encodings\cp1252.py", line 19, in encode
    return codecs.charmap_encode(input,self.errors,encoding_table)[0]
           ^^^^^^^^^^^^^^^^^^^^^^^^^^^^^^^^^^^^^^^^^^^^^^^^^^^^^^^
2026-03-04 15:16:51,261 | 21060 | ERROR | UnicodeEncodeError: 'charmap' codec can't encode character '\u2248' in position 192: character maps to <undefined>
2026-03-04 15:16:51,262 | 21060 | ERROR | During handling of the above exception, another exception occurred:
2026-03-04 15:16:51,262 | 21060 | ERROR | Traceback (most recent call last):
2026-03-04 15:16:51,263 | 21060 | ERROR | File "C:\Users\maxwell\AppData\Local\Python\pythoncore-3.11-64\Lib\logging\__init__.py", line 1113, in emit
    stream.write(msg + self.terminator)
2026-03-04 15:16:51,264 | 21060 | ERROR | File "C:\Users\maxwell\AppData\Local\Python\pythoncore-3.11-64\Lib\encodings\cp1252.py", line 19, in encode
    return codecs.charmap_encode(input,self.errors,encoding_table)[0]
           ^^^^^^^^^^^^^^^^^^^^^^^^^^^^^^^^^^^^^^^^^^^^^^^^^^^^^^^
2026-03-04 15:16:51,264 | 21060 | ERROR | UnicodeEncodeError: 'charmap' codec can't encode character '\u2248' in position 192: character maps to <undefined>
2026-03-04 15:16:51,264 | 21060 | ERROR | During handling of the above exception, another exception occurred:
2026-03-04 15:16:51,266 | 21060 | ERROR | Traceback (most recent call last):
2026-03-04 15:16:51,267 | 21060 | ERROR | File "C:\Users\maxwell\AppData\Local\Python\pythoncore-3.11-64\Lib\logging\__init__.py", line 1113, in emit
    stream.write(msg + self.terminator)
2026-03-04 15:16:51,267 | 21060 | ERROR | File "C:\Users\maxwell\AppData\Local\Python\pythoncore-3.11-64\Lib\encodings\cp1252.py", line 19, in encode
    return codecs.charmap_encode(input,self.errors,encoding_table)[0]
           ^^^^^^^^^^^^^^^^^^^^^^^^^^^^^^^^^^^^^^^^^^^^^^^^^^^^^^^
2026-03-04 15:16:51,268 | 21060 | ERROR | UnicodeEncodeError: 'charmap' codec can't encode character '\u2248' in position 192: character maps to <undefined>
2026-03-04 15:16:51,268 | 21060 | ERROR | During handling of the above exception, another exception occurred:
2026-03-04 15:16:51,269 | 21060 | ERROR | Traceback (most recent call last):
2026-03-04 15:16:51,269 | 21060 | ERROR | File "C:\Users\maxwell\AppData\Local\Python\pythoncore-3.11-64\Lib\logging\__init__.py", line 1113, in emit
    stream.write(msg + self.terminator)
2026-03-04 15:16:51,269 | 21060 | ERROR | File "C:\Users\maxwell\AppData\Local\Python\pythoncore-3.11-64\Lib\encodings\cp1252.py", line 19, in encode
    return codecs.charmap_encode(input,self.errors,encoding_table)[0]
           ^^^^^^^^^^^^^^^^^^^^^^^^^^^^^^^^^^^^^^^^^^^^^^^^^^^^^^^
2026-03-04 15:16:51,269 | 21060 | ERROR | UnicodeEncodeError: 'charmap' codec can't encode character '\u2248' in position 192: character maps to <undefined>
2026-03-04 15:16:51,269 | 21060 | ERROR | During handling of the above exception, another exception occurred:
2026-03-04 15:16:51,269 | 21060 | ERROR | Traceback (most recent call last):
2026-03-04 15:16:51,269 | 21060 | ERROR | File "C:\Users\maxwell\AppData\Local\Python\pythoncore-3.11-64\Lib\logging\__init__.py", line 1113, in emit
    stream.write(msg + self.terminator)
2026-03-04 15:16:51,274 | 21060 | ERROR | File "C:\Users\maxwell\AppData\Local\Python\pythoncore-3.11-64\Lib\encodings\cp1252.py", line 19, in encode
    return codecs.charmap_encode(input,self.errors,encoding_table)[0]
           ^^^^^^^^^^^^^^^^^^^^^^^^^^^^^^^^^^^^^^^^^^^^^^^^^^^^^^^
2026-03-04 15:16:51,275 | 21060 | ERROR | UnicodeEncodeError: 'charmap' codec can't encode character '\u2248' in position 192: character maps to <undefined>
2026-03-04 15:16:51,275 | 21060 | ERROR | During handling of the above exception, another exception occurred:
2026-03-04 15:16:51,276 | 21060 | ERROR | Traceback (most recent call last):
2026-03-04 15:16:51,276 | 21060 | ERROR | File "C:\Users\maxwell\AppData\Local\Python\pythoncore-3.11-64\Lib\logging\__init__.py", line 1113, in emit
    stream.write(msg + self.terminator)
2026-03-04 15:16:51,277 | 21060 | ERROR | File "C:\Users\maxwell\AppData\Local\Python\pythoncore-3.11-64\Lib\encodings\cp1252.py", line 19, in encode
    return codecs.charmap_encode(input,self.errors,encoding_table)[0]
           ^^^^^^^^^^^^^^^^^^^^^^^^^^^^^^^^^^^^^^^^^^^^^^^^^^^^^^^
2026-03-04 15:16:51,278 | 21060 | ERROR | UnicodeEncodeError: 'charmap' codec can't encode character '\u2248' in position 192: character maps to <undefined>
2026-03-04 15:16:51,278 | 21060 | ERROR | During handling of the above exception, another exception occurred:
2026-03-04 15:16:51,278 | 21060 | ERROR | Traceback (most recent call last):
2026-03-04 15:16:51,278 | 21060 | ERROR | File "C:\Users\maxwell\AppData\Local\Python\pythoncore-3.11-64\Lib\logging\__init__.py", line 1113, in emit
    stream.write(msg + self.terminator)
2026-03-04 15:16:51,278 | 21060 | ERROR | File "C:\Users\maxwell\AppData\Local\Python\pythoncore-3.11-64\Lib\encodings\cp1252.py", line 19, in encode
    return codecs.charmap_encode(input,self.errors,encoding_table)[0]
           ^^^^^^^^^^^^^^^^^^^^^^^^^^^^^^^^^^^^^^^^^^^^^^^^^^^^^^^
2026-03-04 15:16:51,278 | 21060 | ERROR | UnicodeEncodeError: 'charmap' codec can't encode character '\u2248' in position 192: character maps to <undefined>
2026-03-04 15:16:51,278 | 21060 | ERROR | During handling of the above exception, another exception occurred:
2026-03-04 15:16:51,278 | 21060 | ERROR | Traceback (most recent call last):
2026-03-04 15:16:51,278 | 21060 | ERROR | File "C:\Users\maxwell\AppData\Local\Python\pythoncore-3.11-64\Lib\logging\__init__.py", line 1113, in emit
    stream.write(msg + self.terminator)
2026-03-04 15:16:51,278 | 21060 | ERROR | File "C:\Users\maxwell\AppData\Local\Python\pythoncore-3.11-64\Lib\encodings\cp1252.py", line 19, in encode
    return codecs.charmap_encode(input,self.errors,encoding_table)[0]
           ^^^^^^^^^^^^^^^^^^^^^^^^^^^^^^^^^^^^^^^^^^^^^^^^^^^^^^^
2026-03-04 15:16:51,285 | 21060 | ERROR | UnicodeEncodeError: 'charmap' codec can't encode character '\u2248' in position 192: character maps to <undefined>
2026-03-04 15:16:51,285 | 21060 | ERROR | During handling of the above exception, another exception occurred:
2026-03-04 15:16:51,286 | 21060 | ERROR | Traceback (most recent call last):
2026-03-04 15:16:51,286 | 21060 | ERROR | File "C:\Users\maxwell\AppData\Local\Python\pythoncore-3.11-64\Lib\logging\__init__.py", line 1113, in emit
    stream.write(msg + self.terminator)
2026-03-04 15:16:51,287 | 21060 | ERROR | File "C:\Users\maxwell\AppData\Local\Python\pythoncore-3.11-64\Lib\encodings\cp1252.py", line 19, in encode
    return codecs.charmap_encode(input,self.errors,encoding_table)[0]
           ^^^^^^^^^^^^^^^^^^^^^^^^^^^^^^^^^^^^^^^^^^^^^^^^^^^^^^^
2026-03-04 15:16:51,287 | 21060 | ERROR | UnicodeEncodeError: 'charmap' codec can't encode character '\u2248' in position 192: character maps to <undefined>
2026-03-04 15:16:51,288 | 21060 | ERROR | During handling of the above exception, another exception occurred:
2026-03-04 15:16:51,288 | 21060 | ERROR | Traceback (most recent call last):
2026-03-04 15:16:51,290 | 21060 | ERROR | File "C:\Users\maxwell\AppData\Local\Python\pythoncore-3.11-64\Lib\logging\__init__.py", line 1113, in emit
    stream.write(msg + self.terminator)
2026-03-04 15:16:51,291 | 21060 | ERROR | File "C:\Users\maxwell\AppData\Local\Python\pythoncore-3.11-64\Lib\encodings\cp1252.py", line 19, in encode
    return codecs.charmap_encode(input,self.errors,encoding_table)[0]
           ^^^^^^^^^^^^^^^^^^^^^^^^^^^^^^^^^^^^^^^^^^^^^^^^^^^^^^^
2026-03-04 15:16:51,291 | 21060 | ERROR | UnicodeEncodeError: 'charmap' codec can't encode character '\u2248' in position 192: character maps to <undefined>
2026-03-04 15:16:51,292 | 21060 | ERROR | During handling of the above exception, another exception occurred:
2026-03-04 15:16:51,293 | 21060 | ERROR | Traceback (most recent call last):
2026-03-04 15:16:51,294 | 21060 | ERROR | File "C:\Users\maxwell\AppData\Local\Python\pythoncore-3.11-64\Lib\logging\__init__.py", line 1113, in emit
    stream.write(msg + self.terminator)
2026-03-04 15:16:51,294 | 21060 | ERROR | File "C:\Users\maxwell\AppData\Local\Python\pythoncore-3.11-64\Lib\encodings\cp1252.py", line 19, in encode
    return codecs.charmap_encode(input,self.errors,encoding_table)[0]
           ^^^^^^^^^^^^^^^^^^^^^^^^^^^^^^^^^^^^^^^^^^^^^^^^^^^^^^^
2026-03-04 15:16:51,295 | 21060 | ERROR | UnicodeEncodeError: 'charmap' codec can't encode character '\u2248' in position 192: character maps to <undefined>
2026-03-04 15:16:51,295 | 21060 | ERROR | During handling of the above exception, another exception occurred:
2026-03-04 15:16:51,295 | 21060 | ERROR | Traceback (most recent call last):
2026-03-04 15:16:51,296 | 21060 | ERROR | File "C:\Users\maxwell\AppData\Local\Python\pythoncore-3.11-64\Lib\logging\__init__.py", line 1113, in emit
    stream.write(msg + self.terminator)
2026-03-04 15:16:51,296 | 21060 | ERROR | File "C:\Users\maxwell\AppData\Local\Python\pythoncore-3.11-64\Lib\encodings\cp1252.py", line 19, in encode
    return codecs.charmap_encode(input,self.errors,encoding_table)[0]
           ^^^^^^^^^^^^^^^^^^^^^^^^^^^^^^^^^^^^^^^^^^^^^^^^^^^^^^^
2026-03-04 15:16:51,296 | 21060 | ERROR | UnicodeEncodeError: 'charmap' codec can't encode character '\u2248' in position 192: character maps to <undefined>
2026-03-04 15:16:51,296 | 21060 | ERROR | During handling of the above exception, another exception occurred:
2026-03-04 15:16:51,296 | 21060 | ERROR | Traceback (most recent call last):
2026-03-04 15:16:51,301 | 21060 | ERROR | File "C:\Users\maxwell\AppData\Local\Python\pythoncore-3.11-64\Lib\logging\__init__.py", line 1113, in emit
    stream.write(msg + self.terminator)
2026-03-04 15:16:51,301 | 21060 | ERROR | File "C:\Users\maxwell\AppData\Local\Python\pythoncore-3.11-64\Lib\encodings\cp1252.py", line 19, in encode
    return codecs.charmap_encode(input,self.errors,encoding_table)[0]
           ^^^^^^^^^^^^^^^^^^^^^^^^^^^^^^^^^^^^^^^^^^^^^^^^^^^^^^^
2026-03-04 15:16:51,302 | 21060 | ERROR | UnicodeEncodeError: 'charmap' codec can't encode character '\u2248' in position 192: character maps to <undefined>
2026-03-04 15:16:51,302 | 21060 | ERROR | During handling of the above exception, another exception occurred:
2026-03-04 15:16:51,303 | 21060 | ERROR | Traceback (most recent call last):
2026-03-04 15:16:51,303 | 21060 | ERROR | File "C:\Users\maxwell\AppData\Local\Python\pythoncore-3.11-64\Lib\logging\__init__.py", line 1113, in emit
    stream.write(msg + self.terminator)
2026-03-04 15:16:51,304 | 21060 | ERROR | File "C:\Users\maxwell\AppData\Local\Python\pythoncore-3.11-64\Lib\encodings\cp1252.py", line 19, in encode
    return codecs.charmap_encode(input,self.errors,encoding_table)[0]
           ^^^^^^^^^^^^^^^^^^^^^^^^^^^^^^^^^^^^^^^^^^^^^^^^^^^^^^^
2026-03-04 15:16:51,305 | 21060 | ERROR | UnicodeEncodeError: 'charmap' codec can't encode character '\u2248' in position 192: character maps to <undefined>
2026-03-04 15:16:51,306 | 21060 | ERROR | Call stack:
2026-03-04 15:16:51,309 | 21060 | ERROR | File "C:\Users\maxwell\UCB-USACE-RR-PROJECT\run_hyperparam_search.py", line 853, in <module>
    setup_logging()
2026-03-04 15:16:51,310 | 21060 | ERROR | --- Logging error ---
2026-03-04 15:16:51,311 | 21060 | ERROR | Traceback (most recent call last):
2026-03-04 15:16:51,311 | 21060 | ERROR | File "C:\Users\maxwell\AppData\Local\Python\pythoncore-3.11-64\Lib\logging\__init__.py", line 1113, in emit
    stream.write(msg + self.terminator)
2026-03-04 15:16:51,311 | 21060 | ERROR | File "C:\Users\maxwell\AppData\Local\Python\pythoncore-3.11-64\Lib\encodings\cp1252.py", line 19, in encode
    return codecs.charmap_encode(input,self.errors,encoding_table)[0]
           ^^^^^^^^^^^^^^^^^^^^^^^^^^^^^^^^^^^^^^^^^^^^^^^^^^^^^^^
2026-03-04 15:16:51,324 | 21060 | ERROR | UnicodeEncodeError: 'charmap' codec can't encode character '\u2248' in position 107: character maps to <undefined>
2026-03-04 15:16:51,324 | 21060 | ERROR | During handling of the above exception, another exception occurred:
2026-03-04 15:16:51,325 | 21060 | ERROR | Traceback (most recent call last):
2026-03-04 15:16:51,326 | 21060 | ERROR | File "C:\Users\maxwell\AppData\Local\Python\pythoncore-3.11-64\Lib\logging\__init__.py", line 1113, in emit
    stream.write(msg + self.terminator)
2026-03-04 15:16:51,327 | 21060 | ERROR | File "C:\Users\maxwell\AppData\Local\Python\pythoncore-3.11-64\Lib\encodings\cp1252.py", line 19, in encode
    return codecs.charmap_encode(input,self.errors,encoding_table)[0]
           ^^^^^^^^^^^^^^^^^^^^^^^^^^^^^^^^^^^^^^^^^^^^^^^^^^^^^^^
2026-03-04 15:16:51,327 | 21060 | ERROR | UnicodeEncodeError: 'charmap' codec can't encode character '\u2248' in position 192: character maps to <undefined>
2026-03-04 15:16:51,328 | 21060 | ERROR | During handling of the above exception, another exception occurred:
2026-03-04 15:16:51,329 | 21060 | ERROR | Traceback (most recent call last):
2026-03-04 15:16:51,330 | 21060 | ERROR | File "C:\Users\maxwell\AppData\Local\Python\pythoncore-3.11-64\Lib\logging\__init__.py", line 1113, in emit
    stream.write(msg + self.terminator)
2026-03-04 15:16:51,330 | 21060 | ERROR | File "C:\Users\maxwell\AppData\Local\Python\pythoncore-3.11-64\Lib\encodings\cp1252.py", line 19, in encode
    return codecs.charmap_encode(input,self.errors,encoding_table)[0]
           ^^^^^^^^^^^^^^^^^^^^^^^^^^^^^^^^^^^^^^^^^^^^^^^^^^^^^^^
2026-03-04 15:16:51,331 | 21060 | ERROR | UnicodeEncodeError: 'charmap' codec can't encode character '\u2248' in position 192: character maps to <undefined>
2026-03-04 15:16:51,331 | 21060 | ERROR | During handling of the above exception, another exception occurred:
2026-03-04 15:16:51,332 | 21060 | ERROR | Traceback (most recent call last):
2026-03-04 15:16:51,332 | 21060 | ERROR | File "C:\Users\maxwell\AppData\Local\Python\pythoncore-3.11-64\Lib\logging\__init__.py", line 1113, in emit
    stream.write(msg + self.terminator)
2026-03-04 15:16:51,333 | 21060 | ERROR | File "C:\Users\maxwell\AppData\Local\Python\pythoncore-3.11-64\Lib\encodings\cp1252.py", line 19, in encode
    return codecs.charmap_encode(input,self.errors,encoding_table)[0]
           ^^^^^^^^^^^^^^^^^^^^^^^^^^^^^^^^^^^^^^^^^^^^^^^^^^^^^^^
2026-03-04 15:16:51,334 | 21060 | ERROR | UnicodeEncodeError: 'charmap' codec can't encode character '\u2248' in position 192: character maps to <undefined>
2026-03-04 15:16:51,334 | 21060 | ERROR | During handling of the above exception, another exception occurred:
2026-03-04 15:16:51,334 | 21060 | ERROR | Traceback (most recent call last):
2026-03-04 15:16:51,334 | 21060 | ERROR | File "C:\Users\maxwell\AppData\Local\Python\pythoncore-3.11-64\Lib\logging\__init__.py", line 1113, in emit
    stream.write(msg + self.terminator)
2026-03-04 15:16:51,334 | 21060 | ERROR | File "C:\Users\maxwell\AppData\Local\Python\pythoncore-3.11-64\Lib\encodings\cp1252.py", line 19, in encode
    return codecs.charmap_encode(input,self.errors,encoding_table)[0]
           ^^^^^^^^^^^^^^^^^^^^^^^^^^^^^^^^^^^^^^^^^^^^^^^^^^^^^^^
2026-03-04 15:16:51,334 | 21060 | ERROR | UnicodeEncodeError: 'charmap' codec can't encode character '\u2248' in position 192: character maps to <undefined>
2026-03-04 15:16:51,334 | 21060 | ERROR | During handling of the above exception, another exception occurred:
2026-03-04 15:16:51,334 | 21060 | ERROR | Traceback (most recent call last):
2026-03-04 15:16:51,334 | 21060 | ERROR | File "C:\Users\maxwell\AppData\Local\Python\pythoncore-3.11-64\Lib\logging\__init__.py", line 1113, in emit
    stream.write(msg + self.terminator)
2026-03-04 15:16:51,341 | 21060 | ERROR | File "C:\Users\maxwell\AppData\Local\Python\pythoncore-3.11-64\Lib\encodings\cp1252.py", line 19, in encode
    return codecs.charmap_encode(input,self.errors,encoding_table)[0]
           ^^^^^^^^^^^^^^^^^^^^^^^^^^^^^^^^^^^^^^^^^^^^^^^^^^^^^^^
2026-03-04 15:16:51,341 | 21060 | ERROR | UnicodeEncodeError: 'charmap' codec can't encode character '\u2248' in position 192: character maps to <undefined>
2026-03-04 15:16:51,342 | 21060 | ERROR | During handling of the above exception, another exception occurred:
2026-03-04 15:16:51,342 | 21060 | ERROR | Traceback (most recent call last):
2026-03-04 15:16:51,343 | 21060 | ERROR | File "C:\Users\maxwell\AppData\Local\Python\pythoncore-3.11-64\Lib\logging\__init__.py", line 1113, in emit
    stream.write(msg + self.terminator)
2026-03-04 15:16:51,343 | 21060 | ERROR | File "C:\Users\maxwell\AppData\Local\Python\pythoncore-3.11-64\Lib\encodings\cp1252.py", line 19, in encode
    return codecs.charmap_encode(input,self.errors,encoding_table)[0]
           ^^^^^^^^^^^^^^^^^^^^^^^^^^^^^^^^^^^^^^^^^^^^^^^^^^^^^^^
2026-03-04 15:16:51,344 | 21060 | ERROR | UnicodeEncodeError: 'charmap' codec can't encode character '\u2248' in position 192: character maps to <undefined>
2026-03-04 15:16:51,345 | 21060 | ERROR | During handling of the above exception, another exception occurred:
2026-03-04 15:16:51,346 | 21060 | ERROR | Traceback (most recent call last):
2026-03-04 15:16:51,346 | 21060 | ERROR | File "C:\Users\maxwell\AppData\Local\Python\pythoncore-3.11-64\Lib\logging\__init__.py", line 1113, in emit
    stream.write(msg + self.terminator)
2026-03-04 15:16:51,347 | 21060 | ERROR | File "C:\Users\maxwell\AppData\Local\Python\pythoncore-3.11-64\Lib\encodings\cp1252.py", line 19, in encode
    return codecs.charmap_encode(input,self.errors,encoding_table)[0]
           ^^^^^^^^^^^^^^^^^^^^^^^^^^^^^^^^^^^^^^^^^^^^^^^^^^^^^^^
2026-03-04 15:16:51,347 | 21060 | ERROR | UnicodeEncodeError: 'charmap' codec can't encode character '\u2248' in position 192: character maps to <undefined>
2026-03-04 15:16:51,348 | 21060 | ERROR | During handling of the above exception, another exception occurred:
2026-03-04 15:16:51,348 | 21060 | ERROR | Traceback (most recent call last):
2026-03-04 15:16:51,349 | 21060 | ERROR | File "C:\Users\maxwell\AppData\Local\Python\pythoncore-3.11-64\Lib\logging\__init__.py", line 1113, in emit
    stream.write(msg + self.terminator)
2026-03-04 15:16:51,349 | 21060 | ERROR | File "C:\Users\maxwell\AppData\Local\Python\pythoncore-3.11-64\Lib\encodings\cp1252.py", line 19, in encode
    return codecs.charmap_encode(input,self.errors,encoding_table)[0]
           ^^^^^^^^^^^^^^^^^^^^^^^^^^^^^^^^^^^^^^^^^^^^^^^^^^^^^^^
2026-03-04 15:16:51,351 | 21060 | ERROR | UnicodeEncodeError: 'charmap' codec can't encode character '\u2248' in position 192: character maps to <undefined>
2026-03-04 15:16:51,351 | 21060 | ERROR | During handling of the above exception, another exception occurred:
2026-03-04 15:16:51,351 | 21060 | ERROR | Traceback (most recent call last):
2026-03-04 15:16:51,353 | 21060 | ERROR | File "C:\Users\maxwell\AppData\Local\Python\pythoncore-3.11-64\Lib\logging\__init__.py", line 1113, in emit
    stream.write(msg + self.terminator)
2026-03-04 15:16:51,353 | 21060 | ERROR | File "C:\Users\maxwell\AppData\Local\Python\pythoncore-3.11-64\Lib\encodings\cp1252.py", line 19, in encode
    return codecs.charmap_encode(input,self.errors,encoding_table)[0]
           ^^^^^^^^^^^^^^^^^^^^^^^^^^^^^^^^^^^^^^^^^^^^^^^^^^^^^^^
2026-03-04 15:16:51,354 | 21060 | ERROR | UnicodeEncodeError: 'charmap' codec can't encode character '\u2248' in position 192: character maps to <undefined>
2026-03-04 15:16:51,354 | 21060 | ERROR | During handling of the above exception, another exception occurred:
2026-03-04 15:16:51,355 | 21060 | ERROR | Traceback (most recent call last):
2026-03-04 15:16:51,356 | 21060 | ERROR | File "C:\Users\maxwell\AppData\Local\Python\pythoncore-3.11-64\Lib\logging\__init__.py", line 1113, in emit
    stream.write(msg + self.terminator)
2026-03-04 15:16:51,356 | 21060 | ERROR | File "C:\Users\maxwell\AppData\Local\Python\pythoncore-3.11-64\Lib\encodings\cp1252.py", line 19, in encode
    return codecs.charmap_encode(input,self.errors,encoding_table)[0]
           ^^^^^^^^^^^^^^^^^^^^^^^^^^^^^^^^^^^^^^^^^^^^^^^^^^^^^^^
2026-03-04 15:16:51,357 | 21060 | ERROR | UnicodeEncodeError: 'charmap' codec can't encode character '\u2248' in position 192: character maps to <undefined>
2026-03-04 15:16:51,357 | 21060 | ERROR | During handling of the above exception, another exception occurred:
2026-03-04 15:16:51,358 | 21060 | ERROR | Traceback (most recent call last):
2026-03-04 15:16:51,359 | 21060 | ERROR | File "C:\Users\maxwell\AppData\Local\Python\pythoncore-3.11-64\Lib\logging\__init__.py", line 1113, in emit
    stream.write(msg + self.terminator)
2026-03-04 15:16:51,359 | 21060 | ERROR | File "C:\Users\maxwell\AppData\Local\Python\pythoncore-3.11-64\Lib\encodings\cp1252.py", line 19, in encode
    return codecs.charmap_encode(input,self.errors,encoding_table)[0]
           ^^^^^^^^^^^^^^^^^^^^^^^^^^^^^^^^^^^^^^^^^^^^^^^^^^^^^^^
2026-03-04 15:16:51,360 | 21060 | ERROR | UnicodeEncodeError: 'charmap' codec can't encode character '\u2248' in position 192: character maps to <undefined>
2026-03-04 15:16:51,361 | 21060 | ERROR | During handling of the above exception, another exception occurred:
2026-03-04 15:16:51,361 | 21060 | ERROR | Traceback (most recent call last):
2026-03-04 15:16:51,362 | 21060 | ERROR | File "C:\Users\maxwell\AppData\Local\Python\pythoncore-3.11-64\Lib\logging\__init__.py", line 1113, in emit
    stream.write(msg + self.terminator)
2026-03-04 15:16:51,362 | 21060 | ERROR | File "C:\Users\maxwell\AppData\Local\Python\pythoncore-3.11-64\Lib\encodings\cp1252.py", line 19, in encode
    return codecs.charmap_encode(input,self.errors,encoding_table)[0]
           ^^^^^^^^^^^^^^^^^^^^^^^^^^^^^^^^^^^^^^^^^^^^^^^^^^^^^^^
2026-03-04 15:16:51,363 | 21060 | ERROR | UnicodeEncodeError: 'charmap' codec can't encode character '\u2248' in position 192: character maps to <undefined>
2026-03-04 15:16:51,364 | 21060 | ERROR | During handling of the above exception, another exception occurred:
2026-03-04 15:16:51,364 | 21060 | ERROR | Traceback (most recent call last):
2026-03-04 15:16:51,365 | 21060 | ERROR | File "C:\Users\maxwell\AppData\Local\Python\pythoncore-3.11-64\Lib\logging\__init__.py", line 1113, in emit
    stream.write(msg + self.terminator)
2026-03-04 15:16:51,366 | 21060 | ERROR | File "C:\Users\maxwell\AppData\Local\Python\pythoncore-3.11-64\Lib\encodings\cp1252.py", line 19, in encode
    return codecs.charmap_encode(input,self.errors,encoding_table)[0]
           ^^^^^^^^^^^^^^^^^^^^^^^^^^^^^^^^^^^^^^^^^^^^^^^^^^^^^^^
2026-03-04 15:16:51,366 | 21060 | ERROR | UnicodeEncodeError: 'charmap' codec can't encode character '\u2248' in position 192: character maps to <undefined>
2026-03-04 15:16:51,367 | 21060 | ERROR | During handling of the above exception, another exception occurred:
2026-03-04 15:16:51,367 | 21060 | ERROR | Traceback (most recent call last):
2026-03-04 15:16:51,368 | 21060 | ERROR | File "C:\Users\maxwell\AppData\Local\Python\pythoncore-3.11-64\Lib\logging\__init__.py", line 1113, in emit
    stream.write(msg + self.terminator)
2026-03-04 15:16:51,369 | 21060 | ERROR | File "C:\Users\maxwell\AppData\Local\Python\pythoncore-3.11-64\Lib\encodings\cp1252.py", line 19, in encode
    return codecs.charmap_encode(input,self.errors,encoding_table)[0]
           ^^^^^^^^^^^^^^^^^^^^^^^^^^^^^^^^^^^^^^^^^^^^^^^^^^^^^^^
2026-03-04 15:16:51,369 | 21060 | ERROR | UnicodeEncodeError: 'charmap' codec can't encode character '\u2248' in position 192: character maps to <undefined>
2026-03-04 15:16:51,370 | 21060 | ERROR | During handling of the above exception, another exception occurred:
2026-03-04 15:16:51,370 | 21060 | ERROR | Traceback (most recent call last):
2026-03-04 15:16:51,372 | 21060 | ERROR | File "C:\Users\maxwell\AppData\Local\Python\pythoncore-3.11-64\Lib\logging\__init__.py", line 1113, in emit
    stream.write(msg + self.terminator)
2026-03-04 15:16:51,373 | 21060 | ERROR | File "C:\Users\maxwell\AppData\Local\Python\pythoncore-3.11-64\Lib\encodings\cp1252.py", line 19, in encode
    return codecs.charmap_encode(input,self.errors,encoding_table)[0]
           ^^^^^^^^^^^^^^^^^^^^^^^^^^^^^^^^^^^^^^^^^^^^^^^^^^^^^^^
2026-03-04 15:16:51,373 | 21060 | ERROR | UnicodeEncodeError: 'charmap' codec can't encode character '\u2248' in position 192: character maps to <undefined>
2026-03-04 15:16:51,374 | 21060 | ERROR | During handling of the above exception, another exception occurred:
2026-03-04 15:16:51,374 | 21060 | ERROR | Traceback (most recent call last):
2026-03-04 15:16:51,375 | 21060 | ERROR | File "C:\Users\maxwell\AppData\Local\Python\pythoncore-3.11-64\Lib\logging\__init__.py", line 1113, in emit
    stream.write(msg + self.terminator)
2026-03-04 15:16:51,375 | 21060 | ERROR | File "C:\Users\maxwell\AppData\Local\Python\pythoncore-3.11-64\Lib\encodings\cp1252.py", line 19, in encode
    return codecs.charmap_encode(input,self.errors,encoding_table)[0]
           ^^^^^^^^^^^^^^^^^^^^^^^^^^^^^^^^^^^^^^^^^^^^^^^^^^^^^^^
2026-03-04 15:16:51,376 | 21060 | ERROR | UnicodeEncodeError: 'charmap' codec can't encode character '\u2248' in position 192: character maps to <undefined>
2026-03-04 15:16:51,377 | 21060 | ERROR | During handling of the above exception, another exception occurred:
2026-03-04 15:16:51,377 | 21060 | ERROR | Traceback (most recent call last):
2026-03-04 15:16:51,378 | 21060 | ERROR | File "C:\Users\maxwell\AppData\Local\Python\pythoncore-3.11-64\Lib\logging\__init__.py", line 1113, in emit
    stream.write(msg + self.terminator)
2026-03-04 15:16:51,379 | 21060 | ERROR | File "C:\Users\maxwell\AppData\Local\Python\pythoncore-3.11-64\Lib\encodings\cp1252.py", line 19, in encode
    return codecs.charmap_encode(input,self.errors,encoding_table)[0]
           ^^^^^^^^^^^^^^^^^^^^^^^^^^^^^^^^^^^^^^^^^^^^^^^^^^^^^^^
2026-03-04 15:16:51,379 | 21060 | ERROR | UnicodeEncodeError: 'charmap' codec can't encode character '\u2248' in position 192: character maps to <undefined>
2026-03-04 15:16:51,380 | 21060 | ERROR | During handling of the above exception, another exception occurred:
2026-03-04 15:16:51,380 | 21060 | ERROR | Traceback (most recent call last):
2026-03-04 15:16:51,382 | 21060 | ERROR | File "C:\Users\maxwell\AppData\Local\Python\pythoncore-3.11-64\Lib\logging\__init__.py", line 1113, in emit
    stream.write(msg + self.terminator)
2026-03-04 15:16:51,383 | 21060 | ERROR | File "C:\Users\maxwell\AppData\Local\Python\pythoncore-3.11-64\Lib\encodings\cp1252.py", line 19, in encode
    return codecs.charmap_encode(input,self.errors,encoding_table)[0]
           ^^^^^^^^^^^^^^^^^^^^^^^^^^^^^^^^^^^^^^^^^^^^^^^^^^^^^^^
2026-03-04 15:16:51,383 | 21060 | ERROR | UnicodeEncodeError: 'charmap' codec can't encode character '\u2248' in position 192: character maps to <undefined>
2026-03-04 15:16:51,384 | 21060 | ERROR | During handling of the above exception, another exception occurred:
2026-03-04 15:16:51,384 | 21060 | ERROR | Traceback (most recent call last):
2026-03-04 15:16:51,385 | 21060 | ERROR | File "C:\Users\maxwell\AppData\Local\Python\pythoncore-3.11-64\Lib\logging\__init__.py", line 1113, in emit
    stream.write(msg + self.terminator)
2026-03-04 15:16:51,385 | 21060 | ERROR | File "C:\Users\maxwell\AppData\Local\Python\pythoncore-3.11-64\Lib\encodings\cp1252.py", line 19, in encode
    return codecs.charmap_encode(input,self.errors,encoding_table)[0]
           ^^^^^^^^^^^^^^^^^^^^^^^^^^^^^^^^^^^^^^^^^^^^^^^^^^^^^^^
2026-03-04 15:16:51,386 | 21060 | ERROR | UnicodeEncodeError: 'charmap' codec can't encode character '\u2248' in position 192: character maps to <undefined>
2026-03-04 15:16:51,387 | 21060 | ERROR | During handling of the above exception, another exception occurred:
2026-03-04 15:16:51,388 | 21060 | ERROR | Traceback (most recent call last):
2026-03-04 15:16:51,388 | 21060 | ERROR | File "C:\Users\maxwell\AppData\Local\Python\pythoncore-3.11-64\Lib\logging\__init__.py", line 1113, in emit
    stream.write(msg + self.terminator)
2026-03-04 15:16:51,389 | 21060 | ERROR | File "C:\Users\maxwell\AppData\Local\Python\pythoncore-3.11-64\Lib\encodings\cp1252.py", line 19, in encode
    return codecs.charmap_encode(input,self.errors,encoding_table)[0]
           ^^^^^^^^^^^^^^^^^^^^^^^^^^^^^^^^^^^^^^^^^^^^^^^^^^^^^^^
2026-03-04 15:16:51,389 | 21060 | ERROR | UnicodeEncodeError: 'charmap' codec can't encode character '\u2248' in position 192: character maps to <undefined>
2026-03-04 15:16:51,390 | 21060 | ERROR | During handling of the above exception, another exception occurred:
2026-03-04 15:16:51,390 | 21060 | ERROR | Traceback (most recent call last):
2026-03-04 15:16:51,391 | 21060 | ERROR | File "C:\Users\maxwell\AppData\Local\Python\pythoncore-3.11-64\Lib\logging\__init__.py", line 1113, in emit
    stream.write(msg + self.terminator)
2026-03-04 15:16:51,391 | 21060 | ERROR | File "C:\Users\maxwell\AppData\Local\Python\pythoncore-3.11-64\Lib\encodings\cp1252.py", line 19, in encode
    return codecs.charmap_encode(input,self.errors,encoding_table)[0]
           ^^^^^^^^^^^^^^^^^^^^^^^^^^^^^^^^^^^^^^^^^^^^^^^^^^^^^^^
2026-03-04 15:16:51,393 | 21060 | ERROR | UnicodeEncodeError: 'charmap' codec can't encode character '\u2248' in position 192: character maps to <undefined>
2026-03-04 15:16:51,394 | 21060 | ERROR | During handling of the above exception, another exception occurred:
2026-03-04 15:16:51,394 | 21060 | ERROR | Traceback (most recent call last):
2026-03-04 15:16:51,395 | 21060 | ERROR | File "C:\Users\maxwell\AppData\Local\Python\pythoncore-3.11-64\Lib\logging\__init__.py", line 1113, in emit
    stream.write(msg + self.terminator)
2026-03-04 15:16:51,395 | 21060 | ERROR | File "C:\Users\maxwell\AppData\Local\Python\pythoncore-3.11-64\Lib\encodings\cp1252.py", line 19, in encode
    return codecs.charmap_encode(input,self.errors,encoding_table)[0]
           ^^^^^^^^^^^^^^^^^^^^^^^^^^^^^^^^^^^^^^^^^^^^^^^^^^^^^^^
2026-03-04 15:16:51,396 | 21060 | ERROR | UnicodeEncodeError: 'charmap' codec can't encode character '\u2248' in position 192: character maps to <undefined>
2026-03-04 15:16:51,396 | 21060 | ERROR | During handling of the above exception, another exception occurred:
2026-03-04 15:16:51,397 | 21060 | ERROR | Traceback (most recent call last):
2026-03-04 15:16:51,398 | 21060 | ERROR | File "C:\Users\maxwell\AppData\Local\Python\pythoncore-3.11-64\Lib\logging\__init__.py", line 1113, in emit
    stream.write(msg + self.terminator)
2026-03-04 15:16:51,399 | 21060 | ERROR | File "C:\Users\maxwell\AppData\Local\Python\pythoncore-3.11-64\Lib\encodings\cp1252.py", line 19, in encode
    return codecs.charmap_encode(input,self.errors,encoding_table)[0]
           ^^^^^^^^^^^^^^^^^^^^^^^^^^^^^^^^^^^^^^^^^^^^^^^^^^^^^^^
2026-03-04 15:16:51,400 | 21060 | ERROR | UnicodeEncodeError: 'charmap' codec can't encode character '\u2248' in position 192: character maps to <undefined>
2026-03-04 15:16:51,401 | 21060 | ERROR | During handling of the above exception, another exception occurred:
2026-03-04 15:16:51,401 | 21060 | ERROR | Traceback (most recent call last):
2026-03-04 15:16:51,402 | 21060 | ERROR | File "C:\Users\maxwell\AppData\Local\Python\pythoncore-3.11-64\Lib\logging\__init__.py", line 1113, in emit
    stream.write(msg + self.terminator)
2026-03-04 15:16:51,402 | 21060 | ERROR | File "C:\Users\maxwell\AppData\Local\Python\pythoncore-3.11-64\Lib\encodings\cp1252.py", line 19, in encode
    return codecs.charmap_encode(input,self.errors,encoding_table)[0]
           ^^^^^^^^^^^^^^^^^^^^^^^^^^^^^^^^^^^^^^^^^^^^^^^^^^^^^^^
2026-03-04 15:16:51,403 | 21060 | ERROR | UnicodeEncodeError: 'charmap' codec can't encode character '\u2248' in position 192: character maps to <undefined>
2026-03-04 15:16:51,404 | 21060 | ERROR | During handling of the above exception, another exception occurred:
2026-03-04 15:16:51,405 | 21060 | ERROR | Traceback (most recent call last):
2026-03-04 15:16:51,405 | 21060 | ERROR | File "C:\Users\maxwell\AppData\Local\Python\pythoncore-3.11-64\Lib\logging\__init__.py", line 1113, in emit
    stream.write(msg + self.terminator)
2026-03-04 15:16:51,405 | 21060 | ERROR | File "C:\Users\maxwell\AppData\Local\Python\pythoncore-3.11-64\Lib\encodings\cp1252.py", line 19, in encode
    return codecs.charmap_encode(input,self.errors,encoding_table)[0]
           ^^^^^^^^^^^^^^^^^^^^^^^^^^^^^^^^^^^^^^^^^^^^^^^^^^^^^^^
2026-03-04 15:16:51,405 | 21060 | ERROR | UnicodeEncodeError: 'charmap' codec can't encode character '\u2248' in position 192: character maps to <undefined>
2026-03-04 15:16:51,405 | 21060 | ERROR | During handling of the above exception, another exception occurred:
2026-03-04 15:16:51,405 | 21060 | ERROR | Traceback (most recent call last):
2026-03-04 15:16:51,405 | 21060 | ERROR | File "C:\Users\maxwell\AppData\Local\Python\pythoncore-3.11-64\Lib\logging\__init__.py", line 1113, in emit
    stream.write(msg + self.terminator)
2026-03-04 15:16:51,409 | 21060 | ERROR | File "C:\Users\maxwell\AppData\Local\Python\pythoncore-3.11-64\Lib\encodings\cp1252.py", line 19, in encode
    return codecs.charmap_encode(input,self.errors,encoding_table)[0]
           ^^^^^^^^^^^^^^^^^^^^^^^^^^^^^^^^^^^^^^^^^^^^^^^^^^^^^^^
2026-03-04 15:16:51,410 | 21060 | ERROR | UnicodeEncodeError: 'charmap' codec can't encode character '\u2248' in position 192: character maps to <undefined>
2026-03-04 15:16:51,410 | 21060 | ERROR | During handling of the above exception, another exception occurred:
2026-03-04 15:16:51,411 | 21060 | ERROR | Traceback (most recent call last):
2026-03-04 15:16:51,411 | 21060 | ERROR | File "C:\Users\maxwell\AppData\Local\Python\pythoncore-3.11-64\Lib\logging\__init__.py", line 1113, in emit
    stream.write(msg + self.terminator)
2026-03-04 15:16:51,412 | 21060 | ERROR | File "C:\Users\maxwell\AppData\Local\Python\pythoncore-3.11-64\Lib\encodings\cp1252.py", line 19, in encode
    return codecs.charmap_encode(input,self.errors,encoding_table)[0]
           ^^^^^^^^^^^^^^^^^^^^^^^^^^^^^^^^^^^^^^^^^^^^^^^^^^^^^^^
2026-03-04 15:16:51,412 | 21060 | ERROR | UnicodeEncodeError: 'charmap' codec can't encode character '\u2248' in position 192: character maps to <undefined>
2026-03-04 15:16:51,414 | 21060 | ERROR | During handling of the above exception, another exception occurred:
2026-03-04 15:16:51,415 | 21060 | ERROR | Traceback (most recent call last):
2026-03-04 15:16:51,415 | 21060 | ERROR | File "C:\Users\maxwell\AppData\Local\Python\pythoncore-3.11-64\Lib\logging\__init__.py", line 1113, in emit
    stream.write(msg + self.terminator)
2026-03-04 15:16:51,416 | 21060 | ERROR | File "C:\Users\maxwell\AppData\Local\Python\pythoncore-3.11-64\Lib\encodings\cp1252.py", line 19, in encode
    return codecs.charmap_encode(input,self.errors,encoding_table)[0]
           ^^^^^^^^^^^^^^^^^^^^^^^^^^^^^^^^^^^^^^^^^^^^^^^^^^^^^^^
2026-03-04 15:16:51,416 | 21060 | ERROR | UnicodeEncodeError: 'charmap' codec can't encode character '\u2248' in position 192: character maps to <undefined>
2026-03-04 15:16:51,417 | 21060 | ERROR | During handling of the above exception, another exception occurred:
2026-03-04 15:16:51,418 | 21060 | ERROR | Traceback (most recent call last):
2026-03-04 15:16:51,418 | 21060 | ERROR | File "C:\Users\maxwell\AppData\Local\Python\pythoncore-3.11-64\Lib\logging\__init__.py", line 1113, in emit
    stream.write(msg + self.terminator)
2026-03-04 15:16:51,419 | 21060 | ERROR | File "C:\Users\maxwell\AppData\Local\Python\pythoncore-3.11-64\Lib\encodings\cp1252.py", line 19, in encode
    return codecs.charmap_encode(input,self.errors,encoding_table)[0]
           ^^^^^^^^^^^^^^^^^^^^^^^^^^^^^^^^^^^^^^^^^^^^^^^^^^^^^^^
2026-03-04 15:16:51,420 | 21060 | ERROR | UnicodeEncodeError: 'charmap' codec can't encode character '\u2248' in position 192: character maps to <undefined>
2026-03-04 15:16:51,420 | 21060 | ERROR | During handling of the above exception, another exception occurred:
2026-03-04 15:16:51,421 | 21060 | ERROR | Traceback (most recent call last):
2026-03-04 15:16:51,421 | 21060 | ERROR | File "C:\Users\maxwell\AppData\Local\Python\pythoncore-3.11-64\Lib\logging\__init__.py", line 1113, in emit
    stream.write(msg + self.terminator)
2026-03-04 15:16:51,422 | 21060 | ERROR | File "C:\Users\maxwell\AppData\Local\Python\pythoncore-3.11-64\Lib\encodings\cp1252.py", line 19, in encode
    return codecs.charmap_encode(input,self.errors,encoding_table)[0]
           ^^^^^^^^^^^^^^^^^^^^^^^^^^^^^^^^^^^^^^^^^^^^^^^^^^^^^^^
2026-03-04 15:16:51,422 | 21060 | ERROR | UnicodeEncodeError: 'charmap' codec can't encode character '\u2248' in position 192: character maps to <undefined>
2026-03-04 15:16:51,424 | 21060 | ERROR | Call stack:
2026-03-04 15:16:51,427 | 21060 | ERROR | File "C:\Users\maxwell\UCB-USACE-RR-PROJECT\run_hyperparam_search.py", line 853, in <module>
    setup_logging()
2026-03-04 15:16:51,428 | 21060 | ERROR | --- Logging error ---
2026-03-04 15:16:51,430 | 21060 | ERROR | Traceback (most recent call last):
2026-03-04 15:16:51,430 | 21060 | ERROR | File "C:\Users\maxwell\AppData\Local\Python\pythoncore-3.11-64\Lib\logging\__init__.py", line 1113, in emit
    stream.write(msg + self.terminator)
2026-03-04 15:16:51,430 | 21060 | ERROR | File "C:\Users\maxwell\AppData\Local\Python\pythoncore-3.11-64\Lib\encodings\cp1252.py", line 19, in encode
    return codecs.charmap_encode(input,self.errors,encoding_table)[0]
           ^^^^^^^^^^^^^^^^^^^^^^^^^^^^^^^^^^^^^^^^^^^^^^^^^^^^^^^
2026-03-04 15:16:51,441 | 21060 | ERROR | UnicodeEncodeError: 'charmap' codec can't encode character '\u2248' in position 107: character maps to <undefined>
2026-03-04 15:16:51,442 | 21060 | ERROR | During handling of the above exception, another exception occurred:
2026-03-04 15:16:51,442 | 21060 | ERROR | Traceback (most recent call last):
2026-03-04 15:16:51,443 | 21060 | ERROR | File "C:\Users\maxwell\AppData\Local\Python\pythoncore-3.11-64\Lib\logging\__init__.py", line 1113, in emit
    stream.write(msg + self.terminator)
2026-03-04 15:16:51,443 | 21060 | ERROR | File "C:\Users\maxwell\AppData\Local\Python\pythoncore-3.11-64\Lib\encodings\cp1252.py", line 19, in encode
    return codecs.charmap_encode(input,self.errors,encoding_table)[0]
           ^^^^^^^^^^^^^^^^^^^^^^^^^^^^^^^^^^^^^^^^^^^^^^^^^^^^^^^
2026-03-04 15:16:51,445 | 21060 | ERROR | UnicodeEncodeError: 'charmap' codec can't encode character '\u2248' in position 192: character maps to <undefined>
2026-03-04 15:16:51,445 | 21060 | ERROR | During handling of the above exception, another exception occurred:
2026-03-04 15:16:51,446 | 21060 | ERROR | Traceback (most recent call last):
2026-03-04 15:16:51,447 | 21060 | ERROR | File "C:\Users\maxwell\AppData\Local\Python\pythoncore-3.11-64\Lib\logging\__init__.py", line 1113, in emit
    stream.write(msg + self.terminator)
2026-03-04 15:16:51,448 | 21060 | ERROR | File "C:\Users\maxwell\AppData\Local\Python\pythoncore-3.11-64\Lib\encodings\cp1252.py", line 19, in encode
    return codecs.charmap_encode(input,self.errors,encoding_table)[0]
           ^^^^^^^^^^^^^^^^^^^^^^^^^^^^^^^^^^^^^^^^^^^^^^^^^^^^^^^
2026-03-04 15:16:51,448 | 21060 | ERROR | UnicodeEncodeError: 'charmap' codec can't encode character '\u2248' in position 192: character maps to <undefined>
2026-03-04 15:16:51,448 | 21060 | ERROR | During handling of the above exception, another exception occurred:
2026-03-04 15:16:51,449 | 21060 | ERROR | Traceback (most recent call last):
2026-03-04 15:16:51,450 | 21060 | ERROR | File "C:\Users\maxwell\AppData\Local\Python\pythoncore-3.11-64\Lib\logging\__init__.py", line 1113, in emit
    stream.write(msg + self.terminator)
2026-03-04 15:16:51,450 | 21060 | ERROR | File "C:\Users\maxwell\AppData\Local\Python\pythoncore-3.11-64\Lib\encodings\cp1252.py", line 19, in encode
    return codecs.charmap_encode(input,self.errors,encoding_table)[0]
           ^^^^^^^^^^^^^^^^^^^^^^^^^^^^^^^^^^^^^^^^^^^^^^^^^^^^^^^
2026-03-04 15:16:51,451 | 21060 | ERROR | UnicodeEncodeError: 'charmap' codec can't encode character '\u2248' in position 192: character maps to <undefined>
2026-03-04 15:16:51,451 | 21060 | ERROR | During handling of the above exception, another exception occurred:
2026-03-04 15:16:51,453 | 21060 | ERROR | Traceback (most recent call last):
2026-03-04 15:16:51,453 | 21060 | ERROR | File "C:\Users\maxwell\AppData\Local\Python\pythoncore-3.11-64\Lib\logging\__init__.py", line 1113, in emit
    stream.write(msg + self.terminator)
2026-03-04 15:16:51,454 | 21060 | ERROR | File "C:\Users\maxwell\AppData\Local\Python\pythoncore-3.11-64\Lib\encodings\cp1252.py", line 19, in encode
    return codecs.charmap_encode(input,self.errors,encoding_table)[0]
           ^^^^^^^^^^^^^^^^^^^^^^^^^^^^^^^^^^^^^^^^^^^^^^^^^^^^^^^
2026-03-04 15:16:51,455 | 21060 | ERROR | UnicodeEncodeError: 'charmap' codec can't encode character '\u2248' in position 192: character maps to <undefined>
2026-03-04 15:16:51,455 | 21060 | ERROR | During handling of the above exception, another exception occurred:
2026-03-04 15:16:51,456 | 21060 | ERROR | Traceback (most recent call last):
2026-03-04 15:16:51,456 | 21060 | ERROR | File "C:\Users\maxwell\AppData\Local\Python\pythoncore-3.11-64\Lib\logging\__init__.py", line 1113, in emit
    stream.write(msg + self.terminator)
2026-03-04 15:16:51,457 | 21060 | ERROR | File "C:\Users\maxwell\AppData\Local\Python\pythoncore-3.11-64\Lib\encodings\cp1252.py", line 19, in encode
    return codecs.charmap_encode(input,self.errors,encoding_table)[0]
           ^^^^^^^^^^^^^^^^^^^^^^^^^^^^^^^^^^^^^^^^^^^^^^^^^^^^^^^
2026-03-04 15:16:51,458 | 21060 | ERROR | UnicodeEncodeError: 'charmap' codec can't encode character '\u2248' in position 192: character maps to <undefined>
2026-03-04 15:16:51,458 | 21060 | ERROR | During handling of the above exception, another exception occurred:
2026-03-04 15:16:51,459 | 21060 | ERROR | Traceback (most recent call last):
2026-03-04 15:16:51,459 | 21060 | ERROR | File "C:\Users\maxwell\AppData\Local\Python\pythoncore-3.11-64\Lib\logging\__init__.py", line 1113, in emit
    stream.write(msg + self.terminator)
2026-03-04 15:16:51,460 | 21060 | ERROR | File "C:\Users\maxwell\AppData\Local\Python\pythoncore-3.11-64\Lib\encodings\cp1252.py", line 19, in encode
    return codecs.charmap_encode(input,self.errors,encoding_table)[0]
           ^^^^^^^^^^^^^^^^^^^^^^^^^^^^^^^^^^^^^^^^^^^^^^^^^^^^^^^
2026-03-04 15:16:51,461 | 21060 | ERROR | UnicodeEncodeError: 'charmap' codec can't encode character '\u2248' in position 192: character maps to <undefined>
2026-03-04 15:16:51,462 | 21060 | ERROR | During handling of the above exception, another exception occurred:
2026-03-04 15:16:51,462 | 21060 | ERROR | Traceback (most recent call last):
2026-03-04 15:16:51,463 | 21060 | ERROR | File "C:\Users\maxwell\AppData\Local\Python\pythoncore-3.11-64\Lib\logging\__init__.py", line 1113, in emit
    stream.write(msg + self.terminator)
2026-03-04 15:16:51,464 | 21060 | ERROR | File "C:\Users\maxwell\AppData\Local\Python\pythoncore-3.11-64\Lib\encodings\cp1252.py", line 19, in encode
    return codecs.charmap_encode(input,self.errors,encoding_table)[0]
           ^^^^^^^^^^^^^^^^^^^^^^^^^^^^^^^^^^^^^^^^^^^^^^^^^^^^^^^
2026-03-04 15:16:51,464 | 21060 | ERROR | UnicodeEncodeError: 'charmap' codec can't encode character '\u2248' in position 192: character maps to <undefined>
2026-03-04 15:16:51,465 | 21060 | ERROR | During handling of the above exception, another exception occurred:
2026-03-04 15:16:51,466 | 21060 | ERROR | Traceback (most recent call last):
2026-03-04 15:16:51,466 | 21060 | ERROR | File "C:\Users\maxwell\AppData\Local\Python\pythoncore-3.11-64\Lib\logging\__init__.py", line 1113, in emit
    stream.write(msg + self.terminator)
2026-03-04 15:16:51,467 | 21060 | ERROR | File "C:\Users\maxwell\AppData\Local\Python\pythoncore-3.11-64\Lib\encodings\cp1252.py", line 19, in encode
    return codecs.charmap_encode(input,self.errors,encoding_table)[0]
           ^^^^^^^^^^^^^^^^^^^^^^^^^^^^^^^^^^^^^^^^^^^^^^^^^^^^^^^
2026-03-04 15:16:51,468 | 21060 | ERROR | UnicodeEncodeError: 'charmap' codec can't encode character '\u2248' in position 192: character maps to <undefined>
2026-03-04 15:16:51,469 | 21060 | ERROR | During handling of the above exception, another exception occurred:
2026-03-04 15:16:51,469 | 21060 | ERROR | Traceback (most recent call last):
2026-03-04 15:16:51,470 | 21060 | ERROR | File "C:\Users\maxwell\AppData\Local\Python\pythoncore-3.11-64\Lib\logging\__init__.py", line 1113, in emit
    stream.write(msg + self.terminator)
2026-03-04 15:16:51,470 | 21060 | ERROR | File "C:\Users\maxwell\AppData\Local\Python\pythoncore-3.11-64\Lib\encodings\cp1252.py", line 19, in encode
    return codecs.charmap_encode(input,self.errors,encoding_table)[0]
           ^^^^^^^^^^^^^^^^^^^^^^^^^^^^^^^^^^^^^^^^^^^^^^^^^^^^^^^
2026-03-04 15:16:51,471 | 21060 | ERROR | UnicodeEncodeError: 'charmap' codec can't encode character '\u2248' in position 192: character maps to <undefined>
2026-03-04 15:16:51,472 | 21060 | ERROR | During handling of the above exception, another exception occurred:
2026-03-04 15:16:51,472 | 21060 | ERROR | Traceback (most recent call last):
2026-03-04 15:16:51,473 | 21060 | ERROR | File "C:\Users\maxwell\AppData\Local\Python\pythoncore-3.11-64\Lib\logging\__init__.py", line 1113, in emit
    stream.write(msg + self.terminator)
2026-03-04 15:16:51,474 | 21060 | ERROR | File "C:\Users\maxwell\AppData\Local\Python\pythoncore-3.11-64\Lib\encodings\cp1252.py", line 19, in encode
    return codecs.charmap_encode(input,self.errors,encoding_table)[0]
           ^^^^^^^^^^^^^^^^^^^^^^^^^^^^^^^^^^^^^^^^^^^^^^^^^^^^^^^
2026-03-04 15:16:51,475 | 21060 | ERROR | UnicodeEncodeError: 'charmap' codec can't encode character '\u2248' in position 192: character maps to <undefined>
2026-03-04 15:16:51,475 | 21060 | ERROR | During handling of the above exception, another exception occurred:
2026-03-04 15:16:51,476 | 21060 | ERROR | Traceback (most recent call last):
2026-03-04 15:16:51,476 | 21060 | ERROR | File "C:\Users\maxwell\AppData\Local\Python\pythoncore-3.11-64\Lib\logging\__init__.py", line 1113, in emit
    stream.write(msg + self.terminator)
2026-03-04 15:16:51,477 | 21060 | ERROR | File "C:\Users\maxwell\AppData\Local\Python\pythoncore-3.11-64\Lib\encodings\cp1252.py", line 19, in encode
    return codecs.charmap_encode(input,self.errors,encoding_table)[0]
           ^^^^^^^^^^^^^^^^^^^^^^^^^^^^^^^^^^^^^^^^^^^^^^^^^^^^^^^
2026-03-04 15:16:51,477 | 21060 | ERROR | UnicodeEncodeError: 'charmap' codec can't encode character '\u2248' in position 192: character maps to <undefined>
2026-03-04 15:16:51,478 | 21060 | ERROR | During handling of the above exception, another exception occurred:
2026-03-04 15:16:51,479 | 21060 | ERROR | Traceback (most recent call last):
2026-03-04 15:16:51,479 | 21060 | ERROR | File "C:\Users\maxwell\AppData\Local\Python\pythoncore-3.11-64\Lib\logging\__init__.py", line 1113, in emit
    stream.write(msg + self.terminator)
2026-03-04 15:16:51,480 | 21060 | ERROR | File "C:\Users\maxwell\AppData\Local\Python\pythoncore-3.11-64\Lib\encodings\cp1252.py", line 19, in encode
    return codecs.charmap_encode(input,self.errors,encoding_table)[0]
           ^^^^^^^^^^^^^^^^^^^^^^^^^^^^^^^^^^^^^^^^^^^^^^^^^^^^^^^
2026-03-04 15:16:51,482 | 21060 | ERROR | UnicodeEncodeError: 'charmap' codec can't encode character '\u2248' in position 192: character maps to <undefined>
2026-03-04 15:16:51,482 | 21060 | ERROR | During handling of the above exception, another exception occurred:
2026-03-04 15:16:51,483 | 21060 | ERROR | Traceback (most recent call last):
2026-03-04 15:16:51,483 | 21060 | ERROR | File "C:\Users\maxwell\AppData\Local\Python\pythoncore-3.11-64\Lib\logging\__init__.py", line 1113, in emit
    stream.write(msg + self.terminator)
2026-03-04 15:16:51,484 | 21060 | ERROR | File "C:\Users\maxwell\AppData\Local\Python\pythoncore-3.11-64\Lib\encodings\cp1252.py", line 19, in encode
    return codecs.charmap_encode(input,self.errors,encoding_table)[0]
           ^^^^^^^^^^^^^^^^^^^^^^^^^^^^^^^^^^^^^^^^^^^^^^^^^^^^^^^
2026-03-04 15:16:51,485 | 21060 | ERROR | UnicodeEncodeError: 'charmap' codec can't encode character '\u2248' in position 192: character maps to <undefined>
2026-03-04 15:16:51,485 | 21060 | ERROR | During handling of the above exception, another exception occurred:
2026-03-04 15:16:51,486 | 21060 | ERROR | Traceback (most recent call last):
2026-03-04 15:16:51,486 | 21060 | ERROR | File "C:\Users\maxwell\AppData\Local\Python\pythoncore-3.11-64\Lib\logging\__init__.py", line 1113, in emit
    stream.write(msg + self.terminator)
2026-03-04 15:16:51,487 | 21060 | ERROR | File "C:\Users\maxwell\AppData\Local\Python\pythoncore-3.11-64\Lib\encodings\cp1252.py", line 19, in encode
    return codecs.charmap_encode(input,self.errors,encoding_table)[0]
           ^^^^^^^^^^^^^^^^^^^^^^^^^^^^^^^^^^^^^^^^^^^^^^^^^^^^^^^
2026-03-04 15:16:51,488 | 21060 | ERROR | UnicodeEncodeError: 'charmap' codec can't encode character '\u2248' in position 192: character maps to <undefined>
2026-03-04 15:16:51,488 | 21060 | ERROR | During handling of the above exception, another exception occurred:
2026-03-04 15:16:51,489 | 21060 | ERROR | Traceback (most recent call last):
2026-03-04 15:16:51,489 | 21060 | ERROR | File "C:\Users\maxwell\AppData\Local\Python\pythoncore-3.11-64\Lib\logging\__init__.py", line 1113, in emit
    stream.write(msg + self.terminator)
2026-03-04 15:16:51,490 | 21060 | ERROR | File "C:\Users\maxwell\AppData\Local\Python\pythoncore-3.11-64\Lib\encodings\cp1252.py", line 19, in encode
    return codecs.charmap_encode(input,self.errors,encoding_table)[0]
           ^^^^^^^^^^^^^^^^^^^^^^^^^^^^^^^^^^^^^^^^^^^^^^^^^^^^^^^
2026-03-04 15:16:51,490 | 21060 | ERROR | UnicodeEncodeError: 'charmap' codec can't encode character '\u2248' in position 192: character maps to <undefined>
2026-03-04 15:16:51,492 | 21060 | ERROR | During handling of the above exception, another exception occurred:
2026-03-04 15:16:51,492 | 21060 | ERROR | Traceback (most recent call last):
2026-03-04 15:16:51,494 | 21060 | ERROR | File "C:\Users\maxwell\AppData\Local\Python\pythoncore-3.11-64\Lib\logging\__init__.py", line 1113, in emit
    stream.write(msg + self.terminator)
2026-03-04 15:16:51,494 | 21060 | ERROR | File "C:\Users\maxwell\AppData\Local\Python\pythoncore-3.11-64\Lib\encodings\cp1252.py", line 19, in encode
    return codecs.charmap_encode(input,self.errors,encoding_table)[0]
           ^^^^^^^^^^^^^^^^^^^^^^^^^^^^^^^^^^^^^^^^^^^^^^^^^^^^^^^
2026-03-04 15:16:51,495 | 21060 | ERROR | UnicodeEncodeError: 'charmap' codec can't encode character '\u2248' in position 192: character maps to <undefined>
2026-03-04 15:16:51,496 | 21060 | ERROR | During handling of the above exception, another exception occurred:
2026-03-04 15:16:51,496 | 21060 | ERROR | Traceback (most recent call last):
2026-03-04 15:16:51,497 | 21060 | ERROR | File "C:\Users\maxwell\AppData\Local\Python\pythoncore-3.11-64\Lib\logging\__init__.py", line 1113, in emit
    stream.write(msg + self.terminator)
2026-03-04 15:16:51,498 | 21060 | ERROR | File "C:\Users\maxwell\AppData\Local\Python\pythoncore-3.11-64\Lib\encodings\cp1252.py", line 19, in encode
    return codecs.charmap_encode(input,self.errors,encoding_table)[0]
           ^^^^^^^^^^^^^^^^^^^^^^^^^^^^^^^^^^^^^^^^^^^^^^^^^^^^^^^
2026-03-04 15:16:51,498 | 21060 | ERROR | UnicodeEncodeError: 'charmap' codec can't encode character '\u2248' in position 192: character maps to <undefined>
2026-03-04 15:16:51,499 | 21060 | ERROR | During handling of the above exception, another exception occurred:
2026-03-04 15:16:51,500 | 21060 | ERROR | Traceback (most recent call last):
2026-03-04 15:16:51,500 | 21060 | ERROR | File "C:\Users\maxwell\AppData\Local\Python\pythoncore-3.11-64\Lib\logging\__init__.py", line 1113, in emit
    stream.write(msg + self.terminator)
2026-03-04 15:16:51,501 | 21060 | ERROR | File "C:\Users\maxwell\AppData\Local\Python\pythoncore-3.11-64\Lib\encodings\cp1252.py", line 19, in encode
    return codecs.charmap_encode(input,self.errors,encoding_table)[0]
           ^^^^^^^^^^^^^^^^^^^^^^^^^^^^^^^^^^^^^^^^^^^^^^^^^^^^^^^
2026-03-04 15:16:51,502 | 21060 | ERROR | UnicodeEncodeError: 'charmap' codec can't encode character '\u2248' in position 192: character maps to <undefined>
2026-03-04 15:16:51,502 | 21060 | ERROR | During handling of the above exception, another exception occurred:
2026-03-04 15:16:51,502 | 21060 | ERROR | Traceback (most recent call last):
2026-03-04 15:16:51,504 | 21060 | ERROR | File "C:\Users\maxwell\AppData\Local\Python\pythoncore-3.11-64\Lib\logging\__init__.py", line 1113, in emit
    stream.write(msg + self.terminator)
2026-03-04 15:16:51,504 | 21060 | ERROR | File "C:\Users\maxwell\AppData\Local\Python\pythoncore-3.11-64\Lib\encodings\cp1252.py", line 19, in encode
    return codecs.charmap_encode(input,self.errors,encoding_table)[0]
           ^^^^^^^^^^^^^^^^^^^^^^^^^^^^^^^^^^^^^^^^^^^^^^^^^^^^^^^
2026-03-04 15:16:51,505 | 21060 | ERROR | UnicodeEncodeError: 'charmap' codec can't encode character '\u2248' in position 192: character maps to <undefined>
2026-03-04 15:16:51,505 | 21060 | ERROR | During handling of the above exception, another exception occurred:
2026-03-04 15:16:51,506 | 21060 | ERROR | Traceback (most recent call last):
2026-03-04 15:16:51,506 | 21060 | ERROR | File "C:\Users\maxwell\AppData\Local\Python\pythoncore-3.11-64\Lib\logging\__init__.py", line 1113, in emit
    stream.write(msg + self.terminator)
2026-03-04 15:16:51,507 | 21060 | ERROR | File "C:\Users\maxwell\AppData\Local\Python\pythoncore-3.11-64\Lib\encodings\cp1252.py", line 19, in encode
    return codecs.charmap_encode(input,self.errors,encoding_table)[0]
           ^^^^^^^^^^^^^^^^^^^^^^^^^^^^^^^^^^^^^^^^^^^^^^^^^^^^^^^
2026-03-04 15:16:51,508 | 21060 | ERROR | UnicodeEncodeError: 'charmap' codec can't encode character '\u2248' in position 192: character maps to <undefined>
2026-03-04 15:16:51,508 | 21060 | ERROR | During handling of the above exception, another exception occurred:
2026-03-04 15:16:51,509 | 21060 | ERROR | Traceback (most recent call last):
2026-03-04 15:16:51,509 | 21060 | ERROR | File "C:\Users\maxwell\AppData\Local\Python\pythoncore-3.11-64\Lib\logging\__init__.py", line 1113, in emit
    stream.write(msg + self.terminator)
2026-03-04 15:16:51,510 | 21060 | ERROR | File "C:\Users\maxwell\AppData\Local\Python\pythoncore-3.11-64\Lib\encodings\cp1252.py", line 19, in encode
    return codecs.charmap_encode(input,self.errors,encoding_table)[0]
           ^^^^^^^^^^^^^^^^^^^^^^^^^^^^^^^^^^^^^^^^^^^^^^^^^^^^^^^
2026-03-04 15:16:51,511 | 21060 | ERROR | UnicodeEncodeError: 'charmap' codec can't encode character '\u2248' in position 192: character maps to <undefined>
2026-03-04 15:16:51,512 | 21060 | ERROR | During handling of the above exception, another exception occurred:
2026-03-04 15:16:51,512 | 21060 | ERROR | Traceback (most recent call last):
2026-03-04 15:16:51,513 | 21060 | ERROR | File "C:\Users\maxwell\AppData\Local\Python\pythoncore-3.11-64\Lib\logging\__init__.py", line 1113, in emit
    stream.write(msg + self.terminator)
2026-03-04 15:16:51,514 | 21060 | ERROR | File "C:\Users\maxwell\AppData\Local\Python\pythoncore-3.11-64\Lib\encodings\cp1252.py", line 19, in encode
    return codecs.charmap_encode(input,self.errors,encoding_table)[0]
           ^^^^^^^^^^^^^^^^^^^^^^^^^^^^^^^^^^^^^^^^^^^^^^^^^^^^^^^
2026-03-04 15:16:51,515 | 21060 | ERROR | UnicodeEncodeError: 'charmap' codec can't encode character '\u2248' in position 192: character maps to <undefined>
2026-03-04 15:16:51,516 | 21060 | ERROR | During handling of the above exception, another exception occurred:
2026-03-04 15:16:51,516 | 21060 | ERROR | Traceback (most recent call last):
2026-03-04 15:16:51,517 | 21060 | ERROR | File "C:\Users\maxwell\AppData\Local\Python\pythoncore-3.11-64\Lib\logging\__init__.py", line 1113, in emit
    stream.write(msg + self.terminator)
2026-03-04 15:16:51,517 | 21060 | ERROR | File "C:\Users\maxwell\AppData\Local\Python\pythoncore-3.11-64\Lib\encodings\cp1252.py", line 19, in encode
    return codecs.charmap_encode(input,self.errors,encoding_table)[0]
           ^^^^^^^^^^^^^^^^^^^^^^^^^^^^^^^^^^^^^^^^^^^^^^^^^^^^^^^
2026-03-04 15:16:51,518 | 21060 | ERROR | UnicodeEncodeError: 'charmap' codec can't encode character '\u2248' in position 192: character maps to <undefined>
2026-03-04 15:16:51,519 | 21060 | ERROR | During handling of the above exception, another exception occurred:
2026-03-04 15:16:51,519 | 21060 | ERROR | Traceback (most recent call last):
2026-03-04 15:16:51,519 | 21060 | ERROR | File "C:\Users\maxwell\AppData\Local\Python\pythoncore-3.11-64\Lib\logging\__init__.py", line 1113, in emit
    stream.write(msg + self.terminator)
2026-03-04 15:16:51,519 | 21060 | ERROR | File "C:\Users\maxwell\AppData\Local\Python\pythoncore-3.11-64\Lib\encodings\cp1252.py", line 19, in encode
    return codecs.charmap_encode(input,self.errors,encoding_table)[0]
           ^^^^^^^^^^^^^^^^^^^^^^^^^^^^^^^^^^^^^^^^^^^^^^^^^^^^^^^
2026-03-04 15:16:51,519 | 21060 | ERROR | UnicodeEncodeError: 'charmap' codec can't encode character '\u2248' in position 192: character maps to <undefined>
2026-03-04 15:16:51,519 | 21060 | ERROR | During handling of the above exception, another exception occurred:
2026-03-04 15:16:51,519 | 21060 | ERROR | Traceback (most recent call last):
2026-03-04 15:16:51,519 | 21060 | ERROR | File "C:\Users\maxwell\AppData\Local\Python\pythoncore-3.11-64\Lib\logging\__init__.py", line 1113, in emit
    stream.write(msg + self.terminator)
2026-03-04 15:16:51,519 | 21060 | ERROR | File "C:\Users\maxwell\AppData\Local\Python\pythoncore-3.11-64\Lib\encodings\cp1252.py", line 19, in encode
    return codecs.charmap_encode(input,self.errors,encoding_table)[0]
           ^^^^^^^^^^^^^^^^^^^^^^^^^^^^^^^^^^^^^^^^^^^^^^^^^^^^^^^
2026-03-04 15:16:51,526 | 21060 | ERROR | UnicodeEncodeError: 'charmap' codec can't encode character '\u2248' in position 192: character maps to <undefined>
2026-03-04 15:16:51,526 | 21060 | ERROR | During handling of the above exception, another exception occurred:
2026-03-04 15:16:51,527 | 21060 | ERROR | Traceback (most recent call last):
2026-03-04 15:16:51,528 | 21060 | ERROR | File "C:\Users\maxwell\AppData\Local\Python\pythoncore-3.11-64\Lib\logging\__init__.py", line 1113, in emit
    stream.write(msg + self.terminator)
2026-03-04 15:16:51,528 | 21060 | ERROR | File "C:\Users\maxwell\AppData\Local\Python\pythoncore-3.11-64\Lib\encodings\cp1252.py", line 19, in encode
    return codecs.charmap_encode(input,self.errors,encoding_table)[0]
           ^^^^^^^^^^^^^^^^^^^^^^^^^^^^^^^^^^^^^^^^^^^^^^^^^^^^^^^
2026-03-04 15:16:51,529 | 21060 | ERROR | UnicodeEncodeError: 'charmap' codec can't encode character '\u2248' in position 192: character maps to <undefined>
2026-03-04 15:16:51,530 | 21060 | ERROR | During handling of the above exception, another exception occurred:
2026-03-04 15:16:51,534 | 21060 | ERROR | Traceback (most recent call last):
2026-03-04 15:16:51,534 | 21060 | ERROR | File "C:\Users\maxwell\AppData\Local\Python\pythoncore-3.11-64\Lib\logging\__init__.py", line 1113, in emit
    stream.write(msg + self.terminator)
2026-03-04 15:16:51,535 | 21060 | ERROR | File "C:\Users\maxwell\AppData\Local\Python\pythoncore-3.11-64\Lib\encodings\cp1252.py", line 19, in encode
    return codecs.charmap_encode(input,self.errors,encoding_table)[0]
           ^^^^^^^^^^^^^^^^^^^^^^^^^^^^^^^^^^^^^^^^^^^^^^^^^^^^^^^
2026-03-04 15:16:51,536 | 21060 | ERROR | UnicodeEncodeError: 'charmap' codec can't encode character '\u2248' in position 192: character maps to <undefined>
2026-03-04 15:16:51,536 | 21060 | ERROR | During handling of the above exception, another exception occurred:
2026-03-04 15:16:51,537 | 21060 | ERROR | Traceback (most recent call last):
2026-03-04 15:16:51,537 | 21060 | ERROR | File "C:\Users\maxwell\AppData\Local\Python\pythoncore-3.11-64\Lib\logging\__init__.py", line 1113, in emit
    stream.write(msg + self.terminator)
2026-03-04 15:16:51,537 | 21060 | ERROR | File "C:\Users\maxwell\AppData\Local\Python\pythoncore-3.11-64\Lib\encodings\cp1252.py", line 19, in encode
    return codecs.charmap_encode(input,self.errors,encoding_table)[0]
           ^^^^^^^^^^^^^^^^^^^^^^^^^^^^^^^^^^^^^^^^^^^^^^^^^^^^^^^
2026-03-04 15:16:51,537 | 21060 | ERROR | UnicodeEncodeError: 'charmap' codec can't encode character '\u2248' in position 192: character maps to <undefined>
2026-03-04 15:16:51,540 | 21060 | ERROR | During handling of the above exception, another exception occurred:
2026-03-04 15:16:51,541 | 21060 | ERROR | Traceback (most recent call last):
2026-03-04 15:16:51,541 | 21060 | ERROR | File "C:\Users\maxwell\AppData\Local\Python\pythoncore-3.11-64\Lib\logging\__init__.py", line 1113, in emit
    stream.write(msg + self.terminator)
2026-03-04 15:16:51,542 | 21060 | ERROR | File "C:\Users\maxwell\AppData\Local\Python\pythoncore-3.11-64\Lib\encodings\cp1252.py", line 19, in encode
    return codecs.charmap_encode(input,self.errors,encoding_table)[0]
           ^^^^^^^^^^^^^^^^^^^^^^^^^^^^^^^^^^^^^^^^^^^^^^^^^^^^^^^
2026-03-04 15:16:51,543 | 21060 | ERROR | UnicodeEncodeError: 'charmap' codec can't encode character '\u2248' in position 192: character maps to <undefined>
2026-03-04 15:16:51,544 | 21060 | ERROR | During handling of the above exception, another exception occurred:
2026-03-04 15:16:51,544 | 21060 | ERROR | Traceback (most recent call last):
2026-03-04 15:16:51,545 | 21060 | ERROR | File "C:\Users\maxwell\AppData\Local\Python\pythoncore-3.11-64\Lib\logging\__init__.py", line 1113, in emit
    stream.write(msg + self.terminator)
2026-03-04 15:16:51,546 | 21060 | ERROR | File "C:\Users\maxwell\AppData\Local\Python\pythoncore-3.11-64\Lib\encodings\cp1252.py", line 19, in encode
    return codecs.charmap_encode(input,self.errors,encoding_table)[0]
           ^^^^^^^^^^^^^^^^^^^^^^^^^^^^^^^^^^^^^^^^^^^^^^^^^^^^^^^
2026-03-04 15:16:51,547 | 21060 | ERROR | UnicodeEncodeError: 'charmap' codec can't encode character '\u2248' in position 192: character maps to <undefined>
2026-03-04 15:16:51,547 | 21060 | ERROR | During handling of the above exception, another exception occurred:
2026-03-04 15:16:51,548 | 21060 | ERROR | Traceback (most recent call last):
2026-03-04 15:16:51,549 | 21060 | ERROR | File "C:\Users\maxwell\AppData\Local\Python\pythoncore-3.11-64\Lib\logging\__init__.py", line 1113, in emit
    stream.write(msg + self.terminator)
2026-03-04 15:16:51,549 | 21060 | ERROR | File "C:\Users\maxwell\AppData\Local\Python\pythoncore-3.11-64\Lib\encodings\cp1252.py", line 19, in encode
    return codecs.charmap_encode(input,self.errors,encoding_table)[0]
           ^^^^^^^^^^^^^^^^^^^^^^^^^^^^^^^^^^^^^^^^^^^^^^^^^^^^^^^
2026-03-04 15:16:51,550 | 21060 | ERROR | UnicodeEncodeError: 'charmap' codec can't encode character '\u2248' in position 192: character maps to <undefined>
2026-03-04 15:16:51,550 | 21060 | ERROR | Call stack:
2026-03-04 15:16:51,550 | 21060 | ERROR | File "C:\Users\maxwell\UCB-USACE-RR-PROJECT\run_hyperparam_search.py", line 853, in <module>
    setup_logging()
2026-03-04 15:16:51,550 | 21060 | ERROR | --- Logging error ---
2026-03-04 15:16:51,563 | 21060 | ERROR | Traceback (most recent call last):
2026-03-04 15:16:51,563 | 21060 | ERROR | File "C:\Users\maxwell\AppData\Local\Python\pythoncore-3.11-64\Lib\logging\__init__.py", line 1113, in emit
    stream.write(msg + self.terminator)
2026-03-04 15:16:51,570 | 21060 | ERROR | File "C:\Users\maxwell\AppData\Local\Python\pythoncore-3.11-64\Lib\encodings\cp1252.py", line 19, in encode
    return codecs.charmap_encode(input,self.errors,encoding_table)[0]
           ^^^^^^^^^^^^^^^^^^^^^^^^^^^^^^^^^^^^^^^^^^^^^^^^^^^^^^^
2026-03-04 15:16:51,570 | 21060 | ERROR | UnicodeEncodeError: 'charmap' codec can't encode character '\u2248' in position 107: character maps to <undefined>
2026-03-04 15:16:51,571 | 21060 | ERROR | During handling of the above exception, another exception occurred:
2026-03-04 15:16:51,571 | 21060 | ERROR | Traceback (most recent call last):
2026-03-04 15:16:51,572 | 21060 | ERROR | File "C:\Users\maxwell\AppData\Local\Python\pythoncore-3.11-64\Lib\logging\__init__.py", line 1113, in emit
    stream.write(msg + self.terminator)
2026-03-04 15:16:51,572 | 21060 | ERROR | File "C:\Users\maxwell\AppData\Local\Python\pythoncore-3.11-64\Lib\encodings\cp1252.py", line 19, in encode
    return codecs.charmap_encode(input,self.errors,encoding_table)[0]
           ^^^^^^^^^^^^^^^^^^^^^^^^^^^^^^^^^^^^^^^^^^^^^^^^^^^^^^^
2026-03-04 15:16:51,573 | 21060 | ERROR | UnicodeEncodeError: 'charmap' codec can't encode character '\u2248' in position 192: character maps to <undefined>
2026-03-04 15:16:51,574 | 21060 | ERROR | During handling of the above exception, another exception occurred:
2026-03-04 15:16:51,575 | 21060 | ERROR | Traceback (most recent call last):
2026-03-04 15:16:51,575 | 21060 | ERROR | File "C:\Users\maxwell\AppData\Local\Python\pythoncore-3.11-64\Lib\logging\__init__.py", line 1113, in emit
    stream.write(msg + self.terminator)
2026-03-04 15:16:51,575 | 21060 | ERROR | File "C:\Users\maxwell\AppData\Local\Python\pythoncore-3.11-64\Lib\encodings\cp1252.py", line 19, in encode
    return codecs.charmap_encode(input,self.errors,encoding_table)[0]
           ^^^^^^^^^^^^^^^^^^^^^^^^^^^^^^^^^^^^^^^^^^^^^^^^^^^^^^^
2026-03-04 15:16:51,577 | 21060 | ERROR | UnicodeEncodeError: 'charmap' codec can't encode character '\u2248' in position 192: character maps to <undefined>
2026-03-04 15:16:51,578 | 21060 | ERROR | During handling of the above exception, another exception occurred:
2026-03-04 15:16:51,578 | 21060 | ERROR | Traceback (most recent call last):
2026-03-04 15:16:51,579 | 21060 | ERROR | File "C:\Users\maxwell\AppData\Local\Python\pythoncore-3.11-64\Lib\logging\__init__.py", line 1113, in emit
    stream.write(msg + self.terminator)
2026-03-04 15:16:51,580 | 21060 | ERROR | File "C:\Users\maxwell\AppData\Local\Python\pythoncore-3.11-64\Lib\encodings\cp1252.py", line 19, in encode
    return codecs.charmap_encode(input,self.errors,encoding_table)[0]
           ^^^^^^^^^^^^^^^^^^^^^^^^^^^^^^^^^^^^^^^^^^^^^^^^^^^^^^^
2026-03-04 15:16:51,581 | 21060 | ERROR | UnicodeEncodeError: 'charmap' codec can't encode character '\u2248' in position 192: character maps to <undefined>
2026-03-04 15:16:51,582 | 21060 | ERROR | During handling of the above exception, another exception occurred:
2026-03-04 15:16:51,582 | 21060 | ERROR | Traceback (most recent call last):
2026-03-04 15:16:51,583 | 21060 | ERROR | File "C:\Users\maxwell\AppData\Local\Python\pythoncore-3.11-64\Lib\logging\__init__.py", line 1113, in emit
    stream.write(msg + self.terminator)
2026-03-04 15:16:51,583 | 21060 | ERROR | File "C:\Users\maxwell\AppData\Local\Python\pythoncore-3.11-64\Lib\encodings\cp1252.py", line 19, in encode
    return codecs.charmap_encode(input,self.errors,encoding_table)[0]
           ^^^^^^^^^^^^^^^^^^^^^^^^^^^^^^^^^^^^^^^^^^^^^^^^^^^^^^^
2026-03-04 15:16:51,583 | 21060 | ERROR | UnicodeEncodeError: 'charmap' codec can't encode character '\u2248' in position 192: character maps to <undefined>
2026-03-04 15:16:51,583 | 21060 | ERROR | During handling of the above exception, another exception occurred:
2026-03-04 15:16:51,586 | 21060 | ERROR | Traceback (most recent call last):
2026-03-04 15:16:51,586 | 21060 | ERROR | File "C:\Users\maxwell\AppData\Local\Python\pythoncore-3.11-64\Lib\logging\__init__.py", line 1113, in emit
    stream.write(msg + self.terminator)
2026-03-04 15:16:51,587 | 21060 | ERROR | File "C:\Users\maxwell\AppData\Local\Python\pythoncore-3.11-64\Lib\encodings\cp1252.py", line 19, in encode
    return codecs.charmap_encode(input,self.errors,encoding_table)[0]
           ^^^^^^^^^^^^^^^^^^^^^^^^^^^^^^^^^^^^^^^^^^^^^^^^^^^^^^^
2026-03-04 15:16:51,588 | 21060 | ERROR | UnicodeEncodeError: 'charmap' codec can't encode character '\u2248' in position 192: character maps to <undefined>
2026-03-04 15:16:51,588 | 21060 | ERROR | During handling of the above exception, another exception occurred:
2026-03-04 15:16:51,589 | 21060 | ERROR | Traceback (most recent call last):
2026-03-04 15:16:51,589 | 21060 | ERROR | File "C:\Users\maxwell\AppData\Local\Python\pythoncore-3.11-64\Lib\logging\__init__.py", line 1113, in emit
    stream.write(msg + self.terminator)
2026-03-04 15:16:51,590 | 21060 | ERROR | File "C:\Users\maxwell\AppData\Local\Python\pythoncore-3.11-64\Lib\encodings\cp1252.py", line 19, in encode
    return codecs.charmap_encode(input,self.errors,encoding_table)[0]
           ^^^^^^^^^^^^^^^^^^^^^^^^^^^^^^^^^^^^^^^^^^^^^^^^^^^^^^^
2026-03-04 15:16:51,591 | 21060 | ERROR | UnicodeEncodeError: 'charmap' codec can't encode character '\u2248' in position 192: character maps to <undefined>
2026-03-04 15:16:51,592 | 21060 | ERROR | During handling of the above exception, another exception occurred:
2026-03-04 15:16:51,592 | 21060 | ERROR | Traceback (most recent call last):
2026-03-04 15:16:51,593 | 21060 | ERROR | File "C:\Users\maxwell\AppData\Local\Python\pythoncore-3.11-64\Lib\logging\__init__.py", line 1113, in emit
    stream.write(msg + self.terminator)
2026-03-04 15:16:51,593 | 21060 | ERROR | File "C:\Users\maxwell\AppData\Local\Python\pythoncore-3.11-64\Lib\encodings\cp1252.py", line 19, in encode
    return codecs.charmap_encode(input,self.errors,encoding_table)[0]
           ^^^^^^^^^^^^^^^^^^^^^^^^^^^^^^^^^^^^^^^^^^^^^^^^^^^^^^^
2026-03-04 15:16:51,594 | 21060 | ERROR | UnicodeEncodeError: 'charmap' codec can't encode character '\u2248' in position 192: character maps to <undefined>
2026-03-04 15:16:51,594 | 21060 | ERROR | During handling of the above exception, another exception occurred:
2026-03-04 15:16:51,596 | 21060 | ERROR | Traceback (most recent call last):
2026-03-04 15:16:51,596 | 21060 | ERROR | File "C:\Users\maxwell\AppData\Local\Python\pythoncore-3.11-64\Lib\logging\__init__.py", line 1113, in emit
    stream.write(msg + self.terminator)
2026-03-04 15:16:51,597 | 21060 | ERROR | File "C:\Users\maxwell\AppData\Local\Python\pythoncore-3.11-64\Lib\encodings\cp1252.py", line 19, in encode
    return codecs.charmap_encode(input,self.errors,encoding_table)[0]
           ^^^^^^^^^^^^^^^^^^^^^^^^^^^^^^^^^^^^^^^^^^^^^^^^^^^^^^^
2026-03-04 15:16:51,598 | 21060 | ERROR | UnicodeEncodeError: 'charmap' codec can't encode character '\u2248' in position 192: character maps to <undefined>
2026-03-04 15:16:51,598 | 21060 | ERROR | During handling of the above exception, another exception occurred:
2026-03-04 15:16:51,599 | 21060 | ERROR | Traceback (most recent call last):
2026-03-04 15:16:51,600 | 21060 | ERROR | File "C:\Users\maxwell\AppData\Local\Python\pythoncore-3.11-64\Lib\logging\__init__.py", line 1113, in emit
    stream.write(msg + self.terminator)
2026-03-04 15:16:51,600 | 21060 | ERROR | File "C:\Users\maxwell\AppData\Local\Python\pythoncore-3.11-64\Lib\encodings\cp1252.py", line 19, in encode
    return codecs.charmap_encode(input,self.errors,encoding_table)[0]
           ^^^^^^^^^^^^^^^^^^^^^^^^^^^^^^^^^^^^^^^^^^^^^^^^^^^^^^^
2026-03-04 15:16:51,601 | 21060 | ERROR | UnicodeEncodeError: 'charmap' codec can't encode character '\u2248' in position 192: character maps to <undefined>
2026-03-04 15:16:51,601 | 21060 | ERROR | During handling of the above exception, another exception occurred:
2026-03-04 15:16:51,602 | 21060 | ERROR | Traceback (most recent call last):
2026-03-04 15:16:51,603 | 21060 | ERROR | File "C:\Users\maxwell\AppData\Local\Python\pythoncore-3.11-64\Lib\logging\__init__.py", line 1113, in emit
    stream.write(msg + self.terminator)
2026-03-04 15:16:51,604 | 21060 | ERROR | File "C:\Users\maxwell\AppData\Local\Python\pythoncore-3.11-64\Lib\encodings\cp1252.py", line 19, in encode
    return codecs.charmap_encode(input,self.errors,encoding_table)[0]
           ^^^^^^^^^^^^^^^^^^^^^^^^^^^^^^^^^^^^^^^^^^^^^^^^^^^^^^^
2026-03-04 15:16:51,604 | 21060 | ERROR | UnicodeEncodeError: 'charmap' codec can't encode character '\u2248' in position 192: character maps to <undefined>
2026-03-04 15:16:51,604 | 21060 | ERROR | During handling of the above exception, another exception occurred:
2026-03-04 15:16:51,606 | 21060 | ERROR | Traceback (most recent call last):
2026-03-04 15:16:51,606 | 21060 | ERROR | File "C:\Users\maxwell\AppData\Local\Python\pythoncore-3.11-64\Lib\logging\__init__.py", line 1113, in emit
    stream.write(msg + self.terminator)
2026-03-04 15:16:51,606 | 21060 | ERROR | File "C:\Users\maxwell\AppData\Local\Python\pythoncore-3.11-64\Lib\encodings\cp1252.py", line 19, in encode
    return codecs.charmap_encode(input,self.errors,encoding_table)[0]
           ^^^^^^^^^^^^^^^^^^^^^^^^^^^^^^^^^^^^^^^^^^^^^^^^^^^^^^^
2026-03-04 15:16:51,607 | 21060 | ERROR | UnicodeEncodeError: 'charmap' codec can't encode character '\u2248' in position 192: character maps to <undefined>
2026-03-04 15:16:51,608 | 21060 | ERROR | During handling of the above exception, another exception occurred:
2026-03-04 15:16:51,609 | 21060 | ERROR | Traceback (most recent call last):
2026-03-04 15:16:51,609 | 21060 | ERROR | File "C:\Users\maxwell\AppData\Local\Python\pythoncore-3.11-64\Lib\logging\__init__.py", line 1113, in emit
    stream.write(msg + self.terminator)
2026-03-04 15:16:51,609 | 21060 | ERROR | File "C:\Users\maxwell\AppData\Local\Python\pythoncore-3.11-64\Lib\encodings\cp1252.py", line 19, in encode
    return codecs.charmap_encode(input,self.errors,encoding_table)[0]
           ^^^^^^^^^^^^^^^^^^^^^^^^^^^^^^^^^^^^^^^^^^^^^^^^^^^^^^^
2026-03-04 15:16:51,609 | 21060 | ERROR | UnicodeEncodeError: 'charmap' codec can't encode character '\u2248' in position 192: character maps to <undefined>
2026-03-04 15:16:51,609 | 21060 | ERROR | During handling of the above exception, another exception occurred:
2026-03-04 15:16:51,609 | 21060 | ERROR | Traceback (most recent call last):
2026-03-04 15:16:51,613 | 21060 | ERROR | File "C:\Users\maxwell\AppData\Local\Python\pythoncore-3.11-64\Lib\logging\__init__.py", line 1113, in emit
    stream.write(msg + self.terminator)
2026-03-04 15:16:51,613 | 21060 | ERROR | File "C:\Users\maxwell\AppData\Local\Python\pythoncore-3.11-64\Lib\encodings\cp1252.py", line 19, in encode
    return codecs.charmap_encode(input,self.errors,encoding_table)[0]
           ^^^^^^^^^^^^^^^^^^^^^^^^^^^^^^^^^^^^^^^^^^^^^^^^^^^^^^^
2026-03-04 15:16:51,615 | 21060 | ERROR | UnicodeEncodeError: 'charmap' codec can't encode character '\u2248' in position 192: character maps to <undefined>
2026-03-04 15:16:51,616 | 21060 | ERROR | During handling of the above exception, another exception occurred:
2026-03-04 15:16:51,616 | 21060 | ERROR | Traceback (most recent call last):
2026-03-04 15:16:51,617 | 21060 | ERROR | File "C:\Users\maxwell\AppData\Local\Python\pythoncore-3.11-64\Lib\logging\__init__.py", line 1113, in emit
    stream.write(msg + self.terminator)
2026-03-04 15:16:51,617 | 21060 | ERROR | File "C:\Users\maxwell\AppData\Local\Python\pythoncore-3.11-64\Lib\encodings\cp1252.py", line 19, in encode
    return codecs.charmap_encode(input,self.errors,encoding_table)[0]
           ^^^^^^^^^^^^^^^^^^^^^^^^^^^^^^^^^^^^^^^^^^^^^^^^^^^^^^^
2026-03-04 15:16:51,618 | 21060 | ERROR | UnicodeEncodeError: 'charmap' codec can't encode character '\u2248' in position 192: character maps to <undefined>
2026-03-04 15:16:51,619 | 21060 | ERROR | During handling of the above exception, another exception occurred:
2026-03-04 15:16:51,620 | 21060 | ERROR | Traceback (most recent call last):
2026-03-04 15:16:51,621 | 21060 | ERROR | File "C:\Users\maxwell\AppData\Local\Python\pythoncore-3.11-64\Lib\logging\__init__.py", line 1113, in emit
    stream.write(msg + self.terminator)
2026-03-04 15:16:51,621 | 21060 | ERROR | File "C:\Users\maxwell\AppData\Local\Python\pythoncore-3.11-64\Lib\encodings\cp1252.py", line 19, in encode
    return codecs.charmap_encode(input,self.errors,encoding_table)[0]
           ^^^^^^^^^^^^^^^^^^^^^^^^^^^^^^^^^^^^^^^^^^^^^^^^^^^^^^^
2026-03-04 15:16:51,622 | 21060 | ERROR | UnicodeEncodeError: 'charmap' codec can't encode character '\u2248' in position 192: character maps to <undefined>
2026-03-04 15:16:51,622 | 21060 | ERROR | During handling of the above exception, another exception occurred:
2026-03-04 15:16:51,623 | 21060 | ERROR | Traceback (most recent call last):
2026-03-04 15:16:51,624 | 21060 | ERROR | File "C:\Users\maxwell\AppData\Local\Python\pythoncore-3.11-64\Lib\logging\__init__.py", line 1113, in emit
    stream.write(msg + self.terminator)
2026-03-04 15:16:51,624 | 21060 | ERROR | File "C:\Users\maxwell\AppData\Local\Python\pythoncore-3.11-64\Lib\encodings\cp1252.py", line 19, in encode
    return codecs.charmap_encode(input,self.errors,encoding_table)[0]
           ^^^^^^^^^^^^^^^^^^^^^^^^^^^^^^^^^^^^^^^^^^^^^^^^^^^^^^^
2026-03-04 15:16:51,625 | 21060 | ERROR | UnicodeEncodeError: 'charmap' codec can't encode character '\u2248' in position 192: character maps to <undefined>
2026-03-04 15:16:51,626 | 21060 | ERROR | During handling of the above exception, another exception occurred:
2026-03-04 15:16:51,626 | 21060 | ERROR | Traceback (most recent call last):
2026-03-04 15:16:51,627 | 21060 | ERROR | File "C:\Users\maxwell\AppData\Local\Python\pythoncore-3.11-64\Lib\logging\__init__.py", line 1113, in emit
    stream.write(msg + self.terminator)
2026-03-04 15:16:51,627 | 21060 | ERROR | File "C:\Users\maxwell\AppData\Local\Python\pythoncore-3.11-64\Lib\encodings\cp1252.py", line 19, in encode
    return codecs.charmap_encode(input,self.errors,encoding_table)[0]
           ^^^^^^^^^^^^^^^^^^^^^^^^^^^^^^^^^^^^^^^^^^^^^^^^^^^^^^^
2026-03-04 15:16:51,628 | 21060 | ERROR | UnicodeEncodeError: 'charmap' codec can't encode character '\u2248' in position 192: character maps to <undefined>
2026-03-04 15:16:51,628 | 21060 | ERROR | During handling of the above exception, another exception occurred:
2026-03-04 15:16:51,630 | 21060 | ERROR | Traceback (most recent call last):
2026-03-04 15:16:51,630 | 21060 | ERROR | File "C:\Users\maxwell\AppData\Local\Python\pythoncore-3.11-64\Lib\logging\__init__.py", line 1113, in emit
    stream.write(msg + self.terminator)
2026-03-04 15:16:51,631 | 21060 | ERROR | File "C:\Users\maxwell\AppData\Local\Python\pythoncore-3.11-64\Lib\encodings\cp1252.py", line 19, in encode
    return codecs.charmap_encode(input,self.errors,encoding_table)[0]
           ^^^^^^^^^^^^^^^^^^^^^^^^^^^^^^^^^^^^^^^^^^^^^^^^^^^^^^^
2026-03-04 15:16:51,631 | 21060 | ERROR | UnicodeEncodeError: 'charmap' codec can't encode character '\u2248' in position 192: character maps to <undefined>
2026-03-04 15:16:51,631 | 21060 | ERROR | During handling of the above exception, another exception occurred:
2026-03-04 15:16:51,633 | 21060 | ERROR | Traceback (most recent call last):
2026-03-04 15:16:51,634 | 21060 | ERROR | File "C:\Users\maxwell\AppData\Local\Python\pythoncore-3.11-64\Lib\logging\__init__.py", line 1113, in emit
    stream.write(msg + self.terminator)
2026-03-04 15:16:51,634 | 21060 | ERROR | File "C:\Users\maxwell\AppData\Local\Python\pythoncore-3.11-64\Lib\encodings\cp1252.py", line 19, in encode
    return codecs.charmap_encode(input,self.errors,encoding_table)[0]
           ^^^^^^^^^^^^^^^^^^^^^^^^^^^^^^^^^^^^^^^^^^^^^^^^^^^^^^^
2026-03-04 15:16:51,635 | 21060 | ERROR | UnicodeEncodeError: 'charmap' codec can't encode character '\u2248' in position 192: character maps to <undefined>
2026-03-04 15:16:51,635 | 21060 | ERROR | During handling of the above exception, another exception occurred:
2026-03-04 15:16:51,637 | 21060 | ERROR | Traceback (most recent call last):
2026-03-04 15:16:51,637 | 21060 | ERROR | File "C:\Users\maxwell\AppData\Local\Python\pythoncore-3.11-64\Lib\logging\__init__.py", line 1113, in emit
    stream.write(msg + self.terminator)
2026-03-04 15:16:51,637 | 21060 | ERROR | File "C:\Users\maxwell\AppData\Local\Python\pythoncore-3.11-64\Lib\encodings\cp1252.py", line 19, in encode
    return codecs.charmap_encode(input,self.errors,encoding_table)[0]
           ^^^^^^^^^^^^^^^^^^^^^^^^^^^^^^^^^^^^^^^^^^^^^^^^^^^^^^^
2026-03-04 15:16:51,637 | 21060 | ERROR | UnicodeEncodeError: 'charmap' codec can't encode character '\u2248' in position 192: character maps to <undefined>
2026-03-04 15:16:51,637 | 21060 | ERROR | During handling of the above exception, another exception occurred:
2026-03-04 15:16:51,637 | 21060 | ERROR | Traceback (most recent call last):
2026-03-04 15:16:51,637 | 21060 | ERROR | File "C:\Users\maxwell\AppData\Local\Python\pythoncore-3.11-64\Lib\logging\__init__.py", line 1113, in emit
    stream.write(msg + self.terminator)
2026-03-04 15:16:51,641 | 21060 | ERROR | File "C:\Users\maxwell\AppData\Local\Python\pythoncore-3.11-64\Lib\encodings\cp1252.py", line 19, in encode
    return codecs.charmap_encode(input,self.errors,encoding_table)[0]
           ^^^^^^^^^^^^^^^^^^^^^^^^^^^^^^^^^^^^^^^^^^^^^^^^^^^^^^^
2026-03-04 15:16:51,642 | 21060 | ERROR | UnicodeEncodeError: 'charmap' codec can't encode character '\u2248' in position 192: character maps to <undefined>
2026-03-04 15:16:51,642 | 21060 | ERROR | During handling of the above exception, another exception occurred:
2026-03-04 15:16:51,644 | 21060 | ERROR | Traceback (most recent call last):
2026-03-04 15:16:51,644 | 21060 | ERROR | File "C:\Users\maxwell\AppData\Local\Python\pythoncore-3.11-64\Lib\logging\__init__.py", line 1113, in emit
    stream.write(msg + self.terminator)
2026-03-04 15:16:51,645 | 21060 | ERROR | File "C:\Users\maxwell\AppData\Local\Python\pythoncore-3.11-64\Lib\encodings\cp1252.py", line 19, in encode
    return codecs.charmap_encode(input,self.errors,encoding_table)[0]
           ^^^^^^^^^^^^^^^^^^^^^^^^^^^^^^^^^^^^^^^^^^^^^^^^^^^^^^^
2026-03-04 15:16:51,646 | 21060 | ERROR | UnicodeEncodeError: 'charmap' codec can't encode character '\u2248' in position 192: character maps to <undefined>
2026-03-04 15:16:51,646 | 21060 | ERROR | During handling of the above exception, another exception occurred:
2026-03-04 15:16:51,646 | 21060 | ERROR | Traceback (most recent call last):
2026-03-04 15:16:51,646 | 21060 | ERROR | File "C:\Users\maxwell\AppData\Local\Python\pythoncore-3.11-64\Lib\logging\__init__.py", line 1113, in emit
    stream.write(msg + self.terminator)
2026-03-04 15:16:51,646 | 21060 | ERROR | File "C:\Users\maxwell\AppData\Local\Python\pythoncore-3.11-64\Lib\encodings\cp1252.py", line 19, in encode
    return codecs.charmap_encode(input,self.errors,encoding_table)[0]
           ^^^^^^^^^^^^^^^^^^^^^^^^^^^^^^^^^^^^^^^^^^^^^^^^^^^^^^^
2026-03-04 15:16:51,646 | 21060 | ERROR | UnicodeEncodeError: 'charmap' codec can't encode character '\u2248' in position 192: character maps to <undefined>
2026-03-04 15:16:51,646 | 21060 | ERROR | During handling of the above exception, another exception occurred:
2026-03-04 15:16:51,646 | 21060 | ERROR | Traceback (most recent call last):
2026-03-04 15:16:51,651 | 21060 | ERROR | File "C:\Users\maxwell\AppData\Local\Python\pythoncore-3.11-64\Lib\logging\__init__.py", line 1113, in emit
    stream.write(msg + self.terminator)
2026-03-04 15:16:51,652 | 21060 | ERROR | File "C:\Users\maxwell\AppData\Local\Python\pythoncore-3.11-64\Lib\encodings\cp1252.py", line 19, in encode
    return codecs.charmap_encode(input,self.errors,encoding_table)[0]
           ^^^^^^^^^^^^^^^^^^^^^^^^^^^^^^^^^^^^^^^^^^^^^^^^^^^^^^^
2026-03-04 15:16:51,652 | 21060 | ERROR | UnicodeEncodeError: 'charmap' codec can't encode character '\u2248' in position 192: character maps to <undefined>
2026-03-04 15:16:51,653 | 21060 | ERROR | During handling of the above exception, another exception occurred:
2026-03-04 15:16:51,653 | 21060 | ERROR | Traceback (most recent call last):
2026-03-04 15:16:51,655 | 21060 | ERROR | File "C:\Users\maxwell\AppData\Local\Python\pythoncore-3.11-64\Lib\logging\__init__.py", line 1113, in emit
    stream.write(msg + self.terminator)
2026-03-04 15:16:51,655 | 21060 | ERROR | File "C:\Users\maxwell\AppData\Local\Python\pythoncore-3.11-64\Lib\encodings\cp1252.py", line 19, in encode
    return codecs.charmap_encode(input,self.errors,encoding_table)[0]
           ^^^^^^^^^^^^^^^^^^^^^^^^^^^^^^^^^^^^^^^^^^^^^^^^^^^^^^^
2026-03-04 15:16:51,656 | 21060 | ERROR | UnicodeEncodeError: 'charmap' codec can't encode character '\u2248' in position 192: character maps to <undefined>
2026-03-04 15:16:51,657 | 21060 | ERROR | During handling of the above exception, another exception occurred:
2026-03-04 15:16:51,657 | 21060 | ERROR | Traceback (most recent call last):
2026-03-04 15:16:51,658 | 21060 | ERROR | File "C:\Users\maxwell\AppData\Local\Python\pythoncore-3.11-64\Lib\logging\__init__.py", line 1113, in emit
    stream.write(msg + self.terminator)
2026-03-04 15:16:51,658 | 21060 | ERROR | File "C:\Users\maxwell\AppData\Local\Python\pythoncore-3.11-64\Lib\encodings\cp1252.py", line 19, in encode
    return codecs.charmap_encode(input,self.errors,encoding_table)[0]
           ^^^^^^^^^^^^^^^^^^^^^^^^^^^^^^^^^^^^^^^^^^^^^^^^^^^^^^^
2026-03-04 15:16:51,659 | 21060 | ERROR | UnicodeEncodeError: 'charmap' codec can't encode character '\u2248' in position 192: character maps to <undefined>
2026-03-04 15:16:51,659 | 21060 | ERROR | During handling of the above exception, another exception occurred:
2026-03-04 15:16:51,661 | 21060 | ERROR | Traceback (most recent call last):
2026-03-04 15:16:51,661 | 21060 | ERROR | File "C:\Users\maxwell\AppData\Local\Python\pythoncore-3.11-64\Lib\logging\__init__.py", line 1113, in emit
    stream.write(msg + self.terminator)
2026-03-04 15:16:51,662 | 21060 | ERROR | File "C:\Users\maxwell\AppData\Local\Python\pythoncore-3.11-64\Lib\encodings\cp1252.py", line 19, in encode
    return codecs.charmap_encode(input,self.errors,encoding_table)[0]
           ^^^^^^^^^^^^^^^^^^^^^^^^^^^^^^^^^^^^^^^^^^^^^^^^^^^^^^^
2026-03-04 15:16:51,662 | 21060 | ERROR | UnicodeEncodeError: 'charmap' codec can't encode character '\u2248' in position 192: character maps to <undefined>
2026-03-04 15:16:51,662 | 21060 | ERROR | During handling of the above exception, another exception occurred:
2026-03-04 15:16:51,662 | 21060 | ERROR | Traceback (most recent call last):
2026-03-04 15:16:51,662 | 21060 | ERROR | File "C:\Users\maxwell\AppData\Local\Python\pythoncore-3.11-64\Lib\logging\__init__.py", line 1113, in emit
    stream.write(msg + self.terminator)
2026-03-04 15:16:51,662 | 21060 | ERROR | File "C:\Users\maxwell\AppData\Local\Python\pythoncore-3.11-64\Lib\encodings\cp1252.py", line 19, in encode
    return codecs.charmap_encode(input,self.errors,encoding_table)[0]
           ^^^^^^^^^^^^^^^^^^^^^^^^^^^^^^^^^^^^^^^^^^^^^^^^^^^^^^^
2026-03-04 15:16:51,662 | 21060 | ERROR | UnicodeEncodeError: 'charmap' codec can't encode character '\u2248' in position 192: character maps to <undefined>
2026-03-04 15:16:51,667 | 21060 | ERROR | During handling of the above exception, another exception occurred:
2026-03-04 15:16:51,671 | 21060 | ERROR | Traceback (most recent call last):
2026-03-04 15:16:51,672 | 21060 | ERROR | File "C:\Users\maxwell\AppData\Local\Python\pythoncore-3.11-64\Lib\logging\__init__.py", line 1113, in emit
    stream.write(msg + self.terminator)
2026-03-04 15:16:51,673 | 21060 | ERROR | File "C:\Users\maxwell\AppData\Local\Python\pythoncore-3.11-64\Lib\encodings\cp1252.py", line 19, in encode
    return codecs.charmap_encode(input,self.errors,encoding_table)[0]
           ^^^^^^^^^^^^^^^^^^^^^^^^^^^^^^^^^^^^^^^^^^^^^^^^^^^^^^^
2026-03-04 15:16:51,674 | 21060 | ERROR | UnicodeEncodeError: 'charmap' codec can't encode character '\u2248' in position 192: character maps to <undefined>
2026-03-04 15:16:51,675 | 21060 | ERROR | During handling of the above exception, another exception occurred:
2026-03-04 15:16:51,675 | 21060 | ERROR | Traceback (most recent call last):
2026-03-04 15:16:51,676 | 21060 | ERROR | File "C:\Users\maxwell\AppData\Local\Python\pythoncore-3.11-64\Lib\logging\__init__.py", line 1113, in emit
    stream.write(msg + self.terminator)
2026-03-04 15:16:51,676 | 21060 | ERROR | File "C:\Users\maxwell\AppData\Local\Python\pythoncore-3.11-64\Lib\encodings\cp1252.py", line 19, in encode
    return codecs.charmap_encode(input,self.errors,encoding_table)[0]
           ^^^^^^^^^^^^^^^^^^^^^^^^^^^^^^^^^^^^^^^^^^^^^^^^^^^^^^^
2026-03-04 15:16:51,677 | 21060 | ERROR | UnicodeEncodeError: 'charmap' codec can't encode character '\u2248' in position 192: character maps to <undefined>
2026-03-04 15:16:51,678 | 21060 | ERROR | During handling of the above exception, another exception occurred:
2026-03-04 15:16:51,678 | 21060 | ERROR | Traceback (most recent call last):
2026-03-04 15:16:51,680 | 21060 | ERROR | File "C:\Users\maxwell\AppData\Local\Python\pythoncore-3.11-64\Lib\logging\__init__.py", line 1113, in emit
    stream.write(msg + self.terminator)
2026-03-04 15:16:51,680 | 21060 | ERROR | File "C:\Users\maxwell\AppData\Local\Python\pythoncore-3.11-64\Lib\encodings\cp1252.py", line 19, in encode
    return codecs.charmap_encode(input,self.errors,encoding_table)[0]
           ^^^^^^^^^^^^^^^^^^^^^^^^^^^^^^^^^^^^^^^^^^^^^^^^^^^^^^^
2026-03-04 15:16:51,681 | 21060 | ERROR | UnicodeEncodeError: 'charmap' codec can't encode character '\u2248' in position 192: character maps to <undefined>
2026-03-04 15:16:51,681 | 21060 | ERROR | During handling of the above exception, another exception occurred:
2026-03-04 15:16:51,682 | 21060 | ERROR | Traceback (most recent call last):
2026-03-04 15:16:51,683 | 21060 | ERROR | File "C:\Users\maxwell\AppData\Local\Python\pythoncore-3.11-64\Lib\logging\__init__.py", line 1113, in emit
    stream.write(msg + self.terminator)
2026-03-04 15:16:51,683 | 21060 | ERROR | File "C:\Users\maxwell\AppData\Local\Python\pythoncore-3.11-64\Lib\encodings\cp1252.py", line 19, in encode
    return codecs.charmap_encode(input,self.errors,encoding_table)[0]
           ^^^^^^^^^^^^^^^^^^^^^^^^^^^^^^^^^^^^^^^^^^^^^^^^^^^^^^^
2026-03-04 15:16:51,683 | 21060 | ERROR | UnicodeEncodeError: 'charmap' codec can't encode character '\u2248' in position 192: character maps to <undefined>
2026-03-04 15:16:51,683 | 21060 | ERROR | Call stack:
2026-03-04 15:16:51,683 | 21060 | ERROR | File "C:\Users\maxwell\UCB-USACE-RR-PROJECT\run_hyperparam_search.py", line 853, in <module>
    setup_logging()
2026-03-04 15:16:51,683 | 21060 | ERROR | --- Logging error ---
2026-03-04 15:16:51,700 | 21060 | ERROR | Traceback (most recent call last):
2026-03-04 15:16:51,703 | 21060 | ERROR | File "C:\Users\maxwell\AppData\Local\Python\pythoncore-3.11-64\Lib\logging\__init__.py", line 1113, in emit
    stream.write(msg + self.terminator)
2026-03-04 15:16:51,704 | 21060 | ERROR | File "C:\Users\maxwell\AppData\Local\Python\pythoncore-3.11-64\Lib\encodings\cp1252.py", line 19, in encode
    return codecs.charmap_encode(input,self.errors,encoding_table)[0]
           ^^^^^^^^^^^^^^^^^^^^^^^^^^^^^^^^^^^^^^^^^^^^^^^^^^^^^^^
2026-03-04 15:16:51,704 | 21060 | ERROR | UnicodeEncodeError: 'charmap' codec can't encode character '\u2248' in position 107: character maps to <undefined>
2026-03-04 15:16:51,705 | 21060 | ERROR | During handling of the above exception, another exception occurred:
2026-03-04 15:16:51,706 | 21060 | ERROR | Traceback (most recent call last):
2026-03-04 15:16:51,706 | 21060 | ERROR | File "C:\Users\maxwell\AppData\Local\Python\pythoncore-3.11-64\Lib\logging\__init__.py", line 1113, in emit
    stream.write(msg + self.terminator)
2026-03-04 15:16:51,708 | 21060 | ERROR | File "C:\Users\maxwell\AppData\Local\Python\pythoncore-3.11-64\Lib\encodings\cp1252.py", line 19, in encode
    return codecs.charmap_encode(input,self.errors,encoding_table)[0]
           ^^^^^^^^^^^^^^^^^^^^^^^^^^^^^^^^^^^^^^^^^^^^^^^^^^^^^^^
2026-03-04 15:16:51,708 | 21060 | ERROR | UnicodeEncodeError: 'charmap' codec can't encode character '\u2248' in position 192: character maps to <undefined>
2026-03-04 15:16:51,709 | 21060 | ERROR | During handling of the above exception, another exception occurred:
2026-03-04 15:16:51,710 | 21060 | ERROR | Traceback (most recent call last):
2026-03-04 15:16:51,711 | 21060 | ERROR | File "C:\Users\maxwell\AppData\Local\Python\pythoncore-3.11-64\Lib\logging\__init__.py", line 1113, in emit
    stream.write(msg + self.terminator)
2026-03-04 15:16:51,711 | 21060 | ERROR | File "C:\Users\maxwell\AppData\Local\Python\pythoncore-3.11-64\Lib\encodings\cp1252.py", line 19, in encode
    return codecs.charmap_encode(input,self.errors,encoding_table)[0]
           ^^^^^^^^^^^^^^^^^^^^^^^^^^^^^^^^^^^^^^^^^^^^^^^^^^^^^^^
2026-03-04 15:16:51,712 | 21060 | ERROR | UnicodeEncodeError: 'charmap' codec can't encode character '\u2248' in position 192: character maps to <undefined>
2026-03-04 15:16:51,712 | 21060 | ERROR | During handling of the above exception, another exception occurred:
2026-03-04 15:16:51,713 | 21060 | ERROR | Traceback (most recent call last):
2026-03-04 15:16:51,713 | 21060 | ERROR | File "C:\Users\maxwell\AppData\Local\Python\pythoncore-3.11-64\Lib\logging\__init__.py", line 1113, in emit
    stream.write(msg + self.terminator)
2026-03-04 15:16:51,714 | 21060 | ERROR | File "C:\Users\maxwell\AppData\Local\Python\pythoncore-3.11-64\Lib\encodings\cp1252.py", line 19, in encode
    return codecs.charmap_encode(input,self.errors,encoding_table)[0]
           ^^^^^^^^^^^^^^^^^^^^^^^^^^^^^^^^^^^^^^^^^^^^^^^^^^^^^^^
2026-03-04 15:16:51,715 | 21060 | ERROR | UnicodeEncodeError: 'charmap' codec can't encode character '\u2248' in position 192: character maps to <undefined>
2026-03-04 15:16:51,716 | 21060 | ERROR | During handling of the above exception, another exception occurred:
2026-03-04 15:16:51,716 | 21060 | ERROR | Traceback (most recent call last):
2026-03-04 15:16:51,717 | 21060 | ERROR | File "C:\Users\maxwell\AppData\Local\Python\pythoncore-3.11-64\Lib\logging\__init__.py", line 1113, in emit
    stream.write(msg + self.terminator)
2026-03-04 15:16:51,717 | 21060 | ERROR | File "C:\Users\maxwell\AppData\Local\Python\pythoncore-3.11-64\Lib\encodings\cp1252.py", line 19, in encode
    return codecs.charmap_encode(input,self.errors,encoding_table)[0]
           ^^^^^^^^^^^^^^^^^^^^^^^^^^^^^^^^^^^^^^^^^^^^^^^^^^^^^^^
2026-03-04 15:16:51,719 | 21060 | ERROR | UnicodeEncodeError: 'charmap' codec can't encode character '\u2248' in position 192: character maps to <undefined>
2026-03-04 15:16:51,719 | 21060 | ERROR | During handling of the above exception, another exception occurred:
2026-03-04 15:16:51,720 | 21060 | ERROR | Traceback (most recent call last):
2026-03-04 15:16:51,721 | 21060 | ERROR | File "C:\Users\maxwell\AppData\Local\Python\pythoncore-3.11-64\Lib\logging\__init__.py", line 1113, in emit
    stream.write(msg + self.terminator)
2026-03-04 15:16:51,721 | 21060 | ERROR | File "C:\Users\maxwell\AppData\Local\Python\pythoncore-3.11-64\Lib\encodings\cp1252.py", line 19, in encode
    return codecs.charmap_encode(input,self.errors,encoding_table)[0]
           ^^^^^^^^^^^^^^^^^^^^^^^^^^^^^^^^^^^^^^^^^^^^^^^^^^^^^^^
2026-03-04 15:16:51,721 | 21060 | ERROR | UnicodeEncodeError: 'charmap' codec can't encode character '\u2248' in position 192: character maps to <undefined>
2026-03-04 15:16:51,721 | 21060 | ERROR | During handling of the above exception, another exception occurred:
2026-03-04 15:16:51,721 | 21060 | ERROR | Traceback (most recent call last):
2026-03-04 15:16:51,721 | 21060 | ERROR | File "C:\Users\maxwell\AppData\Local\Python\pythoncore-3.11-64\Lib\logging\__init__.py", line 1113, in emit
    stream.write(msg + self.terminator)
2026-03-04 15:16:51,721 | 21060 | ERROR | File "C:\Users\maxwell\AppData\Local\Python\pythoncore-3.11-64\Lib\encodings\cp1252.py", line 19, in encode
    return codecs.charmap_encode(input,self.errors,encoding_table)[0]
           ^^^^^^^^^^^^^^^^^^^^^^^^^^^^^^^^^^^^^^^^^^^^^^^^^^^^^^^
2026-03-04 15:16:51,721 | 21060 | ERROR | UnicodeEncodeError: 'charmap' codec can't encode character '\u2248' in position 192: character maps to <undefined>
2026-03-04 15:16:51,721 | 21060 | ERROR | During handling of the above exception, another exception occurred:
2026-03-04 15:16:51,727 | 21060 | ERROR | Traceback (most recent call last):
2026-03-04 15:16:51,727 | 21060 | ERROR | File "C:\Users\maxwell\AppData\Local\Python\pythoncore-3.11-64\Lib\logging\__init__.py", line 1113, in emit
    stream.write(msg + self.terminator)
2026-03-04 15:16:51,728 | 21060 | ERROR | File "C:\Users\maxwell\AppData\Local\Python\pythoncore-3.11-64\Lib\encodings\cp1252.py", line 19, in encode
    return codecs.charmap_encode(input,self.errors,encoding_table)[0]
           ^^^^^^^^^^^^^^^^^^^^^^^^^^^^^^^^^^^^^^^^^^^^^^^^^^^^^^^
2026-03-04 15:16:51,728 | 21060 | ERROR | UnicodeEncodeError: 'charmap' codec can't encode character '\u2248' in position 192: character maps to <undefined>
2026-03-04 15:16:51,729 | 21060 | ERROR | During handling of the above exception, another exception occurred:
2026-03-04 15:16:51,729 | 21060 | ERROR | Traceback (most recent call last):
2026-03-04 15:16:51,730 | 21060 | ERROR | File "C:\Users\maxwell\AppData\Local\Python\pythoncore-3.11-64\Lib\logging\__init__.py", line 1113, in emit
    stream.write(msg + self.terminator)
2026-03-04 15:16:51,731 | 21060 | ERROR | File "C:\Users\maxwell\AppData\Local\Python\pythoncore-3.11-64\Lib\encodings\cp1252.py", line 19, in encode
    return codecs.charmap_encode(input,self.errors,encoding_table)[0]
           ^^^^^^^^^^^^^^^^^^^^^^^^^^^^^^^^^^^^^^^^^^^^^^^^^^^^^^^
2026-03-04 15:16:51,731 | 21060 | ERROR | UnicodeEncodeError: 'charmap' codec can't encode character '\u2248' in position 192: character maps to <undefined>
2026-03-04 15:16:51,732 | 21060 | ERROR | During handling of the above exception, another exception occurred:
2026-03-04 15:16:51,732 | 21060 | ERROR | Traceback (most recent call last):
2026-03-04 15:16:51,733 | 21060 | ERROR | File "C:\Users\maxwell\AppData\Local\Python\pythoncore-3.11-64\Lib\logging\__init__.py", line 1113, in emit
    stream.write(msg + self.terminator)
2026-03-04 15:16:51,735 | 21060 | ERROR | File "C:\Users\maxwell\AppData\Local\Python\pythoncore-3.11-64\Lib\encodings\cp1252.py", line 19, in encode
    return codecs.charmap_encode(input,self.errors,encoding_table)[0]
           ^^^^^^^^^^^^^^^^^^^^^^^^^^^^^^^^^^^^^^^^^^^^^^^^^^^^^^^
2026-03-04 15:16:51,735 | 21060 | ERROR | UnicodeEncodeError: 'charmap' codec can't encode character '\u2248' in position 192: character maps to <undefined>
2026-03-04 15:16:51,736 | 21060 | ERROR | During handling of the above exception, another exception occurred:
2026-03-04 15:16:51,736 | 21060 | ERROR | Traceback (most recent call last):
2026-03-04 15:16:51,737 | 21060 | ERROR | File "C:\Users\maxwell\AppData\Local\Python\pythoncore-3.11-64\Lib\logging\__init__.py", line 1113, in emit
    stream.write(msg + self.terminator)
2026-03-04 15:16:51,738 | 21060 | ERROR | File "C:\Users\maxwell\AppData\Local\Python\pythoncore-3.11-64\Lib\encodings\cp1252.py", line 19, in encode
    return codecs.charmap_encode(input,self.errors,encoding_table)[0]
           ^^^^^^^^^^^^^^^^^^^^^^^^^^^^^^^^^^^^^^^^^^^^^^^^^^^^^^^
2026-03-04 15:16:51,738 | 21060 | ERROR | UnicodeEncodeError: 'charmap' codec can't encode character '\u2248' in position 192: character maps to <undefined>
2026-03-04 15:16:51,739 | 21060 | ERROR | During handling of the above exception, another exception occurred:
2026-03-04 15:16:51,740 | 21060 | ERROR | Traceback (most recent call last):
2026-03-04 15:16:51,740 | 21060 | ERROR | File "C:\Users\maxwell\AppData\Local\Python\pythoncore-3.11-64\Lib\logging\__init__.py", line 1113, in emit
    stream.write(msg + self.terminator)
2026-03-04 15:16:51,741 | 21060 | ERROR | File "C:\Users\maxwell\AppData\Local\Python\pythoncore-3.11-64\Lib\encodings\cp1252.py", line 19, in encode
    return codecs.charmap_encode(input,self.errors,encoding_table)[0]
           ^^^^^^^^^^^^^^^^^^^^^^^^^^^^^^^^^^^^^^^^^^^^^^^^^^^^^^^
2026-03-04 15:16:51,741 | 21060 | ERROR | UnicodeEncodeError: 'charmap' codec can't encode character '\u2248' in position 192: character maps to <undefined>
2026-03-04 15:16:51,743 | 21060 | ERROR | During handling of the above exception, another exception occurred:
2026-03-04 15:16:51,743 | 21060 | ERROR | Traceback (most recent call last):
2026-03-04 15:16:51,744 | 21060 | ERROR | File "C:\Users\maxwell\AppData\Local\Python\pythoncore-3.11-64\Lib\logging\__init__.py", line 1113, in emit
    stream.write(msg + self.terminator)
2026-03-04 15:16:51,745 | 21060 | ERROR | File "C:\Users\maxwell\AppData\Local\Python\pythoncore-3.11-64\Lib\encodings\cp1252.py", line 19, in encode
    return codecs.charmap_encode(input,self.errors,encoding_table)[0]
           ^^^^^^^^^^^^^^^^^^^^^^^^^^^^^^^^^^^^^^^^^^^^^^^^^^^^^^^
2026-03-04 15:16:51,746 | 21060 | ERROR | UnicodeEncodeError: 'charmap' codec can't encode character '\u2248' in position 192: character maps to <undefined>
2026-03-04 15:16:51,746 | 21060 | ERROR | During handling of the above exception, another exception occurred:
2026-03-04 15:16:51,747 | 21060 | ERROR | Traceback (most recent call last):
2026-03-04 15:16:51,748 | 21060 | ERROR | File "C:\Users\maxwell\AppData\Local\Python\pythoncore-3.11-64\Lib\logging\__init__.py", line 1113, in emit
    stream.write(msg + self.terminator)
2026-03-04 15:16:51,748 | 21060 | ERROR | File "C:\Users\maxwell\AppData\Local\Python\pythoncore-3.11-64\Lib\encodings\cp1252.py", line 19, in encode
    return codecs.charmap_encode(input,self.errors,encoding_table)[0]
           ^^^^^^^^^^^^^^^^^^^^^^^^^^^^^^^^^^^^^^^^^^^^^^^^^^^^^^^
2026-03-04 15:16:51,749 | 21060 | ERROR | UnicodeEncodeError: 'charmap' codec can't encode character '\u2248' in position 192: character maps to <undefined>
2026-03-04 15:16:51,749 | 21060 | ERROR | During handling of the above exception, another exception occurred:
2026-03-04 15:16:51,749 | 21060 | ERROR | Traceback (most recent call last):
2026-03-04 15:16:51,749 | 21060 | ERROR | File "C:\Users\maxwell\AppData\Local\Python\pythoncore-3.11-64\Lib\logging\__init__.py", line 1113, in emit
    stream.write(msg + self.terminator)
2026-03-04 15:16:51,749 | 21060 | ERROR | File "C:\Users\maxwell\AppData\Local\Python\pythoncore-3.11-64\Lib\encodings\cp1252.py", line 19, in encode
    return codecs.charmap_encode(input,self.errors,encoding_table)[0]
           ^^^^^^^^^^^^^^^^^^^^^^^^^^^^^^^^^^^^^^^^^^^^^^^^^^^^^^^
2026-03-04 15:16:51,749 | 21060 | ERROR | UnicodeEncodeError: 'charmap' codec can't encode character '\u2248' in position 192: character maps to <undefined>
2026-03-04 15:16:51,753 | 21060 | ERROR | During handling of the above exception, another exception occurred:
2026-03-04 15:16:51,754 | 21060 | ERROR | Traceback (most recent call last):
2026-03-04 15:16:51,754 | 21060 | ERROR | File "C:\Users\maxwell\AppData\Local\Python\pythoncore-3.11-64\Lib\logging\__init__.py", line 1113, in emit
    stream.write(msg + self.terminator)
2026-03-04 15:16:51,755 | 21060 | ERROR | File "C:\Users\maxwell\AppData\Local\Python\pythoncore-3.11-64\Lib\encodings\cp1252.py", line 19, in encode
    return codecs.charmap_encode(input,self.errors,encoding_table)[0]
           ^^^^^^^^^^^^^^^^^^^^^^^^^^^^^^^^^^^^^^^^^^^^^^^^^^^^^^^
2026-03-04 15:16:51,755 | 21060 | ERROR | UnicodeEncodeError: 'charmap' codec can't encode character '\u2248' in position 192: character maps to <undefined>
2026-03-04 15:16:51,757 | 21060 | ERROR | During handling of the above exception, another exception occurred:
2026-03-04 15:16:51,757 | 21060 | ERROR | Traceback (most recent call last):
2026-03-04 15:16:51,758 | 21060 | ERROR | File "C:\Users\maxwell\AppData\Local\Python\pythoncore-3.11-64\Lib\logging\__init__.py", line 1113, in emit
    stream.write(msg + self.terminator)
2026-03-04 15:16:51,758 | 21060 | ERROR | File "C:\Users\maxwell\AppData\Local\Python\pythoncore-3.11-64\Lib\encodings\cp1252.py", line 19, in encode
    return codecs.charmap_encode(input,self.errors,encoding_table)[0]
           ^^^^^^^^^^^^^^^^^^^^^^^^^^^^^^^^^^^^^^^^^^^^^^^^^^^^^^^
2026-03-04 15:16:51,758 | 21060 | ERROR | UnicodeEncodeError: 'charmap' codec can't encode character '\u2248' in position 192: character maps to <undefined>
2026-03-04 15:16:51,758 | 21060 | ERROR | During handling of the above exception, another exception occurred:
2026-03-04 15:16:51,758 | 21060 | ERROR | Traceback (most recent call last):
2026-03-04 15:16:51,762 | 21060 | ERROR | File "C:\Users\maxwell\AppData\Local\Python\pythoncore-3.11-64\Lib\logging\__init__.py", line 1113, in emit
    stream.write(msg + self.terminator)
2026-03-04 15:16:51,762 | 21060 | ERROR | File "C:\Users\maxwell\AppData\Local\Python\pythoncore-3.11-64\Lib\encodings\cp1252.py", line 19, in encode
    return codecs.charmap_encode(input,self.errors,encoding_table)[0]
           ^^^^^^^^^^^^^^^^^^^^^^^^^^^^^^^^^^^^^^^^^^^^^^^^^^^^^^^
2026-03-04 15:16:51,763 | 21060 | ERROR | UnicodeEncodeError: 'charmap' codec can't encode character '\u2248' in position 192: character maps to <undefined>
2026-03-04 15:16:51,763 | 21060 | ERROR | During handling of the above exception, another exception occurred:
2026-03-04 15:16:51,764 | 21060 | ERROR | Traceback (most recent call last):
2026-03-04 15:16:51,764 | 21060 | ERROR | File "C:\Users\maxwell\AppData\Local\Python\pythoncore-3.11-64\Lib\logging\__init__.py", line 1113, in emit
    stream.write(msg + self.terminator)
2026-03-04 15:16:51,765 | 21060 | ERROR | File "C:\Users\maxwell\AppData\Local\Python\pythoncore-3.11-64\Lib\encodings\cp1252.py", line 19, in encode
    return codecs.charmap_encode(input,self.errors,encoding_table)[0]
           ^^^^^^^^^^^^^^^^^^^^^^^^^^^^^^^^^^^^^^^^^^^^^^^^^^^^^^^
2026-03-04 15:16:51,765 | 21060 | ERROR | UnicodeEncodeError: 'charmap' codec can't encode character '\u2248' in position 192: character maps to <undefined>
2026-03-04 15:16:51,767 | 21060 | ERROR | During handling of the above exception, another exception occurred:
2026-03-04 15:16:51,767 | 21060 | ERROR | Traceback (most recent call last):
2026-03-04 15:16:51,768 | 21060 | ERROR | File "C:\Users\maxwell\AppData\Local\Python\pythoncore-3.11-64\Lib\logging\__init__.py", line 1113, in emit
    stream.write(msg + self.terminator)
2026-03-04 15:16:51,769 | 21060 | ERROR | File "C:\Users\maxwell\AppData\Local\Python\pythoncore-3.11-64\Lib\encodings\cp1252.py", line 19, in encode
    return codecs.charmap_encode(input,self.errors,encoding_table)[0]
           ^^^^^^^^^^^^^^^^^^^^^^^^^^^^^^^^^^^^^^^^^^^^^^^^^^^^^^^
2026-03-04 15:16:51,769 | 21060 | ERROR | UnicodeEncodeError: 'charmap' codec can't encode character '\u2248' in position 192: character maps to <undefined>
2026-03-04 15:16:51,770 | 21060 | ERROR | During handling of the above exception, another exception occurred:
2026-03-04 15:16:51,770 | 21060 | ERROR | Traceback (most recent call last):
2026-03-04 15:16:51,771 | 21060 | ERROR | File "C:\Users\maxwell\AppData\Local\Python\pythoncore-3.11-64\Lib\logging\__init__.py", line 1113, in emit
    stream.write(msg + self.terminator)
2026-03-04 15:16:51,771 | 21060 | ERROR | File "C:\Users\maxwell\AppData\Local\Python\pythoncore-3.11-64\Lib\encodings\cp1252.py", line 19, in encode
    return codecs.charmap_encode(input,self.errors,encoding_table)[0]
           ^^^^^^^^^^^^^^^^^^^^^^^^^^^^^^^^^^^^^^^^^^^^^^^^^^^^^^^
2026-03-04 15:16:51,773 | 21060 | ERROR | UnicodeEncodeError: 'charmap' codec can't encode character '\u2248' in position 192: character maps to <undefined>
2026-03-04 15:16:51,773 | 21060 | ERROR | During handling of the above exception, another exception occurred:
2026-03-04 15:16:51,773 | 21060 | ERROR | Traceback (most recent call last):
2026-03-04 15:16:51,773 | 21060 | ERROR | File "C:\Users\maxwell\AppData\Local\Python\pythoncore-3.11-64\Lib\logging\__init__.py", line 1113, in emit
    stream.write(msg + self.terminator)
2026-03-04 15:16:51,773 | 21060 | ERROR | File "C:\Users\maxwell\AppData\Local\Python\pythoncore-3.11-64\Lib\encodings\cp1252.py", line 19, in encode
    return codecs.charmap_encode(input,self.errors,encoding_table)[0]
           ^^^^^^^^^^^^^^^^^^^^^^^^^^^^^^^^^^^^^^^^^^^^^^^^^^^^^^^
2026-03-04 15:16:51,773 | 21060 | ERROR | UnicodeEncodeError: 'charmap' codec can't encode character '\u2248' in position 192: character maps to <undefined>
2026-03-04 15:16:51,773 | 21060 | ERROR | During handling of the above exception, another exception occurred:
2026-03-04 15:16:51,773 | 21060 | ERROR | Traceback (most recent call last):
2026-03-04 15:16:51,773 | 21060 | ERROR | File "C:\Users\maxwell\AppData\Local\Python\pythoncore-3.11-64\Lib\logging\__init__.py", line 1113, in emit
    stream.write(msg + self.terminator)
2026-03-04 15:16:51,780 | 21060 | ERROR | File "C:\Users\maxwell\AppData\Local\Python\pythoncore-3.11-64\Lib\encodings\cp1252.py", line 19, in encode
    return codecs.charmap_encode(input,self.errors,encoding_table)[0]
           ^^^^^^^^^^^^^^^^^^^^^^^^^^^^^^^^^^^^^^^^^^^^^^^^^^^^^^^
2026-03-04 15:16:51,780 | 21060 | ERROR | UnicodeEncodeError: 'charmap' codec can't encode character '\u2248' in position 192: character maps to <undefined>
2026-03-04 15:16:51,781 | 21060 | ERROR | During handling of the above exception, another exception occurred:
2026-03-04 15:16:51,781 | 21060 | ERROR | Traceback (most recent call last):
2026-03-04 15:16:51,782 | 21060 | ERROR | File "C:\Users\maxwell\AppData\Local\Python\pythoncore-3.11-64\Lib\logging\__init__.py", line 1113, in emit
    stream.write(msg + self.terminator)
2026-03-04 15:16:51,782 | 21060 | ERROR | File "C:\Users\maxwell\AppData\Local\Python\pythoncore-3.11-64\Lib\encodings\cp1252.py", line 19, in encode
    return codecs.charmap_encode(input,self.errors,encoding_table)[0]
           ^^^^^^^^^^^^^^^^^^^^^^^^^^^^^^^^^^^^^^^^^^^^^^^^^^^^^^^
2026-03-04 15:16:51,783 | 21060 | ERROR | UnicodeEncodeError: 'charmap' codec can't encode character '\u2248' in position 192: character maps to <undefined>
2026-03-04 15:16:51,783 | 21060 | ERROR | During handling of the above exception, another exception occurred:
2026-03-04 15:16:51,785 | 21060 | ERROR | Traceback (most recent call last):
2026-03-04 15:16:51,786 | 21060 | ERROR | File "C:\Users\maxwell\AppData\Local\Python\pythoncore-3.11-64\Lib\logging\__init__.py", line 1113, in emit
    stream.write(msg + self.terminator)
2026-03-04 15:16:51,786 | 21060 | ERROR | File "C:\Users\maxwell\AppData\Local\Python\pythoncore-3.11-64\Lib\encodings\cp1252.py", line 19, in encode
    return codecs.charmap_encode(input,self.errors,encoding_table)[0]
           ^^^^^^^^^^^^^^^^^^^^^^^^^^^^^^^^^^^^^^^^^^^^^^^^^^^^^^^
2026-03-04 15:16:51,787 | 21060 | ERROR | UnicodeEncodeError: 'charmap' codec can't encode character '\u2248' in position 192: character maps to <undefined>
2026-03-04 15:16:51,787 | 21060 | ERROR | During handling of the above exception, another exception occurred:
2026-03-04 15:16:51,788 | 21060 | ERROR | Traceback (most recent call last):
2026-03-04 15:16:51,788 | 21060 | ERROR | File "C:\Users\maxwell\AppData\Local\Python\pythoncore-3.11-64\Lib\logging\__init__.py", line 1113, in emit
    stream.write(msg + self.terminator)
2026-03-04 15:16:51,789 | 21060 | ERROR | File "C:\Users\maxwell\AppData\Local\Python\pythoncore-3.11-64\Lib\encodings\cp1252.py", line 19, in encode
    return codecs.charmap_encode(input,self.errors,encoding_table)[0]
           ^^^^^^^^^^^^^^^^^^^^^^^^^^^^^^^^^^^^^^^^^^^^^^^^^^^^^^^
2026-03-04 15:16:51,790 | 21060 | ERROR | UnicodeEncodeError: 'charmap' codec can't encode character '\u2248' in position 192: character maps to <undefined>
2026-03-04 15:16:51,791 | 21060 | ERROR | During handling of the above exception, another exception occurred:
2026-03-04 15:16:51,791 | 21060 | ERROR | Traceback (most recent call last):
2026-03-04 15:16:51,792 | 21060 | ERROR | File "C:\Users\maxwell\AppData\Local\Python\pythoncore-3.11-64\Lib\logging\__init__.py", line 1113, in emit
    stream.write(msg + self.terminator)
2026-03-04 15:16:51,793 | 21060 | ERROR | File "C:\Users\maxwell\AppData\Local\Python\pythoncore-3.11-64\Lib\encodings\cp1252.py", line 19, in encode
    return codecs.charmap_encode(input,self.errors,encoding_table)[0]
           ^^^^^^^^^^^^^^^^^^^^^^^^^^^^^^^^^^^^^^^^^^^^^^^^^^^^^^^
2026-03-04 15:16:51,793 | 21060 | ERROR | UnicodeEncodeError: 'charmap' codec can't encode character '\u2248' in position 192: character maps to <undefined>
2026-03-04 15:16:51,794 | 21060 | ERROR | During handling of the above exception, another exception occurred:
2026-03-04 15:16:51,794 | 21060 | ERROR | Traceback (most recent call last):
2026-03-04 15:16:51,795 | 21060 | ERROR | File "C:\Users\maxwell\AppData\Local\Python\pythoncore-3.11-64\Lib\logging\__init__.py", line 1113, in emit
    stream.write(msg + self.terminator)
2026-03-04 15:16:51,795 | 21060 | ERROR | File "C:\Users\maxwell\AppData\Local\Python\pythoncore-3.11-64\Lib\encodings\cp1252.py", line 19, in encode
    return codecs.charmap_encode(input,self.errors,encoding_table)[0]
           ^^^^^^^^^^^^^^^^^^^^^^^^^^^^^^^^^^^^^^^^^^^^^^^^^^^^^^^
2026-03-04 15:16:51,797 | 21060 | ERROR | UnicodeEncodeError: 'charmap' codec can't encode character '\u2248' in position 192: character maps to <undefined>
2026-03-04 15:16:51,798 | 21060 | ERROR | During handling of the above exception, another exception occurred:
2026-03-04 15:16:51,798 | 21060 | ERROR | Traceback (most recent call last):
2026-03-04 15:16:51,799 | 21060 | ERROR | File "C:\Users\maxwell\AppData\Local\Python\pythoncore-3.11-64\Lib\logging\__init__.py", line 1113, in emit
    stream.write(msg + self.terminator)
2026-03-04 15:16:51,799 | 21060 | ERROR | File "C:\Users\maxwell\AppData\Local\Python\pythoncore-3.11-64\Lib\encodings\cp1252.py", line 19, in encode
    return codecs.charmap_encode(input,self.errors,encoding_table)[0]
           ^^^^^^^^^^^^^^^^^^^^^^^^^^^^^^^^^^^^^^^^^^^^^^^^^^^^^^^
2026-03-04 15:16:51,800 | 21060 | ERROR | UnicodeEncodeError: 'charmap' codec can't encode character '\u2248' in position 192: character maps to <undefined>
2026-03-04 15:16:51,801 | 21060 | ERROR | During handling of the above exception, another exception occurred:
2026-03-04 15:16:51,801 | 21060 | ERROR | Traceback (most recent call last):
2026-03-04 15:16:51,802 | 21060 | ERROR | File "C:\Users\maxwell\AppData\Local\Python\pythoncore-3.11-64\Lib\logging\__init__.py", line 1113, in emit
    stream.write(msg + self.terminator)
2026-03-04 15:16:51,803 | 21060 | ERROR | File "C:\Users\maxwell\AppData\Local\Python\pythoncore-3.11-64\Lib\encodings\cp1252.py", line 19, in encode
    return codecs.charmap_encode(input,self.errors,encoding_table)[0]
           ^^^^^^^^^^^^^^^^^^^^^^^^^^^^^^^^^^^^^^^^^^^^^^^^^^^^^^^
2026-03-04 15:16:51,803 | 21060 | ERROR | UnicodeEncodeError: 'charmap' codec can't encode character '\u2248' in position 192: character maps to <undefined>
2026-03-04 15:16:51,804 | 21060 | ERROR | During handling of the above exception, another exception occurred:
2026-03-04 15:16:51,804 | 21060 | ERROR | Traceback (most recent call last):
2026-03-04 15:16:51,805 | 21060 | ERROR | File "C:\Users\maxwell\AppData\Local\Python\pythoncore-3.11-64\Lib\logging\__init__.py", line 1113, in emit
    stream.write(msg + self.terminator)
2026-03-04 15:16:51,806 | 21060 | ERROR | File "C:\Users\maxwell\AppData\Local\Python\pythoncore-3.11-64\Lib\encodings\cp1252.py", line 19, in encode
    return codecs.charmap_encode(input,self.errors,encoding_table)[0]
           ^^^^^^^^^^^^^^^^^^^^^^^^^^^^^^^^^^^^^^^^^^^^^^^^^^^^^^^
2026-03-04 15:16:51,806 | 21060 | ERROR | UnicodeEncodeError: 'charmap' codec can't encode character '\u2248' in position 192: character maps to <undefined>
2026-03-04 15:16:51,807 | 21060 | ERROR | During handling of the above exception, another exception occurred:
2026-03-04 15:16:51,808 | 21060 | ERROR | Traceback (most recent call last):
2026-03-04 15:16:51,808 | 21060 | ERROR | File "C:\Users\maxwell\AppData\Local\Python\pythoncore-3.11-64\Lib\logging\__init__.py", line 1113, in emit
    stream.write(msg + self.terminator)
2026-03-04 15:16:51,810 | 21060 | ERROR | File "C:\Users\maxwell\AppData\Local\Python\pythoncore-3.11-64\Lib\encodings\cp1252.py", line 19, in encode
    return codecs.charmap_encode(input,self.errors,encoding_table)[0]
           ^^^^^^^^^^^^^^^^^^^^^^^^^^^^^^^^^^^^^^^^^^^^^^^^^^^^^^^
2026-03-04 15:16:51,811 | 21060 | ERROR | UnicodeEncodeError: 'charmap' codec can't encode character '\u2248' in position 192: character maps to <undefined>
2026-03-04 15:16:51,811 | 21060 | ERROR | During handling of the above exception, another exception occurred:
2026-03-04 15:16:51,812 | 21060 | ERROR | Traceback (most recent call last):
2026-03-04 15:16:51,812 | 21060 | ERROR | File "C:\Users\maxwell\AppData\Local\Python\pythoncore-3.11-64\Lib\logging\__init__.py", line 1113, in emit
    stream.write(msg + self.terminator)
2026-03-04 15:16:51,813 | 21060 | ERROR | File "C:\Users\maxwell\AppData\Local\Python\pythoncore-3.11-64\Lib\encodings\cp1252.py", line 19, in encode
    return codecs.charmap_encode(input,self.errors,encoding_table)[0]
           ^^^^^^^^^^^^^^^^^^^^^^^^^^^^^^^^^^^^^^^^^^^^^^^^^^^^^^^
2026-03-04 15:16:51,813 | 21060 | ERROR | UnicodeEncodeError: 'charmap' codec can't encode character '\u2248' in position 192: character maps to <undefined>
2026-03-04 15:16:51,813 | 21060 | ERROR | During handling of the above exception, another exception occurred:
2026-03-04 15:16:51,813 | 21060 | ERROR | Traceback (most recent call last):
2026-03-04 15:16:51,813 | 21060 | ERROR | File "C:\Users\maxwell\AppData\Local\Python\pythoncore-3.11-64\Lib\logging\__init__.py", line 1113, in emit
    stream.write(msg + self.terminator)
2026-03-04 15:16:51,813 | 21060 | ERROR | File "C:\Users\maxwell\AppData\Local\Python\pythoncore-3.11-64\Lib\encodings\cp1252.py", line 19, in encode
    return codecs.charmap_encode(input,self.errors,encoding_table)[0]
           ^^^^^^^^^^^^^^^^^^^^^^^^^^^^^^^^^^^^^^^^^^^^^^^^^^^^^^^
2026-03-04 15:16:51,813 | 21060 | ERROR | UnicodeEncodeError: 'charmap' codec can't encode character '\u2248' in position 192: character maps to <undefined>
2026-03-04 15:16:51,813 | 21060 | ERROR | Call stack:
2026-03-04 15:16:51,836 | 21060 | ERROR | File "C:\Users\maxwell\UCB-USACE-RR-PROJECT\run_hyperparam_search.py", line 853, in <module>
    setup_logging()
2026-03-04 15:16:51,836 | 21060 | ERROR | --- Logging error ---
2026-03-04 15:16:51,843 | 21060 | ERROR | Traceback (most recent call last):
2026-03-04 15:16:51,843 | 21060 | ERROR | File "C:\Users\maxwell\AppData\Local\Python\pythoncore-3.11-64\Lib\logging\__init__.py", line 1113, in emit
    stream.write(msg + self.terminator)
2026-03-04 15:16:51,843 | 21060 | ERROR | File "C:\Users\maxwell\AppData\Local\Python\pythoncore-3.11-64\Lib\encodings\cp1252.py", line 19, in encode
    return codecs.charmap_encode(input,self.errors,encoding_table)[0]
           ^^^^^^^^^^^^^^^^^^^^^^^^^^^^^^^^^^^^^^^^^^^^^^^^^^^^^^^
2026-03-04 15:16:51,851 | 21060 | ERROR | UnicodeEncodeError: 'charmap' codec can't encode character '\u2248' in position 107: character maps to <undefined>
2026-03-04 15:16:51,852 | 21060 | ERROR | During handling of the above exception, another exception occurred:
2026-03-04 15:16:51,852 | 21060 | ERROR | Traceback (most recent call last):
2026-03-04 15:16:51,853 | 21060 | ERROR | File "C:\Users\maxwell\AppData\Local\Python\pythoncore-3.11-64\Lib\logging\__init__.py", line 1113, in emit
    stream.write(msg + self.terminator)
2026-03-04 15:16:51,853 | 21060 | ERROR | File "C:\Users\maxwell\AppData\Local\Python\pythoncore-3.11-64\Lib\encodings\cp1252.py", line 19, in encode
    return codecs.charmap_encode(input,self.errors,encoding_table)[0]
           ^^^^^^^^^^^^^^^^^^^^^^^^^^^^^^^^^^^^^^^^^^^^^^^^^^^^^^^
2026-03-04 15:16:51,855 | 21060 | ERROR | UnicodeEncodeError: 'charmap' codec can't encode character '\u2248' in position 192: character maps to <undefined>
2026-03-04 15:16:51,855 | 21060 | ERROR | During handling of the above exception, another exception occurred:
2026-03-04 15:16:51,855 | 21060 | ERROR | Traceback (most recent call last):
2026-03-04 15:16:51,857 | 21060 | ERROR | File "C:\Users\maxwell\AppData\Local\Python\pythoncore-3.11-64\Lib\logging\__init__.py", line 1113, in emit
    stream.write(msg + self.terminator)
2026-03-04 15:16:51,858 | 21060 | ERROR | File "C:\Users\maxwell\AppData\Local\Python\pythoncore-3.11-64\Lib\encodings\cp1252.py", line 19, in encode
    return codecs.charmap_encode(input,self.errors,encoding_table)[0]
           ^^^^^^^^^^^^^^^^^^^^^^^^^^^^^^^^^^^^^^^^^^^^^^^^^^^^^^^
2026-03-04 15:16:51,858 | 21060 | ERROR | UnicodeEncodeError: 'charmap' codec can't encode character '\u2248' in position 192: character maps to <undefined>
2026-03-04 15:16:51,859 | 21060 | ERROR | During handling of the above exception, another exception occurred:
2026-03-04 15:16:51,859 | 21060 | ERROR | Traceback (most recent call last):
2026-03-04 15:16:51,860 | 21060 | ERROR | File "C:\Users\maxwell\AppData\Local\Python\pythoncore-3.11-64\Lib\logging\__init__.py", line 1113, in emit
    stream.write(msg + self.terminator)
2026-03-04 15:16:51,860 | 21060 | ERROR | File "C:\Users\maxwell\AppData\Local\Python\pythoncore-3.11-64\Lib\encodings\cp1252.py", line 19, in encode
    return codecs.charmap_encode(input,self.errors,encoding_table)[0]
           ^^^^^^^^^^^^^^^^^^^^^^^^^^^^^^^^^^^^^^^^^^^^^^^^^^^^^^^
2026-03-04 15:16:51,861 | 21060 | ERROR | UnicodeEncodeError: 'charmap' codec can't encode character '\u2248' in position 192: character maps to <undefined>
2026-03-04 15:16:51,861 | 21060 | ERROR | During handling of the above exception, another exception occurred:
2026-03-04 15:16:51,862 | 21060 | ERROR | Traceback (most recent call last):
2026-03-04 15:16:51,863 | 21060 | ERROR | File "C:\Users\maxwell\AppData\Local\Python\pythoncore-3.11-64\Lib\logging\__init__.py", line 1113, in emit
    stream.write(msg + self.terminator)
2026-03-04 15:16:51,863 | 21060 | ERROR | File "C:\Users\maxwell\AppData\Local\Python\pythoncore-3.11-64\Lib\encodings\cp1252.py", line 19, in encode
    return codecs.charmap_encode(input,self.errors,encoding_table)[0]
           ^^^^^^^^^^^^^^^^^^^^^^^^^^^^^^^^^^^^^^^^^^^^^^^^^^^^^^^
2026-03-04 15:16:51,865 | 21060 | ERROR | UnicodeEncodeError: 'charmap' codec can't encode character '\u2248' in position 192: character maps to <undefined>
2026-03-04 15:16:51,865 | 21060 | ERROR | During handling of the above exception, another exception occurred:
2026-03-04 15:16:51,866 | 21060 | ERROR | Traceback (most recent call last):
2026-03-04 15:16:51,866 | 21060 | ERROR | File "C:\Users\maxwell\AppData\Local\Python\pythoncore-3.11-64\Lib\logging\__init__.py", line 1113, in emit
    stream.write(msg + self.terminator)
2026-03-04 15:16:51,867 | 21060 | ERROR | File "C:\Users\maxwell\AppData\Local\Python\pythoncore-3.11-64\Lib\encodings\cp1252.py", line 19, in encode
    return codecs.charmap_encode(input,self.errors,encoding_table)[0]
           ^^^^^^^^^^^^^^^^^^^^^^^^^^^^^^^^^^^^^^^^^^^^^^^^^^^^^^^
2026-03-04 15:16:51,867 | 21060 | ERROR | UnicodeEncodeError: 'charmap' codec can't encode character '\u2248' in position 192: character maps to <undefined>
2026-03-04 15:16:51,867 | 21060 | ERROR | During handling of the above exception, another exception occurred:
2026-03-04 15:16:51,867 | 21060 | ERROR | Traceback (most recent call last):
2026-03-04 15:16:51,867 | 21060 | ERROR | File "C:\Users\maxwell\AppData\Local\Python\pythoncore-3.11-64\Lib\logging\__init__.py", line 1113, in emit
    stream.write(msg + self.terminator)
2026-03-04 15:16:51,867 | 21060 | ERROR | File "C:\Users\maxwell\AppData\Local\Python\pythoncore-3.11-64\Lib\encodings\cp1252.py", line 19, in encode
    return codecs.charmap_encode(input,self.errors,encoding_table)[0]
           ^^^^^^^^^^^^^^^^^^^^^^^^^^^^^^^^^^^^^^^^^^^^^^^^^^^^^^^
2026-03-04 15:16:51,867 | 21060 | ERROR | UnicodeEncodeError: 'charmap' codec can't encode character '\u2248' in position 192: character maps to <undefined>
2026-03-04 15:16:51,867 | 21060 | ERROR | During handling of the above exception, another exception occurred:
2026-03-04 15:16:51,872 | 21060 | ERROR | Traceback (most recent call last):
2026-03-04 15:16:51,873 | 21060 | ERROR | File "C:\Users\maxwell\AppData\Local\Python\pythoncore-3.11-64\Lib\logging\__init__.py", line 1113, in emit
    stream.write(msg + self.terminator)
2026-03-04 15:16:51,874 | 21060 | ERROR | File "C:\Users\maxwell\AppData\Local\Python\pythoncore-3.11-64\Lib\encodings\cp1252.py", line 19, in encode
    return codecs.charmap_encode(input,self.errors,encoding_table)[0]
           ^^^^^^^^^^^^^^^^^^^^^^^^^^^^^^^^^^^^^^^^^^^^^^^^^^^^^^^
2026-03-04 15:16:51,874 | 21060 | ERROR | UnicodeEncodeError: 'charmap' codec can't encode character '\u2248' in position 192: character maps to <undefined>
2026-03-04 15:16:51,875 | 21060 | ERROR | During handling of the above exception, another exception occurred:
2026-03-04 15:16:51,876 | 21060 | ERROR | Traceback (most recent call last):
2026-03-04 15:16:51,877 | 21060 | ERROR | File "C:\Users\maxwell\AppData\Local\Python\pythoncore-3.11-64\Lib\logging\__init__.py", line 1113, in emit
    stream.write(msg + self.terminator)
2026-03-04 15:16:51,877 | 21060 | ERROR | File "C:\Users\maxwell\AppData\Local\Python\pythoncore-3.11-64\Lib\encodings\cp1252.py", line 19, in encode
    return codecs.charmap_encode(input,self.errors,encoding_table)[0]
           ^^^^^^^^^^^^^^^^^^^^^^^^^^^^^^^^^^^^^^^^^^^^^^^^^^^^^^^
2026-03-04 15:16:51,878 | 21060 | ERROR | UnicodeEncodeError: 'charmap' codec can't encode character '\u2248' in position 192: character maps to <undefined>
2026-03-04 15:16:51,878 | 21060 | ERROR | During handling of the above exception, another exception occurred:
2026-03-04 15:16:51,878 | 21060 | ERROR | Traceback (most recent call last):
2026-03-04 15:16:51,878 | 21060 | ERROR | File "C:\Users\maxwell\AppData\Local\Python\pythoncore-3.11-64\Lib\logging\__init__.py", line 1113, in emit
    stream.write(msg + self.terminator)
2026-03-04 15:16:51,878 | 21060 | ERROR | File "C:\Users\maxwell\AppData\Local\Python\pythoncore-3.11-64\Lib\encodings\cp1252.py", line 19, in encode
    return codecs.charmap_encode(input,self.errors,encoding_table)[0]
           ^^^^^^^^^^^^^^^^^^^^^^^^^^^^^^^^^^^^^^^^^^^^^^^^^^^^^^^
2026-03-04 15:16:51,878 | 21060 | ERROR | UnicodeEncodeError: 'charmap' codec can't encode character '\u2248' in position 192: character maps to <undefined>
2026-03-04 15:16:51,878 | 21060 | ERROR | During handling of the above exception, another exception occurred:
2026-03-04 15:16:51,882 | 21060 | ERROR | Traceback (most recent call last):
2026-03-04 15:16:51,883 | 21060 | ERROR | File "C:\Users\maxwell\AppData\Local\Python\pythoncore-3.11-64\Lib\logging\__init__.py", line 1113, in emit
    stream.write(msg + self.terminator)
2026-03-04 15:16:51,883 | 21060 | ERROR | File "C:\Users\maxwell\AppData\Local\Python\pythoncore-3.11-64\Lib\encodings\cp1252.py", line 19, in encode
    return codecs.charmap_encode(input,self.errors,encoding_table)[0]
           ^^^^^^^^^^^^^^^^^^^^^^^^^^^^^^^^^^^^^^^^^^^^^^^^^^^^^^^
2026-03-04 15:16:51,884 | 21060 | ERROR | UnicodeEncodeError: 'charmap' codec can't encode character '\u2248' in position 192: character maps to <undefined>
2026-03-04 15:16:51,884 | 21060 | ERROR | During handling of the above exception, another exception occurred:
2026-03-04 15:16:51,886 | 21060 | ERROR | Traceback (most recent call last):
2026-03-04 15:16:51,886 | 21060 | ERROR | File "C:\Users\maxwell\AppData\Local\Python\pythoncore-3.11-64\Lib\logging\__init__.py", line 1113, in emit
    stream.write(msg + self.terminator)
2026-03-04 15:16:51,887 | 21060 | ERROR | File "C:\Users\maxwell\AppData\Local\Python\pythoncore-3.11-64\Lib\encodings\cp1252.py", line 19, in encode
    return codecs.charmap_encode(input,self.errors,encoding_table)[0]
           ^^^^^^^^^^^^^^^^^^^^^^^^^^^^^^^^^^^^^^^^^^^^^^^^^^^^^^^
2026-03-04 15:16:51,887 | 21060 | ERROR | UnicodeEncodeError: 'charmap' codec can't encode character '\u2248' in position 192: character maps to <undefined>
2026-03-04 15:16:51,888 | 21060 | ERROR | During handling of the above exception, another exception occurred:
2026-03-04 15:16:51,888 | 21060 | ERROR | Traceback (most recent call last):
2026-03-04 15:16:51,890 | 21060 | ERROR | File "C:\Users\maxwell\AppData\Local\Python\pythoncore-3.11-64\Lib\logging\__init__.py", line 1113, in emit
    stream.write(msg + self.terminator)
2026-03-04 15:16:51,890 | 21060 | ERROR | File "C:\Users\maxwell\AppData\Local\Python\pythoncore-3.11-64\Lib\encodings\cp1252.py", line 19, in encode
    return codecs.charmap_encode(input,self.errors,encoding_table)[0]
           ^^^^^^^^^^^^^^^^^^^^^^^^^^^^^^^^^^^^^^^^^^^^^^^^^^^^^^^
2026-03-04 15:16:51,891 | 21060 | ERROR | UnicodeEncodeError: 'charmap' codec can't encode character '\u2248' in position 192: character maps to <undefined>
2026-03-04 15:16:51,891 | 21060 | ERROR | During handling of the above exception, another exception occurred:
2026-03-04 15:16:51,892 | 21060 | ERROR | Traceback (most recent call last):
2026-03-04 15:16:51,892 | 21060 | ERROR | File "C:\Users\maxwell\AppData\Local\Python\pythoncore-3.11-64\Lib\logging\__init__.py", line 1113, in emit
    stream.write(msg + self.terminator)
2026-03-04 15:16:51,893 | 21060 | ERROR | File "C:\Users\maxwell\AppData\Local\Python\pythoncore-3.11-64\Lib\encodings\cp1252.py", line 19, in encode
    return codecs.charmap_encode(input,self.errors,encoding_table)[0]
           ^^^^^^^^^^^^^^^^^^^^^^^^^^^^^^^^^^^^^^^^^^^^^^^^^^^^^^^
2026-03-04 15:16:51,894 | 21060 | ERROR | UnicodeEncodeError: 'charmap' codec can't encode character '\u2248' in position 192: character maps to <undefined>
2026-03-04 15:16:51,894 | 21060 | ERROR | During handling of the above exception, another exception occurred:
2026-03-04 15:16:51,895 | 21060 | ERROR | Traceback (most recent call last):
2026-03-04 15:16:51,895 | 21060 | ERROR | File "C:\Users\maxwell\AppData\Local\Python\pythoncore-3.11-64\Lib\logging\__init__.py", line 1113, in emit
    stream.write(msg + self.terminator)
2026-03-04 15:16:51,896 | 21060 | ERROR | File "C:\Users\maxwell\AppData\Local\Python\pythoncore-3.11-64\Lib\encodings\cp1252.py", line 19, in encode
    return codecs.charmap_encode(input,self.errors,encoding_table)[0]
           ^^^^^^^^^^^^^^^^^^^^^^^^^^^^^^^^^^^^^^^^^^^^^^^^^^^^^^^
2026-03-04 15:16:51,896 | 21060 | ERROR | UnicodeEncodeError: 'charmap' codec can't encode character '\u2248' in position 192: character maps to <undefined>
2026-03-04 15:16:51,898 | 21060 | ERROR | During handling of the above exception, another exception occurred:
2026-03-04 15:16:51,898 | 21060 | ERROR | Traceback (most recent call last):
2026-03-04 15:16:51,899 | 21060 | ERROR | File "C:\Users\maxwell\AppData\Local\Python\pythoncore-3.11-64\Lib\logging\__init__.py", line 1113, in emit
    stream.write(msg + self.terminator)
2026-03-04 15:16:51,899 | 21060 | ERROR | File "C:\Users\maxwell\AppData\Local\Python\pythoncore-3.11-64\Lib\encodings\cp1252.py", line 19, in encode
    return codecs.charmap_encode(input,self.errors,encoding_table)[0]
           ^^^^^^^^^^^^^^^^^^^^^^^^^^^^^^^^^^^^^^^^^^^^^^^^^^^^^^^
2026-03-04 15:16:51,900 | 21060 | ERROR | UnicodeEncodeError: 'charmap' codec can't encode character '\u2248' in position 192: character maps to <undefined>
2026-03-04 15:16:51,900 | 21060 | ERROR | During handling of the above exception, another exception occurred:
2026-03-04 15:16:51,902 | 21060 | ERROR | Traceback (most recent call last):
2026-03-04 15:16:51,902 | 21060 | ERROR | File "C:\Users\maxwell\AppData\Local\Python\pythoncore-3.11-64\Lib\logging\__init__.py", line 1113, in emit
    stream.write(msg + self.terminator)
2026-03-04 15:16:51,903 | 21060 | ERROR | File "C:\Users\maxwell\AppData\Local\Python\pythoncore-3.11-64\Lib\encodings\cp1252.py", line 19, in encode
    return codecs.charmap_encode(input,self.errors,encoding_table)[0]
           ^^^^^^^^^^^^^^^^^^^^^^^^^^^^^^^^^^^^^^^^^^^^^^^^^^^^^^^
2026-03-04 15:16:51,904 | 21060 | ERROR | UnicodeEncodeError: 'charmap' codec can't encode character '\u2248' in position 192: character maps to <undefined>
2026-03-04 15:16:51,905 | 21060 | ERROR | During handling of the above exception, another exception occurred:
2026-03-04 15:16:51,905 | 21060 | ERROR | Traceback (most recent call last):
2026-03-04 15:16:51,905 | 21060 | ERROR | File "C:\Users\maxwell\AppData\Local\Python\pythoncore-3.11-64\Lib\logging\__init__.py", line 1113, in emit
    stream.write(msg + self.terminator)
2026-03-04 15:16:51,905 | 21060 | ERROR | File "C:\Users\maxwell\AppData\Local\Python\pythoncore-3.11-64\Lib\encodings\cp1252.py", line 19, in encode
    return codecs.charmap_encode(input,self.errors,encoding_table)[0]
           ^^^^^^^^^^^^^^^^^^^^^^^^^^^^^^^^^^^^^^^^^^^^^^^^^^^^^^^
2026-03-04 15:16:51,905 | 21060 | ERROR | UnicodeEncodeError: 'charmap' codec can't encode character '\u2248' in position 192: character maps to <undefined>
2026-03-04 15:16:51,905 | 21060 | ERROR | During handling of the above exception, another exception occurred:
2026-03-04 15:16:51,905 | 21060 | ERROR | Traceback (most recent call last):
2026-03-04 15:16:51,910 | 21060 | ERROR | File "C:\Users\maxwell\AppData\Local\Python\pythoncore-3.11-64\Lib\logging\__init__.py", line 1113, in emit
    stream.write(msg + self.terminator)
2026-03-04 15:16:51,910 | 21060 | ERROR | File "C:\Users\maxwell\AppData\Local\Python\pythoncore-3.11-64\Lib\encodings\cp1252.py", line 19, in encode
    return codecs.charmap_encode(input,self.errors,encoding_table)[0]
           ^^^^^^^^^^^^^^^^^^^^^^^^^^^^^^^^^^^^^^^^^^^^^^^^^^^^^^^
2026-03-04 15:16:51,911 | 21060 | ERROR | UnicodeEncodeError: 'charmap' codec can't encode character '\u2248' in position 192: character maps to <undefined>
2026-03-04 15:16:51,911 | 21060 | ERROR | During handling of the above exception, another exception occurred:
2026-03-04 15:16:51,912 | 21060 | ERROR | Traceback (most recent call last):
2026-03-04 15:16:51,912 | 21060 | ERROR | File "C:\Users\maxwell\AppData\Local\Python\pythoncore-3.11-64\Lib\logging\__init__.py", line 1113, in emit
    stream.write(msg + self.terminator)
2026-03-04 15:16:51,913 | 21060 | ERROR | File "C:\Users\maxwell\AppData\Local\Python\pythoncore-3.11-64\Lib\encodings\cp1252.py", line 19, in encode
    return codecs.charmap_encode(input,self.errors,encoding_table)[0]
           ^^^^^^^^^^^^^^^^^^^^^^^^^^^^^^^^^^^^^^^^^^^^^^^^^^^^^^^
2026-03-04 15:16:51,914 | 21060 | ERROR | UnicodeEncodeError: 'charmap' codec can't encode character '\u2248' in position 192: character maps to <undefined>
2026-03-04 15:16:51,914 | 21060 | ERROR | During handling of the above exception, another exception occurred:
2026-03-04 15:16:51,914 | 21060 | ERROR | Traceback (most recent call last):
2026-03-04 15:16:51,914 | 21060 | ERROR | File "C:\Users\maxwell\AppData\Local\Python\pythoncore-3.11-64\Lib\logging\__init__.py", line 1113, in emit
    stream.write(msg + self.terminator)
2026-03-04 15:16:51,914 | 21060 | ERROR | File "C:\Users\maxwell\AppData\Local\Python\pythoncore-3.11-64\Lib\encodings\cp1252.py", line 19, in encode
    return codecs.charmap_encode(input,self.errors,encoding_table)[0]
           ^^^^^^^^^^^^^^^^^^^^^^^^^^^^^^^^^^^^^^^^^^^^^^^^^^^^^^^
2026-03-04 15:16:51,914 | 21060 | ERROR | UnicodeEncodeError: 'charmap' codec can't encode character '\u2248' in position 192: character maps to <undefined>
2026-03-04 15:16:51,918 | 21060 | ERROR | During handling of the above exception, another exception occurred:
2026-03-04 15:16:51,918 | 21060 | ERROR | Traceback (most recent call last):
2026-03-04 15:16:51,919 | 21060 | ERROR | File "C:\Users\maxwell\AppData\Local\Python\pythoncore-3.11-64\Lib\logging\__init__.py", line 1113, in emit
    stream.write(msg + self.terminator)
2026-03-04 15:16:51,920 | 21060 | ERROR | File "C:\Users\maxwell\AppData\Local\Python\pythoncore-3.11-64\Lib\encodings\cp1252.py", line 19, in encode
    return codecs.charmap_encode(input,self.errors,encoding_table)[0]
           ^^^^^^^^^^^^^^^^^^^^^^^^^^^^^^^^^^^^^^^^^^^^^^^^^^^^^^^
2026-03-04 15:16:51,921 | 21060 | ERROR | UnicodeEncodeError: 'charmap' codec can't encode character '\u2248' in position 192: character maps to <undefined>
2026-03-04 15:16:51,921 | 21060 | ERROR | During handling of the above exception, another exception occurred:
2026-03-04 15:16:51,921 | 21060 | ERROR | Traceback (most recent call last):
2026-03-04 15:16:51,922 | 21060 | ERROR | File "C:\Users\maxwell\AppData\Local\Python\pythoncore-3.11-64\Lib\logging\__init__.py", line 1113, in emit
    stream.write(msg + self.terminator)
2026-03-04 15:16:51,922 | 21060 | ERROR | File "C:\Users\maxwell\AppData\Local\Python\pythoncore-3.11-64\Lib\encodings\cp1252.py", line 19, in encode
    return codecs.charmap_encode(input,self.errors,encoding_table)[0]
           ^^^^^^^^^^^^^^^^^^^^^^^^^^^^^^^^^^^^^^^^^^^^^^^^^^^^^^^
2026-03-04 15:16:51,924 | 21060 | ERROR | UnicodeEncodeError: 'charmap' codec can't encode character '\u2248' in position 192: character maps to <undefined>
2026-03-04 15:16:51,925 | 21060 | ERROR | During handling of the above exception, another exception occurred:
2026-03-04 15:16:51,925 | 21060 | ERROR | Traceback (most recent call last):
2026-03-04 15:16:51,926 | 21060 | ERROR | File "C:\Users\maxwell\AppData\Local\Python\pythoncore-3.11-64\Lib\logging\__init__.py", line 1113, in emit
    stream.write(msg + self.terminator)
2026-03-04 15:16:51,927 | 21060 | ERROR | File "C:\Users\maxwell\AppData\Local\Python\pythoncore-3.11-64\Lib\encodings\cp1252.py", line 19, in encode
    return codecs.charmap_encode(input,self.errors,encoding_table)[0]
           ^^^^^^^^^^^^^^^^^^^^^^^^^^^^^^^^^^^^^^^^^^^^^^^^^^^^^^^
2026-03-04 15:16:51,927 | 21060 | ERROR | UnicodeEncodeError: 'charmap' codec can't encode character '\u2248' in position 192: character maps to <undefined>
2026-03-04 15:16:51,928 | 21060 | ERROR | During handling of the above exception, another exception occurred:
2026-03-04 15:16:51,928 | 21060 | ERROR | Traceback (most recent call last):
2026-03-04 15:16:51,929 | 21060 | ERROR | File "C:\Users\maxwell\AppData\Local\Python\pythoncore-3.11-64\Lib\logging\__init__.py", line 1113, in emit
    stream.write(msg + self.terminator)
2026-03-04 15:16:51,930 | 21060 | ERROR | File "C:\Users\maxwell\AppData\Local\Python\pythoncore-3.11-64\Lib\encodings\cp1252.py", line 19, in encode
    return codecs.charmap_encode(input,self.errors,encoding_table)[0]
           ^^^^^^^^^^^^^^^^^^^^^^^^^^^^^^^^^^^^^^^^^^^^^^^^^^^^^^^
2026-03-04 15:16:51,930 | 21060 | ERROR | UnicodeEncodeError: 'charmap' codec can't encode character '\u2248' in position 192: character maps to <undefined>
2026-03-04 15:16:51,930 | 21060 | ERROR | During handling of the above exception, another exception occurred:
2026-03-04 15:16:51,930 | 21060 | ERROR | Traceback (most recent call last):
2026-03-04 15:16:51,930 | 21060 | ERROR | File "C:\Users\maxwell\AppData\Local\Python\pythoncore-3.11-64\Lib\logging\__init__.py", line 1113, in emit
    stream.write(msg + self.terminator)
2026-03-04 15:16:51,930 | 21060 | ERROR | File "C:\Users\maxwell\AppData\Local\Python\pythoncore-3.11-64\Lib\encodings\cp1252.py", line 19, in encode
    return codecs.charmap_encode(input,self.errors,encoding_table)[0]
           ^^^^^^^^^^^^^^^^^^^^^^^^^^^^^^^^^^^^^^^^^^^^^^^^^^^^^^^
2026-03-04 15:16:51,934 | 21060 | ERROR | UnicodeEncodeError: 'charmap' codec can't encode character '\u2248' in position 192: character maps to <undefined>
2026-03-04 15:16:51,934 | 21060 | ERROR | During handling of the above exception, another exception occurred:
2026-03-04 15:16:51,934 | 21060 | ERROR | Traceback (most recent call last):
2026-03-04 15:16:51,934 | 21060 | ERROR | File "C:\Users\maxwell\AppData\Local\Python\pythoncore-3.11-64\Lib\logging\__init__.py", line 1113, in emit
    stream.write(msg + self.terminator)
2026-03-04 15:16:51,936 | 21060 | ERROR | File "C:\Users\maxwell\AppData\Local\Python\pythoncore-3.11-64\Lib\encodings\cp1252.py", line 19, in encode
    return codecs.charmap_encode(input,self.errors,encoding_table)[0]
           ^^^^^^^^^^^^^^^^^^^^^^^^^^^^^^^^^^^^^^^^^^^^^^^^^^^^^^^
2026-03-04 15:16:51,937 | 21060 | ERROR | UnicodeEncodeError: 'charmap' codec can't encode character '\u2248' in position 192: character maps to <undefined>
2026-03-04 15:16:51,937 | 21060 | ERROR | During handling of the above exception, another exception occurred:
2026-03-04 15:16:51,939 | 21060 | ERROR | Traceback (most recent call last):
2026-03-04 15:16:51,939 | 21060 | ERROR | File "C:\Users\maxwell\AppData\Local\Python\pythoncore-3.11-64\Lib\logging\__init__.py", line 1113, in emit
    stream.write(msg + self.terminator)
2026-03-04 15:16:51,940 | 21060 | ERROR | File "C:\Users\maxwell\AppData\Local\Python\pythoncore-3.11-64\Lib\encodings\cp1252.py", line 19, in encode
    return codecs.charmap_encode(input,self.errors,encoding_table)[0]
           ^^^^^^^^^^^^^^^^^^^^^^^^^^^^^^^^^^^^^^^^^^^^^^^^^^^^^^^
2026-03-04 15:16:51,941 | 21060 | ERROR | UnicodeEncodeError: 'charmap' codec can't encode character '\u2248' in position 192: character maps to <undefined>
2026-03-04 15:16:51,941 | 21060 | ERROR | During handling of the above exception, another exception occurred:
2026-03-04 15:16:51,941 | 21060 | ERROR | Traceback (most recent call last):
2026-03-04 15:16:51,941 | 21060 | ERROR | File "C:\Users\maxwell\AppData\Local\Python\pythoncore-3.11-64\Lib\logging\__init__.py", line 1113, in emit
    stream.write(msg + self.terminator)
2026-03-04 15:16:51,941 | 21060 | ERROR | File "C:\Users\maxwell\AppData\Local\Python\pythoncore-3.11-64\Lib\encodings\cp1252.py", line 19, in encode
    return codecs.charmap_encode(input,self.errors,encoding_table)[0]
           ^^^^^^^^^^^^^^^^^^^^^^^^^^^^^^^^^^^^^^^^^^^^^^^^^^^^^^^
2026-03-04 15:16:51,941 | 21060 | ERROR | UnicodeEncodeError: 'charmap' codec can't encode character '\u2248' in position 192: character maps to <undefined>
2026-03-04 15:16:51,941 | 21060 | ERROR | During handling of the above exception, another exception occurred:
2026-03-04 15:16:51,941 | 21060 | ERROR | Traceback (most recent call last):
2026-03-04 15:16:51,941 | 21060 | ERROR | File "C:\Users\maxwell\AppData\Local\Python\pythoncore-3.11-64\Lib\logging\__init__.py", line 1113, in emit
    stream.write(msg + self.terminator)
2026-03-04 15:16:51,946 | 21060 | ERROR | File "C:\Users\maxwell\AppData\Local\Python\pythoncore-3.11-64\Lib\encodings\cp1252.py", line 19, in encode
    return codecs.charmap_encode(input,self.errors,encoding_table)[0]
           ^^^^^^^^^^^^^^^^^^^^^^^^^^^^^^^^^^^^^^^^^^^^^^^^^^^^^^^
2026-03-04 15:16:51,947 | 21060 | ERROR | UnicodeEncodeError: 'charmap' codec can't encode character '\u2248' in position 192: character maps to <undefined>
2026-03-04 15:16:51,947 | 21060 | ERROR | During handling of the above exception, another exception occurred:
2026-03-04 15:16:51,947 | 21060 | ERROR | Traceback (most recent call last):
2026-03-04 15:16:51,949 | 21060 | ERROR | File "C:\Users\maxwell\AppData\Local\Python\pythoncore-3.11-64\Lib\logging\__init__.py", line 1113, in emit
    stream.write(msg + self.terminator)
2026-03-04 15:16:51,950 | 21060 | ERROR | File "C:\Users\maxwell\AppData\Local\Python\pythoncore-3.11-64\Lib\encodings\cp1252.py", line 19, in encode
    return codecs.charmap_encode(input,self.errors,encoding_table)[0]
           ^^^^^^^^^^^^^^^^^^^^^^^^^^^^^^^^^^^^^^^^^^^^^^^^^^^^^^^
2026-03-04 15:16:51,950 | 21060 | ERROR | UnicodeEncodeError: 'charmap' codec can't encode character '\u2248' in position 192: character maps to <undefined>
2026-03-04 15:16:51,951 | 21060 | ERROR | During handling of the above exception, another exception occurred:
2026-03-04 15:16:51,952 | 21060 | ERROR | Traceback (most recent call last):
2026-03-04 15:16:51,952 | 21060 | ERROR | File "C:\Users\maxwell\AppData\Local\Python\pythoncore-3.11-64\Lib\logging\__init__.py", line 1113, in emit
    stream.write(msg + self.terminator)
2026-03-04 15:16:51,954 | 21060 | ERROR | File "C:\Users\maxwell\AppData\Local\Python\pythoncore-3.11-64\Lib\encodings\cp1252.py", line 19, in encode
    return codecs.charmap_encode(input,self.errors,encoding_table)[0]
           ^^^^^^^^^^^^^^^^^^^^^^^^^^^^^^^^^^^^^^^^^^^^^^^^^^^^^^^
2026-03-04 15:16:51,955 | 21060 | ERROR | UnicodeEncodeError: 'charmap' codec can't encode character '\u2248' in position 192: character maps to <undefined>
2026-03-04 15:16:51,956 | 21060 | ERROR | During handling of the above exception, another exception occurred:
2026-03-04 15:16:51,956 | 21060 | ERROR | Traceback (most recent call last):
2026-03-04 15:16:51,957 | 21060 | ERROR | File "C:\Users\maxwell\AppData\Local\Python\pythoncore-3.11-64\Lib\logging\__init__.py", line 1113, in emit
    stream.write(msg + self.terminator)
2026-03-04 15:16:51,958 | 21060 | ERROR | File "C:\Users\maxwell\AppData\Local\Python\pythoncore-3.11-64\Lib\encodings\cp1252.py", line 19, in encode
    return codecs.charmap_encode(input,self.errors,encoding_table)[0]
           ^^^^^^^^^^^^^^^^^^^^^^^^^^^^^^^^^^^^^^^^^^^^^^^^^^^^^^^
2026-03-04 15:16:51,958 | 21060 | ERROR | UnicodeEncodeError: 'charmap' codec can't encode character '\u2248' in position 192: character maps to <undefined>
2026-03-04 15:16:51,959 | 21060 | ERROR | During handling of the above exception, another exception occurred:
2026-03-04 15:16:51,959 | 21060 | ERROR | Traceback (most recent call last):
2026-03-04 15:16:51,960 | 21060 | ERROR | File "C:\Users\maxwell\AppData\Local\Python\pythoncore-3.11-64\Lib\logging\__init__.py", line 1113, in emit
    stream.write(msg + self.terminator)
2026-03-04 15:16:51,960 | 21060 | ERROR | File "C:\Users\maxwell\AppData\Local\Python\pythoncore-3.11-64\Lib\encodings\cp1252.py", line 19, in encode
    return codecs.charmap_encode(input,self.errors,encoding_table)[0]
           ^^^^^^^^^^^^^^^^^^^^^^^^^^^^^^^^^^^^^^^^^^^^^^^^^^^^^^^
2026-03-04 15:16:51,962 | 21060 | ERROR | UnicodeEncodeError: 'charmap' codec can't encode character '\u2248' in position 192: character maps to <undefined>
2026-03-04 15:16:51,963 | 21060 | ERROR | During handling of the above exception, another exception occurred:
2026-03-04 15:16:51,963 | 21060 | ERROR | Traceback (most recent call last):
2026-03-04 15:16:51,964 | 21060 | ERROR | File "C:\Users\maxwell\AppData\Local\Python\pythoncore-3.11-64\Lib\logging\__init__.py", line 1113, in emit
    stream.write(msg + self.terminator)
2026-03-04 15:16:51,965 | 21060 | ERROR | File "C:\Users\maxwell\AppData\Local\Python\pythoncore-3.11-64\Lib\encodings\cp1252.py", line 19, in encode
    return codecs.charmap_encode(input,self.errors,encoding_table)[0]
           ^^^^^^^^^^^^^^^^^^^^^^^^^^^^^^^^^^^^^^^^^^^^^^^^^^^^^^^
2026-03-04 15:16:51,965 | 21060 | ERROR | UnicodeEncodeError: 'charmap' codec can't encode character '\u2248' in position 192: character maps to <undefined>
2026-03-04 15:16:51,966 | 21060 | ERROR | Call stack:
2026-03-04 15:16:51,970 | 21060 | ERROR | File "C:\Users\maxwell\UCB-USACE-RR-PROJECT\run_hyperparam_search.py", line 853, in <module>
    setup_logging()
2026-03-04 15:16:51,971 | 21060 | ERROR | --- Logging error ---
2026-03-04 15:16:51,983 | 21060 | ERROR | Traceback (most recent call last):
2026-03-04 15:16:51,983 | 21060 | ERROR | File "C:\Users\maxwell\AppData\Local\Python\pythoncore-3.11-64\Lib\logging\__init__.py", line 1113, in emit
    stream.write(msg + self.terminator)
2026-03-04 15:16:51,984 | 21060 | ERROR | File "C:\Users\maxwell\AppData\Local\Python\pythoncore-3.11-64\Lib\encodings\cp1252.py", line 19, in encode
    return codecs.charmap_encode(input,self.errors,encoding_table)[0]
           ^^^^^^^^^^^^^^^^^^^^^^^^^^^^^^^^^^^^^^^^^^^^^^^^^^^^^^^
2026-03-04 15:16:51,985 | 21060 | ERROR | UnicodeEncodeError: 'charmap' codec can't encode character '\u2248' in position 107: character maps to <undefined>
2026-03-04 15:16:51,985 | 21060 | ERROR | During handling of the above exception, another exception occurred:
2026-03-04 15:16:51,986 | 21060 | ERROR | Traceback (most recent call last):
2026-03-04 15:16:51,987 | 21060 | ERROR | File "C:\Users\maxwell\AppData\Local\Python\pythoncore-3.11-64\Lib\logging\__init__.py", line 1113, in emit
    stream.write(msg + self.terminator)
2026-03-04 15:16:51,988 | 21060 | ERROR | File "C:\Users\maxwell\AppData\Local\Python\pythoncore-3.11-64\Lib\encodings\cp1252.py", line 19, in encode
    return codecs.charmap_encode(input,self.errors,encoding_table)[0]
           ^^^^^^^^^^^^^^^^^^^^^^^^^^^^^^^^^^^^^^^^^^^^^^^^^^^^^^^
2026-03-04 15:16:51,988 | 21060 | ERROR | UnicodeEncodeError: 'charmap' codec can't encode character '\u2248' in position 192: character maps to <undefined>
2026-03-04 15:16:51,988 | 21060 | ERROR | During handling of the above exception, another exception occurred:
2026-03-04 15:16:51,988 | 21060 | ERROR | Traceback (most recent call last):
2026-03-04 15:16:51,988 | 21060 | ERROR | File "C:\Users\maxwell\AppData\Local\Python\pythoncore-3.11-64\Lib\logging\__init__.py", line 1113, in emit
    stream.write(msg + self.terminator)
2026-03-04 15:16:51,991 | 21060 | ERROR | File "C:\Users\maxwell\AppData\Local\Python\pythoncore-3.11-64\Lib\encodings\cp1252.py", line 19, in encode
    return codecs.charmap_encode(input,self.errors,encoding_table)[0]
           ^^^^^^^^^^^^^^^^^^^^^^^^^^^^^^^^^^^^^^^^^^^^^^^^^^^^^^^
2026-03-04 15:16:51,991 | 21060 | ERROR | UnicodeEncodeError: 'charmap' codec can't encode character '\u2248' in position 192: character maps to <undefined>
2026-03-04 15:16:51,992 | 21060 | ERROR | During handling of the above exception, another exception occurred:
2026-03-04 15:16:51,993 | 21060 | ERROR | Traceback (most recent call last):
2026-03-04 15:16:51,993 | 21060 | ERROR | File "C:\Users\maxwell\AppData\Local\Python\pythoncore-3.11-64\Lib\logging\__init__.py", line 1113, in emit
    stream.write(msg + self.terminator)
2026-03-04 15:16:51,994 | 21060 | ERROR | File "C:\Users\maxwell\AppData\Local\Python\pythoncore-3.11-64\Lib\encodings\cp1252.py", line 19, in encode
    return codecs.charmap_encode(input,self.errors,encoding_table)[0]
           ^^^^^^^^^^^^^^^^^^^^^^^^^^^^^^^^^^^^^^^^^^^^^^^^^^^^^^^
2026-03-04 15:16:51,995 | 21060 | ERROR | UnicodeEncodeError: 'charmap' codec can't encode character '\u2248' in position 192: character maps to <undefined>
2026-03-04 15:16:51,995 | 21060 | ERROR | During handling of the above exception, another exception occurred:
2026-03-04 15:16:51,996 | 21060 | ERROR | Traceback (most recent call last):
2026-03-04 15:16:51,997 | 21060 | ERROR | File "C:\Users\maxwell\AppData\Local\Python\pythoncore-3.11-64\Lib\logging\__init__.py", line 1113, in emit
    stream.write(msg + self.terminator)
2026-03-04 15:16:51,997 | 21060 | ERROR | File "C:\Users\maxwell\AppData\Local\Python\pythoncore-3.11-64\Lib\encodings\cp1252.py", line 19, in encode
    return codecs.charmap_encode(input,self.errors,encoding_table)[0]
           ^^^^^^^^^^^^^^^^^^^^^^^^^^^^^^^^^^^^^^^^^^^^^^^^^^^^^^^
2026-03-04 15:16:51,997 | 21060 | ERROR | UnicodeEncodeError: 'charmap' codec can't encode character '\u2248' in position 192: character maps to <undefined>
2026-03-04 15:16:51,997 | 21060 | ERROR | During handling of the above exception, another exception occurred:
2026-03-04 15:16:51,997 | 21060 | ERROR | Traceback (most recent call last):
2026-03-04 15:16:51,997 | 21060 | ERROR | File "C:\Users\maxwell\AppData\Local\Python\pythoncore-3.11-64\Lib\logging\__init__.py", line 1113, in emit
    stream.write(msg + self.terminator)
2026-03-04 15:16:51,997 | 21060 | ERROR | File "C:\Users\maxwell\AppData\Local\Python\pythoncore-3.11-64\Lib\encodings\cp1252.py", line 19, in encode
    return codecs.charmap_encode(input,self.errors,encoding_table)[0]
           ^^^^^^^^^^^^^^^^^^^^^^^^^^^^^^^^^^^^^^^^^^^^^^^^^^^^^^^
2026-03-04 15:16:51,997 | 21060 | ERROR | UnicodeEncodeError: 'charmap' codec can't encode character '\u2248' in position 192: character maps to <undefined>
2026-03-04 15:16:51,997 | 21060 | ERROR | During handling of the above exception, another exception occurred:
2026-03-04 15:16:52,003 | 21060 | ERROR | Traceback (most recent call last):
2026-03-04 15:16:52,003 | 21060 | ERROR | File "C:\Users\maxwell\AppData\Local\Python\pythoncore-3.11-64\Lib\logging\__init__.py", line 1113, in emit
    stream.write(msg + self.terminator)
2026-03-04 15:16:52,004 | 21060 | ERROR | File "C:\Users\maxwell\AppData\Local\Python\pythoncore-3.11-64\Lib\encodings\cp1252.py", line 19, in encode
    return codecs.charmap_encode(input,self.errors,encoding_table)[0]
           ^^^^^^^^^^^^^^^^^^^^^^^^^^^^^^^^^^^^^^^^^^^^^^^^^^^^^^^
2026-03-04 15:16:52,004 | 21060 | ERROR | UnicodeEncodeError: 'charmap' codec can't encode character '\u2248' in position 192: character maps to <undefined>
2026-03-04 15:16:52,005 | 21060 | ERROR | During handling of the above exception, another exception occurred:
2026-03-04 15:16:52,005 | 21060 | ERROR | Traceback (most recent call last):
2026-03-04 15:16:52,007 | 21060 | ERROR | File "C:\Users\maxwell\AppData\Local\Python\pythoncore-3.11-64\Lib\logging\__init__.py", line 1113, in emit
    stream.write(msg + self.terminator)
2026-03-04 15:16:52,007 | 21060 | ERROR | File "C:\Users\maxwell\AppData\Local\Python\pythoncore-3.11-64\Lib\encodings\cp1252.py", line 19, in encode
    return codecs.charmap_encode(input,self.errors,encoding_table)[0]
           ^^^^^^^^^^^^^^^^^^^^^^^^^^^^^^^^^^^^^^^^^^^^^^^^^^^^^^^
2026-03-04 15:16:52,008 | 21060 | ERROR | UnicodeEncodeError: 'charmap' codec can't encode character '\u2248' in position 192: character maps to <undefined>
2026-03-04 15:16:52,008 | 21060 | ERROR | During handling of the above exception, another exception occurred:
2026-03-04 15:16:52,008 | 21060 | ERROR | Traceback (most recent call last):
2026-03-04 15:16:52,008 | 21060 | ERROR | File "C:\Users\maxwell\AppData\Local\Python\pythoncore-3.11-64\Lib\logging\__init__.py", line 1113, in emit
    stream.write(msg + self.terminator)
2026-03-04 15:16:52,008 | 21060 | ERROR | File "C:\Users\maxwell\AppData\Local\Python\pythoncore-3.11-64\Lib\encodings\cp1252.py", line 19, in encode
    return codecs.charmap_encode(input,self.errors,encoding_table)[0]
           ^^^^^^^^^^^^^^^^^^^^^^^^^^^^^^^^^^^^^^^^^^^^^^^^^^^^^^^
2026-03-04 15:16:52,011 | 21060 | ERROR | UnicodeEncodeError: 'charmap' codec can't encode character '\u2248' in position 192: character maps to <undefined>
2026-03-04 15:16:52,012 | 21060 | ERROR | During handling of the above exception, another exception occurred:
2026-03-04 15:16:52,012 | 21060 | ERROR | Traceback (most recent call last):
2026-03-04 15:16:52,012 | 21060 | ERROR | File "C:\Users\maxwell\AppData\Local\Python\pythoncore-3.11-64\Lib\logging\__init__.py", line 1113, in emit
    stream.write(msg + self.terminator)
2026-03-04 15:16:52,012 | 21060 | ERROR | File "C:\Users\maxwell\AppData\Local\Python\pythoncore-3.11-64\Lib\encodings\cp1252.py", line 19, in encode
    return codecs.charmap_encode(input,self.errors,encoding_table)[0]
           ^^^^^^^^^^^^^^^^^^^^^^^^^^^^^^^^^^^^^^^^^^^^^^^^^^^^^^^
2026-03-04 15:16:52,012 | 21060 | ERROR | UnicodeEncodeError: 'charmap' codec can't encode character '\u2248' in position 192: character maps to <undefined>
2026-03-04 15:16:52,012 | 21060 | ERROR | During handling of the above exception, another exception occurred:
2026-03-04 15:16:52,019 | 21060 | ERROR | Traceback (most recent call last):
2026-03-04 15:16:52,019 | 21060 | ERROR | File "C:\Users\maxwell\AppData\Local\Python\pythoncore-3.11-64\Lib\logging\__init__.py", line 1113, in emit
    stream.write(msg + self.terminator)
2026-03-04 15:16:52,019 | 21060 | ERROR | File "C:\Users\maxwell\AppData\Local\Python\pythoncore-3.11-64\Lib\encodings\cp1252.py", line 19, in encode
    return codecs.charmap_encode(input,self.errors,encoding_table)[0]
           ^^^^^^^^^^^^^^^^^^^^^^^^^^^^^^^^^^^^^^^^^^^^^^^^^^^^^^^
2026-03-04 15:16:52,019 | 21060 | ERROR | UnicodeEncodeError: 'charmap' codec can't encode character '\u2248' in position 192: character maps to <undefined>
2026-03-04 15:16:52,019 | 21060 | ERROR | During handling of the above exception, another exception occurred:
2026-03-04 15:16:52,019 | 21060 | ERROR | Traceback (most recent call last):
2026-03-04 15:16:52,019 | 21060 | ERROR | File "C:\Users\maxwell\AppData\Local\Python\pythoncore-3.11-64\Lib\logging\__init__.py", line 1113, in emit
    stream.write(msg + self.terminator)
2026-03-04 15:16:52,019 | 21060 | ERROR | File "C:\Users\maxwell\AppData\Local\Python\pythoncore-3.11-64\Lib\encodings\cp1252.py", line 19, in encode
    return codecs.charmap_encode(input,self.errors,encoding_table)[0]
           ^^^^^^^^^^^^^^^^^^^^^^^^^^^^^^^^^^^^^^^^^^^^^^^^^^^^^^^
2026-03-04 15:16:52,019 | 21060 | ERROR | UnicodeEncodeError: 'charmap' codec can't encode character '\u2248' in position 192: character maps to <undefined>
2026-03-04 15:16:52,027 | 21060 | ERROR | During handling of the above exception, another exception occurred:
2026-03-04 15:16:52,027 | 21060 | ERROR | Traceback (most recent call last):
2026-03-04 15:16:52,027 | 21060 | ERROR | File "C:\Users\maxwell\AppData\Local\Python\pythoncore-3.11-64\Lib\logging\__init__.py", line 1113, in emit
    stream.write(msg + self.terminator)
2026-03-04 15:16:52,027 | 21060 | ERROR | File "C:\Users\maxwell\AppData\Local\Python\pythoncore-3.11-64\Lib\encodings\cp1252.py", line 19, in encode
    return codecs.charmap_encode(input,self.errors,encoding_table)[0]
           ^^^^^^^^^^^^^^^^^^^^^^^^^^^^^^^^^^^^^^^^^^^^^^^^^^^^^^^
2026-03-04 15:16:52,027 | 21060 | ERROR | UnicodeEncodeError: 'charmap' codec can't encode character '\u2248' in position 192: character maps to <undefined>
2026-03-04 15:16:52,027 | 21060 | ERROR | During handling of the above exception, another exception occurred:
2026-03-04 15:16:52,027 | 21060 | ERROR | Traceback (most recent call last):
2026-03-04 15:16:52,027 | 21060 | ERROR | File "C:\Users\maxwell\AppData\Local\Python\pythoncore-3.11-64\Lib\logging\__init__.py", line 1113, in emit
    stream.write(msg + self.terminator)
2026-03-04 15:16:52,027 | 21060 | ERROR | File "C:\Users\maxwell\AppData\Local\Python\pythoncore-3.11-64\Lib\encodings\cp1252.py", line 19, in encode
    return codecs.charmap_encode(input,self.errors,encoding_table)[0]
           ^^^^^^^^^^^^^^^^^^^^^^^^^^^^^^^^^^^^^^^^^^^^^^^^^^^^^^^
2026-03-04 15:16:52,027 | 21060 | ERROR | UnicodeEncodeError: 'charmap' codec can't encode character '\u2248' in position 192: character maps to <undefined>
2026-03-04 15:16:52,027 | 21060 | ERROR | During handling of the above exception, another exception occurred:
2026-03-04 15:16:52,037 | 21060 | ERROR | Traceback (most recent call last):
2026-03-04 15:16:52,037 | 21060 | ERROR | File "C:\Users\maxwell\AppData\Local\Python\pythoncore-3.11-64\Lib\logging\__init__.py", line 1113, in emit
    stream.write(msg + self.terminator)
2026-03-04 15:16:52,037 | 21060 | ERROR | File "C:\Users\maxwell\AppData\Local\Python\pythoncore-3.11-64\Lib\encodings\cp1252.py", line 19, in encode
    return codecs.charmap_encode(input,self.errors,encoding_table)[0]
           ^^^^^^^^^^^^^^^^^^^^^^^^^^^^^^^^^^^^^^^^^^^^^^^^^^^^^^^
2026-03-04 15:16:52,037 | 21060 | ERROR | UnicodeEncodeError: 'charmap' codec can't encode character '\u2248' in position 192: character maps to <undefined>
2026-03-04 15:16:52,040 | 21060 | ERROR | During handling of the above exception, another exception occurred:
2026-03-04 15:16:52,040 | 21060 | ERROR | Traceback (most recent call last):
2026-03-04 15:16:52,042 | 21060 | ERROR | File "C:\Users\maxwell\AppData\Local\Python\pythoncore-3.11-64\Lib\logging\__init__.py", line 1113, in emit
    stream.write(msg + self.terminator)
2026-03-04 15:16:52,043 | 21060 | ERROR | File "C:\Users\maxwell\AppData\Local\Python\pythoncore-3.11-64\Lib\encodings\cp1252.py", line 19, in encode
    return codecs.charmap_encode(input,self.errors,encoding_table)[0]
           ^^^^^^^^^^^^^^^^^^^^^^^^^^^^^^^^^^^^^^^^^^^^^^^^^^^^^^^
2026-03-04 15:16:52,044 | 21060 | ERROR | UnicodeEncodeError: 'charmap' codec can't encode character '\u2248' in position 192: character maps to <undefined>
2026-03-04 15:16:52,044 | 21060 | ERROR | During handling of the above exception, another exception occurred:
2026-03-04 15:16:52,044 | 21060 | ERROR | Traceback (most recent call last):
2026-03-04 15:16:52,044 | 21060 | ERROR | File "C:\Users\maxwell\AppData\Local\Python\pythoncore-3.11-64\Lib\logging\__init__.py", line 1113, in emit
    stream.write(msg + self.terminator)
2026-03-04 15:16:52,044 | 21060 | ERROR | File "C:\Users\maxwell\AppData\Local\Python\pythoncore-3.11-64\Lib\encodings\cp1252.py", line 19, in encode
    return codecs.charmap_encode(input,self.errors,encoding_table)[0]
           ^^^^^^^^^^^^^^^^^^^^^^^^^^^^^^^^^^^^^^^^^^^^^^^^^^^^^^^
2026-03-04 15:16:52,044 | 21060 | ERROR | UnicodeEncodeError: 'charmap' codec can't encode character '\u2248' in position 192: character maps to <undefined>
2026-03-04 15:16:52,044 | 21060 | ERROR | During handling of the above exception, another exception occurred:
2026-03-04 15:16:52,044 | 21060 | ERROR | Traceback (most recent call last):
2026-03-04 15:16:52,044 | 21060 | ERROR | File "C:\Users\maxwell\AppData\Local\Python\pythoncore-3.11-64\Lib\logging\__init__.py", line 1113, in emit
    stream.write(msg + self.terminator)
2026-03-04 15:16:52,044 | 21060 | ERROR | File "C:\Users\maxwell\AppData\Local\Python\pythoncore-3.11-64\Lib\encodings\cp1252.py", line 19, in encode
    return codecs.charmap_encode(input,self.errors,encoding_table)[0]
           ^^^^^^^^^^^^^^^^^^^^^^^^^^^^^^^^^^^^^^^^^^^^^^^^^^^^^^^
2026-03-04 15:16:52,044 | 21060 | ERROR | UnicodeEncodeError: 'charmap' codec can't encode character '\u2248' in position 192: character maps to <undefined>
2026-03-04 15:16:52,044 | 21060 | ERROR | During handling of the above exception, another exception occurred:
2026-03-04 15:16:52,054 | 21060 | ERROR | Traceback (most recent call last):
2026-03-04 15:16:52,054 | 21060 | ERROR | File "C:\Users\maxwell\AppData\Local\Python\pythoncore-3.11-64\Lib\logging\__init__.py", line 1113, in emit
    stream.write(msg + self.terminator)
2026-03-04 15:16:52,056 | 21060 | ERROR | File "C:\Users\maxwell\AppData\Local\Python\pythoncore-3.11-64\Lib\encodings\cp1252.py", line 19, in encode
    return codecs.charmap_encode(input,self.errors,encoding_table)[0]
           ^^^^^^^^^^^^^^^^^^^^^^^^^^^^^^^^^^^^^^^^^^^^^^^^^^^^^^^
2026-03-04 15:16:52,056 | 21060 | ERROR | UnicodeEncodeError: 'charmap' codec can't encode character '\u2248' in position 192: character maps to <undefined>
2026-03-04 15:16:52,056 | 21060 | ERROR | During handling of the above exception, another exception occurred:
2026-03-04 15:16:52,056 | 21060 | ERROR | Traceback (most recent call last):
2026-03-04 15:16:52,059 | 21060 | ERROR | File "C:\Users\maxwell\AppData\Local\Python\pythoncore-3.11-64\Lib\logging\__init__.py", line 1113, in emit
    stream.write(msg + self.terminator)
2026-03-04 15:16:52,059 | 21060 | ERROR | File "C:\Users\maxwell\AppData\Local\Python\pythoncore-3.11-64\Lib\encodings\cp1252.py", line 19, in encode
    return codecs.charmap_encode(input,self.errors,encoding_table)[0]
           ^^^^^^^^^^^^^^^^^^^^^^^^^^^^^^^^^^^^^^^^^^^^^^^^^^^^^^^
2026-03-04 15:16:52,059 | 21060 | ERROR | UnicodeEncodeError: 'charmap' codec can't encode character '\u2248' in position 192: character maps to <undefined>
2026-03-04 15:16:52,059 | 21060 | ERROR | During handling of the above exception, another exception occurred:
2026-03-04 15:16:52,059 | 21060 | ERROR | Traceback (most recent call last):
2026-03-04 15:16:52,059 | 21060 | ERROR | File "C:\Users\maxwell\AppData\Local\Python\pythoncore-3.11-64\Lib\logging\__init__.py", line 1113, in emit
    stream.write(msg + self.terminator)
2026-03-04 15:16:52,059 | 21060 | ERROR | File "C:\Users\maxwell\AppData\Local\Python\pythoncore-3.11-64\Lib\encodings\cp1252.py", line 19, in encode
    return codecs.charmap_encode(input,self.errors,encoding_table)[0]
           ^^^^^^^^^^^^^^^^^^^^^^^^^^^^^^^^^^^^^^^^^^^^^^^^^^^^^^^
2026-03-04 15:16:52,059 | 21060 | ERROR | UnicodeEncodeError: 'charmap' codec can't encode character '\u2248' in position 192: character maps to <undefined>
2026-03-04 15:16:52,059 | 21060 | ERROR | During handling of the above exception, another exception occurred:
2026-03-04 15:16:52,059 | 21060 | ERROR | Traceback (most recent call last):
2026-03-04 15:16:52,059 | 21060 | ERROR | File "C:\Users\maxwell\AppData\Local\Python\pythoncore-3.11-64\Lib\logging\__init__.py", line 1113, in emit
    stream.write(msg + self.terminator)
2026-03-04 15:16:52,059 | 21060 | ERROR | File "C:\Users\maxwell\AppData\Local\Python\pythoncore-3.11-64\Lib\encodings\cp1252.py", line 19, in encode
    return codecs.charmap_encode(input,self.errors,encoding_table)[0]
           ^^^^^^^^^^^^^^^^^^^^^^^^^^^^^^^^^^^^^^^^^^^^^^^^^^^^^^^
2026-03-04 15:16:52,059 | 21060 | ERROR | UnicodeEncodeError: 'charmap' codec can't encode character '\u2248' in position 192: character maps to <undefined>
2026-03-04 15:16:52,059 | 21060 | ERROR | During handling of the above exception, another exception occurred:
2026-03-04 15:16:52,059 | 21060 | ERROR | Traceback (most recent call last):
2026-03-04 15:16:52,059 | 21060 | ERROR | File "C:\Users\maxwell\AppData\Local\Python\pythoncore-3.11-64\Lib\logging\__init__.py", line 1113, in emit
    stream.write(msg + self.terminator)
2026-03-04 15:16:52,059 | 21060 | ERROR | File "C:\Users\maxwell\AppData\Local\Python\pythoncore-3.11-64\Lib\encodings\cp1252.py", line 19, in encode
    return codecs.charmap_encode(input,self.errors,encoding_table)[0]
           ^^^^^^^^^^^^^^^^^^^^^^^^^^^^^^^^^^^^^^^^^^^^^^^^^^^^^^^
2026-03-04 15:16:52,059 | 21060 | ERROR | UnicodeEncodeError: 'charmap' codec can't encode character '\u2248' in position 192: character maps to <undefined>
2026-03-04 15:16:52,059 | 21060 | ERROR | During handling of the above exception, another exception occurred:
2026-03-04 15:16:52,059 | 21060 | ERROR | Traceback (most recent call last):
2026-03-04 15:16:52,059 | 21060 | ERROR | File "C:\Users\maxwell\AppData\Local\Python\pythoncore-3.11-64\Lib\logging\__init__.py", line 1113, in emit
    stream.write(msg + self.terminator)
2026-03-04 15:16:52,074 | 21060 | ERROR | File "C:\Users\maxwell\AppData\Local\Python\pythoncore-3.11-64\Lib\encodings\cp1252.py", line 19, in encode
    return codecs.charmap_encode(input,self.errors,encoding_table)[0]
           ^^^^^^^^^^^^^^^^^^^^^^^^^^^^^^^^^^^^^^^^^^^^^^^^^^^^^^^
2026-03-04 15:16:52,075 | 21060 | ERROR | UnicodeEncodeError: 'charmap' codec can't encode character '\u2248' in position 192: character maps to <undefined>
2026-03-04 15:16:52,075 | 21060 | ERROR | During handling of the above exception, another exception occurred:
2026-03-04 15:16:52,078 | 21060 | ERROR | Traceback (most recent call last):
2026-03-04 15:16:52,078 | 21060 | ERROR | File "C:\Users\maxwell\AppData\Local\Python\pythoncore-3.11-64\Lib\logging\__init__.py", line 1113, in emit
    stream.write(msg + self.terminator)
2026-03-04 15:16:52,078 | 21060 | ERROR | File "C:\Users\maxwell\AppData\Local\Python\pythoncore-3.11-64\Lib\encodings\cp1252.py", line 19, in encode
    return codecs.charmap_encode(input,self.errors,encoding_table)[0]
           ^^^^^^^^^^^^^^^^^^^^^^^^^^^^^^^^^^^^^^^^^^^^^^^^^^^^^^^
2026-03-04 15:16:52,078 | 21060 | ERROR | UnicodeEncodeError: 'charmap' codec can't encode character '\u2248' in position 192: character maps to <undefined>
2026-03-04 15:16:52,081 | 21060 | ERROR | During handling of the above exception, another exception occurred:
2026-03-04 15:16:52,081 | 21060 | ERROR | Traceback (most recent call last):
2026-03-04 15:16:52,081 | 21060 | ERROR | File "C:\Users\maxwell\AppData\Local\Python\pythoncore-3.11-64\Lib\logging\__init__.py", line 1113, in emit
    stream.write(msg + self.terminator)
2026-03-04 15:16:52,081 | 21060 | ERROR | File "C:\Users\maxwell\AppData\Local\Python\pythoncore-3.11-64\Lib\encodings\cp1252.py", line 19, in encode
    return codecs.charmap_encode(input,self.errors,encoding_table)[0]
           ^^^^^^^^^^^^^^^^^^^^^^^^^^^^^^^^^^^^^^^^^^^^^^^^^^^^^^^
2026-03-04 15:16:52,081 | 21060 | ERROR | UnicodeEncodeError: 'charmap' codec can't encode character '\u2248' in position 192: character maps to <undefined>
2026-03-04 15:16:52,081 | 21060 | ERROR | During handling of the above exception, another exception occurred:
2026-03-04 15:16:52,081 | 21060 | ERROR | Traceback (most recent call last):
2026-03-04 15:16:52,081 | 21060 | ERROR | File "C:\Users\maxwell\AppData\Local\Python\pythoncore-3.11-64\Lib\logging\__init__.py", line 1113, in emit
    stream.write(msg + self.terminator)
2026-03-04 15:16:52,081 | 21060 | ERROR | File "C:\Users\maxwell\AppData\Local\Python\pythoncore-3.11-64\Lib\encodings\cp1252.py", line 19, in encode
    return codecs.charmap_encode(input,self.errors,encoding_table)[0]
           ^^^^^^^^^^^^^^^^^^^^^^^^^^^^^^^^^^^^^^^^^^^^^^^^^^^^^^^
2026-03-04 15:16:52,088 | 21060 | ERROR | UnicodeEncodeError: 'charmap' codec can't encode character '\u2248' in position 192: character maps to <undefined>
2026-03-04 15:16:52,089 | 21060 | ERROR | During handling of the above exception, another exception occurred:
2026-03-04 15:16:52,090 | 21060 | ERROR | Traceback (most recent call last):
2026-03-04 15:16:52,090 | 21060 | ERROR | File "C:\Users\maxwell\AppData\Local\Python\pythoncore-3.11-64\Lib\logging\__init__.py", line 1113, in emit
    stream.write(msg + self.terminator)
2026-03-04 15:16:52,091 | 21060 | ERROR | File "C:\Users\maxwell\AppData\Local\Python\pythoncore-3.11-64\Lib\encodings\cp1252.py", line 19, in encode
    return codecs.charmap_encode(input,self.errors,encoding_table)[0]
           ^^^^^^^^^^^^^^^^^^^^^^^^^^^^^^^^^^^^^^^^^^^^^^^^^^^^^^^
2026-03-04 15:16:52,091 | 21060 | ERROR | UnicodeEncodeError: 'charmap' codec can't encode character '\u2248' in position 192: character maps to <undefined>
2026-03-04 15:16:52,092 | 21060 | ERROR | During handling of the above exception, another exception occurred:
2026-03-04 15:16:52,092 | 21060 | ERROR | Traceback (most recent call last):
2026-03-04 15:16:52,093 | 21060 | ERROR | File "C:\Users\maxwell\AppData\Local\Python\pythoncore-3.11-64\Lib\logging\__init__.py", line 1113, in emit
    stream.write(msg + self.terminator)
2026-03-04 15:16:52,094 | 21060 | ERROR | File "C:\Users\maxwell\AppData\Local\Python\pythoncore-3.11-64\Lib\encodings\cp1252.py", line 19, in encode
    return codecs.charmap_encode(input,self.errors,encoding_table)[0]
           ^^^^^^^^^^^^^^^^^^^^^^^^^^^^^^^^^^^^^^^^^^^^^^^^^^^^^^^
2026-03-04 15:16:52,094 | 21060 | ERROR | UnicodeEncodeError: 'charmap' codec can't encode character '\u2248' in position 192: character maps to <undefined>
2026-03-04 15:16:52,095 | 21060 | ERROR | During handling of the above exception, another exception occurred:
2026-03-04 15:16:52,095 | 21060 | ERROR | Traceback (most recent call last):
2026-03-04 15:16:52,095 | 21060 | ERROR | File "C:\Users\maxwell\AppData\Local\Python\pythoncore-3.11-64\Lib\logging\__init__.py", line 1113, in emit
    stream.write(msg + self.terminator)
2026-03-04 15:16:52,095 | 21060 | ERROR | File "C:\Users\maxwell\AppData\Local\Python\pythoncore-3.11-64\Lib\encodings\cp1252.py", line 19, in encode
    return codecs.charmap_encode(input,self.errors,encoding_table)[0]
           ^^^^^^^^^^^^^^^^^^^^^^^^^^^^^^^^^^^^^^^^^^^^^^^^^^^^^^^
2026-03-04 15:16:52,095 | 21060 | ERROR | UnicodeEncodeError: 'charmap' codec can't encode character '\u2248' in position 192: character maps to <undefined>
2026-03-04 15:16:52,095 | 21060 | ERROR | During handling of the above exception, another exception occurred:
2026-03-04 15:16:52,095 | 21060 | ERROR | Traceback (most recent call last):
2026-03-04 15:16:52,095 | 21060 | ERROR | File "C:\Users\maxwell\AppData\Local\Python\pythoncore-3.11-64\Lib\logging\__init__.py", line 1113, in emit
    stream.write(msg + self.terminator)
2026-03-04 15:16:52,101 | 21060 | ERROR | File "C:\Users\maxwell\AppData\Local\Python\pythoncore-3.11-64\Lib\encodings\cp1252.py", line 19, in encode
    return codecs.charmap_encode(input,self.errors,encoding_table)[0]
           ^^^^^^^^^^^^^^^^^^^^^^^^^^^^^^^^^^^^^^^^^^^^^^^^^^^^^^^
2026-03-04 15:16:52,101 | 21060 | ERROR | UnicodeEncodeError: 'charmap' codec can't encode character '\u2248' in position 192: character maps to <undefined>
2026-03-04 15:16:52,102 | 21060 | ERROR | During handling of the above exception, another exception occurred:
2026-03-04 15:16:52,102 | 21060 | ERROR | Traceback (most recent call last):
2026-03-04 15:16:52,103 | 21060 | ERROR | File "C:\Users\maxwell\AppData\Local\Python\pythoncore-3.11-64\Lib\logging\__init__.py", line 1113, in emit
    stream.write(msg + self.terminator)
2026-03-04 15:16:52,103 | 21060 | ERROR | File "C:\Users\maxwell\AppData\Local\Python\pythoncore-3.11-64\Lib\encodings\cp1252.py", line 19, in encode
    return codecs.charmap_encode(input,self.errors,encoding_table)[0]
           ^^^^^^^^^^^^^^^^^^^^^^^^^^^^^^^^^^^^^^^^^^^^^^^^^^^^^^^
2026-03-04 15:16:52,104 | 21060 | ERROR | UnicodeEncodeError: 'charmap' codec can't encode character '\u2248' in position 192: character maps to <undefined>
2026-03-04 15:16:52,105 | 21060 | ERROR | During handling of the above exception, another exception occurred:
2026-03-04 15:16:52,106 | 21060 | ERROR | Traceback (most recent call last):
2026-03-04 15:16:52,106 | 21060 | ERROR | File "C:\Users\maxwell\AppData\Local\Python\pythoncore-3.11-64\Lib\logging\__init__.py", line 1113, in emit
    stream.write(msg + self.terminator)
2026-03-04 15:16:52,106 | 21060 | ERROR | File "C:\Users\maxwell\AppData\Local\Python\pythoncore-3.11-64\Lib\encodings\cp1252.py", line 19, in encode
    return codecs.charmap_encode(input,self.errors,encoding_table)[0]
           ^^^^^^^^^^^^^^^^^^^^^^^^^^^^^^^^^^^^^^^^^^^^^^^^^^^^^^^
2026-03-04 15:16:52,106 | 21060 | ERROR | UnicodeEncodeError: 'charmap' codec can't encode character '\u2248' in position 192: character maps to <undefined>
2026-03-04 15:16:52,106 | 21060 | ERROR | During handling of the above exception, another exception occurred:
2026-03-04 15:16:52,106 | 21060 | ERROR | Traceback (most recent call last):
2026-03-04 15:16:52,111 | 21060 | ERROR | File "C:\Users\maxwell\AppData\Local\Python\pythoncore-3.11-64\Lib\logging\__init__.py", line 1113, in emit
    stream.write(msg + self.terminator)
2026-03-04 15:16:52,112 | 21060 | ERROR | File "C:\Users\maxwell\AppData\Local\Python\pythoncore-3.11-64\Lib\encodings\cp1252.py", line 19, in encode
    return codecs.charmap_encode(input,self.errors,encoding_table)[0]
           ^^^^^^^^^^^^^^^^^^^^^^^^^^^^^^^^^^^^^^^^^^^^^^^^^^^^^^^
2026-03-04 15:16:52,112 | 21060 | ERROR | UnicodeEncodeError: 'charmap' codec can't encode character '\u2248' in position 192: character maps to <undefined>
2026-03-04 15:16:52,113 | 21060 | ERROR | During handling of the above exception, another exception occurred:
2026-03-04 15:16:52,113 | 21060 | ERROR | Traceback (most recent call last):
2026-03-04 15:16:52,114 | 21060 | ERROR | File "C:\Users\maxwell\AppData\Local\Python\pythoncore-3.11-64\Lib\logging\__init__.py", line 1113, in emit
    stream.write(msg + self.terminator)
2026-03-04 15:16:52,115 | 21060 | ERROR | File "C:\Users\maxwell\AppData\Local\Python\pythoncore-3.11-64\Lib\encodings\cp1252.py", line 19, in encode
    return codecs.charmap_encode(input,self.errors,encoding_table)[0]
           ^^^^^^^^^^^^^^^^^^^^^^^^^^^^^^^^^^^^^^^^^^^^^^^^^^^^^^^
2026-03-04 15:16:52,115 | 21060 | ERROR | UnicodeEncodeError: 'charmap' codec can't encode character '\u2248' in position 192: character maps to <undefined>
2026-03-04 15:16:52,116 | 21060 | ERROR | During handling of the above exception, another exception occurred:
2026-03-04 15:16:52,117 | 21060 | ERROR | Traceback (most recent call last):
2026-03-04 15:16:52,117 | 21060 | ERROR | File "C:\Users\maxwell\AppData\Local\Python\pythoncore-3.11-64\Lib\logging\__init__.py", line 1113, in emit
    stream.write(msg + self.terminator)
2026-03-04 15:16:52,118 | 21060 | ERROR | File "C:\Users\maxwell\AppData\Local\Python\pythoncore-3.11-64\Lib\encodings\cp1252.py", line 19, in encode
    return codecs.charmap_encode(input,self.errors,encoding_table)[0]
           ^^^^^^^^^^^^^^^^^^^^^^^^^^^^^^^^^^^^^^^^^^^^^^^^^^^^^^^
2026-03-04 15:16:52,118 | 21060 | ERROR | UnicodeEncodeError: 'charmap' codec can't encode character '\u2248' in position 192: character maps to <undefined>
2026-03-04 15:16:52,119 | 21060 | ERROR | Call stack:
2026-03-04 15:16:52,123 | 21060 | ERROR | File "C:\Users\maxwell\UCB-USACE-RR-PROJECT\run_hyperparam_search.py", line 853, in <module>
    setup_logging()
2026-03-04 15:16:52,123 | 21060 | ERROR | --- Logging error ---
2026-03-04 15:16:52,137 | 21060 | ERROR | Traceback (most recent call last):
2026-03-04 15:16:52,137 | 21060 | ERROR | File "C:\Users\maxwell\AppData\Local\Python\pythoncore-3.11-64\Lib\logging\__init__.py", line 1113, in emit
    stream.write(msg + self.terminator)
2026-03-04 15:16:52,137 | 21060 | ERROR | File "C:\Users\maxwell\AppData\Local\Python\pythoncore-3.11-64\Lib\encodings\cp1252.py", line 19, in encode
    return codecs.charmap_encode(input,self.errors,encoding_table)[0]
           ^^^^^^^^^^^^^^^^^^^^^^^^^^^^^^^^^^^^^^^^^^^^^^^^^^^^^^^
2026-03-04 15:16:52,137 | 21060 | ERROR | UnicodeEncodeError: 'charmap' codec can't encode character '\u2248' in position 107: character maps to <undefined>
2026-03-04 15:16:52,137 | 21060 | ERROR | During handling of the above exception, another exception occurred:
2026-03-04 15:16:52,137 | 21060 | ERROR | Traceback (most recent call last):
2026-03-04 15:16:52,141 | 21060 | ERROR | File "C:\Users\maxwell\AppData\Local\Python\pythoncore-3.11-64\Lib\logging\__init__.py", line 1113, in emit
    stream.write(msg + self.terminator)
2026-03-04 15:16:52,142 | 21060 | ERROR | File "C:\Users\maxwell\AppData\Local\Python\pythoncore-3.11-64\Lib\encodings\cp1252.py", line 19, in encode
    return codecs.charmap_encode(input,self.errors,encoding_table)[0]
           ^^^^^^^^^^^^^^^^^^^^^^^^^^^^^^^^^^^^^^^^^^^^^^^^^^^^^^^
2026-03-04 15:16:52,143 | 21060 | ERROR | UnicodeEncodeError: 'charmap' codec can't encode character '\u2248' in position 192: character maps to <undefined>
2026-03-04 15:16:52,144 | 21060 | ERROR | During handling of the above exception, another exception occurred:
2026-03-04 15:16:52,144 | 21060 | ERROR | Traceback (most recent call last):
2026-03-04 15:16:52,145 | 21060 | ERROR | File "C:\Users\maxwell\AppData\Local\Python\pythoncore-3.11-64\Lib\logging\__init__.py", line 1113, in emit
    stream.write(msg + self.terminator)
2026-03-04 15:16:52,145 | 21060 | ERROR | File "C:\Users\maxwell\AppData\Local\Python\pythoncore-3.11-64\Lib\encodings\cp1252.py", line 19, in encode
    return codecs.charmap_encode(input,self.errors,encoding_table)[0]
           ^^^^^^^^^^^^^^^^^^^^^^^^^^^^^^^^^^^^^^^^^^^^^^^^^^^^^^^
2026-03-04 15:16:52,146 | 21060 | ERROR | UnicodeEncodeError: 'charmap' codec can't encode character '\u2248' in position 192: character maps to <undefined>
2026-03-04 15:16:52,146 | 21060 | ERROR | During handling of the above exception, another exception occurred:
2026-03-04 15:16:52,147 | 21060 | ERROR | Traceback (most recent call last):
2026-03-04 15:16:52,148 | 21060 | ERROR | File "C:\Users\maxwell\AppData\Local\Python\pythoncore-3.11-64\Lib\logging\__init__.py", line 1113, in emit
    stream.write(msg + self.terminator)
2026-03-04 15:16:52,148 | 21060 | ERROR | File "C:\Users\maxwell\AppData\Local\Python\pythoncore-3.11-64\Lib\encodings\cp1252.py", line 19, in encode
    return codecs.charmap_encode(input,self.errors,encoding_table)[0]
           ^^^^^^^^^^^^^^^^^^^^^^^^^^^^^^^^^^^^^^^^^^^^^^^^^^^^^^^
2026-03-04 15:16:52,149 | 21060 | ERROR | UnicodeEncodeError: 'charmap' codec can't encode character '\u2248' in position 192: character maps to <undefined>
2026-03-04 15:16:52,149 | 21060 | ERROR | During handling of the above exception, another exception occurred:
2026-03-04 15:16:52,151 | 21060 | ERROR | Traceback (most recent call last):
2026-03-04 15:16:52,151 | 21060 | ERROR | File "C:\Users\maxwell\AppData\Local\Python\pythoncore-3.11-64\Lib\logging\__init__.py", line 1113, in emit
    stream.write(msg + self.terminator)
2026-03-04 15:16:52,152 | 21060 | ERROR | File "C:\Users\maxwell\AppData\Local\Python\pythoncore-3.11-64\Lib\encodings\cp1252.py", line 19, in encode
    return codecs.charmap_encode(input,self.errors,encoding_table)[0]
           ^^^^^^^^^^^^^^^^^^^^^^^^^^^^^^^^^^^^^^^^^^^^^^^^^^^^^^^
2026-03-04 15:16:52,153 | 21060 | ERROR | UnicodeEncodeError: 'charmap' codec can't encode character '\u2248' in position 192: character maps to <undefined>
2026-03-04 15:16:52,153 | 21060 | ERROR | During handling of the above exception, another exception occurred:
2026-03-04 15:16:52,153 | 21060 | ERROR | Traceback (most recent call last):
2026-03-04 15:16:52,153 | 21060 | ERROR | File "C:\Users\maxwell\AppData\Local\Python\pythoncore-3.11-64\Lib\logging\__init__.py", line 1113, in emit
    stream.write(msg + self.terminator)
2026-03-04 15:16:52,153 | 21060 | ERROR | File "C:\Users\maxwell\AppData\Local\Python\pythoncore-3.11-64\Lib\encodings\cp1252.py", line 19, in encode
    return codecs.charmap_encode(input,self.errors,encoding_table)[0]
           ^^^^^^^^^^^^^^^^^^^^^^^^^^^^^^^^^^^^^^^^^^^^^^^^^^^^^^^
2026-03-04 15:16:52,153 | 21060 | ERROR | UnicodeEncodeError: 'charmap' codec can't encode character '\u2248' in position 192: character maps to <undefined>
2026-03-04 15:16:52,153 | 21060 | ERROR | During handling of the above exception, another exception occurred:
2026-03-04 15:16:52,153 | 21060 | ERROR | Traceback (most recent call last):
2026-03-04 15:16:52,153 | 21060 | ERROR | File "C:\Users\maxwell\AppData\Local\Python\pythoncore-3.11-64\Lib\logging\__init__.py", line 1113, in emit
    stream.write(msg + self.terminator)
2026-03-04 15:16:52,158 | 21060 | ERROR | File "C:\Users\maxwell\AppData\Local\Python\pythoncore-3.11-64\Lib\encodings\cp1252.py", line 19, in encode
    return codecs.charmap_encode(input,self.errors,encoding_table)[0]
           ^^^^^^^^^^^^^^^^^^^^^^^^^^^^^^^^^^^^^^^^^^^^^^^^^^^^^^^
2026-03-04 15:16:52,159 | 21060 | ERROR | UnicodeEncodeError: 'charmap' codec can't encode character '\u2248' in position 192: character maps to <undefined>
2026-03-04 15:16:52,159 | 21060 | ERROR | During handling of the above exception, another exception occurred:
2026-03-04 15:16:52,160 | 21060 | ERROR | Traceback (most recent call last):
2026-03-04 15:16:52,160 | 21060 | ERROR | File "C:\Users\maxwell\AppData\Local\Python\pythoncore-3.11-64\Lib\logging\__init__.py", line 1113, in emit
    stream.write(msg + self.terminator)
2026-03-04 15:16:52,161 | 21060 | ERROR | File "C:\Users\maxwell\AppData\Local\Python\pythoncore-3.11-64\Lib\encodings\cp1252.py", line 19, in encode
    return codecs.charmap_encode(input,self.errors,encoding_table)[0]
           ^^^^^^^^^^^^^^^^^^^^^^^^^^^^^^^^^^^^^^^^^^^^^^^^^^^^^^^
2026-03-04 15:16:52,161 | 21060 | ERROR | UnicodeEncodeError: 'charmap' codec can't encode character '\u2248' in position 192: character maps to <undefined>
2026-03-04 15:16:52,163 | 21060 | ERROR | During handling of the above exception, another exception occurred:
2026-03-04 15:16:52,163 | 21060 | ERROR | Traceback (most recent call last):
2026-03-04 15:16:52,163 | 21060 | ERROR | File "C:\Users\maxwell\AppData\Local\Python\pythoncore-3.11-64\Lib\logging\__init__.py", line 1113, in emit
    stream.write(msg + self.terminator)
2026-03-04 15:16:52,163 | 21060 | ERROR | File "C:\Users\maxwell\AppData\Local\Python\pythoncore-3.11-64\Lib\encodings\cp1252.py", line 19, in encode
    return codecs.charmap_encode(input,self.errors,encoding_table)[0]
           ^^^^^^^^^^^^^^^^^^^^^^^^^^^^^^^^^^^^^^^^^^^^^^^^^^^^^^^
2026-03-04 15:16:52,163 | 21060 | ERROR | UnicodeEncodeError: 'charmap' codec can't encode character '\u2248' in position 192: character maps to <undefined>
2026-03-04 15:16:52,163 | 21060 | ERROR | During handling of the above exception, another exception occurred:
2026-03-04 15:16:52,163 | 21060 | ERROR | Traceback (most recent call last):
2026-03-04 15:16:52,163 | 21060 | ERROR | File "C:\Users\maxwell\AppData\Local\Python\pythoncore-3.11-64\Lib\logging\__init__.py", line 1113, in emit
    stream.write(msg + self.terminator)
2026-03-04 15:16:52,168 | 21060 | ERROR | File "C:\Users\maxwell\AppData\Local\Python\pythoncore-3.11-64\Lib\encodings\cp1252.py", line 19, in encode
    return codecs.charmap_encode(input,self.errors,encoding_table)[0]
           ^^^^^^^^^^^^^^^^^^^^^^^^^^^^^^^^^^^^^^^^^^^^^^^^^^^^^^^
2026-03-04 15:16:52,169 | 21060 | ERROR | UnicodeEncodeError: 'charmap' codec can't encode character '\u2248' in position 192: character maps to <undefined>
2026-03-04 15:16:52,169 | 21060 | ERROR | During handling of the above exception, another exception occurred:
2026-03-04 15:16:52,169 | 21060 | ERROR | Traceback (most recent call last):
2026-03-04 15:16:52,169 | 21060 | ERROR | File "C:\Users\maxwell\AppData\Local\Python\pythoncore-3.11-64\Lib\logging\__init__.py", line 1113, in emit
    stream.write(msg + self.terminator)
2026-03-04 15:16:52,169 | 21060 | ERROR | File "C:\Users\maxwell\AppData\Local\Python\pythoncore-3.11-64\Lib\encodings\cp1252.py", line 19, in encode
    return codecs.charmap_encode(input,self.errors,encoding_table)[0]
           ^^^^^^^^^^^^^^^^^^^^^^^^^^^^^^^^^^^^^^^^^^^^^^^^^^^^^^^
2026-03-04 15:16:52,169 | 21060 | ERROR | UnicodeEncodeError: 'charmap' codec can't encode character '\u2248' in position 192: character maps to <undefined>
2026-03-04 15:16:52,172 | 21060 | ERROR | During handling of the above exception, another exception occurred:
2026-03-04 15:16:52,173 | 21060 | ERROR | Traceback (most recent call last):
2026-03-04 15:16:52,173 | 21060 | ERROR | File "C:\Users\maxwell\AppData\Local\Python\pythoncore-3.11-64\Lib\logging\__init__.py", line 1113, in emit
    stream.write(msg + self.terminator)
2026-03-04 15:16:52,173 | 21060 | ERROR | File "C:\Users\maxwell\AppData\Local\Python\pythoncore-3.11-64\Lib\encodings\cp1252.py", line 19, in encode
    return codecs.charmap_encode(input,self.errors,encoding_table)[0]
           ^^^^^^^^^^^^^^^^^^^^^^^^^^^^^^^^^^^^^^^^^^^^^^^^^^^^^^^
2026-03-04 15:16:52,175 | 21060 | ERROR | UnicodeEncodeError: 'charmap' codec can't encode character '\u2248' in position 192: character maps to <undefined>
2026-03-04 15:16:52,175 | 21060 | ERROR | During handling of the above exception, another exception occurred:
2026-03-04 15:16:52,177 | 21060 | ERROR | Traceback (most recent call last):
2026-03-04 15:16:52,178 | 21060 | ERROR | File "C:\Users\maxwell\AppData\Local\Python\pythoncore-3.11-64\Lib\logging\__init__.py", line 1113, in emit
    stream.write(msg + self.terminator)
2026-03-04 15:16:52,178 | 21060 | ERROR | File "C:\Users\maxwell\AppData\Local\Python\pythoncore-3.11-64\Lib\encodings\cp1252.py", line 19, in encode
    return codecs.charmap_encode(input,self.errors,encoding_table)[0]
           ^^^^^^^^^^^^^^^^^^^^^^^^^^^^^^^^^^^^^^^^^^^^^^^^^^^^^^^
2026-03-04 15:16:52,179 | 21060 | ERROR | UnicodeEncodeError: 'charmap' codec can't encode character '\u2248' in position 192: character maps to <undefined>
2026-03-04 15:16:52,180 | 21060 | ERROR | During handling of the above exception, another exception occurred:
2026-03-04 15:16:52,180 | 21060 | ERROR | Traceback (most recent call last):
2026-03-04 15:16:52,180 | 21060 | ERROR | File "C:\Users\maxwell\AppData\Local\Python\pythoncore-3.11-64\Lib\logging\__init__.py", line 1113, in emit
    stream.write(msg + self.terminator)
2026-03-04 15:16:52,180 | 21060 | ERROR | File "C:\Users\maxwell\AppData\Local\Python\pythoncore-3.11-64\Lib\encodings\cp1252.py", line 19, in encode
    return codecs.charmap_encode(input,self.errors,encoding_table)[0]
           ^^^^^^^^^^^^^^^^^^^^^^^^^^^^^^^^^^^^^^^^^^^^^^^^^^^^^^^
2026-03-04 15:16:52,180 | 21060 | ERROR | UnicodeEncodeError: 'charmap' codec can't encode character '\u2248' in position 192: character maps to <undefined>
2026-03-04 15:16:52,180 | 21060 | ERROR | During handling of the above exception, another exception occurred:
2026-03-04 15:16:52,180 | 21060 | ERROR | Traceback (most recent call last):
2026-03-04 15:16:52,180 | 21060 | ERROR | File "C:\Users\maxwell\AppData\Local\Python\pythoncore-3.11-64\Lib\logging\__init__.py", line 1113, in emit
    stream.write(msg + self.terminator)
2026-03-04 15:16:52,180 | 21060 | ERROR | File "C:\Users\maxwell\AppData\Local\Python\pythoncore-3.11-64\Lib\encodings\cp1252.py", line 19, in encode
    return codecs.charmap_encode(input,self.errors,encoding_table)[0]
           ^^^^^^^^^^^^^^^^^^^^^^^^^^^^^^^^^^^^^^^^^^^^^^^^^^^^^^^
2026-03-04 15:16:52,185 | 21060 | ERROR | UnicodeEncodeError: 'charmap' codec can't encode character '\u2248' in position 192: character maps to <undefined>
2026-03-04 15:16:52,186 | 21060 | ERROR | During handling of the above exception, another exception occurred:
2026-03-04 15:16:52,187 | 21060 | ERROR | Traceback (most recent call last):
2026-03-04 15:16:52,187 | 21060 | ERROR | File "C:\Users\maxwell\AppData\Local\Python\pythoncore-3.11-64\Lib\logging\__init__.py", line 1113, in emit
    stream.write(msg + self.terminator)
2026-03-04 15:16:52,188 | 21060 | ERROR | File "C:\Users\maxwell\AppData\Local\Python\pythoncore-3.11-64\Lib\encodings\cp1252.py", line 19, in encode
    return codecs.charmap_encode(input,self.errors,encoding_table)[0]
           ^^^^^^^^^^^^^^^^^^^^^^^^^^^^^^^^^^^^^^^^^^^^^^^^^^^^^^^
2026-03-04 15:16:52,188 | 21060 | ERROR | UnicodeEncodeError: 'charmap' codec can't encode character '\u2248' in position 192: character maps to <undefined>
2026-03-04 15:16:52,189 | 21060 | ERROR | During handling of the above exception, another exception occurred:
2026-03-04 15:16:52,190 | 21060 | ERROR | Traceback (most recent call last):
2026-03-04 15:16:52,190 | 21060 | ERROR | File "C:\Users\maxwell\AppData\Local\Python\pythoncore-3.11-64\Lib\logging\__init__.py", line 1113, in emit
    stream.write(msg + self.terminator)
2026-03-04 15:16:52,190 | 21060 | ERROR | File "C:\Users\maxwell\AppData\Local\Python\pythoncore-3.11-64\Lib\encodings\cp1252.py", line 19, in encode
    return codecs.charmap_encode(input,self.errors,encoding_table)[0]
           ^^^^^^^^^^^^^^^^^^^^^^^^^^^^^^^^^^^^^^^^^^^^^^^^^^^^^^^
2026-03-04 15:16:52,190 | 21060 | ERROR | UnicodeEncodeError: 'charmap' codec can't encode character '\u2248' in position 192: character maps to <undefined>
2026-03-04 15:16:52,190 | 21060 | ERROR | During handling of the above exception, another exception occurred:
2026-03-04 15:16:52,190 | 21060 | ERROR | Traceback (most recent call last):
2026-03-04 15:16:52,190 | 21060 | ERROR | File "C:\Users\maxwell\AppData\Local\Python\pythoncore-3.11-64\Lib\logging\__init__.py", line 1113, in emit
    stream.write(msg + self.terminator)
2026-03-04 15:16:52,190 | 21060 | ERROR | File "C:\Users\maxwell\AppData\Local\Python\pythoncore-3.11-64\Lib\encodings\cp1252.py", line 19, in encode
    return codecs.charmap_encode(input,self.errors,encoding_table)[0]
           ^^^^^^^^^^^^^^^^^^^^^^^^^^^^^^^^^^^^^^^^^^^^^^^^^^^^^^^
2026-03-04 15:16:52,190 | 21060 | ERROR | UnicodeEncodeError: 'charmap' codec can't encode character '\u2248' in position 192: character maps to <undefined>
2026-03-04 15:16:52,196 | 21060 | ERROR | During handling of the above exception, another exception occurred:
2026-03-04 15:16:52,196 | 21060 | ERROR | Traceback (most recent call last):
2026-03-04 15:16:52,197 | 21060 | ERROR | File "C:\Users\maxwell\AppData\Local\Python\pythoncore-3.11-64\Lib\logging\__init__.py", line 1113, in emit
    stream.write(msg + self.terminator)
2026-03-04 15:16:52,197 | 21060 | ERROR | File "C:\Users\maxwell\AppData\Local\Python\pythoncore-3.11-64\Lib\encodings\cp1252.py", line 19, in encode
    return codecs.charmap_encode(input,self.errors,encoding_table)[0]
           ^^^^^^^^^^^^^^^^^^^^^^^^^^^^^^^^^^^^^^^^^^^^^^^^^^^^^^^
2026-03-04 15:16:52,198 | 21060 | ERROR | UnicodeEncodeError: 'charmap' codec can't encode character '\u2248' in position 192: character maps to <undefined>
2026-03-04 15:16:52,199 | 21060 | ERROR | During handling of the above exception, another exception occurred:
2026-03-04 15:16:52,200 | 21060 | ERROR | Traceback (most recent call last):
2026-03-04 15:16:52,200 | 21060 | ERROR | File "C:\Users\maxwell\AppData\Local\Python\pythoncore-3.11-64\Lib\logging\__init__.py", line 1113, in emit
    stream.write(msg + self.terminator)
2026-03-04 15:16:52,200 | 21060 | ERROR | File "C:\Users\maxwell\AppData\Local\Python\pythoncore-3.11-64\Lib\encodings\cp1252.py", line 19, in encode
    return codecs.charmap_encode(input,self.errors,encoding_table)[0]
           ^^^^^^^^^^^^^^^^^^^^^^^^^^^^^^^^^^^^^^^^^^^^^^^^^^^^^^^
2026-03-04 15:16:52,200 | 21060 | ERROR | UnicodeEncodeError: 'charmap' codec can't encode character '\u2248' in position 192: character maps to <undefined>
2026-03-04 15:16:52,200 | 21060 | ERROR | During handling of the above exception, another exception occurred:
2026-03-04 15:16:52,200 | 21060 | ERROR | Traceback (most recent call last):
2026-03-04 15:16:52,204 | 21060 | ERROR | File "C:\Users\maxwell\AppData\Local\Python\pythoncore-3.11-64\Lib\logging\__init__.py", line 1113, in emit
    stream.write(msg + self.terminator)
2026-03-04 15:16:52,204 | 21060 | ERROR | File "C:\Users\maxwell\AppData\Local\Python\pythoncore-3.11-64\Lib\encodings\cp1252.py", line 19, in encode
    return codecs.charmap_encode(input,self.errors,encoding_table)[0]
           ^^^^^^^^^^^^^^^^^^^^^^^^^^^^^^^^^^^^^^^^^^^^^^^^^^^^^^^
2026-03-04 15:16:52,205 | 21060 | ERROR | UnicodeEncodeError: 'charmap' codec can't encode character '\u2248' in position 192: character maps to <undefined>
2026-03-04 15:16:52,206 | 21060 | ERROR | During handling of the above exception, another exception occurred:
2026-03-04 15:16:52,207 | 21060 | ERROR | Traceback (most recent call last):
2026-03-04 15:16:52,207 | 21060 | ERROR | File "C:\Users\maxwell\AppData\Local\Python\pythoncore-3.11-64\Lib\logging\__init__.py", line 1113, in emit
    stream.write(msg + self.terminator)
2026-03-04 15:16:52,208 | 21060 | ERROR | File "C:\Users\maxwell\AppData\Local\Python\pythoncore-3.11-64\Lib\encodings\cp1252.py", line 19, in encode
    return codecs.charmap_encode(input,self.errors,encoding_table)[0]
           ^^^^^^^^^^^^^^^^^^^^^^^^^^^^^^^^^^^^^^^^^^^^^^^^^^^^^^^
2026-03-04 15:16:52,208 | 21060 | ERROR | UnicodeEncodeError: 'charmap' codec can't encode character '\u2248' in position 192: character maps to <undefined>
2026-03-04 15:16:52,209 | 21060 | ERROR | During handling of the above exception, another exception occurred:
2026-03-04 15:16:52,209 | 21060 | ERROR | Traceback (most recent call last):
2026-03-04 15:16:52,209 | 21060 | ERROR | File "C:\Users\maxwell\AppData\Local\Python\pythoncore-3.11-64\Lib\logging\__init__.py", line 1113, in emit
    stream.write(msg + self.terminator)
2026-03-04 15:16:52,209 | 21060 | ERROR | File "C:\Users\maxwell\AppData\Local\Python\pythoncore-3.11-64\Lib\encodings\cp1252.py", line 19, in encode
    return codecs.charmap_encode(input,self.errors,encoding_table)[0]
           ^^^^^^^^^^^^^^^^^^^^^^^^^^^^^^^^^^^^^^^^^^^^^^^^^^^^^^^
2026-03-04 15:16:52,209 | 21060 | ERROR | UnicodeEncodeError: 'charmap' codec can't encode character '\u2248' in position 192: character maps to <undefined>
2026-03-04 15:16:52,213 | 21060 | ERROR | During handling of the above exception, another exception occurred:
2026-03-04 15:16:52,213 | 21060 | ERROR | Traceback (most recent call last):
2026-03-04 15:16:52,214 | 21060 | ERROR | File "C:\Users\maxwell\AppData\Local\Python\pythoncore-3.11-64\Lib\logging\__init__.py", line 1113, in emit
    stream.write(msg + self.terminator)
2026-03-04 15:16:52,214 | 21060 | ERROR | File "C:\Users\maxwell\AppData\Local\Python\pythoncore-3.11-64\Lib\encodings\cp1252.py", line 19, in encode
    return codecs.charmap_encode(input,self.errors,encoding_table)[0]
           ^^^^^^^^^^^^^^^^^^^^^^^^^^^^^^^^^^^^^^^^^^^^^^^^^^^^^^^
2026-03-04 15:16:52,216 | 21060 | ERROR | UnicodeEncodeError: 'charmap' codec can't encode character '\u2248' in position 192: character maps to <undefined>
2026-03-04 15:16:52,216 | 21060 | ERROR | During handling of the above exception, another exception occurred:
2026-03-04 15:16:52,217 | 21060 | ERROR | Traceback (most recent call last):
2026-03-04 15:16:52,218 | 21060 | ERROR | File "C:\Users\maxwell\AppData\Local\Python\pythoncore-3.11-64\Lib\logging\__init__.py", line 1113, in emit
    stream.write(msg + self.terminator)
2026-03-04 15:16:52,218 | 21060 | ERROR | File "C:\Users\maxwell\AppData\Local\Python\pythoncore-3.11-64\Lib\encodings\cp1252.py", line 19, in encode
    return codecs.charmap_encode(input,self.errors,encoding_table)[0]
           ^^^^^^^^^^^^^^^^^^^^^^^^^^^^^^^^^^^^^^^^^^^^^^^^^^^^^^^
2026-03-04 15:16:52,219 | 21060 | ERROR | UnicodeEncodeError: 'charmap' codec can't encode character '\u2248' in position 192: character maps to <undefined>
2026-03-04 15:16:52,219 | 21060 | ERROR | During handling of the above exception, another exception occurred:
2026-03-04 15:16:52,220 | 21060 | ERROR | Traceback (most recent call last):
2026-03-04 15:16:52,220 | 21060 | ERROR | File "C:\Users\maxwell\AppData\Local\Python\pythoncore-3.11-64\Lib\logging\__init__.py", line 1113, in emit
    stream.write(msg + self.terminator)
2026-03-04 15:16:52,222 | 21060 | ERROR | File "C:\Users\maxwell\AppData\Local\Python\pythoncore-3.11-64\Lib\encodings\cp1252.py", line 19, in encode
    return codecs.charmap_encode(input,self.errors,encoding_table)[0]
           ^^^^^^^^^^^^^^^^^^^^^^^^^^^^^^^^^^^^^^^^^^^^^^^^^^^^^^^
2026-03-04 15:16:52,222 | 21060 | ERROR | UnicodeEncodeError: 'charmap' codec can't encode character '\u2248' in position 192: character maps to <undefined>
2026-03-04 15:16:52,223 | 21060 | ERROR | During handling of the above exception, another exception occurred:
2026-03-04 15:16:52,223 | 21060 | ERROR | Traceback (most recent call last):
2026-03-04 15:16:52,223 | 21060 | ERROR | File "C:\Users\maxwell\AppData\Local\Python\pythoncore-3.11-64\Lib\logging\__init__.py", line 1113, in emit
    stream.write(msg + self.terminator)
2026-03-04 15:16:52,223 | 21060 | ERROR | File "C:\Users\maxwell\AppData\Local\Python\pythoncore-3.11-64\Lib\encodings\cp1252.py", line 19, in encode
    return codecs.charmap_encode(input,self.errors,encoding_table)[0]
           ^^^^^^^^^^^^^^^^^^^^^^^^^^^^^^^^^^^^^^^^^^^^^^^^^^^^^^^
2026-03-04 15:16:52,223 | 21060 | ERROR | UnicodeEncodeError: 'charmap' codec can't encode character '\u2248' in position 192: character maps to <undefined>
2026-03-04 15:16:52,223 | 21060 | ERROR | During handling of the above exception, another exception occurred:
2026-03-04 15:16:52,223 | 21060 | ERROR | Traceback (most recent call last):
2026-03-04 15:16:52,223 | 21060 | ERROR | File "C:\Users\maxwell\AppData\Local\Python\pythoncore-3.11-64\Lib\logging\__init__.py", line 1113, in emit
    stream.write(msg + self.terminator)
2026-03-04 15:16:52,223 | 21060 | ERROR | File "C:\Users\maxwell\AppData\Local\Python\pythoncore-3.11-64\Lib\encodings\cp1252.py", line 19, in encode
    return codecs.charmap_encode(input,self.errors,encoding_table)[0]
           ^^^^^^^^^^^^^^^^^^^^^^^^^^^^^^^^^^^^^^^^^^^^^^^^^^^^^^^
2026-03-04 15:16:52,223 | 21060 | ERROR | UnicodeEncodeError: 'charmap' codec can't encode character '\u2248' in position 192: character maps to <undefined>
2026-03-04 15:16:52,230 | 21060 | ERROR | During handling of the above exception, another exception occurred:
2026-03-04 15:16:52,230 | 21060 | ERROR | Traceback (most recent call last):
2026-03-04 15:16:52,231 | 21060 | ERROR | File "C:\Users\maxwell\AppData\Local\Python\pythoncore-3.11-64\Lib\logging\__init__.py", line 1113, in emit
    stream.write(msg + self.terminator)
2026-03-04 15:16:52,231 | 21060 | ERROR | File "C:\Users\maxwell\AppData\Local\Python\pythoncore-3.11-64\Lib\encodings\cp1252.py", line 19, in encode
    return codecs.charmap_encode(input,self.errors,encoding_table)[0]
           ^^^^^^^^^^^^^^^^^^^^^^^^^^^^^^^^^^^^^^^^^^^^^^^^^^^^^^^
2026-03-04 15:16:52,231 | 21060 | ERROR | UnicodeEncodeError: 'charmap' codec can't encode character '\u2248' in position 192: character maps to <undefined>
2026-03-04 15:16:52,231 | 21060 | ERROR | During handling of the above exception, another exception occurred:
2026-03-04 15:16:52,231 | 21060 | ERROR | Traceback (most recent call last):
2026-03-04 15:16:52,234 | 21060 | ERROR | File "C:\Users\maxwell\AppData\Local\Python\pythoncore-3.11-64\Lib\logging\__init__.py", line 1113, in emit
    stream.write(msg + self.terminator)
2026-03-04 15:16:52,235 | 21060 | ERROR | File "C:\Users\maxwell\AppData\Local\Python\pythoncore-3.11-64\Lib\encodings\cp1252.py", line 19, in encode
    return codecs.charmap_encode(input,self.errors,encoding_table)[0]
           ^^^^^^^^^^^^^^^^^^^^^^^^^^^^^^^^^^^^^^^^^^^^^^^^^^^^^^^
2026-03-04 15:16:52,235 | 21060 | ERROR | UnicodeEncodeError: 'charmap' codec can't encode character '\u2248' in position 192: character maps to <undefined>
2026-03-04 15:16:52,236 | 21060 | ERROR | During handling of the above exception, another exception occurred:
2026-03-04 15:16:52,237 | 21060 | ERROR | Traceback (most recent call last):
2026-03-04 15:16:52,237 | 21060 | ERROR | File "C:\Users\maxwell\AppData\Local\Python\pythoncore-3.11-64\Lib\logging\__init__.py", line 1113, in emit
    stream.write(msg + self.terminator)
2026-03-04 15:16:52,238 | 21060 | ERROR | File "C:\Users\maxwell\AppData\Local\Python\pythoncore-3.11-64\Lib\encodings\cp1252.py", line 19, in encode
    return codecs.charmap_encode(input,self.errors,encoding_table)[0]
           ^^^^^^^^^^^^^^^^^^^^^^^^^^^^^^^^^^^^^^^^^^^^^^^^^^^^^^^
2026-03-04 15:16:52,238 | 21060 | ERROR | UnicodeEncodeError: 'charmap' codec can't encode character '\u2248' in position 192: character maps to <undefined>
2026-03-04 15:16:52,239 | 21060 | ERROR | During handling of the above exception, another exception occurred:
2026-03-04 15:16:52,240 | 21060 | ERROR | Traceback (most recent call last):
2026-03-04 15:16:52,241 | 21060 | ERROR | File "C:\Users\maxwell\AppData\Local\Python\pythoncore-3.11-64\Lib\logging\__init__.py", line 1113, in emit
    stream.write(msg + self.terminator)
2026-03-04 15:16:52,241 | 21060 | ERROR | File "C:\Users\maxwell\AppData\Local\Python\pythoncore-3.11-64\Lib\encodings\cp1252.py", line 19, in encode
    return codecs.charmap_encode(input,self.errors,encoding_table)[0]
           ^^^^^^^^^^^^^^^^^^^^^^^^^^^^^^^^^^^^^^^^^^^^^^^^^^^^^^^
2026-03-04 15:16:52,242 | 21060 | ERROR | UnicodeEncodeError: 'charmap' codec can't encode character '\u2248' in position 192: character maps to <undefined>
2026-03-04 15:16:52,243 | 21060 | ERROR | During handling of the above exception, another exception occurred:
2026-03-04 15:16:52,243 | 21060 | ERROR | Traceback (most recent call last):
2026-03-04 15:16:52,244 | 21060 | ERROR | File "C:\Users\maxwell\AppData\Local\Python\pythoncore-3.11-64\Lib\logging\__init__.py", line 1113, in emit
    stream.write(msg + self.terminator)
2026-03-04 15:16:52,245 | 21060 | ERROR | File "C:\Users\maxwell\AppData\Local\Python\pythoncore-3.11-64\Lib\encodings\cp1252.py", line 19, in encode
    return codecs.charmap_encode(input,self.errors,encoding_table)[0]
           ^^^^^^^^^^^^^^^^^^^^^^^^^^^^^^^^^^^^^^^^^^^^^^^^^^^^^^^
2026-03-04 15:16:52,245 | 21060 | ERROR | UnicodeEncodeError: 'charmap' codec can't encode character '\u2248' in position 192: character maps to <undefined>
2026-03-04 15:16:52,246 | 21060 | ERROR | During handling of the above exception, another exception occurred:
2026-03-04 15:16:52,246 | 21060 | ERROR | Traceback (most recent call last):
2026-03-04 15:16:52,246 | 21060 | ERROR | File "C:\Users\maxwell\AppData\Local\Python\pythoncore-3.11-64\Lib\logging\__init__.py", line 1113, in emit
    stream.write(msg + self.terminator)
2026-03-04 15:16:52,246 | 21060 | ERROR | File "C:\Users\maxwell\AppData\Local\Python\pythoncore-3.11-64\Lib\encodings\cp1252.py", line 19, in encode
    return codecs.charmap_encode(input,self.errors,encoding_table)[0]
           ^^^^^^^^^^^^^^^^^^^^^^^^^^^^^^^^^^^^^^^^^^^^^^^^^^^^^^^
2026-03-04 15:16:52,246 | 21060 | ERROR | UnicodeEncodeError: 'charmap' codec can't encode character '\u2248' in position 192: character maps to <undefined>
2026-03-04 15:16:52,246 | 21060 | ERROR | During handling of the above exception, another exception occurred:
2026-03-04 15:16:52,246 | 21060 | ERROR | Traceback (most recent call last):
2026-03-04 15:16:52,251 | 21060 | ERROR | File "C:\Users\maxwell\AppData\Local\Python\pythoncore-3.11-64\Lib\logging\__init__.py", line 1113, in emit
    stream.write(msg + self.terminator)
2026-03-04 15:16:52,251 | 21060 | ERROR | File "C:\Users\maxwell\AppData\Local\Python\pythoncore-3.11-64\Lib\encodings\cp1252.py", line 19, in encode
    return codecs.charmap_encode(input,self.errors,encoding_table)[0]
           ^^^^^^^^^^^^^^^^^^^^^^^^^^^^^^^^^^^^^^^^^^^^^^^^^^^^^^^
2026-03-04 15:16:52,252 | 21060 | ERROR | UnicodeEncodeError: 'charmap' codec can't encode character '\u2248' in position 192: character maps to <undefined>
2026-03-04 15:16:52,252 | 21060 | ERROR | During handling of the above exception, another exception occurred:
2026-03-04 15:16:52,253 | 21060 | ERROR | Traceback (most recent call last):
2026-03-04 15:16:52,254 | 21060 | ERROR | File "C:\Users\maxwell\AppData\Local\Python\pythoncore-3.11-64\Lib\logging\__init__.py", line 1113, in emit
    stream.write(msg + self.terminator)
2026-03-04 15:16:52,255 | 21060 | ERROR | File "C:\Users\maxwell\AppData\Local\Python\pythoncore-3.11-64\Lib\encodings\cp1252.py", line 19, in encode
    return codecs.charmap_encode(input,self.errors,encoding_table)[0]
           ^^^^^^^^^^^^^^^^^^^^^^^^^^^^^^^^^^^^^^^^^^^^^^^^^^^^^^^
2026-03-04 15:16:52,255 | 21060 | ERROR | UnicodeEncodeError: 'charmap' codec can't encode character '\u2248' in position 192: character maps to <undefined>
2026-03-04 15:16:52,256 | 21060 | ERROR | During handling of the above exception, another exception occurred:
2026-03-04 15:16:52,256 | 21060 | ERROR | Traceback (most recent call last):
2026-03-04 15:16:52,256 | 21060 | ERROR | File "C:\Users\maxwell\AppData\Local\Python\pythoncore-3.11-64\Lib\logging\__init__.py", line 1113, in emit
    stream.write(msg + self.terminator)
2026-03-04 15:16:52,256 | 21060 | ERROR | File "C:\Users\maxwell\AppData\Local\Python\pythoncore-3.11-64\Lib\encodings\cp1252.py", line 19, in encode
    return codecs.charmap_encode(input,self.errors,encoding_table)[0]
           ^^^^^^^^^^^^^^^^^^^^^^^^^^^^^^^^^^^^^^^^^^^^^^^^^^^^^^^
2026-03-04 15:16:52,256 | 21060 | ERROR | UnicodeEncodeError: 'charmap' codec can't encode character '\u2248' in position 192: character maps to <undefined>
2026-03-04 15:16:52,256 | 21060 | ERROR | Call stack:
2026-03-04 15:16:52,262 | 21060 | ERROR | File "C:\Users\maxwell\UCB-USACE-RR-PROJECT\run_hyperparam_search.py", line 853, in <module>
    setup_logging()
2026-03-04 15:16:52,262 | 21060 | ERROR | --- Logging error ---
2026-03-04 15:16:52,272 | 21060 | ERROR | Traceback (most recent call last):
2026-03-04 15:16:52,272 | 21060 | ERROR | File "C:\Users\maxwell\AppData\Local\Python\pythoncore-3.11-64\Lib\logging\__init__.py", line 1113, in emit
    stream.write(msg + self.terminator)
2026-03-04 15:16:52,280 | 21060 | ERROR | File "C:\Users\maxwell\AppData\Local\Python\pythoncore-3.11-64\Lib\encodings\cp1252.py", line 19, in encode
    return codecs.charmap_encode(input,self.errors,encoding_table)[0]
           ^^^^^^^^^^^^^^^^^^^^^^^^^^^^^^^^^^^^^^^^^^^^^^^^^^^^^^^
2026-03-04 15:16:52,280 | 21060 | ERROR | UnicodeEncodeError: 'charmap' codec can't encode character '\u2248' in position 107: character maps to <undefined>
2026-03-04 15:16:52,281 | 21060 | ERROR | During handling of the above exception, another exception occurred:
2026-03-04 15:16:52,281 | 21060 | ERROR | Traceback (most recent call last):
2026-03-04 15:16:52,282 | 21060 | ERROR | File "C:\Users\maxwell\AppData\Local\Python\pythoncore-3.11-64\Lib\logging\__init__.py", line 1113, in emit
    stream.write(msg + self.terminator)
2026-03-04 15:16:52,282 | 21060 | ERROR | File "C:\Users\maxwell\AppData\Local\Python\pythoncore-3.11-64\Lib\encodings\cp1252.py", line 19, in encode
    return codecs.charmap_encode(input,self.errors,encoding_table)[0]
           ^^^^^^^^^^^^^^^^^^^^^^^^^^^^^^^^^^^^^^^^^^^^^^^^^^^^^^^
2026-03-04 15:16:52,283 | 21060 | ERROR | UnicodeEncodeError: 'charmap' codec can't encode character '\u2248' in position 192: character maps to <undefined>
2026-03-04 15:16:52,283 | 21060 | ERROR | During handling of the above exception, another exception occurred:
2026-03-04 15:16:52,285 | 21060 | ERROR | Traceback (most recent call last):
2026-03-04 15:16:52,286 | 21060 | ERROR | File "C:\Users\maxwell\AppData\Local\Python\pythoncore-3.11-64\Lib\logging\__init__.py", line 1113, in emit
    stream.write(msg + self.terminator)
2026-03-04 15:16:52,286 | 21060 | ERROR | File "C:\Users\maxwell\AppData\Local\Python\pythoncore-3.11-64\Lib\encodings\cp1252.py", line 19, in encode
    return codecs.charmap_encode(input,self.errors,encoding_table)[0]
           ^^^^^^^^^^^^^^^^^^^^^^^^^^^^^^^^^^^^^^^^^^^^^^^^^^^^^^^
2026-03-04 15:16:52,287 | 21060 | ERROR | UnicodeEncodeError: 'charmap' codec can't encode character '\u2248' in position 192: character maps to <undefined>
2026-03-04 15:16:52,287 | 21060 | ERROR | During handling of the above exception, another exception occurred:
2026-03-04 15:16:52,288 | 21060 | ERROR | Traceback (most recent call last):
2026-03-04 15:16:52,288 | 21060 | ERROR | File "C:\Users\maxwell\AppData\Local\Python\pythoncore-3.11-64\Lib\logging\__init__.py", line 1113, in emit
    stream.write(msg + self.terminator)
2026-03-04 15:16:52,289 | 21060 | ERROR | File "C:\Users\maxwell\AppData\Local\Python\pythoncore-3.11-64\Lib\encodings\cp1252.py", line 19, in encode
    return codecs.charmap_encode(input,self.errors,encoding_table)[0]
           ^^^^^^^^^^^^^^^^^^^^^^^^^^^^^^^^^^^^^^^^^^^^^^^^^^^^^^^
2026-03-04 15:16:52,290 | 21060 | ERROR | UnicodeEncodeError: 'charmap' codec can't encode character '\u2248' in position 192: character maps to <undefined>
2026-03-04 15:16:52,290 | 21060 | ERROR | During handling of the above exception, another exception occurred:
2026-03-04 15:16:52,290 | 21060 | ERROR | Traceback (most recent call last):
2026-03-04 15:16:52,290 | 21060 | ERROR | File "C:\Users\maxwell\AppData\Local\Python\pythoncore-3.11-64\Lib\logging\__init__.py", line 1113, in emit
    stream.write(msg + self.terminator)
2026-03-04 15:16:52,293 | 21060 | ERROR | File "C:\Users\maxwell\AppData\Local\Python\pythoncore-3.11-64\Lib\encodings\cp1252.py", line 19, in encode
    return codecs.charmap_encode(input,self.errors,encoding_table)[0]
           ^^^^^^^^^^^^^^^^^^^^^^^^^^^^^^^^^^^^^^^^^^^^^^^^^^^^^^^
2026-03-04 15:16:52,293 | 21060 | ERROR | UnicodeEncodeError: 'charmap' codec can't encode character '\u2248' in position 192: character maps to <undefined>
2026-03-04 15:16:52,293 | 21060 | ERROR | During handling of the above exception, another exception occurred:
2026-03-04 15:16:52,293 | 21060 | ERROR | Traceback (most recent call last):
2026-03-04 15:16:52,293 | 21060 | ERROR | File "C:\Users\maxwell\AppData\Local\Python\pythoncore-3.11-64\Lib\logging\__init__.py", line 1113, in emit
    stream.write(msg + self.terminator)
2026-03-04 15:16:52,293 | 21060 | ERROR | File "C:\Users\maxwell\AppData\Local\Python\pythoncore-3.11-64\Lib\encodings\cp1252.py", line 19, in encode
    return codecs.charmap_encode(input,self.errors,encoding_table)[0]
           ^^^^^^^^^^^^^^^^^^^^^^^^^^^^^^^^^^^^^^^^^^^^^^^^^^^^^^^
2026-03-04 15:16:52,297 | 21060 | ERROR | UnicodeEncodeError: 'charmap' codec can't encode character '\u2248' in position 192: character maps to <undefined>
2026-03-04 15:16:52,297 | 21060 | ERROR | During handling of the above exception, another exception occurred:
2026-03-04 15:16:52,298 | 21060 | ERROR | Traceback (most recent call last):
2026-03-04 15:16:52,298 | 21060 | ERROR | File "C:\Users\maxwell\AppData\Local\Python\pythoncore-3.11-64\Lib\logging\__init__.py", line 1113, in emit
    stream.write(msg + self.terminator)
2026-03-04 15:16:52,299 | 21060 | ERROR | File "C:\Users\maxwell\AppData\Local\Python\pythoncore-3.11-64\Lib\encodings\cp1252.py", line 19, in encode
    return codecs.charmap_encode(input,self.errors,encoding_table)[0]
           ^^^^^^^^^^^^^^^^^^^^^^^^^^^^^^^^^^^^^^^^^^^^^^^^^^^^^^^
2026-03-04 15:16:52,299 | 21060 | ERROR | UnicodeEncodeError: 'charmap' codec can't encode character '\u2248' in position 192: character maps to <undefined>
2026-03-04 15:16:52,301 | 21060 | ERROR | During handling of the above exception, another exception occurred:
2026-03-04 15:16:52,302 | 21060 | ERROR | Traceback (most recent call last):
2026-03-04 15:16:52,302 | 21060 | ERROR | File "C:\Users\maxwell\AppData\Local\Python\pythoncore-3.11-64\Lib\logging\__init__.py", line 1113, in emit
    stream.write(msg + self.terminator)
2026-03-04 15:16:52,302 | 21060 | ERROR | File "C:\Users\maxwell\AppData\Local\Python\pythoncore-3.11-64\Lib\encodings\cp1252.py", line 19, in encode
    return codecs.charmap_encode(input,self.errors,encoding_table)[0]
           ^^^^^^^^^^^^^^^^^^^^^^^^^^^^^^^^^^^^^^^^^^^^^^^^^^^^^^^
2026-03-04 15:16:52,302 | 21060 | ERROR | UnicodeEncodeError: 'charmap' codec can't encode character '\u2248' in position 192: character maps to <undefined>
2026-03-04 15:16:52,302 | 21060 | ERROR | During handling of the above exception, another exception occurred:
2026-03-04 15:16:52,302 | 21060 | ERROR | Traceback (most recent call last):
2026-03-04 15:16:52,302 | 21060 | ERROR | File "C:\Users\maxwell\AppData\Local\Python\pythoncore-3.11-64\Lib\logging\__init__.py", line 1113, in emit
    stream.write(msg + self.terminator)
2026-03-04 15:16:52,302 | 21060 | ERROR | File "C:\Users\maxwell\AppData\Local\Python\pythoncore-3.11-64\Lib\encodings\cp1252.py", line 19, in encode
    return codecs.charmap_encode(input,self.errors,encoding_table)[0]
           ^^^^^^^^^^^^^^^^^^^^^^^^^^^^^^^^^^^^^^^^^^^^^^^^^^^^^^^
2026-03-04 15:16:52,302 | 21060 | ERROR | UnicodeEncodeError: 'charmap' codec can't encode character '\u2248' in position 192: character maps to <undefined>
2026-03-04 15:16:52,308 | 21060 | ERROR | During handling of the above exception, another exception occurred:
2026-03-04 15:16:52,308 | 21060 | ERROR | Traceback (most recent call last):
2026-03-04 15:16:52,309 | 21060 | ERROR | File "C:\Users\maxwell\AppData\Local\Python\pythoncore-3.11-64\Lib\logging\__init__.py", line 1113, in emit
    stream.write(msg + self.terminator)
2026-03-04 15:16:52,309 | 21060 | ERROR | File "C:\Users\maxwell\AppData\Local\Python\pythoncore-3.11-64\Lib\encodings\cp1252.py", line 19, in encode
    return codecs.charmap_encode(input,self.errors,encoding_table)[0]
           ^^^^^^^^^^^^^^^^^^^^^^^^^^^^^^^^^^^^^^^^^^^^^^^^^^^^^^^
2026-03-04 15:16:52,310 | 21060 | ERROR | UnicodeEncodeError: 'charmap' codec can't encode character '\u2248' in position 192: character maps to <undefined>
2026-03-04 15:16:52,310 | 21060 | ERROR | During handling of the above exception, another exception occurred:
2026-03-04 15:16:52,311 | 21060 | ERROR | Traceback (most recent call last):
2026-03-04 15:16:52,312 | 21060 | ERROR | File "C:\Users\maxwell\AppData\Local\Python\pythoncore-3.11-64\Lib\logging\__init__.py", line 1113, in emit
    stream.write(msg + self.terminator)
2026-03-04 15:16:52,313 | 21060 | ERROR | File "C:\Users\maxwell\AppData\Local\Python\pythoncore-3.11-64\Lib\encodings\cp1252.py", line 19, in encode
    return codecs.charmap_encode(input,self.errors,encoding_table)[0]
           ^^^^^^^^^^^^^^^^^^^^^^^^^^^^^^^^^^^^^^^^^^^^^^^^^^^^^^^
2026-03-04 15:16:52,313 | 21060 | ERROR | UnicodeEncodeError: 'charmap' codec can't encode character '\u2248' in position 192: character maps to <undefined>
2026-03-04 15:16:52,313 | 21060 | ERROR | During handling of the above exception, another exception occurred:
2026-03-04 15:16:52,313 | 21060 | ERROR | Traceback (most recent call last):
2026-03-04 15:16:52,313 | 21060 | ERROR | File "C:\Users\maxwell\AppData\Local\Python\pythoncore-3.11-64\Lib\logging\__init__.py", line 1113, in emit
    stream.write(msg + self.terminator)
2026-03-04 15:16:52,313 | 21060 | ERROR | File "C:\Users\maxwell\AppData\Local\Python\pythoncore-3.11-64\Lib\encodings\cp1252.py", line 19, in encode
    return codecs.charmap_encode(input,self.errors,encoding_table)[0]
           ^^^^^^^^^^^^^^^^^^^^^^^^^^^^^^^^^^^^^^^^^^^^^^^^^^^^^^^
2026-03-04 15:16:52,313 | 21060 | ERROR | UnicodeEncodeError: 'charmap' codec can't encode character '\u2248' in position 192: character maps to <undefined>
2026-03-04 15:16:52,317 | 21060 | ERROR | During handling of the above exception, another exception occurred:
2026-03-04 15:16:52,317 | 21060 | ERROR | Traceback (most recent call last):
2026-03-04 15:16:52,318 | 21060 | ERROR | File "C:\Users\maxwell\AppData\Local\Python\pythoncore-3.11-64\Lib\logging\__init__.py", line 1113, in emit
    stream.write(msg + self.terminator)
2026-03-04 15:16:52,318 | 21060 | ERROR | File "C:\Users\maxwell\AppData\Local\Python\pythoncore-3.11-64\Lib\encodings\cp1252.py", line 19, in encode
    return codecs.charmap_encode(input,self.errors,encoding_table)[0]
           ^^^^^^^^^^^^^^^^^^^^^^^^^^^^^^^^^^^^^^^^^^^^^^^^^^^^^^^
2026-03-04 15:16:52,320 | 21060 | ERROR | UnicodeEncodeError: 'charmap' codec can't encode character '\u2248' in position 192: character maps to <undefined>
2026-03-04 15:16:52,320 | 21060 | ERROR | During handling of the above exception, another exception occurred:
2026-03-04 15:16:52,321 | 21060 | ERROR | Traceback (most recent call last):
2026-03-04 15:16:52,321 | 21060 | ERROR | File "C:\Users\maxwell\AppData\Local\Python\pythoncore-3.11-64\Lib\logging\__init__.py", line 1113, in emit
    stream.write(msg + self.terminator)
2026-03-04 15:16:52,322 | 21060 | ERROR | File "C:\Users\maxwell\AppData\Local\Python\pythoncore-3.11-64\Lib\encodings\cp1252.py", line 19, in encode
    return codecs.charmap_encode(input,self.errors,encoding_table)[0]
           ^^^^^^^^^^^^^^^^^^^^^^^^^^^^^^^^^^^^^^^^^^^^^^^^^^^^^^^
2026-03-04 15:16:52,322 | 21060 | ERROR | UnicodeEncodeError: 'charmap' codec can't encode character '\u2248' in position 192: character maps to <undefined>
2026-03-04 15:16:52,322 | 21060 | ERROR | During handling of the above exception, another exception occurred:
2026-03-04 15:16:52,324 | 21060 | ERROR | Traceback (most recent call last):
2026-03-04 15:16:52,325 | 21060 | ERROR | File "C:\Users\maxwell\AppData\Local\Python\pythoncore-3.11-64\Lib\logging\__init__.py", line 1113, in emit
    stream.write(msg + self.terminator)
2026-03-04 15:16:52,325 | 21060 | ERROR | File "C:\Users\maxwell\AppData\Local\Python\pythoncore-3.11-64\Lib\encodings\cp1252.py", line 19, in encode
    return codecs.charmap_encode(input,self.errors,encoding_table)[0]
           ^^^^^^^^^^^^^^^^^^^^^^^^^^^^^^^^^^^^^^^^^^^^^^^^^^^^^^^
2026-03-04 15:16:52,325 | 21060 | ERROR | UnicodeEncodeError: 'charmap' codec can't encode character '\u2248' in position 192: character maps to <undefined>
2026-03-04 15:16:52,325 | 21060 | ERROR | During handling of the above exception, another exception occurred:
2026-03-04 15:16:52,325 | 21060 | ERROR | Traceback (most recent call last):
2026-03-04 15:16:52,329 | 21060 | ERROR | File "C:\Users\maxwell\AppData\Local\Python\pythoncore-3.11-64\Lib\logging\__init__.py", line 1113, in emit
    stream.write(msg + self.terminator)
2026-03-04 15:16:52,329 | 21060 | ERROR | File "C:\Users\maxwell\AppData\Local\Python\pythoncore-3.11-64\Lib\encodings\cp1252.py", line 19, in encode
    return codecs.charmap_encode(input,self.errors,encoding_table)[0]
           ^^^^^^^^^^^^^^^^^^^^^^^^^^^^^^^^^^^^^^^^^^^^^^^^^^^^^^^
2026-03-04 15:16:52,330 | 21060 | ERROR | UnicodeEncodeError: 'charmap' codec can't encode character '\u2248' in position 192: character maps to <undefined>
2026-03-04 15:16:52,330 | 21060 | ERROR | During handling of the above exception, another exception occurred:
2026-03-04 15:16:52,331 | 21060 | ERROR | Traceback (most recent call last):
2026-03-04 15:16:52,332 | 21060 | ERROR | File "C:\Users\maxwell\AppData\Local\Python\pythoncore-3.11-64\Lib\logging\__init__.py", line 1113, in emit
    stream.write(msg + self.terminator)
2026-03-04 15:16:52,332 | 21060 | ERROR | File "C:\Users\maxwell\AppData\Local\Python\pythoncore-3.11-64\Lib\encodings\cp1252.py", line 19, in encode
    return codecs.charmap_encode(input,self.errors,encoding_table)[0]
           ^^^^^^^^^^^^^^^^^^^^^^^^^^^^^^^^^^^^^^^^^^^^^^^^^^^^^^^
2026-03-04 15:16:52,333 | 21060 | ERROR | UnicodeEncodeError: 'charmap' codec can't encode character '\u2248' in position 192: character maps to <undefined>
2026-03-04 15:16:52,333 | 21060 | ERROR | During handling of the above exception, another exception occurred:
2026-03-04 15:16:52,333 | 21060 | ERROR | Traceback (most recent call last):
2026-03-04 15:16:52,333 | 21060 | ERROR | File "C:\Users\maxwell\AppData\Local\Python\pythoncore-3.11-64\Lib\logging\__init__.py", line 1113, in emit
    stream.write(msg + self.terminator)
2026-03-04 15:16:52,333 | 21060 | ERROR | File "C:\Users\maxwell\AppData\Local\Python\pythoncore-3.11-64\Lib\encodings\cp1252.py", line 19, in encode
    return codecs.charmap_encode(input,self.errors,encoding_table)[0]
           ^^^^^^^^^^^^^^^^^^^^^^^^^^^^^^^^^^^^^^^^^^^^^^^^^^^^^^^
2026-03-04 15:16:52,333 | 21060 | ERROR | UnicodeEncodeError: 'charmap' codec can't encode character '\u2248' in position 192: character maps to <undefined>
2026-03-04 15:16:52,333 | 21060 | ERROR | During handling of the above exception, another exception occurred:
2026-03-04 15:16:52,333 | 21060 | ERROR | Traceback (most recent call last):
2026-03-04 15:16:52,333 | 21060 | ERROR | File "C:\Users\maxwell\AppData\Local\Python\pythoncore-3.11-64\Lib\logging\__init__.py", line 1113, in emit
    stream.write(msg + self.terminator)
2026-03-04 15:16:52,333 | 21060 | ERROR | File "C:\Users\maxwell\AppData\Local\Python\pythoncore-3.11-64\Lib\encodings\cp1252.py", line 19, in encode
    return codecs.charmap_encode(input,self.errors,encoding_table)[0]
           ^^^^^^^^^^^^^^^^^^^^^^^^^^^^^^^^^^^^^^^^^^^^^^^^^^^^^^^
2026-03-04 15:16:52,339 | 21060 | ERROR | UnicodeEncodeError: 'charmap' codec can't encode character '\u2248' in position 192: character maps to <undefined>
2026-03-04 15:16:52,340 | 21060 | ERROR | During handling of the above exception, another exception occurred:
2026-03-04 15:16:52,340 | 21060 | ERROR | Traceback (most recent call last):
2026-03-04 15:16:52,341 | 21060 | ERROR | File "C:\Users\maxwell\AppData\Local\Python\pythoncore-3.11-64\Lib\logging\__init__.py", line 1113, in emit
    stream.write(msg + self.terminator)
2026-03-04 15:16:52,341 | 21060 | ERROR | File "C:\Users\maxwell\AppData\Local\Python\pythoncore-3.11-64\Lib\encodings\cp1252.py", line 19, in encode
    return codecs.charmap_encode(input,self.errors,encoding_table)[0]
           ^^^^^^^^^^^^^^^^^^^^^^^^^^^^^^^^^^^^^^^^^^^^^^^^^^^^^^^
2026-03-04 15:16:52,342 | 21060 | ERROR | UnicodeEncodeError: 'charmap' codec can't encode character '\u2248' in position 192: character maps to <undefined>
2026-03-04 15:16:52,342 | 21060 | ERROR | During handling of the above exception, another exception occurred:
2026-03-04 15:16:52,344 | 21060 | ERROR | Traceback (most recent call last):
2026-03-04 15:16:52,344 | 21060 | ERROR | File "C:\Users\maxwell\AppData\Local\Python\pythoncore-3.11-64\Lib\logging\__init__.py", line 1113, in emit
    stream.write(msg + self.terminator)
2026-03-04 15:16:52,344 | 21060 | ERROR | File "C:\Users\maxwell\AppData\Local\Python\pythoncore-3.11-64\Lib\encodings\cp1252.py", line 19, in encode
    return codecs.charmap_encode(input,self.errors,encoding_table)[0]
           ^^^^^^^^^^^^^^^^^^^^^^^^^^^^^^^^^^^^^^^^^^^^^^^^^^^^^^^
2026-03-04 15:16:52,344 | 21060 | ERROR | UnicodeEncodeError: 'charmap' codec can't encode character '\u2248' in position 192: character maps to <undefined>
2026-03-04 15:16:52,344 | 21060 | ERROR | During handling of the above exception, another exception occurred:
2026-03-04 15:16:52,344 | 21060 | ERROR | Traceback (most recent call last):
2026-03-04 15:16:52,344 | 21060 | ERROR | File "C:\Users\maxwell\AppData\Local\Python\pythoncore-3.11-64\Lib\logging\__init__.py", line 1113, in emit
    stream.write(msg + self.terminator)
2026-03-04 15:16:52,344 | 21060 | ERROR | File "C:\Users\maxwell\AppData\Local\Python\pythoncore-3.11-64\Lib\encodings\cp1252.py", line 19, in encode
    return codecs.charmap_encode(input,self.errors,encoding_table)[0]
           ^^^^^^^^^^^^^^^^^^^^^^^^^^^^^^^^^^^^^^^^^^^^^^^^^^^^^^^
2026-03-04 15:16:52,344 | 21060 | ERROR | UnicodeEncodeError: 'charmap' codec can't encode character '\u2248' in position 192: character maps to <undefined>
2026-03-04 15:16:52,350 | 21060 | ERROR | During handling of the above exception, another exception occurred:
2026-03-04 15:16:52,351 | 21060 | ERROR | Traceback (most recent call last):
2026-03-04 15:16:52,351 | 21060 | ERROR | File "C:\Users\maxwell\AppData\Local\Python\pythoncore-3.11-64\Lib\logging\__init__.py", line 1113, in emit
    stream.write(msg + self.terminator)
2026-03-04 15:16:52,352 | 21060 | ERROR | File "C:\Users\maxwell\AppData\Local\Python\pythoncore-3.11-64\Lib\encodings\cp1252.py", line 19, in encode
    return codecs.charmap_encode(input,self.errors,encoding_table)[0]
           ^^^^^^^^^^^^^^^^^^^^^^^^^^^^^^^^^^^^^^^^^^^^^^^^^^^^^^^
2026-03-04 15:16:52,352 | 21060 | ERROR | UnicodeEncodeError: 'charmap' codec can't encode character '\u2248' in position 192: character maps to <undefined>
2026-03-04 15:16:52,353 | 21060 | ERROR | During handling of the above exception, another exception occurred:
2026-03-04 15:16:52,354 | 21060 | ERROR | Traceback (most recent call last):
2026-03-04 15:16:52,354 | 21060 | ERROR | File "C:\Users\maxwell\AppData\Local\Python\pythoncore-3.11-64\Lib\logging\__init__.py", line 1113, in emit
    stream.write(msg + self.terminator)
2026-03-04 15:16:52,356 | 21060 | ERROR | File "C:\Users\maxwell\AppData\Local\Python\pythoncore-3.11-64\Lib\encodings\cp1252.py", line 19, in encode
    return codecs.charmap_encode(input,self.errors,encoding_table)[0]
           ^^^^^^^^^^^^^^^^^^^^^^^^^^^^^^^^^^^^^^^^^^^^^^^^^^^^^^^
2026-03-04 15:16:52,356 | 21060 | ERROR | UnicodeEncodeError: 'charmap' codec can't encode character '\u2248' in position 192: character maps to <undefined>
2026-03-04 15:16:52,356 | 21060 | ERROR | During handling of the above exception, another exception occurred:
2026-03-04 15:16:52,356 | 21060 | ERROR | Traceback (most recent call last):
2026-03-04 15:16:52,356 | 21060 | ERROR | File "C:\Users\maxwell\AppData\Local\Python\pythoncore-3.11-64\Lib\logging\__init__.py", line 1113, in emit
    stream.write(msg + self.terminator)
2026-03-04 15:16:52,356 | 21060 | ERROR | File "C:\Users\maxwell\AppData\Local\Python\pythoncore-3.11-64\Lib\encodings\cp1252.py", line 19, in encode
    return codecs.charmap_encode(input,self.errors,encoding_table)[0]
           ^^^^^^^^^^^^^^^^^^^^^^^^^^^^^^^^^^^^^^^^^^^^^^^^^^^^^^^
2026-03-04 15:16:52,360 | 21060 | ERROR | UnicodeEncodeError: 'charmap' codec can't encode character '\u2248' in position 192: character maps to <undefined>
2026-03-04 15:16:52,360 | 21060 | ERROR | During handling of the above exception, another exception occurred:
2026-03-04 15:16:52,361 | 21060 | ERROR | Traceback (most recent call last):
2026-03-04 15:16:52,362 | 21060 | ERROR | File "C:\Users\maxwell\AppData\Local\Python\pythoncore-3.11-64\Lib\logging\__init__.py", line 1113, in emit
    stream.write(msg + self.terminator)
2026-03-04 15:16:52,362 | 21060 | ERROR | File "C:\Users\maxwell\AppData\Local\Python\pythoncore-3.11-64\Lib\encodings\cp1252.py", line 19, in encode
    return codecs.charmap_encode(input,self.errors,encoding_table)[0]
           ^^^^^^^^^^^^^^^^^^^^^^^^^^^^^^^^^^^^^^^^^^^^^^^^^^^^^^^
2026-03-04 15:16:52,363 | 21060 | ERROR | UnicodeEncodeError: 'charmap' codec can't encode character '\u2248' in position 192: character maps to <undefined>
2026-03-04 15:16:52,363 | 21060 | ERROR | During handling of the above exception, another exception occurred:
2026-03-04 15:16:52,364 | 21060 | ERROR | Traceback (most recent call last):
2026-03-04 15:16:52,364 | 21060 | ERROR | File "C:\Users\maxwell\AppData\Local\Python\pythoncore-3.11-64\Lib\logging\__init__.py", line 1113, in emit
    stream.write(msg + self.terminator)
2026-03-04 15:16:52,365 | 21060 | ERROR | File "C:\Users\maxwell\AppData\Local\Python\pythoncore-3.11-64\Lib\encodings\cp1252.py", line 19, in encode
    return codecs.charmap_encode(input,self.errors,encoding_table)[0]
           ^^^^^^^^^^^^^^^^^^^^^^^^^^^^^^^^^^^^^^^^^^^^^^^^^^^^^^^
2026-03-04 15:16:52,367 | 21060 | ERROR | UnicodeEncodeError: 'charmap' codec can't encode character '\u2248' in position 192: character maps to <undefined>
2026-03-04 15:16:52,367 | 21060 | ERROR | During handling of the above exception, another exception occurred:
2026-03-04 15:16:52,368 | 21060 | ERROR | Traceback (most recent call last):
2026-03-04 15:16:52,368 | 21060 | ERROR | File "C:\Users\maxwell\AppData\Local\Python\pythoncore-3.11-64\Lib\logging\__init__.py", line 1113, in emit
    stream.write(msg + self.terminator)
2026-03-04 15:16:52,369 | 21060 | ERROR | File "C:\Users\maxwell\AppData\Local\Python\pythoncore-3.11-64\Lib\encodings\cp1252.py", line 19, in encode
    return codecs.charmap_encode(input,self.errors,encoding_table)[0]
           ^^^^^^^^^^^^^^^^^^^^^^^^^^^^^^^^^^^^^^^^^^^^^^^^^^^^^^^
2026-03-04 15:16:52,370 | 21060 | ERROR | UnicodeEncodeError: 'charmap' codec can't encode character '\u2248' in position 192: character maps to <undefined>
2026-03-04 15:16:52,370 | 21060 | ERROR | During handling of the above exception, another exception occurred:
2026-03-04 15:16:52,371 | 21060 | ERROR | Traceback (most recent call last):
2026-03-04 15:16:52,372 | 21060 | ERROR | File "C:\Users\maxwell\AppData\Local\Python\pythoncore-3.11-64\Lib\logging\__init__.py", line 1113, in emit
    stream.write(msg + self.terminator)
2026-03-04 15:16:52,372 | 21060 | ERROR | File "C:\Users\maxwell\AppData\Local\Python\pythoncore-3.11-64\Lib\encodings\cp1252.py", line 19, in encode
    return codecs.charmap_encode(input,self.errors,encoding_table)[0]
           ^^^^^^^^^^^^^^^^^^^^^^^^^^^^^^^^^^^^^^^^^^^^^^^^^^^^^^^
2026-03-04 15:16:52,372 | 21060 | ERROR | UnicodeEncodeError: 'charmap' codec can't encode character '\u2248' in position 192: character maps to <undefined>
2026-03-04 15:16:52,373 | 21060 | ERROR | During handling of the above exception, another exception occurred:
2026-03-04 15:16:52,373 | 21060 | ERROR | Traceback (most recent call last):
2026-03-04 15:16:52,375 | 21060 | ERROR | File "C:\Users\maxwell\AppData\Local\Python\pythoncore-3.11-64\Lib\logging\__init__.py", line 1113, in emit
    stream.write(msg + self.terminator)
2026-03-04 15:16:52,375 | 21060 | ERROR | File "C:\Users\maxwell\AppData\Local\Python\pythoncore-3.11-64\Lib\encodings\cp1252.py", line 19, in encode
    return codecs.charmap_encode(input,self.errors,encoding_table)[0]
           ^^^^^^^^^^^^^^^^^^^^^^^^^^^^^^^^^^^^^^^^^^^^^^^^^^^^^^^
2026-03-04 15:16:52,376 | 21060 | ERROR | UnicodeEncodeError: 'charmap' codec can't encode character '\u2248' in position 192: character maps to <undefined>
2026-03-04 15:16:52,377 | 21060 | ERROR | During handling of the above exception, another exception occurred:
2026-03-04 15:16:52,377 | 21060 | ERROR | Traceback (most recent call last):
2026-03-04 15:16:52,377 | 21060 | ERROR | File "C:\Users\maxwell\AppData\Local\Python\pythoncore-3.11-64\Lib\logging\__init__.py", line 1113, in emit
    stream.write(msg + self.terminator)
2026-03-04 15:16:52,377 | 21060 | ERROR | File "C:\Users\maxwell\AppData\Local\Python\pythoncore-3.11-64\Lib\encodings\cp1252.py", line 19, in encode
    return codecs.charmap_encode(input,self.errors,encoding_table)[0]
           ^^^^^^^^^^^^^^^^^^^^^^^^^^^^^^^^^^^^^^^^^^^^^^^^^^^^^^^
2026-03-04 15:16:52,377 | 21060 | ERROR | UnicodeEncodeError: 'charmap' codec can't encode character '\u2248' in position 192: character maps to <undefined>
2026-03-04 15:16:52,377 | 21060 | ERROR | During handling of the above exception, another exception occurred:
2026-03-04 15:16:52,377 | 21060 | ERROR | Traceback (most recent call last):
2026-03-04 15:16:52,377 | 21060 | ERROR | File "C:\Users\maxwell\AppData\Local\Python\pythoncore-3.11-64\Lib\logging\__init__.py", line 1113, in emit
    stream.write(msg + self.terminator)
2026-03-04 15:16:52,377 | 21060 | ERROR | File "C:\Users\maxwell\AppData\Local\Python\pythoncore-3.11-64\Lib\encodings\cp1252.py", line 19, in encode
    return codecs.charmap_encode(input,self.errors,encoding_table)[0]
           ^^^^^^^^^^^^^^^^^^^^^^^^^^^^^^^^^^^^^^^^^^^^^^^^^^^^^^^
2026-03-04 15:16:52,383 | 21060 | ERROR | UnicodeEncodeError: 'charmap' codec can't encode character '\u2248' in position 192: character maps to <undefined>
2026-03-04 15:16:52,383 | 21060 | ERROR | During handling of the above exception, another exception occurred:
2026-03-04 15:16:52,384 | 21060 | ERROR | Traceback (most recent call last):
2026-03-04 15:16:52,385 | 21060 | ERROR | File "C:\Users\maxwell\AppData\Local\Python\pythoncore-3.11-64\Lib\logging\__init__.py", line 1113, in emit
    stream.write(msg + self.terminator)
2026-03-04 15:16:52,385 | 21060 | ERROR | File "C:\Users\maxwell\AppData\Local\Python\pythoncore-3.11-64\Lib\encodings\cp1252.py", line 19, in encode
    return codecs.charmap_encode(input,self.errors,encoding_table)[0]
           ^^^^^^^^^^^^^^^^^^^^^^^^^^^^^^^^^^^^^^^^^^^^^^^^^^^^^^^
2026-03-04 15:16:52,386 | 21060 | ERROR | UnicodeEncodeError: 'charmap' codec can't encode character '\u2248' in position 192: character maps to <undefined>
2026-03-04 15:16:52,386 | 21060 | ERROR | During handling of the above exception, another exception occurred:
2026-03-04 15:16:52,387 | 21060 | ERROR | Traceback (most recent call last):
2026-03-04 15:16:52,387 | 21060 | ERROR | File "C:\Users\maxwell\AppData\Local\Python\pythoncore-3.11-64\Lib\logging\__init__.py", line 1113, in emit
    stream.write(msg + self.terminator)
2026-03-04 15:16:52,387 | 21060 | ERROR | File "C:\Users\maxwell\AppData\Local\Python\pythoncore-3.11-64\Lib\encodings\cp1252.py", line 19, in encode
    return codecs.charmap_encode(input,self.errors,encoding_table)[0]
           ^^^^^^^^^^^^^^^^^^^^^^^^^^^^^^^^^^^^^^^^^^^^^^^^^^^^^^^
2026-03-04 15:16:52,387 | 21060 | ERROR | UnicodeEncodeError: 'charmap' codec can't encode character '\u2248' in position 192: character maps to <undefined>
2026-03-04 15:16:52,387 | 21060 | ERROR | During handling of the above exception, another exception occurred:
2026-03-04 15:16:52,387 | 21060 | ERROR | Traceback (most recent call last):
2026-03-04 15:16:52,387 | 21060 | ERROR | File "C:\Users\maxwell\AppData\Local\Python\pythoncore-3.11-64\Lib\logging\__init__.py", line 1113, in emit
    stream.write(msg + self.terminator)
2026-03-04 15:16:52,392 | 21060 | ERROR | File "C:\Users\maxwell\AppData\Local\Python\pythoncore-3.11-64\Lib\encodings\cp1252.py", line 19, in encode
    return codecs.charmap_encode(input,self.errors,encoding_table)[0]
           ^^^^^^^^^^^^^^^^^^^^^^^^^^^^^^^^^^^^^^^^^^^^^^^^^^^^^^^
2026-03-04 15:16:52,393 | 21060 | ERROR | UnicodeEncodeError: 'charmap' codec can't encode character '\u2248' in position 192: character maps to <undefined>
2026-03-04 15:16:52,393 | 21060 | ERROR | During handling of the above exception, another exception occurred:
2026-03-04 15:16:52,394 | 21060 | ERROR | Traceback (most recent call last):
2026-03-04 15:16:52,394 | 21060 | ERROR | File "C:\Users\maxwell\AppData\Local\Python\pythoncore-3.11-64\Lib\logging\__init__.py", line 1113, in emit
    stream.write(msg + self.terminator)
2026-03-04 15:16:52,395 | 21060 | ERROR | File "C:\Users\maxwell\AppData\Local\Python\pythoncore-3.11-64\Lib\encodings\cp1252.py", line 19, in encode
    return codecs.charmap_encode(input,self.errors,encoding_table)[0]
           ^^^^^^^^^^^^^^^^^^^^^^^^^^^^^^^^^^^^^^^^^^^^^^^^^^^^^^^
2026-03-04 15:16:52,395 | 21060 | ERROR | UnicodeEncodeError: 'charmap' codec can't encode character '\u2248' in position 192: character maps to <undefined>
2026-03-04 15:16:52,397 | 21060 | ERROR | During handling of the above exception, another exception occurred:
2026-03-04 15:16:52,397 | 21060 | ERROR | Traceback (most recent call last):
2026-03-04 15:16:52,398 | 21060 | ERROR | File "C:\Users\maxwell\AppData\Local\Python\pythoncore-3.11-64\Lib\logging\__init__.py", line 1113, in emit
    stream.write(msg + self.terminator)
2026-03-04 15:16:52,399 | 21060 | ERROR | File "C:\Users\maxwell\AppData\Local\Python\pythoncore-3.11-64\Lib\encodings\cp1252.py", line 19, in encode
    return codecs.charmap_encode(input,self.errors,encoding_table)[0]
           ^^^^^^^^^^^^^^^^^^^^^^^^^^^^^^^^^^^^^^^^^^^^^^^^^^^^^^^
2026-03-04 15:16:52,399 | 21060 | ERROR | UnicodeEncodeError: 'charmap' codec can't encode character '\u2248' in position 192: character maps to <undefined>
2026-03-04 15:16:52,400 | 21060 | ERROR | During handling of the above exception, another exception occurred:
2026-03-04 15:16:52,400 | 21060 | ERROR | Traceback (most recent call last):
2026-03-04 15:16:52,401 | 21060 | ERROR | File "C:\Users\maxwell\AppData\Local\Python\pythoncore-3.11-64\Lib\logging\__init__.py", line 1113, in emit
    stream.write(msg + self.terminator)
2026-03-04 15:16:52,401 | 21060 | ERROR | File "C:\Users\maxwell\AppData\Local\Python\pythoncore-3.11-64\Lib\encodings\cp1252.py", line 19, in encode
    return codecs.charmap_encode(input,self.errors,encoding_table)[0]
           ^^^^^^^^^^^^^^^^^^^^^^^^^^^^^^^^^^^^^^^^^^^^^^^^^^^^^^^
2026-03-04 15:16:52,402 | 21060 | ERROR | UnicodeEncodeError: 'charmap' codec can't encode character '\u2248' in position 192: character maps to <undefined>
2026-03-04 15:16:52,403 | 21060 | ERROR | Call stack:
2026-03-04 15:16:52,403 | 21060 | ERROR | File "C:\Users\maxwell\UCB-USACE-RR-PROJECT\run_hyperparam_search.py", line 853, in <module>
    setup_logging()
2026-03-04 15:16:52,403 | 21060 | ERROR | --- Logging error ---
2026-03-04 15:16:52,422 | 21060 | ERROR | Traceback (most recent call last):
2026-03-04 15:16:52,423 | 21060 | ERROR | File "C:\Users\maxwell\AppData\Local\Python\pythoncore-3.11-64\Lib\logging\__init__.py", line 1113, in emit
    stream.write(msg + self.terminator)
2026-03-04 15:16:52,424 | 21060 | ERROR | File "C:\Users\maxwell\AppData\Local\Python\pythoncore-3.11-64\Lib\encodings\cp1252.py", line 19, in encode
    return codecs.charmap_encode(input,self.errors,encoding_table)[0]
           ^^^^^^^^^^^^^^^^^^^^^^^^^^^^^^^^^^^^^^^^^^^^^^^^^^^^^^^
2026-03-04 15:16:52,425 | 21060 | ERROR | UnicodeEncodeError: 'charmap' codec can't encode character '\u2248' in position 107: character maps to <undefined>
2026-03-04 15:16:52,425 | 21060 | ERROR | During handling of the above exception, another exception occurred:
2026-03-04 15:16:52,426 | 21060 | ERROR | Traceback (most recent call last):
2026-03-04 15:16:52,426 | 21060 | ERROR | File "C:\Users\maxwell\AppData\Local\Python\pythoncore-3.11-64\Lib\logging\__init__.py", line 1113, in emit
    stream.write(msg + self.terminator)
2026-03-04 15:16:52,426 | 21060 | ERROR | File "C:\Users\maxwell\AppData\Local\Python\pythoncore-3.11-64\Lib\encodings\cp1252.py", line 19, in encode
    return codecs.charmap_encode(input,self.errors,encoding_table)[0]
           ^^^^^^^^^^^^^^^^^^^^^^^^^^^^^^^^^^^^^^^^^^^^^^^^^^^^^^^
2026-03-04 15:16:52,426 | 21060 | ERROR | UnicodeEncodeError: 'charmap' codec can't encode character '\u2248' in position 192: character maps to <undefined>
2026-03-04 15:16:52,426 | 21060 | ERROR | During handling of the above exception, another exception occurred:
2026-03-04 15:16:52,426 | 21060 | ERROR | Traceback (most recent call last):
2026-03-04 15:16:52,426 | 21060 | ERROR | File "C:\Users\maxwell\AppData\Local\Python\pythoncore-3.11-64\Lib\logging\__init__.py", line 1113, in emit
    stream.write(msg + self.terminator)
2026-03-04 15:16:52,431 | 21060 | ERROR | File "C:\Users\maxwell\AppData\Local\Python\pythoncore-3.11-64\Lib\encodings\cp1252.py", line 19, in encode
    return codecs.charmap_encode(input,self.errors,encoding_table)[0]
           ^^^^^^^^^^^^^^^^^^^^^^^^^^^^^^^^^^^^^^^^^^^^^^^^^^^^^^^
2026-03-04 15:16:52,432 | 21060 | ERROR | UnicodeEncodeError: 'charmap' codec can't encode character '\u2248' in position 192: character maps to <undefined>
2026-03-04 15:16:52,432 | 21060 | ERROR | During handling of the above exception, another exception occurred:
2026-03-04 15:16:52,433 | 21060 | ERROR | Traceback (most recent call last):
2026-03-04 15:16:52,433 | 21060 | ERROR | File "C:\Users\maxwell\AppData\Local\Python\pythoncore-3.11-64\Lib\logging\__init__.py", line 1113, in emit
    stream.write(msg + self.terminator)
2026-03-04 15:16:52,434 | 21060 | ERROR | File "C:\Users\maxwell\AppData\Local\Python\pythoncore-3.11-64\Lib\encodings\cp1252.py", line 19, in encode
    return codecs.charmap_encode(input,self.errors,encoding_table)[0]
           ^^^^^^^^^^^^^^^^^^^^^^^^^^^^^^^^^^^^^^^^^^^^^^^^^^^^^^^
2026-03-04 15:16:52,434 | 21060 | ERROR | UnicodeEncodeError: 'charmap' codec can't encode character '\u2248' in position 192: character maps to <undefined>
2026-03-04 15:16:52,435 | 21060 | ERROR | During handling of the above exception, another exception occurred:
2026-03-04 15:16:52,436 | 21060 | ERROR | Traceback (most recent call last):
2026-03-04 15:16:52,437 | 21060 | ERROR | File "C:\Users\maxwell\AppData\Local\Python\pythoncore-3.11-64\Lib\logging\__init__.py", line 1113, in emit
    stream.write(msg + self.terminator)
2026-03-04 15:16:52,437 | 21060 | ERROR | File "C:\Users\maxwell\AppData\Local\Python\pythoncore-3.11-64\Lib\encodings\cp1252.py", line 19, in encode
    return codecs.charmap_encode(input,self.errors,encoding_table)[0]
           ^^^^^^^^^^^^^^^^^^^^^^^^^^^^^^^^^^^^^^^^^^^^^^^^^^^^^^^
2026-03-04 15:16:52,438 | 21060 | ERROR | UnicodeEncodeError: 'charmap' codec can't encode character '\u2248' in position 192: character maps to <undefined>
2026-03-04 15:16:52,438 | 21060 | ERROR | During handling of the above exception, another exception occurred:
2026-03-04 15:16:52,439 | 21060 | ERROR | Traceback (most recent call last):
2026-03-04 15:16:52,439 | 21060 | ERROR | File "C:\Users\maxwell\AppData\Local\Python\pythoncore-3.11-64\Lib\logging\__init__.py", line 1113, in emit
    stream.write(msg + self.terminator)
2026-03-04 15:16:52,441 | 21060 | ERROR | File "C:\Users\maxwell\AppData\Local\Python\pythoncore-3.11-64\Lib\encodings\cp1252.py", line 19, in encode
    return codecs.charmap_encode(input,self.errors,encoding_table)[0]
           ^^^^^^^^^^^^^^^^^^^^^^^^^^^^^^^^^^^^^^^^^^^^^^^^^^^^^^^
2026-03-04 15:16:52,441 | 21060 | ERROR | UnicodeEncodeError: 'charmap' codec can't encode character '\u2248' in position 192: character maps to <undefined>
2026-03-04 15:16:52,442 | 21060 | ERROR | During handling of the above exception, another exception occurred:
2026-03-04 15:16:52,443 | 21060 | ERROR | Traceback (most recent call last):
2026-03-04 15:16:52,443 | 21060 | ERROR | File "C:\Users\maxwell\AppData\Local\Python\pythoncore-3.11-64\Lib\logging\__init__.py", line 1113, in emit
    stream.write(msg + self.terminator)
2026-03-04 15:16:52,444 | 21060 | ERROR | File "C:\Users\maxwell\AppData\Local\Python\pythoncore-3.11-64\Lib\encodings\cp1252.py", line 19, in encode
    return codecs.charmap_encode(input,self.errors,encoding_table)[0]
           ^^^^^^^^^^^^^^^^^^^^^^^^^^^^^^^^^^^^^^^^^^^^^^^^^^^^^^^
2026-03-04 15:16:52,444 | 21060 | ERROR | UnicodeEncodeError: 'charmap' codec can't encode character '\u2248' in position 192: character maps to <undefined>
2026-03-04 15:16:52,445 | 21060 | ERROR | During handling of the above exception, another exception occurred:
2026-03-04 15:16:52,445 | 21060 | ERROR | Traceback (most recent call last):
2026-03-04 15:16:52,446 | 21060 | ERROR | File "C:\Users\maxwell\AppData\Local\Python\pythoncore-3.11-64\Lib\logging\__init__.py", line 1113, in emit
    stream.write(msg + self.terminator)
2026-03-04 15:16:52,446 | 21060 | ERROR | File "C:\Users\maxwell\AppData\Local\Python\pythoncore-3.11-64\Lib\encodings\cp1252.py", line 19, in encode
    return codecs.charmap_encode(input,self.errors,encoding_table)[0]
           ^^^^^^^^^^^^^^^^^^^^^^^^^^^^^^^^^^^^^^^^^^^^^^^^^^^^^^^
2026-03-04 15:16:52,448 | 21060 | ERROR | UnicodeEncodeError: 'charmap' codec can't encode character '\u2248' in position 192: character maps to <undefined>
2026-03-04 15:16:52,448 | 21060 | ERROR | During handling of the above exception, another exception occurred:
2026-03-04 15:16:52,449 | 21060 | ERROR | Traceback (most recent call last):
2026-03-04 15:16:52,450 | 21060 | ERROR | File "C:\Users\maxwell\AppData\Local\Python\pythoncore-3.11-64\Lib\logging\__init__.py", line 1113, in emit
    stream.write(msg + self.terminator)
2026-03-04 15:16:52,451 | 21060 | ERROR | File "C:\Users\maxwell\AppData\Local\Python\pythoncore-3.11-64\Lib\encodings\cp1252.py", line 19, in encode
    return codecs.charmap_encode(input,self.errors,encoding_table)[0]
           ^^^^^^^^^^^^^^^^^^^^^^^^^^^^^^^^^^^^^^^^^^^^^^^^^^^^^^^
2026-03-04 15:16:52,451 | 21060 | ERROR | UnicodeEncodeError: 'charmap' codec can't encode character '\u2248' in position 192: character maps to <undefined>
2026-03-04 15:16:52,452 | 21060 | ERROR | During handling of the above exception, another exception occurred:
2026-03-04 15:16:52,453 | 21060 | ERROR | Traceback (most recent call last):
2026-03-04 15:16:52,453 | 21060 | ERROR | File "C:\Users\maxwell\AppData\Local\Python\pythoncore-3.11-64\Lib\logging\__init__.py", line 1113, in emit
    stream.write(msg + self.terminator)
2026-03-04 15:16:52,454 | 21060 | ERROR | File "C:\Users\maxwell\AppData\Local\Python\pythoncore-3.11-64\Lib\encodings\cp1252.py", line 19, in encode
    return codecs.charmap_encode(input,self.errors,encoding_table)[0]
           ^^^^^^^^^^^^^^^^^^^^^^^^^^^^^^^^^^^^^^^^^^^^^^^^^^^^^^^
2026-03-04 15:16:52,454 | 21060 | ERROR | UnicodeEncodeError: 'charmap' codec can't encode character '\u2248' in position 192: character maps to <undefined>
2026-03-04 15:16:52,455 | 21060 | ERROR | During handling of the above exception, another exception occurred:
2026-03-04 15:16:52,455 | 21060 | ERROR | Traceback (most recent call last):
2026-03-04 15:16:52,455 | 21060 | ERROR | File "C:\Users\maxwell\AppData\Local\Python\pythoncore-3.11-64\Lib\logging\__init__.py", line 1113, in emit
    stream.write(msg + self.terminator)
2026-03-04 15:16:52,455 | 21060 | ERROR | File "C:\Users\maxwell\AppData\Local\Python\pythoncore-3.11-64\Lib\encodings\cp1252.py", line 19, in encode
    return codecs.charmap_encode(input,self.errors,encoding_table)[0]
           ^^^^^^^^^^^^^^^^^^^^^^^^^^^^^^^^^^^^^^^^^^^^^^^^^^^^^^^
2026-03-04 15:16:52,455 | 21060 | ERROR | UnicodeEncodeError: 'charmap' codec can't encode character '\u2248' in position 192: character maps to <undefined>
2026-03-04 15:16:52,459 | 21060 | ERROR | During handling of the above exception, another exception occurred:
2026-03-04 15:16:52,459 | 21060 | ERROR | Traceback (most recent call last):
2026-03-04 15:16:52,460 | 21060 | ERROR | File "C:\Users\maxwell\AppData\Local\Python\pythoncore-3.11-64\Lib\logging\__init__.py", line 1113, in emit
    stream.write(msg + self.terminator)
2026-03-04 15:16:52,460 | 21060 | ERROR | File "C:\Users\maxwell\AppData\Local\Python\pythoncore-3.11-64\Lib\encodings\cp1252.py", line 19, in encode
    return codecs.charmap_encode(input,self.errors,encoding_table)[0]
           ^^^^^^^^^^^^^^^^^^^^^^^^^^^^^^^^^^^^^^^^^^^^^^^^^^^^^^^
2026-03-04 15:16:52,461 | 21060 | ERROR | UnicodeEncodeError: 'charmap' codec can't encode character '\u2248' in position 192: character maps to <undefined>
2026-03-04 15:16:52,461 | 21060 | ERROR | During handling of the above exception, another exception occurred:
2026-03-04 15:16:52,463 | 21060 | ERROR | Traceback (most recent call last):
2026-03-04 15:16:52,463 | 21060 | ERROR | File "C:\Users\maxwell\AppData\Local\Python\pythoncore-3.11-64\Lib\logging\__init__.py", line 1113, in emit
    stream.write(msg + self.terminator)
2026-03-04 15:16:52,464 | 21060 | ERROR | File "C:\Users\maxwell\AppData\Local\Python\pythoncore-3.11-64\Lib\encodings\cp1252.py", line 19, in encode
    return codecs.charmap_encode(input,self.errors,encoding_table)[0]
           ^^^^^^^^^^^^^^^^^^^^^^^^^^^^^^^^^^^^^^^^^^^^^^^^^^^^^^^
2026-03-04 15:16:52,465 | 21060 | ERROR | UnicodeEncodeError: 'charmap' codec can't encode character '\u2248' in position 192: character maps to <undefined>
2026-03-04 15:16:52,465 | 21060 | ERROR | During handling of the above exception, another exception occurred:
2026-03-04 15:16:52,466 | 21060 | ERROR | Traceback (most recent call last):
2026-03-04 15:16:52,466 | 21060 | ERROR | File "C:\Users\maxwell\AppData\Local\Python\pythoncore-3.11-64\Lib\logging\__init__.py", line 1113, in emit
    stream.write(msg + self.terminator)
2026-03-04 15:16:52,467 | 21060 | ERROR | File "C:\Users\maxwell\AppData\Local\Python\pythoncore-3.11-64\Lib\encodings\cp1252.py", line 19, in encode
    return codecs.charmap_encode(input,self.errors,encoding_table)[0]
           ^^^^^^^^^^^^^^^^^^^^^^^^^^^^^^^^^^^^^^^^^^^^^^^^^^^^^^^
2026-03-04 15:16:52,467 | 21060 | ERROR | UnicodeEncodeError: 'charmap' codec can't encode character '\u2248' in position 192: character maps to <undefined>
2026-03-04 15:16:52,469 | 21060 | ERROR | During handling of the above exception, another exception occurred:
2026-03-04 15:16:52,469 | 21060 | ERROR | Traceback (most recent call last):
2026-03-04 15:16:52,470 | 21060 | ERROR | File "C:\Users\maxwell\AppData\Local\Python\pythoncore-3.11-64\Lib\logging\__init__.py", line 1113, in emit
    stream.write(msg + self.terminator)
2026-03-04 15:16:52,470 | 21060 | ERROR | File "C:\Users\maxwell\AppData\Local\Python\pythoncore-3.11-64\Lib\encodings\cp1252.py", line 19, in encode
    return codecs.charmap_encode(input,self.errors,encoding_table)[0]
           ^^^^^^^^^^^^^^^^^^^^^^^^^^^^^^^^^^^^^^^^^^^^^^^^^^^^^^^
2026-03-04 15:16:52,470 | 21060 | ERROR | UnicodeEncodeError: 'charmap' codec can't encode character '\u2248' in position 192: character maps to <undefined>
2026-03-04 15:16:52,472 | 21060 | ERROR | During handling of the above exception, another exception occurred:
2026-03-04 15:16:52,472 | 21060 | ERROR | Traceback (most recent call last):
2026-03-04 15:16:52,473 | 21060 | ERROR | File "C:\Users\maxwell\AppData\Local\Python\pythoncore-3.11-64\Lib\logging\__init__.py", line 1113, in emit
    stream.write(msg + self.terminator)
2026-03-04 15:16:52,473 | 21060 | ERROR | File "C:\Users\maxwell\AppData\Local\Python\pythoncore-3.11-64\Lib\encodings\cp1252.py", line 19, in encode
    return codecs.charmap_encode(input,self.errors,encoding_table)[0]
           ^^^^^^^^^^^^^^^^^^^^^^^^^^^^^^^^^^^^^^^^^^^^^^^^^^^^^^^
2026-03-04 15:16:52,474 | 21060 | ERROR | UnicodeEncodeError: 'charmap' codec can't encode character '\u2248' in position 192: character maps to <undefined>
2026-03-04 15:16:52,475 | 21060 | ERROR | During handling of the above exception, another exception occurred:
2026-03-04 15:16:52,475 | 21060 | ERROR | Traceback (most recent call last):
2026-03-04 15:16:52,475 | 21060 | ERROR | File "C:\Users\maxwell\AppData\Local\Python\pythoncore-3.11-64\Lib\logging\__init__.py", line 1113, in emit
    stream.write(msg + self.terminator)
2026-03-04 15:16:52,475 | 21060 | ERROR | File "C:\Users\maxwell\AppData\Local\Python\pythoncore-3.11-64\Lib\encodings\cp1252.py", line 19, in encode
    return codecs.charmap_encode(input,self.errors,encoding_table)[0]
           ^^^^^^^^^^^^^^^^^^^^^^^^^^^^^^^^^^^^^^^^^^^^^^^^^^^^^^^
2026-03-04 15:16:52,475 | 21060 | ERROR | UnicodeEncodeError: 'charmap' codec can't encode character '\u2248' in position 192: character maps to <undefined>
2026-03-04 15:16:52,475 | 21060 | ERROR | During handling of the above exception, another exception occurred:
2026-03-04 15:16:52,475 | 21060 | ERROR | Traceback (most recent call last):
2026-03-04 15:16:52,475 | 21060 | ERROR | File "C:\Users\maxwell\AppData\Local\Python\pythoncore-3.11-64\Lib\logging\__init__.py", line 1113, in emit
    stream.write(msg + self.terminator)
2026-03-04 15:16:52,481 | 21060 | ERROR | File "C:\Users\maxwell\AppData\Local\Python\pythoncore-3.11-64\Lib\encodings\cp1252.py", line 19, in encode
    return codecs.charmap_encode(input,self.errors,encoding_table)[0]
           ^^^^^^^^^^^^^^^^^^^^^^^^^^^^^^^^^^^^^^^^^^^^^^^^^^^^^^^
2026-03-04 15:16:52,481 | 21060 | ERROR | UnicodeEncodeError: 'charmap' codec can't encode character '\u2248' in position 192: character maps to <undefined>
2026-03-04 15:16:52,481 | 21060 | ERROR | During handling of the above exception, another exception occurred:
2026-03-04 15:16:52,482 | 21060 | ERROR | Traceback (most recent call last):
2026-03-04 15:16:52,483 | 21060 | ERROR | File "C:\Users\maxwell\AppData\Local\Python\pythoncore-3.11-64\Lib\logging\__init__.py", line 1113, in emit
    stream.write(msg + self.terminator)
2026-03-04 15:16:52,483 | 21060 | ERROR | File "C:\Users\maxwell\AppData\Local\Python\pythoncore-3.11-64\Lib\encodings\cp1252.py", line 19, in encode
    return codecs.charmap_encode(input,self.errors,encoding_table)[0]
           ^^^^^^^^^^^^^^^^^^^^^^^^^^^^^^^^^^^^^^^^^^^^^^^^^^^^^^^
2026-03-04 15:16:52,484 | 21060 | ERROR | UnicodeEncodeError: 'charmap' codec can't encode character '\u2248' in position 192: character maps to <undefined>
2026-03-04 15:16:52,484 | 21060 | ERROR | During handling of the above exception, another exception occurred:
2026-03-04 15:16:52,486 | 21060 | ERROR | Traceback (most recent call last):
2026-03-04 15:16:52,486 | 21060 | ERROR | File "C:\Users\maxwell\AppData\Local\Python\pythoncore-3.11-64\Lib\logging\__init__.py", line 1113, in emit
    stream.write(msg + self.terminator)
2026-03-04 15:16:52,487 | 21060 | ERROR | File "C:\Users\maxwell\AppData\Local\Python\pythoncore-3.11-64\Lib\encodings\cp1252.py", line 19, in encode
    return codecs.charmap_encode(input,self.errors,encoding_table)[0]
           ^^^^^^^^^^^^^^^^^^^^^^^^^^^^^^^^^^^^^^^^^^^^^^^^^^^^^^^
2026-03-04 15:16:52,488 | 21060 | ERROR | UnicodeEncodeError: 'charmap' codec can't encode character '\u2248' in position 192: character maps to <undefined>
2026-03-04 15:16:52,488 | 21060 | ERROR | During handling of the above exception, another exception occurred:
2026-03-04 15:16:52,489 | 21060 | ERROR | Traceback (most recent call last):
2026-03-04 15:16:52,489 | 21060 | ERROR | File "C:\Users\maxwell\AppData\Local\Python\pythoncore-3.11-64\Lib\logging\__init__.py", line 1113, in emit
    stream.write(msg + self.terminator)
2026-03-04 15:16:52,490 | 21060 | ERROR | File "C:\Users\maxwell\AppData\Local\Python\pythoncore-3.11-64\Lib\encodings\cp1252.py", line 19, in encode
    return codecs.charmap_encode(input,self.errors,encoding_table)[0]
           ^^^^^^^^^^^^^^^^^^^^^^^^^^^^^^^^^^^^^^^^^^^^^^^^^^^^^^^
2026-03-04 15:16:52,490 | 21060 | ERROR | UnicodeEncodeError: 'charmap' codec can't encode character '\u2248' in position 192: character maps to <undefined>
2026-03-04 15:16:52,492 | 21060 | ERROR | During handling of the above exception, another exception occurred:
2026-03-04 15:16:52,492 | 21060 | ERROR | Traceback (most recent call last):
2026-03-04 15:16:52,493 | 21060 | ERROR | File "C:\Users\maxwell\AppData\Local\Python\pythoncore-3.11-64\Lib\logging\__init__.py", line 1113, in emit
    stream.write(msg + self.terminator)
2026-03-04 15:16:52,494 | 21060 | ERROR | File "C:\Users\maxwell\AppData\Local\Python\pythoncore-3.11-64\Lib\encodings\cp1252.py", line 19, in encode
    return codecs.charmap_encode(input,self.errors,encoding_table)[0]
           ^^^^^^^^^^^^^^^^^^^^^^^^^^^^^^^^^^^^^^^^^^^^^^^^^^^^^^^
2026-03-04 15:16:52,494 | 21060 | ERROR | UnicodeEncodeError: 'charmap' codec can't encode character '\u2248' in position 192: character maps to <undefined>
2026-03-04 15:16:52,495 | 21060 | ERROR | During handling of the above exception, another exception occurred:
2026-03-04 15:16:52,495 | 21060 | ERROR | Traceback (most recent call last):
2026-03-04 15:16:52,496 | 21060 | ERROR | File "C:\Users\maxwell\AppData\Local\Python\pythoncore-3.11-64\Lib\logging\__init__.py", line 1113, in emit
    stream.write(msg + self.terminator)
2026-03-04 15:16:52,496 | 21060 | ERROR | File "C:\Users\maxwell\AppData\Local\Python\pythoncore-3.11-64\Lib\encodings\cp1252.py", line 19, in encode
    return codecs.charmap_encode(input,self.errors,encoding_table)[0]
           ^^^^^^^^^^^^^^^^^^^^^^^^^^^^^^^^^^^^^^^^^^^^^^^^^^^^^^^
2026-03-04 15:16:52,498 | 21060 | ERROR | UnicodeEncodeError: 'charmap' codec can't encode character '\u2248' in position 192: character maps to <undefined>
2026-03-04 15:16:52,498 | 21060 | ERROR | During handling of the above exception, another exception occurred:
2026-03-04 15:16:52,499 | 21060 | ERROR | Traceback (most recent call last):
2026-03-04 15:16:52,500 | 21060 | ERROR | File "C:\Users\maxwell\AppData\Local\Python\pythoncore-3.11-64\Lib\logging\__init__.py", line 1113, in emit
    stream.write(msg + self.terminator)
2026-03-04 15:16:52,501 | 21060 | ERROR | File "C:\Users\maxwell\AppData\Local\Python\pythoncore-3.11-64\Lib\encodings\cp1252.py", line 19, in encode
    return codecs.charmap_encode(input,self.errors,encoding_table)[0]
           ^^^^^^^^^^^^^^^^^^^^^^^^^^^^^^^^^^^^^^^^^^^^^^^^^^^^^^^
2026-03-04 15:16:52,501 | 21060 | ERROR | UnicodeEncodeError: 'charmap' codec can't encode character '\u2248' in position 192: character maps to <undefined>
2026-03-04 15:16:52,501 | 21060 | ERROR | During handling of the above exception, another exception occurred:
2026-03-04 15:16:52,502 | 21060 | ERROR | Traceback (most recent call last):
2026-03-04 15:16:52,502 | 21060 | ERROR | File "C:\Users\maxwell\AppData\Local\Python\pythoncore-3.11-64\Lib\logging\__init__.py", line 1113, in emit
    stream.write(msg + self.terminator)
2026-03-04 15:16:52,504 | 21060 | ERROR | File "C:\Users\maxwell\AppData\Local\Python\pythoncore-3.11-64\Lib\encodings\cp1252.py", line 19, in encode
    return codecs.charmap_encode(input,self.errors,encoding_table)[0]
           ^^^^^^^^^^^^^^^^^^^^^^^^^^^^^^^^^^^^^^^^^^^^^^^^^^^^^^^
2026-03-04 15:16:52,505 | 21060 | ERROR | UnicodeEncodeError: 'charmap' codec can't encode character '\u2248' in position 192: character maps to <undefined>
2026-03-04 15:16:52,505 | 21060 | ERROR | During handling of the above exception, another exception occurred:
2026-03-04 15:16:52,505 | 21060 | ERROR | Traceback (most recent call last):
2026-03-04 15:16:52,506 | 21060 | ERROR | File "C:\Users\maxwell\AppData\Local\Python\pythoncore-3.11-64\Lib\logging\__init__.py", line 1113, in emit
    stream.write(msg + self.terminator)
2026-03-04 15:16:52,507 | 21060 | ERROR | File "C:\Users\maxwell\AppData\Local\Python\pythoncore-3.11-64\Lib\encodings\cp1252.py", line 19, in encode
    return codecs.charmap_encode(input,self.errors,encoding_table)[0]
           ^^^^^^^^^^^^^^^^^^^^^^^^^^^^^^^^^^^^^^^^^^^^^^^^^^^^^^^
2026-03-04 15:16:52,507 | 21060 | ERROR | UnicodeEncodeError: 'charmap' codec can't encode character '\u2248' in position 192: character maps to <undefined>
2026-03-04 15:16:52,508 | 21060 | ERROR | During handling of the above exception, another exception occurred:
2026-03-04 15:16:52,508 | 21060 | ERROR | Traceback (most recent call last):
2026-03-04 15:16:52,509 | 21060 | ERROR | File "C:\Users\maxwell\AppData\Local\Python\pythoncore-3.11-64\Lib\logging\__init__.py", line 1113, in emit
    stream.write(msg + self.terminator)
2026-03-04 15:16:52,510 | 21060 | ERROR | File "C:\Users\maxwell\AppData\Local\Python\pythoncore-3.11-64\Lib\encodings\cp1252.py", line 19, in encode
    return codecs.charmap_encode(input,self.errors,encoding_table)[0]
           ^^^^^^^^^^^^^^^^^^^^^^^^^^^^^^^^^^^^^^^^^^^^^^^^^^^^^^^
2026-03-04 15:16:52,510 | 21060 | ERROR | UnicodeEncodeError: 'charmap' codec can't encode character '\u2248' in position 192: character maps to <undefined>
2026-03-04 15:16:52,511 | 21060 | ERROR | During handling of the above exception, another exception occurred:
2026-03-04 15:16:52,512 | 21060 | ERROR | Traceback (most recent call last):
2026-03-04 15:16:52,512 | 21060 | ERROR | File "C:\Users\maxwell\AppData\Local\Python\pythoncore-3.11-64\Lib\logging\__init__.py", line 1113, in emit
    stream.write(msg + self.terminator)
2026-03-04 15:16:52,512 | 21060 | ERROR | File "C:\Users\maxwell\AppData\Local\Python\pythoncore-3.11-64\Lib\encodings\cp1252.py", line 19, in encode
    return codecs.charmap_encode(input,self.errors,encoding_table)[0]
           ^^^^^^^^^^^^^^^^^^^^^^^^^^^^^^^^^^^^^^^^^^^^^^^^^^^^^^^
2026-03-04 15:16:52,512 | 21060 | ERROR | UnicodeEncodeError: 'charmap' codec can't encode character '\u2248' in position 192: character maps to <undefined>
2026-03-04 15:16:52,512 | 21060 | ERROR | During handling of the above exception, another exception occurred:
2026-03-04 15:16:52,512 | 21060 | ERROR | Traceback (most recent call last):
2026-03-04 15:16:52,517 | 21060 | ERROR | File "C:\Users\maxwell\AppData\Local\Python\pythoncore-3.11-64\Lib\logging\__init__.py", line 1113, in emit
    stream.write(msg + self.terminator)
2026-03-04 15:16:52,517 | 21060 | ERROR | File "C:\Users\maxwell\AppData\Local\Python\pythoncore-3.11-64\Lib\encodings\cp1252.py", line 19, in encode
    return codecs.charmap_encode(input,self.errors,encoding_table)[0]
           ^^^^^^^^^^^^^^^^^^^^^^^^^^^^^^^^^^^^^^^^^^^^^^^^^^^^^^^
2026-03-04 15:16:52,518 | 21060 | ERROR | UnicodeEncodeError: 'charmap' codec can't encode character '\u2248' in position 192: character maps to <undefined>
2026-03-04 15:16:52,518 | 21060 | ERROR | During handling of the above exception, another exception occurred:
2026-03-04 15:16:52,519 | 21060 | ERROR | Traceback (most recent call last):
2026-03-04 15:16:52,520 | 21060 | ERROR | File "C:\Users\maxwell\AppData\Local\Python\pythoncore-3.11-64\Lib\logging\__init__.py", line 1113, in emit
    stream.write(msg + self.terminator)
2026-03-04 15:16:52,521 | 21060 | ERROR | File "C:\Users\maxwell\AppData\Local\Python\pythoncore-3.11-64\Lib\encodings\cp1252.py", line 19, in encode
    return codecs.charmap_encode(input,self.errors,encoding_table)[0]
           ^^^^^^^^^^^^^^^^^^^^^^^^^^^^^^^^^^^^^^^^^^^^^^^^^^^^^^^
2026-03-04 15:16:52,521 | 21060 | ERROR | UnicodeEncodeError: 'charmap' codec can't encode character '\u2248' in position 192: character maps to <undefined>
2026-03-04 15:16:52,522 | 21060 | ERROR | During handling of the above exception, another exception occurred:
2026-03-04 15:16:52,522 | 21060 | ERROR | Traceback (most recent call last):
2026-03-04 15:16:52,523 | 21060 | ERROR | File "C:\Users\maxwell\AppData\Local\Python\pythoncore-3.11-64\Lib\logging\__init__.py", line 1113, in emit
    stream.write(msg + self.terminator)
2026-03-04 15:16:52,523 | 21060 | ERROR | File "C:\Users\maxwell\AppData\Local\Python\pythoncore-3.11-64\Lib\encodings\cp1252.py", line 19, in encode
    return codecs.charmap_encode(input,self.errors,encoding_table)[0]
           ^^^^^^^^^^^^^^^^^^^^^^^^^^^^^^^^^^^^^^^^^^^^^^^^^^^^^^^
2026-03-04 15:16:52,524 | 21060 | ERROR | UnicodeEncodeError: 'charmap' codec can't encode character '\u2248' in position 192: character maps to <undefined>
2026-03-04 15:16:52,524 | 21060 | ERROR | During handling of the above exception, another exception occurred:
2026-03-04 15:16:52,526 | 21060 | ERROR | Traceback (most recent call last):
2026-03-04 15:16:52,526 | 21060 | ERROR | File "C:\Users\maxwell\AppData\Local\Python\pythoncore-3.11-64\Lib\logging\__init__.py", line 1113, in emit
    stream.write(msg + self.terminator)
2026-03-04 15:16:52,527 | 21060 | ERROR | File "C:\Users\maxwell\AppData\Local\Python\pythoncore-3.11-64\Lib\encodings\cp1252.py", line 19, in encode
    return codecs.charmap_encode(input,self.errors,encoding_table)[0]
           ^^^^^^^^^^^^^^^^^^^^^^^^^^^^^^^^^^^^^^^^^^^^^^^^^^^^^^^
2026-03-04 15:16:52,528 | 21060 | ERROR | UnicodeEncodeError: 'charmap' codec can't encode character '\u2248' in position 192: character maps to <undefined>
2026-03-04 15:16:52,528 | 21060 | ERROR | During handling of the above exception, another exception occurred:
2026-03-04 15:16:52,529 | 21060 | ERROR | Traceback (most recent call last):
2026-03-04 15:16:52,529 | 21060 | ERROR | File "C:\Users\maxwell\AppData\Local\Python\pythoncore-3.11-64\Lib\logging\__init__.py", line 1113, in emit
    stream.write(msg + self.terminator)
2026-03-04 15:16:52,530 | 21060 | ERROR | File "C:\Users\maxwell\AppData\Local\Python\pythoncore-3.11-64\Lib\encodings\cp1252.py", line 19, in encode
    return codecs.charmap_encode(input,self.errors,encoding_table)[0]
           ^^^^^^^^^^^^^^^^^^^^^^^^^^^^^^^^^^^^^^^^^^^^^^^^^^^^^^^
2026-03-04 15:16:52,530 | 21060 | ERROR | UnicodeEncodeError: 'charmap' codec can't encode character '\u2248' in position 192: character maps to <undefined>
2026-03-04 15:16:52,532 | 21060 | ERROR | During handling of the above exception, another exception occurred:
2026-03-04 15:16:52,532 | 21060 | ERROR | Traceback (most recent call last):
2026-03-04 15:16:52,533 | 21060 | ERROR | File "C:\Users\maxwell\AppData\Local\Python\pythoncore-3.11-64\Lib\logging\__init__.py", line 1113, in emit
    stream.write(msg + self.terminator)
2026-03-04 15:16:52,533 | 21060 | ERROR | File "C:\Users\maxwell\AppData\Local\Python\pythoncore-3.11-64\Lib\encodings\cp1252.py", line 19, in encode
    return codecs.charmap_encode(input,self.errors,encoding_table)[0]
           ^^^^^^^^^^^^^^^^^^^^^^^^^^^^^^^^^^^^^^^^^^^^^^^^^^^^^^^
2026-03-04 15:16:52,533 | 21060 | ERROR | UnicodeEncodeError: 'charmap' codec can't encode character '\u2248' in position 192: character maps to <undefined>
2026-03-04 15:16:52,535 | 21060 | ERROR | During handling of the above exception, another exception occurred:
2026-03-04 15:16:52,536 | 21060 | ERROR | Traceback (most recent call last):
2026-03-04 15:16:52,536 | 21060 | ERROR | File "C:\Users\maxwell\AppData\Local\Python\pythoncore-3.11-64\Lib\logging\__init__.py", line 1113, in emit
    stream.write(msg + self.terminator)
2026-03-04 15:16:52,537 | 21060 | ERROR | File "C:\Users\maxwell\AppData\Local\Python\pythoncore-3.11-64\Lib\encodings\cp1252.py", line 19, in encode
    return codecs.charmap_encode(input,self.errors,encoding_table)[0]
           ^^^^^^^^^^^^^^^^^^^^^^^^^^^^^^^^^^^^^^^^^^^^^^^^^^^^^^^
2026-03-04 15:16:52,538 | 21060 | ERROR | UnicodeEncodeError: 'charmap' codec can't encode character '\u2248' in position 192: character maps to <undefined>
2026-03-04 15:16:52,538 | 21060 | ERROR | During handling of the above exception, another exception occurred:
2026-03-04 15:16:52,539 | 21060 | ERROR | Traceback (most recent call last):
2026-03-04 15:16:52,539 | 21060 | ERROR | File "C:\Users\maxwell\AppData\Local\Python\pythoncore-3.11-64\Lib\logging\__init__.py", line 1113, in emit
    stream.write(msg + self.terminator)
2026-03-04 15:16:52,539 | 21060 | ERROR | File "C:\Users\maxwell\AppData\Local\Python\pythoncore-3.11-64\Lib\encodings\cp1252.py", line 19, in encode
    return codecs.charmap_encode(input,self.errors,encoding_table)[0]
           ^^^^^^^^^^^^^^^^^^^^^^^^^^^^^^^^^^^^^^^^^^^^^^^^^^^^^^^
2026-03-04 15:16:52,539 | 21060 | ERROR | UnicodeEncodeError: 'charmap' codec can't encode character '\u2248' in position 192: character maps to <undefined>
2026-03-04 15:16:52,539 | 21060 | ERROR | During handling of the above exception, another exception occurred:
2026-03-04 15:16:52,539 | 21060 | ERROR | Traceback (most recent call last):
2026-03-04 15:16:52,543 | 21060 | ERROR | File "C:\Users\maxwell\AppData\Local\Python\pythoncore-3.11-64\Lib\logging\__init__.py", line 1113, in emit
    stream.write(msg + self.terminator)
2026-03-04 15:16:52,543 | 21060 | ERROR | File "C:\Users\maxwell\AppData\Local\Python\pythoncore-3.11-64\Lib\encodings\cp1252.py", line 19, in encode
    return codecs.charmap_encode(input,self.errors,encoding_table)[0]
           ^^^^^^^^^^^^^^^^^^^^^^^^^^^^^^^^^^^^^^^^^^^^^^^^^^^^^^^
2026-03-04 15:16:52,543 | 21060 | ERROR | UnicodeEncodeError: 'charmap' codec can't encode character '\u2248' in position 192: character maps to <undefined>
2026-03-04 15:16:52,545 | 21060 | ERROR | During handling of the above exception, another exception occurred:
2026-03-04 15:16:52,545 | 21060 | ERROR | Traceback (most recent call last):
2026-03-04 15:16:52,546 | 21060 | ERROR | File "C:\Users\maxwell\AppData\Local\Python\pythoncore-3.11-64\Lib\logging\__init__.py", line 1113, in emit
    stream.write(msg + self.terminator)
2026-03-04 15:16:52,547 | 21060 | ERROR | File "C:\Users\maxwell\AppData\Local\Python\pythoncore-3.11-64\Lib\encodings\cp1252.py", line 19, in encode
    return codecs.charmap_encode(input,self.errors,encoding_table)[0]
           ^^^^^^^^^^^^^^^^^^^^^^^^^^^^^^^^^^^^^^^^^^^^^^^^^^^^^^^
2026-03-04 15:16:52,548 | 21060 | ERROR | UnicodeEncodeError: 'charmap' codec can't encode character '\u2248' in position 192: character maps to <undefined>
2026-03-04 15:16:52,549 | 21060 | ERROR | During handling of the above exception, another exception occurred:
2026-03-04 15:16:52,549 | 21060 | ERROR | Traceback (most recent call last):
2026-03-04 15:16:52,550 | 21060 | ERROR | File "C:\Users\maxwell\AppData\Local\Python\pythoncore-3.11-64\Lib\logging\__init__.py", line 1113, in emit
    stream.write(msg + self.terminator)
2026-03-04 15:16:52,551 | 21060 | ERROR | File "C:\Users\maxwell\AppData\Local\Python\pythoncore-3.11-64\Lib\encodings\cp1252.py", line 19, in encode
    return codecs.charmap_encode(input,self.errors,encoding_table)[0]
           ^^^^^^^^^^^^^^^^^^^^^^^^^^^^^^^^^^^^^^^^^^^^^^^^^^^^^^^
2026-03-04 15:16:52,551 | 21060 | ERROR | UnicodeEncodeError: 'charmap' codec can't encode character '\u2248' in position 192: character maps to <undefined>
2026-03-04 15:16:52,552 | 21060 | ERROR | Call stack:
2026-03-04 15:16:52,557 | 21060 | ERROR | File "C:\Users\maxwell\UCB-USACE-RR-PROJECT\run_hyperparam_search.py", line 853, in <module>
    setup_logging()
2026-03-04 15:16:52,558 | 21060 | ERROR | --- Logging error ---
2026-03-04 15:16:52,561 | 21060 | ERROR | Traceback (most recent call last):
2026-03-04 15:16:52,561 | 21060 | ERROR | File "C:\Users\maxwell\AppData\Local\Python\pythoncore-3.11-64\Lib\logging\__init__.py", line 1113, in emit
    stream.write(msg + self.terminator)
2026-03-04 15:16:52,573 | 21060 | ERROR | File "C:\Users\maxwell\AppData\Local\Python\pythoncore-3.11-64\Lib\encodings\cp1252.py", line 19, in encode
    return codecs.charmap_encode(input,self.errors,encoding_table)[0]
           ^^^^^^^^^^^^^^^^^^^^^^^^^^^^^^^^^^^^^^^^^^^^^^^^^^^^^^^
2026-03-04 15:16:52,573 | 21060 | ERROR | UnicodeEncodeError: 'charmap' codec can't encode character '\u2248' in position 107: character maps to <undefined>
2026-03-04 15:16:52,574 | 21060 | ERROR | During handling of the above exception, another exception occurred:
2026-03-04 15:16:52,575 | 21060 | ERROR | Traceback (most recent call last):
2026-03-04 15:16:52,576 | 21060 | ERROR | File "C:\Users\maxwell\AppData\Local\Python\pythoncore-3.11-64\Lib\logging\__init__.py", line 1113, in emit
    stream.write(msg + self.terminator)
2026-03-04 15:16:52,577 | 21060 | ERROR | File "C:\Users\maxwell\AppData\Local\Python\pythoncore-3.11-64\Lib\encodings\cp1252.py", line 19, in encode
    return codecs.charmap_encode(input,self.errors,encoding_table)[0]
           ^^^^^^^^^^^^^^^^^^^^^^^^^^^^^^^^^^^^^^^^^^^^^^^^^^^^^^^
2026-03-04 15:16:52,577 | 21060 | ERROR | UnicodeEncodeError: 'charmap' codec can't encode character '\u2248' in position 192: character maps to <undefined>
2026-03-04 15:16:52,578 | 21060 | ERROR | During handling of the above exception, another exception occurred:
2026-03-04 15:16:52,578 | 21060 | ERROR | Traceback (most recent call last):
2026-03-04 15:16:52,579 | 21060 | ERROR | File "C:\Users\maxwell\AppData\Local\Python\pythoncore-3.11-64\Lib\logging\__init__.py", line 1113, in emit
    stream.write(msg + self.terminator)
2026-03-04 15:16:52,580 | 21060 | ERROR | File "C:\Users\maxwell\AppData\Local\Python\pythoncore-3.11-64\Lib\encodings\cp1252.py", line 19, in encode
    return codecs.charmap_encode(input,self.errors,encoding_table)[0]
           ^^^^^^^^^^^^^^^^^^^^^^^^^^^^^^^^^^^^^^^^^^^^^^^^^^^^^^^
2026-03-04 15:16:52,581 | 21060 | ERROR | UnicodeEncodeError: 'charmap' codec can't encode character '\u2248' in position 192: character maps to <undefined>
2026-03-04 15:16:52,581 | 21060 | ERROR | During handling of the above exception, another exception occurred:
2026-03-04 15:16:52,582 | 21060 | ERROR | Traceback (most recent call last):
2026-03-04 15:16:52,582 | 21060 | ERROR | File "C:\Users\maxwell\AppData\Local\Python\pythoncore-3.11-64\Lib\logging\__init__.py", line 1113, in emit
    stream.write(msg + self.terminator)
2026-03-04 15:16:52,583 | 21060 | ERROR | File "C:\Users\maxwell\AppData\Local\Python\pythoncore-3.11-64\Lib\encodings\cp1252.py", line 19, in encode
    return codecs.charmap_encode(input,self.errors,encoding_table)[0]
           ^^^^^^^^^^^^^^^^^^^^^^^^^^^^^^^^^^^^^^^^^^^^^^^^^^^^^^^
2026-03-04 15:16:52,583 | 21060 | ERROR | UnicodeEncodeError: 'charmap' codec can't encode character '\u2248' in position 192: character maps to <undefined>
2026-03-04 15:16:52,585 | 21060 | ERROR | During handling of the above exception, another exception occurred:
2026-03-04 15:16:52,585 | 21060 | ERROR | Traceback (most recent call last):
2026-03-04 15:16:52,585 | 21060 | ERROR | File "C:\Users\maxwell\AppData\Local\Python\pythoncore-3.11-64\Lib\logging\__init__.py", line 1113, in emit
    stream.write(msg + self.terminator)
2026-03-04 15:16:52,586 | 21060 | ERROR | File "C:\Users\maxwell\AppData\Local\Python\pythoncore-3.11-64\Lib\encodings\cp1252.py", line 19, in encode
    return codecs.charmap_encode(input,self.errors,encoding_table)[0]
           ^^^^^^^^^^^^^^^^^^^^^^^^^^^^^^^^^^^^^^^^^^^^^^^^^^^^^^^
2026-03-04 15:16:52,586 | 21060 | ERROR | UnicodeEncodeError: 'charmap' codec can't encode character '\u2248' in position 192: character maps to <undefined>
2026-03-04 15:16:52,588 | 21060 | ERROR | During handling of the above exception, another exception occurred:
2026-03-04 15:16:52,588 | 21060 | ERROR | Traceback (most recent call last):
2026-03-04 15:16:52,589 | 21060 | ERROR | File "C:\Users\maxwell\AppData\Local\Python\pythoncore-3.11-64\Lib\logging\__init__.py", line 1113, in emit
    stream.write(msg + self.terminator)
2026-03-04 15:16:52,590 | 21060 | ERROR | File "C:\Users\maxwell\AppData\Local\Python\pythoncore-3.11-64\Lib\encodings\cp1252.py", line 19, in encode
    return codecs.charmap_encode(input,self.errors,encoding_table)[0]
           ^^^^^^^^^^^^^^^^^^^^^^^^^^^^^^^^^^^^^^^^^^^^^^^^^^^^^^^
2026-03-04 15:16:52,590 | 21060 | ERROR | UnicodeEncodeError: 'charmap' codec can't encode character '\u2248' in position 192: character maps to <undefined>
2026-03-04 15:16:52,590 | 21060 | ERROR | During handling of the above exception, another exception occurred:
2026-03-04 15:16:52,590 | 21060 | ERROR | Traceback (most recent call last):
2026-03-04 15:16:52,590 | 21060 | ERROR | File "C:\Users\maxwell\AppData\Local\Python\pythoncore-3.11-64\Lib\logging\__init__.py", line 1113, in emit
    stream.write(msg + self.terminator)
2026-03-04 15:16:52,590 | 21060 | ERROR | File "C:\Users\maxwell\AppData\Local\Python\pythoncore-3.11-64\Lib\encodings\cp1252.py", line 19, in encode
    return codecs.charmap_encode(input,self.errors,encoding_table)[0]
           ^^^^^^^^^^^^^^^^^^^^^^^^^^^^^^^^^^^^^^^^^^^^^^^^^^^^^^^
2026-03-04 15:16:52,590 | 21060 | ERROR | UnicodeEncodeError: 'charmap' codec can't encode character '\u2248' in position 192: character maps to <undefined>
2026-03-04 15:16:52,590 | 21060 | ERROR | During handling of the above exception, another exception occurred:
2026-03-04 15:16:52,590 | 21060 | ERROR | Traceback (most recent call last):
2026-03-04 15:16:52,595 | 21060 | ERROR | File "C:\Users\maxwell\AppData\Local\Python\pythoncore-3.11-64\Lib\logging\__init__.py", line 1113, in emit
    stream.write(msg + self.terminator)
2026-03-04 15:16:52,596 | 21060 | ERROR | File "C:\Users\maxwell\AppData\Local\Python\pythoncore-3.11-64\Lib\encodings\cp1252.py", line 19, in encode
    return codecs.charmap_encode(input,self.errors,encoding_table)[0]
           ^^^^^^^^^^^^^^^^^^^^^^^^^^^^^^^^^^^^^^^^^^^^^^^^^^^^^^^
2026-03-04 15:16:52,596 | 21060 | ERROR | UnicodeEncodeError: 'charmap' codec can't encode character '\u2248' in position 192: character maps to <undefined>
2026-03-04 15:16:52,597 | 21060 | ERROR | During handling of the above exception, another exception occurred:
2026-03-04 15:16:52,597 | 21060 | ERROR | Traceback (most recent call last):
2026-03-04 15:16:52,599 | 21060 | ERROR | File "C:\Users\maxwell\AppData\Local\Python\pythoncore-3.11-64\Lib\logging\__init__.py", line 1113, in emit
    stream.write(msg + self.terminator)
2026-03-04 15:16:52,599 | 21060 | ERROR | File "C:\Users\maxwell\AppData\Local\Python\pythoncore-3.11-64\Lib\encodings\cp1252.py", line 19, in encode
    return codecs.charmap_encode(input,self.errors,encoding_table)[0]
           ^^^^^^^^^^^^^^^^^^^^^^^^^^^^^^^^^^^^^^^^^^^^^^^^^^^^^^^
2026-03-04 15:16:52,600 | 21060 | ERROR | UnicodeEncodeError: 'charmap' codec can't encode character '\u2248' in position 192: character maps to <undefined>
2026-03-04 15:16:52,600 | 21060 | ERROR | During handling of the above exception, another exception occurred:
2026-03-04 15:16:52,600 | 21060 | ERROR | Traceback (most recent call last):
2026-03-04 15:16:52,600 | 21060 | ERROR | File "C:\Users\maxwell\AppData\Local\Python\pythoncore-3.11-64\Lib\logging\__init__.py", line 1113, in emit
    stream.write(msg + self.terminator)
2026-03-04 15:16:52,600 | 21060 | ERROR | File "C:\Users\maxwell\AppData\Local\Python\pythoncore-3.11-64\Lib\encodings\cp1252.py", line 19, in encode
    return codecs.charmap_encode(input,self.errors,encoding_table)[0]
           ^^^^^^^^^^^^^^^^^^^^^^^^^^^^^^^^^^^^^^^^^^^^^^^^^^^^^^^
2026-03-04 15:16:52,600 | 21060 | ERROR | UnicodeEncodeError: 'charmap' codec can't encode character '\u2248' in position 192: character maps to <undefined>
2026-03-04 15:16:52,600 | 21060 | ERROR | During handling of the above exception, another exception occurred:
2026-03-04 15:16:52,600 | 21060 | ERROR | Traceback (most recent call last):
2026-03-04 15:16:52,605 | 21060 | ERROR | File "C:\Users\maxwell\AppData\Local\Python\pythoncore-3.11-64\Lib\logging\__init__.py", line 1113, in emit
    stream.write(msg + self.terminator)
2026-03-04 15:16:52,606 | 21060 | ERROR | File "C:\Users\maxwell\AppData\Local\Python\pythoncore-3.11-64\Lib\encodings\cp1252.py", line 19, in encode
    return codecs.charmap_encode(input,self.errors,encoding_table)[0]
           ^^^^^^^^^^^^^^^^^^^^^^^^^^^^^^^^^^^^^^^^^^^^^^^^^^^^^^^
2026-03-04 15:16:52,607 | 21060 | ERROR | UnicodeEncodeError: 'charmap' codec can't encode character '\u2248' in position 192: character maps to <undefined>
2026-03-04 15:16:52,607 | 21060 | ERROR | During handling of the above exception, another exception occurred:
2026-03-04 15:16:52,608 | 21060 | ERROR | Traceback (most recent call last):
2026-03-04 15:16:52,608 | 21060 | ERROR | File "C:\Users\maxwell\AppData\Local\Python\pythoncore-3.11-64\Lib\logging\__init__.py", line 1113, in emit
    stream.write(msg + self.terminator)
2026-03-04 15:16:52,609 | 21060 | ERROR | File "C:\Users\maxwell\AppData\Local\Python\pythoncore-3.11-64\Lib\encodings\cp1252.py", line 19, in encode
    return codecs.charmap_encode(input,self.errors,encoding_table)[0]
           ^^^^^^^^^^^^^^^^^^^^^^^^^^^^^^^^^^^^^^^^^^^^^^^^^^^^^^^
2026-03-04 15:16:52,609 | 21060 | ERROR | UnicodeEncodeError: 'charmap' codec can't encode character '\u2248' in position 192: character maps to <undefined>
2026-03-04 15:16:52,610 | 21060 | ERROR | During handling of the above exception, another exception occurred:
2026-03-04 15:16:52,611 | 21060 | ERROR | Traceback (most recent call last):
2026-03-04 15:16:52,611 | 21060 | ERROR | File "C:\Users\maxwell\AppData\Local\Python\pythoncore-3.11-64\Lib\logging\__init__.py", line 1113, in emit
    stream.write(msg + self.terminator)
2026-03-04 15:16:52,612 | 21060 | ERROR | File "C:\Users\maxwell\AppData\Local\Python\pythoncore-3.11-64\Lib\encodings\cp1252.py", line 19, in encode
    return codecs.charmap_encode(input,self.errors,encoding_table)[0]
           ^^^^^^^^^^^^^^^^^^^^^^^^^^^^^^^^^^^^^^^^^^^^^^^^^^^^^^^
2026-03-04 15:16:52,612 | 21060 | ERROR | UnicodeEncodeError: 'charmap' codec can't encode character '\u2248' in position 192: character maps to <undefined>
2026-03-04 15:16:52,614 | 21060 | ERROR | During handling of the above exception, another exception occurred:
2026-03-04 15:16:52,615 | 21060 | ERROR | Traceback (most recent call last):
2026-03-04 15:16:52,615 | 21060 | ERROR | File "C:\Users\maxwell\AppData\Local\Python\pythoncore-3.11-64\Lib\logging\__init__.py", line 1113, in emit
    stream.write(msg + self.terminator)
2026-03-04 15:16:52,616 | 21060 | ERROR | File "C:\Users\maxwell\AppData\Local\Python\pythoncore-3.11-64\Lib\encodings\cp1252.py", line 19, in encode
    return codecs.charmap_encode(input,self.errors,encoding_table)[0]
           ^^^^^^^^^^^^^^^^^^^^^^^^^^^^^^^^^^^^^^^^^^^^^^^^^^^^^^^
2026-03-04 15:16:52,617 | 21060 | ERROR | UnicodeEncodeError: 'charmap' codec can't encode character '\u2248' in position 192: character maps to <undefined>
2026-03-04 15:16:52,617 | 21060 | ERROR | During handling of the above exception, another exception occurred:
2026-03-04 15:16:52,618 | 21060 | ERROR | Traceback (most recent call last):
2026-03-04 15:16:52,618 | 21060 | ERROR | File "C:\Users\maxwell\AppData\Local\Python\pythoncore-3.11-64\Lib\logging\__init__.py", line 1113, in emit
    stream.write(msg + self.terminator)
2026-03-04 15:16:52,618 | 21060 | ERROR | File "C:\Users\maxwell\AppData\Local\Python\pythoncore-3.11-64\Lib\encodings\cp1252.py", line 19, in encode
    return codecs.charmap_encode(input,self.errors,encoding_table)[0]
           ^^^^^^^^^^^^^^^^^^^^^^^^^^^^^^^^^^^^^^^^^^^^^^^^^^^^^^^
2026-03-04 15:16:52,618 | 21060 | ERROR | UnicodeEncodeError: 'charmap' codec can't encode character '\u2248' in position 192: character maps to <undefined>
2026-03-04 15:16:52,618 | 21060 | ERROR | During handling of the above exception, another exception occurred:
2026-03-04 15:16:52,618 | 21060 | ERROR | Traceback (most recent call last):
2026-03-04 15:16:52,618 | 21060 | ERROR | File "C:\Users\maxwell\AppData\Local\Python\pythoncore-3.11-64\Lib\logging\__init__.py", line 1113, in emit
    stream.write(msg + self.terminator)
2026-03-04 15:16:52,622 | 21060 | ERROR | File "C:\Users\maxwell\AppData\Local\Python\pythoncore-3.11-64\Lib\encodings\cp1252.py", line 19, in encode
    return codecs.charmap_encode(input,self.errors,encoding_table)[0]
           ^^^^^^^^^^^^^^^^^^^^^^^^^^^^^^^^^^^^^^^^^^^^^^^^^^^^^^^
2026-03-04 15:16:52,623 | 21060 | ERROR | UnicodeEncodeError: 'charmap' codec can't encode character '\u2248' in position 192: character maps to <undefined>
2026-03-04 15:16:52,623 | 21060 | ERROR | During handling of the above exception, another exception occurred:
2026-03-04 15:16:52,624 | 21060 | ERROR | Traceback (most recent call last):
2026-03-04 15:16:52,624 | 21060 | ERROR | File "C:\Users\maxwell\AppData\Local\Python\pythoncore-3.11-64\Lib\logging\__init__.py", line 1113, in emit
    stream.write(msg + self.terminator)
2026-03-04 15:16:52,625 | 21060 | ERROR | File "C:\Users\maxwell\AppData\Local\Python\pythoncore-3.11-64\Lib\encodings\cp1252.py", line 19, in encode
    return codecs.charmap_encode(input,self.errors,encoding_table)[0]
           ^^^^^^^^^^^^^^^^^^^^^^^^^^^^^^^^^^^^^^^^^^^^^^^^^^^^^^^
2026-03-04 15:16:52,625 | 21060 | ERROR | UnicodeEncodeError: 'charmap' codec can't encode character '\u2248' in position 192: character maps to <undefined>
2026-03-04 15:16:52,627 | 21060 | ERROR | During handling of the above exception, another exception occurred:
2026-03-04 15:16:52,627 | 21060 | ERROR | Traceback (most recent call last):
2026-03-04 15:16:52,627 | 21060 | ERROR | File "C:\Users\maxwell\AppData\Local\Python\pythoncore-3.11-64\Lib\logging\__init__.py", line 1113, in emit
    stream.write(msg + self.terminator)
2026-03-04 15:16:52,627 | 21060 | ERROR | File "C:\Users\maxwell\AppData\Local\Python\pythoncore-3.11-64\Lib\encodings\cp1252.py", line 19, in encode
    return codecs.charmap_encode(input,self.errors,encoding_table)[0]
           ^^^^^^^^^^^^^^^^^^^^^^^^^^^^^^^^^^^^^^^^^^^^^^^^^^^^^^^
2026-03-04 15:16:52,627 | 21060 | ERROR | UnicodeEncodeError: 'charmap' codec can't encode character '\u2248' in position 192: character maps to <undefined>
2026-03-04 15:16:52,627 | 21060 | ERROR | During handling of the above exception, another exception occurred:
2026-03-04 15:16:52,627 | 21060 | ERROR | Traceback (most recent call last):
2026-03-04 15:16:52,627 | 21060 | ERROR | File "C:\Users\maxwell\AppData\Local\Python\pythoncore-3.11-64\Lib\logging\__init__.py", line 1113, in emit
    stream.write(msg + self.terminator)
2026-03-04 15:16:52,627 | 21060 | ERROR | File "C:\Users\maxwell\AppData\Local\Python\pythoncore-3.11-64\Lib\encodings\cp1252.py", line 19, in encode
    return codecs.charmap_encode(input,self.errors,encoding_table)[0]
           ^^^^^^^^^^^^^^^^^^^^^^^^^^^^^^^^^^^^^^^^^^^^^^^^^^^^^^^
2026-03-04 15:16:52,627 | 21060 | ERROR | UnicodeEncodeError: 'charmap' codec can't encode character '\u2248' in position 192: character maps to <undefined>
2026-03-04 15:16:52,633 | 21060 | ERROR | During handling of the above exception, another exception occurred:
2026-03-04 15:16:52,634 | 21060 | ERROR | Traceback (most recent call last):
2026-03-04 15:16:52,634 | 21060 | ERROR | File "C:\Users\maxwell\AppData\Local\Python\pythoncore-3.11-64\Lib\logging\__init__.py", line 1113, in emit
    stream.write(msg + self.terminator)
2026-03-04 15:16:52,635 | 21060 | ERROR | File "C:\Users\maxwell\AppData\Local\Python\pythoncore-3.11-64\Lib\encodings\cp1252.py", line 19, in encode
    return codecs.charmap_encode(input,self.errors,encoding_table)[0]
           ^^^^^^^^^^^^^^^^^^^^^^^^^^^^^^^^^^^^^^^^^^^^^^^^^^^^^^^
2026-03-04 15:16:52,635 | 21060 | ERROR | UnicodeEncodeError: 'charmap' codec can't encode character '\u2248' in position 192: character maps to <undefined>
2026-03-04 15:16:52,637 | 21060 | ERROR | During handling of the above exception, another exception occurred:
2026-03-04 15:16:52,637 | 21060 | ERROR | Traceback (most recent call last):
2026-03-04 15:16:52,637 | 21060 | ERROR | File "C:\Users\maxwell\AppData\Local\Python\pythoncore-3.11-64\Lib\logging\__init__.py", line 1113, in emit
    stream.write(msg + self.terminator)
2026-03-04 15:16:52,637 | 21060 | ERROR | File "C:\Users\maxwell\AppData\Local\Python\pythoncore-3.11-64\Lib\encodings\cp1252.py", line 19, in encode
    return codecs.charmap_encode(input,self.errors,encoding_table)[0]
           ^^^^^^^^^^^^^^^^^^^^^^^^^^^^^^^^^^^^^^^^^^^^^^^^^^^^^^^
2026-03-04 15:16:52,637 | 21060 | ERROR | UnicodeEncodeError: 'charmap' codec can't encode character '\u2248' in position 192: character maps to <undefined>
2026-03-04 15:16:52,637 | 21060 | ERROR | During handling of the above exception, another exception occurred:
2026-03-04 15:16:52,637 | 21060 | ERROR | Traceback (most recent call last):
2026-03-04 15:16:52,637 | 21060 | ERROR | File "C:\Users\maxwell\AppData\Local\Python\pythoncore-3.11-64\Lib\logging\__init__.py", line 1113, in emit
    stream.write(msg + self.terminator)
2026-03-04 15:16:52,637 | 21060 | ERROR | File "C:\Users\maxwell\AppData\Local\Python\pythoncore-3.11-64\Lib\encodings\cp1252.py", line 19, in encode
    return codecs.charmap_encode(input,self.errors,encoding_table)[0]
           ^^^^^^^^^^^^^^^^^^^^^^^^^^^^^^^^^^^^^^^^^^^^^^^^^^^^^^^
2026-03-04 15:16:52,637 | 21060 | ERROR | UnicodeEncodeError: 'charmap' codec can't encode character '\u2248' in position 192: character maps to <undefined>
2026-03-04 15:16:52,643 | 21060 | ERROR | During handling of the above exception, another exception occurred:
2026-03-04 15:16:52,644 | 21060 | ERROR | Traceback (most recent call last):
2026-03-04 15:16:52,644 | 21060 | ERROR | File "C:\Users\maxwell\AppData\Local\Python\pythoncore-3.11-64\Lib\logging\__init__.py", line 1113, in emit
    stream.write(msg + self.terminator)
2026-03-04 15:16:52,645 | 21060 | ERROR | File "C:\Users\maxwell\AppData\Local\Python\pythoncore-3.11-64\Lib\encodings\cp1252.py", line 19, in encode
    return codecs.charmap_encode(input,self.errors,encoding_table)[0]
           ^^^^^^^^^^^^^^^^^^^^^^^^^^^^^^^^^^^^^^^^^^^^^^^^^^^^^^^
2026-03-04 15:16:52,645 | 21060 | ERROR | UnicodeEncodeError: 'charmap' codec can't encode character '\u2248' in position 192: character maps to <undefined>
2026-03-04 15:16:52,647 | 21060 | ERROR | During handling of the above exception, another exception occurred:
2026-03-04 15:16:52,647 | 21060 | ERROR | Traceback (most recent call last):
2026-03-04 15:16:52,648 | 21060 | ERROR | File "C:\Users\maxwell\AppData\Local\Python\pythoncore-3.11-64\Lib\logging\__init__.py", line 1113, in emit
    stream.write(msg + self.terminator)
2026-03-04 15:16:52,649 | 21060 | ERROR | File "C:\Users\maxwell\AppData\Local\Python\pythoncore-3.11-64\Lib\encodings\cp1252.py", line 19, in encode
    return codecs.charmap_encode(input,self.errors,encoding_table)[0]
           ^^^^^^^^^^^^^^^^^^^^^^^^^^^^^^^^^^^^^^^^^^^^^^^^^^^^^^^
2026-03-04 15:16:52,650 | 21060 | ERROR | UnicodeEncodeError: 'charmap' codec can't encode character '\u2248' in position 192: character maps to <undefined>
2026-03-04 15:16:52,650 | 21060 | ERROR | During handling of the above exception, another exception occurred:
2026-03-04 15:16:52,651 | 21060 | ERROR | Traceback (most recent call last):
2026-03-04 15:16:52,651 | 21060 | ERROR | File "C:\Users\maxwell\AppData\Local\Python\pythoncore-3.11-64\Lib\logging\__init__.py", line 1113, in emit
    stream.write(msg + self.terminator)
2026-03-04 15:16:52,652 | 21060 | ERROR | File "C:\Users\maxwell\AppData\Local\Python\pythoncore-3.11-64\Lib\encodings\cp1252.py", line 19, in encode
    return codecs.charmap_encode(input,self.errors,encoding_table)[0]
           ^^^^^^^^^^^^^^^^^^^^^^^^^^^^^^^^^^^^^^^^^^^^^^^^^^^^^^^
2026-03-04 15:16:52,652 | 21060 | ERROR | UnicodeEncodeError: 'charmap' codec can't encode character '\u2248' in position 192: character maps to <undefined>
2026-03-04 15:16:52,653 | 21060 | ERROR | During handling of the above exception, another exception occurred:
2026-03-04 15:16:52,654 | 21060 | ERROR | Traceback (most recent call last):
2026-03-04 15:16:52,654 | 21060 | ERROR | File "C:\Users\maxwell\AppData\Local\Python\pythoncore-3.11-64\Lib\logging\__init__.py", line 1113, in emit
    stream.write(msg + self.terminator)
2026-03-04 15:16:52,654 | 21060 | ERROR | File "C:\Users\maxwell\AppData\Local\Python\pythoncore-3.11-64\Lib\encodings\cp1252.py", line 19, in encode
    return codecs.charmap_encode(input,self.errors,encoding_table)[0]
           ^^^^^^^^^^^^^^^^^^^^^^^^^^^^^^^^^^^^^^^^^^^^^^^^^^^^^^^
2026-03-04 15:16:52,654 | 21060 | ERROR | UnicodeEncodeError: 'charmap' codec can't encode character '\u2248' in position 192: character maps to <undefined>
2026-03-04 15:16:52,654 | 21060 | ERROR | During handling of the above exception, another exception occurred:
2026-03-04 15:16:52,654 | 21060 | ERROR | Traceback (most recent call last):
2026-03-04 15:16:52,654 | 21060 | ERROR | File "C:\Users\maxwell\AppData\Local\Python\pythoncore-3.11-64\Lib\logging\__init__.py", line 1113, in emit
    stream.write(msg + self.terminator)
2026-03-04 15:16:52,654 | 21060 | ERROR | File "C:\Users\maxwell\AppData\Local\Python\pythoncore-3.11-64\Lib\encodings\cp1252.py", line 19, in encode
    return codecs.charmap_encode(input,self.errors,encoding_table)[0]
           ^^^^^^^^^^^^^^^^^^^^^^^^^^^^^^^^^^^^^^^^^^^^^^^^^^^^^^^
2026-03-04 15:16:52,654 | 21060 | ERROR | UnicodeEncodeError: 'charmap' codec can't encode character '\u2248' in position 192: character maps to <undefined>
2026-03-04 15:16:52,660 | 21060 | ERROR | During handling of the above exception, another exception occurred:
2026-03-04 15:16:52,661 | 21060 | ERROR | Traceback (most recent call last):
2026-03-04 15:16:52,661 | 21060 | ERROR | File "C:\Users\maxwell\AppData\Local\Python\pythoncore-3.11-64\Lib\logging\__init__.py", line 1113, in emit
    stream.write(msg + self.terminator)
2026-03-04 15:16:52,662 | 21060 | ERROR | File "C:\Users\maxwell\AppData\Local\Python\pythoncore-3.11-64\Lib\encodings\cp1252.py", line 19, in encode
    return codecs.charmap_encode(input,self.errors,encoding_table)[0]
           ^^^^^^^^^^^^^^^^^^^^^^^^^^^^^^^^^^^^^^^^^^^^^^^^^^^^^^^
2026-03-04 15:16:52,662 | 21060 | ERROR | UnicodeEncodeError: 'charmap' codec can't encode character '\u2248' in position 192: character maps to <undefined>
2026-03-04 15:16:52,663 | 21060 | ERROR | During handling of the above exception, another exception occurred:
2026-03-04 15:16:52,663 | 21060 | ERROR | Traceback (most recent call last):
2026-03-04 15:16:52,664 | 21060 | ERROR | File "C:\Users\maxwell\AppData\Local\Python\pythoncore-3.11-64\Lib\logging\__init__.py", line 1113, in emit
    stream.write(msg + self.terminator)
2026-03-04 15:16:52,665 | 21060 | ERROR | File "C:\Users\maxwell\AppData\Local\Python\pythoncore-3.11-64\Lib\encodings\cp1252.py", line 19, in encode
    return codecs.charmap_encode(input,self.errors,encoding_table)[0]
           ^^^^^^^^^^^^^^^^^^^^^^^^^^^^^^^^^^^^^^^^^^^^^^^^^^^^^^^
2026-03-04 15:16:52,666 | 21060 | ERROR | UnicodeEncodeError: 'charmap' codec can't encode character '\u2248' in position 192: character maps to <undefined>
2026-03-04 15:16:52,666 | 21060 | ERROR | During handling of the above exception, another exception occurred:
2026-03-04 15:16:52,667 | 21060 | ERROR | Traceback (most recent call last):
2026-03-04 15:16:52,668 | 21060 | ERROR | File "C:\Users\maxwell\AppData\Local\Python\pythoncore-3.11-64\Lib\logging\__init__.py", line 1113, in emit
    stream.write(msg + self.terminator)
2026-03-04 15:16:52,668 | 21060 | ERROR | File "C:\Users\maxwell\AppData\Local\Python\pythoncore-3.11-64\Lib\encodings\cp1252.py", line 19, in encode
    return codecs.charmap_encode(input,self.errors,encoding_table)[0]
           ^^^^^^^^^^^^^^^^^^^^^^^^^^^^^^^^^^^^^^^^^^^^^^^^^^^^^^^
2026-03-04 15:16:52,669 | 21060 | ERROR | UnicodeEncodeError: 'charmap' codec can't encode character '\u2248' in position 192: character maps to <undefined>
2026-03-04 15:16:52,669 | 21060 | ERROR | During handling of the above exception, another exception occurred:
2026-03-04 15:16:52,670 | 21060 | ERROR | Traceback (most recent call last):
2026-03-04 15:16:52,671 | 21060 | ERROR | File "C:\Users\maxwell\AppData\Local\Python\pythoncore-3.11-64\Lib\logging\__init__.py", line 1113, in emit
    stream.write(msg + self.terminator)
2026-03-04 15:16:52,672 | 21060 | ERROR | File "C:\Users\maxwell\AppData\Local\Python\pythoncore-3.11-64\Lib\encodings\cp1252.py", line 19, in encode
    return codecs.charmap_encode(input,self.errors,encoding_table)[0]
           ^^^^^^^^^^^^^^^^^^^^^^^^^^^^^^^^^^^^^^^^^^^^^^^^^^^^^^^
2026-03-04 15:16:52,672 | 21060 | ERROR | UnicodeEncodeError: 'charmap' codec can't encode character '\u2248' in position 192: character maps to <undefined>
2026-03-04 15:16:52,673 | 21060 | ERROR | During handling of the above exception, another exception occurred:
2026-03-04 15:16:52,673 | 21060 | ERROR | Traceback (most recent call last):
2026-03-04 15:16:52,674 | 21060 | ERROR | File "C:\Users\maxwell\AppData\Local\Python\pythoncore-3.11-64\Lib\logging\__init__.py", line 1113, in emit
    stream.write(msg + self.terminator)
2026-03-04 15:16:52,675 | 21060 | ERROR | File "C:\Users\maxwell\AppData\Local\Python\pythoncore-3.11-64\Lib\encodings\cp1252.py", line 19, in encode
    return codecs.charmap_encode(input,self.errors,encoding_table)[0]
           ^^^^^^^^^^^^^^^^^^^^^^^^^^^^^^^^^^^^^^^^^^^^^^^^^^^^^^^
2026-03-04 15:16:52,676 | 21060 | ERROR | UnicodeEncodeError: 'charmap' codec can't encode character '\u2248' in position 192: character maps to <undefined>
2026-03-04 15:16:52,676 | 21060 | ERROR | During handling of the above exception, another exception occurred:
2026-03-04 15:16:52,676 | 21060 | ERROR | Traceback (most recent call last):
2026-03-04 15:16:52,678 | 21060 | ERROR | File "C:\Users\maxwell\AppData\Local\Python\pythoncore-3.11-64\Lib\logging\__init__.py", line 1113, in emit
    stream.write(msg + self.terminator)
2026-03-04 15:16:52,678 | 21060 | ERROR | File "C:\Users\maxwell\AppData\Local\Python\pythoncore-3.11-64\Lib\encodings\cp1252.py", line 19, in encode
    return codecs.charmap_encode(input,self.errors,encoding_table)[0]
           ^^^^^^^^^^^^^^^^^^^^^^^^^^^^^^^^^^^^^^^^^^^^^^^^^^^^^^^
2026-03-04 15:16:52,679 | 21060 | ERROR | UnicodeEncodeError: 'charmap' codec can't encode character '\u2248' in position 192: character maps to <undefined>
2026-03-04 15:16:52,679 | 21060 | ERROR | During handling of the above exception, another exception occurred:
2026-03-04 15:16:52,680 | 21060 | ERROR | Traceback (most recent call last):
2026-03-04 15:16:52,681 | 21060 | ERROR | File "C:\Users\maxwell\AppData\Local\Python\pythoncore-3.11-64\Lib\logging\__init__.py", line 1113, in emit
    stream.write(msg + self.terminator)
2026-03-04 15:16:52,681 | 21060 | ERROR | File "C:\Users\maxwell\AppData\Local\Python\pythoncore-3.11-64\Lib\encodings\cp1252.py", line 19, in encode
    return codecs.charmap_encode(input,self.errors,encoding_table)[0]
           ^^^^^^^^^^^^^^^^^^^^^^^^^^^^^^^^^^^^^^^^^^^^^^^^^^^^^^^
2026-03-04 15:16:52,681 | 21060 | ERROR | UnicodeEncodeError: 'charmap' codec can't encode character '\u2248' in position 192: character maps to <undefined>
2026-03-04 15:16:52,681 | 21060 | ERROR | During handling of the above exception, another exception occurred:
2026-03-04 15:16:52,681 | 21060 | ERROR | Traceback (most recent call last):
2026-03-04 15:16:52,681 | 21060 | ERROR | File "C:\Users\maxwell\AppData\Local\Python\pythoncore-3.11-64\Lib\logging\__init__.py", line 1113, in emit
    stream.write(msg + self.terminator)
2026-03-04 15:16:52,681 | 21060 | ERROR | File "C:\Users\maxwell\AppData\Local\Python\pythoncore-3.11-64\Lib\encodings\cp1252.py", line 19, in encode
    return codecs.charmap_encode(input,self.errors,encoding_table)[0]
           ^^^^^^^^^^^^^^^^^^^^^^^^^^^^^^^^^^^^^^^^^^^^^^^^^^^^^^^
2026-03-04 15:16:52,681 | 21060 | ERROR | UnicodeEncodeError: 'charmap' codec can't encode character '\u2248' in position 192: character maps to <undefined>
2026-03-04 15:16:52,686 | 21060 | ERROR | During handling of the above exception, another exception occurred:
2026-03-04 15:16:52,686 | 21060 | ERROR | Traceback (most recent call last):
2026-03-04 15:16:52,687 | 21060 | ERROR | File "C:\Users\maxwell\AppData\Local\Python\pythoncore-3.11-64\Lib\logging\__init__.py", line 1113, in emit
    stream.write(msg + self.terminator)
2026-03-04 15:16:52,687 | 21060 | ERROR | File "C:\Users\maxwell\AppData\Local\Python\pythoncore-3.11-64\Lib\encodings\cp1252.py", line 19, in encode
    return codecs.charmap_encode(input,self.errors,encoding_table)[0]
           ^^^^^^^^^^^^^^^^^^^^^^^^^^^^^^^^^^^^^^^^^^^^^^^^^^^^^^^
2026-03-04 15:16:52,689 | 21060 | ERROR | UnicodeEncodeError: 'charmap' codec can't encode character '\u2248' in position 192: character maps to <undefined>
2026-03-04 15:16:52,689 | 21060 | ERROR | During handling of the above exception, another exception occurred:
2026-03-04 15:16:52,690 | 21060 | ERROR | Traceback (most recent call last):
2026-03-04 15:16:52,691 | 21060 | ERROR | File "C:\Users\maxwell\AppData\Local\Python\pythoncore-3.11-64\Lib\logging\__init__.py", line 1113, in emit
    stream.write(msg + self.terminator)
2026-03-04 15:16:52,691 | 21060 | ERROR | File "C:\Users\maxwell\AppData\Local\Python\pythoncore-3.11-64\Lib\encodings\cp1252.py", line 19, in encode
    return codecs.charmap_encode(input,self.errors,encoding_table)[0]
           ^^^^^^^^^^^^^^^^^^^^^^^^^^^^^^^^^^^^^^^^^^^^^^^^^^^^^^^
2026-03-04 15:16:52,691 | 21060 | ERROR | UnicodeEncodeError: 'charmap' codec can't encode character '\u2248' in position 192: character maps to <undefined>
2026-03-04 15:16:52,691 | 21060 | ERROR | During handling of the above exception, another exception occurred:
2026-03-04 15:16:52,691 | 21060 | ERROR | Traceback (most recent call last):
2026-03-04 15:16:52,691 | 21060 | ERROR | File "C:\Users\maxwell\AppData\Local\Python\pythoncore-3.11-64\Lib\logging\__init__.py", line 1113, in emit
    stream.write(msg + self.terminator)
2026-03-04 15:16:52,691 | 21060 | ERROR | File "C:\Users\maxwell\AppData\Local\Python\pythoncore-3.11-64\Lib\encodings\cp1252.py", line 19, in encode
    return codecs.charmap_encode(input,self.errors,encoding_table)[0]
           ^^^^^^^^^^^^^^^^^^^^^^^^^^^^^^^^^^^^^^^^^^^^^^^^^^^^^^^
2026-03-04 15:16:52,691 | 21060 | ERROR | UnicodeEncodeError: 'charmap' codec can't encode character '\u2248' in position 192: character maps to <undefined>
2026-03-04 15:16:52,691 | 21060 | ERROR | During handling of the above exception, another exception occurred:
2026-03-04 15:16:52,696 | 21060 | ERROR | Traceback (most recent call last):
2026-03-04 15:16:52,697 | 21060 | ERROR | File "C:\Users\maxwell\AppData\Local\Python\pythoncore-3.11-64\Lib\logging\__init__.py", line 1113, in emit
    stream.write(msg + self.terminator)
2026-03-04 15:16:52,697 | 21060 | ERROR | File "C:\Users\maxwell\AppData\Local\Python\pythoncore-3.11-64\Lib\encodings\cp1252.py", line 19, in encode
    return codecs.charmap_encode(input,self.errors,encoding_table)[0]
           ^^^^^^^^^^^^^^^^^^^^^^^^^^^^^^^^^^^^^^^^^^^^^^^^^^^^^^^
2026-03-04 15:16:52,697 | 21060 | ERROR | UnicodeEncodeError: 'charmap' codec can't encode character '\u2248' in position 192: character maps to <undefined>
2026-03-04 15:16:52,699 | 21060 | ERROR | During handling of the above exception, another exception occurred:
2026-03-04 15:16:52,699 | 21060 | ERROR | Traceback (most recent call last):
2026-03-04 15:16:52,700 | 21060 | ERROR | File "C:\Users\maxwell\AppData\Local\Python\pythoncore-3.11-64\Lib\logging\__init__.py", line 1113, in emit
    stream.write(msg + self.terminator)
2026-03-04 15:16:52,701 | 21060 | ERROR | File "C:\Users\maxwell\AppData\Local\Python\pythoncore-3.11-64\Lib\encodings\cp1252.py", line 19, in encode
    return codecs.charmap_encode(input,self.errors,encoding_table)[0]
           ^^^^^^^^^^^^^^^^^^^^^^^^^^^^^^^^^^^^^^^^^^^^^^^^^^^^^^^
2026-03-04 15:16:52,702 | 21060 | ERROR | UnicodeEncodeError: 'charmap' codec can't encode character '\u2248' in position 192: character maps to <undefined>
2026-03-04 15:16:52,703 | 21060 | ERROR | Call stack:
2026-03-04 15:16:52,708 | 21060 | ERROR | File "C:\Users\maxwell\UCB-USACE-RR-PROJECT\run_hyperparam_search.py", line 853, in <module>
    setup_logging()
2026-03-04 15:16:52,708 | 21060 | ERROR | --- Logging error ---
2026-03-04 15:16:52,716 | 21060 | ERROR | Traceback (most recent call last):
2026-03-04 15:16:52,716 | 21060 | ERROR | File "C:\Users\maxwell\AppData\Local\Python\pythoncore-3.11-64\Lib\logging\__init__.py", line 1113, in emit
    stream.write(msg + self.terminator)
2026-03-04 15:16:52,725 | 21060 | ERROR | File "C:\Users\maxwell\AppData\Local\Python\pythoncore-3.11-64\Lib\encodings\cp1252.py", line 19, in encode
    return codecs.charmap_encode(input,self.errors,encoding_table)[0]
           ^^^^^^^^^^^^^^^^^^^^^^^^^^^^^^^^^^^^^^^^^^^^^^^^^^^^^^^
2026-03-04 15:16:52,725 | 21060 | ERROR | UnicodeEncodeError: 'charmap' codec can't encode character '\u2248' in position 107: character maps to <undefined>
2026-03-04 15:16:52,726 | 21060 | ERROR | During handling of the above exception, another exception occurred:
2026-03-04 15:16:52,726 | 21060 | ERROR | Traceback (most recent call last):
2026-03-04 15:16:52,727 | 21060 | ERROR | File "C:\Users\maxwell\AppData\Local\Python\pythoncore-3.11-64\Lib\logging\__init__.py", line 1113, in emit
    stream.write(msg + self.terminator)
2026-03-04 15:16:52,727 | 21060 | ERROR | File "C:\Users\maxwell\AppData\Local\Python\pythoncore-3.11-64\Lib\encodings\cp1252.py", line 19, in encode
    return codecs.charmap_encode(input,self.errors,encoding_table)[0]
           ^^^^^^^^^^^^^^^^^^^^^^^^^^^^^^^^^^^^^^^^^^^^^^^^^^^^^^^
2026-03-04 15:16:52,728 | 21060 | ERROR | UnicodeEncodeError: 'charmap' codec can't encode character '\u2248' in position 192: character maps to <undefined>
2026-03-04 15:16:52,728 | 21060 | ERROR | During handling of the above exception, another exception occurred:
2026-03-04 15:16:52,730 | 21060 | ERROR | Traceback (most recent call last):
2026-03-04 15:16:52,731 | 21060 | ERROR | File "C:\Users\maxwell\AppData\Local\Python\pythoncore-3.11-64\Lib\logging\__init__.py", line 1113, in emit
    stream.write(msg + self.terminator)
2026-03-04 15:16:52,732 | 21060 | ERROR | File "C:\Users\maxwell\AppData\Local\Python\pythoncore-3.11-64\Lib\encodings\cp1252.py", line 19, in encode
    return codecs.charmap_encode(input,self.errors,encoding_table)[0]
           ^^^^^^^^^^^^^^^^^^^^^^^^^^^^^^^^^^^^^^^^^^^^^^^^^^^^^^^
2026-03-04 15:16:52,732 | 21060 | ERROR | UnicodeEncodeError: 'charmap' codec can't encode character '\u2248' in position 192: character maps to <undefined>
2026-03-04 15:16:52,733 | 21060 | ERROR | During handling of the above exception, another exception occurred:
2026-03-04 15:16:52,733 | 21060 | ERROR | Traceback (most recent call last):
2026-03-04 15:16:52,734 | 21060 | ERROR | File "C:\Users\maxwell\AppData\Local\Python\pythoncore-3.11-64\Lib\logging\__init__.py", line 1113, in emit
    stream.write(msg + self.terminator)
2026-03-04 15:16:52,735 | 21060 | ERROR | File "C:\Users\maxwell\AppData\Local\Python\pythoncore-3.11-64\Lib\encodings\cp1252.py", line 19, in encode
    return codecs.charmap_encode(input,self.errors,encoding_table)[0]
           ^^^^^^^^^^^^^^^^^^^^^^^^^^^^^^^^^^^^^^^^^^^^^^^^^^^^^^^
2026-03-04 15:16:52,735 | 21060 | ERROR | UnicodeEncodeError: 'charmap' codec can't encode character '\u2248' in position 192: character maps to <undefined>
2026-03-04 15:16:52,736 | 21060 | ERROR | During handling of the above exception, another exception occurred:
2026-03-04 15:16:52,736 | 21060 | ERROR | Traceback (most recent call last):
2026-03-04 15:16:52,736 | 21060 | ERROR | File "C:\Users\maxwell\AppData\Local\Python\pythoncore-3.11-64\Lib\logging\__init__.py", line 1113, in emit
    stream.write(msg + self.terminator)
2026-03-04 15:16:52,736 | 21060 | ERROR | File "C:\Users\maxwell\AppData\Local\Python\pythoncore-3.11-64\Lib\encodings\cp1252.py", line 19, in encode
    return codecs.charmap_encode(input,self.errors,encoding_table)[0]
           ^^^^^^^^^^^^^^^^^^^^^^^^^^^^^^^^^^^^^^^^^^^^^^^^^^^^^^^
2026-03-04 15:16:52,736 | 21060 | ERROR | UnicodeEncodeError: 'charmap' codec can't encode character '\u2248' in position 192: character maps to <undefined>
2026-03-04 15:16:52,736 | 21060 | ERROR | During handling of the above exception, another exception occurred:
2026-03-04 15:16:52,740 | 21060 | ERROR | Traceback (most recent call last):
2026-03-04 15:16:52,741 | 21060 | ERROR | File "C:\Users\maxwell\AppData\Local\Python\pythoncore-3.11-64\Lib\logging\__init__.py", line 1113, in emit
    stream.write(msg + self.terminator)
2026-03-04 15:16:52,741 | 21060 | ERROR | File "C:\Users\maxwell\AppData\Local\Python\pythoncore-3.11-64\Lib\encodings\cp1252.py", line 19, in encode
    return codecs.charmap_encode(input,self.errors,encoding_table)[0]
           ^^^^^^^^^^^^^^^^^^^^^^^^^^^^^^^^^^^^^^^^^^^^^^^^^^^^^^^
2026-03-04 15:16:52,742 | 21060 | ERROR | UnicodeEncodeError: 'charmap' codec can't encode character '\u2248' in position 192: character maps to <undefined>
2026-03-04 15:16:52,742 | 21060 | ERROR | During handling of the above exception, another exception occurred:
2026-03-04 15:16:52,743 | 21060 | ERROR | Traceback (most recent call last):
2026-03-04 15:16:52,745 | 21060 | ERROR | File "C:\Users\maxwell\AppData\Local\Python\pythoncore-3.11-64\Lib\logging\__init__.py", line 1113, in emit
    stream.write(msg + self.terminator)
2026-03-04 15:16:52,745 | 21060 | ERROR | File "C:\Users\maxwell\AppData\Local\Python\pythoncore-3.11-64\Lib\encodings\cp1252.py", line 19, in encode
    return codecs.charmap_encode(input,self.errors,encoding_table)[0]
           ^^^^^^^^^^^^^^^^^^^^^^^^^^^^^^^^^^^^^^^^^^^^^^^^^^^^^^^
2026-03-04 15:16:52,745 | 21060 | ERROR | UnicodeEncodeError: 'charmap' codec can't encode character '\u2248' in position 192: character maps to <undefined>
2026-03-04 15:16:52,745 | 21060 | ERROR | During handling of the above exception, another exception occurred:
2026-03-04 15:16:52,745 | 21060 | ERROR | Traceback (most recent call last):
2026-03-04 15:16:52,745 | 21060 | ERROR | File "C:\Users\maxwell\AppData\Local\Python\pythoncore-3.11-64\Lib\logging\__init__.py", line 1113, in emit
    stream.write(msg + self.terminator)
2026-03-04 15:16:52,745 | 21060 | ERROR | File "C:\Users\maxwell\AppData\Local\Python\pythoncore-3.11-64\Lib\encodings\cp1252.py", line 19, in encode
    return codecs.charmap_encode(input,self.errors,encoding_table)[0]
           ^^^^^^^^^^^^^^^^^^^^^^^^^^^^^^^^^^^^^^^^^^^^^^^^^^^^^^^
2026-03-04 15:16:52,745 | 21060 | ERROR | UnicodeEncodeError: 'charmap' codec can't encode character '\u2248' in position 192: character maps to <undefined>
2026-03-04 15:16:52,745 | 21060 | ERROR | During handling of the above exception, another exception occurred:
2026-03-04 15:16:52,750 | 21060 | ERROR | Traceback (most recent call last):
2026-03-04 15:16:52,751 | 21060 | ERROR | File "C:\Users\maxwell\AppData\Local\Python\pythoncore-3.11-64\Lib\logging\__init__.py", line 1113, in emit
    stream.write(msg + self.terminator)
2026-03-04 15:16:52,751 | 21060 | ERROR | File "C:\Users\maxwell\AppData\Local\Python\pythoncore-3.11-64\Lib\encodings\cp1252.py", line 19, in encode
    return codecs.charmap_encode(input,self.errors,encoding_table)[0]
           ^^^^^^^^^^^^^^^^^^^^^^^^^^^^^^^^^^^^^^^^^^^^^^^^^^^^^^^
2026-03-04 15:16:52,752 | 21060 | ERROR | UnicodeEncodeError: 'charmap' codec can't encode character '\u2248' in position 192: character maps to <undefined>
2026-03-04 15:16:52,752 | 21060 | ERROR | During handling of the above exception, another exception occurred:
2026-03-04 15:16:52,753 | 21060 | ERROR | Traceback (most recent call last):
2026-03-04 15:16:52,753 | 21060 | ERROR | File "C:\Users\maxwell\AppData\Local\Python\pythoncore-3.11-64\Lib\logging\__init__.py", line 1113, in emit
    stream.write(msg + self.terminator)
2026-03-04 15:16:52,755 | 21060 | ERROR | File "C:\Users\maxwell\AppData\Local\Python\pythoncore-3.11-64\Lib\encodings\cp1252.py", line 19, in encode
    return codecs.charmap_encode(input,self.errors,encoding_table)[0]
           ^^^^^^^^^^^^^^^^^^^^^^^^^^^^^^^^^^^^^^^^^^^^^^^^^^^^^^^
2026-03-04 15:16:52,755 | 21060 | ERROR | UnicodeEncodeError: 'charmap' codec can't encode character '\u2248' in position 192: character maps to <undefined>
2026-03-04 15:16:52,755 | 21060 | ERROR | During handling of the above exception, another exception occurred:
2026-03-04 15:16:52,755 | 21060 | ERROR | Traceback (most recent call last):
2026-03-04 15:16:52,755 | 21060 | ERROR | File "C:\Users\maxwell\AppData\Local\Python\pythoncore-3.11-64\Lib\logging\__init__.py", line 1113, in emit
    stream.write(msg + self.terminator)
2026-03-04 15:16:52,755 | 21060 | ERROR | File "C:\Users\maxwell\AppData\Local\Python\pythoncore-3.11-64\Lib\encodings\cp1252.py", line 19, in encode
    return codecs.charmap_encode(input,self.errors,encoding_table)[0]
           ^^^^^^^^^^^^^^^^^^^^^^^^^^^^^^^^^^^^^^^^^^^^^^^^^^^^^^^
2026-03-04 15:16:52,755 | 21060 | ERROR | UnicodeEncodeError: 'charmap' codec can't encode character '\u2248' in position 192: character maps to <undefined>
2026-03-04 15:16:52,755 | 21060 | ERROR | During handling of the above exception, another exception occurred:
2026-03-04 15:16:52,760 | 21060 | ERROR | Traceback (most recent call last):
2026-03-04 15:16:52,760 | 21060 | ERROR | File "C:\Users\maxwell\AppData\Local\Python\pythoncore-3.11-64\Lib\logging\__init__.py", line 1113, in emit
    stream.write(msg + self.terminator)
2026-03-04 15:16:52,762 | 21060 | ERROR | File "C:\Users\maxwell\AppData\Local\Python\pythoncore-3.11-64\Lib\encodings\cp1252.py", line 19, in encode
    return codecs.charmap_encode(input,self.errors,encoding_table)[0]
           ^^^^^^^^^^^^^^^^^^^^^^^^^^^^^^^^^^^^^^^^^^^^^^^^^^^^^^^
2026-03-04 15:16:52,762 | 21060 | ERROR | UnicodeEncodeError: 'charmap' codec can't encode character '\u2248' in position 192: character maps to <undefined>
2026-03-04 15:16:52,763 | 21060 | ERROR | During handling of the above exception, another exception occurred:
2026-03-04 15:16:52,763 | 21060 | ERROR | Traceback (most recent call last):
2026-03-04 15:16:52,764 | 21060 | ERROR | File "C:\Users\maxwell\AppData\Local\Python\pythoncore-3.11-64\Lib\logging\__init__.py", line 1113, in emit
    stream.write(msg + self.terminator)
2026-03-04 15:16:52,765 | 21060 | ERROR | File "C:\Users\maxwell\AppData\Local\Python\pythoncore-3.11-64\Lib\encodings\cp1252.py", line 19, in encode
    return codecs.charmap_encode(input,self.errors,encoding_table)[0]
           ^^^^^^^^^^^^^^^^^^^^^^^^^^^^^^^^^^^^^^^^^^^^^^^^^^^^^^^
2026-03-04 15:16:52,765 | 21060 | ERROR | UnicodeEncodeError: 'charmap' codec can't encode character '\u2248' in position 192: character maps to <undefined>
2026-03-04 15:16:52,765 | 21060 | ERROR | During handling of the above exception, another exception occurred:
2026-03-04 15:16:52,765 | 21060 | ERROR | Traceback (most recent call last):
2026-03-04 15:16:52,767 | 21060 | ERROR | File "C:\Users\maxwell\AppData\Local\Python\pythoncore-3.11-64\Lib\logging\__init__.py", line 1113, in emit
    stream.write(msg + self.terminator)
2026-03-04 15:16:52,767 | 21060 | ERROR | File "C:\Users\maxwell\AppData\Local\Python\pythoncore-3.11-64\Lib\encodings\cp1252.py", line 19, in encode
    return codecs.charmap_encode(input,self.errors,encoding_table)[0]
           ^^^^^^^^^^^^^^^^^^^^^^^^^^^^^^^^^^^^^^^^^^^^^^^^^^^^^^^
2026-03-04 15:16:52,767 | 21060 | ERROR | UnicodeEncodeError: 'charmap' codec can't encode character '\u2248' in position 192: character maps to <undefined>
2026-03-04 15:16:52,767 | 21060 | ERROR | During handling of the above exception, another exception occurred:
2026-03-04 15:16:52,770 | 21060 | ERROR | Traceback (most recent call last):
2026-03-04 15:16:52,771 | 21060 | ERROR | File "C:\Users\maxwell\AppData\Local\Python\pythoncore-3.11-64\Lib\logging\__init__.py", line 1113, in emit
    stream.write(msg + self.terminator)
2026-03-04 15:16:52,771 | 21060 | ERROR | File "C:\Users\maxwell\AppData\Local\Python\pythoncore-3.11-64\Lib\encodings\cp1252.py", line 19, in encode
    return codecs.charmap_encode(input,self.errors,encoding_table)[0]
           ^^^^^^^^^^^^^^^^^^^^^^^^^^^^^^^^^^^^^^^^^^^^^^^^^^^^^^^
2026-03-04 15:16:52,772 | 21060 | ERROR | UnicodeEncodeError: 'charmap' codec can't encode character '\u2248' in position 192: character maps to <undefined>
2026-03-04 15:16:52,772 | 21060 | ERROR | During handling of the above exception, another exception occurred:
2026-03-04 15:16:52,774 | 21060 | ERROR | Traceback (most recent call last):
2026-03-04 15:16:52,775 | 21060 | ERROR | File "C:\Users\maxwell\AppData\Local\Python\pythoncore-3.11-64\Lib\logging\__init__.py", line 1113, in emit
    stream.write(msg + self.terminator)
2026-03-04 15:16:52,775 | 21060 | ERROR | File "C:\Users\maxwell\AppData\Local\Python\pythoncore-3.11-64\Lib\encodings\cp1252.py", line 19, in encode
    return codecs.charmap_encode(input,self.errors,encoding_table)[0]
           ^^^^^^^^^^^^^^^^^^^^^^^^^^^^^^^^^^^^^^^^^^^^^^^^^^^^^^^
2026-03-04 15:16:52,775 | 21060 | ERROR | UnicodeEncodeError: 'charmap' codec can't encode character '\u2248' in position 192: character maps to <undefined>
2026-03-04 15:16:52,775 | 21060 | ERROR | During handling of the above exception, another exception occurred:
2026-03-04 15:16:52,775 | 21060 | ERROR | Traceback (most recent call last):
2026-03-04 15:16:52,775 | 21060 | ERROR | File "C:\Users\maxwell\AppData\Local\Python\pythoncore-3.11-64\Lib\logging\__init__.py", line 1113, in emit
    stream.write(msg + self.terminator)
2026-03-04 15:16:52,775 | 21060 | ERROR | File "C:\Users\maxwell\AppData\Local\Python\pythoncore-3.11-64\Lib\encodings\cp1252.py", line 19, in encode
    return codecs.charmap_encode(input,self.errors,encoding_table)[0]
           ^^^^^^^^^^^^^^^^^^^^^^^^^^^^^^^^^^^^^^^^^^^^^^^^^^^^^^^
2026-03-04 15:16:52,775 | 21060 | ERROR | UnicodeEncodeError: 'charmap' codec can't encode character '\u2248' in position 192: character maps to <undefined>
2026-03-04 15:16:52,775 | 21060 | ERROR | During handling of the above exception, another exception occurred:
2026-03-04 15:16:52,781 | 21060 | ERROR | Traceback (most recent call last):
2026-03-04 15:16:52,781 | 21060 | ERROR | File "C:\Users\maxwell\AppData\Local\Python\pythoncore-3.11-64\Lib\logging\__init__.py", line 1113, in emit
    stream.write(msg + self.terminator)
2026-03-04 15:16:52,782 | 21060 | ERROR | File "C:\Users\maxwell\AppData\Local\Python\pythoncore-3.11-64\Lib\encodings\cp1252.py", line 19, in encode
    return codecs.charmap_encode(input,self.errors,encoding_table)[0]
           ^^^^^^^^^^^^^^^^^^^^^^^^^^^^^^^^^^^^^^^^^^^^^^^^^^^^^^^
2026-03-04 15:16:52,782 | 21060 | ERROR | UnicodeEncodeError: 'charmap' codec can't encode character '\u2248' in position 192: character maps to <undefined>
2026-03-04 15:16:52,783 | 21060 | ERROR | During handling of the above exception, another exception occurred:
2026-03-04 15:16:52,783 | 21060 | ERROR | Traceback (most recent call last):
2026-03-04 15:16:52,784 | 21060 | ERROR | File "C:\Users\maxwell\AppData\Local\Python\pythoncore-3.11-64\Lib\logging\__init__.py", line 1113, in emit
    stream.write(msg + self.terminator)
2026-03-04 15:16:52,785 | 21060 | ERROR | File "C:\Users\maxwell\AppData\Local\Python\pythoncore-3.11-64\Lib\encodings\cp1252.py", line 19, in encode
    return codecs.charmap_encode(input,self.errors,encoding_table)[0]
           ^^^^^^^^^^^^^^^^^^^^^^^^^^^^^^^^^^^^^^^^^^^^^^^^^^^^^^^
2026-03-04 15:16:52,785 | 21060 | ERROR | UnicodeEncodeError: 'charmap' codec can't encode character '\u2248' in position 192: character maps to <undefined>
2026-03-04 15:16:52,785 | 21060 | ERROR | During handling of the above exception, another exception occurred:
2026-03-04 15:16:52,785 | 21060 | ERROR | Traceback (most recent call last):
2026-03-04 15:16:52,785 | 21060 | ERROR | File "C:\Users\maxwell\AppData\Local\Python\pythoncore-3.11-64\Lib\logging\__init__.py", line 1113, in emit
    stream.write(msg + self.terminator)
2026-03-04 15:16:52,785 | 21060 | ERROR | File "C:\Users\maxwell\AppData\Local\Python\pythoncore-3.11-64\Lib\encodings\cp1252.py", line 19, in encode
    return codecs.charmap_encode(input,self.errors,encoding_table)[0]
           ^^^^^^^^^^^^^^^^^^^^^^^^^^^^^^^^^^^^^^^^^^^^^^^^^^^^^^^
2026-03-04 15:16:52,785 | 21060 | ERROR | UnicodeEncodeError: 'charmap' codec can't encode character '\u2248' in position 192: character maps to <undefined>
2026-03-04 15:16:52,785 | 21060 | ERROR | During handling of the above exception, another exception occurred:
2026-03-04 15:16:52,785 | 21060 | ERROR | Traceback (most recent call last):
2026-03-04 15:16:52,791 | 21060 | ERROR | File "C:\Users\maxwell\AppData\Local\Python\pythoncore-3.11-64\Lib\logging\__init__.py", line 1113, in emit
    stream.write(msg + self.terminator)
2026-03-04 15:16:52,792 | 21060 | ERROR | File "C:\Users\maxwell\AppData\Local\Python\pythoncore-3.11-64\Lib\encodings\cp1252.py", line 19, in encode
    return codecs.charmap_encode(input,self.errors,encoding_table)[0]
           ^^^^^^^^^^^^^^^^^^^^^^^^^^^^^^^^^^^^^^^^^^^^^^^^^^^^^^^
2026-03-04 15:16:52,792 | 21060 | ERROR | UnicodeEncodeError: 'charmap' codec can't encode character '\u2248' in position 192: character maps to <undefined>
2026-03-04 15:16:52,793 | 21060 | ERROR | During handling of the above exception, another exception occurred:
2026-03-04 15:16:52,793 | 21060 | ERROR | Traceback (most recent call last):
2026-03-04 15:16:52,794 | 21060 | ERROR | File "C:\Users\maxwell\AppData\Local\Python\pythoncore-3.11-64\Lib\logging\__init__.py", line 1113, in emit
    stream.write(msg + self.terminator)
2026-03-04 15:16:52,794 | 21060 | ERROR | File "C:\Users\maxwell\AppData\Local\Python\pythoncore-3.11-64\Lib\encodings\cp1252.py", line 19, in encode
    return codecs.charmap_encode(input,self.errors,encoding_table)[0]
           ^^^^^^^^^^^^^^^^^^^^^^^^^^^^^^^^^^^^^^^^^^^^^^^^^^^^^^^
2026-03-04 15:16:52,795 | 21060 | ERROR | UnicodeEncodeError: 'charmap' codec can't encode character '\u2248' in position 192: character maps to <undefined>
2026-03-04 15:16:52,796 | 21060 | ERROR | During handling of the above exception, another exception occurred:
2026-03-04 15:16:52,797 | 21060 | ERROR | Traceback (most recent call last):
2026-03-04 15:16:52,797 | 21060 | ERROR | File "C:\Users\maxwell\AppData\Local\Python\pythoncore-3.11-64\Lib\logging\__init__.py", line 1113, in emit
    stream.write(msg + self.terminator)
2026-03-04 15:16:52,798 | 21060 | ERROR | File "C:\Users\maxwell\AppData\Local\Python\pythoncore-3.11-64\Lib\encodings\cp1252.py", line 19, in encode
    return codecs.charmap_encode(input,self.errors,encoding_table)[0]
           ^^^^^^^^^^^^^^^^^^^^^^^^^^^^^^^^^^^^^^^^^^^^^^^^^^^^^^^
2026-03-04 15:16:52,799 | 21060 | ERROR | UnicodeEncodeError: 'charmap' codec can't encode character '\u2248' in position 192: character maps to <undefined>
2026-03-04 15:16:52,799 | 21060 | ERROR | During handling of the above exception, another exception occurred:
2026-03-04 15:16:52,800 | 21060 | ERROR | Traceback (most recent call last):
2026-03-04 15:16:52,800 | 21060 | ERROR | File "C:\Users\maxwell\AppData\Local\Python\pythoncore-3.11-64\Lib\logging\__init__.py", line 1113, in emit
    stream.write(msg + self.terminator)
2026-03-04 15:16:52,801 | 21060 | ERROR | File "C:\Users\maxwell\AppData\Local\Python\pythoncore-3.11-64\Lib\encodings\cp1252.py", line 19, in encode
    return codecs.charmap_encode(input,self.errors,encoding_table)[0]
           ^^^^^^^^^^^^^^^^^^^^^^^^^^^^^^^^^^^^^^^^^^^^^^^^^^^^^^^
2026-03-04 15:16:52,802 | 21060 | ERROR | UnicodeEncodeError: 'charmap' codec can't encode character '\u2248' in position 192: character maps to <undefined>
2026-03-04 15:16:52,803 | 21060 | ERROR | During handling of the above exception, another exception occurred:
2026-03-04 15:16:52,803 | 21060 | ERROR | Traceback (most recent call last):
2026-03-04 15:16:52,804 | 21060 | ERROR | File "C:\Users\maxwell\AppData\Local\Python\pythoncore-3.11-64\Lib\logging\__init__.py", line 1113, in emit
    stream.write(msg + self.terminator)
2026-03-04 15:16:52,804 | 21060 | ERROR | File "C:\Users\maxwell\AppData\Local\Python\pythoncore-3.11-64\Lib\encodings\cp1252.py", line 19, in encode
    return codecs.charmap_encode(input,self.errors,encoding_table)[0]
           ^^^^^^^^^^^^^^^^^^^^^^^^^^^^^^^^^^^^^^^^^^^^^^^^^^^^^^^
2026-03-04 15:16:52,805 | 21060 | ERROR | UnicodeEncodeError: 'charmap' codec can't encode character '\u2248' in position 192: character maps to <undefined>
2026-03-04 15:16:52,805 | 21060 | ERROR | During handling of the above exception, another exception occurred:
2026-03-04 15:16:52,807 | 21060 | ERROR | Traceback (most recent call last):
2026-03-04 15:16:52,807 | 21060 | ERROR | File "C:\Users\maxwell\AppData\Local\Python\pythoncore-3.11-64\Lib\logging\__init__.py", line 1113, in emit
    stream.write(msg + self.terminator)
2026-03-04 15:16:52,808 | 21060 | ERROR | File "C:\Users\maxwell\AppData\Local\Python\pythoncore-3.11-64\Lib\encodings\cp1252.py", line 19, in encode
    return codecs.charmap_encode(input,self.errors,encoding_table)[0]
           ^^^^^^^^^^^^^^^^^^^^^^^^^^^^^^^^^^^^^^^^^^^^^^^^^^^^^^^
2026-03-04 15:16:52,808 | 21060 | ERROR | UnicodeEncodeError: 'charmap' codec can't encode character '\u2248' in position 192: character maps to <undefined>
2026-03-04 15:16:52,808 | 21060 | ERROR | During handling of the above exception, another exception occurred:
2026-03-04 15:16:52,810 | 21060 | ERROR | Traceback (most recent call last):
2026-03-04 15:16:52,810 | 21060 | ERROR | File "C:\Users\maxwell\AppData\Local\Python\pythoncore-3.11-64\Lib\logging\__init__.py", line 1113, in emit
    stream.write(msg + self.terminator)
2026-03-04 15:16:52,811 | 21060 | ERROR | File "C:\Users\maxwell\AppData\Local\Python\pythoncore-3.11-64\Lib\encodings\cp1252.py", line 19, in encode
    return codecs.charmap_encode(input,self.errors,encoding_table)[0]
           ^^^^^^^^^^^^^^^^^^^^^^^^^^^^^^^^^^^^^^^^^^^^^^^^^^^^^^^
2026-03-04 15:16:52,811 | 21060 | ERROR | UnicodeEncodeError: 'charmap' codec can't encode character '\u2248' in position 192: character maps to <undefined>
2026-03-04 15:16:52,813 | 21060 | ERROR | During handling of the above exception, another exception occurred:
2026-03-04 15:16:52,813 | 21060 | ERROR | Traceback (most recent call last):
2026-03-04 15:16:52,814 | 21060 | ERROR | File "C:\Users\maxwell\AppData\Local\Python\pythoncore-3.11-64\Lib\logging\__init__.py", line 1113, in emit
    stream.write(msg + self.terminator)
2026-03-04 15:16:52,814 | 21060 | ERROR | File "C:\Users\maxwell\AppData\Local\Python\pythoncore-3.11-64\Lib\encodings\cp1252.py", line 19, in encode
    return codecs.charmap_encode(input,self.errors,encoding_table)[0]
           ^^^^^^^^^^^^^^^^^^^^^^^^^^^^^^^^^^^^^^^^^^^^^^^^^^^^^^^
2026-03-04 15:16:52,815 | 21060 | ERROR | UnicodeEncodeError: 'charmap' codec can't encode character '\u2248' in position 192: character maps to <undefined>
2026-03-04 15:16:52,815 | 21060 | ERROR | During handling of the above exception, another exception occurred:
2026-03-04 15:16:52,815 | 21060 | ERROR | Traceback (most recent call last):
2026-03-04 15:16:52,815 | 21060 | ERROR | File "C:\Users\maxwell\AppData\Local\Python\pythoncore-3.11-64\Lib\logging\__init__.py", line 1113, in emit
    stream.write(msg + self.terminator)
2026-03-04 15:16:52,818 | 21060 | ERROR | File "C:\Users\maxwell\AppData\Local\Python\pythoncore-3.11-64\Lib\encodings\cp1252.py", line 19, in encode
    return codecs.charmap_encode(input,self.errors,encoding_table)[0]
           ^^^^^^^^^^^^^^^^^^^^^^^^^^^^^^^^^^^^^^^^^^^^^^^^^^^^^^^
2026-03-04 15:16:52,818 | 21060 | ERROR | UnicodeEncodeError: 'charmap' codec can't encode character '\u2248' in position 192: character maps to <undefined>
2026-03-04 15:16:52,819 | 21060 | ERROR | During handling of the above exception, another exception occurred:
2026-03-04 15:16:52,819 | 21060 | ERROR | Traceback (most recent call last):
2026-03-04 15:16:52,820 | 21060 | ERROR | File "C:\Users\maxwell\AppData\Local\Python\pythoncore-3.11-64\Lib\logging\__init__.py", line 1113, in emit
    stream.write(msg + self.terminator)
2026-03-04 15:16:52,820 | 21060 | ERROR | File "C:\Users\maxwell\AppData\Local\Python\pythoncore-3.11-64\Lib\encodings\cp1252.py", line 19, in encode
    return codecs.charmap_encode(input,self.errors,encoding_table)[0]
           ^^^^^^^^^^^^^^^^^^^^^^^^^^^^^^^^^^^^^^^^^^^^^^^^^^^^^^^
2026-03-04 15:16:52,822 | 21060 | ERROR | UnicodeEncodeError: 'charmap' codec can't encode character '\u2248' in position 192: character maps to <undefined>
2026-03-04 15:16:52,822 | 21060 | ERROR | During handling of the above exception, another exception occurred:
2026-03-04 15:16:52,823 | 21060 | ERROR | Traceback (most recent call last):
2026-03-04 15:16:52,824 | 21060 | ERROR | File "C:\Users\maxwell\AppData\Local\Python\pythoncore-3.11-64\Lib\logging\__init__.py", line 1113, in emit
    stream.write(msg + self.terminator)
2026-03-04 15:16:52,824 | 21060 | ERROR | File "C:\Users\maxwell\AppData\Local\Python\pythoncore-3.11-64\Lib\encodings\cp1252.py", line 19, in encode
    return codecs.charmap_encode(input,self.errors,encoding_table)[0]
           ^^^^^^^^^^^^^^^^^^^^^^^^^^^^^^^^^^^^^^^^^^^^^^^^^^^^^^^
2026-03-04 15:16:52,825 | 21060 | ERROR | UnicodeEncodeError: 'charmap' codec can't encode character '\u2248' in position 192: character maps to <undefined>
2026-03-04 15:16:52,826 | 21060 | ERROR | During handling of the above exception, another exception occurred:
2026-03-04 15:16:52,827 | 21060 | ERROR | Traceback (most recent call last):
2026-03-04 15:16:52,827 | 21060 | ERROR | File "C:\Users\maxwell\AppData\Local\Python\pythoncore-3.11-64\Lib\logging\__init__.py", line 1113, in emit
    stream.write(msg + self.terminator)
2026-03-04 15:16:52,828 | 21060 | ERROR | File "C:\Users\maxwell\AppData\Local\Python\pythoncore-3.11-64\Lib\encodings\cp1252.py", line 19, in encode
    return codecs.charmap_encode(input,self.errors,encoding_table)[0]
           ^^^^^^^^^^^^^^^^^^^^^^^^^^^^^^^^^^^^^^^^^^^^^^^^^^^^^^^
2026-03-04 15:16:52,828 | 21060 | ERROR | UnicodeEncodeError: 'charmap' codec can't encode character '\u2248' in position 192: character maps to <undefined>
2026-03-04 15:16:52,829 | 21060 | ERROR | During handling of the above exception, another exception occurred:
2026-03-04 15:16:52,830 | 21060 | ERROR | Traceback (most recent call last):
2026-03-04 15:16:52,831 | 21060 | ERROR | File "C:\Users\maxwell\AppData\Local\Python\pythoncore-3.11-64\Lib\logging\__init__.py", line 1113, in emit
    stream.write(msg + self.terminator)
2026-03-04 15:16:52,831 | 21060 | ERROR | File "C:\Users\maxwell\AppData\Local\Python\pythoncore-3.11-64\Lib\encodings\cp1252.py", line 19, in encode
    return codecs.charmap_encode(input,self.errors,encoding_table)[0]
           ^^^^^^^^^^^^^^^^^^^^^^^^^^^^^^^^^^^^^^^^^^^^^^^^^^^^^^^
2026-03-04 15:16:52,832 | 21060 | ERROR | UnicodeEncodeError: 'charmap' codec can't encode character '\u2248' in position 192: character maps to <undefined>
2026-03-04 15:16:52,832 | 21060 | ERROR | During handling of the above exception, another exception occurred:
2026-03-04 15:16:52,833 | 21060 | ERROR | Traceback (most recent call last):
2026-03-04 15:16:52,833 | 21060 | ERROR | File "C:\Users\maxwell\AppData\Local\Python\pythoncore-3.11-64\Lib\logging\__init__.py", line 1113, in emit
    stream.write(msg + self.terminator)
2026-03-04 15:16:52,834 | 21060 | ERROR | File "C:\Users\maxwell\AppData\Local\Python\pythoncore-3.11-64\Lib\encodings\cp1252.py", line 19, in encode
    return codecs.charmap_encode(input,self.errors,encoding_table)[0]
           ^^^^^^^^^^^^^^^^^^^^^^^^^^^^^^^^^^^^^^^^^^^^^^^^^^^^^^^
2026-03-04 15:16:52,835 | 21060 | ERROR | UnicodeEncodeError: 'charmap' codec can't encode character '\u2248' in position 192: character maps to <undefined>
2026-03-04 15:16:52,835 | 21060 | ERROR | During handling of the above exception, another exception occurred:
2026-03-04 15:16:52,835 | 21060 | ERROR | Traceback (most recent call last):
2026-03-04 15:16:52,835 | 21060 | ERROR | File "C:\Users\maxwell\AppData\Local\Python\pythoncore-3.11-64\Lib\logging\__init__.py", line 1113, in emit
    stream.write(msg + self.terminator)
2026-03-04 15:16:52,835 | 21060 | ERROR | File "C:\Users\maxwell\AppData\Local\Python\pythoncore-3.11-64\Lib\encodings\cp1252.py", line 19, in encode
    return codecs.charmap_encode(input,self.errors,encoding_table)[0]
           ^^^^^^^^^^^^^^^^^^^^^^^^^^^^^^^^^^^^^^^^^^^^^^^^^^^^^^^
2026-03-04 15:16:52,835 | 21060 | ERROR | UnicodeEncodeError: 'charmap' codec can't encode character '\u2248' in position 192: character maps to <undefined>
2026-03-04 15:16:52,835 | 21060 | ERROR | During handling of the above exception, another exception occurred:
2026-03-04 15:16:52,835 | 21060 | ERROR | Traceback (most recent call last):
2026-03-04 15:16:52,835 | 21060 | ERROR | File "C:\Users\maxwell\AppData\Local\Python\pythoncore-3.11-64\Lib\logging\__init__.py", line 1113, in emit
    stream.write(msg + self.terminator)
2026-03-04 15:16:52,835 | 21060 | ERROR | File "C:\Users\maxwell\AppData\Local\Python\pythoncore-3.11-64\Lib\encodings\cp1252.py", line 19, in encode
    return codecs.charmap_encode(input,self.errors,encoding_table)[0]
           ^^^^^^^^^^^^^^^^^^^^^^^^^^^^^^^^^^^^^^^^^^^^^^^^^^^^^^^
2026-03-04 15:16:52,841 | 21060 | ERROR | UnicodeEncodeError: 'charmap' codec can't encode character '\u2248' in position 192: character maps to <undefined>
2026-03-04 15:16:52,841 | 21060 | ERROR | During handling of the above exception, another exception occurred:
2026-03-04 15:16:52,843 | 21060 | ERROR | Traceback (most recent call last):
2026-03-04 15:16:52,843 | 21060 | ERROR | File "C:\Users\maxwell\AppData\Local\Python\pythoncore-3.11-64\Lib\logging\__init__.py", line 1113, in emit
    stream.write(msg + self.terminator)
2026-03-04 15:16:52,844 | 21060 | ERROR | File "C:\Users\maxwell\AppData\Local\Python\pythoncore-3.11-64\Lib\encodings\cp1252.py", line 19, in encode
    return codecs.charmap_encode(input,self.errors,encoding_table)[0]
           ^^^^^^^^^^^^^^^^^^^^^^^^^^^^^^^^^^^^^^^^^^^^^^^^^^^^^^^
2026-03-04 15:16:52,844 | 21060 | ERROR | UnicodeEncodeError: 'charmap' codec can't encode character '\u2248' in position 192: character maps to <undefined>
2026-03-04 15:16:52,845 | 21060 | ERROR | During handling of the above exception, another exception occurred:
2026-03-04 15:16:52,846 | 21060 | ERROR | Traceback (most recent call last):
2026-03-04 15:16:52,846 | 21060 | ERROR | File "C:\Users\maxwell\AppData\Local\Python\pythoncore-3.11-64\Lib\logging\__init__.py", line 1113, in emit
    stream.write(msg + self.terminator)
2026-03-04 15:16:52,846 | 21060 | ERROR | File "C:\Users\maxwell\AppData\Local\Python\pythoncore-3.11-64\Lib\encodings\cp1252.py", line 19, in encode
    return codecs.charmap_encode(input,self.errors,encoding_table)[0]
           ^^^^^^^^^^^^^^^^^^^^^^^^^^^^^^^^^^^^^^^^^^^^^^^^^^^^^^^
2026-03-04 15:16:52,846 | 21060 | ERROR | UnicodeEncodeError: 'charmap' codec can't encode character '\u2248' in position 192: character maps to <undefined>
2026-03-04 15:16:52,846 | 21060 | ERROR | During handling of the above exception, another exception occurred:
2026-03-04 15:16:52,846 | 21060 | ERROR | Traceback (most recent call last):
2026-03-04 15:16:52,846 | 21060 | ERROR | File "C:\Users\maxwell\AppData\Local\Python\pythoncore-3.11-64\Lib\logging\__init__.py", line 1113, in emit
    stream.write(msg + self.terminator)
2026-03-04 15:16:52,846 | 21060 | ERROR | File "C:\Users\maxwell\AppData\Local\Python\pythoncore-3.11-64\Lib\encodings\cp1252.py", line 19, in encode
    return codecs.charmap_encode(input,self.errors,encoding_table)[0]
           ^^^^^^^^^^^^^^^^^^^^^^^^^^^^^^^^^^^^^^^^^^^^^^^^^^^^^^^
2026-03-04 15:16:52,846 | 21060 | ERROR | UnicodeEncodeError: 'charmap' codec can't encode character '\u2248' in position 192: character maps to <undefined>
2026-03-04 15:16:52,851 | 21060 | ERROR | During handling of the above exception, another exception occurred:
2026-03-04 15:16:52,852 | 21060 | ERROR | Traceback (most recent call last):
2026-03-04 15:16:52,852 | 21060 | ERROR | File "C:\Users\maxwell\AppData\Local\Python\pythoncore-3.11-64\Lib\logging\__init__.py", line 1113, in emit
    stream.write(msg + self.terminator)
2026-03-04 15:16:52,853 | 21060 | ERROR | File "C:\Users\maxwell\AppData\Local\Python\pythoncore-3.11-64\Lib\encodings\cp1252.py", line 19, in encode
    return codecs.charmap_encode(input,self.errors,encoding_table)[0]
           ^^^^^^^^^^^^^^^^^^^^^^^^^^^^^^^^^^^^^^^^^^^^^^^^^^^^^^^
2026-03-04 15:16:52,853 | 21060 | ERROR | UnicodeEncodeError: 'charmap' codec can't encode character '\u2248' in position 192: character maps to <undefined>
2026-03-04 15:16:52,855 | 21060 | ERROR | During handling of the above exception, another exception occurred:
2026-03-04 15:16:52,856 | 21060 | ERROR | Traceback (most recent call last):
2026-03-04 15:16:52,856 | 21060 | ERROR | File "C:\Users\maxwell\AppData\Local\Python\pythoncore-3.11-64\Lib\logging\__init__.py", line 1113, in emit
    stream.write(msg + self.terminator)
2026-03-04 15:16:52,856 | 21060 | ERROR | File "C:\Users\maxwell\AppData\Local\Python\pythoncore-3.11-64\Lib\encodings\cp1252.py", line 19, in encode
    return codecs.charmap_encode(input,self.errors,encoding_table)[0]
           ^^^^^^^^^^^^^^^^^^^^^^^^^^^^^^^^^^^^^^^^^^^^^^^^^^^^^^^
2026-03-04 15:16:52,858 | 21060 | ERROR | UnicodeEncodeError: 'charmap' codec can't encode character '\u2248' in position 192: character maps to <undefined>
2026-03-04 15:16:52,858 | 21060 | ERROR | Call stack:
2026-03-04 15:16:52,863 | 21060 | ERROR | File "C:\Users\maxwell\UCB-USACE-RR-PROJECT\run_hyperparam_search.py", line 853, in <module>
    setup_logging()
2026-03-04 15:16:52,864 | 21060 | ERROR | --- Logging error ---
2026-03-04 15:16:52,870 | 21060 | ERROR | Traceback (most recent call last):
2026-03-04 15:16:52,870 | 21060 | ERROR | File "C:\Users\maxwell\AppData\Local\Python\pythoncore-3.11-64\Lib\logging\__init__.py", line 1113, in emit
    stream.write(msg + self.terminator)
2026-03-04 15:16:52,880 | 21060 | ERROR | File "C:\Users\maxwell\AppData\Local\Python\pythoncore-3.11-64\Lib\encodings\cp1252.py", line 19, in encode
    return codecs.charmap_encode(input,self.errors,encoding_table)[0]
           ^^^^^^^^^^^^^^^^^^^^^^^^^^^^^^^^^^^^^^^^^^^^^^^^^^^^^^^
2026-03-04 15:16:52,880 | 21060 | ERROR | UnicodeEncodeError: 'charmap' codec can't encode character '\u2248' in position 107: character maps to <undefined>
2026-03-04 15:16:52,881 | 21060 | ERROR | During handling of the above exception, another exception occurred:
2026-03-04 15:16:52,882 | 21060 | ERROR | Traceback (most recent call last):
2026-03-04 15:16:52,882 | 21060 | ERROR | File "C:\Users\maxwell\AppData\Local\Python\pythoncore-3.11-64\Lib\logging\__init__.py", line 1113, in emit
    stream.write(msg + self.terminator)
2026-03-04 15:16:52,883 | 21060 | ERROR | File "C:\Users\maxwell\AppData\Local\Python\pythoncore-3.11-64\Lib\encodings\cp1252.py", line 19, in encode
    return codecs.charmap_encode(input,self.errors,encoding_table)[0]
           ^^^^^^^^^^^^^^^^^^^^^^^^^^^^^^^^^^^^^^^^^^^^^^^^^^^^^^^
2026-03-04 15:16:52,883 | 21060 | ERROR | UnicodeEncodeError: 'charmap' codec can't encode character '\u2248' in position 192: character maps to <undefined>
2026-03-04 15:16:52,884 | 21060 | ERROR | During handling of the above exception, another exception occurred:
2026-03-04 15:16:52,885 | 21060 | ERROR | Traceback (most recent call last):
2026-03-04 15:16:52,885 | 21060 | ERROR | File "C:\Users\maxwell\AppData\Local\Python\pythoncore-3.11-64\Lib\logging\__init__.py", line 1113, in emit
    stream.write(msg + self.terminator)
2026-03-04 15:16:52,887 | 21060 | ERROR | File "C:\Users\maxwell\AppData\Local\Python\pythoncore-3.11-64\Lib\encodings\cp1252.py", line 19, in encode
    return codecs.charmap_encode(input,self.errors,encoding_table)[0]
           ^^^^^^^^^^^^^^^^^^^^^^^^^^^^^^^^^^^^^^^^^^^^^^^^^^^^^^^
2026-03-04 15:16:52,887 | 21060 | ERROR | UnicodeEncodeError: 'charmap' codec can't encode character '\u2248' in position 192: character maps to <undefined>
2026-03-04 15:16:52,888 | 21060 | ERROR | During handling of the above exception, another exception occurred:
2026-03-04 15:16:52,889 | 21060 | ERROR | Traceback (most recent call last):
2026-03-04 15:16:52,890 | 21060 | ERROR | File "C:\Users\maxwell\AppData\Local\Python\pythoncore-3.11-64\Lib\logging\__init__.py", line 1113, in emit
    stream.write(msg + self.terminator)
2026-03-04 15:16:52,890 | 21060 | ERROR | File "C:\Users\maxwell\AppData\Local\Python\pythoncore-3.11-64\Lib\encodings\cp1252.py", line 19, in encode
    return codecs.charmap_encode(input,self.errors,encoding_table)[0]
           ^^^^^^^^^^^^^^^^^^^^^^^^^^^^^^^^^^^^^^^^^^^^^^^^^^^^^^^
2026-03-04 15:16:52,890 | 21060 | ERROR | UnicodeEncodeError: 'charmap' codec can't encode character '\u2248' in position 192: character maps to <undefined>
2026-03-04 15:16:52,890 | 21060 | ERROR | During handling of the above exception, another exception occurred:
2026-03-04 15:16:52,890 | 21060 | ERROR | Traceback (most recent call last):
2026-03-04 15:16:52,890 | 21060 | ERROR | File "C:\Users\maxwell\AppData\Local\Python\pythoncore-3.11-64\Lib\logging\__init__.py", line 1113, in emit
    stream.write(msg + self.terminator)
2026-03-04 15:16:52,890 | 21060 | ERROR | File "C:\Users\maxwell\AppData\Local\Python\pythoncore-3.11-64\Lib\encodings\cp1252.py", line 19, in encode
    return codecs.charmap_encode(input,self.errors,encoding_table)[0]
           ^^^^^^^^^^^^^^^^^^^^^^^^^^^^^^^^^^^^^^^^^^^^^^^^^^^^^^^
2026-03-04 15:16:52,890 | 21060 | ERROR | UnicodeEncodeError: 'charmap' codec can't encode character '\u2248' in position 192: character maps to <undefined>
2026-03-04 15:16:52,896 | 21060 | ERROR | During handling of the above exception, another exception occurred:
2026-03-04 15:16:52,897 | 21060 | ERROR | Traceback (most recent call last):
2026-03-04 15:16:52,898 | 21060 | ERROR | File "C:\Users\maxwell\AppData\Local\Python\pythoncore-3.11-64\Lib\logging\__init__.py", line 1113, in emit
    stream.write(msg + self.terminator)
2026-03-04 15:16:52,898 | 21060 | ERROR | File "C:\Users\maxwell\AppData\Local\Python\pythoncore-3.11-64\Lib\encodings\cp1252.py", line 19, in encode
    return codecs.charmap_encode(input,self.errors,encoding_table)[0]
           ^^^^^^^^^^^^^^^^^^^^^^^^^^^^^^^^^^^^^^^^^^^^^^^^^^^^^^^
2026-03-04 15:16:52,899 | 21060 | ERROR | UnicodeEncodeError: 'charmap' codec can't encode character '\u2248' in position 192: character maps to <undefined>
2026-03-04 15:16:52,899 | 21060 | ERROR | During handling of the above exception, another exception occurred:
2026-03-04 15:16:52,901 | 21060 | ERROR | Traceback (most recent call last):
2026-03-04 15:16:52,902 | 21060 | ERROR | File "C:\Users\maxwell\AppData\Local\Python\pythoncore-3.11-64\Lib\logging\__init__.py", line 1113, in emit
    stream.write(msg + self.terminator)
2026-03-04 15:16:52,902 | 21060 | ERROR | File "C:\Users\maxwell\AppData\Local\Python\pythoncore-3.11-64\Lib\encodings\cp1252.py", line 19, in encode
    return codecs.charmap_encode(input,self.errors,encoding_table)[0]
           ^^^^^^^^^^^^^^^^^^^^^^^^^^^^^^^^^^^^^^^^^^^^^^^^^^^^^^^
2026-03-04 15:16:52,903 | 21060 | ERROR | UnicodeEncodeError: 'charmap' codec can't encode character '\u2248' in position 192: character maps to <undefined>
2026-03-04 15:16:52,904 | 21060 | ERROR | During handling of the above exception, another exception occurred:
2026-03-04 15:16:52,904 | 21060 | ERROR | Traceback (most recent call last):
2026-03-04 15:16:52,905 | 21060 | ERROR | File "C:\Users\maxwell\AppData\Local\Python\pythoncore-3.11-64\Lib\logging\__init__.py", line 1113, in emit
    stream.write(msg + self.terminator)
2026-03-04 15:16:52,906 | 21060 | ERROR | File "C:\Users\maxwell\AppData\Local\Python\pythoncore-3.11-64\Lib\encodings\cp1252.py", line 19, in encode
    return codecs.charmap_encode(input,self.errors,encoding_table)[0]
           ^^^^^^^^^^^^^^^^^^^^^^^^^^^^^^^^^^^^^^^^^^^^^^^^^^^^^^^
2026-03-04 15:16:52,906 | 21060 | ERROR | UnicodeEncodeError: 'charmap' codec can't encode character '\u2248' in position 192: character maps to <undefined>
2026-03-04 15:16:52,907 | 21060 | ERROR | During handling of the above exception, another exception occurred:
2026-03-04 15:16:52,907 | 21060 | ERROR | Traceback (most recent call last):
2026-03-04 15:16:52,907 | 21060 | ERROR | File "C:\Users\maxwell\AppData\Local\Python\pythoncore-3.11-64\Lib\logging\__init__.py", line 1113, in emit
    stream.write(msg + self.terminator)
2026-03-04 15:16:52,907 | 21060 | ERROR | File "C:\Users\maxwell\AppData\Local\Python\pythoncore-3.11-64\Lib\encodings\cp1252.py", line 19, in encode
    return codecs.charmap_encode(input,self.errors,encoding_table)[0]
           ^^^^^^^^^^^^^^^^^^^^^^^^^^^^^^^^^^^^^^^^^^^^^^^^^^^^^^^
2026-03-04 15:16:52,907 | 21060 | ERROR | UnicodeEncodeError: 'charmap' codec can't encode character '\u2248' in position 192: character maps to <undefined>
2026-03-04 15:16:52,911 | 21060 | ERROR | During handling of the above exception, another exception occurred:
2026-03-04 15:16:52,911 | 21060 | ERROR | Traceback (most recent call last):
2026-03-04 15:16:52,912 | 21060 | ERROR | File "C:\Users\maxwell\AppData\Local\Python\pythoncore-3.11-64\Lib\logging\__init__.py", line 1113, in emit
    stream.write(msg + self.terminator)
2026-03-04 15:16:52,912 | 21060 | ERROR | File "C:\Users\maxwell\AppData\Local\Python\pythoncore-3.11-64\Lib\encodings\cp1252.py", line 19, in encode
    return codecs.charmap_encode(input,self.errors,encoding_table)[0]
           ^^^^^^^^^^^^^^^^^^^^^^^^^^^^^^^^^^^^^^^^^^^^^^^^^^^^^^^
2026-03-04 15:16:52,913 | 21060 | ERROR | UnicodeEncodeError: 'charmap' codec can't encode character '\u2248' in position 192: character maps to <undefined>
2026-03-04 15:16:52,913 | 21060 | ERROR | During handling of the above exception, another exception occurred:
2026-03-04 15:16:52,915 | 21060 | ERROR | Traceback (most recent call last):
2026-03-04 15:16:52,916 | 21060 | ERROR | File "C:\Users\maxwell\AppData\Local\Python\pythoncore-3.11-64\Lib\logging\__init__.py", line 1113, in emit
    stream.write(msg + self.terminator)
2026-03-04 15:16:52,916 | 21060 | ERROR | File "C:\Users\maxwell\AppData\Local\Python\pythoncore-3.11-64\Lib\encodings\cp1252.py", line 19, in encode
    return codecs.charmap_encode(input,self.errors,encoding_table)[0]
           ^^^^^^^^^^^^^^^^^^^^^^^^^^^^^^^^^^^^^^^^^^^^^^^^^^^^^^^
2026-03-04 15:16:52,916 | 21060 | ERROR | UnicodeEncodeError: 'charmap' codec can't encode character '\u2248' in position 192: character maps to <undefined>
2026-03-04 15:16:52,918 | 21060 | ERROR | During handling of the above exception, another exception occurred:
2026-03-04 15:16:52,918 | 21060 | ERROR | Traceback (most recent call last):
2026-03-04 15:16:52,918 | 21060 | ERROR | File "C:\Users\maxwell\AppData\Local\Python\pythoncore-3.11-64\Lib\logging\__init__.py", line 1113, in emit
    stream.write(msg + self.terminator)
2026-03-04 15:16:52,918 | 21060 | ERROR | File "C:\Users\maxwell\AppData\Local\Python\pythoncore-3.11-64\Lib\encodings\cp1252.py", line 19, in encode
    return codecs.charmap_encode(input,self.errors,encoding_table)[0]
           ^^^^^^^^^^^^^^^^^^^^^^^^^^^^^^^^^^^^^^^^^^^^^^^^^^^^^^^
2026-03-04 15:16:52,918 | 21060 | ERROR | UnicodeEncodeError: 'charmap' codec can't encode character '\u2248' in position 192: character maps to <undefined>
2026-03-04 15:16:52,922 | 21060 | ERROR | During handling of the above exception, another exception occurred:
2026-03-04 15:16:52,922 | 21060 | ERROR | Traceback (most recent call last):
2026-03-04 15:16:52,923 | 21060 | ERROR | File "C:\Users\maxwell\AppData\Local\Python\pythoncore-3.11-64\Lib\logging\__init__.py", line 1113, in emit
    stream.write(msg + self.terminator)
2026-03-04 15:16:52,924 | 21060 | ERROR | File "C:\Users\maxwell\AppData\Local\Python\pythoncore-3.11-64\Lib\encodings\cp1252.py", line 19, in encode
    return codecs.charmap_encode(input,self.errors,encoding_table)[0]
           ^^^^^^^^^^^^^^^^^^^^^^^^^^^^^^^^^^^^^^^^^^^^^^^^^^^^^^^
2026-03-04 15:16:52,925 | 21060 | ERROR | UnicodeEncodeError: 'charmap' codec can't encode character '\u2248' in position 192: character maps to <undefined>
2026-03-04 15:16:52,925 | 21060 | ERROR | During handling of the above exception, another exception occurred:
2026-03-04 15:16:52,926 | 21060 | ERROR | Traceback (most recent call last):
2026-03-04 15:16:52,928 | 21060 | ERROR | File "C:\Users\maxwell\AppData\Local\Python\pythoncore-3.11-64\Lib\logging\__init__.py", line 1113, in emit
    stream.write(msg + self.terminator)
2026-03-04 15:16:52,928 | 21060 | ERROR | File "C:\Users\maxwell\AppData\Local\Python\pythoncore-3.11-64\Lib\encodings\cp1252.py", line 19, in encode
    return codecs.charmap_encode(input,self.errors,encoding_table)[0]
           ^^^^^^^^^^^^^^^^^^^^^^^^^^^^^^^^^^^^^^^^^^^^^^^^^^^^^^^
2026-03-04 15:16:52,929 | 21060 | ERROR | UnicodeEncodeError: 'charmap' codec can't encode character '\u2248' in position 192: character maps to <undefined>
2026-03-04 15:16:52,929 | 21060 | ERROR | During handling of the above exception, another exception occurred:
2026-03-04 15:16:52,930 | 21060 | ERROR | Traceback (most recent call last):
2026-03-04 15:16:52,930 | 21060 | ERROR | File "C:\Users\maxwell\AppData\Local\Python\pythoncore-3.11-64\Lib\logging\__init__.py", line 1113, in emit
    stream.write(msg + self.terminator)
2026-03-04 15:16:52,932 | 21060 | ERROR | File "C:\Users\maxwell\AppData\Local\Python\pythoncore-3.11-64\Lib\encodings\cp1252.py", line 19, in encode
    return codecs.charmap_encode(input,self.errors,encoding_table)[0]
           ^^^^^^^^^^^^^^^^^^^^^^^^^^^^^^^^^^^^^^^^^^^^^^^^^^^^^^^
2026-03-04 15:16:52,932 | 21060 | ERROR | UnicodeEncodeError: 'charmap' codec can't encode character '\u2248' in position 192: character maps to <undefined>
2026-03-04 15:16:52,933 | 21060 | ERROR | During handling of the above exception, another exception occurred:
2026-03-04 15:16:52,933 | 21060 | ERROR | Traceback (most recent call last):
2026-03-04 15:16:52,934 | 21060 | ERROR | File "C:\Users\maxwell\AppData\Local\Python\pythoncore-3.11-64\Lib\logging\__init__.py", line 1113, in emit
    stream.write(msg + self.terminator)
2026-03-04 15:16:52,934 | 21060 | ERROR | File "C:\Users\maxwell\AppData\Local\Python\pythoncore-3.11-64\Lib\encodings\cp1252.py", line 19, in encode
    return codecs.charmap_encode(input,self.errors,encoding_table)[0]
           ^^^^^^^^^^^^^^^^^^^^^^^^^^^^^^^^^^^^^^^^^^^^^^^^^^^^^^^
2026-03-04 15:16:52,934 | 21060 | ERROR | UnicodeEncodeError: 'charmap' codec can't encode character '\u2248' in position 192: character maps to <undefined>
2026-03-04 15:16:52,934 | 21060 | ERROR | During handling of the above exception, another exception occurred:
2026-03-04 15:16:52,937 | 21060 | ERROR | Traceback (most recent call last):
2026-03-04 15:16:52,938 | 21060 | ERROR | File "C:\Users\maxwell\AppData\Local\Python\pythoncore-3.11-64\Lib\logging\__init__.py", line 1113, in emit
    stream.write(msg + self.terminator)
2026-03-04 15:16:52,938 | 21060 | ERROR | File "C:\Users\maxwell\AppData\Local\Python\pythoncore-3.11-64\Lib\encodings\cp1252.py", line 19, in encode
    return codecs.charmap_encode(input,self.errors,encoding_table)[0]
           ^^^^^^^^^^^^^^^^^^^^^^^^^^^^^^^^^^^^^^^^^^^^^^^^^^^^^^^
2026-03-04 15:16:52,940 | 21060 | ERROR | UnicodeEncodeError: 'charmap' codec can't encode character '\u2248' in position 192: character maps to <undefined>
2026-03-04 15:16:52,941 | 21060 | ERROR | During handling of the above exception, another exception occurred:
2026-03-04 15:16:52,941 | 21060 | ERROR | Traceback (most recent call last):
2026-03-04 15:16:52,942 | 21060 | ERROR | File "C:\Users\maxwell\AppData\Local\Python\pythoncore-3.11-64\Lib\logging\__init__.py", line 1113, in emit
    stream.write(msg + self.terminator)
2026-03-04 15:16:52,943 | 21060 | ERROR | File "C:\Users\maxwell\AppData\Local\Python\pythoncore-3.11-64\Lib\encodings\cp1252.py", line 19, in encode
    return codecs.charmap_encode(input,self.errors,encoding_table)[0]
           ^^^^^^^^^^^^^^^^^^^^^^^^^^^^^^^^^^^^^^^^^^^^^^^^^^^^^^^
2026-03-04 15:16:52,944 | 21060 | ERROR | UnicodeEncodeError: 'charmap' codec can't encode character '\u2248' in position 192: character maps to <undefined>
2026-03-04 15:16:52,945 | 21060 | ERROR | During handling of the above exception, another exception occurred:
2026-03-04 15:16:52,945 | 21060 | ERROR | Traceback (most recent call last):
2026-03-04 15:16:52,946 | 21060 | ERROR | File "C:\Users\maxwell\AppData\Local\Python\pythoncore-3.11-64\Lib\logging\__init__.py", line 1113, in emit
    stream.write(msg + self.terminator)
2026-03-04 15:16:52,946 | 21060 | ERROR | File "C:\Users\maxwell\AppData\Local\Python\pythoncore-3.11-64\Lib\encodings\cp1252.py", line 19, in encode
    return codecs.charmap_encode(input,self.errors,encoding_table)[0]
           ^^^^^^^^^^^^^^^^^^^^^^^^^^^^^^^^^^^^^^^^^^^^^^^^^^^^^^^
2026-03-04 15:16:52,947 | 21060 | ERROR | UnicodeEncodeError: 'charmap' codec can't encode character '\u2248' in position 192: character maps to <undefined>
2026-03-04 15:16:52,948 | 21060 | ERROR | During handling of the above exception, another exception occurred:
2026-03-04 15:16:52,948 | 21060 | ERROR | Traceback (most recent call last):
2026-03-04 15:16:52,949 | 21060 | ERROR | File "C:\Users\maxwell\AppData\Local\Python\pythoncore-3.11-64\Lib\logging\__init__.py", line 1113, in emit
    stream.write(msg + self.terminator)
2026-03-04 15:16:52,950 | 21060 | ERROR | File "C:\Users\maxwell\AppData\Local\Python\pythoncore-3.11-64\Lib\encodings\cp1252.py", line 19, in encode
    return codecs.charmap_encode(input,self.errors,encoding_table)[0]
           ^^^^^^^^^^^^^^^^^^^^^^^^^^^^^^^^^^^^^^^^^^^^^^^^^^^^^^^
2026-03-04 15:16:52,950 | 21060 | ERROR | UnicodeEncodeError: 'charmap' codec can't encode character '\u2248' in position 192: character maps to <undefined>
2026-03-04 15:16:52,950 | 21060 | ERROR | During handling of the above exception, another exception occurred:
2026-03-04 15:16:52,950 | 21060 | ERROR | Traceback (most recent call last):
2026-03-04 15:16:52,953 | 21060 | ERROR | File "C:\Users\maxwell\AppData\Local\Python\pythoncore-3.11-64\Lib\logging\__init__.py", line 1113, in emit
    stream.write(msg + self.terminator)
2026-03-04 15:16:52,955 | 21060 | ERROR | File "C:\Users\maxwell\AppData\Local\Python\pythoncore-3.11-64\Lib\encodings\cp1252.py", line 19, in encode
    return codecs.charmap_encode(input,self.errors,encoding_table)[0]
           ^^^^^^^^^^^^^^^^^^^^^^^^^^^^^^^^^^^^^^^^^^^^^^^^^^^^^^^
2026-03-04 15:16:52,955 | 21060 | ERROR | UnicodeEncodeError: 'charmap' codec can't encode character '\u2248' in position 192: character maps to <undefined>
2026-03-04 15:16:52,956 | 21060 | ERROR | During handling of the above exception, another exception occurred:
2026-03-04 15:16:52,957 | 21060 | ERROR | Traceback (most recent call last):
2026-03-04 15:16:52,957 | 21060 | ERROR | File "C:\Users\maxwell\AppData\Local\Python\pythoncore-3.11-64\Lib\logging\__init__.py", line 1113, in emit
    stream.write(msg + self.terminator)
2026-03-04 15:16:52,958 | 21060 | ERROR | File "C:\Users\maxwell\AppData\Local\Python\pythoncore-3.11-64\Lib\encodings\cp1252.py", line 19, in encode
    return codecs.charmap_encode(input,self.errors,encoding_table)[0]
           ^^^^^^^^^^^^^^^^^^^^^^^^^^^^^^^^^^^^^^^^^^^^^^^^^^^^^^^
2026-03-04 15:16:52,959 | 21060 | ERROR | UnicodeEncodeError: 'charmap' codec can't encode character '\u2248' in position 192: character maps to <undefined>
2026-03-04 15:16:52,960 | 21060 | ERROR | During handling of the above exception, another exception occurred:
2026-03-04 15:16:52,961 | 21060 | ERROR | Traceback (most recent call last):
2026-03-04 15:16:52,961 | 21060 | ERROR | File "C:\Users\maxwell\AppData\Local\Python\pythoncore-3.11-64\Lib\logging\__init__.py", line 1113, in emit
    stream.write(msg + self.terminator)
2026-03-04 15:16:52,962 | 21060 | ERROR | File "C:\Users\maxwell\AppData\Local\Python\pythoncore-3.11-64\Lib\encodings\cp1252.py", line 19, in encode
    return codecs.charmap_encode(input,self.errors,encoding_table)[0]
           ^^^^^^^^^^^^^^^^^^^^^^^^^^^^^^^^^^^^^^^^^^^^^^^^^^^^^^^
2026-03-04 15:16:52,963 | 21060 | ERROR | UnicodeEncodeError: 'charmap' codec can't encode character '\u2248' in position 192: character maps to <undefined>
2026-03-04 15:16:52,964 | 21060 | ERROR | During handling of the above exception, another exception occurred:
2026-03-04 15:16:52,965 | 21060 | ERROR | Traceback (most recent call last):
2026-03-04 15:16:52,965 | 21060 | ERROR | File "C:\Users\maxwell\AppData\Local\Python\pythoncore-3.11-64\Lib\logging\__init__.py", line 1113, in emit
    stream.write(msg + self.terminator)
2026-03-04 15:16:52,965 | 21060 | ERROR | File "C:\Users\maxwell\AppData\Local\Python\pythoncore-3.11-64\Lib\encodings\cp1252.py", line 19, in encode
    return codecs.charmap_encode(input,self.errors,encoding_table)[0]
           ^^^^^^^^^^^^^^^^^^^^^^^^^^^^^^^^^^^^^^^^^^^^^^^^^^^^^^^
2026-03-04 15:16:52,965 | 21060 | ERROR | UnicodeEncodeError: 'charmap' codec can't encode character '\u2248' in position 192: character maps to <undefined>
2026-03-04 15:16:52,965 | 21060 | ERROR | During handling of the above exception, another exception occurred:
2026-03-04 15:16:52,965 | 21060 | ERROR | Traceback (most recent call last):
2026-03-04 15:16:52,969 | 21060 | ERROR | File "C:\Users\maxwell\AppData\Local\Python\pythoncore-3.11-64\Lib\logging\__init__.py", line 1113, in emit
    stream.write(msg + self.terminator)
2026-03-04 15:16:52,969 | 21060 | ERROR | File "C:\Users\maxwell\AppData\Local\Python\pythoncore-3.11-64\Lib\encodings\cp1252.py", line 19, in encode
    return codecs.charmap_encode(input,self.errors,encoding_table)[0]
           ^^^^^^^^^^^^^^^^^^^^^^^^^^^^^^^^^^^^^^^^^^^^^^^^^^^^^^^
2026-03-04 15:16:52,970 | 21060 | ERROR | UnicodeEncodeError: 'charmap' codec can't encode character '\u2248' in position 192: character maps to <undefined>
2026-03-04 15:16:52,971 | 21060 | ERROR | During handling of the above exception, another exception occurred:
2026-03-04 15:16:52,971 | 21060 | ERROR | Traceback (most recent call last):
2026-03-04 15:16:52,973 | 21060 | ERROR | File "C:\Users\maxwell\AppData\Local\Python\pythoncore-3.11-64\Lib\logging\__init__.py", line 1113, in emit
    stream.write(msg + self.terminator)
2026-03-04 15:16:52,973 | 21060 | ERROR | File "C:\Users\maxwell\AppData\Local\Python\pythoncore-3.11-64\Lib\encodings\cp1252.py", line 19, in encode
    return codecs.charmap_encode(input,self.errors,encoding_table)[0]
           ^^^^^^^^^^^^^^^^^^^^^^^^^^^^^^^^^^^^^^^^^^^^^^^^^^^^^^^
2026-03-04 15:16:52,974 | 21060 | ERROR | UnicodeEncodeError: 'charmap' codec can't encode character '\u2248' in position 192: character maps to <undefined>
2026-03-04 15:16:52,975 | 21060 | ERROR | During handling of the above exception, another exception occurred:
2026-03-04 15:16:52,975 | 21060 | ERROR | Traceback (most recent call last):
2026-03-04 15:16:52,977 | 21060 | ERROR | File "C:\Users\maxwell\AppData\Local\Python\pythoncore-3.11-64\Lib\logging\__init__.py", line 1113, in emit
    stream.write(msg + self.terminator)
2026-03-04 15:16:52,977 | 21060 | ERROR | File "C:\Users\maxwell\AppData\Local\Python\pythoncore-3.11-64\Lib\encodings\cp1252.py", line 19, in encode
    return codecs.charmap_encode(input,self.errors,encoding_table)[0]
           ^^^^^^^^^^^^^^^^^^^^^^^^^^^^^^^^^^^^^^^^^^^^^^^^^^^^^^^
2026-03-04 15:16:52,978 | 21060 | ERROR | UnicodeEncodeError: 'charmap' codec can't encode character '\u2248' in position 192: character maps to <undefined>
2026-03-04 15:16:52,979 | 21060 | ERROR | During handling of the above exception, another exception occurred:
2026-03-04 15:16:52,979 | 21060 | ERROR | Traceback (most recent call last):
2026-03-04 15:16:52,980 | 21060 | ERROR | File "C:\Users\maxwell\AppData\Local\Python\pythoncore-3.11-64\Lib\logging\__init__.py", line 1113, in emit
    stream.write(msg + self.terminator)
2026-03-04 15:16:52,981 | 21060 | ERROR | File "C:\Users\maxwell\AppData\Local\Python\pythoncore-3.11-64\Lib\encodings\cp1252.py", line 19, in encode
    return codecs.charmap_encode(input,self.errors,encoding_table)[0]
           ^^^^^^^^^^^^^^^^^^^^^^^^^^^^^^^^^^^^^^^^^^^^^^^^^^^^^^^
2026-03-04 15:16:52,981 | 21060 | ERROR | UnicodeEncodeError: 'charmap' codec can't encode character '\u2248' in position 192: character maps to <undefined>
2026-03-04 15:16:52,981 | 21060 | ERROR | During handling of the above exception, another exception occurred:
2026-03-04 15:16:52,981 | 21060 | ERROR | Traceback (most recent call last):
2026-03-04 15:16:52,981 | 21060 | ERROR | File "C:\Users\maxwell\AppData\Local\Python\pythoncore-3.11-64\Lib\logging\__init__.py", line 1113, in emit
    stream.write(msg + self.terminator)
2026-03-04 15:16:52,981 | 21060 | ERROR | File "C:\Users\maxwell\AppData\Local\Python\pythoncore-3.11-64\Lib\encodings\cp1252.py", line 19, in encode
    return codecs.charmap_encode(input,self.errors,encoding_table)[0]
           ^^^^^^^^^^^^^^^^^^^^^^^^^^^^^^^^^^^^^^^^^^^^^^^^^^^^^^^
2026-03-04 15:16:52,981 | 21060 | ERROR | UnicodeEncodeError: 'charmap' codec can't encode character '\u2248' in position 192: character maps to <undefined>
2026-03-04 15:16:52,987 | 21060 | ERROR | During handling of the above exception, another exception occurred:
2026-03-04 15:16:52,987 | 21060 | ERROR | Traceback (most recent call last):
2026-03-04 15:16:52,988 | 21060 | ERROR | File "C:\Users\maxwell\AppData\Local\Python\pythoncore-3.11-64\Lib\logging\__init__.py", line 1113, in emit
    stream.write(msg + self.terminator)
2026-03-04 15:16:52,989 | 21060 | ERROR | File "C:\Users\maxwell\AppData\Local\Python\pythoncore-3.11-64\Lib\encodings\cp1252.py", line 19, in encode
    return codecs.charmap_encode(input,self.errors,encoding_table)[0]
           ^^^^^^^^^^^^^^^^^^^^^^^^^^^^^^^^^^^^^^^^^^^^^^^^^^^^^^^
2026-03-04 15:16:52,990 | 21060 | ERROR | UnicodeEncodeError: 'charmap' codec can't encode character '\u2248' in position 192: character maps to <undefined>
2026-03-04 15:16:52,990 | 21060 | ERROR | During handling of the above exception, another exception occurred:
2026-03-04 15:16:52,992 | 21060 | ERROR | Traceback (most recent call last):
2026-03-04 15:16:52,992 | 21060 | ERROR | File "C:\Users\maxwell\AppData\Local\Python\pythoncore-3.11-64\Lib\logging\__init__.py", line 1113, in emit
    stream.write(msg + self.terminator)
2026-03-04 15:16:52,994 | 21060 | ERROR | File "C:\Users\maxwell\AppData\Local\Python\pythoncore-3.11-64\Lib\encodings\cp1252.py", line 19, in encode
    return codecs.charmap_encode(input,self.errors,encoding_table)[0]
           ^^^^^^^^^^^^^^^^^^^^^^^^^^^^^^^^^^^^^^^^^^^^^^^^^^^^^^^
2026-03-04 15:16:52,994 | 21060 | ERROR | UnicodeEncodeError: 'charmap' codec can't encode character '\u2248' in position 192: character maps to <undefined>
2026-03-04 15:16:52,995 | 21060 | ERROR | During handling of the above exception, another exception occurred:
2026-03-04 15:16:52,995 | 21060 | ERROR | Traceback (most recent call last):
2026-03-04 15:16:52,996 | 21060 | ERROR | File "C:\Users\maxwell\AppData\Local\Python\pythoncore-3.11-64\Lib\logging\__init__.py", line 1113, in emit
    stream.write(msg + self.terminator)
2026-03-04 15:16:52,997 | 21060 | ERROR | File "C:\Users\maxwell\AppData\Local\Python\pythoncore-3.11-64\Lib\encodings\cp1252.py", line 19, in encode
    return codecs.charmap_encode(input,self.errors,encoding_table)[0]
           ^^^^^^^^^^^^^^^^^^^^^^^^^^^^^^^^^^^^^^^^^^^^^^^^^^^^^^^
2026-03-04 15:16:52,997 | 21060 | ERROR | UnicodeEncodeError: 'charmap' codec can't encode character '\u2248' in position 192: character maps to <undefined>
2026-03-04 15:16:52,997 | 21060 | ERROR | During handling of the above exception, another exception occurred:
2026-03-04 15:16:52,997 | 21060 | ERROR | Traceback (most recent call last):
2026-03-04 15:16:52,997 | 21060 | ERROR | File "C:\Users\maxwell\AppData\Local\Python\pythoncore-3.11-64\Lib\logging\__init__.py", line 1113, in emit
    stream.write(msg + self.terminator)
2026-03-04 15:16:52,997 | 21060 | ERROR | File "C:\Users\maxwell\AppData\Local\Python\pythoncore-3.11-64\Lib\encodings\cp1252.py", line 19, in encode
    return codecs.charmap_encode(input,self.errors,encoding_table)[0]
           ^^^^^^^^^^^^^^^^^^^^^^^^^^^^^^^^^^^^^^^^^^^^^^^^^^^^^^^
2026-03-04 15:16:53,002 | 21060 | ERROR | UnicodeEncodeError: 'charmap' codec can't encode character '\u2248' in position 192: character maps to <undefined>
2026-03-04 15:16:53,002 | 21060 | ERROR | During handling of the above exception, another exception occurred:
2026-03-04 15:16:53,003 | 21060 | ERROR | Traceback (most recent call last):
2026-03-04 15:16:53,003 | 21060 | ERROR | File "C:\Users\maxwell\AppData\Local\Python\pythoncore-3.11-64\Lib\logging\__init__.py", line 1113, in emit
    stream.write(msg + self.terminator)
2026-03-04 15:16:53,004 | 21060 | ERROR | File "C:\Users\maxwell\AppData\Local\Python\pythoncore-3.11-64\Lib\encodings\cp1252.py", line 19, in encode
    return codecs.charmap_encode(input,self.errors,encoding_table)[0]
           ^^^^^^^^^^^^^^^^^^^^^^^^^^^^^^^^^^^^^^^^^^^^^^^^^^^^^^^
2026-03-04 15:16:53,004 | 21060 | ERROR | UnicodeEncodeError: 'charmap' codec can't encode character '\u2248' in position 192: character maps to <undefined>
2026-03-04 15:16:53,006 | 21060 | ERROR | During handling of the above exception, another exception occurred:
2026-03-04 15:16:53,006 | 21060 | ERROR | Traceback (most recent call last):
2026-03-04 15:16:53,007 | 21060 | ERROR | File "C:\Users\maxwell\AppData\Local\Python\pythoncore-3.11-64\Lib\logging\__init__.py", line 1113, in emit
    stream.write(msg + self.terminator)
2026-03-04 15:16:53,008 | 21060 | ERROR | File "C:\Users\maxwell\AppData\Local\Python\pythoncore-3.11-64\Lib\encodings\cp1252.py", line 19, in encode
    return codecs.charmap_encode(input,self.errors,encoding_table)[0]
           ^^^^^^^^^^^^^^^^^^^^^^^^^^^^^^^^^^^^^^^^^^^^^^^^^^^^^^^
2026-03-04 15:16:53,009 | 21060 | ERROR | UnicodeEncodeError: 'charmap' codec can't encode character '\u2248' in position 192: character maps to <undefined>
2026-03-04 15:16:53,009 | 21060 | ERROR | During handling of the above exception, another exception occurred:
2026-03-04 15:16:53,010 | 21060 | ERROR | Traceback (most recent call last):
2026-03-04 15:16:53,010 | 21060 | ERROR | File "C:\Users\maxwell\AppData\Local\Python\pythoncore-3.11-64\Lib\logging\__init__.py", line 1113, in emit
    stream.write(msg + self.terminator)
2026-03-04 15:16:53,012 | 21060 | ERROR | File "C:\Users\maxwell\AppData\Local\Python\pythoncore-3.11-64\Lib\encodings\cp1252.py", line 19, in encode
    return codecs.charmap_encode(input,self.errors,encoding_table)[0]
           ^^^^^^^^^^^^^^^^^^^^^^^^^^^^^^^^^^^^^^^^^^^^^^^^^^^^^^^
2026-03-04 15:16:53,012 | 21060 | ERROR | UnicodeEncodeError: 'charmap' codec can't encode character '\u2248' in position 192: character maps to <undefined>
2026-03-04 15:16:53,013 | 21060 | ERROR | During handling of the above exception, another exception occurred:
2026-03-04 15:16:53,015 | 21060 | ERROR | Traceback (most recent call last):
2026-03-04 15:16:53,015 | 21060 | ERROR | File "C:\Users\maxwell\AppData\Local\Python\pythoncore-3.11-64\Lib\logging\__init__.py", line 1113, in emit
    stream.write(msg + self.terminator)
2026-03-04 15:16:53,016 | 21060 | ERROR | File "C:\Users\maxwell\AppData\Local\Python\pythoncore-3.11-64\Lib\encodings\cp1252.py", line 19, in encode
    return codecs.charmap_encode(input,self.errors,encoding_table)[0]
           ^^^^^^^^^^^^^^^^^^^^^^^^^^^^^^^^^^^^^^^^^^^^^^^^^^^^^^^
2026-03-04 15:16:53,017 | 21060 | ERROR | UnicodeEncodeError: 'charmap' codec can't encode character '\u2248' in position 192: character maps to <undefined>
2026-03-04 15:16:53,018 | 21060 | ERROR | During handling of the above exception, another exception occurred:
2026-03-04 15:16:53,018 | 21060 | ERROR | Traceback (most recent call last):
2026-03-04 15:16:53,019 | 21060 | ERROR | File "C:\Users\maxwell\AppData\Local\Python\pythoncore-3.11-64\Lib\logging\__init__.py", line 1113, in emit
    stream.write(msg + self.terminator)
2026-03-04 15:16:53,019 | 21060 | ERROR | File "C:\Users\maxwell\AppData\Local\Python\pythoncore-3.11-64\Lib\encodings\cp1252.py", line 19, in encode
    return codecs.charmap_encode(input,self.errors,encoding_table)[0]
           ^^^^^^^^^^^^^^^^^^^^^^^^^^^^^^^^^^^^^^^^^^^^^^^^^^^^^^^
2026-03-04 15:16:53,019 | 21060 | ERROR | UnicodeEncodeError: 'charmap' codec can't encode character '\u2248' in position 192: character maps to <undefined>
2026-03-04 15:16:53,019 | 21060 | ERROR | During handling of the above exception, another exception occurred:
2026-03-04 15:16:53,019 | 21060 | ERROR | Traceback (most recent call last):
2026-03-04 15:16:53,023 | 21060 | ERROR | File "C:\Users\maxwell\AppData\Local\Python\pythoncore-3.11-64\Lib\logging\__init__.py", line 1113, in emit
    stream.write(msg + self.terminator)
2026-03-04 15:16:53,023 | 21060 | ERROR | File "C:\Users\maxwell\AppData\Local\Python\pythoncore-3.11-64\Lib\encodings\cp1252.py", line 19, in encode
    return codecs.charmap_encode(input,self.errors,encoding_table)[0]
           ^^^^^^^^^^^^^^^^^^^^^^^^^^^^^^^^^^^^^^^^^^^^^^^^^^^^^^^
2026-03-04 15:16:53,024 | 21060 | ERROR | UnicodeEncodeError: 'charmap' codec can't encode character '\u2248' in position 192: character maps to <undefined>
2026-03-04 15:16:53,024 | 21060 | ERROR | During handling of the above exception, another exception occurred:
2026-03-04 15:16:53,026 | 21060 | ERROR | Traceback (most recent call last):
2026-03-04 15:16:53,026 | 21060 | ERROR | File "C:\Users\maxwell\AppData\Local\Python\pythoncore-3.11-64\Lib\logging\__init__.py", line 1113, in emit
    stream.write(msg + self.terminator)
2026-03-04 15:16:53,027 | 21060 | ERROR | File "C:\Users\maxwell\AppData\Local\Python\pythoncore-3.11-64\Lib\encodings\cp1252.py", line 19, in encode
    return codecs.charmap_encode(input,self.errors,encoding_table)[0]
           ^^^^^^^^^^^^^^^^^^^^^^^^^^^^^^^^^^^^^^^^^^^^^^^^^^^^^^^
2026-03-04 15:16:53,027 | 21060 | ERROR | UnicodeEncodeError: 'charmap' codec can't encode character '\u2248' in position 192: character maps to <undefined>
2026-03-04 15:16:53,029 | 21060 | ERROR | During handling of the above exception, another exception occurred:
2026-03-04 15:16:53,032 | 21060 | ERROR | Traceback (most recent call last):
2026-03-04 15:16:53,032 | 21060 | ERROR | File "C:\Users\maxwell\AppData\Local\Python\pythoncore-3.11-64\Lib\logging\__init__.py", line 1113, in emit
    stream.write(msg + self.terminator)
2026-03-04 15:16:53,033 | 21060 | ERROR | File "C:\Users\maxwell\AppData\Local\Python\pythoncore-3.11-64\Lib\encodings\cp1252.py", line 19, in encode
    return codecs.charmap_encode(input,self.errors,encoding_table)[0]
           ^^^^^^^^^^^^^^^^^^^^^^^^^^^^^^^^^^^^^^^^^^^^^^^^^^^^^^^
2026-03-04 15:16:53,034 | 21060 | ERROR | UnicodeEncodeError: 'charmap' codec can't encode character '\u2248' in position 192: character maps to <undefined>
2026-03-04 15:16:53,034 | 21060 | ERROR | During handling of the above exception, another exception occurred:
2026-03-04 15:16:53,034 | 21060 | ERROR | Traceback (most recent call last):
2026-03-04 15:16:53,034 | 21060 | ERROR | File "C:\Users\maxwell\AppData\Local\Python\pythoncore-3.11-64\Lib\logging\__init__.py", line 1113, in emit
    stream.write(msg + self.terminator)
2026-03-04 15:16:53,034 | 21060 | ERROR | File "C:\Users\maxwell\AppData\Local\Python\pythoncore-3.11-64\Lib\encodings\cp1252.py", line 19, in encode
    return codecs.charmap_encode(input,self.errors,encoding_table)[0]
           ^^^^^^^^^^^^^^^^^^^^^^^^^^^^^^^^^^^^^^^^^^^^^^^^^^^^^^^
2026-03-04 15:16:53,034 | 21060 | ERROR | UnicodeEncodeError: 'charmap' codec can't encode character '\u2248' in position 192: character maps to <undefined>
2026-03-04 15:16:53,034 | 21060 | ERROR | Call stack:
2026-03-04 15:16:53,043 | 21060 | ERROR | File "C:\Users\maxwell\UCB-USACE-RR-PROJECT\run_hyperparam_search.py", line 853, in <module>
    setup_logging()
2026-03-04 15:16:53,043 | 21060 | ERROR | --- Logging error ---
2026-03-04 15:16:53,046 | 21060 | ERROR | Traceback (most recent call last):
2026-03-04 15:16:53,046 | 21060 | ERROR | File "C:\Users\maxwell\AppData\Local\Python\pythoncore-3.11-64\Lib\logging\__init__.py", line 1113, in emit
    stream.write(msg + self.terminator)
2026-03-04 15:16:53,046 | 21060 | ERROR | File "C:\Users\maxwell\AppData\Local\Python\pythoncore-3.11-64\Lib\encodings\cp1252.py", line 19, in encode
    return codecs.charmap_encode(input,self.errors,encoding_table)[0]
           ^^^^^^^^^^^^^^^^^^^^^^^^^^^^^^^^^^^^^^^^^^^^^^^^^^^^^^^
2026-03-04 15:16:53,061 | 21060 | ERROR | UnicodeEncodeError: 'charmap' codec can't encode character '\u2248' in position 107: character maps to <undefined>
2026-03-04 15:16:53,062 | 21060 | ERROR | During handling of the above exception, another exception occurred:
2026-03-04 15:16:53,062 | 21060 | ERROR | Traceback (most recent call last):
2026-03-04 15:16:53,063 | 21060 | ERROR | File "C:\Users\maxwell\AppData\Local\Python\pythoncore-3.11-64\Lib\logging\__init__.py", line 1113, in emit
    stream.write(msg + self.terminator)
2026-03-04 15:16:53,064 | 21060 | ERROR | File "C:\Users\maxwell\AppData\Local\Python\pythoncore-3.11-64\Lib\encodings\cp1252.py", line 19, in encode
    return codecs.charmap_encode(input,self.errors,encoding_table)[0]
           ^^^^^^^^^^^^^^^^^^^^^^^^^^^^^^^^^^^^^^^^^^^^^^^^^^^^^^^
2026-03-04 15:16:53,064 | 21060 | ERROR | UnicodeEncodeError: 'charmap' codec can't encode character '\u2248' in position 192: character maps to <undefined>
2026-03-04 15:16:53,065 | 21060 | ERROR | During handling of the above exception, another exception occurred:
2026-03-04 15:16:53,066 | 21060 | ERROR | Traceback (most recent call last):
2026-03-04 15:16:53,066 | 21060 | ERROR | File "C:\Users\maxwell\AppData\Local\Python\pythoncore-3.11-64\Lib\logging\__init__.py", line 1113, in emit
    stream.write(msg + self.terminator)
2026-03-04 15:16:53,066 | 21060 | ERROR | File "C:\Users\maxwell\AppData\Local\Python\pythoncore-3.11-64\Lib\encodings\cp1252.py", line 19, in encode
    return codecs.charmap_encode(input,self.errors,encoding_table)[0]
           ^^^^^^^^^^^^^^^^^^^^^^^^^^^^^^^^^^^^^^^^^^^^^^^^^^^^^^^
2026-03-04 15:16:53,068 | 21060 | ERROR | UnicodeEncodeError: 'charmap' codec can't encode character '\u2248' in position 192: character maps to <undefined>
2026-03-04 15:16:53,068 | 21060 | ERROR | During handling of the above exception, another exception occurred:
2026-03-04 15:16:53,069 | 21060 | ERROR | Traceback (most recent call last):
2026-03-04 15:16:53,070 | 21060 | ERROR | File "C:\Users\maxwell\AppData\Local\Python\pythoncore-3.11-64\Lib\logging\__init__.py", line 1113, in emit
    stream.write(msg + self.terminator)
2026-03-04 15:16:53,070 | 21060 | ERROR | File "C:\Users\maxwell\AppData\Local\Python\pythoncore-3.11-64\Lib\encodings\cp1252.py", line 19, in encode
    return codecs.charmap_encode(input,self.errors,encoding_table)[0]
           ^^^^^^^^^^^^^^^^^^^^^^^^^^^^^^^^^^^^^^^^^^^^^^^^^^^^^^^
2026-03-04 15:16:53,071 | 21060 | ERROR | UnicodeEncodeError: 'charmap' codec can't encode character '\u2248' in position 192: character maps to <undefined>
2026-03-04 15:16:53,071 | 21060 | ERROR | During handling of the above exception, another exception occurred:
2026-03-04 15:16:53,071 | 21060 | ERROR | Traceback (most recent call last):
2026-03-04 15:16:53,071 | 21060 | ERROR | File "C:\Users\maxwell\AppData\Local\Python\pythoncore-3.11-64\Lib\logging\__init__.py", line 1113, in emit
    stream.write(msg + self.terminator)
2026-03-04 15:16:53,071 | 21060 | ERROR | File "C:\Users\maxwell\AppData\Local\Python\pythoncore-3.11-64\Lib\encodings\cp1252.py", line 19, in encode
    return codecs.charmap_encode(input,self.errors,encoding_table)[0]
           ^^^^^^^^^^^^^^^^^^^^^^^^^^^^^^^^^^^^^^^^^^^^^^^^^^^^^^^
2026-03-04 15:16:53,075 | 21060 | ERROR | UnicodeEncodeError: 'charmap' codec can't encode character '\u2248' in position 192: character maps to <undefined>
2026-03-04 15:16:53,075 | 21060 | ERROR | During handling of the above exception, another exception occurred:
2026-03-04 15:16:53,075 | 21060 | ERROR | Traceback (most recent call last):
2026-03-04 15:16:53,077 | 21060 | ERROR | File "C:\Users\maxwell\AppData\Local\Python\pythoncore-3.11-64\Lib\logging\__init__.py", line 1113, in emit
    stream.write(msg + self.terminator)
2026-03-04 15:16:53,078 | 21060 | ERROR | File "C:\Users\maxwell\AppData\Local\Python\pythoncore-3.11-64\Lib\encodings\cp1252.py", line 19, in encode
    return codecs.charmap_encode(input,self.errors,encoding_table)[0]
           ^^^^^^^^^^^^^^^^^^^^^^^^^^^^^^^^^^^^^^^^^^^^^^^^^^^^^^^
2026-03-04 15:16:53,078 | 21060 | ERROR | UnicodeEncodeError: 'charmap' codec can't encode character '\u2248' in position 192: character maps to <undefined>
2026-03-04 15:16:53,079 | 21060 | ERROR | During handling of the above exception, another exception occurred:
2026-03-04 15:16:53,080 | 21060 | ERROR | Traceback (most recent call last):
2026-03-04 15:16:53,081 | 21060 | ERROR | File "C:\Users\maxwell\AppData\Local\Python\pythoncore-3.11-64\Lib\logging\__init__.py", line 1113, in emit
    stream.write(msg + self.terminator)
2026-03-04 15:16:53,081 | 21060 | ERROR | File "C:\Users\maxwell\AppData\Local\Python\pythoncore-3.11-64\Lib\encodings\cp1252.py", line 19, in encode
    return codecs.charmap_encode(input,self.errors,encoding_table)[0]
           ^^^^^^^^^^^^^^^^^^^^^^^^^^^^^^^^^^^^^^^^^^^^^^^^^^^^^^^
2026-03-04 15:16:53,082 | 21060 | ERROR | UnicodeEncodeError: 'charmap' codec can't encode character '\u2248' in position 192: character maps to <undefined>
2026-03-04 15:16:53,083 | 21060 | ERROR | During handling of the above exception, another exception occurred:
2026-03-04 15:16:53,083 | 21060 | ERROR | Traceback (most recent call last):
2026-03-04 15:16:53,084 | 21060 | ERROR | File "C:\Users\maxwell\AppData\Local\Python\pythoncore-3.11-64\Lib\logging\__init__.py", line 1113, in emit
    stream.write(msg + self.terminator)
2026-03-04 15:16:53,084 | 21060 | ERROR | File "C:\Users\maxwell\AppData\Local\Python\pythoncore-3.11-64\Lib\encodings\cp1252.py", line 19, in encode
    return codecs.charmap_encode(input,self.errors,encoding_table)[0]
           ^^^^^^^^^^^^^^^^^^^^^^^^^^^^^^^^^^^^^^^^^^^^^^^^^^^^^^^
2026-03-04 15:16:53,085 | 21060 | ERROR | UnicodeEncodeError: 'charmap' codec can't encode character '\u2248' in position 192: character maps to <undefined>
2026-03-04 15:16:53,085 | 21060 | ERROR | During handling of the above exception, another exception occurred:
2026-03-04 15:16:53,087 | 21060 | ERROR | Traceback (most recent call last):
2026-03-04 15:16:53,088 | 21060 | ERROR | File "C:\Users\maxwell\AppData\Local\Python\pythoncore-3.11-64\Lib\logging\__init__.py", line 1113, in emit
    stream.write(msg + self.terminator)
2026-03-04 15:16:53,088 | 21060 | ERROR | File "C:\Users\maxwell\AppData\Local\Python\pythoncore-3.11-64\Lib\encodings\cp1252.py", line 19, in encode
    return codecs.charmap_encode(input,self.errors,encoding_table)[0]
           ^^^^^^^^^^^^^^^^^^^^^^^^^^^^^^^^^^^^^^^^^^^^^^^^^^^^^^^
2026-03-04 15:16:53,088 | 21060 | ERROR | UnicodeEncodeError: 'charmap' codec can't encode character '\u2248' in position 192: character maps to <undefined>
2026-03-04 15:16:53,088 | 21060 | ERROR | During handling of the above exception, another exception occurred:
2026-03-04 15:16:53,088 | 21060 | ERROR | Traceback (most recent call last):
2026-03-04 15:16:53,088 | 21060 | ERROR | File "C:\Users\maxwell\AppData\Local\Python\pythoncore-3.11-64\Lib\logging\__init__.py", line 1113, in emit
    stream.write(msg + self.terminator)
2026-03-04 15:16:53,088 | 21060 | ERROR | File "C:\Users\maxwell\AppData\Local\Python\pythoncore-3.11-64\Lib\encodings\cp1252.py", line 19, in encode
    return codecs.charmap_encode(input,self.errors,encoding_table)[0]
           ^^^^^^^^^^^^^^^^^^^^^^^^^^^^^^^^^^^^^^^^^^^^^^^^^^^^^^^
2026-03-04 15:16:53,088 | 21060 | ERROR | UnicodeEncodeError: 'charmap' codec can't encode character '\u2248' in position 192: character maps to <undefined>
2026-03-04 15:16:53,088 | 21060 | ERROR | During handling of the above exception, another exception occurred:
2026-03-04 15:16:53,094 | 21060 | ERROR | Traceback (most recent call last):
2026-03-04 15:16:53,094 | 21060 | ERROR | File "C:\Users\maxwell\AppData\Local\Python\pythoncore-3.11-64\Lib\logging\__init__.py", line 1113, in emit
    stream.write(msg + self.terminator)
2026-03-04 15:16:53,095 | 21060 | ERROR | File "C:\Users\maxwell\AppData\Local\Python\pythoncore-3.11-64\Lib\encodings\cp1252.py", line 19, in encode
    return codecs.charmap_encode(input,self.errors,encoding_table)[0]
           ^^^^^^^^^^^^^^^^^^^^^^^^^^^^^^^^^^^^^^^^^^^^^^^^^^^^^^^
2026-03-04 15:16:53,095 | 21060 | ERROR | UnicodeEncodeError: 'charmap' codec can't encode character '\u2248' in position 192: character maps to <undefined>
2026-03-04 15:16:53,096 | 21060 | ERROR | During handling of the above exception, another exception occurred:
2026-03-04 15:16:53,096 | 21060 | ERROR | Traceback (most recent call last):
2026-03-04 15:16:53,097 | 21060 | ERROR | File "C:\Users\maxwell\AppData\Local\Python\pythoncore-3.11-64\Lib\logging\__init__.py", line 1113, in emit
    stream.write(msg + self.terminator)
2026-03-04 15:16:53,097 | 21060 | ERROR | File "C:\Users\maxwell\AppData\Local\Python\pythoncore-3.11-64\Lib\encodings\cp1252.py", line 19, in encode
    return codecs.charmap_encode(input,self.errors,encoding_table)[0]
           ^^^^^^^^^^^^^^^^^^^^^^^^^^^^^^^^^^^^^^^^^^^^^^^^^^^^^^^
2026-03-04 15:16:53,099 | 21060 | ERROR | UnicodeEncodeError: 'charmap' codec can't encode character '\u2248' in position 192: character maps to <undefined>
2026-03-04 15:16:53,099 | 21060 | ERROR | During handling of the above exception, another exception occurred:
2026-03-04 15:16:53,099 | 21060 | ERROR | Traceback (most recent call last):
2026-03-04 15:16:53,100 | 21060 | ERROR | File "C:\Users\maxwell\AppData\Local\Python\pythoncore-3.11-64\Lib\logging\__init__.py", line 1113, in emit
    stream.write(msg + self.terminator)
2026-03-04 15:16:53,100 | 21060 | ERROR | File "C:\Users\maxwell\AppData\Local\Python\pythoncore-3.11-64\Lib\encodings\cp1252.py", line 19, in encode
    return codecs.charmap_encode(input,self.errors,encoding_table)[0]
           ^^^^^^^^^^^^^^^^^^^^^^^^^^^^^^^^^^^^^^^^^^^^^^^^^^^^^^^
2026-03-04 15:16:53,102 | 21060 | ERROR | UnicodeEncodeError: 'charmap' codec can't encode character '\u2248' in position 192: character maps to <undefined>
2026-03-04 15:16:53,102 | 21060 | ERROR | During handling of the above exception, another exception occurred:
2026-03-04 15:16:53,103 | 21060 | ERROR | Traceback (most recent call last):
2026-03-04 15:16:53,104 | 21060 | ERROR | File "C:\Users\maxwell\AppData\Local\Python\pythoncore-3.11-64\Lib\logging\__init__.py", line 1113, in emit
    stream.write(msg + self.terminator)
2026-03-04 15:16:53,104 | 21060 | ERROR | File "C:\Users\maxwell\AppData\Local\Python\pythoncore-3.11-64\Lib\encodings\cp1252.py", line 19, in encode
    return codecs.charmap_encode(input,self.errors,encoding_table)[0]
           ^^^^^^^^^^^^^^^^^^^^^^^^^^^^^^^^^^^^^^^^^^^^^^^^^^^^^^^
2026-03-04 15:16:53,105 | 21060 | ERROR | UnicodeEncodeError: 'charmap' codec can't encode character '\u2248' in position 192: character maps to <undefined>
2026-03-04 15:16:53,106 | 21060 | ERROR | During handling of the above exception, another exception occurred:
2026-03-04 15:16:53,106 | 21060 | ERROR | Traceback (most recent call last):
2026-03-04 15:16:53,106 | 21060 | ERROR | File "C:\Users\maxwell\AppData\Local\Python\pythoncore-3.11-64\Lib\logging\__init__.py", line 1113, in emit
    stream.write(msg + self.terminator)
2026-03-04 15:16:53,106 | 21060 | ERROR | File "C:\Users\maxwell\AppData\Local\Python\pythoncore-3.11-64\Lib\encodings\cp1252.py", line 19, in encode
    return codecs.charmap_encode(input,self.errors,encoding_table)[0]
           ^^^^^^^^^^^^^^^^^^^^^^^^^^^^^^^^^^^^^^^^^^^^^^^^^^^^^^^
2026-03-04 15:16:53,106 | 21060 | ERROR | UnicodeEncodeError: 'charmap' codec can't encode character '\u2248' in position 192: character maps to <undefined>
2026-03-04 15:16:53,110 | 21060 | ERROR | During handling of the above exception, another exception occurred:
2026-03-04 15:16:53,111 | 21060 | ERROR | Traceback (most recent call last):
2026-03-04 15:16:53,111 | 21060 | ERROR | File "C:\Users\maxwell\AppData\Local\Python\pythoncore-3.11-64\Lib\logging\__init__.py", line 1113, in emit
    stream.write(msg + self.terminator)
2026-03-04 15:16:53,112 | 21060 | ERROR | File "C:\Users\maxwell\AppData\Local\Python\pythoncore-3.11-64\Lib\encodings\cp1252.py", line 19, in encode
    return codecs.charmap_encode(input,self.errors,encoding_table)[0]
           ^^^^^^^^^^^^^^^^^^^^^^^^^^^^^^^^^^^^^^^^^^^^^^^^^^^^^^^
2026-03-04 15:16:53,113 | 21060 | ERROR | UnicodeEncodeError: 'charmap' codec can't encode character '\u2248' in position 192: character maps to <undefined>
2026-03-04 15:16:53,113 | 21060 | ERROR | During handling of the above exception, another exception occurred:
2026-03-04 15:16:53,114 | 21060 | ERROR | Traceback (most recent call last):
2026-03-04 15:16:53,115 | 21060 | ERROR | File "C:\Users\maxwell\AppData\Local\Python\pythoncore-3.11-64\Lib\logging\__init__.py", line 1113, in emit
    stream.write(msg + self.terminator)
2026-03-04 15:16:53,115 | 21060 | ERROR | File "C:\Users\maxwell\AppData\Local\Python\pythoncore-3.11-64\Lib\encodings\cp1252.py", line 19, in encode
    return codecs.charmap_encode(input,self.errors,encoding_table)[0]
           ^^^^^^^^^^^^^^^^^^^^^^^^^^^^^^^^^^^^^^^^^^^^^^^^^^^^^^^
2026-03-04 15:16:53,116 | 21060 | ERROR | UnicodeEncodeError: 'charmap' codec can't encode character '\u2248' in position 192: character maps to <undefined>
2026-03-04 15:16:53,116 | 21060 | ERROR | During handling of the above exception, another exception occurred:
2026-03-04 15:16:53,117 | 21060 | ERROR | Traceback (most recent call last):
2026-03-04 15:16:53,117 | 21060 | ERROR | File "C:\Users\maxwell\AppData\Local\Python\pythoncore-3.11-64\Lib\logging\__init__.py", line 1113, in emit
    stream.write(msg + self.terminator)
2026-03-04 15:16:53,119 | 21060 | ERROR | File "C:\Users\maxwell\AppData\Local\Python\pythoncore-3.11-64\Lib\encodings\cp1252.py", line 19, in encode
    return codecs.charmap_encode(input,self.errors,encoding_table)[0]
           ^^^^^^^^^^^^^^^^^^^^^^^^^^^^^^^^^^^^^^^^^^^^^^^^^^^^^^^
2026-03-04 15:16:53,119 | 21060 | ERROR | UnicodeEncodeError: 'charmap' codec can't encode character '\u2248' in position 192: character maps to <undefined>
2026-03-04 15:16:53,120 | 21060 | ERROR | During handling of the above exception, another exception occurred:
2026-03-04 15:16:53,121 | 21060 | ERROR | Traceback (most recent call last):
2026-03-04 15:16:53,121 | 21060 | ERROR | File "C:\Users\maxwell\AppData\Local\Python\pythoncore-3.11-64\Lib\logging\__init__.py", line 1113, in emit
    stream.write(msg + self.terminator)
2026-03-04 15:16:53,122 | 21060 | ERROR | File "C:\Users\maxwell\AppData\Local\Python\pythoncore-3.11-64\Lib\encodings\cp1252.py", line 19, in encode
    return codecs.charmap_encode(input,self.errors,encoding_table)[0]
           ^^^^^^^^^^^^^^^^^^^^^^^^^^^^^^^^^^^^^^^^^^^^^^^^^^^^^^^
2026-03-04 15:16:53,122 | 21060 | ERROR | UnicodeEncodeError: 'charmap' codec can't encode character '\u2248' in position 192: character maps to <undefined>
2026-03-04 15:16:53,123 | 21060 | ERROR | During handling of the above exception, another exception occurred:
2026-03-04 15:16:53,123 | 21060 | ERROR | Traceback (most recent call last):
2026-03-04 15:16:53,124 | 21060 | ERROR | File "C:\Users\maxwell\AppData\Local\Python\pythoncore-3.11-64\Lib\logging\__init__.py", line 1113, in emit
    stream.write(msg + self.terminator)
2026-03-04 15:16:53,124 | 21060 | ERROR | File "C:\Users\maxwell\AppData\Local\Python\pythoncore-3.11-64\Lib\encodings\cp1252.py", line 19, in encode
    return codecs.charmap_encode(input,self.errors,encoding_table)[0]
           ^^^^^^^^^^^^^^^^^^^^^^^^^^^^^^^^^^^^^^^^^^^^^^^^^^^^^^^
2026-03-04 15:16:53,126 | 21060 | ERROR | UnicodeEncodeError: 'charmap' codec can't encode character '\u2248' in position 192: character maps to <undefined>
2026-03-04 15:16:53,126 | 21060 | ERROR | During handling of the above exception, another exception occurred:
2026-03-04 15:16:53,127 | 21060 | ERROR | Traceback (most recent call last):
2026-03-04 15:16:53,127 | 21060 | ERROR | File "C:\Users\maxwell\AppData\Local\Python\pythoncore-3.11-64\Lib\logging\__init__.py", line 1113, in emit
    stream.write(msg + self.terminator)
2026-03-04 15:16:53,128 | 21060 | ERROR | File "C:\Users\maxwell\AppData\Local\Python\pythoncore-3.11-64\Lib\encodings\cp1252.py", line 19, in encode
    return codecs.charmap_encode(input,self.errors,encoding_table)[0]
           ^^^^^^^^^^^^^^^^^^^^^^^^^^^^^^^^^^^^^^^^^^^^^^^^^^^^^^^
2026-03-04 15:16:53,128 | 21060 | ERROR | UnicodeEncodeError: 'charmap' codec can't encode character '\u2248' in position 192: character maps to <undefined>
2026-03-04 15:16:53,130 | 21060 | ERROR | During handling of the above exception, another exception occurred:
2026-03-04 15:16:53,130 | 21060 | ERROR | Traceback (most recent call last):
2026-03-04 15:16:53,131 | 21060 | ERROR | File "C:\Users\maxwell\AppData\Local\Python\pythoncore-3.11-64\Lib\logging\__init__.py", line 1113, in emit
    stream.write(msg + self.terminator)
2026-03-04 15:16:53,131 | 21060 | ERROR | File "C:\Users\maxwell\AppData\Local\Python\pythoncore-3.11-64\Lib\encodings\cp1252.py", line 19, in encode
    return codecs.charmap_encode(input,self.errors,encoding_table)[0]
           ^^^^^^^^^^^^^^^^^^^^^^^^^^^^^^^^^^^^^^^^^^^^^^^^^^^^^^^
2026-03-04 15:16:53,131 | 21060 | ERROR | UnicodeEncodeError: 'charmap' codec can't encode character '\u2248' in position 192: character maps to <undefined>
2026-03-04 15:16:53,131 | 21060 | ERROR | During handling of the above exception, another exception occurred:
2026-03-04 15:16:53,131 | 21060 | ERROR | Traceback (most recent call last):
2026-03-04 15:16:53,131 | 21060 | ERROR | File "C:\Users\maxwell\AppData\Local\Python\pythoncore-3.11-64\Lib\logging\__init__.py", line 1113, in emit
    stream.write(msg + self.terminator)
2026-03-04 15:16:53,131 | 21060 | ERROR | File "C:\Users\maxwell\AppData\Local\Python\pythoncore-3.11-64\Lib\encodings\cp1252.py", line 19, in encode
    return codecs.charmap_encode(input,self.errors,encoding_table)[0]
           ^^^^^^^^^^^^^^^^^^^^^^^^^^^^^^^^^^^^^^^^^^^^^^^^^^^^^^^
2026-03-04 15:16:53,131 | 21060 | ERROR | UnicodeEncodeError: 'charmap' codec can't encode character '\u2248' in position 192: character maps to <undefined>
2026-03-04 15:16:53,131 | 21060 | ERROR | During handling of the above exception, another exception occurred:
2026-03-04 15:16:53,137 | 21060 | ERROR | Traceback (most recent call last):
2026-03-04 15:16:53,138 | 21060 | ERROR | File "C:\Users\maxwell\AppData\Local\Python\pythoncore-3.11-64\Lib\logging\__init__.py", line 1113, in emit
    stream.write(msg + self.terminator)
2026-03-04 15:16:53,138 | 21060 | ERROR | File "C:\Users\maxwell\AppData\Local\Python\pythoncore-3.11-64\Lib\encodings\cp1252.py", line 19, in encode
    return codecs.charmap_encode(input,self.errors,encoding_table)[0]
           ^^^^^^^^^^^^^^^^^^^^^^^^^^^^^^^^^^^^^^^^^^^^^^^^^^^^^^^
2026-03-04 15:16:53,139 | 21060 | ERROR | UnicodeEncodeError: 'charmap' codec can't encode character '\u2248' in position 192: character maps to <undefined>
2026-03-04 15:16:53,140 | 21060 | ERROR | During handling of the above exception, another exception occurred:
2026-03-04 15:16:53,140 | 21060 | ERROR | Traceback (most recent call last):
2026-03-04 15:16:53,141 | 21060 | ERROR | File "C:\Users\maxwell\AppData\Local\Python\pythoncore-3.11-64\Lib\logging\__init__.py", line 1113, in emit
    stream.write(msg + self.terminator)
2026-03-04 15:16:53,141 | 21060 | ERROR | File "C:\Users\maxwell\AppData\Local\Python\pythoncore-3.11-64\Lib\encodings\cp1252.py", line 19, in encode
    return codecs.charmap_encode(input,self.errors,encoding_table)[0]
           ^^^^^^^^^^^^^^^^^^^^^^^^^^^^^^^^^^^^^^^^^^^^^^^^^^^^^^^
2026-03-04 15:16:53,142 | 21060 | ERROR | UnicodeEncodeError: 'charmap' codec can't encode character '\u2248' in position 192: character maps to <undefined>
2026-03-04 15:16:53,143 | 21060 | ERROR | During handling of the above exception, another exception occurred:
2026-03-04 15:16:53,144 | 21060 | ERROR | Traceback (most recent call last):
2026-03-04 15:16:53,144 | 21060 | ERROR | File "C:\Users\maxwell\AppData\Local\Python\pythoncore-3.11-64\Lib\logging\__init__.py", line 1113, in emit
    stream.write(msg + self.terminator)
2026-03-04 15:16:53,145 | 21060 | ERROR | File "C:\Users\maxwell\AppData\Local\Python\pythoncore-3.11-64\Lib\encodings\cp1252.py", line 19, in encode
    return codecs.charmap_encode(input,self.errors,encoding_table)[0]
           ^^^^^^^^^^^^^^^^^^^^^^^^^^^^^^^^^^^^^^^^^^^^^^^^^^^^^^^
2026-03-04 15:16:53,145 | 21060 | ERROR | UnicodeEncodeError: 'charmap' codec can't encode character '\u2248' in position 192: character maps to <undefined>
2026-03-04 15:16:53,146 | 21060 | ERROR | During handling of the above exception, another exception occurred:
2026-03-04 15:16:53,147 | 21060 | ERROR | Traceback (most recent call last):
2026-03-04 15:16:53,148 | 21060 | ERROR | File "C:\Users\maxwell\AppData\Local\Python\pythoncore-3.11-64\Lib\logging\__init__.py", line 1113, in emit
    stream.write(msg + self.terminator)
2026-03-04 15:16:53,149 | 21060 | ERROR | File "C:\Users\maxwell\AppData\Local\Python\pythoncore-3.11-64\Lib\encodings\cp1252.py", line 19, in encode
    return codecs.charmap_encode(input,self.errors,encoding_table)[0]
           ^^^^^^^^^^^^^^^^^^^^^^^^^^^^^^^^^^^^^^^^^^^^^^^^^^^^^^^
2026-03-04 15:16:53,149 | 21060 | ERROR | UnicodeEncodeError: 'charmap' codec can't encode character '\u2248' in position 192: character maps to <undefined>
2026-03-04 15:16:53,150 | 21060 | ERROR | During handling of the above exception, another exception occurred:
2026-03-04 15:16:53,150 | 21060 | ERROR | Traceback (most recent call last):
2026-03-04 15:16:53,151 | 21060 | ERROR | File "C:\Users\maxwell\AppData\Local\Python\pythoncore-3.11-64\Lib\logging\__init__.py", line 1113, in emit
    stream.write(msg + self.terminator)
2026-03-04 15:16:53,151 | 21060 | ERROR | File "C:\Users\maxwell\AppData\Local\Python\pythoncore-3.11-64\Lib\encodings\cp1252.py", line 19, in encode
    return codecs.charmap_encode(input,self.errors,encoding_table)[0]
           ^^^^^^^^^^^^^^^^^^^^^^^^^^^^^^^^^^^^^^^^^^^^^^^^^^^^^^^
2026-03-04 15:16:53,152 | 21060 | ERROR | UnicodeEncodeError: 'charmap' codec can't encode character '\u2248' in position 192: character maps to <undefined>
2026-03-04 15:16:53,153 | 21060 | ERROR | During handling of the above exception, another exception occurred:
2026-03-04 15:16:53,153 | 21060 | ERROR | Traceback (most recent call last):
2026-03-04 15:16:53,153 | 21060 | ERROR | File "C:\Users\maxwell\AppData\Local\Python\pythoncore-3.11-64\Lib\logging\__init__.py", line 1113, in emit
    stream.write(msg + self.terminator)
2026-03-04 15:16:53,153 | 21060 | ERROR | File "C:\Users\maxwell\AppData\Local\Python\pythoncore-3.11-64\Lib\encodings\cp1252.py", line 19, in encode
    return codecs.charmap_encode(input,self.errors,encoding_table)[0]
           ^^^^^^^^^^^^^^^^^^^^^^^^^^^^^^^^^^^^^^^^^^^^^^^^^^^^^^^
2026-03-04 15:16:53,153 | 21060 | ERROR | UnicodeEncodeError: 'charmap' codec can't encode character '\u2248' in position 192: character maps to <undefined>
2026-03-04 15:16:53,153 | 21060 | ERROR | During handling of the above exception, another exception occurred:
2026-03-04 15:16:53,153 | 21060 | ERROR | Traceback (most recent call last):
2026-03-04 15:16:53,153 | 21060 | ERROR | File "C:\Users\maxwell\AppData\Local\Python\pythoncore-3.11-64\Lib\logging\__init__.py", line 1113, in emit
    stream.write(msg + self.terminator)
2026-03-04 15:16:53,158 | 21060 | ERROR | File "C:\Users\maxwell\AppData\Local\Python\pythoncore-3.11-64\Lib\encodings\cp1252.py", line 19, in encode
    return codecs.charmap_encode(input,self.errors,encoding_table)[0]
           ^^^^^^^^^^^^^^^^^^^^^^^^^^^^^^^^^^^^^^^^^^^^^^^^^^^^^^^
2026-03-04 15:16:53,158 | 21060 | ERROR | UnicodeEncodeError: 'charmap' codec can't encode character '\u2248' in position 192: character maps to <undefined>
2026-03-04 15:16:53,159 | 21060 | ERROR | During handling of the above exception, another exception occurred:
2026-03-04 15:16:53,159 | 21060 | ERROR | Traceback (most recent call last):
2026-03-04 15:16:53,161 | 21060 | ERROR | File "C:\Users\maxwell\AppData\Local\Python\pythoncore-3.11-64\Lib\logging\__init__.py", line 1113, in emit
    stream.write(msg + self.terminator)
2026-03-04 15:16:53,161 | 21060 | ERROR | File "C:\Users\maxwell\AppData\Local\Python\pythoncore-3.11-64\Lib\encodings\cp1252.py", line 19, in encode
    return codecs.charmap_encode(input,self.errors,encoding_table)[0]
           ^^^^^^^^^^^^^^^^^^^^^^^^^^^^^^^^^^^^^^^^^^^^^^^^^^^^^^^
2026-03-04 15:16:53,162 | 21060 | ERROR | UnicodeEncodeError: 'charmap' codec can't encode character '\u2248' in position 192: character maps to <undefined>
2026-03-04 15:16:53,162 | 21060 | ERROR | During handling of the above exception, another exception occurred:
2026-03-04 15:16:53,163 | 21060 | ERROR | Traceback (most recent call last):
2026-03-04 15:16:53,164 | 21060 | ERROR | File "C:\Users\maxwell\AppData\Local\Python\pythoncore-3.11-64\Lib\logging\__init__.py", line 1113, in emit
    stream.write(msg + self.terminator)
2026-03-04 15:16:53,164 | 21060 | ERROR | File "C:\Users\maxwell\AppData\Local\Python\pythoncore-3.11-64\Lib\encodings\cp1252.py", line 19, in encode
    return codecs.charmap_encode(input,self.errors,encoding_table)[0]
           ^^^^^^^^^^^^^^^^^^^^^^^^^^^^^^^^^^^^^^^^^^^^^^^^^^^^^^^
2026-03-04 15:16:53,164 | 21060 | ERROR | UnicodeEncodeError: 'charmap' codec can't encode character '\u2248' in position 192: character maps to <undefined>
2026-03-04 15:16:53,165 | 21060 | ERROR | During handling of the above exception, another exception occurred:
2026-03-04 15:16:53,165 | 21060 | ERROR | Traceback (most recent call last):
2026-03-04 15:16:53,167 | 21060 | ERROR | File "C:\Users\maxwell\AppData\Local\Python\pythoncore-3.11-64\Lib\logging\__init__.py", line 1113, in emit
    stream.write(msg + self.terminator)
2026-03-04 15:16:53,168 | 21060 | ERROR | File "C:\Users\maxwell\AppData\Local\Python\pythoncore-3.11-64\Lib\encodings\cp1252.py", line 19, in encode
    return codecs.charmap_encode(input,self.errors,encoding_table)[0]
           ^^^^^^^^^^^^^^^^^^^^^^^^^^^^^^^^^^^^^^^^^^^^^^^^^^^^^^^
2026-03-04 15:16:53,168 | 21060 | ERROR | UnicodeEncodeError: 'charmap' codec can't encode character '\u2248' in position 192: character maps to <undefined>
2026-03-04 15:16:53,168 | 21060 | ERROR | During handling of the above exception, another exception occurred:
2026-03-04 15:16:53,168 | 21060 | ERROR | Traceback (most recent call last):
2026-03-04 15:16:53,168 | 21060 | ERROR | File "C:\Users\maxwell\AppData\Local\Python\pythoncore-3.11-64\Lib\logging\__init__.py", line 1113, in emit
    stream.write(msg + self.terminator)
2026-03-04 15:16:53,168 | 21060 | ERROR | File "C:\Users\maxwell\AppData\Local\Python\pythoncore-3.11-64\Lib\encodings\cp1252.py", line 19, in encode
    return codecs.charmap_encode(input,self.errors,encoding_table)[0]
           ^^^^^^^^^^^^^^^^^^^^^^^^^^^^^^^^^^^^^^^^^^^^^^^^^^^^^^^
2026-03-04 15:16:53,173 | 21060 | ERROR | UnicodeEncodeError: 'charmap' codec can't encode character '\u2248' in position 192: character maps to <undefined>
2026-03-04 15:16:53,173 | 21060 | ERROR | During handling of the above exception, another exception occurred:
2026-03-04 15:16:53,173 | 21060 | ERROR | Traceback (most recent call last):
2026-03-04 15:16:53,173 | 21060 | ERROR | File "C:\Users\maxwell\AppData\Local\Python\pythoncore-3.11-64\Lib\logging\__init__.py", line 1113, in emit
    stream.write(msg + self.terminator)
2026-03-04 15:16:53,173 | 21060 | ERROR | Traceback (most recent call last):
2026-03-04 15:16:53,173 | 21060 | ERROR | File "C:\Users\maxwell\AppData\Local\Python\pythoncore-3.11-64\Lib\logging\__init__.py", line 1113, in emit
2026-03-04 15:16:53,173 | 21060 | ERROR | stream.write(msg + self.terminator)
2026-03-04 15:16:53,173 | 21060 | ERROR | File "C:\Users\maxwell\AppData\Local\Python\pythoncore-3.11-64\Lib\encodings\cp1252.py", line 19, in encode
2026-03-04 15:16:53,184 | 21060 | ERROR | return codecs.charmap_encode(input,self.errors,encoding_table)[0]
2026-03-04 15:16:53,184 | 21060 | ERROR | ^
2026-03-04 15:16:53,184 | 21060 | ERROR | ^
2026-03-04 15:16:53,184 | 21060 | ERROR | ^
2026-03-04 15:16:53,184 | 21060 | ERROR | ^
2026-03-04 15:16:53,184 | 21060 | ERROR | ^
2026-03-04 15:16:53,184 | 21060 | ERROR | ^
2026-03-04 15:16:53,184 | 21060 | ERROR | ^
2026-03-04 15:16:53,184 | 21060 | ERROR | ^
2026-03-04 15:16:53,184 | 21060 | ERROR | ^
2026-03-04 15:16:53,184 | 21060 | ERROR | ^
2026-03-04 15:16:53,184 | 21060 | ERROR | ^
2026-03-04 15:16:53,184 | 21060 | ERROR | ^
2026-03-04 15:16:53,184 | 21060 | ERROR | ^
2026-03-04 15:16:53,184 | 21060 | ERROR | ^
2026-03-04 15:16:53,184 | 21060 | ERROR | ^
2026-03-04 15:16:53,184 | 21060 | ERROR | ^
2026-03-04 15:16:53,184 | 21060 | ERROR | ^
2026-03-04 15:16:53,184 | 21060 | ERROR | ^
2026-03-04 15:16:53,184 | 21060 | ERROR | ^
2026-03-04 15:16:53,200 | 21060 | ERROR | ^
2026-03-04 15:16:53,200 | 21060 | ERROR | ^
2026-03-04 15:16:53,200 | 21060 | ERROR | ^
2026-03-04 15:16:53,200 | 21060 | ERROR | ^
2026-03-04 15:16:53,200 | 21060 | ERROR | ^
2026-03-04 15:16:53,200 | 21060 | ERROR | ^
2026-03-04 15:16:53,200 | 21060 | ERROR | ^
2026-03-04 15:16:53,200 | 21060 | ERROR | ^
2026-03-04 15:16:53,200 | 21060 | ERROR | ^
2026-03-04 15:16:53,200 | 21060 | ERROR | ^
2026-03-04 15:16:53,200 | 21060 | ERROR | ^
2026-03-04 15:16:53,200 | 21060 | ERROR | ^
2026-03-04 15:16:53,209 | 21060 | ERROR | ^
2026-03-04 15:16:53,209 | 21060 | ERROR | ^
2026-03-04 15:16:53,211 | 21060 | ERROR | ^
2026-03-04 15:16:53,211 | 21060 | ERROR | ^
2026-03-04 15:16:53,211 | 21060 | ERROR | ^
2026-03-04 15:16:53,213 | 21060 | ERROR | ^
2026-03-04 15:16:53,213 | 21060 | ERROR | ^
2026-03-04 15:16:53,215 | 21060 | ERROR | ^
2026-03-04 15:16:53,215 | 21060 | ERROR | ^
2026-03-04 15:16:53,215 | 21060 | ERROR | ^
2026-03-04 15:16:53,215 | 21060 | ERROR | ^
2026-03-04 15:16:53,215 | 21060 | ERROR | ^
2026-03-04 15:16:53,215 | 21060 | ERROR | ^
2026-03-04 15:16:53,215 | 21060 | ERROR | ^
2026-03-04 15:16:53,215 | 21060 | ERROR | ^
2026-03-04 15:16:53,215 | 21060 | ERROR | ^
2026-03-04 15:16:53,215 | 21060 | ERROR | ^
2026-03-04 15:16:53,215 | 21060 | ERROR | ^
2026-03-04 15:16:53,215 | 21060 | ERROR | ^
2026-03-04 15:16:53,215 | 21060 | ERROR | ^
2026-03-04 15:16:53,215 | 21060 | ERROR | ^
2026-03-04 15:16:53,215 | 21060 | ERROR | ^
2026-03-04 15:16:53,215 | 21060 | ERROR | ^
2026-03-04 15:16:53,215 | 21060 | ERROR | ^
2026-03-04 15:16:53,215 | 21060 | ERROR | UnicodeEncodeError
2026-03-04 15:16:53,215 | 21060 | ERROR | :
2026-03-04 15:16:53,215 | 21060 | ERROR | 'charmap' codec can't encode character '\u2248' in position 107: character maps to <undefined>
2026-03-04 15:16:53,215 | 21060 | ERROR | During handling of the above exception, another exception occurred:
2026-03-04 15:16:53,215 | 21060 | ERROR | Traceback (most recent call last):
2026-03-04 15:16:53,215 | 21060 | ERROR | File "C:\Users\maxwell\AppData\Local\Python\pythoncore-3.11-64\Lib\logging\__init__.py", line 1113, in emit
2026-03-04 15:16:53,231 | 21060 | ERROR | stream.write(msg + self.terminator)
2026-03-04 15:16:53,233 | 21060 | ERROR | File "C:\Users\maxwell\AppData\Local\Python\pythoncore-3.11-64\Lib\encodings\cp1252.py", line 19, in encode
2026-03-04 15:16:53,234 | 21060 | ERROR | return codecs.charmap_encode(input,self.errors,encoding_table)[0]
2026-03-04 15:16:53,234 | 21060 | ERROR | ^
2026-03-04 15:16:53,234 | 21060 | ERROR | ^
2026-03-04 15:16:53,234 | 21060 | ERROR | ^
2026-03-04 15:16:53,237 | 21060 | ERROR | ^
2026-03-04 15:16:53,238 | 21060 | ERROR | ^
2026-03-04 15:16:53,238 | 21060 | ERROR | ^
2026-03-04 15:16:53,239 | 21060 | ERROR | ^
2026-03-04 15:16:53,239 | 21060 | ERROR | ^
2026-03-04 15:16:53,240 | 21060 | ERROR | ^
2026-03-04 15:16:53,240 | 21060 | ERROR | ^
2026-03-04 15:16:53,242 | 21060 | ERROR | ^
2026-03-04 15:16:53,242 | 21060 | ERROR | ^
2026-03-04 15:16:53,242 | 21060 | ERROR | ^
2026-03-04 15:16:53,243 | 21060 | ERROR | ^
2026-03-04 15:16:53,243 | 21060 | ERROR | ^
2026-03-04 15:16:53,244 | 21060 | ERROR | ^
2026-03-04 15:16:53,244 | 21060 | ERROR | ^
2026-03-04 15:16:53,246 | 21060 | ERROR | ^
2026-03-04 15:16:53,246 | 21060 | ERROR | ^
2026-03-04 15:16:53,247 | 21060 | ERROR | ^
2026-03-04 15:16:53,247 | 21060 | ERROR | ^
2026-03-04 15:16:53,248 | 21060 | ERROR | ^
2026-03-04 15:16:53,248 | 21060 | ERROR | ^
2026-03-04 15:16:53,248 | 21060 | ERROR | ^
2026-03-04 15:16:53,248 | 21060 | ERROR | ^
2026-03-04 15:16:53,248 | 21060 | ERROR | ^
2026-03-04 15:16:53,248 | 21060 | ERROR | ^
2026-03-04 15:16:53,248 | 21060 | ERROR | ^
2026-03-04 15:16:53,248 | 21060 | ERROR | ^
2026-03-04 15:16:53,252 | 21060 | ERROR | ^
2026-03-04 15:16:53,253 | 21060 | ERROR | ^
2026-03-04 15:16:53,253 | 21060 | ERROR | ^
2026-03-04 15:16:53,254 | 21060 | ERROR | ^
2026-03-04 15:16:53,254 | 21060 | ERROR | ^
2026-03-04 15:16:53,255 | 21060 | ERROR | ^
2026-03-04 15:16:53,255 | 21060 | ERROR | ^
2026-03-04 15:16:53,257 | 21060 | ERROR | ^
2026-03-04 15:16:53,257 | 21060 | ERROR | ^
2026-03-04 15:16:53,258 | 21060 | ERROR | ^
2026-03-04 15:16:53,258 | 21060 | ERROR | ^
2026-03-04 15:16:53,258 | 21060 | ERROR | ^
2026-03-04 15:16:53,258 | 21060 | ERROR | ^
2026-03-04 15:16:53,258 | 21060 | ERROR | ^
2026-03-04 15:16:53,258 | 21060 | ERROR | ^
2026-03-04 15:16:53,258 | 21060 | ERROR | ^
2026-03-04 15:16:53,262 | 21060 | ERROR | ^
2026-03-04 15:16:53,262 | 21060 | ERROR | ^
2026-03-04 15:16:53,263 | 21060 | ERROR | ^
2026-03-04 15:16:53,264 | 21060 | ERROR | ^
2026-03-04 15:16:53,264 | 21060 | ERROR | ^
2026-03-04 15:16:53,266 | 21060 | ERROR | ^
2026-03-04 15:16:53,266 | 21060 | ERROR | ^
2026-03-04 15:16:53,267 | 21060 | ERROR | ^
2026-03-04 15:16:53,268 | 21060 | ERROR | ^
2026-03-04 15:16:53,269 | 21060 | ERROR | ^
2026-03-04 15:16:53,269 | 21060 | ERROR | UnicodeEncodeError
2026-03-04 15:16:53,270 | 21060 | ERROR | :
2026-03-04 15:16:53,270 | 21060 | ERROR | 'charmap' codec can't encode character '\u2248' in position 192: character maps to <undefined>
2026-03-04 15:16:53,271 | 21060 | ERROR | During handling of the above exception, another exception occurred:
2026-03-04 15:16:53,271 | 21060 | ERROR | Traceback (most recent call last):
2026-03-04 15:16:53,273 | 21060 | ERROR | File "C:\Users\maxwell\AppData\Local\Python\pythoncore-3.11-64\Lib\logging\__init__.py", line 1113, in emit
2026-03-04 15:16:53,274 | 21060 | ERROR | stream.write(msg + self.terminator)
2026-03-04 15:16:53,274 | 21060 | ERROR | File "C:\Users\maxwell\AppData\Local\Python\pythoncore-3.11-64\Lib\encodings\cp1252.py", line 19, in encode
2026-03-04 15:16:53,274 | 21060 | ERROR | return codecs.charmap_encode(input,self.errors,encoding_table)[0]
2026-03-04 15:16:53,274 | 21060 | ERROR | ^
2026-03-04 15:16:53,274 | 21060 | ERROR | ^
2026-03-04 15:16:53,274 | 21060 | ERROR | ^
2026-03-04 15:16:53,274 | 21060 | ERROR | ^
2026-03-04 15:16:53,274 | 21060 | ERROR | ^
2026-03-04 15:16:53,274 | 21060 | ERROR | ^
2026-03-04 15:16:53,274 | 21060 | ERROR | ^
2026-03-04 15:16:53,274 | 21060 | ERROR | ^
2026-03-04 15:16:53,274 | 21060 | ERROR | ^
2026-03-04 15:16:53,274 | 21060 | ERROR | ^
2026-03-04 15:16:53,274 | 21060 | ERROR | ^
2026-03-04 15:16:53,274 | 21060 | ERROR | ^
2026-03-04 15:16:53,274 | 21060 | ERROR | ^
2026-03-04 15:16:53,274 | 21060 | ERROR | ^
2026-03-04 15:16:53,274 | 21060 | ERROR | ^
2026-03-04 15:16:53,274 | 21060 | ERROR | ^
2026-03-04 15:16:53,274 | 21060 | ERROR | ^
2026-03-04 15:16:53,274 | 21060 | ERROR | ^
2026-03-04 15:16:53,274 | 21060 | ERROR | ^
2026-03-04 15:16:53,274 | 21060 | ERROR | ^
2026-03-04 15:16:53,274 | 21060 | ERROR | ^
2026-03-04 15:16:53,274 | 21060 | ERROR | ^
2026-03-04 15:16:53,290 | 21060 | ERROR | ^
2026-03-04 15:16:53,290 | 21060 | ERROR | ^
2026-03-04 15:16:53,290 | 21060 | ERROR | ^
2026-03-04 15:16:53,290 | 21060 | ERROR | ^
2026-03-04 15:16:53,293 | 21060 | ERROR | ^
2026-03-04 15:16:53,293 | 21060 | ERROR | ^
2026-03-04 15:16:53,293 | 21060 | ERROR | ^
2026-03-04 15:16:53,293 | 21060 | ERROR | ^
2026-03-04 15:16:53,293 | 21060 | ERROR | ^
2026-03-04 15:16:53,296 | 21060 | ERROR | ^
2026-03-04 15:16:53,297 | 21060 | ERROR | ^
2026-03-04 15:16:53,298 | 21060 | ERROR | ^
2026-03-04 15:16:53,298 | 21060 | ERROR | ^
2026-03-04 15:16:53,299 | 21060 | ERROR | ^
2026-03-04 15:16:53,299 | 21060 | ERROR | ^
2026-03-04 15:16:53,300 | 21060 | ERROR | ^
2026-03-04 15:16:53,300 | 21060 | ERROR | ^
2026-03-04 15:16:53,302 | 21060 | ERROR | ^
2026-03-04 15:16:53,302 | 21060 | ERROR | ^
2026-03-04 15:16:53,302 | 21060 | ERROR | ^
2026-03-04 15:16:53,304 | 21060 | ERROR | ^
2026-03-04 15:16:53,304 | 21060 | ERROR | ^
2026-03-04 15:16:53,305 | 21060 | ERROR | ^
2026-03-04 15:16:53,305 | 21060 | ERROR | ^
2026-03-04 15:16:53,306 | 21060 | ERROR | ^
2026-03-04 15:16:53,306 | 21060 | ERROR | ^
2026-03-04 15:16:53,307 | 21060 | ERROR | ^
2026-03-04 15:16:53,307 | 21060 | ERROR | ^
2026-03-04 15:16:53,307 | 21060 | ERROR | ^
2026-03-04 15:16:53,307 | 21060 | ERROR | ^
2026-03-04 15:16:53,307 | 21060 | ERROR | ^
2026-03-04 15:16:53,307 | 21060 | ERROR | ^
2026-03-04 15:16:53,307 | 21060 | ERROR | ^
2026-03-04 15:16:53,307 | 21060 | ERROR | UnicodeEncodeError
2026-03-04 15:16:53,307 | 21060 | ERROR | :
2026-03-04 15:16:53,313 | 21060 | ERROR | 'charmap' codec can't encode character '\u2248' in position 192: character maps to <undefined>
2026-03-04 15:16:53,313 | 21060 | ERROR | During handling of the above exception, another exception occurred:
2026-03-04 15:16:53,314 | 21060 | ERROR | Traceback (most recent call last):
2026-03-04 15:16:53,314 | 21060 | ERROR | File "C:\Users\maxwell\AppData\Local\Python\pythoncore-3.11-64\Lib\logging\__init__.py", line 1113, in emit
2026-03-04 15:16:53,315 | 21060 | ERROR | stream.write(msg + self.terminator)
2026-03-04 15:16:53,316 | 21060 | ERROR | File "C:\Users\maxwell\AppData\Local\Python\pythoncore-3.11-64\Lib\encodings\cp1252.py", line 19, in encode
2026-03-04 15:16:53,318 | 21060 | ERROR | return codecs.charmap_encode(input,self.errors,encoding_table)[0]
2026-03-04 15:16:53,318 | 21060 | ERROR | ^
2026-03-04 15:16:53,318 | 21060 | ERROR | ^
2026-03-04 15:16:53,318 | 21060 | ERROR | ^
2026-03-04 15:16:53,318 | 21060 | ERROR | ^
2026-03-04 15:16:53,318 | 21060 | ERROR | ^
2026-03-04 15:16:53,318 | 21060 | ERROR | ^
2026-03-04 15:16:53,318 | 21060 | ERROR | ^
2026-03-04 15:16:53,318 | 21060 | ERROR | ^
2026-03-04 15:16:53,318 | 21060 | ERROR | ^
2026-03-04 15:16:53,323 | 21060 | ERROR | ^
2026-03-04 15:16:53,324 | 21060 | ERROR | ^
2026-03-04 15:16:53,325 | 21060 | ERROR | ^
2026-03-04 15:16:53,325 | 21060 | ERROR | ^
2026-03-04 15:16:53,325 | 21060 | ERROR | ^
2026-03-04 15:16:53,326 | 21060 | ERROR | ^
2026-03-04 15:16:53,326 | 21060 | ERROR | ^
2026-03-04 15:16:53,327 | 21060 | ERROR | ^
2026-03-04 15:16:53,328 | 21060 | ERROR | ^
2026-03-04 15:16:53,329 | 21060 | ERROR | ^
2026-03-04 15:16:53,329 | 21060 | ERROR | ^
2026-03-04 15:16:53,330 | 21060 | ERROR | ^
2026-03-04 15:16:53,330 | 21060 | ERROR | ^
2026-03-04 15:16:53,331 | 21060 | ERROR | ^
2026-03-04 15:16:53,331 | 21060 | ERROR | ^
2026-03-04 15:16:53,332 | 21060 | ERROR | ^
2026-03-04 15:16:53,333 | 21060 | ERROR | ^
2026-03-04 15:16:53,333 | 21060 | ERROR | ^
2026-03-04 15:16:53,333 | 21060 | ERROR | ^
2026-03-04 15:16:53,334 | 21060 | ERROR | ^
2026-03-04 15:16:53,334 | 21060 | ERROR | ^
2026-03-04 15:16:53,334 | 21060 | ERROR | ^
2026-03-04 15:16:53,334 | 21060 | ERROR | ^
2026-03-04 15:16:53,334 | 21060 | ERROR | ^
2026-03-04 15:16:53,338 | 21060 | ERROR | ^
2026-03-04 15:16:53,338 | 21060 | ERROR | ^
2026-03-04 15:16:53,339 | 21060 | ERROR | ^
2026-03-04 15:16:53,339 | 21060 | ERROR | ^
2026-03-04 15:16:53,340 | 21060 | ERROR | ^
2026-03-04 15:16:53,340 | 21060 | ERROR | ^
2026-03-04 15:16:53,341 | 21060 | ERROR | ^
2026-03-04 15:16:53,341 | 21060 | ERROR | ^
2026-03-04 15:16:53,343 | 21060 | ERROR | ^
2026-03-04 15:16:53,343 | 21060 | ERROR | ^
2026-03-04 15:16:53,343 | 21060 | ERROR | ^
2026-03-04 15:16:53,343 | 21060 | ERROR | ^
2026-03-04 15:16:53,343 | 21060 | ERROR | ^
2026-03-04 15:16:53,343 | 21060 | ERROR | ^
2026-03-04 15:16:53,343 | 21060 | ERROR | ^
2026-03-04 15:16:53,343 | 21060 | ERROR | ^
2026-03-04 15:16:53,343 | 21060 | ERROR | ^
2026-03-04 15:16:53,348 | 21060 | ERROR | ^
2026-03-04 15:16:53,348 | 21060 | ERROR | ^
2026-03-04 15:16:53,349 | 21060 | ERROR | ^
2026-03-04 15:16:53,349 | 21060 | ERROR | ^
2026-03-04 15:16:53,350 | 21060 | ERROR | ^
2026-03-04 15:16:53,350 | 21060 | ERROR | UnicodeEncodeError
2026-03-04 15:16:53,351 | 21060 | ERROR | :
2026-03-04 15:16:53,351 | 21060 | ERROR | 'charmap' codec can't encode character '\u2248' in position 192: character maps to <undefined>
2026-03-04 15:16:53,352 | 21060 | ERROR | During handling of the above exception, another exception occurred:
2026-03-04 15:16:53,353 | 21060 | ERROR | Traceback (most recent call last):
2026-03-04 15:16:53,353 | 21060 | ERROR | File "C:\Users\maxwell\AppData\Local\Python\pythoncore-3.11-64\Lib\logging\__init__.py", line 1113, in emit
2026-03-04 15:16:53,353 | 21060 | ERROR | stream.write(msg + self.terminator)
2026-03-04 15:16:53,355 | 21060 | ERROR | File "C:\Users\maxwell\AppData\Local\Python\pythoncore-3.11-64\Lib\encodings\cp1252.py", line 19, in encode
2026-03-04 15:16:53,356 | 21060 | ERROR | return codecs.charmap_encode(input,self.errors,encoding_table)[0]
2026-03-04 15:16:53,356 | 21060 | ERROR | ^
2026-03-04 15:16:53,358 | 21060 | ERROR | ^
2026-03-04 15:16:53,359 | 21060 | ERROR | ^
2026-03-04 15:16:53,359 | 21060 | ERROR | ^
