Col Number,,,1,2,3,4,5,6,7
   Ordinate,Date,Time,Capella Gage FLOW,EF Russian 20 ET-POTENTIAL,EF Russian 20 FLOW,EF Russian 20 FLOW-BASE,EF Russian 20 INFILTRATION,EF Russian 20 PERC-SOIL,EF Russian 20 SATURATION FRACTION
Units,,,CFS,IN,CFS,CFS,IN,IN,IN/IN
Type,,,PER-AVER,PER-CUM,PER-AVER,PER-AVER,PER-CUM,PER-CUM,PER-AVER
1,1-Oct-94,24:00:00,509.465714,0.075601,412.869881,412.869881,0,0,0.696386
2,2-Oct-94,24:00:00,413.652207,0.126573,316.652207,316.652207,0,0,0.686191
3,3-Oct-94,24:00:00,390.82676,0.111336,290.88926,290.88926,0,0,0.674631
4,4-Oct-94,24:00:00,339.81989,0.029809,260.38239,260.38239,0,0,0.667037
5,5-Oct-94,24:00:00,313.597567,0.061046,225.785067,225.785067,0,0,0.665947
6,6-Oct-94,24:00:00,280.446596,0.098569,192.446596,192.446596,0,0,0.661994
7,7-Oct-94,24:00:00,250.704816,0.104902,162.704816,162.704816,0,0,0.65245
8,8-Oct-94,24:00:00,225.056063,0.097255,137.056063,137.056063,0,0,0.642273
9,9-Oct-94,24:00:00,201.304477,0.092864,115.26281,115.26281,0,0,0.633004
10,10-Oct-94,24:00:00,182.865404,0.09473,96.865404,96.865404,0,0,0.623288
11,11-Oct-94,24:00:00,169.337157,0.083737,81.378823,81.378823,0,0,0.614546
12,12-Oct-94,24:00:00,154.400422,0.100089,68.358755,68.358755,0,0,0.605327
13,13-Oct-94,24:00:00,145.37667,0.102391,57.418337,57.418337,0,0,0.595414
14,14-Oct-94,24:00:00,134.269256,0.093054,48.22759,48.22759,0,0,0.586034
15,15-Oct-94,24:00:00,135.320002,0.102967,40.507502,40.507502,0,0,0.575295
16,16-Oct-94,24:00:00,131.960544,0.089199,34.023044,34.023044,0,0,0.566033
17,17-Oct-94,24:00:00,125.59739,0.061094,28.576557,28.576557,0,0,0.558535
18,18-Oct-94,24:00:00,121.001932,0.091095,24.001932,24.001932,0,0,0.550968
19,19-Oct-94,24:00:00,115.201286,0.087327,20.15962,20.15962,0,0,0.542031
20,20-Oct-94,24:00:00,113.890728,0.077681,16.932394,16.932394,0,0,0.533707
21,21-Oct-94,24:00:00,111.221794,0.080713,14.221794,14.221794,0,0,0.525732
22,22-Oct-94,24:00:00,108.945116,0.075661,11.945116,11.945116,0,0,0.517893
23,23-Oct-94,24:00:00,107.032897,0.089839,10.032897,10.032897,0,0,0.509772
24,24-Oct-94,24:00:00,105.426793,0.072866,8.426793,8.426793,0,0,0.501819
25,25-Oct-94,24:00:00,104.077801,0.046758,7.077801,7.077801,0,0,0.49562
26,26-Oct-94,24:00:00,102.94476,0.048708,5.94476,5.94476,0,0,0.490836
27,27-Oct-94,24:00:00,101.9931,0.050088,4.9931,4.9931,0,0,0.485954
28,28-Oct-94,24:00:00,104.131286,0.066676,4.193786,4.193786,0,0,0.480052
29,29-Oct-94,24:00:00,92.751596,0.069814,3.522429,3.522429,0,0,0.473239
30,30-Oct-94,24:00:00,97.833545,0.06829,2.958545,2.958545,0,0,0.466369
31,31-Oct-94,24:00:00,97.48493,0.053367,2.48493,2.48493,0,0,0.460308
32,1-Nov-94,24:00:00,97.087133,0.038523,2.087133,2.087133,0,0,0.45749
33,2-Nov-94,24:00:00,96.753017,0.0688,1.753017,1.753017,0,0,0.456198
34,3-Nov-94,24:00:00,98.430722,0.057933,1.472388,1.472388,0,0,0.45143
35,4-Nov-94,24:00:00,110.163305,0.028248,13.163305,1.236683,1.034141,0,0.462653
36,5-Nov-94,24:00:00,275.351613,0.018642,178.351613,1.038714,0.639034,0,0.600793
37,6-Nov-94,24:00:00,102.506951,0.019713,5.506951,0.872436,0.096614,0,0.622578
38,7-Nov-94,24:00:00,97.761068,0.048833,0.761068,0.732775,0,0,0.623366
39,8-Nov-94,24:00:00,97.61547,0.04895,0.61547,0.61547,0,0,0.622863
40,9-Nov-94,24:00:00,1693.64,0.016276,1596.64,219.734962,1.037414,0.252764,0.675884
41,10-Nov-94,24:00:00,357.733678,0.038475,232.337844,172.408199,0,0,0.7
42,11-Nov-94,24:00:00,155.637382,0.024801,46.283215,46.283215,0,0,0.7
43,12-Nov-94,24:00:00,129.601409,0.055272,26.476409,26.476409,0,0,0.699319
44,13-Nov-94,24:00:00,122.584,0.046844,21.542333,21.542333,0,0,0.695782
45,14-Nov-94,24:00:00,116.526888,0.054893,18.464388,18.464388,0,0,0.691073
46,15-Nov-94,24:00:00,476.462719,0.0302,378.462719,367.785915,0.454176,0.329478,0.697538
47,16-Nov-94,24:00:00,283.685214,0.041958,185.685214,185.139609,0.017459,0.014971,0.700005
48,17-Nov-94,24:00:00,303.787319,0.05211,202.849819,200.355372,0.084377,0.086866,0.700005
49,18-Nov-94,24:00:00,197.023955,0.051451,74.482289,74.463322,0,0,0.699965
50,19-Nov-94,24:00:00,154.187524,0.035142,47.833358,47.833358,0,0,0.698052
51,20-Nov-94,24:00:00,145.176067,0.007306,39.176067,39.176067,0,0,0.696008
52,21-Nov-94,24:00:00,136.31775,0.030478,33.25525,33.25525,0,0,0.694152
53,22-Nov-94,24:00:00,131.177395,0.038632,28.177395,28.177395,0,0,0.690652
54,23-Nov-94,24:00:00,123.838519,0.028384,23.776019,23.776019,0,0,0.687281
55,24-Nov-94,24:00:00,224.776677,0.022259,144.360011,131.866303,0.680926,0.405738,0.691247
56,25-Nov-94,24:00:00,1655.84,0.020827,1573.88,1329.76,0.65146,0.774814,0.701991
57,26-Nov-94,24:00:00,752.143811,0.037026,629.018811,624.127387,0.09412,0.09412,0.700043
58,27-Nov-94,24:00:00,616.810717,0.004745,490.852384,485.207132,0.240065,0.240065,0.7
59,28-Nov-94,24:00:00,369.690346,0.026633,266.211179,265.729217,0,0,0.7
60,29-Nov-94,24:00:00,150.626158,0.026481,148.480325,148.480325,0,0,0.7
61,30-Nov-94,24:00:00,117.197372,0.035865,117.197372,117.197372,0,0,0.7
62,1-Dec-94,24:00:00,98.973317,0.013248,98.973317,98.973317,0,0,0.699856
63,2-Dec-94,24:00:00,159.266928,0.017694,83.871094,83.871094,0,0,0.698768
64,3-Dec-94,24:00:00,2124.14,0.010329,2053.01,1101.65,1.101459,1.080279,0.705525
65,4-Dec-94,24:00:00,934.369859,0.031508,812.453192,735.099201,0,0,0.7
66,5-Dec-94,24:00:00,341.010236,0.015015,237.593569,237.593569,0,0,0.7
67,6-Dec-94,24:00:00,279.175524,0.017452,198.696357,197.834146,0.035192,0.035192,0.7
68,7-Dec-94,24:00:00,217.86734,0.032432,134.92984,134.922663,0,0,0.7
69,8-Dec-94,24:00:00,161.166979,0.025114,109.500313,109.500313,0,0,0.7
70,9-Dec-94,24:00:00,142.354073,0.026089,92.33324,92.33324,0,0,0.699961
71,10-Dec-94,24:00:00,128.955664,0.010361,77.976497,77.976497,0,0,0.699379
72,11-Dec-94,24:00:00,429.010553,0.009293,378.010553,280.826862,0.346668,0.329199,0.699824
73,12-Dec-94,24:00:00,591.587256,0.009984,538.628923,480.478922,0.164335,0.164335,0.700069
74,13-Dec-94,24:00:00,303.051139,0.008432,227.530306,226.810889,0,0,0.7
75,14-Dec-94,24:00:00,922.586913,0.012504,846.586913,830.48859,0.718922,0.718922,0.702388
76,15-Dec-94,24:00:00,585.778577,0.014143,495.091077,493.429024,0,0,0.7
77,16-Dec-94,24:00:00,351.856694,0.011592,271.627527,270.059564,0.064128,0.064128,0.7
78,17-Dec-94,24:00:00,227.639089,0.013461,148.618255,148.601979,0,0,0.7
79,18-Dec-94,24:00:00,270.135526,0.020544,190.156359,188.777035,0.056298,0.056298,0.700033
80,19-Dec-94,24:00:00,193.88607,0.021048,113.88607,113.874588,0,0,0.7
81,20-Dec-94,24:00:00,167.00779,0.019559,87.986956,87.986956,0,0,0.7
82,21-Dec-94,24:00:00,152.380618,0.024998,73.380618,73.380618,0,0,0.7
83,22-Dec-94,24:00:00,135.922436,0.032362,61.818269,61.818269,0,0,0.699162
84,23-Dec-94,24:00:00,128.010003,0.033591,52.05167,52.05167,0,0,0.696696
85,24-Dec-94,24:00:00,672.729579,0.029717,599.667079,587.331725,0.513218,0.461294,0.700512
86,25-Dec-94,24:00:00,317.388597,0.04711,240.471931,240.128652,0,0,0.7
87,26-Dec-94,24:00:00,172.07167,0.029426,98.00917,98.00917,0,0,0.699773
88,27-Dec-94,24:00:00,119.044731,0.013753,117.503064,116.574519,0.221024,0.203825,0.699417
89,28-Dec-94,24:00:00,307.327317,0.039199,307.327317,302.796925,0,0,0.7
90,29-Dec-94,24:00:00,103.201377,0.023341,103.201377,103.20009,0,0,0.7
91,30-Dec-94,24:00:00,66.262726,0.023481,66.262726,66.262726,0,0,0.7
92,31-Dec-94,24:00:00,53.88816,0.014161,53.88816,53.88816,0,0,0.699999
93,1-Jan-95,24:00:00,47.017867,0.01478,45.549117,45.549117,0,0,0.699975
94,2-Jan-95,24:00:00,112.963873,0.041175,38.515956,38.515956,0,0,0.699068
95,3-Jan-95,24:00:00,373.76997,0.014464,291.89497,285.623454,0.274841,0.240131,0.699002
96,4-Jan-95,24:00:00,298.110915,0.020393,218.069249,216.18081,0.064119,0.064119,0.7
97,5-Jan-95,24:00:00,870.798239,0.01693,779.048239,764.978072,0.590958,0.590958,0.701454
98,6-Jan-95,24:00:00,926.799725,0.014128,834.799725,823.397024,0.812241,0.763038,0.701053
99,7-Jan-95,24:00:00,3612.81,0.020492,3520.81,2035.04,1.4278,1.384654,0.71384
100,8-Jan-95,24:00:00,8029.12,0.023121,7952.79,2445.14,1.904914,1.428287,0.736371
101,9-Jan-95,24:00:00,7714.45,0.024389,7711.40,2712.25,1.290314,1.44844,0.758515
102,10-Jan-95,24:00:00,2736.92,0.030738,2735.42,2517.18,0.530473,0.941324,0.711103
103,11-Jan-95,24:00:00,2031.46,0.022038,2031.43,2011.43,0.719422,0.719422,0.701479
104,12-Jan-95,24:00:00,2282.47,0.023365,2282.47,1918.06,0.993165,0.916272,0.704553
105,13-Jan-95,24:00:00,5035.58,0.01917,5034.11,2464.85,1.927173,1.466801,0.733103
106,14-Jan-95,24:00:00,3196.30,0.019089,3194.80,2733.42,0.379436,0.916701,0.7216
107,15-Jan-95,24:00:00,1313.78,0.019729,1313.75,1311.96,0.057154,0.057154,0.7
108,16-Jan-95,24:00:00,697.248122,0.030743,697.248122,697.238363,0,0,0.7
109,17-Jan-95,24:00:00,532.726865,0.02251,531.258115,531.258115,0,0,0.7
110,18-Jan-95,24:00:00,443.855677,0.020245,443.824427,443.824427,0,0,0.7
111,19-Jan-95,24:00:00,375.021026,0.040032,375.021026,375.021026,0,0,0.698687
112,20-Jan-95,24:00:00,316.358537,0.033838,316.358537,316.358537,0,0,0.694906
113,21-Jan-95,24:00:00,349.542894,0.024783,266.313727,266.313727,0,0,0.694356
114,22-Jan-95,24:00:00,1517.16,0.015473,1404.74,1268.38,1.30858,1.252139,0.703622
115,23-Jan-95,24:00:00,1745.61,0.013738,1632.61,1583.53,0.744011,0.741579,0.701326
116,24-Jan-95,24:00:00,1540.79,0.016034,1427.79,1412.48,0.297803,0.300235,0.700269
117,25-Jan-95,24:00:00,769.004743,0.019525,656.004743,653.639649,0.095361,0.095361,0.7
118,26-Jan-95,24:00:00,1377.90,0.007868,1264.90,908.729126,0.602561,0.602561,0.702735
119,27-Jan-95,24:00:00,1228.83,0.012056,1115.83,1056.54,0.333082,0.333082,0.7
120,28-Jan-95,24:00:00,996.217719,0.016329,883.217719,876.174463,0.253829,0.253829,0.7
121,29-Jan-95,24:00:00,542.623223,0.030779,429.623223,429.372835,0.163335,0.163335,0.700061
122,30-Jan-95,24:00:00,1657.67,0.02279,1544.67,1497.20,0.849076,0.849076,0.705414
123,31-Jan-95,24:00:00,798.276204,0.03482,686.255371,685.021462,0.026782,0.026782,0.7
124,1-Feb-95,24:00:00,561.647355,0.038782,451.605688,449.683086,0.059908,0.059908,0.7
125,2-Feb-95,24:00:00,417.537916,0.037585,307.537916,307.047636,0.024903,0.024903,0.7
126,3-Feb-95,24:00:00,358.505938,0.05674,246.547604,246.405235,0,0,0.7
127,4-Feb-95,24:00:00,309.052123,0.046133,196.072957,196.072957,0,0,0.699742
128,5-Feb-95,24:00:00,286.807622,0.019583,164.015955,164.015955,0,0,0.69829
129,6-Feb-95,24:00:00,245.404119,0.028469,138.070786,138.070786,0,0,0.695971
130,7-Feb-95,24:00:00,236.883315,0.04707,116.174982,116.174982,0,0,0.692085
131,8-Feb-95,24:00:00,215.731251,0.044158,97.668751,97.668751,0,0,0.687588
132,9-Feb-95,24:00:00,204.965584,0.061556,82.069751,82.069751,0,0,0.682349
133,10-Feb-95,24:00:00,189.987106,0.038774,68.94544,68.94544,0,0,0.677376
134,11-Feb-95,24:00:00,178.91351,0.023164,57.91351,57.91351,0,0,0.674172
135,12-Feb-95,24:00:00,169.64439,0.040128,48.64439,48.64439,0,0,0.671127
136,13-Feb-95,24:00:00,157.582831,0.019707,42.457831,40.857916,0.069014,0,0.673322
137,14-Feb-95,24:00:00,149.422516,0.056459,34.422516,34.317502,0,0,0.675839
138,15-Feb-95,24:00:00,118.365596,0.056856,28.82393,28.82393,0,0,0.67454
139,16-Feb-95,24:00:00,26.063894,0.043471,24.209728,24.209728,0,0,0.67067
140,17-Feb-95,24:00:00,20.334159,0.026228,20.334159,20.334159,0,0,0.667036
141,18-Feb-95,24:00:00,18.547746,0.06331,17.078996,17.078996,0,0,0.662725
142,19-Feb-95,24:00:00,98.584512,0.071482,14.344929,14.344929,0,0,0.655965
143,20-Feb-95,24:00:00,97.069373,0.076483,12.048539,12.048539,0,0,0.648554
144,21-Feb-95,24:00:00,95.119764,0.081069,10.119764,10.119764,0,0,0.640759
145,22-Feb-95,24:00:00,93.499754,0.075021,8.499754,8.499754,0,0,0.6329
146,23-Feb-95,24:00:00,124.451582,0.050613,7.139082,7.139082,0,0,0.626751
147,24-Feb-95,24:00:00,116.162897,0.070017,5.996231,5.996231,0,0,0.620598
148,25-Feb-95,24:00:00,114.057165,0.072902,5.036332,5.036332,0,0,0.61358
149,26-Feb-95,24:00:00,113.230097,0.052371,4.230097,4.230097,0,0,0.607283
150,27-Feb-95,24:00:00,112.552927,0.042708,3.552927,3.552927,0,0,0.602548
151,28-Feb-95,24:00:00,104.150828,0.054717,2.984161,2.984161,0,0,0.597481
152,1-Mar-95,24:00:00,97.631445,0.044565,2.506445,2.506445,0,0,0.592419
153,2-Mar-95,24:00:00,104.063316,0.023832,9.063316,2.105204,0.38668,0,0.607381
154,3-Mar-95,24:00:00,109.450831,0.03513,11.513331,1.768196,0.294381,0,0.65414
155,4-Mar-95,24:00:00,99.606933,0.044508,1.606933,1.485137,0,0,0.65826
156,5-Mar-95,24:00:00,99.247391,0.057444,1.247391,1.247391,0,0,0.656842
157,6-Mar-95,24:00:00,6.026871,0.069589,1.047704,1.047704,0,0,0.651206
158,7-Mar-95,24:00:00,35.213317,0.067739,0.879984,0.879984,0,0,0.644701
159,8-Mar-95,24:00:00,949.489429,0.020785,941.318596,414.749656,1.543008,0.783915,0.681391
160,9-Mar-95,24:00:00,7171.18,0.048128,7165.05,1928.00,0.959686,1.127036,0.719846
161,10-Mar-95,24:00:00,3079.21,0.027746,3079.09,1610.62,1.31148,1.116337,0.713863
162,11-Mar-95,24:00:00,2394.53,0.029469,2394.53,2127.28,0.625504,0.820647,0.703225
163,12-Mar-95,24:00:00,822.236234,0.049332,822.236234,820.876547,0.101688,0.090729,0.700032
164,13-Mar-95,24:00:00,2541.25,0.030179,2541.25,1830.56,1.798061,1.497165,0.718271
165,14-Mar-95,24:00:00,4285.74,0.020477,4285.74,2633.76,1.190797,1.430115,0.739009
166,15-Mar-95,24:00:00,1791.50,0.0801,1791.50,1674.05,0,0.072537,0.700218
167,16-Mar-95,24:00:00,664.584205,0.085225,664.584205,664.584205,0,0,0.696901
168,17-Mar-95,24:00:00,454.470237,0.067134,454.470237,454.470237,0,0,0.690018
169,18-Mar-95,24:00:00,1075.73,0.050261,1001.31,935.041685,0.596539,0.459162,0.700438
170,19-Mar-95,24:00:00,607.117179,0.047503,531.117179,529.89291,0.107911,0.107911,0.7
171,20-Mar-95,24:00:00,2841.46,0.045142,2767.42,1375.54,0.792628,0.792628,0.7036
172,21-Mar-95,24:00:00,1102.48,0.031634,1028.48,986.896813,0.359081,0.336997,0.700046
173,22-Mar-95,24:00:00,1925.20,0.026214,1849.24,1722.08,1.030389,1.052473,0.702725
174,23-Mar-95,24:00:00,1559.24,0.026479,1480.30,1465.26,0.487111,0.487111,0.70035
175,24-Mar-95,24:00:00,767.190336,0.083344,690.148669,689.360248,0,0,0.7
176,25-Mar-95,24:00:00,473.315998,0.099915,397.295165,397.295165,0,0,0.695557
177,26-Mar-95,24:00:00,389.333658,0.097935,313.333658,313.333658,0,0,0.685912
178,27-Mar-95,24:00:00,339.684598,0.106892,263.684598,263.684598,0,0,0.675631
179,28-Mar-95,24:00:00,299.027233,0.125274,223.027233,223.027233,0,0,0.664127
180,29-Mar-95,24:00:00,264.127146,0.11288,188.127146,188.127146,0,0,0.652304
181,30-Mar-95,24:00:00,234.345234,0.090652,158.345234,158.345234,0,0,0.642038
182,31-Mar-95,24:00:00,209.126139,0.070322,133.126139,133.126139,0,0,0.633921
183,1-Apr-95,24:00:00,185.905148,0.108992,111.863482,111.863482,0,0,0.624629
184,2-Apr-95,24:00:00,169.93237,0.117963,93.974037,93.974037,0,0,0.61343
185,3-Apr-95,24:00:00,154.937,0.122827,78.937,78.937,0,0,0.601365
186,4-Apr-95,24:00:00,140.344597,0.099327,66.302931,66.302931,0,0,0.590662
187,5-Apr-95,24:00:00,57.231481,0.081485,55.689815,55.689815,0,0,0.581413
188,6-Apr-95,24:00:00,64.272256,0.027198,64.272256,46.775145,0.807912,0,0.628214
189,7-Apr-95,24:00:00,221.697196,0.054896,221.697196,205.54676,0.577606,0.156905,0.688963
190,8-Apr-95,24:00:00,471.674857,0.038508,351.237357,345.608182,0.22023,0.22023,0.700266
191,9-Apr-95,24:00:00,296.556189,0.102446,172.577023,172.185058,0,0,0.698877
192,10-Apr-95,24:00:00,197.389498,0.123493,74.368664,74.368664,0,0,0.691012
193,11-Apr-95,24:00:00,177.383284,0.10016,54.383284,54.383284,0,0,0.679734
194,12-Apr-95,24:00:00,205.460529,0.048034,81.481363,51.366275,0.400805,0.098616,0.676232
195,13-Apr-95,24:00:00,480.473267,0.080463,357.452433,223.42171,0.039341,0.039341,0.7
196,14-Apr-95,24:00:00,195.716956,0.103202,72.716956,72.705113,0,0,0.69633
197,15-Apr-95,24:00:00,168.788369,0.033972,45.788369,44.465641,0.065631,0,0.693479
198,16-Apr-95,24:00:00,159.059663,0.105791,36.059663,35.761033,0,0,0.695943
199,17-Apr-95,24:00:00,134.583974,0.063629,30.18814,30.18814,0,0,0.691706
200,18-Apr-95,24:00:00,77.635072,0.118642,25.530905,25.530905,0,0,0.682443
201,19-Apr-95,24:00:00,139.111072,0.09815,21.527738,21.527738,0,0,0.671509
202,20-Apr-95,24:00:00,137.11551,0.10611,18.11551,18.11551,0,0,0.665798
203,21-Apr-95,24:00:00,131.291039,0.125831,15.228539,15.228539,0,0,0.657445
204,22-Apr-95,24:00:00,130.753907,0.143834,12.795573,12.795573,0,0,0.644014
205,23-Apr-95,24:00:00,126.790684,0.147295,10.749017,10.749017,0,0,0.629456
206,24-Apr-95,24:00:00,113.278941,0.162594,9.028941,9.028941,0,0,0.614142
207,25-Apr-95,24:00:00,117.4588,0.149613,7.5838,7.5838,0,0,0.598392
208,26-Apr-95,24:00:00,118.32818,0.122754,6.369847,6.369847,0,0,0.584589
209,27-Apr-95,24:00:00,107.658662,0.074365,6.429495,5.350172,0.04554,0,0.581732
210,28-Apr-95,24:00:00,120.457166,0.044174,8.686333,4.49371,0.665717,0,0.592059
211,29-Apr-95,24:00:00,152.469737,0.060316,42.42807,3.774356,0.437396,0,0.687601
212,30-Apr-95,24:00:00,207.820476,0.101466,98.799642,42.879436,0.439822,0.249216,0.692853
213,1-May-95,24:00:00,2319.40,0.10192,2209.42,964.772266,0.448542,0.511723,0.703499
214,2-May-95,24:00:00,379.624742,0.092408,269.624742,261.889113,0,0,0.695235
215,3-May-95,24:00:00,221.190975,0.11516,100.420141,100.420141,0,0,0.684928
216,4-May-95,24:00:00,197.37774,0.116117,71.481907,71.481907,0,0,0.673589
217,5-May-95,24:00:00,187.377749,0.103041,60.398583,60.398583,0,0,0.66243
218,6-May-95,24:00:00,178.694532,0.119189,51.694532,51.694532,0,0,0.651346
219,7-May-95,24:00:00,169.930652,0.131793,43.909818,43.909818,0,0,0.638807
220,8-May-95,24:00:00,164.062381,0.103783,37.083215,37.083215,0,0,0.627183
221,9-May-95,24:00:00,157.245768,0.061626,31.224934,31.224934,0,0,0.618969
222,10-May-95,24:00:00,130.71399,0.127704,26.255657,26.255657,0,0,0.609208
223,11-May-95,24:00:00,126.063435,0.114416,22.063435,22.063435,0,0,0.597338
224,12-May-95,24:00:00,132.363668,0.030935,23.467835,18.535456,0.390451,0,0.600096
225,13-May-95,24:00:00,131.119383,0.081324,22.119383,15.569735,0.07535,0,0.634573
226,14-May-95,24:00:00,115.124319,0.093556,13.957652,13.077837,0.157101,0,0.634197
227,15-May-95,24:00:00,130.35272,0.056459,17.60272,10.984511,0.146437,0,0.658718
228,16-May-95,24:00:00,122.251991,0.12238,9.251991,9.226162,0,0,0.655629
229,17-May-95,24:00:00,120.74924,0.130257,7.74924,7.74924,0,0,0.64485
230,18-May-95,24:00:00,122.446227,0.15413,6.508727,6.508727,0,0,0.630515
231,19-May-95,24:00:00,115.591791,0.165992,5.466791,5.466791,0,0,0.614678
232,20-May-95,24:00:00,94.029148,0.116263,4.591648,4.591648,0,0,0.600416
233,21-May-95,24:00:00,7.179517,0.079523,3.856601,3.856601,0,0,0.590957
234,22-May-95,24:00:00,80.624639,0.112569,3.239222,3.239222,0,0,0.581366
235,23-May-95,24:00:00,99.345675,0.16593,2.720675,2.720675,0,0,0.567354
236,24-May-95,24:00:00,99.285139,0.162777,2.285139,2.285139,0,0,0.55081
237,25-May-95,24:00:00,102.835992,0.177148,1.919326,1.919326,0,0,0.53361
238,26-May-95,24:00:00,104.570406,0.13708,1.612073,1.612073,0,0,0.518124
239,27-May-95,24:00:00,104.354006,0.170555,1.354006,1.354006,0,0,0.502697
240,28-May-95,24:00:00,104.137252,0.174055,1.137252,1.137252,0,0,0.48542
241,29-May-95,24:00:00,103.955196,0.195065,0.955196,0.955196,0,0,0.467093
242,30-May-95,24:00:00,103.802285,0.164016,0.802285,0.802285,0,0,0.449121
243,31-May-95,24:00:00,103.673852,0.167352,0.673852,0.673852,0,0,0.432532
244,1-Jun-95,24:00:00,85.745149,0.100537,0.565979,0.565979,0,0,0.419344
245,2-Jun-95,24:00:00,85.275378,0.121177,0.475375,0.475375,0,0,0.408701
246,3-Jun-95,24:00:00,85.982607,0.150925,0.399276,0.399276,0,0,0.396847
247,4-Jun-95,24:00:00,83.585363,0.160947,0.335358,0.335358,0,0,0.384308
248,5-Jun-95,24:00:00,83.481677,0.155363,0.281673,0.281673,0,0,0.373225
249,6-Jun-95,24:00:00,83.436586,0.118021,0.236581,0.236581,0,0,0.364277
250,7-Jun-95,24:00:00,82.615377,0.156405,0.198709,0.198709,0,0,0.356259
251,8-Jun-95,24:00:00,83.350236,0.172471,0.166899,0.166899,0,0,0.348127
252,9-Jun-95,24:00:00,85.690179,0.125181,0.140181,0.140181,0,0,0.34063
253,10-Jun-95,24:00:00,83.367745,0.153158,0.11774,0.11774,0,0,0.334006
254,11-Jun-95,24:00:00,84.865562,0.174191,0.098892,0.098892,0,0,0.326233
255,12-Jun-95,24:00:00,83.316399,0.176217,0.083061,0.083061,0,0,0.318159
256,13-Jun-95,24:00:00,83.269769,0.117743,0.069764,0.069764,0,0,0.311389
257,14-Jun-95,24:00:00,88.031304,0.040218,3.264634,0.058596,0.578388,0,0.317035
258,15-Jun-95,24:00:00,97.883712,0.110802,13.083709,0.049216,0.080296,0,0.374035
259,16-Jun-95,24:00:00,82.523052,0.076637,0.07305,0.041337,0,0,0.371585
260,17-Jun-95,24:00:00,83.218058,0.072498,0.03472,0.03472,0,0,0.366759
261,18-Jun-95,24:00:00,83.229166,0.105373,0.029162,0.029162,0,0,0.361494
262,19-Jun-95,24:00:00,83.224498,0.144649,0.024493,0.024493,0,0,0.354403
263,20-Jun-95,24:00:00,82.437241,0.164961,0.020572,0.020572,0,0,0.346465
264,21-Jun-95,24:00:00,83.200617,0.177167,0.017279,0.017279,0,0,0.338098
265,22-Jun-95,24:00:00,76.164513,0.190034,0.014513,0.014513,0,0,0.329343
266,23-Jun-95,24:00:00,75.228861,0.204489,0.01219,0.01219,0,0,0.320254
267,24-Jun-95,24:00:00,75.993572,0.159879,0.010238,0.010238,0,0,0.31221
268,25-Jun-95,24:00:00,101.075265,0.200107,0.008599,0.008599,0,0,0.30405
269,26-Jun-95,24:00:00,101.607221,0.209703,0.007223,0.007223,0,0,0.295325
270,27-Jun-95,24:00:00,100.822736,0.175447,0.006066,0.006066,0,0,0.287324
271,28-Jun-95,24:00:00,98.455097,0.172595,0.005095,0.005095,0,0,0.280316
272,29-Jun-95,24:00:00,100.754283,0.171771,0.00428,0.00428,0,0,0.273451
273,30-Jun-95,24:00:00,103.153599,0.134055,0.003595,0.003595,0,0,0.267572
274,1-Jul-95,24:00:00,101.636351,0.137847,0.003019,0.003019,0,0,0.262323
275,2-Jul-95,24:00:00,76.535869,0.137806,0.002536,0.002536,0,0,0.257337
276,3-Jul-95,24:00:00,101.068795,0.190368,0.00213,0.00213,0,0,0.251399
277,4-Jul-95,24:00:00,73.401792,0.197717,0.001789,0.001789,0,0,0.244395
278,5-Jul-95,24:00:00,72.801506,0.186447,0.001503,0.001503,0,0,0.237799
279,6-Jul-95,24:00:00,100.217932,0.187151,0.001262,0.001262,0,0,0.231405
280,7-Jul-95,24:00:00,100.801063,0.181109,0.00106,0.00106,0,0,0.225433
281,8-Jul-95,24:00:00,100.800893,0.132198,0.00089,0.00089,0,0,0.220484
282,9-Jul-95,24:00:00,100.800751,0.127944,0.000748,0.000748,0,0,0.216476
283,10-Jul-95,24:00:00,100.800631,0.131294,0.000628,0.000628,0,0,0.21237
284,11-Jul-95,24:00:00,98.450529,0.131644,0.000528,0.000528,0,0,0.208407
285,12-Jul-95,24:00:00,99.183781,0.135364,0.000443,0.000443,0,0,0.204498
286,13-Jul-95,24:00:00,99.200377,0.199338,0.000372,0.000372,0,0,0.199786
287,14-Jul-95,24:00:00,99.200317,0.198149,0.000313,0.000313,0,0,0.1941
288,15-Jul-95,24:00:00,98.416931,0.196902,0.000263,0.000263,0,0,0.188647
289,16-Jul-95,24:00:00,100.750224,0.216751,0.000221,0.000221,0,0,0.183284
290,17-Jul-95,24:00:00,100.800188,0.100294,0.000185,0.000185,0,0,0.179049
291,18-Jul-95,24:00:00,98.450157,0.154032,0.000156,0.000156,0,0,0.17606
292,19-Jul-95,24:00:00,98.400132,0.173237,0.000131,0.000131,0,0,0.173033
293,20-Jul-95,24:00:00,88.216776,0.154597,0.00011,0.00011,0,0,0.169304
294,21-Jul-95,24:00:00,98.966763,0.15346,0.000092,0.000092,0,0,0.165575
295,22-Jul-95,24:00:00,100.766747,0.125996,0.000077,0.000077,0,0,0.162307
296,23-Jul-95,24:00:00,92.183398,0.15676,0.000065,0.000065,0,0,0.159052
297,24-Jul-95,24:00:00,99.050059,0.12259,0.000055,0.000055,0,0,0.155909
298,25-Jul-95,24:00:00,99.20005,0.138478,0.000046,0.000046,0,0,0.153021
299,26-Jul-95,24:00:00,100.766708,0.190795,0.000039,0.000039,0,0,0.14949
300,27-Jul-95,24:00:00,99.23337,0.196675,0.000032,0.000032,0,0,0.145377
301,28-Jul-95,24:00:00,99.200032,0.191035,0.000027,0.000027,0,0,0.14139
302,29-Jul-95,24:00:00,99.200027,0.168772,0.000023,0.000023,0,0,0.137816
303,30-Jul-95,24:00:00,101.550018,0.165646,0.000019,0.000019,0,0,0.134456
304,31-Jul-95,24:00:00,82.800018,0.183428,0.000016,0.000016,0,0,0.131212
305,1-Aug-95,24:00:00,100.416683,0.19558,0.000014,0.000014,0,0,0.127714
306,2-Aug-95,24:00:00,100.800014,0.195903,0.000011,0.000011,0,0,0.124178
307,3-Aug-95,24:00:00,100.800013,0.183721,0.00001,0.00001,0,0,0.120849
308,4-Aug-95,24:00:00,100.800011,0.191796,0.000008,0.000008,0,0,0.117728
309,5-Aug-95,24:00:00,101.583339,0.161282,0.000007,0.000007,0,0,0.114722
310,6-Aug-95,24:00:00,100.816675,0.174745,0.000006,0.000006,0,0,0.112041
311,7-Aug-95,24:00:00,99.233343,0.182018,0.000005,0.000005,0,0,0.109189
312,8-Aug-95,24:00:00,99.200009,0.174215,0.000004,0.000004,0,0,0.10641
313,9-Aug-95,24:00:00,99.200008,0.192507,0.000003,0.000003,0,0,0.103702
314,10-Aug-95,24:00:00,99.200007,0.147601,0.000003,0.000003,0,0,0.101164
315,11-Aug-95,24:00:00,99.200007,0.16373,0.000002,0.000002,0,0,0.098952
316,12-Aug-95,24:00:00,99.200007,0.181872,0.000002,0.000002,0,0,0.096556
317,13-Aug-95,24:00:00,99.200006,0.147202,0.000002,0.000002,0,0,0.09429
318,14-Aug-95,24:00:00,101.55,0.184462,0.000001,0.000001,0,0,0.092083
319,15-Aug-95,24:00:00,101.6,0.178567,0.000001,0.000001,0,0,0.089752
320,16-Aug-95,24:00:00,98.466669,0.163194,0.000001,0.000001,0,0,0.087576
321,17-Aug-95,24:00:00,94.483336,0.154623,0.000001,0.000001,0,0,0.085556
322,18-Aug-95,24:00:00,94.400002,0.164274,0.000001,0.000001,0,0,0.083663
323,19-Aug-95,24:00:00,94.400002,0.146623,0.000001,0.000001,0,0,0.081798
324,20-Aug-95,24:00:00,98.316669,0.180388,0,0,0,0,0.079956
325,21-Aug-95,24:00:00,98.400002,0.156203,0,0,0,0,0.078035
326,22-Aug-95,24:00:00,99.183338,0.149839,0,0,0,0,0.076387
327,23-Aug-95,24:00:00,99.200005,0.172513,0,0,0,0,0.074599
328,24-Aug-95,24:00:00,99.200005,0.151693,0,0,0,0,0.072874
329,25-Aug-95,24:00:00,98.416668,0.143674,0,0,0,0,0.071358
330,26-Aug-95,24:00:00,96.833337,0.168452,0,0,0,0,0.069821
331,27-Aug-95,24:00:00,100.71667,0.1604,0,0,0,0,0.068183
332,28-Aug-95,24:00:00,99.233338,0.165752,0,0,0,0,0.066627
333,29-Aug-95,24:00:00,46.716669,0.150793,0,0,0,0,0.065104
334,30-Aug-95,24:00:00,48.733333,0.150833,0,0,0,0,0.06371
335,31-Aug-95,24:00:00,48.799999,0.154605,0,0,0,0,0.062336
336,1-Sep-95,24:00:00,48.799999,0.147014,0,0,0,0,0.060998
337,2-Sep-95,24:00:00,98.150005,0.139402,0,0,0,0,0.059765
338,3-Sep-95,24:00:00,99.200005,0.142759,0,0,0,0,0.058583
339,4-Sep-95,24:00:00,99.200005,0.15057,0,0,0,0,0.057367
340,5-Sep-95,24:00:00,98.416668,0.154871,0,0,0,0,0.05613
341,6-Sep-95,24:00:00,98.400002,0.159986,0,0,0,0,0.054872
342,7-Sep-95,24:00:00,98.400002,0.144793,0,0,0,0,0.053672
343,8-Sep-95,24:00:00,98.400002,0.147088,0,0,0,0,0.052574
344,9-Sep-95,24:00:00,98.400002,0.128657,0,0,0,0,0.051574
345,10-Sep-95,24:00:00,98.400002,0.112944,0,0,0,0,0.050677
346,11-Sep-95,24:00:00,99.183338,0.148083,0,0,0,0,0.049731
347,12-Sep-95,24:00:00,99.200005,0.133827,0,0,0,0,0.048738
348,13-Sep-95,24:00:00,98.416668,0.124634,0,0,0,0,0.04783
349,14-Sep-95,24:00:00,98.400002,0.138817,0,0,0,0,0.046953
350,15-Sep-95,24:00:00,98.400002,0.138291,0,0,0,0,0.046042
351,16-Sep-95,24:00:00,83.516671,0.113922,0,0,0,0,0.045216
352,17-Sep-95,24:00:00,85.549999,0.150415,0,0,0,0,0.044382
353,18-Sep-95,24:00:00,100.483336,0.134986,0,0,0,0,0.043456
354,19-Sep-95,24:00:00,100.800003,0.126716,0,0,0,0,0.042649
355,20-Sep-95,24:00:00,96.883336,0.143755,0,0,0,0,0.041842
356,21-Sep-95,24:00:00,96.800003,0.110541,0,0,0,0,0.041091
357,22-Sep-95,24:00:00,95.233338,0.082654,0,0,0,0,0.040536
358,23-Sep-95,24:00:00,95.200005,0.118625,0,0,0,0,0.039941
359,24-Sep-95,24:00:00,95.200005,0.096817,0,0,0,0,0.039345
360,25-Sep-95,24:00:00,98.333335,0.112036,0,0,0,0,0.038758
361,26-Sep-95,24:00:00,99.183338,0.117072,0,0,0,0,0.038122
362,27-Sep-95,24:00:00,99.200005,0.105273,0,0,0,0,0.037528
363,28-Sep-95,24:00:00,98.416668,0.108899,0,0,0,0,0.036952
364,29-Sep-95,24:00:00,99.183338,0.108924,0,0,0,0,0.036374
365,30-Sep-95,24:00:00,99.200005,0.103128,0,0,0,0,0.035837
366,1-Oct-95,24:00:00,123.483333,0.109878,0,0,0,0,0.035285
367,2-Oct-95,24:00:00,124,0.112562,0,0,0,0,0.034733
368,3-Oct-95,24:00:00,124,0.136647,0,0,0,0,0.034131
369,4-Oct-95,24:00:00,123.020833,0.124876,0,0,0,0,0.033506
370,5-Oct-95,24:00:00,118.104167,0.100737,0,0,0,0,0.032956
371,6-Oct-95,24:00:00,122.895833,0.100267,0,0,0,0,0.032475
372,7-Oct-95,24:00:00,123,0.098622,0,0,0,0,0.03202
373,8-Oct-95,24:00:00,123,0.101355,0,0,0,0,0.031573
374,9-Oct-95,24:00:00,123,0.097907,0,0,0,0,0.031119
375,10-Oct-95,24:00:00,123,0.098697,0,0,0,0,0.030684
376,11-Oct-95,24:00:00,123.979167,0.073135,0,0,0,0,0.030337
377,12-Oct-95,24:00:00,123.020833,0.086338,0,0,0,0,0.029957
378,13-Oct-95,24:00:00,123.979167,0.086394,0,0,0,0,0.029596
379,14-Oct-95,24:00:00,121.0625,0.091585,0,0,0,0,0.029225
380,15-Oct-95,24:00:00,103.375,0.072481,0,0,0,0,0.028889
381,16-Oct-95,24:00:00,122.583333,0.089726,0,0,0,0,0.028552
382,17-Oct-95,24:00:00,123,0.101278,0,0,0,0,0.028178
383,18-Oct-95,24:00:00,121.041667,0.081895,0,0,0,0,0.027793
384,19-Oct-95,24:00:00,121,0.089252,0,0,0,0,0.027459
385,20-Oct-95,24:00:00,116.104167,0.068995,0,0,0,0,0.02716
386,21-Oct-95,24:00:00,112.083333,0.088644,0,0,0,0,0.026846
387,22-Oct-95,24:00:00,112,0.068545,0,0,0,0,0.026551
388,23-Oct-95,24:00:00,106.125,0.078252,0,0,0,0,0.026272
389,24-Oct-95,24:00:00,109.916667,0.074731,0,0,0,0,0.025984
390,25-Oct-95,24:00:00,89.4375,0.05846,0,0,0,0,0.025742
391,26-Oct-95,24:00:00,89,0.084414,0,0,0,0,0.025481
392,27-Oct-95,24:00:00,64.520833,0.043276,0,0,0,0,0.025245
393,28-Oct-95,24:00:00,57.145833,0.055967,0,0,0,0,0.025065
394,29-Oct-95,24:00:00,58.958333,0.078184,0,0,0,0,0.024826
395,30-Oct-95,24:00:00,60.958333,0.05391,0,0,0,0,0.024598
396,31-Oct-95,24:00:00,57.083333,0.024984,0,0,0,0,0.024455
397,1-Nov-95,24:00:00,7.160417,0.049927,0,0,0,0,0.024324
398,2-Nov-95,24:00:00,1.10625,0.055425,0,0,0,0,0.024143
399,3-Nov-95,24:00:00,1,0.058616,0,0,0,0,0.023946
400,4-Nov-95,24:00:00,1,0.042974,0,0,0,0,0.023772
401,5-Nov-95,24:00:00,1.979167,0.048027,0,0,0,0,0.023619
402,6-Nov-95,24:00:00,51.9375,0.052077,0,0,0,0,0.02345
403,7-Nov-95,24:00:00,58.875,0.056162,0,0,0,0,0.02327
404,8-Nov-95,24:00:00,59,0.047919,0,0,0,0,0.023099
405,9-Nov-95,24:00:00,78.583333,0.042977,0,0,0,0,0.022951
406,10-Nov-95,24:00:00,117.1875,0.050377,0,0,0,0,0.022798
407,11-Nov-95,24:00:00,175.770833,0.044654,0,0,0,0,0.022639
408,12-Nov-95,24:00:00,179.9375,0.054286,0,0,0,0,0.022482
409,13-Nov-95,24:00:00,178.041667,0.059477,0,0,0,0,0.022298
410,14-Nov-95,24:00:00,178,0.056049,0,0,0,0,0.022115
411,15-Nov-95,24:00:00,178,0.045356,0,0,0,0,0.021959
412,16-Nov-95,24:00:00,178,0.045745,0,0,0,0,0.021815
413,17-Nov-95,24:00:00,275.916667,0.04229,0,0,0,0,0.021683
414,18-Nov-95,24:00:00,272.125,0.042731,0,0,0,0,0.021547
415,19-Nov-95,24:00:00,272,0.027053,0,0,0,0,0.021439
416,20-Nov-95,24:00:00,253.395833,0.055857,0,0,0,0,0.021321
417,21-Nov-95,24:00:00,277.479167,0.014394,0,0,0,0,0.021201
418,22-Nov-95,24:00:00,167.354167,0.031099,0,0,0,0,0.021136
419,23-Nov-95,24:00:00,168.887023,0.049191,0.949523,0,0.045028,0,0.023217
420,24-Nov-95,24:00:00,168.162856,0.025607,0.162856,0,0,0,0.025542
421,25-Nov-95,24:00:00,168,0.027485,0,0,0,0,0.025542
422,26-Nov-95,24:00:00,166.041667,0.047704,0,0,0,0,0.025522
423,27-Nov-95,24:00:00,168.9375,0.048823,0,0,0,0,0.025401
424,28-Nov-95,24:00:00,170.958333,0.038473,0,0,0,0,0.025242
425,29-Nov-95,24:00:00,6.5,0.049472,0,0,0,0,0.025083
426,30-Nov-95,24:00:00,2.020833,0.024667,0,0,0,0,0.02495
427,1-Dec-95,24:00:00,9.549219,0.018868,5.101302,0,0.223936,0,0.03853
428,2-Dec-95,24:00:00,86.691255,0.040758,0.430838,0,0,0,0.047299
429,3-Dec-95,24:00:00,90.885829,0.014702,2.885829,0,0.384908,0,0.054171
430,4-Dec-95,24:00:00,98.639633,0.012241,10.639633,0,0.178094,0,0.100088
431,5-Dec-95,24:00:00,91.185984,0.010754,5.144317,0,0.195449,0,0.120802
432,6-Dec-95,24:00:00,88.025471,0.018121,0.067137,0,0,0,0.123145
433,7-Dec-95,24:00:00,149.6875,0.025227,0,0,0,0,0.123145
434,8-Dec-95,24:00:00,208.770833,0.02949,0,0,0,0,0.123145
435,9-Dec-95,24:00:00,247.208333,0.019198,0,0,0,0,0.123124
436,10-Dec-95,24:00:00,257.634867,0.011875,10.614034,0,0.80148,0,0.145399
437,11-Dec-95,24:00:00,594.309716,0.015529,305.20555,0,2.60526,0,0.301961
438,12-Dec-95,24:00:00,4525.00,0.039081,4417.12,0,1.578228,0,0.583334
439,13-Dec-95,24:00:00,253.799213,0.019204,41.111713,0,0.165646,0,0.63139
440,14-Dec-95,24:00:00,311.162767,0.011584,9.016934,2.630951,0.717098,0.07708,0.649626
441,15-Dec-95,24:00:00,2321.23,0.026838,2051.50,822.673234,0.553421,0.573708,0.703005
442,16-Dec-95,24:00:00,384.947869,0.031172,252.052035,242.670846,0,0,0.7
443,17-Dec-95,24:00:00,252.091305,0.028228,87.820472,87.820472,0,0,0.7
444,18-Dec-95,24:00:00,515.460136,0.014956,350.460136,345.043536,0.223484,0.223484,0.7
445,19-Dec-95,24:00:00,300.508785,0.019105,135.508785,135.404404,0,0,0.7
446,20-Dec-95,24:00:00,237.127151,0.023003,74.085484,74.085484,0,0,0.7
447,21-Dec-95,24:00:00,261.329334,0.019305,58.1835,58.1835,0,0,0.7
448,22-Dec-95,24:00:00,377.194251,0.015406,81.152585,80.528816,0.025949,0.025949,0.7
449,23-Dec-95,24:00:00,351.31515,0.031638,52.335984,52.318696,0,0,0.7
450,24-Dec-95,24:00:00,337.79469,0.041242,38.79469,38.79469,0,0,0.7
451,25-Dec-95,24:00:00,333.016972,0.036556,32.058639,32.058639,0,0,0.698924
452,26-Dec-95,24:00:00,327.955546,0.020667,26.955546,26.955546,0,0,0.696562
453,27-Dec-95,24:00:00,321.728812,0.009077,22.687145,22.687145,0,0,0.695096
454,28-Dec-95,24:00:00,318.078353,0.007044,19.078353,19.078353,0,0,0.694689
455,29-Dec-95,24:00:00,1537.95,0.005912,1238.95,879.568824,1.476223,1.180833,0.710562
456,30-Dec-95,24:00:00,1744.45,0.018523,1445.45,1340.94,0.049419,0.291704,0.702849
457,31-Dec-95,24:00:00,647.399996,0.053558,349.379163,349.363065,0,0,0.7
458,1-Jan-96,24:00:00,473.340285,0.038769,172.402785,172.402785,0,0,0.699555
459,2-Jan-96,24:00:00,432.82339,0.042092,133.781723,133.781723,0,0,0.696846
460,3-Jan-96,24:00:00,414.824314,0.026211,113.86598,113.86598,0,0,0.693528
461,4-Jan-96,24:00:00,398.109181,0.028168,97.109181,97.109181,0,0,0.690682
462,5-Jan-96,24:00:00,386.193762,0.018891,82.256262,82.256262,0,0,0.688374
463,6-Jan-96,24:00:00,373.368042,0.025466,69.368042,69.368042,0,0,0.686118
464,7-Jan-96,24:00:00,364.328626,0.018113,58.370292,58.370292,0,0,0.683959
465,8-Jan-96,24:00:00,353.107827,0.024631,49.066161,49.066161,0,0,0.681775
466,9-Jan-96,24:00:00,342.288788,0.012017,41.226288,41.226288,0,0,0.679959
467,10-Jan-96,24:00:00,343.465433,0.038864,34.632099,34.632099,0,0,0.67745
468,11-Jan-96,24:00:00,349.840078,0.040907,29.090078,29.090078,0,0,0.673506
469,12-Jan-96,24:00:00,351.30897,0.029871,24.43397,24.43397,0,0,0.669832
470,13-Jan-96,24:00:00,348.501928,0.041655,20.522761,20.522761,0,0,0.666365
471,14-Jan-96,24:00:00,345.237501,0.01455,17.237501,17.237501,0,0,0.664226
472,15-Jan-96,24:00:00,757.450716,0.018606,429.450716,347.293961,0.891664,0.501727,0.694584
473,16-Jan-96,24:00:00,3934.23,0.026114,3606.23,1572.08,1.003523,1.035725,0.709681
474,17-Jan-96,24:00:00,1085.46,0.043316,761.378276,663.031254,0.014681,0.014681,0.7
475,18-Jan-96,24:00:00,3501.82,0.01197,3177.82,1130.34,1.050044,1.050044,0.706455
476,19-Jan-96,24:00:00,1969.11,0.032421,1645.11,1366.25,0.436382,0.436382,0.700026
477,20-Jan-96,24:00:00,1364.23,0.008675,1040.23,950.14681,0.771233,0.746121,0.703232
478,21-Jan-96,24:00:00,1699.01,0.030295,1375.01,1296.44,0.211193,0.236306,0.700052
479,22-Jan-96,24:00:00,829.203432,0.048533,505.203432,504.63029,0,0,0.7
480,23-Jan-96,24:00:00,1376.54,0.007357,1054.50,1036.46,1.124559,1.067653,0.704924
481,24-Jan-96,24:00:00,3613.44,0.014864,3485.32,2358.85,1.505828,1.396708,0.712493
482,25-Jan-96,24:00:00,2533.13,0.042062,2412.07,1659.14,0,0.166026,0.701007
483,26-Jan-96,24:00:00,853.283101,0.013875,730.324767,728.28064,0.331815,0.310026,0.700068
484,27-Jan-96,24:00:00,2917.55,0.022185,2793.57,1826.52,0.938236,0.960025,0.707963
485,28-Jan-96,24:00:00,1023.18,0.033873,900.162907,884.800112,0,0,0.7
486,29-Jan-96,24:00:00,576.103859,0.018262,455.062193,455.062193,0,0,0.7
487,30-Jan-96,24:00:00,741.356899,0.014108,618.398566,612.606666,0.508685,0.508685,0.700292
488,31-Jan-96,24:00:00,918.981665,0.041209,795.002498,788.231083,0,0,0.7
489,1-Feb-96,24:00:00,684.443935,0.032345,361.673102,361.669774,0,0,0.7
490,2-Feb-96,24:00:00,586.028445,0.04395,261.965945,261.965945,0,0,0.699331
491,3-Feb-96,24:00:00,556.22364,0.020042,229.28614,228.98849,0.227368,0.150125,0.697907
492,4-Feb-96,24:00:00,3215.04,0.020123,2890.98,1701.52,1.777039,1.511562,0.724287
493,5-Feb-96,24:00:00,2052.90,0.048538,1730.86,1663.16,0,0.306495,0.703333
494,6-Feb-96,24:00:00,860.383726,0.041376,538.383726,538.379983,0,0,0.7
495,7-Feb-96,24:00:00,636.941317,0.035898,314.941317,314.941317,0,0,0.698852
496,8-Feb-96,24:00:00,576.555547,0.022973,251.618047,251.618047,0,0,0.696307
497,9-Feb-96,24:00:00,534.062975,0.031934,212.979641,212.979641,0,0,0.693669
498,10-Feb-96,24:00:00,504.50608,0.049727,180.56858,180.56858,0,0,0.689471
499,11-Feb-96,24:00:00,474.504485,0.061431,152.462818,152.462818,0,0,0.684019
500,12-Feb-96,24:00:00,452.338903,0.068168,128.38057,128.38057,0,0,0.677473
501,13-Feb-96,24:00:00,374.182486,0.073571,107.953319,107.953319,0,0,0.67048
502,14-Feb-96,24:00:00,426.496132,0.070614,103.725299,100.153754,0.516299,0.11207,0.670696
503,15-Feb-96,24:00:00,781.440031,0.028084,456.460864,443.240636,0.402007,0.402007,0.700001
504,16-Feb-96,24:00:00,864.386943,0.033811,540.36611,533.490737,0.040156,0.040156,0.7
505,17-Feb-96,24:00:00,612.237851,0.044666,287.258684,285.027688,0.216293,0.216293,0.7
506,18-Feb-96,24:00:00,1531.09,0.017279,1206.09,686.77054,0.830292,0.742045,0.704863
507,19-Feb-96,24:00:00,2455.17,0.022124,2130.17,1641.64,1.014132,1.072759,0.705213
508,20-Feb-96,24:00:00,2138.00,0.025945,1811.04,1765.44,1.018624,0.887812,0.702461
509,21-Feb-96,24:00:00,2101.92,0.038432,1828.78,1807.58,0.376439,0.536871,0.706246
510,22-Feb-96,24:00:00,1020.40,0.053578,696.504946,695.460519,0.149675,0.149675,0.7
511,23-Feb-96,24:00:00,960.103574,0.023712,635.103574,630.62361,0.069724,0.069724,0.7
512,24-Feb-96,24:00:00,677.018005,0.037692,350.059672,350.044651,0,0,0.7
513,25-Feb-96,24:00:00,597.264854,0.046084,270.264854,270.264854,0,0,0.699759
514,26-Feb-96,24:00:00,551.291881,0.06631,226.250214,226.250214,0,0,0.696151
515,27-Feb-96,24:00:00,732.373602,0.045238,405.415268,399.611022,0.588879,0.496253,0.698586
516,28-Feb-96,24:00:00,1669.49,0.029855,1344.45,1324.22,0.645655,0.664482,0.7019
517,29-Feb-96,24:00:00,1087.18,0.031441,760.21901,754.312075,0.059234,0.059234,0.7
518,1-Mar-96,24:00:00,631.002841,0.079843,305.961174,305.938712,0,0,0.699667
519,2-Mar-96,24:00:00,538.551626,0.077112,211.593292,211.593292,0,0,0.695395
520,3-Mar-96,24:00:00,499.844313,0.048974,174.802646,174.802646,0,0,0.689183
521,4-Mar-96,24:00:00,1191.57,0.022496,864.612086,843.592405,1.195303,1.038482,0.702122
522,5-Mar-96,24:00:00,1371.82,0.042515,1047.76,1039.25,0,0.019907,0.700041
523,6-Mar-96,24:00:00,653.392036,0.062886,329.392036,329.389678,0,0,0.699828
524,7-Mar-96,24:00:00,526.972499,0.070657,201.993332,201.993332,0,0,0.696093
525,8-Mar-96,24:00:00,491.227507,0.069731,163.290007,163.290007,0,0,0.68905
526,9-Mar-96,24:00:00,468.28977,0.090821,138.331437,138.331437,0,0,0.681276
527,10-Mar-96,24:00:00,447.207148,0.060039,117.207148,117.207148,0,0,0.673564
528,11-Mar-96,24:00:00,613.538489,0.052726,289.413489,278.438057,0.600995,0.303583,0.694866
529,12-Mar-96,24:00:00,1071.38,0.051162,747.382275,736.551471,0.285038,0.285038,0.700318
530,13-Mar-96,24:00:00,562.028163,0.116928,234.111496,234.029035,0,0,0.697465
531,14-Mar-96,24:00:00,452.755839,0.107942,128.672506,128.672506,0,0,0.688032
532,15-Mar-96,24:00:00,426.194913,0.10468,101.215746,101.215746,0,0,0.677485
533,16-Mar-96,24:00:00,410.476809,0.094168,85.476809,85.476809,0,0,0.667562
534,17-Mar-96,24:00:00,396.475824,0.119139,72.45499,72.45499,0,0,0.656855
535,18-Mar-96,24:00:00,386.159128,0.123718,61.179961,61.179961,0,0,0.644714
536,19-Mar-96,24:00:00,367.705818,0.123753,51.518318,51.518318,0,0,0.632329
537,20-Mar-96,24:00:00,359.321874,0.111963,43.321874,43.321874,0,0,0.620485
538,21-Mar-96,24:00:00,355.343282,0.126539,36.405782,36.405782,0,0,0.608925
539,22-Mar-96,24:00:00,351.543199,0.07655,30.584866,30.584866,0,0,0.598346
540,23-Mar-96,24:00:00,344.732998,0.097752,25.691331,25.691331,0,0,0.589618
541,24-Mar-96,24:00:00,343.517027,0.075933,21.579527,21.579527,0,0,0.581076
542,25-Mar-96,24:00:00,340.125348,0.103332,18.125348,18.125348,0,0,0.571961
543,26-Mar-96,24:00:00,261.828071,0.098764,15.223904,15.223904,0,0,0.561966
544,27-Mar-96,24:00:00,330.247794,0.031402,12.78946,12.786852,0.019166,0,0.555487
545,28-Mar-96,24:00:00,336.268224,0.095091,12.372391,10.739905,0.047419,0,0.560576
546,29-Mar-96,24:00:00,333.030477,0.094568,9.030477,9.020631,0,0,0.556691
547,30-Mar-96,24:00:00,331.57658,0.090846,7.57658,7.57658,0,0,0.54776
548,31-Mar-96,24:00:00,330.377566,0.083141,6.377566,6.363695,0.018111,0,0.539029
549,1-Apr-96,24:00:00,397.014407,0.040565,73.014407,5.344979,1.249929,0,0.623237
550,2-Apr-96,24:00:00,335.10356,0.09281,10.124393,4.489353,0,0,0.661254
551,3-Apr-96,24:00:00,328.770691,0.114132,3.770691,3.770691,0,0,0.655357
552,4-Apr-96,24:00:00,328.167069,0.102037,3.167069,3.167069,0,0,0.644739
553,5-Apr-96,24:00:00,327.660074,0.131501,2.660074,2.660074,0,0,0.633006
554,6-Apr-96,24:00:00,327.23424,0.135523,2.23424,2.23424,0,0,0.619661
555,7-Apr-96,24:00:00,326.876575,0.133666,1.876575,1.876575,0,0,0.605911
556,8-Apr-96,24:00:00,329.513666,0.092382,1.576166,1.576166,0,0,0.59499
557,9-Apr-96,24:00:00,328.34468,0.08674,1.323847,1.323847,0,0,0.585879
558,10-Apr-96,24:00:00,329.091087,0.091001,1.111921,1.111921,0,0,0.57683
559,11-Apr-96,24:00:00,327.954754,0.094056,0.93392,0.93392,0,0,0.567618
560,12-Apr-96,24:00:00,330.721915,0.102379,0.784415,0.784415,0,0,0.557872
561,13-Apr-96,24:00:00,327.721343,0.104149,0.658843,0.658843,0,0,0.547379
562,14-Apr-96,24:00:00,325.595039,0.115655,0.553373,0.553373,0,0,0.537088
563,15-Apr-96,24:00:00,327.745326,0.040879,0.786992,0.464787,0.116255,0,0.530276
564,16-Apr-96,24:00:00,338.48837,0.069862,13.446704,0.390382,0.430334,0,0.578466
565,17-Apr-96,24:00:00,333.572106,0.036593,8.572106,0.327889,0.473754,0,0.595905
566,18-Apr-96,24:00:00,333.833924,0.063835,6.875591,0.2754,0.038139,0,0.633601
567,19-Apr-96,24:00:00,329.12811,0.050848,4.086443,0.231313,0.171209,0,0.643566
568,20-Apr-96,24:00:00,331.451498,0.0823,0.576498,0.194284,0,0,0.650223
569,21-Apr-96,24:00:00,325.288182,0.036454,0.163182,0.163182,0,0,0.647039
570,22-Apr-96,24:00:00,327.095393,0.087253,0.13706,0.13706,0,0,0.640929
571,23-Apr-96,24:00:00,327.115119,0.104394,0.115119,0.115119,0,0,0.631418
572,24-Apr-96,24:00:00,330.339598,0.093965,5.297931,0.09669,0.213043,0,0.645258
573,25-Apr-96,24:00:00,325.143026,0.15612,0.143026,0.081212,0,0,0.64046
574,26-Apr-96,24:00:00,325.068211,0.172033,0.068211,0.068211,0,0,0.624232
575,27-Apr-96,24:00:00,325.057291,0.153246,0.057291,0.057291,0,0,0.607683
576,28-Apr-96,24:00:00,325.04812,0.137348,0.04812,0.04812,0,0,0.593176
577,29-Apr-96,24:00:00,325.040417,0.161164,0.040417,0.040417,0,0,0.578211
578,30-Apr-96,24:00:00,326.99228,0.180231,0.033947,0.033947,0,0,0.561352
579,1-May-96,24:00:00,324.091012,0.184179,0.028512,0.028512,0,0,0.542924
580,2-May-96,24:00:00,324.023948,0.17264,0.023948,0.023948,0,0,0.525312
581,3-May-96,24:00:00,324.999281,0.14768,0.020114,0.020114,0,0,0.509111
582,4-May-96,24:00:00,325.016894,0.144601,0.016894,0.016894,0,0,0.49459
583,5-May-96,24:00:00,325.01419,0.107955,0.01419,0.01419,0,0,0.482036
584,6-May-96,24:00:00,324.032752,0.104282,0.011918,0.011918,0,0,0.471263
585,7-May-96,24:00:00,324.01001,0.156154,0.01001,0.01001,0,0,0.458322
586,8-May-96,24:00:00,324.008408,0.138277,0.008408,0.008408,0,0,0.443674
587,9-May-96,24:00:00,324.007062,0.151901,0.007062,0.007062,0,0,0.429021
588,10-May-96,24:00:00,324.005931,0.164243,0.005931,0.005931,0,0,0.413603
589,11-May-96,24:00:00,324.984149,0.160116,0.004982,0.004982,0,0,0.399089
590,12-May-96,24:00:00,324.025018,0.199564,0.004184,0.004184,0,0,0.384698
591,13-May-96,24:00:00,58.649348,0.121239,0.003515,0.003515,0,0,0.372973
592,14-May-96,24:00:00,313.461285,0.094413,0.002952,0.002952,0,0,0.366238
593,15-May-96,24:00:00,321.765727,0.054322,2.765727,0.002479,0.403758,0,0.368291
594,16-May-96,24:00:00,331.846763,0.048153,10.888429,0.002082,0.150549,0,0.414759
595,17-May-96,24:00:00,341.321344,0.055245,16.404677,0.001749,0.959475,0,0.451444
596,18-May-96,24:00:00,70.543655,0.069345,8.939488,0.001469,0.066923,0,0.516785
597,19-May-96,24:00:00,321.414862,0.126287,0.060695,0.001234,0,0,0.5145
598,20-May-96,24:00:00,327.001036,0.105819,0.001036,0.001036,0,0,0.504263
599,21-May-96,24:00:00,344.080729,0.05301,17.080729,0.00087,0.746953,0,0.545319
600,22-May-96,24:00:00,328.373717,0.113745,1.373717,0.000731,0,0,0.572046
601,23-May-96,24:00:00,325.042281,0.148082,0.000614,0.000614,0,0,0.562083
602,24-May-96,24:00:00,325.000516,0.174776,0.000516,0.000516,0,0,0.545872
603,25-May-96,24:00:00,326.958767,0.180026,0.000433,0.000433,0,0,0.528248
604,26-May-96,24:00:00,325.042031,0.130156,0.000364,0.000364,0,0,0.512702
605,27-May-96,24:00:00,326.958639,0.167322,0.000306,0.000306,0,0,0.497988
606,28-May-96,24:00:00,325.041923,0.149821,0.000257,0.000257,0,0,0.482201
607,29-May-96,24:00:00,325.000216,0.152601,0.000216,0.000216,0,0,0.46687
608,30-May-96,24:00:00,326.958514,0.168116,0.000181,0.000181,0,0,0.451025
609,31-May-96,24:00:00,327.000152,0.175765,0.000152,0.000152,0,0,0.433795
610,1-Jun-96,24:00:00,261.395961,0.176118,0.000128,0.000128,0,0,0.416148
611,2-Jun-96,24:00:00,261.56678,0.193076,0.000107,0.000107,0,0,0.399517
612,3-Jun-96,24:00:00,262.383418,0.203947,0.00009,0.00009,0,0,0.383715
613,4-Jun-96,24:00:00,262.40007,0.192631,0.000076,0.000076,0,0,0.369717
614,5-Jun-96,24:00:00,261.616736,0.207779,0.000064,0.000064,0,0,0.357769
615,6-Jun-96,24:00:00,261.60006,0.212616,0.000053,0.000053,0,0,0.346839
616,7-Jun-96,24:00:00,249.850051,0.197266,0.000045,0.000045,0,0,0.336644
617,8-Jun-96,24:00:00,232.366704,0.206184,0.000038,0.000038,0,0,0.327235
618,9-Jun-96,24:00:00,227.300029,0.179293,0.000032,0.000032,0,0,0.318226
619,10-Jun-96,24:00:00,226.416702,0.178498,0.000027,0.000027,0,0,0.31028
620,11-Jun-96,24:00:00,220.133356,0.177498,0.000022,0.000022,0,0,0.302329
621,12-Jun-96,24:00:00,220.000019,0.193084,0.000019,0.000019,0,0,0.294419
622,13-Jun-96,24:00:00,221.566688,0.188376,0.000016,0.000016,0,0,0.28656
623,14-Jun-96,24:00:00,147.183353,0.190186,0.000013,0.000013,0,0,0.278889
624,15-Jun-96,24:00:00,123.666682,0.176396,0.000011,0.000011,0,0,0.271684
625,16-Jun-96,24:00:00,122.416678,0.183246,0.000009,0.000009,0,0,0.264982
626,17-Jun-96,24:00:00,125.53334,0.16406,0.000008,0.000008,0,0,0.258261
627,18-Jun-96,24:00:00,124.816676,0.180861,0.000007,0.000007,0,0,0.252043
628,19-Jun-96,24:00:00,124.800009,0.175664,0.000006,0.000006,0,0,0.245719
629,20-Jun-96,24:00:00,118.53334,0.177859,0.000005,0.000005,0,0,0.239651
630,21-Jun-96,24:00:00,123.100008,0.171957,0.000004,0.000004,0,0,0.233676
631,22-Jun-96,24:00:00,131.81667,0.194517,0.000003,0.000003,0,0,0.22771
632,23-Jun-96,24:00:00,127.300007,0.142505,0.000003,0.000003,0,0,0.222126
633,24-Jun-96,24:00:00,129.550008,0.145063,0.000002,0.000002,0,0,0.217519
634,25-Jun-96,24:00:00,128.033335,0.13744,0.000002,0.000002,0,0,0.213175
635,26-Jun-96,24:00:00,129.566674,0.124106,0.000002,0.000002,0,0,0.20925
636,27-Jun-96,24:00:00,129.600007,0.133365,0.000001,0.000001,0,0,0.205477
637,28-Jun-96,24:00:00,122.550003,0.166031,0.000001,0.000001,0,0,0.201074
638,29-Jun-96,24:00:00,132.583337,0.196821,0.000001,0.000001,0,0,0.196002
639,30-Jun-96,24:00:00,129.666674,0.20897,0.000001,0.000001,0,0,0.190416
640,1-Jul-96,24:00:00,129.600007,0.230484,0.000001,0.000001,0,0,0.184554
641,2-Jul-96,24:00:00,129.600007,0.215773,0.000001,0.000001,0,0,0.178736
642,3-Jul-96,24:00:00,128.033334,0.204488,0,0,0,0,0.173463
643,4-Jul-96,24:00:00,128,0.194186,0,0,0,0,0.168599
644,5-Jul-96,24:00:00,130.350009,0.162484,0,0,0,0,0.16429
645,6-Jul-96,24:00:00,130.400009,0.206617,0,0,0,0,0.160025
646,7-Jul-96,24:00:00,130.400009,0.196182,0,0,0,0,0.155564
647,8-Jul-96,24:00:00,130.400009,0.198751,0,0,0,0,0.151161
648,9-Jul-96,24:00:00,129.616673,0.208958,0,0,0,0,0.146864
649,10-Jul-96,24:00:00,129.600006,0.221131,0,0,0,0,0.142411
650,11-Jul-96,24:00:00,129.600006,0.209779,0,0,0,0,0.13809
651,12-Jul-96,24:00:00,129.600006,0.209371,0,0,0,0,0.133986
652,13-Jul-96,24:00:00,131.95,0.215163,0,0,0,0,0.130005
653,14-Jul-96,24:00:00,132.783336,0.21376,0,0,0,0,0.126075
654,15-Jul-96,24:00:00,132.016667,0.192633,0,0,0,0,0.122441
655,16-Jul-96,24:00:00,132.783336,0.187477,0,0,0,0,0.119154
656,17-Jul-96,24:00:00,132.016667,0.183683,0,0,0,0,0.11602
657,18-Jul-96,24:00:00,134.350009,0.185271,0,0,0,0,0.112993
658,19-Jul-96,24:00:00,139.099997,0.195421,0,0,0,0,0.109977
659,20-Jul-96,24:00:00,139.199997,0.200718,0,0,0,0,0.106886
660,21-Jul-96,24:00:00,139.983333,0.213741,0,0,0,0,0.103776
661,22-Jul-96,24:00:00,135.299997,0.1879,0,0,0,0,0.100819
662,23-Jul-96,24:00:00,135.199997,0.11927,0,0,0,0,0.098712
663,24-Jul-96,24:00:00,122.666668,0.211265,0,0,0,0,0.096369
664,25-Jul-96,24:00:00,129.450006,0.2044,0,0,0,0,0.09353
665,26-Jul-96,24:00:00,140.56667,0.129904,0,0,0,0,0.091314
666,27-Jul-96,24:00:00,144.71667,0.126387,0,0,0,0,0.089669
667,28-Jul-96,24:00:00,145.583339,0.216656,0,0,0,0,0.087493
668,29-Jul-96,24:00:00,145.600006,0.217209,0,0,0,0,0.084816
669,30-Jul-96,24:00:00,150.300009,0.228313,0,0,0,0,0.082194
670,31-Jul-96,24:00:00,144.133334,0.216269,0,0,0,0,0.079593
671,1-Aug-96,24:00:00,139.299997,0.207083,0,0,0,0,0.077231
672,2-Aug-96,24:00:00,137.633339,0.219913,0,0,0,0,0.074923
673,3-Aug-96,24:00:00,137.600006,0.190075,0,0,0,0,0.072693
674,4-Aug-96,24:00:00,136.81667,0.193903,0,0,0,0,0.070753
675,5-Aug-96,24:00:00,137.583339,0.185706,0,0,0,0,0.068867
676,6-Aug-96,24:00:00,135.249997,0.180303,0,0,0,0,0.067069
677,7-Aug-96,24:00:00,139.9,0.190543,0,0,0,0,0.065319
678,8-Aug-96,24:00:00,130.600009,0.192712,0,0,0,0,0.063547
679,9-Aug-96,24:00:00,128.05,0.199582,0,0,0,0,0.061797
680,10-Aug-96,24:00:00,128,0.212662,0,0,0,0,0.06
681,11-Aug-96,24:00:00,127.216671,0.216202,0,0,0,0,0.05821
682,12-Aug-96,24:00:00,127.200005,0.22712,0,0,0,0,0.056397
683,13-Aug-96,24:00:00,191.433336,0.198646,0,0,0,0,0.054694
684,14-Aug-96,24:00:00,263.300018,0.200144,0,0,0,0,0.053137
685,15-Aug-96,24:00:00,268.716685,0.174998,0,0,0,0,0.051731
686,16-Aug-96,24:00:00,197.516667,0.188274,0,0,0,0,0.050413
687,17-Aug-96,24:00:00,129.416667,0.194912,0,0,0,0,0.049084
688,18-Aug-96,24:00:00,127.216671,0.071147,0,0,0,0,0.048116
689,19-Aug-96,24:00:00,126.416668,0.149544,0,0,0,0,0.047368
690,20-Aug-96,24:00:00,126.400002,0.160635,0,0,0,0,0.04634
691,21-Aug-96,24:00:00,126.400002,0.110714,0,0,0,0,0.045436
692,22-Aug-96,24:00:00,126.400002,0.112335,0,0,0,0,0.04472
693,23-Aug-96,24:00:00,125.616665,0.186861,0,0,0,0,0.043773
694,24-Aug-96,24:00:00,124.81667,0.18563,0,0,0,0,0.042638
695,25-Aug-96,24:00:00,124.800003,0.137455,0,0,0,0,0.041644
696,26-Aug-96,24:00:00,124.800003,0.115137,0,0,0,0,0.040899
697,27-Aug-96,24:00:00,124.800003,0.152754,0,0,0,0,0.040119
698,28-Aug-96,24:00:00,124.800003,0.180778,0,0,0,0,0.039177
699,29-Aug-96,24:00:00,128.71667,0.192248,0,0,0,0,0.038154
700,30-Aug-96,24:00:00,128.016667,0.1938,0,0,0,0,0.037116
701,31-Aug-96,24:00:00,127.216671,0.170491,0,0,0,0,0.036151
702,1-Sep-96,24:00:00,127.200005,0.173799,0,0,0,0,0.035273
703,2-Sep-96,24:00:00,127.200005,0.162676,0,0,0,0,0.034441
704,3-Sep-96,24:00:00,127.200005,0.117142,0,0,0,0,0.033755
705,4-Sep-96,24:00:00,210.233333,0.148535,0,0,0,0,0.033113
706,5-Sep-96,24:00:00,268.400006,0.149799,0,0,0,0,0.032414
707,6-Sep-96,24:00:00,235.916664,0.137841,0,0,0,0,0.03175
708,7-Sep-96,24:00:00,246.949997,0.155593,0,0,0,0,0.031091
709,8-Sep-96,24:00:00,253.466673,0.16209,0,0,0,0,0.030395
710,9-Sep-96,24:00:00,257.516673,0.151396,0,0,0,0,0.029727
711,10-Sep-96,24:00:00,256.033333,0.163192,0,0,0,0,0.029067
712,11-Sep-96,24:00:00,255.216664,0.117032,0,0,0,0,0.028477
713,12-Sep-96,24:00:00,255.199997,0.122756,0,0,0,0,0.028
714,13-Sep-96,24:00:00,258.333327,0.094317,0,0,0,0,0.027566
715,14-Sep-96,24:00:00,260.750018,0.112214,0,0,0,0,0.027163
716,15-Sep-96,24:00:00,262.093215,0.113423,2.076548,0,0.085827,0,0.033895
717,16-Sep-96,24:00:00,260.043739,0.122217,0.043739,0,0,0,0.035155
718,17-Sep-96,24:00:00,261.566673,0.117675,0,0,0,0,0.034556
719,18-Sep-96,24:00:00,262.383327,0.130855,0,0,0,0,0.033944
720,19-Sep-96,24:00:00,262.399994,0.133503,0,0,0,0,0.033311
721,20-Sep-96,24:00:00,262.399994,0.152727,0,0,0,0,0.032644
722,21-Sep-96,24:00:00,256.916684,0.151655,0,0,0,0,0.031941
723,22-Sep-96,24:00:00,257.58334,0.123566,0,0,0,0,0.031312
724,23-Sep-96,24:00:00,260.733351,0.114428,0,0,0,0,0.030781
725,24-Sep-96,24:00:00,260.016667,0.108175,0,0,0,0,0.030299
726,25-Sep-96,24:00:00,259.216679,0.107003,0,0,0,0,0.02984
727,26-Sep-96,24:00:00,258.416661,0.116605,0,0,0,0,0.029362
728,27-Sep-96,24:00:00,259.183345,0.135472,0,0,0,0,0.02884
729,28-Sep-96,24:00:00,261.550006,0.130776,0,0,0,0,0.028294
730,29-Sep-96,24:00:00,262.383327,0.123566,0,0,0,0,0.027786
731,30-Sep-96,24:00:00,261.616673,0.104644,0,0,0,0,0.027333
732,1-Oct-96,24:00:00,323.679167,0.08531,0,0,0,0,0.026967
733,2-Oct-96,24:00:00,325,0.115137,0,0,0,0,0.026581
734,3-Oct-96,24:00:00,323.041667,0.11841,0,0,0,0,0.026144
735,4-Oct-96,24:00:00,323,0.114083,0,0,0,0,0.025711
736,5-Oct-96,24:00:00,322.020833,0.124165,0,0,0,0,0.025275
737,6-Oct-96,24:00:00,321.020833,0.117088,0,0,0,0,0.02484
738,7-Oct-96,24:00:00,320.020833,0.120787,0,0,0,0,0.024423
739,8-Oct-96,24:00:00,319.020833,0.141282,0,0,0,0,0.023979
740,9-Oct-96,24:00:00,318.020833,0.128905,0,0,0,0,0.023518
741,10-Oct-96,24:00:00,319.958333,0.094436,0,0,0,0,0.02314
742,11-Oct-96,24:00:00,322.9375,0.094773,0,0,0,0,0.022831
743,12-Oct-96,24:00:00,324.958333,0.082443,0,0,0,0,0.022543
744,13-Oct-96,24:00:00,328.916667,0.080782,0,0,0,0,0.022279
745,14-Oct-96,24:00:00,330.581641,0.103733,2.560807,0,0.11049,0,0.029159
746,15-Oct-96,24:00:00,327.189598,0.118904,0.168764,0,0,0,0.032979
747,16-Oct-96,24:00:00,324.0625,0.076538,0,0,0,0,0.032523
748,17-Oct-96,24:00:00,322.041667,0.080396,0,0,0,0,0.032165
749,18-Oct-96,24:00:00,331.536237,0.052429,5.61957,0,0.234917,0,0.049527
750,19-Oct-96,24:00:00,321.288025,0.065997,0.183859,0,0,0,0.055415
751,20-Oct-96,24:00:00,313.166667,0.074634,0,0,0,0,0.055037
752,21-Oct-96,24:00:00,174.9375,0.070585,0,0,0,0,0.054463
753,22-Oct-96,24:00:00,169.0625,0.068875,0,0,0,0,0.053932
754,23-Oct-96,24:00:00,169.979167,0.072508,0,0,0,0,0.053388
755,24-Oct-96,24:00:00,178.367578,0.02558,0.534245,0,0.022937,0,0.054583
756,25-Oct-96,24:00:00,170.199065,0.044108,0.032398,0,0,0,0.055396
757,26-Oct-96,24:00:00,174.895833,0.088037,0,0,0,0,0.055211
758,27-Oct-96,24:00:00,324.8125,0.072248,0,0,0,0,0.05467
759,28-Oct-96,24:00:00,327.020833,0.078007,0,0,0,0,0.054092
760,29-Oct-96,24:00:00,334.567706,0.040404,5.609373,0,0.275794,0,0.071948
761,30-Oct-96,24:00:00,332.162214,0.035521,1.203881,0,0,0,0.081354
762,31-Oct-96,24:00:00,224.270833,0.045432,0,0,0,0,0.081354
763,1-Nov-96,24:00:00,160.3125,0.061373,0,0,0,0,0.081125
764,2-Nov-96,24:00:00,162.916667,0.062065,0,0,0,0,0.080503
765,3-Nov-96,24:00:00,162.020833,0.025067,0,0,0,0,0.080012
766,4-Nov-96,24:00:00,154.166667,0.060469,0,0,0,0,0.079525
767,5-Nov-96,24:00:00,154,0.060347,0,0,0,0,0.078843
768,6-Nov-96,24:00:00,151.0625,0.056832,0,0,0,0,0.078178
769,7-Nov-96,24:00:00,158.833333,0.051971,0,0,0,0,0.077571
770,8-Nov-96,24:00:00,165.854167,0.059437,0,0,0,0,0.076961
771,9-Nov-96,24:00:00,166,0.052696,0,0,0,0,0.076337
772,10-Nov-96,24:00:00,163.0625,0.052547,0,0,0,0,0.07577
773,11-Nov-96,24:00:00,163,0.061646,0,0,0,0,0.075165
774,12-Nov-96,24:00:00,167.895833,0.036369,0,0,0,0,0.074638
775,13-Nov-96,24:00:00,168,0.059017,0,0,0,0,0.074137
776,14-Nov-96,24:00:00,168,0.051189,0,0,0,0,0.073552
777,15-Nov-96,24:00:00,166.041667,0.049126,0,0,0,0,0.073023
778,16-Nov-96,24:00:00,168.060541,0.019093,0.102208,0,0.18332,0,0.073493
779,17-Nov-96,24:00:00,183.383355,0.021087,17.341689,0,1.037681,0,0.131897
780,18-Nov-96,24:00:00,193.880387,0.016754,25.922053,0,0.582572,0,0.233849
781,19-Nov-96,24:00:00,721.06579,0.020089,555.024123,0,1.401635,0,0.338665
782,20-Nov-96,24:00:00,183.635379,0.028915,36.239546,0,0,0,0.393087
783,21-Nov-96,24:00:00,174.839182,0.023421,3.360015,0,0.175263,0,0.40014
784,22-Nov-96,24:00:00,234.930233,0.022991,8.0969,0,0.29469,0,0.434571
785,23-Nov-96,24:00:00,296.694555,0.018753,0.152888,0,0,0,0.440083
786,24-Nov-96,24:00:00,290.166667,0.024357,0,0,0,0,0.440083
787,25-Nov-96,24:00:00,294.895833,0.046958,0,0,0,0,0.439582
788,26-Nov-96,24:00:00,289.125,0.038601,0,0,0,0,0.436804
789,27-Nov-96,24:00:00,283.125,0.037935,0,0,0,0,0.43306
790,28-Nov-96,24:00:00,280.0625,0.065014,0,0,0,0,0.428209
791,29-Nov-96,24:00:00,277.0625,0.040927,0,0,0,0,0.422676
792,30-Nov-96,24:00:00,274.354154,0.020332,0.291654,0,0.304295,0,0.42127
793,1-Dec-96,24:00:00,312.541182,0.050572,7.207848,0,0,0,0.449111
794,2-Dec-96,24:00:00,303.080349,0.02889,0.017849,0,0,0,0.449111
795,3-Dec-96,24:00:00,286.354167,0.013002,0,0,0,0,0.449111
796,4-Dec-96,24:00:00,973.759387,0.010834,690.696887,0,1.506127,0,0.484397
797,5-Dec-96,24:00:00,2036.88,0.021947,1967.34,0,0.429586,0,0.633975
798,6-Dec-96,24:00:00,314.872873,0.026223,4.10204,0,0.074755,0,0.650002
799,7-Dec-96,24:00:00,336.545012,0.020585,8.795012,0,0.457823,0,0.671449
800,8-Dec-96,24:00:00,333.468671,0.021349,2.531171,0,0,0,0.69594
801,9-Dec-96,24:00:00,1488.14,0.020255,1157.14,1094.05,1.231592,1.190989,0.707152
802,10-Dec-96,24:00:00,2968.50,0.023979,2653.16,1472.01,0.564447,0.564447,0.70216
803,11-Dec-96,24:00:00,1168.47,0.014616,1035.60,916.767034,0.613305,0.613305,0.701675
804,12-Dec-96,24:00:00,833.724974,0.032894,706.683308,676.2181,0.044688,0.044688,0.7
805,13-Dec-96,24:00:00,691.364377,0.042292,438.051877,435.117763,0.075391,0.075391,0.70003
806,14-Dec-96,24:00:00,550.622873,0.035565,228.03954,228.025865,0,0,0.7
807,15-Dec-96,24:00:00,499.375921,0.033646,174.396754,174.396754,0,0,0.699538
808,16-Dec-96,24:00:00,473.303092,0.03057,146.344759,146.344759,0,0,0.697324
809,17-Dec-96,24:00:00,451.8736,0.027602,123.894434,123.894434,0,0,0.694413
810,18-Dec-96,24:00:00,429.652981,0.035822,104.590481,104.590481,0,0,0.691282
811,19-Dec-96,24:00:00,413.070096,0.032259,88.070096,88.070096,0,0,0.687906
812,20-Dec-96,24:00:00,453.604084,0.009946,129.583251,127.542816,0.445649,0.274928,0.688972
813,21-Dec-96,24:00:00,1562.14,0.010774,1238.14,1213.31,0.719956,0.743191,0.701141
814,22-Dec-96,24:00:00,1622.25,0.021144,1298.25,1280.20,0.706125,0.706125,0.700808
815,23-Dec-96,24:00:00,886.452414,0.016589,562.452414,561.127135,0,0,0.7
816,24-Dec-96,24:00:00,569.487213,0.034808,244.508047,244.508047,0,0,0.7
817,25-Dec-96,24:00:00,503.354539,0.023315,179.333706,179.333706,0,0,0.7
818,26-Dec-96,24:00:00,1657.63,0.009266,1333.63,921.486807,1.25009,1.105489,0.710784
819,27-Dec-96,24:00:00,1928.59,0.018733,1788.68,1679.55,0.420177,0.564778,0.701772
820,28-Dec-96,24:00:00,1205.17,0.022229,1018.25,1009.81,0.300917,0.300917,0.700052
821,29-Dec-96,24:00:00,1988.45,0.024095,1800.45,1191.40,0.930554,0.930554,0.706088
822,30-Dec-96,24:00:00,2247.03,0.014178,2121.70,1653.29,1.216961,1.025797,0.703808
823,31-Dec-96,24:00:00,5472.63,0.020794,5348.63,2395.52,1.242155,1.261557,0.715739
824,1-Jan-97,24:00:00,6845.67,0.012844,6832.31,2629.55,1.667507,1.43637,0.740331
825,2-Jan-97,24:00:00,2687.03,0.02133,2685.34,2341.58,0.240433,0.643331,0.707073
826,3-Jan-97,24:00:00,1217.38,0.046175,1131.18,1127.20,0.084068,0.084068,0.7
827,4-Jan-97,24:00:00,697.052874,0.01257,616.886208,616.789646,0,0,0.7
828,5-Jan-97,24:00:00,546.291255,0.042675,464.332921,464.332921,0,0,0.7
829,6-Jan-97,24:00:00,467.59601,0.031986,387.554343,387.554343,0,0,0.698987
830,7-Jan-97,24:00:00,409.60592,0.03506,327.647587,327.647587,0,0,0.696046
831,8-Jan-97,24:00:00,380.048437,0.033539,276.50677,276.50677,0,0,0.692626
832,9-Jan-97,24:00:00,374.022694,0.030421,232.814361,232.814361,0,0,0.689415
833,10-Jan-97,24:00:00,336.790974,0.033529,195.77014,195.77014,0,0,0.686244
834,11-Jan-97,24:00:00,404.411891,0.022439,164.516058,164.516058,0,0,0.683451
835,12-Jan-97,24:00:00,380.2116,0.022032,138.2116,138.2116,0,0,0.681228
836,13-Jan-97,24:00:00,441.327136,0.038841,116.09797,116.09797,0,0,0.678267
837,14-Jan-97,24:00:00,425.49609,0.054747,97.516923,97.516923,0,0,0.674142
838,15-Jan-97,24:00:00,406.970151,0.020567,81.907651,81.907651,0,0,0.669758
839,16-Jan-97,24:00:00,393.796156,0.022025,68.796156,68.796156,0,0,0.667637
840,17-Jan-97,24:00:00,385.720726,0.023642,57.783226,57.783226,0,0,0.665249
841,18-Jan-97,24:00:00,376.53315,0.027121,48.53315,48.53315,0,0,0.662799
842,19-Jan-97,24:00:00,370.722143,0.023318,40.76381,40.76381,0,0,0.66035
843,20-Jan-97,24:00:00,381.265257,0.011494,50.286091,42.71846,0.48077,0.071245,0.677651
844,21-Jan-97,24:00:00,1128.86,0.011178,798.834964,781.475927,0.65069,0.65069,0.7001
845,22-Jan-97,24:00:00,2911.51,0.010481,2581.51,1443.97,1.040291,1.040291,0.707936
846,23-Jan-97,24:00:00,1200.81,0.0257,870.807991,764.439999,0,0,0.7
847,24-Jan-97,24:00:00,1087.30,0.015358,756.320595,486.409433,0.742229,0.566602,0.703055
848,25-Jan-97,24:00:00,4961.93,0.020611,4805.22,2067.30,1.652422,1.467629,0.729166
849,26-Jan-97,24:00:00,2875.62,0.031343,2722.62,2096.34,0.265687,0.626108,0.710424
850,27-Jan-97,24:00:00,909.11775,0.024456,761.013584,760.576924,0.164373,0.164373,0.700079
851,28-Jan-97,24:00:00,923.471565,0.013413,775.471565,768.381532,0.14169,0.14169,0.7
852,29-Jan-97,24:00:00,561.79278,0.036035,413.79278,413.649239,0,0,0.7
853,30-Jan-97,24:00:00,620.392234,0.027633,297.121401,297.121401,0,0,0.7
854,31-Jan-97,24:00:00,573.597678,0.015919,245.618511,245.618511,0,0,0.7
855,1-Feb-97,24:00:00,535.32598,0.039713,207.32598,207.32598,0,0,0.7
856,2-Feb-97,24:00:00,502.931781,0.041361,174.931781,174.931781,0,0,0.699977
857,3-Feb-97,24:00:00,483.049257,0.031433,156.028423,155.941704,0.157042,0.124876,0.698701
858,4-Feb-97,24:00:00,621.377141,0.035392,293.397974,289.614745,0,0,0.7
859,5-Feb-97,24:00:00,467.559587,0.05259,139.559587,139.549951,0,0,0.7
860,6-Feb-97,24:00:00,432.440662,0.039549,102.482328,102.482328,0,0,0.698749
861,7-Feb-97,24:00:00,265.78815,0.021669,84.621483,84.621483,0,0,0.696383
862,8-Feb-97,24:00:00,248.211449,0.057481,71.190616,71.190616,0,0,0.692245
863,9-Feb-97,24:00:00,231.068415,0.016394,59.943415,59.943415,0,0,0.688523
864,10-Feb-97,24:00:00,222.398962,0.052141,50.419795,50.419795,0,0,0.685169
865,11-Feb-97,24:00:00,216.336196,0.052448,42.377862,42.377862,0,0,0.680013
866,12-Feb-97,24:00:00,209.605154,0.062224,35.605154,35.605154,0,0,0.674367
867,13-Feb-97,24:00:00,203.909578,0.07006,29.909578,29.909578,0,0,0.667685
868,14-Feb-97,24:00:00,197.164776,0.058342,25.123109,25.123109,0,0,0.66112
869,15-Feb-97,24:00:00,193.101887,0.047451,21.101887,21.101887,0,0,0.65582
870,16-Feb-97,24:00:00,191.683189,0.066686,17.724856,17.724031,0.006065,0,0.650335
871,17-Feb-97,24:00:00,191.427966,0.07233,16.4488,14.886782,0.057618,0,0.652895
872,18-Feb-97,24:00:00,186.534923,0.069603,12.514089,12.503683,0,0,0.651405
873,19-Feb-97,24:00:00,188.418726,0.04827,10.502059,10.502059,0,0,0.648939
874,20-Feb-97,24:00:00,185.841688,0.065594,8.820855,8.820855,0,0,0.647512
875,21-Feb-97,24:00:00,181.471283,0.058963,7.408783,7.408783,0,0,0.642797
876,22-Feb-97,24:00:00,177.285258,0.07818,6.222758,6.222758,0,0,0.635854
877,23-Feb-97,24:00:00,177.205763,0.103994,5.226596,5.226596,0,0,0.626907
878,24-Feb-97,24:00:00,176.389903,0.088534,4.389903,4.389903,0,0,0.617217
879,25-Feb-97,24:00:00,174.707984,0.103409,3.687151,3.687151,0,0,0.608413
880,26-Feb-97,24:00:00,177.034398,0.091766,3.096898,3.096898,0,0,0.598084
881,27-Feb-97,24:00:00,174.642802,0.056593,2.601135,2.601135,0,0,0.590547
882,28-Feb-97,24:00:00,173.205569,0.084402,2.184736,2.184736,0,0,0.583153
883,1-Mar-97,24:00:00,172.848047,0.055729,1.848047,1.834995,0.073549,0,0.576399
884,2-Mar-97,24:00:00,246.245951,0.063434,72.308451,1.541244,0.502862,0,0.626502
885,3-Mar-97,24:00:00,170.016469,0.057192,1.891469,1.294519,0,0,0.630399
886,4-Mar-97,24:00:00,172.024789,0.068193,1.087289,1.087289,0,0,0.625931
887,5-Mar-97,24:00:00,171.913232,0.049662,0.913232,0.913232,0,0,0.619877
888,6-Mar-97,24:00:00,169.808705,0.085683,0.767038,0.767038,0,0,0.613317
889,7-Mar-97,24:00:00,171.602581,0.094664,0.644248,0.644248,0,0,0.604232
890,8-Mar-97,24:00:00,171.541115,0.094102,0.541115,0.541115,0,0,0.594842
891,9-Mar-97,24:00:00,172.433658,0.100848,0.454491,0.454491,0,0,0.585118
892,10-Mar-97,24:00:00,171.402568,0.107759,0.381734,0.381734,0,0,0.574749
893,11-Mar-97,24:00:00,171.320625,0.096917,0.320625,0.320625,0,0,0.564584
894,12-Mar-97,24:00:00,171.269298,0.08539,0.269298,0.269298,0,0,0.555245
895,13-Mar-97,24:00:00,171.226188,0.094227,0.226188,0.226188,0,0,0.546393
896,14-Mar-97,24:00:00,154.544145,0.101995,0.189979,0.189979,0,0,0.536593
897,15-Mar-97,24:00:00,157.097066,0.0735,0.159566,0.159566,0,0,0.527856
898,16-Mar-97,24:00:00,567.564894,0.021836,404.689894,0.134022,1.684063,0,0.612313
899,17-Mar-97,24:00:00,308.955445,0.080936,135.184612,0.112568,0,0,0.69228
900,18-Mar-97,24:00:00,174.094548,0.088651,0.094548,0.094548,0,0,0.689201
901,19-Mar-97,24:00:00,172.121079,0.085535,0.079412,0.079412,0,0,0.681253
902,20-Mar-97,24:00:00,171.087533,0.079145,0.0667,0.0667,0,0,0.672884
903,21-Mar-97,24:00:00,172.035189,0.102319,0.056022,0.056022,0,0,0.663808
904,22-Mar-97,24:00:00,153.442887,0.118099,0.047054,0.047054,0,0,0.652868
905,23-Mar-97,24:00:00,156.956188,0.122536,0.039521,0.039521,0,0,0.640872
906,24-Mar-97,24:00:00,156.054028,0.110351,0.033195,0.033195,0,0,0.628999
907,25-Mar-97,24:00:00,154.069547,0.130853,0.027881,0.027881,0,0,0.617184
908,26-Mar-97,24:00:00,154.023417,0.124098,0.023417,0.023417,0,0,0.604461
909,27-Mar-97,24:00:00,154.019669,0.12025,0.019669,0.019669,0,0,0.592253
910,28-Mar-97,24:00:00,130.51652,0.128781,0.01652,0.01652,0,0,0.579784
911,29-Mar-97,24:00:00,153.513875,0.120815,0.013875,0.013875,0,0,0.567272
912,30-Mar-97,24:00:00,151.074154,0.043517,0.011654,0.011654,0,0,0.558761
913,31-Mar-97,24:00:00,155.905622,0.094722,0.009789,0.009789,0,0,0.551995
914,1-Apr-97,24:00:00,156.008222,0.116323,0.008222,0.008222,0,0,0.541566
915,2-Apr-97,24:00:00,150.131905,0.135862,0.006905,0.006905,0,0,0.528975
916,3-Apr-97,24:00:00,155.8808,0.143324,0.0058,0.0058,0,0,0.515178
917,4-Apr-97,24:00:00,126.629872,0.1333,0.004872,0.004872,0,0,0.501066
918,5-Apr-97,24:00:00,124.045758,0.123156,0.004092,0.004092,0,0,0.488432
919,6-Apr-97,24:00:00,123.02427,0.06894,0.003437,0.003437,0,0,0.478587
920,7-Apr-97,24:00:00,126.919553,0.122516,0.002887,0.002887,0,0,0.469053
921,8-Apr-97,24:00:00,127.002424,0.129776,0.002424,0.002424,0,0,0.456714
922,9-Apr-97,24:00:00,126.02287,0.123045,0.002036,0.002036,0,0,0.443497
923,10-Apr-97,24:00:00,124.043377,0.131428,0.00171,0.00171,0,0,0.431205
924,11-Apr-97,24:00:00,125.95977,0.138938,0.001437,0.001437,0,0,0.417997
925,12-Apr-97,24:00:00,126.980373,0.084037,0.001207,0.001207,0,0,0.407183
926,13-Apr-97,24:00:00,126.021847,0.116316,0.001013,0.001013,0,0,0.39848
927,14-Apr-97,24:00:00,126.980018,0.131782,0.000851,0.000851,0,0,0.388233
928,15-Apr-97,24:00:00,128.959048,0.156497,0.000715,0.000715,0,0,0.377786
929,16-Apr-97,24:00:00,107.458934,0.138527,0.0006,0.0006,0,0,0.367869
930,17-Apr-97,24:00:00,117.771338,0.102786,0.000504,0.000504,0,0,0.36049
931,18-Apr-97,24:00:00,100.245727,0.038555,8.683227,0.000424,0.564233,0,0.375581
932,19-Apr-97,24:00:00,100.173129,0.039671,5.256462,0.000356,0,0,0.413374
933,20-Apr-97,24:00:00,92.062799,0.065701,0.000299,0.000299,0,0,0.413374
934,21-Apr-97,24:00:00,93.958584,0.058151,0.000251,0.000251,0,0,0.413374
935,22-Apr-97,24:00:00,97.122717,0.063616,2.14355,0.000211,0.14205,0,0.417609
936,23-Apr-97,24:00:00,98.324399,0.125213,1.366065,0.000177,0,0,0.426502
937,24-Apr-97,24:00:00,151.833482,0.13655,0.000149,0.000149,0,0,0.417932
938,25-Apr-97,24:00:00,141.250125,0.150694,0.000125,0.000125,0,0,0.404521
939,26-Apr-97,24:00:00,139.041772,0.153279,0.000105,0.000105,0,0,0.391669
940,27-Apr-97,24:00:00,118.437588,0.147804,0.000088,0.000088,0,0,0.379987
941,28-Apr-97,24:00:00,89.604241,0.091056,0.000074,0.000074,0,0,0.371905
942,29-Apr-97,24:00:00,90.958396,0.135803,0.000062,0.000062,0,0,0.364846
943,30-Apr-97,24:00:00,91.000052,0.098493,0.000052,0.000052,0,0,0.358006
944,1-May-97,24:00:00,89.041711,0.136703,0.000044,0.000044,0,0,0.351609
945,2-May-97,24:00:00,89.000037,0.140154,0.000037,0.000037,0,0,0.344665
946,3-May-97,24:00:00,90.958364,0.143401,0.000031,0.000031,0,0,0.337907
947,4-May-97,24:00:00,91.000026,0.148667,0.000026,0.000026,0,0,0.330721
948,5-May-97,24:00:00,91.000022,0.159509,0.000022,0.000022,0,0,0.323544
949,6-May-97,24:00:00,100.791685,0.140297,0.000018,0.000018,0,0,0.316718
950,7-May-97,24:00:00,97.083349,0.177079,0.000015,0.000015,0,0,0.30966
951,8-May-97,24:00:00,97.97918,0.175773,0.000013,0.000013,0,0,0.301945
952,9-May-97,24:00:00,99.958344,0.179381,0.000011,0.000011,0,0,0.29436
953,10-May-97,24:00:00,100.000009,0.17183,0.000009,0.000009,0,0,0.287058
954,11-May-97,24:00:00,100.000008,0.179533,0.000008,0.000008,0,0,0.279967
955,12-May-97,24:00:00,100.000006,0.18066,0.000006,0.000006,0,0,0.272841
956,13-May-97,24:00:00,100.000005,0.179553,0.000005,0.000005,0,0,0.265901
957,14-May-97,24:00:00,98.041671,0.180404,0.000005,0.000005,0,0,0.259185
958,15-May-97,24:00:00,128.35417,0.174703,0.000004,0.000004,0,0,0.252602
959,16-May-97,24:00:00,131.937503,0.1851,0.000003,0.000003,0,0,0.246176
960,17-May-97,24:00:00,140.812503,0.214388,0.000003,0.000003,0,0,0.239314
961,18-May-97,24:00:00,141.000002,0.242718,0.000002,0.000002,0,0,0.231714
962,19-May-97,24:00:00,133.166669,0.217823,0.000002,0.000002,0,0,0.224131
963,20-May-97,24:00:00,133.000002,0.16881,0.000002,0.000002,0,0,0.217986
964,21-May-97,24:00:00,133.000001,0.18452,0.000001,0.000001,0,0,0.212519
965,22-May-97,24:00:00,135.937501,0.127174,0.000001,0.000001,0,0,0.207892
966,23-May-97,24:00:00,141.542424,0.103684,6.521591,0.000001,0.271892,0,0.226596
967,24-May-97,24:00:00,132.257788,0.163681,0.195288,0.000001,0,0,0.230376
968,25-May-97,24:00:00,132.000001,0.158312,0.000001,0.000001,0,0,0.225237
969,26-May-97,24:00:00,128.686612,0.073622,2.561612,0.000001,0.182211,0,0.226978
970,27-May-97,24:00:00,134.793935,0.154628,1.939768,0,0,0,0.238822
971,28-May-97,24:00:00,135.9375,0.138141,0,0,0,0,0.235277
972,29-May-97,24:00:00,135.020834,0.189448,0,0,0,0,0.229991
973,30-May-97,24:00:00,132.0625,0.193229,0,0,0,0,0.223655
974,31-May-97,24:00:00,134.9375,0.125688,0,0,0,0,0.218477
975,1-Jun-97,24:00:00,108.5625,0.164151,0,0,0,0,0.214198
976,2-Jun-97,24:00:00,108,0.143356,0,0,0,0,0.209487
977,3-Jun-97,24:00:00,107.254921,0.046179,5.521589,0,0.447285,0,0.218224
978,4-Jun-97,24:00:00,107.128224,0.142182,5.528226,0,0,0,0.250453
979,5-Jun-97,24:00:00,107.866667,0.157513,0,0,0,0,0.246793
980,6-Jun-97,24:00:00,106.433335,0.197692,0,0,0,0,0.24066
981,7-Jun-97,24:00:00,101.699999,0.189059,0,0,0,0,0.234023
982,8-Jun-97,24:00:00,103.95,0.172813,0,0,0,0,0.228038
983,9-Jun-97,24:00:00,108.700003,0.152618,0,0,0,0,0.222681
984,10-Jun-97,24:00:00,108.800003,0.166641,0,0,0,0,0.217831
985,11-Jun-97,24:00:00,108.800003,0.172841,0,0,0,0,0.212525
986,12-Jun-97,24:00:00,106.450002,0.172773,0,0,0,0,0.207418
987,13-Jun-97,24:00:00,103.266671,0.17969,0,0,0,0,0.202165
988,14-Jun-97,24:00:00,101.633332,0.209881,0,0,0,0,0.196662
989,15-Jun-97,24:00:00,106.300001,0.156495,0,0,0,0,0.191614
990,16-Jun-97,24:00:00,108.750003,0.206671,0,0,0,0,0.186666
991,17-Jun-97,24:00:00,104.1,0.202976,0,0,0,0,0.181302
992,18-Jun-97,24:00:00,104,0.208131,0,0,0,0,0.176045
993,19-Jun-97,24:00:00,107.916667,0.23571,0,0,0,0,0.170636
994,20-Jun-97,24:00:00,106.433335,0.209777,0,0,0,0,0.165248
995,21-Jun-97,24:00:00,106.400002,0.193829,0,0,0,0,0.16048
996,22-Jun-97,24:00:00,104.05,0.18814,0,0,0,0,0.15616
997,23-Jun-97,24:00:00,104,0.189543,0,0,0,0,0.151972
998,24-Jun-97,24:00:00,104,0.212471,0,0,0,0,0.147715
999,25-Jun-97,24:00:00,103.216671,0.216625,0,0,0,0,0.143239
1000,26-Jun-97,24:00:00,101.633332,0.187652,0,0,0,0,0.139177
1001,27-Jun-97,24:00:00,101.599998,0.160331,0,0,0,0,0.135702
1002,28-Jun-97,24:00:00,101.599998,0.163723,0,0,0,0,0.13262
1003,29-Jun-97,24:00:00,105.516665,0.154418,0,0,0,0,0.129573
1004,30-Jun-97,24:00:00,103.250004,0.115537,0,0,0,0,0.127127
1005,1-Jul-97,24:00:00,101.633332,0.177902,0,0,0,0,0.124493
1006,2-Jul-97,24:00:00,101.599998,0.197061,0,0,0,0,0.121229
1007,3-Jul-97,24:00:00,103.166671,0.21583,0,0,0,0,0.117715
1008,4-Jul-97,24:00:00,100.850003,0.213456,0,0,0,0,0.11415
1009,5-Jul-97,24:00:00,108.633336,0.220129,0,0,0,0,0.110693
1010,6-Jul-97,24:00:00,105.666665,0.211964,0,0,0,0,0.1073
1011,7-Jul-97,24:00:00,107.95,0.22118,0,0,0,0,0.104059
1012,8-Jul-97,24:00:00,106.433335,0.227868,0,0,0,0,0.100815
1013,9-Jul-97,24:00:00,106.400002,0.215027,0,0,0,0,0.097517
1014,10-Jul-97,24:00:00,103.266671,0.190898,0,0,0,0,0.094774
1015,11-Jul-97,24:00:00,110.250002,0.207674,0,0,0,0,0.092166
1016,12-Jul-97,24:00:00,104.133333,0.220445,0,0,0,0,0.089385
1017,13-Jul-97,24:00:00,104,0.225569,0,0,0,0,0.086604
1018,14-Jul-97,24:00:00,103.216671,0.220334,0,0,0,0,0.083857
1019,15-Jul-97,24:00:00,103.983333,0.21142,0,0,0,0,0.081279
1020,16-Jul-97,24:00:00,103.216671,0.208577,0,0,0,0,0.078921
1021,17-Jul-97,24:00:00,103.200005,0.204961,0,0,0,0,0.076603
1022,18-Jul-97,24:00:00,100.850003,0.212328,0,0,0,0,0.074359
1023,19-Jul-97,24:00:00,103.150005,0.232209,0,0,0,0,0.07203
1024,20-Jul-97,24:00:00,100.850003,0.218609,0,0,0,0,0.069729
1025,21-Jul-97,24:00:00,100.800003,0.214784,0,0,0,0,0.067612
1026,22-Jul-97,24:00:00,103.933333,0.216812,0,0,0,0,0.065565
1027,23-Jul-97,24:00:00,104,0.213107,0,0,0,0,0.063589
1028,24-Jul-97,24:00:00,104,0.208381,0,0,0,0,0.061686
1029,25-Jul-97,24:00:00,99.300004,0.217653,0,0,0,0,0.059837
1030,26-Jul-97,24:00:00,100.76667,0.218329,0,0,0,0,0.058007
1031,27-Jul-97,24:00:00,101.583332,0.182361,0,0,0,0,0.056363
1032,28-Jul-97,24:00:00,103.95,0.205932,0,0,0,0,0.054815
1033,29-Jul-97,24:00:00,105.566665,0.190471,0,0,0,0,0.053283
1034,30-Jul-97,24:00:00,104.033333,0.184355,0,0,0,0,0.051862
1035,31-Jul-97,24:00:00,119.666667,0.19116,0,0,0,0,0.050487
1036,1-Aug-97,24:00:00,123.133338,0.181306,0,0,0,0,0.049445
1037,2-Aug-97,24:00:00,123.200005,0.195098,0,0,0,0,0.04831
1038,3-Aug-97,24:00:00,123.200005,0.210945,0,0,0,0,0.046945
1039,4-Aug-97,24:00:00,120.850003,0.21251,0,0,0,0,0.045539
1040,5-Aug-97,24:00:00,122.366668,0.220723,0,0,0,0,0.044149
1041,6-Aug-97,24:00:00,120.833336,0.219659,0,0,0,0,0.042767
1042,7-Aug-97,24:00:00,120.800003,0.226071,0,0,0,0,0.041435
1043,8-Aug-97,24:00:00,120.800003,0.224903,0,0,0,0,0.040133
1044,9-Aug-97,24:00:00,122.366668,0.141142,0,0,0,0,0.039066
1045,10-Aug-97,24:00:00,122.400002,0.134052,0,0,0,0,0.038312
1046,11-Aug-97,24:00:00,122.400002,0.169008,0,0,0,0,0.037479
1047,12-Aug-97,24:00:00,120.833336,0.188422,0,0,0,0,0.036547
1048,13-Aug-97,24:00:00,122.366668,0.170496,0,0,0,0,0.035602
1049,14-Aug-97,24:00:00,123.183338,0.175453,0,0,0,0,0.034746
1050,15-Aug-97,24:00:00,123.200005,0.190017,0,0,0,0,0.033853
1051,16-Aug-97,24:00:00,124.76667,0.143288,0,0,0,0,0.033058
1052,17-Aug-97,24:00:00,123.233338,0.132597,0,0,0,0,0.032416
1053,18-Aug-97,24:00:00,123.200005,0.156601,0,0,0,0,0.031761
1054,19-Aug-97,24:00:00,122.417399,0.124265,0.000731,0,0.005373,0,0.031094
1055,20-Aug-97,24:00:00,138.844801,0.096603,15.661463,0,0.636288,0,0.088778
1056,21-Aug-97,24:00:00,127.306157,0.161181,0.189486,0,0,0,0.094035
1057,22-Aug-97,24:00:00,123.283338,0.169015,0,0,0,0,0.091856
1058,23-Aug-97,24:00:00,123.200005,0.146981,0,0,0,0,0.089777
1059,24-Aug-97,24:00:00,123.200005,0.153727,0,0,0,0,0.087859
1060,25-Aug-97,24:00:00,123.200005,0.155005,0,0,0,0,0.085968
1061,26-Aug-97,24:00:00,123.200005,0.126184,0,0,0,0,0.084245
1062,27-Aug-97,24:00:00,123.200005,0.160179,0,0,0,0,0.082561
1063,28-Aug-97,24:00:00,123.200005,0.160487,0,0,0,0,0.080676
1064,29-Aug-97,24:00:00,122.416668,0.154944,0,0,0,0,0.07887
1065,30-Aug-97,24:00:00,123.183338,0.155704,0,0,0,0,0.077151
1066,31-Aug-97,24:00:00,123.200005,0.156891,0,0,0,0,0.075451
1067,1-Sep-97,24:00:00,122.416668,0.144659,0,0,0,0,0.07386
1068,2-Sep-97,24:00:00,123.183338,0.167771,0,0,0,0,0.072212
1069,3-Sep-97,24:00:00,123.200005,0.163742,0,0,0,0,0.070497
1070,4-Sep-97,24:00:00,141.216673,0.172892,0,0,0,0,0.068839
1071,5-Sep-97,24:00:00,148.650003,0.165152,0,0,0,0,0.067187
1072,6-Sep-97,24:00:00,146.450009,0.158326,0,0,0,0,0.065649
1073,7-Sep-97,24:00:00,140.133334,0.157254,0,0,0,0,0.064195
1074,8-Sep-97,24:00:00,139.216664,0.155875,0,0,0,0,0.062773
1075,9-Sep-97,24:00:00,139.983333,0.139052,0,0,0,0,0.061797
1076,10-Sep-97,24:00:00,139.216664,0.104759,0,0,0,0,0.060967
1077,11-Sep-97,24:00:00,150.166676,0.146196,0,0,0,0,0.059887
1078,12-Sep-97,24:00:00,141.78334,0.145417,0,0,0,0,0.058643
1079,13-Sep-97,24:00:00,141.600006,0.140691,0,0,0,0,0.057448
1080,14-Sep-97,24:00:00,149.471054,0.033289,7.871048,0,0.35766,0,0.076501
1081,15-Sep-97,24:00:00,151.18133,0.101443,0.964654,0,0,0,0.092558
1082,16-Sep-97,24:00:00,150.400009,0.135965,0,0,0,0,0.091834
1083,17-Sep-97,24:00:00,148.833337,0.078078,0,0,0,0,0.090573
1084,18-Sep-97,24:00:00,148.800003,0.122838,0,0,0,0,0.089296
1085,19-Sep-97,24:00:00,148.800003,0.14024,0,0,0,0,0.087647
1086,20-Sep-97,24:00:00,150.366676,0.142953,0,0,0,0,0.085895
1087,21-Sep-97,24:00:00,145.700006,0.149335,0,0,0,0,0.084137
1088,22-Sep-97,24:00:00,139.33333,0.14754,0,0,0,0,0.082366
1089,23-Sep-97,24:00:00,139.983333,0.152532,0,0,0,0,0.080622
1090,24-Sep-97,24:00:00,136.86667,0.155302,0,0,0,0,0.078865
1091,25-Sep-97,24:00:00,139.933333,0.139954,0,0,0,0,0.077206
1092,26-Sep-97,24:00:00,132.950003,0.12992,0,0,0,0,0.075734
1093,27-Sep-97,24:00:00,132.800003,0.130192,0,0,0,0,0.074321
1094,28-Sep-97,24:00:00,132.800003,0.130364,0,0,0,0,0.072937
1095,29-Sep-97,24:00:00,132.800003,0.170481,0,0,0,0,0.071491
1096,30-Sep-97,24:00:00,132.800003,0.149161,0,0,0,0,0.069848
1097,1-Oct-97,24:00:00,239.758203,0.086235,0.033203,0,0.007282,0,0.068695
1098,2-Oct-97,24:00:00,249.000859,0.071202,0.146692,0,0,0,0.068923
1099,3-Oct-97,24:00:00,258.791667,0.10968,0,0,0,0,0.06858
1100,4-Oct-97,24:00:00,251.166667,0.123617,0,0,0,0,0.067529
1101,5-Oct-97,24:00:00,253.9375,0.098362,0,0,0,0,0.066473
1102,6-Oct-97,24:00:00,249.104167,0.081754,0,0,0,0,0.065651
1103,7-Oct-97,24:00:00,243.125,0.10693,0,0,0,0,0.064757
1104,8-Oct-97,24:00:00,278.431837,0.01766,17.806837,0,1.263755,0,0.101526
1105,9-Oct-97,24:00:00,294.411889,0.036915,17.745223,0,0.22117,0,0.200164
1106,10-Oct-97,24:00:00,261.485922,0.065488,1.131755,0,0,0,0.212708
1107,11-Oct-97,24:00:00,251.1875,0.092971,0,0,0,0,0.21193
1108,12-Oct-97,24:00:00,259.8125,0.083972,0,0,0,0,0.209635
1109,13-Oct-97,24:00:00,259.020833,0.087644,0,0,0,0,0.207078
1110,14-Oct-97,24:00:00,257.041667,0.08745,0,0,0,0,0.204481
1111,15-Oct-97,24:00:00,258.958333,0.09665,0,0,0,0,0.201832
1112,16-Oct-97,24:00:00,254.104167,0.096651,0,0,0,0,0.199072
1113,17-Oct-97,24:00:00,254,0.084351,0,0,0,0,0.196486
1114,18-Oct-97,24:00:00,261.833333,0.09149,0,0,0,0,0.194065
1115,19-Oct-97,24:00:00,28.958333,0.084882,0,0,0,0,0.191637
1116,20-Oct-97,24:00:00,23.020833,0.081308,0,0,0,0,0.18935
1117,21-Oct-97,24:00:00,23,0.0951,0,0,0,0,0.18704
1118,22-Oct-97,24:00:00,17.125,0.080369,0,0,0,0,0.184659
1119,23-Oct-97,24:00:00,20.916667,0.083804,0,0,0,0,0.182522
1120,24-Oct-97,24:00:00,18.0625,0.086069,0,0,0,0,0.180378
1121,25-Oct-97,24:00:00,18,0.073905,0,0,0,0,0.178228
1122,26-Oct-97,24:00:00,18,0.08483,0,0,0,0,0.176295
1123,27-Oct-97,24:00:00,18,0.078288,0,0,0,0,0.174206
1124,28-Oct-97,24:00:00,18,0.071755,0,0,0,0,0.172381
1125,29-Oct-97,24:00:00,37.583333,0.028256,0,0,0,0,0.171099
1126,30-Oct-97,24:00:00,40.9375,0.037137,0,0,0,0,0.170315
1127,31-Oct-97,24:00:00,52.75,0.055365,0,0,0,0,0.169196
1128,1-Nov-97,24:00:00,288,0.074642,0,0,0,0,0.167604
1129,2-Nov-97,24:00:00,295.9375,0.069876,0,0,0,0,0.165881
1130,3-Nov-97,24:00:00,293.0625,0.056201,0,0,0,0,0.164411
1131,4-Nov-97,24:00:00,295.9375,0.060839,0,0,0,0,0.163027
1132,5-Nov-97,24:00:00,292.083333,0.076773,0,0,0,0,0.161529
1133,6-Nov-97,24:00:00,292,0.018811,0,0,0,0,0.160732
1134,7-Nov-97,24:00:00,297.875,0.052156,0,0,0,0,0.160671
1135,8-Nov-97,24:00:00,302.895833,0.03507,0,0,0,0,0.160175
1136,9-Nov-97,24:00:00,304.63279,0.052098,0.653623,0,0.030996,0,0.161149
1137,10-Nov-97,24:00:00,301.174605,0.028631,0.112105,0,0,0,0.162709
1138,11-Nov-97,24:00:00,301,0.035397,0,0,0,0,0.162709
1139,12-Nov-97,24:00:00,306.401378,0.037222,10.297211,0,0.462056,0,0.194675
1140,13-Nov-97,24:00:00,310.184976,0.042758,6.351642,0,0.317651,0,0.222303
1141,14-Nov-97,24:00:00,328.866024,0.04279,24.866024,0,0.955806,0,0.310935
1142,15-Nov-97,24:00:00,203.034227,0.024005,3.805061,0,0.179199,0,0.343803
1143,16-Nov-97,24:00:00,219.280258,0.018981,12.488591,0,0.488056,0,0.379352
1144,17-Nov-97,24:00:00,239.883176,0.02251,1.549842,0,0,0,0.402986
1145,18-Nov-97,24:00:00,187.283227,0.028819,0.17906,0,0.071172,0,0.403733
1146,19-Nov-97,24:00:00,300.747114,0.026081,8.017947,0,0.271862,0,0.429221
1147,20-Nov-97,24:00:00,329.345986,0.033246,5.950152,0,0.444401,0,0.451537
1148,21-Nov-97,24:00:00,303.84565,0.018817,5.303984,0,0.008104,0,0.481746
1149,22-Nov-97,24:00:00,322.46051,0.024498,13.689676,0,0.643598,0,0.520612
1150,23-Nov-97,24:00:00,327.078479,0.042053,2.411813,0,0,0,0.546899
1151,24-Nov-97,24:00:00,461.031101,0.015848,134.072767,0,0.414336,0,0.554165
1152,25-Nov-97,24:00:00,506.762893,0.039273,179.762893,0,0.071737,0,0.588594
1153,26-Nov-97,24:00:00,343.227649,0.015746,18.185983,0,0.707419,0,0.647592
1154,27-Nov-97,24:00:00,327.995485,0.029899,1.037152,0,0,0,0.666249
1155,28-Nov-97,24:00:00,298.604167,0.029884,0,0,0,0,0.666249
1156,29-Nov-97,24:00:00,322.628638,0.015343,30.503638,25.522223,0.416003,0.078491,0.675102
1157,30-Nov-97,24:00:00,414.286803,0.034653,92.911803,87.616558,0,0,0.7
1158,1-Dec-97,24:00:00,344.331225,0.036477,19.393725,19.39337,0,0,0.7
1159,2-Dec-97,24:00:00,295.837882,0.024094,9.025382,9.025382,0,0,0.7
1160,3-Dec-97,24:00:00,366.330316,0.028888,96.97615,94.686208,0.126645,0.116191,0.699817
1161,4-Dec-97,24:00:00,367.272908,0.071188,96.314575,95.475856,0,0,0.7
1162,5-Dec-97,24:00:00,301.675223,0.045119,27.737723,27.737723,0,0,0.7
1163,6-Dec-97,24:00:00,770.89412,0.041828,492.977453,427.773319,0.523509,0.523509,0.701502
1164,7-Dec-97,24:00:00,1392.23,0.02127,1117.17,1094.73,0.601912,0.601912,0.700303
1165,8-Dec-97,24:00:00,719.059761,0.017052,398.038928,397.207121,0,0,0.7
1166,9-Dec-97,24:00:00,483.070595,0.030367,155.195595,155.195595,0,0,0.7
1167,10-Dec-97,24:00:00,409.972422,0.032487,110.368255,110.368255,0,0,0.7
1168,11-Dec-97,24:00:00,365.437743,0.033334,92.875243,92.875243,0,0,0.698968
1169,12-Dec-97,24:00:00,354.037671,0.020882,125.121004,123.999196,0.162048,0.119554,0.697696
1170,13-Dec-97,24:00:00,990.514391,0.054915,771.326891,757.426053,0.458446,0.458446,0.700324
1171,14-Dec-97,24:00:00,585.206452,0.01863,363.268952,361.211051,0.075329,0.075329,0.7
1172,15-Dec-97,24:00:00,530.830862,0.016432,205.039195,203.959186,0.04957,0.04957,0.7
1173,16-Dec-97,24:00:00,458.904663,0.015152,140.69633,140.44256,0,0,0.7
1174,17-Dec-97,24:00:00,390.731292,0.013466,95.252125,95.252125,0,0,0.7
1175,18-Dec-97,24:00:00,405.348226,0.04974,78.035726,78.035726,0,0,0.7
1176,19-Dec-97,24:00:00,384.075367,0.03488,65.867034,65.867034,0,0,0.699446
1177,20-Dec-97,24:00:00,348.154932,0.026849,55.613266,55.613266,0,0,0.697425
1178,21-Dec-97,24:00:00,321.22033,0.047518,46.84533,46.84533,0,0,0.6939
1179,22-Dec-97,24:00:00,285.004486,0.040895,39.40032,39.40032,0,0,0.689247
1180,23-Dec-97,24:00:00,278.113635,0.04564,33.113635,33.113635,0,0,0.684957
1181,24-Dec-97,24:00:00,259.112069,0.045068,27.820403,27.820403,0,0,0.68056
1182,25-Dec-97,24:00:00,250.453002,0.030618,23.369668,23.369668,0,0,0.67648
1183,26-Dec-97,24:00:00,238.796286,0.030467,19.629619,19.629619,0,0,0.673434
1184,27-Dec-97,24:00:00,226.675125,0.029007,16.487625,16.487625,0,0,0.670495
1185,28-Dec-97,24:00:00,219.9317,0.032374,13.848367,13.848367,0,0,0.667401
1186,29-Dec-97,24:00:00,221.548188,0.032713,11.631521,11.631521,0,0,0.664152
1187,30-Dec-97,24:00:00,221.727856,0.030376,9.769523,9.769523,0,0,0.660992
1188,31-Dec-97,24:00:00,220.205588,0.027791,8.205588,8.205588,0,0,0.658197
1189,1-Jan-98,24:00:00,398.409125,0.018918,197.179958,41.372233,0.741073,0.23157,0.668021
1190,2-Jan-98,24:00:00,1924.17,0.018597,1622.32,1344.72,0.852148,0.914677,0.709055
1191,3-Jan-98,24:00:00,1297.55,0.019908,970.054835,956.393974,0.777809,0.777809,0.702842
1192,4-Jan-98,24:00:00,1357.42,0.018873,1029.42,1019.12,0.108259,0.108259,0.7
1193,5-Jan-98,24:00:00,652.921763,0.022377,325.900929,325.835018,0,0,0.7
1194,6-Jan-98,24:00:00,888.257981,0.009027,561.257981,553.457837,0.349475,0.349475,0.700088
1195,7-Jan-98,24:00:00,681.487768,0.021835,354.487768,353.65442,0,0,0.7
1196,8-Jan-98,24:00:00,516.972723,0.024269,189.972723,189.972723,0,0,0.7
1197,9-Jan-98,24:00:00,475.003684,0.027707,147.024518,147.024518,0,0,0.7
1198,10-Jan-98,24:00:00,521.795115,0.015347,193.795115,182.618326,0.390924,0.300354,0.700835
1199,11-Jan-98,24:00:00,3027.59,0.010591,2699.59,1729.54,1.565416,1.4362,0.709172
1200,12-Jan-98,24:00:00,2643.29,0.022851,2321.16,2094.79,0.567443,0.787229,0.709072
1201,13-Jan-98,24:00:00,1352.06,0.020739,1218.06,1192.78,0.80285,0.686115,0.701668
1202,14-Jan-98,24:00:00,3026.54,0.019526,2896.54,2226.40,1.710177,1.457845,0.727792
1203,15-Jan-98,24:00:00,2349.35,0.020367,2217.39,2084.59,0.552583,0.799535,0.70628
1204,16-Jan-98,24:00:00,2817.74,0.014841,2690.63,2447.98,1.398463,1.415951,0.71328
1205,17-Jan-98,24:00:00,2449.63,0.028617,2128.76,1999.44,0.527076,0.537281,0.701189
1206,18-Jan-98,24:00:00,2646.13,0.017623,2322.11,2109.26,0.843572,0.937994,0.704477
1207,19-Jan-98,24:00:00,1453.35,0.015613,1128.37,1125.14,0,0,0.7
1208,20-Jan-98,24:00:00,926.701285,0.022362,602.680452,602.676393,0,0,0.7
1209,21-Jan-98,24:00:00,786.044621,0.020589,462.044621,462.044621,0,0,0.7
1210,22-Jan-98,24:00:00,710.378274,0.025645,386.378274,386.378274,0,0,0.7
1211,23-Jan-98,24:00:00,846.695538,0.018818,524.653871,521.015372,0.150079,0.150079,0.700159
1212,24-Jan-98,24:00:00,652.918717,0.030282,330.918717,330.849634,0,0,0.7
1213,25-Jan-98,24:00:00,2345.74,0.035645,2023.74,1162.25,1.482572,1.210553,0.709969
1214,26-Jan-98,24:00:00,3071.70,0.016626,2749.70,2283.92,0.745695,1.017714,0.716118
1215,27-Jan-98,24:00:00,1295.47,0.042526,973.466158,967.798234,0,0,0.7
1216,28-Jan-98,24:00:00,1150.27,0.037109,828.27455,810.90094,0.571512,0.562306,0.701652
1217,29-Jan-98,24:00:00,1281.05,0.030764,953.175966,945.368239,0.091992,0.101198,0.700019
1218,30-Jan-98,24:00:00,749.292843,0.055027,419.33451,419.311185,0,0,0.7
1219,31-Jan-98,24:00:00,727.412722,0.036,399.371055,397.172529,0.211305,0.200946,0.699997
1220,1-Feb-98,24:00:00,1678.25,0.028575,1350.25,1329.31,0.760407,0.760407,0.701582
1221,2-Feb-98,24:00:00,1528.36,0.015159,1200.36,1055.02,0.955583,0.766345,0.703207
1222,3-Feb-98,24:00:00,2865.82,0.026419,2547.61,2030.33,0.726037,0.915276,0.71209
1223,4-Feb-98,24:00:00,1384.22,0.036869,1212.11,1203.12,0.244249,0.244249,0.7
1224,5-Feb-98,24:00:00,1847.02,0.028118,1678.02,1414.26,1.132465,1.132465,0.705111
1225,6-Feb-98,24:00:00,2817.73,0.025433,2767.20,2200.63,1.38099,1.217122,0.715945
1226,7-Feb-98,24:00:00,3094.16,0.027361,2927.68,2459.35,1.193796,1.206534,0.706836
1227,8-Feb-98,24:00:00,2242.59,0.022834,2073.59,1888.86,0.10673,0.257862,0.701892
1228,9-Feb-98,24:00:00,922.22104,0.049466,753.22104,753.112625,0,0,0.7
1229,10-Feb-98,24:00:00,985.528572,0.021516,816.528572,809.386058,0.594072,0.54476,0.700358
1230,11-Feb-98,24:00:00,1641.49,0.036322,1325.62,1234.62,0.17513,0.224442,0.700951
1231,12-Feb-98,24:00:00,1512.96,0.021306,1186.13,1153.56,0.588104,0.588104,0.70139
1232,13-Feb-98,24:00:00,1053.42,0.050649,725.43691,722.763879,0,0,0.7
1233,14-Feb-98,24:00:00,1496.68,0.032208,1168.68,1153.49,0.72535,0.72535,0.700119
1234,15-Feb-98,24:00:00,1075.70,0.054194,747.701731,744.970824,0,0,0.7
1235,16-Feb-98,24:00:00,1219.37,0.013821,891.366012,817.599362,0.838652,0.786739,0.70202
1236,17-Feb-98,24:00:00,1725.42,0.040854,1397.42,1347.00,0.18294,0.234853,0.700184
1237,18-Feb-98,24:00:00,910.847831,0.028908,582.847831,581.870361,0.293974,0.293974,0.700183
1238,19-Feb-98,24:00:00,3719.87,0.021308,3389.91,1935.97,1.32589,1.32589,0.710645
1239,20-Feb-98,24:00:00,1685.37,0.036666,1360.27,1215.19,0,0,0.7
1240,21-Feb-98,24:00:00,3722.73,0.019429,3395.77,1564.02,1.053379,1.053379,0.708992
1241,22-Feb-98,24:00:00,1379.25,0.055069,1055.19,973.86719,0,0,0.7
1242,23-Feb-98,24:00:00,1207.40,0.025711,1055.73,1042.66,0.600967,0.600967,0.701063
1243,24-Feb-98,24:00:00,869.782216,0.063611,721.782216,720.014756,0,0,0.7
1244,25-Feb-98,24:00:00,624.440621,0.032925,389.294788,389.294788,0,0,0.7
1245,26-Feb-98,24:00:00,627.796158,0.038253,299.733658,299.733658,0,0,0.698152
1246,27-Feb-98,24:00:00,580.647554,0.0526,250.647554,250.647554,0,0,0.693879
1247,28-Feb-98,24:00:00,541.634555,0.063987,211.634555,211.634555,0,0,0.68793
1248,1-Mar-98,24:00:00,508.420432,0.074317,178.420432,178.420432,0,0,0.681127
1249,2-Mar-98,24:00:00,480.145825,0.033055,150.145825,150.145825,0,0,0.675638
1250,3-Mar-98,24:00:00,454.264528,0.083281,126.222862,126.222862,0,0,0.669961
1251,4-Mar-98,24:00:00,434.059362,0.073841,106.059362,106.059362,0,0,0.662062
1252,5-Mar-98,24:00:00,417.096894,0.044013,89.096894,89.096894,0,0,0.655988
1253,6-Mar-98,24:00:00,402.839814,0.087205,74.839814,74.839814,0,0,0.64965
1254,7-Mar-98,24:00:00,390.861345,0.033283,62.861345,62.861345,0,0,0.643528
1255,8-Mar-98,24:00:00,380.799064,0.074021,52.799064,52.799064,0,0,0.642104
1256,9-Mar-98,24:00:00,372.347094,0.084928,44.347094,44.347094,0,0,0.637843
1257,10-Mar-98,24:00:00,365.247958,0.097825,37.247958,37.247958,0,0,0.628952
1258,11-Mar-98,24:00:00,358.30604,0.089825,31.285207,31.285207,0,0,0.619449
1259,12-Mar-98,24:00:00,382.034612,0.024758,55.034612,41.800393,1.06876,0.165231,0.643471
1260,13-Mar-98,24:00:00,872.423581,0.066691,544.444414,527.106711,0.170394,0.218289,0.70081
1261,14-Mar-98,24:00:00,465.493924,0.120264,135.535591,135.495246,0,0,0.696425
1262,15-Mar-98,24:00:00,393.371249,0.102691,63.371249,63.371249,0,0,0.686384
1263,16-Mar-98,24:00:00,375.218698,0.10409,48.156198,48.156198,0,0,0.676071
1264,17-Mar-98,24:00:00,367.779411,0.10122,40.779411,40.779411,0,0,0.66573
1265,18-Mar-98,24:00:00,362.710444,0.109838,34.731277,34.731277,0,0,0.655221
1266,19-Mar-98,24:00:00,365.239433,0.113948,29.406099,29.406099,0,0,0.644311
1267,20-Mar-98,24:00:00,360.794453,0.088009,24.794453,24.794453,0,0,0.634234
1268,21-Mar-98,24:00:00,425.847413,0.044971,91.805746,20.862033,0.604947,0,0.636456
1269,22-Mar-98,24:00:00,1215.88,0.038968,879.921679,632.023176,0.640453,0.502528,0.701054
1270,23-Mar-98,24:00:00,1243.61,0.034082,907.61247,757.84803,0.547501,0.547501,0.701897
1271,24-Mar-98,24:00:00,881.836782,0.041787,547.795116,535.310882,0.201463,0.201463,0.700281
1272,25-Mar-98,24:00:00,690.501919,0.081936,356.501919,353.951852,0.035411,0.035411,0.7
1273,26-Mar-98,24:00:00,502.873661,0.094467,174.748661,174.495725,0,0,0.7
1274,27-Mar-98,24:00:00,449.273108,0.057244,115.398108,115.398108,0,0,0.697035
1275,28-Mar-98,24:00:00,425.792422,0.085166,94.729922,94.729922,0,0,0.690296
1276,29-Mar-98,24:00:00,411.283825,0.115307,80.283825,80.283825,0,0,0.680317
1277,30-Mar-98,24:00:00,397.970164,0.100276,67.94933,67.946566,0.020315,0,0.669408
1278,31-Mar-98,24:00:00,1156.36,0.023773,826.362318,564.785477,0.850664,0.513781,0.695296
1279,1-Apr-98,24:00:00,699.154183,0.098101,369.154183,350.957742,0,0,0.699718
1280,2-Apr-98,24:00:00,456.985132,0.07731,126.985132,126.985132,0,0,0.695188
1281,3-Apr-98,24:00:00,415.966061,0.050071,85.966061,85.700867,0.024461,0,0.691882
1282,4-Apr-98,24:00:00,401.299695,0.071756,71.299695,70.960596,0,0,0.69376
1283,5-Apr-98,24:00:00,390.320968,0.083311,60.320968,60.320968,0,0,0.691475
1284,6-Apr-98,24:00:00,379.150242,0.057512,51.108575,51.108575,0,0,0.685363
1285,7-Apr-98,24:00:00,373.077811,0.103885,43.119477,43.119477,0,0,0.677286
1286,8-Apr-98,24:00:00,366.29234,0.080985,36.29234,36.29234,0,0,0.667873
1287,9-Apr-98,24:00:00,360.511106,0.061754,30.511106,30.511106,0,0,0.6641
1288,10-Apr-98,24:00:00,355.637413,0.065425,25.637413,25.637413,0,0,0.662336
1289,11-Apr-98,24:00:00,351.537223,0.087011,21.537223,21.537223,0,0,0.656208
1290,12-Apr-98,24:00:00,351.538649,0.058517,21.538649,18.090919,0.294488,0,0.659802
1291,13-Apr-98,24:00:00,349.022771,0.074238,19.022771,15.19541,0,0,0.682229
1292,14-Apr-98,24:00:00,342.460238,0.081637,14.418571,12.763085,0.101541,0,0.683379
1293,15-Apr-98,24:00:00,339.573015,0.111016,11.573015,10.720014,0,0,0.687567
1294,16-Apr-98,24:00:00,339.941451,0.126749,9.003951,9.003951,0,0,0.68062
1295,17-Apr-98,24:00:00,340.520912,0.137765,7.562578,7.562578,0,0,0.667436
1296,18-Apr-98,24:00:00,337.393604,0.129547,6.351937,6.351937,0,0,0.654065
1297,19-Apr-98,24:00:00,335.355931,0.139651,5.335097,5.335097,0,0,0.640572
1298,20-Apr-98,24:00:00,334.481035,0.160442,4.481035,4.481035,0,0,0.625818
1299,21-Apr-98,24:00:00,333.763695,0.163452,3.763695,3.763695,0,0,0.609285
1300,22-Apr-98,24:00:00,333.161188,0.15085,3.161188,3.161188,0,0,0.593782
1301,23-Apr-98,24:00:00,338.133924,0.055382,8.133924,2.655134,0.241384,0,0.599987
1302,24-Apr-98,24:00:00,333.693648,0.115064,2.714481,2.230091,0,0,0.608331
1303,25-Apr-98,24:00:00,332.87309,0.145928,1.87309,1.87309,0,0,0.598541
1304,26-Apr-98,24:00:00,332.57324,0.158591,1.57324,1.57324,0,0,0.583314
1305,27-Apr-98,24:00:00,331.342223,0.179277,1.32139,1.32139,0,0,0.566626
1306,28-Apr-98,24:00:00,331.109857,0.180383,1.109857,1.109857,0,0,0.54856
1307,29-Apr-98,24:00:00,331.911353,0.177152,0.932187,0.932187,0,0,0.530989
1308,30-Apr-98,24:00:00,331.782959,0.146294,0.782959,0.782959,0,0,0.514554
1309,1-May-98,24:00:00,332.686133,0.045601,1.686133,0.65762,0.054734,0,0.509064
1310,2-May-98,24:00:00,330.896834,0.082943,0.876001,0.552346,0,0,0.512287
1311,3-May-98,24:00:00,330.463925,0.109854,0.463925,0.463925,0,0,0.507674
1312,4-May-98,24:00:00,330.389658,0.097067,0.389658,0.389658,0,0,0.497462
1313,5-May-98,24:00:00,330.32728,0.096858,0.32728,0.32728,0,0,0.487808
1314,6-May-98,24:00:00,331.254055,0.076132,0.274888,0.274888,0,0,0.479335
1315,7-May-98,24:00:00,330.251716,0.081823,0.230883,0.230883,0,0,0.47137
1316,8-May-98,24:00:00,330.193922,0.091801,0.193922,0.193922,0,0,0.462948
1317,9-May-98,24:00:00,328.204545,0.128637,0.162879,0.162879,0,0,0.451578
1318,10-May-98,24:00:00,327.157638,0.12844,0.136804,0.136804,0,0,0.438824
1319,11-May-98,24:00:00,327.806941,0.051245,0.806941,0.114904,0.043185,0,0.431816
1320,12-May-98,24:00:00,325.031617,0.057631,0.969117,0.09651,0.040648,0,0.434728
1321,13-May-98,24:00:00,322.629109,0.098076,0.587443,0.08106,0,0,0.437759
1322,14-May-98,24:00:00,326.963917,0.099611,0.068084,0.068084,0,0,0.432989
1323,15-May-98,24:00:00,327.057185,0.12073,0.057185,0.057185,0,0,0.422184
1324,16-May-98,24:00:00,328.027197,0.094443,0.04803,0.04803,0,0,0.411505
1325,17-May-98,24:00:00,328.040342,0.145226,0.040342,0.040342,0,0,0.400903
1326,18-May-98,24:00:00,329.992217,0.167343,0.033884,0.033884,0,0,0.388153
1327,19-May-98,24:00:00,327.090959,0.112832,0.028459,0.028459,0,0,0.377533
1328,20-May-98,24:00:00,327.023903,0.137348,0.023903,0.023903,0,0,0.369372
1329,21-May-98,24:00:00,327.999244,0.150107,0.020077,0.020077,0,0,0.360539
1330,22-May-98,24:00:00,328.016863,0.168172,0.016863,0.016863,0,0,0.351928
1331,23-May-98,24:00:00,193.86833,0.133599,0.014163,0.014163,0,0,0.344249
1332,24-May-98,24:00:00,165.553563,0.068206,0.011896,0.011896,0,0,0.339443
1333,25-May-98,24:00:00,156.197492,0.13515,0.009992,0.009992,0,0,0.33686
1334,26-May-98,24:00:00,156.53077,0.082573,0.53077,0.008392,0.03326,0,0.334365
1335,27-May-98,24:00:00,157.455406,0.060391,1.455406,0.007049,0.27084,0,0.338941
1336,28-May-98,24:00:00,348.515328,0.046133,22.140328,0.00592,1.085358,0,0.417684
1337,29-May-98,24:00:00,264.214163,0.051043,28.214163,0.004973,0.765817,0,0.527584
1338,30-May-98,24:00:00,283.892456,0.153042,0.934123,0.004177,0,0,0.544948
1339,31-May-98,24:00:00,326.107675,0.161457,0.003508,0.003508,0,0,0.532289
1340,1-Jun-98,24:00:00,262.965452,0.147043,0.002946,0.002946,0,0,0.517337
1341,2-Jun-98,24:00:00,261.602481,0.097398,0.002475,0.002475,0,0,0.504912
1342,3-Jun-98,24:00:00,262.385406,0.073971,0.002079,0.002079,0,0,0.496171
1343,4-Jun-98,24:00:00,261.618418,0.110952,0.001746,0.001746,0,0,0.487033
1344,5-Jun-98,24:00:00,262.384794,0.140728,0.001466,0.001466,0,0,0.474428
1345,6-Jun-98,24:00:00,261.617904,0.086341,0.001232,0.001232,0,0,0.463178
1346,7-Jun-98,24:00:00,261.601041,0.093541,0.001034,0.001034,0,0,0.454051
1347,8-Jun-98,24:00:00,261.600875,0.138465,0.000869,0.000869,0,0,0.442564
1348,9-Jun-98,24:00:00,261.600736,0.178076,0.00073,0.00073,0,0,0.426542
1349,10-Jun-98,24:00:00,234.967289,0.152622,0.000613,0.000613,0,0,0.410434
1350,11-Jun-98,24:00:00,235.967182,0.126554,0.000515,0.000515,0,0,0.398081
1351,12-Jun-98,24:00:00,259.500432,0.149707,0.000432,0.000432,0,0,0.386758
1352,13-Jun-98,24:00:00,260.000363,0.150977,0.000363,0.000363,0,0,0.376253
1353,14-Jun-98,24:00:00,260.000305,0.192881,0.000305,0.000305,0,0,0.36496
1354,15-Jun-98,24:00:00,261.566929,0.215307,0.000256,0.000256,0,0,0.353716
1355,16-Jun-98,24:00:00,260.033549,0.211151,0.000215,0.000215,0,0,0.342523
1356,17-Jun-98,24:00:00,260.000181,0.206164,0.000181,0.000181,0,0,0.332517
1357,18-Jun-98,24:00:00,260.000152,0.201399,0.000152,0.000152,0,0,0.322949
1358,19-Jun-98,24:00:00,260.000128,0.203139,0.000128,0.000128,0,0,0.313876
1359,20-Jun-98,24:00:00,261.56678,0.163531,0.000107,0.000107,0,0,0.305747
1360,21-Jun-98,24:00:00,259.250102,0.129477,0.00009,0.00009,0,0,0.299425
1361,22-Jun-98,24:00:00,259.983409,0.144031,0.000076,0.000076,0,0,0.293658
1362,23-Jun-98,24:00:00,259.216742,0.173014,0.000063,0.000063,0,0,0.286938
1363,24-Jun-98,24:00:00,259.983387,0.18149,0.000053,0.000053,0,0,0.279765
1364,25-Jun-98,24:00:00,260.000045,0.153993,0.000045,0.000045,0,0,0.273026
1365,26-Jun-98,24:00:00,260.000038,0.190018,0.000038,0.000038,0,0,0.266534
1366,27-Jun-98,24:00:00,261.566704,0.196872,0.000032,0.000032,0,0,0.259178
1367,28-Jun-98,24:00:00,260.03336,0.195989,0.000027,0.000027,0,0,0.252036
1368,29-Jun-98,24:00:00,260.000022,0.184744,0.000022,0.000022,0,0,0.24533
1369,30-Jun-98,24:00:00,260.000019,0.164015,0.000019,0.000019,0,0,0.239273
1370,1-Jul-98,24:00:00,260.000016,0.16366,0.000016,0.000016,0,0,0.233793
1371,2-Jul-98,24:00:00,198.900019,0.172819,0.000013,0.000013,0,0,0.228225
1372,3-Jul-98,24:00:00,197.600017,0.195245,0.000011,0.000011,0,0,0.22226
1373,4-Jul-98,24:00:00,200.733346,0.20155,0.000009,0.000009,0,0,0.216007
1374,5-Jul-98,24:00:00,128.733346,0.19335,0.000008,0.000008,0,0,0.209984
1375,6-Jul-98,24:00:00,123.283344,0.204955,0.000007,0.000007,0,0,0.204053
1376,7-Jul-98,24:00:00,127.116677,0.22907,0.000006,0.000006,0,0,0.197915
1377,8-Jul-98,24:00:00,130.333347,0.218862,0.000005,0.000005,0,0,0.191678
1378,9-Jul-98,24:00:00,135.100001,0.19102,0.000004,0.000004,0,0,0.186123
1379,10-Jul-98,24:00:00,132.850006,0.179488,0.000003,0.000003,0,0,0.18129
1380,11-Jul-98,24:00:00,134.366678,0.206743,0.000003,0.000003,0,0,0.176337
1381,12-Jul-98,24:00:00,132.833339,0.227153,0.000002,0.000002,0,0,0.170993
1382,13-Jul-98,24:00:00,134.366678,0.227727,0.000002,0.000002,0,0,0.16552
1383,14-Jul-98,24:00:00,146.150011,0.224116,0.000002,0.000002,0,0,0.160229
1384,15-Jul-98,24:00:00,147.966668,0.245368,0.000001,0.000001,0,0,0.154993
1385,16-Jul-98,24:00:00,140.166668,0.225646,0.000001,0.000001,0,0,0.14979
1386,17-Jul-98,24:00:00,136.866671,0.232589,0.000001,0.000001,0,0,0.144992
1387,18-Jul-98,24:00:00,135.233331,0.242739,0.000001,0.000001,0,0,0.140149
1388,19-Jul-98,24:00:00,129.716673,0.238241,0.000001,0.000001,0,0,0.135389
1389,20-Jul-98,24:00:00,122.550002,0.223616,0.000001,0.000001,0,0,0.130984
1390,21-Jul-98,24:00:00,122.400002,0.201408,0,0,0,0,0.127063
1391,22-Jul-98,24:00:00,123.183338,0.187762,0,0,0,0,0.123584
1392,23-Jul-98,24:00:00,124.76667,0.194568,0,0,0,0,0.120244
1393,24-Jul-98,24:00:00,123.233338,0.189553,0,0,0,0,0.116969
1394,25-Jul-98,24:00:00,125.549999,0.207536,0,0,0,0,0.113661
1395,26-Jul-98,24:00:00,123.250005,0.221588,0,0,0,0,0.110285
1396,27-Jul-98,24:00:00,123.200005,0.219905,0,0,0,0,0.106831
1397,28-Jul-98,24:00:00,123.200005,0.2096,0,0,0,0,0.103598
1398,29-Jul-98,24:00:00,123.200005,0.16561,0,0,0,0,0.100838
1399,30-Jul-98,24:00:00,123.200005,0.137582,0,0,0,0,0.098678
1400,31-Jul-98,24:00:00,123.200005,0.179953,0,0,0,0,0.096495
1401,1-Aug-98,24:00:00,122.416668,0.209376,0,0,0,0,0.093819
1402,2-Aug-98,24:00:00,125.533332,0.214879,0,0,0,0,0.091031
1403,3-Aug-98,24:00:00,125.599999,0.214013,0,0,0,0,0.088263
1404,4-Aug-98,24:00:00,127.166671,0.226103,0,0,0,0,0.085567
1405,5-Aug-98,24:00:00,127.983333,0.215594,0,0,0,0,0.082875
1406,6-Aug-98,24:00:00,128,0.234475,0,0,0,0,0.080287
1407,7-Aug-98,24:00:00,127.216671,0.195522,0,0,0,0,0.077797
1408,8-Aug-98,24:00:00,127.200005,0.194149,0,0,0,0,0.07567
1409,9-Aug-98,24:00:00,127.200005,0.196293,0,0,0,0,0.073598
1410,10-Aug-98,24:00:00,127.200005,0.203878,0,0,0,0,0.071504
1411,11-Aug-98,24:00:00,125.633332,0.205733,0,0,0,0,0.069436
1412,12-Aug-98,24:00:00,127.166671,0.209831,0,0,0,0,0.067412
1413,13-Aug-98,24:00:00,125.633332,0.206183,0,0,0,0,0.065439
1414,14-Aug-98,24:00:00,125.599998,0.190343,0,0,0,0,0.063579
1415,15-Aug-98,24:00:00,127.166671,0.206024,0,0,0,0,0.061818
1416,16-Aug-98,24:00:00,127.200005,0.20821,0,0,0,0,0.060064
1417,17-Aug-98,24:00:00,125.633332,0.181277,0,0,0,0,0.058338
1418,18-Aug-98,24:00:00,125.599998,0.165764,0,0,0,0,0.056931
1419,19-Aug-98,24:00:00,127.166671,0.171494,0,0,0,0,0.05558
1420,20-Aug-98,24:00:00,125.633332,0.161171,0,0,0,0,0.054266
1421,21-Aug-98,24:00:00,125.599998,0.167899,0,0,0,0,0.053012
1422,22-Aug-98,24:00:00,129.516673,0.189425,0,0,0,0,0.051683
1423,23-Aug-98,24:00:00,129.600006,0.173164,0,0,0,0,0.05035
1424,24-Aug-98,24:00:00,129.600006,0.183616,0,0,0,0,0.049086
1425,25-Aug-98,24:00:00,129.600006,0.172372,0,0,0,0,0.047858
1426,26-Aug-98,24:00:00,129.600006,0.162839,0,0,0,0,0.046713
1427,27-Aug-98,24:00:00,115.500005,0.189598,0,0,0,0,0.045567
1428,28-Aug-98,24:00:00,129.300006,0.178797,0,0,0,0,0.044374
1429,29-Aug-98,24:00:00,129.600006,0.180276,0,0,0,0,0.043246
1430,30-Aug-98,24:00:00,129.600006,0.177981,0,0,0,0,0.042152
1431,31-Aug-98,24:00:00,127.250005,0.184809,0,0,0,0,0.041074
1432,1-Sep-98,24:00:00,115.450005,0.185569,0,0,0,0,0.04
1433,2-Sep-98,24:00:00,111.283338,0.195216,0,0,0,0,0.038933
1434,3-Sep-98,24:00:00,125.299999,0.195026,0,0,0,0,0.037862
1435,4-Sep-98,24:00:00,199.233336,0.198505,0,0,0,0,0.036834
1436,5-Sep-98,24:00:00,129.516667,0.118216,0,0,0,0,0.035969
1437,6-Sep-98,24:00:00,132.700003,0.157238,0,0,0,0,0.035265
1438,7-Sep-98,24:00:00,132.016667,0.174558,0,0,0,0,0.034446
1439,8-Sep-98,24:00:00,139.049997,0.17496,0,0,0,0,0.033607
1440,9-Sep-98,24:00:00,224.583342,0.104071,0,0,0,0,0.032927
1441,10-Sep-98,24:00:00,259.3,0.144708,0,0,0,0,0.032346
1442,11-Sep-98,24:00:00,260,0.15904,0,0,0,0,0.031651
1443,12-Sep-98,24:00:00,144.850009,0.17608,0,0,0,0,0.030911
1444,13-Sep-98,24:00:00,142.400009,0.170912,0,0,0,0,0.03015
1445,14-Sep-98,24:00:00,142.400009,0.168284,0,0,0,0,0.029429
1446,15-Sep-98,24:00:00,259.116673,0.146888,0,0,0,0,0.028769
1447,16-Sep-98,24:00:00,261.600006,0.160661,0,0,0,0,0.028145
1448,17-Sep-98,24:00:00,260.033333,0.142595,0,0,0,0,0.027541
1449,18-Sep-98,24:00:00,259.216679,0.138423,0,0,0,0,0.02699
1450,19-Sep-98,24:00:00,142.483334,0.134401,0,0,0,0,0.026468
1451,20-Sep-98,24:00:00,140,0.136975,0,0,0,0,0.025955
1452,21-Sep-98,24:00:00,140,0.129126,0,0,0,0,0.025469
1453,22-Sep-98,24:00:00,255.150006,0.076309,0,0,0,0,0.025097
1454,23-Sep-98,24:00:00,256.816685,0.09188,0,0,0,0,0.024799
1455,24-Sep-98,24:00:00,261.500006,0.111241,0,0,0,0,0.024435
1456,25-Sep-98,24:00:00,261.600006,0.086392,0,0,0,0,0.024097
1457,26-Sep-98,24:00:00,115.900003,0.117005,0,0,0,0,0.023739
1458,27-Sep-98,24:00:00,141.000006,0.050664,0,0,0,0,0.023455
1459,28-Sep-98,24:00:00,141.600006,0.106942,0,0,0,0,0.023206
1460,29-Sep-98,24:00:00,255.183339,0.112381,0,0,0,0,0.022841
1461,30-Sep-98,24:00:00,257.600006,0.095824,0,0,0,0,0.02251
1462,1-Oct-98,24:00:00,320.658333,0.06199,0,0,0,0,0.022248
1463,2-Oct-98,24:00:00,323.958333,0.098176,0,0,0,0,0.022005
1464,3-Oct-98,24:00:00,309.3125,0.109623,0,0,0,0,0.021673
1465,4-Oct-98,24:00:00,303.125,0.10293,0,0,0,0,0.021343
1466,5-Oct-98,24:00:00,296.145833,0.124461,0,0,0,0,0.021003
1467,6-Oct-98,24:00:00,296,0.129015,0,0,0,0,0.020636
1468,7-Oct-98,24:00:00,293.0625,0.109769,0,0,0,0,0.020273
1469,8-Oct-98,24:00:00,305.729167,0.08327,0,0,0,0,0.020003
1470,9-Oct-98,24:00:00,299.145833,0.10571,0,0,0,0,0.019732
1471,10-Oct-98,24:00:00,298.020833,0.092279,0,0,0,0,0.019449
1472,11-Oct-98,24:00:00,296.041667,0.09212,0,0,0,0,0.019198
1473,12-Oct-98,24:00:00,296,0.081812,0,0,0,0,0.018959
1474,13-Oct-98,24:00:00,297.958333,0.096403,0,0,0,0,0.018717
1475,14-Oct-98,24:00:00,295.0625,0.086642,0,0,0,0,0.018476
1476,15-Oct-98,24:00:00,303.8125,0.098855,0,0,0,0,0.018233
1477,16-Oct-98,24:00:00,305.958333,0.089135,0,0,0,0,0.017986
1478,17-Oct-98,24:00:00,306,0.083496,0,0,0,0,0.017764
1479,18-Oct-98,24:00:00,304.041667,0.089753,0,0,0,0,0.017547
1480,19-Oct-98,24:00:00,303.020833,0.08854,0,0,0,0,0.017323
1481,20-Oct-98,24:00:00,303,0.091286,0,0,0,0,0.017105
1482,21-Oct-98,24:00:00,303,0.094086,0,0,0,0,0.016881
1483,22-Oct-98,24:00:00,299.083333,0.086711,0,0,0,0,0.016662
1484,23-Oct-98,24:00:00,300.958333,0.08893,0,0,0,0,0.016464
1485,24-Oct-98,24:00:00,324.508119,0.06171,23.508119,0,0.979119,0,0.091557
1486,25-Oct-98,24:00:00,303.638544,0.077021,0.680211,0,0,0,0.114008
1487,26-Oct-98,24:00:00,299.083333,0.070387,0,0,0,0,0.113083
1488,27-Oct-98,24:00:00,298.020833,0.061224,0,0,0,0,0.112018
1489,28-Oct-98,24:00:00,298,0.059068,0,0,0,0,0.111065
1490,29-Oct-98,24:00:00,296.041667,0.082643,0,0,0,0,0.109982
1491,30-Oct-98,24:00:00,298.9375,0.068433,0,0,0,0,0.108781
1492,31-Oct-98,24:00:00,295.083333,0.028281,0,0,0,0,0.108015
1493,1-Nov-98,24:00:00,303.8125,0.063275,0,0,0,0,0.107807
1494,2-Nov-98,24:00:00,298.125,0.0536,0,0,0,0,0.107517
1495,3-Nov-98,24:00:00,298,0.013996,0,0,0,0,0.107085
1496,4-Nov-98,24:00:00,298,0.053385,0,0,0,0,0.106601
1497,5-Nov-98,24:00:00,298,0.071902,0,0,0,0,0.105617
1498,6-Nov-98,24:00:00,303.896147,0.034107,0.021147,0,0.06977,0,0.105298
1499,7-Nov-98,24:00:00,332.99926,0.039492,20.18676,0,0.770099,0,0.173718
1500,8-Nov-98,24:00:00,325.464728,0.020326,3.652228,0,0.13826,0,0.196989
1501,9-Nov-98,24:00:00,313.491254,0.040931,0.303754,0,0,0,0.202888
1502,10-Nov-98,24:00:00,309.083333,0.017367,0,0,0,0,0.202888
1503,11-Nov-98,24:00:00,309.979167,0.038536,0,0,0,0,0.202766
1504,12-Nov-98,24:00:00,306.083333,0.040695,0,0,0,0,0.202013
1505,13-Nov-98,24:00:00,304.041667,0.037569,0,0,0,0,0.200884
1506,14-Nov-98,24:00:00,301.0625,0.032112,0,0,0,0,0.199894
1507,15-Nov-98,24:00:00,301,0.032957,0,0,0,0,0.198933
1508,16-Nov-98,24:00:00,299.050964,0.021962,0.009297,0,0.068328,0,0.198334
1509,17-Nov-98,24:00:00,317.403287,0.039695,11.549121,0,0.405151,0,0.240847
1510,18-Nov-98,24:00:00,306.138499,0.031332,0.138499,0,0,0,0.245237
1511,19-Nov-98,24:00:00,304.041667,0.047734,0,0,0,0,0.24503
1512,20-Nov-98,24:00:00,299.104167,0.039095,0,0,0,0,0.243987
1513,21-Nov-98,24:00:00,298.636602,0.016573,2.574102,0,0.158764,0,0.248273
1514,22-Nov-98,24:00:00,306.924638,0.03952,3.091305,0,0.102828,0,0.264541
1515,23-Nov-98,24:00:00,365.761453,0.025167,50.011453,0,2.256886,0,0.422639
1516,24-Nov-98,24:00:00,136.048325,0.024461,8.048325,0,0.062212,0,0.500047
1517,25-Nov-98,24:00:00,244.466114,0.03662,0.028614,0,0,0,0.500954
1518,26-Nov-98,24:00:00,255.607045,0.018057,5.669545,0,0.259858,0,0.514688
1519,27-Nov-98,24:00:00,248.791701,0.035706,0.750034,0,0,0,0.52694
1520,28-Nov-98,24:00:00,250.937665,0.039275,0.000165,0,0.001209,0,0.526942
1521,29-Nov-98,24:00:00,269.632852,0.017352,19.612018,0,0.902674,0,0.594191
1522,30-Nov-98,24:00:00,428.121704,0.025027,160.496704,49.722681,0.885287,0.058568,0.675641
1523,1-Dec-98,24:00:00,298.306402,0.02344,108.639736,102.853869,0.063741,0.063741,0.7
1524,2-Dec-98,24:00:00,1103.04,0.011413,894.476601,877.532124,1.138255,1.041693,0.700827
1525,3-Dec-98,24:00:00,1241.88,0.032128,1078.90,1065.05,0.102005,0.198567,0.700973
1526,4-Dec-98,24:00:00,442.663518,0.029116,277.726018,277.695919,0,0,0.7
1527,5-Dec-98,24:00:00,603.247098,0.019514,281.580431,278.236348,0.201014,0.201014,0.700251
1528,6-Dec-98,24:00:00,601.835947,0.036513,283.690114,282.068318,0,0,0.7
1529,7-Dec-98,24:00:00,537.036354,0.018195,215.119688,213.753759,0.191025,0.191025,0.700012
1530,8-Dec-98,24:00:00,479.775357,0.03115,310.525357,307.172794,0,0,0.7
1531,9-Dec-98,24:00:00,297.391185,0.03298,132.370352,132.369737,0,0,0.7
1532,10-Dec-98,24:00:00,410.379952,0.033461,94.588285,94.588285,0,0,0.7
1533,11-Dec-98,24:00:00,399.169457,0.018713,78.211123,78.211123,0,0,0.699231
1534,12-Dec-98,24:00:00,387.035127,0.034462,66.035127,66.035127,0,0,0.696615
1535,13-Dec-98,24:00:00,491.856032,0.024569,170.856032,167.333926,0.26897,0.205611,0.696603
1536,14-Dec-98,24:00:00,565.826275,0.041125,244.826275,241.703698,0,0,0.7
1537,15-Dec-98,24:00:00,406.041491,0.034582,85.041491,85.041491,0,0,0.7
1538,16-Dec-98,24:00:00,376.726989,0.038197,55.726989,55.726989,0,0,0.69925
1539,17-Dec-98,24:00:00,367.523844,0.040145,45.544678,45.544678,0,0,0.696231
1540,18-Dec-98,24:00:00,350.733504,0.044594,38.52517,38.52517,0,0,0.692175
1541,19-Dec-98,24:00:00,356.327545,0.049064,32.577545,32.577545,0,0,0.687569
1542,20-Dec-98,24:00:00,342.650163,0.025648,27.462663,27.462663,0,0,0.68359
1543,21-Dec-98,24:00:00,334.189708,0.026297,23.106374,23.106374,0,0,0.680931
1544,22-Dec-98,24:00:00,327.485159,0.027545,19.422659,19.422659,0,0,0.678273
1545,23-Dec-98,24:00:00,321.381595,0.025745,16.319095,16.319095,0,0,0.6756
1546,24-Dec-98,24:00:00,314.792112,0.022484,13.708779,13.708779,0,0,0.673171
1547,25-Dec-98,24:00:00,310.55667,0.023228,11.515003,11.515003,0,0,0.670956
1548,26-Dec-98,24:00:00,307.692757,0.031513,9.671924,9.671924,0,0,0.668188
1549,27-Dec-98,24:00:00,304.165378,0.02575,8.123711,8.123711,0,0,0.665347
1550,28-Dec-98,24:00:00,301.844109,0.027766,6.823276,6.823276,0,0,0.662655
1551,29-Dec-98,24:00:00,297.793494,0.032486,5.730994,5.730994,0,0,0.659651
1552,30-Dec-98,24:00:00,294.855227,0.031673,4.813561,4.813561,0,0,0.656419
1553,31-Dec-98,24:00:00,295.022156,0.041732,4.04299,4.04299,0,0,0.65281
1554,1-Jan-99,24:00:00,291.458273,0.030211,3.395773,3.395773,0,0,0.649172
1555,2-Jan-99,24:00:00,287.914665,0.035994,2.852165,2.852165,0,0,0.645886
1556,3-Jan-99,24:00:00,286.416414,0.038865,2.39558,2.39558,0,0,0.642148
1557,4-Jan-99,24:00:00,212.574587,0.028725,2.012087,2.012087,0,0,0.638725
1558,5-Jan-99,24:00:00,167.606651,0.026432,1.689984,1.689984,0,0,0.635961
1559,6-Jan-99,24:00:00,166.419445,0.023516,1.419445,1.419445,0,0,0.633539
1560,7-Jan-99,24:00:00,166.192215,0.025903,1.192215,1.192215,0,0,0.630984
1561,8-Jan-99,24:00:00,166.001361,0.036569,1.001361,1.001361,0,0,0.627916
1562,9-Jan-99,24:00:00,165.841059,0.031173,0.841059,0.841059,0,0,0.624508
1563,10-Jan-99,24:00:00,165.706419,0.026382,0.706419,0.706419,0,0,0.621616
1564,11-Jan-99,24:00:00,165.593333,0.026243,0.593333,0.593333,0,0,0.619025
1565,12-Jan-99,24:00:00,165.49835,0.035316,0.49835,0.49835,0,0,0.615975
1566,13-Jan-99,24:00:00,165.418572,0.023799,0.418572,0.418572,0,0,0.612977
1567,14-Jan-99,24:00:00,165.351566,0.027329,0.351566,0.351566,0,0,0.61038
1568,15-Jan-99,24:00:00,223.699447,0.017939,58.699447,0.295286,0.404797,0,0.616895
1569,16-Jan-99,24:00:00,277.102037,0.033737,112.102037,0.248016,0.053899,0,0.649765
1570,17-Jan-99,24:00:00,289.864339,0.011658,124.864339,110.614388,0.943205,0.402223,0.68749
1571,18-Jan-99,24:00:00,761.332568,0.039356,597.311734,586.977365,0,0.089619,0.700289
1572,19-Jan-99,24:00:00,639.329866,0.015111,475.329866,467.765275,0.368705,0.368705,0.70008
1573,20-Jan-99,24:00:00,898.433867,0.023293,734.433867,723.534274,0.568024,0.568024,0.70025
1574,21-Jan-99,24:00:00,817.15382,0.033206,653.15382,646.697874,0.073582,0.073582,0.7
1575,22-Jan-99,24:00:00,986.213772,0.011424,822.213772,731.356389,0.8632,0.8632,0.703361
1576,23-Jan-99,24:00:00,1190.90,0.029879,1028.86,918.764198,0,0,0.7
1577,24-Jan-99,24:00:00,449.617736,0.052208,296.430236,296.429798,0,0,0.7
1578,25-Jan-99,24:00:00,348.138794,0.050564,185.347127,185.347127,0,0,0.698655
1579,26-Jan-99,24:00:00,313.852799,0.040813,150.852799,150.852799,0,0,0.694853
1580,27-Jan-99,24:00:00,291.024719,0.049107,128.024719,128.024719,0,0,0.690315
1581,28-Jan-99,24:00:00,271.529336,0.041127,108.529336,108.529336,0,0,0.685788
1582,29-Jan-99,24:00:00,318.253751,0.040841,91.607918,91.607918,0,0,0.68188
1583,30-Jan-99,24:00:00,398.144159,0.039724,77.123326,77.123326,0,0,0.677898
1584,31-Jan-99,24:00:00,389.804093,0.043469,64.84576,64.84576,0,0,0.675508
1585,1-Feb-99,24:00:00,379.490624,0.045279,54.490624,54.490624,0,0,0.675504
1586,2-Feb-99,24:00:00,370.777048,0.049431,45.777048,45.777048,0,0,0.673501
1587,3-Feb-99,24:00:00,363.452404,0.053566,38.452404,38.452404,0,0,0.668604
1588,4-Feb-99,24:00:00,357.298097,0.054933,32.298097,32.298097,0,0,0.662794
1589,5-Feb-99,24:00:00,352.132125,0.041163,27.132125,27.128174,0.029038,0,0.658389
1590,6-Feb-99,24:00:00,2485.81,0.017438,2231.31,787.033514,1.806057,1.101746,0.703833
1591,7-Feb-99,24:00:00,3331.22,0.036022,3179.07,2062.60,0.753938,1.049105,0.722659
1592,8-Feb-99,24:00:00,1470.02,0.015115,1329.81,1268.39,1.021877,0.810366,0.703914
1593,9-Feb-99,24:00:00,3703.32,0.043018,3548.63,1951.37,0.528007,0.739517,0.71167
1594,10-Feb-99,24:00:00,921.524856,0.042889,731.274856,720.580737,0,0,0.7
1595,11-Feb-99,24:00:00,625.777682,0.047082,367.215182,367.215182,0,0,0.698834
1596,12-Feb-99,24:00:00,600.213203,0.05617,282.44237,282.44237,0,0,0.69465
1597,13-Feb-99,24:00:00,666.245623,0.021505,347.245623,343.316604,0.293697,0.192628,0.693871
1598,14-Feb-99,24:00:00,707.239067,0.047148,389.218234,385.891718,0,0,0.7
1599,15-Feb-99,24:00:00,541.814248,0.041681,223.814248,223.745197,0.117712,0.117712,0.700067
1600,16-Feb-99,24:00:00,2366.13,0.012241,2047.15,1563.90,1.810132,1.452224,0.713039
1601,17-Feb-99,24:00:00,2444.25,0.050347,2125.25,1701.77,0.02016,0.378068,0.704977
1602,18-Feb-99,24:00:00,1801.22,0.027596,1483.20,1130.73,0.64519,0.64519,0.703292
1603,19-Feb-99,24:00:00,789.272183,0.044279,781.178433,739.004835,0,0,0.7
1604,20-Feb-99,24:00:00,747.931798,0.015321,746.431798,737.318373,0.759687,0.743382,0.702292
1605,21-Feb-99,24:00:00,1150.66,0.034276,1150.38,1138.93,0.271282,0.287587,0.700034
1606,22-Feb-99,24:00:00,700.326851,0.048413,700.066851,695.160855,0,0,0.7
1607,23-Feb-99,24:00:00,341.541172,0.031832,341.300755,341.294016,0,0,0.7
1608,24-Feb-99,24:00:00,478.042355,0.032546,477.812147,437.998954,0.66448,0.514961,0.702173
1609,25-Feb-99,24:00:00,1306.91,0.04204,1306.68,1181.36,0.173836,0.314478,0.700666
1610,26-Feb-99,24:00:00,434.324492,0.04391,434.094492,433.894409,0,0,0.7
1611,27-Feb-99,24:00:00,253.596454,0.033857,253.366454,253.366454,0,0,0.699661
1612,28-Feb-99,24:00:00,825.473934,0.024816,825.253725,811.76446,0.603641,0.590378,0.70058
1613,1-Mar-99,24:00:00,504.268964,0.067428,504.088131,502.66494,0,0,0.7
1614,2-Mar-99,24:00:00,297.265205,0.050511,297.104788,293.95244,0.332695,0.287076,0.700198
1615,3-Mar-99,24:00:00,583.168757,0.063023,582.842298,568.159969,0,0.025443,0.700053
1616,4-Mar-99,24:00:00,549.287332,0.072727,233.988791,233.985483,0,0,0.698591
1617,5-Mar-99,24:00:00,487.651249,0.064179,162.713749,162.713749,0,0,0.69343
1618,6-Mar-99,24:00:00,458.710605,0.05856,133.710605,133.710605,0,0,0.687219
1619,7-Mar-99,24:00:00,436.814681,0.077948,112.793847,112.793847,0,0,0.680476
1620,8-Mar-99,24:00:00,1092.05,0.027738,768.052994,599.518105,1.129771,0.86824,0.693944
1621,9-Mar-99,24:00:00,1672.32,0.057758,1348.32,1297.21,0.302314,0.324957,0.700159
1622,10-Mar-99,24:00:00,703.037892,0.060999,379.037892,378.888731,0,0,0.699374
1623,11-Mar-99,24:00:00,518.807207,0.084248,194.807207,194.807207,0,0,0.694044
1624,12-Mar-99,24:00:00,475.295824,0.060411,151.295824,151.295824,0,0,0.686802
1625,13-Mar-99,24:00:00,450.088776,0.076945,128.047109,128.047109,0,0,0.680276
1626,14-Mar-99,24:00:00,696.962891,0.01843,374.962891,363.581316,0.542007,0.30097,0.690029
1627,15-Mar-99,24:00:00,628.06353,0.088401,306.06353,304.05528,0,0,0.7
1628,16-Mar-99,24:00:00,455.381924,0.094944,133.381924,133.381924,0,0,0.696188
1629,17-Mar-99,24:00:00,420.27165,0.07274,96.313317,96.313317,0,0,0.688324
1630,18-Mar-99,24:00:00,401.949827,0.068921,79.90816,79.90816,0,0,0.681007
1631,19-Mar-99,24:00:00,397.373922,0.061614,67.540589,67.540589,0,0,0.674222
1632,20-Mar-99,24:00:00,387.992661,0.075408,57.013494,57.013494,0,0,0.667624
1633,21-Mar-99,24:00:00,379.012477,0.062807,48.012477,48.012477,0,0,0.66076
1634,22-Mar-99,24:00:00,370.657673,0.043654,40.63684,40.37621,0.200507,0,0.656553
1635,23-Mar-99,24:00:00,370.922812,0.090414,40.922812,33.931502,0.094246,0,0.68236
1636,24-Mar-99,24:00:00,1827.24,0.022636,1496.26,1023.46,1.784774,1.281027,0.709923
1637,25-Mar-99,24:00:00,2248.27,0.07012,1918.25,1485.48,0.038074,0.37097,0.704689
1638,26-Mar-99,24:00:00,734.893761,0.11239,404.893761,404.871238,0,0,0.696511
1639,27-Mar-99,24:00:00,530.068067,0.118469,200.068067,200.068067,0,0,0.685866
1640,28-Mar-99,24:00:00,482.896872,0.102861,154.855205,154.855205,0,0,0.674982
1641,29-Mar-99,24:00:00,459.599732,0.047382,131.599732,131.599732,0,0,0.667336
1642,30-Mar-99,24:00:00,443.537392,0.055349,115.537392,112.157017,0.344419,0,0.669804
1643,31-Mar-99,24:00:00,428.102846,0.078128,100.102846,94.975193,0,0,0.694411
1644,1-Apr-99,24:00:00,408.084855,0.100226,80.084855,80.084288,0,0,0.691027
1645,2-Apr-99,24:00:00,395.384019,0.122511,67.384019,67.384019,0,0,0.680903
1646,3-Apr-99,24:00:00,384.641823,0.113807,56.641823,56.641823,0,0,0.668629
1647,4-Apr-99,24:00:00,374.61186,0.118306,47.591026,47.591026,0,0,0.657186
1648,5-Apr-99,24:00:00,374.00151,0.054419,44.06401,39.97862,0.173489,0,0.663001
1649,6-Apr-99,24:00:00,364.760649,0.08541,33.781483,33.580964,0,0,0.667552
1650,7-Apr-99,24:00:00,197.64354,0.079044,28.20604,28.20604,0,0,0.661953
1651,8-Apr-99,24:00:00,270.567495,0.053817,99.671662,88.119246,0.476278,0.055177,0.694323
1652,9-Apr-99,24:00:00,214.002135,0.095234,44.960468,44.746821,0,0,0.698287
1653,10-Apr-99,24:00:00,541.051804,0.032193,256.510138,250.502067,0.72586,0.570065,0.697938
1654,11-Apr-99,24:00:00,2131.43,0.118393,1951.16,1459.39,0.591183,0.686253,0.706821
1655,12-Apr-99,24:00:00,623.802912,0.150284,446.782079,442.89132,0,0,0.691322
1656,13-Apr-99,24:00:00,350.841322,0.143242,175.799655,175.799655,0,0,0.676383
1657,14-Apr-99,24:00:00,300.95439,0.151157,125.95439,125.95439,0,0,0.661796
1658,15-Apr-99,24:00:00,281.153718,0.143098,106.153718,106.153718,0,0,0.646967
1659,16-Apr-99,24:00:00,265.671478,0.139857,90.671478,90.671478,0,0,0.633347
1660,17-Apr-99,24:00:00,251.939084,0.164973,76.939084,76.939084,0,0,0.61798
1661,18-Apr-99,24:00:00,238.968299,0.129853,64.947466,64.947466,0,0,0.603208
1662,19-Apr-99,24:00:00,229.65526,0.147388,54.676093,54.676093,0,0,0.589372
1663,20-Apr-99,24:00:00,219.991388,0.120432,45.970555,45.970555,0,0,0.575907
1664,21-Apr-99,24:00:00,212.628945,0.097572,38.628945,38.628945,0,0,0.564834
1665,22-Apr-99,24:00:00,206.451552,0.177073,32.451552,32.451552,0,0,0.551481
1666,23-Apr-99,24:00:00,201.258971,0.178112,27.258971,27.258971,0,0,0.533
1667,24-Apr-99,24:00:00,197.875298,0.176077,22.896131,22.896131,0,0,0.515866
1668,25-Apr-99,24:00:00,193.251989,0.103638,19.231155,19.231155,0,0,0.501862
1669,26-Apr-99,24:00:00,190.152679,0.097001,16.152679,16.152679,0,0,0.491648
1670,27-Apr-99,24:00:00,188.546108,0.127856,13.566941,13.566941,0,0,0.480405
1671,28-Apr-99,24:00:00,185.415943,0.132607,11.39511,11.39511,0,0,0.467244
1672,29-Apr-99,24:00:00,183.570944,0.154639,9.570944,9.570944,0,0,0.452931
1673,30-Apr-99,24:00:00,182.038793,0.180864,8.038793,8.038793,0,0,0.436722
1674,1-May-99,24:00:00,180.751914,0.130731,6.751914,6.751914,0,0,0.420339
1675,2-May-99,24:00:00,179.671044,0.063386,5.671044,5.671044,0,0,0.410631
1676,3-May-99,24:00:00,178.763203,0.090199,4.763203,4.763203,0,0,0.404201
1677,4-May-99,24:00:00,97.709025,0.12869,4.000692,4.000692,0,0,0.394897
1678,5-May-99,24:00:00,178.589413,0.169861,3.360246,3.360246,0,0,0.383386
1679,6-May-99,24:00:00,324.738992,0.152595,2.822325,2.822325,0,0,0.371991
1680,7-May-99,24:00:00,324.433017,0.171059,2.370517,2.370517,0,0,0.361738
1681,8-May-99,24:00:00,323.991036,0.158754,1.991036,1.991036,0,0,0.352664
1682,9-May-99,24:00:00,184.630636,0.16251,1.672303,1.672303,0,0,0.344633
1683,10-May-99,24:00:00,181.404595,0.129879,1.404595,1.404595,0,0,0.337483
1684,11-May-99,24:00:00,181.179742,0.167977,1.179742,1.179742,0,0,0.330362
1685,12-May-99,24:00:00,180.990884,0.158949,0.990884,0.990884,0,0,0.322888
1686,13-May-99,24:00:00,210.20726,0.151188,0.83226,0.83226,0,0,0.315541
1687,14-May-99,24:00:00,243.990695,0.127885,0.699029,0.699029,0,0,0.309318
1688,15-May-99,24:00:00,244.587125,0.140393,0.587125,0.587125,0,0,0.30353
1689,16-May-99,24:00:00,244.493136,0.170785,0.493136,0.493136,0,0,0.297015
1690,17-May-99,24:00:00,237.560026,0.165923,0.414193,0.414193,0,0,0.289782
1691,18-May-99,24:00:00,240.285387,0.136389,0.347887,0.347887,0,0,0.283591
1692,19-May-99,24:00:00,244.208863,0.152444,0.292196,0.292196,0,0,0.277762
1693,20-May-99,24:00:00,244.24542,0.121147,0.24542,0.24542,0,0,0.272511
1694,21-May-99,24:00:00,240.289466,0.17946,0.206133,0.206133,0,0,0.266691
1695,22-May-99,24:00:00,240.173134,0.222063,0.173134,0.173134,0,0,0.259275
1696,23-May-99,24:00:00,239.166252,0.176301,0.145418,0.145418,0,0,0.251908
1697,24-May-99,24:00:00,239.122139,0.162716,0.122139,0.122139,0,0,0.245926
1698,25-May-99,24:00:00,240.081753,0.18314,0.102587,0.102587,0,0,0.239809
1699,26-May-99,24:00:00,240.086164,0.189825,0.086164,0.086164,0,0,0.233496
1700,27-May-99,24:00:00,242.030704,0.184784,0.072371,0.072371,0,0,0.227352
1701,28-May-99,24:00:00,161.769119,0.193399,0.060785,0.060785,0,0,0.221346
1702,29-May-99,24:00:00,160.051055,0.134728,0.051055,0.051055,0,0,0.215945
1703,30-May-99,24:00:00,156.126215,0.170883,0.042882,0.042882,0,0,0.211512
1704,31-May-99,24:00:00,156.036017,0.17016,0.036017,0.036017,0,0,0.206384
1705,1-Jun-99,24:00:00,126.263583,0.073959,0.030251,0.030251,0,0,0.202762
1706,2-Jun-99,24:00:00,125.625407,0.127276,0.025408,0.025408,0,0,0.199833
1707,3-Jun-99,24:00:00,125.621339,0.100859,0.021341,0.021341,0,0,0.196643
1708,4-Jun-99,24:00:00,125.617923,0.154698,0.017925,0.017925,0,0,0.193148
1709,5-Jun-99,24:00:00,124.831725,0.182823,0.015055,0.015055,0,0,0.188531
1710,6-Jun-99,24:00:00,125.595977,0.186963,0.012645,0.012645,0,0,0.183655
1711,7-Jun-99,24:00:00,125.610619,0.158743,0.010621,0.010621,0,0,0.179065
1712,8-Jun-99,24:00:00,125.608919,0.176173,0.008921,0.008921,0,0,0.174891
1713,9-Jun-99,24:00:00,125.607491,0.148913,0.007493,0.007493,0,0,0.170924
1714,10-Jun-99,24:00:00,125.606292,0.184299,0.006293,0.006293,0,0,0.16687
1715,11-Jun-99,24:00:00,127.171957,0.189848,0.005286,0.005286,0,0,0.162462
1716,12-Jun-99,24:00:00,127.987773,0.174832,0.00444,0.00444,0,0,0.158297
1717,13-Jun-99,24:00:00,128.003729,0.190801,0.003729,0.003729,0,0,0.154194
1718,14-Jun-99,24:00:00,128.003132,0.184273,0.003132,0.003132,0,0,0.150039
1719,15-Jun-99,24:00:00,128.002631,0.158206,0.002631,0.002631,0,0,0.146485
1720,16-Jun-99,24:00:00,128.002209,0.199726,0.002209,0.002209,0,0,0.142814
1721,17-Jun-99,24:00:00,128.001856,0.202649,0.001856,0.001856,0,0,0.138703
1722,18-Jun-99,24:00:00,118.60156,0.147253,0.001559,0.001559,0,0,0.135298
1723,19-Jun-99,24:00:00,107.434647,0.19684,0.001309,0.001309,0,0,0.132052
1724,20-Jun-99,24:00:00,108.767769,0.184129,0.0011,0.0011,0,0,0.128546
1725,21-Jun-99,24:00:00,109.584255,0.203606,0.000924,0.000924,0,0,0.124797
1726,22-Jun-99,24:00:00,109.600774,0.225692,0.000776,0.000776,0,0,0.121186
1727,23-Jun-99,24:00:00,108.817321,0.22797,0.000652,0.000652,0,0,0.117341
1728,24-Jun-99,24:00:00,104.883884,0.163922,0.000547,0.000547,0,0,0.114053
1729,25-Jun-99,24:00:00,107.150464,0.202766,0.00046,0.00046,0,0,0.111133
1730,26-Jun-99,24:00:00,107.983719,0.208086,0.000386,0.000386,0,0,0.107902
1731,27-Jun-99,24:00:00,108.000324,0.219078,0.000324,0.000324,0,0,0.104675
1732,28-Jun-99,24:00:00,107.216943,0.217818,0.000272,0.000272,0,0,0.101451
1733,29-Jun-99,24:00:00,107.200233,0.237031,0.000229,0.000229,0,0,0.098205
1734,30-Jun-99,24:00:00,107.200197,0.260475,0.000192,0.000192,0,0,0.09483
1735,1-Jul-99,24:00:00,107.200166,0.251344,0.000161,0.000161,0,0,0.091394
1736,2-Jul-99,24:00:00,107.20014,0.228619,0.000136,0.000136,0,0,0.088285
1737,3-Jul-99,24:00:00,107.200118,0.177173,0.000114,0.000114,0,0,0.085707
1738,4-Jul-99,24:00:00,106.416764,0.193986,0.000096,0.000096,0,0,0.083502
1739,5-Jul-99,24:00:00,106.400082,0.219692,0.00008,0.00008,0,0,0.081094
1740,6-Jul-99,24:00:00,106.400069,0.213125,0.000067,0.000067,0,0,0.078587
1741,7-Jul-99,24:00:00,106.400058,0.203325,0.000057,0.000057,0,0,0.076295
1742,8-Jul-99,24:00:00,106.400049,0.221741,0.000048,0.000048,0,0,0.074025
1743,9-Jul-99,24:00:00,105.616705,0.208497,0.00004,0.00004,0,0,0.071744
1744,10-Jul-99,24:00:00,106.383368,0.235588,0.000034,0.000034,0,0,0.069553
1745,11-Jul-99,24:00:00,107.183366,0.229048,0.000028,0.000028,0,0,0.067254
1746,12-Jul-99,24:00:00,102.500025,0.229646,0.000024,0.000024,0,0,0.065092
1747,13-Jul-99,24:00:00,103.966687,0.215387,0.00002,0.00002,0,0,0.063059
1748,14-Jul-99,24:00:00,108.70002,0.218955,0.000017,0.000017,0,0,0.061127
1749,15-Jul-99,24:00:00,107.233352,0.196891,0.000014,0.000014,0,0,0.059334
1750,16-Jul-99,24:00:00,106.41668,0.198754,0.000012,0.000012,0,0,0.057672
1751,17-Jul-99,24:00:00,106.400011,0.181385,0.00001,0.00001,0,0,0.056104
1752,18-Jul-99,24:00:00,105.616674,0.191496,0.000008,0.000008,0,0,0.05466
1753,19-Jul-99,24:00:00,108.733343,0.150797,0.000007,0.000007,0,0,0.05331
1754,20-Jul-99,24:00:00,109.583338,0.152659,0.000006,0.000006,0,0,0.052174
1755,21-Jul-99,24:00:00,110.38334,0.15274,0.000005,0.000005,0,0,0.051051
1756,22-Jul-99,24:00:00,108.83334,0.192632,0.000004,0.000004,0,0,0.049804
1757,23-Jul-99,24:00:00,108.01667,0.159094,0.000003,0.000003,0,0,0.048559
1758,24-Jul-99,24:00:00,108.000003,0.162028,0.000003,0.000003,0,0,0.04746
1759,25-Jul-99,24:00:00,108.000002,0.201138,0.000002,0.000002,0,0,0.046239
1760,26-Jul-99,24:00:00,108.783338,0.19353,0.000002,0.000002,0,0,0.044955
1761,27-Jul-99,24:00:00,106.450003,0.160332,0.000002,0.000002,0,0,0.043846
1762,28-Jul-99,24:00:00,106.400003,0.163633,0.000001,0.000001,0,0,0.042834
1763,29-Jul-99,24:00:00,105.616666,0.157917,0.000001,0.000001,0,0,0.041867
1764,30-Jul-99,24:00:00,105.599999,0.193491,0.000001,0.000001,0,0,0.04082
1765,31-Jul-99,24:00:00,105.599999,0.211442,0.000001,0.000001,0,0,0.039678
1766,1-Aug-99,24:00:00,106.383336,0.186155,0.000001,0.000001,0,0,0.038535
1767,2-Aug-99,24:00:00,105.616666,0.191056,0.000001,0.000001,0,0,0.037512
1768,3-Aug-99,24:00:00,83.666672,0.192439,0.000001,0.000001,0,0,0.036497
1769,4-Aug-99,24:00:00,105.133332,0.193393,0,0,0,0,0.035505
1770,5-Aug-99,24:00:00,105.599999,0.086859,0,0,0,0,0.034793
1771,6-Aug-99,24:00:00,104.81667,0.117636,0,0,0,0,0.034264
1772,7-Aug-99,24:00:00,105.583332,0.121698,0,0,0,0,0.033708
1773,8-Aug-99,24:00:00,104.81667,0.142697,0,0,0,0,0.033072
1774,9-Aug-99,24:00:00,104.800003,0.166858,0,0,0,0,0.032362
1775,10-Aug-99,24:00:00,104.800003,0.120085,0,0,0,0,0.031687
1776,11-Aug-99,24:00:00,104.800003,0.125033,0,0,0,0,0.031148
1777,12-Aug-99,24:00:00,104.800003,0.140845,0,0,0,0,0.030563
1778,13-Aug-99,24:00:00,104.800003,0.148214,0,0,0,0,0.029939
1779,14-Aug-99,24:00:00,104.800003,0.171395,0,0,0,0,0.029254
1780,15-Aug-99,24:00:00,104.800003,0.169943,0,0,0,0,0.02855
1781,16-Aug-99,24:00:00,104.800003,0.198309,0,0,0,0,0.027818
1782,17-Aug-99,24:00:00,104.800003,0.182837,0,0,0,0,0.027077
1783,18-Aug-99,24:00:00,104.800003,0.168375,0,0,0,0,0.026391
1784,19-Aug-99,24:00:00,104.800003,0.192445,0,0,0,0,0.025729
1785,20-Aug-99,24:00:00,105.583332,0.182754,0,0,0,0,0.025045
1786,21-Aug-99,24:00:00,105.599998,0.178078,0,0,0,0,0.0244
1787,22-Aug-99,24:00:00,105.599998,0.187763,0,0,0,0,0.023779
1788,23-Aug-99,24:00:00,107.166671,0.143044,0,0,0,0,0.023218
1789,24-Aug-99,24:00:00,107.200005,0.184698,0,0,0,0,0.022677
1790,25-Aug-99,24:00:00,106.416668,0.186494,0,0,0,0,0.022089
1791,26-Aug-99,24:00:00,104.833336,0.159992,0,0,0,0,0.021544
1792,27-Aug-99,24:00:00,107.150005,0.181954,0,0,0,0,0.021015
1793,28-Aug-99,24:00:00,110.333335,0.182088,0,0,0,0,0.020484
1794,29-Aug-99,24:00:00,111.183338,0.188569,0,0,0,0,0.019951
1795,30-Aug-99,24:00:00,111.200005,0.157751,0,0,0,0,0.019453
1796,31-Aug-99,24:00:00,110.416668,0.149475,0,0,0,0,0.019038
1797,1-Sep-99,24:00:00,110.400002,0.123988,0,0,0,0,0.018664
1798,2-Sep-99,24:00:00,110.400002,0.162082,0,0,0,0,0.018288
1799,3-Sep-99,24:00:00,110.400002,0.150919,0,0,0,0,0.017879
1800,4-Sep-99,24:00:00,110.400002,0.153848,0,0,0,0,0.017494
1801,5-Sep-99,24:00:00,110.400002,0.172436,0,0,0,0,0.017097
1802,6-Sep-99,24:00:00,108.833336,0.161365,0,0,0,0,0.016686
1803,7-Sep-99,24:00:00,107.233338,0.183852,0,0,0,0,0.016288
1804,8-Sep-99,24:00:00,105.633332,0.164073,0,0,0,0,0.015891
1805,9-Sep-99,24:00:00,107.166671,0.143877,0,0,0,0,0.015545
1806,10-Sep-99,24:00:00,108.76667,0.130747,0,0,0,0,0.015235
1807,11-Sep-99,24:00:00,108.800003,0.139647,0,0,0,0,0.014943
1808,12-Sep-99,24:00:00,108.800003,0.131678,0,0,0,0,0.01466
1809,13-Sep-99,24:00:00,108.800003,0.135096,0,0,0,0,0.014381
1810,14-Sep-99,24:00:00,118.200002,0.13913,0,0,0,0,0.0141
1811,15-Sep-99,24:00:00,112.91667,0.142982,0,0,0,0,0.01382
1812,16-Sep-99,24:00:00,141.783342,0.139992,0,0,0,0,0.01354
1813,17-Sep-99,24:00:00,167.466667,0.151979,0,0,0,0,0.013262
1814,18-Sep-99,24:00:00,144.5,0.141998,0,0,0,0,0.012989
1815,19-Sep-99,24:00:00,143.216664,0.104861,0,0,0,0,0.01275
1816,20-Sep-99,24:00:00,141.633339,0.115006,0,0,0,0,0.012561
1817,21-Sep-99,24:00:00,136.900003,0.144952,0,0,0,0,0.012326
1818,22-Sep-99,24:00:00,133.666673,0.117997,0,0,0,0,0.012102
1819,23-Sep-99,24:00:00,136.733336,0.129555,0,0,0,0,0.011881
1820,24-Sep-99,24:00:00,138.366676,0.133579,0,0,0,0,0.011662
1821,25-Sep-99,24:00:00,138.400009,0.147331,0,0,0,0,0.011431
1822,26-Sep-99,24:00:00,139.183331,0.150242,0,0,0,0,0.011193
1823,27-Sep-99,24:00:00,138.416676,0.142102,0,0,0,0,0.01096
1824,28-Sep-99,24:00:00,138.400009,0.11844,0,0,0,0,0.010756
1825,29-Sep-99,24:00:00,139.966667,0.119583,0,0,0,0,0.010574
1826,30-Sep-99,24:00:00,141.566673,0.13457,0,0,0,0,0.010386
1827,1-Oct-99,24:00:00,175.283333,0.123508,0,0,0,0,0.010194
1828,2-Oct-99,24:00:00,176,0.116039,0,0,0,0,0.010023
1829,3-Oct-99,24:00:00,174.041667,0.105353,0,0,0,0,0.009869
1830,4-Oct-99,24:00:00,171.0625,0.101329,0,0,0,0,0.009717
1831,5-Oct-99,24:00:00,173.9375,0.087997,0,0,0,0,0.009589
1832,6-Oct-99,24:00:00,178.895833,0.087541,0,0,0,0,0.009466
1833,7-Oct-99,24:00:00,179.979167,0.09983,0,0,0,0,0.00934
1834,8-Oct-99,24:00:00,177.0625,0.11924,0,0,0,0,0.009198
1835,9-Oct-99,24:00:00,176.020833,0.117227,0,0,0,0,0.009042
1836,10-Oct-99,24:00:00,176.979167,0.121212,0,0,0,0,0.008892
1837,11-Oct-99,24:00:00,176.020833,0.120985,0,0,0,0,0.008738
1838,12-Oct-99,24:00:00,176.979167,0.104064,0,0,0,0,0.008596
1839,13-Oct-99,24:00:00,180.916667,0.099944,0,0,0,0,0.008474
1840,14-Oct-99,24:00:00,182.958333,0.098633,0,0,0,0,0.008355
1841,15-Oct-99,24:00:00,197.6875,0.077934,0,0,0,0,0.008247
1842,16-Oct-99,24:00:00,209.75,0.105309,0,0,0,0,0.008141
1843,17-Oct-99,24:00:00,218.8125,0.092479,0,0,0,0,0.008027
1844,18-Oct-99,24:00:00,229.770833,0.089229,0,0,0,0,0.007922
1845,19-Oct-99,24:00:00,230,0.094148,0,0,0,0,0.00782
1846,20-Oct-99,24:00:00,239.791667,0.079629,0,0,0,0,0.007722
1847,21-Oct-99,24:00:00,251.75,0.043955,0,0,0,0,0.007655
1848,22-Oct-99,24:00:00,268.645833,0.053402,0,0,0,0,0.007602
1849,23-Oct-99,24:00:00,274.875,0.077815,0,0,0,0,0.007532
1850,24-Oct-99,24:00:00,218.208333,0.075648,0,0,0,0,0.007449
1851,25-Oct-99,24:00:00,63.270833,0.08074,0,0,0,0,0.007366
1852,26-Oct-99,24:00:00,1.739583,0.064172,0,0,0,0,0.00729
1853,27-Oct-99,24:00:00,13.42517,0.017941,12.92517,0,1.060886,0,0.033836
1854,28-Oct-99,24:00:00,53.977497,0.064994,13.821247,0,0.021964,0,0.115393
1855,29-Oct-99,24:00:00,105.629479,0.064227,0.004479,0,0,0,0.115323
1856,30-Oct-99,24:00:00,147.145833,0.068878,0,0,0,0,0.11448
1857,31-Oct-99,24:00:00,206.75,0.065445,0,0,0,0,0.113375
1858,1-Nov-99,24:00:00,213.875,0.062295,0,0,0,0,0.11235
1859,2-Nov-99,24:00:00,204.208333,0.072773,0,0,0,0,0.11157
1860,3-Nov-99,24:00:00,195.1875,0.054797,0,0,0,0,0.110812
1861,4-Nov-99,24:00:00,198.916667,0.074391,0,0,0,0,0.109798
1862,5-Nov-99,24:00:00,204.875,0.062517,0,0,0,0,0.108717
1863,6-Nov-99,24:00:00,200.104167,0.06344,0,0,0,0,0.107761
1864,7-Nov-99,24:00:00,208.259303,0.034829,6.30097,0,0.681315,0,0.121062
1865,8-Nov-99,24:00:00,218.395338,0.04596,10.520338,0,0,0,0.17497
1866,9-Nov-99,24:00:00,174.718347,0.039188,0.010014,0,0,0,0.17497
1867,10-Nov-99,24:00:00,195.035897,0.02133,32.785897,0,1.560067,0,0.261417
1868,11-Nov-99,24:00:00,176.566744,0.053904,5.754244,0,0,0,0.330976
1869,12-Nov-99,24:00:00,152.395833,0.034592,0,0,0,0,0.330976
1870,13-Nov-99,24:00:00,170.604167,0.050946,0,0,0,0,0.329999
1871,14-Nov-99,24:00:00,168.079831,0.036524,0.017331,0,0.042627,0,0.328302
1872,15-Nov-99,24:00:00,178.363559,0.036491,6.446892,0,0.222737,0,0.350746
1873,16-Nov-99,24:00:00,202.224267,0.01613,18.474267,0,0.853242,0,0.397501
1874,17-Nov-99,24:00:00,198.445729,0.030445,2.695729,0,0,0,0.439143
1875,18-Nov-99,24:00:00,182.291667,0.041855,0,0,0,0,0.439143
1876,19-Nov-99,24:00:00,240.717094,0.023357,18.57126,0,0.842302,0,0.487138
1877,20-Nov-99,24:00:00,244.543463,0.042061,3.918463,0,0.068851,0,0.529541
1878,21-Nov-99,24:00:00,237.102895,0.054401,0.019562,0,0,0,0.530258
1879,22-Nov-99,24:00:00,278.125,0.042549,0,0,0,0,0.528437
1880,23-Nov-99,24:00:00,271.166667,0.029924,0,0,0,0,0.524884
1881,24-Nov-99,24:00:00,267.083333,0.024649,0,0,0,0,0.522208
1882,25-Nov-99,24:00:00,265.041667,0.041461,0,0,0,0,0.518943
1883,26-Nov-99,24:00:00,264.020833,0.032882,0,0,0,0,0.515179
1884,27-Nov-99,24:00:00,261.0625,0.037426,0,0,0,0,0.511682
1885,28-Nov-99,24:00:00,260.020833,0.034319,0,0,0,0,0.5082
1886,29-Nov-99,24:00:00,260.675908,0.025548,3.613408,0,0.673855,0,0.51446
1887,30-Nov-99,24:00:00,308.277264,0.02407,22.881431,0,0.525118,0,0.58486
1888,1-Dec-99,24:00:00,308.564928,0.029103,7.877428,0,0,0,0.623879
1889,2-Dec-99,24:00:00,304.559231,0.040889,1.600898,0,0.067405,0,0.628671
1890,3-Dec-99,24:00:00,297.19043,0.036357,0.06543,0,0,0,0.630619
1891,4-Dec-99,24:00:00,283.291667,0.032246,0,0,0,0,0.630209
1892,5-Dec-99,24:00:00,274.1875,0.022944,0,0,0,0,0.628535
1893,6-Dec-99,24:00:00,271.0625,0.019862,0,0,0,0,0.626319
1894,7-Dec-99,24:00:00,268.0625,0.03518,0,0,0,0,0.623659
1895,8-Dec-99,24:00:00,265.0625,0.023521,0,0,0,0,0.62094
1896,9-Dec-99,24:00:00,288.925512,0.017553,7.279678,0,0.300224,0,0.644629
1897,10-Dec-99,24:00:00,286.053782,0.030951,0.137116,0,0,0,0.649401
1898,11-Dec-99,24:00:00,270.333333,0.03584,0,0,0,0,0.649401
1899,12-Dec-99,24:00:00,268.041667,0.019668,0,0,0,0,0.649361
1900,13-Dec-99,24:00:00,215.125,0.038095,0,0,0,0,0.647328
1901,14-Dec-99,24:00:00,148.395833,0.030069,0,0,0,0,0.644011
1902,15-Dec-99,24:00:00,151.895833,0.029641,0,0,0,0,0.641016
1903,16-Dec-99,24:00:00,146.125,0.035361,0,0,0,0,0.637755
1904,17-Dec-99,24:00:00,144.041667,0.029466,0,0,0,0,0.634546
1905,18-Dec-99,24:00:00,139.104167,0.034983,0,0,0,0,0.63128
1906,19-Dec-99,24:00:00,132.145833,0.038245,0,0,0,0,0.627629
1907,20-Dec-99,24:00:00,122.208333,0.040731,0,0,0,0,0.623694
1908,21-Dec-99,24:00:00,122,0.033731,0,0,0,0,0.61998
1909,22-Dec-99,24:00:00,122,0.044128,0,0,0,0,0.616121
1910,23-Dec-99,24:00:00,125.916667,0.027568,0,0,0,0,0.612464
1911,24-Dec-99,24:00:00,125.020833,0.03545,0,0,0,0,0.609321
1912,25-Dec-99,24:00:00,124.020833,0.036286,0,0,0,0,0.605734
1913,26-Dec-99,24:00:00,123.020833,0.033364,0,0,0,0,0.602241
1914,27-Dec-99,24:00:00,123,0.044458,0,0,0,0,0.598525
1915,28-Dec-99,24:00:00,127.895833,0.032775,0,0,0,0,0.594462
1916,29-Dec-99,24:00:00,128,0.034134,0,0,0,0,0.59115
1917,30-Dec-99,24:00:00,128,0.036243,0,0,0,0,0.587658
1918,31-Dec-99,24:00:00,122.125,0.023726,0,0,0,0,0.58464
1919,1-Jan-00,24:00:00,65.208333,0.028866,0,0,0,0,0.582369
1920,2-Jan-00,24:00:00,56.166667,0.025214,0,0,0,0,0.581372
1921,3-Jan-00,24:00:00,56.192724,0.032587,0.192724,0,0.009139,0,0.58181
1922,4-Jan-00,24:00:00,57.991388,0.009122,0.033055,0,0,0,0.582286
1923,5-Jan-00,24:00:00,55.0625,0.030343,0,0,0,0,0.582286
1924,6-Jan-00,24:00:00,49.125,0.021006,0,0,0,0,0.582286
1925,7-Jan-00,24:00:00,40.1875,0.027631,0,0,0,0,0.582286
1926,8-Jan-00,24:00:00,38.041667,0.035904,0,0,0,0,0.580646
1927,9-Jan-00,24:00:00,39.958333,0.028258,0,0,0,0,0.577468
1928,10-Jan-00,24:00:00,52.790399,0.021474,8.873733,0,0.526837,0,0.596871
1929,11-Jan-00,24:00:00,203.857361,0.025179,17.878195,0,0.584396,0,0.670051
1930,12-Jan-00,24:00:00,184.961909,0.013142,0.857743,0,0.007026,0,0.68753
1931,13-Jan-00,24:00:00,186.3622,0.017195,17.0497,15.875945,0.230695,0.10907,0.690237
1932,14-Jan-00,24:00:00,698.941287,0.015071,436.920454,426.860416,0.232031,0.232031,0.7
1933,15-Jan-00,24:00:00,869.693303,0.038259,590.026637,580.978717,0.604667,0.558179,0.700194
1934,16-Jan-00,24:00:00,1245.07,0.035712,928.845586,915.196299,0.308095,0.354584,0.701792
1935,17-Jan-00,24:00:00,920.090482,0.026462,628.548815,621.048355,0.321391,0.321391,0.700042
1936,18-Jan-00,24:00:00,1066.77,0.029244,766.962136,757.359531,0.402107,0.402107,0.7
1937,19-Jan-00,24:00:00,1006.05,0.01446,688.422725,680.367172,0.329112,0.329112,0.70001
1938,20-Jan-00,24:00:00,681.704296,0.019923,364.683462,363.77297,0,0,0.7
1939,21-Jan-00,24:00:00,545.233775,0.024523,227.254608,226.425685,0.042893,0.042893,0.7
1940,22-Jan-00,24:00:00,488.500352,0.026853,179.312852,179.082141,0,0,0.7
1941,23-Jan-00,24:00:00,744.530772,0.012071,440.426605,433.88767,0.29912,0.29912,0.7
1942,24-Jan-00,24:00:00,866.906819,0.016903,557.031819,550.882049,0.24307,0.24307,0.7
1943,25-Jan-00,24:00:00,582.889225,0.035113,268.972559,268.267784,0,0,0.7
1944,26-Jan-00,24:00:00,460.547907,0.038014,145.568741,145.567872,0,0,0.7
1945,27-Jan-00,24:00:00,428.302177,0.032418,113.302177,113.302177,0,0,0.699796
1946,28-Jan-00,24:00:00,412.190605,0.027715,95.232271,95.232271,0,0,0.698058
1947,29-Jan-00,24:00:00,458.105121,0.049558,139.146788,137.074879,0.136463,0.100429,0.698369
1948,30-Jan-00,24:00:00,1494.25,0.032081,1175.25,1153.39,0.976968,0.976968,0.701621
1949,31-Jan-00,24:00:00,1207.31,0.010098,885.375875,876.989917,0.206802,0.206802,0.7
1950,1-Feb-00,24:00:00,626.624175,0.024123,324.207508,323.905291,0,0,0.7
1951,2-Feb-00,24:00:00,482.164502,0.05573,177.227002,177.227002,0,0,0.7
1952,3-Feb-00,24:00:00,489.438896,0.041246,184.438896,183.085858,0.08085,0.061439,0.699676
1953,4-Feb-00,24:00:00,475.016496,0.036809,170.016496,169.372196,0,0,0.7
1954,5-Feb-00,24:00:00,1246.06,0.022571,936.167068,869.561617,0.723077,0.723077,0.702428
1955,6-Feb-00,24:00:00,797.229678,0.044121,497.021345,490.743857,0,0,0.7
1956,7-Feb-00,24:00:00,476.547181,0.050086,194.172181,194.172181,0,0,0.699988
1957,8-Feb-00,24:00:00,445.288513,0.044617,135.871846,135.871846,0,0,0.697766
1958,9-Feb-00,24:00:00,398.397969,0.029123,112.877136,112.877136,0,0,0.69455
1959,10-Feb-00,24:00:00,626.740868,0.050178,317.261701,311.381919,0.25857,0.195257,0.698751
1960,11-Feb-00,24:00:00,1281.23,0.017679,970.255162,765.174005,0.91606,0.91606,0.704482
1961,12-Feb-00,24:00:00,1468.05,0.025928,1158.03,1046.26,0.288024,0.275437,0.700176
1962,13-Feb-00,24:00:00,2423.90,0.020853,2154.04,1823.42,1.727875,1.473722,0.716825
1963,14-Feb-00,24:00:00,2700.94,0.038282,2571.96,2387.05,0.782589,1.049329,0.719912
1964,15-Feb-00,24:00:00,1214.75,0.054256,1024.12,1020.93,0,0,0.7
1965,16-Feb-00,24:00:00,763.16542,0.023266,454.644587,454.644587,0,0,0.7
1966,17-Feb-00,24:00:00,641.94593,0.041039,332.904263,332.904263,0,0,0.698772
1967,18-Feb-00,24:00:00,588.676326,0.04774,278.697159,278.697159,0,0,0.694864
1968,19-Feb-00,24:00:00,545.693855,0.061357,236.673022,236.673022,0,0,0.689579
1969,20-Feb-00,24:00:00,795.349501,0.038897,486.349501,272.637615,0.386547,0.215614,0.68887
1970,21-Feb-00,24:00:00,930.644719,0.064772,620.665553,438.883219,0.021552,0.021552,0.7
1971,22-Feb-00,24:00:00,1489.61,0.015467,1178.63,721.964386,0.985865,0.883538,0.705929
1972,23-Feb-00,24:00:00,1643.98,0.039793,1333.96,1100.38,0,0.102327,0.700385
1973,24-Feb-00,24:00:00,657.946689,0.031174,347.946689,347.946689,0,0,0.7
1974,25-Feb-00,24:00:00,520.325546,0.044449,210.325546,210.325546,0,0,0.699437
1975,26-Feb-00,24:00:00,1720.17,0.019253,1409.19,1313.86,1.463022,1.310806,0.704947
1976,27-Feb-00,24:00:00,2213.13,0.040027,2029.42,1760.79,0.498792,0.636221,0.700772
1977,28-Feb-00,24:00:00,1001.53,0.056262,702.053433,700.520475,0.02944,0.02326,0.700013
1978,29-Feb-00,24:00:00,1373.97,0.057388,1062.18,1048.61,0.527294,0.533474,0.702073
1979,1-Mar-00,24:00:00,777.833031,0.056538,466.812197,466.631521,0,0,0.699567
1980,2-Mar-00,24:00:00,764.740573,0.050689,453.740573,450.238118,0.146358,0.134222,0.699769
1981,3-Mar-00,24:00:00,599.355043,0.076955,289.33421,289.221019,0,0,0.698932
1982,4-Mar-00,24:00:00,665.488392,0.035729,354.509225,350.679295,0.34091,0.283426,0.697676
1983,5-Mar-00,24:00:00,776.528286,0.033088,466.507453,461.916784,0,0,0.7
1984,6-Mar-00,24:00:00,525.882285,0.059321,214.903118,214.901827,0,0,0.7
1985,7-Mar-00,24:00:00,518.679699,0.027581,207.679699,206.707181,0.183999,0.166738,0.699498
1986,8-Mar-00,24:00:00,674.801804,0.024792,360.864304,356.486296,0.03791,0.03791,0.7
1987,9-Mar-00,24:00:00,719.884069,0.064215,403.925736,399.695945,0.167448,0.167448,0.700058
1988,10-Mar-00,24:00:00,507.775477,0.03829,191.775477,191.50083,0.060873,0.060873,0.7
1989,11-Mar-00,24:00:00,504.88995,0.076128,188.88995,187.622748,0,0,0.7
1990,12-Mar-00,24:00:00,426.455027,0.100264,111.434194,111.433799,0,0,0.696786
1991,13-Mar-00,24:00:00,402.945681,0.102906,87.945681,87.945681,0,0,0.687484
1992,14-Mar-00,24:00:00,389.629316,0.102102,73.650149,73.650149,0,0,0.677499
1993,15-Mar-00,24:00:00,379.064679,0.125016,62.085512,62.085512,0,0,0.666187
1994,16-Mar-00,24:00:00,369.279531,0.106602,52.279531,52.279531,0,0,0.654424
1995,17-Mar-00,24:00:00,360.967461,0.114921,43.967461,43.967461,0,0,0.64333
1996,18-Mar-00,24:00:00,353.951291,0.121795,36.951291,36.951291,0,0,0.631424
1997,19-Mar-00,24:00:00,348.044411,0.105851,31.044411,31.044411,0,0,0.620195
1998,20-Mar-00,24:00:00,162.911171,0.109186,26.077837,26.077837,0,0,0.609229
1999,21-Mar-00,24:00:00,123.571024,0.12308,21.904357,21.904357,0,0,0.597637
2000,22-Mar-00,24:00:00,324.044085,0.117149,18.398252,18.398252,0,0,0.585779
2001,23-Mar-00,24:00:00,340.140648,0.098078,15.453148,15.453148,0,0,0.57472
2002,24-Mar-00,24:00:00,337.000241,0.100302,12.979408,12.979408,0,0,0.564937
2003,25-Mar-00,24:00:00,326.089137,0.101729,10.901637,10.901637,0,0,0.554864
2004,26-Mar-00,24:00:00,305.552303,0.114053,9.15647,9.15647,0,0,0.544104
2005,27-Mar-00,24:00:00,295.857337,0.088712,7.69067,7.69067,0,0,0.534043
2006,28-Mar-00,24:00:00,261.167853,0.093869,6.45952,6.45952,0,0,0.524695
2007,29-Mar-00,24:00:00,273.133789,0.115528,5.425456,5.425456,0,0,0.514371
2008,30-Mar-00,24:00:00,257.869429,0.132892,4.556929,4.556929,0,0,0.501882
2009,31-Mar-00,24:00:00,268.577439,0.1324,3.827439,3.827439,0,0,0.488703
2010,1-Apr-00,24:00:00,271.152228,0.136566,3.214728,3.214728,0,0,0.475132
2011,2-Apr-00,24:00:00,239.366769,0.152131,2.700102,2.700102,0,0,0.460598
2012,3-Apr-00,24:00:00,206.934526,0.169723,2.26786,2.26786,0,0,0.445053
2013,4-Apr-00,24:00:00,198.071479,0.113928,1.904812,1.904812,0,0,0.430538
2014,5-Apr-00,24:00:00,202.495716,0.128231,1.599883,1.599883,0,0,0.418465
2015,6-Apr-00,24:00:00,207.239602,0.134224,1.343768,1.343768,0,0,0.406058
2016,7-Apr-00,24:00:00,208.10782,0.150069,1.128653,1.128653,0,0,0.393885
2017,8-Apr-00,24:00:00,187.385474,0.098246,0.947974,0.947974,0,0,0.384054
2018,9-Apr-00,24:00:00,181.900386,0.114762,0.796219,0.796219,0,0,0.376444
2019,10-Apr-00,24:00:00,176.772924,0.141874,0.668757,0.668757,0,0,0.367992
2020,11-Apr-00,24:00:00,164.8117,0.108077,0.5617,0.5617,0,0,0.360461
2021,12-Apr-00,24:00:00,160.555114,0.077325,0.471781,0.471781,0,0,0.35505
2022,13-Apr-00,24:00:00,150.60459,0.088875,0.396257,0.396257,0,0,0.350792
2023,14-Apr-00,24:00:00,133.686989,0.092539,0.332822,0.332822,0,0,0.346258
2024,15-Apr-00,24:00:00,141.112876,0.084393,0.279543,0.279543,0,0,0.341831
2025,16-Apr-00,24:00:00,166.646606,0.028861,17.813273,0.234793,1.38634,0,0.383298
2026,17-Apr-00,24:00:00,239.954936,0.099117,19.475769,0.197206,0.107268,0,0.488163
2027,18-Apr-00,24:00:00,149.748601,0.097403,0.206935,0.165637,0,0,0.484492
2028,19-Apr-00,24:00:00,150.097455,0.101223,0.139121,0.139121,0,0,0.474588
2029,20-Apr-00,24:00:00,166.762684,0.133187,0.11685,0.11685,0,0,0.46288
2030,21-Apr-00,24:00:00,183.743978,0.155695,0.098145,0.098145,0,0,0.448515
2031,22-Apr-00,24:00:00,222.269933,0.106246,0.082433,0.082433,0,0,0.4357
2032,23-Apr-00,24:00:00,173.131737,0.129413,0.069237,0.069237,0,0,0.423541
2033,24-Apr-00,24:00:00,135.828987,0.156852,0.058153,0.058153,0,0,0.410047
2034,25-Apr-00,24:00:00,138.965511,0.118835,0.048844,0.048844,0,0,0.397527
2035,26-Apr-00,24:00:00,155.686858,0.172113,0.041025,0.041025,0,0,0.386098
2036,27-Apr-00,24:00:00,170.721957,0.074937,0.034457,0.034457,0,0,0.376936
2037,28-Apr-00,24:00:00,179.841441,0.118705,0.028941,0.028941,0,0,0.370357
2038,29-Apr-00,24:00:00,188.836808,0.151184,0.024308,0.024308,0,0,0.362135
2039,30-Apr-00,24:00:00,189.999584,0.171308,0.020417,0.020417,0,0,0.353219
2040,1-May-00,24:00:00,189.037982,0.126069,0.017149,0.017149,0,0,0.345366
2041,2-May-00,24:00:00,187.05607,0.129433,0.014403,0.014403,0,0,0.339334
2042,3-May-00,24:00:00,185.053764,0.147633,0.012098,0.012098,0,0,0.332677
2043,4-May-00,24:00:00,180.114328,0.142079,0.010161,0.010161,0,0,0.325904
2044,5-May-00,24:00:00,179.029368,0.129595,0.008534,0.008534,0,0,0.319448
2045,6-May-00,24:00:00,179.007168,0.053541,0.007168,0.007168,0,0,0.315212
2046,7-May-00,24:00:00,191.386398,0.052937,7.490565,0.006021,0.323658,0,0.334535
2047,8-May-00,24:00:00,193.328719,0.133926,0.516219,0.005057,0,0,0.345738
2048,9-May-00,24:00:00,137.191747,0.08206,0.004247,0.004247,0,0,0.342664
2049,10-May-00,24:00:00,151.670234,0.08805,0.003567,0.003567,0,0,0.338319
2050,11-May-00,24:00:00,164.732163,0.133593,0.002996,0.002996,0,0,0.333052
2051,12-May-00,24:00:00,222.77335,0.128583,0.002517,0.002517,0,0,0.326908
2052,13-May-00,24:00:00,226.465207,0.113423,0.506873,0.002114,0.110702,0,0.323243
2053,14-May-00,24:00:00,238.382261,0.048623,4.548928,0.001775,0.231532,0,0.338497
2054,15-May-00,24:00:00,253.120548,0.087513,3.453881,0.001491,0.003164,0,0.353421
2055,16-May-00,24:00:00,197.154722,0.121146,0.029722,0.001252,0,0,0.353238
2056,17-May-00,24:00:00,143.126052,0.151485,0.001052,0.001052,0,0,0.348674
2057,18-May-00,24:00:00,160.60505,0.187741,0.000884,0.000884,0,0,0.340391
2058,19-May-00,24:00:00,171.771575,0.167098,0.000742,0.000742,0,0,0.331702
2059,20-May-00,24:00:00,181.79229,0.184049,0.000623,0.000623,0,0,0.323467
2060,21-May-00,24:00:00,178.083857,0.211941,0.000524,0.000524,0,0,0.314548
2061,22-May-00,24:00:00,171.146273,0.210698,0.00044,0.00044,0,0,0.305283
2062,23-May-00,24:00:00,144.562869,0.206715,0.000369,0.000369,0,0,0.296202
2063,24-May-00,24:00:00,145.958644,0.215607,0.00031,0.00031,0,0,0.287632
2064,25-May-00,24:00:00,155.791927,0.196855,0.000261,0.000261,0,0,0.278913
2065,26-May-00,24:00:00,163.833552,0.183756,0.000219,0.000219,0,0,0.271528
2066,27-May-00,24:00:00,163.021017,0.183924,0.000184,0.000184,0,0,0.264475
2067,28-May-00,24:00:00,160.062654,0.161137,0.000154,0.000154,0,0,0.258116
2068,29-May-00,24:00:00,156.083463,0.183694,0.00013,0.00013,0,0,0.251811
2069,30-May-00,24:00:00,154.041776,0.182628,0.000109,0.000109,0,0,0.245295
2070,31-May-00,24:00:00,150.083425,0.182448,0.000091,0.000091,0,0,0.238966
2071,1-Jun-00,24:00:00,119.058412,0.213073,0.000077,0.000077,0,0,0.232403
2072,2-Jun-00,24:00:00,118.400066,0.188802,0.000065,0.000065,0,0,0.225707
2073,3-Jun-00,24:00:00,118.400056,0.202397,0.000054,0.000054,0,0,0.219507
2074,4-Jun-00,24:00:00,116.050046,0.182899,0.000046,0.000046,0,0,0.213547
2075,5-Jun-00,24:00:00,116.000038,0.160815,0.000038,0.000038,0,0,0.208359
2076,6-Jun-00,24:00:00,119.13337,0.181918,0.000032,0.000032,0,0,0.203306
2077,7-Jun-00,24:00:00,112.933363,0.097653,0.000027,0.000027,0,0,0.199144
2078,8-Jun-00,24:00:00,107.316694,0.131412,0.000023,0.000023,0,0,0.197232
2079,9-Jun-00,24:00:00,107.200024,0.147152,0.000019,0.000019,0,0,0.194144
2080,10-Jun-00,24:00:00,107.200021,0.15473,0.000016,0.000016,0,0,0.189992
2081,11-Jun-00,24:00:00,107.200018,0.147913,0.000013,0.000013,0,0,0.185949
2082,12-Jun-00,24:00:00,107.200016,0.162352,0.000011,0.000011,0,0,0.181897
2083,13-Jun-00,24:00:00,107.200014,0.236185,0.000009,0.000009,0,0,0.17683
2084,14-Jun-00,24:00:00,107.200013,0.229733,0.000008,0.000008,0,0,0.170996
2085,15-Jun-00,24:00:00,109.550005,0.226286,0.000007,0.000007,0,0,0.165477
2086,16-Jun-00,24:00:00,111.950006,0.228024,0.000006,0.000006,0,0,0.160199
2087,17-Jun-00,24:00:00,107.300009,0.18113,0.000005,0.000005,0,0,0.155576
2088,18-Jun-00,24:00:00,108.766674,0.151315,0.000004,0.000004,0,0,0.152005
2089,19-Jun-00,24:00:00,107.233341,0.19961,0.000003,0.000003,0,0,0.148141
2090,20-Jun-00,24:00:00,107.983336,0.226493,0.000003,0.000003,0,0,0.143727
2091,21-Jun-00,24:00:00,117.400001,0.215784,0.000002,0.000002,0,0,0.139226
2092,22-Jun-00,24:00:00,114.46667,0.211835,0.000002,0.000002,0,0,0.135014
2093,23-Jun-00,24:00:00,109.7,0.203073,0.000002,0.000002,0,0,0.131123
2094,24-Jun-00,24:00:00,115.866668,0.198006,0.000001,0.000001,0,0,0.127387
2095,25-Jun-00,24:00:00,114.433336,0.217141,0.000001,0.000001,0,0,0.123691
2096,26-Jun-00,24:00:00,115.966668,0.221578,0.000001,0.000001,0,0,0.119868
2097,27-Jun-00,24:00:00,114.433336,0.223502,0.000001,0.000001,0,0,0.116098
2098,28-Jun-00,24:00:00,114.400002,0.220447,0.000001,0.000001,0,0,0.112475
2099,29-Jun-00,24:00:00,112.833337,0.22636,0.000001,0.000001,0,0,0.109
2100,30-Jun-00,24:00:00,112.800004,0.215987,0,0,0,0,0.105584
2101,1-Jul-00,24:00:00,112.800003,0.203974,0,0,0,0,0.102426
2102,2-Jul-00,24:00:00,115.933334,0.179732,0,0,0,0,0.099638
2103,3-Jul-00,24:00:00,122.266668,0.161213,0,0,0,0,0.097254
2104,4-Jul-00,24:00:00,123.183338,0.175146,0,0,0,0,0.09493
2105,5-Jul-00,24:00:00,123.200005,0.15803,0,0,0,0,0.092671
2106,6-Jul-00,24:00:00,115.366671,0.1392,0,0,0,0,0.090718
2107,7-Jul-00,24:00:00,114.416668,0.144266,0,0,0,0,0.088919
2108,8-Jul-00,24:00:00,109.699999,0.178009,0,0,0,0,0.086883
2109,9-Jul-00,24:00:00,108.81667,0.20408,0,0,0,0,0.084544
2110,10-Jul-00,24:00:00,107.233338,0.201412,0,0,0,0,0.08216
2111,11-Jul-00,24:00:00,107.983334,0.211728,0,0,0,0,0.079743
2112,12-Jul-00,24:00:00,107.216671,0.174537,0,0,0,0,0.07759
2113,13-Jul-00,24:00:00,105.633332,0.153296,0,0,0,0,0.0758
2114,14-Jul-00,24:00:00,106.383335,0.193382,0,0,0,0,0.073921
2115,15-Jul-00,24:00:00,104.833336,0.200375,0,0,0,0,0.071885
2116,16-Jul-00,24:00:00,104.800003,0.122301,0,0,0,0,0.07019
2117,17-Jul-00,24:00:00,103.233338,0.138283,0,0,0,0,0.068936
2118,18-Jul-00,24:00:00,106.333335,0.182265,0,0,0,0,0.067396
2119,19-Jul-00,24:00:00,107.183338,0.20055,0,0,0,0,0.065597
2120,20-Jul-00,24:00:00,104.850003,0.215559,0,0,0,0,0.063648
2121,21-Jul-00,24:00:00,104.800003,0.209153,0,0,0,0,0.061737
2122,22-Jul-00,24:00:00,104.016667,0.209415,0,0,0,0,0.059938
2123,23-Jul-00,24:00:00,104,0.208851,0,0,0,0,0.05815
2124,24-Jul-00,24:00:00,104.783336,0.216964,0,0,0,0,0.056418
2125,25-Jul-00,24:00:00,104.016667,0.238896,0,0,0,0,0.054659
2126,26-Jul-00,24:00:00,107.133338,0.208164,0,0,0,0,0.052863
2127,27-Jul-00,24:00:00,106.416668,0.204057,0,0,0,0,0.05135
2128,28-Jul-00,24:00:00,104.833336,0.206045,0,0,0,0,0.049861
2129,29-Jul-00,24:00:00,105.583332,0.211122,0,0,0,0,0.048393
2130,30-Jul-00,24:00:00,102.466668,0.165441,0,0,0,0,0.047099
2131,31-Jul-00,24:00:00,101.616665,0.230365,0,0,0,0,0.045803
2132,1-Aug-00,24:00:00,79.666671,0.197161,0,0,0,0,0.044392
2133,2-Aug-00,24:00:00,105.833335,0.222068,0,0,0,0,0.043105
2134,3-Aug-00,24:00:00,103.266671,0.207019,0,0,0,0,0.041805
2135,4-Aug-00,24:00:00,100.850003,0.191264,0,0,0,0,0.040626
2136,5-Aug-00,24:00:00,106.283335,0.205293,0,0,0,0,0.0395
2137,6-Aug-00,24:00:00,103.266671,0.197758,0,0,0,0,0.038372
2138,7-Aug-00,24:00:00,104.76667,0.180287,0,0,0,0,0.037346
2139,8-Aug-00,24:00:00,108.71667,0.156483,0,0,0,0,0.036458
2140,9-Aug-00,24:00:00,111.933333,0.146386,0,0,0,0,0.035671
2141,10-Aug-00,24:00:00,117.483332,0.151568,0,0,0,0,0.034919
2142,11-Aug-00,24:00:00,116.033333,0.188292,0,0,0,0,0.034076
2143,12-Aug-00,24:00:00,112.083333,0.199368,0,0,0,0,0.033155
2144,13-Aug-00,24:00:00,112.783336,0.205005,0,0,0,0,0.032213
2145,14-Aug-00,24:00:00,112.800003,0.198532,0,0,0,0,0.031293
2146,15-Aug-00,24:00:00,113.583332,0.191014,0,0,0,0,0.030428
2147,16-Aug-00,24:00:00,115.166671,0.199814,0,0,0,0,0.029595
2148,17-Aug-00,24:00:00,112.850003,0.215849,0,0,0,0,0.028746
2149,18-Aug-00,24:00:00,112.016667,0.185194,0,0,0,0,0.027909
2150,19-Aug-00,24:00:00,113.566665,0.185034,0,0,0,0,0.027179
2151,20-Aug-00,24:00:00,112.033333,0.172935,0,0,0,0,0.026488
2152,21-Aug-00,24:00:00,112.783336,0.175346,0,0,0,0,0.025837
2153,22-Aug-00,24:00:00,110.450002,0.177103,0,0,0,0,0.025198
2154,23-Aug-00,24:00:00,111.966667,0.136683,0,0,0,0,0.024636
2155,24-Aug-00,24:00:00,112,0.167548,0,0,0,0,0.024103
2156,25-Aug-00,24:00:00,110.433335,0.185865,0,0,0,0,0.023512
2157,26-Aug-00,24:00:00,111.966667,0.164095,0,0,0,0,0.022926
2158,27-Aug-00,24:00:00,112.783336,0.174741,0,0,0,0,0.022376
2159,28-Aug-00,24:00:00,112.016667,0.173887,0,0,0,0,0.021824
2160,29-Aug-00,24:00:00,111.216671,0.093714,0,0,0,0,0.021401
2161,30-Aug-00,24:00:00,111.200005,0.079633,0,0,0,0,0.021139
2162,31-Aug-00,24:00:00,111.200005,0.112714,0,0,0,0,0.020851
2163,1-Sep-00,24:00:00,113.802301,0.073931,0.252302,0,0.010332,0,0.021602
2164,2-Sep-00,24:00:00,112.036269,0.10964,0.002935,0,0,0,0.0216
2165,3-Sep-00,24:00:00,111.216671,0.130671,0,0,0,0,0.021262
2166,4-Sep-00,24:00:00,111.983333,0.129441,0,0,0,0,0.020871
2167,5-Sep-00,24:00:00,112,0.134615,0,0,0,0,0.020476
2168,6-Sep-00,24:00:00,112,0.158227,0,0,0,0,0.020054
2169,7-Sep-00,24:00:00,112.783336,0.148184,0,0,0,0,0.019618
2170,8-Sep-00,24:00:00,113.583332,0.166374,0,0,0,0,0.019189
2171,9-Sep-00,24:00:00,122.216668,0.15255,0,0,0,0,0.018755
2172,10-Sep-00,24:00:00,123.183338,0.145249,0,0,0,0,0.018355
2173,11-Sep-00,24:00:00,125.549999,0.16193,0,0,0,0,0.01796
2174,12-Sep-00,24:00:00,124.81667,0.156973,0,0,0,0,0.017556
2175,13-Sep-00,24:00:00,121.666665,0.125121,0,0,0,0,0.017202
2176,14-Sep-00,24:00:00,121.599998,0.116549,0,0,0,0,0.016906
2177,15-Sep-00,24:00:00,118.466668,0.127971,0,0,0,0,0.016612
2178,16-Sep-00,24:00:00,120.750003,0.146157,0,0,0,0,0.016292
2179,17-Sep-00,24:00:00,119.233338,0.143564,0,0,0,0,0.015953
2180,18-Sep-00,24:00:00,119.200005,0.153938,0,0,0,0,0.015619
2181,19-Sep-00,24:00:00,117.633332,0.159323,0,0,0,0,0.015276
2182,20-Sep-00,24:00:00,117.599998,0.160622,0,0,0,0,0.014936
2183,21-Sep-00,24:00:00,118.383335,0.081587,0,0,0,0,0.014672
2184,22-Sep-00,24:00:00,120.750003,0.081992,0,0,0,0,0.014498
2185,23-Sep-00,24:00:00,118.450002,0.120519,0,0,0,0,0.014291
2186,24-Sep-00,24:00:00,118.400002,0.114257,0,0,0,0,0.014055
2187,25-Sep-00,24:00:00,119.183338,0.133932,0,0,0,0,0.013809
2188,26-Sep-00,24:00:00,119.200005,0.146744,0,0,0,0,0.01354
2189,27-Sep-00,24:00:00,118.416668,0.113737,0,0,0,0,0.013284
2190,28-Sep-00,24:00:00,119.183338,0.101657,0,0,0,0,0.013084
2191,29-Sep-00,24:00:00,122.333335,0.136897,0,0,0,0,0.012862
2192,30-Sep-00,24:00:00,125.533332,0.111776,0,0,0,0,0.012631
2193,1-Oct-00,24:00:00,151.45,0.143359,0,0,0,0,0.012409
2194,2-Oct-00,24:00:00,159.833333,0.127536,0,0,0,0,0.01217
2195,3-Oct-00,24:00:00,172.729167,0.114669,0,0,0,0,0.011958
2196,4-Oct-00,24:00:00,147.541667,0.101656,0,0,0,0,0.011774
2197,5-Oct-00,24:00:00,142.104167,0.110008,0,0,0,0,0.011596
2198,6-Oct-00,24:00:00,141.020833,0.126681,0,0,0,0,0.011409
2199,7-Oct-00,24:00:00,141,0.089607,0,0,0,0,0.011226
2200,8-Oct-00,24:00:00,146.875,0.113054,0,0,0,0,0.011067
2201,9-Oct-00,24:00:00,147,0.064823,0,0,0,0,0.010927
2202,10-Oct-00,24:00:00,141.848247,0.062411,0.723247,0,0.035886,0,0.012405
2203,11-Oct-00,24:00:00,139.204953,0.05099,0.163286,0,0,0,0.014394
2204,12-Oct-00,24:00:00,170.333333,0.057758,0,0,0,0,0.014379
2205,13-Oct-00,24:00:00,173.9375,0.094253,0,0,0,0,0.014265
2206,14-Oct-00,24:00:00,173.020833,0.090615,0,0,0,0,0.014073
2207,15-Oct-00,24:00:00,170.0625,0.082426,0,0,0,0,0.013899
2208,16-Oct-00,24:00:00,167.0625,0.095871,0,0,0,0,0.013726
2209,17-Oct-00,24:00:00,175.8125,0.076495,0,0,0,0,0.013556
2210,18-Oct-00,24:00:00,185.791667,0.080187,0,0,0,0,0.013407
2211,19-Oct-00,24:00:00,185.020833,0.090557,0,0,0,0,0.013243
2212,20-Oct-00,24:00:00,175.208333,0.041576,0,0,0,0,0.013122
2213,21-Oct-00,24:00:00,166.1875,0.103314,0,0,0,0,0.012987
2214,22-Oct-00,24:00:00,161.104167,0.128213,0,0,0,0,0.012781
2215,23-Oct-00,24:00:00,162.958333,0.082661,0,0,0,0,0.012579
2216,24-Oct-00,24:00:00,182.588185,0.105448,0.004851,0,0.035653,0,0.012499
2217,25-Oct-00,24:00:00,202.868111,0.03048,7.138944,0,0.286105,0,0.03157
2218,26-Oct-00,24:00:00,249.679961,0.034426,0.804961,0,0,0,0.044497
2219,27-Oct-00,24:00:00,146.680999,0.043083,6.347666,0,0.613078,0,0.05845
2220,28-Oct-00,24:00:00,151.958833,0.019305,14.938,0,0.325982,0,0.120203
2221,29-Oct-00,24:00:00,130.846454,0.038721,17.346454,0,0.728071,0,0.179372
2222,30-Oct-00,24:00:00,110.655134,0.029062,2.550967,0,0,0,0.21121
2223,31-Oct-00,24:00:00,108.001992,0.050669,0.001992,0,0,0,0.21121
2224,1-Nov-00,24:00:00,116.8125,0.046434,0,0,0,0,0.21095
2225,2-Nov-00,24:00:00,119.9375,0.068046,0,0,0,0,0.209385
2226,3-Nov-00,24:00:00,129.791667,0.061415,0,0,0,0,0.207455
2227,4-Nov-00,24:00:00,183.854167,0.053056,0,0,0,0,0.205761
2228,5-Nov-00,24:00:00,197.729167,0.059984,0,0,0,0,0.204199
2229,6-Nov-00,24:00:00,197.020833,0.064624,0,0,0,0,0.202321
2230,7-Nov-00,24:00:00,211.6875,0.052737,0,0,0,0,0.200606
2231,8-Nov-00,24:00:00,208.083333,0.0654,0,0,0,0,0.199084
2232,9-Nov-00,24:00:00,205.0625,0.047723,0,0,0,0,0.197383
2233,10-Nov-00,24:00:00,213.8125,0.036415,0,0,0,0,0.196137
2234,11-Nov-00,24:00:00,218.895833,0.034327,0,0,0,0,0.195166
2235,12-Nov-00,24:00:00,225.854167,0.043319,0,0,0,0,0.19409
2236,13-Nov-00,24:00:00,239.771977,0.009868,3.001144,0,0.137319,0,0.200693
2237,14-Nov-00,24:00:00,239.349528,0.02343,0.391195,0,0,0,0.207207
2238,15-Nov-00,24:00:00,243.895833,0.018264,0,0,0,0,0.207207
2239,16-Nov-00,24:00:00,244.979167,0.031356,0,0,0,0,0.207207
2240,17-Nov-00,24:00:00,255.770833,0.037159,0,0,0,0,0.207019
2241,18-Nov-00,24:00:00,251.104167,0.033735,0,0,0,0,0.20625
2242,19-Nov-00,24:00:00,249.041667,0.027518,0,0,0,0,0.205353
2243,20-Nov-00,24:00:00,247.041667,0.042102,0,0,0,0,0.204405
2244,21-Nov-00,24:00:00,244.0625,0.018726,0,0,0,0,0.203463
2245,22-Nov-00,24:00:00,205.8125,0.034097,0,0,0,0,0.20268
2246,23-Nov-00,24:00:00,140.375,0.023738,0,0,0,0,0.201848
2247,24-Nov-00,24:00:00,132.145833,0.032963,0,0,0,0,0.201033
2248,25-Nov-00,24:00:00,111.4375,0.023342,0,0,0,0,0.200225
2249,26-Nov-00,24:00:00,109.041667,0.036131,0,0,0,0,0.199388
2250,27-Nov-00,24:00:00,109,0.011117,0,0,0,0,0.198712
2251,28-Nov-00,24:00:00,109,0.041677,0,0,0,0,0.197965
2252,29-Nov-00,24:00:00,180.544953,0.036697,20.628287,0,0.851556,0,0.268349
2253,30-Nov-00,24:00:00,134.971199,0.02403,0.408699,0,0,0,0.28253
2254,1-Dec-00,24:00:00,88.958333,0.026433,0,0,0,0,0.28253
2255,2-Dec-00,24:00:00,64.5,0.035735,0,0,0,0,0.28212
2256,3-Dec-00,24:00:00,62.041667,0.028814,0,0,0,0,0.281062
2257,4-Dec-00,24:00:00,38.5,0.026113,0,0,0,0,0.279958
2258,5-Dec-00,24:00:00,37.020833,0.036618,0,0,0,0,0.278696
2259,6-Dec-00,24:00:00,48.75,0.024388,0,0,0,0,0.277495
2260,7-Dec-00,24:00:00,44.104167,0.022056,0,0,0,0,0.276573
2261,8-Dec-00,24:00:00,39.104167,0.036032,0,0,0,0,0.275397
2262,9-Dec-00,24:00:00,39,0.014249,0,0,0,0,0.274446
2263,10-Dec-00,24:00:00,39,0.031919,0,0,0,0,0.273531
2264,11-Dec-00,24:00:00,44.63782,0.013519,2.70032,0,0.131506,0,0.278712
2265,12-Dec-00,24:00:00,40.590101,0.028599,0.548434,0,0,0,0.285739
2266,13-Dec-00,24:00:00,90.060666,0.010603,8.935666,0,0.541572,0,0.305666
2267,14-Dec-00,24:00:00,50.856979,0.012053,7.044479,0,0.163154,0,0.345274
2268,15-Dec-00,24:00:00,52.262839,0.039351,1.429505,0,0,0,0.356211
2269,16-Dec-00,24:00:00,47.083333,0.033683,0,0,0,0,0.356211
2270,17-Dec-00,24:00:00,48.958333,0.031125,0,0,0,0,0.356117
2271,18-Dec-00,24:00:00,39.208333,0.031654,0,0,0,0,0.355123
2272,19-Dec-00,24:00:00,36.0625,0.027036,0,0,0,0,0.353555
2273,20-Dec-00,24:00:00,38.9375,0.022202,0,0,0,0,0.352295
2274,21-Dec-00,24:00:00,35.083333,0.013545,0,0,0,0,0.351388
2275,22-Dec-00,24:00:00,40.875,0.020501,0,0,0,0,0.350506
2276,23-Dec-00,24:00:00,46.875,0.016368,0,0,0,0,0.349591
2277,24-Dec-00,24:00:00,45.041667,0.02105,0,0,0,0,0.348644
2278,25-Dec-00,24:00:00,44.020833,0.020492,0,0,0,0,0.34761
2279,26-Dec-00,24:00:00,43.020833,0.0308,0,0,0,0,0.346329
2280,27-Dec-00,24:00:00,40.0625,0.022692,0,0,0,0,0.345039
2281,28-Dec-00,24:00:00,41.958333,0.033024,0,0,0,0,0.343649
2282,29-Dec-00,24:00:00,55.708333,0.019561,0,0,0,0,0.342366
2283,30-Dec-00,24:00:00,56,0.03331,0,0,0,0,0.34106
2284,31-Dec-00,24:00:00,56,0.027608,0,0,0,0,0.339628
2285,1-Jan-01,24:00:00,56.979167,0.034595,0,0,0,0,0.338098
2286,2-Jan-01,24:00:00,56.020833,0.032447,0,0,0,0,0.336486
2287,3-Jan-01,24:00:00,55.020833,0.02834,0,0,0,0,0.335052
2288,4-Jan-01,24:00:00,55.979167,0.038839,0,0,0,0,0.333409
2289,5-Jan-01,24:00:00,54.041667,0.034605,0,0,0,0,0.33166
2290,6-Jan-01,24:00:00,45.1875,0.02537,0,0,0,0,0.330273
2291,7-Jan-01,24:00:00,44.020833,0.028125,0,0,0,0,0.329128
2292,8-Jan-01,24:00:00,68.235785,0.032333,10.527452,0,0.435405,0,0.365536
2293,9-Jan-01,24:00:00,66.637846,0.008544,5.700346,0,0.316557,0,0.383118
2294,10-Jan-01,24:00:00,131.423896,0.014912,15.590563,0,0.803726,0,0.434774
2295,11-Jan-01,24:00:00,110.11252,0.017049,10.73752,0,0.202106,0,0.494407
2296,12-Jan-01,24:00:00,79.306481,0.026945,0.868981,0,0,0,0.5041
2297,13-Jan-01,24:00:00,67.229167,0.028748,0,0,0,0,0.5041
2298,14-Jan-01,24:00:00,67,0.034858,0,0,0,0,0.5041
2299,15-Jan-01,24:00:00,56.229167,0.042214,0,0,0,0,0.502637
2300,16-Jan-01,24:00:00,44.25,0.036881,0,0,0,0,0.498827
2301,17-Jan-01,24:00:00,40.083333,0.030485,0,0,0,0,0.495434
2302,18-Jan-01,24:00:00,38.041667,0.022607,0,0,0,0,0.49278
2303,19-Jan-01,24:00:00,38,0.039783,0,0,0,0,0.489677
2304,20-Jan-01,24:00:00,38.979167,0.037175,0,0,0,0,0.486167
2305,21-Jan-01,24:00:00,39,0.020131,0,0,0,0,0.482944
2306,22-Jan-01,24:00:00,38.020833,0.057454,0,0,0,0,0.479341
2307,23-Jan-01,24:00:00,97.899366,0.010328,44.232699,0,1.294131,0,0.512226
2308,24-Jan-01,24:00:00,219.490398,0.030117,111.636231,0,0,0,0.605482
2309,25-Jan-01,24:00:00,269.24365,0.012017,173.951983,0,0.768497,0,0.639413
2310,26-Jan-01,24:00:00,138.424965,0.018832,29.716632,0,0.152745,0,0.69624
2311,27-Jan-01,24:00:00,103.170107,0.046142,0.045107,0,0,0,0.697606
2312,28-Jan-01,24:00:00,83.416667,0.048154,0,0,0,0,0.697153
2313,29-Jan-01,24:00:00,80.0625,0.046161,0,0,0,0,0.694104
2314,30-Jan-01,24:00:00,74.125,0.038066,0,0,0,0,0.689786
2315,31-Jan-01,24:00:00,69.104167,0.048151,0,0,0,0,0.685584
2316,1-Feb-01,24:00:00,54.3125,0.0465,0,0,0,0,0.68079
2317,2-Feb-01,24:00:00,35.395833,0.023851,0,0,0,0,0.677317
2318,3-Feb-01,24:00:00,37.9375,0.060588,0,0,0,0,0.673034
2319,4-Feb-01,24:00:00,45.833333,0.06755,0,0,0,0,0.666746
2320,5-Feb-01,24:00:00,44.041667,0.070558,0,0,0,0,0.660034
2321,6-Feb-01,24:00:00,34.208333,0.065247,0,0,0,0,0.653095
2322,7-Feb-01,24:00:00,32.041667,0.066955,0,0,0,0,0.646407
2323,8-Feb-01,24:00:00,27.104167,0.055519,0,0,0,0,0.640363
2324,9-Feb-01,24:00:00,49.08556,0.023069,10.33556,0,0.581984,0,0.665334
2325,10-Feb-01,24:00:00,100.36077,0.022599,68.214937,62.794153,0.300951,0.255917,0.696535
2326,11-Feb-01,24:00:00,1086.34,0.015707,1029.86,1009.92,0.608409,0.608409,0.700591
2327,12-Feb-01,24:00:00,400.22286,0.027836,347.139527,345.993787,0,0,0.7
2328,13-Feb-01,24:00:00,168.855949,0.057221,119.772616,119.772616,0,0,0.7
2329,14-Feb-01,24:00:00,126.986724,0.061661,80.924224,80.924224,0,0,0.697937
2330,15-Feb-01,24:00:00,107.928838,0.026479,67.803838,67.803838,0,0,0.69419
2331,16-Feb-01,24:00:00,97.067321,0.040008,58.046487,58.046487,0,0,0.690915
2332,17-Feb-01,24:00:00,451.264793,0.02892,364.285627,354.255807,0.458694,0.33662,0.695851
2333,18-Feb-01,24:00:00,425.344641,0.040598,261.948808,260.64698,0,0,0.7
2334,19-Feb-01,24:00:00,864.990229,0.025323,676.490229,662.061057,0.926482,0.827177,0.700879
2335,20-Feb-01,24:00:00,1904.55,0.025343,1715.55,1605.87,0.727511,0.826816,0.703966
2336,21-Feb-01,24:00:00,1192.84,0.056205,928.442089,920.385996,0.220845,0.220845,0.700006
2337,22-Feb-01,24:00:00,1654.19,0.029825,1478.27,1348.18,0.908581,0.908581,0.703342
2338,23-Feb-01,24:00:00,963.672327,0.047767,959.812327,950.014375,0.154055,0.154055,0.7
2339,24-Feb-01,24:00:00,819.45236,0.023731,819.222152,810.907946,0.538847,0.538847,0.700013
2340,25-Feb-01,24:00:00,1004.38,0.032594,1004.15,993.17283,0.244237,0.244237,0.7
2341,26-Feb-01,24:00:00,412.154404,0.076349,411.924404,411.805039,0,0,0.699855
2342,27-Feb-01,24:00:00,269.093101,0.097815,268.863101,268.863101,0,0,0.694942
2343,28-Feb-01,24:00:00,218.899068,0.087483,218.669068,218.669068,0,0,0.685585
2344,1-Mar-01,24:00:00,184.8422,0.056174,184.6122,184.6122,0,0,0.678172
2345,2-Mar-01,24:00:00,158.020747,0.046253,157.790747,156.008593,0.073492,0,0.681498
2346,3-Mar-01,24:00:00,132.045364,0.044323,131.815364,131.483775,0.065398,0,0.683695
2347,4-Mar-01,24:00:00,1116.22,0.023524,1115.71,829.44447,1.138902,1.03171,0.704597
2348,5-Mar-01,24:00:00,1021.11,0.044845,1020.91,949.51464,0,0,0.7
2349,6-Mar-01,24:00:00,290.446606,0.094766,290.246606,290.246606,0,0,0.698406
2350,7-Mar-01,24:00:00,175.391513,0.109321,175.191513,175.191513,0,0,0.690856
2351,8-Mar-01,24:00:00,141.743087,0.083419,141.543087,141.543087,0,0,0.680917
2352,9-Mar-01,24:00:00,120.288002,0.077115,120.088002,120.088002,0,0,0.672951
2353,10-Mar-01,24:00:00,102.047203,0.092496,101.847203,101.847203,0,0,0.664433
2354,11-Mar-01,24:00:00,86.193985,0.100221,85.993985,85.993985,0,0,0.654896
2355,12-Mar-01,24:00:00,72.608242,0.103606,72.408242,72.408242,0,0,0.644626
2356,13-Mar-01,24:00:00,61.085652,0.113038,60.885652,60.885652,0,0,0.633978
2357,14-Mar-01,24:00:00,51.344962,0.111665,51.164545,51.164545,0,0,0.62276
2358,15-Mar-01,24:00:00,43.966365,0.065164,42.983449,42.983449,0,0,0.613662
2359,16-Mar-01,24:00:00,59.626841,0.106556,36.106007,36.106007,0,0,0.605342
2360,17-Mar-01,24:00:00,149.306482,0.078586,30.327315,30.327315,0,0,0.595914
2361,18-Mar-01,24:00:00,163.118714,0.127282,25.47288,25.47288,0,0,0.58577
2362,19-Mar-01,24:00:00,160.374428,0.116592,21.395261,21.395261,0,0,0.573409
2363,20-Mar-01,24:00:00,157.949458,0.113835,17.970292,17.970292,0,0,0.561718
2364,21-Mar-01,24:00:00,152.156064,0.119667,15.093564,15.093564,0,0,0.550123
2365,22-Mar-01,24:00:00,206.469005,0.057661,12.677338,12.677338,0,0,0.541445
2366,23-Mar-01,24:00:00,262.439572,0.093337,10.647905,10.647905,0,0,0.534063
2367,24-Mar-01,24:00:00,258.821527,0.03595,14.634027,8.94335,0.43606,0,0.539974
2368,25-Mar-01,24:00:00,329.049781,0.082617,12.591448,7.511671,0,0,0.570117
2369,26-Mar-01,24:00:00,313.540391,0.108485,6.311224,6.309178,0,0,0.565966
2370,27-Mar-01,24:00:00,304.465851,0.12912,5.299185,5.299185,0,0,0.55496
2371,28-Mar-01,24:00:00,322.05504,0.103418,4.450873,4.450873,0,0,0.542836
2372,29-Mar-01,24:00:00,329.571695,0.073971,3.738361,3.738361,0,0,0.533698
2373,30-Mar-01,24:00:00,328.160744,0.1573,3.139911,3.139911,0,0,0.522898
2374,31-Mar-01,24:00:00,328.616429,0.155529,2.637262,2.637262,0,0,0.507291
2375,1-Apr-01,24:00:00,328.215079,0.13192,2.215079,2.215079,0,0,0.492803
2376,2-Apr-01,24:00:00,327.860481,0.095322,1.860481,1.860481,0,0,0.481241
2377,3-Apr-01,24:00:00,307.979315,0.100294,1.562648,1.562648,0,0,0.471289
2378,4-Apr-01,24:00:00,290.66666,0.10635,1.312494,1.312494,0,0,0.461273
2379,5-Apr-01,24:00:00,288.144051,0.133277,1.102385,1.102385,0,0,0.449265
2380,6-Apr-01,24:00:00,291.842577,0.040552,0.925911,0.925911,0,0,0.440413
2381,7-Apr-01,24:00:00,294.715188,0.084716,0.777688,0.777688,0,0,0.434166
2382,8-Apr-01,24:00:00,289.757359,0.056724,0.653192,0.653192,0,0,0.426845
2383,9-Apr-01,24:00:00,285.63196,0.109974,0.548627,0.548627,0,0,0.418925
2384,10-Apr-01,24:00:00,280.564968,0.111357,0.460801,0.460801,0,0,0.408201
2385,11-Apr-01,24:00:00,277.449534,0.088993,0.387034,0.387034,0,0,0.399546
2386,12-Apr-01,24:00:00,273.40841,0.128756,0.325076,0.325076,0,0,0.390505
2387,13-Apr-01,24:00:00,261.523037,0.107072,0.273037,0.273037,0,0,0.381404
2388,14-Apr-01,24:00:00,231.854328,0.120805,0.229328,0.229328,0,0,0.373462
2389,15-Apr-01,24:00:00,217.484283,0.129934,0.192616,0.192616,0,0,0.365744
2390,16-Apr-01,24:00:00,176.036782,0.094633,0.161782,0.161782,0,0,0.358751
2391,17-Apr-01,24:00:00,162.406716,0.123307,0.135883,0.135883,0,0,0.355437
2392,18-Apr-01,24:00:00,159.17663,0.05851,0.11413,0.11413,0,0,0.352115
2393,19-Apr-01,24:00:00,158.116693,0.094044,0.09586,0.09586,0,0,0.348216
2394,20-Apr-01,24:00:00,173.366638,0.04207,6.554138,0.080514,0.282881,0,0.363029
2395,21-Apr-01,24:00:00,166.603178,0.129008,0.582344,0.067625,0,0,0.372776
2396,22-Apr-01,24:00:00,146.473466,0.130232,0.0568,0.0568,0,0,0.366741
2397,23-Apr-01,24:00:00,136.25604,0.146482,0.047707,0.047707,0,0,0.358347
2398,24-Apr-01,24:00:00,137.998403,0.168946,0.04007,0.04007,0,0,0.350008
2399,25-Apr-01,24:00:00,146.846155,0.170831,0.033655,0.033655,0,0,0.341514
2400,26-Apr-01,24:00:00,143.111601,0.175952,0.028268,0.028268,0,0,0.333297
2401,27-Apr-01,24:00:00,141.065409,0.133999,0.023742,0.023742,0,0,0.32581
2402,28-Apr-01,24:00:00,140.040775,0.123523,0.019942,0.019942,0,0,0.320098
2403,29-Apr-01,24:00:00,139.037583,0.161845,0.016749,0.016749,0,0,0.313539
2404,30-Apr-01,24:00:00,138.034901,0.167544,0.014068,0.014068,0,0,0.306191
2405,1-May-01,24:00:00,137.032649,0.163539,0.011816,0.011816,0,0,0.299016
2406,2-May-01,24:00:00,135.051591,0.169833,0.009924,0.009924,0,0,0.292011
2407,3-May-01,24:00:00,132.070836,0.158425,0.008336,0.008336,0,0,0.285076
2408,4-May-01,24:00:00,134.944501,0.194071,0.007001,0.007001,0,0,0.278243
2409,5-May-01,24:00:00,135.00588,0.189472,0.00588,0.00588,0,0,0.270652
2410,6-May-01,24:00:00,134.025772,0.191533,0.004939,0.004939,0,0,0.263362
2411,7-May-01,24:00:00,134.004148,0.191393,0.004148,0.004148,0,0,0.256192
2412,8-May-01,24:00:00,133.024318,0.204363,0.003484,0.003484,0,0,0.249063
2413,9-May-01,24:00:00,133.002927,0.203628,0.002927,0.002927,0,0,0.241912
2414,10-May-01,24:00:00,132.023291,0.192436,0.002458,0.002458,0,0,0.235097
2415,11-May-01,24:00:00,131.022898,0.200116,0.002065,0.002065,0,0,0.228676
2416,12-May-01,24:00:00,129.043401,0.142258,0.001734,0.001734,0,0,0.223047
2417,13-May-01,24:00:00,129.980623,0.150374,0.001456,0.001456,0,0,0.218508
2418,14-May-01,24:00:00,121.188723,0.14237,0.001223,0.001223,0,0,0.21392
2419,15-May-01,24:00:00,117.084361,0.087424,0.001027,0.001027,0,0,0.21045
2420,16-May-01,24:00:00,120.91753,0.175193,0.000863,0.000863,0,0,0.206536
2421,17-May-01,24:00:00,140.584058,0.199766,0.000725,0.000725,0,0,0.201208
2422,18-May-01,24:00:00,149.813109,0.195794,0.000609,0.000609,0,0,0.195468
2423,19-May-01,24:00:00,142.167178,0.207184,0.000511,0.000511,0,0,0.189923
2424,20-May-01,24:00:00,140.042096,0.208814,0.000429,0.000429,0,0,0.184326
2425,21-May-01,24:00:00,137.062861,0.22384,0.000361,0.000361,0,0,0.178771
2426,22-May-01,24:00:00,144.833636,0.214981,0.000303,0.000303,0,0,0.173261
2427,23-May-01,24:00:00,147.937754,0.22463,0.000254,0.000254,0,0,0.167915
2428,24-May-01,24:00:00,148.97938,0.215179,0.000214,0.000214,0,0,0.162679
2429,25-May-01,24:00:00,148.021013,0.184372,0.00018,0.00018,0,0,0.15804
2430,26-May-01,24:00:00,136.250151,0.193131,0.000151,0.000151,0,0,0.153854
2431,27-May-01,24:00:00,134.041793,0.146858,0.000127,0.000127,0,0,0.150272
2432,28-May-01,24:00:00,134.000106,0.186874,0.000106,0.000106,0,0,0.146669
2433,29-May-01,24:00:00,132.041756,0.197545,0.000089,0.000089,0,0,0.142647
2434,30-May-01,24:00:00,133.958408,0.204992,0.000075,0.000075,0,0,0.138589
2435,31-May-01,24:00:00,127.145896,0.212318,0.000063,0.000063,0,0,0.134506
2436,1-Jun-01,24:00:00,117.795885,0.206241,0.000053,0.000053,0,0,0.130574
2437,2-Jun-01,24:00:00,124.650047,0.182523,0.000044,0.000044,0,0,0.126974
2438,3-Jun-01,24:00:00,124.80004,0.187682,0.000037,0.000037,0,0,0.123636
2439,4-Jun-01,24:00:00,131.850031,0.207028,0.000031,0.000031,0,0,0.120265
2440,5-Jun-01,24:00:00,126.516695,0.191422,0.000026,0.000026,0,0,0.116814
2441,6-Jun-01,24:00:00,106.81669,0.209778,0.000022,0.000022,0,0,0.113591
2442,7-Jun-01,24:00:00,106.40002,0.221691,0.000019,0.000019,0,0,0.11013
2443,8-Jun-01,24:00:00,105.616681,0.218618,0.000016,0.000016,0,0,0.106723
2444,9-Jun-01,24:00:00,104.816683,0.208273,0.000013,0.000013,0,0,0.103508
2445,10-Jun-01,24:00:00,107.933344,0.194673,0.000011,0.000011,0,0,0.100543
2446,11-Jun-01,24:00:00,113.483341,0.192284,0.000009,0.000009,0,0,0.097792
2447,12-Jun-01,24:00:00,114.383343,0.19779,0.000008,0.000008,0,0,0.095091
2448,13-Jun-01,24:00:00,106.566675,0.206584,0.000007,0.000007,0,0,0.092391
2449,14-Jun-01,24:00:00,79.766677,0.211508,0.000005,0.000005,0,0,0.089667
2450,15-Jun-01,24:00:00,75.283343,0.216411,0.000005,0.000005,0,0,0.086975
2451,16-Jun-01,24:00:00,77.550002,0.233857,0.000004,0.000004,0,0,0.084258
2452,17-Jun-01,24:00:00,76.033337,0.246381,0.000003,0.000003,0,0,0.081451
2453,18-Jun-01,24:00:00,75.216674,0.217283,0.000003,0.000003,0,0,0.078723
2454,19-Jun-01,24:00:00,74.416671,0.233737,0.000002,0.000002,0,0,0.076244
2455,20-Jun-01,24:00:00,72.833338,0.237346,0.000002,0.000002,0,0,0.073707
2456,21-Jun-01,24:00:00,74.36667,0.222391,0.000002,0.000002,0,0,0.0713
2457,22-Jun-01,24:00:00,74.400003,0.220911,0.000001,0.000001,0,0,0.069081
2458,23-Jun-01,24:00:00,71.266672,0.235918,0.000001,0.000001,0,0,0.066913
2459,24-Jun-01,24:00:00,71.983334,0.191101,0.000001,0.000001,0,0,0.064857
2460,25-Jun-01,24:00:00,73.566666,0.152776,0.000001,0.000001,0,0,0.063224
2461,26-Jun-01,24:00:00,75.226043,0.085422,2.409374,0.000001,0.158932,0,0.06849
2462,27-Jun-01,24:00:00,81.29794,0.062759,8.497937,0.000001,0.289752,0,0.101397
2463,28-Jun-01,24:00:00,72.977057,0.142109,0.177054,0,0,0,0.10673
2464,29-Jun-01,24:00:00,72.800003,0.211654,0,0,0,0,0.104348
2465,30-Jun-01,24:00:00,72.800003,0.226445,0,0,0,0,0.101146
2466,1-Jul-01,24:00:00,72.800003,0.224442,0,0,0,0,0.097902
2467,2-Jul-01,24:00:00,72.800003,0.216957,0,0,0,0,0.094831
2468,3-Jul-01,24:00:00,72.800003,0.232324,0,0,0,0,0.091848
2469,4-Jul-01,24:00:00,72.800003,0.243727,0,0,0,0,0.088816
2470,5-Jul-01,24:00:00,72.800003,0.188118,0,0,0,0,0.086031
2471,6-Jul-01,24:00:00,72.016667,0.227873,0,0,0,0,0.083586
2472,7-Jul-01,24:00:00,71.216671,0.214327,0,0,0,0,0.080943
2473,8-Jul-01,24:00:00,71.200005,0.222006,0,0,0,0,0.078485
2474,9-Jul-01,24:00:00,71.200005,0.206836,0,0,0,0,0.076118
2475,10-Jul-01,24:00:00,71.983333,0.177671,0,0,0,0,0.074043
2476,11-Jul-01,24:00:00,71.216671,0.153911,0,0,0,0,0.072313
2477,12-Jul-01,24:00:00,71.200005,0.175242,0,0,0,0,0.070636
2478,13-Jul-01,24:00:00,71.200005,0.223334,0,0,0,0,0.068646
2479,14-Jul-01,24:00:00,71.200005,0.20141,0,0,0,0,0.066565
2480,15-Jul-01,24:00:00,71.200005,0.215443,0,0,0,0,0.064654
2481,16-Jul-01,24:00:00,71.200005,0.174558,0,0,0,0,0.062813
2482,17-Jul-01,24:00:00,71.200005,0.203409,0,0,0,0,0.061179
2483,18-Jul-01,24:00:00,71.200005,0.210262,0,0,0,0,0.059399
2484,19-Jul-01,24:00:00,70.416668,0.189852,0,0,0,0,0.057711
2485,20-Jul-01,24:00:00,70.400002,0.18347,0,0,0,0,0.056187
2486,21-Jul-01,24:00:00,70.400002,0.189874,0,0,0,0,0.054707
2487,22-Jul-01,24:00:00,70.400002,0.208215,0,0,0,0,0.053173
2488,23-Jul-01,24:00:00,70.400002,0.226312,0,0,0,0,0.051573
2489,24-Jul-01,24:00:00,70.400002,0.226325,0,0,0,0,0.049916
2490,25-Jul-01,24:00:00,70.400002,0.209858,0,0,0,0,0.048386
2491,26-Jul-01,24:00:00,71.183338,0.192851,0,0,0,0,0.047014
2492,27-Jul-01,24:00:00,71.200005,0.209132,0,0,0,0,0.045666
2493,28-Jul-01,24:00:00,71.200005,0.213643,0,0,0,0,0.044312
2494,29-Jul-01,24:00:00,71.200005,0.219249,0,0,0,0,0.042983
2495,30-Jul-01,24:00:00,71.200005,0.156404,0,0,0,0,0.041786
2496,31-Jul-01,24:00:00,71.200005,0.200335,0,0,0,0,0.040757
2497,1-Aug-01,24:00:00,73.549999,0.213467,0,0,0,0,0.039814
2498,2-Aug-01,24:00:00,72.033333,0.200832,0,0,0,0,0.038778
2499,3-Aug-01,24:00:00,71.216671,0.183543,0,0,0,0,0.037715
2500,4-Aug-01,24:00:00,69.633332,0.157019,0,0,0,0,0.036815
2501,5-Aug-01,24:00:00,71.166671,0.188133,0,0,0,0,0.035913
2502,6-Aug-01,24:00:00,70.416668,0.199811,0,0,0,0,0.034934
2503,7-Aug-01,24:00:00,70.400002,0.205779,0,0,0,0,0.033932
2504,8-Aug-01,24:00:00,72.750003,0.220873,0,0,0,0,0.032926
2505,9-Aug-01,24:00:00,75.150005,0.195353,0,0,0,0,0.031956
2506,10-Aug-01,24:00:00,74.416668,0.149763,0,0,0,0,0.031181
2507,11-Aug-01,24:00:00,74.400002,0.189179,0,0,0,0,0.030423
2508,12-Aug-01,24:00:00,75.183338,0.163924,0,0,0,0,0.029659
2509,13-Aug-01,24:00:00,75.200005,0.166335,0,0,0,0,0.028976
2510,14-Aug-01,24:00:00,75.200005,0.190939,0,0,0,0,0.02824
2511,15-Aug-01,24:00:00,75.200005,0.198002,0,0,0,0,0.02747
2512,16-Aug-01,24:00:00,75.200005,0.196899,0,0,0,0,0.026701
2513,17-Aug-01,24:00:00,73.633332,0.20883,0,0,0,0,0.025944
2514,18-Aug-01,24:00:00,72.033333,0.199369,0,0,0,0,0.025193
2515,19-Aug-01,24:00:00,71.216671,0.189906,0,0,0,0,0.024495
2516,20-Aug-01,24:00:00,70.416668,0.174738,0,0,0,0,0.023871
2517,21-Aug-01,24:00:00,71.183338,0.165297,0,0,0,0,0.02329
2518,22-Aug-01,24:00:00,71.200005,0.106574,0,0,0,0,0.022845
2519,23-Aug-01,24:00:00,71.200005,0.11051,0,0,0,0,0.022495
2520,24-Aug-01,24:00:00,70.416668,0.18152,0,0,0,0,0.022034
2521,25-Aug-01,24:00:00,71.183338,0.181304,0,0,0,0,0.021465
2522,26-Aug-01,24:00:00,71.200005,0.191736,0,0,0,0,0.020906
2523,27-Aug-01,24:00:00,70.416668,0.208959,0,0,0,0,0.020321
2524,28-Aug-01,24:00:00,70.400002,0.21132,0,0,0,0,0.019724
2525,29-Aug-01,24:00:00,70.400002,0.178514,0,0,0,0,0.019159
2526,30-Aug-01,24:00:00,70.400002,0.162293,0,0,0,0,0.018705
2527,31-Aug-01,24:00:00,70.400002,0.16873,0,0,0,0,0.018264
2528,1-Sep-01,24:00:00,70.400002,0.16812,0,0,0,0,0.017827
2529,2-Sep-01,24:00:00,71.966667,0.175444,0,0,0,0,0.017399
2530,3-Sep-01,24:00:00,73.566665,0.17232,0,0,0,0,0.01697
2531,4-Sep-01,24:00:00,73.599998,0.16939,0,0,0,0,0.016561
2532,5-Sep-01,24:00:00,73.599998,0.170125,0,0,0,0,0.016163
2533,6-Sep-01,24:00:00,72.81667,0.146544,0,0,0,0,0.015794
2534,7-Sep-01,24:00:00,72.800003,0.181124,0,0,0,0,0.01544
2535,8-Sep-01,24:00:00,72.016667,0.16324,0,0,0,0,0.015062
2536,9-Sep-01,24:00:00,72,0.114272,0,0,0,0,0.014763
2537,10-Sep-01,24:00:00,72,0.135108,0,0,0,0,0.014501
2538,11-Sep-01,24:00:00,73.566665,0.127904,0,0,0,0,0.014228
2539,12-Sep-01,24:00:00,73.599998,0.153706,0,0,0,0,0.013947
2540,13-Sep-01,24:00:00,73.599998,0.098197,0,0,0,0,0.013701
2541,14-Sep-01,24:00:00,73.599998,0.156512,0,0,0,0,0.01345
2542,15-Sep-01,24:00:00,73.599998,0.160014,0,0,0,0,0.013153
2543,16-Sep-01,24:00:00,73.599998,0.147272,0,0,0,0,0.012863
2544,17-Sep-01,24:00:00,75.95,0.152553,0,0,0,0,0.012591
2545,18-Sep-01,24:00:00,75.216671,0.140238,0,0,0,0,0.012327
2546,19-Sep-01,24:00:00,73.633332,0.147426,0,0,0,0,0.012078
2547,20-Sep-01,24:00:00,74.383335,0.1437,0,0,0,0,0.01183
2548,21-Sep-01,24:00:00,75.183338,0.140136,0,0,0,0,0.011591
2549,22-Sep-01,24:00:00,75.983333,0.150342,0,0,0,0,0.011355
2550,23-Sep-01,24:00:00,74.433335,0.130682,0,0,0,0,0.011128
2551,24-Sep-01,24:00:00,75.966667,0.088703,0,0,0,0,0.010949
2552,25-Sep-01,24:00:00,78.350001,0.092276,0,0,0,0,0.010875
2553,26-Sep-01,24:00:00,80.750003,0.115597,0,0,0,0,0.010778
2554,27-Sep-01,24:00:00,79.233338,0.131756,0,0,0,0,0.010596
2555,28-Sep-01,24:00:00,78.416668,0.129696,0,0,0,0,0.010396
2556,29-Sep-01,24:00:00,76.833336,0.124754,0,0,0,0,0.010205
2557,30-Sep-01,24:00:00,76.800003,0.136457,0,0,0,0,0.010018
2558,1-Oct-01,24:00:00,94.620833,0.132618,0,0,0,0,0.009826
2559,2-Oct-01,24:00:00,92.0625,0.14672,0,0,0,0,0.009636
2560,3-Oct-01,24:00:00,96.895833,0.132851,0,0,0,0,0.009443
2561,4-Oct-01,24:00:00,97,0.097297,0,0,0,0,0.009288
2562,5-Oct-01,24:00:00,93.083333,0.081232,0,0,0,0,0.009169
2563,6-Oct-01,24:00:00,89.083333,0.097651,0,0,0,0,0.009052
2564,7-Oct-01,24:00:00,88.020833,0.103241,0,0,0,0,0.008922
2565,8-Oct-01,24:00:00,90.9375,0.117872,0,0,0,0,0.008786
2566,9-Oct-01,24:00:00,85.125,0.101004,0,0,0,0,0.008646
2567,10-Oct-01,24:00:00,84.020833,0.118815,0,0,0,0,0.008515
2568,11-Oct-01,24:00:00,103.583333,0.119517,0,0,0,0,0.008369
2569,12-Oct-01,24:00:00,104,0.122997,0,0,0,0,0.008225
2570,13-Oct-01,24:00:00,102.041667,0.092274,0,0,0,0,0.008096
2571,14-Oct-01,24:00:00,102.979167,0.094115,0,0,0,0,0.007989
2572,15-Oct-01,24:00:00,102.020833,0.115083,0,0,0,0,0.007878
2573,16-Oct-01,24:00:00,97.104167,0.09558,0,0,0,0,0.007754
2574,17-Oct-01,24:00:00,97.979167,0.085651,0,0,0,0,0.007654
2575,18-Oct-01,24:00:00,101.916667,0.090449,0,0,0,0,0.007558
2576,19-Oct-01,24:00:00,105.916667,0.092573,0,0,0,0,0.007461
2577,20-Oct-01,24:00:00,117.75,0.09294,0,0,0,0,0.007363
2578,21-Oct-01,24:00:00,120.9375,0.075176,0,0,0,0,0.007275
2579,22-Oct-01,24:00:00,120.020833,0.097757,0,0,0,0,0.007186
2580,23-Oct-01,24:00:00,120.979167,0.08869,0,0,0,0,0.007089
2581,24-Oct-01,24:00:00,121,0.104489,0,0,0,0,0.006995
2582,25-Oct-01,24:00:00,121,0.073584,0,0,0,0,0.006903
2583,26-Oct-01,24:00:00,122.958333,0.088291,0,0,0,0,0.006826
2584,27-Oct-01,24:00:00,123,0.028746,0,0,0,0,0.006768
2585,28-Oct-01,24:00:00,125.937831,0.062418,0.000331,0,0.002436,0,0.006727
2586,29-Oct-01,24:00:00,153.459966,0.027193,15.709966,0,0.685015,0,0.051342
2587,30-Oct-01,24:00:00,148.258176,0.030994,5.362342,0,0.171979,0,0.088098
2588,31-Oct-01,24:00:00,142.179699,0.035992,0.158866,0,0,0,0.092637
2589,1-Nov-01,24:00:00,151.791667,0.057065,0,0,0,0,0.092534
2590,2-Nov-01,24:00:00,150.041667,0.064138,0,0,0,0,0.09196
2591,3-Nov-01,24:00:00,155.875,0.063208,0,0,0,0,0.091125
2592,4-Nov-01,24:00:00,156.979167,0.065902,0,0,0,0,0.090291
2593,5-Nov-01,24:00:00,158.958333,0.063457,0,0,0,0,0.08946
2594,6-Nov-01,24:00:00,160.958333,0.057094,0,0,0,0,0.088705
2595,7-Nov-01,24:00:00,161,0.053362,0,0,0,0,0.087994
2596,8-Nov-01,24:00:00,161,0.055956,0,0,0,0,0.08731
2597,9-Nov-01,24:00:00,163.043261,0.070456,0.084928,0,0.165516,0,0.087301
2598,10-Nov-01,24:00:00,175.860904,0.045155,11.881737,0,0.981871,0,0.123231
2599,11-Nov-01,24:00:00,203.272719,0.019063,49.064386,0,1.630852,0,0.294365
2600,12-Nov-01,24:00:00,177.481829,0.01606,30.335995,0,0.989677,0,0.429751
2601,13-Nov-01,24:00:00,138.924526,0.016132,1.716192,0,0,0,0.462888
2602,14-Nov-01,24:00:00,175.1875,0.023416,0,0,0,0,0.462888
2603,15-Nov-01,24:00:00,183.943126,0.035387,0.109792,0,0.005028,0,0.46315
2604,16-Nov-01,24:00:00,237.868599,0.017123,0.014432,0,0,0,0.463391
2605,17-Nov-01,24:00:00,241.9375,0.035834,0,0,0,0,0.463391
2606,18-Nov-01,24:00:00,232.208333,0.020203,0,0,0,0,0.463391
2607,19-Nov-01,24:00:00,230.041667,0.035386,0,0,0,0,0.463391
2608,20-Nov-01,24:00:00,238.890431,0.037922,6.932098,0,0.662767,0,0.478853
2609,21-Nov-01,24:00:00,252.056994,0.014763,16.140328,0,0.437349,0,0.544858
2610,22-Nov-01,24:00:00,207.792122,0.036371,4.104622,0,0,0,0.573403
2611,23-Nov-01,24:00:00,588.940014,0.040457,385.940014,0,0.522259,0,0.607228
2612,24-Nov-01,24:00:00,235.820312,0.021533,29.882812,0,0.474652,0,0.660857
2613,25-Nov-01,24:00:00,178.950834,0.022261,0.367501,0,0,0,0.673094
2614,26-Nov-01,24:00:00,188.770833,0.033246,0,0,0,0,0.673094
2615,27-Nov-01,24:00:00,305.042538,0.033401,30.855038,20.303633,0.518085,0.185628,0.677862
2616,28-Nov-01,24:00:00,1153.23,0.018294,854.704795,715.414282,0.699577,0.655674,0.701841
2617,29-Nov-01,24:00:00,1246.15,0.031631,929.524669,882.287941,0.174846,0.27273,0.701017
2618,30-Nov-01,24:00:00,3036.90,0.027909,2714.02,1462.16,1.135084,1.135084,0.70716
2619,1-Dec-01,24:00:00,3067.96,0.020669,2812.52,1808.11,0.957648,0.957648,0.709084
2620,2-Dec-01,24:00:00,1692.95,0.024988,1420.35,1382.76,0.530668,0.530668,0.701216
2621,3-Dec-01,24:00:00,1247.55,0.023394,981.40855,973.613632,0.264411,0.264411,0.700277
2622,4-Dec-01,24:00:00,741.788101,0.018793,434.663101,434.566346,0,0,0.7
2623,5-Dec-01,24:00:00,2256.80,0.008775,1964.47,1456.12,1.746295,1.398665,0.717196
2624,6-Dec-01,24:00:00,2156.44,0.034079,1917.32,1839.26,0.082539,0.430169,0.705944
2625,7-Dec-01,24:00:00,953.636618,0.034348,641.219952,641.196498,0,0,0.7
2626,8-Dec-01,24:00:00,698.04946,0.035343,375.23696,375.23696,0,0,0.699917
2627,9-Dec-01,24:00:00,614.480947,0.048199,298.335114,298.335114,0,0,0.697181
2628,10-Dec-01,24:00:00,565.846376,0.057751,251.804709,251.804709,0,0,0.692173
2629,11-Dec-01,24:00:00,522.315379,0.036321,213.211213,213.211213,0,0,0.687283
2630,12-Dec-01,24:00:00,488.924451,0.030355,179.924451,179.924451,0,0,0.683869
2631,13-Dec-01,24:00:00,698.617329,0.017022,388.638162,195.202771,0.513845,0.258633,0.685741
2632,14-Dec-01,24:00:00,2067.31,0.057894,1754.37,824.664936,0.217782,0.281385,0.70136
2633,15-Dec-01,24:00:00,593.186756,0.012325,273.332589,272.71386,0,0,0.7
2634,16-Dec-01,24:00:00,647.64874,0.012535,327.64874,324.281819,0.553822,0.491284,0.700827
2635,17-Dec-01,24:00:00,1786.05,0.027572,1465.07,1339.14,0.467349,0.529887,0.703082
2636,18-Dec-01,24:00:00,783.613253,0.020504,458.696586,457.335121,0.123375,0.123375,0.7
2637,19-Dec-01,24:00:00,877.750706,0.018432,551.771539,545.81201,0.295019,0.295019,0.700219
2638,20-Dec-01,24:00:00,1191.56,0.017181,864.582543,852.795454,0.324781,0.324781,0.7
2639,21-Dec-01,24:00:00,616.742481,0.016381,369.054981,368.683483,0,0,0.7
2640,22-Dec-01,24:00:00,1248.55,0.016058,946.737402,835.097353,0.688661,0.688661,0.701024
2641,23-Dec-01,24:00:00,935.206343,0.016148,631.227176,623.629022,0,0,0.7
2642,24-Dec-01,24:00:00,566.041777,0.036609,263.020944,263.015892,0,0,0.7
2643,25-Dec-01,24:00:00,489.99321,0.012686,186.99321,186.99321,0,0,0.7
2644,26-Dec-01,24:00:00,458.014167,0.01631,155.014167,155.014167,0,0,0.7
2645,27-Dec-01,24:00:00,468.243755,0.025894,165.243755,164.333814,0.051911,0.047097,0.699979
2646,28-Dec-01,24:00:00,766.026305,0.018375,463.026305,456.003707,0.496631,0.496631,0.700048
2647,29-Dec-01,24:00:00,854.727854,0.019614,551.727854,546.111541,0,0,0.7
2648,30-Dec-01,24:00:00,1125.05,0.016022,823.031109,477.762941,0.681623,0.647963,0.70344
2649,31-Dec-01,24:00:00,1370.18,0.019148,1157.29,893.37052,0.045425,0.079084,0.70007
2650,1-Jan-02,24:00:00,1602.77,0.016109,1301.68,1273.70,1.268197,1.138023,0.70191
2651,2-Jan-02,24:00:00,2753.07,0.026015,2683.11,2156.92,1.016807,1.14698,0.718106
2652,3-Jan-02,24:00:00,1119.22,0.029025,1015.05,1012.13,0,0,0.7
2653,4-Jan-02,24:00:00,722.702829,0.035215,420.890329,420.890329,0,0,0.7
2654,5-Jan-02,24:00:00,1124.10,0.009298,810.271496,798.665417,0.797223,0.797223,0.701336
2655,6-Jan-02,24:00:00,2158.55,0.016521,1844.55,1819.53,0.703451,0.703451,0.70373
2656,7-Jan-02,24:00:00,1009.42,0.024301,696.39845,695.946161,0,0,0.7
2657,8-Jan-02,24:00:00,680.335952,0.022595,366.356785,366.356785,0,0,0.7
2658,9-Jan-02,24:00:00,595.425315,0.035778,282.404482,282.404482,0,0,0.7
2659,10-Jan-02,24:00:00,550.278722,0.033676,237.278722,237.278722,0,0,0.698571
2660,11-Jan-02,24:00:00,513.918458,0.038154,200.918458,200.918458,0,0,0.695034
2661,12-Jan-02,24:00:00,482.620542,0.042831,169.620542,169.620542,0,0,0.691012
2662,13-Jan-02,24:00:00,456.809644,0.037606,142.830477,142.830477,0,0,0.686999
2663,14-Jan-02,24:00:00,436.065126,0.048012,120.106792,120.106792,0,0,0.682881
2664,15-Jan-02,24:00:00,415.953637,0.037609,100.932804,100.932804,0,0,0.678436
2665,16-Jan-02,24:00:00,399.794858,0.036627,84.794858,84.794858,0,0,0.674725
2666,17-Jan-02,24:00:00,386.227879,0.043775,71.227879,71.227879,0,0,0.670727
2667,18-Jan-02,24:00:00,374.828144,0.037656,59.828144,59.828144,0,0,0.666615
2668,19-Jan-02,24:00:00,365.25162,0.040543,50.25162,50.25162,0,0,0.66278
2669,20-Jan-02,24:00:00,357.207517,0.029027,42.207517,42.207517,0,0,0.659331
2670,21-Jan-02,24:00:00,351.456441,0.010686,36.456441,35.450915,0.045783,0,0.660184
2671,22-Jan-02,24:00:00,344.901368,0.015553,29.901368,29.77586,0,0,0.662337
2672,23-Jan-02,24:00:00,340.009252,0.039502,25.009252,25.009252,0,0,0.662337
2673,24-Jan-02,24:00:00,332.089019,0.014677,21.005686,21.005686,0,0,0.662337
2674,25-Jan-02,24:00:00,322.768021,0.035431,17.643021,17.643021,0,0,0.661705
2675,26-Jan-02,24:00:00,338.871435,0.027722,22.121435,14.81867,0.303975,0,0.685124
2676,27-Jan-02,24:00:00,329.653133,0.042113,12.653133,12.446453,0,0,0.691176
2677,28-Jan-02,24:00:00,191.349816,0.031965,10.453982,10.453982,0,0,0.691176
2678,29-Jan-02,24:00:00,144.676305,0.043973,8.780472,8.780472,0,0,0.689375
2679,30-Jan-02,24:00:00,85.583198,0.042547,7.374864,7.374864,0,0,0.685222
2680,31-Jan-02,24:00:00,315.25677,0.043893,6.19427,6.19427,0,0,0.680892
2681,1-Feb-02,24:00:00,319.202669,0.022199,5.202669,5.202669,0,0,0.677637
2682,2-Feb-02,24:00:00,307.598973,0.037988,4.369806,4.369806,0,0,0.674665
2683,3-Feb-02,24:00:00,294.920271,0.048174,3.670271,3.670271,0,0,0.670325
2684,4-Feb-02,24:00:00,291.14522,0.054564,3.08272,3.08272,0,0,0.665171
2685,5-Feb-02,24:00:00,299.401727,0.043646,2.589227,2.589227,0,0,0.660223
2686,6-Feb-02,24:00:00,303.0914,0.035591,2.174734,2.174734,0,0,0.656442
2687,7-Feb-02,24:00:00,350.191086,0.022071,39.399419,1.826594,0.380334,0,0.664498
2688,8-Feb-02,24:00:00,338.072955,0.057552,23.156289,1.534189,0,0,0.691052
2689,9-Feb-02,24:00:00,316.288592,0.055479,1.288592,1.288592,0,0,0.690433
2690,10-Feb-02,24:00:00,316.082311,0.066258,1.082311,1.082311,0,0,0.686295
2691,11-Feb-02,24:00:00,315.909051,0.063035,0.909051,0.909051,0,0,0.679793
2692,12-Feb-02,24:00:00,317.72186,0.068892,0.763527,0.763527,0,0,0.673213
2693,13-Feb-02,24:00:00,319.599632,0.056666,0.641299,0.641299,0,0,0.666956
2694,14-Feb-02,24:00:00,319.538637,0.074733,0.538637,0.538637,0,0,0.660424
2695,15-Feb-02,24:00:00,316.51491,0.041994,0.45241,0.45241,0,0,0.654633
2696,16-Feb-02,24:00:00,313.480282,0.032407,1.396949,0.379987,0.17132,0,0.653531
2697,17-Feb-02,24:00:00,317.492836,0.041717,3.534503,0.319157,0,0,0.666363
2698,18-Feb-02,24:00:00,307.413899,0.04272,0.268066,0.268066,0,0,0.666363
2699,19-Feb-02,24:00:00,1465.33,0.02028,1148.54,553.56679,1.445799,0.919123,0.698155
2700,20-Feb-02,24:00:00,2116.39,0.036475,1798.41,1486.93,0.334279,0.524583,0.703109
2701,21-Feb-02,24:00:00,720.626367,0.059117,403.605533,403.387037,0,0,0.7
2702,22-Feb-02,24:00:00,488.049133,0.07561,172.0283,172.0283,0,0,0.696978
2703,23-Feb-02,24:00:00,443.389886,0.032819,127.389886,127.389886,0,0,0.691649
2704,24-Feb-02,24:00:00,425.988882,0.066809,108.030549,108.030549,0,0,0.686647
2705,25-Feb-02,24:00:00,412.285744,0.079292,92.327411,92.327411,0,0,0.679265
2706,26-Feb-02,24:00:00,398.331727,0.082291,78.331727,78.331727,0,0,0.671201
2707,27-Feb-02,24:00:00,386.113335,0.088593,66.113335,66.113335,0,0,0.662737
2708,28-Feb-02,24:00:00,371.736513,0.103184,55.65318,55.65318,0,0,0.653448
2709,1-Mar-02,24:00:00,360.831983,0.088336,46.790317,46.790317,0,0,0.643571
2710,2-Mar-02,24:00:00,352.337956,0.086584,39.317123,39.317123,0,0,0.63486
2711,3-Mar-02,24:00:00,347.008597,0.088052,33.029431,33.029431,0,0,0.62614
2712,4-Mar-02,24:00:00,340.765125,0.092491,27.744291,27.744291,0,0,0.617161
2713,5-Mar-02,24:00:00,337.385798,0.049898,24.385798,23.303741,0.15073,0,0.613705
2714,6-Mar-02,24:00:00,317.467574,0.034242,29.925907,19.573516,0.414799,0,0.641294
2715,7-Mar-02,24:00:00,334.432197,0.053416,22.953031,16.44026,0.169712,0,0.677783
2716,8-Mar-02,24:00:00,326.024817,0.07485,14.024817,13.808501,0,0,0.682535
2717,9-Mar-02,24:00:00,358.276329,0.055894,46.276329,43.119519,0.414219,0.174459,0.684385
2718,10-Mar-02,24:00:00,707.384572,0.048513,395.384572,385.396327,0.119168,0.119168,0.7
2719,11-Mar-02,24:00:00,405.314415,0.091727,93.314415,93.282593,0,0,0.6984
2720,12-Mar-02,24:00:00,353.484069,0.073199,42.463236,42.463236,0,0,0.692556
2721,13-Mar-02,24:00:00,343.150579,0.058532,32.150579,32.150579,0,0,0.685825
2722,14-Mar-02,24:00:00,337.306381,0.082701,27.285548,27.285548,0,0,0.678841
2723,15-Mar-02,24:00:00,333.276887,0.086169,23.276887,23.276887,0,0,0.671446
2724,16-Mar-02,24:00:00,329.72428,0.073682,19.72428,19.72428,0,0,0.667802
2725,17-Mar-02,24:00:00,326.637343,0.059617,16.637343,16.637343,0,0,0.663254
2726,18-Mar-02,24:00:00,324.001034,0.091668,14.001034,14.001034,0,0,0.655616
2727,19-Mar-02,24:00:00,321.769825,0.104216,11.769825,11.769825,0,0,0.64587
2728,20-Mar-02,24:00:00,322.826921,0.096141,9.889421,9.889421,0,0,0.635885
2729,21-Mar-02,24:00:00,324.245171,0.119953,8.307671,8.307671,0,0,0.625261
2730,22-Mar-02,24:00:00,327.233745,0.028468,13.192078,6.978259,0.332687,0,0.633991
2731,23-Mar-02,24:00:00,327.144933,0.055134,15.103266,5.861344,0.31368,0,0.674896
2732,24-Mar-02,24:00:00,270.435325,0.093852,5.435325,4.92311,0,0,0.683078
2733,25-Mar-02,24:00:00,294.572529,0.077554,4.135029,4.135029,0,0,0.6786
2734,26-Mar-02,24:00:00,272.931422,0.10917,3.473088,3.473088,0,0,0.669137
2735,27-Mar-02,24:00:00,270.937941,0.115664,2.917107,2.917107,0,0,0.657907
2736,28-Mar-02,24:00:00,268.491794,0.140935,2.450127,2.450127,0,0,0.645184
2737,29-Mar-02,24:00:00,264.141236,0.144763,2.057902,2.057902,0,0,0.630953
2738,30-Mar-02,24:00:00,260.790966,0.1386,1.728466,1.728466,0,0,0.616703
2739,31-Mar-02,24:00:00,257.514267,0.136837,1.451767,1.451767,0,0,0.602862
2740,1-Apr-02,24:00:00,231.761029,0.144489,1.219362,1.219362,0,0,0.588908
2741,2-Apr-02,24:00:00,156.607496,0.133787,1.024162,1.024162,0,0,0.574961
2742,3-Apr-02,24:00:00,122.54771,0.078329,0.86021,0.86021,0,0,0.564501
2743,4-Apr-02,24:00:00,127.597505,0.047234,0.722505,0.722505,0,0,0.558036
2744,5-Apr-02,24:00:00,119.77351,0.062788,0.606843,0.606843,0,0,0.552176
2745,6-Apr-02,24:00:00,122.447198,0.111742,0.509698,0.509698,0,0,0.54379
2746,7-Apr-02,24:00:00,118.511437,0.12782,0.428103,0.428103,0,0,0.531953
2747,8-Apr-02,24:00:00,122.276238,0.11516,0.359571,0.359571,0,0,0.519464
2748,9-Apr-02,24:00:00,126.218676,0.046269,0.30201,0.30201,0,0,0.511585
2749,10-Apr-02,24:00:00,135.066163,0.136256,0.253663,0.253663,0,0,0.502336
2750,11-Apr-02,24:00:00,111.713055,0.072957,0.213055,0.213055,0,0,0.492156
2751,12-Apr-02,24:00:00,113.137282,0.155587,0.178949,0.178949,0,0,0.480609
2752,13-Apr-02,24:00:00,122.941969,0.163631,0.150302,0.150302,0,0,0.464735
2753,14-Apr-02,24:00:00,124.105408,0.129386,0.126241,0.126241,0,0,0.450185
2754,15-Apr-02,24:00:00,122.147699,0.123588,0.106032,0.106032,0,0,0.436881
2755,16-Apr-02,24:00:00,129.701402,0.0499,0.847235,0.089058,0.061845,0,0.430209
2756,17-Apr-02,24:00:00,130.82361,0.082877,0.844443,0.074801,0,0,0.433054
2757,18-Apr-02,24:00:00,125.166993,0.104316,0.062827,0.062827,0,0,0.428907
2758,19-Apr-02,24:00:00,125.052769,0.139045,0.052769,0.052769,0,0,0.417554
2759,20-Apr-02,24:00:00,125.044322,0.136908,0.044322,0.044322,0,0,0.404679
2760,21-Apr-02,24:00:00,125.037227,0.142764,0.037227,0.037227,0,0,0.392925
2761,22-Apr-02,24:00:00,120.135434,0.158217,0.031267,0.031267,0,0,0.381261
2762,23-Apr-02,24:00:00,119.047095,0.162883,0.026262,0.026262,0,0,0.370272
2763,24-Apr-02,24:00:00,117.063724,0.099308,0.022058,0.022058,0,0,0.361897
2764,25-Apr-02,24:00:00,109.185193,0.15778,0.018527,0.018527,0,0,0.354913
2765,26-Apr-02,24:00:00,94.328061,0.13595,0.015561,0.015561,0,0,0.34742
2766,27-Apr-02,24:00:00,91.07557,0.092187,0.01307,0.01307,0,0,0.341622
2767,28-Apr-02,24:00:00,90.031811,0.080779,0.010978,0.010978,0,0,0.337328
2768,29-Apr-02,24:00:00,92.94672,0.050295,0.00922,0.00922,0,0,0.334222
2769,30-Apr-02,24:00:00,93.986911,0.05502,0.007744,0.007744,0,0,0.331784
2770,1-May-02,24:00:00,94.985671,0.109055,0.006504,0.006504,0,0,0.327926
2771,2-May-02,24:00:00,93.04713,0.159061,0.005463,0.005463,0,0,0.3217
2772,3-May-02,24:00:00,93.004589,0.13657,0.004589,0.004589,0,0,0.315132
2773,4-May-02,24:00:00,92.024687,0.171257,0.003854,0.003854,0,0,0.308157
2774,5-May-02,24:00:00,91.02407,0.186784,0.003237,0.003237,0,0,0.300458
2775,6-May-02,24:00:00,90.023552,0.168597,0.002719,0.002719,0,0,0.292892
2776,7-May-02,24:00:00,93.91895,0.149093,0.002284,0.002284,0,0,0.286189
2777,8-May-02,24:00:00,91.064418,0.169759,0.001918,0.001918,0,0,0.279845
2778,9-May-02,24:00:00,85.126611,0.169182,0.001611,0.001611,0,0,0.273171
2779,10-May-02,24:00:00,85.001353,0.146022,0.001353,0.001353,0,0,0.266814
2780,11-May-02,24:00:00,91.855303,0.171849,0.001137,0.001137,0,0,0.261018
2781,12-May-02,24:00:00,96.896788,0.184849,0.000955,0.000955,0,0,0.25456
2782,13-May-02,24:00:00,97.979968,0.163443,0.000802,0.000802,0,0,0.248277
2783,14-May-02,24:00:00,134.22984,0.177831,0.000673,0.000673,0,0,0.242257
2784,15-May-02,24:00:00,135.000566,0.195054,0.000566,0.000566,0,0,0.235979
2785,16-May-02,24:00:00,133.042142,0.179565,0.000475,0.000475,0,0,0.229667
2786,17-May-02,24:00:00,130.062899,0.183618,0.000399,0.000399,0,0,0.22372
2787,18-May-02,24:00:00,128.042002,0.148237,0.000335,0.000335,0,0,0.218488
2788,19-May-02,24:00:00,132.896115,0.068707,0.000281,0.000281,0,0,0.215002
2789,20-May-02,24:00:00,143.755102,0.063481,3.900936,0.000236,0.202098,0,0.223947
2790,21-May-02,24:00:00,95.071334,0.083345,1.092167,0.000199,0,0,0.234178
2791,22-May-02,24:00:00,91.041833,0.156106,0.000167,0.000167,0,0,0.232029
2792,23-May-02,24:00:00,91.979307,0.177739,0.00014,0.00014,0,0,0.226752
2793,24-May-02,24:00:00,92.000118,0.18882,0.000118,0.000118,0,0,0.220865
2794,25-May-02,24:00:00,92.000099,0.200234,0.000099,0.000099,0,0,0.21487
2795,26-May-02,24:00:00,88.083416,0.183772,0.000083,0.000083,0,0,0.208983
2796,27-May-02,24:00:00,89.958403,0.104622,0.00007,0.00007,0,0,0.204607
2797,28-May-02,24:00:00,91.958392,0.177199,0.000059,0.000059,0,0,0.20062
2798,29-May-02,24:00:00,86.125049,0.211592,0.000049,0.000049,0,0,0.195216
2799,30-May-02,24:00:00,99.708375,0.222596,0.000041,0.000041,0,0,0.189241
2800,31-May-02,24:00:00,91.187535,0.2011,0.000035,0.000035,0,0,0.183518
2801,1-Jun-02,24:00:00,76.312529,0.189182,0.000029,0.000029,0,0,0.178528
2802,2-Jun-02,24:00:00,76.000024,0.187938,0.000024,0.000024,0,0,0.17377
2803,3-Jun-02,24:00:00,76.783357,0.20976,0.000021,0.000021,0,0,0.168965
2804,4-Jun-02,24:00:00,72.100017,0.225874,0.000017,0.000017,0,0,0.163756
2805,5-Jun-02,24:00:00,72.000015,0.237989,0.000015,0.000015,0,0,0.158419
2806,6-Jun-02,24:00:00,70.433347,0.234083,0.000012,0.000012,0,0,0.153253
2807,7-Jun-02,24:00:00,72.750013,0.226425,0.00001,0.00001,0,0,0.148268
2808,8-Jun-02,24:00:00,73.58334,0.212623,0.000009,0.000009,0,0,0.14348
2809,9-Jun-02,24:00:00,72.816677,0.200195,0.000007,0.000007,0,0,0.139363
2810,10-Jun-02,24:00:00,72.800009,0.200994,0.000006,0.000006,0,0,0.135431
2811,11-Jun-02,24:00:00,72.016672,0.215584,0.000005,0.000005,0,0,0.131478
2812,12-Jun-02,24:00:00,71.216675,0.203759,0.000004,0.000004,0,0,0.127638
2813,13-Jun-02,24:00:00,71.200008,0.197639,0.000004,0.000004,0,0,0.123992
2814,14-Jun-02,24:00:00,71.200008,0.185951,0.000003,0.000003,0,0,0.120652
2815,15-Jun-02,24:00:00,71.200007,0.198386,0.000003,0.000003,0,0,0.11737
2816,16-Jun-02,24:00:00,71.200007,0.203213,0.000002,0.000002,0,0,0.114072
2817,17-Jun-02,24:00:00,72.766672,0.20696,0.000002,0.000002,0,0,0.110757
2818,18-Jun-02,24:00:00,73.583333,0.17321,0.000002,0.000002,0,0,0.107815
2819,19-Jun-02,24:00:00,72.816671,0.214352,0.000001,0.000001,0,0,0.104849
2820,20-Jun-02,24:00:00,72.016668,0.217967,0.000001,0.000001,0,0,0.101685
2821,21-Jun-02,24:00:00,74.350002,0.187429,0.000001,0.000001,0,0,0.098711
2822,22-Jun-02,24:00:00,72.833337,0.196776,0.000001,0.000001,0,0,0.096069
2823,23-Jun-02,24:00:00,72.016667,0.200205,0.000001,0.000001,0,0,0.093366
2824,24-Jun-02,24:00:00,72.000001,0.210121,0.000001,0.000001,0,0,0.090656
2825,25-Jun-02,24:00:00,72.783337,0.226872,0,0,0,0,0.087889
2826,26-Jun-02,24:00:00,72.016667,0.211743,0,0,0,0,0.085178
2827,27-Jun-02,24:00:00,72,0.223682,0,0,0,0,0.082568
2828,28-Jun-02,24:00:00,72,0.216894,0,0,0,0,0.080014
2829,29-Jun-02,24:00:00,72,0.208401,0,0,0,0,0.077607
2830,30-Jun-02,24:00:00,72,0.207294,0,0,0,0,0.075334
2831,1-Jul-02,24:00:00,72,0.230403,0,0,0,0,0.073022
2832,2-Jul-02,24:00:00,72.783336,0.214346,0,0,0,0,0.070714
2833,3-Jul-02,24:00:00,73.583332,0.232815,0,0,0,0,0.06856
2834,4-Jul-02,24:00:00,72.033333,0.205732,0,0,0,0,0.066366
2835,5-Jul-02,24:00:00,70.433335,0.207432,0,0,0,0,0.06447
2836,6-Jul-02,24:00:00,71.183338,0.235694,0,0,0,0,0.062496
2837,7-Jul-02,24:00:00,74.333335,0.210915,0,0,0,0,0.06046
2838,8-Jul-02,24:00:00,74.400002,0.205743,0,0,0,0,0.0587
2839,9-Jul-02,24:00:00,75.183338,0.223376,0,0,0,0,0.056923
2840,10-Jul-02,24:00:00,73.633332,0.23214,0,0,0,0,0.055104
2841,11-Jul-02,24:00:00,72.033333,0.245598,0,0,0,0,0.0533
2842,12-Jul-02,24:00:00,72,0.23779,0,0,0,0,0.051452
2843,13-Jul-02,24:00:00,72,0.22409,0,0,0,0,0.049769
2844,14-Jul-02,24:00:00,73.566665,0.228798,0,0,0,0,0.048201
2845,15-Jul-02,24:00:00,76.733336,0.186103,0,0,0,0,0.046791
2846,16-Jul-02,24:00:00,76.016667,0.19023,0,0,0,0,0.045536
2847,17-Jul-02,24:00:00,72.86667,0.210657,0,0,0,0,0.044255
2848,18-Jul-02,24:00:00,72.016667,0.210446,0,0,0,0,0.042936
2849,19-Jul-02,24:00:00,72.783336,0.209745,0,0,0,0,0.041659
2850,20-Jul-02,24:00:00,74.366668,0.228313,0,0,0,0,0.040392
2851,21-Jul-02,24:00:00,75.966667,0.182083,0,0,0,0,0.039205
2852,22-Jul-02,24:00:00,75.216671,0.154079,0,0,0,0,0.038264
2853,23-Jul-02,24:00:00,72.066667,0.189676,0,0,0,0,0.03735
2854,24-Jul-02,24:00:00,77.483332,0.192957,0,0,0,0,0.03634
2855,25-Jul-02,24:00:00,78.383335,0.183557,0,0,0,0,0.035364
2856,26-Jul-02,24:00:00,74.483335,0.181093,0,0,0,0,0.03445
2857,27-Jul-02,24:00:00,75.183338,0.156084,0,0,0,0,0.033634
2858,28-Jul-02,24:00:00,78.333335,0.106715,0,0,0,0,0.03301
2859,29-Jul-02,24:00:00,77.616665,0.148665,0,0,0,0,0.032415
2860,30-Jul-02,24:00:00,75.250004,0.176417,0,0,0,0,0.031654
2861,31-Jul-02,24:00:00,75.983333,0.174474,0,0,0,0,0.030914
2862,1-Aug-02,24:00:00,74.433335,0.191144,0,0,0,0,0.030088
2863,2-Aug-02,24:00:00,73.616665,0.17969,0,0,0,0,0.029307
2864,3-Aug-02,24:00:00,75.95,0.129045,0,0,0,0,0.028661
2865,4-Aug-02,24:00:00,74.433335,0.172465,0,0,0,0,0.028049
2866,5-Aug-02,24:00:00,72.833336,0.184961,0,0,0,0,0.027346
2867,6-Aug-02,24:00:00,72.800003,0.175225,0,0,0,0,0.026639
2868,7-Aug-02,24:00:00,73.583332,0.176284,0,0,0,0,0.025987
2869,8-Aug-02,24:00:00,73.599998,0.194586,0,0,0,0,0.025302
2870,9-Aug-02,24:00:00,76.733336,0.204229,0,0,0,0,0.024593
2871,10-Aug-02,24:00:00,76.016667,0.208474,0,0,0,0,0.023883
2872,11-Aug-02,24:00:00,76.783336,0.197044,0,0,0,0,0.023192
2873,12-Aug-02,24:00:00,75.233338,0.201014,0,0,0,0,0.02256
2874,13-Aug-02,24:00:00,76.76667,0.205796,0,0,0,0,0.021906
2875,14-Aug-02,24:00:00,76.800003,0.197374,0,0,0,0,0.021278
2876,15-Aug-02,24:00:00,76.016667,0.193205,0,0,0,0,0.020692
2877,16-Aug-02,24:00:00,76.783336,0.182452,0,0,0,0,0.020141
2878,17-Aug-02,24:00:00,76.016667,0.204015,0,0,0,0,0.019599
2879,18-Aug-02,24:00:00,76.783336,0.182844,0,0,0,0,0.019056
2880,19-Aug-02,24:00:00,75.233338,0.168255,0,0,0,0,0.018583
2881,20-Aug-02,24:00:00,73.633332,0.188834,0,0,0,0,0.018119
2882,21-Aug-02,24:00:00,74.383335,0.171088,0,0,0,0,0.017651
2883,22-Aug-02,24:00:00,74.400002,0.162725,0,0,0,0,0.017236
2884,23-Aug-02,24:00:00,74.400002,0.160371,0,0,0,0,0.016841
2885,24-Aug-02,24:00:00,76.750003,0.179875,0,0,0,0,0.016444
2886,25-Aug-02,24:00:00,78.366668,0.192535,0,0,0,0,0.016015
2887,26-Aug-02,24:00:00,72.91667,0.186541,0,0,0,0,0.015581
2888,27-Aug-02,24:00:00,71.233338,0.185981,0,0,0,0,0.015169
2889,28-Aug-02,24:00:00,70.416668,0.203427,0,0,0,0,0.014757
2890,29-Aug-02,24:00:00,70.400002,0.144346,0,0,0,0,0.014389
2891,30-Aug-02,24:00:00,70.400002,0.162782,0,0,0,0,0.014082
2892,31-Aug-02,24:00:00,71.183338,0.169239,0,0,0,0,0.013744
2893,1-Sep-02,24:00:00,70.416668,0.166378,0,0,0,0,0.013416
2894,2-Sep-02,24:00:00,70.400002,0.188987,0,0,0,0,0.013085
2895,3-Sep-02,24:00:00,71.966667,0.182534,0,0,0,0,0.012746
2896,4-Sep-02,24:00:00,74.350001,0.15825,0,0,0,0,0.012437
2897,5-Sep-02,24:00:00,74.400002,0.153318,0,0,0,0,0.012158
2898,6-Sep-02,24:00:00,73.616665,0.138649,0,0,0,0,0.011906
2899,7-Sep-02,24:00:00,74.383335,0.143018,0,0,0,0,0.011669
2900,8-Sep-02,24:00:00,74.400002,0.149653,0,0,0,0,0.011428
2901,9-Sep-02,24:00:00,73.616665,0.158363,0,0,0,0,0.011179
2902,10-Sep-02,24:00:00,74.383335,0.161859,0,0,0,0,0.010927
2903,11-Sep-02,24:00:00,73.616665,0.17133,0,0,0,0,0.010672
2904,12-Sep-02,24:00:00,74.383335,0.162033,0,0,0,0,0.010419
2905,13-Sep-02,24:00:00,74.400002,0.156305,0,0,0,0,0.010183
2906,14-Sep-02,24:00:00,74.400002,0.14722,0,0,0,0,0.009964
2907,15-Sep-02,24:00:00,74.400002,0.130821,0,0,0,0,0.009768
2908,16-Sep-02,24:00:00,74.400002,0.141769,0,0,0,0,0.009579
2909,17-Sep-02,24:00:00,74.400002,0.156738,0,0,0,0,0.00938
2910,18-Sep-02,24:00:00,74.400002,0.165565,0,0,0,0,0.009163
2911,19-Sep-02,24:00:00,74.400002,0.141041,0,0,0,0,0.008963
2912,20-Sep-02,24:00:00,74.400002,0.145238,0,0,0,0,0.008782
2913,21-Sep-02,24:00:00,74.400002,0.153239,0,0,0,0,0.008598
2914,22-Sep-02,24:00:00,75.966667,0.155266,0,0,0,0,0.008412
2915,23-Sep-02,24:00:00,76.783336,0.141259,0,0,0,0,0.008233
2916,24-Sep-02,24:00:00,75.233338,0.145549,0,0,0,0,0.008066
2917,25-Sep-02,24:00:00,73.633332,0.134928,0,0,0,0,0.007904
2918,26-Sep-02,24:00:00,73.599998,0.12829,0,0,0,0,0.007757
2919,27-Sep-02,24:00:00,73.599998,0.106556,0,0,0,0,0.007629
2920,28-Sep-02,24:00:00,73.599998,0.108649,0,0,0,0,0.007511
2921,29-Sep-02,24:00:00,73.599998,0.109826,0,0,0,0,0.007394
2922,30-Sep-02,24:00:00,74.383335,0.120058,0,0,0,0,0.007276
2923,1-Oct-02,24:00:00,93.591667,0.113976,0,0,0,0,0.007153
2924,2-Oct-02,24:00:00,95.958333,0.114232,0,0,0,0,0.007038
2925,3-Oct-02,24:00:00,96,0.107169,0,0,0,0,0.006927
2926,4-Oct-02,24:00:00,95.020833,0.111866,0,0,0,0,0.006819
2927,5-Oct-02,24:00:00,103.8125,0.111679,0,0,0,0,0.006711
2928,6-Oct-02,24:00:00,104,0.118156,0,0,0,0,0.006602
2929,7-Oct-02,24:00:00,101.0625,0.119102,0,0,0,0,0.006492
2930,8-Oct-02,24:00:00,100.020833,0.11311,0,0,0,0,0.006384
2931,9-Oct-02,24:00:00,98.041667,0.117358,0,0,0,0,0.006282
2932,10-Oct-02,24:00:00,97.020833,0.091186,0,0,0,0,0.006185
2933,11-Oct-02,24:00:00,94.0625,0.089287,0,0,0,0,0.006107
2934,12-Oct-02,24:00:00,91.0625,0.091353,0,0,0,0,0.006028
2935,13-Oct-02,24:00:00,89.041667,0.09425,0,0,0,0,0.005949
2936,14-Oct-02,24:00:00,90.958333,0.100825,0,0,0,0,0.005867
2937,15-Oct-02,24:00:00,90.020833,0.097039,0,0,0,0,0.005785
2938,16-Oct-02,24:00:00,93.916667,0.044372,0,0,0,0,0.005728
2939,17-Oct-02,24:00:00,94.979167,0.065758,0,0,0,0,0.005682
2940,18-Oct-02,24:00:00,96.958333,0.080903,0,0,0,0,0.005622
2941,19-Oct-02,24:00:00,98.958333,0.091138,0,0,0,0,0.005554
2942,20-Oct-02,24:00:00,100.958333,0.093941,0,0,0,0,0.005481
2943,21-Oct-02,24:00:00,100.020833,0.085138,0,0,0,0,0.005411
2944,22-Oct-02,24:00:00,100,0.084878,0,0,0,0,0.005346
2945,23-Oct-02,24:00:00,100.979167,0.05065,0,0,0,0,0.005295
2946,24-Oct-02,24:00:00,100.020833,0.048143,0,0,0,0,0.005257
2947,25-Oct-02,24:00:00,100.979167,0.072672,0,0,0,0,0.005211
2948,26-Oct-02,24:00:00,100.020833,0.085679,0,0,0,0,0.005154
2949,27-Oct-02,24:00:00,95.104167,0.072816,0,0,0,0,0.005094
2950,28-Oct-02,24:00:00,99.895833,0.085521,0,0,0,0,0.005039
2951,29-Oct-02,24:00:00,98.041667,0.10766,0,0,0,0,0.004972
2952,30-Oct-02,24:00:00,91.145833,0.070147,0,0,0,0,0.004905
2953,31-Oct-02,24:00:00,87.083333,0.0584,0,0,0,0,0.00486
2954,1-Nov-02,24:00:00,87,0.064573,0,0,0,0,0.004818
2955,2-Nov-02,24:00:00,87.979167,0.063778,0,0,0,0,0.004774
2956,3-Nov-02,24:00:00,87.020833,0.056697,0,0,0,0,0.004732
2957,4-Nov-02,24:00:00,89.9375,0.06296,0,0,0,0,0.004693
2958,5-Nov-02,24:00:00,90.979167,0.070027,0,0,0,0,0.004649
2959,6-Nov-02,24:00:00,92.170218,0.06545,0.191051,0,0.238346,0,0.005959
2960,7-Nov-02,24:00:00,128.624459,0.025274,25.853626,0,1.282509,0,0.079719
2961,8-Nov-02,24:00:00,154.29915,0.025959,35.632483,0,1.049443,0,0.231804
2962,9-Nov-02,24:00:00,132.883236,0.030805,9.96657,0,0.380966,0,0.283436
2963,10-Nov-02,24:00:00,178.9365,0.041884,17.749,0,0.677357,0,0.358721
2964,11-Nov-02,24:00:00,131.895153,0.042347,0.249319,0,0,0,0.367445
2965,12-Nov-02,24:00:00,113.306442,0.024644,2.868942,0,0.132728,0,0.374234
2966,13-Nov-02,24:00:00,107.472487,0.052978,0.409987,0,0,0,0.380718
2967,14-Nov-02,24:00:00,93.291667,0.052012,0,0,0,0,0.380443
2968,15-Nov-02,24:00:00,100.833333,0.049128,0,0,0,0,0.378269
2969,16-Nov-02,24:00:00,100.020833,0.048518,0,0,0,0,0.374968
2970,17-Nov-02,24:00:00,98.041667,0.056157,0,0,0,0,0.371368
2971,18-Nov-02,24:00:00,95.0625,0.045053,0,0,0,0,0.368141
2972,19-Nov-02,24:00:00,92.0625,0.000987,0,0,0,0,0.366731
2973,20-Nov-02,24:00:00,105.708333,0.022694,0,0,0,0,0.366086
2974,21-Nov-02,24:00:00,112.854167,0.052075,0,0,0,0,0.363736
2975,22-Nov-02,24:00:00,107.125,0.048813,0,0,0,0,0.360772
2976,23-Nov-02,24:00:00,105.041667,0.041792,0,0,0,0,0.358196
2977,24-Nov-02,24:00:00,105.979167,0.030377,0,0,0,0,0.356175
2978,25-Nov-02,24:00:00,105.020833,0.054114,0,0,0,0,0.354107
2979,26-Nov-02,24:00:00,105,0.042041,0,0,0,0,0.35139
2980,27-Nov-02,24:00:00,105.979167,0.042079,0,0,0,0,0.349274
2981,28-Nov-02,24:00:00,105.020833,0.045019,0,0,0,0,0.347136
2982,29-Nov-02,24:00:00,104.020833,0.040406,0,0,0,0,0.345007
2983,30-Nov-02,24:00:00,103.020833,0.043037,0,0,0,0,0.342989
2984,1-Dec-02,24:00:00,100.0625,0.040043,0,0,0,0,0.340925
2985,2-Dec-02,24:00:00,91.1875,0.036863,0,0,0,0,0.339051
2986,3-Dec-02,24:00:00,71.416667,0.041633,0,0,0,0,0.337191
2987,4-Dec-02,24:00:00,54.354167,0.029745,0,0,0,0,0.335482
2988,5-Dec-02,24:00:00,49.104167,0.035499,0,0,0,0,0.333872
2989,6-Dec-02,24:00:00,46.0625,0.033799,0,0,0,0,0.332262
2990,7-Dec-02,24:00:00,45.020833,0.037492,0,0,0,0,0.33054
2991,8-Dec-02,24:00:00,45,0.040576,0,0,0,0,0.328755
2992,9-Dec-02,24:00:00,46.958333,0.020478,0,0,0,0,0.3273
2993,10-Dec-02,24:00:00,54.678293,0.02438,3.761626,0,0.153389,0,0.341418
2994,11-Dec-02,24:00:00,48.090232,0.01815,0.027732,0,0,0,0.342146
2995,12-Dec-02,24:00:00,53.526382,0.023276,4.547215,0,0.853183,0,0.354348
2996,13-Dec-02,24:00:00,3155.05,0.019324,3007.16,0,2.308055,0,0.519592
2997,14-Dec-02,24:00:00,3831.06,0.027262,3633.08,867.399704,1.540098,1.122799,0.70405
2998,15-Dec-02,24:00:00,2798.67,0.02185,2628.07,1509.93,1.279959,0.98623,0.707767
2999,16-Dec-02,24:00:00,5742.69,0.034822,5714.67,2235.74,0.843365,1.137094,0.721781
3000,17-Dec-02,24:00:00,1168.94,0.027493,1065.61,1055.41,0.045835,0.045835,0.7
3001,18-Dec-02,24:00:00,646.97928,0.014251,404.895947,404.88626,0,0,0.7
3002,19-Dec-02,24:00:00,2098.19,0.02237,1847.32,955.424466,0.869627,0.842814,0.704013
3003,20-Dec-02,24:00:00,2568.61,0.012586,2319.57,2131.66,1.687582,1.452169,0.72028
3004,21-Dec-02,24:00:00,2072.60,0.02688,1824.58,1752.47,0,0.262226,0.702486
3005,22-Dec-02,24:00:00,871.170587,0.034405,621.212253,621.210838,0,0,0.7
3006,23-Dec-02,24:00:00,638.712043,0.029047,389.69121,389.69121,0,0,0.7
3007,24-Dec-02,24:00:00,565.469101,0.014731,315.489934,315.489934,0,0,0.699807
3008,25-Dec-02,24:00:00,588.922502,0.020999,339.901669,338.357666,0.196201,0.189678,0.699676
3009,26-Dec-02,24:00:00,1545.57,0.015042,1295.59,1079.42,1.072562,0.932939,0.703808
3010,27-Dec-02,24:00:00,2282.73,0.015816,2089.52,1778.79,0.774475,0.885599,0.700855
3011,28-Dec-02,24:00:00,2431.53,0.023398,2422.15,2140.79,1.036948,1.065447,0.70801
3012,29-Dec-02,24:00:00,1374.91,0.025223,1369.90,1357.69,0.802971,0.658731,0.701789
3013,30-Dec-02,24:00:00,2808.46,0.01291,2688.90,2389.40,1.498298,1.432534,0.720685
3014,31-Dec-02,24:00:00,2014.57,0.034647,1926.84,1904.10,0.064988,0.274992,0.702022
3015,1-Jan-03,24:00:00,870.750806,0.019022,731.854972,731.822512,0,0,0.7
3016,2-Jan-03,24:00:00,725.876801,0.029932,476.210134,476.210134,0,0,0.7
3017,3-Jan-03,24:00:00,638.246702,0.036465,387.225868,387.225868,0,0,0.699478
3018,4-Jan-03,24:00:00,578.230442,0.013507,327.230442,327.230442,0,0,0.698114
3019,5-Jan-03,24:00:00,526.756617,0.035933,276.735783,276.735783,0,0,0.695635
3020,6-Jan-03,24:00:00,484.30719,0.032238,233.328023,233.328023,0,0,0.69227
3021,7-Jan-03,24:00:00,447.338111,0.03698,196.338111,196.338111,0,0,0.688764
3022,8-Jan-03,24:00:00,418.887433,0.038476,167.887433,165.046429,0.129649,0,0.693785
3023,9-Jan-03,24:00:00,784.005134,0.013357,533.005134,523.980857,0.398619,0.397359,0.700299
3024,10-Jan-03,24:00:00,611.364447,0.018838,360.364447,359.17932,0,0,0.7
3025,11-Jan-03,24:00:00,1933.98,0.017592,1682.98,1124.54,1.340495,1.244384,0.705752
3026,12-Jan-03,24:00:00,2532.30,0.017478,2281.30,2144.76,0.983216,1.079327,0.703654
3027,13-Jan-03,24:00:00,1583.35,0.017091,1331.37,1320.62,0.233349,0.233349,0.7
3028,14-Jan-03,24:00:00,745.643694,0.03532,492.664527,492.548566,0,0,0.7
3029,15-Jan-03,24:00:00,565.46331,0.037025,312.46331,312.46331,0,0,0.7
3030,16-Jan-03,24:00:00,509.619221,0.037468,254.660888,254.660888,0,0,0.698813
3031,17-Jan-03,24:00:00,303.608102,0.043151,216.045602,216.045602,0,0,0.695186
3032,18-Jan-03,24:00:00,184.878412,0.046129,183.099037,183.099037,0,0,0.690735
3033,19-Jan-03,24:00:00,154.748442,0.044678,154.718442,154.532959,0.010582,0,0.688768
3034,20-Jan-03,24:00:00,464.834147,0.023371,464.804147,454.932533,0.459898,0.354407,0.696289
3035,21-Jan-03,24:00:00,341.882196,0.01927,341.852196,340.286497,0,0,0.7
3036,22-Jan-03,24:00:00,295.814396,0.017694,295.784396,292.643131,0.186114,0.186114,0.7
3037,23-Jan-03,24:00:00,262.311787,0.031838,262.281787,260.825253,0,0,0.7
3038,24-Jan-03,24:00:00,131.049432,0.01823,131.019432,131.019432,0,0,0.7
3039,25-Jan-03,24:00:00,99.065561,0.035292,99.035561,99.035561,0,0,0.7
3040,26-Jan-03,24:00:00,82.680953,0.034444,82.650953,82.650953,0,0,0.699136
3041,27-Jan-03,24:00:00,69.832684,0.038824,69.802684,69.802684,0,0,0.696225
3042,28-Jan-03,24:00:00,58.89388,0.038131,58.86388,58.86388,0,0,0.692318
3043,29-Jan-03,24:00:00,49.572824,0.052793,49.542824,49.542824,0,0,0.687767
3044,30-Jan-03,24:00:00,41.681901,0.049835,41.651901,41.651901,0,0,0.682609
3045,31-Jan-03,24:00:00,35.029261,0.04765,34.999261,34.999261,0,0,0.67776
3046,1-Feb-03,24:00:00,45.06938,0.070879,29.402088,29.402088,0,0,0.67223
3047,2-Feb-03,24:00:00,101.405711,0.065091,24.697377,24.697377,0,0,0.664955
3048,3-Feb-03,24:00:00,138.89033,0.060035,20.744497,20.744497,0,0,0.658824
3049,4-Feb-03,24:00:00,275.46559,0.062894,17.423923,17.423923,0,0,0.652831
3050,5-Feb-03,24:00:00,279.551407,0.052363,14.63474,14.63474,0,0,0.646855
3051,6-Feb-03,24:00:00,280.229494,0.065687,12.291994,12.291994,0,0,0.641199
3052,7-Feb-03,24:00:00,285.178426,0.060252,10.32426,10.32426,0,0,0.634683
3053,8-Feb-03,24:00:00,283.671519,0.054837,8.671519,8.671519,0,0,0.628951
3054,9-Feb-03,24:00:00,283.262518,0.056243,7.283351,7.283351,0,0,0.623377
3055,10-Feb-03,24:00:00,282.117406,0.059996,6.117406,6.117406,0,0,0.617558
3056,11-Feb-03,24:00:00,281.138109,0.058208,5.138109,5.138109,0,0,0.61162
3057,12-Feb-03,24:00:00,273.957043,0.031888,4.811209,4.315581,0.224472,0,0.609169
3058,13-Feb-03,24:00:00,290.638237,0.026238,13.804904,3.624727,0.228975,0,0.642737
3059,14-Feb-03,24:00:00,280.57069,0.048352,3.57069,3.044469,0,0,0.650978
3060,15-Feb-03,24:00:00,374.850236,0.025923,97.850236,30.791794,0.764819,0.213087,0.662983
3061,16-Feb-03,24:00:00,1256.14,0.045801,980.115742,483.261667,0.094415,0.15593,0.700564
3062,17-Feb-03,24:00:00,374.972427,0.065311,109.743261,109.22977,0,0,0.699633
3063,18-Feb-03,24:00:00,323.266033,0.053563,46.516033,46.516033,0,0,0.696307
3064,19-Feb-03,24:00:00,311.978335,0.050554,34.978335,34.646671,0.015351,0,0.694347
3065,20-Feb-03,24:00:00,306.506808,0.077858,29.506808,29.459235,0,0,0.695002
3066,21-Feb-03,24:00:00,302.197843,0.079499,25.197843,25.197843,0,0,0.691046
3067,22-Feb-03,24:00:00,297.404493,0.074568,21.38366,21.38366,0,0,0.683269
3068,23-Feb-03,24:00:00,295.028915,0.080335,18.049748,18.049748,0,0,0.675531
3069,24-Feb-03,24:00:00,292.194488,0.064539,15.194488,15.194488,0,0,0.668195
3070,25-Feb-03,24:00:00,289.774904,0.07518,12.774904,12.774904,0,0,0.661385
3071,26-Feb-03,24:00:00,261.297096,0.031211,10.734596,10.734596,0,0,0.656026
3072,27-Feb-03,24:00:00,286.43458,0.072432,9.017914,9.017914,0,0,0.652612
3073,28-Feb-03,24:00:00,285.57494,0.078411,7.57494,7.57494,0,0,0.646527
3074,1-Mar-03,24:00:00,287.349216,0.077521,9.349216,6.362554,0.212881,0,0.646534
3075,2-Mar-03,24:00:00,285.616493,0.07235,7.616493,5.344103,0,0,0.660176
3076,3-Mar-03,24:00:00,282.488633,0.081266,4.488633,4.488633,0,0,0.657894
3077,4-Mar-03,24:00:00,281.770089,0.081729,3.770089,3.770089,0,0,0.650904
3078,5-Mar-03,24:00:00,280.187397,0.084544,3.166564,3.166564,0,0,0.642622
3079,6-Mar-03,24:00:00,251.263817,0.094233,2.65965,2.65965,0,0,0.633693
3080,7-Mar-03,24:00:00,185.608884,0.087521,2.233884,2.233884,0,0,0.624591
3081,8-Mar-03,24:00:00,185.834609,0.084942,1.876276,1.876276,0,0,0.615944
3082,9-Mar-03,24:00:00,186.555081,0.073175,1.575914,1.575914,0,0,0.607941
3083,10-Mar-03,24:00:00,588.078926,0.067937,386.433093,1.323637,0.600622,0,0.64385
3084,11-Mar-03,24:00:00,1535.62,0.045572,1255.29,542.671523,1.031311,0.673933,0.692234
3085,12-Mar-03,24:00:00,958.004144,0.081316,677.962477,557.171709,0.099614,0.099614,0.7
3086,13-Mar-03,24:00:00,511.356065,0.049808,233.314398,232.066432,0.06423,0.06423,0.7
3087,14-Mar-03,24:00:00,489.682298,0.050176,211.682298,209.757156,0.188272,0.188272,0.7
3088,15-Mar-03,24:00:00,896.513855,0.066823,630.263855,620.175012,0.249216,0.249216,0.700174
3089,16-Mar-03,24:00:00,479.088887,0.079715,217.005554,216.82301,0,0,0.698323
3090,17-Mar-03,24:00:00,488.050725,0.09585,224.092392,220.861534,0.13493,0.091224,0.699107
3091,18-Mar-03,24:00:00,404.854037,0.100683,126.166537,126.064053,0,0,0.695461
3092,19-Mar-03,24:00:00,365.128489,0.072421,86.128489,86.128489,0,0,0.686613
3093,20-Mar-03,24:00:00,350.7808,0.090579,71.7808,70.63723,0.056742,0,0.683897
3094,21-Mar-03,24:00:00,337.893492,0.105406,59.872658,59.614476,0,0,0.684895
3095,22-Mar-03,24:00:00,328.900188,0.045581,50.900188,50.325049,0.076952,0,0.682127
3096,23-Mar-03,24:00:00,321.712458,0.094413,43.712458,42.386552,0,0,0.68627
3097,24-Mar-03,24:00:00,313.648427,0.11437,35.648427,35.648427,0,0,0.681182
3098,25-Mar-03,24:00:00,308.9389,0.057296,29.959733,29.959733,0,0,0.672474
3099,26-Mar-03,24:00:00,305.436822,0.103482,27.415989,25.170413,0.092466,0,0.677335
3100,27-Mar-03,24:00:00,299.182281,0.108056,21.182281,21.14355,0,0,0.673295
3101,28-Mar-03,24:00:00,295.75974,0.122862,17.75974,17.75974,0,0,0.661708
3102,29-Mar-03,24:00:00,291.937869,0.130614,14.917036,14.917036,0,0,0.649067
3103,30-Mar-03,24:00:00,290.508353,0.133739,12.529186,12.529186,0,0,0.635847
3104,31-Mar-03,24:00:00,288.523513,0.140768,10.523513,10.523513,0,0,0.622317
3105,1-Apr-03,24:00:00,285.85972,0.102751,8.838887,8.838887,0,0,0.609822
3106,2-Apr-03,24:00:00,284.423931,0.055412,7.423931,7.423931,0,0,0.601884
3107,3-Apr-03,24:00:00,283.345114,0.055832,6.345114,6.235482,0.188108,0,0.597215
3108,4-Apr-03,24:00:00,285.378691,0.054233,11.316191,5.237288,0.063197,0,0.618499
3109,5-Apr-03,24:00:00,273.522818,0.096523,4.418651,4.398889,0,0,0.616607
3110,6-Apr-03,24:00:00,276.611367,0.046649,3.694701,3.694701,0,0,0.611361
3111,7-Apr-03,24:00:00,278.061573,0.123928,3.10324,3.10324,0,0,0.602765
3112,8-Apr-03,24:00:00,277.606462,0.131689,2.606462,2.606462,0,0,0.590013
3113,9-Apr-03,24:00:00,276.210043,0.127166,2.18921,2.18921,0,0,0.577039
3114,10-Apr-03,24:00:00,295.422086,0.050467,1.838753,1.838753,0,0,0.568304
3115,11-Apr-03,24:00:00,307.683713,0.074077,2.912879,1.544398,0.302277,0,0.563547
3116,12-Apr-03,24:00:00,858.029497,0.056671,564.779497,214.897835,1.588779,0.475186,0.672875
3117,13-Apr-03,24:00:00,1221.52,0.059835,931.457006,911.707562,0.340461,0.340461,0.70028
3118,14-Apr-03,24:00:00,554.938459,0.098214,244.375959,244.186055,0,0,0.697724
3119,15-Apr-03,24:00:00,411.777482,0.080929,100.777482,100.770992,0.047702,0,0.690187
3120,16-Apr-03,24:00:00,382.199257,0.042937,75.115923,73.948206,0,0,0.690989
3121,17-Apr-03,24:00:00,354.048949,0.113779,62.715616,62.711395,0,0,0.688822
3122,18-Apr-03,24:00:00,365.198219,0.128722,53.635719,53.635719,0,0,0.678915
3123,19-Apr-03,24:00:00,356.545893,0.13763,45.52506,45.52506,0,0,0.665684
3124,20-Apr-03,24:00:00,349.431921,0.131262,38.431921,38.431921,0,0,0.652296
3125,21-Apr-03,24:00:00,353.348324,0.044893,42.348324,32.354445,0.409531,0,0.682366
3126,22-Apr-03,24:00:00,338.326351,0.074515,27.326351,27.203107,0,0,0.686085
3127,23-Apr-03,24:00:00,910.219922,0.039538,599.219922,582.696721,0.983744,0.832568,0.697044
3128,24-Apr-03,24:00:00,1089.18,0.080062,890.785445,880.334509,0.277586,0.277586,0.700027
3129,25-Apr-03,24:00:00,891.647508,0.061543,785.730841,774.916719,0.282868,0.282868,0.700016
3130,26-Apr-03,24:00:00,353.295939,0.075136,297.275106,296.915239,0,0,0.699282
3131,27-Apr-03,24:00:00,720.541019,0.0681,593.082686,583.863986,0.716728,0.697106,0.700247
3132,28-Apr-03,24:00:00,2017.72,0.040974,1888.72,1854.94,1.473572,1.333666,0.706381
3133,29-Apr-03,24:00:00,2092.44,0.045326,1964.41,1942.97,0.427673,0.567579,0.705067
3134,30-Apr-03,24:00:00,918.47145,0.11074,652.40895,652.177472,0,0,0.698174
3135,1-May-03,24:00:00,622.197983,0.127654,347.322983,347.322983,0,0,0.689185
3136,2-May-03,24:00:00,548.9343,0.052502,273.9343,271.194021,0.123073,0,0.689705
3137,3-May-03,24:00:00,504.611316,0.093192,229.611316,229.311191,0,0,0.694888
3138,4-May-03,24:00:00,469.704701,0.077634,194.704701,194.704701,0,0,0.69048
3139,5-May-03,24:00:00,439.56801,0.136989,164.56801,164.56801,0,0,0.679489
3140,6-May-03,24:00:00,414.625562,0.094795,138.646396,138.646396,0,0,0.667543
3141,7-May-03,24:00:00,391.635002,0.124266,116.614169,116.614169,0,0,0.657227
3142,8-May-03,24:00:00,373.007211,0.094881,98.007211,98.007211,0,0,0.646021
3143,9-May-03,24:00:00,371.048844,0.121576,82.34051,82.34051,0,0,0.635276
3144,10-May-03,24:00:00,366.98,0.134786,69.1675,69.1675,0,0,0.622359
3145,11-May-03,24:00:00,356.09799,0.15691,58.09799,58.09799,0,0,0.607822
3146,12-May-03,24:00:00,346.79858,0.171455,48.79858,48.79858,0,0,0.591495
3147,13-May-03,24:00:00,338.987138,0.179242,40.987138,40.987138,0,0,0.573949
3148,14-May-03,24:00:00,333.405083,0.182673,34.425916,34.425916,0,0,0.556165
3149,15-May-03,24:00:00,326.935776,0.13268,28.914943,28.914943,0,0,0.5403
3150,16-May-03,24:00:00,276.265318,0.174812,24.286151,24.286151,0,0,0.525077
3151,17-May-03,24:00:00,321.33584,0.170772,20.39834,20.39834,0,0,0.507347
3152,18-May-03,24:00:00,318.153733,0.163698,17.1329,17.1329,0,0,0.490669
3153,19-May-03,24:00:00,314.411035,0.183841,14.390202,14.390202,0,0,0.473463
3154,20-May-03,24:00:00,312.086565,0.204235,12.086565,12.086565,0,0,0.454123
3155,21-May-03,24:00:00,310.151702,0.197657,10.151702,10.151702,0,0,0.433981
3156,22-May-03,24:00:00,307.547414,0.201137,8.52658,8.52658,0,0,0.414241
3157,23-May-03,24:00:00,306.161617,0.214013,7.161617,7.161617,0,0,0.395788
3158,24-May-03,24:00:00,305.01516,0.188216,6.01516,6.01516,0,0,0.380164
3159,25-May-03,24:00:00,304.052231,0.114448,5.052231,5.052231,0,0,0.369847
3160,26-May-03,24:00:00,303.243451,0.179854,4.243451,4.243451,0,0,0.360873
3161,27-May-03,24:00:00,302.564144,0.201808,3.564144,3.564144,0,0,0.350369
3162,28-May-03,24:00:00,301.993582,0.207555,2.993582,2.993582,0,0,0.340216
3163,29-May-03,24:00:00,283.889358,0.178528,2.514358,2.514358,0,0,0.330856
3164,30-May-03,24:00:00,256.67435,0.143157,2.11185,2.11185,0,0,0.323477
3165,31-May-03,24:00:00,255.773777,0.207995,1.773777,1.773777,0,0,0.315554
3166,1-Jun-03,24:00:00,221.414821,0.214614,1.489824,1.489824,0,0,0.306115
3167,2-Jun-03,24:00:00,207.134667,0.205277,1.251328,1.251328,0,0,0.296929
3168,3-Jun-03,24:00:00,163.567683,0.22572,1.05101,1.05101,0,0,0.28804
3169,4-Jun-03,24:00:00,160.132758,0.176278,0.882761,0.882761,0,0,0.279924
3170,5-Jun-03,24:00:00,162.291451,0.16727,0.741445,0.741445,0,0,0.273186
3171,6-Jun-03,24:00:00,184.156085,0.146338,0.622752,0.622752,0,0,0.267104
3172,7-Jun-03,24:00:00,193.923065,0.164479,0.523059,0.523059,0,0,0.261211
3173,8-Jun-03,24:00:00,179.156002,0.189279,0.439326,0.439326,0,0,0.254622
3174,9-Jun-03,24:00:00,163.885661,0.160524,0.368997,0.368997,0,0,0.248318
3175,10-Jun-03,24:00:00,180.743263,0.141849,0.309927,0.309927,0,0,0.243015
3176,11-Jun-03,24:00:00,136.410309,0.16804,0.260312,0.260312,0,0,0.237715
3177,12-Jun-03,24:00:00,118.968642,0.192281,0.218641,0.218641,0,0,0.231686
3178,13-Jun-03,24:00:00,120.933643,0.180594,0.18364,0.18364,0,0,0.225536
3179,14-Jun-03,24:00:00,121.737574,0.199937,0.154242,0.154242,0,0,0.219523
3180,15-Jun-03,24:00:00,121.729549,0.20375,0.12955,0.12955,0,0,0.213251
3181,16-Jun-03,24:00:00,121.70881,0.226652,0.108811,0.108811,0,0,0.206845
3182,17-Jun-03,24:00:00,120.908062,0.222854,0.091393,0.091393,0,0,0.20032
3183,18-Jun-03,24:00:00,123.226767,0.192837,0.076762,0.076762,0,0,0.194329
3184,19-Jun-03,24:00:00,121.697806,0.185178,0.064474,0.064474,0,0,0.18921
3185,20-Jun-03,24:00:00,119.304157,0.187611,0.054153,0.054153,0,0,0.184159
3186,21-Jun-03,24:00:00,120.028817,0.18497,0.045484,0.045484,0,0,0.179337
3187,22-Jun-03,24:00:00,119.254874,0.185181,0.038202,0.038202,0,0,0.174756
3188,23-Jun-03,24:00:00,120.01542,0.18787,0.032087,0.032087,0,0,0.17004
3189,24-Jun-03,24:00:00,119.243621,0.200881,0.02695,0.02695,0,0,0.165404
3190,25-Jun-03,24:00:00,120.005969,0.209282,0.022636,0.022636,0,0,0.160617
3191,26-Jun-03,24:00:00,120.019012,0.219511,0.019012,0.019012,0,0,0.155787
3192,27-Jun-03,24:00:00,119.23264,0.229964,0.015969,0.015969,0,0,0.150871
3193,28-Jun-03,24:00:00,119.213417,0.23063,0.013412,0.013412,0,0,0.146017
3194,29-Jun-03,24:00:00,119.21127,0.204689,0.011265,0.011265,0,0,0.1415
3195,30-Jun-03,24:00:00,119.209466,0.19492,0.009462,0.009462,0,0,0.137511
3196,1-Jul-03,24:00:00,119.207952,0.201157,0.007947,0.007947,0,0,0.133661
3197,2-Jul-03,24:00:00,121.556674,0.197396,0.006675,0.006675,0,0,0.129905
3198,3-Jul-03,24:00:00,121.605605,0.198438,0.005606,0.005606,0,0,0.126276
3199,4-Jul-03,24:00:00,119.254713,0.217056,0.004709,0.004709,0,0,0.122585
3200,5-Jul-03,24:00:00,119.20396,0.229069,0.003955,0.003955,0,0,0.118785
3201,6-Jul-03,24:00:00,119.203327,0.214203,0.003322,0.003322,0,0,0.11504
3202,7-Jul-03,24:00:00,125.469455,0.179017,0.00279,0.00279,0,0,0.111807
3203,8-Jul-03,24:00:00,122.469012,0.193393,0.002344,0.002344,0,0,0.109002
3204,9-Jul-03,24:00:00,81.668638,0.236257,0.001968,0.001968,0,0,0.105685
3205,10-Jul-03,24:00:00,126.234991,0.231987,0.001653,0.001653,0,0,0.102178
3206,11-Jul-03,24:00:00,120.934725,0.214807,0.001389,0.001389,0,0,0.098942
3207,12-Jul-03,24:00:00,118.451168,0.223613,0.001166,0.001166,0,0,0.095871
3208,13-Jul-03,24:00:00,125.450978,0.211246,0.00098,0.00098,0,0,0.092912
3209,14-Jul-03,24:00:00,122.467491,0.217179,0.000823,0.000823,0,0,0.090144
3210,15-Jul-03,24:00:00,120.834027,0.225133,0.000691,0.000691,0,0,0.087349
3211,16-Jul-03,24:00:00,121.583912,0.211366,0.00058,0.00058,0,0,0.084634
3212,17-Jul-03,24:00:00,122.383822,0.220468,0.000488,0.000488,0,0,0.082064
3213,18-Jul-03,24:00:00,121.617075,0.236131,0.000409,0.000409,0,0,0.07945
3214,19-Jul-03,24:00:00,121.600342,0.228243,0.000344,0.000344,0,0,0.076833
3215,20-Jul-03,24:00:00,121.600287,0.216028,0.000289,0.000289,0,0,0.074426
3216,21-Jul-03,24:00:00,120.816912,0.227676,0.000243,0.000243,0,0,0.072075
3217,22-Jul-03,24:00:00,120.800207,0.226356,0.000204,0.000204,0,0,0.069807
3218,23-Jul-03,24:00:00,120.800174,0.22359,0.000171,0.000171,0,0,0.067605
3219,24-Jul-03,24:00:00,118.450145,0.182125,0.000144,0.000144,0,0,0.065609
3220,25-Jul-03,24:00:00,118.400122,0.181063,0.000121,0.000121,0,0,0.063946
3221,26-Jul-03,24:00:00,118.400103,0.20922,0.000101,0.000101,0,0,0.062213
3222,27-Jul-03,24:00:00,118.400087,0.222392,0.000085,0.000085,0,0,0.060328
3223,28-Jul-03,24:00:00,123.100076,0.22329,0.000072,0.000072,0,0,0.058435
3224,29-Jul-03,24:00:00,120.850063,0.22338,0.00006,0.00006,0,0,0.056614
3225,30-Jul-03,24:00:00,116.883387,0.196878,0.00005,0.00005,0,0,0.054916
3226,31-Jul-03,24:00:00,123.066714,0.197348,0.000042,0.000042,0,0,0.053379
3227,1-Aug-03,24:00:00,120.066702,0.206404,0.000036,0.000036,0,0,0.051871
3228,2-Aug-03,24:00:00,120.00003,0.155298,0.00003,0.00003,0,0,0.050573
3229,3-Aug-03,24:00:00,121.56669,0.192434,0.000025,0.000025,0,0,0.049282
3230,4-Aug-03,24:00:00,122.383356,0.161412,0.000021,0.000021,0,0,0.048059
3231,5-Aug-03,24:00:00,121.616683,0.087491,0.000018,0.000018,0,0,0.04722
3232,6-Aug-03,24:00:00,118.466683,0.151973,0.000015,0.000015,0,0,0.046414
3233,7-Aug-03,24:00:00,117.616678,0.159755,0.000013,0.000013,0,0,0.045395
3234,8-Aug-03,24:00:00,119.95001,0.17719,0.00001,0.00001,0,0,0.044307
3235,9-Aug-03,24:00:00,121.566674,0.177304,0.000009,0.000009,0,0,0.043199
3236,10-Aug-03,24:00:00,125.516673,0.185565,0.000007,0.000007,0,0,0.042111
3237,11-Aug-03,24:00:00,123.250011,0.187177,0.000006,0.000006,0,0,0.040985
3238,12-Aug-03,24:00:00,120.850008,0.183948,0.000005,0.000005,0,0,0.039917
3239,13-Aug-03,24:00:00,123.150009,0.179076,0.000004,0.000004,0,0,0.038886
3240,14-Aug-03,24:00:00,121.633336,0.167084,0.000004,0.000004,0,0,0.037943
3241,15-Aug-03,24:00:00,119.250008,0.181189,0.000003,0.000003,0,0,0.037013
3242,16-Aug-03,24:00:00,119.200007,0.184924,0.000003,0.000003,0,0,0.036045
3243,17-Aug-03,24:00:00,119.200007,0.189195,0.000002,0.000002,0,0,0.035093
3244,18-Aug-03,24:00:00,119.200006,0.202276,0.000002,0.000002,0,0,0.034147
3245,19-Aug-03,24:00:00,120.766671,0.176715,0.000002,0.000002,0,0,0.033225
3246,20-Aug-03,24:00:00,122.36667,0.200509,0.000001,0.000001,0,0,0.032353
3247,21-Aug-03,24:00:00,123.183339,0.167362,0.000001,0.000001,0,0,0.031503
3248,22-Aug-03,24:00:00,121.633333,0.1184,0.000001,0.000001,0,0,0.030862
3249,23-Aug-03,24:00:00,118.466669,0.16653,0.000001,0.000001,0,0,0.030228
3250,24-Aug-03,24:00:00,118.400002,0.179123,0.000001,0.000001,0,0,0.029492
3251,25-Aug-03,24:00:00,119.966667,0.192789,0.000001,0.000001,0,0,0.028725
3252,26-Aug-03,24:00:00,126.266669,0.191571,0,0,0,0,0.027949
3253,27-Aug-03,24:00:00,125.616666,0.17009,0,0,0,0,0.027223
3254,28-Aug-03,24:00:00,124.81667,0.170892,0,0,0,0,0.026575
3255,29-Aug-03,24:00:00,123.233338,0.168301,0,0,0,0,0.025931
3256,30-Aug-03,24:00:00,123.983334,0.172141,0,0,0,0,0.025308
3257,31-Aug-03,24:00:00,123.216671,0.184474,0,0,0,0,0.024674
3258,1-Sep-03,24:00:00,123.200005,0.191079,0,0,0,0,0.024026
3259,2-Sep-03,24:00:00,120.066667,0.182924,0,0,0,0,0.023389
3260,3-Sep-03,24:00:00,122.350002,0.149006,0,0,0,0,0.022844
3261,4-Sep-03,24:00:00,120.05,0.147122,0,0,0,0,0.02236
3262,5-Sep-03,24:00:00,120,0.132489,0,0,0,0,0.021916
3263,6-Sep-03,24:00:00,120.783336,0.102264,0,0,0,0,0.021553
3264,7-Sep-03,24:00:00,120.016667,0.121563,0,0,0,0,0.021202
3265,8-Sep-03,24:00:00,120,0.147917,0,0,0,0,0.020803
3266,9-Sep-03,24:00:00,148.983339,0.05614,0,0,0,0,0.020494
3267,10-Sep-03,24:00:00,199.733336,0.148296,0,0,0,0,0.0202
3268,11-Sep-03,24:00:00,216.46667,0.152298,0,0,0,0,0.019768
3269,12-Sep-03,24:00:00,219.933333,0.163632,0,0,0,0,0.019328
3270,13-Sep-03,24:00:00,232.533336,0.152327,0,0,0,0,0.018894
3271,14-Sep-03,24:00:00,235.933333,0.166002,0,0,0,0,0.018478
3272,15-Sep-03,24:00:00,234.433342,0.147513,0,0,0,0,0.018068
3273,16-Sep-03,24:00:00,234.400009,0.144751,0,0,0,0,0.017693
3274,17-Sep-03,24:00:00,233.616673,0.134917,0,0,0,0,0.017338
3275,18-Sep-03,24:00:00,232.81667,0.119951,0,0,0,0,0.017019
3276,19-Sep-03,24:00:00,232.800003,0.148437,0,0,0,0,0.016703
3277,20-Sep-03,24:00:00,233.583339,0.135717,0,0,0,0,0.016363
3278,21-Sep-03,24:00:00,238.300009,0.156802,0,0,0,0,0.016031
3279,22-Sep-03,24:00:00,234.483342,0.151343,0,0,0,0,0.015679
3280,23-Sep-03,24:00:00,237.53334,0.148332,0,0,0,0,0.015347
3281,24-Sep-03,24:00:00,212.533333,0.142588,0,0,0,0,0.015036
3282,25-Sep-03,24:00:00,177.533336,0.120397,0,0,0,0,0.014748
3283,26-Sep-03,24:00:00,199.516667,0.068363,0,0,0,0,0.014553
3284,27-Sep-03,24:00:00,207.833333,0.078797,0,0,0,0,0.014402
3285,28-Sep-03,24:00:00,226.799997,0.077247,0,0,0,0,0.014243
3286,29-Sep-03,24:00:00,227.983333,0.116339,0,0,0,0,0.014043
3287,30-Sep-03,24:00:00,230.350009,0.11484,0,0,0,0,0.013812
3288,1-Oct-03,24:00:00,281.904167,0.116995,0,0,0,0,0.013589
3289,2-Oct-03,24:00:00,290.833333,0.112414,0,0,0,0,0.013365
3290,3-Oct-03,24:00:00,295.895833,0.111026,0,0,0,0,0.013158
3291,4-Oct-03,24:00:00,292.083333,0.118879,0,0,0,0,0.012943
3292,5-Oct-03,24:00:00,276.333333,0.108823,0,0,0,0,0.012731
3293,6-Oct-03,24:00:00,248.583333,0.138271,0,0,0,0,0.01251
3294,7-Oct-03,24:00:00,208.833333,0.134569,0,0,0,0,0.012268
3295,8-Oct-03,24:00:00,187.4375,0.113559,0,0,0,0,0.01205
3296,9-Oct-03,24:00:00,197.770833,0.142492,0,0,0,0,0.011838
3297,10-Oct-03,24:00:00,212.6875,0.113856,0,0,0,0,0.011611
3298,11-Oct-03,24:00:00,216.916667,0.1201,0,0,0,0,0.011429
3299,12-Oct-03,24:00:00,218.958333,0.105837,0,0,0,0,0.011239
3300,13-Oct-03,24:00:00,217.041667,0.094646,0,0,0,0,0.011079
3301,14-Oct-03,24:00:00,218.958333,0.100587,0,0,0,0,0.010925
3302,15-Oct-03,24:00:00,219,0.109724,0,0,0,0,0.010765
3303,16-Oct-03,24:00:00,220.958333,0.102348,0,0,0,0,0.010601
3304,17-Oct-03,24:00:00,214.145833,0.086108,0,0,0,0,0.010456
3305,18-Oct-03,24:00:00,182.666667,0.097811,0,0,0,0,0.010321
3306,19-Oct-03,24:00:00,152.625,0.078056,0,0,0,0,0.010191
3307,20-Oct-03,24:00:00,138.291667,0.083435,0,0,0,0,0.010073
3308,21-Oct-03,24:00:00,108.625,0.109879,0,0,0,0,0.00994
3309,22-Oct-03,24:00:00,95.270833,0.092485,0,0,0,0,0.009797
3310,23-Oct-03,24:00:00,93.041667,0.086042,0,0,0,0,0.00967
3311,24-Oct-03,24:00:00,89.083333,0.076731,0,0,0,0,0.009557
3312,25-Oct-03,24:00:00,94.875,0.076497,0,0,0,0,0.009453
3313,26-Oct-03,24:00:00,94.020833,0.07627,0,0,0,0,0.00935
3314,27-Oct-03,24:00:00,94,0.07909,0,0,0,0,0.009247
3315,28-Oct-03,24:00:00,94.979167,0.064361,0,0,0,0,0.009154
3316,29-Oct-03,24:00:00,94.020833,0.108837,0,0,0,0,0.009048
3317,30-Oct-03,24:00:00,94.979167,0.072163,0,0,0,0,0.008924
3318,31-Oct-03,24:00:00,95,0.027631,0,0,0,0,0.008862
3319,1-Nov-03,24:00:00,95,0.057008,0,0,0,0,0.008809
3320,2-Nov-03,24:00:00,98.301492,0.024958,1.343158,0,0.225612,0,0.012407
3321,3-Nov-03,24:00:00,98.291759,0.054743,4.229259,0,0,0,0.031305
3322,4-Nov-03,24:00:00,92.042816,0.038026,0.00115,0,0,0,0.031305
3323,5-Nov-03,24:00:00,92.979167,0.022977,0,0,0,0,0.031275
3324,6-Nov-03,24:00:00,95.9375,0.021546,0,0,0,0,0.031187
3325,7-Nov-03,24:00:00,96.979167,0.025912,0,0,0,0,0.031083
3326,8-Nov-03,24:00:00,314.209876,0.019347,199.584876,0,1.583188,0,0.105981
3327,9-Nov-03,24:00:00,201.945437,0.02606,77.15377,0,0.735052,0,0.24756
3328,10-Nov-03,24:00:00,118.786101,0.044519,0.640268,0,0,0,0.262848
3329,11-Nov-03,24:00:00,122.895833,0.050653,0,0,0,0,0.262683
3330,12-Nov-03,24:00:00,119.083333,0.053495,0,0,0,0,0.261435
3331,13-Nov-03,24:00:00,146.416667,0.044361,0,0,0,0,0.259708
3332,14-Nov-03,24:00:00,166.469189,0.028675,4.781689,0,0.618331,0,0.27028
3333,15-Nov-03,24:00:00,209.050504,0.019965,13.758837,0,0.134028,0,0.332336
3334,16-Nov-03,24:00:00,201.920897,0.019471,0.045897,0,0,0,0.333538
3335,17-Nov-03,24:00:00,238.229167,0.046604,0,0,0,0,0.333538
3336,18-Nov-03,24:00:00,254.666667,0.041628,0,0,0,0,0.332927
3337,19-Nov-03,24:00:00,260.875,0.038876,0,0,0,0,0.331334
3338,20-Nov-03,24:00:00,250.229167,0.04781,0,0,0,0,0.329326
3339,21-Nov-03,24:00:00,217.6875,0.045631,0,0,0,0,0.327108
3340,22-Nov-03,24:00:00,191.541667,0.041116,0,0,0,0,0.325049
3341,23-Nov-03,24:00:00,189.041667,0.037926,0,0,0,0,0.323207
3342,24-Nov-03,24:00:00,186.0625,0.041988,0,0,0,0,0.321389
3343,25-Nov-03,24:00:00,187.958333,0.037502,0,0,0,0,0.319543
3344,26-Nov-03,24:00:00,185.0625,0.043338,0,0,0,0,0.31772
3345,27-Nov-03,24:00:00,169.333333,0.036863,0,0,0,0,0.3159
3346,28-Nov-03,24:00:00,164.104167,0.02037,0,0,0,0,0.314652
3347,29-Nov-03,24:00:00,201.509669,0.015108,14.988835,0,0.659677,0,0.355902
3348,30-Nov-03,24:00:00,197.274339,0.015795,7.336839,0,0.515859,0,0.394246
3349,1-Dec-03,24:00:00,242.332436,0.016593,19.04077,0,0.56168,0,0.46285
3350,2-Dec-03,24:00:00,202.05003,0.021581,1.55003,0,0,0,0.487873
3351,3-Dec-03,24:00:00,229.375,0.040502,0,0,0,0,0.487873
3352,4-Dec-03,24:00:00,282.773391,0.013503,1.856724,0,0.131053,0,0.491723
3353,5-Dec-03,24:00:00,307.951969,0.015585,9.306135,0,0.588947,0,0.52676
3354,6-Dec-03,24:00:00,531.408862,0.016044,266.679696,0,1.218811,0,0.632293
3355,7-Dec-03,24:00:00,321.731267,0.034051,36.1896,0,0.07882,0,0.689144
3356,8-Dec-03,24:00:00,295.807741,0.029304,0.016075,0,0,0,0.689636
3357,9-Dec-03,24:00:00,485.521629,0.01577,185.604962,175.754604,0.751872,0.504471,0.695696
3358,10-Dec-03,24:00:00,2211.56,0.018453,1940.93,1559.58,0.914826,1.05859,0.708164
3359,11-Dec-03,24:00:00,1097.42,0.041395,800.978332,793.586757,0,0,0.7
3360,12-Dec-03,24:00:00,1051.69,0.01202,754.685502,741.358291,1.030436,0.855516,0.704337
3361,13-Dec-03,24:00:00,1920.92,0.014766,1624.90,1604.28,0.682596,0.846319,0.702101
3362,14-Dec-03,24:00:00,2068.26,0.044852,1774.22,1464.23,0.365896,0.377093,0.701745
3363,15-Dec-03,24:00:00,803.936954,0.030203,507.97862,504.838101,0,0,0.7
3364,16-Dec-03,24:00:00,597.872708,0.033463,298.935208,298.935208,0,0,0.699737
3365,17-Dec-03,24:00:00,538.720981,0.033222,239.720981,239.720981,0,0,0.697671
3366,18-Dec-03,24:00:00,502.043564,0.039533,203.043564,203.043564,0,0,0.694111
3367,19-Dec-03,24:00:00,811.79984,0.014419,512.79984,416.806807,0.627789,0.537836,0.696647
3368,20-Dec-03,24:00:00,1338.97,0.016799,1039.97,911.224535,0.389508,0.389508,0.700806
3369,21-Dec-03,24:00:00,920.027899,0.029715,622.007066,617.608771,0,0,0.7
3370,22-Dec-03,24:00:00,548.03822,0.029225,250.03822,250.03822,0,0,0.7
3371,23-Dec-03,24:00:00,1449.65,0.018677,1151.65,1129.57,1.353494,1.23989,0.7064
3372,24-Dec-03,24:00:00,4701.82,0.018201,4490.96,2181.26,0.862429,0.976032,0.713076
3373,25-Dec-03,24:00:00,1174.40,0.02615,928.193228,887.110756,0,0,0.7
3374,26-Dec-03,24:00:00,684.654135,0.03067,387.716635,387.716635,0,0,0.7
3375,27-Dec-03,24:00:00,581.321722,0.026765,282.342555,282.342555,0,0,0.7
3376,28-Dec-03,24:00:00,537.054423,0.011487,239.033589,239.016087,0.077415,0.077415,0.7
3377,29-Dec-03,24:00:00,5378.02,0.024314,5205.36,1584.42,1.262275,1.262275,0.712284
3378,30-Dec-03,24:00:00,1285.99,0.021085,1141.45,938.779126,0,0,0.7
3379,31-Dec-03,24:00:00,660.633871,0.029508,364.863037,364.863037,0,0,0.7
3380,1-Jan-04,24:00:00,2780.95,0.023999,2504.47,1124.36,0.753853,0.753853,0.704256
3381,2-Jan-04,24:00:00,1172.82,0.017059,875.277908,813.437398,0.224354,0.224354,0.700393
3382,3-Jan-04,24:00:00,701.034206,0.032175,404.013373,403.739848,0,0,0.7
3383,4-Jan-04,24:00:00,551.690773,0.027812,254.690773,254.690773,0,0,0.7
3384,5-Jan-04,24:00:00,501.509271,0.031945,205.488438,205.488438,0,0,0.699632
3385,6-Jan-04,24:00:00,469.301917,0.035614,173.301917,173.301917,0,0,0.697609
3386,7-Jan-04,24:00:00,480.923034,0.017191,181.006367,179.311782,0.069561,0.025405,0.699475
3387,8-Jan-04,24:00:00,431.764518,0.020751,132.743685,132.71982,0,0,0.7
3388,9-Jan-04,24:00:00,1070.70,0.022435,771.703308,565.697914,0.520041,0.520041,0.701941
3389,10-Jan-04,24:00:00,770.373896,0.024612,472.353063,442.09875,0,0,0.7
3390,11-Jan-04,24:00:00,467.768043,0.023944,169.768043,169.768043,0,0,0.7
3391,12-Jan-04,24:00:00,414.578107,0.015642,116.578107,116.578107,0,0,0.7
3392,13-Jan-04,24:00:00,394.284844,0.035899,96.284844,96.284844,0,0,0.699878
3393,14-Jan-04,24:00:00,378.599422,0.016985,81.578589,81.578589,0,0,0.699611
3394,15-Jan-04,24:00:00,366.973194,0.03383,68.994027,68.994027,0,0,0.699574
3395,16-Jan-04,24:00:00,355.179879,0.019397,58.159046,58.159046,0,0,0.699574
3396,17-Jan-04,24:00:00,345.931661,0.028123,48.931661,48.931661,0,0,0.699574
3397,18-Jan-04,24:00:00,338.129941,0.031025,41.129941,41.129941,0,0,0.698864
3398,19-Jan-04,24:00:00,332.5366,0.049534,34.557433,34.557433,0,0,0.695435
3399,20-Jan-04,24:00:00,327.02969,0.04445,29.02969,29.02969,0,0,0.690708
3400,21-Jan-04,24:00:00,323.363275,0.043717,24.384109,24.384109,0,0,0.686301
3401,22-Jan-04,24:00:00,318.502032,0.036707,20.481198,20.481198,0,0,0.682316
3402,23-Jan-04,24:00:00,315.202708,0.030286,17.202708,17.202708,0,0,0.67885
3403,24-Jan-04,24:00:00,312.448914,0.03059,14.448914,14.448914,0,0,0.677366
3404,25-Jan-04,24:00:00,310.135907,0.045799,12.135907,12.135907,0,0,0.677366
3405,26-Jan-04,24:00:00,308.214565,0.022085,10.214565,10.193156,0.06043,0,0.676838
3406,27-Jan-04,24:00:00,767.14066,0.024373,469.14066,453.744927,0.602893,0.41971,0.698932
3407,28-Jan-04,24:00:00,531.334891,0.036343,232.355725,231.38603,0,0,0.7
3408,29-Jan-04,24:00:00,370.825108,0.030684,72.804274,72.804274,0,0,0.7
3409,30-Jan-04,24:00:00,344.413203,0.039118,46.413203,46.413203,0,0,0.699438
3410,31-Jan-04,24:00:00,336.439629,0.054219,38.439629,38.439629,0,0,0.695995
3411,1-Feb-04,24:00:00,330.879589,0.016974,32.879589,32.879589,0,0,0.692276
3412,2-Feb-04,24:00:00,1246.63,0.019496,948.631872,713.668884,1.018163,0.931159,0.703843
3413,3-Feb-04,24:00:00,1479.62,0.022919,1181.62,1144.72,0.29856,0.29856,0.700091
3414,4-Feb-04,24:00:00,608.376908,0.052832,316.251908,316.125482,0,0,0.7
3415,5-Feb-04,24:00:00,453.167044,0.05184,155.292044,155.292044,0,0,0.698812
3416,6-Feb-04,24:00:00,425.806584,0.028766,127.806584,127.153499,0.070623,0.016516,0.697122
3417,7-Feb-04,24:00:00,417.468481,0.054376,120.447648,119.35604,0,0,0.7
3418,8-Feb-04,24:00:00,389.885043,0.04941,90.926709,90.926709,0,0,0.699857
3419,9-Feb-04,24:00:00,374.535724,0.061394,75.535724,75.535724,0,0,0.69672
3420,10-Feb-04,24:00:00,361.582569,0.060933,63.561736,63.561736,0,0,0.690519
3421,11-Feb-04,24:00:00,351.499582,0.060145,53.499582,53.499582,0,0,0.684403
3422,12-Feb-04,24:00:00,342.988116,0.076775,44.988116,44.988116,0,0,0.6778
3423,13-Feb-04,24:00:00,336.786744,0.035986,37.807578,37.807578,0,0,0.671818
3424,14-Feb-04,24:00:00,329.784178,0.046611,31.763345,31.763345,0,0,0.667828
3425,15-Feb-04,24:00:00,901.84322,0.023006,603.84322,583.171609,1.108601,0.762445,0.695382
3426,16-Feb-04,24:00:00,3313.11,0.024176,3077.77,1794.69,1.78333,1.393722,0.722219
3427,17-Feb-04,24:00:00,4641.54,0.026333,4605.33,2440.59,1.656599,1.456812,0.755296
3428,18-Feb-04,24:00:00,2496.90,0.056537,2496.23,2186.95,0.040949,0.630345,0.713909
3429,19-Feb-04,24:00:00,868.780097,0.064978,767.925931,767.914215,0,0,0.699147
3430,20-Feb-04,24:00:00,710.314236,0.054076,416.376736,416.376736,0,0,0.695236
3431,21-Feb-04,24:00:00,624.505193,0.033314,326.505193,326.505193,0,0,0.690873
3432,22-Feb-04,24:00:00,573.226909,0.032851,276.206076,276.206076,0,0,0.687527
3433,23-Feb-04,24:00:00,531.51352,0.053207,234.51352,234.51352,0,0,0.68345
3434,24-Feb-04,24:00:00,728.703458,0.056324,431.703458,422.424323,0.387144,0.192257,0.696486
3435,25-Feb-04,24:00:00,2684.43,0.050323,2407.01,1368.11,1.361365,1.349565,0.708473
3436,26-Feb-04,24:00:00,2305.01,0.043091,2249.30,2152.46,0.895573,0.907373,0.703226
3437,27-Feb-04,24:00:00,1006.83,0.060461,886.307118,884.545838,0,0,0.7
3438,28-Feb-04,24:00:00,694.182416,0.071866,397.890749,397.890749,0,0,0.69868
3439,29-Feb-04,24:00:00,591.580944,0.073185,292.56011,292.56011,0,0,0.693194
3440,1-Mar-04,24:00:00,734.280907,0.042207,436.260074,429.781791,0.283827,0.178284,0.697098
3441,2-Mar-04,24:00:00,607.747707,0.089994,309.747707,309.214288,0,0,0.69983
3442,3-Mar-04,24:00:00,503.133765,0.064643,205.133765,205.133765,0,0,0.696366
3443,4-Mar-04,24:00:00,463.672102,0.086678,165.672102,165.672102,0,0,0.688868
3444,5-Mar-04,24:00:00,436.962174,0.083552,138.962174,138.962174,0,0,0.680275
3445,6-Mar-04,24:00:00,414.041658,0.095873,117.020825,117.020825,0,0,0.671409
3446,7-Mar-04,24:00:00,395.461406,0.095338,98.461406,98.461406,0,0,0.661692
3447,8-Mar-04,24:00:00,379.773417,0.103111,82.773417,82.773417,0,0,0.651808
3448,9-Mar-04,24:00:00,366.55166,0.130434,69.55166,69.55166,0,0,0.640555
3449,10-Mar-04,24:00:00,355.428482,0.105007,58.428482,58.428482,0,0,0.62834
3450,11-Mar-04,24:00:00,346.079089,0.104285,49.079089,49.079089,0,0,0.617906
3451,12-Mar-04,24:00:00,338.223825,0.113698,41.223825,41.223825,0,0,0.607107
3452,13-Mar-04,24:00:00,331.625113,0.10761,34.625113,34.625113,0,0,0.595895
3453,14-Mar-04,24:00:00,326.082398,0.136184,29.082398,29.082398,0,0,0.584158
3454,15-Mar-04,24:00:00,321.426854,0.132901,24.426854,24.426854,0,0,0.57046
3455,16-Mar-04,24:00:00,319.474872,0.114818,20.516539,20.516539,0,0,0.557886
3456,17-Mar-04,24:00:00,317.211351,0.104201,17.232184,17.232184,0,0,0.54708
3457,18-Mar-04,24:00:00,313.494428,0.124527,14.473595,14.473595,0,0,0.535806
3458,19-Mar-04,24:00:00,310.177442,0.115893,12.156609,12.156609,0,0,0.523547
3459,20-Mar-04,24:00:00,307.231367,0.132027,10.210534,10.210534,0,0,0.511318
3460,21-Mar-04,24:00:00,290.888493,0.128365,8.575993,8.575993,0,0,0.49825
3461,22-Mar-04,24:00:00,285.28645,0.135576,7.203116,7.203116,0,0,0.485059
3462,23-Mar-04,24:00:00,286.008348,0.112505,6.050014,6.050014,0,0,0.472651
3463,24-Mar-04,24:00:00,267.456505,0.072862,5.081505,5.081505,0,0,0.463255
3464,25-Mar-04,24:00:00,419.110041,0.035347,197.255874,4.268039,0.645772,0,0.48409
3465,26-Mar-04,24:00:00,331.605793,0.05994,68.501626,3.584801,0,0,0.522723
3466,27-Mar-04,24:00:00,176.927603,0.100827,3.010937,3.010937,0,0,0.519959
3467,28-Mar-04,24:00:00,199.008104,0.125418,2.528937,2.528937,0,0,0.510037
3468,29-Mar-04,24:00:00,199.124096,0.137045,2.124096,2.124096,0,0,0.497006
3469,30-Mar-04,24:00:00,198.784063,0.094619,1.784063,1.784063,0,0,0.48541
3470,31-Mar-04,24:00:00,198.498464,0.113023,1.498464,1.498464,0,0,0.475035
3471,1-Apr-04,24:00:00,198.258584,0.125306,1.258584,1.258584,0,0,0.463091
3472,2-Apr-04,24:00:00,195.119605,0.134435,1.057105,1.057105,0,0,0.450035
3473,3-Apr-04,24:00:00,193.908713,0.138894,0.88788,0.88788,0,0,0.436439
3474,4-Apr-04,24:00:00,193.745745,0.110398,0.745745,0.745745,0,0,0.424001
3475,5-Apr-04,24:00:00,193.626363,0.064049,0.626363,0.626363,0,0,0.415359
3476,6-Apr-04,24:00:00,192.546926,0.099297,0.526093,0.526093,0,0,0.407664
3477,7-Apr-04,24:00:00,191.462707,0.140844,0.441874,0.441874,0,0,0.397278
3478,8-Apr-04,24:00:00,191.371137,0.149018,0.371137,0.371137,0,0,0.385656
3479,9-Apr-04,24:00:00,190.332557,0.155505,0.311724,0.311724,0,0,0.374791
3480,10-Apr-04,24:00:00,188.303489,0.164075,0.261822,0.261822,0,0,0.364595
3481,11-Apr-04,24:00:00,188.219909,0.146859,0.219909,0.219909,0,0,0.355471
3482,12-Apr-04,24:00:00,187.205538,0.119307,0.184705,0.184705,0,0,0.348662
3483,13-Apr-04,24:00:00,187.155137,0.097421,0.155137,0.155137,0,0,0.343137
3484,14-Apr-04,24:00:00,187.130302,0.054331,0.130302,0.130302,0,0,0.339535
3485,15-Apr-04,24:00:00,191.026109,0.074725,0.109443,0.109443,0,0,0.338437
3486,16-Apr-04,24:00:00,191.091923,0.070071,0.091923,0.091923,0,0,0.336798
3487,17-Apr-04,24:00:00,190.098041,0.104736,0.077207,0.077207,0,0,0.332711
3488,18-Apr-04,24:00:00,185.169014,0.04076,0.064848,0.064848,0,0,0.329242
3489,19-Apr-04,24:00:00,192.352186,0.037987,8.331353,0.054467,0.658094,0,0.345413
3490,20-Apr-04,24:00:00,183.213377,0.08016,8.025877,0.045747,0,0,0.393297
3491,21-Apr-04,24:00:00,176.982339,0.095811,1.982339,0.038424,0.080113,0,0.399972
3492,22-Apr-04,24:00:00,178.984782,0.142081,0.068115,0.032273,0,0,0.395949
3493,23-Apr-04,24:00:00,176.089607,0.161264,0.027107,0.027107,0,0,0.384093
3494,24-Apr-04,24:00:00,162.314434,0.161636,0.022767,0.022767,0,0,0.372611
3495,25-Apr-04,24:00:00,149.289956,0.170986,0.019123,0.019123,0,0,0.362191
3496,26-Apr-04,24:00:00,154.891061,0.18107,0.016061,0.016061,0,0,0.35254
3497,27-Apr-04,24:00:00,146.20099,0.187745,0.01349,0.01349,0,0,0.343231
3498,28-Apr-04,24:00:00,148.948831,0.181218,0.011331,0.011331,0,0,0.334283
3499,29-Apr-04,24:00:00,146.072017,0.16822,0.009517,0.009517,0,0,0.32598
3500,30-Apr-04,24:00:00,139.153827,0.173199,0.007993,0.007993,0,0,0.318148
3501,1-May-04,24:00:00,134.11088,0.186912,0.006714,0.006714,0,0,0.310167
3502,2-May-04,24:00:00,134.984806,0.187538,0.005639,0.005639,0,0,0.301854
3503,3-May-04,24:00:00,139.90057,0.185574,0.004736,0.004736,0,0,0.293904
3504,4-May-04,24:00:00,139.024811,0.175339,0.003978,0.003978,0,0,0.286444
3505,5-May-04,24:00:00,134.107508,0.149314,0.003341,0.003341,0,0,0.279789
3506,6-May-04,24:00:00,134.002806,0.163622,0.002806,0.002806,0,0,0.273696
3507,7-May-04,24:00:00,134.002357,0.084871,0.002357,0.002357,0,0,0.268833
3508,8-May-04,24:00:00,133.022813,0.155148,0.00198,0.00198,0,0,0.264245
3509,9-May-04,24:00:00,134.959996,0.164206,0.001663,0.001663,0,0,0.258282
3510,10-May-04,24:00:00,132.063897,0.140749,0.001397,0.001397,0,0,0.252706
3511,11-May-04,24:00:00,131.022006,0.127272,0.001173,0.001173,0,0,0.247838
3512,12-May-04,24:00:00,144.709319,0.173112,0.000985,0.000985,0,0,0.242678
3513,13-May-04,24:00:00,145.979994,0.187799,0.000828,0.000828,0,0,0.236569
3514,14-May-04,24:00:00,155.792362,0.194567,0.000695,0.000695,0,0,0.230159
3515,15-May-04,24:00:00,156.000584,0.180629,0.000584,0.000584,0,0,0.224153
3516,16-May-04,24:00:00,155.021324,0.173434,0.00049,0.00049,0,0,0.218416
3517,17-May-04,24:00:00,155.000412,0.084843,0.000412,0.000412,0,0,0.214422
3518,18-May-04,24:00:00,155.000346,0.133735,0.000346,0.000346,0,0,0.211061
3519,19-May-04,24:00:00,154.021124,0.16625,0.000291,0.000291,0,0,0.20659
3520,20-May-04,24:00:00,153.021077,0.162468,0.000244,0.000244,0,0,0.20176
3521,21-May-04,24:00:00,151.041872,0.136605,0.000205,0.000205,0,0,0.197587
3522,22-May-04,24:00:00,151.000172,0.105316,0.000172,0.000172,0,0,0.194184
3523,23-May-04,24:00:00,151.000145,0.168588,0.000145,0.000145,0,0,0.190359
3524,24-May-04,24:00:00,139.250121,0.178527,0.000121,0.000121,0,0,0.185687
3525,25-May-04,24:00:00,161.520935,0.163352,0.000102,0.000102,0,0,0.181305
3526,26-May-04,24:00:00,139.479252,0.18641,0.000086,0.000086,0,0,0.176798
3527,27-May-04,24:00:00,133.125072,0.150333,0.000072,0.000072,0,0,0.172477
3528,28-May-04,24:00:00,133.00006,0.139261,0.00006,0.00006,0,0,0.169043
3529,29-May-04,24:00:00,133.000051,0.179133,0.000051,0.000051,0,0,0.165222
3530,30-May-04,24:00:00,133.000043,0.203599,0.000043,0.000043,0,0,0.160806
3531,31-May-04,24:00:00,133.000036,0.218504,0.000036,0.000036,0,0,0.156055
3532,1-Jun-04,24:00:00,106.954198,0.146005,0.00003,0.00003,0,0,0.151895
3533,2-Jun-04,24:00:00,113.450024,0.208488,0.000025,0.000025,0,0,0.148183
3534,3-Jun-04,24:00:00,109.683353,0.217058,0.000021,0.000021,0,0,0.14379
3535,4-Jun-04,24:00:00,109.600016,0.222563,0.000018,0.000018,0,0,0.139368
3536,5-Jun-04,24:00:00,108.816685,0.204661,0.000015,0.000015,0,0,0.135104
3537,6-Jun-04,24:00:00,119.766679,0.187733,0.000013,0.000013,0,0,0.131334
3538,7-Jun-04,24:00:00,109.816676,0.176621,0.000011,0.000011,0,0,0.127964
3539,8-Jun-04,24:00:00,108.675219,0.142629,0.641886,0.000009,0.06069,0,0.126494
3540,9-Jun-04,24:00:00,104.94076,0.175565,0.857427,0.000007,0,0,0.129661
3541,10-Jun-04,24:00:00,102.433341,0.18185,0.000006,0.000006,0,0,0.127174
3542,11-Jun-04,24:00:00,106.316673,0.198014,0.000005,0.000005,0,0,0.123812
3543,12-Jun-04,24:00:00,109.533336,0.205555,0.000004,0.000004,0,0,0.120286
3544,13-Jun-04,24:00:00,112.73334,0.202122,0.000004,0.000004,0,0,0.116775
3545,14-Jun-04,24:00:00,108.883339,0.216349,0.000003,0.000003,0,0,0.113367
3546,15-Jun-04,24:00:00,108.800006,0.220964,0.000003,0.000003,0,0,0.109854
3547,16-Jun-04,24:00:00,105.666667,0.23073,0.000002,0.000002,0,0,0.106399
3548,17-Jun-04,24:00:00,103.250006,0.151507,0.000002,0.000002,0,0,0.103513
3549,18-Jun-04,24:00:00,103.983335,0.159086,0.000002,0.000002,0,0,0.101253
3550,19-Jun-04,24:00:00,107.133339,0.197732,0.000001,0.000001,0,0,0.098742
3551,20-Jun-04,24:00:00,110.333336,0.214684,0.000001,0.000001,0,0,0.095834
3552,21-Jun-04,24:00:00,109.616666,0.221253,0.000001,0.000001,0,0,0.092898
3553,22-Jun-04,24:00:00,108.033334,0.207354,0.000001,0.000001,0,0,0.090078
3554,23-Jun-04,24:00:00,104.86667,0.194868,0.000001,0.000001,0,0,0.087502
3555,24-Jun-04,24:00:00,113.416666,0.20357,0.000001,0.000001,0,0,0.085082
3556,25-Jun-04,24:00:00,104.983337,0.222386,0,0,0,0,0.082543
3557,26-Jun-04,24:00:00,103.233338,0.213785,0,0,0,0,0.079981
3558,27-Jun-04,24:00:00,107.116672,0.211779,0,0,0,0,0.077577
3559,28-Jun-04,24:00:00,112.683337,0.212652,0,0,0,0,0.075248
3560,29-Jun-04,24:00:00,115.933334,0.174143,0,0,0,0,0.07319
3561,30-Jun-04,24:00:00,110.516668,0.160439,0,0,0,0,0.071488
3562,1-Jul-04,24:00:00,108.05,0.203577,0,0,0,0,0.069634
3563,2-Jul-04,24:00:00,101.733332,0.22003,0,0,0,0,0.067576
3564,3-Jul-04,24:00:00,103.95,0.217958,0,0,0,0,0.065477
3565,4-Jul-04,24:00:00,104.783336,0.218508,0,0,0,0,0.063453
3566,5-Jul-04,24:00:00,103.233338,0.221912,0,0,0,0,0.061493
3567,6-Jul-04,24:00:00,97.716665,0.227685,0,0,0,0,0.059559
3568,7-Jul-04,24:00:00,88.2,0.190517,0,0,0,0,0.057803
3569,8-Jul-04,24:00:00,85.649999,0.150169,0,0,0,0,0.056416
3570,9-Jul-04,24:00:00,83.250004,0.143132,0,0,0,0,0.055247
3571,10-Jul-04,24:00:00,83.200005,0.2,0,0,0,0,0.053891
3572,11-Jul-04,24:00:00,85.549999,0.206718,0,0,0,0,0.052341
3573,12-Jul-04,24:00:00,84.033333,0.211619,0,0,0,0,0.050808
3574,13-Jul-04,24:00:00,85.566665,0.20543,0,0,0,0,0.049315
3575,14-Jul-04,24:00:00,87.95,0.202309,0,0,0,0,0.047898
3576,15-Jul-04,24:00:00,87.216671,0.210816,0,0,0,0,0.046503
3577,16-Jul-04,24:00:00,84.066667,0.19572,0,0,0,0,0.04515
3578,17-Jul-04,24:00:00,84,0.197504,0,0,0,0,0.043924
3579,18-Jul-04,24:00:00,84.783336,0.21028,0,0,0,0,0.042654
3580,19-Jul-04,24:00:00,83.233338,0.210646,0,0,0,0,0.041395
3581,20-Jul-04,24:00:00,83.983333,0.202453,0,0,0,0,0.04018
3582,21-Jul-04,24:00:00,87.916667,0.222312,0,0,0,0,0.038985
3583,22-Jul-04,24:00:00,100.533336,0.227678,0,0,0,0,0.037758
3584,23-Jul-04,24:00:00,115.683333,0.208725,0,0,0,0,0.036591
3585,24-Jul-04,24:00:00,106.600001,0.201532,0,0,0,0,0.03553
3586,25-Jul-04,24:00:00,107.966667,0.21834,0,0,0,0,0.03448
3587,26-Jul-04,24:00:00,108,0.224278,0,0,0,0,0.033407
3588,27-Jul-04,24:00:00,108,0.216863,0,0,0,0,0.032372
3589,28-Jul-04,24:00:00,108,0.192938,0,0,0,0,0.031435
3590,29-Jul-04,24:00:00,108,0.168797,0,0,0,0,0.030638
3591,30-Jul-04,24:00:00,108,0.192824,0,0,0,0,0.029854
3592,31-Jul-04,24:00:00,108,0.189242,0,0,0,0,0.029035
3593,1-Aug-04,24:00:00,108,0.178456,0,0,0,0,0.028282
3594,2-Aug-04,24:00:00,108,0.153597,0,0,0,0,0.027627
3595,3-Aug-04,24:00:00,108,0.188235,0,0,0,0,0.026954
3596,4-Aug-04,24:00:00,108,0.198309,0,0,0,0,0.026221
3597,5-Aug-04,24:00:00,108,0.184015,0,0,0,0,0.025518
3598,6-Aug-04,24:00:00,108,0.183177,0,0,0,0,0.024849
3599,7-Aug-04,24:00:00,108,0.184825,0,0,0,0,0.024199
3600,8-Aug-04,24:00:00,108,0.205412,0,0,0,0,0.023539
3601,9-Aug-04,24:00:00,108,0.200958,0,0,0,0,0.022868
3602,10-Aug-04,24:00:00,108,0.191667,0,0,0,0,0.022232
3603,11-Aug-04,24:00:00,108,0.1999,0,0,0,0,0.021615
3604,12-Aug-04,24:00:00,108,0.205868,0,0,0,0,0.021006
3605,13-Aug-04,24:00:00,108,0.19717,0,0,0,0,0.020412
3606,14-Aug-04,24:00:00,108,0.160257,0,0,0,0,0.019884
3607,15-Aug-04,24:00:00,108,0.195065,0,0,0,0,0.019394
3608,16-Aug-04,24:00:00,108,0.190591,0,0,0,0,0.018861
3609,17-Aug-04,24:00:00,108,0.196268,0,0,0,0,0.018345
3610,18-Aug-04,24:00:00,108,0.199249,0,0,0,0,0.017838
3611,19-Aug-04,24:00:00,108,0.186823,0,0,0,0,0.01735
3612,20-Aug-04,24:00:00,108,0.179793,0,0,0,0,0.016897
3613,21-Aug-04,24:00:00,108,0.171496,0,0,0,0,0.016481
3614,22-Aug-04,24:00:00,108,0.112711,0,0,0,0,0.016143
3615,23-Aug-04,24:00:00,108,0.171379,0,0,0,0,0.015821
3616,24-Aug-04,24:00:00,108,0.172611,0,0,0,0,0.015439
3617,25-Aug-04,24:00:00,108,0.149345,0,0,0,0,0.015083
3618,26-Aug-04,24:00:00,108,0.168745,0,0,0,0,0.014742
3619,27-Aug-04,24:00:00,108,0.167663,0,0,0,0,0.014392
3620,28-Aug-04,24:00:00,108,0.179986,0,0,0,0,0.014043
3621,29-Aug-04,24:00:00,108,0.182478,0,0,0,0,0.013685
3622,30-Aug-04,24:00:00,108,0.183304,0,0,0,0,0.013332
3623,31-Aug-04,24:00:00,108,0.175616,0,0,0,0,0.012992
3624,1-Sep-04,24:00:00,107.216671,0.172403,0,0,0,0,0.012675
3625,2-Sep-04,24:00:00,107.983333,0.174275,0,0,0,0,0.012365
3626,3-Sep-04,24:00:00,108,0.180192,0,0,0,0,0.012053
3627,4-Sep-04,24:00:00,108,0.170978,0,0,0,0,0.011754
3628,5-Sep-04,24:00:00,107.216671,0.174974,0,0,0,0,0.011468
3629,6-Sep-04,24:00:00,107.983333,0.173636,0,0,0,0,0.011184
3630,7-Sep-04,24:00:00,108,0.17523,0,0,0,0,0.01091
3631,8-Sep-04,24:00:00,108,0.170988,0,0,0,0,0.010641
3632,9-Sep-04,24:00:00,107.216671,0.16911,0,0,0,0,0.010388
3633,10-Sep-04,24:00:00,107.983333,0.169134,0,0,0,0,0.01014
3634,11-Sep-04,24:00:00,108,0.167338,0,0,0,0,0.009898
3635,12-Sep-04,24:00:00,108,0.158383,0,0,0,0,0.009667
3636,13-Sep-04,24:00:00,109.566665,0.152136,0,0,0,0,0.009454
3637,14-Sep-04,24:00:00,109.599998,0.147595,0,0,0,0,0.009255
3638,15-Sep-04,24:00:00,107.250004,0.172379,0,0,0,0,0.009049
3639,16-Sep-04,24:00:00,107.983333,0.16566,0,0,0,0,0.008833
3640,17-Sep-04,24:00:00,110.350001,0.149142,0,0,0,0,0.008634
3641,18-Sep-04,24:00:00,119.016671,0.128548,0,0,0,0,0.008461
3642,19-Sep-04,24:00:00,122.333335,0.094657,0,0,0,0,0.008329
3643,20-Sep-04,24:00:00,119.266671,0.117692,0,0,0,0,0.008201
3644,21-Sep-04,24:00:00,109.799999,0.09681,0,0,0,0,0.00808
3645,22-Sep-04,24:00:00,109.599998,0.13742,0,0,0,0,0.007945
3646,23-Sep-04,24:00:00,108.033333,0.123563,0,0,0,0,0.007796
3647,24-Sep-04,24:00:00,105.649999,0.133921,0,0,0,0,0.007654
3648,25-Sep-04,24:00:00,106.383335,0.120975,0,0,0,0,0.007517
3649,26-Sep-04,24:00:00,110.316668,0.135459,0,0,0,0,0.00738
3650,27-Sep-04,24:00:00,110.400002,0.126781,0,0,0,0,0.007243
3651,28-Sep-04,24:00:00,110.400002,0.08923,0,0,0,0,0.007133
3652,29-Sep-04,24:00:00,110.400002,0.088999,0,0,0,0,0.007043
3653,30-Sep-04,24:00:00,109.616665,0.097029,0,0,0,0,0.00695
3654,1-Oct-04,24:00:00,132.5125,0.082889,0,0,0,0,0.006861
3655,2-Oct-04,24:00:00,138.875,0.115031,0,0,0,0,0.006763
3656,3-Oct-04,24:00:00,139,0.123817,0,0,0,0,0.006649
3657,4-Oct-04,24:00:00,136.0625,0.117729,0,0,0,0,0.006535
3658,5-Oct-04,24:00:00,140.895833,0.136471,0,0,0,0,0.00642
3659,6-Oct-04,24:00:00,142.958333,0.124416,0,0,0,0,0.006299
3660,7-Oct-04,24:00:00,143.979167,0.112641,0,0,0,0,0.006192
3661,8-Oct-04,24:00:00,140.083333,0.103134,0,0,0,0,0.006097
3662,9-Oct-04,24:00:00,135.104167,0.101795,0,0,0,0,0.006008
3663,10-Oct-04,24:00:00,135.979167,0.105839,0,0,0,0,0.005921
3664,11-Oct-04,24:00:00,134.041667,0.13238,0,0,0,0,0.005822
3665,12-Oct-04,24:00:00,133.020833,0.093596,0,0,0,0,0.005725
3666,13-Oct-04,24:00:00,107.541667,0.102951,0,0,0,0,0.005647
3667,14-Oct-04,24:00:00,92.3125,0.096041,0,0,0,0,0.005566
3668,15-Oct-04,24:00:00,91.020833,0.102698,0,0,0,0,0.005489
3669,16-Oct-04,24:00:00,92.958333,0.034868,0,0,0,0,0.005435
3670,17-Oct-04,24:00:00,99.034123,0.033799,3.096623,0,0.169896,0,0.011767
3671,18-Oct-04,24:00:00,98.204608,0.046523,1.225441,0,0.127861,0,0.02316
3672,19-Oct-04,24:00:00,144.489396,0.031775,43.572729,0,1.819958,0,0.165181
3673,20-Oct-04,24:00:00,111.001036,0.037756,10.001036,0,0.228384,0,0.238017
3674,21-Oct-04,24:00:00,101.062596,0.069425,0.062596,0,0,0,0.239936
3675,22-Oct-04,24:00:00,101,0.05645,0,0,0,0,0.238813
3676,23-Oct-04,24:00:00,104.555871,0.036787,3.555871,0,0.154043,0,0.247411
3677,24-Oct-04,24:00:00,101.249624,0.06379,0.249624,0,0,0,0.253214
3678,25-Oct-04,24:00:00,120.233789,0.06148,18.254622,0,0.723622,0,0.257482
3679,26-Oct-04,24:00:00,538.243091,0.054527,435.263924,0,0.197719,0,0.34261
3680,27-Oct-04,24:00:00,118.491366,0.051451,0.803866,0,0,0,0.343279
3681,28-Oct-04,24:00:00,115.0625,0.054993,0,0,0,0,0.341766
3682,29-Oct-04,24:00:00,117.9375,0.063527,0,0,0,0,0.338832
3683,30-Oct-04,24:00:00,119.958333,0.052966,0,0,0,0,0.336087
3684,31-Oct-04,24:00:00,121.958333,0.060222,0,0,0,0,0.333315
3685,1-Nov-04,24:00:00,129.833333,0.0585,0,0,0,0,0.330493
3686,2-Nov-04,24:00:00,149.583333,0.070649,0,0,0,0,0.327587
3687,3-Nov-04,24:00:00,149.020833,0.044249,0,0,0,0,0.324815
3688,4-Nov-04,24:00:00,145.083333,0.038256,0,0,0,0,0.322919
3689,5-Nov-04,24:00:00,165.5625,0.056524,0,0,0,0,0.320684
3690,6-Nov-04,24:00:00,150.333333,0.056777,0,0,0,0,0.31813
3691,7-Nov-04,24:00:00,158.8125,0.041226,0,0,0,0,0.315973
3692,8-Nov-04,24:00:00,159.979167,0.020713,0,0,0,0,0.314561
3693,9-Nov-04,24:00:00,145.334347,0.03996,0.021847,0,0.081472,0,0.313418
3694,10-Nov-04,24:00:00,125.709128,0.023171,6.167462,0,0.238515,0,0.333722
3695,11-Nov-04,24:00:00,111.477934,0.02495,2.269601,0,0.022623,0,0.346419
3696,12-Nov-04,24:00:00,107.046649,0.043947,0.004982,0,0,0,0.346561
3697,13-Nov-04,24:00:00,106.020833,0.056033,0,0,0,0,0.346023
3698,14-Nov-04,24:00:00,106,0.047645,0,0,0,0,0.344125
3699,15-Nov-04,24:00:00,105.020833,0.044072,0,0,0,0,0.341868
3700,16-Nov-04,24:00:00,102.0625,0.034626,0,0,0,0,0.339999
3701,17-Nov-04,24:00:00,91.229167,0.045052,0,0,0,0,0.338052
3702,18-Nov-04,24:00:00,91.979167,0.059393,0,0,0,0,0.33561
3703,19-Nov-04,24:00:00,105.708333,0.035756,0,0,0,0,0.333268
3704,20-Nov-04,24:00:00,111.875,0.050767,0,0,0,0,0.331323
3705,21-Nov-04,24:00:00,110.041667,0.044774,0,0,0,0,0.328912
3706,22-Nov-04,24:00:00,113.916667,0.040268,0,0,0,0,0.326951
3707,23-Nov-04,24:00:00,106.166667,0.043171,0,0,0,0,0.325015
3708,24-Nov-04,24:00:00,100.125,0.041378,0,0,0,0,0.323038
3709,25-Nov-04,24:00:00,99.020833,0.015906,0,0,0,0,0.321747
3710,26-Nov-04,24:00:00,98.020833,0.025942,0,0,0,0,0.320763
3711,27-Nov-04,24:00:00,102.202437,0.052129,0.285771,0,0.011751,0,0.321197
3712,28-Nov-04,24:00:00,109.83785,0.035621,0.004516,0,0,0,0.321368
3713,29-Nov-04,24:00:00,91.395833,0.03519,0,0,0,0,0.320886
3714,30-Nov-04,24:00:00,97.854167,0.017511,0,0,0,0,0.319932
3715,1-Dec-04,24:00:00,96.041667,0.029614,0,0,0,0,0.318854
3716,2-Dec-04,24:00:00,103.833333,0.034686,0,0,0,0,0.317376
3717,3-Dec-04,24:00:00,89.3125,0.035481,0,0,0,0,0.315797
3718,4-Dec-04,24:00:00,69.416667,0.023836,0,0,0,0,0.314502
3719,5-Dec-04,24:00:00,71.9375,0.044907,0,0,0,0,0.312911
3720,6-Dec-04,24:00:00,77.503285,0.012528,7.461619,0,1.057729,0,0.329972
3721,7-Dec-04,24:00:00,178.217114,0.02624,49.467114,0,0.97246,0,0.432289
3722,8-Dec-04,24:00:00,3185.29,0.020269,3087.60,0,1.330616,0,0.619293
3723,9-Dec-04,24:00:00,214.727853,0.036687,45.26952,0,0,0,0.647533
3724,10-Dec-04,24:00:00,173.9375,0.018677,0,0,0,0,0.647533
3725,11-Dec-04,24:00:00,169.104167,0.027049,0,0,0,0,0.647533
3726,12-Dec-04,24:00:00,181.729167,0.026561,0,0,0,0,0.646832
3727,13-Dec-04,24:00:00,195.708333,0.015951,0,0,0,0,0.645084
3728,14-Dec-04,24:00:00,208.729167,0.031992,0,0,0,0,0.642659
3729,15-Dec-04,24:00:00,206.0625,0.029509,0,0,0,0,0.639601
3730,16-Dec-04,24:00:00,218.729167,0.034594,0,0,0,0,0.636345
3731,17-Dec-04,24:00:00,219,0.034556,0,0,0,0,0.632878
3732,18-Dec-04,24:00:00,217.041667,0.034514,0,0,0,0,0.629425
3733,19-Dec-04,24:00:00,216.020833,0.037202,0,0,0,0,0.625863
3734,20-Dec-04,24:00:00,213.0625,0.031715,0,0,0,0,0.622439
3735,21-Dec-04,24:00:00,248.25,0.035759,0,0,0,0,0.619066
3736,22-Dec-04,24:00:00,250.958333,0.034994,0,0,0,0,0.615501
3737,23-Dec-04,24:00:00,250.020833,0.036439,0,0,0,0,0.611954
3738,24-Dec-04,24:00:00,250,0.034413,0,0,0,0,0.608396
3739,25-Dec-04,24:00:00,250,0.033597,0,0,0,0,0.605029
3740,26-Dec-04,24:00:00,335.771505,0.01046,77.938172,59.342153,1.335924,0.297839,0.642543
3741,27-Dec-04,24:00:00,1937.69,0.013361,1674.79,1633.09,1.320076,1.391256,0.708162
3742,28-Dec-04,24:00:00,1534.07,0.013959,1271.07,1260.56,0.303346,0.303346,0.700126
3743,29-Dec-04,24:00:00,879.871485,0.020436,616.871485,581.078696,0.459936,0.35184,0.701124
3744,30-Dec-04,24:00:00,2297.02,0.023853,2034.02,1549.25,0.671838,0.779935,0.707208
3745,31-Dec-04,24:00:00,1254.86,0.009698,991.855397,980.050157,0.491952,0.491952,0.700468
3746,1-Jan-05,24:00:00,1093.31,0.013768,831.290212,825.003028,0.088166,0.088166,0.7
3747,2-Jan-05,24:00:00,817.314548,0.015585,554.335382,550.6655,0.150232,0.150232,0.7
3748,3-Jan-05,24:00:00,571.427712,0.015535,308.427712,308.360573,0,0,0.7
3749,4-Jan-05,24:00:00,491.39385,0.014773,228.39385,228.39385,0,0,0.7
3750,5-Jan-05,24:00:00,451.982901,0.014704,189.962068,189.962068,0,0,0.7
3751,6-Jan-05,24:00:00,423.420678,0.016364,160.441511,160.441511,0,0,0.7
3752,7-Jan-05,24:00:00,837.067995,0.024083,574.067995,564.520952,0.455674,0.455674,0.700216
3753,8-Jan-05,24:00:00,1094.06,0.017486,831.056232,819.665507,0.625978,0.625978,0.700906
3754,9-Jan-05,24:00:00,979.515703,0.013919,716.515703,710.736202,0,0,0.7
3755,10-Jan-05,24:00:00,690.879071,0.017365,427.879071,367.014951,0.376154,0.376154,0.700556
3756,11-Jan-05,24:00:00,1337.35,0.042125,1074.35,983.394488,0.290792,0.290792,0.700159
3757,12-Jan-05,24:00:00,607.498216,0.036613,344.498216,344.38235,0,0,0.7
3758,13-Jan-05,24:00:00,464.70906,0.032536,201.70906,201.70906,0,0,0.699551
3759,14-Jan-05,24:00:00,422.678194,0.034716,160.657361,160.657361,0,0,0.697216
3760,15-Jan-05,24:00:00,397.626207,0.035651,135.626207,135.626207,0,0,0.693652
3761,16-Jan-05,24:00:00,376.817252,0.023322,114.817252,114.817252,0,0,0.690834
3762,17-Jan-05,24:00:00,358.876331,0.043969,96.876331,96.876331,0,0,0.687385
3763,18-Jan-05,24:00:00,344.526519,0.046455,81.547352,81.547352,0,0,0.682867
3764,19-Jan-05,24:00:00,331.561821,0.041687,68.561821,68.561821,0,0,0.678475
3765,20-Jan-05,24:00:00,320.611998,0.025008,57.611998,57.611998,0,0,0.675066
3766,21-Jan-05,24:00:00,311.398824,0.045856,48.398824,48.398824,0,0,0.671583
3767,22-Jan-05,24:00:00,302.675325,0.047447,40.654492,40.654492,0,0,0.666954
3768,23-Jan-05,24:00:00,296.14767,0.043929,34.14767,34.14767,0,0,0.662531
3769,24-Jan-05,24:00:00,290.681662,0.049567,28.681662,28.681662,0,0,0.657787
3770,25-Jan-05,24:00:00,287.408284,0.02106,24.429117,24.09037,0.196858,0,0.655721
3771,26-Jan-05,24:00:00,716.789649,0.025547,468.477149,448.278154,0.660606,0.391566,0.697753
3772,27-Jan-05,24:00:00,499.605706,0.032463,244.751539,243.781118,0.273581,0.213764,0.700357
3773,28-Jan-05,24:00:00,1304.40,0.029918,1043.53,980.851261,0.463129,0.522946,0.702458
3774,29-Jan-05,24:00:00,593.319487,0.038851,332.319487,331.411089,0,0,0.7
3775,30-Jan-05,24:00:00,402.820799,0.045913,141.820799,141.820799,0,0,0.7
3776,31-Jan-05,24:00:00,365.101395,0.049124,104.101395,104.101395,0,0,0.698462
3777,1-Feb-05,24:00:00,347.73315,0.047795,87.712317,87.712317,0,0,0.694209
3778,2-Feb-05,24:00:00,334.726095,0.065653,74.726095,74.726095,0,0,0.688812
3779,3-Feb-05,24:00:00,324.287382,0.030481,63.308216,63.308216,0,0,0.683965
3780,4-Feb-05,24:00:00,317.336997,0.055049,53.399497,53.399497,0,0,0.679548
3781,5-Feb-05,24:00:00,306.000876,0.05725,44.938376,44.938376,0,0,0.673951
3782,6-Feb-05,24:00:00,295.839753,0.062552,37.777253,37.777253,0,0,0.668143
3783,7-Feb-05,24:00:00,291.70023,0.036253,31.741897,31.741897,0,0,0.662988
3784,8-Feb-05,24:00:00,286.665029,0.0247,26.665029,26.665029,0,0,0.659949
3785,9-Feb-05,24:00:00,282.398047,0.040201,22.398047,22.398047,0,0,0.656725
3786,10-Feb-05,24:00:00,278.813093,0.059183,18.813093,18.813093,0,0,0.651699
3787,11-Feb-05,24:00:00,275.801646,0.057547,15.801646,15.801646,0,0,0.645878
3788,12-Feb-05,24:00:00,270.376462,0.049804,13.313962,13.272142,0.105534,0,0.640853
3789,13-Feb-05,24:00:00,284.60657,0.023141,23.689904,11.147521,0.418824,0,0.681261
3790,14-Feb-05,24:00:00,269.753453,0.03608,9.73262,9.362999,0,0,0.6904
3791,15-Feb-05,24:00:00,267.86414,0.043108,7.86414,7.86414,0,0,0.6904
3792,16-Feb-05,24:00:00,266.605221,0.034829,6.605221,6.605221,0,0,0.689085
3793,17-Feb-05,24:00:00,260.652003,0.059141,5.547836,5.547836,0,0,0.687714
3794,18-Feb-05,24:00:00,264.555553,0.03335,4.659719,4.659719,0,0,0.687714
3795,19-Feb-05,24:00:00,310.569814,0.032196,50.569814,48.632747,0.285039,0.162177,0.690337
3796,20-Feb-05,24:00:00,625.312935,0.031809,365.312935,357.001235,0.132557,0.132557,0.7
3797,21-Feb-05,24:00:00,354.395625,0.054489,94.395625,94.328038,0,0,0.7
3798,22-Feb-05,24:00:00,299.220268,0.075985,39.220268,39.220268,0,0,0.697278
3799,23-Feb-05,24:00:00,287.908014,0.071097,28.887181,28.887181,0,0,0.690413
3800,24-Feb-05,24:00:00,283.502135,0.054872,24.502135,24.502135,0,0,0.684283
3801,25-Feb-05,24:00:00,279.948725,0.049619,20.948725,20.948725,0,0,0.679004
3802,26-Feb-05,24:00:00,275.797287,0.072395,17.776454,17.776454,0,0,0.672807
3803,27-Feb-05,24:00:00,687.231636,0.024919,428.252469,189.849589,0.726597,0.417832,0.684266
3804,28-Feb-05,24:00:00,872.635857,0.041122,613.635857,447.133355,0,0,0.7
3805,1-Mar-05,24:00:00,510.974925,0.03757,251.974925,249.117753,0.365832,0.365832,0.700456
3806,2-Mar-05,24:00:00,715.285748,0.054704,456.285748,450.104932,0,0,0.7
3807,3-Mar-05,24:00:00,391.809925,0.060543,132.809925,132.809925,0,0,0.699478
3808,4-Mar-05,24:00:00,338.195353,0.058173,79.195353,79.195353,0,0,0.695709
3809,5-Mar-05,24:00:00,323.073618,0.092255,64.073618,64.073618,0,0,0.688141
3810,6-Mar-05,24:00:00,313.465438,0.098994,54.465438,54.465438,0,0,0.678624
3811,7-Mar-05,24:00:00,306.217055,0.098718,46.237888,46.237888,0,0,0.668683
3812,8-Mar-05,24:00:00,297.099606,0.106562,39.05794,39.05794,0,0,0.65852
3813,9-Mar-05,24:00:00,297.747924,0.126483,32.893757,32.893757,0,0,0.647239
3814,10-Mar-05,24:00:00,290.703258,0.113804,27.661592,27.661592,0,0,0.634862
3815,11-Mar-05,24:00:00,287.22512,0.105432,23.245953,23.245953,0,0,0.623739
3816,12-Mar-05,24:00:00,282.550125,0.087306,19.529292,19.529292,0,0,0.614119
3817,13-Mar-05,24:00:00,276.46718,0.090112,16.40468,16.40468,0,0,0.60553
3818,14-Mar-05,24:00:00,275.737521,0.129639,13.779188,13.779188,0,0,0.594101
3819,15-Mar-05,24:00:00,271.615262,0.103611,11.573595,11.573595,0,0,0.582695
3820,16-Mar-05,24:00:00,263.845936,0.099717,9.720936,9.720936,0,0,0.572481
3821,17-Mar-05,24:00:00,264.123137,0.093511,8.164803,8.164803,0,0,0.562872
3822,18-Mar-05,24:00:00,270.691096,0.040929,6.857763,6.857763,0,0,0.55594
3823,19-Mar-05,24:00:00,287.021382,0.040835,24.000548,5.759951,1.027741,0,0.602532
3824,20-Mar-05,24:00:00,664.630061,0.034343,476.046728,447.43605,1.015237,0.582371,0.692715
3825,21-Mar-05,24:00:00,805.463039,0.054461,706.588039,696.323062,0.688814,0.576164,0.701499
3826,22-Mar-05,24:00:00,1186.49,0.057445,1184.04,1137.76,0.436985,0.51501,0.701787
3827,23-Mar-05,24:00:00,967.024565,0.05017,893.578107,883.10945,0.188694,0.22332,0.700207
3828,24-Mar-05,24:00:00,448.732716,0.082013,290.50355,290.446035,0,0,0.698831
3829,25-Mar-05,24:00:00,433.730344,0.103841,175.813678,175.813678,0,0,0.691683
3830,26-Mar-05,24:00:00,404.593504,0.092068,142.63517,142.63517,0,0,0.682202
3831,27-Mar-05,24:00:00,1408.96,0.048822,1146.96,340.404481,0.670226,0.413157,0.687266
3832,28-Mar-05,24:00:00,1321.60,0.080287,1058.62,742.27215,0.184498,0.184498,0.7
3833,29-Mar-05,24:00:00,792.923485,0.088075,532.860985,527.456972,0.220316,0.220316,0.7
3834,30-Mar-05,24:00:00,483.808712,0.116434,224.787878,224.690004,0,0,0.695186
3835,31-Mar-05,24:00:00,405.177763,0.122015,143.240263,143.240263,0,0,0.683604
3836,1-Apr-05,24:00:00,378.393098,0.119598,116.393098,116.393098,0,0,0.671482
3837,2-Apr-05,24:00:00,361.417834,0.095069,98.438667,98.438667,0,0,0.661001
3838,3-Apr-05,24:00:00,638.284662,0.031064,376.263828,227.366012,0.696522,0.254481,0.677125
3839,4-Apr-05,24:00:00,596.454925,0.103626,334.454925,305.986667,0,0,0.699891
3840,5-Apr-05,24:00:00,376.938635,0.126503,114.938635,114.938245,0,0,0.693454
3841,6-Apr-05,24:00:00,338.598531,0.138035,77.577698,77.577698,0,0,0.680489
3842,7-Apr-05,24:00:00,463.44086,0.061141,200.482526,191.172303,0.397055,0.128766,0.6962
3843,8-Apr-05,24:00:00,1315.44,0.061867,1052.44,802.841261,0.636825,0.636825,0.702438
3844,9-Apr-05,24:00:00,683.106374,0.098388,419.127207,411.131797,0,0,0.7
3845,10-Apr-05,24:00:00,414.429661,0.1305,153.367161,153.365991,0,0,0.693859
3846,11-Apr-05,24:00:00,366.421403,0.108609,105.421403,105.421403,0,0,0.681899
3847,12-Apr-05,24:00:00,343.816027,0.066043,87.711861,87.711861,0,0,0.673218
3848,13-Apr-05,24:00:00,228.808735,0.075122,74.642069,74.642069,0,0,0.666159
3849,14-Apr-05,24:00:00,226.030836,0.126403,63.260002,63.260002,0,0,0.656045
3850,15-Apr-05,24:00:00,216.375919,0.138657,53.375919,53.375919,0,0,0.64277
3851,16-Apr-05,24:00:00,207.926213,0.144193,44.926213,44.926213,0,0,0.628529
3852,17-Apr-05,24:00:00,200.770079,0.133685,37.770079,37.770079,0,0,0.614644
3853,18-Apr-05,24:00:00,148.716195,0.134355,31.737028,31.737028,0,0,0.601388
3854,19-Apr-05,24:00:00,131.890537,0.144688,26.661371,26.661371,0,0,0.587386
3855,20-Apr-05,24:00:00,136.207634,0.113793,22.395134,22.395134,0,0,0.574232
3856,21-Apr-05,24:00:00,132.810705,0.145757,18.810705,18.810705,0,0,0.561334
3857,22-Apr-05,24:00:00,185.612163,0.150818,15.799663,15.799663,0,0,0.546526
3858,23-Apr-05,24:00:00,275.332984,0.068238,13.270484,13.270484,0,0,0.538899
3859,24-Apr-05,24:00:00,275.14613,0.063742,11.14613,11.14613,0,0,0.535961
3860,25-Apr-05,24:00:00,273.361832,0.127196,9.361832,9.361832,0,0,0.526824
3861,26-Apr-05,24:00:00,271.863162,0.142899,7.863162,7.863162,0,0,0.513061
3862,27-Apr-05,24:00:00,270.6044,0.109672,6.6044,6.6044,0,0,0.500296
3863,28-Apr-05,24:00:00,269.547143,0.10945,5.547143,5.547143,0,0,0.489445
3864,29-Apr-05,24:00:00,268.659136,0.110096,4.659136,4.659136,0,0,0.478618
3865,30-Apr-05,24:00:00,248.329951,0.122414,3.913284,3.913284,0,0,0.466547
3866,1-May-05,24:00:00,170.911831,0.119543,3.286831,3.286831,0,0,0.454657
3867,2-May-05,24:00:00,167.781496,0.159192,2.760663,2.760663,0,0,0.440914
3868,3-May-05,24:00:00,166.339559,0.154195,2.318726,2.318726,0,0,0.425122
3869,4-May-05,24:00:00,170.334427,0.078011,6.334427,1.947536,0.462082,0,0.424786
3870,5-May-05,24:00:00,176.888384,0.09438,12.888384,1.635767,0.172682,0,0.475944
3871,6-May-05,24:00:00,165.415739,0.070688,1.415739,1.373908,0,0,0.473991
3872,7-May-05,24:00:00,165.153968,0.120488,1.153968,1.153968,0,0,0.464644
3873,8-May-05,24:00:00,183.255503,0.049097,19.255503,0.969237,0.797365,0,0.50941
3874,9-May-05,24:00:00,175.77762,0.080637,12.756786,0.81408,0.452816,0,0.568928
3875,10-May-05,24:00:00,164.339484,0.126981,1.339484,0.68376,0,0,0.580935
3876,11-May-05,24:00:00,162.595135,0.15784,0.574302,0.574302,0,0,0.569162
3877,12-May-05,24:00:00,163.461532,0.172585,0.482366,0.482366,0,0,0.552735
3878,13-May-05,24:00:00,162.42598,0.179039,0.405147,0.405147,0,0,0.535218
3879,14-May-05,24:00:00,162.340289,0.176234,0.340289,0.340289,0,0,0.517328
3880,15-May-05,24:00:00,162.285815,0.06516,0.285815,0.285815,0,0,0.505217
3881,16-May-05,24:00:00,162.24006,0.121274,0.24006,0.24006,0,0,0.49597
3882,17-May-05,24:00:00,163.425111,0.051618,1.425111,0.201631,0.459982,0,0.49145
3883,18-May-05,24:00:00,1890.91,0.049393,1822.91,199.992697,2.023677,0.333383,0.651121
3884,19-May-05,24:00:00,496.736265,0.091016,400.382098,296.848449,0,0,0.7
3885,20-May-05,24:00:00,232.142933,0.13989,71.4971,71.4971,0,0,0.693928
3886,21-May-05,24:00:00,197.760949,0.186415,36.740116,36.740116,0,0,0.678039
3887,22-May-05,24:00:00,190.114396,0.179759,29.114396,29.114396,0,0,0.659559
3888,23-May-05,24:00:00,185.921978,0.182673,24.921978,24.921978,0,0,0.641494
3889,24-May-05,24:00:00,182.284763,0.18359,21.284763,21.284763,0,0,0.623002
3890,25-May-05,24:00:00,179.036246,0.203372,18.036246,18.036246,0,0,0.603764
3891,26-May-05,24:00:00,176.21209,0.185257,15.21209,15.21209,0,0,0.58453
3892,27-May-05,24:00:00,173.800878,0.207751,12.800878,12.800878,0,0,0.564817
3893,28-May-05,24:00:00,171.760616,0.16811,10.760616,10.760616,0,0,0.545657
3894,29-May-05,24:00:00,169.062162,0.158248,9.041329,9.041329,0,0,0.529408
3895,30-May-05,24:00:00,167.59518,0.194958,7.59518,7.59518,0,0,0.511909
3896,31-May-05,24:00:00,166.379765,0.211357,6.379765,6.379765,0,0,0.492055
3897,1-Jun-05,24:00:00,137.941967,0.192496,5.358634,5.358634,0,0,0.471408
3898,2-Jun-05,24:00:00,136.500865,0.187031,4.500865,4.500865,0,0,0.452462
3899,3-Jun-05,24:00:00,135.780372,0.196047,3.780372,3.780372,0,0,0.433438
3900,4-Jun-05,24:00:00,135.175204,0.194401,3.175204,3.175204,0,0,0.414255
3901,5-Jun-05,24:00:00,134.666909,0.177334,2.666909,2.666909,0,0,0.396932
3902,6-Jun-05,24:00:00,134.239982,0.143409,2.239982,2.239982,0,0,0.384388
3903,7-Jun-05,24:00:00,133.098061,0.152153,1.881397,1.881397,0,0,0.373844
3904,8-Jun-05,24:00:00,149.550885,0.05734,18.350888,1.580217,1.00487,0,0.410234
3905,9-Jun-05,24:00:00,136.663049,0.101775,9.379711,1.327251,0,0,0.469189
3906,10-Jun-05,24:00:00,122.832777,0.177535,1.116112,1.114781,0,0,0.460616
3907,11-Jun-05,24:00:00,122.536321,0.181507,0.936323,0.936323,0,0,0.442586
3908,12-Jun-05,24:00:00,122.386432,0.194032,0.786433,0.786433,0,0,0.423832
3909,13-Jun-05,24:00:00,122.260536,0.188578,0.660538,0.660538,0,0,0.40583
3910,14-Jun-05,24:00:00,122.154795,0.219498,0.554797,0.554797,0,0,0.388777
3911,15-Jun-05,24:00:00,122.065981,0.196564,0.465983,0.465983,0,0,0.373448
3912,16-Jun-05,24:00:00,123.502697,0.044468,1.902698,0.391386,0.082866,0,0.36885
3913,17-Jun-05,24:00:00,122.464563,0.082121,0.864565,0.328732,0,0,0.373541
3914,18-Jun-05,24:00:00,120.309441,0.076079,0.276107,0.276107,0,0,0.371708
3915,19-Jun-05,24:00:00,120.231907,0.12872,0.231907,0.231907,0,0,0.365464
3916,20-Jun-05,24:00:00,120.194783,0.160351,0.194783,0.194783,0,0,0.357273
3917,21-Jun-05,24:00:00,120.163601,0.127707,0.163601,0.163601,0,0,0.34967
3918,22-Jun-05,24:00:00,120.137411,0.177782,0.137411,0.137411,0,0,0.342082
3919,23-Jun-05,24:00:00,120.115414,0.195779,0.115414,0.115414,0,0,0.332979
3920,24-Jun-05,24:00:00,120.096938,0.140409,0.096938,0.096938,0,0,0.325274
3921,25-Jun-05,24:00:00,120.08142,0.144847,0.08142,0.08142,0,0,0.318691
3922,26-Jun-05,24:00:00,120.068386,0.172279,0.068386,0.068386,0,0,0.311504
3923,27-Jun-05,24:00:00,120.057438,0.162719,0.057438,0.057438,0,0,0.304054
3924,28-Jun-05,24:00:00,119.264915,0.1814,0.048243,0.048243,0,0,0.296549
3925,29-Jun-05,24:00:00,120.023854,0.213902,0.04052,0.04052,0,0,0.288377
3926,30-Jun-05,24:00:00,120.034034,0.225552,0.034034,0.034034,0,0,0.279498
3927,1-Jul-05,24:00:00,123.161923,0.222026,0.028586,0.028586,0,0,0.270648
3928,2-Jul-05,24:00:00,122.440678,0.221387,0.024009,0.024009,0,0,0.262276
3929,3-Jul-05,24:00:00,122.420167,0.220667,0.020166,0.020166,0,0,0.254147
3930,4-Jul-05,24:00:00,122.416939,0.222746,0.016938,0.016938,0,0,0.246206
3931,5-Jul-05,24:00:00,121.630891,0.230124,0.014226,0.014226,0,0,0.238451
3932,6-Jul-05,24:00:00,124.745285,0.221937,0.011949,0.011949,0,0,0.230736
3933,7-Jul-05,24:00:00,121.676701,0.220034,0.010036,0.010036,0,0,0.223594
3934,8-Jul-05,24:00:00,124.741766,0.196745,0.008429,0.008429,0,0,0.216919
3935,9-Jul-05,24:00:00,124.807083,0.178661,0.00708,0.00708,0,0,0.211186
3936,10-Jul-05,24:00:00,121.672612,0.185237,0.005947,0.005947,0,0,0.205827
3937,11-Jul-05,24:00:00,121.604993,0.214322,0.004995,0.004995,0,0,0.200045
3938,12-Jul-05,24:00:00,127.870862,0.213974,0.004195,0.004195,0,0,0.193956
3939,13-Jul-05,24:00:00,128.78686,0.214506,0.003524,0.003524,0,0,0.18809
3940,14-Jul-05,24:00:00,128.019626,0.231976,0.002959,0.002959,0,0,0.182246
3941,15-Jul-05,24:00:00,127.219157,0.222051,0.002486,0.002486,0,0,0.176378
3942,16-Jul-05,24:00:00,127.202092,0.213411,0.002088,0.002088,0,0,0.170929
3943,17-Jul-05,24:00:00,127.985087,0.21643,0.001754,0.001754,0,0,0.165777
3944,18-Jul-05,24:00:00,126.434808,0.212836,0.001473,0.001473,0,0,0.160767
3945,19-Jul-05,24:00:00,124.834573,0.211887,0.001237,0.001237,0,0,0.155998
3946,20-Jul-05,24:00:00,121.667704,0.216687,0.001039,0.001039,0,0,0.151263
3947,21-Jul-05,24:00:00,123.167544,0.203638,0.000873,0.000873,0,0,0.146817
3948,22-Jul-05,24:00:00,122.417401,0.181981,0.000733,0.000733,0,0,0.142829
3949,23-Jul-05,24:00:00,120.050616,0.215762,0.000616,0.000616,0,0,0.138781
3950,24-Jul-05,24:00:00,119.217188,0.234687,0.000517,0.000517,0,0,0.13445
3951,25-Jul-05,24:00:00,118.417103,0.197311,0.000434,0.000434,0,0,0.130262
3952,26-Jul-05,24:00:00,119.183703,0.218285,0.000365,0.000365,0,0,0.126487
3953,27-Jul-05,24:00:00,100.400306,0.210932,0.000306,0.000306,0,0,0.122663
3954,28-Jul-05,24:00:00,69.45026,0.207469,0.000257,0.000257,0,0,0.119044
3955,29-Jul-05,24:00:00,68.800219,0.201158,0.000216,0.000216,0,0,0.115618
3956,30-Jul-05,24:00:00,69.583513,0.213018,0.000182,0.000182,0,0,0.112248
3957,31-Jul-05,24:00:00,70.383487,0.216892,0.000152,0.000152,0,0,0.108868
3958,1-Aug-05,24:00:00,93.90013,0.20944,0.000128,0.000128,0,0,0.105573
3959,2-Aug-05,24:00:00,113.200106,0.177203,0.000108,0.000108,0,0,0.102659
3960,3-Aug-05,24:00:00,113.600089,0.206084,0.00009,0.00009,0,0,0.099907
3961,4-Aug-05,24:00:00,114.383411,0.20342,0.000076,0.000076,0,0,0.097031
3962,5-Aug-05,24:00:00,113.616729,0.202369,0.000064,0.000064,0,0,0.094234
3963,6-Aug-05,24:00:00,112.033387,0.199658,0.000054,0.000054,0,0,0.091564
3964,7-Aug-05,24:00:00,110.43338,0.211119,0.000045,0.000045,0,0,0.088946
3965,8-Aug-05,24:00:00,116.666707,0.192508,0.000038,0.000038,0,0,0.086395
3966,9-Aug-05,24:00:00,113.666697,0.160906,0.000032,0.000032,0,0,0.084329
3967,10-Aug-05,24:00:00,114.383361,0.219941,0.000027,0.000027,0,0,0.082037
3968,11-Aug-05,24:00:00,112.050022,0.204928,0.000022,0.000022,0,0,0.079532
3969,12-Aug-05,24:00:00,108.866688,0.198176,0.000019,0.000019,0,0,0.077252
3970,13-Aug-05,24:00:00,109.583348,0.181285,0.000016,0.000016,0,0,0.075201
3971,14-Aug-05,24:00:00,108.816683,0.167946,0.000013,0.000013,0,0,0.073342
3972,15-Aug-05,24:00:00,107.233349,0.145575,0.000011,0.000011,0,0,0.07171
3973,16-Aug-05,24:00:00,106.416678,0.179802,0.000009,0.000009,0,0,0.070035
3974,17-Aug-05,24:00:00,107.183346,0.190207,0.000008,0.000008,0,0,0.068228
3975,18-Aug-05,24:00:00,107.200011,0.151337,0.000007,0.000007,0,0,0.066586
3976,19-Aug-05,24:00:00,107.20001,0.160026,0.000006,0.000006,0,0,0.065126
3977,20-Aug-05,24:00:00,106.416673,0.180358,0.000005,0.000005,0,0,0.063552
3978,21-Aug-05,24:00:00,107.183342,0.182804,0.000004,0.000004,0,0,0.061922
3979,22-Aug-05,24:00:00,107.200008,0.185492,0.000003,0.000003,0,0,0.060309
3980,23-Aug-05,24:00:00,106.416671,0.193508,0.000003,0.000003,0,0,0.058705
3981,24-Aug-05,24:00:00,107.18334,0.183696,0.000002,0.000002,0,0,0.057151
3982,25-Aug-05,24:00:00,106.41667,0.172863,0.000002,0.000002,0,0,0.055734
3983,26-Aug-05,24:00:00,107.183339,0.185096,0.000002,0.000002,0,0,0.054298
3984,27-Aug-05,24:00:00,106.41667,0.17771,0.000001,0.000001,0,0,0.052897
3985,28-Aug-05,24:00:00,111.100006,0.186783,0.000001,0.000001,0,0,0.051557
3986,29-Aug-05,24:00:00,108.850004,0.177313,0.000001,0.000001,0,0,0.050207
3987,30-Aug-05,24:00:00,108.016668,0.162315,0.000001,0.000001,0,0,0.049
3988,31-Aug-05,24:00:00,108.783337,0.175687,0.000001,0.000001,0,0,0.047834
3989,1-Sep-05,24:00:00,108.800004,0.169246,0.000001,0.000001,0,0,0.046666
3990,2-Sep-05,24:00:00,108.800004,0.173555,0,0,0,0,0.045547
3991,3-Sep-05,24:00:00,108.016667,0.159371,0,0,0,0,0.044461
3992,4-Sep-05,24:00:00,108.783337,0.152045,0,0,0,0,0.043505
3993,5-Sep-05,24:00:00,108.800003,0.15786,0,0,0,0,0.042527
3994,6-Sep-05,24:00:00,108.016667,0.157739,0,0,0,0,0.041576
3995,7-Sep-05,24:00:00,108.783337,0.158753,0,0,0,0,0.040657
3996,8-Sep-05,24:00:00,108.800003,0.106012,0,0,0,0,0.039893
3997,9-Sep-05,24:00:00,108.016667,0.125061,0,0,0,0,0.039244
3998,10-Sep-05,24:00:00,108.783336,0.140625,0,0,0,0,0.038488
3999,11-Sep-05,24:00:00,106.450002,0.131255,0,0,0,0,0.037747
4000,12-Sep-05,24:00:00,104.05,0.136919,0,0,0,0,0.037032
4001,13-Sep-05,24:00:00,104,0.137036,0,0,0,0,0.036327
4002,14-Sep-05,24:00:00,104,0.126336,0,0,0,0,0.035639
4003,15-Sep-05,24:00:00,104,0.130512,0,0,0,0,0.034988
4004,16-Sep-05,24:00:00,104.783336,0.123899,0,0,0,0,0.034359
4005,17-Sep-05,24:00:00,105.583332,0.126876,0,0,0,0,0.033742
4006,18-Sep-05,24:00:00,106.383335,0.134048,0,0,0,0,0.033121
4007,19-Sep-05,24:00:00,106.400002,0.127326,0,0,0,0,0.032501
4008,20-Sep-05,24:00:00,105.616665,0.143927,0,0,0,0,0.03189
4009,21-Sep-05,24:00:00,106.383335,0.124062,0,0,0,0,0.031281
4010,22-Sep-05,24:00:00,105.616665,0.137674,0,0,0,0,0.030701
4011,23-Sep-05,24:00:00,104.033333,0.125085,0,0,0,0,0.030122
4012,24-Sep-05,24:00:00,104,0.120817,0,0,0,0,0.029601
4013,25-Sep-05,24:00:00,104,0.096818,0,0,0,0,0.029152
4014,26-Sep-05,24:00:00,104,0.127955,0,0,0,0,0.028677
4015,27-Sep-05,24:00:00,103.216671,0.137768,0,0,0,0,0.028149
4016,28-Sep-05,24:00:00,103.983333,0.127997,0,0,0,0,0.02761
4017,29-Sep-05,24:00:00,104,0.133281,0,0,0,0,0.027101
4018,30-Sep-05,24:00:00,104,0.134311,0,0,0,0,0.026592
1,1-Oct-05,24:00:00,129.458333,0.099384,0,0,0,0,0.026142
2,2-Oct-05,24:00:00,129.020833,0.105281,0,0,0,0,0.025765
3,3-Oct-05,24:00:00,129.979167,0.102322,0,0,0,0,0.025383
4,4-Oct-05,24:00:00,130,0.10441,0,0,0,0,0.025014
5,5-Oct-05,24:00:00,129.020833,0.10188,0,0,0,0,0.024643
6,6-Oct-05,24:00:00,129,0.115817,0,0,0,0,0.024267
7,7-Oct-05,24:00:00,129,0.118594,0,0,0,0,0.023868
8,8-Oct-05,24:00:00,129,0.112243,0,0,0,0,0.023469
9,9-Oct-05,24:00:00,129,0.102778,0,0,0,0,0.023111
10,10-Oct-05,24:00:00,129,0.09369,0,0,0,0,0.022785
11,11-Oct-05,24:00:00,129,0.107599,0,0,0,0,0.022465
12,12-Oct-05,24:00:00,129,0.102146,0,0,0,0,0.022129
13,13-Oct-05,24:00:00,128.020833,0.107421,0,0,0,0,0.021803
14,14-Oct-05,24:00:00,129.958333,0.109147,0,0,0,0,0.021468
15,15-Oct-05,24:00:00,130,0.053144,0,0,0,0,0.021224
16,16-Oct-05,24:00:00,128.041667,0.091725,0,0,0,0,0.020995
17,17-Oct-05,24:00:00,130.9375,0.101416,0,0,0,0,0.020715
18,18-Oct-05,24:00:00,131,0.088421,0,0,0,0,0.020436
19,19-Oct-05,24:00:00,128.0625,0.060413,0,0,0,0,0.020215
20,20-Oct-05,24:00:00,104.5,0.08261,0,0,0,0,0.020006
21,21-Oct-05,24:00:00,104,0.083268,0,0,0,0,0.019773
22,22-Oct-05,24:00:00,104,0.085531,0,0,0,0,0.019538
23,23-Oct-05,24:00:00,106.9375,0.081564,0,0,0,0,0.019303
24,24-Oct-05,24:00:00,108.958333,0.08681,0,0,0,0,0.019074
25,25-Oct-05,24:00:00,109,0.078489,0,0,0,0,0.018854
26,26-Oct-05,24:00:00,120.739987,0.068444,3.906653,0,0.160282,0,0.032796
27,27-Oct-05,24:00:00,114.181423,0.047699,0.118923,0,0.15924,0,0.035371
28,28-Oct-05,24:00:00,135.04049,0.025625,16.144657,0,0.506377,0,0.093971
29,29-Oct-05,24:00:00,114.337109,0.059475,0.232942,0,0,0,0.101256
30,30-Oct-05,24:00:00,109.104167,0.058954,0,0,0,0,0.100967
31,31-Oct-05,24:00:00,108.020833,0.060636,0,0,0,0,0.100197
32,1-Nov-05,24:00:00,104.083333,0.053174,0,0,0,0,0.099384
33,2-Nov-05,24:00:00,103.020833,0.061823,0,0,0,0,0.098576
34,3-Nov-05,24:00:00,126.829313,0.018548,11.100147,0,0.92598,0,0.121766
35,4-Nov-05,24:00:00,138.54591,0.038968,11.775077,0,0,0,0.190527
36,5-Nov-05,24:00:00,115.250347,0.023947,0.000347,0,0,0,0.190527
37,6-Nov-05,24:00:00,114.020833,0.029521,0,0,0,0,0.190527
38,7-Nov-05,24:00:00,236.31299,0.022266,60.62549,0,1.572133,0,0.2655
39,8-Nov-05,24:00:00,198.159446,0.047193,12.346946,0,0,0,0.34774
40,9-Nov-05,24:00:00,103.75,0.073755,0,0,0,0,0.347356
41,10-Nov-05,24:00:00,74.583333,0.068369,0,0,0,0,0.345062
42,11-Nov-05,24:00:00,68.125,0.025662,0,0,0,0,0.342769
43,12-Nov-05,24:00:00,67.020833,0.054774,0,0,0,0,0.34069
44,13-Nov-05,24:00:00,65.041667,0.054343,0,0,0,0,0.338141
45,14-Nov-05,24:00:00,65,0.06329,0,0,0,0,0.33525
46,15-Nov-05,24:00:00,64.020833,0.055828,0,0,0,0,0.332394
47,16-Nov-05,24:00:00,57.145833,0.051049,0,0,0,0,0.32987
48,17-Nov-05,24:00:00,57.979167,0.049951,0,0,0,0,0.327491
49,18-Nov-05,24:00:00,60.9375,0.055025,0,0,0,0,0.325072
50,19-Nov-05,24:00:00,67.854167,0.050111,0,0,0,0,0.322621
51,20-Nov-05,24:00:00,71.916667,0.048172,0,0,0,0,0.320364
52,21-Nov-05,24:00:00,74.9375,0.046471,0,0,0,0,0.318201
53,22-Nov-05,24:00:00,80.875,0.045926,0,0,0,0,0.316115
54,23-Nov-05,24:00:00,83.9375,0.044805,0,0,0,0,0.314057
55,24-Nov-05,24:00:00,87.916667,0.039221,0,0,0,0,0.312172
56,25-Nov-05,24:00:00,197.386018,0.040802,82.948518,0,0.680615,0,0.365225
57,26-Nov-05,24:00:00,108.975865,0.049839,1.809199,0,0,0,0.379386
58,27-Nov-05,24:00:00,95.25,0.035982,0,0,0,0,0.378498
59,28-Nov-05,24:00:00,125.298853,0.0133,26.382187,0,1.59918,0,0.436492
60,29-Nov-05,24:00:00,119.955099,0.020602,13.121766,0,0,0,0.537428
61,30-Nov-05,24:00:00,104.875754,0.01514,0.813254,0,0.174059,0,0.539865
62,1-Dec-05,24:00:00,2154.11,0.023678,2065.78,122.531785,1.614191,0.162534,0.655441
63,2-Dec-05,24:00:00,435.892942,0.022973,361.601275,124.723518,0,0,0.7
64,3-Dec-05,24:00:00,119.410111,0.034717,31.701778,31.701778,0,0,0.7
65,4-Dec-05,24:00:00,105.28823,0.030943,17.28823,17.28823,0,0,0.7
66,5-Dec-05,24:00:00,108.777489,0.034484,13.923322,13.923322,0,0,0.69849
67,6-Dec-05,24:00:00,110.850705,0.03276,11.934038,11.934038,0,0,0.695249
68,7-Dec-05,24:00:00,108.206898,0.01403,10.186065,10.186065,0,0,0.692939
69,8-Dec-05,24:00:00,107.606404,0.029339,8.627237,8.627237,0,0,0.690811
70,9-Dec-05,24:00:00,109.212011,0.03698,7.274511,7.274511,0,0,0.687438
71,10-Dec-05,24:00:00,100.287391,0.034306,6.120725,6.120725,0,0,0.6839
72,11-Dec-05,24:00:00,80.540732,0.031705,5.144899,5.144899,0,0,0.680542
73,12-Dec-05,24:00:00,68.551931,0.029886,4.322765,4.322765,0,0,0.677465
74,13-Dec-05,24:00:00,56.860473,0.023026,3.631306,3.631306,0,0,0.674908
75,14-Dec-05,24:00:00,49.196027,0.026992,3.050194,3.050194,0,0,0.672404
76,15-Dec-05,24:00:00,43.666148,0.030943,2.561982,2.561982,0,0,0.66944
77,16-Dec-05,24:00:00,42.17271,0.023606,2.151877,2.151877,0,0,0.666802
78,17-Dec-05,24:00:00,44.126826,0.010865,4.126826,1.807407,0.102899,0,0.671441
79,18-Dec-05,24:00:00,1513.46,0.018484,1407.85,839.635572,1.079281,0.837725,0.702711
80,19-Dec-05,24:00:00,5032.54,0.018701,4960.79,1708.14,1.510365,1.374391,0.707639
81,20-Dec-05,24:00:00,1748.93,0.015834,1708.29,1580.78,0.543475,0.608626,0.701484
82,21-Dec-05,24:00:00,3233.09,0.015634,3193.09,1774.91,1.126456,1.184676,0.707845
83,22-Dec-05,24:00:00,3773.62,0.018775,3758.10,1993.81,0.76877,0.781374,0.703899
84,23-Dec-05,24:00:00,1122.60,0.020161,1098.79,994.943259,0.149336,0.149336,0.7
85,24-Dec-05,24:00:00,658.219499,0.033831,617.573666,614.810082,0,0,0.7
86,25-Dec-05,24:00:00,415.254939,0.016229,374.254939,374.239214,0.060789,0.047206,0.700028
87,26-Dec-05,24:00:00,1342.03,0.040491,1301.03,1073.90,0.545711,0.559294,0.702687
88,27-Dec-05,24:00:00,2910.24,0.018817,2877.07,1381.58,1.573984,1.19895,0.714669
89,28-Dec-05,24:00:00,5154.78,0.029208,5154.10,2527.10,1.11101,1.443541,0.740755
90,29-Dec-05,24:00:00,1646.00,0.017455,1646.00,1599.33,0.158167,0.19112,0.700108
91,30-Dec-05,24:00:00,5663.45,0.016006,5654.05,2061.40,1.847423,1.456266,0.716179
92,31-Dec-05,24:00:00,8463.68,0.027683,8463.48,2764.27,0.968584,1.369291,0.739187
93,1-Jan-06,24:00:00,3448.18,0.022233,3448.18,2194.13,0.79935,0.79935,0.705435
94,2-Jan-06,24:00:00,1651.62,0.033974,1651.62,1456.66,0.100319,0.100319,0.7
95,3-Jan-06,24:00:00,971.829436,0.013055,950.28777,945.368247,0.406404,0.406404,0.7
96,4-Jan-06,24:00:00,961.212296,0.038514,916.691463,911.332016,0,0,0.7
97,5-Jan-06,24:00:00,646.929062,0.032428,604.866562,603.317705,0.35467,0.35467,0.700656
98,6-Jan-06,24:00:00,918.719516,0.029306,877.698683,869.744527,0.030334,0.030334,0.7
99,7-Jan-06,24:00:00,478.319447,0.018517,438.298614,438.288918,0,0,0.7
100,8-Jan-06,24:00:00,417.151111,0.034829,376.171945,375.502312,0.267299,0.267299,0.7003
101,9-Jan-06,24:00:00,1328.93,0.029428,1288.91,1270.29,0.524848,0.524848,0.700645
102,10-Jan-06,24:00:00,555.905857,0.021384,505.135024,504.860296,0,0,0.7
103,11-Jan-06,24:00:00,363.615558,0.046622,294.011391,294.011391,0,0,0.7
104,12-Jan-06,24:00:00,1396.28,0.029936,1233.26,619.936836,0.765862,0.716507,0.701512
105,13-Jan-06,24:00:00,1871.00,0.034179,1608.09,1429.74,0.412991,0.455547,0.701098
106,14-Jan-06,24:00:00,795.395032,0.029922,530.395032,529.836586,0,0,0.7
107,15-Jan-06,24:00:00,551.422759,0.040444,286.422759,286.343612,0.005895,0.005895,0.7
108,16-Jan-06,24:00:00,490.090976,0.014454,225.090976,225.024503,0,0,0.7
109,17-Jan-06,24:00:00,450.957048,0.017133,185.957048,185.957048,0,0,0.7
110,18-Jan-06,24:00:00,421.026885,0.024688,157.006051,157.006051,0,0,0.7
111,19-Jan-06,24:00:00,396.496038,0.030741,132.496038,132.496038,0,0,0.7
112,20-Jan-06,24:00:00,375.568812,0.016368,111.568812,111.568812,0,0,0.699866
113,21-Jan-06,24:00:00,362.765755,0.029347,99.744922,99.681145,0.152425,0.104994,0.698496
114,22-Jan-06,24:00:00,506.512704,0.035829,243.512704,239.821631,0,0.014701,0.700031
115,23-Jan-06,24:00:00,962.775609,0.05783,698.796442,686.100679,0.551055,0.551055,0.701678
116,24-Jan-06,24:00:00,629.640322,0.04879,365.640322,364.712045,0,0,0.7
117,25-Jan-06,24:00:00,901.355042,0.031698,636.375875,626.241198,0.426388,0.426388,0.701275
118,26-Jan-06,24:00:00,574.546327,0.032734,309.546327,309.147445,0,0,0.7
119,27-Jan-06,24:00:00,1838.22,0.028354,1591.83,1410.04,1.480444,1.454571,0.711397
120,28-Jan-06,24:00:00,2085.07,0.014283,1823.40,1797.35,0.784358,0.810232,0.702769
121,29-Jan-06,24:00:00,1237.85,0.01844,975.846314,971.72162,0,0,0.7
122,30-Jan-06,24:00:00,1245.26,0.032253,984.241466,773.171502,0.402944,0.402944,0.701114
123,31-Jan-06,24:00:00,804.537116,0.032824,544.516283,522.976672,0,0,0.7
124,1-Feb-06,24:00:00,718.056425,0.016198,458.056425,454.477203,0.167225,0.167225,0.7
125,2-Feb-06,24:00:00,466.434673,0.025514,336.66384,336.111918,0,0,0.7
126,3-Feb-06,24:00:00,399.629839,0.041741,222.692339,222.692339,0,0,0.7
127,4-Feb-06,24:00:00,694.072336,0.059021,430.884836,426.158338,0.195045,0.195045,0.700124
128,5-Feb-06,24:00:00,491.414017,0.052482,226.414017,226.322089,0,0,0.699616
129,6-Feb-06,24:00:00,417.321195,0.053984,154.279529,154.279529,0,0,0.696298
130,7-Feb-06,24:00:00,388.66712,0.059772,125.66712,125.66712,0,0,0.690643
131,8-Feb-06,24:00:00,367.66524,0.061592,105.644407,105.644407,0,0,0.684572
132,9-Feb-06,24:00:00,351.020506,0.06784,89.020506,89.020506,0,0,0.678149
133,10-Feb-06,24:00:00,336.917381,0.066438,74.917381,74.917381,0,0,0.671455
134,11-Feb-06,24:00:00,324.985452,0.075117,62.985452,62.985452,0,0,0.66444
135,12-Feb-06,24:00:00,314.926105,0.069008,52.926105,52.926105,0,0,0.657149
136,13-Feb-06,24:00:00,306.462359,0.073737,44.462359,44.462359,0,0,0.650075
137,14-Feb-06,24:00:00,299.347948,0.087402,37.347948,37.347948,0,0,0.642291
138,15-Feb-06,24:00:00,293.370363,0.064398,31.370363,31.370363,0,0,0.634426
139,16-Feb-06,24:00:00,288.348925,0.049342,26.348925,26.348925,0,0,0.628771
140,17-Feb-06,24:00:00,285.110221,0.05134,22.131055,22.131055,0,0,0.62357
141,18-Feb-06,24:00:00,281.588293,0.032371,18.588293,18.588293,0,0,0.619458
142,19-Feb-06,24:00:00,85.716798,0.059045,15.612631,15.612631,0,0,0.614844
143,20-Feb-06,24:00:00,108.488311,0.073086,13.113311,13.113311,0,0,0.608372
144,21-Feb-06,24:00:00,172.618253,0.067372,11.014086,11.014086,0,0,0.601269
145,22-Feb-06,24:00:00,210.438411,0.073889,9.250911,9.250911,0,0,0.594208
146,23-Feb-06,24:00:00,271.457491,0.077062,7.769991,7.769991,0,0,0.586657
147,24-Feb-06,24:00:00,271.526141,0.083982,6.526141,6.526141,0,0,0.578668
148,25-Feb-06,24:00:00,271.460579,0.093507,5.481412,5.481412,0,0,0.569999
149,26-Feb-06,24:00:00,271.240467,0.043668,5.240467,4.603927,0.289465,0,0.565225
150,27-Feb-06,24:00:00,886.239081,0.028332,835.655747,192.744037,1.769621,0.522997,0.669333
151,28-Feb-06,24:00:00,2430.82,0.030699,2353.49,1702.57,0.888319,1.037585,0.712041
152,1-Mar-06,24:00:00,989.271563,0.036119,829.021563,824.780891,0.424664,0.424664,0.700311
153,2-Mar-06,24:00:00,915.793166,0.040443,700.918166,693.416165,0,0,0.7
154,3-Mar-06,24:00:00,952.336231,0.033425,688.357064,680.156172,0.354764,0.354764,0.700102
155,4-Mar-06,24:00:00,593.720723,0.05829,328.720723,328.151935,0,0,0.7
156,5-Mar-06,24:00:00,1791.50,0.02777,1589.17,1079.86,1.344022,1.190217,0.707884
157,6-Mar-06,24:00:00,1760.33,0.032156,1726.77,1501.20,0.164262,0.318067,0.701124
158,7-Mar-06,24:00:00,609.205336,0.062963,502.830336,502.624099,0,0,0.7
159,8-Mar-06,24:00:00,540.828032,0.074075,279.098865,279.098865,0,0,0.696748
160,9-Mar-06,24:00:00,484.042849,0.056403,220.022016,220.022016,0,0,0.69039
161,10-Mar-06,24:00:00,449.95873,0.029036,185.95873,185.95873,0,0,0.687759
162,11-Mar-06,24:00:00,420.72072,0.049841,157.699886,157.699886,0,0,0.687759
163,12-Mar-06,24:00:00,233.649424,0.044807,133.191091,133.191091,0,0,0.687669
164,13-Mar-06,24:00:00,273.953275,0.037191,271.932442,224.421828,0.615163,0.405513,0.692321
165,14-Mar-06,24:00:00,1423.77,0.057395,1423.77,1232.75,0.457639,0.543151,0.700715
166,15-Mar-06,24:00:00,409.735842,0.04814,409.735842,409.288168,0,0,0.7
167,16-Mar-06,24:00:00,635.386701,0.027823,635.386701,624.520799,0.55819,0.55819,0.701894
168,17-Mar-06,24:00:00,571.534838,0.081995,571.534838,568.611131,0,0,0.7
169,18-Mar-06,24:00:00,248.148329,0.08821,228.564996,228.564996,0,0,0.696864
170,19-Mar-06,24:00:00,323.832797,0.093261,159.895297,159.895297,0,0,0.688422
171,20-Mar-06,24:00:00,301.424281,0.029381,134.424281,132.397771,0.102372,0,0.687874
172,21-Mar-06,24:00:00,277.691085,0.048423,112.649418,112.146912,0,0,0.693682
173,22-Mar-06,24:00:00,259.812736,0.082029,94.812736,94.812736,0,0,0.692397
174,23-Mar-06,24:00:00,244.990214,0.11117,79.990214,79.907114,0.148302,0,0.685584
175,24-Mar-06,24:00:00,665.760066,0.033596,500.760066,487.704887,0.390357,0.330208,0.699946
176,25-Mar-06,24:00:00,848.867485,0.062286,683.867485,673.484489,0.444393,0.444393,0.700215
177,26-Mar-06,24:00:00,479.177161,0.103034,315.156327,314.392127,0,0,0.698896
178,27-Mar-06,24:00:00,304.584425,0.082882,139.605258,139.033216,0.066255,0,0.694179
179,28-Mar-06,24:00:00,299.687376,0.050532,135.666543,132.989098,0.077399,0.034855,0.697833
180,29-Mar-06,24:00:00,315.710862,0.044749,151.710862,150.641267,0.031627,0.031627,0.7
181,30-Mar-06,24:00:00,255.549048,0.042894,90.569882,90.558787,0,0,0.7
182,31-Mar-06,24:00:00,1198.44,0.030147,984.48444,798.649028,0.9589,0.9589,0.704732
183,1-Apr-06,24:00:00,1316.55,0.059978,1051.61,1027.92,0.172407,0.172407,0.70008
184,2-Apr-06,24:00:00,617.307262,0.041299,352.286429,351.519434,0.256162,0.256082,0.7
185,3-Apr-06,24:00:00,1202.07,0.057962,1084.93,1068.13,0.461581,0.461661,0.700786
186,4-Apr-06,24:00:00,561.284533,0.037654,531.492867,527.918596,0.235823,0.235823,0.700144
187,5-Apr-06,24:00:00,498.439556,0.076416,451.83539,448.602786,0.031077,0.031077,0.7
188,6-Apr-06,24:00:00,266.568637,0.065436,219.568637,219.559807,0,0,0.69823
189,7-Apr-06,24:00:00,322.498226,0.063562,275.498226,271.583756,0.347381,0.249653,0.695949
190,8-Apr-06,24:00:00,505.366975,0.071311,399.616975,394.950218,0,0,0.7
191,9-Apr-06,24:00:00,437.236649,0.055221,174.549149,174.548621,0,0,0.69935
192,10-Apr-06,24:00:00,450.632165,0.055739,185.611332,184.051362,0.066519,0.051714,0.699542
193,11-Apr-06,24:00:00,2112.01,0.042097,1847.01,1171.07,1.672876,1.315813,0.713162
194,12-Apr-06,24:00:00,3839.57,0.051209,3638.22,2310.66,0.868987,1.226049,0.730992
195,13-Apr-06,24:00:00,1244.47,0.113069,1099.30,1082.35,0,0,0.698962
196,14-Apr-06,24:00:00,673.595024,0.126222,413.074191,413.074191,0,0,0.690841
197,15-Apr-06,24:00:00,597.838836,0.040862,374.98467,370.468302,0.608546,0.357093,0.688575
198,16-Apr-06,24:00:00,1279.06,0.063087,1176.52,1158.29,0.318022,0.379518,0.700429
199,17-Apr-06,24:00:00,647.300312,0.107115,435.675312,435.526536,0,0,0.699405
200,18-Apr-06,24:00:00,450.638757,0.135022,262.097091,262.097091,0,0,0.691548
201,19-Apr-06,24:00:00,423.429548,0.148844,208.992048,208.992048,0,0,0.677422
202,20-Apr-06,24:00:00,440.923066,0.143191,175.985566,175.985566,0,0,0.662642
203,21-Apr-06,24:00:00,414.740902,0.122147,148.740902,148.740902,0,0,0.649652
204,22-Apr-06,24:00:00,391.398144,0.068501,125.398144,125.398144,0,0,0.639762
205,23-Apr-06,24:00:00,371.517218,0.105833,105.517218,105.517218,0,0,0.631095
206,24-Apr-06,24:00:00,354.700193,0.057864,88.700193,88.700193,0,0,0.622934
207,25-Apr-06,24:00:00,339.549565,0.086359,74.528732,74.528732,0,0,0.615922
208,26-Apr-06,24:00:00,320.754118,0.153807,62.608285,62.608285,0,0,0.603894
209,27-Apr-06,24:00:00,316.464553,0.172662,52.589553,52.589553,0,0,0.587543
210,28-Apr-06,24:00:00,307.193067,0.181005,44.172234,44.172234,0,0,0.569889
211,29-Apr-06,24:00:00,301.080664,0.169049,37.101497,37.101497,0,0,0.552714
212,30-Apr-06,24:00:00,295.162342,0.186894,31.162342,31.162342,0,0,0.534757
213,1-May-06,24:00:00,290.173828,0.182555,26.173828,26.173828,0,0,0.516221
214,2-May-06,24:00:00,285.983849,0.177296,21.983849,21.983849,0,0,0.498147
215,3-May-06,24:00:00,281.485435,0.158036,18.464601,18.464601,0,0,0.48131
216,4-May-06,24:00:00,277.529555,0.116745,15.508722,15.508722,0,0,0.467887
217,5-May-06,24:00:00,278.942695,0.135129,13.026029,13.026029,0,0,0.455526
218,6-May-06,24:00:00,277.91994,0.164195,10.940774,10.940774,0,0,0.440121
219,7-May-06,24:00:00,275.210167,0.184139,9.189334,9.189334,0,0,0.42291
220,8-May-06,24:00:00,273.718274,0.172328,7.718274,7.718274,0,0,0.405678
221,9-May-06,24:00:00,255.836872,0.17826,6.482705,6.482705,0,0,0.390833
222,10-May-06,24:00:00,273.049097,0.178948,5.44493,5.44493,0,0,0.377446
223,11-May-06,24:00:00,260.823285,0.202093,4.573285,4.573285,0,0,0.365241
224,12-May-06,24:00:00,197.17451,0.187051,3.841177,3.841177,0,0,0.353914
225,13-May-06,24:00:00,180.538767,0.194626,3.226267,3.226267,0,0,0.344292
226,14-May-06,24:00:00,179.709794,0.195745,2.709794,2.709794,0,0,0.334743
227,15-May-06,24:00:00,179.276,0.207284,2.276,2.276,0,0,0.325308
228,16-May-06,24:00:00,191.640816,0.207633,1.911649,1.911649,0,0,0.315756
229,17-May-06,24:00:00,208.251459,0.201589,1.605625,1.605625,0,0,0.306666
230,18-May-06,24:00:00,221.077757,0.211622,1.348591,1.348591,0,0,0.297813
231,19-May-06,24:00:00,249.528537,0.115562,1.132703,1.132703,0,0,0.290571
232,20-May-06,24:00:00,266.597209,0.135947,0.951376,0.951376,0,0,0.285685
233,21-May-06,24:00:00,242.319909,0.107853,0.799076,0.799076,0,0,0.280889
234,22-May-06,24:00:00,254.400324,0.104269,0.671157,0.671157,0,0,0.277551
235,23-May-06,24:00:00,230.084549,0.088162,0.563716,0.563716,0,0,0.273872
236,24-May-06,24:00:00,242.202641,0.124659,0.473474,0.473474,0,0,0.269784
237,25-May-06,24:00:00,176.793512,0.164177,0.397679,0.397679,0,0,0.264328
238,26-May-06,24:00:00,177.29235,0.140775,0.334017,0.334017,0,0,0.258474
239,27-May-06,24:00:00,177.280546,0.153052,0.280546,0.280546,0,0,0.253181
240,28-May-06,24:00:00,177.235635,0.164464,0.235635,0.235635,0,0,0.247487
241,29-May-06,24:00:00,177.197914,0.180488,0.197914,0.197914,0,0,0.241565
242,30-May-06,24:00:00,177.166231,0.190338,0.166231,0.166231,0,0,0.235197
243,31-May-06,24:00:00,175.181287,0.189338,0.13962,0.13962,0,0,0.228844
244,1-Jun-06,24:00:00,140.0631,0.158899,0.117269,0.117269,0,0,0.223139
245,2-Jun-06,24:00:00,152.615166,0.134222,0.098496,0.098496,0,0,0.218725
246,3-Jun-06,24:00:00,152.099395,0.20924,0.082729,0.082729,0,0,0.213397
247,4-Jun-06,24:00:00,108.202823,0.181946,0.069485,0.069485,0,0,0.207487
248,5-Jun-06,24:00:00,106.47503,0.204687,0.058362,0.058362,0,0,0.201855
249,6-Jun-06,24:00:00,106.44902,0.215363,0.049019,0.049019,0,0,0.195898
250,7-Jun-06,24:00:00,107.22451,0.212807,0.041172,0.041172,0,0,0.189941
251,8-Jun-06,24:00:00,107.234585,0.195586,0.034581,0.034581,0,0,0.184501
252,9-Jun-06,24:00:00,106.445713,0.201165,0.029045,0.029045,0,0,0.1793
253,10-Jun-06,24:00:00,105.641061,0.200803,0.024395,0.024395,0,0,0.174218
254,11-Jun-06,24:00:00,113.453822,0.17414,0.02049,0.02049,0,0,0.169525
255,12-Jun-06,24:00:00,123.800543,0.092164,0.01721,0.01721,0,0,0.16639
256,13-Jun-06,24:00:00,124.014455,0.090896,0.014455,0.014455,0,0,0.164147
257,14-Jun-06,24:00:00,124.012141,0.157804,0.012141,0.012141,0,0,0.161256
258,15-Jun-06,24:00:00,118.526866,0.202923,0.010197,0.010197,0,0,0.157269
259,16-Jun-06,24:00:00,102.7419,0.232989,0.008565,0.008565,0,0,0.152464
260,17-Jun-06,24:00:00,105.540526,0.223563,0.007194,0.007194,0,0,0.147584
261,18-Jun-06,24:00:00,107.172713,0.222374,0.006042,0.006042,0,0,0.142968
262,19-Jun-06,24:00:00,107.20508,0.190201,0.005075,0.005075,0,0,0.138676
263,20-Jun-06,24:00:00,107.204267,0.232105,0.004263,0.004263,0,0,0.134671
264,21-Jun-06,24:00:00,107.203585,0.226987,0.00358,0.00358,0,0,0.130297
265,22-Jun-06,24:00:00,107.203012,0.219198,0.003007,0.003007,0,0,0.126156
266,23-Jun-06,24:00:00,107.20253,0.227003,0.002526,0.002526,0,0,0.122204
267,24-Jun-06,24:00:00,107.202126,0.231113,0.002121,0.002121,0,0,0.118314
268,25-Jun-06,24:00:00,107.201786,0.234153,0.001782,0.001782,0,0,0.114434
269,26-Jun-06,24:00:00,107.201501,0.231158,0.001497,0.001497,0,0,0.110706
270,27-Jun-06,24:00:00,107.201262,0.216727,0.001257,0.001257,0,0,0.10718
271,28-Jun-06,24:00:00,107.20106,0.179394,0.001056,0.001056,0,0,0.104107
272,29-Jun-06,24:00:00,106.417555,0.230538,0.000887,0.000887,0,0,0.101282
273,30-Jun-06,24:00:00,106.400746,0.185953,0.000745,0.000745,0,0,0.0982
274,1-Jul-06,24:00:00,110.317294,0.232661,0.000626,0.000626,0,0,0.095349
275,2-Jul-06,24:00:00,112.750528,0.231585,0.000525,0.000525,0,0,0.092223
276,3-Jul-06,24:00:00,113.583773,0.213616,0.000441,0.000441,0,0,0.08931
277,4-Jul-06,24:00:00,114.383705,0.208007,0.000371,0.000371,0,0,0.086662
278,5-Jul-06,24:00:00,113.616977,0.186729,0.000311,0.000311,0,0,0.084256
279,6-Jul-06,24:00:00,113.60026,0.193309,0.000261,0.000261,0,0,0.081993
280,7-Jul-06,24:00:00,111.250224,0.206704,0.00022,0.00022,0,0,0.079692
281,8-Jul-06,24:00:00,111.983518,0.225459,0.000184,0.000184,0,0,0.077266
282,9-Jul-06,24:00:00,112.783491,0.229648,0.000155,0.000155,0,0,0.074777
283,10-Jul-06,24:00:00,112.800133,0.214148,0.00013,0.00013,0,0,0.072433
284,11-Jul-06,24:00:00,108.883446,0.213154,0.000109,0.000109,0,0,0.070276
285,12-Jul-06,24:00:00,109.583424,0.202199,0.000092,0.000092,0,0,0.068186
286,13-Jul-06,24:00:00,111.950077,0.19835,0.000077,0.000077,0,0,0.066246
287,14-Jul-06,24:00:00,112.783401,0.216034,0.000065,0.000065,0,0,0.064336
288,15-Jul-06,24:00:00,112.016721,0.212186,0.000054,0.000054,0,0,0.062392
289,16-Jul-06,24:00:00,111.216717,0.219433,0.000046,0.000046,0,0,0.060493
290,17-Jul-06,24:00:00,106.50004,0.228603,0.000038,0.000038,0,0,0.058593
291,18-Jul-06,24:00:00,106.400034,0.243631,0.000032,0.000032,0,0,0.056681
292,19-Jul-06,24:00:00,106.400029,0.197845,0.000027,0.000027,0,0,0.05486
293,20-Jul-06,24:00:00,106.400024,0.227885,0.000023,0.000023,0,0,0.053245
294,21-Jul-06,24:00:00,107.966686,0.180752,0.000019,0.000019,0,0,0.051661
295,22-Jul-06,24:00:00,106.433351,0.204276,0.000016,0.000016,0,0,0.050298
296,23-Jul-06,24:00:00,106.400015,0.181704,0.000013,0.000013,0,0,0.048901
297,24-Jul-06,24:00:00,105.616677,0.203726,0.000011,0.000011,0,0,0.047575
298,25-Jul-06,24:00:00,103.250014,0.051311,0.00001,0.00001,0,0,0.046748
299,26-Jul-06,24:00:00,103.983341,0.229311,0.000008,0.000008,0,0,0.045822
300,27-Jul-06,24:00:00,105.566672,0.216728,0.000007,0.000007,0,0,0.04438
301,28-Jul-06,24:00:00,105.600004,0.196731,0.000006,0.000006,0,0,0.043085
302,29-Jul-06,24:00:00,104.816674,0.188946,0.000005,0.000005,0,0,0.041927
303,30-Jul-06,24:00:00,105.583336,0.208566,0.000004,0.000004,0,0,0.04074
304,31-Jul-06,24:00:00,106.383338,0.195312,0.000003,0.000003,0,0,0.039574
305,1-Aug-06,24:00:00,105.616668,0.190678,0.000003,0.000003,0,0,0.038488
306,2-Aug-06,24:00:00,104.816672,0.195555,0.000002,0.000002,0,0,0.037437
307,3-Aug-06,24:00:00,105.583334,0.201435,0.000002,0.000002,0,0,0.036397
308,4-Aug-06,24:00:00,105.6,0.1868,0.000002,0.000002,0,0,0.035411
309,5-Aug-06,24:00:00,105.6,0.171065,0.000001,0.000001,0,0,0.034499
310,6-Aug-06,24:00:00,104.816671,0.189351,0.000001,0.000001,0,0,0.033628
311,7-Aug-06,24:00:00,105.583333,0.149644,0.000001,0.000001,0,0,0.032828
312,8-Aug-06,24:00:00,104.81667,0.202126,0.000001,0.000001,0,0,0.032022
313,9-Aug-06,24:00:00,105.583333,0.203238,0.000001,0.000001,0,0,0.031096
314,10-Aug-06,24:00:00,104.81667,0.211132,0.000001,0.000001,0,0,0.030186
315,11-Aug-06,24:00:00,106.366669,0.184905,0,0,0,0,0.029335
316,12-Aug-06,24:00:00,107.183338,0.189233,0,0,0,0,0.028563
317,13-Aug-06,24:00:00,107.200005,0.199324,0,0,0,0,0.027796
318,14-Aug-06,24:00:00,107.983334,0.161353,0,0,0,0,0.027077
319,15-Aug-06,24:00:00,108,0.179414,0,0,0,0,0.026425
320,16-Aug-06,24:00:00,107.216671,0.178712,0,0,0,0,0.025752
321,17-Aug-06,24:00:00,107.983334,0.174498,0,0,0,0,0.025105
322,18-Aug-06,24:00:00,107.216671,0.18331,0,0,0,0,0.024474
323,19-Aug-06,24:00:00,107.200005,0.185101,0,0,0,0,0.023842
324,20-Aug-06,24:00:00,107.200005,0.172106,0,0,0,0,0.023241
325,21-Aug-06,24:00:00,107.200005,0.176149,0,0,0,0,0.02267
326,22-Aug-06,24:00:00,107.200005,0.179435,0,0,0,0,0.022098
327,23-Aug-06,24:00:00,107.200005,0.181739,0,0,0,0,0.021536
328,24-Aug-06,24:00:00,107.200005,0.190587,0,0,0,0,0.020976
329,25-Aug-06,24:00:00,107.200005,0.172138,0,0,0,0,0.020432
330,26-Aug-06,24:00:00,107.200005,0.167445,0,0,0,0,0.019941
331,27-Aug-06,24:00:00,107.200005,0.174146,0,0,0,0,0.019459
332,28-Aug-06,24:00:00,107.200005,0.17658,0,0,0,0,0.018977
333,29-Aug-06,24:00:00,106.416668,0.174224,0,0,0,0,0.018514
334,30-Aug-06,24:00:00,111.883333,0.168444,0,0,0,0,0.018057
335,31-Aug-06,24:00:00,108.86667,0.166995,0,0,0,0,0.017625
336,1-Sep-06,24:00:00,107.233338,0.17752,0,0,0,0,0.017204
337,2-Sep-06,24:00:00,108.76667,0.171832,0,0,0,0,0.01678
338,3-Sep-06,24:00:00,108.016667,0.163791,0,0,0,0,0.016381
339,4-Sep-06,24:00:00,107.216671,0.158516,0,0,0,0,0.016004
340,5-Sep-06,24:00:00,100.933336,0.176638,0,0,0,0,0.015629
341,6-Sep-06,24:00:00,103.150005,0.165819,0,0,0,0,0.015246
342,7-Sep-06,24:00:00,105.549999,0.171259,0,0,0,0,0.014885
343,8-Sep-06,24:00:00,107.95,0.127493,0,0,0,0,0.014565
344,9-Sep-06,24:00:00,108,0.141054,0,0,0,0,0.01429
345,10-Sep-06,24:00:00,108,0.152219,0,0,0,0,0.013994
346,11-Sep-06,24:00:00,108,0.151662,0,0,0,0,0.013691
347,12-Sep-06,24:00:00,108.783336,0.162672,0,0,0,0,0.01339
348,13-Sep-06,24:00:00,109.583332,0.163838,0,0,0,0,0.013085
349,14-Sep-06,24:00:00,108.81667,0.153025,0,0,0,0,0.012798
350,15-Sep-06,24:00:00,109.583332,0.115617,0,0,0,0,0.01254
351,16-Sep-06,24:00:00,92.366667,0.131067,0,0,0,0,0.012324
352,17-Sep-06,24:00:00,79.466671,0.149074,0,0,0,0,0.012084
353,18-Sep-06,24:00:00,78.416668,0.149568,0,0,0,0,0.011826
354,19-Sep-06,24:00:00,73.699999,0.139696,0,0,0,0,0.011581
355,20-Sep-06,24:00:00,75.166671,0.140676,0,0,0,0,0.011355
356,21-Sep-06,24:00:00,91.65,0.153486,0,0,0,0,0.011114
357,22-Sep-06,24:00:00,109.233332,0.171209,0,0,0,0,0.010866
358,23-Sep-06,24:00:00,118.216668,0.127362,0,0,0,0,0.010629
359,24-Sep-06,24:00:00,134.066676,0.127509,0,0,0,0,0.010439
360,25-Sep-06,24:00:00,136.750003,0.124547,0,0,0,0,0.010253
361,26-Sep-06,24:00:00,165.000006,0.139394,0,0,0,0,0.010066
362,27-Sep-06,24:00:00,163.249997,0.131402,0,0,0,0,0.00987
363,28-Sep-06,24:00:00,161.633339,0.121961,0,0,0,0,0.009692
364,29-Sep-06,24:00:00,135.749997,0.135368,0,0,0,0,0.009517
365,30-Sep-06,24:00:00,128.933336,0.07362,0,0,0,0,0.009374
366,1-Oct-06,24:00:00,153.475,0.067333,0,0,0,0,0.00928
367,2-Oct-06,24:00:00,153.020833,0.080421,0,0,0,0,0.009181
368,3-Oct-06,24:00:00,171.604167,0.051559,0,0,0,0,0.009096
369,4-Oct-06,24:00:00,197.458333,0.045672,0,0,0,0,0.009031
370,5-Oct-06,24:00:00,171.5625,0.035076,0,0,0,0,0.008978
371,6-Oct-06,24:00:00,157.291667,0.087368,0,0,0,0,0.008903
372,7-Oct-06,24:00:00,158.958333,0.098196,0,0,0,0,0.008783
373,8-Oct-06,24:00:00,159,0.094079,0,0,0,0,0.008662
374,9-Oct-06,24:00:00,158.020833,0.111552,0,0,0,0,0.008539
375,10-Oct-06,24:00:00,162.895833,0.086814,0,0,0,0,0.00842
376,11-Oct-06,24:00:00,184.541667,0.071017,0,0,0,0,0.008326
377,12-Oct-06,24:00:00,201.645833,0.126445,0,0,0,0,0.00821
378,13-Oct-06,24:00:00,202,0.088043,0,0,0,0,0.008082
379,14-Oct-06,24:00:00,201.020833,0.074531,0,0,0,0,0.007989
380,15-Oct-06,24:00:00,201,0.074718,0,0,0,0,0.007905
381,16-Oct-06,24:00:00,202.958333,0.09627,0,0,0,0,0.007807
382,17-Oct-06,24:00:00,198.104167,0.080921,0,0,0,0,0.007708
383,18-Oct-06,24:00:00,200.9375,0.080882,0,0,0,0,0.007619
384,19-Oct-06,24:00:00,198.0625,0.080502,0,0,0,0,0.007531
385,20-Oct-06,24:00:00,205.833333,0.08415,0,0,0,0,0.007443
386,21-Oct-06,24:00:00,204.041667,0.074268,0,0,0,0,0.007359
387,22-Oct-06,24:00:00,205.958333,0.088541,0,0,0,0,0.007276
388,23-Oct-06,24:00:00,206.979167,0.081758,0,0,0,0,0.007187
389,24-Oct-06,24:00:00,201.125,0.073855,0,0,0,0,0.007107
390,25-Oct-06,24:00:00,204.916667,0.043052,0,0,0,0,0.00705
391,26-Oct-06,24:00:00,197.166667,0.064804,0,0,0,0,0.006993
392,27-Oct-06,24:00:00,149.020833,0.065343,0,0,0,0,0.006929
393,28-Oct-06,24:00:00,150.9375,0.066585,0,0,0,0,0.006864
394,29-Oct-06,24:00:00,150.020833,0.065682,0,0,0,0,0.006799
395,30-Oct-06,24:00:00,150.979167,0.050107,0,0,0,0,0.006745
396,31-Oct-06,24:00:00,125.541667,0.038975,0,0,0,0,0.006702
397,1-Nov-06,24:00:00,47.645833,0.030291,0,0,0,0,0.006669
398,2-Nov-06,24:00:00,56.483231,0.030417,12.441564,0,0.549433,0,0.038719
399,3-Nov-06,24:00:00,44.152548,0.035992,1.131714,0,0,0,0.061596
400,4-Nov-06,24:00:00,43,0.046039,0,0,0,0,0.061596
401,5-Nov-06,24:00:00,44.958333,0.034466,0,0,0,0,0.061448
402,6-Nov-06,24:00:00,44.020833,0.075241,0,0,0,0,0.060967
403,7-Nov-06,24:00:00,45.958333,0.036686,0,0,0,0,0.060488
404,8-Nov-06,24:00:00,45.020833,0.072974,0,0,0,0,0.060018
405,9-Nov-06,24:00:00,45,0.055698,0,0,0,0,0.059457
406,10-Nov-06,24:00:00,45,0.042504,0,0,0,0,0.059042
407,11-Nov-06,24:00:00,52.504002,0.058113,7.504002,0,0.307413,0,0.086334
408,12-Nov-06,24:00:00,45.319146,0.042537,0.319146,0,0.241325,0,0.091027
409,13-Nov-06,24:00:00,71.127301,0.017996,26.127301,0,1.174449,0,0.172835
410,14-Nov-06,24:00:00,53.618195,0.054465,8.618195,0,0,0,0.231174
411,15-Nov-06,24:00:00,45.001257,0.040518,0.001257,0,0,0,0.231174
412,16-Nov-06,24:00:00,49.061308,0.017178,4.061308,0,0.168851,0,0.244792
413,17-Nov-06,24:00:00,45.110007,0.026473,0.110007,0,0,0,0.248059
414,18-Nov-06,24:00:00,44.020833,0.033614,0,0,0,0,0.248059
415,19-Nov-06,24:00:00,44.979167,0.028808,0,0,0,0,0.248059
416,20-Nov-06,24:00:00,45,0.019001,0,0,0,0,0.247794
417,21-Nov-06,24:00:00,45,0.036362,0,0,0,0,0.246828
418,22-Nov-06,24:00:00,43.635313,0.028171,0.593647,0,0.060968,0,0.247144
419,23-Nov-06,24:00:00,45.870847,0.049183,0.912514,0,0,0,0.251561
420,24-Nov-06,24:00:00,45.979167,0.042419,0,0,0,0,0.251561
421,25-Nov-06,24:00:00,46,0.033543,0,0,0,0,0.251129
422,26-Nov-06,24:00:00,58.155438,0.0106,13.134604,0,0.716321,0,0.281299
423,27-Nov-06,24:00:00,50.06612,0.026282,5.06612,0,0.020689,0,0.324266
424,28-Nov-06,24:00:00,45.006488,0.025142,0.006488,0,0,0,0.324309
425,29-Nov-06,24:00:00,45,0.032248,0,0,0,0,0.324309
426,30-Nov-06,24:00:00,45,0.035848,0,0,0,0,0.323896
427,1-Dec-06,24:00:00,45,0.038216,0,0,0,0,0.322514
428,2-Dec-06,24:00:00,17.583333,0.036903,0,0,0,0,0.320791
429,3-Dec-06,24:00:00,0.84375,0.042306,0,0,0,0,0.318987
430,4-Dec-06,24:00:00,0.509792,0.038125,0,0,0,0,0.317137
431,5-Dec-06,24:00:00,0.010625,0.04454,0,0,0,0,0.315288
432,6-Dec-06,24:00:00,0,0.039387,0,0,0,0,0.313387
433,7-Dec-06,24:00:00,0.489583,0.034488,0,0,0,0,0.311741
434,8-Dec-06,24:00:00,28.40977,0.042927,0.00352,0,0.025872,0,0.310138
435,9-Dec-06,24:00:00,81.895233,0.018922,10.791066,0,0.846616,0,0.338689
436,10-Dec-06,24:00:00,97.752837,0.020004,15.96117,0,0.219382,0,0.41287
437,11-Dec-06,24:00:00,235.198656,0.016086,142.427823,0,1.185142,0,0.439957
438,12-Dec-06,24:00:00,415.761227,0.019269,268.90706,0,0.14569,0,0.544443
439,13-Dec-06,24:00:00,212.141188,0.015103,13.224521,0,0.502248,0,0.586689
440,14-Dec-06,24:00:00,263.832584,0.019565,3.124251,0,0.288685,0,0.609908
441,15-Dec-06,24:00:00,266.877185,0.048601,4.877185,0,0,0,0.630461
442,16-Dec-06,24:00:00,226.754904,0.0314,0.004904,0,0,0,0.630461
443,17-Dec-06,24:00:00,116.333333,0.030652,0,0,0,0,0.630001
444,18-Dec-06,24:00:00,59.166667,0.029742,0,0,0,0,0.627897
445,19-Dec-06,24:00:00,123.604167,0.030282,0,0,0,0,0.624908
446,20-Dec-06,24:00:00,155.354167,0.025074,0,0,0,0,0.622108
447,21-Dec-06,24:00:00,884.849047,0.009811,650.515714,243.80382,1.082785,0.291592,0.674774
448,22-Dec-06,24:00:00,480.522306,0.0256,217.105639,204.058372,0,0,0.7
449,23-Dec-06,24:00:00,289.656895,0.020737,54.052728,54.052728,0,0,0.7
450,24-Dec-06,24:00:00,258.723115,0.024322,30.577281,30.577281,0,0,0.7
451,25-Dec-06,24:00:00,244.993083,0.042601,24.826416,24.826416,0,0,0.699502
452,26-Dec-06,24:00:00,3202.85,0.029241,2993.62,686.591369,1.196481,1.016737,0.707391
453,27-Dec-06,24:00:00,2325.35,0.06229,2080.13,1476.16,0.297748,0.456851,0.704957
454,28-Dec-06,24:00:00,572.698865,0.031757,401.115532,401.038295,0,0,0.7
455,29-Dec-06,24:00:00,314.682936,0.031139,183.849603,183.849603,0,0,0.698968
456,30-Dec-06,24:00:00,275.039406,0.028337,139.164406,139.164406,0,0,0.696408
457,31-Dec-06,24:00:00,263.875262,0.025166,118.083596,118.083596,0,0,0.693742
458,1-Jan-07,24:00:00,252.622945,0.032582,100.747945,100.747945,0,0,0.690813
459,2-Jan-07,24:00:00,237.382356,0.036214,85.382356,85.382356,0,0,0.687344
460,3-Jan-07,24:00:00,378.6645,0.012749,225.685334,219.736086,0.41949,0.26891,0.690942
461,4-Jan-07,24:00:00,475.876216,0.03138,317.980382,313.566476,0,0,0.7
462,5-Jan-07,24:00:00,270.415402,0.039114,110.457068,110.457068,0,0,0.7
463,6-Jan-07,24:00:00,236.28009,0.027193,72.363423,72.363423,0,0,0.7
464,7-Jan-07,24:00:00,222.15111,0.040593,59.130277,59.130277,0,0,0.698121
465,8-Jan-07,24:00:00,205.181965,0.036641,50.015298,50.015298,0,0,0.694335
466,9-Jan-07,24:00:00,198.273051,0.035215,42.293884,42.293884,0,0,0.69077
467,10-Jan-07,24:00:00,196.549515,0.039226,35.653682,35.653682,0,0,0.687342
468,11-Jan-07,24:00:00,190.019029,0.031929,29.998196,29.998196,0,0,0.683644
469,12-Jan-07,24:00:00,185.215804,0.044622,25.215804,25.215804,0,0,0.679731
470,13-Jan-07,24:00:00,180.207401,0.029678,21.186568,21.186568,0,0,0.675938
471,14-Jan-07,24:00:00,176.797683,0.03186,17.797683,17.797683,0,0,0.672871
472,15-Jan-07,24:00:00,173.949574,0.033596,14.949574,14.949574,0,0,0.669599
473,16-Jan-07,24:00:00,171.556763,0.034976,12.556763,12.556763,0,0,0.666194
474,17-Jan-07,24:00:00,168.567599,0.037964,10.546766,10.546766,0,0,0.662522
475,18-Jan-07,24:00:00,166.858451,0.040669,8.858451,8.858451,0,0,0.658615
476,19-Jan-07,24:00:00,168.377875,0.049823,7.440375,7.440375,0,0,0.654193
477,20-Jan-07,24:00:00,167.249299,0.055639,6.249299,6.249299,0,0,0.648944
478,21-Jan-07,24:00:00,166.24889,0.042301,5.24889,5.24889,0,0,0.643898
479,22-Jan-07,24:00:00,161.491962,0.042146,4.408629,4.408629,0,0,0.63968
480,23-Jan-07,24:00:00,163.640379,0.043455,3.702879,3.702879,0,0,0.635406
481,24-Jan-07,24:00:00,160.172609,0.047509,3.110109,3.110109,0,0,0.630923
482,25-Jan-07,24:00:00,158.633064,0.041886,2.612231,2.612231,0,0,0.626384
483,26-Jan-07,24:00:00,157.214888,0.025745,2.194055,2.194055,0,0,0.622978
484,27-Jan-07,24:00:00,155.863656,0.037674,1.842822,1.842822,0,0,0.619788
485,28-Jan-07,24:00:00,160.44365,0.047295,1.547817,1.547817,0,0,0.615655
486,29-Jan-07,24:00:00,156.38337,0.053306,1.300036,1.300036,0,0,0.610593
487,30-Jan-07,24:00:00,160.008588,0.052577,1.091922,1.091922,0,0,0.605311
488,31-Jan-07,24:00:00,160.896289,0.0339,0.917123,0.917123,0,0,0.601032
489,1-Feb-07,24:00:00,159.79114,0.031621,0.770306,0.770306,0,0,0.597737
490,2-Feb-07,24:00:00,158.667826,0.036118,0.646993,0.646993,0,0,0.594388
491,3-Feb-07,24:00:00,159.522586,0.045836,0.54342,0.54342,0,0,0.590212
492,4-Feb-07,24:00:00,160.435594,0.052785,0.456427,0.456427,0,0,0.585237
493,5-Feb-07,24:00:00,160.38336,0.066684,0.38336,0.38336,0,0,0.579551
494,6-Feb-07,24:00:00,160.321991,0.051167,0.321991,0.321991,0,0,0.573454
495,7-Feb-07,24:00:00,219.400038,0.019798,102.483371,0.270445,0.899238,0,0.602082
496,8-Feb-07,24:00:00,965.539075,0.023737,915.143242,160.729312,1.022271,0.482933,0.678035
497,9-Feb-07,24:00:00,3326.30,0.025477,3277.30,1640.26,0.977536,1.123355,0.707971
498,10-Feb-07,24:00:00,2030.43,0.025967,1981.43,1946.96,1.333435,1.333435,0.710742
499,11-Feb-07,24:00:00,1228.46,0.047709,1204.92,1199.00,0,0,0.7
500,12-Feb-07,24:00:00,740.59071,0.018171,680.382376,673.348851,0.381872,0.381872,0.701052
501,13-Feb-07,24:00:00,700.011815,0.04986,582.220148,579.819361,0,0,0.7
502,14-Feb-07,24:00:00,448.208262,0.063651,294.937429,294.937429,0,0,0.699514
503,15-Feb-07,24:00:00,376.485635,0.074272,224.443969,224.443969,0,0,0.6951
504,16-Feb-07,24:00:00,340.924238,0.06852,187.945071,187.945071,0,0,0.687845
505,17-Feb-07,24:00:00,315.909032,0.079601,158.992365,158.992365,0,0,0.68057
506,18-Feb-07,24:00:00,293.140112,0.073609,134.181779,134.181779,0,0,0.672895
507,19-Feb-07,24:00:00,270.995499,0.073826,112.974666,112.974666,0,0,0.665544
508,20-Feb-07,24:00:00,252.995908,0.033245,94.995908,94.995908,0,0,0.660186
509,21-Feb-07,24:00:00,274.57295,0.025393,117.552117,109.261757,0.704596,0.218478,0.668633
510,22-Feb-07,24:00:00,3085.96,0.047614,2932.88,1358.73,0.805263,0.867896,0.708522
511,23-Feb-07,24:00:00,678.900794,0.039886,528.838294,515.490941,0,0,0.7
512,24-Feb-07,24:00:00,692.748375,0.024476,573.102542,378.463118,0.603349,0.506969,0.70236
513,25-Feb-07,24:00:00,2005.52,0.047461,1958.97,1341.18,0.451403,0.547783,0.700514
514,26-Feb-07,24:00:00,1432.59,0.02428,1387.59,1368.35,0.879049,0.879049,0.700341
515,27-Feb-07,24:00:00,1001.47,0.02202,945.703352,938.608547,0.177374,0.177374,0.7
516,28-Feb-07,24:00:00,568.50055,0.042269,462.56305,461.576825,0.009953,0.009953,0.7
517,1-Mar-07,24:00:00,430.823865,0.026411,277.803031,277.767035,0,0,0.7
518,2-Mar-07,24:00:00,370.893603,0.075618,218.851936,218.851936,0,0,0.699209
519,3-Mar-07,24:00:00,339.286127,0.090356,184.348627,184.348627,0,0,0.693457
520,4-Mar-07,24:00:00,310.034737,0.091162,156.013904,156.013904,0,0,0.684391
521,5-Mar-07,24:00:00,285.635123,0.072902,131.635123,131.635123,0,0,0.676215
522,6-Mar-07,24:00:00,264.80907,0.0991,110.80907,110.80907,0,0,0.667604
523,7-Mar-07,24:00:00,211.915532,0.041045,93.165532,93.165532,0,0,0.660461
524,8-Mar-07,24:00:00,228.599497,0.081736,78.286997,78.286997,0,0,0.654379
525,9-Mar-07,24:00:00,149.205293,0.03993,65.767793,65.767793,0,0,0.648364
526,10-Mar-07,24:00:00,98.077673,0.105322,55.24434,55.24434,0,0,0.64121
527,11-Mar-07,24:00:00,88.402424,0.123579,46.402424,46.402424,0,0,0.629872
528,12-Mar-07,24:00:00,80.974815,0.122582,38.974815,38.974815,0,0,0.617451
529,13-Mar-07,24:00:00,74.735825,0.116656,32.735825,32.735825,0,0,0.605398
530,14-Mar-07,24:00:00,70.474607,0.119889,27.495441,27.495441,0,0,0.59375
531,15-Mar-07,24:00:00,66.0939,0.10407,23.0939,23.0939,0,0,0.582269
532,16-Mar-07,24:00:00,61.417788,0.123902,19.396954,19.396954,0,0,0.571099
533,17-Mar-07,24:00:00,58.291821,0.131401,16.291821,16.291821,0,0,0.558453
534,18-Mar-07,24:00:00,56.662934,0.118244,13.683767,13.683767,0,0,0.545816
535,19-Mar-07,24:00:00,53.514052,0.089777,11.493219,11.493219,0,0,0.535289
536,20-Mar-07,24:00:00,49.695008,0.094912,9.653341,9.653341,0,0,0.526396
537,21-Mar-07,24:00:00,52.024665,0.110555,8.107998,8.107998,0,0,0.515842
538,22-Mar-07,24:00:00,48.851706,0.108781,6.810039,6.810039,0,0,0.504898
539,23-Mar-07,24:00:00,47.719863,0.122478,5.719863,5.719863,0,0,0.493281
540,24-Mar-07,24:00:00,47.783372,0.133939,4.804206,4.804206,0,0,0.480602
541,25-Mar-07,24:00:00,47.03513,0.071391,4.03513,4.03513,0,0,0.470002
542,26-Mar-07,24:00:00,53.706261,0.053204,10.706261,3.389172,0.345733,0,0.483781
543,27-Mar-07,24:00:00,47.070589,0.081846,4.070589,2.846621,0,0,0.500806
544,28-Mar-07,24:00:00,76.724258,0.111403,2.390924,2.390924,0,0,0.496276
545,29-Mar-07,24:00:00,88.758177,0.123029,2.008177,2.008177,0,0,0.485146
546,30-Mar-07,24:00:00,73.020034,0.1398,1.686701,1.686701,0,0,0.472176
547,31-Mar-07,24:00:00,51.854188,0.138536,1.416688,1.416688,0,0,0.458084
548,1-Apr-07,24:00:00,43.356566,0.131657,1.189899,1.189899,0,0,0.444587
549,2-Apr-07,24:00:00,42.999416,0.132753,0.999416,0.999416,0,0,0.431342
550,3-Apr-07,24:00:00,41.860259,0.136083,0.839425,0.839425,0,0,0.418003
551,4-Apr-07,24:00:00,43.663381,0.123052,0.705047,0.705047,0,0,0.405542
552,5-Apr-07,24:00:00,43.592181,0.152471,0.592181,0.592181,0,0,0.394035
553,6-Apr-07,24:00:00,43.497382,0.151877,0.497382,0.497382,0,0,0.382148
554,7-Apr-07,24:00:00,42.438593,0.089118,0.417759,0.417759,0,0,0.373747
555,8-Apr-07,24:00:00,42.350883,0.135322,0.350883,0.350883,0,0,0.366483
556,9-Apr-07,24:00:00,42.294712,0.126964,0.294712,0.294712,0,0,0.358578
557,10-Apr-07,24:00:00,42.247534,0.131834,0.247534,0.247534,0,0,0.35166
558,11-Apr-07,24:00:00,81.569674,0.071035,8.23634,0.207908,0.348575,0,0.370652
559,12-Apr-07,24:00:00,74.757437,0.116276,0.757437,0.174625,0,0,0.381996
560,13-Apr-07,24:00:00,66.313337,0.135629,0.14667,0.14667,0,0,0.375629
561,14-Apr-07,24:00:00,69.060691,0.088644,0.123191,0.123191,0,0,0.368452
562,15-Apr-07,24:00:00,58.332637,0.12985,0.10347,0.10347,0,0,0.361563
563,16-Apr-07,24:00:00,53.191073,0.161637,0.086906,0.086906,0,0,0.353743
564,17-Apr-07,24:00:00,53.072994,0.105536,0.072994,0.072994,0,0,0.346608
565,18-Apr-07,24:00:00,53.061309,0.108614,0.061309,0.061309,0,0,0.341337
566,19-Apr-07,24:00:00,52.072328,0.056605,0.051494,0.051494,0,0,0.337295
567,20-Apr-07,24:00:00,53.022418,0.121131,0.043251,0.043251,0,0,0.333174
568,21-Apr-07,24:00:00,117.703195,0.035647,64.703195,0.036327,1.517715,0,0.363146
569,22-Apr-07,24:00:00,159.700573,0.096605,99.846406,0.030512,0,0,0.481091
570,23-Apr-07,24:00:00,86.476617,0.14424,0.039117,0.025627,0,0,0.474418
571,24-Apr-07,24:00:00,88.000692,0.146776,0.021525,0.021525,0,0,0.459956
572,25-Apr-07,24:00:00,88.018079,0.134828,0.018079,0.018079,0,0,0.445956
573,26-Apr-07,24:00:00,88.015185,0.149493,0.015185,0.015185,0,0,0.431555
574,27-Apr-07,24:00:00,88.012754,0.169448,0.012754,0.012754,0,0,0.415846
575,28-Apr-07,24:00:00,87.031546,0.169611,0.010712,0.010712,0,0,0.400236
576,29-Apr-07,24:00:00,87.008997,0.168835,0.008997,0.008997,0,0,0.386552
577,30-Apr-07,24:00:00,87.986724,0.183951,0.007557,0.007557,0,0,0.374128
578,1-May-07,24:00:00,88.006347,0.077826,0.006347,0.006347,0,0,0.36502
579,2-May-07,24:00:00,88.005331,0.097865,0.005331,0.005331,0,0,0.362518
580,3-May-07,24:00:00,88.086884,0.096278,0.086884,0.004478,0.06834,0,0.359408
581,4-May-07,24:00:00,89.606358,0.119044,1.606358,0.003761,0,0,0.36291
582,5-May-07,24:00:00,88.006441,0.147492,0.006441,0.003159,0,0,0.358026
583,6-May-07,24:00:00,88.002653,0.180846,0.002653,0.002653,0,0,0.349403
584,7-May-07,24:00:00,85.064728,0.18594,0.002228,0.002228,0,0,0.34025
585,8-May-07,24:00:00,87.939372,0.187545,0.001872,0.001872,0,0,0.331352
586,9-May-07,24:00:00,88.980739,0.181129,0.001572,0.001572,0,0,0.322696
587,10-May-07,24:00:00,88.022154,0.143517,0.00132,0.00132,0,0,0.315471
588,11-May-07,24:00:00,98.771942,0.171771,0.001109,0.001109,0,0,0.308302
589,12-May-07,24:00:00,89.209265,0.101772,0.000932,0.000932,0,0,0.302349
590,13-May-07,24:00:00,89.979949,0.174614,0.000782,0.000782,0,0,0.296435
591,14-May-07,24:00:00,89.02149,0.188707,0.000657,0.000657,0,0,0.28887
592,15-May-07,24:00:00,108.583885,0.18554,0.000552,0.000552,0,0,0.281195
593,16-May-07,24:00:00,130.54213,0.179125,0.000464,0.000464,0,0,0.274013
594,17-May-07,24:00:00,131.000389,0.187728,0.000389,0.000389,0,0,0.266936
595,18-May-07,24:00:00,130.02116,0.181906,0.000327,0.000327,0,0,0.259939
596,19-May-07,24:00:00,130.000275,0.180088,0.000275,0.000275,0,0,0.253347
597,20-May-07,24:00:00,130.000231,0.175296,0.000231,0.000231,0,0,0.246789
598,21-May-07,24:00:00,125.10436,0.183891,0.000194,0.000194,0,0,0.240702
599,22-May-07,24:00:00,130.875163,0.188028,0.000163,0.000163,0,0,0.234302
600,23-May-07,24:00:00,127.08347,0.190406,0.000137,0.000137,0,0,0.228041
601,24-May-07,24:00:00,117.208448,0.196121,0.000115,0.000115,0,0,0.22184
602,25-May-07,24:00:00,117.979263,0.203581,0.000096,0.000096,0,0,0.21564
603,26-May-07,24:00:00,117.020914,0.192928,0.000081,0.000081,0,0,0.209539
604,27-May-07,24:00:00,117.979235,0.186974,0.000068,0.000068,0,0,0.203945
605,28-May-07,24:00:00,117.02089,0.203238,0.000057,0.000057,0,0,0.198386
606,29-May-07,24:00:00,117.000048,0.190213,0.000048,0.000048,0,0,0.192878
607,30-May-07,24:00:00,125.81254,0.14299,0.00004,0.00004,0,0,0.188259
608,31-May-07,24:00:00,130.895867,0.150114,0.000034,0.000034,0,0,0.184479
609,1-Jun-07,24:00:00,104.562528,0.193111,0.000028,0.000028,0,0,0.179944
610,2-Jun-07,24:00:00,103.216695,0.194117,0.000024,0.000024,0,0,0.175049
611,3-Jun-07,24:00:00,103.200025,0.193373,0.00002,0.00002,0,0,0.170209
612,4-Jun-07,24:00:00,102.416685,0.137867,0.000017,0.000017,0,0,0.166143
613,5-Jun-07,24:00:00,103.183352,0.174133,0.000014,0.000014,0,0,0.1625
614,6-Jun-07,24:00:00,102.41668,0.135205,0.000012,0.000012,0,0,0.158993
615,7-Jun-07,24:00:00,103.183348,0.183175,0.00001,0.00001,0,0,0.155444
616,8-Jun-07,24:00:00,103.983342,0.193842,0.000008,0.000008,0,0,0.151334
617,9-Jun-07,24:00:00,103.216678,0.202266,0.000007,0.000007,0,0,0.147092
618,10-Jun-07,24:00:00,103.20001,0.19046,0.000006,0.000006,0,0,0.143059
619,11-Jun-07,24:00:00,103.983338,0.200614,0.000005,0.000005,0,0,0.139106
620,12-Jun-07,24:00:00,104.000004,0.218125,0.000004,0.000004,0,0,0.13503
621,13-Jun-07,24:00:00,104.000004,0.227383,0.000004,0.000004,0,0,0.130779
622,14-Jun-07,24:00:00,104.000003,0.223491,0.000003,0.000003,0,0,0.126626
623,15-Jun-07,24:00:00,104.000002,0.220788,0.000002,0.000002,0,0,0.122641
624,16-Jun-07,24:00:00,103.216673,0.20725,0.000002,0.000002,0,0,0.118958
625,17-Jun-07,24:00:00,103.983335,0.20768,0.000002,0.000002,0,0,0.115459
626,18-Jun-07,24:00:00,104.000001,0.217771,0.000001,0.000001,0,0,0.112001
627,19-Jun-07,24:00:00,104.000001,0.209562,0.000001,0.000001,0,0,0.108652
628,20-Jun-07,24:00:00,101.65,0.171225,0.000001,0.000001,0,0,0.105763
629,21-Jun-07,24:00:00,101.599999,0.216097,0.000001,0.000001,0,0,0.102855
630,22-Jun-07,24:00:00,103.166672,0.20672,0.000001,0.000001,0,0,0.099772
631,23-Jun-07,24:00:00,103.200005,0.216708,0.000001,0.000001,0,0,0.096843
632,24-Jun-07,24:00:00,102.416669,0.198516,0.000001,0.000001,0,0,0.093947
633,25-Jun-07,24:00:00,101.616666,0.208065,0,0,0,0,0.09127
634,26-Jun-07,24:00:00,103.95,0.22187,0,0,0,0,0.088526
635,27-Jun-07,24:00:00,104,0.222043,0,0,0,0,0.085762
636,28-Jun-07,24:00:00,104,0.189562,0,0,0,0,0.08323
637,29-Jun-07,24:00:00,103.216671,0.176194,0,0,0,0,0.081095
638,30-Jun-07,24:00:00,103.200005,0.198642,0,0,0,0,0.07896
639,1-Jul-07,24:00:00,103.983334,0.210017,0,0,0,0,0.076724
640,2-Jul-07,24:00:00,104,0.211786,0,0,0,0,0.074431
641,3-Jul-07,24:00:00,104.783336,0.222109,0,0,0,0,0.072139
642,4-Jul-07,24:00:00,101.666665,0.230356,0,0,0,0,0.069841
643,5-Jul-07,24:00:00,103.95,0.234072,0,0,0,0,0.067556
644,6-Jul-07,24:00:00,104.783336,0.226862,0,0,0,0,0.065379
645,7-Jul-07,24:00:00,104.800003,0.208995,0,0,0,0,0.063356
646,8-Jul-07,24:00:00,104.016667,0.227737,0,0,0,0,0.061428
647,9-Jul-07,24:00:00,104,0.212973,0,0,0,0,0.059527
648,10-Jul-07,24:00:00,104,0.217457,0,0,0,0,0.057728
649,11-Jul-07,24:00:00,104,0.175434,0,0,0,0,0.056082
650,12-Jul-07,24:00:00,103.216671,0.187661,0,0,0,0,0.05465
651,13-Jul-07,24:00:00,103.983333,0.189958,0,0,0,0,0.053188
652,14-Jul-07,24:00:00,104,0.215335,0,0,0,0,0.05172
653,15-Jul-07,24:00:00,104,0.208819,0,0,0,0,0.05014
654,16-Jul-07,24:00:00,104,0.194128,0,0,0,0,0.048725
655,17-Jul-07,24:00:00,104,0.169818,0,0,0,0,0.047435
656,18-Jul-07,24:00:00,104,0.13357,0,0,0,0,0.046442
657,19-Jul-07,24:00:00,104,0.187703,0,0,0,0,0.045391
658,20-Jul-07,24:00:00,104,0.189471,0,0,0,0,0.044178
659,21-Jul-07,24:00:00,103.216671,0.198274,0,0,0,0,0.042974
660,22-Jul-07,24:00:00,103.200005,0.215741,0,0,0,0,0.04173
661,23-Jul-07,24:00:00,103.983333,0.225013,0,0,0,0,0.040437
662,24-Jul-07,24:00:00,103.216671,0.209223,0,0,0,0,0.03919
663,25-Jul-07,24:00:00,103.200005,0.197236,0,0,0,0,0.03806
664,26-Jul-07,24:00:00,103.200005,0.204455,0,0,0,0,0.03699
665,27-Jul-07,24:00:00,103.200005,0.205563,0,0,0,0,0.035921
666,28-Jul-07,24:00:00,103.200005,0.216253,0,0,0,0,0.034857
667,29-Jul-07,24:00:00,103.983333,0.211435,0,0,0,0,0.033812
668,30-Jul-07,24:00:00,104,0.216798,0,0,0,0,0.032792
669,31-Jul-07,24:00:00,104,0.225157,0,0,0,0,0.031776
670,1-Aug-07,24:00:00,103.216671,0.218693,0,0,0,0,0.030779
671,2-Aug-07,24:00:00,103.200005,0.204842,0,0,0,0,0.029854
672,3-Aug-07,24:00:00,103.200005,0.207062,0,0,0,0,0.028988
673,4-Aug-07,24:00:00,103.983333,0.206949,0,0,0,0,0.028143
674,5-Aug-07,24:00:00,104.783336,0.172711,0,0,0,0,0.027376
675,6-Aug-07,24:00:00,104.016667,0.13674,0,0,0,0,0.026791
676,7-Aug-07,24:00:00,104,0.160445,0,0,0,0,0.026227
677,8-Aug-07,24:00:00,104.783336,0.186774,0,0,0,0,0.025577
678,9-Aug-07,24:00:00,104.800003,0.194223,0,0,0,0,0.024894
679,10-Aug-07,24:00:00,104.016667,0.195092,0,0,0,0,0.02421
680,11-Aug-07,24:00:00,104,0.181229,0,0,0,0,0.023562
681,12-Aug-07,24:00:00,104,0.181242,0,0,0,0,0.022963
682,13-Aug-07,24:00:00,104,0.182113,0,0,0,0,0.022371
683,14-Aug-07,24:00:00,103.216671,0.183253,0,0,0,0,0.021795
684,15-Aug-07,24:00:00,103.200005,0.192167,0,0,0,0,0.021219
685,16-Aug-07,24:00:00,103.200005,0.176678,0,0,0,0,0.02067
686,17-Aug-07,24:00:00,102.416668,0.18389,0,0,0,0,0.020144
687,18-Aug-07,24:00:00,103.966667,0.176517,0,0,0,0,0.019625
688,19-Aug-07,24:00:00,104,0.136294,0,0,0,0,0.01919
689,20-Aug-07,24:00:00,104,0.190416,0,0,0,0,0.018752
690,21-Aug-07,24:00:00,103.216671,0.191337,0,0,0,0,0.018245
691,22-Aug-07,24:00:00,103.983333,0.178458,0,0,0,0,0.017765
692,23-Aug-07,24:00:00,104,0.189787,0,0,0,0,0.017308
693,24-Aug-07,24:00:00,104,0.185842,0,0,0,0,0.016854
694,25-Aug-07,24:00:00,103.216671,0.173711,0,0,0,0,0.016419
695,26-Aug-07,24:00:00,103.983333,0.170895,0,0,0,0,0.016019
696,27-Aug-07,24:00:00,103.216671,0.176236,0,0,0,0,0.015625
697,28-Aug-07,24:00:00,103.200005,0.183701,0,0,0,0,0.015227
698,29-Aug-07,24:00:00,103.200005,0.186052,0,0,0,0,0.014833
699,30-Aug-07,24:00:00,103.200005,0.19378,0,0,0,0,0.014434
700,31-Aug-07,24:00:00,104.76667,0.1766,0,0,0,0,0.014055
701,1-Sep-07,24:00:00,104.800003,0.188315,0,0,0,0,0.013698
702,2-Sep-07,24:00:00,104.800003,0.178436,0,0,0,0,0.013341
703,3-Sep-07,24:00:00,104.800003,0.189859,0,0,0,0,0.012997
704,4-Sep-07,24:00:00,104.800003,0.155532,0,0,0,0,0.012674
705,5-Sep-07,24:00:00,104.016667,0.160052,0,0,0,0,0.012393
706,6-Sep-07,24:00:00,104,0.187509,0,0,0,0,0.012092
707,7-Sep-07,24:00:00,104.783336,0.118256,0,0,0,0,0.011828
708,8-Sep-07,24:00:00,104.800003,0.151492,0,0,0,0,0.011599
709,9-Sep-07,24:00:00,104.016667,0.152483,0,0,0,0,0.011351
710,10-Sep-07,24:00:00,104.783336,0.150141,0,0,0,0,0.011109
711,11-Sep-07,24:00:00,104.016667,0.150284,0,0,0,0,0.010871
712,12-Sep-07,24:00:00,104,0.127651,0,0,0,0,0.010658
713,13-Sep-07,24:00:00,104,0.117663,0,0,0,0,0.010468
714,14-Sep-07,24:00:00,104,0.117474,0,0,0,0,0.010295
715,15-Sep-07,24:00:00,104.783336,0.085968,0,0,0,0,0.010145
716,16-Sep-07,24:00:00,89.916665,0.13737,0,0,0,0,0.00999
717,17-Sep-07,24:00:00,73.150003,0.141338,0,0,0,0,0.009791
718,18-Sep-07,24:00:00,71.233338,0.139257,0,0,0,0,0.009598
719,19-Sep-07,24:00:00,71.200005,0.11437,0,0,0,0,0.009418
720,20-Sep-07,24:00:00,71.200005,0.1017,0,0,0,0,0.009279
721,21-Sep-07,24:00:00,71.200005,0.115994,0,0,0,0,0.009133
722,22-Sep-07,24:00:00,71.200005,0.052715,0,0,0,0,0.009021
723,23-Sep-07,24:00:00,71.200005,0.111941,0,0,0,0,0.008919
724,24-Sep-07,24:00:00,69.633332,0.119356,0,0,0,0,0.008772
725,25-Sep-07,24:00:00,70.383335,0.118329,0,0,0,0,0.008625
726,26-Sep-07,24:00:00,69.616665,0.118375,0,0,0,0,0.00848
727,27-Sep-07,24:00:00,70.383335,0.130392,0,0,0,0,0.008333
728,28-Sep-07,24:00:00,69.616665,0.084396,0,0,0,0,0.008208
729,29-Sep-07,24:00:00,70.383335,0.104778,0,0,0,0,0.008093
730,30-Sep-07,24:00:00,70.400002,0.109197,0,0,0,0,0.007973
731,1-Oct-07,24:00:00,85.675,0.104575,0,0,0,0,0.00785
732,2-Oct-07,24:00:00,86.979167,0.118754,0,0,0,0,0.007728
733,3-Oct-07,24:00:00,87,0.127048,0,0,0,0,0.007595
734,4-Oct-07,24:00:00,87.979167,0.095871,0,0,0,0,0.00747
735,5-Oct-07,24:00:00,88.979167,0.089314,0,0,0,0,0.007371
736,6-Oct-07,24:00:00,89,0.092067,0,0,0,0,0.007277
737,7-Oct-07,24:00:00,88.020833,0.109992,0,0,0,0,0.007175
738,8-Oct-07,24:00:00,88,0.122351,0,0,0,0,0.007058
739,9-Oct-07,24:00:00,87.554782,0.037831,0.533949,0,0.409034,0,0.00994
740,10-Oct-07,24:00:00,98.240613,0.049529,10.261446,0,0.028802,0,0.050679
741,11-Oct-07,24:00:00,87.041803,0.057326,0.02097,0,0,0,0.050721
742,12-Oct-07,24:00:00,94.710418,0.039519,6.731251,0,0.284938,0,0.071027
743,13-Oct-07,24:00:00,89.28708,0.078735,0.307913,0,0,0,0.079174
744,14-Oct-07,24:00:00,89,0.094233,0,0,0,0,0.078636
745,15-Oct-07,24:00:00,88.020833,0.039918,0,0,0,0,0.077888
746,16-Oct-07,24:00:00,59.604167,0.035329,0,0,0,0,0.077591
747,17-Oct-07,24:00:00,46.270833,0.048221,0,0,0,0,0.077552
748,18-Oct-07,24:00:00,48.154656,0.024972,3.133823,0,0.319747,0,0.084543
749,19-Oct-07,24:00:00,66.263824,0.031339,23.222158,0,0.866799,0,0.157835
750,20-Oct-07,24:00:00,46.93581,0.071376,2.956644,0,0,0,0.196207
751,21-Oct-07,24:00:00,44,0.075349,0,0,0,0,0.195585
752,22-Oct-07,24:00:00,44,0.076198,0,0,0,0,0.193737
753,23-Oct-07,24:00:00,44,0.077375,0,0,0,0,0.19162
754,24-Oct-07,24:00:00,44,0.075967,0,0,0,0,0.189527
755,25-Oct-07,24:00:00,44,0.078838,0,0,0,0,0.18746
756,26-Oct-07,24:00:00,44.979167,0.047665,0,0,0,0,0.185809
757,27-Oct-07,24:00:00,45.979167,0.063599,0,0,0,0,0.184331
758,28-Oct-07,24:00:00,46,0.072416,0,0,0,0,0.182509
759,29-Oct-07,24:00:00,44.041667,0.054164,0,0,0,0,0.180853
760,30-Oct-07,24:00:00,44,0.04766,0,0,0,0,0.17959
761,31-Oct-07,24:00:00,44,0.060077,0,0,0,0,0.1782
762,1-Nov-07,24:00:00,44,0.070572,0,0,0,0,0.176537
763,2-Nov-07,24:00:00,44,0.062647,0,0,0,0,0.174846
764,3-Nov-07,24:00:00,44,0.062481,0,0,0,0,0.173295
765,4-Nov-07,24:00:00,44,0.060822,0,0,0,0,0.171773
766,5-Nov-07,24:00:00,44,0.060883,0,0,0,0,0.170283
767,6-Nov-07,24:00:00,29.3125,0.058551,0,0,0,0,0.168835
768,7-Nov-07,24:00:00,44.666667,0.05805,0,0,0,0,0.16743
769,8-Nov-07,24:00:00,44.020833,0.038022,0,0,0,0,0.166342
770,9-Nov-07,24:00:00,44,0.042024,0,0,0,0,0.165357
771,10-Nov-07,24:00:00,52.884163,0.019217,6.925829,0,0.478241,0,0.18079
772,11-Nov-07,24:00:00,52.524071,0.058455,5.544904,0,0.026825,0,0.215311
773,12-Nov-07,24:00:00,38.19401,0.028186,0.00651,0,0,0,0.215367
774,13-Nov-07,24:00:00,32.125,0.040821,0,0,0,0,0.214998
775,14-Nov-07,24:00:00,47.666667,0.051371,0,0,0,0,0.213765
776,15-Nov-07,24:00:00,45.0625,0.048481,0,0,0,0,0.212263
777,16-Nov-07,24:00:00,45,0.056566,0,0,0,0,0.210617
778,17-Nov-07,24:00:00,45,0.047951,0,0,0,0,0.209074
779,18-Nov-07,24:00:00,44.020833,0.019622,0,0,0,0,0.208086
780,19-Nov-07,24:00:00,44,0.046564,0,0,0,0,0.207782
781,20-Nov-07,24:00:00,44.979167,0.043296,0,0,0,0,0.207249
782,21-Nov-07,24:00:00,45,0.041993,0,0,0,0,0.206054
783,22-Nov-07,24:00:00,45.979167,0.04182,0,0,0,0,0.204823
784,23-Nov-07,24:00:00,46,0.04228,0,0,0,0,0.203604
785,24-Nov-07,24:00:00,46,0.036926,0,0,0,0,0.202439
786,25-Nov-07,24:00:00,46,0.042217,0,0,0,0,0.201307
787,26-Nov-07,24:00:00,46,0.038994,0,0,0,0,0.200137
788,27-Nov-07,24:00:00,46,0.046796,0,0,0,0,0.198926
789,28-Nov-07,24:00:00,45.020833,0.038812,0,0,0,0,0.19771
790,29-Nov-07,24:00:00,43.041667,0.048626,0,0,0,0,0.196504
791,30-Nov-07,24:00:00,43,0.041692,0,0,0,0,0.195231
792,1-Dec-07,24:00:00,43,0.037042,0,0,0,0,0.194128
793,2-Dec-07,24:00:00,43,0.018624,0,0,0,0,0.193381
794,3-Dec-07,24:00:00,51.476275,0.03035,8.476275,0,1.446682,0,0.213525
795,4-Dec-07,24:00:00,78.282568,0.030379,34.303401,0,0.28889,0,0.36373
796,5-Dec-07,24:00:00,44.096178,0.048512,0.096178,0,0,0,0.365899
797,6-Dec-07,24:00:00,50.535672,0.012496,6.535672,0,0.641935,0,0.38194
798,7-Dec-07,24:00:00,53.320354,0.048563,9.320354,0,0,0,0.430092
799,8-Dec-07,24:00:00,43.023271,0.042511,0.002438,0,0,0,0.430092
800,9-Dec-07,24:00:00,43.979167,0.030286,0,0,0,0,0.429075
801,10-Dec-07,24:00:00,43.020833,0.03469,0,0,0,0,0.426215
802,11-Dec-07,24:00:00,43,0.032669,0,0,0,0,0.422836
803,12-Dec-07,24:00:00,41.041667,0.03154,0,0,0,0,0.419619
804,13-Dec-07,24:00:00,42.958333,0.032495,0,0,0,0,0.416478
805,14-Dec-07,24:00:00,43,0.032009,0,0,0,0,0.413361
806,15-Dec-07,24:00:00,50.813812,0.011476,7.813812,0,0.328462,0,0.435079
807,16-Dec-07,24:00:00,64.535296,0.021296,20.556129,0,1.115302,0,0.494428
808,17-Dec-07,24:00:00,52.276816,0.014507,7.29765,0,0.008101,0,0.556241
809,18-Dec-07,24:00:00,544.798753,0.01825,499.798753,0,1.096447,0,0.643299
810,19-Dec-07,24:00:00,58.697241,0.014771,14.676408,0,0.243991,0,0.669731
811,20-Dec-07,24:00:00,48.017136,0.038744,4.996303,0,0,0,0.691078
812,21-Dec-07,24:00:00,43.984806,0.028696,0.005639,0,0,0,0.691078
813,22-Dec-07,24:00:00,43.020833,0.026983,0,0,0,0,0.691078
814,23-Dec-07,24:00:00,43,0.013095,0,0,0,0,0.690744
815,24-Dec-07,24:00:00,42.91417,0.071988,0.893337,0,0.043956,0,0.690732
816,25-Dec-07,24:00:00,43.866565,0.032576,0.887399,0,0.034476,0,0.693851
817,26-Dec-07,24:00:00,43.15687,0.047642,0.15687,0,0,0,0.69579
818,27-Dec-07,24:00:00,86.179932,0.018289,43.179932,42.153319,0.170564,0.128467,0.696687
819,28-Dec-07,24:00:00,239.821922,0.011491,196.821922,192.904098,0.161133,0.161133,0.7
820,29-Dec-07,24:00:00,337.777931,0.012891,293.798764,289.184371,0.055858,0.055858,0.7
821,30-Dec-07,24:00:00,117.556343,0.04321,73.556343,73.54095,0,0,0.7
822,31-Dec-07,24:00:00,81.945463,0.030786,36.966296,36.966296,0,0,0.7
823,1-Jan-08,24:00:00,73.973662,0.031231,28.973662,28.973662,0,0,0.699181
824,2-Jan-08,24:00:00,67.758255,0.052939,24.716589,24.716589,0,0,0.69587
825,3-Jan-08,24:00:00,214.610028,0.019,169.651695,165.106627,0.355214,0.284241,0.696296
826,4-Jan-08,24:00:00,5141.81,0.032627,5097.79,1535.10,1.371928,1.371928,0.713333
827,5-Jan-08,24:00:00,1877.71,0.021125,1833.71,1704.41,0.823851,0.823851,0.701014
828,6-Jan-08,24:00:00,924.828816,0.018514,880.828816,875.47397,0,0,0.7
829,7-Jan-08,24:00:00,455.546973,0.021776,328.317807,328.316341,0,0,0.7
830,8-Jan-08,24:00:00,1861.79,0.013668,1682.86,1126.56,0.971633,0.971633,0.706994
831,9-Jan-08,24:00:00,1084.46,0.015855,901.519367,850.207175,0.178363,0.178363,0.700075
832,10-Jan-08,24:00:00,996.864791,0.013402,812.885625,804.251366,0.184973,0.184973,0.7
833,11-Jan-08,24:00:00,536.167344,0.020396,350.20901,350.132734,0,0,0.7
834,12-Jan-08,24:00:00,424.223389,0.016324,238.223389,238.223389,0,0,0.7
835,13-Jan-08,24:00:00,381.480466,0.034329,195.480466,195.480466,0,0,0.7
836,14-Jan-08,24:00:00,350.19352,0.034151,165.172686,165.172686,0,0,0.69918
837,15-Jan-08,24:00:00,323.562564,0.039654,139.541731,139.541731,0,0,0.696176
838,16-Jan-08,24:00:00,301.575975,0.091506,117.575975,117.575975,0,0,0.691147
839,17-Jan-08,24:00:00,283.882519,0.054667,98.903352,98.903352,0,0,0.682115
840,18-Jan-08,24:00:00,269.106676,0.04178,83.12751,83.12751,0,0,0.677487
841,19-Jan-08,24:00:00,255.841437,0.041051,69.841437,69.841437,0,0,0.673352
842,20-Jan-08,24:00:00,244.668844,0.035305,58.668844,58.668844,0,0,0.669627
843,21-Jan-08,24:00:00,235.279824,0.019802,49.279824,49.279824,0,0,0.666801
844,22-Jan-08,24:00:00,227.391997,0.023807,41.391997,41.391997,0,0,0.665755
845,23-Jan-08,24:00:00,313.797123,0.024698,137.58879,90.953815,0.571446,0.228999,0.674678
846,24-Jan-08,24:00:00,1257.36,0.018618,1087.24,1010.66,0.614274,0.614274,0.700198
847,25-Jan-08,24:00:00,884.744334,0.028134,713.765167,705.723541,0.586125,0.586125,0.7
848,26-Jan-08,24:00:00,1630.70,0.051099,1460.68,1438.54,0.635161,0.635161,0.700485
849,27-Jan-08,24:00:00,860.683653,0.023566,691.66282,687.198233,0.338149,0.338149,0.700126
850,28-Jan-08,24:00:00,741.141166,0.022342,572.141166,567.441744,0,0,0.7
851,29-Jan-08,24:00:00,752.980028,0.016344,583.980028,576.76351,0.365071,0.365071,0.700216
852,30-Jan-08,24:00:00,557.380031,0.017268,440.275865,438.475999,0,0,0.7
853,31-Jan-08,24:00:00,2180.87,0.017743,2061.93,957.924275,0.989148,0.989148,0.706311
854,1-Feb-08,24:00:00,1415.72,0.021419,1246.78,999.69169,0.040153,0.040153,0.7
855,2-Feb-08,24:00:00,1166.50,0.019048,997.483502,982.022306,1.162383,0.960795,0.704538
856,3-Feb-08,24:00:00,1770.98,0.046224,1670.52,1651.31,0.23952,0.441109,0.703928
857,4-Feb-08,24:00:00,636.168347,0.05814,561.647513,561.553748,0,0,0.7
858,5-Feb-08,24:00:00,409.27089,0.05023,319.604224,319.604224,0,0,0.697832
859,6-Feb-08,24:00:00,423.207918,0.041544,252.916251,252.916251,0,0,0.69356
860,7-Feb-08,24:00:00,384.608288,0.051856,213.587454,213.587454,0,0,0.688885
861,8-Feb-08,24:00:00,352.962132,0.057438,180.982965,180.982965,0,0,0.683312
862,9-Feb-08,24:00:00,325.768339,0.057185,152.789173,152.789173,0,0,0.67754
863,10-Feb-08,24:00:00,301.64898,0.056446,128.64898,128.64898,0,0,0.671923
864,11-Feb-08,24:00:00,219.489543,0.065701,108.177043,108.177043,0,0,0.665755
865,12-Feb-08,24:00:00,182.301501,0.067347,90.905667,90.905667,0,0,0.65917
866,13-Feb-08,24:00:00,167.370217,0.066589,76.370217,76.370217,0,0,0.652399
867,14-Feb-08,24:00:00,155.150889,0.059892,64.150889,64.150889,0,0,0.646147
868,15-Feb-08,24:00:00,144.883696,0.062891,53.883696,53.883696,0,0,0.639993
869,16-Feb-08,24:00:00,136.258646,0.069122,45.258646,45.258646,0,0,0.633449
870,17-Feb-08,24:00:00,129.013787,0.070878,38.013787,38.013787,0,0,0.626455
871,18-Feb-08,24:00:00,122.928513,0.03841,31.928513,31.928513,0,0,0.621082
872,19-Feb-08,24:00:00,117.817319,0.02327,26.817319,26.817319,0,0,0.617739
873,20-Feb-08,24:00:00,112.545151,0.05878,22.524317,22.524317,0,0,0.613824
874,21-Feb-08,24:00:00,108.918546,0.025734,18.918546,18.918546,0,0,0.610315
875,22-Feb-08,24:00:00,103.931663,0.045578,15.889996,15.889996,0,0,0.609513
876,23-Feb-08,24:00:00,111.578431,0.027131,19.661765,13.346273,0.745581,0,0.622642
877,24-Feb-08,24:00:00,3023.12,0.031012,2934.06,1109.91,1.328397,1.149248,0.709033
878,25-Feb-08,24:00:00,975.534402,0.063308,831.701069,721.678977,0,0,0.7
879,26-Feb-08,24:00:00,452.375995,0.067694,206.521829,206.521829,0,0,0.698535
880,27-Feb-08,24:00:00,369.432438,0.087275,122.411604,122.411604,0,0,0.692296
881,28-Feb-08,24:00:00,345.852926,0.080387,99.832093,99.832093,0,0,0.683779
882,29-Feb-08,24:00:00,331.358511,0.088609,85.358511,85.358511,0,0,0.675394
883,1-Mar-08,24:00:00,317.697777,0.063433,72.676944,72.676944,0,0,0.667752
884,2-Mar-08,24:00:00,306.47431,0.087159,61.47431,61.47431,0,0,0.660304
885,3-Mar-08,24:00:00,297.782734,0.090387,51.803568,51.803568,0,0,0.651478
886,4-Mar-08,24:00:00,160.325171,0.096204,43.575171,43.575171,0,0,0.642229
887,5-Mar-08,24:00:00,82.081862,0.070374,36.623529,36.623529,0,0,0.633529
888,6-Mar-08,24:00:00,75.748754,0.071882,30.769587,30.769587,0,0,0.626523
889,7-Mar-08,24:00:00,72.805487,0.088216,25.847154,25.847154,0,0,0.618628
890,8-Mar-08,24:00:00,66.752318,0.099413,21.710652,21.710652,0,0,0.609349
891,9-Mar-08,24:00:00,62.256406,0.103973,18.235573,18.235573,0,0,0.599195
892,10-Mar-08,24:00:00,59.316517,0.09549,15.316517,15.316517,0,0,0.588999
893,11-Mar-08,24:00:00,58.822985,0.096347,12.864652,12.864652,0,0,0.579486
894,12-Mar-08,24:00:00,56.805252,0.079429,10.805252,10.805252,0,0,0.57054
895,13-Mar-08,24:00:00,55.075515,0.070823,9.075515,9.075515,0,0,0.563147
896,14-Mar-08,24:00:00,53.622675,0.037224,7.622675,7.622675,0,0,0.557748
897,15-Mar-08,24:00:00,52.40241,0.076967,6.40241,6.40241,0,0,0.552312
898,16-Mar-08,24:00:00,50.398322,0.08998,5.377489,5.377489,0,0,0.543721
899,17-Mar-08,24:00:00,49.51664,0.106171,4.51664,4.51664,0,0,0.534017
900,18-Mar-08,24:00:00,49.772766,0.100341,3.793599,3.793599,0,0,0.523555
901,19-Mar-08,24:00:00,50.165472,0.055771,3.186306,3.186306,0,0,0.515786
902,20-Mar-08,24:00:00,74.155397,0.098217,2.67623,2.67623,0,0,0.508176
903,21-Mar-08,24:00:00,68.372809,0.103492,2.247809,2.247809,0,0,0.498021
904,22-Mar-08,24:00:00,52.221305,0.121344,1.887971,1.887971,0,0,0.487013
905,23-Mar-08,24:00:00,51.585738,0.121372,1.585738,1.585738,0,0,0.474807
906,24-Mar-08,24:00:00,51.331887,0.114227,1.331887,1.331887,0,0,0.462819
907,25-Mar-08,24:00:00,48.181173,0.080569,1.118673,1.118673,0,0,0.45314
908,26-Mar-08,24:00:00,46.293429,0.041199,1.251763,0.939592,0.013626,0,0.449779
909,27-Mar-08,24:00:00,59.521969,0.085746,0.813636,0.789179,0,0,0.449707
910,28-Mar-08,24:00:00,67.885134,0.03531,2.030967,0.662845,0.075279,0,0.450326
911,29-Mar-08,24:00:00,60.194156,0.077915,1.048323,0.556734,0,0,0.454514
912,30-Mar-08,24:00:00,70.238444,0.09893,0.46761,0.46761,0,0,0.45099
913,31-Mar-08,24:00:00,76.267754,0.107799,0.392754,0.392754,0,0,0.441307
914,1-Apr-08,24:00:00,76.32988,0.113691,0.32988,0.32988,0,0,0.43025
915,2-Apr-08,24:00:00,71.381239,0.128547,0.277072,0.277072,0,0,0.418315
916,3-Apr-08,24:00:00,60.461884,0.131304,0.232717,0.232717,0,0,0.406024
917,4-Apr-08,24:00:00,60.195463,0.098236,0.195463,0.195463,0,0,0.396029
918,5-Apr-08,24:00:00,60.164173,0.116228,0.164173,0.164173,0,0,0.387389
919,6-Apr-08,24:00:00,60.137891,0.071052,0.137891,0.137891,0,0,0.380607
920,7-Apr-08,24:00:00,60.115817,0.116385,0.115817,0.115817,0,0,0.37396
921,8-Apr-08,24:00:00,68.909777,0.105432,0.097277,0.097277,0,0,0.366729
922,9-Apr-08,24:00:00,72.998371,0.120868,0.081704,0.081704,0,0,0.359975
923,10-Apr-08,24:00:00,73.068625,0.135885,0.068625,0.068625,0,0,0.353002
924,11-Apr-08,24:00:00,73.057639,0.145255,0.057639,0.057639,0,0,0.345827
925,12-Apr-08,24:00:00,63.256745,0.153783,0.048412,0.048412,0,0,0.338515
926,13-Apr-08,24:00:00,58.144829,0.172149,0.040662,0.040662,0,0,0.3309
927,14-Apr-08,24:00:00,58.034153,0.111221,0.034153,0.034153,0,0,0.324083
928,15-Apr-08,24:00:00,64.882852,0.122592,0.028685,0.028685,0,0,0.318721
929,16-Apr-08,24:00:00,74.81576,0.141304,0.024093,0.024093,0,0,0.312787
930,17-Apr-08,24:00:00,86.770236,0.161021,0.020236,0.020236,0,0,0.306143
931,18-Apr-08,24:00:00,85.058664,0.157174,0.016997,0.016997,0,0,0.299294
932,19-Apr-08,24:00:00,80.118443,0.120763,0.014276,0.014276,0,0,0.293224
933,20-Apr-08,24:00:00,80.011991,0.080772,0.011991,0.011991,0,0,0.289098
934,21-Apr-08,24:00:00,80.42768,0.116772,1.406847,0.010071,0.195042,0,0.28872
935,22-Apr-08,24:00:00,82.430042,0.072356,3.430042,0.008459,0,0,0.302645
936,23-Apr-08,24:00:00,79.007105,0.091528,0.007105,0.007105,0,0,0.301962
937,24-Apr-08,24:00:00,78.026801,0.134425,0.005967,0.005967,0,0,0.297997
938,25-Apr-08,24:00:00,79.963345,0.155379,0.005012,0.005012,0,0,0.291903
939,26-Apr-08,24:00:00,80.00421,0.173821,0.00421,0.00421,0,0,0.285141
940,27-Apr-08,24:00:00,79.024369,0.180084,0.003536,0.003536,0,0,0.277978
941,28-Apr-08,24:00:00,75.086303,0.170038,0.00297,0.00297,0,0,0.271136
942,29-Apr-08,24:00:00,70.106661,0.102358,0.002494,0.002494,0,0,0.265836
943,30-Apr-08,24:00:00,71.960428,0.135196,0.002095,0.002095,0,0,0.26132
944,1-May-08,24:00:00,76.897593,0.156989,0.00176,0.00176,0,0,0.256042
945,2-May-08,24:00:00,78.959811,0.156348,0.001478,0.001478,0,0,0.250336
946,3-May-08,24:00:00,79.001241,0.163472,0.001241,0.001241,0,0,0.244645
947,4-May-08,24:00:00,79.001043,0.143182,0.001043,0.001043,0,0,0.239278
948,5-May-08,24:00:00,76.063376,0.199517,0.000876,0.000876,0,0,0.233669
949,6-May-08,24:00:00,72.084069,0.202319,0.000736,0.000736,0,0,0.227063
950,7-May-08,24:00:00,72.000618,0.16083,0.000618,0.000618,0,0,0.221051
951,8-May-08,24:00:00,72.000519,0.158976,0.000519,0.000519,0,0,0.216086
952,9-May-08,24:00:00,72.000436,0.170863,0.000436,0.000436,0,0,0.211106
953,10-May-08,24:00:00,72.979533,0.179804,0.000366,0.000366,0,0,0.205916
954,11-May-08,24:00:00,73.000307,0.178112,0.000307,0.000307,0,0,0.200778
955,12-May-08,24:00:00,72.021092,0.178022,0.000258,0.000258,0,0,0.195531
956,13-May-08,24:00:00,72.000217,0.190508,0.000217,0.000217,0,0,0.190592
957,14-May-08,24:00:00,72.000182,0.1782,0.000182,0.000182,0,0,0.185496
958,15-May-08,24:00:00,108.22932,0.219782,0.000153,0.000153,0,0,0.180326
959,16-May-08,24:00:00,110.958462,0.221446,0.000129,0.000129,0,0,0.17482
960,17-May-08,24:00:00,112.958441,0.232958,0.000108,0.000108,0,0,0.169272
961,18-May-08,24:00:00,113.000091,0.213421,0.000091,0.000091,0,0,0.163869
962,19-May-08,24:00:00,120.833409,0.1955,0.000076,0.000076,0,0,0.159103
963,20-May-08,24:00:00,129.812564,0.192652,0.000064,0.000064,0,0,0.154822
964,21-May-08,24:00:00,130.000054,0.190988,0.000054,0.000054,0,0,0.150568
965,22-May-08,24:00:00,129.020878,0.172377,0.000045,0.000045,0,0,0.146623
966,23-May-08,24:00:00,129.979205,0.166595,0.000038,0.000038,0,0,0.14319
967,24-May-08,24:00:00,131.958365,0.063421,0.000032,0.000032,0,0,0.140847
968,25-May-08,24:00:00,132.000027,0.152298,0.000027,0.000027,0,0,0.138678
969,26-May-08,24:00:00,131.020856,0.133817,0.000022,0.000022,0,0,0.135848
970,27-May-08,24:00:00,130.020852,0.113051,0.000019,0.000019,0,0,0.133514
971,28-May-08,24:00:00,127.062516,0.10793,0.000016,0.000016,0,0,0.13143
972,29-May-08,24:00:00,129.937513,0.133552,0.000013,0.000013,0,0,0.129185
973,30-May-08,24:00:00,130.000011,0.175053,0.000011,0.000011,0,0,0.126348
974,31-May-08,24:00:00,130.000009,0.176245,0.000009,0.000009,0,0,0.123307
975,1-Jun-08,24:00:00,104.541675,0.187705,0.000008,0.000008,0,0,0.120084
976,2-Jun-08,24:00:00,104.783343,0.208603,0.000007,0.000007,0,0,0.116832
977,3-Jun-08,24:00:00,104.800009,0.145033,0.000006,0.000006,0,0,0.113839
978,4-Jun-08,24:00:00,103.233343,0.179417,0.000005,0.000005,0,0,0.111178
979,5-Jun-08,24:00:00,103.983337,0.189043,0.000004,0.000004,0,0,0.108304
980,6-Jun-08,24:00:00,105.566668,0.178974,0.000003,0.000003,0,0,0.105476
981,7-Jun-08,24:00:00,104.816672,0.19323,0.000003,0.000003,0,0,0.102761
982,8-Jun-08,24:00:00,104.800005,0.209368,0.000002,0.000002,0,0,0.09985
983,9-Jun-08,24:00:00,104.800005,0.227517,0.000002,0.000002,0,0,0.096822
984,10-Jun-08,24:00:00,104.800005,0.212049,0.000002,0.000002,0,0,0.093739
985,11-Jun-08,24:00:00,104.800004,0.201425,0.000001,0.000001,0,0,0.091024
986,12-Jun-08,24:00:00,105.583333,0.203633,0.000001,0.000001,0,0,0.08842
987,13-Jun-08,24:00:00,104.816671,0.219469,0.000001,0.000001,0,0,0.085801
988,14-Jun-08,24:00:00,104.800004,0.200356,0.000001,0.000001,0,0,0.08326
989,15-Jun-08,24:00:00,104.800004,0.213548,0.000001,0.000001,0,0,0.08085
990,16-Jun-08,24:00:00,104.016667,0.218828,0.000001,0.000001,0,0,0.078376
991,17-Jun-08,24:00:00,108.700003,0.242497,0,0,0,0,0.075885
992,18-Jun-08,24:00:00,104.1,0.221229,0,0,0,0,0.073383
993,19-Jun-08,24:00:00,104,0.222185,0,0,0,0,0.071076
994,20-Jun-08,24:00:00,104,0.215395,0,0,0,0,0.068859
995,21-Jun-08,24:00:00,103.216671,0.239138,0,0,0,0,0.066692
996,22-Jun-08,24:00:00,103.200005,0.221531,0,0,0,0,0.064525
997,23-Jun-08,24:00:00,103.983334,0.194201,0,0,0,0,0.062663
998,24-Jun-08,24:00:00,104,0.172221,0,0,0,0,0.061051
999,25-Jun-08,24:00:00,104,0.168723,0,0,0,0,0.059566
1000,26-Jun-08,24:00:00,104,0.141046,0,0,0,0,0.058214
1001,27-Jun-08,24:00:00,104,0.208995,0,0,0,0,0.056783
1002,28-Jun-08,24:00:00,104,0.21117,0,0,0,0,0.055126
1003,29-Jun-08,24:00:00,104,0.20342,0,0,0,0,0.053507
1004,30-Jun-08,24:00:00,104.783336,0.194274,0,0,0,0,0.051987
1005,1-Jul-08,24:00:00,104.016667,0.20175,0,0,0,0,0.050539
1006,2-Jul-08,24:00:00,104.783336,0.21529,0,0,0,0,0.049068
1007,3-Jul-08,24:00:00,104.016667,0.196198,0,0,0,0,0.047636
1008,4-Jul-08,24:00:00,104,0.206671,0,0,0,0,0.046264
1009,5-Jul-08,24:00:00,104,0.211583,0,0,0,0,0.044921
1010,6-Jul-08,24:00:00,104,0.220079,0,0,0,0,0.043556
1011,7-Jul-08,24:00:00,104,0.195737,0,0,0,0,0.042254
1012,8-Jul-08,24:00:00,104,0.240567,0,0,0,0,0.040995
1013,9-Jul-08,24:00:00,104,0.210327,0,0,0,0,0.039659
1014,10-Jul-08,24:00:00,104,0.224189,0,0,0,0,0.038464
1015,11-Jul-08,24:00:00,104,0.205866,0,0,0,0,0.037302
1016,12-Jul-08,24:00:00,104,0.191367,0,0,0,0,0.036263
1017,13-Jul-08,24:00:00,104,0.214628,0,0,0,0,0.035218
1018,14-Jul-08,24:00:00,104,0.207784,0,0,0,0,0.034166
1019,15-Jul-08,24:00:00,104,0.18335,0,0,0,0,0.033225
1020,16-Jul-08,24:00:00,104,0.214896,0,0,0,0,0.032299
1021,17-Jul-08,24:00:00,104,0.221602,0,0,0,0,0.031308
1022,18-Jul-08,24:00:00,104,0.212561,0,0,0,0,0.030348
1023,19-Jul-08,24:00:00,104,0.212014,0,0,0,0,0.029439
1024,20-Jul-08,24:00:00,104,0.197921,0,0,0,0,0.02859
1025,21-Jul-08,24:00:00,104.783336,0.160511,0,0,0,0,0.027871
1026,22-Jul-08,24:00:00,104.016667,0.203608,0,0,0,0,0.027156
1027,23-Jul-08,24:00:00,104,0.210294,0,0,0,0,0.026359
1028,24-Jul-08,24:00:00,103.216671,0.202786,0,0,0,0,0.025588
1029,25-Jul-08,24:00:00,103.983333,0.227104,0,0,0,0,0.024828
1030,26-Jul-08,24:00:00,104,0.218478,0,0,0,0,0.024044
1031,27-Jul-08,24:00:00,104,0.194657,0,0,0,0,0.02333
1032,28-Jul-08,24:00:00,104,0.201806,0,0,0,0,0.02269
1033,29-Jul-08,24:00:00,104,0.204569,0,0,0,0,0.022036
1034,30-Jul-08,24:00:00,104,0.200156,0,0,0,0,0.021404
1035,31-Jul-08,24:00:00,106.350001,0.206426,0,0,0,0,0.020797
1036,1-Aug-08,24:00:00,104.05,0.204662,0,0,0,0,0.020192
1037,2-Aug-08,24:00:00,104,0.211767,0,0,0,0,0.019598
1038,3-Aug-08,24:00:00,104,0.186719,0,0,0,0,0.019041
1039,4-Aug-08,24:00:00,104,0.198566,0,0,0,0,0.018527
1040,5-Aug-08,24:00:00,104,0.199996,0,0,0,0,0.018007
1041,6-Aug-08,24:00:00,103.216671,0.207786,0,0,0,0,0.017491
1042,7-Aug-08,24:00:00,103.200005,0.198716,0,0,0,0,0.016986
1043,8-Aug-08,24:00:00,103.200005,0.186921,0,0,0,0,0.016527
1044,9-Aug-08,24:00:00,103.983333,0.184655,0,0,0,0,0.01609
1045,10-Aug-08,24:00:00,104,0.195459,0,0,0,0,0.015661
1046,11-Aug-08,24:00:00,104,0.193184,0,0,0,0,0.015229
1047,12-Aug-08,24:00:00,103.216671,0.201961,0,0,0,0,0.014807
1048,13-Aug-08,24:00:00,103.983333,0.198343,0,0,0,0,0.014387
1049,14-Aug-08,24:00:00,103.216671,0.195975,0,0,0,0,0.013987
1050,15-Aug-08,24:00:00,103.983333,0.193185,0,0,0,0,0.013603
1051,16-Aug-08,24:00:00,103.216671,0.201295,0,0,0,0,0.013224
1052,17-Aug-08,24:00:00,103.983333,0.178487,0,0,0,0,0.012873
1053,18-Aug-08,24:00:00,104.783336,0.103285,0,0,0,0,0.012617
1054,19-Aug-08,24:00:00,104.016667,0.17242,0,0,0,0,0.012369
1055,20-Aug-08,24:00:00,104,0.175651,0,0,0,0,0.012066
1056,21-Aug-08,24:00:00,104,0.159966,0,0,0,0,0.011777
1057,22-Aug-08,24:00:00,104,0.178866,0,0,0,0,0.011493
1058,23-Aug-08,24:00:00,104,0.188716,0,0,0,0,0.011198
1059,24-Aug-08,24:00:00,104,0.202946,0,0,0,0,0.010892
1060,25-Aug-08,24:00:00,104,0.18107,0,0,0,0,0.010595
1061,26-Aug-08,24:00:00,104,0.166011,0,0,0,0,0.010331
1062,27-Aug-08,24:00:00,104,0.185513,0,0,0,0,0.010077
1063,28-Aug-08,24:00:00,104,0.172373,0,0,0,0,0.009818
1064,29-Aug-08,24:00:00,104,0.191149,0,0,0,0,0.009572
1065,30-Aug-08,24:00:00,104.783336,0.206556,0,0,0,0,0.009309
1066,31-Aug-08,24:00:00,104.016667,0.176935,0,0,0,0,0.009049
1067,1-Sep-08,24:00:00,104,0.150804,0,0,0,0,0.008838
1068,2-Sep-08,24:00:00,104,0.163508,0,0,0,0,0.008643
1069,3-Sep-08,24:00:00,104,0.167945,0,0,0,0,0.00844
1070,4-Sep-08,24:00:00,107.916667,0.15941,0,0,0,0,0.008242
1071,5-Sep-08,24:00:00,104.083333,0.172868,0,0,0,0,0.008051
1072,6-Sep-08,24:00:00,104,0.180857,0,0,0,0,0.007852
1073,7-Sep-08,24:00:00,104,0.167779,0,0,0,0,0.007656
1074,8-Sep-08,24:00:00,103.216671,0.161251,0,0,0,0,0.007478
1075,9-Sep-08,24:00:00,105.549999,0.111671,0,0,0,0,0.007334
1076,10-Sep-08,24:00:00,104.033333,0.158307,0,0,0,0,0.007194
1077,11-Sep-08,24:00:00,104,0.159053,0,0,0,0,0.007033
1078,12-Sep-08,24:00:00,104,0.153463,0,0,0,0,0.006879
1079,13-Sep-08,24:00:00,104,0.132541,0,0,0,0,0.006737
1080,14-Sep-08,24:00:00,104,0.149483,0,0,0,0,0.006605
1081,15-Sep-08,24:00:00,104,0.15349,0,0,0,0,0.006462
1082,16-Sep-08,24:00:00,82.850001,0.120323,0,0,0,0,0.006334
1083,17-Sep-08,24:00:00,79.266671,0.03796,0,0,0,0,0.006263
1084,18-Sep-08,24:00:00,77.633332,0.098158,0,0,0,0,0.006206
1085,19-Sep-08,24:00:00,74.482627,0.035885,1.582624,0,0.073962,0,0.009826
1086,20-Sep-08,24:00:00,72.261219,0.078708,0.244553,0,0,0,0.013547
1087,21-Sep-08,24:00:00,72,0.134184,0,0,0,0,0.013434
1088,22-Sep-08,24:00:00,72,0.122657,0,0,0,0,0.01319
1089,23-Sep-08,24:00:00,72,0.132031,0,0,0,0,0.012954
1090,24-Sep-08,24:00:00,72,0.124453,0,0,0,0,0.012718
1091,25-Sep-08,24:00:00,72,0.121275,0,0,0,0,0.012496
1092,26-Sep-08,24:00:00,72,0.13244,0,0,0,0,0.012272
1093,27-Sep-08,24:00:00,72,0.120273,0,0,0,0,0.01205
1094,28-Sep-08,24:00:00,72,0.127511,0,0,0,0,0.011841
1095,29-Sep-08,24:00:00,72,0.145693,0,0,0,0,0.011619
1096,30-Sep-08,24:00:00,72,0.13526,0,0,0,0,0.011383
1097,1-Oct-08,24:00:00,89.625,0.132292,0,0,0,0,0.011167
1098,2-Oct-08,24:00:00,90,0.055702,0,0,0,0,0.011017
1099,3-Oct-08,24:00:00,103.634128,0.034896,12.654962,0,1.587204,0,0.041087
1100,4-Oct-08,24:00:00,120.973078,0.054356,29.973078,0,0.1429,0,0.181122
1101,5-Oct-08,24:00:00,90.13358,0.047303,0.112747,0,0,0,0.183945
1102,6-Oct-08,24:00:00,90,0.101716,0,0,0,0,0.182661
1103,7-Oct-08,24:00:00,90,0.114401,0,0,0,0,0.179879
1104,8-Oct-08,24:00:00,90,0.12304,0,0,0,0,0.176934
1105,9-Oct-08,24:00:00,90,0.132007,0,0,0,0,0.173702
1106,10-Oct-08,24:00:00,90,0.101133,0,0,0,0,0.170695
1107,11-Oct-08,24:00:00,90.979167,0.098747,0,0,0,0,0.168375
1108,12-Oct-08,24:00:00,90.020833,0.086692,0,0,0,0,0.166114
1109,13-Oct-08,24:00:00,90,0.081263,0,0,0,0,0.1641
1110,14-Oct-08,24:00:00,90,0.094698,0,0,0,0,0.162082
1111,15-Oct-08,24:00:00,90,0.099572,0,0,0,0,0.159858
1112,16-Oct-08,24:00:00,60.625,0.090617,0,0,0,0,0.157674
1113,17-Oct-08,24:00:00,45.3125,0.094767,0,0,0,0,0.155607
1114,18-Oct-08,24:00:00,45,0.100245,0,0,0,0,0.153475
1115,19-Oct-08,24:00:00,45,0.08993,0,0,0,0,0.151398
1116,20-Oct-08,24:00:00,45,0.092486,0,0,0,0,0.149443
1117,21-Oct-08,24:00:00,45,0.076524,0,0,0,0,0.147599
1118,22-Oct-08,24:00:00,45,0.078197,0,0,0,0,0.145982
1119,23-Oct-08,24:00:00,45,0.074254,0,0,0,0,0.144391
1120,24-Oct-08,24:00:00,45,0.075054,0,0,0,0,0.142864
1121,25-Oct-08,24:00:00,45,0.071955,0,0,0,0,0.141364
1122,26-Oct-08,24:00:00,45,0.08036,0,0,0,0,0.13987
1123,27-Oct-08,24:00:00,45,0.06503,0,0,0,0,0.138384
1124,28-Oct-08,24:00:00,45,0.065052,0,0,0,0,0.137104
1125,29-Oct-08,24:00:00,45,0.088488,0,0,0,0,0.135661
1126,30-Oct-08,24:00:00,44.020833,0.077625,0,0,0,0,0.134763
1127,31-Oct-08,24:00:00,48.892069,0.048193,3.912902,0,0.16515,0,0.147361
1128,1-Nov-08,24:00:00,84.161437,0.026667,39.161437,0,1.932002,0,0.26252
1129,2-Nov-08,24:00:00,58.492659,0.037508,13.492659,0,0.198258,0,0.359832
1130,3-Nov-08,24:00:00,75.723135,0.021721,26.806469,0,0.821092,0,0.398382
1131,4-Nov-08,24:00:00,54.677065,0.048653,8.614565,0,0,0,0.446269
1132,5-Nov-08,24:00:00,45.020833,0.021149,0,0,0,0,0.446269
1133,6-Nov-08,24:00:00,44.020833,0.034682,0,0,0,0,0.446006
1134,7-Nov-08,24:00:00,44,0.045725,0,0,0,0,0.443347
1135,8-Nov-08,24:00:00,44,0.033397,0,0,0,0,0.439507
1136,9-Nov-08,24:00:00,44.979167,0.057108,0,0,0,0,0.43472
1137,10-Nov-08,24:00:00,45,0.03844,0,0,0,0,0.429972
1138,11-Nov-08,24:00:00,45,0.032145,0,0,0,0,0.426468
1139,12-Nov-08,24:00:00,45,0.035836,0,0,0,0,0.423208
1140,13-Nov-08,24:00:00,45,0.069398,0,0,0,0,0.41789
1141,14-Nov-08,24:00:00,45,0.060623,0,0,0,0,0.411586
1142,15-Nov-08,24:00:00,45,0.053569,0,0,0,0,0.406273
1143,16-Nov-08,24:00:00,45,0.053683,0,0,0,0,0.401534
1144,17-Nov-08,24:00:00,51.854167,0.05039,0,0,0,0,0.397072
1145,18-Nov-08,24:00:00,46.125,0.051666,0,0,0,0,0.392907
1146,19-Nov-08,24:00:00,46,0.035835,0,0,0,0,0.38945
1147,20-Nov-08,24:00:00,45.020833,0.036894,0,0,0,0,0.388033
1148,21-Nov-08,24:00:00,45.979167,0.04716,0,0,0,0,0.386862
1149,22-Nov-08,24:00:00,46,0.04822,0,0,0,0,0.383717
1150,23-Nov-08,24:00:00,45.020833,0.045456,0,0,0,0,0.380325
1151,24-Nov-08,24:00:00,45.979167,0.025778,0,0,0,0,0.377785
1152,25-Nov-08,24:00:00,45.020833,0.016192,0,0,0,0,0.376309
1153,26-Nov-08,24:00:00,45,0.047197,0,0,0,0,0.37413
1154,27-Nov-08,24:00:00,45,0.01842,0,0,0,0,0.371954
1155,28-Nov-08,24:00:00,45.979167,0.034626,0,0,0,0,0.370241
1156,29-Nov-08,24:00:00,45.020833,0.04112,0,0,0,0,0.367791
1157,30-Nov-08,24:00:00,45.979167,0.042253,0,0,0,0,0.365205
1158,1-Dec-08,24:00:00,46,0.015989,0,0,0,0,0.3635
1159,2-Dec-08,24:00:00,44.041667,0.036902,0,0,0,0,0.361922
1160,3-Dec-08,24:00:00,44.979167,0.027583,0,0,0,0,0.360054
1161,4-Dec-08,24:00:00,45,0.035301,0,0,0,0,0.358289
1162,5-Dec-08,24:00:00,46.159815,0.035121,1.159815,0,0.206259,0,0.359302
1163,6-Dec-08,24:00:00,707.118553,0.035661,663.09772,0,1.396816,0,0.43651
1164,7-Dec-08,24:00:00,993.538245,0.04043,949.538245,0,0.424569,0,0.551044
1165,8-Dec-08,24:00:00,44.220597,0.038111,0.220597,0,0,0,0.55812
1166,9-Dec-08,24:00:00,44,0.03404,0,0,0,0,0.557584
1167,10-Dec-08,24:00:00,44,0.026766,0,0,0,0,0.555498
1168,11-Dec-08,24:00:00,44,0.0359,0,0,0,0,0.552376
1169,12-Dec-08,24:00:00,44,0.044304,0,0,0,0,0.548568
1170,13-Dec-08,24:00:00,44,0.033232,0,0,0,0,0.54434
1171,14-Dec-08,24:00:00,45.37172,0.008311,0.392553,0,0.083146,0,0.54364
1172,15-Dec-08,24:00:00,52.050178,0.018955,7.050178,0,0.22381,0,0.569269
1173,16-Dec-08,24:00:00,45.140368,0.022952,0.140368,0,0,0,0.572987
1174,17-Dec-08,24:00:00,44.020833,0.029836,0,0,0,0,0.572987
1175,18-Dec-08,24:00:00,46.274847,0.009036,2.274847,0,0.42855,0,0.579002
1176,19-Dec-08,24:00:00,52.908314,0.033159,8.908314,0,0.024666,0,0.618257
1177,20-Dec-08,24:00:00,44.01316,0.028187,0.01316,0,0,0,0.618308
1178,21-Dec-08,24:00:00,57.097351,0.009348,12.118184,0,0.571684,0,0.647771
1179,22-Dec-08,24:00:00,48.222769,0.016945,3.222769,0,0.051967,0,0.678936
1180,23-Dec-08,24:00:00,45.06582,0.012146,0.06582,0,0,0,0.680673
1181,24-Dec-08,24:00:00,450.592308,0.014704,405.592308,392.608055,0.988236,0.697352,0.696775
1182,25-Dec-08,24:00:00,1289.64,0.028302,1244.64,1224.65,0.352085,0.449703,0.702561
1183,26-Dec-08,24:00:00,365.58235,0.031105,320.58235,320.446579,0,0,0.7
1184,27-Dec-08,24:00:00,181.749276,0.011144,136.749276,136.749276,0,0,0.7
1185,28-Dec-08,24:00:00,146.499392,0.015526,101.499392,101.499392,0,0,0.7
1186,29-Dec-08,24:00:00,130.178543,0.014951,86.157709,86.157709,0,0,0.7
1187,30-Dec-08,24:00:00,117.655787,0.026357,73.655787,73.655787,0,0,0.698756
1188,31-Dec-08,24:00:00,107.475472,0.036373,62.496305,62.496305,0,0,0.695608
1189,1-Jan-09,24:00:00,96.770486,0.033175,52.749653,52.749653,0,0,0.692169
1190,2-Jan-09,24:00:00,90.518681,0.031169,46.518681,44.404382,0.089453,0,0.696625
1191,3-Jan-09,24:00:00,82.407821,0.033138,37.428654,37.333103,0,0,0.69933
1192,4-Jan-09,24:00:00,76.370453,0.020482,31.370453,31.370453,0,0,0.69933
1193,5-Jan-09,24:00:00,71.353637,0.010604,26.353637,26.353637,0,0,0.69933
1194,6-Jan-09,24:00:00,66.157555,0.039266,22.136721,22.136721,0,0,0.69779
1195,7-Jan-09,24:00:00,62.593685,0.013662,18.593685,18.593685,0,0,0.695344
1196,8-Jan-09,24:00:00,59.617394,0.032749,15.617394,15.617394,0,0,0.693202
1197,9-Jan-09,24:00:00,57.117397,0.035173,13.117397,13.117397,0,0,0.68968
1198,10-Jan-09,24:00:00,55.017549,0.037346,11.017549,11.017549,0,0,0.686048
1199,11-Jan-09,24:00:00,53.253831,0.039052,9.253831,9.253831,0,0,0.682233
1200,12-Jan-09,24:00:00,51.772448,0.049458,7.772448,7.772448,0,0,0.67794
1201,13-Jan-09,24:00:00,50.528207,0.041595,6.528207,6.528207,0,0,0.673232
1202,14-Jan-09,24:00:00,49.483148,0.041492,5.483148,5.483148,0,0,0.669093
1203,15-Jan-09,24:00:00,48.605385,0.040465,4.605385,4.605385,0,0,0.664988
1204,16-Jan-09,24:00:00,47.868138,0.044371,3.868138,3.868138,0,0,0.660795
1205,17-Jan-09,24:00:00,47.248912,0.04131,3.248912,3.248912,0,0,0.656475
1206,18-Jan-09,24:00:00,46.728814,0.042232,2.728814,2.728814,0,0,0.652301
1207,19-Jan-09,24:00:00,46.291975,0.04236,2.291975,2.291975,0,0,0.64807
1208,20-Jan-09,24:00:00,45.925067,0.034929,1.925067,1.925067,0,0,0.644148
1209,21-Jan-09,24:00:00,45.616895,0.026594,1.616895,1.616895,0,0,0.641076
1210,22-Jan-09,24:00:00,45.358056,0.017909,1.358056,1.358056,0,0,0.638874
1211,23-Jan-09,24:00:00,45.140654,0.024337,1.140654,1.140654,0,0,0.63676
1212,24-Jan-09,24:00:00,44.958054,0.027377,0.958054,0.958054,0,0,0.634422
1213,25-Jan-09,24:00:00,44.804685,0.049282,0.804685,0.804685,0,0,0.630309
1214,26-Jan-09,24:00:00,44.675868,0.047489,0.675868,0.675868,0,0,0.625597
1215,27-Jan-09,24:00:00,44.567672,0.042441,0.567672,0.567672,0,0,0.621049
1216,28-Jan-09,24:00:00,44.476797,0.057139,0.476797,0.476797,0,0,0.616191
1217,29-Jan-09,24:00:00,44.40047,0.048476,0.40047,0.40047,0,0,0.61079
1218,30-Jan-09,24:00:00,44.336361,0.050959,0.336361,0.336361,0,0,0.605826
1219,31-Jan-09,24:00:00,17.845015,0.057681,0.282515,0.282515,0,0,0.600506
1220,1-Feb-09,24:00:00,0.591456,0.055071,0.237289,0.237289,0,0,0.594811
1221,2-Feb-09,24:00:00,0.199303,0.05748,0.199303,0.199303,0,0,0.589198
1222,3-Feb-09,24:00:00,0.167398,0.060405,0.167398,0.167398,0,0,0.583332
1223,4-Feb-09,24:00:00,0.1406,0.048858,0.1406,0.1406,0,0,0.577891
1224,5-Feb-09,24:00:00,6.075662,0.020552,6.075662,0.118092,0.537247,0,0.588226
1225,6-Feb-09,24:00:00,13.998652,0.025391,13.998652,0.099188,0.272182,0,0.65177
1226,7-Feb-09,24:00:00,0.222552,0.063797,0.222552,0.083309,0,0,0.656232
1227,8-Feb-09,24:00:00,0.069973,0.035158,0.069973,0.069973,0,0,0.65525
1228,9-Feb-09,24:00:00,0.058771,0.051171,0.058771,0.058771,0,0,0.65403
1229,10-Feb-09,24:00:00,2.833592,0.023851,2.833592,0.049363,0.294396,0,0.65968
1230,11-Feb-09,24:00:00,280.588185,0.020389,255.129852,241.014551,0.493084,0.315055,0.694491
1231,12-Feb-09,24:00:00,293.460788,0.03976,248.856622,246.265955,0.114289,0.100293,0.700033
1232,13-Feb-09,24:00:00,466.520944,0.022982,422.500111,415.80472,0.182089,0.196085,0.700124
1233,14-Feb-09,24:00:00,202.702721,0.025511,158.702721,158.107936,0.029507,0.029507,0.7
1234,15-Feb-09,24:00:00,1358.55,0.027751,1314.55,1006.04,0.888366,0.888366,0.702897
1235,16-Feb-09,24:00:00,1506.09,0.02967,1462.09,1435.86,0.900759,0.900759,0.700116
1236,17-Feb-09,24:00:00,1378.96,0.022886,1335.94,1320.27,0.438738,0.438738,0.70046
1237,18-Feb-09,24:00:00,504.296156,0.04892,461.296156,461.022584,0,0,0.7
1238,19-Feb-09,24:00:00,297.997545,0.08308,254.997545,254.997545,0,0,0.697979
1239,20-Feb-09,24:00:00,244.79504,0.072808,201.79504,201.79504,0,0,0.691462
1240,21-Feb-09,24:00:00,215.01552,0.064504,171.036353,171.036353,0,0,0.68498
1241,22-Feb-09,24:00:00,2130.84,0.023553,2085.86,1256.72,1.719072,1.364666,0.713866
1242,23-Feb-09,24:00:00,2423.22,0.025069,2379.20,2326.43,1.053247,1.220476,0.712491
1243,24-Feb-09,24:00:00,1177.74,0.054441,1134.72,1131.96,0,0,0.7
1244,25-Feb-09,24:00:00,503.912006,0.02537,460.912006,460.698069,0.121949,0.121949,0.7
1245,26-Feb-09,24:00:00,504.988931,0.059287,461.988931,459.194851,0,0,0.7
1246,27-Feb-09,24:00:00,329.395465,0.072093,286.395465,286.390838,0,0,0.69872
1247,28-Feb-09,24:00:00,272.020189,0.075967,229.020189,229.020189,0,0,0.693138
1248,1-Mar-09,24:00:00,774.889756,0.026553,731.889756,717.296987,1.130812,0.856699,0.700303
1249,2-Mar-09,24:00:00,1931.12,0.042493,1888.12,1860.48,0.722254,0.889019,0.708064
1250,3-Mar-09,24:00:00,1262.48,0.036277,1122.54,1113.28,0.309164,0.309164,0.700016
1251,4-Mar-09,24:00:00,750.432207,0.046434,567.307207,565.393142,0,0,0.7
1252,5-Mar-09,24:00:00,499.595105,0.079453,310.699272,310.699272,0,0,0.69907
1253,6-Mar-09,24:00:00,425.949671,0.062294,242.824671,242.824671,0,0,0.694381
1254,7-Mar-09,24:00:00,388.424226,0.082858,204.445059,204.445059,0,0,0.687148
1255,8-Mar-09,24:00:00,275.835697,0.091709,173.10653,173.10653,0,0,0.678713
1256,9-Mar-09,24:00:00,193.254405,0.081796,146.108572,146.108572,0,0,0.669763
1257,10-Mar-09,24:00:00,169.015129,0.078076,123.015129,123.015129,0,0,0.661741
1258,11-Mar-09,24:00:00,148.457758,0.090331,103.436924,103.436924,0,0,0.653344
1259,12-Mar-09,24:00:00,130.94223,0.100959,86.921397,86.921397,0,0,0.643908
1260,13-Mar-09,24:00:00,116.04351,0.109001,73.022677,73.022677,0,0,0.63349
1261,14-Mar-09,24:00:00,104.338836,0.057575,61.338836,61.338836,0,0,0.625004
1262,15-Mar-09,24:00:00,95.365226,0.034319,52.365226,51.521661,0.05119,0,0.623634
1263,16-Mar-09,24:00:00,87.674911,0.035477,43.695745,43.274697,0,0,0.627063
1264,17-Mar-09,24:00:00,81.326592,0.072576,36.347426,36.347426,0,0,0.626723
1265,18-Mar-09,24:00:00,74.549739,0.084306,30.528905,30.528905,0,0,0.622185
1266,19-Mar-09,24:00:00,69.641765,0.118204,25.641765,25.641765,0,0,0.611958
1267,20-Mar-09,24:00:00,65.53695,0.119727,21.53695,21.53695,0,0,0.600046
1268,21-Mar-09,24:00:00,63.122442,0.047133,18.143275,18.089239,0.141292,0,0.592255
1269,22-Mar-09,24:00:00,69.860163,0.057162,23.880996,15.19345,0.215241,0,0.62352
1270,23-Mar-09,24:00:00,58.827498,0.098548,12.827498,12.761229,0,0,0.623183
1271,24-Mar-09,24:00:00,56.718368,0.114423,10.718368,10.718368,0,0,0.614371
1272,25-Mar-09,24:00:00,89.273366,0.117727,9.002533,9.002533,0,0,0.60282
1273,26-Mar-09,24:00:00,107.165541,0.110597,7.561374,7.561374,0,0,0.591344
1274,27-Mar-09,24:00:00,94.600921,0.135728,6.350921,6.350921,0,0,0.579046
1275,28-Mar-09,24:00:00,105.084242,0.136316,5.334242,5.334242,0,0,0.565522
1276,29-Mar-09,24:00:00,104.480316,0.120694,4.480316,4.480316,0,0,0.552118
1277,30-Mar-09,24:00:00,102.783924,0.117577,3.763091,3.763091,0,0,0.540587
1278,31-Mar-09,24:00:00,99.223181,0.158419,3.160681,3.160681,0,0,0.527595
1279,1-Apr-09,24:00:00,98.654707,0.133406,2.654707,2.654707,0,0,0.512164
1280,2-Apr-09,24:00:00,69.833898,0.102804,2.229732,2.229732,0,0,0.500675
1281,3-Apr-09,24:00:00,48.310288,0.118874,1.872788,1.872788,0,0,0.488972
1282,4-Apr-09,24:00:00,75.968818,0.119208,1.572985,1.572985,0,0,0.477418
1283,5-Apr-09,24:00:00,90.029509,0.1431,1.321176,1.321176,0,0,0.464404
1284,6-Apr-09,24:00:00,91.088844,0.150451,1.109677,1.109677,0,0,0.44977
1285,7-Apr-09,24:00:00,91.911202,0.067033,0.932036,0.932036,0,0,0.438314
1286,8-Apr-09,24:00:00,78.074499,0.052111,0.782832,0.782832,0,0,0.432711
1287,9-Apr-09,24:00:00,67.439573,0.024057,1.210407,0.657513,0.034182,0,0.430634
1288,10-Apr-09,24:00:00,65.864643,0.098176,0.84381,0.552256,0,0,0.432641
1289,11-Apr-09,24:00:00,66.443016,0.125532,0.463849,0.463849,0,0,0.426608
1290,12-Apr-09,24:00:00,57.577095,0.133922,0.389595,0.389595,0,0,0.413945
1291,13-Apr-09,24:00:00,51.452227,0.127923,0.327227,0.327227,0,0,0.401975
1292,14-Apr-09,24:00:00,76.733177,0.124508,0.274843,0.274843,0,0,0.391123
1293,15-Apr-09,24:00:00,64.501679,0.117287,0.230845,0.230845,0,0,0.381964
1294,16-Apr-09,24:00:00,64.193891,0.142141,0.193891,0.193891,0,0,0.373187
1295,17-Apr-09,24:00:00,65.142019,0.15047,0.162852,0.162852,0,0,0.363793
1296,18-Apr-09,24:00:00,64.157615,0.159698,0.136782,0.136782,0,0,0.354957
1297,19-Apr-09,24:00:00,64.114885,0.165335,0.114885,0.114885,0,0,0.346591
1298,20-Apr-09,24:00:00,64.096494,0.17805,0.096494,0.096494,0,0,0.338222
1299,21-Apr-09,24:00:00,64.081047,0.181433,0.081047,0.081047,0,0,0.329636
1300,22-Apr-09,24:00:00,64.068073,0.184982,0.068073,0.068073,0,0,0.321182
1301,23-Apr-09,24:00:00,64.057175,0.155366,0.057175,0.057175,0,0,0.313376
1302,24-Apr-09,24:00:00,70.902189,0.12838,0.048023,0.048023,0,0,0.306932
1303,25-Apr-09,24:00:00,73.977835,0.14143,0.040335,0.040335,0,0,0.301246
1304,26-Apr-09,24:00:00,74.033878,0.140968,0.033878,0.033878,0,0,0.295107
1305,27-Apr-09,24:00:00,74.028455,0.1148,0.028455,0.028455,0,0,0.289894
1306,28-Apr-09,24:00:00,80.878066,0.098682,0.0239,0.0239,0,0,0.285489
1307,29-Apr-09,24:00:00,89.832574,0.129859,0.020074,0.020074,0,0,0.280744
1308,30-Apr-09,24:00:00,89.037693,0.099172,0.01686,0.01686,0,0,0.276229
1309,1-May-09,24:00:00,95.693801,0.065879,5.714634,0.014161,0.445888,0,0.284913
1310,2-May-09,24:00:00,105.534518,0.04609,15.534518,0.011894,0.482315,0,0.341104
1311,3-May-09,24:00:00,98.676859,0.128003,8.676859,0.00999,0.287525,0,0.388043
1312,4-May-09,24:00:00,212.878371,0.044944,123.857538,0.008391,1.332104,0,0.417158
1313,5-May-09,24:00:00,414.489307,0.124454,325.489307,0.007048,0.026318,0,0.525723
1314,6-May-09,24:00:00,90.393049,0.060482,0.413883,0.005919,0.018575,0,0.524313
1315,7-May-09,24:00:00,90.072152,0.159595,0.072152,0.004972,0,0,0.521214
1316,8-May-09,24:00:00,90.004176,0.171713,0.004176,0.004176,0,0,0.507398
1317,9-May-09,24:00:00,89.024341,0.180111,0.003507,0.003507,0,0,0.489829
1318,10-May-09,24:00:00,89.982113,0.189794,0.002946,0.002946,0,0,0.471519
1319,11-May-09,24:00:00,90.981641,0.182347,0.002474,0.002474,0,0,0.452831
1320,12-May-09,24:00:00,91.002078,0.166238,0.002078,0.002078,0,0,0.435305
1321,13-May-09,24:00:00,82.189246,0.18372,0.001746,0.001746,0,0,0.418004
1322,14-May-09,24:00:00,90.813966,0.166699,0.001466,0.001466,0,0,0.401579
1323,15-May-09,24:00:00,107.647065,0.187827,0.001231,0.001231,0,0,0.387099
1324,16-May-09,24:00:00,129.542701,0.18582,0.001034,0.001034,0,0,0.373503
1325,17-May-09,24:00:00,129.021702,0.205099,0.000869,0.000869,0,0,0.361328
1326,18-May-09,24:00:00,129.979896,0.201784,0.00073,0.00073,0,0,0.350308
1327,19-May-09,24:00:00,129.021446,0.191961,0.000613,0.000613,0,0,0.34051
1328,20-May-09,24:00:00,129.000515,0.172131,0.000515,0.000515,0,0,0.331659
1329,21-May-09,24:00:00,134.875432,0.187392,0.000432,0.000432,0,0,0.323305
1330,22-May-09,24:00:00,130.10453,0.189298,0.000363,0.000363,0,0,0.314691
1331,23-May-09,24:00:00,130.000305,0.185095,0.000305,0.000305,0,0,0.306456
1332,24-May-09,24:00:00,130.979423,0.17364,0.000256,0.000256,0,0,0.298706
1333,25-May-09,24:00:00,130.021048,0.189665,0.000215,0.000215,0,0,0.291008
1334,26-May-09,24:00:00,130.000181,0.201828,0.000181,0.000181,0,0,0.282954
1335,27-May-09,24:00:00,130.000152,0.204396,0.000152,0.000152,0,0,0.274833
1336,28-May-09,24:00:00,129.020961,0.212553,0.000127,0.000127,0,0,0.266832
1337,29-May-09,24:00:00,129.000107,0.185838,0.000107,0.000107,0,0,0.259297
1338,30-May-09,24:00:00,129.00009,0.163632,0.00009,0.00009,0,0,0.253007
1339,31-May-09,24:00:00,129.979242,0.182546,0.000076,0.000076,0,0,0.246747
1340,1-Jun-09,24:00:00,104.54173,0.174378,0.000063,0.000063,0,0,0.240427
1341,2-Jun-09,24:00:00,104.000053,0.170912,0.000053,0.000053,0,0,0.234595
1342,3-Jun-09,24:00:00,104.000045,0.150057,0.000045,0.000045,0,0,0.229289
1343,4-Jun-09,24:00:00,104.000038,0.095839,0.000038,0.000038,0,0,0.225334
1344,5-Jun-09,24:00:00,104.783368,0.076748,0.000032,0.000032,0,0,0.222495
1345,6-Jun-09,24:00:00,104.80003,0.170112,0.000027,0.000027,0,0,0.218593
1346,7-Jun-09,24:00:00,104.016689,0.182689,0.000022,0.000022,0,0,0.213184
1347,8-Jun-09,24:00:00,104.000019,0.189037,0.000019,0.000019,0,0,0.207674
1348,9-Jun-09,24:00:00,104.000016,0.155749,0.000016,0.000016,0,0,0.202552
1349,10-Jun-09,24:00:00,104.000013,0.139164,0.000013,0.000013,0,0,0.198361
1350,11-Jun-09,24:00:00,104.000011,0.162354,0.000011,0.000011,0,0,0.194106
1351,12-Jun-09,24:00:00,104.000009,0.176253,0.000009,0.000009,0,0,0.189544
1352,13-Jun-09,24:00:00,104.000008,0.145665,0.000008,0.000008,0,0,0.185177
1353,14-Jun-09,24:00:00,104.000007,0.149615,0.000007,0.000007,0,0,0.181278
1354,15-Jun-09,24:00:00,104.783342,0.161519,0.000006,0.000006,0,0,0.177272
1355,16-Jun-09,24:00:00,104.016671,0.204301,0.000005,0.000005,0,0,0.172766
1356,17-Jun-09,24:00:00,104.000004,0.203473,0.000004,0.000004,0,0,0.16777
1357,18-Jun-09,24:00:00,104.000003,0.23616,0.000003,0.000003,0,0,0.162704
1358,19-Jun-09,24:00:00,104.783339,0.202905,0.000003,0.000003,0,0,0.157551
1359,20-Jun-09,24:00:00,104.016669,0.179094,0.000002,0.000002,0,0,0.153318
1360,21-Jun-09,24:00:00,104.000002,0.182657,0.000002,0.000002,0,0,0.149313
1361,22-Jun-09,24:00:00,104.000002,0.199848,0.000002,0.000002,0,0,0.145345
1362,23-Jun-09,24:00:00,104.783338,0.221572,0.000001,0.000001,0,0,0.141087
1363,24-Jun-09,24:00:00,104.016668,0.221414,0.000001,0.000001,0,0,0.136658
1364,25-Jun-09,24:00:00,104.000001,0.219008,0.000001,0.000001,0,0,0.132457
1365,26-Jun-09,24:00:00,104.000001,0.20869,0.000001,0.000001,0,0,0.128411
1366,27-Jun-09,24:00:00,104.000001,0.222726,0.000001,0.000001,0,0,0.124525
1367,28-Jun-09,24:00:00,104.000001,0.231102,0.000001,0.000001,0,0,0.120556
1368,29-Jun-09,24:00:00,103.216672,0.097809,0,0,0,0,0.117883
1369,30-Jun-09,24:00:00,103.200005,0.223967,0,0,0,0,0.115099
1370,1-Jul-09,24:00:00,103.200005,0.215099,0,0,0,0,0.111524
1371,2-Jul-09,24:00:00,103.983334,0.216469,0,0,0,0,0.10815
1372,3-Jul-09,24:00:00,103.216671,0.21075,0,0,0,0,0.104861
1373,4-Jul-09,24:00:00,103.200005,0.199417,0,0,0,0,0.101839
1374,5-Jul-09,24:00:00,103.200005,0.17328,0,0,0,0,0.099191
1375,6-Jul-09,24:00:00,103.983334,0.188538,0,0,0,0,0.096638
1376,7-Jul-09,24:00:00,104,0.216761,0,0,0,0,0.09394
1377,8-Jul-09,24:00:00,104,0.210542,0,0,0,0,0.091028
1378,9-Jul-09,24:00:00,104,0.187669,0,0,0,0,0.088479
1379,10-Jul-09,24:00:00,104,0.208498,0,0,0,0,0.086024
1380,11-Jul-09,24:00:00,104,0.203233,0,0,0,0,0.083519
1381,12-Jul-09,24:00:00,103.216671,0.207861,0,0,0,0,0.081105
1382,13-Jul-09,24:00:00,103.200005,0.210688,0,0,0,0,0.078715
1383,14-Jul-09,24:00:00,103.200005,0.219234,0,0,0,0,0.076326
1384,15-Jul-09,24:00:00,103.200005,0.230313,0,0,0,0,0.073927
1385,16-Jul-09,24:00:00,103.983333,0.216874,0,0,0,0,0.071579
1386,17-Jul-09,24:00:00,104,0.218175,0,0,0,0,0.069389
1387,18-Jul-09,24:00:00,104.783336,0.25224,0,0,0,0,0.067143
1388,19-Jul-09,24:00:00,104.016667,0.223957,0,0,0,0,0.064834
1389,20-Jul-09,24:00:00,104,0.237301,0,0,0,0,0.062782
1390,21-Jul-09,24:00:00,104,0.225449,0,0,0,0,0.060728
1391,22-Jul-09,24:00:00,104,0.21094,0,0,0,0,0.058834
1392,23-Jul-09,24:00:00,104.783336,0.217302,0,0,0,0,0.057074
1393,24-Jul-09,24:00:00,104.800003,0.207426,0,0,0,0,0.055366
1394,25-Jul-09,24:00:00,104.800003,0.206091,0,0,0,0,0.05374
1395,26-Jul-09,24:00:00,104.016667,0.226751,0,0,0,0,0.052115
1396,27-Jul-09,24:00:00,104,0.230769,0,0,0,0,0.050434
1397,28-Jul-09,24:00:00,104,0.21497,0,0,0,0,0.048852
1398,29-Jul-09,24:00:00,104,0.200638,0,0,0,0,0.047414
1399,30-Jul-09,24:00:00,104.783336,0.200266,0,0,0,0,0.046075
1400,31-Jul-09,24:00:00,104.016667,0.197301,0,0,0,0,0.044778
1401,1-Aug-09,24:00:00,103.216671,0.203533,0,0,0,0,0.043513
1402,2-Aug-09,24:00:00,103.983333,0.179685,0,0,0,0,0.04233
1403,3-Aug-09,24:00:00,104,0.161354,0,0,0,0,0.041313
1404,4-Aug-09,24:00:00,104,0.167143,0,0,0,0,0.040358
1405,5-Aug-09,24:00:00,104,0.178625,0,0,0,0,0.039361
1406,6-Aug-09,24:00:00,104,0.082659,0,0,0,0,0.038636
1407,7-Aug-09,24:00:00,104,0.170345,0,0,0,0,0.037936
1408,8-Aug-09,24:00:00,104,0.186147,0,0,0,0,0.036986
1409,9-Aug-09,24:00:00,103.216671,0.200981,0,0,0,0,0.035981
1410,10-Aug-09,24:00:00,103.200005,0.205164,0,0,0,0,0.034954
1411,11-Aug-09,24:00:00,103.200005,0.213993,0,0,0,0,0.033937
1412,12-Aug-09,24:00:00,103.200005,0.219643,0,0,0,0,0.032904
1413,13-Aug-09,24:00:00,103.983333,0.214964,0,0,0,0,0.031887
1414,14-Aug-09,24:00:00,104,0.188903,0,0,0,0,0.030953
1415,15-Aug-09,24:00:00,104,0.177674,0,0,0,0,0.030157
1416,16-Aug-09,24:00:00,104,0.194543,0,0,0,0,0.029376
1417,17-Aug-09,24:00:00,104,0.192628,0,0,0,0,0.028569
1418,18-Aug-09,24:00:00,104,0.186863,0,0,0,0,0.027803
1419,19-Aug-09,24:00:00,104,0.192238,0,0,0,0,0.027068
1420,20-Aug-09,24:00:00,104,0.173815,0,0,0,0,0.02637
1421,21-Aug-09,24:00:00,104,0.198171,0,0,0,0,0.025677
1422,22-Aug-09,24:00:00,104,0.193482,0,0,0,0,0.024969
1423,23-Aug-09,24:00:00,104,0.153834,0,0,0,0,0.024351
1424,24-Aug-09,24:00:00,104,0.170189,0,0,0,0,0.023787
1425,25-Aug-09,24:00:00,104,0.174153,0,0,0,0,0.02321
1426,26-Aug-09,24:00:00,104,0.18643,0,0,0,0,0.022624
1427,27-Aug-09,24:00:00,104,0.171409,0,0,0,0,0.022053
1428,28-Aug-09,24:00:00,104,0.193423,0,0,0,0,0.021486
1429,29-Aug-09,24:00:00,104,0.204119,0,0,0,0,0.020885
1430,30-Aug-09,24:00:00,104,0.172709,0,0,0,0,0.020322
1431,31-Aug-09,24:00:00,104.783336,0.15418,0,0,0,0,0.019851
1432,1-Sep-09,24:00:00,104.016667,0.159957,0,0,0,0,0.019409
1433,2-Sep-09,24:00:00,103.216671,0.168759,0,0,0,0,0.018961
1434,3-Sep-09,24:00:00,104.76667,0.180382,0,0,0,0,0.018498
1435,4-Sep-09,24:00:00,104.016667,0.17024,0,0,0,0,0.018041
1436,5-Sep-09,24:00:00,104,0.104953,0,0,0,0,0.017678
1437,6-Sep-09,24:00:00,104,0.154312,0,0,0,0,0.017357
1438,7-Sep-09,24:00:00,104,0.166279,0,0,0,0,0.016971
1439,8-Sep-09,24:00:00,104,0.157406,0,0,0,0,0.016578
1440,9-Sep-09,24:00:00,104,0.151533,0,0,0,0,0.016211
1441,10-Sep-09,24:00:00,104,0.154681,0,0,0,0,0.015862
1442,11-Sep-09,24:00:00,104,0.169309,0,0,0,0,0.015502
1443,12-Sep-09,24:00:00,104,0.160958,0,0,0,0,0.015126
1444,13-Sep-09,24:00:00,104,0.090047,0,0,0,0,0.014859
1445,14-Sep-09,24:00:00,104,0.1067,0,0,0,0,0.014662
1446,15-Sep-09,24:00:00,104,0.147858,0,0,0,0,0.014398
1447,16-Sep-09,24:00:00,83.633338,0.154852,0,0,0,0,0.014089
1448,17-Sep-09,24:00:00,73.799999,0.148366,0,0,0,0,0.013783
1449,18-Sep-09,24:00:00,73.599998,0.148385,0,0,0,0,0.013494
1450,19-Sep-09,24:00:00,73.599998,0.157522,0,0,0,0,0.013206
1451,20-Sep-09,24:00:00,73.599998,0.144675,0,0,0,0,0.012919
1452,21-Sep-09,24:00:00,73.599998,0.137061,0,0,0,0,0.01266
1453,22-Sep-09,24:00:00,72.81667,0.135743,0,0,0,0,0.012416
1454,23-Sep-09,24:00:00,73.583332,0.148024,0,0,0,0,0.012171
1455,24-Sep-09,24:00:00,73.599998,0.139392,0,0,0,0,0.01192
1456,25-Sep-09,24:00:00,73.599998,0.13805,0,0,0,0,0.011686
1457,26-Sep-09,24:00:00,72.81667,0.140615,0,0,0,0,0.011457
1458,27-Sep-09,24:00:00,72.800003,0.15523,0,0,0,0,0.011223
1459,28-Sep-09,24:00:00,72.800003,0.138213,0,0,0,0,0.010985
1460,29-Sep-09,24:00:00,73.583332,0.128785,0,0,0,0,0.010776
1461,30-Sep-09,24:00:00,73.599998,0.109021,0,0,0,0,0.010592
