Col number,,,1,2,3,4,5,6,7
Ordinate,Date,Time,Capella Gage FLOW,EF Russian 20 ET-POTENTIAL,EF Russian 20 FLOW,EF Russian 20 FLOW-BASE,EF Russian 20 INFILTRATION,EF Russian 20 PERC-SOIL,EF Russian 20 SATURATION FRACTION
Units,, ,CFS,IN,CFS,CFS,IN,IN,IN/IN
Type,,,PER-AVER,PER-CUM,PER-AVER,PER-AVER,PER-CUM,PER-CUM,PER-AVER
1,30-Sep-94,24:00:00,520.495967,0.003287,423.495967,423.495967,0.0,0.0,0.696394
2,01-Oct-94,24:00:00,414.352444,0.005274,317.352444,317.352444,0.0,0.0,0.686455
3,02-Oct-94,24:00:00,391.315048,0.00459,291.440048,291.440048,0.0,0.0,0.674863
4,03-Oct-94,24:00:00,340.958982,0.001289,261.083982,261.083982,0.0,0.0,0.667093
5,04-Oct-94,24:00:00,314.130699,0.002546,226.505699,226.505699,0.0,0.0,0.665947
6,05-Oct-94,24:00:00,281.10758,0.004107,193.10758,193.10758,0.0,0.0,0.662167
7,06-Oct-94,24:00:00,251.28173,0.004371,163.28173,163.28173,0.0,0.0,0.652668
8,07-Oct-94,24:00:00,225.54883,0.004052,137.54883,137.54883,0.0,0.0,0.642476
9,08-Oct-94,24:00:00,201.763081,0.003869,115.679748,115.679748,0.0,0.0,0.633198
10,09-Oct-94,24:00:00,183.216726,0.003947,97.216726,97.216726,0.0,0.0,0.623485
11,10-Oct-94,24:00:00,169.590987,0.003489,81.67432,81.67432,0.0,0.0,0.61472
12,11-Oct-94,24:00:00,154.690435,0.00417,68.607101,68.607101,0.0,0.0,0.605536
13,12-Oct-94,24:00:00,145.54365,0.004266,57.626983,57.626983,0.0,0.0,0.595627
14,13-Oct-94,24:00:00,134.486189,0.003793,48.402856,48.402856,0.0,0.0,0.586227
15,14-Oct-94,24:00:00,135.279719,0.004371,40.654719,40.654719,0.0,0.0,0.575509
16,15-Oct-94,24:00:00,132.021696,0.00372,34.146696,34.146696,0.0,0.0,0.566218
17,16-Oct-94,24:00:00,125.722082,0.002546,28.680415,28.680415,0.0,0.0,0.558662
18,17-Oct-94,24:00:00,121.089165,0.003796,24.089165,24.089165,0.0,0.0,0.551157
19,18-Oct-94,24:00:00,115.316221,0.003639,20.232888,20.232888,0.0,0.0,0.542214
20,19-Oct-94,24:00:00,113.9106,0.003237,16.993934,16.993934,0.0,0.0,0.533869
21,20-Oct-94,24:00:00,111.273482,0.003363,14.273482,14.273482,0.0,0.0,0.5259
22,21-Oct-94,24:00:00,108.98853,0.003153,11.98853,11.98853,0.0,0.0,0.518051
23,22-Oct-94,24:00:00,107.069361,0.003743,10.069361,10.069361,0.0,0.0,0.509959
24,23-Oct-94,24:00:00,105.45742,0.003036,8.45742,8.45742,0.0,0.0,0.501971
25,24-Oct-94,24:00:00,104.103524,0.001948,7.103524,7.103524,0.0,0.0,0.495718
26,25-Oct-94,24:00:00,102.966365,0.00203,5.966365,5.966365,0.0,0.0,0.490937
27,26-Oct-94,24:00:00,102.011247,0.002087,5.011247,5.011247,0.0,0.0,0.486059
28,27-Oct-94,24:00:00,104.084028,0.002778,4.209028,4.209028,0.0,0.0,0.480191
29,28-Oct-94,24:00:00,92.993564,0.002909,3.535231,3.535231,0.0,0.0,0.473385
30,29-Oct-94,24:00:00,97.719298,0.002845,2.969298,2.969298,0.0,0.0,0.466511
31,30-Oct-94,24:00:00,97.493962,0.002223,2.493962,2.493962,0.0,0.0,0.460419
32,31-Oct-94,24:00:00,97.094719,0.001547,2.094719,2.094719,0.0,0.0,0.457492
33,01-Nov-94,24:00:00,96.759388,0.002925,1.759388,1.759388,0.0,0.0,0.456264
34,02-Nov-94,24:00:00,98.394406,0.002412,1.477739,1.477739,0.0,0.0,0.451551
35,03-Nov-94,24:00:00,105.977546,0.001156,8.977546,1.241178,0.037288,0.0,0.460542
36,04-Nov-94,24:00:00,279.365498,0.000799,182.365498,1.042489,0.0312,0.0,0.599461
37,05-Nov-94,24:00:00,102.684908,0.000812,5.684908,0.875607,0.005253,0.0,0.622377
38,06-Nov-94,24:00:00,97.769089,0.002044,0.769089,0.735438,0.0,0.0,0.623366
39,07-Nov-94,24:00:00,97.617707,0.002018,0.617707,0.617707,0.0,0.0,0.6229
40,08-Nov-94,24:00:00,1678.852228,0.000699,1581.852097,212.358182,0.043226,0.010532,0.674252
41,09-Nov-94,24:00:00,370.395442,0.001604,245.603775,178.260689,0.0,0.0,0.7
42,10-Nov-94,24:00:00,156.876343,0.001033,47.16801,47.16801,0.0,0.0,0.7
43,11-Nov-94,24:00:00,129.890926,0.002303,26.640926,26.640926,0.0,0.0,0.699358
44,12-Nov-94,24:00:00,122.697426,0.001952,21.614093,21.614093,0.0,0.0,0.695879
45,13-Nov-94,24:00:00,116.648956,0.002235,18.523956,18.523956,0.0,0.0,0.691188
46,14-Nov-94,24:00:00,469.273844,0.00131,371.273844,360.663291,0.018924,0.013728,0.697287
47,15-Nov-94,24:00:00,289.245581,0.001734,191.245581,190.636101,0.0,0.0,0.7
48,16-Nov-94,24:00:00,303.449271,0.002146,202.574271,200.080877,0.004243,0.004243,0.70001
49,17-Nov-94,24:00:00,197.677296,0.002184,75.593963,75.571567,0.0,0.0,0.699968
50,18-Nov-94,24:00:00,154.80113,0.001464,48.092796,48.092796,0.0,0.0,0.698126
51,19-Nov-94,24:00:00,145.313673,0.000304,39.313673,39.313673,0.0,0.0,0.696024
52,20-Nov-94,24:00:00,136.493459,0.00127,33.368459,33.368459,0.0,0.0,0.694216
53,21-Nov-94,24:00:00,131.27603,0.00161,28.27603,28.27603,0.0,0.0,0.690732
54,22-Nov-94,24:00:00,123.985888,0.001183,23.860888,23.860888,0.0,0.0,0.68734
55,23-Nov-94,24:00:00,201.21139,0.000928,120.378057,113.225914,0.02475,0.014156,0.690696
56,24-Nov-94,24:00:00,1659.897083,0.00086,1577.980706,1328.820751,0.029527,0.033794,0.702248
57,25-Nov-94,24:00:00,764.184529,0.00155,641.934618,636.766761,0.005161,0.005161,0.700043
58,26-Nov-94,24:00:00,615.376982,0.000198,489.460315,483.847926,0.010003,0.010003,0.7
59,27-Nov-94,24:00:00,375.267859,0.00111,271.309526,270.770898,0.0,0.0,0.7
60,28-Nov-94,24:00:00,153.809423,0.001103,149.517756,149.517756,0.0,0.0,0.7
61,29-Nov-94,24:00:00,117.640741,0.001494,117.640741,117.640741,0.0,0.0,0.7
62,30-Nov-94,24:00:00,99.312092,0.000552,99.312092,99.312092,0.0,0.0,0.699864
63,01-Dec-94,24:00:00,157.955386,0.000737,84.16372,84.16372,0.0,0.0,0.698805
64,02-Dec-94,24:00:00,2086.766892,0.00043,2015.516892,1073.295215,0.045894,0.045012,0.70548
65,03-Dec-94,24:00:00,965.098365,0.001313,844.264792,757.775758,0.0,0.0,0.7
66,04-Dec-94,24:00:00,345.093941,0.000626,241.260608,241.260608,0.0,0.0,0.7
67,05-Dec-94,24:00:00,280.029755,0.000727,199.071422,198.210465,0.001466,0.001466,0.7
68,06-Dec-94,24:00:00,218.555884,0.001351,135.680884,135.672453,0.0,0.0,0.7
69,07-Dec-94,24:00:00,162.238231,0.001046,109.904898,109.904898,0.0,0.0,0.7
70,08-Dec-94,24:00:00,142.698282,0.001087,92.656615,92.656615,0.0,0.0,0.699963
71,09-Dec-94,24:00:00,129.211338,0.00043,78.253004,78.253004,0.0,0.0,0.6994
72,10-Dec-94,24:00:00,410.849821,0.000389,359.849821,268.835874,0.014444,0.013717,0.6998
73,11-Dec-94,24:00:00,602.884239,0.000408,549.967572,485.729854,0.006847,0.006847,0.700069
74,12-Dec-94,24:00:00,308.100459,0.000355,233.058792,232.257307,0.0,0.0,0.7
75,13-Dec-94,24:00:00,905.886272,0.000523,829.886272,813.982504,0.029955,0.029955,0.702388
76,14-Dec-94,24:00:00,599.623366,0.000592,509.248175,507.392123,0.0,0.0,0.7
77,15-Dec-94,24:00:00,353.564619,0.000483,273.106286,271.540963,0.002672,0.002672,0.7
78,16-Dec-94,24:00:00,228.890881,0.000552,149.849214,149.830297,0.0,0.0,0.7
79,17-Dec-94,24:00:00,269.8505,0.000865,189.892167,188.514849,0.002346,0.002346,0.700033
80,18-Dec-94,24:00:00,194.737281,0.000877,114.737281,114.723793,0.0,0.0,0.7
81,19-Dec-94,24:00:00,167.393049,0.000815,88.351382,88.351382,0.0,0.0,0.7
82,20-Dec-94,24:00:00,152.644788,0.001042,73.644788,73.644788,0.0,0.0,0.7
83,21-Dec-94,24:00:00,136.247245,0.001348,62.038912,62.038912,0.0,0.0,0.699201
84,22-Dec-94,24:00:00,128.155525,0.001392,52.238858,52.238858,0.0,0.0,0.696767
85,23-Dec-94,24:00:00,664.586881,0.001246,591.461664,579.171116,0.021384,0.019221,0.700404
86,24-Dec-94,24:00:00,323.779809,0.001963,246.946476,246.558397,0.0,0.0,0.7
87,25-Dec-94,24:00:00,173.220863,0.001226,99.095863,99.095863,0.0,0.0,0.699786
88,26-Dec-94,24:00:00,109.826214,0.00057,106.742881,106.094902,0.009209,0.008493,0.699404
89,27-Dec-94,24:00:00,316.618414,0.001636,316.618414,311.808153,0.0,0.0,0.7
90,28-Dec-94,24:00:00,104.713088,0.000973,104.713088,104.711102,0.0,0.0,0.7
91,29-Dec-94,24:00:00,66.631978,0.000964,66.631978,66.631978,0.0,0.0,0.7
92,30-Dec-94,24:00:00,54.083983,0.0006,54.083983,54.083983,0.0,0.0,0.699999
93,31-Dec-94,24:00:00,47.144447,0.000621,45.706947,45.706947,0.0,0.0,0.699975
94,01-Jan-95,24:00:00,111.547679,0.001708,38.651845,38.651845,0.0,0.0,0.699133
95,02-Jan-95,24:00:00,368.313021,0.00061,286.563021,280.352647,0.011452,0.010005,0.698936
96,03-Jan-95,24:00:00,300.755307,0.00085,220.671973,218.746975,0.002672,0.002672,0.7
97,04-Jan-95,24:00:00,860.641781,0.000705,769.142074,755.137516,0.024623,0.024623,0.701454
98,05-Jan-95,24:00:00,908.675316,0.000544,816.675492,805.683111,0.030412,0.029206,0.70095
99,06-Jan-95,24:00:00,3592.636667,0.000859,3500.636667,2019.305,0.059262,0.057857,0.71375
100,07-Jan-95,24:00:00,7795.940833,0.000972,7719.274167,2437.56625,0.079978,0.059417,0.735378
101,08-Jan-95,24:00:00,7918.295417,0.001013,7913.69125,2708.48,0.054908,0.060418,0.758844
102,09-Jan-95,24:00:00,2777.189167,0.001292,2775.689167,2532.982083,0.02263,0.040291,0.711959
103,10-Jan-95,24:00:00,2041.657917,0.000905,2041.595417,2021.3975,0.030126,0.030126,0.701479
104,11-Jan-95,24:00:00,2276.110833,0.000975,2276.110833,1912.646667,0.038943,0.036789,0.704392
105,12-Jan-95,24:00:00,4964.42375,0.000787,4962.98625,2443.583333,0.080884,0.061213,0.732144
106,13-Jan-95,24:00:00,3265.949167,0.000841,3264.449167,2752.151667,0.018898,0.040723,0.722719
107,14-Jan-95,24:00:00,1336.163877,0.000822,1336.101377,1334.263075,0.002381,0.002381,0.7
108,15-Jan-95,24:00:00,702.908706,0.001281,702.908706,702.897121,0.0,0.0,0.7
109,16-Jan-95,24:00:00,534.918048,0.000916,533.480548,533.480548,0.0,0.0,0.7
110,17-Jan-95,24:00:00,445.454214,0.000865,445.391714,445.391714,0.0,0.0,0.7
111,18-Jan-95,24:00:00,376.340281,0.001612,376.340281,376.340281,0.0,0.0,0.698756
112,19-Jan-95,24:00:00,317.48757,0.001451,317.48757,317.48757,0.0,0.0,0.694954
113,20-Jan-95,24:00:00,348.731526,0.001007,267.273193,267.273193,0.0,0.0,0.694356
114,21-Jan-95,24:00:00,1474.184611,0.000673,1362.351112,1230.230649,0.054524,0.051859,0.703505
115,22-Jan-95,24:00:00,1754.307917,0.000581,1641.307917,1588.652917,0.031,0.028655,0.701321
116,23-Jan-95,24:00:00,1562.017057,0.000672,1449.016987,1433.076916,0.012408,0.015067,0.700274
117,24-Jan-95,24:00:00,775.855958,0.000814,662.855958,660.486345,0.003973,0.003973,0.7
118,25-Jan-95,24:00:00,1357.607026,0.000328,1244.607217,894.392882,0.025107,0.025107,0.702735
119,26-Jan-95,24:00:00,1242.301137,0.000502,1129.301667,1064.128771,0.013878,0.013878,0.7
120,27-Jan-95,24:00:00,1002.061099,0.000664,889.060726,881.930493,0.010576,0.010576,0.7
121,28-Jan-95,24:00:00,539.729666,0.001279,426.729666,426.545279,0.00493,0.004322,0.700061
122,29-Jan-95,24:00:00,1648.906415,0.000961,1535.906487,1488.499678,0.037253,0.037861,0.705414
123,30-Jan-95,24:00:00,811.47145,0.001459,699.429729,698.09823,0.001116,0.001116,0.7
124,31-Jan-95,24:00:00,564.775163,0.001616,454.69183,452.729347,0.002496,0.002496,0.7
125,01-Feb-95,24:00:00,418.568348,0.001566,308.568348,308.091496,0.001038,0.001038,0.7
126,02-Feb-95,24:00:00,359.997156,0.002364,248.08049,247.921979,0.0,0.0,0.7
127,03-Feb-95,24:00:00,309.805902,0.001922,196.847569,196.847569,0.0,0.0,0.699759
128,04-Feb-95,24:00:00,287.190332,0.000816,164.606998,164.606998,0.0,0.0,0.69833
129,05-Feb-95,24:00:00,246.232756,0.001186,138.566089,138.566089,0.0,0.0,0.69603
130,06-Feb-95,24:00:00,237.010716,0.001958,116.594049,116.594049,0.0,0.0,0.692183
131,07-Feb-95,24:00:00,216.147431,0.001843,98.022431,98.022431,0.0,0.0,0.68768
132,08-Feb-95,24:00:00,205.159199,0.002565,82.367532,82.367532,0.0,0.0,0.682477
133,09-Feb-95,24:00:00,190.279164,0.001616,69.195831,69.195831,0.0,0.0,0.677456
134,10-Feb-95,24:00:00,179.123923,0.000965,58.123923,58.123923,0.0,0.0,0.67422
135,11-Feb-95,24:00:00,169.821159,0.001672,48.821159,48.821159,0.0,0.0,0.67121
136,12-Feb-95,24:00:00,157.843752,0.000821,42.593752,41.006401,0.002876,0.0,0.673178
137,13-Feb-95,24:00:00,149.559801,0.002352,34.559801,34.442222,0.0,0.0,0.675839
138,14-Feb-95,24:00:00,119.01202,0.002369,28.928687,28.928687,0.0,0.0,0.674604
139,15-Feb-95,24:00:00,28.006049,0.001811,24.297716,24.297716,0.0,0.0,0.670761
140,16-Feb-95,24:00:00,20.408062,0.001093,20.408062,20.408062,0.0,0.0,0.66709
141,17-Feb-95,24:00:00,18.578569,0.002638,17.141069,17.141069,0.0,0.0,0.662857
142,18-Feb-95,24:00:00,96.876231,0.002978,14.397064,14.397064,0.0,0.0,0.656114
143,19-Feb-95,24:00:00,97.133995,0.003187,12.092329,12.092329,0.0,0.0,0.648714
144,20-Feb-95,24:00:00,95.156544,0.003378,10.156544,10.156544,0.0,0.0,0.640928
145,21-Feb-95,24:00:00,93.530646,0.003126,8.530646,8.530646,0.0,0.0,0.633056
146,22-Feb-95,24:00:00,123.790028,0.002109,7.165028,7.165028,0.0,0.0,0.626856
147,23-Feb-95,24:00:00,116.351357,0.002917,6.018024,6.018024,0.0,0.0,0.620744
148,24-Feb-95,24:00:00,114.096302,0.003038,5.054636,5.054636,0.0,0.0,0.613732
149,25-Feb-95,24:00:00,113.245471,0.002173,4.245471,4.245471,0.0,0.0,0.607392
150,26-Feb-95,24:00:00,112.56584,0.001763,3.56584,3.56584,0.0,0.0,0.602637
151,27-Feb-95,24:00:00,104.32834,0.002305,2.995007,2.995007,0.0,0.0,0.597595
152,28-Feb-95,24:00:00,97.765555,0.001856,2.515555,2.515555,0.0,0.0,0.592512
153,01-Mar-95,24:00:00,103.954592,0.000982,8.954592,2.112855,0.013284,0.0,0.606578
154,02-Mar-95,24:00:00,109.4929,0.001476,11.6179,1.774622,0.015094,0.0,0.653526
155,03-Mar-95,24:00:00,99.630563,0.001846,1.630563,1.490534,0.0,0.0,0.65826
156,04-Mar-95,24:00:00,99.251924,0.002402,1.251924,1.251924,0.0,0.0,0.656916
157,05-Mar-95,24:00:00,8.009845,0.002899,1.051512,1.051512,0.0,0.0,0.65135
158,06-Mar-95,24:00:00,34.549849,0.002812,0.883182,0.883182,0.0,0.0,0.644842
159,07-Mar-95,24:00:00,849.637954,0.000869,840.896287,383.899098,0.060722,0.030051,0.679812
160,08-Mar-95,24:00:00,7225.89375,0.001986,7219.73125,1926.26,0.043556,0.049572,0.720195
161,09-Mar-95,24:00:00,3050.666667,0.00117,3050.4125,1597.520417,0.053285,0.044024,0.713457
162,10-Mar-95,24:00:00,2439.765,0.001238,2439.765,2143.950417,0.027422,0.036684,0.703631
163,11-Mar-95,24:00:00,837.745276,0.002051,837.745276,836.251331,0.001042,0.000948,0.700009
164,12-Mar-95,24:00:00,2495.738428,0.001236,2495.738428,1793.415138,0.074727,0.062721,0.717644
165,13-Mar-95,24:00:00,4273.82125,0.000883,4273.82125,2627.385,0.053004,0.059708,0.739507
166,14-Mar-95,24:00:00,1843.667732,0.003338,1843.667732,1712.275232,0.0,0.005396,0.700369
167,15-Mar-95,24:00:00,672.772187,0.003551,672.772187,672.772187,0.0,0.0,0.697048
168,16-Mar-95,24:00:00,456.755625,0.002786,456.755625,456.755625,0.0,0.0,0.690158
169,17-Mar-95,24:00:00,1067.317028,0.002105,994.483488,928.365456,0.024856,0.019132,0.700152
170,18-Mar-95,24:00:00,609.25459,0.00194,533.254589,531.942113,0.003095,0.003095,0.7
171,19-Mar-95,24:00:00,2826.492414,0.001921,2752.409081,1365.164526,0.034428,0.034428,0.7036
172,20-Mar-95,24:00:00,1113.195501,0.001307,1039.195348,993.014167,0.011315,0.011315,0.7
173,21-Mar-95,24:00:00,1909.313195,0.001098,1833.396528,1706.609794,0.04658,0.04658,0.702771
174,22-Mar-95,24:00:00,1570.30125,0.001108,1491.42625,1475.992083,0.020296,0.020296,0.70035
175,23-Mar-95,24:00:00,779.533276,0.003473,702.449964,701.567407,0.0,0.0,0.7
176,24-Mar-95,24:00:00,476.054104,0.004163,400.012437,400.012437,0.0,0.0,0.695752
177,25-Mar-95,24:00:00,390.545128,0.004081,314.545128,314.545128,0.0,0.0,0.686116
178,26-Mar-95,24:00:00,340.601834,0.004454,264.601834,264.601834,0.0,0.0,0.675854
179,27-Mar-95,24:00:00,299.811173,0.00522,223.811173,223.811173,0.0,0.0,0.664388
180,28-Mar-95,24:00:00,264.799143,0.004681,188.799143,188.799143,0.0,0.0,0.652539
181,29-Mar-95,24:00:00,234.916086,0.003798,158.916086,158.916086,0.0,0.0,0.642227
182,30-Mar-95,24:00:00,209.608215,0.002915,133.608215,133.608215,0.0,0.0,0.634068
183,31-Mar-95,24:00:00,186.352718,0.004558,112.269384,112.269384,0.0,0.0,0.624857
184,01-Apr-95,24:00:00,170.232002,0.004915,94.315335,94.315335,0.0,0.0,0.613676
185,02-Apr-95,24:00:00,155.223801,0.005118,79.223801,79.223801,0.0,0.0,0.601621
186,03-Apr-95,24:00:00,140.627204,0.004139,66.54387,66.54387,0.0,0.0,0.590869
187,04-Apr-95,24:00:00,58.975536,0.003386,55.892203,55.892203,0.0,0.0,0.581583
188,05-Apr-95,24:00:00,64.160054,0.001115,64.160054,46.945139,0.033663,0.0,0.626532
189,06-Apr-95,24:00:00,218.599302,0.002316,218.599302,202.238667,0.024067,0.006538,0.688086
190,07-Apr-95,24:00:00,466.913487,0.001604,349.038487,343.383723,0.009176,0.009176,0.700266
191,08-Apr-95,24:00:00,300.98087,0.004269,177.022537,176.584163,0.0,0.0,0.69894
192,09-Apr-95,24:00:00,198.17313,0.005146,75.131464,75.131464,0.0,0.0,0.691269
193,10-Apr-95,24:00:00,177.615894,0.004173,54.615894,54.615894,0.0,0.0,0.679943
194,11-Apr-95,24:00:00,192.373935,0.002001,68.415601,47.312791,0.014543,0.001607,0.675703
195,12-Apr-95,24:00:00,492.32304,0.003353,369.281373,226.241972,0.003796,0.004141,0.7
196,13-Apr-95,24:00:00,196.898756,0.004293,73.898756,73.883313,0.0,0.0,0.696504
197,14-Apr-95,24:00:00,169.024077,0.001417,46.024077,44.735382,0.002735,0.0,0.693377
198,15-Apr-95,24:00:00,159.226321,0.004414,36.226321,35.893658,0.0,0.0,0.69598
199,16-Apr-95,24:00:00,135.084463,0.002614,30.292796,30.292796,0.0,0.0,0.691838
200,17-Apr-95,24:00:00,78.829187,0.004948,25.620854,25.620854,0.0,0.0,0.68269
201,18-Apr-95,24:00:00,137.771442,0.004115,21.604775,21.604775,0.0,0.0,0.671713
202,19-Apr-95,24:00:00,137.180881,0.004428,18.180881,18.180881,0.0,0.0,0.66586
203,20-Apr-95,24:00:00,131.408709,0.005243,15.283709,15.283709,0.0,0.0,0.657707
204,21-Apr-95,24:00:00,130.758679,0.005993,12.842012,12.842012,0.0,0.0,0.644314
205,22-Apr-95,24:00:00,126.871392,0.006137,10.788059,10.788059,0.0,0.0,0.629763
206,23-Apr-95,24:00:00,113.561747,0.006775,9.061747,9.061747,0.0,0.0,0.614481
207,24-Apr-95,24:00:00,117.361359,0.006234,7.611359,7.611359,0.0,0.0,0.598703
208,25-Apr-95,24:00:00,118.309663,0.005115,6.392996,6.392996,0.0,0.0,0.584845
209,26-Apr-95,24:00:00,107.901603,0.003099,6.44327,5.369616,0.001898,0.0,0.581638
210,27-Apr-95,24:00:00,119.225887,0.001818,7.68422,4.510042,0.023214,0.0,0.590687
211,28-Apr-95,24:00:00,153.50971,0.002535,43.426377,3.788073,0.022749,0.0,0.68669
212,29-Apr-95,24:00:00,176.257575,0.004207,67.216034,31.080444,0.014635,0.007579,0.692569
213,30-Apr-95,24:00:00,2339.386735,0.004268,2229.428462,966.369478,0.022381,0.024127,0.703633
214,01-May-95,24:00:00,388.468919,0.00385,278.468919,269.32014,0.0,0.0,0.695428
215,02-May-95,24:00:00,222.142636,0.004798,101.600969,101.600969,0.0,0.0,0.685168
216,03-May-95,24:00:00,197.577092,0.004794,71.785425,71.785425,0.0,0.0,0.673831
217,04-May-95,24:00:00,187.550566,0.004326,60.592233,60.592233,0.0,0.0,0.662644
218,05-May-95,24:00:00,178.866048,0.004978,51.866048,51.866048,0.0,0.0,0.651594
219,06-May-95,24:00:00,170.103936,0.005491,44.062269,44.062269,0.0,0.0,0.639082
220,07-May-95,24:00:00,164.173518,0.004301,37.215184,37.215184,0.0,0.0,0.627399
221,08-May-95,24:00:00,157.379024,0.002591,31.337357,31.337357,0.0,0.0,0.619097
222,09-May-95,24:00:00,131.267352,0.005321,26.350685,26.350685,0.0,0.0,0.609474
223,10-May-95,24:00:00,126.143476,0.004767,22.143476,22.143476,0.0,0.0,0.597576
224,11-May-95,24:00:00,131.82649,0.001287,23.034823,18.602767,0.016269,0.0,0.599334
225,12-May-95,24:00:00,131.672494,0.003391,22.672494,15.626301,0.00314,0.0,0.634416
226,13-May-95,24:00:00,115.224818,0.003896,13.891485,13.12536,0.005022,0.0,0.634009
227,14-May-95,24:00:00,130.254008,0.002355,17.754008,11.02443,0.007626,0.0,0.658413
228,15-May-95,24:00:00,122.291622,0.005099,9.291622,9.259692,0.0,0.0,0.655793
229,16-May-95,24:00:00,120.777404,0.005427,7.777404,7.777404,0.0,0.0,0.645121
230,17-May-95,24:00:00,122.407382,0.006422,6.532382,6.532382,0.0,0.0,0.630837
231,18-May-95,24:00:00,115.736659,0.006916,5.486659,5.486659,0.0,0.0,0.615024
232,19-May-95,24:00:00,94.483336,0.004844,4.608336,4.608336,0.0,0.0,0.600658
233,20-May-95,24:00:00,9.016451,0.003296,3.870617,3.870617,0.0,0.0,0.591122
234,21-May-95,24:00:00,79.021828,0.004708,3.250995,3.250995,0.0,0.0,0.581601
235,22-May-95,24:00:00,98.980563,0.006914,2.730563,2.730563,0.0,0.0,0.5677
236,23-May-95,24:00:00,99.293445,0.006766,2.293445,2.293445,0.0,0.0,0.551149
237,24-May-95,24:00:00,102.759635,0.007398,1.926301,1.926301,0.0,0.0,0.533979
238,25-May-95,24:00:00,104.534598,0.005712,1.617932,1.617932,0.0,0.0,0.51841
239,26-May-95,24:00:00,104.358927,0.007106,1.358927,1.358927,0.0,0.0,0.503052
240,27-May-95,24:00:00,104.141385,0.007252,1.141385,1.141385,0.0,0.0,0.485782
241,28-May-95,24:00:00,103.958668,0.008128,0.958668,0.958668,0.0,0.0,0.467499
242,29-May-95,24:00:00,103.805201,0.006834,0.805201,0.805201,0.0,0.0,0.449463
243,30-May-95,24:00:00,103.676301,0.006973,0.676301,0.676301,0.0,0.0,0.432881
244,31-May-95,24:00:00,86.126373,0.004188,0.568036,0.568036,0.0,0.0,0.419552
245,01-Jun-95,24:00:00,85.277106,0.00505,0.477103,0.477103,0.0,0.0,0.408934
246,02-Jun-95,24:00:00,85.967392,0.006289,0.400727,0.400727,0.0,0.0,0.39711
247,03-Jun-95,24:00:00,83.636581,0.00667,0.336577,0.336577,0.0,0.0,0.384559
248,04-Jun-95,24:00:00,83.482701,0.006441,0.282696,0.282696,0.0,0.0,0.373441
249,05-Jun-95,24:00:00,83.437446,0.004919,0.237441,0.237441,0.0,0.0,0.364425
250,06-Jun-95,24:00:00,82.632766,0.006584,0.199431,0.199431,0.0,0.0,0.356438
251,07-Jun-95,24:00:00,83.334176,0.007186,0.167505,0.167505,0.0,0.0,0.348306
252,08-Jun-95,24:00:00,85.640689,0.005216,0.14069,0.14069,0.0,0.0,0.340757
253,09-Jun-95,24:00:00,83.418172,0.006367,0.118168,0.118168,0.0,0.0,0.334158
254,10-Jun-95,24:00:00,84.832588,0.007273,0.099251,0.099251,0.0,0.0,0.326403
255,11-Jun-95,24:00:00,83.350034,0.007333,0.083363,0.083363,0.0,0.0,0.318326
256,12-Jun-95,24:00:00,83.270022,0.004899,0.070018,0.070018,0.0,0.0,0.311499
257,13-Jun-95,24:00:00,87.458965,0.001675,2.725628,0.058809,0.02091,0.0,0.315831
258,14-Jun-95,24:00:00,98.414615,0.004593,13.614612,0.049395,0.006535,0.0,0.373882
259,15-Jun-95,24:00:00,82.581697,0.003235,0.081695,0.041488,0.0,0.0,0.371689
260,16-Jun-95,24:00:00,83.201517,0.002996,0.034846,0.034846,0.0,0.0,0.366853
261,17-Jun-95,24:00:00,83.229272,0.004389,0.029268,0.029268,0.0,0.0,0.361622
262,18-Jun-95,24:00:00,83.224587,0.006053,0.024582,0.024582,0.0,0.0,0.354564
263,19-Jun-95,24:00:00,82.453982,0.006873,0.020647,0.020647,0.0,0.0,0.346635
264,20-Jun-95,24:00:00,83.184013,0.007382,0.017342,0.017342,0.0,0.0,0.338276
265,21-Jun-95,24:00:00,76.314566,0.007918,0.014566,0.014566,0.0,0.0,0.329529
266,22-Jun-95,24:00:00,75.245572,0.00852,0.012234,0.012234,0.0,0.0,0.320449
267,23-Jun-95,24:00:00,75.976942,0.006643,0.010276,0.010276,0.0,0.0,0.312359
268,24-Jun-95,24:00:00,100.541963,0.008356,0.008631,0.008631,0.0,0.0,0.304231
269,25-Jun-95,24:00:00,101.607247,0.008701,0.007249,0.007249,0.0,0.0,0.295509
270,26-Jun-95,24:00:00,100.839425,0.007322,0.006088,0.006088,0.0,0.0,0.287474
271,27-Jun-95,24:00:00,98.505116,0.007161,0.005114,0.005114,0.0,0.0,0.28046
272,28-Jun-95,24:00:00,100.704298,0.007173,0.004295,0.004295,0.0,0.0,0.273591
273,29-Jun-95,24:00:00,103.103612,0.005589,0.003608,0.003608,0.0,0.0,0.267679
274,30-Jun-95,24:00:00,101.669695,0.005779,0.00303,0.00303,0.0,0.0,0.26243
275,01-Jul-95,24:00:00,77.069212,0.005715,0.002545,0.002545,0.0,0.0,0.257443
276,02-Jul-95,24:00:00,100.535469,0.007959,0.002138,0.002138,0.0,0.0,0.251541
277,03-Jul-95,24:00:00,74.001798,0.008238,0.001795,0.001795,0.0,0.0,0.244539
278,04-Jul-95,24:00:00,72.801511,0.007757,0.001508,0.001508,0.0,0.0,0.237931
279,05-Jul-95,24:00:00,99.634603,0.007809,0.001267,0.001267,0.0,0.0,0.231534
280,06-Jul-95,24:00:00,100.801067,0.007546,0.001064,0.001064,0.0,0.0,0.225555
281,07-Jul-95,24:00:00,100.800896,0.005508,0.000894,0.000894,0.0,0.0,0.220571
282,08-Jul-95,24:00:00,100.800754,0.005256,0.00075,0.00075,0.0,0.0,0.216558
283,09-Jul-95,24:00:00,100.800633,0.005545,0.00063,0.00063,0.0,0.0,0.212453
284,10-Jul-95,24:00:00,98.500531,0.005474,0.000529,0.000529,0.0,0.0,0.208489
285,11-Jul-95,24:00:00,99.167116,0.005651,0.000445,0.000445,0.0,0.0,0.204581
286,12-Jul-95,24:00:00,99.200378,0.008306,0.000374,0.000374,0.0,0.0,0.199905
287,13-Jul-95,24:00:00,99.200318,0.008256,0.000314,0.000314,0.0,0.0,0.194214
288,14-Jul-95,24:00:00,98.433598,0.008204,0.000264,0.000264,0.0,0.0,0.188758
289,15-Jul-95,24:00:00,100.700224,0.009031,0.000221,0.000221,0.0,0.0,0.183403
290,16-Jul-95,24:00:00,100.800189,0.004126,0.000186,0.000186,0.0,0.0,0.179102
291,17-Jul-95,24:00:00,98.500158,0.006471,0.000156,0.000156,0.0,0.0,0.176123
292,18-Jul-95,24:00:00,98.400133,0.007218,0.000131,0.000131,0.0,0.0,0.173109
293,19-Jul-95,24:00:00,88.433444,0.006442,0.00011,0.00011,0.0,0.0,0.169382
294,20-Jul-95,24:00:00,98.73343,0.006394,9.2e-05,9.2e-05,0.0,0.0,0.16565
295,21-Jul-95,24:00:00,100.733414,0.00524,7.8e-05,7.8e-05,0.0,0.0,0.162368
296,22-Jul-95,24:00:00,92.366732,0.006542,6.5e-05,6.5e-05,0.0,0.0,0.159126
297,23-Jul-95,24:00:00,98.900059,0.005108,5.5e-05,5.5e-05,0.0,0.0,0.155966
298,24-Jul-95,24:00:00,99.200051,0.00577,4.6e-05,4.6e-05,0.0,0.0,0.153084
299,25-Jul-95,24:00:00,100.733375,0.00795,3.9e-05,3.9e-05,0.0,0.0,0.149575
300,26-Jul-95,24:00:00,99.266704,0.008195,3.2e-05,3.2e-05,0.0,0.0,0.145462
301,27-Jul-95,24:00:00,99.200032,0.007933,2.7e-05,2.7e-05,0.0,0.0,0.14147
302,28-Jul-95,24:00:00,99.200027,0.007059,2.3e-05,2.3e-05,0.0,0.0,0.137885
303,29-Jul-95,24:00:00,101.500018,0.006902,1.9e-05,1.9e-05,0.0,0.0,0.134522
304,30-Jul-95,24:00:00,83.200018,0.007643,1.6e-05,1.6e-05,0.0,0.0,0.131284
305,31-Jul-95,24:00:00,100.03335,0.008149,1.4e-05,1.4e-05,0.0,0.0,0.127788
306,01-Aug-95,24:00:00,100.800014,0.008163,1.1e-05,1.1e-05,0.0,0.0,0.12425
307,02-Aug-95,24:00:00,100.800013,0.007655,1e-05,1e-05,0.0,0.0,0.120915
308,03-Aug-95,24:00:00,100.800011,0.007955,8e-06,8e-06,0.0,0.0,0.117795
309,04-Aug-95,24:00:00,101.566672,0.006757,7e-06,7e-06,0.0,0.0,0.114777
310,05-Aug-95,24:00:00,100.833342,0.007281,6e-06,6e-06,0.0,0.0,0.1121
311,06-Aug-95,24:00:00,99.266676,0.007584,5e-06,5e-06,0.0,0.0,0.109248
312,07-Aug-95,24:00:00,99.200009,0.007259,4e-06,4e-06,0.0,0.0,0.106466
313,08-Aug-95,24:00:00,99.200008,0.008021,3e-06,3e-06,0.0,0.0,0.103761
314,09-Aug-95,24:00:00,99.200007,0.00615,3e-06,3e-06,0.0,0.0,0.101208
315,10-Aug-95,24:00:00,99.200007,0.006822,2e-06,2e-06,0.0,0.0,0.099
316,11-Aug-95,24:00:00,99.200007,0.007578,2e-06,2e-06,0.0,0.0,0.096609
317,12-Aug-95,24:00:00,99.200006,0.006133,2e-06,2e-06,0.0,0.0,0.094331
318,13-Aug-95,24:00:00,101.5,0.007686,1e-06,1e-06,0.0,0.0,0.092133
319,14-Aug-95,24:00:00,101.6,0.00743,1e-06,1e-06,0.0,0.0,0.0898
320,15-Aug-95,24:00:00,98.533336,0.006781,1e-06,1e-06,0.0,0.0,0.087619
321,16-Aug-95,24:00:00,94.566669,0.006471,1e-06,1e-06,0.0,0.0,0.085596
322,17-Aug-95,24:00:00,94.400002,0.006845,1e-06,1e-06,0.0,0.0,0.083704
323,18-Aug-95,24:00:00,94.400002,0.006109,1e-06,1e-06,0.0,0.0,0.081833
324,19-Aug-95,24:00:00,98.233335,0.007516,0.0,0.0,0.0,0.0,0.079999
325,20-Aug-95,24:00:00,98.400002,0.006508,0.0,0.0,0.0,0.0,0.078071
326,21-Aug-95,24:00:00,99.166672,0.006228,0.0,0.0,0.0,0.0,0.076421
327,22-Aug-95,24:00:00,99.200005,0.007204,0.0,0.0,0.0,0.0,0.074637
328,23-Aug-95,24:00:00,99.200005,0.006321,0.0,0.0,0.0,0.0,0.072907
329,24-Aug-95,24:00:00,98.433335,0.005986,0.0,0.0,0.0,0.0,0.071388
330,25-Aug-95,24:00:00,96.86667,0.00701,0.0,0.0,0.0,0.0,0.069856
331,26-Aug-95,24:00:00,100.633336,0.006692,0.0,0.0,0.0,0.0,0.068215
332,27-Aug-95,24:00:00,99.266672,0.006901,0.0,0.0,0.0,0.0,0.06666
333,28-Aug-95,24:00:00,47.833335,0.006289,0.0,0.0,0.0,0.0,0.065133
334,29-Aug-95,24:00:00,48.666666,0.006285,0.0,0.0,0.0,0.0,0.063738
335,30-Aug-95,24:00:00,48.799999,0.006442,0.0,0.0,0.0,0.0,0.062365
336,31-Aug-95,24:00:00,48.799999,0.006126,0.0,0.0,0.0,0.0,0.061025
337,01-Sep-95,24:00:00,97.100005,0.005808,0.0,0.0,0.0,0.0,0.05979
338,02-Sep-95,24:00:00,99.200005,0.005948,0.0,0.0,0.0,0.0,0.058608
339,03-Sep-95,24:00:00,99.200005,0.006274,0.0,0.0,0.0,0.0,0.057393
340,04-Sep-95,24:00:00,98.433335,0.006453,0.0,0.0,0.0,0.0,0.056156
341,05-Sep-95,24:00:00,98.400002,0.006666,0.0,0.0,0.0,0.0,0.054898
342,06-Sep-95,24:00:00,98.400002,0.006033,0.0,0.0,0.0,0.0,0.053695
343,07-Sep-95,24:00:00,98.400002,0.006128,0.0,0.0,0.0,0.0,0.052597
344,08-Sep-95,24:00:00,98.400002,0.005355,0.0,0.0,0.0,0.0,0.051594
345,09-Sep-95,24:00:00,98.400002,0.004713,0.0,0.0,0.0,0.0,0.050694
346,10-Sep-95,24:00:00,99.166672,0.00617,0.0,0.0,0.0,0.0,0.049752
347,11-Sep-95,24:00:00,99.200005,0.005576,0.0,0.0,0.0,0.0,0.048757
348,12-Sep-95,24:00:00,98.433335,0.005193,0.0,0.0,0.0,0.0,0.047847
349,13-Sep-95,24:00:00,98.400002,0.005784,0.0,0.0,0.0,0.0,0.046972
350,14-Sep-95,24:00:00,98.400002,0.005762,0.0,0.0,0.0,0.0,0.046061
351,15-Sep-95,24:00:00,83.833338,0.004747,0.0,0.0,0.0,0.0,0.045232
352,16-Sep-95,24:00:00,85.499998,0.006267,0.0,0.0,0.0,0.0,0.044402
353,17-Sep-95,24:00:00,100.166669,0.005624,0.0,0.0,0.0,0.0,0.043473
354,18-Sep-95,24:00:00,100.800003,0.00528,0.0,0.0,0.0,0.0,0.042666
355,19-Sep-95,24:00:00,96.96667,0.00599,0.0,0.0,0.0,0.0,0.04186
356,20-Sep-95,24:00:00,96.800003,0.004606,0.0,0.0,0.0,0.0,0.041104
357,21-Sep-95,24:00:00,95.266672,0.003444,0.0,0.0,0.0,0.0,0.040546
358,22-Sep-95,24:00:00,95.200005,0.004943,0.0,0.0,0.0,0.0,0.039955
359,23-Sep-95,24:00:00,95.200005,0.004034,0.0,0.0,0.0,0.0,0.039356
360,24-Sep-95,24:00:00,98.266669,0.004664,0.0,0.0,0.0,0.0,0.038771
361,25-Sep-95,24:00:00,99.166672,0.004882,0.0,0.0,0.0,0.0,0.038135
362,26-Sep-95,24:00:00,99.200005,0.004386,0.0,0.0,0.0,0.0,0.03754
363,27-Sep-95,24:00:00,98.433335,0.004533,0.0,0.0,0.0,0.0,0.036964
364,28-Sep-95,24:00:00,99.166672,0.004543,0.0,0.0,0.0,0.0,0.036386
365,29-Sep-95,24:00:00,99.200005,0.004297,0.0,0.0,0.0,0.0,0.035848
366,30-Sep-95,24:00:00,122.966667,0.004578,0.0,0.0,0.0,0.0,0.035296
367,01-Oct-95,24:00:00,124.0,0.00469,0.0,0.0,0.0,0.0,0.034745
368,02-Oct-95,24:00:00,124.0,0.005694,0.0,0.0,0.0,0.0,0.034145
369,03-Oct-95,24:00:00,123.041667,0.005203,0.0,0.0,0.0,0.0,0.033519
370,04-Oct-95,24:00:00,118.208333,0.004197,0.0,0.0,0.0,0.0,0.032966
371,05-Oct-95,24:00:00,122.791667,0.004178,0.0,0.0,0.0,0.0,0.032485
372,06-Oct-95,24:00:00,123.0,0.004109,0.0,0.0,0.0,0.0,0.032029
373,07-Oct-95,24:00:00,123.0,0.004223,0.0,0.0,0.0,0.0,0.031582
374,08-Oct-95,24:00:00,123.0,0.00408,0.0,0.0,0.0,0.0,0.031128
375,09-Oct-95,24:00:00,123.0,0.004112,0.0,0.0,0.0,0.0,0.030693
376,10-Oct-95,24:00:00,123.958333,0.002961,0.0,0.0,0.0,0.0,0.030344
377,11-Oct-95,24:00:00,123.041667,0.003684,0.0,0.0,0.0,0.0,0.029965
378,12-Oct-95,24:00:00,123.958333,0.0036,0.0,0.0,0.0,0.0,0.029604
379,13-Oct-95,24:00:00,121.125,0.003816,0.0,0.0,0.0,0.0,0.029233
380,14-Oct-95,24:00:00,103.75,0.00302,0.0,0.0,0.0,0.0,0.028895
381,15-Oct-95,24:00:00,122.166667,0.003739,0.0,0.0,0.0,0.0,0.02856
382,16-Oct-95,24:00:00,123.0,0.00422,0.0,0.0,0.0,0.0,0.028186
383,17-Oct-95,24:00:00,121.083333,0.003412,0.0,0.0,0.0,0.0,0.0278
384,18-Oct-95,24:00:00,121.0,0.003719,0.0,0.0,0.0,0.0,0.027466
385,19-Oct-95,24:00:00,116.208333,0.002875,0.0,0.0,0.0,0.0,0.027165
386,20-Oct-95,24:00:00,112.166667,0.003693,0.0,0.0,0.0,0.0,0.026853
387,21-Oct-95,24:00:00,112.0,0.002856,0.0,0.0,0.0,0.0,0.026556
388,22-Oct-95,24:00:00,106.25,0.00326,0.0,0.0,0.0,0.0,0.026278
389,23-Oct-95,24:00:00,109.833333,0.003114,0.0,0.0,0.0,0.0,0.02599
390,24-Oct-95,24:00:00,89.875,0.002436,0.0,0.0,0.0,0.0,0.025747
391,25-Oct-95,24:00:00,89.0,0.003517,0.0,0.0,0.0,0.0,0.025488
392,26-Oct-95,24:00:00,65.041667,0.001803,0.0,0.0,0.0,0.0,0.025248
393,27-Oct-95,24:00:00,57.291667,0.002332,0.0,0.0,0.0,0.0,0.025069
394,28-Oct-95,24:00:00,58.916667,0.003258,0.0,0.0,0.0,0.0,0.024832
395,29-Oct-95,24:00:00,60.916667,0.002246,0.0,0.0,0.0,0.0,0.024602
396,30-Oct-95,24:00:00,57.166667,0.001041,0.0,0.0,0.0,0.0,0.024457
397,31-Oct-95,24:00:00,8.220833,0.00208,0.0,0.0,0.0,0.0,0.024328
398,01-Nov-95,24:00:00,1.2125,0.002309,0.0,0.0,0.0,0.0,0.024147
399,02-Nov-95,24:00:00,1.0,0.002442,0.0,0.0,0.0,0.0,0.02395
400,03-Nov-95,24:00:00,1.0,0.001791,0.0,0.0,0.0,0.0,0.023776
401,04-Nov-95,24:00:00,1.958333,0.002001,0.0,0.0,0.0,0.0,0.023623
402,05-Nov-95,24:00:00,50.875,0.00217,0.0,0.0,0.0,0.0,0.023454
403,06-Nov-95,24:00:00,58.75,0.00234,0.0,0.0,0.0,0.0,0.023274
404,07-Nov-95,24:00:00,59.0,0.001997,0.0,0.0,0.0,0.0,0.023102
405,08-Nov-95,24:00:00,78.166667,0.001791,0.0,0.0,0.0,0.0,0.022954
406,09-Nov-95,24:00:00,116.375,0.002099,0.0,0.0,0.0,0.0,0.022801
407,10-Nov-95,24:00:00,174.541667,0.001861,0.0,0.0,0.0,0.0,0.022642
408,11-Nov-95,24:00:00,179.875,0.002262,0.0,0.0,0.0,0.0,0.022486
409,12-Nov-95,24:00:00,178.083333,0.002478,0.0,0.0,0.0,0.0,0.022302
410,13-Nov-95,24:00:00,178.0,0.002335,0.0,0.0,0.0,0.0,0.022118
411,14-Nov-95,24:00:00,178.0,0.00189,0.0,0.0,0.0,0.0,0.021962
412,15-Nov-95,24:00:00,178.0,0.001906,0.0,0.0,0.0,0.0,0.021818
413,16-Nov-95,24:00:00,273.833333,0.001762,0.0,0.0,0.0,0.0,0.021686
414,17-Nov-95,24:00:00,272.25,0.00178,0.0,0.0,0.0,0.0,0.02155
415,18-Nov-95,24:00:00,272.0,0.001127,0.0,0.0,0.0,0.0,0.021441
416,19-Nov-95,24:00:00,253.791667,0.002285,0.0,0.0,0.0,0.0,0.021325
417,20-Nov-95,24:00:00,276.958333,0.000642,0.0,0.0,0.0,0.0,0.021202
418,21-Nov-95,24:00:00,169.708333,0.001296,0.0,0.0,0.0,0.0,0.021138
419,22-Nov-95,24:00:00,168.805844,0.00205,0.930844,0.0,0.001876,0.0,0.023124
420,23-Nov-95,24:00:00,168.181535,0.001067,0.181535,0.0,0.0,0.0,0.025542
421,24-Nov-95,24:00:00,168.0,0.001127,0.0,0.0,0.0,0.0,0.025542
422,25-Nov-95,24:00:00,166.083333,0.002002,0.0,0.0,0.0,0.0,0.025524
423,26-Nov-95,24:00:00,168.875,0.002039,0.0,0.0,0.0,0.0,0.025405
424,27-Nov-95,24:00:00,170.916667,0.001603,0.0,0.0,0.0,0.0,0.025245
425,28-Nov-95,24:00:00,10.0,0.002061,0.0,0.0,0.0,0.0,0.025086
426,29-Nov-95,24:00:00,2.041667,0.001028,0.0,0.0,0.0,0.0,0.024952
427,30-Nov-95,24:00:00,9.446359,0.000784,5.050526,0.0,0.009331,0.0,0.038063
428,01-Dec-95,24:00:00,85.002448,0.0017,0.481615,0.0,0.0,0.0,0.047299
429,02-Dec-95,24:00:00,90.436449,0.000602,2.436449,0.0,0.014985,0.0,0.053368
430,03-Dec-95,24:00:00,99.075531,0.00052,11.075531,0.0,0.007948,0.0,0.099718
431,04-Dec-95,24:00:00,91.230973,0.000448,5.14764,0.0,0.008669,0.0,0.120395
432,05-Dec-95,24:00:00,87.993963,0.000755,0.077297,0.0,0.0,0.0,0.123145
433,06-Dec-95,24:00:00,148.375,0.001051,0.0,0.0,0.0,0.0,0.123145
434,07-Dec-95,24:00:00,207.541667,0.001229,0.0,0.0,0.0,0.0,0.123145
435,08-Dec-95,24:00:00,246.416667,0.0008,0.0,0.0,0.0,0.0,0.123126
436,09-Dec-95,24:00:00,256.837327,0.000481,9.79566,0.0,0.03242,0.0,0.143732
437,10-Dec-95,24:00:00,505.758685,0.000634,217.550352,0.0,0.102615,0.0,0.296533
438,11-Dec-95,24:00:00,4611.159709,0.001627,4499.40987,0.0,0.072671,0.0,0.580046
439,12-Dec-95,24:00:00,257.595185,0.000829,47.220185,0.0,0.006902,0.0,0.631044
440,13-Dec-95,24:00:00,305.201944,0.000452,4.910278,0.104237,0.026139,0.000317,0.648293
441,14-Dec-95,24:00:00,2314.760768,0.001149,2044.30274,815.506439,0.026799,0.026799,0.703047
442,15-Dec-95,24:00:00,396.683962,0.001299,260.892296,249.821224,0.0,0.0,0.7
443,16-Dec-95,24:00:00,252.480555,0.001176,88.938888,88.938888,0.0,0.0,0.7
444,17-Dec-95,24:00:00,512.348864,0.000623,347.348864,341.946761,0.009312,0.009312,0.7
445,18-Dec-95,24:00:00,303.179222,0.000796,138.179222,138.060344,0.0,0.0,0.7
446,19-Dec-95,24:00:00,237.702915,0.000958,74.619581,74.619581,0.0,0.0,0.7
447,20-Dec-95,24:00:00,260.697272,0.000802,58.405605,58.405605,0.0,0.0,0.7
448,21-Dec-95,24:00:00,374.967099,0.000644,80.883766,80.262255,0.001081,0.001081,0.7
449,22-Dec-95,24:00:00,351.767939,0.001293,52.809605,52.79006,0.0,0.0,0.7
450,23-Dec-95,24:00:00,337.970064,0.001744,38.970064,38.970064,0.0,0.0,0.7
451,24-Dec-95,24:00:00,333.093237,0.001523,32.17657,32.17657,0.0,0.0,0.698974
452,25-Dec-95,24:00:00,328.052212,0.000861,27.052212,27.052212,0.0,0.0,0.696605
453,26-Dec-95,24:00:00,321.852158,0.000378,22.768825,22.768825,0.0,0.0,0.695113
454,27-Dec-95,24:00:00,318.147359,0.000294,19.147359,19.147359,0.0,0.0,0.694689
455,28-Dec-95,24:00:00,1487.936921,0.000246,1188.936883,840.819583,0.059318,0.046651,0.709946
456,29-Dec-95,24:00:00,1782.409325,0.00077,1483.408973,1367.645573,0.00425,0.014705,0.703354
457,30-Dec-95,24:00:00,655.374018,0.002233,357.332351,357.311433,0.0,0.0,0.7
458,31-Dec-95,24:00:00,474.682223,0.001615,173.807223,173.807223,0.0,0.0,0.699577
459,01-Jan-96,24:00:00,433.359013,0.001754,134.27568,134.27568,0.0,0.0,0.696933
460,02-Jan-96,24:00:00,415.153186,0.001092,114.23652,114.23652,0.0,0.0,0.693583
461,03-Jan-96,24:00:00,398.438577,0.001174,97.438577,97.438577,0.0,0.0,0.690741
462,04-Jan-96,24:00:00,386.420305,0.000787,82.545305,82.545305,0.0,0.0,0.688413
463,05-Jan-96,24:00:00,373.616304,0.001061,69.616304,69.616304,0.0,0.0,0.686171
464,06-Jan-96,24:00:00,364.497651,0.000755,58.580985,58.580985,0.0,0.0,0.683997
465,07-Jan-96,24:00:00,353.327282,0.001026,49.243949,49.243949,0.0,0.0,0.681826
466,08-Jan-96,24:00:00,342.500923,0.000501,41.375923,41.375923,0.0,0.0,0.679984
467,09-Jan-96,24:00:00,343.42456,0.001619,34.757894,34.757894,0.0,0.0,0.677531
468,10-Jan-96,24:00:00,349.695776,0.001704,29.195776,29.195776,0.0,0.0,0.673592
469,11-Jan-96,24:00:00,351.272764,0.001245,24.522764,24.522764,0.0,0.0,0.669895
470,12-Jan-96,24:00:00,348.555679,0.001736,20.597346,20.597346,0.0,0.0,0.666452
471,13-Jan-96,24:00:00,345.300148,0.000602,17.300148,17.300148,0.0,0.0,0.664226
472,14-Jan-96,24:00:00,740.562984,0.000766,412.56284,330.798709,0.033893,0.018169,0.693771
473,15-Jan-96,24:00:00,3913.322083,0.001031,3585.322059,1562.792766,0.045073,0.045891,0.709748
474,16-Jan-96,24:00:00,1116.57828,0.001875,792.411715,682.058949,0.000612,0.000612,0.7
475,17-Jan-96,24:00:00,3442.265988,0.000491,3118.26586,1101.899141,0.043752,0.043752,0.706455
476,18-Jan-96,24:00:00,2016.096667,0.001359,1692.096543,1382.259558,0.018183,0.018183,0.700026
477,19-Jan-96,24:00:00,1338.477461,0.00036,1014.477606,932.35072,0.031159,0.028527,0.70318
478,20-Jan-96,24:00:00,1728.464583,0.001232,1404.465291,1317.871012,0.009776,0.012408,0.700105
479,21-Jan-96,24:00:00,837.730626,0.002054,513.730337,513.089821,0.0,0.0,0.7
480,22-Jan-96,24:00:00,1340.624537,0.000282,1018.541406,1001.342093,0.04578,0.041973,0.704805
481,23-Jan-96,24:00:00,3527.799167,0.0006,3395.549167,2348.249167,0.063819,0.058273,0.712266
482,24-Jan-96,24:00:00,2648.3375,0.001797,2527.212392,1694.2619,0.0,0.009353,0.701353
483,25-Jan-96,24:00:00,848.862798,0.000557,725.946172,724.121056,0.01039,0.010166,0.700022
484,26-Jan-96,24:00:00,2907.590833,0.000945,2783.6325,1818.585833,0.042529,0.042753,0.708008
485,27-Jan-96,24:00:00,1043.759037,0.001411,920.71739,903.132835,0.0,0.0,0.7
486,28-Jan-96,24:00:00,579.91673,0.000761,458.833396,458.833396,0.0,0.0,0.7
487,29-Jan-96,24:00:00,721.235483,0.000558,598.318816,593.087252,0.020309,0.020309,0.700292
488,30-Jan-96,24:00:00,937.279222,0.001747,813.320904,805.990733,0.000886,0.000886,0.7
489,31-Jan-96,24:00:00,683.836196,0.001348,365.29453,365.289934,0.0,0.0,0.7
490,01-Feb-96,24:00:00,587.309854,0.001831,263.184854,263.184854,0.0,0.0,0.699367
491,02-Feb-96,24:00:00,550.124041,0.000831,223.249041,223.106976,0.005759,0.003401,0.697785
492,03-Feb-96,24:00:00,3169.868409,0.00083,2845.74346,1664.062779,0.076832,0.063324,0.723734
493,04-Feb-96,24:00:00,2091.885,0.002035,1769.802027,1694.175311,0.000927,0.015283,0.703972
494,05-Feb-96,24:00:00,869.850697,0.001724,547.85105,547.845815,0.0,0.0,0.7
495,06-Feb-96,24:00:00,638.983484,0.001496,316.983484,316.983484,0.0,0.0,0.698906
496,07-Feb-96,24:00:00,577.420248,0.000957,252.545248,252.545248,0.0,0.0,0.696355
497,08-Feb-96,24:00:00,534.87124,0.001306,213.704574,213.704574,0.0,0.0,0.693736
498,09-Feb-96,24:00:00,505.072726,0.002096,181.197726,181.197726,0.0,0.0,0.689575
499,10-Feb-96,24:00:00,475.088781,0.00256,153.005447,153.005447,0.0,0.0,0.684147
500,11-Feb-96,24:00:00,452.759351,0.00284,128.842684,128.842684,0.0,0.0,0.677614
501,12-Feb-96,24:00:00,375.802313,0.003065,108.343979,108.343979,0.0,0.0,0.670633
502,13-Feb-96,24:00:00,419.997787,0.002942,98.456121,95.492674,0.019375,0.002532,0.670001
503,14-Feb-96,24:00:00,770.349096,0.001165,445.390725,431.951046,0.017028,0.017028,0.700001
504,15-Feb-96,24:00:00,877.522872,0.001381,553.481351,546.220185,0.003533,0.003533,0.7
505,16-Feb-96,24:00:00,605.643365,0.001894,280.685032,278.71104,0.009012,0.009012,0.7
506,17-Feb-96,24:00:00,1467.274816,0.00072,1142.274909,664.797807,0.034595,0.028312,0.704679
507,18-Feb-96,24:00:00,2483.412083,0.000897,2158.412083,1631.060833,0.03934,0.044869,0.705335
508,19-Feb-96,24:00:00,2142.798333,0.001083,1815.881667,1767.853333,0.041791,0.036902,0.702188
509,20-Feb-96,24:00:00,2124.6275,0.001624,1850.335833,1828.295,0.019252,0.024896,0.70658
510,21-Feb-96,24:00:00,1024.295702,0.002232,701.503162,700.59503,0.005396,0.005396,0.7
511,22-Feb-96,24:00:00,967.240038,0.000949,642.239982,637.606602,0.003746,0.003746,0.7
512,23-Feb-96,24:00:00,679.650318,0.00161,352.733652,352.715273,0.0,0.0,0.7
513,24-Feb-96,24:00:00,598.365084,0.00192,271.365084,271.365084,0.0,0.0,0.699774
514,25-Feb-96,24:00:00,552.131947,0.002763,227.048614,227.048614,0.0,0.0,0.696289
515,26-Feb-96,24:00:00,711.612806,0.001885,384.696354,379.401048,0.023059,0.017984,0.698393
516,27-Feb-96,24:00:00,1670.499583,0.001236,1345.41615,1324.885787,0.02665,0.02865,0.701939
517,28-Feb-96,24:00:00,1102.525506,0.001316,775.60897,769.50058,0.004198,0.004198,0.7
518,29-Feb-96,24:00:00,634.740655,0.003329,309.657322,309.629972,0.0,0.0,0.699688
519,01-Mar-96,24:00:00,539.540868,0.003213,212.624202,212.624202,0.0,0.0,0.695555
520,02-Mar-96,24:00:00,500.502342,0.002024,175.419009,175.419009,0.0,0.0,0.689285
521,03-Mar-96,24:00:00,1154.821635,0.000922,827.904804,807.650156,0.049804,0.040751,0.701798
522,04-Mar-96,24:00:00,1401.677401,0.001803,1077.552538,1068.280855,0.0,0.003349,0.700083
523,05-Mar-96,24:00:00,658.733018,0.002616,334.733018,334.729418,0.0,0.0,0.699841
524,06-Mar-96,24:00:00,528.15574,0.002949,203.197407,203.197407,0.0,0.0,0.69624
525,07-Mar-96,24:00:00,491.755087,0.002902,163.880087,163.880087,0.0,0.0,0.689195
526,08-Mar-96,24:00:00,468.720265,0.003729,138.803598,138.803598,0.0,0.0,0.681465
527,09-Mar-96,24:00:00,447.617011,0.002561,117.617011,117.617011,0.0,0.0,0.673689
528,10-Mar-96,24:00:00,603.638485,0.002197,279.388485,268.580088,0.0225,0.010107,0.694246
529,11-Mar-96,24:00:00,1075.844142,0.002132,751.844618,740.86074,0.014418,0.014418,0.700318
530,12-Mar-96,24:00:00,566.51383,0.004872,238.680496,238.583641,0.0,0.0,0.697607
531,13-Mar-96,24:00:00,453.759752,0.004498,129.593085,129.593085,0.0,0.0,0.688257
532,14-Mar-96,24:00:00,426.558463,0.004362,101.60013,101.60013,0.0,0.0,0.677703
533,15-Mar-96,24:00:00,410.768851,0.003924,85.768851,85.768851,0.0,0.0,0.667759
534,16-Mar-96,24:00:00,396.74909,0.004964,72.707423,72.707423,0.0,0.0,0.657103
535,17-Mar-96,24:00:00,386.355976,0.005155,61.397643,61.397643,0.0,0.0,0.644972
536,18-Mar-96,24:00:00,368.078731,0.005156,51.703731,51.703731,0.0,0.0,0.632586
537,19-Mar-96,24:00:00,359.478634,0.004665,43.478634,43.478634,0.0,0.0,0.620718
538,20-Mar-96,24:00:00,355.412839,0.005243,36.537839,36.537839,0.0,0.0,0.609189
539,21-Mar-96,24:00:00,351.612596,0.003203,30.69593,30.69593,0.0,0.0,0.598506
540,22-Mar-96,24:00:00,344.868003,0.004089,25.78467,25.78467,0.0,0.0,0.589822
541,23-Mar-96,24:00:00,343.532943,0.003154,21.657943,21.657943,0.0,0.0,0.581234
542,24-Mar-96,24:00:00,340.191219,0.004315,18.191219,18.191219,0.0,0.0,0.572177
543,25-Mar-96,24:00:00,263.487566,0.004115,15.279232,15.279232,0.0,0.0,0.562172
544,26-Mar-96,24:00:00,328.749991,0.001304,12.833325,12.833325,0.0,0.0,0.555503
545,27-Mar-96,24:00:00,336.203741,0.003966,12.412074,10.778938,0.002774,0.0,0.560477
546,28-Mar-96,24:00:00,333.065219,0.00394,9.065219,9.053415,0.0,0.0,0.556875
547,29-Mar-96,24:00:00,331.604117,0.003785,7.604117,7.604117,0.0,0.0,0.547949
548,30-Mar-96,24:00:00,330.391752,0.003464,6.391752,6.386824,0.000755,0.0,0.539164
549,31-Mar-96,24:00:00,396.378154,0.001688,72.378154,5.364404,0.05208,0.0,0.620633
550,01-Apr-96,24:00:00,335.763663,0.003869,10.80533,4.505669,0.0,0.0,0.661265
551,02-Apr-96,24:00:00,328.784395,0.004755,3.784395,3.784395,0.0,0.0,0.655595
552,03-Apr-96,24:00:00,328.178579,0.004251,3.178579,3.178579,0.0,0.0,0.644952
553,04-Apr-96,24:00:00,327.669742,0.00548,2.669742,2.669742,0.0,0.0,0.63328
554,05-Apr-96,24:00:00,327.24236,0.005647,2.24236,2.24236,0.0,0.0,0.619943
555,06-Apr-96,24:00:00,326.883395,0.005569,1.883395,1.883395,0.0,0.0,0.606189
556,07-Apr-96,24:00:00,329.456894,0.003831,1.581894,1.581894,0.0,0.0,0.595183
557,08-Apr-96,24:00:00,328.370325,0.003605,1.328658,1.328658,0.0,0.0,0.586059
558,09-Apr-96,24:00:00,329.074295,0.003817,1.115962,1.115962,0.0,0.0,0.577019
559,10-Apr-96,24:00:00,327.978981,0.003895,0.937314,0.937314,0.0,0.0,0.567814
560,11-Apr-96,24:00:00,330.662266,0.004291,0.787266,0.787266,0.0,0.0,0.558086
561,12-Apr-96,24:00:00,327.786237,0.00434,0.661237,0.661237,0.0,0.0,0.547596
562,13-Apr-96,24:00:00,325.638717,0.004728,0.555384,0.555384,0.0,0.0,0.537329
563,14-Apr-96,24:00:00,327.598868,0.001762,0.682201,0.466476,0.003999,0.0,0.530087
564,15-Apr-96,24:00:00,338.617597,0.002943,13.534264,0.391801,0.018776,0.0,0.577569
565,16-Apr-96,24:00:00,332.959602,0.001525,7.959602,0.32908,0.01974,0.0,0.594918
566,17-Apr-96,24:00:00,334.425935,0.00266,7.509268,0.276401,0.001589,0.0,0.633522
567,18-Apr-96,24:00:00,329.127287,0.002119,4.043953,0.232154,0.007134,0.0,0.643209
568,19-Apr-96,24:00:00,331.371893,0.003429,0.621893,0.19499,0.0,0.0,0.650268
569,20-Apr-96,24:00:00,325.413776,0.001517,0.163776,0.163776,0.0,0.0,0.647115
570,21-Apr-96,24:00:00,327.054224,0.003638,0.137558,0.137558,0.0,0.0,0.641111
571,22-Apr-96,24:00:00,327.115537,0.004337,0.115537,0.115537,0.0,0.0,0.631634
572,23-Apr-96,24:00:00,330.371984,0.003928,5.28865,0.097041,0.008877,0.0,0.644815
573,24-Apr-96,24:00:00,325.152953,0.006505,0.152953,0.081507,0.0,0.0,0.640772
574,25-Apr-96,24:00:00,325.068459,0.007134,0.068459,0.068459,0.0,0.0,0.62459
575,26-Apr-96,24:00:00,325.0575,0.00642,0.0575,0.0575,0.0,0.0,0.608003
576,27-Apr-96,24:00:00,325.048295,0.005723,0.048295,0.048295,0.0,0.0,0.593463
577,28-Apr-96,24:00:00,325.040564,0.006715,0.040564,0.040564,0.0,0.0,0.578546
578,29-Apr-96,24:00:00,326.950737,0.00751,0.03407,0.03407,0.0,0.0,0.561727
579,30-Apr-96,24:00:00,324.153616,0.007674,0.028616,0.028616,0.0,0.0,0.543308
580,01-May-96,24:00:00,324.024035,0.007193,0.024035,0.024035,0.0,0.0,0.525671
581,02-May-96,24:00:00,324.978521,0.006153,0.020187,0.020187,0.0,0.0,0.509418
582,03-May-96,24:00:00,325.016956,0.006025,0.016956,0.016956,0.0,0.0,0.494892
583,04-May-96,24:00:00,325.014241,0.004498,0.014241,0.014241,0.0,0.0,0.482261
584,05-May-96,24:00:00,324.053628,0.004345,0.011962,0.011962,0.0,0.0,0.471481
585,06-May-96,24:00:00,324.010047,0.006506,0.010047,0.010047,0.0,0.0,0.458648
586,07-May-96,24:00:00,324.008438,0.005762,0.008438,0.008438,0.0,0.0,0.443962
587,08-May-96,24:00:00,324.007088,0.006329,0.007088,0.007088,0.0,0.0,0.429338
588,09-May-96,24:00:00,324.005953,0.006843,0.005953,0.005953,0.0,0.0,0.413931
589,10-May-96,24:00:00,324.963333,0.006671,0.005,0.005,0.0,0.0,0.399374
590,11-May-96,24:00:00,324.045866,0.008315,0.0042,0.0042,0.0,0.0,0.38501
591,12-May-96,24:00:00,64.295194,0.005048,0.003527,0.003527,0.0,0.0,0.373142
592,13-May-96,24:00:00,307.919629,0.003914,0.002963,0.002963,0.0,0.0,0.366359
593,14-May-96,24:00:00,321.312556,0.002287,2.312556,0.002488,0.01467,0.0,0.367502
594,15-May-96,24:00:00,332.249704,0.001989,11.333037,0.00209,0.008427,0.0,0.414445
595,16-May-96,24:00:00,340.543859,0.002319,15.710526,0.001755,0.039978,0.0,0.449445
596,17-May-96,24:00:00,76.842578,0.002889,9.634245,0.001474,0.002788,0.0,0.516645
597,18-May-96,24:00:00,315.777019,0.005262,0.068686,0.001238,0.0,0.0,0.514691
598,19-May-96,24:00:00,327.00104,0.004408,0.00104,0.00104,0.0,0.0,0.504484
599,20-May-96,24:00:00,343.918488,0.002193,16.918488,0.000874,0.031123,0.0,0.543764
600,21-May-96,24:00:00,328.535965,0.004757,1.535965,0.000734,0.0,0.0,0.572129
601,22-May-96,24:00:00,325.08395,0.00617,0.000616,0.000616,0.0,0.0,0.562392
602,23-May-96,24:00:00,325.000518,0.007282,0.000518,0.000518,0.0,0.0,0.546236
603,24-May-96,24:00:00,326.917101,0.007501,0.000435,0.000435,0.0,0.0,0.528623
604,25-May-96,24:00:00,325.083698,0.005415,0.000365,0.000365,0.0,0.0,0.512973
605,26-May-96,24:00:00,326.916973,0.006943,0.000307,0.000307,0.0,0.0,0.498337
606,27-May-96,24:00:00,325.083591,0.006279,0.000258,0.000258,0.0,0.0,0.482513
607,28-May-96,24:00:00,325.000216,0.006358,0.000216,0.000216,0.0,0.0,0.467188
608,29-May-96,24:00:00,326.916848,0.007005,0.000182,0.000182,0.0,0.0,0.451375
609,30-May-96,24:00:00,327.000153,0.007324,0.000153,0.000153,0.0,0.0,0.434161
610,31-May-96,24:00:00,262.791795,0.007338,0.000128,0.000128,0.0,0.0,0.416504
611,01-Jun-96,24:00:00,261.533447,0.008045,0.000108,0.000108,0.0,0.0,0.399862
612,02-Jun-96,24:00:00,262.366752,0.008496,9e-05,9e-05,0.0,0.0,0.384031
613,03-Jun-96,24:00:00,262.40007,0.008028,7.6e-05,7.6e-05,0.0,0.0,0.369976
614,04-Jun-96,24:00:00,261.633403,0.008658,6.4e-05,6.4e-05,0.0,0.0,0.35801
615,05-Jun-96,24:00:00,261.60006,0.008859,5.4e-05,5.4e-05,0.0,0.0,0.34706
616,06-Jun-96,24:00:00,250.100051,0.008207,4.5e-05,4.5e-05,0.0,0.0,0.336842
617,07-Jun-96,24:00:00,232.733371,0.008604,3.8e-05,3.8e-05,0.0,0.0,0.327436
618,08-Jun-96,24:00:00,227.400029,0.007471,3.2e-05,3.2e-05,0.0,0.0,0.318396
619,09-Jun-96,24:00:00,226.433369,0.007437,2.7e-05,2.7e-05,0.0,0.0,0.310445
620,10-Jun-96,24:00:00,220.266689,0.007396,2.2e-05,2.2e-05,0.0,0.0,0.302489
621,11-Jun-96,24:00:00,220.000019,0.008045,1.9e-05,1.9e-05,0.0,0.0,0.294589
622,12-Jun-96,24:00:00,221.533355,0.007849,1.6e-05,1.6e-05,0.0,0.0,0.286721
623,13-Jun-96,24:00:00,148.766686,0.007924,1.3e-05,1.3e-05,0.0,0.0,0.279047
624,14-Jun-96,24:00:00,124.133349,0.00735,1.1e-05,1.1e-05,0.0,0.0,0.271827
625,15-Jun-96,24:00:00,122.433344,0.007544,9e-06,9e-06,0.0,0.0,0.265127
626,16-Jun-96,24:00:00,125.466673,0.006927,8e-06,8e-06,0.0,0.0,0.258387
627,17-Jun-96,24:00:00,124.833343,0.007536,7e-06,7e-06,0.0,0.0,0.252179
628,18-Jun-96,24:00:00,124.800009,0.007297,6e-06,6e-06,0.0,0.0,0.245848
629,19-Jun-96,24:00:00,118.666673,0.00738,5e-06,5e-06,0.0,0.0,0.239778
630,20-Jun-96,24:00:00,123.000008,0.007211,4e-06,4e-06,0.0,0.0,0.233796
631,21-Jun-96,24:00:00,131.633337,0.008112,3e-06,3e-06,0.0,0.0,0.227842
632,22-Jun-96,24:00:00,127.400007,0.005927,3e-06,3e-06,0.0,0.0,0.222221
633,23-Jun-96,24:00:00,129.500008,0.006042,2e-06,2e-06,0.0,0.0,0.217613
634,24-Jun-96,24:00:00,128.066669,0.005739,2e-06,2e-06,0.0,0.0,0.213262
635,25-Jun-96,24:00:00,129.533341,0.005161,2e-06,2e-06,0.0,0.0,0.209328
636,26-Jun-96,24:00:00,129.600007,0.005567,1e-06,1e-06,0.0,0.0,0.205559
637,27-Jun-96,24:00:00,122.700003,0.006918,1e-06,1e-06,0.0,0.0,0.201174
638,28-Jun-96,24:00:00,132.366671,0.008201,1e-06,1e-06,0.0,0.0,0.196117
639,29-Jun-96,24:00:00,129.73334,0.008707,1e-06,1e-06,0.0,0.0,0.190535
640,30-Jun-96,24:00:00,129.600007,0.009604,1e-06,1e-06,0.0,0.0,0.184681
641,01-Jul-96,24:00:00,129.600007,0.008991,1e-06,1e-06,0.0,0.0,0.178851
642,02-Jul-96,24:00:00,128.066667,0.00852,0.0,0.0,0.0,0.0,0.173569
643,03-Jul-96,24:00:00,128.0,0.008091,0.0,0.0,0.0,0.0,0.168696
644,04-Jul-96,24:00:00,130.300009,0.00677,0.0,0.0,0.0,0.0,0.16437
645,05-Jul-96,24:00:00,130.400009,0.008609,0.0,0.0,0.0,0.0,0.160123
646,06-Jul-96,24:00:00,130.400009,0.008125,0.0,0.0,0.0,0.0,0.155656
647,07-Jul-96,24:00:00,130.400009,0.00833,0.0,0.0,0.0,0.0,0.15125
648,08-Jul-96,24:00:00,129.633339,0.008688,0.0,0.0,0.0,0.0,0.146956
649,09-Jul-96,24:00:00,129.600006,0.009218,0.0,0.0,0.0,0.0,0.142505
650,10-Jul-96,24:00:00,129.600006,0.008755,0.0,0.0,0.0,0.0,0.138177
651,11-Jul-96,24:00:00,129.600006,0.008724,0.0,0.0,0.0,0.0,0.134069
652,12-Jul-96,24:00:00,131.9,0.008965,0.0,0.0,0.0,0.0,0.130088
653,13-Jul-96,24:00:00,132.76667,0.008907,0.0,0.0,0.0,0.0,0.126155
654,14-Jul-96,24:00:00,132.033333,0.008026,0.0,0.0,0.0,0.0,0.122512
655,15-Jul-96,24:00:00,132.76667,0.007811,0.0,0.0,0.0,0.0,0.11922
656,16-Jul-96,24:00:00,132.033333,0.00765,0.0,0.0,0.0,0.0,0.116084
657,17-Jul-96,24:00:00,134.300009,0.007723,0.0,0.0,0.0,0.0,0.113055
658,18-Jul-96,24:00:00,138.999997,0.008143,0.0,0.0,0.0,0.0,0.110041
659,19-Jul-96,24:00:00,139.199997,0.008363,0.0,0.0,0.0,0.0,0.10695
660,20-Jul-96,24:00:00,139.966667,0.008906,0.0,0.0,0.0,0.0,0.103842
661,21-Jul-96,24:00:00,135.399997,0.007822,0.0,0.0,0.0,0.0,0.100875
662,22-Jul-96,24:00:00,135.199997,0.004977,0.0,0.0,0.0,0.0,0.098748
663,23-Jul-96,24:00:00,122.933335,0.008803,0.0,0.0,0.0,0.0,0.096429
664,24-Jul-96,24:00:00,129.300006,0.008507,0.0,0.0,0.0,0.0,0.093587
665,25-Jul-96,24:00:00,140.333336,0.005397,0.0,0.0,0.0,0.0,0.091349
666,26-Jul-96,24:00:00,144.633336,0.005292,0.0,0.0,0.0,0.0,0.089703
667,27-Jul-96,24:00:00,145.566673,0.009027,0.0,0.0,0.0,0.0,0.08755
668,28-Jul-96,24:00:00,145.600006,0.009048,0.0,0.0,0.0,0.0,0.084871
669,29-Jul-96,24:00:00,150.200009,0.009515,0.0,0.0,0.0,0.0,0.08225
670,30-Jul-96,24:00:00,144.266667,0.009011,0.0,0.0,0.0,0.0,0.079644
671,31-Jul-96,24:00:00,139.399997,0.008628,0.0,0.0,0.0,0.0,0.077279
672,01-Aug-96,24:00:00,137.666672,0.009084,0.0,0.0,0.0,0.0,0.074972
673,02-Aug-96,24:00:00,137.600006,0.007999,0.0,0.0,0.0,0.0,0.072734
674,03-Aug-96,24:00:00,136.833336,0.008079,0.0,0.0,0.0,0.0,0.070794
675,04-Aug-96,24:00:00,137.566673,0.007722,0.0,0.0,0.0,0.0,0.068906
676,05-Aug-96,24:00:00,135.299997,0.007529,0.0,0.0,0.0,0.0,0.067105
677,06-Aug-96,24:00:00,139.8,0.007939,0.0,0.0,0.0,0.0,0.065356
678,07-Aug-96,24:00:00,130.800009,0.00803,0.0,0.0,0.0,0.0,0.063584
679,08-Aug-96,24:00:00,128.1,0.008316,0.0,0.0,0.0,0.0,0.061833
680,09-Aug-96,24:00:00,128.0,0.008861,0.0,0.0,0.0,0.0,0.060038
681,10-Aug-96,24:00:00,127.233338,0.009008,0.0,0.0,0.0,0.0,0.058248
682,11-Aug-96,24:00:00,127.200005,0.009463,0.0,0.0,0.0,0.0,0.056435
683,12-Aug-96,24:00:00,190.06667,0.008277,0.0,0.0,0.0,0.0,0.054727
684,13-Aug-96,24:00:00,261.800017,0.008339,0.0,0.0,0.0,0.0,0.053168
685,14-Aug-96,24:00:00,268.633351,0.007292,0.0,0.0,0.0,0.0,0.051758
686,15-Aug-96,24:00:00,199.033334,0.007825,0.0,0.0,0.0,0.0,0.050441
687,16-Aug-96,24:00:00,130.833333,0.008075,0.0,0.0,0.0,0.0,0.049113
688,17-Aug-96,24:00:00,127.233338,0.00303,0.0,0.0,0.0,0.0,0.048126
689,18-Aug-96,24:00:00,126.433335,0.006231,0.0,0.0,0.0,0.0,0.047389
690,19-Aug-96,24:00:00,126.400002,0.006693,0.0,0.0,0.0,0.0,0.046362
691,20-Aug-96,24:00:00,126.400002,0.00461,0.0,0.0,0.0,0.0,0.045451
692,21-Aug-96,24:00:00,126.400002,0.00468,0.0,0.0,0.0,0.0,0.044735
693,22-Aug-96,24:00:00,125.633332,0.00779,0.0,0.0,0.0,0.0,0.043797
694,23-Aug-96,24:00:00,124.833336,0.007712,0.0,0.0,0.0,0.0,0.042662
695,24-Aug-96,24:00:00,124.800003,0.00575,0.0,0.0,0.0,0.0,0.041662
696,25-Aug-96,24:00:00,124.800003,0.004797,0.0,0.0,0.0,0.0,0.040913
697,26-Aug-96,24:00:00,124.800003,0.006365,0.0,0.0,0.0,0.0,0.040137
698,27-Aug-96,24:00:00,124.800003,0.007532,0.0,0.0,0.0,0.0,0.039198
699,28-Aug-96,24:00:00,128.633336,0.00801,0.0,0.0,0.0,0.0,0.038176
700,29-Aug-96,24:00:00,128.033333,0.008075,0.0,0.0,0.0,0.0,0.037138
701,30-Aug-96,24:00:00,127.233338,0.007104,0.0,0.0,0.0,0.0,0.036169
702,31-Aug-96,24:00:00,127.200005,0.007242,0.0,0.0,0.0,0.0,0.035291
703,01-Sep-96,24:00:00,127.200005,0.006757,0.0,0.0,0.0,0.0,0.034458
704,02-Sep-96,24:00:00,127.200005,0.004902,0.0,0.0,0.0,0.0,0.033767
705,03-Sep-96,24:00:00,208.466667,0.006182,0.0,0.0,0.0,0.0,0.033128
706,04-Sep-96,24:00:00,267.200006,0.006249,0.0,0.0,0.0,0.0,0.032428
707,05-Sep-96,24:00:00,236.633331,0.005743,0.0,0.0,0.0,0.0,0.031763
708,06-Sep-96,24:00:00,246.699997,0.006483,0.0,0.0,0.0,0.0,0.031105
709,07-Sep-96,24:00:00,253.333339,0.006754,0.0,0.0,0.0,0.0,0.03041
710,08-Sep-96,24:00:00,257.433339,0.006308,0.0,0.0,0.0,0.0,0.029741
711,09-Sep-96,24:00:00,256.066667,0.0068,0.0,0.0,0.0,0.0,0.029081
712,10-Sep-96,24:00:00,255.23333,0.004876,0.0,0.0,0.0,0.0,0.028487
713,11-Sep-96,24:00:00,255.199997,0.005112,0.0,0.0,0.0,0.0,0.028011
714,12-Sep-96,24:00:00,258.266661,0.003933,0.0,0.0,0.0,0.0,0.027574
715,13-Sep-96,24:00:00,260.700017,0.004676,0.0,0.0,0.0,0.0,0.027172
716,14-Sep-96,24:00:00,262.103909,0.004691,2.070575,0.0,0.003576,0.0,0.033718
717,15-Sep-96,24:00:00,260.049712,0.005127,0.049712,0.0,0.0,0.0,0.035168
718,16-Sep-96,24:00:00,261.533339,0.004903,0.0,0.0,0.0,0.0,0.034568
719,17-Sep-96,24:00:00,262.366661,0.005452,0.0,0.0,0.0,0.0,0.033957
720,18-Sep-96,24:00:00,262.399994,0.005563,0.0,0.0,0.0,0.0,0.033324
721,19-Sep-96,24:00:00,262.399994,0.006364,0.0,0.0,0.0,0.0,0.032659
722,20-Sep-96,24:00:00,257.03335,0.006319,0.0,0.0,0.0,0.0,0.031955
723,21-Sep-96,24:00:00,257.566673,0.005149,0.0,0.0,0.0,0.0,0.031324
724,22-Sep-96,24:00:00,260.666684,0.004768,0.0,0.0,0.0,0.0,0.030791
725,23-Sep-96,24:00:00,260.033334,0.004507,0.0,0.0,0.0,0.0,0.030309
726,24-Sep-96,24:00:00,259.233345,0.004458,0.0,0.0,0.0,0.0,0.029849
727,25-Sep-96,24:00:00,258.433328,0.004858,0.0,0.0,0.0,0.0,0.029372
728,26-Sep-96,24:00:00,259.166678,0.005645,0.0,0.0,0.0,0.0,0.028852
729,27-Sep-96,24:00:00,261.500006,0.005449,0.0,0.0,0.0,0.0,0.028305
730,28-Sep-96,24:00:00,262.366661,0.005149,0.0,0.0,0.0,0.0,0.027796
731,29-Sep-96,24:00:00,261.633339,0.00436,0.0,0.0,0.0,0.0,0.027342
732,30-Sep-96,24:00:00,322.358334,0.003555,0.0,0.0,0.0,0.0,0.026974
733,01-Oct-96,24:00:00,325.0,0.004797,0.0,0.0,0.0,0.0,0.026591
734,02-Oct-96,24:00:00,323.083333,0.004934,0.0,0.0,0.0,0.0,0.026154
735,03-Oct-96,24:00:00,323.0,0.004754,0.0,0.0,0.0,0.0,0.02572
736,04-Oct-96,24:00:00,322.041667,0.005174,0.0,0.0,0.0,0.0,0.025285
737,05-Oct-96,24:00:00,321.041667,0.004879,0.0,0.0,0.0,0.0,0.024849
738,06-Oct-96,24:00:00,320.041667,0.005033,0.0,0.0,0.0,0.0,0.024432
739,07-Oct-96,24:00:00,319.041667,0.005887,0.0,0.0,0.0,0.0,0.02399
740,08-Oct-96,24:00:00,318.041667,0.005371,0.0,0.0,0.0,0.0,0.023527
741,09-Oct-96,24:00:00,319.916667,0.003935,0.0,0.0,0.0,0.0,0.023146
742,10-Oct-96,24:00:00,322.875,0.003949,0.0,0.0,0.0,0.0,0.022837
743,11-Oct-96,24:00:00,324.916667,0.003424,0.0,0.0,0.0,0.0,0.022549
744,12-Oct-96,24:00:00,328.833333,0.003377,0.0,0.0,0.0,0.0,0.022285
745,13-Oct-96,24:00:00,330.582289,0.004322,2.540622,0.0,0.004604,0.0,0.028929
746,14-Oct-96,24:00:00,327.230616,0.004917,0.188949,0.0,0.0,0.0,0.032989
747,15-Oct-96,24:00:00,324.125,0.003226,0.0,0.0,0.0,0.0,0.032531
748,16-Oct-96,24:00:00,322.083333,0.00335,0.0,0.0,0.0,0.0,0.032173
749,17-Oct-96,24:00:00,331.429427,0.002185,5.596094,0.0,0.009788,0.0,0.049038
750,18-Oct-96,24:00:00,321.415668,0.00275,0.207335,0.0,0.0,0.0,0.055418
751,19-Oct-96,24:00:00,313.333333,0.00311,0.0,0.0,0.0,0.0,0.055049
752,20-Oct-96,24:00:00,177.875,0.002941,0.0,0.0,0.0,0.0,0.054474
753,21-Oct-96,24:00:00,169.125,0.00287,0.0,0.0,0.0,0.0,0.053943
754,22-Oct-96,24:00:00,169.958333,0.003021,0.0,0.0,0.0,0.0,0.053399
755,23-Oct-96,24:00:00,178.197014,0.001061,0.530347,0.0,0.000956,0.0,0.054536
756,24-Oct-96,24:00:00,170.369629,0.001823,0.036296,0.0,0.0,0.0,0.055396
757,25-Oct-96,24:00:00,174.791667,0.003689,0.0,0.0,0.0,0.0,0.05522
758,26-Oct-96,24:00:00,321.625,0.00301,0.0,0.0,0.0,0.0,0.054682
759,27-Oct-96,24:00:00,327.041667,0.00325,0.0,0.0,0.0,0.0,0.054104
760,28-Oct-96,24:00:00,334.389938,0.001684,5.473272,0.0,0.011491,0.0,0.071374
761,29-Oct-96,24:00:00,332.256649,0.00148,1.339982,0.0,0.0,0.0,0.081354
762,30-Oct-96,24:00:00,226.541667,0.001893,0.0,0.0,0.0,0.0,0.081354
763,31-Oct-96,24:00:00,161.625,0.002557,0.0,0.0,0.0,0.0,0.081135
764,01-Nov-96,24:00:00,162.833333,0.002586,0.0,0.0,0.0,0.0,0.080518
765,02-Nov-96,24:00:00,162.041667,0.001044,0.0,0.0,0.0,0.0,0.080018
766,03-Nov-96,24:00:00,154.333333,0.00252,0.0,0.0,0.0,0.0,0.07954
767,04-Nov-96,24:00:00,154.0,0.002514,0.0,0.0,0.0,0.0,0.078857
768,05-Nov-96,24:00:00,151.125,0.002368,0.0,0.0,0.0,0.0,0.078191
769,06-Nov-96,24:00:00,158.666667,0.002166,0.0,0.0,0.0,0.0,0.077583
770,07-Nov-96,24:00:00,165.708333,0.002477,0.0,0.0,0.0,0.0,0.076975
771,08-Nov-96,24:00:00,166.0,0.002196,0.0,0.0,0.0,0.0,0.076349
772,09-Nov-96,24:00:00,163.125,0.002189,0.0,0.0,0.0,0.0,0.075782
773,10-Nov-96,24:00:00,163.0,0.002569,0.0,0.0,0.0,0.0,0.075179
774,11-Nov-96,24:00:00,167.791667,0.001515,0.0,0.0,0.0,0.0,0.074646
775,12-Nov-96,24:00:00,168.0,0.002457,0.0,0.0,0.0,0.0,0.07415
776,13-Nov-96,24:00:00,168.0,0.002119,0.0,0.0,0.0,0.0,0.073563
777,14-Nov-96,24:00:00,166.083333,0.002063,0.0,0.0,0.0,0.0,0.073034
778,15-Nov-96,24:00:00,167.95415,0.000796,0.037483,0.0,0.004011,0.0,0.073115
779,16-Nov-96,24:00:00,182.703767,0.000866,16.620434,0.0,0.043339,0.0,0.129735
780,17-Nov-96,24:00:00,194.481676,0.000689,26.565009,0.0,0.027799,0.0,0.232635
781,18-Nov-96,24:00:00,716.91404,0.000849,550.830419,0.0,0.058402,0.0,0.335745
782,19-Nov-96,24:00:00,188.367721,0.001191,40.576054,0.0,0.0,0.0,0.393087
783,20-Nov-96,24:00:00,174.208328,0.000999,3.249995,0.0,0.007303,0.0,0.399775
784,21-Nov-96,24:00:00,233.852776,0.000958,8.186109,0.0,0.012279,0.0,0.433958
785,22-Nov-96,24:00:00,295.257032,0.000781,0.173699,0.0,0.0,0.0,0.440083
786,23-Nov-96,24:00:00,290.333333,0.001015,0.0,0.0,0.0,0.0,0.440083
787,24-Nov-96,24:00:00,294.791667,0.001957,0.0,0.0,0.0,0.0,0.439608
788,25-Nov-96,24:00:00,289.25,0.001608,0.0,0.0,0.0,0.0,0.436884
789,26-Nov-96,24:00:00,283.25,0.001581,0.0,0.0,0.0,0.0,0.433139
790,27-Nov-96,24:00:00,280.125,0.002679,0.0,0.0,0.0,0.0,0.428345
791,28-Nov-96,24:00:00,277.125,0.001735,0.0,0.0,0.0,0.0,0.422762
792,29-Nov-96,24:00:00,274.277554,0.000832,0.152554,0.0,0.006651,0.0,0.420675
793,30-Nov-96,24:00:00,312.007974,0.002122,7.341307,0.0,0.006028,0.0,0.449111
794,01-Dec-96,24:00:00,303.14849,0.001204,0.02349,0.0,0.0,0.0,0.449111
795,02-Dec-96,24:00:00,286.708333,0.000542,0.0,0.0,0.0,0.0,0.449111
796,03-Dec-96,24:00:00,835.597055,0.00044,552.472055,0.0,0.057597,0.0,0.481259
797,04-Dec-96,24:00:00,2179.172826,0.000926,2105.089493,0.0,0.020421,0.0,0.63308
798,05-Dec-96,24:00:00,310.11601,0.001093,4.574344,0.0,0.005751,0.0,0.649846
799,06-Dec-96,24:00:00,336.011405,0.000841,8.511405,0.0,0.019076,0.0,0.670495
800,07-Dec-96,24:00:00,333.693352,0.000868,2.818352,0.0,0.0,0.0,0.69594
801,08-Dec-96,24:00:00,1454.66828,0.000876,1123.668092,1061.197032,0.051316,0.049624,0.707067
802,09-Dec-96,24:00:00,2983.620833,0.001005,2667.95405,1488.590222,0.023519,0.023519,0.70216
803,10-Dec-96,24:00:00,1161.919583,0.000609,1025.169479,907.387218,0.025554,0.025554,0.701675
804,11-Dec-96,24:00:00,853.356992,0.001368,726.273639,692.368794,0.000831,0.000831,0.7
805,12-Dec-96,24:00:00,692.301077,0.001765,441.676077,438.731824,0.004172,0.004172,0.70003
806,13-Dec-96,24:00:00,551.078026,0.001482,229.911359,229.894607,0.0,0.0,0.7
807,14-Dec-96,24:00:00,500.063231,0.001402,175.104898,175.104898,0.0,0.0,0.699562
808,15-Dec-96,24:00:00,473.769245,0.001274,146.852579,146.852579,0.0,0.0,0.697388
809,16-Dec-96,24:00:00,452.285668,0.00115,124.327335,124.327335,0.0,0.0,0.694471
810,17-Dec-96,24:00:00,430.087802,0.001493,104.962802,104.962802,0.0,0.0,0.691357
811,18-Dec-96,24:00:00,413.387077,0.001344,88.387077,88.387077,0.0,0.0,0.687973
812,19-Dec-96,24:00:00,440.54086,0.000414,116.499193,114.922552,0.014819,0.008673,0.688637
813,20-Dec-96,24:00:00,1556.800833,0.000449,1232.80095,1207.736352,0.033748,0.033748,0.701189
814,21-Dec-96,24:00:00,1621.374167,0.000881,1297.374341,1279.258233,0.029422,0.029422,0.700808
815,22-Dec-96,24:00:00,900.784714,0.000691,576.784973,575.303298,0.0,0.0,0.7
816,23-Dec-96,24:00:00,571.95055,0.00145,246.992216,246.992216,0.0,0.0,0.7
817,24-Dec-96,24:00:00,504.134596,0.000971,180.092929,180.092929,0.0,0.0,0.7
818,25-Dec-96,24:00:00,1609.13347,0.000378,1285.133273,884.175606,0.050976,0.043525,0.710482
819,26-Dec-96,24:00:00,1961.924583,0.000768,1818.09125,1697.914583,0.018619,0.02607,0.702073
820,27-Dec-96,24:00:00,1214.005541,0.000911,1028.172218,1019.621431,0.012538,0.012538,0.700052
821,28-Dec-96,24:00:00,1956.308144,0.001039,1768.308173,1168.595485,0.038773,0.038773,0.706088
822,29-Dec-96,24:00:00,2141.855833,0.000588,2015.189167,1642.057083,0.047164,0.040246,0.70341
823,30-Dec-96,24:00:00,5488.355417,0.00083,5364.355417,2392.40375,0.051731,0.052596,0.715779
824,31-Dec-96,24:00:00,6885.464167,0.000569,6869.755833,2620.966667,0.073048,0.059832,0.739849
825,01-Jan-97,24:00:00,2751.9825,0.000894,2750.086667,2366.677917,0.010018,0.029287,0.707913
826,02-Jan-97,24:00:00,1232.773944,0.001926,1148.378065,1144.289549,0.003503,0.003503,0.7
827,03-Jan-97,24:00:00,702.564319,0.000524,622.230986,622.121678,0.0,0.0,0.7
828,04-Jan-97,24:00:00,548.226282,0.001778,466.309615,466.309615,0.0,0.0,0.7
829,05-Jan-97,24:00:00,469.003294,0.001333,388.919961,388.919961,0.0,0.0,0.699033
830,06-Jan-97,24:00:00,410.713328,0.001461,328.796661,328.796661,0.0,0.0,0.696119
831,07-Jan-97,24:00:00,380.575235,0.001397,277.491902,277.491902,0.0,0.0,0.692697
832,08-Jan-97,24:00:00,374.069128,0.001268,233.652461,233.652461,0.0,0.0,0.689478
833,09-Jan-97,24:00:00,337.520231,0.001397,196.478565,196.478565,0.0,0.0,0.686314
834,10-Jan-97,24:00:00,402.904489,0.000935,165.112822,165.112822,0.0,0.0,0.683498
835,11-Jan-97,24:00:00,380.713491,0.000918,138.713491,138.713491,0.0,0.0,0.681274
836,12-Jan-97,24:00:00,439.978094,0.001618,116.51976,116.51976,0.0,0.0,0.678348
837,13-Jan-97,24:00:00,425.829616,0.00223,97.871282,97.871282,0.0,0.0,0.674256
838,14-Jan-97,24:00:00,407.330316,0.000902,82.205316,82.205316,0.0,0.0,0.6698
839,15-Jan-97,24:00:00,394.046182,0.00092,69.046182,69.046182,0.0,0.0,0.667683
840,16-Jan-97,24:00:00,385.868232,0.000988,57.993232,57.993232,0.0,0.0,0.665298
841,17-Jan-97,24:00:00,376.709539,0.00113,48.709539,48.709539,0.0,0.0,0.662855
842,18-Jan-97,24:00:00,370.828629,0.000972,40.911963,40.911963,0.0,0.0,0.660399
843,19-Jan-97,24:00:00,377.76815,0.000479,46.809817,39.541331,0.018971,0.001907,0.676798
844,20-Jan-97,24:00:00,1116.850829,0.000466,786.808718,769.29668,0.026869,0.026869,0.7001
845,21-Jan-97,24:00:00,2884.70125,0.000437,2554.701116,1429.488013,0.04465,0.04465,0.707936
846,22-Jan-97,24:00:00,1236.026505,0.001071,906.026468,787.187497,0.0,0.0,0.7
847,23-Jan-97,24:00:00,1021.617474,0.00064,690.658966,465.370789,0.02738,0.020932,0.702689
848,24-Jan-97,24:00:00,4938.804167,0.000854,4778.3875,2045.702083,0.06908,0.061344,0.728781
849,25-Jan-97,24:00:00,2951.352083,0.001311,2798.352083,2122.227917,0.014388,0.028571,0.711175
850,26-Jan-97,24:00:00,915.549127,0.001019,767.340754,767.020436,0.005796,0.005796,0.700078
851,27-Jan-97,24:00:00,930.491867,0.000557,782.491123,775.287625,0.006957,0.006957,0.7
852,28-Jan-97,24:00:00,566.119891,0.001503,418.119891,417.956777,0.0,0.0,0.7
853,29-Jan-97,24:00:00,618.052154,0.001151,298.510487,298.510487,0.0,0.0,0.7
854,30-Jan-97,24:00:00,574.460179,0.000659,246.501845,246.501845,0.0,0.0,0.7
855,31-Jan-97,24:00:00,536.055234,0.001659,208.055234,208.055234,0.0,0.0,0.7
856,01-Feb-97,24:00:00,503.555139,0.001723,175.555139,175.555139,0.0,0.0,0.699979
857,02-Feb-97,24:00:00,478.21588,0.00131,151.174213,151.145974,0.003742,0.002374,0.6987
858,03-Feb-97,24:00:00,625.840681,0.001475,297.882348,294.043747,0.002801,0.002829,0.7
859,04-Feb-97,24:00:00,468.875957,0.002191,140.875957,140.863212,0.0,0.0,0.7
860,05-Feb-97,24:00:00,432.868791,0.001648,102.952124,102.952124,0.0,0.0,0.698806
861,06-Feb-97,24:00:00,269.265432,0.000903,84.932099,84.932099,0.0,0.0,0.696428
862,07-Feb-97,24:00:00,248.486773,0.002395,71.445106,71.445106,0.0,0.0,0.692365
863,08-Feb-97,24:00:00,231.408834,0.000683,60.158833,60.158833,0.0,0.0,0.688557
864,09-Feb-97,24:00:00,222.560334,0.002172,50.602001,50.602001,0.0,0.0,0.685277
865,10-Feb-97,24:00:00,216.448142,0.002185,42.531475,42.531475,0.0,0.0,0.680122
866,11-Feb-97,24:00:00,209.734405,0.002593,35.734405,35.734405,0.0,0.0,0.674497
867,12-Feb-97,24:00:00,204.018225,0.002919,30.018225,30.018225,0.0,0.0,0.667831
868,13-Feb-97,24:00:00,197.29773,0.002431,25.214396,25.214396,0.0,0.0,0.661241
869,14-Feb-97,24:00:00,193.178572,0.001977,21.178572,21.178572,0.0,0.0,0.655919
870,15-Feb-97,24:00:00,191.705111,0.002779,17.788444,17.788444,0.0,0.0,0.650461
871,16-Feb-97,24:00:00,191.460079,0.003014,16.501746,14.940886,0.002653,0.0,0.652774
872,17-Feb-97,24:00:00,186.603182,0.0029,12.561515,12.549126,0.0,0.0,0.651493
873,18-Feb-97,24:00:00,188.373561,0.002011,10.540228,10.540228,0.0,0.0,0.648939
874,19-Feb-97,24:00:00,185.89458,0.002733,8.852914,8.852914,0.0,0.0,0.647583
875,20-Feb-97,24:00:00,181.560709,0.002455,7.435709,7.435709,0.0,0.0,0.64292
876,21-Feb-97,24:00:00,177.370374,0.003259,6.245374,6.245374,0.0,0.0,0.636016
877,22-Feb-97,24:00:00,177.203925,0.004333,5.245592,5.245592,0.0,0.0,0.627124
878,23-Feb-97,24:00:00,176.405858,0.003689,4.405858,4.405858,0.0,0.0,0.617401
879,24-Feb-97,24:00:00,174.742219,0.004249,3.700552,3.700552,0.0,0.0,0.608629
880,25-Feb-97,24:00:00,176.983154,0.003834,3.108154,3.108154,0.0,0.0,0.598275
881,26-Feb-97,24:00:00,174.693922,0.002338,2.610589,2.610589,0.0,0.0,0.590665
882,27-Feb-97,24:00:00,173.234343,0.003586,2.192676,2.192676,0.0,0.0,0.583329
883,28-Feb-97,24:00:00,172.841664,0.002303,1.841664,1.841664,0.0,0.0,0.57636
884,01-Mar-97,24:00:00,246.098291,0.002652,72.223291,1.546845,0.024017,0.0,0.625454
885,02-Mar-97,24:00:00,170.249987,0.002393,1.999987,1.299224,0.0,0.0,0.63044
886,03-Mar-97,24:00:00,171.96624,0.002841,1.09124,1.09124,0.0,0.0,0.626073
887,04-Mar-97,24:00:00,171.916551,0.002069,0.916551,0.916551,0.0,0.0,0.61998
888,05-Mar-97,24:00:00,169.85316,0.00357,0.769826,0.769826,0.0,0.0,0.613496
889,06-Mar-97,24:00:00,171.563256,0.003944,0.64659,0.64659,0.0,0.0,0.604429
890,07-Mar-97,24:00:00,171.543081,0.003921,0.543081,0.543081,0.0,0.0,0.595038
891,08-Mar-97,24:00:00,172.414476,0.004202,0.456143,0.456143,0.0,0.0,0.585328
892,09-Mar-97,24:00:00,171.424788,0.00449,0.383122,0.383122,0.0,0.0,0.574974
893,10-Mar-97,24:00:00,171.32179,0.004038,0.32179,0.32179,0.0,0.0,0.564786
894,11-Mar-97,24:00:00,171.270277,0.003558,0.270277,0.270277,0.0,0.0,0.555423
895,12-Mar-97,24:00:00,171.22701,0.003926,0.22701,0.22701,0.0,0.0,0.546589
896,13-Mar-97,24:00:00,154.899003,0.00425,0.190669,0.190669,0.0,0.0,0.536805
897,14-Mar-97,24:00:00,157.035146,0.00305,0.160146,0.160146,0.0,0.0,0.528009
898,15-Mar-97,24:00:00,552.179249,0.000922,389.429111,0.13451,0.070169,0.0,0.608805
899,16-Mar-97,24:00:00,323.988115,0.003373,150.446448,0.112977,0.0,0.0,0.69228
900,17-Mar-97,24:00:00,174.094891,0.003694,0.094891,0.094891,0.0,0.0,0.689347
901,18-Mar-97,24:00:00,172.163034,0.003564,0.079701,0.079701,0.0,0.0,0.681431
902,19-Mar-97,24:00:00,171.108609,0.003298,0.066942,0.066942,0.0,0.0,0.673049
903,20-Mar-97,24:00:00,172.014559,0.004263,0.056226,0.056226,0.0,0.0,0.664021
904,21-Mar-97,24:00:00,153.838892,0.004921,0.047225,0.047225,0.0,0.0,0.653114
905,22-Mar-97,24:00:00,156.872998,0.005106,0.039665,0.039665,0.0,0.0,0.641127
906,23-Mar-97,24:00:00,156.074982,0.004598,0.033315,0.033315,0.0,0.0,0.629229
907,24-Mar-97,24:00:00,154.111315,0.005452,0.027982,0.027982,0.0,0.0,0.617457
908,25-Mar-97,24:00:00,154.023503,0.005171,0.023503,0.023503,0.0,0.0,0.604719
909,26-Mar-97,24:00:00,154.01974,0.00501,0.01974,0.01974,0.0,0.0,0.592503
910,27-Mar-97,24:00:00,131.01658,0.005366,0.01658,0.01658,0.0,0.0,0.580052
911,28-Mar-97,24:00:00,153.013926,0.005034,0.013926,0.013926,0.0,0.0,0.567523
912,29-Mar-97,24:00:00,151.136696,0.001813,0.011696,0.011696,0.0,0.0,0.558851
913,30-Mar-97,24:00:00,155.801491,0.003947,0.009824,0.009824,0.0,0.0,0.552192
914,31-Mar-97,24:00:00,156.008251,0.004827,0.008251,0.008251,0.0,0.0,0.541808
915,01-Apr-97,24:00:00,150.256931,0.00568,0.006931,0.006931,0.0,0.0,0.529258
916,02-Apr-97,24:00:00,155.755821,0.005972,0.005821,0.005821,0.0,0.0,0.515477
917,03-Apr-97,24:00:00,127.254889,0.005554,0.004889,0.004889,0.0,0.0,0.501343
918,04-Apr-97,24:00:00,124.08744,0.005132,0.004107,0.004107,0.0,0.0,0.488688
919,05-Apr-97,24:00:00,123.045116,0.002872,0.003449,0.003449,0.0,0.0,0.47873
920,06-Apr-97,24:00:00,126.83623,0.005105,0.002897,0.002897,0.0,0.0,0.469308
921,07-Apr-97,24:00:00,127.002433,0.005348,0.002433,0.002433,0.0,0.0,0.456984
922,08-Apr-97,24:00:00,126.04371,0.005186,0.002044,0.002044,0.0,0.0,0.443754
923,09-Apr-97,24:00:00,124.08505,0.005476,0.001717,0.001717,0.0,0.0,0.431479
924,10-Apr-97,24:00:00,125.918108,0.005789,0.001442,0.001442,0.0,0.0,0.418281
925,11-Apr-97,24:00:00,126.959544,0.003502,0.001211,0.001211,0.0,0.0,0.407342
926,12-Apr-97,24:00:00,126.042684,0.004847,0.001017,0.001017,0.0,0.0,0.398685
927,13-Apr-97,24:00:00,126.959188,0.005491,0.000854,0.000854,0.0,0.0,0.388446
928,14-Apr-97,24:00:00,128.917384,0.006521,0.000718,0.000718,0.0,0.0,0.378015
929,15-Apr-97,24:00:00,107.917269,0.005772,0.000603,0.000603,0.0,0.0,0.368051
930,16-Apr-97,24:00:00,117.542173,0.004283,0.000506,0.000506,0.0,0.0,0.360614
931,17-Apr-97,24:00:00,100.265209,0.001606,8.140209,0.000425,0.02351,0.0,0.374416
932,18-Apr-97,24:00:00,100.632816,0.001646,5.799483,0.000357,0.0,0.0,0.413374
933,19-Apr-97,24:00:00,92.1253,0.002745,0.0003,0.0003,0.0,0.0,0.413374
934,20-Apr-97,24:00:00,93.916919,0.002423,0.000252,0.000252,0.0,0.0,0.413374
935,21-Apr-97,24:00:00,96.949711,0.002637,1.991377,0.000212,0.005919,0.0,0.417319
936,22-Apr-97,24:00:00,98.434907,0.005181,1.51824,0.000178,0.0,0.0,0.42656
937,23-Apr-97,24:00:00,150.666816,0.005739,0.000149,0.000149,0.0,0.0,0.418211
938,24-Apr-97,24:00:00,141.500125,0.006279,0.000125,0.000125,0.0,0.0,0.404802
939,25-Apr-97,24:00:00,139.083439,0.006358,0.000105,0.000105,0.0,0.0,0.391924
940,26-Apr-97,24:00:00,118.875088,0.006187,8.8e-05,8.8e-05,0.0,0.0,0.380208
941,27-Apr-97,24:00:00,90.208408,0.003794,7.4e-05,7.4e-05,0.0,0.0,0.37203
942,28-Apr-97,24:00:00,90.916729,0.005659,6.2e-05,6.2e-05,0.0,0.0,0.365018
943,29-Apr-97,24:00:00,91.000052,0.004104,5.2e-05,5.2e-05,0.0,0.0,0.358121
944,30-Apr-97,24:00:00,89.083377,0.005696,4.4e-05,4.4e-05,0.0,0.0,0.351756
945,01-May-97,24:00:00,89.000037,0.00584,3.7e-05,3.7e-05,0.0,0.0,0.344809
946,02-May-97,24:00:00,90.916698,0.005975,3.1e-05,3.1e-05,0.0,0.0,0.338051
947,03-May-97,24:00:00,91.000026,0.006194,2.6e-05,2.6e-05,0.0,0.0,0.330867
948,04-May-97,24:00:00,91.000022,0.006646,2.2e-05,2.2e-05,0.0,0.0,0.323698
949,05-May-97,24:00:00,100.583352,0.005846,1.8e-05,1.8e-05,0.0,0.0,0.31685
950,06-May-97,24:00:00,97.166682,0.007378,1.5e-05,1.5e-05,0.0,0.0,0.309823
951,07-May-97,24:00:00,97.958346,0.007324,1.3e-05,1.3e-05,0.0,0.0,0.302104
952,08-May-97,24:00:00,99.916678,0.007474,1.1e-05,1.1e-05,0.0,0.0,0.294517
953,09-May-97,24:00:00,100.000009,0.00716,9e-06,9e-06,0.0,0.0,0.287205
954,10-May-97,24:00:00,100.000008,0.007481,8e-06,8e-06,0.0,0.0,0.280117
955,11-May-97,24:00:00,100.000006,0.007527,6e-06,6e-06,0.0,0.0,0.272988
956,12-May-97,24:00:00,100.000005,0.007481,5e-06,5e-06,0.0,0.0,0.266043
957,13-May-97,24:00:00,98.083338,0.007517,5e-06,5e-06,0.0,0.0,0.259324
958,14-May-97,24:00:00,127.708337,0.007279,4e-06,4e-06,0.0,0.0,0.252734
959,15-May-97,24:00:00,131.875003,0.007712,3e-06,3e-06,0.0,0.0,0.246311
960,16-May-97,24:00:00,140.625003,0.008933,3e-06,3e-06,0.0,0.0,0.239467
961,17-May-97,24:00:00,141.000002,0.010113,2e-06,2e-06,0.0,0.0,0.231881
962,18-May-97,24:00:00,133.333335,0.009076,2e-06,2e-06,0.0,0.0,0.224276
963,19-May-97,24:00:00,133.000002,0.007034,2e-06,2e-06,0.0,0.0,0.218095
964,20-May-97,24:00:00,133.000001,0.007688,1e-06,1e-06,0.0,0.0,0.212636
965,21-May-97,24:00:00,135.875001,0.005297,1e-06,1e-06,0.0,0.0,0.207971
966,22-May-97,24:00:00,141.538032,0.004323,6.496365,1e-06,0.011329,0.0,0.22603
967,23-May-97,24:00:00,132.345514,0.00682,0.220514,1e-06,0.0,0.0,0.230488
968,24-May-97,24:00:00,132.000001,0.006596,1e-06,1e-06,0.0,0.0,0.225343
969,25-May-97,24:00:00,128.596201,0.003068,2.346201,1e-06,0.007592,0.0,0.226625
970,26-May-97,24:00:00,134.863513,0.006443,2.15518,0.0,0.0,0.0,0.238861
971,27-May-97,24:00:00,135.875,0.005756,0.0,0.0,0.0,0.0,0.235374
972,28-May-97,24:00:00,135.041667,0.007894,0.0,0.0,0.0,0.0,0.230121
973,29-May-97,24:00:00,132.125,0.008051,0.0,0.0,0.0,0.0,0.223784
974,30-May-97,24:00:00,134.875,0.005237,0.0,0.0,0.0,0.0,0.218558
975,31-May-97,24:00:00,109.125,0.00684,0.0,0.0,0.0,0.0,0.214303
976,01-Jun-97,24:00:00,108.0,0.005973,0.0,0.0,0.0,0.0,0.209576
977,02-Jun-97,24:00:00,106.801676,0.001924,4.935011,0.0,0.018637,0.0,0.217314
978,03-Jun-97,24:00:00,107.714802,0.005924,6.114804,0.0,0.0,0.0,0.250484
979,04-Jun-97,24:00:00,107.733333,0.006563,0.0,0.0,0.0,0.0,0.246909
980,05-Jun-97,24:00:00,106.466669,0.008216,0.0,0.0,0.0,0.0,0.240802
981,06-Jun-97,24:00:00,101.799999,0.007899,0.0,0.0,0.0,0.0,0.234155
982,07-Jun-97,24:00:00,103.9,0.007171,0.0,0.0,0.0,0.0,0.228155
983,08-Jun-97,24:00:00,108.600003,0.006386,0.0,0.0,0.0,0.0,0.222782
984,09-Jun-97,24:00:00,108.800003,0.006947,0.0,0.0,0.0,0.0,0.217939
985,10-Jun-97,24:00:00,108.800003,0.007196,0.0,0.0,0.0,0.0,0.212634
986,11-Jun-97,24:00:00,106.500002,0.007166,0.0,0.0,0.0,0.0,0.207525
987,12-Jun-97,24:00:00,103.333338,0.007525,0.0,0.0,0.0,0.0,0.202273
988,13-Jun-97,24:00:00,101.666665,0.008742,0.0,0.0,0.0,0.0,0.196785
989,14-Jun-97,24:00:00,106.200002,0.006524,0.0,0.0,0.0,0.0,0.191704
990,15-Jun-97,24:00:00,108.700003,0.008611,0.0,0.0,0.0,0.0,0.186781
991,16-Jun-97,24:00:00,104.2,0.008457,0.0,0.0,0.0,0.0,0.181412
992,17-Jun-97,24:00:00,104.0,0.008672,0.0,0.0,0.0,0.0,0.176155
993,18-Jun-97,24:00:00,107.833333,0.009821,0.0,0.0,0.0,0.0,0.170756
994,19-Jun-97,24:00:00,106.466669,0.0087,0.0,0.0,0.0,0.0,0.165351
995,20-Jun-97,24:00:00,106.400002,0.008117,0.0,0.0,0.0,0.0,0.160573
996,21-Jun-97,24:00:00,104.1,0.007814,0.0,0.0,0.0,0.0,0.156248
997,22-Jun-97,24:00:00,104.0,0.007923,0.0,0.0,0.0,0.0,0.152057
998,23-Jun-97,24:00:00,104.0,0.008843,0.0,0.0,0.0,0.0,0.147809
999,24-Jun-97,24:00:00,103.233338,0.009036,0.0,0.0,0.0,0.0,0.143331
1000,25-Jun-97,24:00:00,101.666665,0.007819,0.0,0.0,0.0,0.0,0.139254
1001,26-Jun-97,24:00:00,101.599998,0.00668,0.0,0.0,0.0,0.0,0.135766
1002,27-Jun-97,24:00:00,101.599998,0.00681,0.0,0.0,0.0,0.0,0.132685
1003,28-Jun-97,24:00:00,105.433331,0.006441,0.0,0.0,0.0,0.0,0.129633
1004,29-Jun-97,24:00:00,103.300005,0.004819,0.0,0.0,0.0,0.0,0.127171
1005,30-Jun-97,24:00:00,101.666665,0.007413,0.0,0.0,0.0,0.0,0.124559
1006,01-Jul-97,24:00:00,101.599998,0.008211,0.0,0.0,0.0,0.0,0.1213
1007,02-Jul-97,24:00:00,103.133338,0.008993,0.0,0.0,0.0,0.0,0.117791
1008,03-Jul-97,24:00:00,100.900003,0.008894,0.0,0.0,0.0,0.0,0.114223
1009,04-Jul-97,24:00:00,108.46667,0.009172,0.0,0.0,0.0,0.0,0.110766
1010,05-Jul-97,24:00:00,105.733332,0.008832,0.0,0.0,0.0,0.0,0.107367
1011,06-Jul-97,24:00:00,107.9,0.009216,0.0,0.0,0.0,0.0,0.104128
1012,07-Jul-97,24:00:00,106.466669,0.00939,0.0,0.0,0.0,0.0,0.100883
1013,08-Jul-97,24:00:00,106.400002,0.009016,0.0,0.0,0.0,0.0,0.09758
1014,09-Jul-97,24:00:00,103.333338,0.008002,0.0,0.0,0.0,0.0,0.094828
1015,10-Jul-97,24:00:00,110.100002,0.008653,0.0,0.0,0.0,0.0,0.092223
1016,11-Jul-97,24:00:00,104.266667,0.009185,0.0,0.0,0.0,0.0,0.089444
1017,12-Jul-97,24:00:00,104.0,0.009329,0.0,0.0,0.0,0.0,0.086663
1018,13-Jul-97,24:00:00,103.233338,0.00922,0.0,0.0,0.0,0.0,0.083912
1019,14-Jul-97,24:00:00,103.966667,0.008839,0.0,0.0,0.0,0.0,0.08133
1020,15-Jul-97,24:00:00,103.233338,0.008691,0.0,0.0,0.0,0.0,0.07897
1021,16-Jul-97,24:00:00,103.200005,0.008502,0.0,0.0,0.0,0.0,0.07665
1022,17-Jul-97,24:00:00,100.900003,0.008886,0.0,0.0,0.0,0.0,0.074407
1023,18-Jul-97,24:00:00,103.100005,0.009645,0.0,0.0,0.0,0.0,0.07208
1024,19-Jul-97,24:00:00,100.900003,0.009111,0.0,0.0,0.0,0.0,0.069775
1025,20-Jul-97,24:00:00,100.800003,0.008977,0.0,0.0,0.0,0.0,0.067656
1026,21-Jul-97,24:00:00,103.866667,0.009034,0.0,0.0,0.0,0.0,0.065607
1027,22-Jul-97,24:00:00,104.0,0.008879,0.0,0.0,0.0,0.0,0.063629
1028,23-Jul-97,24:00:00,104.0,0.008683,0.0,0.0,0.0,0.0,0.061724
1029,24-Jul-97,24:00:00,99.400005,0.009069,0.0,0.0,0.0,0.0,0.059876
1030,25-Jul-97,24:00:00,100.733336,0.009071,0.0,0.0,0.0,0.0,0.058045
1031,26-Jul-97,24:00:00,101.566665,0.007625,0.0,0.0,0.0,0.0,0.056393
1032,27-Jul-97,24:00:00,103.9,0.008581,0.0,0.0,0.0,0.0,0.054849
1033,28-Jul-97,24:00:00,105.533331,0.00793,0.0,0.0,0.0,0.0,0.053313
1034,29-Jul-97,24:00:00,104.066667,0.007687,0.0,0.0,0.0,0.0,0.051891
1035,30-Jul-97,24:00:00,119.333333,0.007965,0.0,0.0,0.0,0.0,0.050516
1036,31-Jul-97,24:00:00,123.066671,0.007554,0.0,0.0,0.0,0.0,0.049462
1037,01-Aug-97,24:00:00,123.200005,0.008129,0.0,0.0,0.0,0.0,0.048338
1038,02-Aug-97,24:00:00,123.200005,0.008789,0.0,0.0,0.0,0.0,0.046974
1039,03-Aug-97,24:00:00,120.900003,0.008855,0.0,0.0,0.0,0.0,0.045568
1040,04-Aug-97,24:00:00,122.333335,0.009197,0.0,0.0,0.0,0.0,0.044178
1041,05-Aug-97,24:00:00,120.86667,0.009152,0.0,0.0,0.0,0.0,0.042795
1042,06-Aug-97,24:00:00,120.800003,0.00942,0.0,0.0,0.0,0.0,0.041463
1043,07-Aug-97,24:00:00,120.800003,0.009371,0.0,0.0,0.0,0.0,0.04016
1044,08-Aug-97,24:00:00,122.333335,0.005881,0.0,0.0,0.0,0.0,0.039082
1045,09-Aug-97,24:00:00,122.400002,0.005585,0.0,0.0,0.0,0.0,0.038327
1046,10-Aug-97,24:00:00,122.400002,0.007042,0.0,0.0,0.0,0.0,0.037498
1047,11-Aug-97,24:00:00,120.86667,0.007851,0.0,0.0,0.0,0.0,0.036567
1048,12-Aug-97,24:00:00,122.333335,0.007104,0.0,0.0,0.0,0.0,0.035621
1049,13-Aug-97,24:00:00,123.166672,0.007311,0.0,0.0,0.0,0.0,0.034764
1050,14-Aug-97,24:00:00,123.200005,0.007902,0.0,0.0,0.0,0.0,0.033872
1051,15-Aug-97,24:00:00,124.733336,0.005986,0.0,0.0,0.0,0.0,0.033072
1052,16-Aug-97,24:00:00,123.266672,0.005525,0.0,0.0,0.0,0.0,0.032429
1053,17-Aug-97,24:00:00,123.200005,0.006525,0.0,0.0,0.0,0.0,0.031775
1054,18-Aug-97,24:00:00,122.433335,0.005159,0.0,0.0,0.0,0.0,0.031095
1055,19-Aug-97,24:00:00,138.799486,0.004044,15.632815,0.0,0.026736,0.0,0.087453
1056,20-Aug-97,24:00:00,127.252203,0.006716,0.218865,0.0,0.0,0.0,0.094078
1057,21-Aug-97,24:00:00,123.366672,0.007042,0.0,0.0,0.0,0.0,0.091902
1058,22-Aug-97,24:00:00,123.200005,0.006103,0.0,0.0,0.0,0.0,0.089817
1059,23-Aug-97,24:00:00,123.200005,0.006426,0.0,0.0,0.0,0.0,0.087899
1060,24-Aug-97,24:00:00,123.200005,0.006458,0.0,0.0,0.0,0.0,0.086007
1061,25-Aug-97,24:00:00,123.200005,0.005258,0.0,0.0,0.0,0.0,0.084276
1062,26-Aug-97,24:00:00,123.200005,0.006674,0.0,0.0,0.0,0.0,0.082601
1063,27-Aug-97,24:00:00,123.200005,0.006687,0.0,0.0,0.0,0.0,0.080715
1064,28-Aug-97,24:00:00,122.433335,0.006456,0.0,0.0,0.0,0.0,0.078907
1065,29-Aug-97,24:00:00,123.166672,0.006488,0.0,0.0,0.0,0.0,0.077187
1066,30-Aug-97,24:00:00,123.200005,0.006537,0.0,0.0,0.0,0.0,0.075486
1067,31-Aug-97,24:00:00,122.433335,0.006028,0.0,0.0,0.0,0.0,0.073892
1068,01-Sep-97,24:00:00,123.166672,0.00699,0.0,0.0,0.0,0.0,0.072248
1069,02-Sep-97,24:00:00,123.200005,0.006823,0.0,0.0,0.0,0.0,0.070532
1070,03-Sep-97,24:00:00,140.833339,0.007204,0.0,0.0,0.0,0.0,0.068874
1071,04-Sep-97,24:00:00,148.500003,0.006881,0.0,0.0,0.0,0.0,0.06722
1072,05-Sep-97,24:00:00,146.500009,0.006597,0.0,0.0,0.0,0.0,0.06568
1073,06-Sep-97,24:00:00,140.266667,0.006552,0.0,0.0,0.0,0.0,0.064225
1074,07-Sep-97,24:00:00,139.23333,0.006495,0.0,0.0,0.0,0.0,0.062803
1075,08-Sep-97,24:00:00,139.966667,0.005794,0.0,0.0,0.0,0.0,0.06181
1076,09-Sep-97,24:00:00,139.23333,0.004365,0.0,0.0,0.0,0.0,0.060986
1077,10-Sep-97,24:00:00,149.933342,0.006092,0.0,0.0,0.0,0.0,0.059913
1078,11-Sep-97,24:00:00,141.966673,0.006059,0.0,0.0,0.0,0.0,0.058668
1079,12-Sep-97,24:00:00,141.600006,0.005862,0.0,0.0,0.0,0.0,0.057472
1080,13-Sep-97,24:00:00,149.35923,0.001387,7.759224,0.0,0.014902,0.0,0.075756
1081,14-Sep-97,24:00:00,151.10982,0.004227,1.076478,0.0,0.0,0.0,0.092562
1082,15-Sep-97,24:00:00,150.400009,0.005665,0.0,0.0,0.0,0.0,0.091861
1083,16-Sep-97,24:00:00,148.86667,0.00325,0.0,0.0,0.0,0.0,0.090594
1084,17-Sep-97,24:00:00,148.800003,0.005122,0.0,0.0,0.0,0.0,0.089328
1085,18-Sep-97,24:00:00,148.800003,0.005843,0.0,0.0,0.0,0.0,0.087684
1086,19-Sep-97,24:00:00,150.333342,0.005956,0.0,0.0,0.0,0.0,0.085932
1087,20-Sep-97,24:00:00,145.800006,0.006222,0.0,0.0,0.0,0.0,0.084174
1088,21-Sep-97,24:00:00,139.466664,0.006148,0.0,0.0,0.0,0.0,0.082403
1089,22-Sep-97,24:00:00,139.966667,0.006356,0.0,0.0,0.0,0.0,0.080658
1090,23-Sep-97,24:00:00,136.933336,0.006471,0.0,0.0,0.0,0.0,0.078902
1091,24-Sep-97,24:00:00,139.866667,0.005831,0.0,0.0,0.0,0.0,0.077239
1092,25-Sep-97,24:00:00,133.100003,0.005413,0.0,0.0,0.0,0.0,0.075763
1093,26-Sep-97,24:00:00,132.800003,0.005425,0.0,0.0,0.0,0.0,0.07435
1094,27-Sep-97,24:00:00,132.800003,0.005432,0.0,0.0,0.0,0.0,0.072965
1095,28-Sep-97,24:00:00,132.800003,0.007103,0.0,0.0,0.0,0.0,0.071528
1096,29-Sep-97,24:00:00,132.800003,0.006184,0.0,0.0,0.0,0.0,0.069879
1097,30-Sep-97,24:00:00,237.473184,0.003624,0.023184,0.0,0.000303,0.0,0.068697
1098,01-Oct-97,24:00:00,248.865045,0.002967,0.156711,0.0,0.0,0.0,0.068923
1099,02-Oct-97,24:00:00,258.583333,0.004548,0.0,0.0,0.0,0.0,0.068597
1100,03-Oct-97,24:00:00,251.333333,0.005172,0.0,0.0,0.0,0.0,0.067554
1101,04-Oct-97,24:00:00,253.875,0.004098,0.0,0.0,0.0,0.0,0.066492
1102,05-Oct-97,24:00:00,249.208333,0.00336,0.0,0.0,0.0,0.0,0.065667
1103,06-Oct-97,24:00:00,243.25,0.004502,0.0,0.0,0.0,0.0,0.064778
1104,07-Oct-97,24:00:00,276.658291,0.000736,16.408291,0.0,0.052656,0.0,0.098893
1105,08-Oct-97,24:00:00,295.348482,0.001538,19.015148,0.0,0.009215,0.0,0.199704
1106,09-Oct-97,24:00:00,261.968708,0.002708,1.260375,0.0,0.0,0.0,0.212708
1107,10-Oct-97,24:00:00,251.375,0.003894,0.0,0.0,0.0,0.0,0.211968
1108,11-Oct-97,24:00:00,259.625,0.003499,0.0,0.0,0.0,0.0,0.209687
1109,12-Oct-97,24:00:00,259.041667,0.003652,0.0,0.0,0.0,0.0,0.207132
1110,13-Oct-97,24:00:00,257.083333,0.003644,0.0,0.0,0.0,0.0,0.204535
1111,14-Oct-97,24:00:00,258.916667,0.004027,0.0,0.0,0.0,0.0,0.20189
1112,15-Oct-97,24:00:00,254.208333,0.004027,0.0,0.0,0.0,0.0,0.199129
1113,16-Oct-97,24:00:00,254.0,0.003515,0.0,0.0,0.0,0.0,0.196535
1114,17-Oct-97,24:00:00,261.666667,0.003812,0.0,0.0,0.0,0.0,0.194117
1115,18-Oct-97,24:00:00,33.916667,0.003537,0.0,0.0,0.0,0.0,0.191685
1116,19-Oct-97,24:00:00,23.041667,0.003388,0.0,0.0,0.0,0.0,0.189396
1117,20-Oct-97,24:00:00,23.0,0.003962,0.0,0.0,0.0,0.0,0.187093
1118,21-Oct-97,24:00:00,17.25,0.003349,0.0,0.0,0.0,0.0,0.184703
1119,22-Oct-97,24:00:00,20.833333,0.003492,0.0,0.0,0.0,0.0,0.182568
1120,23-Oct-97,24:00:00,18.125,0.003586,0.0,0.0,0.0,0.0,0.180424
1121,24-Oct-97,24:00:00,18.0,0.003079,0.0,0.0,0.0,0.0,0.178267
1122,25-Oct-97,24:00:00,18.0,0.003535,0.0,0.0,0.0,0.0,0.17634
1123,26-Oct-97,24:00:00,18.0,0.003262,0.0,0.0,0.0,0.0,0.174247
1124,27-Oct-97,24:00:00,18.0,0.00299,0.0,0.0,0.0,0.0,0.172418
1125,28-Oct-97,24:00:00,37.166667,0.001177,0.0,0.0,0.0,0.0,0.171113
1126,29-Oct-97,24:00:00,40.875,0.001547,0.0,0.0,0.0,0.0,0.170334
1127,30-Oct-97,24:00:00,52.5,0.002307,0.0,0.0,0.0,0.0,0.169224
1128,31-Oct-97,24:00:00,283.0,0.00311,0.0,0.0,0.0,0.0,0.167641
1129,01-Nov-97,24:00:00,295.875,0.002911,0.0,0.0,0.0,0.0,0.165916
1130,02-Nov-97,24:00:00,293.125,0.002342,0.0,0.0,0.0,0.0,0.164439
1131,03-Nov-97,24:00:00,295.875,0.002535,0.0,0.0,0.0,0.0,0.163057
1132,04-Nov-97,24:00:00,292.166667,0.003199,0.0,0.0,0.0,0.0,0.161562
1133,05-Nov-97,24:00:00,292.0,0.000784,0.0,0.0,0.0,0.0,0.160732
1134,06-Nov-97,24:00:00,297.75,0.002173,0.0,0.0,0.0,0.0,0.160675
1135,07-Nov-97,24:00:00,302.791667,0.001461,0.0,0.0,0.0,0.0,0.160192
1136,08-Nov-97,24:00:00,304.599098,0.002135,0.640765,0.0,0.001292,0.0,0.161087
1137,09-Nov-97,24:00:00,301.249963,0.001228,0.124963,0.0,0.0,0.0,0.162709
1138,10-Nov-97,24:00:00,301.0,0.001475,0.0,0.0,0.0,0.0,0.162709
1139,11-Nov-97,24:00:00,306.375383,0.001551,10.16705,0.0,0.019253,0.0,0.193712
1140,12-Nov-97,24:00:00,309.867269,0.001782,6.200602,0.0,0.013235,0.0,0.221641
1141,13-Nov-97,24:00:00,328.983767,0.001783,24.983767,0.0,0.039825,0.0,0.308943
1142,14-Nov-97,24:00:00,205.371236,0.000996,3.912903,0.0,0.006353,0.0,0.343429
1143,15-Nov-97,24:00:00,218.947976,0.000795,12.364643,0.0,0.02145,0.0,0.378335
1144,16-Nov-97,24:00:00,239.396073,0.000938,1.729406,0.0,0.0,0.0,0.402986
1145,17-Nov-97,24:00:00,188.319473,0.00119,0.111139,0.0,0.002966,0.0,0.403585
1146,18-Nov-97,24:00:00,298.509214,0.001098,8.050881,0.0,0.011328,0.0,0.428654
1147,19-Nov-97,24:00:00,328.485138,0.001385,5.693471,0.0,0.018517,0.0,0.450611
1148,20-Nov-97,24:00:00,304.675022,0.000784,5.591689,0.0,0.0,0.0,0.481729
1149,21-Nov-97,24:00:00,321.958872,0.001018,13.417206,0.0,0.027154,0.0,0.519271
1150,22-Nov-97,24:00:00,327.02158,0.001752,2.688247,0.0,0.0,0.0,0.546899
1151,23-Nov-97,24:00:00,441.679407,0.000664,114.762552,0.0,0.017264,0.0,0.553301
1152,24-Nov-97,24:00:00,526.053188,0.001636,199.053011,0.0,0.001118,0.0,0.588445
1153,25-Nov-97,24:00:00,343.164065,0.000656,18.080732,0.0,0.031347,0.0,0.646119
1154,26-Nov-97,24:00:00,328.079166,0.001246,1.162499,0.0,0.0,0.0,0.666249
1155,27-Nov-97,24:00:00,299.208333,0.001245,0.0,0.0,0.0,0.0,0.666249
1156,28-Nov-97,24:00:00,318.357566,0.000638,26.107566,21.645801,0.017334,0.00327,0.674399
1157,29-Nov-97,24:00:00,417.344822,0.001445,96.594822,90.780283,0.0,0.0,0.7
1158,30-Nov-97,24:00:00,344.744785,0.00152,19.869785,19.869074,0.0,0.0,0.7
1159,01-Dec-97,24:00:00,296.728646,0.001004,9.103646,9.103646,0.0,0.0,0.7
1160,02-Dec-97,24:00:00,362.735774,0.001165,93.027441,90.832334,0.005277,0.004841,0.699817
1161,03-Dec-97,24:00:00,370.44956,0.002983,99.532893,98.59934,0.0,0.0,0.7
1162,04-Dec-97,24:00:00,302.097146,0.001851,28.222146,28.222146,0.0,0.0,0.7
1163,05-Dec-97,24:00:00,754.175528,0.001775,476.342085,412.033024,0.02059,0.02059,0.701502
1164,06-Dec-97,24:00:00,1393.811667,0.000905,1118.687708,1095.456261,0.026302,0.026302,0.700303
1165,07-Dec-97,24:00:00,729.230524,0.00071,409.18886,408.256441,0.0,0.0,0.7
1166,08-Dec-97,24:00:00,484.748934,0.001265,156.998934,156.998934,0.0,0.0,0.7
1167,09-Dec-97,24:00:00,411.055624,0.001354,110.847291,110.847291,0.0,0.0,0.7
1168,10-Dec-97,24:00:00,366.304165,0.001389,93.179165,93.179165,0.0,0.0,0.699015
1169,11-Dec-97,24:00:00,349.259269,0.00087,119.425936,118.545687,0.006752,0.004981,0.697649
1170,12-Dec-97,24:00:00,988.09164,0.002282,768.716471,754.614455,0.019102,0.019102,0.700324
1171,13-Dec-97,24:00:00,590.352481,0.000782,368.477481,366.392725,0.003139,0.003139,0.7
1172,14-Dec-97,24:00:00,529.442235,0.000685,205.858902,204.794623,0.002065,0.002065,0.7
1173,15-Dec-97,24:00:00,460.914191,0.000631,142.497524,142.214914,0.0,0.0,0.7
1174,16-Dec-97,24:00:00,391.699732,0.000559,95.741398,95.741398,0.0,0.0,0.7
1175,17-Dec-97,24:00:00,404.944253,0.002074,78.319253,78.319253,0.0,0.0,0.7
1176,18-Dec-97,24:00:00,384.514419,0.001453,66.097753,66.097753,0.0,0.0,0.699475
1177,19-Dec-97,24:00:00,348.894121,0.001119,55.810787,55.810787,0.0,0.0,0.697481
1178,20-Dec-97,24:00:00,321.763663,0.00198,47.013663,47.013663,0.0,0.0,0.693999
1179,21-Dec-97,24:00:00,285.751106,0.001704,39.542772,39.542772,0.0,0.0,0.689332
1180,22-Dec-97,24:00:00,278.233704,0.0019,33.233704,33.233704,0.0,0.0,0.685052
1181,23-Dec-97,24:00:00,259.504743,0.001858,27.92141,27.92141,0.0,0.0,0.680654
1182,24-Dec-97,24:00:00,250.621232,0.001297,23.454565,23.454565,0.0,0.0,0.676544
1183,25-Dec-97,24:00:00,239.034281,0.001269,19.700948,19.700948,0.0,0.0,0.673498
1184,26-Dec-97,24:00:00,226.922542,0.001208,16.547542,16.547542,0.0,0.0,0.670555
1185,27-Dec-97,24:00:00,220.065362,0.001349,13.898696,13.898696,0.0,0.0,0.667468
1186,28-Dec-97,24:00:00,221.507128,0.001363,11.673794,11.673794,0.0,0.0,0.66422
1187,29-Dec-97,24:00:00,221.721696,0.001266,9.805029,9.805029,0.0,0.0,0.661056
1188,30-Dec-97,24:00:00,220.23541,0.001158,8.23541,8.23541,0.0,0.0,0.658255
1189,31-Dec-97,24:00:00,376.955672,0.000769,175.497478,30.532698,0.027192,0.00684,0.666988
1190,01-Jan-98,24:00:00,1923.29625,0.000794,1623.587917,1335.499597,0.039192,0.04092,0.709185
1191,02-Jan-98,24:00:00,1281.612964,0.000825,954.613636,941.219888,0.031528,0.031528,0.702842
1192,03-Jan-98,24:00:00,1382.984074,0.000791,1054.984002,1044.073307,0.005391,0.005391,0.7
1193,04-Jan-98,24:00:00,658.65839,0.000932,331.616724,331.540937,0.0,0.0,0.7
1194,05-Jan-98,24:00:00,881.060794,0.000372,554.060823,546.357808,0.014561,0.014561,0.700088
1195,06-Jan-98,24:00:00,688.586044,0.000899,361.586043,360.655568,0.0,0.0,0.7
1196,07-Jan-98,24:00:00,518.421955,0.001026,191.421955,191.421955,0.0,0.0,0.7
1197,08-Jan-98,24:00:00,475.57274,0.001154,147.614407,147.614407,0.0,0.0,0.7
1198,09-Jan-98,24:00:00,500.991022,0.000639,172.991183,168.862183,0.012626,0.009721,0.700646
1199,10-Jan-98,24:00:00,2990.707917,0.000429,2662.707917,1700.392658,0.065393,0.060158,0.708903
1200,11-Jan-98,24:00:00,2677.072083,0.000964,2354.822083,2113.819167,0.027139,0.035278,0.70953
1201,12-Jan-98,24:00:00,1341.52057,0.000847,1203.520516,1186.101152,0.029818,0.025956,0.701425
1202,13-Jan-98,24:00:00,3000.557917,0.00083,2870.557917,2206.054167,0.074891,0.060872,0.727266
1203,14-Jan-98,24:00:00,2374.575,0.000849,2242.658333,2096.836667,0.019765,0.033254,0.706794
1204,15-Jan-98,24:00:00,2792.444167,0.000611,2665.235833,2433.134167,0.061529,0.05915,0.713317
1205,16-Jan-98,24:00:00,2468.416667,0.00119,2151.666667,2020.7325,0.018307,0.022141,0.70121
1206,17-Jan-98,24:00:00,2653.940833,0.000738,2329.899167,2107.7625,0.037679,0.040616,0.704674
1207,18-Jan-98,24:00:00,1474.697083,0.000656,1149.738824,1146.222633,0.001124,0.001124,0.7
1208,19-Jan-98,24:00:00,931.473996,0.000932,607.432668,607.427119,0.0,0.0,0.7
1209,20-Jan-98,24:00:00,787.953786,0.000858,463.953786,463.953786,0.0,0.0,0.7
1210,21-Jan-98,24:00:00,711.741756,0.001069,387.741756,387.741756,0.0,0.0,0.7
1211,22-Jan-98,24:00:00,845.675297,0.000784,523.592227,519.963351,0.006253,0.006253,0.700159
1212,23-Jan-98,24:00:00,655.530069,0.001262,333.530069,333.451364,0.0,0.0,0.7
1213,24-Jan-98,24:00:00,2301.147044,0.001483,1979.146995,1123.933496,0.058342,0.047897,0.709402
1214,25-Jan-98,24:00:00,3086.163333,0.000695,2764.163333,2292.959167,0.034502,0.044947,0.716684
1215,26-Jan-98,24:00:00,1319.668203,0.001771,997.668002,991.145084,0.0,0.0,0.7
1216,27-Jan-98,24:00:00,1135.302795,0.001529,813.302679,796.307249,0.020732,0.020732,0.701633
1217,28-Jan-98,24:00:00,1296.139661,0.0013,968.38981,960.208956,0.006914,0.006914,0.700038
1218,29-Jan-98,24:00:00,753.766228,0.002287,423.849562,423.821144,0.0,0.0,0.7
1219,30-Jan-98,24:00:00,719.820638,0.001463,391.737678,389.847668,0.008804,0.008373,0.699997
1220,31-Jan-98,24:00:00,1671.550056,0.001234,1343.550297,1322.405784,0.031684,0.031684,0.701582
1221,01-Feb-98,24:00:00,1488.469167,0.00061,1160.469816,1038.801694,0.036274,0.029325,0.702813
1222,02-Feb-98,24:00:00,2894.516667,0.001111,2576.1,2035.46875,0.033793,0.040742,0.712484
1223,03-Feb-98,24:00:00,1404.178556,0.00152,1228.97054,1219.576483,0.010177,0.010177,0.7
1224,04-Feb-98,24:00:00,1803.251594,0.001095,1634.251765,1384.490314,0.047186,0.045301,0.705111
1225,05-Feb-98,24:00:00,2821.244167,0.001156,2768.2025,2192.691667,0.057541,0.050148,0.715603
1226,06-Feb-98,24:00:00,3084.5125,0.001135,2920.554167,2458.18875,0.046153,0.050305,0.706862
1227,07-Feb-98,24:00:00,2286.4025,0.000963,2117.4025,1921.704167,0.008036,0.013162,0.702207
1228,08-Feb-98,24:00:00,932.221419,0.002062,763.221232,763.021493,0.0,0.0,0.7
1229,09-Feb-98,24:00:00,966.905924,0.000889,797.905742,791.601266,0.021047,0.020013,0.700255
1230,10-Feb-98,24:00:00,1653.596667,0.001521,1340.846486,1249.098582,0.011004,0.012037,0.701054
1231,11-Feb-98,24:00:00,1504.554766,0.000888,1177.888047,1145.552784,0.024504,0.024504,0.70139
1232,12-Feb-98,24:00:00,1066.740226,0.002109,738.782106,735.793864,0.0,0.0,0.7
1233,13-Feb-98,24:00:00,1481.492619,0.001343,1153.493,1138.615414,0.030223,0.030223,0.700119
1234,14-Feb-98,24:00:00,1091.155553,0.002258,763.154919,760.113273,0.0,0.0,0.7
1235,15-Feb-98,24:00:00,1186.870995,0.000574,858.871114,789.892846,0.033801,0.030197,0.701912
1236,16-Feb-98,24:00:00,1751.919583,0.001704,1423.920044,1368.736136,0.008765,0.01237,0.700292
1237,17-Feb-98,24:00:00,904.653606,0.001179,576.653185,575.911784,0.009949,0.009555,0.700183
1238,18-Feb-98,24:00:00,3679.3625,0.000912,3349.445833,1912.166667,0.057546,0.05794,0.710645
1239,19-Feb-98,24:00:00,1734.252917,0.0015,1409.045101,1247.051219,0.0,0.0,0.7
1240,20-Feb-98,24:00:00,3692.07899,0.000839,3365.162124,1543.460157,0.043891,0.043891,0.708992
1241,21-Feb-98,24:00:00,1411.518098,0.002243,1087.393142,996.034237,0.0,0.0,0.7
1242,22-Feb-98,24:00:00,1199.295762,0.001123,1043.962339,1031.08803,0.02504,0.02504,0.701063
1243,23-Feb-98,24:00:00,883.910448,0.00265,735.910069,733.938583,0.0,0.0,0.7
1244,24-Feb-98,24:00:00,625.587713,0.001372,392.296046,392.296046,0.0,0.0,0.7
1245,25-Feb-98,24:00:00,627.089728,0.001594,300.964728,300.964728,0.0,0.0,0.698228
1246,26-Feb-98,24:00:00,581.535233,0.002192,251.535233,251.535233,0.0,0.0,0.693988
1247,27-Feb-98,24:00:00,542.382389,0.002666,212.382389,212.382389,0.0,0.0,0.688063
1248,28-Feb-98,24:00:00,509.058894,0.003096,179.058894,179.058894,0.0,0.0,0.681282
1249,01-Mar-98,24:00:00,480.687484,0.001361,150.687484,150.687484,0.0,0.0,0.675707
1250,02-Mar-98,24:00:00,454.763399,0.003485,126.680066,126.680066,0.0,0.0,0.670134
1251,03-Mar-98,24:00:00,434.444249,0.003078,106.444249,106.444249,0.0,0.0,0.662216
1252,04-Mar-98,24:00:00,417.420496,0.001834,89.420496,89.420496,0.0,0.0,0.65608
1253,05-Mar-98,24:00:00,403.111734,0.003634,75.111734,75.111734,0.0,0.0,0.649832
1254,06-Mar-98,24:00:00,391.089781,0.001379,63.089781,63.089781,0.0,0.0,0.64359
1255,07-Mar-98,24:00:00,380.990947,0.003092,52.990947,52.990947,0.0,0.0,0.642108
1256,08-Mar-98,24:00:00,372.508266,0.003539,44.508266,44.508266,0.0,0.0,0.63802
1257,09-Mar-98,24:00:00,365.383331,0.004076,37.383331,37.383331,0.0,0.0,0.629156
1258,10-Mar-98,24:00:00,358.440577,0.003743,31.39891,31.39891,0.0,0.0,0.619637
1259,11-Mar-98,24:00:00,373.828472,0.001031,46.828472,34.42278,0.040827,0.00404,0.641594
1260,12-Mar-98,24:00:00,876.272685,0.002779,548.314222,530.158094,0.010804,0.01194,0.70091
1261,13-Mar-98,24:00:00,468.713856,0.005011,138.79719,138.746743,0.0,0.0,0.696606
1262,14-Mar-98,24:00:00,393.936511,0.004279,63.936511,63.936511,0.0,0.0,0.686598
1263,15-Mar-98,24:00:00,375.468592,0.004337,48.343592,48.343592,0.0,0.0,0.676288
1264,16-Mar-98,24:00:00,367.914118,0.004218,40.914118,40.914118,0.0,0.0,0.665942
1265,17-Mar-98,24:00:00,362.807935,0.004576,34.849601,34.849601,0.0,0.0,0.65545
1266,18-Mar-98,24:00:00,365.176256,0.004748,29.509589,29.509589,0.0,0.0,0.644549
1267,19-Mar-98,24:00:00,360.883244,0.003631,24.883244,24.883244,0.0,0.0,0.634418
1268,20-Mar-98,24:00:00,415.765637,0.00188,81.682303,20.937355,0.021191,0.0,0.635271
1269,21-Mar-98,24:00:00,1217.471906,0.001628,881.555633,623.804566,0.030701,0.020939,0.700766
1270,22-Mar-98,24:00:00,1235.299194,0.001446,899.298879,750.319478,0.022813,0.022812,0.701897
1271,23-Mar-98,24:00:00,886.900503,0.001741,552.81695,539.41883,0.008394,0.008394,0.700281
1272,24-Mar-98,24:00:00,697.575963,0.003404,363.575963,360.837602,0.001476,0.001476,0.7
1273,25-Mar-98,24:00:00,505.426476,0.003913,177.176476,176.894976,0.0,0.0,0.7
1274,26-Mar-98,24:00:00,449.751281,0.002418,116.001281,116.001281,0.0,0.0,0.697153
1275,27-Mar-98,24:00:00,426.1901,0.003549,95.0651,95.0651,0.0,0.0,0.690473
1276,28-Mar-98,24:00:00,411.559652,0.004804,80.559652,80.559652,0.0,0.0,0.680557
1277,29-Mar-98,24:00:00,398.227243,0.004172,68.185576,68.185576,0.0,0.0,0.669574
1278,30-Mar-98,24:00:00,1141.615809,0.000992,811.615531,552.205377,0.036291,0.021408,0.694594
1279,31-Mar-98,24:00:00,711.493105,0.004083,381.492866,361.127666,0.0,0.0,0.699737
1280,01-Apr-98,24:00:00,458.665733,0.003214,128.665733,128.665733,0.0,0.0,0.695349
1281,02-Apr-98,24:00:00,416.352663,0.002103,86.352663,86.124251,0.001019,0.0,0.691831
1282,03-Apr-98,24:00:00,401.580381,0.00299,71.580381,71.2045,0.0,0.0,0.69376
1283,04-Apr-98,24:00:00,390.526021,0.003462,60.526021,60.526021,0.0,0.0,0.69159
1284,05-Apr-98,24:00:00,379.37097,0.002405,51.287636,51.287636,0.0,0.0,0.685483
1285,06-Apr-98,24:00:00,373.190158,0.004329,43.273491,43.273491,0.0,0.0,0.677502
1286,07-Apr-98,24:00:00,366.42321,0.00337,36.42321,36.42321,0.0,0.0,0.668039
1287,08-Apr-98,24:00:00,360.62161,0.002564,30.62161,30.62161,0.0,0.0,0.6641
1288,09-Apr-98,24:00:00,355.730447,0.00274,25.730447,25.730447,0.0,0.0,0.662425
1289,10-Apr-98,24:00:00,351.615446,0.003599,21.615446,21.615446,0.0,0.0,0.656355
1290,11-Apr-98,24:00:00,351.190744,0.002465,21.190744,18.156649,0.01227,0.0,0.659188
1291,12-Apr-98,24:00:00,349.491625,0.003093,19.491625,15.250629,0.0,0.0,0.682229
1292,13-Apr-98,24:00:00,342.452193,0.003402,14.368859,12.809468,0.004231,0.0,0.683261
1293,14-Apr-98,24:00:00,339.70807,0.004626,11.70807,10.758974,0.0,0.0,0.687594
1294,15-Apr-98,24:00:00,339.911675,0.005281,9.036675,9.036675,0.0,0.0,0.680885
1295,16-Apr-98,24:00:00,340.50673,0.00574,7.590064,7.590064,0.0,0.0,0.667723
1296,17-Apr-98,24:00:00,337.458356,0.005398,6.375023,6.375023,0.0,0.0,0.654335
1297,18-Apr-98,24:00:00,335.396154,0.005819,5.354487,5.354487,0.0,0.0,0.640863
1298,19-Apr-98,24:00:00,334.497321,0.006685,4.497321,4.497321,0.0,0.0,0.626152
1299,20-Apr-98,24:00:00,333.777374,0.00681,3.777374,3.777374,0.0,0.0,0.609625
1300,21-Apr-98,24:00:00,333.172678,0.006246,3.172678,3.172678,0.0,0.0,0.594097
1301,22-Apr-98,24:00:00,338.086621,0.002347,8.086621,2.664783,0.010058,0.0,0.599488
1302,23-Apr-98,24:00:00,333.737873,0.004794,2.779539,2.238196,0.0,0.0,0.608418
1303,24-Apr-98,24:00:00,332.879898,0.00608,1.879898,1.879898,0.0,0.0,0.598844
1304,25-Apr-98,24:00:00,332.578957,0.006608,1.578957,1.578957,0.0,0.0,0.583644
1305,26-Apr-98,24:00:00,331.367859,0.00747,1.326192,1.326192,0.0,0.0,0.566999
1306,27-Apr-98,24:00:00,331.11389,0.007516,1.11389,1.11389,0.0,0.0,0.548936
1307,28-Apr-98,24:00:00,331.893908,0.007331,0.935575,0.935575,0.0,0.0,0.531358
1308,29-Apr-98,24:00:00,331.785804,0.006141,0.785804,0.785804,0.0,0.0,0.514859
1309,30-Apr-98,24:00:00,332.651851,0.001905,1.651851,0.66001,0.002281,0.0,0.50895
1310,01-May-98,24:00:00,330.956346,0.003456,0.91468,0.554354,0.0,0.0,0.512287
1311,02-May-98,24:00:00,330.465611,0.004577,0.465611,0.465611,0.0,0.0,0.507881
1312,03-May-98,24:00:00,330.391074,0.004044,0.391074,0.391074,0.0,0.0,0.497664
1313,04-May-98,24:00:00,330.32847,0.004036,0.32847,0.32847,0.0,0.0,0.48801
1314,05-May-98,24:00:00,331.234221,0.003169,0.275887,0.275887,0.0,0.0,0.479494
1315,06-May-98,24:00:00,330.273389,0.003403,0.231722,0.231722,0.0,0.0,0.47154
1316,07-May-98,24:00:00,330.194627,0.0038,0.194627,0.194627,0.0,0.0,0.463139
1317,08-May-98,24:00:00,328.246804,0.005394,0.163471,0.163471,0.0,0.0,0.451846
1318,09-May-98,24:00:00,327.178968,0.005337,0.137302,0.137302,0.0,0.0,0.439091
1319,10-May-98,24:00:00,327.765153,0.00215,0.765153,0.115322,0.001799,0.0,0.431787
1320,11-May-98,24:00:00,325.080968,0.002401,0.955968,0.096861,0.001694,0.0,0.434643
1321,12-May-98,24:00:00,322.726776,0.004087,0.643442,0.081355,0.0,0.0,0.437759
1322,13-May-98,24:00:00,326.859998,0.004151,0.068331,0.068331,0.0,0.0,0.433194
1323,14-May-98,24:00:00,327.057393,0.004998,0.057393,0.057393,0.0,0.0,0.422434
1324,15-May-98,24:00:00,328.006538,0.003968,0.048205,0.048205,0.0,0.0,0.41169
1325,16-May-98,24:00:00,328.040488,0.006051,0.040488,0.040488,0.0,0.0,0.401165
1326,17-May-98,24:00:00,329.950673,0.006973,0.034007,0.034007,0.0,0.0,0.388423
1327,18-May-98,24:00:00,327.153563,0.0047,0.028563,0.028563,0.0,0.0,0.377698
1328,19-May-98,24:00:00,327.02399,0.005724,0.02399,0.02399,0.0,0.0,0.369555
1329,20-May-98,24:00:00,327.978483,0.006255,0.02015,0.02015,0.0,0.0,0.360719
1330,21-May-98,24:00:00,328.016924,0.007007,0.016924,0.016924,0.0,0.0,0.352109
1331,22-May-98,24:00:00,196.722548,0.005567,0.014215,0.014215,0.0,0.0,0.344386
1332,23-May-98,24:00:00,166.095273,0.002809,0.01194,0.01194,0.0,0.0,0.339499
1333,24-May-98,24:00:00,156.385028,0.005664,0.010028,0.010028,0.0,0.0,0.336931
1334,25-May-98,24:00:00,156.497116,0.003441,0.497116,0.008423,0.001386,0.0,0.334349
1335,26-May-98,24:00:00,157.213788,0.00249,1.213788,0.007074,0.00908,0.0,0.338377
1336,27-May-98,24:00:00,344.705138,0.00193,21.955138,0.005942,0.043493,0.0,0.415423
1337,28-May-98,24:00:00,266.557673,0.002144,28.557673,0.004991,0.035844,0.0,0.525989
1338,29-May-98,24:00:00,282.967854,0.006378,1.051187,0.004192,0.0,0.0,0.545103
1339,30-May-98,24:00:00,325.211854,0.006727,0.003521,0.003521,0.0,0.0,0.532625
1340,31-May-98,24:00:00,264.327963,0.006127,0.002957,0.002957,0.0,0.0,0.517643
1341,01-Jun-98,24:00:00,261.60249,0.00405,0.002484,0.002484,0.0,0.0,0.505115
1342,02-Jun-98,24:00:00,262.368747,0.00309,0.002086,0.002086,0.0,0.0,0.496325
1343,03-Jun-98,24:00:00,261.635091,0.004623,0.001752,0.001752,0.0,0.0,0.487264
1344,04-Jun-98,24:00:00,262.368133,0.005864,0.001472,0.001472,0.0,0.0,0.474721
1345,05-Jun-98,24:00:00,261.634575,0.003589,0.001236,0.001236,0.0,0.0,0.463358
1346,06-Jun-98,24:00:00,261.601044,0.003903,0.001038,0.001038,0.0,0.0,0.454246
1347,07-Jun-98,24:00:00,261.600878,0.005773,0.000872,0.000872,0.0,0.0,0.442852
1348,08-Jun-98,24:00:00,261.600739,0.00742,0.000732,0.000732,0.0,0.0,0.426913
1349,09-Jun-98,24:00:00,235.533957,0.006359,0.000615,0.000615,0.0,0.0,0.410731
1350,10-Jun-98,24:00:00,235.93385,0.005273,0.000517,0.000517,0.0,0.0,0.398304
1351,11-Jun-98,24:00:00,259.000434,0.006202,0.000434,0.000434,0.0,0.0,0.386997
1352,12-Jun-98,24:00:00,260.000364,0.006326,0.000364,0.000364,0.0,0.0,0.376469
1353,13-Jun-98,24:00:00,260.000306,0.008037,0.000306,0.000306,0.0,0.0,0.365204
1354,14-Jun-98,24:00:00,261.533596,0.008951,0.000257,0.000257,0.0,0.0,0.353952
1355,15-Jun-98,24:00:00,260.066883,0.008818,0.000216,0.000216,0.0,0.0,0.342738
1356,16-Jun-98,24:00:00,260.000181,0.008589,0.000181,0.000181,0.0,0.0,0.332721
1357,17-Jun-98,24:00:00,260.000152,0.008393,0.000152,0.000152,0.0,0.0,0.323142
1358,18-Jun-98,24:00:00,260.000128,0.008451,0.000128,0.000128,0.0,0.0,0.314066
1359,19-Jun-98,24:00:00,261.533447,0.006812,0.000108,0.000108,0.0,0.0,0.305896
1360,20-Jun-98,24:00:00,259.300102,0.005394,9e-05,9e-05,0.0,0.0,0.299541
1361,21-Jun-98,24:00:00,259.966743,0.006017,7.6e-05,7.6e-05,0.0,0.0,0.293784
1362,22-Jun-98,24:00:00,259.233409,0.007209,6.4e-05,6.4e-05,0.0,0.0,0.287086
1363,23-Jun-98,24:00:00,259.966721,0.00753,5.3e-05,5.3e-05,0.0,0.0,0.279917
1364,24-Jun-98,24:00:00,260.000045,0.006448,4.5e-05,4.5e-05,0.0,0.0,0.273151
1365,25-Jun-98,24:00:00,260.000038,0.007917,3.8e-05,3.8e-05,0.0,0.0,0.266685
1366,26-Jun-98,24:00:00,261.533371,0.008203,3.2e-05,3.2e-05,0.0,0.0,0.25933
1367,27-Jun-98,24:00:00,260.066694,0.008166,2.7e-05,2.7e-05,0.0,0.0,0.252183
1368,28-Jun-98,24:00:00,260.000022,0.007698,2.2e-05,2.2e-05,0.0,0.0,0.245465
1369,29-Jun-98,24:00:00,260.000019,0.006834,1.9e-05,1.9e-05,0.0,0.0,0.23939
1370,30-Jun-98,24:00:00,260.000016,0.006785,1.6e-05,1.6e-05,0.0,0.0,0.233907
1371,01-Jul-98,24:00:00,200.200019,0.007235,1.3e-05,1.3e-05,0.0,0.0,0.228342
1372,02-Jul-98,24:00:00,197.600017,0.008135,1.1e-05,1.1e-05,0.0,0.0,0.222389
1373,03-Jul-98,24:00:00,200.666679,0.008398,9e-06,9e-06,0.0,0.0,0.216137
1374,04-Jul-98,24:00:00,130.266679,0.008056,8e-06,8e-06,0.0,0.0,0.210104
1375,05-Jul-98,24:00:00,123.366678,0.00854,7e-06,7e-06,0.0,0.0,0.204177
1376,06-Jul-98,24:00:00,127.033343,0.009545,6e-06,6e-06,0.0,0.0,0.198049
1377,07-Jul-98,24:00:00,130.26668,0.009118,5e-06,5e-06,0.0,0.0,0.191803
1378,08-Jul-98,24:00:00,135.000001,0.00796,4e-06,4e-06,0.0,0.0,0.186228
1379,09-Jul-98,24:00:00,132.900006,0.007479,3e-06,3e-06,0.0,0.0,0.181387
1380,10-Jul-98,24:00:00,134.333345,0.008614,3e-06,3e-06,0.0,0.0,0.176445
1381,11-Jul-98,24:00:00,132.866672,0.009465,2e-06,2e-06,0.0,0.0,0.171109
1382,12-Jul-98,24:00:00,134.333344,0.009489,2e-06,2e-06,0.0,0.0,0.165632
1383,13-Jul-98,24:00:00,145.900011,0.009338,2e-06,2e-06,0.0,0.0,0.160336
1384,14-Jul-98,24:00:00,147.933335,0.010224,1e-06,1e-06,0.0,0.0,0.155106
1385,15-Jul-98,24:00:00,140.333334,0.009391,1e-06,1e-06,0.0,0.0,0.149891
1386,16-Jul-98,24:00:00,136.933337,0.009702,1e-06,1e-06,0.0,0.0,0.145092
1387,17-Jul-98,24:00:00,135.266665,0.010114,1e-06,1e-06,0.0,0.0,0.140251
1388,18-Jul-98,24:00:00,129.83334,0.009927,1e-06,1e-06,0.0,0.0,0.135485
1389,19-Jul-98,24:00:00,122.700002,0.00931,1e-06,1e-06,0.0,0.0,0.131071
1390,20-Jul-98,24:00:00,122.400002,0.008386,0.0,0.0,0.0,0.0,0.127139
1391,21-Jul-98,24:00:00,123.166672,0.007814,0.0,0.0,0.0,0.0,0.123653
1392,22-Jul-98,24:00:00,124.733336,0.00808,0.0,0.0,0.0,0.0,0.120314
1393,23-Jul-98,24:00:00,123.266672,0.007904,0.0,0.0,0.0,0.0,0.117035
1394,24-Jul-98,24:00:00,125.499999,0.008691,0.0,0.0,0.0,0.0,0.113731
1395,25-Jul-98,24:00:00,123.300005,0.009212,0.0,0.0,0.0,0.0,0.110357
1396,26-Jul-98,24:00:00,123.200005,0.009184,0.0,0.0,0.0,0.0,0.106901
1397,27-Jul-98,24:00:00,123.200005,0.008733,0.0,0.0,0.0,0.0,0.103663
1398,28-Jul-98,24:00:00,123.200005,0.0069,0.0,0.0,0.0,0.0,0.100888
1399,29-Jul-98,24:00:00,123.200005,0.005727,0.0,0.0,0.0,0.0,0.098718
1400,30-Jul-98,24:00:00,123.200005,0.007503,0.0,0.0,0.0,0.0,0.096547
1401,31-Jul-98,24:00:00,122.433335,0.008724,0.0,0.0,0.0,0.0,0.093877
1402,01-Aug-98,24:00:00,125.466666,0.008953,0.0,0.0,0.0,0.0,0.091089
1403,02-Aug-98,24:00:00,125.599999,0.008917,0.0,0.0,0.0,0.0,0.08832
1404,03-Aug-98,24:00:00,127.133338,0.009421,0.0,0.0,0.0,0.0,0.085625
1405,04-Aug-98,24:00:00,127.966667,0.008983,0.0,0.0,0.0,0.0,0.082928
1406,05-Aug-98,24:00:00,128.0,0.00977,0.0,0.0,0.0,0.0,0.080343
1407,06-Aug-98,24:00:00,127.233338,0.008147,0.0,0.0,0.0,0.0,0.077842
1408,07-Aug-98,24:00:00,127.200005,0.00809,0.0,0.0,0.0,0.0,0.075714
1409,08-Aug-98,24:00:00,127.200005,0.008179,0.0,0.0,0.0,0.0,0.073641
1410,09-Aug-98,24:00:00,127.200005,0.008495,0.0,0.0,0.0,0.0,0.071548
1411,10-Aug-98,24:00:00,125.666665,0.008572,0.0,0.0,0.0,0.0,0.069479
1412,11-Aug-98,24:00:00,127.133338,0.008743,0.0,0.0,0.0,0.0,0.067454
1413,12-Aug-98,24:00:00,125.666665,0.008591,0.0,0.0,0.0,0.0,0.065479
1414,13-Aug-98,24:00:00,125.599998,0.007931,0.0,0.0,0.0,0.0,0.063615
1415,14-Aug-98,24:00:00,127.133338,0.008584,0.0,0.0,0.0,0.0,0.061856
1416,15-Aug-98,24:00:00,127.200005,0.00858,0.0,0.0,0.0,0.0,0.060101
1417,16-Aug-98,24:00:00,125.666665,0.007649,0.0,0.0,0.0,0.0,0.058369
1418,17-Aug-98,24:00:00,125.599998,0.006907,0.0,0.0,0.0,0.0,0.056959
1419,18-Aug-98,24:00:00,127.133338,0.007146,0.0,0.0,0.0,0.0,0.055609
1420,19-Aug-98,24:00:00,125.666665,0.006716,0.0,0.0,0.0,0.0,0.054292
1421,20-Aug-98,24:00:00,125.599998,0.006996,0.0,0.0,0.0,0.0,0.053039
1422,21-Aug-98,24:00:00,129.433339,0.007893,0.0,0.0,0.0,0.0,0.051713
1423,22-Aug-98,24:00:00,129.600006,0.007215,0.0,0.0,0.0,0.0,0.050376
1424,23-Aug-98,24:00:00,129.600006,0.007651,0.0,0.0,0.0,0.0,0.049112
1425,24-Aug-98,24:00:00,129.600006,0.007174,0.0,0.0,0.0,0.0,0.047882
1426,25-Aug-98,24:00:00,129.600006,0.006793,0.0,0.0,0.0,0.0,0.046735
1427,26-Aug-98,24:00:00,115.800005,0.0079,0.0,0.0,0.0,0.0,0.045592
1428,27-Aug-98,24:00:00,129.000006,0.00745,0.0,0.0,0.0,0.0,0.044398
1429,28-Aug-98,24:00:00,129.600006,0.007512,0.0,0.0,0.0,0.0,0.043269
1430,29-Aug-98,24:00:00,129.600006,0.007416,0.0,0.0,0.0,0.0,0.042174
1431,30-Aug-98,24:00:00,127.300005,0.0077,0.0,0.0,0.0,0.0,0.041097
1432,31-Aug-98,24:00:00,115.700005,0.007732,0.0,0.0,0.0,0.0,0.040022
1433,01-Sep-98,24:00:00,111.366672,0.008134,0.0,0.0,0.0,0.0,0.038956
1434,02-Sep-98,24:00:00,124.999998,0.008126,0.0,0.0,0.0,0.0,0.037884
1435,03-Sep-98,24:00:00,197.666669,0.008271,0.0,0.0,0.0,0.0,0.036856
1436,04-Sep-98,24:00:00,131.033333,0.004926,0.0,0.0,0.0,0.0,0.035981
1437,05-Sep-98,24:00:00,132.600003,0.006552,0.0,0.0,0.0,0.0,0.035282
1438,06-Sep-98,24:00:00,132.033333,0.007273,0.0,0.0,0.0,0.0,0.034464
1439,07-Sep-98,24:00:00,138.899997,0.007239,0.0,0.0,0.0,0.0,0.033625
1440,08-Sep-98,24:00:00,222.766675,0.004387,0.0,0.0,0.0,0.0,0.032938
1441,09-Sep-98,24:00:00,258.6,0.006029,0.0,0.0,0.0,0.0,0.03236
1442,10-Sep-98,24:00:00,260.0,0.006627,0.0,0.0,0.0,0.0,0.031666
1443,11-Sep-98,24:00:00,147.300009,0.007337,0.0,0.0,0.0,0.0,0.030927
1444,12-Sep-98,24:00:00,142.400009,0.007121,0.0,0.0,0.0,0.0,0.030166
1445,13-Sep-98,24:00:00,142.400009,0.007012,0.0,0.0,0.0,0.0,0.029444
1446,14-Sep-98,24:00:00,256.633339,0.00612,0.0,0.0,0.0,0.0,0.028781
1447,15-Sep-98,24:00:00,261.600006,0.006694,0.0,0.0,0.0,0.0,0.028158
1448,16-Sep-98,24:00:00,260.066667,0.005933,0.0,0.0,0.0,0.0,0.027553
1449,17-Sep-98,24:00:00,259.233345,0.005776,0.0,0.0,0.0,0.0,0.027001
1450,18-Sep-98,24:00:00,144.966667,0.0056,0.0,0.0,0.0,0.0,0.026478
1451,19-Sep-98,24:00:00,140.0,0.005707,0.0,0.0,0.0,0.0,0.025966
1452,20-Sep-98,24:00:00,140.0,0.00538,0.0,0.0,0.0,0.0,0.025478
1453,21-Sep-98,24:00:00,252.700006,0.00318,0.0,0.0,0.0,0.0,0.025103
1454,22-Sep-98,24:00:00,256.833351,0.003828,0.0,0.0,0.0,0.0,0.024805
1455,23-Sep-98,24:00:00,261.400007,0.004635,0.0,0.0,0.0,0.0,0.024443
1456,24-Sep-98,24:00:00,261.600006,0.003595,0.0,0.0,0.0,0.0,0.024103
1457,25-Sep-98,24:00:00,119.000003,0.00488,0.0,0.0,0.0,0.0,0.023747
1458,26-Sep-98,24:00:00,140.400006,0.002111,0.0,0.0,0.0,0.0,0.023458
1459,27-Sep-98,24:00:00,141.600006,0.004456,0.0,0.0,0.0,0.0,0.023214
1460,28-Sep-98,24:00:00,252.766673,0.004682,0.0,0.0,0.0,0.0,0.022849
1461,29-Sep-98,24:00:00,257.600006,0.003993,0.0,0.0,0.0,0.0,0.022516
1462,30-Sep-98,24:00:00,319.316667,0.002583,0.0,0.0,0.0,0.0,0.022253
1463,01-Oct-98,24:00:00,323.916667,0.004091,0.0,0.0,0.0,0.0,0.022012
1464,02-Oct-98,24:00:00,309.625,0.004568,0.0,0.0,0.0,0.0,0.02168
1465,03-Oct-98,24:00:00,303.25,0.004289,0.0,0.0,0.0,0.0,0.02135
1466,04-Oct-98,24:00:00,296.291667,0.005186,0.0,0.0,0.0,0.0,0.02101
1467,05-Oct-98,24:00:00,296.0,0.005376,0.0,0.0,0.0,0.0,0.020644
1468,06-Oct-98,24:00:00,293.125,0.004574,0.0,0.0,0.0,0.0,0.02028
1469,07-Oct-98,24:00:00,305.458333,0.00347,0.0,0.0,0.0,0.0,0.020008
1470,08-Oct-98,24:00:00,299.291667,0.004405,0.0,0.0,0.0,0.0,0.019738
1471,09-Oct-98,24:00:00,298.041667,0.003845,0.0,0.0,0.0,0.0,0.019455
1472,10-Oct-98,24:00:00,296.083333,0.003838,0.0,0.0,0.0,0.0,0.019204
1473,11-Oct-98,24:00:00,296.0,0.003409,0.0,0.0,0.0,0.0,0.018963
1474,12-Oct-98,24:00:00,297.916667,0.004017,0.0,0.0,0.0,0.0,0.018722
1475,13-Oct-98,24:00:00,295.125,0.00361,0.0,0.0,0.0,0.0,0.01848
1476,14-Oct-98,24:00:00,303.625,0.004119,0.0,0.0,0.0,0.0,0.018238
1477,15-Oct-98,24:00:00,305.916667,0.003714,0.0,0.0,0.0,0.0,0.017991
1478,16-Oct-98,24:00:00,306.0,0.003479,0.0,0.0,0.0,0.0,0.017768
1479,17-Oct-98,24:00:00,304.083333,0.00374,0.0,0.0,0.0,0.0,0.017552
1480,18-Oct-98,24:00:00,303.041667,0.003689,0.0,0.0,0.0,0.0,0.017328
1481,19-Oct-98,24:00:00,303.0,0.003804,0.0,0.0,0.0,0.0,0.01711
1482,20-Oct-98,24:00:00,303.0,0.00392,0.0,0.0,0.0,0.0,0.016886
1483,21-Oct-98,24:00:00,299.166667,0.003613,0.0,0.0,0.0,0.0,0.016667
1484,22-Oct-98,24:00:00,300.916667,0.003654,0.0,0.0,0.0,0.0,0.016468
1485,23-Oct-98,24:00:00,324.419837,0.002623,23.419837,0.0,0.040797,0.0,0.089517
1486,24-Oct-98,24:00:00,303.685159,0.003209,0.768493,0.0,0.0,0.0,0.11402
1487,25-Oct-98,24:00:00,299.166667,0.002933,0.0,0.0,0.0,0.0,0.113107
1488,26-Oct-98,24:00:00,298.041667,0.002541,0.0,0.0,0.0,0.0,0.112039
1489,27-Oct-98,24:00:00,298.0,0.002471,0.0,0.0,0.0,0.0,0.111085
1490,28-Oct-98,24:00:00,296.083333,0.003443,0.0,0.0,0.0,0.0,0.110009
1491,29-Oct-98,24:00:00,298.875,0.002851,0.0,0.0,0.0,0.0,0.108804
1492,30-Oct-98,24:00:00,295.166667,0.001178,0.0,0.0,0.0,0.0,0.108024
1493,31-Oct-98,24:00:00,303.625,0.002636,0.0,0.0,0.0,0.0,0.107807
1494,01-Nov-98,24:00:00,298.25,0.002233,0.0,0.0,0.0,0.0,0.10753
1495,02-Nov-98,24:00:00,298.0,0.000583,0.0,0.0,0.0,0.0,0.107089
1496,03-Nov-98,24:00:00,298.0,0.002224,0.0,0.0,0.0,0.0,0.106618
1497,04-Nov-98,24:00:00,298.0,0.002996,0.0,0.0,0.0,0.0,0.105639
1498,05-Nov-98,24:00:00,303.755036,0.001421,0.005036,0.0,0.000771,0.0,0.105152
1499,06-Nov-98,24:00:00,332.756933,0.001646,20.131933,0.0,0.034224,0.0,0.172113
1500,07-Nov-98,24:00:00,325.312622,0.000847,3.687622,0.0,0.005761,0.0,0.1967
1501,08-Nov-98,24:00:00,313.714298,0.001706,0.339298,0.0,0.0,0.0,0.202888
1502,09-Nov-98,24:00:00,309.166667,0.000724,0.0,0.0,0.0,0.0,0.202888
1503,10-Nov-98,24:00:00,309.958333,0.001606,0.0,0.0,0.0,0.0,0.202772
1504,11-Nov-98,24:00:00,306.166667,0.001696,0.0,0.0,0.0,0.0,0.202038
1505,12-Nov-98,24:00:00,304.083333,0.001565,0.0,0.0,0.0,0.0,0.200906
1506,13-Nov-98,24:00:00,301.125,0.001322,0.0,0.0,0.0,0.0,0.199914
1507,14-Nov-98,24:00:00,301.0,0.001389,0.0,0.0,0.0,0.0,0.198952
1508,15-Nov-98,24:00:00,299.083333,0.000901,0.0,0.0,0.0,0.0,0.198204
1509,16-Nov-98,24:00:00,317.245219,0.001668,11.536886,0.0,0.019728,0.0,0.240004
1510,17-Nov-98,24:00:00,306.160031,0.001306,0.160031,0.0,0.0,0.0,0.245237
1511,18-Nov-98,24:00:00,304.083333,0.001989,0.0,0.0,0.0,0.0,0.245043
1512,19-Nov-98,24:00:00,299.208333,0.001627,0.0,0.0,0.0,0.0,0.244015
1513,20-Nov-98,24:00:00,298.547262,0.000691,2.422262,0.0,0.006615,0.0,0.247951
1514,21-Nov-98,24:00:00,306.895486,0.001609,3.22882,0.0,0.00321,0.0,0.264327
1515,22-Nov-98,24:00:00,364.984268,0.001088,49.484268,0.0,0.093982,0.0,0.417937
1516,23-Nov-98,24:00:00,140.584758,0.001019,8.584758,0.0,0.003721,0.0,0.499917
1517,24-Nov-98,24:00:00,241.908692,0.001489,0.033692,0.0,0.0,0.0,0.500954
1518,25-Nov-98,24:00:00,255.457837,0.00079,5.582837,0.0,0.010827,0.0,0.514146
1519,26-Nov-98,24:00:00,248.920076,0.001488,0.836743,0.0,0.0,0.0,0.52694
1520,27-Nov-98,24:00:00,250.875,0.001636,0.0,0.0,0.0,0.0,0.52694
1521,28-Nov-98,24:00:00,269.499478,0.000707,19.457812,0.0,0.036629,0.0,0.592311
1522,29-Nov-98,24:00:00,425.593624,0.001059,158.343624,47.964018,0.037919,0.00244,0.673919
1523,30-Nov-98,24:00:00,300.275562,0.000976,108.942228,102.629249,0.002656,0.002656,0.7
1524,01-Dec-98,24:00:00,1071.733965,0.000466,863.609295,847.277981,0.043765,0.040831,0.700626
1525,02-Dec-98,24:00:00,1266.046694,0.001348,1102.088234,1087.609,0.007912,0.010847,0.701174
1526,03-Dec-98,24:00:00,448.63647,0.001213,283.76147,283.723326,0.0,0.0,0.7
1527,04-Dec-98,24:00:00,593.469934,0.00081,275.136601,271.975326,0.008376,0.008376,0.700251
1528,05-Dec-98,24:00:00,608.462106,0.001525,290.170439,288.365836,0.0,0.0,0.7
1529,06-Dec-98,24:00:00,528.960458,0.000758,207.127125,206.019089,0.007959,0.007959,0.700012
1530,07-Dec-98,24:00:00,490.992923,0.001298,318.492923,314.883082,0.0,0.0,0.7
1531,08-Dec-98,24:00:00,298.829485,0.001374,133.787818,133.786588,0.0,0.0,0.7
1532,09-Dec-98,24:00:00,407.614822,0.001394,95.031489,95.031489,0.0,0.0,0.7
1533,10-Dec-98,24:00:00,399.408417,0.00078,78.49175,78.49175,0.0,0.0,0.699265
1534,11-Dec-98,24:00:00,387.267209,0.001436,66.267209,66.267209,0.0,0.0,0.696687
1535,12-Dec-98,24:00:00,483.201034,0.000976,162.201034,159.002589,0.011207,0.008567,0.696497
1536,13-Dec-98,24:00:00,573.220812,0.001762,252.220812,248.774574,0.0,0.0,0.7
1537,14-Dec-98,24:00:00,407.231112,0.001441,86.231112,86.231112,0.0,0.0,0.7
1538,15-Dec-98,24:00:00,377.025759,0.001592,56.025759,56.025759,0.0,0.0,0.699288
1539,16-Dec-98,24:00:00,367.666847,0.001673,45.708514,45.708514,0.0,0.0,0.696314
1540,17-Dec-98,24:00:00,351.075186,0.001829,38.658519,38.658519,0.0,0.0,0.692268
1541,18-Dec-98,24:00:00,356.19251,0.002074,32.69251,32.69251,0.0,0.0,0.687671
1542,19-Dec-98,24:00:00,342.936051,0.001069,27.561051,27.561051,0.0,0.0,0.683643
1543,20-Dec-98,24:00:00,334.35647,0.001096,23.189803,23.189803,0.0,0.0,0.680986
1544,21-Dec-98,24:00:00,327.618042,0.001148,19.493042,19.493042,0.0,0.0,0.67833
1545,22-Dec-98,24:00:00,321.503329,0.001073,16.378329,16.378329,0.0,0.0,0.675653
1546,23-Dec-98,24:00:00,314.925241,0.000937,13.758574,13.758574,0.0,0.0,0.673218
1547,24-Dec-98,24:00:00,310.640176,0.000968,11.556843,11.556843,0.0,0.0,0.671005
1548,25-Dec-98,24:00:00,307.748739,0.001313,9.707072,9.707072,0.0,0.0,0.668253
1549,26-Dec-98,24:00:00,304.236568,0.001073,8.153235,8.153235,0.0,0.0,0.6654
1550,27-Dec-98,24:00:00,301.889741,0.001157,6.848074,6.848074,0.0,0.0,0.662713
1551,28-Dec-98,24:00:00,297.876823,0.001354,5.751823,5.751823,0.0,0.0,0.659718
1552,29-Dec-98,24:00:00,294.914388,0.00132,4.831055,4.831055,0.0,0.0,0.656485
1553,30-Dec-98,24:00:00,295.016017,0.001739,4.057683,4.057683,0.0,0.0,0.652897
1554,31-Dec-98,24:00:00,291.533115,0.001259,3.408115,3.408115,0.0,0.0,0.649235
1555,01-Jan-99,24:00:00,287.987531,0.0015,2.862531,2.862531,0.0,0.0,0.645961
1556,02-Jan-99,24:00:00,286.445953,0.001619,2.404287,2.404287,0.0,0.0,0.642229
1557,03-Jan-99,24:00:00,214.144399,0.001197,2.019399,2.019399,0.0,0.0,0.638785
1558,04-Jan-99,24:00:00,168.52946,0.001101,1.696127,1.696127,0.0,0.0,0.636016
1559,05-Jan-99,24:00:00,166.424604,0.00098,1.424604,1.424604,0.0,0.0,0.633588
1560,06-Jan-99,24:00:00,166.196548,0.001079,1.196548,1.196548,0.0,0.0,0.631038
1561,07-Jan-99,24:00:00,166.005,0.001524,1.005,1.005,0.0,0.0,0.627992
1562,08-Jan-99,24:00:00,165.844116,0.001299,0.844116,0.844116,0.0,0.0,0.624572
1563,09-Jan-99,24:00:00,165.708987,0.001099,0.708987,0.708987,0.0,0.0,0.621672
1564,10-Jan-99,24:00:00,165.595489,0.001093,0.595489,0.595489,0.0,0.0,0.61908
1565,11-Jan-99,24:00:00,165.500161,0.001472,0.500161,0.500161,0.0,0.0,0.616048
1566,12-Jan-99,24:00:00,165.420094,0.000992,0.420094,0.420094,0.0,0.0,0.613027
1567,13-Jan-99,24:00:00,165.352844,0.001139,0.352844,0.352844,0.0,0.0,0.610437
1568,14-Jan-99,24:00:00,212.902801,0.000747,47.902801,0.296359,0.016867,0.0,0.616052
1569,15-Jan-99,24:00:00,287.876793,0.001406,122.876793,0.248917,0.001345,0.0,0.649653
1570,16-Jan-99,24:00:00,270.600715,0.000485,105.600715,92.040241,0.037409,0.01402,0.686363
1571,17-Jan-99,24:00:00,775.780695,0.001635,611.738818,600.693964,0.002792,0.006474,0.700475
1572,18-Jan-99,24:00:00,632.28642,0.000636,468.286356,460.895918,0.015363,0.015363,0.70008
1573,19-Jan-99,24:00:00,887.541378,0.000963,723.54127,712.883451,0.023668,0.023668,0.70025
1574,20-Jan-99,24:00:00,833.123655,0.001391,669.12373,662.255393,0.003066,0.003066,0.7
1575,21-Jan-99,24:00:00,944.949269,0.000476,780.949407,701.940882,0.035967,0.03402,0.703361
1576,22-Jan-99,24:00:00,1229.904154,0.001245,1067.820878,945.872315,0.0,0.001947,0.7
1577,23-Jan-99,24:00:00,454.455532,0.002175,301.080532,301.079655,0.0,0.0,0.7
1578,24-Jan-99,24:00:00,348.989104,0.002107,186.405771,186.405771,0.0,0.0,0.698723
1579,25-Jan-99,24:00:00,314.387735,0.0017,151.387735,151.387735,0.0,0.0,0.694938
1580,26-Jan-99,24:00:00,291.459369,0.002046,128.459369,128.459369,0.0,0.0,0.690417
1581,27-Jan-99,24:00:00,271.908246,0.001714,108.908246,108.908246,0.0,0.0,0.685874
1582,28-Jan-99,24:00:00,317.226112,0.001702,91.934446,91.934446,0.0,0.0,0.681965
1583,29-Jan-99,24:00:00,396.442817,0.001654,77.40115,77.40115,0.0,0.0,0.677981
1584,30-Jan-99,24:00:00,389.997175,0.001813,65.080508,65.080508,0.0,0.0,0.67551
1585,31-Jan-99,24:00:00,379.688321,0.001887,54.688321,54.688321,0.0,0.0,0.675504
1586,01-Feb-99,24:00:00,370.943294,0.00206,45.943294,45.943294,0.0,0.0,0.673596
1587,02-Feb-99,24:00:00,363.59211,0.002205,38.59211,38.59211,0.0,0.0,0.668716
1588,03-Feb-99,24:00:00,357.415464,0.002315,32.415464,32.415464,0.0,0.0,0.662909
1589,04-Feb-99,24:00:00,352.226763,0.001696,27.226763,27.226763,0.0,0.0,0.65841
1590,05-Feb-99,24:00:00,2426.476916,0.00072,2170.476819,749.507704,0.073065,0.043333,0.702366
1591,06-Feb-99,24:00:00,3360.565,0.001526,3206.273333,2069.040417,0.034811,0.046286,0.723274
1592,07-Feb-99,24:00:00,1453.111667,0.000616,1312.695116,1260.294302,0.03907,0.031203,0.703473
1593,08-Feb-99,24:00:00,3727.44875,0.001806,3573.07375,1966.203333,0.025509,0.033375,0.71211
1594,09-Feb-99,24:00:00,938.131439,0.001787,748.631738,735.97345,0.0,0.0,0.7
1595,10-Feb-99,24:00:00,627.323099,0.001962,370.198099,370.198099,0.0,0.0,0.698897
1596,11-Feb-99,24:00:00,600.095294,0.00234,283.553627,283.553627,0.0,0.0,0.694767
1597,12-Feb-99,24:00:00,658.707496,0.000897,339.70747,336.135793,0.012237,0.008026,0.693691
1598,13-Feb-99,24:00:00,714.757362,0.001964,396.715696,393.031838,0.0,0.0,0.7
1599,14-Feb-99,24:00:00,537.71587,0.001731,219.71587,219.692953,0.003509,0.002839,0.700067
1600,15-Feb-99,24:00:00,2290.301679,0.000516,1971.343245,1526.742039,0.073491,0.06005,0.712293
1601,16-Feb-99,24:00:00,2511.739583,0.002098,2192.739647,1730.605734,0.004167,0.018278,0.705722
1602,17-Feb-99,24:00:00,1788.228639,0.00115,1470.186843,1122.573375,0.026883,0.026883,0.703292
1603,18-Feb-99,24:00:00,817.266544,0.001845,802.579044,755.512349,0.0,0.0,0.7
1604,19-Feb-99,24:00:00,720.49157,0.00063,718.99157,710.586169,0.031654,0.028382,0.702258
1605,20-Feb-99,24:00:00,1164.330145,0.001433,1164.018478,1152.070562,0.009696,0.012968,0.700068
1606,21-Feb-99,24:00:00,714.59712,0.002017,714.33712,709.23218,0.001607,0.001607,0.7
1607,22-Feb-99,24:00:00,344.586495,0.00133,344.345662,344.336267,0.0,0.0,0.7
1608,23-Feb-99,24:00:00,447.010519,0.001356,446.780103,416.103596,0.024617,0.018758,0.70188
1609,24-Feb-99,24:00:00,1329.990666,0.001752,1329.760666,1195.3419,0.010313,0.015802,0.700959
1610,25-Feb-99,24:00:00,441.921696,0.00183,441.691696,441.451223,0.0,0.0,0.7
1611,26-Feb-99,24:00:00,255.28258,0.001383,255.05258,255.05258,0.0,0.0,0.699685
1612,27-Feb-99,24:00:00,812.106816,0.00106,811.8864,798.56334,0.025152,0.024599,0.700556
1613,28-Feb-99,24:00:00,515.881303,0.00281,515.699636,514.110482,0.0,0.0,0.7
1614,01-Mar-99,24:00:00,284.951747,0.002105,284.790914,282.576367,0.012614,0.009176,0.700145
1615,02-Mar-99,24:00:00,595.257797,0.00261,594.93488,579.31631,0.001248,0.003846,0.700106
1616,03-Mar-99,24:00:00,545.311048,0.003041,236.713965,236.708892,0.0,0.0,0.698666
1617,04-Mar-99,24:00:00,488.394508,0.002679,163.519508,163.519508,0.0,0.0,0.693564
1618,05-Mar-99,24:00:00,459.196463,0.00244,134.196463,134.196463,0.0,0.0,0.687341
1619,06-Mar-99,24:00:00,437.232344,0.003248,113.190677,113.190677,0.0,0.0,0.680638
1620,07-Mar-99,24:00:00,1054.992536,0.001156,730.992272,566.995845,0.044966,0.033635,0.693404
1621,08-Mar-99,24:00:00,1698.412044,0.002407,1374.412243,1318.789434,0.014704,0.016081,0.700206
1622,09-Mar-99,24:00:00,711.170109,0.002542,387.170109,386.998077,0.0,0.0,0.699413
1623,10-Mar-99,24:00:00,520.336577,0.00351,196.336577,196.336577,0.0,0.0,0.694219
1624,11-Mar-99,24:00:00,475.872205,0.002517,151.872205,151.872205,0.0,0.0,0.686928
1625,12-Mar-99,24:00:00,450.559783,0.0032,128.47645,128.47645,0.0,0.0,0.680436
1626,13-Mar-99,24:00:00,688.020448,0.000774,366.020845,354.869441,0.022584,0.01254,0.689528
1627,14-Mar-99,24:00:00,635.828875,0.003683,313.828875,311.590455,0.0,0.0,0.7
1628,15-Mar-99,24:00:00,456.765347,0.003956,134.765347,134.765347,0.0,0.0,0.696363
1629,16-Mar-99,24:00:00,420.669638,0.003026,96.752971,96.752971,0.0,0.0,0.688476
1630,17-Mar-99,24:00:00,402.275248,0.002868,80.191915,80.191915,0.0,0.0,0.681151
1631,18-Mar-99,24:00:00,397.44378,0.002576,67.777114,67.777114,0.0,0.0,0.674351
1632,19-Mar-99,24:00:00,388.174686,0.003142,57.216353,57.216353,0.0,0.0,0.667781
1633,20-Mar-99,24:00:00,379.1852,0.002617,48.1852,48.1852,0.0,0.0,0.66089
1634,21-Mar-99,24:00:00,370.714118,0.001812,40.672452,40.522273,0.004643,0.0,0.656219
1635,22-Mar-99,24:00:00,371.149561,0.003755,41.149561,34.054568,0.007639,0.0,0.682164
1636,23-Mar-99,24:00:00,1742.474265,0.000962,1411.515796,983.365465,0.071014,0.05082,0.708874
1637,24-Mar-99,24:00:00,2319.339583,0.002901,1989.297729,1511.884057,0.004938,0.018013,0.705382
1638,25-Mar-99,24:00:00,744.071637,0.004652,414.071442,414.031053,0.0,0.0,0.696683
1639,26-Mar-99,24:00:00,531.707115,0.004988,201.707115,201.707115,0.0,0.0,0.686112
1640,27-Mar-99,24:00:00,483.517256,0.004286,155.433923,155.433923,0.0,0.0,0.675196
1641,28-Mar-99,24:00:00,460.030745,0.001969,132.030745,132.030745,0.0,0.0,0.667434
1642,29-Mar-99,24:00:00,443.470832,0.002309,115.470832,112.538456,0.014351,0.0,0.669189
1643,30-Mar-99,24:00:00,428.884375,0.003257,100.884375,95.30929,0.0,0.0,0.694411
1644,31-Mar-99,24:00:00,408.372168,0.004176,80.372168,80.371032,0.0,0.0,0.691191
1645,01-Apr-99,24:00:00,395.627295,0.005037,67.627295,67.627295,0.0,0.0,0.681159
1646,02-Apr-99,24:00:00,384.847079,0.004758,56.847079,56.847079,0.0,0.0,0.668866
1647,03-Apr-99,24:00:00,374.805435,0.004968,47.763769,47.763769,0.0,0.0,0.657433
1648,04-Apr-99,24:00:00,374.059696,0.00228,44.184696,40.123837,0.007229,0.0,0.66264
1649,05-Apr-99,24:00:00,364.886363,0.003559,33.92803,33.702981,0.0,0.0,0.667607
1650,06-Apr-99,24:00:00,201.183542,0.003292,28.308542,28.308542,0.0,0.0,0.662118
1651,07-Apr-99,24:00:00,269.496438,0.002244,98.704771,87.182272,0.019845,0.002299,0.693445
1652,08-Apr-99,24:00:00,214.924637,0.003968,45.841304,45.59774,0.0,0.0,0.698384
1653,09-Apr-99,24:00:00,513.367897,0.001325,231.284471,225.998393,0.026593,0.021097,0.697643
1654,10-Apr-99,24:00:00,2141.7525,0.004949,1959.210799,1467.410189,0.028283,0.03125,0.707051
1655,11-Apr-99,24:00:00,636.697957,0.006262,459.656498,455.07608,0.0,0.0,0.691636
1656,12-Apr-99,24:00:00,352.878631,0.005968,177.795298,177.795298,0.0,0.0,0.676682
1657,13-Apr-99,24:00:00,301.492557,0.006298,126.492557,126.492557,0.0,0.0,0.662111
1658,14-Apr-99,24:00:00,281.499901,0.005962,106.499901,106.499901,0.0,0.0,0.647265
1659,15-Apr-99,24:00:00,265.97504,0.005827,90.97504,90.97504,0.0,0.0,0.633638
1660,16-Apr-99,24:00:00,252.207286,0.006874,77.207286,77.207286,0.0,0.0,0.618324
1661,17-Apr-99,24:00:00,239.220669,0.005411,65.179003,65.179003,0.0,0.0,0.603479
1662,18-Apr-99,24:00:00,229.831434,0.006141,54.8731,54.8731,0.0,0.0,0.589679
1663,19-Apr-99,24:00:00,220.178661,0.005,46.136994,46.136994,0.0,0.0,0.576158
1664,20-Apr-99,24:00:00,212.769103,0.004063,38.769103,38.769103,0.0,0.0,0.565037
1665,21-Apr-99,24:00:00,206.569408,0.007191,32.569408,32.569408,0.0,0.0,0.55185
1666,22-Apr-99,24:00:00,201.35801,0.00763,27.35801,27.35801,0.0,0.0,0.533372
1667,23-Apr-99,24:00:00,197.937667,0.007335,22.979333,22.979333,0.0,0.0,0.516233
1668,24-Apr-99,24:00:00,193.342712,0.004319,19.301045,19.301045,0.0,0.0,0.502078
1669,25-Apr-99,24:00:00,190.211383,0.00404,16.211383,16.211383,0.0,0.0,0.49185
1670,26-Apr-99,24:00:00,188.574582,0.005305,13.616248,13.616248,0.0,0.0,0.480671
1671,27-Apr-99,24:00:00,185.478191,0.005526,11.436525,11.436525,0.0,0.0,0.46752
1672,28-Apr-99,24:00:00,183.605729,0.006467,9.605729,9.605729,0.0,0.0,0.453253
1673,29-Apr-99,24:00:00,182.06801,0.007466,8.06801,8.06801,0.0,0.0,0.437099
1674,30-Apr-99,24:00:00,180.776453,0.005497,6.776453,6.776453,0.0,0.0,0.420609
1675,01-May-99,24:00:00,179.691655,0.002662,5.691655,5.691655,0.0,0.0,0.410755
1676,02-May-99,24:00:00,178.780514,0.003756,4.780514,4.780514,0.0,0.0,0.404368
1677,03-May-99,24:00:00,99.431898,0.005364,4.015232,4.015232,0.0,0.0,0.395117
1678,04-May-99,24:00:00,176.830792,0.007078,3.372458,3.372458,0.0,0.0,0.383648
1679,05-May-99,24:00:00,321.665916,0.006316,2.832583,2.832583,0.0,0.0,0.3722
1680,06-May-99,24:00:00,324.504132,0.00714,2.379132,2.379132,0.0,0.0,0.361947
1681,07-May-99,24:00:00,323.998272,0.006605,1.998272,1.998272,0.0,0.0,0.352837
1682,08-May-99,24:00:00,187.595048,0.006811,1.678381,1.678381,0.0,0.0,0.3448
1683,09-May-99,24:00:00,181.4097,0.005412,1.4097,1.4097,0.0,0.0,0.337613
1684,10-May-99,24:00:00,181.184029,0.006999,1.184029,1.184029,0.0,0.0,0.330527
1685,11-May-99,24:00:00,180.994486,0.006596,0.994486,0.994486,0.0,0.0,0.323041
1686,12-May-99,24:00:00,209.585285,0.006301,0.835285,0.835285,0.0,0.0,0.315683
1687,13-May-99,24:00:00,243.284903,0.005355,0.701569,0.701569,0.0,0.0,0.309436
1688,14-May-99,24:00:00,244.589259,0.00585,0.589259,0.589259,0.0,0.0,0.303656
1689,15-May-99,24:00:00,244.494928,0.007116,0.494928,0.494928,0.0,0.0,0.297165
1690,16-May-99,24:00:00,237.707365,0.006904,0.415698,0.415698,0.0,0.0,0.289925
1691,17-May-99,24:00:00,240.224152,0.005692,0.349152,0.349152,0.0,0.0,0.283706
1692,18-May-99,24:00:00,244.126592,0.006334,0.293258,0.293258,0.0,0.0,0.277888
1693,19-May-99,24:00:00,244.246313,0.005066,0.246313,0.246313,0.0,0.0,0.272609
1694,20-May-99,24:00:00,240.373548,0.007478,0.206882,0.206882,0.0,0.0,0.266834
1695,21-May-99,24:00:00,240.173763,0.009227,0.173763,0.173763,0.0,0.0,0.259447
1696,22-May-99,24:00:00,239.187613,0.007372,0.145947,0.145947,0.0,0.0,0.252041
1697,23-May-99,24:00:00,239.122583,0.00678,0.122583,0.122583,0.0,0.0,0.246045
1698,24-May-99,24:00:00,240.061293,0.007631,0.102959,0.102959,0.0,0.0,0.23994
1699,25-May-99,24:00:00,240.086477,0.007909,0.086477,0.086477,0.0,0.0,0.233628
1700,26-May-99,24:00:00,241.9893,0.007699,0.072634,0.072634,0.0,0.0,0.227477
1701,27-May-99,24:00:00,163.477673,0.008018,0.061006,0.061006,0.0,0.0,0.221473
1702,28-May-99,24:00:00,160.05124,0.005654,0.05124,0.05124,0.0,0.0,0.216031
1703,29-May-99,24:00:00,156.209704,0.007101,0.043037,0.043037,0.0,0.0,0.21162
1704,30-May-99,24:00:00,156.036148,0.00711,0.036148,0.036148,0.0,0.0,0.206489
1705,31-May-99,24:00:00,126.897026,0.003041,0.030361,0.030361,0.0,0.0,0.202807
1706,01-Jun-99,24:00:00,125.625499,0.005344,0.025501,0.025501,0.0,0.0,0.199909
1707,02-Jun-99,24:00:00,125.621417,0.004203,0.021418,0.021418,0.0,0.0,0.196702
1708,03-Jun-99,24:00:00,125.617988,0.006446,0.01799,0.01799,0.0,0.0,0.193237
1709,04-Jun-99,24:00:00,124.848446,0.007618,0.01511,0.01511,0.0,0.0,0.188634
1710,05-Jun-99,24:00:00,125.579356,0.007723,0.012691,0.012691,0.0,0.0,0.183757
1711,06-Jun-99,24:00:00,125.610658,0.006681,0.010659,0.010659,0.0,0.0,0.179149
1712,07-Jun-99,24:00:00,125.608952,0.007341,0.008953,0.008953,0.0,0.0,0.174983
1713,08-Jun-99,24:00:00,125.607518,0.006205,0.00752,0.00752,0.0,0.0,0.170999
1714,09-Jun-99,24:00:00,125.606314,0.007679,0.006316,0.006316,0.0,0.0,0.166961
1715,10-Jun-99,24:00:00,127.138643,0.00791,0.005305,0.005305,0.0,0.0,0.162554
1716,11-Jun-99,24:00:00,127.971123,0.007285,0.004456,0.004456,0.0,0.0,0.158379
1717,12-Jun-99,24:00:00,128.003742,0.00795,0.003742,0.003742,0.0,0.0,0.154282
1718,13-Jun-99,24:00:00,128.003143,0.007678,0.003143,0.003143,0.0,0.0,0.150121
1719,14-Jun-99,24:00:00,128.00264,0.006592,0.00264,0.00264,0.0,0.0,0.146554
1720,15-Jun-99,24:00:00,128.002218,0.008322,0.002218,0.002218,0.0,0.0,0.142899
1721,16-Jun-99,24:00:00,128.001862,0.008444,0.001862,0.001862,0.0,0.0,0.138786
1722,17-Jun-99,24:00:00,118.801566,0.006136,0.001564,0.001564,0.0,0.0,0.135357
1723,18-Jun-99,24:00:00,107.667985,0.008202,0.001314,0.001314,0.0,0.0,0.132129
1724,19-Jun-99,24:00:00,108.73444,0.007531,0.001104,0.001104,0.0,0.0,0.128616
1725,20-Jun-99,24:00:00,109.567592,0.008624,0.000927,0.000927,0.0,0.0,0.124873
1726,21-Jun-99,24:00:00,109.600777,0.009404,0.000778,0.000778,0.0,0.0,0.121268
1727,22-Jun-99,24:00:00,108.83399,0.009473,0.000654,0.000654,0.0,0.0,0.117421
1728,23-Jun-99,24:00:00,104.967219,0.006853,0.000549,0.000549,0.0,0.0,0.114109
1729,24-Jun-99,24:00:00,107.100466,0.008451,0.000461,0.000461,0.0,0.0,0.1112
1730,25-Jun-99,24:00:00,107.967054,0.00867,0.000388,0.000388,0.0,0.0,0.107969
1731,26-Jun-99,24:00:00,108.000325,0.009128,0.000325,0.000325,0.0,0.0,0.104743
1732,27-Jun-99,24:00:00,107.233611,0.009076,0.000273,0.000273,0.0,0.0,0.101517
1733,28-Jun-99,24:00:00,107.200234,0.009876,0.00023,0.00023,0.0,0.0,0.098274
1734,29-Jun-99,24:00:00,107.200197,0.010844,0.000193,0.000193,0.0,0.0,0.094904
1735,30-Jun-99,24:00:00,107.200167,0.010439,0.000162,0.000162,0.0,0.0,0.091463
1736,01-Jul-99,24:00:00,107.200141,0.009569,0.000136,0.000136,0.0,0.0,0.088345
1737,02-Jul-99,24:00:00,107.200119,0.00737,0.000114,0.000114,0.0,0.0,0.085752
1738,03-Jul-99,24:00:00,106.433431,0.008095,9.6e-05,9.6e-05,0.0,0.0,0.08355
1739,04-Jul-99,24:00:00,106.400082,0.009154,8.1e-05,8.1e-05,0.0,0.0,0.081147
1740,05-Jul-99,24:00:00,106.400069,0.00888,6.8e-05,6.8e-05,0.0,0.0,0.078637
1741,06-Jul-99,24:00:00,106.400058,0.008472,5.7e-05,5.7e-05,0.0,0.0,0.076341
1742,07-Jul-99,24:00:00,106.400049,0.009239,4.8e-05,4.8e-05,0.0,0.0,0.074074
1743,08-Jul-99,24:00:00,105.633372,0.008687,4e-05,4e-05,0.0,0.0,0.071789
1744,09-Jul-99,24:00:00,106.366702,0.009816,3.4e-05,3.4e-05,0.0,0.0,0.069602
1745,10-Jul-99,24:00:00,107.166699,0.009544,2.8e-05,2.8e-05,0.0,0.0,0.0673
1746,11-Jul-99,24:00:00,102.600025,0.009569,2.4e-05,2.4e-05,0.0,0.0,0.065136
1747,12-Jul-99,24:00:00,103.933353,0.008974,2e-05,2e-05,0.0,0.0,0.063099
1748,13-Jul-99,24:00:00,108.60002,0.009082,1.7e-05,1.7e-05,0.0,0.0,0.061167
1749,14-Jul-99,24:00:00,107.266685,0.008232,1.4e-05,1.4e-05,0.0,0.0,0.059369
1750,15-Jul-99,24:00:00,106.433347,0.008294,1.2e-05,1.2e-05,0.0,0.0,0.057706
1751,16-Jul-99,24:00:00,106.400011,0.007558,1e-05,1e-05,0.0,0.0,0.056134
1752,17-Jul-99,24:00:00,105.63334,0.007932,8e-06,8e-06,0.0,0.0,0.054691
1753,18-Jul-99,24:00:00,108.666677,0.00633,7e-06,7e-06,0.0,0.0,0.053334
1754,19-Jul-99,24:00:00,109.566671,0.006361,6e-06,6e-06,0.0,0.0,0.052198
1755,20-Jul-99,24:00:00,110.366673,0.006364,5e-06,5e-06,0.0,0.0,0.051074
1756,21-Jul-99,24:00:00,108.866674,0.008026,4e-06,4e-06,0.0,0.0,0.049832
1757,22-Jul-99,24:00:00,108.033337,0.006611,3e-06,3e-06,0.0,0.0,0.048582
1758,23-Jul-99,24:00:00,108.000003,0.00677,3e-06,3e-06,0.0,0.0,0.047483
1759,24-Jul-99,24:00:00,108.000002,0.008381,2e-06,2e-06,0.0,0.0,0.046267
1760,25-Jul-99,24:00:00,108.766672,0.008051,2e-06,2e-06,0.0,0.0,0.044981
1761,26-Jul-99,24:00:00,106.500003,0.006662,2e-06,2e-06,0.0,0.0,0.043867
1762,27-Jul-99,24:00:00,106.400003,0.006849,1e-06,1e-06,0.0,0.0,0.042855
1763,28-Jul-99,24:00:00,105.633333,0.00658,1e-06,1e-06,0.0,0.0,0.041886
1764,29-Jul-99,24:00:00,105.6,0.008062,1e-06,1e-06,0.0,0.0,0.040844
1765,30-Jul-99,24:00:00,105.599999,0.00881,1e-06,1e-06,0.0,0.0,0.039703
1766,31-Jul-99,24:00:00,106.366669,0.007756,1e-06,1e-06,0.0,0.0,0.038557
1767,01-Aug-99,24:00:00,105.633332,0.007961,1e-06,1e-06,0.0,0.0,0.037534
1768,02-Aug-99,24:00:00,84.133338,0.008018,1e-06,1e-06,0.0,0.0,0.036518
1769,03-Aug-99,24:00:00,104.666666,0.008058,0.0,0.0,0.0,0.0,0.035525
1770,04-Aug-99,24:00:00,105.599999,0.003594,0.0,0.0,0.0,0.0,0.034802
1771,05-Aug-99,24:00:00,104.833336,0.004926,0.0,0.0,0.0,0.0,0.034276
1772,06-Aug-99,24:00:00,105.566666,0.005071,0.0,0.0,0.0,0.0,0.03372
1773,07-Aug-99,24:00:00,104.833336,0.005946,0.0,0.0,0.0,0.0,0.033086
1774,08-Aug-99,24:00:00,104.800003,0.006948,0.0,0.0,0.0,0.0,0.032378
1775,09-Aug-99,24:00:00,104.800003,0.005006,0.0,0.0,0.0,0.0,0.031698
1776,10-Aug-99,24:00:00,104.800003,0.005198,0.0,0.0,0.0,0.0,0.03116
1777,11-Aug-99,24:00:00,104.800003,0.005883,0.0,0.0,0.0,0.0,0.030576
1778,12-Aug-99,24:00:00,104.800003,0.006176,0.0,0.0,0.0,0.0,0.029952
1779,13-Aug-99,24:00:00,104.800003,0.007142,0.0,0.0,0.0,0.0,0.029269
1780,14-Aug-99,24:00:00,104.800003,0.007081,0.0,0.0,0.0,0.0,0.028565
1781,15-Aug-99,24:00:00,104.800003,0.008263,0.0,0.0,0.0,0.0,0.027835
1782,16-Aug-99,24:00:00,104.800003,0.007618,0.0,0.0,0.0,0.0,0.027092
1783,17-Aug-99,24:00:00,104.800003,0.007016,0.0,0.0,0.0,0.0,0.026405
1784,18-Aug-99,24:00:00,104.800003,0.008019,0.0,0.0,0.0,0.0,0.025744
1785,19-Aug-99,24:00:00,105.566665,0.007615,0.0,0.0,0.0,0.0,0.025059
1786,20-Aug-99,24:00:00,105.599998,0.00742,0.0,0.0,0.0,0.0,0.024413
1787,21-Aug-99,24:00:00,105.599998,0.007823,0.0,0.0,0.0,0.0,0.023793
1788,22-Aug-99,24:00:00,107.133338,0.00596,0.0,0.0,0.0,0.0,0.023228
1789,23-Aug-99,24:00:00,107.200005,0.007696,0.0,0.0,0.0,0.0,0.022689
1790,24-Aug-99,24:00:00,106.433335,0.007771,0.0,0.0,0.0,0.0,0.022101
1791,25-Aug-99,24:00:00,104.86667,0.00661,0.0,0.0,0.0,0.0,0.021554
1792,26-Aug-99,24:00:00,107.100005,0.00763,0.0,0.0,0.0,0.0,0.021027
1793,27-Aug-99,24:00:00,110.266669,0.007594,0.0,0.0,0.0,0.0,0.020495
1794,28-Aug-99,24:00:00,111.166672,0.007852,0.0,0.0,0.0,0.0,0.019962
1795,29-Aug-99,24:00:00,111.200005,0.006578,0.0,0.0,0.0,0.0,0.019462
1796,30-Aug-99,24:00:00,110.433335,0.006228,0.0,0.0,0.0,0.0,0.019047
1797,31-Aug-99,24:00:00,110.400002,0.005166,0.0,0.0,0.0,0.0,0.018671
1798,01-Sep-99,24:00:00,110.400002,0.006753,0.0,0.0,0.0,0.0,0.018297
1799,02-Sep-99,24:00:00,110.400002,0.006288,0.0,0.0,0.0,0.0,0.017887
1800,03-Sep-99,24:00:00,110.400002,0.00641,0.0,0.0,0.0,0.0,0.017502
1801,04-Sep-99,24:00:00,110.400002,0.007185,0.0,0.0,0.0,0.0,0.017105
1802,05-Sep-99,24:00:00,108.86667,0.006724,0.0,0.0,0.0,0.0,0.016694
1803,06-Sep-99,24:00:00,107.266672,0.00766,0.0,0.0,0.0,0.0,0.016297
1804,07-Sep-99,24:00:00,105.666665,0.006812,0.0,0.0,0.0,0.0,0.015899
1805,08-Sep-99,24:00:00,107.133338,0.006007,0.0,0.0,0.0,0.0,0.015552
1806,09-Sep-99,24:00:00,108.733336,0.005461,0.0,0.0,0.0,0.0,0.015241
1807,10-Sep-99,24:00:00,108.800003,0.005819,0.0,0.0,0.0,0.0,0.014949
1808,11-Sep-99,24:00:00,108.800003,0.005487,0.0,0.0,0.0,0.0,0.014666
1809,12-Sep-99,24:00:00,108.800003,0.005629,0.0,0.0,0.0,0.0,0.014386
1810,13-Sep-99,24:00:00,118.000002,0.005797,0.0,0.0,0.0,0.0,0.014106
1811,14-Sep-99,24:00:00,113.033336,0.005958,0.0,0.0,0.0,0.0,0.013826
1812,15-Sep-99,24:00:00,141.166675,0.005833,0.0,0.0,0.0,0.0,0.013546
1813,16-Sep-99,24:00:00,166.933334,0.006332,0.0,0.0,0.0,0.0,0.013268
1814,17-Sep-99,24:00:00,145.0,0.005847,0.0,0.0,0.0,0.0,0.012995
1815,18-Sep-99,24:00:00,143.23333,0.004439,0.0,0.0,0.0,0.0,0.012754
1816,19-Sep-99,24:00:00,141.666672,0.004792,0.0,0.0,0.0,0.0,0.012565
1817,20-Sep-99,24:00:00,137.000003,0.00604,0.0,0.0,0.0,0.0,0.012332
1818,21-Sep-99,24:00:00,133.733339,0.004917,0.0,0.0,0.0,0.0,0.012106
1819,22-Sep-99,24:00:00,136.66667,0.005398,0.0,0.0,0.0,0.0,0.011885
1820,23-Sep-99,24:00:00,138.333342,0.005566,0.0,0.0,0.0,0.0,0.011667
1821,24-Sep-99,24:00:00,138.400009,0.006139,0.0,0.0,0.0,0.0,0.011436
1822,25-Sep-99,24:00:00,139.166664,0.00626,0.0,0.0,0.0,0.0,0.011198
1823,26-Sep-99,24:00:00,138.433342,0.005921,0.0,0.0,0.0,0.0,0.010964
1824,27-Sep-99,24:00:00,138.400009,0.004935,0.0,0.0,0.0,0.0,0.01076
1825,28-Sep-99,24:00:00,139.933334,0.004983,0.0,0.0,0.0,0.0,0.010578
1826,29-Sep-99,24:00:00,141.533339,0.005607,0.0,0.0,0.0,0.0,0.01039
1827,30-Sep-99,24:00:00,174.566667,0.005146,0.0,0.0,0.0,0.0,0.010198
1828,01-Oct-99,24:00:00,176.0,0.004835,0.0,0.0,0.0,0.0,0.010027
1829,02-Oct-99,24:00:00,174.083333,0.004378,0.0,0.0,0.0,0.0,0.009872
1830,03-Oct-99,24:00:00,171.125,0.004234,0.0,0.0,0.0,0.0,0.00972
1831,04-Oct-99,24:00:00,173.875,0.003631,0.0,0.0,0.0,0.0,0.009592
1832,05-Oct-99,24:00:00,178.791667,0.003683,0.0,0.0,0.0,0.0,0.009469
1833,06-Oct-99,24:00:00,179.958333,0.00416,0.0,0.0,0.0,0.0,0.009343
1834,07-Oct-99,24:00:00,177.125,0.004968,0.0,0.0,0.0,0.0,0.009202
1835,08-Oct-99,24:00:00,176.041667,0.004884,0.0,0.0,0.0,0.0,0.009046
1836,09-Oct-99,24:00:00,176.958333,0.00505,0.0,0.0,0.0,0.0,0.008896
1837,10-Oct-99,24:00:00,176.041667,0.005041,0.0,0.0,0.0,0.0,0.008742
1838,11-Oct-99,24:00:00,176.958333,0.004336,0.0,0.0,0.0,0.0,0.008598
1839,12-Oct-99,24:00:00,180.833333,0.004164,0.0,0.0,0.0,0.0,0.008477
1840,13-Oct-99,24:00:00,182.916667,0.00411,0.0,0.0,0.0,0.0,0.008358
1841,14-Oct-99,24:00:00,197.375,0.003247,0.0,0.0,0.0,0.0,0.008249
1842,15-Oct-99,24:00:00,209.5,0.004388,0.0,0.0,0.0,0.0,0.008144
1843,16-Oct-99,24:00:00,218.625,0.003853,0.0,0.0,0.0,0.0,0.008029
1844,17-Oct-99,24:00:00,229.541667,0.003718,0.0,0.0,0.0,0.0,0.007925
1845,18-Oct-99,24:00:00,230.0,0.003923,0.0,0.0,0.0,0.0,0.007822
1846,19-Oct-99,24:00:00,239.583333,0.003318,0.0,0.0,0.0,0.0,0.007723
1847,20-Oct-99,24:00:00,251.5,0.001832,0.0,0.0,0.0,0.0,0.007656
1848,21-Oct-99,24:00:00,268.291667,0.002225,0.0,0.0,0.0,0.0,0.007603
1849,22-Oct-99,24:00:00,274.75,0.003242,0.0,0.0,0.0,0.0,0.007533
1850,23-Oct-99,24:00:00,219.416667,0.003152,0.0,0.0,0.0,0.0,0.007451
1851,24-Oct-99,24:00:00,66.541667,0.003364,0.0,0.0,0.0,0.0,0.007368
1852,25-Oct-99,24:00:00,2.979167,0.002674,0.0,0.0,0.0,0.0,0.007291
1853,26-Oct-99,24:00:00,12.025628,0.000748,11.525628,0.0,0.044204,0.0,0.031626
1854,27-Oct-99,24:00:00,54.532506,0.002708,15.220006,0.0,0.000915,0.0,0.115347
1855,28-Oct-99,24:00:00,104.255262,0.002676,0.005262,0.0,0.0,0.0,0.115333
1856,29-Oct-99,24:00:00,146.291667,0.00287,0.0,0.0,0.0,0.0,0.114504
1857,30-Oct-99,24:00:00,205.5,0.002727,0.0,0.0,0.0,0.0,0.113397
1858,31-Oct-99,24:00:00,213.75,0.002596,0.0,0.0,0.0,0.0,0.11237
1859,01-Nov-99,24:00:00,204.416667,0.003032,0.0,0.0,0.0,0.0,0.111583
1860,02-Nov-99,24:00:00,195.375,0.002283,0.0,0.0,0.0,0.0,0.11083
1861,03-Nov-99,24:00:00,198.833333,0.0031,0.0,0.0,0.0,0.0,0.109822
1862,04-Nov-99,24:00:00,204.75,0.002586,0.0,0.0,0.0,0.0,0.108737
1863,05-Nov-99,24:00:00,200.208333,0.002632,0.0,0.0,0.0,0.0,0.107781
1864,06-Nov-99,24:00:00,207.527399,0.001465,5.610733,0.0,0.025541,0.0,0.119651
1865,07-Nov-99,24:00:00,218.956948,0.001931,11.206948,0.0,0.002848,0.0,0.17497
1866,08-Nov-99,24:00:00,175.430308,0.001558,0.013641,0.0,0.0,0.0,0.17497
1867,09-Nov-99,24:00:00,194.640042,0.000919,32.140042,0.0,0.065003,0.0,0.258166
1868,10-Nov-99,24:00:00,177.0251,0.00229,6.4001,0.0,0.0,0.0,0.330976
1869,11-Nov-99,24:00:00,152.791667,0.001441,0.0,0.0,0.0,0.0,0.330976
1870,12-Nov-99,24:00:00,170.208333,0.002123,0.0,0.0,0.0,0.0,0.33004
1871,13-Nov-99,24:00:00,168.129983,0.001522,0.004983,0.0,0.000763,0.0,0.328248
1872,14-Nov-99,24:00:00,178.27898,0.001511,6.445646,0.0,0.010294,0.0,0.350282
1873,15-Nov-99,24:00:00,201.677266,0.000681,18.177266,0.0,0.035552,0.0,0.395724
1874,16-Nov-99,24:00:00,198.506324,0.001268,3.006324,0.0,0.0,0.0,0.439143
1875,17-Nov-99,24:00:00,182.583333,0.001716,0.0,0.0,0.0,0.0,0.439143
1876,18-Nov-99,24:00:00,239.603431,0.001002,18.311764,0.0,0.035096,0.0,0.485383
1877,19-Nov-99,24:00:00,244.424892,0.001753,4.174892,0.0,0.002869,0.0,0.529397
1878,20-Nov-99,24:00:00,237.189295,0.002267,0.022629,0.0,0.0,0.0,0.530258
1879,21-Nov-99,24:00:00,277.25,0.001773,0.0,0.0,0.0,0.0,0.528516
1880,22-Nov-99,24:00:00,271.333333,0.001247,0.0,0.0,0.0,0.0,0.524946
1881,23-Nov-99,24:00:00,267.166667,0.001027,0.0,0.0,0.0,0.0,0.522259
1882,24-Nov-99,24:00:00,265.083333,0.001728,0.0,0.0,0.0,0.0,0.519029
1883,25-Nov-99,24:00:00,264.041667,0.00137,0.0,0.0,0.0,0.0,0.515247
1884,26-Nov-99,24:00:00,261.125,0.001559,0.0,0.0,0.0,0.0,0.51176
1885,27-Nov-99,24:00:00,260.041667,0.001415,0.0,0.0,0.0,0.0,0.508272
1886,28-Nov-99,24:00:00,259.912806,0.001077,2.787806,0.0,0.026229,0.0,0.513106
1887,29-Nov-99,24:00:00,307.796464,0.001004,23.004797,0.0,0.023728,0.0,0.583766
1888,30-Nov-99,24:00:00,308.953509,0.001214,8.578509,0.0,0.0,0.0,0.623879
1889,01-Dec-99,24:00:00,304.510574,0.001704,1.593908,0.0,0.002809,0.0,0.628531
1890,02-Dec-99,24:00:00,297.323574,0.001515,0.073574,0.0,0.0,0.0,0.630619
1891,03-Dec-99,24:00:00,283.583333,0.001344,0.0,0.0,0.0,0.0,0.630229
1892,04-Dec-99,24:00:00,274.375,0.000956,0.0,0.0,0.0,0.0,0.628583
1893,05-Dec-99,24:00:00,271.125,0.000828,0.0,0.0,0.0,0.0,0.62636
1894,06-Dec-99,24:00:00,268.125,0.001466,0.0,0.0,0.0,0.0,0.623732
1895,07-Dec-99,24:00:00,265.125,0.000906,0.0,0.0,0.0,0.0,0.620989
1896,08-Dec-99,24:00:00,288.552215,0.000805,7.260548,0.0,0.012509,0.0,0.644006
1897,09-Dec-99,24:00:00,285.989579,0.00129,0.156246,0.0,0.0,0.0,0.649401
1898,10-Dec-99,24:00:00,270.666667,0.001493,0.0,0.0,0.0,0.0,0.649401
1899,11-Dec-99,24:00:00,268.083333,0.000816,0.0,0.0,0.0,0.0,0.649364
1900,12-Dec-99,24:00:00,216.25,0.00159,0.0,0.0,0.0,0.0,0.647407
1901,13-Dec-99,24:00:00,149.791667,0.001253,0.0,0.0,0.0,0.0,0.644073
1902,14-Dec-99,24:00:00,151.791667,0.001235,0.0,0.0,0.0,0.0,0.641078
1903,15-Dec-99,24:00:00,146.25,0.001473,0.0,0.0,0.0,0.0,0.637829
1904,16-Dec-99,24:00:00,144.083333,0.001228,0.0,0.0,0.0,0.0,0.634607
1905,17-Dec-99,24:00:00,139.208333,0.001458,0.0,0.0,0.0,0.0,0.631353
1906,18-Dec-99,24:00:00,132.291667,0.001594,0.0,0.0,0.0,0.0,0.627709
1907,19-Dec-99,24:00:00,122.416667,0.001697,0.0,0.0,0.0,0.0,0.623779
1908,20-Dec-99,24:00:00,122.0,0.001405,0.0,0.0,0.0,0.0,0.62005
1909,21-Dec-99,24:00:00,122.0,0.001839,0.0,0.0,0.0,0.0,0.616213
1910,22-Dec-99,24:00:00,125.833333,0.001149,0.0,0.0,0.0,0.0,0.612522
1911,23-Dec-99,24:00:00,125.041667,0.001477,0.0,0.0,0.0,0.0,0.609395
1912,24-Dec-99,24:00:00,124.041667,0.001512,0.0,0.0,0.0,0.0,0.60581
1913,25-Dec-99,24:00:00,123.041667,0.00139,0.0,0.0,0.0,0.0,0.60231
1914,26-Dec-99,24:00:00,123.0,0.001852,0.0,0.0,0.0,0.0,0.598617
1915,27-Dec-99,24:00:00,127.791667,0.001366,0.0,0.0,0.0,0.0,0.594531
1916,28-Dec-99,24:00:00,128.0,0.001422,0.0,0.0,0.0,0.0,0.591221
1917,29-Dec-99,24:00:00,128.0,0.00151,0.0,0.0,0.0,0.0,0.587733
1918,30-Dec-99,24:00:00,122.25,0.000989,0.0,0.0,0.0,0.0,0.584689
1919,31-Dec-99,24:00:00,66.416667,0.001203,0.0,0.0,0.0,0.0,0.582411
1920,01-Jan-00,24:00:00,56.333333,0.001051,0.0,0.0,0.0,0.0,0.581372
1921,02-Jan-00,24:00:00,56.188933,0.001358,0.188933,0.0,0.000381,0.0,0.581791
1922,03-Jan-00,24:00:00,57.953513,0.00038,0.036846,0.0,0.0,0.0,0.582286
1923,04-Jan-00,24:00:00,55.125,0.001264,0.0,0.0,0.0,0.0,0.582286
1924,05-Jan-00,24:00:00,49.25,0.000875,0.0,0.0,0.0,0.0,0.582286
1925,06-Jan-00,24:00:00,40.375,0.001151,0.0,0.0,0.0,0.0,0.582286
1926,07-Jan-00,24:00:00,38.083333,0.001496,0.0,0.0,0.0,0.0,0.580718
1927,08-Jan-00,24:00:00,39.916667,0.001177,0.0,0.0,0.0,0.0,0.577527
1928,09-Jan-00,24:00:00,52.37582,0.000868,8.542486,0.0,0.021045,0.0,0.595773
1929,10-Jan-00,24:00:00,201.081841,0.001076,18.123507,0.0,0.025257,0.0,0.668833
1930,11-Jan-00,24:00:00,185.150144,0.000548,0.941811,0.0,0.000293,0.0,0.687516
1931,12-Jan-00,24:00:00,181.275681,0.000698,11.650681,10.726209,0.008264,0.003196,0.689984
1932,13-Jan-00,24:00:00,697.523037,0.000645,437.48137,427.19817,0.011016,0.011016,0.7
1933,14-Jan-00,24:00:00,857.181036,0.001569,577.847739,569.003404,0.021484,0.020515,0.700097
1934,15-Jan-00,24:00:00,1252.067604,0.001515,936.60883,922.741039,0.016548,0.017517,0.701889
1935,16-Jan-00,24:00:00,919.817776,0.001103,627.73477,620.280511,0.013391,0.013391,0.700042
1936,17-Jan-00,24:00:00,1064.905924,0.001218,765.280965,755.715898,0.016754,0.016754,0.7
1937,18-Jan-00,24:00:00,1004.953602,0.000603,687.704385,679.656207,0.013713,0.013713,0.70001
1938,19-Jan-00,24:00:00,689.311432,0.00083,372.269765,371.253837,0.0,0.0,0.7
1939,20-Jan-00,24:00:00,545.334003,0.001021,227.37567,226.572938,0.001787,0.001787,0.7
1940,21-Jan-00,24:00:00,490.36279,0.00112,180.98779,180.730889,0.0,0.0,0.7
1941,22-Jan-00,24:00:00,737.772564,0.000498,433.564068,427.123523,0.012463,0.012463,0.7
1942,23-Jan-00,24:00:00,867.741339,0.000696,557.991364,551.784853,0.010128,0.010128,0.7
1943,24-Jan-00,24:00:00,588.110353,0.001476,274.27702,273.530929,0.0,0.0,0.7
1944,25-Jan-00,24:00:00,461.61149,0.001584,146.653156,146.651954,0.0,0.0,0.7
1945,26-Jan-00,24:00:00,428.749177,0.001351,113.749177,113.749177,0.0,0.0,0.699808
1946,27-Jan-00,24:00:00,412.480161,0.001155,95.563494,95.563494,0.0,0.0,0.698116
1947,28-Jan-00,24:00:00,454.977115,0.002023,136.060448,134.044878,0.004643,0.003142,0.698299
1948,29-Jan-00,24:00:00,1472.950055,0.001379,1153.949708,1132.417702,0.041749,0.041749,0.701621
1949,30-Jan-00,24:00:00,1222.57684,0.000421,900.70138,891.971233,0.008617,0.008617,0.7
1950,31-Jan-00,24:00:00,633.470844,0.001005,330.637511,330.299031,0.0,0.0,0.7
1951,01-Feb-00,24:00:00,483.360928,0.002322,178.485928,178.485928,0.0,0.0,0.7
1952,02-Feb-00,24:00:00,487.688244,0.001699,182.688244,181.407845,0.003369,0.00256,0.699676
1953,03-Feb-00,24:00:00,477.249523,0.001524,172.249523,171.532586,0.0,0.0,0.7
1954,04-Feb-00,24:00:00,1229.130381,0.000969,919.338835,853.468584,0.030128,0.030128,0.702428
1955,05-Feb-00,24:00:00,811.496023,0.001838,511.079122,504.06586,0.0,0.0,0.7
1956,06-Feb-00,24:00:00,479.213851,0.002087,196.463851,196.463851,0.0,0.0,0.699989
1957,07-Feb-00,24:00:00,445.342798,0.001858,136.509464,136.509464,0.0,0.0,0.697859
1958,08-Feb-00,24:00:00,399.30912,0.001193,113.267453,113.267453,0.0,0.0,0.694588
1959,09-Feb-00,24:00:00,622.381707,0.002113,313.423373,307.602207,0.010774,0.008136,0.698619
1960,10-Feb-00,24:00:00,1238.489684,0.000737,927.531447,734.510166,0.038169,0.036659,0.704482
1961,11-Feb-00,24:00:00,1498.444583,0.00107,1188.403583,1064.708825,0.008773,0.010283,0.700149
1962,12-Feb-00,24:00:00,2392.770833,0.000852,2122.062382,1793.176301,0.073586,0.061622,0.716295
1963,13-Feb-00,24:00:00,2716.526667,0.001617,2584.568333,2398.160833,0.034245,0.046208,0.720468
1964,14-Feb-00,24:00:00,1238.79816,0.002265,1049.548294,1045.907258,0.0,0.0,0.7
1965,15-Feb-00,24:00:00,765.25717,0.000969,459.215503,459.215503,0.0,0.0,0.7
1966,16-Feb-00,24:00:00,643.425996,0.00171,334.342663,334.342663,0.0,0.0,0.698833
1967,17-Feb-00,24:00:00,589.607318,0.001989,279.648985,279.648985,0.0,0.0,0.694963
1968,18-Feb-00,24:00:00,546.527662,0.002549,237.485995,237.485995,0.0,0.0,0.689707
1969,19-Feb-00,24:00:00,765.215382,0.001618,456.215382,262.796644,0.016106,0.008984,0.688582
1970,20-Feb-00,24:00:00,959.831435,0.002709,649.873115,447.797937,0.000898,0.000898,0.7
1971,21-Feb-00,24:00:00,1432.13894,0.000641,1121.180546,690.576329,0.041078,0.034231,0.705716
1972,22-Feb-00,24:00:00,1695.985271,0.001661,1385.943208,1126.303762,0.0,0.006847,0.700598
1973,23-Feb-00,24:00:00,663.730237,0.001299,353.730237,353.730237,0.0,0.0,0.7
1974,24-Feb-00,24:00:00,521.615014,0.001834,211.615014,211.615014,0.0,0.0,0.699467
1975,25-Feb-00,24:00:00,1664.217464,0.000805,1353.258909,1277.342713,0.059274,0.052076,0.70463
1976,26-Feb-00,24:00:00,2250.607917,0.001663,2064.19125,1776.319167,0.022469,0.02905,0.701058
1977,27-Feb-00,24:00:00,1014.948203,0.002354,717.98963,716.282636,0.0,0.0,0.7
1978,28-Feb-00,24:00:00,1368.461649,0.002402,1056.877808,1043.332077,0.023197,0.023197,0.702086
1979,29-Feb-00,24:00:00,785.225808,0.002356,474.183934,473.97596,0.0,0.0,0.699592
1980,01-Mar-00,24:00:00,764.103278,0.002112,453.103278,449.615298,0.006098,0.005593,0.699744
1981,02-Mar-00,24:00:00,602.045927,0.003206,292.00426,291.876593,0.0,0.0,0.69899
1982,03-Mar-00,24:00:00,653.596887,0.001473,342.638877,339.209464,0.014205,0.011809,0.697619
1983,04-Mar-00,24:00:00,787.647538,0.001382,477.605431,472.614933,0.0,0.0,0.7
1984,05-Mar-00,24:00:00,527.952077,0.002484,216.993744,216.991766,0.0,0.0,0.7
1985,06-Mar-00,24:00:00,510.74855,0.001149,199.74855,199.015844,0.007667,0.006947,0.699498
1986,07-Mar-00,24:00:00,681.255507,0.001023,367.380507,362.778495,0.00158,0.00158,0.7
1987,08-Mar-00,24:00:00,719.919121,0.002686,404.002454,399.763296,0.006977,0.006977,0.700058
1988,09-Mar-00,24:00:00,506.817401,0.001589,190.817401,190.610463,0.002536,0.002536,0.7
1989,10-Mar-00,24:00:00,508.097803,0.003175,192.097803,190.756845,0.0,0.0,0.7
1990,11-Mar-00,24:00:00,427.213758,0.004182,112.172091,112.171302,0.0,0.0,0.696946
1991,12-Mar-00,24:00:00,403.294031,0.004279,88.294031,88.294031,0.0,0.0,0.687698
1992,13-Mar-00,24:00:00,389.87135,0.004263,73.913017,73.913017,0.0,0.0,0.677712
1993,14-Mar-00,24:00:00,379.265206,0.005209,62.306873,62.306873,0.0,0.0,0.666447
1994,15-Mar-00,24:00:00,369.46755,0.004414,52.46755,52.46755,0.0,0.0,0.654646
1995,16-Mar-00,24:00:00,361.12646,0.004816,44.12646,44.12646,0.0,0.0,0.643569
1996,17-Mar-00,24:00:00,354.085284,0.005075,37.085283,37.085283,0.0,0.0,0.631677
1997,18-Mar-00,24:00:00,348.157126,0.004369,31.157126,31.157126,0.0,0.0,0.620415
1998,19-Mar-00,24:00:00,166.83924,0.004591,26.172573,26.172573,0.0,0.0,0.609457
1999,20-Mar-00,24:00:00,124.317285,0.005128,21.983951,21.983951,0.0,0.0,0.597893
2000,21-Mar-00,24:00:00,319.75678,0.004881,18.465113,18.465113,0.0,0.0,0.586023
2001,22-Mar-00,24:00:00,339.884309,0.004087,15.509309,15.509309,0.0,0.0,0.574924
2002,23-Mar-00,24:00:00,337.068246,0.004179,13.02658,13.02658,0.0,0.0,0.565146
2003,24-Mar-00,24:00:00,326.316258,0.004239,10.941257,10.941257,0.0,0.0,0.555076
2004,25-Mar-00,24:00:00,305.981415,0.004752,9.189748,9.189748,0.0,0.0,0.544342
2005,26-Mar-00,24:00:00,296.051955,0.003665,7.718622,7.718622,0.0,0.0,0.534228
2006,27-Mar-00,24:00:00,261.899663,0.003943,6.482997,6.482997,0.0,0.0,0.52489
2007,28-Mar-00,24:00:00,272.861841,0.004814,5.445175,5.445175,0.0,0.0,0.514611
2008,29-Mar-00,24:00:00,258.198491,0.005537,4.573491,4.573491,0.0,0.0,0.502159
2009,30-Mar-00,24:00:00,268.341349,0.005483,3.841349,3.841349,0.0,0.0,0.488978
2010,31-Mar-00,24:00:00,271.101412,0.005694,3.226412,3.226412,0.0,0.0,0.475417
2011,01-Apr-00,24:00:00,240.043249,0.006333,2.709915,2.709915,0.0,0.0,0.460915
2012,02-Apr-00,24:00:00,207.609435,0.007107,2.276102,2.276102,0.0,0.0,0.445406
2013,03-Apr-00,24:00:00,198.245068,0.004747,1.911735,1.911735,0.0,0.0,0.430775
2014,04-Apr-00,24:00:00,202.397364,0.005343,1.605698,1.605698,0.0,0.0,0.418727
2015,05-Apr-00,24:00:00,207.140319,0.005593,1.348652,1.348652,0.0,0.0,0.40631
2016,06-Apr-00,24:00:00,208.091088,0.006253,1.132755,1.132755,0.0,0.0,0.39414
2017,07-Apr-00,24:00:00,187.82642,0.004094,0.95142,0.95142,0.0,0.0,0.384207
2018,08-Apr-00,24:00:00,182.007446,0.004782,0.799113,0.799113,0.0,0.0,0.376609
2019,09-Apr-00,24:00:00,176.879521,0.005912,0.671188,0.671188,0.0,0.0,0.368178
2020,10-Apr-00,24:00:00,165.063742,0.004503,0.563742,0.563742,0.0,0.0,0.36059
2021,11-Apr-00,24:00:00,160.640162,0.003222,0.473496,0.473496,0.0,0.0,0.355137
2022,12-Apr-00,24:00:00,150.814363,0.003703,0.397697,0.397697,0.0,0.0,0.350886
2023,13-Apr-00,24:00:00,134.042365,0.003856,0.334032,0.334032,0.0,0.0,0.346354
2024,14-Apr-00,24:00:00,140.947225,0.003504,0.280559,0.280559,0.0,0.0,0.341917
2025,15-Apr-00,24:00:00,165.387895,0.001206,16.721229,0.235646,0.054125,0.0,0.380412
2026,16-Apr-00,24:00:00,239.517851,0.004139,20.559518,0.197923,0.008109,0.0,0.48794
2027,17-Apr-00,24:00:00,151.300735,0.004058,0.217402,0.166239,0.0,0.0,0.484692
2028,18-Apr-00,24:00:00,150.056294,0.004218,0.139627,0.139627,0.0,0.0,0.474799
2029,19-Apr-00,24:00:00,166.408942,0.00555,0.117275,0.117275,0.0,0.0,0.463157
2030,20-Apr-00,24:00:00,183.390168,0.006487,0.098501,0.098501,0.0,0.0,0.448839
2031,21-Apr-00,24:00:00,221.457733,0.004417,0.082733,0.082733,0.0,0.0,0.435922
2032,22-Apr-00,24:00:00,174.194489,0.005402,0.069489,0.069489,0.0,0.0,0.42381
2033,23-Apr-00,24:00:00,136.600031,0.006535,0.058365,0.058365,0.0,0.0,0.41035
2034,24-Apr-00,24:00:00,138.882355,0.004951,0.049021,0.049021,0.0,0.0,0.397735
2035,25-Apr-00,24:00:00,155.332841,0.007171,0.041174,0.041174,0.0,0.0,0.38637
2036,26-Apr-00,24:00:00,170.409583,0.003112,0.034583,0.034583,0.0,0.0,0.377044
2037,27-Apr-00,24:00:00,179.654047,0.004956,0.029046,0.029046,0.0,0.0,0.370517
2038,28-Apr-00,24:00:00,188.649397,0.006299,0.024397,0.024397,0.0,0.0,0.36232
2039,29-Apr-00,24:00:00,189.978824,0.007138,0.020491,0.020491,0.0,0.0,0.353406
2040,30-Apr-00,24:00:00,189.058878,0.005253,0.017211,0.017211,0.0,0.0,0.345496
2041,01-May-00,24:00:00,187.097789,0.005393,0.014456,0.014456,0.0,0.0,0.339464
2042,02-May-00,24:00:00,185.095475,0.006144,0.012142,0.012142,0.0,0.0,0.332824
2043,03-May-00,24:00:00,180.218531,0.005926,0.010198,0.010198,0.0,0.0,0.326042
2044,04-May-00,24:00:00,179.050232,0.0054,0.008565,0.008565,0.0,0.0,0.319571
2045,05-May-00,24:00:00,179.007194,0.002228,0.007194,0.007194,0.0,0.0,0.315262
2046,06-May-00,24:00:00,191.221258,0.002199,7.429592,0.006042,0.013486,0.0,0.333862
2047,07-May-00,24:00:00,193.202232,0.005588,0.577232,0.005075,0.0,0.0,0.345779
2048,08-May-00,24:00:00,138.379263,0.003409,0.004263,0.004263,0.0,0.0,0.342748
2049,09-May-00,24:00:00,151.336914,0.003681,0.00358,0.00358,0.0,0.0,0.338407
2050,10-May-00,24:00:00,164.461341,0.005566,0.003007,0.003007,0.0,0.0,0.333184
2051,11-May-00,24:00:00,221.544192,0.005358,0.002526,0.002526,0.0,0.0,0.327033
2052,12-May-00,24:00:00,226.271235,0.004651,0.354568,0.002121,0.004613,0.0,0.32311
2053,13-May-00,24:00:00,238.134134,0.002101,4.467467,0.001782,0.009647,0.0,0.338015
2054,14-May-00,24:00:00,253.017795,0.003646,3.684462,0.001497,0.000132,0.0,0.353414
2055,15-May-00,24:00:00,198.282931,0.005048,0.032931,0.001257,0.0,0.0,0.353265
2056,16-May-00,24:00:00,144.251056,0.006312,0.001056,0.001056,0.0,0.0,0.348832
2057,17-May-00,24:00:00,160.20922,0.007823,0.000887,0.000887,0.0,0.0,0.340581
2058,18-May-00,24:00:00,171.542412,0.006962,0.000745,0.000745,0.0,0.0,0.331867
2059,19-May-00,24:00:00,181.583959,0.007669,0.000626,0.000626,0.0,0.0,0.323645
2060,20-May-00,24:00:00,178.167192,0.008831,0.000525,0.000525,0.0,0.0,0.314747
2061,21-May-00,24:00:00,171.292108,0.008779,0.000441,0.000441,0.0,0.0,0.305475
2062,22-May-00,24:00:00,145.125371,0.008613,0.000371,0.000371,0.0,0.0,0.296384
2063,23-May-00,24:00:00,145.916978,0.008872,0.000311,0.000311,0.0,0.0,0.287817
2064,24-May-00,24:00:00,155.583595,0.008314,0.000262,0.000262,0.0,0.0,0.279077
2065,25-May-00,24:00:00,163.666886,0.007656,0.00022,0.00022,0.0,0.0,0.271677
2066,26-May-00,24:00:00,163.041851,0.007637,0.000184,0.000184,0.0,0.0,0.26462
2067,27-May-00,24:00:00,160.125155,0.006711,0.000155,0.000155,0.0,0.0,0.25824
2068,28-May-00,24:00:00,156.166797,0.007638,0.00013,0.00013,0.0,0.0,0.251949
2069,29-May-00,24:00:00,154.083443,0.00757,0.000109,0.000109,0.0,0.0,0.245429
2070,30-May-00,24:00:00,150.166758,0.007687,9.2e-05,9.2e-05,0.0,0.0,0.239096
2071,31-May-00,24:00:00,119.716745,0.008878,7.7e-05,7.7e-05,0.0,0.0,0.232551
2072,01-Jun-00,24:00:00,118.400066,0.007867,6.5e-05,6.5e-05,0.0,0.0,0.225834
2073,02-Jun-00,24:00:00,118.400056,0.008433,5.4e-05,5.4e-05,0.0,0.0,0.219639
2074,03-Jun-00,24:00:00,116.100046,0.007621,4.6e-05,4.6e-05,0.0,0.0,0.213664
2075,04-Jun-00,24:00:00,116.000038,0.006701,3.8e-05,3.8e-05,0.0,0.0,0.208459
2076,05-Jun-00,24:00:00,119.066703,0.00758,3.2e-05,3.2e-05,0.0,0.0,0.203416
2077,06-Jun-00,24:00:00,113.066697,0.00404,2.7e-05,2.7e-05,0.0,0.0,0.1992
2078,07-Jun-00,24:00:00,107.433361,0.005504,2.3e-05,2.3e-05,0.0,0.0,0.197269
2079,08-Jun-00,24:00:00,107.200024,0.006095,1.9e-05,1.9e-05,0.0,0.0,0.194229
2080,09-Jun-00,24:00:00,107.200021,0.006465,1.6e-05,1.6e-05,0.0,0.0,0.19008
2081,10-Jun-00,24:00:00,107.200018,0.006164,1.4e-05,1.4e-05,0.0,0.0,0.186031
2082,11-Jun-00,24:00:00,107.200016,0.006778,1.1e-05,1.1e-05,0.0,0.0,0.181985
2083,12-Jun-00,24:00:00,107.200014,0.009844,1e-05,1e-05,0.0,0.0,0.176955
2084,13-Jun-00,24:00:00,107.200013,0.009572,8e-06,8e-06,0.0,0.0,0.171113
2085,14-Jun-00,24:00:00,109.500005,0.009429,7e-06,7e-06,0.0,0.0,0.165588
2086,15-Jun-00,24:00:00,111.900006,0.009489,6e-06,6e-06,0.0,0.0,0.160308
2087,16-Jun-00,24:00:00,107.400009,0.007538,5e-06,5e-06,0.0,0.0,0.15566
2088,17-Jun-00,24:00:00,108.73334,0.006326,4e-06,4e-06,0.0,0.0,0.152074
2089,18-Jun-00,24:00:00,107.266675,0.008317,3e-06,3e-06,0.0,0.0,0.148229
2090,19-Jun-00,24:00:00,107.96667,0.009437,3e-06,3e-06,0.0,0.0,0.143824
2091,20-Jun-00,24:00:00,117.200001,0.008991,2e-06,2e-06,0.0,0.0,0.139316
2092,21-Jun-00,24:00:00,114.533337,0.008826,2e-06,2e-06,0.0,0.0,0.135099
2093,22-Jun-00,24:00:00,109.8,0.008409,2e-06,2e-06,0.0,0.0,0.131203
2094,23-Jun-00,24:00:00,115.733334,0.008303,1e-06,1e-06,0.0,0.0,0.127462
2095,24-Jun-00,24:00:00,114.46667,0.009048,1e-06,1e-06,0.0,0.0,0.123771
2096,25-Jun-00,24:00:00,115.933334,0.009232,1e-06,1e-06,0.0,0.0,0.119948
2097,26-Jun-00,24:00:00,114.466669,0.009313,1e-06,1e-06,0.0,0.0,0.116175
2098,27-Jun-00,24:00:00,114.400002,0.009185,1e-06,1e-06,0.0,0.0,0.112549
2099,28-Jun-00,24:00:00,112.866671,0.009415,1e-06,1e-06,0.0,0.0,0.109074
2100,29-Jun-00,24:00:00,112.800004,0.008995,0.0,0.0,0.0,0.0,0.105652
2101,30-Jun-00,24:00:00,112.800003,0.008521,0.0,0.0,0.0,0.0,0.102488
2102,01-Jul-00,24:00:00,115.866667,0.007489,0.0,0.0,0.0,0.0,0.099692
2103,02-Jul-00,24:00:00,122.133335,0.006717,0.0,0.0,0.0,0.0,0.097301
2104,03-Jul-00,24:00:00,123.166672,0.007293,0.0,0.0,0.0,0.0,0.094979
2105,04-Jul-00,24:00:00,123.200005,0.006589,0.0,0.0,0.0,0.0,0.092715
2106,05-Jul-00,24:00:00,115.533338,0.0058,0.0,0.0,0.0,0.0,0.090756
2107,06-Jul-00,24:00:00,114.433335,0.006011,0.0,0.0,0.0,0.0,0.088958
2108,07-Jul-00,24:00:00,109.799999,0.007417,0.0,0.0,0.0,0.0,0.086929
2109,08-Jul-00,24:00:00,108.833336,0.008503,0.0,0.0,0.0,0.0,0.084595
2110,09-Jul-00,24:00:00,107.266672,0.008352,0.0,0.0,0.0,0.0,0.08221
2111,10-Jul-00,24:00:00,107.966667,0.008862,0.0,0.0,0.0,0.0,0.079793
2112,11-Jul-00,24:00:00,107.233338,0.007272,0.0,0.0,0.0,0.0,0.077631
2113,12-Jul-00,24:00:00,105.666666,0.006387,0.0,0.0,0.0,0.0,0.075835
2114,13-Jul-00,24:00:00,106.366669,0.008058,0.0,0.0,0.0,0.0,0.073964
2115,14-Jul-00,24:00:00,104.86667,0.008349,0.0,0.0,0.0,0.0,0.071928
2116,15-Jul-00,24:00:00,104.800003,0.005096,0.0,0.0,0.0,0.0,0.070215
2117,16-Jul-00,24:00:00,103.266672,0.005762,0.0,0.0,0.0,0.0,0.068964
2118,17-Jul-00,24:00:00,106.266669,0.007594,0.0,0.0,0.0,0.0,0.067432
2119,18-Jul-00,24:00:00,107.166672,0.008356,0.0,0.0,0.0,0.0,0.065636
2120,19-Jul-00,24:00:00,104.900003,0.008982,0.0,0.0,0.0,0.0,0.063689
2121,20-Jul-00,24:00:00,104.800003,0.008715,0.0,0.0,0.0,0.0,0.061775
2122,21-Jul-00,24:00:00,104.033333,0.008726,0.0,0.0,0.0,0.0,0.059976
2123,22-Jul-00,24:00:00,104.0,0.008702,0.0,0.0,0.0,0.0,0.058186
2124,23-Jul-00,24:00:00,104.76667,0.00904,0.0,0.0,0.0,0.0,0.056454
2125,24-Jul-00,24:00:00,104.033333,0.009863,0.0,0.0,0.0,0.0,0.054697
2126,25-Jul-00,24:00:00,107.066671,0.008765,0.0,0.0,0.0,0.0,0.052896
2127,26-Jul-00,24:00:00,106.433335,0.008502,0.0,0.0,0.0,0.0,0.051382
2128,27-Jul-00,24:00:00,104.86667,0.008585,0.0,0.0,0.0,0.0,0.049892
2129,28-Jul-00,24:00:00,105.566665,0.008797,0.0,0.0,0.0,0.0,0.048424
2130,29-Jul-00,24:00:00,102.533335,0.006893,0.0,0.0,0.0,0.0,0.047123
2131,30-Jul-00,24:00:00,101.633332,0.009599,0.0,0.0,0.0,0.0,0.045834
2132,31-Jul-00,24:00:00,80.133338,0.008215,0.0,0.0,0.0,0.0,0.044418
2133,01-Aug-00,24:00:00,105.266669,0.00923,0.0,0.0,0.0,0.0,0.043133
2134,02-Aug-00,24:00:00,103.333338,0.008593,0.0,0.0,0.0,0.0,0.04183
2135,03-Aug-00,24:00:00,100.900003,0.008025,0.0,0.0,0.0,0.0,0.04065
2136,04-Aug-00,24:00:00,106.166669,0.008554,0.0,0.0,0.0,0.0,0.039524
2137,05-Aug-00,24:00:00,103.333338,0.00824,0.0,0.0,0.0,0.0,0.038395
2138,06-Aug-00,24:00:00,104.733336,0.007504,0.0,0.0,0.0,0.0,0.037366
2139,07-Aug-00,24:00:00,108.633336,0.006501,0.0,0.0,0.0,0.0,0.036475
2140,08-Aug-00,24:00:00,111.866667,0.006126,0.0,0.0,0.0,0.0,0.035686
2141,09-Aug-00,24:00:00,117.366665,0.006315,0.0,0.0,0.0,0.0,0.034935
2142,10-Aug-00,24:00:00,116.066667,0.007846,0.0,0.0,0.0,0.0,0.034095
2143,11-Aug-00,24:00:00,112.166667,0.008307,0.0,0.0,0.0,0.0,0.033175
2144,12-Aug-00,24:00:00,112.76667,0.008542,0.0,0.0,0.0,0.0,0.032233
2145,13-Aug-00,24:00:00,112.800003,0.008272,0.0,0.0,0.0,0.0,0.031311
2146,14-Aug-00,24:00:00,113.566665,0.007957,0.0,0.0,0.0,0.0,0.030445
2147,15-Aug-00,24:00:00,115.133338,0.008328,0.0,0.0,0.0,0.0,0.029613
2148,16-Aug-00,24:00:00,112.900003,0.008968,0.0,0.0,0.0,0.0,0.028764
2149,17-Aug-00,24:00:00,112.033333,0.007743,0.0,0.0,0.0,0.0,0.027925
2150,18-Aug-00,24:00:00,113.533331,0.00771,0.0,0.0,0.0,0.0,0.027194
2151,19-Aug-00,24:00:00,112.066667,0.007206,0.0,0.0,0.0,0.0,0.026502
2152,20-Aug-00,24:00:00,112.76667,0.007306,0.0,0.0,0.0,0.0,0.02585
2153,21-Aug-00,24:00:00,110.500002,0.007362,0.0,0.0,0.0,0.0,0.025211
2154,22-Aug-00,24:00:00,111.933333,0.005712,0.0,0.0,0.0,0.0,0.024646
2155,23-Aug-00,24:00:00,112.0,0.006981,0.0,0.0,0.0,0.0,0.024115
2156,24-Aug-00,24:00:00,110.466669,0.007744,0.0,0.0,0.0,0.0,0.023525
2157,25-Aug-00,24:00:00,111.933333,0.006837,0.0,0.0,0.0,0.0,0.022937
2158,26-Aug-00,24:00:00,112.76667,0.007281,0.0,0.0,0.0,0.0,0.022388
2159,27-Aug-00,24:00:00,112.033333,0.007211,0.0,0.0,0.0,0.0,0.021836
2160,28-Aug-00,24:00:00,111.233338,0.003933,0.0,0.0,0.0,0.0,0.021407
2161,29-Aug-00,24:00:00,111.200005,0.003321,0.0,0.0,0.0,0.0,0.021144
2162,30-Aug-00,24:00:00,111.200005,0.0047,0.0,0.0,0.0,0.0,0.020858
2163,31-Aug-00,24:00:00,113.751841,0.00308,0.251842,0.0,0.00043,0.0,0.021581
2164,01-Sep-00,24:00:00,112.070062,0.004568,0.003396,0.0,0.0,0.0,0.021606
2165,02-Sep-00,24:00:00,111.233338,0.005445,0.0,0.0,0.0,0.0,0.021271
2166,03-Sep-00,24:00:00,111.966667,0.005393,0.0,0.0,0.0,0.0,0.020879
2167,04-Sep-00,24:00:00,112.0,0.005609,0.0,0.0,0.0,0.0,0.020485
2168,05-Sep-00,24:00:00,112.0,0.006593,0.0,0.0,0.0,0.0,0.020063
2169,06-Sep-00,24:00:00,112.76667,0.006174,0.0,0.0,0.0,0.0,0.019626
2170,07-Sep-00,24:00:00,113.566665,0.006932,0.0,0.0,0.0,0.0,0.019199
2171,08-Sep-00,24:00:00,122.033335,0.006356,0.0,0.0,0.0,0.0,0.018763
2172,09-Sep-00,24:00:00,123.166672,0.006052,0.0,0.0,0.0,0.0,0.018363
2173,10-Sep-00,24:00:00,125.499998,0.006747,0.0,0.0,0.0,0.0,0.017968
2174,11-Sep-00,24:00:00,124.833336,0.006524,0.0,0.0,0.0,0.0,0.017565
2175,12-Sep-00,24:00:00,121.733332,0.00523,0.0,0.0,0.0,0.0,0.017208
2176,13-Sep-00,24:00:00,121.599998,0.004856,0.0,0.0,0.0,0.0,0.016912
2177,14-Sep-00,24:00:00,118.533335,0.005332,0.0,0.0,0.0,0.0,0.016618
2178,15-Sep-00,24:00:00,120.700003,0.00609,0.0,0.0,0.0,0.0,0.0163
2179,16-Sep-00,24:00:00,119.266672,0.005982,0.0,0.0,0.0,0.0,0.01596
2180,17-Sep-00,24:00:00,119.200005,0.006414,0.0,0.0,0.0,0.0,0.015626
2181,18-Sep-00,24:00:00,117.666665,0.006638,0.0,0.0,0.0,0.0,0.015283
2182,19-Sep-00,24:00:00,117.599998,0.006676,0.0,0.0,0.0,0.0,0.014944
2183,20-Sep-00,24:00:00,118.366668,0.003416,0.0,0.0,0.0,0.0,0.014675
2184,21-Sep-00,24:00:00,120.700003,0.003416,0.0,0.0,0.0,0.0,0.014502
2185,22-Sep-00,24:00:00,118.500002,0.005022,0.0,0.0,0.0,0.0,0.014296
2186,23-Sep-00,24:00:00,118.400002,0.004761,0.0,0.0,0.0,0.0,0.014059
2187,24-Sep-00,24:00:00,119.166672,0.00558,0.0,0.0,0.0,0.0,0.013814
2188,25-Sep-00,24:00:00,119.200005,0.006114,0.0,0.0,0.0,0.0,0.013546
2189,26-Sep-00,24:00:00,118.433335,0.004739,0.0,0.0,0.0,0.0,0.013288
2190,27-Sep-00,24:00:00,119.166672,0.004236,0.0,0.0,0.0,0.0,0.013088
2191,28-Sep-00,24:00:00,122.266669,0.005704,0.0,0.0,0.0,0.0,0.012868
2192,29-Sep-00,24:00:00,125.466665,0.004657,0.0,0.0,0.0,0.0,0.012635
2193,30-Sep-00,24:00:00,150.9,0.005973,0.0,0.0,0.0,0.0,0.012414
2194,01-Oct-00,24:00:00,159.666667,0.005314,0.0,0.0,0.0,0.0,0.012175
2195,02-Oct-00,24:00:00,172.458333,0.004778,0.0,0.0,0.0,0.0,0.011962
2196,03-Oct-00,24:00:00,148.083333,0.004236,0.0,0.0,0.0,0.0,0.011778
2197,04-Oct-00,24:00:00,142.208333,0.004584,0.0,0.0,0.0,0.0,0.0116
2198,05-Oct-00,24:00:00,141.041667,0.005278,0.0,0.0,0.0,0.0,0.011413
2199,06-Oct-00,24:00:00,141.0,0.003734,0.0,0.0,0.0,0.0,0.011229
2200,07-Oct-00,24:00:00,146.75,0.004711,0.0,0.0,0.0,0.0,0.011071
2201,08-Oct-00,24:00:00,147.0,0.002701,0.0,0.0,0.0,0.0,0.010929
2202,09-Oct-00,24:00:00,141.954638,0.0026,0.704638,0.0,0.001495,0.0,0.012332
2203,10-Oct-00,24:00:00,139.265228,0.002125,0.181895,0.0,0.0,0.0,0.014394
2204,11-Oct-00,24:00:00,169.666667,0.002407,0.0,0.0,0.0,0.0,0.01438
2205,12-Oct-00,24:00:00,173.875,0.003927,0.0,0.0,0.0,0.0,0.014269
2206,13-Oct-00,24:00:00,173.041667,0.003776,0.0,0.0,0.0,0.0,0.014077
2207,14-Oct-00,24:00:00,170.125,0.003434,0.0,0.0,0.0,0.0,0.013902
2208,15-Oct-00,24:00:00,167.125,0.003995,0.0,0.0,0.0,0.0,0.01373
2209,16-Oct-00,24:00:00,175.625,0.003187,0.0,0.0,0.0,0.0,0.013559
2210,17-Oct-00,24:00:00,185.583333,0.003341,0.0,0.0,0.0,0.0,0.01341
2211,18-Oct-00,24:00:00,185.041667,0.003773,0.0,0.0,0.0,0.0,0.013246
2212,19-Oct-00,24:00:00,175.416667,0.001727,0.0,0.0,0.0,0.0,0.013123
2213,20-Oct-00,24:00:00,166.375,0.00431,0.0,0.0,0.0,0.0,0.012991
2214,21-Oct-00,24:00:00,161.208333,0.005329,0.0,0.0,0.0,0.0,0.012786
2215,22-Oct-00,24:00:00,162.916667,0.003457,0.0,0.0,0.0,0.0,0.012582
2216,23-Oct-00,24:00:00,182.166667,0.00435,0.0,0.0,0.0,0.0,0.012428
2217,24-Oct-00,24:00:00,202.508514,0.001312,7.050181,0.0,0.013407,0.0,0.030974
2218,25-Oct-00,24:00:00,248.648576,0.001436,0.898576,0.0,0.0,0.0,0.044497
2219,26-Oct-00,24:00:00,148.147032,0.001795,5.480365,0.0,0.025545,0.0,0.057172
2220,27-Oct-00,24:00:00,152.68641,0.000804,15.644743,0.0,0.012684,0.0,0.119524
2221,28-Oct-00,24:00:00,131.272312,0.001613,17.272312,0.0,0.030297,0.0,0.177855
2222,29-Oct-00,24:00:00,110.993486,0.001211,2.785153,0.0,0.000938,0.0,0.21121
2223,30-Oct-00,24:00:00,108.002506,0.002111,0.002506,0.0,0.0,0.0,0.21121
2224,31-Oct-00,24:00:00,116.625,0.001935,0.0,0.0,0.0,0.0,0.210966
2225,01-Nov-00,24:00:00,119.875,0.002835,0.0,0.0,0.0,0.0,0.209428
2226,02-Nov-00,24:00:00,129.583333,0.002559,0.0,0.0,0.0,0.0,0.207493
2227,03-Nov-00,24:00:00,182.708333,0.002211,0.0,0.0,0.0,0.0,0.205794
2228,04-Nov-00,24:00:00,197.458333,0.002499,0.0,0.0,0.0,0.0,0.204235
2229,05-Nov-00,24:00:00,197.041667,0.002693,0.0,0.0,0.0,0.0,0.20236
2230,06-Nov-00,24:00:00,211.375,0.002197,0.0,0.0,0.0,0.0,0.200637
2231,07-Nov-00,24:00:00,208.166667,0.002725,0.0,0.0,0.0,0.0,0.199123
2232,08-Nov-00,24:00:00,205.125,0.001988,0.0,0.0,0.0,0.0,0.197411
2233,09-Nov-00,24:00:00,213.625,0.001517,0.0,0.0,0.0,0.0,0.196158
2234,10-Nov-00,24:00:00,218.791667,0.00143,0.0,0.0,0.0,0.0,0.195186
2235,11-Nov-00,24:00:00,225.708333,0.001805,0.0,0.0,0.0,0.0,0.194115
2236,12-Nov-00,24:00:00,239.497563,0.000411,2.955896,0.0,0.005722,0.0,0.200407
2237,13-Nov-00,24:00:00,239.353109,0.000976,0.436443,0.0,0.0,0.0,0.207207
2238,14-Nov-00,24:00:00,243.791667,0.000761,0.0,0.0,0.0,0.0,0.207207
2239,15-Nov-00,24:00:00,244.958333,0.001306,0.0,0.0,0.0,0.0,0.207207
2240,16-Nov-00,24:00:00,255.541667,0.001548,0.0,0.0,0.0,0.0,0.207028
2241,17-Nov-00,24:00:00,251.208333,0.001406,0.0,0.0,0.0,0.0,0.20627
2242,18-Nov-00,24:00:00,249.083333,0.001147,0.0,0.0,0.0,0.0,0.20537
2243,19-Nov-00,24:00:00,247.083333,0.001754,0.0,0.0,0.0,0.0,0.204431
2244,20-Nov-00,24:00:00,244.125,0.00078,0.0,0.0,0.0,0.0,0.203474
2245,21-Nov-00,24:00:00,206.625,0.001421,0.0,0.0,0.0,0.0,0.202701
2246,22-Nov-00,24:00:00,141.75,0.000989,0.0,0.0,0.0,0.0,0.201862
2247,23-Nov-00,24:00:00,132.291667,0.001374,0.0,0.0,0.0,0.0,0.201053
2248,24-Nov-00,24:00:00,111.875,0.000973,0.0,0.0,0.0,0.0,0.200239
2249,25-Nov-00,24:00:00,109.083333,0.001506,0.0,0.0,0.0,0.0,0.19941
2250,26-Nov-00,24:00:00,109.0,0.000463,0.0,0.0,0.0,0.0,0.198719
2251,27-Nov-00,24:00:00,109.0,0.001737,0.0,0.0,0.0,0.0,0.19799
2252,28-Nov-00,24:00:00,179.405161,0.001529,20.571827,0.0,0.035482,0.0,0.266575
2253,29-Nov-00,24:00:00,135.590159,0.001001,0.465159,0.0,0.0,0.0,0.28253
2254,30-Nov-00,24:00:00,89.916667,0.001101,0.0,0.0,0.0,0.0,0.28253
2255,01-Dec-00,24:00:00,65.0,0.001489,0.0,0.0,0.0,0.0,0.282138
2256,02-Dec-00,24:00:00,62.083333,0.001201,0.0,0.0,0.0,0.0,0.281086
2257,03-Dec-00,24:00:00,39.0,0.001088,0.0,0.0,0.0,0.0,0.279979
2258,04-Dec-00,24:00:00,37.041667,0.001526,0.0,0.0,0.0,0.0,0.278727
2259,05-Dec-00,24:00:00,48.5,0.001016,0.0,0.0,0.0,0.0,0.277515
2260,06-Dec-00,24:00:00,44.208333,0.000919,0.0,0.0,0.0,0.0,0.276591
2261,07-Dec-00,24:00:00,39.208333,0.001501,0.0,0.0,0.0,0.0,0.275427
2262,08-Dec-00,24:00:00,39.0,0.000594,0.0,0.0,0.0,0.0,0.274457
2263,09-Dec-00,24:00:00,39.0,0.00133,0.0,0.0,0.0,0.0,0.273557
2264,10-Dec-00,24:00:00,44.512676,0.000563,2.637676,0.0,0.005479,0.0,0.278445
2265,11-Dec-00,24:00:00,40.694411,0.001192,0.611077,0.0,0.0,0.0,0.285739
2266,12-Dec-00,24:00:00,88.702223,0.000436,8.452223,0.0,0.022565,0.0,0.304538
2267,13-Dec-00,24:00:00,51.993453,0.000508,7.368453,0.0,0.006798,0.0,0.344934
2268,14-Dec-00,24:00:00,52.255641,0.00164,1.588974,0.0,0.0,0.0,0.356211
2269,15-Dec-00,24:00:00,47.166667,0.001403,0.0,0.0,0.0,0.0,0.356211
2270,16-Dec-00,24:00:00,48.916667,0.001297,0.0,0.0,0.0,0.0,0.356122
2271,17-Dec-00,24:00:00,39.416667,0.001319,0.0,0.0,0.0,0.0,0.355158
2272,18-Dec-00,24:00:00,36.125,0.001127,0.0,0.0,0.0,0.0,0.353584
2273,19-Dec-00,24:00:00,38.875,0.000925,0.0,0.0,0.0,0.0,0.352319
2274,20-Dec-00,24:00:00,35.166667,0.000564,0.0,0.0,0.0,0.0,0.351402
2275,21-Dec-00,24:00:00,40.75,0.000854,0.0,0.0,0.0,0.0,0.350528
2276,22-Dec-00,24:00:00,46.75,0.000682,0.0,0.0,0.0,0.0,0.349609
2277,23-Dec-00,24:00:00,45.083333,0.000877,0.0,0.0,0.0,0.0,0.348666
2278,24-Dec-00,24:00:00,44.041667,0.000854,0.0,0.0,0.0,0.0,0.347632
2279,25-Dec-00,24:00:00,43.041667,0.001283,0.0,0.0,0.0,0.0,0.346361
2280,26-Dec-00,24:00:00,40.125,0.000945,0.0,0.0,0.0,0.0,0.345062
2281,27-Dec-00,24:00:00,41.916667,0.001376,0.0,0.0,0.0,0.0,0.343683
2282,28-Dec-00,24:00:00,55.416667,0.000815,0.0,0.0,0.0,0.0,0.342386
2283,29-Dec-00,24:00:00,56.0,0.001388,0.0,0.0,0.0,0.0,0.341093
2284,30-Dec-00,24:00:00,56.0,0.00115,0.0,0.0,0.0,0.0,0.339656
2285,31-Dec-00,24:00:00,56.958333,0.001441,0.0,0.0,0.0,0.0,0.338133
2286,01-Jan-01,24:00:00,56.041667,0.001352,0.0,0.0,0.0,0.0,0.336519
2287,02-Jan-01,24:00:00,55.041667,0.001181,0.0,0.0,0.0,0.0,0.33508
2288,03-Jan-01,24:00:00,55.958333,0.001618,0.0,0.0,0.0,0.0,0.333447
2289,04-Jan-01,24:00:00,54.083333,0.001442,0.0,0.0,0.0,0.0,0.331694
2290,05-Jan-01,24:00:00,45.375,0.001057,0.0,0.0,0.0,0.0,0.330298
2291,06-Jan-01,24:00:00,44.041667,0.001172,0.0,0.0,0.0,0.0,0.329156
2292,07-Jan-01,24:00:00,67.913039,0.001347,10.496372,0.0,0.018142,0.0,0.364629
2293,08-Jan-01,24:00:00,66.341339,0.000356,5.466339,0.0,0.01319,0.0,0.382459
2294,09-Jan-01,24:00:00,130.034626,0.000612,15.367959,0.0,0.032239,0.0,0.4331
2295,10-Jan-01,24:00:00,110.874702,0.00072,11.124702,0.0,0.009671,0.0,0.493986
2296,11-Jan-01,24:00:00,79.844488,0.001123,0.969488,0.0,0.0,0.0,0.5041
2297,12-Jan-01,24:00:00,67.458333,0.001198,0.0,0.0,0.0,0.0,0.5041
2298,13-Jan-01,24:00:00,67.0,0.001452,0.0,0.0,0.0,0.0,0.5041
2299,14-Jan-01,24:00:00,56.458333,0.001759,0.0,0.0,0.0,0.0,0.50271
2300,15-Jan-01,24:00:00,44.5,0.001537,0.0,0.0,0.0,0.0,0.498904
2301,16-Jan-01,24:00:00,40.166667,0.00127,0.0,0.0,0.0,0.0,0.495498
2302,17-Jan-01,24:00:00,38.083333,0.000942,0.0,0.0,0.0,0.0,0.492828
2303,18-Jan-01,24:00:00,38.0,0.001658,0.0,0.0,0.0,0.0,0.48976
2304,19-Jan-01,24:00:00,38.958333,0.001549,0.0,0.0,0.0,0.0,0.486245
2305,20-Jan-01,24:00:00,39.0,0.000839,0.0,0.0,0.0,0.0,0.482986
2306,21-Jan-01,24:00:00,38.041667,0.002394,0.0,0.0,0.0,0.0,0.479461
2307,22-Jan-01,24:00:00,89.0982,0.000427,35.764866,0.0,0.050614,0.0,0.509533
2308,23-Jan-01,24:00:00,226.808868,0.001258,120.100535,0.0,0.003308,0.0,0.605482
2309,24-Jan-01,24:00:00,266.777532,0.000494,171.194199,0.0,0.030647,0.0,0.637812
2310,25-Jan-01,24:00:00,140.886396,0.000792,32.469729,0.0,0.007738,0.0,0.695922
2311,26-Jan-01,24:00:00,103.303323,0.001923,0.053323,0.0,0.0,0.0,0.697606
2312,27-Jan-01,24:00:00,83.833333,0.002006,0.0,0.0,0.0,0.0,0.697179
2313,28-Jan-01,24:00:00,80.125,0.001923,0.0,0.0,0.0,0.0,0.6942
2314,29-Jan-01,24:00:00,74.25,0.001586,0.0,0.0,0.0,0.0,0.689865
2315,30-Jan-01,24:00:00,69.208333,0.002006,0.0,0.0,0.0,0.0,0.685684
2316,31-Jan-01,24:00:00,54.625,0.001937,0.0,0.0,0.0,0.0,0.680887
2317,01-Feb-01,24:00:00,35.791667,0.000994,0.0,0.0,0.0,0.0,0.677367
2318,02-Feb-01,24:00:00,37.875,0.002524,0.0,0.0,0.0,0.0,0.673161
2319,03-Feb-01,24:00:00,45.666667,0.002815,0.0,0.0,0.0,0.0,0.666887
2320,04-Feb-01,24:00:00,44.083333,0.002931,0.0,0.0,0.0,0.0,0.660181
2321,05-Feb-01,24:00:00,34.416667,0.002715,0.0,0.0,0.0,0.0,0.653231
2322,06-Feb-01,24:00:00,32.083333,0.002801,0.0,0.0,0.0,0.0,0.646547
2323,07-Feb-01,24:00:00,27.208333,0.002303,0.0,0.0,0.0,0.0,0.640479
2324,08-Feb-01,24:00:00,48.526855,0.00097,10.026855,0.0,0.024249,0.0,0.664124
2325,09-Feb-01,24:00:00,88.538148,0.000943,56.246482,50.834926,0.010515,0.008638,0.696442
2326,10-Feb-01,24:00:00,1084.005038,0.000654,1028.046368,1007.909648,0.027375,0.027375,0.700591
2327,11-Feb-01,24:00:00,410.855559,0.00116,357.688892,356.421834,0.0,0.0,0.7
2328,12-Feb-01,24:00:00,170.573364,0.002384,121.406697,121.406697,0.0,0.0,0.7
2329,13-Feb-01,24:00:00,127.428345,0.002569,81.303345,81.303345,0.0,0.0,0.698034
2330,14-Feb-01,24:00:00,108.273232,0.001093,68.023232,68.023232,0.0,0.0,0.694245
2331,15-Feb-01,24:00:00,97.279634,0.001632,58.237967,58.237967,0.0,0.0,0.690998
2332,16-Feb-01,24:00:00,440.927434,0.001241,354.969101,345.08988,0.019112,0.014026,0.695615
2333,17-Feb-01,24:00:00,431.405201,0.001646,269.613534,268.161109,0.0,0.0,0.7
2334,18-Feb-01,24:00:00,835.193175,0.001099,647.192961,635.205189,0.034946,0.031846,0.700672
2335,19-Feb-01,24:00:00,1910.862917,0.001059,1721.862917,1609.977917,0.031622,0.034722,0.704173
2336,20-Feb-01,24:00:00,1204.620615,0.002339,941.829358,933.56999,0.009992,0.009936,0.700006
2337,21-Feb-01,24:00:00,1641.1484,0.001253,1463.314905,1333.725996,0.038366,0.038423,0.703342
2338,22-Feb-01,24:00:00,983.340826,0.001986,975.860826,965.540441,0.007468,0.007468,0.7
2339,23-Feb-01,24:00:00,807.53046,0.000984,807.300043,799.247412,0.020974,0.020974,0.700013
2340,24-Feb-01,24:00:00,1015.378441,0.001368,1015.148441,1003.915198,0.011654,0.011654,0.7
2341,25-Feb-01,24:00:00,417.892669,0.003181,417.662669,417.525493,0.0,0.0,0.699864
2342,26-Feb-01,24:00:00,270.57122,0.004076,270.34122,270.34122,0.0,0.0,0.695146
2343,27-Feb-01,24:00:00,219.699735,0.003645,219.469735,219.469735,0.0,0.0,0.685768
2344,28-Feb-01,24:00:00,185.485334,0.002333,185.255334,185.255334,0.0,0.0,0.678289
2345,01-Mar-01,24:00:00,158.567831,0.001934,158.337831,156.560341,0.003062,0.0,0.681345
2346,02-Mar-01,24:00:00,132.431471,0.001847,132.201471,131.955198,0.002725,0.0,0.683559
2347,03-Mar-01,24:00:00,1072.113861,0.000975,1071.615527,793.373796,0.047454,0.041645,0.704374
2348,04-Mar-01,24:00:00,1058.655151,0.001874,1058.442235,978.935405,0.0,0.001343,0.7
2349,05-Mar-01,24:00:00,295.326916,0.003949,295.126916,295.126916,0.0,0.0,0.698491
2350,06-Mar-01,24:00:00,176.453346,0.004555,176.253346,176.253346,0.0,0.0,0.691084
2351,07-Mar-01,24:00:00,142.250338,0.003476,142.050338,142.050338,0.0,0.0,0.681091
2352,08-Mar-01,24:00:00,120.694689,0.003213,120.494689,120.494689,0.0,0.0,0.673111
2353,09-Mar-01,24:00:00,102.401931,0.003854,102.201931,102.201931,0.0,0.0,0.664626
2354,10-Mar-01,24:00:00,86.500112,0.004176,86.300112,86.300112,0.0,0.0,0.655105
2355,11-Mar-01,24:00:00,72.868925,0.004317,72.668925,72.668925,0.0,0.0,0.644842
2356,12-Mar-01,24:00:00,61.306005,0.00471,61.106005,61.106005,0.0,0.0,0.634213
2357,13-Mar-01,24:00:00,51.530986,0.004653,51.350153,51.350153,0.0,0.0,0.622993
2358,14-Mar-01,24:00:00,44.105374,0.002715,43.139541,43.139541,0.0,0.0,0.613798
2359,15-Mar-01,24:00:00,59.278852,0.00444,36.237185,36.237185,0.0,0.0,0.605564
2360,16-Mar-01,24:00:00,147.395854,0.003274,30.43752,30.43752,0.0,0.0,0.596078
2361,17-Mar-01,24:00:00,162.85712,0.005303,25.565454,25.565454,0.0,0.0,0.586036
2362,18-Mar-01,24:00:00,160.431352,0.004858,21.473018,21.473018,0.0,0.0,0.573652
2363,19-Mar-01,24:00:00,157.993936,0.004743,18.035602,18.035602,0.0,0.0,0.561955
2364,20-Mar-01,24:00:00,152.27342,0.004986,15.14842,15.14842,0.0,0.0,0.550372
2365,21-Mar-01,24:00:00,205.306746,0.002402,12.723413,12.723413,0.0,0.0,0.541565
2366,22-Mar-01,24:00:00,261.269938,0.003886,10.686604,10.686604,0.0,0.0,0.534257
2367,23-Mar-01,24:00:00,258.631792,0.001481,14.256792,8.975854,0.018169,0.0,0.539116
2368,24-Mar-01,24:00:00,327.944092,0.003461,13.027425,7.538971,0.0,0.0,0.570117
2369,25-Mar-01,24:00:00,313.793549,0.00452,6.335216,6.332108,0.0,0.0,0.566157
2370,26-Mar-01,24:00:00,304.651778,0.005349,5.318444,5.318444,0.0,0.0,0.55523
2371,27-Mar-01,24:00:00,321.675383,0.004341,4.46705,4.46705,0.0,0.0,0.543051
2372,28-Mar-01,24:00:00,329.418615,0.003082,3.751948,3.751948,0.0,0.0,0.533852
2373,29-Mar-01,24:00:00,328.192989,0.006554,3.151322,3.151322,0.0,0.0,0.523226
2374,30-Mar-01,24:00:00,328.60518,0.006416,2.646847,2.646847,0.0,0.0,0.507615
2375,31-Mar-01,24:00:00,328.22313,0.005497,2.22313,2.22313,0.0,0.0,0.493078
2376,01-Apr-01,24:00:00,327.867243,0.003992,1.867243,1.867243,0.0,0.0,0.48144
2377,02-Apr-01,24:00:00,308.401661,0.004223,1.568328,1.568328,0.0,0.0,0.471498
2378,03-Apr-01,24:00:00,291.025597,0.004428,1.317264,1.317264,0.0,0.0,0.461494
2379,04-Apr-01,24:00:00,288.189725,0.005526,1.106391,1.106391,0.0,0.0,0.449543
2380,05-Apr-01,24:00:00,291.762609,0.00172,0.929276,0.929276,0.0,0.0,0.440498
2381,06-Apr-01,24:00:00,294.655514,0.00353,0.780514,0.780514,0.0,0.0,0.434343
2382,07-Apr-01,24:00:00,289.8639,0.002363,0.655566,0.655566,0.0,0.0,0.426963
2383,08-Apr-01,24:00:00,285.717288,0.004582,0.550621,0.550621,0.0,0.0,0.419151
2384,09-Apr-01,24:00:00,280.670809,0.004634,0.462476,0.462476,0.0,0.0,0.408415
2385,10-Apr-01,24:00:00,277.513441,0.003714,0.388441,0.388441,0.0,0.0,0.399705
2386,11-Apr-01,24:00:00,273.492924,0.005338,0.326258,0.326258,0.0,0.0,0.390717
2387,12-Apr-01,24:00:00,261.774029,0.004488,0.274029,0.274029,0.0,0.0,0.381566
2388,13-Apr-01,24:00:00,232.480162,0.005034,0.230162,0.230162,0.0,0.0,0.37363
2389,14-Apr-01,24:00:00,217.77665,0.005414,0.193316,0.193316,0.0,0.0,0.36591
2390,15-Apr-01,24:00:00,176.91237,0.003941,0.16237,0.16237,0.0,0.0,0.358855
2391,16-Apr-01,24:00:00,162.678044,0.005139,0.136377,0.136377,0.0,0.0,0.355497
2392,17-Apr-01,24:00:00,159.239545,0.002435,0.114545,0.114545,0.0,0.0,0.352178
2393,18-Apr-01,24:00:00,158.137875,0.003922,0.096208,0.096208,0.0,0.0,0.348314
2394,19-Apr-01,24:00:00,173.11857,0.001753,6.49357,0.080807,0.011787,0.0,0.36244
2395,20-Apr-01,24:00:00,166.685118,0.005375,0.643451,0.067871,0.0,0.0,0.372853
2396,21-Apr-01,24:00:00,146.890339,0.005426,0.057006,0.057006,0.0,0.0,0.366909
2397,22-Apr-01,24:00:00,136.464547,0.006103,0.04788,0.04788,0.0,0.0,0.358519
2398,23-Apr-01,24:00:00,137.956882,0.007039,0.040216,0.040216,0.0,0.0,0.350186
2399,24-Apr-01,24:00:00,146.658778,0.007118,0.033778,0.033778,0.0,0.0,0.341687
2400,25-Apr-01,24:00:00,143.195037,0.007331,0.02837,0.02837,0.0,0.0,0.333472
2401,26-Apr-01,24:00:00,141.107162,0.005583,0.023829,0.023829,0.0,0.0,0.32594
2402,27-Apr-01,24:00:00,140.061681,0.005124,0.020014,0.020014,0.0,0.0,0.320215
2403,28-Apr-01,24:00:00,139.058477,0.006766,0.01681,0.01681,0.0,0.0,0.313691
2404,29-Apr-01,24:00:00,138.055786,0.006979,0.014119,0.014119,0.0,0.0,0.306344
2405,30-Apr-01,24:00:00,137.053526,0.006816,0.011859,0.011859,0.0,0.0,0.299162
2406,01-May-01,24:00:00,135.093294,0.007076,0.00996,0.00996,0.0,0.0,0.292159
2407,02-May-01,24:00:00,132.133366,0.006601,0.008366,0.008366,0.0,0.0,0.285211
2408,03-May-01,24:00:00,134.882027,0.008086,0.007027,0.007027,0.0,0.0,0.278404
2409,04-May-01,24:00:00,135.005902,0.007895,0.005902,0.005902,0.0,0.0,0.270804
2410,05-May-01,24:00:00,134.046624,0.007981,0.004957,0.004957,0.0,0.0,0.263512
2411,06-May-01,24:00:00,134.004164,0.007975,0.004164,0.004164,0.0,0.0,0.256338
2412,07-May-01,24:00:00,133.045164,0.008515,0.003497,0.003497,0.0,0.0,0.249215
2413,08-May-01,24:00:00,133.002937,0.008484,0.002937,0.002937,0.0,0.0,0.242059
2414,09-May-01,24:00:00,132.044134,0.008018,0.002467,0.002467,0.0,0.0,0.235232
2415,10-May-01,24:00:00,131.043739,0.008333,0.002072,0.002072,0.0,0.0,0.228812
2416,11-May-01,24:00:00,129.085074,0.005933,0.00174,0.00174,0.0,0.0,0.223141
2417,12-May-01,24:00:00,129.959795,0.006266,0.001462,0.001462,0.0,0.0,0.218606
2418,13-May-01,24:00:00,121.376228,0.005925,0.001228,0.001228,0.0,0.0,0.214011
2419,14-May-01,24:00:00,117.167698,0.00365,0.001031,0.001031,0.0,0.0,0.210505
2420,15-May-01,24:00:00,120.834199,0.0073,0.000866,0.000866,0.0,0.0,0.206644
2421,16-May-01,24:00:00,140.167394,0.008286,0.000727,0.000727,0.0,0.0,0.201328
2422,17-May-01,24:00:00,149.625611,0.008195,0.000611,0.000611,0.0,0.0,0.195582
2423,18-May-01,24:00:00,142.333846,0.008633,0.000513,0.000513,0.0,0.0,0.19004
2424,19-May-01,24:00:00,140.083764,0.008701,0.000431,0.000431,0.0,0.0,0.184441
2425,20-May-01,24:00:00,137.125362,0.009327,0.000362,0.000362,0.0,0.0,0.178891
2426,21-May-01,24:00:00,144.666971,0.008958,0.000304,0.000304,0.0,0.0,0.173371
2427,22-May-01,24:00:00,147.875255,0.00936,0.000255,0.000255,0.0,0.0,0.168027
2428,23-May-01,24:00:00,148.958548,0.008966,0.000214,0.000214,0.0,0.0,0.162783
2429,24-May-01,24:00:00,148.041847,0.007682,0.00018,0.00018,0.0,0.0,0.158127
2430,25-May-01,24:00:00,136.500151,0.008047,0.000151,0.000151,0.0,0.0,0.153942
2431,26-May-01,24:00:00,134.08346,0.006091,0.000127,0.000127,0.0,0.0,0.150337
2432,27-May-01,24:00:00,134.000107,0.007796,0.000107,0.000107,0.0,0.0,0.146751
2433,28-May-01,24:00:00,132.083423,0.00825,9e-05,9e-05,0.0,0.0,0.142731
2434,29-May-01,24:00:00,133.916742,0.008541,7.5e-05,7.5e-05,0.0,0.0,0.138674
2435,30-May-01,24:00:00,127.29173,0.008847,6.3e-05,6.3e-05,0.0,0.0,0.134591
2436,31-May-01,24:00:00,117.991718,0.008543,5.3e-05,5.3e-05,0.0,0.0,0.130654
2437,01-Jun-01,24:00:00,124.500047,0.007584,4.5e-05,4.5e-05,0.0,0.0,0.127043
2438,02-Jun-01,24:00:00,124.800041,0.007892,3.7e-05,3.7e-05,0.0,0.0,0.123705
2439,03-Jun-01,24:00:00,131.700032,0.008594,3.1e-05,3.1e-05,0.0,0.0,0.120339
2440,04-Jun-01,24:00:00,126.633361,0.008008,2.6e-05,2.6e-05,0.0,0.0,0.11688
2441,05-Jun-01,24:00:00,107.233357,0.008741,2.2e-05,2.2e-05,0.0,0.0,0.113662
2442,06-Jun-01,24:00:00,106.40002,0.009237,1.9e-05,1.9e-05,0.0,0.0,0.110203
2443,07-Jun-01,24:00:00,105.633348,0.009109,1.6e-05,1.6e-05,0.0,0.0,0.106793
2444,08-Jun-01,24:00:00,104.833349,0.008678,1.3e-05,1.3e-05,0.0,0.0,0.103572
2445,09-Jun-01,24:00:00,107.866678,0.008082,1.1e-05,1.1e-05,0.0,0.0,0.100602
2446,10-Jun-01,24:00:00,113.366674,0.008015,9e-06,9e-06,0.0,0.0,0.097848
2447,11-Jun-01,24:00:00,114.366676,0.008268,8e-06,8e-06,0.0,0.0,0.095147
2448,12-Jun-01,24:00:00,106.733341,0.008608,7e-06,7e-06,0.0,0.0,0.092448
2449,13-Jun-01,24:00:00,80.333343,0.008813,6e-06,6e-06,0.0,0.0,0.089723
2450,14-Jun-01,24:00:00,75.366676,0.009017,5e-06,5e-06,0.0,0.0,0.087031
2451,15-Jun-01,24:00:00,77.500003,0.009724,4e-06,4e-06,0.0,0.0,0.084316
2452,16-Jun-01,24:00:00,76.06667,0.010225,3e-06,3e-06,0.0,0.0,0.081511
2453,17-Jun-01,24:00:00,75.23334,0.009101,3e-06,3e-06,0.0,0.0,0.078774
2454,18-Jun-01,24:00:00,74.433337,0.009744,2e-06,2e-06,0.0,0.0,0.076297
2455,19-Jun-01,24:00:00,72.866672,0.009897,2e-06,2e-06,0.0,0.0,0.073759
2456,20-Jun-01,24:00:00,74.333336,0.009266,2e-06,2e-06,0.0,0.0,0.071347
2457,21-Jun-01,24:00:00,74.400003,0.009204,1e-06,1e-06,0.0,0.0,0.069126
2458,22-Jun-01,24:00:00,71.333339,0.00983,1e-06,1e-06,0.0,0.0,0.06696
2459,23-Jun-01,24:00:00,71.966668,0.00795,1e-06,1e-06,0.0,0.0,0.064894
2460,24-Jun-01,24:00:00,73.533332,0.006378,1e-06,1e-06,0.0,0.0,0.063253
2461,25-Jun-01,24:00:00,75.077562,0.003525,2.244226,1e-06,0.006622,0.0,0.068161
2462,26-Jun-01,24:00:00,81.439656,0.00265,8.639653,1e-06,0.012073,0.0,0.100794
2463,27-Jun-01,24:00:00,73.000489,0.005921,0.200486,0.0,0.0,0.0,0.106761
2464,28-Jun-01,24:00:00,72.800003,0.008819,0.0,0.0,0.0,0.0,0.104414
2465,29-Jun-01,24:00:00,72.800003,0.009435,0.0,0.0,0.0,0.0,0.101214
2466,30-Jun-01,24:00:00,72.800003,0.009352,0.0,0.0,0.0,0.0,0.097968
2467,01-Jul-01,24:00:00,72.800003,0.00904,0.0,0.0,0.0,0.0,0.094892
2468,02-Jul-01,24:00:00,72.800003,0.00968,0.0,0.0,0.0,0.0,0.091912
2469,03-Jul-01,24:00:00,72.800003,0.010155,0.0,0.0,0.0,0.0,0.088881
2470,04-Jul-01,24:00:00,72.800003,0.007838,0.0,0.0,0.0,0.0,0.086079
2471,05-Jul-01,24:00:00,72.033333,0.009463,0.0,0.0,0.0,0.0,0.083643
2472,06-Jul-01,24:00:00,71.233338,0.008962,0.0,0.0,0.0,0.0,0.080995
2473,07-Jul-01,24:00:00,71.200005,0.00925,0.0,0.0,0.0,0.0,0.078537
2474,08-Jul-01,24:00:00,71.200005,0.008592,0.0,0.0,0.0,0.0,0.076164
2475,09-Jul-01,24:00:00,71.966667,0.007428,0.0,0.0,0.0,0.0,0.074082
2476,10-Jul-01,24:00:00,71.233338,0.006414,0.0,0.0,0.0,0.0,0.072346
2477,11-Jul-01,24:00:00,71.200005,0.007302,0.0,0.0,0.0,0.0,0.070673
2478,12-Jul-01,24:00:00,71.200005,0.009306,0.0,0.0,0.0,0.0,0.068692
2479,13-Jul-01,24:00:00,71.200005,0.008384,0.0,0.0,0.0,0.0,0.066605
2480,14-Jul-01,24:00:00,71.200005,0.008969,0.0,0.0,0.0,0.0,0.064696
2481,15-Jul-01,24:00:00,71.200005,0.007289,0.0,0.0,0.0,0.0,0.062846
2482,16-Jul-01,24:00:00,71.200005,0.008476,0.0,0.0,0.0,0.0,0.061216
2483,17-Jul-01,24:00:00,71.200005,0.008761,0.0,0.0,0.0,0.0,0.059436
2484,18-Jul-01,24:00:00,70.433335,0.007911,0.0,0.0,0.0,0.0,0.057743
2485,19-Jul-01,24:00:00,70.400002,0.007645,0.0,0.0,0.0,0.0,0.056217
2486,20-Jul-01,24:00:00,70.400002,0.007911,0.0,0.0,0.0,0.0,0.054737
2487,21-Jul-01,24:00:00,70.400002,0.008676,0.0,0.0,0.0,0.0,0.053206
2488,22-Jul-01,24:00:00,70.400002,0.009377,0.0,0.0,0.0,0.0,0.051608
2489,23-Jul-01,24:00:00,70.400002,0.009454,0.0,0.0,0.0,0.0,0.049949
2490,24-Jul-01,24:00:00,70.400002,0.008749,0.0,0.0,0.0,0.0,0.048416
2491,25-Jul-01,24:00:00,71.166672,0.008044,0.0,0.0,0.0,0.0,0.047041
2492,26-Jul-01,24:00:00,71.200005,0.00873,0.0,0.0,0.0,0.0,0.045694
2493,27-Jul-01,24:00:00,71.200005,0.008902,0.0,0.0,0.0,0.0,0.044341
2494,28-Jul-01,24:00:00,71.200005,0.009071,0.0,0.0,0.0,0.0,0.043011
2495,29-Jul-01,24:00:00,71.200005,0.006581,0.0,0.0,0.0,0.0,0.041806
2496,30-Jul-01,24:00:00,71.200005,0.008347,0.0,0.0,0.0,0.0,0.040782
2497,31-Jul-01,24:00:00,73.499998,0.008894,0.0,0.0,0.0,0.0,0.039832
2498,01-Aug-01,24:00:00,72.066667,0.008368,0.0,0.0,0.0,0.0,0.038801
2499,02-Aug-01,24:00:00,71.233338,0.007648,0.0,0.0,0.0,0.0,0.037736
2500,03-Aug-01,24:00:00,69.666665,0.006543,0.0,0.0,0.0,0.0,0.036833
2501,04-Aug-01,24:00:00,71.133338,0.007839,0.0,0.0,0.0,0.0,0.035933
2502,05-Aug-01,24:00:00,70.433335,0.008325,0.0,0.0,0.0,0.0,0.034955
2503,06-Aug-01,24:00:00,70.400002,0.008574,0.0,0.0,0.0,0.0,0.033953
2504,07-Aug-01,24:00:00,72.700003,0.009143,0.0,0.0,0.0,0.0,0.032947
2505,08-Aug-01,24:00:00,75.100005,0.008199,0.0,0.0,0.0,0.0,0.031974
2506,09-Aug-01,24:00:00,74.433335,0.006241,0.0,0.0,0.0,0.0,0.031194
2507,10-Aug-01,24:00:00,74.400002,0.007882,0.0,0.0,0.0,0.0,0.03044
2508,11-Aug-01,24:00:00,75.166672,0.00683,0.0,0.0,0.0,0.0,0.029674
2509,12-Aug-01,24:00:00,75.200005,0.006931,0.0,0.0,0.0,0.0,0.02899
2510,13-Aug-01,24:00:00,75.200005,0.007956,0.0,0.0,0.0,0.0,0.028256
2511,14-Aug-01,24:00:00,75.200005,0.00825,0.0,0.0,0.0,0.0,0.027486
2512,15-Aug-01,24:00:00,75.200005,0.008204,0.0,0.0,0.0,0.0,0.026716
2513,16-Aug-01,24:00:00,73.666665,0.008701,0.0,0.0,0.0,0.0,0.02596
2514,17-Aug-01,24:00:00,72.066667,0.008263,0.0,0.0,0.0,0.0,0.025208
2515,18-Aug-01,24:00:00,71.233338,0.007957,0.0,0.0,0.0,0.0,0.024509
2516,19-Aug-01,24:00:00,70.433335,0.007234,0.0,0.0,0.0,0.0,0.023884
2517,20-Aug-01,24:00:00,71.166672,0.006926,0.0,0.0,0.0,0.0,0.023301
2518,21-Aug-01,24:00:00,71.200005,0.004448,0.0,0.0,0.0,0.0,0.022852
2519,22-Aug-01,24:00:00,71.200005,0.004605,0.0,0.0,0.0,0.0,0.022502
2520,23-Aug-01,24:00:00,70.433335,0.007562,0.0,0.0,0.0,0.0,0.022046
2521,24-Aug-01,24:00:00,71.166672,0.007556,0.0,0.0,0.0,0.0,0.021477
2522,25-Aug-01,24:00:00,71.200005,0.007988,0.0,0.0,0.0,0.0,0.020918
2523,26-Aug-01,24:00:00,70.433335,0.008679,0.0,0.0,0.0,0.0,0.020333
2524,27-Aug-01,24:00:00,70.400002,0.008743,0.0,0.0,0.0,0.0,0.019736
2525,28-Aug-01,24:00:00,70.400002,0.00753,0.0,0.0,0.0,0.0,0.019169
2526,29-Aug-01,24:00:00,70.400002,0.006762,0.0,0.0,0.0,0.0,0.018714
2527,30-Aug-01,24:00:00,70.400002,0.00703,0.0,0.0,0.0,0.0,0.018274
2528,31-Aug-01,24:00:00,70.400002,0.007005,0.0,0.0,0.0,0.0,0.017836
2529,01-Sep-01,24:00:00,71.933333,0.00731,0.0,0.0,0.0,0.0,0.017408
2530,02-Sep-01,24:00:00,73.533331,0.00718,0.0,0.0,0.0,0.0,0.016979
2531,03-Sep-01,24:00:00,73.599998,0.007049,0.0,0.0,0.0,0.0,0.016569
2532,04-Sep-01,24:00:00,73.599998,0.007098,0.0,0.0,0.0,0.0,0.016171
2533,05-Sep-01,24:00:00,72.833336,0.006106,0.0,0.0,0.0,0.0,0.015801
2534,06-Sep-01,24:00:00,72.800003,0.007547,0.0,0.0,0.0,0.0,0.015448
2535,07-Sep-01,24:00:00,72.033333,0.006801,0.0,0.0,0.0,0.0,0.015069
2536,08-Sep-01,24:00:00,72.0,0.004762,0.0,0.0,0.0,0.0,0.014769
2537,09-Sep-01,24:00:00,72.0,0.00563,0.0,0.0,0.0,0.0,0.014507
2538,10-Sep-01,24:00:00,73.533331,0.005329,0.0,0.0,0.0,0.0,0.014233
2539,11-Sep-01,24:00:00,73.599998,0.006404,0.0,0.0,0.0,0.0,0.013953
2540,12-Sep-01,24:00:00,73.599998,0.004092,0.0,0.0,0.0,0.0,0.013705
2541,13-Sep-01,24:00:00,73.599998,0.006521,0.0,0.0,0.0,0.0,0.013457
2542,14-Sep-01,24:00:00,73.599998,0.006667,0.0,0.0,0.0,0.0,0.013159
2543,15-Sep-01,24:00:00,73.599998,0.006136,0.0,0.0,0.0,0.0,0.012868
2544,16-Sep-01,24:00:00,75.9,0.006356,0.0,0.0,0.0,0.0,0.012597
2545,17-Sep-01,24:00:00,75.233338,0.005843,0.0,0.0,0.0,0.0,0.012332
2546,18-Sep-01,24:00:00,73.666665,0.006143,0.0,0.0,0.0,0.0,0.012083
2547,19-Sep-01,24:00:00,74.366668,0.005988,0.0,0.0,0.0,0.0,0.011835
2548,20-Sep-01,24:00:00,75.166672,0.005839,0.0,0.0,0.0,0.0,0.011596
2549,21-Sep-01,24:00:00,75.966667,0.006264,0.0,0.0,0.0,0.0,0.01136
2550,22-Sep-01,24:00:00,74.466669,0.005445,0.0,0.0,0.0,0.0,0.011132
2551,23-Sep-01,24:00:00,75.933333,0.003696,0.0,0.0,0.0,0.0,0.010952
2552,24-Sep-01,24:00:00,78.300002,0.003845,0.0,0.0,0.0,0.0,0.010875
2553,25-Sep-01,24:00:00,80.700003,0.004817,0.0,0.0,0.0,0.0,0.010781
2554,26-Sep-01,24:00:00,79.266672,0.00549,0.0,0.0,0.0,0.0,0.0106
2555,27-Sep-01,24:00:00,78.433335,0.005404,0.0,0.0,0.0,0.0,0.0104
2556,28-Sep-01,24:00:00,76.86667,0.005198,0.0,0.0,0.0,0.0,0.010209
2557,29-Sep-01,24:00:00,76.800003,0.005686,0.0,0.0,0.0,0.0,0.010022
2558,30-Sep-01,24:00:00,94.241667,0.005526,0.0,0.0,0.0,0.0,0.00983
2559,01-Oct-01,24:00:00,92.125,0.006113,0.0,0.0,0.0,0.0,0.00964
2560,02-Oct-01,24:00:00,96.791667,0.005516,0.0,0.0,0.0,0.0,0.009447
2561,03-Oct-01,24:00:00,97.0,0.004074,0.0,0.0,0.0,0.0,0.00929
2562,04-Oct-01,24:00:00,93.166667,0.003385,0.0,0.0,0.0,0.0,0.009171
2563,05-Oct-01,24:00:00,89.166667,0.004069,0.0,0.0,0.0,0.0,0.009055
2564,06-Oct-01,24:00:00,88.041667,0.004302,0.0,0.0,0.0,0.0,0.008925
2565,07-Oct-01,24:00:00,90.875,0.004911,0.0,0.0,0.0,0.0,0.008789
2566,08-Oct-01,24:00:00,85.25,0.004208,0.0,0.0,0.0,0.0,0.008649
2567,09-Oct-01,24:00:00,84.041667,0.004951,0.0,0.0,0.0,0.0,0.008518
2568,10-Oct-01,24:00:00,103.166667,0.00498,0.0,0.0,0.0,0.0,0.008372
2569,11-Oct-01,24:00:00,104.0,0.005125,0.0,0.0,0.0,0.0,0.008228
2570,12-Oct-01,24:00:00,102.083333,0.003845,0.0,0.0,0.0,0.0,0.008098
2571,13-Oct-01,24:00:00,102.958333,0.003921,0.0,0.0,0.0,0.0,0.007992
2572,14-Oct-01,24:00:00,102.041667,0.004788,0.0,0.0,0.0,0.0,0.007881
2573,15-Oct-01,24:00:00,97.208333,0.00399,0.0,0.0,0.0,0.0,0.007756
2574,16-Oct-01,24:00:00,97.958333,0.003569,0.0,0.0,0.0,0.0,0.007656
2575,17-Oct-01,24:00:00,101.833333,0.003769,0.0,0.0,0.0,0.0,0.007561
2576,18-Oct-01,24:00:00,105.833333,0.003857,0.0,0.0,0.0,0.0,0.007463
2577,19-Oct-01,24:00:00,117.5,0.003873,0.0,0.0,0.0,0.0,0.007365
2578,20-Oct-01,24:00:00,120.875,0.003132,0.0,0.0,0.0,0.0,0.007277
2579,21-Oct-01,24:00:00,120.041667,0.004068,0.0,0.0,0.0,0.0,0.007189
2580,22-Oct-01,24:00:00,120.958333,0.003701,0.0,0.0,0.0,0.0,0.007091
2581,23-Oct-01,24:00:00,121.0,0.004354,0.0,0.0,0.0,0.0,0.006997
2582,24-Oct-01,24:00:00,121.0,0.003066,0.0,0.0,0.0,0.0,0.006904
2583,25-Oct-01,24:00:00,122.916667,0.003677,0.0,0.0,0.0,0.0,0.006828
2584,26-Oct-01,24:00:00,123.0,0.0012,0.0,0.0,0.0,0.0,0.006768
2585,27-Oct-01,24:00:00,125.875,0.002601,0.0,0.0,0.0,0.0,0.006723
2586,28-Oct-01,24:00:00,153.059977,0.001133,15.559977,0.0,0.028644,0.0,0.049915
2587,29-Oct-01,24:00:00,148.284447,0.001292,5.49278,0.0,0.007166,0.0,0.08774
2588,30-Oct-01,24:00:00,142.220415,0.0015,0.178748,0.0,0.0,0.0,0.092637
2589,31-Oct-01,24:00:00,151.583333,0.002378,0.0,0.0,0.0,0.0,0.09254
2590,01-Nov-01,24:00:00,150.083333,0.002672,0.0,0.0,0.0,0.0,0.091977
2591,02-Nov-01,24:00:00,155.75,0.002634,0.0,0.0,0.0,0.0,0.091142
2592,03-Nov-01,24:00:00,156.958333,0.002746,0.0,0.0,0.0,0.0,0.090309
2593,04-Nov-01,24:00:00,158.916667,0.002644,0.0,0.0,0.0,0.0,0.089477
2594,05-Nov-01,24:00:00,160.916667,0.002379,0.0,0.0,0.0,0.0,0.08872
2595,06-Nov-01,24:00:00,161.0,0.002223,0.0,0.0,0.0,0.0,0.088008
2596,07-Nov-01,24:00:00,161.0,0.002331,0.0,0.0,0.0,0.0,0.087324
2597,08-Nov-01,24:00:00,162.943633,0.002936,0.026966,0.0,0.004129,0.0,0.086975
2598,09-Nov-01,24:00:00,175.011603,0.001882,11.053269,0.0,0.040679,0.0,0.121185
2599,10-Nov-01,24:00:00,203.727233,0.000792,49.310566,0.0,0.069938,0.0,0.290967
2600,11-Nov-01,24:00:00,178.063218,0.000672,30.771551,0.0,0.042251,0.0,0.427689
2601,12-Nov-01,24:00:00,139.337552,0.000669,1.920885,0.0,0.0,0.0,0.462888
2602,13-Nov-01,24:00:00,174.375,0.000979,0.0,0.0,0.0,0.0,0.462888
2603,14-Nov-01,24:00:00,183.77479,0.001474,0.108124,0.0,0.00021,0.0,0.46314
2604,15-Nov-01,24:00:00,236.724434,0.000714,0.016101,0.0,0.0,0.0,0.463391
2605,16-Nov-01,24:00:00,241.875,0.001493,0.0,0.0,0.0,0.0,0.463391
2606,17-Nov-01,24:00:00,232.416667,0.000842,0.0,0.0,0.0,0.0,0.463391
2607,18-Nov-01,24:00:00,230.083333,0.001474,0.0,0.0,0.0,0.0,0.463391
2608,19-Nov-01,24:00:00,238.060282,0.00158,6.143615,0.0,0.027615,0.0,0.477472
2609,20-Nov-01,24:00:00,252.373139,0.000585,16.539806,0.0,0.018223,0.0,0.543947
2610,21-Nov-01,24:00:00,208.868242,0.001543,4.493242,0.0,0.0,0.0,0.573403
2611,22-Nov-01,24:00:00,586.671241,0.001688,383.671158,0.0,0.021761,0.0,0.60614
2612,23-Nov-01,24:00:00,237.97986,0.000897,32.10486,0.0,0.019777,0.0,0.659868
2613,24-Nov-01,24:00:00,179.581159,0.000927,0.414492,0.0,0.0,0.0,0.673094
2614,25-Nov-01,24:00:00,188.541667,0.001385,0.0,0.0,0.0,0.0,0.673094
2615,26-Nov-01,24:00:00,290.171106,0.001392,17.796106,11.747216,0.017887,0.004896,0.677189
2616,27-Nov-01,24:00:00,1141.731221,0.000762,843.690041,701.220502,0.029193,0.027465,0.701749
2617,28-Nov-01,24:00:00,1260.529148,0.001318,944.279133,895.76282,0.009147,0.012262,0.701221
2618,29-Nov-01,24:00:00,3001.338765,0.001152,2678.588735,1440.843121,0.04909,0.04909,0.70716
2619,30-Nov-01,24:00:00,3081.004583,0.000872,2824.129583,1808.910833,0.039902,0.039902,0.709084
2620,01-Dec-01,24:00:00,1704.379583,0.001041,1432.17125,1391.393333,0.022111,0.022111,0.701216
2621,02-Dec-01,24:00:00,1256.552969,0.000975,990.261043,982.327097,0.011017,0.011017,0.700277
2622,03-Dec-01,24:00:00,746.354386,0.000783,440.104386,439.99345,0.0,0.0,0.7
2623,04-Dec-01,24:00:00,2208.513049,0.00036,1915.846701,1415.429238,0.071075,0.055729,0.716471
2624,05-Dec-01,24:00:00,2192.772917,0.001426,1952.522917,1866.54125,0.005126,0.020472,0.706668
2625,06-Dec-01,24:00:00,963.209333,0.001431,652.376355,652.347614,0.0,0.0,0.7
2626,07-Dec-01,24:00:00,700.332936,0.00146,377.707936,377.707936,0.0,0.0,0.699924
2627,08-Dec-01,24:00:00,615.750894,0.002021,299.459227,299.459227,0.0,0.0,0.697281
2628,09-Dec-01,24:00:00,566.755025,0.002393,252.671692,252.671692,0.0,0.0,0.692293
2629,10-Dec-01,24:00:00,523.16608,0.001524,213.957746,213.957746,0.0,0.0,0.687359
2630,11-Dec-01,24:00:00,489.56615,0.001268,180.56615,180.56615,0.0,0.0,0.683932
2631,12-Dec-01,24:00:00,634.431972,0.000704,324.473639,183.4775,0.01772,0.007978,0.685242
2632,13-Dec-01,24:00:00,2125.667281,0.002417,1812.792163,831.012106,0.012764,0.014523,0.701493
2633,14-Dec-01,24:00:00,598.324323,0.000514,278.615989,277.632661,0.0,0.0,0.7
2634,15-Dec-01,24:00:00,626.107618,0.00051,306.107842,303.322678,0.019967,0.017788,0.700697
2635,16-Dec-01,24:00:00,1796.06375,0.001161,1475.105475,1348.785588,0.022582,0.024761,0.703213
2636,17-Dec-01,24:00:00,787.135778,0.000854,462.30237,460.846895,0.004155,0.004155,0.7
2637,18-Dec-01,24:00:00,872.383359,0.000768,546.424889,540.650401,0.013278,0.013278,0.700219
2638,19-Dec-01,24:00:00,1196.648891,0.000713,869.690894,857.670413,0.013533,0.013533,0.7
2639,20-Dec-01,24:00:00,625.238524,0.000682,375.863524,375.445929,0.0,0.0,0.7
2640,21-Dec-01,24:00:00,1229.77667,0.000672,929.151496,818.214595,0.027148,0.027148,0.701024
2641,22-Dec-01,24:00:00,950.713562,0.000673,646.75499,638.455619,0.001546,0.001546,0.7
2642,23-Dec-01,24:00:00,568.959162,0.001525,265.917495,265.910917,0.0,0.0,0.7
2643,24-Dec-01,24:00:00,490.864886,0.000529,187.864886,187.864886,0.0,0.0,0.7
2644,25-Dec-01,24:00:00,458.561141,0.000679,155.561141,155.561141,0.0,0.0,0.7
2645,26-Dec-01,24:00:00,467.005936,0.001077,164.005936,163.138054,0.002163,0.001962,0.699979
2646,27-Dec-01,24:00:00,748.076141,0.000734,445.076394,438.445519,0.020693,0.020693,0.700048
2647,28-Dec-01,24:00:00,871.212924,0.000852,568.2131,562.164117,0.0,0.0,0.7
2648,29-Dec-01,24:00:00,1071.149296,0.000659,769.107629,453.179806,0.028401,0.024366,0.70337
2649,30-Dec-01,24:00:00,1422.615421,0.000806,1207.823894,914.570543,0.001893,0.005928,0.70014
2650,31-Dec-01,24:00:00,1567.342667,0.000656,1268.175981,1246.485685,0.049223,0.044844,0.701638
2651,01-Jan-02,24:00:00,2762.027083,0.001099,2687.110417,2155.22125,0.045986,0.050364,0.718377
2652,02-Jan-02,24:00:00,1145.266002,0.001209,1041.932909,1038.404676,0.0,0.0,0.7
2653,03-Jan-02,24:00:00,723.186778,0.001467,425.561778,425.561778,0.0,0.0,0.7
2654,04-Jan-02,24:00:00,1095.270876,0.00038,781.604364,770.607576,0.031363,0.031363,0.701336
2655,05-Jan-02,24:00:00,2170.65625,0.000696,1856.65625,1831.09375,0.031165,0.031165,0.70373
2656,06-Jan-02,24:00:00,1023.639239,0.001009,710.597881,710.084662,0.0,0.0,0.7
2657,07-Jan-02,24:00:00,683.194927,0.000942,369.236594,369.236594,0.0,0.0,0.7
2658,08-Jan-02,24:00:00,596.576306,0.001494,283.53464,283.53464,0.0,0.0,0.7
2659,09-Jan-02,24:00:00,551.099972,0.001403,238.099972,238.099972,0.0,0.0,0.698634
2660,10-Jan-02,24:00:00,514.62017,0.00159,201.62017,201.62017,0.0,0.0,0.695113
2661,11-Jan-02,24:00:00,483.22428,0.001785,170.22428,170.22428,0.0,0.0,0.691101
2662,12-Jan-02,24:00:00,457.302858,0.001567,143.344525,143.344525,0.0,0.0,0.687077
2663,13-Jan-02,24:00:00,436.458055,0.002,120.541389,120.541389,0.0,0.0,0.682981
2664,14-Jan-02,24:00:00,416.340586,0.001567,101.298919,101.298919,0.0,0.0,0.678515
2665,15-Jan-02,24:00:00,400.102773,0.001526,85.102773,85.102773,0.0,0.0,0.674801
2666,16-Jan-02,24:00:00,386.486654,0.001824,71.486654,71.486654,0.0,0.0,0.670818
2667,17-Jan-02,24:00:00,375.045548,0.001569,60.045548,60.045548,0.0,0.0,0.666694
2668,18-Jan-02,24:00:00,365.434243,0.001689,50.434243,50.434243,0.0,0.0,0.662865
2669,19-Jan-02,24:00:00,357.360912,0.001209,42.360912,42.360912,0.0,0.0,0.659392
2670,20-Jan-02,24:00:00,351.570744,0.000445,36.570744,35.579756,0.001908,0.0,0.660089
2671,21-Jan-02,24:00:00,345.024124,0.000648,30.024124,29.884077,0.0,0.0,0.662337
2672,22-Jan-02,24:00:00,340.100146,0.001646,25.100146,25.100146,0.0,0.0,0.662337
2673,23-Jan-02,24:00:00,332.248696,0.000612,21.08203,21.08203,0.0,0.0,0.662337
2674,24-Jan-02,24:00:00,322.957143,0.001465,17.707143,17.707143,0.0,0.0,0.661738
2675,25-Jan-02,24:00:00,338.648383,0.001166,22.148383,14.872527,0.012666,0.0,0.684491
2676,26-Jan-02,24:00:00,329.725277,0.001755,12.725277,12.491688,0.0,0.0,0.691176
2677,27-Jan-02,24:00:00,194.283643,0.001332,10.491977,10.491977,0.0,0.0,0.691176
2678,28-Jan-02,24:00:00,145.60405,0.001832,8.812384,8.812384,0.0,0.0,0.689456
2679,29-Jan-02,24:00:00,86.818334,0.001773,7.401668,7.401668,0.0,0.0,0.685311
2680,30-Jan-02,24:00:00,310.341783,0.001829,6.216783,6.216783,0.0,0.0,0.680983
2681,31-Jan-02,24:00:00,319.221577,0.000923,5.221577,5.221577,0.0,0.0,0.677684
2682,01-Feb-02,24:00:00,307.844021,0.001585,4.385688,4.385688,0.0,0.0,0.674744
2683,02-Feb-02,24:00:00,295.18361,0.002007,3.68361,3.68361,0.0,0.0,0.670425
2684,03-Feb-02,24:00:00,291.218924,0.002274,3.093924,3.093924,0.0,0.0,0.665284
2685,04-Feb-02,24:00:00,299.223637,0.001819,2.598637,2.598637,0.0,0.0,0.660314
2686,05-Feb-02,24:00:00,303.015971,0.001482,2.182638,2.182638,0.0,0.0,0.656516
2687,06-Feb-02,24:00:00,347.556956,0.000914,36.973622,1.833233,0.015847,0.0,0.663735
2688,07-Feb-02,24:00:00,340.427633,0.002404,25.5943,1.539765,0.0,0.0,0.691052
2689,08-Feb-02,24:00:00,316.293276,0.002312,1.293276,1.293276,0.0,0.0,0.690467
2690,09-Feb-02,24:00:00,316.086245,0.002761,1.086245,1.086245,0.0,0.0,0.686433
2691,10-Feb-02,24:00:00,315.912355,0.002626,0.912355,0.912355,0.0,0.0,0.679925
2692,11-Feb-02,24:00:00,317.682969,0.002871,0.766302,0.766302,0.0,0.0,0.673357
2693,12-Feb-02,24:00:00,319.560296,0.002361,0.64363,0.64363,0.0,0.0,0.667074
2694,13-Feb-02,24:00:00,319.540595,0.003114,0.540595,0.540595,0.0,0.0,0.660579
2695,14-Feb-02,24:00:00,316.579054,0.001745,0.454054,0.454054,0.0,0.0,0.65472
2696,15-Feb-02,24:00:00,313.312223,0.001349,1.145557,0.381368,0.007138,0.0,0.653239
2697,16-Feb-02,24:00:00,317.705103,0.001744,3.788436,0.320317,0.0,0.0,0.666363
2698,17-Feb-02,24:00:00,307.560707,0.001769,0.26904,0.26904,0.0,0.0,0.666363
2699,18-Feb-02,24:00:00,1397.205636,0.00085,1080.622365,519.467023,0.058661,0.0357,0.697058
2700,19-Feb-02,24:00:00,2169.035833,0.001526,1851.077243,1505.805424,0.015509,0.024454,0.703505
2701,20-Feb-02,24:00:00,731.22336,0.002463,414.181454,413.932663,0.0,0.0,0.7
2702,21-Feb-02,24:00:00,489.814545,0.00315,173.772879,173.772879,0.0,0.0,0.69712
2703,22-Feb-02,24:00:00,443.897436,0.001368,127.897436,127.897436,0.0,0.0,0.691718
2704,23-Feb-02,24:00:00,426.295449,0.002784,108.378783,108.378783,0.0,0.0,0.686786
2705,24-Feb-02,24:00:00,412.553286,0.003304,92.636619,92.636619,0.0,0.0,0.67943
2706,25-Feb-02,24:00:00,398.60508,0.003429,78.60508,78.60508,0.0,0.0,0.671372
2707,26-Feb-02,24:00:00,386.349178,0.003691,66.349178,66.349178,0.0,0.0,0.662921
2708,27-Feb-02,24:00:00,372.020436,0.004252,55.85377,55.85377,0.0,0.0,0.653663
2709,28-Feb-02,24:00:00,361.043082,0.003728,46.959748,46.959748,0.0,0.0,0.643755
2710,01-Mar-02,24:00:00,352.501454,0.003608,39.459787,39.459787,0.0,0.0,0.63504
2711,02-Mar-02,24:00:00,347.107722,0.003669,33.149388,33.149388,0.0,0.0,0.626323
2712,03-Mar-02,24:00:00,340.886761,0.003854,27.845094,27.845094,0.0,0.0,0.617353
2713,04-Mar-02,24:00:00,337.283447,0.00201,24.283447,23.388425,0.00628,0.0,0.613442
2714,05-Mar-02,24:00:00,317.986493,0.001496,29.903159,19.64465,0.017283,0.0,0.64043
2715,06-Mar-02,24:00:00,334.225792,0.002217,23.267459,16.500008,0.007071,0.0,0.67743
2716,07-Mar-02,24:00:00,326.101239,0.003127,14.101239,13.858686,0.0,0.0,0.682581
2717,08-Mar-02,24:00:00,349.513199,0.002329,37.513199,34.811294,0.015566,0.005576,0.683993
2718,09-Mar-02,24:00:00,712.966271,0.002021,400.966271,390.529912,0.006658,0.006658,0.7
2719,10-Mar-02,24:00:00,407.630848,0.003822,95.630848,95.592235,0.0,0.0,0.698484
2720,11-Mar-02,24:00:00,353.895125,0.00305,42.853458,42.853458,0.0,0.0,0.692708
2721,12-Mar-02,24:00:00,343.27468,0.002439,32.27468,32.27468,0.0,0.0,0.685946
2722,13-Mar-02,24:00:00,337.416134,0.003446,27.374468,27.374468,0.0,0.0,0.679013
2723,14-Mar-02,24:00:00,333.355621,0.00355,23.355621,23.355621,0.0,0.0,0.671566
2724,15-Mar-02,24:00:00,329.793469,0.00311,19.793469,19.793469,0.0,0.0,0.66786
2725,16-Mar-02,24:00:00,326.696837,0.002484,16.696837,16.696837,0.0,0.0,0.663378
2726,17-Mar-02,24:00:00,324.051552,0.00382,14.051552,14.051552,0.0,0.0,0.655807
2727,18-Mar-02,24:00:00,321.812465,0.004342,11.812465,11.812465,0.0,0.0,0.646087
2728,19-Mar-02,24:00:00,322.800313,0.004006,9.925313,9.925313,0.0,0.0,0.636085
2729,20-Mar-02,24:00:00,324.212846,0.004979,8.337846,8.337846,0.0,0.0,0.625511
2730,21-Mar-02,24:00:00,327.194087,0.001205,13.110754,7.003614,0.011937,0.0,0.633298
2731,22-Mar-02,24:00:00,327.252997,0.00227,15.169664,5.882643,0.014995,0.0,0.674242
2732,23-Mar-02,24:00:00,271.514798,0.003938,5.514798,4.941002,0.0,0.0,0.683105
2733,24-Mar-02,24:00:00,294.025057,0.003231,4.150057,4.150057,0.0,0.0,0.678761
2734,25-Mar-02,24:00:00,273.402378,0.004549,3.485711,3.485711,0.0,0.0,0.669365
2735,26-Mar-02,24:00:00,270.969376,0.004819,2.927709,2.927709,0.0,0.0,0.658148
2736,27-Mar-02,24:00:00,268.542365,0.005872,2.459032,2.459032,0.0,0.0,0.645477
2737,28-Mar-02,24:00:00,264.232048,0.006032,2.065382,2.065382,0.0,0.0,0.631255
2738,29-Mar-02,24:00:00,260.859748,0.005775,1.734748,1.734748,0.0,0.0,0.616992
2739,30-Mar-02,24:00:00,257.582043,0.005702,1.457043,1.457043,0.0,0.0,0.603147
2740,31-Mar-02,24:00:00,232.307127,0.00602,1.223794,1.223794,0.0,0.0,0.589209
2741,01-Apr-02,24:00:00,158.194551,0.005574,1.027885,1.027885,0.0,0.0,0.57524
2742,02-Apr-02,24:00:00,123.238337,0.003264,0.863337,0.863337,0.0,0.0,0.564664
2743,03-Apr-02,24:00:00,127.475131,0.001936,0.725131,0.725131,0.0,0.0,0.558135
2744,04-Apr-02,24:00:00,119.942382,0.002648,0.609049,0.609049,0.0,0.0,0.552306
2745,05-Apr-02,24:00:00,122.38655,0.004656,0.51155,0.51155,0.0,0.0,0.544023
2746,06-Apr-02,24:00:00,118.596326,0.005326,0.429659,0.429659,0.0,0.0,0.532219
2747,07-Apr-02,24:00:00,122.194211,0.004796,0.360878,0.360878,0.0,0.0,0.519704
2748,08-Apr-02,24:00:00,126.13644,0.001926,0.303107,0.303107,0.0,0.0,0.511681
2749,09-Apr-02,24:00:00,134.879585,0.005682,0.254585,0.254585,0.0,0.0,0.50262
2750,10-Apr-02,24:00:00,112.21383,0.00304,0.21383,0.21383,0.0,0.0,0.492308
2751,11-Apr-02,24:00:00,113.096266,0.006483,0.179599,0.179599,0.0,0.0,0.480933
2752,12-Apr-02,24:00:00,122.734182,0.006818,0.150848,0.150848,0.0,0.0,0.465076
2753,13-Apr-02,24:00:00,124.085033,0.005303,0.1267,0.1267,0.0,0.0,0.450455
2754,14-Apr-02,24:00:00,122.189751,0.005238,0.106417,0.106417,0.0,0.0,0.437139
2755,15-Apr-02,24:00:00,129.470973,0.002073,0.76264,0.089382,0.002577,0.0,0.430165
2756,16-Apr-02,24:00:00,130.887967,0.00346,0.929634,0.075073,0.0,0.0,0.433054
2757,17-Apr-02,24:00:00,125.271388,0.004347,0.063055,0.063055,0.0,0.0,0.429089
2758,18-Apr-02,24:00:00,125.052961,0.005794,0.052961,0.052961,0.0,0.0,0.417838
2759,19-Apr-02,24:00:00,125.044483,0.005691,0.044483,0.044483,0.0,0.0,0.404933
2760,20-Apr-02,24:00:00,125.037362,0.005962,0.037362,0.037362,0.0,0.0,0.393166
2761,21-Apr-02,24:00:00,120.239714,0.006592,0.031381,0.031381,0.0,0.0,0.3815
2762,22-Apr-02,24:00:00,119.068024,0.006775,0.026357,0.026357,0.0,0.0,0.370492
2763,23-Apr-02,24:00:00,117.105471,0.004149,0.022138,0.022138,0.0,0.0,0.362019
2764,24-Apr-02,24:00:00,109.351927,0.006574,0.018594,0.018594,0.0,0.0,0.35509
2765,25-Apr-02,24:00:00,94.640617,0.005605,0.015617,0.015617,0.0,0.0,0.347561
2766,26-Apr-02,24:00:00,91.138117,0.003901,0.013117,0.013117,0.0,0.0,0.341716
2767,27-Apr-02,24:00:00,90.052684,0.003366,0.011017,0.011017,0.0,0.0,0.337409
2768,28-Apr-02,24:00:00,92.884254,0.002096,0.009254,0.009254,0.0,0.0,0.334272
2769,29-Apr-02,24:00:00,93.966106,0.002292,0.007772,0.007772,0.0,0.0,0.331839
2770,30-Apr-02,24:00:00,94.964861,0.004542,0.006528,0.006528,0.0,0.0,0.328032
2771,01-May-02,24:00:00,93.088816,0.006629,0.005483,0.005483,0.0,0.0,0.321852
2772,02-May-02,24:00:00,93.004605,0.00569,0.004605,0.004605,0.0,0.0,0.31526
2773,03-May-02,24:00:00,92.045535,0.007136,0.003868,0.003868,0.0,0.0,0.308315
2774,04-May-02,24:00:00,91.044916,0.007783,0.003249,0.003249,0.0,0.0,0.300625
2775,05-May-02,24:00:00,90.044395,0.007009,0.002729,0.002729,0.0,0.0,0.293039
2776,06-May-02,24:00:00,93.835625,0.006228,0.002292,0.002292,0.0,0.0,0.286316
2777,07-May-02,24:00:00,91.126925,0.007073,0.001925,0.001925,0.0,0.0,0.279987
2778,08-May-02,24:00:00,85.251617,0.006995,0.001617,0.001617,0.0,0.0,0.273308
2779,09-May-02,24:00:00,85.001358,0.006138,0.001358,0.001358,0.0,0.0,0.26693
2780,10-May-02,24:00:00,91.709474,0.00716,0.001141,0.001141,0.0,0.0,0.261152
2781,11-May-02,24:00:00,96.792625,0.007702,0.000958,0.000958,0.0,0.0,0.2547
2782,12-May-02,24:00:00,97.959138,0.006771,0.000805,0.000805,0.0,0.0,0.248398
2783,13-May-02,24:00:00,133.459009,0.007433,0.000676,0.000676,0.0,0.0,0.242386
2784,14-May-02,24:00:00,135.000568,0.008135,0.000568,0.000568,0.0,0.0,0.236116
2785,15-May-02,24:00:00,133.08381,0.00749,0.000477,0.000477,0.0,0.0,0.22979
2786,16-May-02,24:00:00,130.1254,0.007651,0.0004,0.0004,0.0,0.0,0.223843
2787,17-May-02,24:00:00,128.08367,0.006177,0.000336,0.000336,0.0,0.0,0.218585
2788,18-May-02,24:00:00,132.791949,0.002858,0.000282,0.000282,0.0,0.0,0.215046
2789,19-May-02,24:00:00,143.496456,0.002649,3.788123,0.000237,0.008421,0.0,0.223525
2790,20-May-02,24:00:00,96.163315,0.003473,1.204982,0.000199,0.0,0.0,0.234178
2791,21-May-02,24:00:00,91.083501,0.006504,0.000167,0.000167,0.0,0.0,0.232126
2792,22-May-02,24:00:00,91.958474,0.007406,0.000141,0.000141,0.0,0.0,0.226872
2793,23-May-02,24:00:00,92.000118,0.007867,0.000118,0.000118,0.0,0.0,0.220989
2794,24-May-02,24:00:00,92.000099,0.008343,9.9e-05,9.9e-05,0.0,0.0,0.214998
2795,25-May-02,24:00:00,88.16675,0.007657,8.3e-05,8.3e-05,0.0,0.0,0.209097
2796,26-May-02,24:00:00,89.916737,0.004359,7e-05,7e-05,0.0,0.0,0.204671
2797,27-May-02,24:00:00,91.916725,0.007383,5.9e-05,5.9e-05,0.0,0.0,0.200726
2798,28-May-02,24:00:00,86.250049,0.008816,4.9e-05,4.9e-05,0.0,0.0,0.195339
2799,29-May-02,24:00:00,99.416708,0.009275,4.1e-05,4.1e-05,0.0,0.0,0.189366
2800,30-May-02,24:00:00,91.375035,0.008379,3.5e-05,3.5e-05,0.0,0.0,0.183628
2801,31-May-02,24:00:00,76.625029,0.007835,2.9e-05,2.9e-05,0.0,0.0,0.178629
2802,01-Jun-02,24:00:00,76.000025,0.007878,2.5e-05,2.5e-05,0.0,0.0,0.173867
2803,02-Jun-02,24:00:00,76.76669,0.008716,2.1e-05,2.1e-05,0.0,0.0,0.16907
2804,03-Jun-02,24:00:00,72.200017,0.009402,1.7e-05,1.7e-05,0.0,0.0,0.163866
2805,04-Jun-02,24:00:00,72.000015,0.009949,1.5e-05,1.5e-05,0.0,0.0,0.158532
2806,05-Jun-02,24:00:00,70.46668,0.009686,1.2e-05,1.2e-05,0.0,0.0,0.15336
2807,06-Jun-02,24:00:00,72.700013,0.009334,1e-05,1e-05,0.0,0.0,0.148368
2808,07-Jun-02,24:00:00,73.566674,0.008977,9e-06,9e-06,0.0,0.0,0.143571
2809,08-Jun-02,24:00:00,72.833343,0.008392,7e-06,7e-06,0.0,0.0,0.139446
2810,09-Jun-02,24:00:00,72.800009,0.008375,6e-06,6e-06,0.0,0.0,0.135512
2811,10-Jun-02,24:00:00,72.033339,0.008983,5e-06,5e-06,0.0,0.0,0.131562
2812,11-Jun-02,24:00:00,71.233342,0.008488,4e-06,4e-06,0.0,0.0,0.127716
2813,12-Jun-02,24:00:00,71.200008,0.008236,4e-06,4e-06,0.0,0.0,0.124065
2814,13-Jun-02,24:00:00,71.200008,0.007748,3e-06,3e-06,0.0,0.0,0.120718
2815,14-Jun-02,24:00:00,71.200007,0.008244,3e-06,3e-06,0.0,0.0,0.117439
2816,15-Jun-02,24:00:00,71.200007,0.008458,2e-06,2e-06,0.0,0.0,0.114141
2817,16-Jun-02,24:00:00,72.733338,0.008644,2e-06,2e-06,0.0,0.0,0.110826
2818,17-Jun-02,24:00:00,73.566667,0.007228,2e-06,2e-06,0.0,0.0,0.10787
2819,18-Jun-02,24:00:00,72.833337,0.008905,1e-06,1e-06,0.0,0.0,0.104916
2820,19-Jun-02,24:00:00,72.033334,0.009085,1e-06,1e-06,0.0,0.0,0.101751
2821,20-Jun-02,24:00:00,74.300002,0.007833,1e-06,1e-06,0.0,0.0,0.098766
2822,21-Jun-02,24:00:00,72.866671,0.008194,1e-06,1e-06,0.0,0.0,0.096125
2823,22-Jun-02,24:00:00,72.033334,0.008347,1e-06,1e-06,0.0,0.0,0.093422
2824,23-Jun-02,24:00:00,72.000001,0.008755,1e-06,1e-06,0.0,0.0,0.090713
2825,24-Jun-02,24:00:00,72.76667,0.00943,0.0,0.0,0.0,0.0,0.087949
2826,25-Jun-02,24:00:00,72.033333,0.008846,0.0,0.0,0.0,0.0,0.085231
2827,26-Jun-02,24:00:00,72.0,0.00932,0.0,0.0,0.0,0.0,0.082623
2828,27-Jun-02,24:00:00,72.0,0.009037,0.0,0.0,0.0,0.0,0.080066
2829,28-Jun-02,24:00:00,72.0,0.008638,0.0,0.0,0.0,0.0,0.077655
2830,29-Jun-02,24:00:00,72.0,0.008682,0.0,0.0,0.0,0.0,0.075381
2831,30-Jun-02,24:00:00,72.0,0.0096,0.0,0.0,0.0,0.0,0.073073
2832,01-Jul-02,24:00:00,72.76667,0.008931,0.0,0.0,0.0,0.0,0.070759
2833,02-Jul-02,24:00:00,73.566666,0.009631,0.0,0.0,0.0,0.0,0.068607
2834,03-Jul-02,24:00:00,72.066667,0.008642,0.0,0.0,0.0,0.0,0.066407
2835,04-Jul-02,24:00:00,70.466669,0.008643,0.0,0.0,0.0,0.0,0.06451
2836,05-Jul-02,24:00:00,71.166672,0.009744,0.0,0.0,0.0,0.0,0.062539
2837,06-Jul-02,24:00:00,74.266669,0.008855,0.0,0.0,0.0,0.0,0.060498
2838,07-Jul-02,24:00:00,74.400002,0.008582,0.0,0.0,0.0,0.0,0.058736
2839,08-Jul-02,24:00:00,75.166672,0.0093,0.0,0.0,0.0,0.0,0.056961
2840,09-Jul-02,24:00:00,73.666666,0.009679,0.0,0.0,0.0,0.0,0.055142
2841,10-Jul-02,24:00:00,72.066667,0.010119,0.0,0.0,0.0,0.0,0.053339
2842,11-Jul-02,24:00:00,72.0,0.010022,0.0,0.0,0.0,0.0,0.051488
2843,12-Jul-02,24:00:00,72.0,0.009337,0.0,0.0,0.0,0.0,0.049802
2844,13-Jul-02,24:00:00,73.533331,0.009533,0.0,0.0,0.0,0.0,0.048234
2845,14-Jul-02,24:00:00,76.666669,0.007728,0.0,0.0,0.0,0.0,0.046817
2846,15-Jul-02,24:00:00,76.033333,0.007953,0.0,0.0,0.0,0.0,0.045562
2847,16-Jul-02,24:00:00,72.933336,0.008777,0.0,0.0,0.0,0.0,0.044283
2848,17-Jul-02,24:00:00,72.033333,0.008769,0.0,0.0,0.0,0.0,0.042963
2849,18-Jul-02,24:00:00,72.76667,0.008739,0.0,0.0,0.0,0.0,0.041684
2850,19-Jul-02,24:00:00,74.333335,0.009471,0.0,0.0,0.0,0.0,0.04042
2851,20-Jul-02,24:00:00,75.933333,0.007614,0.0,0.0,0.0,0.0,0.039226
2852,21-Jul-02,24:00:00,75.233338,0.006397,0.0,0.0,0.0,0.0,0.038281
2853,22-Jul-02,24:00:00,72.133334,0.007941,0.0,0.0,0.0,0.0,0.037371
2854,23-Jul-02,24:00:00,77.366665,0.00804,0.0,0.0,0.0,0.0,0.036361
2855,24-Jul-02,24:00:00,78.366668,0.007648,0.0,0.0,0.0,0.0,0.035383
2856,25-Jul-02,24:00:00,74.566669,0.007546,0.0,0.0,0.0,0.0,0.034469
2857,26-Jul-02,24:00:00,75.166672,0.006504,0.0,0.0,0.0,0.0,0.033649
2858,27-Jul-02,24:00:00,78.266669,0.004446,0.0,0.0,0.0,0.0,0.033021
2859,28-Jul-02,24:00:00,77.633332,0.006194,0.0,0.0,0.0,0.0,0.032429
2860,29-Jul-02,24:00:00,75.300005,0.007351,0.0,0.0,0.0,0.0,0.03167
2861,30-Jul-02,24:00:00,75.966667,0.007244,0.0,0.0,0.0,0.0,0.03093
2862,31-Jul-02,24:00:00,74.466669,0.007971,0.0,0.0,0.0,0.0,0.030105
2863,01-Aug-02,24:00:00,73.633332,0.007502,0.0,0.0,0.0,0.0,0.029322
2864,02-Aug-02,24:00:00,75.9,0.005382,0.0,0.0,0.0,0.0,0.028672
2865,03-Aug-02,24:00:00,74.466669,0.007186,0.0,0.0,0.0,0.0,0.028064
2866,04-Aug-02,24:00:00,72.86667,0.007663,0.0,0.0,0.0,0.0,0.027361
2867,05-Aug-02,24:00:00,72.800003,0.007345,0.0,0.0,0.0,0.0,0.026653
2868,06-Aug-02,24:00:00,73.566665,0.007345,0.0,0.0,0.0,0.0,0.026001
2869,07-Aug-02,24:00:00,73.599998,0.008108,0.0,0.0,0.0,0.0,0.025316
2870,08-Aug-02,24:00:00,76.666669,0.00851,0.0,0.0,0.0,0.0,0.024608
2871,09-Aug-02,24:00:00,76.033333,0.008686,0.0,0.0,0.0,0.0,0.023898
2872,10-Aug-02,24:00:00,76.76667,0.00821,0.0,0.0,0.0,0.0,0.023206
2873,11-Aug-02,24:00:00,75.266672,0.008376,0.0,0.0,0.0,0.0,0.022573
2874,12-Aug-02,24:00:00,76.733336,0.008552,0.0,0.0,0.0,0.0,0.021919
2875,13-Aug-02,24:00:00,76.800003,0.008247,0.0,0.0,0.0,0.0,0.02129
2876,14-Aug-02,24:00:00,76.033333,0.008028,0.0,0.0,0.0,0.0,0.020704
2877,15-Aug-02,24:00:00,76.76667,0.007624,0.0,0.0,0.0,0.0,0.020152
2878,16-Aug-02,24:00:00,76.033333,0.008501,0.0,0.0,0.0,0.0,0.019611
2879,17-Aug-02,24:00:00,76.76667,0.007618,0.0,0.0,0.0,0.0,0.019067
2880,18-Aug-02,24:00:00,75.266672,0.007011,0.0,0.0,0.0,0.0,0.018592
2881,19-Aug-02,24:00:00,73.666665,0.007868,0.0,0.0,0.0,0.0,0.018129
2882,20-Aug-02,24:00:00,74.366668,0.007129,0.0,0.0,0.0,0.0,0.01766
2883,21-Aug-02,24:00:00,74.400002,0.00678,0.0,0.0,0.0,0.0,0.017245
2884,22-Aug-02,24:00:00,74.400002,0.006682,0.0,0.0,0.0,0.0,0.016849
2885,23-Aug-02,24:00:00,76.700003,0.007495,0.0,0.0,0.0,0.0,0.016453
2886,24-Aug-02,24:00:00,78.333335,0.008022,0.0,0.0,0.0,0.0,0.016024
2887,25-Aug-02,24:00:00,73.033336,0.007773,0.0,0.0,0.0,0.0,0.01559
2888,26-Aug-02,24:00:00,71.266672,0.007749,0.0,0.0,0.0,0.0,0.015178
2889,27-Aug-02,24:00:00,70.433335,0.008476,0.0,0.0,0.0,0.0,0.014766
2890,28-Aug-02,24:00:00,70.400002,0.006012,0.0,0.0,0.0,0.0,0.014395
2891,29-Aug-02,24:00:00,70.400002,0.006785,0.0,0.0,0.0,0.0,0.014089
2892,30-Aug-02,24:00:00,71.166672,0.007052,0.0,0.0,0.0,0.0,0.013751
2893,31-Aug-02,24:00:00,70.433335,0.006932,0.0,0.0,0.0,0.0,0.013422
2894,01-Sep-02,24:00:00,70.400002,0.007874,0.0,0.0,0.0,0.0,0.013092
2895,02-Sep-02,24:00:00,71.933333,0.007606,0.0,0.0,0.0,0.0,0.012753
2896,03-Sep-02,24:00:00,74.300002,0.006556,0.0,0.0,0.0,0.0,0.012443
2897,04-Sep-02,24:00:00,74.400002,0.006426,0.0,0.0,0.0,0.0,0.012164
2898,05-Sep-02,24:00:00,73.633332,0.005777,0.0,0.0,0.0,0.0,0.011912
2899,06-Sep-02,24:00:00,74.366668,0.005959,0.0,0.0,0.0,0.0,0.011674
2900,07-Sep-02,24:00:00,74.400002,0.006236,0.0,0.0,0.0,0.0,0.011433
2901,08-Sep-02,24:00:00,73.633332,0.006598,0.0,0.0,0.0,0.0,0.011184
2902,09-Sep-02,24:00:00,74.366668,0.006744,0.0,0.0,0.0,0.0,0.010932
2903,10-Sep-02,24:00:00,73.633332,0.007139,0.0,0.0,0.0,0.0,0.010678
2904,11-Sep-02,24:00:00,74.366668,0.006751,0.0,0.0,0.0,0.0,0.010424
2905,12-Sep-02,24:00:00,74.400002,0.006513,0.0,0.0,0.0,0.0,0.010188
2906,13-Sep-02,24:00:00,74.400002,0.006134,0.0,0.0,0.0,0.0,0.009968
2907,14-Sep-02,24:00:00,74.400002,0.005447,0.0,0.0,0.0,0.0,0.009771
2908,15-Sep-02,24:00:00,74.400002,0.00591,0.0,0.0,0.0,0.0,0.009583
2909,16-Sep-02,24:00:00,74.400002,0.006497,0.0,0.0,0.0,0.0,0.009385
2910,17-Sep-02,24:00:00,74.400002,0.006932,0.0,0.0,0.0,0.0,0.009167
2911,18-Sep-02,24:00:00,74.400002,0.005877,0.0,0.0,0.0,0.0,0.008966
2912,19-Sep-02,24:00:00,74.400002,0.006052,0.0,0.0,0.0,0.0,0.008786
2913,20-Sep-02,24:00:00,74.400002,0.006385,0.0,0.0,0.0,0.0,0.008602
2914,21-Sep-02,24:00:00,75.933333,0.006469,0.0,0.0,0.0,0.0,0.008416
2915,22-Sep-02,24:00:00,76.76667,0.005886,0.0,0.0,0.0,0.0,0.008236
2916,23-Sep-02,24:00:00,75.266672,0.006065,0.0,0.0,0.0,0.0,0.008069
2917,24-Sep-02,24:00:00,73.666665,0.005622,0.0,0.0,0.0,0.0,0.007908
2918,25-Sep-02,24:00:00,73.599998,0.005345,0.0,0.0,0.0,0.0,0.00776
2919,26-Sep-02,24:00:00,73.599998,0.00444,0.0,0.0,0.0,0.0,0.007632
2920,27-Sep-02,24:00:00,73.599998,0.004527,0.0,0.0,0.0,0.0,0.007513
2921,28-Sep-02,24:00:00,73.599998,0.004576,0.0,0.0,0.0,0.0,0.007397
2922,29-Sep-02,24:00:00,74.366668,0.005002,0.0,0.0,0.0,0.0,0.007279
2923,30-Sep-02,24:00:00,93.183333,0.004749,0.0,0.0,0.0,0.0,0.007156
2924,01-Oct-02,24:00:00,95.916667,0.00476,0.0,0.0,0.0,0.0,0.00704
2925,02-Oct-02,24:00:00,96.0,0.004465,0.0,0.0,0.0,0.0,0.006929
2926,03-Oct-02,24:00:00,95.041667,0.004661,0.0,0.0,0.0,0.0,0.006821
2927,04-Oct-02,24:00:00,103.625,0.004653,0.0,0.0,0.0,0.0,0.006713
2928,05-Oct-02,24:00:00,104.0,0.004923,0.0,0.0,0.0,0.0,0.006604
2929,06-Oct-02,24:00:00,101.125,0.004963,0.0,0.0,0.0,0.0,0.006494
2930,07-Oct-02,24:00:00,100.041667,0.004713,0.0,0.0,0.0,0.0,0.006386
2931,08-Oct-02,24:00:00,98.083333,0.00487,0.0,0.0,0.0,0.0,0.006284
2932,09-Oct-02,24:00:00,97.041667,0.003819,0.0,0.0,0.0,0.0,0.006187
2933,10-Oct-02,24:00:00,94.125,0.00372,0.0,0.0,0.0,0.0,0.006108
2934,11-Oct-02,24:00:00,91.125,0.003806,0.0,0.0,0.0,0.0,0.00603
2935,12-Oct-02,24:00:00,89.083333,0.003927,0.0,0.0,0.0,0.0,0.00595
2936,13-Oct-02,24:00:00,90.916667,0.004201,0.0,0.0,0.0,0.0,0.005869
2937,14-Oct-02,24:00:00,90.041667,0.004043,0.0,0.0,0.0,0.0,0.005787
2938,15-Oct-02,24:00:00,93.833333,0.001849,0.0,0.0,0.0,0.0,0.005729
2939,16-Oct-02,24:00:00,94.958333,0.00274,0.0,0.0,0.0,0.0,0.005683
2940,17-Oct-02,24:00:00,96.916667,0.003371,0.0,0.0,0.0,0.0,0.005623
2941,18-Oct-02,24:00:00,98.916667,0.003797,0.0,0.0,0.0,0.0,0.005555
2942,19-Oct-02,24:00:00,100.916667,0.003914,0.0,0.0,0.0,0.0,0.005483
2943,20-Oct-02,24:00:00,100.041667,0.003547,0.0,0.0,0.0,0.0,0.005412
2944,21-Oct-02,24:00:00,100.0,0.003537,0.0,0.0,0.0,0.0,0.005347
2945,22-Oct-02,24:00:00,100.958333,0.00211,0.0,0.0,0.0,0.0,0.005295
2946,23-Oct-02,24:00:00,100.041667,0.002001,0.0,0.0,0.0,0.0,0.005257
2947,24-Oct-02,24:00:00,100.958333,0.003033,0.0,0.0,0.0,0.0,0.005212
2948,25-Oct-02,24:00:00,100.041667,0.00357,0.0,0.0,0.0,0.0,0.005155
2949,26-Oct-02,24:00:00,95.208333,0.003034,0.0,0.0,0.0,0.0,0.005096
2950,27-Oct-02,24:00:00,99.791667,0.003563,0.0,0.0,0.0,0.0,0.00504
2951,28-Oct-02,24:00:00,98.083333,0.004486,0.0,0.0,0.0,0.0,0.004974
2952,29-Oct-02,24:00:00,91.291667,0.002923,0.0,0.0,0.0,0.0,0.004906
2953,30-Oct-02,24:00:00,87.166667,0.002433,0.0,0.0,0.0,0.0,0.004861
2954,31-Oct-02,24:00:00,87.0,0.002691,0.0,0.0,0.0,0.0,0.004819
2955,01-Nov-02,24:00:00,87.958333,0.002657,0.0,0.0,0.0,0.0,0.004775
2956,02-Nov-02,24:00:00,87.041667,0.002362,0.0,0.0,0.0,0.0,0.004733
2957,03-Nov-02,24:00:00,89.875,0.002623,0.0,0.0,0.0,0.0,0.004694
2958,04-Nov-02,24:00:00,90.958333,0.002918,0.0,0.0,0.0,0.0,0.00465
2959,05-Nov-02,24:00:00,92.039497,0.00272,0.081164,0.0,0.007102,0.0,0.005463
2960,06-Nov-02,24:00:00,127.664956,0.001032,25.12329,0.0,0.053123,0.0,0.077047
2961,07-Nov-02,24:00:00,154.587871,0.00111,36.254538,0.0,0.046871,0.0,0.229618
2962,08-Nov-02,24:00:00,132.935211,0.001284,10.101877,0.0,0.014873,0.0,0.282642
2963,09-Nov-02,24:00:00,178.170059,0.001745,17.795059,0.0,0.029224,0.0,0.35731
2964,10-Nov-02,24:00:00,132.577788,0.001764,0.286121,0.0,0.0,0.0,0.367445
2965,11-Nov-02,24:00:00,113.696666,0.001027,2.821666,0.0,0.00553,0.0,0.373958
2966,12-Nov-02,24:00:00,107.582263,0.002207,0.457263,0.0,0.0,0.0,0.380718
2967,13-Nov-02,24:00:00,93.583333,0.002167,0.0,0.0,0.0,0.0,0.380457
2968,14-Nov-02,24:00:00,100.666667,0.002047,0.0,0.0,0.0,0.0,0.378341
2969,15-Nov-02,24:00:00,100.041667,0.001993,0.0,0.0,0.0,0.0,0.375037
2970,16-Nov-02,24:00:00,98.083333,0.002368,0.0,0.0,0.0,0.0,0.371445
2971,17-Nov-02,24:00:00,95.125,0.001877,0.0,0.0,0.0,0.0,0.368201
2972,18-Nov-02,24:00:00,92.125,4.1e-05,0.0,0.0,0.0,0.0,0.366732
2973,19-Nov-02,24:00:00,105.416667,0.000946,0.0,0.0,0.0,0.0,0.366114
2974,20-Nov-02,24:00:00,112.708333,0.00217,0.0,0.0,0.0,0.0,0.363801
2975,21-Nov-02,24:00:00,107.25,0.002034,0.0,0.0,0.0,0.0,0.360831
2976,22-Nov-02,24:00:00,105.083333,0.001741,0.0,0.0,0.0,0.0,0.358245
2977,23-Nov-02,24:00:00,105.958333,0.001266,0.0,0.0,0.0,0.0,0.35621
2978,24-Nov-02,24:00:00,105.041667,0.002224,0.0,0.0,0.0,0.0,0.354167
2979,25-Nov-02,24:00:00,105.0,0.001783,0.0,0.0,0.0,0.0,0.351435
2980,26-Nov-02,24:00:00,105.958333,0.001753,0.0,0.0,0.0,0.0,0.349318
2981,27-Nov-02,24:00:00,105.041667,0.001876,0.0,0.0,0.0,0.0,0.347183
2982,28-Nov-02,24:00:00,104.041667,0.001684,0.0,0.0,0.0,0.0,0.345048
2983,29-Nov-02,24:00:00,103.041667,0.001793,0.0,0.0,0.0,0.0,0.343033
2984,30-Nov-02,24:00:00,100.125,0.001668,0.0,0.0,0.0,0.0,0.340966
2985,01-Dec-02,24:00:00,91.375,0.001536,0.0,0.0,0.0,0.0,0.339088
2986,02-Dec-02,24:00:00,71.833333,0.001735,0.0,0.0,0.0,0.0,0.337233
2987,03-Dec-02,24:00:00,54.708333,0.001239,0.0,0.0,0.0,0.0,0.335511
2988,04-Dec-02,24:00:00,49.208333,0.001479,0.0,0.0,0.0,0.0,0.333907
2989,05-Dec-02,24:00:00,46.125,0.001408,0.0,0.0,0.0,0.0,0.332295
2990,06-Dec-02,24:00:00,45.041667,0.001562,0.0,0.0,0.0,0.0,0.330577
2991,07-Dec-02,24:00:00,45.0,0.001691,0.0,0.0,0.0,0.0,0.328794
2992,08-Dec-02,24:00:00,46.916667,0.000853,0.0,0.0,0.0,0.0,0.32732
2993,09-Dec-02,24:00:00,54.589888,0.001016,3.756555,0.0,0.006391,0.0,0.341098
2994,10-Dec-02,24:00:00,48.157804,0.000756,0.032804,0.0,0.0,0.0,0.342146
2995,11-Dec-02,24:00:00,52.473215,0.00097,3.514882,0.0,0.033139,0.0,0.35257
2996,12-Dec-02,24:00:00,3038.816192,0.000802,2893.024525,0.0,0.094175,0.0,0.514784
2997,13-Dec-02,24:00:00,3889.812083,0.001112,3692.85375,831.056405,0.067795,0.046004,0.703181
2998,14-Dec-02,24:00:00,2677.275417,0.000908,2506.067083,1503.853333,0.050702,0.039342,0.707155
2999,15-Dec-02,24:00:00,5883.469583,0.001481,5852.427917,2240.734167,0.037697,0.049057,0.722393
3000,16-Dec-02,24:00:00,1195.286093,0.001146,1093.619257,1081.217088,0.002762,0.002762,0.7
3001,17-Dec-02,24:00:00,649.113014,0.000594,409.946347,409.934724,0.0,0.0,0.7
3002,18-Dec-02,24:00:00,2064.969175,0.00093,1814.219342,931.459055,0.032493,0.032493,0.703957
3003,19-Dec-02,24:00:00,2548.277083,0.000527,2299.19375,2110.000833,0.074057,0.060655,0.71979
3004,20-Dec-02,24:00:00,2113.711667,0.00112,1865.670008,1785.720818,0.0,0.013403,0.703032
3005,21-Dec-02,24:00:00,880.632156,0.001434,630.715833,630.713615,0.0,0.0,0.7
3006,22-Dec-02,24:00:00,641.000813,0.00121,391.959146,391.959146,0.0,0.0,0.7
3007,23-Dec-02,24:00:00,566.594657,0.000612,316.636323,316.636323,0.0,0.0,0.699818
3008,24-Dec-02,24:00:00,581.690971,0.000877,332.649305,331.238338,0.006752,0.006481,0.699666
3009,25-Dec-02,24:00:00,1491.467922,0.000616,1241.509658,1054.473872,0.044733,0.037707,0.703517
3010,26-Dec-02,24:00:00,2314.2725,0.000657,2119.855833,1780.277083,0.02991,0.036936,0.701086
3011,27-Dec-02,24:00:00,2435.537083,0.000988,2422.26625,2141.01125,0.04583,0.04583,0.708069
3012,28-Dec-02,24:00:00,1371.435833,0.001051,1366.415,1354.55375,0.030979,0.025978,0.701489
3013,29-Dec-02,24:00:00,2788.881667,0.000531,2671.756667,2373.478333,0.064695,0.059837,0.720548
3014,30-Dec-02,24:00:00,2051.175833,0.00145,1962.7175,1937.885833,0.004035,0.013894,0.70246
3015,31-Dec-02,24:00:00,879.861284,0.000793,742.069697,742.03038,0.0,0.0,0.7
3016,01-Jan-03,24:00:00,726.179355,0.001247,478.846022,478.846022,0.0,0.0,0.7
3017,02-Jan-03,24:00:00,639.67898,0.001519,388.637314,388.637314,0.0,0.0,0.699503
3018,03-Jan-03,24:00:00,579.36411,0.000563,328.36411,328.36411,0.0,0.0,0.698142
3019,04-Jan-03,24:00:00,527.752939,0.001497,277.711272,277.711272,0.0,0.0,0.69571
3020,05-Jan-03,24:00:00,485.121557,0.001343,234.163224,234.163224,0.0,0.0,0.692338
3021,06-Jan-03,24:00:00,448.046692,0.001541,197.046692,197.046692,0.0,0.0,0.688842
3022,07-Jan-03,24:00:00,419.443508,0.001603,168.443508,165.644392,0.005402,0.0,0.693515
3023,08-Jan-03,24:00:00,774.146646,0.000555,523.147103,514.218075,0.016609,0.016557,0.700296
3024,09-Jan-03,24:00:00,619.972981,0.000785,368.972981,367.651001,0.0,0.0,0.7
3025,10-Jan-03,24:00:00,1883.040019,0.000716,1632.040185,1086.612679,0.054235,0.049357,0.705552
3026,11-Jan-03,24:00:00,2549.11375,0.000747,2298.11375,2148.97,0.041499,0.046377,0.703854
3027,12-Jan-03,24:00:00,1606.894583,0.000712,1354.93587,1343.797191,0.01081,0.01081,0.7
3028,13-Jan-03,24:00:00,753.081841,0.001472,500.123507,499.990606,0.0,0.0,0.7
3029,14-Jan-03,24:00:00,567.217797,0.001543,314.217797,314.217797,0.0,0.0,0.7
3030,15-Jan-03,24:00:00,510.481588,0.001561,255.564921,255.564921,0.0,0.0,0.698869
3031,16-Jan-03,24:00:00,307.905688,0.001798,216.780688,216.780688,0.0,0.0,0.695276
3032,17-Jan-03,24:00:00,187.267706,0.001922,183.738956,183.738956,0.0,0.0,0.690832
3033,18-Jan-03,24:00:00,155.290924,0.001862,155.260924,155.084014,0.000441,0.0,0.688746
3034,19-Jan-03,24:00:00,455.306045,0.000974,455.276045,445.57579,0.019162,0.014767,0.696069
3035,20-Jan-03,24:00:00,350.20411,0.000803,350.17411,348.428478,0.0,0.0,0.7
3036,21-Jan-03,24:00:00,290.804721,0.000737,290.774721,287.790756,0.007755,0.007755,0.7
3037,22-Jan-03,24:00:00,268.078631,0.001327,268.048631,266.434798,0.0,0.0,0.7
3038,23-Jan-03,24:00:00,132.166084,0.00076,132.136084,132.136084,0.0,0.0,0.7
3039,24-Jan-03,24:00:00,99.484203,0.001471,99.454203,99.454203,0.0,0.0,0.7
3040,25-Jan-03,24:00:00,82.973852,0.001435,82.943852,82.943852,0.0,0.0,0.699177
3041,26-Jan-03,24:00:00,70.078855,0.001618,70.048855,70.048855,0.0,0.0,0.696306
3042,27-Jan-03,24:00:00,59.10427,0.001589,59.07427,59.07427,0.0,0.0,0.692397
3043,28-Jan-03,24:00:00,49.751451,0.0022,49.721451,49.721451,0.0,0.0,0.687877
3044,29-Jan-03,24:00:00,41.832734,0.002076,41.802734,41.802734,0.0,0.0,0.682713
3045,30-Jan-03,24:00:00,35.156258,0.001985,35.126258,35.126258,0.0,0.0,0.677859
3046,31-Jan-03,24:00:00,44.843455,0.002932,29.508872,29.508872,0.0,0.0,0.672377
3047,01-Feb-03,24:00:00,100.203777,0.002734,24.78711,24.78711,0.0,0.0,0.66509
3048,02-Feb-03,24:00:00,138.111548,0.002501,20.819881,20.819881,0.0,0.0,0.658949
3049,03-Feb-03,24:00:00,272.570579,0.002621,17.487245,17.487245,0.0,0.0,0.652962
3050,04-Feb-03,24:00:00,279.521261,0.002182,14.687928,14.687928,0.0,0.0,0.646964
3051,05-Feb-03,24:00:00,280.211668,0.002724,12.336668,12.336668,0.0,0.0,0.641336
3052,06-Feb-03,24:00:00,285.070116,0.002523,10.361782,10.361782,0.0,0.0,0.634808
3053,07-Feb-03,24:00:00,283.703035,0.002285,8.703035,8.703035,0.0,0.0,0.629066
3054,08-Feb-03,24:00:00,283.268155,0.002344,7.309822,7.309822,0.0,0.0,0.623494
3055,09-Feb-03,24:00:00,282.139639,0.0025,6.139639,6.139639,0.0,0.0,0.617683
3056,10-Feb-03,24:00:00,281.156783,0.002425,5.156783,5.156783,0.0,0.0,0.611741
3057,11-Feb-03,24:00:00,273.933901,0.001329,4.642234,4.331266,0.007667,0.0,0.608764
3058,12-Feb-03,24:00:00,290.60584,0.001075,13.939174,3.637901,0.011227,0.0,0.64226
3059,13-Feb-03,24:00:00,280.645319,0.002024,3.645319,3.055534,0.0,0.0,0.650978
3060,14-Feb-03,24:00:00,343.369321,0.001087,66.369443,20.795991,0.028176,0.006055,0.661834
3061,15-Feb-03,24:00:00,1283.28905,0.001911,1007.247218,489.171478,0.007625,0.009321,0.700693
3062,16-Feb-03,24:00:00,378.345702,0.002721,112.887368,112.110831,0.0,0.0,0.699656
3063,17-Feb-03,24:00:00,323.482212,0.002232,46.982212,46.982212,0.0,0.0,0.696419
3064,18-Feb-03,24:00:00,312.107779,0.002088,35.107779,34.7816,0.00064,0.0,0.694315
3065,19-Feb-03,24:00:00,306.60639,0.003262,29.60639,29.553333,0.0,0.0,0.695007
3066,20-Feb-03,24:00:00,302.282005,0.003312,25.282005,25.282005,0.0,0.0,0.691211
3067,21-Feb-03,24:00:00,297.499886,0.003107,21.458219,21.458219,0.0,0.0,0.683424
3068,22-Feb-03,24:00:00,295.072451,0.003347,18.114118,18.114118,0.0,0.0,0.675699
3069,23-Feb-03,24:00:00,292.249247,0.002689,15.249247,15.249247,0.0,0.0,0.668329
3070,24-Feb-03,24:00:00,289.821161,0.003132,12.821161,12.821161,0.0,0.0,0.661542
3071,25-Feb-03,24:00:00,261.898546,0.001299,10.773546,10.773546,0.0,0.0,0.656089
3072,26-Feb-03,24:00:00,285.883998,0.00302,9.050665,9.050665,0.0,0.0,0.652697
3073,27-Feb-03,24:00:00,285.602462,0.003267,7.602462,7.602462,0.0,0.0,0.64669
3074,28-Feb-03,24:00:00,287.121269,0.00323,9.121269,6.385675,0.00887,0.0,0.646163
3075,01-Mar-03,24:00:00,285.886982,0.003014,7.886982,5.363524,0.0,0.0,0.660176
3076,02-Mar-03,24:00:00,282.504946,0.003386,4.504946,4.504946,0.0,0.0,0.658005
3077,03-Mar-03,24:00:00,281.78379,0.003405,3.783791,3.783791,0.0,0.0,0.651074
3078,04-Mar-03,24:00:00,280.219739,0.003523,3.178072,3.178072,0.0,0.0,0.642798
3079,05-Mar-03,24:00:00,251.87765,0.003927,2.669316,2.669316,0.0,0.0,0.633889
3080,06-Mar-03,24:00:00,186.992003,0.003647,2.242003,2.242003,0.0,0.0,0.624773
3081,07-Mar-03,24:00:00,185.799761,0.003539,1.883095,1.883095,0.0,0.0,0.616121
3082,08-Mar-03,24:00:00,186.539975,0.003049,1.581642,1.581642,0.0,0.0,0.608094
3083,09-Mar-03,24:00:00,584.708116,0.002831,383.416125,1.328448,0.025026,0.0,0.642599
3084,10-Mar-03,24:00:00,1502.006024,0.001899,1223.339544,521.389463,0.042971,0.028081,0.691489
3085,11-Mar-03,24:00:00,984.734193,0.00337,704.650939,570.288571,0.004151,0.004151,0.7
3086,12-Mar-03,24:00:00,513.717823,0.00207,235.63449,234.332606,0.002676,0.002676,0.7
3087,13-Mar-03,24:00:00,484.455776,0.002099,206.455776,204.630083,0.006118,0.006118,0.7
3088,14-Mar-03,24:00:00,900.468089,0.0028,633.968221,623.742377,0.012111,0.012111,0.700174
3089,15-Mar-03,24:00:00,483.817642,0.003321,221.650975,221.443343,0.0,0.0,0.698414
3090,16-Mar-03,24:00:00,487.260023,0.003994,223.343356,220.125636,0.005622,0.003801,0.699016
3091,17-Mar-03,24:00:00,406.1114,0.004195,127.7364,127.620778,0.0,0.0,0.695662
3092,18-Mar-03,24:00:00,365.565764,0.003018,86.565764,86.565764,0.0,0.0,0.686765
3093,19-Mar-03,24:00:00,351.007889,0.003774,72.007889,70.893742,0.002364,0.0,0.683836
3094,20-Mar-03,24:00:00,338.152826,0.004392,60.111159,59.823554,0.0,0.0,0.684962
3095,21-Mar-03,24:00:00,328.964001,0.001898,50.964001,50.503935,0.003206,0.0,0.682056
3096,22-Mar-03,24:00:00,321.979903,0.003935,43.979903,42.538925,0.0,0.0,0.68627
3097,23-Mar-03,24:00:00,313.777338,0.004765,35.777338,35.777338,0.0,0.0,0.68141
3098,24-Mar-03,24:00:00,309.026708,0.002387,30.068375,30.068375,0.0,0.0,0.672594
3099,25-Mar-03,24:00:00,305.543541,0.004312,27.501874,25.261802,0.003853,0.0,0.67715
3100,26-Mar-03,24:00:00,299.264595,0.004502,21.264595,21.220361,0.0,0.0,0.67352
3101,27-Mar-03,24:00:00,295.824273,0.005119,17.824273,17.824273,0.0,0.0,0.661964
3102,28-Mar-03,24:00:00,292.012912,0.005442,14.971246,14.971246,0.0,0.0,0.649339
3103,29-Mar-03,24:00:00,290.533054,0.005572,12.574721,12.574721,0.0,0.0,0.636126
3104,30-Mar-03,24:00:00,288.56176,0.005861,10.56176,10.56176,0.0,0.0,0.62261
3105,31-Mar-03,24:00:00,285.912678,0.004285,8.871011,8.871011,0.0,0.0,0.610036
3106,01-Apr-03,24:00:00,284.450913,0.002309,7.450913,7.450913,0.0,0.0,0.602
3107,02-Apr-03,24:00:00,283.294125,0.002326,6.294125,6.258145,0.002884,0.0,0.596939
3108,03-Apr-03,24:00:00,285.528421,0.00226,11.403421,5.256322,0.007587,0.0,0.618368
3109,04-Apr-03,24:00:00,273.648428,0.004022,4.440095,4.414876,0.0,0.0,0.616713
3110,05-Apr-03,24:00:00,276.541462,0.00194,3.708129,3.708129,0.0,0.0,0.611458
3111,06-Apr-03,24:00:00,278.031185,0.005168,3.114518,3.114518,0.0,0.0,0.603023
3112,07-Apr-03,24:00:00,277.615935,0.005487,2.615935,2.615935,0.0,0.0,0.590288
3113,08-Apr-03,24:00:00,276.238833,0.005299,2.197166,2.197166,0.0,0.0,0.577304
3114,09-Apr-03,24:00:00,295.012102,0.002089,1.845436,1.845436,0.0,0.0,0.568409
3115,10-Apr-03,24:00:00,306.208646,0.00307,1.666979,1.550011,0.007314,0.0,0.563066
3116,11-Apr-03,24:00:00,838.583603,0.002391,545.083658,195.024925,0.070242,0.017584,0.670555
3117,12-Apr-03,24:00:00,1233.182853,0.002493,943.057784,922.261991,0.015423,0.016401,0.70028
3118,13-Apr-03,24:00:00,561.105446,0.004092,250.980446,250.762627,0.0,0.0,0.697845
3119,14-Apr-03,24:00:00,412.836092,0.003359,101.836092,101.836092,0.0,0.0,0.690254
3120,15-Apr-03,24:00:00,382.585409,0.001802,75.418743,74.245623,0.001988,0.0,0.690989
3121,16-Apr-03,24:00:00,354.584471,0.004725,62.917804,62.912495,0.0,0.0,0.68894
3122,17-Apr-03,24:00:00,364.939681,0.005379,53.814681,53.814681,0.0,0.0,0.679184
3123,18-Apr-03,24:00:00,356.725311,0.005735,45.683644,45.683644,0.0,0.0,0.665971
3124,19-Apr-03,24:00:00,349.568909,0.005448,38.568909,38.568909,0.0,0.0,0.652569
3125,20-Apr-03,24:00:00,353.44589,0.001887,42.44589,32.471018,0.017064,0.0,0.681513
3126,21-Apr-03,24:00:00,338.443847,0.00307,27.443847,27.301596,0.0,0.0,0.686119
3127,22-Apr-03,24:00:00,880.768646,0.001677,569.76894,553.788141,0.038997,0.032698,0.696729
3128,23-Apr-03,24:00:00,1104.922348,0.003347,904.130759,893.264829,0.012007,0.011733,0.700027
3129,24-Apr-03,24:00:00,899.916764,0.002564,792.083503,781.187687,0.013337,0.013611,0.700016
3130,25-Apr-03,24:00:00,360.64931,0.003131,303.607643,303.202202,0.0,0.0,0.699323
3131,26-Apr-03,24:00:00,694.46054,0.002822,568.544059,559.878879,0.02813,0.026424,0.700207
3132,27-Apr-03,24:00:00,1997.83,0.001723,1868.83,1835.28875,0.059522,0.05576,0.706089
3133,28-Apr-03,24:00:00,2118.747083,0.001889,1990.705417,1968.502917,0.02143,0.026081,0.705359
3134,29-Apr-03,24:00:00,928.787292,0.004614,665.66265,665.397192,0.0,0.0,0.698265
3135,30-Apr-03,24:00:00,624.689671,0.005319,349.939671,349.939671,0.0,0.0,0.689451
3136,01-May-03,24:00:00,549.932382,0.002188,274.932382,272.227047,0.005128,0.0,0.689449
3137,02-May-03,24:00:00,505.420511,0.003865,230.420511,230.085442,0.0,0.0,0.694911
3138,03-May-03,24:00:00,470.377654,0.003253,195.377654,195.377654,0.0,0.0,0.690642
3139,04-May-03,24:00:00,440.151195,0.005708,165.151195,165.151195,0.0,0.0,0.679774
3140,05-May-03,24:00:00,415.102778,0.00395,139.144445,139.144445,0.0,0.0,0.66774
3141,06-May-03,24:00:00,392.077449,0.005139,117.035783,117.035783,0.0,0.0,0.657486
3142,07-May-03,24:00:00,373.362588,0.003993,98.362588,98.362588,0.0,0.0,0.646218
3143,08-May-03,24:00:00,371.056133,0.005066,82.639466,82.639466,0.0,0.0,0.635529
3144,09-May-03,24:00:00,367.043772,0.005616,69.418772,69.418772,0.0,0.0,0.62264
3145,10-May-03,24:00:00,356.309101,0.006538,58.309101,58.309101,0.0,0.0,0.608149
3146,11-May-03,24:00:00,346.97592,0.007144,48.97592,48.97592,0.0,0.0,0.591852
3147,12-May-03,24:00:00,339.136097,0.007468,41.136097,41.136097,0.0,0.0,0.574322
3148,13-May-03,24:00:00,333.509366,0.007595,34.551033,34.551033,0.0,0.0,0.556546
3149,14-May-03,24:00:00,327.061698,0.005545,29.020031,29.020031,0.0,0.0,0.540576
3150,15-May-03,24:00:00,277.33275,0.007224,24.374417,24.374417,0.0,0.0,0.525442
3151,16-May-03,24:00:00,320.347476,0.00716,20.472476,20.472476,0.0,0.0,0.507703
3152,17-May-03,24:00:00,318.236835,0.006836,17.195168,17.195168,0.0,0.0,0.49101
3153,18-May-03,24:00:00,314.484169,0.00766,14.442502,14.442502,0.0,0.0,0.473846
3154,19-May-03,24:00:00,312.130493,0.00851,12.130493,12.130493,0.0,0.0,0.454548
3155,20-May-03,24:00:00,310.188598,0.008236,10.188598,10.188598,0.0,0.0,0.434392
3156,21-May-03,24:00:00,307.599236,0.008381,8.55757,8.55757,0.0,0.0,0.414643
3157,22-May-03,24:00:00,306.187645,0.008913,7.187645,7.187645,0.0,0.0,0.396158
3158,23-May-03,24:00:00,305.037021,0.007846,6.037021,6.037021,0.0,0.0,0.380445
3159,24-May-03,24:00:00,304.070593,0.004769,5.070593,5.070593,0.0,0.0,0.37
3160,25-May-03,24:00:00,303.258874,0.007494,4.258874,4.258874,0.0,0.0,0.36109
3161,26-May-03,24:00:00,302.577097,0.008409,3.577097,3.577097,0.0,0.0,0.350584
3162,27-May-03,24:00:00,302.004462,0.008648,3.004462,3.004462,0.0,0.0,0.340427
3163,28-May-03,24:00:00,284.273496,0.007424,2.523496,2.523496,0.0,0.0,0.331032
3164,29-May-03,24:00:00,257.244526,0.00598,2.119526,2.119526,0.0,0.0,0.323615
3165,30-May-03,24:00:00,255.780224,0.008666,1.780224,1.780224,0.0,0.0,0.31575
3166,31-May-03,24:00:00,222.145236,0.008942,1.495239,1.495239,0.0,0.0,0.30631
3167,01-Jun-03,24:00:00,207.422548,0.008553,1.255876,1.255876,0.0,0.0,0.29711
3168,02-Jun-03,24:00:00,164.48817,0.0094,1.05483,1.05483,0.0,0.0,0.288234
3169,03-Jun-03,24:00:00,160.185966,0.00734,0.885969,0.885969,0.0,0.0,0.280071
3170,04-Jun-03,24:00:00,162.244146,0.00698,0.74414,0.74414,0.0,0.0,0.273322
3171,05-Jun-03,24:00:00,183.691682,0.006091,0.625015,0.625015,0.0,0.0,0.26722
3172,06-Jun-03,24:00:00,193.724966,0.00686,0.52496,0.52496,0.0,0.0,0.261339
3173,07-Jun-03,24:00:00,179.474265,0.007874,0.440923,0.440923,0.0,0.0,0.254765
3174,08-Jun-03,24:00:00,164.203669,0.006701,0.370338,0.370338,0.0,0.0,0.248436
3175,09-Jun-03,24:00:00,180.377722,0.00591,0.311053,0.311053,0.0,0.0,0.243118
3176,10-Jun-03,24:00:00,137.361256,0.007002,0.261258,0.261258,0.0,0.0,0.237833
3177,11-Jun-03,24:00:00,119.319436,0.00799,0.219435,0.219435,0.0,0.0,0.231818
3178,12-Jun-03,24:00:00,120.88431,0.007501,0.184307,0.184307,0.0,0.0,0.225657
3179,13-Jun-03,24:00:00,121.721468,0.008376,0.154803,0.154803,0.0,0.0,0.219654
3180,14-Jun-03,24:00:00,121.73002,0.008481,0.130021,0.130021,0.0,0.0,0.21338
3181,15-Jun-03,24:00:00,121.709205,0.009453,0.109207,0.109207,0.0,0.0,0.206985
3182,16-Jun-03,24:00:00,120.925061,0.009197,0.091725,0.091725,0.0,0.0,0.200453
3183,17-Jun-03,24:00:00,123.177046,0.008088,0.077041,0.077041,0.0,0.0,0.19444
3184,18-Jun-03,24:00:00,121.731374,0.007687,0.064708,0.064708,0.0,0.0,0.189314
3185,19-Jun-03,24:00:00,119.354354,0.007881,0.054349,0.054349,0.0,0.0,0.184262
3186,20-Jun-03,24:00:00,120.012316,0.007708,0.045649,0.045649,0.0,0.0,0.179435
3187,21-Jun-03,24:00:00,119.271679,0.007663,0.038341,0.038341,0.0,0.0,0.174852
3188,22-Jun-03,24:00:00,119.99887,0.00786,0.032204,0.032204,0.0,0.0,0.170135
3189,23-Jun-03,24:00:00,119.260386,0.008391,0.027048,0.027048,0.0,0.0,0.165503
3190,24-Jun-03,24:00:00,119.989385,0.00872,0.022718,0.022718,0.0,0.0,0.160717
3191,25-Jun-03,24:00:00,120.019081,0.009146,0.019081,0.019081,0.0,0.0,0.155888
3192,26-Jun-03,24:00:00,119.249365,0.009582,0.016027,0.016027,0.0,0.0,0.150974
3193,27-Jun-03,24:00:00,119.213466,0.00961,0.013461,0.013461,0.0,0.0,0.146118
3194,28-Jun-03,24:00:00,119.211311,0.008529,0.011306,0.011306,0.0,0.0,0.141586
3195,29-Jun-03,24:00:00,119.209501,0.008122,0.009496,0.009496,0.0,0.0,0.13759
3196,30-Jun-03,24:00:00,119.207981,0.008382,0.007976,0.007976,0.0,0.0,0.133741
3197,01-Jul-03,24:00:00,121.506698,0.008225,0.006699,0.006699,0.0,0.0,0.129982
3198,02-Jul-03,24:00:00,121.605625,0.008268,0.005627,0.005627,0.0,0.0,0.126351
3199,03-Jul-03,24:00:00,119.30473,0.009044,0.004726,0.004726,0.0,0.0,0.122664
3200,04-Jul-03,24:00:00,119.203974,0.009545,0.00397,0.00397,0.0,0.0,0.118866
3201,05-Jul-03,24:00:00,119.203339,0.008925,0.003334,0.003334,0.0,0.0,0.115113
3202,06-Jul-03,24:00:00,125.336132,0.007455,0.0028,0.0028,0.0,0.0,0.111866
3203,07-Jul-03,24:00:00,122.535687,0.008063,0.002352,0.002352,0.0,0.0,0.109065
3204,08-Jul-03,24:00:00,82.535312,0.009844,0.001976,0.001976,0.0,0.0,0.105759
3205,09-Jul-03,24:00:00,125.26833,0.009666,0.001659,0.001659,0.0,0.0,0.102249
3206,10-Jul-03,24:00:00,121.068063,0.00895,0.001394,0.001394,0.0,0.0,0.099005
3207,11-Jul-03,24:00:00,118.501172,0.009287,0.001171,0.001171,0.0,0.0,0.095935
3208,12-Jul-03,24:00:00,125.300982,0.008832,0.000983,0.000983,0.0,0.0,0.09297
3209,13-Jul-03,24:00:00,122.53416,0.009049,0.000826,0.000826,0.0,0.0,0.090203
3210,14-Jul-03,24:00:00,120.867363,0.009381,0.000694,0.000694,0.0,0.0,0.087407
3211,15-Jul-03,24:00:00,121.567248,0.008807,0.000582,0.000582,0.0,0.0,0.084687
3212,16-Jul-03,24:00:00,122.367157,0.009186,0.000489,0.000489,0.0,0.0,0.082118
3213,17-Jul-03,24:00:00,121.633743,0.009839,0.000411,0.000411,0.0,0.0,0.079506
3214,18-Jul-03,24:00:00,121.600344,0.00951,0.000345,0.000345,0.0,0.0,0.076885
3215,19-Jul-03,24:00:00,121.600288,0.008911,0.00029,0.00029,0.0,0.0,0.074474
3216,20-Jul-03,24:00:00,120.83358,0.009577,0.000244,0.000244,0.0,0.0,0.072124
3217,21-Jul-03,24:00:00,120.800208,0.009432,0.000205,0.000205,0.0,0.0,0.069854
3218,22-Jul-03,24:00:00,120.800175,0.009265,0.000172,0.000172,0.0,0.0,0.06765
3219,23-Jul-03,24:00:00,118.500146,0.007638,0.000144,0.000144,0.0,0.0,0.065645
3220,24-Jul-03,24:00:00,118.400123,0.007546,0.000121,0.000121,0.0,0.0,0.06398
3221,25-Jul-03,24:00:00,118.400103,0.008717,0.000102,0.000102,0.0,0.0,0.062252
3222,26-Jul-03,24:00:00,118.400087,0.009266,8.6e-05,8.6e-05,0.0,0.0,0.060368
3223,27-Jul-03,24:00:00,123.000076,0.009304,7.2e-05,7.2e-05,0.0,0.0,0.058474
3224,28-Jul-03,24:00:00,120.900063,0.00923,6e-05,6e-05,0.0,0.0,0.056652
3225,29-Jul-03,24:00:00,116.96672,0.008228,5.1e-05,5.1e-05,0.0,0.0,0.054949
3226,30-Jul-03,24:00:00,122.93338,0.008257,4.3e-05,4.3e-05,0.0,0.0,0.05341
3227,31-Jul-03,24:00:00,120.133369,0.008619,3.6e-05,3.6e-05,0.0,0.0,0.051903
3228,01-Aug-03,24:00:00,120.00003,0.006406,3e-05,3e-05,0.0,0.0,0.050597
3229,02-Aug-03,24:00:00,121.533357,0.008083,2.5e-05,2.5e-05,0.0,0.0,0.04931
3230,03-Aug-03,24:00:00,122.366689,0.006725,2.1e-05,2.1e-05,0.0,0.0,0.048082
3231,04-Aug-03,24:00:00,121.63335,0.003645,1.8e-05,1.8e-05,0.0,0.0,0.047232
3232,05-Aug-03,24:00:00,118.53335,0.00633,1.5e-05,1.5e-05,0.0,0.0,0.046435
3233,06-Aug-03,24:00:00,117.633344,0.006659,1.3e-05,1.3e-05,0.0,0.0,0.045417
3234,07-Aug-03,24:00:00,119.90001,0.007378,1e-05,1e-05,0.0,0.0,0.04433
3235,08-Aug-03,24:00:00,121.533341,0.007392,9e-06,9e-06,0.0,0.0,0.043222
3236,09-Aug-03,24:00:00,125.433339,0.007673,7e-06,7e-06,0.0,0.0,0.042134
3237,10-Aug-03,24:00:00,123.300011,0.007858,6e-06,6e-06,0.0,0.0,0.041008
3238,11-Aug-03,24:00:00,120.900008,0.007664,5e-06,5e-06,0.0,0.0,0.039939
3239,12-Aug-03,24:00:00,123.100009,0.007462,4e-06,4e-06,0.0,0.0,0.038906
3240,13-Aug-03,24:00:00,121.666669,0.006962,4e-06,4e-06,0.0,0.0,0.037962
3241,14-Aug-03,24:00:00,119.300008,0.00755,3e-06,3e-06,0.0,0.0,0.037033
3242,15-Aug-03,24:00:00,119.200007,0.007705,3e-06,3e-06,0.0,0.0,0.036065
3243,16-Aug-03,24:00:00,119.200007,0.007883,2e-06,2e-06,0.0,0.0,0.035113
3244,17-Aug-03,24:00:00,119.200006,0.008412,2e-06,2e-06,0.0,0.0,0.034167
3245,18-Aug-03,24:00:00,120.733338,0.007379,2e-06,2e-06,0.0,0.0,0.033242
3246,19-Aug-03,24:00:00,122.333336,0.008336,1e-06,1e-06,0.0,0.0,0.032372
3247,20-Aug-03,24:00:00,123.166673,0.006992,1e-06,1e-06,0.0,0.0,0.031518
3248,21-Aug-03,24:00:00,121.666666,0.004933,1e-06,1e-06,0.0,0.0,0.030873
3249,22-Aug-03,24:00:00,118.533335,0.006939,1e-06,1e-06,0.0,0.0,0.030243
3250,23-Aug-03,24:00:00,118.400002,0.007463,1e-06,1e-06,0.0,0.0,0.029507
3251,24-Aug-03,24:00:00,119.933334,0.008033,1e-06,1e-06,0.0,0.0,0.028741
3252,25-Aug-03,24:00:00,126.133335,0.007982,0.0,0.0,0.0,0.0,0.027965
3253,26-Aug-03,24:00:00,125.633332,0.007087,0.0,0.0,0.0,0.0,0.027237
3254,27-Aug-03,24:00:00,124.833336,0.00712,0.0,0.0,0.0,0.0,0.026589
3255,28-Aug-03,24:00:00,123.266672,0.007012,0.0,0.0,0.0,0.0,0.025944
3256,29-Aug-03,24:00:00,123.966667,0.007172,0.0,0.0,0.0,0.0,0.025321
3257,30-Aug-03,24:00:00,123.233338,0.007686,0.0,0.0,0.0,0.0,0.024688
3258,31-Aug-03,24:00:00,123.200005,0.007962,0.0,0.0,0.0,0.0,0.02404
3259,01-Sep-03,24:00:00,120.133334,0.007622,0.0,0.0,0.0,0.0,0.023401
3260,02-Sep-03,24:00:00,122.300002,0.006204,0.0,0.0,0.0,0.0,0.022854
3261,03-Sep-03,24:00:00,120.1,0.006113,0.0,0.0,0.0,0.0,0.02237
3262,04-Sep-03,24:00:00,120.0,0.005542,0.0,0.0,0.0,0.0,0.021925
3263,05-Sep-03,24:00:00,120.76667,0.004261,0.0,0.0,0.0,0.0,0.02156
3264,06-Sep-03,24:00:00,120.033333,0.005065,0.0,0.0,0.0,0.0,0.02121
3265,07-Sep-03,24:00:00,120.0,0.006163,0.0,0.0,0.0,0.0,0.020812
3266,08-Sep-03,24:00:00,148.366672,0.002331,0.0,0.0,0.0,0.0,0.020498
3267,09-Sep-03,24:00:00,198.66667,0.006187,0.0,0.0,0.0,0.0,0.020209
3268,10-Sep-03,24:00:00,216.133336,0.006346,0.0,0.0,0.0,0.0,0.019777
3269,11-Sep-03,24:00:00,219.866667,0.006818,0.0,0.0,0.0,0.0,0.019338
3270,12-Sep-03,24:00:00,232.26667,0.006347,0.0,0.0,0.0,0.0,0.018903
3271,13-Sep-03,24:00:00,235.866667,0.006917,0.0,0.0,0.0,0.0,0.018487
3272,14-Sep-03,24:00:00,234.466675,0.006146,0.0,0.0,0.0,0.0,0.018075
3273,15-Sep-03,24:00:00,234.400009,0.006031,0.0,0.0,0.0,0.0,0.017701
3274,16-Sep-03,24:00:00,233.633339,0.005622,0.0,0.0,0.0,0.0,0.017344
3275,17-Sep-03,24:00:00,232.833336,0.004998,0.0,0.0,0.0,0.0,0.017025
3276,18-Sep-03,24:00:00,232.800003,0.006185,0.0,0.0,0.0,0.0,0.01671
3277,19-Sep-03,24:00:00,233.566673,0.005655,0.0,0.0,0.0,0.0,0.01637
3278,20-Sep-03,24:00:00,238.200009,0.006533,0.0,0.0,0.0,0.0,0.016039
3279,21-Sep-03,24:00:00,234.566676,0.006306,0.0,0.0,0.0,0.0,0.015686
3280,22-Sep-03,24:00:00,237.466673,0.006156,0.0,0.0,0.0,0.0,0.015354
3281,23-Sep-03,24:00:00,213.066667,0.005966,0.0,0.0,0.0,0.0,0.015042
3282,24-Sep-03,24:00:00,178.26667,0.005013,0.0,0.0,0.0,0.0,0.014753
3283,25-Sep-03,24:00:00,199.033333,0.002852,0.0,0.0,0.0,0.0,0.014556
3284,26-Sep-03,24:00:00,207.666667,0.003283,0.0,0.0,0.0,0.0,0.014405
3285,27-Sep-03,24:00:00,226.399997,0.003219,0.0,0.0,0.0,0.0,0.014247
3286,28-Sep-03,24:00:00,227.966667,0.004847,0.0,0.0,0.0,0.0,0.014048
3287,29-Sep-03,24:00:00,230.300009,0.004785,0.0,0.0,0.0,0.0,0.013817
3288,30-Sep-03,24:00:00,280.808334,0.004875,0.0,0.0,0.0,0.0,0.013594
3289,01-Oct-03,24:00:00,290.666667,0.004684,0.0,0.0,0.0,0.0,0.01337
3290,02-Oct-03,24:00:00,295.791667,0.004626,0.0,0.0,0.0,0.0,0.013162
3291,03-Oct-03,24:00:00,292.166667,0.004953,0.0,0.0,0.0,0.0,0.012948
3292,04-Oct-03,24:00:00,276.666667,0.004534,0.0,0.0,0.0,0.0,0.012735
3293,05-Oct-03,24:00:00,249.166667,0.005761,0.0,0.0,0.0,0.0,0.012515
3294,06-Oct-03,24:00:00,209.666667,0.005607,0.0,0.0,0.0,0.0,0.012272
3295,07-Oct-03,24:00:00,187.875,0.004732,0.0,0.0,0.0,0.0,0.012054
3296,08-Oct-03,24:00:00,197.541667,0.005806,0.0,0.0,0.0,0.0,0.011843
3297,09-Oct-03,24:00:00,212.375,0.004875,0.0,0.0,0.0,0.0,0.011615
3298,10-Oct-03,24:00:00,216.833333,0.005004,0.0,0.0,0.0,0.0,0.011433
3299,11-Oct-03,24:00:00,218.916667,0.004408,0.0,0.0,0.0,0.0,0.011243
3300,12-Oct-03,24:00:00,217.083333,0.003946,0.0,0.0,0.0,0.0,0.011083
3301,13-Oct-03,24:00:00,218.916667,0.004191,0.0,0.0,0.0,0.0,0.010928
3302,14-Oct-03,24:00:00,219.0,0.004572,0.0,0.0,0.0,0.0,0.010769
3303,15-Oct-03,24:00:00,220.916667,0.004264,0.0,0.0,0.0,0.0,0.010604
3304,16-Oct-03,24:00:00,214.291667,0.003588,0.0,0.0,0.0,0.0,0.010459
3305,17-Oct-03,24:00:00,183.333333,0.004075,0.0,0.0,0.0,0.0,0.010324
3306,18-Oct-03,24:00:00,153.25,0.003252,0.0,0.0,0.0,0.0,0.010193
3307,19-Oct-03,24:00:00,138.583333,0.003476,0.0,0.0,0.0,0.0,0.010076
3308,20-Oct-03,24:00:00,109.25,0.004578,0.0,0.0,0.0,0.0,0.009943
3309,21-Oct-03,24:00:00,95.541667,0.003853,0.0,0.0,0.0,0.0,0.0098
3310,22-Oct-03,24:00:00,93.083333,0.003585,0.0,0.0,0.0,0.0,0.009673
3311,23-Oct-03,24:00:00,89.166667,0.003197,0.0,0.0,0.0,0.0,0.009559
3312,24-Oct-03,24:00:00,94.75,0.003187,0.0,0.0,0.0,0.0,0.009455
3313,25-Oct-03,24:00:00,94.041667,0.003178,0.0,0.0,0.0,0.0,0.009352
3314,26-Oct-03,24:00:00,94.0,0.003295,0.0,0.0,0.0,0.0,0.009249
3315,27-Oct-03,24:00:00,94.958333,0.002682,0.0,0.0,0.0,0.0,0.009155
3316,28-Oct-03,24:00:00,94.041667,0.004515,0.0,0.0,0.0,0.0,0.009051
3317,29-Oct-03,24:00:00,94.958333,0.003026,0.0,0.0,0.0,0.0,0.008926
3318,30-Oct-03,24:00:00,95.0,0.001151,0.0,0.0,0.0,0.0,0.008863
3319,31-Oct-03,24:00:00,95.0,0.002375,0.0,0.0,0.0,0.0,0.008811
3320,01-Nov-03,24:00:00,97.964109,0.00104,1.047442,0.0,0.009401,0.0,0.011938
3321,02-Nov-03,24:00:00,98.648826,0.002281,4.523826,0.0,0.0,0.0,0.031305
3322,03-Nov-03,24:00:00,92.085633,0.001584,0.002299,0.0,0.0,0.0,0.031305
3323,04-Nov-03,24:00:00,92.958333,0.000956,0.0,0.0,0.0,0.0,0.031277
3324,05-Nov-03,24:00:00,95.875,0.00089,0.0,0.0,0.0,0.0,0.031189
3325,06-Nov-03,24:00:00,96.958333,0.001084,0.0,0.0,0.0,0.0,0.031086
3326,07-Nov-03,24:00:00,307.346673,0.000809,193.096673,0.0,0.06357,0.0,0.102682
3327,08-Nov-03,24:00:00,208.143151,0.001088,83.559817,0.0,0.033023,0.0,0.246028
3328,09-Nov-03,24:00:00,119.01409,0.001855,0.722423,0.0,0.0,0.0,0.262848
3329,10-Nov-03,24:00:00,122.791667,0.00211,0.0,0.0,0.0,0.0,0.262692
3330,11-Nov-03,24:00:00,119.166667,0.002229,0.0,0.0,0.0,0.0,0.261477
3331,12-Nov-03,24:00:00,145.833333,0.001815,0.0,0.0,0.0,0.0,0.259742
3332,13-Nov-03,24:00:00,165.527054,0.00122,4.152054,0.0,0.023899,0.0,0.269002
3333,14-Nov-03,24:00:00,208.962259,0.00084,14.378926,0.0,0.007449,0.0,0.332056
3334,15-Nov-03,24:00:00,201.805443,0.000811,0.055443,0.0,0.0,0.0,0.333538
3335,16-Nov-03,24:00:00,237.458333,0.001942,0.0,0.0,0.0,0.0,0.333538
3336,17-Nov-03,24:00:00,254.333333,0.001734,0.0,0.0,0.0,0.0,0.332954
3337,18-Nov-03,24:00:00,260.75,0.00162,0.0,0.0,0.0,0.0,0.331372
3338,19-Nov-03,24:00:00,250.458333,0.001992,0.0,0.0,0.0,0.0,0.329373
3339,20-Nov-03,24:00:00,218.375,0.001901,0.0,0.0,0.0,0.0,0.327152
3340,21-Nov-03,24:00:00,192.083333,0.001713,0.0,0.0,0.0,0.0,0.325089
3341,22-Nov-03,24:00:00,189.083333,0.00158,0.0,0.0,0.0,0.0,0.323243
3342,23-Nov-03,24:00:00,186.125,0.00175,0.0,0.0,0.0,0.0,0.321429
3343,24-Nov-03,24:00:00,187.916667,0.001563,0.0,0.0,0.0,0.0,0.319579
3344,25-Nov-03,24:00:00,185.125,0.001806,0.0,0.0,0.0,0.0,0.317761
3345,26-Nov-03,24:00:00,169.666667,0.001536,0.0,0.0,0.0,0.0,0.315934
3346,27-Nov-03,24:00:00,164.208333,0.000844,0.0,0.0,0.0,0.0,0.314671
3347,28-Nov-03,24:00:00,200.876618,0.000634,14.834951,0.0,0.027486,0.0,0.354528
3348,29-Nov-03,24:00:00,196.713532,0.000658,6.838532,0.0,0.021494,0.0,0.393171
3349,30-Nov-03,24:00:00,242.096781,0.000691,19.513448,0.0,0.023403,0.0,0.46168
3350,01-Dec-03,24:00:00,202.729543,0.000899,1.729543,0.0,0.0,0.0,0.487873
3351,02-Dec-03,24:00:00,228.75,0.001688,0.0,0.0,0.0,0.0,0.487873
3352,03-Dec-03,24:00:00,281.590741,0.000552,1.757407,0.0,0.004568,0.0,0.49145
3353,04-Dec-03,24:00:00,307.290866,0.00066,8.9992,0.0,0.02411,0.0,0.525533
3354,05-Dec-03,24:00:00,528.581849,0.000666,263.123383,0.0,0.052105,0.0,0.629754
3355,06-Dec-03,24:00:00,325.23269,0.001422,40.149357,0.0,0.003284,0.0,0.688979
3356,07-Dec-03,24:00:00,295.602217,0.001221,0.018883,0.0,0.0,0.0,0.689636
3357,08-Dec-03,24:00:00,459.765333,0.000638,159.932214,153.297444,0.027731,0.01831,0.69518
3358,09-Dec-03,24:00:00,2204.067083,0.000783,1932.817083,1549.12375,0.041715,0.046818,0.708464
3359,10-Dec-03,24:00:00,1123.032717,0.001729,827.158011,818.89259,0.0,0.0,0.7
3360,11-Dec-03,24:00:00,1022.364349,0.000495,725.364519,712.957899,0.041112,0.033047,0.703972
3361,12-Dec-03,24:00:00,1921.60875,0.000614,1625.567083,1604.509583,0.027253,0.035317,0.702442
3362,13-Dec-03,24:00:00,2087.990417,0.001876,1793.906759,1483.946285,0.018258,0.018258,0.701769
3363,14-Dec-03,24:00:00,813.114832,0.001258,517.197973,513.546094,0.0,0.0,0.7
3364,15-Dec-03,24:00:00,599.704121,0.001394,300.829121,300.829121,0.0,0.0,0.699751
3365,16-Dec-03,24:00:00,539.597008,0.001384,240.597008,240.597008,0.0,0.0,0.697741
3366,17-Dec-03,24:00:00,502.733844,0.001647,203.733844,203.733844,0.0,0.0,0.694193
3367,18-Dec-03,24:00:00,775.063413,0.0006,476.063546,393.372964,0.026158,0.022267,0.696481
3368,19-Dec-03,24:00:00,1355.750592,0.000701,1056.750351,915.16846,0.01623,0.016373,0.700806
3369,20-Dec-03,24:00:00,936.880286,0.001238,638.838591,633.972508,0.0,0.0,0.7
3370,21-Dec-03,24:00:00,550.936181,0.001218,252.936181,252.936181,0.0,0.0,0.7
3371,22-Dec-03,24:00:00,1410.225092,0.000743,1112.225195,1090.860404,0.052759,0.049179,0.706163
3372,23-Dec-03,24:00:00,4708.726667,0.000794,4496.018333,2191.399167,0.039571,0.043151,0.713312
3373,24-Dec-03,24:00:00,1201.540819,0.00109,956.123856,909.245218,0.0,0.0,0.7
3374,25-Dec-03,24:00:00,687.581824,0.001278,391.706824,391.706824,0.0,0.0,0.7
3375,26-Dec-03,24:00:00,582.530621,0.001115,283.572288,283.572288,0.0,0.0,0.7
3376,27-Dec-03,24:00:00,535.239619,0.00046,237.197952,237.194941,0.000461,0.000461,0.7
3377,28-Dec-03,24:00:00,5327.371092,0.001032,5152.037669,1555.584135,0.055359,0.055359,0.712284
3378,29-Dec-03,24:00:00,1336.612446,0.000879,1191.529101,964.355908,0.0,0.0,0.7
3379,30-Dec-03,24:00:00,661.893908,0.001229,369.352241,369.352241,0.0,0.0,0.7
3380,31-Dec-03,24:00:00,2760.918029,0.001,2483.959629,1110.88506,0.031411,0.03141,0.704256
3381,01-Jan-04,24:00:00,1186.535056,0.000711,889.450924,820.603093,0.009348,0.009348,0.700393
3382,02-Jan-04,24:00:00,707.14842,0.001341,410.106753,409.799925,0.0,0.0,0.7
3383,03-Jan-04,24:00:00,553.179747,0.001159,256.179747,256.179747,0.0,0.0,0.7
3384,04-Jan-04,24:00:00,502.294141,0.001331,206.252474,206.252474,0.0,0.0,0.699651
3385,05-Jan-04,24:00:00,469.906221,0.001471,173.906221,173.906221,0.0,0.0,0.697683
3386,06-Jan-04,24:00:00,480.984325,0.000729,181.150992,179.459961,0.002898,0.001059,0.699383
3387,07-Jan-04,24:00:00,432.503288,0.00086,133.461622,133.434203,0.0,0.0,0.7
3388,08-Jan-04,24:00:00,1052.589862,0.00094,753.589757,551.069501,0.021668,0.021668,0.701941
3389,09-Jan-04,24:00:00,786.103976,0.001026,488.06233,454.32235,0.0,0.0,0.7
3390,10-Jan-04,24:00:00,469.871866,0.000998,171.871866,171.871866,0.0,0.0,0.7
3391,11-Jan-04,24:00:00,415.150143,0.000652,117.150143,117.150143,0.0,0.0,0.7
3392,12-Jan-04,24:00:00,394.623636,0.001496,96.623636,96.623636,0.0,0.0,0.699885
3393,13-Jan-04,24:00:00,378.901848,0.000708,81.860181,81.860181,0.0,0.0,0.699613
3394,14-Jan-04,24:00:00,367.195862,0.00141,69.237529,69.237529,0.0,0.0,0.699574
3395,15-Jan-04,24:00:00,355.409129,0.000805,58.367463,58.367463,0.0,0.0,0.699574
3396,16-Jan-04,24:00:00,346.108364,0.001175,49.108364,49.108364,0.0,0.0,0.699574
3397,17-Jan-04,24:00:00,338.278999,0.001293,41.278999,41.278999,0.0,0.0,0.698901
3398,18-Jan-04,24:00:00,332.641205,0.002064,34.682872,34.682872,0.0,0.0,0.695538
3399,19-Jan-04,24:00:00,327.135138,0.001852,29.135138,29.135138,0.0,0.0,0.6908
3400,20-Jan-04,24:00:00,323.431043,0.001822,24.472709,24.472709,0.0,0.0,0.686392
3401,21-Jan-04,24:00:00,318.597294,0.001529,20.555628,20.555628,0.0,0.0,0.682393
3402,22-Jan-04,24:00:00,315.265227,0.001262,17.265227,17.265227,0.0,0.0,0.678913
3403,23-Jan-04,24:00:00,312.501426,0.001245,14.501426,14.501426,0.0,0.0,0.677366
3404,24-Jan-04,24:00:00,310.180013,0.001938,12.180013,12.180013,0.0,0.0,0.677366
3405,25-Jan-04,24:00:00,308.2359,0.00091,10.2359,10.230202,0.000872,0.0,0.676748
3406,26-Jan-04,24:00:00,757.66765,0.001026,459.667762,444.372667,0.026766,0.017488,0.69855
3407,27-Jan-04,24:00:00,538.752149,0.001514,239.793816,238.707772,0.0,0.0,0.7
3408,28-Jan-04,24:00:00,371.981026,0.001279,73.93936,73.93936,0.0,0.0,0.7
3409,29-Jan-04,24:00:00,344.655985,0.001623,46.655985,46.655985,0.0,0.0,0.69947
3410,30-Jan-04,24:00:00,336.56655,0.002266,38.56655,38.56655,0.0,0.0,0.696108
3411,31-Jan-04,24:00:00,330.987867,0.000701,32.987867,32.987867,0.0,0.0,0.692312
3412,01-Feb-04,24:00:00,1211.461724,0.000818,913.461786,681.931804,0.042423,0.038798,0.703664
3413,02-Feb-04,24:00:00,1504.165474,0.000955,1206.165958,1165.843613,0.01244,0.01244,0.700091
3414,03-Feb-04,24:00:00,615.735161,0.002201,323.485161,323.340814,0.0,0.0,0.7
3415,04-Feb-04,24:00:00,454.321505,0.00216,156.571505,156.571505,0.0,0.0,0.698869
3416,05-Feb-04,24:00:00,425.388216,0.001198,127.388216,126.843898,0.002943,0.000688,0.697065
3417,06-Feb-04,24:00:00,418.548105,0.002266,121.506439,120.306065,0.0,0.0,0.7
3418,07-Feb-04,24:00:00,390.233257,0.002059,91.31659,91.31659,0.0,0.0,0.699866
3419,08-Feb-04,24:00:00,374.810704,0.002558,75.810704,75.810704,0.0,0.0,0.696848
3420,09-Feb-04,24:00:00,361.831071,0.002539,63.789404,63.789404,0.0,0.0,0.690646
3421,10-Feb-04,24:00:00,351.69222,0.002506,53.69222,53.69222,0.0,0.0,0.684528
3422,11-Feb-04,24:00:00,343.150866,0.003199,45.150866,45.150866,0.0,0.0,0.67796
3423,12-Feb-04,24:00:00,336.903026,0.001499,37.944693,37.944693,0.0,0.0,0.671893
3424,13-Feb-04,24:00:00,329.920343,0.001942,31.878676,31.878676,0.0,0.0,0.667925
3425,14-Feb-04,24:00:00,875.747524,0.000944,577.747573,557.647609,0.045296,0.030873,0.69466
3426,15-Feb-04,24:00:00,3264.740833,0.001014,3028.074167,1773.800417,0.073283,0.056449,0.721408
3427,16-Feb-04,24:00:00,4633.235833,0.001096,4592.819167,2433.797917,0.069324,0.060692,0.75488
3428,17-Feb-04,24:00:00,2560.800833,0.002364,2559.4675,2215.0775,0.003325,0.028791,0.715137
3429,18-Feb-04,24:00:00,881.789389,0.002707,783.081051,783.065635,0.0,0.0,0.699192
3430,19-Feb-04,24:00:00,709.308287,0.002253,419.433287,419.433287,0.0,0.0,0.695349
3431,20-Feb-04,24:00:00,625.740126,0.001386,327.740126,327.740126,0.0,0.0,0.690942
3432,21-Feb-04,24:00:00,574.180116,0.00137,277.138449,277.138449,0.0,0.0,0.687596
3433,22-Feb-04,24:00:00,532.324361,0.002217,235.324361,235.324361,0.0,0.0,0.68356
3434,23-Feb-04,24:00:00,725.748108,0.002317,428.748108,419.505654,0.016131,0.008011,0.69608
3435,24-Feb-04,24:00:00,2638.869346,0.002093,2361.036196,1330.762908,0.055027,0.053792,0.708448
3436,25-Feb-04,24:00:00,2330.722917,0.001829,2270.30625,2165.006667,0.039012,0.040247,0.703251
3437,26-Feb-04,24:00:00,1027.034452,0.002519,907.992739,906.022538,0.0,0.0,0.7
3438,27-Feb-04,24:00:00,694.408557,0.002994,401.825224,401.825224,0.0,0.0,0.698748
3439,28-Feb-04,24:00:00,592.857978,0.003049,293.816311,293.816311,0.0,0.0,0.693347
3440,29-Feb-04,24:00:00,730.832348,0.001747,432.790682,426.37535,0.011826,0.007428,0.696878
3441,01-Mar-04,24:00:00,611.829418,0.003761,313.829418,313.233048,0.0,0.0,0.699841
3442,02-Mar-04,24:00:00,504.272391,0.002693,206.272391,206.272391,0.0,0.0,0.6965
3443,03-Mar-04,24:00:00,464.306389,0.003612,166.306389,166.306389,0.0,0.0,0.689048
3444,04-Mar-04,24:00:00,437.460333,0.003481,139.460333,139.460333,0.0,0.0,0.680449
3445,05-Mar-04,24:00:00,414.482159,0.003995,117.440492,117.440492,0.0,0.0,0.671608
3446,06-Mar-04,24:00:00,395.816672,0.003972,98.816672,98.816672,0.0,0.0,0.661891
3447,07-Mar-04,24:00:00,380.073216,0.004296,83.073216,83.073216,0.0,0.0,0.652022
3448,08-Mar-04,24:00:00,366.804046,0.005435,69.804046,69.804046,0.0,0.0,0.640827
3449,09-Mar-04,24:00:00,355.640688,0.004375,58.640688,58.640688,0.0,0.0,0.628558
3450,10-Mar-04,24:00:00,346.257409,0.004345,49.257409,49.257409,0.0,0.0,0.618123
3451,11-Mar-04,24:00:00,338.373629,0.004737,41.373629,41.373629,0.0,0.0,0.607344
3452,12-Mar-04,24:00:00,331.750948,0.004484,34.750948,34.750948,0.0,0.0,0.596119
3453,13-Mar-04,24:00:00,326.188093,0.005674,29.188093,29.188093,0.0,0.0,0.584441
3454,14-Mar-04,24:00:00,321.51563,0.005538,24.51563,24.51563,0.0,0.0,0.570737
3455,15-Mar-04,24:00:00,319.507771,0.004784,20.591104,20.591104,0.0,0.0,0.558125
3456,16-Mar-04,24:00:00,317.253146,0.004342,17.294813,17.294813,0.0,0.0,0.547297
3457,17-Mar-04,24:00:00,313.567865,0.005189,14.526198,14.526198,0.0,0.0,0.536065
3458,18-Mar-04,24:00:00,310.242458,0.004829,12.200791,12.200791,0.0,0.0,0.523788
3459,19-Mar-04,24:00:00,307.28931,0.005501,10.247643,10.247643,0.0,0.0,0.511593
3460,20-Mar-04,24:00:00,291.232162,0.005349,8.607162,8.607162,0.0,0.0,0.498517
3461,21-Mar-04,24:00:00,285.395962,0.005649,7.229295,7.229295,0.0,0.0,0.485341
3462,22-Mar-04,24:00:00,285.988669,0.004688,6.072003,6.072003,0.0,0.0,0.472885
3463,23-Mar-04,24:00:00,267.849974,0.003036,5.099974,5.099974,0.0,0.0,0.463407
3464,24-Mar-04,24:00:00,412.631294,0.001473,189.92296,4.283551,0.026907,0.0,0.482771
3465,25-Mar-04,24:00:00,338.071414,0.002488,75.863081,3.59783,0.0,0.0,0.522723
3466,26-Mar-04,24:00:00,178.855213,0.004211,3.021879,3.021879,0.0,0.0,0.520097
3467,27-Mar-04,24:00:00,198.496462,0.005226,2.538128,2.538128,0.0,0.0,0.510299
3468,28-Mar-04,24:00:00,199.131816,0.00571,2.131816,2.131816,0.0,0.0,0.497292
3469,29-Mar-04,24:00:00,198.790548,0.003942,1.790548,1.790548,0.0,0.0,0.485607
3470,30-Mar-04,24:00:00,198.50391,0.004709,1.50391,1.50391,0.0,0.0,0.47527
3471,31-Mar-04,24:00:00,198.263158,0.005221,1.263158,1.263158,0.0,0.0,0.463352
3472,01-Apr-04,24:00:00,195.185947,0.005601,1.060947,1.060947,0.0,0.0,0.450315
3473,02-Apr-04,24:00:00,193.932774,0.005787,0.891107,0.891107,0.0,0.0,0.436728
3474,03-Apr-04,24:00:00,193.748455,0.004586,0.748455,0.748455,0.0,0.0,0.42423
3475,04-Apr-04,24:00:00,193.62864,0.002648,0.62864,0.62864,0.0,0.0,0.415488
3476,05-Apr-04,24:00:00,192.569672,0.004172,0.528005,0.528005,0.0,0.0,0.407853
3477,06-Apr-04,24:00:00,191.485147,0.005868,0.44348,0.44348,0.0,0.0,0.397525
3478,07-Apr-04,24:00:00,191.372486,0.006209,0.372486,0.372486,0.0,0.0,0.385891
3479,08-Apr-04,24:00:00,190.354524,0.006479,0.312857,0.312857,0.0,0.0,0.375011
3480,09-Apr-04,24:00:00,188.346107,0.006837,0.262774,0.262774,0.0,0.0,0.364802
3481,10-Apr-04,24:00:00,188.220708,0.006119,0.220708,0.220708,0.0,0.0,0.355636
3482,11-Apr-04,24:00:00,187.227043,0.00494,0.185376,0.185376,0.0,0.0,0.348786
3483,12-Apr-04,24:00:00,187.1557,0.004091,0.1557,0.1557,0.0,0.0,0.343236
3484,13-Apr-04,24:00:00,187.130775,0.002258,0.130775,0.130775,0.0,0.0,0.339582
3485,14-Apr-04,24:00:00,190.943174,0.003119,0.10984,0.10984,0.0,0.0,0.338437
3486,15-Apr-04,24:00:00,191.092257,0.002918,0.092257,0.092257,0.0,0.0,0.336866
3487,16-Apr-04,24:00:00,190.119155,0.004366,0.077488,0.077488,0.0,0.0,0.332814
3488,17-Apr-04,24:00:00,185.273417,0.001687,0.065083,0.065083,0.0,0.0,0.329282
3489,18-Apr-04,24:00:00,191.618954,0.001594,7.577288,0.054665,0.027421,0.0,0.344058
3490,19-Apr-04,24:00:00,184.154666,0.00334,8.779666,0.045914,0.0,0.0,0.393297
3491,20-Apr-04,24:00:00,176.978098,0.003992,1.978098,0.038564,0.003338,0.0,0.399805
3492,21-Apr-04,24:00:00,178.906587,0.00592,0.073254,0.03239,0.0,0.0,0.396186
3493,22-Apr-04,24:00:00,176.152205,0.006719,0.027205,0.027205,0.0,0.0,0.384343
3494,23-Apr-04,24:00:00,162.606183,0.006735,0.02285,0.02285,0.0,0.0,0.372834
3495,24-Apr-04,24:00:00,149.560859,0.007124,0.019192,0.019192,0.0,0.0,0.362402
3496,25-Apr-04,24:00:00,154.76612,0.007545,0.01612,0.01612,0.0,0.0,0.352736
3497,26-Apr-04,24:00:00,146.388539,0.007823,0.013539,0.013539,0.0,0.0,0.343423
3498,27-Apr-04,24:00:00,148.886372,0.007551,0.011372,0.011372,0.0,0.0,0.334464
3499,28-Apr-04,24:00:00,146.134551,0.007009,0.009551,0.009551,0.0,0.0,0.326143
3500,29-Apr-04,24:00:00,139.299689,0.007217,0.008022,0.008022,0.0,0.0,0.318312
3501,30-Apr-04,24:00:00,134.215071,0.007788,0.006738,0.006738,0.0,0.0,0.310339
3502,01-May-04,24:00:00,134.963993,0.007814,0.005659,0.005659,0.0,0.0,0.302023
3503,02-May-04,24:00:00,139.79642,0.007732,0.004754,0.004754,0.0,0.0,0.294066
3504,03-May-04,24:00:00,139.045659,0.007267,0.003993,0.003993,0.0,0.0,0.286594
3505,04-May-04,24:00:00,134.211687,0.00626,0.003353,0.003353,0.0,0.0,0.279913
3506,05-May-04,24:00:00,134.002816,0.006818,0.002816,0.002816,0.0,0.0,0.273829
3507,06-May-04,24:00:00,134.002366,0.003536,0.002366,0.002366,0.0,0.0,0.268901
3508,07-May-04,24:00:00,133.043654,0.006452,0.001987,0.001987,0.0,0.0,0.264367
3509,08-May-04,24:00:00,134.918336,0.006788,0.001669,0.001669,0.0,0.0,0.258409
3510,09-May-04,24:00:00,132.126402,0.005845,0.001402,0.001402,0.0,0.0,0.252812
3511,10-May-04,24:00:00,131.042844,0.005389,0.001177,0.001177,0.0,0.0,0.247932
3512,11-May-04,24:00:00,144.417656,0.007213,0.000989,0.000989,0.0,0.0,0.242803
3513,12-May-04,24:00:00,145.959164,0.007825,0.000831,0.000831,0.0,0.0,0.236701
3514,13-May-04,24:00:00,155.584031,0.008107,0.000698,0.000698,0.0,0.0,0.230292
3515,14-May-04,24:00:00,156.000586,0.007492,0.000586,0.000586,0.0,0.0,0.224274
3516,15-May-04,24:00:00,155.042159,0.00726,0.000492,0.000492,0.0,0.0,0.218529
3517,16-May-04,24:00:00,155.000413,0.003535,0.000413,0.000413,0.0,0.0,0.214476
3518,17-May-04,24:00:00,155.000347,0.005572,0.000347,0.000347,0.0,0.0,0.211145
3519,18-May-04,24:00:00,154.041958,0.006927,0.000292,0.000292,0.0,0.0,0.206693
3520,19-May-04,24:00:00,153.041912,0.006766,0.000245,0.000245,0.0,0.0,0.201858
3521,20-May-04,24:00:00,151.083539,0.005681,0.000206,0.000206,0.0,0.0,0.197667
3522,21-May-04,24:00:00,151.000173,0.004373,0.000173,0.000173,0.0,0.0,0.194245
3523,22-May-04,24:00:00,151.000145,0.007054,0.000145,0.000145,0.0,0.0,0.190454
3524,23-May-04,24:00:00,139.500122,0.007439,0.000122,0.000122,0.0,0.0,0.185786
3525,24-May-04,24:00:00,161.041769,0.006806,0.000102,0.000102,0.0,0.0,0.181394
3526,25-May-04,24:00:00,139.958419,0.007767,8.6e-05,8.6e-05,0.0,0.0,0.176896
3527,26-May-04,24:00:00,133.250072,0.006239,7.2e-05,7.2e-05,0.0,0.0,0.172554
3528,27-May-04,24:00:00,133.000061,0.005827,6.1e-05,6.1e-05,0.0,0.0,0.169113
3529,28-May-04,24:00:00,133.000051,0.007464,5.1e-05,5.1e-05,0.0,0.0,0.16531
3530,29-May-04,24:00:00,133.000043,0.008483,4.3e-05,4.3e-05,0.0,0.0,0.160903
3531,30-May-04,24:00:00,133.000036,0.009104,3.6e-05,3.6e-05,0.0,0.0,0.156156
3532,31-May-04,24:00:00,107.508365,0.006054,3e-05,3e-05,0.0,0.0,0.151961
3533,01-Jun-04,24:00:00,113.300024,0.008716,2.5e-05,2.5e-05,0.0,0.0,0.148275
3534,02-Jun-04,24:00:00,109.766686,0.009044,2.1e-05,2.1e-05,0.0,0.0,0.143883
3535,03-Jun-04,24:00:00,109.600016,0.009273,1.8e-05,1.8e-05,0.0,0.0,0.13946
3536,04-Jun-04,24:00:00,108.833351,0.008528,1.5e-05,1.5e-05,0.0,0.0,0.135186
3537,05-Jun-04,24:00:00,119.533346,0.007792,1.3e-05,1.3e-05,0.0,0.0,0.131407
3538,06-Jun-04,24:00:00,110.033342,0.007332,1.1e-05,1.1e-05,0.0,0.0,0.128031
3539,07-Jun-04,24:00:00,108.620209,0.006,0.553543,9e-06,0.002529,0.0,0.126412
3540,08-Jun-04,24:00:00,105.112437,0.007315,0.945771,7e-06,0.0,0.0,0.129691
3541,09-Jun-04,24:00:00,102.466674,0.007577,6e-06,6e-06,0.0,0.0,0.127243
3542,10-Jun-04,24:00:00,106.23334,0.008251,5e-06,5e-06,0.0,0.0,0.123885
3543,11-Jun-04,24:00:00,109.46667,0.00854,4e-06,4e-06,0.0,0.0,0.120359
3544,12-Jun-04,24:00:00,112.666673,0.008447,4e-06,4e-06,0.0,0.0,0.116845
3545,13-Jun-04,24:00:00,108.966673,0.009015,3e-06,3e-06,0.0,0.0,0.11344
3546,14-Jun-04,24:00:00,108.800006,0.009207,3e-06,3e-06,0.0,0.0,0.109926
3547,15-Jun-04,24:00:00,105.733334,0.009565,2e-06,2e-06,0.0,0.0,0.106472
3548,16-Jun-04,24:00:00,103.300006,0.006354,2e-06,2e-06,0.0,0.0,0.10356
3549,17-Jun-04,24:00:00,103.966669,0.006636,2e-06,2e-06,0.0,0.0,0.101301
3550,18-Jun-04,24:00:00,107.066672,0.008239,1e-06,1e-06,0.0,0.0,0.0988
3551,19-Jun-04,24:00:00,110.26667,0.008945,1e-06,1e-06,0.0,0.0,0.095895
3552,20-Jun-04,24:00:00,109.633332,0.009204,1e-06,1e-06,0.0,0.0,0.092959
3553,21-Jun-04,24:00:00,108.066668,0.008654,1e-06,1e-06,0.0,0.0,0.090133
3554,22-Jun-04,24:00:00,104.933337,0.00812,1e-06,1e-06,0.0,0.0,0.087552
3555,23-Jun-04,24:00:00,113.233333,0.008481,1e-06,1e-06,0.0,0.0,0.085133
3556,24-Jun-04,24:00:00,105.16667,0.009226,0.0,0.0,0.0,0.0,0.082597
3557,25-Jun-04,24:00:00,103.266672,0.008906,0.0,0.0,0.0,0.0,0.080032
3558,26-Jun-04,24:00:00,107.033338,0.008867,0.0,0.0,0.0,0.0,0.077626
3559,27-Jun-04,24:00:00,112.56667,0.00882,0.0,0.0,0.0,0.0,0.075296
3560,28-Jun-04,24:00:00,115.866667,0.007296,0.0,0.0,0.0,0.0,0.073228
3561,29-Jun-04,24:00:00,110.633335,0.006685,0.0,0.0,0.0,0.0,0.071522
3562,30-Jun-04,24:00:00,108.1,0.008482,0.0,0.0,0.0,0.0,0.069676
3563,01-Jul-04,24:00:00,101.866666,0.009168,0.0,0.0,0.0,0.0,0.06762
3564,02-Jul-04,24:00:00,103.9,0.009082,0.0,0.0,0.0,0.0,0.06552
3565,03-Jul-04,24:00:00,104.76667,0.009104,0.0,0.0,0.0,0.0,0.063495
3566,04-Jul-04,24:00:00,103.266672,0.009199,0.0,0.0,0.0,0.0,0.061534
3567,05-Jul-04,24:00:00,97.833333,0.009519,0.0,0.0,0.0,0.0,0.0596
3568,06-Jul-04,24:00:00,88.4,0.007948,0.0,0.0,0.0,0.0,0.057836
3569,07-Jul-04,24:00:00,85.699999,0.006262,0.0,0.0,0.0,0.0,0.056441
3570,08-Jul-04,24:00:00,83.300005,0.005964,0.0,0.0,0.0,0.0,0.05527
3571,09-Jul-04,24:00:00,83.200005,0.008333,0.0,0.0,0.0,0.0,0.053923
3572,10-Jul-04,24:00:00,85.499999,0.008613,0.0,0.0,0.0,0.0,0.052373
3573,11-Jul-04,24:00:00,84.066667,0.008818,0.0,0.0,0.0,0.0,0.05084
3574,12-Jul-04,24:00:00,85.533331,0.00856,0.0,0.0,0.0,0.0,0.049345
3575,13-Jul-04,24:00:00,87.9,0.00843,0.0,0.0,0.0,0.0,0.047927
3576,14-Jul-04,24:00:00,87.233338,0.008784,0.0,0.0,0.0,0.0,0.046532
3577,15-Jul-04,24:00:00,84.133334,0.008155,0.0,0.0,0.0,0.0,0.045176
3578,16-Jul-04,24:00:00,84.0,0.008228,0.0,0.0,0.0,0.0,0.04395
3579,17-Jul-04,24:00:00,84.76667,0.008763,0.0,0.0,0.0,0.0,0.042681
3580,18-Jul-04,24:00:00,83.266672,0.008769,0.0,0.0,0.0,0.0,0.041421
3581,19-Jul-04,24:00:00,83.966667,0.008443,0.0,0.0,0.0,0.0,0.040204
3582,20-Jul-04,24:00:00,87.833333,0.009263,0.0,0.0,0.0,0.0,0.039011
3583,21-Jul-04,24:00:00,100.26667,0.009483,0.0,0.0,0.0,0.0,0.037784
3584,22-Jul-04,24:00:00,115.366667,0.008669,0.0,0.0,0.0,0.0,0.036614
3585,23-Jul-04,24:00:00,106.800002,0.008409,0.0,0.0,0.0,0.0,0.035551
3586,24-Jul-04,24:00:00,107.933333,0.009117,0.0,0.0,0.0,0.0,0.034503
3587,25-Jul-04,24:00:00,108.0,0.009345,0.0,0.0,0.0,0.0,0.033429
3588,26-Jul-04,24:00:00,108.0,0.009018,0.0,0.0,0.0,0.0,0.032393
3589,27-Jul-04,24:00:00,108.0,0.008028,0.0,0.0,0.0,0.0,0.031453
3590,28-Jul-04,24:00:00,108.0,0.007042,0.0,0.0,0.0,0.0,0.030653
3591,29-Jul-04,24:00:00,108.0,0.008038,0.0,0.0,0.0,0.0,0.029871
3592,30-Jul-04,24:00:00,108.0,0.007902,0.0,0.0,0.0,0.0,0.029051
3593,31-Jul-04,24:00:00,108.0,0.007436,0.0,0.0,0.0,0.0,0.028297
3594,01-Aug-04,24:00:00,108.0,0.0064,0.0,0.0,0.0,0.0,0.02764
3595,02-Aug-04,24:00:00,108.0,0.007843,0.0,0.0,0.0,0.0,0.026969
3596,03-Aug-04,24:00:00,108.0,0.008263,0.0,0.0,0.0,0.0,0.026236
3597,04-Aug-04,24:00:00,108.0,0.007633,0.0,0.0,0.0,0.0,0.025532
3598,05-Aug-04,24:00:00,108.0,0.007666,0.0,0.0,0.0,0.0,0.024863
3599,06-Aug-04,24:00:00,108.0,0.007701,0.0,0.0,0.0,0.0,0.024212
3600,07-Aug-04,24:00:00,108.0,0.008559,0.0,0.0,0.0,0.0,0.023553
3601,08-Aug-04,24:00:00,108.0,0.008373,0.0,0.0,0.0,0.0,0.022881
3602,09-Aug-04,24:00:00,108.0,0.007986,0.0,0.0,0.0,0.0,0.022244
3603,10-Aug-04,24:00:00,108.0,0.008329,0.0,0.0,0.0,0.0,0.021628
3604,11-Aug-04,24:00:00,108.0,0.008546,0.0,0.0,0.0,0.0,0.021019
3605,12-Aug-04,24:00:00,108.0,0.008217,0.0,0.0,0.0,0.0,0.020424
3606,13-Aug-04,24:00:00,108.0,0.006707,0.0,0.0,0.0,0.0,0.019893
3607,14-Aug-04,24:00:00,108.0,0.008128,0.0,0.0,0.0,0.0,0.019405
3608,15-Aug-04,24:00:00,108.0,0.007941,0.0,0.0,0.0,0.0,0.018872
3609,16-Aug-04,24:00:00,108.0,0.008178,0.0,0.0,0.0,0.0,0.018356
3610,17-Aug-04,24:00:00,108.0,0.008302,0.0,0.0,0.0,0.0,0.017848
3611,18-Aug-04,24:00:00,108.0,0.007761,0.0,0.0,0.0,0.0,0.01736
3612,19-Aug-04,24:00:00,108.0,0.007515,0.0,0.0,0.0,0.0,0.016906
3613,20-Aug-04,24:00:00,108.0,0.007134,0.0,0.0,0.0,0.0,0.016489
3614,21-Aug-04,24:00:00,108.0,0.004708,0.0,0.0,0.0,0.0,0.016148
3615,22-Aug-04,24:00:00,108.0,0.007141,0.0,0.0,0.0,0.0,0.015829
3616,23-Aug-04,24:00:00,108.0,0.007192,0.0,0.0,0.0,0.0,0.015447
3617,24-Aug-04,24:00:00,108.0,0.006194,0.0,0.0,0.0,0.0,0.015089
3618,25-Aug-04,24:00:00,108.0,0.00706,0.0,0.0,0.0,0.0,0.014749
3619,26-Aug-04,24:00:00,108.0,0.006986,0.0,0.0,0.0,0.0,0.0144
3620,27-Aug-04,24:00:00,108.0,0.007499,0.0,0.0,0.0,0.0,0.014051
3621,28-Aug-04,24:00:00,108.0,0.007603,0.0,0.0,0.0,0.0,0.013693
3622,29-Aug-04,24:00:00,108.0,0.007638,0.0,0.0,0.0,0.0,0.013339
3623,30-Aug-04,24:00:00,108.0,0.007317,0.0,0.0,0.0,0.0,0.012999
3624,31-Aug-04,24:00:00,107.233338,0.007184,0.0,0.0,0.0,0.0,0.012681
3625,01-Sep-04,24:00:00,107.966667,0.007261,0.0,0.0,0.0,0.0,0.012371
3626,02-Sep-04,24:00:00,108.0,0.007508,0.0,0.0,0.0,0.0,0.012059
3627,03-Sep-04,24:00:00,108.0,0.007124,0.0,0.0,0.0,0.0,0.01176
3628,04-Sep-04,24:00:00,107.233338,0.00729,0.0,0.0,0.0,0.0,0.011474
3629,05-Sep-04,24:00:00,107.966667,0.007235,0.0,0.0,0.0,0.0,0.01119
3630,06-Sep-04,24:00:00,108.0,0.007301,0.0,0.0,0.0,0.0,0.010916
3631,07-Sep-04,24:00:00,108.0,0.007125,0.0,0.0,0.0,0.0,0.010647
3632,08-Sep-04,24:00:00,107.233338,0.007046,0.0,0.0,0.0,0.0,0.010393
3633,09-Sep-04,24:00:00,107.966667,0.007047,0.0,0.0,0.0,0.0,0.010145
3634,10-Sep-04,24:00:00,108.0,0.006972,0.0,0.0,0.0,0.0,0.009902
3635,11-Sep-04,24:00:00,108.0,0.006586,0.0,0.0,0.0,0.0,0.009672
3636,12-Sep-04,24:00:00,109.533331,0.006353,0.0,0.0,0.0,0.0,0.009458
3637,13-Sep-04,24:00:00,109.599998,0.00615,0.0,0.0,0.0,0.0,0.009259
3638,14-Sep-04,24:00:00,107.300005,0.007146,0.0,0.0,0.0,0.0,0.009054
3639,15-Sep-04,24:00:00,107.966667,0.006939,0.0,0.0,0.0,0.0,0.008837
3640,16-Sep-04,24:00:00,110.300002,0.006192,0.0,0.0,0.0,0.0,0.008637
3641,17-Sep-04,24:00:00,118.833338,0.005379,0.0,0.0,0.0,0.0,0.008464
3642,18-Sep-04,24:00:00,122.266669,0.003944,0.0,0.0,0.0,0.0,0.008332
3643,19-Sep-04,24:00:00,119.333338,0.004904,0.0,0.0,0.0,0.0,0.008204
3644,20-Sep-04,24:00:00,109.999998,0.004034,0.0,0.0,0.0,0.0,0.008082
3645,21-Sep-04,24:00:00,109.599998,0.005726,0.0,0.0,0.0,0.0,0.007948
3646,22-Sep-04,24:00:00,108.066667,0.005148,0.0,0.0,0.0,0.0,0.007798
3647,23-Sep-04,24:00:00,105.699998,0.00558,0.0,0.0,0.0,0.0,0.007657
3648,24-Sep-04,24:00:00,106.366668,0.005041,0.0,0.0,0.0,0.0,0.00752
3649,25-Sep-04,24:00:00,110.233335,0.005644,0.0,0.0,0.0,0.0,0.007383
3650,26-Sep-04,24:00:00,110.400002,0.005283,0.0,0.0,0.0,0.0,0.007245
3651,27-Sep-04,24:00:00,110.400002,0.003718,0.0,0.0,0.0,0.0,0.007135
3652,28-Sep-04,24:00:00,110.400002,0.003708,0.0,0.0,0.0,0.0,0.007045
3653,29-Sep-04,24:00:00,109.633332,0.004043,0.0,0.0,0.0,0.0,0.006952
3654,30-Sep-04,24:00:00,132.025,0.003454,0.0,0.0,0.0,0.0,0.006862
3655,01-Oct-04,24:00:00,138.75,0.004793,0.0,0.0,0.0,0.0,0.006765
3656,02-Oct-04,24:00:00,139.0,0.005159,0.0,0.0,0.0,0.0,0.006651
3657,03-Oct-04,24:00:00,136.125,0.004905,0.0,0.0,0.0,0.0,0.006538
3658,04-Oct-04,24:00:00,140.791667,0.005686,0.0,0.0,0.0,0.0,0.006422
3659,05-Oct-04,24:00:00,142.916667,0.005184,0.0,0.0,0.0,0.0,0.006301
3660,06-Oct-04,24:00:00,143.958333,0.004693,0.0,0.0,0.0,0.0,0.006194
3661,07-Oct-04,24:00:00,140.166667,0.004297,0.0,0.0,0.0,0.0,0.006099
3662,08-Oct-04,24:00:00,135.208333,0.004241,0.0,0.0,0.0,0.0,0.00601
3663,09-Oct-04,24:00:00,135.958333,0.00441,0.0,0.0,0.0,0.0,0.005923
3664,10-Oct-04,24:00:00,134.083333,0.005516,0.0,0.0,0.0,0.0,0.005824
3665,11-Oct-04,24:00:00,133.041667,0.0039,0.0,0.0,0.0,0.0,0.005727
3666,12-Oct-04,24:00:00,108.083333,0.00429,0.0,0.0,0.0,0.0,0.005648
3667,13-Oct-04,24:00:00,92.625,0.004002,0.0,0.0,0.0,0.0,0.005568
3668,14-Oct-04,24:00:00,91.041667,0.004264,0.0,0.0,0.0,0.0,0.005491
3669,15-Oct-04,24:00:00,92.916667,0.001465,0.0,0.0,0.0,0.0,0.005435
3670,16-Oct-04,24:00:00,98.847139,0.001408,2.972139,0.0,0.007079,0.0,0.011413
3671,17-Oct-04,24:00:00,98.243583,0.00194,1.28525,0.0,0.003409,0.0,0.022894
3672,18-Oct-04,24:00:00,144.181004,0.001326,43.347671,0.0,0.076554,0.0,0.161389
3673,19-Oct-04,24:00:00,111.279324,0.001573,10.279324,0.0,0.010713,0.0,0.237541
3674,20-Oct-04,24:00:00,101.074041,0.002893,0.074041,0.0,0.0,0.0,0.239941
3675,21-Oct-04,24:00:00,101.0,0.002321,0.0,0.0,0.0,0.0,0.238853
3676,22-Oct-04,24:00:00,104.526137,0.001564,3.526137,0.0,0.006418,0.0,0.247091
3677,23-Oct-04,24:00:00,101.279358,0.002658,0.279358,0.0,0.0,0.0,0.253214
3678,24-Oct-04,24:00:00,109.882737,0.002562,7.924404,0.0,0.021435,0.0,0.256016
3679,25-Oct-04,24:00:00,548.225776,0.002272,445.267442,0.0,0.016955,0.0,0.342198
3680,26-Oct-04,24:00:00,118.505756,0.002144,1.130756,0.0,0.0,0.0,0.343285
3681,27-Oct-04,24:00:00,115.125,0.002291,0.0,0.0,0.0,0.0,0.341822
3682,28-Oct-04,24:00:00,117.875,0.002647,0.0,0.0,0.0,0.0,0.338896
3683,29-Oct-04,24:00:00,119.916667,0.002207,0.0,0.0,0.0,0.0,0.33614
3684,30-Oct-04,24:00:00,121.916667,0.002509,0.0,0.0,0.0,0.0,0.333375
3685,31-Oct-04,24:00:00,129.666667,0.002438,0.0,0.0,0.0,0.0,0.330551
3686,01-Nov-04,24:00:00,149.166667,0.002907,0.0,0.0,0.0,0.0,0.327656
3687,02-Nov-04,24:00:00,149.041667,0.001852,0.0,0.0,0.0,0.0,0.324858
3688,03-Nov-04,24:00:00,145.166667,0.001622,0.0,0.0,0.0,0.0,0.322956
3689,04-Nov-04,24:00:00,165.125,0.002355,0.0,0.0,0.0,0.0,0.320738
3690,05-Nov-04,24:00:00,150.666667,0.002366,0.0,0.0,0.0,0.0,0.318184
3691,06-Nov-04,24:00:00,158.625,0.001718,0.0,0.0,0.0,0.0,0.316012
3692,07-Nov-04,24:00:00,159.958333,0.000858,0.0,0.0,0.0,0.0,0.31458
3693,08-Nov-04,24:00:00,145.62965,0.00167,0.00465,0.0,0.000712,0.0,0.313285
3694,09-Nov-04,24:00:00,126.13733,0.000965,6.053997,0.0,0.012621,0.0,0.333225
3695,10-Nov-04,24:00:00,111.815755,0.00104,2.399089,0.0,0.000943,0.0,0.346372
3696,11-Nov-04,24:00:00,107.08949,0.001831,0.006156,0.0,0.0,0.0,0.346561
3697,12-Nov-04,24:00:00,106.041667,0.002335,0.0,0.0,0.0,0.0,0.346049
3698,13-Nov-04,24:00:00,106.0,0.001985,0.0,0.0,0.0,0.0,0.344174
3699,14-Nov-04,24:00:00,105.041667,0.001836,0.0,0.0,0.0,0.0,0.341913
3700,15-Nov-04,24:00:00,102.125,0.001443,0.0,0.0,0.0,0.0,0.340034
3701,16-Nov-04,24:00:00,91.458333,0.001877,0.0,0.0,0.0,0.0,0.338097
3702,17-Nov-04,24:00:00,91.958333,0.002475,0.0,0.0,0.0,0.0,0.335669
3703,18-Nov-04,24:00:00,105.416667,0.00149,0.0,0.0,0.0,0.0,0.333304
3704,19-Nov-04,24:00:00,111.75,0.002095,0.0,0.0,0.0,0.0,0.331374
3705,20-Nov-04,24:00:00,110.083333,0.001886,0.0,0.0,0.0,0.0,0.328956
3706,21-Nov-04,24:00:00,113.833333,0.001678,0.0,0.0,0.0,0.0,0.32699
3707,22-Nov-04,24:00:00,106.333333,0.001799,0.0,0.0,0.0,0.0,0.325057
3708,23-Nov-04,24:00:00,100.25,0.001724,0.0,0.0,0.0,0.0,0.323078
3709,24-Nov-04,24:00:00,99.041667,0.000663,0.0,0.0,0.0,0.0,0.321762
3710,25-Nov-04,24:00:00,98.041667,0.001081,0.0,0.0,0.0,0.0,0.320787
3711,26-Nov-04,24:00:00,102.11845,0.002172,0.285116,0.0,0.00049,0.0,0.321172
3712,27-Nov-04,24:00:00,109.671837,0.001484,0.00517,0.0,0.0,0.0,0.321368
3713,28-Nov-04,24:00:00,91.791667,0.001466,0.0,0.0,0.0,0.0,0.320908
3714,29-Nov-04,24:00:00,97.708333,0.00073,0.0,0.0,0.0,0.0,0.319949
3715,30-Nov-04,24:00:00,96.083333,0.001234,0.0,0.0,0.0,0.0,0.318882
3716,01-Dec-04,24:00:00,103.666667,0.001445,0.0,0.0,0.0,0.0,0.317409
3717,02-Dec-04,24:00:00,89.625,0.001478,0.0,0.0,0.0,0.0,0.31583
3718,03-Dec-04,24:00:00,69.833333,0.000953,0.0,0.0,0.0,0.0,0.314524
3719,04-Dec-04,24:00:00,71.875,0.001912,0.0,0.0,0.0,0.0,0.312953
3720,05-Dec-04,24:00:00,76.277335,0.000514,6.194002,0.0,0.042298,0.0,0.327778
3721,06-Dec-04,24:00:00,164.934115,0.001096,37.434115,0.0,0.036037,0.0,0.430263
3722,07-Dec-04,24:00:00,3192.612586,0.000841,3094.237573,0.0,0.061699,0.0,0.616521
3723,08-Dec-04,24:00:00,219.846792,0.001537,51.930126,0.0,0.0,0.0,0.647533
3724,09-Dec-04,24:00:00,173.875,0.000778,0.0,0.0,0.0,0.0,0.647533
3725,10-Dec-04,24:00:00,169.208333,0.001127,0.0,0.0,0.0,0.0,0.647533
3726,11-Dec-04,24:00:00,181.458333,0.001107,0.0,0.0,0.0,0.0,0.646868
3727,12-Dec-04,24:00:00,195.416667,0.000665,0.0,0.0,0.0,0.0,0.645117
3728,13-Dec-04,24:00:00,208.458333,0.001333,0.0,0.0,0.0,0.0,0.642725
3729,14-Dec-04,24:00:00,206.125,0.00123,0.0,0.0,0.0,0.0,0.639662
3730,15-Dec-04,24:00:00,218.458333,0.001441,0.0,0.0,0.0,0.0,0.636417
3731,16-Dec-04,24:00:00,219.0,0.00144,0.0,0.0,0.0,0.0,0.63295
3732,17-Dec-04,24:00:00,217.083333,0.001438,0.0,0.0,0.0,0.0,0.629497
3733,18-Dec-04,24:00:00,216.041667,0.00155,0.0,0.0,0.0,0.0,0.62594
3734,19-Dec-04,24:00:00,213.125,0.001322,0.0,0.0,0.0,0.0,0.622505
3735,20-Dec-04,24:00:00,247.5,0.00149,0.0,0.0,0.0,0.0,0.619141
3736,21-Dec-04,24:00:00,250.916667,0.001458,0.0,0.0,0.0,0.0,0.615573
3737,22-Dec-04,24:00:00,250.041667,0.001518,0.0,0.0,0.0,0.0,0.61203
3738,23-Dec-04,24:00:00,250.0,0.001434,0.0,0.0,0.0,0.0,0.608468
3739,24-Dec-04,24:00:00,250.0,0.0014,0.0,0.0,0.0,0.0,0.605099
3740,25-Dec-04,24:00:00,320.470946,0.000426,62.804279,45.25873,0.052367,0.00963,0.64038
3741,26-Dec-04,24:00:00,1910.851119,0.000566,1648.059485,1605.863562,0.057465,0.059914,0.70831
3742,27-Dec-04,24:00:00,1557.449583,0.000582,1294.450109,1283.626407,0.013474,0.013474,0.700126
3743,28-Dec-04,24:00:00,865.873328,0.000851,602.87336,576.844928,0.015534,0.011932,0.700898
3744,29-Dec-04,24:00:00,2306.345833,0.000994,2043.345833,1549.163333,0.031624,0.035225,0.707433
3745,30-Dec-04,24:00:00,1252.093946,0.000404,989.09364,977.136472,0.020498,0.020498,0.700468
3746,31-Dec-04,24:00:00,1109.299382,0.000574,847.257793,840.524209,0.003674,0.003674,0.7
3747,01-Jan-05,24:00:00,819.058719,0.000648,556.100386,552.435919,0.00626,0.00626,0.7
3748,02-Jan-05,24:00:00,574.302906,0.000649,311.302906,311.226358,0.0,0.0,0.7
3749,03-Jan-05,24:00:00,492.398243,0.000616,229.398243,229.398243,0.0,0.0,0.7
3750,04-Jan-05,24:00:00,452.679529,0.000613,190.637863,190.637863,0.0,0.0,0.7
3751,05-Jan-05,24:00:00,423.964409,0.000666,161.006076,161.006076,0.0,0.0,0.7
3752,06-Jan-05,24:00:00,825.132839,0.001011,562.133192,552.781727,0.018986,0.018986,0.700216
3753,07-Jan-05,24:00:00,1081.481271,0.000732,818.481082,807.338275,0.024986,0.024986,0.700906
3754,08-Jan-05,24:00:00,999.537235,0.000585,736.53698,730.313761,0.001096,0.001096,0.7
3755,09-Jan-05,24:00:00,667.843034,0.00072,404.842859,352.771697,0.013842,0.013842,0.700556
3756,10-Jan-05,24:00:00,1356.921139,0.001758,1093.921139,994.186546,0.013947,0.013947,0.700159
3757,11-Jan-05,24:00:00,613.538773,0.001526,350.538773,350.404714,0.0,0.0,0.7
3758,12-Jan-05,24:00:00,466.025514,0.001356,203.025514,203.025514,0.0,0.0,0.699574
3759,13-Jan-05,24:00:00,423.301884,0.001446,161.260218,161.260218,0.0,0.0,0.697288
3760,14-Jan-05,24:00:00,398.093542,0.001485,136.093542,136.093542,0.0,0.0,0.693726
3761,15-Jan-05,24:00:00,377.21974,0.000972,115.21974,115.21974,0.0,0.0,0.690882
3762,16-Jan-05,24:00:00,359.222085,0.001832,97.222085,97.222085,0.0,0.0,0.687476
3763,17-Jan-05,24:00:00,344.799586,0.001936,81.841253,81.841253,0.0,0.0,0.682964
3764,18-Jan-05,24:00:00,331.810069,0.001737,68.810069,68.810069,0.0,0.0,0.678562
3765,19-Jan-05,24:00:00,320.821037,0.001042,57.821037,57.821037,0.0,0.0,0.675118
3766,20-Jan-05,24:00:00,311.574598,0.001911,48.574598,48.574598,0.0,0.0,0.671678
3767,21-Jan-05,24:00:00,302.843867,0.001977,40.8022,40.8022,0.0,0.0,0.667053
3768,22-Jan-05,24:00:00,296.27176,0.00183,34.27176,34.27176,0.0,0.0,0.662622
3769,23-Jan-05,24:00:00,290.785897,0.002065,28.785897,28.785897,0.0,0.0,0.65789
3770,24-Jan-05,24:00:00,287.354771,0.000849,24.396437,24.177922,0.004527,0.0,0.655347
3771,25-Jan-05,24:00:00,708.942738,0.001093,460.318203,440.081241,0.031201,0.016315,0.697193
3772,26-Jan-05,24:00:00,495.779104,0.001346,241.070771,240.178345,0.007708,0.006103,0.700233
3773,27-Jan-05,24:00:00,1304.120909,0.001253,1043.370028,980.670211,0.022988,0.024593,0.702583
3774,28-Jan-05,24:00:00,602.027362,0.001619,341.027362,339.984585,0.0,0.0,0.7
3775,29-Jan-05,24:00:00,404.277562,0.001913,143.277562,143.277562,0.0,0.0,0.7
3776,30-Jan-05,24:00:00,365.5346,0.002047,104.5346,104.5346,0.0,0.0,0.698533
3777,31-Jan-05,24:00:00,348.044995,0.001991,88.003328,88.003328,0.0,0.0,0.694309
3778,01-Feb-05,24:00:00,334.979589,0.002735,74.979589,74.979589,0.0,0.0,0.688949
3779,02-Feb-05,24:00:00,324.488694,0.00127,63.53036,63.53036,0.0,0.0,0.684028
3780,03-Feb-05,24:00:00,317.465441,0.002294,53.590441,53.590441,0.0,0.0,0.679663
3781,04-Feb-05,24:00:00,306.225514,0.002385,45.100514,45.100514,0.0,0.0,0.67407
3782,05-Feb-05,24:00:00,296.039109,0.002606,37.914109,37.914109,0.0,0.0,0.668273
3783,06-Feb-05,24:00:00,291.773764,0.001511,31.857097,31.857097,0.0,0.0,0.663064
3784,07-Feb-05,24:00:00,286.76188,0.001029,26.76188,26.76188,0.0,0.0,0.66
3785,08-Feb-05,24:00:00,282.479428,0.001675,22.479428,22.479428,0.0,0.0,0.656808
3786,09-Feb-05,24:00:00,278.881459,0.002466,18.881459,18.881459,0.0,0.0,0.651822
3787,10-Feb-05,24:00:00,275.859073,0.002398,15.859073,15.859073,0.0,0.0,0.645998
3788,11-Feb-05,24:00:00,270.457243,0.002075,13.332243,13.320377,0.001817,0.0,0.640737
3789,12-Feb-05,24:00:00,284.545833,0.000964,23.7125,11.188035,0.020032,0.0,0.680388
3790,13-Feb-05,24:00:00,269.856188,0.001504,9.814521,9.397027,0.0,0.0,0.6904
3791,14-Feb-05,24:00:00,267.892721,0.001765,7.892721,7.892721,0.0,0.0,0.6904
3792,15-Feb-05,24:00:00,266.629228,0.001476,6.629228,6.629228,0.0,0.0,0.689141
3793,16-Feb-05,24:00:00,260.776333,0.002471,5.567999,5.567999,0.0,0.0,0.687714
3794,17-Feb-05,24:00:00,264.468321,0.00139,4.676655,4.676655,0.0,0.0,0.687714
3795,18-Feb-05,24:00:00,301.909581,0.001336,41.909581,40.388386,0.011877,0.006757,0.690082
3796,19-Feb-05,24:00:00,630.446144,0.001298,370.446144,361.728331,0.005523,0.005523,0.7
3797,20-Feb-05,24:00:00,356.936368,0.002304,96.936368,96.859022,0.0,0.0,0.7
3798,21-Feb-05,24:00:00,299.629068,0.003159,39.629068,39.629068,0.0,0.0,0.697405
3799,22-Feb-05,24:00:00,288.044371,0.002969,29.002705,29.002705,0.0,0.0,0.690562
3800,23-Feb-05,24:00:00,283.580867,0.002286,24.580867,24.580867,0.0,0.0,0.684398
3801,24-Feb-05,24:00:00,280.018764,0.002067,21.018764,21.018764,0.0,0.0,0.679107
3802,25-Feb-05,24:00:00,275.880111,0.003016,17.838445,17.838445,0.0,0.0,0.672957
3803,26-Feb-05,24:00:00,649.512629,0.001034,390.554206,170.780769,0.030275,0.01741,0.683622
3804,27-Feb-05,24:00:00,906.848717,0.001717,647.848549,462.716881,0.0,0.0,0.7
3805,28-Feb-05,24:00:00,495.502381,0.001565,236.502263,234.170935,0.015243,0.015243,0.700456
3806,01-Mar-05,24:00:00,730.340327,0.002279,471.34057,464.633501,0.0,0.0,0.7
3807,02-Mar-05,24:00:00,394.116352,0.002523,135.116352,135.116352,0.0,0.0,0.69951
3808,03-Mar-05,24:00:00,338.677856,0.002424,79.677856,79.677856,0.0,0.0,0.69583
3809,04-Mar-05,24:00:00,323.300115,0.003844,64.300115,64.300115,0.0,0.0,0.688333
3810,05-Mar-05,24:00:00,313.648301,0.004125,54.648301,54.648301,0.0,0.0,0.67883
3811,06-Mar-05,24:00:00,306.356641,0.004113,46.398308,46.398308,0.0,0.0,0.668888
3812,07-Mar-05,24:00:00,297.280082,0.00444,39.196748,39.196748,0.0,0.0,0.658742
3813,08-Mar-05,24:00:00,297.720429,0.00527,33.012095,33.012095,0.0,0.0,0.647502
3814,09-Mar-05,24:00:00,290.845004,0.004742,27.761671,27.761671,0.0,0.0,0.635099
3815,10-Mar-05,24:00:00,287.288603,0.004393,23.33027,23.33027,0.0,0.0,0.623959
3816,11-Mar-05,24:00:00,282.641874,0.003638,19.600207,19.600207,0.0,0.0,0.614301
3817,12-Mar-05,24:00:00,276.589279,0.003755,16.464279,16.464279,0.0,0.0,0.605718
3818,13-Mar-05,24:00:00,275.745925,0.005402,13.829258,13.829258,0.0,0.0,0.594371
3819,14-Mar-05,24:00:00,271.698989,0.004317,11.615656,11.615656,0.0,0.0,0.582911
3820,15-Mar-05,24:00:00,264.006265,0.004155,9.756265,9.756265,0.0,0.0,0.572689
3821,16-Mar-05,24:00:00,264.111144,0.003896,8.194477,8.194477,0.0,0.0,0.563067
3822,17-Mar-05,24:00:00,270.549353,0.001705,6.882686,6.882686,0.0,0.0,0.556025
3823,18-Mar-05,24:00:00,286.532201,0.001699,23.490534,5.780885,0.04118,0.0,0.600391
3824,19-Mar-05,24:00:00,647.04949,0.001429,456.883187,428.158138,0.043944,0.024265,0.691813
3825,20-Mar-05,24:00:00,797.48585,0.002252,696.735815,687.384347,0.025061,0.021373,0.701264
3826,21-Mar-05,24:00:00,1196.926551,0.002415,1192.472801,1145.059911,0.01848,0.021388,0.701949
3827,22-Mar-05,24:00:00,977.511935,0.00209,905.618954,894.95826,0.011229,0.012009,0.700279
3828,23-Mar-05,24:00:00,451.864656,0.003417,295.406322,295.337465,0.0,0.0,0.698898
3829,24-Mar-05,24:00:00,432.694914,0.004327,176.861581,176.861581,0.0,0.0,0.691899
3830,25-Mar-05,24:00:00,405.053719,0.003836,143.137052,143.137052,0.0,0.0,0.682394
3831,26-Mar-05,24:00:00,1357.578731,0.002034,1095.578549,324.195714,0.027065,0.016354,0.686791
3832,27-Mar-05,24:00:00,1367.861519,0.003345,1104.902786,753.395565,0.008549,0.008549,0.7
3833,28-Mar-05,24:00:00,794.005554,0.00367,533.88052,528.481004,0.00918,0.00918,0.7
3834,29-Mar-05,24:00:00,487.185196,0.004851,228.14353,228.031922,0.0,0.0,0.695403
3835,30-Mar-05,24:00:00,405.922371,0.005084,144.047371,144.047371,0.0,0.0,0.683858
3836,31-Mar-05,24:00:00,378.81516,0.004983,116.81516,116.81516,0.0,0.0,0.671732
3837,01-Apr-05,24:00:00,361.736864,0.003945,98.778531,98.778531,0.0,0.0,0.661199
3838,02-Apr-05,24:00:00,625.127258,0.001308,363.085072,217.365745,0.029022,0.010603,0.676206
3839,03-Apr-05,24:00:00,608.19408,0.00432,346.19408,314.547724,0.0,0.0,0.699899
3840,04-Apr-05,24:00:00,378.419533,0.005271,116.419533,116.418751,0.0,0.0,0.693717
3841,05-Apr-05,24:00:00,339.017571,0.00575,77.975904,77.975904,0.0,0.0,0.680777
3842,06-Apr-05,24:00:00,460.346683,0.002548,197.430016,188.180354,0.016544,0.005365,0.695641
3843,07-Apr-05,24:00:00,1302.849222,0.002578,1039.849048,791.155749,0.026534,0.026534,0.702438
3844,08-Apr-05,24:00:00,695.757487,0.0041,431.799073,422.834342,0.0,0.0,0.7
3845,09-Apr-05,24:00:00,416.430599,0.005411,155.305598,155.303978,0.0,0.0,0.694128
3846,10-Apr-05,24:00:00,366.921903,0.004552,105.921903,105.921903,0.0,0.0,0.682126
3847,11-Apr-05,24:00:00,344.217873,0.002739,88.009539,88.009539,0.0,0.0,0.673355
3848,12-Apr-05,24:00:00,231.22837,0.003143,74.895037,74.895037,0.0,0.0,0.666316
3849,13-Apr-05,24:00:00,226.023119,0.005267,63.481453,63.481453,0.0,0.0,0.656309
3850,14-Apr-05,24:00:00,216.566514,0.005777,53.566514,53.566514,0.0,0.0,0.643059
3851,15-Apr-05,24:00:00,208.088199,0.006005,45.088199,45.088199,0.0,0.0,0.628829
3852,16-Apr-05,24:00:00,200.906868,0.005536,37.906868,37.906868,0.0,0.0,0.614922
3853,17-Apr-05,24:00:00,149.810528,0.005635,31.852195,31.852195,0.0,0.0,0.601668
3854,18-Apr-05,24:00:00,132.216537,0.006029,26.758203,26.758203,0.0,0.0,0.587687
3855,19-Apr-05,24:00:00,136.101503,0.004741,22.476503,22.476503,0.0,0.0,0.57447
3856,20-Apr-05,24:00:00,132.879062,0.006073,18.879062,18.879062,0.0,0.0,0.561637
3857,21-Apr-05,24:00:00,184.482082,0.006284,15.857082,15.857082,0.0,0.0,0.54684
3858,22-Apr-05,24:00:00,273.443713,0.002831,13.318713,13.318713,0.0,0.0,0.538899
3859,23-Apr-05,24:00:00,275.186639,0.00266,11.186639,11.186639,0.0,0.0,0.536087
3860,24-Apr-05,24:00:00,273.395857,0.005308,9.395857,9.395857,0.0,0.0,0.527089
3861,25-Apr-05,24:00:00,271.89174,0.005954,7.89174,7.89174,0.0,0.0,0.513359
3862,26-Apr-05,24:00:00,270.628403,0.00457,6.628403,6.628403,0.0,0.0,0.500524
3863,27-Apr-05,24:00:00,269.567304,0.00456,5.567304,5.567304,0.0,0.0,0.489673
3864,28-Apr-05,24:00:00,268.676069,0.004587,4.676069,4.676069,0.0,0.0,0.478847
3865,29-Apr-05,24:00:00,248.76084,0.005101,3.927507,3.927507,0.0,0.0,0.466802
3866,30-Apr-05,24:00:00,172.548777,0.004981,3.298777,3.298777,0.0,0.0,0.454906
3867,01-May-05,24:00:00,167.812363,0.006633,2.770696,2.770696,0.0,0.0,0.441245
3868,02-May-05,24:00:00,166.36882,0.006425,2.327153,2.327153,0.0,0.0,0.425443
3869,03-May-05,24:00:00,169.808762,0.003251,5.808762,1.954614,0.018037,0.0,0.423904
3870,04-May-05,24:00:00,177.418998,0.003933,13.418998,1.641713,0.008412,0.0,0.475584
3871,05-May-05,24:00:00,165.428806,0.002945,1.428806,1.378901,0.0,0.0,0.474126
3872,06-May-05,24:00:00,165.158162,0.00502,1.158162,1.158162,0.0,0.0,0.464895
3873,07-May-05,24:00:00,183.104773,0.002046,19.104773,0.97276,0.033016,0.0,0.507749
3874,08-May-05,24:00:00,175.876866,0.00336,12.835199,0.817039,0.019075,0.0,0.567985
3875,09-May-05,24:00:00,164.420766,0.005291,1.420766,0.686245,0.0,0.0,0.581072
3876,10-May-05,24:00:00,162.618056,0.006577,0.576389,0.576389,0.0,0.0,0.56949
3877,11-May-05,24:00:00,163.442452,0.007191,0.484119,0.484119,0.0,0.0,0.553094
3878,12-May-05,24:00:00,162.448286,0.00746,0.406619,0.406619,0.0,0.0,0.535591
3879,13-May-05,24:00:00,162.341526,0.007343,0.341526,0.341526,0.0,0.0,0.517695
3880,14-May-05,24:00:00,162.286853,0.002688,0.286853,0.286853,0.0,0.0,0.505353
3881,15-May-05,24:00:00,162.240933,0.00508,0.240933,0.240933,0.0,0.0,0.496223
3882,16-May-05,24:00:00,163.063042,0.002151,1.063042,0.202363,0.013177,0.0,0.490591
3883,17-May-05,24:00:00,1867.923038,0.002058,1797.923038,187.036329,0.090309,0.013891,0.6476
3884,18-May-05,24:00:00,518.930631,0.003792,423.222248,307.298016,0.0,0.0,0.7
3885,19-May-05,24:00:00,232.365423,0.005829,73.073757,73.073757,0.0,0.0,0.694201
3886,20-May-05,24:00:00,198.054885,0.007767,37.013218,37.013218,0.0,0.0,0.678427
3887,21-May-05,24:00:00,190.215492,0.00749,29.215492,29.215492,0.0,0.0,0.659934
3888,22-May-05,24:00:00,186.001719,0.007611,25.001719,25.001719,0.0,0.0,0.641875
3889,23-May-05,24:00:00,182.356659,0.00765,21.356659,21.356659,0.0,0.0,0.623385
3890,24-May-05,24:00:00,179.099549,0.008474,18.099549,18.099549,0.0,0.0,0.604188
3891,25-May-05,24:00:00,176.266512,0.007719,15.266512,15.266512,0.0,0.0,0.584916
3892,26-May-05,24:00:00,173.847077,0.00865,12.847077,12.847077,0.0,0.0,0.56525
3893,27-May-05,24:00:00,171.799604,0.006967,10.799604,10.799604,0.0,0.0,0.546007
3894,28-May-05,24:00:00,169.115811,0.006637,9.074144,9.074144,0.0,0.0,0.529738
3895,29-May-05,24:00:00,167.622768,0.008123,7.622768,7.622768,0.0,0.0,0.512315
3896,30-May-05,24:00:00,166.402946,0.008743,6.402946,6.402946,0.0,0.0,0.492495
3897,31-May-05,24:00:00,138.544774,0.008084,5.378107,5.378107,0.0,0.0,0.47181
3898,01-Jun-05,24:00:00,136.517222,0.007793,4.517222,4.517222,0.0,0.0,0.452852
3899,02-Jun-05,24:00:00,135.794111,0.008169,3.794111,3.794111,0.0,0.0,0.433846
3900,03-Jun-05,24:00:00,135.186744,0.008067,3.186744,3.186744,0.0,0.0,0.414643
3901,04-Jun-05,24:00:00,134.676602,0.007383,2.676602,2.676602,0.0,0.0,0.397242
3902,05-Jun-05,24:00:00,134.248123,0.006014,2.248123,2.248123,0.0,0.0,0.384612
3903,06-Jun-05,24:00:00,133.121566,0.00634,1.888235,1.888235,0.0,0.0,0.374058
3904,07-Jun-05,24:00:00,148.81265,0.002389,17.612653,1.58596,0.04187,0.0,0.40814
3905,08-Jun-05,24:00:00,137.494479,0.004238,10.127808,1.332075,0.0,0.0,0.469192
3906,09-Jun-05,24:00:00,122.954201,0.007392,1.120869,1.118832,0.0,0.0,0.460986
3907,10-Jun-05,24:00:00,122.539724,0.007571,0.939726,0.939726,0.0,0.0,0.442964
3908,11-Jun-05,24:00:00,122.38929,0.008085,0.789291,0.789291,0.0,0.0,0.424234
3909,12-Jun-05,24:00:00,122.262937,0.007857,0.662939,0.662939,0.0,0.0,0.406184
3910,13-Jun-05,24:00:00,122.156812,0.009146,0.556813,0.556813,0.0,0.0,0.389133
3911,14-Jun-05,24:00:00,122.067675,0.00819,0.467676,0.467676,0.0,0.0,0.373722
3912,15-Jun-05,24:00:00,123.443507,0.001852,1.843509,0.392809,0.003453,0.0,0.368707
3913,16-Jun-05,24:00:00,122.52637,0.003417,0.926371,0.329927,0.0,0.0,0.373541
3914,17-Jun-05,24:00:00,120.343777,0.003176,0.277111,0.277111,0.0,0.0,0.371794
3915,18-Jun-05,24:00:00,120.23275,0.005363,0.23275,0.23275,0.0,0.0,0.365629
3916,19-Jun-05,24:00:00,120.19549,0.006681,0.19549,0.19549,0.0,0.0,0.357458
3917,20-Jun-05,24:00:00,120.164196,0.005321,0.164196,0.164196,0.0,0.0,0.349804
3918,21-Jun-05,24:00:00,120.137911,0.007408,0.137911,0.137911,0.0,0.0,0.342263
3919,22-Jun-05,24:00:00,120.115833,0.008146,0.115833,0.115833,0.0,0.0,0.333173
3920,23-Jun-05,24:00:00,120.09729,0.005862,0.09729,0.09729,0.0,0.0,0.32541
3921,24-Jun-05,24:00:00,120.081716,0.006033,0.081716,0.081716,0.0,0.0,0.318828
3922,25-Jun-05,24:00:00,120.068634,0.007174,0.068634,0.068634,0.0,0.0,0.311664
3923,26-Jun-05,24:00:00,120.057647,0.006787,0.057647,0.057647,0.0,0.0,0.304202
3924,27-Jun-05,24:00:00,119.281756,0.007558,0.048419,0.048419,0.0,0.0,0.296709
3925,28-Jun-05,24:00:00,120.007335,0.008913,0.040668,0.040668,0.0,0.0,0.28856
3926,29-Jun-05,24:00:00,120.034157,0.009398,0.034157,0.034157,0.0,0.0,0.279686
3927,30-Jun-05,24:00:00,123.09536,0.009251,0.028689,0.028689,0.0,0.0,0.270827
3928,01-Jul-05,24:00:00,122.457432,0.009224,0.024097,0.024097,0.0,0.0,0.262449
3929,02-Jul-05,24:00:00,122.420241,0.009194,0.020239,0.020239,0.0,0.0,0.254314
3930,03-Jul-05,24:00:00,122.417001,0.009281,0.016999,0.016999,0.0,0.0,0.246369
3931,04-Jul-05,24:00:00,121.64761,0.009564,0.014278,0.014278,0.0,0.0,0.238614
3932,05-Jul-05,24:00:00,124.678662,0.009272,0.011992,0.011992,0.0,0.0,0.230889
3933,06-Jul-05,24:00:00,121.743405,0.009168,0.010073,0.010073,0.0,0.0,0.22374
3934,07-Jul-05,24:00:00,124.67513,0.008198,0.00846,0.00846,0.0,0.0,0.217046
3935,08-Jul-05,24:00:00,124.807109,0.007438,0.007106,0.007106,0.0,0.0,0.211298
3936,09-Jul-05,24:00:00,121.7393,0.007706,0.005968,0.005968,0.0,0.0,0.20594
3937,10-Jul-05,24:00:00,121.605011,0.008934,0.005013,0.005013,0.0,0.0,0.200173
3938,11-Jul-05,24:00:00,127.737544,0.008931,0.00421,0.00421,0.0,0.0,0.19408
3939,12-Jul-05,24:00:00,128.770206,0.008938,0.003536,0.003536,0.0,0.0,0.18821
3940,13-Jul-05,24:00:00,128.036304,0.009666,0.00297,0.00297,0.0,0.0,0.182372
3941,14-Jul-05,24:00:00,127.235832,0.009252,0.002495,0.002495,0.0,0.0,0.176495
3942,15-Jul-05,24:00:00,127.2021,0.008892,0.002095,0.002095,0.0,0.0,0.171038
3943,16-Jul-05,24:00:00,127.968427,0.009018,0.00176,0.00176,0.0,0.0,0.165884
3944,17-Jul-05,24:00:00,126.468146,0.008867,0.001478,0.001478,0.0,0.0,0.160869
3945,18-Jul-05,24:00:00,124.867911,0.00883,0.001242,0.001242,0.0,0.0,0.156096
3946,19-Jul-05,24:00:00,121.734375,0.009024,0.001043,0.001043,0.0,0.0,0.151361
3947,20-Jul-05,24:00:00,123.134214,0.008473,0.000876,0.000876,0.0,0.0,0.146906
3948,21-Jul-05,24:00:00,122.434071,0.007599,0.000736,0.000736,0.0,0.0,0.142906
3949,22-Jul-05,24:00:00,120.100618,0.00899,0.000618,0.000618,0.0,0.0,0.13887
3950,23-Jul-05,24:00:00,119.233857,0.009738,0.000519,0.000519,0.0,0.0,0.134544
3951,24-Jul-05,24:00:00,118.433771,0.008262,0.000436,0.000436,0.0,0.0,0.130339
3952,25-Jul-05,24:00:00,119.167037,0.009095,0.000366,0.000366,0.0,0.0,0.126569
3953,26-Jul-05,24:00:00,100.800308,0.008789,0.000308,0.000308,0.0,0.0,0.12274
3954,27-Jul-05,24:00:00,70.100261,0.008639,0.000258,0.000258,0.0,0.0,0.119118
3955,28-Jul-05,24:00:00,68.80022,0.008387,0.000217,0.000217,0.0,0.0,0.115688
3956,29-Jul-05,24:00:00,69.566848,0.008876,0.000182,0.000182,0.0,0.0,0.11232
3957,30-Jul-05,24:00:00,70.366821,0.009037,0.000153,0.000153,0.0,0.0,0.108939
3958,31-Jul-05,24:00:00,93.40013,0.008727,0.000129,0.000129,0.0,0.0,0.105639
3959,01-Aug-05,24:00:00,112.800107,0.007384,0.000108,0.000108,0.0,0.0,0.102713
3960,02-Aug-05,24:00:00,113.600089,0.00857,9.1e-05,9.1e-05,0.0,0.0,0.099968
3961,03-Aug-05,24:00:00,114.366744,0.008493,7.6e-05,7.6e-05,0.0,0.0,0.09709
3962,04-Aug-05,24:00:00,113.633396,0.008432,6.4e-05,6.4e-05,0.0,0.0,0.094291
3963,05-Aug-05,24:00:00,112.06672,0.008319,5.4e-05,5.4e-05,0.0,0.0,0.091618
3964,06-Aug-05,24:00:00,110.466713,0.008797,4.5e-05,4.5e-05,0.0,0.0,0.089002
3965,07-Aug-05,24:00:00,116.533374,0.008021,3.8e-05,3.8e-05,0.0,0.0,0.086444
3966,08-Aug-05,24:00:00,113.733364,0.006704,3.2e-05,3.2e-05,0.0,0.0,0.084369
3967,09-Aug-05,24:00:00,114.366695,0.009164,2.7e-05,2.7e-05,0.0,0.0,0.082091
3968,10-Aug-05,24:00:00,112.100023,0.008539,2.2e-05,2.2e-05,0.0,0.0,0.079581
3969,11-Aug-05,24:00:00,108.933355,0.008257,1.9e-05,1.9e-05,0.0,0.0,0.077298
3970,12-Aug-05,24:00:00,109.566681,0.007541,1.6e-05,1.6e-05,0.0,0.0,0.075242
3971,13-Aug-05,24:00:00,108.833349,0.006988,1.3e-05,1.3e-05,0.0,0.0,0.073378
3972,14-Aug-05,24:00:00,107.266682,0.006088,1.1e-05,1.1e-05,0.0,0.0,0.071741
3973,15-Aug-05,24:00:00,106.433344,0.007492,9e-06,9e-06,0.0,0.0,0.070072
3974,16-Aug-05,24:00:00,107.166679,0.007908,8e-06,8e-06,0.0,0.0,0.068267
3975,17-Aug-05,24:00:00,107.200011,0.006322,7e-06,7e-06,0.0,0.0,0.066616
3976,18-Aug-05,24:00:00,107.20001,0.006668,6e-06,6e-06,0.0,0.0,0.065157
3977,19-Aug-05,24:00:00,106.43334,0.007515,5e-06,5e-06,0.0,0.0,0.063586
3978,20-Aug-05,24:00:00,107.166675,0.007617,4e-06,4e-06,0.0,0.0,0.061955
3979,21-Aug-05,24:00:00,107.200008,0.007729,3e-06,3e-06,0.0,0.0,0.060342
3980,22-Aug-05,24:00:00,106.433338,0.008035,3e-06,3e-06,0.0,0.0,0.058739
3981,23-Aug-05,24:00:00,107.166674,0.007678,2e-06,2e-06,0.0,0.0,0.057182
3982,24-Aug-05,24:00:00,106.433337,0.007207,2e-06,2e-06,0.0,0.0,0.055762
3983,25-Aug-05,24:00:00,107.166673,0.007712,2e-06,2e-06,0.0,0.0,0.054328
3984,26-Aug-05,24:00:00,106.433336,0.007405,1e-06,1e-06,0.0,0.0,0.052925
3985,27-Aug-05,24:00:00,111.000006,0.007782,1e-06,1e-06,0.0,0.0,0.051586
3986,28-Aug-05,24:00:00,108.900004,0.007388,1e-06,1e-06,0.0,0.0,0.050234
3987,29-Aug-05,24:00:00,108.033334,0.006763,1e-06,1e-06,0.0,0.0,0.049023
3988,30-Aug-05,24:00:00,108.766671,0.00732,1e-06,1e-06,0.0,0.0,0.047859
3989,31-Aug-05,24:00:00,108.800004,0.007052,1e-06,1e-06,0.0,0.0,0.046689
3990,01-Sep-05,24:00:00,108.800004,0.007231,0.0,0.0,0.0,0.0,0.045571
3991,02-Sep-05,24:00:00,108.033333,0.00664,0.0,0.0,0.0,0.0,0.044482
3992,03-Sep-05,24:00:00,108.76667,0.006335,0.0,0.0,0.0,0.0,0.043525
3993,04-Sep-05,24:00:00,108.800003,0.006577,0.0,0.0,0.0,0.0,0.042547
3994,05-Sep-05,24:00:00,108.033333,0.006573,0.0,0.0,0.0,0.0,0.041595
3995,06-Sep-05,24:00:00,108.76667,0.006606,0.0,0.0,0.0,0.0,0.040676
3996,07-Sep-05,24:00:00,108.800003,0.004426,0.0,0.0,0.0,0.0,0.039906
3997,08-Sep-05,24:00:00,108.033333,0.005173,0.0,0.0,0.0,0.0,0.039259
3998,09-Sep-05,24:00:00,108.76667,0.005897,0.0,0.0,0.0,0.0,0.038504
3999,10-Sep-05,24:00:00,106.500002,0.005469,0.0,0.0,0.0,0.0,0.037762
4000,11-Sep-05,24:00:00,104.1,0.005705,0.0,0.0,0.0,0.0,0.037048
4001,12-Sep-05,24:00:00,104.0,0.00571,0.0,0.0,0.0,0.0,0.036341
4002,13-Sep-05,24:00:00,104.0,0.005264,0.0,0.0,0.0,0.0,0.035652
4003,14-Sep-05,24:00:00,104.0,0.005438,0.0,0.0,0.0,0.0,0.035002
4004,15-Sep-05,24:00:00,104.76667,0.00516,0.0,0.0,0.0,0.0,0.034372
4005,16-Sep-05,24:00:00,105.566666,0.005289,0.0,0.0,0.0,0.0,0.033754
4006,17-Sep-05,24:00:00,106.366669,0.005585,0.0,0.0,0.0,0.0,0.033134
4007,18-Sep-05,24:00:00,106.400002,0.005305,0.0,0.0,0.0,0.0,0.032513
4008,19-Sep-05,24:00:00,105.633332,0.005995,0.0,0.0,0.0,0.0,0.031904
4009,20-Sep-05,24:00:00,106.366668,0.005171,0.0,0.0,0.0,0.0,0.031293
4010,21-Sep-05,24:00:00,105.633332,0.005736,0.0,0.0,0.0,0.0,0.030714
4011,22-Sep-05,24:00:00,104.066667,0.005212,0.0,0.0,0.0,0.0,0.030134
4012,23-Sep-05,24:00:00,104.0,0.005034,0.0,0.0,0.0,0.0,0.029611
4013,24-Sep-05,24:00:00,104.0,0.004034,0.0,0.0,0.0,0.0,0.02916
4014,25-Sep-05,24:00:00,104.0,0.005331,0.0,0.0,0.0,0.0,0.028687
4015,26-Sep-05,24:00:00,103.233338,0.00574,0.0,0.0,0.0,0.0,0.02816
4016,27-Sep-05,24:00:00,103.966667,0.005333,0.0,0.0,0.0,0.0,0.027621
4017,28-Sep-05,24:00:00,104.0,0.005553,0.0,0.0,0.0,0.0,0.027112
4018,29-Sep-05,24:00:00,104.0,0.005596,0.0,0.0,0.0,0.0,0.026602
4019,30-Sep-05,24:00:00,128.916667,0.004135,0.0,0.0,0.0,0.0,0.02615
4020,01-Oct-05,24:00:00,129.041667,0.004393,0.0,0.0,0.0,0.0,0.025773
4021,02-Oct-05,24:00:00,129.958333,0.004263,0.0,0.0,0.0,0.0,0.025391
4022,03-Oct-05,24:00:00,130.0,0.00435,0.0,0.0,0.0,0.0,0.025022
4023,04-Oct-05,24:00:00,129.041667,0.004245,0.0,0.0,0.0,0.0,0.024651
4024,05-Oct-05,24:00:00,129.0,0.004826,0.0,0.0,0.0,0.0,0.024275
4025,06-Oct-05,24:00:00,129.0,0.004912,0.0,0.0,0.0,0.0,0.023877
4026,07-Oct-05,24:00:00,129.0,0.004706,0.0,0.0,0.0,0.0,0.023477
4027,08-Oct-05,24:00:00,129.0,0.004282,0.0,0.0,0.0,0.0,0.023118
4028,09-Oct-05,24:00:00,129.0,0.003904,0.0,0.0,0.0,0.0,0.022791
4029,10-Oct-05,24:00:00,129.0,0.004483,0.0,0.0,0.0,0.0,0.022472
4030,11-Oct-05,24:00:00,129.0,0.004256,0.0,0.0,0.0,0.0,0.022136
4031,12-Oct-05,24:00:00,128.041667,0.004476,0.0,0.0,0.0,0.0,0.02181
4032,13-Oct-05,24:00:00,129.916667,0.004548,0.0,0.0,0.0,0.0,0.021475
4033,14-Oct-05,24:00:00,130.0,0.002214,0.0,0.0,0.0,0.0,0.021227
4034,15-Oct-05,24:00:00,128.083333,0.003822,0.0,0.0,0.0,0.0,0.021
4035,16-Oct-05,24:00:00,130.875,0.004226,0.0,0.0,0.0,0.0,0.020721
4036,17-Oct-05,24:00:00,131.0,0.003678,0.0,0.0,0.0,0.0,0.020441
4037,18-Oct-05,24:00:00,128.125,0.002523,0.0,0.0,0.0,0.0,0.020219
4038,19-Oct-05,24:00:00,105.0,0.003442,0.0,0.0,0.0,0.0,0.020011
4039,20-Oct-05,24:00:00,104.0,0.00347,0.0,0.0,0.0,0.0,0.019778
4040,21-Oct-05,24:00:00,104.0,0.003564,0.0,0.0,0.0,0.0,0.019543
4041,22-Oct-05,24:00:00,106.875,0.003398,0.0,0.0,0.0,0.0,0.019308
4042,23-Oct-05,24:00:00,108.916667,0.003617,0.0,0.0,0.0,0.0,0.019079
4043,24-Oct-05,24:00:00,109.0,0.00327,0.0,0.0,0.0,0.0,0.018858
4044,25-Oct-05,24:00:00,120.565352,0.002852,3.898686,0.0,0.006678,0.0,0.032463
4045,26-Oct-05,24:00:00,114.205085,0.001979,0.080085,0.0,0.002929,0.0,0.035041
4046,27-Oct-05,24:00:00,134.94861,0.001076,16.156943,0.0,0.024805,0.0,0.092916
4047,28-Oct-05,24:00:00,114.475794,0.002478,0.26746,0.0,0.0,0.0,0.101256
4048,29-Oct-05,24:00:00,109.208333,0.002456,0.0,0.0,0.0,0.0,0.10098
4049,30-Oct-05,24:00:00,108.041667,0.002526,0.0,0.0,0.0,0.0,0.100216
4050,31-Oct-05,24:00:00,104.166667,0.002216,0.0,0.0,0.0,0.0,0.0994
4051,01-Nov-05,24:00:00,103.041667,0.002576,0.0,0.0,0.0,0.0,0.098595
4052,02-Nov-05,24:00:00,125.399818,0.000773,9.941485,0.0,0.038582,0.0,0.119842
4053,03-Nov-05,24:00:00,139.475058,0.001624,12.933391,0.0,0.0,0.0,0.190527
4054,04-Nov-05,24:00:00,115.500695,0.000998,0.000695,0.0,0.0,0.0,0.190527
4055,05-Nov-05,24:00:00,114.041667,0.001222,0.0,0.0,0.0,0.0,0.190527
4056,06-Nov-05,24:00:00,233.609532,0.000936,59.234532,0.0,0.065506,0.0,0.262225
4057,07-Nov-05,24:00:00,199.362903,0.001966,13.737903,0.0,0.0,0.0,0.34774
4058,08-Nov-05,24:00:00,105.5,0.003073,0.0,0.0,0.0,0.0,0.347378
4059,09-Nov-05,24:00:00,75.166667,0.002849,0.0,0.0,0.0,0.0,0.345132
4060,10-Nov-05,24:00:00,68.25,0.001042,0.0,0.0,0.0,0.0,0.342795
4061,11-Nov-05,24:00:00,67.041667,0.00231,0.0,0.0,0.0,0.0,0.340746
4062,12-Nov-05,24:00:00,65.083333,0.002257,0.0,0.0,0.0,0.0,0.338196
4063,13-Nov-05,24:00:00,65.0,0.002644,0.0,0.0,0.0,0.0,0.335313
4064,14-Nov-05,24:00:00,64.041667,0.002326,0.0,0.0,0.0,0.0,0.33245
4065,15-Nov-05,24:00:00,57.291667,0.002127,0.0,0.0,0.0,0.0,0.32992
4066,16-Nov-05,24:00:00,57.958333,0.002081,0.0,0.0,0.0,0.0,0.32754
4067,17-Nov-05,24:00:00,60.875,0.002293,0.0,0.0,0.0,0.0,0.325125
4068,18-Nov-05,24:00:00,67.708333,0.002088,0.0,0.0,0.0,0.0,0.322669
4069,19-Nov-05,24:00:00,71.833333,0.002007,0.0,0.0,0.0,0.0,0.32041
4070,20-Nov-05,24:00:00,74.875,0.001936,0.0,0.0,0.0,0.0,0.318246
4071,21-Nov-05,24:00:00,80.75,0.001914,0.0,0.0,0.0,0.0,0.316158
4072,22-Nov-05,24:00:00,83.875,0.001867,0.0,0.0,0.0,0.0,0.3141
4073,23-Nov-05,24:00:00,87.833333,0.001634,0.0,0.0,0.0,0.0,0.312209
4074,24-Nov-05,24:00:00,196.577983,0.001699,82.702983,0.0,0.028359,0.0,0.363807
4075,25-Nov-05,24:00:00,109.388067,0.002078,2.054733,0.0,0.0,0.0,0.379386
4076,26-Nov-05,24:00:00,95.5,0.001499,0.0,0.0,0.0,0.0,0.378537
4077,27-Nov-05,24:00:00,123.938505,0.000554,25.105171,0.0,0.065772,0.0,0.43316
4078,28-Nov-05,24:00:00,121.064354,0.000858,14.397688,0.0,0.000861,0.0,0.537428
4079,29-Nov-05,24:00:00,104.726255,0.000617,0.601255,0.0,0.007252,0.0,0.539502
4080,30-Nov-05,24:00:00,2121.794442,0.000957,2033.127776,117.131546,0.067258,0.006772,0.652417
4081,01-Dec-05,24:00:00,467.967488,0.001,393.384155,129.042468,0.0,0.0,0.7
4082,02-Dec-05,24:00:00,119.768556,0.001447,32.351889,32.351889,0.0,0.0,0.7
4083,03-Dec-05,24:00:00,105.404347,0.001289,17.404347,17.404347,0.0,0.0,0.7
4084,04-Dec-05,24:00:00,108.678628,0.001437,13.970295,13.970295,0.0,0.0,0.698554
4085,05-Dec-05,24:00:00,110.805652,0.001365,11.972318,11.972318,0.0,0.0,0.695318
4086,06-Dec-05,24:00:00,108.26227,0.000585,10.220603,10.220603,0.0,0.0,0.692968
4087,07-Dec-05,24:00:00,107.615914,0.001222,8.657581,8.657581,0.0,0.0,0.690872
4088,08-Dec-05,24:00:00,109.175562,0.001541,7.300562,7.300562,0.0,0.0,0.687515
4089,09-Dec-05,24:00:00,100.476158,0.001429,6.142825,6.142825,0.0,0.0,0.683972
4090,10-Dec-05,24:00:00,80.95521,0.001321,5.163544,5.163544,0.0,0.0,0.680609
4091,11-Dec-05,24:00:00,68.796789,0.001245,4.338456,4.338456,0.0,0.0,0.677528
4092,12-Dec-05,24:00:00,57.10283,0.000959,3.644497,3.644497,0.0,0.0,0.674956
4093,13-Dec-05,24:00:00,49.352944,0.001125,3.061277,3.061277,0.0,0.0,0.67246
4094,14-Dec-05,24:00:00,43.779625,0.001289,2.571292,2.571292,0.0,0.0,0.669505
4095,15-Dec-05,24:00:00,42.201364,0.000984,2.159698,2.159698,0.0,0.0,0.666851
4096,16-Dec-05,24:00:00,44.107324,0.000434,4.107324,1.813976,0.004287,0.0,0.671226
4097,17-Dec-05,24:00:00,1491.419111,0.000788,1387.210752,820.592702,0.042927,0.032862,0.702208
4098,18-Dec-05,24:00:00,4998.80875,0.000775,4926.308618,1684.460863,0.061707,0.056836,0.707356
4099,19-Dec-05,24:00:00,1774.6775,0.000664,1733.386034,1595.48329,0.022227,0.025181,0.701619
4100,20-Dec-05,24:00:00,3143.49875,0.000644,3103.49875,1758.13,0.050621,0.049541,0.707966
4101,21-Dec-05,24:00:00,3848.515833,0.000789,3832.474167,2005.39,0.032032,0.035029,0.703926
4102,22-Dec-05,24:00:00,1148.470976,0.00084,1124.845976,1009.121816,0.006222,0.006222,0.7
4103,23-Dec-05,24:00:00,667.939386,0.00141,627.647719,624.726298,0.0,0.0,0.7
4104,24-Dec-05,24:00:00,416.627004,0.000659,375.627004,375.624387,0.0,0.0,0.7
4105,25-Dec-05,24:00:00,1334.493161,0.001681,1293.493176,1066.686605,0.025271,0.025271,0.702715
4106,26-Dec-05,24:00:00,2826.402694,0.000795,2793.069223,1349.906582,0.062279,0.047395,0.713887
4107,27-Dec-05,24:00:00,5192.84875,0.00123,5191.47375,2518.10875,0.049596,0.060338,0.741447
4108,28-Dec-05,24:00:00,1684.316667,0.00072,1684.316667,1631.449583,0.00344,0.007582,0.700177
4109,29-Dec-05,24:00:00,5371.11875,0.000669,5361.91875,2031.00375,0.076854,0.060918,0.715364
4110,30-Dec-05,24:00:00,8715.191667,0.001159,8714.791667,2760.66875,0.04363,0.059566,0.740022
4111,31-Dec-05,24:00:00,3443.764167,0.000926,3443.764167,2204.90125,0.033306,0.033306,0.705435
4112,01-Jan-06,24:00:00,1700.472451,0.001416,1700.472451,1483.43781,0.00418,0.00418,0.7
4113,02-Jan-06,24:00:00,961.714954,0.000544,940.631621,936.14924,0.016934,0.016934,0.7
4114,03-Jan-06,24:00:00,977.402267,0.001605,933.360786,927.53535,0.0,0.0,0.7
4115,04-Jan-06,24:00:00,633.568439,0.001351,591.443288,590.302083,0.013514,0.012154,0.700656
4116,05-Jan-06,24:00:00,933.662174,0.001221,892.620393,884.261132,0.002528,0.003887,0.7
4117,06-Jan-06,24:00:00,482.244555,0.000772,442.202888,442.189749,0.0,0.0,0.7
4118,07-Jan-06,24:00:00,405.366296,0.001451,364.407963,363.978231,0.009317,0.008735,0.7003
4119,08-Jan-06,24:00:00,1332.196437,0.001226,1292.154975,1273.330392,0.023689,0.024271,0.700645
4120,09-Jan-06,24:00:00,564.483411,0.000881,513.941744,513.627412,0.0,0.0,0.7
4121,10-Jan-06,24:00:00,365.208052,0.001953,295.999718,295.999718,0.0,0.0,0.7
4122,11-Jan-06,24:00:00,1348.645336,0.001247,1187.603669,592.922052,0.028416,0.027256,0.701423
4123,12-Jan-06,24:00:00,1902.020833,0.001424,1641.1874,1444.270809,0.020703,0.02158,0.701187
4124,13-Jan-06,24:00:00,806.064902,0.001231,541.064892,540.436317,0.0,0.0,0.7
4125,14-Jan-06,24:00:00,553.337412,0.001701,288.337412,288.265727,0.000246,0.000246,0.7
4126,15-Jan-06,24:00:00,491.15774,0.000602,226.15774,226.083804,0.0,0.0,0.7
4127,16-Jan-06,24:00:00,451.624955,0.000714,186.624955,186.624955,0.0,0.0,0.7
4128,17-Jan-06,24:00:00,421.599244,0.001029,157.557578,157.557578,0.0,0.0,0.7
4129,18-Jan-06,24:00:00,396.967868,0.001281,132.967868,132.967868,0.0,0.0,0.7
4130,19-Jan-06,24:00:00,375.970281,0.000682,111.970281,111.970281,0.0,0.0,0.699873
4131,20-Jan-06,24:00:00,358.955096,0.001223,95.913429,95.894833,0.002847,0.001483,0.698458
4132,21-Jan-06,24:00:00,509.657937,0.001493,246.657937,242.924848,0.003504,0.003504,0.700061
4133,22-Jan-06,24:00:00,951.486154,0.00241,687.527625,674.939309,0.022961,0.022961,0.701678
4134,23-Jan-06,24:00:00,639.637141,0.002033,375.637141,374.598573,0.0,0.0,0.7
4135,24-Jan-06,24:00:00,894.435201,0.001321,629.47685,619.392047,0.017766,0.017766,0.701275
4136,25-Jan-06,24:00:00,581.59778,0.001364,316.59778,316.149046,0.0,0.0,0.7
4137,26-Jan-06,24:00:00,1797.365973,0.001181,1550.57449,1369.724117,0.05818,0.05818,0.711343
4138,27-Jan-06,24:00:00,2092.377917,0.000595,1831.044583,1804.52375,0.036187,0.036187,0.702823
4139,28-Jan-06,24:00:00,1264.490398,0.00075,1002.490475,997.896056,0.0,0.0,0.7
4140,29-Jan-06,24:00:00,1236.663704,0.001362,975.621952,767.068507,0.016789,0.016789,0.701114
4141,30-Jan-06,24:00:00,816.69216,0.001368,556.650871,532.59581,0.0,0.0,0.7
4142,31-Jan-06,24:00:00,715.623662,0.000675,455.623662,452.107934,0.006968,0.006968,0.7
4143,01-Feb-06,24:00:00,473.682214,0.001063,341.140548,340.525132,0.0,0.0,0.7
4144,02-Feb-06,24:00:00,399.794452,0.001708,223.919452,223.919452,0.0,0.0,0.7
4145,03-Feb-06,24:00:00,689.935817,0.00249,428.560817,423.847065,0.008127,0.008127,0.700124
4146,04-Feb-06,24:00:00,494.180689,0.002187,229.180689,229.076016,0.0,0.0,0.699637
4147,05-Feb-06,24:00:00,418.170263,0.002249,155.08693,155.08693,0.0,0.0,0.696411
4148,06-Feb-06,24:00:00,389.137614,0.002491,126.137614,126.137614,0.0,0.0,0.690768
4149,07-Feb-06,24:00:00,368.062372,0.002566,106.020705,106.020705,0.0,0.0,0.684701
4150,08-Feb-06,24:00:00,351.339133,0.002827,89.339133,89.339133,0.0,0.0,0.678291
4151,09-Feb-06,24:00:00,337.187511,0.002768,75.187511,75.187511,0.0,0.0,0.671594
4152,10-Feb-06,24:00:00,325.21352,0.00313,63.21352,63.21352,0.0,0.0,0.664597
4153,11-Feb-06,24:00:00,315.11814,0.002875,53.11814,53.11814,0.0,0.0,0.657292
4154,12-Feb-06,24:00:00,306.623835,0.003072,44.623835,44.623835,0.0,0.0,0.650228
4155,13-Feb-06,24:00:00,299.483642,0.003642,37.483642,37.483642,0.0,0.0,0.642473
4156,14-Feb-06,24:00:00,293.48436,0.002683,31.48436,31.48436,0.0,0.0,0.634561
4157,15-Feb-06,24:00:00,288.444682,0.002056,26.444682,26.444682,0.0,0.0,0.628874
4158,16-Feb-06,24:00:00,285.169819,0.002139,22.211486,22.211486,0.0,0.0,0.623677
4159,17-Feb-06,24:00:00,281.65585,0.001349,18.65585,18.65585,0.0,0.0,0.619525
4160,18-Feb-06,24:00:00,89.877707,0.00246,15.669374,15.669374,0.0,0.0,0.614967
4161,19-Feb-06,24:00:00,107.91097,0.003045,13.16097,13.16097,0.0,0.0,0.608524
4162,20-Feb-06,24:00:00,171.262449,0.002807,11.054116,11.054116,0.0,0.0,0.601409
4163,21-Feb-06,24:00:00,209.659532,0.003079,9.284532,9.284532,0.0,0.0,0.594362
4164,22-Feb-06,24:00:00,270.17323,0.003211,7.79823,7.79823,0.0,0.0,0.586818
4165,23-Feb-06,24:00:00,271.54986,0.003499,6.54986,6.54986,0.0,0.0,0.578843
4166,24-Feb-06,24:00:00,271.459667,0.003888,5.501334,5.501334,0.0,0.0,0.570194
4167,25-Feb-06,24:00:00,271.065689,0.001802,5.065689,4.62066,0.006827,0.0,0.564697
4168,26-Feb-06,24:00:00,801.162369,0.001177,745.995702,169.597003,0.075385,0.019094,0.666736
4169,27-Feb-06,24:00:00,2492.737917,0.001309,2416.07125,1698.604167,0.040596,0.04593,0.712352
4170,28-Feb-06,24:00:00,988.553119,0.001502,830.052728,826.09445,0.01752,0.015454,0.700311
4171,01-Mar-06,24:00:00,933.587601,0.001671,719.838072,711.904158,0.000175,0.00224,0.7
4172,02-Mar-06,24:00:00,948.211596,0.00141,685.253708,677.117457,0.014782,0.014782,0.700102
4173,03-Mar-06,24:00:00,599.451861,0.002318,334.451861,333.815272,0.0,0.0,0.7
4174,04-Mar-06,24:00:00,1730.395375,0.001263,1526.728668,1042.081927,0.056001,0.047059,0.707564
4175,05-Mar-06,24:00:00,1814.484424,0.001345,1777.359395,1527.147663,0.006844,0.015786,0.701445
4176,06-Mar-06,24:00:00,617.206593,0.002623,512.456593,512.22531,0.0,0.0,0.7
4177,07-Mar-06,24:00:00,539.529398,0.003086,281.071064,281.071064,0.0,0.0,0.696885
4178,08-Mar-06,24:00:00,484.894139,0.00235,220.852472,220.852472,0.0,0.0,0.690507
4179,09-Mar-06,24:00:00,450.591792,0.00121,186.591792,186.591792,0.0,0.0,0.687759
4180,10-Mar-06,24:00:00,421.289909,0.002077,158.248242,158.248242,0.0,0.0,0.687759
4181,11-Mar-06,24:00:00,237.581204,0.001867,133.664538,133.664538,0.0,0.0,0.687672
4182,12-Mar-06,24:00:00,244.746462,0.001533,240.704795,206.06849,0.023344,0.014157,0.691884
4183,13-Mar-06,24:00:00,1442.688265,0.002408,1442.688265,1238.843309,0.021356,0.025371,0.700893
4184,14-Mar-06,24:00:00,419.544516,0.002005,419.544516,419.039466,0.0,0.0,0.7
4185,15-Mar-06,24:00:00,618.501276,0.00116,618.501276,607.968157,0.023258,0.023258,0.701894
4186,16-Mar-06,24:00:00,587.036608,0.003416,587.036608,583.780833,0.0,0.0,0.7
4187,17-Mar-06,24:00:00,250.400434,0.003675,231.233768,231.233768,0.0,0.0,0.69701
4188,18-Mar-06,24:00:00,321.532016,0.003886,160.657016,160.657016,0.0,0.0,0.688616
4189,19-Mar-06,24:00:00,301.832357,0.001224,134.832357,132.863009,0.004266,0.0,0.687665
4190,20-Mar-06,24:00:00,278.178007,0.002018,113.094674,112.535005,0.0,0.0,0.693682
4191,21-Mar-06,24:00:00,260.147904,0.003418,95.147904,95.147904,0.0,0.0,0.692468
4192,22-Mar-06,24:00:00,245.219123,0.004632,80.219123,80.193695,0.002276,0.0,0.685506
4193,23-Mar-06,24:00:00,661.100236,0.0014,496.100177,483.013076,0.020168,0.013759,0.699821
4194,24-Mar-06,24:00:00,843.415596,0.002595,678.416081,668.098024,0.018516,0.018516,0.700215
4195,25-Mar-06,24:00:00,487.134685,0.004293,323.093018,322.238141,0.0,0.0,0.698959
4196,26-Mar-06,24:00:00,305.843721,0.003445,140.885388,140.417115,0.002761,0.0,0.694205
4197,27-Mar-06,24:00:00,299.195295,0.002108,135.153628,132.406681,0.003225,0.001452,0.697744
4198,28-Mar-06,24:00:00,316.392397,0.001871,152.392397,151.290178,0.001318,0.001318,0.7
4199,29-Mar-06,24:00:00,256.232029,0.001787,91.273695,91.260957,0.0,0.0,0.7
4200,30-Mar-06,24:00:00,1164.173288,0.001253,951.256637,767.533042,0.039118,0.039118,0.704732
4201,31-Mar-06,24:00:00,1340.349371,0.002493,1076.47444,1050.674462,0.00802,0.00802,0.70008
4202,01-Apr-06,24:00:00,611.190615,0.001722,346.148948,345.588434,0.00789,0.00789,0.7
4203,02-Apr-06,24:00:00,1208.779173,0.002424,1088.486995,1071.506587,0.022016,0.022016,0.700786
4204,03-Apr-06,24:00:00,561.398641,0.001568,529.815307,526.463954,0.009826,0.009826,0.700144
4205,04-Apr-06,24:00:00,506.455773,0.003185,460.24744,456.760497,0.001295,0.001295,0.7
4206,05-Apr-06,24:00:00,268.592121,0.002727,221.592121,221.581907,0.0,0.0,0.698317
4207,06-Apr-06,24:00:00,311.45097,0.002635,264.45097,260.968863,0.014474,0.010402,0.695862
4208,07-Apr-06,24:00:00,514.19937,0.002984,409.69937,404.600778,0.0,0.0,0.7
4209,08-Apr-06,24:00:00,435.740832,0.002296,176.365832,176.364775,0.0,0.0,0.69938
4210,09-Apr-06,24:00:00,450.193465,0.00232,185.151798,183.60195,0.002772,0.002155,0.699511
4211,10-Apr-06,24:00:00,2060.233099,0.00176,1795.23322,1131.472347,0.066376,0.05227,0.712418
4212,11-Apr-06,24:00:00,3851.679167,0.002135,3648.970833,2311.770833,0.039534,0.053641,0.731736
4213,12-Apr-06,24:00:00,1278.214215,0.004711,1131.880982,1112.384649,0.0,0.0,0.699022
4214,13-Apr-06,24:00:00,676.259184,0.005259,418.217517,418.217517,0.0,0.0,0.691104
4215,14-Apr-06,24:00:00,582.601677,0.001703,358.893531,355.102535,0.023447,0.012115,0.688123
4216,15-Apr-06,24:00:00,1290.757326,0.002629,1185.673714,1166.746383,0.01516,0.018577,0.700557
4217,16-Apr-06,24:00:00,652.120273,0.004463,442.870273,442.698737,0.0,0.0,0.699444
4218,17-Apr-06,24:00:00,452.844981,0.005626,263.761648,263.761648,0.0,0.0,0.691829
4219,18-Apr-06,24:00:00,423.661641,0.006202,209.786641,209.786641,0.0,0.0,0.677732
4220,19-Apr-06,24:00:00,440.474962,0.005966,176.599962,176.599962,0.0,0.0,0.662941
4221,20-Apr-06,24:00:00,415.265858,0.00509,149.265858,149.265858,0.0,0.0,0.649907
4222,21-Apr-06,24:00:00,391.847089,0.002843,125.847089,125.847089,0.0,0.0,0.639905
4223,22-Apr-06,24:00:00,371.898035,0.00441,105.898035,105.898035,0.0,0.0,0.631316
4224,23-Apr-06,24:00:00,355.021553,0.0024,89.021553,89.021553,0.0,0.0,0.623055
4225,24-Apr-06,24:00:00,339.84089,0.00362,74.799223,74.799223,0.0,0.0,0.616102
4226,25-Apr-06,24:00:00,321.127357,0.006409,62.83569,62.83569,0.0,0.0,0.604214
4227,26-Apr-06,24:00:00,316.530634,0.007194,52.780634,52.780634,0.0,0.0,0.587903
4228,27-Apr-06,24:00:00,307.374422,0.007542,44.332756,44.332756,0.0,0.0,0.570266
4229,28-Apr-06,24:00:00,301.194666,0.007044,37.236333,37.236333,0.0,0.0,0.553066
4230,29-Apr-06,24:00:00,295.275597,0.007787,31.275597,31.275597,0.0,0.0,0.535146
4231,30-Apr-06,24:00:00,290.268954,0.007606,26.268954,26.268954,0.0,0.0,0.516601
4232,01-May-06,24:00:00,286.063747,0.007387,22.063747,22.063747,0.0,0.0,0.498516
4233,02-May-06,24:00:00,281.573376,0.006583,18.531709,18.531709,0.0,0.0,0.48164
4234,03-May-06,24:00:00,277.606754,0.004866,15.565087,15.565087,0.0,0.0,0.468131
4235,04-May-06,24:00:00,278.906704,0.00563,13.073371,13.073371,0.0,0.0,0.455808
4236,05-May-06,24:00:00,277.93887,0.006841,10.980537,10.980537,0.0,0.0,0.440463
4237,06-May-06,24:00:00,275.264398,0.007672,9.222732,9.222732,0.0,0.0,0.423291
4238,07-May-06,24:00:00,273.746325,0.00718,7.746325,7.746325,0.0,0.0,0.406001
4239,08-May-06,24:00:00,256.214599,0.007428,6.506266,6.506266,0.0,0.0,0.391128
4240,09-May-06,24:00:00,272.673053,0.007456,5.464719,5.464719,0.0,0.0,0.377707
4241,10-May-06,24:00:00,261.089907,0.008421,4.589907,4.589907,0.0,0.0,0.365498
4242,11-May-06,24:00:00,198.521804,0.007794,3.855137,3.855137,0.0,0.0,0.354121
4243,12-May-06,24:00:00,180.862992,0.008109,3.237992,3.237992,0.0,0.0,0.344492
4244,13-May-06,24:00:00,179.719642,0.008156,2.719642,2.719642,0.0,0.0,0.334938
4245,14-May-06,24:00:00,179.284272,0.008637,2.284272,2.284272,0.0,0.0,0.325509
4246,15-May-06,24:00:00,191.37693,0.008651,1.918597,1.918597,0.0,0.0,0.315951
4247,16-May-06,24:00:00,207.903127,0.0084,1.611461,1.611461,0.0,0.0,0.30685
4248,17-May-06,24:00:00,220.811826,0.008818,1.353492,1.353492,0.0,0.0,0.298001
4249,18-May-06,24:00:00,248.928487,0.004815,1.13682,1.13682,0.0,0.0,0.290672
4250,19-May-06,24:00:00,266.2465,0.005664,0.954834,0.954834,0.0,0.0,0.2858
4251,20-May-06,24:00:00,242.843647,0.004494,0.80198,0.80198,0.0,0.0,0.280964
4252,21-May-06,24:00:00,254.13193,0.004277,0.673596,0.673596,0.0,0.0,0.277626
4253,22-May-06,24:00:00,230.607431,0.003714,0.565765,0.565765,0.0,0.0,0.273944
4254,23-May-06,24:00:00,241.933528,0.005198,0.475195,0.475195,0.0,0.0,0.269884
4255,24-May-06,24:00:00,178.190791,0.006822,0.399124,0.399124,0.0,0.0,0.264457
4256,25-May-06,24:00:00,177.251897,0.005882,0.335231,0.335231,0.0,0.0,0.258582
4257,26-May-06,24:00:00,177.281566,0.006383,0.281566,0.281566,0.0,0.0,0.253296
4258,27-May-06,24:00:00,177.236492,0.006871,0.236492,0.236492,0.0,0.0,0.247608
4259,28-May-06,24:00:00,177.198633,0.00752,0.198633,0.198633,0.0,0.0,0.241694
4260,29-May-06,24:00:00,177.166835,0.007931,0.166835,0.166835,0.0,0.0,0.23533
4261,30-May-06,24:00:00,175.223461,0.007889,0.140128,0.140128,0.0,0.0,0.228973
4262,31-May-06,24:00:00,140.809359,0.006621,0.117695,0.117695,0.0,0.0,0.223245
4263,01-Jun-06,24:00:00,152.33219,0.005593,0.098854,0.098854,0.0,0.0,0.218813
4264,02-Jun-06,24:00:00,152.116363,0.008718,0.083029,0.083029,0.0,0.0,0.21353
4265,03-Jun-06,24:00:00,109.136409,0.007581,0.069738,0.069738,0.0,0.0,0.2076
4266,04-Jun-06,24:00:00,106.491909,0.008529,0.058574,0.058574,0.0,0.0,0.201978
4267,05-Jun-06,24:00:00,106.449199,0.008974,0.049197,0.049197,0.0,0.0,0.196023
4268,06-Jun-06,24:00:00,107.207992,0.008866,0.041322,0.041322,0.0,0.0,0.190061
4269,07-Jun-06,24:00:00,107.234711,0.00815,0.034707,0.034707,0.0,0.0,0.184608
4270,08-Jun-06,24:00:00,106.462486,0.008382,0.029151,0.029151,0.0,0.0,0.179408
4271,09-Jun-06,24:00:00,105.657816,0.008354,0.024484,0.024484,0.0,0.0,0.174322
4272,10-Jun-06,24:00:00,113.28723,0.007268,0.020565,0.020565,0.0,0.0,0.169613
4273,11-Jun-06,24:00:00,123.583939,0.003795,0.017272,0.017272,0.0,0.0,0.166436
4274,12-Jun-06,24:00:00,124.014507,0.003803,0.014507,0.014507,0.0,0.0,0.164191
4275,13-Jun-06,24:00:00,124.012185,0.006582,0.012185,0.012185,0.0,0.0,0.161332
4276,14-Jun-06,24:00:00,118.643569,0.008478,0.010234,0.010234,0.0,0.0,0.157364
4277,15-Jun-06,24:00:00,103.075264,0.009708,0.008596,0.008596,0.0,0.0,0.15257
4278,16-Jun-06,24:00:00,105.473885,0.009315,0.00722,0.00722,0.0,0.0,0.147683
4279,17-Jun-06,24:00:00,107.139402,0.009206,0.006064,0.006064,0.0,0.0,0.143063
4280,18-Jun-06,24:00:00,107.205098,0.007985,0.005093,0.005093,0.0,0.0,0.138754
4281,19-Jun-06,24:00:00,107.204283,0.009671,0.004278,0.004278,0.0,0.0,0.134764
4282,20-Jun-06,24:00:00,107.203598,0.009458,0.003593,0.003593,0.0,0.0,0.130385
4283,21-Jun-06,24:00:00,107.203023,0.009133,0.003018,0.003018,0.0,0.0,0.126239
4284,22-Jun-06,24:00:00,107.202539,0.009458,0.002535,0.002535,0.0,0.0,0.122286
4285,23-Jun-06,24:00:00,107.202134,0.009566,0.002129,0.002129,0.0,0.0,0.118395
4286,24-Jun-06,24:00:00,107.201793,0.009766,0.001788,0.001788,0.0,0.0,0.114514
4287,25-Jun-06,24:00:00,107.201506,0.009686,0.001502,0.001502,0.0,0.0,0.110782
4288,26-Jun-06,24:00:00,107.201266,0.009008,0.001262,0.001262,0.0,0.0,0.107249
4289,27-Jun-06,24:00:00,107.201064,0.007497,0.00106,0.00106,0.0,0.0,0.104163
4290,28-Jun-06,24:00:00,106.434225,0.009545,0.00089,0.00089,0.0,0.0,0.101351
4291,29-Jun-06,24:00:00,106.400749,0.007809,0.000748,0.000748,0.0,0.0,0.098255
4292,30-Jun-06,24:00:00,110.233963,0.009694,0.000628,0.000628,0.0,0.0,0.095415
4293,01-Jul-06,24:00:00,112.70053,0.009649,0.000527,0.000527,0.0,0.0,0.092286
4294,02-Jul-06,24:00:00,113.567108,0.008901,0.000443,0.000443,0.0,0.0,0.089366
4295,03-Jul-06,24:00:00,114.36704,0.008666,0.000372,0.000372,0.0,0.0,0.086716
4296,04-Jul-06,24:00:00,113.633644,0.007756,0.000312,0.000312,0.0,0.0,0.084303
4297,05-Jul-06,24:00:00,113.600261,0.00807,0.000262,0.000262,0.0,0.0,0.082041
4298,06-Jul-06,24:00:00,111.300225,0.008623,0.00022,0.00022,0.0,0.0,0.079742
4299,07-Jul-06,24:00:00,111.966852,0.009394,0.000185,0.000185,0.0,0.0,0.077318
4300,08-Jul-06,24:00:00,112.766825,0.009569,0.000156,0.000156,0.0,0.0,0.074828
4301,09-Jul-06,24:00:00,112.800134,0.008923,0.000131,0.000131,0.0,0.0,0.072479
4302,10-Jul-06,24:00:00,108.966779,0.008813,0.00011,0.00011,0.0,0.0,0.070321
4303,11-Jul-06,24:00:00,109.566758,0.008494,9.2e-05,9.2e-05,0.0,0.0,0.068227
4304,12-Jul-06,24:00:00,111.900077,0.008265,7.7e-05,7.7e-05,0.0,0.0,0.066285
4305,13-Jul-06,24:00:00,112.766735,0.009001,6.5e-05,6.5e-05,0.0,0.0,0.064377
4306,14-Jul-06,24:00:00,112.033388,0.008841,5.5e-05,5.5e-05,0.0,0.0,0.062432
4307,15-Jul-06,24:00:00,111.233384,0.009143,4.6e-05,4.6e-05,0.0,0.0,0.060533
4308,16-Jul-06,24:00:00,106.60004,0.009525,3.8e-05,3.8e-05,0.0,0.0,0.058633
4309,17-Jul-06,24:00:00,106.400034,0.010151,3.2e-05,3.2e-05,0.0,0.0,0.056722
4310,18-Jul-06,24:00:00,106.400029,0.008244,2.7e-05,2.7e-05,0.0,0.0,0.054892
4311,19-Jul-06,24:00:00,106.400024,0.009495,2.3e-05,2.3e-05,0.0,0.0,0.053281
4312,20-Jul-06,24:00:00,107.933353,0.007531,1.9e-05,1.9e-05,0.0,0.0,0.051689
4313,21-Jul-06,24:00:00,106.466684,0.008512,1.6e-05,1.6e-05,0.0,0.0,0.050328
4314,22-Jul-06,24:00:00,106.400015,0.007571,1.4e-05,1.4e-05,0.0,0.0,0.048928
4315,23-Jul-06,24:00:00,105.633343,0.008489,1.1e-05,1.1e-05,0.0,0.0,0.047604
4316,24-Jul-06,24:00:00,103.300014,0.002138,1e-05,1e-05,0.0,0.0,0.046756
4317,25-Jul-06,24:00:00,103.966675,0.009499,8e-06,8e-06,0.0,0.0,0.045853
4318,26-Jul-06,24:00:00,105.533339,0.009065,7e-06,7e-06,0.0,0.0,0.044408
4319,27-Jul-06,24:00:00,105.600004,0.008192,6e-06,6e-06,0.0,0.0,0.04311
4320,28-Jul-06,24:00:00,104.833341,0.007898,5e-06,5e-06,0.0,0.0,0.041951
4321,29-Jul-06,24:00:00,105.566669,0.00869,4e-06,4e-06,0.0,0.0,0.040766
4322,30-Jul-06,24:00:00,106.366672,0.008138,3e-06,3e-06,0.0,0.0,0.039597
4323,31-Jul-06,24:00:00,105.633335,0.007945,3e-06,3e-06,0.0,0.0,0.03851
4324,01-Aug-06,24:00:00,104.833338,0.008148,2e-06,2e-06,0.0,0.0,0.037459
4325,02-Aug-06,24:00:00,105.566667,0.008393,2e-06,2e-06,0.0,0.0,0.036419
4326,03-Aug-06,24:00:00,105.6,0.007776,2e-06,2e-06,0.0,0.0,0.035431
4327,04-Aug-06,24:00:00,105.6,0.007135,1e-06,1e-06,0.0,0.0,0.034517
4328,05-Aug-06,24:00:00,104.833337,0.00789,1e-06,1e-06,0.0,0.0,0.033647
4329,06-Aug-06,24:00:00,105.566666,0.006235,1e-06,1e-06,0.0,0.0,0.032843
4330,07-Aug-06,24:00:00,104.833337,0.008417,1e-06,1e-06,0.0,0.0,0.032042
4331,08-Aug-06,24:00:00,105.566666,0.008473,1e-06,1e-06,0.0,0.0,0.031115
4332,09-Aug-06,24:00:00,104.833337,0.008797,1e-06,1e-06,0.0,0.0,0.030205
4333,10-Aug-06,24:00:00,106.333335,0.007704,0.0,0.0,0.0,0.0,0.029351
4334,11-Aug-06,24:00:00,107.166672,0.007853,0.0,0.0,0.0,0.0,0.028579
4335,12-Aug-06,24:00:00,107.200005,0.008303,0.0,0.0,0.0,0.0,0.027813
4336,13-Aug-06,24:00:00,107.966667,0.006741,0.0,0.0,0.0,0.0,0.02709
4337,14-Aug-06,24:00:00,108.0,0.007491,0.0,0.0,0.0,0.0,0.026439
4338,15-Aug-06,24:00:00,107.233338,0.007446,0.0,0.0,0.0,0.0,0.025765
4339,16-Aug-06,24:00:00,107.966667,0.007271,0.0,0.0,0.0,0.0,0.025118
4340,17-Aug-06,24:00:00,107.233338,0.007638,0.0,0.0,0.0,0.0,0.024488
4341,18-Aug-06,24:00:00,107.200005,0.007686,0.0,0.0,0.0,0.0,0.023856
4342,19-Aug-06,24:00:00,107.200005,0.007196,0.0,0.0,0.0,0.0,0.023253
4343,20-Aug-06,24:00:00,107.200005,0.007341,0.0,0.0,0.0,0.0,0.022682
4344,21-Aug-06,24:00:00,107.200005,0.007476,0.0,0.0,0.0,0.0,0.02211
4345,22-Aug-06,24:00:00,107.200005,0.007572,0.0,0.0,0.0,0.0,0.021548
4346,23-Aug-06,24:00:00,107.200005,0.007941,0.0,0.0,0.0,0.0,0.020988
4347,24-Aug-06,24:00:00,107.200005,0.007143,0.0,0.0,0.0,0.0,0.020442
4348,25-Aug-06,24:00:00,107.200005,0.007007,0.0,0.0,0.0,0.0,0.019951
4349,26-Aug-06,24:00:00,107.200005,0.007256,0.0,0.0,0.0,0.0,0.019469
4350,27-Aug-06,24:00:00,107.200005,0.007358,0.0,0.0,0.0,0.0,0.018987
4351,28-Aug-06,24:00:00,106.433335,0.00722,0.0,0.0,0.0,0.0,0.018523
4352,29-Aug-06,24:00:00,111.766667,0.007058,0.0,0.0,0.0,0.0,0.018066
4353,30-Aug-06,24:00:00,108.933336,0.006958,0.0,0.0,0.0,0.0,0.017634
4354,31-Aug-06,24:00:00,107.266672,0.007397,0.0,0.0,0.0,0.0,0.017213
4355,01-Sep-06,24:00:00,108.733336,0.007137,0.0,0.0,0.0,0.0,0.016789
4356,02-Sep-06,24:00:00,108.033333,0.006847,0.0,0.0,0.0,0.0,0.016388
4357,03-Sep-06,24:00:00,107.233338,0.006605,0.0,0.0,0.0,0.0,0.016012
4358,04-Sep-06,24:00:00,101.06667,0.00736,0.0,0.0,0.0,0.0,0.015638
4359,05-Sep-06,24:00:00,103.100005,0.006909,0.0,0.0,0.0,0.0,0.015254
4360,06-Sep-06,24:00:00,105.499998,0.007136,0.0,0.0,0.0,0.0,0.014893
4361,07-Sep-06,24:00:00,107.9,0.005312,0.0,0.0,0.0,0.0,0.014571
4362,08-Sep-06,24:00:00,108.0,0.005877,0.0,0.0,0.0,0.0,0.014296
4363,09-Sep-06,24:00:00,108.0,0.006342,0.0,0.0,0.0,0.0,0.014
4364,10-Sep-06,24:00:00,108.0,0.006319,0.0,0.0,0.0,0.0,0.013698
4365,11-Sep-06,24:00:00,108.76667,0.006778,0.0,0.0,0.0,0.0,0.013397
4366,12-Sep-06,24:00:00,109.566665,0.006797,0.0,0.0,0.0,0.0,0.013092
4367,13-Sep-06,24:00:00,108.833336,0.006343,0.0,0.0,0.0,0.0,0.012803
4368,14-Sep-06,24:00:00,109.566665,0.00488,0.0,0.0,0.0,0.0,0.012544
4369,15-Sep-06,24:00:00,92.733333,0.005461,0.0,0.0,0.0,0.0,0.012329
4370,16-Sep-06,24:00:00,79.733338,0.006211,0.0,0.0,0.0,0.0,0.012089
4371,17-Sep-06,24:00:00,78.433335,0.006232,0.0,0.0,0.0,0.0,0.011831
4372,18-Sep-06,24:00:00,73.799998,0.005821,0.0,0.0,0.0,0.0,0.011586
4373,19-Sep-06,24:00:00,75.133338,0.005862,0.0,0.0,0.0,0.0,0.01136
4374,20-Sep-06,24:00:00,91.3,0.006376,0.0,0.0,0.0,0.0,0.011119
4375,21-Sep-06,24:00:00,108.866665,0.007153,0.0,0.0,0.0,0.0,0.010872
4376,22-Sep-06,24:00:00,118.033335,0.005307,0.0,0.0,0.0,0.0,0.010633
4377,23-Sep-06,24:00:00,133.733342,0.005313,0.0,0.0,0.0,0.0,0.010443
4378,24-Sep-06,24:00:00,136.700003,0.00519,0.0,0.0,0.0,0.0,0.010257
4379,25-Sep-06,24:00:00,164.400006,0.005808,0.0,0.0,0.0,0.0,0.010071
4380,26-Sep-06,24:00:00,163.299997,0.005475,0.0,0.0,0.0,0.0,0.009874
4381,27-Sep-06,24:00:00,161.666672,0.005082,0.0,0.0,0.0,0.0,0.009695
4382,28-Sep-06,24:00:00,136.299997,0.005638,0.0,0.0,0.0,0.0,0.009521
4383,29-Sep-06,24:00:00,129.066669,0.003069,0.0,0.0,0.0,0.0,0.009376
4384,30-Sep-06,24:00:00,152.95,0.002806,0.0,0.0,0.0,0.0,0.009281
4385,01-Oct-06,24:00:00,153.041667,0.003351,0.0,0.0,0.0,0.0,0.009183
4386,02-Oct-06,24:00:00,171.208333,0.002148,0.0,0.0,0.0,0.0,0.009097
4387,03-Oct-06,24:00:00,196.916667,0.001903,0.0,0.0,0.0,0.0,0.009032
4388,04-Oct-06,24:00:00,172.125,0.001462,0.0,0.0,0.0,0.0,0.008979
4389,05-Oct-06,24:00:00,157.583333,0.00364,0.0,0.0,0.0,0.0,0.008906
4390,06-Oct-06,24:00:00,158.916667,0.004092,0.0,0.0,0.0,0.0,0.008786
4391,07-Oct-06,24:00:00,159.0,0.00392,0.0,0.0,0.0,0.0,0.008664
4392,08-Oct-06,24:00:00,158.041667,0.004648,0.0,0.0,0.0,0.0,0.008542
4393,09-Oct-06,24:00:00,162.791667,0.003617,0.0,0.0,0.0,0.0,0.008423
4394,10-Oct-06,24:00:00,184.083333,0.002959,0.0,0.0,0.0,0.0,0.008327
4395,11-Oct-06,24:00:00,201.291667,0.005269,0.0,0.0,0.0,0.0,0.008213
4396,12-Oct-06,24:00:00,202.0,0.003668,0.0,0.0,0.0,0.0,0.008084
4397,13-Oct-06,24:00:00,201.041667,0.003106,0.0,0.0,0.0,0.0,0.007991
4398,14-Oct-06,24:00:00,201.0,0.003113,0.0,0.0,0.0,0.0,0.007907
4399,15-Oct-06,24:00:00,202.916667,0.004011,0.0,0.0,0.0,0.0,0.00781
4400,16-Oct-06,24:00:00,198.208333,0.003372,0.0,0.0,0.0,0.0,0.00771
4401,17-Oct-06,24:00:00,200.875,0.00337,0.0,0.0,0.0,0.0,0.007621
4402,18-Oct-06,24:00:00,198.125,0.003354,0.0,0.0,0.0,0.0,0.007533
4403,19-Oct-06,24:00:00,205.666667,0.003506,0.0,0.0,0.0,0.0,0.007445
4404,20-Oct-06,24:00:00,204.083333,0.003094,0.0,0.0,0.0,0.0,0.00736
4405,21-Oct-06,24:00:00,205.916667,0.003689,0.0,0.0,0.0,0.0,0.007277
4406,22-Oct-06,24:00:00,206.958333,0.003407,0.0,0.0,0.0,0.0,0.007188
4407,23-Oct-06,24:00:00,201.25,0.003077,0.0,0.0,0.0,0.0,0.007109
4408,24-Oct-06,24:00:00,204.833333,0.001794,0.0,0.0,0.0,0.0,0.007051
4409,25-Oct-06,24:00:00,197.333333,0.0027,0.0,0.0,0.0,0.0,0.006995
4410,26-Oct-06,24:00:00,150.041667,0.002723,0.0,0.0,0.0,0.0,0.00693
4411,27-Oct-06,24:00:00,150.875,0.002774,0.0,0.0,0.0,0.0,0.006865
4412,28-Oct-06,24:00:00,150.041667,0.002737,0.0,0.0,0.0,0.0,0.006801
4413,29-Oct-06,24:00:00,150.958333,0.002088,0.0,0.0,0.0,0.0,0.006746
4414,30-Oct-06,24:00:00,126.083333,0.001624,0.0,0.0,0.0,0.0,0.006702
4415,31-Oct-06,24:00:00,49.291667,0.001262,0.0,0.0,0.0,0.0,0.006669
4416,01-Nov-06,24:00:00,56.392023,0.001267,12.30869,0.0,0.022893,0.0,0.037574
4417,02-Nov-06,24:00:00,44.306255,0.0015,1.264589,0.0,0.0,0.0,0.061596
4418,03-Nov-06,24:00:00,43.0,0.001918,0.0,0.0,0.0,0.0,0.061596
4419,04-Nov-06,24:00:00,44.916667,0.001436,0.0,0.0,0.0,0.0,0.061454
4420,05-Nov-06,24:00:00,44.041667,0.003135,0.0,0.0,0.0,0.0,0.060981
4421,06-Nov-06,24:00:00,45.916667,0.001529,0.0,0.0,0.0,0.0,0.060495
4422,07-Nov-06,24:00:00,45.041667,0.003018,0.0,0.0,0.0,0.0,0.060031
4423,08-Nov-06,24:00:00,45.0,0.002343,0.0,0.0,0.0,0.0,0.059467
4424,09-Nov-06,24:00:00,45.0,0.001771,0.0,0.0,0.0,0.0,0.05905
4425,10-Nov-06,24:00:00,52.489973,0.002421,7.489973,0.0,0.012809,0.0,0.085694
4426,11-Nov-06,24:00:00,45.213748,0.001772,0.213748,0.0,0.00633,0.0,0.090524
4427,12-Nov-06,24:00:00,70.465743,0.00072,25.465743,0.0,0.052661,0.0,0.170388
4428,13-Nov-06,24:00:00,54.397923,0.002299,9.397923,0.0,0.0,0.0,0.231174
4429,14-Nov-06,24:00:00,45.002515,0.001688,0.002515,0.0,0.0,0.0,0.231174
4430,15-Nov-06,24:00:00,49.046894,0.000716,4.046894,0.0,0.007035,0.0,0.24444
4431,16-Nov-06,24:00:00,45.124421,0.001103,0.124421,0.0,0.0,0.0,0.248059
4432,17-Nov-06,24:00:00,44.041667,0.001401,0.0,0.0,0.0,0.0,0.248059
4433,18-Nov-06,24:00:00,44.958333,0.0012,0.0,0.0,0.0,0.0,0.248059
4434,19-Nov-06,24:00:00,45.0,0.000792,0.0,0.0,0.0,0.0,0.247806
4435,20-Nov-06,24:00:00,45.0,0.001515,0.0,0.0,0.0,0.0,0.246855
4436,21-Nov-06,24:00:00,43.584897,0.00117,0.501563,0.0,0.00254,0.0,0.247033
4437,22-Nov-06,24:00:00,45.921264,0.002053,1.004597,0.0,0.0,0.0,0.251561
4438,23-Nov-06,24:00:00,45.958333,0.001768,0.0,0.0,0.0,0.0,0.251561
4439,24-Nov-06,24:00:00,46.0,0.001398,0.0,0.0,0.0,0.0,0.251149
4440,25-Nov-06,24:00:00,57.84932,0.000442,12.807654,0.0,0.028985,0.0,0.279807
4441,26-Nov-06,24:00:00,50.390973,0.001095,5.390973,0.0,0.001724,0.0,0.324223
4442,27-Nov-06,24:00:00,45.008586,0.001048,0.008586,0.0,0.0,0.0,0.324309
4443,28-Nov-06,24:00:00,45.0,0.001344,0.0,0.0,0.0,0.0,0.324309
4444,29-Nov-06,24:00:00,45.0,0.001494,0.0,0.0,0.0,0.0,0.323915
4445,30-Nov-06,24:00:00,45.0,0.001592,0.0,0.0,0.0,0.0,0.322551
4446,01-Dec-06,24:00:00,18.166667,0.001538,0.0,0.0,0.0,0.0,0.320827
4447,02-Dec-06,24:00:00,1.1875,0.001763,0.0,0.0,0.0,0.0,0.319027
4448,03-Dec-06,24:00:00,0.509583,0.001588,0.0,0.0,0.0,0.0,0.317173
4449,04-Dec-06,24:00:00,0.02125,0.001856,0.0,0.0,0.0,0.0,0.31533
4450,05-Dec-06,24:00:00,0.0,0.001641,0.0,0.0,0.0,0.0,0.313423
4451,06-Dec-06,24:00:00,0.479167,0.001437,0.0,0.0,0.0,0.0,0.311774
4452,07-Dec-06,24:00:00,27.8125,0.001789,0.0,0.0,0.0,0.0,0.310123
4453,08-Dec-06,24:00:00,80.115681,0.000788,9.907348,0.0,0.034585,0.0,0.336926
4454,09-Dec-06,24:00:00,98.403327,0.000834,16.819994,0.0,0.01091,0.0,0.412413
4455,10-Dec-06,24:00:00,213.276269,0.000652,120.734694,0.0,0.045313,0.0,0.437488
4456,11-Dec-06,24:00:00,436.3127,0.000821,290.604503,0.0,0.008071,0.0,0.544139
4457,12-Dec-06,24:00:00,210.977036,0.000629,13.143702,0.0,0.022994,0.0,0.585643
4458,13-Dec-06,24:00:00,262.446441,0.000813,3.029774,0.0,0.012029,0.0,0.609307
4459,14-Dec-06,24:00:00,267.07361,0.002027,5.07361,0.0,0.0,0.0,0.630461
4460,15-Dec-06,24:00:00,227.507539,0.001308,0.007539,0.0,0.0,0.0,0.630461
4461,16-Dec-06,24:00:00,118.666667,0.001277,0.0,0.0,0.0,0.0,0.630024
4462,17-Dec-06,24:00:00,60.333333,0.001239,0.0,0.0,0.0,0.0,0.627959
4463,18-Dec-06,24:00:00,122.208333,0.001262,0.0,0.0,0.0,0.0,0.62497
4464,19-Dec-06,24:00:00,154.708333,0.001045,0.0,0.0,0.0,0.0,0.622161
4465,20-Dec-06,24:00:00,872.744687,0.000409,640.078232,235.036628,0.045116,0.01215,0.673126
4466,21-Dec-06,24:00:00,488.570459,0.001067,225.737125,211.019716,0.0,0.0,0.7
4467,22-Dec-06,24:00:00,291.312441,0.000864,55.104108,55.104108,0.0,0.0,0.7
4468,23-Dec-06,24:00:00,259.062375,0.001013,30.770708,30.770708,0.0,0.0,0.7
4469,24-Dec-06,24:00:00,245.242568,0.001769,24.909235,24.909235,0.0,0.0,0.69953
4470,25-Dec-06,24:00:00,3099.68178,0.001189,2890.223358,650.605231,0.046271,0.03982,0.707032
4471,26-Dec-06,24:00:00,2413.752816,0.002631,2169.29434,1497.928976,0.015988,0.021579,0.705289
4472,27-Dec-06,24:00:00,584.106784,0.001323,410.940117,410.848352,0.0,0.0,0.7
4473,28-Dec-06,24:00:00,317.201136,0.001297,185.534469,185.534469,0.0,0.0,0.699014
4474,29-Dec-06,24:00:00,275.453056,0.001181,139.703056,139.703056,0.0,0.0,0.696467
4475,30-Dec-06,24:00:00,264.051623,0.001049,118.468289,118.468289,0.0,0.0,0.693794
4476,31-Dec-06,24:00:00,252.838406,0.001358,101.088406,101.088406,0.0,0.0,0.690881
4477,01-Jan-07,24:00:00,237.681682,0.001509,85.681682,85.681682,0.0,0.0,0.687419
4478,02-Jan-07,24:00:00,367.373527,0.00053,214.415194,208.93283,0.017479,0.011205,0.690641
4479,03-Jan-07,24:00:00,485.398017,0.001303,327.60635,322.725561,0.0,0.0,0.7
4480,04-Jan-07,24:00:00,271.918573,0.001635,112.001907,112.001907,0.0,0.0,0.7
4481,05-Jan-07,24:00:00,236.585214,0.001133,72.751881,72.751881,0.0,0.0,0.7
4482,06-Jan-07,24:00:00,222.384739,0.001691,59.343072,59.343072,0.0,0.0,0.698201
4483,07-Jan-07,24:00:00,205.521758,0.001527,50.188425,50.188425,0.0,0.0,0.694411
4484,08-Jan-07,24:00:00,198.401465,0.001467,42.443132,42.443132,0.0,0.0,0.690843
4485,09-Jan-07,24:00:00,196.573077,0.001616,35.781411,35.781411,0.0,0.0,0.687424
4486,10-Jan-07,24:00:00,190.148174,0.001348,30.106507,30.106507,0.0,0.0,0.68371
4487,11-Jan-07,24:00:00,185.307181,0.001859,25.307181,25.307181,0.0,0.0,0.679824
4488,12-Jan-07,24:00:00,180.305136,0.001237,21.263469,21.263469,0.0,0.0,0.676
4489,13-Jan-07,24:00:00,176.862331,0.001327,17.862331,17.862331,0.0,0.0,0.672937
4490,14-Jan-07,24:00:00,174.003894,0.0014,15.003894,15.003894,0.0,0.0,0.669669
4491,15-Jan-07,24:00:00,171.602394,0.001457,12.602394,12.602394,0.0,0.0,0.666267
4492,16-Jan-07,24:00:00,168.626762,0.001582,10.585096,10.585096,0.0,0.0,0.662602
4493,17-Jan-07,24:00:00,166.890645,0.001694,8.890645,8.890645,0.0,0.0,0.6587
4494,18-Jan-07,24:00:00,168.342416,0.002076,7.467416,7.467416,0.0,0.0,0.654297
4495,19-Jan-07,24:00:00,167.272011,0.002318,6.272011,6.272011,0.0,0.0,0.64906
4496,20-Jan-07,24:00:00,166.267966,0.001763,5.267966,5.267966,0.0,0.0,0.643987
4497,21-Jan-07,24:00:00,161.591318,0.001756,4.424652,4.424652,0.0,0.0,0.639767
4498,22-Jan-07,24:00:00,163.591337,0.001811,3.716337,3.716337,0.0,0.0,0.635496
4499,23-Jan-07,24:00:00,160.246412,0.00198,3.121412,3.121412,0.0,0.0,0.631022
4500,24-Jan-07,24:00:00,158.663391,0.001745,2.621725,2.621725,0.0,0.0,0.626472
4501,25-Jan-07,24:00:00,157.243696,0.001073,2.202029,2.202029,0.0,0.0,0.623032
4502,26-Jan-07,24:00:00,155.891187,0.00157,1.84952,1.84952,0.0,0.0,0.619866
4503,27-Jan-07,24:00:00,160.345109,0.001971,1.553442,1.553442,0.0,0.0,0.615754
4504,28-Jan-07,24:00:00,156.471428,0.002221,1.304761,1.304761,0.0,0.0,0.610704
4505,29-Jan-07,24:00:00,159.929223,0.002191,1.09589,1.09589,0.0,0.0,0.605421
4506,30-Jan-07,24:00:00,160.878789,0.001409,0.920456,0.920456,0.0,0.0,0.601102
4507,31-Jan-07,24:00:00,159.814773,0.001321,0.773106,0.773106,0.0,0.0,0.597802
4508,01-Feb-07,24:00:00,158.691011,0.001505,0.649344,0.649344,0.0,0.0,0.594463
4509,02-Feb-07,24:00:00,159.503728,0.00191,0.545395,0.545395,0.0,0.0,0.590308
4510,03-Feb-07,24:00:00,160.416419,0.002199,0.458086,0.458086,0.0,0.0,0.585347
4511,04-Feb-07,24:00:00,160.384754,0.002778,0.384754,0.384754,0.0,0.0,0.57969
4512,05-Feb-07,24:00:00,160.323161,0.002132,0.323161,0.323161,0.0,0.0,0.573561
4513,06-Feb-07,24:00:00,207.716825,0.000825,89.883491,0.271428,0.037468,0.0,0.60021
4514,07-Feb-07,24:00:00,877.037431,0.000981,825.245764,138.970437,0.039001,0.017403,0.676911
4515,08-Feb-07,24:00:00,3396.2025,0.001055,3347.2025,1630.52625,0.042051,0.047252,0.708275
4516,09-Feb-07,24:00:00,2014.784583,0.001085,1965.784583,1930.780417,0.057834,0.056552,0.710742
4517,10-Feb-07,24:00:00,1265.03211,0.001999,1240.948777,1234.460718,0.0,0.001282,0.7
4518,11-Feb-07,24:00:00,731.815159,0.000757,672.3983,665.636084,0.015911,0.015911,0.701052
4519,12-Feb-07,24:00:00,711.357514,0.002077,594.773926,592.101431,0.0,0.0,0.7
4520,13-Feb-07,24:00:00,449.935749,0.002652,297.394082,297.394082,0.0,0.0,0.699542
4521,14-Feb-07,24:00:00,377.454251,0.003095,225.370918,225.370918,0.0,0.0,0.695254
4522,15-Feb-07,24:00:00,341.560309,0.002855,188.601976,188.601976,0.0,0.0,0.687988
4523,16-Feb-07,24:00:00,316.382697,0.003317,159.549363,159.549363,0.0,0.0,0.680736
4524,17-Feb-07,24:00:00,293.576584,0.003067,134.659917,134.659917,0.0,0.0,0.673048
4525,18-Feb-07,24:00:00,271.423114,0.003076,113.381447,113.381447,0.0,0.0,0.665698
4526,19-Feb-07,24:00:00,253.339709,0.001383,95.339709,95.339709,0.0,0.0,0.660255
4527,20-Feb-07,24:00:00,261.400584,0.001026,104.358917,99.311944,0.025667,0.006279,0.667635
4528,21-Feb-07,24:00:00,3078.820503,0.002019,2925.653836,1350.577308,0.037244,0.038986,0.708653
4529,22-Feb-07,24:00:00,695.488356,0.001662,545.363463,529.701351,0.0,0.0,0.7
4530,23-Feb-07,24:00:00,625.316557,0.001017,505.024891,358.200993,0.024125,0.018418,0.70216
4531,24-Feb-07,24:00:00,2062.795706,0.00198,2014.712373,1349.217756,0.019823,0.02553,0.700714
4532,25-Feb-07,24:00:00,1421.266679,0.001009,1376.266679,1357.30671,0.036627,0.036627,0.700341
4533,26-Feb-07,24:00:00,1016.274691,0.000921,960.732976,953.330574,0.007391,0.007391,0.7
4534,27-Feb-07,24:00:00,574.82377,0.001761,469.94877,468.878111,0.000415,0.000415,0.7
4535,28-Feb-07,24:00:00,431.777356,0.0011,279.73569,279.695564,0.0,0.0,0.7
4536,01-Mar-07,24:00:00,371.777412,0.003151,219.694079,219.694079,0.0,0.0,0.699254
4537,02-Mar-07,24:00:00,339.861835,0.003765,184.986835,184.986835,0.0,0.0,0.693646
4538,03-Mar-07,24:00:00,310.602701,0.003798,156.561034,156.561034,0.0,0.0,0.684581
4539,04-Mar-07,24:00:00,286.104862,0.003038,132.104862,132.104862,0.0,0.0,0.676367
4540,05-Mar-07,24:00:00,265.20838,0.004129,111.20838,111.20838,0.0,0.0,0.66781
4541,06-Mar-07,24:00:00,213.00284,0.00171,93.50284,93.50284,0.0,0.0,0.660546
4542,07-Mar-07,24:00:00,228.196043,0.003406,78.571043,78.571043,0.0,0.0,0.654549
4543,08-Mar-07,24:00:00,150.881643,0.001664,66.006643,66.006643,0.0,0.0,0.648447
4544,09-Mar-07,24:00:00,99.111722,0.004389,55.445055,55.445055,0.0,0.0,0.641429
4545,10-Mar-07,24:00:00,88.571046,0.005149,46.571046,46.571046,0.0,0.0,0.630129
4546,11-Mar-07,24:00:00,81.116457,0.005108,39.116457,39.116457,0.0,0.0,0.617706
4547,12-Mar-07,24:00:00,74.854797,0.004861,32.854797,32.854797,0.0,0.0,0.60564
4548,13-Mar-07,24:00:00,70.553703,0.004995,27.59537,27.59537,0.0,0.0,0.593999
4549,14-Mar-07,24:00:00,66.177833,0.004336,23.177833,23.177833,0.0,0.0,0.582486
4550,15-Mar-07,24:00:00,61.509118,0.005163,19.467451,19.467451,0.0,0.0,0.571357
4551,16-Mar-07,24:00:00,58.351033,0.005475,16.351033,16.351033,0.0,0.0,0.558726
4552,17-Mar-07,24:00:00,56.691833,0.004927,13.7335,13.7335,0.0,0.0,0.546062
4553,18-Mar-07,24:00:00,53.576657,0.003741,11.53499,11.53499,0.0,0.0,0.535475
4554,19-Mar-07,24:00:00,49.771759,0.003935,9.688426,9.688426,0.0,0.0,0.526594
4555,20-Mar-07,24:00:00,51.9708,0.004626,8.137466,8.137466,0.0,0.0,0.516072
4556,21-Mar-07,24:00:00,48.918124,0.004533,6.83479,6.83479,0.0,0.0,0.505125
4557,22-Mar-07,24:00:00,47.740651,0.005103,5.740651,5.740651,0.0,0.0,0.493537
4558,23-Mar-07,24:00:00,47.779999,0.005581,4.821666,4.821666,0.0,0.0,0.480881
4559,24-Mar-07,24:00:00,47.049796,0.002975,4.049796,4.049796,0.0,0.0,0.470151
4560,25-Mar-07,24:00:00,53.578096,0.002178,10.578096,3.401489,0.014406,0.0,0.483065
4561,26-Mar-07,24:00:00,47.221416,0.003438,4.221416,2.856967,0.0,0.0,0.500806
4562,27-Mar-07,24:00:00,76.066281,0.004653,2.399614,2.399614,0.0,0.0,0.49648
4563,28-Mar-07,24:00:00,88.515476,0.005126,2.015476,2.015476,0.0,0.0,0.485403
4564,29-Mar-07,24:00:00,73.359498,0.005825,1.692831,1.692831,0.0,0.0,0.472467
4565,30-Mar-07,24:00:00,52.296837,0.005772,1.421837,1.421837,0.0,0.0,0.458373
4566,31-Mar-07,24:00:00,43.527557,0.005486,1.194224,1.194224,0.0,0.0,0.444861
4567,01-Apr-07,24:00:00,43.003048,0.005531,1.003048,1.003048,0.0,0.0,0.431619
4568,02-Apr-07,24:00:00,41.884143,0.00567,0.842476,0.842476,0.0,0.0,0.418281
4569,03-Apr-07,24:00:00,43.624276,0.005127,0.70761,0.70761,0.0,0.0,0.405773
4570,04-Apr-07,24:00:00,43.594333,0.006353,0.594333,0.594333,0.0,0.0,0.394294
4571,05-Apr-07,24:00:00,43.49919,0.006328,0.49919,0.49919,0.0,0.0,0.382379
4572,06-Apr-07,24:00:00,42.460945,0.003711,0.419278,0.419278,0.0,0.0,0.373871
4573,07-Apr-07,24:00:00,42.352158,0.005617,0.352158,0.352158,0.0,0.0,0.366658
4574,08-Apr-07,24:00:00,42.295784,0.005314,0.295784,0.295784,0.0,0.0,0.358727
4575,09-Apr-07,24:00:00,42.248433,0.005493,0.248433,0.248433,0.0,0.0,0.351801
4576,10-Apr-07,24:00:00,80.834483,0.002942,8.167817,0.208663,0.014524,0.0,0.369925
4577,11-Apr-07,24:00:00,74.827351,0.004862,0.827351,0.17526,0.0,0.0,0.382056
4578,12-Apr-07,24:00:00,66.480537,0.005651,0.147204,0.147204,0.0,0.0,0.375822
4579,13-Apr-07,24:00:00,68.998639,0.003684,0.123639,0.123639,0.0,0.0,0.368569
4580,14-Apr-07,24:00:00,58.56218,0.00542,0.103846,0.103846,0.0,0.0,0.361721
4581,15-Apr-07,24:00:00,53.295555,0.006723,0.087222,0.087222,0.0,0.0,0.353921
4582,16-Apr-07,24:00:00,53.073259,0.00439,0.073259,0.073259,0.0,0.0,0.346717
4583,17-Apr-07,24:00:00,53.061532,0.004545,0.061532,0.061532,0.0,0.0,0.341447
4584,18-Apr-07,24:00:00,52.093348,0.002358,0.051681,0.051681,0.0,0.0,0.337352
4585,19-Apr-07,24:00:00,53.001741,0.005047,0.043408,0.043408,0.0,0.0,0.333294
4586,20-Apr-07,24:00:00,108.337127,0.001483,55.337127,0.036459,0.061286,0.0,0.360002
4587,21-Apr-07,24:00:00,168.912352,0.004028,109.204019,0.030623,0.001952,0.0,0.481091
4588,22-Apr-07,24:00:00,85.922909,0.00601,0.047909,0.025721,0.0,0.0,0.474712
4589,23-Apr-07,24:00:00,87.979936,0.006116,0.021603,0.021603,0.0,0.0,0.460262
4590,24-Apr-07,24:00:00,88.018145,0.005593,0.018145,0.018145,0.0,0.0,0.446237
4591,25-Apr-07,24:00:00,88.01524,0.006253,0.01524,0.01524,0.0,0.0,0.431866
4592,26-Apr-07,24:00:00,88.0128,0.00706,0.0128,0.0128,0.0,0.0,0.416188
4593,27-Apr-07,24:00:00,87.052418,0.007067,0.010751,0.010751,0.0,0.0,0.400541
4594,28-Apr-07,24:00:00,87.00903,0.007035,0.00903,0.00903,0.0,0.0,0.38682
4595,29-Apr-07,24:00:00,87.965918,0.007665,0.007585,0.007585,0.0,0.0,0.374386
4596,30-Apr-07,24:00:00,88.00637,0.003243,0.00637,0.00637,0.0,0.0,0.365119
4597,01-May-07,24:00:00,88.005351,0.004078,0.005351,0.005351,0.0,0.0,0.362539
4598,02-May-07,24:00:00,88.048043,0.004012,0.048043,0.004494,0.001934,0.0,0.359379
4599,03-May-07,24:00:00,89.644023,0.00496,1.644023,0.003775,0.000913,0.0,0.362934
4600,04-May-07,24:00:00,88.00766,0.006145,0.00766,0.00317,0.0,0.0,0.358198
4601,05-May-07,24:00:00,88.002663,0.007535,0.002663,0.002663,0.0,0.0,0.349593
4602,06-May-07,24:00:00,85.127237,0.007748,0.002237,0.002237,0.0,0.0,0.340438
4603,07-May-07,24:00:00,87.876879,0.007814,0.001879,0.001879,0.0,0.0,0.331538
4604,08-May-07,24:00:00,88.959911,0.007547,0.001578,0.001578,0.0,0.0,0.322871
4605,09-May-07,24:00:00,88.042992,0.00598,0.001325,0.001325,0.0,0.0,0.315606
4606,10-May-07,24:00:00,98.54278,0.007144,0.001113,0.001113,0.0,0.0,0.308459
4607,11-May-07,24:00:00,89.417602,0.004254,0.000935,0.000935,0.0,0.0,0.302441
4608,12-May-07,24:00:00,89.959119,0.007276,0.000785,0.000785,0.0,0.0,0.296589
4609,13-May-07,24:00:00,89.042326,0.007863,0.00066,0.00066,0.0,0.0,0.289033
4610,14-May-07,24:00:00,108.167221,0.007731,0.000554,0.000554,0.0,0.0,0.28135
4611,15-May-07,24:00:00,130.083799,0.007415,0.000465,0.000465,0.0,0.0,0.274159
4612,16-May-07,24:00:00,131.000391,0.00787,0.000391,0.000391,0.0,0.0,0.267086
4613,17-May-07,24:00:00,130.041995,0.007579,0.000328,0.000328,0.0,0.0,0.26008
4614,18-May-07,24:00:00,130.000276,0.007494,0.000276,0.000276,0.0,0.0,0.253483
4615,19-May-07,24:00:00,130.000232,0.007314,0.000232,0.000232,0.0,0.0,0.246918
4616,20-May-07,24:00:00,125.208528,0.007662,0.000195,0.000195,0.0,0.0,0.240834
4617,21-May-07,24:00:00,130.750163,0.007834,0.000163,0.000163,0.0,0.0,0.234433
4618,22-May-07,24:00:00,127.166804,0.007934,0.000138,0.000138,0.0,0.0,0.228171
4619,23-May-07,24:00:00,117.416782,0.008172,0.000115,0.000115,0.0,0.0,0.22197
4620,24-May-07,24:00:00,117.95843,0.008482,9.7e-05,9.7e-05,0.0,0.0,0.21577
4621,25-May-07,24:00:00,117.041748,0.008039,8.1e-05,8.1e-05,0.0,0.0,0.20966
4622,26-May-07,24:00:00,117.958402,0.007791,6.8e-05,6.8e-05,0.0,0.0,0.204058
4623,27-May-07,24:00:00,117.041724,0.008439,5.7e-05,5.7e-05,0.0,0.0,0.198506
4624,28-May-07,24:00:00,117.000048,0.007954,4.8e-05,4.8e-05,0.0,0.0,0.192987
4625,29-May-07,24:00:00,125.62504,0.005959,4e-05,4e-05,0.0,0.0,0.188339
4626,30-May-07,24:00:00,130.791701,0.006255,3.4e-05,3.4e-05,0.0,0.0,0.184561
4627,31-May-07,24:00:00,105.125029,0.008037,2.9e-05,2.9e-05,0.0,0.0,0.180047
4628,01-Jun-07,24:00:00,103.233362,0.008098,2.4e-05,2.4e-05,0.0,0.0,0.175151
4629,02-Jun-07,24:00:00,103.200025,0.008057,2e-05,2e-05,0.0,0.0,0.170307
4630,03-Jun-07,24:00:00,102.433352,0.005684,1.7e-05,1.7e-05,0.0,0.0,0.166211
4631,04-Jun-07,24:00:00,103.166685,0.007262,1.4e-05,1.4e-05,0.0,0.0,0.162584
4632,05-Jun-07,24:00:00,102.433347,0.005688,1.2e-05,1.2e-05,0.0,0.0,0.159057
4633,06-Jun-07,24:00:00,103.166681,0.007632,1e-05,1e-05,0.0,0.0,0.155529
4634,07-Jun-07,24:00:00,103.966675,0.008077,8e-06,8e-06,0.0,0.0,0.151422
4635,08-Jun-07,24:00:00,103.233345,0.008428,7e-06,7e-06,0.0,0.0,0.14718
4636,09-Jun-07,24:00:00,103.20001,0.007928,6e-06,6e-06,0.0,0.0,0.14314
4637,10-Jun-07,24:00:00,103.966672,0.008366,5e-06,5e-06,0.0,0.0,0.139189
4638,11-Jun-07,24:00:00,104.000004,0.009088,4e-06,4e-06,0.0,0.0,0.135118
4639,12-Jun-07,24:00:00,104.000004,0.009474,4e-06,4e-06,0.0,0.0,0.130868
4640,13-Jun-07,24:00:00,104.000003,0.009312,3e-06,3e-06,0.0,0.0,0.126711
4641,14-Jun-07,24:00:00,104.000002,0.009199,2e-06,2e-06,0.0,0.0,0.122722
4642,15-Jun-07,24:00:00,103.23334,0.00858,2e-06,2e-06,0.0,0.0,0.119032
4643,16-Jun-07,24:00:00,103.966669,0.008709,2e-06,2e-06,0.0,0.0,0.11553
4644,17-Jun-07,24:00:00,104.000001,0.009074,1e-06,1e-06,0.0,0.0,0.112073
4645,18-Jun-07,24:00:00,104.000001,0.008715,1e-06,1e-06,0.0,0.0,0.10872
4646,19-Jun-07,24:00:00,101.7,0.007151,1e-06,1e-06,0.0,0.0,0.105816
4647,20-Jun-07,24:00:00,101.599999,0.009004,1e-06,1e-06,0.0,0.0,0.102921
4648,21-Jun-07,24:00:00,103.133338,0.008613,1e-06,1e-06,0.0,0.0,0.099833
4649,22-Jun-07,24:00:00,103.200005,0.009019,1e-06,1e-06,0.0,0.0,0.096906
4650,23-Jun-07,24:00:00,102.433335,0.008282,1e-06,1e-06,0.0,0.0,0.094002
4651,24-Jun-07,24:00:00,101.633332,0.008669,0.0,0.0,0.0,0.0,0.091326
4652,25-Jun-07,24:00:00,103.9,0.009245,0.0,0.0,0.0,0.0,0.088584
4653,26-Jun-07,24:00:00,104.0,0.009252,0.0,0.0,0.0,0.0,0.085819
4654,27-Jun-07,24:00:00,104.0,0.007898,0.0,0.0,0.0,0.0,0.083277
4655,28-Jun-07,24:00:00,103.233338,0.007341,0.0,0.0,0.0,0.0,0.081137
4656,29-Jun-07,24:00:00,103.200005,0.008277,0.0,0.0,0.0,0.0,0.079007
4657,30-Jun-07,24:00:00,103.966667,0.008739,0.0,0.0,0.0,0.0,0.076771
4658,01-Jul-07,24:00:00,104.0,0.008809,0.0,0.0,0.0,0.0,0.074478
4659,02-Jul-07,24:00:00,104.76667,0.009282,0.0,0.0,0.0,0.0,0.072186
4660,03-Jul-07,24:00:00,101.733332,0.009598,0.0,0.0,0.0,0.0,0.069889
4661,04-Jul-07,24:00:00,103.9,0.009753,0.0,0.0,0.0,0.0,0.067603
4662,05-Jul-07,24:00:00,104.76667,0.009421,0.0,0.0,0.0,0.0,0.065423
4663,06-Jul-07,24:00:00,104.800003,0.00874,0.0,0.0,0.0,0.0,0.063396
4664,07-Jul-07,24:00:00,104.033333,0.009458,0.0,0.0,0.0,0.0,0.061469
4665,08-Jul-07,24:00:00,104.0,0.008875,0.0,0.0,0.0,0.0,0.059565
4666,09-Jul-07,24:00:00,104.0,0.00904,0.0,0.0,0.0,0.0,0.057765
4667,10-Jul-07,24:00:00,104.0,0.00736,0.0,0.0,0.0,0.0,0.056111
4668,11-Jul-07,24:00:00,103.233338,0.007819,0.0,0.0,0.0,0.0,0.05468
4669,12-Jul-07,24:00:00,103.966667,0.007915,0.0,0.0,0.0,0.0,0.053219
4670,13-Jul-07,24:00:00,104.0,0.008972,0.0,0.0,0.0,0.0,0.051754
4671,14-Jul-07,24:00:00,104.0,0.008701,0.0,0.0,0.0,0.0,0.050172
4672,15-Jul-07,24:00:00,104.0,0.008063,0.0,0.0,0.0,0.0,0.048753
4673,16-Jul-07,24:00:00,104.0,0.007101,0.0,0.0,0.0,0.0,0.047459
4674,17-Jul-07,24:00:00,104.0,0.005548,0.0,0.0,0.0,0.0,0.046461
4675,18-Jul-07,24:00:00,104.0,0.007838,0.0,0.0,0.0,0.0,0.045416
4676,19-Jul-07,24:00:00,104.0,0.007895,0.0,0.0,0.0,0.0,0.044203
4677,20-Jul-07,24:00:00,103.233338,0.008261,0.0,0.0,0.0,0.0,0.042999
4678,21-Jul-07,24:00:00,103.200005,0.008989,0.0,0.0,0.0,0.0,0.041757
4679,22-Jul-07,24:00:00,103.966667,0.009355,0.0,0.0,0.0,0.0,0.040464
4680,23-Jul-07,24:00:00,103.233338,0.008738,0.0,0.0,0.0,0.0,0.039215
4681,24-Jul-07,24:00:00,103.200005,0.008218,0.0,0.0,0.0,0.0,0.038083
4682,25-Jul-07,24:00:00,103.200005,0.008519,0.0,0.0,0.0,0.0,0.037013
4683,26-Jul-07,24:00:00,103.200005,0.008565,0.0,0.0,0.0,0.0,0.035943
4684,27-Jul-07,24:00:00,103.200005,0.00901,0.0,0.0,0.0,0.0,0.034879
4685,28-Jul-07,24:00:00,103.966667,0.008796,0.0,0.0,0.0,0.0,0.033833
4686,29-Jul-07,24:00:00,104.0,0.009047,0.0,0.0,0.0,0.0,0.032814
4687,30-Jul-07,24:00:00,104.0,0.009374,0.0,0.0,0.0,0.0,0.031797
4688,31-Jul-07,24:00:00,103.233338,0.00912,0.0,0.0,0.0,0.0,0.030799
4689,01-Aug-07,24:00:00,103.200005,0.008535,0.0,0.0,0.0,0.0,0.029872
4690,02-Aug-07,24:00:00,103.200005,0.008628,0.0,0.0,0.0,0.0,0.029006
4691,03-Aug-07,24:00:00,103.966667,0.008623,0.0,0.0,0.0,0.0,0.02816
4692,04-Aug-07,24:00:00,104.76667,0.007196,0.0,0.0,0.0,0.0,0.02739
4693,05-Aug-07,24:00:00,104.033333,0.005698,0.0,0.0,0.0,0.0,0.026802
4694,06-Aug-07,24:00:00,104.0,0.006685,0.0,0.0,0.0,0.0,0.02624
4695,07-Aug-07,24:00:00,104.76667,0.007782,0.0,0.0,0.0,0.0,0.025591
4696,08-Aug-07,24:00:00,104.800003,0.008093,0.0,0.0,0.0,0.0,0.024908
4697,09-Aug-07,24:00:00,104.033333,0.008129,0.0,0.0,0.0,0.0,0.024224
4698,10-Aug-07,24:00:00,104.0,0.007551,0.0,0.0,0.0,0.0,0.023575
4699,11-Aug-07,24:00:00,104.0,0.007552,0.0,0.0,0.0,0.0,0.022975
4700,12-Aug-07,24:00:00,104.0,0.007588,0.0,0.0,0.0,0.0,0.022383
4701,13-Aug-07,24:00:00,103.233338,0.007636,0.0,0.0,0.0,0.0,0.021807
4702,14-Aug-07,24:00:00,103.200005,0.008007,0.0,0.0,0.0,0.0,0.021231
4703,15-Aug-07,24:00:00,103.200005,0.007335,0.0,0.0,0.0,0.0,0.020681
4704,16-Aug-07,24:00:00,102.433335,0.007689,0.0,0.0,0.0,0.0,0.020155
4705,17-Aug-07,24:00:00,103.933333,0.00735,0.0,0.0,0.0,0.0,0.019635
4706,18-Aug-07,24:00:00,104.0,0.005683,0.0,0.0,0.0,0.0,0.019197
4707,19-Aug-07,24:00:00,104.0,0.007931,0.0,0.0,0.0,0.0,0.018763
4708,20-Aug-07,24:00:00,103.233338,0.007975,0.0,0.0,0.0,0.0,0.018255
4709,21-Aug-07,24:00:00,103.966667,0.007427,0.0,0.0,0.0,0.0,0.017774
4710,22-Aug-07,24:00:00,104.0,0.00788,0.0,0.0,0.0,0.0,0.017318
4711,23-Aug-07,24:00:00,104.0,0.007744,0.0,0.0,0.0,0.0,0.016863
4712,24-Aug-07,24:00:00,103.233338,0.00725,0.0,0.0,0.0,0.0,0.016428
4713,25-Aug-07,24:00:00,103.966667,0.007145,0.0,0.0,0.0,0.0,0.016027
4714,26-Aug-07,24:00:00,103.233338,0.007343,0.0,0.0,0.0,0.0,0.015633
4715,27-Aug-07,24:00:00,103.200005,0.007654,0.0,0.0,0.0,0.0,0.015236
4716,28-Aug-07,24:00:00,103.200005,0.007752,0.0,0.0,0.0,0.0,0.014841
4717,29-Aug-07,24:00:00,103.200005,0.008074,0.0,0.0,0.0,0.0,0.014442
4718,30-Aug-07,24:00:00,104.733336,0.007358,0.0,0.0,0.0,0.0,0.014062
4719,31-Aug-07,24:00:00,104.800003,0.007846,0.0,0.0,0.0,0.0,0.013705
4720,01-Sep-07,24:00:00,104.800003,0.007435,0.0,0.0,0.0,0.0,0.013348
4721,02-Sep-07,24:00:00,104.800003,0.007856,0.0,0.0,0.0,0.0,0.013004
4722,03-Sep-07,24:00:00,104.800003,0.006535,0.0,0.0,0.0,0.0,0.01268
4723,04-Sep-07,24:00:00,104.033333,0.006669,0.0,0.0,0.0,0.0,0.012398
4724,05-Sep-07,24:00:00,104.0,0.0078,0.0,0.0,0.0,0.0,0.012099
4725,06-Sep-07,24:00:00,104.76667,0.00494,0.0,0.0,0.0,0.0,0.011832
4726,07-Sep-07,24:00:00,104.800003,0.006312,0.0,0.0,0.0,0.0,0.011604
4727,08-Sep-07,24:00:00,104.033333,0.006353,0.0,0.0,0.0,0.0,0.011356
4728,09-Sep-07,24:00:00,104.76667,0.00625,0.0,0.0,0.0,0.0,0.011114
4729,10-Sep-07,24:00:00,104.033333,0.006268,0.0,0.0,0.0,0.0,0.010876
4730,11-Sep-07,24:00:00,104.0,0.005253,0.0,0.0,0.0,0.0,0.010662
4731,12-Sep-07,24:00:00,104.0,0.004968,0.0,0.0,0.0,0.0,0.010471
4732,13-Sep-07,24:00:00,104.0,0.004895,0.0,0.0,0.0,0.0,0.010298
4733,14-Sep-07,24:00:00,104.76667,0.003582,0.0,0.0,0.0,0.0,0.010148
4734,15-Sep-07,24:00:00,90.233332,0.005724,0.0,0.0,0.0,0.0,0.009994
4735,16-Sep-07,24:00:00,73.500003,0.005889,0.0,0.0,0.0,0.0,0.009796
4736,17-Sep-07,24:00:00,71.266672,0.005772,0.0,0.0,0.0,0.0,0.009602
4737,18-Sep-07,24:00:00,71.200005,0.004796,0.0,0.0,0.0,0.0,0.009421
4738,19-Sep-07,24:00:00,71.200005,0.004238,0.0,0.0,0.0,0.0,0.009282
4739,20-Sep-07,24:00:00,71.200005,0.004833,0.0,0.0,0.0,0.0,0.009136
4740,21-Sep-07,24:00:00,71.200005,0.002196,0.0,0.0,0.0,0.0,0.009022
4741,22-Sep-07,24:00:00,71.200005,0.004664,0.0,0.0,0.0,0.0,0.008922
4742,23-Sep-07,24:00:00,69.666665,0.004973,0.0,0.0,0.0,0.0,0.008776
4743,24-Sep-07,24:00:00,70.366668,0.00493,0.0,0.0,0.0,0.0,0.008628
4744,25-Sep-07,24:00:00,69.633332,0.004932,0.0,0.0,0.0,0.0,0.008483
4745,26-Sep-07,24:00:00,70.366668,0.005405,0.0,0.0,0.0,0.0,0.008336
4746,27-Sep-07,24:00:00,69.633332,0.003544,0.0,0.0,0.0,0.0,0.00821
4747,28-Sep-07,24:00:00,70.366668,0.004366,0.0,0.0,0.0,0.0,0.008096
4748,29-Sep-07,24:00:00,70.400002,0.00455,0.0,0.0,0.0,0.0,0.007976
4749,30-Sep-07,24:00:00,85.35,0.004357,0.0,0.0,0.0,0.0,0.007852
4750,01-Oct-07,24:00:00,86.958333,0.004948,0.0,0.0,0.0,0.0,0.00773
4751,02-Oct-07,24:00:00,87.0,0.005219,0.0,0.0,0.0,0.0,0.007598
4752,03-Oct-07,24:00:00,87.958333,0.004051,0.0,0.0,0.0,0.0,0.007472
4753,04-Oct-07,24:00:00,88.958333,0.00374,0.0,0.0,0.0,0.0,0.007373
4754,05-Oct-07,24:00:00,89.0,0.003836,0.0,0.0,0.0,0.0,0.007279
4755,06-Oct-07,24:00:00,88.041667,0.004583,0.0,0.0,0.0,0.0,0.007177
4756,07-Oct-07,24:00:00,88.0,0.005098,0.0,0.0,0.0,0.0,0.007061
4757,08-Oct-07,24:00:00,87.317211,0.001576,0.275544,0.0,0.013134,0.0,0.009089
4758,09-Oct-07,24:00:00,98.470174,0.002064,10.51184,0.0,0.005109,0.0,0.050619
4759,10-Oct-07,24:00:00,87.070647,0.002389,0.02898,0.0,0.0,0.0,0.050721
4760,11-Oct-07,24:00:00,94.651675,0.001647,6.693341,0.0,0.011872,0.0,0.070434
4761,12-Oct-07,24:00:00,89.304156,0.003281,0.345823,0.0,0.0,0.0,0.079175
4762,13-Oct-07,24:00:00,89.0,0.003926,0.0,0.0,0.0,0.0,0.078658
4763,14-Oct-07,24:00:00,88.041667,0.001663,0.0,0.0,0.0,0.0,0.077897
4764,15-Oct-07,24:00:00,60.208333,0.001473,0.0,0.0,0.0,0.0,0.077593
4765,16-Oct-07,24:00:00,46.541667,0.002009,0.0,0.0,0.0,0.0,0.077552
4766,17-Oct-07,24:00:00,47.844777,0.001032,2.80311,0.0,0.012387,0.0,0.083876
4767,18-Oct-07,24:00:00,66.29542,0.001314,23.212087,0.0,0.037053,0.0,0.15603
4768,19-Oct-07,24:00:00,47.25576,0.002974,3.297427,0.0,0.0,0.0,0.196207
4769,20-Oct-07,24:00:00,44.0,0.00314,0.0,0.0,0.0,0.0,0.195614
4770,21-Oct-07,24:00:00,44.0,0.003175,0.0,0.0,0.0,0.0,0.193781
4771,22-Oct-07,24:00:00,44.0,0.003224,0.0,0.0,0.0,0.0,0.191664
4772,23-Oct-07,24:00:00,44.0,0.003165,0.0,0.0,0.0,0.0,0.18957
4773,24-Oct-07,24:00:00,44.0,0.003285,0.0,0.0,0.0,0.0,0.187504
4774,25-Oct-07,24:00:00,44.958333,0.001986,0.0,0.0,0.0,0.0,0.185836
4775,26-Oct-07,24:00:00,45.958333,0.00265,0.0,0.0,0.0,0.0,0.184366
4776,27-Oct-07,24:00:00,46.0,0.003017,0.0,0.0,0.0,0.0,0.182548
4777,28-Oct-07,24:00:00,44.083333,0.002257,0.0,0.0,0.0,0.0,0.180882
4778,29-Oct-07,24:00:00,44.0,0.001986,0.0,0.0,0.0,0.0,0.179616
4779,30-Oct-07,24:00:00,44.0,0.002503,0.0,0.0,0.0,0.0,0.178231
4780,31-Oct-07,24:00:00,44.0,0.002941,0.0,0.0,0.0,0.0,0.176574
4781,01-Nov-07,24:00:00,44.0,0.00261,0.0,0.0,0.0,0.0,0.174879
4782,02-Nov-07,24:00:00,44.0,0.002603,0.0,0.0,0.0,0.0,0.173328
4783,03-Nov-07,24:00:00,44.0,0.002534,0.0,0.0,0.0,0.0,0.171804
4784,04-Nov-07,24:00:00,44.0,0.002537,0.0,0.0,0.0,0.0,0.170314
4785,05-Nov-07,24:00:00,29.625,0.00244,0.0,0.0,0.0,0.0,0.168865
4786,06-Nov-07,24:00:00,44.333333,0.002419,0.0,0.0,0.0,0.0,0.167459
4787,07-Nov-07,24:00:00,44.041667,0.001578,0.0,0.0,0.0,0.0,0.16636
4788,08-Nov-07,24:00:00,44.0,0.001757,0.0,0.0,0.0,0.0,0.165377
4789,09-Nov-07,24:00:00,52.474698,0.000771,6.558032,0.0,0.019927,0.0,0.179794
4790,10-Nov-07,24:00:00,52.868985,0.002465,5.910652,0.0,0.001118,0.0,0.215255
4791,11-Nov-07,24:00:00,38.38356,0.001174,0.00856,0.0,0.0,0.0,0.215367
4792,12-Nov-07,24:00:00,32.25,0.001701,0.0,0.0,0.0,0.0,0.215015
4793,13-Nov-07,24:00:00,47.333333,0.00214,0.0,0.0,0.0,0.0,0.213798
4794,14-Nov-07,24:00:00,45.125,0.00202,0.0,0.0,0.0,0.0,0.212294
4795,15-Nov-07,24:00:00,45.0,0.002357,0.0,0.0,0.0,0.0,0.210653
4796,16-Nov-07,24:00:00,45.0,0.001998,0.0,0.0,0.0,0.0,0.209104
4797,17-Nov-07,24:00:00,44.041667,0.000818,0.0,0.0,0.0,0.0,0.208098
4798,18-Nov-07,24:00:00,44.0,0.00194,0.0,0.0,0.0,0.0,0.207782
4799,19-Nov-07,24:00:00,44.958333,0.001804,0.0,0.0,0.0,0.0,0.207272
4800,20-Nov-07,24:00:00,45.0,0.00175,0.0,0.0,0.0,0.0,0.20608
4801,21-Nov-07,24:00:00,45.958333,0.001743,0.0,0.0,0.0,0.0,0.204849
4802,22-Nov-07,24:00:00,46.0,0.001762,0.0,0.0,0.0,0.0,0.203629
4803,23-Nov-07,24:00:00,46.0,0.001539,0.0,0.0,0.0,0.0,0.202461
4804,24-Nov-07,24:00:00,46.0,0.001759,0.0,0.0,0.0,0.0,0.201333
4805,25-Nov-07,24:00:00,46.0,0.001625,0.0,0.0,0.0,0.0,0.20016
4806,26-Nov-07,24:00:00,46.0,0.00195,0.0,0.0,0.0,0.0,0.198954
4807,27-Nov-07,24:00:00,45.041667,0.001617,0.0,0.0,0.0,0.0,0.197733
4808,28-Nov-07,24:00:00,43.083333,0.002026,0.0,0.0,0.0,0.0,0.196533
4809,29-Nov-07,24:00:00,43.0,0.001737,0.0,0.0,0.0,0.0,0.195255
4810,30-Nov-07,24:00:00,43.0,0.001543,0.0,0.0,0.0,0.0,0.19415
4811,01-Dec-07,24:00:00,43.0,0.000741,0.0,0.0,0.0,0.0,0.193392
4812,02-Dec-07,24:00:00,49.871501,0.001291,6.871501,0.0,0.052409,0.0,0.210527
4813,03-Dec-07,24:00:00,79.844686,0.001274,35.886353,0.0,0.019907,0.0,0.363129
4814,04-Dec-07,24:00:00,44.118,0.002021,0.118,0.0,0.0,0.0,0.365899
4815,05-Dec-07,24:00:00,49.854386,0.000521,5.854386,0.0,0.026747,0.0,0.380603
4816,06-Dec-07,24:00:00,53.999889,0.002024,9.999889,0.0,0.0,0.0,0.430092
4817,07-Dec-07,24:00:00,43.045857,0.001763,0.00419,0.0,0.0,0.0,0.430092
4818,08-Dec-07,24:00:00,43.958333,0.001271,0.0,0.0,0.0,0.0,0.42912
4819,09-Dec-07,24:00:00,43.041667,0.001445,0.0,0.0,0.0,0.0,0.426287
4820,10-Dec-07,24:00:00,43.0,0.001361,0.0,0.0,0.0,0.0,0.422904
4821,11-Dec-07,24:00:00,41.083333,0.001314,0.0,0.0,0.0,0.0,0.419685
4822,12-Dec-07,24:00:00,42.916667,0.001354,0.0,0.0,0.0,0.0,0.416544
4823,13-Dec-07,24:00:00,43.0,0.001334,0.0,0.0,0.0,0.0,0.413425
4824,14-Dec-07,24:00:00,50.776153,0.000478,7.776153,0.0,0.013686,0.0,0.434395
4825,15-Dec-07,24:00:00,63.827243,0.000885,19.86891,0.0,0.046471,0.0,0.492104
4826,16-Dec-07,24:00:00,52.979247,0.000587,8.020914,0.0,0.0,0.0,0.556224
4827,17-Dec-07,24:00:00,543.01383,0.000778,498.01403,0.0,0.046023,0.0,0.641015
4828,18-Dec-07,24:00:00,60.250804,0.000607,16.209137,0.0,0.008742,0.0,0.669223
4829,19-Dec-07,24:00:00,48.289461,0.001624,5.247794,0.0,0.001425,0.0,0.691078
4830,20-Dec-07,24:00:00,43.966155,0.001196,0.007821,0.0,0.0,0.0,0.691078
4831,21-Dec-07,24:00:00,43.041667,0.001124,0.0,0.0,0.0,0.0,0.691078
4832,22-Dec-07,24:00:00,43.0,0.000546,0.0,0.0,0.0,0.0,0.690759
4833,23-Dec-07,24:00:00,42.913037,0.003,0.87137,0.0,0.001832,0.0,0.69069
4834,24-Dec-07,24:00:00,43.849822,0.001321,0.891488,0.0,0.001436,0.0,0.693779
4835,25-Dec-07,24:00:00,43.174748,0.002021,0.174748,0.0,0.0,0.0,0.69579
4836,26-Dec-07,24:00:00,79.590949,0.000762,36.590949,35.798075,0.007107,0.005353,0.696599
4837,27-Dec-07,24:00:00,236.941832,0.000479,193.941832,189.983312,0.006714,0.006714,0.7
4838,28-Dec-07,24:00:00,344.621098,0.000537,300.662765,295.858541,0.002327,0.002327,0.7
4839,29-Dec-07,24:00:00,119.213173,0.0018,75.213173,75.194568,0.0,0.0,0.7
4840,30-Dec-07,24:00:00,82.212977,0.001283,37.254644,37.254644,0.0,0.0,0.7
4841,31-Dec-07,24:00:00,74.077801,0.001301,29.077801,29.077801,0.0,0.0,0.699218
4842,01-Jan-08,24:00:00,67.879947,0.00219,24.796613,24.796613,0.0,0.0,0.695981
4843,02-Jan-08,24:00:00,202.843832,0.000785,157.927166,153.676153,0.013889,0.010931,0.696149
4844,03-Jan-08,24:00:00,5098.611435,0.001351,5054.569768,1506.03967,0.05723,0.05723,0.713333
4845,04-Jan-08,24:00:00,1898.469167,0.000911,1854.469167,1711.1875,0.035173,0.035173,0.701014
4846,05-Jan-08,24:00:00,950.02868,0.000771,906.028832,900.199704,0.0,0.0,0.7
4847,06-Jan-08,24:00:00,457.920592,0.000907,332.462259,332.460018,0.0,0.0,0.7
4848,07-Jan-08,24:00:00,1828.886742,0.00057,1651.011796,1100.709586,0.040485,0.040485,0.706995
4849,08-Jan-08,24:00:00,1103.181337,0.000661,920.306552,863.120317,0.006203,0.005453,0.700075
4850,09-Jan-08,24:00:00,1005.170776,0.000558,821.212104,812.473434,0.008936,0.009686,0.7
4851,10-Jan-08,24:00:00,540.515926,0.00085,354.599259,354.510099,0.0,0.0,0.7
4852,11-Jan-08,24:00:00,425.437426,0.00068,239.437426,239.437426,0.0,0.0,0.7
4853,12-Jan-08,24:00:00,382.185273,0.00143,196.185273,196.185273,0.0,0.0,0.7
4854,13-Jan-08,24:00:00,350.790175,0.001423,165.748509,165.748509,0.0,0.0,0.699218
4855,14-Jan-08,24:00:00,324.077813,0.001652,140.036147,140.036147,0.0,0.0,0.696259
4856,15-Jan-08,24:00:00,301.997992,0.003659,117.997992,117.997992,0.0,0.0,0.691338
4857,16-Jan-08,24:00:00,284.219089,0.002431,99.260756,99.260756,0.0,0.0,0.682228
4858,17-Jan-08,24:00:00,269.387192,0.001741,83.428858,83.428858,0.0,0.0,0.677574
4859,18-Jan-08,24:00:00,256.094984,0.00171,70.094984,70.094984,0.0,0.0,0.673437
4860,19-Jan-08,24:00:00,244.881965,0.001471,58.881965,58.881965,0.0,0.0,0.6697
4861,20-Jan-08,24:00:00,235.458889,0.000822,49.458889,49.458889,0.0,0.0,0.666842
4862,21-Jan-08,24:00:00,227.542418,0.000995,41.542418,41.542418,0.0,0.0,0.665755
4863,22-Jan-08,24:00:00,296.75533,0.001028,120.338663,80.192036,0.022313,0.008045,0.673965
4864,23-Jan-08,24:00:00,1260.950391,0.000764,1090.700383,1007.73565,0.027092,0.027092,0.700198
4865,24-Jan-08,24:00:00,873.002351,0.001186,702.043853,694.352827,0.021936,0.021936,0.7
4866,25-Jan-08,24:00:00,1638.392083,0.002044,1468.350481,1445.852793,0.028951,0.028951,0.700485
4867,26-Jan-08,24:00:00,858.232101,0.001057,689.190257,685.064659,0.01409,0.01409,0.700126
4868,27-Jan-08,24:00:00,755.355129,0.000942,586.355392,581.217,0.0,0.0,0.7
4869,28-Jan-08,24:00:00,745.617958,0.000673,576.618013,569.536141,0.014085,0.014085,0.700216
4870,29-Jan-08,24:00:00,566.942394,0.000728,448.734061,446.800272,0.001126,0.001126,0.7
4871,30-Jan-08,24:00:00,2120.574677,0.000739,2001.699677,925.761643,0.041214,0.041214,0.706311
4872,31-Jan-08,24:00:00,1469.475135,0.000892,1301.599659,1026.460097,0.001673,0.001673,0.7
4873,01-Feb-08,24:00:00,1136.394157,0.00073,967.352345,952.830244,0.044914,0.037474,0.704118
4874,02-Feb-08,24:00:00,1795.505417,0.001934,1693.588493,1673.439255,0.013499,0.020939,0.704348
4875,03-Feb-08,24:00:00,646.984348,0.002478,571.942681,571.832546,0.0,0.0,0.7
4876,04-Feb-08,24:00:00,411.124081,0.002093,321.790748,321.790748,0.0,0.0,0.697927
4877,05-Feb-08,24:00:00,422.454546,0.001731,253.871213,253.871213,0.0,0.0,0.693647
4878,06-Feb-08,24:00:00,385.360685,0.002161,214.319018,214.319018,0.0,0.0,0.688993
4879,07-Feb-08,24:00:00,353.572896,0.002393,181.614562,181.614562,0.0,0.0,0.683432
4880,08-Feb-08,24:00:00,326.291554,0.002383,153.333221,153.333221,0.0,0.0,0.677659
4881,09-Feb-08,24:00:00,302.112136,0.002352,129.112136,129.112136,0.0,0.0,0.67204
4882,10-Feb-08,24:00:00,221.193538,0.002738,108.568538,108.568538,0.0,0.0,0.665892
4883,11-Feb-08,24:00:00,183.027103,0.002806,91.235437,91.235437,0.0,0.0,0.65931
4884,12-Feb-08,24:00:00,167.64755,0.002775,76.64755,76.64755,0.0,0.0,0.652538
4885,13-Feb-08,24:00:00,155.383956,0.002495,64.383956,64.383956,0.0,0.0,0.646272
4886,14-Feb-08,24:00:00,145.079501,0.00262,54.079501,54.079501,0.0,0.0,0.640124
4887,15-Feb-08,24:00:00,136.423124,0.00288,45.423124,45.423124,0.0,0.0,0.633593
4888,16-Feb-08,24:00:00,129.151941,0.002953,38.151941,38.151941,0.0,0.0,0.626603
4889,17-Feb-08,24:00:00,123.044553,0.0016,32.044553,32.044553,0.0,0.0,0.621162
4890,18-Feb-08,24:00:00,117.914784,0.00097,26.914784,26.914784,0.0,0.0,0.617788
4891,19-Feb-08,24:00:00,112.647847,0.002449,22.60618,22.60618,0.0,0.0,0.613947
4892,20-Feb-08,24:00:00,108.987304,0.001072,18.987304,18.987304,0.0,0.0,0.610327
4893,21-Feb-08,24:00:00,104.031081,0.001899,15.947747,15.947747,0.0,0.0,0.609548
4894,22-Feb-08,24:00:00,110.761369,0.00112,18.928035,13.394779,0.028978,0.0,0.621108
4895,23-Feb-08,24:00:00,2980.582838,0.001303,2891.457838,1079.755728,0.057437,0.047885,0.70866
4896,24-Feb-08,24:00:00,1011.338471,0.002638,868.671679,745.412383,0.0,0.0,0.7
4897,25-Feb-08,24:00:00,453.913205,0.002821,210.204872,210.204872,0.0,0.0,0.698608
4898,26-Feb-08,24:00:00,370.18397,0.003636,123.142304,123.142304,0.0,0.0,0.692477
4899,27-Feb-08,24:00:00,346.210818,0.003349,100.169151,100.169151,0.0,0.0,0.683947
4900,28-Feb-08,24:00:00,331.637718,0.003692,85.637718,85.637718,0.0,0.0,0.675578
4901,29-Feb-08,24:00:00,317.967804,0.00264,72.926137,72.926137,0.0,0.0,0.667884
4902,01-Mar-08,24:00:00,306.691658,0.003635,61.691658,61.691658,0.0,0.0,0.660486
4903,02-Mar-08,24:00:00,297.947848,0.003766,51.989514,51.989514,0.0,0.0,0.651666
4904,03-Mar-08,24:00:00,163.232669,0.004008,43.732669,43.732669,0.0,0.0,0.64243
4905,04-Mar-08,24:00:00,83.672978,0.002932,36.756311,36.756311,0.0,0.0,0.633676
4906,05-Mar-08,24:00:00,75.839631,0.002995,30.881297,30.881297,0.0,0.0,0.626673
4907,06-Mar-08,24:00:00,72.857716,0.003676,25.94105,25.94105,0.0,0.0,0.618812
4908,07-Mar-08,24:00:00,66.872875,0.004142,21.789541,21.789541,0.0,0.0,0.609556
4909,08-Mar-08,24:00:00,62.34351,0.004332,18.301843,18.301843,0.0,0.0,0.599412
4910,09-Mar-08,24:00:00,59.372182,0.003979,15.372182,15.372182,0.0,0.0,0.589198
4911,10-Mar-08,24:00:00,58.828073,0.004014,12.911407,12.911407,0.0,0.0,0.579686
4912,11-Mar-08,24:00:00,56.844523,0.00331,10.844523,10.844523,0.0,0.0,0.570706
4913,12-Mar-08,24:00:00,55.108499,0.002951,9.108499,9.108499,0.0,0.0,0.563295
4914,13-Mar-08,24:00:00,53.650379,0.001551,7.650379,7.650379,0.0,0.0,0.557825
4915,14-Mar-08,24:00:00,52.425679,0.003207,6.425679,6.425679,0.0,0.0,0.552472
4916,15-Mar-08,24:00:00,50.438699,0.003749,5.397033,5.397033,0.0,0.0,0.543908
4917,16-Mar-08,24:00:00,49.533056,0.004424,4.533056,4.533056,0.0,0.0,0.534238
4918,17-Mar-08,24:00:00,49.76572,0.004181,3.807387,3.807387,0.0,0.0,0.523763
4919,18-Mar-08,24:00:00,50.15622,0.002318,3.197886,3.197886,0.0,0.0,0.515903
4920,19-Mar-08,24:00:00,73.64429,0.004098,2.685957,2.685957,0.0,0.0,0.50838
4921,20-Mar-08,24:00:00,68.505979,0.004312,2.255979,2.255979,0.0,0.0,0.498237
4922,21-Mar-08,24:00:00,52.5615,0.005056,1.894833,1.894833,0.0,0.0,0.487266
4923,22-Mar-08,24:00:00,51.591501,0.005057,1.591501,1.591501,0.0,0.0,0.47506
4924,23-Mar-08,24:00:00,51.336728,0.004759,1.336728,1.336728,0.0,0.0,0.463057
4925,24-Mar-08,24:00:00,48.247739,0.003357,1.122739,1.122739,0.0,0.0,0.453308
4926,25-Mar-08,24:00:00,46.335617,0.001717,1.252283,0.943007,0.000568,0.0,0.449751
4927,26-Mar-08,24:00:00,59.236065,0.003573,0.819398,0.792047,0.0,0.0,0.449749
4928,27-Mar-08,24:00:00,67.686112,0.001471,1.977779,0.665254,0.003137,0.0,0.450197
4929,28-Mar-08,24:00:00,60.397611,0.003246,1.105944,0.558758,0.0,0.0,0.454514
4930,29-Mar-08,24:00:00,70.010977,0.004122,0.46931,0.46931,0.0,0.0,0.451155
4931,30-Mar-08,24:00:00,76.144181,0.004492,0.394181,0.394181,0.0,0.0,0.441532
4932,31-Mar-08,24:00:00,76.331079,0.004737,0.331079,0.331079,0.0,0.0,0.430486
4933,01-Apr-08,24:00:00,71.486412,0.005356,0.278079,0.278079,0.0,0.0,0.418578
4934,02-Apr-08,24:00:00,60.691896,0.005471,0.233563,0.233563,0.0,0.0,0.406271
4935,03-Apr-08,24:00:00,60.196173,0.004082,0.196173,0.196173,0.0,0.0,0.396199
4936,04-Apr-08,24:00:00,60.164769,0.004854,0.164769,0.164769,0.0,0.0,0.387575
4937,05-Apr-08,24:00:00,60.138392,0.00296,0.138392,0.138392,0.0,0.0,0.380714
4938,06-Apr-08,24:00:00,60.116238,0.004838,0.116238,0.116238,0.0,0.0,0.374123
4939,07-Apr-08,24:00:00,68.72263,0.004404,0.09763,0.09763,0.0,0.0,0.366865
4940,08-Apr-08,24:00:00,72.915335,0.005036,0.082001,0.082001,0.0,0.0,0.360119
4941,09-Apr-08,24:00:00,73.068874,0.005662,0.068874,0.068874,0.0,0.0,0.35315
4942,10-Apr-08,24:00:00,73.057849,0.006052,0.057849,0.057849,0.0,0.0,0.345977
4943,11-Apr-08,24:00:00,63.465255,0.006408,0.048588,0.048588,0.0,0.0,0.33867
4944,12-Apr-08,24:00:00,58.249143,0.007153,0.04081,0.04081,0.0,0.0,0.33107
4945,13-Apr-08,24:00:00,58.034277,0.004635,0.034277,0.034277,0.0,0.0,0.32419
4946,14-Apr-08,24:00:00,64.737123,0.005127,0.02879,0.02879,0.0,0.0,0.318838
4947,15-Apr-08,24:00:00,74.607514,0.005888,0.024181,0.024181,0.0,0.0,0.312918
4948,16-Apr-08,24:00:00,86.52031,0.006709,0.02031,0.02031,0.0,0.0,0.30629
4949,17-Apr-08,24:00:00,85.100392,0.00652,0.017059,0.017059,0.0,0.0,0.299434
4950,18-Apr-08,24:00:00,80.222661,0.005061,0.014328,0.014328,0.0,0.0,0.29333
4951,19-Apr-08,24:00:00,80.012034,0.003366,0.012034,0.012034,0.0,0.0,0.289168
4952,20-Apr-08,24:00:00,80.15741,0.004866,1.115743,0.010108,0.008127,0.0,0.288402
4953,21-Apr-08,24:00:00,82.721213,0.003015,3.721213,0.00849,0.0,0.0,0.302645
4954,22-Apr-08,24:00:00,79.00713,0.003814,0.00713,0.00713,0.0,0.0,0.302001
4955,23-Apr-08,24:00:00,78.047656,0.005601,0.005989,0.005989,0.0,0.0,0.298117
4956,24-Apr-08,24:00:00,79.921697,0.006474,0.00503,0.00503,0.0,0.0,0.292038
4957,25-Apr-08,24:00:00,80.004225,0.007242,0.004225,0.004225,0.0,0.0,0.285289
4958,26-Apr-08,24:00:00,79.045215,0.007504,0.003549,0.003549,0.0,0.0,0.278127
4959,27-Apr-08,24:00:00,75.169647,0.007071,0.002981,0.002981,0.0,0.0,0.271273
4960,28-Apr-08,24:00:00,70.210837,0.004259,0.002503,0.002503,0.0,0.0,0.265917
4961,29-Apr-08,24:00:00,71.918769,0.005652,0.002103,0.002103,0.0,0.0,0.261425
4962,30-Apr-08,24:00:00,76.793433,0.006541,0.001766,0.001766,0.0,0.0,0.256161
4963,01-May-08,24:00:00,78.91815,0.006514,0.001483,0.001483,0.0,0.0,0.250453
4964,02-May-08,24:00:00,79.001246,0.006811,0.001246,0.001246,0.0,0.0,0.244764
4965,03-May-08,24:00:00,79.001046,0.005966,0.001046,0.001046,0.0,0.0,0.23938
4966,04-May-08,24:00:00,76.125879,0.008313,0.000879,0.000879,0.0,0.0,0.233808
4967,05-May-08,24:00:00,72.167405,0.008377,0.000738,0.000738,0.0,0.0,0.2272
4968,06-May-08,24:00:00,72.00062,0.006754,0.00062,0.00062,0.0,0.0,0.221156
4969,07-May-08,24:00:00,72.000521,0.006624,0.000521,0.000521,0.0,0.0,0.216188
4970,08-May-08,24:00:00,72.000438,0.007119,0.000438,0.000438,0.0,0.0,0.211213
4971,09-May-08,24:00:00,72.958701,0.007474,0.000367,0.000367,0.0,0.0,0.206026
4972,10-May-08,24:00:00,73.000309,0.007339,0.000309,0.000309,0.0,0.0,0.200885
4973,11-May-08,24:00:00,72.041926,0.007517,0.000259,0.000259,0.0,0.0,0.195635
4974,12-May-08,24:00:00,72.000218,0.007938,0.000218,0.000218,0.0,0.0,0.190701
4975,13-May-08,24:00:00,72.000183,0.007425,0.000183,0.000183,0.0,0.0,0.185595
4976,14-May-08,24:00:00,107.458487,0.009158,0.000154,0.000154,0.0,0.0,0.180444
4977,15-May-08,24:00:00,110.916796,0.009227,0.000129,0.000129,0.0,0.0,0.174935
4978,16-May-08,24:00:00,112.916775,0.009707,0.000108,0.000108,0.0,0.0,0.169389
4979,17-May-08,24:00:00,113.000091,0.008893,9.1e-05,9.1e-05,0.0,0.0,0.163973
4980,18-May-08,24:00:00,120.666743,0.008146,7.6e-05,7.6e-05,0.0,0.0,0.159196
4981,19-May-08,24:00:00,129.625064,0.007946,6.4e-05,6.4e-05,0.0,0.0,0.154911
4982,20-May-08,24:00:00,130.000054,0.007959,5.4e-05,5.4e-05,0.0,0.0,0.150654
4983,21-May-08,24:00:00,129.041712,0.007246,4.5e-05,4.5e-05,0.0,0.0,0.146698
4984,22-May-08,24:00:00,129.958371,0.006914,3.8e-05,3.8e-05,0.0,0.0,0.143261
4985,23-May-08,24:00:00,131.916699,0.002676,3.2e-05,3.2e-05,0.0,0.0,0.140874
4986,24-May-08,24:00:00,132.000027,0.006355,2.7e-05,2.7e-05,0.0,0.0,0.138741
4987,25-May-08,24:00:00,131.041689,0.005562,2.2e-05,2.2e-05,0.0,0.0,0.135903
4988,26-May-08,24:00:00,130.041686,0.00472,1.9e-05,1.9e-05,0.0,0.0,0.133559
4989,27-May-08,24:00:00,127.125016,0.004501,1.6e-05,1.6e-05,0.0,0.0,0.131472
4990,28-May-08,24:00:00,129.875013,0.005565,1.3e-05,1.3e-05,0.0,0.0,0.129236
4991,29-May-08,24:00:00,130.000011,0.007294,1.1e-05,1.1e-05,0.0,0.0,0.126414
4992,30-May-08,24:00:00,130.000009,0.007282,9e-06,9e-06,0.0,0.0,0.123372
4993,31-May-08,24:00:00,105.083341,0.007883,8e-06,8e-06,0.0,0.0,0.120151
4994,01-Jun-08,24:00:00,104.766676,0.008586,7e-06,7e-06,0.0,0.0,0.116905
4995,02-Jun-08,24:00:00,104.800009,0.006144,6e-06,6e-06,0.0,0.0,0.113888
4996,03-Jun-08,24:00:00,103.266676,0.007469,5e-06,5e-06,0.0,0.0,0.111237
4997,04-Jun-08,24:00:00,103.966671,0.007864,4e-06,4e-06,0.0,0.0,0.108365
4998,05-Jun-08,24:00:00,105.533335,0.007469,3e-06,3e-06,0.0,0.0,0.105532
4999,06-Jun-08,24:00:00,104.833339,0.008064,3e-06,3e-06,0.0,0.0,0.10282
5000,07-Jun-08,24:00:00,104.800005,0.008724,2e-06,2e-06,0.0,0.0,0.099912
5001,08-Jun-08,24:00:00,104.800005,0.009418,2e-06,2e-06,0.0,0.0,0.096888
5002,09-Jun-08,24:00:00,104.800005,0.008897,2e-06,2e-06,0.0,0.0,0.093798
5003,10-Jun-08,24:00:00,104.800004,0.008393,1e-06,1e-06,0.0,0.0,0.091079
5004,11-Jun-08,24:00:00,105.566667,0.008485,1e-06,1e-06,0.0,0.0,0.088473
5005,12-Jun-08,24:00:00,104.833337,0.009144,1e-06,1e-06,0.0,0.0,0.085857
5006,13-Jun-08,24:00:00,104.800004,0.008348,1e-06,1e-06,0.0,0.0,0.083309
5007,14-Jun-08,24:00:00,104.800004,0.008898,1e-06,1e-06,0.0,0.0,0.080901
5008,15-Jun-08,24:00:00,104.033334,0.009118,1e-06,1e-06,0.0,0.0,0.078427
5009,16-Jun-08,24:00:00,108.600004,0.010104,0.0,0.0,0.0,0.0,0.07594
5010,17-Jun-08,24:00:00,104.2,0.009218,0.0,0.0,0.0,0.0,0.073432
5011,18-Jun-08,24:00:00,104.0,0.009258,0.0,0.0,0.0,0.0,0.071123
5012,19-Jun-08,24:00:00,104.0,0.008975,0.0,0.0,0.0,0.0,0.068903
5013,20-Jun-08,24:00:00,103.233338,0.009964,0.0,0.0,0.0,0.0,0.066739
5014,21-Jun-08,24:00:00,103.200005,0.00923,0.0,0.0,0.0,0.0,0.064568
5015,22-Jun-08,24:00:00,103.966667,0.008092,0.0,0.0,0.0,0.0,0.062699
5016,23-Jun-08,24:00:00,104.0,0.00713,0.0,0.0,0.0,0.0,0.061082
5017,24-Jun-08,24:00:00,104.0,0.007076,0.0,0.0,0.0,0.0,0.059596
5018,25-Jun-08,24:00:00,104.0,0.005877,0.0,0.0,0.0,0.0,0.058238
5019,26-Jun-08,24:00:00,104.0,0.008658,0.0,0.0,0.0,0.0,0.056818
5020,27-Jun-08,24:00:00,104.0,0.008798,0.0,0.0,0.0,0.0,0.055161
5021,28-Jun-08,24:00:00,104.0,0.008481,0.0,0.0,0.0,0.0,0.05354
5022,29-Jun-08,24:00:00,104.76667,0.008141,0.0,0.0,0.0,0.0,0.052017
5023,30-Jun-08,24:00:00,104.033333,0.008406,0.0,0.0,0.0,0.0,0.050569
5024,01-Jul-08,24:00:00,104.76667,0.00897,0.0,0.0,0.0,0.0,0.0491
5025,02-Jul-08,24:00:00,104.033333,0.008132,0.0,0.0,0.0,0.0,0.047664
5026,03-Jul-08,24:00:00,104.0,0.008645,0.0,0.0,0.0,0.0,0.046293
5027,04-Jul-08,24:00:00,104.0,0.008825,0.0,0.0,0.0,0.0,0.044949
5028,05-Jul-08,24:00:00,104.0,0.00917,0.0,0.0,0.0,0.0,0.043585
5029,06-Jul-08,24:00:00,104.0,0.008156,0.0,0.0,0.0,0.0,0.042278
5030,07-Jul-08,24:00:00,104.0,0.010024,0.0,0.0,0.0,0.0,0.041025
5031,08-Jul-08,24:00:00,104.0,0.008764,0.0,0.0,0.0,0.0,0.039683
5032,09-Jul-08,24:00:00,104.0,0.009341,0.0,0.0,0.0,0.0,0.038489
5033,10-Jul-08,24:00:00,104.0,0.008554,0.0,0.0,0.0,0.0,0.037324
5034,11-Jul-08,24:00:00,104.0,0.007997,0.0,0.0,0.0,0.0,0.036283
5035,12-Jul-08,24:00:00,104.0,0.008943,0.0,0.0,0.0,0.0,0.035241
5036,13-Jul-08,24:00:00,104.0,0.008623,0.0,0.0,0.0,0.0,0.034187
5037,14-Jul-08,24:00:00,104.0,0.007674,0.0,0.0,0.0,0.0,0.033243
5038,15-Jul-08,24:00:00,104.0,0.008954,0.0,0.0,0.0,0.0,0.03232
5039,16-Jul-08,24:00:00,104.0,0.009233,0.0,0.0,0.0,0.0,0.031328
5040,17-Jul-08,24:00:00,104.0,0.008857,0.0,0.0,0.0,0.0,0.030367
5041,18-Jul-08,24:00:00,104.0,0.008834,0.0,0.0,0.0,0.0,0.029458
5042,19-Jul-08,24:00:00,104.0,0.008228,0.0,0.0,0.0,0.0,0.028607
5043,20-Jul-08,24:00:00,104.76667,0.006706,0.0,0.0,0.0,0.0,0.027884
5044,21-Jul-08,24:00:00,104.033333,0.008484,0.0,0.0,0.0,0.0,0.027172
5045,22-Jul-08,24:00:00,104.0,0.008762,0.0,0.0,0.0,0.0,0.026375
5046,23-Jul-08,24:00:00,103.233338,0.008449,0.0,0.0,0.0,0.0,0.025603
5047,24-Jul-08,24:00:00,103.966667,0.009441,0.0,0.0,0.0,0.0,0.024845
5048,25-Jul-08,24:00:00,104.0,0.009125,0.0,0.0,0.0,0.0,0.02406
5049,26-Jul-08,24:00:00,104.0,0.008111,0.0,0.0,0.0,0.0,0.023343
5050,27-Jul-08,24:00:00,104.0,0.008409,0.0,0.0,0.0,0.0,0.022704
5051,28-Jul-08,24:00:00,104.0,0.008524,0.0,0.0,0.0,0.0,0.02205
5052,29-Jul-08,24:00:00,104.0,0.00834,0.0,0.0,0.0,0.0,0.021417
5053,30-Jul-08,24:00:00,106.300002,0.008601,0.0,0.0,0.0,0.0,0.02081
5054,31-Jul-08,24:00:00,104.1,0.008528,0.0,0.0,0.0,0.0,0.020204
5055,01-Aug-08,24:00:00,104.0,0.008824,0.0,0.0,0.0,0.0,0.01961
5056,02-Aug-08,24:00:00,104.0,0.00778,0.0,0.0,0.0,0.0,0.019052
5057,03-Aug-08,24:00:00,104.0,0.008274,0.0,0.0,0.0,0.0,0.018538
5058,04-Aug-08,24:00:00,104.0,0.008333,0.0,0.0,0.0,0.0,0.018018
5059,05-Aug-08,24:00:00,103.233338,0.008658,0.0,0.0,0.0,0.0,0.017502
5060,06-Aug-08,24:00:00,103.200005,0.008258,0.0,0.0,0.0,0.0,0.016996
5061,07-Aug-08,24:00:00,103.200005,0.007811,0.0,0.0,0.0,0.0,0.016536
5062,08-Aug-08,24:00:00,103.966667,0.007694,0.0,0.0,0.0,0.0,0.016099
5063,09-Aug-08,24:00:00,104.0,0.008144,0.0,0.0,0.0,0.0,0.01567
5064,10-Aug-08,24:00:00,104.0,0.008049,0.0,0.0,0.0,0.0,0.015238
5065,11-Aug-08,24:00:00,103.233338,0.008415,0.0,0.0,0.0,0.0,0.014816
5066,12-Aug-08,24:00:00,103.966667,0.008264,0.0,0.0,0.0,0.0,0.014395
5067,13-Aug-08,24:00:00,103.233338,0.008166,0.0,0.0,0.0,0.0,0.013996
5068,14-Aug-08,24:00:00,103.966667,0.008038,0.0,0.0,0.0,0.0,0.01361
5069,15-Aug-08,24:00:00,103.233338,0.008365,0.0,0.0,0.0,0.0,0.013231
5070,16-Aug-08,24:00:00,103.966667,0.007464,0.0,0.0,0.0,0.0,0.01288
5071,17-Aug-08,24:00:00,104.76667,0.00431,0.0,0.0,0.0,0.0,0.012621
5072,18-Aug-08,24:00:00,104.033333,0.007184,0.0,0.0,0.0,0.0,0.012376
5073,19-Aug-08,24:00:00,104.0,0.007289,0.0,0.0,0.0,0.0,0.012073
5074,20-Aug-08,24:00:00,104.0,0.006695,0.0,0.0,0.0,0.0,0.011783
5075,21-Aug-08,24:00:00,104.0,0.007453,0.0,0.0,0.0,0.0,0.011499
5076,22-Aug-08,24:00:00,104.0,0.007863,0.0,0.0,0.0,0.0,0.011205
5077,23-Aug-08,24:00:00,104.0,0.008456,0.0,0.0,0.0,0.0,0.010898
5078,24-Aug-08,24:00:00,104.0,0.007467,0.0,0.0,0.0,0.0,0.010601
5079,25-Aug-08,24:00:00,104.0,0.006995,0.0,0.0,0.0,0.0,0.010336
5080,26-Aug-08,24:00:00,104.0,0.00773,0.0,0.0,0.0,0.0,0.010082
5081,27-Aug-08,24:00:00,104.0,0.007182,0.0,0.0,0.0,0.0,0.009823
5082,28-Aug-08,24:00:00,104.0,0.007965,0.0,0.0,0.0,0.0,0.009577
5083,29-Aug-08,24:00:00,104.76667,0.008524,0.0,0.0,0.0,0.0,0.009314
5084,30-Aug-08,24:00:00,104.033333,0.007454,0.0,0.0,0.0,0.0,0.009054
5085,31-Aug-08,24:00:00,104.0,0.006284,0.0,0.0,0.0,0.0,0.008841
5086,01-Sep-08,24:00:00,104.0,0.006813,0.0,0.0,0.0,0.0,0.008648
5087,02-Sep-08,24:00:00,104.0,0.006998,0.0,0.0,0.0,0.0,0.008444
5088,03-Sep-08,24:00:00,107.833333,0.006642,0.0,0.0,0.0,0.0,0.008246
5089,04-Sep-08,24:00:00,104.166667,0.007203,0.0,0.0,0.0,0.0,0.008055
5090,05-Sep-08,24:00:00,104.0,0.007536,0.0,0.0,0.0,0.0,0.007856
5091,06-Sep-08,24:00:00,104.0,0.006991,0.0,0.0,0.0,0.0,0.00766
5092,07-Sep-08,24:00:00,103.233338,0.006699,0.0,0.0,0.0,0.0,0.007482
5093,08-Sep-08,24:00:00,105.499998,0.004673,0.0,0.0,0.0,0.0,0.007337
5094,09-Sep-08,24:00:00,104.066667,0.006573,0.0,0.0,0.0,0.0,0.007198
5095,10-Sep-08,24:00:00,104.0,0.00665,0.0,0.0,0.0,0.0,0.007036
5096,11-Sep-08,24:00:00,104.0,0.006381,0.0,0.0,0.0,0.0,0.006882
5097,12-Sep-08,24:00:00,104.0,0.005536,0.0,0.0,0.0,0.0,0.006739
5098,13-Sep-08,24:00:00,104.0,0.006228,0.0,0.0,0.0,0.0,0.006608
5099,14-Sep-08,24:00:00,104.0,0.006395,0.0,0.0,0.0,0.0,0.006465
5100,15-Sep-08,24:00:00,83.300002,0.004998,0.0,0.0,0.0,0.0,0.006336
5101,16-Sep-08,24:00:00,79.333338,0.001597,0.0,0.0,0.0,0.0,0.006264
5102,17-Sep-08,24:00:00,77.666665,0.00409,0.0,0.0,0.0,0.0,0.006208
5103,18-Sep-08,24:00:00,74.554494,0.001495,1.554492,0.0,0.003082,0.0,0.009672
5104,19-Sep-08,24:00:00,72.306018,0.003279,0.272685,0.0,0.0,0.0,0.013547
5105,20-Sep-08,24:00:00,72.0,0.005591,0.0,0.0,0.0,0.0,0.013439
5106,21-Sep-08,24:00:00,72.0,0.005111,0.0,0.0,0.0,0.0,0.013195
5107,22-Sep-08,24:00:00,72.0,0.005501,0.0,0.0,0.0,0.0,0.01296
5108,23-Sep-08,24:00:00,72.0,0.005186,0.0,0.0,0.0,0.0,0.012722
5109,24-Sep-08,24:00:00,72.0,0.005053,0.0,0.0,0.0,0.0,0.012501
5110,25-Sep-08,24:00:00,72.0,0.005518,0.0,0.0,0.0,0.0,0.012277
5111,26-Sep-08,24:00:00,72.0,0.005011,0.0,0.0,0.0,0.0,0.012055
5112,27-Sep-08,24:00:00,72.0,0.005302,0.0,0.0,0.0,0.0,0.011845
5113,28-Sep-08,24:00:00,72.0,0.006081,0.0,0.0,0.0,0.0,0.011624
5114,29-Sep-08,24:00:00,72.0,0.005636,0.0,0.0,0.0,0.0,0.011388
5115,30-Sep-08,24:00:00,89.25,0.005512,0.0,0.0,0.0,0.0,0.011172
5116,01-Oct-08,24:00:00,90.0,0.002321,0.0,0.0,0.0,0.0,0.011019
5117,02-Oct-08,24:00:00,101.780354,0.001454,10.822021,0.0,0.064313,0.0,0.037781
5118,03-Oct-08,24:00:00,122.785624,0.002265,31.785624,0.0,0.007774,0.0,0.180824
5119,04-Oct-08,24:00:00,90.174808,0.001971,0.133141,0.0,0.0,0.0,0.183945
5120,05-Oct-08,24:00:00,90.0,0.004238,0.0,0.0,0.0,0.0,0.182716
5121,06-Oct-08,24:00:00,90.0,0.004767,0.0,0.0,0.0,0.0,0.17994
5122,07-Oct-08,24:00:00,90.0,0.005079,0.0,0.0,0.0,0.0,0.176999
5123,08-Oct-08,24:00:00,90.0,0.005523,0.0,0.0,0.0,0.0,0.17377
5124,09-Oct-08,24:00:00,90.0,0.004239,0.0,0.0,0.0,0.0,0.170746
5125,10-Oct-08,24:00:00,90.958333,0.004114,0.0,0.0,0.0,0.0,0.168424
5126,11-Oct-08,24:00:00,90.041667,0.003612,0.0,0.0,0.0,0.0,0.166157
5127,12-Oct-08,24:00:00,90.0,0.003386,0.0,0.0,0.0,0.0,0.16414
5128,13-Oct-08,24:00:00,90.0,0.003946,0.0,0.0,0.0,0.0,0.162128
5129,14-Oct-08,24:00:00,90.0,0.004149,0.0,0.0,0.0,0.0,0.159906
5130,15-Oct-08,24:00:00,61.25,0.003776,0.0,0.0,0.0,0.0,0.157716
5131,16-Oct-08,24:00:00,45.625,0.003949,0.0,0.0,0.0,0.0,0.155651
5132,17-Oct-08,24:00:00,45.0,0.004177,0.0,0.0,0.0,0.0,0.15352
5133,18-Oct-08,24:00:00,45.0,0.003747,0.0,0.0,0.0,0.0,0.151439
5134,19-Oct-08,24:00:00,45.0,0.003854,0.0,0.0,0.0,0.0,0.149484
5135,20-Oct-08,24:00:00,45.0,0.003188,0.0,0.0,0.0,0.0,0.147633
5136,21-Oct-08,24:00:00,45.0,0.003258,0.0,0.0,0.0,0.0,0.146016
5137,22-Oct-08,24:00:00,45.0,0.003094,0.0,0.0,0.0,0.0,0.144422
5138,23-Oct-08,24:00:00,45.0,0.003127,0.0,0.0,0.0,0.0,0.142896
5139,24-Oct-08,24:00:00,45.0,0.002998,0.0,0.0,0.0,0.0,0.141394
5140,25-Oct-08,24:00:00,45.0,0.003348,0.0,0.0,0.0,0.0,0.139903
5141,26-Oct-08,24:00:00,45.0,0.00271,0.0,0.0,0.0,0.0,0.138411
5142,27-Oct-08,24:00:00,45.0,0.00271,0.0,0.0,0.0,0.0,0.137131
5143,28-Oct-08,24:00:00,45.0,0.003687,0.0,0.0,0.0,0.0,0.135697
5144,29-Oct-08,24:00:00,44.041667,0.00317,0.0,0.0,0.0,0.0,0.134766
5145,30-Oct-08,24:00:00,48.85748,0.002046,3.899146,0.0,0.00677,0.0,0.147017
5146,31-Oct-08,24:00:00,83.38169,0.001137,38.38169,0.0,0.080611,0.0,0.258495
5147,01-Nov-08,24:00:00,59.267085,0.001563,14.267085,0.0,0.008261,0.0,0.359419
5148,02-Nov-08,24:00:00,74.683177,0.000905,25.849844,0.0,0.034212,0.0,0.396671
5149,03-Nov-08,24:00:00,55.715268,0.002027,9.590268,0.0,0.0,0.0,0.446269
5150,04-Nov-08,24:00:00,45.041667,0.000881,0.0,0.0,0.0,0.0,0.446269
5151,05-Nov-08,24:00:00,44.041667,0.001445,0.0,0.0,0.0,0.0,0.44602
5152,06-Nov-08,24:00:00,44.0,0.001905,0.0,0.0,0.0,0.0,0.443442
5153,07-Nov-08,24:00:00,44.0,0.001349,0.0,0.0,0.0,0.0,0.439577
5154,08-Nov-08,24:00:00,44.958333,0.002422,0.0,0.0,0.0,0.0,0.43484
5155,09-Nov-08,24:00:00,45.0,0.001602,0.0,0.0,0.0,0.0,0.430052
5156,10-Nov-08,24:00:00,45.0,0.001339,0.0,0.0,0.0,0.0,0.426535
5157,11-Nov-08,24:00:00,45.0,0.001493,0.0,0.0,0.0,0.0,0.423283
5158,12-Nov-08,24:00:00,45.0,0.002892,0.0,0.0,0.0,0.0,0.418033
5159,13-Nov-08,24:00:00,45.0,0.002526,0.0,0.0,0.0,0.0,0.411706
5160,14-Nov-08,24:00:00,45.0,0.002232,0.0,0.0,0.0,0.0,0.406374
5161,15-Nov-08,24:00:00,45.0,0.002237,0.0,0.0,0.0,0.0,0.401632
5162,16-Nov-08,24:00:00,51.708333,0.0021,0.0,0.0,0.0,0.0,0.39716
5163,17-Nov-08,24:00:00,46.25,0.002153,0.0,0.0,0.0,0.0,0.392994
5164,18-Nov-08,24:00:00,46.0,0.001493,0.0,0.0,0.0,0.0,0.389509
5165,19-Nov-08,24:00:00,45.041667,0.001537,0.0,0.0,0.0,0.0,0.388033
5166,20-Nov-08,24:00:00,45.958333,0.001965,0.0,0.0,0.0,0.0,0.386915
5167,21-Nov-08,24:00:00,46.0,0.002009,0.0,0.0,0.0,0.0,0.383791
5168,22-Nov-08,24:00:00,45.041667,0.001894,0.0,0.0,0.0,0.0,0.380393
5169,23-Nov-08,24:00:00,45.958333,0.001074,0.0,0.0,0.0,0.0,0.377822
5170,24-Nov-08,24:00:00,45.041667,0.000675,0.0,0.0,0.0,0.0,0.376332
5171,25-Nov-08,24:00:00,45.0,0.001967,0.0,0.0,0.0,0.0,0.374197
5172,26-Nov-08,24:00:00,45.0,0.000768,0.0,0.0,0.0,0.0,0.371979
5173,27-Nov-08,24:00:00,45.958333,0.001443,0.0,0.0,0.0,0.0,0.370287
5174,28-Nov-08,24:00:00,45.041667,0.001713,0.0,0.0,0.0,0.0,0.367844
5175,29-Nov-08,24:00:00,45.958333,0.00176,0.0,0.0,0.0,0.0,0.365259
5176,30-Nov-08,24:00:00,46.0,0.000666,0.0,0.0,0.0,0.0,0.36352
5177,01-Dec-08,24:00:00,44.083333,0.001538,0.0,0.0,0.0,0.0,0.361967
5178,02-Dec-08,24:00:00,44.958333,0.001149,0.0,0.0,0.0,0.0,0.360087
5179,03-Dec-08,24:00:00,45.0,0.001471,0.0,0.0,0.0,0.0,0.35833
5180,04-Dec-08,24:00:00,45.943354,0.001463,0.943354,0.0,0.007368,0.0,0.358912
5181,05-Dec-08,24:00:00,611.749643,0.001486,567.707976,0.0,0.059427,0.0,0.4336
5182,06-Dec-08,24:00:00,1089.114481,0.001685,1045.114481,0.0,0.01769,0.0,0.550159
5183,07-Dec-08,24:00:00,44.250616,0.001588,0.250616,0.0,0.0,0.0,0.55812
5184,08-Dec-08,24:00:00,44.0,0.001418,0.0,0.0,0.0,0.0,0.55761
5185,09-Dec-08,24:00:00,44.0,0.001115,0.0,0.0,0.0,0.0,0.555554
5186,10-Dec-08,24:00:00,44.0,0.001496,0.0,0.0,0.0,0.0,0.552451
5187,11-Dec-08,24:00:00,44.0,0.001801,0.0,0.0,0.0,0.0,0.54866
5188,12-Dec-08,24:00:00,44.0,0.001429,0.0,0.0,0.0,0.0,0.544409
5189,13-Dec-08,24:00:00,45.255053,0.000346,0.29672,0.0,0.002627,0.0,0.543478
5190,14-Dec-08,24:00:00,52.127252,0.00079,7.127252,0.0,0.010162,0.0,0.568802
5191,15-Dec-08,24:00:00,45.159129,0.000956,0.159129,0.0,0.0,0.0,0.572987
5192,16-Dec-08,24:00:00,44.041667,0.001243,0.0,0.0,0.0,0.0,0.572987
5193,17-Dec-08,24:00:00,45.818082,0.000377,1.818082,0.0,0.014722,0.0,0.57811
5194,18-Dec-08,24:00:00,53.360939,0.001382,9.360939,0.0,0.004162,0.0,0.618205
5195,19-Dec-08,24:00:00,44.0173,0.001174,0.0173,0.0,0.0,0.0,0.618308
5196,20-Dec-08,24:00:00,56.846347,0.000368,11.888014,0.0,0.02382,0.0,0.64658
5197,21-Dec-08,24:00:00,48.444952,0.000727,3.444952,0.0,0.002165,0.0,0.678828
5198,22-Dec-08,24:00:00,45.073808,0.000506,0.073808,0.0,0.0,0.0,0.680673
5199,23-Dec-08,24:00:00,423.512502,0.000607,378.512376,366.189121,0.037526,0.026418,0.696169
5200,24-Dec-08,24:00:00,1304.58394,0.001184,1259.58394,1238.953597,0.018321,0.021376,0.702764
5201,25-Dec-08,24:00:00,373.99801,0.001296,328.99801,328.839149,0.0,0.0,0.7
5202,26-Dec-08,24:00:00,183.128669,0.000463,138.128669,138.128669,0.0,0.0,0.7
5203,27-Dec-08,24:00:00,146.900401,0.000648,101.900401,101.900401,0.0,0.0,0.7
5204,28-Dec-08,24:00:00,130.476194,0.000623,86.434527,86.434527,0.0,0.0,0.7
5205,29-Dec-08,24:00:00,117.902224,0.001098,73.902224,73.902224,0.0,0.0,0.69881
5206,30-Dec-08,24:00:00,107.672664,0.001516,62.714331,62.714331,0.0,0.0,0.695683
5207,31-Dec-08,24:00:00,96.979471,0.001381,52.937804,52.937804,0.0,0.0,0.692238
5208,01-Jan-09,24:00:00,90.666943,0.0013,46.666943,44.564421,0.003727,0.0,0.69644
5209,02-Jan-09,24:00:00,82.533949,0.001381,37.575615,37.468287,0.0,0.0,0.69933
5210,03-Jan-09,24:00:00,76.484281,0.000853,31.484281,31.484281,0.0,0.0,0.69933
5211,04-Jan-09,24:00:00,71.449349,0.000442,26.449349,26.449349,0.0,0.0,0.69933
5212,05-Jan-09,24:00:00,66.258817,0.001636,22.21715,22.21715,0.0,0.0,0.697858
5213,06-Jan-09,24:00:00,62.661253,0.000569,18.661253,18.661253,0.0,0.0,0.695372
5214,07-Jan-09,24:00:00,59.67415,0.001364,15.67415,15.67415,0.0,0.0,0.69327
5215,08-Jan-09,24:00:00,57.165069,0.001465,13.16507,13.16507,0.0,0.0,0.689753
5216,09-Jan-09,24:00:00,55.057591,0.001556,11.057591,11.057591,0.0,0.0,0.686125
5217,10-Jan-09,24:00:00,53.287463,0.001627,9.287463,9.287463,0.0,0.0,0.682314
5218,11-Jan-09,24:00:00,51.800696,0.002061,7.800696,7.800696,0.0,0.0,0.678043
5219,12-Jan-09,24:00:00,50.551933,0.001733,6.551933,6.551933,0.0,0.0,0.673319
5220,13-Jan-09,24:00:00,49.503076,0.001729,5.503076,5.503076,0.0,0.0,0.669179
5221,14-Jan-09,24:00:00,48.622123,0.001686,4.622123,4.622123,0.0,0.0,0.665073
5222,15-Jan-09,24:00:00,47.882196,0.001849,3.882196,3.882196,0.0,0.0,0.660888
5223,16-Jan-09,24:00:00,47.26072,0.001721,3.26072,3.26072,0.0,0.0,0.656562
5224,17-Jan-09,24:00:00,46.738731,0.00176,2.738731,2.738731,0.0,0.0,0.652389
5225,18-Jan-09,24:00:00,46.300305,0.001765,2.300305,2.300305,0.0,0.0,0.648158
5226,19-Jan-09,24:00:00,45.932064,0.001455,1.932064,1.932064,0.0,0.0,0.64422
5227,20-Jan-09,24:00:00,45.622771,0.001108,1.622771,1.622771,0.0,0.0,0.641132
5228,21-Jan-09,24:00:00,45.362992,0.000746,1.362992,1.362992,0.0,0.0,0.638912
5229,22-Jan-09,24:00:00,45.144799,0.001014,1.144799,1.144799,0.0,0.0,0.63681
5230,23-Jan-09,24:00:00,44.961536,0.001095,0.961536,0.961536,0.0,0.0,0.634479
5231,24-Jan-09,24:00:00,44.807609,0.002087,0.807609,0.807609,0.0,0.0,0.630411
5232,25-Jan-09,24:00:00,44.678324,0.001991,0.678324,0.678324,0.0,0.0,0.625696
5233,26-Jan-09,24:00:00,44.569736,0.001768,0.569736,0.569736,0.0,0.0,0.621137
5234,27-Jan-09,24:00:00,44.47853,0.002381,0.47853,0.47853,0.0,0.0,0.616311
5235,28-Jan-09,24:00:00,44.401925,0.00202,0.401925,0.401925,0.0,0.0,0.610891
5236,29-Jan-09,24:00:00,44.337583,0.002123,0.337583,0.337583,0.0,0.0,0.605932
5237,30-Jan-09,24:00:00,18.408542,0.002403,0.283542,0.283542,0.0,0.0,0.600626
5238,31-Jan-09,24:00:00,0.946485,0.002295,0.238151,0.238151,0.0,0.0,0.594926
5239,01-Feb-09,24:00:00,0.200027,0.002395,0.200027,0.200027,0.0,0.0,0.589317
5240,02-Feb-09,24:00:00,0.168006,0.002517,0.168006,0.168006,0.0,0.0,0.583458
5241,03-Feb-09,24:00:00,0.141111,0.002036,0.141111,0.141111,0.0,0.0,0.577993
5242,04-Feb-09,24:00:00,5.507942,0.000852,5.507942,0.118522,0.02121,0.0,0.587107
5243,05-Feb-09,24:00:00,14.546995,0.001063,14.546995,0.099548,0.012516,0.0,0.651203
5244,06-Feb-09,24:00:00,0.243022,0.002658,0.243022,0.083612,0.0,0.0,0.656232
5245,07-Feb-09,24:00:00,0.070227,0.001465,0.070227,0.070227,0.0,0.0,0.655296
5246,08-Feb-09,24:00:00,0.058985,0.002132,0.058985,0.058985,0.0,0.0,0.65403
5247,09-Feb-09,24:00:00,2.428569,0.000994,2.428569,0.049542,0.012267,0.0,0.659093
5248,10-Feb-09,24:00:00,269.711773,0.00085,244.795106,230.561145,0.020545,0.013127,0.69412
5249,11-Feb-09,24:00:00,297.785278,0.001637,253.576944,250.726984,0.001363,0.001324,0.700004
5250,12-Feb-09,24:00:00,466.627015,0.000977,422.585348,415.932138,0.010986,0.011025,0.700153
5251,13-Feb-09,24:00:00,205.872669,0.001013,161.872669,161.212769,3.5e-05,3.5e-05,0.7
5252,14-Feb-09,24:00:00,1338.930759,0.001205,1294.930993,987.270783,0.035727,0.035727,0.702897
5253,15-Feb-09,24:00:00,1498.71375,0.001234,1454.71375,1427.99125,0.039058,0.039058,0.700116
5254,16-Feb-09,24:00:00,1393.385624,0.000958,1350.343977,1334.344525,0.019237,0.019237,0.70046
5255,17-Feb-09,24:00:00,513.261255,0.002038,470.261255,469.950428,0.0,0.0,0.7
5256,18-Feb-09,24:00:00,299.785658,0.003462,256.785658,256.785658,0.0,0.0,0.698083
5257,19-Feb-09,24:00:00,245.541038,0.003034,202.541038,202.541038,0.0,0.0,0.691613
5258,20-Feb-09,24:00:00,215.569897,0.002666,171.611564,171.611564,0.0,0.0,0.685115
5259,21-Feb-09,24:00:00,2086.441505,0.000997,2041.483172,1215.739227,0.06902,0.054373,0.713128
5260,22-Feb-09,24:00:00,2427.126667,0.001051,2383.085,2327.242917,0.046494,0.053341,0.71284
5261,23-Feb-09,24:00:00,1208.99473,0.002268,1165.952889,1162.87068,0.0,0.0,0.7
5262,24-Feb-09,24:00:00,503.253843,0.001057,460.253843,460.127314,0.003946,0.003946,0.7
5263,25-Feb-09,24:00:00,511.206424,0.00247,468.206424,465.32675,0.001135,0.001135,0.7
5264,26-Feb-09,24:00:00,331.144695,0.003004,288.144695,288.138254,0.0,0.0,0.698785
5265,27-Feb-09,24:00:00,272.899663,0.003165,229.899663,229.899663,0.0,0.0,0.693296
5266,28-Feb-09,24:00:00,743.099632,0.001107,700.099632,686.403371,0.043554,0.033095,0.699732
5267,01-Mar-09,24:00:00,1936.85,0.00174,1893.85,1865.523333,0.032561,0.038548,0.708411
5268,02-Mar-09,24:00:00,1271.930833,0.001542,1134.056067,1124.785427,0.013977,0.013977,0.700016
5269,03-Mar-09,24:00:00,760.628419,0.001935,578.378472,576.255543,0.0,0.0,0.7
5270,04-Mar-09,24:00:00,501.760734,0.00331,312.969067,312.969067,0.0,0.0,0.699124
5271,05-Mar-09,24:00:00,427.020504,0.002596,243.770504,243.770504,0.0,0.0,0.694511
5272,06-Mar-09,24:00:00,389.109453,0.003452,205.151119,205.151119,0.0,0.0,0.68732
5273,07-Mar-09,24:00:00,278.170288,0.003805,173.711955,173.711955,0.0,0.0,0.678904
5274,08-Mar-09,24:00:00,194.920848,0.003425,146.629181,146.629181,0.0,0.0,0.669933
5275,09-Mar-09,24:00:00,169.458109,0.003253,123.458109,123.458109,0.0,0.0,0.661904
5276,10-Mar-09,24:00:00,148.852967,0.003764,103.8113,103.8113,0.0,0.0,0.653532
5277,11-Mar-09,24:00:00,131.278392,0.004207,87.236725,87.236725,0.0,0.0,0.644118
5278,12-Mar-09,24:00:00,116.329524,0.004542,73.287857,73.287857,0.0,0.0,0.633717
5279,13-Mar-09,24:00:00,104.561689,0.002399,61.561689,61.561689,0.0,0.0,0.625124
5280,14-Mar-09,24:00:00,95.505001,0.001422,52.505001,51.708884,0.002133,0.0,0.623528
5281,15-Mar-09,24:00:00,87.858793,0.001486,43.90046,43.431964,0.0,0.0,0.627063
5282,16-Mar-09,24:00:00,81.437857,0.003024,36.479523,36.479523,0.0,0.0,0.626744
5283,17-Mar-09,24:00:00,74.681525,0.003513,30.639859,30.639859,0.0,0.0,0.622361
5284,18-Mar-09,24:00:00,69.734957,0.004925,25.734957,25.734957,0.0,0.0,0.612204
5285,19-Mar-09,24:00:00,65.615224,0.004989,21.615224,21.615224,0.0,0.0,0.600295
5286,20-Mar-09,24:00:00,63.128358,0.001954,18.170025,18.154983,0.002303,0.0,0.592046
5287,21-Mar-09,24:00:00,69.921554,0.002384,23.96322,15.24867,0.012553,0.0,0.623072
5288,22-Mar-09,24:00:00,58.885866,0.004114,12.885866,12.807609,0.0,0.0,0.623298
5289,23-Mar-09,24:00:00,56.757323,0.004768,10.757323,10.757323,0.0,0.0,0.61461
5290,24-Mar-09,24:00:00,88.576918,0.004868,9.035252,9.035252,0.0,0.0,0.603066
5291,25-Mar-09,24:00:00,106.797189,0.004646,7.588855,7.588855,0.0,0.0,0.591574
5292,26-Mar-09,24:00:00,94.874003,0.005655,6.374003,6.374003,0.0,0.0,0.579329
5293,27-Mar-09,24:00:00,104.853629,0.005629,5.353629,5.353629,0.0,0.0,0.565806
5294,28-Mar-09,24:00:00,104.4966,0.00508,4.4966,4.4966,0.0,0.0,0.55237
5295,29-Mar-09,24:00:00,102.818434,0.004899,3.776767,3.776767,0.0,0.0,0.540832
5296,30-Mar-09,24:00:00,99.297168,0.006526,3.172168,3.172168,0.0,0.0,0.527925
5297,31-Mar-09,24:00:00,98.664356,0.00561,2.664356,2.664356,0.0,0.0,0.512442
5298,01-Apr-09,24:00:00,70.446169,0.004259,2.237836,2.237836,0.0,0.0,0.500889
5299,02-Apr-09,24:00:00,48.754594,0.005001,1.879594,1.879594,0.0,0.0,0.48922
5300,03-Apr-09,24:00:00,75.370369,0.004967,1.578702,1.578702,0.0,0.0,0.477666
5301,04-Apr-09,24:00:00,89.742644,0.005963,1.325977,1.325977,0.0,0.0,0.464702
5302,05-Apr-09,24:00:00,91.072043,0.006269,1.11371,1.11371,0.0,0.0,0.450084
5303,06-Apr-09,24:00:00,91.893756,0.002793,0.935423,0.935423,0.0,0.0,0.438453
5304,07-Apr-09,24:00:00,78.36901,0.002171,0.785677,0.785677,0.0,0.0,0.43282
5305,08-Apr-09,24:00:00,67.638291,0.001002,1.179958,0.659903,0.001424,0.0,0.430579
5306,09-Apr-09,24:00:00,65.920322,0.004087,0.878655,0.554263,0.0,0.0,0.432641
5307,10-Apr-09,24:00:00,66.423868,0.005234,0.465535,0.465535,0.0,0.0,0.426867
5308,11-Apr-09,24:00:00,57.766011,0.00558,0.391011,0.391011,0.0,0.0,0.414212
5309,12-Apr-09,24:00:00,51.578416,0.005268,0.328416,0.328416,0.0,0.0,0.402208
5310,13-Apr-09,24:00:00,76.192509,0.005223,0.275842,0.275842,0.0,0.0,0.39133
5311,14-Apr-09,24:00:00,64.773351,0.004914,0.231684,0.231684,0.0,0.0,0.382143
5312,15-Apr-09,24:00:00,64.194596,0.005923,0.194596,0.194596,0.0,0.0,0.373385
5313,16-Apr-09,24:00:00,65.121777,0.00627,0.163444,0.163444,0.0,0.0,0.363981
5314,17-Apr-09,24:00:00,64.178946,0.006654,0.137279,0.137279,0.0,0.0,0.355136
5315,18-Apr-09,24:00:00,64.115303,0.006889,0.115303,0.115303,0.0,0.0,0.346762
5316,19-Apr-09,24:00:00,64.096845,0.007419,0.096845,0.096845,0.0,0.0,0.338401
5317,20-Apr-09,24:00:00,64.081342,0.00756,0.081342,0.081342,0.0,0.0,0.329814
5318,21-Apr-09,24:00:00,64.06832,0.007703,0.06832,0.06832,0.0,0.0,0.321359
5319,22-Apr-09,24:00:00,64.057383,0.006463,0.057383,0.057383,0.0,0.0,0.313521
5320,23-Apr-09,24:00:00,70.75653,0.005364,0.048197,0.048197,0.0,0.0,0.307049
5321,24-Apr-09,24:00:00,73.915482,0.005872,0.040482,0.040482,0.0,0.0,0.301373
5322,25-Apr-09,24:00:00,74.034001,0.005894,0.034001,0.034001,0.0,0.0,0.295231
5323,26-Apr-09,24:00:00,74.028558,0.004767,0.028558,0.028558,0.0,0.0,0.289993
5324,27-Apr-09,24:00:00,80.73232,0.004128,0.023986,0.023986,0.0,0.0,0.285573
5325,28-Apr-09,24:00:00,89.645147,0.005411,0.020147,0.020147,0.0,0.0,0.280852
5326,29-Apr-09,24:00:00,89.058588,0.004132,0.016921,0.016921,0.0,0.0,0.27631
5327,30-Apr-09,24:00:00,95.141961,0.002739,5.183628,0.014213,0.018579,0.0,0.284025
5328,01-May-09,24:00:00,105.869372,0.001917,15.869372,0.011937,0.020096,0.0,0.340099
5329,02-May-09,24:00:00,98.853457,0.005342,8.853457,0.010026,0.01198,0.0,0.387486
5330,03-May-09,24:00:00,185.720054,0.001873,96.678388,0.008421,0.051125,0.0,0.414405
5331,04-May-09,24:00:00,441.682043,0.005186,352.681938,0.007073,0.005476,0.0,0.525719
5332,05-May-09,24:00:00,90.37069,0.00252,0.412357,0.005941,0.000774,0.0,0.524298
5333,06-May-09,24:00:00,90.079876,0.00665,0.079876,0.00499,0.0,0.0,0.521406
5334,07-May-09,24:00:00,90.004191,0.007155,0.004191,0.004191,0.0,0.0,0.507755
5335,08-May-09,24:00:00,89.045187,0.007505,0.00352,0.00352,0.0,0.0,0.490204
5336,09-May-09,24:00:00,89.96129,0.007908,0.002957,0.002957,0.0,0.0,0.471915
5337,10-May-09,24:00:00,90.960817,0.007592,0.002483,0.002483,0.0,0.0,0.453211
5338,11-May-09,24:00:00,91.002086,0.006932,0.002086,0.002086,0.0,0.0,0.435651
5339,12-May-09,24:00:00,82.376752,0.007655,0.001752,0.001752,0.0,0.0,0.418378
5340,13-May-09,24:00:00,90.626472,0.006946,0.001472,0.001472,0.0,0.0,0.401882
5341,14-May-09,24:00:00,107.292903,0.007826,0.001236,0.001236,0.0,0.0,0.3874
5342,15-May-09,24:00:00,129.084371,0.007743,0.001038,0.001038,0.0,0.0,0.373763
5343,16-May-09,24:00:00,129.042539,0.008546,0.000872,0.000872,0.0,0.0,0.361577
5344,17-May-09,24:00:00,129.959066,0.008408,0.000732,0.000732,0.0,0.0,0.350523
5345,18-May-09,24:00:00,129.042282,0.007998,0.000615,0.000615,0.0,0.0,0.340704
5346,19-May-09,24:00:00,129.000517,0.007172,0.000517,0.000517,0.0,0.0,0.331829
5347,20-May-09,24:00:00,134.750434,0.007808,0.000434,0.000434,0.0,0.0,0.323485
5348,21-May-09,24:00:00,130.208698,0.007888,0.000364,0.000364,0.0,0.0,0.314868
5349,22-May-09,24:00:00,130.000306,0.007712,0.000306,0.000306,0.0,0.0,0.306625
5350,23-May-09,24:00:00,130.95859,0.007235,0.000257,0.000257,0.0,0.0,0.29886
5351,24-May-09,24:00:00,130.041883,0.007903,0.000216,0.000216,0.0,0.0,0.291172
5352,25-May-09,24:00:00,130.000181,0.008409,0.000181,0.000181,0.0,0.0,0.283124
5353,26-May-09,24:00:00,130.000152,0.008516,0.000152,0.000152,0.0,0.0,0.275001
5354,27-May-09,24:00:00,129.041795,0.008856,0.000128,0.000128,0.0,0.0,0.267001
5355,28-May-09,24:00:00,129.000107,0.007742,0.000108,0.000108,0.0,0.0,0.259441
5356,29-May-09,24:00:00,129.00009,0.006819,9e-05,9e-05,0.0,0.0,0.25313
5357,30-May-09,24:00:00,129.958409,0.007606,7.6e-05,7.6e-05,0.0,0.0,0.246881
5358,31-May-09,24:00:00,105.083397,0.007266,6.4e-05,6.4e-05,0.0,0.0,0.240552
5359,01-Jun-09,24:00:00,104.000053,0.007121,5.3e-05,5.3e-05,0.0,0.0,0.234714
5360,02-Jun-09,24:00:00,104.000045,0.006252,4.5e-05,4.5e-05,0.0,0.0,0.229392
5361,03-Jun-09,24:00:00,104.000038,0.003956,3.8e-05,3.8e-05,0.0,0.0,0.225398
5362,04-Jun-09,24:00:00,104.766701,0.003235,3.2e-05,3.2e-05,0.0,0.0,0.222546
5363,05-Jun-09,24:00:00,104.80003,0.007088,2.7e-05,2.7e-05,0.0,0.0,0.218703
5364,06-Jun-09,24:00:00,104.033356,0.007612,2.2e-05,2.2e-05,0.0,0.0,0.2133
5365,07-Jun-09,24:00:00,104.000019,0.007877,1.9e-05,1.9e-05,0.0,0.0,0.207791
5366,08-Jun-09,24:00:00,104.000016,0.006489,1.6e-05,1.6e-05,0.0,0.0,0.202646
5367,09-Jun-09,24:00:00,104.000013,0.005789,1.3e-05,1.3e-05,0.0,0.0,0.198444
5368,10-Jun-09,24:00:00,104.000011,0.006774,1.1e-05,1.1e-05,0.0,0.0,0.1942
5369,11-Jun-09,24:00:00,104.000009,0.007343,9e-06,9e-06,0.0,0.0,0.189643
5370,12-Jun-09,24:00:00,104.000008,0.006071,8e-06,8e-06,0.0,0.0,0.185257
5371,13-Jun-09,24:00:00,104.000007,0.006234,7e-06,7e-06,0.0,0.0,0.181359
5372,14-Jun-09,24:00:00,104.766675,0.00673,6e-06,6e-06,0.0,0.0,0.177357
5373,15-Jun-09,24:00:00,104.033338,0.008512,5e-06,5e-06,0.0,0.0,0.172871
5374,16-Jun-09,24:00:00,104.000004,0.008478,4e-06,4e-06,0.0,0.0,0.167871
5375,17-Jun-09,24:00:00,104.000003,0.00984,3e-06,3e-06,0.0,0.0,0.162818
5376,18-Jun-09,24:00:00,104.766673,0.008414,3e-06,3e-06,0.0,0.0,0.157647
5377,19-Jun-09,24:00:00,104.033336,0.007445,2e-06,2e-06,0.0,0.0,0.1534
5378,20-Jun-09,24:00:00,104.000002,0.007669,2e-06,2e-06,0.0,0.0,0.149395
5379,21-Jun-09,24:00:00,104.000002,0.008327,2e-06,2e-06,0.0,0.0,0.145432
5380,22-Jun-09,24:00:00,104.766671,0.009232,1e-06,1e-06,0.0,0.0,0.14118
5381,23-Jun-09,24:00:00,104.033334,0.009226,1e-06,1e-06,0.0,0.0,0.136748
5382,24-Jun-09,24:00:00,104.000001,0.009125,1e-06,1e-06,0.0,0.0,0.132544
5383,25-Jun-09,24:00:00,104.000001,0.008695,1e-06,1e-06,0.0,0.0,0.128491
5384,26-Jun-09,24:00:00,104.000001,0.00928,1e-06,1e-06,0.0,0.0,0.124607
5385,27-Jun-09,24:00:00,104.000001,0.009629,1e-06,1e-06,0.0,0.0,0.120639
5386,28-Jun-09,24:00:00,103.233338,0.004032,0.0,0.0,0.0,0.0,0.117917
5387,29-Jun-09,24:00:00,103.200005,0.009375,0.0,0.0,0.0,0.0,0.115176
5388,30-Jun-09,24:00:00,103.200005,0.008962,0.0,0.0,0.0,0.0,0.111596
5389,01-Jul-09,24:00:00,103.966667,0.009002,0.0,0.0,0.0,0.0,0.10822
5390,02-Jul-09,24:00:00,103.233338,0.008799,0.0,0.0,0.0,0.0,0.104926
5391,03-Jul-09,24:00:00,103.200005,0.008302,0.0,0.0,0.0,0.0,0.101899
5392,04-Jul-09,24:00:00,103.200005,0.007227,0.0,0.0,0.0,0.0,0.099243
5393,05-Jul-09,24:00:00,103.966667,0.007856,0.0,0.0,0.0,0.0,0.096692
5394,06-Jul-09,24:00:00,104.0,0.008912,0.0,0.0,0.0,0.0,0.094001
5395,07-Jul-09,24:00:00,104.0,0.008876,0.0,0.0,0.0,0.0,0.091086
5396,08-Jul-09,24:00:00,104.0,0.007835,0.0,0.0,0.0,0.0,0.088528
5397,09-Jul-09,24:00:00,104.0,0.008687,0.0,0.0,0.0,0.0,0.086077
5398,10-Jul-09,24:00:00,104.0,0.008468,0.0,0.0,0.0,0.0,0.083569
5399,11-Jul-09,24:00:00,103.233338,0.008661,0.0,0.0,0.0,0.0,0.081155
5400,12-Jul-09,24:00:00,103.200005,0.008779,0.0,0.0,0.0,0.0,0.078764
5401,13-Jul-09,24:00:00,103.200005,0.009135,0.0,0.0,0.0,0.0,0.076376
5402,14-Jul-09,24:00:00,103.200005,0.009596,0.0,0.0,0.0,0.0,0.073978
5403,15-Jul-09,24:00:00,103.966667,0.009036,0.0,0.0,0.0,0.0,0.071625
5404,16-Jul-09,24:00:00,104.0,0.009091,0.0,0.0,0.0,0.0,0.069434
5405,17-Jul-09,24:00:00,104.76667,0.01051,0.0,0.0,0.0,0.0,0.067194
5406,18-Jul-09,24:00:00,104.033333,0.009332,0.0,0.0,0.0,0.0,0.064877
5407,19-Jul-09,24:00:00,104.0,0.009873,0.0,0.0,0.0,0.0,0.062826
5408,20-Jul-09,24:00:00,104.0,0.009409,0.0,0.0,0.0,0.0,0.060769
5409,21-Jul-09,24:00:00,104.0,0.008789,0.0,0.0,0.0,0.0,0.058871
5410,22-Jul-09,24:00:00,104.76667,0.009013,0.0,0.0,0.0,0.0,0.057111
5411,23-Jul-09,24:00:00,104.800003,0.008649,0.0,0.0,0.0,0.0,0.0554
5412,24-Jul-09,24:00:00,104.800003,0.008622,0.0,0.0,0.0,0.0,0.053773
5413,25-Jul-09,24:00:00,104.033333,0.009448,0.0,0.0,0.0,0.0,0.05215
5414,26-Jul-09,24:00:00,104.0,0.009615,0.0,0.0,0.0,0.0,0.050469
5415,27-Jul-09,24:00:00,104.0,0.008919,0.0,0.0,0.0,0.0,0.048883
5416,28-Jul-09,24:00:00,104.0,0.008397,0.0,0.0,0.0,0.0,0.047442
5417,29-Jul-09,24:00:00,104.76667,0.008346,0.0,0.0,0.0,0.0,0.046103
5418,30-Jul-09,24:00:00,104.033333,0.008221,0.0,0.0,0.0,0.0,0.044804
5419,31-Jul-09,24:00:00,103.233338,0.00848,0.0,0.0,0.0,0.0,0.043539
5420,01-Aug-09,24:00:00,103.966667,0.007487,0.0,0.0,0.0,0.0,0.042352
5421,02-Aug-09,24:00:00,104.0,0.006723,0.0,0.0,0.0,0.0,0.041333
5422,03-Aug-09,24:00:00,104.0,0.006964,0.0,0.0,0.0,0.0,0.040378
5423,04-Aug-09,24:00:00,104.0,0.007443,0.0,0.0,0.0,0.0,0.039381
5424,05-Aug-09,24:00:00,104.0,0.003433,0.0,0.0,0.0,0.0,0.038645
5425,06-Aug-09,24:00:00,104.0,0.007109,0.0,0.0,0.0,0.0,0.037955
5426,07-Aug-09,24:00:00,104.0,0.007756,0.0,0.0,0.0,0.0,0.037006
5427,08-Aug-09,24:00:00,103.233338,0.008374,0.0,0.0,0.0,0.0,0.036002
5428,09-Aug-09,24:00:00,103.200005,0.008549,0.0,0.0,0.0,0.0,0.034975
5429,10-Aug-09,24:00:00,103.200005,0.008916,0.0,0.0,0.0,0.0,0.033959
5430,11-Aug-09,24:00:00,103.200005,0.009152,0.0,0.0,0.0,0.0,0.032926
5431,12-Aug-09,24:00:00,103.966667,0.008957,0.0,0.0,0.0,0.0,0.031907
5432,13-Aug-09,24:00:00,104.0,0.007871,0.0,0.0,0.0,0.0,0.03097
5433,14-Aug-09,24:00:00,104.0,0.007403,0.0,0.0,0.0,0.0,0.030173
5434,15-Aug-09,24:00:00,104.0,0.008106,0.0,0.0,0.0,0.0,0.029393
5435,16-Aug-09,24:00:00,104.0,0.008026,0.0,0.0,0.0,0.0,0.028585
5436,17-Aug-09,24:00:00,104.0,0.007786,0.0,0.0,0.0,0.0,0.027818
5437,18-Aug-09,24:00:00,104.0,0.008009,0.0,0.0,0.0,0.0,0.027084
5438,19-Aug-09,24:00:00,104.0,0.007243,0.0,0.0,0.0,0.0,0.026383
5439,20-Aug-09,24:00:00,104.0,0.008257,0.0,0.0,0.0,0.0,0.025692
5440,21-Aug-09,24:00:00,104.0,0.008052,0.0,0.0,0.0,0.0,0.024983
5441,22-Aug-09,24:00:00,104.0,0.00642,0.0,0.0,0.0,0.0,0.024362
5442,23-Aug-09,24:00:00,104.0,0.007091,0.0,0.0,0.0,0.0,0.023799
5443,24-Aug-09,24:00:00,104.0,0.007256,0.0,0.0,0.0,0.0,0.023222
5444,25-Aug-09,24:00:00,104.0,0.007768,0.0,0.0,0.0,0.0,0.022637
5445,26-Aug-09,24:00:00,104.0,0.00713,0.0,0.0,0.0,0.0,0.022064
5446,27-Aug-09,24:00:00,104.0,0.008071,0.0,0.0,0.0,0.0,0.021499
5447,28-Aug-09,24:00:00,104.0,0.008505,0.0,0.0,0.0,0.0,0.020898
5448,29-Aug-09,24:00:00,104.0,0.007196,0.0,0.0,0.0,0.0,0.020332
5449,30-Aug-09,24:00:00,104.76667,0.006424,0.0,0.0,0.0,0.0,0.019861
5450,31-Aug-09,24:00:00,104.033333,0.006665,0.0,0.0,0.0,0.0,0.019418
5451,01-Sep-09,24:00:00,103.233338,0.007032,0.0,0.0,0.0,0.0,0.01897
5452,02-Sep-09,24:00:00,104.733336,0.007516,0.0,0.0,0.0,0.0,0.018508
5453,03-Sep-09,24:00:00,104.033333,0.007093,0.0,0.0,0.0,0.0,0.01805
5454,04-Sep-09,24:00:00,104.0,0.004373,0.0,0.0,0.0,0.0,0.017683
5455,05-Sep-09,24:00:00,104.0,0.00643,0.0,0.0,0.0,0.0,0.017364
5456,06-Sep-09,24:00:00,104.0,0.006928,0.0,0.0,0.0,0.0,0.016979
5457,07-Sep-09,24:00:00,104.0,0.006559,0.0,0.0,0.0,0.0,0.016586
5458,08-Sep-09,24:00:00,104.0,0.006314,0.0,0.0,0.0,0.0,0.016218
5459,09-Sep-09,24:00:00,104.0,0.006445,0.0,0.0,0.0,0.0,0.015869
5460,10-Sep-09,24:00:00,104.0,0.007054,0.0,0.0,0.0,0.0,0.01551
5461,11-Sep-09,24:00:00,104.0,0.006694,0.0,0.0,0.0,0.0,0.015133
5462,12-Sep-09,24:00:00,104.0,0.003757,0.0,0.0,0.0,0.0,0.014863
5463,13-Sep-09,24:00:00,104.0,0.004454,0.0,0.0,0.0,0.0,0.014666
5464,14-Sep-09,24:00:00,104.0,0.006161,0.0,0.0,0.0,0.0,0.014404
5465,15-Sep-09,24:00:00,84.066671,0.006452,0.0,0.0,0.0,0.0,0.014095
5466,16-Sep-09,24:00:00,73.999998,0.006182,0.0,0.0,0.0,0.0,0.013789
5467,17-Sep-09,24:00:00,73.599998,0.006183,0.0,0.0,0.0,0.0,0.0135
5468,18-Sep-09,24:00:00,73.599998,0.006564,0.0,0.0,0.0,0.0,0.013212
5469,19-Sep-09,24:00:00,73.599998,0.006028,0.0,0.0,0.0,0.0,0.012925
5470,20-Sep-09,24:00:00,73.599998,0.005711,0.0,0.0,0.0,0.0,0.012665
5471,21-Sep-09,24:00:00,72.833336,0.005656,0.0,0.0,0.0,0.0,0.012421
5472,22-Sep-09,24:00:00,73.566665,0.006168,0.0,0.0,0.0,0.0,0.012176
5473,23-Sep-09,24:00:00,73.599998,0.005808,0.0,0.0,0.0,0.0,0.011925
5474,24-Sep-09,24:00:00,73.599998,0.005752,0.0,0.0,0.0,0.0,0.011691
5475,25-Sep-09,24:00:00,72.833336,0.005859,0.0,0.0,0.0,0.0,0.011462
5476,26-Sep-09,24:00:00,72.800003,0.006468,0.0,0.0,0.0,0.0,0.011228
5477,27-Sep-09,24:00:00,72.800003,0.005759,0.0,0.0,0.0,0.0,0.01099
5478,28-Sep-09,24:00:00,73.566665,0.005315,0.0,0.0,0.0,0.0,0.01078
5479,29-Sep-09,24:00:00,73.599998,0.004594,0.0,0.0,0.0,0.0,0.010595
5480,30-Sep-09,24:00:00,73.599998,0.0,0.0,0.0,0.0,0.0,0.010509
