Col number,,1,2,3,4,5,6,7,8,9,10,11,12,13,14,15,16,17,18,19,20
   Ordinate,Date,Time,Hopland Gage FLOW,Russian 60 ET-POTENTIAL,Russian 60 FLOW,Russian 60 FLOW-BASE,Russian 60 INFILTRATION,Russian 60 PERC-SOIL,Russian 60 SATURATION FRACTION,Russian 70 ET-POTENTIAL,Russian 70 FLOW,Russian 70 FLOW-BASE,Russian 70 INFILTRATION,Russian 70 PERC-SOIL,Russian 70 SATURATION FRACTION,WF Russian ET-POTENTIAL,WF Russian FLOW,WF Russian FLOW-BASE,WF Russian INFILTRATION,WF Russian PERC-SOIL,WF Russian SATURATION FRACTION
Units,, ,CFS,IN,CFS,CFS,IN,IN,IN/IN,IN,CFS,CFS,IN,IN,IN/IN,IN,CFS,CFS,IN,IN,IN/IN
Type,, ,PER-AVER,PER-CUM,PER-AVER,PER-AVER,PER-CUM,PER-CUM,PER-AVER,PER-CUM,PER-AVER,PER-AVER,PER-CUM,PER-CUM,PER-AVER,PER-CUM,PER-AVER,PER-AVER,PER-CUM,PER-CUM,PER-AVER
1,30-Sep-94,24:00:00,153.0,0.00185,0.0,0.0,0.0,0.0,0.0,0.001849,0.0,0.0,0.0,0.0,0.0,0.001847,0.0,0.0,0.0,0.0,0.0
2,01-Oct-94,24:00:00,153.0,0.002967,0.0,0.0,0.0,0.0,0.0,0.002966,0.0,0.0,0.0,0.0,0.0,0.002966,0.0,0.0,0.0,0.0,0.0
3,02-Oct-94,24:00:00,153.0,0.002582,0.0,0.0,0.0,0.0,0.0,0.002581,0.0,0.0,0.0,0.0,0.0,0.002581,0.0,0.0,0.0,0.0,0.0
4,03-Oct-94,24:00:00,147.369582,0.000725,0.251299,0.0,0.004513,0.0,0.00567,0.000725,0.538779,0.0,0.000623,0.0,0.000712,0.000724,0.0,0.0,0.0,0.0,0.0
5,04-Oct-94,24:00:00,134.198495,0.001433,0.356063,0.0,0.0,0.0,0.015472,0.001432,0.716872,0.0,0.0,0.0,0.002136,0.001431,0.0,0.0,0.0,0.0,0.0
6,05-Oct-94,24:00:00,122.343304,0.002311,0.023391,0.0,0.0,0.0,0.015472,0.00231,0.031684,0.0,0.0,0.0,0.002136,0.002309,0.0,0.0,0.0,0.0,0.0
7,06-Oct-94,24:00:00,119.274124,0.002459,0.0,0.0,0.0,0.0,0.012279,0.002458,0.0,0.0,0.0,0.0,0.000987,0.002457,0.0,0.0,0.0,0.0,0.0
8,07-Oct-94,24:00:00,119.014236,0.00228,0.0,0.0,0.0,0.0,0.004579,0.002279,0.0,0.0,0.0,0.0,0.0,0.002278,0.0,0.0,0.0,0.0,0.0
9,08-Oct-94,24:00:00,119.000635,0.002177,0.0,0.0,0.0,0.0,0.000193,0.002177,0.0,0.0,0.0,0.0,0.0,0.002175,0.0,0.0,0.0,0.0,0.0
10,09-Oct-94,24:00:00,126.774848,0.00222,0.0,0.0,0.0,0.0,0.0,0.00222,0.0,0.0,0.0,0.0,0.0,0.002219,0.0,0.0,0.0,0.0,0.0
11,10-Oct-94,24:00:00,145.516359,0.001964,0.0,0.0,0.0,0.0,0.0,0.001963,0.0,0.0,0.0,0.0,0.0,0.001961,0.0,0.0,0.0,0.0,0.0
12,11-Oct-94,24:00:00,148.238871,0.002347,0.0,0.0,0.0,0.0,0.0,0.002346,0.0,0.0,0.0,0.0,0.0,0.002344,0.0,0.0,0.0,0.0,0.0
13,12-Oct-94,24:00:00,127.771481,0.002401,0.0,0.0,0.0,0.0,0.0,0.0024,0.0,0.0,0.0,0.0,0.0,0.002398,0.0,0.0,0.0,0.0,0.0
14,13-Oct-94,24:00:00,114.37692,0.002135,0.0,0.0,0.0,0.0,0.0,0.002134,0.0,0.0,0.0,0.0,0.0,0.002132,0.0,0.0,0.0,0.0,0.0
15,14-Oct-94,24:00:00,113.07377,0.002459,0.0,0.0,0.0,0.0,0.0,0.002458,0.0,0.0,0.0,0.0,0.0,0.002456,0.0,0.0,0.0,0.0,0.0
16,15-Oct-94,24:00:00,113.003336,0.002093,0.0,0.0,0.0,0.0,0.0,0.002093,0.0,0.0,0.0,0.0,0.0,0.002092,0.0,0.0,0.0,0.0,0.0
17,16-Oct-94,24:00:00,113.000139,0.001433,0.0,0.0,0.0,0.0,0.0,0.001433,0.0,0.0,0.0,0.0,0.0,0.001432,0.0,0.0,0.0,0.0,0.0
18,17-Oct-94,24:00:00,113.000006,0.002135,0.0,0.0,0.0,0.0,0.0,0.002135,0.0,0.0,0.0,0.0,0.0,0.002135,0.0,0.0,0.0,0.0,0.0
19,18-Oct-94,24:00:00,113.0,0.002047,0.0,0.0,0.0,0.0,0.0,0.002047,0.0,0.0,0.0,0.0,0.0,0.002047,0.0,0.0,0.0,0.0,0.0
20,19-Oct-94,24:00:00,116.455476,0.001821,0.0,0.0,0.0,0.0,0.0,0.001821,0.0,0.0,0.0,0.0,0.0,0.001821,0.0,0.0,0.0,0.0,0.0
21,20-Oct-94,24:00:00,125.312968,0.001892,0.0,0.0,0.0,0.0,0.0,0.001892,0.0,0.0,0.0,0.0,0.0,0.001892,0.0,0.0,0.0,0.0,0.0
22,21-Oct-94,24:00:00,133.533345,0.001773,0.0,0.0,0.0,0.0,0.0,0.001773,0.0,0.0,0.0,0.0,0.0,0.001773,0.0,0.0,0.0,0.0,0.0
23,22-Oct-94,24:00:00,136.692465,0.002107,0.0,0.0,0.0,0.0,0.0,0.002106,0.0,0.0,0.0,0.0,0.0,0.002105,0.0,0.0,0.0,0.0,0.0
24,23-Oct-94,24:00:00,132.664354,0.00171,0.0,0.0,0.0,0.0,0.0,0.001708,0.0,0.0,0.0,0.0,0.0,0.001707,0.0,0.0,0.0,0.0,0.0
25,24-Oct-94,24:00:00,124.09168,0.001098,0.0,0.0,0.0,0.0,0.0,0.001097,0.0,0.0,0.0,0.0,0.0,0.001095,0.0,0.0,0.0,0.0,0.0
26,25-Oct-94,24:00:00,122.05945,0.001143,0.0,0.0,0.0,0.0,0.0,0.001143,0.0,0.0,0.0,0.0,0.0,0.001141,0.0,0.0,0.0,0.0,0.0
27,26-Oct-94,24:00:00,127.287862,0.001176,0.0,0.0,0.0,0.0,0.0,0.001175,0.0,0.0,0.0,0.0,0.0,0.001173,0.0,0.0,0.0,0.0,0.0
28,27-Oct-94,24:00:00,130.654658,0.001564,0.0,0.0,0.0,0.0,0.0,0.001563,0.0,0.0,0.0,0.0,0.0,0.001562,0.0,0.0,0.0,0.0,0.0
29,28-Oct-94,24:00:00,130.981506,0.001637,0.0,0.0,0.0,0.0,0.0,0.001636,0.0,0.0,0.0,0.0,0.0,0.001635,0.0,0.0,0.0,0.0,0.0
30,29-Oct-94,24:00:00,131.431098,0.001602,0.0,0.0,0.0,0.0,0.0,0.001601,0.0,0.0,0.0,0.0,0.0,0.001599,0.0,0.0,0.0,0.0,0.0
31,30-Oct-94,24:00:00,126.761962,0.001253,0.0,0.0,0.0,0.0,0.0,0.001251,0.0,0.0,0.0,0.0,0.0,0.00125,0.0,0.0,0.0,0.0,0.0
32,31-Oct-94,24:00:00,117.630969,0.000871,0.0,0.0,0.0,0.0,0.0,0.00087,0.0,0.0,0.0,0.0,0.0,0.000869,0.0,0.0,0.0,0.0,0.0
33,01-Nov-94,24:00:00,113.418862,0.001647,0.0,0.0,0.0,0.0,0.0,0.001645,0.0,0.0,0.0,0.0,0.0,0.001644,0.0,0.0,0.0,0.0,0.0
34,02-Nov-94,24:00:00,113.022296,0.001358,0.0,0.0,0.0,0.0,0.0,0.001357,0.0,0.0,0.0,0.0,0.0,0.001356,0.0,0.0,0.0,0.0,0.0
35,03-Nov-94,24:00:00,114.139395,0.000651,0.13005,0.0,0.020472,0.0,0.007909,0.000651,5.800111,0.0,0.03091,0.0,0.014466,0.00065,11.907116,0.0,0.043281,0.0,0.021216
36,04-Nov-94,24:00:00,255.937036,0.00045,6.486648,0.0,0.040762,0.0,0.16982,0.00045,103.652171,0.0,0.0291,0.0,0.18554,0.000449,59.003838,0.0,0.022011,0.0,0.211872
37,05-Nov-94,24:00:00,146.62233,0.000458,2.687322,0.0,0.007053,0.0,0.232201,0.000457,24.43064,0.0,0.005506,0.0,0.223129,0.000457,3.682152,0.0,0.001835,0.0,0.229891
38,06-Nov-94,24:00:00,88.96313,0.001151,0.235387,0.0,0.0,0.0,0.234128,0.00115,1.49037,0.0,0.0,0.0,0.224625,0.001148,0.0,0.0,0.0,0.0,0.230151
39,07-Nov-94,24:00:00,83.087424,0.001137,0.005359,0.0,0.0,0.0,0.234128,0.001136,0.008079,0.0,0.0,0.0,0.224625,0.001134,0.0,0.0,0.0,0.0,0.230151
40,08-Nov-94,24:00:00,208.392931,0.000394,7.178441,0.0,0.070258,0.0,0.397689,0.000393,112.830104,0.0,0.069377,0.0,0.386978,0.000392,78.169901,0.0,0.071633,0.0,0.397973
41,09-Nov-94,24:00:00,178.07656,0.000904,2.503962,0.0,0.0,0.0,0.475015,0.000903,29.622048,0.0,0.0,0.0,0.462488,0.000901,1.429616,0.0,0.0,0.0,0.475748
42,10-Nov-94,24:00:00,84.442018,0.000583,0.137867,0.0,0.0,0.0,0.475015,0.000582,0.90842,0.0,0.0,0.0,0.462488,0.000581,0.0,0.0,0.0,0.0,0.475748
43,11-Nov-94,24:00:00,75.409268,0.001297,0.0,0.0,0.0,0.0,0.475015,0.001296,0.0,0.0,0.0,0.0,0.462488,0.001294,0.0,0.0,0.0,0.0,0.475748
44,12-Nov-94,24:00:00,75.016044,0.0011,0.0,0.0,0.0,0.0,0.475015,0.001098,0.0,0.0,0.0,0.0,0.462488,0.001097,0.0,0.0,0.0,0.0,0.475748
45,13-Nov-94,24:00:00,76.728348,0.001259,0.0,0.0,0.0,0.0,0.473708,0.001258,0.0,0.0,0.0,0.0,0.46119,0.001256,0.0,0.0,0.0,0.0,0.474497
46,14-Nov-94,24:00:00,112.564048,0.000738,1.978646,0.0,0.020041,0.0,0.514759,0.000738,33.312495,0.0,0.020868,0.0,0.504931,0.000736,23.275467,0.0,0.02122,0.0,0.520277
47,15-Nov-94,24:00:00,116.619159,0.000977,0.778479,0.0,0.0,0.0,0.53983,0.000976,9.5094,0.0,0.000506,0.0,0.530255,0.000974,0.347748,0.0,0.001945,0.0,0.545053
48,16-Nov-94,24:00:00,98.458716,0.001209,0.044108,0.0,0.0,0.0,0.53983,0.001208,9.118598,0.0,0.004135,0.0,0.545687,0.001206,10.130592,0.0,0.007211,0.0,0.57515
49,17-Nov-94,24:00:00,85.398416,0.00123,0.0,0.0,0.0,0.0,0.53983,0.001229,0.769945,0.0,0.0,0.0,0.546095,0.001227,0.0,0.0,0.0,0.0,0.576131
50,18-Nov-94,24:00:00,80.353317,0.000826,0.0,0.0,0.0,0.0,0.53983,0.000824,0.001166,0.0,0.0,0.0,0.546095,0.000822,0.0,0.0,0.0,0.0,0.576131
51,19-Nov-94,24:00:00,80.014902,0.000172,0.0,0.0,0.0,0.0,0.53983,0.000171,0.0,0.0,0.0,0.0,0.546095,0.000171,0.0,0.0,0.0,0.0,0.576131
52,20-Nov-94,24:00:00,80.000595,0.000716,0.0,0.0,0.0,0.0,0.539425,0.000715,0.0,0.0,0.0,0.0,0.546095,0.000714,0.0,0.0,0.0,0.0,0.576131
53,21-Nov-94,24:00:00,80.000023,0.000907,0.0,0.0,0.0,0.0,0.537308,0.000906,0.0,0.0,0.0,0.0,0.544746,0.000904,0.0,0.0,0.0,0.0,0.574833
54,22-Nov-94,24:00:00,80.000001,0.000667,0.0,0.0,0.0,0.0,0.534576,0.000666,0.0,0.0,0.0,0.0,0.5421,0.000665,0.0,0.0,0.0,0.0,0.572226
55,23-Nov-94,24:00:00,81.201911,0.000523,0.103322,0.0,0.023172,0.0,0.540014,0.000522,3.679487,0.0,0.026073,0.0,0.550307,0.000522,10.285943,0.0,0.03344,0.0,0.587616
56,24-Nov-94,24:00:00,199.342544,0.000485,5.543252,0.0,0.029908,0.0,0.676968,0.000484,91.032684,0.0,0.031055,0.0,0.695133,0.000483,54.142603,0.0,0.026428,0.0,0.744705
57,25-Nov-94,24:00:00,151.391641,0.000873,1.830314,0.0,0.001397,0.0,0.717784,0.000872,28.220467,0.0,0.003432,0.0,0.744441,0.000871,7.844642,0.0,0.00532,0.0,0.788592
58,26-Nov-94,24:00:00,102.087085,0.000111,0.536238,0.0,0.004544,0.0,0.727206,0.000111,12.405684,0.0,0.006877,0.0,0.760791,0.000111,11.248081,0.0,0.01029,0.0,0.814052
59,27-Nov-94,24:00:00,95.893154,0.000625,0.223164,0.0,0.0,0.0,0.734238,0.000625,3.875976,0.0,0.0,0.0,0.77072,0.000624,0.35228,0.0,0.0,0.0,0.828984
60,28-Nov-94,24:00:00,62.051275,0.000622,0.013301,0.0,0.0,0.0,0.734238,0.000622,0.136945,0.0,0.0,0.0,0.77072,0.00062,0.0,0.0,0.0,0.0,0.828984
61,29-Nov-94,24:00:00,53.514032,0.000842,0.0,0.0,0.0,0.0,0.734238,0.000841,0.0,0.0,0.0,0.0,0.77072,0.00084,0.0,0.0,0.0,0.0,0.828984
62,30-Nov-94,24:00:00,69.244628,0.000311,0.0,0.0,0.0,0.0,0.734238,0.000311,0.0,0.0,0.0,0.0,0.77072,0.00031,0.0,0.0,0.0,0.0,0.828984
63,01-Dec-94,24:00:00,70.006339,0.000416,0.0,0.0,0.0,0.0,0.734238,0.000415,0.0,0.0,0.0,0.0,0.77072,0.000414,0.0,0.0,0.0,0.0,0.828984
64,02-Dec-94,24:00:00,249.162565,0.000243,6.343222,0.0,0.066798,0.0,0.876091,0.000242,99.887929,0.0,0.066346,0.0,0.909823,0.000242,379.602035,307.816068,0.067382,0.017502,0.943398
65,03-Dec-94,24:00:00,594.846654,0.00074,2.828911,0.0,0.0,0.0,0.963261,0.000739,35.943922,0.0,0.0,0.0,0.998192,0.000738,241.147052,238.057499,0.0,0.0,1.0
66,04-Dec-94,24:00:00,141.925866,0.000353,0.164497,0.0,0.0,0.0,0.963261,0.000353,1.266135,0.0,0.0,0.0,0.998192,0.000352,27.715924,27.715924,0.0,0.0,1.0
67,05-Dec-94,24:00:00,143.41925,0.00041,0.0,0.0,0.0,0.0,0.963261,0.00041,8.699595,6.776809,0.001031,0.000503,0.999849,0.000408,94.7081,92.226903,0.002233,0.002233,1.0
68,06-Dec-94,24:00:00,132.901812,0.000762,0.0,0.0,0.0,0.0,0.963261,0.000761,5.689526,5.483912,0.0,0.0,1.0,0.000759,28.972046,28.972046,0.0,0.0,1.0
69,07-Dec-94,24:00:00,99.75462,0.000591,0.0,0.0,0.0,0.0,0.963261,0.000589,1.403004,1.401742,0.0,0.0,1.0,0.000588,26.00109,26.00109,0.0,0.0,1.0
70,08-Dec-94,24:00:00,94.316062,0.000613,0.0,0.0,0.0,0.0,0.963261,0.000612,0.661436,0.661436,0.0,0.0,1.0,0.000611,24.485385,24.485385,0.0,0.0,1.0
71,09-Dec-94,24:00:00,92.473923,0.000243,0.0,0.0,0.0,0.0,0.963261,0.000242,0.552562,0.552562,0.0,0.0,1.0,0.000242,23.059466,23.059466,0.0,0.0,1.0
72,10-Dec-94,24:00:00,133.61639,0.000219,1.07982,0.657144,0.011717,0.001002,0.973933,0.000219,39.322912,27.344815,0.015906,0.015906,1.0,0.000219,259.661011,243.228421,0.01927,0.01927,1.0
73,11-Dec-94,24:00:00,1033.172254,0.000229,46.009842,44.240577,0.007612,0.007612,1.0,0.000229,349.691321,318.435766,0.008808,0.008808,1.0,0.000229,589.127204,575.305657,0.008713,0.008713,1.0
74,12-Dec-94,24:00:00,763.641311,0.0002,113.550014,113.065341,0.0,0.0,1.0,0.0002,259.93157,252.36172,0.0,0.0,1.0,0.0002,144.860326,144.018679,0.0,0.0,1.0
75,13-Dec-94,24:00:00,953.86017,0.000294,167.026236,164.688295,0.027161,0.027161,1.0,0.000294,299.428122,258.363068,0.028956,0.028956,1.0,0.000294,819.43746,786.457996,0.031015,0.031015,1.0
76,14-Dec-94,24:00:00,1607.310165,0.000334,382.963996,381.565809,0.0,0.0,1.0,0.000333,502.141688,483.795858,0.0,0.0,1.0,0.000332,307.25827,305.774189,0.0,0.0,1.0
77,15-Dec-94,24:00:00,613.095283,0.000272,146.968816,146.883491,0.0,0.0,1.0,0.000272,182.951207,179.531287,0.001476,0.001476,1.0,0.000271,188.500144,185.347441,0.002837,0.002837,1.0
78,16-Dec-94,24:00:00,347.662177,0.000312,54.220054,54.220054,0.0,0.0,1.0,0.000311,88.008625,87.689948,0.0,0.0,1.0,0.00031,101.519827,101.519827,0.0,0.0,1.0
79,17-Dec-94,24:00:00,341.685762,0.000488,38.412341,38.390194,0.000183,0.000183,1.0,0.000487,83.438826,80.749635,0.00144,0.00144,1.0,0.000486,177.251069,174.242169,0.002708,0.002708,1.0
80,18-Dec-94,24:00:00,285.90127,0.000495,34.391668,34.388357,0.0,0.0,1.0,0.000494,70.818322,70.53108,0.0,0.0,1.0,0.000493,94.271612,94.271612,0.0,0.0,1.0
81,19-Dec-94,24:00:00,235.502744,0.00046,30.959393,30.959273,0.0,0.0,1.0,0.000459,55.371097,55.369334,0.0,0.0,1.0,0.000458,87.076718,87.076718,0.0,0.0,1.0
82,20-Dec-94,24:00:00,226.439078,0.000588,28.832662,28.832662,0.0,0.0,1.0,0.000587,50.236651,50.236651,0.0,0.0,1.0,0.000585,82.003719,82.003719,0.0,0.0,1.0
83,21-Dec-94,24:00:00,216.634817,0.000761,27.106242,27.106242,0.0,0.0,1.0,0.00076,47.108048,47.108048,0.0,0.0,1.0,0.000757,77.228191,77.228191,0.0,0.0,1.0
84,22-Dec-94,24:00:00,205.339057,0.000786,25.522044,25.522044,0.0,0.0,1.0,0.000784,44.34721,44.34721,0.0,0.0,1.0,0.000782,72.730769,72.730769,0.0,0.0,1.0
85,23-Dec-94,24:00:00,919.654702,0.000703,172.810775,170.751779,0.01806,0.01806,1.0,0.000702,268.611819,235.812259,0.018596,0.018596,1.0,0.0007,692.858024,668.973971,0.021566,0.021566,1.0
86,24-Dec-94,24:00:00,939.174702,0.001106,235.737606,235.292899,0.0,0.0,1.0,0.001105,287.067505,281.556111,0.0,0.0,1.0,0.001103,148.899064,148.81832,0.0,0.0,1.0
87,25-Dec-94,24:00:00,368.256383,0.000692,89.158089,89.137462,0.0,0.0,1.0,0.000691,100.619247,100.50248,0.0,0.0,1.0,0.000689,93.573257,93.573257,0.0,0.0,1.0
88,26-Dec-94,24:00:00,274.112409,0.000322,55.317963,55.055876,0.014532,0.014532,1.0,0.000321,79.262174,73.963951,0.014884,0.014884,1.0,0.00032,163.536152,158.365608,0.014976,0.014976,1.0
89,27-Dec-94,24:00:00,1095.547263,0.000922,237.218301,235.575796,0.0,0.0,1.0,0.000921,331.315096,307.084104,0.0,0.0,1.0,0.000919,483.815206,472.343512,0.0,0.0,1.0
90,28-Dec-94,24:00:00,542.074179,0.000549,147.156635,147.030503,0.0,0.0,1.0,0.000548,164.049042,162.821321,0.0,0.0,1.0,0.000546,103.960154,103.960154,0.0,0.0,1.0
91,29-Dec-94,24:00:00,306.080125,0.000544,66.220473,66.220036,0.0,0.0,1.0,0.000543,78.047378,78.047378,0.0,0.0,1.0,0.000542,95.705186,95.705186,0.0,0.0,1.0
92,30-Dec-94,24:00:00,261.259292,0.000338,47.536863,47.536863,0.0,0.0,1.0,0.000338,62.548488,62.548488,0.0,0.0,1.0,0.000337,95.652315,95.455242,0.000177,0.000177,1.0
93,31-Dec-94,24:00:00,272.743135,0.00035,57.581306,57.395778,0.001584,0.001584,1.0,0.00035,57.816381,57.816381,0.0,0.0,1.0,0.000349,85.251417,85.251417,0.0,0.0,1.0
94,01-Jan-95,24:00:00,282.580832,0.000961,57.574876,57.540511,0.0,0.0,1.0,0.000961,54.358949,54.358949,0.0,0.0,1.0,0.000961,80.203336,80.203336,0.0,0.0,1.0
95,02-Jan-95,24:00:00,439.926387,0.000344,118.615934,117.579875,0.009486,0.009486,1.0,0.000344,85.404525,79.519934,0.003784,0.003784,1.0,0.000343,238.163062,231.701277,0.005915,0.005915,1.0
96,03-Jan-95,24:00:00,638.430875,0.000478,230.566436,228.881389,0.016119,0.016119,1.0,0.000478,146.436642,136.963081,0.005477,0.005477,1.0,0.000478,138.773583,136.994157,0.001608,0.001608,1.0
97,04-Jan-95,24:00:00,1346.150254,0.000398,379.719232,377.532732,0.013021,0.013021,1.0,0.000397,327.154013,296.555444,0.016225,0.016225,1.0,0.000396,887.86245,855.971201,0.029526,0.029526,1.0
98,05-Jan-95,24:00:00,1466.53875,0.000307,352.499396,350.615686,0.028546,0.028546,1.0,0.000306,417.168325,386.441509,0.027887,0.027887,1.0,0.000306,694.393876,671.606595,0.030668,0.030668,1.0
99,06-Jan-95,24:00:00,6554.18125,0.000484,1504.736453,827.785753,0.058234,0.058234,1.0,0.000484,1929.973802,990.04828,0.056492,0.056492,1.0,0.000484,3573.144583,1939.365,0.060863,0.060863,1.0
100,07-Jan-95,24:00:00,15819.359583,0.000547,4534.767917,1323.179583,0.07,0.07,1.0,0.000547,5688.62125,1494.6,0.07,0.07,1.0,0.000546,8876.442917,2145.456667,0.07,0.07,1.0
101,08-Jan-95,24:00:00,23508.0725,0.000571,6087.634167,1644.755417,0.06497,0.06497,1.0,0.00057,6899.09625,1860.385417,0.06319,0.06319,1.0,0.00057,7976.947917,2437.860417,0.066283,0.066283,1.0
102,09-Jan-95,24:00:00,7240.1925,0.000727,2162.877917,1518.65125,0.021185,0.021185,1.0,0.000727,2262.117083,1622.029167,0.020275,0.020275,1.0,0.000726,1664.638788,1544.288293,0.025605,0.025605,1.0
103,10-Jan-95,24:00:00,3984.680833,0.000509,1120.091667,1092.23875,0.030642,0.030642,1.0,0.000509,1239.80875,1158.537917,0.031857,0.031857,1.0,0.000509,1625.871667,1585.440833,0.033733,0.033733,1.0
104,11-Jan-95,24:00:00,3872.57375,0.000549,1024.315581,1020.251258,0.035831,0.035831,1.0,0.000549,1167.095417,1110.321667,0.035101,0.035101,1.0,0.000548,1617.35875,1554.676667,0.042526,0.042526,1.0
105,12-Jan-95,24:00:00,10184.569583,0.000443,2524.238868,1184.426821,0.07,0.07,1.0,0.000443,3463.8675,1357.58625,0.07,0.07,1.0,0.000442,6273.9925,2258.310833,0.07,0.07,1.0
106,13-Jan-95,24:00:00,10367.020833,0.000474,2699.6725,1651.4275,0.040538,0.040538,1.0,0.000473,2954.160417,1877.356667,0.038865,0.038865,1.0,0.000473,2777.184583,2249.487083,0.039045,0.039045,1.0
107,14-Jan-95,24:00:00,4010.847917,0.000464,1283.723461,1215.560686,0.0,0.0,1.0,0.000463,1347.538225,1281.20429,0.001952,0.001952,1.0,0.000462,982.616286,974.25149,0.002969,0.002969,1.0
108,15-Jan-95,24:00:00,2733.399583,0.000722,612.908337,612.796814,0.0,0.0,1.0,0.000721,630.919969,629.606779,0.0,0.0,1.0,0.00072,607.971648,607.971648,0.0,0.0,1.0
109,16-Jan-95,24:00:00,3946.98625,0.000517,418.935617,418.935329,0.0,0.0,1.0,0.000516,448.822377,448.821238,0.0,0.0,1.0,0.000515,570.060365,570.060365,0.0,0.0,1.0
110,17-Jan-95,24:00:00,4222.049167,0.000488,368.626272,368.626272,0.0,0.0,1.0,0.000487,404.642067,404.642067,0.0,0.0,1.0,0.000486,536.859889,536.859889,0.0,0.0,1.0
111,18-Jan-95,24:00:00,5512.082917,0.000908,343.873999,343.873999,0.0,0.0,1.0,0.000907,379.386264,379.386264,0.0,0.0,1.0,0.000906,505.595585,505.595585,0.0,0.0,1.0
112,19-Jan-95,24:00:00,6347.653333,0.000817,323.997514,323.984032,0.000233,0.000233,1.0,0.000817,357.156432,357.156432,0.0,0.0,1.0,0.000816,476.151976,476.151976,0.0,0.0,1.0
113,20-Jan-95,24:00:00,4443.657917,0.000567,310.280255,310.205461,0.006523,0.006523,1.0,0.000567,337.101509,336.919448,0.002114,0.002114,1.0,0.000567,448.423029,448.423029,0.0,0.0,0.999717
114,21-Jan-95,24:00:00,3456.985,0.000378,662.879798,630.119336,0.062933,0.062933,1.0,0.000378,753.304802,678.480576,0.057366,0.057366,1.0,0.000378,1308.456897,1264.490566,0.046847,0.046627,0.999906
115,22-Jan-95,24:00:00,4765.7275,0.000327,1343.585,1301.06125,0.041232,0.041232,1.0,0.000327,1442.475,1362.3075,0.036896,0.036896,1.0,0.000326,1291.113729,1269.808277,0.024348,0.024348,1.0
116,23-Jan-95,24:00:00,4490.485833,0.000379,1339.69375,1331.5025,0.023145,0.023145,1.0,0.000379,1358.996667,1292.64625,0.014376,0.014376,1.0,0.000378,1336.829852,1308.273988,0.013428,0.013428,1.0
117,24-Jan-95,24:00:00,3201.38125,0.000459,943.792282,942.10829,0.008902,0.008902,1.0,0.000458,840.991856,824.302774,0.006538,0.006538,1.0,0.000458,572.713606,570.269669,0.002172,0.002172,1.0
118,25-Jan-95,24:00:00,3190.8375,0.000185,665.51434,663.136134,0.025481,0.025481,1.0,0.000184,674.086097,637.467335,0.025192,0.025192,1.0,0.000184,1478.813429,964.328085,0.02665,0.02665,1.0
119,26-Jan-95,24:00:00,4192.665,0.000283,824.420606,821.734979,0.012703,0.012703,1.0,0.000283,915.715439,880.946117,0.011293,0.011293,1.0,0.000283,1148.010468,1098.523628,0.014188,0.014188,1.0
120,27-Jan-95,24:00:00,3572.444583,0.000374,722.581945,721.121314,0.006577,0.006577,1.0,0.000374,773.459207,751.828428,0.007617,0.007617,1.0,0.000374,959.212416,943.9408,0.012986,0.012986,1.0
121,28-Jan-95,24:00:00,2449.540833,0.00072,497.11612,496.931131,0.000302,0.000302,1.0,0.00072,511.559699,509.258073,0.003139,0.003139,1.0,0.000719,484.022283,483.540522,0.006608,0.006608,1.0
122,29-Jan-95,24:00:00,3496.584167,0.000552,599.878937,596.689946,0.027858,0.027858,1.0,0.000541,790.945033,734.137212,0.028821,0.028821,1.0,0.00054,2042.800969,1764.254563,0.04192,0.04192,1.0
123,30-Jan-95,24:00:00,3471.158333,0.000832,653.521049,652.801728,0.0,0.0,1.0,0.000821,741.28123,732.106146,0.000703,0.000703,1.0,0.00082,640.661141,637.596727,0.003505,0.003505,1.0
124,31-Jan-95,24:00:00,3547.822083,0.00091,407.529375,407.495282,0.0,0.0,1.0,0.000909,484.736444,476.622922,0.003646,0.003646,1.0,0.000908,774.742078,763.711753,0.007696,0.007696,1.0
125,01-Feb-95,24:00:00,2441.096667,0.000882,324.070983,324.070983,0.0,0.0,1.0,0.000881,387.99168,387.099842,0.0,0.0,1.0,0.00088,514.542581,512.167796,0.002328,0.002328,1.0
126,02-Feb-95,24:00:00,1707.646667,0.001332,295.779375,295.779375,0.0,0.0,0.999809,0.00133,326.127227,326.117473,0.0,0.0,1.0,0.001328,453.976833,453.663358,0.0,0.0,1.0
127,03-Feb-95,24:00:00,1400.095,0.001083,277.387362,277.387362,0.0,0.0,0.997834,0.001082,300.836433,300.836433,0.0,0.0,0.999979,0.00108,403.347505,403.347505,0.0,0.0,1.0
128,04-Feb-95,24:00:00,1221.20375,0.00046,261.106763,261.106763,0.0,0.0,0.994974,0.000459,282.657194,282.657194,0.0,0.0,0.999198,0.000458,379.797091,379.797091,0.0,0.0,1.0
129,05-Feb-95,24:00:00,1132.215833,0.000668,245.888399,245.888399,0.0,0.0,0.993121,0.000668,266.140053,266.140053,0.0,0.0,0.997349,0.000666,357.679367,357.679367,0.0,0.0,1.0
130,06-Feb-95,24:00:00,1081.20375,0.001103,231.567768,231.567768,0.0,0.0,0.990025,0.001102,250.636957,250.636957,0.0,0.0,0.994255,0.001101,336.849731,336.849731,0.0,0.0,0.999222
131,07-Feb-95,24:00:00,1033.414167,0.001038,218.082195,218.082195,0.0,0.0,0.986402,0.001037,236.040686,236.040686,0.0,0.0,0.990636,0.001035,317.23312,317.23312,0.0,0.0,0.996372
132,08-Feb-95,24:00:00,988.381425,0.001444,205.382061,205.382061,0.0,0.0,0.982217,0.001443,222.294719,222.294719,0.0,0.0,0.986454,0.001441,298.758892,298.758892,0.0,0.0,0.992195
133,09-Feb-95,24:00:00,959.280761,0.000911,193.421534,193.421534,0.0,0.0,0.978177,0.00091,209.349275,209.349275,0.0,0.0,0.982417,0.000908,281.36052,281.36052,0.0,0.0,0.988164
134,10-Feb-95,24:00:00,930.870098,0.000544,182.157535,182.157535,0.0,0.0,0.975572,0.000543,197.157716,197.157716,0.0,0.0,0.979814,0.000542,264.975351,264.975351,0.0,0.0,0.985566
135,11-Feb-95,24:00:00,879.915448,0.000942,171.549501,171.549501,0.0,0.0,0.973149,0.000941,185.676139,185.676139,0.0,0.0,0.977394,0.00094,249.54438,249.54438,0.0,0.0,0.983148
136,12-Feb-95,24:00:00,851.472725,0.000463,161.55923,161.55923,0.0,0.0,0.971286,0.000462,174.863197,174.863197,0.0,0.0,0.975533,0.000461,238.255112,235.012039,0.002974,0.0,0.987592
137,13-Feb-95,24:00:00,829.768214,0.001324,152.150749,152.150749,0.0,0.0,0.971277,0.001323,164.679952,164.679952,0.0,0.0,0.975524,0.001322,221.388258,221.325996,0.0,0.0,0.991522
138,14-Feb-95,24:00:00,762.354325,0.001333,143.290174,143.290174,0.0,0.0,0.971277,0.001333,155.089733,155.089733,0.0,0.0,0.974266,0.001331,208.436967,208.436967,0.0,0.0,0.991522
139,15-Feb-95,24:00:00,678.267576,0.00102,134.9456,134.9456,0.0,0.0,0.971261,0.001019,146.058006,146.058006,0.0,0.0,0.970907,0.001018,196.298537,196.298537,0.0,0.0,0.991522
140,16-Feb-95,24:00:00,620.121648,0.000615,127.086976,127.086976,0.0,0.0,0.970156,0.000615,137.552245,137.552245,0.0,0.0,0.967956,0.000614,184.866995,184.866995,0.0,0.0,0.990645
141,17-Feb-95,24:00:00,562.06115,0.001485,119.686003,119.686003,0.0,0.0,0.966752,0.001484,129.541822,129.541822,0.0,0.0,0.964554,0.001483,174.101173,174.101173,0.0,0.0,0.987356
142,18-Feb-95,24:00:00,520.323088,0.001676,112.716029,112.716029,0.0,0.0,0.96133,0.001675,121.99789,121.99789,0.0,0.0,0.959135,0.001674,163.962305,163.962305,0.0,0.0,0.981941
143,19-Feb-95,24:00:00,495.552671,0.001794,106.151955,106.151955,0.0,0.0,0.95538,0.001793,114.893282,114.893282,0.0,0.0,0.953188,0.001791,154.413879,154.413879,0.0,0.0,0.975999
144,20-Feb-95,24:00:00,471.811076,0.001901,99.970144,99.970144,0.0,0.0,0.94912,0.0019,108.202415,108.202415,0.0,0.0,0.946931,0.001899,145.42151,145.42151,0.0,0.0,0.969747
145,21-Feb-95,24:00:00,450.172443,0.00176,94.148333,94.148333,0.0,0.0,0.942791,0.001759,101.901194,101.901194,0.0,0.0,0.940605,0.001757,136.952817,136.952817,0.0,0.0,0.963427
146,22-Feb-95,24:00:00,430.524631,0.001187,88.665558,88.665558,0.0,0.0,0.937806,0.001186,95.966927,95.966927,0.0,0.0,0.935622,0.001185,128.977301,128.977301,0.0,0.0,0.958448
147,23-Feb-95,24:00:00,422.263372,0.001642,83.502075,83.502075,0.0,0.0,0.93289,0.001642,90.378245,90.378245,0.0,0.0,0.930709,0.001641,121.466244,121.466244,0.0,0.0,0.953539
148,24-Feb-95,24:00:00,428.95779,0.001709,78.63929,78.63929,0.0,0.0,0.927253,0.001709,85.115024,85.115024,0.0,0.0,0.925074,0.001708,114.392597,114.392597,0.0,0.0,0.947907
149,25-Feb-95,24:00:00,422.220893,0.001224,74.059692,74.059692,0.0,0.0,0.922155,0.001223,80.158308,80.158308,0.0,0.0,0.919978,0.001221,107.730888,107.730888,0.0,0.0,0.942815
150,26-Feb-95,24:00:00,391.951482,0.000993,69.746789,69.746789,0.0,0.0,0.918329,0.000992,75.490249,75.490249,0.0,0.0,0.916155,0.000991,101.457126,101.457126,0.0,0.0,0.938997
151,27-Feb-95,24:00:00,352.734232,0.001298,65.685051,65.685051,0.0,0.0,0.914274,0.001297,71.094037,71.094037,0.0,0.0,0.912103,0.001295,95.54872,95.54872,0.0,0.0,0.934949
152,28-Feb-95,24:00:00,329.477719,0.001045,61.859849,61.859849,0.0,0.0,0.910186,0.001044,66.95384,66.95384,0.0,0.0,0.908017,0.001043,89.984393,89.984393,0.0,0.0,0.930867
153,01-Mar-95,24:00:00,340.309629,0.000552,60.179798,58.25741,0.023864,0.0,0.950922,0.000552,88.091682,63.054751,0.020492,0.0,0.93986,0.000552,100.712708,84.744107,0.017525,0.0,0.954504
154,02-Mar-95,24:00:00,783.358036,0.000831,133.82246,131.128884,0.011731,0.008846,0.99966,0.00083,178.857258,136.971374,0.013914,0.007025,0.998263,0.00083,470.139958,449.029777,0.015852,0.012661,0.999924
155,03-Mar-95,24:00:00,630.081282,0.00104,153.659629,153.311986,0.0,0.0,1.0,0.001039,148.702782,144.580701,0.0,0.0,1.0,0.001038,110.122764,110.112531,0.0,0.0,1.0
156,04-Mar-95,24:00:00,364.92126,0.001352,80.565646,80.554051,0.0,0.0,1.0,0.001351,75.644093,75.592772,0.0,0.0,1.0,0.00135,89.903958,89.903958,0.0,0.0,1.0
157,05-Mar-95,24:00:00,311.453383,0.001632,58.255514,58.255514,0.0,0.0,0.999114,0.001631,59.293525,59.293525,0.0,0.0,0.999117,0.00163,84.64997,84.64997,0.0,0.0,0.999122
158,06-Mar-95,24:00:00,294.393542,0.001583,52.128988,52.128988,0.0,0.0,0.995459,0.001582,54.517604,54.517604,0.0,0.0,0.995467,0.001581,79.720324,79.720324,0.0,0.0,0.995481
159,07-Mar-95,24:00:00,1748.887115,0.000489,564.64864,183.905225,0.051982,0.049715,0.998214,0.000489,646.446354,234.944486,0.052024,0.04976,0.998072,0.000489,1392.732138,871.045076,0.052704,0.050445,0.998071
160,08-Mar-95,24:00:00,22739.609167,0.001117,7184.534583,1032.978548,0.046531,0.046531,1.0,0.001117,7615.613333,1269.757539,0.045417,0.045417,1.0,0.001116,8476.67625,2018.304167,0.04393,0.04393,1.0
161,09-Mar-95,24:00:00,9128.935,0.000658,3066.58625,1121.812083,0.053955,0.053955,1.0,0.000658,3063.831667,1209.254167,0.054711,0.054711,1.0,0.000658,2928.037397,1184.14249,0.051112,0.051112,1.0
162,10-Mar-95,24:00:00,7138.129167,0.000696,1911.91875,1230.552917,0.030568,0.030568,1.0,0.000696,2117.846667,1415.415833,0.031157,0.031157,1.0,0.000696,1919.741667,1705.213333,0.0301,0.0301,1.0
163,11-Mar-95,24:00:00,3424.695417,0.001154,924.897734,883.907418,0.000177,0.000177,1.0,0.001154,983.807686,940.047322,0.000671,0.000671,1.0,0.001153,501.851056,499.91618,0.001417,0.001417,1.0
164,12-Mar-95,24:00:00,4832.14875,0.000695,1067.037199,694.77801,0.068614,0.068614,1.0,0.000695,1292.638603,808.577165,0.069054,0.069054,1.0,0.000694,2504.46786,1708.357431,0.069725,0.069725,1.0
165,13-Mar-95,24:00:00,10205.67375,0.000497,2414.216667,1438.592083,0.057014,0.057014,1.0,0.000497,3276.337917,1715.356667,0.056139,0.056139,1.0,0.000496,5042.437917,2433.194583,0.055002,0.055002,1.0
166,14-Mar-95,24:00:00,5572.022917,0.001878,1591.18492,1300.907862,0.0,0.0,1.0,0.001877,1801.120385,1389.230952,0.0,0.0,1.0,0.001877,857.942596,793.04788,0.0,0.0,1.0
167,15-Mar-95,24:00:00,3070.16375,0.001998,597.25104,581.858671,0.0,0.0,1.0,0.001997,579.414405,566.00782,0.0,0.0,1.0,0.001997,439.035851,439.035851,0.0,0.0,1.0
168,16-Mar-95,24:00:00,4051.905417,0.001568,341.129504,341.129504,0.0,0.0,0.998089,0.001568,359.441028,359.441028,0.0,0.0,0.998091,0.001567,412.644855,412.644855,0.0,0.0,0.998094
169,17-Mar-95,24:00:00,5606.115417,0.001185,401.328347,399.585237,0.015255,0.013857,0.999401,0.001184,583.721768,542.370692,0.023013,0.021616,0.999601,0.001184,1517.074227,1171.783497,0.02945,0.028054,0.999801
170,18-Mar-95,24:00:00,4598.305833,0.001092,429.500635,429.128261,0.000759,0.000759,1.0,0.001091,586.110283,579.882654,0.003112,0.003112,1.0,0.001091,490.91886,489.445112,0.007089,0.007089,1.0
171,19-Mar-95,24:00:00,7284.668333,0.001081,1442.365159,549.358691,0.035417,0.035417,1.0,0.00108,1909.278678,727.136872,0.03716,0.03716,1.0,0.001079,3199.995729,1597.095383,0.040284,0.040284,1.0
172,20-Mar-95,24:00:00,4393.673333,0.000736,1016.994013,777.997876,0.013026,0.013026,1.0,0.000735,1229.586803,975.590439,0.016508,0.016508,1.0,0.000735,990.793775,969.494716,0.013584,0.013584,1.0
173,21-Mar-95,24:00:00,3815.827917,0.000618,937.363256,877.57332,0.051771,0.051771,1.0,0.000618,1201.130462,1090.855772,0.053309,0.053309,1.0,0.000617,1647.154697,1600.066543,0.045671,0.045671,1.0
174,22-Mar-95,24:00:00,5168.405417,0.000624,1105.50125,1094.878333,0.019279,0.019279,1.0,0.000624,1385.553333,1319.840833,0.022934,0.022934,1.0,0.000623,1489.001894,1455.125565,0.026836,0.026836,1.0
175,23-Mar-95,24:00:00,4706.94375,0.001954,757.897008,756.723259,0.0,0.0,1.0,0.001953,892.676071,880.375161,0.0,0.0,1.0,0.001952,624.65836,624.057504,0.0,0.0,1.0
176,24-Mar-95,24:00:00,3728.599167,0.002342,415.340866,415.294561,0.0,0.0,0.9996,0.002342,464.99767,464.618862,0.0,0.0,0.999601,0.002342,472.311022,472.311022,0.0,0.0,0.999602
177,25-Mar-95,24:00:00,2625.667083,0.002296,313.513273,313.513273,0.0,0.0,0.995091,0.002295,365.390288,365.390288,0.0,0.0,0.995094,0.002295,444.580317,444.580317,0.0,0.0,0.995099
178,26-Mar-95,24:00:00,1817.318333,0.002505,283.245557,283.245557,0.0,0.0,0.986844,0.002505,335.963163,335.963163,0.0,0.0,0.986848,0.002504,418.689781,418.689781,0.0,0.0,0.986854
179,27-Mar-95,24:00:00,1682.61125,0.002936,265.27277,265.27277,0.0,0.0,0.977631,0.002936,315.673918,315.673918,0.0,0.0,0.977636,0.002935,394.307174,394.307174,0.0,0.0,0.977645
180,28-Mar-95,24:00:00,1497.505417,0.002633,249.664449,249.664449,0.0,0.0,0.968109,0.002633,297.234056,297.234056,0.0,0.0,0.968116,0.002632,371.3445,371.3445,0.0,0.0,0.968129
181,29-Mar-95,24:00:00,1298.362917,0.002137,235.109142,235.109142,0.0,0.0,0.959822,0.002136,279.920437,279.920437,0.0,0.0,0.959832,0.002135,349.719069,349.719069,0.0,0.0,0.959848
182,30-Mar-95,24:00:00,1206.75125,0.00164,221.415937,221.415937,0.0,0.0,0.953264,0.00164,263.618858,263.618858,0.0,0.0,0.953275,0.001639,329.353006,329.353006,0.0,0.0,0.953297
183,31-Mar-95,24:00:00,1149.529583,0.002564,208.521533,208.521533,0.0,0.0,0.945861,0.002564,248.266865,248.266865,0.0,0.0,0.945874,0.002563,310.17297,310.17297,0.0,0.0,0.945899
184,01-Apr-95,24:00:00,1095.119167,0.002765,196.378166,196.378166,0.0,0.0,0.936876,0.002764,233.80892,233.80892,0.0,0.0,0.936891,0.002763,292.109893,292.109893,0.0,0.0,0.936918
185,02-Apr-95,24:00:00,1040.92875,0.002879,184.941986,184.941986,0.0,0.0,0.927189,0.002879,220.192941,220.192941,0.0,0.0,0.927205,0.002879,275.098729,275.098729,0.0,0.0,0.927234
186,03-Apr-95,24:00:00,989.980033,0.002329,174.171797,174.171797,0.0,0.0,0.918548,0.002328,207.369896,207.369896,0.0,0.0,0.918565,0.002327,259.078218,259.078218,0.0,0.0,0.918595
187,04-Apr-95,24:00:00,894.690981,0.001905,164.028816,164.028816,0.0,0.0,0.911085,0.001904,195.293607,195.293607,0.0,0.0,0.911104,0.001903,243.99067,243.99067,0.0,0.0,0.911139
188,05-Apr-95,24:00:00,881.499776,0.000627,157.656463,155.298785,0.028228,0.001253,0.961534,0.000627,231.493195,188.290836,0.030546,0.003577,0.967909,0.000626,353.897428,319.070676,0.034067,0.007108,0.973691
189,06-Apr-95,24:00:00,1894.3275,0.001303,313.392537,309.772141,0.019612,0.019612,1.0,0.001303,483.864115,429.672676,0.020753,0.020753,1.0,0.001302,1049.46024,1018.785296,0.025092,0.025092,1.0
190,07-Apr-95,24:00:00,1970.07625,0.000903,410.180786,409.021605,0.005235,0.005235,1.0,0.000902,544.025815,524.204586,0.007573,0.007573,1.0,0.000902,623.952884,612.024463,0.010753,0.010753,1.0
191,08-Apr-95,24:00:00,1620.732083,0.002401,280.828645,280.5614,0.0,0.0,1.0,0.0024,358.137728,353.843572,0.0,0.0,1.0,0.0024,306.563387,306.306025,0.0,0.0,1.0
192,09-Apr-95,24:00:00,1337.747083,0.002894,177.416565,177.402523,0.0,0.0,0.997645,0.002894,212.007775,211.864216,0.0,0.0,0.997646,0.002893,243.127065,243.127065,0.0,0.0,0.997649
193,10-Apr-95,24:00:00,1033.921377,0.002348,144.443939,144.443939,0.0,0.0,0.990134,0.002347,174.993505,174.993505,0.0,0.0,0.990138,0.002346,228.885935,228.885935,0.0,0.0,0.990147
194,11-Apr-95,24:00:00,821.361216,0.001126,133.703098,133.625084,0.012781,0.007522,0.98687,0.001126,165.360834,163.569282,0.013654,0.008396,0.986958,0.001125,233.740532,229.945907,0.014764,0.00951,0.987065
195,12-Apr-95,24:00:00,1838.458512,0.001886,245.848987,244.009642,0.002155,0.002155,1.0,0.001886,361.056296,330.456369,0.002927,0.002927,1.0,0.001885,685.785808,666.256947,0.006225,0.006225,1.0
196,13-Apr-95,24:00:00,1305.726667,0.002415,204.222659,204.054607,0.0,0.0,0.999923,0.002415,248.447365,246.576533,0.0,0.0,0.999924,0.002414,221.030805,221.030805,0.0,0.0,0.999925
197,14-Apr-95,24:00:00,860.601592,0.000797,137.202742,137.146955,0.000805,0.000339,0.999513,0.000797,166.72063,165.149061,0.001387,0.000854,0.999495,0.000796,256.294752,253.190969,0.00312,0.002589,0.999499
198,15-Apr-95,24:00:00,771.116812,0.002483,120.713029,120.657726,0.0,0.0,1.0,0.002482,157.218857,155.976152,0.0,0.0,1.0,0.002481,223.163308,222.799818,0.0,0.0,1.0
199,16-Apr-95,24:00:00,660.78773,0.00147,109.271859,109.268298,0.0,0.0,0.999957,0.00147,136.81428,136.762177,0.0,0.0,0.999958,0.001469,184.546545,184.546545,0.0,0.0,0.99996
200,17-Apr-95,24:00:00,620.805247,0.002783,101.449941,101.449941,0.0,0.0,0.99515,0.002783,125.757237,125.757237,0.0,0.0,0.995153,0.002782,173.736535,173.736535,0.0,0.0,0.995162
201,18-Apr-95,24:00:00,591.472442,0.002315,95.294663,95.294663,0.0,0.0,0.98633,0.002314,118.047806,118.047806,0.0,0.0,0.986335,0.002313,163.618849,163.618849,0.0,0.0,0.986347
202,19-Apr-95,24:00:00,557.982789,0.002491,89.713233,89.713233,0.0,0.0,0.980498,0.00249,111.137019,111.137019,0.0,0.0,0.981345,0.002489,154.090424,154.090424,0.0,0.0,0.982339
203,20-Apr-95,24:00:00,525.924299,0.002949,84.485186,84.485186,0.0,0.0,0.972464,0.002948,104.661988,104.661988,0.0,0.0,0.974367,0.002948,145.116892,145.116892,0.0,0.0,0.977879
204,21-Apr-95,24:00:00,502.964855,0.003371,79.564787,79.564787,0.0,0.0,0.961702,0.003371,98.566733,98.566733,0.0,0.0,0.963606,0.00337,136.665937,136.665937,0.0,0.0,0.967304
205,22-Apr-95,24:00:00,485.5431,0.003452,74.931258,74.931258,0.0,0.0,0.95001,0.003452,92.826635,92.826635,0.0,0.0,0.951915,0.003451,128.707129,128.707129,0.0,0.0,0.955615
206,23-Apr-95,24:00:00,470.039095,0.00381,70.567596,70.567596,0.0,0.0,0.937731,0.00381,87.420829,87.420829,0.0,0.0,0.939638,0.003809,121.211805,121.211805,0.0,0.0,0.943339
207,24-Apr-95,24:00:00,454.363628,0.003506,66.458057,66.458057,0.0,0.0,0.925054,0.003506,82.329834,82.329834,0.0,0.0,0.926961,0.003506,114.152976,114.152976,0.0,0.0,0.930666
208,25-Apr-95,24:00:00,440.66956,0.002877,62.587839,62.587839,0.0,0.0,0.913918,0.002877,77.535315,77.535315,0.0,0.0,0.915827,0.002876,107.505221,107.505221,0.0,0.0,0.919534
209,26-Apr-95,24:00:00,437.245717,0.001743,59.428238,58.943005,0.004589,0.0,0.919853,0.001742,79.680528,73.020008,0.003993,0.0,0.920281,0.001742,107.426391,101.244601,0.005601,0.0,0.928044
210,27-Apr-95,24:00:00,421.571766,0.001023,56.17788,55.662088,0.024604,0.002602,0.938205,0.001023,76.674553,68.93125,0.024434,0.002393,0.937077,0.001023,104.110959,97.062458,0.023267,0.003917,0.944813
211,28-Apr-95,24:00:00,1574.670488,0.001426,240.006203,235.376816,0.014658,0.014658,1.0,0.001426,399.751021,325.587031,0.017247,0.017247,1.0,0.001425,932.638377,887.946804,0.023268,0.023268,1.0
212,29-Apr-95,24:00:00,1027.140738,0.002366,228.951816,228.372516,0.011777,0.011777,1.0,0.002366,288.900473,280.966926,0.012204,0.012204,1.0,0.002366,189.063705,183.586901,0.012331,0.012331,1.0
213,30-Apr-95,24:00:00,4487.825698,0.002401,885.603498,487.740592,0.026159,0.026159,1.0,0.002401,1301.010687,620.464363,0.025917,0.025917,1.0,0.0024,2382.91845,1196.621392,0.025,0.025,1.0
214,01-May-95,24:00:00,2045.554167,0.002166,516.111677,460.414148,0.0,0.0,0.999589,0.002165,565.7778,495.071909,0.0,0.0,0.99959,0.002165,205.898242,205.898242,0.0,0.0,0.999586
215,02-May-95,24:00:00,1354.973333,0.002699,182.465647,180.571299,0.0,0.0,0.994347,0.002699,181.355047,180.83611,0.0,0.0,0.994349,0.002698,162.931457,162.931457,0.0,0.0,0.994341
216,03-May-95,24:00:00,1254.875,0.002696,105.119376,105.119376,0.0,0.0,0.985237,0.002696,118.461407,118.461407,0.0,0.0,0.98524,0.002695,153.400961,153.400961,0.0,0.0,0.985235
217,04-May-95,24:00:00,925.248662,0.002433,89.131892,89.131892,0.0,0.0,0.976249,0.002432,105.937433,105.937433,0.0,0.0,0.976254,0.002432,144.46755,144.46755,0.0,0.0,0.976252
218,05-May-95,24:00:00,601.576606,0.0028,82.741552,82.741552,0.0,0.0,0.96737,0.0028,99.278899,99.278899,0.0,0.0,0.967376,0.002799,136.05441,136.05441,0.0,0.0,0.967378
219,06-May-95,24:00:00,488.753556,0.003089,77.794172,77.794172,0.0,0.0,0.957317,0.003088,93.45974,93.45974,0.0,0.0,0.957324,0.003088,128.131214,128.131214,0.0,0.0,0.957328
220,07-May-95,24:00:00,469.588894,0.002419,73.250996,73.250996,0.0,0.0,0.94793,0.002419,88.014395,88.014395,0.0,0.0,0.947938,0.002418,120.66943,120.66943,0.0,0.0,0.947944
221,08-May-95,24:00:00,452.94582,0.001457,68.983986,68.983986,0.0,0.0,0.94126,0.001457,82.888653,82.888653,0.0,0.0,0.941269,0.001456,113.642186,113.642186,0.0,0.0,0.941277
222,09-May-95,24:00:00,437.283437,0.002993,64.966561,64.966561,0.0,0.0,0.933528,0.002993,78.06158,78.06158,0.0,0.0,0.933539,0.002992,107.024176,107.024176,0.0,0.0,0.933549
223,10-May-95,24:00:00,423.135106,0.002681,61.183191,61.183191,0.0,0.0,0.923968,0.002681,73.515624,73.515624,0.0,0.0,0.923979,0.002681,100.79157,100.79157,0.0,0.0,0.923992
224,11-May-95,24:00:00,414.936397,0.000724,57.81733,57.620157,0.010513,0.0,0.924824,0.000723,75.68641,69.234405,0.01509,0.0,0.92907,0.000724,105.197696,94.921923,0.017873,0.0,0.932203
225,12-May-95,24:00:00,454.439943,0.001907,56.120658,54.264619,0.005608,0.0,0.970685,0.001907,96.260723,65.202505,0.00407,0.0,0.981429,0.001907,101.5272,89.394098,0.002293,0.0,0.985046
226,13-May-95,24:00:00,392.985662,0.002191,51.300423,51.104492,0.000354,0.0,0.97235,0.002191,63.530021,61.405405,0.00265,0.0,0.983387,0.002191,84.272198,84.188188,0.002808,0.0,0.986701
227,14-May-95,24:00:00,586.807812,0.001324,48.994342,48.128396,0.006633,0.0,0.995386,0.001324,140.747661,122.441515,0.006986,0.004649,0.999959,0.001324,257.2014,246.608936,0.0068,0.005581,1.0
228,15-May-95,24:00:00,472.580137,0.002868,45.436939,45.325615,0.0,0.0,0.996234,0.002868,105.177248,103.6161,0.0,0.0,0.99998,0.002867,86.519198,86.519198,0.0,0.0,0.999982
229,16-May-95,24:00:00,383.143443,0.003053,42.689515,42.686056,0.0,0.0,0.991197,0.003052,63.874938,63.873314,0.0,0.0,0.994945,0.003052,78.682454,78.682454,0.0,0.0,0.994951
230,17-May-95,24:00:00,362.416249,0.003612,40.200212,40.200212,0.0,0.0,0.979719,0.003612,54.362305,54.362305,0.0,0.0,0.983469,0.003611,74.097093,74.097093,0.0,0.0,0.983477
231,18-May-95,24:00:00,352.579575,0.00389,37.859133,37.859133,0.0,0.0,0.967014,0.003889,50.582087,50.582087,0.0,0.0,0.970765,0.003889,69.782009,69.782009,0.0,0.0,0.970776
232,19-May-95,24:00:00,345.130803,0.002724,35.654387,35.654387,0.0,0.0,0.955472,0.002724,47.583623,47.583623,0.0,0.0,0.959223,0.002724,65.71822,65.71822,0.0,0.0,0.959237
233,20-May-95,24:00:00,337.129493,0.001854,33.578036,33.578036,0.0,0.0,0.947811,0.001853,44.80854,44.80854,0.0,0.0,0.951563,0.001853,61.891086,61.891086,0.0,0.0,0.951579
234,21-May-95,24:00:00,330.669712,0.002647,31.622603,31.622603,0.0,0.0,0.940163,0.002647,42.198808,42.198808,0.0,0.0,0.943915,0.002646,58.286828,58.286828,0.0,0.0,0.943933
235,22-May-95,24:00:00,317.429529,0.003889,29.781045,29.781045,0.0,0.0,0.928995,0.003889,39.74132,39.74132,0.0,0.0,0.932747,0.003889,54.892466,54.892466,0.0,0.0,0.932767
236,23-May-95,24:00:00,303.994428,0.003806,28.046731,28.046731,0.0,0.0,0.915695,0.003805,37.426963,37.426963,0.0,0.0,0.919448,0.003804,51.695776,51.695776,0.0,0.0,0.919468
237,24-May-95,24:00:00,303.6563,0.004161,26.413416,26.413416,0.0,0.0,0.9019,0.004161,35.247386,35.247386,0.0,0.0,0.905654,0.00416,48.685247,48.685247,0.0,0.0,0.905677
238,25-May-95,24:00:00,313.649236,0.003213,24.875217,24.875217,0.0,0.0,0.889389,0.003212,33.194736,33.194736,0.0,0.0,0.893144,0.003212,45.850037,45.850037,0.0,0.0,0.893167
239,26-May-95,24:00:00,318.653565,0.003997,23.426597,23.426597,0.0,0.0,0.877049,0.003997,31.261625,31.261625,0.0,0.0,0.880805,0.003997,43.179938,43.179938,0.0,0.0,0.88083
240,27-May-95,24:00:00,315.955255,0.004079,22.062337,22.062337,0.0,0.0,0.863172,0.004079,29.441088,29.441088,0.0,0.0,0.866928,0.004079,40.665332,40.665332,0.0,0.0,0.866955
241,28-May-95,24:00:00,312.151838,0.004572,20.777526,20.777526,0.0,0.0,0.848481,0.004572,27.726572,27.726572,0.0,0.0,0.852237,0.004572,38.297167,38.297167,0.0,0.0,0.852263
242,29-May-95,24:00:00,280.138548,0.003844,19.567536,19.567536,0.0,0.0,0.833988,0.003844,26.111901,26.111901,0.0,0.0,0.837744,0.003843,36.066912,36.066912,0.0,0.0,0.837771
243,30-May-95,24:00:00,234.536921,0.003922,18.428011,18.428011,0.0,0.0,0.820664,0.003922,24.591262,24.591262,0.0,0.0,0.824421,0.003921,33.966538,33.966538,0.0,0.0,0.824449
244,31-May-95,24:00:00,212.370005,0.002356,17.354847,17.354847,0.0,0.0,0.809929,0.002355,23.159177,23.159177,0.0,0.0,0.813686,0.002356,31.98848,31.98848,0.0,0.0,0.813715
245,01-Jun-95,24:00:00,206.838347,0.00284,16.344179,16.344179,0.0,0.0,0.801017,0.00284,21.810491,21.810491,0.0,0.0,0.804774,0.00284,30.125615,30.125615,0.0,0.0,0.804804
246,02-Jun-95,24:00:00,209.606857,0.003537,15.392367,15.392367,0.0,0.0,0.790209,0.003537,20.540347,20.540347,0.0,0.0,0.793966,0.003538,28.371235,28.371235,0.0,0.0,0.793995
247,03-Jun-95,24:00:00,219.017324,0.003752,14.495985,14.495985,0.0,0.0,0.777513,0.003752,19.344169,19.344169,0.0,0.0,0.781269,0.003752,26.719022,26.719022,0.0,0.0,0.781298
248,04-Jun-95,24:00:00,217.612322,0.003623,13.651804,13.651804,0.0,0.0,0.76495,0.003623,18.217652,18.217652,0.0,0.0,0.768706,0.003623,25.163026,25.163026,0.0,0.0,0.768735
249,05-Jun-95,24:00:00,210.204041,0.002766,12.856785,12.856785,0.0,0.0,0.753634,0.002766,17.156738,17.156738,0.0,0.0,0.757391,0.002765,23.697645,23.697645,0.0,0.0,0.75742
250,06-Jun-95,24:00:00,204.902441,0.003702,12.108064,12.108064,0.0,0.0,0.74244,0.003702,16.157607,16.157607,0.0,0.0,0.746196,0.003701,22.317601,22.317601,0.0,0.0,0.746228
251,07-Jun-95,24:00:00,195.630902,0.004042,11.402945,11.402945,0.0,0.0,0.729936,0.004042,15.216661,15.216661,0.0,0.0,0.733693,0.004041,21.017924,21.017924,0.0,0.0,0.733725
252,08-Jun-95,24:00:00,191.646295,0.002933,10.738888,10.738888,0.0,0.0,0.717663,0.002933,14.330511,14.330511,0.0,0.0,0.72142,0.002933,19.793935,19.793935,0.0,0.0,0.721453
253,09-Jun-95,24:00:00,195.436942,0.00358,10.113504,10.113504,0.0,0.0,0.706669,0.00358,13.495966,13.495966,0.0,0.0,0.710427,0.003579,18.641225,18.641225,0.0,0.0,0.710462
254,10-Jun-95,24:00:00,193.609478,0.00409,9.524539,9.524539,0.0,0.0,0.693473,0.004089,12.710022,12.710022,0.0,0.0,0.697231,0.004089,17.555644,17.555644,0.0,0.0,0.697268
255,11-Jun-95,24:00:00,191.279972,0.004124,8.969873,8.969873,0.0,0.0,0.679395,0.004124,11.969848,11.969848,0.0,0.0,0.683154,0.004124,16.533283,16.533283,0.0,0.0,0.683192
256,12-Jun-95,24:00:00,192.939749,0.002755,8.447508,8.447508,0.0,0.0,0.667231,0.002755,11.272778,11.272778,0.0,0.0,0.670989,0.002755,15.570459,15.570459,0.0,0.0,0.671028
257,13-Jun-95,24:00:00,198.346036,0.000941,7.99825,7.955563,0.006039,0.0,0.663551,0.000942,12.895364,10.616302,0.011321,0.0,0.671465,0.000941,20.951575,14.663705,0.020156,0.0,0.676442
258,14-Jun-95,24:00:00,234.352503,0.002582,8.357187,7.492267,0.00103,0.0,0.684037,0.002582,33.032908,9.998056,0.001604,0.0,0.710404,0.002582,36.400961,13.809757,0.005833,0.0,0.754361
259,15-Jun-95,24:00:00,179.709214,0.001818,7.135243,7.055951,0.0,0.0,0.68385,0.001818,10.810269,9.415814,0.0,0.0,0.710217,0.001818,13.005539,13.005539,0.0,0.0,0.755062
260,16-Jun-95,24:00:00,167.404928,0.001685,6.646143,6.645044,0.0,0.0,0.680565,0.001685,8.86748,8.86748,0.0,0.0,0.706931,0.001685,12.248155,12.248155,0.0,0.0,0.751816
261,17-Jun-95,24:00:00,170.13424,0.002468,6.258067,6.258067,0.0,0.0,0.67357,0.002468,8.351078,8.351078,0.0,0.0,0.699936,0.002467,11.534878,11.534878,0.0,0.0,0.744823
262,18-Jun-95,24:00:00,169.155222,0.003404,5.893625,5.893625,0.0,0.0,0.663383,0.003404,7.864749,7.864749,0.0,0.0,0.68975,0.003403,10.863138,10.863138,0.0,0.0,0.734639
263,19-Jun-95,24:00:00,174.13356,0.003866,5.550407,5.550407,0.0,0.0,0.65096,0.003866,7.406741,7.406741,0.0,0.0,0.677327,0.003866,10.230518,10.230518,0.0,0.0,0.722219
264,20-Jun-95,24:00:00,187.429897,0.004152,5.227176,5.227176,0.0,0.0,0.637244,0.004152,6.975406,6.975406,0.0,0.0,0.663611,0.004152,9.634739,9.634739,0.0,0.0,0.708503
265,21-Jun-95,24:00:00,195.920168,0.004454,4.922769,4.922769,0.0,0.0,0.622522,0.004454,6.56919,6.56919,0.0,0.0,0.648889,0.004454,9.073655,9.073655,0.0,0.0,0.69378
266,22-Jun-95,24:00:00,203.405667,0.004793,4.636089,4.636089,0.0,0.0,0.606823,0.004793,6.18663,6.18663,0.0,0.0,0.63319,0.004793,8.545246,8.545246,0.0,0.0,0.678081
267,23-Jun-95,24:00:00,209.164016,0.003736,4.366104,4.366104,0.0,0.0,0.592477,0.003736,5.826348,5.826348,0.0,0.0,0.618844,0.003736,8.04761,8.04761,0.0,0.0,0.663735
268,24-Jun-95,24:00:00,208.446558,0.0047,4.111842,4.111842,0.0,0.0,0.577648,0.0047,5.487048,5.487048,0.0,0.0,0.604015,0.0047,7.578953,7.578953,0.0,0.0,0.648908
269,25-Jun-95,24:00:00,207.441406,0.004894,3.872387,3.872387,0.0,0.0,0.561306,0.004894,5.167507,5.167507,0.0,0.0,0.587673,0.004894,7.137589,7.137589,0.0,0.0,0.632566
270,26-Jun-95,24:00:00,206.484284,0.004118,3.646876,3.646876,0.0,0.0,0.545834,0.004118,4.866575,4.866575,0.0,0.0,0.572201,0.004118,6.721928,6.721928,0.0,0.0,0.617095
271,27-Jun-95,24:00:00,205.58256,0.004027,3.434499,3.434499,0.0,0.0,0.531959,0.004027,4.583167,4.583167,0.0,0.0,0.558327,0.004026,6.330473,6.330473,0.0,0.0,0.603223
272,28-Jun-95,24:00:00,204.733338,0.004034,3.234489,3.234489,0.0,0.0,0.51803,0.004034,4.316264,4.316264,0.0,0.0,0.544399,0.004033,5.961815,5.961815,0.0,0.0,0.589298
273,29-Jun-95,24:00:00,203.93357,0.003143,3.046127,3.046127,0.0,0.0,0.505768,0.003143,4.064904,4.064904,0.0,0.0,0.532137,0.003143,5.614626,5.614626,0.0,0.0,0.577038
274,30-Jun-95,24:00:00,203.180378,0.00325,2.868734,2.868734,0.0,0.0,0.494641,0.003251,3.828183,3.828183,0.0,0.0,0.52101,0.003251,5.287655,5.287655,0.0,0.0,0.565911
275,01-Jul-95,24:00:00,202.509264,0.003215,2.701672,2.701672,0.0,0.0,0.483861,0.003214,3.605247,3.605247,0.0,0.0,0.510229,0.003215,4.979726,4.979726,0.0,0.0,0.55513
276,02-Jul-95,24:00:00,201.858077,0.004477,2.544339,2.544339,0.0,0.0,0.470814,0.004477,3.395293,3.395293,0.0,0.0,0.497181,0.004477,4.689729,4.689729,0.0,0.0,0.542082
277,03-Jul-95,24:00:00,201.226383,0.004634,2.396168,2.396168,0.0,0.0,0.454952,0.004634,3.197567,3.197567,0.0,0.0,0.481318,0.004634,4.41662,4.41662,0.0,0.0,0.526219
278,04-Jul-95,24:00:00,200.630865,0.004363,2.256626,2.256626,0.0,0.0,0.439569,0.004363,3.011355,3.011355,0.0,0.0,0.465935,0.004363,4.159416,4.159416,0.0,0.0,0.510836
279,05-Jul-95,24:00:00,202.934029,0.004392,2.12521,2.12521,0.0,0.0,0.424259,0.004392,2.835987,2.835987,0.0,0.0,0.450625,0.004392,3.917191,3.917191,0.0,0.0,0.495527
280,06-Jul-95,24:00:00,210.796312,0.004244,2.001448,2.001448,0.0,0.0,0.409563,0.004244,2.670832,2.670832,0.0,0.0,0.435929,0.004244,3.689071,3.689071,0.0,0.0,0.480832
281,07-Jul-95,24:00:00,213.918865,0.003098,1.884892,1.884892,0.0,0.0,0.397028,0.003098,2.515295,2.515295,0.0,0.0,0.423394,0.003097,3.474236,3.474236,0.0,0.0,0.4683
282,08-Jul-95,24:00:00,213.514019,0.002956,1.775125,1.775125,0.0,0.0,0.386715,0.002956,2.368815,2.368815,0.0,0.0,0.413081,0.002956,3.271912,3.271912,0.0,0.0,0.457989
283,09-Jul-95,24:00:00,213.076829,0.003119,1.671749,1.671749,0.0,0.0,0.375959,0.003119,2.230866,2.230866,0.0,0.0,0.402326,0.003118,3.081371,3.081371,0.0,0.0,0.447236
284,10-Jul-95,24:00:00,212.664709,0.003079,1.574394,1.574394,0.0,0.0,0.365374,0.003079,2.100951,2.100951,0.0,0.0,0.391741,0.003078,2.901926,2.901926,0.0,0.0,0.436654
285,11-Jul-95,24:00:00,212.276586,0.003178,1.482709,1.482709,0.0,0.0,0.354741,0.003178,1.978601,1.978601,0.0,0.0,0.381109,0.003177,2.732931,2.732931,0.0,0.0,0.426024
286,12-Jul-95,24:00:00,211.911066,0.004671,1.396362,1.396362,0.0,0.0,0.341731,0.004671,1.863376,1.863376,0.0,0.0,0.368099,0.00467,2.573777,2.573777,0.0,0.0,0.413016
287,13-Jul-95,24:00:00,216.982731,0.004644,1.315044,1.315044,0.0,0.0,0.32551,0.004644,1.754861,1.754861,0.0,0.0,0.351878,0.004644,2.423892,2.423892,0.0,0.0,0.396796
288,14-Jul-95,24:00:00,224.395491,0.004615,1.238462,1.238462,0.0,0.0,0.309503,0.004615,1.652666,1.652666,0.0,0.0,0.335872,0.004615,2.282735,2.282735,0.0,0.0,0.38079
289,15-Jul-95,24:00:00,226.890628,0.00508,1.16634,1.16634,0.0,0.0,0.293331,0.00508,1.556422,1.556422,0.0,0.0,0.3197,0.00508,2.149799,2.149799,0.0,0.0,0.364618
290,16-Jul-95,24:00:00,225.44595,0.002321,1.098417,1.098417,0.0,0.0,0.280038,0.002321,1.465783,1.465783,0.0,0.0,0.306406,0.002321,2.024605,2.024605,0.0,0.0,0.351324
291,17-Jul-95,24:00:00,223.836423,0.00364,1.03445,1.03445,0.0,0.0,0.270604,0.003639,1.380423,1.380423,0.0,0.0,0.296973,0.003639,4.547773,1.906701,0.00279,0.0,0.34548
292,18-Jul-95,24:00:00,224.534221,0.00406,0.974209,0.974209,0.0,0.0,0.263383,0.004059,1.300033,1.300033,0.0,0.0,0.291651,0.004059,2.255423,1.795663,0.0,0.0,0.346755
293,19-Jul-95,24:00:00,221.939758,0.003623,0.917475,0.917475,0.0,0.0,0.253255,0.003623,1.224325,1.224325,0.0,0.0,0.284012,0.003624,1.691092,1.691092,0.0,0.0,0.34026
294,20-Jul-95,24:00:00,221.658082,0.003597,0.864046,0.864046,0.0,0.0,0.240739,0.003597,1.153026,1.153026,0.0,0.0,0.271496,0.003597,1.59261,1.59261,0.0,0.0,0.327742
295,21-Jul-95,24:00:00,221.444665,0.002947,0.813727,0.813727,0.0,0.0,0.229502,0.002947,1.085879,1.085879,0.0,0.0,0.260259,0.002948,1.499864,1.499864,0.0,0.0,0.316503
296,22-Jul-95,24:00:00,221.244061,0.00368,0.76634,0.76634,0.0,0.0,0.218161,0.00368,1.022642,1.022642,0.0,0.0,0.248917,0.00368,1.412518,1.412518,0.0,0.0,0.30516
297,23-Jul-95,24:00:00,221.055141,0.002873,0.721711,0.721711,0.0,0.0,0.206901,0.002873,0.963088,0.963088,0.0,0.0,0.237656,0.002873,1.33026,1.33026,0.0,0.0,0.293899
298,24-Jul-95,24:00:00,219.67369,0.003245,0.679682,0.679682,0.0,0.0,0.196419,0.003246,0.907002,0.907002,0.0,0.0,0.227171,0.003246,1.252791,1.252791,0.0,0.0,0.283414
299,25-Jul-95,24:00:00,219.926427,0.004471,0.640101,0.640101,0.0,0.0,0.183377,0.004471,0.854182,0.854182,0.0,0.0,0.214129,0.00447,1.179834,1.179834,0.0,0.0,0.270373
300,26-Jul-95,24:00:00,226.5564,0.004609,0.602824,0.602824,0.0,0.0,0.167711,0.004609,0.804439,0.804439,0.0,0.0,0.198464,0.004609,1.111126,1.111126,0.0,0.0,0.254709
301,27-Jul-95,24:00:00,241.168833,0.004462,0.567718,0.567718,0.0,0.0,0.152085,0.004462,0.757592,0.757592,0.0,0.0,0.182838,0.004462,1.046419,1.046419,0.0,0.0,0.239083
302,28-Jul-95,24:00:00,248.143802,0.003971,0.534657,0.534657,0.0,0.0,0.137673,0.003971,0.713473,0.713473,0.0,0.0,0.168425,0.003971,0.98548,0.98548,0.0,0.0,0.22467
303,29-Jul-95,24:00:00,248.130665,0.003882,0.503521,0.503521,0.0,0.0,0.123802,0.003882,0.671924,0.671924,0.0,0.0,0.154555,0.003882,0.928091,0.928091,0.0,0.0,0.210799
304,30-Jul-95,24:00:00,243.795,0.004299,0.474198,0.474198,0.0,0.0,0.110109,0.004299,0.632794,0.632794,0.0,0.0,0.140861,0.004299,0.874043,0.874043,0.0,0.0,0.197106
305,31-Jul-95,24:00:00,240.334997,0.004584,0.446583,0.446583,0.0,0.0,0.094944,0.004584,0.595943,0.595943,0.0,0.0,0.125697,0.004584,0.823142,0.823142,0.0,0.0,0.181941
306,01-Aug-95,24:00:00,242.194381,0.004591,0.420576,0.420576,0.0,0.0,0.079173,0.004592,0.561238,0.561238,0.0,0.0,0.109926,0.004592,0.775206,0.775206,0.0,0.0,0.16617
307,02-Aug-95,24:00:00,241.243225,0.004306,0.396084,0.396084,0.0,0.0,0.063896,0.004306,0.528554,0.528554,0.0,0.0,0.094649,0.004306,0.730062,0.730062,0.0,0.0,0.150893
308,03-Aug-95,24:00:00,237.800022,0.004475,0.373017,0.373017,0.0,0.0,0.04921,0.004475,0.497773,0.497773,0.0,0.0,0.079962,0.004475,0.687546,0.687546,0.0,0.0,0.136207
309,04-Aug-95,24:00:00,238.31242,0.003801,0.351295,0.351295,0.0,0.0,0.034638,0.003801,0.468785,0.468785,0.0,0.0,0.06539,0.003801,0.647507,0.647507,0.0,0.0,0.121635
310,05-Aug-95,24:00:00,239.380794,0.004096,0.330837,0.330837,0.0,0.0,0.021373,0.004096,0.441485,0.441485,0.0,0.0,0.052125,0.004096,0.609799,0.609799,0.0,0.0,0.108369
311,06-Aug-95,24:00:00,237.513498,0.004266,0.31157,0.31157,0.0,0.0,0.007081,0.004266,0.415775,0.415775,0.0,0.0,0.037646,0.004266,0.574287,0.574287,0.0,0.0,0.093891
312,07-Aug-95,24:00:00,235.6602,0.004083,0.293426,0.293426,0.0,0.0,0.0,0.004083,0.391562,0.391562,0.0,0.0,0.023155,0.004083,0.540843,0.540843,0.0,0.0,0.079399
313,08-Aug-95,24:00:00,238.185376,0.004512,0.276338,0.276338,0.0,0.0,0.0,0.004512,0.368759,0.368759,0.0,0.0,0.008697,0.004512,0.509347,0.509347,0.0,0.0,0.064941
314,09-Aug-95,24:00:00,243.077481,0.00346,0.260245,0.260245,0.0,0.0,0.0,0.00346,0.347285,0.347285,0.0,0.0,6.1e-05,0.003459,0.479685,0.479685,0.0,0.0,0.050961
315,10-Aug-95,24:00:00,246.207748,0.003837,0.24509,0.24509,0.0,0.0,0.0,0.003837,0.32706,0.32706,0.0,0.0,0.0,0.003837,0.45175,0.45175,0.0,0.0,0.038558
316,11-Aug-95,24:00:00,246.963633,0.004263,0.230817,0.230817,0.0,0.0,0.0,0.004263,0.308014,0.308014,0.0,0.0,0.0,0.004263,0.425442,0.425442,0.0,0.0,0.024813
317,12-Aug-95,24:00:00,246.920097,0.00345,0.217375,0.217375,0.0,0.0,0.0,0.003449,0.290076,0.290076,0.0,0.0,0.0,0.003448,0.400666,0.400666,0.0,0.0,0.011422
318,13-Aug-95,24:00:00,246.866602,0.004323,0.204716,0.204716,0.0,0.0,0.0,0.004323,0.273184,0.273184,0.0,0.0,0.0,0.004323,0.377333,0.377333,0.0,0.0,0.002101
319,14-Aug-95,24:00:00,246.816136,0.00418,0.192794,0.192794,0.0,0.0,0.0,0.00418,0.257275,0.257275,0.0,0.0,0.0,0.00418,0.355359,0.355359,0.0,0.0,0.0
320,15-Aug-95,24:00:00,245.565074,0.003815,0.181567,0.181567,0.0,0.0,0.0,0.003815,0.242292,0.242292,0.0,0.0,0.0,0.003815,0.334664,0.334664,0.0,0.0,0.0
321,16-Aug-95,24:00:00,243.533541,0.00364,0.170993,0.170993,0.0,0.0,0.0,0.00364,0.228182,0.228182,0.0,0.0,0.0,0.003639,0.315175,0.315175,0.0,0.0,0.0
322,17-Aug-95,24:00:00,242.695012,0.00385,0.161036,0.161036,0.0,0.0,0.0,0.003849,0.214894,0.214894,0.0,0.0,0.0,0.003849,0.296821,0.296821,0.0,0.0,0.0
323,18-Aug-95,24:00:00,242.642088,0.003437,0.151657,0.151657,0.0,0.0,0.0,0.003436,0.202379,0.202379,0.0,0.0,0.0,0.003435,0.279535,0.279535,0.0,0.0,0.0
324,19-Aug-95,24:00:00,243.206375,0.004228,0.142826,0.142826,0.0,0.0,0.0,0.004227,0.190594,0.190594,0.0,0.0,0.0,0.004226,0.263256,0.263256,0.0,0.0,0.0
325,20-Aug-95,24:00:00,245.368085,0.003661,0.134508,0.134508,0.0,0.0,0.0,0.00366,0.179494,0.179494,0.0,0.0,0.0,0.00366,0.247926,0.247926,0.0,0.0,0.0
326,21-Aug-95,24:00:00,246.516353,0.003503,0.126675,0.126675,0.0,0.0,0.0,0.003502,0.169041,0.169041,0.0,0.0,0.0,0.003501,0.233488,0.233488,0.0,0.0,0.0
327,22-Aug-95,24:00:00,245.301339,0.004052,0.119298,0.119298,0.0,0.0,0.0,0.004051,0.159197,0.159197,0.0,0.0,0.0,0.004051,0.21989,0.21989,0.0,0.0,0.0
328,23-Aug-95,24:00:00,257.125926,0.003555,0.112351,0.112351,0.0,0.0,0.0,0.003555,0.149926,0.149926,0.0,0.0,0.0,0.003554,0.207085,0.207085,0.0,0.0,0.0
329,24-Aug-95,24:00:00,274.335617,0.003367,0.105808,0.105808,0.0,0.0,0.0,0.003367,0.141195,0.141195,0.0,0.0,0.0,0.003366,0.195025,0.195025,0.0,0.0,0.0
330,25-Aug-95,24:00:00,278.516352,0.003943,0.099646,0.099646,0.0,0.0,0.0,0.003943,0.132973,0.132973,0.0,0.0,0.0,0.003942,0.183668,0.183668,0.0,0.0,0.0
331,26-Aug-95,24:00:00,276.814631,0.003764,0.093843,0.093843,0.0,0.0,0.0,0.003763,0.125229,0.125229,0.0,0.0,0.0,0.003762,0.172972,0.172972,0.0,0.0,0.0
332,27-Aug-95,24:00:00,276.380869,0.003881,0.088378,0.088378,0.0,0.0,0.0,0.003881,0.117936,0.117936,0.0,0.0,0.0,0.00388,0.162899,0.162899,0.0,0.0,0.0
333,28-Aug-95,24:00:00,276.352381,0.003537,0.083231,0.083231,0.0,0.0,0.0,0.003537,0.111068,0.111068,0.0,0.0,0.0,0.003536,0.153412,0.153412,0.0,0.0,0.0
334,29-Aug-95,24:00:00,275.73005,0.003535,0.078384,0.078384,0.0,0.0,0.0,0.003535,0.1046,0.1046,0.0,0.0,0.0,0.003534,0.144478,0.144478,0.0,0.0,0.0
335,30-Aug-95,24:00:00,274.115572,0.003624,0.07382,0.07382,0.0,0.0,0.0,0.003623,0.098508,0.098508,0.0,0.0,0.0,0.003621,0.136064,0.136064,0.0,0.0,0.0
336,31-Aug-95,24:00:00,272.104034,0.003446,0.069521,0.069521,0.0,0.0,0.0,0.003445,0.092772,0.092772,0.0,0.0,0.0,0.003445,0.128141,0.128141,0.0,0.0,0.0
337,01-Sep-95,24:00:00,271.290475,0.003267,0.065472,0.065472,0.0,0.0,0.0,0.003267,0.087369,0.087369,0.0,0.0,0.0,0.003266,0.120678,0.120678,0.0,0.0,0.0
338,02-Sep-95,24:00:00,271.261108,0.003346,0.061659,0.061659,0.0,0.0,0.0,0.003345,0.082281,0.082281,0.0,0.0,0.0,0.003344,0.113651,0.113651,0.0,0.0,0.0
339,03-Sep-95,24:00:00,269.440516,0.003529,0.058068,0.058068,0.0,0.0,0.0,0.003528,0.07749,0.07749,0.0,0.0,0.0,0.003527,0.107032,0.107032,0.0,0.0,0.0
340,04-Sep-95,24:00:00,243.57891,0.00363,0.054687,0.054687,0.0,0.0,0.0,0.003629,0.072977,0.072977,0.0,0.0,0.0,0.003628,0.100799,0.100799,0.0,0.0,0.0
341,05-Sep-95,24:00:00,214.852203,0.00375,0.051502,0.051502,0.0,0.0,0.0,0.003749,0.068727,0.068727,0.0,0.0,0.0,0.003748,0.094929,0.094929,0.0,0.0,0.0
342,06-Sep-95,24:00:00,217.779661,0.003394,0.048503,0.048503,0.0,0.0,0.0,0.003393,0.064725,0.064725,0.0,0.0,0.0,0.003393,0.089401,0.089401,0.0,0.0,0.0
343,07-Sep-95,24:00:00,223.86516,0.003447,0.045678,0.045678,0.0,0.0,0.0,0.003447,0.060955,0.060955,0.0,0.0,0.0,0.003446,0.084194,0.084194,0.0,0.0,0.0
344,08-Sep-95,24:00:00,228.610358,0.003012,0.043018,0.043018,0.0,0.0,0.0,0.003012,0.057406,0.057406,0.0,0.0,0.0,0.003012,0.079291,0.079291,0.0,0.0,0.0
345,09-Sep-95,24:00:00,232.112067,0.002651,0.040513,0.040513,0.0,0.0,0.0,0.002651,0.054063,0.054063,0.0,0.0,0.0,0.002651,0.074674,0.074674,0.0,0.0,0.0
346,10-Sep-95,24:00:00,230.957564,0.003471,0.038154,0.038154,0.0,0.0,0.0,0.003471,0.050914,0.050914,0.0,0.0,0.0,0.003471,0.070325,0.070325,0.0,0.0,0.0
347,11-Sep-95,24:00:00,230.16533,0.003137,0.035932,0.035932,0.0,0.0,0.0,0.003137,0.047949,0.047949,0.0,0.0,0.0,0.003137,0.06623,0.06623,0.0,0.0,0.0
348,12-Sep-95,24:00:00,225.329208,0.002921,0.033839,0.033839,0.0,0.0,0.0,0.002921,0.045157,0.045157,0.0,0.0,0.0,0.002921,0.062373,0.062373,0.0,0.0,0.0
349,13-Sep-95,24:00:00,229.409012,0.003254,0.031869,0.031869,0.0,0.0,0.0,0.003254,0.042527,0.042527,0.0,0.0,0.0,0.003253,0.05874,0.05874,0.0,0.0,0.0
350,14-Sep-95,24:00:00,228.63216,0.003241,0.030013,0.030013,0.0,0.0,0.0,0.003241,0.040051,0.040051,0.0,0.0,0.0,0.003241,0.05532,0.05532,0.0,0.0,0.0
351,15-Sep-95,24:00:00,220.966253,0.00267,0.028265,0.028265,0.0,0.0,0.0,0.00267,0.037718,0.037718,0.0,0.0,0.0,0.002671,0.052098,0.052098,0.0,0.0,0.0
352,16-Sep-95,24:00:00,220.566455,0.003525,0.026619,0.026619,0.0,0.0,0.0,0.003525,0.035522,0.035522,0.0,0.0,0.0,0.003525,0.049064,0.049064,0.0,0.0,0.0
353,17-Sep-95,24:00:00,220.274694,0.003164,0.025069,0.025069,0.0,0.0,0.0,0.003164,0.033453,0.033453,0.0,0.0,0.0,0.003164,0.046207,0.046207,0.0,0.0,0.0
354,18-Sep-95,24:00:00,218.517831,0.00297,0.023609,0.023609,0.0,0.0,0.0,0.00297,0.031505,0.031505,0.0,0.0,0.0,0.00297,0.043516,0.043516,0.0,0.0,0.0
355,19-Sep-95,24:00:00,212.083206,0.003369,0.022234,0.022234,0.0,0.0,0.0,0.003369,0.02967,0.02967,0.0,0.0,0.0,0.003369,0.040982,0.040982,0.0,0.0,0.0
356,20-Sep-95,24:00:00,212.367186,0.002592,0.020939,0.020939,0.0,0.0,0.0,0.002591,0.027942,0.027942,0.0,0.0,0.0,0.00259,0.038595,0.038595,0.0,0.0,0.0
357,21-Sep-95,24:00:00,226.471212,0.001938,0.01972,0.01972,0.0,0.0,0.0,0.001938,0.026315,0.026315,0.0,0.0,0.0,0.001936,0.036348,0.036348,0.0,0.0,0.0
358,22-Sep-95,24:00:00,235.757943,0.00278,0.018571,0.018571,0.0,0.0,0.0,0.00278,0.024783,0.024783,0.0,0.0,0.0,0.00278,0.034231,0.034231,0.0,0.0,0.0
359,23-Sep-95,24:00:00,238.256852,0.002271,0.01749,0.01749,0.0,0.0,0.0,0.00227,0.02334,0.02334,0.0,0.0,0.0,0.002268,0.032237,0.032237,0.0,0.0,0.0
360,24-Sep-95,24:00:00,228.826324,0.002624,0.016471,0.016471,0.0,0.0,0.0,0.002624,0.02198,0.02198,0.0,0.0,0.0,0.002623,0.03036,0.03036,0.0,0.0,0.0
361,25-Sep-95,24:00:00,219.770932,0.002747,0.015512,0.015512,0.0,0.0,0.0,0.002747,0.0207,0.0207,0.0,0.0,0.0,0.002746,0.028592,0.028592,0.0,0.0,0.0
362,26-Sep-95,24:00:00,216.885546,0.002469,0.014609,0.014609,0.0,0.0,0.0,0.002468,0.019495,0.019495,0.0,0.0,0.0,0.002466,0.026927,0.026927,0.0,0.0,0.0
363,27-Sep-95,24:00:00,218.478722,0.002551,0.013758,0.013758,0.0,0.0,0.0,0.00255,0.018359,0.018359,0.0,0.0,0.0,0.002548,0.025359,0.025359,0.0,0.0,0.0
364,28-Sep-95,24:00:00,228.453221,0.002556,0.012957,0.012957,0.0,0.0,0.0,0.002556,0.01729,0.01729,0.0,0.0,0.0,0.002555,0.023882,0.023882,0.0,0.0,0.0
365,29-Sep-95,24:00:00,233.958884,0.002417,0.012202,0.012202,0.0,0.0,0.0,0.002417,0.016283,0.016283,0.0,0.0,0.0,0.002417,0.022491,0.022491,0.0,0.0,0.0
366,30-Sep-95,24:00:00,232.844466,0.002575,0.011492,0.011492,0.0,0.0,0.0,0.002575,0.015335,0.015335,0.0,0.0,0.0,0.002575,0.021181,0.021181,0.0,0.0,0.0
367,01-Oct-95,24:00:00,227.84667,0.002638,0.010822,0.010822,0.0,0.0,0.0,0.002638,0.014442,0.014442,0.0,0.0,0.0,0.002638,0.019948,0.019948,0.0,0.0,0.0
368,02-Oct-95,24:00:00,222.682465,0.003203,0.010192,0.010192,0.0,0.0,0.0,0.003203,0.013601,0.013601,0.0,0.0,0.0,0.003203,0.018786,0.018786,0.0,0.0,0.0
369,03-Oct-95,24:00:00,218.660344,0.002927,0.009599,0.009599,0.0,0.0,0.0,0.002927,0.012809,0.012809,0.0,0.0,0.0,0.002925,0.017692,0.017692,0.0,0.0,0.0
370,04-Oct-95,24:00:00,215.259607,0.002362,0.00904,0.00904,0.0,0.0,0.0,0.002361,0.012063,0.012063,0.0,0.0,0.0,0.00236,0.016662,0.016662,0.0,0.0,0.0
371,05-Oct-95,24:00:00,214.056064,0.002351,0.008513,0.008513,0.0,0.0,0.0,0.00235,0.011361,0.011361,0.0,0.0,0.0,0.002349,0.015692,0.015692,0.0,0.0,0.0
372,06-Oct-95,24:00:00,214.034079,0.002312,0.008017,0.008017,0.0,0.0,0.0,0.002311,0.010699,0.010699,0.0,0.0,0.0,0.00231,0.014778,0.014778,0.0,0.0,0.0
373,07-Oct-95,24:00:00,214.031964,0.002376,0.007551,0.007551,0.0,0.0,0.0,0.002375,0.010076,0.010076,0.0,0.0,0.0,0.002374,0.013917,0.013917,0.0,0.0,0.0
374,08-Oct-95,24:00:00,215.233635,0.002295,0.007111,0.007111,0.0,0.0,0.0,0.002295,0.009489,0.009489,0.0,0.0,0.0,0.002294,0.013107,0.013107,0.0,0.0,0.0
375,09-Oct-95,24:00:00,217.218655,0.002314,0.006697,0.006697,0.0,0.0,0.0,0.002313,0.008936,0.008936,0.0,0.0,0.0,0.002312,0.012343,0.012343,0.0,0.0,0.0
376,10-Oct-95,24:00:00,214.402779,0.001667,0.006307,0.006307,0.0,0.0,0.0,0.001666,0.008416,0.008416,0.0,0.0,0.0,0.001665,0.011625,0.011625,0.0,0.0,0.0
377,11-Oct-95,24:00:00,215.675329,0.002072,0.00594,0.00594,0.0,0.0,0.0,0.002072,0.007926,0.007926,0.0,0.0,0.0,0.002071,0.010948,0.010948,0.0,0.0,0.0
378,12-Oct-95,24:00:00,217.984276,0.002026,0.005594,0.005594,0.0,0.0,0.0,0.002025,0.007464,0.007464,0.0,0.0,0.0,0.002023,0.01031,0.01031,0.0,0.0,0.0
379,13-Oct-95,24:00:00,218.022024,0.002147,0.005268,0.005268,0.0,0.0,0.0,0.002146,0.00703,0.00703,0.0,0.0,0.0,0.002145,0.00971,0.00971,0.0,0.0,0.0
380,14-Oct-95,24:00:00,218.021,0.0017,0.004961,0.004961,0.0,0.0,0.0,0.001699,0.00662,0.00662,0.0,0.0,0.0,0.001698,0.009144,0.009144,0.0,0.0,0.0
381,15-Oct-95,24:00:00,218.019778,0.002103,0.004672,0.004672,0.0,0.0,0.0,0.002103,0.006235,0.006235,0.0,0.0,0.0,0.002103,0.008612,0.008612,0.0,0.0,0.0
382,16-Oct-95,24:00:00,217.41686,0.002375,0.0044,0.0044,0.0,0.0,0.0,0.002374,0.005872,0.005872,0.0,0.0,0.0,0.002374,0.00811,0.00811,0.0,0.0,0.0
383,17-Oct-95,24:00:00,215.218855,0.001919,0.004144,0.004144,0.0,0.0,0.0,0.001919,0.00553,0.00553,0.0,0.0,0.0,0.001919,0.007638,0.007638,0.0,0.0,0.0
384,18-Oct-95,24:00:00,208.01874,0.002092,0.003903,0.003903,0.0,0.0,0.0,0.002092,0.005208,0.005208,0.0,0.0,0.0,0.002092,0.007193,0.007193,0.0,0.0,0.0
385,19-Oct-95,24:00:00,201.178334,0.001619,0.003675,0.003675,0.0,0.0,0.0,0.001618,0.004905,0.004905,0.0,0.0,0.0,0.001617,0.006774,0.006774,0.0,0.0,0.0
386,20-Oct-95,24:00:00,199.154103,0.002078,0.003461,0.003461,0.0,0.0,0.0,0.002078,0.004619,0.004619,0.0,0.0,0.0,0.002078,0.00638,0.00638,0.0,0.0,0.0
387,21-Oct-95,24:00:00,208.435234,0.001608,0.00326,0.00326,0.0,0.0,0.0,0.001607,0.00435,0.00435,0.0,0.0,0.0,0.001606,0.006008,0.006008,0.0,0.0,0.0
388,22-Oct-95,24:00:00,215.504783,0.001836,0.00307,0.00307,0.0,0.0,0.0,0.001834,0.004097,0.004097,0.0,0.0,0.0,0.001832,0.005658,0.005658,0.0,0.0,0.0
389,23-Oct-95,24:00:00,213.597791,0.001752,0.002891,0.002891,0.0,0.0,0.0,0.001752,0.003858,0.003858,0.0,0.0,0.0,0.001751,0.005329,0.005329,0.0,0.0,0.0
390,24-Oct-95,24:00:00,210.834395,0.001372,0.002723,0.002723,0.0,0.0,0.0,0.001371,0.003633,0.003633,0.0,0.0,0.0,0.00137,0.005018,0.005018,0.0,0.0,0.0
391,25-Oct-95,24:00:00,210.024266,0.00198,0.002564,0.002564,0.0,0.0,0.0,0.001979,0.003422,0.003422,0.0,0.0,0.0,0.001977,0.004726,0.004726,0.0,0.0,0.0
392,26-Oct-95,24:00:00,210.010316,0.001017,0.002415,0.002415,0.0,0.0,0.0,0.001015,0.003222,0.003222,0.0,0.0,0.0,0.001013,0.004451,0.004451,0.0,0.0,0.0
393,27-Oct-95,24:00:00,209.407861,0.001314,0.002274,0.002274,0.0,0.0,0.0,0.001312,0.003035,0.003035,0.0,0.0,0.0,0.00131,0.004192,0.004192,0.0,0.0,0.0
394,28-Oct-95,24:00:00,209.01568,0.001833,0.002142,0.002142,0.0,0.0,0.0,0.001832,0.002858,0.002858,0.0,0.0,0.0,0.001832,0.003948,0.003948,0.0,0.0,0.0
395,29-Oct-95,24:00:00,210.813884,0.001265,0.002017,0.002017,0.0,0.0,0.0,0.001264,0.002692,0.002692,0.0,0.0,0.0,0.001263,0.003718,0.003718,0.0,0.0,0.0
396,30-Oct-95,24:00:00,211.988202,0.000586,0.0019,0.0019,0.0,0.0,0.0,0.000586,0.002535,0.002535,0.0,0.0,0.0,0.000585,0.003501,0.003501,0.0,0.0,0.0
397,31-Oct-95,24:00:00,210.803901,0.001172,0.001789,0.001789,0.0,0.0,0.0,0.001171,0.002387,0.002387,0.0,0.0,0.0,0.001169,0.003297,0.003297,0.0,0.0,0.0
398,01-Nov-95,24:00:00,210.020358,0.0013,0.001685,0.001685,0.0,0.0,0.0,0.001299,0.002248,0.002248,0.0,0.0,0.0,0.001298,0.003105,0.003105,0.0,0.0,0.0
399,02-Nov-95,24:00:00,211.210342,0.001375,0.001587,0.001587,0.0,0.0,0.0,0.001374,0.002117,0.002117,0.0,0.0,0.0,0.001372,0.002924,0.002924,0.0,0.0,0.0
400,03-Nov-95,24:00:00,213.196632,0.00101,0.001494,0.001494,0.0,0.0,0.0,0.001008,0.001994,0.001994,0.0,0.0,0.0,0.001006,0.002754,0.002754,0.0,0.0,0.0
401,04-Nov-95,24:00:00,213.992638,0.001127,0.001407,0.001407,0.0,0.0,0.0,0.001126,0.001878,0.001878,0.0,0.0,0.0,0.001124,0.002594,0.002594,0.0,0.0,0.0
402,05-Nov-95,24:00:00,202.7283,0.001222,0.001325,0.001325,0.0,0.0,0.0,0.001221,0.001768,0.001768,0.0,0.0,0.0,0.001219,0.002443,0.002443,0.0,0.0,0.0
403,06-Nov-95,24:00:00,182.573688,0.001318,0.001248,0.001248,0.0,0.0,0.0,0.001317,0.001666,0.001666,0.0,0.0,0.0,0.001315,0.0023,0.0023,0.0,0.0,0.0
404,07-Nov-95,24:00:00,167.575525,0.001125,0.001175,0.001175,0.0,0.0,0.0,0.001124,0.001568,0.001568,0.0,0.0,0.0,0.001122,0.002166,0.002166,0.0,0.0,0.0
405,08-Nov-95,24:00:00,166.08916,0.001009,0.001107,0.001107,0.0,0.0,0.0,0.001008,0.001477,0.001477,0.0,0.0,0.0,0.001006,0.00204,0.00204,0.0,0.0,0.0
406,09-Nov-95,24:00:00,166.008274,0.001182,0.001042,0.001042,0.0,0.0,0.0,0.001181,0.001391,0.001391,0.0,0.0,0.0,0.00118,0.001922,0.001922,0.0,0.0,0.0
407,10-Nov-95,24:00:00,166.004349,0.001048,0.000982,0.000982,0.0,0.0,0.0,0.001047,0.00131,0.00131,0.0,0.0,0.0,0.001045,0.00181,0.00181,0.0,0.0,0.0
408,11-Nov-95,24:00:00,166.003952,0.001274,0.000925,0.000925,0.0,0.0,0.0,0.001273,0.001234,0.001234,0.0,0.0,0.0,0.001271,0.001704,0.001704,0.0,0.0,0.0
409,12-Nov-95,24:00:00,167.29952,0.001396,0.000871,0.000871,0.0,0.0,0.0,0.001394,0.001162,0.001162,0.0,0.0,0.0,0.001393,0.001605,0.001605,0.0,0.0,0.0
410,13-Nov-95,24:00:00,169.271067,0.001315,0.00082,0.00082,0.0,0.0,0.0,0.001314,0.001094,0.001094,0.0,0.0,0.0,0.001312,0.001512,0.001512,0.0,0.0,0.0
411,14-Nov-95,24:00:00,170.371573,0.001065,0.000772,0.000772,0.0,0.0,0.0,0.001064,0.001031,0.001031,0.0,0.0,0.0,0.001063,0.001424,0.001424,0.0,0.0,0.0
412,15-Nov-95,24:00:00,171.808826,0.001074,0.000727,0.000727,0.0,0.0,0.0,0.001073,0.000971,0.000971,0.0,0.0,0.0,0.001071,0.001341,0.001341,0.0,0.0,0.0
413,16-Nov-95,24:00:00,172.890238,0.000993,0.000685,0.000685,0.0,0.0,0.0,0.000992,0.000914,0.000914,0.0,0.0,0.0,0.00099,0.001263,0.001263,0.0,0.0,0.0
414,17-Nov-95,24:00:00,172.996701,0.001003,0.000645,0.000645,0.0,0.0,0.0,0.001002,0.000861,0.000861,0.0,0.0,0.0,0.001,0.001189,0.001189,0.0,0.0,0.0
415,18-Nov-95,24:00:00,173.002319,0.000636,0.000608,0.000608,0.0,0.0,0.0,0.000635,0.000811,0.000811,0.0,0.0,0.0,0.000633,0.00112,0.00112,0.0,0.0,0.0
416,19-Nov-95,24:00:00,173.866299,0.001288,0.000572,0.000572,0.0,0.0,0.0,0.001286,0.000764,0.000764,0.0,0.0,0.0,0.001284,0.001055,0.001055,0.0,0.0,0.0
417,20-Nov-95,24:00:00,175.75659,0.000362,0.000539,0.000539,0.0,0.0,0.0,0.000362,0.000719,0.000719,0.0,0.0,0.0,0.000361,0.000993,0.000993,0.0,0.0,0.0
418,21-Nov-95,24:00:00,176.886675,0.000731,0.000507,0.000507,0.0,0.0,0.0,0.00073,0.000677,0.000677,0.0,0.0,0.0,0.000728,0.000935,0.000935,0.0,0.0,0.0
419,22-Nov-95,24:00:00,177.161781,0.001156,0.000478,0.000478,0.0,0.0,0.0,0.001154,0.000638,0.000638,0.0,0.0,0.0,0.001151,0.8261,0.000881,0.000802,0.0,0.00126
420,23-Nov-95,24:00:00,177.649024,0.000602,0.00045,0.00045,0.0,0.0,0.0,0.000601,0.0006,0.0006,0.0,0.0,0.0,0.0006,0.066592,0.000829,0.0,0.0,0.002749
421,24-Nov-95,24:00:00,177.075185,0.000634,0.000424,0.000424,0.0,0.0,0.0,0.000634,0.000566,0.000566,0.0,0.0,0.0,0.000634,0.000781,0.000781,0.0,0.0,0.002749
422,25-Nov-95,24:00:00,177.005796,0.001127,0.000399,0.000399,0.0,0.0,0.0,0.001126,0.000533,0.000533,0.0,0.0,0.0,0.001125,0.000736,0.000736,0.0,0.0,0.002749
423,26-Nov-95,24:00:00,175.705989,0.00115,0.000376,0.000376,0.0,0.0,0.0,0.001148,0.000502,0.000502,0.0,0.0,0.0,0.001145,0.000693,0.000693,0.0,0.0,0.002749
424,27-Nov-95,24:00:00,178.917166,0.000904,0.000354,0.000354,0.0,0.0,0.0,0.000903,0.000472,0.000472,0.0,0.0,0.0,0.000901,0.000653,0.000653,0.0,0.0,0.001943
425,28-Nov-95,24:00:00,193.926856,0.001162,0.000333,0.000333,0.0,0.0,0.0,0.00116,0.000445,0.000445,0.0,0.0,0.0,0.001158,0.000615,0.000615,0.0,0.0,0.00032
426,29-Nov-95,24:00:00,205.632423,0.00058,0.000314,0.000314,0.0,0.0,0.0,0.000579,0.000419,0.000419,0.0,0.0,0.0,0.000577,0.000579,0.000579,0.0,0.0,0.0
427,30-Nov-95,24:00:00,217.990023,0.000442,0.000296,0.000296,0.0,0.0,0.0,0.000441,7.668179,0.000395,0.004769,0.0,0.01071,0.000441,10.656895,0.000545,0.009834,0.0,0.020717
428,01-Dec-95,24:00:00,214.526753,0.000959,0.000278,0.000278,0.0,0.0,0.0,0.000958,2.120496,0.000372,0.0,0.0,0.016351,0.000955,0.272126,0.000513,0.0,0.0,0.033717
429,02-Dec-95,24:00:00,207.964595,0.00034,0.09732,0.000262,0.010014,0.0,0.004854,0.000339,3.647127,0.00035,0.013944,0.0,0.024076,0.000339,6.546431,0.000483,0.017249,0.0,0.043981
430,03-Dec-95,24:00:00,259.605423,0.000293,1.989969,0.000247,0.006511,0.0,0.054925,0.000293,37.326309,0.00033,0.007231,0.0,0.086585,0.000293,22.337487,0.000455,0.008754,0.0,0.11882
431,04-Dec-95,24:00:00,202.055824,0.000252,0.218213,0.000233,0.0,0.0,0.056659,0.000252,7.225492,0.00031,0.002442,0.0,0.09586,0.000252,11.204657,0.000429,0.010092,0.0,0.151578
432,05-Dec-95,24:00:00,180.630019,0.000425,0.005272,0.000219,0.0,0.0,0.056659,0.000425,0.659036,0.000292,0.0,0.0,0.097322,0.000424,0.037243,0.000404,0.000207,0.0,0.157531
433,06-Dec-95,24:00:00,173.716482,0.000593,0.000206,0.000206,0.0,0.0,0.056659,0.000592,0.011452,0.000275,0.0,0.0,0.097322,0.000591,0.216289,0.00038,0.0,0.0,0.158183
434,07-Dec-95,24:00:00,173.075618,0.000694,0.000194,0.000194,0.0,0.0,0.056659,0.000692,0.000259,0.000259,0.0,0.0,0.097322,0.00069,0.000358,0.000358,0.0,0.0,0.158183
435,08-Dec-95,24:00:00,173.005039,0.000452,0.000183,0.000183,0.0,0.0,0.056659,0.000451,0.000244,0.000244,0.0,0.0,0.097322,0.000449,0.000337,0.000337,0.0,0.0,0.158183
436,09-Dec-95,24:00:00,184.992734,0.000271,1.251698,0.000172,0.033287,0.0,0.088914,0.000271,22.04581,0.00023,0.032272,0.0,0.128783,0.000271,24.860633,0.000318,0.034922,0.0,0.192188
437,10-Dec-95,24:00:00,337.775863,0.000356,8.77412,0.000162,0.150355,0.0,0.322307,0.000356,133.16262,0.000217,0.140563,0.0,0.353636,0.000356,86.002078,0.000299,0.134521,0.0,0.415625
438,11-Dec-95,24:00:00,2424.712352,0.000915,533.824697,144.392215,0.127943,0.036444,0.964531,0.000915,678.57126,181.015429,0.123437,0.03299,0.963774,0.000915,1561.536532,778.973455,0.11077,0.034684,0.976386
439,12-Dec-95,24:00:00,2561.855833,0.000466,743.552622,605.57973,0.013587,0.013587,1.0,0.000466,748.45089,650.300311,0.012377,0.012377,1.0,0.000466,668.649228,645.380313,0.013978,0.013978,1.0
440,13-Dec-95,24:00:00,1149.138853,0.000254,376.416462,367.971747,0.022268,0.022268,1.0,0.000254,357.471009,342.023073,0.021971,0.021971,1.0,0.000254,305.84506,295.348311,0.021828,0.021828,1.0
441,14-Dec-95,24:00:00,5940.370417,0.000647,1368.674522,670.208144,0.028908,0.028908,1.0,0.000647,1774.444786,801.189256,0.029036,0.029036,1.0,0.000646,3029.069104,1439.287915,0.02884,0.02884,1.0
442,15-Dec-95,24:00:00,1942.931026,0.000733,663.452093,564.166044,0.0,0.0,1.0,0.000731,681.144101,583.454507,0.0,0.0,1.0,0.00073,194.231115,194.221215,0.0,0.0,1.0
443,16-Dec-95,24:00:00,626.514542,0.000664,208.9615,205.53125,0.0,0.0,1.0,0.000663,188.818656,188.286549,0.0,0.0,1.0,0.000661,139.302086,139.302086,0.0,0.0,1.0
444,17-Dec-95,24:00:00,698.75543,0.000352,138.134425,137.786065,0.003042,0.003042,1.0,0.000351,188.020241,177.797911,0.005719,0.005719,1.0,0.00035,427.719492,416.830839,0.009809,0.009809,1.0
445,18-Dec-95,24:00:00,581.559371,0.000449,127.667004,127.593471,0.0,0.0,1.0,0.000449,170.369978,168.804158,0.0,0.0,1.0,0.000447,150.832811,150.821222,0.0,0.0,1.0
446,19-Dec-95,24:00:00,391.986452,0.000541,96.686098,96.682726,0.0,0.0,1.0,0.00054,110.266813,110.237638,0.0,0.0,1.0,0.000538,131.11903,131.11903,0.0,0.0,1.0
447,20-Dec-95,24:00:00,348.395007,0.000453,84.849623,84.849623,0.0,0.0,1.0,0.000452,94.509598,94.509598,0.0,0.0,1.0,0.000451,123.468698,123.468698,0.0,0.0,1.0
448,21-Dec-95,24:00:00,565.941095,0.000364,126.551113,125.8873,0.005951,0.005951,1.0,0.000363,173.376834,161.507285,0.006737,0.006737,1.0,0.000362,281.046175,274.926756,0.005519,0.005519,1.0
449,22-Dec-95,24:00:00,615.073404,0.00073,145.419225,145.25909,0.0,0.0,1.0,0.000728,170.415024,168.406148,0.0,0.0,1.0,0.000726,126.602042,126.589,0.0,0.0,1.0
450,23-Dec-95,24:00:00,437.975314,0.000984,92.572744,92.564934,0.0,0.0,1.0,0.000982,100.159395,100.116454,0.0,0.0,1.0,0.000979,111.491919,111.491919,0.0,0.0,1.0
451,24-Dec-95,24:00:00,388.420991,0.000859,74.419323,74.419323,0.0,0.0,1.0,0.000858,82.722479,82.722479,0.0,0.0,1.0,0.000856,104.988482,104.988482,0.0,0.0,1.0
452,25-Dec-95,24:00:00,369.910507,0.000486,68.07656,68.07656,0.0,0.0,1.0,0.000486,76.616373,76.616373,0.0,0.0,1.0,0.000484,98.874418,98.874418,0.0,0.0,1.0
453,26-Dec-95,24:00:00,356.474919,0.000213,63.863489,63.863489,0.0,0.0,1.0,0.000213,72.041034,72.041034,0.0,0.0,1.0,0.000213,93.116418,93.116418,0.0,0.0,1.0
454,27-Dec-95,24:00:00,343.332174,0.000165,60.117383,60.117383,0.0,0.0,1.0,0.000165,67.836894,67.836894,0.0,0.0,1.0,0.000165,87.693737,87.693737,0.0,0.0,1.0
455,28-Dec-95,24:00:00,2392.805872,0.000138,466.374479,221.734025,0.053507,0.053507,1.0,0.000138,910.056295,290.396469,0.053703,0.053703,1.0,0.000138,2111.099486,989.155484,0.054246,0.054246,1.0
456,29-Dec-95,24:00:00,5458.8425,0.000434,1224.197075,943.072672,0.017071,0.017071,1.0,0.000434,1643.482917,1136.258442,0.016575,0.016575,1.0,0.000433,1529.587036,1369.599907,0.017079,0.017079,1.0
457,30-Dec-95,24:00:00,1687.835709,0.001258,578.900826,560.490752,0.0,0.0,1.0,0.001257,576.99217,554.671918,0.0,0.0,1.0,0.001254,201.510236,201.510236,0.0,0.0,1.0
458,31-Dec-95,24:00:00,734.811265,0.000911,207.635043,207.627772,0.0,0.0,1.0,0.00091,196.644826,196.640702,0.0,0.0,1.0,0.000908,173.708899,173.708899,0.0,0.0,1.0
459,01-Jan-96,24:00:00,560.080082,0.000989,126.92098,126.92098,0.0,0.0,1.0,0.000988,135.287002,135.287002,0.0,0.0,1.0,0.000985,163.573635,163.573635,0.0,0.0,1.0
460,02-Jan-96,24:00:00,516.305275,0.000616,109.767548,109.767548,0.0,0.0,0.999963,0.000615,122.323582,122.323582,0.0,0.0,0.999968,0.000614,154.04783,154.04783,0.0,0.0,0.999977
461,03-Jan-96,24:00:00,493.39303,0.000662,102.227675,102.227675,0.0,0.0,0.998772,0.000661,114.771949,114.771949,0.0,0.0,0.998793,0.000659,145.076778,145.076778,0.0,0.0,0.998825
462,04-Jan-96,24:00:00,473.037694,0.000444,96.153643,96.153643,0.0,0.0,0.996897,0.000444,108.055893,108.055893,0.0,0.0,0.99692,0.000443,136.62816,136.62816,0.0,0.0,0.996957
463,05-Jan-96,24:00:00,452.9466,0.000598,90.542268,90.542268,0.0,0.0,0.99509,0.000597,101.760944,101.760944,0.0,0.0,0.995117,0.000596,128.671551,128.671551,0.0,0.0,0.995157
464,06-Jan-96,24:00:00,434.021907,0.000426,85.268394,85.268394,0.0,0.0,0.993337,0.000425,95.834695,95.834695,0.0,0.0,0.993366,0.000424,121.1783,121.1783,0.0,0.0,0.993412
465,07-Jan-96,24:00:00,414.996919,0.000579,80.302649,80.302649,0.0,0.0,0.991587,0.000578,90.253704,90.253704,0.0,0.0,0.99162,0.000577,114.121421,114.121421,0.0,0.0,0.99167
466,08-Jan-96,24:00:00,396.828406,0.000283,75.626176,75.626176,0.0,0.0,0.990101,0.000282,84.997734,84.997734,0.0,0.0,0.990137,0.000281,107.475504,107.475504,0.0,0.0,0.990191
467,09-Jan-96,24:00:00,380.617551,0.000913,71.222047,71.222047,0.0,0.0,0.988126,0.000912,80.047849,80.047849,0.0,0.0,0.988165,0.00091,101.216614,101.216614,0.0,0.0,0.988222
468,10-Jan-96,24:00:00,365.725267,0.000961,67.074396,67.074396,0.0,0.0,0.984952,0.00096,75.386223,75.386223,0.0,0.0,0.984995,0.000958,95.322215,95.322215,0.0,0.0,0.98506
469,11-Jan-96,24:00:00,351.706468,0.000702,63.168285,63.168285,0.0,0.0,0.981973,0.000701,70.996069,70.996069,0.0,0.0,0.982021,0.000699,89.771078,89.771078,0.0,0.0,0.982092
470,12-Jan-96,24:00:00,338.504104,0.000979,59.489648,59.489648,0.0,0.0,0.979199,0.000977,66.861578,66.861578,0.0,0.0,0.979251,0.000975,84.543215,84.543215,0.0,0.0,0.979328
471,13-Jan-96,24:00:00,331.700538,0.00034,56.025239,56.025239,0.0,0.0,0.977406,0.000339,62.96786,62.96786,0.0,0.0,0.977461,0.000338,87.151203,80.216843,0.00714,0.00059,0.995636
472,14-Jan-96,24:00:00,1560.866207,0.000432,146.879682,144.726715,0.025055,0.018465,0.996745,0.000431,301.637914,254.113316,0.033777,0.027203,0.997252,0.00043,1499.2045,1211.465762,0.049833,0.049833,1.0
473,15-Jan-96,24:00:00,5772.629583,0.000581,1372.851437,559.140905,0.046696,0.046696,1.0,0.00058,1871.031872,824.376993,0.046146,0.046146,1.0,0.000579,2722.3325,1613.793333,0.041739,0.041739,1.0
474,16-Jan-96,24:00:00,4947.194583,0.001057,1039.36692,746.794382,0.001301,0.001301,1.0,0.001055,1193.44475,902.649265,0.009207,0.009207,1.0,0.001054,985.647281,943.887699,0.025924,0.025924,1.0
475,17-Jan-96,24:00:00,5678.78625,0.000276,954.603371,427.709546,0.037115,0.037115,1.0,0.000276,1404.954436,609.327932,0.040092,0.040092,1.0,0.000276,2610.925433,1298.374669,0.042766,0.042766,1.0
476,18-Jan-96,24:00:00,5945.205417,0.000765,1055.307765,664.78436,0.002085,0.002085,1.0,0.000765,1382.985099,924.148168,0.014049,0.014049,1.0,0.000764,1332.822974,1219.52836,0.027677,0.027677,1.0
477,19-Jan-96,24:00:00,3570.275833,0.000203,411.097185,383.916864,0.029471,0.029471,1.0,0.000203,666.276871,617.973952,0.029524,0.029524,1.0,0.000202,931.865145,906.544446,0.029325,0.029325,1.0
478,20-Jan-96,24:00:00,3345.06125,0.000694,658.366635,640.064199,0.005346,0.005346,1.0,0.000694,890.66343,839.802947,0.006195,0.006195,1.0,0.000693,1267.99896,1243.268882,0.011404,0.011404,1.0
479,21-Jan-96,24:00:00,2969.5425,0.001156,410.016717,408.59769,0.0,0.0,1.0,0.001155,489.721314,484.068364,0.001644,0.001644,1.0,0.001154,769.140985,752.750935,0.015969,0.015969,1.0
480,22-Jan-96,24:00:00,3568.194167,0.000159,271.856452,270.528836,0.021343,0.021343,1.0,0.000158,525.171524,479.862995,0.038861,0.038861,1.0,0.000158,1736.338914,1622.72918,0.061712,0.061712,1.0
481,23-Jan-96,24:00:00,5713.1275,0.000337,842.402206,640.114214,0.050911,0.050911,1.0,0.000337,1477.149082,1093.450637,0.053204,0.053204,1.0,0.000337,2689.0225,2086.589167,0.05425,0.05425,1.0
482,24-Jan-96,24:00:00,7891.725417,0.001012,1604.133409,970.929337,0.0033,0.0033,1.0,0.001011,1983.771667,1265.305544,0.003536,0.003536,1.0,0.00101,1656.883653,1273.85502,0.004064,0.004064,1.0
483,25-Jan-96,24:00:00,3785.225,0.000314,578.6646,534.124755,0.003942,0.003942,1.0,0.000314,691.868862,648.642498,0.007164,0.007164,1.0,0.000313,1150.380757,1125.448912,0.026872,0.026872,1.0
484,26-Jan-96,24:00:00,5486.399583,0.000533,1569.029242,598.973635,0.039496,0.039496,1.0,0.000532,1727.429083,802.818627,0.0405,0.0405,1.0,0.000531,2188.853769,1747.146817,0.039424,0.039424,1.0
485,27-Jan-96,24:00:00,4176.282917,0.000795,889.199075,697.429299,0.0,0.0,1.0,0.000794,973.665007,839.885591,0.0,0.0,1.0,0.000793,641.328907,640.65962,0.0,0.0,1.0
486,28-Jan-96,24:00:00,3629.452083,0.000429,356.61701,348.126042,0.0,0.0,1.0,0.000428,409.287018,407.009439,0.0,0.0,1.0,0.000428,498.514048,498.514048,0.0,0.0,1.0
487,29-Jan-96,24:00:00,2576.66,0.000314,263.42281,262.473421,0.02821,0.02821,1.0,0.000314,345.947097,332.906471,0.023821,0.023821,1.0,0.000314,592.397562,584.963868,0.012884,0.012884,1.0
488,30-Jan-96,24:00:00,3231.419167,0.000984,616.693644,613.64009,0.002041,0.002041,1.0,0.000983,711.860341,677.383667,0.0,0.0,1.0,0.000982,731.186092,724.303794,0.0,0.0,1.0
489,31-Jan-96,24:00:00,3171.365,0.000759,426.366293,426.060388,0.000828,0.000828,1.0,0.000759,479.259824,469.361212,0.005097,0.005097,1.0,0.000758,553.784525,549.22286,0.004161,0.004161,1.0
490,01-Feb-96,24:00:00,2261.840833,0.001032,260.589464,260.556164,0.0,0.0,1.0,0.001031,365.143919,362.875243,0.0,0.0,1.0,0.001029,430.969676,430.907469,0.0,0.0,1.0
491,02-Feb-96,24:00:00,1245.088333,0.000468,211.045243,210.974104,0.010863,0.010863,1.0,0.000468,277.90576,277.245734,0.008237,0.008237,1.0,0.000467,396.631766,396.301506,0.005098,0.005098,1.0
492,03-Feb-96,24:00:00,7537.726667,0.000467,2610.974096,660.079941,0.07,0.07,1.0,0.000467,2659.007864,818.477581,0.07,0.07,1.0,0.000467,3157.808296,1895.47107,0.07,0.07,1.0
493,04-Feb-96,24:00:00,6130.442917,0.001146,1879.975,1241.166834,0.006882,0.006882,1.0,0.001145,1956.417917,1455.544167,0.007828,0.007828,1.0,0.001144,1291.402006,1259.000418,0.002543,0.002543,1.0
494,05-Feb-96,24:00:00,3173.674167,0.000971,681.660254,646.483974,0.0,0.0,1.0,0.00097,693.516524,677.468028,0.0,0.0,1.0,0.000969,452.386271,452.386271,0.0,0.0,1.0
495,06-Feb-96,24:00:00,3388.716667,0.000843,318.578025,318.577282,0.0,0.0,1.0,0.000842,353.187917,353.187917,0.0,0.0,1.0,0.00084,421.724097,421.724097,0.0,0.0,1.0
496,07-Feb-96,24:00:00,2252.519583,0.000539,244.151169,244.151169,0.0,0.0,1.0,0.000539,292.763039,292.763039,0.0,0.0,1.0,0.000538,397.160416,397.160416,0.0,0.0,1.0
497,08-Feb-96,24:00:00,1296.864583,0.000736,222.325096,222.325096,0.0,0.0,0.999974,0.000735,271.800934,271.800934,0.0,0.0,0.999981,0.000734,374.031579,374.031579,0.0,0.0,0.999984
498,09-Feb-96,24:00:00,1063.891667,0.00118,208.504644,208.504644,0.0,0.0,0.997827,0.00118,255.649654,255.649654,0.0,0.0,0.997865,0.001178,352.249665,352.249665,0.0,0.0,0.997888
499,10-Feb-96,24:00:00,1017.450058,0.001441,196.271741,196.271741,0.0,0.0,0.993461,0.00144,240.73775,240.73775,0.0,0.0,0.993502,0.001439,331.736231,331.736231,0.0,0.0,0.993529
500,11-Feb-96,24:00:00,1075.909495,0.001599,184.832987,184.832987,0.0,0.0,0.988208,0.001598,226.716599,226.716599,0.0,0.0,0.988252,0.001596,312.417407,312.417407,0.0,0.0,0.988284
501,12-Feb-96,24:00:00,1144.684167,0.001726,174.068336,174.068336,0.0,0.0,0.982593,0.001725,213.513535,213.513535,0.0,0.0,0.982641,0.001722,294.223624,294.223624,0.0,0.0,0.98268
502,13-Feb-96,24:00:00,1135.07875,0.001656,163.931309,163.931309,0.0,0.0,0.976709,0.001655,201.90652,201.079461,0.005382,0.0,0.979156,0.001654,283.753928,280.428768,0.011054,0.003413,0.981721
503,14-Feb-96,24:00:00,1326.473333,0.000656,155.616972,155.429637,0.012836,0.005166,0.979463,0.000656,218.595438,200.453419,0.015951,0.013678,0.999278,0.000655,545.75049,528.48026,0.01426,0.01426,1.0
504,15-Feb-96,24:00:00,1914.512917,0.000777,310.83457,308.259256,0.008846,0.008846,1.0,0.000777,547.586758,510.342764,0.007067,0.007067,1.0,0.000777,613.636694,603.345257,0.002481,0.002481,1.0
505,16-Feb-96,24:00:00,1356.292083,0.001066,302.962718,302.091373,0.011138,0.011138,1.0,0.001066,399.291533,387.146854,0.012097,0.012097,1.0,0.001065,332.155395,327.876405,0.011143,0.011143,1.0
506,17-Feb-96,24:00:00,2146.164167,0.000405,544.182153,353.072967,0.030483,0.030483,1.0,0.000405,728.054572,448.945812,0.030432,0.030432,1.0,0.000405,1372.770788,800.537437,0.029799,0.029799,1.0
507,18-Feb-96,24:00:00,6348.289167,0.000505,1682.580833,799.937325,0.045542,0.045542,1.0,0.000505,1865.179583,996.19859,0.04845,0.04845,1.0,0.000505,2146.39,1627.137917,0.047389,0.047389,1.0
508,19-Feb-96,24:00:00,5206.29375,0.00061,1307.904167,1132.967917,0.041653,0.041653,1.0,0.00061,1522.573333,1359.27125,0.040196,0.040196,1.0,0.000609,1514.561443,1469.402219,0.031296,0.031296,1.0
509,20-Feb-96,24:00:00,4691.316667,0.000914,1219.029583,1205.625,0.023811,0.023811,1.0,0.000913,1483.505833,1394.21625,0.022844,0.022844,1.0,0.000912,1566.015427,1529.3919,0.022861,0.022861,1.0
510,21-Feb-96,24:00:00,3687.085833,0.001257,768.017473,767.147886,0.0,0.0,1.0,0.001256,798.174639,790.077822,0.001064,0.001064,1.0,0.001255,504.931164,501.783898,0.0025,0.0025,1.0
511,22-Feb-96,24:00:00,3965.47625,0.000534,369.311578,369.234999,0.005618,0.005618,1.0,0.000534,403.153855,400.772278,0.006384,0.006384,1.0,0.000534,529.049596,522.944289,0.010481,0.010481,1.0
512,23-Feb-96,24:00:00,3920.801667,0.000906,335.173129,334.490249,0.0,0.0,1.0,0.000906,422.764966,411.533053,0.0,0.0,1.0,0.000905,582.482667,576.526164,0.0,0.0,1.0
513,24-Feb-96,24:00:00,2318.212083,0.001081,279.463178,279.404817,0.0,0.0,1.0,0.00108,329.077821,328.45897,0.0,0.0,1.0,0.001079,359.031597,359.031597,0.0,0.0,1.0
514,25-Feb-96,24:00:00,1294.810833,0.001554,231.52047,231.519943,0.0,0.0,1.0,0.001554,273.868538,273.868538,0.0,0.0,1.0,0.001553,337.033462,337.033462,0.0,0.0,1.0
515,26-Feb-96,24:00:00,1148.82375,0.001062,224.086581,223.884443,0.00224,0.00224,1.0,0.001061,280.033971,275.297459,0.007869,0.007869,1.0,0.00106,491.700756,483.606102,0.016303,0.016303,1.0
516,27-Feb-96,24:00:00,2358.922083,0.000696,411.222345,408.170033,0.045825,0.045825,1.0,0.000696,653.480674,598.508971,0.04282,0.04282,1.0,0.000695,1168.313634,1137.823818,0.028345,0.028345,1.0
517,28-Feb-96,24:00:00,3951.192917,0.00074,1212.544313,1014.323609,0.024663,0.024663,1.0,0.00074,1274.809167,1191.18542,0.021761,0.021761,1.0,0.00074,1216.293286,1186.769984,0.016658,0.016658,1.0
518,29-Feb-96,24:00:00,2268.7625,0.001874,749.446896,725.098384,0.0,0.0,1.0,0.001873,725.931339,719.592674,0.0,0.0,1.0,0.001871,378.020874,378.002748,0.0,0.0,1.0
519,01-Mar-96,24:00:00,1304.88375,0.001808,342.340027,341.630632,0.0,0.0,0.999777,0.001808,348.400492,348.362743,0.0,0.0,0.999779,0.001807,338.340067,338.340067,0.0,0.0,0.999785
520,02-Mar-96,24:00:00,1094.593333,0.001139,242.646691,242.646691,0.0,0.0,0.997639,0.001139,274.434776,274.434776,0.0,0.0,0.997645,0.001138,318.614013,318.614013,0.0,0.0,0.997666
521,03-Mar-96,24:00:00,1711.25125,0.000519,400.301498,347.212931,0.050583,0.049196,0.998774,0.000519,482.024273,426.336782,0.050143,0.048759,0.99865,0.000518,1029.135672,988.984207,0.048,0.046621,0.99862
522,04-Mar-96,24:00:00,4609.5725,0.001015,1032.982352,951.992573,0.007365,0.007365,1.0,0.001014,1168.181389,1111.701814,0.00544,0.00544,1.0,0.001014,1212.899099,1194.079174,0.005071,0.005071,1.0
523,05-Mar-96,24:00:00,3373.665417,0.001472,582.610064,577.185125,0.0,0.0,1.0,0.001471,578.510202,575.819626,0.0,0.0,1.0,0.00147,353.807963,353.806273,0.0,0.0,1.0
524,06-Mar-96,24:00:00,2335.4325,0.00166,300.575021,300.573316,0.0,0.0,1.0,0.001659,313.943574,313.943574,0.0,0.0,1.0,0.001657,326.413114,326.413114,0.0,0.0,1.0
525,07-Mar-96,24:00:00,1413.024167,0.001634,233.974178,233.974178,0.0,0.0,0.997613,0.001633,263.062413,263.062413,0.0,0.0,0.99758,0.001631,307.396658,307.396658,0.0,0.0,0.997666
526,08-Mar-96,24:00:00,1052.183431,0.002099,213.536655,213.536655,0.0,0.0,0.991461,0.002098,244.520205,244.520205,0.0,0.0,0.991412,0.002096,289.495256,289.495256,0.0,0.0,0.991553
527,09-Mar-96,24:00:00,963.712183,0.001442,200.311532,200.311532,0.0,0.0,0.98718,0.001441,230.013662,230.013662,0.0,0.0,0.987134,0.001439,272.636356,272.636356,0.0,0.0,0.986856
528,10-Mar-96,24:00:00,1410.461835,0.001237,284.311477,282.455872,0.021667,0.017927,0.999106,0.001236,377.838405,346.747643,0.024027,0.020273,0.99899,0.001235,669.901425,648.543779,0.023688,0.019547,0.998515
529,11-Mar-96,24:00:00,2428.76125,0.0012,551.893401,549.022712,0.014569,0.014569,1.0,0.001199,722.268684,679.767866,0.013266,0.013266,1.0,0.001198,839.409408,821.077488,0.012029,0.012029,1.0
530,12-Mar-96,24:00:00,1580.0225,0.002741,416.157171,415.827922,0.0,0.0,1.0,0.00274,445.271506,441.818321,0.0,0.0,1.0,0.002739,286.488115,286.488115,0.0,0.0,1.0
531,13-Mar-96,24:00:00,1182.075,0.00253,236.260343,236.251055,0.0,0.0,0.996528,0.00253,252.241862,252.224462,0.0,0.0,0.996531,0.00253,260.843573,260.843573,0.0,0.0,0.996536
532,14-Mar-96,24:00:00,1087.46875,0.002454,187.110577,187.110577,0.0,0.0,0.988328,0.002454,211.322317,211.322317,0.0,0.0,0.988333,0.002454,245.642498,245.642498,0.0,0.0,0.988342
533,15-Mar-96,24:00:00,1040.425417,0.002208,171.061986,171.061986,0.0,0.0,0.980335,0.002207,196.300214,196.300214,0.0,0.0,0.980341,0.002207,231.337378,231.337378,0.0,0.0,0.980351
534,16-Mar-96,24:00:00,1004.258748,0.002792,160.487067,160.487067,0.0,0.0,0.971771,0.002792,184.637972,184.637972,0.0,0.0,0.971779,0.002792,217.865331,217.865331,0.0,0.0,0.97179
535,17-Mar-96,24:00:00,971.073124,0.0029,151.076027,151.076027,0.0,0.0,0.962022,0.0029,173.868019,173.868019,0.0,0.0,0.96203,0.0029,205.177835,205.177835,0.0,0.0,0.962041
536,18-Mar-96,24:00:00,939.904522,0.0029,142.271645,142.271645,0.0,0.0,0.952068,0.0029,163.7415,163.7415,0.0,0.0,0.952077,0.0029,193.229202,193.229202,0.0,0.0,0.952088
537,19-Mar-96,24:00:00,943.214423,0.002624,133.985788,133.985788,0.0,0.0,0.942531,0.002624,154.20585,154.20585,0.0,0.0,0.942539,0.002624,181.976404,181.976404,0.0,0.0,0.942551
538,20-Mar-96,24:00:00,865.550993,0.002949,126.183005,126.183005,0.0,0.0,0.933267,0.002949,145.225591,145.225591,0.0,0.0,0.933275,0.002949,171.378918,171.378918,0.0,0.0,0.933286
539,21-Mar-96,24:00:00,719.89457,0.001802,118.834671,118.834671,0.0,0.0,0.924681,0.001802,136.768306,136.768306,0.0,0.0,0.92469,0.001801,161.398582,161.398582,0.0,0.0,0.924702
540,22-Mar-96,24:00:00,650.476056,0.0023,111.914274,111.914274,0.0,0.0,0.917702,0.0023,128.803536,128.803536,0.0,0.0,0.917712,0.002299,151.999455,151.999455,0.0,0.0,0.917727
541,23-Mar-96,24:00:00,627.666662,0.001775,105.396891,105.396891,0.0,0.0,0.9108,0.001774,121.302598,121.302598,0.0,0.0,0.910811,0.001773,143.147692,143.147692,0.0,0.0,0.910827
542,24-Mar-96,24:00:00,605.915462,0.002428,99.259051,99.259051,0.0,0.0,0.903521,0.002427,114.238481,114.238481,0.0,0.0,0.903533,0.002427,134.811415,134.811415,0.0,0.0,0.903552
543,25-Mar-96,24:00:00,587.14461,0.002315,93.478651,93.478651,0.0,0.0,0.89548,0.002315,107.585747,107.585747,0.0,0.0,0.895493,0.002314,126.960605,126.960605,0.0,0.0,0.895514
544,26-Mar-96,24:00:00,570.638642,0.000734,88.034875,88.034875,0.0,0.0,0.890005,0.000733,101.320438,101.320438,0.0,0.0,0.891151,0.000733,121.667591,119.566991,0.006455,0.0,0.894682
545,27-Mar-96,24:00:00,561.155956,0.002232,82.908121,82.908121,0.0,0.0,0.884978,0.002231,95.419992,95.419992,0.0,0.0,0.891032,0.00223,118.8412,112.603948,0.001048,0.0,0.9169
546,28-Mar-96,24:00:00,536.8054,0.002217,78.079925,78.079925,0.0,0.0,0.87752,0.002216,89.863161,89.863161,0.0,0.0,0.887242,0.002215,106.046401,106.046401,0.0,0.0,0.916649
547,29-Mar-96,24:00:00,520.182616,0.00213,73.532902,73.532902,0.0,0.0,0.870154,0.002129,84.629935,84.629935,0.0,0.0,0.879879,0.002128,99.870737,99.870737,0.0,0.0,0.912741
548,30-Mar-96,24:00:00,505.023774,0.001949,69.272797,69.250677,0.005118,0.0,0.864793,0.001949,79.891446,79.701469,0.00351,0.0,0.873759,0.001948,94.109791,94.054715,0.001677,0.0,0.905942
549,31-Mar-96,24:00:00,1209.845939,0.00095,150.135586,143.650282,0.056523,0.020644,0.975121,0.000949,298.056962,196.042892,0.05823,0.02358,0.976699,0.000949,923.560035,717.441621,0.055436,0.028532,0.985328
550,01-Apr-96,24:00:00,1800.04625,0.002177,349.790428,347.788556,0.0,0.0,1.0,0.002176,477.70763,453.062339,0.0,0.0,1.0,0.002175,356.371656,350.07232,0.0,0.0,1.0
551,02-Apr-96,24:00:00,778.953367,0.002675,168.076757,167.970316,0.0,0.0,0.998831,0.002674,184.435872,183.705246,0.0,0.0,0.998832,0.002673,123.006279,123.006279,0.0,0.0,0.998835
552,03-Apr-96,24:00:00,575.284753,0.002391,90.669937,90.669937,0.0,0.0,0.993042,0.002391,101.156005,101.156005,0.0,0.0,0.993046,0.00239,115.334466,115.334466,0.0,0.0,0.993056
553,04-Apr-96,24:00:00,531.491272,0.003082,73.53332,73.53332,0.0,0.0,0.983662,0.003082,86.236946,86.236946,0.0,0.0,0.983669,0.003081,108.617474,108.617474,0.0,0.0,0.983683
554,05-Apr-96,24:00:00,513.189625,0.003176,67.705861,67.705861,0.0,0.0,0.972945,0.003176,80.372203,80.372203,0.0,0.0,0.972954,0.003175,102.292082,102.292082,0.0,0.0,0.972971
555,06-Apr-96,24:00:00,500.32053,0.003133,63.590083,63.590083,0.0,0.0,0.961893,0.003133,75.624163,75.624163,0.0,0.0,0.961904,0.003133,96.335052,96.335052,0.0,0.0,0.961922
556,07-Apr-96,24:00:00,486.380936,0.002156,59.869255,59.869255,0.0,0.0,0.953048,0.002155,71.215223,71.215223,0.0,0.0,0.953058,0.002154,90.724932,90.724932,0.0,0.0,0.953078
557,08-Apr-96,24:00:00,499.01288,0.002028,56.381051,56.381051,0.0,0.0,0.945715,0.002028,67.067631,67.067631,0.0,0.0,0.945728,0.002027,85.441521,85.441521,0.0,0.0,0.945751
558,09-Apr-96,24:00:00,524.974709,0.002147,53.097518,53.097518,0.0,0.0,0.938451,0.002146,63.161892,63.161892,0.0,0.0,0.938466,0.002145,80.465791,80.465791,0.0,0.0,0.938492
559,10-Apr-96,24:00:00,527.369528,0.002191,50.005344,50.005344,0.0,0.0,0.931053,0.002191,59.483626,59.483626,0.0,0.0,0.931069,0.00219,75.779826,75.779826,0.0,0.0,0.931099
560,11-Apr-96,24:00:00,516.67624,0.002414,47.093257,47.093257,0.0,0.0,0.923235,0.002413,56.019568,56.019568,0.0,0.0,0.923253,0.002412,71.36675,71.36675,0.0,0.0,0.923287
561,12-Apr-96,24:00:00,506.388935,0.002441,44.350757,44.350757,0.0,0.0,0.914806,0.002441,52.75724,52.75724,0.0,0.0,0.914825,0.00244,67.210672,67.210672,0.0,0.0,0.914862
562,13-Apr-96,24:00:00,496.699202,0.002659,41.767969,41.767969,0.0,0.0,0.906555,0.002659,49.684897,49.684897,0.0,0.0,0.906576,0.002658,63.296625,63.296625,0.0,0.0,0.906616
563,14-Apr-96,24:00:00,489.527187,0.000991,39.338638,39.335591,0.002059,0.0,0.900102,0.000991,47.097075,46.791472,0.004498,0.0,0.901442,0.000991,61.449727,59.610515,0.008123,0.0,0.903738
564,15-Apr-96,24:00:00,570.979066,0.001656,39.642733,37.044863,0.019642,0.0,0.964691,0.001656,87.085069,44.066547,0.01875,0.0,0.971424,0.001655,152.371215,118.454831,0.024429,0.003128,0.990102
565,16-Apr-96,24:00:00,619.340791,0.000858,46.186046,44.861824,0.025311,0.017292,0.981457,0.000858,75.857673,55.768591,0.023544,0.017355,0.985725,0.000858,290.636113,274.231793,0.020944,0.020944,1.0
566,17-Apr-96,24:00:00,1876.705417,0.001496,269.463672,266.98661,0.0,0.0,1.0,0.001496,381.001357,347.278691,0.001018,0.001018,1.0,0.001496,593.819697,583.983247,0.002296,0.002296,1.0
567,18-Apr-96,24:00:00,1404.564167,0.001192,191.943951,191.24242,0.006242,0.006242,1.0,0.001191,236.382326,223.921544,0.007594,0.007594,1.0,0.001191,347.591373,336.866689,0.009925,0.009925,1.0
568,19-Apr-96,24:00:00,1084.454343,0.001929,157.072242,156.752213,0.0,0.0,1.0,0.001928,200.167494,195.455879,0.0,0.0,1.0,0.001928,150.126865,149.823257,0.0,0.0,1.0
569,20-Apr-96,24:00:00,620.507074,0.000853,80.53844,80.518927,0.0,0.0,1.0,0.000853,91.00069,90.824655,0.0,0.0,1.0,0.000853,93.233471,93.233471,0.0,0.0,1.0
570,21-Apr-96,24:00:00,547.841452,0.002046,53.362397,53.362397,0.0,0.0,0.99769,0.002046,62.551796,62.551796,0.0,0.0,0.997692,0.002045,87.713279,87.713279,0.0,0.0,0.997584
571,22-Apr-96,24:00:00,527.921612,0.00244,46.4985,46.4985,0.0,0.0,0.990718,0.002439,56.143198,56.143198,0.0,0.0,0.990722,0.002439,82.605181,82.605181,0.0,0.0,0.990526
572,23-Apr-96,24:00:00,757.97185,0.002209,44.79256,44.308081,0.004132,0.00011,0.997949,0.002209,89.833287,78.501693,0.006183,0.002163,0.998432,0.002208,342.274234,328.315037,0.012564,0.008503,0.999331
573,24-Apr-96,24:00:00,904.829897,0.003659,42.067799,41.978527,0.0,0.0,0.998002,0.003658,76.858064,75.431301,0.0,0.0,0.998003,0.003658,94.639425,94.637665,0.0,0.0,0.998005
574,25-Apr-96,24:00:00,797.172216,0.004012,38.747618,38.743827,0.0,0.0,0.987922,0.004012,53.308799,53.291142,0.0,0.0,0.987925,0.004011,81.810143,81.810143,0.0,0.0,0.98793
575,26-Apr-96,24:00:00,572.201742,0.003611,36.276665,36.276665,0.0,0.0,0.974594,0.00361,46.859513,46.859513,0.0,0.0,0.974599,0.00361,77.03661,77.03661,0.0,0.0,0.974606
576,27-Apr-96,24:00:00,493.550934,0.003219,34.131675,34.131675,0.0,0.0,0.962912,0.003219,43.766356,43.766356,0.0,0.0,0.962917,0.003218,72.550339,72.550339,0.0,0.0,0.962924
577,28-Apr-96,24:00:00,483.628298,0.003777,32.14004,32.14004,0.0,0.0,0.950927,0.003777,41.185798,41.185798,0.0,0.0,0.950932,0.003777,68.325334,68.325334,0.0,0.0,0.950941
578,29-Apr-96,24:00:00,483.67701,0.004224,30.267922,30.267922,0.0,0.0,0.937412,0.004223,38.784872,38.784872,0.0,0.0,0.937418,0.004223,64.346374,64.346374,0.0,0.0,0.937428
579,30-Apr-96,24:00:00,478.875724,0.004316,28.505212,28.505212,0.0,0.0,0.922613,0.004316,36.526042,36.526042,0.0,0.0,0.92262,0.004315,60.599131,60.599131,0.0,0.0,0.922633
580,01-May-96,24:00:00,478.40812,0.004046,26.845193,26.845193,0.0,0.0,0.908443,0.004046,34.398918,34.398918,0.0,0.0,0.90845,0.004045,57.070111,57.070111,0.0,0.0,0.908464
581,02-May-96,24:00:00,465.44582,0.003461,25.281849,25.281849,0.0,0.0,0.895384,0.003461,32.395679,32.395679,0.0,0.0,0.895391,0.00346,53.746604,53.746604,0.0,0.0,0.895408
582,03-May-96,24:00:00,423.234799,0.003389,23.809548,23.809548,0.0,0.0,0.883712,0.003389,30.509101,30.509101,0.0,0.0,0.88372,0.003388,50.616644,50.616644,0.0,0.0,0.883738
583,04-May-96,24:00:00,398.508681,0.00253,22.422987,22.422987,0.0,0.0,0.873563,0.00253,28.732388,28.732388,0.0,0.0,0.873572,0.002529,47.668959,47.668959,0.0,0.0,0.873592
584,05-May-96,24:00:00,391.160604,0.002444,21.117174,21.117174,0.0,0.0,0.864901,0.002444,27.059143,27.059143,0.0,0.0,0.864911,0.002443,44.892933,44.892933,0.0,0.0,0.864934
585,06-May-96,24:00:00,383.676452,0.00366,19.887405,19.887405,0.0,0.0,0.85459,0.003659,25.483341,25.483341,0.0,0.0,0.8546,0.003659,42.278571,42.278571,0.0,0.0,0.854626
586,07-May-96,24:00:00,377.1031,0.003241,18.729252,18.729252,0.0,0.0,0.842789,0.003241,23.999306,23.999306,0.0,0.0,0.842801,0.003241,39.816458,39.816458,0.0,0.0,0.842828
587,08-May-96,24:00:00,371.824435,0.00356,17.638544,17.638544,0.0,0.0,0.831038,0.00356,22.601694,22.601694,0.0,0.0,0.831049,0.00356,37.497726,37.497726,0.0,0.0,0.831077
588,09-May-96,24:00:00,367.227786,0.003849,16.611355,16.611355,0.0,0.0,0.818439,0.003849,21.285473,21.285473,0.0,0.0,0.818451,0.003849,35.314028,35.314028,0.0,0.0,0.818478
589,10-May-96,24:00:00,362.90505,0.003752,15.643985,15.643985,0.0,0.0,0.805578,0.003752,20.045903,20.045903,0.0,0.0,0.80559,0.003752,33.257498,33.257498,0.0,0.0,0.805617
590,11-May-96,24:00:00,359.435861,0.004677,14.732949,14.732949,0.0,0.0,0.791181,0.004676,18.87852,18.87852,0.0,0.0,0.791193,0.004676,31.320731,31.320731,0.0,0.0,0.791223
591,12-May-96,24:00:00,355.9936,0.002839,13.874969,13.874969,0.0,0.0,0.777902,0.002839,17.77912,17.77912,0.0,0.0,0.777915,0.002839,29.496753,29.496753,0.0,0.0,0.777945
592,13-May-96,24:00:00,352.389554,0.002201,13.066953,13.066953,0.0,0.0,0.76947,0.002201,16.743744,16.743744,0.0,0.0,0.769484,0.0022,27.778995,27.778995,0.0,0.0,0.769516
593,14-May-96,24:00:00,350.379549,0.001286,12.686098,12.305993,0.02183,0.0,0.777186,0.001286,20.872188,15.768664,0.017154,0.0,0.773547,0.001286,27.876237,26.161271,0.007873,0.0,0.766534
594,15-May-96,24:00:00,407.706089,0.001119,15.199357,11.589347,0.009412,0.0,0.865989,0.001119,58.592998,14.850368,0.007995,0.0,0.845877,0.001119,40.201709,24.637757,0.007677,0.0,0.812707
595,16-May-96,24:00:00,388.404501,0.001304,13.909746,11.126273,0.039089,0.000818,0.922083,0.001304,61.061838,13.98555,0.044216,0.0,0.906121,0.001304,58.502479,23.202965,0.04396,0.0,0.866579
596,17-May-96,24:00:00,478.392522,0.001625,31.813627,28.833409,0.001015,0.001015,1.0,0.001625,73.344719,25.609233,0.00136,0.001216,0.999876,0.001624,39.390573,21.851728,0.003616,0.0,0.974135
597,18-May-96,24:00:00,386.806788,0.00296,28.967003,28.750043,0.0,0.0,0.999584,0.002959,30.927716,28.449933,0.0,0.0,0.999584,0.002959,20.607268,20.579182,0.0,0.0,0.977421
598,19-May-96,24:00:00,350.39929,0.002479,15.082451,15.080937,0.0,0.0,0.994678,0.002479,15.87723,15.866362,0.0,0.0,0.994678,0.002478,19.380743,19.380743,0.0,0.0,0.972674
599,20-May-96,24:00:00,1086.202377,0.001232,102.216072,100.023116,0.023745,0.020847,0.996953,0.001232,197.62693,155.315996,0.028077,0.02518,0.997112,0.001232,698.105257,655.341806,0.039563,0.030253,0.99125
600,21-May-96,24:00:00,2053.246667,0.002676,296.621142,295.55798,0.0,0.0,1.0,0.002676,428.086985,412.912818,0.0,0.0,1.0,0.002675,329.625011,328.425032,0.0,0.0,1.0
601,22-May-96,24:00:00,1192.24375,0.003471,116.112282,116.049538,0.0,0.0,0.996215,0.003471,131.929302,131.395417,0.0,0.0,0.996215,0.003471,63.497592,63.497592,0.0,0.0,0.996216
602,23-May-96,24:00:00,929.870797,0.004096,44.340836,44.340836,0.0,0.0,0.984375,0.004096,50.721955,50.721955,0.0,0.0,0.984375,0.004096,59.149562,59.149562,0.0,0.0,0.984378
603,24-May-96,24:00:00,566.09749,0.004219,30.510835,30.510835,0.0,0.0,0.970221,0.004219,38.690755,38.690755,0.0,0.0,0.970222,0.004219,55.704397,55.704397,0.0,0.0,0.970225
604,25-May-96,24:00:00,416.987124,0.003046,27.277429,27.277429,0.0,0.0,0.957646,0.003046,35.594438,35.594438,0.0,0.0,0.957646,0.003045,52.460423,52.460423,0.0,0.0,0.957649
605,26-May-96,24:00:00,407.86885,0.003905,25.52653,25.52653,0.0,0.0,0.945886,0.003905,33.454206,33.454206,0.0,0.0,0.945887,0.003905,49.405365,49.405365,0.0,0.0,0.945891
606,27-May-96,24:00:00,401.431079,0.003532,24.023463,24.023463,0.0,0.0,0.933171,0.003532,31.501074,31.501074,0.0,0.0,0.933171,0.003532,46.528219,46.528219,0.0,0.0,0.933176
607,28-May-96,24:00:00,395.405405,0.003577,22.622865,22.622865,0.0,0.0,0.920856,0.003577,29.666257,29.666257,0.0,0.0,0.920856,0.003577,43.818625,43.818625,0.0,0.0,0.920861
608,29-May-96,24:00:00,390.334531,0.00394,21.305267,21.305267,0.0,0.0,0.908149,0.00394,27.938606,27.938606,0.0,0.0,0.908149,0.003939,41.266825,41.266825,0.0,0.0,0.908155
609,30-May-96,24:00:00,387.791099,0.00412,20.064532,20.064532,0.0,0.0,0.894318,0.00412,26.311586,26.311586,0.0,0.0,0.894318,0.004119,38.863632,38.863632,0.0,0.0,0.894325
610,31-May-96,24:00:00,384.333143,0.004127,18.896063,18.896063,0.0,0.0,0.879984,0.004127,24.779318,24.779318,0.0,0.0,0.879984,0.004127,36.600389,36.600389,0.0,0.0,0.879991
611,01-Jun-96,24:00:00,379.621438,0.004525,17.795641,17.795641,0.0,0.0,0.865391,0.004525,23.336282,23.336282,0.0,0.0,0.865392,0.004525,34.468947,34.468947,0.0,0.0,0.865399
612,02-Jun-96,24:00:00,375.159524,0.004779,16.759303,16.759303,0.0,0.0,0.849553,0.004779,21.977282,21.977282,0.0,0.0,0.849554,0.004779,32.461631,32.461631,0.0,0.0,0.849561
613,03-Jun-96,24:00:00,370.957279,0.004516,15.783317,15.783317,0.0,0.0,0.833363,0.004516,20.697424,20.697424,0.0,0.0,0.833364,0.004516,30.571211,30.571211,0.0,0.0,0.83337
614,04-Jun-96,24:00:00,366.999754,0.004869,14.864167,14.864167,0.0,0.0,0.817391,0.004869,19.4921,19.4921,0.0,0.0,0.817391,0.004869,28.790882,28.790882,0.0,0.0,0.817398
615,05-Jun-96,24:00:00,328.370234,0.004982,13.998545,13.998545,0.0,0.0,0.800715,0.004982,18.356967,18.356967,0.0,0.0,0.800716,0.004982,27.114231,27.114231,0.0,0.0,0.800724
616,06-Jun-96,24:00:00,286.500325,0.004616,13.183333,13.183333,0.0,0.0,0.783952,0.004616,17.28794,17.28794,0.0,0.0,0.783953,0.004616,25.53522,25.53522,0.0,0.0,0.783963
617,07-Jun-96,24:00:00,273.233473,0.004839,12.415595,12.415595,0.0,0.0,0.768041,0.004839,16.281169,16.281169,0.0,0.0,0.768042,0.004839,24.048164,24.048164,0.0,0.0,0.768052
618,08-Jun-96,24:00:00,271.542119,0.004202,11.692567,11.692567,0.0,0.0,0.752325,0.004202,15.333027,15.333027,0.0,0.0,0.752326,0.004202,22.647707,22.647707,0.0,0.0,0.752337
619,09-Jun-96,24:00:00,256.160045,0.004184,11.011644,11.011644,0.0,0.0,0.73812,0.004184,14.4401,14.4401,0.0,0.0,0.738122,0.004183,21.328807,21.328807,0.0,0.0,0.738132
620,10-Jun-96,24:00:00,239.380605,0.00416,10.370376,10.370376,0.0,0.0,0.723532,0.00416,13.599174,13.599174,0.0,0.0,0.723534,0.00416,20.086713,20.086713,0.0,0.0,0.723545
621,11-Jun-96,24:00:00,226.549925,0.004525,9.766452,9.766452,0.0,0.0,0.708661,0.004525,12.807219,12.807219,0.0,0.0,0.708663,0.004525,18.916953,18.916953,0.0,0.0,0.708674
622,12-Jun-96,24:00:00,223.231626,0.004415,9.197698,9.197698,0.0,0.0,0.693458,0.004415,12.061384,12.061384,0.0,0.0,0.693459,0.004415,17.815315,17.815315,0.0,0.0,0.69347
623,13-Jun-96,24:00:00,223.252713,0.004457,8.662065,8.662065,0.0,0.0,0.678216,0.004457,11.358984,11.358984,0.0,0.0,0.678216,0.004458,16.777831,16.777831,0.0,0.0,0.678227
624,14-Jun-96,24:00:00,221.123494,0.004134,8.157625,8.157625,0.0,0.0,0.663494,0.004134,10.697488,10.697488,0.0,0.0,0.663495,0.004134,15.800766,15.800766,0.0,0.0,0.663506
625,15-Jun-96,24:00:00,219.078345,0.004244,7.682562,7.682562,0.0,0.0,0.649475,0.004244,10.074514,10.074514,0.0,0.0,0.649476,0.004244,14.880601,14.880601,0.0,0.0,0.649487
626,16-Jun-96,24:00:00,216.120622,0.003896,7.235164,7.235164,0.0,0.0,0.635013,0.003896,9.48782,9.48782,0.0,0.0,0.635014,0.003896,14.014021,14.014021,0.0,0.0,0.635026
627,17-Jun-96,24:00:00,213.473348,0.004239,6.813821,6.813821,0.0,0.0,0.621341,0.004239,8.935292,8.935292,0.0,0.0,0.621342,0.004239,13.197908,13.197908,0.0,0.0,0.621354
628,18-Jun-96,24:00:00,218.568468,0.004104,6.417015,6.417015,0.0,0.0,0.607059,0.004104,8.414941,8.414941,0.0,0.0,0.607061,0.004103,12.429321,12.429321,0.0,0.0,0.607073
629,19-Jun-96,24:00:00,227.344754,0.004151,6.043317,6.043317,0.0,0.0,0.593018,0.004151,7.924893,7.924893,0.0,0.0,0.59302,0.004151,11.705494,11.705494,0.0,0.0,0.593034
630,20-Jun-96,24:00:00,229.444872,0.004056,5.691381,5.691381,0.0,0.0,0.57882,0.004056,7.463382,7.463382,0.0,0.0,0.578822,0.004056,11.023818,11.023818,0.0,0.0,0.578837
631,21-Jun-96,24:00:00,226.272256,0.004563,5.359941,5.359941,0.0,0.0,0.564321,0.004563,7.028749,7.028749,0.0,0.0,0.564323,0.004563,10.381841,10.381841,0.0,0.0,0.564337
632,22-Jun-96,24:00:00,223.753855,0.003334,5.047802,5.047802,0.0,0.0,0.550302,0.003334,6.619426,6.619426,0.0,0.0,0.550304,0.003333,9.777249,9.777249,0.0,0.0,0.550319
633,23-Jun-96,24:00:00,223.671998,0.003398,4.753841,4.753841,0.0,0.0,0.538528,0.003398,6.23394,6.23394,0.0,0.0,0.53853,0.003397,9.207866,9.207866,0.0,0.0,0.538548
634,24-Jun-96,24:00:00,224.466651,0.003227,4.476998,4.476998,0.0,0.0,0.527181,0.003228,5.870904,5.870904,0.0,0.0,0.527184,0.003227,8.671642,8.671642,0.0,0.0,0.527205
635,25-Jun-96,24:00:00,223.53869,0.002903,4.216278,4.216278,0.0,0.0,0.516724,0.002903,5.529009,5.529009,0.0,0.0,0.516727,0.002902,8.166644,8.166644,0.0,0.0,0.516749
636,26-Jun-96,24:00:00,220.297802,0.00313,3.970741,3.970741,0.0,0.0,0.506514,0.00313,5.207024,5.207024,0.0,0.0,0.506517,0.00313,7.691056,7.691056,0.0,0.0,0.506542
637,27-Jun-96,24:00:00,218.12084,0.003891,3.739503,3.739503,0.0,0.0,0.494388,0.003891,4.903791,4.903791,0.0,0.0,0.494391,0.003891,7.243163,7.243163,0.0,0.0,0.494418
638,28-Jun-96,24:00:00,217.163446,0.004612,3.521731,3.521731,0.0,0.0,0.480076,0.004612,4.618216,4.618216,0.0,0.0,0.480079,0.004612,6.821354,6.821354,0.0,0.0,0.480107
639,29-Jun-96,24:00:00,217.483798,0.004897,3.316641,3.316641,0.0,0.0,0.463855,0.004897,4.349272,4.349272,0.0,0.0,0.463859,0.004897,6.424109,6.424109,0.0,0.0,0.463888
640,30-Jun-96,24:00:00,218.037186,0.0054,3.123495,3.123495,0.0,0.0,0.446322,0.0054,4.09599,4.09599,0.0,0.0,0.446327,0.0054,6.049998,6.049998,0.0,0.0,0.446357
641,01-Jul-96,24:00:00,232.10115,0.005056,2.941597,2.941597,0.0,0.0,0.428318,0.005056,3.857458,3.857458,0.0,0.0,0.428322,0.005055,5.697673,5.697673,0.0,0.0,0.428355
642,02-Jul-96,24:00:00,253.406211,0.004792,2.770292,2.770292,0.0,0.0,0.411488,0.004791,3.632817,3.632817,0.0,0.0,0.411493,0.004791,5.365866,5.365866,0.0,0.0,0.411526
643,03-Jul-96,24:00:00,261.093264,0.00455,2.608962,2.608962,0.0,0.0,0.3955,0.00455,3.421258,3.421258,0.0,0.0,0.395505,0.00455,5.053382,5.053382,0.0,0.0,0.395538
644,04-Jul-96,24:00:00,260.578102,0.003807,2.457028,2.457028,0.0,0.0,0.38092,0.003807,3.222019,3.222019,0.0,0.0,0.380925,0.003806,4.759096,4.759096,0.0,0.0,0.380961
645,05-Jul-96,24:00:00,258.759462,0.004841,2.313942,2.313942,0.0,0.0,0.366206,0.004841,3.034384,3.034384,0.0,0.0,0.366211,0.00484,4.481948,4.481948,0.0,0.0,0.366249
646,06-Jul-96,24:00:00,256.79426,0.004569,2.179188,2.179188,0.0,0.0,0.35032,0.004569,2.857675,2.857675,0.0,0.0,0.350325,0.004568,4.220939,4.220939,0.0,0.0,0.350364
647,07-Jul-96,24:00:00,243.807762,0.004684,2.052282,2.052282,0.0,0.0,0.334196,0.004684,2.691256,2.691256,0.0,0.0,0.334202,0.004684,3.975131,3.975131,0.0,0.0,0.334244
648,08-Jul-96,24:00:00,222.817011,0.004885,1.932766,1.932766,0.0,0.0,0.318017,0.004885,2.53453,2.53453,0.0,0.0,0.318023,0.004885,3.743637,3.743637,0.0,0.0,0.318065
649,09-Jul-96,24:00:00,223.605241,0.005184,1.820211,1.820211,0.0,0.0,0.300743,0.005183,2.38693,2.38693,0.0,0.0,0.30075,0.005183,3.525625,3.525625,0.0,0.0,0.300794
650,10-Jul-96,24:00:00,249.735997,0.004924,1.71421,1.71421,0.0,0.0,0.283427,0.004923,2.247926,2.247926,0.0,0.0,0.283434,0.004923,3.320308,3.320308,0.0,0.0,0.28348
651,11-Jul-96,24:00:00,270.548329,0.004906,1.614382,1.614382,0.0,0.0,0.266481,0.004906,2.117017,2.117017,0.0,0.0,0.26649,0.004905,3.126948,3.126948,0.0,0.0,0.266536
652,12-Jul-96,24:00:00,276.662142,0.005041,1.520368,1.520368,0.0,0.0,0.249554,0.005041,1.993732,1.993732,0.0,0.0,0.249561,0.00504,2.944849,2.944849,0.0,0.0,0.24961
653,13-Jul-96,24:00:00,277.151102,0.005008,1.431828,1.431828,0.0,0.0,0.232314,0.005008,1.877626,1.877626,0.0,0.0,0.232322,0.005007,2.773354,2.773354,0.0,0.0,0.232373
654,14-Jul-96,24:00:00,275.60229,0.004513,1.348445,1.348445,0.0,0.0,0.215865,0.004513,1.768281,1.768281,0.0,0.0,0.215874,0.004512,2.611847,2.611847,0.0,0.0,0.215928
655,15-Jul-96,24:00:00,274.481035,0.004392,1.269918,1.269918,0.0,0.0,0.200572,0.004392,1.665304,1.665304,0.0,0.0,0.200583,0.004391,2.459744,2.459744,0.0,0.0,0.20064
656,16-Jul-96,24:00:00,268.733581,0.004301,1.195963,1.195963,0.0,0.0,0.185601,0.004301,1.568325,1.568325,0.0,0.0,0.185612,0.004301,2.3165,2.3165,0.0,0.0,0.185672
657,17-Jul-96,24:00:00,257.687832,0.004343,1.126316,1.126316,0.0,0.0,0.170753,0.004343,1.476992,1.476992,0.0,0.0,0.170764,0.004342,2.181597,2.181597,0.0,0.0,0.170826
658,18-Jul-96,24:00:00,255.655705,0.004579,1.060724,1.060724,0.0,0.0,0.155574,0.004579,1.390979,1.390979,0.0,0.0,0.155585,0.004578,2.054551,2.054551,0.0,0.0,0.15565
659,19-Jul-96,24:00:00,257.870387,0.004703,0.998953,0.998953,0.0,0.0,0.139567,0.004703,1.309975,1.309975,0.0,0.0,0.13958,0.004702,1.934903,1.934903,0.0,0.0,0.139646
660,20-Jul-96,24:00:00,256.840278,0.005008,0.940778,0.940778,0.0,0.0,0.123004,0.005008,1.233688,1.233688,0.0,0.0,0.123017,0.005008,1.822223,1.822223,0.0,0.0,0.123086
661,21-Jul-96,24:00:00,254.624406,0.004398,0.885991,0.885991,0.0,0.0,0.106736,0.004398,1.161843,1.161843,0.0,0.0,0.10675,0.004397,1.716105,1.716105,0.0,0.0,0.106821
662,22-Jul-96,24:00:00,253.605924,0.002797,0.834395,0.834395,0.0,0.0,0.094786,0.002797,1.094183,1.094183,0.0,0.0,0.0948,0.002796,1.616167,1.616167,0.0,0.0,0.094874
663,23-Jul-96,24:00:00,255.188781,0.00495,0.785804,0.785804,0.0,0.0,0.081415,0.00495,1.030463,1.030463,0.0,0.0,0.081429,0.004949,1.522049,1.522049,0.0,0.0,0.081508
664,24-Jul-96,24:00:00,256.768282,0.004784,0.740042,0.740042,0.0,0.0,0.064615,0.004783,0.970453,0.970453,0.0,0.0,0.06463,0.004783,1.433411,1.433411,0.0,0.0,0.064711
665,25-Jul-96,24:00:00,258.799344,0.003217,0.696945,0.696945,0.0,0.0,0.050926,0.003216,0.913938,0.913938,0.0,0.0,0.050943,0.003216,1.349936,1.349936,0.0,0.0,0.051026
666,26-Jul-96,24:00:00,265.823822,0.003082,0.656358,0.656358,0.0,0.0,0.039903,0.003082,0.860714,0.860714,0.0,0.0,0.039921,0.00308,1.271322,1.271322,0.0,0.0,0.040006
667,27-Jul-96,24:00:00,269.595196,0.005077,0.618135,0.618135,0.0,0.0,0.026165,0.005076,0.81059,0.81059,0.0,0.0,0.026184,0.005075,1.197286,1.197286,0.0,0.0,0.026273
668,28-Jul-96,24:00:00,269.506013,0.005089,0.582138,0.582138,0.0,0.0,0.008864,0.005088,0.763385,0.763385,0.0,0.0,0.008879,0.005087,1.127561,1.127561,0.0,0.0,0.008948
669,29-Jul-96,24:00:00,269.360507,0.005351,0.548237,0.548237,0.0,0.0,0.0,0.005351,0.718929,0.718929,0.0,0.0,0.0,0.005349,1.061897,1.061897,0.0,0.0,0.0
670,30-Jul-96,24:00:00,267.417744,0.005069,0.51631,0.51631,0.0,0.0,0.0,0.005068,0.677062,0.677062,0.0,0.0,0.0,0.005068,1.000057,1.000057,0.0,0.0,0.0
671,31-Jul-96,24:00:00,265.511657,0.004853,0.486242,0.486242,0.0,0.0,0.0,0.004854,0.637633,0.637633,0.0,0.0,0.0,0.004854,0.941818,0.941818,0.0,0.0,0.0
672,01-Aug-96,24:00:00,266.783715,0.005109,0.457926,0.457926,0.0,0.0,0.0,0.005109,0.6005,0.6005,0.0,0.0,0.0,0.005109,0.886971,0.886971,0.0,0.0,0.0
673,02-Aug-96,24:00:00,268.438816,0.0045,0.431258,0.431258,0.0,0.0,0.0,0.0045,0.56553,0.56553,0.0,0.0,0.0,0.004499,0.835318,0.835318,0.0,0.0,0.0
674,03-Aug-96,24:00:00,268.741957,0.004545,0.406144,0.406144,0.0,0.0,0.0,0.004545,0.532596,0.532596,0.0,0.0,0.0,0.004545,0.786673,0.786673,0.0,0.0,0.0
675,04-Aug-96,24:00:00,266.239758,0.004343,0.382492,0.382492,0.0,0.0,0.0,0.004343,0.50158,0.50158,0.0,0.0,0.0,0.004343,0.74086,0.74086,0.0,0.0,0.0
676,05-Aug-96,24:00:00,264.577418,0.004235,0.360217,0.360217,0.0,0.0,0.0,0.004235,0.47237,0.47237,0.0,0.0,0.0,0.004235,0.697716,0.697716,0.0,0.0,0.0
677,06-Aug-96,24:00:00,245.204298,0.004466,0.33924,0.33924,0.0,0.0,0.0,0.004466,0.444861,0.444861,0.0,0.0,0.0,0.004466,0.657084,0.657084,0.0,0.0,0.0
678,07-Aug-96,24:00:00,250.640206,0.004517,0.319484,0.319484,0.0,0.0,0.0,0.004517,0.418955,0.418955,0.0,0.0,0.0,0.004517,0.618818,0.618818,0.0,0.0,0.0
679,08-Aug-96,24:00:00,259.691487,0.004678,0.300879,0.300879,0.0,0.0,0.0,0.004678,0.394557,0.394557,0.0,0.0,0.0,0.004678,0.582781,0.582781,0.0,0.0,0.0
680,09-Aug-96,24:00:00,256.439808,0.004984,0.283357,0.283357,0.0,0.0,0.0,0.004984,0.371579,0.371579,0.0,0.0,0.0,0.004984,0.548843,0.548843,0.0,0.0,0.0
681,10-Aug-96,24:00:00,254.567233,0.005068,0.266855,0.266855,0.0,0.0,0.0,0.005068,0.34994,0.34994,0.0,0.0,0.0,0.005068,0.516881,0.516881,0.0,0.0,0.0
682,11-Aug-96,24:00:00,258.30119,0.005322,0.251315,0.251315,0.0,0.0,0.0,0.005322,0.329561,0.329561,0.0,0.0,0.0,0.00532,0.48678,0.48678,0.0,0.0,0.0
683,12-Aug-96,24:00:00,284.441707,0.004656,0.236679,0.236679,0.0,0.0,0.0,0.004655,0.310369,0.310369,0.0,0.0,0.0,0.004653,0.458432,0.458432,0.0,0.0,0.0
684,13-Aug-96,24:00:00,305.117369,0.004691,0.222896,0.222896,0.0,0.0,0.0,0.004691,0.292295,0.292295,0.0,0.0,0.0,0.00469,0.431735,0.431735,0.0,0.0,0.0
685,14-Aug-96,24:00:00,310.046033,0.004101,0.209916,0.209916,0.0,0.0,0.0,0.004101,0.275273,0.275273,0.0,0.0,0.0,0.0041,0.406593,0.406593,0.0,0.0,0.0
686,15-Aug-96,24:00:00,307.828702,0.004402,0.197691,0.197691,0.0,0.0,0.0,0.004402,0.259242,0.259242,0.0,0.0,0.0,0.004402,0.382914,0.382914,0.0,0.0,0.0
687,16-Aug-96,24:00:00,283.569226,0.004542,0.186179,0.186179,0.0,0.0,0.0,0.004542,0.244145,0.244145,0.0,0.0,0.0,0.004542,0.360615,0.360615,0.0,0.0,0.0
688,17-Aug-96,24:00:00,270.805157,0.001704,0.175336,0.175336,0.0,0.0,0.0,0.001704,0.229927,0.229927,0.0,0.0,0.0,0.001703,0.339615,0.339615,0.0,0.0,0.0
689,18-Aug-96,24:00:00,281.922874,0.003505,0.165126,0.165126,0.0,0.0,0.0,0.003504,0.216537,0.216537,0.0,0.0,0.0,0.003503,0.319837,0.319837,0.0,0.0,0.0
690,19-Aug-96,24:00:00,291.565846,0.003765,0.15551,0.15551,0.0,0.0,0.0,0.003765,0.203927,0.203927,0.0,0.0,0.0,0.003765,0.301211,0.301211,0.0,0.0,0.0
691,20-Aug-96,24:00:00,292.994956,0.002593,0.146453,0.146453,0.0,0.0,0.0,0.002592,0.192051,0.192051,0.0,0.0,0.0,0.002592,0.28367,0.28367,0.0,0.0,0.0
692,21-Aug-96,24:00:00,294.405531,0.002632,0.137924,0.137924,0.0,0.0,0.0,0.002632,0.180867,0.180867,0.0,0.0,0.0,0.002631,0.26715,0.26715,0.0,0.0,0.0
693,22-Aug-96,24:00:00,294.335942,0.004382,0.129892,0.129892,0.0,0.0,0.0,0.004381,0.170334,0.170334,0.0,0.0,0.0,0.00438,0.251593,0.251593,0.0,0.0,0.0
694,23-Aug-96,24:00:00,294.141555,0.004338,0.122328,0.122328,0.0,0.0,0.0,0.004337,0.160414,0.160414,0.0,0.0,0.0,0.004336,0.236941,0.236941,0.0,0.0,0.0
695,24-Aug-96,24:00:00,296.896572,0.003234,0.115204,0.115204,0.0,0.0,0.0,0.003233,0.151073,0.151073,0.0,0.0,0.0,0.003232,0.223143,0.223143,0.0,0.0,0.0
696,25-Aug-96,24:00:00,294.228276,0.002698,0.108495,0.108495,0.0,0.0,0.0,0.002698,0.142275,0.142275,0.0,0.0,0.0,0.002697,0.210148,0.210148,0.0,0.0,0.0
697,26-Aug-96,24:00:00,282.459546,0.00358,0.102177,0.102177,0.0,0.0,0.0,0.003579,0.13399,0.13399,0.0,0.0,0.0,0.003578,0.19791,0.19791,0.0,0.0,0.0
698,27-Aug-96,24:00:00,276.513839,0.004237,0.096227,0.096227,0.0,0.0,0.0,0.004236,0.126187,0.126187,0.0,0.0,0.0,0.004235,0.186384,0.186384,0.0,0.0,0.0
699,28-Aug-96,24:00:00,276.390884,0.004505,0.090623,0.090623,0.0,0.0,0.0,0.004505,0.118838,0.118838,0.0,0.0,0.0,0.004503,0.17553,0.17553,0.0,0.0,0.0
700,29-Aug-96,24:00:00,278.17277,0.004542,0.085345,0.085345,0.0,0.0,0.0,0.004541,0.111918,0.111918,0.0,0.0,0.0,0.00454,0.165308,0.165308,0.0,0.0,0.0
701,30-Aug-96,24:00:00,279.927994,0.003996,0.080375,0.080375,0.0,0.0,0.0,0.003995,0.1054,0.1054,0.0,0.0,0.0,0.003994,0.155681,0.155681,0.0,0.0,0.0
702,31-Aug-96,24:00:00,283.327994,0.004073,0.075695,0.075695,0.0,0.0,0.0,0.004073,0.099262,0.099262,0.0,0.0,0.0,0.004072,0.146615,0.146615,0.0,0.0,0.0
703,01-Sep-96,24:00:00,285.27382,0.0038,0.071287,0.071287,0.0,0.0,0.0,0.0038,0.093481,0.093481,0.0,0.0,0.0,0.003798,0.138077,0.138077,0.0,0.0,0.0
704,02-Sep-96,24:00:00,285.288828,0.002757,0.067135,0.067135,0.0,0.0,0.0,0.002757,0.088037,0.088037,0.0,0.0,0.0,0.002756,0.130036,0.130036,0.0,0.0,0.0
705,03-Sep-96,24:00:00,288.281057,0.003477,0.063225,0.063225,0.0,0.0,0.0,0.003476,0.082911,0.082911,0.0,0.0,0.0,0.003475,0.122463,0.122463,0.0,0.0,0.0
706,04-Sep-96,24:00:00,287.214473,0.003515,0.059543,0.059543,0.0,0.0,0.0,0.003514,0.078082,0.078082,0.0,0.0,0.0,0.003513,0.115332,0.115332,0.0,0.0,0.0
707,05-Sep-96,24:00:00,278.053079,0.003231,0.056076,0.056076,0.0,0.0,0.0,0.00323,0.073535,0.073535,0.0,0.0,0.0,0.003228,0.108615,0.108615,0.0,0.0,0.0
708,06-Sep-96,24:00:00,263.678706,0.003647,0.05281,0.05281,0.0,0.0,0.0,0.003646,0.069253,0.069253,0.0,0.0,0.0,0.003645,0.10229,0.10229,0.0,0.0,0.0
709,07-Sep-96,24:00:00,258.524042,0.003799,0.049735,0.049735,0.0,0.0,0.0,0.003799,0.06522,0.06522,0.0,0.0,0.0,0.003798,0.096333,0.096333,0.0,0.0,0.0
710,08-Sep-96,24:00:00,255.578586,0.003548,0.046839,0.046839,0.0,0.0,0.0,0.003548,0.061422,0.061422,0.0,0.0,0.0,0.003548,0.090723,0.090723,0.0,0.0,0.0
711,09-Sep-96,24:00:00,253.831284,0.003825,0.044111,0.044111,0.0,0.0,0.0,0.003825,0.057845,0.057845,0.0,0.0,0.0,0.003825,0.08544,0.08544,0.0,0.0,0.0
712,10-Sep-96,24:00:00,255.376062,0.002744,0.041542,0.041542,0.0,0.0,0.0,0.002743,0.054476,0.054476,0.0,0.0,0.0,0.002742,0.080464,0.080464,0.0,0.0,0.0
713,11-Sep-96,24:00:00,257.960477,0.002876,0.039123,0.039123,0.0,0.0,0.0,0.002875,0.051304,0.051304,0.0,0.0,0.0,0.002874,0.075778,0.075778,0.0,0.0,0.0
714,12-Sep-96,24:00:00,259.138707,0.002213,0.036844,0.036844,0.0,0.0,0.0,0.002212,0.048316,0.048316,0.0,0.0,0.0,0.002211,0.071365,0.071365,0.0,0.0,0.0
715,13-Sep-96,24:00:00,264.565161,0.002631,0.034699,0.034699,0.0,0.0,0.0,0.00263,0.045502,0.045502,0.0,0.0,0.0,0.002628,0.067209,0.067209,0.0,0.0,0.0
716,14-Sep-96,24:00:00,276.523948,0.00264,0.032678,0.032678,0.0,0.0,0.0,0.002639,0.294903,0.042852,0.000142,0.0,0.000386,0.002637,8.362115,0.063295,0.007479,0.0,0.020302
717,15-Sep-96,24:00:00,273.056493,0.002885,0.030775,0.030775,0.0,0.0,0.0,0.002884,0.081713,0.040357,0.0,0.0,0.000264,0.002882,0.07209,0.059609,0.0,0.0,0.023931
718,16-Sep-96,24:00:00,271.148348,0.002759,0.028983,0.028983,0.0,0.0,0.0,0.002758,0.038857,0.038007,0.0,0.0,0.0,0.002757,0.056138,0.056138,0.0,0.0,0.016627
719,17-Sep-96,24:00:00,272.922969,0.003067,0.027295,0.027295,0.0,0.0,0.0,0.003067,0.035793,0.035793,0.0,0.0,0.0,0.003066,0.052869,0.052869,0.0,0.0,0.006601
720,18-Sep-96,24:00:00,276.497906,0.003129,0.025706,0.025706,0.0,0.0,0.0,0.003129,0.033709,0.033709,0.0,0.0,0.0,0.003128,0.04979,0.04979,0.0,0.0,0.000384
721,19-Sep-96,24:00:00,275.670575,0.00358,0.024209,0.024209,0.0,0.0,0.0,0.003579,0.031746,0.031746,0.0,0.0,0.0,0.003579,0.04689,0.04689,0.0,0.0,0.0
722,20-Sep-96,24:00:00,272.319131,0.003554,0.022799,0.022799,0.0,0.0,0.0,0.003554,0.029897,0.029897,0.0,0.0,0.0,0.003554,0.04416,0.04416,0.0,0.0,0.0
723,21-Sep-96,24:00:00,271.714237,0.002897,0.021471,0.021471,0.0,0.0,0.0,0.002896,0.028156,0.028156,0.0,0.0,0.0,0.002895,0.041588,0.041588,0.0,0.0,0.0
724,22-Sep-96,24:00:00,271.478823,0.002682,0.020221,0.020221,0.0,0.0,0.0,0.002682,0.026516,0.026516,0.0,0.0,0.0,0.002681,0.039166,0.039166,0.0,0.0,0.0
725,23-Sep-96,24:00:00,271.088561,0.002537,0.019043,0.019043,0.0,0.0,0.0,0.002536,0.024972,0.024972,0.0,0.0,0.0,0.002535,0.036885,0.036885,0.0,0.0,0.0
726,24-Sep-96,24:00:00,272.280797,0.002509,0.017934,0.017934,0.0,0.0,0.0,0.002508,0.023518,0.023518,0.0,0.0,0.0,0.002507,0.034737,0.034737,0.0,0.0,0.0
727,25-Sep-96,24:00:00,273.059495,0.002734,0.01689,0.01689,0.0,0.0,0.0,0.002733,0.022148,0.022148,0.0,0.0,0.0,0.002733,0.032714,0.032714,0.0,0.0,0.0
728,26-Sep-96,24:00:00,271.864861,0.003175,0.015906,0.015906,0.0,0.0,0.0,0.003175,0.020858,0.020858,0.0,0.0,0.0,0.003175,0.030809,0.030809,0.0,0.0,0.0
729,27-Sep-96,24:00:00,271.077724,0.003065,0.01498,0.01498,0.0,0.0,0.0,0.003065,0.019644,0.019644,0.0,0.0,0.0,0.003065,0.029015,0.029015,0.0,0.0,0.0
730,28-Sep-96,24:00:00,271.060834,0.002897,0.014107,0.014107,0.0,0.0,0.0,0.002896,0.0185,0.0185,0.0,0.0,0.0,0.002894,0.027325,0.027325,0.0,0.0,0.0
731,29-Sep-96,24:00:00,271.057205,0.002454,0.013286,0.013286,0.0,0.0,0.0,0.002453,0.017422,0.017422,0.0,0.0,0.0,0.002451,0.025734,0.025734,0.0,0.0,0.0
732,30-Sep-96,24:00:00,271.053873,0.002,0.012512,0.012512,0.0,0.0,0.0,0.002,0.016408,0.016408,0.0,0.0,0.0,0.001999,0.024235,0.024235,0.0,0.0,0.0
733,01-Oct-96,24:00:00,271.050736,0.002699,0.011784,0.011784,0.0,0.0,0.0,0.002698,0.015452,0.015452,0.0,0.0,0.0,0.002698,0.022824,0.022824,0.0,0.0,0.0
734,02-Oct-96,24:00:00,282.481346,0.002777,0.011097,0.011097,0.0,0.0,0.0,0.002775,0.014553,0.014553,0.0,0.0,0.0,0.002773,0.021495,0.021495,0.0,0.0,0.0
735,03-Oct-96,24:00:00,311.582943,0.002675,0.010451,0.010451,0.0,0.0,0.0,0.002674,0.013705,0.013705,0.0,0.0,0.0,0.002672,0.020243,0.020243,0.0,0.0,0.0
736,04-Oct-96,24:00:00,328.812255,0.002911,0.009842,0.009842,0.0,0.0,0.0,0.00291,0.012907,0.012907,0.0,0.0,0.0,0.002909,0.019064,0.019064,0.0,0.0,0.0
737,05-Oct-96,24:00:00,328.59811,0.002745,0.009269,0.009269,0.0,0.0,0.0,0.002744,0.012155,0.012155,0.0,0.0,0.0,0.002743,0.017954,0.017954,0.0,0.0,0.0
738,06-Oct-96,24:00:00,329.470865,0.002832,0.008729,0.008729,0.0,0.0,0.0,0.002831,0.011447,0.011447,0.0,0.0,0.0,0.002828,0.016908,0.016908,0.0,0.0,0.0
739,07-Oct-96,24:00:00,333.416194,0.003312,0.008221,0.008221,0.0,0.0,0.0,0.003311,0.010781,0.010781,0.0,0.0,0.0,0.003309,0.015924,0.015924,0.0,0.0,0.0
740,08-Oct-96,24:00:00,335.006699,0.003022,0.007742,0.007742,0.0,0.0,0.0,0.003021,0.010153,0.010153,0.0,0.0,0.0,0.003019,0.014996,0.014996,0.0,0.0,0.0
741,09-Oct-96,24:00:00,335.031209,0.002215,0.007291,0.007291,0.0,0.0,0.0,0.002214,0.009562,0.009562,0.0,0.0,0.0,0.002212,0.014123,0.014123,0.0,0.0,0.0
742,10-Oct-96,24:00:00,335.029565,0.002223,0.006867,0.006867,0.0,0.0,0.0,0.002222,0.009005,0.009005,0.0,0.0,0.0,0.00222,0.013301,0.013301,0.0,0.0,0.0
743,11-Oct-96,24:00:00,333.222545,0.001927,0.006467,0.006467,0.0,0.0,0.0,0.001926,0.00848,0.00848,0.0,0.0,0.0,0.001925,0.012526,0.012526,0.0,0.0,0.0
744,12-Oct-96,24:00:00,328.435463,0.001901,0.00609,0.00609,0.0,0.0,0.0,0.0019,0.007987,0.007987,0.0,0.0,0.0,0.001897,0.011797,0.011797,0.0,0.0,0.0
745,13-Oct-96,24:00:00,324.633971,0.002432,0.005736,0.005736,0.0,0.0,0.0,0.002431,0.007521,0.007521,0.0,0.0,0.0,0.002429,1.762142,0.01111,0.001613,0.0,0.003272
746,14-Oct-96,24:00:00,325.862654,0.002766,0.005402,0.005402,0.0,0.0,0.0,0.002766,0.007083,0.007083,0.0,0.0,0.0,0.002765,0.051454,0.010463,0.0,0.0,0.004968
747,15-Oct-96,24:00:00,333.018277,0.001816,0.005087,0.005087,0.0,0.0,0.0,0.001815,0.006671,0.006671,0.0,0.0,0.0,0.001813,0.009853,0.009853,0.0,0.0,0.00151
748,16-Oct-96,24:00:00,335.750811,0.001885,0.004791,0.004791,0.0,0.0,0.0,0.001885,0.006282,0.006282,0.0,0.0,0.0,0.001884,0.00928,0.00928,0.0,0.0,0.0
749,17-Oct-96,24:00:00,362.345578,0.00123,0.984015,0.004512,0.009125,0.0,0.022472,0.00123,20.63664,0.005917,0.012104,0.0,0.030222,0.001229,13.461932,0.008739,0.012161,0.0,0.030757
750,18-Oct-96,24:00:00,347.074583,0.001548,0.285563,0.004249,0.0,0.0,0.031286,0.001547,4.274865,0.005572,0.0,0.0,0.041499,0.001546,0.068715,0.00823,0.0,0.0,0.041695
751,19-Oct-96,24:00:00,333.640911,0.001751,0.018639,0.004002,0.0,0.0,0.030862,0.00175,0.116839,0.005247,0.0,0.0,0.041077,0.001748,0.007751,0.007751,0.0,0.0,0.041278
752,20-Oct-96,24:00:00,309.772867,0.001655,0.003769,0.003769,0.0,0.0,0.027348,0.001655,0.004942,0.004942,0.0,0.0,0.037569,0.001654,0.0073,0.0073,0.0,0.0,0.03778
753,21-Oct-96,24:00:00,248.924093,0.001616,0.003549,0.003549,0.0,0.0,0.021833,0.001615,0.004654,0.004654,0.0,0.0,0.032056,0.001613,0.006875,0.006875,0.0,0.0,0.03227
754,22-Oct-96,24:00:00,207.693526,0.001702,0.003342,0.003342,0.0,0.0,0.01613,0.0017,0.004383,0.004383,0.0,0.0,0.026358,0.001698,0.006474,0.006474,0.0,0.0,0.026578
755,23-Oct-96,24:00:00,191.116788,0.000597,0.003148,0.003148,0.0,0.0,0.012995,0.000597,0.813069,0.004128,0.000515,0.0,0.024329,0.000597,5.429714,0.006097,0.004951,0.0,0.034442
756,24-Oct-96,24:00:00,179.531694,0.001026,0.002964,0.002964,0.0,0.0,0.012995,0.001025,2.763519,0.003887,0.002132,0.0,0.028163,0.001025,2.248121,0.005742,0.002128,0.0,0.043671
757,25-Oct-96,24:00:00,178.157623,0.002075,0.002792,0.002792,0.0,0.0,0.012995,0.002075,1.82931,0.003661,0.0,0.0,0.032301,0.002074,0.206037,0.005408,0.0,0.0,0.047724
758,26-Oct-96,24:00:00,173.574913,0.001696,0.002629,0.002629,0.0,0.0,0.01112,0.001694,0.078701,0.003448,0.0,0.0,0.032246,0.001692,0.005093,0.005093,0.0,0.0,0.047672
759,27-Oct-96,24:00:00,172.173172,0.001831,0.002476,0.002476,0.0,0.0,0.005708,0.001829,0.003247,0.003247,0.0,0.0,0.029216,0.001827,0.004796,0.004796,0.0,0.0,0.044655
760,28-Oct-96,24:00:00,239.6933,0.000949,1.386107,0.002332,0.017701,0.0,0.038154,0.000948,15.96419,0.003058,0.012231,0.0,0.051397,0.000946,7.748835,0.004517,0.008083,0.0,0.059506
761,29-Oct-96,24:00:00,319.764031,0.000834,1.025926,0.002196,0.0,0.0,0.062964,0.000833,8.955931,0.00288,0.0,0.0,0.06772,0.000832,1.242141,0.004254,0.0,0.0,0.068943
762,30-Oct-96,24:00:00,328.816223,0.001067,0.06869,0.002068,0.0,0.0,0.062964,0.001065,0.362018,0.002712,0.0,0.0,0.06772,0.001064,0.004006,0.004006,0.0,0.0,0.068943
763,31-Oct-96,24:00:00,326.43538,0.00144,0.001948,0.001948,0.0,0.0,0.062964,0.001439,0.002554,0.002554,0.0,0.0,0.06772,0.001437,0.003773,0.003773,0.0,0.0,0.068943
764,01-Nov-96,24:00:00,326.014682,0.001456,0.001834,0.001834,0.0,0.0,0.062092,0.001455,0.002405,0.002405,0.0,0.0,0.066854,0.001453,0.003553,0.003553,0.0,0.0,0.068086
765,02-Nov-96,24:00:00,326.007485,0.000589,0.001728,0.001728,0.0,0.0,0.059878,0.000588,0.002265,0.002265,0.0,0.0,0.064648,0.000587,0.003346,0.003346,0.0,0.0,0.065894
766,03-Nov-96,24:00:00,329.015838,0.001419,0.001627,0.001627,0.0,0.0,0.056499,0.001418,0.002134,0.002134,0.0,0.0,0.061273,0.001416,0.003151,0.003151,0.0,0.0,0.062523
767,04-Nov-96,24:00:00,278.018071,0.001416,0.001532,0.001532,0.0,0.0,0.051651,0.001415,0.002009,0.002009,0.0,0.0,0.056429,0.001414,0.002968,0.002968,0.0,0.0,0.057684
768,05-Nov-96,24:00:00,203.839863,0.001333,0.001443,0.001443,0.0,0.0,0.046879,0.001332,0.001892,0.001892,0.0,0.0,0.051659,0.001331,0.002795,0.002795,0.0,0.0,0.052918
769,06-Nov-96,24:00:00,172.78716,0.001221,0.001359,0.001359,0.0,0.0,0.04248,0.001219,0.001782,0.001782,0.0,0.0,0.047264,0.001217,0.002632,0.002632,0.0,0.0,0.048528
770,07-Nov-96,24:00:00,170.157336,0.001396,0.00128,0.00128,0.0,0.0,0.038046,0.001394,0.001678,0.001678,0.0,0.0,0.042836,0.001392,0.002479,0.002479,0.0,0.0,0.044108
771,08-Nov-96,24:00:00,170.012151,0.001238,0.001206,0.001206,0.0,0.0,0.033449,0.001236,0.00158,0.00158,0.0,0.0,0.038245,0.001234,0.002334,0.002334,0.0,0.0,0.039526
772,09-Nov-96,24:00:00,170.005217,0.001234,0.001135,0.001135,0.0,0.0,0.029251,0.001233,0.001488,0.001488,0.0,0.0,0.034052,0.00123,0.002199,0.002199,0.0,0.0,0.035341
773,10-Nov-96,24:00:00,170.004652,0.001447,0.001069,0.001069,0.0,0.0,0.024747,0.001446,0.001402,0.001402,0.0,0.0,0.029552,0.001443,0.002071,0.002071,0.0,0.0,0.030849
774,11-Nov-96,24:00:00,168.276633,0.000854,0.001007,0.001007,0.0,0.0,0.020743,0.000853,0.00132,0.00132,0.0,0.0,0.025552,0.000852,0.00195,0.00195,0.0,0.0,0.026855
775,12-Nov-96,24:00:00,164.927469,0.001384,0.000948,0.000948,0.0,0.0,0.01699,0.001383,0.001243,0.001243,0.0,0.0,0.021801,0.001381,0.001836,0.001836,0.0,0.0,0.023108
776,13-Nov-96,24:00:00,164.475872,0.001194,0.000893,0.000893,0.0,0.0,0.012512,0.001193,0.001171,0.001171,0.0,0.0,0.017328,0.00119,0.001729,0.001729,0.0,0.0,0.018642
777,14-Nov-96,24:00:00,167.576426,0.001162,0.000841,0.000841,0.0,0.0,0.008447,0.001161,0.001103,0.001103,0.0,0.0,0.013268,0.001159,0.001629,0.001629,0.0,0.0,0.01459
778,15-Nov-96,24:00:00,169.818242,0.000449,0.021678,0.000792,0.006217,0.0,0.00745,0.000448,0.196212,0.001038,0.005018,0.0,0.011623,0.000447,0.113325,0.001534,0.004271,0.0,0.012487
779,16-Nov-96,24:00:00,224.971606,0.000488,2.970646,0.000746,0.035805,0.0,0.087355,0.000487,44.067948,0.000978,0.036898,0.0,0.087609,0.000487,34.178907,0.001445,0.043502,0.0,0.095412
780,17-Nov-96,24:00:00,306.824152,0.000388,5.301798,0.000702,0.026145,0.0,0.210695,0.000388,82.827284,0.000921,0.026626,0.0,0.216864,0.000388,51.022559,0.00136,0.029955,0.0,0.245953
781,18-Nov-96,24:00:00,332.877615,0.000478,7.047632,0.000662,0.064502,0.0,0.367642,0.000478,109.344366,0.000867,0.063256,0.0,0.374985,0.000478,72.4135,0.001281,0.066027,0.0,0.418086
782,19-Nov-96,24:00:00,273.363431,0.00067,3.028213,0.000623,0.0,0.0,0.45971,0.00067,34.704602,0.000817,0.0,0.0,0.461544,0.00067,2.021911,0.001207,0.0,0.0,0.503859
783,20-Nov-96,24:00:00,188.057722,0.000562,0.428943,0.000587,0.004134,0.0,0.465218,0.000562,7.742918,0.000769,0.006169,0.0,0.46984,0.000562,9.540889,0.001136,0.009718,0.0,0.517474
784,21-Nov-96,24:00:00,245.479112,0.00054,3.582122,0.000552,0.029503,0.0,0.552086,0.000539,48.915904,0.000725,0.024393,0.0,0.548846,0.000538,20.160745,0.00107,0.017038,0.0,0.583591
785,22-Nov-96,24:00:00,200.290145,0.000441,0.829528,0.00052,0.0,0.0,0.575038,0.00044,7.549616,0.000682,0.0,0.0,0.566328,0.000439,0.033691,0.001008,0.0,0.0,0.595595
786,23-Nov-96,24:00:00,178.864505,0.000572,0.040333,0.00049,0.0,0.0,0.575038,0.000571,0.15721,0.000643,0.0,0.0,0.566328,0.00057,0.000949,0.000949,0.0,0.0,0.595595
787,24-Nov-96,24:00:00,177.074569,0.001102,0.000462,0.000462,0.0,0.0,0.575038,0.001101,0.000605,0.000605,0.0,0.0,0.566328,0.001099,0.000894,0.000894,0.0,0.0,0.595595
788,25-Nov-96,24:00:00,177.004606,0.000907,0.000435,0.000435,0.0,0.0,0.575038,0.000905,0.00057,0.00057,0.0,0.0,0.566328,0.000903,0.000842,0.000842,0.0,0.0,0.595595
789,26-Nov-96,24:00:00,288.770513,0.000892,0.00041,0.00041,0.0,0.0,0.57483,0.00089,0.000537,0.000537,0.0,0.0,0.566071,0.000888,0.000793,0.000793,0.0,0.0,0.595256
790,27-Nov-96,24:00:00,445.432023,0.00151,0.000386,0.000386,0.0,0.0,0.572192,0.001508,0.000506,0.000506,0.0,0.0,0.563358,0.001506,0.000747,0.000747,0.0,0.0,0.592432
791,28-Nov-96,24:00:00,400.477698,0.000978,0.000363,0.000363,0.0,0.0,0.567696,0.000977,0.000476,0.000476,0.0,0.0,0.558868,0.000975,0.000703,0.000703,0.0,0.0,0.587951
792,29-Nov-96,24:00:00,276.482953,0.000469,0.000475,0.000342,0.000288,0.0,0.56522,0.000468,0.067012,0.000448,0.004403,0.0,0.557089,0.000467,0.475088,0.000662,0.008753,0.0,0.587413
793,30-Nov-96,24:00:00,268.097166,0.001196,0.780905,0.000322,0.00604,0.0,0.585344,0.001195,20.358692,0.000422,0.006276,0.0,0.591621,0.001193,14.878089,0.000624,0.005062,0.0,0.631764
794,01-Dec-96,24:00:00,238.780038,0.00068,0.100867,0.000303,0.0,0.0,0.5861,0.000678,1.639604,0.000398,0.0,0.0,0.592194,0.000676,0.000587,0.000587,0.0,0.0,0.632039
795,02-Dec-96,24:00:00,269.010905,0.000306,0.0034,0.000286,0.0,0.0,0.5861,0.000306,0.001818,0.000374,0.0,0.0,0.592194,0.000305,0.000553,0.000553,0.0,0.0,0.632039
796,03-Dec-96,24:00:00,347.545566,0.000248,1.796663,0.000269,0.093753,0.0,0.646503,0.000248,40.731014,0.000353,0.105575,0.0,0.663844,0.000247,53.644425,0.678095,0.110136,0.002814,0.712541
797,04-Dec-96,24:00:00,1852.949911,0.000522,12.629152,0.000253,0.017805,0.0,0.964904,0.000521,254.359353,52.90309,0.017631,0.004263,0.998124,0.000521,812.95987,719.521302,0.021616,0.021616,1.0
798,05-Dec-96,24:00:00,1663.2625,0.000616,1.497578,0.000238,0.002791,0.0,0.977991,0.000615,131.895827,111.473092,0.004221,0.004221,1.0,0.000614,236.568916,230.34543,0.005601,0.005601,1.0
799,06-Dec-96,24:00:00,1006.948776,0.000474,13.232587,12.277942,0.015766,0.009394,0.99004,0.000473,138.8768,120.922575,0.016997,0.016997,1.0,0.000473,451.949586,433.588816,0.019241,0.019241,1.0
800,07-Dec-96,24:00:00,1240.283614,0.000489,133.838376,132.610182,0.000687,0.000687,1.0,0.000488,314.659766,297.487771,0.001781,0.001781,1.0,0.000488,263.903187,260.842914,0.001279,0.001279,1.0
801,08-Dec-96,24:00:00,2870.275211,0.000493,750.752809,352.135751,0.065431,0.065431,1.0,0.000493,878.604896,513.254,0.06499,0.06499,1.0,0.000493,1642.926913,1317.771002,0.059552,0.059552,1.0
802,09-Dec-96,24:00:00,8178.507917,0.000566,2327.009167,1140.064113,0.031779,0.031779,1.0,0.000565,2582.08125,1356.69375,0.029406,0.029406,1.0,0.000565,2801.823885,1479.32832,0.02637,0.02637,1.0
803,10-Dec-96,24:00:00,3761.39875,0.000342,1004.657039,814.924853,0.0218,0.0218,1.0,0.000342,1005.018123,838.197678,0.022922,0.022922,1.0,0.000342,712.139313,686.509242,0.026127,0.026127,1.0
804,11-Dec-96,24:00:00,3418.263333,0.000771,563.789526,554.937387,0.002715,0.002715,1.0,0.00077,643.116422,620.973771,0.002602,0.002602,1.0,0.000769,567.297864,563.718641,0.002523,0.002523,1.0
805,12-Dec-96,24:00:00,1928.0825,0.000995,314.634832,313.919892,0.002279,0.002279,1.0,0.000993,364.606683,353.336879,0.002892,0.002892,1.0,0.000991,424.711518,417.39356,0.004148,0.004148,1.0
806,13-Dec-96,24:00:00,1121.687862,0.000836,189.509893,189.442823,0.0,0.0,1.0,0.000835,218.883284,218.06833,0.0,0.0,1.0,0.000833,216.683791,216.683791,0.0,0.0,1.0
807,14-Dec-96,24:00:00,903.543429,0.000791,132.292346,132.290804,0.0,0.0,1.0,0.00079,158.069069,158.069069,0.0,0.0,1.0,0.000788,201.636718,201.636718,0.0,0.0,1.0
808,15-Dec-96,24:00:00,771.828922,0.000719,115.692161,115.692161,0.0,0.0,1.0,0.000718,141.938308,141.938308,0.0,0.0,1.0,0.000715,189.891598,189.891598,0.0,0.0,1.0
809,16-Dec-96,24:00:00,712.119362,0.000649,107.734745,107.734745,0.0,0.0,1.0,0.000648,132.977085,132.977085,0.0,0.0,1.0,0.000646,178.833164,178.833164,0.0,0.0,1.0
810,17-Dec-96,24:00:00,738.898855,0.000842,101.31992,101.31992,0.0,0.0,0.998998,0.000841,125.174972,125.174972,0.0,0.0,0.999013,0.000838,168.418726,168.418726,0.0,0.0,0.999035
811,18-Dec-96,24:00:00,746.96433,0.000759,95.404841,95.404841,0.0,0.0,0.996534,0.000757,117.880983,117.880983,0.0,0.0,0.996563,0.000755,158.610778,158.610778,0.0,0.0,0.996609
812,19-Dec-96,24:00:00,707.398976,0.000234,92.652321,92.562091,0.012154,0.010736,0.996151,0.000234,117.101887,115.029464,0.0135,0.011859,0.995959,0.000233,193.134314,188.738678,0.015439,0.013813,0.996068
813,20-Dec-96,24:00:00,2485.739946,0.000253,436.493524,432.274317,0.026988,0.026988,1.0,0.000253,637.856682,570.406119,0.027304,0.027304,1.0,0.000252,1365.03749,1320.024632,0.030451,0.030451,1.0
814,21-Dec-96,24:00:00,2806.900417,0.000496,645.843138,642.322175,0.023509,0.023509,1.0,0.000496,847.372352,788.58127,0.028319,0.028319,1.0,0.000495,1120.602393,1086.292852,0.030556,0.030556,1.0
815,22-Dec-96,24:00:00,2908.294583,0.00039,508.947334,508.06606,0.0,0.0,1.0,0.000389,643.071239,629.000734,0.0,0.0,1.0,0.000388,399.343154,398.113529,0.0,0.0,1.0
816,23-Dec-96,24:00:00,1832.240417,0.000818,224.776732,224.731614,0.0,0.0,1.0,0.000816,257.062478,256.611293,0.0,0.0,1.0,0.000815,227.361801,227.361801,0.0,0.0,1.0
817,24-Dec-96,24:00:00,1111.828611,0.000548,148.825285,148.675179,0.001674,0.001674,1.0,0.000547,168.037795,168.037795,0.0,0.0,1.0,0.000546,213.798237,213.798237,0.0,0.0,1.0
818,25-Dec-96,24:00:00,1997.968986,0.000213,306.999274,287.304923,0.050722,0.050722,1.0,0.000213,500.299162,337.027875,0.050166,0.050166,1.0,0.000212,1629.616947,1001.851295,0.050604,0.050604,1.0
819,26-Dec-96,24:00:00,5489.20625,0.000432,971.264201,916.608485,0.016552,0.016552,1.0,0.000432,1307.375833,1100.706167,0.016854,0.016854,1.0,0.000432,1606.66401,1478.10701,0.020063,0.020063,1.0
820,27-Dec-96,24:00:00,3497.130417,0.000513,806.75234,800.353871,0.018021,0.018021,1.0,0.000513,881.482212,839.686,0.014125,0.014125,1.0,0.000512,713.045571,699.911619,0.011398,0.011398,1.0
821,28-Dec-96,24:00:00,2332.28125,0.000585,580.872889,578.177004,0.029506,0.029506,1.0,0.000584,588.51563,556.253635,0.02364,0.02364,1.0,0.000584,1322.690725,1051.482301,0.039366,0.039366,1.0
822,29-Dec-96,24:00:00,3176.983333,0.000331,803.282248,733.693611,0.041532,0.041532,1.0,0.000331,849.950856,745.273657,0.040489,0.040489,1.0,0.000331,1816.461398,1389.077934,0.043792,0.043792,1.0
823,30-Dec-96,24:00:00,12999.47625,0.000467,3889.617917,1229.987739,0.062768,0.062768,1.0,0.000467,3592.704583,1379.958316,0.052812,0.052812,1.0,0.000467,5459.74,2142.935833,0.053935,0.053935,1.0
824,31-Dec-96,24:00:00,15305.660833,0.00032,4523.63875,1616.115417,0.07,0.07,1.0,0.00032,4562.980833,1676.533333,0.069623,0.069623,1.0,0.00032,7274.935417,2360.64125,0.07,0.07,1.0
825,01-Jan-97,24:00:00,8007.173333,0.000503,2330.4975,1561.587917,0.009843,0.009843,1.0,0.000503,2258.17625,1623.734583,0.007583,0.007583,1.0,0.000503,1791.81391,1514.726354,0.015233,0.015233,1.0
826,02-Jan-97,24:00:00,4134.307083,0.001085,896.564625,855.729518,0.002051,0.002051,1.0,0.001084,874.228254,842.383576,0.003238,0.003238,1.0,0.001083,824.164841,815.046021,0.002848,0.002848,1.0
827,03-Jan-97,24:00:00,4659.637083,0.000296,466.079222,466.009131,0.0,0.0,1.0,0.000295,472.842517,471.990767,0.0,0.0,1.0,0.000295,517.177961,517.151298,0.0,0.0,1.0
828,04-Jan-97,24:00:00,4713.18375,0.001002,346.982965,346.981618,0.0,0.0,1.0,0.001001,366.106688,366.106688,0.0,0.0,1.0,0.000999,480.679496,480.679496,0.0,0.0,1.0
829,05-Jan-97,24:00:00,4467.38375,0.000752,311.683686,311.683686,0.0,0.0,1.0,0.000751,334.709799,334.709799,0.0,0.0,1.0,0.000748,452.677116,452.677116,0.0,0.0,1.0
830,06-Jan-97,24:00:00,4249.6325,0.000824,291.605974,291.605974,0.0,0.0,1.0,0.000823,314.257864,314.257864,0.0,0.0,1.0,0.000821,426.315233,426.315233,0.0,0.0,1.0
831,07-Jan-97,24:00:00,3022.518333,0.000788,274.410455,274.410455,0.0,0.0,0.999146,0.000787,295.878869,295.878869,0.0,0.0,0.999157,0.000785,401.488554,401.488554,0.0,0.0,0.999592
832,08-Jan-97,24:00:00,1639.839167,0.000715,258.408334,258.408334,0.0,0.0,0.996876,0.000714,278.64246,278.64246,0.0,0.0,0.9969,0.000712,378.107669,378.107669,0.0,0.0,0.997813
833,09-Jan-97,24:00:00,1174.395833,0.000788,243.357724,243.357724,0.0,0.0,0.994326,0.000787,262.415181,262.415181,0.0,0.0,0.994354,0.000785,356.088381,356.088381,0.0,0.0,0.995273
834,10-Jan-97,24:00:00,1073.255417,0.000528,229.185477,229.185477,0.0,0.0,0.992056,0.000527,247.133276,247.133276,0.0,0.0,0.992088,0.000526,335.351398,335.351398,0.0,0.0,0.993013
835,11-Jan-97,24:00:00,1017.757815,0.000518,215.83873,215.83873,0.0,0.0,0.990262,0.000517,232.741346,232.741346,0.0,0.0,0.990297,0.000516,315.822043,315.822043,0.0,0.0,0.991227
836,12-Jan-97,24:00:00,972.785476,0.000912,203.269253,203.269253,0.0,0.0,0.987906,0.000911,219.187538,219.187538,0.0,0.0,0.987944,0.000909,297.429989,297.429989,0.0,0.0,0.988878
837,13-Jan-97,24:00:00,1034.551347,0.001256,191.431767,191.431767,0.0,0.0,0.98461,0.001255,206.423043,206.423043,0.0,0.0,0.984652,0.001253,280.109006,280.109006,0.0,0.0,0.985592
838,14-Jan-97,24:00:00,1106.0,0.000509,180.283644,180.283644,0.0,0.0,0.981707,0.000508,194.401895,194.401895,0.0,0.0,0.981752,0.000507,263.79672,263.79672,0.0,0.0,0.9827
839,15-Jan-97,24:00:00,1097.947083,0.000518,169.784736,169.784736,0.0,0.0,0.981694,0.000518,183.080804,183.080804,0.0,0.0,0.981674,0.000518,248.434387,248.434387,0.0,0.0,0.982698
840,16-Jan-97,24:00:00,994.67674,0.000557,159.897238,159.897238,0.0,0.0,0.980705,0.000556,172.419002,172.419002,0.0,0.0,0.980528,0.000556,233.966687,233.966687,0.0,0.0,0.982698
841,17-Jan-97,24:00:00,894.843914,0.000638,150.585543,150.585543,0.0,0.0,0.978737,0.000637,162.378096,162.378096,0.0,0.0,0.978563,0.000635,220.341521,220.341521,0.0,0.0,0.982139
842,18-Jan-97,24:00:00,847.124738,0.000548,141.816119,141.816119,0.0,0.0,0.976756,0.000547,152.921927,152.921927,0.0,0.0,0.976586,0.000546,207.509823,207.509823,0.0,0.0,0.980557
843,19-Jan-97,24:00:00,871.778049,0.00027,133.927267,133.557387,0.004091,0.0,0.983869,0.00027,152.945219,144.060817,0.007795,0.000649,0.987819,0.000269,344.554214,330.662481,0.017433,0.011445,0.992639
844,20-Jan-97,24:00:00,1810.249583,0.000263,208.225532,206.475867,0.015122,0.012116,0.999581,0.000262,363.948659,327.286005,0.019351,0.019351,1.0,0.000262,1020.567065,991.406616,0.026489,0.026489,1.0
845,21-Jan-97,24:00:00,6040.169583,0.000246,1810.274894,507.454829,0.049535,0.049535,1.0,0.000246,2051.743217,711.888032,0.048633,0.048633,1.0,0.000245,2931.663234,1506.066647,0.046765,0.046765,1.0
846,22-Jan-97,24:00:00,6425.49125,0.000603,1671.797321,815.018198,0.0,0.0,1.0,0.000603,1568.932596,935.534415,0.0,0.0,1.0,0.000602,678.575711,627.596144,0.0,0.0,1.0
847,23-Jan-97,24:00:00,3233.042083,0.000361,447.412954,391.718598,0.021869,0.021869,1.0,0.000361,439.094129,390.776311,0.022271,0.022271,1.0,0.00036,548.864093,421.58835,0.022566,0.022566,1.0
848,24-Jan-97,24:00:00,11097.547083,0.000481,2669.431521,821.650869,0.07,0.07,1.0,0.000481,3400.638431,1020.543356,0.069529,0.069529,1.0,0.00048,5378.311667,2170.661667,0.068235,0.068235,1.0
849,25-Jan-97,24:00:00,8461.250833,0.000739,2615.124167,1443.759167,0.023785,0.023785,1.0,0.000738,2720.565,1677.67625,0.024661,0.024661,1.0,0.000737,2296.636211,1794.420855,0.024742,0.024742,1.0
850,26-Jan-97,24:00:00,3700.657083,0.000574,934.855877,842.853852,0.000823,0.000823,1.0,0.000574,914.575279,863.444569,0.004183,0.004183,1.0,0.000573,453.30181,452.626579,0.007691,0.007691,1.0
851,27-Jan-97,24:00:00,4260.122917,0.000313,382.542438,381.268956,0.0,0.0,1.0,0.000313,497.577411,482.10878,0.004584,0.004584,1.0,0.000313,879.044484,861.329319,0.008914,0.008914,1.0
852,28-Jan-97,24:00:00,4469.24375,0.000846,265.019729,265.010188,0.0,0.0,1.0,0.000846,388.497727,386.063119,0.0,0.0,1.0,0.000845,414.052531,413.962273,0.0,0.0,1.0
853,29-Jan-97,24:00:00,3520.330833,0.000684,231.856242,231.856101,0.0,0.0,1.0,0.000648,287.574408,287.515682,0.0,0.0,1.0,0.000647,368.404007,368.404007,0.0,0.0,1.0
854,30-Jan-97,24:00:00,1975.516667,0.000395,215.795436,215.795436,0.0,0.0,1.0,0.000372,256.421645,256.421645,0.0,0.0,1.0,0.000371,346.916417,346.916417,0.0,0.0,1.0
855,31-Jan-97,24:00:00,1247.81125,0.000934,202.920613,202.920613,0.0,0.0,1.0,0.000933,239.901344,239.901344,0.0,0.0,1.0,0.000932,326.713542,326.713542,0.0,0.0,1.0
856,01-Feb-97,24:00:00,1097.0775,0.000972,191.070388,191.070388,0.0,0.0,1.0,0.00097,225.790996,225.790996,0.0,0.0,1.0,0.000968,307.687217,307.687217,0.0,0.0,1.0
857,02-Feb-97,24:00:00,1054.190833,0.000738,179.940354,179.940024,0.000715,0.0,0.999049,0.000738,212.856978,212.823833,0.002819,0.002819,1.0,0.000736,293.615527,293.318966,0.005733,0.005733,1.0
858,03-Feb-97,24:00:00,1752.9125,0.000831,217.013137,216.410513,0.004103,0.004102,1.0,0.00083,314.55897,301.684112,0.003896,0.003896,1.0,0.000829,600.070061,588.657102,0.004805,0.004805,1.0
859,04-Feb-97,24:00:00,1551.8825,0.001233,199.40546,199.336764,0.0,0.0,1.0,0.001233,254.410968,253.443609,0.0,0.0,1.0,0.001232,277.253312,277.253312,0.0,0.0,1.0
860,05-Feb-97,24:00:00,1194.604167,0.000929,162.221232,162.219447,0.0,0.0,1.0,0.000928,194.36017,194.36017,0.0,0.0,1.0,0.000926,257.751667,257.751667,0.0,0.0,1.0
861,06-Feb-97,24:00:00,1066.31375,0.000508,146.785641,146.785641,0.0,0.0,1.0,0.000508,175.820282,175.820282,0.0,0.0,1.0,0.000507,242.737691,242.737691,0.0,0.0,1.0
862,07-Feb-97,24:00:00,864.478582,0.001348,137.358896,137.358896,0.0,0.0,0.999069,0.001347,164.830229,164.830229,0.0,0.0,0.999074,0.001346,228.601738,228.601738,0.0,0.0,0.999084
863,08-Feb-97,24:00:00,751.755804,0.000385,129.254839,129.254839,0.0,0.0,0.997035,0.000384,155.167391,155.167391,0.0,0.0,0.997048,0.000384,215.289003,215.289003,0.0,0.0,0.997073
864,09-Feb-97,24:00:00,724.999478,0.001223,121.716478,121.716478,0.0,0.0,0.994397,0.001222,146.126299,146.126299,0.0,0.0,0.994412,0.001221,202.751541,202.751541,0.0,0.0,0.996385
865,10-Feb-97,24:00:00,700.98924,0.001231,114.627161,114.627161,0.0,0.0,0.990249,0.00123,137.616221,137.616221,0.0,0.0,0.990268,0.001228,190.944204,190.944204,0.0,0.0,0.996385
866,11-Feb-97,24:00:00,675.979808,0.00146,107.951689,107.951689,0.0,0.0,0.985722,0.001459,129.602049,129.602049,0.0,0.0,0.985745,0.001457,179.824474,179.824474,0.0,0.0,0.994422
867,12-Feb-97,24:00:00,651.415351,0.001643,101.66506,101.66506,0.0,0.0,0.980362,0.001642,122.054608,122.054608,0.0,0.0,0.980388,0.001641,169.352307,169.352307,0.0,0.0,0.989228
868,13-Feb-97,24:00:00,628.271713,0.00137,95.744544,95.744544,0.0,0.0,0.97506,0.001368,114.946698,114.946698,0.0,0.0,0.97509,0.001366,159.489991,159.489991,0.0,0.0,0.983937
869,14-Feb-97,24:00:00,606.475814,0.001114,90.168813,90.168813,0.0,0.0,0.970776,0.001113,108.25272,108.25272,0.0,0.0,0.970811,0.001111,150.202012,150.202012,0.0,0.0,0.979665
870,15-Feb-97,24:00:00,586.113434,0.001564,84.917787,84.917787,0.0,0.0,0.966385,0.001564,101.948569,101.948569,0.0,0.0,0.966423,0.001562,141.454924,141.454924,0.0,0.0,0.975283
871,16-Feb-97,24:00:00,576.073692,0.001696,79.972558,79.972558,0.0,0.0,0.962596,0.001695,100.077983,96.011544,0.00231,0.0,0.969646,0.001694,139.611429,133.217226,0.005754,0.0,0.990358
872,17-Feb-97,24:00:00,551.197873,0.001633,75.315316,75.315316,0.0,0.0,0.958522,0.001632,91.111841,90.420264,0.0,0.0,0.971365,0.00163,125.459255,125.459255,0.0,0.0,0.992043
873,18-Feb-97,24:00:00,541.547033,0.001132,70.929292,70.929292,0.0,0.0,0.955467,0.001132,85.169465,85.154595,0.0,0.0,0.971365,0.00113,136.089198,132.937474,0.002867,0.000546,0.997348
874,19-Feb-97,24:00:00,554.727856,0.001538,66.798689,66.798689,0.0,0.0,0.953446,0.001538,80.195575,80.195575,0.0,0.0,0.971365,0.001536,113.803233,113.769249,0.0,0.0,1.0
875,20-Feb-97,24:00:00,523.272515,0.001383,62.908634,62.908634,0.0,0.0,0.948837,0.001382,75.525346,75.525346,0.0,0.0,0.970324,0.00138,105.627186,105.627186,0.0,0.0,1.0
876,21-Feb-97,24:00:00,492.117375,0.001834,59.245119,59.245119,0.0,0.0,0.943286,0.001833,71.12709,71.12709,0.0,0.0,0.965692,0.001832,99.473509,99.473509,0.0,0.0,0.997378
877,22-Feb-97,24:00:00,478.275985,0.002439,55.79495,55.79495,0.0,0.0,0.936136,0.002438,66.984968,66.984968,0.0,0.0,0.958547,0.002435,93.680618,93.680618,0.0,0.0,0.990388
878,23-Feb-97,24:00:00,459.486814,0.002076,52.545703,52.545703,0.0,0.0,0.928319,0.002075,63.084065,63.084065,0.0,0.0,0.950734,0.002074,88.225081,88.225081,0.0,0.0,0.982581
879,24-Feb-97,24:00:00,439.332345,0.002392,49.485678,49.485678,0.0,0.0,0.921265,0.00239,59.410334,59.410334,0.0,0.0,0.943684,0.002388,83.087249,83.087249,0.0,0.0,0.975536
880,25-Feb-97,24:00:00,410.757379,0.002158,46.603855,46.603855,0.0,0.0,0.912939,0.002157,55.950543,55.950543,0.0,0.0,0.935362,0.002155,78.248622,78.248622,0.0,0.0,0.967224
881,26-Feb-97,24:00:00,378.610728,0.001317,43.889857,43.889857,0.0,0.0,0.906818,0.001316,52.692236,52.692236,0.0,0.0,0.929246,0.001314,73.691775,73.691775,0.0,0.0,0.961114
882,27-Feb-97,24:00:00,359.973757,0.002018,41.333909,41.333909,0.0,0.0,0.900919,0.002017,49.623677,49.623677,0.0,0.0,0.92335,0.002016,69.400298,69.400298,0.0,0.0,0.955222
883,28-Feb-97,24:00:00,348.786259,0.001297,38.926808,38.926808,0.0,0.0,0.895317,0.001296,46.733818,46.733818,0.0,0.0,0.917749,0.001295,65.358737,65.358737,0.0,0.0,0.949624
884,01-Mar-97,24:00:00,554.670019,0.001492,38.727156,36.659886,0.016951,0.0,0.94743,0.001492,80.638074,44.012251,0.019472,0.0,0.978441,0.001491,299.721647,274.618302,0.022591,0.007215,0.998436
885,02-Mar-97,24:00:00,408.10686,0.001347,34.81701,34.52498,0.0,0.0,0.951091,0.001346,45.047322,41.449176,0.0,0.0,0.982167,0.001345,75.685901,75.685901,0.0,0.0,1.0
886,03-Mar-97,24:00:00,325.604631,0.001599,32.524427,32.5144,0.0,0.0,0.950834,0.001598,39.048961,39.035362,0.0,0.0,0.981912,0.001597,65.456634,65.456634,0.0,0.0,0.999749
887,04-Mar-97,24:00:00,298.473241,0.001165,30.620908,30.620908,0.0,0.0,0.948352,0.001164,36.762118,36.762118,0.0,0.0,0.979437,0.001163,61.637454,61.637454,0.0,0.0,0.997283
888,05-Mar-97,24:00:00,282.69906,0.00201,28.837684,28.837684,0.0,0.0,0.943137,0.002009,34.621258,34.621258,0.0,0.0,0.974225,0.002007,58.047961,58.047961,0.0,0.0,0.992077
889,06-Mar-97,24:00:00,273.203451,0.002219,27.158308,27.158308,0.0,0.0,0.935848,0.002219,32.605072,32.605072,0.0,0.0,0.966939,0.002218,54.667509,54.667509,0.0,0.0,0.984796
890,07-Mar-97,24:00:00,265.265756,0.002206,25.57673,25.57673,0.0,0.0,0.928302,0.002205,30.7063,30.7063,0.0,0.0,0.959393,0.002205,51.48392,51.48392,0.0,0.0,0.977251
891,08-Mar-97,24:00:00,258.884017,0.002364,24.087256,24.087256,0.0,0.0,0.920497,0.002364,28.918103,28.918103,0.0,0.0,0.95159,0.002362,48.485728,48.485728,0.0,0.0,0.969452
892,09-Mar-97,24:00:00,252.892385,0.002526,22.684523,22.684523,0.0,0.0,0.912174,0.002525,27.234043,27.234043,0.0,0.0,0.94327,0.002524,45.662138,45.662138,0.0,0.0,0.961136
893,10-Mar-97,24:00:00,247.333742,0.002272,21.363479,21.363479,0.0,0.0,0.903984,0.002272,25.648055,25.648055,0.0,0.0,0.935083,0.00227,43.00298,43.00298,0.0,0.0,0.952955
894,11-Mar-97,24:00:00,242.19707,0.002002,20.119366,20.119366,0.0,0.0,0.896458,0.002001,24.154428,24.154428,0.0,0.0,0.92756,0.002,40.498681,40.498681,0.0,0.0,0.945436
895,12-Mar-97,24:00:00,235.65791,0.002209,18.947705,18.947705,0.0,0.0,0.889356,0.002208,22.747783,22.747783,0.0,0.0,0.920461,0.002207,38.14022,38.14022,0.0,0.0,0.938343
896,13-Mar-97,24:00:00,229.545435,0.002392,17.844276,17.844276,0.0,0.0,0.88149,0.002391,21.423054,21.423054,0.0,0.0,0.912598,0.002389,35.919105,35.919105,0.0,0.0,0.930486
897,14-Mar-97,24:00:00,225.015727,0.001717,16.805106,16.805106,0.0,0.0,0.874418,0.001716,20.175472,20.175472,0.0,0.0,0.906837,0.001715,33.827338,33.827338,0.0,0.0,0.923423
898,15-Mar-97,24:00:00,843.498367,0.000519,49.256025,44.563552,0.062272,0.024688,0.950053,0.000519,252.177605,96.935211,0.060643,0.033169,0.977427,0.000518,1144.435125,633.72513,0.062588,0.039298,0.985966
899,16-Mar-97,24:00:00,2646.857917,0.001898,361.675091,357.902741,0.0,0.0,1.0,0.001897,741.060792,579.074072,0.0,0.0,1.0,0.001896,772.291674,651.101138,0.0,0.0,1.0
900,17-Mar-97,24:00:00,775.681925,0.002079,191.837795,191.598654,0.0,0.0,1.0,0.002078,240.747695,233.720163,0.0,0.0,1.0,0.002077,91.652569,91.652569,0.0,0.0,1.0
901,18-Mar-97,24:00:00,401.618401,0.002006,67.340692,67.340692,0.0,0.0,0.997269,0.002005,78.726676,78.726676,0.0,0.0,0.997273,0.002003,84.045209,84.045209,0.0,0.0,0.997268
902,19-Mar-97,24:00:00,331.582044,0.001856,40.910799,40.910799,0.0,0.0,0.990714,0.001855,54.471871,54.471871,0.0,0.0,0.990723,0.001854,79.148626,79.148626,0.0,0.0,0.990717
903,20-Mar-97,24:00:00,315.297211,0.002399,35.430107,35.430107,0.0,0.0,0.983457,0.002398,49.37835,49.37835,0.0,0.0,0.983468,0.002397,74.539366,74.539366,0.0,0.0,0.983467
904,21-Mar-97,24:00:00,306.827447,0.002769,33.009352,33.009352,0.0,0.0,0.974689,0.002768,46.344814,46.344814,0.0,0.0,0.974703,0.002767,70.198529,70.198529,0.0,0.0,0.974708
905,22-Mar-97,24:00:00,298.727514,0.002872,31.049867,31.049867,0.0,0.0,0.965053,0.002872,43.634177,43.634177,0.0,0.0,0.965071,0.00287,66.110483,66.110483,0.0,0.0,0.96508
906,23-Mar-97,24:00:00,289.219391,0.002587,29.238054,29.238054,0.0,0.0,0.95549,0.002586,41.092306,41.092306,0.0,0.0,0.95551,0.002584,62.260506,62.260506,0.0,0.0,0.955525
907,24-Mar-97,24:00:00,278.802313,0.003068,27.535028,27.535028,0.0,0.0,0.946027,0.003067,38.699221,38.699221,0.0,0.0,0.946051,0.003065,58.634734,58.634734,0.0,0.0,0.946072
908,25-Mar-97,24:00:00,269.640228,0.002909,25.931482,25.931482,0.0,0.0,0.935789,0.002909,36.445549,36.445549,0.0,0.0,0.935816,0.002908,55.220111,55.220111,0.0,0.0,0.935841
909,26-Mar-97,24:00:00,262.285856,0.002819,24.421347,24.421347,0.0,0.0,0.925972,0.002818,34.323125,34.323125,0.0,0.0,0.925999,0.002817,52.004341,52.004341,0.0,0.0,0.926026
910,27-Mar-97,24:00:00,255.826477,0.003018,22.999157,22.999157,0.0,0.0,0.915966,0.003018,32.3243,32.3243,0.0,0.0,0.915996,0.003016,48.975842,48.975842,0.0,0.0,0.916027
911,28-Mar-97,24:00:00,249.877579,0.002832,21.65979,21.65979,0.0,0.0,0.905898,0.002831,30.441879,30.441879,0.0,0.0,0.90593,0.00283,46.12371,46.12371,0.0,0.0,0.905966
912,29-Mar-97,24:00:00,244.082257,0.001021,20.398422,20.398422,0.0,0.0,0.898927,0.00102,28.669081,28.669081,0.0,0.0,0.898962,0.00102,43.437673,43.437673,0.0,0.0,0.899002
913,30-Mar-97,24:00:00,238.604082,0.00222,19.210509,19.210509,0.0,0.0,0.893575,0.00222,26.999523,26.999523,0.0,0.0,0.893611,0.002218,40.908058,40.908058,0.0,0.0,0.893655
914,31-Mar-97,24:00:00,233.444204,0.002715,18.091776,18.091776,0.0,0.0,0.885231,0.002715,25.427192,25.427192,0.0,0.0,0.885268,0.002714,38.525757,38.525757,0.0,0.0,0.885316
915,01-Apr-97,24:00:00,228.58479,0.003195,17.038192,17.038192,0.0,0.0,0.875147,0.003194,23.946427,23.946427,0.0,0.0,0.875187,0.003192,36.282191,36.282191,0.0,0.0,0.875238
916,02-Apr-97,24:00:00,224.008366,0.003359,16.045965,16.045965,0.0,0.0,0.864072,0.003358,22.551895,22.551895,0.0,0.0,0.864116,0.003357,34.169279,34.169279,0.0,0.0,0.864172
917,03-Apr-97,24:00:00,219.698452,0.003124,15.11152,15.11152,0.0,0.0,0.852716,0.003124,21.238574,21.238574,0.0,0.0,0.852761,0.003123,32.179414,32.179414,0.0,0.0,0.852822
918,04-Apr-97,24:00:00,246.07339,0.002887,14.231493,14.231493,0.0,0.0,0.842546,0.002886,20.001735,20.001735,0.0,0.0,0.842594,0.002884,30.30543,30.30543,0.0,0.0,0.842658
919,05-Apr-97,24:00:00,335.586785,0.001616,13.402715,13.402715,0.0,0.0,0.834543,0.001616,18.836924,18.836924,0.0,0.0,0.834593,0.001615,28.540578,28.540578,0.0,0.0,0.834661
920,06-Apr-97,24:00:00,314.467441,0.002872,12.622201,12.622201,0.0,0.0,0.826971,0.002871,17.739947,17.739947,0.0,0.0,0.827023,0.00287,26.878504,26.878504,0.0,0.0,0.827093
921,07-Apr-97,24:00:00,241.408475,0.003008,11.887141,11.887141,0.0,0.0,0.817067,0.003008,16.706852,16.706852,0.0,0.0,0.817122,0.003007,25.313221,25.313221,0.0,0.0,0.817196
922,08-Apr-97,24:00:00,225.727058,0.002917,11.194888,11.194888,0.0,0.0,0.806436,0.002916,15.73392,15.73392,0.0,0.0,0.806493,0.002915,23.839093,23.839093,0.0,0.0,0.806572
923,09-Apr-97,24:00:00,235.551996,0.00308,10.542948,10.542948,0.0,0.0,0.796573,0.00308,14.817648,14.817648,0.0,0.0,0.796632,0.003078,22.450812,22.450812,0.0,0.0,0.796713
924,10-Apr-97,24:00:00,238.772377,0.003256,9.928974,9.928974,0.0,0.0,0.785899,0.003256,13.954734,13.954734,0.0,0.0,0.785959,0.003254,21.143377,21.143377,0.0,0.0,0.786044
925,11-Apr-97,24:00:00,237.578828,0.00197,9.350755,9.350755,0.0,0.0,0.776697,0.001969,13.142074,13.142074,0.0,0.0,0.776759,0.001969,19.912082,19.912082,0.0,0.0,0.776848
926,12-Apr-97,24:00:00,234.87878,0.002726,8.806209,8.806209,0.0,0.0,0.768772,0.002726,12.376738,12.376738,0.0,0.0,0.768836,0.002724,18.752492,18.752492,0.0,0.0,0.768927
927,13-Apr-97,24:00:00,232.136026,0.003089,8.293375,8.293375,0.0,0.0,0.758649,0.003088,11.655973,11.655973,0.0,0.0,0.758716,0.003087,17.660432,17.660432,0.0,0.0,0.758812
928,14-Apr-97,24:00:00,228.705485,0.003668,7.810407,7.810407,0.0,0.0,0.747295,0.003667,10.977182,10.977182,0.0,0.0,0.747364,0.003666,16.631967,16.631967,0.0,0.0,0.747464
929,15-Apr-97,24:00:00,225.229255,0.003247,7.355564,7.355564,0.0,0.0,0.735324,0.003246,10.33792,10.33792,0.0,0.0,0.735395,0.003245,15.663397,15.663397,0.0,0.0,0.7355
930,16-Apr-97,24:00:00,222.855105,0.002409,6.927209,6.927209,0.0,0.0,0.725481,0.002409,9.735886,9.735886,0.0,0.0,0.725553,0.002408,14.751231,14.751231,0.0,0.0,0.725662
931,17-Apr-97,24:00:00,231.725327,0.000904,7.017302,6.523799,0.017756,0.0,0.734407,0.000903,21.634866,9.168912,0.020621,0.0,0.738783,0.000903,36.834947,13.892186,0.029189,0.0,0.753253
932,18-Apr-97,24:00:00,280.772886,0.000926,7.99839,6.143883,0.000537,0.0,0.779999,0.000926,37.425249,8.634956,0.000129,0.0,0.789982,0.000926,22.576349,13.083167,0.0,0.0,0.820588
933,19-Apr-97,24:00:00,220.867692,0.001544,5.988932,5.786091,0.0,0.0,0.781609,0.001544,9.739766,8.132095,0.0,0.0,0.790368,0.001543,14.126817,12.321263,0.001625,0.0,0.825572
934,20-Apr-97,24:00:00,215.775081,0.001363,5.455025,5.449135,0.0,0.0,0.781609,0.001363,8.076723,7.658518,0.000258,0.0,0.79092,0.001362,14.964112,11.603728,0.00307,0.0,0.832845
935,21-Apr-97,24:00:00,216.045749,0.001483,5.131845,5.131802,0.0,0.0,0.781609,0.001483,9.965487,7.212521,0.004116,0.0,0.795162,0.001483,20.938327,10.927979,0.012321,0.0,0.849984
936,22-Apr-97,24:00:00,227.020782,0.002914,4.832949,4.832949,0.0,0.0,0.779163,0.002914,12.41468,6.792496,0.0,0.0,0.805365,0.002913,14.024011,10.291583,0.0,0.0,0.878929
937,23-Apr-97,24:00:00,206.708928,0.003228,4.551499,4.551499,0.0,0.0,0.77007,0.003227,6.655569,6.396932,0.0,0.0,0.802633,0.003226,9.692247,9.692247,0.0,0.0,0.876199
938,24-Apr-97,24:00:00,203.902832,0.003532,4.286441,4.286441,0.0,0.0,0.758593,0.003531,6.024403,6.024403,0.0,0.0,0.792786,0.00353,9.127814,9.127814,0.0,0.0,0.866357
939,25-Apr-97,24:00:00,202.720215,0.003576,4.036818,4.036818,0.0,0.0,0.746408,0.003576,5.673569,5.673569,0.0,0.0,0.780603,0.003574,8.596252,8.596252,0.0,0.0,0.854179
940,26-Apr-97,24:00:00,201.627481,0.00348,3.801732,3.801732,0.0,0.0,0.734041,0.003479,5.343166,5.343166,0.0,0.0,0.768237,0.003478,8.095645,8.095645,0.0,0.0,0.841818
941,27-Apr-97,24:00:00,200.600792,0.002134,3.580336,3.580336,0.0,0.0,0.724569,0.002133,5.032004,5.032004,0.0,0.0,0.758767,0.002133,7.624191,7.624191,0.0,0.0,0.83235
942,28-Apr-97,24:00:00,199.63403,0.003183,3.371833,3.371833,0.0,0.0,0.715636,0.003182,4.738963,4.738963,0.0,0.0,0.749835,0.003182,7.180192,7.180192,0.0,0.0,0.823421
943,29-Apr-97,24:00:00,198.723575,0.002308,3.175473,3.175473,0.0,0.0,0.706199,0.002308,4.462987,4.462987,0.0,0.0,0.7404,0.002307,6.76205,6.76205,0.0,0.0,0.813989
944,30-Apr-97,24:00:00,197.86614,0.003204,2.990548,2.990548,0.0,0.0,0.696636,0.003203,4.203083,4.203083,0.0,0.0,0.730838,0.003202,6.368259,6.368259,0.0,0.0,0.80443
945,01-May-97,24:00:00,197.058638,0.003285,2.816392,2.816392,0.0,0.0,0.685538,0.003284,3.958314,3.958314,0.0,0.0,0.719741,0.003283,5.9974,5.9974,0.0,0.0,0.793337
946,02-May-97,24:00:00,196.298162,0.003361,2.652378,2.652378,0.0,0.0,0.674416,0.00336,3.7278,3.7278,0.0,0.0,0.70862,0.00336,5.648139,5.648139,0.0,0.0,0.782219
947,03-May-97,24:00:00,194.286169,0.003484,2.497915,2.497915,0.0,0.0,0.662345,0.003484,3.510709,3.510709,0.0,0.0,0.696549,0.003483,5.319216,5.319216,0.0,0.0,0.770152
948,04-May-97,24:00:00,191.639923,0.003738,2.352448,2.352448,0.0,0.0,0.650034,0.003738,3.306261,3.306261,0.0,0.0,0.68424,0.003736,5.009449,5.009449,0.0,0.0,0.757846
949,05-May-97,24:00:00,190.335945,0.003288,2.215452,2.215452,0.0,0.0,0.638028,0.003288,3.11372,3.11372,0.0,0.0,0.672235,0.003288,4.717721,4.717721,0.0,0.0,0.745844
950,06-May-97,24:00:00,189.677434,0.00415,2.086434,2.086434,0.0,0.0,0.625416,0.00415,2.932391,2.932391,0.0,0.0,0.659623,0.004149,4.442983,4.442983,0.0,0.0,0.733232
951,07-May-97,24:00:00,189.110852,0.00412,1.964929,1.964929,0.0,0.0,0.611241,0.004119,2.761622,2.761622,0.0,0.0,0.645449,0.004119,4.184243,4.184243,0.0,0.0,0.71906
952,08-May-97,24:00:00,188.580141,0.004204,1.850501,1.850501,0.0,0.0,0.596951,0.004204,2.600797,2.600797,0.0,0.0,0.631159,0.004203,3.940572,3.940572,0.0,0.0,0.704772
953,09-May-97,24:00:00,188.080467,0.004027,1.742736,1.742736,0.0,0.0,0.58283,0.004026,2.449338,2.449338,0.0,0.0,0.617039,0.004025,3.711091,3.711091,0.0,0.0,0.690655
954,10-May-97,24:00:00,187.609897,0.004208,1.641247,1.641247,0.0,0.0,0.568788,0.004208,2.3067,2.3067,0.0,0.0,0.602999,0.004208,3.494974,3.494974,0.0,0.0,0.676617
955,11-May-97,24:00:00,206.703135,0.004234,1.545668,1.545668,0.0,0.0,0.554306,0.004233,2.172368,2.172368,0.0,0.0,0.588517,0.004232,3.291442,3.291442,0.0,0.0,0.662136
956,12-May-97,24:00:00,224.930032,0.004208,1.455655,1.455655,0.0,0.0,0.539831,0.004208,2.045859,2.045859,0.0,0.0,0.574043,0.004207,3.099763,3.099763,0.0,0.0,0.647666
957,13-May-97,24:00:00,218.072418,0.004228,1.370884,1.370884,0.0,0.0,0.52546,0.004228,1.926717,1.926717,0.0,0.0,0.559673,0.004227,2.919247,2.919247,0.0,0.0,0.633297
958,14-May-97,24:00:00,214.820306,0.004094,1.29105,1.29105,0.0,0.0,0.511,0.004093,1.814514,1.814514,0.0,0.0,0.545214,0.004092,2.749243,2.749243,0.0,0.0,0.618841
959,15-May-97,24:00:00,214.367219,0.004338,1.215865,1.215865,0.0,0.0,0.496536,0.004337,1.708845,1.708845,0.0,0.0,0.530751,0.004337,2.58914,2.58914,0.0,0.0,0.604382
960,16-May-97,24:00:00,211.472291,0.005024,1.145059,1.145059,0.0,0.0,0.480698,0.005023,1.60933,1.60933,0.0,0.0,0.514915,0.005022,2.43836,2.43836,0.0,0.0,0.588548
961,17-May-97,24:00:00,209.376084,0.005689,1.078376,1.078376,0.0,0.0,0.462608,0.005688,1.51561,1.51561,0.0,0.0,0.496826,0.005688,2.296361,2.296361,0.0,0.0,0.570462
962,18-May-97,24:00:00,208.074178,0.005105,1.015576,1.015576,0.0,0.0,0.443889,0.005105,1.427347,1.427347,0.0,0.0,0.478107,0.005105,2.162631,2.162631,0.0,0.0,0.551743
963,19-May-97,24:00:00,208.607473,0.003956,0.956433,0.956433,0.0,0.0,0.428211,0.003956,1.344225,1.344225,0.0,0.0,0.462429,0.003955,2.036689,2.036689,0.0,0.0,0.536066
964,20-May-97,24:00:00,209.729788,0.004323,0.900735,0.900735,0.0,0.0,0.413964,0.004323,1.265943,1.265943,0.0,0.0,0.448183,0.004322,1.918082,1.918082,0.0,0.0,0.521824
965,21-May-97,24:00:00,209.291565,0.002978,0.84828,0.84828,0.0,0.0,0.401521,0.002978,1.192221,1.192221,0.0,0.0,0.435741,0.002977,1.806381,1.806381,0.0,0.0,0.509385
966,22-May-97,24:00:00,244.344311,0.002431,2.358176,0.79888,0.014147,0.0,0.432509,0.002431,27.598929,1.122791,0.015161,0.0,0.47012,0.002431,20.290563,1.701186,0.016779,0.0,0.548261
967,23-May-97,24:00:00,219.489262,0.003836,1.150598,0.752357,0.0,0.0,0.441994,0.003835,5.802018,1.057405,0.0,0.0,0.479426,0.003835,1.657591,1.602116,0.0,0.0,0.55862
968,24-May-97,24:00:00,205.726303,0.00371,0.728416,0.708543,0.0,0.0,0.432219,0.003709,1.104137,0.995826,0.0,0.0,0.469351,0.003708,1.508816,1.508816,0.0,0.0,0.548549
969,25-May-97,24:00:00,206.946751,0.001725,0.667281,0.667281,0.0,0.0,0.422271,0.001725,3.349166,0.937834,0.00515,0.0,0.464498,0.001725,10.220233,1.42095,0.013008,0.0,0.551301
970,26-May-97,24:00:00,228.028637,0.003624,0.628421,0.628421,0.0,0.0,0.419492,0.003623,8.743613,0.883219,0.0,0.0,0.476701,0.003622,6.993714,1.3382,0.0,0.0,0.582845
971,27-May-97,24:00:00,207.374206,0.003339,0.591825,0.591825,0.0,0.0,0.415249,0.003339,1.201743,0.831784,0.0,0.0,0.472566,0.003338,1.260269,1.260269,0.0,0.0,0.578712
972,28-May-97,24:00:00,205.58471,0.004485,0.55736,0.55736,0.0,0.0,0.402719,0.004484,0.783345,0.783345,0.0,0.0,0.460101,0.004483,1.186877,1.186877,0.0,0.0,0.56625
973,29-May-97,24:00:00,204.811625,0.004528,0.524902,0.524902,0.0,0.0,0.386993,0.004528,0.737726,0.737726,0.0,0.0,0.444376,0.004527,1.117758,1.117758,0.0,0.0,0.550528
974,30-May-97,24:00:00,199.293065,0.002945,0.494334,0.494334,0.0,0.0,0.373745,0.002945,0.694764,0.694764,0.0,0.0,0.431128,0.002944,1.052665,1.052665,0.0,0.0,0.537282
975,31-May-97,24:00:00,191.167922,0.003846,0.465546,0.465546,0.0,0.0,0.362687,0.003846,0.654304,0.654304,0.0,0.0,0.420071,0.003845,0.991363,0.991363,0.0,0.0,0.526227
976,01-Jun-97,24:00:00,179.153618,0.003359,0.438435,0.438435,0.0,0.0,0.350164,0.003358,0.616201,0.616201,0.0,0.0,0.407549,0.003358,0.93363,0.93363,0.0,0.0,0.513708
977,02-Jun-97,24:00:00,167.441513,0.001082,0.821227,0.412902,0.01729,0.0,0.355345,0.001082,9.944037,0.580316,0.01765,0.0,0.41476,0.001082,15.796725,0.87926,0.022844,0.0,0.526028
978,03-Jun-97,24:00:00,217.765911,0.003332,2.900154,0.388857,0.005367,0.0,0.417165,0.003331,30.56266,0.546521,0.002202,0.0,0.466113,0.00333,11.294835,0.828056,0.0,0.0,0.582989
979,04-Jun-97,24:00:00,180.255467,0.00369,0.609138,0.366211,0.0,0.0,0.414946,0.00369,2.156331,0.514694,0.0,0.0,0.462615,0.00369,0.779833,0.779833,0.0,0.0,0.579029
980,05-Jun-97,24:00:00,167.580256,0.00462,0.349283,0.344885,0.0,0.0,0.402015,0.00462,0.48597,0.48472,0.0,0.0,0.449604,0.004619,0.734419,0.734419,0.0,0.0,0.566017
981,06-Jun-97,24:00:00,155.754198,0.004441,0.3248,0.3248,0.0,0.0,0.386296,0.004441,0.456492,0.456492,0.0,0.0,0.433885,0.004441,0.69165,0.69165,0.0,0.0,0.550301
982,07-Jun-97,24:00:00,154.485595,0.004032,0.305885,0.305885,0.0,0.0,0.371721,0.004032,0.429908,0.429908,0.0,0.0,0.419311,0.004031,0.651371,0.651371,0.0,0.0,0.535729
983,08-Jun-97,24:00:00,154.338744,0.003591,0.288072,0.288072,0.0,0.0,0.35834,0.003591,0.404873,0.404873,0.0,0.0,0.40593,0.00359,0.613439,0.613439,0.0,0.0,0.522352
984,09-Jun-97,24:00:00,154.258034,0.003906,0.271296,0.271296,0.0,0.0,0.345991,0.003906,0.381295,0.381295,0.0,0.0,0.393581,0.003905,0.577715,0.577715,0.0,0.0,0.510005
985,10-Jun-97,24:00:00,157.640133,0.004047,0.255497,0.255497,0.0,0.0,0.332149,0.004046,0.35909,0.35909,0.0,0.0,0.37974,0.004046,0.544071,0.544071,0.0,0.0,0.496166
986,11-Jun-97,24:00:00,167.724434,0.00403,0.240618,0.240618,0.0,0.0,0.318488,0.004029,0.338178,0.338178,0.0,0.0,0.366081,0.004029,0.512387,0.512387,0.0,0.0,0.482509
987,12-Jun-97,24:00:00,182.170949,0.004232,0.226605,0.226605,0.0,0.0,0.304085,0.004231,0.318484,0.318484,0.0,0.0,0.351678,0.004231,0.482548,0.482548,0.0,0.0,0.468109
988,13-Jun-97,24:00:00,188.478814,0.004916,0.213409,0.213409,0.0,0.0,0.288626,0.004915,0.299937,0.299937,0.0,0.0,0.33622,0.004915,0.454446,0.454446,0.0,0.0,0.452653
989,14-Jun-97,24:00:00,186.211394,0.003668,0.200981,0.200981,0.0,0.0,0.273952,0.003668,0.28247,0.28247,0.0,0.0,0.321546,0.003668,0.427982,0.427982,0.0,0.0,0.437982
990,15-Jun-97,24:00:00,188.484729,0.004842,0.189277,0.189277,0.0,0.0,0.259324,0.004842,0.26602,0.26602,0.0,0.0,0.306918,0.004841,0.403058,0.403058,0.0,0.0,0.423356
991,16-Jun-97,24:00:00,191.498481,0.004756,0.178254,0.178254,0.0,0.0,0.242948,0.004756,0.250528,0.250528,0.0,0.0,0.290544,0.004755,0.379585,0.379585,0.0,0.0,0.406984
992,17-Jun-97,24:00:00,191.760665,0.004876,0.167873,0.167873,0.0,0.0,0.226429,0.004876,0.235939,0.235939,0.0,0.0,0.274025,0.004875,0.35748,0.35748,0.0,0.0,0.390468
993,18-Jun-97,24:00:00,191.732239,0.005523,0.158097,0.158097,0.0,0.0,0.208937,0.005523,0.222199,0.222199,0.0,0.0,0.256535,0.005522,0.336662,0.336662,0.0,0.0,0.37298
994,19-Jun-97,24:00:00,193.418058,0.004892,0.14889,0.14889,0.0,0.0,0.190886,0.004892,0.209259,0.209259,0.0,0.0,0.238483,0.004891,0.317056,0.317056,0.0,0.0,0.354931
995,20-Jun-97,24:00:00,198.674915,0.004564,0.14022,0.14022,0.0,0.0,0.174421,0.004564,0.197072,0.197072,0.0,0.0,0.222019,0.004564,0.298593,0.298593,0.0,0.0,0.338468
996,21-Jun-97,24:00:00,209.7218,0.004394,0.132054,0.132054,0.0,0.0,0.159089,0.004393,0.185596,0.185596,0.0,0.0,0.206688,0.004393,0.281204,0.281204,0.0,0.0,0.323139
997,22-Jun-97,24:00:00,224.119972,0.004455,0.124364,0.124364,0.0,0.0,0.143818,0.004454,0.174788,0.174788,0.0,0.0,0.191418,0.004454,0.264828,0.264828,0.0,0.0,0.307872
998,23-Jun-97,24:00:00,230.432104,0.004972,0.117121,0.117121,0.0,0.0,0.127896,0.004972,0.164609,0.164609,0.0,0.0,0.175496,0.004972,0.249405,0.249405,0.0,0.0,0.291952
999,24-Jun-97,24:00:00,230.506374,0.005081,0.110301,0.110301,0.0,0.0,0.110621,0.005081,0.155023,0.155023,0.0,0.0,0.158221,0.00508,0.234881,0.234881,0.0,0.0,0.27468
1000,25-Jun-97,24:00:00,230.47758,0.004396,0.103877,0.103877,0.0,0.0,0.094427,0.004396,0.145995,0.145995,0.0,0.0,0.142028,0.004395,0.221203,0.221203,0.0,0.0,0.258489
1001,26-Jun-97,24:00:00,230.449772,0.003756,0.097828,0.097828,0.0,0.0,0.080187,0.003756,0.137493,0.137493,0.0,0.0,0.127789,0.003756,0.208321,0.208321,0.0,0.0,0.244253
1002,27-Jun-97,24:00:00,230.423579,0.003829,0.092131,0.092131,0.0,0.0,0.067292,0.003829,0.129486,0.129486,0.0,0.0,0.114894,0.003828,0.196189,0.196189,0.0,0.0,0.23136
1003,28-Jun-97,24:00:00,230.398912,0.003622,0.086766,0.086766,0.0,0.0,0.054221,0.003622,0.121945,0.121945,0.0,0.0,0.101824,0.003621,0.184764,0.184764,0.0,0.0,0.218292
1004,29-Jun-97,24:00:00,230.375681,0.00271,0.081713,0.081713,0.0,0.0,0.04346,0.002709,0.114844,0.114844,0.0,0.0,0.091063,0.002709,0.174004,0.174004,0.0,0.0,0.207534
1005,30-Jun-97,24:00:00,230.353803,0.004168,0.076954,0.076954,0.0,0.0,0.031783,0.004168,0.108156,0.108156,0.0,0.0,0.079386,0.004167,0.163871,0.163871,0.0,0.0,0.195859
1006,01-Jul-97,24:00:00,230.333199,0.004617,0.072473,0.072473,0.0,0.0,0.016884,0.004617,0.101857,0.101857,0.0,0.0,0.064489,0.004616,0.154328,0.154328,0.0,0.0,0.180964
1007,02-Jul-97,24:00:00,230.313795,0.005057,0.068252,0.068252,0.0,0.0,0.003585,0.005057,0.095925,0.095925,0.0,0.0,0.047995,0.005056,0.14534,0.14534,0.0,0.0,0.164474
1008,03-Jul-97,24:00:00,230.295521,0.005001,0.064278,0.064278,0.0,0.0,0.0,0.005001,0.090339,0.090339,0.0,0.0,0.030723,0.005001,0.136876,0.136876,0.0,0.0,0.147203
1009,04-Jul-97,24:00:00,230.278311,0.005158,0.060534,0.060534,0.0,0.0,0.0,0.005158,0.085078,0.085078,0.0,0.0,0.013462,0.005157,0.128905,0.128905,0.0,0.0,0.129944
1010,05-Jul-97,24:00:00,230.262104,0.004966,0.057009,0.057009,0.0,0.0,0.0,0.004966,0.080124,0.080124,0.0,0.0,0.001374,0.004966,0.121399,0.121399,0.0,0.0,0.112451
1011,06-Jul-97,24:00:00,230.24684,0.005182,0.053689,0.053689,0.0,0.0,0.0,0.005182,0.075458,0.075458,0.0,0.0,0.0,0.005181,0.114329,0.114329,0.0,0.0,0.095246
1012,07-Jul-97,24:00:00,230.232465,0.00528,0.050562,0.050562,0.0,0.0,0.0,0.00528,0.071063,0.071063,0.0,0.0,0.0,0.005279,0.107671,0.107671,0.0,0.0,0.077472
1013,08-Jul-97,24:00:00,235.03306,0.00507,0.047618,0.047618,0.0,0.0,0.0,0.005069,0.066925,0.066925,0.0,0.0,0.0,0.005068,0.101401,0.101401,0.0,0.0,0.058789
1014,09-Jul-97,24:00:00,245.374471,0.004499,0.044845,0.044845,0.0,0.0,0.0,0.004499,0.063027,0.063027,0.0,0.0,0.0,0.004498,0.095495,0.095495,0.0,0.0,0.042731
1015,10-Jul-97,24:00:00,250.114442,0.004866,0.042233,0.042233,0.0,0.0,0.0,0.004866,0.059357,0.059357,0.0,0.0,0.0,0.004865,0.089934,0.089934,0.0,0.0,0.027082
1016,11-Jul-97,24:00:00,250.182307,0.005165,0.039774,0.039774,0.0,0.0,0.0,0.005165,0.0559,0.0559,0.0,0.0,0.0,0.005164,0.084697,0.084697,0.0,0.0,0.009893
1017,12-Jul-97,24:00:00,250.172211,0.005246,0.037458,0.037458,0.0,0.0,0.0,0.005246,0.052645,0.052645,0.0,0.0,0.0,0.005245,0.079764,0.079764,0.0,0.0,3.4e-05
1018,13-Jul-97,24:00:00,250.162185,0.005184,0.035276,0.035276,0.0,0.0,0.0,0.005184,0.049579,0.049579,0.0,0.0,0.0,0.005183,0.075119,0.075119,0.0,0.0,0.0
1019,14-Jul-97,24:00:00,249.550974,0.00497,0.033222,0.033222,0.0,0.0,0.0,0.00497,0.046692,0.046692,0.0,0.0,0.0,0.00497,0.070745,0.070745,0.0,0.0,0.0
1020,15-Jul-97,24:00:00,247.946926,0.004887,0.031287,0.031287,0.0,0.0,0.0,0.004887,0.043973,0.043973,0.0,0.0,0.0,0.004886,0.066625,0.066625,0.0,0.0,0.0
1021,16-Jul-97,24:00:00,248.954041,0.004781,0.029465,0.029465,0.0,0.0,0.0,0.00478,0.041412,0.041412,0.0,0.0,0.0,0.00478,0.062745,0.062745,0.0,0.0,0.0
1022,17-Jul-97,24:00:00,250.107832,0.004997,0.027749,0.027749,0.0,0.0,0.0,0.004996,0.039,0.039,0.0,0.0,0.0,0.004995,0.059091,0.059091,0.0,0.0,0.0
1023,18-Jul-97,24:00:00,250.120012,0.005424,0.026133,0.026133,0.0,0.0,0.0,0.005424,0.036729,0.036729,0.0,0.0,0.0,0.005423,0.05565,0.05565,0.0,0.0,0.0
1024,19-Jul-97,24:00:00,250.113152,0.005123,0.024611,0.024611,0.0,0.0,0.0,0.005123,0.03459,0.03459,0.0,0.0,0.0,0.005122,0.052409,0.052409,0.0,0.0,0.0
1025,20-Jul-97,24:00:00,250.106563,0.005048,0.023178,0.023178,0.0,0.0,0.0,0.005047,0.032576,0.032576,0.0,0.0,0.0,0.005047,0.049357,0.049357,0.0,0.0,0.0
1026,21-Jul-97,24:00:00,250.100358,0.00508,0.021828,0.021828,0.0,0.0,0.0,0.00508,0.030679,0.030679,0.0,0.0,0.0,0.005078,0.046483,0.046483,0.0,0.0,0.0
1027,22-Jul-97,24:00:00,250.094513,0.004993,0.020557,0.020557,0.0,0.0,0.0,0.004993,0.028892,0.028892,0.0,0.0,0.0,0.004992,0.043776,0.043776,0.0,0.0,0.0
1028,23-Jul-97,24:00:00,250.089009,0.004883,0.01936,0.01936,0.0,0.0,0.0,0.004883,0.02721,0.02721,0.0,0.0,0.0,0.004882,0.041226,0.041226,0.0,0.0,0.0
1029,24-Jul-97,24:00:00,250.083826,0.0051,0.018233,0.018233,0.0,0.0,0.0,0.0051,0.025625,0.025625,0.0,0.0,0.0,0.005099,0.038826,0.038826,0.0,0.0,0.0
1030,25-Jul-97,24:00:00,254.893077,0.005101,0.017171,0.017171,0.0,0.0,0.0,0.0051,0.024133,0.024133,0.0,0.0,0.0,0.0051,0.036564,0.036564,0.0,0.0,0.0
1031,26-Jul-97,24:00:00,258.623207,0.004254,0.016171,0.016171,0.0,0.0,0.0,0.004253,0.022727,0.022727,0.0,0.0,0.0,0.004253,0.034435,0.034435,0.0,0.0,0.0
1032,27-Jul-97,24:00:00,259.063034,0.004815,0.015229,0.015229,0.0,0.0,0.0,0.004814,0.021404,0.021404,0.0,0.0,0.0,0.004813,0.03243,0.03243,0.0,0.0,0.0
1033,28-Jul-97,24:00:00,259.065891,0.00446,0.014342,0.014342,0.0,0.0,0.0,0.00446,0.020157,0.020157,0.0,0.0,0.0,0.004459,0.030541,0.030541,0.0,0.0,0.0
1034,29-Jul-97,24:00:00,252.442667,0.004323,0.013507,0.013507,0.0,0.0,0.0,0.004323,0.018983,0.018983,0.0,0.0,0.0,0.004322,0.028763,0.028763,0.0,0.0,0.0
1035,30-Jul-97,24:00:00,243.918863,0.00448,0.01272,0.01272,0.0,0.0,0.0,0.004479,0.017878,0.017878,0.0,0.0,0.0,0.004478,0.027088,0.027088,0.0,0.0,0.0
1036,31-Jul-97,24:00:00,242.907178,0.004249,0.01198,0.01198,0.0,0.0,0.0,0.004248,0.016837,0.016837,0.0,0.0,0.0,0.004247,0.02551,0.02551,0.0,0.0,0.0
1037,01-Aug-97,24:00:00,242.828823,0.004572,0.011282,0.011282,0.0,0.0,0.0,0.004571,0.015856,0.015856,0.0,0.0,0.0,0.00457,0.024025,0.024025,0.0,0.0,0.0
1038,02-Aug-97,24:00:00,242.061939,0.004944,0.010625,0.010625,0.0,0.0,0.0,0.004944,0.014933,0.014933,0.0,0.0,0.0,0.004944,0.022625,0.022625,0.0,0.0,0.0
1039,03-Aug-97,24:00:00,242.046096,0.00498,0.010006,0.010006,0.0,0.0,0.0,0.004979,0.014063,0.014063,0.0,0.0,0.0,0.004978,0.021308,0.021308,0.0,0.0,0.0
1040,04-Aug-97,24:00:00,240.238026,0.005172,0.009424,0.009424,0.0,0.0,0.0,0.005172,0.013244,0.013244,0.0,0.0,0.0,0.005171,0.020067,0.020067,0.0,0.0,0.0
1041,05-Aug-97,24:00:00,248.688908,0.005148,0.008875,0.008875,0.0,0.0,0.0,0.005148,0.012473,0.012473,0.0,0.0,0.0,0.005148,0.018898,0.018898,0.0,0.0,0.0
1042,06-Aug-97,24:00:00,269.976917,0.005299,0.008358,0.008358,0.0,0.0,0.0,0.005299,0.011747,0.011747,0.0,0.0,0.0,0.005299,0.017798,0.017798,0.0,0.0,0.0
1043,07-Aug-97,24:00:00,279.870118,0.005271,0.007871,0.007871,0.0,0.0,0.0,0.005271,0.011063,0.011063,0.0,0.0,0.0,0.005271,0.016761,0.016761,0.0,0.0,0.0
1044,08-Aug-97,24:00:00,280.032922,0.003308,0.007413,0.007413,0.0,0.0,0.0,0.003307,0.010418,0.010418,0.0,0.0,0.0,0.003307,0.015785,0.015785,0.0,0.0,0.0
1045,09-Aug-97,24:00:00,280.03209,0.003141,0.006981,0.006981,0.0,0.0,0.0,0.003141,0.009812,0.009812,0.0,0.0,0.0,0.00314,0.014866,0.014866,0.0,0.0,0.0
1046,10-Aug-97,24:00:00,280.030227,0.003961,0.006575,0.006575,0.0,0.0,0.0,0.00396,0.00924,0.00924,0.0,0.0,0.0,0.003959,0.014,0.014,0.0,0.0,0.0
1047,11-Aug-97,24:00:00,280.028467,0.004415,0.006192,0.006192,0.0,0.0,0.0,0.004415,0.008702,0.008702,0.0,0.0,0.0,0.004414,0.013185,0.013185,0.0,0.0,0.0
1048,12-Aug-97,24:00:00,266.787944,0.003996,0.005831,0.005831,0.0,0.0,0.0,0.003996,0.008195,0.008195,0.0,0.0,0.0,0.003995,0.012417,0.012417,0.0,0.0,0.0
1049,13-Aug-97,24:00:00,246.135408,0.004112,0.005492,0.005492,0.0,0.0,0.0,0.004111,0.007718,0.007718,0.0,0.0,0.0,0.004111,0.011694,0.011694,0.0,0.0,0.0
1050,14-Aug-97,24:00:00,253.201224,0.004445,0.005172,0.005172,0.0,0.0,0.0,0.004444,0.007269,0.007269,0.0,0.0,0.0,0.004444,0.011013,0.011013,0.0,0.0,0.0
1051,15-Aug-97,24:00:00,262.85799,0.003367,0.00487,0.00487,0.0,0.0,0.0,0.003367,0.006845,0.006845,0.0,0.0,0.0,0.003367,0.010372,0.010372,0.0,0.0,0.0
1052,16-Aug-97,24:00:00,263.01994,0.003108,0.004587,0.004587,0.0,0.0,0.0,0.003108,0.006447,0.006447,0.0,0.0,0.0,0.003107,0.009768,0.009768,0.0,0.0,0.0
1053,17-Aug-97,24:00:00,252.789822,0.00367,0.00432,0.00432,0.0,0.0,0.0,0.00367,0.006071,0.006071,0.0,0.0,0.0,0.003669,0.009199,0.009199,0.0,0.0,0.0
1054,18-Aug-97,24:00:00,231.688732,0.002902,0.004068,0.004068,0.0,0.0,0.0,0.002902,0.005718,0.005718,0.0,0.0,0.0,0.002901,0.008663,0.008663,0.0,0.0,0.0
1055,19-Aug-97,24:00:00,293.989762,0.002275,3.154168,0.003831,0.026098,0.0,0.081904,0.002274,49.900369,0.005385,0.026885,0.0,0.083588,0.002274,29.45168,0.008159,0.026502,0.0,0.080293
1056,20-Aug-97,24:00:00,238.398739,0.003777,0.48337,0.003608,0.0,0.0,0.087292,0.003777,5.615245,0.005071,0.0,0.0,0.089991,0.003776,0.013446,0.007684,0.0,0.0,0.08868
1057,21-Aug-97,24:00:00,222.471549,0.003961,0.02108,0.003398,0.0,0.0,0.077013,0.00396,0.054083,0.004776,0.0,0.0,0.079713,0.003959,0.007236,0.007236,0.0,0.0,0.078407
1058,22-Aug-97,24:00:00,224.423703,0.003433,0.0032,0.0032,0.0,0.0,0.064124,0.003432,0.004498,0.004498,0.0,0.0,0.066827,0.003431,0.006815,0.006815,0.0,0.0,0.065525
1059,23-Aug-97,24:00:00,225.987411,0.003615,0.003014,0.003014,0.0,0.0,0.051997,0.003614,0.004236,0.004236,0.0,0.0,0.054701,0.003613,0.006418,0.006418,0.0,0.0,0.053404
1060,24-Aug-97,24:00:00,226.012865,0.003633,0.002838,0.002838,0.0,0.0,0.039771,0.003632,0.003989,0.003989,0.0,0.0,0.042478,0.003631,0.006044,0.006044,0.0,0.0,0.041185
1061,25-Aug-97,24:00:00,220.596389,0.002957,0.002673,0.002673,0.0,0.0,0.028356,0.002957,0.003757,0.003757,0.0,0.0,0.031065,0.002955,0.005692,0.005692,0.0,0.0,0.029777
1062,26-Aug-97,24:00:00,211.655194,0.003754,0.002517,0.002517,0.0,0.0,0.017059,0.003753,0.003538,0.003538,0.0,0.0,0.01977,0.003752,0.005361,0.005361,0.0,0.0,0.018487
1063,27-Aug-97,24:00:00,209.274368,0.003761,0.002371,0.002371,0.0,0.0,0.004903,0.003761,0.003332,0.003332,0.0,0.0,0.00682,0.003759,0.005048,0.005048,0.0,0.0,0.005854
1064,28-Aug-97,24:00:00,217.218655,0.003631,0.002233,0.002233,0.0,0.0,0.0,0.003631,0.003138,0.003138,0.0,0.0,0.0,0.00363,0.004755,0.004755,0.0,0.0,0.0
1065,29-Aug-97,24:00:00,232.762016,0.003649,0.002103,0.002103,0.0,0.0,0.0,0.003649,0.002955,0.002955,0.0,0.0,0.0,0.003647,0.004478,0.004478,0.0,0.0,0.0
1066,30-Aug-97,24:00:00,241.093044,0.003677,0.00198,0.00198,0.0,0.0,0.0,0.003676,0.002783,0.002783,0.0,0.0,0.0,0.003675,0.004217,0.004217,0.0,0.0,0.0
1067,31-Aug-97,24:00:00,242.59628,0.00339,0.001865,0.001865,0.0,0.0,0.0,0.00339,0.002621,0.002621,0.0,0.0,0.0,0.003388,0.003971,0.003971,0.0,0.0,0.0
1068,01-Sep-97,24:00:00,243.603131,0.003932,0.001756,0.001756,0.0,0.0,0.0,0.003931,0.002468,0.002468,0.0,0.0,0.0,0.00393,0.00374,0.00374,0.0,0.0,0.0
1069,02-Sep-97,24:00:00,241.593878,0.003838,0.001654,0.001654,0.0,0.0,0.0,0.003837,0.002325,0.002325,0.0,0.0,0.0,0.003835,0.003522,0.003522,0.0,0.0,0.0
1070,03-Sep-97,24:00:00,241.237101,0.004052,0.001558,0.001558,0.0,0.0,0.0,0.004051,0.002189,0.002189,0.0,0.0,0.0,0.00405,0.003317,0.003317,0.0,0.0,0.0
1071,04-Sep-97,24:00:00,241.993702,0.00387,0.001467,0.001467,0.0,0.0,0.0,0.00387,0.002062,0.002062,0.0,0.0,0.0,0.003868,0.003124,0.003124,0.0,0.0,0.0
1072,05-Sep-97,24:00:00,232.979762,0.003711,0.001382,0.001382,0.0,0.0,0.0,0.00371,0.001942,0.001942,0.0,0.0,0.0,0.003709,0.002942,0.002942,0.0,0.0,0.0
1073,06-Sep-97,24:00:00,221.689281,0.003685,0.001301,0.001301,0.0,0.0,0.0,0.003685,0.001829,0.001829,0.0,0.0,0.0,0.003684,0.002771,0.002771,0.0,0.0,0.0
1074,07-Sep-97,24:00:00,218.065846,0.003654,0.001225,0.001225,0.0,0.0,0.0,0.003653,0.001722,0.001722,0.0,0.0,0.0,0.00365,0.002609,0.002609,0.0,0.0,0.0
1075,08-Sep-97,24:00:00,219.811025,0.00326,0.001154,0.001154,0.0,0.0,0.0,0.003259,0.001622,0.001622,0.0,0.0,0.0,0.003257,0.002457,0.002457,0.0,0.0,0.0
1076,09-Sep-97,24:00:00,228.808125,0.002456,0.001087,0.001087,0.0,0.0,0.0,0.002455,0.001527,0.001527,0.0,0.0,0.0,0.002453,0.002314,0.002314,0.0,0.0,0.0
1077,10-Sep-97,24:00:00,242.343326,0.003427,0.001023,0.001023,0.0,0.0,0.0,0.003426,0.001438,0.001438,0.0,0.0,0.0,0.003425,0.002179,0.002179,0.0,0.0,0.0
1078,11-Sep-97,24:00:00,252.725377,0.003409,0.000964,0.000964,0.0,0.0,0.0,0.003408,0.001355,0.001355,0.0,0.0,0.0,0.003406,0.002052,0.002052,0.0,0.0,0.0
1079,12-Sep-97,24:00:00,262.570049,0.003298,0.000908,0.000908,0.0,0.0,0.0,0.003297,0.001276,0.001276,0.0,0.0,0.0,0.003296,0.001933,0.001933,0.0,0.0,0.0
1080,13-Sep-97,24:00:00,281.025721,0.00078,0.681104,0.000855,0.008957,0.0,0.014486,0.00078,13.55596,0.001202,0.010933,0.0,0.017435,0.00078,13.84067,0.00182,0.013768,0.0,0.021847
1081,14-Sep-97,24:00:00,293.272372,0.002378,0.538628,0.000805,0.0,0.0,0.030709,0.002378,10.567341,0.001132,0.000996,0.0,0.040756,0.002376,4.017201,0.001714,0.002321,0.0,0.053299
1082,15-Sep-97,24:00:00,269.383269,0.003187,0.03461,0.000758,0.0,0.0,0.030451,0.003187,0.788289,0.001066,0.000136,0.0,0.041362,0.003186,3.518524,0.001614,0.003143,0.0,0.065939
1083,16-Sep-97,24:00:00,263.426766,0.001829,0.000714,0.000714,0.0,0.0,0.026631,0.001829,0.021915,0.001004,0.0,0.0,0.040276,0.001828,0.001521,0.001521,0.0,0.0,0.064854
1084,17-Sep-97,24:00:00,264.211085,0.002881,0.000673,0.000673,0.0,0.0,0.018713,0.00288,0.000945,0.000945,0.0,0.0,0.033807,0.002879,0.001432,0.001432,0.0,0.0,0.058389
1085,18-Sep-97,24:00:00,265.591477,0.003287,0.000633,0.000633,0.0,0.0,0.008264,0.003287,0.00089,0.00089,0.0,0.0,0.02336,0.003287,0.001349,0.001349,0.0,0.0,0.047946
1086,19-Sep-97,24:00:00,264.190737,0.00335,0.000596,0.000596,0.0,0.0,0.000849,0.00335,0.000838,0.000838,0.0,0.0,0.012019,0.00335,0.00127,0.00127,0.0,0.0,0.036606
1087,20-Sep-97,24:00:00,262.420609,0.0035,0.000562,0.000562,0.0,0.0,0.0,0.0035,0.000789,0.000789,0.0,0.0,0.002624,0.0035,0.001196,0.001196,0.0,0.0,0.024991
1088,21-Sep-97,24:00:00,260.203884,0.003458,0.000529,0.000529,0.0,0.0,0.0,0.003458,0.000743,0.000743,0.0,0.0,0.0,0.003458,0.001126,0.001126,0.0,0.0,0.01304
1089,22-Sep-97,24:00:00,257.216878,0.003575,0.000498,0.000498,0.0,0.0,0.0,0.003575,0.0007,0.0007,0.0,0.0,0.0,0.003573,0.001061,0.001061,0.0,0.0,0.003007
1090,23-Sep-97,24:00:00,243.986804,0.003641,0.000469,0.000469,0.0,0.0,0.0,0.003639,0.000659,0.000659,0.0,0.0,0.0,0.003637,0.000999,0.000999,0.0,0.0,0.0
1091,24-Sep-97,24:00:00,227.709704,0.003281,0.000442,0.000442,0.0,0.0,0.0,0.00328,0.000621,0.000621,0.0,0.0,0.0,0.003278,0.000941,0.000941,0.0,0.0,0.0
1092,25-Sep-97,24:00:00,222.095424,0.003046,0.000416,0.000416,0.0,0.0,0.0,0.003045,0.000585,0.000585,0.0,0.0,0.0,0.003043,0.000886,0.000886,0.0,0.0,0.0
1093,26-Sep-97,24:00:00,222.002454,0.003052,0.000392,0.000392,0.0,0.0,0.0,0.003051,0.000551,0.000551,0.0,0.0,0.0,0.003051,0.000835,0.000835,0.0,0.0,0.0
1094,27-Sep-97,24:00:00,222.001701,0.003055,0.000369,0.000369,0.0,0.0,0.0,0.003055,0.000519,0.000519,0.0,0.0,0.0,0.003055,0.000786,0.000786,0.0,0.0,0.0
1095,28-Sep-97,24:00:00,222.001598,0.003996,0.000348,0.000348,0.0,0.0,0.0,0.003996,0.000488,0.000488,0.0,0.0,0.0,0.003996,0.00074,0.00074,0.0,0.0,0.0
1096,29-Sep-97,24:00:00,222.001505,0.00348,0.000327,0.000327,0.0,0.0,0.0,0.003479,0.00046,0.00046,0.0,0.0,0.0,0.003477,0.000697,0.000697,0.0,0.0,0.0
1097,30-Sep-97,24:00:00,228.049803,0.00204,0.018104,0.000308,0.001583,0.0,0.000907,0.002039,0.062313,0.000433,0.000545,0.0,0.000234,0.002037,0.044718,0.000656,0.000255,0.0,0.000109
1098,01-Oct-97,24:00:00,239.399088,0.00167,0.189049,0.00029,0.0,0.0,0.005427,0.001669,1.008306,0.000408,0.0,0.0,0.001868,0.001668,0.239919,0.000618,0.0,0.0,0.000874
1099,02-Oct-97,24:00:00,242.085768,0.00256,0.014948,0.000273,0.0,0.0,0.005375,0.002559,0.056552,0.000384,0.0,0.0,0.001828,0.002557,0.000582,0.000582,0.0,0.0,0.000837
1100,03-Oct-97,24:00:00,242.0032,0.002911,0.000257,0.000257,0.0,0.0,0.002086,0.002909,0.000362,0.000362,0.0,0.0,0.00046,0.002907,0.000548,0.000548,0.0,0.0,0.00011
1101,04-Oct-97,24:00:00,242.001122,0.002307,0.000243,0.000243,0.0,0.0,0.0,0.002306,0.000341,0.000341,0.0,0.0,0.0,0.002304,0.000516,0.000516,0.0,0.0,0.0
1102,05-Oct-97,24:00:00,242.00105,0.001891,0.000228,0.000228,0.0,0.0,0.0,0.00189,0.000321,0.000321,0.0,0.0,0.0,0.001888,0.000486,0.000486,0.0,0.0,0.0
1103,06-Oct-97,24:00:00,241.399222,0.002534,0.000215,0.000215,0.0,0.0,0.0,0.002532,0.000302,0.000302,0.0,0.0,0.0,0.002531,0.000458,0.000458,0.0,0.0,0.0
1104,07-Oct-97,24:00:00,255.575729,0.000414,1.061082,0.000202,0.035651,0.0,0.029857,0.000414,22.182487,0.000285,0.037632,0.0,0.03344,0.000414,36.213305,0.000431,0.050557,0.0,0.049573
1105,08-Oct-97,24:00:00,325.66797,0.000866,3.69875,0.000191,0.001295,0.0,0.123587,0.000865,55.581727,0.000268,0.003265,0.0,0.132648,0.000865,25.501026,0.000406,0.006979,0.0,0.18096
1106,09-Oct-97,24:00:00,197.608417,0.001524,0.395498,0.00018,0.0,0.0,0.126674,0.001524,6.568507,0.000252,0.0,0.0,0.140219,0.001522,2.221387,0.000383,0.0,0.0,0.197264
1107,10-Oct-97,24:00:00,168.040332,0.002191,0.009561,0.000169,0.0,0.0,0.126674,0.00219,0.178197,0.000238,0.0,0.0,0.140219,0.002188,0.00036,0.00036,0.0,0.0,0.197264
1108,11-Oct-97,24:00:00,169.180244,0.001969,0.000159,0.000159,0.0,0.0,0.124322,0.001968,0.000224,0.000224,0.0,0.0,0.137871,0.001966,0.000339,0.000339,0.0,0.0,0.194925
1109,12-Oct-97,24:00:00,169.930243,0.002055,0.00015,0.00015,0.0,0.0,0.117974,0.002054,0.000211,0.000211,0.0,0.0,0.131529,0.002052,0.00032,0.00032,0.0,0.0,0.188594
1110,13-Oct-97,24:00:00,169.996949,0.002051,0.000141,0.000141,0.0,0.0,0.110877,0.00205,0.000198,0.000198,0.0,0.0,0.124437,0.002048,0.000301,0.000301,0.0,0.0,0.181508
1111,14-Oct-97,24:00:00,170.000451,0.002266,0.000133,0.000133,0.0,0.0,0.103557,0.002265,0.000187,0.000187,0.0,0.0,0.117121,0.002263,0.000283,0.000283,0.0,0.0,0.174198
1112,15-Oct-97,24:00:00,170.000574,0.002267,0.000125,0.000125,0.0,0.0,0.095815,0.002266,0.000176,0.000176,0.0,0.0,0.109382,0.002264,0.000267,0.000267,0.0,0.0,0.166465
1113,16-Oct-97,24:00:00,170.000547,0.001979,0.000118,0.000118,0.0,0.0,0.088443,0.001978,0.000166,0.000166,0.0,0.0,0.102015,0.001975,0.000251,0.000251,0.0,0.0,0.159105
1114,17-Oct-97,24:00:00,170.000515,0.002145,0.000111,0.000111,0.0,0.0,0.081478,0.002144,0.000156,0.000156,0.0,0.0,0.095053,0.002144,0.000237,0.000237,0.0,0.0,0.15215
1115,18-Oct-97,24:00:00,170.000485,0.00199,0.000105,0.000105,0.0,0.0,0.07439,0.00199,0.000147,0.000147,0.0,0.0,0.087966,0.00199,0.000223,0.000223,0.0,0.0,0.145064
1116,19-Oct-97,24:00:00,172.592064,0.001906,9.9e-05,9.9e-05,0.0,0.0,0.067635,0.001906,0.000139,0.000139,0.0,0.0,0.081212,0.001906,0.00021,0.00021,0.0,0.0,0.138311
1117,20-Oct-97,24:00:00,178.695238,0.002229,9.3e-05,9.3e-05,0.0,0.0,0.060758,0.002229,0.00013,0.00013,0.0,0.0,0.074335,0.002229,0.000198,0.000198,0.0,0.0,0.131434
1118,21-Oct-97,24:00:00,183.03108,0.001885,8.7e-05,8.7e-05,0.0,0.0,0.05353,0.001884,0.000123,0.000123,0.0,0.0,0.067108,0.001882,0.000186,0.000186,0.0,0.0,0.124209
1119,22-Oct-97,24:00:00,183.924095,0.001966,8.2e-05,8.2e-05,0.0,0.0,0.046988,0.001965,0.000116,0.000116,0.0,0.0,0.060571,0.001963,0.000175,0.000175,0.0,0.0,0.117679
1120,23-Oct-97,24:00:00,183.996431,0.002018,7.8e-05,7.8e-05,0.0,0.0,0.040342,0.002018,0.000109,0.000109,0.0,0.0,0.053929,0.002017,0.000165,0.000165,0.0,0.0,0.111042
1121,24-Oct-97,24:00:00,184.000164,0.001732,7.3e-05,7.3e-05,0.0,0.0,0.033582,0.001732,0.000103,0.000103,0.0,0.0,0.047169,0.001732,0.000156,0.000156,0.0,0.0,0.104283
1122,25-Oct-97,24:00:00,184.000312,0.001989,6.9e-05,6.9e-05,0.0,0.0,0.027468,0.001988,9.7e-05,9.7e-05,0.0,0.0,0.041056,0.001988,0.000146,0.000146,0.0,0.0,0.098171
1123,26-Oct-97,24:00:00,186.591907,0.001835,6.5e-05,6.5e-05,0.0,0.0,0.020755,0.001835,9.1e-05,9.1e-05,0.0,0.0,0.034344,0.001835,0.000138,0.000138,0.0,0.0,0.09146
1124,27-Oct-97,24:00:00,194.911671,0.001684,6.1e-05,6.1e-05,0.0,0.0,0.01482,0.001683,8.6e-05,8.6e-05,0.0,0.0,0.028411,0.001681,0.00013,0.00013,0.0,0.0,0.08553
1125,28-Oct-97,24:00:00,201.674353,0.000664,5.7e-05,5.7e-05,0.0,0.0,0.010547,0.000663,8.1e-05,8.1e-05,0.0,0.0,0.024143,0.000662,0.000122,0.000122,0.0,0.0,0.081269
1126,29-Oct-97,24:00:00,201.99822,0.000872,5.4e-05,5.4e-05,0.0,0.0,0.007974,0.000871,7.6e-05,7.6e-05,0.0,0.0,0.021572,0.00087,0.000115,0.000115,0.0,0.0,0.078701
1127,30-Oct-97,24:00:00,202.000223,0.001299,5.1e-05,5.1e-05,0.0,0.0,0.004292,0.001298,7.2e-05,7.2e-05,0.0,0.0,0.017893,0.001297,0.000108,0.000108,0.0,0.0,0.075028
1128,31-Oct-97,24:00:00,202.000221,0.001751,4.8e-05,4.8e-05,0.0,0.0,0.000792,0.00175,6.8e-05,6.8e-05,0.0,0.0,0.012606,0.001748,0.000102,0.000102,0.0,0.0,0.069745
1129,01-Nov-97,24:00:00,202.000208,0.001639,4.5e-05,4.5e-05,0.0,0.0,0.0,0.001638,6.4e-05,6.4e-05,0.0,0.0,0.006789,0.001636,9.6e-05,9.6e-05,0.0,0.0,0.063934
1130,02-Nov-97,24:00:00,202.000196,0.00132,4.3e-05,4.3e-05,0.0,0.0,0.0,0.001318,6e-05,6e-05,0.0,0.0,0.001954,0.001315,9.1e-05,9.1e-05,0.0,0.0,0.058914
1131,03-Nov-97,24:00:00,199.887645,0.001429,4e-05,4e-05,0.0,0.0,0.0,0.001427,5.6e-05,5.6e-05,0.0,0.0,0.0,0.001425,8.5e-05,8.5e-05,0.0,0.0,0.054175
1132,04-Nov-97,24:00:00,191.254028,0.001802,3.8e-05,3.8e-05,0.0,0.0,0.0,0.0018,5.3e-05,5.3e-05,0.0,0.0,0.0,0.001798,8e-05,8e-05,0.0,0.0,0.048862
1133,05-Nov-97,24:00:00,180.726086,0.000442,3.6e-05,3.6e-05,0.0,0.0,0.0,0.000441,5e-05,5e-05,0.0,0.0,0.0,0.000441,7.6e-05,7.6e-05,0.0,0.0,0.044765
1134,06-Nov-97,24:00:00,176.457937,0.001224,3.4e-05,3.4e-05,0.0,0.0,0.0,0.001223,4.7e-05,4.7e-05,0.0,0.0,0.0,0.001221,7.1e-05,7.1e-05,0.0,0.0,0.041982
1135,07-Nov-97,24:00:00,174.694733,0.000824,3.2e-05,3.2e-05,0.0,0.0,0.0,0.000823,4.4e-05,4.4e-05,0.0,0.0,0.0,0.000821,6.7e-05,6.7e-05,0.0,0.0,0.038513
1136,08-Nov-97,24:00:00,173.629665,0.001203,3e-05,3e-05,0.0,0.0,0.0,0.001202,4.2e-05,4.2e-05,0.0,0.0,0.0,0.0012,6.3e-05,6.3e-05,0.0,0.0,0.03667
1137,09-Nov-97,24:00:00,180.154272,0.000693,0.839663,2.8e-05,0.008051,0.0,0.01897,0.000692,7.112765,3.9e-05,0.004379,0.0,0.009964,0.00069,4.221835,6e-05,0.003839,0.0,0.045361
1138,10-Nov-97,24:00:00,179.743013,0.000831,0.271136,2.6e-05,0.0,0.0,0.027605,0.00083,1.878217,3.7e-05,0.0,0.0,0.015014,0.000829,0.04459,5.6e-05,0.0,0.0,0.049633
1139,11-Nov-97,24:00:00,173.10713,0.000875,0.014645,2.5e-05,0.0,0.0,0.027605,0.000873,2.666874,3.5e-05,0.001393,0.0,0.019453,0.000871,3.958051,5.3e-05,0.003562,0.0,0.061096
1140,12-Nov-97,24:00:00,172.766957,0.001004,1.461118,2.3e-05,0.012824,0.0,0.062937,0.001003,15.855677,3.3e-05,0.009602,0.0,0.043872,0.001002,12.469852,5e-05,0.013987,0.0,0.087273
1141,13-Nov-97,24:00:00,203.672914,0.001005,1.858318,2.2e-05,0.013455,0.0,0.109275,0.001004,37.218474,3.1e-05,0.018797,0.0,0.103839,0.001002,32.783044,4.7e-05,0.027474,0.0,0.177858
1142,14-Nov-97,24:00:00,193.142004,0.000562,2.118546,2.1e-05,0.023418,0.0,0.158807,0.000561,27.032523,2.9e-05,0.018764,0.0,0.148166,0.00056,15.840686,4.4e-05,0.02152,0.0,0.235535
1143,15-Nov-97,24:00:00,231.861715,0.000448,5.396366,2e-05,0.045279,0.0,0.293624,0.000447,64.666901,2.7e-05,0.032986,0.0,0.252184,0.000447,33.910647,4.2e-05,0.023586,0.0,0.327518
1144,16-Nov-97,24:00:00,199.454117,0.000528,2.695581,1.8e-05,0.003211,0.0,0.364093,0.000528,22.869652,2.6e-05,0.001323,0.0,0.299118,0.000527,1.19145,3.9e-05,0.0,0.0,0.358648
1145,17-Nov-97,24:00:00,149.697164,0.00067,0.383073,1.7e-05,0.019206,0.0,0.373645,0.00067,2.879103,2.4e-05,0.012274,0.0,0.304524,0.000669,0.81033,3.7e-05,0.006592,0.0,0.360832
1146,18-Nov-97,24:00:00,177.980941,0.000619,2.483516,1.6e-05,0.001704,0.0,0.434237,0.000618,27.367974,2.3e-05,0.003075,0.0,0.34867,0.000617,12.198887,3.5e-05,0.005149,0.0,0.393753
1147,19-Nov-97,24:00:00,155.890692,0.000781,0.246021,1.5e-05,3.3e-05,0.0,0.435949,0.00078,2.531433,2.2e-05,0.002591,0.0,0.352485,0.000778,4.810033,3.3e-05,0.009418,0.0,0.406854
1148,20-Nov-97,24:00:00,157.832373,0.000443,0.021886,1.4e-05,0.000715,0.0,0.436563,0.000442,4.966581,2e-05,0.0,0.0,0.36063,0.000441,5.692555,3.1e-05,0.0,0.0,0.431191
1149,21-Nov-97,24:00:00,153.023406,0.000573,0.151247,1.4e-05,0.006629,0.0,0.44204,0.000573,3.38485,1.9e-05,0.006824,0.0,0.366323,0.000572,12.641546,2.9e-05,0.016543,0.0,0.453585
1150,22-Nov-97,24:00:00,170.93047,0.000987,0.798372,1.3e-05,0.0,0.0,0.461233,0.000986,10.497666,1.8e-05,0.0,0.0,0.384027,0.000984,5.741456,2.7e-05,0.0,0.0,0.48791
1151,23-Nov-97,24:00:00,156.918111,0.000374,1.390803,1.2e-05,0.018687,0.0,0.491506,0.000374,10.563864,1.7e-05,0.012794,0.0,0.399257,0.000373,10.681392,2.6e-05,0.017688,0.0,0.508742
1152,24-Nov-97,24:00:00,171.547398,0.000922,1.213784,1.1e-05,0.004169,0.0,0.526297,0.000921,15.76233,1.6e-05,0.002999,0.0,0.428549,0.00092,8.985117,2.4e-05,0.000764,0.0,0.548662
1153,25-Nov-97,24:00:00,190.280822,0.00037,5.307171,1.1e-05,0.045464,0.0,0.653244,0.000369,60.606838,1.5e-05,0.032597,0.0,0.521751,0.000369,30.2947,2.3e-05,0.027335,0.0,0.619183
1154,26-Nov-97,24:00:00,145.770003,0.000702,1.61501,1e-05,0.0,0.0,0.695475,0.000701,13.210865,1.4e-05,0.0,0.0,0.549936,0.0007,0.91885,2.1e-05,0.0,0.0,0.644896
1155,27-Nov-97,24:00:00,92.37954,0.000702,0.086672,1e-05,0.0,0.0,0.695475,0.000701,0.374707,1.3e-05,0.0,0.0,0.549936,0.000699,2e-05,2e-05,0.0,0.0,0.644896
1156,28-Nov-97,24:00:00,89.551686,0.00036,0.483673,9e-06,0.020585,0.0,0.711313,0.000359,8.083591,1.3e-05,0.017357,0.0,0.563552,0.000359,12.804563,1.9e-05,0.018053,0.0,0.661783
1157,29-Nov-97,24:00:00,133.550695,0.000814,2.22958,8e-06,0.0,0.0,0.766052,0.000813,26.489491,1.2e-05,0.0,0.0,0.609445,0.000812,7.256177,1.8e-05,0.0,0.0,0.706791
1158,30-Nov-97,24:00:00,93.216313,0.000858,0.163654,8e-06,0.0,0.0,0.766052,0.000856,1.292929,1.1e-05,0.0,0.0,0.609445,0.000854,1.7e-05,1.7e-05,0.0,0.0,0.706791
1159,01-Dec-97,24:00:00,85.453532,0.000567,0.000331,7e-06,0.0,0.0,0.766052,0.000565,1e-05,1e-05,0.0,0.0,0.609445,0.000564,1.6e-05,1.6e-05,0.0,0.0,0.706791
1160,02-Dec-97,24:00:00,85.454005,0.000656,0.215585,7e-06,0.00576,0.0,0.771756,0.000656,2.66874,1e-05,0.003333,0.0,0.613065,0.000655,3.26068,1.5e-05,0.003763,0.0,0.711041
1161,03-Dec-97,24:00:00,89.348682,0.001679,0.551725,7e-06,0.0,0.0,0.7858,0.001678,4.039148,9e-06,0.0,0.0,0.620873,0.001677,0.921263,1.4e-05,0.0,0.0,0.719694
1162,04-Dec-97,24:00:00,83.22832,0.001042,0.97181,6e-06,0.00766,0.0,0.810361,0.001042,9.152999,9e-06,0.00479,0.0,0.636134,0.001041,2.921137,1.3e-05,0.002629,0.0,0.727956
1163,05-Dec-97,24:00:00,76.22497,0.000986,0.226259,6e-06,0.00127,0.0,0.814072,0.000985,7.287924,8e-06,0.005107,0.0,0.645474,0.000984,13.761694,1.2e-05,0.013711,0.0,0.750067
1164,06-Dec-97,24:00:00,119.953078,0.000511,2.231476,6e-06,0.021159,0.0,0.865313,0.00051,36.924368,8e-06,0.020623,0.0,0.701668,0.000508,30.469768,1.2e-05,0.026578,0.0,0.838029
1165,07-Dec-97,24:00:00,108.562235,0.000401,0.771479,5e-06,0.0,0.0,0.888963,0.0004,11.984908,7e-06,0.001468,0.0,0.728926,0.000399,3.347734,1.1e-05,0.002556,0.0,0.872814
1166,08-Dec-97,24:00:00,74.191458,0.000714,0.04245,5e-06,0.0,0.0,0.888963,0.000712,0.912306,7e-06,0.0,0.0,0.730548,0.000711,0.030084,1e-05,0.0,0.0,0.875601
1167,09-Dec-97,24:00:00,67.096234,0.000763,5e-06,5e-06,0.0,0.0,0.888963,0.000762,0.018371,6e-06,0.0,0.0,0.730548,0.000761,1e-05,1e-05,0.0,0.0,0.875601
1168,10-Dec-97,24:00:00,63.885204,0.000784,4e-06,4e-06,0.0,0.0,0.888963,0.000782,6e-06,6e-06,0.0,0.0,0.730548,0.00078,9e-06,9e-06,0.0,0.0,0.875601
1169,11-Dec-97,24:00:00,61.770004,0.000491,4e-06,4e-06,0.0,0.0,0.888963,0.00049,0.072649,6e-06,0.00064,0.0,0.730822,0.000489,0.926931,9e-06,0.003552,0.0,0.877424
1170,12-Dec-97,24:00:00,80.676495,0.001286,4e-06,4e-06,0.0,0.0,0.888963,0.001285,12.564584,5e-06,0.006588,0.0,0.749889,0.001283,15.904674,8e-06,0.011643,0.0,0.918197
1171,13-Dec-97,24:00:00,107.776415,0.000442,2.569974,4e-06,0.024245,0.0,0.951175,0.000441,34.040838,5e-06,0.018748,0.0,0.804775,0.000439,16.468954,8e-06,0.014934,0.0,0.966437
1172,14-Dec-97,24:00:00,87.897754,0.000386,0.81916,3e-06,0.000716,0.0,0.973009,0.000386,7.14956,5e-06,0.000334,0.0,0.820036,0.000385,0.179753,7e-06,0.0,0.0,0.978902
1173,15-Dec-97,24:00:00,65.61657,0.000356,0.096153,3e-06,0.0,0.0,0.974543,0.000356,0.523784,5e-06,0.0,0.0,0.820752,0.000355,7e-06,7e-06,0.0,0.0,0.978902
1174,16-Dec-97,24:00:00,63.14964,0.000316,0.003604,3e-06,0.0,0.0,0.974543,0.000315,0.014622,4e-06,0.0,0.0,0.820752,0.000314,6e-06,6e-06,0.0,0.0,0.978902
1175,17-Dec-97,24:00:00,63.005859,0.00117,3e-06,3e-06,0.0,0.0,0.974543,0.001168,4e-06,4e-06,0.0,0.0,0.820752,0.001165,6e-06,6e-06,0.0,0.0,0.978902
1176,18-Dec-97,24:00:00,63.000216,0.000821,3e-06,3e-06,0.0,0.0,0.974543,0.000819,4e-06,4e-06,0.0,0.0,0.820752,0.000816,6e-06,6e-06,0.0,0.0,0.978902
1177,19-Dec-97,24:00:00,63.000019,0.000631,3e-06,3e-06,0.0,0.0,0.974543,0.00063,4e-06,4e-06,0.0,0.0,0.820752,0.000629,5e-06,5e-06,0.0,0.0,0.978902
1178,20-Dec-97,24:00:00,63.000011,0.001116,2e-06,2e-06,0.0,0.0,0.974367,0.001115,3e-06,3e-06,0.0,0.0,0.820583,0.001112,5e-06,5e-06,0.0,0.0,0.977754
1179,21-Dec-97,24:00:00,63.00001,0.000962,2e-06,2e-06,0.0,0.0,0.972172,0.00096,3e-06,3e-06,0.0,0.0,0.818408,0.000957,5e-06,5e-06,0.0,0.0,0.974305
1180,22-Dec-97,24:00:00,63.00001,0.001071,2e-06,2e-06,0.0,0.0,0.968724,0.00107,3e-06,3e-06,0.0,0.0,0.814965,0.001068,5e-06,5e-06,0.0,0.0,0.970871
1181,23-Dec-97,24:00:00,82.437064,0.001048,2e-06,2e-06,0.0,0.0,0.96518,0.001046,3e-06,3e-06,0.0,0.0,0.811427,0.001044,4e-06,4e-06,0.0,0.0,0.96734
1182,24-Dec-97,24:00:00,118.060604,0.000733,2e-06,2e-06,0.0,0.0,0.961867,0.000731,3e-06,3e-06,0.0,0.0,0.80812,0.000728,4e-06,4e-06,0.0,0.0,0.964042
1183,25-Dec-97,24:00:00,135.278102,0.000717,2e-06,2e-06,0.0,0.0,0.95941,0.000715,2e-06,2e-06,0.0,0.0,0.805668,0.000713,4e-06,4e-06,0.0,0.0,0.961599
1184,26-Dec-97,24:00:00,136.908246,0.000682,2e-06,2e-06,0.0,0.0,0.957037,0.000681,2e-06,2e-06,0.0,0.0,0.8033,0.000679,4e-06,4e-06,0.0,0.0,0.959238
1185,27-Dec-97,24:00:00,136.995867,0.000762,2e-06,2e-06,0.0,0.0,0.954547,0.00076,2e-06,2e-06,0.0,0.0,0.800815,0.000758,3e-06,3e-06,0.0,0.0,0.95676
1186,28-Dec-97,24:00:00,136.999835,0.000769,1e-06,1e-06,0.0,0.0,0.951928,0.000768,2e-06,2e-06,0.0,0.0,0.798201,0.000766,3e-06,3e-06,0.0,0.0,0.954154
1187,29-Dec-97,24:00:00,137.0,0.000714,1e-06,1e-06,0.0,0.0,0.949376,0.000713,2e-06,2e-06,0.0,0.0,0.795654,0.000711,3e-06,3e-06,0.0,0.0,0.951614
1188,30-Dec-97,24:00:00,137.000006,0.000654,1e-06,1e-06,0.0,0.0,0.947118,0.000652,2e-06,2e-06,0.0,0.0,0.7934,0.000651,3e-06,3e-06,0.0,0.0,0.949367
1189,31-Dec-97,24:00:00,140.792865,0.000434,0.859341,0.529142,0.021592,0.005502,0.9566,0.000433,8.505037,2e-06,0.02635,0.0,0.807565,0.000432,23.729173,12.124531,0.024474,0.009015,0.961594
1190,01-Jan-98,24:00:00,1691.039365,0.000448,335.37367,329.172259,0.035195,0.035195,1.0,0.000447,113.428852,8.98618,0.036802,0.002229,0.970266,0.000446,1505.528677,1441.507069,0.044274,0.044274,1.0
1191,02-Jan-98,24:00:00,1485.411876,0.000464,538.63883,535.854187,0.034653,0.034653,1.0,0.000464,137.019691,99.506224,0.03192,0.03192,1.0,0.000464,631.979264,609.633122,0.033316,0.033316,1.0
1192,03-Jan-98,24:00:00,2915.47125,0.000446,772.179783,767.030971,0.018363,0.018363,1.0,0.000445,778.012935,706.65592,0.017129,0.017129,1.0,0.000445,1165.92275,1134.691701,0.014506,0.014506,1.0
1193,04-Jan-98,24:00:00,2291.181667,0.000526,520.438381,519.589543,0.0,0.0,1.0,0.000525,468.836598,459.049857,0.0,0.0,1.0,0.000524,201.545858,201.213755,0.0,0.0,1.0
1194,05-Jan-98,24:00:00,2046.565417,0.00021,214.911087,214.314058,0.016567,0.016567,1.0,0.00021,220.586958,202.038702,0.016655,0.016655,1.0,0.000209,487.632972,472.273998,0.014994,0.014994,1.0
1195,06-Jan-98,24:00:00,1616.994806,0.000507,344.398694,342.657483,0.000898,0.000898,1.0,0.000506,354.938966,339.48235,0.0,0.0,1.0,0.000506,276.445721,275.1432,0.0,0.0,1.0
1196,07-Jan-98,24:00:00,692.457544,0.000579,214.00121,213.865416,0.0,0.0,1.0,0.000578,147.138365,146.480271,0.0,0.0,1.0,0.000576,149.791352,149.791352,0.0,0.0,1.0
1197,08-Jan-98,24:00:00,493.214604,0.000651,119.442804,119.441873,0.0,0.0,1.0,0.00065,80.271666,80.271666,0.0,0.0,1.0,0.000649,140.803198,140.803198,0.0,0.0,1.0
1198,09-Jan-98,24:00:00,483.6636,0.000361,131.666726,131.177047,0.01267,0.01267,1.0,0.00036,75.68922,73.998255,0.011607,0.011607,1.0,0.000359,152.083111,150.372606,0.01025,0.01025,1.0
1199,10-Jan-98,24:00:00,2629.690126,0.000242,488.45403,482.821289,0.058956,0.058956,1.0,0.000242,764.478357,659.135234,0.066643,0.066643,1.0,0.000241,1883.124169,1792.877362,0.07,0.07,1.0
1200,11-Jan-98,24:00:00,5585.155,0.000543,1223.060054,1214.880031,0.043328,0.043328,1.0,0.000543,1664.522917,1539.251667,0.04348,0.04348,1.0,0.000542,2641.794583,2206.72625,0.048464,0.048464,1.0
1201,12-Jan-98,24:00:00,4277.897917,0.000478,1016.501392,1014.360678,0.015193,0.015193,1.0,0.000477,1128.373466,1095.007493,0.020755,0.020755,1.0,0.000476,846.241124,820.488061,0.022772,0.022772,1.0
1202,13-Jan-98,24:00:00,5255.94,0.000467,848.520928,842.535674,0.061417,0.061417,1.0,0.000467,1225.576421,1094.913534,0.067677,0.067677,1.0,0.000467,2627.14625,2077.680417,0.07,0.07,1.0
1203,14-Jan-98,24:00:00,6613.5175,0.000478,1300.423333,1294.100833,0.026368,0.026368,1.0,0.000478,1823.320417,1622.353333,0.03456,0.03456,1.0,0.000477,2281.9575,1886.2675,0.038623,0.038623,1.0
1204,15-Jan-98,24:00:00,5792.345833,0.000344,1028.282294,1024.042502,0.036115,0.036115,1.0,0.000344,1440.3075,1339.642917,0.05312,0.05312,1.0,0.000344,2294.750417,1976.265417,0.060802,0.060802,1.0
1205,16-Jan-98,24:00:00,5316.842917,0.000671,981.236182,977.945486,0.014668,0.014668,1.0,0.00067,1484.892083,1420.490417,0.019679,0.019679,1.0,0.000669,1836.0921,1738.256261,0.02552,0.02552,1.0
1206,17-Jan-98,24:00:00,4218.215417,0.000416,974.71408,797.402195,0.038574,0.038574,1.0,0.000416,1241.348333,1155.044583,0.046437,0.046437,1.0,0.000415,1900.856667,1843.631667,0.048235,0.048235,1.0
1207,18-Jan-98,24:00:00,5106.235417,0.000369,1051.695218,937.076716,0.004262,0.004262,1.0,0.000369,1233.988118,1199.920951,0.002586,0.002586,1.0,0.000368,1086.924677,1079.366055,0.002765,0.002765,1.0
1208,19-Jan-98,24:00:00,4750.906667,0.000525,582.764037,575.514046,0.0,0.0,1.0,0.000524,637.327224,634.477727,0.0,0.0,1.0,0.000524,571.612231,571.58427,0.0,0.0,1.0
1209,20-Jan-98,24:00:00,5037.07,0.000483,357.817202,357.803851,0.0,0.0,1.0,0.000483,413.73212,413.668565,0.0,0.0,1.0,0.000482,530.921093,530.921093,0.0,0.0,1.0
1210,21-Jan-98,24:00:00,4454.592083,0.000602,296.678516,296.678516,0.0,0.0,1.0,0.000601,362.104389,362.104389,0.0,0.0,1.0,0.000601,499.991774,499.991774,0.0,0.0,1.0
1211,22-Jan-98,24:00:00,4824.66125,0.000442,301.557795,301.04352,0.007711,0.007711,1.0,0.000441,410.810232,399.073283,0.00878,0.00878,1.0,0.00044,726.527683,715.407374,0.010977,0.010977,1.0
1212,23-Jan-98,24:00:00,5100.608333,0.000711,362.131345,361.601968,0.0,0.0,1.0,0.00071,454.946674,448.78097,0.0,0.0,1.0,0.000709,545.851923,544.774647,0.0,0.0,1.0
1213,24-Jan-98,24:00:00,5036.672083,0.000836,385.019539,383.251095,0.032678,0.032678,1.0,0.000835,567.751412,522.689812,0.043342,0.043342,1.0,0.000833,1318.776008,1234.14676,0.04881,0.04881,1.0
1214,25-Jan-98,24:00:00,7430.270417,0.000392,989.825209,982.13223,0.057853,0.057853,1.0,0.000391,1651.602917,1414.56505,0.05655,0.05655,1.0,0.000391,3121.67,2458.430417,0.055695,0.055695,1.0
1215,26-Jan-98,24:00:00,5968.9225,0.000997,1170.915458,1167.862237,0.0,0.0,1.0,0.000997,1400.491476,1352.2587,0.0,0.0,1.0,0.000996,899.631712,895.659874,0.0,0.0,1.0
1216,27-Jan-98,24:00:00,3875.82875,0.000861,588.385916,587.749302,0.011426,0.011426,1.0,0.00086,645.227264,631.052685,0.013493,0.013493,1.0,0.000859,788.321794,775.113232,0.014085,0.014085,1.0
1217,28-Jan-98,24:00:00,4549.66125,0.000733,758.435209,736.438471,0.02848,0.02848,1.0,0.000732,938.756637,882.9274,0.02262,0.02262,1.0,0.000731,1224.302184,1201.702427,0.018277,0.018277,1.0
1218,29-Jan-98,24:00:00,3726.935417,0.001307,686.632076,683.376381,0.0,0.0,1.0,0.001287,695.966038,690.048633,0.0,0.0,1.0,0.001286,538.901711,538.749035,0.0,0.0,1.0
1219,30-Jan-98,24:00:00,2003.249167,0.000834,406.116099,405.578662,0.007618,0.007618,1.0,0.000824,434.154422,428.78794,0.008656,0.008656,1.0,0.000822,575.187602,569.78257,0.008696,0.008696,1.0
1220,31-Jan-98,24:00:00,2986.945,0.000695,699.235397,647.580772,0.041276,0.041276,1.0,0.000694,876.26184,805.196183,0.03584,0.03584,1.0,0.000693,1472.887814,1436.020671,0.029833,0.029833,1.0
1221,01-Feb-98,24:00:00,3246.34125,0.000344,1030.939995,986.130397,0.04641,0.04641,1.0,0.000344,1104.62875,1025.219232,0.040366,0.040366,1.0,0.000344,1154.371981,1056.346703,0.036407,0.036407,1.0
1222,02-Feb-98,24:00:00,7668.87375,0.000625,1797.280833,1352.61875,0.055415,0.055415,1.0,0.000625,2160.1325,1472.228333,0.046428,0.046428,1.0,0.000624,2850.829167,2075.387083,0.035332,0.035332,1.0
1223,03-Feb-98,24:00:00,6943.709583,0.000856,1580.228333,1533.326667,0.027896,0.027896,1.0,0.000855,1515.194167,1416.000417,0.016063,0.016063,1.0,0.000854,1042.901604,1026.885242,0.013215,0.013215,1.0
1224,04-Feb-98,24:00:00,5168.4825,0.000616,1353.871667,1215.53875,0.058775,0.058775,1.0,0.000616,1360.833333,1102.010854,0.055995,0.055995,1.0,0.000616,1794.198745,1400.495189,0.050968,0.050968,1.0
1225,05-Feb-98,24:00:00,8527.8325,0.00065,2423.135,1493.063333,0.059004,0.059004,1.0,0.00065,2687.3625,1639.440833,0.059485,0.059485,1.0,0.00065,3336.795833,2307.9775,0.058994,0.058994,1.0
1226,06-Feb-98,24:00:00,7903.290417,0.000639,2343.77875,1681.558333,0.054879,0.054879,1.0,0.000639,2556.486667,1853.252083,0.052287,0.052287,1.0,0.000638,2877.3875,2185.137083,0.051513,0.051513,1.0
1227,07-Feb-98,24:00:00,6947.539167,0.000542,1829.145,1622.213333,0.007611,0.007611,1.0,0.000542,2043.131667,1812.6625,0.012369,0.012369,1.0,0.000542,1895.332345,1845.910167,0.015151,0.015151,1.0
1228,08-Feb-98,24:00:00,5668.70125,0.001161,923.664048,912.205603,0.0,0.0,1.0,0.00116,970.06289,960.662265,0.0,0.0,1.0,0.001159,696.246005,696.246005,0.0,0.0,1.0
1229,09-Feb-98,24:00:00,5487.83625,0.000502,611.489297,610.293507,0.022277,0.022277,1.0,0.000501,675.647206,656.315115,0.024262,0.024262,1.0,0.0005,1002.357023,984.939074,0.026886,0.026886,1.0
1230,10-Feb-98,24:00:00,6830.479583,0.000857,814.484238,812.253733,0.003564,0.003564,1.0,0.000856,1034.762901,993.838964,0.006104,0.006104,1.0,0.000854,1410.106197,1386.837789,0.009729,0.009729,1.0
1231,11-Feb-98,24:00:00,5539.3275,0.0005,726.617047,724.079548,0.025182,0.025182,1.0,0.0005,881.684646,842.539376,0.024319,0.024319,1.0,0.000499,1285.819378,1257.983551,0.025786,0.025786,1.0
1232,12-Feb-98,24:00:00,5058.942083,0.001188,802.642782,801.536756,0.0,0.0,1.0,0.001187,897.922077,884.776934,0.0,0.0,1.0,0.001185,780.039571,779.220733,0.0,0.0,1.0
1233,13-Feb-98,24:00:00,4928.52625,0.000757,796.291276,792.370357,0.041104,0.041104,1.0,0.000756,914.771983,860.540721,0.037688,0.037688,1.0,0.000755,1478.338201,1441.480689,0.037618,0.037618,1.0
1234,14-Feb-98,24:00:00,6832.207083,0.001272,941.589341,939.805791,0.0,0.0,1.0,0.001271,1027.979288,1004.746456,0.0,0.0,1.0,0.001269,905.619735,900.674989,0.0,0.0,1.0
1235,15-Feb-98,24:00:00,5507.15375,0.000323,746.755657,659.527001,0.0416,0.0416,1.0,0.000323,740.319247,699.503263,0.040686,0.040686,1.0,0.000323,1065.669911,1036.680148,0.037416,0.037416,1.0
1236,16-Feb-98,24:00:00,6655.603333,0.000959,1251.599167,1124.299595,0.014299,0.014299,1.0,0.000959,1369.899583,1302.95375,0.01375,0.01375,1.0,0.000958,1612.982628,1587.824268,0.011367,0.011367,1.0
1237,17-Feb-98,24:00:00,5579.387083,0.000664,839.001438,830.351035,0.006264,0.006264,1.0,0.000664,861.355883,855.241532,0.008369,0.008369,1.0,0.000663,635.088703,633.852197,0.009306,0.009306,1.0
1238,18-Feb-98,24:00:00,9195.280417,0.000513,2115.854166,908.541727,0.065546,0.065546,1.0,0.000513,2426.562176,1085.627389,0.065027,0.065027,1.0,0.000513,4081.537449,2155.038605,0.063167,0.063167,1.0
1239,19-Feb-98,24:00:00,7863.6625,0.000845,1796.976667,1300.326667,0.0,0.0,1.0,0.000844,1958.819583,1477.63375,0.0,0.0,1.0,0.000843,1275.746868,1205.188157,0.0,0.0,1.0
1240,20-Feb-98,24:00:00,8947.8775,0.000472,2026.11959,1001.565742,0.04658,0.04658,1.0,0.000472,2565.627134,1099.626899,0.046354,0.046354,1.0,0.000471,4090.384173,1751.88614,0.046904,0.046904,1.0
1241,21-Feb-98,24:00:00,6049.347917,0.001262,1390.577532,1071.690997,0.0,0.0,1.0,0.001262,1536.106438,1182.190726,0.0,0.0,1.0,0.00126,939.593699,912.711356,0.0,0.0,1.0
1242,22-Feb-98,24:00:00,4185.207083,0.000632,777.253177,757.4085,0.028156,0.028156,1.0,0.000632,876.460287,824.817667,0.028089,0.028089,1.0,0.000631,1277.461192,1248.793906,0.027157,0.027157,1.0
1243,23-Feb-98,24:00:00,5485.45375,0.001492,834.480072,833.302924,0.0,0.0,1.0,0.001491,942.830477,926.611842,0.0,0.0,1.0,0.00149,794.872752,793.362898,0.0,0.0,1.0
1244,24-Feb-98,24:00:00,5153.705417,0.000772,544.791179,544.722998,0.0,0.0,1.0,0.000772,575.914131,575.325828,0.0,0.0,1.0,0.000771,584.399724,584.399724,0.0,0.0,1.0
1245,25-Feb-98,24:00:00,4549.270833,0.000897,425.423889,425.423889,0.0,0.0,1.0,0.000897,463.690514,463.690514,0.0,0.0,1.0,0.000896,550.000259,550.000259,0.0,0.0,1.0
1246,26-Feb-98,24:00:00,2894.145833,0.001234,385.750574,385.750574,0.0,0.0,0.999563,0.001233,427.140617,427.140617,0.0,0.0,0.999729,0.001232,517.970416,517.970416,0.0,0.0,0.999735
1247,27-Feb-98,24:00:00,1930.669583,0.001501,361.370745,361.370745,0.0,0.0,0.996213,0.0015,401.38575,401.38575,0.0,0.0,0.996654,0.001499,487.806152,487.806152,0.0,0.0,0.996673
1248,28-Feb-98,24:00:00,1717.664583,0.001743,340.113428,340.113428,0.0,0.0,0.990759,0.001742,377.940817,377.940817,0.0,0.0,0.991203,0.001741,459.398519,459.398519,0.0,0.0,0.991227
1249,01-Mar-98,24:00:00,1648.824583,0.000766,320.285169,320.285169,0.0,0.0,0.986275,0.000766,355.926156,355.926156,0.0,0.0,0.986722,0.000765,432.645218,432.645218,0.0,0.0,0.98675
1250,02-Mar-98,24:00:00,1583.7275,0.001961,301.631144,301.631144,0.0,0.0,0.981795,0.00196,335.198272,335.198272,0.0,0.0,0.982245,0.001958,407.449909,407.449909,0.0,0.0,0.982277
1251,03-Mar-98,24:00:00,1383.605,0.001733,284.065316,284.065316,0.0,0.0,0.975429,0.001732,315.677812,315.677812,0.0,0.0,0.975882,0.00173,383.721862,383.721862,0.0,0.0,0.975919
1252,04-Mar-98,24:00:00,1186.18125,0.001032,267.522615,267.522615,0.0,0.0,0.970494,0.001032,297.294156,297.294156,0.0,0.0,0.97095,0.001031,361.375629,361.375629,0.0,0.0,0.970992
1253,05-Mar-98,24:00:00,1086.06375,0.002045,251.943302,251.943302,0.0,0.0,0.965471,0.002044,279.981084,279.981084,0.0,0.0,0.965929,0.002043,340.33074,340.33074,0.0,0.0,0.965974
1254,06-Mar-98,24:00:00,1031.820417,0.000777,237.271259,237.271259,0.0,0.0,0.960414,0.000776,263.676246,263.676246,0.0,0.0,0.960874,0.000776,320.511411,320.511411,0.0,0.0,0.960961
1255,07-Mar-98,24:00:00,985.20004,0.00174,223.453649,223.453649,0.0,0.0,0.959184,0.001739,248.320929,248.320929,0.0,0.0,0.959645,0.001738,301.84627,301.84627,0.0,0.0,0.959807
1256,08-Mar-98,24:00:00,941.487111,0.001991,210.440715,210.440715,0.0,0.0,0.957112,0.001991,233.859837,233.859837,0.0,0.0,0.957168,0.00199,284.268103,284.268103,0.0,0.0,0.95738
1257,09-Mar-98,24:00:00,899.231078,0.002294,198.185596,198.185596,0.0,0.0,0.950768,0.002293,220.240893,220.240893,0.0,0.0,0.950487,0.002291,267.713609,267.713609,0.0,0.0,0.95074
1258,10-Mar-98,24:00:00,858.865809,0.002107,186.644159,186.644159,0.0,0.0,0.943114,0.002106,207.415056,207.415056,0.0,0.0,0.942837,0.002104,252.123174,252.123174,0.0,0.0,0.943097
1259,11-Mar-98,24:00:00,885.426224,0.00058,185.55917,184.11801,0.034845,0.017095,0.965059,0.00058,235.094281,208.943913,0.036109,0.018279,0.965151,0.00058,405.006003,377.267177,0.039016,0.021263,0.966753
1260,12-Mar-98,24:00:00,2642.844167,0.001564,516.132588,511.556538,0.0111,0.0111,1.0,0.001564,728.005046,658.354559,0.012294,0.012294,1.0,0.001563,1191.181572,1159.821935,0.014167,0.014167,1.0
1261,13-Mar-98,24:00:00,1475.80375,0.002818,407.525073,407.125796,0.0,0.0,0.999852,0.002818,453.442829,449.226899,0.0,0.0,0.999852,0.002818,279.123305,279.123305,0.0,0.0,0.999853
1262,14-Mar-98,24:00:00,941.42202,0.002408,222.513156,222.507802,0.0,0.0,0.995478,0.002407,235.978934,235.97692,0.0,0.0,0.995481,0.002406,251.004095,251.004095,0.0,0.0,0.995486
1263,15-Mar-98,24:00:00,819.725862,0.00244,173.199044,173.199044,0.0,0.0,0.987191,0.00244,192.1511,192.1511,0.0,0.0,0.987196,0.002438,236.372904,236.372904,0.0,0.0,0.987206
1264,16-Mar-98,24:00:00,774.319591,0.002373,157.848669,157.848669,0.0,0.0,0.978874,0.002373,177.844555,177.844555,0.0,0.0,0.978882,0.002372,222.607602,222.607602,0.0,0.0,0.978895
1265,17-Mar-98,24:00:00,740.425202,0.002574,148.032073,148.032073,0.0,0.0,0.970443,0.002574,167.223164,167.223164,0.0,0.0,0.97045,0.002574,209.643937,209.643937,0.0,0.0,0.970464
1266,18-Mar-98,24:00:00,1108.065055,0.002672,139.345325,139.345325,0.0,0.0,0.961681,0.002671,157.464811,157.464811,0.0,0.0,0.96169,0.00267,197.435219,197.435219,0.0,0.0,0.961705
1267,19-Mar-98,24:00:00,1480.83125,0.002043,131.223995,131.223995,0.0,0.0,0.953537,0.002042,148.293361,148.293361,0.0,0.0,0.953548,0.002041,185.937481,185.937481,0.0,0.0,0.953568
1268,20-Mar-98,24:00:00,1274.644583,0.001058,123.955991,123.692852,0.017503,0.00191,0.957869,0.001057,147.217314,140.683189,0.022069,0.006481,0.959398,0.001056,221.115486,207.315796,0.028316,0.012797,0.960906
1269,21-Mar-98,24:00:00,3193.504583,0.000916,434.399218,428.21187,0.038104,0.038104,1.0,0.000916,716.569703,614.597428,0.037245,0.037245,1.0,0.000916,1987.947019,1487.322222,0.034145,0.034145,1.0
1270,22-Mar-98,24:00:00,2756.874167,0.000814,759.858354,711.848166,0.037967,0.037967,1.0,0.000814,897.18193,835.640908,0.033539,0.033539,1.0,0.000814,929.36078,900.911765,0.026367,0.026367,1.0
1271,23-Mar-98,24:00:00,2672.21375,0.000979,829.522074,792.591471,0.006908,0.006908,1.0,0.000979,848.983222,821.903381,0.008468,0.008468,1.0,0.000979,579.451758,570.253651,0.010193,0.010193,1.0
1272,24-Mar-98,24:00:00,2561.12625,0.001915,474.238039,471.276769,0.0,0.0,1.0,0.001915,502.398852,490.653184,0.0,0.0,1.0,0.001914,448.058041,444.365795,0.00048,0.00048,1.0
1273,25-Mar-98,24:00:00,2550.46375,0.002202,250.158878,250.114109,0.0,0.0,1.0,0.002201,263.755624,263.259684,0.0,0.0,1.0,0.0022,254.955231,254.843644,0.0,0.0,1.0
1274,26-Mar-98,24:00:00,1981.204583,0.00136,179.086074,179.086074,0.0,0.0,0.997762,0.00136,197.250636,197.250636,0.0,0.0,0.997766,0.001359,232.874583,232.874583,0.0,0.0,1.0
1275,27-Mar-98,24:00:00,1054.842993,0.001996,159.383889,159.383889,0.0,0.0,0.992401,0.001996,179.453637,179.453637,0.0,0.0,0.992407,0.001995,219.292706,219.292706,0.0,0.0,0.997936
1276,28-Mar-98,24:00:00,741.078101,0.002703,148.923291,148.923291,0.0,0.0,0.984433,0.002702,168.413942,168.413942,0.0,0.0,0.984441,0.002701,206.522069,206.522069,0.0,0.0,0.990643
1277,29-Mar-98,24:00:00,708.327638,0.002347,140.12041,140.12041,0.0,0.0,0.975607,0.002346,158.559,158.559,0.0,0.0,0.975617,0.002345,194.495154,194.495154,0.0,0.0,0.981823
1278,30-Mar-98,24:00:00,1428.027079,0.000558,185.629383,183.785234,0.01836,0.010005,0.991868,0.000558,314.567502,271.734642,0.026918,0.018566,0.993069,0.000558,1160.98802,972.483756,0.042082,0.03554,0.997324
1279,31-Mar-98,24:00:00,1807.554167,0.002297,258.620695,257.936799,0.0,0.0,1.0,0.002296,440.252365,427.860864,0.0,0.0,1.0,0.002295,505.007676,499.604916,0.0,0.0,1.0
1280,01-Apr-98,24:00:00,846.829004,0.001808,164.208916,164.170688,0.0,0.0,0.99972,0.001808,215.084154,214.684821,0.0,0.0,0.999794,0.001807,217.78368,217.78368,0.0,0.0,1.0
1281,02-Apr-98,24:00:00,1040.793013,0.001183,196.296264,195.09398,0.01287,0.012599,0.999768,0.001183,211.504644,199.560424,0.009494,0.009281,0.999818,0.001182,214.006895,213.43736,0.000726,0.000726,1.0
1282,03-Apr-98,24:00:00,1694.097917,0.001682,279.715567,279.15199,0.0,0.0,1.0,0.001681,296.008386,288.632405,0.0,0.0,1.0,0.00168,206.311132,206.073717,0.0,0.0,1.0
1283,04-Apr-98,24:00:00,1569.6375,0.001948,166.614373,166.581309,0.0,0.0,1.0,0.001947,177.992593,177.694918,0.0,0.0,1.0,0.001946,182.502456,182.502456,0.0,0.0,1.0
1284,05-Apr-98,24:00:00,1458.254167,0.001353,121.30213,121.30213,0.0,0.0,0.99844,0.001353,137.811059,137.811059,0.0,0.0,0.999784,0.001352,171.834834,171.834834,0.0,0.0,0.998782
1285,06-Apr-98,24:00:00,1419.19875,0.002435,108.184139,108.184139,0.0,0.0,0.992394,0.002434,126.010635,126.010635,0.0,0.0,0.9953,0.002433,161.827912,161.827912,0.0,0.0,0.993023
1286,07-Apr-98,24:00:00,1307.789583,0.001896,101.105948,101.105948,0.0,0.0,0.98479,0.001896,118.317159,118.317159,0.0,0.0,0.987697,0.001895,152.403783,152.403783,0.0,0.0,0.985424
1287,08-Apr-98,24:00:00,1136.643333,0.001442,95.32862,95.131623,0.001724,0.0,0.986385,0.001442,114.003624,111.398307,0.001461,0.0,0.988574,0.001442,144.192841,143.528473,0.000598,0.0,0.984309
1288,09-Apr-98,24:00:00,1010.636525,0.001541,89.624859,89.582824,0.0,0.0,0.987535,0.001541,105.314751,104.908878,0.0,0.0,0.989541,0.00154,135.170021,135.170021,0.0,0.0,0.984309
1289,10-Apr-98,24:00:00,882.944399,0.002024,84.367026,84.365088,0.0,0.0,0.986606,0.002024,98.807072,98.799314,0.0,0.0,0.988914,0.002023,127.298328,127.298328,0.0,0.0,0.983677
1290,11-Apr-98,24:00:00,844.946048,0.001387,83.485431,83.200376,0.014012,0.008431,0.987588,0.001387,107.171907,100.933244,0.014128,0.010178,0.991084,0.001386,195.672706,186.140383,0.015161,0.010117,0.987931
1291,12-Apr-98,24:00:00,1406.909167,0.00174,189.448033,187.893558,0.0,0.0,1.0,0.00174,283.187486,261.302672,0.0,0.0,1.0,0.001739,365.645159,358.330682,0.0,0.0,1.0
1292,13-Apr-98,24:00:00,990.76046,0.001913,138.357892,138.239443,0.0,0.0,1.0,0.001913,161.184362,160.112678,0.0,0.0,1.0,0.001912,146.907448,145.502739,0.001789,0.001789,1.0
1293,14-Apr-98,24:00:00,1129.958365,0.002602,86.686583,86.686114,0.0,0.0,0.999128,0.002601,98.905458,98.905458,0.0,0.0,1.0,0.002601,148.932549,148.349648,0.0,0.0,1.0
1294,15-Apr-98,24:00:00,1344.16,0.002971,72.536393,72.536393,0.0,0.0,0.992637,0.00297,85.591762,85.591762,0.0,0.0,0.99802,0.002969,111.256029,111.256029,0.0,0.0,0.998249
1295,16-Apr-98,24:00:00,1103.260352,0.003228,67.033949,67.033949,0.0,0.0,0.982063,0.003228,79.855754,79.855754,0.0,0.0,0.989541,0.003227,104.679945,104.679945,0.0,0.0,0.990043
1296,17-Apr-98,24:00:00,837.618591,0.003036,62.981102,62.981102,0.0,0.0,0.971305,0.003035,75.14291,75.14291,0.0,0.0,0.978785,0.003034,98.583769,98.583769,0.0,0.0,0.97929
1297,18-Apr-98,24:00:00,758.331368,0.003273,59.297758,59.297758,0.0,0.0,0.96048,0.003272,70.762265,70.762265,0.0,0.0,0.967962,0.003272,92.842694,92.842694,0.0,0.0,0.968471
1298,19-Apr-98,24:00:00,744.967021,0.00376,55.843001,55.843001,0.0,0.0,0.948659,0.00376,66.641064,66.641064,0.0,0.0,0.956143,0.003758,87.435954,87.435954,0.0,0.0,0.956655
1299,20-Apr-98,24:00:00,733.983177,0.00383,52.590815,52.590815,0.0,0.0,0.93538,0.00383,62.760168,62.760168,0.0,0.0,0.942866,0.003829,82.344078,82.344078,0.0,0.0,0.943382
1300,21-Apr-98,24:00:00,723.67522,0.003513,49.52815,49.52815,0.0,0.0,0.922902,0.003513,59.105297,59.105297,0.0,0.0,0.93039,0.003512,77.54873,77.54873,0.0,0.0,0.930909
1301,22-Apr-98,24:00:00,729.420143,0.00132,47.545015,46.643852,0.009276,0.0,0.935857,0.00132,70.108193,55.66327,0.009534,0.0,0.943033,0.001319,82.55211,73.032641,0.008826,0.0,0.941451
1302,23-Apr-98,24:00:00,713.773687,0.002697,44.301486,43.927525,0.0,0.0,0.947903,0.002696,57.500164,52.421692,0.0,0.0,0.956276,0.002695,69.068247,68.779549,0.0,0.0,0.954373
1303,24-Apr-98,24:00:00,694.106659,0.00342,41.390814,41.369383,0.0,0.0,0.943848,0.003419,49.546311,49.368889,0.0,0.0,0.952222,0.003419,64.774137,64.774137,0.0,0.0,0.950323
1304,25-Apr-98,24:00:00,684.883424,0.003716,38.960217,38.960217,0.0,0.0,0.932423,0.003716,46.493867,46.493867,0.0,0.0,0.9408,0.003716,61.001983,61.001983,0.0,0.0,0.938904
1305,26-Apr-98,24:00:00,627.968555,0.004201,36.691349,36.691349,0.0,0.0,0.919049,0.004201,43.786274,43.786274,0.0,0.0,0.927427,0.0042,57.449503,57.449503,0.0,0.0,0.925532
1306,27-Apr-98,24:00:00,531.341906,0.004227,34.55461,34.55461,0.0,0.0,0.904536,0.004227,41.236358,41.236358,0.0,0.0,0.912915,0.004227,54.103902,54.103902,0.0,0.0,0.911022
1307,28-Apr-98,24:00:00,449.795991,0.004123,32.542305,32.542305,0.0,0.0,0.890412,0.004123,38.834939,38.834939,0.0,0.0,0.898791,0.004122,50.953135,50.953135,0.0,0.0,0.8969
1308,29-Apr-98,24:00:00,392.806082,0.003454,30.647188,30.647188,0.0,0.0,0.877156,0.003454,36.573367,36.573367,0.0,0.0,0.885537,0.003453,47.985854,47.985854,0.0,0.0,0.88365
1309,30-Apr-98,24:00:00,438.766486,0.001071,31.12521,28.862434,0.022699,0.0,0.921887,0.001071,61.44202,34.443499,0.017205,0.0,0.917056,0.001071,57.214867,45.191374,0.011401,0.0,0.899189
1310,01-May-98,24:00:00,495.398784,0.001944,28.371501,27.181616,0.002857,0.0,0.956502,0.001944,44.205972,32.437664,0.00195,0.0,0.943502,0.001943,43.205378,42.559632,0.0,0.0,0.916277
1311,02-May-98,24:00:00,493.041483,0.002574,25.715029,25.598681,0.0,0.0,0.95797,0.002574,31.353642,30.548641,0.0,0.0,0.944405,0.002573,40.081151,40.081151,0.0,0.0,0.915768
1312,03-May-98,24:00:00,485.843154,0.002275,24.128181,24.107929,0.000296,0.0,0.954668,0.002275,28.779421,28.769626,0.0,0.0,0.940723,0.002274,37.747005,37.747005,0.0,0.0,0.910788
1313,04-May-98,24:00:00,482.261338,0.00227,22.726764,22.703992,0.0,0.0,0.953014,0.00227,27.094212,27.094212,0.0,0.0,0.937173,0.002269,35.548789,35.548789,0.0,0.0,0.903033
1314,05-May-98,24:00:00,480.18655,0.001782,21.383304,21.381814,0.0,0.0,0.95285,0.001782,25.516367,25.516367,0.0,0.0,0.932305,0.001782,33.478588,33.478588,0.0,0.0,0.896194
1315,06-May-98,24:00:00,476.639274,0.001914,20.136633,20.136633,0.0,0.0,0.9492,0.001914,24.030409,24.030409,0.0,0.0,0.925916,0.001913,31.528946,31.528946,0.0,0.0,0.889806
1316,07-May-98,24:00:00,474.60189,0.002137,18.963966,18.963966,0.0,0.0,0.94245,0.002137,22.630986,22.630986,0.0,0.0,0.919167,0.002136,29.692842,29.692842,0.0,0.0,0.883059
1317,08-May-98,24:00:00,475.574799,0.003034,17.85959,17.85959,0.0,0.0,0.933377,0.003033,21.313059,21.313059,0.0,0.0,0.910095,0.003032,27.963665,27.963665,0.0,0.0,0.873991
1318,09-May-98,24:00:00,473.99132,0.003002,16.819528,16.819528,0.0,0.0,0.92313,0.003001,20.071883,20.071883,0.0,0.0,0.899849,0.003,26.335187,26.335187,0.0,0.0,0.863747
1319,10-May-98,24:00:00,473.912618,0.001209,15.840035,15.840035,0.0,0.0,0.916224,0.001209,18.902987,18.902987,0.0,0.0,0.892944,0.001208,24.801544,24.801544,0.0,0.0,0.85642
1320,11-May-98,24:00:00,475.478766,0.001351,15.238056,14.917582,0.00276,0.0,0.923213,0.00135,17.803222,17.802162,2e-06,0.0,0.892045,0.00135,23.357214,23.357214,0.0,0.0,0.854933
1321,12-May-98,24:00:00,473.522678,0.002298,14.11145,14.04885,0.0,0.0,0.924788,0.002298,16.768373,16.765444,0.0,0.0,0.89205,0.002297,21.996995,21.996995,0.0,0.0,0.854933
1322,13-May-98,24:00:00,470.371578,0.002334,13.233461,13.230708,0.0,0.0,0.923982,0.002334,15.789236,15.7891,0.0,0.0,0.891575,0.002333,20.715989,20.715989,0.0,0.0,0.854309
1323,14-May-98,24:00:00,467.435464,0.002811,12.460211,12.460211,0.0,0.0,0.917757,0.00281,14.869614,14.869614,0.0,0.0,0.885916,0.00281,19.509583,19.509583,0.0,0.0,0.848387
1324,15-May-98,24:00:00,464.673033,0.002231,11.734584,11.734584,0.0,0.0,0.908905,0.002231,14.003675,14.003675,0.0,0.0,0.877065,0.002231,18.373433,18.373433,0.0,0.0,0.839539
1325,16-May-98,24:00:00,462.071477,0.003403,11.051215,11.051215,0.0,0.0,0.899507,0.003403,13.188164,13.188164,0.0,0.0,0.867668,0.003402,17.303447,17.303447,0.0,0.0,0.830144
1326,17-May-98,24:00:00,459.621423,0.003922,10.407642,10.407642,0.0,0.0,0.887037,0.003921,12.420145,12.420145,0.0,0.0,0.855199,0.00392,16.295772,16.295772,0.0,0.0,0.817677
1327,18-May-98,24:00:00,457.31405,0.002644,9.801548,9.801548,0.0,0.0,0.875453,0.002643,11.696851,11.696851,0.0,0.0,0.843616,0.002643,15.34678,15.34678,0.0,0.0,0.806096
1328,19-May-98,24:00:00,455.141048,0.003219,9.23075,9.23075,0.0,0.0,0.865675,0.003219,11.01568,11.01568,0.0,0.0,0.833838,0.003218,14.453052,14.453052,0.0,0.0,0.796321
1329,20-May-98,24:00:00,453.094592,0.003518,8.693193,8.693193,0.0,0.0,0.854019,0.003517,10.374176,10.374176,0.0,0.0,0.822184,0.003517,13.611372,13.611372,0.0,0.0,0.784668
1330,21-May-98,24:00:00,451.167312,0.003941,8.18694,8.18694,0.0,0.0,0.841378,0.003941,9.770031,9.770031,0.0,0.0,0.809543,0.00394,12.818707,12.818707,0.0,0.0,0.77203
1331,22-May-98,24:00:00,449.352268,0.00313,7.71017,7.71017,0.0,0.0,0.829087,0.00313,9.201068,9.201068,0.0,0.0,0.797254,0.00313,12.072203,12.072203,0.0,0.0,0.759742
1332,23-May-98,24:00:00,447.642924,0.00158,7.261164,7.261164,0.0,0.0,0.82084,0.001579,8.665239,8.665239,0.0,0.0,0.78924,0.001579,11.369172,11.369172,0.0,0.0,0.751729
1333,24-May-98,24:00:00,446.033125,0.003186,6.838307,6.838307,0.0,0.0,0.812659,0.003186,8.160615,8.160615,0.0,0.0,0.783665,0.003185,10.707083,10.707083,0.0,0.0,0.748696
1334,25-May-98,24:00:00,373.508615,0.001935,6.440075,6.440075,0.0,0.0,0.803852,0.001935,7.685377,7.685377,0.0,0.0,0.775793,0.001934,10.083551,10.083551,0.0,0.0,0.744308
1335,26-May-98,24:00:00,257.769359,0.001401,6.192984,6.065034,0.011379,0.0,0.806163,0.001401,8.336898,7.237816,0.009292,0.0,0.775732,0.001401,11.841801,9.49633,0.010748,0.0,0.747186
1336,27-May-98,24:00:00,339.442972,0.001086,22.20072,15.44908,0.065878,0.019044,0.961717,0.001086,98.643305,7.325682,0.062034,0.004724,0.921089,0.001086,56.229103,8.943307,0.049576,0.0,0.870837
1337,28-May-98,24:00:00,2436.53473,0.001205,1093.207265,574.366399,0.046909,0.046909,1.0,0.001205,626.39578,495.599497,0.045694,0.045694,1.0,0.001205,568.511362,513.902495,0.03384,0.019041,0.995954
1338,29-May-98,24:00:00,2931.550417,0.003587,891.822277,739.318302,0.0,0.0,0.999948,0.003586,697.124816,678.937141,0.0,0.0,0.999948,0.003586,105.409613,105.013018,0.0,0.0,1.0
1339,30-May-98,24:00:00,1744.98125,0.003783,261.566472,253.569462,0.0,0.0,0.993566,0.003783,193.792001,193.381716,0.0,0.0,0.993567,0.003783,36.619708,36.619708,0.0,0.0,0.993999
1340,31-May-98,24:00:00,1060.117122,0.003445,99.937989,99.937989,0.0,0.0,0.98153,0.003445,78.402388,78.402388,0.0,0.0,0.981532,0.003445,34.372846,34.372846,0.0,0.0,0.982034
1341,01-Jun-98,24:00:00,678.334067,0.002277,71.491154,71.491154,0.0,0.0,0.971467,0.002278,61.603005,61.603005,0.0,0.0,0.971468,0.002277,32.371036,32.371036,0.0,0.0,0.971973
1342,02-Jun-98,24:00:00,566.099222,0.001738,64.477175,64.477175,0.0,0.0,0.964406,0.001737,56.906296,56.906296,0.0,0.0,0.964407,0.001737,30.485893,30.485893,0.0,0.0,0.964914
1343,03-Jun-98,24:00:00,545.972839,0.0026,60.409452,60.409452,0.0,0.0,0.957127,0.0026,53.504914,53.504914,0.0,0.0,0.957129,0.002599,28.710531,28.710531,0.0,0.0,0.957637
1344,04-Jun-98,24:00:00,536.071552,0.003297,56.859974,56.859974,0.0,0.0,0.947051,0.003297,50.382715,50.382715,0.0,0.0,0.947052,0.003297,27.038559,27.038559,0.0,0.0,0.947562
1345,05-Jun-98,24:00:00,529.140198,0.002018,53.545714,53.545714,0.0,0.0,0.937924,0.002018,47.448223,47.448223,0.0,0.0,0.937924,0.002018,25.463955,25.463955,0.0,0.0,0.938436
1346,06-Jun-98,24:00:00,517.897822,0.002195,50.427181,50.427181,0.0,0.0,0.930604,0.002194,44.685024,44.685024,0.0,0.0,0.930605,0.002194,23.981049,23.981049,0.0,0.0,0.931118
1347,07-Jun-98,24:00:00,509.371534,0.003246,47.490505,47.490505,0.0,0.0,0.921451,0.003246,42.082768,42.082768,0.0,0.0,0.921452,0.003246,22.584501,22.584501,0.0,0.0,0.921967
1348,08-Jun-98,24:00:00,501.715847,0.004172,44.72487,44.72487,0.0,0.0,0.908643,0.004172,39.632057,39.632057,0.0,0.0,0.908644,0.004171,21.269281,21.269281,0.0,0.0,0.909161
1349,09-Jun-98,24:00:00,494.349737,0.003576,42.120295,42.120295,0.0,0.0,0.895303,0.003576,37.324064,37.324064,0.0,0.0,0.895306,0.003575,20.030654,20.030654,0.0,0.0,0.895824
1350,10-Jun-98,24:00:00,486.080292,0.002965,39.667399,39.667399,0.0,0.0,0.88416,0.002965,35.150479,35.150479,0.0,0.0,0.884162,0.002964,18.864159,18.864159,0.0,0.0,0.884683
1351,11-Jun-98,24:00:00,478.409398,0.003489,37.357348,37.357348,0.0,0.0,0.87288,0.003488,33.103473,33.103473,0.0,0.0,0.872883,0.003488,17.765595,17.765595,0.0,0.0,0.873406
1352,12-Jun-98,24:00:00,473.411206,0.003557,35.181824,35.181824,0.0,0.0,0.861283,0.003557,31.175676,31.175676,0.0,0.0,0.861286,0.003557,16.731007,16.731007,0.0,0.0,0.861811
1353,13-Jun-98,24:00:00,468.314021,0.004519,33.132993,33.132993,0.0,0.0,0.847322,0.004519,29.360145,29.360145,0.0,0.0,0.847327,0.004518,15.756669,15.756669,0.0,0.0,0.847853
1354,14-Jun-98,24:00:00,463.332838,0.005033,31.203477,31.203477,0.0,0.0,0.831472,0.005033,27.650343,27.650343,0.0,0.0,0.831477,0.005032,14.839071,14.839071,0.0,0.0,0.832005
1355,15-Jun-98,24:00:00,455.989057,0.004959,29.386327,29.386327,0.0,0.0,0.81373,0.004959,26.040111,26.040111,0.0,0.0,0.813736,0.004958,13.974911,13.974911,0.0,0.0,0.814268
1356,16-Jun-98,24:00:00,449.954551,0.004829,27.675,27.675,0.0,0.0,0.797074,0.004829,24.523653,24.523653,0.0,0.0,0.79708,0.004829,13.161075,13.161075,0.0,0.0,0.797614
1357,17-Jun-98,24:00:00,443.675679,0.004719,26.063332,26.063332,0.0,0.0,0.780672,0.004719,23.095505,23.095505,0.0,0.0,0.78068,0.004718,12.394633,12.394633,0.0,0.0,0.781215
1358,18-Jun-98,24:00:00,433.077664,0.004752,24.545521,24.545521,0.0,0.0,0.764675,0.004752,21.750527,21.750527,0.0,0.0,0.764682,0.004751,11.672826,11.672826,0.0,0.0,0.76522
1359,19-Jun-98,24:00:00,421.307819,0.00383,23.116101,23.116101,0.0,0.0,0.749884,0.00383,20.483874,20.483874,0.0,0.0,0.749892,0.003829,10.993053,10.993053,0.0,0.0,0.750432
1360,20-Jun-98,24:00:00,414.307226,0.003033,21.769923,21.769923,0.0,0.0,0.738101,0.003032,19.290986,19.290986,0.0,0.0,0.73811,0.003032,10.352867,10.352867,0.0,0.0,0.738651
1361,21-Jun-98,24:00:00,412.046348,0.003383,20.502141,20.502141,0.0,0.0,0.727198,0.003383,18.167566,18.167566,0.0,0.0,0.727207,0.003383,9.749962,9.749962,0.0,0.0,0.727749
1362,22-Jun-98,24:00:00,378.68681,0.004054,19.308189,19.308189,0.0,0.0,0.714234,0.004054,17.109568,17.109568,0.0,0.0,0.714242,0.004053,9.182169,9.182169,0.0,0.0,0.714786
1363,23-Jun-98,24:00:00,329.179562,0.004235,18.183767,18.183767,0.0,0.0,0.700028,0.004234,16.113184,16.113184,0.0,0.0,0.700036,0.004234,8.64744,8.64744,0.0,0.0,0.700583
1364,24-Jun-98,24:00:00,301.26153,0.003626,17.124826,17.124826,0.0,0.0,0.686293,0.003626,15.174825,15.174825,0.0,0.0,0.686302,0.003625,8.143853,8.143853,0.0,0.0,0.686851
1365,25-Jun-98,24:00:00,277.25594,0.004452,16.127553,16.127553,0.0,0.0,0.672822,0.004452,14.291112,14.291112,0.0,0.0,0.672831,0.004452,7.669591,7.669591,0.0,0.0,0.673382
1366,26-Jun-98,24:00:00,251.118772,0.004613,15.188357,15.188357,0.0,0.0,0.657111,0.004613,13.458862,13.458862,0.0,0.0,0.657121,0.004612,7.222949,7.222949,0.0,0.0,0.657673
1367,27-Jun-98,24:00:00,240.218338,0.004592,14.303856,14.303856,0.0,0.0,0.641417,0.004592,12.675078,12.675078,0.0,0.0,0.641427,0.004591,6.802317,6.802317,0.0,0.0,0.641981
1368,28-Jun-98,24:00:00,254.33614,0.004329,13.470863,13.470863,0.0,0.0,0.626257,0.004329,11.936939,11.936939,0.0,0.0,0.626268,0.004328,6.40618,6.40618,0.0,0.0,0.626823
1369,29-Jun-98,24:00:00,281.093237,0.003843,12.686381,12.686381,0.0,0.0,0.612188,0.003843,11.241785,11.241785,0.0,0.0,0.612199,0.003842,6.033113,6.033113,0.0,0.0,0.612756
1370,30-Jun-98,24:00:00,256.356879,0.003815,11.947583,11.947583,0.0,0.0,0.599173,0.003815,10.587114,10.587114,0.0,0.0,0.599183,0.003815,5.681772,5.681772,0.0,0.0,0.599742
1371,01-Jul-98,24:00:00,209.70873,0.004068,11.25181,11.25181,0.0,0.0,0.585646,0.004068,9.970568,9.970568,0.0,0.0,0.585657,0.004067,5.350891,5.350891,0.0,0.0,0.586217
1372,02-Jul-98,24:00:00,187.062201,0.004575,10.596555,10.596555,0.0,0.0,0.5708,0.004575,9.389927,9.389927,0.0,0.0,0.570811,0.004574,5.039279,5.039279,0.0,0.0,0.571373
1373,03-Jul-98,24:00:00,181.772779,0.004722,9.97946,9.97946,0.0,0.0,0.55478,0.004722,8.8431,8.8431,0.0,0.0,0.554792,0.004721,4.745814,4.745814,0.0,0.0,0.555356
1374,04-Jul-98,24:00:00,178.678015,0.00453,9.398301,9.398301,0.0,0.0,0.538886,0.00453,8.328118,8.328118,0.0,0.0,0.538899,0.00453,4.46944,4.46944,0.0,0.0,0.539466
1375,05-Jul-98,24:00:00,177.203962,0.004802,8.850986,8.850986,0.0,0.0,0.522807,0.004802,7.843126,7.843126,0.0,0.0,0.52282,0.004801,4.20916,4.20916,0.0,0.0,0.523389
1376,06-Jul-98,24:00:00,180.280212,0.005368,8.335545,8.335545,0.0,0.0,0.505685,0.005367,7.386378,7.386378,0.0,0.0,0.505698,0.005367,3.964037,3.964037,0.0,0.0,0.50627
1377,07-Jul-98,24:00:00,188.569516,0.005128,7.85012,7.85012,0.0,0.0,0.487692,0.005128,6.956228,6.956228,0.0,0.0,0.487706,0.005127,3.733189,3.733189,0.0,0.0,0.48828
1378,08-Jul-98,24:00:00,191.830076,0.004476,7.392964,7.392964,0.0,0.0,0.471139,0.004476,6.551129,6.551129,0.0,0.0,0.471154,0.004475,3.515785,3.515785,0.0,0.0,0.47173
1379,09-Jul-98,24:00:00,189.805833,0.004205,6.962431,6.962431,0.0,0.0,0.456349,0.004205,6.169621,6.169621,0.0,0.0,0.456364,0.004205,3.311042,3.311042,0.0,0.0,0.456942
1380,10-Jul-98,24:00:00,189.572785,0.004844,6.556971,6.556971,0.0,0.0,0.440823,0.004844,5.81033,5.81033,0.0,0.0,0.440839,0.004843,3.118222,3.118222,0.0,0.0,0.441419
1381,11-Jul-98,24:00:00,190.541698,0.005322,6.175122,6.175122,0.0,0.0,0.423568,0.005322,5.471962,5.471962,0.0,0.0,0.423585,0.005322,2.93663,2.93663,0.0,0.0,0.424167
1382,12-Jul-98,24:00:00,190.37852,0.005336,5.815511,5.815511,0.0,0.0,0.4053,0.005335,5.1533,5.1533,0.0,0.0,0.405318,0.005335,2.765614,2.765614,0.0,0.0,0.405902
1383,13-Jul-98,24:00:00,192.619033,0.005251,5.476842,5.476842,0.0,0.0,0.38705,0.005251,4.853195,4.853195,0.0,0.0,0.387069,0.00525,2.604557,2.604557,0.0,0.0,0.387656
1384,14-Jul-98,24:00:00,198.939098,0.005749,5.157895,5.157895,0.0,0.0,0.368419,0.005749,4.570567,4.570567,0.0,0.0,0.368438,0.005748,2.45288,2.45288,0.0,0.0,0.369027
1385,15-Jul-98,24:00:00,202.224865,0.005281,4.857523,4.857523,0.0,0.0,0.349223,0.005281,4.304397,4.304397,0.0,0.0,0.349242,0.00528,2.310035,2.310035,0.0,0.0,0.349834
1386,16-Jul-98,24:00:00,211.142354,0.005455,4.574642,4.574642,0.0,0.0,0.33095,0.005455,4.053729,4.053729,0.0,0.0,0.33097,0.005454,2.175509,2.175509,0.0,0.0,0.331565
1387,17-Jul-98,24:00:00,227.140889,0.005688,4.308236,4.308236,0.0,0.0,0.311888,0.005688,3.817658,3.817658,0.0,0.0,0.311909,0.005687,2.048817,2.048817,0.0,0.0,0.312506
1388,18-Jul-98,24:00:00,231.962526,0.005582,4.057344,4.057344,0.0,0.0,0.292474,0.005582,3.595335,3.595335,0.0,0.0,0.292496,0.005582,1.929503,1.929503,0.0,0.0,0.293095
1389,19-Jul-98,24:00:00,231.107634,0.005235,3.821062,3.821062,0.0,0.0,0.273884,0.005235,3.385958,3.385958,0.0,0.0,0.273906,0.005234,1.817138,1.817138,0.0,0.0,0.274507
1390,20-Jul-98,24:00:00,230.571719,0.004716,3.598541,3.598541,0.0,0.0,0.25679,0.004715,3.188776,3.188776,0.0,0.0,0.256814,0.004715,1.711316,1.711316,0.0,0.0,0.257418
1391,21-Jul-98,24:00:00,230.072501,0.004394,3.388978,3.388978,0.0,0.0,0.241182,0.004394,3.003076,3.003076,0.0,0.0,0.241206,0.004393,1.611656,1.611656,0.0,0.0,0.241813
1392,22-Jul-98,24:00:00,229.000628,0.004543,3.191619,3.191619,0.0,0.0,0.225804,0.004543,2.82819,2.82819,0.0,0.0,0.22583,0.004542,1.517801,1.517801,0.0,0.0,0.226439
1393,23-Jul-98,24:00:00,228.768045,0.004445,3.005754,3.005754,0.0,0.0,0.210285,0.004444,2.663489,2.663489,0.0,0.0,0.210312,0.004443,1.429411,1.429411,0.0,0.0,0.210926
1394,24-Jul-98,24:00:00,228.736152,0.004888,2.830712,2.830712,0.0,0.0,0.194191,0.004887,2.508379,2.508379,0.0,0.0,0.19422,0.004886,1.346169,1.346169,0.0,0.0,0.194837
1395,25-Jul-98,24:00:00,228.350007,0.00518,2.665864,2.665864,0.0,0.0,0.177276,0.00518,2.362303,2.362303,0.0,0.0,0.177306,0.005179,1.267774,1.267774,0.0,0.0,0.177925
1396,26-Jul-98,24:00:00,222.564355,0.005129,2.510616,2.510616,0.0,0.0,0.159434,0.005129,2.224733,2.224733,0.0,0.0,0.159464,0.005127,1.193944,1.193944,0.0,0.0,0.160088
1397,27-Jul-98,24:00:00,214.479145,0.004899,2.364409,2.364409,0.0,0.0,0.14229,0.004899,2.095174,2.095174,0.0,0.0,0.142323,0.004899,1.124414,1.124414,0.0,0.0,0.142949
1398,28-Jul-98,24:00:00,208.943652,0.003881,2.226717,2.226717,0.0,0.0,0.127075,0.003881,1.973161,1.973161,0.0,0.0,0.127108,0.003881,1.058934,1.058934,0.0,0.0,0.127734
1399,29-Jul-98,24:00:00,208.22544,0.003221,2.097043,2.097043,0.0,0.0,0.114869,0.003221,1.858253,1.858253,0.0,0.0,0.114902,0.00322,0.997266,0.997266,0.0,0.0,0.11553
1400,30-Jul-98,24:00:00,209.894728,0.00422,1.97492,1.97492,0.0,0.0,0.102361,0.00422,1.750037,1.750037,0.0,0.0,0.102395,0.004218,0.93919,0.93919,0.0,0.0,0.103027
1401,31-Jul-98,24:00:00,210.416963,0.004907,1.85991,1.85991,0.0,0.0,0.0866,0.004907,1.648122,1.648122,0.0,0.0,0.086634,0.004907,0.884496,0.884496,0.0,0.0,0.087269
1402,01-Aug-98,24:00:00,210.172188,0.005036,1.751597,1.751597,0.0,0.0,0.069662,0.005036,1.552143,1.552143,0.0,0.0,0.069696,0.005036,0.832986,0.832986,0.0,0.0,0.070331
1403,02-Aug-98,24:00:00,212.336372,0.005016,1.649592,1.649592,0.0,0.0,0.052319,0.005016,1.461753,1.461753,0.0,0.0,0.052353,0.005016,0.784477,0.784477,0.0,0.0,0.052988
1404,03-Aug-98,24:00:00,217.886394,0.005299,1.553527,1.553527,0.0,0.0,0.034911,0.005299,1.376627,1.376627,0.0,0.0,0.034945,0.005299,0.738793,0.738793,0.0,0.0,0.035579
1405,04-Aug-98,24:00:00,221.040271,0.005052,1.463057,1.463057,0.0,0.0,0.016941,0.005052,1.296459,1.296459,0.0,0.0,0.016975,0.00505,0.695769,0.695769,0.0,0.0,0.017612
1406,05-Aug-98,24:00:00,223.682161,0.005495,1.377855,1.377855,0.0,0.0,0.003188,0.005495,1.220959,1.220959,0.0,0.0,0.003206,0.005495,0.65525,0.65525,0.0,0.0,0.003549
1407,06-Aug-98,24:00:00,229.878533,0.004583,1.297615,1.297615,0.0,0.0,0.0,0.004583,1.149856,1.149856,0.0,0.0,0.0,0.004583,0.617092,0.617092,0.0,0.0,0.0
1408,07-Aug-98,24:00:00,233.459577,0.00455,1.222048,1.222048,0.0,0.0,0.0,0.004549,1.082893,1.082893,0.0,0.0,0.0,0.004549,0.581155,0.581155,0.0,0.0,0.0
1409,08-Aug-98,24:00:00,233.132633,0.0046,1.150881,1.150881,0.0,0.0,0.0,0.0046,1.019831,1.019831,0.0,0.0,0.0,0.004599,0.547311,0.547311,0.0,0.0,0.0
1410,09-Aug-98,24:00:00,231.986536,0.004778,1.083859,1.083859,0.0,0.0,0.0,0.004778,0.96044,0.96044,0.0,0.0,0.0,0.004778,0.515438,0.515438,0.0,0.0,0.0
1411,10-Aug-98,24:00:00,232.039815,0.004822,1.02074,1.02074,0.0,0.0,0.0,0.004822,0.904508,0.904508,0.0,0.0,0.0,0.004822,0.485421,0.485421,0.0,0.0,0.0
1412,11-Aug-98,24:00:00,230.477929,0.004918,0.961297,0.961297,0.0,0.0,0.0,0.004918,0.851834,0.851834,0.0,0.0,0.0,0.004918,0.457152,0.457152,0.0,0.0,0.0
1413,12-Aug-98,24:00:00,229.778009,0.004833,0.905315,0.905315,0.0,0.0,0.0,0.004832,0.802227,0.802227,0.0,0.0,0.0,0.004832,0.43053,0.43053,0.0,0.0,0.0
1414,13-Aug-98,24:00:00,231.227925,0.004461,0.852593,0.852593,0.0,0.0,0.0,0.00446,0.755509,0.755509,0.0,0.0,0.0,0.004459,0.405458,0.405458,0.0,0.0,0.0
1415,14-Aug-98,24:00:00,231.899326,0.004828,0.802942,0.802942,0.0,0.0,0.0,0.004828,0.711511,0.711511,0.0,0.0,0.0,0.004826,0.381846,0.381846,0.0,0.0,0.0
1416,15-Aug-98,24:00:00,231.801124,0.004826,0.756183,0.756183,0.0,0.0,0.0,0.004826,0.670076,0.670076,0.0,0.0,0.0,0.004826,0.359609,0.359609,0.0,0.0,0.0
1417,16-Aug-98,24:00:00,229.289255,0.004302,0.712146,0.712146,0.0,0.0,0.0,0.004302,0.631054,0.631054,0.0,0.0,0.0,0.004301,0.338667,0.338667,0.0,0.0,0.0
1418,17-Aug-98,24:00:00,225.216923,0.003885,0.670674,0.670674,0.0,0.0,0.0,0.003884,0.594304,0.594304,0.0,0.0,0.0,0.003883,0.318944,0.318944,0.0,0.0,0.0
1419,18-Aug-98,24:00:00,223.531141,0.004019,0.631617,0.631617,0.0,0.0,0.0,0.004018,0.559695,0.559695,0.0,0.0,0.0,0.004017,0.300371,0.300371,0.0,0.0,0.0
1420,19-Aug-98,24:00:00,223.417073,0.003777,0.594834,0.594834,0.0,0.0,0.0,0.003776,0.527101,0.527101,0.0,0.0,0.0,0.003775,0.282878,0.282878,0.0,0.0,0.0
1421,20-Aug-98,24:00:00,223.334375,0.003935,0.560194,0.560194,0.0,0.0,0.0,0.003934,0.496405,0.496405,0.0,0.0,0.0,0.003933,0.266405,0.266405,0.0,0.0,0.0
1422,21-Aug-98,24:00:00,223.256666,0.004439,0.52757,0.52757,0.0,0.0,0.0,0.004439,0.467496,0.467496,0.0,0.0,0.0,0.004437,0.250891,0.250891,0.0,0.0,0.0
1423,22-Aug-98,24:00:00,223.183484,0.004058,0.496847,0.496847,0.0,0.0,0.0,0.004058,0.440271,0.440271,0.0,0.0,0.0,0.004057,0.23628,0.23628,0.0,0.0,0.0
1424,23-Aug-98,24:00:00,223.114563,0.004303,0.467913,0.467913,0.0,0.0,0.0,0.004302,0.414632,0.414632,0.0,0.0,0.0,0.004301,0.22252,0.22252,0.0,0.0,0.0
1425,24-Aug-98,24:00:00,223.049656,0.004035,0.440664,0.440664,0.0,0.0,0.0,0.004035,0.390486,0.390486,0.0,0.0,0.0,0.004033,0.209561,0.209561,0.0,0.0,0.0
1426,25-Aug-98,24:00:00,222.988529,0.003821,0.415002,0.415002,0.0,0.0,0.0,0.00382,0.367745,0.367745,0.0,0.0,0.0,0.003819,0.197357,0.197357,0.0,0.0,0.0
1427,26-Aug-98,24:00:00,222.930961,0.004443,0.390834,0.390834,0.0,0.0,0.0,0.004443,0.34633,0.34633,0.0,0.0,0.0,0.004441,0.185864,0.185864,0.0,0.0,0.0
1428,27-Aug-98,24:00:00,222.876746,0.00419,0.368073,0.368073,0.0,0.0,0.0,0.00419,0.326161,0.326161,0.0,0.0,0.0,0.004188,0.17504,0.17504,0.0,0.0,0.0
1429,28-Aug-98,24:00:00,225.232755,0.004225,0.346639,0.346639,0.0,0.0,0.0,0.004224,0.307167,0.307167,0.0,0.0,0.0,0.004222,0.164847,0.164847,0.0,0.0,0.0
1430,29-Aug-98,24:00:00,226.751151,0.004171,0.326452,0.326452,0.0,0.0,0.0,0.00417,0.289279,0.289279,0.0,0.0,0.0,0.004169,0.155247,0.155247,0.0,0.0,0.0
1431,30-Aug-98,24:00:00,238.1657,0.004331,0.307441,0.307441,0.0,0.0,0.0,0.00433,0.272432,0.272432,0.0,0.0,0.0,0.004329,0.146206,0.146206,0.0,0.0,0.0
1432,31-Aug-98,24:00:00,250.979919,0.004349,0.289537,0.289537,0.0,0.0,0.0,0.004348,0.256567,0.256567,0.0,0.0,0.0,0.004347,0.137692,0.137692,0.0,0.0,0.0
1433,01-Sep-98,24:00:00,245.562614,0.004575,0.272675,0.272675,0.0,0.0,0.0,0.004574,0.241626,0.241626,0.0,0.0,0.0,0.004572,0.129673,0.129673,0.0,0.0,0.0
1434,02-Sep-98,24:00:00,229.480432,0.004571,0.256796,0.256796,0.0,0.0,0.0,0.00457,0.227555,0.227555,0.0,0.0,0.0,0.004568,0.122122,0.122122,0.0,0.0,0.0
1435,03-Sep-98,24:00:00,264.211074,0.004652,0.241842,0.241842,0.0,0.0,0.0,0.004651,0.214303,0.214303,0.0,0.0,0.0,0.004649,0.11501,0.11501,0.0,0.0,0.0
1436,04-Sep-98,24:00:00,323.582384,0.002772,0.227758,0.227758,0.0,0.0,0.0,0.002771,0.201823,0.201823,0.0,0.0,0.0,0.002769,0.108312,0.108312,0.0,0.0,0.0
1437,05-Sep-98,24:00:00,345.150622,0.003685,0.214494,0.214494,0.0,0.0,0.0,0.003684,0.19007,0.19007,0.0,0.0,0.0,0.003683,0.102004,0.102004,0.0,0.0,0.0
1438,06-Sep-98,24:00:00,345.478656,0.004091,0.202003,0.202003,0.0,0.0,0.0,0.00409,0.179001,0.179001,0.0,0.0,0.0,0.004089,0.096064,0.096064,0.0,0.0,0.0
1439,07-Sep-98,24:00:00,345.453133,0.004072,0.190239,0.190239,0.0,0.0,0.0,0.004071,0.168577,0.168577,0.0,0.0,0.0,0.00407,0.09047,0.09047,0.0,0.0,0.0
1440,08-Sep-98,24:00:00,298.488964,0.002468,0.179161,0.179161,0.0,0.0,0.0,0.002467,0.15876,0.15876,0.0,0.0,0.0,0.002465,0.085201,0.085201,0.0,0.0,0.0
1441,09-Sep-98,24:00:00,309.439637,0.003392,0.168727,0.168727,0.0,0.0,0.0,0.003391,0.149514,0.149514,0.0,0.0,0.0,0.00339,0.08024,0.08024,0.0,0.0,0.0
1442,10-Sep-98,24:00:00,335.324019,0.003728,0.158901,0.158901,0.0,0.0,0.0,0.003727,0.140807,0.140807,0.0,0.0,0.0,0.003726,0.075567,0.075567,0.0,0.0,0.0
1443,11-Sep-98,24:00:00,335.359905,0.004127,0.149647,0.149647,0.0,0.0,0.0,0.004126,0.132607,0.132607,0.0,0.0,0.0,0.004124,0.071166,0.071166,0.0,0.0,0.0
1444,12-Sep-98,24:00:00,335.335728,0.004006,0.140933,0.140933,0.0,0.0,0.0,0.004006,0.124885,0.124885,0.0,0.0,0.0,0.004005,0.067022,0.067022,0.0,0.0,0.0
1445,13-Sep-98,24:00:00,335.31615,0.003945,0.132725,0.132725,0.0,0.0,0.0,0.003944,0.117612,0.117612,0.0,0.0,0.0,0.003942,0.063119,0.063119,0.0,0.0,0.0
1446,14-Sep-98,24:00:00,335.297739,0.003443,0.124996,0.124996,0.0,0.0,0.0,0.003442,0.110763,0.110763,0.0,0.0,0.0,0.00344,0.059443,0.059443,0.0,0.0,0.0
1447,15-Sep-98,24:00:00,341.298066,0.003766,0.117717,0.117717,0.0,0.0,0.0,0.003765,0.104312,0.104312,0.0,0.0,0.0,0.003765,0.055981,0.055981,0.0,0.0,0.0
1448,16-Sep-98,24:00:00,345.197938,0.003338,0.110862,0.110862,0.0,0.0,0.0,0.003337,0.098238,0.098238,0.0,0.0,0.0,0.003336,0.052721,0.052721,0.0,0.0,0.0
1449,17-Sep-98,24:00:00,348.257064,0.00325,0.104405,0.104405,0.0,0.0,0.0,0.003249,0.092517,0.092517,0.0,0.0,0.0,0.003249,0.049651,0.049651,0.0,0.0,0.0
1450,18-Sep-98,24:00:00,352.608207,0.003151,0.098325,0.098325,0.0,0.0,0.0,0.00315,0.087129,0.087129,0.0,0.0,0.0,0.003149,0.046759,0.046759,0.0,0.0,0.0
1451,19-Sep-98,24:00:00,351.78682,0.003211,0.092599,0.092599,0.0,0.0,0.0,0.00321,0.082055,0.082055,0.0,0.0,0.0,0.003208,0.044036,0.044036,0.0,0.0,0.0
1452,20-Sep-98,24:00:00,349.030459,0.003027,0.087207,0.087207,0.0,0.0,0.0,0.003026,0.077277,0.077277,0.0,0.0,0.0,0.003024,0.041472,0.041472,0.0,0.0,0.0
1453,21-Sep-98,24:00:00,346.403739,0.00179,0.082128,0.082128,0.0,0.0,0.0,0.001789,0.072776,0.072776,0.0,0.0,0.0,0.001787,0.039057,0.039057,0.0,0.0,0.0
1454,22-Sep-98,24:00:00,345.204169,0.002155,0.077346,0.077346,0.0,0.0,0.0,0.002154,0.068538,0.068538,0.0,0.0,0.0,0.002152,0.036782,0.036782,0.0,0.0,0.0
1455,23-Sep-98,24:00:00,345.173646,0.002608,0.072841,0.072841,0.0,0.0,0.0,0.002607,0.064547,0.064547,0.0,0.0,0.0,0.002605,0.03464,0.03464,0.0,0.0,0.0
1456,24-Sep-98,24:00:00,345.163403,0.002024,0.068599,0.068599,0.0,0.0,0.0,0.002023,0.060788,0.060788,0.0,0.0,0.0,0.002021,0.032623,0.032623,0.0,0.0,0.0
1457,25-Sep-98,24:00:00,345.153887,0.002746,0.064604,0.064604,0.0,0.0,0.0,0.002745,0.057248,0.057248,0.0,0.0,0.0,0.002742,0.030723,0.030723,0.0,0.0,0.0
1458,26-Sep-98,24:00:00,347.551991,0.001188,0.060842,0.060842,0.0,0.0,0.0,0.001188,0.053914,0.053914,0.0,0.0,0.0,0.001187,0.028934,0.028934,0.0,0.0,0.0
1459,27-Sep-98,24:00:00,349.110032,0.002507,0.057299,0.057299,0.0,0.0,0.0,0.002506,0.050774,0.050774,0.0,0.0,0.0,0.002505,0.027249,0.027249,0.0,0.0,0.0
1460,28-Sep-98,24:00:00,317.234723,0.002635,0.053962,0.053962,0.0,0.0,0.0,0.002634,0.047817,0.047817,0.0,0.0,0.0,0.002632,0.025662,0.025662,0.0,0.0,0.0
1461,29-Sep-98,24:00:00,263.976159,0.002246,0.05082,0.05082,0.0,0.0,0.0,0.002246,0.045033,0.045033,0.0,0.0,0.0,0.002246,0.024168,0.024168,0.0,0.0,0.0
1462,30-Sep-98,24:00:00,244.278867,0.001454,0.04786,0.04786,0.0,0.0,0.0,0.001453,0.04241,0.04241,0.0,0.0,0.0,0.001452,0.02276,0.02276,0.0,0.0,0.0
1463,01-Oct-98,24:00:00,243.284731,0.002302,0.045073,0.045073,0.0,0.0,0.0,0.002301,0.03994,0.03994,0.0,0.0,0.0,0.002299,0.021435,0.021435,0.0,0.0,0.0
1464,02-Oct-98,24:00:00,242.120826,0.00257,0.042448,0.042448,0.0,0.0,0.0,0.002569,0.037614,0.037614,0.0,0.0,0.0,0.002567,0.020187,0.020187,0.0,0.0,0.0
1465,03-Oct-98,24:00:00,242.09536,0.002413,0.039976,0.039976,0.0,0.0,0.0,0.002412,0.035424,0.035424,0.0,0.0,0.0,0.002411,0.019011,0.019011,0.0,0.0,0.0
1466,04-Oct-98,24:00:00,242.089678,0.002918,0.037648,0.037648,0.0,0.0,0.0,0.002917,0.033361,0.033361,0.0,0.0,0.0,0.002915,0.017904,0.017904,0.0,0.0,0.0
1467,05-Oct-98,24:00:00,242.084455,0.003025,0.035456,0.035456,0.0,0.0,0.0,0.003024,0.031418,0.031418,0.0,0.0,0.0,0.003022,0.016861,0.016861,0.0,0.0,0.0
1468,06-Oct-98,24:00:00,242.079536,0.002574,0.033391,0.033391,0.0,0.0,0.0,0.002572,0.029589,0.029589,0.0,0.0,0.0,0.002571,0.015879,0.015879,0.0,0.0,0.0
1469,07-Oct-98,24:00:00,244.481971,0.001953,0.031446,0.031446,0.0,0.0,0.0,0.001952,0.027866,0.027866,0.0,0.0,0.0,0.00195,0.014954,0.014954,0.0,0.0,0.0
1470,08-Oct-98,24:00:00,248.451156,0.002479,0.029615,0.029615,0.0,0.0,0.0,0.002478,0.026243,0.026243,0.0,0.0,0.0,0.002476,0.014084,0.014084,0.0,0.0,0.0
1471,09-Oct-98,24:00:00,248.836263,0.002164,0.02789,0.02789,0.0,0.0,0.0,0.002163,0.024715,0.024715,0.0,0.0,0.0,0.002161,0.013264,0.013264,0.0,0.0,0.0
1472,10-Oct-98,24:00:00,246.872073,0.002161,0.026266,0.026266,0.0,0.0,0.0,0.002159,0.023275,0.023275,0.0,0.0,0.0,0.002157,0.012491,0.012491,0.0,0.0,0.0
1473,11-Oct-98,24:00:00,246.07224,0.001919,0.024736,0.024736,0.0,0.0,0.0,0.001918,0.02192,0.02192,0.0,0.0,0.0,0.001916,0.011764,0.011764,0.0,0.0,0.0
1474,12-Oct-98,24:00:00,246.055584,0.002261,0.023296,0.023296,0.0,0.0,0.0,0.002259,0.020643,0.020643,0.0,0.0,0.0,0.002257,0.011079,0.011079,0.0,0.0,0.0
1475,13-Oct-98,24:00:00,260.494658,0.002032,0.021939,0.021939,0.0,0.0,0.0,0.002031,0.019441,0.019441,0.0,0.0,0.0,0.002029,0.010433,0.010433,0.0,0.0,0.0
1476,14-Oct-98,24:00:00,281.324062,0.002318,0.020662,0.020662,0.0,0.0,0.0,0.002317,0.018309,0.018309,0.0,0.0,0.0,0.002315,0.009826,0.009826,0.0,0.0,0.0
1477,15-Oct-98,24:00:00,285.308989,0.002089,0.019458,0.019458,0.0,0.0,0.0,0.002089,0.017243,0.017243,0.0,0.0,0.0,0.002089,0.009254,0.009254,0.0,0.0,0.0
1478,16-Oct-98,24:00:00,278.87008,0.001958,0.018325,0.018325,0.0,0.0,0.0,0.001957,0.016239,0.016239,0.0,0.0,0.0,0.001956,0.008715,0.008715,0.0,0.0,0.0
1479,17-Oct-98,24:00:00,276.087674,0.002104,0.017258,0.017258,0.0,0.0,0.0,0.002104,0.015293,0.015293,0.0,0.0,0.0,0.002103,0.008207,0.008207,0.0,0.0,0.0
1480,18-Oct-98,24:00:00,276.039039,0.002075,0.016253,0.016253,0.0,0.0,0.0,0.002075,0.014402,0.014402,0.0,0.0,0.0,0.002075,0.007729,0.007729,0.0,0.0,0.0
1481,19-Oct-98,24:00:00,276.036462,0.00214,0.015307,0.015307,0.0,0.0,0.0,0.00214,0.013564,0.013564,0.0,0.0,0.0,0.00214,0.007279,0.007279,0.0,0.0,0.0
1482,20-Oct-98,24:00:00,275.43257,0.002205,0.014415,0.014415,0.0,0.0,0.0,0.002205,0.012774,0.012774,0.0,0.0,0.0,0.002205,0.006855,0.006855,0.0,0.0,0.0
1483,21-Oct-98,24:00:00,275.640717,0.002032,0.013576,0.013576,0.0,0.0,0.0,0.002032,0.01203,0.01203,0.0,0.0,0.0,0.002032,0.006456,0.006456,0.0,0.0,0.0
1484,22-Oct-98,24:00:00,277.829187,0.002058,0.012785,0.012785,0.0,0.0,0.0,0.002056,0.011329,0.011329,0.0,0.0,0.0,0.002053,0.00608,0.00608,0.0,0.0,0.0
1485,23-Oct-98,24:00:00,375.827926,0.001477,4.107113,0.012041,0.036989,0.0,0.096392,0.001476,68.866388,0.01067,0.039629,0.0,0.103487,0.001474,48.007321,0.005726,0.043361,0.0,0.112742
1486,24-Oct-98,24:00:00,317.769933,0.001807,1.035628,0.011339,0.0,0.0,0.126819,0.001806,12.743293,0.010048,0.0,0.0,0.135871,0.001804,0.187406,0.005393,0.0,0.0,0.148666
1487,25-Oct-98,24:00:00,280.693414,0.00165,0.061375,0.010679,0.0,0.0,0.125869,0.00165,0.309872,0.009463,0.0,0.0,0.134924,0.00165,0.005078,0.005078,0.0,0.0,0.147726
1488,26-Oct-98,24:00:00,279.638519,0.001431,0.010057,0.010057,0.0,0.0,0.122034,0.00143,0.008912,0.008912,0.0,0.0,0.131096,0.001429,0.004783,0.004783,0.0,0.0,0.143907
1489,27-Oct-98,24:00:00,280.01602,0.001392,0.009471,0.009471,0.0,0.0,0.117219,0.001391,0.008393,0.008393,0.0,0.0,0.126285,0.001389,0.004504,0.004504,0.0,0.0,0.139103
1490,28-Oct-98,24:00:00,282.428268,0.001938,0.00892,0.00892,0.0,0.0,0.111743,0.001937,0.007904,0.007904,0.0,0.0,0.120811,0.001937,0.004242,0.004242,0.0,0.0,0.133633
1491,29-Oct-98,24:00:00,296.028888,0.001605,0.0084,0.0084,0.0,0.0,0.105547,0.001604,0.007444,0.007444,0.0,0.0,0.114619,0.001603,0.003995,0.003995,0.0,0.0,0.127442
1492,30-Oct-98,24:00:00,315.921726,0.000664,0.007911,0.007911,0.0,0.0,0.101499,0.000663,0.00701,0.00701,0.0,0.0,0.110575,0.000662,0.003762,0.003762,0.0,0.0,0.123408
1493,31-Oct-98,24:00:00,322.079257,0.001485,0.00745,0.00745,0.0,0.0,0.100288,0.001484,0.006602,0.006602,0.0,0.0,0.107013,0.001482,0.003543,0.003543,0.0,0.0,0.122281
1494,01-Nov-98,24:00:00,321.035624,0.001258,0.007017,0.007017,0.0,0.0,0.098011,0.001257,0.006218,0.006218,0.0,0.0,0.102249,0.001255,0.003337,0.003337,0.0,0.0,0.122281
1495,02-Nov-98,24:00:00,315.599974,0.000329,0.006608,0.006608,0.0,0.0,0.095267,0.000328,0.005856,0.005856,0.0,0.0,0.099508,0.000328,0.003143,0.003143,0.0,0.0,0.121972
1496,03-Nov-98,24:00:00,314.48141,0.001253,0.006223,0.006223,0.0,0.0,0.092784,0.001252,0.005514,0.005514,0.0,0.0,0.097026,0.00125,0.00296,0.00296,0.0,0.0,0.119656
1497,04-Nov-98,24:00:00,314.78439,0.001688,0.005861,0.005861,0.0,0.0,0.087589,0.001686,0.005193,0.005193,0.0,0.0,0.091836,0.001683,0.002787,0.002787,0.0,0.0,0.114473
1498,05-Nov-98,24:00:00,315.231231,0.000801,0.006024,0.005519,0.001092,0.0,0.084735,0.0008,0.012127,0.004891,0.000776,0.0,0.08894,0.000799,0.026854,0.002625,0.00158,0.0,0.111697
1499,06-Nov-98,24:00:00,401.950818,0.000927,3.922784,0.005198,0.03275,0.0,0.181945,0.000926,59.354085,0.004606,0.032489,0.0,0.182914,0.000925,40.319023,0.002472,0.034893,0.0,0.212636
1500,07-Nov-98,24:00:00,360.30192,0.000477,1.383885,0.004895,0.005779,0.0,0.214622,0.000477,21.881791,0.004338,0.008065,0.0,0.220725,0.000476,8.505932,0.002328,0.007735,0.0,0.251372
1501,08-Nov-98,24:00:00,331.176985,0.000961,0.235018,0.00461,0.0,0.0,0.220425,0.00096,4.047621,0.004085,0.0,0.0,0.230533,0.000958,0.282044,0.002192,0.0,0.0,0.26304
1502,09-Nov-98,24:00:00,323.66353,0.000408,0.014932,0.004342,0.0,0.0,0.220425,0.000408,0.131607,0.003847,0.0,0.0,0.230533,0.000407,0.002065,0.002065,0.0,0.0,0.26304
1503,10-Nov-98,24:00:00,325.364512,0.000905,0.004089,0.004089,0.0,0.0,0.220425,0.000904,0.003623,0.003623,0.0,0.0,0.230533,0.000902,0.001944,0.001944,0.0,0.0,0.26304
1504,11-Nov-98,24:00:00,325.617241,0.000956,0.003851,0.003851,0.0,0.0,0.220425,0.000955,0.003412,0.003412,0.0,0.0,0.230533,0.000953,0.001831,0.001831,0.0,0.0,0.26304
1505,12-Nov-98,24:00:00,326.603836,0.000883,0.003626,0.003626,0.0,0.0,0.22001,0.000882,0.003214,0.003214,0.0,0.0,0.230126,0.00088,0.001725,0.001725,0.0,0.0,0.262708
1506,13-Nov-98,24:00:00,328.806776,0.000746,0.003415,0.003415,0.0,0.0,0.218182,0.000745,0.003026,0.003026,0.0,0.0,0.22831,0.000743,0.001624,0.001624,0.0,0.0,0.260998
1507,14-Nov-98,24:00:00,328.182475,0.000783,0.003216,0.003216,0.0,0.0,0.215465,0.000782,0.00285,0.00285,0.0,0.0,0.225596,0.000781,0.00153,0.00153,0.0,0.0,0.25829
1508,15-Nov-98,24:00:00,328.230861,0.000508,0.003029,0.003029,0.0,0.0,0.213342,0.000507,0.005436,0.002684,0.000295,0.0,0.223524,0.000506,0.013587,0.001441,0.000792,0.0,0.256293
1509,16-Nov-98,24:00:00,372.876108,0.00094,1.277405,0.002853,0.010552,0.0,0.24556,0.000939,27.986454,0.002528,0.014706,0.0,0.269979,0.000937,22.167961,0.001357,0.019168,0.0,0.317922
1510,17-Nov-98,24:00:00,335.743393,0.000736,0.195957,0.002687,0.0,0.0,0.248623,0.000735,2.992423,0.002381,0.0,0.0,0.274061,0.000734,0.002677,0.001278,0.0,0.0,0.323764
1511,18-Nov-98,24:00:00,326.85516,0.001121,0.009627,0.00253,0.0,0.0,0.248623,0.00112,0.024115,0.002242,0.0,0.0,0.274061,0.001117,0.001204,0.001204,0.0,0.0,0.323764
1512,19-Nov-98,24:00:00,329.407201,0.000918,0.002383,0.002383,0.0,0.0,0.248623,0.000916,0.002112,0.002112,0.0,0.0,0.274061,0.000914,0.001133,0.001133,0.0,0.0,0.323764
1513,20-Nov-98,24:00:00,337.102783,0.00039,0.290686,0.002244,0.006275,0.0,0.255612,0.000389,6.807713,0.001989,0.007951,0.0,0.283175,0.000389,7.844072,0.001067,0.009164,0.0,0.334245
1514,21-Nov-98,24:00:00,360.507219,0.000906,0.865884,0.002113,0.011429,0.0,0.279006,0.000905,13.936442,0.001873,0.009704,0.0,0.308756,0.000904,5.283974,0.001005,0.003485,0.0,0.362247
1515,22-Nov-98,24:00:00,556.96813,0.000613,11.019107,0.00199,0.10138,0.0,0.541749,0.000612,166.211021,0.001764,0.099076,0.0,0.561108,0.000611,103.267946,0.000946,0.09956,0.0,0.596138
1516,23-Nov-98,24:00:00,464.193442,0.000575,5.002139,0.001874,0.007323,0.0,0.674957,0.000574,57.441797,0.001661,0.002806,0.0,0.682296,0.000573,9.414208,0.000891,0.001006,0.0,0.711929
1517,24-Nov-98,24:00:00,343.561867,0.000839,0.487485,0.001765,0.0,0.0,0.682019,0.000838,2.609105,0.001564,0.0,0.0,0.683899,0.000837,0.00084,0.00084,0.0,0.0,0.711929
1518,25-Nov-98,24:00:00,353.846556,0.000445,1.047691,0.001662,0.011206,0.0,0.704418,0.000445,16.707162,0.001473,0.011368,0.0,0.706139,0.000444,13.29844,0.00079,0.012541,0.0,0.734786
1519,26-Nov-98,24:00:00,351.48968,0.000839,0.505152,0.001566,0.0,0.0,0.72044,0.000837,6.560227,0.001387,0.0,0.0,0.722874,0.000836,0.63901,0.000745,0.0,0.0,0.754927
1520,27-Nov-98,24:00:00,331.809551,0.000923,0.031223,0.001474,0.0,0.0,0.72044,0.000921,0.239129,0.001307,0.0,0.0,0.722874,0.000919,0.000701,0.000701,0.0,0.0,0.754927
1521,28-Nov-98,24:00:00,412.981258,0.000399,3.491331,0.001389,0.045835,0.0,0.809534,0.000398,60.209453,0.00123,0.045099,0.0,0.819704,0.000397,40.950039,0.00066,0.042141,0.0,0.857521
1522,29-Nov-98,24:00:00,803.402467,0.000597,97.845845,89.180616,0.058307,0.022604,0.977164,0.000596,211.304373,93.186143,0.054241,0.018511,0.974062,0.000595,418.131123,363.200548,0.045231,0.015892,0.977255
1523,30-Nov-98,24:00:00,1663.713333,0.000551,365.989731,362.996573,0.006462,0.006462,1.0,0.00055,389.05746,354.1535,0.005104,0.005104,1.0,0.000548,198.841644,194.918925,0.002579,0.002579,1.0
1524,01-Dec-98,24:00:00,2273.358333,0.000263,321.728587,319.40789,0.032472,0.032472,1.0,0.000263,416.619285,372.327223,0.040787,0.040787,1.0,0.000262,902.540334,866.018123,0.045883,0.045883,1.0
1525,02-Dec-98,24:00:00,3700.88375,0.00076,595.207338,591.64601,0.009849,0.009849,1.0,0.000759,866.323907,807.191176,0.009822,0.009822,1.0,0.000758,995.956542,969.234426,0.010894,0.010894,1.0
1526,03-Dec-98,24:00:00,1609.069583,0.000685,327.703259,327.365261,0.0,0.0,1.0,0.000684,365.686163,361.943775,0.0,0.0,1.0,0.000682,122.838557,122.838557,0.0,0.0,1.0
1527,04-Dec-98,24:00:00,777.526503,0.000457,132.055649,131.655496,0.009513,0.009513,1.0,0.000456,148.019573,140.104865,0.009879,0.009879,1.0,0.000455,244.712832,235.785996,0.010498,0.010498,1.0
1528,05-Dec-98,24:00:00,1133.331486,0.000859,210.056922,209.179981,0.0,0.0,1.0,0.000858,267.947352,255.97788,0.0,0.0,1.0,0.000856,300.025554,297.287221,0.0,0.0,1.0
1529,06-Dec-98,24:00:00,689.344636,0.000428,133.164672,133.062859,0.00355,0.00355,1.0,0.000427,149.93005,147.266744,0.007647,0.007647,1.0,0.000426,169.634047,165.906091,0.010052,0.010052,1.0
1530,07-Dec-98,24:00:00,1035.805967,0.000731,128.805067,128.385412,0.0,0.0,1.0,0.000731,232.607327,219.618445,0.0,0.0,1.0,0.000729,367.052031,359.610468,0.0,0.0,1.0
1531,08-Dec-98,24:00:00,698.644334,0.000775,96.061157,96.027522,0.0,0.0,1.0,0.000774,138.908352,138.224554,0.0,0.0,1.0,0.000772,115.72393,115.72393,0.0,0.0,1.0
1532,09-Dec-98,24:00:00,595.396418,0.000787,71.042487,71.042316,0.0,0.0,1.0,0.000785,89.798796,89.798796,0.0,0.0,1.0,0.000783,107.701823,107.701823,0.0,0.0,1.0
1533,10-Dec-98,24:00:00,567.085583,0.000441,62.965428,62.965428,0.0,0.0,1.0,0.00044,78.674084,78.674084,0.0,0.0,1.0,0.000438,101.428482,101.428482,0.0,0.0,1.0
1534,11-Dec-98,24:00:00,551.716204,0.000809,58.750694,58.750694,0.0,0.0,1.0,0.000808,73.504919,73.504919,0.0,0.0,1.0,0.000807,95.521743,95.521743,0.0,0.0,1.0
1535,12-Dec-98,24:00:00,614.056227,0.00055,75.946125,75.395167,0.008929,0.008929,1.0,0.000549,104.113144,95.094908,0.009774,0.009774,1.0,0.000549,259.783975,250.310991,0.013114,0.013114,1.0
1536,13-Dec-98,24:00:00,1191.664648,0.000992,180.375848,179.721267,0.0,0.0,1.0,0.000991,243.905477,233.205145,0.0,0.0,1.0,0.00099,336.044229,330.944634,0.0,0.0,1.0
1537,14-Dec-98,24:00:00,678.732775,0.000813,103.823721,103.781158,0.0,0.0,1.0,0.000812,121.427568,120.949594,0.0,0.0,1.0,0.00081,101.108418,101.108418,0.0,0.0,1.0
1538,15-Dec-98,24:00:00,638.281928,0.000899,63.375991,63.375991,0.0,0.0,1.0,0.000897,75.497731,75.497731,0.0,0.0,1.0,0.000894,94.38625,94.38625,0.0,0.0,1.0
1539,16-Dec-98,24:00:00,705.412764,0.000944,53.355657,53.355657,0.0,0.0,1.0,0.000942,65.949096,65.949096,0.0,0.0,1.0,0.00094,88.888841,88.888841,0.0,0.0,1.0
1540,17-Dec-98,24:00:00,663.534531,0.001032,49.405851,49.405851,0.0,0.0,0.999195,0.00103,61.613369,61.613369,0.0,0.0,0.999287,0.001027,83.712355,83.712355,0.0,0.0,0.999304
1541,18-Dec-98,24:00:00,553.322224,0.00117,46.433258,46.433258,0.0,0.0,0.996121,0.001168,57.984944,57.984944,0.0,0.0,0.996322,0.001165,78.837325,78.837325,0.0,0.0,0.996367
1542,19-Dec-98,24:00:00,501.489597,0.000603,43.71939,43.71939,0.0,0.0,0.992875,0.000602,54.605186,54.605186,0.0,0.0,0.993082,0.0006,74.246194,74.246194,0.0,0.0,0.993134
1543,20-Dec-98,24:00:00,490.640425,0.000618,41.172426,41.172426,0.0,0.0,0.990735,0.000617,51.42502,51.42502,0.0,0.0,0.990944,0.000615,69.92243,69.92243,0.0,0.0,0.991002
1544,21-Dec-98,24:00:00,481.047848,0.000648,38.774642,38.774642,0.0,0.0,0.988593,0.000647,48.430245,48.430245,0.0,0.0,0.988807,0.000645,65.850463,65.850463,0.0,0.0,0.988871
1545,22-Dec-98,24:00:00,472.018524,0.000606,36.516574,36.516574,0.0,0.0,0.986435,0.000604,45.609885,45.609885,0.0,0.0,0.986653,0.000602,62.015628,62.015628,0.0,0.0,0.986724
1546,23-Dec-98,24:00:00,463.515062,0.000529,34.390013,34.390013,0.0,0.0,0.98447,0.000528,42.953771,42.953771,0.0,0.0,0.984692,0.000526,58.404117,58.404117,0.0,0.0,0.984768
1547,24-Dec-98,24:00:00,455.506804,0.000546,32.387293,32.387293,0.0,0.0,0.982685,0.000545,40.452336,40.452336,0.0,0.0,0.982911,0.000544,55.002925,55.002925,0.0,0.0,0.982993
1548,25-Dec-98,24:00:00,447.964911,0.00074,30.501203,30.501203,0.0,0.0,0.980469,0.000739,38.096575,38.096575,0.0,0.0,0.980697,0.000738,51.799802,51.799802,0.0,0.0,0.980785
1549,26-Dec-98,24:00:00,440.862224,0.000606,28.72495,28.72495,0.0,0.0,0.97817,0.000605,35.878002,35.878002,0.0,0.0,0.978402,0.000603,48.783215,48.783215,0.0,0.0,0.978495
1550,27-Dec-98,24:00:00,433.571399,0.000653,27.052139,27.052139,0.0,0.0,0.976002,0.000652,33.788629,33.788629,0.0,0.0,0.976239,0.00065,45.9423,45.9423,0.0,0.0,0.976338
1551,28-Dec-98,24:00:00,425.074961,0.000764,25.476744,25.476744,0.0,0.0,0.973589,0.000762,31.820931,31.820931,0.0,0.0,0.97383,0.00076,43.266828,43.266828,0.0,0.0,0.973935
1552,29-Dec-98,24:00:00,417.359105,0.000745,23.993093,23.993093,0.0,0.0,0.970982,0.000743,29.967823,29.967823,0.0,0.0,0.971228,0.000741,40.747162,40.747162,0.0,0.0,0.97134
1553,30-Dec-98,24:00:00,411.360567,0.00098,22.595844,22.595844,0.0,0.0,0.96809,0.000979,28.222632,28.222632,0.0,0.0,0.96834,0.000977,38.374231,38.374231,0.0,0.0,0.96846
1554,31-Dec-98,24:00:00,406.092062,0.000711,21.279963,21.279963,0.0,0.0,0.96514,0.000709,26.579073,26.579073,0.0,0.0,0.965395,0.000707,36.139489,36.139489,0.0,0.0,0.965521
1555,01-Jan-99,24:00:00,402.340173,0.000846,20.040714,20.040714,0.0,0.0,0.9625,0.000845,25.031228,25.031228,0.0,0.0,0.96276,0.000843,34.034888,34.034888,0.0,0.0,0.962894
1556,02-Jan-99,24:00:00,400.261916,0.000914,18.873633,18.873633,0.0,0.0,0.959492,0.000912,23.573522,23.573522,0.0,0.0,0.959757,0.00091,32.052849,32.052849,0.0,0.0,0.959898
1557,03-Jan-99,24:00:00,397.054887,0.000675,17.774518,17.774518,0.0,0.0,0.956716,0.000674,22.200706,22.200706,0.0,0.0,0.956985,0.000672,30.186236,30.186236,0.0,0.0,0.957134
1558,04-Jan-99,24:00:00,394.740902,0.000622,16.73941,16.73941,0.0,0.0,0.954484,0.00062,20.907837,20.907837,0.0,0.0,0.954757,0.000619,28.428325,28.428325,0.0,0.0,0.954911
1559,05-Jan-99,24:00:00,344.478304,0.000553,15.764582,15.764582,0.0,0.0,0.952526,0.000552,19.690259,19.690259,0.0,0.0,0.952802,0.000551,26.772788,26.772788,0.0,0.0,0.952962
1560,06-Jan-99,24:00:00,283.411255,0.000609,14.846524,14.846524,0.0,0.0,0.95047,0.000608,18.543587,18.543587,0.0,0.0,0.95075,0.000606,25.213661,25.213661,0.0,0.0,0.950915
1561,07-Jan-99,24:00:00,262.204058,0.00086,13.981929,13.981929,0.0,0.0,0.948015,0.000858,17.463692,17.463692,0.0,0.0,0.9483,0.000856,23.745331,23.745331,0.0,0.0,0.94847
1562,08-Jan-99,24:00:00,258.655565,0.000733,13.167685,13.167685,0.0,0.0,0.945259,0.000732,16.446685,16.446685,0.0,0.0,0.945548,0.00073,22.36251,22.36251,0.0,0.0,0.945726
1563,09-Jan-99,24:00:00,255.587221,0.00062,12.400858,12.400858,0.0,0.0,0.94292,0.000619,15.488904,15.488904,0.0,0.0,0.943214,0.000618,21.060218,21.060218,0.0,0.0,0.943398
1564,10-Jan-99,24:00:00,252.699474,0.000618,11.678688,11.678688,0.0,0.0,0.940831,0.000616,14.5869,14.5869,0.0,0.0,0.941128,0.000614,19.833766,19.833766,0.0,0.0,0.941318
1565,11-Jan-99,24:00:00,249.979906,0.00083,10.998574,10.998574,0.0,0.0,0.938386,0.000829,13.737425,13.737425,0.0,0.0,0.938688,0.000827,18.678737,18.678737,0.0,0.0,0.938886
1566,12-Jan-99,24:00:00,247.418715,0.000559,10.358066,10.358066,0.0,0.0,0.935951,0.000559,12.937419,12.937419,0.0,0.0,0.936257,0.000557,17.590971,17.590971,0.0,0.0,0.936461
1567,13-Jan-99,24:00:00,245.006676,0.000642,9.754859,9.754859,0.0,0.0,0.933865,0.000641,12.184002,12.184002,0.0,0.0,0.934173,0.00064,16.566552,16.566552,0.0,0.0,0.934381
1568,14-Jan-99,24:00:00,244.34423,0.000422,9.288865,9.18678,0.00757,0.0,0.936644,0.000421,14.843011,11.474461,0.011548,0.0,0.940356,0.00042,24.075173,15.601791,0.019222,0.0,0.946175
1569,15-Jan-99,24:00:00,282.152183,0.000792,9.541837,8.651783,0.000937,0.0,0.95749,0.000791,30.320633,10.80624,0.0,0.0,0.972605,0.00079,28.653315,15.67159,0.001886,0.001631,0.999214
1570,16-Jan-99,24:00:00,683.174416,0.000273,26.383736,24.535086,0.030729,0.019186,0.989891,0.000273,82.883835,54.828261,0.030569,0.022579,0.994406,0.000272,644.889157,616.492286,0.03457,0.03457,1.0
1571,17-Jan-99,24:00:00,1844.852083,0.000921,279.421725,276.817289,0.001301,0.001301,1.0,0.00092,466.765702,426.430777,0.003057,0.003057,1.0,0.000918,760.83646,741.42362,0.006654,0.006654,1.0
1572,18-Jan-99,24:00:00,1092.937247,0.000358,243.588686,241.751741,0.02597,0.02597,1.0,0.000358,325.628554,298.046852,0.023294,0.023294,1.0,0.000357,475.712331,458.005494,0.017687,0.017687,1.0
1573,19-Jan-99,24:00:00,2065.340833,0.000542,436.94348,434.714948,0.004809,0.004809,1.0,0.000542,521.587425,487.534323,0.014868,0.014868,1.0,0.000541,635.62745,615.297522,0.02328,0.02328,1.0
1574,20-Jan-99,24:00:00,2440.14,0.000784,265.361452,264.789016,0.002288,0.002288,1.0,0.000783,479.263592,455.681889,0.002714,0.002714,1.0,0.000782,574.005356,562.6514,0.003486,0.003486,1.0
1575,21-Jan-99,24:00:00,1735.460417,0.000268,258.549124,255.982581,0.042989,0.042989,1.0,0.000268,349.447753,314.239043,0.038917,0.038917,1.0,0.000268,629.697125,580.399778,0.037159,0.037159,1.0
1576,22-Jan-99,24:00:00,3282.343333,0.000701,673.192077,669.508394,0.002188,0.002188,1.0,0.000701,846.895422,794.032712,0.004312,0.004312,1.0,0.0007,1030.565614,988.437412,0.005097,0.005097,1.0
1577,23-Jan-99,24:00:00,1423.187083,0.001226,353.744986,353.477145,0.0,0.0,1.0,0.001225,374.165972,371.584033,0.0,0.0,1.0,0.001222,189.795418,189.795418,0.0,0.0,1.0
1578,24-Jan-99,24:00:00,1118.183333,0.001187,144.624614,144.623397,0.0,0.0,1.0,0.001186,155.640269,155.640269,0.0,0.0,1.0,0.001184,173.356685,173.356685,0.0,0.0,1.0
1579,25-Jan-99,24:00:00,1225.080833,0.000958,99.018479,99.018479,0.0,0.0,1.0,0.000957,118.542888,118.542888,0.0,0.0,1.0,0.000956,163.255546,163.255546,0.0,0.0,1.0
1580,26-Jan-99,24:00:00,969.875649,0.001153,88.14235,88.14235,0.0,0.0,0.998398,0.001151,108.856445,108.856445,0.0,0.0,0.998407,0.00115,153.748274,153.748274,0.0,0.0,0.998421
1581,27-Jan-99,24:00:00,691.607885,0.000966,82.420091,82.420091,0.0,0.0,0.994868,0.000965,102.286222,102.286222,0.0,0.0,0.994887,0.000964,144.794667,144.794667,0.0,0.0,0.994913
1582,28-Jan-99,24:00:00,574.13441,0.000959,77.559056,77.559056,0.0,0.0,0.991722,0.000958,96.312293,96.312293,0.0,0.0,0.991744,0.000957,136.362478,136.362478,0.0,0.0,0.991774
1583,29-Jan-99,24:00:00,523.858204,0.000945,73.03642,73.03642,0.0,0.0,0.988511,0.000931,90.702298,90.702298,0.0,0.0,0.988546,0.00093,128.421341,128.421341,0.0,0.0,0.988581
1584,30-Jan-99,24:00:00,600.387868,0.001033,117.735438,116.647123,0.009159,0.005256,0.999179,0.00102,154.243304,138.793426,0.008432,0.004547,0.999038,0.001018,124.151026,120.942661,0.00289,0.0,0.994703
1585,31-Jan-99,24:00:00,710.930831,0.001063,123.806731,123.622297,0.0,0.0,1.0,0.001062,137.572053,135.622964,0.0,0.0,1.0,0.00106,113.902693,113.899505,0.0,0.0,0.996627
1586,01-Feb-99,24:00:00,818.69226,0.00116,79.261156,79.253755,0.0,0.0,1.0,0.001159,89.966964,89.942405,0.0,0.0,1.0,0.001157,107.266511,107.266511,0.0,0.0,0.996627
1587,02-Feb-99,24:00:00,799.983958,0.001242,64.70545,64.70545,0.0,0.0,0.999746,0.001241,77.532143,77.532143,0.0,0.0,0.999757,0.001239,101.019792,101.019792,0.0,0.0,0.996392
1588,03-Feb-99,24:00:00,680.268021,0.001304,59.411332,59.411332,0.0,0.0,0.996741,0.001303,72.228649,72.228649,0.0,0.0,0.996778,0.001301,95.136855,95.136855,0.0,0.0,0.993433
1589,04-Feb-99,24:00:00,619.488562,0.000956,55.764981,55.764981,0.0,0.0,0.993149,0.000955,67.953398,67.953398,0.0,0.0,0.993162,0.000953,89.596513,89.596513,0.0,0.0,0.989821
1590,05-Feb-99,24:00:00,4486.219615,0.000406,1087.895804,344.908484,0.0692,0.066725,0.999954,0.000405,1397.216558,417.691989,0.06651,0.063993,0.99976,0.000405,3106.795801,1141.873489,0.062918,0.059428,0.999477
1591,06-Feb-99,24:00:00,9415.627083,0.000859,2076.08625,1207.592439,0.039583,0.039583,1.0,0.000859,2730.848333,1429.64875,0.039255,0.039255,1.0,0.000858,3561.101788,1938.191274,0.038286,0.038286,1.0
1592,07-Feb-99,24:00:00,3757.960417,0.000346,1085.973868,964.665433,0.036016,0.036016,1.0,0.000346,1178.347294,1004.558461,0.035195,0.035195,1.0,0.000346,760.813258,726.156091,0.034771,0.034771,1.0
1593,08-Feb-99,24:00:00,9095.2975,0.001017,2200.893706,1069.111478,0.02921,0.02921,1.0,0.001016,2706.885417,1224.184565,0.029288,0.029288,1.0,0.001016,3812.799521,1735.616562,0.02928,0.02928,1.0
1594,09-Feb-99,24:00:00,4060.375,0.001007,913.656159,754.428757,0.0,0.0,1.0,0.001006,924.997199,779.543892,0.0,0.0,1.0,0.001004,351.972246,351.960399,0.0,0.0,1.0
1595,10-Feb-99,24:00:00,3596.940833,0.001105,330.583399,325.117492,0.0,0.0,1.0,0.001104,322.044128,321.329232,0.0,0.0,1.0,0.001103,285.991777,285.991777,0.0,0.0,1.0
1596,11-Feb-99,24:00:00,2316.0775,0.001317,213.967071,213.967071,0.0,0.0,0.99989,0.001316,230.809109,230.809109,0.0,0.0,0.999893,0.001315,269.271472,269.271472,0.0,0.0,0.999897
1597,12-Feb-99,24:00:00,1635.4175,0.000505,197.233739,196.943423,0.010003,0.009452,0.999262,0.000505,233.23245,226.264378,0.011356,0.010808,0.999335,0.000504,392.717825,383.624024,0.01349,0.012947,0.999346
1598,13-Feb-99,24:00:00,2373.674583,0.001106,308.229519,307.196264,0.0,0.0,1.0,0.001105,400.075092,384.311508,0.0,0.0,1.0,0.001104,515.19102,509.295009,0.0,0.0,1.0
1599,14-Feb-99,24:00:00,1887.81125,0.000975,233.886581,233.810789,0.002852,0.002852,1.0,0.000974,260.320194,259.492998,0.004129,0.004129,1.0,0.000973,248.629237,248.411838,0.004456,0.004456,1.0
1600,15-Feb-99,24:00:00,3687.334583,0.00029,612.491532,517.217353,0.067893,0.067893,1.0,0.00029,1005.746609,676.859225,0.068426,0.068426,1.0,0.00029,2577.366516,1712.146226,0.069175,0.069175,1.0
1601,16-Feb-99,24:00:00,7182.716667,0.001181,1577.045,1163.872534,0.009975,0.009975,1.0,0.00118,2164.774583,1379.842083,0.010028,0.010028,1.0,0.001179,2135.133417,1359.741838,0.010417,0.010417,1.0
1602,17-Feb-99,24:00:00,2778.454583,0.000647,755.556954,720.912674,0.02401,0.02401,1.0,0.000647,840.818522,763.668717,0.026764,0.026764,1.0,0.000646,1217.789116,946.399834,0.0297,0.0297,1.0
1603,18-Feb-99,24:00:00,3448.566667,0.001039,630.902645,629.497598,0.0,0.0,1.0,0.001038,760.091515,742.863434,0.0,0.0,1.0,0.001036,656.846185,642.233136,0.0,0.0,1.0
1604,19-Feb-99,24:00:00,2842.8275,0.000354,387.337547,386.090354,0.031252,0.031252,1.0,0.000354,452.408023,432.471281,0.030853,0.030853,1.0,0.000354,661.488611,642.398774,0.030225,0.030225,1.0
1605,20-Feb-99,24:00:00,4599.338333,0.000807,722.426889,718.862771,0.011077,0.011077,1.0,0.000806,941.531894,885.992391,0.01317,0.01317,1.0,0.000806,1248.016682,1223.209363,0.014629,0.014629,1.0
1606,21-Feb-99,24:00:00,3473.999167,0.001135,587.388225,586.1334,0.001215,0.001215,1.0,0.001135,676.192688,658.370484,0.001259,0.001259,1.0,0.001134,592.327175,585.009389,0.001234,0.001234,1.0
1607,22-Feb-99,24:00:00,2643.70375,0.000749,349.295761,349.202577,0.0,0.0,1.0,0.000748,376.607148,375.679975,0.0,0.0,1.0,0.000747,356.553784,356.553784,0.0,0.0,1.0
1608,23-Feb-99,24:00:00,2457.781667,0.000763,267.381365,260.017771,0.02072,0.02072,1.0,0.000763,317.000271,294.675084,0.020911,0.020911,1.0,0.000762,528.971657,454.434985,0.02116,0.02116,1.0
1609,24-Feb-99,24:00:00,4928.469167,0.000986,804.830439,631.491591,0.013488,0.013488,1.0,0.000986,1027.102245,801.836739,0.016587,0.016587,1.0,0.000985,1583.253101,1340.083276,0.017209,0.017209,1.0
1610,25-Feb-99,24:00:00,2768.324583,0.00103,528.094659,512.954931,0.0,0.0,1.0,0.001029,612.618351,597.929411,0.0,0.0,1.0,0.001028,386.677523,386.583203,0.0,0.0,1.0
1611,26-Feb-99,24:00:00,1586.370833,0.000779,286.41932,286.258734,0.0,0.0,1.0,0.000778,319.042243,318.960236,0.0,0.0,1.0,0.000778,336.36416,336.36416,0.0,0.0,1.0
1612,27-Feb-99,24:00:00,2151.632083,0.000597,365.811207,363.291377,0.027778,0.027778,1.0,0.000597,502.363438,458.659838,0.02929,0.02929,1.0,0.000596,1120.097301,1086.132419,0.03168,0.03168,1.0
1613,28-Feb-99,24:00:00,2628.262917,0.001582,575.357658,574.071385,0.0,0.0,1.0,0.001581,700.615912,684.373473,0.0,0.0,1.0,0.00158,528.464724,527.226306,0.0,0.0,1.0
1614,01-Mar-99,24:00:00,1564.660417,0.001185,328.401926,328.291376,0.009131,0.009131,1.0,0.001184,357.65418,355.944812,0.009901,0.009901,1.0,0.001183,350.889318,348.329414,0.010408,0.010408,1.0
1615,02-Mar-99,24:00:00,2120.1325,0.00147,361.115132,359.789042,0.001485,0.001485,1.0,0.001469,487.065171,462.841002,0.003075,0.003075,1.0,0.001467,786.576046,771.596147,0.005376,0.005376,1.0
1616,03-Mar-99,24:00:00,1532.419583,0.001712,293.164496,293.042485,0.0,0.0,1.0,0.001711,349.576805,348.118183,0.0,0.0,1.0,0.00171,321.736757,321.736757,0.0,0.0,1.0
1617,04-Mar-99,24:00:00,1285.43125,0.001508,213.873068,213.871321,0.0,0.0,0.999383,0.001507,248.125318,248.125318,0.0,0.0,0.999387,0.001505,298.673858,298.673858,0.0,0.0,0.999393
1618,05-Mar-99,24:00:00,1210.703333,0.001374,187.901611,187.901611,0.0,0.0,0.996063,0.001373,221.239659,221.239659,0.0,0.0,0.996073,0.001372,281.275747,281.275747,0.0,0.0,0.996091
1619,06-Mar-99,24:00:00,1167.015,0.001828,175.028996,175.028996,0.0,0.0,0.990674,0.001827,207.082954,207.082954,0.0,0.0,0.990686,0.001825,264.895511,264.895511,0.0,0.0,0.990709
1620,07-Mar-99,24:00:00,1473.27125,0.000651,238.715479,236.242434,0.041262,0.03748,0.994979,0.00065,341.523413,298.029685,0.043699,0.039921,0.995177,0.000649,928.748012,784.424097,0.044647,0.040877,0.995406
1621,08-Mar-99,24:00:00,3914.616667,0.001355,793.563897,789.086664,0.011796,0.011796,1.0,0.001354,1089.633358,1020.346606,0.013476,0.013476,1.0,0.001353,1536.659339,1488.813028,0.017742,0.017742,1.0
1622,09-Mar-99,24:00:00,1857.052917,0.001431,524.385199,523.929826,0.0,0.0,1.0,0.00143,593.532129,588.210848,0.0,0.0,1.0,0.001429,334.955331,334.927778,0.0,0.0,1.0
1623,10-Mar-99,24:00:00,1086.075901,0.001975,254.410228,254.399794,0.0,0.0,0.999299,0.001974,278.527097,278.482762,0.0,0.0,0.999301,0.001974,295.020898,295.020898,0.0,0.0,0.999305
1624,11-Mar-99,24:00:00,923.695189,0.001417,187.867209,187.867209,0.0,0.0,0.995738,0.001416,218.934844,218.934844,0.0,0.0,0.995744,0.001415,277.813951,277.813951,0.0,0.0,0.995755
1625,12-Mar-99,24:00:00,869.658627,0.001801,169.54331,169.54331,0.0,0.0,0.990518,0.0018,201.723488,201.723488,0.0,0.0,0.990527,0.001799,261.635299,261.635299,0.0,0.0,0.990542
1626,13-Mar-99,24:00:00,1216.135414,0.000436,238.475386,236.365628,0.02576,0.021942,0.995713,0.000436,334.096088,299.477166,0.025562,0.021747,0.995768,0.000435,696.890073,671.977975,0.024197,0.020387,0.995334
1627,14-Mar-99,24:00:00,2048.384583,0.002073,456.505781,455.101781,0.0,0.0,1.0,0.002072,549.528002,532.005388,0.0,0.0,1.0,0.002071,446.975877,444.999588,0.0,0.0,1.0
1628,15-Mar-99,24:00:00,1304.877917,0.002226,261.125811,261.039044,0.0,0.0,0.999857,0.002225,277.488157,276.808623,0.0,0.0,0.999858,0.002225,250.431059,250.431059,0.0,0.0,0.999859
1629,16-Mar-99,24:00:00,1129.135833,0.001703,171.745792,171.745792,0.0,0.0,0.996983,0.001703,193.91193,193.91193,0.0,0.0,0.996988,0.001702,235.426068,235.426068,0.0,0.0,0.996992
1630,17-Mar-99,24:00:00,1069.887917,0.001614,148.586303,148.586303,0.0,0.0,0.991095,0.001613,174.212356,174.212356,0.0,0.0,0.991101,0.001612,221.715556,221.715556,0.0,0.0,0.991106
1631,18-Mar-99,24:00:00,873.639595,0.001449,138.209588,138.209588,0.0,0.0,0.985629,0.001449,163.281586,163.281586,0.0,0.0,0.985636,0.001448,208.80384,208.80384,0.0,0.0,0.985646
1632,19-Mar-99,24:00:00,671.706868,0.001768,129.967441,129.967441,0.0,0.0,0.980347,0.001767,153.709832,153.709832,0.0,0.0,0.980357,0.001766,196.644045,196.644045,0.0,0.0,0.98037
1633,20-Mar-99,24:00:00,590.433305,0.001473,122.378961,122.378961,0.0,0.0,0.974808,0.001472,144.753865,144.753865,0.0,0.0,0.974819,0.001471,185.192382,185.192382,0.0,0.0,0.974837
1634,21-Mar-99,24:00:00,591.214918,0.00102,115.275992,115.250267,0.008914,0.0,0.972924,0.001019,137.057534,136.395237,0.010089,0.001046,0.973274,0.001019,175.290742,174.407612,0.008882,0.0,0.973092
1635,22-Mar-99,24:00:00,1079.749757,0.002113,181.896145,179.974111,0.006532,0.006399,1.0,0.002112,270.608856,239.169676,0.006551,0.006551,1.0,0.002111,402.434207,385.094933,0.007516,0.007362,1.0
1636,23-Mar-99,24:00:00,2941.275,0.000542,670.269413,363.478939,0.056406,0.056406,1.0,0.000542,962.762205,512.188464,0.060559,0.060559,1.0,0.000541,2239.388687,1376.292325,0.064411,0.064411,1.0
1637,24-Mar-99,24:00:00,7872.757917,0.001632,1857.456667,1008.443595,0.0141,0.0141,1.0,0.001632,2106.780833,1230.763223,0.011687,0.011687,1.0,0.001631,1902.002411,1310.812749,0.011461,0.011461,1.0
1638,25-Mar-99,24:00:00,2747.516667,0.002617,642.920815,582.975978,0.0,0.0,0.999978,0.002617,615.978255,574.872548,0.0,0.0,0.999978,0.002616,275.384804,275.384804,0.0,0.0,0.999979
1639,26-Mar-99,24:00:00,1444.267917,0.002806,244.952787,244.892361,0.0,0.0,0.995088,0.002805,246.240983,246.240983,0.0,0.0,0.995091,0.002804,249.620197,249.620197,0.0,0.0,0.995095
1640,27-Mar-99,24:00:00,1142.11625,0.002411,167.263708,167.263708,0.0,0.0,0.986315,0.00241,188.749216,188.749216,0.0,0.0,0.98632,0.002409,235.072592,235.072592,0.0,0.0,0.986328
1641,28-Mar-99,24:00:00,1091.879167,0.001108,148.608198,148.608198,0.0,0.0,0.980077,0.001108,173.443497,173.443497,0.0,0.0,0.980084,0.001108,221.383015,221.383015,0.0,0.0,0.980096
1642,29-Mar-99,24:00:00,1064.175417,0.001299,140.13292,139.901133,0.010278,0.002717,0.982373,0.001299,169.453497,164.8095,0.012005,0.004447,0.982398,0.001299,235.720611,229.20025,0.014193,0.006638,0.982628
1643,30-Mar-99,24:00:00,1356.515,0.001832,168.251249,167.128571,0.0,0.0,1.0,0.001832,246.927969,227.729499,0.0,0.0,1.0,0.001831,388.369306,379.117852,0.0,0.0,1.0
1644,31-Mar-99,24:00:00,1088.8175,0.00235,145.196334,145.114285,0.0,0.0,0.999986,0.002349,181.837877,180.873014,0.0,0.0,0.999991,0.002347,196.4604,196.4604,0.0,0.0,0.999993
1645,01-Apr-99,24:00:00,1001.522784,0.002834,122.510673,122.510588,0.0,0.0,0.995575,0.002833,145.829804,145.829804,0.0,0.0,0.995603,0.002832,183.981453,183.981453,0.0,0.0,0.995614
1646,02-Apr-99,24:00:00,966.622322,0.002676,112.412288,112.412288,0.0,0.0,0.985696,0.002676,133.664054,133.664054,0.0,0.0,0.985728,0.002674,173.266158,173.266158,0.0,0.0,0.985744
1647,03-Apr-99,24:00:00,940.984064,0.002794,105.449564,105.449564,0.0,0.0,0.976509,0.002794,125.510303,125.510303,0.0,0.0,0.976543,0.002793,163.175917,163.175917,0.0,0.0,0.976564
1648,04-Apr-99,24:00:00,934.587216,0.001283,99.938785,99.260092,0.006631,0.0,0.986589,0.001282,129.778564,118.17025,0.007102,0.0,0.987852,0.001281,162.117928,153.673286,0.007681,0.0,0.989372
1649,05-Apr-99,24:00:00,902.921829,0.002002,93.709808,93.474547,0.0,0.0,0.994144,0.002002,114.262917,111.28623,0.0,0.0,0.995792,0.002001,144.815062,144.724047,0.0,0.0,0.997802
1650,06-Apr-99,24:00:00,875.55008,0.001852,88.043447,88.030515,0.0,0.0,0.993371,0.001851,104.89535,104.805259,0.0,0.0,0.995021,0.00185,136.29597,136.29597,0.0,0.0,0.997035
1651,07-Apr-99,24:00:00,1746.494056,0.001262,203.5807,201.700152,0.016286,0.013929,0.999327,0.001262,343.392676,306.16434,0.020864,0.018989,0.99954,0.001261,862.594475,833.495303,0.026308,0.025022,0.999816
1652,08-Apr-99,24:00:00,1477.425,0.002232,239.15616,238.777307,0.0,0.0,1.0,0.002232,339.596945,333.822341,0.0,0.0,1.0,0.002231,211.69837,211.564138,0.0,0.0,1.0
1653,09-Apr-99,24:00:00,1004.572665,0.000746,150.3656,149.617726,0.02748,0.02748,1.0,0.000745,197.416708,183.994081,0.027104,0.027104,1.0,0.000745,389.900949,374.503486,0.02725,0.02725,1.0
1654,10-Apr-99,24:00:00,5362.4025,0.002784,972.818498,721.313978,0.030126,0.030126,1.0,0.002784,1416.281319,904.055656,0.029803,0.029803,1.0,0.002782,2431.494614,1597.935316,0.029117,0.029117,1.0
1655,11-Apr-99,24:00:00,2968.364167,0.003522,672.410206,632.482799,0.0,0.0,0.997371,0.003521,720.770759,668.289736,0.0,0.0,0.997372,0.00352,271.544324,271.527622,0.0,0.0,0.997376
1656,12-Apr-99,24:00:00,1631.4475,0.003357,248.885672,247.36156,0.0,0.0,0.987512,0.003357,245.206225,244.88183,0.0,0.0,0.987517,0.003356,210.981898,210.981898,0.0,0.0,0.987527
1657,13-Apr-99,24:00:00,1112.348822,0.003542,144.654029,144.654029,0.0,0.0,0.975804,0.003542,161.214702,161.214702,0.0,0.0,0.975811,0.003541,198.63104,198.63104,0.0,0.0,0.975823
1658,14-Apr-99,24:00:00,901.423267,0.003354,122.851872,122.851872,0.0,0.0,0.963876,0.003353,144.300983,144.300983,0.0,0.0,0.963885,0.003352,187.063615,187.063615,0.0,0.0,0.963901
1659,15-Apr-99,24:00:00,831.562743,0.003278,114.072573,114.072573,0.0,0.0,0.952926,0.003277,135.24315,135.24315,0.0,0.0,0.952937,0.003276,176.169873,176.169873,0.0,0.0,0.952957
1660,16-Apr-99,24:00:00,803.435554,0.003866,107.255033,107.255033,0.0,0.0,0.940621,0.003866,127.316897,127.316897,0.0,0.0,0.940632,0.003865,165.910533,165.910533,0.0,0.0,0.940657
1661,17-Apr-99,24:00:00,780.79995,0.003043,100.99167,100.99167,0.0,0.0,0.928692,0.003043,119.898961,119.898961,0.0,0.0,0.928706,0.003042,156.248651,156.248651,0.0,0.0,0.928734
1662,18-Apr-99,24:00:00,679.204051,0.003454,95.108744,95.108744,0.0,0.0,0.917604,0.003454,112.916345,112.916345,0.0,0.0,0.917619,0.003453,147.149433,147.149433,0.0,0.0,0.917651
1663,19-Apr-99,24:00:00,572.594424,0.002812,89.569892,89.569892,0.0,0.0,0.906739,0.002811,106.34059,106.34059,0.0,0.0,0.906757,0.00281,138.580113,138.580113,0.0,0.0,0.906793
1664,20-Apr-99,24:00:00,526.679148,0.002285,84.353732,84.353732,0.0,0.0,0.897804,0.002285,100.147792,100.147792,0.0,0.0,0.897822,0.002284,130.509832,130.509832,0.0,0.0,0.897862
1665,21-Apr-99,24:00:00,509.622274,0.004044,79.44135,79.44135,0.0,0.0,0.887208,0.004044,94.315636,94.315636,0.0,0.0,0.887228,0.004042,122.909527,122.909527,0.0,0.0,0.887272
1666,22-Apr-99,24:00:00,492.91973,0.004291,74.815043,74.815043,0.0,0.0,0.872362,0.00429,88.823118,88.823118,0.0,0.0,0.872384,0.004289,115.751829,115.751829,0.0,0.0,0.872432
1667,23-Apr-99,24:00:00,477.659725,0.004126,70.458152,70.458152,0.0,0.0,0.858591,0.004125,83.65046,83.65046,0.0,0.0,0.858615,0.004125,109.010964,109.010964,0.0,0.0,0.858667
1668,24-Apr-99,24:00:00,464.129377,0.002429,66.354987,66.354987,0.0,0.0,0.847218,0.002429,78.779034,78.779034,0.0,0.0,0.847243,0.002428,102.662657,102.662657,0.0,0.0,0.847298
1669,25-Apr-99,24:00:00,449.710424,0.002272,62.490771,62.490771,0.0,0.0,0.838999,0.002272,74.191298,74.191298,0.0,0.0,0.839026,0.002271,96.684046,96.684046,0.0,0.0,0.839084
1670,26-Apr-99,24:00:00,433.764197,0.002984,58.85159,58.85159,0.0,0.0,0.830018,0.002983,69.870731,69.870731,0.0,0.0,0.830046,0.002982,91.053603,91.053603,0.0,0.0,0.830106
1671,27-Apr-99,24:00:00,419.621796,0.003108,55.424339,55.424339,0.0,0.0,0.819451,0.003108,65.801774,65.801774,0.0,0.0,0.81948,0.003106,85.751051,85.751051,0.0,0.0,0.819545
1672,28-Apr-99,24:00:00,407.395778,0.003637,52.196675,52.196675,0.0,0.0,0.807988,0.003637,61.969775,61.969775,0.0,0.0,0.808019,0.003637,80.757296,80.757296,0.0,0.0,0.808087
1673,29-Apr-99,24:00:00,394.094908,0.004199,49.156976,49.156976,0.0,0.0,0.795008,0.004199,58.360935,58.360935,0.0,0.0,0.795039,0.004199,76.054355,76.054355,0.0,0.0,0.795108
1674,30-Apr-99,24:00:00,381.492289,0.003092,46.294295,46.294295,0.0,0.0,0.781732,0.003091,54.962257,54.962257,0.0,0.0,0.781764,0.00309,71.625292,71.625292,0.0,0.0,0.781837
1675,01-May-99,24:00:00,370.885434,0.001497,43.598324,43.598324,0.0,0.0,0.773589,0.001496,51.761502,51.761502,0.0,0.0,0.773623,0.001496,67.454157,67.454157,0.0,0.0,0.7737
1676,02-May-99,24:00:00,361.276937,0.002113,41.059354,41.059354,0.0,0.0,0.76795,0.002112,48.747146,48.747146,0.0,0.0,0.767985,0.002112,63.525931,63.525931,0.0,0.0,0.768063
1677,03-May-99,24:00:00,351.030731,0.003017,38.668242,38.668242,0.0,0.0,0.759245,0.003016,45.908331,45.908331,0.0,0.0,0.759281,0.003016,59.826467,59.826467,0.0,0.0,0.759362
1678,04-May-99,24:00:00,341.848485,0.003981,36.53323,36.416377,0.002017,0.0,0.752047,0.003981,45.722167,43.234837,0.002469,0.0,0.752665,0.003981,56.342443,56.342443,0.0,0.0,0.749573
1679,05-May-99,24:00:00,335.508102,0.003552,34.450616,34.295652,0.0,0.0,0.752754,0.003552,43.22425,40.717035,0.0,0.0,0.754341,0.003552,53.061313,53.061313,0.0,0.0,0.74505
1680,06-May-99,24:00:00,487.848394,0.004016,32.308571,32.298427,0.0,0.0,0.745242,0.004016,38.454003,38.345858,0.0,0.0,0.74683,0.004016,49.971261,49.971261,0.0,0.0,0.7358
1681,07-May-99,24:00:00,778.587967,0.003715,30.417512,30.417512,0.0,0.0,0.732065,0.003715,36.112768,36.112768,0.0,0.0,0.733654,0.003714,47.06116,47.06116,0.0,0.0,0.722625
1682,08-May-99,24:00:00,623.876379,0.00383,28.646134,28.646134,0.0,0.0,0.7193,0.00383,34.009723,34.009723,0.0,0.0,0.72089,0.003829,44.32053,44.32053,0.0,0.0,0.709864
1683,09-May-99,24:00:00,369.116487,0.003044,26.977912,26.977912,0.0,0.0,0.707471,0.003043,32.02915,32.02915,0.0,0.0,0.709062,0.003043,41.739502,41.739502,0.0,0.0,0.698038
1684,10-May-99,24:00:00,274.567181,0.003936,25.40684,25.40684,0.0,0.0,0.695541,0.003936,30.163916,30.163916,0.0,0.0,0.697133,0.003935,39.308781,39.308781,0.0,0.0,0.686112
1685,11-May-99,24:00:00,267.497666,0.00371,23.92726,23.92726,0.0,0.0,0.682673,0.003709,28.407306,28.407306,0.0,0.0,0.684266,0.003708,37.019615,37.019615,0.0,0.0,0.673249
1686,12-May-99,24:00:00,262.217796,0.003543,22.533844,22.533844,0.0,0.0,0.66973,0.003543,26.752992,26.752992,0.0,0.0,0.671325,0.003542,34.863759,34.863759,0.0,0.0,0.660311
1687,13-May-99,24:00:00,257.255041,0.003011,21.221574,21.221574,0.0,0.0,0.658504,0.003011,25.195019,25.195019,0.0,0.0,0.6601,0.00301,32.833451,32.833451,0.0,0.0,0.64909
1688,14-May-99,24:00:00,252.581348,0.00329,19.985725,19.985725,0.0,0.0,0.647905,0.00329,23.727774,23.727774,0.0,0.0,0.649502,0.003289,30.921379,30.921379,0.0,0.0,0.638495
1689,15-May-99,24:00:00,248.179831,0.004002,18.821847,18.821847,0.0,0.0,0.635756,0.004002,22.345976,22.345976,0.0,0.0,0.637354,0.004001,29.120657,29.120657,0.0,0.0,0.626351
1690,16-May-99,24:00:00,244.636405,0.003883,17.725747,17.725747,0.0,0.0,0.621898,0.003882,21.044647,21.044647,0.0,0.0,0.623497,0.003881,27.424801,27.424801,0.0,0.0,0.612497
1691,17-May-99,24:00:00,242.327763,0.003201,16.69348,16.69348,0.0,0.0,0.609727,0.003201,19.819101,19.819101,0.0,0.0,0.611326,0.0032,25.827704,25.827704,0.0,0.0,0.600329
1692,18-May-99,24:00:00,239.441114,0.003562,15.721326,15.721326,0.0,0.0,0.59808,0.003562,18.664926,18.664926,0.0,0.0,0.59968,0.003561,24.323615,24.323615,0.0,0.0,0.588687
1693,19-May-99,24:00:00,235.991939,0.002849,14.805787,14.805787,0.0,0.0,0.587313,0.002848,17.577965,17.577965,0.0,0.0,0.588916,0.002848,22.907117,22.907117,0.0,0.0,0.577925
1694,20-May-99,24:00:00,231.558265,0.004205,13.943565,13.943565,0.0,0.0,0.575264,0.004205,16.554303,16.554303,0.0,0.0,0.576867,0.004204,21.57311,21.57311,0.0,0.0,0.565879
1695,21-May-99,24:00:00,227.295935,0.00519,13.131555,13.131555,0.0,0.0,0.559479,0.00519,15.590255,15.590255,0.0,0.0,0.561083,0.00519,20.316789,20.316789,0.0,0.0,0.550097
1696,22-May-99,24:00:00,223.92707,0.004146,12.366832,12.366832,0.0,0.0,0.543226,0.004146,14.682349,14.682349,0.0,0.0,0.54483,0.004147,19.133631,19.133631,0.0,0.0,0.533844
1697,23-May-99,24:00:00,221.170116,0.003814,11.646643,11.646643,0.0,0.0,0.529703,0.003814,13.827315,13.827315,0.0,0.0,0.531307,0.003814,18.019374,18.019374,0.0,0.0,0.520319
1698,24-May-99,24:00:00,216.549138,0.004292,10.968395,10.968395,0.0,0.0,0.51558,0.004291,13.022074,13.022074,0.0,0.0,0.517184,0.00429,16.970007,16.970007,0.0,0.0,0.506197
1699,25-May-99,24:00:00,212.280428,0.004448,10.329645,10.329645,0.0,0.0,0.500601,0.004448,12.263728,12.263728,0.0,0.0,0.502206,0.004447,15.98175,15.98175,0.0,0.0,0.491223
1700,26-May-99,24:00:00,209.929155,0.00433,9.728093,9.728093,0.0,0.0,0.485616,0.00433,11.549543,11.549543,0.0,0.0,0.487223,0.004329,15.051045,15.051045,0.0,0.0,0.476243
1701,27-May-99,24:00:00,207.90458,0.004491,9.161573,9.161573,0.0,0.0,0.470602,0.004491,10.87695,10.87695,0.0,0.0,0.47221,0.00449,14.17454,14.17454,0.0,0.0,0.461233
1702,28-May-99,24:00:00,205.883572,0.003167,8.628044,8.628044,0.0,0.0,0.45673,0.003166,10.243525,10.243525,0.0,0.0,0.458338,0.003165,13.349079,13.349079,0.0,0.0,0.447365
1703,29-May-99,24:00:00,203.968955,0.003993,8.125586,8.125586,0.0,0.0,0.445135,0.003993,9.646989,9.646989,0.0,0.0,0.446744,0.003992,12.571689,12.571689,0.0,0.0,0.435774
1704,30-May-99,24:00:00,202.165474,0.003998,7.652388,7.652388,0.0,0.0,0.431344,0.003998,9.085191,9.085191,0.0,0.0,0.432954,0.003997,11.83957,11.83957,0.0,0.0,0.421986
1705,31-May-99,24:00:00,200.467009,0.00171,7.206748,7.206748,0.0,0.0,0.421262,0.00171,8.556111,8.556111,0.0,0.0,0.422872,0.001709,11.150087,11.150087,0.0,0.0,0.411906
1706,01-Jun-99,24:00:00,198.867454,0.003005,6.787059,6.787059,0.0,0.0,0.413163,0.003005,8.057841,8.057841,0.0,0.0,0.414774,0.003004,10.500756,10.500756,0.0,0.0,0.403809
1707,02-Jun-99,24:00:00,200.384592,0.002363,6.391811,6.391811,0.0,0.0,0.404082,0.002363,7.588589,7.588589,0.0,0.0,0.405694,0.002363,9.889239,9.889239,0.0,0.0,0.394731
1708,03-Jun-99,24:00:00,206.27278,0.003624,6.019581,6.019581,0.0,0.0,0.394083,0.003624,7.146664,7.146664,0.0,0.0,0.395696,0.003623,9.313334,9.313334,0.0,0.0,0.384734
1709,04-Jun-99,24:00:00,209.272492,0.004284,5.669028,5.669028,0.0,0.0,0.38053,0.004284,6.730474,6.730474,0.0,0.0,0.382143,0.004283,8.770968,8.770968,0.0,0.0,0.371184
1710,05-Jun-99,24:00:00,208.239981,0.004343,5.338889,5.338889,0.0,0.0,0.365814,0.004343,6.338522,6.338522,0.0,0.0,0.367428,0.004343,8.260186,8.260186,0.0,0.0,0.356472
1711,06-Jun-99,24:00:00,207.068064,0.003757,5.027976,5.027976,0.0,0.0,0.351557,0.003756,5.969395,5.969395,0.0,0.0,0.353173,0.003756,7.77915,7.77915,0.0,0.0,0.342218
1712,07-Jun-99,24:00:00,205.957845,0.004128,4.73517,4.73517,0.0,0.0,0.338333,0.004127,5.621764,5.621764,0.0,0.0,0.339949,0.004127,7.326127,7.326127,0.0,0.0,0.328997
1713,08-Jun-99,24:00:00,206.447984,0.003489,4.459415,4.459415,0.0,0.0,0.325405,0.003489,5.294378,5.294378,0.0,0.0,0.327022,0.003488,6.899487,6.899487,0.0,0.0,0.316071
1714,09-Jun-99,24:00:00,185.416988,0.004318,4.199718,4.199718,0.0,0.0,0.311971,0.004318,4.986057,4.986057,0.0,0.0,0.313588,0.004317,6.497692,6.497692,0.0,0.0,0.30264
1715,10-Jun-99,24:00:00,185.993557,0.004448,3.955146,3.955146,0.0,0.0,0.296942,0.004448,4.695692,4.695692,0.0,0.0,0.29856,0.004448,6.119295,6.119295,0.0,0.0,0.287614
1716,11-Jun-99,24:00:00,212.95856,0.004096,3.724816,3.724816,0.0,0.0,0.282334,0.004096,4.422236,4.422236,0.0,0.0,0.283951,0.004096,5.762935,5.762935,0.0,0.0,0.273008
1717,12-Jun-99,24:00:00,212.276785,0.004471,3.507899,3.507899,0.0,0.0,0.267605,0.00447,4.164705,4.164705,0.0,0.0,0.269222,0.00447,5.427328,5.427328,0.0,0.0,0.258282
1718,13-Jun-99,24:00:00,211.493588,0.004318,3.303615,3.303615,0.0,0.0,0.252252,0.004318,3.922171,3.922171,0.0,0.0,0.25387,0.004317,5.111265,5.111265,0.0,0.0,0.242932
1719,14-Jun-99,24:00:00,210.765936,0.003706,3.111227,3.111227,0.0,0.0,0.238755,0.003706,3.693762,3.693762,0.0,0.0,0.240374,0.003705,4.813608,4.813608,0.0,0.0,0.229438
1720,15-Jun-99,24:00:00,210.080741,0.00468,2.930043,2.930043,0.0,0.0,0.224553,0.004679,3.478653,3.478653,0.0,0.0,0.226173,0.004678,4.533285,4.533285,0.0,0.0,0.21524
1721,16-Jun-99,24:00:00,208.231915,0.004749,2.759411,2.759411,0.0,0.0,0.208147,0.004748,3.276072,3.276072,0.0,0.0,0.209768,0.004748,4.269287,4.269287,0.0,0.0,0.198838
1722,17-Jun-99,24:00:00,205.715481,0.00345,2.598715,2.598715,0.0,0.0,0.194112,0.00345,3.085289,3.085289,0.0,0.0,0.195734,0.00345,4.020663,4.020663,0.0,0.0,0.184806
1723,18-Jun-99,24:00:00,204.319609,0.004612,2.447378,2.447378,0.0,0.0,0.180535,0.004612,2.905615,2.905615,0.0,0.0,0.182157,0.004611,3.786517,3.786517,0.0,0.0,0.171231
1724,19-Jun-99,24:00:00,203.230322,0.004235,2.304854,2.304854,0.0,0.0,0.165408,0.004235,2.736405,2.736405,0.0,0.0,0.16703,0.004235,3.566008,3.566008,0.0,0.0,0.156106
1725,20-Jun-99,24:00:00,202.770461,0.00485,2.170629,2.170629,0.0,0.0,0.148806,0.00485,2.577049,2.577049,0.0,0.0,0.150429,0.004848,3.35834,3.35834,0.0,0.0,0.139508
1726,21-Jun-99,24:00:00,207.949264,0.005288,2.044222,2.044222,0.0,0.0,0.132337,0.005288,2.426974,2.426974,0.0,0.0,0.133961,0.005288,3.162765,3.162765,0.0,0.0,0.123042
1727,22-Jun-99,24:00:00,216.028245,0.005327,1.925175,1.925175,0.0,0.0,0.114235,0.005327,2.285638,2.285638,0.0,0.0,0.115859,0.005326,2.97858,2.97858,0.0,0.0,0.104942
1728,23-Jun-99,24:00:00,220.006736,0.003853,1.813062,1.813062,0.0,0.0,0.098193,0.003853,2.152532,2.152532,0.0,0.0,0.099817,0.003853,2.805121,2.805121,0.0,0.0,0.088902
1729,24-Jun-99,24:00:00,220.443682,0.004752,1.707477,1.707477,0.0,0.0,0.083674,0.004752,2.027179,2.027179,0.0,0.0,0.085299,0.004751,2.641763,2.641763,0.0,0.0,0.074386
1730,25-Jun-99,24:00:00,220.081143,0.004876,1.608041,1.608041,0.0,0.0,0.067111,0.004875,1.909125,1.909125,0.0,0.0,0.068736,0.004875,2.487919,2.487919,0.0,0.0,0.057824
1731,26-Jun-99,24:00:00,219.727093,0.005133,1.514396,1.514396,0.0,0.0,0.050073,0.005133,1.797946,1.797946,0.0,0.0,0.051698,0.005132,2.343033,2.343033,0.0,0.0,0.040789
1732,27-Jun-99,24:00:00,228.420072,0.005103,1.426205,1.426205,0.0,0.0,0.032503,0.005103,1.693242,1.693242,0.0,0.0,0.034129,0.005103,2.206586,2.206586,0.0,0.0,0.023222
1733,28-Jun-99,24:00:00,241.201476,0.005554,1.343149,1.343149,0.0,0.0,0.014266,0.005554,1.594635,1.594635,0.0,0.0,0.015893,0.005553,2.078084,2.078084,0.0,0.0,0.006572
1734,29-Jun-99,24:00:00,246.305385,0.006098,1.26493,1.26493,0.0,0.0,0.001387,0.006098,1.501771,1.501771,0.0,0.0,0.002105,0.006097,1.957066,1.957066,0.0,0.0,0.0
1735,30-Jun-99,24:00:00,244.090853,0.00587,1.191266,1.191266,0.0,0.0,0.0,0.00587,1.414314,1.414314,0.0,0.0,0.0,0.005869,1.843095,1.843095,0.0,0.0,0.0
1736,01-Jul-99,24:00:00,242.269139,0.00538,1.121892,1.121892,0.0,0.0,0.0,0.00538,1.331951,1.331951,0.0,0.0,0.0,0.00538,1.735762,1.735762,0.0,0.0,0.0
1737,02-Jul-99,24:00:00,241.995841,0.004144,1.056558,1.056558,0.0,0.0,0.0,0.004144,1.254384,1.254384,0.0,0.0,0.0,0.004143,1.634679,1.634679,0.0,0.0,0.0
1738,03-Jul-99,24:00:00,243.568269,0.004552,0.995029,0.995029,0.0,0.0,0.0,0.004552,1.181335,1.181335,0.0,0.0,0.0,0.004551,1.539482,1.539482,0.0,0.0,0.0
1739,04-Jul-99,24:00:00,245.125756,0.005147,0.937083,0.937083,0.0,0.0,0.0,0.005147,1.112539,1.112539,0.0,0.0,0.0,0.005146,1.44983,1.44983,0.0,0.0,0.0
1740,05-Jul-99,24:00:00,245.330701,0.004994,0.882512,0.882512,0.0,0.0,0.0,0.004994,1.04775,1.04775,0.0,0.0,0.0,0.004993,1.365398,1.365398,0.0,0.0,0.0
1741,06-Jul-99,24:00:00,239.125382,0.004764,0.831118,0.831118,0.0,0.0,0.0,0.004764,0.986733,0.986733,0.0,0.0,0.0,0.004763,1.285884,1.285884,0.0,0.0,0.0
1742,07-Jul-99,24:00:00,232.619121,0.005195,0.782718,0.782718,0.0,0.0,0.0,0.005195,0.92927,0.92927,0.0,0.0,0.0,0.005195,1.211,1.211,0.0,0.0,0.0
1743,08-Jul-99,24:00:00,232.018123,0.004885,0.737136,0.737136,0.0,0.0,0.0,0.004885,0.875154,0.875154,0.0,0.0,0.0,0.004885,1.140476,1.140476,0.0,0.0,0.0
1744,09-Jul-99,24:00:00,232.612294,0.00552,0.694208,0.694208,0.0,0.0,0.0,0.00552,0.824189,0.824189,0.0,0.0,0.0,0.005519,1.07406,1.07406,0.0,0.0,0.0
1745,10-Jul-99,24:00:00,237.888253,0.005366,0.653781,0.653781,0.0,0.0,0.0,0.005366,0.776192,0.776192,0.0,0.0,0.0,0.005366,1.011512,1.011512,0.0,0.0,0.0
1746,11-Jul-99,24:00:00,247.888374,0.00538,0.615707,0.615707,0.0,0.0,0.0,0.00538,0.73099,0.73099,0.0,0.0,0.0,0.00538,0.952606,0.952606,0.0,0.0,0.0
1747,12-Jul-99,24:00:00,252.1197,0.005046,0.579851,0.579851,0.0,0.0,0.0,0.005046,0.68842,0.68842,0.0,0.0,0.0,0.005045,0.89713,0.89713,0.0,0.0,0.0
1748,13-Jul-99,24:00:00,267.108814,0.005107,0.546083,0.546083,0.0,0.0,0.0,0.005107,0.64833,0.64833,0.0,0.0,0.0,0.005106,0.844886,0.844886,0.0,0.0,0.0
1749,14-Jul-99,24:00:00,296.03609,0.004629,0.514282,0.514282,0.0,0.0,0.0,0.004629,0.610574,0.610574,0.0,0.0,0.0,0.004628,0.795683,0.795683,0.0,0.0,0.0
1750,15-Jul-99,24:00:00,308.618853,0.004664,0.484333,0.484333,0.0,0.0,0.0,0.004664,0.575017,0.575017,0.0,0.0,0.0,0.004664,0.749346,0.749346,0.0,0.0,0.0
1751,16-Jul-99,24:00:00,308.723482,0.00425,0.456127,0.456127,0.0,0.0,0.0,0.00425,0.541531,0.541531,0.0,0.0,0.0,0.004249,0.705708,0.705708,0.0,0.0,0.0
1752,17-Jul-99,24:00:00,308.624504,0.004461,0.429564,0.429564,0.0,0.0,0.0,0.00446,0.509994,0.509994,0.0,0.0,0.0,0.004459,0.66461,0.66461,0.0,0.0,0.0
1753,18-Jul-99,24:00:00,308.529908,0.003559,0.404548,0.404548,0.0,0.0,0.0,0.003559,0.480295,0.480295,0.0,0.0,0.0,0.003559,0.625907,0.625907,0.0,0.0,0.0
1754,19-Jul-99,24:00:00,308.440813,0.003577,0.380989,0.380989,0.0,0.0,0.0,0.003577,0.452324,0.452324,0.0,0.0,0.0,0.003576,0.589456,0.589456,0.0,0.0,0.0
1755,20-Jul-99,24:00:00,308.356906,0.003579,0.358802,0.358802,0.0,0.0,0.0,0.003579,0.425983,0.425983,0.0,0.0,0.0,0.003578,0.555129,0.555129,0.0,0.0,0.0
1756,21-Jul-99,24:00:00,308.277886,0.004514,0.337907,0.337907,0.0,0.0,0.0,0.004513,0.401176,0.401176,0.0,0.0,0.0,0.004512,0.522801,0.522801,0.0,0.0,0.0
1757,22-Jul-99,24:00:00,308.203468,0.003717,0.318229,0.318229,0.0,0.0,0.0,0.003717,0.377813,0.377813,0.0,0.0,0.0,0.003716,0.492355,0.492355,0.0,0.0,0.0
1758,23-Jul-99,24:00:00,308.133383,0.003806,0.299697,0.299697,0.0,0.0,0.0,0.003806,0.355811,0.355811,0.0,0.0,0.0,0.003805,0.463683,0.463683,0.0,0.0,0.0
1759,24-Jul-99,24:00:00,308.06738,0.004713,0.282244,0.282244,0.0,0.0,0.0,0.004713,0.33509,0.33509,0.0,0.0,0.0,0.004712,0.43668,0.43668,0.0,0.0,0.0
1760,25-Jul-99,24:00:00,308.005221,0.004527,0.265807,0.265807,0.0,0.0,0.0,0.004527,0.315576,0.315576,0.0,0.0,0.0,0.004526,0.41125,0.41125,0.0,0.0,0.0
1761,26-Jul-99,24:00:00,307.946681,0.003715,0.250328,0.250328,0.0,0.0,0.0,0.003715,0.297198,0.297198,0.0,0.0,0.0,0.003714,0.3873,0.3873,0.0,0.0,0.0
1762,27-Jul-99,24:00:00,307.891551,0.003829,0.23575,0.23575,0.0,0.0,0.0,0.003829,0.279891,0.279891,0.0,0.0,0.0,0.003829,0.364746,0.364746,0.0,0.0,0.0
1763,28-Jul-99,24:00:00,307.839631,0.003701,0.222021,0.222021,0.0,0.0,0.0,0.003701,0.263591,0.263591,0.0,0.0,0.0,0.003702,0.343505,0.343505,0.0,0.0,0.0
1764,29-Jul-99,24:00:00,305.985435,0.004535,0.209091,0.209091,0.0,0.0,0.0,0.004535,0.248241,0.248241,0.0,0.0,0.0,0.004535,0.3235,0.3235,0.0,0.0,0.0
1765,30-Jul-99,24:00:00,304.162759,0.004956,0.196915,0.196915,0.0,0.0,0.0,0.004956,0.233784,0.233784,0.0,0.0,0.0,0.004956,0.304661,0.304661,0.0,0.0,0.0
1766,31-Jul-99,24:00:00,303.708071,0.004363,0.185447,0.185447,0.0,0.0,0.0,0.004362,0.22017,0.22017,0.0,0.0,0.0,0.004361,0.286919,0.286919,0.0,0.0,0.0
1767,01-Aug-99,24:00:00,303.660524,0.004477,0.174648,0.174648,0.0,0.0,0.0,0.004477,0.207348,0.207348,0.0,0.0,0.0,0.004476,0.27021,0.27021,0.0,0.0,0.0
1768,02-Aug-99,24:00:00,303.622014,0.00451,0.164477,0.164477,0.0,0.0,0.0,0.00451,0.195273,0.195273,0.0,0.0,0.0,0.004509,0.254475,0.254475,0.0,0.0,0.0
1769,03-Aug-99,24:00:00,303.58579,0.004533,0.154899,0.154899,0.0,0.0,0.0,0.004532,0.183901,0.183901,0.0,0.0,0.0,0.004532,0.239655,0.239655,0.0,0.0,0.0
1770,04-Aug-99,24:00:00,303.551677,0.002022,0.145878,0.145878,0.0,0.0,0.0,0.002022,0.173192,0.173192,0.0,0.0,0.0,0.002021,0.225699,0.225699,0.0,0.0,0.0
1771,05-Aug-99,24:00:00,303.51955,0.002771,0.137383,0.137383,0.0,0.0,0.0,0.002771,0.163106,0.163106,0.0,0.0,0.0,0.00277,0.212555,0.212555,0.0,0.0,0.0
1772,06-Aug-99,24:00:00,303.489293,0.002852,0.129382,0.129382,0.0,0.0,0.0,0.002852,0.153607,0.153607,0.0,0.0,0.0,0.002851,0.200177,0.200177,0.0,0.0,0.0
1773,07-Aug-99,24:00:00,303.460799,0.003344,0.121848,0.121848,0.0,0.0,0.0,0.003344,0.144662,0.144662,0.0,0.0,0.0,0.003343,0.188519,0.188519,0.0,0.0,0.0
1774,08-Aug-99,24:00:00,303.433964,0.003908,0.114752,0.114752,0.0,0.0,0.0,0.003908,0.136237,0.136237,0.0,0.0,0.0,0.003906,0.177541,0.177541,0.0,0.0,0.0
1775,09-Aug-99,24:00:00,303.408692,0.002815,0.108069,0.108069,0.0,0.0,0.0,0.002815,0.128304,0.128304,0.0,0.0,0.0,0.002814,0.167202,0.167202,0.0,0.0,0.0
1776,10-Aug-99,24:00:00,303.384892,0.002923,0.101776,0.101776,0.0,0.0,0.0,0.002923,0.120832,0.120832,0.0,0.0,0.0,0.002922,0.157465,0.157465,0.0,0.0,0.0
1777,11-Aug-99,24:00:00,303.362477,0.003309,0.095849,0.095849,0.0,0.0,0.0,0.003308,0.113795,0.113795,0.0,0.0,0.0,0.003307,0.148295,0.148295,0.0,0.0,0.0
1778,12-Aug-99,24:00:00,303.341368,0.003474,0.090267,0.090267,0.0,0.0,0.0,0.003474,0.107168,0.107168,0.0,0.0,0.0,0.003473,0.139659,0.139659,0.0,0.0,0.0
1779,13-Aug-99,24:00:00,303.321489,0.004017,0.08501,0.08501,0.0,0.0,0.0,0.004016,0.100927,0.100927,0.0,0.0,0.0,0.004016,0.131525,0.131525,0.0,0.0,0.0
1780,14-Aug-99,24:00:00,303.302767,0.003983,0.08006,0.08006,0.0,0.0,0.0,0.003982,0.09505,0.09505,0.0,0.0,0.0,0.003981,0.123866,0.123866,0.0,0.0,0.0
1781,15-Aug-99,24:00:00,303.285135,0.004648,0.075397,0.075397,0.0,0.0,0.0,0.004647,0.089514,0.089514,0.0,0.0,0.0,0.004647,0.116653,0.116653,0.0,0.0,0.0
1782,16-Aug-99,24:00:00,300.861463,0.004285,0.071006,0.071006,0.0,0.0,0.0,0.004285,0.084301,0.084301,0.0,0.0,0.0,0.004284,0.109859,0.109859,0.0,0.0,0.0
1783,17-Aug-99,24:00:00,298.677578,0.003946,0.066871,0.066871,0.0,0.0,0.0,0.003946,0.079392,0.079392,0.0,0.0,0.0,0.003946,0.103462,0.103462,0.0,0.0,0.0
1784,18-Aug-99,24:00:00,300.050262,0.00451,0.062977,0.062977,0.0,0.0,0.0,0.00451,0.074769,0.074769,0.0,0.0,0.0,0.004509,0.097436,0.097436,0.0,0.0,0.0
1785,19-Aug-99,24:00:00,302.408036,0.004283,0.05931,0.05931,0.0,0.0,0.0,0.004282,0.070414,0.070414,0.0,0.0,0.0,0.004281,0.091762,0.091762,0.0,0.0,0.0
1786,20-Aug-99,24:00:00,303.197868,0.004173,0.055856,0.055856,0.0,0.0,0.0,0.004172,0.066314,0.066314,0.0,0.0,0.0,0.004171,0.086418,0.086418,0.0,0.0,0.0
1787,21-Aug-99,24:00:00,300.791772,0.0044,0.052603,0.052603,0.0,0.0,0.0,0.0044,0.062452,0.062452,0.0,0.0,0.0,0.004398,0.081386,0.081386,0.0,0.0,0.0
1788,22-Aug-99,24:00:00,298.612033,0.003353,0.04954,0.04954,0.0,0.0,0.0,0.003352,0.058815,0.058815,0.0,0.0,0.0,0.00335,0.076646,0.076646,0.0,0.0,0.0
1789,23-Aug-99,24:00:00,298.183235,0.004329,0.046655,0.046655,0.0,0.0,0.0,0.004328,0.05539,0.05539,0.0,0.0,0.0,0.004326,0.072183,0.072183,0.0,0.0,0.0
1790,24-Aug-99,24:00:00,298.166209,0.004371,0.043938,0.043938,0.0,0.0,0.0,0.00437,0.052164,0.052164,0.0,0.0,0.0,0.004369,0.067979,0.067979,0.0,0.0,0.0
1791,25-Aug-99,24:00:00,298.156486,0.003718,0.041379,0.041379,0.0,0.0,0.0,0.003718,0.049127,0.049127,0.0,0.0,0.0,0.003716,0.06402,0.06402,0.0,0.0,0.0
1792,26-Aug-99,24:00:00,298.147372,0.004292,0.038969,0.038969,0.0,0.0,0.0,0.004291,0.046266,0.046266,0.0,0.0,0.0,0.004289,0.060292,0.060292,0.0,0.0,0.0
1793,27-Aug-99,24:00:00,305.359989,0.004271,0.0367,0.0367,0.0,0.0,0.0,0.004271,0.043571,0.043571,0.0,0.0,0.0,0.004269,0.056781,0.056781,0.0,0.0,0.0
1794,28-Aug-99,24:00:00,313.661947,0.004416,0.034562,0.034562,0.0,0.0,0.0,0.004416,0.041034,0.041034,0.0,0.0,0.0,0.004414,0.053474,0.053474,0.0,0.0,0.0
1795,29-Aug-99,24:00:00,316.082862,0.0037,0.03255,0.03255,0.0,0.0,0.0,0.003699,0.038644,0.038644,0.0,0.0,0.0,0.003697,0.05036,0.05036,0.0,0.0,0.0
1796,30-Aug-99,24:00:00,316.115647,0.003504,0.030654,0.030654,0.0,0.0,0.0,0.003503,0.036394,0.036394,0.0,0.0,0.0,0.003501,0.047427,0.047427,0.0,0.0,0.0
1797,31-Aug-99,24:00:00,316.109174,0.002906,0.028869,0.028869,0.0,0.0,0.0,0.002906,0.034274,0.034274,0.0,0.0,0.0,0.002904,0.044666,0.044666,0.0,0.0,0.0
1798,01-Sep-99,24:00:00,316.102818,0.003798,0.027188,0.027188,0.0,0.0,0.0,0.003798,0.032278,0.032278,0.0,0.0,0.0,0.003797,0.042064,0.042064,0.0,0.0,0.0
1799,02-Sep-99,24:00:00,316.09683,0.003537,0.025605,0.025605,0.0,0.0,0.0,0.003536,0.030399,0.030399,0.0,0.0,0.0,0.003535,0.039615,0.039615,0.0,0.0,0.0
1800,03-Sep-99,24:00:00,314.285892,0.003606,0.024114,0.024114,0.0,0.0,0.0,0.003605,0.028628,0.028628,0.0,0.0,0.0,0.003604,0.037308,0.037308,0.0,0.0,0.0
1801,04-Sep-99,24:00:00,312.503954,0.004041,0.022709,0.022709,0.0,0.0,0.0,0.00404,0.026961,0.026961,0.0,0.0,0.0,0.004039,0.035135,0.035135,0.0,0.0,0.0
1802,05-Sep-99,24:00:00,312.087631,0.003782,0.021387,0.021387,0.0,0.0,0.0,0.003781,0.025391,0.025391,0.0,0.0,0.0,0.00378,0.033089,0.033089,0.0,0.0,0.0
1803,06-Sep-99,24:00:00,314.483283,0.004309,0.020141,0.020141,0.0,0.0,0.0,0.004308,0.023912,0.023912,0.0,0.0,0.0,0.004307,0.031162,0.031162,0.0,0.0,0.0
1804,07-Sep-99,24:00:00,316.045281,0.003832,0.018968,0.018968,0.0,0.0,0.0,0.00383,0.02252,0.02252,0.0,0.0,0.0,0.003828,0.029347,0.029347,0.0,0.0,0.0
1805,08-Sep-99,24:00:00,316.067372,0.003379,0.017864,0.017864,0.0,0.0,0.0,0.003378,0.021208,0.021208,0.0,0.0,0.0,0.003376,0.027638,0.027638,0.0,0.0,0.0
1806,09-Sep-99,24:00:00,316.063621,0.003072,0.016823,0.016823,0.0,0.0,0.0,0.003071,0.019973,0.019973,0.0,0.0,0.0,0.003069,0.026029,0.026029,0.0,0.0,0.0
1807,10-Sep-99,24:00:00,316.059917,0.003273,0.015844,0.015844,0.0,0.0,0.0,0.003273,0.01881,0.01881,0.0,0.0,0.0,0.003271,0.024513,0.024513,0.0,0.0,0.0
1808,11-Sep-99,24:00:00,315.454661,0.003087,0.014921,0.014921,0.0,0.0,0.0,0.003086,0.017715,0.017715,0.0,0.0,0.0,0.003084,0.023086,0.023086,0.0,0.0,0.0
1809,12-Sep-99,24:00:00,303.62619,0.003167,0.014052,0.014052,0.0,0.0,0.0,0.003166,0.016683,0.016683,0.0,0.0,0.0,0.003166,0.021741,0.021741,0.0,0.0,0.0
1810,13-Sep-99,24:00:00,273.910382,0.003262,0.013234,0.013234,0.0,0.0,0.0,0.003261,0.015712,0.015712,0.0,0.0,0.0,0.003259,0.020475,0.020475,0.0,0.0,0.0
1811,14-Sep-99,24:00:00,259.894468,0.003353,0.012463,0.012463,0.0,0.0,0.0,0.003351,0.014797,0.014797,0.0,0.0,0.0,0.003348,0.019283,0.019283,0.0,0.0,0.0
1812,15-Sep-99,24:00:00,261.844788,0.003282,0.011737,0.011737,0.0,0.0,0.0,0.003281,0.013935,0.013935,0.0,0.0,0.0,0.003281,0.01816,0.01816,0.0,0.0,0.0
1813,16-Sep-99,24:00:00,263.021926,0.003562,0.011054,0.011054,0.0,0.0,0.0,0.003562,0.013123,0.013123,0.0,0.0,0.0,0.003562,0.017102,0.017102,0.0,0.0,0.0
1814,17-Sep-99,24:00:00,263.039229,0.00329,0.01041,0.01041,0.0,0.0,0.0,0.003289,0.012359,0.012359,0.0,0.0,0.0,0.003288,0.016106,0.016106,0.0,0.0,0.0
1815,18-Sep-99,24:00:00,263.037075,0.002497,0.009804,0.009804,0.0,0.0,0.0,0.002497,0.011639,0.011639,0.0,0.0,0.0,0.002496,0.015168,0.015168,0.0,0.0,0.0
1816,19-Sep-99,24:00:00,263.034917,0.002697,0.009233,0.009233,0.0,0.0,0.0,0.002696,0.010962,0.010962,0.0,0.0,0.0,0.002694,0.014285,0.014285,0.0,0.0,0.0
1817,20-Sep-99,24:00:00,263.032883,0.003398,0.008695,0.008695,0.0,0.0,0.0,0.003397,0.010323,0.010323,0.0,0.0,0.0,0.003395,0.013453,0.013453,0.0,0.0,0.0
1818,21-Sep-99,24:00:00,254.606236,0.002767,0.008189,0.008189,0.0,0.0,0.0,0.002766,0.009722,0.009722,0.0,0.0,0.0,0.002764,0.012669,0.012669,0.0,0.0,0.0
1819,22-Sep-99,24:00:00,237.688186,0.003037,0.007712,0.007712,0.0,0.0,0.0,0.003036,0.009156,0.009156,0.0,0.0,0.0,0.003035,0.011932,0.011932,0.0,0.0,0.0
1820,23-Sep-99,24:00:00,230.153765,0.003131,0.007263,0.007263,0.0,0.0,0.0,0.003131,0.008623,0.008623,0.0,0.0,0.0,0.00313,0.011237,0.011237,0.0,0.0,0.0
1821,24-Sep-99,24:00:00,230.026748,0.003453,0.00684,0.00684,0.0,0.0,0.0,0.003453,0.008121,0.008121,0.0,0.0,0.0,0.003453,0.010582,0.010582,0.0,0.0,0.0
1822,25-Sep-99,24:00:00,230.024365,0.003521,0.006442,0.006442,0.0,0.0,0.0,0.003521,0.007648,0.007648,0.0,0.0,0.0,0.003521,0.009966,0.009966,0.0,0.0,0.0
1823,26-Sep-99,24:00:00,236.642374,0.003331,0.006066,0.006066,0.0,0.0,0.0,0.003331,0.007202,0.007202,0.0,0.0,0.0,0.00333,0.009386,0.009386,0.0,0.0,0.0
1824,27-Sep-99,24:00:00,246.364759,0.002777,0.005713,0.005713,0.0,0.0,0.0,0.002776,0.006783,0.006783,0.0,0.0,0.0,0.002774,0.008839,0.008839,0.0,0.0,0.0
1825,28-Sep-99,24:00:00,249.96032,0.002803,0.00538,0.00538,0.0,0.0,0.0,0.002803,0.006388,0.006388,0.0,0.0,0.0,0.002802,0.008324,0.008324,0.0,0.0,0.0
1826,29-Sep-99,24:00:00,250.018744,0.003154,0.005067,0.005067,0.0,0.0,0.0,0.003154,0.006016,0.006016,0.0,0.0,0.0,0.003154,0.00784,0.00784,0.0,0.0,0.0
1827,30-Sep-99,24:00:00,250.018044,0.002895,0.004772,0.004772,0.0,0.0,0.0,0.002895,0.005665,0.005665,0.0,0.0,0.0,0.002893,0.007383,0.007383,0.0,0.0,0.0
1828,01-Oct-99,24:00:00,250.016996,0.00272,0.004494,0.004494,0.0,0.0,0.0,0.00272,0.005336,0.005336,0.0,0.0,0.0,0.002719,0.006953,0.006953,0.0,0.0,0.0
1829,02-Oct-99,24:00:00,250.016006,0.002463,0.004232,0.004232,0.0,0.0,0.0,0.002462,0.005025,0.005025,0.0,0.0,0.0,0.002462,0.006548,0.006548,0.0,0.0,0.0
1830,03-Oct-99,24:00:00,250.015074,0.002383,0.003986,0.003986,0.0,0.0,0.0,0.002382,0.004732,0.004732,0.0,0.0,0.0,0.002382,0.006167,0.006167,0.0,0.0,0.0
1831,04-Oct-99,24:00:00,248.810663,0.002044,0.003754,0.003754,0.0,0.0,0.0,0.002043,0.004457,0.004457,0.0,0.0,0.0,0.002041,0.005808,0.005808,0.0,0.0,0.0
1832,05-Oct-99,24:00:00,246.823063,0.002072,0.003535,0.003535,0.0,0.0,0.0,0.002071,0.004197,0.004197,0.0,0.0,0.0,0.002069,0.00547,0.00547,0.0,0.0,0.0
1833,06-Oct-99,24:00:00,244.822376,0.002341,0.003329,0.003329,0.0,0.0,0.0,0.002339,0.003953,0.003953,0.0,0.0,0.0,0.002337,0.005151,0.005151,0.0,0.0,0.0
1834,07-Oct-99,24:00:00,242.821644,0.002796,0.003135,0.003135,0.0,0.0,0.0,0.002794,0.003723,0.003723,0.0,0.0,0.0,0.002792,0.004851,0.004851,0.0,0.0,0.0
1835,08-Oct-99,24:00:00,242.024486,0.002748,0.002953,0.002953,0.0,0.0,0.0,0.002747,0.003506,0.003506,0.0,0.0,0.0,0.002745,0.004569,0.004569,0.0,0.0,0.0
1836,09-Oct-99,24:00:00,242.01061,0.002843,0.002781,0.002781,0.0,0.0,0.0,0.002841,0.003302,0.003302,0.0,0.0,0.0,0.002839,0.004302,0.004302,0.0,0.0,0.0
1837,10-Oct-99,24:00:00,242.009905,0.002836,0.002619,0.002619,0.0,0.0,0.0,0.002836,0.003109,0.003109,0.0,0.0,0.0,0.002835,0.004052,0.004052,0.0,0.0,0.0
1838,11-Oct-99,24:00:00,242.009328,0.00244,0.002466,0.002466,0.0,0.0,0.0,0.002439,0.002928,0.002928,0.0,0.0,0.0,0.002437,0.003816,0.003816,0.0,0.0,0.0
1839,12-Oct-99,24:00:00,242.008784,0.002344,0.002323,0.002323,0.0,0.0,0.0,0.002342,0.002758,0.002758,0.0,0.0,0.0,0.002341,0.003594,0.003594,0.0,0.0,0.0
1840,13-Oct-99,24:00:00,242.008273,0.002313,0.002188,0.002188,0.0,0.0,0.0,0.002312,0.002597,0.002597,0.0,0.0,0.0,0.00231,0.003384,0.003384,0.0,0.0,0.0
1841,14-Oct-99,24:00:00,242.007791,0.001829,0.00206,0.00206,0.0,0.0,0.0,0.001827,0.002446,0.002446,0.0,0.0,0.0,0.001824,0.003187,0.003187,0.0,0.0,0.0
1842,15-Oct-99,24:00:00,242.007337,0.002468,0.00194,0.00194,0.0,0.0,0.0,0.002468,0.002303,0.002303,0.0,0.0,0.0,0.002468,0.003002,0.003002,0.0,0.0,0.0
1843,16-Oct-99,24:00:00,242.00691,0.002169,0.001827,0.001827,0.0,0.0,0.0,0.002168,0.002169,0.002169,0.0,0.0,0.0,0.002166,0.002827,0.002827,0.0,0.0,0.0
1844,17-Oct-99,24:00:00,241.404741,0.002091,0.001721,0.001721,0.0,0.0,0.0,0.002091,0.002043,0.002043,0.0,0.0,0.0,0.002091,0.002662,0.002662,0.0,0.0,0.0
1845,18-Oct-99,24:00:00,239.207442,0.002207,0.00162,0.00162,0.0,0.0,0.0,0.002207,0.001924,0.001924,0.0,0.0,0.0,0.002207,0.002507,0.002507,0.0,0.0,0.0
1846,19-Oct-99,24:00:00,235.016825,0.001866,0.001526,0.001526,0.0,0.0,0.0,0.001866,0.001812,0.001812,0.0,0.0,0.0,0.001866,0.002361,0.002361,0.0,0.0,0.0
1847,20-Oct-99,24:00:00,231.233341,0.001032,0.001437,0.001437,0.0,0.0,0.0,0.001031,0.001706,0.001706,0.0,0.0,0.0,0.001029,0.002224,0.002224,0.0,0.0,0.0
1848,21-Oct-99,24:00:00,230.025191,0.001253,0.001354,0.001354,0.0,0.0,0.0,0.001252,0.001607,0.001607,0.0,0.0,0.0,0.00125,0.002094,0.002094,0.0,0.0,0.0
1849,22-Oct-99,24:00:00,230.004961,0.001824,0.001275,0.001275,0.0,0.0,0.0,0.001824,0.001513,0.001513,0.0,0.0,0.0,0.001824,0.001972,0.001972,0.0,0.0,0.0
1850,23-Oct-99,24:00:00,230.004541,0.001773,0.0012,0.0012,0.0,0.0,0.0,0.001773,0.001425,0.001425,0.0,0.0,0.0,0.001773,0.001857,0.001857,0.0,0.0,0.0
1851,24-Oct-99,24:00:00,228.800743,0.001892,0.001131,0.001131,0.0,0.0,0.0,0.001892,0.001342,0.001342,0.0,0.0,0.0,0.001892,0.001749,0.001749,0.0,0.0,0.0
1852,25-Oct-99,24:00:00,226.81372,0.001506,0.001065,0.001065,0.0,0.0,0.0,0.001505,0.001264,0.001264,0.0,0.0,0.0,0.001503,0.001647,0.001647,0.0,0.0,0.0
1853,26-Oct-99,24:00:00,237.190437,0.000421,1.119859,0.001003,0.040751,0.0,0.033858,0.000421,21.941853,0.001191,0.043048,0.0,0.035846,0.00042,34.439775,0.001552,0.052862,0.0,0.047056
1854,27-Oct-99,24:00:00,360.457955,0.001525,4.59422,0.000944,0.002724,0.0,0.148109,0.001524,68.573247,0.001121,0.002488,0.0,0.155252,0.001522,26.810764,0.001461,0.002256,0.0,0.188174
1855,28-Oct-99,24:00:00,230.834742,0.001506,0.363137,0.000889,0.0,0.0,0.149059,0.001505,3.579549,0.001056,0.0,0.0,0.156124,0.001505,0.001376,0.001376,0.0,0.0,0.188974
1856,29-Oct-99,24:00:00,218.202507,0.001615,0.003176,0.000838,0.0,0.0,0.148448,0.001614,0.005604,0.000994,0.0,0.0,0.155515,0.001614,0.001296,0.001296,0.0,0.0,0.188369
1857,30-Oct-99,24:00:00,216.800392,0.001535,0.000789,0.000789,0.0,0.0,0.14482,0.001534,0.000937,0.000937,0.0,0.0,0.151893,0.001533,0.001221,0.001221,0.0,0.0,0.184753
1858,31-Oct-99,24:00:00,217.219573,0.001462,0.000743,0.000743,0.0,0.0,0.139702,0.00146,0.000882,0.000882,0.0,0.0,0.146779,0.001459,0.001149,0.001149,0.0,0.0,0.179643
1859,01-Nov-99,24:00:00,216.184212,0.001708,0.0007,0.0007,0.0,0.0,0.136472,0.001706,0.000831,0.000831,0.0,0.0,0.143551,0.001704,0.001082,0.001082,0.0,0.0,0.176155
1860,02-Nov-99,24:00:00,214.420473,0.001286,0.000659,0.000659,0.0,0.0,0.136035,0.001285,0.000782,0.000782,0.0,0.0,0.142815,0.001284,0.001019,0.001019,0.0,0.0,0.173046
1861,03-Nov-99,24:00:00,212.805565,0.001745,0.000621,0.000621,0.0,0.0,0.136035,0.001744,0.000737,0.000737,0.0,0.0,0.139486,0.001742,0.00096,0.00096,0.0,0.0,0.167911
1862,04-Nov-99,24:00:00,211.413717,0.001456,0.000584,0.000584,0.0,0.0,0.136035,0.001455,0.000694,0.000694,0.0,0.0,0.133906,0.001453,0.000904,0.000904,0.0,0.0,0.162338
1863,05-Nov-99,24:00:00,210.407021,0.001483,0.00055,0.00055,0.0,0.0,0.135385,0.001481,0.000653,0.000653,0.0,0.0,0.12894,0.001479,0.000851,0.000851,0.0,0.0,0.157379
1864,06-Nov-99,24:00:00,220.54244,0.000826,1.315022,0.000518,0.03917,0.0,0.167544,0.000825,20.031454,0.000615,0.034684,0.0,0.154816,0.000824,15.954669,0.000802,0.028739,0.0,0.175908
1865,07-Nov-99,24:00:00,310.641478,0.001088,4.411748,0.000488,0.004375,0.0,0.280849,0.001087,57.653662,0.000579,0.004466,0.0,0.258032,0.001085,20.65662,0.000755,0.004207,0.0,0.265273
1866,08-Nov-99,24:00:00,218.287651,0.000878,0.357601,0.00046,0.0,0.0,0.281093,0.000877,3.216611,0.000546,0.0,0.0,0.258226,0.000876,0.000711,0.000711,0.0,0.0,0.265401
1867,09-Nov-99,24:00:00,297.606623,0.000517,4.103081,0.000433,0.049248,0.0,0.373414,0.000517,74.201963,0.000514,0.054238,0.0,0.360959,0.000516,64.804863,0.00067,0.064257,0.0,0.385806
1868,10-Nov-99,24:00:00,302.954718,0.001289,2.622435,0.000408,0.0,0.0,0.449944,0.001289,36.465707,0.000484,0.0,0.0,0.444183,0.001287,6.600299,0.000631,0.0,0.0,0.485712
1869,11-Nov-99,24:00:00,212.931372,0.000812,0.162746,0.000384,0.0,0.0,0.449944,0.000812,1.410694,0.000456,0.0,0.0,0.444183,0.00081,0.000594,0.000594,0.0,0.0,0.485712
1870,12-Nov-99,24:00:00,208.209118,0.001195,0.000362,0.000362,0.0,0.0,0.449944,0.001194,0.000429,0.000429,0.0,0.0,0.444183,0.001193,0.000559,0.000559,0.0,0.0,0.485712
1871,13-Nov-99,24:00:00,206.419624,0.000858,0.000457,0.000341,0.000253,0.0,0.449943,0.000857,0.001997,0.000404,0.000171,0.0,0.444175,0.000855,0.000527,0.000527,0.0,0.0,0.485691
1872,14-Nov-99,24:00:00,230.829613,0.000852,1.77405,0.000321,0.014873,0.0,0.494287,0.000851,22.496132,0.000381,0.01218,0.0,0.480555,0.000849,10.30335,0.000496,0.00928,0.0,0.512892
1873,15-Nov-99,24:00:00,252.400742,0.000384,3.144404,0.000302,0.034196,0.0,0.561858,0.000384,54.518712,0.000359,0.037809,0.0,0.553552,0.000383,40.459059,0.000467,0.038471,0.0,0.585428
1874,16-Nov-99,24:00:00,246.79695,0.000715,1.862228,0.000284,0.0,0.0,0.618914,0.000714,25.646544,0.000338,0.0,0.0,0.61604,0.000713,2.299787,0.00044,0.0,0.0,0.649338
1875,17-Nov-99,24:00:00,167.408944,0.000967,0.114228,0.000268,0.0,0.0,0.618914,0.000966,0.988972,0.000318,0.0,0.0,0.61604,0.000964,0.000414,0.000414,0.0,0.0,0.649338
1876,18-Nov-99,24:00:00,200.745167,0.000564,3.606436,0.000252,0.039114,0.0,0.697913,0.000564,54.001324,0.0003,0.037584,0.0,0.689012,0.000563,38.604527,0.00039,0.036717,0.0,0.719499
1877,19-Nov-99,24:00:00,217.32689,0.000988,1.867071,0.000238,0.000906,0.0,0.755868,0.000987,27.295305,0.000282,0.002419,0.0,0.752325,0.000985,5.211886,0.000368,0.002713,0.0,0.783496
1878,20-Nov-99,24:00:00,154.923029,0.001278,0.120413,0.000224,0.0,0.0,0.756127,0.001276,1.36071,0.000266,0.0,0.0,0.753191,0.001274,0.000346,0.000346,0.0,0.0,0.784528
1879,21-Nov-99,24:00:00,152.517363,0.000998,0.000805,0.000211,0.0,0.0,0.756127,0.000997,0.004911,0.00025,0.0,0.0,0.753191,0.000996,0.000326,0.000326,0.0,0.0,0.784528
1880,22-Nov-99,24:00:00,167.890906,0.000703,0.000198,0.000198,0.0,0.0,0.756127,0.000702,0.000236,0.000236,0.0,0.0,0.753191,0.0007,0.000307,0.000307,0.0,0.0,0.784528
1881,23-Nov-99,24:00:00,178.864253,0.00058,0.000187,0.000187,0.0,0.0,0.755582,0.000579,0.000222,0.000222,0.0,0.0,0.752661,0.000577,0.000289,0.000289,0.0,0.0,0.784013
1882,24-Nov-99,24:00:00,179.939698,0.000974,0.000176,0.000176,0.0,0.0,0.753306,0.000973,0.000209,0.000209,0.0,0.0,0.750404,0.000971,0.000272,0.000272,0.0,0.0,0.781773
1883,25-Nov-99,24:00:00,180.429807,0.000773,0.000166,0.000166,0.0,0.0,0.750259,0.000772,0.000197,0.000197,0.0,0.0,0.747361,0.00077,0.000256,0.000256,0.0,0.0,0.778737
1884,26-Nov-99,24:00:00,181.80956,0.000879,0.000156,0.000156,0.0,0.0,0.747451,0.000878,0.000185,0.000185,0.0,0.0,0.744556,0.000876,0.000242,0.000242,0.0,0.0,0.775937
1885,27-Nov-99,24:00:00,182.024152,0.000798,0.000147,0.000147,0.0,0.0,0.744641,0.000797,0.000175,0.000175,0.0,0.0,0.74175,0.000795,0.000227,0.000227,0.0,0.0,0.773136
1886,28-Nov-99,24:00:00,183.383972,0.000607,0.511929,0.000138,0.034365,0.0,0.762585,0.000606,7.887076,0.000164,0.03133,0.0,0.756755,0.000605,8.174271,0.000214,0.02844,0.0,0.785286
1887,29-Nov-99,24:00:00,282.082752,0.000566,4.847759,0.00013,0.019465,0.0,0.882859,0.000565,69.957194,0.000155,0.021556,0.0,0.871066,0.000564,39.771794,0.000202,0.025671,0.0,0.893852
1888,30-Nov-99,24:00:00,249.703275,0.000685,2.038809,0.000123,0.0,0.0,0.925951,0.000684,30.115224,0.000146,0.0,0.0,0.919707,0.000682,12.183727,0.00019,0.0,0.0,0.955216
1889,01-Dec-99,24:00:00,198.753621,0.00096,0.328827,0.000116,0.001932,0.0,0.930545,0.000959,8.32075,0.000137,0.004181,0.0,0.929763,0.000958,6.842261,0.000179,0.006203,0.0,0.970181
1890,02-Dec-99,24:00:00,191.405323,0.000855,0.064061,0.000109,0.0,0.0,0.932576,0.000853,1.599591,0.000129,0.0,0.0,0.934043,0.000851,0.050548,0.000169,0.0,0.0,0.976482
1891,03-Dec-99,24:00:00,185.91354,0.000758,0.003503,0.000103,0.0,0.0,0.932576,0.000757,0.045176,0.000122,0.0,0.0,0.934043,0.000755,0.000159,0.000159,0.0,0.0,0.976482
1892,04-Dec-99,24:00:00,187.294466,0.000539,9.7e-05,9.7e-05,0.0,0.0,0.932576,0.000538,0.000115,0.000115,0.0,0.0,0.934043,0.000537,0.000149,0.000149,0.0,0.0,0.976482
1893,05-Dec-99,24:00:00,187.937739,0.000467,9.1e-05,9.1e-05,0.0,0.0,0.932576,0.000466,0.000108,0.000108,0.0,0.0,0.934043,0.000465,0.000141,0.000141,0.0,0.0,0.976482
1894,06-Dec-99,24:00:00,187.997008,0.000826,8.6e-05,8.6e-05,0.0,0.0,0.932283,0.000825,0.000102,0.000102,0.0,0.0,0.93376,0.000823,0.000132,0.000132,0.0,0.0,0.976212
1895,07-Dec-99,24:00:00,189.295962,0.000511,8.1e-05,8.1e-05,0.0,0.0,0.931046,0.00051,9.6e-05,9.6e-05,0.0,0.0,0.932537,0.000509,0.000125,0.000125,0.0,0.0,0.975012
1896,08-Dec-99,24:00:00,400.052153,0.000455,1.15192,7.6e-05,0.010053,0.0,0.957832,0.000454,24.533915,9e-05,0.013718,0.0,0.969807,0.000452,287.952983,268.995047,0.017091,0.009426,0.997215
1897,09-Dec-99,24:00:00,320.275667,0.000727,0.242298,7.2e-05,0.0,0.0,0.964217,0.000726,3.744021,8.5e-05,0.0,0.0,0.978275,0.000724,30.931076,30.897438,0.0,0.0,1.0
1898,10-Dec-99,24:00:00,209.511835,0.000842,0.011154,6.7e-05,0.0,0.0,0.964217,0.000841,0.069431,8e-05,0.0,0.0,0.978275,0.000839,14.299787,14.299787,0.0,0.0,1.0
1899,11-Dec-99,24:00:00,207.956231,0.000461,6.3e-05,6.3e-05,0.0,0.0,0.964217,0.00046,7.5e-05,7.5e-05,0.0,0.0,0.978275,0.000458,13.446046,13.446046,0.0,0.0,1.0
1900,12-Dec-99,24:00:00,207.930488,0.000897,6e-05,6e-05,0.0,0.0,0.964217,0.000896,7.1e-05,7.1e-05,0.0,0.0,0.978275,0.000893,12.662993,12.662993,0.0,0.0,1.0
1901,13-Dec-99,24:00:00,207.189801,0.000707,5.6e-05,5.6e-05,0.0,0.0,0.964217,0.000706,6.7e-05,6.7e-05,0.0,0.0,0.978275,0.000704,11.925558,11.925558,0.0,0.0,1.0
1902,14-Dec-99,24:00:00,220.320639,0.000697,5.3e-05,5.3e-05,0.0,0.0,0.963458,0.000696,6.3e-05,6.3e-05,0.0,0.0,0.97753,0.000694,11.231067,11.231067,0.0,0.0,0.999275
1903,15-Dec-99,24:00:00,247.314123,0.000831,5e-05,5e-05,0.0,0.0,0.961116,0.00083,5.9e-05,5.9e-05,0.0,0.0,0.975205,0.000828,10.57702,10.57702,0.0,0.0,0.996975
1904,16-Dec-99,24:00:00,254.763413,0.000693,4.7e-05,4.7e-05,0.0,0.0,0.958518,0.000692,5.6e-05,5.6e-05,0.0,0.0,0.972612,0.00069,9.961062,9.961062,0.0,0.0,0.994389
1905,17-Dec-99,24:00:00,251.633763,0.000822,4.4e-05,4.4e-05,0.0,0.0,0.955895,0.000821,5.3e-05,5.3e-05,0.0,0.0,0.969993,0.000819,9.380975,9.380975,0.0,0.0,0.991777
1906,18-Dec-99,24:00:00,251.030808,0.000899,4.2e-05,4.2e-05,0.0,0.0,0.95296,0.000898,5e-05,5e-05,0.0,0.0,0.967063,0.000895,8.834669,8.834669,0.0,0.0,0.988852
1907,19-Dec-99,24:00:00,250.5046,0.000958,3.9e-05,3.9e-05,0.0,0.0,0.949792,0.000956,4.7e-05,4.7e-05,0.0,0.0,0.9639,0.000953,8.320178,8.320178,0.0,0.0,0.985699
1908,20-Dec-99,24:00:00,250.009329,0.000793,3.7e-05,3.7e-05,0.0,0.0,0.946786,0.000792,4.4e-05,4.4e-05,0.0,0.0,0.960899,0.00079,7.835648,7.835648,0.0,0.0,0.982706
1909,21-Dec-99,24:00:00,244.127002,0.001037,3.5e-05,3.5e-05,0.0,0.0,0.943694,0.001035,4.1e-05,4.1e-05,0.0,0.0,0.957812,0.001033,7.379335,7.379335,0.0,0.0,0.979626
1910,22-Dec-99,24:00:00,233.543724,0.000649,3.3e-05,3.3e-05,0.0,0.0,0.940718,0.000647,3.9e-05,3.9e-05,0.0,0.0,0.954841,0.000645,6.949596,6.949596,0.0,0.0,0.976664
1911,23-Dec-99,24:00:00,228.763115,0.000834,3.1e-05,3.1e-05,0.0,0.0,0.938196,0.000832,3.7e-05,3.7e-05,0.0,0.0,0.952324,0.000829,6.544883,6.544883,0.0,0.0,0.974155
1912,24-Dec-99,24:00:00,228.300871,0.000853,2.9e-05,2.9e-05,0.0,0.0,0.935304,0.000852,3.5e-05,3.5e-05,0.0,0.0,0.949439,0.000849,6.163738,6.163738,0.0,0.0,0.971278
1913,25-Dec-99,24:00:00,227.933458,0.000784,2.7e-05,2.7e-05,0.0,0.0,0.932484,0.000783,3.2e-05,3.2e-05,0.0,0.0,0.946623,0.000781,5.80479,5.80479,0.0,0.0,0.968469
1914,26-Dec-99,24:00:00,227.587918,0.001045,2.6e-05,2.6e-05,0.0,0.0,0.929507,0.001043,3.1e-05,3.1e-05,0.0,0.0,0.943652,0.001041,5.466745,5.466745,0.0,0.0,0.965506
1915,27-Dec-99,24:00:00,227.262503,0.000771,2.4e-05,2.4e-05,0.0,0.0,0.926213,0.000769,2.9e-05,2.9e-05,0.0,0.0,0.940363,0.000767,5.148386,5.148386,0.0,0.0,0.962227
1916,28-Dec-99,24:00:00,226.956038,0.000803,2.3e-05,2.3e-05,0.0,0.0,0.923543,0.000801,2.7e-05,2.7e-05,0.0,0.0,0.937699,0.000799,4.848568,4.848568,0.0,0.0,0.959571
1917,29-Dec-99,24:00:00,222.455055,0.000852,2.2e-05,2.2e-05,0.0,0.0,0.920731,0.000851,2.6e-05,2.6e-05,0.0,0.0,0.934892,0.000848,4.566209,4.566209,0.0,0.0,0.956772
1918,30-Dec-99,24:00:00,216.433071,0.000558,2e-05,2e-05,0.0,0.0,0.918276,0.000557,2.4e-05,2.4e-05,0.0,0.0,0.932442,0.000556,4.300294,4.300294,0.0,0.0,0.95433
1919,31-Dec-99,24:00:00,214.17302,0.000679,1.9e-05,1.9e-05,0.0,0.0,0.916215,0.000677,2.3e-05,2.3e-05,0.0,0.0,0.930385,0.000676,4.049864,4.049864,0.0,0.0,0.952501
1920,01-Jan-00,24:00:00,213.89879,0.000593,1.8e-05,1.8e-05,0.0,0.0,0.914002,0.000592,2.1e-05,2.1e-05,0.0,0.0,0.928176,0.00059,3.814018,3.814018,0.0,0.0,0.951666
1921,02-Jan-00,24:00:00,213.240711,0.000766,1.7e-05,1.7e-05,0.0,0.0,0.911652,0.000765,2e-05,2e-05,0.0,0.0,0.92583,0.000763,5.699399,3.591907,0.002048,0.0,0.954884
1922,03-Jan-00,24:00:00,212.136278,0.000215,1.6e-05,1.6e-05,0.0,0.0,0.90995,0.000214,1.9e-05,1.9e-05,0.0,0.0,0.924456,0.000214,4.206561,3.38273,0.0006,0.0,0.959973
1923,04-Jan-00,24:00:00,209.566468,0.000713,1.5e-05,1.5e-05,0.0,0.0,0.908336,0.000712,1.8e-05,1.8e-05,0.0,0.0,0.924456,0.00071,3.196696,3.185735,0.0,0.0,0.960745
1924,05-Jan-00,24:00:00,209.070669,0.000495,1.4e-05,1.4e-05,0.0,0.0,0.906295,0.000493,1.7e-05,1.7e-05,0.0,0.0,0.923966,0.000492,3.000212,3.000212,0.0,0.0,0.960745
1925,06-Jan-00,24:00:00,208.888148,0.00065,1.3e-05,1.3e-05,0.0,0.0,0.904388,0.000649,1.6e-05,1.6e-05,0.0,0.0,0.922314,0.000647,2.825493,2.825493,0.0,0.0,0.960745
1926,07-Jan-00,24:00:00,208.719931,0.000844,1.3e-05,1.3e-05,0.0,0.0,0.901839,0.000842,1.5e-05,1.5e-05,0.0,0.0,0.919769,0.000841,2.660949,2.660949,0.0,0.0,0.960745
1927,08-Jan-00,24:00:00,208.561534,0.000664,1.2e-05,1.2e-05,0.0,0.0,0.899224,0.000663,1.4e-05,1.4e-05,0.0,0.0,0.917158,0.000662,2.505988,2.505988,0.0,0.0,0.960745
1928,09-Jan-00,24:00:00,298.539284,0.000489,0.004421,1.1e-05,0.002635,0.0,0.898553,0.000488,9.545578,1.3e-05,0.013358,0.0,0.929626,0.000488,313.164124,285.596309,0.030146,0.018696,0.982737
1929,10-Jan-00,24:00:00,1296.183907,0.000606,32.553417,28.721424,0.033983,0.006846,0.975215,0.000605,240.960124,163.186039,0.036938,0.025779,0.994574,0.000605,882.676704,854.160084,0.020575,0.020575,1.0
1930,11-Jan-00,24:00:00,1077.406843,0.000309,99.448206,98.156379,0.000859,0.000859,1.0,0.000308,422.358265,405.28133,0.000646,0.000646,1.0,0.000308,130.315163,130.037503,0.0,0.0,1.0
1931,12-Jan-00,24:00:00,542.915956,0.000394,105.431366,104.280765,0.018899,0.018899,1.0,0.000393,153.238809,147.33529,0.010191,0.010191,1.0,0.000392,96.601387,94.28451,0.009226,0.009226,1.0
1932,13-Jan-00,24:00:00,1432.067018,0.000364,365.841929,362.986236,0.015275,0.015275,1.0,0.000364,366.166137,330.693609,0.014521,0.014521,1.0,0.000362,663.739454,642.740798,0.011907,0.011907,1.0
1933,14-Jan-00,24:00:00,1652.789583,0.000884,378.820832,377.189672,0.015131,0.015131,1.0,0.000883,446.869885,419.169414,0.016466,0.016466,1.0,0.000881,832.42606,803.640825,0.030921,0.030921,1.0
1934,15-Jan-00,24:00:00,2377.964583,0.000854,686.284431,520.860877,0.024089,0.024089,1.0,0.000853,731.147831,612.347251,0.022028,0.022028,1.0,0.000851,726.090652,707.667103,0.011413,0.011413,1.0
1935,16-Jan-00,24:00:00,1659.187083,0.000622,485.286591,462.94571,0.00488,0.00488,1.0,0.000621,516.478138,490.989217,0.009189,0.009189,1.0,0.000619,653.04018,632.052269,0.019523,0.019523,1.0
1936,17-Jan-00,24:00:00,1802.289583,0.000687,400.515693,397.267054,0.020895,0.020895,1.0,0.000686,557.670692,515.711244,0.022199,0.022199,1.0,0.000685,715.410629,696.451118,0.019315,0.019315,1.0
1937,18-Jan-00,24:00:00,1721.722083,0.00034,495.057059,491.879822,0.030523,0.030523,1.0,0.000339,629.824967,585.357409,0.026152,0.026152,1.0,0.000338,525.092568,514.060383,0.007468,0.007468,1.0
1938,19-Jan-00,24:00:00,1622.897917,0.000468,558.480599,556.991089,0.0,0.0,1.0,0.000468,592.63203,575.613475,0.0,0.0,1.0,0.000467,309.984319,306.914127,0.002335,0.002335,1.0
1939,20-Jan-00,24:00:00,785.127822,0.000575,263.887523,263.520175,0.004624,0.004624,1.0,0.000575,259.571013,255.085006,0.003728,0.003728,1.0,0.000574,183.463696,183.463696,0.0,0.0,1.0
1940,21-Jan-00,24:00:00,641.648187,0.000631,207.307411,206.959995,0.002512,0.002512,1.0,0.00063,220.228309,216.505327,0.001517,0.001517,1.0,0.000629,171.417608,171.417608,0.0,0.0,1.0
1941,22-Jan-00,24:00:00,850.358303,0.00028,316.229047,313.643876,0.025548,0.025548,1.0,0.00028,345.794338,316.012212,0.018715,0.018715,1.0,0.00028,272.236656,267.181459,0.0049,0.0049,1.0
1942,23-Jan-00,24:00:00,1499.73875,0.000392,564.38616,561.638022,0.016526,0.016526,1.0,0.000392,546.599648,516.979194,0.012776,0.012776,1.0,0.000391,336.041339,330.622438,0.004534,0.004534,1.0
1943,24-Jan-00,24:00:00,1141.077848,0.000832,457.30005,456.309522,0.001068,0.001068,1.0,0.000831,416.357858,406.088984,0.000923,0.000923,1.0,0.00083,164.517462,164.508099,0.0,0.0,1.0
1944,25-Jan-00,24:00:00,654.701311,0.000893,237.194991,237.119046,0.0,0.0,1.0,0.000892,215.840774,215.265024,0.0,0.0,1.0,0.00089,148.819871,148.819871,0.0,0.0,1.0
1945,26-Jan-00,24:00:00,494.837522,0.000762,154.166111,154.164781,0.0,0.0,1.0,0.000761,154.414525,154.412114,0.0,0.0,1.0,0.000759,140.144881,140.144881,0.0,0.0,1.0
1946,27-Jan-00,24:00:00,491.995476,0.000651,132.928795,132.928795,0.0,0.0,1.0,0.00065,139.03838,139.03838,0.0,0.0,1.0,0.000649,131.983468,131.983468,0.0,0.0,1.0
1947,28-Jan-00,24:00:00,575.331473,0.001139,123.571228,123.571228,0.0,0.0,1.0,0.001138,130.500412,130.464987,2.6e-05,2.6e-05,1.0,0.001137,412.693314,397.969115,0.019871,0.019871,1.0
1948,29-Jan-00,24:00:00,2087.404167,0.000787,362.085836,310.61909,0.037558,0.037558,1.0,0.000776,481.269776,418.863455,0.040803,0.040803,1.0,0.000775,1361.035,1316.415,0.039451,0.039451,1.0
1949,30-Jan-00,24:00:00,2552.58625,0.000238,735.934373,717.782195,0.018106,0.018106,1.0,0.000237,875.410326,833.097765,0.013162,0.013162,1.0,0.000237,568.83522,560.933387,0.001206,0.001206,1.0
1950,31-Jan-00,24:00:00,1333.935513,0.000566,518.263162,516.724576,0.0,0.0,1.0,0.000566,484.022695,477.396673,0.0,0.0,1.0,0.000565,199.999224,199.984929,0.0,0.0,1.0
1951,01-Feb-00,24:00:00,688.876548,0.001308,238.078164,238.041328,0.0,0.0,1.0,0.001307,217.519397,217.3329,0.0,0.0,1.0,0.001305,183.995399,183.995399,0.0,0.0,1.0
1952,02-Feb-00,24:00:00,551.718232,0.000957,171.804711,171.463302,0.006245,0.006245,1.0,0.000956,179.699287,175.187411,0.00562,0.00562,1.0,0.000955,222.185201,219.381041,0.004195,0.004195,1.0
1953,03-Feb-00,24:00:00,812.809456,0.000858,260.94484,260.080854,0.003045,0.003045,1.0,0.000858,252.165692,245.374459,0.0,0.0,1.0,0.000857,248.797645,246.940622,0.0,0.0,1.0
1954,04-Feb-00,24:00:00,1793.011125,0.000546,617.798134,433.7646,0.046962,0.046962,1.0,0.000545,550.96713,480.784983,0.045169,0.045169,1.0,0.000544,1047.868336,1009.344139,0.035558,0.035558,1.0
1955,05-Feb-00,24:00:00,2510.447917,0.001036,848.981418,763.388815,0.0,0.0,1.0,0.001035,847.42124,824.72564,0.0,0.0,1.0,0.001033,423.425761,422.437756,0.0,0.0,1.0
1956,06-Feb-00,24:00:00,1001.222669,0.001175,368.168482,363.15363,0.0,0.0,1.0,0.001174,337.241438,336.47208,0.0,0.0,1.0,0.001173,197.080709,197.080709,0.0,0.0,1.0
1957,07-Feb-00,24:00:00,643.864626,0.001047,197.746346,197.746346,0.0,0.0,1.0,0.001046,193.410696,193.410696,0.0,0.0,1.0,0.001044,185.136537,185.136537,0.0,0.0,1.0
1958,08-Feb-00,24:00:00,566.748145,0.000672,160.986772,160.986772,0.0,0.0,1.0,0.000671,166.772108,166.772108,0.0,0.0,1.0,0.000671,174.354628,174.354628,0.0,0.0,1.0
1959,09-Feb-00,24:00:00,1130.405593,0.001189,214.540586,213.596125,0.008641,0.008641,1.0,0.001189,237.432765,225.18862,0.007247,0.007247,1.0,0.001187,390.37119,381.594557,0.008348,0.008348,1.0
1960,10-Feb-00,24:00:00,1912.040417,0.000415,365.911479,311.327954,0.038732,0.038732,1.0,0.000415,414.149408,339.787112,0.038891,0.038891,1.0,0.000414,711.041747,675.87059,0.038378,0.038378,1.0
1961,11-Feb-00,24:00:00,4119.63125,0.000603,945.144245,808.65459,0.016986,0.016986,1.0,0.000602,1065.105087,935.348078,0.015665,0.015665,1.0,0.000601,1161.218342,1137.114346,0.013796,0.013796,1.0
1962,12-Feb-00,24:00:00,4643.083333,0.00048,1141.858665,939.826495,0.069768,0.069768,1.0,0.00048,1330.291485,1054.700379,0.069466,0.069466,1.0,0.000479,2023.29023,1733.907496,0.069364,0.069364,1.0
1963,13-Feb-00,24:00:00,7422.719167,0.000909,2142.200833,1493.02375,0.048964,0.048964,1.0,0.000909,2382.498333,1726.002083,0.046524,0.046524,1.0,0.000909,2722.7525,2253.675417,0.046665,0.046665,1.0
1964,14-Feb-00,24:00:00,4272.89375,0.001276,1277.182571,1181.937307,0.0,0.0,1.0,0.001275,1274.640848,1197.086353,0.0,0.0,1.0,0.001274,582.990627,581.555227,0.0,0.0,1.0
1965,15-Feb-00,24:00:00,3528.78375,0.000546,511.959705,508.521764,0.0,0.0,1.0,0.000545,474.141549,473.049816,0.0,0.0,1.0,0.000544,365.284805,365.284805,0.0,0.0,1.0
1966,16-Feb-00,24:00:00,4196.61375,0.000963,307.054234,307.054234,0.0,0.0,1.0,0.000962,312.943321,312.943321,0.0,0.0,1.0,0.000961,343.613897,343.613897,0.0,0.0,1.0
1967,17-Feb-00,24:00:00,2878.38625,0.001121,261.827704,261.827704,0.0,0.0,1.0,0.00112,279.642323,279.642323,0.0,0.0,1.0,0.001118,323.603041,323.603041,0.0,0.0,1.0
1968,18-Feb-00,24:00:00,1407.67125,0.001436,243.169899,243.169899,0.0,0.0,1.0,0.001434,262.012396,262.012396,0.0,0.0,1.0,0.001432,304.757858,304.757858,0.0,0.0,0.998433
1969,19-Feb-00,24:00:00,1091.875833,0.000911,252.481722,251.652087,0.025048,0.024701,0.999876,0.00091,282.804657,270.328362,0.02314,0.022759,0.999803,0.000909,370.228031,359.114303,0.019294,0.017397,0.996432
1970,20-Feb-00,24:00:00,2903.076667,0.001525,593.567617,590.658153,0.003398,0.003398,1.0,0.001524,687.655937,649.585944,0.002305,0.002305,1.0,0.001523,794.396319,782.207434,0.001677,0.001677,1.0
1971,21-Feb-00,24:00:00,3181.507917,0.000361,745.653723,503.288892,0.041431,0.041431,1.0,0.000361,839.508691,518.986644,0.040397,0.040397,1.0,0.00036,1310.608589,793.689604,0.039673,0.039673,1.0
1972,22-Feb-00,24:00:00,6023.05625,0.000935,1431.198246,876.413976,0.005199,0.005199,1.0,0.000935,1546.71256,995.790454,0.004704,0.004704,1.0,0.000934,1378.338947,1115.098748,0.004064,0.004064,1.0
1973,23-Feb-00,24:00:00,2967.640833,0.000732,585.700977,547.985908,0.0,0.0,1.0,0.000731,565.577335,540.190355,0.0,0.0,1.0,0.00073,325.838589,325.838589,0.0,0.0,1.0
1974,24-Feb-00,24:00:00,2041.964583,0.001033,300.969105,300.96532,0.0,0.0,1.0,0.001032,299.974334,299.957895,0.0,0.0,1.0,0.00103,301.94484,301.94484,0.0,0.0,1.0
1975,25-Feb-00,24:00:00,2513.394167,0.000454,446.37489,432.210861,0.051732,0.051732,1.0,0.000453,613.562764,541.947904,0.051985,0.051985,1.0,0.000453,1436.174434,1343.800985,0.055674,0.055674,1.0
1976,26-Feb-00,24:00:00,5661.64375,0.000936,1500.450417,1157.922372,0.035841,0.035841,1.0,0.000935,1718.73375,1343.209583,0.035517,0.035517,1.0,0.000934,2102.588333,1835.214583,0.03449,0.03449,1.0
1977,27-Feb-00,24:00:00,3813.375833,0.001325,975.818224,944.909773,0.0,0.0,1.0,0.001324,1025.109395,991.049807,0.0,0.0,1.0,0.001323,554.557163,552.914903,0.000328,0.000328,1.0
1978,28-Feb-00,24:00:00,3846.139167,0.001352,659.681541,656.484179,0.023716,0.023716,1.0,0.001351,766.203683,722.258537,0.023711,0.023711,1.0,0.00135,1128.160175,1100.372953,0.024691,0.024691,1.0
1979,29-Feb-00,24:00:00,3359.226667,0.001326,558.087522,557.590492,0.0,0.0,1.0,0.001325,595.555676,590.027111,0.0,0.0,1.0,0.001324,418.845303,418.836433,0.0,0.0,1.0
1980,01-Mar-00,24:00:00,2388.3275,0.001189,367.836703,367.415579,0.003672,0.003672,1.0,0.001188,398.121948,391.163336,0.004028,0.004028,1.0,0.001187,545.525788,538.769598,0.006109,0.006109,1.0
1981,02-Mar-00,24:00:00,1541.091667,0.001804,317.498765,317.391537,0.0,0.0,1.0,0.001804,348.88828,347.484845,0.0,0.0,1.0,0.001802,366.948502,366.915694,0.0,0.0,1.0
1982,03-Mar-00,24:00:00,1227.590417,0.000829,275.122684,274.809731,0.011857,0.011857,1.0,0.000829,307.870446,301.852235,0.011505,0.011505,1.0,0.000829,462.121385,454.389249,0.012428,0.012428,1.0
1983,04-Mar-00,24:00:00,1839.690417,0.000777,405.953696,404.695642,0.0,0.0,1.0,0.000777,477.219803,460.243286,0.0,0.0,1.0,0.000777,585.04237,578.963437,0.0,0.0,1.0
1984,05-Mar-00,24:00:00,1387.59875,0.001398,311.495298,311.403633,0.0,0.0,1.0,0.001397,327.326488,326.510325,0.0,0.0,1.0,0.001396,316.952751,316.952751,0.0,0.0,1.0
1985,06-Mar-00,24:00:00,1321.516667,0.000647,247.279314,246.936969,0.012622,0.012622,1.0,0.000647,269.343467,264.832285,0.010783,0.010783,1.0,0.000646,336.529897,333.62061,0.010124,0.010124,1.0
1986,07-Mar-00,24:00:00,2313.810417,0.000575,430.711843,428.309843,0.01779,0.01779,1.0,0.000575,496.427847,464.933612,0.014296,0.014296,1.0,0.000575,719.533961,703.421166,0.008295,0.008295,1.0
1987,08-Mar-00,24:00:00,3033.25125,0.001512,641.481175,638.964448,0.009104,0.009104,1.0,0.001511,686.855801,655.410056,0.008736,0.008736,1.0,0.00151,642.864883,632.399699,0.008117,0.008117,1.0
1988,09-Mar-00,24:00:00,2228.04375,0.000894,421.083183,420.824015,0.00119,0.00119,1.0,0.000894,407.105368,404.657926,0.000839,0.000839,1.0,0.000893,295.524678,295.524678,0.0,0.0,1.0
1989,10-Mar-00,24:00:00,1701.345833,0.001787,269.540312,269.384618,0.0,0.0,1.0,0.001786,270.538078,268.925802,0.0,0.0,1.0,0.001784,272.444881,272.444881,0.0,0.0,1.0
1990,11-Mar-00,24:00:00,1253.05625,0.002353,220.003414,219.989806,0.0,0.0,1.0,0.002352,228.716199,228.617141,0.0,0.0,1.0,0.002351,256.571833,256.571833,0.0,0.0,0.999516
1991,12-Mar-00,24:00:00,952.853776,0.002408,196.322432,196.322241,0.0,0.0,0.996332,0.002407,208.342964,208.342964,0.0,0.0,0.996337,0.002405,241.63024,241.63024,0.0,0.0,0.994533
1992,13-Mar-00,24:00:00,845.892678,0.002399,182.94618,182.94618,0.0,0.0,0.98833,0.002398,195.27134,195.27134,0.0,0.0,0.98834,0.002396,227.558784,227.558784,0.0,0.0,0.986514
1993,14-Mar-00,24:00:00,805.933562,0.002931,172.033447,172.033447,0.0,0.0,0.979275,0.00293,183.808314,183.808314,0.0,0.0,0.979289,0.002929,214.306785,214.306785,0.0,0.0,0.977467
1994,15-Mar-00,24:00:00,772.319052,0.002484,161.985579,161.985579,0.0,0.0,0.969788,0.002483,173.096639,173.096639,0.0,0.0,0.969806,0.002482,201.826523,201.826523,0.0,0.0,0.967987
1995,16-Mar-00,24:00:00,742.65443,0.002709,152.549235,152.549235,0.0,0.0,0.960884,0.002709,163.015712,163.015712,0.0,0.0,0.960905,0.002708,190.073055,190.073055,0.0,0.0,0.959091
1996,17-Mar-00,24:00:00,714.619859,0.002855,143.665162,143.665162,0.0,0.0,0.951326,0.002854,153.522373,153.522373,0.0,0.0,0.951349,0.002853,179.004057,179.004057,0.0,0.0,0.949538
1997,18-Mar-00,24:00:00,686.975449,0.002459,135.298723,135.298723,0.0,0.0,0.942273,0.002458,144.581919,144.581919,0.0,0.0,0.942299,0.002456,168.579667,168.579667,0.0,0.0,0.940493
1998,19-Mar-00,24:00:00,602.296364,0.002583,127.419532,127.419532,0.0,0.0,0.933465,0.002582,136.162119,136.162119,0.0,0.0,0.933494,0.002582,158.762346,158.762346,0.0,0.0,0.931692
1999,20-Mar-00,24:00:00,504.773662,0.002885,119.999192,119.999192,0.0,0.0,0.924173,0.002885,128.23265,128.23265,0.0,0.0,0.924201,0.002885,149.516742,149.516742,0.0,0.0,0.9224
2000,21-Mar-00,24:00:00,456.449927,0.002747,113.01098,113.01098,0.0,0.0,0.914632,0.002746,120.764958,120.764958,0.0,0.0,0.914662,0.002744,140.809561,140.809561,0.0,0.0,0.912863
2001,22-Mar-00,24:00:00,446.000485,0.0023,106.429729,106.429729,0.0,0.0,0.90571,0.002299,113.732151,113.732151,0.0,0.0,0.905743,0.002297,132.609446,132.609446,0.0,0.0,0.90395
2002,23-Mar-00,24:00:00,442.670407,0.002352,100.231741,100.231741,0.0,0.0,0.897849,0.002351,107.108903,107.108903,0.0,0.0,0.897885,0.002349,124.886869,124.886869,0.0,0.0,0.896097
2003,24-Mar-00,24:00:00,429.490372,0.002385,94.394696,94.394696,0.0,0.0,0.889755,0.002384,100.871363,100.871363,0.0,0.0,0.889793,0.002384,117.61402,117.61402,0.0,0.0,0.88801
2004,25-Mar-00,24:00:00,411.159175,0.002673,88.897574,88.897574,0.0,0.0,0.881128,0.002673,94.997069,94.997069,0.0,0.0,0.881167,0.002672,110.76471,110.76471,0.0,0.0,0.879385
2005,26-Mar-00,24:00:00,393.796424,0.002062,83.72058,83.72058,0.0,0.0,0.872999,0.002061,89.464867,89.464867,0.0,0.0,0.87304,0.00206,104.314272,104.314272,0.0,0.0,0.871262
2006,27-Mar-00,24:00:00,377.444109,0.002218,78.84507,78.84507,0.0,0.0,0.865494,0.002218,84.254837,84.254837,0.0,0.0,0.865538,0.002216,98.239479,98.239479,0.0,0.0,0.863765
2007,28-Mar-00,24:00:00,372.274107,0.002708,74.253489,74.253489,0.0,0.0,0.857234,0.002707,79.348214,79.348214,0.0,0.0,0.85728,0.002705,92.518454,92.518454,0.0,0.0,0.855511
2008,29-Mar-00,24:00:00,374.658476,0.003114,69.9293,69.9293,0.0,0.0,0.847227,0.003114,74.727332,74.727332,0.0,0.0,0.847276,0.003112,87.130596,87.130596,0.0,0.0,0.845513
2009,30-Mar-00,24:00:00,376.193787,0.003084,65.856932,65.856932,0.0,0.0,0.836636,0.003084,70.375549,70.375549,0.0,0.0,0.836687,0.003082,82.056502,82.056502,0.0,0.0,0.834928
2010,31-Mar-00,24:00:00,378.553968,0.003204,62.021721,62.021721,0.0,0.0,0.825737,0.003202,66.277194,66.277194,0.0,0.0,0.825792,0.0032,77.277901,77.277901,0.0,0.0,0.824039
2011,01-Apr-00,24:00:00,372.79852,0.003562,58.409856,58.409856,0.0,0.0,0.814083,0.003561,62.417508,62.417508,0.0,0.0,0.814142,0.003559,72.777584,72.777584,0.0,0.0,0.812396
2012,02-Apr-00,24:00:00,361.495617,0.003998,55.008329,55.008329,0.0,0.0,0.801621,0.003997,58.782594,58.782594,0.0,0.0,0.801683,0.003996,68.539346,68.539346,0.0,0.0,0.799943
2013,03-Apr-00,24:00:00,351.955652,0.00267,51.804891,51.804891,0.0,0.0,0.789864,0.00267,55.35936,55.35936,0.0,0.0,0.789928,0.002669,64.547923,64.547923,0.0,0.0,0.788191
2014,04-Apr-00,24:00:00,343.222122,0.003005,48.788008,48.788008,0.0,0.0,0.780127,0.003005,52.135481,52.135481,0.0,0.0,0.780193,0.003004,60.788942,60.788942,0.0,0.0,0.778459
2015,05-Apr-00,24:00:00,334.097593,0.003146,45.946814,45.946814,0.0,0.0,0.76959,0.003145,49.099345,49.099345,0.0,0.0,0.769658,0.003144,57.248868,57.248868,0.0,0.0,0.767928
2016,06-Apr-00,24:00:00,325.129912,0.003517,43.271078,43.271078,0.0,0.0,0.75823,0.003516,46.24002,46.24002,0.0,0.0,0.758299,0.003515,53.914952,53.914952,0.0,0.0,0.756573
2017,07-Apr-00,24:00:00,316.678244,0.002303,40.751166,40.751166,0.0,0.0,0.748102,0.002303,43.54721,43.54721,0.0,0.0,0.748173,0.002302,50.775188,50.775188,0.0,0.0,0.74645
2018,08-Apr-00,24:00:00,308.718718,0.00269,38.378002,38.378002,0.0,0.0,0.739602,0.002689,41.011216,41.011216,0.0,0.0,0.739676,0.002688,47.81827,47.81827,0.0,0.0,0.737958
2019,09-Apr-00,24:00:00,301.22272,0.003325,36.14304,36.14304,0.0,0.0,0.729337,0.003325,38.622908,38.622908,0.0,0.0,0.729413,0.003324,45.033549,45.033549,0.0,0.0,0.727699
2020,10-Apr-00,24:00:00,294.163255,0.002533,34.038232,34.038232,0.0,0.0,0.719305,0.002533,36.373684,36.373684,0.0,0.0,0.719383,0.002532,42.410998,42.410998,0.0,0.0,0.717672
2021,11-Apr-00,24:00:00,287.514901,0.001812,32.055998,32.055998,0.0,0.0,0.711785,0.001812,34.255444,34.255444,0.0,0.0,0.711555,0.001811,39.941173,39.941173,0.0,0.0,0.709847
2022,12-Apr-00,24:00:00,281.711166,0.002083,30.64665,30.189202,0.003766,0.0,0.72124,0.002083,32.260561,32.260561,0.0,0.0,0.708315,0.002082,37.615179,37.615179,0.0,0.0,0.703314
2023,13-Apr-00,24:00:00,275.423705,0.002169,28.497666,28.431118,0.0,0.0,0.722131,0.002169,30.381852,30.381852,0.0,0.0,0.706554,0.002168,35.42464,35.42464,0.0,0.0,0.69605
2024,14-Apr-00,24:00:00,269.806338,0.001971,26.77777,26.775418,0.0,0.0,0.718646,0.00197,28.612549,28.612549,0.0,0.0,0.701236,0.001969,33.361669,33.361669,0.0,0.0,0.689085
2025,15-Apr-00,24:00:00,307.226854,0.000678,28.965066,25.216138,0.081631,0.0,0.806871,0.000678,78.649873,26.946283,0.070336,0.0,0.774219,0.000678,65.712506,31.418835,0.057514,0.0,0.742573
2026,16-Apr-00,24:00:00,545.837442,0.002328,123.947261,115.56223,0.010323,0.00883,1.0,0.002328,133.750898,25.377053,0.010283,0.0,0.973242,0.002327,72.036973,29.589144,0.011547,0.0,0.920299
2027,17-Apr-00,24:00:00,365.395954,0.002283,114.643817,113.933886,0.0,0.0,0.999594,0.002283,30.399844,23.899208,0.0,0.0,0.97525,0.002282,27.866005,27.866005,0.0,0.0,0.922663
2028,18-Apr-00,24:00:00,278.82695,0.002373,48.91457,48.905791,0.0,0.0,0.994808,0.002372,22.52047,22.507426,0.0,0.0,0.970466,0.002371,26.243215,26.243215,0.0,0.0,0.917885
2029,19-Apr-00,24:00:00,395.405385,0.003122,31.508486,31.508486,0.0,0.0,0.985453,0.003121,21.196695,21.196695,0.0,0.0,0.961113,0.003119,24.714928,24.714928,0.0,0.0,0.908536
2030,20-Apr-00,24:00:00,420.187402,0.003649,27.491287,27.491287,0.0,0.0,0.973947,0.003648,19.962295,19.962295,0.0,0.0,0.94961,0.003648,23.275642,23.275642,0.0,0.0,0.897037
2031,21-Apr-00,24:00:00,302.035982,0.002485,25.626814,25.626814,0.0,0.0,0.963568,0.002484,18.799781,18.799781,0.0,0.0,0.939232,0.002483,21.920173,21.920173,0.0,0.0,0.886662
2032,22-Apr-00,24:00:00,246.964751,0.003038,24.106241,24.106241,0.0,0.0,0.953831,0.003038,17.704966,17.704966,0.0,0.0,0.929495,0.003037,20.643641,20.643641,0.0,0.0,0.876929
2033,23-Apr-00,24:00:00,241.833607,0.003676,22.699614,22.699614,0.0,0.0,0.942653,0.003675,16.673909,16.673909,0.0,0.0,0.918319,0.003674,19.441449,19.441449,0.0,0.0,0.865756
2034,24-Apr-00,24:00:00,236.913133,0.002785,21.377429,21.377429,0.0,0.0,0.931305,0.002785,15.702895,15.702895,0.0,0.0,0.906972,0.002784,18.309266,18.309266,0.0,0.0,0.854412
2035,25-Apr-00,24:00:00,232.865765,0.004033,20.13248,20.13248,0.0,0.0,0.919864,0.004033,14.788429,14.788429,0.0,0.0,0.895532,0.004032,17.243017,17.243017,0.0,0.0,0.842976
2036,26-Apr-00,24:00:00,229.752654,0.001751,18.960053,18.960053,0.0,0.0,0.909716,0.00175,13.927218,13.927218,0.0,0.0,0.885385,0.00175,16.238861,16.238861,0.0,0.0,0.832831
2037,27-Apr-00,24:00:00,228.390041,0.002788,17.855905,17.855905,0.0,0.0,0.901863,0.002787,13.116159,13.116159,0.0,0.0,0.877534,0.002786,15.293183,15.293183,0.0,0.0,0.824982
2038,28-Apr-00,24:00:00,229.790538,0.003543,16.816057,16.816057,0.0,0.0,0.891184,0.003543,12.352333,12.352333,0.0,0.0,0.866856,0.003542,14.402577,14.402577,0.0,0.0,0.814307
2039,29-Apr-00,24:00:00,228.817151,0.004015,15.836766,15.836766,0.0,0.0,0.878333,0.004015,11.632989,11.632989,0.0,0.0,0.854006,0.004015,13.563836,13.563836,0.0,0.0,0.801459
2040,30-Apr-00,24:00:00,225.558972,0.002955,14.914504,14.914504,0.0,0.0,0.865873,0.002954,10.955536,10.955536,0.0,0.0,0.841546,0.002954,12.773939,12.773939,0.0,0.0,0.789
2041,01-May-00,24:00:00,221.854099,0.003033,14.04595,14.04595,0.0,0.0,0.855975,0.003033,10.317535,10.317535,0.0,0.0,0.831649,0.003032,12.030042,12.030042,0.0,0.0,0.779106
2042,02-May-00,24:00:00,218.764001,0.003456,13.227977,13.227977,0.0,0.0,0.844868,0.003456,9.716688,9.716688,0.0,0.0,0.820544,0.003454,11.329467,11.329467,0.0,0.0,0.768004
2043,03-May-00,24:00:00,216.690803,0.003333,12.45764,12.45764,0.0,0.0,0.833304,0.003333,9.150832,9.150832,0.0,0.0,0.808981,0.003332,10.66969,10.66969,0.0,0.0,0.756445
2044,04-May-00,24:00:00,214.78538,0.003037,11.732163,11.732163,0.0,0.0,0.822041,0.003037,8.617929,8.617929,0.0,0.0,0.79772,0.003036,10.048335,10.048335,0.0,0.0,0.745188
2045,05-May-00,24:00:00,212.992524,0.001254,11.048935,11.048935,0.0,0.0,0.814425,0.001254,8.11606,8.11606,0.0,0.0,0.790105,0.001254,9.463165,9.463165,0.0,0.0,0.737574
2046,06-May-00,24:00:00,219.666652,0.001237,10.572512,10.405494,0.006091,0.0,0.817255,0.001237,14.335248,7.643417,0.009302,0.0,0.798272,0.001237,18.540862,8.912073,0.014611,0.0,0.75381
2047,07-May-00,24:00:00,235.249235,0.003143,10.433034,9.799525,0.0,0.0,0.833148,0.003142,19.115276,7.198299,0.0,0.0,0.819837,0.003141,15.000088,8.393074,0.0,0.0,0.785509
2048,08-May-00,24:00:00,210.634676,0.001917,9.279345,9.228845,0.0,0.0,0.832191,0.001916,7.391565,6.779102,0.0,0.0,0.818881,0.001916,7.904299,7.904299,0.0,0.0,0.784555
2049,09-May-00,24:00:00,207.021086,0.00207,8.691675,8.691399,0.0,0.0,0.826693,0.00207,6.384318,6.384318,0.0,0.0,0.813386,0.002069,7.443989,7.443989,0.0,0.0,0.779065
2050,10-May-00,24:00:00,203.41352,0.003131,8.185251,8.185251,0.0,0.0,0.817941,0.00313,6.012524,6.012524,0.0,0.0,0.804634,0.003129,7.010484,7.010484,0.0,0.0,0.770317
2051,11-May-00,24:00:00,201.74573,0.003013,7.708579,7.708579,0.0,0.0,0.80747,0.003013,5.662381,5.662381,0.0,0.0,0.794165,0.003012,6.602225,6.602225,0.0,0.0,0.759851
2052,12-May-00,24:00:00,202.872677,0.002616,7.259666,7.259666,0.0,0.0,0.798246,0.002616,5.33263,5.33263,0.0,0.0,0.784979,0.002615,6.422359,6.217741,0.001184,0.0,0.751174
2053,13-May-00,24:00:00,209.841076,0.001181,7.462637,6.836896,0.013532,0.0,0.808666,0.001181,13.766303,5.022082,0.012139,0.0,0.793743,0.001181,10.274189,5.855648,0.008857,0.0,0.758588
2054,14-May-00,24:00:00,262.114199,0.002051,7.618597,6.438745,0.0,0.0,0.839859,0.002051,21.048651,4.729618,0.001073,0.0,0.823075,0.00205,16.280913,5.514642,0.004776,0.0,0.786172
2055,15-May-00,24:00:00,477.65985,0.002839,6.149443,6.063782,0.0,0.0,0.839859,0.002839,6.63001,4.454187,0.0,0.0,0.825681,0.002838,6.268755,5.193494,0.0,0.0,0.796871
2056,16-May-00,24:00:00,578.323004,0.00355,5.710852,5.710655,0.0,0.0,0.834934,0.00355,4.257957,4.194795,0.0,0.0,0.822608,0.003548,4.891048,4.891048,0.0,0.0,0.793801
2057,17-May-00,24:00:00,363.917877,0.0044,5.378092,5.378092,0.0,0.0,0.821843,0.0044,3.950509,3.950509,0.0,0.0,0.810896,0.0044,4.606215,4.606215,0.0,0.0,0.782093
2058,18-May-00,24:00:00,219.362335,0.003916,5.064896,5.064896,0.0,0.0,0.807287,0.003915,3.720449,3.720449,0.0,0.0,0.79634,0.003915,4.33797,4.33797,0.0,0.0,0.767538
2059,19-May-00,24:00:00,204.095923,0.004313,4.769939,4.769939,0.0,0.0,0.793187,0.004313,3.503787,3.503787,0.0,0.0,0.782241,0.004312,4.085346,4.085346,0.0,0.0,0.753442
2060,20-May-00,24:00:00,202.871702,0.004968,4.49216,4.49216,0.0,0.0,0.777517,0.004967,3.299742,3.299742,0.0,0.0,0.766572,0.004967,3.847434,3.847434,0.0,0.0,0.737775
2061,21-May-00,24:00:00,202.149131,0.004937,4.230556,4.230556,0.0,0.0,0.760722,0.004937,3.10758,3.10758,0.0,0.0,0.749778,0.004936,3.623377,3.623377,0.0,0.0,0.720981
2062,22-May-00,24:00:00,201.498302,0.004844,3.984188,3.984188,0.0,0.0,0.743754,0.004844,2.926609,2.926609,0.0,0.0,0.732811,0.004843,3.412368,3.412368,0.0,0.0,0.704018
2063,23-May-00,24:00:00,200.88686,0.00499,3.752167,3.752167,0.0,0.0,0.727279,0.004989,2.756176,2.756176,0.0,0.0,0.716337,0.004988,3.213647,3.213647,0.0,0.0,0.687547
2064,24-May-00,24:00:00,200.311091,0.004676,3.533657,3.533657,0.0,0.0,0.709962,0.004675,2.595669,2.595669,0.0,0.0,0.699023,0.004674,3.026498,3.026498,0.0,0.0,0.670236
2065,25-May-00,24:00:00,199.768855,0.004306,3.327873,3.327873,0.0,0.0,0.694867,0.004306,2.444509,2.444509,0.0,0.0,0.683929,0.004305,2.850249,2.850249,0.0,0.0,0.655145
2066,26-May-00,24:00:00,199.258196,0.004268,3.134073,3.134073,0.0,0.0,0.680101,0.004268,2.302151,2.302151,0.0,0.0,0.669164,0.004267,2.684263,2.684263,0.0,0.0,0.640383
2067,27-May-00,24:00:00,198.777276,0.003748,2.951559,2.951559,0.0,0.0,0.66655,0.003748,2.168084,2.168084,0.0,0.0,0.655614,0.003747,2.527944,2.527944,0.0,0.0,0.626837
2068,28-May-00,24:00:00,198.324363,0.004295,2.779673,2.779673,0.0,0.0,0.6527,0.004295,2.041825,2.041825,0.0,0.0,0.641765,0.004294,2.380728,2.380728,0.0,0.0,0.61299
2069,29-May-00,24:00:00,197.897825,0.004256,2.617797,2.617797,0.0,0.0,0.637974,0.004256,1.922918,1.922918,0.0,0.0,0.62704,0.004255,2.242085,2.242085,0.0,0.0,0.598267
2070,30-May-00,24:00:00,197.496126,0.004322,2.465349,2.465349,0.0,0.0,0.623288,0.004322,1.810936,1.810936,0.0,0.0,0.612354,0.004321,2.111516,2.111516,0.0,0.0,0.583583
2071,31-May-00,24:00:00,197.117821,0.004992,2.321778,2.321778,0.0,0.0,0.607688,0.004992,1.705476,1.705476,0.0,0.0,0.596754,0.004991,1.988551,1.988551,0.0,0.0,0.567985
2072,01-Jun-00,24:00:00,200.300765,0.004424,2.186568,2.186568,0.0,0.0,0.591235,0.004424,1.606156,1.606156,0.0,0.0,0.580302,0.004423,1.872746,1.872746,0.0,0.0,0.551535
2073,02-Jun-00,24:00:00,208.433634,0.004742,2.059232,2.059232,0.0,0.0,0.575611,0.004742,1.512621,1.512621,0.0,0.0,0.564678,0.004741,1.763686,1.763686,0.0,0.0,0.535912
2074,03-Jun-00,24:00:00,211.029741,0.004285,1.939312,1.939312,0.0,0.0,0.560126,0.004286,1.424533,1.424533,0.0,0.0,0.549193,0.004285,1.660977,1.660977,0.0,0.0,0.520429
2075,04-Jun-00,24:00:00,210.781304,0.003768,1.826375,1.826375,0.0,0.0,0.546283,0.003768,1.341574,1.341574,0.0,0.0,0.53535,0.003767,1.564249,1.564249,0.0,0.0,0.506588
2076,05-Jun-00,24:00:00,213.512005,0.004262,1.720015,1.720015,0.0,0.0,0.532522,0.004262,1.263447,1.263447,0.0,0.0,0.521589,0.004261,1.473155,1.473155,0.0,0.0,0.49283
2077,06-Jun-00,24:00:00,219.420229,0.002272,1.619849,1.619849,0.0,0.0,0.520731,0.002272,1.18987,1.18987,0.0,0.0,0.509846,0.002272,1.387365,1.387365,0.0,0.0,0.481089
2078,07-Jun-00,24:00:00,223.150966,0.003095,1.525516,1.525516,0.0,0.0,0.516673,0.003095,1.120577,1.120577,0.0,0.0,0.506092,0.003095,1.306571,1.306571,0.0,0.0,0.47616
2079,08-Jun-00,24:00:00,224.951348,0.003427,1.436677,1.436677,0.0,0.0,0.512899,0.003427,1.05532,1.05532,0.0,0.0,0.501932,0.003426,1.230482,1.230482,0.0,0.0,0.468129
2080,09-Jun-00,24:00:00,227.3343,0.003635,1.353012,1.353012,0.0,0.0,0.50166,0.003635,0.993863,0.993863,0.0,0.0,0.490418,0.003634,1.158824,1.158824,0.0,0.0,0.455998
2081,10-Jun-00,24:00:00,231.324933,0.003466,1.274218,1.274218,0.0,0.0,0.489567,0.003466,0.935985,0.935985,0.0,0.0,0.478326,0.003465,1.09134,1.09134,0.0,0.0,0.443908
2082,11-Jun-00,24:00:00,233.108552,0.003811,1.200014,1.200014,0.0,0.0,0.47721,0.003811,0.881477,0.881477,0.0,0.0,0.465969,0.003811,1.027785,1.027785,0.0,0.0,0.431554
2083,12-Jun-00,24:00:00,234.162097,0.005536,1.13013,1.13013,0.0,0.0,0.461438,0.005535,0.830144,0.830144,0.0,0.0,0.450197,0.005535,0.967931,0.967931,0.0,0.0,0.415784
2084,13-Jun-00,24:00:00,233.569727,0.005383,1.064316,1.064316,0.0,0.0,0.442592,0.005382,0.7818,0.7818,0.0,0.0,0.431351,0.005382,0.911563,0.911563,0.0,0.0,0.396941
2085,14-Jun-00,24:00:00,244.070915,0.005302,1.002336,1.002336,0.0,0.0,0.424162,0.005302,0.736271,0.736271,0.0,0.0,0.412922,0.005302,0.858478,0.858478,0.0,0.0,0.378514
2086,15-Jun-00,24:00:00,266.991764,0.005337,0.943964,0.943964,0.0,0.0,0.405962,0.005336,0.693394,0.693394,0.0,0.0,0.394723,0.005336,0.808484,0.808484,0.0,0.0,0.360316
2087,16-Jun-00,24:00:00,290.393513,0.004239,0.888992,0.888992,0.0,0.0,0.389459,0.004238,0.653014,0.653014,0.0,0.0,0.378221,0.004238,0.761402,0.761402,0.0,0.0,0.343816
2088,17-Jun-00,24:00:00,310.478796,0.003557,0.837221,0.837221,0.0,0.0,0.376375,0.003556,0.614986,0.614986,0.0,0.0,0.365138,0.003556,0.717061,0.717061,0.0,0.0,0.330734
2089,18-Jun-00,24:00:00,317.937606,0.004677,0.788465,0.788465,0.0,0.0,0.361976,0.004677,0.579172,0.579172,0.0,0.0,0.350739,0.004676,0.675302,0.675302,0.0,0.0,0.316339
2090,19-Jun-00,24:00:00,317.943183,0.005307,0.742548,0.742548,0.0,0.0,0.34502,0.005307,0.545443,0.545443,0.0,0.0,0.333784,0.005306,0.635976,0.635976,0.0,0.0,0.299387
2091,20-Jun-00,24:00:00,312.414949,0.005056,0.699306,0.699306,0.0,0.0,0.327139,0.005056,0.513679,0.513679,0.0,0.0,0.315903,0.005055,0.59894,0.59894,0.0,0.0,0.281508
2092,21-Jun-00,24:00:00,306.376686,0.004964,0.658581,0.658581,0.0,0.0,0.309883,0.004963,0.483765,0.483765,0.0,0.0,0.298648,0.004962,0.56406,0.56406,0.0,0.0,0.264254
2093,22-Jun-00,24:00:00,305.252456,0.004728,0.620228,0.620228,0.0,0.0,0.293453,0.004728,0.455592,0.455592,0.0,0.0,0.282219,0.004727,0.531212,0.531212,0.0,0.0,0.247828
2094,23-Jun-00,24:00:00,306.124597,0.004668,0.584109,0.584109,0.0,0.0,0.277207,0.004668,0.429061,0.429061,0.0,0.0,0.265973,0.004667,0.500276,0.500276,0.0,0.0,0.231586
2095,24-Jun-00,24:00:00,294.39821,0.005088,0.550093,0.550093,0.0,0.0,0.260697,0.005088,0.404074,0.404074,0.0,0.0,0.249464,0.005087,0.471142,0.471142,0.0,0.0,0.215079
2096,25-Jun-00,24:00:00,275.054983,0.005192,0.518058,0.518058,0.0,0.0,0.243073,0.005191,0.380543,0.380543,0.0,0.0,0.231841,0.00519,0.443705,0.443705,0.0,0.0,0.197461
2097,26-Jun-00,24:00:00,264.996852,0.005237,0.487889,0.487889,0.0,0.0,0.225125,0.005237,0.358382,0.358382,0.0,0.0,0.213895,0.005236,0.417866,0.417866,0.0,0.0,0.179518
2098,27-Jun-00,24:00:00,261.424992,0.005165,0.459476,0.459476,0.0,0.0,0.207319,0.005164,0.337511,0.337511,0.0,0.0,0.19609,0.005163,0.393531,0.393531,0.0,0.0,0.161717
2099,28-Jun-00,24:00:00,257.745864,0.005294,0.432719,0.432719,0.0,0.0,0.189705,0.005294,0.317856,0.317856,0.0,0.0,0.178477,0.005294,0.370614,0.370614,0.0,0.0,0.144107
2100,29-Jun-00,24:00:00,255.491752,0.005058,0.407519,0.407519,0.0,0.0,0.171808,0.005057,0.299345,0.299345,0.0,0.0,0.160581,0.005057,0.349031,0.349031,0.0,0.0,0.126212
2101,30-Jun-00,24:00:00,269.45399,0.004791,0.383787,0.383787,0.0,0.0,0.154739,0.004791,0.281913,0.281913,0.0,0.0,0.143513,0.004791,0.328705,0.328705,0.0,0.0,0.109146
2102,01-Jul-00,24:00:00,287.814106,0.004211,0.361437,0.361437,0.0,0.0,0.139211,0.004211,0.265496,0.265496,0.0,0.0,0.127985,0.00421,0.309563,0.309563,0.0,0.0,0.093621
2103,02-Jul-00,24:00:00,291.383798,0.003777,0.340388,0.340388,0.0,0.0,0.125583,0.003777,0.250034,0.250034,0.0,0.0,0.114357,0.003776,0.291535,0.291535,0.0,0.0,0.079997
2104,03-Jul-00,24:00:00,289.865028,0.004101,0.320566,0.320566,0.0,0.0,0.112011,0.004101,0.235473,0.235473,0.0,0.0,0.100786,0.0041,0.274557,0.274557,0.0,0.0,0.066428
2105,04-Jul-00,24:00:00,289.790579,0.003705,0.301897,0.301897,0.0,0.0,0.098459,0.003705,0.22176,0.22176,0.0,0.0,0.087235,0.003704,0.258568,0.258568,0.0,0.0,0.05288
2106,05-Jul-00,24:00:00,284.930237,0.003262,0.284316,0.284316,0.0,0.0,0.086467,0.003261,0.208846,0.208846,0.0,0.0,0.075243,0.003261,0.243511,0.243511,0.0,0.0,0.040891
2107,06-Jul-00,24:00:00,275.134494,0.00338,0.267759,0.267759,0.0,0.0,0.075223,0.00338,0.196684,0.196684,0.0,0.0,0.064,0.003379,0.22933,0.22933,0.0,0.0,0.02965
2108,07-Jul-00,24:00:00,268.928012,0.004171,0.252166,0.252166,0.0,0.0,0.062252,0.00417,0.18523,0.18523,0.0,0.0,0.05103,0.004169,0.215974,0.215974,0.0,0.0,0.016683
2109,08-Jul-00,24:00:00,266.438566,0.004782,0.237481,0.237481,0.0,0.0,0.046958,0.004782,0.174443,0.174443,0.0,0.0,0.035737,0.004781,0.203397,0.203397,0.0,0.0,0.003982
2110,09-Jul-00,24:00:00,264.395376,0.004697,0.223651,0.223651,0.0,0.0,0.030896,0.004696,0.164284,0.164284,0.0,0.0,0.019676,0.004695,0.191552,0.191552,0.0,0.0,0.0
2111,10-Jul-00,24:00:00,263.564762,0.004983,0.210627,0.210627,0.0,0.0,0.014135,0.004983,0.154717,0.154717,0.0,0.0,0.004926,0.004982,0.180397,0.180397,0.0,0.0,0.0
2112,11-Jul-00,24:00:00,263.519421,0.004089,0.198361,0.198361,0.0,0.0,0.002066,0.004089,0.145707,0.145707,0.0,0.0,0.0,0.004088,0.169892,0.169892,0.0,0.0,0.0
2113,12-Jul-00,24:00:00,261.082019,0.003592,0.186809,0.186809,0.0,0.0,0.0,0.003592,0.137222,0.137222,0.0,0.0,0.0,0.003591,0.159998,0.159998,0.0,0.0,0.0
2114,13-Jul-00,24:00:00,259.487056,0.004531,0.17593,0.17593,0.0,0.0,0.0,0.004531,0.129231,0.129231,0.0,0.0,0.0,0.00453,0.15068,0.15068,0.0,0.0,0.0
2115,14-Jul-00,24:00:00,259.433964,0.004695,0.165685,0.165685,0.0,0.0,0.0,0.004694,0.121705,0.121705,0.0,0.0,0.0,0.004694,0.141905,0.141905,0.0,0.0,0.0
2116,15-Jul-00,24:00:00,259.408519,0.002865,0.156036,0.156036,0.0,0.0,0.0,0.002865,0.114617,0.114617,0.0,0.0,0.0,0.002864,0.133641,0.133641,0.0,0.0,0.0
2117,16-Jul-00,24:00:00,259.384728,0.00324,0.146949,0.146949,0.0,0.0,0.0,0.00324,0.107942,0.107942,0.0,0.0,0.0,0.003239,0.125859,0.125859,0.0,0.0,0.0
2118,17-Jul-00,24:00:00,259.96409,0.00427,0.138392,0.138392,0.0,0.0,0.0,0.00427,0.101656,0.101656,0.0,0.0,0.0,0.004269,0.118529,0.118529,0.0,0.0,0.0
2119,18-Jul-00,24:00:00,258.52931,0.004699,0.130332,0.130332,0.0,0.0,0.0,0.004699,0.095736,0.095736,0.0,0.0,0.0,0.004698,0.111627,0.111627,0.0,0.0,0.0
2120,19-Jul-00,24:00:00,257.341145,0.005051,0.122742,0.122742,0.0,0.0,0.0,0.00505,0.090161,0.090161,0.0,0.0,0.0,0.00505,0.105126,0.105126,0.0,0.0,0.0
2121,20-Jul-00,24:00:00,258.506309,0.004901,0.115594,0.115594,0.0,0.0,0.0,0.004901,0.08491,0.08491,0.0,0.0,0.0,0.0049,0.099004,0.099004,0.0,0.0,0.0
2122,21-Jul-00,24:00:00,259.271788,0.004907,0.108863,0.108863,0.0,0.0,0.0,0.004906,0.079966,0.079966,0.0,0.0,0.0,0.004906,0.093238,0.093238,0.0,0.0,0.0
2123,22-Jul-00,24:00:00,258.666556,0.004893,0.102523,0.102523,0.0,0.0,0.0,0.004893,0.075309,0.075309,0.0,0.0,0.0,0.004893,0.087809,0.087809,0.0,0.0,0.0
2124,23-Jul-00,24:00:00,255.852331,0.005084,0.096552,0.096552,0.0,0.0,0.0,0.005083,0.070923,0.070923,0.0,0.0,0.0,0.005083,0.082695,0.082695,0.0,0.0,0.0
2125,24-Jul-00,24:00:00,254.264562,0.005546,0.09093,0.09093,0.0,0.0,0.0,0.005546,0.066793,0.066793,0.0,0.0,0.0,0.005545,0.077879,0.077879,0.0,0.0,0.0
2126,25-Jul-00,24:00:00,264.454416,0.004911,0.085634,0.085634,0.0,0.0,0.0,0.004911,0.062903,0.062903,0.0,0.0,0.0,0.00491,0.073344,0.073344,0.0,0.0,0.0
2127,26-Jul-00,24:00:00,276.514618,0.004775,0.080647,0.080647,0.0,0.0,0.0,0.004775,0.05924,0.05924,0.0,0.0,0.0,0.004775,0.069073,0.069073,0.0,0.0,0.0
2128,27-Jul-00,24:00:00,282.545609,0.004828,0.075951,0.075951,0.0,0.0,0.0,0.004828,0.05579,0.05579,0.0,0.0,0.0,0.004828,0.06505,0.06505,0.0,0.0,0.0
2129,28-Jul-00,24:00:00,282.956861,0.004947,0.071528,0.071528,0.0,0.0,0.0,0.004947,0.052541,0.052541,0.0,0.0,0.0,0.004946,0.061262,0.061262,0.0,0.0,0.0
2130,29-Jul-00,24:00:00,280.985868,0.003877,0.067362,0.067362,0.0,0.0,0.0,0.003877,0.049482,0.049482,0.0,0.0,0.0,0.003876,0.057694,0.057694,0.0,0.0,0.0
2131,30-Jul-00,24:00:00,278.975876,0.005399,0.063439,0.063439,0.0,0.0,0.0,0.005398,0.0466,0.0466,0.0,0.0,0.0,0.005397,0.054334,0.054334,0.0,0.0,0.0
2132,31-Jul-00,24:00:00,276.966205,0.00462,0.059745,0.059745,0.0,0.0,0.0,0.00462,0.043886,0.043886,0.0,0.0,0.0,0.004619,0.05117,0.05117,0.0,0.0,0.0
2133,01-Aug-00,24:00:00,276.160629,0.005191,0.056266,0.056266,0.0,0.0,0.0,0.005191,0.04133,0.04133,0.0,0.0,0.0,0.00519,0.04819,0.04819,0.0,0.0,0.0
2134,02-Aug-00,24:00:00,282.758256,0.004832,0.052989,0.052989,0.0,0.0,0.0,0.004832,0.038923,0.038923,0.0,0.0,0.0,0.004831,0.045384,0.045384,0.0,0.0,0.0
2135,03-Aug-00,24:00:00,293.677338,0.004514,0.049903,0.049903,0.0,0.0,0.0,0.004514,0.036657,0.036657,0.0,0.0,0.0,0.004514,0.042741,0.042741,0.0,0.0,0.0
2136,04-Aug-00,24:00:00,298.049789,0.004811,0.046997,0.046997,0.0,0.0,0.0,0.00481,0.034522,0.034522,0.0,0.0,0.0,0.004809,0.040252,0.040252,0.0,0.0,0.0
2137,05-Aug-00,24:00:00,298.115367,0.004634,0.04426,0.04426,0.0,0.0,0.0,0.004634,0.032512,0.032512,0.0,0.0,0.0,0.004632,0.037908,0.037908,0.0,0.0,0.0
2138,06-Aug-00,24:00:00,298.109127,0.004221,0.041683,0.041683,0.0,0.0,0.0,0.00422,0.030618,0.030618,0.0,0.0,0.0,0.004219,0.0357,0.0357,0.0,0.0,0.0
2139,07-Aug-00,24:00:00,298.102774,0.003657,0.039255,0.039255,0.0,0.0,0.0,0.003656,0.028835,0.028835,0.0,0.0,0.0,0.003655,0.033621,0.033621,0.0,0.0,0.0
2140,08-Aug-00,24:00:00,296.291489,0.003445,0.036969,0.036969,0.0,0.0,0.0,0.003445,0.027156,0.027156,0.0,0.0,0.0,0.003444,0.031663,0.031663,0.0,0.0,0.0
2141,09-Aug-00,24:00:00,293.907459,0.003552,0.034816,0.034816,0.0,0.0,0.0,0.003551,0.025575,0.025575,0.0,0.0,0.0,0.00355,0.029819,0.029819,0.0,0.0,0.0
2142,10-Aug-00,24:00:00,293.09921,0.004413,0.032789,0.032789,0.0,0.0,0.0,0.004413,0.024085,0.024085,0.0,0.0,0.0,0.004413,0.028083,0.028083,0.0,0.0,0.0
2143,11-Aug-00,24:00:00,286.461506,0.004672,0.030879,0.030879,0.0,0.0,0.0,0.004672,0.022682,0.022682,0.0,0.0,0.0,0.00467,0.026447,0.026447,0.0,0.0,0.0
2144,12-Aug-00,24:00:00,273.122385,0.004805,0.029081,0.029081,0.0,0.0,0.0,0.004805,0.021362,0.021362,0.0,0.0,0.0,0.004804,0.024907,0.024907,0.0,0.0,0.0
2145,13-Aug-00,24:00:00,266.569644,0.004653,0.027388,0.027388,0.0,0.0,0.0,0.004653,0.020118,0.020118,0.0,0.0,0.0,0.004653,0.023457,0.023457,0.0,0.0,0.0
2146,14-Aug-00,24:00:00,264.269537,0.004475,0.025793,0.025793,0.0,0.0,0.0,0.004475,0.018946,0.018946,0.0,0.0,0.0,0.004474,0.022091,0.022091,0.0,0.0,0.0
2147,15-Aug-00,24:00:00,263.083485,0.004684,0.024291,0.024291,0.0,0.0,0.0,0.004684,0.017843,0.017843,0.0,0.0,0.0,0.004684,0.020804,0.020804,0.0,0.0,0.0
2148,16-Aug-00,24:00:00,267.874163,0.005044,0.022876,0.022876,0.0,0.0,0.0,0.005044,0.016804,0.016804,0.0,0.0,0.0,0.005044,0.019593,0.019593,0.0,0.0,0.0
2149,17-Aug-00,24:00:00,274.012331,0.004355,0.021544,0.021544,0.0,0.0,0.0,0.004355,0.015825,0.015825,0.0,0.0,0.0,0.004355,0.018452,0.018452,0.0,0.0,0.0
2150,18-Aug-00,24:00:00,276.019683,0.004337,0.020289,0.020289,0.0,0.0,0.0,0.004337,0.014904,0.014904,0.0,0.0,0.0,0.004337,0.017377,0.017377,0.0,0.0,0.0
2151,19-Aug-00,24:00:00,273.642726,0.004053,0.019108,0.019108,0.0,0.0,0.0,0.004053,0.014036,0.014036,0.0,0.0,0.0,0.004053,0.016365,0.016365,0.0,0.0,0.0
2152,20-Aug-00,24:00:00,271.471798,0.004109,0.017995,0.017995,0.0,0.0,0.0,0.004109,0.013218,0.013218,0.0,0.0,0.0,0.004108,0.015412,0.015412,0.0,0.0,0.0
2153,21-Aug-00,24:00:00,271.652933,0.004141,0.016947,0.016947,0.0,0.0,0.0,0.00414,0.012448,0.012448,0.0,0.0,0.0,0.004139,0.014515,0.014515,0.0,0.0,0.0
2154,22-Aug-00,24:00:00,273.840519,0.003213,0.01596,0.01596,0.0,0.0,0.0,0.003212,0.011724,0.011724,0.0,0.0,0.0,0.003211,0.013669,0.013669,0.0,0.0,0.0
2155,23-Aug-00,24:00:00,275.621232,0.003926,0.015031,0.015031,0.0,0.0,0.0,0.003926,0.011041,0.011041,0.0,0.0,0.0,0.003925,0.012873,0.012873,0.0,0.0,0.0
2156,24-Aug-00,24:00:00,274.826774,0.004356,0.014155,0.014155,0.0,0.0,0.0,0.004355,0.010398,0.010398,0.0,0.0,0.0,0.004354,0.012124,0.012124,0.0,0.0,0.0
2157,25-Aug-00,24:00:00,272.242782,0.003846,0.013331,0.013331,0.0,0.0,0.0,0.003845,0.009792,0.009792,0.0,0.0,0.0,0.003843,0.011418,0.011418,0.0,0.0,0.0
2158,26-Aug-00,24:00:00,271.052801,0.004095,0.012554,0.012554,0.0,0.0,0.0,0.004094,0.009222,0.009222,0.0,0.0,0.0,0.004093,0.010753,0.010753,0.0,0.0,0.0
2159,27-Aug-00,24:00:00,272.836394,0.004056,0.011823,0.011823,0.0,0.0,0.0,0.004055,0.008685,0.008685,0.0,0.0,0.0,0.004054,0.010126,0.010126,0.0,0.0,0.0
2160,28-Aug-00,24:00:00,275.212847,0.002212,0.011135,0.011135,0.0,0.0,0.0,0.002211,0.008179,0.008179,0.0,0.0,0.0,0.00221,0.009537,0.009537,0.0,0.0,0.0
2161,29-Aug-00,24:00:00,273.607023,0.001868,0.010487,0.010487,0.0,0.0,0.0,0.001867,0.007703,0.007703,0.0,0.0,0.0,0.001866,0.008981,0.008981,0.0,0.0,0.0
2162,30-Aug-00,24:00:00,266.636316,0.002644,0.009876,0.009876,0.0,0.0,0.0,0.002643,0.007254,0.007254,0.0,0.0,0.0,0.002642,0.008458,0.008458,0.0,0.0,0.0
2163,31-Aug-00,24:00:00,262.736722,0.001733,0.263673,0.009301,0.002405,0.0,0.005804,0.001732,4.638077,0.006832,0.002679,0.0,0.006955,0.001732,1.958203,0.007966,0.001755,0.0,0.005265
2164,01-Sep-00,24:00:00,248.53844,0.00257,0.086366,0.008759,0.0,0.0,0.008221,0.002569,0.888958,0.006434,0.0,0.0,0.009162,0.002568,0.007502,0.007502,0.0,0.0,0.005946
2165,02-Sep-00,24:00:00,242.177228,0.003063,0.012365,0.008249,0.0,0.0,0.003955,0.003062,0.027505,0.006059,0.0,0.0,0.004575,0.00306,0.007065,0.007065,0.0,0.0,0.002493
2166,03-Sep-00,24:00:00,241.419481,0.003034,0.007769,0.007769,0.0,0.0,0.0,0.003033,0.005707,0.005707,0.0,0.0,0.0,0.003032,0.006654,0.006654,0.0,0.0,0.0
2167,04-Sep-00,24:00:00,243.432839,0.003155,0.007316,0.007316,0.0,0.0,0.0,0.003154,0.005374,0.005374,0.0,0.0,0.0,0.003153,0.006266,0.006266,0.0,0.0,0.0
2168,05-Sep-00,24:00:00,244.389866,0.003708,0.00689,0.00689,0.0,0.0,0.0,0.003707,0.005061,0.005061,0.0,0.0,0.0,0.003706,0.005901,0.005901,0.0,0.0,0.0
2169,06-Sep-00,24:00:00,242.819884,0.003473,0.006489,0.006489,0.0,0.0,0.0,0.003472,0.004767,0.004767,0.0,0.0,0.0,0.00347,0.005558,0.005558,0.0,0.0,0.0
2170,07-Sep-00,24:00:00,244.436337,0.003899,0.006111,0.006111,0.0,0.0,0.0,0.003899,0.004489,0.004489,0.0,0.0,0.0,0.003899,0.005234,0.005234,0.0,0.0,0.0
2171,08-Sep-00,24:00:00,245.988707,0.003575,0.005755,0.005755,0.0,0.0,0.0,0.003575,0.004227,0.004227,0.0,0.0,0.0,0.003575,0.004929,0.004929,0.0,0.0,0.0
2172,09-Sep-00,24:00:00,248.421072,0.003405,0.00542,0.00542,0.0,0.0,0.0,0.003404,0.003981,0.003981,0.0,0.0,0.0,0.003403,0.004642,0.004642,0.0,0.0,0.0
2173,10-Sep-00,24:00:00,252.393976,0.003795,0.005104,0.005104,0.0,0.0,0.0,0.003795,0.003749,0.003749,0.0,0.0,0.0,0.003795,0.004372,0.004372,0.0,0.0,0.0
2174,11-Sep-00,24:00:00,253.985947,0.00367,0.004807,0.004807,0.0,0.0,0.0,0.00367,0.003531,0.003531,0.0,0.0,0.0,0.00367,0.004117,0.004117,0.0,0.0,0.0
2175,12-Sep-00,24:00:00,254.011667,0.002942,0.004527,0.004527,0.0,0.0,0.0,0.002942,0.003325,0.003325,0.0,0.0,0.0,0.002942,0.003877,0.003877,0.0,0.0,0.0
2176,13-Sep-00,24:00:00,256.418228,0.002732,0.004264,0.004264,0.0,0.0,0.0,0.002732,0.003132,0.003132,0.0,0.0,0.0,0.002731,0.003652,0.003652,0.0,0.0,0.0
2177,14-Sep-00,24:00:00,258.585826,0.003,0.004015,0.004015,0.0,0.0,0.0,0.002999,0.002949,0.002949,0.0,0.0,0.0,0.002998,0.003439,0.003439,0.0,0.0,0.0
2178,15-Sep-00,24:00:00,255.392502,0.003426,0.003781,0.003781,0.0,0.0,0.0,0.003425,0.002778,0.002778,0.0,0.0,0.0,0.003425,0.003239,0.003239,0.0,0.0,0.0
2179,16-Sep-00,24:00:00,259.066622,0.003365,0.003561,0.003561,0.0,0.0,0.0,0.003365,0.002616,0.002616,0.0,0.0,0.0,0.003365,0.00305,0.00305,0.0,0.0,0.0
2180,17-Sep-00,24:00:00,266.553524,0.003608,0.003354,0.003354,0.0,0.0,0.0,0.003608,0.002464,0.002464,0.0,0.0,0.0,0.003608,0.002872,0.002872,0.0,0.0,0.0
2181,18-Sep-00,24:00:00,267.764596,0.003734,0.003158,0.003158,0.0,0.0,0.0,0.003734,0.00232,0.00232,0.0,0.0,0.0,0.003734,0.002705,0.002705,0.0,0.0,0.0
2182,19-Sep-00,24:00:00,268.826034,0.003756,0.002975,0.002975,0.0,0.0,0.0,0.003755,0.002185,0.002185,0.0,0.0,0.0,0.003755,0.002548,0.002548,0.0,0.0,0.0
2183,20-Sep-00,24:00:00,270.589352,0.001923,0.002801,0.002801,0.0,0.0,0.0,0.001922,0.002058,0.002058,0.0,0.0,0.0,0.001921,0.002399,0.002399,0.0,0.0,0.0
2184,21-Sep-00,24:00:00,271.000156,0.001923,0.002638,0.002638,0.0,0.0,0.0,0.001922,0.001938,0.001938,0.0,0.0,0.0,0.00192,0.00226,0.00226,0.0,0.0,0.0
2185,22-Sep-00,24:00:00,271.608224,0.002825,0.002485,0.002485,0.0,0.0,0.0,0.002824,0.001825,0.001825,0.0,0.0,0.0,0.002823,0.002128,0.002128,0.0,0.0,0.0
2186,23-Sep-00,24:00:00,273.804812,0.002679,0.00234,0.00234,0.0,0.0,0.0,0.002678,0.001719,0.001719,0.0,0.0,0.0,0.002676,0.002004,0.002004,0.0,0.0,0.0
2187,24-Sep-00,24:00:00,273.78235,0.003139,0.002204,0.002204,0.0,0.0,0.0,0.003139,0.001618,0.001618,0.0,0.0,0.0,0.003138,0.001887,0.001887,0.0,0.0,0.0
2188,25-Sep-00,24:00:00,274.222054,0.00344,0.002075,0.002075,0.0,0.0,0.0,0.003439,0.001524,0.001524,0.0,0.0,0.0,0.003439,0.001777,0.001777,0.0,0.0,0.0
2189,26-Sep-00,24:00:00,267.770783,0.002667,0.001954,0.001954,0.0,0.0,0.0,0.002666,0.001436,0.001436,0.0,0.0,0.0,0.002664,0.001674,0.001674,0.0,0.0,0.0
2190,27-Sep-00,24:00:00,250.446988,0.002383,0.001841,0.001841,0.0,0.0,0.0,0.002383,0.001352,0.001352,0.0,0.0,0.0,0.002381,0.001576,0.001576,0.0,0.0,0.0
2191,28-Sep-00,24:00:00,243.347504,0.003209,0.001733,0.001733,0.0,0.0,0.0,0.003208,0.001273,0.001273,0.0,0.0,0.0,0.003208,0.001485,0.001485,0.0,0.0,0.0
2192,29-Sep-00,24:00:00,245.195554,0.00262,0.001632,0.001632,0.0,0.0,0.0,0.00262,0.001199,0.001199,0.0,0.0,0.0,0.002618,0.001398,0.001398,0.0,0.0,0.0
2193,30-Sep-00,24:00:00,248.397778,0.00336,0.001537,0.001537,0.0,0.0,0.0,0.00336,0.001129,0.001129,0.0,0.0,0.0,0.003359,0.001317,0.001317,0.0,0.0,0.0
2194,01-Oct-00,24:00:00,247.570178,0.002989,0.001448,0.001448,0.0,0.0,0.0,0.002989,0.001063,0.001063,0.0,0.0,0.0,0.002989,0.00124,0.00124,0.0,0.0,0.0
2195,02-Oct-00,24:00:00,247.835138,0.002688,0.001364,0.001364,0.0,0.0,0.0,0.002687,0.001002,0.001002,0.0,0.0,0.0,0.002686,0.001168,0.001168,0.0,0.0,0.0
2196,03-Oct-00,24:00:00,249.585472,0.002383,0.001284,0.001284,0.0,0.0,0.0,0.002382,0.000943,0.000943,0.0,0.0,0.0,0.002382,0.0011,0.0011,0.0,0.0,0.0
2197,04-Oct-00,24:00:00,249.996415,0.002579,0.001209,0.001209,0.0,0.0,0.0,0.002578,0.000888,0.000888,0.0,0.0,0.0,0.002577,0.001036,0.001036,0.0,0.0,0.0
2198,05-Oct-00,24:00:00,249.401168,0.00297,0.001139,0.001139,0.0,0.0,0.0,0.002969,0.000837,0.000837,0.0,0.0,0.0,0.002966,0.000975,0.000975,0.0,0.0,0.0
2199,06-Oct-00,24:00:00,247.204121,0.002101,0.001073,0.001073,0.0,0.0,0.0,0.0021,0.000788,0.000788,0.0,0.0,0.0,0.002098,0.000919,0.000919,0.0,0.0,0.0
2200,07-Oct-00,24:00:00,246.022531,0.00265,0.00101,0.00101,0.0,0.0,0.0,0.002649,0.000742,0.000742,0.0,0.0,0.0,0.002648,0.000865,0.000865,0.0,0.0,0.0
2201,08-Oct-00,24:00:00,246.002629,0.001521,0.000951,0.000951,0.0,0.0,0.0,0.00152,0.000699,0.000699,0.0,0.0,0.0,0.001518,0.000815,0.000815,0.0,0.0,0.0
2202,09-Oct-00,24:00:00,246.002346,0.001464,0.000896,0.000896,0.0,0.0,0.0,0.001463,0.000658,0.000658,0.0,0.0,0.0,0.001462,0.000767,0.000767,0.0,0.0,0.0
2203,10-Oct-00,24:00:00,246.002209,0.001196,0.000844,0.000844,0.0,0.0,0.0,0.001195,0.00062,0.00062,0.0,0.0,0.0,0.001194,0.000723,0.000723,0.0,0.0,0.0
2204,11-Oct-00,24:00:00,226.143783,0.001355,0.000795,0.000795,0.0,0.0,0.0,0.001354,0.000584,0.000584,0.0,0.0,0.0,0.001353,0.000681,0.000681,0.0,0.0,0.0
2205,12-Oct-00,24:00:00,228.264362,0.00221,0.000748,0.000748,0.0,0.0,0.0,0.002209,0.00055,0.00055,0.0,0.0,0.0,0.002207,0.000641,0.000641,0.0,0.0,0.0
2206,13-Oct-00,24:00:00,237.838037,0.002124,0.000705,0.000705,0.0,0.0,0.0,0.002123,0.000518,0.000518,0.0,0.0,0.0,0.002122,0.000604,0.000604,0.0,0.0,0.0
2207,14-Oct-00,24:00:00,238.000592,0.001932,0.000664,0.000664,0.0,0.0,0.0,0.001932,0.000488,0.000488,0.0,0.0,0.0,0.001931,0.000568,0.000568,0.0,0.0,0.0
2208,15-Oct-00,24:00:00,238.00163,0.002247,0.000625,0.000625,0.0,0.0,0.0,0.002247,0.000459,0.000459,0.0,0.0,0.0,0.002247,0.000535,0.000535,0.0,0.0,0.0
2209,16-Oct-00,24:00:00,238.001541,0.001794,0.000589,0.000589,0.0,0.0,0.0,0.001793,0.000432,0.000432,0.0,0.0,0.0,0.001792,0.000504,0.000504,0.0,0.0,0.0
2210,17-Oct-00,24:00:00,238.001451,0.00188,0.000554,0.000554,0.0,0.0,0.0,0.001879,0.000408,0.000408,0.0,0.0,0.0,0.001878,0.000475,0.000475,0.0,0.0,0.0
2211,18-Oct-00,24:00:00,236.196067,0.002123,0.000522,0.000522,0.0,0.0,0.0,0.002122,0.000384,0.000384,0.0,0.0,0.0,0.002122,0.000447,0.000447,0.0,0.0,0.0
2212,19-Oct-00,24:00:00,232.012294,0.000972,0.000492,0.000492,0.0,0.0,0.0,0.000972,0.000361,0.000361,0.0,0.0,0.0,0.000971,0.000421,0.000421,0.0,0.0,0.0
2213,20-Oct-00,24:00:00,230.034417,0.002425,0.000463,0.000463,0.0,0.0,0.0,0.002425,0.00034,0.00034,0.0,0.0,0.0,0.002424,0.000396,0.000396,0.0,0.0,0.0
2214,21-Oct-00,24:00:00,230.001373,0.003,0.000436,0.000436,0.0,0.0,0.0,0.002998,0.00032,0.00032,0.0,0.0,0.0,0.002996,0.000374,0.000374,0.0,0.0,0.0
2215,22-Oct-00,24:00:00,230.001077,0.001945,0.000411,0.000411,0.0,0.0,0.0,0.001945,0.000302,0.000302,0.0,0.0,0.0,0.001944,0.000352,0.000352,0.0,0.0,0.0
2216,23-Oct-00,24:00:00,230.001013,0.002448,0.000387,0.000387,0.0,0.0,0.0,0.002447,0.000284,0.000284,0.0,0.0,0.0,0.002446,0.000331,0.000331,0.0,0.0,0.0
2217,24-Oct-00,24:00:00,258.128803,0.000739,1.375827,0.000364,0.026911,0.0,0.031987,0.000738,25.070692,0.000268,0.021905,0.0,0.034044,0.000737,17.469836,0.000312,0.016267,0.0,0.035562
2218,25-Oct-00,24:00:00,267.304481,0.000809,3.439252,0.000343,0.012478,0.0,0.122105,0.000808,32.728063,0.000252,0.008312,0.0,0.095988,0.000807,0.606559,0.000294,0.0,0.0,0.055771
2219,26-Oct-00,24:00:00,217.555967,0.001012,0.70834,0.000323,0.003099,0.0,0.13712,0.00101,18.816232,0.000237,0.017976,0.0,0.125841,0.001009,23.353468,0.000277,0.032052,0.0,0.091985
2220,27-Oct-00,24:00:00,264.136866,0.000453,2.861358,0.000304,0.028685,0.0,0.199589,0.000453,53.466959,0.000223,0.024861,0.0,0.207907,0.000452,27.86861,0.000261,0.017287,0.0,0.19311
2221,28-Oct-00,24:00:00,278.047659,0.000909,3.355663,0.000286,0.020156,0.0,0.287144,0.000908,61.258347,0.00021,0.026774,0.0,0.309761,0.000907,43.277587,0.000245,0.037169,0.0,0.306505
2222,29-Oct-00,24:00:00,223.049605,0.000682,1.162717,0.00027,0.001505,0.0,0.318287,0.000682,16.797292,0.000198,0.001214,0.0,0.346426,0.000681,1.630574,0.000231,0.0,0.0,0.35237
2223,30-Oct-00,24:00:00,173.650271,0.001189,0.074092,0.000254,0.0,0.0,0.318287,0.001188,0.654988,0.000187,0.0,0.0,0.346426,0.001186,0.000218,0.000218,0.0,0.0,0.35237
2224,31-Oct-00,24:00:00,166.50838,0.00109,0.000822,0.000239,0.0,0.0,0.318287,0.001089,0.000176,0.000176,0.0,0.0,0.346426,0.001088,0.000205,0.000205,0.0,0.0,0.35237
2225,01-Nov-00,24:00:00,166.88836,0.001595,0.000225,0.000225,0.0,0.0,0.317785,0.001595,0.000166,0.000166,0.0,0.0,0.345928,0.001594,0.000193,0.000193,0.0,0.0,0.351879
2226,02-Nov-00,24:00:00,168.755867,0.001441,0.000212,0.000212,0.0,0.0,0.314533,0.00144,0.000156,0.000156,0.0,0.0,0.342683,0.001438,0.000182,0.000182,0.0,0.0,0.348646
2227,03-Nov-00,24:00:00,169.885077,0.001245,0.0002,0.0002,0.0,0.0,0.309905,0.001244,0.000147,0.000147,0.0,0.0,0.338059,0.001243,0.000171,0.000171,0.0,0.0,0.344028
2228,04-Nov-00,24:00:00,169.994317,0.001408,0.000188,0.000188,0.0,0.0,0.305623,0.001407,0.000138,0.000138,0.0,0.0,0.333781,0.001405,0.000161,0.000161,0.0,0.0,0.339757
2229,05-Nov-00,24:00:00,170.000188,0.001516,0.000177,0.000177,0.0,0.0,0.30043,0.001515,0.00013,0.00013,0.0,0.0,0.328591,0.001513,0.000152,0.000152,0.0,0.0,0.334573
2230,06-Nov-00,24:00:00,167.408821,0.001237,0.000167,0.000167,0.0,0.0,0.295621,0.001236,0.000123,0.000123,0.0,0.0,0.323787,0.001235,0.000143,0.000143,0.0,0.0,0.329774
2231,07-Nov-00,24:00:00,162.60141,0.001535,0.000157,0.000157,0.0,0.0,0.291355,0.001534,0.000116,0.000116,0.0,0.0,0.319524,0.001532,0.000135,0.000135,0.0,0.0,0.325515
2232,08-Nov-00,24:00:00,160.237283,0.00112,0.000148,0.000148,0.0,0.0,0.286495,0.001119,0.000109,0.000109,0.0,0.0,0.314667,0.001118,0.000127,0.000127,0.0,0.0,0.320666
2233,09-Nov-00,24:00:00,160.012996,0.000855,0.00014,0.00014,0.0,0.0,0.282909,0.000854,0.000102,0.000102,0.0,0.0,0.311086,0.000852,0.000119,0.000119,0.0,0.0,0.31709
2234,10-Nov-00,24:00:00,160.000916,0.000807,0.000131,0.000131,0.0,0.0,0.280108,0.000805,9.6e-05,9.6e-05,0.0,0.0,0.308289,0.000804,0.000112,0.000112,0.0,0.0,0.314299
2235,11-Nov-00,24:00:00,160.00035,0.001018,0.000124,0.000124,0.0,0.0,0.277007,0.001016,9.1e-05,9.1e-05,0.0,0.0,0.305192,0.001014,0.000106,0.000106,0.0,0.0,0.311209
2236,12-Nov-00,24:00:00,162.737679,0.000232,0.008557,0.000116,0.000127,0.0,0.275308,0.000232,2.818668,8.6e-05,0.002179,0.0,0.306931,0.000231,5.769794,0.0001,0.005479,0.0,0.318814
2237,13-Nov-00,24:00:00,167.077711,0.00055,0.008819,0.00011,0.0,0.0,0.275525,0.000549,1.619242,8.1e-05,0.0,0.0,0.310806,0.000549,0.318582,9.4e-05,0.0,0.0,0.328142
2238,14-Nov-00,24:00:00,160.755126,0.000429,0.000664,0.000103,0.0,0.0,0.275525,0.000429,0.064551,7.6e-05,0.0,0.0,0.310806,0.000428,8.8e-05,8.8e-05,0.0,0.0,0.328142
2239,15-Nov-00,24:00:00,160.037135,0.000736,9.7e-05,9.7e-05,0.0,0.0,0.275525,0.000735,7.1e-05,7.1e-05,0.0,0.0,0.310806,0.000734,8.3e-05,8.3e-05,0.0,0.0,0.328142
2240,16-Nov-00,24:00:00,160.001765,0.000872,9.2e-05,9.2e-05,0.0,0.0,0.275525,0.000871,6.7e-05,6.7e-05,0.0,0.0,0.310806,0.00087,7.8e-05,7.8e-05,0.0,0.0,0.328142
2241,17-Nov-00,24:00:00,160.000287,0.000792,8.6e-05,8.6e-05,0.0,0.0,0.275525,0.000791,6.3e-05,6.3e-05,0.0,0.0,0.310806,0.00079,7.4e-05,7.4e-05,0.0,0.0,0.328142
2242,18-Nov-00,24:00:00,160.000216,0.000647,8.1e-05,8.1e-05,0.0,0.0,0.275525,0.000646,6e-05,6e-05,0.0,0.0,0.310806,0.000644,7e-05,7e-05,0.0,0.0,0.328142
2243,19-Nov-00,24:00:00,160.000202,0.000989,7.7e-05,7.7e-05,0.0,0.0,0.274178,0.000987,5.6e-05,5.6e-05,0.0,0.0,0.309418,0.000985,6.6e-05,6.6e-05,0.0,0.0,0.326772
2244,20-Nov-00,24:00:00,160.00019,0.00044,7.2e-05,7.2e-05,0.0,0.0,0.27231,0.000439,5.3e-05,5.3e-05,0.0,0.0,0.307528,0.000439,6.2e-05,6.2e-05,0.0,0.0,0.324896
2245,21-Nov-00,24:00:00,160.000179,0.000801,6.8e-05,6.8e-05,0.0,0.0,0.27231,0.0008,5e-05,5e-05,0.0,0.0,0.307528,0.000798,5.8e-05,5.8e-05,0.0,0.0,0.324896
2246,22-Nov-00,24:00:00,160.000168,0.000558,6.4e-05,6.4e-05,0.0,0.0,0.27231,0.000557,4.7e-05,4.7e-05,0.0,0.0,0.307528,0.000556,5.5e-05,5.5e-05,0.0,0.0,0.324896
2247,23-Nov-00,24:00:00,160.000159,0.000774,6e-05,6e-05,0.0,0.0,0.271363,0.000773,4.4e-05,4.4e-05,0.0,0.0,0.307528,0.000772,5.2e-05,5.2e-05,0.0,0.0,0.324896
2248,24-Nov-00,24:00:00,160.000149,0.000549,5.7e-05,5.7e-05,0.0,0.0,0.269318,0.000548,4.2e-05,4.2e-05,0.0,0.0,0.307528,0.000546,4.9e-05,4.9e-05,0.0,0.0,0.324082
2249,25-Nov-00,24:00:00,160.000141,0.000849,5.3e-05,5.3e-05,0.0,0.0,0.266977,0.000848,3.9e-05,3.9e-05,0.0,0.0,0.306321,0.000846,4.6e-05,4.6e-05,0.0,0.0,0.321825
2250,26-Nov-00,24:00:00,160.000132,0.000262,5e-05,5e-05,0.0,0.0,0.265018,0.000261,3.7e-05,3.7e-05,0.0,0.0,0.30448,0.000261,4.3e-05,4.3e-05,0.0,0.0,0.319875
2251,27-Nov-00,24:00:00,160.432059,0.000978,4.7e-05,4.7e-05,0.0,0.0,0.262947,0.000977,3.5e-05,3.5e-05,0.0,0.0,0.30241,0.000976,4.1e-05,4.1e-05,0.0,0.0,0.317808
2252,28-Nov-00,24:00:00,241.136228,0.000862,3.351971,4.5e-05,0.029675,0.0,0.34204,0.000861,59.113769,3.3e-05,0.033,0.0,0.394269,0.000859,42.355394,3.8e-05,0.038175,0.0,0.425111
2253,29-Nov-00,24:00:00,194.74841,0.000565,0.962488,4.2e-05,0.001943,0.0,0.3675,0.000564,9.37658,3.1e-05,0.000275,0.0,0.414469,0.000562,0.065151,3.6e-05,0.0,0.0,0.446947
2254,30-Nov-00,24:00:00,164.895444,0.000621,0.101543,4e-05,0.0,0.0,0.369602,0.00062,0.264673,2.9e-05,0.0,0.0,0.414744,0.000619,3.4e-05,3.4e-05,0.0,0.0,0.446947
2255,01-Dec-00,24:00:00,161.26531,0.00084,0.003567,3.7e-05,0.0,0.0,0.369602,0.000839,0.00285,2.7e-05,0.0,0.0,0.414744,0.000836,3.2e-05,3.2e-05,0.0,0.0,0.446947
2256,02-Dec-00,24:00:00,160.11445,0.000678,3.5e-05,3.5e-05,0.0,0.0,0.369602,0.000676,2.6e-05,2.6e-05,0.0,0.0,0.414744,0.000675,3e-05,3e-05,0.0,0.0,0.446947
2257,03-Dec-00,24:00:00,160.006176,0.000614,3.3e-05,3.3e-05,0.0,0.0,0.369602,0.000613,2.4e-05,2.4e-05,0.0,0.0,0.414744,0.000611,2.8e-05,2.8e-05,0.0,0.0,0.446947
2258,04-Dec-00,24:00:00,160.000357,0.000861,3.1e-05,3.1e-05,0.0,0.0,0.369591,0.000859,2.3e-05,2.3e-05,0.0,0.0,0.414739,0.000857,2.7e-05,2.7e-05,0.0,0.0,0.445564
2259,05-Dec-00,24:00:00,161.727827,0.000573,2.9e-05,2.9e-05,0.0,0.0,0.368623,0.000572,2.1e-05,2.1e-05,0.0,0.0,0.413786,0.000571,2.5e-05,2.5e-05,0.0,0.0,0.443149
2260,06-Dec-00,24:00:00,162.917048,0.000518,2.8e-05,2.8e-05,0.0,0.0,0.366741,0.000518,2e-05,2e-05,0.0,0.0,0.411907,0.000516,2.4e-05,2.4e-05,0.0,0.0,0.441274
2261,07-Dec-00,24:00:00,161.665888,0.000847,2.6e-05,2.6e-05,0.0,0.0,0.364363,0.000845,1.9e-05,1.9e-05,0.0,0.0,0.409533,0.000844,2.2e-05,2.2e-05,0.0,0.0,0.438904
2262,08-Dec-00,24:00:00,161.924098,0.000335,2.4e-05,2.4e-05,0.0,0.0,0.362375,0.000335,1.8e-05,1.8e-05,0.0,0.0,0.407549,0.000334,2.1e-05,2.1e-05,0.0,0.0,0.436924
2263,09-Dec-00,24:00:00,162.893685,0.00075,2.3e-05,2.3e-05,0.0,0.0,0.360521,0.000749,1.7e-05,1.7e-05,0.0,0.0,0.405697,0.000747,2e-05,2e-05,0.0,0.0,0.435077
2264,10-Dec-00,24:00:00,166.784203,0.000318,0.260498,2.2e-05,0.006621,0.0,0.365592,0.000317,7.321477,1.6e-05,0.008746,0.0,0.413894,0.000317,8.924259,1.9e-05,0.009698,0.0,0.445853
2265,11-Dec-00,24:00:00,185.808012,0.000672,0.622795,2e-05,0.0,0.0,0.381222,0.000671,10.294111,1.5e-05,0.0,0.0,0.433689,0.000669,1.85267,1.8e-05,0.0,0.0,0.466338
2266,12-Dec-00,24:00:00,171.315269,0.000246,0.287882,1.9e-05,0.014035,0.0,0.389585,0.000246,8.739955,1.4e-05,0.016992,0.0,0.446986,0.000246,16.38928,1.6e-05,0.023673,0.0,0.491375
2267,13-Dec-00,24:00:00,219.588131,0.000286,2.091042,1.8e-05,0.005698,0.0,0.442324,0.000286,33.732636,1.3e-05,0.00791,0.0,0.504684,0.000286,17.209925,1.6e-05,0.008636,0.0,0.559801
2268,14-Dec-00,24:00:00,188.382042,0.000924,0.403887,1.7e-05,0.0,0.0,0.448878,0.000923,9.106333,1.3e-05,0.0,0.0,0.519069,0.000921,2.303107,1.5e-05,0.0,0.0,0.577111
2269,15-Dec-00,24:00:00,165.864815,0.000792,0.017576,1.6e-05,0.0,0.0,0.448878,0.000791,0.337195,1.2e-05,0.0,0.0,0.519069,0.000788,1.4e-05,1.4e-05,0.0,0.0,0.577111
2270,16-Dec-00,24:00:00,163.140429,0.000732,1.5e-05,1.5e-05,0.0,0.0,0.448878,0.00073,1.1e-05,1.1e-05,0.0,0.0,0.519069,0.000729,1.3e-05,1.3e-05,0.0,0.0,0.577111
2271,17-Dec-00,24:00:00,163.005563,0.000745,1.4e-05,1.4e-05,0.0,0.0,0.448878,0.000743,1e-05,1e-05,0.0,0.0,0.519069,0.000741,1.2e-05,1.2e-05,0.0,0.0,0.577111
2272,18-Dec-00,24:00:00,163.000246,0.000636,1.3e-05,1.3e-05,0.0,0.0,0.448878,0.000635,1e-05,1e-05,0.0,0.0,0.519069,0.000633,1.2e-05,1.2e-05,0.0,0.0,0.577111
2273,19-Dec-00,24:00:00,163.000041,0.000522,1.3e-05,1.3e-05,0.0,0.0,0.448628,0.000521,9e-06,9e-06,0.0,0.0,0.518837,0.00052,1.1e-05,1.1e-05,0.0,0.0,0.576895
2274,20-Dec-00,24:00:00,163.000032,0.000318,1.2e-05,1.2e-05,0.0,0.0,0.447742,0.000318,9e-06,9e-06,0.0,0.0,0.517975,0.000317,1e-05,1e-05,0.0,0.0,0.576057
2275,21-Dec-00,24:00:00,163.00003,0.000482,1.1e-05,1.1e-05,0.0,0.0,0.446351,0.000481,8e-06,8e-06,0.0,0.0,0.516586,0.00048,1e-05,1e-05,0.0,0.0,0.574672
2276,22-Dec-00,24:00:00,162.136159,0.000385,1.1e-05,1.1e-05,0.0,0.0,0.444875,0.000384,8e-06,8e-06,0.0,0.0,0.515112,0.000383,9e-06,9e-06,0.0,0.0,0.573203
2277,23-Dec-00,24:00:00,160.67767,0.000495,1e-05,1e-05,0.0,0.0,0.443352,0.000494,7e-06,7e-06,0.0,0.0,0.513592,0.000493,9e-06,9e-06,0.0,0.0,0.571686
2278,24-Dec-00,24:00:00,161.35653,0.000482,9e-06,9e-06,0.0,0.0,0.441676,0.000481,7e-06,7e-06,0.0,0.0,0.511918,0.00048,8e-06,8e-06,0.0,0.0,0.570018
2279,25-Dec-00,24:00:00,162.83888,0.000724,9e-06,9e-06,0.0,0.0,0.439611,0.000723,6e-06,6e-06,0.0,0.0,0.509857,0.000721,8e-06,8e-06,0.0,0.0,0.567961
2280,26-Dec-00,24:00:00,162.991299,0.000535,8e-06,8e-06,0.0,0.0,0.437491,0.000533,6e-06,6e-06,0.0,0.0,0.507741,0.000531,7e-06,7e-06,0.0,0.0,0.565852
2281,27-Dec-00,24:00:00,162.999624,0.000777,8e-06,8e-06,0.0,0.0,0.435229,0.000775,6e-06,6e-06,0.0,0.0,0.505484,0.000773,7e-06,7e-06,0.0,0.0,0.563603
2282,28-Dec-00,24:00:00,163.000003,0.000461,7e-06,7e-06,0.0,0.0,0.433095,0.00046,5e-06,5e-06,0.0,0.0,0.503355,0.000458,6e-06,6e-06,0.0,0.0,0.56148
2283,29-Dec-00,24:00:00,163.000018,0.000783,7e-06,7e-06,0.0,0.0,0.43096,0.000781,5e-06,5e-06,0.0,0.0,0.501223,0.000779,6e-06,6e-06,0.0,0.0,0.559355
2284,30-Dec-00,24:00:00,163.000017,0.00065,7e-06,7e-06,0.0,0.0,0.428577,0.000648,5e-06,5e-06,0.0,0.0,0.498846,0.000646,6e-06,6e-06,0.0,0.0,0.556984
2285,31-Dec-00,24:00:00,163.000016,0.000814,6e-06,6e-06,0.0,0.0,0.42604,0.000812,5e-06,5e-06,0.0,0.0,0.496314,0.00081,5e-06,5e-06,0.0,0.0,0.55446
2286,01-Jan-01,24:00:00,163.000015,0.000763,6e-06,6e-06,0.0,0.0,0.42334,0.000762,4e-06,4e-06,0.0,0.0,0.493619,0.000759,5e-06,5e-06,0.0,0.0,0.551773
2287,02-Jan-01,24:00:00,163.000014,0.000667,5e-06,5e-06,0.0,0.0,0.420922,0.000665,4e-06,4e-06,0.0,0.0,0.491206,0.000664,5e-06,5e-06,0.0,0.0,0.549368
2288,03-Jan-01,24:00:00,163.000014,0.000913,5e-06,5e-06,0.0,0.0,0.418167,0.000911,4e-06,4e-06,0.0,0.0,0.488454,0.000909,4e-06,4e-06,0.0,0.0,0.546623
2289,04-Jan-01,24:00:00,163.000013,0.000814,5e-06,5e-06,0.0,0.0,0.415194,0.000812,4e-06,4e-06,0.0,0.0,0.485487,0.00081,4e-06,4e-06,0.0,0.0,0.543664
2290,05-Jan-01,24:00:00,163.000012,0.000597,5e-06,5e-06,0.0,0.0,0.412814,0.000596,3e-06,3e-06,0.0,0.0,0.483112,0.000594,4e-06,4e-06,0.0,0.0,0.541296
2291,06-Jan-01,24:00:00,163.000011,0.000661,4e-06,4e-06,0.0,0.0,0.410861,0.00066,3e-06,3e-06,0.0,0.0,0.481161,0.000658,4e-06,4e-06,0.0,0.0,0.539348
2292,07-Jan-01,24:00:00,215.177938,0.000759,3.144653,4e-06,0.027454,0.0,0.488215,0.000758,44.031894,3e-06,0.02481,0.0,0.550131,0.000757,23.314463,3e-06,0.021059,0.0,0.598021
2293,08-Jan-01,24:00:00,192.276036,0.000201,1.188341,4e-06,0.014484,0.0,0.517674,0.0002,17.433641,3e-06,0.013001,0.0,0.579005,0.0002,12.342974,3e-06,0.014275,0.0,0.626536
2294,09-Jan-01,24:00:00,216.930965,0.000344,4.321638,4e-06,0.04971,0.0,0.618999,0.000344,58.186954,3e-06,0.043859,0.0,0.666575,0.000344,33.517615,3e-06,0.036348,0.0,0.706969
2295,10-Jan-01,24:00:00,219.678607,0.000405,5.840515,3e-06,0.030649,0.0,0.769468,0.000405,72.957114,2e-06,0.023544,0.0,0.796633,0.000405,21.909795,3e-06,0.011399,0.0,0.805104
2296,11-Jan-01,24:00:00,107.806027,0.000633,2.451258,3e-06,0.0,0.0,0.828756,0.000632,23.867185,2e-06,0.0,0.0,0.840492,0.000631,1.236516,3e-06,0.0,0.0,0.822771
2297,12-Jan-01,24:00:00,66.339607,0.000676,0.147335,3e-06,0.0,0.0,0.828756,0.000675,0.939798,2e-06,0.0,0.0,0.840492,0.000673,3e-06,3e-06,0.0,0.0,0.822771
2298,13-Jan-01,24:00:00,110.460249,0.000819,0.000108,3e-06,0.0,0.0,0.828756,0.000818,2e-06,2e-06,0.0,0.0,0.840492,0.000816,2e-06,2e-06,0.0,0.0,0.822771
2299,14-Jan-01,24:00:00,134.572712,0.000992,3e-06,3e-06,0.0,0.0,0.828756,0.00099,2e-06,2e-06,0.0,0.0,0.840492,0.000988,2e-06,2e-06,0.0,0.0,0.822771
2300,15-Jan-01,24:00:00,136.870488,0.000866,3e-06,3e-06,0.0,0.0,0.828756,0.000865,2e-06,2e-06,0.0,0.0,0.840492,0.000863,2e-06,2e-06,0.0,0.0,0.822771
2301,16-Jan-01,24:00:00,136.994159,0.000717,2e-06,2e-06,0.0,0.0,0.827944,0.000716,2e-06,2e-06,0.0,0.0,0.839692,0.000714,2e-06,2e-06,0.0,0.0,0.821907
2302,17-Jan-01,24:00:00,136.999763,0.000531,2e-06,2e-06,0.0,0.0,0.826056,0.000531,2e-06,2e-06,0.0,0.0,0.837817,0.000529,2e-06,2e-06,0.0,0.0,0.819982
2303,18-Jan-01,24:00:00,136.999996,0.000934,2e-06,2e-06,0.0,0.0,0.823585,0.000933,2e-06,2e-06,0.0,0.0,0.835349,0.000932,2e-06,2e-06,0.0,0.0,0.817519
2304,19-Jan-01,24:00:00,137.000005,0.000873,2e-06,2e-06,0.0,0.0,0.820754,0.000872,1e-06,1e-06,0.0,0.0,0.832521,0.000871,2e-06,2e-06,0.0,0.0,0.814696
2305,20-Jan-01,24:00:00,137.000005,0.000473,2e-06,2e-06,0.0,0.0,0.81813,0.000472,1e-06,1e-06,0.0,0.0,0.829899,0.000471,2e-06,2e-06,0.0,0.0,0.812079
2306,21-Jan-01,24:00:00,137.000005,0.001348,2e-06,2e-06,0.0,0.0,0.815294,0.001347,1e-06,1e-06,0.0,0.0,0.827066,0.001345,1e-06,1e-06,0.0,0.0,0.80925
2307,22-Jan-01,24:00:00,156.94733,0.000241,2.250735,2e-06,0.054438,0.0,0.868941,0.00024,34.277002,0.006102,0.051324,8.9e-05,0.874881,0.00024,31.685727,1e-06,0.051236,0.0,0.856042
2308,23-Jan-01,24:00:00,282.688579,0.000709,23.471827,18.264028,0.001802,0.001571,1.0,0.000708,108.195475,35.48554,0.002281,0.002281,1.0,0.000707,28.400796,1e-06,0.002837,0.0,0.99192
2309,24-Jan-01,24:00:00,786.583295,0.000279,307.620062,105.207732,0.040038,0.040038,1.0,0.000278,316.758462,151.077191,0.039185,0.039185,1.0,0.000278,591.90328,522.091716,0.0339,0.031543,0.997091
2310,25-Jan-01,24:00:00,2736.038333,0.000446,798.172669,639.921184,0.00859,0.00859,1.0,0.000446,901.660147,774.713638,0.009295,0.009295,1.0,0.000445,756.065374,736.151724,0.009305,0.009305,1.0
2311,26-Jan-01,24:00:00,980.428193,0.001082,364.868545,354.795351,0.0,0.0,1.0,0.001081,354.558441,347.803073,0.0,0.0,1.0,0.00108,73.071225,73.067871,0.0,0.0,1.0
2312,27-Jan-01,24:00:00,357.459782,0.00113,111.418534,111.410564,0.0,0.0,1.0,0.001129,101.23209,101.206817,0.0,0.0,1.0,0.001128,60.043563,60.043563,0.0,0.0,1.0
2313,28-Jan-01,24:00:00,276.96824,0.001083,58.083184,58.083184,0.0,0.0,1.0,0.001083,61.078434,61.078434,0.0,0.0,1.0,0.001081,56.536336,56.536336,0.0,0.0,1.0
2314,29-Jan-01,24:00:00,267.937672,0.000907,48.088037,48.088037,0.0,0.0,0.999323,0.000893,54.050725,54.050725,0.0,0.0,0.999344,0.000891,53.243907,53.243907,0.0,0.0,0.999354
2315,30-Jan-01,24:00:00,257.329591,0.001136,44.513575,44.513575,0.0,0.0,0.996606,0.001129,50.611665,50.611665,0.0,0.0,0.996679,0.001127,50.143221,50.143221,0.0,0.0,0.996701
2316,31-Jan-01,24:00:00,248.604942,0.001091,41.840068,41.840068,0.0,0.0,0.992739,0.00109,47.64235,47.64235,0.0,0.0,0.992823,0.001089,47.223106,47.223106,0.0,0.0,0.99285
2317,01-Feb-01,24:00:00,217.22257,0.00056,39.395553,39.395553,0.0,0.0,0.989906,0.00056,44.86634,44.86634,0.0,0.0,0.989993,0.000559,44.473045,44.473045,0.0,0.0,0.990023
2318,02-Feb-01,24:00:00,168.611199,0.001421,37.100596,37.100596,0.0,0.0,0.986523,0.00142,42.253424,42.253424,0.0,0.0,0.986612,0.001418,41.883135,41.883135,0.0,0.0,0.986647
2319,03-Feb-01,24:00:00,142.218837,0.001585,34.939958,34.939958,0.0,0.0,0.981478,0.001583,39.792768,39.792768,0.0,0.0,0.98157,0.001582,39.44405,39.44405,0.0,0.0,0.98161
2320,04-Feb-01,24:00:00,133.635371,0.001651,32.905207,32.905207,0.0,0.0,0.976084,0.001649,37.475416,37.475416,0.0,0.0,0.97618,0.001647,37.147006,37.147006,0.0,0.0,0.976226
2321,05-Feb-01,24:00:00,127.15941,0.001529,30.988955,30.988955,0.0,0.0,0.970492,0.001528,35.293017,35.293017,0.0,0.0,0.970594,0.001526,34.983732,34.983732,0.0,0.0,0.970649
2322,06-Feb-01,24:00:00,121.147737,0.001577,29.184298,29.184298,0.0,0.0,0.965117,0.001576,33.237711,33.237711,0.0,0.0,0.965222,0.001575,32.946437,32.946437,0.0,0.0,0.965282
2323,07-Feb-01,24:00:00,115.490118,0.001296,27.484736,27.484736,0.0,0.0,0.960238,0.001296,31.302096,31.302096,0.0,0.0,0.960346,0.001294,31.027785,31.027785,0.0,0.0,0.960409
2324,08-Feb-01,24:00:00,200.815319,0.000547,66.203026,64.040727,0.031981,0.019643,0.986468,0.000546,81.114561,54.112409,0.024719,0.012408,0.9844,0.000545,174.09181,154.083976,0.022841,0.010549,0.983978
2325,09-Feb-01,24:00:00,922.320875,0.000531,306.604833,304.261539,0.006713,0.006713,1.0,0.000531,323.272869,289.254868,0.014193,0.014193,1.0,0.00053,263.199065,255.973269,0.009457,0.009457,1.0
2326,10-Feb-01,24:00:00,1889.407582,0.000369,409.532629,406.487783,0.028823,0.028823,1.0,0.000369,623.946816,566.999928,0.029762,0.029762,1.0,0.000368,1112.774244,1072.143829,0.034345,0.034345,1.0
2327,11-Feb-01,24:00:00,2040.599167,0.000653,596.611974,593.19425,0.014437,0.014437,1.0,0.000653,696.051957,658.677304,0.007736,0.007736,1.0,0.000652,492.190851,481.997503,0.003602,0.003602,1.0
2328,12-Feb-01,24:00:00,900.418794,0.001342,371.476539,371.006377,0.0,0.0,1.0,0.001341,296.654207,293.604867,0.000265,0.000265,1.0,0.00134,112.981045,112.981045,0.0,0.0,1.0
2329,13-Feb-01,24:00:00,412.795198,0.001446,148.228351,148.211757,0.0,0.0,1.0,0.001445,124.2797,124.228058,0.0,0.0,1.0,0.001444,103.428963,103.428963,0.0,0.0,1.0
2330,14-Feb-01,24:00:00,303.650126,0.000616,93.198862,93.198862,0.0,0.0,1.0,0.000615,93.003033,93.003033,0.0,0.0,1.0,0.000614,97.402494,97.402494,0.0,0.0,1.0
2331,15-Feb-01,24:00:00,276.437066,0.000919,80.95416,80.95416,0.0,0.0,0.999145,0.000918,85.065122,85.065122,0.0,0.0,0.999895,0.000917,91.730209,91.730209,0.0,0.0,0.99892
2332,16-Feb-01,24:00:00,531.959846,0.000699,148.16622,146.317848,0.024557,0.023651,0.99893,0.000698,191.428609,166.965102,0.019344,0.018968,0.999571,0.000697,476.339759,457.196517,0.018387,0.017363,0.998632
2333,17-Feb-01,24:00:00,1338.193836,0.000927,409.83467,408.246587,0.001119,0.001119,1.0,0.000926,432.646726,411.648247,0.004661,0.004661,1.0,0.000925,278.618836,276.369217,0.000897,0.000897,1.0
2334,18-Feb-01,24:00:00,1212.053892,0.000619,379.87833,376.865379,0.045547,0.045547,1.0,0.000618,464.536384,423.40687,0.037447,0.037447,1.0,0.000618,574.841547,554.44693,0.029347,0.029347,1.0
2335,19-Feb-01,24:00:00,3561.064583,0.000596,934.87209,928.460692,0.040294,0.040294,1.0,0.000596,1122.969451,1028.347236,0.043392,0.043392,1.0,0.000596,1675.547917,1620.84253,0.043466,0.043466,1.0
2336,20-Feb-01,24:00:00,3498.47125,0.001317,1086.193028,1080.784746,0.02573,0.02573,1.0,0.001316,1258.653333,1183.511667,0.024397,0.024397,1.0,0.001314,956.288493,932.384299,0.017148,0.017148,1.0
2337,21-Feb-01,24:00:00,3022.794583,0.000706,859.490012,855.860807,0.033557,0.033557,1.0,0.000705,993.123783,936.336078,0.03175,0.03175,1.0,0.000704,1326.32828,1283.761791,0.038071,0.038071,1.0
2338,22-Feb-01,24:00:00,2615.3575,0.001118,819.036661,815.829825,0.011863,0.011863,1.0,0.001117,924.763418,880.436798,0.014305,0.014305,1.0,0.001116,602.021531,594.214291,0.00637,0.00637,1.0
2339,23-Feb-01,24:00:00,1848.064583,0.000554,586.285413,584.560005,0.019778,0.019778,1.0,0.000554,625.347004,603.834353,0.015571,0.015571,1.0,0.000553,675.475635,659.823047,0.019104,0.019104,1.0
2340,24-Feb-01,24:00:00,2133.730833,0.00077,655.375954,652.39235,0.014313,0.014313,1.0,0.000769,709.723718,669.537604,0.014755,0.014755,1.0,0.000769,702.819389,688.791648,0.007619,0.007619,1.0
2341,25-Feb-01,24:00:00,1436.12,0.001789,505.895523,505.209066,0.001887,0.001887,1.0,0.001789,529.334888,519.840574,0.002138,0.002138,1.0,0.001789,288.483236,288.460541,0.0,0.0,1.0
2342,26-Feb-01,24:00:00,915.720212,0.002293,302.788275,302.729156,0.0,0.0,1.0,0.002293,310.177051,309.531201,0.0,0.0,1.0,0.002293,262.120271,262.120271,0.0,0.0,0.999346
2343,27-Feb-01,24:00:00,740.909991,0.00205,229.124991,229.12325,0.0,0.0,0.996978,0.00205,240.720766,240.713077,0.0,0.0,0.996979,0.00205,246.84234,246.84234,0.0,0.0,0.994816
2344,28-Feb-01,24:00:00,680.205384,0.001314,205.879302,205.879302,0.0,0.0,0.991072,0.001313,219.782284,219.782284,0.0,0.0,0.991074,0.001312,232.467345,232.467345,0.0,0.0,0.988807
2345,01-Mar-01,24:00:00,675.326828,0.001088,192.579972,192.579972,0.0,0.0,0.988739,0.001088,206.914143,206.307231,0.000343,0.0,0.989674,0.001088,272.277202,266.087922,0.005572,0.001633,0.998115
2346,02-Mar-01,24:00:00,623.522245,0.00104,181.229511,181.216685,0.002653,0.0,0.989688,0.001039,195.134547,194.437917,0.00354,0.000599,0.991435,0.001039,219.446312,218.898335,0.002702,0.002702,1.0
2347,03-Mar-01,24:00:00,3597.686917,0.000549,1205.032122,410.284322,0.059783,0.059151,1.0,0.000548,1327.314262,497.820419,0.058004,0.058004,1.0,0.000548,2172.013847,1264.634841,0.055062,0.055062,1.0
2348,04-Mar-01,24:00:00,5162.00875,0.001055,1574.000081,937.325564,0.0,0.0,1.0,0.001054,1603.737566,1077.255829,0.0,0.0,1.0,0.001053,1004.760759,918.70398,0.0,0.0,1.0
2349,05-Mar-01,24:00:00,1426.136604,0.002221,527.754749,487.552751,0.0,0.0,1.0,0.002221,499.038493,477.661037,0.0,0.0,1.0,0.002221,266.365081,266.365081,0.0,0.0,1.0
2350,06-Mar-01,24:00:00,788.184939,0.002562,252.316038,252.316038,0.0,0.0,0.997785,0.002562,253.18216,253.18216,0.0,0.0,0.997787,0.002562,248.05944,248.05944,0.0,0.0,0.99779
2351,07-Mar-01,24:00:00,668.095367,0.001955,198.942614,198.942614,0.0,0.0,0.991052,0.001955,212.062936,212.062936,0.0,0.0,0.991055,0.001955,233.610867,233.610867,0.0,0.0,0.991061
2352,08-Mar-01,24:00:00,620.591399,0.001808,182.164421,182.164421,0.0,0.0,0.984639,0.001808,197.174875,197.174875,0.0,0.0,0.984643,0.001807,220.00642,220.00642,0.0,0.0,0.984648
2353,09-Mar-01,24:00:00,583.692162,0.002168,170.964883,170.964883,0.0,0.0,0.97782,0.002168,185.485246,185.485246,0.0,0.0,0.977823,0.002168,207.194237,207.194237,0.0,0.0,0.97783
2354,10-Mar-01,24:00:00,549.397361,0.002349,160.94771,160.94771,0.0,0.0,0.970169,0.002349,174.668128,174.668128,0.0,0.0,0.970173,0.002349,195.128178,195.128178,0.0,0.0,0.970179
2355,11-Mar-01,24:00:00,518.075622,0.002428,151.568957,151.568957,0.0,0.0,0.961922,0.002428,164.495186,164.495186,0.0,0.0,0.961925,0.002428,183.764792,183.764792,0.0,0.0,0.961932
2356,12-Mar-01,24:00:00,490.913243,0.002649,142.741722,142.741722,0.0,0.0,0.953381,0.002649,154.915658,154.915658,0.0,0.0,0.953384,0.002649,173.063158,173.063158,0.0,0.0,0.953391
2357,13-Mar-01,24:00:00,466.104365,0.002617,134.429039,134.429039,0.0,0.0,0.944364,0.002617,145.894063,145.894063,0.0,0.0,0.944368,0.002617,162.984739,162.984739,0.0,0.0,0.944375
2358,14-Mar-01,24:00:00,441.382786,0.001528,126.600493,126.600493,0.0,0.0,0.936975,0.001527,137.39785,137.39785,0.0,0.0,0.936979,0.001526,153.493242,153.493242,0.0,0.0,0.936987
2359,15-Mar-01,24:00:00,416.801482,0.002497,119.22785,119.22785,0.0,0.0,0.930358,0.002497,129.396418,129.396418,0.0,0.0,0.930363,0.002497,144.554487,144.554487,0.0,0.0,0.930374
2360,16-Mar-01,24:00:00,393.579618,0.001843,112.284557,112.284557,0.0,0.0,0.922734,0.001842,121.860953,121.860953,0.0,0.0,0.92274,0.001841,136.136285,136.136285,0.0,0.0,0.922752
2361,17-Mar-01,24:00:00,371.707636,0.002983,105.74561,105.74561,0.0,0.0,0.914662,0.002983,114.76432,114.76432,0.0,0.0,0.914669,0.002983,128.208321,128.208321,0.0,0.0,0.914684
2362,18-Mar-01,24:00:00,351.109299,0.002733,99.587462,99.587462,0.0,0.0,0.90471,0.002733,108.080963,108.080963,0.0,0.0,0.904718,0.002733,120.742046,120.742046,0.0,0.0,0.904733
2363,19-Mar-01,24:00:00,331.710514,0.002668,93.787937,93.787937,0.0,0.0,0.895311,0.002668,101.786815,101.786815,0.0,0.0,0.895319,0.002668,113.710573,113.710573,0.0,0.0,0.895335
2364,20-Mar-01,24:00:00,313.441427,0.002805,88.32615,88.32615,0.0,0.0,0.886004,0.002805,95.859209,95.859209,0.0,0.0,0.886011,0.002805,107.088581,107.088581,0.0,0.0,0.886027
2365,21-Mar-01,24:00:00,302.379911,0.001352,83.182433,83.182433,0.0,0.0,0.878925,0.001352,90.2768,90.2768,0.0,0.0,0.878933,0.001352,100.852225,100.852225,0.0,0.0,0.878949
2366,22-Mar-01,24:00:00,296.323213,0.002186,78.338263,78.338263,0.0,0.0,0.873051,0.002186,85.019486,85.019486,0.0,0.0,0.873059,0.002186,94.979045,94.979045,0.0,0.0,0.873076
2367,23-Mar-01,24:00:00,291.446143,0.000834,74.317716,73.776195,0.018923,0.0,0.882858,0.000834,88.893505,80.068334,0.017223,0.0,0.881402,0.000833,99.17293,89.447893,0.016444,0.0,0.881732
2368,24-Mar-01,24:00:00,318.620338,0.001948,71.430333,69.479802,0.0,0.0,0.931702,0.001947,100.835043,75.405515,0.0,0.0,0.925882,0.001947,92.787116,84.238851,0.0,0.0,0.923231
2369,25-Mar-01,24:00:00,264.363154,0.002543,65.58547,65.433611,0.0,0.0,0.931388,0.002543,72.348999,71.014238,0.0,0.0,0.925568,0.002543,79.33316,79.33316,0.0,0.0,0.922918
2370,26-Mar-01,24:00:00,247.370833,0.003009,61.624046,61.623052,0.0,0.0,0.925987,0.003008,66.878688,66.878688,0.0,0.0,0.920169,0.003007,74.713154,74.713154,0.0,0.0,0.91752
2371,27-Mar-01,24:00:00,235.048746,0.002442,58.034403,58.034403,0.0,0.0,0.916201,0.002441,62.983975,62.983975,0.0,0.0,0.910385,0.002441,70.362196,70.362196,0.0,0.0,0.907739
2372,28-Mar-01,24:00:00,223.679735,0.001734,54.654741,54.654741,0.0,0.0,0.908808,0.001734,59.316072,59.316072,0.0,0.0,0.902993,0.001734,66.264619,66.264619,0.0,0.0,0.900347
2373,29-Mar-01,24:00:00,212.982647,0.003687,51.471895,51.471895,0.0,0.0,0.900269,0.003686,55.861771,55.861771,0.0,0.0,0.894454,0.003685,62.405666,62.405666,0.0,0.0,0.891809
2374,30-Mar-01,24:00:00,202.908901,0.003609,48.474404,48.474404,0.0,0.0,0.887725,0.003608,52.608633,52.608633,0.0,0.0,0.881912,0.003607,58.771441,58.771441,0.0,0.0,0.87927
2375,31-Mar-01,24:00:00,193.42182,0.003092,45.651473,45.651473,0.0,0.0,0.876044,0.003092,49.544943,49.544943,0.0,0.0,0.870233,0.00309,55.348857,55.348857,0.0,0.0,0.867597
2376,01-Apr-01,24:00:00,184.919158,0.002246,42.992937,42.992937,0.0,0.0,0.866691,0.002245,46.659669,46.659669,0.0,0.0,0.860883,0.002244,52.125589,52.125589,0.0,0.0,0.858252
2377,02-Apr-01,24:00:00,180.041692,0.002375,40.489222,40.489222,0.0,0.0,0.858702,0.002375,43.94242,43.94242,0.0,0.0,0.852896,0.002373,49.090029,49.090029,0.0,0.0,0.85027
2378,03-Apr-01,24:00:00,179.649595,0.002491,38.131312,38.131312,0.0,0.0,0.850663,0.00249,41.383411,41.383411,0.0,0.0,0.844859,0.002489,46.231247,46.231247,0.0,0.0,0.842236
2379,04-Apr-01,24:00:00,177.171935,0.003108,35.910716,35.910716,0.0,0.0,0.84106,0.003108,38.973428,38.973428,0.0,0.0,0.835257,0.003106,43.538948,43.538948,0.0,0.0,0.832638
2380,05-Apr-01,24:00:00,171.493982,0.000967,33.819438,33.819438,0.0,0.0,0.833791,0.000967,36.703791,36.703791,0.0,0.0,0.827991,0.000966,41.003436,41.003436,0.0,0.0,0.826772
2381,06-Apr-01,24:00:00,165.927927,0.001986,31.849946,31.849946,0.0,0.0,0.828845,0.001985,34.566327,34.566327,0.0,0.0,0.823046,0.001984,38.61558,38.61558,0.0,0.0,0.826723
2382,07-Apr-01,24:00:00,159.799332,0.00133,29.995148,29.995148,0.0,0.0,0.822914,0.001329,32.55334,32.55334,0.0,0.0,0.817117,0.001329,36.366783,36.366783,0.0,0.0,0.824241
2383,08-Apr-01,24:00:00,153.93458,0.002578,28.248366,28.248366,0.0,0.0,0.816598,0.002577,30.65758,30.65758,0.0,0.0,0.810803,0.002576,34.248945,34.248945,0.0,0.0,0.817929
2384,09-Apr-01,24:00:00,148.406261,0.002607,26.603309,26.603309,0.0,0.0,0.807572,0.002606,28.872221,28.872221,0.0,0.0,0.801777,0.002605,32.254441,32.254441,0.0,0.0,0.808907
2385,10-Apr-01,24:00:00,143.199653,0.002089,25.054052,25.054052,0.0,0.0,0.799725,0.002089,27.190833,27.190833,0.0,0.0,0.793933,0.002088,30.376087,30.376087,0.0,0.0,0.801066
2386,11-Apr-01,24:00:00,138.72818,0.003003,23.595016,23.595016,0.0,0.0,0.790937,0.003002,25.607361,25.607361,0.0,0.0,0.785146,0.003001,28.607121,28.607121,0.0,0.0,0.792282
2387,12-Apr-01,24:00:00,135.055534,0.002524,22.220949,22.220949,0.0,0.0,0.781299,0.002524,24.116104,24.116104,0.0,0.0,0.77551,0.002523,26.941171,26.941171,0.0,0.0,0.78265
2388,13-Apr-01,24:00:00,131.271711,0.002831,20.926901,20.926901,0.0,0.0,0.772166,0.002831,22.71169,22.71169,0.0,0.0,0.766378,0.00283,25.372238,25.372238,0.0,0.0,0.77352
2389,14-Apr-01,24:00:00,127.230695,0.003045,19.708213,19.708213,0.0,0.0,0.762522,0.003045,21.389064,21.389064,0.0,0.0,0.756735,0.003044,23.894674,23.894674,0.0,0.0,0.763881
2390,15-Apr-01,24:00:00,123.376488,0.002217,18.560495,18.560495,0.0,0.0,0.75282,0.002217,20.143461,20.143461,0.0,0.0,0.747034,0.002216,22.503155,22.503155,0.0,0.0,0.754182
2391,16-Apr-01,24:00:00,119.744088,0.002891,17.479616,17.479616,0.0,0.0,0.747217,0.00289,18.970397,18.970397,0.0,0.0,0.741294,0.002889,21.192673,21.192673,0.0,0.0,0.745895
2392,17-Apr-01,24:00:00,116.323102,0.001369,16.461681,16.461681,0.0,0.0,0.741741,0.001369,17.865646,17.865646,0.0,0.0,0.735656,0.001369,19.958507,19.958507,0.0,0.0,0.738275
2393,18-Apr-01,24:00:00,113.101334,0.002206,15.503027,15.503027,0.0,0.0,0.735592,0.002206,16.825232,16.825232,0.0,0.0,0.729509,0.002205,18.796214,18.796214,0.0,0.0,0.73213
2394,19-Apr-01,24:00:00,128.009324,0.000986,15.913824,14.600201,0.016547,0.0,0.759522,0.000986,39.307727,15.845406,0.017451,0.0,0.755873,0.000985,34.651122,17.701607,0.015826,0.0,0.758076
2395,20-Apr-01,24:00:00,141.557888,0.003023,14.690552,13.749951,0.0,0.0,0.788343,0.003023,27.048147,14.922641,0.0,0.0,0.785359,0.003022,17.307595,16.670745,0.0,0.0,0.782412
2396,21-Apr-01,24:00:00,108.460508,0.003052,13.007809,12.949216,0.0,0.0,0.785631,0.003052,14.52603,14.053613,0.0,0.0,0.782649,0.003051,15.699916,15.699916,0.0,0.0,0.779071
2397,22-Apr-01,24:00:00,103.514753,0.003433,12.195112,12.195112,0.0,0.0,0.775708,0.003433,13.235194,13.235194,0.0,0.0,0.772728,0.003432,14.785624,14.785624,0.0,0.0,0.768574
2398,23-Apr-01,24:00:00,101.97758,0.003959,11.484923,11.484923,0.0,0.0,0.76317,0.003959,12.464436,12.464436,0.0,0.0,0.760192,0.003959,13.924575,13.924575,0.0,0.0,0.756038
2399,24-Apr-01,24:00:00,100.72413,0.004003,10.816093,10.816093,0.0,0.0,0.749444,0.004003,11.738564,11.738564,0.0,0.0,0.746466,0.004003,13.113671,13.113671,0.0,0.0,0.742313
2400,25-Apr-01,24:00:00,110.837364,0.004124,10.186213,10.186213,0.0,0.0,0.73577,0.004124,11.054962,11.054962,0.0,0.0,0.732793,0.004124,12.34999,12.34999,0.0,0.0,0.72864
2401,26-Apr-01,24:00:00,137.010873,0.00314,9.593013,9.593013,0.0,0.0,0.722948,0.00314,10.411171,10.411171,0.0,0.0,0.719971,0.00314,11.630782,11.630782,0.0,0.0,0.715818
2402,27-Apr-01,24:00:00,153.47396,0.002883,9.034359,9.034359,0.0,0.0,0.712992,0.002883,9.804871,9.804871,0.0,0.0,0.710015,0.002883,10.953458,10.953458,0.0,0.0,0.705862
2403,28-Apr-01,24:00:00,153.492632,0.003806,8.508239,8.508239,0.0,0.0,0.701412,0.003806,9.23388,9.23388,0.0,0.0,0.698435,0.003806,10.315578,10.315578,0.0,0.0,0.694281
2404,29-Apr-01,24:00:00,151.924058,0.003926,8.012758,8.012758,0.0,0.0,0.688093,0.003926,8.69614,8.69614,0.0,0.0,0.685116,0.003926,9.714845,9.714845,0.0,0.0,0.680963
2405,30-Apr-01,24:00:00,152.08798,0.003834,7.546131,7.546131,0.0,0.0,0.674765,0.003834,8.189716,8.189716,0.0,0.0,0.671788,0.003834,9.149096,9.149096,0.0,0.0,0.667635
2406,01-May-01,24:00:00,153.960195,0.003981,7.106678,7.106678,0.0,0.0,0.661454,0.003981,7.712784,7.712784,0.0,0.0,0.658477,0.00398,8.616294,8.616294,0.0,0.0,0.654324
2407,02-May-01,24:00:00,155.180362,0.003713,6.692817,6.692817,0.0,0.0,0.647932,0.003713,7.263626,7.263626,0.0,0.0,0.644955,0.003713,8.11452,8.11452,0.0,0.0,0.640801
2408,03-May-01,24:00:00,155.063829,0.004549,6.303058,6.303058,0.0,0.0,0.63435,0.004549,6.840625,6.840625,0.0,0.0,0.631373,0.004549,7.641966,7.641966,0.0,0.0,0.627219
2409,04-May-01,24:00:00,153.942883,0.004441,5.935996,5.935996,0.0,0.0,0.618802,0.004441,6.442258,6.442258,0.0,0.0,0.615825,0.004441,7.196933,7.196933,0.0,0.0,0.611672
2410,05-May-01,24:00:00,152.787182,0.004489,5.59031,5.59031,0.0,0.0,0.603464,0.004489,6.06709,6.06709,0.0,0.0,0.600487,0.004489,6.777816,6.777816,0.0,0.0,0.596333
2411,06-May-01,24:00:00,151.693358,0.004486,5.264756,5.264756,0.0,0.0,0.587957,0.004486,5.71377,5.71377,0.0,0.0,0.58498,0.004486,6.383106,6.383106,0.0,0.0,0.580826
2412,07-May-01,24:00:00,150.662987,0.00479,4.95816,4.95816,0.0,0.0,0.572122,0.00479,5.381026,5.381026,0.0,0.0,0.569145,0.00479,6.011383,6.011383,0.0,0.0,0.564991
2413,08-May-01,24:00:00,149.69261,0.004773,4.669419,4.669419,0.0,0.0,0.555757,0.004773,5.067659,5.067659,0.0,0.0,0.55278,0.004773,5.661307,5.661307,0.0,0.0,0.548626
2414,09-May-01,24:00:00,148.778743,0.00451,4.397493,4.397493,0.0,0.0,0.53969,0.00451,4.772541,4.772541,0.0,0.0,0.536712,0.00451,5.331618,5.331618,0.0,0.0,0.532558
2415,10-May-01,24:00:00,147.918096,0.004687,4.141403,4.141403,0.0,0.0,0.524143,0.004687,4.49461,4.49461,0.0,0.0,0.521165,0.004687,5.021129,5.021129,0.0,0.0,0.517012
2416,11-May-01,24:00:00,147.107569,0.003337,3.900226,3.900226,0.0,0.0,0.510063,0.003337,4.232864,4.232864,0.0,0.0,0.507085,0.003337,4.728721,4.728721,0.0,0.0,0.502932
2417,12-May-01,24:00:00,146.344243,0.003524,3.673095,3.673095,0.0,0.0,0.498522,0.003524,3.986361,3.986361,0.0,0.0,0.495544,0.003525,4.453342,4.453342,0.0,0.0,0.491389
2418,13-May-01,24:00:00,145.62537,0.003333,3.45919,3.45919,0.0,0.0,0.486585,0.003333,3.754214,3.754214,0.0,0.0,0.483608,0.003332,4.193999,4.193999,0.0,0.0,0.479454
2419,14-May-01,24:00:00,145.380295,0.002053,3.257743,3.257743,0.0,0.0,0.477315,0.002053,3.535585,3.535585,0.0,0.0,0.474338,0.002053,3.949759,3.949759,0.0,0.0,0.470184
2420,15-May-01,24:00:00,136.617298,0.004106,3.068026,3.068026,0.0,0.0,0.466889,0.004106,3.329689,3.329689,0.0,0.0,0.463912,0.004106,3.719743,3.719743,0.0,0.0,0.459759
2421,16-May-01,24:00:00,116.300589,0.004661,2.889358,2.889358,0.0,0.0,0.452238,0.004661,3.135783,3.135783,0.0,0.0,0.449261,0.004661,3.503122,3.503122,0.0,0.0,0.445109
2422,17-May-01,24:00:00,103.409185,0.00461,2.721095,2.721095,0.0,0.0,0.43597,0.00461,2.953169,2.953169,0.0,0.0,0.432993,0.00461,3.299116,3.299116,0.0,0.0,0.428841
2423,18-May-01,24:00:00,101.679995,0.004856,2.562631,2.562631,0.0,0.0,0.419816,0.004856,2.781189,2.781189,0.0,0.0,0.41684,0.004856,3.10699,3.10699,0.0,0.0,0.412687
2424,19-May-01,24:00:00,101.113806,0.004894,2.413395,2.413395,0.0,0.0,0.403016,0.004894,2.619226,2.619226,0.0,0.0,0.400039,0.004894,2.926053,2.926053,0.0,0.0,0.395887
2425,20-May-01,24:00:00,100.638538,0.005246,2.272849,2.272849,0.0,0.0,0.38585,0.005246,2.466694,2.466694,0.0,0.0,0.382873,0.005246,2.755653,2.755653,0.0,0.0,0.37872
2426,21-May-01,24:00:00,100.193589,0.005039,2.140489,2.140489,0.0,0.0,0.368251,0.005039,2.323044,2.323044,0.0,0.0,0.365274,0.005039,2.595176,2.595176,0.0,0.0,0.361121
2427,22-May-01,24:00:00,99.774662,0.005265,2.015837,2.015837,0.0,0.0,0.350659,0.005265,2.187761,2.187761,0.0,0.0,0.347682,0.005265,2.444045,2.444045,0.0,0.0,0.343529
2428,23-May-01,24:00:00,99.812071,0.005043,1.898443,1.898443,0.0,0.0,0.332852,0.005043,2.060355,2.060355,0.0,0.0,0.329875,0.005043,2.301715,2.301715,0.0,0.0,0.325722
2429,24-May-01,24:00:00,111.184095,0.004321,1.787886,1.787886,0.0,0.0,0.31656,0.004321,1.94037,1.94037,0.0,0.0,0.313582,0.004321,2.167673,2.167673,0.0,0.0,0.309429
2430,25-May-01,24:00:00,131.574089,0.004527,1.683768,1.683768,0.0,0.0,0.30149,0.004527,1.827371,1.827371,0.0,0.0,0.298512,0.004527,2.041438,2.041438,0.0,0.0,0.294359
2431,26-May-01,24:00:00,141.320731,0.003425,1.585713,1.585713,0.0,0.0,0.288196,0.003426,1.720953,1.720953,0.0,0.0,0.285218,0.003426,1.922553,1.922553,0.0,0.0,0.281064
2432,27-May-01,24:00:00,141.965046,0.00437,1.493368,1.493368,0.0,0.0,0.274626,0.00437,1.620733,1.620733,0.0,0.0,0.271647,0.00437,1.810593,1.810593,0.0,0.0,0.267494
2433,28-May-01,24:00:00,142.587964,0.004632,1.406401,1.406401,0.0,0.0,0.25908,0.004632,1.526349,1.526349,0.0,0.0,0.256101,0.004631,1.705152,1.705152,0.0,0.0,0.251947
2434,29-May-01,24:00:00,143.773525,0.004803,1.324499,1.324499,0.0,0.0,0.242887,0.004803,1.437461,1.437461,0.0,0.0,0.239908,0.004802,1.605851,1.605851,0.0,0.0,0.235756
2435,30-May-01,24:00:00,144.131342,0.004975,1.247366,1.247366,0.0,0.0,0.226104,0.004975,1.35375,1.35375,0.0,0.0,0.223126,0.004974,1.512334,1.512334,0.0,0.0,0.218977
2436,31-May-01,24:00:00,149.559846,0.004804,1.174725,1.174725,0.0,0.0,0.209436,0.004804,1.274913,1.274913,0.0,0.0,0.206459,0.004803,1.424262,1.424262,0.0,0.0,0.202312
2437,01-Jun-01,24:00:00,163.348497,0.004265,1.106314,1.106314,0.0,0.0,0.193704,0.004264,1.200668,1.200668,0.0,0.0,0.190727,0.004264,1.34132,1.34132,0.0,0.0,0.186582
2438,02-Jun-01,24:00:00,172.531643,0.004437,1.041887,1.041887,0.0,0.0,0.178747,0.004437,1.130747,1.130747,0.0,0.0,0.175771,0.004436,1.263207,1.263207,0.0,0.0,0.171628
2439,03-Jun-01,24:00:00,173.245583,0.004833,0.981213,0.981213,0.0,0.0,0.163243,0.004833,1.064897,1.064897,0.0,0.0,0.160267,0.004832,1.189644,1.189644,0.0,0.0,0.156126
2440,04-Jun-01,24:00:00,173.103192,0.004502,0.924071,0.924071,0.0,0.0,0.146872,0.004502,1.002882,1.002882,0.0,0.0,0.143896,0.004502,1.120364,1.120364,0.0,0.0,0.139757
2441,05-Jun-01,24:00:00,172.924594,0.004915,0.870257,0.870257,0.0,0.0,0.131182,0.004915,0.944479,0.944479,0.0,0.0,0.128207,0.004914,1.05512,1.05512,0.0,0.0,0.12407
2442,06-Jun-01,24:00:00,172.754367,0.005194,0.819578,0.819578,0.0,0.0,0.113819,0.005194,0.889477,0.889477,0.0,0.0,0.110844,0.005194,0.993674,0.993674,0.0,0.0,0.106709
2443,07-Jun-01,24:00:00,172.593968,0.005123,0.771849,0.771849,0.0,0.0,0.096168,0.005122,0.837678,0.837678,0.0,0.0,0.093194,0.005122,0.935807,0.935807,0.0,0.0,0.08906
2444,08-Jun-01,24:00:00,172.442908,0.00488,0.7269,0.7269,0.0,0.0,0.078975,0.00488,0.788895,0.788895,0.0,0.0,0.076001,0.004879,0.88131,0.88131,0.0,0.0,0.071869
2445,09-Jun-01,24:00:00,172.300644,0.004545,0.684569,0.684569,0.0,0.0,0.062637,0.004545,0.742953,0.742953,0.0,0.0,0.059664,0.004544,0.829986,0.829986,0.0,0.0,0.055534
2446,10-Jun-01,24:00:00,172.166665,0.004507,0.644702,0.644702,0.0,0.0,0.047046,0.004507,0.699687,0.699687,0.0,0.0,0.044073,0.004507,0.781652,0.781652,0.0,0.0,0.039945
2447,11-Jun-01,24:00:00,172.040488,0.004649,0.607158,0.607158,0.0,0.0,0.031324,0.004648,0.65894,0.65894,0.0,0.0,0.028352,0.004648,0.736132,0.736132,0.0,0.0,0.024225
2448,12-Jun-01,24:00:00,171.921659,0.00484,0.5718,0.5718,0.0,0.0,0.015159,0.00484,0.620567,0.620567,0.0,0.0,0.012187,0.00484,0.693263,0.693263,0.0,0.0,0.008255
2449,13-Jun-01,24:00:00,171.80975,0.004956,0.538501,0.538501,0.0,0.0,0.002516,0.004956,0.584428,0.584428,0.0,0.0,0.001168,0.004955,0.65289,0.65289,0.0,0.0,0.0
2450,14-Jun-01,24:00:00,171.704358,0.00507,0.507141,0.507141,0.0,0.0,0.0,0.00507,0.550393,0.550393,0.0,0.0,0.0,0.00507,0.614869,0.614869,0.0,0.0,0.0
2451,15-Jun-01,24:00:00,171.605104,0.005468,0.477607,0.477607,0.0,0.0,0.0,0.005468,0.518341,0.518341,0.0,0.0,0.0,0.005467,0.579062,0.579062,0.0,0.0,0.0
2452,16-Jun-01,24:00:00,171.51163,0.00575,0.449794,0.449794,0.0,0.0,0.0,0.00575,0.488155,0.488155,0.0,0.0,0.0,0.005749,0.54534,0.54534,0.0,0.0,0.0
2453,17-Jun-01,24:00:00,171.4236,0.005117,0.4236,0.4236,0.0,0.0,0.0,0.005117,0.459727,0.459727,0.0,0.0,0.0,0.005116,0.513582,0.513582,0.0,0.0,0.0
2454,18-Jun-01,24:00:00,171.340696,0.005479,0.398931,0.398931,0.0,0.0,0.0,0.005479,0.432955,0.432955,0.0,0.0,0.0,0.005478,0.483673,0.483673,0.0,0.0,0.0
2455,19-Jun-01,24:00:00,177.741638,0.005565,0.375699,0.375699,0.0,0.0,0.0,0.005565,0.407741,0.407741,0.0,0.0,0.0,0.005565,0.455506,0.455506,0.0,0.0,0.0
2456,20-Jun-01,24:00:00,195.573966,0.005211,0.35382,0.35382,0.0,0.0,0.0,0.005211,0.383996,0.383996,0.0,0.0,0.0,0.00521,0.428979,0.428979,0.0,0.0,0.0
2457,21-Jun-01,24:00:00,209.581079,0.005176,0.333215,0.333215,0.0,0.0,0.0,0.005176,0.361634,0.361634,0.0,0.0,0.0,0.005176,0.403998,0.403998,0.0,0.0,0.0
2458,22-Jun-01,24:00:00,211.024981,0.005528,0.31381,0.31381,0.0,0.0,0.0,0.005528,0.340574,0.340574,0.0,0.0,0.0,0.005527,0.380471,0.380471,0.0,0.0,0.0
2459,23-Jun-01,24:00:00,209.782378,0.004471,0.295535,0.295535,0.0,0.0,0.0,0.004471,0.320741,0.320741,0.0,0.0,0.0,0.00447,0.358314,0.358314,0.0,0.0,0.0
2460,24-Jun-01,24:00:00,203.065423,0.003587,0.278325,0.278325,0.0,0.0,0.0,0.003587,0.302062,0.302062,0.0,0.0,0.0,0.003586,0.337447,0.337447,0.0,0.0,0.0
2461,25-Jun-01,24:00:00,195.842438,0.001982,0.262116,0.262116,0.0,0.0,0.0,0.001982,0.412515,0.284472,0.00035,0.0,0.00025,0.001982,3.734673,0.317796,0.005454,0.0,0.00568
2462,26-Jun-01,24:00:00,216.996763,0.001489,1.177557,0.246852,0.009267,0.0,0.020699,0.001489,27.437242,0.267905,0.016095,0.0,0.039576,0.001489,21.862598,0.299289,0.017163,0.0,0.061565
2463,27-Jun-01,24:00:00,175.994101,0.003329,0.577772,0.232476,0.0,0.0,0.031668,0.00333,6.748179,0.252304,0.0,0.0,0.056279,0.003329,0.434596,0.281859,0.0,0.0,0.077442
2464,28-Jun-01,24:00:00,135.798807,0.004959,0.238241,0.218938,0.0,0.0,0.023646,0.004959,0.427294,0.23761,0.0,0.0,0.048256,0.004959,0.265445,0.265445,0.0,0.0,0.069421
2465,29-Jun-01,24:00:00,131.888306,0.005306,0.206188,0.206188,0.0,0.0,0.007158,0.005306,0.223773,0.223773,0.0,0.0,0.030768,0.005305,0.249987,0.249987,0.0,0.0,0.051934
2466,30-Jun-01,24:00:00,131.660876,0.005259,0.19418,0.19418,0.0,0.0,0.0,0.005259,0.210742,0.210742,0.0,0.0,0.012462,0.005258,0.235429,0.235429,0.0,0.0,0.03363
2467,01-Jul-01,24:00:00,131.614915,0.005084,0.182872,0.182872,0.0,0.0,0.0,0.005083,0.198469,0.198469,0.0,0.0,0.000915,0.005083,0.221718,0.221718,0.0,0.0,0.015724
2468,02-Jul-01,24:00:00,138.921692,0.005444,0.172223,0.172223,0.0,0.0,0.0,0.005443,0.186911,0.186911,0.0,0.0,0.0,0.005443,0.208807,0.208807,0.0,0.0,0.002543
2469,03-Jul-01,24:00:00,157.116233,0.005711,0.162193,0.162193,0.0,0.0,0.0,0.005711,0.176026,0.176026,0.0,0.0,0.0,0.00571,0.196647,0.196647,0.0,0.0,0.0
2470,04-Jul-01,24:00:00,169.25773,0.004408,0.152748,0.152748,0.0,0.0,0.0,0.004407,0.165775,0.165775,0.0,0.0,0.0,0.004407,0.185195,0.185195,0.0,0.0,0.0
2471,05-Jul-01,24:00:00,170.416134,0.005322,0.143852,0.143852,0.0,0.0,0.0,0.005321,0.156121,0.156121,0.0,0.0,0.0,0.005321,0.17441,0.17441,0.0,0.0,0.0
2472,06-Jul-01,24:00:00,170.452249,0.00504,0.135475,0.135475,0.0,0.0,0.0,0.005039,0.147029,0.147029,0.0,0.0,0.0,0.005039,0.164253,0.164253,0.0,0.0,0.0
2473,07-Jul-01,24:00:00,176.475737,0.005202,0.127586,0.127586,0.0,0.0,0.0,0.005202,0.138467,0.138467,0.0,0.0,0.0,0.005201,0.154688,0.154688,0.0,0.0,0.0
2474,08-Jul-01,24:00:00,186.6603,0.004832,0.120156,0.120156,0.0,0.0,0.0,0.004831,0.130403,0.130403,0.0,0.0,0.0,0.004831,0.145679,0.145679,0.0,0.0,0.0
2475,09-Jul-01,24:00:00,190.955385,0.004177,0.113158,0.113158,0.0,0.0,0.0,0.004177,0.122809,0.122809,0.0,0.0,0.0,0.004177,0.137196,0.137196,0.0,0.0,0.0
2476,10-Jul-01,24:00:00,191.335577,0.003606,0.106568,0.106568,0.0,0.0,0.0,0.003607,0.115657,0.115657,0.0,0.0,0.0,0.003606,0.129206,0.129206,0.0,0.0,0.0
2477,11-Jul-01,24:00:00,191.336273,0.004106,0.100362,0.100362,0.0,0.0,0.0,0.004106,0.108922,0.108922,0.0,0.0,0.0,0.004106,0.121682,0.121682,0.0,0.0,0.0
2478,12-Jul-01,24:00:00,191.317606,0.005233,0.094518,0.094518,0.0,0.0,0.0,0.005233,0.102579,0.102579,0.0,0.0,0.0,0.005232,0.114595,0.114595,0.0,0.0,0.0
2479,13-Jul-01,24:00:00,191.299148,0.004714,0.089014,0.089014,0.0,0.0,0.0,0.004714,0.096605,0.096605,0.0,0.0,0.0,0.004714,0.107922,0.107922,0.0,0.0,0.0
2480,14-Jul-01,24:00:00,191.281728,0.005044,0.08383,0.08383,0.0,0.0,0.0,0.005044,0.090979,0.090979,0.0,0.0,0.0,0.005043,0.101637,0.101637,0.0,0.0,0.0
2481,15-Jul-01,24:00:00,191.265322,0.004098,0.078948,0.078948,0.0,0.0,0.0,0.004098,0.085681,0.085681,0.0,0.0,0.0,0.004098,0.095718,0.095718,0.0,0.0,0.0
2482,16-Jul-01,24:00:00,191.249871,0.004766,0.07435,0.07435,0.0,0.0,0.0,0.004766,0.080691,0.080691,0.0,0.0,0.0,0.004765,0.090144,0.090144,0.0,0.0,0.0
2483,17-Jul-01,24:00:00,191.235319,0.004927,0.070021,0.070021,0.0,0.0,0.0,0.004926,0.075992,0.075992,0.0,0.0,0.0,0.004926,0.084894,0.084894,0.0,0.0,0.0
2484,18-Jul-01,24:00:00,191.221615,0.004449,0.065943,0.065943,0.0,0.0,0.0,0.004448,0.071567,0.071567,0.0,0.0,0.0,0.004448,0.07995,0.07995,0.0,0.0,0.0
2485,19-Jul-01,24:00:00,191.208709,0.004299,0.062103,0.062103,0.0,0.0,0.0,0.004299,0.067399,0.067399,0.0,0.0,0.0,0.004298,0.075295,0.075295,0.0,0.0,0.0
2486,20-Jul-01,24:00:00,191.196555,0.004449,0.058486,0.058486,0.0,0.0,0.0,0.004449,0.063474,0.063474,0.0,0.0,0.0,0.004448,0.07091,0.07091,0.0,0.0,0.0
2487,21-Jul-01,24:00:00,191.185109,0.004879,0.05508,0.05508,0.0,0.0,0.0,0.004879,0.059778,0.059778,0.0,0.0,0.0,0.004878,0.06678,0.06678,0.0,0.0,0.0
2488,22-Jul-01,24:00:00,191.174329,0.005273,0.051872,0.051872,0.0,0.0,0.0,0.005273,0.056296,0.056296,0.0,0.0,0.0,0.005272,0.062891,0.062891,0.0,0.0,0.0
2489,23-Jul-01,24:00:00,191.164177,0.005317,0.048852,0.048852,0.0,0.0,0.0,0.005316,0.053018,0.053018,0.0,0.0,0.0,0.005315,0.059229,0.059229,0.0,0.0,0.0
2490,24-Jul-01,24:00:00,191.154616,0.00492,0.046007,0.046007,0.0,0.0,0.0,0.004919,0.04993,0.04993,0.0,0.0,0.0,0.004919,0.05578,0.05578,0.0,0.0,0.0
2491,25-Jul-01,24:00:00,191.145612,0.004523,0.043328,0.043328,0.0,0.0,0.0,0.004523,0.047023,0.047023,0.0,0.0,0.0,0.004522,0.052531,0.052531,0.0,0.0,0.0
2492,26-Jul-01,24:00:00,190.705197,0.004894,0.040804,0.040804,0.0,0.0,0.0,0.004894,0.044284,0.044284,0.0,0.0,0.0,0.004893,0.049472,0.049472,0.0,0.0,0.0
2493,27-Jul-01,24:00:00,189.320066,0.004999,0.038428,0.038428,0.0,0.0,0.0,0.004999,0.041705,0.041705,0.0,0.0,0.0,0.004999,0.046591,0.046591,0.0,0.0,0.0
2494,28-Jul-01,24:00:00,188.234159,0.005103,0.03619,0.03619,0.0,0.0,0.0,0.005103,0.039277,0.039277,0.0,0.0,0.0,0.005103,0.043878,0.043878,0.0,0.0,0.0
2495,29-Jul-01,24:00:00,188.120588,0.003702,0.034083,0.034083,0.0,0.0,0.0,0.003702,0.03699,0.03699,0.0,0.0,0.0,0.003702,0.041322,0.041322,0.0,0.0,0.0
2496,30-Jul-01,24:00:00,188.108145,0.004695,0.032098,0.032098,0.0,0.0,0.0,0.004695,0.034835,0.034835,0.0,0.0,0.0,0.004695,0.038916,0.038916,0.0,0.0,0.0
2497,31-Jul-01,24:00:00,188.101601,0.005003,0.030229,0.030229,0.0,0.0,0.0,0.005003,0.032807,0.032807,0.0,0.0,0.0,0.005003,0.03665,0.03665,0.0,0.0,0.0
2498,01-Aug-01,24:00:00,188.095674,0.004707,0.028468,0.028468,0.0,0.0,0.0,0.004707,0.030896,0.030896,0.0,0.0,0.0,0.004707,0.034515,0.034515,0.0,0.0,0.0
2499,02-Aug-01,24:00:00,187.226233,0.004302,0.02681,0.02681,0.0,0.0,0.0,0.004302,0.029097,0.029097,0.0,0.0,0.0,0.004302,0.032506,0.032506,0.0,0.0,0.0
2500,03-Aug-01,24:00:00,185.330564,0.00368,0.025249,0.025249,0.0,0.0,0.0,0.00368,0.027402,0.027402,0.0,0.0,0.0,0.00368,0.030612,0.030612,0.0,0.0,0.0
2501,04-Aug-01,24:00:00,184.195404,0.004409,0.023779,0.023779,0.0,0.0,0.0,0.004409,0.025807,0.025807,0.0,0.0,0.0,0.004409,0.02883,0.02883,0.0,0.0,0.0
2502,05-Aug-01,24:00:00,184.08144,0.004683,0.022394,0.022394,0.0,0.0,0.0,0.004683,0.024304,0.024304,0.0,0.0,0.0,0.004683,0.027151,0.027151,0.0,0.0,0.0
2503,06-Aug-01,24:00:00,184.071156,0.004823,0.02109,0.02109,0.0,0.0,0.0,0.004823,0.022888,0.022888,0.0,0.0,0.0,0.004823,0.02557,0.02557,0.0,0.0,0.0
2504,07-Aug-01,24:00:00,184.066761,0.005143,0.019862,0.019862,0.0,0.0,0.0,0.005143,0.021555,0.021555,0.0,0.0,0.0,0.005143,0.024081,0.024081,0.0,0.0,0.0
2505,08-Aug-01,24:00:00,184.062862,0.004612,0.018705,0.018705,0.0,0.0,0.0,0.004612,0.0203,0.0203,0.0,0.0,0.0,0.004612,0.022678,0.022678,0.0,0.0,0.0
2506,09-Aug-01,24:00:00,184.059201,0.003511,0.017616,0.017616,0.0,0.0,0.0,0.003511,0.019118,0.019118,0.0,0.0,0.0,0.003511,0.021358,0.021358,0.0,0.0,0.0
2507,10-Aug-01,24:00:00,184.055754,0.004434,0.01659,0.01659,0.0,0.0,0.0,0.004434,0.018005,0.018005,0.0,0.0,0.0,0.004434,0.020114,0.020114,0.0,0.0,0.0
2508,11-Aug-01,24:00:00,183.620572,0.003842,0.015624,0.015624,0.0,0.0,0.0,0.003842,0.016956,0.016956,0.0,0.0,0.0,0.003842,0.018942,0.018942,0.0,0.0,0.0
2509,12-Aug-01,24:00:00,182.672304,0.003898,0.014714,0.014714,0.0,0.0,0.0,0.003898,0.015969,0.015969,0.0,0.0,0.0,0.003899,0.017839,0.017839,0.0,0.0,0.0
2510,13-Aug-01,24:00:00,181.240445,0.004475,0.013857,0.013857,0.0,0.0,0.0,0.004475,0.015039,0.015039,0.0,0.0,0.0,0.004475,0.016801,0.016801,0.0,0.0,0.0
2511,14-Aug-01,24:00:00,180.58846,0.004641,0.01305,0.01305,0.0,0.0,0.0,0.004641,0.014163,0.014163,0.0,0.0,0.0,0.004641,0.015822,0.015822,0.0,0.0,0.0
2512,15-Aug-01,24:00:00,180.992566,0.004615,0.01229,0.01229,0.0,0.0,0.0,0.004615,0.013338,0.013338,0.0,0.0,0.0,0.004615,0.014901,0.014901,0.0,0.0,0.0
2513,16-Aug-01,24:00:00,180.604281,0.004894,0.011574,0.011574,0.0,0.0,0.0,0.004894,0.012561,0.012561,0.0,0.0,0.0,0.004894,0.014033,0.014033,0.0,0.0,0.0
2514,17-Aug-01,24:00:00,180.091299,0.004647,0.0109,0.0109,0.0,0.0,0.0,0.004647,0.01183,0.01183,0.0,0.0,0.0,0.004647,0.013216,0.013216,0.0,0.0,0.0
2515,18-Aug-01,24:00:00,180.03745,0.004475,0.010266,0.010266,0.0,0.0,0.0,0.004475,0.011141,0.011141,0.0,0.0,0.0,0.004474,0.012446,0.012446,0.0,0.0,0.0
2516,19-Aug-01,24:00:00,180.032624,0.004069,0.009668,0.009668,0.0,0.0,0.0,0.004068,0.010492,0.010492,0.0,0.0,0.0,0.004067,0.011721,0.011721,0.0,0.0,0.0
2517,20-Aug-01,24:00:00,176.575127,0.003896,0.009105,0.009105,0.0,0.0,0.0,0.003895,0.009881,0.009881,0.0,0.0,0.0,0.003894,0.011039,0.011039,0.0,0.0,0.0
2518,21-Aug-01,24:00:00,167.715849,0.002502,0.008574,0.008574,0.0,0.0,0.0,0.002502,0.009306,0.009306,0.0,0.0,0.0,0.002501,0.010396,0.010396,0.0,0.0,0.0
2519,22-Aug-01,24:00:00,162.517336,0.00259,0.008075,0.008075,0.0,0.0,0.0,0.00259,0.008764,0.008764,0.0,0.0,0.0,0.002588,0.00979,0.00979,0.0,0.0,0.0
2520,23-Aug-01,24:00:00,162.94957,0.004253,0.007605,0.007605,0.0,0.0,0.0,0.004253,0.008253,0.008253,0.0,0.0,0.0,0.004252,0.00922,0.00922,0.0,0.0,0.0
2521,24-Aug-01,24:00:00,163.019677,0.00425,0.007162,0.007162,0.0,0.0,0.0,0.004249,0.007773,0.007773,0.0,0.0,0.0,0.004248,0.008683,0.008683,0.0,0.0,0.0
2522,25-Aug-01,24:00:00,163.022463,0.004492,0.006745,0.006745,0.0,0.0,0.0,0.004492,0.00732,0.00732,0.0,0.0,0.0,0.004491,0.008178,0.008178,0.0,0.0,0.0
2523,26-Aug-01,24:00:00,172.955834,0.004881,0.006352,0.006352,0.0,0.0,0.0,0.004881,0.006894,0.006894,0.0,0.0,0.0,0.004879,0.007701,0.007701,0.0,0.0,0.0
2524,27-Aug-01,24:00:00,189.511236,0.004917,0.005982,0.005982,0.0,0.0,0.0,0.004916,0.006492,0.006492,0.0,0.0,0.0,0.004915,0.007253,0.007253,0.0,0.0,0.0
2525,28-Aug-01,24:00:00,195.484395,0.004235,0.005634,0.005634,0.0,0.0,0.0,0.004235,0.006114,0.006114,0.0,0.0,0.0,0.004233,0.006831,0.006831,0.0,0.0,0.0
2526,29-Aug-01,24:00:00,196.819546,0.003803,0.005306,0.005306,0.0,0.0,0.0,0.003803,0.005758,0.005758,0.0,0.0,0.0,0.003802,0.006433,0.006433,0.0,0.0,0.0
2527,30-Aug-01,24:00:00,198.801945,0.003954,0.004997,0.004997,0.0,0.0,0.0,0.003954,0.005423,0.005423,0.0,0.0,0.0,0.003953,0.006058,0.006058,0.0,0.0,0.0
2528,31-Aug-01,24:00:00,199.004192,0.00394,0.004706,0.004706,0.0,0.0,0.0,0.00394,0.005107,0.005107,0.0,0.0,0.0,0.003939,0.005705,0.005705,0.0,0.0,0.0
2529,01-Sep-01,24:00:00,199.014366,0.004112,0.004432,0.004432,0.0,0.0,0.0,0.004111,0.00481,0.00481,0.0,0.0,0.0,0.00411,0.005373,0.005373,0.0,0.0,0.0
2530,02-Sep-01,24:00:00,198.150135,0.004038,0.004174,0.004174,0.0,0.0,0.0,0.004038,0.00453,0.00453,0.0,0.0,0.0,0.004037,0.00506,0.00506,0.0,0.0,0.0
2531,03-Sep-01,24:00:00,196.690852,0.003965,0.003931,0.003931,0.0,0.0,0.0,0.003964,0.004266,0.004266,0.0,0.0,0.0,0.003963,0.004766,0.004766,0.0,0.0,0.0
2532,04-Sep-01,24:00:00,196.937011,0.003992,0.003702,0.003702,0.0,0.0,0.0,0.003991,0.004017,0.004017,0.0,0.0,0.0,0.00399,0.004488,0.004488,0.0,0.0,0.0
2533,05-Sep-01,24:00:00,237.786334,0.003434,0.003486,0.003486,0.0,0.0,0.0,0.003434,0.003783,0.003783,0.0,0.0,0.0,0.003433,0.004227,0.004227,0.0,0.0,0.0
2534,06-Sep-01,24:00:00,289.832723,0.004245,0.003283,0.003283,0.0,0.0,0.0,0.004244,0.003563,0.003563,0.0,0.0,0.0,0.004243,0.003981,0.003981,0.0,0.0,0.0
2535,07-Sep-01,24:00:00,301.313501,0.003826,0.003092,0.003092,0.0,0.0,0.0,0.003825,0.003356,0.003356,0.0,0.0,0.0,0.003824,0.003749,0.003749,0.0,0.0,0.0
2536,08-Sep-01,24:00:00,298.067278,0.002678,0.002912,0.002912,0.0,0.0,0.0,0.002678,0.00316,0.00316,0.0,0.0,0.0,0.002678,0.00353,0.00353,0.0,0.0,0.0
2537,09-Sep-01,24:00:00,298.009554,0.003167,0.002742,0.002742,0.0,0.0,0.0,0.003167,0.002976,0.002976,0.0,0.0,0.0,0.003167,0.003325,0.003325,0.0,0.0,0.0
2538,10-Sep-01,24:00:00,298.008619,0.002998,0.002583,0.002583,0.0,0.0,0.0,0.002998,0.002803,0.002803,0.0,0.0,0.0,0.002998,0.003131,0.003131,0.0,0.0,0.0
2539,11-Sep-01,24:00:00,298.008115,0.003603,0.002432,0.002432,0.0,0.0,0.0,0.003603,0.00264,0.00264,0.0,0.0,0.0,0.003603,0.002949,0.002949,0.0,0.0,0.0
2540,12-Sep-01,24:00:00,298.007642,0.002301,0.002291,0.002291,0.0,0.0,0.0,0.002302,0.002486,0.002486,0.0,0.0,0.0,0.002302,0.002777,0.002777,0.0,0.0,0.0
2541,13-Sep-01,24:00:00,286.573632,0.003668,0.002157,0.002157,0.0,0.0,0.0,0.003668,0.002341,0.002341,0.0,0.0,0.0,0.003668,0.002615,0.002615,0.0,0.0,0.0
2542,14-Sep-01,24:00:00,268.300632,0.00375,0.002032,0.002032,0.0,0.0,0.0,0.00375,0.002205,0.002205,0.0,0.0,0.0,0.00375,0.002463,0.002463,0.0,0.0,0.0
2543,15-Sep-01,24:00:00,259.922767,0.003452,0.001913,0.001913,0.0,0.0,0.0,0.003452,0.002076,0.002076,0.0,0.0,0.0,0.003452,0.00232,0.00232,0.0,0.0,0.0
2544,16-Sep-01,24:00:00,259.020075,0.003575,0.001802,0.001802,0.0,0.0,0.0,0.003575,0.001955,0.001955,0.0,0.0,0.0,0.003575,0.002185,0.002185,0.0,0.0,0.0
2545,17-Sep-01,24:00:00,259.005759,0.003287,0.001697,0.001697,0.0,0.0,0.0,0.003287,0.001842,0.001842,0.0,0.0,0.0,0.003287,0.002057,0.002057,0.0,0.0,0.0
2546,18-Sep-01,24:00:00,230.120536,0.003455,0.001598,0.001598,0.0,0.0,0.0,0.003455,0.001734,0.001734,0.0,0.0,0.0,0.003455,0.001938,0.001938,0.0,0.0,0.0
2547,19-Sep-01,24:00:00,181.505138,0.003368,0.001505,0.001505,0.0,0.0,0.0,0.003368,0.001633,0.001633,0.0,0.0,0.0,0.003368,0.001825,0.001825,0.0,0.0,0.0
2548,20-Sep-01,24:00:00,149.836418,0.003285,0.001417,0.001417,0.0,0.0,0.0,0.003285,0.001538,0.001538,0.0,0.0,0.0,0.003285,0.001718,0.001718,0.0,0.0,0.0
2549,21-Sep-01,24:00:00,146.235504,0.003524,0.001335,0.001335,0.0,0.0,0.0,0.003524,0.001449,0.001449,0.0,0.0,0.0,0.003524,0.001618,0.001618,0.0,0.0,0.0
2550,22-Sep-01,24:00:00,146.015178,0.003063,0.001257,0.001257,0.0,0.0,0.0,0.003063,0.001364,0.001364,0.0,0.0,0.0,0.003063,0.001524,0.001524,0.0,0.0,0.0
2551,23-Sep-01,24:00:00,145.572512,0.002079,0.001184,0.001184,0.0,0.0,0.0,0.002079,0.001285,0.001285,0.0,0.0,0.0,0.002078,0.001435,0.001435,0.0,0.0,0.0
2552,24-Sep-01,24:00:00,127.781173,0.002163,0.001115,0.001115,0.0,0.0,0.0,0.002163,0.00121,0.00121,0.0,0.0,0.0,0.002163,0.001352,0.001352,0.0,0.0,0.0
2553,25-Sep-01,24:00:00,110.653523,0.00271,0.00105,0.00105,0.0,0.0,0.0,0.002709,0.00114,0.00114,0.0,0.0,0.0,0.002709,0.001273,0.001273,0.0,0.0,0.0
2554,26-Sep-01,24:00:00,109.227913,0.003088,0.000989,0.000989,0.0,0.0,0.0,0.003088,0.001073,0.001073,0.0,0.0,0.0,0.003088,0.001199,0.001199,0.0,0.0,0.0
2555,27-Sep-01,24:00:00,129.179563,0.00304,0.000931,0.000931,0.0,0.0,0.0,0.00304,0.001011,0.001011,0.0,0.0,0.0,0.00304,0.001129,0.001129,0.0,0.0,0.0
2556,28-Sep-01,24:00:00,173.857798,0.002924,0.000877,0.000877,0.0,0.0,0.0,0.002924,0.000952,0.000952,0.0,0.0,0.0,0.002924,0.001063,0.001063,0.0,0.0,0.0
2557,29-Sep-01,24:00:00,196.704455,0.003199,0.000826,0.000826,0.0,0.0,0.0,0.003198,0.000896,0.000896,0.0,0.0,0.0,0.003198,0.001002,0.001002,0.0,0.0,0.0
2558,30-Sep-01,24:00:00,207.685342,0.003109,0.000778,0.000778,0.0,0.0,0.0,0.003108,0.000844,0.000844,0.0,0.0,0.0,0.003107,0.000943,0.000943,0.0,0.0,0.0
2559,01-Oct-01,24:00:00,230.747367,0.00344,0.000733,0.000733,0.0,0.0,0.0,0.003438,0.000795,0.000795,0.0,0.0,0.0,0.003436,0.000888,0.000888,0.0,0.0,0.0
2560,02-Oct-01,24:00:00,267.692365,0.003104,0.00069,0.00069,0.0,0.0,0.0,0.003102,0.000749,0.000749,0.0,0.0,0.0,0.0031,0.000836,0.000836,0.0,0.0,0.0
2561,03-Oct-01,24:00:00,284.716499,0.002292,0.00065,0.00065,0.0,0.0,0.0,0.002291,0.000705,0.000705,0.0,0.0,0.0,0.00229,0.000788,0.000788,0.0,0.0,0.0
2562,04-Oct-01,24:00:00,285.000048,0.001905,0.000612,0.000612,0.0,0.0,0.0,0.001904,0.000664,0.000664,0.0,0.0,0.0,0.001902,0.000742,0.000742,0.0,0.0,0.0
2563,05-Oct-01,24:00:00,283.196612,0.002289,0.000576,0.000576,0.0,0.0,0.0,0.002289,0.000625,0.000625,0.0,0.0,0.0,0.002288,0.000699,0.000699,0.0,0.0,0.0
2564,06-Oct-01,24:00:00,280.818117,0.00242,0.000543,0.000543,0.0,0.0,0.0,0.00242,0.000589,0.000589,0.0,0.0,0.0,0.002418,0.000658,0.000658,0.0,0.0,0.0
2565,07-Oct-01,24:00:00,255.944407,0.002763,0.000511,0.000511,0.0,0.0,0.0,0.002762,0.000555,0.000555,0.0,0.0,0.0,0.002761,0.00062,0.00062,0.0,0.0,0.0
2566,08-Oct-01,24:00:00,201.502007,0.002368,0.000481,0.000481,0.0,0.0,0.0,0.002367,0.000522,0.000522,0.0,0.0,0.0,0.002366,0.000584,0.000584,0.0,0.0,0.0
2567,09-Oct-01,24:00:00,169.968011,0.002785,0.000453,0.000453,0.0,0.0,0.0,0.002784,0.000492,0.000492,0.0,0.0,0.0,0.002783,0.00055,0.00055,0.0,0.0,0.0
2568,10-Oct-01,24:00:00,166.265353,0.002802,0.000427,0.000427,0.0,0.0,0.0,0.002801,0.000463,0.000463,0.0,0.0,0.0,0.002799,0.000518,0.000518,0.0,0.0,0.0
2569,11-Oct-01,24:00:00,166.014297,0.002884,0.000402,0.000402,0.0,0.0,0.0,0.002883,0.000436,0.000436,0.0,0.0,0.0,0.002881,0.000488,0.000488,0.0,0.0,0.0
2570,12-Oct-01,24:00:00,166.001834,0.002163,0.000379,0.000379,0.0,0.0,0.0,0.002162,0.000411,0.000411,0.0,0.0,0.0,0.002161,0.000459,0.000459,0.0,0.0,0.0
2571,13-Oct-01,24:00:00,166.001221,0.002207,0.000357,0.000357,0.0,0.0,0.0,0.002206,0.000387,0.000387,0.0,0.0,0.0,0.002204,0.000432,0.000432,0.0,0.0,0.0
2572,14-Oct-01,24:00:00,166.001129,0.002694,0.000336,0.000336,0.0,0.0,0.0,0.002693,0.000364,0.000364,0.0,0.0,0.0,0.00269,0.000408,0.000408,0.0,0.0,0.0
2573,15-Oct-01,24:00:00,166.001063,0.002245,0.000316,0.000316,0.0,0.0,0.0,0.002244,0.000343,0.000343,0.0,0.0,0.0,0.002244,0.000384,0.000384,0.0,0.0,0.0
2574,16-Oct-01,24:00:00,166.001001,0.002007,0.000298,0.000298,0.0,0.0,0.0,0.002007,0.000323,0.000323,0.0,0.0,0.0,0.002007,0.000361,0.000361,0.0,0.0,0.0
2575,17-Oct-01,24:00:00,166.000943,0.00212,0.000281,0.000281,0.0,0.0,0.0,0.00212,0.000304,0.000304,0.0,0.0,0.0,0.00212,0.00034,0.00034,0.0,0.0,0.0
2576,18-Oct-01,24:00:00,166.000888,0.00217,0.000264,0.000264,0.0,0.0,0.0,0.00217,0.000287,0.000287,0.0,0.0,0.0,0.00217,0.00032,0.00032,0.0,0.0,0.0
2577,19-Oct-01,24:00:00,166.000836,0.002178,0.000249,0.000249,0.0,0.0,0.0,0.002178,0.00027,0.00027,0.0,0.0,0.0,0.002178,0.000302,0.000302,0.0,0.0,0.0
2578,20-Oct-01,24:00:00,165.136918,0.001762,0.000234,0.000234,0.0,0.0,0.0,0.001762,0.000254,0.000254,0.0,0.0,0.0,0.001762,0.000284,0.000284,0.0,0.0,0.0
2579,21-Oct-01,24:00:00,163.678385,0.002288,0.000221,0.000221,0.0,0.0,0.0,0.002288,0.00024,0.00024,0.0,0.0,0.0,0.002288,0.000268,0.000268,0.0,0.0,0.0
2580,22-Oct-01,24:00:00,163.0614,0.002082,0.000208,0.000208,0.0,0.0,0.0,0.002082,0.000226,0.000226,0.0,0.0,0.0,0.002082,0.000252,0.000252,0.0,0.0,0.0
2581,23-Oct-01,24:00:00,163.003882,0.002449,0.000196,0.000196,0.0,0.0,0.0,0.002449,0.000212,0.000212,0.0,0.0,0.0,0.002449,0.000237,0.000237,0.0,0.0,0.0
2582,24-Oct-01,24:00:00,162.56883,0.001725,0.000184,0.000184,0.0,0.0,0.0,0.001725,0.0002,0.0002,0.0,0.0,0.0,0.001725,0.000223,0.000223,0.0,0.0,0.0
2583,25-Oct-01,24:00:00,161.191509,0.002068,0.000174,0.000174,0.0,0.0,0.0,0.002068,0.000188,0.000188,0.0,0.0,0.0,0.002068,0.00021,0.00021,0.0,0.0,0.0
2584,26-Oct-01,24:00:00,160.113084,0.000676,0.000163,0.000163,0.0,0.0,0.0,0.000676,0.000177,0.000177,0.0,0.0,0.0,0.000675,0.000198,0.000198,0.0,0.0,0.0
2585,27-Oct-01,24:00:00,160.006564,0.001464,0.000154,0.000154,0.0,0.0,0.0,0.001463,0.000167,0.000167,0.0,0.0,0.0,0.001462,0.000187,0.000187,0.0,0.0,0.0
2586,28-Oct-01,24:00:00,166.966751,0.000639,0.288981,0.000145,0.004702,0.0,0.006624,0.000638,6.216459,0.000157,0.005141,0.0,0.008149,0.000637,11.189466,0.000176,0.011669,0.0,0.020322
2587,29-Oct-01,24:00:00,198.323001,0.000728,3.333349,0.000136,0.028102,0.0,0.085662,0.000727,39.767807,0.000148,0.021168,0.0,0.070151,0.000726,18.98584,0.000165,0.015567,0.0,0.081596
2588,30-Oct-01,24:00:00,149.332598,0.000845,0.916179,0.000129,0.0,0.0,0.112471,0.000844,8.159562,0.00014,0.0,0.0,0.090201,0.000843,0.090282,0.000156,0.0,0.0,0.09338
2589,31-Oct-01,24:00:00,110.602854,0.001339,0.047136,0.000121,0.0,0.0,0.112471,0.001338,0.220848,0.000132,0.0,0.0,0.090201,0.001337,0.000147,0.000147,0.0,0.0,0.09338
2590,01-Nov-01,24:00:00,106.728257,0.001504,0.000114,0.000114,0.0,0.0,0.112471,0.001504,0.000124,0.000124,0.0,0.0,0.090201,0.001502,0.000138,0.000138,0.0,0.0,0.093244
2591,02-Nov-01,24:00:00,105.629692,0.001483,0.000107,0.000107,0.0,0.0,0.110104,0.001482,0.000117,0.000117,0.0,0.0,0.087841,0.00148,0.00013,0.00013,0.0,0.0,0.090495
2592,03-Nov-01,24:00:00,105.058337,0.001546,0.000101,0.000101,0.0,0.0,0.105005,0.001545,0.00011,0.00011,0.0,0.0,0.08275,0.001543,0.000123,0.000123,0.0,0.0,0.085336
2593,04-Nov-01,24:00:00,105.00342,0.001489,9.5e-05,9.5e-05,0.0,0.0,0.0998,0.001488,0.000103,0.000103,0.0,0.0,0.077549,0.001486,0.000115,0.000115,0.0,0.0,0.08014
2594,05-Nov-01,24:00:00,105.000442,0.00134,9e-05,9e-05,0.0,0.0,0.095019,0.001339,9.7e-05,9.7e-05,0.0,0.0,0.072771,0.001337,0.000109,0.000109,0.0,0.0,0.075368
2595,06-Nov-01,24:00:00,105.00029,0.001252,8.4e-05,8.4e-05,0.0,0.0,0.09048,0.001251,9.2e-05,9.2e-05,0.0,0.0,0.068236,0.00125,0.000102,0.000102,0.0,0.0,0.070839
2596,07-Nov-01,24:00:00,105.000268,0.001313,8e-05,8e-05,0.0,0.0,0.086091,0.001312,8.6e-05,8.6e-05,0.0,0.0,0.063851,0.00131,9.6e-05,9.6e-05,0.0,0.0,0.06646
2597,08-Nov-01,24:00:00,105.005648,0.001653,0.002342,7.5e-05,0.004907,0.0,0.081853,0.001652,0.042571,8.1e-05,0.004557,0.0,0.059567,0.00165,0.067971,9.1e-05,0.004427,0.0,0.062164
2598,09-Nov-01,24:00:00,133.194092,0.00106,1.943757,7.1e-05,0.042936,0.0,0.134293,0.001059,30.471722,7.7e-05,0.042283,0.0,0.109733,0.001057,24.254561,8.6e-05,0.042652,0.0,0.111763
2599,10-Nov-01,24:00:00,313.352307,0.000446,10.578295,6.6e-05,0.073478,0.0,0.388959,0.000446,160.208826,7.2e-05,0.071954,0.0,0.360164,0.000445,97.615627,8e-05,0.071972,0.0,0.363836
2600,11-Nov-01,24:00:00,297.195708,0.000379,7.877905,6.3e-05,0.038014,0.0,0.578938,0.000378,116.939562,6.8e-05,0.041207,0.0,0.555249,0.000377,60.586074,7.6e-05,0.046495,0.0,0.571006
2601,12-Nov-01,24:00:00,162.43885,0.000377,1.780804,5.9e-05,0.0,0.0,0.624421,0.000376,22.28654,6.4e-05,0.0,0.0,0.604468,0.000376,1.43469,7.1e-05,0.0,0.0,0.626099
2602,13-Nov-01,24:00:00,89.254854,0.000552,0.088278,5.6e-05,0.0,0.0,0.624421,0.000551,0.678842,6e-05,0.0,0.0,0.604468,0.00055,6.7e-05,6.7e-05,0.0,0.0,0.626099
2603,14-Nov-01,24:00:00,82.242668,0.000831,0.151884,5.2e-05,0.003574,0.0,0.62831,0.00083,1.67797,5.7e-05,0.001251,0.0,0.606612,0.000829,1.201498,6.3e-05,0.00114,0.0,0.628053
2604,15-Nov-01,24:00:00,83.738391,0.000403,0.324564,4.9e-05,0.0,0.0,0.636674,0.000402,0.872313,5.3e-05,0.0,0.0,0.608755,0.000401,0.065491,6e-05,0.0,0.0,0.630008
2605,16-Nov-01,24:00:00,82.609689,0.000842,0.023231,4.6e-05,0.0,0.0,0.636674,0.000841,0.034078,5e-05,0.0,0.0,0.608755,0.000839,5.6e-05,5.6e-05,0.0,0.0,0.630008
2606,17-Nov-01,24:00:00,82.960789,0.000475,0.005129,4.4e-05,0.000898,0.0,0.637059,0.000474,0.032232,4.7e-05,0.000283,0.0,0.608876,0.000473,0.030828,5.3e-05,0.000178,0.0,0.630084
2607,18-Nov-01,24:00:00,83.741256,0.000831,0.11114,4.1e-05,0.0,0.0,0.639755,0.00083,0.524272,4.5e-05,0.0,0.0,0.609727,0.000829,0.167192,5e-05,0.0,0.0,0.630619
2608,19-Nov-01,24:00:00,89.710532,0.000891,0.901145,3.9e-05,0.033368,0.0,0.666242,0.000889,15.363456,4.2e-05,0.031473,0.0,0.634679,0.000888,16.181772,4.7e-05,0.030143,0.0,0.654504
2609,20-Nov-01,24:00:00,172.905489,0.000329,4.212296,3.6e-05,0.015526,0.0,0.771724,0.000329,61.137758,4e-05,0.017535,0.0,0.737402,0.000329,32.383025,4.4e-05,0.020154,0.0,0.756619
2610,21-Nov-01,24:00:00,142.558964,0.000868,1.631821,3.4e-05,0.0,0.0,0.807393,0.000868,23.787728,3.7e-05,0.0,0.0,0.777754,0.000868,7.326468,4.2e-05,0.0,0.0,0.803066
2611,22-Nov-01,24:00:00,137.663863,0.00095,3.323445,3.2e-05,0.032912,0.0,0.880352,0.00095,49.385897,3.5e-05,0.030999,0.0,0.846456,0.000949,31.518635,3.9e-05,0.029638,0.0,0.868723
2612,23-Nov-01,24:00:00,169.440032,0.000506,3.071693,3e-05,0.016347,0.0,0.961275,0.000505,46.88936,3.3e-05,0.018593,0.0,0.930717,0.000505,25.139637,3.7e-05,0.021467,0.0,0.958574
2613,24-Nov-01,24:00:00,117.21455,0.000523,0.563412,2.9e-05,0.0,0.0,0.976282,0.000522,7.042756,3.1e-05,0.0,0.0,0.947785,0.000521,0.130294,3.5e-05,0.0,0.0,0.978282
2614,25-Nov-01,24:00:00,75.35848,0.000781,0.025097,2.7e-05,0.0,0.0,0.976282,0.00078,0.170076,2.9e-05,0.0,0.0,0.947785,0.000778,3.3e-05,3.3e-05,0.0,0.0,0.978282
2615,26-Nov-01,24:00:00,51.057816,0.000785,2.537747,2.205962,0.017707,0.01079,0.981011,0.000784,4.490221,0.669722,0.020888,0.005659,0.956354,0.000782,24.406934,19.28604,0.016916,0.010582,0.982555
2616,27-Nov-01,24:00:00,1505.276854,0.00043,449.928181,326.463078,0.031314,0.031314,1.0,0.000429,374.829191,305.00149,0.029205,0.029205,1.0,0.000429,924.275171,886.758533,0.031943,0.031943,1.0
2617,28-Nov-01,24:00:00,2182.892917,0.000743,569.257948,551.518515,0.008737,0.008737,1.0,0.000742,651.876477,601.469495,0.011655,0.011655,1.0,0.000741,910.72107,882.361225,0.015084,0.015084,1.0
2618,29-Nov-01,24:00:00,4898.665,0.00065,1421.057829,581.765764,0.051202,0.051202,1.0,0.000649,1702.165772,689.038787,0.050562,0.050562,1.0,0.000648,2740.772037,1305.335311,0.049774,0.049774,1.0
2619,30-Nov-01,24:00:00,7443.95875,0.000491,1976.326667,1000.457081,0.04334,0.04334,1.0,0.000491,2335.014167,1158.09375,0.042091,0.042091,1.0,0.00049,2715.09125,1476.445091,0.039465,0.039465,1.0
2620,01-Dec-01,24:00:00,3945.875,0.000588,1196.703151,1031.199572,0.032324,0.032324,1.0,0.000586,1321.562917,1102.826888,0.028885,0.028885,1.0,0.000585,1010.358246,974.144438,0.026127,0.026127,1.0
2621,02-Dec-01,24:00:00,2888.5625,0.00055,811.762273,802.427079,0.006607,0.006607,1.0,0.000549,861.897355,821.709475,0.008665,0.008665,1.0,0.000548,781.215997,764.414487,0.011088,0.011088,1.0
2622,03-Dec-01,24:00:00,1941.818333,0.000442,404.246891,403.990882,0.0,0.0,1.0,0.000441,404.942211,401.986823,0.0,0.0,1.0,0.00044,264.777598,264.771566,0.0,0.0,1.0
2623,04-Dec-01,24:00:00,3684.185417,0.000203,417.378066,413.851228,0.049035,0.049035,1.0,0.000203,671.151575,540.869706,0.061934,0.061934,1.0,0.000202,2662.296161,1413.911796,0.063488,0.063488,1.0
2624,05-Dec-01,24:00:00,5782.485417,0.000804,829.539034,826.30695,0.000904,0.000904,1.0,0.000803,1383.961903,1242.635939,0.007485,0.007485,1.0,0.000801,1723.595602,1408.678343,0.012557,0.012557,1.0
2625,06-Dec-01,24:00:00,2485.326667,0.000808,436.314844,436.08837,0.0,0.0,1.0,0.000806,588.374937,581.831556,0.0,0.0,1.0,0.000804,339.588372,339.588372,0.0,0.0,1.0
2626,07-Dec-01,24:00:00,1761.428333,0.000824,236.35764,236.356694,0.0,0.0,1.0,0.000822,282.893053,282.893053,0.0,0.0,1.0,0.00082,309.02089,309.02089,0.0,0.0,1.0
2627,08-Dec-01,24:00:00,1290.024167,0.00114,190.127792,190.127792,0.0,0.0,1.0,0.001138,228.808063,228.808063,0.0,0.0,1.0,0.001135,291.012688,291.012688,0.0,0.0,1.0
2628,09-Dec-01,24:00:00,890.688707,0.001349,174.704326,174.704326,0.0,0.0,1.0,0.001347,211.771514,211.771514,0.0,0.0,1.0,0.001344,274.065412,274.065412,0.0,0.0,1.0
2629,10-Dec-01,24:00:00,740.911915,0.000859,164.035428,164.035428,0.0,0.0,0.998967,0.000858,199.131834,199.131834,0.0,0.0,0.999414,0.000856,258.105076,258.105076,0.0,0.0,1.0
2630,11-Dec-01,24:00:00,704.002154,0.000715,154.43174,154.43174,0.0,0.0,0.996401,0.000714,187.512408,187.512408,0.0,0.0,0.997259,0.000713,243.074199,243.074199,0.0,0.0,0.999143
2631,12-Dec-01,24:00:00,680.614658,0.000397,151.227817,149.098472,0.014723,0.013317,0.997288,0.000397,186.968575,181.042042,0.014049,0.012894,0.996864,0.000396,268.570253,259.938254,0.013531,0.012628,0.998229
2632,13-Dec-01,24:00:00,3941.038168,0.001361,931.455523,492.662298,0.018439,0.018439,1.0,0.00136,1105.7232,659.711382,0.022922,0.022922,1.0,0.001359,2047.288641,1384.984553,0.028229,0.028229,1.0
2633,14-Dec-01,24:00:00,1734.546667,0.00029,485.223208,438.36661,0.0,0.0,1.0,0.000289,567.052988,534.080039,0.0,0.0,1.0,0.000288,311.768694,311.74884,0.0,0.0,1.0
2634,15-Dec-01,24:00:00,889.619736,0.000288,227.993124,226.619738,0.01393,0.01393,1.0,0.000287,264.995339,259.741236,0.015161,0.015161,1.0,0.000287,339.085655,333.691548,0.01563,0.01563,1.0
2635,16-Dec-01,24:00:00,3109.339167,0.000654,566.203714,561.771787,0.02505,0.02505,1.0,0.000654,827.54643,752.650405,0.02836,0.02836,1.0,0.000652,1662.126029,1611.44611,0.035109,0.035109,1.0
2636,17-Dec-01,24:00:00,2519.67625,0.000482,532.790538,532.101228,0.0,0.0,1.0,0.000481,653.631099,644.004189,0.0,0.0,1.0,0.00048,397.409299,396.8104,0.003073,0.003073,1.0
2637,18-Dec-01,24:00:00,1638.9575,0.000433,264.053909,263.804746,0.013655,0.013655,1.0,0.000432,330.241942,322.250039,0.014226,0.014226,1.0,0.000431,606.250861,593.893325,0.013106,0.013106,1.0
2638,19-Dec-01,24:00:00,2230.370417,0.000402,502.821507,498.834399,0.029393,0.029393,1.0,0.000401,676.750422,619.674568,0.026733,0.026733,1.0,0.000401,947.677626,923.918023,0.017838,0.017838,1.0
2639,20-Dec-01,24:00:00,2393.305833,0.000385,651.991176,650.241231,0.002795,0.002795,1.0,0.000384,712.041427,692.423265,0.001958,0.001958,1.0,0.000383,391.018473,389.626568,0.0,0.0,1.0
2640,21-Dec-01,24:00:00,2586.060833,0.00038,476.397257,473.979887,0.021065,0.021065,1.0,0.000379,553.011578,517.343343,0.022774,0.022774,1.0,0.000378,836.544098,813.342649,0.025668,0.025668,1.0
2641,22-Dec-01,24:00:00,3043.543333,0.00038,502.04868,501.127589,0.0,0.0,1.0,0.000379,611.590115,595.021363,0.000843,0.000843,1.0,0.000378,598.198764,591.580255,0.001167,0.001167,1.0
2642,23-Dec-01,24:00:00,2214.44,0.00086,280.84487,280.791793,0.0,0.0,1.0,0.000859,323.112001,322.37492,0.0,0.0,1.0,0.000857,300.56047,300.56047,0.0,0.0,1.0
2643,24-Dec-01,24:00:00,2030.13875,0.000299,198.120786,198.120786,0.0,0.0,1.0,0.000298,231.569585,231.569585,0.0,0.0,1.0,0.000297,281.589429,281.589429,0.0,0.0,1.0
2644,25-Dec-01,24:00:00,1663.509167,0.000383,175.395867,175.395867,0.0,0.0,1.0,0.000383,208.763975,208.763975,0.0,0.0,1.0,0.000382,265.189445,265.189445,0.0,0.0,1.0
2645,26-Dec-01,24:00:00,1240.007917,0.000607,173.511868,173.214692,0.006841,0.006841,1.0,0.000606,209.393356,205.51957,0.004825,0.004825,1.0,0.000605,277.43544,275.812294,0.001847,0.001847,1.0
2646,27-Dec-01,24:00:00,1738.359167,0.000414,318.854781,316.927213,0.024923,0.024923,1.0,0.000413,390.18571,362.80191,0.02334,0.02334,1.0,0.000413,651.675798,634.228186,0.021614,0.021614,1.0
2647,28-Dec-01,24:00:00,2433.965,0.00048,531.422121,529.356145,0.0,0.0,1.0,0.00048,603.317086,577.612228,0.0,0.0,1.0,0.000479,578.173654,569.492907,0.001584,0.001584,1.0
2648,29-Dec-01,24:00:00,1719.411667,0.000371,371.474453,367.396718,0.030345,0.030345,1.0,0.000371,396.630641,373.419548,0.028983,0.028983,1.0,0.00037,473.583138,455.824577,0.025903,0.025903,1.0
2649,30-Dec-01,24:00:00,3428.72,0.000454,658.897047,640.172253,0.004836,0.004836,1.0,0.000454,853.012246,798.958647,0.009727,0.009727,1.0,0.000453,1313.631324,1284.807999,0.016062,0.016062,1.0
2650,31-Dec-01,24:00:00,2652.215417,0.00037,634.14686,628.343712,0.051833,0.051833,1.0,0.000369,819.278946,761.999203,0.048599,0.048599,1.0,0.000369,1146.459206,1110.539404,0.045092,0.045092,1.0
2651,01-Jan-02,24:00:00,5778.928333,0.000619,1824.720404,1204.655671,0.041915,0.041915,1.0,0.000619,1942.825,1397.374583,0.042892,0.042892,1.0,0.000618,2064.949167,2005.605,0.041064,0.041064,1.0
2652,02-Jan-02,24:00:00,3665.523333,0.000682,1060.890317,986.340937,0.0,0.0,1.0,0.000681,1105.171242,1053.014502,0.0,0.0,1.0,0.000679,516.42128,515.820789,0.0,0.0,1.0
2653,03-Jan-02,24:00:00,2422.465,0.000828,433.453291,431.351359,0.000225,0.000225,1.0,0.000826,434.082306,433.704114,0.0,0.0,1.0,0.000824,366.74719,366.74719,0.0,0.0,1.0
2654,04-Jan-02,24:00:00,2593.863333,0.000214,400.984152,398.22159,0.045954,0.045954,1.0,0.000214,441.63582,407.325024,0.038205,0.038205,1.0,0.000214,809.103333,784.865719,0.032046,0.032046,1.0
2655,05-Jan-02,24:00:00,5488.373333,0.000392,1062.65057,1056.587564,0.022808,0.022808,1.0,0.000392,1300.205184,1209.565144,0.027166,0.027166,1.0,0.000391,1882.301817,1833.263821,0.034056,0.034056,1.0
2656,06-Jan-02,24:00:00,3520.776667,0.000569,772.414836,771.622711,0.0,0.0,1.0,0.000568,838.341052,828.378002,0.0,0.0,1.0,0.000567,488.764173,488.586002,0.0,0.0,1.0
2657,07-Jan-02,24:00:00,2234.553333,0.000532,380.003661,379.97773,0.0,0.0,1.0,0.000531,394.663424,394.496777,0.0,0.0,1.0,0.000529,386.97726,386.97726,0.0,0.0,1.0
2658,08-Jan-02,24:00:00,1985.531667,0.000842,277.083373,277.083373,0.0,0.0,1.0,0.000841,304.260056,304.260056,0.0,0.0,1.0,0.00084,364.322895,364.322895,0.0,0.0,1.0
2659,09-Jan-02,24:00:00,1915.629583,0.000791,249.064389,249.064389,0.0,0.0,1.0,0.00079,279.329653,279.329653,0.0,0.0,1.0,0.000789,343.10628,343.10628,0.0,0.0,1.0
2660,10-Jan-02,24:00:00,1730.073333,0.000897,233.137845,233.137845,0.0,0.0,1.0,0.000895,262.439065,262.439065,0.0,0.0,1.0,0.000893,323.125315,323.125315,0.0,0.0,1.0
2661,11-Jan-02,24:00:00,1522.4225,0.001006,219.409607,219.409607,0.0,0.0,0.998768,0.001005,247.108011,247.108011,0.0,0.0,0.99878,0.001003,304.307952,304.307952,0.0,0.0,0.9988
2662,12-Jan-02,24:00:00,1436.93875,0.000884,206.617251,206.617251,0.0,0.0,0.995819,0.000882,232.714166,232.714166,0.0,0.0,0.995844,0.000881,286.586428,286.586428,0.0,0.0,0.995885
2663,13-Jan-02,24:00:00,1328.350417,0.001127,194.583397,194.583397,0.0,0.0,0.99252,0.001126,219.161714,219.161714,0.0,0.0,0.992549,0.001124,269.896925,269.896925,0.0,0.0,0.992596
2664,14-Jan-02,24:00:00,1166.68375,0.000884,183.25161,183.25161,0.0,0.0,0.988924,0.000882,206.398708,206.398708,0.0,0.0,0.988957,0.000881,254.179344,254.179344,0.0,0.0,0.98901
2665,15-Jan-02,24:00:00,1086.840833,0.00086,172.579851,172.579851,0.0,0.0,0.985933,0.000859,194.378976,194.378976,0.0,0.0,0.98597,0.000858,239.377084,239.377084,0.0,0.0,0.986029
2666,16-Jan-02,24:00:00,1015.022589,0.001028,162.529577,162.529577,0.0,0.0,0.982725,0.001027,183.05922,183.05922,0.0,0.0,0.982766,0.001025,225.43684,225.43684,0.0,0.0,0.982831
2667,17-Jan-02,24:00:00,930.879184,0.000885,153.064586,153.064586,0.0,0.0,0.979404,0.000883,172.398676,172.398676,0.0,0.0,0.979449,0.000882,212.308414,212.308414,0.0,0.0,0.97952
2668,18-Jan-02,24:00:00,848.584428,0.000952,144.150794,144.150794,0.0,0.0,0.976321,0.000951,162.358953,162.358953,0.0,0.0,0.97637,0.000949,199.944529,199.944529,0.0,0.0,0.976446
2669,19-Jan-02,24:00:00,766.284302,0.000682,135.756101,135.756101,0.0,0.0,0.973524,0.000681,152.903899,152.903899,0.0,0.0,0.973576,0.00068,188.30066,188.30066,0.0,0.0,0.973656
2670,20-Jan-02,24:00:00,706.899586,0.000251,127.850278,127.850278,0.0,0.0,0.972209,0.000251,143.999465,143.999465,0.0,0.0,0.972262,0.00025,177.718189,177.334877,0.001201,0.0,0.97303
2671,21-Jan-02,24:00:00,676.05748,0.000366,120.404853,120.404853,0.0,0.0,0.972209,0.000365,135.613585,135.613585,0.0,0.0,0.972262,0.000364,167.959349,167.007693,0.0,0.0,0.976463
2672,22-Jan-02,24:00:00,651.860407,0.000927,113.393017,113.393017,0.0,0.0,0.972209,0.000926,127.71606,127.71606,0.0,0.0,0.972262,0.000925,157.281917,157.281917,0.0,0.0,0.976463
2673,23-Jan-02,24:00:00,629.096969,0.000345,106.789518,106.789518,0.0,0.0,0.972209,0.000344,120.278452,120.278452,0.0,0.0,0.972262,0.000343,148.122527,148.122527,0.0,0.0,0.976463
2674,24-Jan-02,24:00:00,788.148467,0.000826,100.570578,100.570578,0.0,0.0,0.971341,0.000825,113.273977,113.273977,0.0,0.0,0.971398,0.000824,139.496538,139.496538,0.0,0.0,0.976463
2675,25-Jan-02,24:00:00,1088.73102,0.000656,104.541742,103.423537,0.010186,0.001488,0.993243,0.000656,136.740936,118.927562,0.010475,0.001795,0.993163,0.000655,253.432539,241.271081,0.011025,0.00416,0.996199
2676,26-Jan-02,24:00:00,1124.770833,0.000988,108.918308,108.627384,0.0,0.0,1.0,0.000987,131.792113,128.058496,0.0,0.0,1.0,0.000986,145.416862,145.327307,0.0,0.0,1.0
2677,27-Jan-02,24:00:00,929.182354,0.00075,90.648681,90.634061,0.0,0.0,1.0,0.00075,102.49039,102.391788,0.0,0.0,1.0,0.000749,122.893056,122.893056,0.0,0.0,1.0
2678,28-Jan-02,24:00:00,681.37052,0.001031,81.446438,81.446438,0.0,0.0,1.0,0.001031,91.856494,91.856494,0.0,0.0,1.0,0.00103,115.712115,115.712115,0.0,0.0,1.0
2679,29-Jan-02,24:00:00,514.411264,0.001014,76.059026,76.059026,0.0,0.0,0.999749,0.000998,85.95853,85.95853,0.0,0.0,0.999906,0.000996,108.973543,108.973543,0.0,0.0,0.999911
2680,30-Jan-02,24:00:00,457.926555,0.001034,71.548179,71.548179,0.0,0.0,0.997614,0.001029,80.90258,80.90258,0.0,0.0,0.998054,0.001028,102.627415,102.627415,0.0,0.0,0.998072
2681,31-Jan-02,24:00:00,442.196334,0.000521,67.372572,67.372572,0.0,0.0,0.994952,0.00052,76.187213,76.187213,0.0,0.0,0.9954,0.000519,96.650857,96.650857,0.0,0.0,0.995547
2682,01-Feb-02,24:00:00,428.027778,0.000893,63.448193,63.448193,0.0,0.0,0.992585,0.000892,71.750126,71.750126,0.0,0.0,0.993036,0.00089,91.022346,91.022346,0.0,0.0,0.994841
2683,02-Feb-02,24:00:00,414.690083,0.00113,59.75317,59.75317,0.0,0.0,0.989109,0.00113,67.571702,67.571702,0.0,0.0,0.989564,0.001128,85.721615,85.721615,0.0,0.0,0.994841
2684,03-Feb-02,24:00:00,415.969885,0.00128,56.273407,56.273407,0.0,0.0,0.984974,0.001279,63.63663,63.63663,0.0,0.0,0.985432,0.001278,80.729574,80.729574,0.0,0.0,0.994106
2685,04-Feb-02,24:00:00,455.873242,0.001024,52.996297,52.996297,0.0,0.0,0.980975,0.001023,59.930719,59.930719,0.0,0.0,0.981436,0.001022,76.028247,76.028247,0.0,0.0,0.991297
2686,05-Feb-02,24:00:00,486.5295,0.000835,49.910031,49.910031,0.0,0.0,0.97792,0.000834,56.440623,56.440623,0.0,0.0,0.978384,0.000833,71.600705,71.600705,0.0,0.0,0.988248
2687,06-Feb-02,24:00:00,519.392641,0.000515,54.502385,53.938848,0.016109,0.008909,0.983339,0.000515,74.992748,63.699934,0.016803,0.009678,0.983801,0.000514,198.745498,184.046447,0.018293,0.014047,0.990849
2688,07-Feb-02,24:00:00,1187.887662,0.001353,169.850772,168.271073,0.0,0.0,1.0,0.001352,239.745532,217.336457,0.0,0.0,1.0,0.001351,386.1267,380.498302,0.0,0.0,1.0
2689,08-Feb-02,24:00:00,664.209813,0.001302,108.170205,108.061812,0.0,0.0,1.0,0.0013,118.01443,116.994247,0.0,0.0,1.0,0.001299,83.132704,83.132704,0.0,0.0,1.0
2690,09-Feb-02,24:00:00,524.484969,0.001554,59.308889,59.308889,0.0,0.0,0.999886,0.001553,63.812243,63.812243,0.0,0.0,0.999888,0.001552,77.019595,77.019595,0.0,0.0,0.999871
2691,10-Feb-02,24:00:00,495.319315,0.001479,47.333475,47.333475,0.0,0.0,0.997297,0.001477,53.501574,53.501574,0.0,0.0,0.997307,0.001476,72.533103,72.533103,0.0,0.0,0.997258
2692,11-Feb-02,24:00:00,484.146971,0.001616,43.400385,43.400385,0.0,0.0,0.992015,0.001615,49.736191,49.736191,0.0,0.0,0.992028,0.001613,68.309101,68.309101,0.0,0.0,0.991986
2693,12-Feb-02,24:00:00,474.792251,0.00133,40.736974,40.736974,0.0,0.0,0.986961,0.001329,46.78612,46.78612,0.0,0.0,0.986978,0.001327,64.331087,64.331087,0.0,0.0,0.986941
2694,13-Feb-02,24:00:00,465.820614,0.001753,38.350484,38.350484,0.0,0.0,0.981737,0.001752,44.057513,44.057513,0.0,0.0,0.981758,0.00175,60.584734,60.584734,0.0,0.0,0.981727
2695,14-Feb-02,24:00:00,457.385043,0.000983,36.11575,36.11575,0.0,0.0,0.977025,0.000982,41.491524,41.491524,0.0,0.0,0.977049,0.00098,57.056552,57.056552,0.0,0.0,0.977023
2696,15-Feb-02,24:00:00,450.523282,0.00076,34.527035,34.438397,0.009846,0.001856,0.978232,0.000759,41.379013,39.651393,0.010102,0.002121,0.978165,0.000758,55.396221,53.733836,0.007352,0.0,0.977496
2697,16-Feb-02,24:00:00,521.997759,0.000983,57.443244,56.251658,0.0,0.0,1.0,0.000982,89.850089,71.674326,0.0,0.0,1.0,0.00098,57.111349,50.604619,0.0,0.0,0.997824
2698,17-Feb-02,24:00:00,475.952211,0.000996,45.932985,45.83737,0.0,0.0,1.0,0.000996,53.599064,52.62825,0.0,0.0,1.0,0.000995,47.657634,47.657634,0.0,0.0,0.997824
2699,18-Feb-02,24:00:00,1947.688826,0.000479,224.609323,166.53248,0.047506,0.047506,1.0,0.000478,609.725268,253.9146,0.051261,0.051261,1.0,0.000477,2324.884143,1048.810183,0.058173,0.057539,0.999728
2700,19-Feb-02,24:00:00,6850.953333,0.000859,1044.590549,841.071191,0.018965,0.018965,1.0,0.000859,1795.641667,1120.520175,0.022939,0.022939,1.0,0.000858,2144.130504,1594.594446,0.026224,0.026224,1.0
2701,20-Feb-02,24:00:00,2946.421667,0.001387,553.510467,539.055672,0.0,0.0,1.0,0.001386,643.506609,608.967353,0.0,0.0,1.0,0.001385,210.430644,210.345712,0.0,0.0,1.0
2702,21-Feb-02,24:00:00,1667.621667,0.001774,187.149091,187.131126,0.0,0.0,1.0,0.001773,193.672174,193.561661,0.0,0.0,1.0,0.001772,160.834824,160.834824,0.0,0.0,1.0
2703,22-Feb-02,24:00:00,899.239723,0.00077,103.462117,103.462117,0.0,0.0,0.999363,0.000769,119.260692,119.260692,0.0,0.0,0.999367,0.000768,151.416438,151.416438,0.0,0.0,0.999265
2704,23-Feb-02,24:00:00,661.261718,0.001567,86.830432,86.830432,0.0,0.0,0.99584,0.001566,105.678047,105.678047,0.0,0.0,0.99585,0.001565,142.598589,142.598589,0.0,0.0,0.995642
2705,24-Feb-02,24:00:00,638.25494,0.001859,80.510542,80.510542,0.0,0.0,0.989927,0.001859,98.955033,98.955033,0.0,0.0,0.989938,0.001858,134.294289,134.294289,0.0,0.0,0.989733
2706,25-Feb-02,24:00:00,619.573169,0.001929,75.687933,75.687933,0.0,0.0,0.983451,0.001929,93.148998,93.148998,0.0,0.0,0.983463,0.001928,126.473595,126.473595,0.0,0.0,0.98326
2707,26-Feb-02,24:00:00,602.167525,0.002077,71.267013,71.267013,0.0,0.0,0.976656,0.002076,87.721359,87.721359,0.0,0.0,0.976672,0.002076,119.108342,119.108342,0.0,0.0,0.97647
2708,27-Feb-02,24:00:00,585.792032,0.002392,67.11551,67.11551,0.0,0.0,0.969214,0.002392,82.612657,82.612657,0.0,0.0,0.969232,0.002392,112.172009,112.172009,0.0,0.0,0.96903
2709,28-Feb-02,24:00:00,571.012157,0.002097,63.206894,63.206894,0.0,0.0,0.961251,0.002097,77.801655,77.801655,0.0,0.0,0.96127,0.002097,105.639616,105.639616,0.0,0.0,0.961068
2710,01-Mar-02,24:00:00,559.508865,0.002029,59.526,59.526,0.0,0.0,0.954249,0.002029,73.270836,73.270836,0.0,0.0,0.954267,0.002029,99.487641,99.487641,0.0,0.0,0.954066
2711,02-Mar-02,24:00:00,547.563214,0.002064,56.059473,56.059473,0.0,0.0,0.947244,0.002064,69.003873,69.003873,0.0,0.0,0.947262,0.002064,93.693929,93.693929,0.0,0.0,0.947061
2712,03-Mar-02,24:00:00,503.998384,0.002168,52.794822,52.794822,0.0,0.0,0.940036,0.002168,64.985398,64.985398,0.0,0.0,0.940054,0.002168,88.237616,88.237616,0.0,0.0,0.939853
2713,04-Mar-02,24:00:00,435.470501,0.001132,49.720289,49.720289,0.0,0.0,0.934757,0.001131,61.776482,61.200941,0.002854,0.0,0.936472,0.001131,85.137212,83.099055,0.005389,0.0,0.938091
2714,05-Mar-02,24:00:00,387.89877,0.000842,47.554177,46.824804,0.017529,0.0,0.951418,0.000841,80.129996,59.024022,0.020248,0.003863,0.964348,0.000841,120.079245,101.254847,0.018679,0.00477,0.97108
2715,06-Mar-02,24:00:00,691.354056,0.001248,71.168298,68.9348,0.006211,0.004294,0.998083,0.001247,207.257268,171.934469,0.00649,0.00649,1.0,0.001246,385.406428,372.38735,0.006509,0.006509,1.0
2716,07-Mar-02,24:00:00,585.894192,0.001759,98.032049,97.689644,0.0,0.0,1.0,0.001759,181.254348,177.200083,0.0,0.0,1.0,0.001758,108.521262,108.425222,0.0,0.0,1.0
2717,08-Mar-02,24:00:00,342.365974,0.00131,62.045306,61.945949,0.012546,0.012546,1.0,0.00131,91.201815,88.66056,0.013103,0.013103,1.0,0.00131,170.586851,165.022748,0.016091,0.016091,1.0
2718,09-Mar-02,24:00:00,1461.209972,0.001138,306.146381,303.509877,0.009074,0.009074,1.0,0.001137,417.288646,380.163862,0.007348,0.007348,1.0,0.001136,696.53651,677.238006,0.006283,0.006283,1.0
2719,10-Mar-02,24:00:00,778.743846,0.00215,237.776232,237.484183,0.0,0.0,1.0,0.002149,241.1868,238.508022,0.0,0.0,1.0,0.002148,114.293172,114.293172,0.0,0.0,1.0
2720,11-Mar-02,24:00:00,379.957419,0.001716,96.35966,96.352723,0.0,0.0,0.998963,0.001716,99.346903,99.340922,0.0,0.0,0.998966,0.001715,101.999865,101.999865,0.0,0.0,0.99897
2721,12-Mar-02,24:00:00,282.202418,0.001372,61.572463,61.572463,0.0,0.0,0.994952,0.001372,73.598646,73.598646,0.0,0.0,0.994957,0.001372,96.053602,96.053602,0.0,0.0,0.994967
2722,13-Mar-02,24:00:00,255.462485,0.001938,53.740242,53.740242,0.0,0.0,0.989379,0.001938,67.253038,67.253038,0.0,0.0,0.989385,0.001938,90.459869,90.459869,0.0,0.0,0.989396
2723,14-Mar-02,24:00:00,241.751078,0.001997,50.105704,50.105704,0.0,0.0,0.982776,0.001997,63.162077,63.162077,0.0,0.0,0.983401,0.001996,85.191893,85.191893,0.0,0.0,0.983412
2724,15-Mar-02,24:00:00,228.895698,0.00175,47.13427,47.13427,0.0,0.0,0.975953,0.00175,59.47061,59.47061,0.0,0.0,0.979496,0.001748,80.230701,80.230701,0.0,0.0,0.980625
2725,16-Mar-02,24:00:00,217.674417,0.001398,44.384121,44.384121,0.0,0.0,0.970804,0.001397,56.006383,56.006383,0.0,0.0,0.974945,0.001396,75.558427,75.558427,0.0,0.0,0.977293
2726,17-Mar-02,24:00:00,214.979796,0.002149,41.798899,41.798899,0.0,0.0,0.964718,0.002148,52.744761,52.744761,0.0,0.0,0.968862,0.002148,71.158244,71.158244,0.0,0.0,0.971212
2727,18-Mar-02,24:00:00,222.571489,0.002443,39.364675,39.364675,0.0,0.0,0.956908,0.002443,49.67314,49.67314,0.0,0.0,0.961051,0.002443,67.014308,67.014308,0.0,0.0,0.963402
2728,19-Mar-02,24:00:00,223.976838,0.002254,37.07225,37.07225,0.0,0.0,0.94887,0.002254,46.7804,46.7804,0.0,0.0,0.953013,0.002253,63.111697,63.111697,0.0,0.0,0.955364
2729,20-Mar-02,24:00:00,216.272997,0.002801,34.913328,34.913328,0.0,0.0,0.940372,0.002801,44.05612,44.05612,0.0,0.0,0.944516,0.002801,59.436356,59.436356,0.0,0.0,0.946867
2730,21-Mar-02,24:00:00,223.217621,0.000679,34.186514,32.880133,0.016488,0.0,0.962926,0.000678,61.741403,41.49049,0.016439,0.0,0.96548,0.000678,71.383084,56.67758,0.018436,0.001379,0.964366
2731,22-Mar-02,24:00:00,950.792417,0.001277,188.534556,185.156031,0.022203,0.019739,1.0,0.001277,283.942227,236.622356,0.019935,0.018632,1.0,0.001276,636.737779,609.870596,0.019681,0.019681,1.0
2732,23-Mar-02,24:00:00,982.934793,0.002215,264.121485,263.430269,0.0,0.0,1.0,0.002215,282.768004,275.351873,0.0,0.0,1.0,0.002213,161.734372,160.950849,0.0,0.0,1.0
2733,24-Mar-02,24:00:00,393.480525,0.001818,104.762842,104.731084,0.0,0.0,0.999694,0.001818,99.425118,99.247599,0.0,0.0,0.999695,0.001818,78.877845,78.877845,0.0,0.0,1.0
2734,25-Mar-02,24:00:00,269.297367,0.002559,54.835573,54.835573,0.0,0.0,0.994893,0.002559,58.928837,58.928837,0.0,0.0,0.994896,0.002559,74.115968,74.115968,0.0,0.0,0.995981
2735,26-Mar-02,24:00:00,239.417759,0.002711,44.595342,44.595342,0.0,0.0,0.98588,0.00271,51.519688,51.519688,0.0,0.0,0.985883,0.00271,69.799646,69.799646,0.0,0.0,0.987005
2736,27-Mar-02,24:00:00,227.635583,0.003303,41.11659,41.11659,0.0,0.0,0.975699,0.003303,48.16298,48.16298,0.0,0.0,0.975703,0.003301,65.734829,65.734829,0.0,0.0,0.976829
2737,28-Mar-02,24:00:00,223.335649,0.003393,38.625789,38.625789,0.0,0.0,0.96427,0.003392,45.330289,45.330289,0.0,0.0,0.964277,0.003391,61.906729,61.906729,0.0,0.0,0.965406
2738,29-Mar-02,24:00:00,215.186688,0.003248,36.366723,36.366723,0.0,0.0,0.952808,0.003248,42.688452,42.688452,0.0,0.0,0.952818,0.003246,58.30156,58.30156,0.0,0.0,0.953952
2739,30-Mar-02,24:00:00,207.049198,0.003207,34.247973,34.247973,0.0,0.0,0.941684,0.003206,40.202332,40.202332,0.0,0.0,0.941695,0.003205,54.906339,54.906339,0.0,0.0,0.942834
2740,31-Mar-02,24:00:00,281.167803,0.003386,32.253442,32.253442,0.0,0.0,0.930484,0.003386,37.861121,37.861121,0.0,0.0,0.930498,0.003384,51.708841,51.708841,0.0,0.0,0.93164
2741,01-Apr-02,24:00:00,393.512455,0.003136,30.375139,30.375139,0.0,0.0,0.919259,0.003135,35.656259,35.656259,0.0,0.0,0.919275,0.003134,48.697552,48.697552,0.0,0.0,0.920421
2742,02-Apr-02,24:00:00,406.047184,0.001836,28.606227,28.606227,0.0,0.0,0.910761,0.001836,33.579799,33.579799,0.0,0.0,0.910778,0.001835,45.861625,45.861625,0.0,0.0,0.911927
2743,03-Apr-02,24:00:00,391.810812,0.00109,26.940329,26.940329,0.0,0.0,0.905513,0.001089,31.624263,31.624263,0.0,0.0,0.905532,0.001089,43.190851,43.190851,0.0,0.0,0.906683
2744,04-Apr-02,24:00:00,386.053373,0.00149,25.371446,25.371446,0.0,0.0,0.900828,0.001489,29.782608,29.782608,0.0,0.0,0.900848,0.001489,40.67561,40.67561,0.0,0.0,0.902003
2745,05-Apr-02,24:00:00,380.406629,0.002619,23.893927,23.893927,0.0,0.0,0.894171,0.002619,28.048203,28.048203,0.0,0.0,0.894193,0.002617,38.306846,38.306846,0.0,0.0,0.89535
2746,06-Apr-02,24:00:00,375.083557,0.002996,22.502453,22.502453,0.0,0.0,0.884686,0.002995,26.414802,26.414802,0.0,0.0,0.884709,0.002994,36.076028,36.076028,0.0,0.0,0.88587
2747,07-Apr-02,24:00:00,370.070438,0.002698,21.192011,21.192011,0.0,0.0,0.874629,0.002697,24.876523,24.876523,0.0,0.0,0.874653,0.002696,33.975122,33.975122,0.0,0.0,0.875818
2748,08-Apr-02,24:00:00,319.013234,0.001084,19.957884,19.957884,0.0,0.0,0.868182,0.001084,23.427826,23.427826,0.0,0.0,0.868208,0.001083,31.996564,31.996564,0.0,0.0,0.870937
2749,09-Apr-02,24:00:00,248.570693,0.003196,18.795627,18.795627,0.0,0.0,0.8609,0.003195,22.063495,22.063495,0.0,0.0,0.860927,0.003193,30.133228,30.133228,0.0,0.0,0.868368
2750,10-Apr-02,24:00:00,220.011468,0.00171,17.701054,17.701054,0.0,0.0,0.852614,0.00171,20.778617,20.778617,0.0,0.0,0.852643,0.001709,28.378405,28.378405,0.0,0.0,0.861972
2751,11-Apr-02,24:00:00,216.523567,0.003646,16.670224,16.670224,0.0,0.0,0.843474,0.003646,19.568564,19.568564,0.0,0.0,0.843504,0.003644,26.725775,26.725775,0.0,0.0,0.852837
2752,12-Apr-02,24:00:00,213.468838,0.003835,15.699425,15.699425,0.0,0.0,0.830733,0.003834,18.428979,18.428979,0.0,0.0,0.830764,0.003833,25.169386,25.169386,0.0,0.0,0.840102
2753,13-Apr-02,24:00:00,210.004274,0.002983,14.785162,14.785162,0.0,0.0,0.818985,0.002982,17.355758,17.355758,0.0,0.0,0.819018,0.002982,23.703634,23.703634,0.0,0.0,0.828358
2754,14-Apr-02,24:00:00,206.687543,0.002946,13.92414,13.92414,0.0,0.0,0.808285,0.002945,16.345037,16.345037,0.0,0.0,0.80832,0.002944,22.323241,22.323241,0.0,0.0,0.817664
2755,15-Apr-02,24:00:00,204.026301,0.001166,13.157554,13.113261,0.001882,0.0,0.803014,0.001166,16.679028,15.393176,0.002679,0.0,0.803739,0.001165,24.075423,21.023236,0.006087,0.0,0.815351
2756,16-Apr-02,24:00:00,210.831574,0.001946,12.55378,12.349604,0.0,0.0,0.806485,0.001946,18.555216,14.496746,0.0,0.0,0.809253,0.001945,23.511046,19.798938,0.0,0.0,0.830287
2757,17-Apr-02,24:00:00,199.622161,0.002445,11.644968,11.630419,0.0,0.0,0.806273,0.002444,13.843332,13.652521,0.0,0.0,0.809042,0.002444,18.645937,18.645937,0.0,0.0,0.830081
2758,18-Apr-02,24:00:00,201.3789,0.003259,10.953115,10.953115,0.0,0.0,0.800429,0.003258,12.85746,12.85746,0.0,0.0,0.8032,0.003258,17.560081,17.560081,0.0,0.0,0.824252
2759,19-Apr-02,24:00:00,210.657562,0.003201,10.315255,10.315255,0.0,0.0,0.789408,0.003201,12.108699,12.108699,0.0,0.0,0.79218,0.0032,16.537461,16.537461,0.0,0.0,0.813234
2760,20-Apr-02,24:00:00,213.981998,0.003353,9.714541,9.714541,0.0,0.0,0.778322,0.003352,11.403543,11.403543,0.0,0.0,0.781096,0.003352,15.574394,15.574394,0.0,0.0,0.802152
2761,21-Apr-02,24:00:00,212.090687,0.003708,9.14881,9.14881,0.0,0.0,0.766123,0.003707,10.739452,10.739452,0.0,0.0,0.768899,0.003707,14.667411,14.667411,0.0,0.0,0.789958
2762,22-Apr-02,24:00:00,210.055764,0.00381,8.616025,8.616025,0.0,0.0,0.753278,0.00381,10.114035,10.114035,0.0,0.0,0.756056,0.003809,13.813247,13.813247,0.0,0.0,0.777117
2763,23-Apr-02,24:00:00,208.169126,0.002333,8.114266,8.114266,0.0,0.0,0.742365,0.002333,9.525039,9.525039,0.0,0.0,0.745144,0.002332,13.008826,13.008826,0.0,0.0,0.76621
2764,24-Apr-02,24:00:00,206.456255,0.003697,7.641728,7.641728,0.0,0.0,0.732406,0.003697,8.970344,8.970344,0.0,0.0,0.735186,0.003697,12.251251,12.251251,0.0,0.0,0.756255
2765,25-Apr-02,24:00:00,205.612148,0.003152,7.196708,7.196708,0.0,0.0,0.720729,0.003152,8.447951,8.447951,0.0,0.0,0.723511,0.003152,11.537793,11.537793,0.0,0.0,0.74458
2766,26-Apr-02,24:00:00,205.023007,0.002194,6.777604,6.777604,0.0,0.0,0.71121,0.002194,7.955981,7.955981,0.0,0.0,0.713993,0.002193,10.865884,10.865884,0.0,0.0,0.735063
2767,27-Apr-02,24:00:00,202.740968,0.001893,6.382907,6.382907,0.0,0.0,0.704081,0.001893,7.49266,7.49266,0.0,0.0,0.706865,0.001893,10.233104,10.233104,0.0,0.0,0.727935
2768,28-Apr-02,24:00:00,201.582644,0.001179,6.011195,6.011195,0.0,0.0,0.698834,0.001179,7.056321,7.056321,0.0,0.0,0.701618,0.001178,9.637174,9.637174,0.0,0.0,0.72269
2769,29-Apr-02,24:00:00,201.669309,0.001289,5.66113,5.66113,0.0,0.0,0.694726,0.001289,6.645393,6.645393,0.0,0.0,0.69751,0.001289,9.075948,9.075948,0.0,0.0,0.718583
2770,30-Apr-02,24:00:00,200.548023,0.002555,5.331452,5.331452,0.0,0.0,0.688232,0.002555,6.258395,6.258395,0.0,0.0,0.691017,0.002554,8.547406,8.547406,0.0,0.0,0.712092
2771,01-May-02,24:00:00,199.359108,0.003729,5.020972,5.020972,0.0,0.0,0.677529,0.003729,5.893934,5.893934,0.0,0.0,0.680314,0.003728,8.049644,8.049644,0.0,0.0,0.701392
2772,02-May-02,24:00:00,198.232072,0.003201,4.728573,4.728573,0.0,0.0,0.665907,0.003201,5.550698,5.550698,0.0,0.0,0.668691,0.003201,7.580869,7.580869,0.0,0.0,0.68977
2773,03-May-02,24:00:00,196.306464,0.004014,4.453202,4.453202,0.0,0.0,0.653379,0.004014,5.227451,5.227451,0.0,0.0,0.656163,0.004014,7.139393,7.139393,0.0,0.0,0.677241
2774,04-May-02,24:00:00,193.848054,0.004378,4.193868,4.193868,0.0,0.0,0.639185,0.004378,4.923027,4.923027,0.0,0.0,0.641969,0.004378,6.723627,6.723627,0.0,0.0,0.663047
2775,05-May-02,24:00:00,192.28942,0.003942,3.949636,3.949636,0.0,0.0,0.624831,0.003942,4.636332,4.636332,0.0,0.0,0.627615,0.003942,6.332073,6.332073,0.0,0.0,0.648693
2776,06-May-02,24:00:00,191.345091,0.003503,3.719627,3.719627,0.0,0.0,0.611795,0.003503,4.366333,4.366333,0.0,0.0,0.614578,0.003503,5.963322,5.963322,0.0,0.0,0.635657
2777,07-May-02,24:00:00,190.506807,0.003979,3.503013,3.503013,0.0,0.0,0.599229,0.003979,4.112058,4.112058,0.0,0.0,0.602013,0.003979,5.616045,5.616045,0.0,0.0,0.623091
2778,08-May-02,24:00:00,189.7201,0.003935,3.299013,3.299013,0.0,0.0,0.585666,0.003935,3.87259,3.87259,0.0,0.0,0.588449,0.003935,5.288992,5.288992,0.0,0.0,0.609527
2779,09-May-02,24:00:00,188.979333,0.003453,3.106893,3.106893,0.0,0.0,0.572404,0.003453,3.647068,3.647068,0.0,0.0,0.575187,0.003453,4.980984,4.980984,0.0,0.0,0.596265
2780,10-May-02,24:00:00,188.281711,0.004028,2.925962,2.925962,0.0,0.0,0.560096,0.004028,3.434679,3.434679,0.0,0.0,0.562879,0.004028,4.690914,4.690914,0.0,0.0,0.583957
2781,11-May-02,24:00:00,187.624715,0.004333,2.755567,2.755567,0.0,0.0,0.546037,0.004333,3.234659,3.234659,0.0,0.0,0.54882,0.004333,4.417737,4.417737,0.0,0.0,0.569897
2782,12-May-02,24:00:00,187.005979,0.003808,2.595095,2.595095,0.0,0.0,0.53197,0.003808,3.046287,3.046287,0.0,0.0,0.534754,0.003808,4.160468,4.160468,0.0,0.0,0.555831
2783,13-May-02,24:00:00,185.991342,0.004181,2.443968,2.443968,0.0,0.0,0.518198,0.004181,2.868885,2.868885,0.0,0.0,0.520982,0.00418,3.918181,3.918181,0.0,0.0,0.542061
2784,14-May-02,24:00:00,184.929296,0.004576,2.301643,2.301643,0.0,0.0,0.503468,0.004576,2.701814,2.701814,0.0,0.0,0.506252,0.004576,3.690003,3.690003,0.0,0.0,0.527332
2785,15-May-02,24:00:00,184.792586,0.004213,2.167606,2.167606,0.0,0.0,0.488214,0.004213,2.544472,2.544472,0.0,0.0,0.490998,0.004213,3.475114,3.475114,0.0,0.0,0.512078
2786,16-May-02,24:00:00,184.816326,0.004304,2.041374,2.041374,0.0,0.0,0.473479,0.004304,2.396294,2.396294,0.0,0.0,0.476263,0.004304,3.272739,3.272739,0.0,0.0,0.497342
2787,17-May-02,24:00:00,184.40966,0.003474,1.922493,1.922493,0.0,0.0,0.460134,0.003474,2.256744,2.256744,0.0,0.0,0.462918,0.003474,3.08215,3.08215,0.0,0.0,0.483997
2788,18-May-02,24:00:00,183.9808,0.001608,1.810536,1.810536,0.0,0.0,0.450981,0.001608,2.125322,2.125322,0.0,0.0,0.453763,0.001607,2.902659,2.902659,0.0,0.0,0.474843
2789,19-May-02,24:00:00,191.705756,0.00149,2.196555,1.705099,0.006025,0.0,0.458771,0.00149,11.255317,2.001553,0.008292,0.0,0.463611,0.00149,12.230087,2.733621,0.010887,0.0,0.487805
2790,20-May-02,24:00:00,203.452392,0.001953,1.935552,1.605801,0.0,0.0,0.468817,0.001953,9.436027,1.884991,0.0,0.0,0.479373,0.001953,5.176359,2.574428,0.0,0.0,0.509352
2791,21-May-02,24:00:00,185.377568,0.003659,1.533201,1.512287,0.0,0.0,0.467129,0.003659,2.105028,1.775218,0.0,0.0,0.477685,0.003658,2.424505,2.424505,0.0,0.0,0.507665
2792,22-May-02,24:00:00,182.622206,0.004166,1.424218,1.424218,0.0,0.0,0.457225,0.004166,1.671837,1.671837,0.0,0.0,0.467782,0.004166,2.283312,2.283312,0.0,0.0,0.497763
2793,23-May-02,24:00:00,182.176878,0.004425,1.341278,1.341278,0.0,0.0,0.44246,0.004425,1.574477,1.574477,0.0,0.0,0.453016,0.004426,2.150343,2.150343,0.0,0.0,0.482997
2794,24-May-02,24:00:00,181.006767,0.004693,1.263168,1.263168,0.0,0.0,0.427017,0.004693,1.482786,1.482786,0.0,0.0,0.437574,0.004693,2.025116,2.025116,0.0,0.0,0.467555
2795,25-May-02,24:00:00,183.583796,0.004307,1.189607,1.189607,0.0,0.0,0.411387,0.004307,1.396436,1.396436,0.0,0.0,0.421943,0.004307,1.907183,1.907183,0.0,0.0,0.451924
2796,26-May-02,24:00:00,194.312039,0.002452,1.120329,1.120329,0.0,0.0,0.399388,0.002452,1.315114,1.315114,0.0,0.0,0.409945,0.002451,1.796117,1.796117,0.0,0.0,0.439926
2797,27-May-02,24:00:00,202.470267,0.004169,1.055086,1.055086,0.0,0.0,0.388421,0.004169,1.238527,1.238527,0.0,0.0,0.398978,0.004168,1.691519,1.691519,0.0,0.0,0.428961
2798,28-May-02,24:00:00,202.797072,0.004965,0.993643,0.993643,0.0,0.0,0.373062,0.004965,1.166401,1.166401,0.0,0.0,0.38362,0.004964,1.593013,1.593013,0.0,0.0,0.413607
2799,29-May-02,24:00:00,202.579811,0.005216,0.935778,0.935778,0.0,0.0,0.355609,0.005216,1.098475,1.098475,0.0,0.0,0.366167,0.005215,1.500243,1.500243,0.0,0.0,0.396156
2800,30-May-02,24:00:00,202.371362,0.004712,0.881282,0.881282,0.0,0.0,0.338338,0.004712,1.034505,1.034505,0.0,0.0,0.348896,0.004711,1.412875,1.412875,0.0,0.0,0.378887
2801,31-May-02,24:00:00,202.776795,0.004405,0.82996,0.82996,0.0,0.0,0.322844,0.004405,0.97426,0.97426,0.0,0.0,0.333403,0.004405,1.330596,1.330596,0.0,0.0,0.363396
2802,01-Jun-02,24:00:00,204.187049,0.00443,0.781627,0.781627,0.0,0.0,0.307666,0.00443,0.917523,0.917523,0.0,0.0,0.318226,0.004429,1.253108,1.253108,0.0,0.0,0.348221
2803,02-Jun-02,24:00:00,195.880238,0.004901,0.736109,0.736109,0.0,0.0,0.291947,0.004901,0.864091,0.864091,0.0,0.0,0.302507,0.0049,1.180133,1.180133,0.0,0.0,0.332504
2804,03-Jun-02,24:00:00,174.97001,0.005286,0.693241,0.693241,0.0,0.0,0.274384,0.005286,0.81377,0.81377,0.0,0.0,0.284945,0.005285,1.111407,1.111407,0.0,0.0,0.314944
2805,04-Jun-02,24:00:00,159.184698,0.005595,0.65287,0.65287,0.0,0.0,0.255792,0.005595,0.76638,0.76638,0.0,0.0,0.266354,0.005594,1.046684,1.046684,0.0,0.0,0.296355
2806,05-Jun-02,24:00:00,160.449858,0.005447,0.61485,0.61485,0.0,0.0,0.237171,0.005447,0.721749,0.721749,0.0,0.0,0.247733,0.005446,0.98573,0.98573,0.0,0.0,0.277736
2807,06-Jun-02,24:00:00,171.660117,0.005248,0.579044,0.579044,0.0,0.0,0.218595,0.005248,0.679718,0.679718,0.0,0.0,0.229158,0.005247,0.928325,0.928325,0.0,0.0,0.259163
2808,07-Jun-02,24:00:00,180.631744,0.005048,0.545323,0.545323,0.0,0.0,0.200139,0.005048,0.640134,0.640134,0.0,0.0,0.210703,0.005047,0.874264,0.874264,0.0,0.0,0.240711
2809,08-Jun-02,24:00:00,181.876892,0.004719,0.513565,0.513565,0.0,0.0,0.183763,0.004719,0.602856,0.602856,0.0,0.0,0.194327,0.004718,0.82335,0.82335,0.0,0.0,0.224338
2810,09-Jun-02,24:00:00,187.906785,0.004709,0.483658,0.483658,0.0,0.0,0.167692,0.004709,0.567748,0.567748,0.0,0.0,0.178256,0.004708,0.775402,0.775402,0.0,0.0,0.208268
2811,10-Jun-02,24:00:00,201.112596,0.005051,0.455492,0.455492,0.0,0.0,0.151073,0.005051,0.534685,0.534685,0.0,0.0,0.161638,0.00505,0.730246,0.730246,0.0,0.0,0.191652
2812,11-Jun-02,24:00:00,208.715912,0.004773,0.428966,0.428966,0.0,0.0,0.134415,0.004773,0.503547,0.503547,0.0,0.0,0.144981,0.004773,0.68772,0.68772,0.0,0.0,0.174996
2813,12-Jun-02,24:00:00,210.734887,0.004632,0.403985,0.403985,0.0,0.0,0.118129,0.004631,0.474223,0.474223,0.0,0.0,0.128695,0.004631,0.64767,0.64767,0.0,0.0,0.158712
2814,13-Jun-02,24:00:00,213.849194,0.004357,0.380459,0.380459,0.0,0.0,0.102777,0.004357,0.446606,0.446606,0.0,0.0,0.113343,0.004356,0.609953,0.609953,0.0,0.0,0.143362
2815,14-Jun-02,24:00:00,217.751213,0.004636,0.358302,0.358302,0.0,0.0,0.087301,0.004636,0.420598,0.420598,0.0,0.0,0.097868,0.004635,0.574432,0.574432,0.0,0.0,0.127889
2816,15-Jun-02,24:00:00,216.857165,0.004756,0.337437,0.337437,0.0,0.0,0.071304,0.004756,0.396104,0.396104,0.0,0.0,0.081871,0.004755,0.54098,0.54098,0.0,0.0,0.111894
2817,16-Jun-02,24:00:00,224.870228,0.004861,0.317786,0.317786,0.0,0.0,0.054746,0.004861,0.373037,0.373037,0.0,0.0,0.065314,0.00486,0.509475,0.509475,0.0,0.0,0.095338
2818,17-Jun-02,24:00:00,238.862235,0.004064,0.299279,0.299279,0.0,0.0,0.039578,0.004064,0.351313,0.351313,0.0,0.0,0.050145,0.004063,0.479806,0.479806,0.0,0.0,0.080172
2819,18-Jun-02,24:00:00,245.195048,0.005007,0.281851,0.281851,0.0,0.0,0.023968,0.005007,0.330854,0.330854,0.0,0.0,0.034535,0.005006,0.451864,0.451864,0.0,0.0,0.064564
2820,19-Jun-02,24:00:00,246.001603,0.005109,0.265437,0.265437,0.0,0.0,0.007378,0.005109,0.311587,0.311587,0.0,0.0,0.01733,0.005108,0.42555,0.42555,0.0,0.0,0.047362
2821,20-Jun-02,24:00:00,246.55797,0.004404,0.249979,0.249979,0.0,0.0,0.0,0.004404,0.293441,0.293441,0.0,0.0,0.003276,0.004404,0.400768,0.400768,0.0,0.0,0.030651
2822,21-Jun-02,24:00:00,246.893995,0.004608,0.235422,0.235422,0.0,0.0,0.0,0.004608,0.276353,0.276353,0.0,0.0,0.0,0.004607,0.377429,0.377429,0.0,0.0,0.015431
2823,22-Jun-02,24:00:00,246.246349,0.004694,0.221711,0.221711,0.0,0.0,0.0,0.004694,0.260259,0.260259,0.0,0.0,0.0,0.004693,0.355449,0.355449,0.0,0.0,0.00282
2824,23-Jun-02,24:00:00,244.601848,0.004923,0.2088,0.2088,0.0,0.0,0.0,0.004923,0.245103,0.245103,0.0,0.0,0.0,0.004923,0.334749,0.334749,0.0,0.0,0.0
2825,24-Jun-02,24:00:00,244.367291,0.005303,0.19664,0.19664,0.0,0.0,0.0,0.005303,0.230829,0.230829,0.0,0.0,0.0,0.005302,0.315255,0.315255,0.0,0.0,0.0
2826,25-Jun-02,24:00:00,251.321356,0.004974,0.185189,0.185189,0.0,0.0,0.0,0.004974,0.217387,0.217387,0.0,0.0,0.0,0.004973,0.296896,0.296896,0.0,0.0,0.0
2827,26-Jun-02,24:00:00,263.417361,0.005241,0.174404,0.174404,0.0,0.0,0.0,0.005241,0.204727,0.204727,0.0,0.0,0.0,0.005241,0.279606,0.279606,0.0,0.0,0.0
2828,27-Jun-02,24:00:00,270.347152,0.005082,0.164248,0.164248,0.0,0.0,0.0,0.005082,0.192805,0.192805,0.0,0.0,0.0,0.005082,0.263323,0.263323,0.0,0.0,0.0
2829,28-Jun-02,24:00:00,271.571299,0.004858,0.154683,0.154683,0.0,0.0,0.0,0.004858,0.181577,0.181577,0.0,0.0,0.0,0.004857,0.247988,0.247988,0.0,0.0,0.0
2830,29-Jun-02,24:00:00,272.760673,0.004882,0.145675,0.145675,0.0,0.0,0.0,0.004882,0.171002,0.171002,0.0,0.0,0.0,0.004882,0.233547,0.233547,0.0,0.0,0.0
2831,30-Jun-02,24:00:00,272.308068,0.005399,0.137191,0.137191,0.0,0.0,0.0,0.005398,0.161044,0.161044,0.0,0.0,0.0,0.005398,0.219946,0.219946,0.0,0.0,0.0
2832,01-Jul-02,24:00:00,271.507399,0.005022,0.129202,0.129202,0.0,0.0,0.0,0.005022,0.151665,0.151665,0.0,0.0,0.0,0.005021,0.207137,0.207137,0.0,0.0,0.0
2833,02-Jul-02,24:00:00,274.474406,0.005416,0.121678,0.121678,0.0,0.0,0.0,0.005416,0.142833,0.142833,0.0,0.0,0.0,0.005415,0.195074,0.195074,0.0,0.0,0.0
2834,03-Jul-02,24:00:00,276.405307,0.00486,0.114592,0.114592,0.0,0.0,0.0,0.004859,0.134515,0.134515,0.0,0.0,0.0,0.004859,0.183714,0.183714,0.0,0.0,0.0
2835,04-Jul-02,24:00:00,276.412614,0.00486,0.107919,0.107919,0.0,0.0,0.0,0.00486,0.126682,0.126682,0.0,0.0,0.0,0.00486,0.173016,0.173016,0.0,0.0,0.0
2836,05-Jul-02,24:00:00,276.388801,0.005479,0.101634,0.101634,0.0,0.0,0.0,0.005479,0.119304,0.119304,0.0,0.0,0.0,0.005479,0.16294,0.16294,0.0,0.0,0.0
2837,06-Jul-02,24:00:00,276.36616,0.004979,0.095715,0.095715,0.0,0.0,0.0,0.004979,0.112357,0.112357,0.0,0.0,0.0,0.004979,0.153451,0.153451,0.0,0.0,0.0
2838,07-Jul-02,24:00:00,276.344837,0.004826,0.090141,0.090141,0.0,0.0,0.0,0.004826,0.105813,0.105813,0.0,0.0,0.0,0.004825,0.144515,0.144515,0.0,0.0,0.0
2839,08-Jul-02,24:00:00,276.324755,0.00523,0.084892,0.084892,0.0,0.0,0.0,0.005229,0.099651,0.099651,0.0,0.0,0.0,0.005229,0.136099,0.136099,0.0,0.0,0.0
2840,09-Jul-02,24:00:00,276.305843,0.005443,0.079948,0.079948,0.0,0.0,0.0,0.005443,0.093848,0.093848,0.0,0.0,0.0,0.005442,0.128173,0.128173,0.0,0.0,0.0
2841,10-Jul-02,24:00:00,276.288032,0.005691,0.075292,0.075292,0.0,0.0,0.0,0.00569,0.088383,0.088383,0.0,0.0,0.0,0.00569,0.120709,0.120709,0.0,0.0,0.0
2842,11-Jul-02,24:00:00,277.474791,0.005635,0.070908,0.070908,0.0,0.0,0.0,0.005635,0.083236,0.083236,0.0,0.0,0.0,0.005634,0.113679,0.113679,0.0,0.0,0.0
2843,12-Jul-02,24:00:00,279.445768,0.005251,0.066778,0.066778,0.0,0.0,0.0,0.005251,0.078388,0.078388,0.0,0.0,0.0,0.00525,0.107059,0.107059,0.0,0.0,0.0
2844,13-Jul-02,24:00:00,278.421966,0.005361,0.062889,0.062889,0.0,0.0,0.0,0.005361,0.073823,0.073823,0.0,0.0,0.0,0.005361,0.100824,0.100824,0.0,0.0,0.0
2845,14-Jul-02,24:00:00,276.644554,0.004346,0.059227,0.059227,0.0,0.0,0.0,0.004346,0.069524,0.069524,0.0,0.0,0.0,0.004345,0.094953,0.094953,0.0,0.0,0.0
2846,15-Jul-02,24:00:00,276.220131,0.004472,0.055778,0.055778,0.0,0.0,0.0,0.004471,0.065476,0.065476,0.0,0.0,0.0,0.004471,0.089423,0.089423,0.0,0.0,0.0
2847,16-Jul-02,24:00:00,276.201,0.004936,0.05253,0.05253,0.0,0.0,0.0,0.004936,0.061662,0.061662,0.0,0.0,0.0,0.004935,0.084216,0.084216,0.0,0.0,0.0
2848,17-Jul-02,24:00:00,276.189251,0.004931,0.04947,0.04947,0.0,0.0,0.0,0.004931,0.058072,0.058072,0.0,0.0,0.0,0.00493,0.079311,0.079311,0.0,0.0,0.0
2849,18-Jul-02,24:00:00,276.178229,0.004915,0.04659,0.04659,0.0,0.0,0.0,0.004915,0.05469,0.05469,0.0,0.0,0.0,0.004914,0.074693,0.074693,0.0,0.0,0.0
2850,19-Jul-02,24:00:00,275.566083,0.005326,0.043876,0.043876,0.0,0.0,0.0,0.005326,0.051505,0.051505,0.0,0.0,0.0,0.005325,0.070343,0.070343,0.0,0.0,0.0
2851,20-Jul-02,24:00:00,275.766455,0.004282,0.041321,0.041321,0.0,0.0,0.0,0.004281,0.048506,0.048506,0.0,0.0,0.0,0.004281,0.066246,0.066246,0.0,0.0,0.0
2852,21-Jul-02,24:00:00,270.124637,0.003597,0.038915,0.038915,0.0,0.0,0.0,0.003597,0.045681,0.045681,0.0,0.0,0.0,0.003597,0.062388,0.062388,0.0,0.0,0.0
2853,22-Jul-02,24:00:00,256.578022,0.004465,0.036649,0.036649,0.0,0.0,0.0,0.004465,0.043021,0.043021,0.0,0.0,0.0,0.004465,0.058755,0.058755,0.0,0.0,0.0
2854,23-Jul-02,24:00:00,250.23831,0.004521,0.034514,0.034514,0.0,0.0,0.0,0.004521,0.040515,0.040515,0.0,0.0,0.0,0.00452,0.055334,0.055334,0.0,0.0,0.0
2855,24-Jul-02,24:00:00,250.125088,0.004301,0.032504,0.032504,0.0,0.0,0.0,0.004301,0.038156,0.038156,0.0,0.0,0.0,0.0043,0.052111,0.052111,0.0,0.0,0.0
2856,25-Jul-02,24:00:00,250.117109,0.004244,0.030612,0.030612,0.0,0.0,0.0,0.004243,0.035934,0.035934,0.0,0.0,0.0,0.004243,0.049076,0.049076,0.0,0.0,0.0
2857,26-Jul-02,24:00:00,250.110285,0.003647,0.028829,0.028829,0.0,0.0,0.0,0.003647,0.033841,0.033841,0.0,0.0,0.0,0.003647,0.046218,0.046218,0.0,0.0,0.0
2858,27-Jul-02,24:00:00,250.103863,0.002497,0.02715,0.02715,0.0,0.0,0.0,0.002497,0.03187,0.03187,0.0,0.0,0.0,0.002497,0.043527,0.043527,0.0,0.0,0.0
2859,28-Jul-02,24:00:00,250.097814,0.003484,0.025569,0.025569,0.0,0.0,0.0,0.003484,0.030014,0.030014,0.0,0.0,0.0,0.003485,0.040992,0.040992,0.0,0.0,0.0
2860,29-Jul-02,24:00:00,250.092118,0.004135,0.02408,0.02408,0.0,0.0,0.0,0.004135,0.028266,0.028266,0.0,0.0,0.0,0.004135,0.038605,0.038605,0.0,0.0,0.0
2861,30-Jul-02,24:00:00,244.670854,0.004075,0.022678,0.022678,0.0,0.0,0.0,0.004075,0.02662,0.02662,0.0,0.0,0.0,0.004075,0.036357,0.036357,0.0,0.0,0.0
2862,31-Jul-02,24:00:00,236.327088,0.004484,0.021357,0.021357,0.0,0.0,0.0,0.004484,0.02507,0.02507,0.0,0.0,0.0,0.004484,0.034239,0.034239,0.0,0.0,0.0
2863,01-Aug-02,24:00:00,231.324966,0.004219,0.020113,0.020113,0.0,0.0,0.0,0.00422,0.02361,0.02361,0.0,0.0,0.0,0.00422,0.032246,0.032246,0.0,0.0,0.0
2864,02-Aug-02,24:00:00,230.092674,0.003027,0.018942,0.018942,0.0,0.0,0.0,0.003027,0.022235,0.022235,0.0,0.0,0.0,0.003027,0.030368,0.030368,0.0,0.0,0.0
2865,03-Aug-02,24:00:00,230.068383,0.004042,0.017839,0.017839,0.0,0.0,0.0,0.004042,0.02094,0.02094,0.0,0.0,0.0,0.004042,0.028599,0.028599,0.0,0.0,0.0
2866,04-Aug-02,24:00:00,230.064269,0.00431,0.0168,0.0168,0.0,0.0,0.0,0.00431,0.019721,0.019721,0.0,0.0,0.0,0.00431,0.026934,0.026934,0.0,0.0,0.0
2867,05-Aug-02,24:00:00,230.060526,0.004132,0.015821,0.015821,0.0,0.0,0.0,0.004132,0.018572,0.018572,0.0,0.0,0.0,0.004132,0.025365,0.025365,0.0,0.0,0.0
2868,06-Aug-02,24:00:00,230.057001,0.004132,0.0149,0.0149,0.0,0.0,0.0,0.004132,0.017491,0.017491,0.0,0.0,0.0,0.004132,0.023888,0.023888,0.0,0.0,0.0
2869,07-Aug-02,24:00:00,245.699613,0.004561,0.014033,0.014033,0.0,0.0,0.0,0.004561,0.016472,0.016472,0.0,0.0,0.0,0.004561,0.022497,0.022497,0.0,0.0,0.0
2870,08-Aug-02,24:00:00,267.913942,0.004787,0.013215,0.013215,0.0,0.0,0.0,0.004787,0.015513,0.015513,0.0,0.0,0.0,0.004787,0.021187,0.021187,0.0,0.0,0.0
2871,09-Aug-02,24:00:00,276.515911,0.004886,0.012446,0.012446,0.0,0.0,0.0,0.004886,0.01461,0.01461,0.0,0.0,0.0,0.004886,0.019953,0.019953,0.0,0.0,0.0
2872,10-Aug-02,24:00:00,277.037295,0.004618,0.011721,0.011721,0.0,0.0,0.0,0.004618,0.013759,0.013759,0.0,0.0,0.0,0.004618,0.018791,0.018791,0.0,0.0,0.0
2873,11-Aug-02,24:00:00,278.245709,0.004711,0.011039,0.011039,0.0,0.0,0.0,0.004711,0.012958,0.012958,0.0,0.0,0.0,0.004711,0.017697,0.017697,0.0,0.0,0.0
2874,12-Aug-02,24:00:00,279.628308,0.00481,0.010395,0.010395,0.0,0.0,0.0,0.00481,0.012203,0.012203,0.0,0.0,0.0,0.00481,0.016666,0.016666,0.0,0.0,0.0
2875,13-Aug-02,24:00:00,279.42898,0.004639,0.00979,0.00979,0.0,0.0,0.0,0.004638,0.011492,0.011492,0.0,0.0,0.0,0.004638,0.015696,0.015696,0.0,0.0,0.0
2876,14-Aug-02,24:00:00,277.838305,0.004516,0.00922,0.00922,0.0,0.0,0.0,0.004516,0.010823,0.010823,0.0,0.0,0.0,0.004516,0.014782,0.014782,0.0,0.0,0.0
2877,15-Aug-02,24:00:00,276.444723,0.004289,0.008683,0.008683,0.0,0.0,0.0,0.004289,0.010193,0.010193,0.0,0.0,0.0,0.004289,0.013921,0.013921,0.0,0.0,0.0
2878,16-Aug-02,24:00:00,276.037989,0.004782,0.008177,0.008177,0.0,0.0,0.0,0.004782,0.009599,0.009599,0.0,0.0,0.0,0.004782,0.01311,0.01311,0.0,0.0,0.0
2879,17-Aug-02,24:00:00,276.029508,0.004285,0.007701,0.007701,0.0,0.0,0.0,0.004285,0.00904,0.00904,0.0,0.0,0.0,0.004285,0.012347,0.012347,0.0,0.0,0.0
2880,18-Aug-02,24:00:00,268.806547,0.003943,0.007253,0.007253,0.0,0.0,0.0,0.003943,0.008514,0.008514,0.0,0.0,0.0,0.003943,0.011628,0.011628,0.0,0.0,0.0
2881,19-Aug-02,24:00:00,256.88429,0.004425,0.00683,0.00683,0.0,0.0,0.0,0.004425,0.008018,0.008018,0.0,0.0,0.0,0.004425,0.01095,0.01095,0.0,0.0,0.0
2882,20-Aug-02,24:00:00,252.104522,0.004009,0.006433,0.006433,0.0,0.0,0.0,0.004009,0.007551,0.007551,0.0,0.0,0.0,0.004008,0.010313,0.010313,0.0,0.0,0.0
2883,21-Aug-02,24:00:00,252.023732,0.003813,0.006058,0.006058,0.0,0.0,0.0,0.003813,0.007111,0.007111,0.0,0.0,0.0,0.003812,0.009712,0.009712,0.0,0.0,0.0
2884,22-Aug-02,24:00:00,242.99533,0.003758,0.005705,0.005705,0.0,0.0,0.0,0.003758,0.006697,0.006697,0.0,0.0,0.0,0.003757,0.009147,0.009147,0.0,0.0,0.0
2885,23-Aug-02,24:00:00,230.500321,0.004215,0.005373,0.005373,0.0,0.0,0.0,0.004215,0.006307,0.006307,0.0,0.0,0.0,0.004214,0.008614,0.008614,0.0,0.0,0.0
2886,24-Aug-02,24:00:00,226.092796,0.004512,0.00506,0.00506,0.0,0.0,0.0,0.004512,0.00594,0.00594,0.0,0.0,0.0,0.00451,0.008112,0.008112,0.0,0.0,0.0
2887,25-Aug-02,24:00:00,235.045241,0.004372,0.004766,0.004766,0.0,0.0,0.0,0.004371,0.005594,0.005594,0.0,0.0,0.0,0.00437,0.00764,0.00764,0.0,0.0,0.0
2888,26-Aug-02,24:00:00,248.740937,0.004358,0.004488,0.004488,0.0,0.0,0.0,0.004358,0.005268,0.005268,0.0,0.0,0.0,0.004357,0.007195,0.007195,0.0,0.0,0.0
2889,27-Aug-02,24:00:00,253.327736,0.004768,0.004226,0.004226,0.0,0.0,0.0,0.004767,0.004961,0.004961,0.0,0.0,0.0,0.004766,0.006776,0.006776,0.0,0.0,0.0
2890,28-Aug-02,24:00:00,253.623003,0.003382,0.00398,0.00398,0.0,0.0,0.0,0.003381,0.004672,0.004672,0.0,0.0,0.0,0.00338,0.006381,0.006381,0.0,0.0,0.0
2891,29-Aug-02,24:00:00,255.813069,0.003816,0.003749,0.003749,0.0,0.0,0.0,0.003816,0.0044,0.0044,0.0,0.0,0.0,0.003815,0.00601,0.00601,0.0,0.0,0.0
2892,30-Aug-02,24:00:00,258.197152,0.003966,0.00353,0.00353,0.0,0.0,0.0,0.003966,0.004144,0.004144,0.0,0.0,0.0,0.003964,0.00566,0.00566,0.0,0.0,0.0
2893,31-Aug-02,24:00:00,258.999353,0.003899,0.003325,0.003325,0.0,0.0,0.0,0.003899,0.003903,0.003903,0.0,0.0,0.0,0.003898,0.00533,0.00533,0.0,0.0,0.0
2894,01-Sep-02,24:00:00,256.003052,0.004429,0.003131,0.003131,0.0,0.0,0.0,0.004428,0.003676,0.003676,0.0,0.0,0.0,0.004427,0.00502,0.00502,0.0,0.0,0.0
2895,02-Sep-02,24:00:00,249.230214,0.004278,0.002949,0.002949,0.0,0.0,0.0,0.004277,0.003461,0.003461,0.0,0.0,0.0,0.004276,0.004727,0.004727,0.0,0.0,0.0
2896,03-Sep-02,24:00:00,245.461994,0.003688,0.002777,0.002777,0.0,0.0,0.0,0.003687,0.00326,0.00326,0.0,0.0,0.0,0.003686,0.004452,0.004452,0.0,0.0,0.0
2897,04-Sep-02,24:00:00,243.211689,0.003615,0.002615,0.002615,0.0,0.0,0.0,0.003614,0.00307,0.00307,0.0,0.0,0.0,0.003612,0.004193,0.004193,0.0,0.0,0.0
2898,05-Sep-02,24:00:00,248.046976,0.003249,0.002463,0.002463,0.0,0.0,0.0,0.003249,0.002891,0.002891,0.0,0.0,0.0,0.003247,0.003949,0.003949,0.0,0.0,0.0
2899,06-Sep-02,24:00:00,257.960545,0.003352,0.00232,0.00232,0.0,0.0,0.0,0.003351,0.002723,0.002723,0.0,0.0,0.0,0.00335,0.003719,0.003719,0.0,0.0,0.0
2900,07-Sep-02,24:00:00,262.543529,0.003507,0.002184,0.002184,0.0,0.0,0.0,0.003507,0.002564,0.002564,0.0,0.0,0.0,0.003505,0.003502,0.003502,0.0,0.0,0.0
2901,08-Sep-02,24:00:00,261.797259,0.003712,0.002057,0.002057,0.0,0.0,0.0,0.003711,0.002415,0.002415,0.0,0.0,0.0,0.003711,0.003298,0.003298,0.0,0.0,0.0
2902,09-Sep-02,24:00:00,258.613523,0.003794,0.001937,0.001937,0.0,0.0,0.0,0.003794,0.002274,0.002274,0.0,0.0,0.0,0.003794,0.003106,0.003106,0.0,0.0,0.0
2903,10-Sep-02,24:00:00,255.228226,0.004016,0.001825,0.001825,0.0,0.0,0.0,0.004016,0.002142,0.002142,0.0,0.0,0.0,0.004016,0.002925,0.002925,0.0,0.0,0.0
2904,11-Sep-02,24:00:00,254.026599,0.003798,0.001718,0.001718,0.0,0.0,0.0,0.003798,0.002017,0.002017,0.0,0.0,0.0,0.003798,0.002755,0.002755,0.0,0.0,0.0
2905,12-Sep-02,24:00:00,249.192198,0.003663,0.001618,0.001618,0.0,0.0,0.0,0.003663,0.0019,0.0019,0.0,0.0,0.0,0.003664,0.002594,0.002594,0.0,0.0,0.0
2906,13-Sep-02,24:00:00,239.439305,0.00345,0.001524,0.001524,0.0,0.0,0.0,0.00345,0.001789,0.001789,0.0,0.0,0.0,0.00345,0.002443,0.002443,0.0,0.0,0.0
2907,14-Sep-02,24:00:00,235.680373,0.003064,0.001435,0.001435,0.0,0.0,0.0,0.003064,0.001685,0.001685,0.0,0.0,0.0,0.003064,0.002301,0.002301,0.0,0.0,0.0
2908,15-Sep-02,24:00:00,235.397301,0.003325,0.001352,0.001352,0.0,0.0,0.0,0.003325,0.001587,0.001587,0.0,0.0,0.0,0.003325,0.002167,0.002167,0.0,0.0,0.0
2909,16-Sep-02,24:00:00,234.409673,0.003655,0.001273,0.001273,0.0,0.0,0.0,0.003655,0.001494,0.001494,0.0,0.0,0.0,0.003655,0.002041,0.002041,0.0,0.0,0.0
2910,17-Sep-02,24:00:00,234.011245,0.003899,0.001199,0.001199,0.0,0.0,0.0,0.003899,0.001407,0.001407,0.0,0.0,0.0,0.003899,0.001922,0.001922,0.0,0.0,0.0
2911,18-Sep-02,24:00:00,237.013199,0.003306,0.001129,0.001129,0.0,0.0,0.0,0.003306,0.001325,0.001325,0.0,0.0,0.0,0.003306,0.00181,0.00181,0.0,0.0,0.0
2912,19-Sep-02,24:00:00,243.183368,0.003404,0.001063,0.001063,0.0,0.0,0.0,0.003404,0.001248,0.001248,0.0,0.0,0.0,0.003404,0.001705,0.001705,0.0,0.0,0.0
2913,20-Sep-02,24:00:00,244.152007,0.003592,0.001001,0.001001,0.0,0.0,0.0,0.003592,0.001176,0.001176,0.0,0.0,0.0,0.003592,0.001605,0.001605,0.0,0.0,0.0
2914,21-Sep-02,24:00:00,242.421356,0.003639,0.000943,0.000943,0.0,0.0,0.0,0.003639,0.001107,0.001107,0.0,0.0,0.0,0.003639,0.001512,0.001512,0.0,0.0,0.0
2915,22-Sep-02,24:00:00,242.010148,0.003311,0.000888,0.000888,0.0,0.0,0.0,0.003311,0.001042,0.001042,0.0,0.0,0.0,0.003311,0.001424,0.001424,0.0,0.0,0.0
2916,23-Sep-02,24:00:00,242.003247,0.003411,0.000836,0.000836,0.0,0.0,0.0,0.003411,0.000982,0.000982,0.0,0.0,0.0,0.003411,0.001341,0.001341,0.0,0.0,0.0
2917,24-Sep-02,24:00:00,241.401247,0.003162,0.000788,0.000788,0.0,0.0,0.0,0.003162,0.000925,0.000925,0.0,0.0,0.0,0.003162,0.001263,0.001263,0.0,0.0,0.0
2918,25-Sep-02,24:00:00,216.938788,0.003007,0.000742,0.000742,0.0,0.0,0.0,0.003007,0.000871,0.000871,0.0,0.0,0.0,0.003007,0.00119,0.00119,0.0,0.0,0.0
2919,26-Sep-02,24:00:00,231.957346,0.002498,0.000699,0.000699,0.0,0.0,0.0,0.002498,0.00082,0.00082,0.0,0.0,0.0,0.002498,0.00112,0.00112,0.0,0.0,0.0
2920,27-Sep-02,24:00:00,243.242354,0.002547,0.000658,0.000658,0.0,0.0,0.0,0.002547,0.000772,0.000772,0.0,0.0,0.0,0.002547,0.001055,0.001055,0.0,0.0,0.0
2921,28-Sep-02,24:00:00,238.092612,0.002574,0.00062,0.00062,0.0,0.0,0.0,0.002574,0.000727,0.000727,0.0,0.0,0.0,0.002574,0.000993,0.000993,0.0,0.0,0.0
2922,29-Sep-02,24:00:00,238.002865,0.002814,0.000584,0.000584,0.0,0.0,0.0,0.002814,0.000685,0.000685,0.0,0.0,0.0,0.002814,0.000936,0.000936,0.0,0.0,0.0
2923,30-Sep-02,24:00:00,232.586207,0.002672,0.00055,0.00055,0.0,0.0,0.0,0.002671,0.000645,0.000645,0.0,0.0,0.0,0.002671,0.000881,0.000881,0.0,0.0,0.0
2924,01-Oct-02,24:00:00,216.424401,0.002678,0.000518,0.000518,0.0,0.0,0.0,0.002677,0.000608,0.000608,0.0,0.0,0.0,0.002677,0.00083,0.00083,0.0,0.0,0.0
2925,02-Oct-02,24:00:00,206.33586,0.002512,0.000487,0.000487,0.0,0.0,0.0,0.002512,0.000572,0.000572,0.0,0.0,0.0,0.002511,0.000781,0.000781,0.0,0.0,0.0
2926,03-Oct-02,24:00:00,213.4473,0.002622,0.000459,0.000459,0.0,0.0,0.0,0.002622,0.000539,0.000539,0.0,0.0,0.0,0.00262,0.000736,0.000736,0.0,0.0,0.0
2927,04-Oct-02,24:00:00,228.537477,0.002618,0.000432,0.000432,0.0,0.0,0.0,0.002617,0.000507,0.000507,0.0,0.0,0.0,0.002616,0.000693,0.000693,0.0,0.0,0.0
2928,05-Oct-02,24:00:00,252.948097,0.00277,0.000408,0.000408,0.0,0.0,0.0,0.002769,0.000478,0.000478,0.0,0.0,0.0,0.002767,0.000653,0.000653,0.0,0.0,0.0
2929,06-Oct-02,24:00:00,265.404092,0.002792,0.000384,0.000384,0.0,0.0,0.0,0.002791,0.00045,0.00045,0.0,0.0,0.0,0.002789,0.000615,0.000615,0.0,0.0,0.0
2930,07-Oct-02,24:00:00,284.046376,0.002652,0.000361,0.000361,0.0,0.0,0.0,0.002651,0.000424,0.000424,0.0,0.0,0.0,0.002649,0.000579,0.000579,0.0,0.0,0.0
2931,08-Oct-02,24:00:00,313.254079,0.00274,0.00034,0.00034,0.0,0.0,0.0,0.002739,0.000399,0.000399,0.0,0.0,0.0,0.002737,0.000545,0.000545,0.0,0.0,0.0
2932,09-Oct-02,24:00:00,328.418654,0.002149,0.00032,0.00032,0.0,0.0,0.0,0.002148,0.000376,0.000376,0.0,0.0,0.0,0.002147,0.000513,0.000513,0.0,0.0,0.0
2933,10-Oct-02,24:00:00,330.960127,0.002093,0.000302,0.000302,0.0,0.0,0.0,0.002092,0.000354,0.000354,0.0,0.0,0.0,0.002091,0.000484,0.000484,0.0,0.0,0.0
2934,11-Oct-02,24:00:00,307.531905,0.002142,0.000284,0.000284,0.0,0.0,0.0,0.002141,0.000333,0.000333,0.0,0.0,0.0,0.002139,0.000455,0.000455,0.0,0.0,0.0
2935,12-Oct-02,24:00:00,277.214775,0.00221,0.000267,0.000267,0.0,0.0,0.0,0.002209,0.000314,0.000314,0.0,0.0,0.0,0.002207,0.000429,0.000429,0.0,0.0,0.0
2936,13-Oct-02,24:00:00,268.37163,0.002364,0.000252,0.000252,0.0,0.0,0.0,0.002363,0.000296,0.000296,0.0,0.0,0.0,0.002361,0.000404,0.000404,0.0,0.0,0.0
2937,14-Oct-02,24:00:00,260.564114,0.002275,0.000237,0.000237,0.0,0.0,0.0,0.002274,0.000279,0.000279,0.0,0.0,0.0,0.002272,0.00038,0.00038,0.0,0.0,0.0
2938,15-Oct-02,24:00:00,248.473923,0.00104,0.000223,0.000223,0.0,0.0,0.0,0.00104,0.000262,0.000262,0.0,0.0,0.0,0.00104,0.000358,0.000358,0.0,0.0,0.0
2939,16-Oct-02,24:00:00,244.074197,0.001542,0.00021,0.00021,0.0,0.0,0.0,0.001542,0.000247,0.000247,0.0,0.0,0.0,0.001542,0.000337,0.000337,0.0,0.0,0.0
2940,17-Oct-02,24:00:00,242.19597,0.001896,0.000198,0.000198,0.0,0.0,0.0,0.001896,0.000233,0.000233,0.0,0.0,0.0,0.001896,0.000318,0.000318,0.0,0.0,0.0
2941,18-Oct-02,24:00:00,228.985225,0.002136,0.000187,0.000187,0.0,0.0,0.0,0.002136,0.000219,0.000219,0.0,0.0,0.0,0.002136,0.000299,0.000299,0.0,0.0,0.0
2942,19-Oct-02,24:00:00,218.72601,0.002202,0.000176,0.000176,0.0,0.0,0.0,0.002202,0.000206,0.000206,0.0,0.0,0.0,0.002202,0.000282,0.000282,0.0,0.0,0.0
2943,20-Oct-02,24:00:00,211.612112,0.001996,0.000165,0.000165,0.0,0.0,0.0,0.001996,0.000194,0.000194,0.0,0.0,0.0,0.001996,0.000265,0.000265,0.0,0.0,0.0
2944,21-Oct-02,24:00:00,200.044971,0.001989,0.000156,0.000156,0.0,0.0,0.0,0.001989,0.000183,0.000183,0.0,0.0,0.0,0.001989,0.00025,0.00025,0.0,0.0,0.0
2945,22-Oct-02,24:00:00,193.170751,0.001187,0.000147,0.000147,0.0,0.0,0.0,0.001187,0.000172,0.000172,0.0,0.0,0.0,0.001187,0.000235,0.000235,0.0,0.0,0.0
2946,23-Oct-02,24:00:00,191.656185,0.001126,0.000138,0.000138,0.0,0.0,0.0,0.001126,0.000162,0.000162,0.0,0.0,0.0,0.001125,0.000222,0.000222,0.0,0.0,0.0
2947,24-Oct-02,24:00:00,192.787479,0.001706,0.00013,0.00013,0.0,0.0,0.0,0.001706,0.000153,0.000153,0.0,0.0,0.0,0.001706,0.000209,0.000209,0.0,0.0,0.0
2948,25-Oct-02,24:00:00,185.713844,0.002008,0.000123,0.000123,0.0,0.0,0.0,0.002008,0.000144,0.000144,0.0,0.0,0.0,0.002008,0.000196,0.000196,0.0,0.0,0.0
2949,26-Oct-02,24:00:00,168.660315,0.001707,0.000115,0.000115,0.0,0.0,0.0,0.001707,0.000136,0.000136,0.0,0.0,0.0,0.001707,0.000185,0.000185,0.0,0.0,0.0
2950,27-Oct-02,24:00:00,159.883802,0.002005,0.000109,0.000109,0.0,0.0,0.0,0.002005,0.000128,0.000128,0.0,0.0,0.0,0.002004,0.000174,0.000174,0.0,0.0,0.0
2951,28-Oct-02,24:00:00,159.479465,0.002524,0.000102,0.000102,0.0,0.0,0.0,0.002523,0.00012,0.00012,0.0,0.0,0.0,0.002523,0.000164,0.000164,0.0,0.0,0.0
2952,29-Oct-02,24:00:00,159.515776,0.001646,9.6e-05,9.6e-05,0.0,0.0,0.0,0.001644,0.000113,0.000113,0.0,0.0,0.0,0.001644,0.000155,0.000155,0.0,0.0,0.0
2953,30-Oct-02,24:00:00,154.300992,0.00137,9.1e-05,9.1e-05,0.0,0.0,0.0,0.001369,0.000107,0.000107,0.0,0.0,0.0,0.001368,0.000146,0.000146,0.0,0.0,0.0
2954,31-Oct-02,24:00:00,145.150358,0.001515,8.6e-05,8.6e-05,0.0,0.0,0.0,0.001514,0.0001,0.0001,0.0,0.0,0.0,0.001512,0.000137,0.000137,0.0,0.0,0.0
2955,01-Nov-02,24:00:00,142.630941,0.001496,8e-05,8e-05,0.0,0.0,0.0,0.001495,9.5e-05,9.5e-05,0.0,0.0,0.0,0.001494,0.000129,0.000129,0.0,0.0,0.0
2956,02-Nov-02,24:00:00,143.887608,0.00133,7.6e-05,7.6e-05,0.0,0.0,0.0,0.001329,8.9e-05,8.9e-05,0.0,0.0,0.0,0.001327,0.000122,0.000122,0.0,0.0,0.0
2957,03-Nov-02,24:00:00,143.960077,0.001477,7.1e-05,7.1e-05,0.0,0.0,0.0,0.001476,8.4e-05,8.4e-05,0.0,0.0,0.0,0.001474,0.000115,0.000115,0.0,0.0,0.0
2958,04-Nov-02,24:00:00,144.89597,0.001643,6.7e-05,6.7e-05,0.0,0.0,0.0,0.001642,7.9e-05,7.9e-05,0.0,0.0,0.0,0.00164,0.000108,0.000108,0.0,0.0,0.0
2959,05-Nov-02,24:00:00,144.564425,0.001532,0.000411,6.3e-05,0.000753,0.0,0.000108,0.001531,0.018902,7.4e-05,0.002019,0.0,0.000288,0.001529,0.041668,0.000102,0.002711,0.0,0.000387
2960,06-Nov-02,24:00:00,209.18234,0.000582,4.588094,6e-05,0.070835,0.0,0.118147,0.000581,72.956676,7e-05,0.068292,0.0,0.114652,0.00058,52.274135,9.6e-05,0.063343,0.0,0.101518
2961,07-Nov-02,24:00:00,369.636046,0.000626,10.156119,5.6e-05,0.057608,0.0,0.369469,0.000625,147.923749,6.6e-05,0.053897,0.0,0.360022,0.000624,78.560989,9e-05,0.053824,0.0,0.353105
2962,08-Nov-02,24:00:00,247.214793,0.000723,4.826065,5.3e-05,0.022633,0.0,0.481616,0.000722,64.332237,6.2e-05,0.022875,0.0,0.467089,0.000721,20.279565,8.5e-05,0.016637,0.0,0.4445
2963,09-Nov-02,24:00:00,233.108942,0.000983,3.794565,5e-05,0.020572,0.0,0.573223,0.000982,63.989692,5.9e-05,0.026345,0.0,0.575083,0.000981,38.867922,8e-05,0.034596,0.0,0.563747
2964,10-Nov-02,24:00:00,151.124024,0.000994,0.700806,4.7e-05,0.0,0.0,0.591089,0.000993,8.961092,5.5e-05,0.0,0.0,0.594613,0.000991,0.118437,7.5e-05,0.0,0.0,0.586668
2965,11-Nov-02,24:00:00,103.832283,0.000579,0.031364,4.4e-05,0.0,0.0,0.591089,0.000578,4.341861,5.2e-05,0.003647,0.0,0.59987,0.000577,4.544495,7.1e-05,0.004407,0.0,0.593696
2966,12-Nov-02,24:00:00,106.249118,0.001243,4.2e-05,4.2e-05,0.0,0.0,0.591089,0.001242,3.249896,4.9e-05,0.0,0.0,0.607117,0.00124,0.35316,6.7e-05,0.0,0.0,0.601778
2967,13-Nov-02,24:00:00,101.643354,0.00122,3.9e-05,3.9e-05,0.0,0.0,0.591089,0.001219,0.136124,4.6e-05,0.0,0.0,0.607117,0.001218,6.3e-05,6.3e-05,0.0,0.0,0.601778
2968,14-Nov-02,24:00:00,101.027931,0.001153,3.7e-05,3.7e-05,0.0,0.0,0.590795,0.001152,4.3e-05,4.3e-05,0.0,0.0,0.607117,0.00115,5.9e-05,5.9e-05,0.0,0.0,0.601778
2969,15-Nov-02,24:00:00,101.001076,0.001122,3.5e-05,3.5e-05,0.0,0.0,0.588491,0.001122,4.1e-05,4.1e-05,0.0,0.0,0.606329,0.001121,5.6e-05,5.6e-05,0.0,0.0,0.60094
2970,16-Nov-02,24:00:00,101.000158,0.001333,3.3e-05,3.3e-05,0.0,0.0,0.584158,0.001332,3.8e-05,3.8e-05,0.0,0.0,0.602814,0.001331,5.3e-05,5.3e-05,0.0,0.0,0.597377
2971,17-Nov-02,24:00:00,104.887531,0.001058,3.1e-05,3.1e-05,0.0,0.0,0.580105,0.001057,3.6e-05,3.6e-05,0.0,0.0,0.598765,0.001055,5e-05,5e-05,0.0,0.0,0.593332
2972,18-Nov-02,24:00:00,116.849898,2.4e-05,2.9e-05,2.9e-05,0.0,0.0,0.578228,2.3e-05,3.4e-05,3.4e-05,0.0,0.0,0.596891,2.3e-05,4.7e-05,4.7e-05,0.0,0.0,0.591463
2973,19-Nov-02,24:00:00,126.042087,0.000533,2.7e-05,2.7e-05,0.0,0.0,0.57742,0.000532,3.2e-05,3.2e-05,0.0,0.0,0.596085,0.000531,4.4e-05,4.4e-05,0.0,0.0,0.59066
2974,20-Nov-02,24:00:00,126.948639,0.001223,2.6e-05,2.6e-05,0.0,0.0,0.574345,0.001221,3e-05,3e-05,0.0,0.0,0.593014,0.001219,4.1e-05,4.1e-05,0.0,0.0,0.587595
2975,21-Nov-02,24:00:00,120.95068,0.001146,2.4e-05,2.4e-05,0.0,0.0,0.570288,0.001145,2.8e-05,2.8e-05,0.0,0.0,0.588962,0.001143,3.9e-05,3.9e-05,0.0,0.0,0.583552
2976,22-Nov-02,24:00:00,110.311561,0.000981,2.3e-05,2.3e-05,0.0,0.0,0.566635,0.00098,2.7e-05,2.7e-05,0.0,0.0,0.585313,0.000979,3.7e-05,3.7e-05,0.0,0.0,0.579909
2977,23-Nov-02,24:00:00,105.479777,0.000714,2.1e-05,2.1e-05,0.0,0.0,0.563675,0.000713,2.5e-05,2.5e-05,0.0,0.0,0.582357,0.000712,3.5e-05,3.5e-05,0.0,0.0,0.576958
2978,24-Nov-02,24:00:00,105.025604,0.001254,2e-05,2e-05,0.0,0.0,0.56061,0.001252,2.4e-05,2.4e-05,0.0,0.0,0.579295,0.001249,3.2e-05,3.2e-05,0.0,0.0,0.573902
2979,25-Nov-02,24:00:00,105.001225,0.001007,1.9e-05,1.9e-05,0.0,0.0,0.556387,0.001004,2.2e-05,2.2e-05,0.0,0.0,0.57508,0.001001,3.1e-05,3.1e-05,0.0,0.0,0.569699
2980,26-Nov-02,24:00:00,98.953033,0.000989,1.8e-05,1.8e-05,0.0,0.0,0.553008,0.000987,2.1e-05,2.1e-05,0.0,0.0,0.571708,0.000984,2.9e-05,2.9e-05,0.0,0.0,0.566337
2981,27-Nov-02,24:00:00,87.015834,0.001058,1.7e-05,1.7e-05,0.0,0.0,0.549551,0.001056,2e-05,2e-05,0.0,0.0,0.568258,0.001054,2.7e-05,2.7e-05,0.0,0.0,0.562897
2982,28-Nov-02,24:00:00,80.644126,0.00095,1.6e-05,1.6e-05,0.0,0.0,0.546073,0.000948,1.9e-05,1.9e-05,0.0,0.0,0.564787,0.000946,2.6e-05,2.6e-05,0.0,0.0,0.559435
2983,29-Nov-02,24:00:00,80.034452,0.001012,1.5e-05,1.5e-05,0.0,0.0,0.542768,0.00101,1.8e-05,1.8e-05,0.0,0.0,0.561488,0.001007,2.4e-05,2.4e-05,0.0,0.0,0.556145
2984,30-Nov-02,24:00:00,80.001608,0.000941,1.4e-05,1.4e-05,0.0,0.0,0.53936,0.00094,1.7e-05,1.7e-05,0.0,0.0,0.558086,0.000937,2.3e-05,2.3e-05,0.0,0.0,0.552753
2985,01-Dec-02,24:00:00,78.272378,0.000867,1.3e-05,1.3e-05,0.0,0.0,0.536246,0.000865,1.6e-05,1.6e-05,0.0,0.0,0.554977,0.000863,2.1e-05,2.1e-05,0.0,0.0,0.549651
2986,02-Dec-02,24:00:00,74.923403,0.000978,1.3e-05,1.3e-05,0.0,0.0,0.533152,0.000977,1.5e-05,1.5e-05,0.0,0.0,0.551888,0.000975,2e-05,2e-05,0.0,0.0,0.54657
2987,03-Dec-02,24:00:00,70.58463,0.0007,1.2e-05,1.2e-05,0.0,0.0,0.530266,0.000698,1.4e-05,1.4e-05,0.0,0.0,0.549007,0.000696,1.9e-05,1.9e-05,0.0,0.0,0.543696
2988,04-Dec-02,24:00:00,66.474313,0.000835,1.1e-05,1.1e-05,0.0,0.0,0.527562,0.000833,1.3e-05,1.3e-05,0.0,0.0,0.546307,0.000831,1.8e-05,1.8e-05,0.0,0.0,0.541005
2989,05-Dec-02,24:00:00,66.855518,0.000795,1e-05,1e-05,0.0,0.0,0.524833,0.000793,1.2e-05,1.2e-05,0.0,0.0,0.543583,0.000791,1.7e-05,1.7e-05,0.0,0.0,0.538287
2990,06-Dec-02,24:00:00,68.355682,0.000882,1e-05,1e-05,0.0,0.0,0.521908,0.00088,1.2e-05,1.2e-05,0.0,0.0,0.540664,0.000877,1.6e-05,1.6e-05,0.0,0.0,0.535376
2991,07-Dec-02,24:00:00,68.043303,0.000954,9e-06,9e-06,0.0,0.0,0.518858,0.000952,1.1e-05,1.1e-05,0.0,0.0,0.537619,0.00095,1.5e-05,1.5e-05,0.0,0.0,0.53234
2992,08-Dec-02,24:00:00,66.274728,0.000482,9e-06,9e-06,0.0,0.0,0.516322,0.000481,1e-05,1e-05,0.0,0.0,0.535089,0.000479,1.4e-05,1.4e-05,0.0,0.0,0.529819
2993,09-Dec-02,24:00:00,80.992369,0.000574,0.39215,8e-06,0.003272,0.0,0.525478,0.000572,13.933373,1e-05,0.007484,0.0,0.557595,0.000571,9.829902,1.3e-05,0.008846,0.0,0.556623
2994,10-Dec-02,24:00:00,71.204449,0.000427,0.620964,8e-06,0.012306,0.0,0.541672,0.000426,3.749034,9e-06,0.006546,0.0,0.564248,0.000425,1.2e-05,1.2e-05,0.0,0.0,0.559268
2995,11-Dec-02,24:00:00,82.062586,0.000548,2.654129,7e-06,0.042856,0.0,0.614363,0.000546,23.684972,9e-06,0.035976,0.0,0.607651,0.000545,6.124427,1.2e-05,0.030645,0.0,0.57215
2996,12-Dec-02,24:00:00,1089.610458,0.000452,377.385345,19.294255,0.10781,0.024913,0.888726,0.000452,713.189715,25.157017,0.110298,0.024448,0.872131,0.00045,1382.866262,145.040062,0.120718,0.022816,0.839991
2997,13-Dec-02,24:00:00,16012.189583,0.000627,4709.904583,668.311341,0.07,0.07,1.0,0.000626,5390.155,851.975505,0.06985,0.06985,1.0,0.000625,6515.727083,1929.089583,0.068398,0.068398,1.0
2998,14-Dec-02,24:00:00,8302.660417,0.000511,2667.175417,1240.10625,0.047462,0.047462,1.0,0.000511,2702.018333,1395.076667,0.045173,0.045173,1.0,0.000511,2395.519594,1406.5621,0.042745,0.042745,1.0
2999,15-Dec-02,24:00:00,16924.83125,0.000833,4934.62875,1362.9525,0.040547,0.040547,1.0,0.000833,5306.59375,1523.069583,0.039954,0.039954,1.0,0.000833,6048.1475,2087.540833,0.046216,0.046216,1.0
3000,16-Dec-02,24:00:00,3819.4825,0.000645,1302.685758,942.809831,0.0,0.0,1.0,0.000645,1267.021177,995.819793,0.002632,0.002632,1.0,0.000644,597.867544,591.626849,0.004549,0.004549,1.0
3001,17-Dec-02,24:00:00,1094.202786,0.000336,366.867215,359.474694,0.0,0.0,1.0,0.000335,364.578132,363.647438,0.0,0.0,1.0,0.000334,266.233403,266.233403,0.0,0.0,1.0
3002,18-Dec-02,24:00:00,2971.768758,0.000524,640.828735,312.076829,0.036801,0.036801,1.0,0.000524,1041.572554,370.848702,0.037023,0.037023,1.0,0.000522,2137.583706,911.344978,0.035547,0.035547,1.0
3003,19-Dec-02,24:00:00,4965.1375,0.000297,1143.5425,959.114578,0.064846,0.064846,1.0,0.000297,1532.232917,1175.883966,0.065311,0.065311,1.0,0.000296,2246.871667,1958.914583,0.066765,0.066765,1.0
3004,20-Dec-02,24:00:00,5221.059583,0.000631,1378.942083,1362.517917,0.016307,0.016307,1.0,0.000631,1655.937083,1554.73375,0.015536,0.015536,1.0,0.000629,1625.898295,1456.198652,0.012479,0.012479,1.0
3005,21-Dec-02,24:00:00,2124.06625,0.000808,763.562378,762.969859,0.0,0.0,1.0,0.000807,765.832237,759.499367,0.0,0.0,1.0,0.000805,399.584577,399.543285,0.0,0.0,1.0
3006,22-Dec-02,24:00:00,1116.417699,0.000683,356.1243,356.109339,0.0,0.0,1.0,0.000682,358.302697,358.228997,0.0,0.0,1.0,0.00068,359.255205,359.255205,0.0,0.0,1.0
3007,23-Dec-02,24:00:00,897.726718,0.000346,258.80203,258.80203,0.0,0.0,1.0,0.000345,282.570499,282.570499,0.0,0.0,1.0,0.000344,338.310679,338.310679,0.0,0.0,1.0
3008,24-Dec-02,24:00:00,828.436071,0.000495,233.246162,233.241127,0.00422,0.00422,1.0,0.000494,260.688375,260.662027,0.001945,0.001945,1.0,0.000492,328.639202,328.04516,0.004054,0.004054,1.0
3009,25-Dec-02,24:00:00,1506.525688,0.000348,412.69303,410.119955,0.031014,0.031014,1.0,0.000347,459.242748,426.63959,0.031196,0.031196,1.0,0.000346,875.817139,849.2418,0.031753,0.031753,1.0
3010,26-Dec-02,24:00:00,3455.67,0.000371,974.360128,920.24108,0.059458,0.059458,1.0,0.00037,1154.186601,1057.979258,0.049992,0.049992,1.0,0.000369,1402.446907,1367.908561,0.029412,0.029412,1.0
3011,27-Dec-02,24:00:00,5841.167083,0.000557,1683.26125,1470.705417,0.07,0.07,1.0,0.000556,2190.819167,1575.21,0.07,0.07,1.0,0.000556,2420.27875,2093.363333,0.07,0.07,1.0
3012,28-Dec-02,24:00:00,5622.313333,0.000592,1781.233333,1553.84,0.01075,0.01075,1.0,0.000592,1889.982917,1656.307917,0.016521,0.016521,1.0,0.000591,1464.630414,1442.005337,0.023753,0.023753,1.0
3013,29-Dec-02,24:00:00,3943.886667,0.000299,975.27078,954.696405,0.050093,0.050093,1.0,0.000299,1244.010417,1154.519583,0.055236,0.055236,1.0,0.000299,2070.1825,1981.372083,0.059902,0.059902,1.0
3014,30-Dec-02,24:00:00,7008.605833,0.000816,2025.689167,1324.155417,0.02361,0.02361,1.0,0.000816,2162.480417,1642.275833,0.022773,0.022773,1.0,0.000815,2416.472457,2028.379956,0.027001,0.027001,1.0
3015,31-Dec-02,24:00:00,3507.775417,0.000448,981.797113,909.351312,0.0,0.0,1.0,0.000446,991.080591,954.128748,0.0,0.0,1.0,0.000445,599.787303,599.706258,0.0,0.0,1.0
3016,01-Jan-03,24:00:00,2495.834167,0.000704,484.723994,483.17636,0.0,0.0,1.0,0.000702,501.721862,501.656098,0.0,0.0,1.0,0.000701,524.161617,524.161617,0.0,0.0,1.0
3017,02-Jan-03,24:00:00,2140.588333,0.000857,370.866736,370.866736,0.0,0.0,1.0,0.000856,408.789348,408.789348,0.0,0.0,1.0,0.000854,493.578439,493.578439,0.0,0.0,1.0
3018,03-Jan-03,24:00:00,1889.26125,0.000318,337.024038,337.024038,0.0,0.0,1.0,0.000317,378.362798,378.362798,0.0,0.0,1.0,0.000317,464.83461,464.83461,0.0,0.0,1.0
3019,04-Jan-03,24:00:00,1785.687917,0.000844,315.940062,315.940062,0.0,0.0,1.0,0.000843,355.764905,355.764905,0.0,0.0,1.0,0.000841,437.764736,437.764736,0.0,0.0,1.0
3020,05-Jan-03,24:00:00,1647.989583,0.000758,297.386592,297.386592,0.0,0.0,0.999863,0.000757,335.003971,335.003971,0.0,0.0,0.999872,0.000755,412.27129,412.27129,0.0,0.0,0.999884
3021,06-Jan-03,24:00:00,1484.0875,0.000869,280.052926,280.052926,0.0,0.0,0.998189,0.000868,315.491835,315.491835,0.0,0.0,0.998214,0.000866,388.262467,388.262467,0.0,0.0,0.998252
3022,07-Jan-03,24:00:00,1404.690833,0.000905,263.742484,263.742484,0.0,0.0,0.995152,0.000903,297.11881,297.11881,0.0,0.0,0.996659,0.000901,432.331099,428.357065,0.003783,0.002821,0.998488
3023,08-Jan-03,24:00:00,1606.322083,0.000313,259.256812,258.839849,0.008102,0.006215,0.996696,0.000313,318.272847,308.840311,0.007379,0.006405,0.998508,0.000312,737.728924,721.421043,0.015314,0.015314,1.0
3024,09-Jan-03,24:00:00,1844.217083,0.000442,356.01327,354.58593,0.010015,0.010015,1.0,0.000442,410.879641,397.243697,0.006856,0.006856,1.0,0.000442,532.135479,527.645798,0.003587,0.003587,1.0
3025,10-Jan-03,24:00:00,2368.02625,0.000403,430.047579,428.81117,0.008244,0.008244,1.0,0.000403,561.569879,524.132813,0.026137,0.026137,1.0,0.000402,1383.847961,1198.862445,0.050942,0.050942,1.0
3026,11-Jan-03,24:00:00,4187.525,0.000421,631.409537,507.828202,0.046214,0.046214,1.0,0.000421,972.857795,880.526636,0.048102,0.048102,1.0,0.00042,2162.360417,2088.597083,0.052208,0.052208,1.0
3027,12-Jan-03,24:00:00,5533.282917,0.000401,1612.99375,1186.322009,0.044258,0.044258,1.0,0.000401,1616.876667,1491.213333,0.036275,0.036275,1.0,0.0004,1464.608772,1437.037761,0.01577,0.01577,1.0
3028,13-Jan-03,24:00:00,4107.791667,0.000829,1110.567311,1057.068482,0.0,0.0,1.0,0.000828,1063.185697,1042.624792,0.0,0.0,1.0,0.000827,522.627692,521.343586,0.0,0.0,1.0
3029,14-Jan-03,24:00:00,2895.495,0.00087,491.632027,489.955921,0.0,0.0,1.0,0.000869,473.875758,473.208082,0.0,0.0,1.0,0.000867,436.445138,436.445138,0.0,0.0,1.0
3030,15-Jan-03,24:00:00,2317.6775,0.00088,307.531501,307.531208,0.0,0.0,1.0,0.000879,335.425296,335.425296,0.0,0.0,1.0,0.000878,410.700443,410.700443,0.0,0.0,1.0
3031,16-Jan-03,24:00:00,1968.137083,0.001014,264.449016,264.449016,0.0,0.0,1.0,0.001012,302.894665,302.894665,0.0,0.0,1.0,0.00101,386.782762,386.782762,0.0,0.0,1.0
3032,17-Jan-03,24:00:00,1619.0925,0.001083,245.864313,245.864313,0.0,0.0,0.99929,0.001082,284.073011,284.073011,0.0,0.0,0.999299,0.00108,364.258276,364.258276,0.0,0.0,0.999312
3033,18-Jan-03,24:00:00,1157.100633,0.001049,231.195721,231.195721,0.0,0.0,0.996541,0.001048,267.43641,267.43641,0.0,0.0,0.998272,0.001046,343.155281,343.045514,0.000125,0.0,0.998444
3034,19-Jan-03,24:00:00,1036.052496,0.00055,217.696543,217.696543,0.0,0.0,0.994655,0.000549,254.813066,253.548268,0.001224,0.00072,0.999139,0.000547,679.220734,662.886333,0.015898,0.015527,0.999523
3035,20-Jan-03,24:00:00,1111.77105,0.000452,205.166713,205.155956,0.00257,0.001011,0.995312,0.000452,252.689691,250.991288,0.002368,0.002368,1.0,0.000451,452.921721,451.560954,0.0,0.0,1.0
3036,21-Jan-03,24:00:00,1034.639812,0.000416,269.862532,267.659807,0.030898,0.030898,1.0,0.000415,369.231687,342.761241,0.022008,0.022008,1.0,0.000414,531.533131,520.530698,0.012433,0.012433,1.0
3037,22-Jan-03,24:00:00,1927.39375,0.000747,625.674416,623.361976,0.0,0.0,1.0,0.000747,624.202876,601.709091,0.0,0.0,1.0,0.000746,472.914304,470.100796,0.0,0.0,1.0
3038,23-Jan-03,24:00:00,1161.203701,0.000428,375.577084,375.424979,0.0,0.0,1.0,0.000428,332.135121,331.16189,0.0,0.0,1.0,0.000427,295.127251,295.127251,0.0,0.0,1.0
3039,24-Jan-03,24:00:00,901.479704,0.000829,225.228552,225.228552,0.0,0.0,1.0,0.000828,229.029047,229.029047,0.0,0.0,1.0,0.000826,277.453864,277.453864,0.0,0.0,1.0
3040,25-Jan-03,24:00:00,832.016527,0.000809,187.621435,187.621435,0.0,0.0,1.0,0.000808,204.787731,204.787731,0.0,0.0,1.0,0.000807,261.295761,261.295761,0.0,0.0,1.0
3041,26-Jan-03,24:00:00,941.088285,0.000912,173.382259,173.382259,0.0,0.0,1.0,0.000911,191.822136,191.822136,0.0,0.0,1.0,0.000909,246.079072,246.079072,0.0,0.0,1.0
3042,27-Jan-03,24:00:00,1279.534959,0.000895,162.906646,162.906646,0.0,0.0,0.999374,0.000895,180.566944,180.566944,0.0,0.0,0.999381,0.000893,231.748536,231.748536,0.0,0.0,0.999392
3043,28-Jan-03,24:00:00,1083.310739,0.001239,153.380565,153.380565,0.0,0.0,0.996476,0.001238,170.045332,170.045332,0.0,0.0,0.996493,0.001236,218.252545,218.252545,0.0,0.0,0.996519
3044,29-Jan-03,24:00:00,698.376745,0.001178,144.444589,144.444589,0.0,0.0,0.99231,0.001168,160.14223,160.14223,0.0,0.0,0.992341,0.001167,205.5425,205.5425,0.0,0.0,0.992372
3045,30-Jan-03,24:00:00,567.331586,0.001121,136.032438,136.032438,0.0,0.0,0.988382,0.001117,150.81624,150.81624,0.0,0.0,0.988439,0.001116,193.57263,193.57263,0.0,0.0,0.988475
3046,31-Jan-03,24:00:00,550.829774,0.00165,128.11049,128.11049,0.0,0.0,0.983969,0.001649,142.033379,142.033379,0.0,0.0,0.984033,0.001648,182.299832,182.299832,0.0,0.0,0.984072
3047,01-Feb-03,24:00:00,524.972939,0.001539,120.64991,120.64991,0.0,0.0,0.978108,0.001538,133.761995,133.761995,0.0,0.0,0.978176,0.001536,171.683511,171.683511,0.0,0.0,0.978224
3048,02-Feb-03,24:00:00,498.439583,0.001408,113.623802,113.623802,0.0,0.0,0.973169,0.001407,125.972299,125.972299,0.0,0.0,0.973241,0.001406,161.685437,161.685437,0.0,0.0,0.973294
3049,03-Feb-03,24:00:00,474.816573,0.001476,107.006864,107.006864,0.0,0.0,0.968353,0.001474,118.636239,118.636239,0.0,0.0,0.968429,0.001472,152.269605,152.269605,0.0,0.0,0.968488
3050,04-Feb-03,24:00:00,453.901417,0.001229,100.775266,100.775266,0.0,0.0,0.963528,0.001228,111.727399,111.727399,0.0,0.0,0.963608,0.001226,143.402109,143.402109,0.0,0.0,0.963674
3051,05-Feb-03,24:00:00,433.323043,0.001534,94.906568,94.906568,0.0,0.0,0.959001,0.001533,105.220899,105.220899,0.0,0.0,0.959084,0.001531,135.051016,135.051016,0.0,0.0,0.959156
3052,06-Feb-03,24:00:00,414.170432,0.001421,89.379637,89.379637,0.0,0.0,0.95375,0.00142,99.093308,99.093308,0.0,0.0,0.953837,0.001418,127.186253,127.186253,0.0,0.0,0.953916
3053,07-Feb-03,24:00:00,395.951856,0.001287,84.17457,84.17457,0.0,0.0,0.94913,0.001286,93.32256,93.32256,0.0,0.0,0.949222,0.001284,119.779499,119.779499,0.0,0.0,0.949306
3054,08-Feb-03,24:00:00,378.431958,0.00132,79.272622,79.272622,0.0,0.0,0.944648,0.001318,87.887874,87.887874,0.0,0.0,0.944744,0.001317,112.80408,112.80408,0.0,0.0,0.944834
3055,09-Feb-03,24:00:00,362.527967,0.001407,74.656141,74.656141,0.0,0.0,0.939974,0.001406,82.76968,82.76968,0.0,0.0,0.940074,0.001405,106.234879,106.234879,0.0,0.0,0.94017
3056,10-Feb-03,24:00:00,347.213682,0.001365,70.308504,70.308504,0.0,0.0,0.935195,0.001364,77.949547,77.949547,0.0,0.0,0.935298,0.001363,100.048238,100.048238,0.0,0.0,0.9354
3057,11-Feb-03,24:00:00,331.971711,0.000749,66.239401,66.214053,0.008234,0.0,0.934016,0.000748,73.732752,73.410116,0.006413,0.0,0.933389,0.000747,94.515015,94.221879,0.004993,0.0,0.932932
3058,12-Feb-03,24:00:00,353.418351,0.000606,64.541077,62.358045,0.011789,0.0,0.986059,0.000605,97.250437,69.135042,0.010706,0.0,0.975773,0.000604,106.115858,88.734821,0.011493,0.0,0.97232
3059,13-Feb-03,24:00:00,324.06663,0.00114,59.288837,58.726593,0.0,0.0,0.998932,0.001139,71.831585,65.108928,0.0,0.0,0.989083,0.001137,84.212328,83.567305,0.0,0.0,0.987019
3060,14-Feb-03,24:00:00,346.603895,0.000612,87.263456,73.926722,0.024909,0.024597,0.999333,0.000612,100.245618,77.79326,0.024238,0.021054,0.99282,0.00061,222.428065,176.825923,0.023308,0.019522,0.991205
3061,15-Feb-03,24:00:00,3576.567917,0.001076,923.510452,519.722942,0.012737,0.012737,1.0,0.001075,1066.684654,592.704462,0.013333,0.013333,1.0,0.001074,1551.532831,972.995875,0.013333,0.013333,1.0
3062,16-Feb-03,24:00:00,1197.121535,0.001531,406.747385,369.787754,0.0,0.0,1.0,0.001531,392.922066,362.839409,0.0,0.0,1.0,0.001529,133.448584,133.448584,0.0,0.0,1.0
3063,17-Feb-03,24:00:00,828.412399,0.001257,143.751028,143.24307,0.0,0.0,1.0,0.001256,132.795557,132.795557,0.0,0.0,1.0,0.001254,114.627879,114.627879,0.0,0.0,1.0
3064,18-Feb-03,24:00:00,1230.228084,0.001176,91.621572,91.575685,0.000552,0.000552,1.0,0.001175,111.621787,108.193411,0.002322,0.002322,1.0,0.001174,211.886731,207.623739,0.003984,0.003984,1.0
3065,19-Feb-03,24:00:00,1727.839167,0.001836,84.97731,84.947917,0.0,0.0,1.0,0.001835,118.857616,117.535007,0.0,0.0,1.0,0.001834,127.901402,127.73715,0.0,0.0,1.0
3066,20-Feb-03,24:00:00,1923.247917,0.001864,74.98725,74.985443,0.0,0.0,0.999915,0.001863,87.687547,87.639864,0.0,0.0,0.999917,0.001862,101.865698,101.865698,0.0,0.0,0.999921
3067,21-Feb-03,24:00:00,1533.597917,0.001749,68.804684,68.804684,0.0,0.0,0.996884,0.001748,76.599993,76.599993,0.0,0.0,0.996892,0.001746,95.894991,95.894991,0.0,0.0,0.996907
3068,22-Feb-03,24:00:00,957.061004,0.001884,64.488093,64.488093,0.0,0.0,0.990673,0.001883,71.418948,71.418948,0.0,0.0,0.990684,0.001882,90.310467,90.310467,0.0,0.0,0.990703
3069,23-Feb-03,24:00:00,707.602183,0.001514,60.692674,60.692674,0.0,0.0,0.984748,0.001513,67.193666,67.193666,0.0,0.0,0.984762,0.001512,85.051192,85.051192,0.0,0.0,0.984785
3070,24-Feb-03,24:00:00,633.072206,0.001763,57.153764,57.153764,0.0,0.0,0.97929,0.001762,63.275356,63.275356,0.0,0.0,0.979307,0.001761,80.098194,80.098194,0.0,0.0,0.979334
3071,25-Feb-03,24:00:00,574.883976,0.000732,53.824935,53.824935,0.0,0.0,0.974905,0.000731,59.590103,59.590103,0.0,0.0,0.974924,0.00073,75.433636,75.433636,0.0,0.0,0.974956
3072,26-Feb-03,24:00:00,548.003388,0.001699,50.69037,50.69037,0.0,0.0,0.972362,0.001698,56.119817,56.119817,0.0,0.0,0.973469,0.001698,71.040721,71.040721,0.0,0.0,0.973557
3073,27-Feb-03,24:00:00,539.14172,0.001839,47.738388,47.738388,0.0,0.0,0.967737,0.001838,52.85165,52.85165,0.0,0.0,0.970488,0.001838,66.903629,66.903629,0.0,0.0,0.97193
3074,28-Feb-03,24:00:00,533.83443,0.001818,44.958318,44.958318,0.0,0.0,0.96139,0.001817,49.773808,49.773808,0.0,0.0,0.964149,0.001816,67.386914,63.007463,0.006684,0.0,0.973795
3075,01-Mar-03,24:00:00,533.58966,0.001696,42.340149,42.340149,0.0,0.0,0.955385,0.001696,46.875206,46.875206,0.0,0.0,0.960603,0.001696,62.385665,59.338192,0.0,0.0,0.989549
3076,02-Mar-03,24:00:00,478.536985,0.001905,39.874449,39.874449,0.0,0.0,0.949094,0.001904,44.145405,44.145405,0.0,0.0,0.95685,0.001904,55.882603,55.882603,0.0,0.0,0.989549
3077,03-Mar-03,24:00:00,360.780267,0.001916,37.552341,37.552341,0.0,0.0,0.942698,0.001916,41.574575,41.574575,0.0,0.0,0.950454,0.001915,52.628252,52.628252,0.0,0.0,0.987655
3078,04-Mar-03,24:00:00,269.751584,0.001982,35.365461,35.365461,0.0,0.0,0.936047,0.001982,39.153459,39.153459,0.0,0.0,0.943803,0.001982,49.56342,49.56342,0.0,0.0,0.981836
3079,05-Mar-03,24:00:00,240.753054,0.002209,33.305936,33.305936,0.0,0.0,0.928888,0.002209,36.873338,36.873338,0.0,0.0,0.936644,0.002209,46.677069,46.677069,0.0,0.0,0.974677
3080,06-Mar-03,24:00:00,234.207285,0.002051,31.366349,31.366349,0.0,0.0,0.921563,0.002051,34.726001,34.726001,0.0,0.0,0.929319,0.002051,43.958807,43.958807,0.0,0.0,0.967351
3081,07-Mar-03,24:00:00,228.872584,0.001991,29.539714,29.539714,0.0,0.0,0.914609,0.001991,32.703715,32.703715,0.0,0.0,0.922365,0.001991,41.398844,41.398844,0.0,0.0,0.960398
3082,08-Mar-03,24:00:00,224.788995,0.001716,27.819454,27.819454,0.0,0.0,0.908158,0.001715,30.799198,30.799198,0.0,0.0,0.915914,0.001715,38.987962,38.987962,0.0,0.0,0.953949
3083,09-Mar-03,24:00:00,364.878488,0.001593,26.345699,26.199374,0.001565,0.0,0.908174,0.001592,45.182846,29.005592,0.01035,0.0,0.934812,0.001592,338.888465,310.819324,0.02564,0.011296,0.984028
3084,10-Mar-03,24:00:00,1117.473911,0.001069,25.292188,24.673641,0.006956,0.0,0.9221,0.001069,93.73177,56.465781,0.023367,0.008279,0.97886,0.001068,1337.035438,929.829028,0.04137,0.04137,1.0
3085,11-Mar-03,24:00:00,1467.807606,0.001897,23.638135,23.236759,0.0,0.0,0.934243,0.001896,182.372928,166.735934,0.0,0.0,1.0,0.001895,619.772119,579.30268,0.004162,0.004162,1.0
3086,12-Mar-03,24:00:00,506.275972,0.001165,22.822507,22.50088,0.025176,0.005996,0.946136,0.001164,84.055315,79.233469,0.016793,0.016793,1.0,0.001163,242.345732,237.581296,0.012109,0.012109,1.0
3087,13-Mar-03,24:00:00,1224.86874,0.001181,190.248479,182.059374,0.028934,0.028934,1.0,0.001181,484.438,434.631155,0.027081,0.027081,1.0,0.00118,511.454477,497.609103,0.013828,0.013828,1.0
3088,14-Mar-03,24:00:00,4263.72625,0.001576,1743.121423,682.711702,0.027274,0.027274,1.0,0.001575,1470.751974,895.040702,0.027559,0.027559,1.0,0.001573,1051.851917,1019.856757,0.018194,0.018194,1.0
3089,15-Mar-03,24:00:00,1844.620417,0.001869,665.852361,537.256973,0.0,0.0,1.0,0.001869,629.363546,576.669064,0.0,0.0,1.0,0.001868,192.144951,192.088915,0.0,0.0,1.0
3090,16-Mar-03,24:00:00,797.791267,0.002246,186.778149,183.119169,0.0,0.0,0.998055,0.002246,187.321426,187.134006,0.0,0.0,1.0,0.002246,298.050904,292.739591,0.004804,0.004804,1.0
3091,17-Mar-03,24:00:00,567.454401,0.00236,93.18799,93.18799,0.0,0.0,0.991329,0.00236,113.695483,113.695483,0.0,0.0,0.998963,0.00236,165.429709,165.403255,0.0,0.0,0.999547
3092,18-Mar-03,24:00:00,468.949773,0.001698,75.883671,75.883671,0.0,0.0,0.984087,0.001698,100.354009,100.354009,0.0,0.0,0.994195,0.001698,146.851442,146.851442,0.0,0.0,0.995673
3093,19-Mar-03,24:00:00,448.078847,0.002124,70.029865,70.029865,0.0,0.0,0.981152,0.002123,93.928031,93.928031,0.0,0.0,0.991409,0.002122,139.868102,138.286443,0.00159,0.0,0.99519
3094,20-Mar-03,24:00:00,432.75613,0.002471,65.798118,65.798118,0.0,0.0,0.976973,0.00247,88.413481,88.413481,0.0,0.0,0.989138,0.00247,130.418485,130.233254,0.0,0.0,0.99837
3095,21-Mar-03,24:00:00,419.191788,0.001068,61.960695,61.951131,0.001352,0.0,0.971361,0.001068,84.352959,83.261515,0.004368,0.0,0.986729,0.001068,163.230138,160.320736,0.007103,0.006627,0.998778
3096,22-Mar-03,24:00:00,596.410441,0.002214,58.507687,58.341951,0.0,0.0,0.973593,0.002214,85.958525,78.412527,0.0,0.0,0.997357,0.002213,286.771153,281.787649,0.0,0.0,1.0
3097,23-Mar-03,24:00:00,416.857752,0.002681,54.957902,54.94425,0.0,0.0,0.97279,0.002681,74.234454,73.846121,0.0,0.0,0.996555,0.002681,119.98417,119.98417,0.0,0.0,0.999198
3098,24-Mar-03,24:00:00,383.034279,0.001343,51.744615,51.744533,0.0,0.0,0.96885,0.001343,69.545655,69.545655,0.0,0.0,0.992614,0.001343,112.235119,112.235119,0.0,0.0,0.99526
3099,25-Mar-03,24:00:00,547.001364,0.002426,48.731163,48.731163,0.0,0.0,0.966438,0.002426,100.672852,91.36873,0.005163,0.002306,0.998575,0.002425,314.609103,304.716579,0.008906,0.006821,0.99926
3100,26-Mar-03,24:00:00,469.279114,0.002533,45.89328,45.89328,0.0,0.0,0.963506,0.002532,91.842995,90.500441,0.0,0.0,0.999095,0.002532,118.219879,118.21553,0.0,0.0,0.999096
3101,27-Mar-03,24:00:00,371.154936,0.00288,43.220662,43.220662,0.0,0.0,0.954886,0.002879,65.545255,65.522627,0.0,0.0,0.992691,0.002878,104.04887,104.04887,0.0,0.0,0.992696
3102,28-Mar-03,24:00:00,351.716567,0.003061,40.703685,40.703685,0.0,0.0,0.944741,0.003061,57.875169,57.875169,0.0,0.0,0.982549,0.003059,97.979979,97.979979,0.0,0.0,0.982557
3103,29-Mar-03,24:00:00,339.963984,0.003134,38.333286,38.333286,0.0,0.0,0.934124,0.003134,54.080194,54.080194,0.0,0.0,0.971933,0.003132,92.274059,92.274059,0.0,0.0,0.971946
3104,30-Mar-03,24:00:00,330.580638,0.003297,36.100928,36.100928,0.0,0.0,0.923263,0.003296,50.893506,50.893506,0.0,0.0,0.961075,0.003295,86.900434,86.900434,0.0,0.0,0.961092
3105,31-Mar-03,24:00:00,322.296772,0.002411,33.998573,33.998573,0.0,0.0,0.913159,0.00241,47.926813,47.926813,0.0,0.0,0.950974,0.002409,81.839744,81.839744,0.0,0.0,0.950996
3106,01-Apr-03,24:00:00,313.419501,0.001299,32.018649,32.018649,0.0,0.0,0.9067,0.001299,45.135565,45.135565,0.0,0.0,0.944517,0.001298,77.073766,77.073766,0.0,0.0,0.944542
3107,02-Apr-03,24:00:00,304.325868,0.001309,30.154191,30.154027,0.000356,0.0,0.902462,0.001308,42.528527,42.507059,0.002303,0.0,0.940558,0.001307,72.654966,72.585337,0.004541,0.0,0.940896
3108,03-Apr-03,24:00:00,329.52621,0.001271,29.986882,28.397992,0.012591,0.0,0.9423,0.001271,63.550301,40.031639,0.010101,0.0,0.978941,0.00127,81.10685,68.358294,0.006994,0.0,0.97658
3109,04-Apr-03,24:00:00,291.793829,0.002262,26.957744,26.744221,0.0,0.0,0.944344,0.002262,39.785767,37.700377,0.0,0.0,0.980301,0.002261,64.377415,64.377415,0.0,0.0,0.977268
3110,05-Apr-03,24:00:00,279.40872,0.001091,25.193708,25.186758,0.0,0.0,0.943824,0.001091,35.509375,35.504876,0.0,0.0,0.979783,0.001091,60.628364,60.628364,0.0,0.0,0.976753
3111,06-Apr-03,24:00:00,274.079169,0.002907,23.719995,23.719995,0.0,0.0,0.938051,0.002906,33.437232,33.437232,0.0,0.0,0.974014,0.002905,57.097641,57.097641,0.0,0.0,0.97099
3112,07-Apr-03,24:00:00,268.126117,0.003086,22.338649,22.338649,0.0,0.0,0.927818,0.003086,31.489999,31.489999,0.0,0.0,0.963783,0.003085,53.772532,53.772532,0.0,0.0,0.960762
3113,08-Apr-03,24:00:00,261.783552,0.00298,21.037747,21.037747,0.0,0.0,0.917385,0.00298,29.656163,29.656163,0.0,0.0,0.953352,0.002979,50.641062,50.641062,0.0,0.0,0.950334
3114,09-Apr-03,24:00:00,255.196221,0.001175,19.812603,19.812603,0.0,0.0,0.910238,0.001175,27.929121,27.929121,0.0,0.0,0.946205,0.001175,47.691954,47.691954,0.0,0.0,0.943189
3115,10-Apr-03,24:00:00,365.312541,0.001727,18.658806,18.658806,0.0,0.0,0.905195,0.001727,26.319348,26.302655,0.001791,0.0,0.941428,0.001726,45.089102,44.91459,0.008332,0.0,0.939471
3116,11-Apr-03,24:00:00,1880.683834,0.001345,143.059309,136.86115,0.070851,0.042305,0.981385,0.001344,474.888978,281.160511,0.070047,0.053805,0.994346,0.001344,1395.642117,1175.689509,0.070761,0.060182,0.999471
3117,12-Apr-03,24:00:00,4324.70625,0.001402,756.566206,750.895724,0.020502,0.020502,1.0,0.001402,1178.616845,1065.517878,0.017634,0.017634,1.0,0.001401,1273.783129,1244.077591,0.015739,0.015739,1.0
3118,13-Apr-03,24:00:00,3044.369167,0.002302,523.318597,522.452793,0.0,0.0,1.0,0.002301,553.944614,545.138604,0.0,0.0,1.0,0.0023,182.048759,181.994726,0.0,0.0,1.0
3119,14-Apr-03,24:00:00,2190.445417,0.001889,178.99122,178.956975,0.0,0.0,0.999599,0.001889,173.392383,173.261986,0.0,0.0,0.999973,0.001889,146.497555,146.497555,0.0,0.0,0.999688
3120,15-Apr-03,24:00:00,1432.119167,0.001014,98.058213,97.896625,0.001706,0.001321,0.999514,0.001013,126.899191,123.309297,0.002344,0.002295,0.999938,0.001013,211.988799,208.822486,0.002888,0.00261,1.0
3121,16-Apr-03,24:00:00,1155.801667,0.002658,92.019542,91.946873,0.0,0.0,1.0,0.002657,130.7543,129.543043,0.0,0.0,1.0,0.002656,141.892336,141.849735,0.0,0.0,1.0
3122,17-Apr-03,24:00:00,1057.979583,0.003025,74.735866,74.731635,0.0,0.0,0.996742,0.003025,98.42028,98.378604,0.0,0.0,0.996744,0.003024,126.311201,126.311201,0.0,0.0,0.996748
3123,18-Apr-03,24:00:00,1030.175417,0.003225,66.480403,66.480403,0.0,0.0,0.987061,0.003225,86.962909,86.962909,0.0,0.0,0.987065,0.003224,118.942886,118.942886,0.0,0.0,0.987074
3124,19-Apr-03,24:00:00,1008.063431,0.003064,61.964286,61.964286,0.0,0.0,0.976292,0.003064,81.223588,81.223588,0.0,0.0,0.976298,0.003063,112.016179,112.016179,0.0,0.0,0.97631
3125,20-Apr-03,24:00:00,1055.83182,0.001061,58.273987,58.273987,0.0,0.0,0.970658,0.001061,81.685853,76.432145,0.002871,0.0,0.979225,0.001061,258.613166,243.816674,0.013322,0.004782,0.997596
3126,21-Apr-03,24:00:00,890.362508,0.001727,54.87136,54.87136,0.0,0.0,0.970658,0.001726,72.64718,71.97624,0.0,0.0,0.98055,0.001725,113.445232,113.437951,0.0,0.0,1.0
3127,22-Apr-03,24:00:00,1152.64133,0.000943,52.264725,52.175137,0.013852,0.005294,0.974931,0.000943,91.214161,79.632469,0.022621,0.016948,0.989262,0.000943,750.343157,719.766422,0.040766,0.040766,1.0
3128,23-Apr-03,24:00:00,3099.3675,0.001882,435.355124,360.170834,0.027919,0.027919,1.0,0.001882,734.657437,652.969961,0.025792,0.025792,1.0,0.001882,1185.782286,1155.3968,0.019517,0.019517,1.0
3129,24-Apr-03,24:00:00,2651.41875,0.001442,546.81937,533.093015,0.024546,0.024546,1.0,0.001442,699.689506,660.636594,0.020334,0.020334,1.0,0.001442,860.416738,835.196207,0.01751,0.01751,1.0
3130,25-Apr-03,24:00:00,2224.485417,0.001761,486.73031,485.289097,0.0,0.0,1.0,0.001761,484.315185,474.872899,0.0,0.0,1.0,0.00176,255.976731,255.712454,0.0,0.0,1.0
3131,26-Apr-03,24:00:00,1921.64875,0.001587,210.494472,210.227345,0.015286,0.015286,1.0,0.001587,234.016555,224.128387,0.020501,0.020501,1.0,0.001587,568.79259,550.392655,0.028747,0.028747,1.0
3132,27-Apr-03,24:00:00,3983.685,0.000969,520.398732,515.3759,0.04607,0.04607,1.0,0.000969,853.535187,763.99375,0.051015,0.051015,1.0,0.000969,1904.28125,1839.483333,0.059693,0.059693,1.0
3133,28-Apr-03,24:00:00,5742.459583,0.001062,1071.154511,1064.5141,0.034327,0.034327,1.0,0.001062,1499.52375,1392.958333,0.037145,0.037145,1.0,0.001062,1866.694213,1817.308301,0.031682,0.031682,1.0
3134,29-Apr-03,24:00:00,3612.739167,0.002595,795.975916,794.54053,0.0,0.0,1.0,0.002595,935.693705,917.358068,0.0,0.0,1.0,0.002595,444.849905,443.950216,0.0,0.0,1.0
3135,30-Apr-03,24:00:00,2634.9175,0.002992,326.295711,326.227379,0.0,0.0,0.997998,0.002991,353.158865,352.648615,0.0,0.0,0.997999,0.002991,323.929665,323.929665,0.0,0.0,0.998
3136,01-May-03,24:00:00,2642.82,0.00123,193.263009,193.243288,0.004444,0.002604,0.994957,0.00123,229.953574,229.94535,0.000187,0.0,0.994177,0.00123,304.85941,304.85941,0.0,0.0,0.994127
3137,02-May-03,24:00:00,2442.492083,0.002174,205.341508,204.67849,0.001003,0.001003,1.0,0.002174,205.322173,204.965556,0.0,0.0,0.994336,0.002173,287.1056,287.1056,0.0,0.0,0.991068
3138,03-May-03,24:00:00,2314.085833,0.00183,186.645879,186.569288,0.0,0.0,1.0,0.00183,192.018686,191.99658,0.0,0.0,0.994336,0.001829,270.385863,270.385863,0.0,0.0,0.984967
3139,04-May-03,24:00:00,1763.755833,0.003211,153.43896,153.437021,0.0,0.0,0.995218,0.003211,180.734965,180.734965,0.0,0.0,0.989497,0.003211,254.639808,254.639808,0.0,0.0,0.976235
3140,05-May-03,24:00:00,1212.28375,0.002222,139.12434,139.12434,0.0,0.0,0.985813,0.002222,170.203989,170.203989,0.0,0.0,0.980001,0.002221,239.810732,239.810732,0.0,0.0,0.966565
3141,06-May-03,24:00:00,1029.947083,0.002891,130.222591,130.222591,0.0,0.0,0.980421,0.002891,160.291684,160.291684,0.0,0.0,0.971761,0.00289,225.845235,225.845235,0.0,0.0,0.961183
3142,07-May-03,24:00:00,992.153632,0.002246,122.542805,122.542805,0.0,0.0,0.973481,0.002246,150.956992,150.956992,0.0,0.0,0.962707,0.002246,212.693026,212.693026,0.0,0.0,0.954447
3143,08-May-03,24:00:00,963.78478,0.00285,115.396196,115.396196,0.0,0.0,0.964891,0.00285,142.165936,142.165936,0.0,0.0,0.954117,0.002849,200.306742,200.306742,0.0,0.0,0.945858
3144,09-May-03,24:00:00,936.536934,0.003159,108.675026,108.675026,0.0,0.0,0.954534,0.003158,133.886832,133.886832,0.0,0.0,0.94376,0.003158,188.64178,188.64178,0.0,0.0,0.935502
3145,10-May-03,24:00:00,912.532617,0.003677,102.346187,102.346187,0.0,0.0,0.942891,0.003677,126.089866,126.089866,0.0,0.0,0.932118,0.003677,177.656132,177.656132,0.0,0.0,0.923861
3146,11-May-03,24:00:00,847.782857,0.004019,96.385997,96.385997,0.0,0.0,0.929795,0.004019,118.74696,118.74696,0.0,0.0,0.919023,0.004019,167.310239,167.310239,0.0,0.0,0.910766
3147,12-May-03,24:00:00,778.652883,0.004201,90.77291,90.77291,0.0,0.0,0.915709,0.004201,111.831672,111.831672,0.0,0.0,0.904936,0.004201,157.566845,157.566845,0.0,0.0,0.89668
3148,13-May-03,24:00:00,749.416718,0.004272,85.486705,85.486705,0.0,0.0,0.901424,0.004272,105.319099,105.319099,0.0,0.0,0.890651,0.004273,148.390861,148.390861,0.0,0.0,0.882394
3149,14-May-03,24:00:00,738.447253,0.003119,80.508344,80.508344,0.0,0.0,0.888592,0.003119,99.185789,99.185789,0.0,0.0,0.877819,0.003119,139.749246,139.749246,0.0,0.0,0.86956
3150,15-May-03,24:00:00,722.850309,0.004064,75.819901,75.819901,0.0,0.0,0.876429,0.004064,93.409655,93.409655,0.0,0.0,0.865656,0.004064,131.610879,131.610879,0.0,0.0,0.857397
3151,16-May-03,24:00:00,705.167188,0.004028,71.404491,71.404491,0.0,0.0,0.862175,0.004028,87.969898,87.969898,0.0,0.0,0.851402,0.004028,123.946454,123.946454,0.0,0.0,0.843143
3152,17-May-03,24:00:00,687.821787,0.003845,67.246215,67.246215,0.0,0.0,0.848761,0.003845,82.846927,82.846927,0.0,0.0,0.837988,0.003845,116.728371,116.728371,0.0,0.0,0.829729
3153,18-May-03,24:00:00,616.870385,0.004309,63.330099,63.330099,0.0,0.0,0.834969,0.004309,78.022295,78.022295,0.0,0.0,0.824196,0.004309,109.930637,109.930637,0.0,0.0,0.815937
3154,19-May-03,24:00:00,541.839704,0.004787,59.642039,59.642039,0.0,0.0,0.819462,0.004787,73.478628,73.478628,0.0,0.0,0.808689,0.004787,103.528772,103.528772,0.0,0.0,0.800429
3155,20-May-03,24:00:00,508.12894,0.004633,56.168755,56.168755,0.0,0.0,0.803265,0.004633,69.199564,69.199564,0.0,0.0,0.792492,0.004633,97.499722,97.499722,0.0,0.0,0.784232
3156,21-May-03,24:00:00,495.245644,0.004714,52.89774,52.89774,0.0,0.0,0.787156,0.004714,65.169693,65.169693,0.0,0.0,0.776382,0.004714,91.821778,91.821778,0.0,0.0,0.768123
3157,22-May-03,24:00:00,482.649842,0.005014,49.817214,49.817214,0.0,0.0,0.770609,0.005014,61.374503,61.374503,0.0,0.0,0.759836,0.005014,86.474491,86.474491,0.0,0.0,0.751576
3158,23-May-03,24:00:00,471.204406,0.004414,46.916084,46.916084,0.0,0.0,0.75442,0.004414,57.800329,57.800329,0.0,0.0,0.743646,0.004414,81.438606,81.438606,0.0,0.0,0.735386
3159,24-May-03,24:00:00,460.606519,0.002682,44.183902,44.183902,0.0,0.0,0.742242,0.002682,54.434298,54.434298,0.0,0.0,0.731466,0.002682,76.695988,76.695988,0.0,0.0,0.723207
3160,25-May-03,24:00:00,450.269655,0.004215,41.610831,41.610831,0.0,0.0,0.730473,0.004215,51.26429,51.26429,0.0,0.0,0.719697,0.004215,72.22956,72.22956,0.0,0.0,0.711438
3161,26-May-03,24:00:00,441.7322,0.00473,39.187604,39.187604,0.0,0.0,0.714972,0.00473,48.278888,48.278888,0.0,0.0,0.704196,0.00473,68.023235,68.023235,0.0,0.0,0.695936
3162,27-May-03,24:00:00,432.739913,0.004849,36.905494,36.905494,0.0,0.0,0.698594,0.004849,45.467344,45.467344,0.0,0.0,0.687818,0.004849,64.061868,64.061868,0.0,0.0,0.679558
3163,28-May-03,24:00:00,421.916606,0.004168,34.756284,34.756284,0.0,0.0,0.682942,0.004168,42.81953,42.81953,0.0,0.0,0.672166,0.004168,60.331194,60.331194,0.0,0.0,0.663906
3164,29-May-03,24:00:00,455.92607,0.003362,32.732235,32.732235,0.0,0.0,0.67023,0.003362,40.325913,40.325913,0.0,0.0,0.659455,0.003362,56.817777,56.817777,0.0,0.0,0.651195
3165,30-May-03,24:00:00,498.705768,0.004874,30.826057,30.826057,0.0,0.0,0.656389,0.004873,37.977514,37.977514,0.0,0.0,0.645614,0.004873,53.508965,53.508965,0.0,0.0,0.637356
3166,31-May-03,24:00:00,503.443239,0.005029,29.030886,29.030886,0.0,0.0,0.63934,0.005028,35.765875,35.765875,0.0,0.0,0.628566,0.005028,50.392844,50.392844,0.0,0.0,0.62031
3167,01-Jun-03,24:00:00,461.838177,0.00481,27.340258,27.340258,0.0,0.0,0.622218,0.00481,33.683031,33.683031,0.0,0.0,0.611444,0.004809,47.458192,47.458192,0.0,0.0,0.603189
3168,02-Jun-03,24:00:00,411.602275,0.005286,25.748085,25.748085,0.0,0.0,0.605176,0.005286,31.721483,31.721483,0.0,0.0,0.594402,0.005285,44.69444,44.69444,0.0,0.0,0.58615
3169,03-Jun-03,24:00:00,352.21027,0.004127,24.248632,24.248632,0.0,0.0,0.589062,0.004127,29.874167,29.874167,0.0,0.0,0.578288,0.004127,42.091638,42.091638,0.0,0.0,0.570036
3170,04-Jun-03,24:00:00,292.339707,0.003925,22.836501,22.836501,0.0,0.0,0.575365,0.003925,28.13443,28.13443,0.0,0.0,0.564591,0.003925,39.64041,39.64041,0.0,0.0,0.55634
3171,05-Jun-03,24:00:00,267.773942,0.003425,21.506606,21.506606,0.0,0.0,0.562692,0.003425,26.496007,26.496007,0.0,0.0,0.551917,0.003424,37.331931,37.331931,0.0,0.0,0.543667
3172,06-Jun-03,24:00:00,263.022874,0.003858,20.254158,20.254158,0.0,0.0,0.550186,0.003858,24.952999,24.952999,0.0,0.0,0.539411,0.003858,35.157888,35.157888,0.0,0.0,0.531161
3173,07-Jun-03,24:00:00,258.069038,0.004428,19.074647,19.074647,0.0,0.0,0.535869,0.004427,23.499849,23.499849,0.0,0.0,0.525094,0.004427,33.110451,33.110451,0.0,0.0,0.516845
3174,08-Jun-03,24:00:00,253.820392,0.003768,17.963826,17.963826,0.0,0.0,0.52175,0.003768,22.131324,22.131324,0.0,0.0,0.510975,0.003768,31.182247,31.182247,0.0,0.0,0.502727
3175,09-Jun-03,24:00:00,250.000186,0.003323,16.917693,16.917693,0.0,0.0,0.5096,0.003324,20.842495,20.842495,0.0,0.0,0.498825,0.003324,29.366334,29.366334,0.0,0.0,0.490576
3176,10-Jun-03,24:00:00,262.293998,0.003937,15.932483,15.932483,0.0,0.0,0.497249,0.003937,19.628722,19.628722,0.0,0.0,0.486472,0.003937,27.656171,27.656171,0.0,0.0,0.478225
3177,11-Jun-03,24:00:00,284.182181,0.004493,15.004647,15.004647,0.0,0.0,0.482853,0.004493,18.485634,18.485634,0.0,0.0,0.472076,0.004492,26.0456,26.0456,0.0,0.0,0.46383
3178,12-Jun-03,24:00:00,297.85863,0.004218,14.130844,14.130844,0.0,0.0,0.467728,0.004218,17.409114,17.409114,0.0,0.0,0.456951,0.004217,24.528821,24.528821,0.0,0.0,0.448707
3179,13-Jun-03,24:00:00,305.433145,0.00471,13.307927,13.307927,0.0,0.0,0.452575,0.00471,16.395285,16.395285,0.0,0.0,0.441799,0.00471,23.100373,23.100373,0.0,0.0,0.433556
3180,14-Jun-03,24:00:00,305.712174,0.004769,12.532934,12.532934,0.0,0.0,0.436299,0.004769,15.440498,15.440498,0.0,0.0,0.425523,0.004768,21.755112,21.755112,0.0,0.0,0.417282
3181,15-Jun-03,24:00:00,300.045775,0.005315,11.803072,11.803072,0.0,0.0,0.419201,0.005315,14.541313,14.541313,0.0,0.0,0.408426,0.005315,20.488192,20.488192,0.0,0.0,0.400187
3182,16-Jun-03,24:00:00,303.533074,0.005172,11.115714,11.115714,0.0,0.0,0.401199,0.005171,13.694492,13.694492,0.0,0.0,0.390424,0.005171,19.295052,19.295052,0.0,0.0,0.382187
3183,17-Jun-03,24:00:00,315.623916,0.004548,10.468385,10.468385,0.0,0.0,0.384104,0.004548,12.896986,12.896986,0.0,0.0,0.373329,0.004547,18.171395,18.171395,0.0,0.0,0.365094
3184,18-Jun-03,24:00:00,317.719094,0.004322,9.858753,9.858753,0.0,0.0,0.369102,0.004322,12.145924,12.145924,0.0,0.0,0.358328,0.004321,17.113175,17.113175,0.0,0.0,0.350094
3185,19-Jun-03,24:00:00,314.94375,0.004432,9.284624,9.284624,0.0,0.0,0.353904,0.004431,11.4386,11.4386,0.0,0.0,0.34313,0.004431,16.116581,16.116581,0.0,0.0,0.334898
3186,20-Jun-03,24:00:00,313.14289,0.004334,8.743929,8.743929,0.0,0.0,0.338997,0.004334,10.772468,10.772468,0.0,0.0,0.328224,0.004333,15.178023,15.178023,0.0,0.0,0.319994
3187,21-Jun-03,24:00:00,311.704149,0.004309,8.234722,8.234722,0.0,0.0,0.324467,0.004309,10.145128,10.145128,0.0,0.0,0.313694,0.004309,14.294124,14.294124,0.0,0.0,0.305466
3188,22-Jun-03,24:00:00,308.964545,0.004419,7.755169,7.755169,0.0,0.0,0.309105,0.004419,9.554321,9.554321,0.0,0.0,0.298332,0.004419,13.461698,13.461698,0.0,0.0,0.290106
3189,23-Jun-03,24:00:00,297.947666,0.004718,7.303543,7.303543,0.0,0.0,0.293594,0.004718,8.997921,8.997921,0.0,0.0,0.282822,0.004718,12.67775,12.67775,0.0,0.0,0.274598
3190,24-Jun-03,24:00:00,273.892683,0.004904,6.878218,6.878218,0.0,0.0,0.277111,0.004904,8.473922,8.473922,0.0,0.0,0.266339,0.004903,11.939455,11.939455,0.0,0.0,0.258116
3191,25-Jun-03,24:00:00,250.995076,0.005143,6.477661,6.477661,0.0,0.0,0.259977,0.005143,7.980439,7.980439,0.0,0.0,0.249205,0.005142,11.244155,11.244155,0.0,0.0,0.240984
3192,26-Jun-03,24:00:00,242.636601,0.005388,6.100431,6.100431,0.0,0.0,0.241986,0.005388,7.515694,7.515694,0.0,0.0,0.231214,0.005387,10.589346,10.589346,0.0,0.0,0.222995
3193,27-Jun-03,24:00:00,241.697335,0.005404,5.74517,5.74517,0.0,0.0,0.223625,0.005403,7.078014,7.078014,0.0,0.0,0.212854,0.005403,9.97267,9.97267,0.0,0.0,0.204637
3194,28-Jun-03,24:00:00,238.937932,0.004796,5.410597,5.410597,0.0,0.0,0.205944,0.004796,6.665822,6.665822,0.0,0.0,0.195174,0.004796,9.391907,9.391907,0.0,0.0,0.186959
3195,29-Jun-03,24:00:00,246.733053,0.004567,5.095508,5.095508,0.0,0.0,0.189871,0.004567,6.277635,6.277635,0.0,0.0,0.179101,0.004567,8.844964,8.844964,0.0,0.0,0.170887
3196,30-Jun-03,24:00:00,259.399288,0.004713,4.798769,4.798769,0.0,0.0,0.17393,0.004713,5.912054,5.912054,0.0,0.0,0.16316,0.004713,8.329873,8.329873,0.0,0.0,0.154948
3197,01-Jul-03,24:00:00,263.086848,0.004625,4.51931,4.51931,0.0,0.0,0.15792,0.004625,5.567762,5.567762,0.0,0.0,0.14715,0.004624,7.844779,7.844779,0.0,0.0,0.13894
3198,02-Jul-03,24:00:00,262.10847,0.004649,4.256126,4.256126,0.0,0.0,0.142007,0.004649,5.243521,5.243521,0.0,0.0,0.131238,0.004649,7.387934,7.387934,0.0,0.0,0.123029
3199,03-Jul-03,24:00:00,261.714439,0.005086,4.008268,4.008268,0.0,0.0,0.125369,0.005086,4.938162,4.938162,0.0,0.0,0.1146,0.005085,6.957694,6.957694,0.0,0.0,0.106393
3200,04-Jul-03,24:00:00,264.778332,0.005367,3.774845,3.774845,0.0,0.0,0.107703,0.005367,4.650586,4.650586,0.0,0.0,0.096935,0.005367,6.55251,6.55251,0.0,0.0,0.08873
3201,05-Jul-03,24:00:00,272.2686,0.005019,3.555015,3.555015,0.0,0.0,0.089695,0.005019,4.379756,4.379756,0.0,0.0,0.078927,0.005019,6.170921,6.170921,0.0,0.0,0.070724
3202,06-Jul-03,24:00:00,272.98496,0.004192,3.347987,3.347987,0.0,0.0,0.073638,0.004192,4.124699,4.124699,0.0,0.0,0.06287,0.004191,5.811554,5.811554,0.0,0.0,0.054668
3203,07-Jul-03,24:00:00,271.302434,0.004533,3.153015,3.153015,0.0,0.0,0.059389,0.004534,3.884495,3.884495,0.0,0.0,0.048621,0.004533,5.473116,5.473116,0.0,0.0,0.040421
3204,08-Jul-03,24:00:00,270.930131,0.005535,2.969398,2.969398,0.0,0.0,0.042088,0.005535,3.65828,3.65828,0.0,0.0,0.031321,0.005535,5.154386,5.154386,0.0,0.0,0.023123
3205,09-Jul-03,24:00:00,267.232552,0.005435,2.796473,2.796473,0.0,0.0,0.023138,0.005435,3.445238,3.445238,0.0,0.0,0.012371,0.005434,4.854218,4.854218,0.0,0.0,0.005935
3206,10-Jul-03,24:00:00,273.044578,0.005033,2.633619,2.633619,0.0,0.0,0.006257,0.005033,3.244603,3.244603,0.0,0.0,0.00069,0.005032,4.57153,4.57153,0.0,0.0,0.0
3207,11-Jul-03,24:00:00,286.904397,0.005222,2.480249,2.480249,0.0,0.0,0.0,0.005222,3.055652,3.055652,0.0,0.0,0.0,0.005222,4.305305,4.305305,0.0,0.0,0.0
3208,12-Jul-03,24:00:00,291.68802,0.004966,2.335811,2.335811,0.0,0.0,0.0,0.004966,2.877704,2.877704,0.0,0.0,0.0,0.004966,4.054583,4.054583,0.0,0.0,0.0
3209,13-Jul-03,24:00:00,290.848738,0.005089,2.199784,2.199784,0.0,0.0,0.0,0.005088,2.71012,2.71012,0.0,0.0,0.0,0.005088,3.818462,3.818462,0.0,0.0,0.0
3210,14-Jul-03,24:00:00,289.124364,0.005275,2.071678,2.071678,0.0,0.0,0.0,0.005275,2.552295,2.552295,0.0,0.0,0.0,0.005274,3.596092,3.596092,0.0,0.0,0.0
3211,15-Jul-03,24:00:00,286.652572,0.004952,1.951033,1.951033,0.0,0.0,0.0,0.004952,2.403661,2.403661,0.0,0.0,0.0,0.004952,3.386672,3.386672,0.0,0.0,0.0
3212,16-Jul-03,24:00:00,282.992397,0.005166,1.837414,1.837414,0.0,0.0,0.0,0.005166,2.263682,2.263682,0.0,0.0,0.0,0.005165,3.189448,3.189448,0.0,0.0,0.0
3213,17-Jul-03,24:00:00,281.584321,0.005533,1.730411,1.730411,0.0,0.0,0.0,0.005532,2.131856,2.131856,0.0,0.0,0.0,0.005532,3.003709,3.003709,0.0,0.0,0.0
3214,18-Jul-03,24:00:00,281.544494,0.005348,1.629639,1.629639,0.0,0.0,0.0,0.005348,2.007706,2.007706,0.0,0.0,0.0,0.005347,2.828786,2.828786,0.0,0.0,0.0
3215,19-Jul-03,24:00:00,281.771147,0.005011,1.534737,1.534737,0.0,0.0,0.0,0.005011,1.890786,1.890786,0.0,0.0,0.0,0.00501,2.66405,2.66405,0.0,0.0,0.0
3216,20-Jul-03,24:00:00,279.998233,0.005385,1.44536,1.44536,0.0,0.0,0.0,0.005385,1.780675,1.780675,0.0,0.0,0.0,0.005384,2.508908,2.508908,0.0,0.0,0.0
3217,21-Jul-03,24:00:00,277.889817,0.005304,1.361189,1.361189,0.0,0.0,0.0,0.005304,1.676977,1.676977,0.0,0.0,0.0,0.005303,2.362801,2.362801,0.0,0.0,0.0
3218,22-Jul-03,24:00:00,277.159889,0.00521,1.28192,1.28192,0.0,0.0,0.0,0.00521,1.579317,1.579317,0.0,0.0,0.0,0.005209,2.225202,2.225202,0.0,0.0,0.0
3219,23-Jul-03,24:00:00,277.454855,0.004295,1.207266,1.207266,0.0,0.0,0.0,0.004295,1.487345,1.487345,0.0,0.0,0.0,0.004294,2.095616,2.095616,0.0,0.0,0.0
3220,24-Jul-03,24:00:00,276.962043,0.004243,1.136961,1.136961,0.0,0.0,0.0,0.004243,1.400729,1.400729,0.0,0.0,0.0,0.004242,1.973577,1.973577,0.0,0.0,0.0
3221,25-Jul-03,24:00:00,276.310829,0.004902,1.070749,1.070749,0.0,0.0,0.0,0.004902,1.319156,1.319156,0.0,0.0,0.0,0.004901,1.858644,1.858644,0.0,0.0,0.0
3222,26-Jul-03,24:00:00,276.655413,0.005194,1.008394,1.008394,0.0,0.0,0.0,0.005194,1.242335,1.242335,0.0,0.0,0.0,0.005194,1.750405,1.750405,0.0,0.0,0.0
3223,27-Jul-03,24:00:00,277.412691,0.005225,0.949669,0.949669,0.0,0.0,0.0,0.005225,1.169987,1.169987,0.0,0.0,0.0,0.005225,1.64847,1.64847,0.0,0.0,0.0
3224,28-Jul-03,24:00:00,277.588562,0.005192,0.894365,0.894365,0.0,0.0,0.0,0.005192,1.101852,1.101852,0.0,0.0,0.0,0.005192,1.55247,1.55247,0.0,0.0,0.0
3225,29-Jul-03,24:00:00,277.385805,0.004628,0.842281,0.842281,0.0,0.0,0.0,0.004628,1.037685,1.037685,0.0,0.0,0.0,0.004628,1.462061,1.462061,0.0,0.0,0.0
3226,30-Jul-03,24:00:00,277.188675,0.004645,0.79323,0.79323,0.0,0.0,0.0,0.004645,0.977255,0.977255,0.0,0.0,0.0,0.004645,1.376918,1.376918,0.0,0.0,0.0
3227,31-Jul-03,24:00:00,277.002981,0.004848,0.747036,0.747036,0.0,0.0,0.0,0.004848,0.920344,0.920344,0.0,0.0,0.0,0.004848,1.296732,1.296732,0.0,0.0,0.0
3228,01-Aug-03,24:00:00,277.429867,0.003603,0.703532,0.703532,0.0,0.0,0.0,0.003603,0.866747,0.866747,0.0,0.0,0.0,0.003602,1.221216,1.221216,0.0,0.0,0.0
3229,02-Aug-03,24:00:00,277.656792,0.004547,0.662562,0.662562,0.0,0.0,0.0,0.004546,0.816272,0.816272,0.0,0.0,0.0,0.004546,1.150098,1.150098,0.0,0.0,0.0
3230,03-Aug-03,24:00:00,277.508254,0.003783,0.623977,0.623977,0.0,0.0,0.0,0.003783,0.768736,0.768736,0.0,0.0,0.0,0.003783,1.083122,1.083122,0.0,0.0,0.0
3231,04-Aug-03,24:00:00,277.963994,0.00205,0.587639,0.587639,0.0,0.0,0.0,0.00205,0.723968,0.723968,0.0,0.0,0.0,0.002049,1.020045,1.020045,0.0,0.0,0.0
3232,05-Aug-03,24:00:00,278.218049,0.00356,0.553418,0.553418,0.0,0.0,0.0,0.00356,0.681808,0.681808,0.0,0.0,0.0,0.00356,0.960643,0.960643,0.0,0.0,0.0
3233,06-Aug-03,24:00:00,278.095062,0.003745,0.52119,0.52119,0.0,0.0,0.0,0.003745,0.642102,0.642102,0.0,0.0,0.0,0.003744,0.904699,0.904699,0.0,0.0,0.0
3234,07-Aug-03,24:00:00,277.973098,0.00415,0.490838,0.490838,0.0,0.0,0.0,0.00415,0.604709,0.604709,0.0,0.0,0.0,0.00415,0.852013,0.852013,0.0,0.0,0.0
3235,08-Aug-03,24:00:00,277.858194,0.004158,0.462254,0.462254,0.0,0.0,0.0,0.004158,0.569494,0.569494,0.0,0.0,0.0,0.004158,0.802396,0.802396,0.0,0.0,0.0
3236,09-Aug-03,24:00:00,278.351748,0.004316,0.435334,0.435334,0.0,0.0,0.0,0.004316,0.536329,0.536329,0.0,0.0,0.0,0.004316,0.755668,0.755668,0.0,0.0,0.0
3237,10-Aug-03,24:00:00,278.641457,0.00442,0.409982,0.409982,0.0,0.0,0.0,0.00442,0.505095,0.505095,0.0,0.0,0.0,0.00442,0.711661,0.711661,0.0,0.0,0.0
3238,11-Aug-03,24:00:00,279.755581,0.004311,0.386107,0.386107,0.0,0.0,0.0,0.004311,0.475681,0.475681,0.0,0.0,0.0,0.004311,0.670217,0.670217,0.0,0.0,0.0
3239,12-Aug-03,24:00:00,280.44848,0.004197,0.363621,0.363621,0.0,0.0,0.0,0.004197,0.44798,0.44798,0.0,0.0,0.0,0.004197,0.631187,0.631187,0.0,0.0,0.0
3240,13-Aug-03,24:00:00,279.774725,0.003916,0.342446,0.342446,0.0,0.0,0.0,0.003916,0.421891,0.421891,0.0,0.0,0.0,0.003916,0.59443,0.59443,0.0,0.0,0.0
3241,14-Aug-03,24:00:00,279.904797,0.004247,0.322503,0.322503,0.0,0.0,0.0,0.004247,0.397322,0.397322,0.0,0.0,0.0,0.004247,0.559813,0.559813,0.0,0.0,0.0
3242,15-Aug-03,24:00:00,280.214353,0.004334,0.303722,0.303722,0.0,0.0,0.0,0.004334,0.374184,0.374184,0.0,0.0,0.0,0.004334,0.527212,0.527212,0.0,0.0,0.0
3243,16-Aug-03,24:00:00,277.14094,0.004434,0.286035,0.286035,0.0,0.0,0.0,0.004434,0.352393,0.352393,0.0,0.0,0.0,0.004434,0.496509,0.496509,0.0,0.0,0.0
3244,17-Aug-03,24:00:00,275.717692,0.004732,0.269377,0.269377,0.0,0.0,0.0,0.004732,0.331871,0.331871,0.0,0.0,0.0,0.004732,0.467595,0.467595,0.0,0.0,0.0
3245,18-Aug-03,24:00:00,276.615182,0.004151,0.25369,0.25369,0.0,0.0,0.0,0.004151,0.312544,0.312544,0.0,0.0,0.0,0.004151,0.440364,0.440364,0.0,0.0,0.0
3246,19-Aug-03,24:00:00,276.953752,0.004689,0.238916,0.238916,0.0,0.0,0.0,0.004688,0.294343,0.294343,0.0,0.0,0.0,0.004688,0.414719,0.414719,0.0,0.0,0.0
3247,20-Aug-03,24:00:00,276.904433,0.003932,0.225003,0.225003,0.0,0.0,0.0,0.003932,0.277202,0.277202,0.0,0.0,0.0,0.003932,0.390568,0.390568,0.0,0.0,0.0
3248,21-Aug-03,24:00:00,276.25004,0.002775,0.2119,0.2119,0.0,0.0,0.0,0.002774,0.261059,0.261059,0.0,0.0,0.0,0.002774,0.367823,0.367823,0.0,0.0,0.0
3249,22-Aug-03,24:00:00,275.808815,0.003903,0.19956,0.19956,0.0,0.0,0.0,0.003902,0.245856,0.245856,0.0,0.0,0.0,0.003901,0.346403,0.346403,0.0,0.0,0.0
3250,23-Aug-03,24:00:00,276.357298,0.004198,0.187938,0.187938,0.0,0.0,0.0,0.004197,0.231539,0.231539,0.0,0.0,0.0,0.004196,0.32623,0.32623,0.0,0.0,0.0
3251,24-Aug-03,24:00:00,268.280144,0.004518,0.176993,0.176993,0.0,0.0,0.0,0.004517,0.218055,0.218055,0.0,0.0,0.0,0.004516,0.307232,0.307232,0.0,0.0,0.0
3252,25-Aug-03,24:00:00,260.957295,0.004489,0.166686,0.166686,0.0,0.0,0.0,0.004489,0.205356,0.205356,0.0,0.0,0.0,0.004488,0.28934,0.28934,0.0,0.0,0.0
3253,26-Aug-03,24:00:00,265.669186,0.003986,0.156979,0.156979,0.0,0.0,0.0,0.003986,0.193397,0.193397,0.0,0.0,0.0,0.003985,0.27249,0.27249,0.0,0.0,0.0
3254,27-Aug-03,24:00:00,280.96186,0.004005,0.147838,0.147838,0.0,0.0,0.0,0.004004,0.182135,0.182135,0.0,0.0,0.0,0.004004,0.256621,0.256621,0.0,0.0,0.0
3255,28-Aug-03,24:00:00,288.433563,0.003944,0.139228,0.139228,0.0,0.0,0.0,0.003944,0.171528,0.171528,0.0,0.0,0.0,0.003943,0.241677,0.241677,0.0,0.0,0.0
3256,29-Aug-03,24:00:00,287.924437,0.004034,0.13112,0.13112,0.0,0.0,0.0,0.004034,0.161539,0.161539,0.0,0.0,0.0,0.004032,0.227603,0.227603,0.0,0.0,0.0
3257,30-Aug-03,24:00:00,287.502997,0.004323,0.123484,0.123484,0.0,0.0,0.0,0.004322,0.152132,0.152132,0.0,0.0,0.0,0.004321,0.214348,0.214348,0.0,0.0,0.0
3258,31-Aug-03,24:00:00,287.467528,0.004478,0.116293,0.116293,0.0,0.0,0.0,0.004477,0.143272,0.143272,0.0,0.0,0.0,0.004476,0.201866,0.201866,0.0,0.0,0.0
3259,01-Sep-03,24:00:00,273.599626,0.004287,0.109521,0.109521,0.0,0.0,0.0,0.004286,0.134929,0.134929,0.0,0.0,0.0,0.004285,0.19011,0.19011,0.0,0.0,0.0
3260,02-Sep-03,24:00:00,245.91196,0.00349,0.103143,0.103143,0.0,0.0,0.0,0.003489,0.127071,0.127071,0.0,0.0,0.0,0.003488,0.179039,0.179039,0.0,0.0,0.0
3261,03-Sep-03,24:00:00,232.994781,0.003438,0.097136,0.097136,0.0,0.0,0.0,0.003438,0.119671,0.119671,0.0,0.0,0.0,0.003437,0.168612,0.168612,0.0,0.0,0.0
3262,04-Sep-03,24:00:00,232.375785,0.003118,0.091479,0.091479,0.0,0.0,0.0,0.003117,0.112702,0.112702,0.0,0.0,0.0,0.003116,0.158793,0.158793,0.0,0.0,0.0
3263,05-Sep-03,24:00:00,232.94814,0.002397,0.086152,0.086152,0.0,0.0,0.0,0.002397,0.106139,0.106139,0.0,0.0,0.0,0.002396,0.149546,0.149546,0.0,0.0,0.0
3264,06-Sep-03,24:00:00,234.523071,0.002849,0.081135,0.081135,0.0,0.0,0.0,0.002848,0.099958,0.099958,0.0,0.0,0.0,0.002847,0.140837,0.140837,0.0,0.0,0.0
3265,07-Sep-03,24:00:00,235.293884,0.003467,0.07641,0.07641,0.0,0.0,0.0,0.003466,0.094137,0.094137,0.0,0.0,0.0,0.003465,0.132635,0.132635,0.0,0.0,0.0
3266,08-Sep-03,24:00:00,234.085644,0.001311,0.07196,0.07196,0.0,0.0,0.0,0.001311,0.088654,0.088654,0.0,0.0,0.0,0.00131,0.124911,0.124911,0.0,0.0,0.0
3267,09-Sep-03,24:00:00,233.887417,0.00348,0.06777,0.06777,0.0,0.0,0.0,0.00348,0.083492,0.083492,0.0,0.0,0.0,0.00348,0.117637,0.117637,0.0,0.0,0.0
3268,10-Sep-03,24:00:00,235.453571,0.00357,0.063823,0.063823,0.0,0.0,0.0,0.00357,0.07863,0.07863,0.0,0.0,0.0,0.00357,0.110786,0.110786,0.0,0.0,0.0
3269,11-Sep-03,24:00:00,236.830113,0.003835,0.060106,0.060106,0.0,0.0,0.0,0.003835,0.07405,0.07405,0.0,0.0,0.0,0.003835,0.104334,0.104334,0.0,0.0,0.0
3270,12-Sep-03,24:00:00,237.220842,0.00357,0.056606,0.056606,0.0,0.0,0.0,0.00357,0.069738,0.069738,0.0,0.0,0.0,0.00357,0.098258,0.098258,0.0,0.0,0.0
3271,13-Sep-03,24:00:00,237.816016,0.003891,0.053309,0.053309,0.0,0.0,0.0,0.003891,0.065677,0.065677,0.0,0.0,0.0,0.003891,0.092536,0.092536,0.0,0.0,0.0
3272,14-Sep-03,24:00:00,246.619935,0.003457,0.050205,0.050205,0.0,0.0,0.0,0.003457,0.061852,0.061852,0.0,0.0,0.0,0.003457,0.087147,0.087147,0.0,0.0,0.0
3273,15-Sep-03,24:00:00,257.513331,0.003393,0.047281,0.047281,0.0,0.0,0.0,0.003393,0.05825,0.05825,0.0,0.0,0.0,0.003393,0.082072,0.082072,0.0,0.0,0.0
3274,16-Sep-03,24:00:00,230.428733,0.003162,0.044528,0.044528,0.0,0.0,0.0,0.003162,0.054858,0.054858,0.0,0.0,0.0,0.003162,0.077293,0.077293,0.0,0.0,0.0
3275,17-Sep-03,24:00:00,242.399059,0.002811,0.041935,0.041935,0.0,0.0,0.0,0.002811,0.051663,0.051663,0.0,0.0,0.0,0.002811,0.072792,0.072792,0.0,0.0,0.0
3276,18-Sep-03,24:00:00,261.60707,0.003479,0.039493,0.039493,0.0,0.0,0.0,0.003479,0.048655,0.048655,0.0,0.0,0.0,0.003479,0.068553,0.068553,0.0,0.0,0.0
3277,19-Sep-03,24:00:00,261.160302,0.003181,0.037193,0.037193,0.0,0.0,0.0,0.003181,0.045821,0.045821,0.0,0.0,0.0,0.003181,0.06456,0.06456,0.0,0.0,0.0
3278,20-Sep-03,24:00:00,261.140881,0.003675,0.035027,0.035027,0.0,0.0,0.0,0.003675,0.043153,0.043153,0.0,0.0,0.0,0.003675,0.060801,0.060801,0.0,0.0,0.0
3279,21-Sep-03,24:00:00,259.92907,0.003547,0.032987,0.032987,0.0,0.0,0.0,0.003547,0.04064,0.04064,0.0,0.0,0.0,0.003547,0.05726,0.05726,0.0,0.0,0.0
3280,22-Sep-03,24:00:00,259.138107,0.003463,0.031066,0.031066,0.0,0.0,0.0,0.003463,0.038273,0.038273,0.0,0.0,0.0,0.003463,0.053925,0.053925,0.0,0.0,0.0
3281,23-Sep-03,24:00:00,259.117701,0.003356,0.029257,0.029257,0.0,0.0,0.0,0.003356,0.036044,0.036044,0.0,0.0,0.0,0.003356,0.050785,0.050785,0.0,0.0,0.0
3282,24-Sep-03,24:00:00,258.508993,0.00282,0.027553,0.027553,0.0,0.0,0.0,0.00282,0.033945,0.033945,0.0,0.0,0.0,0.00282,0.047827,0.047827,0.0,0.0,0.0
3283,25-Sep-03,24:00:00,256.907389,0.001605,0.025948,0.025948,0.0,0.0,0.0,0.001605,0.031968,0.031968,0.0,0.0,0.0,0.001605,0.045042,0.045042,0.0,0.0,0.0
3284,26-Sep-03,24:00:00,256.713274,0.001847,0.024437,0.024437,0.0,0.0,0.0,0.001847,0.030107,0.030107,0.0,0.0,0.0,0.001847,0.042419,0.042419,0.0,0.0,0.0
3285,27-Sep-03,24:00:00,257.085993,0.001811,0.023014,0.023014,0.0,0.0,0.0,0.001811,0.028353,0.028353,0.0,0.0,0.0,0.00181,0.039949,0.039949,0.0,0.0,0.0
3286,28-Sep-03,24:00:00,257.087081,0.002727,0.021674,0.021674,0.0,0.0,0.0,0.002727,0.026702,0.026702,0.0,0.0,0.0,0.002727,0.037622,0.037622,0.0,0.0,0.0
3287,29-Sep-03,24:00:00,255.276752,0.002692,0.020412,0.020412,0.0,0.0,0.0,0.002692,0.025147,0.025147,0.0,0.0,0.0,0.002692,0.035431,0.035431,0.0,0.0,0.0
3288,30-Sep-03,24:00:00,254.698881,0.002742,0.019223,0.019223,0.0,0.0,0.0,0.002742,0.023683,0.023683,0.0,0.0,0.0,0.002742,0.033368,0.033368,0.0,0.0,0.0
3289,01-Oct-03,24:00:00,255.668066,0.002635,0.018104,0.018104,0.0,0.0,0.0,0.002635,0.022304,0.022304,0.0,0.0,0.0,0.002635,0.031425,0.031425,0.0,0.0,0.0
3290,02-Oct-03,24:00:00,256.663644,0.002603,0.017049,0.017049,0.0,0.0,0.0,0.002602,0.021005,0.021005,0.0,0.0,0.0,0.002602,0.029595,0.029595,0.0,0.0,0.0
3291,03-Oct-03,24:00:00,257.057885,0.002787,0.016056,0.016056,0.0,0.0,0.0,0.002786,0.019781,0.019781,0.0,0.0,0.0,0.002785,0.027871,0.027871,0.0,0.0,0.0
3292,04-Oct-03,24:00:00,257.06074,0.002552,0.015121,0.015121,0.0,0.0,0.0,0.00255,0.018629,0.018629,0.0,0.0,0.0,0.00255,0.026248,0.026248,0.0,0.0,0.0
3293,05-Oct-03,24:00:00,246.827214,0.003241,0.014241,0.014241,0.0,0.0,0.0,0.003241,0.017545,0.017545,0.0,0.0,0.0,0.003239,0.02472,0.02472,0.0,0.0,0.0
3294,06-Oct-03,24:00:00,231.741606,0.003155,0.013411,0.013411,0.0,0.0,0.0,0.003154,0.016523,0.016523,0.0,0.0,0.0,0.003152,0.02328,0.02328,0.0,0.0,0.0
3295,07-Oct-03,24:00:00,226.74591,0.002662,0.01263,0.01263,0.0,0.0,0.0,0.002661,0.015561,0.015561,0.0,0.0,0.0,0.00266,0.021924,0.021924,0.0,0.0,0.0
3296,08-Oct-03,24:00:00,227.041854,0.003267,0.011895,0.011895,0.0,0.0,0.0,0.003266,0.014654,0.014654,0.0,0.0,0.0,0.003264,0.020648,0.020648,0.0,0.0,0.0
3297,09-Oct-03,24:00:00,226.443222,0.002743,0.011202,0.011202,0.0,0.0,0.0,0.002742,0.013801,0.013801,0.0,0.0,0.0,0.00274,0.019445,0.019445,0.0,0.0,0.0
3298,10-Oct-03,24:00:00,226.049022,0.002816,0.01055,0.01055,0.0,0.0,0.0,0.002814,0.012997,0.012997,0.0,0.0,0.0,0.002812,0.018313,0.018313,0.0,0.0,0.0
3299,11-Oct-03,24:00:00,226.039985,0.00248,0.009935,0.009935,0.0,0.0,0.0,0.002479,0.01224,0.01224,0.0,0.0,0.0,0.002477,0.017246,0.017246,0.0,0.0,0.0
3300,12-Oct-03,24:00:00,226.037614,0.00222,0.009357,0.009357,0.0,0.0,0.0,0.002219,0.011527,0.011527,0.0,0.0,0.0,0.002219,0.016242,0.016242,0.0,0.0,0.0
3301,13-Oct-03,24:00:00,226.637189,0.002358,0.008812,0.008812,0.0,0.0,0.0,0.002357,0.010856,0.010856,0.0,0.0,0.0,0.002356,0.015296,0.015296,0.0,0.0,0.0
3302,14-Oct-03,24:00:00,221.610847,0.002573,0.008299,0.008299,0.0,0.0,0.0,0.002571,0.010224,0.010224,0.0,0.0,0.0,0.00257,0.014405,0.014405,0.0,0.0,0.0
3303,15-Oct-03,24:00:00,213.878525,0.002399,0.007815,0.007815,0.0,0.0,0.0,0.002399,0.009629,0.009629,0.0,0.0,0.0,0.002398,0.013566,0.013566,0.0,0.0,0.0
3304,16-Oct-03,24:00:00,211.076296,0.002018,0.00736,0.00736,0.0,0.0,0.0,0.002018,0.009068,0.009068,0.0,0.0,0.0,0.002018,0.012776,0.012776,0.0,0.0,0.0
3305,17-Oct-03,24:00:00,214.63879,0.002292,0.006932,0.006932,0.0,0.0,0.0,0.002292,0.00854,0.00854,0.0,0.0,0.0,0.002292,0.012032,0.012032,0.0,0.0,0.0
3306,18-Oct-03,24:00:00,221.800697,0.001829,0.006528,0.006528,0.0,0.0,0.0,0.001829,0.008043,0.008043,0.0,0.0,0.0,0.001829,0.011332,0.011332,0.0,0.0,0.0
3307,19-Oct-03,24:00:00,224.369764,0.001956,0.006148,0.006148,0.0,0.0,0.0,0.001956,0.007574,0.007574,0.0,0.0,0.0,0.001956,0.010672,0.010672,0.0,0.0,0.0
3308,20-Oct-03,24:00:00,225.834817,0.002575,0.00579,0.00579,0.0,0.0,0.0,0.002575,0.007133,0.007133,0.0,0.0,0.0,0.002575,0.01005,0.01005,0.0,0.0,0.0
3309,21-Oct-03,24:00:00,227.60389,0.002168,0.005453,0.005453,0.0,0.0,0.0,0.002168,0.006718,0.006718,0.0,0.0,0.0,0.002168,0.009465,0.009465,0.0,0.0,0.0
3310,22-Oct-03,24:00:00,227.412125,0.002017,0.005135,0.005135,0.0,0.0,0.0,0.002017,0.006326,0.006326,0.0,0.0,0.0,0.002017,0.008914,0.008914,0.0,0.0,0.0
3311,23-Oct-03,24:00:00,228.22954,0.001798,0.004836,0.004836,0.0,0.0,0.0,0.001798,0.005958,0.005958,0.0,0.0,0.0,0.001798,0.008395,0.008395,0.0,0.0,0.0
3312,24-Oct-03,24:00:00,228.403361,0.001793,0.004554,0.004554,0.0,0.0,0.0,0.001793,0.005611,0.005611,0.0,0.0,0.0,0.001793,0.007906,0.007906,0.0,0.0,0.0
3313,25-Oct-03,24:00:00,234.643196,0.001788,0.004289,0.004289,0.0,0.0,0.0,0.001788,0.005284,0.005284,0.0,0.0,0.0,0.001788,0.007445,0.007445,0.0,0.0,0.0
3314,26-Oct-03,24:00:00,246.766503,0.001854,0.00404,0.00404,0.0,0.0,0.0,0.001854,0.004977,0.004977,0.0,0.0,0.0,0.001854,0.007012,0.007012,0.0,0.0,0.0
3315,27-Oct-03,24:00:00,251.327045,0.001509,0.003804,0.003804,0.0,0.0,0.0,0.001509,0.004687,0.004687,0.0,0.0,0.0,0.001509,0.006603,0.006603,0.0,0.0,0.0
3316,28-Oct-03,24:00:00,252.825712,0.002541,0.003583,0.003583,0.0,0.0,0.0,0.00254,0.004414,0.004414,0.0,0.0,0.0,0.002539,0.006219,0.006219,0.0,0.0,0.0
3317,29-Oct-03,24:00:00,252.790233,0.001704,0.003374,0.003374,0.0,0.0,0.0,0.001703,0.004157,0.004157,0.0,0.0,0.0,0.001701,0.005857,0.005857,0.0,0.0,0.0
3318,30-Oct-03,24:00:00,252.627628,0.000648,0.003178,0.003178,0.0,0.0,0.0,0.000648,0.003915,0.003915,0.0,0.0,0.0,0.000647,0.005516,0.005516,0.0,0.0,0.0
3319,31-Oct-03,24:00:00,253.607274,0.001337,0.002992,0.002992,0.0,0.0,0.0,0.001336,0.003687,0.003687,0.0,0.0,0.0,0.001335,0.005194,0.005194,0.0,0.0,0.0
3320,01-Nov-03,24:00:00,251.735665,0.000586,0.007957,0.002818,0.001829,0.0,0.00057,0.000586,0.312547,0.003472,0.003658,0.0,0.001328,0.000585,1.548803,0.004892,0.007915,0.0,0.00332
3321,02-Nov-03,24:00:00,266.901601,0.001284,0.23205,0.002654,0.0,0.0,0.00627,0.001283,6.851136,0.00327,0.0,0.0,0.012543,0.001282,7.255908,0.004607,0.0,0.0,0.027137
3322,03-Nov-03,24:00:00,253.779408,0.000893,0.023303,0.0025,0.0,0.0,0.00627,0.000892,0.40577,0.003079,0.0,0.0,0.012543,0.00089,0.004339,0.004339,0.0,0.0,0.027137
3323,04-Nov-03,24:00:00,250.834706,0.000539,0.002639,0.002354,0.0,0.0,0.00627,0.000538,0.0029,0.0029,0.0,0.0,0.012543,0.000537,0.004086,0.004086,0.0,0.0,0.027137
3324,05-Nov-03,24:00:00,239.190481,0.000501,0.002217,0.002217,0.0,0.0,0.00627,0.000501,0.002731,0.002731,0.0,0.0,0.012543,0.000501,0.003848,0.003848,0.0,0.0,0.027137
3325,06-Nov-03,24:00:00,215.27806,0.00061,0.002088,0.002088,0.0,0.0,0.00627,0.00061,0.002572,0.002572,0.0,0.0,0.012543,0.000609,0.003624,0.003624,0.0,0.0,0.027137
3326,07-Nov-03,24:00:00,300.47206,0.000456,7.079494,0.001966,0.089082,0.0,0.170549,0.000455,97.189846,0.002422,0.077827,0.0,0.147922,0.000454,64.0987,0.003413,0.066548,0.0,0.135577
3327,08-Nov-03,24:00:00,408.163542,0.000613,7.71325,0.001852,0.023618,0.0,0.377536,0.000612,108.235482,0.002281,0.027212,0.0,0.353267,0.000611,44.018132,0.003214,0.031074,0.0,0.337513
3328,09-Nov-03,24:00:00,231.356515,0.001045,0.935669,0.001744,0.0,0.0,0.392671,0.001044,11.420562,0.002148,0.0,0.0,0.372678,0.001043,0.372003,0.003027,0.0,0.0,0.36184
3329,10-Nov-03,24:00:00,198.8576,0.001189,0.03128,0.001642,0.0,0.0,0.392671,0.001188,0.216484,0.002023,0.0,0.0,0.372678,0.001186,0.002851,0.002851,0.0,0.0,0.36184
3330,11-Nov-03,24:00:00,198.045362,0.001255,0.001547,0.001547,0.0,0.0,0.392671,0.001254,0.001906,0.001906,0.0,0.0,0.372678,0.001253,0.002685,0.002685,0.0,0.0,0.36184
3331,12-Nov-03,24:00:00,196.245348,0.001022,0.001457,0.001457,0.0,0.0,0.39174,0.001021,0.001795,0.001795,0.0,0.0,0.371753,0.00102,0.002528,0.002528,0.0,0.0,0.360925
3332,13-Nov-03,24:00:00,200.182979,0.000687,0.353565,0.001372,0.011967,0.0,0.399211,0.000687,7.371906,0.00169,0.018387,0.0,0.38199,0.000686,10.285869,0.002381,0.024959,0.0,0.375106
3333,14-Nov-03,24:00:00,267.871422,0.000474,1.662557,0.001292,0.00358,0.0,0.442502,0.000473,38.965066,0.001592,0.005279,0.0,0.449288,0.000472,24.583348,0.002243,0.006416,0.0,0.464651
3334,15-Nov-03,24:00:00,203.073471,0.000457,0.158086,0.001217,0.0,0.0,0.442932,0.000457,2.567545,0.001499,0.0,0.0,0.450252,0.000456,0.002112,0.002112,0.0,0.0,0.465867
3335,16-Nov-03,24:00:00,194.989945,0.001093,0.003797,0.001146,0.0,0.0,0.442932,0.001092,0.005447,0.001412,0.0,0.0,0.450252,0.001092,0.001989,0.001989,0.0,0.0,0.465867
3336,17-Nov-03,24:00:00,195.404027,0.000977,0.001079,0.001079,0.0,0.0,0.442932,0.000976,0.00133,0.00133,0.0,0.0,0.450252,0.000975,0.001873,0.001873,0.0,0.0,0.465867
3337,18-Nov-03,24:00:00,195.947253,0.000912,0.001016,0.001016,0.0,0.0,0.442932,0.000912,0.001252,0.001252,0.0,0.0,0.450252,0.00091,0.001764,0.001764,0.0,0.0,0.465867
3338,19-Nov-03,24:00:00,196.432756,0.001123,0.000957,0.000957,0.0,0.0,0.441726,0.001121,0.001179,0.001179,0.0,0.0,0.449055,0.001119,0.001661,0.001661,0.0,0.0,0.464683
3339,20-Nov-03,24:00:00,197.380659,0.001072,0.000901,0.000901,0.0,0.0,0.438279,0.00107,0.00111,0.00111,0.0,0.0,0.445619,0.001068,0.001565,0.001565,0.0,0.0,0.461263
3340,21-Nov-03,24:00:00,197.513754,0.000966,0.000849,0.000849,0.0,0.0,0.434714,0.000964,0.001046,0.001046,0.0,0.0,0.442059,0.000963,0.001473,0.001473,0.0,0.0,0.45771
3341,22-Nov-03,24:00:00,197.486873,0.000891,0.000799,0.000799,0.0,0.0,0.431507,0.00089,0.000985,0.000985,0.0,0.0,0.438856,0.000888,0.001388,0.001388,0.0,0.0,0.454514
3342,23-Nov-03,24:00:00,198.814947,0.000986,0.000753,0.000753,0.0,0.0,0.428335,0.000985,0.000928,0.000928,0.0,0.0,0.435688,0.000983,0.001307,0.001307,0.0,0.0,0.451353
3343,24-Nov-03,24:00:00,199.890467,0.000881,0.000709,0.000709,0.0,0.0,0.425082,0.00088,0.000874,0.000874,0.0,0.0,0.43244,0.000878,0.001231,0.001231,0.0,0.0,0.448111
3344,25-Nov-03,24:00:00,199.996813,0.001018,0.000668,0.000668,0.0,0.0,0.421867,0.001017,0.000822,0.000822,0.0,0.0,0.429229,0.001015,0.001159,0.001159,0.0,0.0,0.444906
3345,26-Nov-03,24:00:00,202.409511,0.000866,0.000629,0.000629,0.0,0.0,0.418619,0.000865,0.000775,0.000775,0.0,0.0,0.425986,0.000863,0.001091,0.001091,0.0,0.0,0.441669
3346,27-Nov-03,24:00:00,203.975927,0.000476,0.000592,0.000592,0.0,0.0,0.416361,0.000475,0.00073,0.00073,0.0,0.0,0.423731,0.000475,0.001028,0.001028,0.0,0.0,0.43942
3347,28-Nov-03,24:00:00,247.040129,0.000357,1.220514,0.000558,0.013576,0.0,0.442529,0.000357,31.565012,0.000687,0.021142,0.0,0.466381,0.000357,31.778515,0.000968,0.029591,0.0,0.500925
3348,29-Nov-03,24:00:00,247.887206,0.000371,1.515585,0.000525,0.022075,0.0,0.48459,0.00037,22.503946,0.000647,0.018767,0.0,0.512088,0.00037,9.723161,0.000912,0.015852,0.0,0.552504
3349,30-Nov-03,24:00:00,301.055714,0.000389,5.922717,0.000495,0.053315,0.0,0.625941,0.000389,74.28417,0.00061,0.040424,0.0,0.625169,0.000389,33.310804,0.000859,0.023585,0.0,0.635729
3350,01-Dec-03,24:00:00,256.305581,0.000507,3.687486,0.000466,0.001142,0.0,0.724373,0.000506,37.71554,0.000574,0.000845,0.0,0.701126,0.000505,1.896486,0.000809,0.0,0.0,0.675158
3351,02-Dec-03,24:00:00,157.020542,0.000951,0.249727,0.000439,0.0,0.0,0.724373,0.00095,1.681602,0.00054,0.0,0.0,0.701126,0.000948,0.000762,0.000762,0.0,0.0,0.675158
3352,03-Dec-03,24:00:00,127.693769,0.000312,0.039012,0.000413,0.000987,0.0,0.72536,0.000311,0.984143,0.000509,0.001615,0.0,0.702615,0.00031,5.242811,0.000717,0.006,0.0,0.682333
3353,04-Dec-03,24:00:00,151.548474,0.000372,0.838129,0.000389,0.010608,0.0,0.747062,0.000372,17.397527,0.000479,0.014648,0.0,0.732162,0.00037,17.944864,0.000675,0.024702,0.0,0.735179
3354,05-Dec-03,24:00:00,248.316401,0.000375,6.051521,0.000366,0.062769,0.0,0.885301,0.000375,100.733129,0.000452,0.061214,0.0,0.877074,0.000374,73.647073,0.000636,0.059247,0.0,0.900768
3355,06-Dec-03,24:00:00,240.225357,0.000801,3.408529,0.000345,0.001132,0.0,0.982895,0.0008,43.297692,0.000425,0.002023,0.0,0.973119,0.000799,6.740947,0.000599,0.003258,0.0,0.993793
3356,07-Dec-03,24:00:00,138.222724,0.000689,0.217525,0.000325,0.0,0.0,0.983218,0.000688,1.866011,0.000401,0.0,0.0,0.973697,0.000686,0.000564,0.000564,0.0,0.0,0.994724
3357,08-Dec-03,24:00:00,190.396503,0.00036,28.974603,26.997594,0.032979,0.028084,0.99066,0.00036,37.050614,19.740344,0.029889,0.022218,0.98439,0.000359,206.813785,190.46201,0.02638,0.024841,0.996922
3358,09-Dec-03,24:00:00,3976.318621,0.000441,933.513089,628.479148,0.043112,0.043112,1.0,0.000441,1113.9105,713.436247,0.044808,0.044808,1.0,0.00044,2127.57375,1560.790833,0.047137,0.047137,1.0
3359,10-Dec-03,24:00:00,2609.35875,0.000974,767.932584,732.117152,0.0,0.0,1.0,0.000973,856.930685,796.723729,0.0,0.0,1.0,0.000971,551.297284,540.386382,0.0,0.0,1.0
3360,11-Dec-03,24:00:00,1088.50773,0.000279,330.297295,328.387857,0.02473,0.02473,1.0,0.000278,356.551359,333.351707,0.032623,0.032623,1.0,0.000278,569.020979,541.160204,0.036194,0.036194,1.0
3361,12-Dec-03,24:00:00,2914.530833,0.000346,543.173931,539.315572,0.033119,0.033119,1.0,0.000346,842.469573,774.227503,0.032143,0.032143,1.0,0.000346,1440.087575,1401.123479,0.035372,0.035372,1.0
3362,13-Dec-03,24:00:00,4500.224583,0.001057,1415.76529,897.387626,0.02326,0.02326,1.0,0.001056,1447.0717,1072.92701,0.022083,0.022083,1.0,0.001054,1503.505388,1304.446706,0.022083,0.022083,1.0
3363,14-Dec-03,24:00:00,1888.460833,0.00071,670.557203,596.83785,0.0,0.0,1.0,0.000709,634.530956,594.990099,0.0,0.0,1.0,0.000707,259.315828,259.315828,0.0,0.0,1.0
3364,15-Dec-03,24:00:00,817.606814,0.000787,241.365246,238.815977,0.0,0.0,1.0,0.000785,231.394012,231.074815,0.0,0.0,1.0,0.000783,220.182375,220.182375,0.0,0.0,1.0
3365,16-Dec-03,24:00:00,621.787346,0.000781,150.818014,150.818014,0.0,0.0,1.0,0.00078,163.854477,163.854477,0.0,0.0,1.0,0.000778,207.32873,207.32873,0.0,0.0,1.0
3366,17-Dec-03,24:00:00,570.563147,0.00093,131.199886,131.199886,0.0,0.0,0.999972,0.000928,148.688762,148.688762,0.0,0.0,0.999962,0.000925,195.254816,195.254816,0.0,0.0,0.999974
3367,18-Dec-03,24:00:00,612.173583,0.000339,139.44967,138.797311,0.023517,0.023234,0.999777,0.000338,179.124219,165.236696,0.024917,0.024626,0.999758,0.000337,441.434226,375.463958,0.025856,0.025577,0.999782
3368,19-Dec-03,24:00:00,2290.375,0.000395,465.646081,461.985937,0.028109,0.028109,1.0,0.000395,662.375734,608.146661,0.023753,0.023753,1.0,0.000394,1112.740628,1025.350234,0.020376,0.020376,1.0
3369,20-Dec-03,24:00:00,2278.647083,0.000698,678.532634,675.805202,0.0,0.0,1.0,0.000697,738.270747,707.167078,0.0,0.0,1.0,0.000696,591.764469,584.075032,0.0,0.0,1.0
3370,21-Dec-03,24:00:00,1753.676667,0.000687,361.209854,361.033909,0.0,0.0,1.0,0.000686,323.949275,322.598151,0.0,0.0,1.0,0.000684,224.515865,224.515865,0.0,0.0,1.0
3371,22-Dec-03,24:00:00,3348.259167,0.000419,368.545995,364.844916,0.055098,0.055098,1.0,0.000418,484.496797,425.113796,0.054205,0.054205,1.0,0.000417,1183.602608,1138.061313,0.054336,0.054336,1.0
3372,23-Dec-03,24:00:00,12150.20875,0.000447,2772.842793,1175.582617,0.040825,0.040825,1.0,0.000447,3453.53,1408.940292,0.040975,0.040975,1.0,0.000446,4863.9625,2050.58375,0.04115,0.04115,1.0
3373,24-Dec-03,24:00:00,4355.3825,0.000614,1287.626553,961.86157,0.0,0.0,1.0,0.000614,1314.992914,1010.125404,0.0,0.0,1.0,0.000612,499.747824,494.048202,0.0,0.0,1.0
3374,25-Dec-03,24:00:00,2075.175,0.000721,417.760864,403.086642,0.0,0.0,1.0,0.00072,395.57218,390.013589,0.0,0.0,1.0,0.000718,317.443829,317.443829,0.0,0.0,1.0
3375,26-Dec-03,24:00:00,2608.939167,0.00063,240.948989,240.948989,0.0,0.0,1.0,0.000628,253.918276,253.918276,0.0,0.0,1.0,0.000626,298.592515,298.592515,0.0,0.0,1.0
3376,27-Dec-03,24:00:00,1916.36125,0.00026,205.253569,205.252079,0.002573,0.002573,1.0,0.000259,226.445781,226.417125,0.002519,0.002519,1.0,0.000259,282.032982,281.982357,0.002606,0.002606,1.0
3377,28-Dec-03,24:00:00,10910.659167,0.000582,2837.617774,544.944528,0.053553,0.053553,1.0,0.000581,3578.295013,680.637718,0.053448,0.053448,1.0,0.00058,5995.82882,1641.440993,0.053355,0.053355,1.0
3378,29-Dec-03,24:00:00,7365.735417,0.000496,1726.489837,877.303983,0.0,0.0,1.0,0.000495,1796.714626,986.693375,0.0,0.0,1.0,0.000494,716.875579,642.084941,0.0,0.0,1.0
3379,30-Dec-03,24:00:00,2981.989167,0.000693,472.45881,425.002892,0.0,0.0,1.0,0.000692,447.243633,421.543743,0.0,0.0,1.0,0.00069,321.082648,321.082648,0.0,0.0,1.0
3380,31-Dec-03,24:00:00,4294.715417,0.000564,507.760407,473.27976,0.034528,0.034528,1.0,0.000563,1085.334224,555.415319,0.032712,0.032712,1.0,0.000562,2768.824964,1185.124051,0.032844,0.032844,1.0
3381,01-Jan-04,24:00:00,4492.366667,0.000401,679.51705,666.426044,0.003778,0.003778,1.0,0.0004,881.474444,736.691355,0.00642,0.00642,1.0,0.000399,722.311821,696.357119,0.009779,0.009779,1.0
3382,02-Jan-04,24:00:00,4930.59625,0.000756,391.978724,391.130217,0.0,0.0,1.0,0.000755,441.283228,434.392524,0.0,0.0,1.0,0.000753,371.64967,371.511669,0.0,0.0,1.0
3383,03-Jan-04,24:00:00,3602.239583,0.000654,251.309985,251.302241,0.0,0.0,1.0,0.000653,276.080484,275.990943,0.0,0.0,1.0,0.000651,313.963801,313.963801,0.0,0.0,1.0
3384,04-Jan-04,24:00:00,1693.785833,0.000751,212.515414,212.515414,0.0,0.0,1.0,0.00075,236.98189,236.98189,0.0,0.0,1.0,0.000748,295.617671,295.617671,0.0,0.0,1.0
3385,05-Jan-04,24:00:00,1078.3775,0.00083,196.718509,196.718509,0.0,0.0,1.0,0.000829,220.709358,220.709358,0.0,0.0,1.0,0.000827,278.40218,278.40218,0.0,0.0,1.0
3386,06-Jan-04,24:00:00,1077.351667,0.000412,189.137713,189.08335,0.000468,0.000468,1.0,0.000411,225.722907,223.358782,0.001304,0.001304,1.0,0.00041,368.767962,364.894505,0.003486,0.003486,1.0
3387,07-Jan-04,24:00:00,983.243057,0.000485,188.108589,187.952003,0.001464,0.001464,1.0,0.000484,211.395856,211.069961,0.0,0.0,1.0,0.000483,255.663591,255.663591,0.0,0.0,1.0
3388,08-Jan-04,24:00:00,1509.246198,0.000529,332.803156,262.593838,0.02805,0.02805,1.0,0.000529,386.888394,292.852271,0.026891,0.026891,1.0,0.000528,902.116839,717.074578,0.025091,0.025091,1.0
3389,09-Jan-04,24:00:00,2517.902083,0.000578,622.143576,555.157802,0.0,0.0,1.0,0.000577,688.159782,624.645061,0.0,0.0,1.0,0.000576,546.119049,528.888423,0.0,0.0,1.0
3390,10-Jan-04,24:00:00,1234.59125,0.000563,319.223486,314.935797,0.0,0.0,1.0,0.000562,315.910352,313.308028,0.0,0.0,1.0,0.000561,250.430598,250.430598,0.0,0.0,1.0
3391,11-Jan-04,24:00:00,940.79951,0.000368,191.947016,191.947016,0.0,0.0,1.0,0.000368,201.411093,201.411093,0.0,0.0,1.0,0.000367,235.147256,235.147256,0.0,0.0,1.0
3392,12-Jan-04,24:00:00,867.812289,0.000843,161.581229,161.581229,0.0,0.0,1.0,0.000842,177.483302,177.483302,0.0,0.0,1.0,0.00084,221.452727,221.452727,0.0,0.0,1.0
3393,13-Jan-04,24:00:00,1348.654317,0.000399,163.844971,163.544183,0.003724,0.003724,1.0,0.000399,192.301132,186.908918,0.004034,0.004034,1.0,0.000398,264.291565,261.779967,0.002413,0.002413,1.0
3394,14-Jan-04,24:00:00,2393.772083,0.000794,192.816144,192.609273,0.0,0.0,1.0,0.000793,224.754362,221.921863,0.0,0.0,1.0,0.000792,219.005537,218.835893,0.0,0.0,1.0
3395,15-Jan-04,24:00:00,1742.772917,0.000454,152.199591,152.186763,0.0,0.0,1.0,0.000453,166.883109,166.772361,0.0,0.0,1.0,0.000453,188.730976,188.730976,0.0,0.0,1.0
3396,16-Jan-04,24:00:00,863.898734,0.000663,131.190141,131.190141,0.0,0.0,1.0,0.000662,145.066851,145.066851,0.0,0.0,1.0,0.00066,177.702497,177.702497,0.0,0.0,1.0
3397,17-Jan-04,24:00:00,588.794594,0.000729,121.431738,121.431738,0.0,0.0,1.0,0.000728,135.130379,135.130379,0.0,0.0,1.0,0.000727,167.353873,167.353873,0.0,0.0,1.0
3398,18-Jan-04,24:00:00,560.739453,0.001163,114.084781,114.084781,0.0,0.0,1.0,0.001162,127.12289,127.12289,0.0,0.0,1.0,0.00116,157.607938,157.607938,0.0,0.0,1.0
3399,19-Jan-04,24:00:00,577.475197,0.001044,107.410243,107.410243,0.0,0.0,0.998807,0.001043,119.708797,119.708797,0.0,0.0,0.998818,0.001041,148.429561,148.429561,0.0,0.0,0.998834
3400,20-Jan-04,24:00:00,861.271705,0.001027,101.152022,101.152022,0.0,0.0,0.995617,0.001026,112.736693,112.736693,0.0,0.0,0.99564,0.001024,139.785692,139.785692,0.0,0.0,0.995675
3401,21-Jan-04,24:00:00,887.423269,0.000863,95.261084,95.261084,0.0,0.0,0.992394,0.000862,106.171361,106.171361,0.0,0.0,0.992422,0.00086,131.645203,131.645203,0.0,0.0,0.992465
3402,22-Jan-04,24:00:00,621.624087,0.000711,89.71348,89.71348,0.0,0.0,0.989592,0.00071,99.988415,99.988415,0.0,0.0,0.989622,0.000709,123.978779,123.978779,0.0,0.0,0.989671
3403,23-Jan-04,24:00:00,497.537864,0.000702,84.488969,84.488969,0.0,0.0,0.988348,0.000701,95.134549,94.16554,0.000507,0.0,0.990117,0.0007,117.141938,116.758814,0.000345,0.0,0.989611
3404,24-Jan-04,24:00:00,477.826246,0.001091,79.568711,79.568711,0.0,0.0,0.988348,0.00109,88.759929,88.681763,0.0,0.0,0.990117,0.001089,109.959306,109.959306,0.0,0.0,0.989611
3405,25-Jan-04,24:00:00,750.70359,0.000513,74.934988,74.934988,0.0,0.0,0.988348,0.000512,83.522407,83.517337,0.000544,0.0,0.990195,0.000511,103.622405,103.555771,0.002053,0.0,0.989997
3406,26-Jan-04,24:00:00,1878.256948,0.000578,105.774792,104.70664,0.012177,0.008778,0.996455,0.000577,272.455504,236.808262,0.021925,0.019587,0.999789,0.000576,800.472701,769.381551,0.026711,0.025734,1.0
3407,27-Jan-04,24:00:00,2103.356667,0.000853,188.677351,188.07957,0.0,0.0,1.0,0.000852,367.480696,357.042731,0.0,0.0,1.0,0.000851,236.109449,235.303105,0.0,0.0,1.0
3408,28-Jan-04,24:00:00,1106.939885,0.000721,109.008982,108.972892,0.0,0.0,1.0,0.00072,150.490621,150.150212,0.0,0.0,1.0,0.000718,125.881171,125.881171,0.0,0.0,1.0
3409,29-Jan-04,24:00:00,583.73102,0.000971,74.236985,74.236985,0.0,0.0,1.0,0.000914,95.137887,95.137887,0.0,0.0,1.0,0.000912,118.350306,118.350306,0.0,0.0,1.0
3410,30-Jan-04,24:00:00,459.246958,0.001302,64.949231,64.949231,0.0,0.0,1.0,0.001275,84.040493,84.040493,0.0,0.0,1.0,0.001273,111.457953,111.457953,0.0,0.0,1.0
3411,31-Jan-04,24:00:00,464.192652,0.000395,60.521128,60.521128,0.0,0.0,1.0,0.000395,78.638278,78.638278,0.0,0.0,1.0,0.000395,104.967144,104.967144,0.0,0.0,1.0
3412,01-Feb-04,24:00:00,1344.778891,0.000461,399.715016,211.427013,0.049985,0.049985,1.0,0.00046,360.735189,249.095651,0.048433,0.048433,1.0,0.00046,892.7219,801.555554,0.047116,0.047116,1.0
3413,02-Feb-04,24:00:00,4818.685833,0.000538,990.19516,887.472062,0.018929,0.018929,1.0,0.000538,1199.883754,1085.20811,0.020768,0.020768,1.0,0.000537,1590.851496,1547.051905,0.024923,0.024923,1.0
3414,03-Feb-04,24:00:00,3226.84125,0.001239,580.146214,573.580526,0.0,0.0,1.0,0.001238,631.828183,621.728835,0.0,0.0,1.0,0.001238,266.409288,266.028138,0.0,0.0,1.0
3415,04-Feb-04,24:00:00,2029.097917,0.001216,215.602373,215.576087,0.0,0.0,1.0,0.001215,219.944503,219.782025,0.0,0.0,1.0,0.001214,189.305661,189.305661,0.0,0.0,1.0
3416,05-Feb-04,24:00:00,1197.176562,0.000674,128.865232,128.826002,0.002629,0.002629,1.0,0.000674,147.183594,146.376185,0.002781,0.002781,1.0,0.000673,188.680662,187.994815,0.00215,0.00215,1.0
3417,06-Feb-04,24:00:00,879.981906,0.001276,145.166917,144.861649,0.0,0.0,1.0,0.001275,181.594453,176.889711,0.0,0.0,1.0,0.001274,225.745995,224.043225,0.0,0.0,1.0
3418,07-Feb-04,24:00:00,661.863271,0.001159,121.58765,121.564622,0.0,0.0,1.0,0.001158,142.558636,142.323839,0.0,0.0,1.0,0.001157,161.682224,161.682224,0.0,0.0,1.0
3419,08-Feb-04,24:00:00,715.9817,0.00144,101.244598,101.244598,0.0,0.0,1.0,0.001439,119.833074,119.833074,0.0,0.0,1.0,0.001438,151.999729,151.999729,0.0,0.0,1.0
3420,09-Feb-04,24:00:00,915.784022,0.001429,92.653256,92.653256,0.0,0.0,0.998316,0.001428,110.796013,110.796013,0.0,0.0,0.998322,0.001427,143.147688,143.147688,0.0,0.0,0.998331
3421,10-Feb-04,24:00:00,1018.968471,0.001411,86.883031,86.883031,0.0,0.0,0.993801,0.00141,104.13932,104.13932,0.0,0.0,0.993815,0.001408,134.811411,134.811411,0.0,0.0,0.993835
3422,11-Feb-04,24:00:00,818.278188,0.001801,81.77992,81.77992,0.0,0.0,0.988519,0.0018,98.057757,98.057757,0.0,0.0,0.988536,0.001798,126.960602,126.960602,0.0,0.0,0.988561
3423,12-Feb-04,24:00:00,584.358647,0.000845,77.012894,77.012894,0.0,0.0,0.983639,0.000844,92.346049,92.346049,0.0,0.0,0.983659,0.000843,119.566988,119.566988,0.0,0.0,0.98369
3424,13-Feb-04,24:00:00,500.266646,0.001093,72.527569,72.527569,0.0,0.0,0.980447,0.001093,86.968143,86.968143,0.0,0.0,0.98047,0.001092,112.603946,112.603946,0.0,0.0,0.980504
3425,14-Feb-04,24:00:00,1040.545876,0.000532,135.638829,133.600364,0.025643,0.019345,0.99714,0.000531,267.771786,223.963011,0.035438,0.029146,0.997918,0.000531,810.778235,772.222552,0.044068,0.037786,0.997419
3426,15-Feb-04,24:00:00,5182.135417,0.000571,1229.810219,568.425497,0.061701,0.061701,1.0,0.000571,1760.529707,862.472678,0.061759,0.061759,1.0,0.00057,3110.326667,1796.175,0.06365,0.06365,1.0
3427,16-Feb-04,24:00:00,13492.386667,0.000617,4301.715,1312.562437,0.07,0.07,1.0,0.000617,4529.334167,1624.76625,0.07,0.07,1.0,0.000616,5191.062917,2337.69375,0.07,0.07,1.0
3428,17-Feb-04,24:00:00,9761.736667,0.001331,2859.145833,1471.625833,0.011981,0.011981,1.0,0.00133,2729.915833,1629.612917,0.009387,0.009387,1.0,0.001329,1594.034908,1320.353184,0.008365,0.008365,1.0
3429,18-Feb-04,24:00:00,4284.560833,0.001524,778.78425,696.927264,0.0,0.0,1.0,0.001523,705.471541,663.920116,0.0,0.0,1.0,0.001522,356.34153,356.34153,0.0,0.0,1.0
3430,19-Feb-04,24:00:00,4070.2475,0.001268,300.912752,300.908716,0.0,0.0,1.0,0.001268,306.146113,306.143889,0.0,0.0,1.0,0.001267,328.220852,328.220852,0.0,0.0,1.0
3431,20-Feb-04,24:00:00,3455.324167,0.000781,214.677122,214.677122,0.0,0.0,0.99891,0.00078,244.224135,244.224135,0.0,0.0,0.998915,0.000779,309.098815,309.098815,0.0,0.0,0.998913
3432,21-Feb-04,24:00:00,2653.007917,0.000772,192.782394,192.782394,0.0,0.0,0.996286,0.000771,225.689972,225.689972,0.0,0.0,0.996295,0.00077,291.098287,291.098287,0.0,0.0,0.996294
3433,22-Feb-04,24:00:00,1560.44125,0.001248,180.474482,180.474482,0.0,0.0,0.99304,0.001247,212.191723,212.191723,0.0,0.0,0.993051,0.001246,274.146034,274.146034,0.0,0.0,0.993053
3434,23-Feb-04,24:00:00,1265.34625,0.001305,212.555593,211.599232,0.008968,0.006222,0.997927,0.001304,284.332684,267.029878,0.010326,0.007584,0.997976,0.001302,540.511762,526.26109,0.013072,0.010331,0.997914
3435,24-Feb-04,24:00:00,4951.588333,0.001178,1572.812448,474.571048,0.056827,0.056827,1.0,0.001178,1678.828291,598.140094,0.057261,0.057261,1.0,0.001177,2279.858533,1385.990269,0.060384,0.060384,1.0
3436,25-Feb-04,24:00:00,5941.898333,0.00103,1515.7675,1146.573575,0.037196,0.037196,1.0,0.001029,1767.265417,1392.48375,0.037519,0.037519,1.0,0.001028,2087.417917,2008.342083,0.041612,0.041612,1.0
3437,26-Feb-04,24:00:00,4568.114583,0.001418,963.634294,942.11747,0.0,0.0,1.0,0.001417,1058.883116,1027.523007,0.0,0.0,1.0,0.001416,684.725452,679.388776,0.0,0.0,1.0
3438,27-Feb-04,24:00:00,4092.19125,0.001685,415.626481,415.531257,0.0,0.0,1.0,0.001684,422.929432,422.187216,0.0,0.0,1.0,0.001684,369.681443,369.681443,0.0,0.0,1.0
3439,28-Feb-04,24:00:00,3109.221667,0.001716,253.399471,253.399471,0.0,0.0,0.999183,0.001715,279.654085,279.654085,0.0,0.0,0.999186,0.001714,347.053919,347.053919,0.0,0.0,0.999192
3440,29-Feb-04,24:00:00,2555.612083,0.000983,247.150886,246.522448,0.007097,0.006444,0.999347,0.000983,307.364666,295.767454,0.008269,0.007618,0.999349,0.000982,517.896141,508.080738,0.009954,0.009307,0.999246
3441,01-Mar-04,24:00:00,2131.345417,0.002115,288.308025,287.965068,0.0,0.0,1.0,0.002115,358.628247,353.339287,0.0,0.0,1.0,0.002115,418.84922,417.603302,0.0,0.0,1.0
3442,02-Mar-04,24:00:00,1115.572203,0.001516,221.279539,221.25891,0.0,0.0,1.0,0.001515,255.932939,255.732912,0.0,0.0,1.0,0.001515,304.516638,304.516638,0.0,0.0,1.0
3443,03-Mar-04,24:00:00,799.10345,0.002032,188.875131,188.875131,0.0,0.0,0.997395,0.002032,219.395412,219.395412,0.0,0.0,0.997396,0.002032,286.544792,286.544792,0.0,0.0,0.99772
3444,04-Mar-04,24:00:00,729.507745,0.001959,174.514041,174.514041,0.0,0.0,0.990846,0.001958,203.963801,203.963801,0.0,0.0,0.990848,0.001957,269.857508,269.857508,0.0,0.0,0.991429
3445,05-Mar-04,24:00:00,685.608758,0.002247,163.916527,163.916527,0.0,0.0,0.983739,0.002247,191.839692,191.839692,0.0,0.0,0.983744,0.002247,254.142223,254.142223,0.0,0.0,0.984328
3446,06-Mar-04,24:00:00,648.516855,0.002234,154.322361,154.322361,0.0,0.0,0.975931,0.002234,180.648161,180.648161,0.0,0.0,0.975936,0.002234,239.342124,239.342124,0.0,0.0,0.97652
3447,07-Mar-04,24:00:00,614.732368,0.002417,145.330401,145.330401,0.0,0.0,0.968001,0.002417,170.126594,170.126594,0.0,0.0,0.968006,0.002417,225.403917,225.403917,0.0,0.0,0.96859
3448,08-Mar-04,24:00:00,591.857706,0.003057,136.866542,136.866542,0.0,0.0,0.959004,0.003057,160.21909,160.21909,0.0,0.0,0.959009,0.003057,212.277408,212.277408,0.0,0.0,0.959594
3449,09-Mar-04,24:00:00,580.329333,0.002461,128.896008,128.896008,0.0,0.0,0.949146,0.002461,150.888645,150.888645,0.0,0.0,0.949151,0.002461,199.915328,199.915328,0.0,0.0,0.949735
3450,10-Mar-04,24:00:00,559.759786,0.002444,121.389682,121.389682,0.0,0.0,0.94076,0.002444,142.10157,142.10157,0.0,0.0,0.940765,0.002444,188.27316,188.27316,0.0,0.0,0.94135
3451,11-Mar-04,24:00:00,545.501057,0.002665,114.320493,114.320493,0.0,0.0,0.932099,0.002665,133.826214,133.826214,0.0,0.0,0.932104,0.002665,177.308979,177.308979,0.0,0.0,0.932688
3452,12-Mar-04,24:00:00,540.061798,0.002522,107.662982,107.662982,0.0,0.0,0.923078,0.002522,126.032778,126.032778,0.0,0.0,0.923083,0.002522,166.983303,166.983303,0.0,0.0,0.923668
3453,13-Mar-04,24:00:00,523.408636,0.003192,101.393175,101.393175,0.0,0.0,0.913695,0.003192,118.693197,118.693197,0.0,0.0,0.913699,0.003192,157.258947,157.258947,0.0,0.0,0.914284
3454,14-Mar-04,24:00:00,500.287049,0.003115,95.488493,95.488493,0.0,0.0,0.902682,0.003115,111.78104,111.78104,0.0,0.0,0.902687,0.003115,148.100894,148.100894,0.0,0.0,0.903272
3455,15-Mar-04,24:00:00,572.085213,0.002691,89.927674,89.927674,0.0,0.0,0.892548,0.002691,105.271416,105.271416,0.0,0.0,0.892552,0.002691,139.476165,139.476165,0.0,0.0,0.893137
3456,16-Mar-04,24:00:00,521.642578,0.002442,84.690691,84.690691,0.0,0.0,0.883846,0.002442,99.140883,99.140883,0.0,0.0,0.883851,0.002442,131.353702,131.353702,0.0,0.0,0.884436
3457,17-Mar-04,24:00:00,448.758687,0.002919,79.758687,79.758687,0.0,0.0,0.874821,0.002919,93.367364,93.367364,0.0,0.0,0.874825,0.002919,123.704254,123.704254,0.0,0.0,0.87541
3458,18-Mar-04,24:00:00,431.689277,0.002716,75.1139,75.1139,0.0,0.0,0.864955,0.002716,87.930069,87.930069,0.0,0.0,0.86496,0.002716,116.500275,116.500275,0.0,0.0,0.865545
3459,19-Mar-04,24:00:00,416.203004,0.003094,70.739605,70.739605,0.0,0.0,0.855156,0.003094,82.809418,82.809418,0.0,0.0,0.855161,0.003094,109.715824,109.715824,0.0,0.0,0.855745
3460,20-Mar-04,24:00:00,401.676969,0.003009,66.620049,66.620049,0.0,0.0,0.844648,0.003009,77.986971,77.986971,0.0,0.0,0.844653,0.003009,103.326469,103.326469,0.0,0.0,0.845238
3461,21-Mar-04,24:00:00,388.055092,0.003178,62.740397,62.740397,0.0,0.0,0.83406,0.003178,73.445361,73.445361,0.0,0.0,0.834065,0.003178,97.3092,97.3092,0.0,0.0,0.83465
3462,22-Mar-04,24:00:00,375.284727,0.002637,59.086679,59.086679,0.0,0.0,0.82405,0.002637,69.168234,69.168234,0.0,0.0,0.824055,0.002637,91.642351,91.642351,0.0,0.0,0.82464
3463,23-Mar-04,24:00:00,363.316287,0.001708,55.645737,55.645737,0.0,0.0,0.816433,0.001708,65.140187,65.140187,0.0,0.0,0.816437,0.001708,86.305513,86.305513,0.0,0.0,0.817023
3464,24-Mar-04,24:00:00,377.16177,0.000829,54.218786,52.40518,0.030875,0.0,0.852891,0.000828,93.075508,61.346716,0.031016,0.0,0.853255,0.000828,112.018167,81.279469,0.032337,0.0,0.8558
3465,25-Mar-04,24:00:00,414.718091,0.0014,51.701792,49.353338,0.0,0.0,0.918063,0.001399,88.803052,57.77416,0.0,0.0,0.91855,0.001398,81.741427,76.546119,0.0,0.0,0.923668
3466,26-Mar-04,24:00:00,333.104906,0.002369,46.63273,46.479222,0.0,0.0,0.918063,0.002368,55.743847,54.409653,0.0,0.0,0.91855,0.002367,72.088417,72.088417,0.0,0.0,0.923668
3467,27-Mar-04,24:00:00,318.408348,0.002939,43.772482,43.772482,0.0,0.0,0.913988,0.002939,51.24108,51.24108,0.0,0.0,0.914479,0.002938,67.890313,67.890313,0.0,0.0,0.919602
3468,28-Mar-04,24:00:00,307.770252,0.003212,41.223369,41.223369,0.0,0.0,0.903875,0.003211,48.25703,48.25703,0.0,0.0,0.904369,0.00321,63.936687,63.936687,0.0,0.0,0.909497
3469,29-Mar-04,24:00:00,298.324135,0.002218,38.822706,38.822706,0.0,0.0,0.894486,0.002217,45.446758,45.446758,0.0,0.0,0.894982,0.002216,60.213302,60.213302,0.0,0.0,0.900114
3470,30-Mar-04,24:00:00,297.01785,0.002649,36.561846,36.561846,0.0,0.0,0.886179,0.002648,42.800143,42.800143,0.0,0.0,0.886677,0.002647,56.706751,56.706751,0.0,0.0,0.891812
3471,31-Mar-04,24:00:00,307.533223,0.002937,34.432649,34.432649,0.0,0.0,0.876602,0.002936,40.307656,40.307656,0.0,0.0,0.877102,0.002935,53.404405,53.404405,0.0,0.0,0.882241
3472,01-Apr-04,24:00:00,309.061957,0.003151,32.427447,32.427447,0.0,0.0,0.866126,0.00315,37.96032,37.96032,0.0,0.0,0.866628,0.003149,50.294373,50.294373,0.0,0.0,0.87177
3473,02-Apr-04,24:00:00,300.291023,0.003255,30.539018,30.539018,0.0,0.0,0.855209,0.003255,35.749682,35.749682,0.0,0.0,0.855713,0.003254,47.365455,47.365455,0.0,0.0,0.860859
3474,03-Apr-04,24:00:00,292.414468,0.00258,28.760564,28.760564,0.0,0.0,0.845165,0.002579,33.667781,33.667781,0.0,0.0,0.84567,0.002578,44.607104,44.607104,0.0,0.0,0.85082
3475,04-Apr-04,24:00:00,285.480591,0.001489,27.085678,27.085678,0.0,0.0,0.838071,0.001489,31.707121,31.707121,0.0,0.0,0.838579,0.001488,42.009387,42.009387,0.0,0.0,0.843733
3476,05-Apr-04,24:00:00,279.745791,0.002347,25.50833,25.50833,0.0,0.0,0.831534,0.002346,29.860641,29.860641,0.0,0.0,0.832044,0.002345,39.56295,39.56295,0.0,0.0,0.8372
3477,06-Apr-04,24:00:00,274.532234,0.003301,24.02284,24.02284,0.0,0.0,0.822049,0.0033,28.121692,28.121692,0.0,0.0,0.822561,0.003299,37.258982,37.258982,0.0,0.0,0.82772
3478,07-Apr-04,24:00:00,269.86795,0.003492,22.623858,22.623858,0.0,0.0,0.81037,0.003492,26.484011,26.484011,0.0,0.0,0.810883,0.003491,35.089187,35.089187,0.0,0.0,0.816046
3479,08-Apr-04,24:00:00,265.294094,0.003644,21.306346,21.306346,0.0,0.0,0.79823,0.003644,24.941702,24.941702,0.0,0.0,0.798745,0.003643,33.045751,33.045751,0.0,0.0,0.803911
3480,09-Apr-04,24:00:00,260.62431,0.003845,20.065561,20.065561,0.0,0.0,0.785499,0.003844,23.489209,23.489209,0.0,0.0,0.786016,0.003843,31.121315,31.121315,0.0,0.0,0.791186
3481,10-Apr-04,24:00:00,256.220334,0.003442,18.897033,18.897033,0.0,0.0,0.772721,0.003441,22.121304,22.121304,0.0,0.0,0.773241,0.003441,29.30895,29.30895,0.0,0.0,0.778415
3482,11-Apr-04,24:00:00,252.072783,0.002778,17.796555,17.796555,0.0,0.0,0.762194,0.002778,20.833058,20.833058,0.0,0.0,0.762714,0.002777,27.602128,27.602128,0.0,0.0,0.767891
3483,12-Apr-04,24:00:00,248.166766,0.002301,16.760163,16.760163,0.0,0.0,0.753195,0.0023,19.619835,19.619835,0.0,0.0,0.753717,0.002299,25.994705,25.994705,0.0,0.0,0.758898
3484,13-Apr-04,24:00:00,243.886452,0.00127,15.784127,15.784127,0.0,0.0,0.747039,0.00127,18.477264,18.477264,0.0,0.0,0.747564,0.001269,24.48089,24.48089,0.0,0.0,0.752893
3485,14-Apr-04,24:00:00,238.225206,0.001755,14.86493,14.86493,0.0,0.0,0.741839,0.001754,17.401232,17.401232,0.0,0.0,0.742364,0.001753,23.055233,23.055233,0.0,0.0,0.750997
3486,15-Apr-04,24:00:00,233.781199,0.001641,13.999264,13.999264,0.0,0.0,0.735917,0.001641,16.387862,16.387862,0.0,0.0,0.736444,0.00164,21.7126,21.7126,0.0,0.0,0.7502
3487,16-Apr-04,24:00:00,230.688871,0.002456,13.18401,13.18401,0.0,0.0,0.729058,0.002455,15.433507,15.433507,0.0,0.0,0.729585,0.002454,20.448156,20.448156,0.0,0.0,0.744856
3488,17-Apr-04,24:00:00,227.252444,0.000949,12.416233,12.416233,0.0,0.0,0.72307,0.000949,14.534729,14.534729,0.0,0.0,0.723599,0.000948,19.257348,19.257348,0.0,0.0,0.738873
3489,18-Apr-04,24:00:00,229.233836,0.000896,11.996493,11.693167,0.015113,0.0,0.730828,0.000896,21.606956,13.688292,0.016682,0.0,0.734119,0.000896,32.104783,18.135887,0.02345,0.0,0.755895
3490,19-Apr-04,24:00:00,278.116684,0.001879,12.842554,11.01221,0.001219,0.0,0.775993,0.001878,40.065212,12.891147,0.000982,0.0,0.781091,0.001878,29.168899,17.079734,0.0,0.0,0.816204
3491,20-Apr-04,24:00:00,228.634162,0.002245,10.518878,10.370908,0.0,0.0,0.775993,0.002245,13.549086,12.140425,0.0,0.0,0.781091,0.002244,20.326101,16.085088,0.003819,0.0,0.827043
3492,21-Apr-04,24:00:00,219.970129,0.00333,9.768054,9.766953,0.0,0.0,0.770901,0.003329,11.433421,11.433421,0.0,0.0,0.779398,0.003329,15.150763,15.148364,0.0,0.0,0.827633
3493,22-Apr-04,24:00:00,215.778033,0.003779,9.19817,9.19817,0.0,0.0,0.758745,0.003779,10.76759,10.76759,0.0,0.0,0.770288,0.003778,14.266192,14.266192,0.0,0.0,0.818566
3494,23-Apr-04,24:00:00,212.282676,0.003788,8.66251,8.66251,0.0,0.0,0.745672,0.003787,10.140534,10.140534,0.0,0.0,0.757216,0.003787,13.435393,13.435393,0.0,0.0,0.805497
3495,24-Apr-04,24:00:00,209.862158,0.004007,8.158044,8.158044,0.0,0.0,0.732323,0.004007,9.549995,9.549995,0.0,0.0,0.743868,0.004006,12.652977,12.652977,0.0,0.0,0.792152
3496,25-Apr-04,24:00:00,208.048418,0.004243,7.682957,7.682957,0.0,0.0,0.718371,0.004243,8.993847,8.993847,0.0,0.0,0.729918,0.004242,11.916124,11.916124,0.0,0.0,0.778204
3497,26-Apr-04,24:00:00,206.464331,0.0044,7.235536,7.235536,0.0,0.0,0.703556,0.004399,8.470086,8.470086,0.0,0.0,0.715104,0.004399,11.222183,11.222183,0.0,0.0,0.763392
3498,27-Apr-04,24:00:00,204.881845,0.004247,6.814171,6.814171,0.0,0.0,0.68871,0.004247,7.976826,7.976826,0.0,0.0,0.700259,0.004247,10.568653,10.568653,0.0,0.0,0.748548
3499,28-Apr-04,24:00:00,202.943215,0.003942,6.417344,6.417344,0.0,0.0,0.674562,0.003942,7.512292,7.512292,0.0,0.0,0.686112,0.003942,9.953182,9.953182,0.0,0.0,0.7344
3500,29-Apr-04,24:00:00,200.146589,0.004059,6.043627,6.043627,0.0,0.0,0.660907,0.004059,7.07481,7.07481,0.0,0.0,0.672456,0.004059,9.373554,9.373554,0.0,0.0,0.720744
3501,30-Apr-04,24:00:00,197.299434,0.004381,5.691673,5.691673,0.0,0.0,0.64665,0.004381,6.662804,6.662804,0.0,0.0,0.658199,0.004381,8.82768,8.82768,0.0,0.0,0.706488
3502,01-May-04,24:00:00,195.852621,0.004395,5.360216,5.360216,0.0,0.0,0.631389,0.004396,6.274793,6.274793,0.0,0.0,0.642938,0.004396,8.313596,8.313596,0.0,0.0,0.691226
3503,02-May-04,24:00:00,195.122626,0.00435,5.048061,5.048061,0.0,0.0,0.616391,0.00435,5.909377,5.909377,0.0,0.0,0.62794,0.004349,7.82945,7.82945,0.0,0.0,0.676229
3504,03-May-04,24:00:00,194.918625,0.004088,4.754085,4.754085,0.0,0.0,0.601935,0.004088,5.565242,5.565242,0.0,0.0,0.613484,0.004088,7.373498,7.373498,0.0,0.0,0.661773
3505,04-May-04,24:00:00,194.464335,0.003521,4.477228,4.477228,0.0,0.0,0.588688,0.003521,5.241147,5.241147,0.0,0.0,0.600237,0.003521,6.944098,6.944098,0.0,0.0,0.648526
3506,05-May-04,24:00:00,191.768692,0.003835,4.216495,4.216495,0.0,0.0,0.576338,0.003835,4.935926,4.935926,0.0,0.0,0.587886,0.003835,6.539706,6.539706,0.0,0.0,0.636175
3507,06-May-04,24:00:00,188.818067,0.001989,3.970945,3.970945,0.0,0.0,0.566149,0.001989,4.64848,4.64848,0.0,0.0,0.577698,0.001989,6.158863,6.158863,0.0,0.0,0.625985
3508,07-May-04,24:00:00,188.132233,0.003629,3.739695,3.739695,0.0,0.0,0.556577,0.003629,4.377774,4.377774,0.0,0.0,0.568127,0.003629,5.800198,5.800198,0.0,0.0,0.616416
3509,08-May-04,24:00:00,188.271158,0.003818,3.521912,3.521912,0.0,0.0,0.543763,0.003818,4.122832,4.122832,0.0,0.0,0.555313,0.003818,5.462421,5.462421,0.0,0.0,0.603604
3510,09-May-04,24:00:00,187.592573,0.003288,3.316812,3.316812,0.0,0.0,0.531469,0.003288,3.882737,3.882737,0.0,0.0,0.543018,0.003288,5.144314,5.144314,0.0,0.0,0.591308
3511,10-May-04,24:00:00,187.296337,0.003031,3.123656,3.123656,0.0,0.0,0.520512,0.003031,3.656624,3.656624,0.0,0.0,0.532061,0.003031,4.844732,4.844732,0.0,0.0,0.580351
3512,11-May-04,24:00:00,188.846658,0.004057,2.941748,2.941748,0.0,0.0,0.508752,0.004057,3.443678,3.443678,0.0,0.0,0.520302,0.004057,4.562597,4.562597,0.0,0.0,0.568591
3513,12-May-04,24:00:00,190.3009,0.004402,2.770434,2.770434,0.0,0.0,0.494448,0.004402,3.243134,3.243134,0.0,0.0,0.505998,0.004402,4.296892,4.296892,0.0,0.0,0.554287
3514,13-May-04,24:00:00,190.330176,0.00456,2.609096,2.609096,0.0,0.0,0.479023,0.00456,3.054268,3.054268,0.0,0.0,0.490573,0.00456,4.04666,4.04666,0.0,0.0,0.538862
3515,14-May-04,24:00:00,191.573547,0.004215,2.457154,2.457154,0.0,0.0,0.46415,0.004215,2.876402,2.876402,0.0,0.0,0.4757,0.004215,3.811001,3.811001,0.0,0.0,0.523988
3516,15-May-04,24:00:00,192.622212,0.004084,2.314061,2.314061,0.0,0.0,0.449572,0.004084,2.708893,2.708893,0.0,0.0,0.461121,0.004084,3.589065,3.589065,0.0,0.0,0.509409
3517,16-May-04,24:00:00,191.836756,0.001988,2.1793,2.1793,0.0,0.0,0.439076,0.001988,2.551139,2.551139,0.0,0.0,0.450624,0.001988,3.380054,3.380054,0.0,0.0,0.498913
3518,17-May-04,24:00:00,191.281954,0.003134,2.052388,2.052388,0.0,0.0,0.430267,0.003134,2.402572,2.402572,0.0,0.0,0.441816,0.003134,3.183215,3.183215,0.0,0.0,0.490107
3519,18-May-04,24:00:00,197.377862,0.003896,1.932866,1.932866,0.0,0.0,0.418281,0.003896,2.262657,2.262657,0.0,0.0,0.42983,0.003896,2.997839,2.997839,0.0,0.0,0.478121
3520,19-May-04,24:00:00,219.532043,0.003806,1.820304,1.820304,0.0,0.0,0.40498,0.003806,2.13089,2.13089,0.0,0.0,0.416529,0.003806,2.823258,2.823258,0.0,0.0,0.464821
3521,20-May-04,24:00:00,229.292758,0.003195,1.714298,1.714298,0.0,0.0,0.393202,0.003196,2.006797,2.006797,0.0,0.0,0.40475,0.003196,2.658845,2.658845,0.0,0.0,0.453041
3522,21-May-04,24:00:00,228.48176,0.00246,1.614465,1.614465,0.0,0.0,0.383396,0.00246,1.88993,1.88993,0.0,0.0,0.394943,0.00246,2.504006,2.504006,0.0,0.0,0.443233
3523,22-May-04,24:00:00,211.621856,0.003968,1.520446,1.520446,0.0,0.0,0.372303,0.003968,1.779869,1.779869,0.0,0.0,0.38385,0.003968,2.358183,2.358183,0.0,0.0,0.432141
3524,23-May-04,24:00:00,194.36068,0.004184,1.431902,1.431902,0.0,0.0,0.358355,0.004184,1.676218,1.676218,0.0,0.0,0.369902,0.004184,2.220854,2.220854,0.0,0.0,0.418192
3525,24-May-04,24:00:00,191.585,0.003829,1.348514,1.348514,0.0,0.0,0.344918,0.003829,1.578602,1.578602,0.0,0.0,0.356465,0.003829,2.091521,2.091521,0.0,0.0,0.404753
3526,25-May-04,24:00:00,210.650985,0.004369,1.269983,1.269983,0.0,0.0,0.330803,0.004369,1.486672,1.486672,0.0,0.0,0.342349,0.004369,1.96972,1.96972,0.0,0.0,0.390637
3527,26-May-04,24:00:00,223.724401,0.003506,1.196025,1.196025,0.0,0.0,0.316858,0.003506,1.400094,1.400094,0.0,0.0,0.328404,0.003506,1.855013,1.855013,0.0,0.0,0.376693
3528,27-May-04,24:00:00,223.412075,0.003274,1.126374,1.126374,0.0,0.0,0.305556,0.003274,1.318559,1.318559,0.0,0.0,0.317103,0.003274,1.746985,1.746985,0.0,0.0,0.365393
3529,28-May-04,24:00:00,222.619345,0.004197,1.060779,1.060779,0.0,0.0,0.29277,0.004197,1.241772,1.241772,0.0,0.0,0.304317,0.004197,1.645249,1.645249,0.0,0.0,0.352609
3530,29-May-04,24:00:00,223.3604,0.00477,0.999004,0.999004,0.0,0.0,0.277583,0.00477,1.169457,1.169457,0.0,0.0,0.28913,0.00477,1.549437,1.549437,0.0,0.0,0.337423
3531,30-May-04,24:00:00,223.539187,0.005119,0.940826,0.940826,0.0,0.0,0.26076,0.005119,1.101353,1.101353,0.0,0.0,0.272307,0.005118,1.459204,1.459204,0.0,0.0,0.320603
3532,31-May-04,24:00:00,223.941072,0.003404,0.886037,0.886037,0.0,0.0,0.245492,0.003404,1.037215,1.037215,0.0,0.0,0.257041,0.003404,1.374227,1.374227,0.0,0.0,0.305338
3533,01-Jun-04,24:00:00,222.934736,0.004902,0.834438,0.834438,0.0,0.0,0.231677,0.004901,0.976813,0.976813,0.0,0.0,0.243226,0.004901,1.294198,1.294198,0.0,0.0,0.291525
3534,02-Jun-04,24:00:00,228.594352,0.005086,0.785844,0.785844,0.0,0.0,0.214786,0.005086,0.919927,0.919927,0.0,0.0,0.226336,0.005085,1.21883,1.21883,0.0,0.0,0.274637
3535,03-Jun-04,24:00:00,240.539573,0.005215,0.74008,0.74008,0.0,0.0,0.197255,0.005214,0.866355,0.866355,0.0,0.0,0.208804,0.005214,1.147851,1.147851,0.0,0.0,0.257108
3536,04-Jun-04,24:00:00,246.74388,0.004795,0.696981,0.696981,0.0,0.0,0.17978,0.004795,0.815902,0.815902,0.0,0.0,0.191331,0.004794,1.081005,1.081005,0.0,0.0,0.239636
3537,05-Jun-04,24:00:00,247.460023,0.004382,0.656392,0.656392,0.0,0.0,0.16386,0.004382,0.768388,0.768388,0.0,0.0,0.175411,0.004381,1.018052,1.018052,0.0,0.0,0.223718
3538,06-Jun-04,24:00:00,246.727924,0.004123,0.618167,0.618167,0.0,0.0,0.149247,0.004123,0.72364,0.72364,0.0,0.0,0.160798,0.004122,0.958765,0.958765,0.0,0.0,0.209107
3539,07-Jun-04,24:00:00,244.395423,0.003373,0.582168,0.582168,0.0,0.0,0.136445,0.003373,0.681499,0.681499,0.0,0.0,0.147997,0.003373,0.902931,0.902931,0.0,0.0,0.196307
3540,08-Jun-04,24:00:00,243.086221,0.004114,0.548265,0.548265,0.0,0.0,0.127034,0.004114,0.641811,0.641811,0.0,0.0,0.139747,0.004113,0.850349,0.850349,0.0,0.0,0.189853
3541,09-Jun-04,24:00:00,243.547906,0.004261,0.516336,0.516336,0.0,0.0,0.113813,0.004261,0.604435,0.604435,0.0,0.0,0.127441,0.00426,0.800828,0.800828,0.0,0.0,0.179504
3542,10-Jun-04,24:00:00,243.826062,0.004639,0.486267,0.486267,0.0,0.0,0.098784,0.004639,0.569236,0.569236,0.0,0.0,0.112413,0.004639,0.754191,0.754191,0.0,0.0,0.164477
3543,11-Jun-04,24:00:00,243.725902,0.004802,0.457949,0.457949,0.0,0.0,0.082566,0.004802,0.536086,0.536086,0.0,0.0,0.096195,0.004802,0.710271,0.710271,0.0,0.0,0.148261
3544,12-Jun-04,24:00:00,241.820136,0.00475,0.43128,0.43128,0.0,0.0,0.065923,0.00475,0.504867,0.504867,0.0,0.0,0.079553,0.004749,0.668908,0.668908,0.0,0.0,0.13162
3545,13-Jun-04,24:00:00,241.152385,0.005069,0.406165,0.406165,0.0,0.0,0.049307,0.005069,0.475466,0.475466,0.0,0.0,0.062938,0.005069,0.629954,0.629954,0.0,0.0,0.115007
3546,14-Jun-04,24:00:00,242.036925,0.005177,0.382511,0.382511,0.0,0.0,0.031632,0.005177,0.447777,0.447777,0.0,0.0,0.045263,0.005176,0.593268,0.593268,0.0,0.0,0.097334
3547,15-Jun-04,24:00:00,242.35102,0.005378,0.360236,0.360236,0.0,0.0,0.013703,0.005378,0.4217,0.4217,0.0,0.0,0.027335,0.005378,0.558719,0.558719,0.0,0.0,0.079407
3548,16-Jun-04,24:00:00,242.278567,0.003573,0.339257,0.339257,0.0,0.0,0.001437,0.003573,0.397142,0.397142,0.0,0.0,0.01179,0.003572,0.526181,0.526181,0.0,0.0,0.063864
3549,17-Jun-04,24:00:00,242.805919,0.003732,0.3195,0.3195,0.0,0.0,0.0,0.003731,0.374014,0.374014,0.0,0.0,0.002233,0.003731,0.495539,0.495539,0.0,0.0,0.051476
3550,18-Jun-04,24:00:00,243.729182,0.004633,0.300894,0.300894,0.0,0.0,0.0,0.004633,0.352234,0.352234,0.0,0.0,0.0,0.004633,0.466681,0.466681,0.0,0.0,0.037421
3551,19-Jun-04,24:00:00,244.663095,0.00503,0.283371,0.283371,0.0,0.0,0.0,0.00503,0.331721,0.331721,0.0,0.0,0.0,0.00503,0.439504,0.439504,0.0,0.0,0.020654
3552,20-Jun-04,24:00:00,244.999133,0.005176,0.266869,0.266869,0.0,0.0,0.0,0.005176,0.312403,0.312403,0.0,0.0,0.0,0.005175,0.413909,0.413909,0.0,0.0,0.005198
3553,21-Jun-04,24:00:00,244.947174,0.004867,0.251328,0.251328,0.0,0.0,0.0,0.004867,0.29421,0.29421,0.0,0.0,0.0,0.004866,0.389805,0.389805,0.0,0.0,0.0
3554,22-Jun-04,24:00:00,245.493824,0.004566,0.236692,0.236692,0.0,0.0,0.0,0.004566,0.277077,0.277077,0.0,0.0,0.0,0.004565,0.367104,0.367104,0.0,0.0,0.0
3555,23-Jun-04,24:00:00,245.231729,0.004769,0.222908,0.222908,0.0,0.0,0.0,0.004769,0.260941,0.260941,0.0,0.0,0.0,0.004769,0.345726,0.345726,0.0,0.0,0.0
3556,24-Jun-04,24:00:00,248.408351,0.005188,0.209927,0.209927,0.0,0.0,0.0,0.005188,0.245745,0.245745,0.0,0.0,0.0,0.005188,0.325592,0.325592,0.0,0.0,0.0
3557,25-Jun-04,24:00:00,257.324908,0.005008,0.197701,0.197701,0.0,0.0,0.0,0.005008,0.231434,0.231434,0.0,0.0,0.0,0.005007,0.306631,0.306631,0.0,0.0,0.0
3558,26-Jun-04,24:00:00,261.628695,0.004986,0.186188,0.186188,0.0,0.0,0.0,0.004986,0.217956,0.217956,0.0,0.0,0.0,0.004985,0.288774,0.288774,0.0,0.0,0.0
3559,27-Jun-04,24:00:00,261.660343,0.00496,0.175345,0.175345,0.0,0.0,0.0,0.00496,0.205263,0.205263,0.0,0.0,0.0,0.004959,0.271957,0.271957,0.0,0.0,0.0
3560,28-Jun-04,24:00:00,262.224131,0.004103,0.165134,0.165134,0.0,0.0,0.0,0.004103,0.19331,0.19331,0.0,0.0,0.0,0.004102,0.25612,0.25612,0.0,0.0,0.0
3561,29-Jun-04,24:00:00,262.579511,0.003759,0.155517,0.155517,0.0,0.0,0.0,0.00376,0.182052,0.182052,0.0,0.0,0.0,0.003759,0.241205,0.241205,0.0,0.0,0.0
3562,30-Jun-04,24:00:00,262.551944,0.00477,0.146461,0.146461,0.0,0.0,0.0,0.00477,0.17145,0.17145,0.0,0.0,0.0,0.00477,0.227158,0.227158,0.0,0.0,0.0
3563,01-Jul-04,24:00:00,261.918078,0.005156,0.137932,0.137932,0.0,0.0,0.0,0.005155,0.161466,0.161466,0.0,0.0,0.0,0.005155,0.213929,0.213929,0.0,0.0,0.0
3564,02-Jul-04,24:00:00,261.496185,0.005107,0.129899,0.129899,0.0,0.0,0.0,0.005107,0.152063,0.152063,0.0,0.0,0.0,0.005106,0.201471,0.201471,0.0,0.0,0.0
3565,03-Jul-04,24:00:00,261.461107,0.00512,0.122334,0.122334,0.0,0.0,0.0,0.00512,0.143207,0.143207,0.0,0.0,0.0,0.00512,0.189738,0.189738,0.0,0.0,0.0
3566,04-Jul-04,24:00:00,262.035978,0.005173,0.11521,0.11521,0.0,0.0,0.0,0.005173,0.134868,0.134868,0.0,0.0,0.0,0.005172,0.178689,0.178689,0.0,0.0,0.0
3567,05-Jul-04,24:00:00,257.588179,0.005353,0.108501,0.108501,0.0,0.0,0.0,0.005352,0.127014,0.127014,0.0,0.0,0.0,0.005352,0.168283,0.168283,0.0,0.0,0.0
3568,06-Jul-04,24:00:00,249.022072,0.004469,0.102182,0.102182,0.0,0.0,0.0,0.004469,0.119617,0.119617,0.0,0.0,0.0,0.004469,0.158483,0.158483,0.0,0.0,0.0
3569,07-Jul-04,24:00:00,244.820806,0.003521,0.096232,0.096232,0.0,0.0,0.0,0.003521,0.112651,0.112651,0.0,0.0,0.0,0.003521,0.149254,0.149254,0.0,0.0,0.0
3570,08-Jul-04,24:00:00,244.348594,0.003354,0.090627,0.090627,0.0,0.0,0.0,0.003354,0.106091,0.106091,0.0,0.0,0.0,0.003354,0.140562,0.140562,0.0,0.0,0.0
3571,09-Jul-04,24:00:00,245.525253,0.004686,0.08535,0.08535,0.0,0.0,0.0,0.004686,0.099912,0.099912,0.0,0.0,0.0,0.004685,0.132376,0.132376,0.0,0.0,0.0
3572,10-Jul-04,24:00:00,245.687946,0.004844,0.080379,0.080379,0.0,0.0,0.0,0.004843,0.094094,0.094094,0.0,0.0,0.0,0.004843,0.124667,0.124667,0.0,0.0,0.0
3573,11-Jul-04,24:00:00,246.495351,0.004958,0.075698,0.075698,0.0,0.0,0.0,0.004958,0.088614,0.088614,0.0,0.0,0.0,0.004958,0.117407,0.117407,0.0,0.0,0.0
3574,12-Jul-04,24:00:00,247.255502,0.004814,0.07129,0.07129,0.0,0.0,0.0,0.004813,0.083454,0.083454,0.0,0.0,0.0,0.004813,0.11057,0.11057,0.0,0.0,0.0
3575,13-Jul-04,24:00:00,246.651177,0.00474,0.067138,0.067138,0.0,0.0,0.0,0.00474,0.078594,0.078594,0.0,0.0,0.0,0.00474,0.10413,0.10413,0.0,0.0,0.0
3576,14-Jul-04,24:00:00,246.846679,0.004939,0.063229,0.063229,0.0,0.0,0.0,0.004939,0.074017,0.074017,0.0,0.0,0.0,0.004938,0.098066,0.098066,0.0,0.0,0.0
3577,15-Jul-04,24:00:00,250.828455,0.004586,0.059547,0.059547,0.0,0.0,0.0,0.004586,0.069706,0.069706,0.0,0.0,0.0,0.004586,0.092355,0.092355,0.0,0.0,0.0
3578,16-Jul-04,24:00:00,259.79106,0.004627,0.056079,0.056079,0.0,0.0,0.0,0.004627,0.065647,0.065647,0.0,0.0,0.0,0.004626,0.086977,0.086977,0.0,0.0,0.0
3579,17-Jul-04,24:00:00,268.338387,0.004927,0.052813,0.052813,0.0,0.0,0.0,0.004927,0.061824,0.061824,0.0,0.0,0.0,0.004926,0.081912,0.081912,0.0,0.0,0.0
3580,18-Jul-04,24:00:00,272.344184,0.004931,0.049737,0.049737,0.0,0.0,0.0,0.004931,0.058224,0.058224,0.0,0.0,0.0,0.00493,0.077142,0.077142,0.0,0.0,0.0
3581,19-Jul-04,24:00:00,273.764751,0.004748,0.046841,0.046841,0.0,0.0,0.0,0.004748,0.054833,0.054833,0.0,0.0,0.0,0.004747,0.072649,0.072649,0.0,0.0,0.0
3582,20-Jul-04,24:00:00,274.159549,0.005209,0.044113,0.044113,0.0,0.0,0.0,0.005209,0.05164,0.05164,0.0,0.0,0.0,0.005208,0.068419,0.068419,0.0,0.0,0.0
3583,21-Jul-04,24:00:00,273.554761,0.005332,0.041544,0.041544,0.0,0.0,0.0,0.005332,0.048633,0.048633,0.0,0.0,0.0,0.005331,0.064434,0.064434,0.0,0.0,0.0
3584,22-Jul-04,24:00:00,272.552303,0.004875,0.039125,0.039125,0.0,0.0,0.0,0.004875,0.0458,0.0458,0.0,0.0,0.0,0.004874,0.060682,0.060682,0.0,0.0,0.0
3585,23-Jul-04,24:00:00,272.145528,0.004729,0.036846,0.036846,0.0,0.0,0.0,0.004728,0.043133,0.043133,0.0,0.0,0.0,0.004728,0.057148,0.057148,0.0,0.0,0.0
3586,24-Jul-04,24:00:00,272.130828,0.005127,0.034701,0.034701,0.0,0.0,0.0,0.005126,0.040621,0.040621,0.0,0.0,0.0,0.005126,0.05382,0.05382,0.0,0.0,0.0
3587,25-Jul-04,24:00:00,271.521399,0.005238,0.03268,0.03268,0.0,0.0,0.0,0.005238,0.038256,0.038256,0.0,0.0,0.0,0.005238,0.050686,0.050686,0.0,0.0,0.0
3588,26-Jul-04,24:00:00,271.122606,0.005065,0.030777,0.030777,0.0,0.0,0.0,0.005065,0.036028,0.036028,0.0,0.0,0.0,0.005065,0.047734,0.047734,0.0,0.0,0.0
3589,27-Jul-04,24:00:00,255.463353,0.004515,0.028984,0.028984,0.0,0.0,0.0,0.004515,0.03393,0.03393,0.0,0.0,0.0,0.004515,0.044954,0.044954,0.0,0.0,0.0
3590,28-Jul-04,24:00:00,221.204159,0.003961,0.027296,0.027296,0.0,0.0,0.0,0.003961,0.031954,0.031954,0.0,0.0,0.0,0.003962,0.042336,0.042336,0.0,0.0,0.0
3591,29-Jul-04,24:00:00,204.760851,0.004521,0.025707,0.025707,0.0,0.0,0.0,0.004522,0.030093,0.030093,0.0,0.0,0.0,0.004522,0.039871,0.039871,0.0,0.0,0.0
3592,30-Jul-04,24:00:00,204.701477,0.004445,0.02421,0.02421,0.0,0.0,0.0,0.004445,0.028341,0.028341,0.0,0.0,0.0,0.004445,0.037549,0.037549,0.0,0.0,0.0
3593,31-Jul-04,24:00:00,205.079373,0.004182,0.0228,0.0228,0.0,0.0,0.0,0.004182,0.02669,0.02669,0.0,0.0,0.0,0.004182,0.035362,0.035362,0.0,0.0,0.0
3594,01-Aug-04,24:00:00,200.22754,0.003599,0.021472,0.021472,0.0,0.0,0.0,0.0036,0.025136,0.025136,0.0,0.0,0.0,0.0036,0.033303,0.033303,0.0,0.0,0.0
3595,02-Aug-04,24:00:00,192.540688,0.004412,0.020222,0.020222,0.0,0.0,0.0,0.004412,0.023672,0.023672,0.0,0.0,0.0,0.004412,0.031363,0.031363,0.0,0.0,0.0
3596,03-Aug-04,24:00:00,187.58461,0.004648,0.019044,0.019044,0.0,0.0,0.0,0.004648,0.022293,0.022293,0.0,0.0,0.0,0.004648,0.029537,0.029537,0.0,0.0,0.0
3597,04-Aug-04,24:00:00,187.095602,0.004294,0.017935,0.017935,0.0,0.0,0.0,0.004294,0.020995,0.020995,0.0,0.0,0.0,0.004294,0.027817,0.027817,0.0,0.0,0.0
3598,05-Aug-04,24:00:00,187.065399,0.004312,0.016891,0.016891,0.0,0.0,0.0,0.004312,0.019772,0.019772,0.0,0.0,0.0,0.004312,0.026197,0.026197,0.0,0.0,0.0
3599,06-Aug-04,24:00:00,187.060472,0.004332,0.015907,0.015907,0.0,0.0,0.0,0.004332,0.018621,0.018621,0.0,0.0,0.0,0.004332,0.024671,0.024671,0.0,0.0,0.0
3600,07-Aug-04,24:00:00,187.056903,0.004814,0.014981,0.014981,0.0,0.0,0.0,0.004814,0.017537,0.017537,0.0,0.0,0.0,0.004814,0.023235,0.023235,0.0,0.0,0.0
3601,08-Aug-04,24:00:00,187.485522,0.00471,0.014108,0.014108,0.0,0.0,0.0,0.00471,0.016515,0.016515,0.0,0.0,0.0,0.00471,0.021882,0.021882,0.0,0.0,0.0
3602,09-Aug-04,24:00:00,188.427612,0.004492,0.013287,0.013287,0.0,0.0,0.0,0.004492,0.015554,0.015554,0.0,0.0,0.0,0.004492,0.020607,0.020607,0.0,0.0,0.0
3603,10-Aug-04,24:00:00,193.741063,0.004685,0.012513,0.012513,0.0,0.0,0.0,0.004685,0.014648,0.014648,0.0,0.0,0.0,0.004685,0.019407,0.019407,0.0,0.0,0.0
3604,11-Aug-04,24:00:00,204.230629,0.004807,0.011784,0.011784,0.0,0.0,0.0,0.004807,0.013795,0.013795,0.0,0.0,0.0,0.004807,0.018277,0.018277,0.0,0.0,0.0
3605,12-Aug-04,24:00:00,207.982863,0.004622,0.011098,0.011098,0.0,0.0,0.0,0.004622,0.012991,0.012991,0.0,0.0,0.0,0.004622,0.017213,0.017213,0.0,0.0,0.0
3606,13-Aug-04,24:00:00,212.251352,0.003773,0.010452,0.010452,0.0,0.0,0.0,0.003773,0.012235,0.012235,0.0,0.0,0.0,0.003773,0.01621,0.01621,0.0,0.0,0.0
3607,14-Aug-04,24:00:00,217.397868,0.004572,0.009843,0.009843,0.0,0.0,0.0,0.004572,0.011522,0.011522,0.0,0.0,0.0,0.004572,0.015266,0.015266,0.0,0.0,0.0
3608,15-Aug-04,24:00:00,219.609926,0.004467,0.00927,0.00927,0.0,0.0,0.0,0.004467,0.010851,0.010851,0.0,0.0,0.0,0.004467,0.014377,0.014377,0.0,0.0,0.0
3609,16-Aug-04,24:00:00,219.424335,0.0046,0.00873,0.00873,0.0,0.0,0.0,0.0046,0.010219,0.010219,0.0,0.0,0.0,0.0046,0.01354,0.01354,0.0,0.0,0.0
3610,17-Aug-04,24:00:00,219.639318,0.00467,0.008222,0.008222,0.0,0.0,0.0,0.00467,0.009624,0.009624,0.0,0.0,0.0,0.00467,0.012751,0.012751,0.0,0.0,0.0
3611,18-Aug-04,24:00:00,229.650879,0.004366,0.007743,0.007743,0.0,0.0,0.0,0.004366,0.009064,0.009064,0.0,0.0,0.0,0.004366,0.012009,0.012009,0.0,0.0,0.0
3612,19-Aug-04,24:00:00,243.744589,0.004227,0.007292,0.007292,0.0,0.0,0.0,0.004226,0.008536,0.008536,0.0,0.0,0.0,0.004226,0.01131,0.01131,0.0,0.0,0.0
3613,20-Aug-04,24:00:00,247.735636,0.004012,0.006867,0.006867,0.0,0.0,0.0,0.004012,0.008039,0.008039,0.0,0.0,0.0,0.004012,0.010651,0.010651,0.0,0.0,0.0
3614,21-Aug-04,24:00:00,247.036996,0.002648,0.006467,0.006467,0.0,0.0,0.0,0.002648,0.007571,0.007571,0.0,0.0,0.0,0.002647,0.010031,0.010031,0.0,0.0,0.0
3615,22-Aug-04,24:00:00,247.62481,0.004016,0.006091,0.006091,0.0,0.0,0.0,0.004016,0.00713,0.00713,0.0,0.0,0.0,0.004015,0.009446,0.009446,0.0,0.0,0.0
3616,23-Aug-04,24:00:00,247.413239,0.004045,0.005736,0.005736,0.0,0.0,0.0,0.004045,0.006715,0.006715,0.0,0.0,0.0,0.004044,0.008896,0.008896,0.0,0.0,0.0
3617,24-Aug-04,24:00:00,245.221626,0.003484,0.005402,0.005402,0.0,0.0,0.0,0.003483,0.006324,0.006324,0.0,0.0,0.0,0.003482,0.008378,0.008378,0.0,0.0,0.0
3618,25-Aug-04,24:00:00,243.437293,0.003971,0.005087,0.005087,0.0,0.0,0.0,0.00397,0.005955,0.005955,0.0,0.0,0.0,0.003969,0.00789,0.00789,0.0,0.0,0.0
3619,26-Aug-04,24:00:00,241.821276,0.003929,0.004791,0.004791,0.0,0.0,0.0,0.003929,0.005609,0.005609,0.0,0.0,0.0,0.003928,0.007431,0.007431,0.0,0.0,0.0
3620,27-Aug-04,24:00:00,247.047945,0.004218,0.004512,0.004512,0.0,0.0,0.0,0.004217,0.005282,0.005282,0.0,0.0,0.0,0.004216,0.006998,0.006998,0.0,0.0,0.0
3621,28-Aug-04,24:00:00,258.171174,0.004276,0.004249,0.004249,0.0,0.0,0.0,0.004276,0.004974,0.004974,0.0,0.0,0.0,0.004274,0.006591,0.006591,0.0,0.0,0.0
3622,29-Aug-04,24:00:00,262.333495,0.004296,0.004002,0.004002,0.0,0.0,0.0,0.004295,0.004685,0.004685,0.0,0.0,0.0,0.004293,0.006207,0.006207,0.0,0.0,0.0
3623,30-Aug-04,24:00:00,261.418494,0.004116,0.003769,0.003769,0.0,0.0,0.0,0.004115,0.004412,0.004412,0.0,0.0,0.0,0.004114,0.005845,0.005845,0.0,0.0,0.0
3624,31-Aug-04,24:00:00,260.418267,0.00404,0.003549,0.003549,0.0,0.0,0.0,0.00404,0.004155,0.004155,0.0,0.0,0.0,0.004038,0.005505,0.005505,0.0,0.0,0.0
3625,01-Sep-04,24:00:00,260.621024,0.004084,0.003343,0.003343,0.0,0.0,0.0,0.004083,0.003913,0.003913,0.0,0.0,0.0,0.004082,0.005184,0.005184,0.0,0.0,0.0
3626,02-Sep-04,24:00:00,260.403531,0.004223,0.003148,0.003148,0.0,0.0,0.0,0.004222,0.003685,0.003685,0.0,0.0,0.0,0.004221,0.004882,0.004882,0.0,0.0,0.0
3627,03-Sep-04,24:00:00,253.398308,0.004007,0.002965,0.002965,0.0,0.0,0.0,0.004006,0.00347,0.00347,0.0,0.0,0.0,0.004005,0.004598,0.004598,0.0,0.0,0.0
3628,04-Sep-04,24:00:00,243.065649,0.004101,0.002792,0.002792,0.0,0.0,0.0,0.0041,0.003268,0.003268,0.0,0.0,0.0,0.004098,0.00433,0.00433,0.0,0.0,0.0
3629,05-Sep-04,24:00:00,238.474784,0.004069,0.002629,0.002629,0.0,0.0,0.0,0.004069,0.003078,0.003078,0.0,0.0,0.0,0.004067,0.004078,0.004078,0.0,0.0,0.0
3630,06-Sep-04,24:00:00,238.016411,0.004107,0.002476,0.002476,0.0,0.0,0.0,0.004106,0.002899,0.002899,0.0,0.0,0.0,0.004105,0.003841,0.003841,0.0,0.0,0.0
3631,07-Sep-04,24:00:00,230.787639,0.004008,0.002332,0.002332,0.0,0.0,0.0,0.004007,0.00273,0.00273,0.0,0.0,0.0,0.004007,0.003617,0.003617,0.0,0.0,0.0
3632,08-Sep-04,24:00:00,220.671738,0.003964,0.002196,0.002196,0.0,0.0,0.0,0.003964,0.002571,0.002571,0.0,0.0,0.0,0.003964,0.003406,0.003406,0.0,0.0,0.0
3633,09-Sep-04,24:00:00,216.466103,0.003964,0.002068,0.002068,0.0,0.0,0.0,0.003964,0.002421,0.002421,0.0,0.0,0.0,0.003964,0.003208,0.003208,0.0,0.0,0.0
3634,10-Sep-04,24:00:00,215.412607,0.003922,0.001948,0.001948,0.0,0.0,0.0,0.003922,0.00228,0.00228,0.0,0.0,0.0,0.003922,0.003021,0.003021,0.0,0.0,0.0
3635,11-Sep-04,24:00:00,214.411809,0.003704,0.001834,0.001834,0.0,0.0,0.0,0.003704,0.002147,0.002147,0.0,0.0,0.0,0.003704,0.002845,0.002845,0.0,0.0,0.0
3636,12-Sep-04,24:00:00,214.013171,0.003574,0.001728,0.001728,0.0,0.0,0.0,0.003574,0.002023,0.002023,0.0,0.0,0.0,0.003574,0.00268,0.00268,0.0,0.0,0.0
3637,13-Sep-04,24:00:00,214.006178,0.003459,0.001627,0.001627,0.0,0.0,0.0,0.003459,0.001905,0.001905,0.0,0.0,0.0,0.003459,0.002524,0.002524,0.0,0.0,0.0
3638,14-Sep-04,24:00:00,191.8358,0.00402,0.001532,0.001532,0.0,0.0,0.0,0.00402,0.001794,0.001794,0.0,0.0,0.0,0.00402,0.002376,0.002376,0.0,0.0,0.0
3639,15-Sep-04,24:00:00,204.919513,0.003903,0.001443,0.001443,0.0,0.0,0.0,0.003903,0.001689,0.001689,0.0,0.0,0.0,0.003903,0.002238,0.002238,0.0,0.0,0.0
3640,16-Sep-04,24:00:00,234.756094,0.003483,0.001359,0.001359,0.0,0.0,0.0,0.003483,0.001591,0.001591,0.0,0.0,0.0,0.003483,0.002108,0.002108,0.0,0.0,0.0
3641,17-Sep-04,24:00:00,238.617574,0.003026,0.00128,0.00128,0.0,0.0,0.0,0.003026,0.001498,0.001498,0.0,0.0,0.0,0.003026,0.001985,0.001985,0.0,0.0,0.0
3642,18-Sep-04,24:00:00,244.575483,0.002219,0.001206,0.001206,0.0,0.0,0.0,0.002219,0.001411,0.001411,0.0,0.0,0.0,0.002218,0.001869,0.001869,0.0,0.0,0.0
3643,19-Sep-04,24:00:00,246.964321,0.002758,0.001135,0.001135,0.0,0.0,0.0,0.002758,0.001329,0.001329,0.0,0.0,0.0,0.002758,0.001761,0.001761,0.0,0.0,0.0
3644,20-Sep-04,24:00:00,247.00375,0.002269,0.001069,0.001069,0.0,0.0,0.0,0.002269,0.001251,0.001251,0.0,0.0,0.0,0.002269,0.001658,0.001658,0.0,0.0,0.0
3645,21-Sep-04,24:00:00,242.18966,0.003221,0.001007,0.001007,0.0,0.0,0.0,0.003221,0.001179,0.001179,0.0,0.0,0.0,0.003221,0.001562,0.001562,0.0,0.0,0.0
3646,22-Sep-04,24:00:00,237.852946,0.002896,0.000948,0.000948,0.0,0.0,0.0,0.002896,0.00111,0.00111,0.0,0.0,0.0,0.002896,0.001471,0.001471,0.0,0.0,0.0
3647,23-Sep-04,24:00:00,236.415195,0.003139,0.000893,0.000893,0.0,0.0,0.0,0.003139,0.001045,0.001045,0.0,0.0,0.0,0.003139,0.001385,0.001385,0.0,0.0,0.0
3648,24-Sep-04,24:00:00,236.009877,0.002836,0.000841,0.000841,0.0,0.0,0.0,0.002835,0.000984,0.000984,0.0,0.0,0.0,0.002834,0.001304,0.001304,0.0,0.0,0.0
3649,25-Sep-04,24:00:00,236.003032,0.003175,0.000792,0.000792,0.0,0.0,0.0,0.003175,0.000927,0.000927,0.0,0.0,0.0,0.003174,0.001228,0.001228,0.0,0.0,0.0
3650,26-Sep-04,24:00:00,231.790445,0.002972,0.000746,0.000746,0.0,0.0,0.0,0.002972,0.000873,0.000873,0.0,0.0,0.0,0.002971,0.001157,0.001157,0.0,0.0,0.0
3651,27-Sep-04,24:00:00,222.429508,0.002091,0.000702,0.000702,0.0,0.0,0.0,0.002091,0.000822,0.000822,0.0,0.0,0.0,0.002091,0.001089,0.001089,0.0,0.0,0.0
3652,28-Sep-04,24:00:00,218.677329,0.002086,0.000662,0.000662,0.0,0.0,0.0,0.002086,0.000774,0.000774,0.0,0.0,0.0,0.002086,0.001026,0.001026,0.0,0.0,0.0
3653,29-Sep-04,24:00:00,218.394478,0.002274,0.000623,0.000623,0.0,0.0,0.0,0.002274,0.000729,0.000729,0.0,0.0,0.0,0.002274,0.000966,0.000966,0.0,0.0,0.0
3654,30-Sep-04,24:00:00,218.008781,0.001943,0.000587,0.000587,0.0,0.0,0.0,0.001943,0.000687,0.000687,0.0,0.0,0.0,0.001943,0.00091,0.00091,0.0,0.0,0.0
3655,01-Oct-04,24:00:00,218.002128,0.002696,0.000553,0.000553,0.0,0.0,0.0,0.002696,0.000647,0.000647,0.0,0.0,0.0,0.002696,0.000857,0.000857,0.0,0.0,0.0
3656,02-Oct-04,24:00:00,218.001961,0.002902,0.00052,0.00052,0.0,0.0,0.0,0.002902,0.000609,0.000609,0.0,0.0,0.0,0.002902,0.000807,0.000807,0.0,0.0,0.0
3657,03-Oct-04,24:00:00,208.975348,0.00276,0.00049,0.00049,0.0,0.0,0.0,0.002759,0.000574,0.000574,0.0,0.0,0.0,0.002759,0.00076,0.00076,0.0,0.0,0.0
3658,04-Oct-04,24:00:00,196.462205,0.003199,0.000462,0.000462,0.0,0.0,0.0,0.003198,0.00054,0.00054,0.0,0.0,0.0,0.003197,0.000716,0.000716,0.0,0.0,0.0
3659,05-Oct-04,24:00:00,186.677867,0.002917,0.000435,0.000435,0.0,0.0,0.0,0.002916,0.000509,0.000509,0.0,0.0,0.0,0.002914,0.000674,0.000674,0.0,0.0,0.0
3660,06-Oct-04,24:00:00,180.263203,0.002641,0.00041,0.00041,0.0,0.0,0.0,0.00264,0.000479,0.000479,0.0,0.0,0.0,0.002638,0.000635,0.000635,0.0,0.0,0.0
3661,07-Oct-04,24:00:00,183.344901,0.002418,0.000386,0.000386,0.0,0.0,0.0,0.002417,0.000451,0.000451,0.0,0.0,0.0,0.002415,0.000598,0.000598,0.0,0.0,0.0
3662,08-Oct-04,24:00:00,190.682058,0.002386,0.000363,0.000363,0.0,0.0,0.0,0.002386,0.000425,0.000425,0.0,0.0,0.0,0.002384,0.000563,0.000563,0.0,0.0,0.0
3663,09-Oct-04,24:00:00,191.473902,0.002481,0.000342,0.000342,0.0,0.0,0.0,0.00248,0.000401,0.000401,0.0,0.0,0.0,0.002479,0.00053,0.00053,0.0,0.0,0.0
3664,10-Oct-04,24:00:00,190.619274,0.003104,0.000322,0.000322,0.0,0.0,0.0,0.003102,0.000377,0.000377,0.0,0.0,0.0,0.0031,0.000499,0.000499,0.0,0.0,0.0
3665,11-Oct-04,24:00:00,199.969821,0.002195,0.000303,0.000303,0.0,0.0,0.0,0.002193,0.000355,0.000355,0.0,0.0,0.0,0.002191,0.00047,0.00047,0.0,0.0,0.0
3666,12-Oct-04,24:00:00,214.600477,0.002414,0.000286,0.000286,0.0,0.0,0.0,0.002413,0.000334,0.000334,0.0,0.0,0.0,0.002411,0.000443,0.000443,0.0,0.0,0.0
3667,13-Oct-04,24:00:00,217.946647,0.002252,0.000269,0.000269,0.0,0.0,0.0,0.002251,0.000315,0.000315,0.0,0.0,0.0,0.002249,0.000417,0.000417,0.0,0.0,0.0
3668,14-Oct-04,24:00:00,227.628842,0.002399,0.000253,0.000253,0.0,0.0,0.0,0.002399,0.000296,0.000296,0.0,0.0,0.0,0.002398,0.000393,0.000393,0.0,0.0,0.0
3669,15-Oct-04,24:00:00,241.116283,0.000825,0.000238,0.000238,0.0,0.0,0.0,0.000824,0.000279,0.000279,0.0,0.0,0.0,0.000824,0.00037,0.00037,0.0,0.0,0.0
3670,16-Oct-04,24:00:00,252.213286,0.000793,0.695807,0.000225,0.011371,0.0,0.015316,0.000792,10.256952,0.000263,0.010232,0.0,0.013164,0.000791,9.839971,0.000348,0.010529,0.0,0.01339
3671,17-Oct-04,24:00:00,268.628172,0.001092,0.843008,0.000212,0.002674,0.0,0.039567,0.001092,10.508289,0.000248,0.002668,0.0,0.035658,0.00109,2.025769,0.000328,0.003601,0.0,0.036903
3672,18-Oct-04,24:00:00,413.729285,0.000747,8.599631,0.000199,0.07591,0.0,0.24448,0.000746,130.016849,0.000233,0.07521,0.0,0.233653,0.000745,85.761256,0.000309,0.077937,0.0,0.240374
3673,19-Oct-04,24:00:00,332.40942,0.000886,3.785377,0.000188,0.012187,0.0,0.346634,0.000885,51.116802,0.00022,0.011201,0.0,0.336872,0.000884,16.998672,0.000291,0.011085,0.0,0.349837
3674,20-Oct-04,24:00:00,225.388043,0.001627,0.345372,0.000177,0.0,0.0,0.350199,0.001627,3.296665,0.000207,0.0,0.0,0.340493,0.001627,0.000274,0.000274,0.0,0.0,0.353664
3675,21-Oct-04,24:00:00,215.222526,0.001306,0.008611,0.000166,0.0,0.0,0.350199,0.001306,0.021015,0.000195,0.0,0.0,0.340493,0.001305,0.000258,0.000258,0.0,0.0,0.353664
3676,22-Oct-04,24:00:00,225.471045,0.000881,0.280095,0.000157,0.003108,0.0,0.356171,0.00088,8.457918,0.000183,0.005644,0.0,0.351746,0.000879,8.588222,0.000243,0.007906,0.0,0.369847
3677,23-Oct-04,24:00:00,222.252033,0.001495,0.145984,0.000148,0.0,0.0,0.360857,0.001495,3.095551,0.000173,0.0,0.0,0.359844,0.001495,0.197141,0.000229,0.0,0.0,0.380769
3678,24-Oct-04,24:00:00,212.59528,0.001442,0.051038,0.000139,0.025794,0.0,0.366661,0.001441,1.024737,0.000163,0.027521,0.0,0.366079,0.00144,1.789407,0.000216,0.0323,0.0,0.388312
3679,25-Oct-04,24:00:00,346.61472,0.001279,5.693363,0.000131,0.019949,0.0,0.514748,0.001278,87.561342,0.000153,0.018573,0.0,0.515154,0.001277,51.68805,0.000203,0.015825,0.0,0.543594
3680,26-Oct-04,24:00:00,230.25686,0.001207,0.642145,0.000123,0.0,0.0,0.517689,0.001206,6.759518,0.000144,0.0,0.0,0.517879,0.001205,0.000191,0.000191,0.0,0.0,0.545768
3681,27-Oct-04,24:00:00,212.034392,0.00129,0.016302,0.000116,0.0,0.0,0.517689,0.001289,0.012605,0.000136,0.0,0.0,0.517879,0.001289,0.00018,0.00018,0.0,0.0,0.545768
3682,28-Oct-04,24:00:00,213.199087,0.001489,0.000109,0.000109,0.0,0.0,0.515989,0.001489,0.000128,0.000128,0.0,0.0,0.516182,0.001489,0.00017,0.00017,0.0,0.0,0.544076
3683,29-Oct-04,24:00:00,213.385356,0.001243,0.000103,0.000103,0.0,0.0,0.511946,0.001242,0.000121,0.000121,0.0,0.0,0.512142,0.001241,0.00016,0.00016,0.0,0.0,0.540041
3684,30-Oct-04,24:00:00,213.608653,0.001412,9.7e-05,9.7e-05,0.0,0.0,0.507297,0.001412,0.000114,0.000114,0.0,0.0,0.507496,0.001411,0.00015,0.00015,0.0,0.0,0.5354
3685,31-Oct-04,24:00:00,212.790244,0.001372,9.1e-05,9.1e-05,0.0,0.0,0.502511,0.001371,0.000107,0.000107,0.0,0.0,0.502712,0.00137,0.000142,0.000142,0.0,0.0,0.530621
3686,01-Nov-04,24:00:00,212.013505,0.001637,8.6e-05,8.6e-05,0.0,0.0,0.49756,0.001636,0.000101,0.000101,0.0,0.0,0.497765,0.001633,0.000134,0.000134,0.0,0.0,0.525679
3687,02-Nov-04,24:00:00,211.398631,0.001044,8.1e-05,8.1e-05,0.0,0.0,0.492908,0.001043,9.5e-05,9.5e-05,0.0,0.0,0.492944,0.001041,0.000126,0.000126,0.0,0.0,0.520866
3688,03-Nov-04,24:00:00,210.405135,0.000914,7.6e-05,7.6e-05,0.0,0.0,0.491507,0.000913,8.9e-05,8.9e-05,0.0,0.0,0.489639,0.000912,0.000118,0.000118,0.0,0.0,0.517568
3689,04-Nov-04,24:00:00,211.210463,0.001326,7.2e-05,7.2e-05,0.0,0.0,0.48888,0.001325,8.4e-05,8.4e-05,0.0,0.0,0.485762,0.001323,0.000111,0.000111,0.0,0.0,0.513694
3690,05-Nov-04,24:00:00,211.987075,0.001332,6.8e-05,6.8e-05,0.0,0.0,0.484382,0.001331,7.9e-05,7.9e-05,0.0,0.0,0.481267,0.001329,0.000105,0.000105,0.0,0.0,0.509205
3691,06-Nov-04,24:00:00,211.398382,0.000968,6.4e-05,6.4e-05,0.0,0.0,0.480528,0.000967,7.5e-05,7.5e-05,0.0,0.0,0.477416,0.000965,9.9e-05,9.9e-05,0.0,0.0,0.505358
3692,07-Nov-04,24:00:00,210.405072,0.000483,6e-05,6e-05,0.0,0.0,0.477972,0.000483,7e-05,7e-05,0.0,0.0,0.474864,0.000482,9.3e-05,9.3e-05,0.0,0.0,0.502809
3693,08-Nov-04,24:00:00,209.40524,0.000941,5.6e-05,5.6e-05,0.0,0.0,0.475518,0.00094,6.6e-05,6.6e-05,0.0,0.0,0.472413,0.000938,0.012792,8.8e-05,0.000829,0.0,0.500481
3694,09-Nov-04,24:00:00,230.390072,0.000544,0.872172,5.3e-05,0.021722,0.0,0.500034,0.000544,15.599127,6.2e-05,0.017673,0.0,0.498413,0.000543,12.653907,8.3e-05,0.013822,0.0,0.53058
3695,10-Nov-04,24:00:00,248.835519,0.000586,4.001085,5e-05,0.02164,0.0,0.595656,0.000585,27.933338,5.9e-05,0.005237,0.0,0.543865,0.000584,4.752743,7.8e-05,0.001025,0.0,0.552175
3696,11-Nov-04,24:00:00,218.448065,0.001032,1.129353,4.7e-05,0.0,0.0,0.622544,0.001031,3.716915,5.5e-05,0.0,0.0,0.549317,0.001029,7.3e-05,7.3e-05,0.0,0.0,0.552468
3697,12-Nov-04,24:00:00,211.943608,0.001315,0.058403,4.4e-05,0.0,0.0,0.622544,0.001314,0.091085,5.2e-05,0.0,0.0,0.549317,0.001312,6.9e-05,6.9e-05,0.0,0.0,0.552468
3698,13-Nov-04,24:00:00,210.792274,0.001118,4.2e-05,4.2e-05,0.0,0.0,0.622544,0.001117,4.9e-05,4.9e-05,0.0,0.0,0.549317,0.001116,6.5e-05,6.5e-05,0.0,0.0,0.552468
3699,14-Nov-04,24:00:00,209.411571,0.001035,3.9e-05,3.9e-05,0.0,0.0,0.622032,0.001034,4.6e-05,4.6e-05,0.0,0.0,0.548726,0.001032,6.1e-05,6.1e-05,0.0,0.0,0.550976
3700,15-Nov-04,24:00:00,207.803312,0.000814,3.7e-05,3.7e-05,0.0,0.0,0.619989,0.000813,4.4e-05,4.4e-05,0.0,0.0,0.54659,0.000811,5.8e-05,5.8e-05,0.0,0.0,0.548046
3701,16-Nov-04,24:00:00,207.615172,0.001057,3.5e-05,3.5e-05,0.0,0.0,0.61677,0.001056,4.1e-05,4.1e-05,0.0,0.0,0.543375,0.001055,5.4e-05,5.4e-05,0.0,0.0,0.544836
3702,17-Nov-04,24:00:00,207.993603,0.001394,3.3e-05,3.3e-05,0.0,0.0,0.612711,0.001393,3.9e-05,3.9e-05,0.0,0.0,0.539319,0.001391,5.1e-05,5.1e-05,0.0,0.0,0.540786
3703,18-Nov-04,24:00:00,208.601838,0.00084,3.1e-05,3.1e-05,0.0,0.0,0.608729,0.000839,3.6e-05,3.6e-05,0.0,0.0,0.535342,0.000837,4.8e-05,4.8e-05,0.0,0.0,0.536816
3704,19-Nov-04,24:00:00,207.789963,0.001182,2.9e-05,2.9e-05,0.0,0.0,0.605455,0.00118,3.4e-05,3.4e-05,0.0,0.0,0.532073,0.001177,4.5e-05,4.5e-05,0.0,0.0,0.533554
3705,20-Nov-04,24:00:00,207.013284,0.001064,2.8e-05,2.8e-05,0.0,0.0,0.601325,0.001062,3.2e-05,3.2e-05,0.0,0.0,0.527951,0.001059,4.3e-05,4.3e-05,0.0,0.0,0.529445
3706,21-Nov-04,24:00:00,207.00019,0.000946,2.6e-05,2.6e-05,0.0,0.0,0.597947,0.000945,3e-05,3e-05,0.0,0.0,0.524579,0.000942,4e-05,4e-05,0.0,0.0,0.526081
3707,22-Nov-04,24:00:00,203.389493,0.001014,2.4e-05,2.4e-05,0.0,0.0,0.594605,0.001013,2.9e-05,2.9e-05,0.0,0.0,0.521242,0.001011,3.8e-05,3.8e-05,0.0,0.0,0.522751
3708,23-Nov-04,24:00:00,190.905436,0.000972,2.3e-05,2.3e-05,0.0,0.0,0.591165,0.000971,2.7e-05,2.7e-05,0.0,0.0,0.517806,0.000969,3.6e-05,3.6e-05,0.0,0.0,0.519322
3709,24-Nov-04,24:00:00,167.146231,0.000374,2.2e-05,2.2e-05,0.0,0.0,0.588866,0.000374,2.5e-05,2.5e-05,0.0,0.0,0.51551,0.000373,3.4e-05,3.4e-05,0.0,0.0,0.517031
3710,25-Nov-04,24:00:00,151.601089,0.00061,2e-05,2e-05,0.0,0.0,0.587154,0.000609,2.4e-05,2.4e-05,0.0,0.0,0.513801,0.000607,3.2e-05,3.2e-05,0.0,0.0,0.515326
3711,26-Nov-04,24:00:00,163.107022,0.001224,1.422518,1.9e-05,0.012305,0.0,0.620939,0.001222,13.055094,2.2e-05,0.007263,0.0,0.533279,0.001221,2.089935,3e-05,0.001882,0.0,0.519526
3712,27-Nov-04,24:00:00,157.652381,0.000837,0.284724,1.8e-05,0.0,0.0,0.628298,0.000836,1.920787,2.1e-05,0.0,0.0,0.537662,0.000834,0.001641,2.8e-05,0.0,0.0,0.52074
3713,28-Nov-04,24:00:00,151.074236,0.000827,0.01271,1.7e-05,0.0,0.0,0.628298,0.000826,0.033526,2e-05,0.0,0.0,0.537662,0.000824,2.6e-05,2.6e-05,0.0,0.0,0.52074
3714,29-Nov-04,24:00:00,149.64151,0.000412,1.6e-05,1.6e-05,0.0,0.0,0.628298,0.000411,1.9e-05,1.9e-05,0.0,0.0,0.537662,0.00041,2.5e-05,2.5e-05,0.0,0.0,0.52074
3715,30-Nov-04,24:00:00,149.490415,0.000697,1.5e-05,1.5e-05,0.0,0.0,0.628298,0.000695,1.8e-05,1.8e-05,0.0,0.0,0.537662,0.000693,2.3e-05,2.3e-05,0.0,0.0,0.52074
3716,01-Dec-04,24:00:00,149.08451,0.000815,1.4e-05,1.4e-05,0.0,0.0,0.627291,0.000814,1.7e-05,1.7e-05,0.0,0.0,0.536669,0.000812,2.2e-05,2.2e-05,0.0,0.0,0.519767
3717,02-Dec-04,24:00:00,148.106813,0.000834,1.3e-05,1.3e-05,0.0,0.0,0.624724,0.000833,1.6e-05,1.6e-05,0.0,0.0,0.534116,0.00083,2.1e-05,2.1e-05,0.0,0.0,0.517237
3718,03-Dec-04,24:00:00,148.437766,0.000537,1.3e-05,1.3e-05,0.0,0.0,0.622388,0.000536,1.5e-05,1.5e-05,0.0,0.0,0.531785,0.000535,2e-05,2e-05,0.0,0.0,0.514911
3719,04-Dec-04,24:00:00,149.809388,0.001078,1.2e-05,1.2e-05,0.0,0.0,0.619563,0.001076,1.4e-05,1.4e-05,0.0,0.0,0.528964,0.001073,1.8e-05,1.8e-05,0.0,0.0,0.512097
3720,05-Dec-04,24:00:00,157.666572,0.00029,0.813004,1.1e-05,0.059687,0.0,0.650152,0.00029,15.059602,1.3e-05,0.053491,0.0,0.557577,0.00029,18.936256,1.7e-05,0.049143,0.0,0.540024
3721,06-Dec-04,24:00:00,311.944685,0.000617,7.761949,1.1e-05,0.045986,0.0,0.852523,0.000617,102.843373,1.2e-05,0.047256,0.0,0.738726,0.000616,47.394436,1.6e-05,0.048353,0.0,0.705466
3722,07-Dec-04,24:00:00,5854.662201,0.000474,1903.542441,287.10719,0.048048,0.041995,1.0,0.000473,1717.211683,274.454204,0.072958,0.035554,0.992904,0.000473,2805.379727,859.867408,0.08012,0.034547,0.98889
3723,08-Dec-04,24:00:00,2653.48375,0.000866,847.403278,519.495465,0.0,0.0,1.0,0.000865,768.190032,522.424744,0.0,0.0,1.0,0.000864,237.958847,230.266881,0.0,0.0,1.0
3724,09-Dec-04,24:00:00,618.869436,0.00044,193.118102,178.389705,0.0,0.0,1.0,0.000439,154.105817,148.64683,0.0,0.0,1.0,0.000437,53.2095,53.2095,0.0,0.0,1.0
3725,10-Dec-04,24:00:00,331.945179,0.000636,64.425684,64.425684,0.0,0.0,1.0,0.000635,53.821031,53.821031,0.0,0.0,1.0,0.000633,49.762121,49.762121,0.0,0.0,1.0
3726,11-Dec-04,24:00:00,287.683948,0.000625,43.561169,43.561169,0.0,0.0,1.0,0.000624,40.315506,40.315506,0.0,0.0,1.0,0.000622,46.863913,46.863913,0.0,0.0,1.0
3727,12-Dec-04,24:00:00,276.018334,0.000375,38.855539,38.855539,0.0,0.0,1.0,0.000375,37.018607,37.018607,0.0,0.0,1.0,0.000374,44.13477,44.13477,0.0,0.0,1.0
3728,13-Dec-04,24:00:00,270.358621,0.000752,36.353954,36.353954,0.0,0.0,1.0,0.000751,34.787616,34.787616,0.0,0.0,1.0,0.000749,41.56456,41.56456,0.0,0.0,1.0
3729,14-Dec-04,24:00:00,266.018052,0.000694,34.212766,34.212766,0.0,0.0,0.999284,0.000693,32.756292,32.756292,0.0,0.0,0.999424,0.000691,39.144027,39.144027,0.0,0.0,0.999443
3730,15-Dec-04,24:00:00,259.287837,0.000814,32.218078,32.218078,0.0,0.0,0.997011,0.000812,30.848342,30.848342,0.0,0.0,0.997293,0.00081,36.864455,36.864455,0.0,0.0,0.997336
3731,16-Dec-04,24:00:00,252.491797,0.000813,30.341634,30.341634,0.0,0.0,0.994215,0.000811,29.051849,29.051849,0.0,0.0,0.994503,0.000809,34.717635,34.717635,0.0,0.0,0.994554
3732,17-Dec-04,24:00:00,246.883645,0.000812,28.574655,28.574655,0.0,0.0,0.991431,0.00081,27.359999,27.359999,0.0,0.0,0.991724,0.000808,32.695836,32.695836,0.0,0.0,0.991784
3733,18-Dec-04,24:00:00,241.647617,0.000875,26.910595,26.910595,0.0,0.0,0.988564,0.000873,25.766675,25.766675,0.0,0.0,0.988862,0.000871,30.791778,30.791778,0.0,0.0,0.98893
3734,19-Dec-04,24:00:00,236.718069,0.000745,25.343442,25.343442,0.0,0.0,0.985794,0.000744,24.26614,24.26614,0.0,0.0,0.986097,0.000743,28.998604,28.998604,0.0,0.0,0.986173
3735,20-Dec-04,24:00:00,232.075646,0.000841,23.867555,23.867555,0.0,0.0,0.983083,0.000839,22.85299,22.85299,0.0,0.0,0.98339,0.000837,27.309856,27.309856,0.0,0.0,0.983472
3736,21-Dec-04,24:00:00,228.727522,0.000823,22.477616,22.477616,0.0,0.0,0.980206,0.000821,21.522134,21.522134,0.0,0.0,0.980519,0.000819,25.719453,25.719453,0.0,0.0,0.98061
3737,22-Dec-04,24:00:00,226.557138,0.000857,21.168621,21.168621,0.0,0.0,0.977348,0.000855,20.268782,20.268782,0.0,0.0,0.977667,0.000853,24.221668,24.221668,0.0,0.0,0.977766
3738,23-Dec-04,24:00:00,224.16569,0.000809,19.935856,19.935856,0.0,0.0,0.974476,0.000808,19.08842,19.08842,0.0,0.0,0.9748,0.000805,22.811107,22.811107,0.0,0.0,0.974908
3739,24-Dec-04,24:00:00,233.57643,0.00079,18.774881,18.774881,0.0,0.0,0.972963,0.000789,17.976796,17.976796,0.0,0.0,0.973291,0.000786,115.444289,102.38999,0.019309,0.011541,0.985549
3740,25-Dec-04,24:00:00,1427.280402,0.000241,184.891126,94.126773,0.048531,0.040635,0.990973,0.00024,264.125865,150.90397,0.052135,0.044333,0.992347,0.00024,1337.566786,1275.002505,0.05676,0.05676,1.0
3741,26-Dec-04,24:00:00,6367.32625,0.000319,2217.601667,904.24983,0.067203,0.067203,1.0,0.000319,1959.695417,1187.402499,0.067239,0.067239,1.0,0.000318,2182.044167,2117.175,0.058135,0.058135,1.0
3742,27-Dec-04,24:00:00,4468.493333,0.000328,1479.177771,1191.346613,0.010387,0.010387,1.0,0.000328,1499.12929,1352.372071,0.011989,0.011989,1.0,0.000327,862.049129,845.228717,0.015509,0.015509,1.0
3743,28-Dec-04,24:00:00,2319.62125,0.00048,606.121529,591.651257,0.014295,0.014295,1.0,0.00048,679.04619,652.078452,0.017012,0.017012,1.0,0.000478,822.037125,799.52648,0.021715,0.021715,1.0
3744,29-Dec-04,24:00:00,3337.546667,0.000561,779.994806,676.96787,0.033609,0.033609,1.0,0.00056,1041.328066,840.850454,0.031844,0.031844,1.0,0.000558,1564.534166,1517.10104,0.035121,0.035121,1.0
3745,30-Dec-04,24:00:00,2548.254583,0.000228,702.245718,685.65598,0.014951,0.014951,1.0,0.000228,801.043023,758.648356,0.018227,0.018227,1.0,0.000227,799.258307,780.101267,0.019768,0.019768,1.0
3746,31-Dec-04,24:00:00,2273.164167,0.000323,554.145287,551.649251,0.005211,0.005211,1.0,0.000323,679.184073,649.587016,0.005469,0.005469,1.0,0.000323,697.567186,687.596203,0.004455,0.004455,1.0
3747,01-Jan-05,24:00:00,1387.889167,0.000365,349.197239,348.904925,0.001627,0.001627,1.0,0.000365,412.291467,405.517334,0.001895,0.001895,1.0,0.000364,398.076496,394.79595,0.002902,0.002902,1.0
3748,02-Jan-05,24:00:00,979.984548,0.000366,230.513848,230.299519,0.0,0.0,1.0,0.000365,252.66489,252.187363,0.0,0.0,1.0,0.000364,288.211858,288.211858,0.0,0.0,1.0
3749,03-Jan-05,24:00:00,836.261686,0.000347,183.910378,183.892133,0.0,0.0,1.0,0.000347,201.325564,201.321854,0.0,0.0,1.0,0.000346,269.376832,269.376832,0.0,0.0,1.0
3750,04-Jan-05,24:00:00,776.001446,0.000345,160.112357,160.112123,0.0,0.0,1.0,0.000345,184.683454,184.683454,0.0,0.0,1.0,0.000344,253.687045,253.687045,0.0,0.0,1.0
3751,05-Jan-05,24:00:00,737.514689,0.000375,148.342829,148.342829,0.0,0.0,1.0,0.000375,173.448223,173.448223,0.0,0.0,1.0,0.000374,238.913452,238.913452,0.0,0.0,1.0
3752,06-Jan-05,24:00:00,1154.55867,0.000569,260.05594,257.958188,0.024557,0.024557,1.0,0.000569,323.544485,294.091047,0.022288,0.022288,1.0,0.000568,691.895134,671.055295,0.020712,0.020712,1.0
3753,07-Jan-05,24:00:00,1964.89125,0.000412,498.370547,496.127115,0.017431,0.017431,1.0,0.000412,584.060602,551.154328,0.02019,0.02019,1.0,0.000412,807.064358,783.908317,0.02647,0.02647,1.0
3754,08-Jan-05,24:00:00,2186.067083,0.00033,495.254566,493.817273,0.0,0.0,1.0,0.000329,630.284323,604.627831,0.000824,0.000824,1.0,0.000329,721.539519,712.154872,0.000856,0.000856,1.0
3755,09-Jan-05,24:00:00,1036.708903,0.000406,275.020393,274.620774,0.017822,0.017822,1.0,0.000405,327.476974,321.42958,0.016343,0.016343,1.0,0.000405,316.34107,311.267039,0.014398,0.014398,1.0
3756,10-Jan-05,24:00:00,2363.65,0.00099,589.360365,585.126571,0.018508,0.018508,1.0,0.000989,721.965937,665.103587,0.01593,0.01593,1.0,0.000988,1044.684404,1019.36261,0.012962,0.012962,1.0
3757,11-Jan-05,24:00:00,2326.567083,0.00086,491.842338,491.322297,0.0,0.0,1.0,0.000859,492.819656,487.629852,0.0,0.0,1.0,0.000857,289.1635,289.156475,0.0,0.0,1.0
3758,12-Jan-05,24:00:00,2197.425,0.000764,240.662758,240.647882,0.0,0.0,1.0,0.000763,241.594571,241.544703,0.0,0.0,1.0,0.000762,258.404938,258.404938,0.0,0.0,1.0
3759,13-Jan-05,24:00:00,1505.813333,0.000816,173.552123,173.552123,0.0,0.0,1.0,0.000814,190.449883,190.449883,0.0,0.0,1.0,0.000813,243.339267,243.339267,0.0,0.0,1.0
3760,14-Jan-05,24:00:00,976.942518,0.000837,155.585785,155.585785,0.0,0.0,0.999883,0.000836,175.437272,175.437272,0.0,0.0,0.999895,0.000835,229.168272,229.168272,0.0,0.0,0.999905
3761,15-Jan-05,24:00:00,825.823249,0.000548,145.58209,145.58209,0.0,0.0,0.998879,0.000548,164.883793,164.883793,0.0,0.0,0.99891,0.000547,215.822544,215.822544,0.0,0.0,0.998938
3762,16-Jan-05,24:00:00,795.068852,0.001032,137.00355,137.00355,0.0,0.0,0.996137,0.001031,155.256014,155.256014,0.0,0.0,0.996171,0.00103,203.254011,203.254011,0.0,0.0,0.996202
3763,17-Jan-05,24:00:00,767.244833,0.001091,129.015159,129.015159,0.0,0.0,0.992505,0.00109,146.212787,146.212787,0.0,0.0,0.992542,0.001088,191.417413,191.417413,0.0,0.0,0.992578
3764,18-Jan-05,24:00:00,739.514011,0.000979,121.500969,121.500969,0.0,0.0,0.988962,0.000978,137.697891,137.697891,0.0,0.0,0.989003,0.000976,180.270125,180.270125,0.0,0.0,0.989043
3765,19-Jan-05,24:00:00,713.295674,0.000587,114.425216,114.425216,0.0,0.0,0.986192,0.000586,129.678979,129.678979,0.0,0.0,0.986234,0.000586,169.772005,169.772005,0.0,0.0,0.986278
3766,20-Jan-05,24:00:00,688.932795,0.001076,107.761599,107.761599,0.0,0.0,0.983425,0.001075,122.127059,122.127059,0.0,0.0,0.983469,0.001074,159.885248,159.885248,0.0,0.0,0.983514
3767,21-Jan-05,24:00:00,665.351356,0.001114,101.486049,101.486049,0.0,0.0,0.979703,0.001113,115.014929,115.014929,0.0,0.0,0.97975,0.001111,150.574251,150.574251,0.0,0.0,0.9798
3768,22-Jan-05,24:00:00,644.031008,0.001032,95.575958,95.575958,0.0,0.0,0.976136,0.00103,108.316977,108.316977,0.0,0.0,0.976187,0.001029,141.805485,141.805485,0.0,0.0,0.976243
3769,23-Jan-05,24:00:00,623.396303,0.001163,90.010045,90.010045,0.0,0.0,0.972327,0.001162,102.009084,102.009084,0.0,0.0,0.972382,0.001161,133.547372,133.547372,0.0,0.0,0.972444
3770,24-Jan-05,24:00:00,605.169553,0.000479,85.798269,85.599895,0.015295,0.006582,0.97647,0.000479,96.978479,96.068535,0.0084,0.0,0.973225,0.000478,126.006826,125.770175,0.004354,0.0,0.970598
3771,25-Jan-05,24:00:00,1835.596481,0.000616,407.164713,401.919919,0.03181,0.03181,1.0,0.000615,490.909112,417.903944,0.033684,0.033389,1.0,0.000614,961.399622,918.877132,0.034438,0.029706,0.999856
3772,26-Jan-05,24:00:00,1878.67375,0.000758,518.546541,517.411096,0.009012,0.009012,1.0,0.000758,546.503219,533.016607,0.008701,0.008701,1.0,0.000757,265.551491,264.252664,0.008668,0.008668,1.0
3773,27-Jan-05,24:00:00,3498.312083,0.000706,798.04771,568.82162,0.028547,0.028547,1.0,0.000705,949.853745,660.001457,0.029333,0.029333,1.0,0.000704,1484.686926,1270.915121,0.032008,0.032008,1.0
3774,28-Jan-05,24:00:00,2633.173333,0.000912,557.891254,529.175254,0.0,0.0,1.0,0.000911,599.537932,569.852978,0.0,0.0,1.0,0.00091,308.699889,307.692437,0.0,0.0,1.0
3775,29-Jan-05,24:00:00,1705.572083,0.00109,234.236806,233.378487,0.0,0.0,1.0,0.001077,229.404334,229.19783,0.0,0.0,1.0,0.001075,194.864225,194.864225,0.0,0.0,1.0
3776,30-Jan-05,24:00:00,1495.185417,0.001157,146.662602,146.662602,0.0,0.0,1.0,0.001152,153.673547,153.673547,0.0,0.0,1.0,0.00115,183.292427,183.292427,0.0,0.0,1.0
3777,31-Jan-05,24:00:00,1369.062083,0.001121,126.668362,126.668362,0.0,0.0,0.999861,0.00112,137.683652,137.683652,0.0,0.0,0.99989,0.00112,172.618112,172.618112,0.0,0.0,0.999897
3778,01-Feb-05,24:00:00,1140.95625,0.00154,117.876046,117.876046,0.0,0.0,0.997291,0.001539,129.039342,129.039342,0.0,0.0,0.997363,0.001537,162.56561,162.56561,0.0,0.0,0.997381
3779,02-Feb-05,24:00:00,885.76356,0.000715,110.857827,110.857827,0.0,0.0,0.993333,0.000714,121.475866,121.475866,0.0,0.0,0.993408,0.000713,153.098522,153.098522,0.0,0.0,0.993431
3780,03-Feb-05,24:00:00,693.42348,0.001291,104.386608,104.386608,0.0,0.0,0.989821,0.00129,114.39816,114.39816,0.0,0.0,0.989899,0.001289,144.182753,144.182753,0.0,0.0,0.989927
3781,04-Feb-05,24:00:00,621.256105,0.001343,98.306152,98.306152,0.0,0.0,0.985324,0.001342,107.735889,107.735889,0.0,0.0,0.985405,0.00134,135.786199,135.786199,0.0,0.0,0.985437
3782,05-Feb-05,24:00:00,599.295474,0.001467,92.581113,92.581113,0.0,0.0,0.980661,0.001466,101.461821,101.461821,0.0,0.0,0.980745,0.001465,127.878622,127.878622,0.0,0.0,0.980782
3783,06-Feb-05,24:00:00,580.800076,0.000851,87.189594,87.189594,0.0,0.0,0.976472,0.00085,95.55314,95.55314,0.0,0.0,0.976558,0.000849,120.431547,120.431547,0.0,0.0,0.976599
3784,07-Feb-05,24:00:00,561.217276,0.00058,82.112064,82.112064,0.0,0.0,0.974006,0.000579,89.988556,89.988556,0.0,0.0,0.974095,0.000578,113.418157,113.418157,0.0,0.0,0.97414
3785,08-Feb-05,24:00:00,543.813162,0.000943,77.330227,77.330227,0.0,0.0,0.971438,0.000943,84.748028,84.748028,0.0,0.0,0.971529,0.000941,106.813194,106.813194,0.0,0.0,0.971577
3786,09-Feb-05,24:00:00,527.732105,0.001388,72.826863,72.826863,0.0,0.0,0.967428,0.001387,79.812684,79.812684,0.0,0.0,0.967521,0.001386,100.592875,100.592875,0.0,0.0,0.967575
3787,10-Feb-05,24:00:00,513.020574,0.00135,68.585755,68.585755,0.0,0.0,0.962744,0.001349,75.164753,75.164753,0.0,0.0,0.962841,0.001347,94.734799,94.734799,0.0,0.0,0.9629
3788,11-Feb-05,24:00:00,499.9526,0.001169,64.592292,64.591629,0.001435,0.0,0.958571,0.001168,70.812656,70.787496,0.002584,0.0,0.958841,0.001166,89.27111,89.217871,0.003147,0.0,0.958994
3789,12-Feb-05,24:00:00,820.74064,0.000543,72.383859,70.706559,0.013458,0.002142,0.993844,0.000542,157.667776,122.636723,0.017304,0.007167,0.99689,0.000541,472.760973,444.105813,0.022874,0.013319,0.998233
3790,13-Feb-05,24:00:00,814.2396,0.000847,86.871442,86.486138,0.0,0.0,1.0,0.000846,174.403103,168.495411,0.0,0.0,1.0,0.000845,141.216364,141.009731,0.0,0.0,1.0
3791,14-Feb-05,24:00:00,537.071544,0.000994,64.520138,64.501744,0.0,0.0,1.0,0.000993,88.397242,88.263204,0.0,0.0,1.0,0.000992,94.867107,94.867107,0.0,0.0,1.0
3792,15-Feb-05,24:00:00,489.333631,0.000831,54.374528,54.374528,0.0,0.0,1.0,0.000831,66.393158,66.393158,0.0,0.0,1.0,0.000829,89.27789,89.27789,0.0,0.0,1.0
3793,16-Feb-05,24:00:00,472.446048,0.001391,50.124108,50.124108,0.0,0.0,1.0,0.00139,60.550347,60.550347,0.0,0.0,1.0,0.001389,84.078697,84.078697,0.0,0.0,1.0
3794,17-Feb-05,24:00:00,502.797751,0.000782,76.214911,75.67672,0.005885,0.005885,1.0,0.000782,74.809191,71.128649,0.002752,0.002752,1.0,0.000781,86.214132,85.88989,0.000315,0.000315,1.0
3795,18-Feb-05,24:00:00,929.887188,0.000752,241.274216,239.481845,0.022425,0.022425,1.0,0.000752,271.480312,245.680388,0.023216,0.023216,1.0,0.000751,256.375574,247.639705,0.016418,0.016418,1.0
3796,19-Feb-05,24:00:00,1863.227917,0.000731,427.300513,424.665245,0.010235,0.010235,1.0,0.00073,534.805915,495.849475,0.009175,0.009175,1.0,0.000729,634.209638,616.783345,0.007112,0.007112,1.0
3797,20-Feb-05,24:00:00,1159.700105,0.001296,345.2992,344.317861,0.004746,0.004746,1.0,0.001296,319.482216,313.153552,0.001174,0.001174,1.0,0.001295,114.123965,114.113489,0.0,0.0,1.0
3798,21-Feb-05,24:00:00,700.859032,0.001777,173.582815,173.482146,0.0,0.0,1.0,0.001777,131.803753,131.523485,0.0,0.0,1.0,0.001776,97.510325,97.510325,0.0,0.0,1.0
3799,22-Feb-05,24:00:00,725.990047,0.001671,94.697321,94.694259,0.0,0.0,0.999459,0.00167,87.979409,87.979409,0.0,0.0,0.999359,0.001669,91.818984,91.818984,0.0,0.0,0.99813
3800,23-Feb-05,24:00:00,893.071385,0.001287,75.777488,75.777488,0.0,0.0,0.996453,0.001286,78.497613,78.497613,0.0,0.0,0.996216,0.001286,86.471851,86.471851,0.0,0.0,0.993725
3801,24-Feb-05,24:00:00,929.244546,0.001164,69.517402,69.517402,0.0,0.0,0.992198,0.001163,73.52268,73.52268,0.0,0.0,0.991963,0.001162,81.43612,81.43612,0.0,0.0,0.989476
3802,25-Feb-05,24:00:00,916.409403,0.001697,65.25524,65.25524,0.0,0.0,0.987254,0.001697,69.208786,69.208786,0.0,0.0,0.987022,0.001696,76.693647,76.693647,0.0,0.0,0.984537
3803,26-Feb-05,24:00:00,1135.844708,0.000582,190.071555,112.122981,0.038329,0.033713,0.996222,0.000582,196.982621,100.38137,0.032208,0.027524,0.992401,0.000582,272.008058,226.728855,0.029036,0.023433,0.98828
3804,27-Feb-05,24:00:00,3056.254583,0.000967,758.970496,531.261155,0.001093,0.001093,1.0,0.000966,754.315415,547.519075,0.001386,0.001386,1.0,0.000965,711.102378,682.61131,0.001593,0.001593,1.0
3805,28-Feb-05,24:00:00,1509.401667,0.000881,326.833291,311.005858,0.016622,0.016622,1.0,0.000881,297.459429,283.259257,0.016405,0.016405,1.0,0.00088,200.688826,193.840367,0.016186,0.016186,1.0
3806,01-Mar-05,24:00:00,2293.679583,0.001283,358.53526,356.493422,0.000759,0.000759,1.0,0.001282,415.916541,388.160907,0.0,0.0,1.0,0.001281,519.296582,508.158414,0.0,0.0,1.0
3807,02-Mar-05,24:00:00,1416.135833,0.00142,232.482047,232.317847,0.0,0.0,1.0,0.00142,219.825423,218.383011,0.0,0.0,1.0,0.001418,119.32489,119.32489,0.0,0.0,1.0
3808,03-Mar-05,24:00:00,727.396616,0.001364,122.010826,122.009884,0.0,0.0,1.0,0.001364,114.784401,114.784401,0.0,0.0,1.0,0.001363,110.236432,110.236432,0.0,0.0,1.0
3809,04-Mar-05,24:00:00,498.257521,0.002162,94.716871,94.716871,0.0,0.0,0.999082,0.002162,94.6561,94.6561,0.0,0.0,0.998609,0.002162,103.814624,103.814624,0.0,0.0,0.996761
3810,05-Mar-05,24:00:00,474.775792,0.00232,86.364042,86.364042,0.0,0.0,0.99379,0.00232,87.796215,87.796215,0.0,0.0,0.99272,0.00232,97.768927,97.768927,0.0,0.0,0.989249
3811,06-Mar-05,24:00:00,415.274107,0.002314,81.003443,81.003443,0.0,0.0,0.9858,0.002314,82.570983,82.570983,0.0,0.0,0.98473,0.002314,92.075305,92.075305,0.0,0.0,0.981259
3812,07-Mar-05,24:00:00,343.339411,0.002498,76.251478,76.251478,0.0,0.0,0.977647,0.002498,77.754004,77.754004,0.0,0.0,0.976577,0.002498,86.713254,86.713254,0.0,0.0,0.973106
3813,08-Mar-05,24:00:00,306.583385,0.002964,71.80755,71.80755,0.0,0.0,0.968615,0.002964,73.225374,73.225374,0.0,0.0,0.967545,0.002964,81.663464,81.663464,0.0,0.0,0.964074
3814,09-Mar-05,24:00:00,293.0144,0.002667,67.625488,67.625488,0.0,0.0,0.958648,0.002667,68.961019,68.961019,0.0,0.0,0.957579,0.002667,76.907752,76.907752,0.0,0.0,0.954107
3815,10-Mar-05,24:00:00,287.510758,0.002471,63.687256,63.687256,0.0,0.0,0.949696,0.002471,64.945037,64.945037,0.0,0.0,0.948627,0.002471,72.428991,72.428991,0.0,0.0,0.945155
3816,11-Mar-05,24:00:00,287.294832,0.002047,59.978394,59.978394,0.0,0.0,0.941935,0.002047,61.162931,61.162931,0.0,0.0,0.940865,0.002046,68.211053,68.211053,0.0,0.0,0.937395
3817,12-Mar-05,24:00:00,281.523537,0.002112,56.485523,56.485523,0.0,0.0,0.935036,0.002112,57.601077,57.601077,0.0,0.0,0.933968,0.002112,64.238748,64.238748,0.0,0.0,0.9305
3818,13-Mar-05,24:00:00,271.797537,0.003038,53.19606,53.19606,0.0,0.0,0.925918,0.003038,54.24665,54.24665,0.0,0.0,0.924849,0.003038,60.497773,60.497773,0.0,0.0,0.921382
3819,14-Mar-05,24:00:00,263.887705,0.002428,50.098161,50.098161,0.0,0.0,0.916709,0.002428,51.087569,51.087569,0.0,0.0,0.91564,0.002428,56.974655,56.974655,0.0,0.0,0.912173
3820,15-Mar-05,24:00:00,253.398701,0.002337,47.18067,47.18067,0.0,0.0,0.908495,0.002337,48.112459,48.112459,0.0,0.0,0.907426,0.002337,53.656708,53.656708,0.0,0.0,0.903959
3821,16-Mar-05,24:00:00,243.18567,0.002192,44.43308,44.43308,0.0,0.0,0.900762,0.002192,45.310606,45.310606,0.0,0.0,0.899695,0.002191,50.531983,50.531983,0.0,0.0,0.896228
3822,17-Mar-05,24:00:00,235.094843,0.00096,41.846576,41.845498,0.001568,0.0,0.895356,0.000959,42.671921,42.671921,0.0,0.0,0.894037,0.000958,47.589228,47.589228,0.0,0.0,0.890574
3823,18-Mar-05,24:00:00,521.916497,0.000956,154.221494,148.348236,0.061913,0.032398,0.983437,0.000956,201.950042,124.269535,0.056226,0.024832,0.975773,0.000955,323.149272,275.020243,0.050992,0.018588,0.964463
3824,19-Mar-05,24:00:00,2657.797917,0.000804,650.054513,644.487884,0.038716,0.038716,1.0,0.000804,827.229134,731.638087,0.048687,0.048687,1.0,0.000803,1437.586826,1377.043656,0.056553,0.056553,1.0
3825,20-Mar-05,24:00:00,3221.34875,0.001267,755.631055,752.28153,0.022871,0.022871,1.0,0.001267,1013.809374,962.559585,0.022196,0.022196,1.0,0.001266,1056.247791,1034.670087,0.022644,0.022644,1.0
3826,21-Mar-05,24:00:00,3270.015,0.001359,997.382759,826.557915,0.035394,0.035394,1.0,0.001358,1023.710458,947.326238,0.033332,0.033332,1.0,0.001357,1183.509793,1149.063088,0.026828,0.026828,1.0
3827,22-Mar-05,24:00:00,3004.788333,0.001176,873.624534,850.873245,0.010914,0.010914,1.0,0.001176,990.190594,937.511951,0.012523,0.012523,1.0,0.001175,941.799367,918.082834,0.012541,0.012541,1.0
3828,23-Mar-05,24:00:00,1393.040622,0.001922,450.570892,449.715476,0.0,0.0,1.0,0.001922,467.214284,463.400323,0.0,0.0,1.0,0.001921,239.340046,239.340046,0.0,0.0,1.0
3829,24-Mar-05,24:00:00,776.95756,0.002434,215.66964,215.661725,0.0,0.0,0.998163,0.002433,221.630276,221.615599,0.0,0.0,0.998165,0.002433,215.940224,215.940224,0.0,0.0,0.998168
3830,25-Mar-05,24:00:00,650.754078,0.002158,161.152187,161.152187,0.0,0.0,0.9921,0.002158,176.364168,176.364168,0.0,0.0,0.992104,0.002158,203.353825,203.353825,0.0,0.0,0.99211
3831,26-Mar-05,24:00:00,1336.304768,0.001145,340.086139,174.58758,0.032918,0.028715,0.993,0.001145,526.790626,207.08409,0.034058,0.029856,0.993117,0.001144,1288.969843,476.950964,0.034567,0.030367,0.99312
3832,27-Mar-05,24:00:00,5137.48375,0.001882,1085.303468,608.175666,0.007212,0.007212,1.0,0.001881,1341.719928,793.833469,0.009796,0.009796,1.0,0.001881,1445.32691,1198.113873,0.012322,0.012322,1.0
3833,28-Mar-05,24:00:00,3300.49,0.002064,574.737674,540.113405,0.013495,0.013495,1.0,0.002064,716.295831,661.168693,0.016311,0.016311,1.0,0.002063,736.031244,718.206389,0.016063,0.016063,1.0
3834,29-Mar-05,24:00:00,2344.8575,0.002729,358.029698,357.725529,0.0,0.0,0.999318,0.002728,419.269907,415.146657,0.0,0.0,0.999319,0.002727,267.801749,267.771983,0.0,0.0,0.999322
3835,30-Mar-05,24:00:00,1432.073333,0.00286,203.594779,203.581676,0.0,0.0,0.993279,0.002859,226.514115,226.448763,0.0,0.0,0.993283,0.002858,234.426461,234.426461,0.0,0.0,0.993291
3836,31-Mar-05,24:00:00,1046.828128,0.002803,160.91201,160.91201,0.0,0.0,0.983534,0.002802,185.086289,185.086289,0.0,0.0,0.983541,0.002802,220.750388,220.750388,0.0,0.0,0.983551
3837,01-Apr-05,24:00:00,848.143763,0.002219,147.001447,147.001447,0.0,0.0,0.975071,0.002219,171.301396,171.301396,0.0,0.0,0.975078,0.002218,207.894862,207.894862,0.0,0.0,0.975092
3838,02-Apr-05,24:00:00,968.937263,0.000736,174.084952,172.137748,0.031042,0.022505,0.985224,0.000736,245.951201,211.751338,0.031979,0.023444,0.985622,0.000735,553.763071,522.300904,0.035145,0.026615,0.985987
3839,03-Apr-05,24:00:00,2510.815417,0.00243,449.145792,446.901414,0.0,0.0,1.0,0.002429,584.808316,554.25356,0.0,0.0,1.0,0.002428,690.525265,682.933457,0.0,0.0,1.0
3840,04-Apr-05,24:00:00,1670.03,0.002965,275.459952,275.312679,0.0,0.0,0.998489,0.002964,296.258511,294.9318,0.0,0.0,0.99849,0.002963,217.092618,217.092618,0.0,0.0,0.998494
3841,05-Apr-05,24:00:00,1209.608333,0.003234,162.213471,162.213471,0.0,0.0,0.990803,0.003234,178.618059,178.618059,0.0,0.0,0.990807,0.003233,202.592488,202.592488,0.0,0.0,0.990817
3842,06-Apr-05,24:00:00,1361.987917,0.001434,167.667606,166.608124,0.009713,0.005248,0.997972,0.001433,252.817773,230.990237,0.012586,0.008123,0.998305,0.001433,554.61626,535.642494,0.01734,0.01288,0.998389
3843,07-Apr-05,24:00:00,2149.547917,0.00145,326.786135,324.030249,0.030053,0.030053,1.0,0.00145,524.857208,469.683662,0.040614,0.040614,1.0,0.001449,1233.323257,1124.350481,0.046771,0.046771,1.0
3844,08-Apr-05,24:00:00,2921.360833,0.002306,546.605315,544.861358,0.000917,0.000917,1.0,0.002306,852.787988,818.946994,0.001222,0.001222,1.0,0.002305,843.83341,829.845436,0.001964,0.001964,1.0
3845,09-Apr-05,24:00:00,1258.467255,0.003044,288.528194,288.402101,0.0,0.0,0.998599,0.003043,368.560193,366.943573,0.0,0.0,0.9986,0.003043,256.375636,256.375636,0.0,0.0,0.998602
3846,10-Apr-05,24:00:00,1088.816606,0.00256,164.845212,164.844208,0.0,0.0,0.991886,0.00256,201.573776,201.573776,0.0,0.0,0.991889,0.002559,238.370366,238.370366,0.0,0.0,0.991897
3847,11-Apr-05,24:00:00,1229.197083,0.001541,135.538323,135.538323,0.0,0.0,0.984838,0.00154,170.533866,170.533866,0.0,0.0,0.984843,0.00154,224.485628,224.485628,0.0,0.0,0.984853
3848,12-Apr-05,24:00:00,1246.696667,0.001768,125.011801,125.011801,0.0,0.0,0.979181,0.001768,158.744322,158.744322,0.0,0.0,0.979188,0.001767,211.412594,211.412594,0.0,0.0,0.9792
3849,13-Apr-05,24:00:00,1215.501667,0.002962,117.432589,117.432589,0.0,0.0,0.97114,0.002962,149.348122,149.348122,0.0,0.0,0.971148,0.002961,199.100877,199.100877,0.0,0.0,0.971163
3850,14-Apr-05,24:00:00,973.934897,0.003249,110.563046,110.563046,0.0,0.0,0.960494,0.003249,140.639557,140.639557,0.0,0.0,0.960503,0.003248,187.506139,187.506139,0.0,0.0,0.960521
3851,15-Apr-05,24:00:00,728.012815,0.003378,104.121382,104.121382,0.0,0.0,0.949061,0.003377,132.448568,132.448568,0.0,0.0,0.949071,0.003376,176.586626,176.586626,0.0,0.0,0.949092
3852,16-Apr-05,24:00:00,642.559368,0.003114,98.057548,98.057548,0.0,0.0,0.937887,0.003113,124.735309,124.735309,0.0,0.0,0.937899,0.003112,166.303016,166.303016,0.0,0.0,0.937923
3853,17-Apr-05,24:00:00,620.772198,0.003169,92.347094,92.347094,0.0,0.0,0.927238,0.003169,117.471283,117.471283,0.0,0.0,0.927252,0.003168,156.618277,156.618277,0.0,0.0,0.927279
3854,18-Apr-05,24:00:00,599.909597,0.003391,86.969213,86.969213,0.0,0.0,0.916005,0.00339,110.630284,110.630284,0.0,0.0,0.91602,0.00339,147.497534,147.497534,0.0,0.0,0.916049
3855,19-Apr-05,24:00:00,580.496091,0.002667,81.904518,81.904518,0.0,0.0,0.905384,0.002666,104.187675,104.187675,0.0,0.0,0.9054,0.002666,138.907942,138.907942,0.0,0.0,0.905432
3856,20-Apr-05,24:00:00,562.644622,0.003416,77.134768,77.134768,0.0,0.0,0.895073,0.003415,98.120254,98.120254,0.0,0.0,0.895092,0.003414,130.818569,130.818569,0.0,0.0,0.895126
3857,21-Apr-05,24:00:00,545.591871,0.003534,72.642786,72.642786,0.0,0.0,0.883184,0.003534,92.406172,92.406172,0.0,0.0,0.883205,0.003534,123.200285,123.200285,0.0,0.0,0.883241
3858,22-Apr-05,24:00:00,528.98554,0.001592,68.412398,68.412398,0.0,0.0,0.874321,0.001593,87.024853,87.024853,0.0,0.0,0.874342,0.001592,116.025655,116.025655,0.0,0.0,0.87438
3859,23-Apr-05,24:00:00,512.977847,0.001496,64.428368,64.428368,0.0,0.0,0.868867,0.001496,81.956918,81.956918,0.0,0.0,0.868888,0.001496,109.268844,109.268844,0.0,0.0,0.868927
3860,24-Apr-05,24:00:00,498.497953,0.002986,60.67635,60.67635,0.0,0.0,0.861553,0.002985,77.184116,77.184116,0.0,0.0,0.861575,0.002985,102.905519,102.905519,0.0,0.0,0.861616
3861,25-Apr-05,24:00:00,485.287925,0.003349,57.142832,57.142832,0.0,0.0,0.850522,0.003349,72.689261,72.689261,0.0,0.0,0.850544,0.003349,96.912765,96.912765,0.0,0.0,0.850587
3862,26-Apr-05,24:00:00,472.30984,0.00257,53.815091,53.815091,0.0,0.0,0.840209,0.00257,68.456165,68.456165,0.0,0.0,0.840232,0.00257,91.269002,91.269002,0.0,0.0,0.840275
3863,27-Apr-05,24:00:00,460.320921,0.002565,50.681143,50.681143,0.0,0.0,0.831489,0.002565,64.469587,64.469587,0.0,0.0,0.831513,0.002564,85.953906,85.953906,0.0,0.0,0.831558
3864,28-Apr-05,24:00:00,448.848898,0.00258,47.729701,47.729701,0.0,0.0,0.822791,0.00258,60.715168,60.715168,0.0,0.0,0.822815,0.00258,80.948338,80.948338,0.0,0.0,0.822862
3865,29-Apr-05,24:00:00,437.682665,0.002869,44.950138,44.950138,0.0,0.0,0.813112,0.002868,57.17939,57.17939,0.0,0.0,0.813136,0.002868,76.234271,76.234271,0.0,0.0,0.813185
3866,30-Apr-05,24:00:00,427.76233,0.002802,42.332445,42.332445,0.0,0.0,0.803554,0.002801,53.84952,53.84952,0.0,0.0,0.803579,0.002801,71.794731,71.794731,0.0,0.0,0.80363
3867,01-May-05,24:00:00,418.846332,0.003731,39.867194,39.867194,0.0,0.0,0.792577,0.003731,50.713567,50.713567,0.0,0.0,0.792603,0.00373,67.613729,67.613729,0.0,0.0,0.792657
3868,02-May-05,24:00:00,409.912213,0.003614,37.545508,37.545508,0.0,0.0,0.780131,0.003614,47.760237,47.760237,0.0,0.0,0.779901,0.003614,63.67621,63.67621,0.0,0.0,0.779955
3869,03-May-05,24:00:00,404.246384,0.001828,35.718354,35.359027,0.017803,0.0,0.786632,0.001829,51.088227,44.978896,0.016965,0.0,0.782557,0.001828,67.840436,59.967994,0.017553,0.0,0.783039
3870,04-May-05,24:00:00,460.032222,0.002212,35.494268,33.299876,0.001776,0.0,0.841225,0.002212,80.995393,42.359528,0.005951,0.0,0.846735,0.002211,76.602077,56.475728,0.007644,0.0,0.854219
3871,05-May-05,24:00:00,395.10525,0.001657,31.542032,31.360642,0.0,0.0,0.841479,0.001656,42.493535,39.892699,0.0,0.0,0.848247,0.001656,53.186836,53.186836,0.0,0.0,0.856121
3872,06-May-05,24:00:00,383.648407,0.002824,29.53596,29.534339,0.0,0.0,0.837629,0.002824,37.576962,37.569528,0.0,0.0,0.844398,0.002824,50.089475,50.089475,0.0,0.0,0.852275
3873,07-May-05,24:00:00,430.147796,0.00115,30.560176,27.814392,0.040333,0.0,0.896048,0.00115,79.481558,35.381648,0.035987,0.0,0.901363,0.001151,80.338766,47.172489,0.031538,0.0,0.913284
3874,08-May-05,24:00:00,598.016213,0.00189,29.570221,26.194607,0.005978,0.0,0.988166,0.00189,96.501518,45.887121,0.013146,0.002346,0.991176,0.001889,172.784443,151.783923,0.017526,0.004575,0.988614
3875,09-May-05,24:00:00,757.641642,0.002976,25.012588,24.669151,0.0,0.0,0.991597,0.002975,76.05874,69.405181,0.0,0.0,1.0,0.002974,78.566911,78.213368,0.0,0.0,1.0
3876,10-May-05,24:00:00,578.624956,0.003699,23.240626,23.232531,0.0,0.0,0.986284,0.003699,40.981733,40.821042,0.0,0.0,0.994687,0.003699,46.493016,46.493016,0.0,0.0,0.994691
3877,11-May-05,24:00:00,436.446972,0.004045,21.879573,21.879573,0.0,0.0,0.97342,0.004045,31.59395,31.59395,0.0,0.0,0.981824,0.004045,43.730748,43.730748,0.0,0.0,0.98183
3878,12-May-05,24:00:00,381.033183,0.004196,20.605405,20.605405,0.0,0.0,0.959355,0.004196,28.908064,28.908064,0.0,0.0,0.967759,0.004196,41.184022,41.184022,0.0,0.0,0.967765
3879,13-May-05,24:00:00,375.494418,0.00413,19.405439,19.405439,0.0,0.0,0.944974,0.00413,27.14627,27.14627,0.0,0.0,0.953378,0.00413,38.78565,38.78565,0.0,0.0,0.953384
3880,14-May-05,24:00:00,369.850933,0.001512,18.275354,18.275354,0.0,0.0,0.935057,0.001512,25.559148,25.559148,0.0,0.0,0.943461,0.001512,36.526948,36.526948,0.0,0.0,0.943466
3881,15-May-05,24:00:00,364.71506,0.002858,17.21108,17.21108,0.0,0.0,0.927725,0.002857,24.070244,24.070244,0.0,0.0,0.93613,0.002857,34.399783,34.399783,0.0,0.0,0.936135
3882,16-May-05,24:00:00,479.616673,0.00121,34.877122,32.030174,0.032591,0.010002,0.982834,0.00121,143.562201,90.635264,0.041252,0.021113,0.988567,0.001209,114.459394,88.734057,0.034579,0.014443,0.979977
3883,17-May-05,24:00:00,9359.616793,0.001158,2151.054877,478.749324,0.07,0.07,1.0,0.001157,3075.770022,802.736792,0.07,0.07,1.0,0.001157,5443.420326,1789.167914,0.06845,0.06845,1.0
3884,18-May-05,24:00:00,7205.769167,0.002133,1820.42227,1006.138135,0.002205,0.002205,1.0,0.002133,1905.124766,1208.401501,0.000831,0.000831,1.0,0.002133,913.195729,831.204709,0.0,0.0,1.0
3885,19-May-05,24:00:00,2529.939583,0.003279,488.514329,440.188886,0.0,0.0,0.99856,0.003279,450.773364,427.62022,0.0,0.0,0.998561,0.003279,156.760199,156.760199,0.0,0.0,0.998561
3886,20-May-05,24:00:00,1281.51,0.004369,157.791874,157.791768,0.0,0.0,0.988915,0.004369,162.685692,162.685692,0.0,0.0,0.988915,0.004369,144.664745,144.664745,0.0,0.0,0.988917
3887,21-May-05,24:00:00,968.414878,0.004213,100.483363,100.483363,0.0,0.0,0.974054,0.004213,121.316519,121.316519,0.0,0.0,0.974054,0.004213,136.237234,136.237234,0.0,0.0,0.974055
3888,22-May-05,24:00:00,879.141404,0.004282,88.158427,88.158427,0.0,0.0,0.959542,0.004282,111.190686,111.190686,0.0,0.0,0.959542,0.004282,128.303389,128.303389,0.0,0.0,0.959543
3889,23-May-05,24:00:00,703.837928,0.004303,82.286537,82.286537,0.0,0.0,0.944684,0.004303,104.466101,104.466101,0.0,0.0,0.944684,0.004303,120.831578,120.831578,0.0,0.0,0.944685
3890,24-May-05,24:00:00,576.292393,0.004767,77.418372,77.418372,0.0,0.0,0.929258,0.004767,98.364064,98.364064,0.0,0.0,0.929258,0.004767,113.794891,113.794891,0.0,0.0,0.929259
3891,25-May-05,24:00:00,530.362987,0.004342,72.902517,72.902517,0.0,0.0,0.913772,0.004342,92.634512,92.634512,0.0,0.0,0.913772,0.004342,107.167989,107.167989,0.0,0.0,0.913772
3892,26-May-05,24:00:00,497.992721,0.004866,68.656325,68.656325,0.0,0.0,0.897968,0.004866,87.239812,87.239812,0.0,0.0,0.897968,0.004866,100.927008,100.927008,0.0,0.0,0.897969
3893,27-May-05,24:00:00,450.176133,0.003904,64.65803,64.65803,0.0,0.0,0.882516,0.003904,82.159353,82.159353,0.0,0.0,0.882515,0.003904,95.049473,95.049473,0.0,0.0,0.882516
3894,28-May-05,24:00:00,421.471459,0.003722,60.892632,60.892632,0.0,0.0,0.869513,0.003722,77.374762,77.374762,0.0,0.0,0.869513,0.003722,89.51422,89.51422,0.0,0.0,0.869514
3895,29-May-05,24:00:00,406.376971,0.004568,57.346519,57.346519,0.0,0.0,0.855522,0.004568,72.868804,72.868804,0.0,0.0,0.855522,0.004567,84.301315,84.301315,0.0,0.0,0.855526
3896,30-May-05,24:00:00,393.160693,0.004917,54.006916,54.006916,0.0,0.0,0.839599,0.004916,68.625253,68.625253,0.0,0.0,0.8396,0.004916,79.391986,79.391986,0.0,0.0,0.839606
3897,31-May-05,24:00:00,382.222977,0.004545,50.861796,50.861796,0.0,0.0,0.822983,0.004545,64.628828,64.628828,0.0,0.0,0.822984,0.004545,74.768555,74.768555,0.0,0.0,0.822992
3898,01-Jun-05,24:00:00,371.403258,0.004382,47.899835,47.899835,0.0,0.0,0.807754,0.004382,60.865136,60.865136,0.0,0.0,0.807756,0.004382,70.414371,70.414371,0.0,0.0,0.807765
3899,02-Jun-05,24:00:00,359.641841,0.004593,45.110364,45.110364,0.0,0.0,0.792486,0.004593,57.320624,57.320624,0.0,0.0,0.792489,0.004593,66.313755,66.313755,0.0,0.0,0.7925
3900,03-Jun-05,24:00:00,348.909379,0.004536,42.483339,42.483339,0.0,0.0,0.776838,0.004536,53.982529,53.982529,0.0,0.0,0.776841,0.004536,62.451941,62.451941,0.0,0.0,0.776854
3901,04-Jun-05,24:00:00,339.526378,0.004152,40.009301,40.009301,0.0,0.0,0.761383,0.004151,50.83883,50.83883,0.0,0.0,0.761386,0.004151,58.815021,58.815021,0.0,0.0,0.761401
3902,05-Jun-05,24:00:00,328.896778,0.003381,37.67934,37.67934,0.0,0.0,0.748667,0.003381,47.878206,47.878206,0.0,0.0,0.74867,0.003381,55.389899,55.389899,0.0,0.0,0.748688
3903,06-Jun-05,24:00:00,317.771961,0.003565,35.506494,35.485065,0.004998,0.0,0.739049,0.003565,45.750146,45.089995,0.006125,0.0,0.73962,0.003565,52.164241,52.164241,0.0,0.0,0.736763
3904,07-Jun-05,24:00:00,399.504271,0.001343,37.664299,33.418574,0.044764,0.0,0.836781,0.001343,123.452459,42.464156,0.054898,0.0,0.857597,0.001343,99.625101,49.12643,0.058401,0.0,0.826153
3905,08-Jun-05,24:00:00,402.782573,0.002383,34.001199,31.472427,0.0,0.0,0.903063,0.002383,82.633465,39.991235,0.0,0.0,0.941678,0.002382,60.663329,46.265528,0.0,0.0,0.930597
3906,09-Jun-05,24:00:00,301.058527,0.004157,29.798916,29.639615,0.0,0.0,0.900089,0.004157,39.469936,37.662326,0.0,0.0,0.938704,0.004157,43.571232,43.571232,0.0,0.0,0.927624
3907,10-Jun-05,24:00:00,288.182102,0.004257,27.913654,27.913537,0.0,0.0,0.888225,0.004257,35.469042,35.469042,0.0,0.0,0.92684,0.004256,41.03384,41.03384,0.0,0.0,0.915763
3908,11-Jun-05,24:00:00,280.964976,0.004546,26.287978,26.287978,0.0,0.0,0.873155,0.004546,33.403484,33.403484,0.0,0.0,0.911771,0.004546,38.644214,38.644214,0.0,0.0,0.900695
3909,12-Jun-05,24:00:00,275.370353,0.004419,24.757085,24.757085,0.0,0.0,0.857975,0.004419,31.458216,31.458216,0.0,0.0,0.896592,0.004418,36.393749,36.393749,0.0,0.0,0.885517
3910,13-Jun-05,24:00:00,270.295086,0.005143,23.315344,23.315344,0.0,0.0,0.84171,0.005143,29.626231,29.626231,0.0,0.0,0.880326,0.005142,34.274341,34.274341,0.0,0.0,0.869253
3911,14-Jun-05,24:00:00,265.159317,0.004606,21.957563,21.957563,0.0,0.0,0.824735,0.004605,27.900933,27.900933,0.0,0.0,0.863352,0.004605,32.278358,32.278358,0.0,0.0,0.852281
3912,15-Jun-05,24:00:00,261.365601,0.001041,20.778466,20.678854,0.002005,0.0,0.818505,0.001041,30.275272,26.276108,0.00408,0.0,0.859935,0.001041,33.93506,30.398612,0.003795,0.0,0.847353
3913,16-Jun-05,24:00:00,262.321274,0.001922,19.644062,19.47461,0.0,0.0,0.823045,0.001921,28.992793,24.745906,0.0,0.0,0.868775,0.001921,29.308863,28.628333,0.0,0.0,0.854893
3914,17-Jun-05,24:00:00,249.584569,0.001786,18.351727,18.340497,0.0,0.0,0.823045,0.001786,23.488946,23.304816,0.0,0.0,0.868775,0.001785,26.961148,26.961148,0.0,0.0,0.854893
3915,18-Jun-05,24:00:00,245.414085,0.003016,17.272429,17.272429,0.0,0.0,0.818911,0.003016,21.947648,21.947648,0.0,0.0,0.864642,0.003016,25.391052,25.391052,0.0,0.0,0.850763
3916,19-Jun-05,24:00:00,239.800637,0.003757,16.26656,16.26656,0.0,0.0,0.808035,0.003757,20.669516,20.669516,0.0,0.0,0.853766,0.003756,23.912392,23.912392,0.0,0.0,0.83989
3917,20-Jun-05,24:00:00,235.639914,0.002992,15.319269,15.319269,0.0,0.0,0.796479,0.002992,19.465817,19.465817,0.0,0.0,0.842209,0.002991,22.519842,22.519842,0.0,0.0,0.828336
3918,21-Jun-05,24:00:00,233.236206,0.004165,14.427144,14.427144,0.0,0.0,0.784254,0.004166,18.332215,18.332215,0.0,0.0,0.829984,0.004165,21.208388,21.208388,0.0,0.0,0.816112
3919,22-Jun-05,24:00:00,230.544245,0.004581,13.586972,13.586972,0.0,0.0,0.769129,0.004581,17.264629,17.264629,0.0,0.0,0.81486,0.00458,19.973307,19.973307,0.0,0.0,0.800989
3920,23-Jun-05,24:00:00,227.076705,0.003296,12.795728,12.795728,0.0,0.0,0.755905,0.003296,16.259215,16.259215,0.0,0.0,0.801636,0.003296,18.810151,18.810151,0.0,0.0,0.787765
3921,24-Jun-05,24:00:00,223.78743,0.003393,12.050562,12.050562,0.0,0.0,0.744425,0.003393,15.312352,15.312352,0.0,0.0,0.790156,0.003393,17.714733,17.714733,0.0,0.0,0.776286
3922,25-Jun-05,24:00:00,221.608989,0.004034,11.348792,11.348792,0.0,0.0,0.731652,0.004034,14.420629,14.420629,0.0,0.0,0.777382,0.004034,16.683107,16.683107,0.0,0.0,0.763513
3923,26-Jun-05,24:00:00,220.071934,0.003816,10.687889,10.687889,0.0,0.0,0.718043,0.003816,13.580837,13.580837,0.0,0.0,0.763773,0.003816,15.711558,15.711558,0.0,0.0,0.749904
3924,27-Jun-05,24:00:00,216.659548,0.004251,10.065475,10.065475,0.0,0.0,0.704029,0.00425,12.78995,12.78995,0.0,0.0,0.74976,0.00425,14.796587,14.796587,0.0,0.0,0.735891
3925,28-Jun-05,24:00:00,213.587333,0.005012,9.479307,9.479307,0.0,0.0,0.688376,0.005012,12.045121,12.045121,0.0,0.0,0.734107,0.005012,13.934901,13.934901,0.0,0.0,0.72024
3926,29-Jun-05,24:00:00,211.876812,0.005285,8.927275,8.927275,0.0,0.0,0.67083,0.005285,11.343667,11.343667,0.0,0.0,0.716561,0.005284,13.123395,13.123395,0.0,0.0,0.702696
3927,30-Jun-05,24:00:00,225.161989,0.005202,8.407391,8.407391,0.0,0.0,0.652757,0.005202,10.683063,10.683063,0.0,0.0,0.698488,0.005202,12.359147,12.359147,0.0,0.0,0.684625
3928,01-Jul-05,24:00:00,260.041413,0.005187,7.917782,7.917782,0.0,0.0,0.635114,0.005187,10.06093,10.06093,0.0,0.0,0.680846,0.005186,11.639406,11.639406,0.0,0.0,0.666984
3929,02-Jul-05,24:00:00,273.757678,0.00517,7.456686,7.456686,0.0,0.0,0.617432,0.00517,9.475027,9.475027,0.0,0.0,0.663165,0.005169,10.96158,10.96158,0.0,0.0,0.649305
3930,03-Jul-05,24:00:00,272.208975,0.005219,7.022442,7.022442,0.0,0.0,0.599607,0.005219,8.923244,8.923244,0.0,0.0,0.64534,0.005218,10.323227,10.323227,0.0,0.0,0.631483
3931,04-Jul-05,24:00:00,281.270603,0.005378,6.613487,6.613487,0.0,0.0,0.581647,0.005378,8.403594,8.403594,0.0,0.0,0.627381,0.005377,9.722048,9.722048,0.0,0.0,0.613525
3932,05-Jul-05,24:00:00,271.431836,0.005214,6.228347,6.228347,0.0,0.0,0.563165,0.005214,7.914207,7.914207,0.0,0.0,0.608899,0.005214,9.15588,9.15588,0.0,0.0,0.595046
3933,06-Jul-05,24:00:00,248.945768,0.005155,5.865636,5.865636,0.0,0.0,0.545504,0.005155,7.453319,7.453319,0.0,0.0,0.591238,0.005155,8.622683,8.622683,0.0,0.0,0.577387
3934,07-Jul-05,24:00:00,240.649666,0.00461,5.524048,5.524048,0.0,0.0,0.528453,0.00461,7.019271,7.019271,0.0,0.0,0.574188,0.004609,8.120537,8.120537,0.0,0.0,0.560338
3935,08-Jul-05,24:00:00,240.298784,0.004183,5.202352,5.202352,0.0,0.0,0.513385,0.004182,6.6105,6.6105,0.0,0.0,0.55912,0.004182,7.647633,7.647633,0.0,0.0,0.545272
3936,09-Jul-05,24:00:00,238.34516,0.004333,4.899391,4.899391,0.0,0.0,0.498956,0.004333,6.225535,6.225535,0.0,0.0,0.544692,0.004333,7.202269,7.202269,0.0,0.0,0.530844
3937,10-Jul-05,24:00:00,240.700314,0.005024,4.614072,4.614072,0.0,0.0,0.482992,0.005023,5.862988,5.862988,0.0,0.0,0.528729,0.005023,6.782842,6.782842,0.0,0.0,0.514884
3938,11-Jul-05,24:00:00,246.623281,0.005022,4.345369,4.345369,0.0,0.0,0.465631,0.005022,5.521554,5.521554,0.0,0.0,0.511368,0.005021,6.38784,6.38784,0.0,0.0,0.497525
3939,12-Jul-05,24:00:00,238.823846,0.005026,4.092315,4.092315,0.0,0.0,0.448384,0.005026,5.200003,5.200003,0.0,0.0,0.494121,0.005026,6.015841,6.015841,0.0,0.0,0.48028
3940,13-Jul-05,24:00:00,224.48044,0.005435,3.853997,3.853997,0.0,0.0,0.430682,0.005435,4.897178,4.897178,0.0,0.0,0.476419,0.005435,5.665505,5.665505,0.0,0.0,0.46258
3941,14-Jul-05,24:00:00,223.0386,0.005203,3.629557,3.629557,0.0,0.0,0.412292,0.005203,4.611989,4.611989,0.0,0.0,0.45803,0.005202,5.335572,5.335572,0.0,0.0,0.444192
3942,15-Jul-05,24:00:00,225.501656,0.005,3.418188,3.418188,0.0,0.0,0.394658,0.005,4.343407,4.343407,0.0,0.0,0.440397,0.005,5.024852,5.024852,0.0,0.0,0.426561
3943,16-Jul-05,24:00:00,225.786562,0.005071,3.219128,3.219128,0.0,0.0,0.377478,0.005071,4.090467,4.090467,0.0,0.0,0.423217,0.005071,4.732227,4.732227,0.0,0.0,0.409383
3944,17-Jul-05,24:00:00,225.475077,0.004986,3.031661,3.031661,0.0,0.0,0.360238,0.004986,3.852257,3.852257,0.0,0.0,0.405978,0.004985,4.456644,4.456644,0.0,0.0,0.392146
3945,18-Jul-05,24:00:00,224.813047,0.004965,2.855111,2.855111,0.0,0.0,0.343328,0.004965,3.627918,3.627918,0.0,0.0,0.389069,0.004964,4.197109,4.197109,0.0,0.0,0.375239
3946,19-Jul-05,24:00:00,224.183387,0.005075,2.688842,2.688842,0.0,0.0,0.326025,0.005075,3.416645,3.416645,0.0,0.0,0.371767,0.005074,3.952688,3.952688,0.0,0.0,0.35794
3947,20-Jul-05,24:00:00,222.988586,0.004764,2.532256,2.532256,0.0,0.0,0.309258,0.004764,3.217675,3.217675,0.0,0.0,0.355,0.004763,3.722501,3.722501,0.0,0.0,0.341175
3948,21-Jul-05,24:00:00,222.640234,0.004273,2.384789,2.384789,0.0,0.0,0.29376,0.004273,3.030292,3.030292,0.0,0.0,0.339503,0.004273,3.50572,3.50572,0.0,0.0,0.325679
3949,22-Jul-05,24:00:00,223.101079,0.005055,2.245909,2.245909,0.0,0.0,0.277658,0.005055,2.853821,2.853821,0.0,0.0,0.323402,0.005054,3.301562,3.301562,0.0,0.0,0.30958
3950,23-Jul-05,24:00:00,223.605643,0.005476,2.115118,2.115118,0.0,0.0,0.259881,0.005476,2.687628,2.687628,0.0,0.0,0.305626,0.005475,3.109294,3.109294,0.0,0.0,0.291807
3951,24-Jul-05,24:00:00,223.537378,0.004646,1.991943,1.991943,0.0,0.0,0.242064,0.004645,2.531112,2.531112,0.0,0.0,0.28781,0.004645,2.928223,2.928223,0.0,0.0,0.273993
3952,25-Jul-05,24:00:00,227.918793,0.005115,1.875941,1.875941,0.0,0.0,0.225577,0.005115,2.383712,2.383712,0.0,0.0,0.271324,0.005114,2.757696,2.757696,0.0,0.0,0.25751
3953,26-Jul-05,24:00:00,237.257487,0.004924,1.766695,1.766695,0.0,0.0,0.208342,0.004924,2.244895,2.244895,0.0,0.0,0.254089,0.004924,2.597101,2.597101,0.0,0.0,0.240277
3954,27-Jul-05,24:00:00,241.82996,0.004851,1.66381,1.66381,0.0,0.0,0.191587,0.004851,2.114163,2.114163,0.0,0.0,0.237335,0.004851,2.445857,2.445857,0.0,0.0,0.223522
3955,28-Jul-05,24:00:00,241.32546,0.004718,1.566917,1.566917,0.0,0.0,0.175184,0.004718,1.991043,1.991043,0.0,0.0,0.220932,0.004718,2.303421,2.303421,0.0,0.0,0.207119
3956,29-Jul-05,24:00:00,240.595324,0.004993,1.475667,1.475667,0.0,0.0,0.158584,0.004993,1.875094,1.875094,0.0,0.0,0.204331,0.004993,2.16928,2.16928,0.0,0.0,0.190517
3957,30-Jul-05,24:00:00,240.263341,0.005083,1.389731,1.389731,0.0,0.0,0.141416,0.005083,1.765897,1.765897,0.0,0.0,0.187163,0.005083,2.042951,2.042951,0.0,0.0,0.173349
3958,31-Jul-05,24:00:00,240.558552,0.004909,1.308799,1.308799,0.0,0.0,0.124138,0.004909,1.663059,1.663059,0.0,0.0,0.169885,0.004909,1.923979,1.923979,0.0,0.0,0.156071
3959,01-Aug-05,24:00:00,241.865044,0.004153,1.232581,1.232581,0.0,0.0,0.108373,0.004153,1.56621,1.56621,0.0,0.0,0.15412,0.004153,1.811935,1.811935,0.0,0.0,0.140307
3960,02-Aug-05,24:00:00,242.984767,0.00482,1.160801,1.160801,0.0,0.0,0.093149,0.004821,1.475001,1.475001,0.0,0.0,0.138895,0.004821,1.706416,1.706416,0.0,0.0,0.125082
3961,03-Aug-05,24:00:00,243.133549,0.004777,1.093201,1.093201,0.0,0.0,0.07674,0.004777,1.389104,1.389104,0.0,0.0,0.122487,0.004777,1.607042,1.607042,0.0,0.0,0.108673
3962,04-Aug-05,24:00:00,249.51853,0.004743,1.029538,1.029538,0.0,0.0,0.060306,0.004743,1.308208,1.308208,0.0,0.0,0.106053,0.004743,1.513455,1.513455,0.0,0.0,0.092239
3963,05-Aug-05,24:00:00,259.015229,0.00468,0.969582,0.969582,0.0,0.0,0.044153,0.00468,1.232024,1.232024,0.0,0.0,0.0899,0.00468,1.425319,1.425319,0.0,0.0,0.076086
3964,06-Aug-05,24:00:00,263.601736,0.004948,0.913118,0.913118,0.0,0.0,0.02788,0.004948,1.160277,1.160277,0.0,0.0,0.073627,0.004948,1.342314,1.342314,0.0,0.0,0.059813
3965,07-Aug-05,24:00:00,264.84496,0.004512,0.859942,0.859942,0.0,0.0,0.011503,0.004512,1.092707,1.092707,0.0,0.0,0.05725,0.004512,1.264144,1.264144,0.0,0.0,0.043435
3966,08-Aug-05,24:00:00,266.264001,0.003771,0.809863,0.809863,0.0,0.0,0.001284,0.003771,1.029073,1.029073,0.0,0.0,0.043614,0.003771,1.190526,1.190526,0.0,0.0,0.0298
3967,09-Aug-05,24:00:00,266.273517,0.005155,0.7627,0.7627,0.0,0.0,0.0,0.005155,0.969144,0.969144,0.0,0.0,0.028214,0.005155,1.121195,1.121195,0.0,0.0,0.0144
3968,10-Aug-05,24:00:00,266.328628,0.004803,0.718284,0.718284,0.0,0.0,0.0,0.004803,0.912706,0.912706,0.0,0.0,0.010778,0.004803,1.055902,1.055902,0.0,0.0,0.001762
3969,11-Aug-05,24:00:00,266.555352,0.004645,0.676454,0.676454,0.0,0.0,0.0,0.004645,0.859554,0.859554,0.0,0.0,0.000616,0.004645,0.994411,0.994411,0.0,0.0,0.0
3970,12-Aug-05,24:00:00,267.014446,0.004242,0.637061,0.637061,0.0,0.0,0.0,0.004242,0.809497,0.809497,0.0,0.0,0.0,0.004242,0.936501,0.936501,0.0,0.0,0.0
3971,13-Aug-05,24:00:00,267.265606,0.003931,0.599961,0.599961,0.0,0.0,0.0,0.003931,0.762356,0.762356,0.0,0.0,0.0,0.003931,0.881963,0.881963,0.0,0.0,0.0
3972,14-Aug-05,24:00:00,265.936316,0.003425,0.565022,0.565022,0.0,0.0,0.0,0.003425,0.71796,0.71796,0.0,0.0,0.0,0.003425,0.830602,0.830602,0.0,0.0,0.0
3973,15-Aug-05,24:00:00,263.824971,0.004214,0.532118,0.532118,0.0,0.0,0.0,0.004214,0.676149,0.676149,0.0,0.0,0.0,0.004213,0.782231,0.782231,0.0,0.0,0.0
3974,16-Aug-05,24:00:00,263.513002,0.004448,0.50113,0.50113,0.0,0.0,0.0,0.004448,0.636773,0.636773,0.0,0.0,0.0,0.004447,0.736677,0.736677,0.0,0.0,0.0
3975,17-Aug-05,24:00:00,264.984403,0.003556,0.471946,0.471946,0.0,0.0,0.0,0.003556,0.59969,0.59969,0.0,0.0,0.0,0.003555,0.693777,0.693777,0.0,0.0,0.0
3976,18-Aug-05,24:00:00,265.068262,0.003751,0.444462,0.444462,0.0,0.0,0.0,0.00375,0.564767,0.564767,0.0,0.0,0.0,0.00375,0.653374,0.653374,0.0,0.0,0.0
3977,19-Aug-05,24:00:00,264.591794,0.004227,0.418579,0.418579,0.0,0.0,0.0,0.004226,0.531878,0.531878,0.0,0.0,0.0,0.004225,0.615325,0.615325,0.0,0.0,0.0
3978,20-Aug-05,24:00:00,264.493,0.004284,0.394202,0.394202,0.0,0.0,0.0,0.004284,0.500903,0.500903,0.0,0.0,0.0,0.004283,0.579491,0.579491,0.0,0.0,0.0
3979,21-Aug-05,24:00:00,263.804245,0.004347,0.371246,0.371246,0.0,0.0,0.0,0.004346,0.471733,0.471733,0.0,0.0,0.0,0.004345,0.545744,0.545744,0.0,0.0,0.0
3980,22-Aug-05,24:00:00,262.127211,0.004519,0.349626,0.349626,0.0,0.0,0.0,0.004518,0.444261,0.444261,0.0,0.0,0.0,0.004517,0.513962,0.513962,0.0,0.0,0.0
3981,23-Aug-05,24:00:00,261.260293,0.004318,0.329266,0.329266,0.0,0.0,0.0,0.004318,0.41839,0.41839,0.0,0.0,0.0,0.004317,0.484031,0.484031,0.0,0.0,0.0
3982,24-Aug-05,24:00:00,259.369192,0.004053,0.310091,0.310091,0.0,0.0,0.0,0.004053,0.394024,0.394024,0.0,0.0,0.0,0.004052,0.455844,0.455844,0.0,0.0,0.0
3983,25-Aug-05,24:00:00,255.117015,0.004338,0.292032,0.292032,0.0,0.0,0.0,0.004337,0.371078,0.371078,0.0,0.0,0.0,0.004336,0.429297,0.429297,0.0,0.0,0.0
3984,26-Aug-05,24:00:00,248.862437,0.004165,0.275026,0.275026,0.0,0.0,0.0,0.004164,0.349468,0.349468,0.0,0.0,0.0,0.004163,0.404297,0.404297,0.0,0.0,0.0
3985,27-Aug-05,24:00:00,246.629232,0.004377,0.25901,0.25901,0.0,0.0,0.0,0.004376,0.329117,0.329117,0.0,0.0,0.0,0.004375,0.380753,0.380753,0.0,0.0,0.0
3986,28-Aug-05,24:00:00,248.121059,0.004155,0.243926,0.243926,0.0,0.0,0.0,0.004155,0.309951,0.309951,0.0,0.0,0.0,0.004154,0.358579,0.358579,0.0,0.0,0.0
3987,29-Aug-05,24:00:00,250.060278,0.003804,0.229721,0.229721,0.0,0.0,0.0,0.003803,0.2919,0.2919,0.0,0.0,0.0,0.003802,0.337697,0.337697,0.0,0.0,0.0
3988,30-Aug-05,24:00:00,251.407798,0.004117,0.216343,0.216343,0.0,0.0,0.0,0.004117,0.274902,0.274902,0.0,0.0,0.0,0.004115,0.318031,0.318031,0.0,0.0,0.0
3989,31-Aug-05,24:00:00,251.163162,0.003966,0.203744,0.203744,0.0,0.0,0.0,0.003966,0.258893,0.258893,0.0,0.0,0.0,0.003965,0.299511,0.299511,0.0,0.0,0.0
3990,01-Sep-05,24:00:00,249.529732,0.004067,0.191879,0.191879,0.0,0.0,0.0,0.004067,0.243816,0.243816,0.0,0.0,0.0,0.004066,0.282068,0.282068,0.0,0.0,0.0
3991,02-Sep-05,24:00:00,248.095885,0.003735,0.180705,0.180705,0.0,0.0,0.0,0.003734,0.229617,0.229617,0.0,0.0,0.0,0.003733,0.265642,0.265642,0.0,0.0,0.0
3992,03-Sep-05,24:00:00,248.854763,0.003563,0.170181,0.170181,0.0,0.0,0.0,0.003563,0.216245,0.216245,0.0,0.0,0.0,0.003562,0.250172,0.250172,0.0,0.0,0.0
3993,04-Sep-05,24:00:00,250.797343,0.0037,0.160271,0.160271,0.0,0.0,0.0,0.003699,0.203652,0.203652,0.0,0.0,0.0,0.003698,0.235603,0.235603,0.0,0.0,0.0
3994,05-Sep-05,24:00:00,247.345956,0.003697,0.150937,0.150937,0.0,0.0,0.0,0.003696,0.191792,0.191792,0.0,0.0,0.0,0.003695,0.221883,0.221883,0.0,0.0,0.0
3995,06-Sep-05,24:00:00,236.159819,0.003716,0.142147,0.142147,0.0,0.0,0.0,0.003715,0.180623,0.180623,0.0,0.0,0.0,0.003714,0.208961,0.208961,0.0,0.0,0.0
3996,07-Sep-05,24:00:00,229.998142,0.00249,0.133869,0.133869,0.0,0.0,0.0,0.002489,0.170104,0.170104,0.0,0.0,0.0,0.002488,0.196792,0.196792,0.0,0.0,0.0
3997,08-Sep-05,24:00:00,228.88297,0.00291,0.126073,0.126073,0.0,0.0,0.0,0.00291,0.160198,0.160198,0.0,0.0,0.0,0.002909,0.185332,0.185332,0.0,0.0,0.0
3998,09-Sep-05,24:00:00,227.854565,0.003317,0.118731,0.118731,0.0,0.0,0.0,0.003317,0.150869,0.150869,0.0,0.0,0.0,0.003317,0.174539,0.174539,0.0,0.0,0.0
3999,10-Sep-05,24:00:00,229.837208,0.003076,0.111817,0.111817,0.0,0.0,0.0,0.003076,0.142083,0.142083,0.0,0.0,0.0,0.003076,0.164375,0.164375,0.0,0.0,0.0
4000,11-Sep-05,24:00:00,231.97418,0.003209,0.105305,0.105305,0.0,0.0,0.0,0.003209,0.133809,0.133809,0.0,0.0,0.0,0.003209,0.154802,0.154802,0.0,0.0,0.0
4001,12-Sep-05,24:00:00,232.368797,0.003212,0.099173,0.099173,0.0,0.0,0.0,0.003212,0.126016,0.126016,0.0,0.0,0.0,0.003212,0.145787,0.145787,0.0,0.0,0.0
4002,13-Sep-05,24:00:00,229.344842,0.002961,0.093397,0.093397,0.0,0.0,0.0,0.002961,0.118678,0.118678,0.0,0.0,0.0,0.002961,0.137297,0.137297,0.0,0.0,0.0
4003,14-Sep-05,24:00:00,227.366189,0.003059,0.087958,0.087958,0.0,0.0,0.0,0.003059,0.111767,0.111767,0.0,0.0,0.0,0.003059,0.129302,0.129302,0.0,0.0,0.0
4004,15-Sep-05,24:00:00,227.313954,0.002903,0.082836,0.082836,0.0,0.0,0.0,0.002903,0.105258,0.105258,0.0,0.0,0.0,0.002903,0.121772,0.121772,0.0,0.0,0.0
4005,16-Sep-05,24:00:00,227.295455,0.002975,0.078012,0.078012,0.0,0.0,0.0,0.002975,0.099128,0.099128,0.0,0.0,0.0,0.002975,0.11468,0.11468,0.0,0.0,0.0
4006,17-Sep-05,24:00:00,229.083547,0.003142,0.073469,0.073469,0.0,0.0,0.0,0.003142,0.093355,0.093355,0.0,0.0,0.0,0.003142,0.108002,0.108002,0.0,0.0,0.0
4007,18-Sep-05,24:00:00,231.445737,0.002985,0.069191,0.069191,0.0,0.0,0.0,0.002984,0.087919,0.087919,0.0,0.0,0.0,0.002983,0.101712,0.101712,0.0,0.0,0.0
4008,19-Sep-05,24:00:00,232.233418,0.003372,0.065161,0.065161,0.0,0.0,0.0,0.003372,0.082799,0.082799,0.0,0.0,0.0,0.003372,0.095789,0.095789,0.0,0.0,0.0
4009,20-Sep-05,24:00:00,199.715547,0.002909,0.061366,0.061366,0.0,0.0,0.0,0.002909,0.077977,0.077977,0.0,0.0,0.0,0.002909,0.090211,0.090211,0.0,0.0,0.0
4010,21-Sep-05,24:00:00,200.73818,0.003227,0.057793,0.057793,0.0,0.0,0.0,0.003227,0.073436,0.073436,0.0,0.0,0.0,0.003227,0.084957,0.084957,0.0,0.0,0.0
4011,22-Sep-05,24:00:00,225.03513,0.002932,0.054427,0.054427,0.0,0.0,0.0,0.002932,0.069159,0.069159,0.0,0.0,0.0,0.002932,0.08001,0.08001,0.0,0.0,0.0
4012,23-Sep-05,24:00:00,224.595058,0.002832,0.051258,0.051258,0.0,0.0,0.0,0.002832,0.065132,0.065132,0.0,0.0,0.0,0.002832,0.07535,0.07535,0.0,0.0,0.0
4013,24-Sep-05,24:00:00,224.791225,0.002269,0.048273,0.048273,0.0,0.0,0.0,0.002269,0.061339,0.061339,0.0,0.0,0.0,0.002269,0.070962,0.070962,0.0,0.0,0.0
4014,25-Sep-05,24:00:00,223.962075,0.002999,0.045461,0.045461,0.0,0.0,0.0,0.002999,0.057767,0.057767,0.0,0.0,0.0,0.002999,0.06683,0.06683,0.0,0.0,0.0
4015,26-Sep-05,24:00:00,223.175329,0.003229,0.042814,0.042814,0.0,0.0,0.0,0.003229,0.054403,0.054403,0.0,0.0,0.0,0.003229,0.062938,0.062938,0.0,0.0,0.0
4016,27-Sep-05,24:00:00,223.152798,0.003,0.040321,0.040321,0.0,0.0,0.0,0.003,0.051234,0.051234,0.0,0.0,0.0,0.003,0.059273,0.059273,0.0,0.0,0.0
4017,28-Sep-05,24:00:00,222.542047,0.003124,0.037973,0.037973,0.0,0.0,0.0,0.003124,0.048251,0.048251,0.0,0.0,0.0,0.003124,0.055821,0.055821,0.0,0.0,0.0
4018,29-Sep-05,24:00:00,222.142051,0.003148,0.035761,0.035761,0.0,0.0,0.0,0.003148,0.045441,0.045441,0.0,0.0,0.0,0.003148,0.05257,0.05257,0.0,0.0,0.0
4019,30-Sep-05,24:00:00,223.932896,0.002327,0.033679,0.033679,0.0,0.0,0.0,0.002326,0.042795,0.042795,0.0,0.0,0.0,0.002325,0.049509,0.049509,0.0,0.0,0.0
4020,01-Oct-05,24:00:00,226.303816,0.002472,0.031717,0.031717,0.0,0.0,0.0,0.002471,0.040302,0.040302,0.0,0.0,0.0,0.002469,0.046626,0.046626,0.0,0.0,0.0
4021,02-Oct-05,24:00:00,226.497995,0.002399,0.02987,0.02987,0.0,0.0,0.0,0.002398,0.037955,0.037955,0.0,0.0,0.0,0.002397,0.04391,0.04391,0.0,0.0,0.0
4022,03-Oct-05,24:00:00,226.113059,0.002448,0.028131,0.028131,0.0,0.0,0.0,0.002447,0.035745,0.035745,0.0,0.0,0.0,0.002445,0.041353,0.041353,0.0,0.0,0.0
4023,04-Oct-05,24:00:00,226.702147,0.002389,0.026493,0.026493,0.0,0.0,0.0,0.002388,0.033663,0.033663,0.0,0.0,0.0,0.002385,0.038945,0.038945,0.0,0.0,0.0
4024,05-Oct-05,24:00:00,226.486112,0.002715,0.02495,0.02495,0.0,0.0,0.0,0.002714,0.031703,0.031703,0.0,0.0,0.0,0.002712,0.036677,0.036677,0.0,0.0,0.0
4025,06-Oct-05,24:00:00,225.493789,0.002764,0.023497,0.023497,0.0,0.0,0.0,0.002763,0.029857,0.029857,0.0,0.0,0.0,0.002761,0.034541,0.034541,0.0,0.0,0.0
4026,07-Oct-05,24:00:00,224.501602,0.002648,0.035031,0.022128,0.001156,0.0,0.000661,0.002647,0.028118,0.028118,0.0,0.0,0.0,0.002645,0.03253,0.03253,0.0,0.0,0.0
4027,08-Oct-05,24:00:00,223.019993,0.00241,0.15878,0.02084,0.0,0.0,0.003963,0.002409,0.026481,0.026481,0.0,0.0,0.0,0.002407,0.030635,0.030635,0.0,0.0,0.0
4028,09-Oct-05,24:00:00,222.098333,0.002196,0.030357,0.019626,0.0,0.0,0.003404,0.002196,0.024939,0.024939,0.0,0.0,0.0,0.002194,0.028851,0.028851,0.0,0.0,0.0
4029,10-Oct-05,24:00:00,223.273627,0.002522,0.018483,0.018483,0.0,0.0,0.001008,0.002522,0.023486,0.023486,0.0,0.0,0.0,0.00252,0.027171,0.027171,0.0,0.0,0.0
4030,11-Oct-05,24:00:00,224.654465,0.002395,0.017407,0.017407,0.0,0.0,0.0,0.002394,0.022118,0.022118,0.0,0.0,0.0,0.002392,0.025589,0.025589,0.0,0.0,0.0
4031,12-Oct-05,24:00:00,225.05538,0.002518,0.016393,0.016393,0.0,0.0,0.0,0.002517,0.02083,0.02083,0.0,0.0,0.0,0.002516,0.024098,0.024098,0.0,0.0,0.0
4032,13-Oct-05,24:00:00,223.253123,0.002559,0.015438,0.015438,0.0,0.0,0.0,0.002558,0.019617,0.019617,0.0,0.0,0.0,0.002556,0.022695,0.022695,0.0,0.0,0.0
4033,14-Oct-05,24:00:00,221.473138,0.001247,0.014539,0.014539,0.0,0.0,0.0,0.001246,0.018475,0.018475,0.0,0.0,0.0,0.001245,0.021374,0.021374,0.0,0.0,0.0
4034,15-Oct-05,24:00:00,219.855077,0.00215,0.013693,0.013693,0.0,0.0,0.0,0.002149,0.017399,0.017399,0.0,0.0,0.0,0.002149,0.020129,0.020129,0.0,0.0,0.0
4035,16-Oct-05,24:00:00,219.663878,0.002377,0.012895,0.012895,0.0,0.0,0.0,0.002377,0.016386,0.016386,0.0,0.0,0.0,0.002377,0.018957,0.018957,0.0,0.0,0.0
4036,17-Oct-05,24:00:00,220.64124,0.002069,0.012144,0.012144,0.0,0.0,0.0,0.002069,0.015432,0.015432,0.0,0.0,0.0,0.002069,0.017853,0.017853,0.0,0.0,0.0
4037,18-Oct-05,24:00:00,220.43489,0.00142,0.011437,0.011437,0.0,0.0,0.0,0.00142,0.014533,0.014533,0.0,0.0,0.0,0.001419,0.016813,0.016813,0.0,0.0,0.0
4038,19-Oct-05,24:00:00,220.649126,0.001936,0.010771,0.010771,0.0,0.0,0.0,0.001936,0.013686,0.013686,0.0,0.0,0.0,0.001936,0.015834,0.015834,0.0,0.0,0.0
4039,20-Oct-05,24:00:00,222.235383,0.001952,0.010144,0.010144,0.0,0.0,0.0,0.001952,0.012889,0.012889,0.0,0.0,0.0,0.001952,0.014912,0.014912,0.0,0.0,0.0
4040,21-Oct-05,24:00:00,223.624674,0.002005,0.009553,0.009553,0.0,0.0,0.0,0.002005,0.012139,0.012139,0.0,0.0,0.0,0.002005,0.014043,0.014043,0.0,0.0,0.0
4041,22-Oct-05,24:00:00,223.425601,0.001912,0.008997,0.008997,0.0,0.0,0.0,0.001912,0.011432,0.011432,0.0,0.0,0.0,0.001912,0.013226,0.013226,0.0,0.0,0.0
4042,23-Oct-05,24:00:00,224.242189,0.002035,0.008473,0.008473,0.0,0.0,0.0,0.002035,0.010766,0.010766,0.0,0.0,0.0,0.002035,0.012455,0.012455,0.0,0.0,0.0
4043,24-Oct-05,24:00:00,225.01704,0.001841,0.007979,0.007979,0.0,0.0,0.0,0.00184,0.010139,0.010139,0.0,0.0,0.0,0.001838,0.01173,0.01173,0.0,0.0,0.0
4044,25-Oct-05,24:00:00,240.051267,0.001605,0.430737,0.007515,0.003595,0.0,0.010586,0.001604,9.434647,0.009549,0.005142,0.0,0.01534,0.001603,7.699143,0.011047,0.006919,0.0,0.020716
4045,26-Oct-05,24:00:00,229.323353,0.001115,0.083981,0.007077,0.001745,0.0,0.012575,0.001114,1.22345,0.008993,0.002917,0.0,0.018053,0.001113,0.12389,0.010404,0.00442,0.0,0.024473
4046,27-Oct-05,24:00:00,292.109514,0.000606,2.958612,0.006665,0.023918,0.0,0.086266,0.000606,44.675388,0.008469,0.021341,0.0,0.091915,0.000605,28.922839,0.009798,0.021726,0.0,0.104462
4047,28-Oct-05,24:00:00,240.738081,0.001395,0.616018,0.006277,0.0,0.0,0.100313,0.001394,5.385044,0.007976,0.0,0.0,0.100799,0.001393,0.037517,0.009227,0.0,0.0,0.113367
4048,29-Oct-05,24:00:00,224.884519,0.001383,0.033571,0.005911,0.0,0.0,0.100313,0.001382,0.075548,0.007511,0.0,0.0,0.100799,0.001381,0.00869,0.00869,0.0,0.0,0.113367
4049,30-Oct-05,24:00:00,224.631495,0.001422,0.005567,0.005567,0.0,0.0,0.099823,0.001422,0.007074,0.007074,0.0,0.0,0.099952,0.00142,0.008184,0.008184,0.0,0.0,0.112526
4050,31-Oct-05,24:00:00,225.013298,0.001247,0.005243,0.005243,0.0,0.0,0.096941,0.001246,0.006662,0.006662,0.0,0.0,0.09664,0.001246,0.007707,0.007707,0.0,0.0,0.109224
4051,01-Nov-05,24:00:00,225.018654,0.001451,0.004938,0.004938,0.0,0.0,0.092364,0.00145,0.006274,0.006274,0.0,0.0,0.092066,0.001448,0.007258,0.007258,0.0,0.0,0.104654
4052,02-Nov-05,24:00:00,232.288312,0.000436,0.501879,0.00465,0.028847,0.0,0.107625,0.000435,12.827551,0.005909,0.033108,0.0,0.112103,0.000435,20.155172,0.006836,0.037874,0.0,0.130591
4053,03-Nov-05,24:00:00,330.617201,0.000915,3.554878,0.004379,0.002206,0.0,0.194883,0.000914,57.072904,0.005565,0.0022,0.0,0.209385,0.000912,24.414771,0.006438,0.002224,0.0,0.238389
4054,04-Nov-05,24:00:00,233.859698,0.000563,0.294511,0.004124,0.0,0.0,0.195018,0.000562,3.075205,0.00524,0.0,0.0,0.209529,0.000561,0.006063,0.006063,0.0,0.0,0.238544
4055,05-Nov-05,24:00:00,224.552967,0.000688,0.006154,0.003884,0.0,0.0,0.195018,0.000688,0.004935,0.004935,0.0,0.0,0.209529,0.000687,0.00571,0.00571,0.0,0.0,0.238544
4056,06-Nov-05,24:00:00,295.780167,0.000527,4.184416,0.003658,0.066327,0.0,0.290634,0.000527,73.020245,0.004648,0.063049,0.0,0.307986,0.000526,59.615777,0.005377,0.061656,0.0,0.33878
4057,07-Nov-05,24:00:00,328.007112,0.001107,5.00999,0.003445,0.002091,0.0,0.428125,0.001107,54.95666,0.004377,0.0,0.0,0.425696,0.001105,8.90795,0.005064,0.0,0.0,0.449936
4058,08-Nov-05,24:00:00,180.9159,0.00173,0.376313,0.003244,0.0,0.0,0.429596,0.001729,2.320229,0.004122,0.0,0.0,0.425696,0.001727,0.004769,0.004769,0.0,0.0,0.449936
4059,09-Nov-05,24:00:00,150.862801,0.001604,0.005797,0.003055,0.0,0.0,0.429297,0.001603,0.003882,0.003882,0.0,0.0,0.425393,0.001601,0.004491,0.004491,0.0,0.0,0.449639
4060,10-Nov-05,24:00:00,144.634484,0.000588,0.002877,0.002877,0.0,0.0,0.427796,0.000587,0.003656,0.003656,0.0,0.0,0.423886,0.000586,0.00423,0.00423,0.0,0.0,0.448145
4061,11-Nov-05,24:00:00,142.679114,0.0013,0.00271,0.00271,0.0,0.0,0.424419,0.001299,0.003443,0.003443,0.0,0.0,0.420511,0.001298,0.003983,0.003983,0.0,0.0,0.444774
4062,12-Nov-05,24:00:00,142.535617,0.001272,0.002552,0.002552,0.0,0.0,0.420192,0.00127,0.003243,0.003243,0.0,0.0,0.416287,0.001269,0.003751,0.003751,0.0,0.0,0.440555
4063,13-Nov-05,24:00:00,146.812853,0.001488,0.002403,0.002403,0.0,0.0,0.415372,0.001487,0.003054,0.003054,0.0,0.0,0.411472,0.001486,0.003533,0.003533,0.0,0.0,0.435746
4064,14-Nov-05,24:00:00,155.000411,0.00131,0.002263,0.002263,0.0,0.0,0.410546,0.001309,0.002876,0.002876,0.0,0.0,0.40665,0.001307,0.003327,0.003327,0.0,0.0,0.43093
4065,15-Nov-05,24:00:00,158.647013,0.001199,0.002132,0.002132,0.0,0.0,0.406245,0.001197,0.002709,0.002709,0.0,0.0,0.402354,0.001195,0.003133,0.003133,0.0,0.0,0.42664
4066,16-Nov-05,24:00:00,158.988455,0.001173,0.002008,0.002008,0.0,0.0,0.402168,0.001172,0.002551,0.002551,0.0,0.0,0.398281,0.00117,0.002951,0.002951,0.0,0.0,0.422574
4067,17-Nov-05,24:00:00,159.438283,0.001292,0.001891,0.001891,0.0,0.0,0.397999,0.001291,0.002402,0.002402,0.0,0.0,0.394117,0.001288,0.002779,0.002779,0.0,0.0,0.418417
4068,18-Nov-05,24:00:00,159.520035,0.001177,0.00178,0.00178,0.0,0.0,0.393729,0.001175,0.002262,0.002262,0.0,0.0,0.389852,0.001173,0.002617,0.002617,0.0,0.0,0.41416
4069,19-Nov-05,24:00:00,158.626296,0.001132,0.001677,0.001677,0.0,0.0,0.38977,0.00113,0.002131,0.002131,0.0,0.0,0.385898,0.001128,0.002465,0.002465,0.0,0.0,0.410214
4070,20-Nov-05,24:00:00,157.631703,0.001091,0.001579,0.001579,0.0,0.0,0.385952,0.00109,0.002007,0.002007,0.0,0.0,0.382085,0.001088,0.002321,0.002321,0.0,0.0,0.406408
4071,21-Nov-05,24:00:00,157.063549,0.001079,0.001487,0.001487,0.0,0.0,0.382244,0.001077,0.00189,0.00189,0.0,0.0,0.378382,0.001075,0.002186,0.002186,0.0,0.0,0.402714
4072,22-Nov-05,24:00:00,157.00844,0.001052,0.001401,0.001401,0.0,0.0,0.378563,0.001051,0.00178,0.00178,0.0,0.0,0.374706,0.001049,0.002059,0.002059,0.0,0.0,0.399045
4073,23-Nov-05,24:00:00,156.573239,0.000921,0.001319,0.001319,0.0,0.0,0.375162,0.00092,0.001676,0.001676,0.0,0.0,0.37131,0.000918,0.001939,0.001939,0.0,0.0,0.395656
4074,24-Nov-05,24:00:00,216.210848,0.000958,2.486815,0.001242,0.02285,0.0,0.431407,0.000957,48.13357,0.001578,0.027738,0.0,0.442202,0.000955,33.791776,0.001826,0.030509,0.0,0.474909
4075,25-Nov-05,24:00:00,189.765256,0.001171,0.675024,0.00117,0.0,0.0,0.451908,0.001169,8.97425,0.001486,0.0,0.0,0.464818,0.001167,0.114437,0.00172,0.0,0.0,0.498669
4076,26-Nov-05,24:00:00,160.196984,0.000846,0.035479,0.001102,0.0,0.0,0.451908,0.000844,0.21481,0.0014,0.0,0.0,0.464818,0.000842,0.001619,0.001619,0.0,0.0,0.498669
4077,27-Nov-05,24:00:00,199.011657,0.000312,2.316269,0.001038,0.050621,0.0,0.508866,0.000312,50.5418,0.001318,0.059823,0.0,0.535563,0.000312,55.176279,0.001525,0.068089,0.0,0.582504
4078,28-Nov-05,24:00:00,315.826781,0.000483,4.931148,0.000977,0.003993,0.0,0.638405,0.000483,71.875696,0.001242,0.001077,0.0,0.673619,0.000483,20.48814,0.001436,0.0,0.0,0.732116
4079,29-Nov-05,24:00:00,178.559084,0.000348,0.41587,0.00092,0.005946,0.0,0.641314,0.000347,4.418333,0.001169,0.007783,0.0,0.676785,0.000347,1.755171,0.001353,0.009057,0.0,0.735894
4080,30-Nov-05,24:00:00,1094.87214,0.000539,29.360492,18.092234,0.112769,0.013469,0.886806,0.000539,286.806691,42.813952,0.107581,0.020169,0.909358,0.000538,1521.068477,492.938096,0.096686,0.02761,0.944997
4081,01-Dec-05,24:00:00,2128.707924,0.000564,196.045599,191.038412,0.0,0.0,1.0,0.000563,471.166365,347.797041,0.0,0.0,1.0,0.000562,495.086353,368.784981,0.0,0.0,1.0
4082,02-Dec-05,24:00:00,501.877679,0.000816,92.746715,92.455683,0.0,0.0,1.0,0.000815,135.16771,130.360791,0.0,0.0,1.0,0.000813,43.744434,43.744434,0.0,0.0,1.0
4083,03-Dec-05,24:00:00,279.010339,0.000727,28.333075,28.333075,0.0,0.0,1.0,0.000726,37.829793,37.829793,0.0,0.0,1.0,0.000724,40.253243,40.253243,0.0,0.0,1.0
4084,04-Dec-05,24:00:00,241.336794,0.000811,15.322106,15.322106,0.0,0.0,1.0,0.000809,23.988154,23.988154,0.0,0.0,1.0,0.000807,37.908233,37.908233,0.0,0.0,1.0
4085,05-Dec-05,24:00:00,233.365629,0.00077,12.885112,12.885112,0.0,0.0,1.0,0.000769,21.462283,21.462283,0.0,0.0,1.0,0.000767,35.700627,35.700627,0.0,0.0,1.0
4086,06-Dec-05,24:00:00,228.90307,0.00033,11.957737,11.957737,0.0,0.0,1.0,0.00033,20.119973,20.119973,0.0,0.0,1.0,0.000329,33.621583,33.621583,0.0,0.0,1.0
4087,07-Dec-05,24:00:00,224.46522,0.000689,11.243048,11.243048,0.0,0.0,0.998998,0.000688,18.941432,18.941432,0.0,0.0,0.998984,0.000687,31.663614,31.663614,0.0,0.0,0.998923
4088,08-Dec-05,24:00:00,211.227786,0.000869,10.58653,10.58653,0.0,0.0,0.996351,0.000868,17.837895,17.837895,0.0,0.0,0.996331,0.000866,29.819668,29.819668,0.0,0.0,0.996236
4089,09-Dec-05,24:00:00,191.756536,0.000806,9.969854,9.969854,0.0,0.0,0.993495,0.000805,16.799065,16.799065,0.0,0.0,0.99348,0.000803,28.083104,28.083104,0.0,0.0,0.993392
4090,10-Dec-05,24:00:00,178.876307,0.000746,9.38924,9.38924,0.0,0.0,0.990784,0.000744,15.820761,15.820761,0.0,0.0,0.990774,0.000742,26.447671,26.447671,0.0,0.0,0.990694
4091,11-Dec-05,24:00:00,175.296503,0.000703,8.842452,8.842452,0.0,0.0,0.9883,0.000702,14.899431,14.899431,0.0,0.0,0.988294,0.0007,24.907478,24.907478,0.0,0.0,0.988221
4092,12-Dec-05,24:00:00,172.858648,0.000542,8.327507,8.327507,0.0,0.0,0.986226,0.000541,14.031755,14.031755,0.0,0.0,0.986224,0.000539,23.456979,23.456979,0.0,0.0,0.986156
4093,13-Dec-05,24:00:00,170.608244,0.000635,7.842551,7.842551,0.0,0.0,0.984214,0.000634,13.214609,13.214609,0.0,0.0,0.984215,0.000632,22.09095,22.09095,0.0,0.0,0.984153
4094,14-Dec-05,24:00:00,168.983386,0.000728,7.385836,7.385836,0.0,0.0,0.981832,0.000726,12.44505,12.44505,0.0,0.0,0.981837,0.000724,20.804472,20.804472,0.0,0.0,0.98178
4095,15-Dec-05,24:00:00,176.033175,0.000555,7.656072,7.19026,0.008176,0.002503,0.992379,0.000554,22.804197,12.328103,0.010724,0.005054,0.997099,0.000553,19.709975,19.592914,0.001681,0.0,0.980985
4096,16-Dec-05,24:00:00,840.301279,0.000245,201.894129,199.203611,0.017988,0.017988,1.0,0.000245,384.745191,335.39949,0.02171,0.02171,1.0,0.000244,340.171303,321.614977,0.015312,0.011306,0.999249
4097,17-Dec-05,24:00:00,3823.939167,0.000445,1158.416701,536.327765,0.057456,0.057456,1.0,0.000444,1197.570227,691.754746,0.045361,0.045361,1.0,0.000443,1736.679359,1170.693292,0.044619,0.044619,1.0
4098,18-Dec-05,24:00:00,8774.36125,0.000437,1940.22875,1133.172026,0.060773,0.060773,1.0,0.000436,2530.9575,1177.766006,0.067506,0.067506,1.0,0.000435,4578.05521,1690.925153,0.066556,0.066556,1.0
4099,19-Dec-05,24:00:00,5137.942917,0.000374,1369.557917,1217.40375,0.033563,0.033563,1.0,0.000374,1687.124583,1410.797083,0.032074,0.032074,1.0,0.000373,1442.840417,1401.14875,0.028929,0.028929,1.0
4100,20-Dec-05,24:00:00,3971.56625,0.000363,1053.634156,1008.812879,0.037904,0.037904,1.0,0.000363,1328.498333,1171.79375,0.04267,0.04267,1.0,0.000362,1957.169583,1364.12,0.048058,0.048058,1.0
4101,21-Dec-05,24:00:00,6718.412083,0.000444,1306.615417,1042.827339,0.035719,0.035719,1.0,0.000444,1708.711667,1201.01125,0.033561,0.033561,1.0,0.000444,3631.725417,1768.844583,0.036415,0.036415,1.0
4102,22-Dec-05,24:00:00,3756.1325,0.000473,1012.820755,923.177661,0.009771,0.009771,1.0,0.000473,1110.402824,997.933848,0.012416,0.012416,1.0,0.000472,681.950831,628.387184,0.007329,0.007329,1.0
4103,23-Dec-05,24:00:00,1927.219583,0.000795,559.390311,553.377948,0.0,0.0,1.0,0.000794,654.317611,629.707458,0.0,0.0,1.0,0.000792,523.464875,517.382278,0.0,0.0,1.0
4104,24-Dec-05,24:00:00,1217.63125,0.000372,334.29623,334.20027,0.0,0.0,1.0,0.000371,377.172738,375.966567,0.0,0.0,1.0,0.00037,322.557171,322.557171,0.0,0.0,1.0
4105,25-Dec-05,24:00:00,2457.717917,0.000947,507.616555,494.381904,0.030142,0.030142,1.0,0.000946,767.684029,608.356065,0.030419,0.030419,1.0,0.000944,1300.616577,1168.842438,0.030383,0.030383,1.0
4106,26-Dec-05,24:00:00,5296.077917,0.000449,1425.698798,717.682457,0.052678,0.052678,1.0,0.000448,1972.68377,852.007059,0.053751,0.053751,1.0,0.000446,3407.793948,1274.333677,0.05364,0.05364,1.0
4107,27-Dec-05,24:00:00,15610.488333,0.000693,3856.692083,1341.064415,0.053377,0.053377,1.0,0.000692,4845.982083,1625.019583,0.057958,0.057958,1.0,0.000691,5966.7375,2436.021667,0.057364,0.057364,1.0
4108,28-Dec-05,24:00:00,7592.30125,0.000406,1628.754829,1230.484494,0.004691,0.004691,1.0,0.000405,1821.438833,1419.302879,0.006947,0.006947,1.0,0.000404,897.677884,884.042867,0.00668,0.00668,1.0
4109,29-Dec-05,24:00:00,9937.74125,0.000377,2327.832555,939.65436,0.068894,0.068894,1.0,0.000377,3260.845809,1142.796962,0.069678,0.069678,1.0,0.000376,6583.470346,1975.97483,0.06935,0.06935,1.0
4110,30-Dec-05,24:00:00,29894.789167,0.000653,7117.720833,1573.604167,0.047035,0.047035,1.0,0.000652,8550.309167,1892.352083,0.048849,0.048849,1.0,0.000651,9351.269167,2502.330833,0.048634,0.048634,1.0
4111,31-Dec-05,24:00:00,10471.139167,0.000522,2490.725833,1350.054583,0.035919,0.035919,1.0,0.000521,2707.438333,1514.410417,0.035523,0.035523,1.0,0.000521,2770.261125,1395.898923,0.036662,0.036662,1.0
4112,01-Jan-06,24:00:00,8406.05375,0.000798,1544.022923,1101.269815,0.0,0.0,1.0,0.000797,1690.8425,1263.2575,0.005091,0.005091,1.0,0.000795,1354.880412,1238.019498,0.005231,0.005231,1.0
4113,02-Jan-06,24:00:00,5465.98,0.000307,676.702193,649.154656,0.019675,0.019675,1.0,0.000306,791.587605,762.99929,0.017716,0.017716,1.0,0.000306,780.468062,770.607968,0.017336,0.017336,1.0
4114,03-Jan-06,24:00:00,6950.674583,0.000904,700.076976,698.054577,0.0,0.0,1.0,0.000903,825.897109,799.470468,0.0,0.0,1.0,0.000902,943.988142,934.387062,0.0,0.0,1.0
4115,04-Jan-06,24:00:00,6284.041667,0.000763,518.369,518.133236,0.01131,0.01131,1.0,0.000761,570.841573,567.399959,0.01348,0.01348,1.0,0.000759,596.722267,593.246934,0.013917,0.013917,1.0
4116,05-Jan-06,24:00:00,6419.00875,0.000689,561.592133,559.966134,0.002001,0.002001,1.0,0.000688,726.906955,698.122052,0.002328,0.002328,1.0,0.000686,1037.648397,1021.202793,0.004011,0.004011,1.0
4117,06-Jan-06,24:00:00,5429.702083,0.000435,461.312547,461.164722,0.0,0.0,1.0,0.000435,541.945401,540.180272,0.0,0.0,1.0,0.000434,519.346143,519.346143,0.0,0.0,1.0
4118,07-Jan-06,24:00:00,4654.956667,0.000818,359.529029,359.50949,0.005211,0.005211,1.0,0.000817,418.177043,417.481521,0.008319,0.008319,1.0,0.000816,503.870543,502.367336,0.010151,0.010151,1.0
4119,08-Jan-06,24:00:00,3747.669583,0.000692,510.154,507.971905,0.013302,0.013302,1.0,0.000691,787.368044,737.686262,0.019053,0.019053,1.0,0.000689,1516.586379,1478.917594,0.025165,0.025165,1.0
4120,09-Jan-06,24:00:00,2088.647083,0.000497,495.259415,494.886501,0.0,0.0,1.0,0.000496,660.412358,654.323688,0.0,0.0,1.0,0.000495,522.321781,522.250395,0.0,0.0,1.0
4121,10-Jan-06,24:00:00,1359.746667,0.0011,343.155811,343.140841,0.0,0.0,1.0,0.001099,411.32671,411.231145,0.0,0.0,1.0,0.001097,458.230338,458.230338,0.0,0.0,1.0
4122,11-Jan-06,24:00:00,1577.555833,0.000703,317.160709,316.36324,0.01448,0.01448,1.0,0.000702,456.26033,400.118467,0.026308,0.026308,1.0,0.000701,1356.807473,773.147713,0.032942,0.032942,1.0
4123,12-Jan-06,24:00:00,3757.275417,0.000802,532.115176,530.27326,0.006078,0.006078,1.0,0.000802,1022.529401,934.200903,0.014967,0.014967,1.0,0.000801,1809.942172,1679.939673,0.021746,0.021746,1.0
4124,13-Jan-06,24:00:00,2092.490417,0.000693,562.658523,560.440239,0.01804,0.01804,1.0,0.000693,772.413388,751.064553,0.007571,0.007571,1.0,0.000692,533.291387,532.851955,0.0,0.0,1.0
4125,14-Jan-06,24:00:00,1697.068333,0.000958,502.418869,501.906749,0.0,0.0,1.0,0.000957,494.818926,491.592108,0.00091,0.00091,1.0,0.000956,459.702054,458.581674,0.001719,0.001719,1.0
4126,15-Jan-06,24:00:00,1799.677083,0.00034,317.891297,317.86616,0.0,0.0,1.0,0.00034,367.450071,366.048521,0.0,0.0,1.0,0.000339,453.315923,452.526348,0.0,0.0,1.0
4127,16-Jan-06,24:00:00,1902.860833,0.000402,264.851701,264.610859,0.012539,0.012539,1.0,0.000402,328.319584,325.081574,0.006993,0.006993,1.0,0.000401,404.152994,403.542311,0.001152,0.001152,1.0
4128,17-Jan-06,24:00:00,2314.833333,0.00058,469.376136,467.086564,0.008511,0.008511,1.0,0.000579,465.224085,448.483829,0.003619,0.003619,1.0,0.000578,423.694844,422.093718,0.000842,0.000842,1.0
4129,18-Jan-06,24:00:00,2560.104167,0.000722,423.576645,423.180786,0.0,0.0,1.0,0.000721,375.566074,373.597408,0.0,0.0,1.0,0.00072,354.647462,354.644091,0.0,0.0,1.0
4130,19-Jan-06,24:00:00,2461.19375,0.000385,272.91714,272.901157,0.0,0.0,1.0,0.000384,285.948436,285.905716,0.0,0.0,1.0,0.000384,332.495038,332.495038,0.0,0.0,1.0
4131,20-Jan-06,24:00:00,1828.875417,0.00069,223.876448,223.875766,0.001475,0.001475,1.0,0.000689,257.605671,257.548213,0.003306,0.003306,1.0,0.000687,315.191816,315.053246,0.004124,0.004124,1.0
4132,21-Jan-06,24:00:00,1731.435417,0.000841,242.632256,242.245989,0.001603,0.001603,1.0,0.00084,342.007573,330.815642,0.002537,0.002537,1.0,0.000839,553.81744,544.718268,0.004189,0.004189,1.0
4133,22-Jan-06,24:00:00,1930.614167,0.001358,271.820872,270.948797,0.008412,0.008412,1.0,0.001356,433.361749,406.89267,0.01666,0.01666,1.0,0.001354,919.866905,893.889663,0.023942,0.023942,1.0
4134,23-Jan-06,24:00:00,1987.292917,0.001145,300.315036,299.98653,0.0,0.0,1.0,0.001144,484.989779,476.498235,0.0,0.0,1.0,0.001142,429.499422,428.872201,0.0,0.0,1.0
4135,24-Jan-06,24:00:00,1849.34875,0.000744,249.056818,248.470259,0.005481,0.005481,1.0,0.000743,390.211049,372.182594,0.010695,0.010695,1.0,0.000743,837.027985,815.587919,0.01944,0.01944,1.0
4136,25-Jan-06,24:00:00,1697.58125,0.000768,247.197936,247.009974,0.0,0.0,1.0,0.000768,376.273413,372.03474,0.0,0.0,1.0,0.000767,372.187367,372.025136,0.0,0.0,1.0
4137,26-Jan-06,24:00:00,2773.778333,0.000666,355.236506,352.783485,0.024378,0.024378,1.0,0.000665,642.686643,578.076726,0.045732,0.045732,1.0,0.000664,1796.041302,1527.987677,0.059783,0.059783,1.0
4138,27-Jan-06,24:00:00,3948.8675,0.000336,548.946614,546.067783,0.031001,0.031001,1.0,0.000335,1105.938333,1037.033483,0.034613,0.034613,1.0,0.000335,1641.148333,1594.429583,0.03724,0.03724,1.0
4139,28-Jan-06,24:00:00,3395.41125,0.000423,684.615502,682.341591,0.0,0.0,1.0,0.000422,983.361065,951.988663,0.0,0.0,1.0,0.000422,844.436358,838.847583,0.0,0.0,1.0
4140,29-Jan-06,24:00:00,2342.41,0.000848,452.471556,441.859714,0.021174,0.021174,1.0,0.000767,585.215957,542.405236,0.021129,0.021129,1.0,0.000765,905.682367,835.186527,0.021153,0.021153,1.0
4141,30-Jan-06,24:00:00,3042.612083,0.000802,521.630248,514.798275,0.0,0.0,1.0,0.00077,648.323436,629.796264,0.0,0.0,1.0,0.000769,583.875264,580.448328,0.0,0.0,1.0
4142,31-Jan-06,24:00:00,2598.822083,0.00038,328.839974,327.801356,0.007806,0.007806,1.0,0.00038,408.137761,396.942503,0.007992,0.007992,1.0,0.000379,571.053509,562.393537,0.008295,0.008295,1.0
4143,01-Feb-06,24:00:00,2904.297917,0.000599,315.928232,315.482515,0.0,0.0,1.0,0.000598,403.328988,397.540915,0.0,0.0,1.0,0.000597,428.582377,428.024455,0.0,0.0,1.0
4144,02-Feb-06,24:00:00,2722.225417,0.000962,223.083043,223.055254,0.0,0.0,1.0,0.000961,282.468665,282.240056,0.0,0.0,1.0,0.00096,346.20249,346.20249,0.0,0.0,1.0
4145,03-Feb-06,24:00:00,3046.054583,0.001402,234.73986,234.05317,0.005981,0.005981,1.0,0.001401,345.611874,331.356656,0.007984,0.007984,1.0,0.001399,617.150385,606.407394,0.009677,0.009677,1.0
4146,04-Feb-06,24:00:00,2514.605,0.001231,236.152425,236.009674,0.0,0.0,1.0,0.00123,325.060481,322.858716,0.0,0.0,1.0,0.001229,335.0119,335.001163,0.0,0.0,1.0
4147,05-Feb-06,24:00:00,1751.314167,0.001267,178.432832,178.426337,0.0,0.0,1.0,0.001266,236.031234,235.989685,0.0,0.0,1.0,0.001264,303.70071,303.70071,0.0,0.0,1.0
4148,06-Feb-06,24:00:00,1386.482917,0.001402,156.065976,156.065976,0.0,0.0,0.998363,0.001401,209.092144,209.092144,0.0,0.0,0.998372,0.001399,285.998644,285.998644,0.0,0.0,0.998382
4149,07-Feb-06,24:00:00,1209.736667,0.001445,145.123908,145.123908,0.0,0.0,0.993934,0.001444,195.460382,195.460382,0.0,0.0,0.993953,0.001442,269.34336,269.34336,0.0,0.0,0.993975
4150,08-Feb-06,24:00:00,988.673328,0.001591,136.445076,136.445076,0.0,0.0,0.988778,0.00159,183.949908,183.949908,0.0,0.0,0.988801,0.001588,253.658016,253.658016,0.0,0.0,0.98883
4151,09-Feb-06,24:00:00,780.699484,0.001558,128.474559,128.474559,0.0,0.0,0.983392,0.001557,173.227621,173.227621,0.0,0.0,0.983418,0.001555,238.886115,238.886115,0.0,0.0,0.983454
4152,10-Feb-06,24:00:00,693.77454,0.001762,120.990332,120.990332,0.0,0.0,0.977765,0.001761,163.138921,163.138921,0.0,0.0,0.977796,0.001759,224.974464,224.974464,0.0,0.0,0.977837
4153,11-Feb-06,24:00:00,662.553733,0.001619,113.944169,113.944169,0.0,0.0,0.971891,0.001618,153.638397,153.638397,0.0,0.0,0.971925,0.001616,211.872965,211.872965,0.0,0.0,0.971973
4154,12-Feb-06,24:00:00,634.655779,0.001729,107.308553,107.308553,0.0,0.0,0.966211,0.001728,144.691186,144.691186,0.0,0.0,0.966248,0.001727,199.534437,199.534437,0.0,0.0,0.966301
4155,13-Feb-06,24:00:00,608.72196,0.002049,101.059385,101.059385,0.0,0.0,0.959975,0.002049,136.265023,136.265023,0.0,0.0,0.960016,0.002047,187.914451,187.914451,0.0,0.0,0.960073
4156,14-Feb-06,24:00:00,585.318579,0.00151,95.174141,95.174141,0.0,0.0,0.953613,0.00151,128.329562,128.329562,0.0,0.0,0.953657,0.001508,176.971159,176.971159,0.0,0.0,0.95372
4157,15-Feb-06,24:00:00,562.16994,0.001157,89.631628,89.631628,0.0,0.0,0.94904,0.001157,120.856226,120.856226,0.0,0.0,0.949087,0.001156,166.665156,166.665156,0.0,0.0,0.949154
4158,16-Feb-06,24:00:00,539.920629,0.001204,84.411886,84.411886,0.0,0.0,0.944862,0.001203,113.818104,113.818104,0.0,0.0,0.944911,0.001202,156.959328,156.959328,0.0,0.0,0.944982
4159,17-Feb-06,24:00:00,519.562283,0.00076,79.496118,79.496118,0.0,0.0,0.941522,0.000759,107.18985,107.18985,0.0,0.0,0.941573,0.000758,147.818724,147.818724,0.0,0.0,0.941648
4160,18-Feb-06,24:00:00,500.21437,0.001384,74.866622,74.866622,0.0,0.0,0.937856,0.001384,100.947596,100.947596,0.0,0.0,0.937909,0.001383,139.210427,139.210427,0.0,0.0,0.937987
4161,19-Feb-06,24:00:00,482.232711,0.001714,70.506727,70.506727,0.0,0.0,0.932677,0.001713,95.068863,95.068863,0.0,0.0,0.932732,0.001711,131.103439,131.103439,0.0,0.0,0.932814
4162,20-Feb-06,24:00:00,465.116983,0.00158,66.400733,66.400733,0.0,0.0,0.926956,0.001579,89.53248,89.53248,0.0,0.0,0.927014,0.001578,123.468565,123.468565,0.0,0.0,0.927101
4163,21-Feb-06,24:00:00,450.441007,0.001733,62.533853,62.533853,0.0,0.0,0.921289,0.001732,84.318512,84.318512,0.0,0.0,0.921351,0.00173,116.278312,116.278312,0.0,0.0,0.921443
4164,22-Feb-06,24:00:00,437.291781,0.001807,58.892163,58.892163,0.0,0.0,0.915224,0.001806,79.408182,79.408182,0.0,0.0,0.915288,0.001805,109.506787,109.506787,0.0,0.0,0.915386
4165,23-Feb-06,24:00:00,423.471319,0.001969,55.462549,55.462549,0.0,0.0,0.908812,0.001968,74.783807,74.783807,0.0,0.0,0.90888,0.001967,103.129605,103.129605,0.0,0.0,0.908982
4166,24-Feb-06,24:00:00,410.314555,0.002188,52.23266,52.23266,0.0,0.0,0.901859,0.002187,70.428735,70.428735,0.0,0.0,0.901929,0.002186,97.123801,97.123801,0.0,0.0,0.902037
4167,25-Feb-06,24:00:00,398.60478,0.001014,49.446297,49.190865,0.018539,0.0,0.906482,0.001014,69.75602,66.327282,0.014322,0.0,0.903798,0.001013,94.889041,91.467748,0.011448,0.0,0.902189
4168,26-Feb-06,24:00:00,2436.749436,0.000662,1071.983071,319.653572,0.077098,0.064989,0.999199,0.000662,841.801001,391.224199,0.078579,0.062276,0.997958,0.000661,1435.925159,825.823684,0.065992,0.046846,0.996365
4169,27-Feb-06,24:00:00,10344.595833,0.000737,2913.435,1177.662559,0.039257,0.039257,1.0,0.000736,2894.05875,1420.13375,0.04241,0.04241,1.0,0.000735,3217.009583,2010.624167,0.046183,0.046183,1.0
4170,28-Feb-06,24:00:00,4661.800417,0.000846,1019.916913,884.18664,0.007737,0.007737,1.0,0.000845,1078.985125,979.883044,0.013682,0.013682,1.0,0.000845,481.229844,475.142349,0.014206,0.014206,1.0
4171,01-Mar-06,24:00:00,3708.95125,0.00094,501.3242,498.286989,0.015285,0.015285,1.0,0.00094,668.56109,630.589667,0.01627,0.01627,1.0,0.000939,706.77015,691.563897,0.007636,0.007636,1.0
4172,02-Mar-06,24:00:00,3819.575833,0.000794,591.660849,588.386629,0.01914,0.01914,1.0,0.000793,824.107846,768.018347,0.021776,0.021776,1.0,0.000792,975.493004,947.5203,0.0222,0.0222,1.0
4173,03-Mar-06,24:00:00,2389.324583,0.001305,457.303619,456.734786,0.0,0.0,1.0,0.001304,571.209471,561.648545,0.0,0.0,1.0,0.001303,329.327625,328.45649,0.0,0.0,1.0
4174,04-Mar-06,24:00:00,3616.59625,0.000711,1196.912956,439.577451,0.058406,0.058406,1.0,0.000711,1287.254228,554.540891,0.058606,0.058606,1.0,0.00071,1939.443127,1199.116823,0.056101,0.056101,1.0
4175,05-Mar-06,24:00:00,7479.482917,0.000757,2040.352917,1186.474085,0.032317,0.032317,1.0,0.000757,2116.03375,1382.009167,0.025425,0.025425,1.0,0.000756,1594.8823,1354.615816,0.012376,0.012376,1.0
4176,06-Mar-06,24:00:00,4488.946667,0.001477,1050.428176,992.165369,0.011565,0.011565,1.0,0.001476,1046.832657,986.992657,0.011894,0.011894,1.0,0.001475,621.908114,612.18473,0.008587,0.008587,1.0
4177,07-Mar-06,24:00:00,3253.995,0.001736,514.129182,513.796071,0.0,0.0,1.0,0.001736,519.376428,515.730274,0.0,0.0,1.0,0.001736,323.882395,323.872353,0.0,0.0,1.0
4178,08-Mar-06,24:00:00,2207.17375,0.001322,290.310356,290.194393,0.004205,0.003974,0.999897,0.001322,317.634748,314.860693,0.005449,0.005253,0.999916,0.001322,322.041662,320.225199,0.00334,0.003034,0.999831
4179,09-Mar-06,24:00:00,1531.806667,0.000681,286.49992,286.048432,0.0,0.0,1.0,0.000681,361.913985,353.743955,0.0,0.0,1.0,0.00068,351.273096,349.378259,0.0,0.0,1.0
4180,10-Mar-06,24:00:00,1095.351667,0.001168,240.742612,240.710541,0.0,0.0,1.0,0.001168,281.85402,281.470469,0.0,0.0,1.0,0.001167,268.11321,268.11321,0.0,0.0,1.0
4181,11-Mar-06,24:00:00,1007.748341,0.001051,207.32515,207.32515,0.0,0.0,1.0,0.001051,245.056438,243.925252,0.000998,0.000998,1.0,0.00105,279.997092,278.664294,0.001328,0.001328,1.0
4182,12-Mar-06,24:00:00,1028.731135,0.000863,202.093723,200.354293,0.01879,0.01879,1.0,0.000862,261.806523,252.88683,0.019382,0.019382,1.0,0.000862,369.299827,350.861914,0.01953,0.01953,1.0
4183,13-Mar-06,24:00:00,3994.569167,0.001355,784.079691,673.68701,0.028672,0.028672,1.0,0.001355,946.589152,861.928827,0.028926,0.028926,1.0,0.001354,1670.05798,1585.401571,0.030266,0.030266,1.0
4184,14-Mar-06,24:00:00,3082.011667,0.001128,661.410546,650.56669,0.0,0.0,1.0,0.001128,723.217899,713.851709,0.0,0.0,1.0,0.001127,352.637547,352.400891,0.0,0.0,1.0
4185,15-Mar-06,24:00:00,2258.58,0.000653,407.620663,405.425024,0.031746,0.031746,1.0,0.000653,434.882705,409.770484,0.02351,0.02351,1.0,0.000652,626.82063,608.550263,0.019432,0.019432,1.0
4186,16-Mar-06,24:00:00,2827.310833,0.001922,652.93559,650.646983,0.0,0.0,1.0,0.001922,657.289779,634.62169,0.0,0.0,1.0,0.001921,534.436898,531.114924,0.0,0.0,1.0
4187,17-Mar-06,24:00:00,1592.014167,0.002068,379.141191,378.988673,0.0,0.0,1.0,0.002067,352.624178,351.653857,0.0,0.0,1.0,0.002067,274.636719,274.636719,0.0,0.0,1.0
4188,18-Mar-06,24:00:00,1236.761667,0.002186,236.920707,236.920625,0.0,0.0,0.996891,0.002186,246.318187,246.318187,0.0,0.0,0.996892,0.002186,257.972398,257.972398,0.0,0.0,0.996888
4189,19-Mar-06,24:00:00,1228.590417,0.000689,213.470595,212.999085,0.006594,0.004577,0.996664,0.000689,248.595255,239.961825,0.007243,0.005227,0.996661,0.000689,353.434744,346.023068,0.007366,0.005348,0.996545
4190,20-Mar-06,24:00:00,1405.289583,0.001135,251.870445,251.447227,0.0,0.0,1.0,0.001135,301.791496,295.70831,0.0,0.0,1.0,0.001134,293.576123,292.802106,0.0,0.0,1.0
4191,21-Mar-06,24:00:00,1151.664167,0.001923,202.02819,202.001238,0.0,0.0,1.0,0.001923,223.808321,223.557432,0.0,0.0,1.0,0.001922,223.885866,223.885866,0.0,0.0,1.0
4192,22-Mar-06,24:00:00,919.494263,0.002606,173.430126,173.42898,0.002294,0.000711,0.998192,0.002606,192.570151,192.527236,0.003302,0.00172,0.998193,0.002606,211.339215,211.236242,0.003734,0.002153,0.998195
4193,23-Mar-06,24:00:00,1776.626904,0.000788,345.532081,343.006915,0.019613,0.019613,1.0,0.000788,502.085407,458.256936,0.020751,0.020751,1.0,0.000787,933.254493,904.935477,0.021863,0.021863,1.0
4194,24-Mar-06,24:00:00,2017.945,0.00146,528.360044,525.789924,0.019147,0.019147,1.0,0.001459,649.85724,611.977684,0.019633,0.019633,1.0,0.001459,797.616359,775.789619,0.020076,0.020076,1.0
4195,25-Mar-06,24:00:00,1606.365833,0.002415,442.861593,442.25037,0.0,0.0,1.0,0.002415,503.02184,494.747273,0.0,0.0,1.0,0.002415,320.595775,320.091134,0.0,0.0,1.0
4196,26-Mar-06,24:00:00,876.885852,0.001938,238.245658,238.183723,0.002989,0.002261,0.999425,0.001938,253.677329,253.190942,0.001078,0.000352,0.999372,0.001937,230.681029,230.522398,0.000497,0.0,0.999243
4197,27-Mar-06,24:00:00,1058.275572,0.001186,223.409661,222.645216,0.005362,0.005362,1.0,0.001185,221.387377,215.142267,0.003536,0.003536,1.0,0.001184,290.612124,286.595896,0.003529,0.003301,0.999608
4198,28-Mar-06,24:00:00,1830.27625,0.001053,386.790346,384.688729,0.015266,0.015266,1.0,0.001052,392.184027,369.712564,0.0108,0.0108,1.0,0.001052,366.396189,361.458606,0.004174,0.004174,1.0
4199,29-Mar-06,24:00:00,1678.189583,0.001006,355.510771,355.124032,0.0,0.0,1.0,0.001005,316.800596,313.947656,0.0,0.0,1.0,0.001004,207.740097,207.740097,0.0,0.0,1.0
4200,30-Mar-06,24:00:00,2328.095833,0.000705,518.519227,349.10041,0.044625,0.044625,1.0,0.000704,499.748587,390.196496,0.044156,0.044156,1.0,0.000704,1022.380773,975.780779,0.046929,0.046929,1.0
4201,31-Mar-06,24:00:00,3957.782917,0.001402,997.648522,832.998212,0.006968,0.006968,1.0,0.001402,1046.297508,957.864987,0.006049,0.006049,1.0,0.001401,1063.554637,1047.705482,0.006321,0.006321,1.0
4202,01-Apr-06,24:00:00,1674.03125,0.000969,498.625463,487.904079,0.009502,0.009502,1.0,0.000968,498.422029,489.390314,0.01206,0.01206,1.0,0.000968,361.923056,357.001491,0.01271,0.01271,1.0
4203,02-Apr-06,24:00:00,2862.225417,0.001363,574.459623,570.748765,0.021814,0.021814,1.0,0.001363,757.887437,699.052538,0.021814,0.021814,1.0,0.001362,1216.048055,1182.160479,0.022268,0.022268,1.0
4204,03-Apr-06,24:00:00,2905.823333,0.000883,529.695058,528.621166,0.010799,0.010799,1.0,0.000882,584.694984,571.107744,0.010846,0.010846,1.0,0.000882,438.269951,430.635793,0.012665,0.012665,1.0
4205,04-Apr-06,24:00:00,3326.3625,0.001792,432.852614,431.713284,0.001413,0.001413,1.0,0.001791,488.203893,471.210406,0.001151,0.001151,1.0,0.00179,571.94081,564.336879,0.000993,0.000993,1.0
4206,05-Apr-06,24:00:00,2731.225,0.001534,287.82531,287.729273,0.0,0.0,1.0,0.001533,304.61757,303.651674,0.0,0.0,1.0,0.001532,272.073445,272.073445,0.0,0.0,1.0
4207,06-Apr-06,24:00:00,2046.986667,0.001483,217.283956,216.926321,0.015222,0.014754,0.999785,0.001483,240.155778,234.389541,0.012963,0.012495,0.999786,0.001482,336.552592,330.165465,0.011734,0.011268,0.999787
4208,07-Apr-06,24:00:00,2224.105833,0.001679,393.826942,392.083923,0.000816,0.000816,1.0,0.001678,434.928422,414.897722,0.0,0.0,1.0,0.001678,517.148369,510.496728,0.0,0.0,1.0
4209,08-Apr-06,24:00:00,1574.075,0.001292,295.061199,294.92019,0.0,0.0,1.0,0.001291,283.805387,282.81317,0.0,0.0,1.0,0.001291,244.370399,244.370399,0.0,0.0,1.0
4210,09-Apr-06,24:00:00,1570.704167,0.001305,225.439121,225.009764,0.004159,0.004159,1.0,0.001305,265.123858,255.371278,0.005946,0.005946,1.0,0.001304,416.471443,409.188253,0.006627,0.006627,1.0
4211,10-Apr-06,24:00:00,3307.574583,0.00099,757.707051,430.814621,0.058356,0.058356,1.0,0.00099,906.979383,514.648846,0.055552,0.055552,1.0,0.000989,1771.325332,1140.801336,0.053869,0.053869,1.0
4212,11-Apr-06,24:00:00,9801.485833,0.001201,2717.38125,1255.877431,0.043271,0.043271,1.0,0.001201,2964.30125,1478.320833,0.042403,0.042403,1.0,0.0012,3658.842083,2147.3525,0.042729,0.042729,1.0
4213,12-Apr-06,24:00:00,4495.51375,0.00265,1240.242694,1030.720916,0.0,0.0,1.0,0.00265,1238.629634,1062.900258,0.0,0.0,1.0,0.002649,495.779918,493.95941,0.0,0.0,1.0
4214,13-Apr-06,24:00:00,3009.507917,0.002958,443.637612,436.216233,0.0,0.0,0.997512,0.002958,417.103537,414.642595,0.0,0.0,0.997265,0.002957,332.720701,332.720701,0.0,0.0,0.997268
4215,14-Apr-06,24:00:00,2861.189167,0.000958,272.150115,271.811567,0.019027,0.016398,0.994731,0.000957,291.747042,284.518077,0.019728,0.016962,0.994538,0.000957,397.250648,387.088818,0.020335,0.017572,0.994669
4216,15-Apr-06,24:00:00,4699.082917,0.001479,644.66111,640.053303,0.021067,0.021067,1.0,0.001478,827.267029,761.346617,0.019534,0.019534,1.0,0.001477,1426.258068,1388.044352,0.027305,0.027305,1.0
4217,16-Apr-06,24:00:00,3575.354583,0.00251,577.829318,577.193543,0.0,0.0,1.0,0.00251,606.514914,598.71251,0.0,0.0,1.0,0.002509,548.305043,543.740568,0.0,0.0,1.0
4218,17-Apr-06,24:00:00,2027.877917,0.003164,313.081342,313.059453,0.0,0.0,0.998085,0.003164,318.774049,318.595521,0.0,0.0,0.998086,0.003163,329.96737,329.96737,0.0,0.0,0.998088
4219,18-Apr-06,24:00:00,1483.045833,0.003488,236.20847,236.208427,0.0,0.0,0.989284,0.003488,252.865401,252.865401,0.0,0.0,0.989287,0.003487,309.971634,309.971634,0.0,0.0,0.989293
4220,19-Apr-06,24:00:00,1249.105,0.003356,213.526041,213.526041,0.0,0.0,0.977399,0.003355,232.832437,232.832437,0.0,0.0,0.977404,0.003355,291.919539,291.919539,0.0,0.0,0.977412
4221,20-Apr-06,24:00:00,1162.405833,0.002863,200.003276,200.003276,0.0,0.0,0.966926,0.002863,218.801897,218.801897,0.0,0.0,0.966931,0.002862,274.91946,274.91946,0.0,0.0,0.966942
4222,21-Apr-06,24:00:00,1122.667083,0.001599,188.238901,188.238901,0.0,0.0,0.958889,0.001599,206.023126,206.023126,0.0,0.0,0.958895,0.001599,258.909388,258.909388,0.0,0.0,0.958907
4223,22-Apr-06,24:00:00,1086.934583,0.002481,177.265078,177.265078,0.0,0.0,0.951988,0.00248,194.022633,194.022633,0.0,0.0,0.951994,0.00248,243.831672,243.831672,0.0,0.0,0.952008
4224,23-Apr-06,24:00:00,1051.732917,0.00135,166.940864,166.940864,0.0,0.0,0.94535,0.00135,182.723451,182.723451,0.0,0.0,0.945358,0.001349,229.632013,229.632013,0.0,0.0,0.945374
4225,24-Apr-06,24:00:00,1019.724583,0.002036,157.218881,157.218881,0.0,0.0,0.939763,0.002036,172.082448,172.082448,0.0,0.0,0.939772,0.002035,216.259279,216.259279,0.0,0.0,0.939791
4226,25-Apr-06,24:00:00,993.373186,0.003604,148.063153,148.063153,0.0,0.0,0.930211,0.003604,162.061141,162.061141,0.0,0.0,0.930222,0.003604,203.665313,203.665313,0.0,0.0,0.930243
4227,26-Apr-06,24:00:00,971.527042,0.004046,139.440621,139.440621,0.0,0.0,0.917106,0.004046,152.62343,152.62343,0.0,0.0,0.917117,0.004046,191.804762,191.804762,0.0,0.0,0.917138
4228,27-Apr-06,24:00:00,950.720918,0.004242,131.320227,131.320227,0.0,0.0,0.902935,0.004242,143.735329,143.735329,0.0,0.0,0.902945,0.004242,180.634917,180.634917,0.0,0.0,0.902967
4229,28-Apr-06,24:00:00,930.936839,0.003962,123.672728,123.672728,0.0,0.0,0.889113,0.003963,135.364831,135.364831,0.0,0.0,0.889123,0.003963,170.115553,170.115553,0.0,0.0,0.889144
4230,29-Apr-06,24:00:00,912.710198,0.00438,116.470586,116.470586,0.0,0.0,0.874713,0.00438,127.481793,127.481793,0.0,0.0,0.874722,0.00438,160.208789,160.208789,0.0,0.0,0.874744
4231,30-Apr-06,24:00:00,895.272312,0.004279,109.687864,109.687864,0.0,0.0,0.859811,0.004279,120.057827,120.057827,0.0,0.0,0.85982,0.004279,150.878951,150.878951,0.0,0.0,0.859841
4232,01-May-06,24:00:00,878.219207,0.004155,103.300136,103.300136,0.0,0.0,0.845278,0.004155,113.0662,113.0662,0.0,0.0,0.845287,0.004155,142.092441,142.092441,0.0,0.0,0.845308
4233,02-May-06,24:00:00,859.428082,0.003703,97.284402,97.284402,0.0,0.0,0.831717,0.003703,106.481734,106.481734,0.0,0.0,0.831726,0.003703,133.817617,133.817617,0.0,0.0,0.831747
4234,03-May-06,24:00:00,838.548114,0.002737,91.618996,91.618996,0.0,0.0,0.820861,0.002738,100.280717,100.280717,0.0,0.0,0.820868,0.002738,126.024682,126.024682,0.0,0.0,0.82089
4235,04-May-06,24:00:00,686.869377,0.003167,86.283519,86.283519,0.0,0.0,0.810958,0.003167,94.44082,94.44082,0.0,0.0,0.810966,0.003167,118.685572,118.685572,0.0,0.0,0.810987
4236,05-May-06,24:00:00,542.8759,0.003848,81.258755,81.258755,0.0,0.0,0.798628,0.003848,88.941012,88.941012,0.0,0.0,0.798635,0.003848,111.773859,111.773859,0.0,0.0,0.798656
4237,06-May-06,24:00:00,488.071121,0.004316,76.526611,76.526611,0.0,0.0,0.7848,0.004316,83.761488,83.761488,0.0,0.0,0.784807,0.004316,105.264653,105.264653,0.0,0.0,0.784828
4238,07-May-06,24:00:00,472.151573,0.004039,72.070046,72.070046,0.0,0.0,0.770242,0.004039,78.883596,78.883596,0.0,0.0,0.770249,0.004039,99.134513,99.134513,0.0,0.0,0.77027
4239,08-May-06,24:00:00,456.20746,0.004178,67.873011,67.873011,0.0,0.0,0.756182,0.004178,74.289771,74.289771,0.0,0.0,0.756189,0.004178,93.361366,93.361366,0.0,0.0,0.75621
4240,09-May-06,24:00:00,440.938489,0.004194,63.920393,63.920393,0.0,0.0,0.741788,0.004194,69.963469,69.963469,0.0,0.0,0.741795,0.004194,87.92442,87.92442,0.0,0.0,0.741816
4241,10-May-06,24:00:00,426.856526,0.004737,60.197957,60.197957,0.0,0.0,0.72683,0.004737,65.889112,65.889112,0.0,0.0,0.726837,0.004737,82.804098,82.804098,0.0,0.0,0.726858
4242,11-May-06,24:00:00,424.374291,0.004384,56.692299,56.692299,0.0,0.0,0.710892,0.004384,62.052027,62.052027,0.0,0.0,0.710899,0.004384,77.98196,77.98196,0.0,0.0,0.71092
4243,12-May-06,24:00:00,439.888406,0.004562,53.390795,53.390795,0.0,0.0,0.695728,0.004562,58.438396,58.438396,0.0,0.0,0.695734,0.004562,73.440642,73.440642,0.0,0.0,0.695755
4244,13-May-06,24:00:00,441.190025,0.004588,50.281556,50.281556,0.0,0.0,0.679926,0.004588,55.035207,55.035207,0.0,0.0,0.679933,0.004588,69.16379,69.16379,0.0,0.0,0.679953
4245,14-May-06,24:00:00,428.540041,0.004858,47.353384,47.353384,0.0,0.0,0.66388,0.004858,51.830205,51.830205,0.0,0.0,0.663887,0.004858,65.136002,65.136002,0.0,0.0,0.663907
4246,15-May-06,24:00:00,417.667087,0.004866,44.595736,44.595736,0.0,0.0,0.64714,0.004866,48.811847,48.811847,0.0,0.0,0.647146,0.004867,61.342775,61.342775,0.0,0.0,0.647166
4247,16-May-06,24:00:00,398.896612,0.004725,41.998682,41.998682,0.0,0.0,0.630723,0.004725,45.969265,45.969265,0.0,0.0,0.630729,0.004725,57.770448,57.770448,0.0,0.0,0.630749
4248,17-May-06,24:00:00,378.623476,0.00496,39.552868,39.552868,0.0,0.0,0.61428,0.00496,43.292222,43.292222,0.0,0.0,0.614287,0.00496,54.406157,54.406157,0.0,0.0,0.614307
4249,18-May-06,24:00:00,367.504722,0.002708,37.249487,37.249487,0.0,0.0,0.600323,0.002708,40.771078,40.771078,0.0,0.0,0.600326,0.002708,51.237788,51.237788,0.0,0.0,0.600347
4250,19-May-06,24:00:00,371.048613,0.003186,35.080244,35.080244,0.0,0.0,0.592797,0.003186,38.396754,38.396754,0.0,0.0,0.590826,0.003185,48.25393,48.25393,0.0,0.0,0.590847
4251,20-May-06,24:00:00,402.219834,0.002527,33.037329,33.037329,0.0,0.0,0.584643,0.002527,36.1607,36.1607,0.0,0.0,0.581246,0.002527,45.443838,45.443838,0.0,0.0,0.580836
4252,21-May-06,24:00:00,444.227304,0.002406,31.113384,31.113384,0.0,0.0,0.578997,0.002405,34.054864,34.054864,0.0,0.0,0.57526,0.002405,42.797394,42.797394,0.0,0.0,0.572345
4253,22-May-06,24:00:00,472.257199,0.002089,29.30148,29.30148,0.0,0.0,0.572268,0.002089,32.071662,32.071662,0.0,0.0,0.568243,0.002088,40.305066,40.305066,0.0,0.0,0.564482
4254,23-May-06,24:00:00,459.907045,0.002923,27.595094,27.595094,0.0,0.0,0.563867,0.002923,30.203953,30.203953,0.0,0.0,0.559843,0.002922,37.957881,37.957881,0.0,0.0,0.556084
4255,24-May-06,24:00:00,394.124934,0.003837,25.98808,25.98808,0.0,0.0,0.552443,0.003837,28.445011,28.445011,0.0,0.0,0.548419,0.003837,35.747385,35.747385,0.0,0.0,0.544664
4256,25-May-06,24:00:00,321.610873,0.003308,24.474651,24.474651,0.0,0.0,0.539825,0.003308,26.788501,26.788501,0.0,0.0,0.535801,0.003308,33.665618,33.665618,0.0,0.0,0.532046
4257,26-May-06,24:00:00,293.952399,0.00359,23.049358,23.049358,0.0,0.0,0.528215,0.00359,25.22846,25.22846,0.0,0.0,0.524192,0.00359,31.705084,31.705084,0.0,0.0,0.520439
4258,27-May-06,24:00:00,289.846185,0.003853,21.707067,21.707067,0.0,0.0,0.515457,0.003853,23.759268,23.759268,0.0,0.0,0.511434,0.003854,29.858723,29.858723,0.0,0.0,0.507681
4259,28-May-06,24:00:00,286.403095,0.004223,20.442945,20.442945,0.0,0.0,0.501915,0.004223,22.375635,22.375635,0.0,0.0,0.497893,0.004222,28.119885,28.119885,0.0,0.0,0.494139
4260,29-May-06,24:00:00,283.221306,0.00446,19.25244,19.25244,0.0,0.0,0.486928,0.004459,21.072579,21.072579,0.0,0.0,0.482906,0.004459,26.48231,26.48231,0.0,0.0,0.479155
4261,30-May-06,24:00:00,276.672462,0.004436,18.131265,18.131265,0.0,0.0,0.471548,0.004436,19.845407,19.845407,0.0,0.0,0.467527,0.004436,24.940099,24.940099,0.0,0.0,0.463777
4262,31-May-06,24:00:00,270.410308,0.003723,17.075382,17.075382,0.0,0.0,0.457329,0.003723,18.6897,18.6897,0.0,0.0,0.453308,0.003722,23.4877,23.4877,0.0,0.0,0.44956
4263,01-Jun-06,24:00:00,265.289455,0.003145,16.080988,16.080988,0.0,0.0,0.446072,0.003145,17.601296,17.601296,0.0,0.0,0.442051,0.003144,22.119883,22.119883,0.0,0.0,0.438305
4264,02-Jun-06,24:00:00,261.20992,0.004903,15.144504,15.144504,0.0,0.0,0.43232,0.004903,16.576275,16.576275,0.0,0.0,0.428299,0.004902,20.83172,20.83172,0.0,0.0,0.424555
4265,03-Jun-06,24:00:00,258.098806,0.004263,14.262556,14.262556,0.0,0.0,0.41651,0.004263,15.610948,15.610948,0.0,0.0,0.41249,0.004263,19.618575,19.618575,0.0,0.0,0.408747
4266,04-Jun-06,24:00:00,254.579423,0.004796,13.431969,13.431969,0.0,0.0,0.401083,0.004796,14.701837,14.701837,0.0,0.0,0.397063,0.004795,18.476077,18.476077,0.0,0.0,0.393321
4267,05-Jun-06,24:00:00,251.440183,0.005046,12.649752,12.649752,0.0,0.0,0.384273,0.005046,13.845668,13.845668,0.0,0.0,0.380253,0.005045,17.400114,17.400114,0.0,0.0,0.376513
4268,06-Jun-06,24:00:00,248.846005,0.004986,11.913087,11.913087,0.0,0.0,0.366927,0.004986,13.039359,13.039359,0.0,0.0,0.362908,0.004985,16.386809,16.386809,0.0,0.0,0.359169
4269,07-Jun-06,24:00:00,247.010805,0.004583,11.219323,11.219323,0.0,0.0,0.350586,0.004583,12.280005,12.280005,0.0,0.0,0.346568,0.004582,15.432516,15.432516,0.0,0.0,0.342831
4270,08-Jun-06,24:00:00,225.505678,0.004713,10.56596,10.56596,0.0,0.0,0.334534,0.004713,11.564873,11.564873,0.0,0.0,0.330516,0.004712,14.533795,14.533795,0.0,0.0,0.326781
4271,09-Jun-06,24:00:00,200.687276,0.004698,9.950646,9.950646,0.0,0.0,0.318385,0.004698,10.891387,10.891387,0.0,0.0,0.314367,0.004697,13.687413,13.687413,0.0,0.0,0.310634
4272,10-Jun-06,24:00:00,187.789496,0.004086,9.371165,9.371165,0.0,0.0,0.303014,0.004086,10.257121,10.257121,0.0,0.0,0.298996,0.004086,12.890319,12.890319,0.0,0.0,0.295266
4273,11-Jun-06,24:00:00,184.811785,0.002133,8.825431,8.825431,0.0,0.0,0.292416,0.002134,9.659793,9.659793,0.0,0.0,0.288397,0.002133,12.139645,12.139645,0.0,0.0,0.284668
4274,12-Jun-06,24:00:00,182.470054,0.002138,8.311478,8.311478,0.0,0.0,0.284787,0.002138,9.09725,9.09725,0.0,0.0,0.280768,0.002138,11.432687,11.432687,0.0,0.0,0.27704
4275,13-Jun-06,24:00:00,180.2733,0.003702,7.827454,7.827454,0.0,0.0,0.274895,0.003701,8.567467,8.567467,0.0,0.0,0.270878,0.003701,10.766899,10.766899,0.0,0.0,0.267152
4276,14-Jun-06,24:00:00,176.848154,0.004768,7.371619,7.371619,0.0,0.0,0.260887,0.004768,8.068537,8.068537,0.0,0.0,0.256872,0.004767,10.139883,10.139883,0.0,0.0,0.253147
4277,15-Jun-06,24:00:00,173.737056,0.005459,6.942329,6.942329,0.0,0.0,0.243499,0.005459,7.598661,7.598661,0.0,0.0,0.239485,0.005459,9.549382,9.549382,0.0,0.0,0.235761
4278,16-Jun-06,24:00:00,171.715965,0.005238,6.538039,6.538039,0.0,0.0,0.22522,0.005238,7.156149,7.156149,0.0,0.0,0.221206,0.005238,8.993269,8.993269,0.0,0.0,0.217483
4279,17-Jun-06,24:00:00,170.278523,0.005176,6.157293,6.157293,0.0,0.0,0.207373,0.005176,6.739408,6.739408,0.0,0.0,0.20336,0.005176,8.469541,8.469541,0.0,0.0,0.19964
4280,18-Jun-06,24:00:00,169.038609,0.00449,5.79872,5.79872,0.0,0.0,0.190213,0.00449,6.346935,6.346935,0.0,0.0,0.1862,0.004489,7.976314,7.976314,0.0,0.0,0.182482
4281,19-Jun-06,24:00:00,167.379197,0.005438,5.461029,5.461029,0.0,0.0,0.173806,0.005438,5.977318,5.977318,0.0,0.0,0.169793,0.005438,7.511809,7.511809,0.0,0.0,0.166076
4282,20-Jun-06,24:00:00,166.204526,0.005318,5.143003,5.143003,0.0,0.0,0.15526,0.005318,5.629226,5.629226,0.0,0.0,0.151248,0.005317,7.074355,7.074355,0.0,0.0,0.147533
4283,21-Jun-06,24:00:00,167.73345,0.005136,4.843498,4.843498,0.0,0.0,0.137113,0.005136,5.301405,5.301405,0.0,0.0,0.133102,0.005135,6.662376,6.662376,0.0,0.0,0.129389
4284,22-Jun-06,24:00:00,178.021485,0.005319,4.561434,4.561434,0.0,0.0,0.11925,0.005319,4.992675,4.992675,0.0,0.0,0.115239,0.005318,6.27439,6.27439,0.0,0.0,0.111528
4285,23-Jun-06,24:00:00,191.895887,0.005379,4.295797,4.295797,0.0,0.0,0.101093,0.005379,4.701924,4.701924,0.0,0.0,0.097082,0.005378,5.908997,5.908997,0.0,0.0,0.093373
4286,24-Jun-06,24:00:00,200.681853,0.005491,4.045629,4.045629,0.0,0.0,0.082373,0.005491,4.428105,4.428105,0.0,0.0,0.078362,0.00549,5.564884,5.564884,0.0,0.0,0.074655
4287,25-Jun-06,24:00:00,227.773176,0.005447,3.81003,3.81003,0.0,0.0,0.063774,0.005446,4.170232,4.170232,0.0,0.0,0.059764,0.005446,5.24081,5.24081,0.0,0.0,0.056059
4288,26-Jun-06,24:00:00,266.19034,0.005065,3.588151,3.588151,0.0,0.0,0.045577,0.005065,3.927377,3.927377,0.0,0.0,0.041567,0.005065,4.935609,4.935609,0.0,0.0,0.037864
4289,27-Jun-06,24:00:00,279.412965,0.004215,3.379193,3.379193,0.0,0.0,0.029193,0.004215,3.698664,3.698664,0.0,0.0,0.025184,0.004215,4.648181,4.648181,0.0,0.0,0.021483
4290,28-Jun-06,24:00:00,277.588219,0.005367,3.182404,3.182404,0.0,0.0,0.013809,0.005367,3.483271,3.483271,0.0,0.0,0.009869,0.005367,4.377492,4.377492,0.0,0.0,0.00715
4291,29-Jun-06,24:00:00,271.720101,0.004391,2.997075,2.997075,0.0,0.0,0.001193,0.004391,3.280421,3.280421,0.0,0.0,0.0,0.004391,4.122567,4.122567,0.0,0.0,0.0
4292,30-Jun-06,24:00:00,264.356815,0.005452,2.822539,2.822539,0.0,0.0,0.0,0.005452,3.089384,3.089384,0.0,0.0,0.0,0.005451,3.882487,3.882487,0.0,0.0,0.0
4293,01-Jul-06,24:00:00,260.775371,0.005426,2.658167,2.658167,0.0,0.0,0.0,0.005426,2.909472,2.909472,0.0,0.0,0.0,0.005426,3.656389,3.656389,0.0,0.0,0.0
4294,02-Jul-06,24:00:00,259.198464,0.005005,2.503367,2.503367,0.0,0.0,0.0,0.005005,2.740037,2.740037,0.0,0.0,0.0,0.005005,3.443457,3.443457,0.0,0.0,0.0
4295,03-Jul-06,24:00:00,256.482615,0.004873,2.357582,2.357582,0.0,0.0,0.0,0.004873,2.58047,2.58047,0.0,0.0,0.0,0.004873,3.242926,3.242926,0.0,0.0,0.0
4296,04-Jul-06,24:00:00,254.818877,0.004361,2.220288,2.220288,0.0,0.0,0.0,0.004361,2.430195,2.430195,0.0,0.0,0.0,0.004361,3.054072,3.054072,0.0,0.0,0.0
4297,05-Jul-06,24:00:00,254.946718,0.004538,2.090988,2.090988,0.0,0.0,0.0,0.004538,2.288671,2.288671,0.0,0.0,0.0,0.004537,2.876217,2.876217,0.0,0.0,0.0
4298,06-Jul-06,24:00:00,254.910471,0.004849,1.969218,1.969218,0.0,0.0,0.0,0.004849,2.155389,2.155389,0.0,0.0,0.0,0.004848,2.708719,2.708719,0.0,0.0,0.0
4299,07-Jul-06,24:00:00,255.115985,0.005283,1.85454,1.85454,0.0,0.0,0.0,0.005283,2.029869,2.029869,0.0,0.0,0.0,0.005282,2.550975,2.550975,0.0,0.0,0.0
4300,08-Jul-06,24:00:00,254.526523,0.005381,1.74654,1.74654,0.0,0.0,0.0,0.005381,1.911659,1.911659,0.0,0.0,0.0,0.00538,2.402418,2.402418,0.0,0.0,0.0
4301,09-Jul-06,24:00:00,245.359468,0.005018,1.644829,1.644829,0.0,0.0,0.0,0.005018,1.800332,1.800332,0.0,0.0,0.0,0.005017,2.262512,2.262512,0.0,0.0,0.0
4302,10-Jul-06,24:00:00,231.10907,0.004956,1.549042,1.549042,0.0,0.0,0.0,0.004956,1.695489,1.695489,0.0,0.0,0.0,0.004955,2.130753,2.130753,0.0,0.0,0.0
4303,11-Jul-06,24:00:00,225.8193,0.004776,1.458833,1.458833,0.0,0.0,0.0,0.004776,1.596751,1.596751,0.0,0.0,0.0,0.004775,2.006668,2.006668,0.0,0.0,0.0
4304,12-Jul-06,24:00:00,225.218155,0.004647,1.373877,1.373877,0.0,0.0,0.0,0.004647,1.503764,1.503764,0.0,0.0,0.0,0.004647,1.889809,1.889809,0.0,0.0,0.0
4305,13-Jul-06,24:00:00,223.347885,0.005062,1.293868,1.293868,0.0,0.0,0.0,0.005062,1.416192,1.416192,0.0,0.0,0.0,0.005061,1.779755,1.779755,0.0,0.0,0.0
4306,14-Jul-06,24:00:00,221.691682,0.004972,1.218519,1.218519,0.0,0.0,0.0,0.004971,1.333719,1.333719,0.0,0.0,0.0,0.004971,1.67611,1.67611,0.0,0.0,0.0
4307,15-Jul-06,24:00:00,221.63939,0.005141,1.147558,1.147558,0.0,0.0,0.0,0.005141,1.256049,1.256049,0.0,0.0,0.0,0.00514,1.578501,1.578501,0.0,0.0,0.0
4308,16-Jul-06,24:00:00,221.187842,0.005356,1.08073,1.08073,0.0,0.0,0.0,0.005356,1.182902,1.182902,0.0,0.0,0.0,0.005355,1.486576,1.486576,0.0,0.0,0.0
4309,17-Jul-06,24:00:00,220.58167,0.005708,1.017793,1.017793,0.0,0.0,0.0,0.005708,1.114016,1.114016,0.0,0.0,0.0,0.005707,1.400004,1.400004,0.0,0.0,0.0
4310,18-Jul-06,24:00:00,221.570484,0.004636,0.958521,0.958521,0.0,0.0,0.0,0.004636,1.04914,1.04914,0.0,0.0,0.0,0.004635,1.318475,1.318475,0.0,0.0,0.0
4311,19-Jul-06,24:00:00,222.759372,0.00534,0.902701,0.902701,0.0,0.0,0.0,0.005339,0.988043,0.988043,0.0,0.0,0.0,0.005339,1.241692,1.241692,0.0,0.0,0.0
4312,20-Jul-06,24:00:00,232.607736,0.004236,0.850132,0.850132,0.0,0.0,0.0,0.004236,0.930504,0.930504,0.0,0.0,0.0,0.004236,1.169382,1.169382,0.0,0.0,0.0
4313,21-Jul-06,24:00:00,246.529381,0.004786,0.800624,0.800624,0.0,0.0,0.0,0.004786,0.876316,0.876316,0.0,0.0,0.0,0.004786,1.101282,1.101282,0.0,0.0,0.0
4314,22-Jul-06,24:00:00,251.561789,0.004257,0.753999,0.753999,0.0,0.0,0.0,0.004257,0.825283,0.825283,0.0,0.0,0.0,0.004256,1.037149,1.037149,0.0,0.0,0.0
4315,23-Jul-06,24:00:00,252.697193,0.004773,0.71009,0.71009,0.0,0.0,0.0,0.004773,0.777222,0.777222,0.0,0.0,0.0,0.004772,0.97675,0.97675,0.0,0.0,0.0
4316,24-Jul-06,24:00:00,256.946379,0.001201,0.668737,0.668737,0.0,0.0,0.0,0.0012,0.73196,0.73196,0.0,0.0,0.0,0.001199,0.919868,0.919868,0.0,0.0,0.0
4317,25-Jul-06,24:00:00,259.774208,0.005342,0.629793,0.629793,0.0,0.0,0.0,0.005342,0.689334,0.689334,0.0,0.0,0.0,0.005341,0.866299,0.866299,0.0,0.0,0.0
4318,26-Jul-06,24:00:00,260.076494,0.005078,0.593117,0.593117,0.0,0.0,0.0,0.005078,0.64919,0.64919,0.0,0.0,0.0,0.005078,0.81585,0.81585,0.0,0.0,0.0
4319,27-Jul-06,24:00:00,261.165543,0.004595,0.558576,0.558576,0.0,0.0,0.0,0.004595,0.611385,0.611385,0.0,0.0,0.0,0.004595,0.768338,0.768338,0.0,0.0,0.0
4320,28-Jul-06,24:00:00,260.029269,0.004443,0.526047,0.526047,0.0,0.0,0.0,0.004443,0.57578,0.57578,0.0,0.0,0.0,0.004444,0.723594,0.723594,0.0,0.0,0.0
4321,29-Jul-06,24:00:00,257.556403,0.004888,0.495413,0.495413,0.0,0.0,0.0,0.004888,0.542249,0.542249,0.0,0.0,0.0,0.004888,0.681455,0.681455,0.0,0.0,0.0
4322,30-Jul-06,24:00:00,256.652213,0.004578,0.466562,0.466562,0.0,0.0,0.0,0.004578,0.510671,0.510671,0.0,0.0,0.0,0.004578,0.64177,0.64177,0.0,0.0,0.0
4323,31-Jul-06,24:00:00,255.941736,0.004469,0.439392,0.439392,0.0,0.0,0.0,0.004469,0.480932,0.480932,0.0,0.0,0.0,0.004469,0.604396,0.604396,0.0,0.0,0.0
4324,01-Aug-06,24:00:00,256.061908,0.004583,0.413803,0.413803,0.0,0.0,0.0,0.004583,0.452925,0.452925,0.0,0.0,0.0,0.004583,0.569199,0.569199,0.0,0.0,0.0
4325,02-Aug-06,24:00:00,256.362314,0.004721,0.389705,0.389705,0.0,0.0,0.0,0.004721,0.426548,0.426548,0.0,0.0,0.0,0.004721,0.536052,0.536052,0.0,0.0,0.0
4326,03-Aug-06,24:00:00,256.289118,0.004374,0.367011,0.367011,0.0,0.0,0.0,0.004374,0.401708,0.401708,0.0,0.0,0.0,0.004374,0.504834,0.504834,0.0,0.0,0.0
4327,04-Aug-06,24:00:00,256.214088,0.004014,0.345638,0.345638,0.0,0.0,0.0,0.004014,0.378315,0.378315,0.0,0.0,0.0,0.004014,0.475435,0.475435,0.0,0.0,0.0
4328,05-Aug-06,24:00:00,256.143385,0.004438,0.325509,0.325509,0.0,0.0,0.0,0.004438,0.356283,0.356283,0.0,0.0,0.0,0.004438,0.447748,0.447748,0.0,0.0,0.0
4329,06-Aug-06,24:00:00,256.0768,0.003507,0.306553,0.306553,0.0,0.0,0.0,0.003507,0.335535,0.335535,0.0,0.0,0.0,0.003508,0.421673,0.421673,0.0,0.0,0.0
4330,07-Aug-06,24:00:00,262.031757,0.004735,0.288701,0.288701,0.0,0.0,0.0,0.004735,0.315995,0.315995,0.0,0.0,0.0,0.004735,0.397117,0.397117,0.0,0.0,0.0
4331,08-Aug-06,24:00:00,273.110102,0.004766,0.271888,0.271888,0.0,0.0,0.0,0.004766,0.297593,0.297593,0.0,0.0,0.0,0.004766,0.37399,0.37399,0.0,0.0,0.0
4332,09-Aug-06,24:00:00,277.819597,0.004948,0.256055,0.256055,0.0,0.0,0.0,0.004948,0.280262,0.280262,0.0,0.0,0.0,0.004948,0.352211,0.352211,0.0,0.0,0.0
4333,10-Aug-06,24:00:00,269.421751,0.004334,0.241143,0.241143,0.0,0.0,0.0,0.004334,0.263941,0.263941,0.0,0.0,0.0,0.004334,0.3317,0.3317,0.0,0.0,0.0
4334,11-Aug-06,24:00:00,255.465563,0.004417,0.2271,0.2271,0.0,0.0,0.0,0.004417,0.24857,0.24857,0.0,0.0,0.0,0.004417,0.312383,0.312383,0.0,0.0,0.0
4335,12-Aug-06,24:00:00,249.84449,0.004671,0.213875,0.213875,0.0,0.0,0.0,0.004671,0.234095,0.234095,0.0,0.0,0.0,0.004671,0.294191,0.294191,0.0,0.0,0.0
4336,13-Aug-06,24:00:00,249.708158,0.003792,0.20142,0.20142,0.0,0.0,0.0,0.003792,0.220462,0.220462,0.0,0.0,0.0,0.003792,0.277059,0.277059,0.0,0.0,0.0
4337,14-Aug-06,24:00:00,249.666309,0.004214,0.18969,0.18969,0.0,0.0,0.0,0.004214,0.207623,0.207623,0.0,0.0,0.0,0.004214,0.260924,0.260924,0.0,0.0,0.0
4338,15-Aug-06,24:00:00,250.831036,0.004189,0.178643,0.178643,0.0,0.0,0.0,0.004189,0.195532,0.195532,0.0,0.0,0.0,0.004189,0.245729,0.245729,0.0,0.0,0.0
4339,16-Aug-06,24:00:00,252.781267,0.00409,0.16824,0.16824,0.0,0.0,0.0,0.00409,0.184146,0.184146,0.0,0.0,0.0,0.00409,0.231419,0.231419,0.0,0.0,0.0
4340,17-Aug-06,24:00:00,253.543226,0.004296,0.158442,0.158442,0.0,0.0,0.0,0.004296,0.173422,0.173422,0.0,0.0,0.0,0.004296,0.217942,0.217942,0.0,0.0,0.0
4341,18-Aug-06,24:00:00,254.125808,0.004323,0.149215,0.149215,0.0,0.0,0.0,0.004323,0.163322,0.163322,0.0,0.0,0.0,0.004323,0.20525,0.20525,0.0,0.0,0.0
4342,19-Aug-06,24:00:00,255.088764,0.004047,0.140526,0.140526,0.0,0.0,0.0,0.004046,0.153811,0.153811,0.0,0.0,0.0,0.004046,0.193297,0.193297,0.0,0.0,0.0
4343,20-Aug-06,24:00:00,254.856439,0.004129,0.132342,0.132342,0.0,0.0,0.0,0.004128,0.144854,0.144854,0.0,0.0,0.0,0.004127,0.182041,0.182041,0.0,0.0,0.0
4344,21-Aug-06,24:00:00,255.046127,0.004205,0.124635,0.124635,0.0,0.0,0.0,0.004204,0.136418,0.136418,0.0,0.0,0.0,0.004203,0.171439,0.171439,0.0,0.0,0.0
4345,22-Aug-06,24:00:00,254.803965,0.004259,0.117377,0.117377,0.0,0.0,0.0,0.004259,0.128474,0.128474,0.0,0.0,0.0,0.004257,0.161456,0.161456,0.0,0.0,0.0
4346,23-Aug-06,24:00:00,249.580723,0.004466,0.110541,0.110541,0.0,0.0,0.0,0.004466,0.120992,0.120992,0.0,0.0,0.0,0.004465,0.152053,0.152053,0.0,0.0,0.0
4347,24-Aug-06,24:00:00,242.206262,0.004017,0.104104,0.104104,0.0,0.0,0.0,0.004017,0.113946,0.113946,0.0,0.0,0.0,0.004015,0.143198,0.143198,0.0,0.0,0.0
4348,25-Aug-06,24:00:00,238.789277,0.003941,0.098041,0.098041,0.0,0.0,0.0,0.00394,0.10731,0.10731,0.0,0.0,0.0,0.003939,0.134859,0.134859,0.0,0.0,0.0
4349,26-Aug-06,24:00:00,238.331264,0.004081,0.092332,0.092332,0.0,0.0,0.0,0.004081,0.101061,0.101061,0.0,0.0,0.0,0.00408,0.127005,0.127005,0.0,0.0,0.0
4350,27-Aug-06,24:00:00,238.305486,0.004138,0.086955,0.086955,0.0,0.0,0.0,0.004138,0.095176,0.095176,0.0,0.0,0.0,0.004136,0.119609,0.119609,0.0,0.0,0.0
4351,28-Aug-06,24:00:00,238.287651,0.004061,0.081891,0.081891,0.0,0.0,0.0,0.00406,0.089633,0.089633,0.0,0.0,0.0,0.004059,0.112644,0.112644,0.0,0.0,0.0
4352,29-Aug-06,24:00:00,238.270899,0.00397,0.077122,0.077122,0.0,0.0,0.0,0.003969,0.084413,0.084413,0.0,0.0,0.0,0.003968,0.106084,0.106084,0.0,0.0,0.0
4353,30-Aug-06,24:00:00,239.458657,0.003914,0.072631,0.072631,0.0,0.0,0.0,0.003913,0.079497,0.079497,0.0,0.0,0.0,0.003912,0.099906,0.099906,0.0,0.0,0.0
4354,31-Aug-06,24:00:00,234.209374,0.00416,0.068401,0.068401,0.0,0.0,0.0,0.00416,0.074868,0.074868,0.0,0.0,0.0,0.004158,0.094088,0.094088,0.0,0.0,0.0
4355,01-Sep-06,24:00:00,226.681715,0.004014,0.064418,0.064418,0.0,0.0,0.0,0.004014,0.070508,0.070508,0.0,0.0,0.0,0.004012,0.088609,0.088609,0.0,0.0,0.0
4356,02-Sep-06,24:00:00,224.253238,0.003851,0.060666,0.060666,0.0,0.0,0.0,0.003851,0.066402,0.066402,0.0,0.0,0.0,0.003849,0.083448,0.083448,0.0,0.0,0.0
4357,03-Sep-06,24:00:00,225.4045,0.003715,0.057134,0.057134,0.0,0.0,0.0,0.003714,0.062535,0.062535,0.0,0.0,0.0,0.003713,0.078589,0.078589,0.0,0.0,0.0
4358,04-Sep-06,24:00:00,226.777542,0.00414,0.053806,0.053806,0.0,0.0,0.0,0.004139,0.058893,0.058893,0.0,0.0,0.0,0.004137,0.074012,0.074012,0.0,0.0,0.0
4359,05-Sep-06,24:00:00,225.967755,0.003886,0.050673,0.050673,0.0,0.0,0.0,0.003885,0.055464,0.055464,0.0,0.0,0.0,0.003884,0.069702,0.069702,0.0,0.0,0.0
4360,06-Sep-06,24:00:00,225.180808,0.004014,0.047722,0.047722,0.0,0.0,0.0,0.004013,0.052234,0.052234,0.0,0.0,0.0,0.004012,0.065643,0.065643,0.0,0.0,0.0
4361,07-Sep-06,24:00:00,225.157958,0.002988,0.044943,0.044943,0.0,0.0,0.0,0.002987,0.049192,0.049192,0.0,0.0,0.0,0.002986,0.06182,0.06182,0.0,0.0,0.0
4362,08-Sep-06,24:00:00,223.94514,0.003306,0.042325,0.042325,0.0,0.0,0.0,0.003306,0.046327,0.046327,0.0,0.0,0.0,0.003305,0.05822,0.05822,0.0,0.0,0.0
4363,09-Sep-06,24:00:00,222.551475,0.003568,0.039861,0.039861,0.0,0.0,0.0,0.003568,0.043629,0.043629,0.0,0.0,0.0,0.003568,0.05483,0.05483,0.0,0.0,0.0
4364,10-Sep-06,24:00:00,221.5368,0.003555,0.037539,0.037539,0.0,0.0,0.0,0.003555,0.041088,0.041088,0.0,0.0,0.0,0.003555,0.051637,0.051637,0.0,0.0,0.0
4365,11-Sep-06,24:00:00,221.130842,0.003813,0.035353,0.035353,0.0,0.0,0.0,0.003813,0.038696,0.038696,0.0,0.0,0.0,0.003813,0.048629,0.048629,0.0,0.0,0.0
4366,12-Sep-06,24:00:00,221.116997,0.003823,0.033294,0.033294,0.0,0.0,0.0,0.003823,0.036442,0.036442,0.0,0.0,0.0,0.003823,0.045798,0.045798,0.0,0.0,0.0
4367,13-Sep-06,24:00:00,220.508373,0.003568,0.031355,0.031355,0.0,0.0,0.0,0.003568,0.03432,0.03432,0.0,0.0,0.0,0.003568,0.04313,0.04313,0.0,0.0,0.0
4368,14-Sep-06,24:00:00,219.508572,0.002745,0.02953,0.02953,0.0,0.0,0.0,0.002745,0.032321,0.032321,0.0,0.0,0.0,0.002745,0.040619,0.040619,0.0,0.0,0.0
4369,15-Sep-06,24:00:00,219.706111,0.003072,0.02781,0.02781,0.0,0.0,0.0,0.003072,0.030439,0.030439,0.0,0.0,0.0,0.003072,0.038253,0.038253,0.0,0.0,0.0
4370,16-Sep-06,24:00:00,220.085429,0.003494,0.02619,0.02619,0.0,0.0,0.0,0.003494,0.028666,0.028666,0.0,0.0,0.0,0.003494,0.036026,0.036026,0.0,0.0,0.0
4371,17-Sep-06,24:00:00,220.086593,0.003506,0.024665,0.024665,0.0,0.0,0.0,0.003506,0.026997,0.026997,0.0,0.0,0.0,0.003506,0.033928,0.033928,0.0,0.0,0.0
4372,18-Sep-06,24:00:00,221.886893,0.003274,0.023229,0.023229,0.0,0.0,0.0,0.003274,0.025425,0.025425,0.0,0.0,0.0,0.003274,0.031952,0.031952,0.0,0.0,0.0
4373,19-Sep-06,24:00:00,224.260535,0.003297,0.021876,0.021876,0.0,0.0,0.0,0.003297,0.023944,0.023944,0.0,0.0,0.0,0.003297,0.030091,0.030091,0.0,0.0,0.0
4374,20-Sep-06,24:00:00,225.059002,0.003587,0.020602,0.020602,0.0,0.0,0.0,0.003587,0.02255,0.02255,0.0,0.0,0.0,0.003587,0.028339,0.028339,0.0,0.0,0.0
4375,21-Sep-06,24:00:00,225.669826,0.004023,0.019402,0.019402,0.0,0.0,0.0,0.004023,0.021237,0.021237,0.0,0.0,0.0,0.004023,0.026688,0.026688,0.0,0.0,0.0
4376,22-Sep-06,24:00:00,225.455803,0.002985,0.018272,0.018272,0.0,0.0,0.0,0.002985,0.02,0.02,0.0,0.0,0.0,0.002985,0.025134,0.025134,0.0,0.0,0.0
4377,23-Sep-06,24:00:00,225.66878,0.002989,0.017208,0.017208,0.0,0.0,0.0,0.002989,0.018835,0.018835,0.0,0.0,0.0,0.002989,0.02367,0.02367,0.0,0.0,0.0
4378,24-Sep-06,24:00:00,224.245059,0.002919,0.016206,0.016206,0.0,0.0,0.0,0.002919,0.017738,0.017738,0.0,0.0,0.0,0.002919,0.022292,0.022292,0.0,0.0,0.0
4379,25-Sep-06,24:00:00,224.276938,0.003267,0.015262,0.015262,0.0,0.0,0.0,0.003267,0.016705,0.016705,0.0,0.0,0.0,0.003267,0.020994,0.020994,0.0,0.0,0.0
4380,26-Sep-06,24:00:00,225.0374,0.00308,0.014374,0.014374,0.0,0.0,0.0,0.00308,0.015732,0.015732,0.0,0.0,0.0,0.00308,0.019771,0.019771,0.0,0.0,0.0
4381,27-Sep-06,24:00:00,225.047457,0.002859,0.013536,0.013536,0.0,0.0,0.0,0.002859,0.014816,0.014816,0.0,0.0,0.0,0.002859,0.01862,0.01862,0.0,0.0,0.0
4382,28-Sep-06,24:00:00,224.443012,0.003172,0.012748,0.012748,0.0,0.0,0.0,0.003172,0.013953,0.013953,0.0,0.0,0.0,0.003172,0.017535,0.017535,0.0,0.0,0.0
4383,29-Sep-06,24:00:00,223.447018,0.001727,0.012006,0.012006,0.0,0.0,0.0,0.001727,0.013141,0.013141,0.0,0.0,0.0,0.001727,0.016514,0.016514,0.0,0.0,0.0
4384,30-Sep-06,24:00:00,223.046375,0.001579,0.011307,0.011307,0.0,0.0,0.0,0.001578,0.012376,0.012376,0.0,0.0,0.0,0.001578,0.015553,0.015553,0.0,0.0,0.0
4385,01-Oct-06,24:00:00,223.037449,0.001886,0.010648,0.010648,0.0,0.0,0.0,0.001885,0.011655,0.011655,0.0,0.0,0.0,0.001884,0.014647,0.014647,0.0,0.0,0.0
4386,02-Oct-06,24:00:00,223.035225,0.001209,0.010028,0.010028,0.0,0.0,0.0,0.001208,0.010976,0.010976,0.0,0.0,0.0,0.001207,0.013794,0.013794,0.0,0.0,0.0
4387,03-Oct-06,24:00:00,223.033173,0.001071,0.009444,0.009444,0.0,0.0,0.0,0.00107,0.010337,0.010337,0.0,0.0,0.0,0.00107,0.012991,0.012991,0.0,0.0,0.0
4388,04-Oct-06,24:00:00,223.031242,0.000823,0.008894,0.008894,0.0,0.0,0.0,0.000822,0.009735,0.009735,0.0,0.0,0.0,0.000821,0.012234,0.012234,0.0,0.0,0.0
4389,05-Oct-06,24:00:00,221.224122,0.002048,0.008376,0.008376,0.0,0.0,0.0,0.002048,0.009168,0.009168,0.0,0.0,0.0,0.002046,0.011522,0.011522,0.0,0.0,0.0
4390,06-Oct-06,24:00:00,220.047549,0.002302,0.007888,0.007888,0.0,0.0,0.0,0.002301,0.008634,0.008634,0.0,0.0,0.0,0.0023,0.010851,0.010851,0.0,0.0,0.0
4391,07-Oct-06,24:00:00,220.628,0.002206,0.007429,0.007429,0.0,0.0,0.0,0.002205,0.008131,0.008131,0.0,0.0,0.0,0.002203,0.010219,0.010219,0.0,0.0,0.0
4392,08-Oct-06,24:00:00,221.619729,0.002615,0.006996,0.006996,0.0,0.0,0.0,0.002614,0.007658,0.007658,0.0,0.0,0.0,0.002613,0.009624,0.009624,0.0,0.0,0.0
4393,09-Oct-06,24:00:00,212.388219,0.002035,0.006589,0.006589,0.0,0.0,0.0,0.002035,0.007212,0.007212,0.0,0.0,0.0,0.002033,0.009063,0.009063,0.0,0.0,0.0
4394,10-Oct-06,24:00:00,198.914509,0.001665,0.006205,0.006205,0.0,0.0,0.0,0.001664,0.006792,0.006792,0.0,0.0,0.0,0.001663,0.008536,0.008536,0.0,0.0,0.0
4395,11-Oct-06,24:00:00,192.633916,0.002964,0.005844,0.005844,0.0,0.0,0.0,0.002963,0.006396,0.006396,0.0,0.0,0.0,0.002961,0.008038,0.008038,0.0,0.0,0.0
4396,12-Oct-06,24:00:00,192.052763,0.002064,0.005504,0.005504,0.0,0.0,0.0,0.002063,0.006024,0.006024,0.0,0.0,0.0,0.002062,0.00757,0.00757,0.0,0.0,0.0
4397,13-Oct-06,24:00:00,192.019857,0.001748,0.005183,0.005183,0.0,0.0,0.0,0.001747,0.005673,0.005673,0.0,0.0,0.0,0.001746,0.007129,0.007129,0.0,0.0,0.0
4398,14-Oct-06,24:00:00,191.585404,0.001752,0.004881,0.004881,0.0,0.0,0.0,0.001752,0.005343,0.005343,0.0,0.0,0.0,0.00175,0.006714,0.006714,0.0,0.0,0.0
4399,15-Oct-06,24:00:00,189.343322,0.002256,0.004597,0.004597,0.0,0.0,0.0,0.002256,0.005032,0.005032,0.0,0.0,0.0,0.002255,0.006323,0.006323,0.0,0.0,0.0
4400,16-Oct-06,24:00:00,182.918088,0.001896,0.004329,0.004329,0.0,0.0,0.0,0.001896,0.004739,0.004739,0.0,0.0,0.0,0.001896,0.005955,0.005955,0.0,0.0,0.0
4401,17-Oct-06,24:00:00,172.822998,0.001896,0.004077,0.004077,0.0,0.0,0.0,0.001896,0.004462,0.004462,0.0,0.0,0.0,0.001896,0.005608,0.005608,0.0,0.0,0.0
4402,18-Oct-06,24:00:00,167.51024,0.001887,0.00384,0.00384,0.0,0.0,0.0,0.001887,0.004203,0.004203,0.0,0.0,0.0,0.001887,0.005282,0.005282,0.0,0.0,0.0
4403,19-Oct-06,24:00:00,168.369035,0.001972,0.003616,0.003616,0.0,0.0,0.0,0.001972,0.003958,0.003958,0.0,0.0,0.0,0.001972,0.004974,0.004974,0.0,0.0,0.0
4404,20-Oct-06,24:00:00,171.976425,0.001741,0.003405,0.003405,0.0,0.0,0.0,0.001741,0.003727,0.003727,0.0,0.0,0.0,0.001741,0.004684,0.004684,0.0,0.0,0.0
4405,21-Oct-06,24:00:00,178.648209,0.002075,0.003207,0.003207,0.0,0.0,0.0,0.002075,0.00351,0.00351,0.0,0.0,0.0,0.002075,0.004412,0.004412,0.0,0.0,0.0
4406,22-Oct-06,24:00:00,182.606331,0.001916,0.00302,0.00302,0.0,0.0,0.0,0.001916,0.003306,0.003306,0.0,0.0,0.0,0.001916,0.004155,0.004155,0.0,0.0,0.0
4407,23-Oct-06,24:00:00,182.556495,0.001731,0.002844,0.002844,0.0,0.0,0.0,0.001731,0.003113,0.003113,0.0,0.0,0.0,0.001731,0.003913,0.003913,0.0,0.0,0.0
4408,24-Oct-06,24:00:00,182.063292,0.001009,0.002679,0.002679,0.0,0.0,0.0,0.001009,0.002932,0.002932,0.0,0.0,0.0,0.001009,0.003685,0.003685,0.0,0.0,0.0
4409,25-Oct-06,24:00:00,186.763124,0.001519,0.002523,0.002523,0.0,0.0,0.0,0.001519,0.002761,0.002761,0.0,0.0,0.0,0.001519,0.00347,0.00347,0.0,0.0,0.0
4410,26-Oct-06,24:00:00,205.919056,0.001532,0.002376,0.002376,0.0,0.0,0.0,0.001532,0.0026,0.0026,0.0,0.0,0.0,0.001531,0.003268,0.003268,0.0,0.0,0.0
4411,27-Oct-06,24:00:00,221.403985,0.001561,0.002238,0.002238,0.0,0.0,0.0,0.001561,0.002449,0.002449,0.0,0.0,0.0,0.001561,0.003078,0.003078,0.0,0.0,0.0
4412,28-Oct-06,24:00:00,224.568015,0.00154,0.002107,0.002107,0.0,0.0,0.0,0.00154,0.002306,0.002306,0.0,0.0,0.0,0.00154,0.002899,0.002899,0.0,0.0,0.0
4413,29-Oct-06,24:00:00,224.398306,0.001176,0.001985,0.001985,0.0,0.0,0.0,0.001175,0.002172,0.002172,0.0,0.0,0.0,0.001174,0.00273,0.00273,0.0,0.0,0.0
4414,30-Oct-06,24:00:00,224.01313,0.000915,0.001869,0.001869,0.0,0.0,0.0,0.000914,0.002046,0.002046,0.0,0.0,0.0,0.000913,0.002571,0.002571,0.0,0.0,0.0
4415,31-Oct-06,24:00:00,224.006229,0.000711,0.00176,0.00176,0.0,0.0,0.0,0.00071,0.001926,0.001926,0.0,0.0,0.0,0.000709,0.002421,0.002421,0.0,0.0,0.0
4416,01-Nov-06,24:00:00,251.664545,0.000714,1.437536,0.001658,0.016403,0.0,0.030566,0.000713,25.016284,0.001814,0.017216,0.0,0.03285,0.000712,18.83311,0.00228,0.017487,0.0,0.033767
4417,02-Nov-06,24:00:00,250.263062,0.000845,0.809619,0.001561,0.0,0.0,0.05624,0.000845,10.188285,0.001709,0.0,0.0,0.059025,0.000843,0.603256,0.002147,0.0,0.0,0.059956
4418,03-Nov-06,24:00:00,223.791528,0.00108,0.050295,0.00147,0.0,0.0,0.05624,0.00108,0.375012,0.001609,0.0,0.0,0.059025,0.001078,0.002022,0.002022,0.0,0.0,0.059956
4419,04-Nov-06,24:00:00,224.209787,0.00081,0.001385,0.001385,0.0,0.0,0.05624,0.000809,0.001516,0.001516,0.0,0.0,0.059025,0.000807,0.001905,0.001905,0.0,0.0,0.059956
4420,05-Nov-06,24:00:00,223.186041,0.001764,0.001304,0.001304,0.0,0.0,0.055473,0.001763,0.001427,0.001427,0.0,0.0,0.058043,0.001762,0.001794,0.001794,0.0,0.0,0.058983
4421,06-Nov-06,24:00:00,222.625827,0.000862,0.001228,0.001228,0.0,0.0,0.052801,0.000861,0.001344,0.001344,0.0,0.0,0.055117,0.00086,0.001689,0.001689,0.0,0.0,0.056071
4422,07-Nov-06,24:00:00,222.39582,0.001699,0.001156,0.001156,0.0,0.0,0.048468,0.001698,0.001266,0.001266,0.0,0.0,0.050786,0.001697,0.001591,0.001591,0.0,0.0,0.051744
4423,08-Nov-06,24:00:00,223.213927,0.001319,0.001089,0.001089,0.0,0.0,0.043159,0.001318,0.001192,0.001192,0.0,0.0,0.045481,0.001317,0.001498,0.001498,0.0,0.0,0.046446
4424,09-Nov-06,24:00:00,226.397489,0.000997,0.001026,0.001026,0.0,0.0,0.039192,0.000997,0.001123,0.001123,0.0,0.0,0.041517,0.000996,0.001411,0.001411,0.0,0.0,0.042486
4425,10-Nov-06,24:00:00,262.020926,0.001363,1.263342,0.000966,0.011947,0.0,0.067242,0.001362,22.145796,0.001057,0.013193,0.0,0.073336,0.001361,16.121739,0.001329,0.014548,0.0,0.083611
4426,11-Nov-06,24:00:00,243.381103,0.000998,0.392211,0.00091,0.003526,0.0,0.079112,0.000997,5.139579,0.000996,0.005501,0.0,0.086217,0.000996,0.522125,0.001251,0.009401,0.0,0.092813
4427,12-Nov-06,24:00:00,321.633138,0.000407,3.512586,0.000857,0.042287,0.0,0.166699,0.000406,66.379268,0.000938,0.048153,0.0,0.190104,0.000405,58.893901,0.001179,0.05768,0.0,0.226731
4428,13-Nov-06,24:00:00,326.738735,0.001294,3.736185,0.000807,0.008917,0.0,0.260045,0.001293,60.187206,0.000883,0.009931,0.0,0.296325,0.001292,17.751414,0.00111,0.002319,0.0,0.327376
4429,14-Nov-06,24:00:00,204.358572,0.000951,0.408675,0.00076,0.0,0.0,0.26603,0.000951,4.74885,0.000832,0.0,0.0,0.302988,0.000949,0.001045,0.001045,0.0,0.0,0.328541
4430,15-Nov-06,24:00:00,205.183641,0.000404,1.072768,0.000716,0.01221,0.0,0.290097,0.000404,22.559644,0.000783,0.015426,0.0,0.335075,0.000403,14.140652,0.000984,0.012911,0.0,0.361705
4431,16-Nov-06,24:00:00,201.530408,0.000622,0.609418,0.000674,0.0,0.0,0.307894,0.000621,9.046674,0.000738,0.0,0.0,0.355878,0.00062,0.208029,0.000927,0.0,0.0,0.372807
4432,17-Nov-06,24:00:00,183.827934,0.000789,0.037518,0.000635,0.0,0.0,0.307894,0.000788,0.331013,0.000695,0.0,0.0,0.355878,0.000787,0.000873,0.000873,0.0,0.0,0.372807
4433,18-Nov-06,24:00:00,184.304597,0.000677,0.000598,0.000598,0.0,0.0,0.307894,0.000676,0.000654,0.000654,0.0,0.0,0.355878,0.000674,0.000822,0.000822,0.0,0.0,0.372807
4434,19-Nov-06,24:00:00,184.938631,0.000446,0.000563,0.000563,0.0,0.0,0.307894,0.000446,0.000616,0.000616,0.0,0.0,0.355878,0.000445,0.000774,0.000774,0.0,0.0,0.372807
4435,20-Nov-06,24:00:00,186.294304,0.000854,0.00053,0.00053,0.0,0.0,0.307894,0.000853,0.00058,0.00058,0.0,0.0,0.355878,0.000851,0.000729,0.000729,0.0,0.0,0.372807
4436,21-Nov-06,24:00:00,189.189648,0.000659,0.004153,0.000499,0.000327,0.0,0.308081,0.000659,0.163048,0.000546,0.000731,0.0,0.356296,0.000658,0.983973,0.000687,0.002463,0.0,0.374382
4437,22-Nov-06,24:00:00,194.327463,0.001156,0.039531,0.00047,0.0,0.0,0.309016,0.001155,1.282863,0.000515,0.0,0.0,0.358385,0.001153,1.754722,0.000647,0.0,0.0,0.381253
4438,23-Nov-06,24:00:00,191.256175,0.000996,0.003481,0.000443,0.0,0.0,0.309016,0.000995,0.066184,0.000485,0.0,0.0,0.358385,0.000993,0.000609,0.000609,0.0,0.0,0.381253
4439,24-Nov-06,24:00:00,188.368503,0.000788,0.000417,0.000417,0.0,0.0,0.309016,0.000787,0.000457,0.000457,0.0,0.0,0.358385,0.000785,0.000574,0.000574,0.0,0.0,0.381253
4440,25-Nov-06,24:00:00,212.752145,0.000249,1.50525,0.000393,0.030141,0.0,0.343756,0.000249,26.164042,0.00043,0.031589,0.0,0.394459,0.000248,26.82921,0.00054,0.032679,0.0,0.424487
4441,26-Nov-06,24:00:00,263.560536,0.000618,2.516381,0.00037,0.0,0.0,0.412358,0.000617,37.205258,0.000405,0.0,0.0,0.466691,0.000615,9.485253,0.000509,0.0,0.0,0.493295
4442,27-Nov-06,24:00:00,198.114104,0.000591,0.191165,0.000348,0.0,0.0,0.412358,0.00059,1.908027,0.000381,0.0,0.0,0.466691,0.000589,0.000479,0.000479,0.0,0.0,0.493295
4443,28-Nov-06,24:00:00,193.661323,0.000757,0.001608,0.000328,0.0,0.0,0.412358,0.000756,0.000359,0.000359,0.0,0.0,0.466691,0.000755,0.000451,0.000451,0.0,0.0,0.493295
4444,29-Nov-06,24:00:00,194.816209,0.000842,0.000309,0.000309,0.0,0.0,0.412358,0.000841,0.000338,0.000338,0.0,0.0,0.466691,0.000839,0.000425,0.000425,0.0,0.0,0.493295
4445,30-Nov-06,24:00:00,192.865106,0.000898,0.000291,0.000291,0.0,0.0,0.412358,0.000897,0.000318,0.000318,0.0,0.0,0.466691,0.000895,0.000401,0.000401,0.0,0.0,0.493295
4446,01-Dec-06,24:00:00,187.650712,0.000868,0.000274,0.000274,0.0,0.0,0.411775,0.000866,0.0003,0.0003,0.0,0.0,0.466119,0.000864,0.000377,0.000377,0.0,0.0,0.49274
4447,02-Dec-06,24:00:00,186.104357,0.000995,0.000258,0.000258,0.0,0.0,0.409325,0.000993,0.000282,0.000282,0.0,0.0,0.463685,0.00099,0.000355,0.000355,0.0,0.0,0.490332
4448,03-Dec-06,24:00:00,188.199837,0.000897,0.000243,0.000243,0.0,0.0,0.406035,0.000895,0.000266,0.000266,0.0,0.0,0.460402,0.000892,0.000334,0.000334,0.0,0.0,0.487059
4449,04-Dec-06,24:00:00,190.694975,0.001047,0.000229,0.000229,0.0,0.0,0.402747,0.001046,0.000251,0.000251,0.0,0.0,0.45712,0.001042,0.000315,0.000315,0.0,0.0,0.483786
4450,05-Dec-06,24:00:00,192.314007,0.000927,0.000216,0.000216,0.0,0.0,0.399326,0.000925,0.000236,0.000236,0.0,0.0,0.453706,0.000922,0.000296,0.000296,0.0,0.0,0.480383
4451,06-Dec-06,24:00:00,191.643801,0.000811,0.000203,0.000203,0.0,0.0,0.396349,0.00081,0.000222,0.000222,0.0,0.0,0.450734,0.000807,0.000279,0.000279,0.0,0.0,0.47742
4452,07-Dec-06,24:00:00,190.240241,0.001008,0.05569,0.000191,0.013259,0.0,0.397851,0.001007,0.227248,0.000209,0.006161,0.0,0.44924,0.001005,0.024466,0.000263,0.001579,0.0,0.474677
4453,08-Dec-06,24:00:00,232.720749,0.000445,3.819675,0.00018,0.048848,0.0,0.496519,0.000444,45.638035,0.000197,0.045482,0.0,0.522014,0.000443,24.00841,0.000248,0.036957,0.0,0.520928
4454,09-Dec-06,24:00:00,333.92295,0.00047,5.975777,0.00017,0.01339,0.0,0.64019,0.000469,83.797781,0.000186,0.014597,0.0,0.663167,0.000468,33.107751,0.000233,0.012989,0.0,0.639445
4455,10-Dec-06,24:00:00,220.088621,0.000368,1.309705,0.00016,0.04745,0.0,0.677239,0.000368,23.020495,0.000175,0.052143,0.0,0.704981,0.000367,21.638336,0.00022,0.052813,0.0,0.682964
4456,11-Dec-06,24:00:00,337.178195,0.000462,6.06005,0.00015,0.00391,0.0,0.826516,0.000462,97.736541,0.000165,0.00549,0.0,0.870256,0.000461,44.205577,0.000207,0.006996,0.0,0.851663
4457,12-Dec-06,24:00:00,209.806022,0.000354,2.239639,0.000142,0.01993,0.0,0.867169,0.000354,46.107338,0.000155,0.027801,0.0,0.930376,0.000354,35.81648,0.000195,0.033353,0.0,0.928625
4458,13-Dec-06,24:00:00,184.100815,0.000458,1.133091,0.000134,0.005686,0.0,0.899282,0.000458,19.325967,0.000146,0.007574,0.0,0.971977,0.000457,4.963333,0.17783,0.009859,0.000738,0.976456
4459,14-Dec-06,24:00:00,169.036403,0.001142,0.77408,0.000126,0.000889,0.0,0.917518,0.001141,12.487133,0.000138,0.0,0.0,0.991963,0.001139,30.376004,22.228451,0.0,0.0,1.0
4460,15-Dec-06,24:00:00,143.999652,0.000738,0.068454,0.000118,0.0,0.0,0.917518,0.000737,0.732929,0.00013,0.0,0.0,0.991963,0.000735,1.385289,1.385289,0.0,0.0,1.0
4461,16-Dec-06,24:00:00,131.64998,0.000721,0.001318,0.000111,0.0,0.0,0.917518,0.00072,0.000122,0.000122,0.0,0.0,0.991963,0.000717,1.099431,1.099431,0.0,0.0,1.0
4462,17-Dec-06,24:00:00,130.173507,0.000699,0.000105,0.000105,0.0,0.0,0.917518,0.000698,0.000115,0.000115,0.0,0.0,0.991963,0.000696,1.035185,1.035185,0.0,0.0,1.0
4463,18-Dec-06,24:00:00,133.90257,0.000712,9.9e-05,9.9e-05,0.0,0.0,0.917518,0.000711,0.000108,0.000108,0.0,0.0,0.991963,0.000709,0.974901,0.974901,0.0,0.0,1.0
4464,19-Dec-06,24:00:00,144.505574,0.00059,9.3e-05,9.3e-05,0.0,0.0,0.916833,0.000589,0.000102,0.000102,0.0,0.0,0.991289,0.000587,0.918127,0.918127,0.0,0.0,0.999347
4465,20-Dec-06,24:00:00,1575.00182,0.000231,65.405042,61.382625,0.04631,0.021819,0.974561,0.00023,387.98097,220.337367,0.04488,0.042108,0.99802,0.00023,1620.017141,902.876197,0.0423,0.041883,0.999762
4466,21-Dec-06,24:00:00,2123.577083,0.000602,310.035268,307.724981,0.0,0.0,1.0,0.000601,730.131028,670.434376,0.0,0.0,1.0,0.000599,421.976097,413.908961,0.0,0.0,1.0
4467,22-Dec-06,24:00:00,643.582793,0.000488,128.285849,128.145593,0.0,0.0,1.0,0.000487,217.666474,215.571373,0.0,0.0,1.0,0.000486,66.165677,66.165677,0.0,0.0,1.0
4468,23-Dec-06,24:00:00,339.311525,0.000571,40.869724,40.869724,0.0,0.0,1.0,0.000571,69.925933,69.925933,0.0,0.0,1.0,0.000569,61.378328,61.378328,0.0,0.0,1.0
4469,24-Dec-06,24:00:00,286.322956,0.000997,23.950947,23.950947,0.0,0.0,1.0,0.000996,48.710827,48.710827,0.0,0.0,1.0,0.000994,57.803107,57.803107,0.0,0.0,1.0
4470,25-Dec-06,24:00:00,4037.248195,0.000671,1142.968632,107.814786,0.042557,0.042557,1.0,0.00067,1615.246881,175.560778,0.043986,0.043986,1.0,0.000668,3607.31454,685.599528,0.044498,0.044498,1.0
4471,26-Dec-06,24:00:00,8777.048333,0.001481,2159.100417,829.339046,0.024818,0.024818,1.0,0.00148,2424.662083,1068.382093,0.025,0.025,1.0,0.001479,1910.992133,1446.117176,0.021938,0.021938,1.0
4472,27-Dec-06,24:00:00,1945.666667,0.000747,672.570668,579.541891,0.0,0.0,1.0,0.000745,679.873884,616.80701,0.0,0.0,1.0,0.000743,178.682086,178.682086,0.0,0.0,1.0
4473,28-Dec-06,24:00:00,721.506438,0.000732,192.563706,192.160553,0.0,0.0,1.0,0.000731,196.446892,196.391214,0.0,0.0,1.0,0.000729,143.657297,143.657297,0.0,0.0,1.0
4474,29-Dec-06,24:00:00,514.551694,0.000667,98.62217,98.62217,0.0,0.0,1.0,0.000665,120.843769,120.843769,0.0,0.0,1.0,0.000664,135.259736,135.259736,0.0,0.0,1.0
4475,30-Dec-06,24:00:00,469.154796,0.000592,80.777545,80.777545,0.0,0.0,1.0,0.000591,107.051505,107.051505,0.0,0.0,1.0,0.000589,127.382796,127.382796,0.0,0.0,1.0
4476,31-Dec-06,24:00:00,449.447885,0.000766,74.626344,74.626344,0.0,0.0,0.998831,0.000765,100.238462,100.238462,0.0,0.0,0.998844,0.000763,119.964596,119.964596,0.0,0.0,0.998865
4477,01-Jan-07,24:00:00,431.182618,0.000852,70.126541,70.126541,0.0,0.0,0.996091,0.00085,94.356926,94.356926,0.0,0.0,0.996117,0.000848,112.978398,112.978398,0.0,0.0,0.996159
4478,02-Jan-07,24:00:00,458.795552,0.000299,75.078451,74.74532,0.011729,0.010006,0.996294,0.000299,116.01284,107.152774,0.015313,0.013598,0.996496,0.000298,285.16783,272.037291,0.019631,0.01793,0.996582
4479,03-Jan-07,24:00:00,1288.070877,0.000734,202.678888,201.460472,0.0,0.0,1.0,0.000733,340.370475,318.620935,0.0,0.0,1.0,0.000732,497.26409,488.580351,0.0,0.0,1.0
4480,04-Jan-07,24:00:00,635.895237,0.000922,132.532266,132.444424,0.0,0.0,1.0,0.000921,175.419257,174.386226,0.0,0.0,1.0,0.000919,124.022442,124.022442,0.0,0.0,1.0
4481,05-Jan-07,24:00:00,459.069,0.000639,77.516072,77.515997,0.0,0.0,1.0,0.000638,101.057589,101.057589,0.0,0.0,1.0,0.000637,115.266806,115.266806,0.0,0.0,1.0
4482,06-Jan-07,24:00:00,421.629119,0.000953,63.547234,63.547234,0.0,0.0,1.0,0.000952,86.260335,86.260335,0.0,0.0,1.0,0.00095,108.55272,108.55272,0.0,0.0,1.0
4483,07-Jan-07,24:00:00,403.739313,0.000862,58.542182,58.542182,0.0,0.0,1.0,0.00086,80.361778,80.361778,0.0,0.0,1.0,0.000858,102.231098,102.231098,0.0,0.0,1.0
4484,08-Jan-07,24:00:00,388.245876,0.000828,54.982282,54.982282,0.0,0.0,0.998779,0.000827,75.609719,75.609719,0.0,0.0,0.998792,0.000824,96.277619,96.277619,0.0,0.0,0.998811
4485,09-Jan-07,24:00:00,430.401293,0.000912,51.764685,51.764685,0.0,0.0,0.996102,0.00091,71.201185,71.201185,0.0,0.0,0.996126,0.000908,90.670844,90.670844,0.0,0.0,0.996165
4486,10-Jan-07,24:00:00,396.439584,0.000761,48.74862,48.74862,0.0,0.0,0.99311,0.000759,67.054376,67.054376,0.0,0.0,0.993139,0.000758,85.390582,85.390582,0.0,0.0,0.993184
4487,11-Jan-07,24:00:00,349.390056,0.001049,45.909579,45.909579,0.0,0.0,0.98998,0.001047,63.149407,63.149407,0.0,0.0,0.990013,0.001045,80.41782,80.41782,0.0,0.0,0.990066
4488,12-Jan-07,24:00:00,336.954882,0.000698,43.235999,43.235999,0.0,0.0,0.986897,0.000697,59.471868,59.471868,0.0,0.0,0.986936,0.000695,75.734648,75.734648,0.0,0.0,0.986996
4489,13-Jan-07,24:00:00,331.887213,0.000749,40.718128,40.718128,0.0,0.0,0.984429,0.000748,56.008494,56.008494,0.0,0.0,0.984472,0.000746,71.324203,71.324203,0.0,0.0,0.984539
4490,14-Jan-07,24:00:00,324.455666,0.00079,38.346888,38.346888,0.0,0.0,0.981794,0.000788,52.746812,52.746812,0.0,0.0,0.981842,0.000786,67.170603,67.170603,0.0,0.0,0.981916
4491,15-Jan-07,24:00:00,317.024635,0.000822,36.113738,36.113738,0.0,0.0,0.979052,0.000821,49.675075,49.675075,0.0,0.0,0.979105,0.000819,63.25889,63.25889,0.0,0.0,0.979186
4492,16-Jan-07,24:00:00,291.706332,0.000892,34.010636,34.010636,0.0,0.0,0.976098,0.000891,46.782222,46.782222,0.0,0.0,0.976156,0.000889,59.574977,59.574977,0.0,0.0,0.976245
4493,17-Jan-07,24:00:00,274.70225,0.000955,32.03001,32.03001,0.0,0.0,0.972955,0.000954,44.057837,44.057837,0.0,0.0,0.973017,0.000952,56.105598,56.105598,0.0,0.0,0.973113
4494,18-Jan-07,24:00:00,282.173308,0.00117,30.164726,30.164726,0.0,0.0,0.969409,0.001169,41.492106,41.492106,0.0,0.0,0.969476,0.001167,52.838261,52.838261,0.0,0.0,0.969578
4495,19-Jan-07,24:00:00,284.228277,0.001306,28.408069,28.408069,0.0,0.0,0.965194,0.001305,39.075793,39.075793,0.0,0.0,0.965264,0.001303,49.761199,49.761199,0.0,0.0,0.965373
4496,20-Jan-07,24:00:00,276.649711,0.000994,26.753711,26.753711,0.0,0.0,0.961109,0.000992,36.800195,36.800195,0.0,0.0,0.961185,0.00099,46.863331,46.863331,0.0,0.0,0.9613
4497,21-Jan-07,24:00:00,269.961583,0.00099,25.195695,25.195695,0.0,0.0,0.957712,0.000989,34.657118,34.657118,0.0,0.0,0.957792,0.000987,44.134221,44.134221,0.0,0.0,0.957913
4498,22-Jan-07,24:00:00,262.399907,0.00102,23.728411,23.728411,0.0,0.0,0.954273,0.001019,32.638843,32.638843,0.0,0.0,0.954357,0.001017,41.564043,41.564043,0.0,0.0,0.954484
4499,23-Jan-07,24:00:00,254.859841,0.001115,22.346576,22.346576,0.0,0.0,0.950672,0.001114,30.738104,30.738104,0.0,0.0,0.950759,0.001112,39.14354,39.14354,0.0,0.0,0.950892
4500,24-Jan-07,24:00:00,249.703857,0.000983,21.045212,21.045212,0.0,0.0,0.947009,0.000982,28.948055,28.948055,0.0,0.0,0.9471,0.000981,36.863997,36.863997,0.0,0.0,0.94724
4501,25-Jan-07,24:00:00,245.079253,0.000604,19.819633,19.819633,0.0,0.0,0.944241,0.000604,27.262251,27.262251,0.0,0.0,0.944334,0.000603,34.717204,34.717204,0.0,0.0,0.944478
4502,26-Jan-07,24:00:00,240.267304,0.000884,18.665427,18.665427,0.0,0.0,0.941693,0.000883,25.67462,25.67462,0.0,0.0,0.941789,0.000882,32.69543,32.69543,0.0,0.0,0.941936
4503,27-Jan-07,24:00:00,237.758148,0.00111,17.578437,17.578437,0.0,0.0,0.938385,0.001109,24.179446,24.179446,0.0,0.0,0.938483,0.001107,30.791396,30.791396,0.0,0.0,0.938634
4504,28-Jan-07,24:00:00,236.335827,0.001251,16.554748,16.554748,0.0,0.0,0.934322,0.00125,22.771344,22.771344,0.0,0.0,0.934423,0.001248,28.998244,28.998244,0.0,0.0,0.93458
4505,29-Jan-07,24:00:00,231.782718,0.001248,15.590674,15.590674,0.0,0.0,0.930054,0.001233,21.445243,21.445243,0.0,0.0,0.930175,0.001231,27.309516,27.309516,0.0,0.0,0.930338
4506,30-Jan-07,24:00:00,227.157449,0.000799,14.682743,14.682743,0.0,0.0,0.926537,0.000794,20.196369,20.196369,0.0,0.0,0.926702,0.000792,25.719133,25.719133,0.0,0.0,0.926871
4507,31-Jan-07,24:00:00,223.958738,0.000745,13.827686,13.827686,0.0,0.0,0.923873,0.000744,19.020223,19.020223,0.0,0.0,0.924048,0.000742,24.221367,24.221367,0.0,0.0,0.924222
4508,01-Feb-07,24:00:00,219.069189,0.000848,13.022424,13.022424,0.0,0.0,0.921184,0.000847,17.912571,17.912571,0.0,0.0,0.921362,0.000846,22.810823,22.810823,0.0,0.0,0.921541
4509,02-Feb-07,24:00:00,213.993307,0.001076,12.264057,12.264057,0.0,0.0,0.91784,0.001075,16.869424,16.869424,0.0,0.0,0.918021,0.001073,21.482424,21.482424,0.0,0.0,0.918204
4510,03-Feb-07,24:00:00,210.203644,0.001238,11.549853,11.549853,0.0,0.0,0.91385,0.001237,15.887024,15.887024,0.0,0.0,0.914034,0.001236,20.231384,20.231384,0.0,0.0,0.914222
4511,04-Feb-07,24:00:00,208.6275,0.001565,10.877242,10.877242,0.0,0.0,0.9093,0.001563,14.961836,14.961836,0.0,0.0,0.909487,0.001561,19.053199,19.053199,0.0,0.0,0.90968
4512,05-Feb-07,24:00:00,208.391102,0.001201,10.2438,10.2438,0.0,0.0,0.904368,0.0012,14.090526,14.090526,0.0,0.0,0.90456,0.001198,17.943627,17.943627,0.0,0.0,0.904761
4513,06-Feb-07,24:00:00,243.631396,0.000465,16.844794,15.021754,0.040902,0.012344,0.93857,0.000464,52.949426,20.570724,0.041096,0.012595,0.939021,0.000463,108.602017,75.729899,0.042396,0.013954,0.939927
4514,07-Feb-07,24:00:00,1643.493383,0.000552,382.64695,211.541942,0.031184,0.031184,1.0,0.000552,601.064759,275.274537,0.031148,0.031148,1.0,0.000552,1453.297804,688.83449,0.031148,0.031148,1.0
4515,08-Feb-07,24:00:00,10242.63375,0.000594,2509.753333,828.60443,0.046087,0.046087,1.0,0.000594,3085.752917,1028.030282,0.047334,0.047334,1.0,0.000593,4086.940417,1838.637917,0.048567,0.048567,1.0
4516,09-Feb-07,24:00:00,4649.5675,0.000611,1263.498333,1102.417917,0.056017,0.056017,1.0,0.000611,1511.491667,1285.895417,0.057314,0.057314,1.0,0.00061,1765.47625,1701.834167,0.060607,0.060607,1.0
4517,10-Feb-07,24:00:00,3757.3525,0.001126,1037.761388,1032.314818,0.0,0.0,1.0,0.001125,1198.493244,1157.053541,0.0,0.0,1.0,0.001123,844.138331,834.267875,0.0,0.0,1.0
4518,11-Feb-07,24:00:00,1473.723333,0.000427,453.262949,452.112767,0.017031,0.017031,1.0,0.000427,473.475176,455.23245,0.017035,0.017035,1.0,0.000426,494.656725,478.60194,0.017422,0.017422,1.0
4519,12-Feb-07,24:00:00,1827.529167,0.00117,437.92984,436.591858,0.0,0.0,1.0,0.001169,515.278936,497.429632,0.0,0.0,1.0,0.001167,528.508568,525.204101,0.0,0.0,1.0
4520,13-Feb-07,24:00:00,992.901517,0.001493,260.836478,260.74856,0.0,0.0,1.0,0.001492,275.659166,274.88426,0.0,0.0,1.0,0.00149,238.275663,238.275663,0.0,0.0,1.0
4521,14-Feb-07,24:00:00,759.811352,0.001742,169.300691,169.300691,0.0,0.0,0.99975,0.001741,186.670181,186.670181,0.0,0.0,0.999753,0.00174,223.505745,223.505745,0.0,0.0,0.999758
4522,15-Feb-07,24:00:00,696.285456,0.001607,145.245817,145.245817,0.0,0.0,0.996586,0.001606,166.126912,166.126912,0.0,0.0,0.996596,0.001605,210.488963,210.488963,0.0,0.0,0.996612
4523,16-Feb-07,24:00:00,661.239758,0.001867,134.884888,134.884888,0.0,0.0,0.990754,0.001866,155.522531,155.522531,0.0,0.0,0.990767,0.001864,198.231033,198.231033,0.0,0.0,0.990789
4524,17-Feb-07,24:00:00,632.495414,0.001726,126.813425,126.813425,0.0,0.0,0.984573,0.001725,146.38981,146.38981,0.0,0.0,0.98459,0.001724,186.686951,186.686951,0.0,0.0,0.984617
4525,18-Feb-07,24:00:00,610.052052,0.001731,119.406083,119.406083,0.0,0.0,0.978662,0.00173,137.859133,137.859133,0.0,0.0,0.978682,0.001729,175.815144,175.815144,0.0,0.0,0.978714
4526,19-Feb-07,24:00:00,585.110667,0.000779,112.450259,112.450259,0.0,0.0,0.974285,0.000778,129.830451,129.830451,0.0,0.0,0.974308,0.000777,165.576462,165.576462,0.0,0.0,0.974344
4527,20-Feb-07,24:00:00,573.094585,0.000578,111.40036,110.903114,0.023131,0.015019,0.980747,0.000577,137.338462,128.41227,0.022664,0.01456,0.980672,0.000576,211.086143,200.533169,0.022498,0.014406,0.980674
4528,21-Feb-07,24:00:00,7738.457045,0.001137,1897.618562,587.808555,0.037862,0.037862,1.0,0.001136,2359.879294,741.2003,0.037955,0.037955,1.0,0.001135,3686.044065,1598.958649,0.038145,0.038145,1.0
4529,22-Feb-07,24:00:00,3124.25,0.000935,871.493901,671.130529,0.0,0.0,1.0,0.000935,908.214377,728.078451,0.0,0.0,1.0,0.000934,321.710968,320.56755,0.0,0.0,1.0
4530,23-Feb-07,24:00:00,1515.043333,0.000573,325.829436,286.146137,0.020276,0.020276,1.0,0.000572,342.334802,283.495234,0.020313,0.020313,1.0,0.000572,507.956068,332.922141,0.021356,0.021356,1.0
4531,24-Feb-07,24:00:00,5423.429583,0.001115,1168.707852,655.224483,0.030344,0.030344,1.0,0.001114,1461.40125,805.67923,0.030037,0.030037,1.0,0.001113,2218.883595,1527.837178,0.030202,0.030202,1.0
4532,25-Feb-07,24:00:00,3844.33,0.000568,874.14653,828.393731,0.03772,0.03772,1.0,0.000568,1028.654977,934.999542,0.037156,0.037156,1.0,0.000567,1236.025085,1198.081397,0.037254,0.037254,1.0
4533,26-Feb-07,24:00:00,3805.385,0.000518,821.67454,818.760007,0.00732,0.00732,1.0,0.000518,933.356728,896.811718,0.007459,0.007459,1.0,0.000517,800.928546,787.547769,0.00866,0.00866,1.0
4534,27-Feb-07,24:00:00,2574.295833,0.000991,486.819617,486.167465,0.000468,0.000468,1.0,0.000991,513.680102,505.439024,0.000628,0.000628,1.0,0.00099,408.910439,407.100225,0.000843,0.000843,1.0
4535,28-Feb-07,24:00:00,1922.92375,0.00062,273.409648,273.34996,0.0,0.0,1.0,0.000619,289.763096,289.002773,0.0,0.0,1.0,0.000619,299.754929,299.685797,0.0,0.0,1.0
4536,01-Mar-07,24:00:00,1467.692083,0.001773,204.631875,204.630055,0.0,0.0,1.0,0.001772,226.219719,226.199577,0.0,0.0,1.0,0.001771,275.402522,275.402522,0.0,0.0,1.0
4537,02-Mar-07,24:00:00,1072.494966,0.002118,183.411256,183.411256,0.0,0.0,0.998987,0.002118,206.488071,206.488071,0.0,0.0,0.998989,0.002117,259.349257,259.349257,0.0,0.0,0.998993
4538,03-Mar-07,24:00:00,927.771236,0.002137,171.490788,171.490788,0.0,0.0,0.993852,0.002137,193.802263,193.802263,0.0,0.0,0.993858,0.002137,244.245912,244.245912,0.0,0.0,0.993867
4539,04-Mar-07,24:00:00,864.766577,0.00171,161.362711,161.362711,0.0,0.0,0.98725,0.001709,182.460406,182.460406,0.0,0.0,0.987256,0.001708,230.02213,230.02213,0.0,0.0,0.987267
4540,05-Mar-07,24:00:00,769.073002,0.002323,151.951074,151.951074,0.0,0.0,0.980372,0.002323,171.830528,171.830528,0.0,0.0,0.980381,0.002322,216.626678,216.626678,0.0,0.0,0.980394
4541,06-Mar-07,24:00:00,709.560996,0.000963,143.100715,143.100715,0.0,0.0,0.974533,0.000963,161.823596,161.823596,0.0,0.0,0.974542,0.000962,204.011316,204.011316,0.0,0.0,0.974557
4542,07-Mar-07,24:00:00,679.984386,0.001916,134.767044,134.767044,0.0,0.0,0.969712,0.001916,152.399699,152.399699,0.0,0.0,0.969722,0.001916,192.130616,192.130616,0.0,0.0,0.969739
4543,08-Mar-07,24:00:00,652.133267,0.000937,126.918807,126.918807,0.0,0.0,0.964806,0.000936,143.524626,143.524626,0.0,0.0,0.964817,0.000936,180.941794,180.941794,0.0,0.0,0.964835
4544,09-Mar-07,24:00:00,626.238447,0.002469,119.527626,119.527626,0.0,0.0,0.959165,0.002469,135.166398,135.166398,0.0,0.0,0.959177,0.002468,170.404559,170.404559,0.0,0.0,0.959198
4545,10-Mar-07,24:00:00,602.826341,0.002896,112.566875,112.566875,0.0,0.0,0.950085,0.002896,127.294916,127.294916,0.0,0.0,0.950097,0.002896,160.480965,160.480965,0.0,0.0,0.950118
4546,11-Mar-07,24:00:00,580.894325,0.002873,106.011488,106.011488,0.0,0.0,0.940102,0.002873,119.881833,119.881833,0.0,0.0,0.940114,0.002873,151.135276,151.135276,0.0,0.0,0.940135
4547,12-Mar-07,24:00:00,559.456096,0.002734,99.837856,99.837856,0.0,0.0,0.930406,0.002734,112.900455,112.900455,0.0,0.0,0.930418,0.002734,142.333839,142.333839,0.0,0.0,0.930439
4548,13-Mar-07,24:00:00,516.270037,0.00281,94.023749,94.023749,0.0,0.0,0.921052,0.00281,106.325641,106.325641,0.0,0.0,0.921064,0.00281,134.044957,134.044957,0.0,0.0,0.921085
4549,14-Mar-07,24:00:00,462.808871,0.002439,88.548229,88.548229,0.0,0.0,0.9118,0.002439,100.133715,100.133715,0.0,0.0,0.911812,0.002439,126.238782,126.238782,0.0,0.0,0.911833
4550,15-Mar-07,24:00:00,432.069129,0.002904,83.391579,83.391579,0.0,0.0,0.902857,0.002904,94.302378,94.302378,0.0,0.0,0.902869,0.002904,118.887204,118.887204,0.0,0.0,0.90289
4551,16-Mar-07,24:00:00,413.559928,0.00308,78.535229,78.535229,0.0,0.0,0.892708,0.00308,88.810632,88.810632,0.0,0.0,0.89272,0.00308,111.963749,111.963749,0.0,0.0,0.892741
4552,17-Mar-07,24:00:00,396.314606,0.002772,73.961691,73.961691,0.0,0.0,0.88253,0.002771,83.638701,83.638701,0.0,0.0,0.882542,0.002771,105.443485,105.443485,0.0,0.0,0.882564
4553,18-Mar-07,24:00:00,380.793315,0.002105,69.654495,69.654495,0.0,0.0,0.874022,0.002105,78.76796,78.76796,0.0,0.0,0.874034,0.002104,99.302931,99.302931,0.0,0.0,0.874057
4554,19-Mar-07,24:00:00,369.196988,0.002214,65.598131,65.598131,0.0,0.0,0.866884,0.002214,74.180869,74.180869,0.0,0.0,0.866897,0.002214,93.519976,93.519976,0.0,0.0,0.866919
4555,20-Mar-07,24:00:00,358.002321,0.002602,61.777992,61.777992,0.0,0.0,0.858428,0.002602,69.860909,69.860909,0.0,0.0,0.858441,0.002602,88.073793,88.073793,0.0,0.0,0.858463
4556,21-Mar-07,24:00:00,343.667944,0.00255,58.18032,58.18032,0.0,0.0,0.84963,0.00255,65.792524,65.792524,0.0,0.0,0.849643,0.00255,82.944772,82.944772,0.0,0.0,0.849665
4557,22-Mar-07,24:00:00,332.106004,0.002871,54.79216,54.79216,0.0,0.0,0.840318,0.002871,61.961064,61.961064,0.0,0.0,0.840331,0.002871,78.114442,78.114442,0.0,0.0,0.840353
4558,23-Mar-07,24:00:00,322.374225,0.003139,51.601311,51.601311,0.0,0.0,0.830148,0.003139,58.352731,58.352731,0.0,0.0,0.830161,0.003139,73.565409,73.565409,0.0,0.0,0.830183
4559,24-Mar-07,24:00:00,311.363944,0.001674,48.596283,48.596283,0.0,0.0,0.821525,0.001673,54.954531,54.954531,0.0,0.0,0.821538,0.001673,69.281291,69.281291,0.0,0.0,0.821561
4560,25-Mar-07,24:00:00,317.058133,0.001225,46.642371,45.766255,0.010481,0.0,0.837122,0.001225,66.938383,51.754226,0.011045,0.0,0.838193,0.001224,80.450216,65.246661,0.014922,0.0,0.842868
4561,26-Mar-07,24:00:00,312.89644,0.001934,43.655836,43.101034,0.0,0.0,0.85444,0.001934,56.097741,48.740293,0.0,0.0,0.856389,0.001932,62.825104,61.446989,0.0,0.0,0.869576
4562,27-Mar-07,24:00:00,282.183573,0.002617,40.625086,40.591024,0.0,0.0,0.853478,0.002617,46.184334,45.901878,0.0,0.0,0.855429,0.002616,57.868593,57.868593,0.0,0.0,0.869062
4563,28-Mar-07,24:00:00,273.005081,0.002883,38.227186,38.227186,0.0,0.0,0.847158,0.002883,43.228759,43.228759,0.0,0.0,0.849112,0.002881,54.498587,54.498587,0.0,0.0,0.863462
4564,29-Mar-07,24:00:00,264.464417,0.003276,36.001007,36.001007,0.0,0.0,0.836764,0.003276,40.711311,40.711311,0.0,0.0,0.83872,0.003275,51.324835,51.324835,0.0,0.0,0.853074
4565,30-Mar-07,24:00:00,256.946037,0.003247,33.90447,33.90447,0.0,0.0,0.825438,0.003246,38.340468,38.340468,0.0,0.0,0.827397,0.003245,48.335908,48.335908,0.0,0.0,0.841756
4566,31-Mar-07,24:00:00,250.253587,0.003086,31.930026,31.930026,0.0,0.0,0.814581,0.003085,36.107692,36.107692,0.0,0.0,0.816542,0.003084,45.521042,45.521042,0.0,0.0,0.830905
4567,01-Apr-07,24:00:00,255.861237,0.003111,30.070566,30.070566,0.0,0.0,0.80394,0.003111,34.004942,34.004942,0.0,0.0,0.805904,0.00311,42.870102,42.870102,0.0,0.0,0.82027
4568,02-Apr-07,24:00:00,266.571335,0.003189,28.319391,28.319391,0.0,0.0,0.793154,0.003189,32.024648,32.024648,0.0,0.0,0.795119,0.003187,40.37354,40.37354,0.0,0.0,0.809489
4569,03-Apr-07,24:00:00,264.355438,0.002884,26.670197,26.670197,0.0,0.0,0.782527,0.002883,30.159676,30.159676,0.0,0.0,0.784494,0.002882,38.022367,38.022367,0.0,0.0,0.798869
4570,04-Apr-07,24:00:00,259.644382,0.003573,25.117045,25.117045,0.0,0.0,0.771777,0.003573,28.403313,28.403313,0.0,0.0,0.773747,0.003571,35.808115,35.808115,0.0,0.0,0.788125
4571,05-Apr-07,24:00:00,255.155025,0.003559,23.654342,23.654342,0.0,0.0,0.759458,0.003559,26.749232,26.749232,0.0,0.0,0.761429,0.003558,33.722812,33.722812,0.0,0.0,0.775812
4572,06-Apr-07,24:00:00,248.496117,0.002088,22.276819,22.276819,0.0,0.0,0.749825,0.002088,25.191477,25.191477,0.0,0.0,0.751798,0.002086,31.758947,31.758947,0.0,0.0,0.766184
4573,07-Apr-07,24:00:00,243.285526,0.003159,20.979518,20.979518,0.0,0.0,0.740816,0.003159,23.724439,23.724439,0.0,0.0,0.74279,0.003158,29.909449,29.909449,0.0,0.0,0.75718
4574,08-Apr-07,24:00:00,240.331204,0.002989,19.757765,19.757765,0.0,0.0,0.730079,0.002988,22.342834,22.342834,0.0,0.0,0.732054,0.002987,28.167658,28.167658,0.0,0.0,0.746447
4575,09-Apr-07,24:00:00,233.029132,0.00309,18.607162,18.607162,0.0,0.0,0.719764,0.003089,21.041688,21.041688,0.0,0.0,0.721741,0.003088,26.5273,26.5273,0.0,0.0,0.736137
4576,10-Apr-07,24:00:00,246.957667,0.001655,18.560143,17.523565,0.010177,0.0,0.737284,0.001655,40.384497,19.816315,0.01283,0.0,0.744899,0.001654,42.315932,24.98247,0.016031,0.0,0.764269
4577,11-Apr-07,24:00:00,233.440568,0.002735,16.868805,16.503071,0.0,0.0,0.748955,0.002734,24.42264,18.662302,0.0,0.0,0.760027,0.002733,24.007892,23.527603,0.0,0.0,0.7854
4578,12-Apr-07,24:00:00,210.85558,0.003178,15.562202,15.542006,0.0,0.0,0.744781,0.003178,17.758222,17.575494,0.0,0.0,0.756124,0.003177,22.157462,22.157462,0.0,0.0,0.782201
4579,13-Apr-07,24:00:00,207.472098,0.002072,14.63691,14.63691,0.0,0.0,0.739453,0.002072,16.551976,16.551976,0.0,0.0,0.750991,0.002072,20.867111,20.867111,0.0,0.0,0.776913
4580,14-Apr-07,24:00:00,205.84884,0.003048,13.784522,13.784522,0.0,0.0,0.737744,0.003048,15.588064,15.588064,0.0,0.0,0.74959,0.003047,19.651904,19.651904,0.0,0.0,0.770192
4581,15-Apr-07,24:00:00,203.520914,0.003781,12.981774,12.981774,0.0,0.0,0.729028,0.003781,14.680285,14.680285,0.0,0.0,0.741266,0.00378,18.507466,18.507466,0.0,0.0,0.758928
4582,16-Apr-07,24:00:00,201.731712,0.002469,12.225774,12.225774,0.0,0.0,0.71775,0.002469,13.825372,13.825372,0.0,0.0,0.72999,0.002468,17.429674,17.429674,0.0,0.0,0.747656
4583,17-Apr-07,24:00:00,200.146103,0.002556,11.5138,11.5138,0.0,0.0,0.709141,0.002556,13.020244,13.020244,0.0,0.0,0.721383,0.002554,16.414649,16.414649,0.0,0.0,0.739053
4584,18-Apr-07,24:00:00,197.849507,0.001327,10.843288,10.843288,0.0,0.0,0.702367,0.001327,12.262004,12.262004,0.0,0.0,0.71461,0.001326,15.458734,15.458734,0.0,0.0,0.732283
4585,19-Apr-07,24:00:00,195.532004,0.002839,10.211824,10.211824,0.0,0.0,0.697299,0.002838,11.54792,11.54792,0.0,0.0,0.707798,0.002837,14.558486,14.558486,0.0,0.0,0.725472
4586,20-Apr-07,24:00:00,206.831086,0.000834,10.842695,9.617133,0.052168,0.0,0.730874,0.000834,37.226953,10.875421,0.058204,0.0,0.74591,0.000834,45.23822,13.710666,0.062973,0.0,0.765989
4587,21-Apr-07,24:00:00,361.382939,0.002266,14.93293,9.057075,0.002008,0.0,0.878253,0.002265,102.558675,10.242085,0.001571,0.0,0.906726,0.002264,52.781022,12.912218,0.001278,0.0,0.939035
4588,22-Apr-07,24:00:00,206.889769,0.00338,8.997353,8.529631,0.0,0.0,0.876495,0.00338,14.498157,9.645632,0.0,0.0,0.904969,0.003379,12.160269,12.160269,0.0,0.0,0.93728
4589,23-Apr-07,24:00:00,189.129511,0.00344,8.036148,8.032904,0.0,0.0,0.867767,0.003439,9.083914,9.083914,0.0,0.0,0.896243,0.003438,11.45211,11.45211,0.0,0.0,0.928558
4590,24-Apr-07,24:00:00,186.484249,0.003146,7.565104,7.565104,0.0,0.0,0.856499,0.003145,8.554908,8.554908,0.0,0.0,0.884976,0.003145,10.78519,10.78519,0.0,0.0,0.917294
4591,25-Apr-07,24:00:00,185.713079,0.003517,7.124546,7.124546,0.0,0.0,0.844953,0.003517,8.056709,8.056709,0.0,0.0,0.873431,0.003516,10.157109,10.157109,0.0,0.0,0.905751
4592,26-Apr-07,24:00:00,185.664922,0.003971,6.709645,6.709645,0.0,0.0,0.832206,0.003971,7.587522,7.587522,0.0,0.0,0.860686,0.003971,9.565605,9.565605,0.0,0.0,0.893006
4593,27-Apr-07,24:00:00,184.864215,0.003975,6.318905,6.318905,0.0,0.0,0.818537,0.003975,7.145659,7.145659,0.0,0.0,0.847018,0.003975,9.008547,9.008547,0.0,0.0,0.879338
4594,28-Apr-07,24:00:00,182.290843,0.003957,5.950921,5.950921,0.0,0.0,0.805028,0.003957,6.729528,6.729528,0.0,0.0,0.833509,0.003957,8.48393,8.48393,0.0,0.0,0.865829
4595,29-Apr-07,24:00:00,176.473254,0.004311,5.604366,5.604366,0.0,0.0,0.791171,0.004311,6.337631,6.337631,0.0,0.0,0.819651,0.004311,7.989864,7.989864,0.0,0.0,0.851972
4596,30-Apr-07,24:00:00,171.540882,0.001824,5.277993,5.277993,0.0,0.0,0.77973,0.001824,5.968556,5.968556,0.0,0.0,0.808272,0.001824,7.524571,7.524571,0.0,0.0,0.840531
4597,01-May-07,24:00:00,170.054469,0.002294,4.970626,4.970626,0.0,0.0,0.772975,0.002293,5.620974,5.620974,0.0,0.0,0.805401,0.002292,7.086373,7.086373,0.0,0.0,0.837506
4598,02-May-07,24:00:00,166.824899,0.002256,4.681159,4.681159,0.0,0.0,0.7649,0.002256,5.293634,5.293634,0.0,0.0,0.804371,0.002256,6.732347,6.673695,0.001528,0.0,0.835427
4599,03-May-07,24:00:00,165.682034,0.00279,4.40855,4.40855,0.0,0.0,0.756684,0.00279,4.985356,4.985356,0.0,0.0,0.802153,0.00279,8.907178,6.285049,0.000885,0.0,0.840537
4600,04-May-07,24:00:00,163.675808,0.003457,4.151816,4.151816,0.0,0.0,0.745938,0.003457,4.695032,4.695032,0.0,0.0,0.795119,0.003457,5.919036,5.919036,0.0,0.0,0.837711
4601,05-May-07,24:00:00,164.386067,0.004239,3.910033,3.910033,0.0,0.0,0.732912,0.004239,4.421614,4.421614,0.0,0.0,0.782093,0.004239,5.574338,5.574338,0.0,0.0,0.826631
4602,06-May-07,24:00:00,172.566527,0.004358,3.68233,3.68233,0.0,0.0,0.718066,0.004358,4.164119,4.164119,0.0,0.0,0.767248,0.004358,5.249714,5.249714,0.0,0.0,0.811786
4603,07-May-07,24:00:00,181.472665,0.004396,3.467888,3.467888,0.0,0.0,0.703184,0.004396,3.92162,3.92162,0.0,0.0,0.752365,0.004396,4.943994,4.943994,0.0,0.0,0.796903
4604,08-May-07,24:00:00,181.424931,0.004245,3.265934,3.265934,0.0,0.0,0.688303,0.004245,3.693242,3.693242,0.0,0.0,0.737484,0.004245,4.656078,4.656078,0.0,0.0,0.782023
4605,09-May-07,24:00:00,158.981776,0.003364,3.07574,3.07574,0.0,0.0,0.675531,0.003364,3.478164,3.478164,0.0,0.0,0.724712,0.003364,4.384929,4.384929,0.0,0.0,0.769249
4606,10-May-07,24:00:00,119.438936,0.004018,2.896623,2.896623,0.0,0.0,0.662653,0.004018,3.275612,3.275612,0.0,0.0,0.711833,0.004018,4.129571,4.129571,0.0,0.0,0.75637
4607,11-May-07,24:00:00,96.275259,0.002393,2.727937,2.727937,0.0,0.0,0.651599,0.002393,3.084855,3.084855,0.0,0.0,0.70078,0.002393,3.889083,3.889083,0.0,0.0,0.745315
4608,12-May-07,24:00:00,92.084142,0.004092,2.569074,2.569074,0.0,0.0,0.640599,0.004092,2.905207,2.905207,0.0,0.0,0.68978,0.004093,3.6626,3.6626,0.0,0.0,0.734315
4609,13-May-07,24:00:00,91.739898,0.004423,2.419463,2.419463,0.0,0.0,0.626095,0.004423,2.736021,2.736021,0.0,0.0,0.675276,0.004423,3.449307,3.449307,0.0,0.0,0.71981
4610,14-May-07,24:00:00,92.992133,0.004349,2.278564,2.278564,0.0,0.0,0.61096,0.004349,2.576687,2.576687,0.0,0.0,0.660141,0.004349,3.248435,3.248435,0.0,0.0,0.704675
4611,15-May-07,24:00:00,94.134,0.004171,2.145871,2.145871,0.0,0.0,0.596416,0.004171,2.426632,2.426632,0.0,0.0,0.645597,0.004171,3.059261,3.059261,0.0,0.0,0.690131
4612,16-May-07,24:00:00,93.37478,0.004427,2.020905,2.020905,0.0,0.0,0.581728,0.004427,2.285316,2.285316,0.0,0.0,0.630909,0.004427,2.881103,2.881103,0.0,0.0,0.675443
4613,17-May-07,24:00:00,92.907267,0.004263,1.903217,1.903217,0.0,0.0,0.566794,0.004263,2.15223,2.15223,0.0,0.0,0.615974,0.004263,2.713321,2.713321,0.0,0.0,0.660509
4614,18-May-07,24:00:00,92.502852,0.004215,1.792382,1.792382,0.0,0.0,0.55236,0.004215,2.026894,2.026894,0.0,0.0,0.601541,0.004215,2.555309,2.555309,0.0,0.0,0.646075
4615,19-May-07,24:00:00,92.124054,0.004114,1.688002,1.688002,0.0,0.0,0.537616,0.004114,1.908856,1.908856,0.0,0.0,0.586797,0.004114,2.406499,2.406499,0.0,0.0,0.631331
4616,20-May-07,24:00:00,91.767413,0.00431,1.5897,1.5897,0.0,0.0,0.523595,0.00431,1.797693,1.797693,0.0,0.0,0.572775,0.00431,2.266356,2.266356,0.0,0.0,0.61731
4617,21-May-07,24:00:00,90.99961,0.004407,1.497123,1.497123,0.0,0.0,0.508458,0.004407,1.693004,1.693004,0.0,0.0,0.557638,0.004407,2.134373,2.134373,0.0,0.0,0.602172
4618,22-May-07,24:00:00,90.170025,0.004463,1.409937,1.409937,0.0,0.0,0.493245,0.004463,1.594411,1.594411,0.0,0.0,0.542425,0.004463,2.010077,2.010077,0.0,0.0,0.58696
4619,23-May-07,24:00:00,91.548042,0.004597,1.327829,1.327829,0.0,0.0,0.477766,0.004597,1.50156,1.50156,0.0,0.0,0.526946,0.004597,1.893019,1.893019,0.0,0.0,0.57148
4620,24-May-07,24:00:00,93.749719,0.004771,1.250502,1.250502,0.0,0.0,0.46185,0.004771,1.414115,1.414115,0.0,0.0,0.51103,0.004771,1.782778,1.782778,0.0,0.0,0.555564
4621,25-May-07,24:00:00,93.774061,0.004522,1.177679,1.177679,0.0,0.0,0.445713,0.004522,1.331764,1.331764,0.0,0.0,0.494893,0.004522,1.678957,1.678957,0.0,0.0,0.539427
4622,26-May-07,24:00:00,93.075083,0.004382,1.109096,1.109096,0.0,0.0,0.430505,0.004381,1.254208,1.254208,0.0,0.0,0.479684,0.004381,1.581183,1.581183,0.0,0.0,0.524218
4623,27-May-07,24:00:00,92.792259,0.004726,1.044507,1.044507,0.0,0.0,0.415017,0.004726,1.181168,1.181168,0.0,0.0,0.464198,0.004726,1.489102,1.489102,0.0,0.0,0.508733
4624,28-May-07,24:00:00,92.136971,0.004462,0.98368,0.98368,0.0,0.0,0.39927,0.004462,1.112382,1.112382,0.0,0.0,0.44845,0.004461,1.402383,1.402383,0.0,0.0,0.492987
4625,29-May-07,24:00:00,91.847678,0.003351,0.926395,0.926395,0.0,0.0,0.385598,0.00335,1.047602,1.047602,0.0,0.0,0.434779,0.00335,1.320714,1.320714,0.0,0.0,0.479317
4626,30-May-07,24:00:00,92.545324,0.003517,0.872446,0.872446,0.0,0.0,0.374216,0.003517,0.986595,0.986595,0.0,0.0,0.423396,0.003517,1.243802,1.243802,0.0,0.0,0.467935
4627,31-May-07,24:00:00,90.331676,0.004519,0.821638,0.821638,0.0,0.0,0.360293,0.004519,0.92914,0.92914,0.0,0.0,0.409474,0.004519,1.171368,1.171368,0.0,0.0,0.454015
4628,01-Jun-07,24:00:00,84.973277,0.004554,0.77379,0.77379,0.0,0.0,0.344808,0.004554,0.875031,0.875031,0.0,0.0,0.393989,0.004553,1.103153,1.103153,0.0,0.0,0.438531
4629,02-Jun-07,24:00:00,82.367292,0.004531,0.728728,0.728728,0.0,0.0,0.329058,0.004531,0.824073,0.824073,0.0,0.0,0.378239,0.00453,1.038911,1.038911,0.0,0.0,0.422783
4630,03-Jun-07,24:00:00,78.995165,0.003196,0.68629,0.68629,0.0,0.0,0.315403,0.003196,0.776083,0.776083,0.0,0.0,0.364584,0.003196,0.978409,0.978409,0.0,0.0,0.40913
4631,04-Jun-07,24:00:00,73.48511,0.004084,0.646323,0.646323,0.0,0.0,0.302998,0.004083,0.730887,0.730887,0.0,0.0,0.35218,0.004083,0.921431,0.921431,0.0,0.0,0.396727
4632,05-Jun-07,24:00:00,70.964277,0.003198,0.608684,0.608684,0.0,0.0,0.290684,0.003198,0.688324,0.688324,0.0,0.0,0.339867,0.003197,0.867771,0.867771,0.0,0.0,0.384417
4633,06-Jun-07,24:00:00,70.576359,0.004292,0.573238,0.573238,0.0,0.0,0.278068,0.004292,0.648239,0.648239,0.0,0.0,0.327252,0.004291,0.817236,0.817236,0.0,0.0,0.371803
4634,07-Jun-07,24:00:00,74.794611,0.004542,0.539855,0.539855,0.0,0.0,0.263033,0.004541,0.610488,0.610488,0.0,0.0,0.312216,0.004541,0.769644,0.769644,0.0,0.0,0.356769
4635,08-Jun-07,24:00:00,85.827641,0.004739,0.508416,0.508416,0.0,0.0,0.247073,0.004739,0.574936,0.574936,0.0,0.0,0.296257,0.004739,0.724823,0.724823,0.0,0.0,0.340811
4636,09-Jun-07,24:00:00,95.184346,0.004458,0.478808,0.478808,0.0,0.0,0.231447,0.004458,0.541455,0.541455,0.0,0.0,0.280632,0.004458,0.682613,0.682613,0.0,0.0,0.325188
4637,10-Jun-07,24:00:00,98.721832,0.004704,0.450924,0.450924,0.0,0.0,0.215719,0.004704,0.509923,0.509923,0.0,0.0,0.264903,0.004704,0.64286,0.64286,0.0,0.0,0.309461
4638,11-Jun-07,24:00:00,103.388923,0.005111,0.424665,0.424665,0.0,0.0,0.199039,0.00511,0.480227,0.480227,0.0,0.0,0.248224,0.00511,0.605423,0.605423,0.0,0.0,0.292783
4639,12-Jun-07,24:00:00,105.762273,0.005328,0.399934,0.399934,0.0,0.0,0.181088,0.005328,0.452261,0.452261,0.0,0.0,0.230274,0.005327,0.570166,0.570166,0.0,0.0,0.274835
4640,13-Jun-07,24:00:00,107.101318,0.005236,0.376644,0.376644,0.0,0.0,0.16296,0.005236,0.425923,0.425923,0.0,0.0,0.212147,0.005236,0.536962,0.536962,0.0,0.0,0.256709
4641,14-Jun-07,24:00:00,116.445079,0.005173,0.35471,0.35471,0.0,0.0,0.145001,0.005173,0.401119,0.401119,0.0,0.0,0.194188,0.005172,0.505692,0.505692,0.0,0.0,0.238753
4642,15-Jun-07,24:00:00,127.828207,0.004825,0.334053,0.334053,0.0,0.0,0.127862,0.004824,0.37776,0.37776,0.0,0.0,0.177049,0.004824,0.476243,0.476243,0.0,0.0,0.221616
4643,16-Jun-07,24:00:00,132.657919,0.004897,0.314599,0.314599,0.0,0.0,0.111093,0.004897,0.355761,0.355761,0.0,0.0,0.160281,0.004897,0.448508,0.448508,0.0,0.0,0.204849
4644,17-Jun-07,24:00:00,133.481136,0.005103,0.296278,0.296278,0.0,0.0,0.094029,0.005102,0.335043,0.335043,0.0,0.0,0.143217,0.005102,0.422389,0.422389,0.0,0.0,0.187788
4645,18-Jun-07,24:00:00,133.524416,0.0049,0.279025,0.279025,0.0,0.0,0.076974,0.0049,0.315532,0.315532,0.0,0.0,0.126163,0.0049,0.397791,0.397791,0.0,0.0,0.170735
4646,19-Jun-07,24:00:00,133.005131,0.004021,0.262775,0.262775,0.0,0.0,0.061786,0.004021,0.297156,0.297156,0.0,0.0,0.110974,0.004021,0.374626,0.374626,0.0,0.0,0.155547
4647,20-Jun-07,24:00:00,132.900647,0.005063,0.247472,0.247472,0.0,0.0,0.046186,0.005063,0.279851,0.279851,0.0,0.0,0.095375,0.005063,0.352809,0.352809,0.0,0.0,0.139949
4648,21-Jun-07,24:00:00,132.84567,0.004844,0.233061,0.233061,0.0,0.0,0.029085,0.004843,0.263554,0.263554,0.0,0.0,0.078274,0.004843,0.332263,0.332263,0.0,0.0,0.12285
4649,22-Jun-07,24:00:00,134.955979,0.005072,0.219488,0.219488,0.0,0.0,0.012367,0.005071,0.248206,0.248206,0.0,0.0,0.061557,0.005071,0.312914,0.312914,0.0,0.0,0.106134
4650,23-Jun-07,24:00:00,139.635656,0.004657,0.206706,0.206706,0.0,0.0,0.000876,0.004657,0.233751,0.233751,0.0,0.0,0.044479,0.004657,0.294691,0.294691,0.0,0.0,0.089058
4651,24-Jun-07,24:00:00,142.849465,0.004875,0.194669,0.194669,0.0,0.0,0.0,0.004875,0.220139,0.220139,0.0,0.0,0.028253,0.004874,0.27753,0.27753,0.0,0.0,0.072833
4652,25-Jun-07,24:00:00,144.026821,0.005199,0.183332,0.183332,0.0,0.0,0.0,0.005199,0.207319,0.207319,0.0,0.0,0.011128,0.005198,0.261368,0.261368,0.0,0.0,0.055711
4653,26-Jun-07,24:00:00,151.910837,0.005203,0.172656,0.172656,0.0,0.0,0.0,0.005203,0.195246,0.195246,0.0,0.0,0.000429,0.005202,0.246147,0.246147,0.0,0.0,0.037904
4654,27-Jun-07,24:00:00,171.88568,0.004442,0.162601,0.162601,0.0,0.0,0.0,0.004441,0.183875,0.183875,0.0,0.0,0.0,0.004441,0.231812,0.231812,0.0,0.0,0.021034
4655,28-Jun-07,24:00:00,188.240324,0.004128,0.153132,0.153132,0.0,0.0,0.0,0.004128,0.173167,0.173167,0.0,0.0,0.0,0.004128,0.218312,0.218312,0.0,0.0,0.006709
4656,29-Jun-07,24:00:00,192.170118,0.004654,0.144214,0.144214,0.0,0.0,0.0,0.004654,0.163083,0.163083,0.0,0.0,0.0,0.004654,0.205599,0.205599,0.0,0.0,0.0
4657,30-Jun-07,24:00:00,192.474376,0.004914,0.135816,0.135816,0.0,0.0,0.0,0.004914,0.153586,0.153586,0.0,0.0,0.0,0.004913,0.193626,0.193626,0.0,0.0,0.0
4658,01-Jul-07,24:00:00,200.442885,0.004953,0.127906,0.127906,0.0,0.0,0.0,0.004953,0.144642,0.144642,0.0,0.0,0.0,0.004953,0.18235,0.18235,0.0,0.0,0.0
4659,02-Jul-07,24:00:00,220.902313,0.00522,0.120458,0.120458,0.0,0.0,0.0,0.005219,0.136218,0.136218,0.0,0.0,0.0,0.005219,0.171731,0.171731,0.0,0.0,0.0
4660,03-Jul-07,24:00:00,228.66666,0.005397,0.113443,0.113443,0.0,0.0,0.0,0.005397,0.128285,0.128285,0.0,0.0,0.0,0.005397,0.16173,0.16173,0.0,0.0,0.0
4661,04-Jul-07,24:00:00,225.983239,0.005484,0.106836,0.106836,0.0,0.0,0.0,0.005484,0.120815,0.120815,0.0,0.0,0.0,0.005484,0.152311,0.152311,0.0,0.0,0.0
4662,05-Jul-07,24:00:00,236.424092,0.005298,0.100615,0.100615,0.0,0.0,0.0,0.005297,0.113779,0.113779,0.0,0.0,0.0,0.005297,0.143441,0.143441,0.0,0.0,0.0
4663,06-Jul-07,24:00:00,258.049721,0.004914,0.094755,0.094755,0.0,0.0,0.0,0.004914,0.107153,0.107153,0.0,0.0,0.0,0.004914,0.135088,0.135088,0.0,0.0,0.0
4664,07-Jul-07,24:00:00,267.77004,0.005318,0.089237,0.089237,0.0,0.0,0.0,0.005318,0.100913,0.100913,0.0,0.0,0.0,0.005318,0.127221,0.127221,0.0,0.0,0.0
4665,08-Jul-07,24:00:00,266.48961,0.00499,0.084041,0.084041,0.0,0.0,0.0,0.00499,0.095036,0.095036,0.0,0.0,0.0,0.004989,0.119812,0.119812,0.0,0.0,0.0
4666,09-Jul-07,24:00:00,265.304757,0.005083,0.079146,0.079146,0.0,0.0,0.0,0.005083,0.089502,0.089502,0.0,0.0,0.0,0.005082,0.112835,0.112835,0.0,0.0,0.0
4667,10-Jul-07,24:00:00,267.073812,0.004139,0.074537,0.074537,0.0,0.0,0.0,0.004139,0.08429,0.08429,0.0,0.0,0.0,0.004138,0.106264,0.106264,0.0,0.0,0.0
4668,11-Jul-07,24:00:00,267.631139,0.004397,0.070197,0.070197,0.0,0.0,0.0,0.004397,0.079381,0.079381,0.0,0.0,0.0,0.004396,0.100076,0.100076,0.0,0.0,0.0
4669,12-Jul-07,24:00:00,259.421535,0.004451,0.066109,0.066109,0.0,0.0,0.0,0.004451,0.074758,0.074758,0.0,0.0,0.0,0.00445,0.094248,0.094248,0.0,0.0,0.0
4670,13-Jul-07,24:00:00,251.30135,0.005045,0.062259,0.062259,0.0,0.0,0.0,0.005045,0.070404,0.070404,0.0,0.0,0.0,0.005044,0.088759,0.088759,0.0,0.0,0.0
4671,14-Jul-07,24:00:00,246.235944,0.004893,0.058633,0.058633,0.0,0.0,0.0,0.004893,0.066305,0.066305,0.0,0.0,0.0,0.004892,0.08359,0.08359,0.0,0.0,0.0
4672,15-Jul-07,24:00:00,239.417984,0.004534,0.055219,0.055219,0.0,0.0,0.0,0.004534,0.062443,0.062443,0.0,0.0,0.0,0.004534,0.078722,0.078722,0.0,0.0,0.0
4673,16-Jul-07,24:00:00,237.44391,0.003993,0.052003,0.052003,0.0,0.0,0.0,0.003993,0.058807,0.058807,0.0,0.0,0.0,0.003992,0.074138,0.074138,0.0,0.0,0.0
4674,17-Jul-07,24:00:00,226.729913,0.00312,0.048974,0.048974,0.0,0.0,0.0,0.00312,0.055382,0.055382,0.0,0.0,0.0,0.003119,0.06982,0.06982,0.0,0.0,0.0
4675,18-Jul-07,24:00:00,212.672195,0.004407,0.046123,0.046123,0.0,0.0,0.0,0.004407,0.052157,0.052157,0.0,0.0,0.0,0.004407,0.065754,0.065754,0.0,0.0,0.0
4676,19-Jul-07,24:00:00,207.026484,0.004439,0.043436,0.043436,0.0,0.0,0.0,0.004439,0.04912,0.04912,0.0,0.0,0.0,0.004439,0.061925,0.061925,0.0,0.0,0.0
4677,20-Jul-07,24:00:00,205.55926,0.004646,0.040907,0.040907,0.0,0.0,0.0,0.004645,0.046259,0.046259,0.0,0.0,0.0,0.004645,0.058319,0.058319,0.0,0.0,0.0
4678,21-Jul-07,24:00:00,205.145418,0.005055,0.038525,0.038525,0.0,0.0,0.0,0.005055,0.043565,0.043565,0.0,0.0,0.0,0.005054,0.054923,0.054923,0.0,0.0,0.0
4679,22-Jul-07,24:00:00,223.183676,0.005261,0.036281,0.036281,0.0,0.0,0.0,0.005261,0.041028,0.041028,0.0,0.0,0.0,0.00526,0.051724,0.051724,0.0,0.0,0.0
4680,23-Jul-07,24:00:00,254.782923,0.004914,0.034168,0.034168,0.0,0.0,0.0,0.004914,0.038639,0.038639,0.0,0.0,0.0,0.004913,0.048712,0.048712,0.0,0.0,0.0
4681,24-Jul-07,24:00:00,236.604373,0.004622,0.032178,0.032178,0.0,0.0,0.0,0.004621,0.036389,0.036389,0.0,0.0,0.0,0.004621,0.045875,0.045875,0.0,0.0,0.0
4682,25-Jul-07,24:00:00,216.451472,0.004791,0.030305,0.030305,0.0,0.0,0.0,0.004791,0.03427,0.03427,0.0,0.0,0.0,0.00479,0.043204,0.043204,0.0,0.0,0.0
4683,26-Jul-07,24:00:00,210.689252,0.004798,0.02854,0.02854,0.0,0.0,0.0,0.004798,0.032274,0.032274,0.0,0.0,0.0,0.004798,0.040688,0.040688,0.0,0.0,0.0
4684,27-Jul-07,24:00:00,202.943941,0.00506,0.026878,0.026878,0.0,0.0,0.0,0.00506,0.030394,0.030394,0.0,0.0,0.0,0.00506,0.038318,0.038318,0.0,0.0,0.0
4685,28-Jul-07,24:00:00,199.694268,0.004948,0.025312,0.025312,0.0,0.0,0.0,0.004948,0.028624,0.028624,0.0,0.0,0.0,0.004948,0.036087,0.036087,0.0,0.0,0.0
4686,29-Jul-07,24:00:00,200.144827,0.005089,0.023838,0.023838,0.0,0.0,0.0,0.005089,0.026957,0.026957,0.0,0.0,0.0,0.005089,0.033985,0.033985,0.0,0.0,0.0
4687,30-Jul-07,24:00:00,194.375281,0.005273,0.02245,0.02245,0.0,0.0,0.0,0.005273,0.025388,0.025388,0.0,0.0,0.0,0.005273,0.032006,0.032006,0.0,0.0,0.0
4688,31-Jul-07,24:00:00,182.987934,0.00513,0.021143,0.021143,0.0,0.0,0.0,0.00513,0.023909,0.023909,0.0,0.0,0.0,0.00513,0.030142,0.030142,0.0,0.0,0.0
4689,01-Aug-07,24:00:00,177.176525,0.004801,0.019911,0.019911,0.0,0.0,0.0,0.004801,0.022517,0.022517,0.0,0.0,0.0,0.004801,0.028387,0.028387,0.0,0.0,0.0
4690,02-Aug-07,24:00:00,177.015252,0.004853,0.018752,0.018752,0.0,0.0,0.0,0.004853,0.021206,0.021206,0.0,0.0,0.0,0.004853,0.026734,0.026734,0.0,0.0,0.0
4691,03-Aug-07,24:00:00,176.662933,0.00485,0.01766,0.01766,0.0,0.0,0.0,0.00485,0.019971,0.019971,0.0,0.0,0.0,0.00485,0.025177,0.025177,0.0,0.0,0.0
4692,04-Aug-07,24:00:00,175.650916,0.004048,0.016631,0.016631,0.0,0.0,0.0,0.004048,0.018808,0.018808,0.0,0.0,0.0,0.004048,0.023711,0.023711,0.0,0.0,0.0
4693,05-Aug-07,24:00:00,175.146775,0.003205,0.015663,0.015663,0.0,0.0,0.0,0.003205,0.017712,0.017712,0.0,0.0,0.0,0.003205,0.02233,0.02233,0.0,0.0,0.0
4694,06-Aug-07,24:00:00,175.456333,0.00376,0.014751,0.014751,0.0,0.0,0.0,0.00376,0.016681,0.016681,0.0,0.0,0.0,0.003761,0.021029,0.021029,0.0,0.0,0.0
4695,07-Aug-07,24:00:00,174.300219,0.004378,0.013892,0.013892,0.0,0.0,0.0,0.004378,0.015709,0.015709,0.0,0.0,0.0,0.004378,0.019805,0.019805,0.0,0.0,0.0
4696,08-Aug-07,24:00:00,170.07179,0.004552,0.013083,0.013083,0.0,0.0,0.0,0.004552,0.014795,0.014795,0.0,0.0,0.0,0.004552,0.018652,0.018652,0.0,0.0,0.0
4697,09-Aug-07,24:00:00,168.226413,0.004573,0.012321,0.012321,0.0,0.0,0.0,0.004573,0.013933,0.013933,0.0,0.0,0.0,0.004573,0.017565,0.017565,0.0,0.0,0.0
4698,10-Aug-07,24:00:00,168.051753,0.004248,0.011603,0.011603,0.0,0.0,0.0,0.004248,0.013122,0.013122,0.0,0.0,0.0,0.004248,0.016542,0.016542,0.0,0.0,0.0
4699,11-Aug-07,24:00:00,168.040081,0.004248,0.010928,0.010928,0.0,0.0,0.0,0.004248,0.012357,0.012357,0.0,0.0,0.0,0.004248,0.015579,0.015579,0.0,0.0,0.0
4700,12-Aug-07,24:00:00,167.173486,0.004268,0.010291,0.010291,0.0,0.0,0.0,0.004268,0.011638,0.011638,0.0,0.0,0.0,0.004268,0.014672,0.014672,0.0,0.0,0.0
4701,13-Aug-07,24:00:00,165.280872,0.004295,0.009692,0.009692,0.0,0.0,0.0,0.004295,0.01096,0.01096,0.0,0.0,0.0,0.004295,0.013818,0.013818,0.0,0.0,0.0
4702,14-Aug-07,24:00:00,164.148605,0.004504,0.009128,0.009128,0.0,0.0,0.0,0.004504,0.010322,0.010322,0.0,0.0,0.0,0.004504,0.013013,0.013013,0.0,0.0,0.0
4703,15-Aug-07,24:00:00,162.741563,0.004126,0.008596,0.008596,0.0,0.0,0.0,0.004126,0.009721,0.009721,0.0,0.0,0.0,0.004126,0.012255,0.012255,0.0,0.0,0.0
4704,16-Aug-07,24:00:00,165.513362,0.004325,0.008095,0.008095,0.0,0.0,0.0,0.004325,0.009155,0.009155,0.0,0.0,0.0,0.004325,0.011541,0.011541,0.0,0.0,0.0
4705,17-Aug-07,24:00:00,174.807995,0.004135,0.007624,0.007624,0.0,0.0,0.0,0.004135,0.008621,0.008621,0.0,0.0,0.0,0.004135,0.010869,0.010869,0.0,0.0,0.0
4706,18-Aug-07,24:00:00,181.744804,0.003197,0.00718,0.00718,0.0,0.0,0.0,0.003197,0.008119,0.008119,0.0,0.0,0.0,0.003197,0.010236,0.010236,0.0,0.0,0.0
4707,19-Aug-07,24:00:00,188.58056,0.004461,0.006762,0.006762,0.0,0.0,0.0,0.004461,0.007647,0.007647,0.0,0.0,0.0,0.004461,0.00964,0.00964,0.0,0.0,0.0
4708,20-Aug-07,24:00:00,194.410159,0.004486,0.006368,0.006368,0.0,0.0,0.0,0.004485,0.007201,0.007201,0.0,0.0,0.0,0.004485,0.009079,0.009079,0.0,0.0,0.0
4709,21-Aug-07,24:00:00,197.610732,0.004177,0.005997,0.005997,0.0,0.0,0.0,0.004177,0.006782,0.006782,0.0,0.0,0.0,0.004176,0.00855,0.00855,0.0,0.0,0.0
4710,22-Aug-07,24:00:00,206.883484,0.004432,0.005648,0.005648,0.0,0.0,0.0,0.004431,0.006387,0.006387,0.0,0.0,0.0,0.00443,0.008052,0.008052,0.0,0.0,0.0
4711,23-Aug-07,24:00:00,212.155582,0.004355,0.005319,0.005319,0.0,0.0,0.0,0.004355,0.006015,0.006015,0.0,0.0,0.0,0.004353,0.007583,0.007583,0.0,0.0,0.0
4712,24-Aug-07,24:00:00,213.606109,0.004077,0.005009,0.005009,0.0,0.0,0.0,0.004077,0.005665,0.005665,0.0,0.0,0.0,0.004076,0.007141,0.007141,0.0,0.0,0.0
4713,25-Aug-07,24:00:00,213.408511,0.004018,0.004717,0.004717,0.0,0.0,0.0,0.004018,0.005335,0.005335,0.0,0.0,0.0,0.004016,0.006726,0.006726,0.0,0.0,0.0
4714,26-Aug-07,24:00:00,216.031396,0.00413,0.004443,0.004443,0.0,0.0,0.0,0.00413,0.005024,0.005024,0.0,0.0,0.0,0.004129,0.006334,0.006334,0.0,0.0,0.0
4715,27-Aug-07,24:00:00,220.389111,0.004305,0.004184,0.004184,0.0,0.0,0.0,0.004305,0.004732,0.004732,0.0,0.0,0.0,0.004304,0.005965,0.005965,0.0,0.0,0.0
4716,28-Aug-07,24:00:00,221.987504,0.00436,0.00394,0.00394,0.0,0.0,0.0,0.00436,0.004456,0.004456,0.0,0.0,0.0,0.004358,0.005618,0.005618,0.0,0.0,0.0
4717,29-Aug-07,24:00:00,221.411409,0.004541,0.003711,0.003711,0.0,0.0,0.0,0.004541,0.004196,0.004196,0.0,0.0,0.0,0.004539,0.005291,0.005291,0.0,0.0,0.0
4718,30-Aug-07,24:00:00,221.019196,0.004139,0.003495,0.003495,0.0,0.0,0.0,0.004138,0.003952,0.003952,0.0,0.0,0.0,0.004137,0.004982,0.004982,0.0,0.0,0.0
4719,31-Aug-07,24:00:00,221.011897,0.004413,0.003291,0.003291,0.0,0.0,0.0,0.004412,0.003722,0.003722,0.0,0.0,0.0,0.004411,0.004692,0.004692,0.0,0.0,0.0
4720,01-Sep-07,24:00:00,222.214694,0.004182,0.0031,0.0031,0.0,0.0,0.0,0.004181,0.003505,0.003505,0.0,0.0,0.0,0.004179,0.004419,0.004419,0.0,0.0,0.0
4721,02-Sep-07,24:00:00,222.395517,0.004419,0.002919,0.002919,0.0,0.0,0.0,0.004418,0.003301,0.003301,0.0,0.0,0.0,0.004417,0.004162,0.004162,0.0,0.0,0.0
4722,03-Sep-07,24:00:00,222.618186,0.003676,0.002749,0.002749,0.0,0.0,0.0,0.003675,0.003109,0.003109,0.0,0.0,0.0,0.003674,0.003919,0.003919,0.0,0.0,0.0
4723,04-Sep-07,24:00:00,222.400988,0.003751,0.002589,0.002589,0.0,0.0,0.0,0.00375,0.002928,0.002928,0.0,0.0,0.0,0.003749,0.003691,0.003691,0.0,0.0,0.0
4724,05-Sep-07,24:00:00,222.015347,0.004387,0.002438,0.002438,0.0,0.0,0.0,0.004386,0.002757,0.002757,0.0,0.0,0.0,0.004385,0.003476,0.003476,0.0,0.0,0.0
4725,06-Sep-07,24:00:00,222.008314,0.002779,0.002296,0.002296,0.0,0.0,0.0,0.002778,0.002597,0.002597,0.0,0.0,0.0,0.002777,0.003274,0.003274,0.0,0.0,0.0
4726,07-Sep-07,24:00:00,223.21132,0.00355,0.002163,0.002163,0.0,0.0,0.0,0.00355,0.002446,0.002446,0.0,0.0,0.0,0.003548,0.003083,0.003083,0.0,0.0,0.0
4727,08-Sep-07,24:00:00,224.595873,0.003574,0.002037,0.002037,0.0,0.0,0.0,0.003574,0.002303,0.002303,0.0,0.0,0.0,0.003573,0.002904,0.002904,0.0,0.0,0.0
4728,09-Sep-07,24:00:00,225.601967,0.003516,0.001918,0.001918,0.0,0.0,0.0,0.003516,0.002169,0.002169,0.0,0.0,0.0,0.003516,0.002735,0.002735,0.0,0.0,0.0
4729,10-Sep-07,24:00:00,219.982178,0.003526,0.001806,0.001806,0.0,0.0,0.0,0.003526,0.002043,0.002043,0.0,0.0,0.0,0.003526,0.002575,0.002575,0.0,0.0,0.0
4730,11-Sep-07,24:00:00,207.045713,0.002955,0.001701,0.001701,0.0,0.0,0.0,0.002955,0.001924,0.001924,0.0,0.0,0.0,0.002955,0.002425,0.002425,0.0,0.0,0.0
4731,12-Sep-07,24:00:00,201.707196,0.002795,0.001602,0.001602,0.0,0.0,0.0,0.002794,0.001812,0.001812,0.0,0.0,0.0,0.002793,0.002284,0.002284,0.0,0.0,0.0
4732,13-Sep-07,24:00:00,201.999514,0.002754,0.001509,0.001509,0.0,0.0,0.0,0.002753,0.001706,0.001706,0.0,0.0,0.0,0.002753,0.002151,0.002151,0.0,0.0,0.0
4733,14-Sep-07,24:00:00,201.403307,0.002015,0.001421,0.001421,0.0,0.0,0.0,0.002015,0.001607,0.001607,0.0,0.0,0.0,0.002014,0.002026,0.002026,0.0,0.0,0.0
4734,15-Sep-07,24:00:00,201.613198,0.00322,0.001338,0.001338,0.0,0.0,0.0,0.00322,0.001513,0.001513,0.0,0.0,0.0,0.003219,0.001908,0.001908,0.0,0.0,0.0
4735,16-Sep-07,24:00:00,206.812103,0.003313,0.00126,0.00126,0.0,0.0,0.0,0.003313,0.001425,0.001425,0.0,0.0,0.0,0.003313,0.001797,0.001797,0.0,0.0,0.0
4736,17-Sep-07,24:00:00,217.774287,0.003247,0.001187,0.001187,0.0,0.0,0.0,0.003247,0.001342,0.001342,0.0,0.0,0.0,0.003247,0.001692,0.001692,0.0,0.0,0.0
4737,18-Sep-07,24:00:00,183.867772,0.002698,0.001118,0.001118,0.0,0.0,0.0,0.002698,0.001264,0.001264,0.0,0.0,0.0,0.002698,0.001593,0.001593,0.0,0.0,0.0
4738,19-Sep-07,24:00:00,180.963342,0.002384,0.001053,0.001053,0.0,0.0,0.0,0.002384,0.00119,0.00119,0.0,0.0,0.0,0.002384,0.001501,0.001501,0.0,0.0,0.0
4739,20-Sep-07,24:00:00,220.730227,0.002719,0.000991,0.000991,0.0,0.0,0.0,0.002719,0.001121,0.001121,0.0,0.0,0.0,0.002719,0.001413,0.001413,0.0,0.0,0.0
4740,21-Sep-07,24:00:00,223.360075,0.001236,0.000934,0.000934,0.0,0.0,0.0,0.001236,0.001056,0.001056,0.0,0.0,0.0,0.001235,0.001331,0.001331,0.0,0.0,0.0
4741,22-Sep-07,24:00:00,223.009501,0.002624,0.000879,0.000879,0.0,0.0,0.0,0.002624,0.000994,0.000994,0.0,0.0,0.0,0.002623,0.001253,0.001253,0.0,0.0,0.0
4742,23-Sep-07,24:00:00,223.003026,0.002797,0.000828,0.000828,0.0,0.0,0.0,0.002797,0.000936,0.000936,0.0,0.0,0.0,0.002797,0.001181,0.001181,0.0,0.0,0.0
4743,24-Sep-07,24:00:00,222.401041,0.002774,0.00078,0.00078,0.0,0.0,0.0,0.002774,0.000882,0.000882,0.0,0.0,0.0,0.002773,0.001112,0.001112,0.0,0.0,0.0
4744,25-Sep-07,24:00:00,222.009258,0.002774,0.000734,0.000734,0.0,0.0,0.0,0.002774,0.00083,0.00083,0.0,0.0,0.0,0.002774,0.001047,0.001047,0.0,0.0,0.0
4745,26-Sep-07,24:00:00,221.40077,0.00304,0.000692,0.000692,0.0,0.0,0.0,0.00304,0.000782,0.000782,0.0,0.0,0.0,0.00304,0.000986,0.000986,0.0,0.0,0.0
4746,27-Sep-07,24:00:00,221.610725,0.001994,0.000651,0.000651,0.0,0.0,0.0,0.001994,0.000737,0.000737,0.0,0.0,0.0,0.001994,0.000929,0.000929,0.0,0.0,0.0
4747,28-Sep-07,24:00:00,221.995641,0.002456,0.000613,0.000613,0.0,0.0,0.0,0.002456,0.000694,0.000694,0.0,0.0,0.0,0.002456,0.000874,0.000874,0.0,0.0,0.0
4748,29-Sep-07,24:00:00,223.807334,0.002559,0.000578,0.000578,0.0,0.0,0.0,0.002559,0.000653,0.000653,0.0,0.0,0.0,0.002559,0.000824,0.000824,0.0,0.0,0.0
4749,30-Sep-07,24:00:00,223.176819,0.002451,0.000544,0.000544,0.0,0.0,0.0,0.002451,0.000615,0.000615,0.0,0.0,0.0,0.002451,0.000776,0.000776,0.0,0.0,0.0
4750,01-Oct-07,24:00:00,214.800347,0.002783,0.000512,0.000512,0.0,0.0,0.0,0.002783,0.000579,0.000579,0.0,0.0,0.0,0.002783,0.00073,0.00073,0.0,0.0,0.0
4751,02-Oct-07,24:00:00,204.665335,0.002936,0.000482,0.000482,0.0,0.0,0.0,0.002935,0.000546,0.000546,0.0,0.0,0.0,0.002935,0.000688,0.000688,0.0,0.0,0.0
4752,03-Oct-07,24:00:00,202.265244,0.00228,0.000454,0.000454,0.0,0.0,0.0,0.002278,0.000514,0.000514,0.0,0.0,0.0,0.002277,0.000648,0.000648,0.0,0.0,0.0
4753,04-Oct-07,24:00:00,196.785521,0.002105,0.000428,0.000428,0.0,0.0,0.0,0.002104,0.000484,0.000484,0.0,0.0,0.0,0.002102,0.00061,0.00061,0.0,0.0,0.0
4754,05-Oct-07,24:00:00,188.050674,0.002158,0.000403,0.000403,0.0,0.0,0.0,0.002158,0.000456,0.000456,0.0,0.0,0.0,0.002156,0.000575,0.000575,0.0,0.0,0.0
4755,06-Oct-07,24:00:00,183.500897,0.002579,0.00038,0.00038,0.0,0.0,0.0,0.002578,0.000429,0.000429,0.0,0.0,0.0,0.002576,0.000541,0.000541,0.0,0.0,0.0
4756,07-Oct-07,24:00:00,182.56212,0.002868,0.000357,0.000357,0.0,0.0,0.0,0.002867,0.000404,0.000404,0.0,0.0,0.0,0.002865,0.00051,0.00051,0.0,0.0,0.0
4757,08-Oct-07,24:00:00,183.498882,0.000887,0.038619,0.000337,0.020504,0.0,0.00498,0.000887,0.694254,0.000381,0.018044,0.0,0.004459,0.000886,0.750959,0.00048,0.015522,0.0,0.003565
4758,09-Oct-07,24:00:00,247.868208,0.001162,3.519315,0.000317,0.007587,0.0,0.095873,0.001161,46.11636,0.000359,0.006163,0.0,0.082702,0.00116,21.989649,0.000452,0.004941,0.0,0.069955
4759,10-Oct-07,24:00:00,194.476108,0.001344,0.36192,0.000299,0.0,0.0,0.096313,0.001344,3.212868,0.000338,0.0,0.0,0.082997,0.001343,0.000426,0.000426,0.0,0.0,0.070161
4760,11-Oct-07,24:00:00,215.34474,0.000927,1.686772,0.000281,0.018369,0.0,0.133191,0.000926,28.533003,0.000318,0.01893,0.0,0.122251,0.000925,20.166511,0.000401,0.018513,0.0,0.111988
4761,12-Oct-07,24:00:00,211.089946,0.001846,0.839051,0.000265,0.0,0.0,0.159293,0.001845,10.224917,0.0003,0.0,0.0,0.1479,0.001844,0.406332,0.000378,0.0,0.0,0.133635
4762,13-Oct-07,24:00:00,185.941179,0.002209,0.050003,0.000249,0.0,0.0,0.159128,0.002208,0.359923,0.000282,0.0,0.0,0.147737,0.002207,0.000356,0.000356,0.0,0.0,0.133271
4763,14-Oct-07,24:00:00,183.623276,0.000937,0.000235,0.000235,0.0,0.0,0.157303,0.000936,0.000266,0.000266,0.0,0.0,0.145917,0.000935,0.000335,0.000335,0.0,0.0,0.13107
4764,15-Oct-07,24:00:00,183.92065,0.00083,0.000221,0.000221,0.0,0.0,0.155106,0.000829,0.00025,0.00025,0.0,0.0,0.143892,0.000828,0.000315,0.000315,0.0,0.0,0.12905
4765,16-Oct-07,24:00:00,184.493776,0.001131,0.000208,0.000208,0.0,0.0,0.154805,0.001131,0.000236,0.000236,0.0,0.0,0.143736,0.00113,0.058177,0.000297,5.2e-05,0.0,0.129036
4766,17-Oct-07,24:00:00,188.042861,0.000581,0.231745,0.000196,0.00856,0.0,0.161842,0.000581,8.716254,0.000222,0.015643,0.0,0.157073,0.000581,12.188362,0.00028,0.019817,0.0,0.146608
4767,18-Oct-07,24:00:00,277.800119,0.00074,2.649763,0.000185,0.025128,0.0,0.223107,0.00074,67.35075,0.000209,0.034517,0.0,0.259942,0.000739,49.402017,0.000263,0.038833,0.0,0.268981
4768,19-Oct-07,24:00:00,252.154033,0.001674,1.721625,0.000174,0.0,0.0,0.270306,0.001673,26.573529,0.000197,0.0,0.0,0.315714,0.001671,3.582978,0.000248,0.0,0.0,0.330157
4769,20-Oct-07,24:00:00,188.445992,0.001766,0.106249,0.000164,0.0,0.0,0.270306,0.001766,1.011442,0.000185,0.0,0.0,0.315714,0.001766,0.000234,0.000234,0.0,0.0,0.330157
4770,21-Oct-07,24:00:00,183.301923,0.001786,0.000154,0.000154,0.0,0.0,0.268611,0.001786,0.000175,0.000175,0.0,0.0,0.314022,0.001786,0.00022,0.00022,0.0,0.0,0.328468
4771,22-Oct-07,24:00:00,181.251013,0.001813,0.000145,0.000145,0.0,0.0,0.263378,0.001813,0.000164,0.000164,0.0,0.0,0.30879,0.001813,0.000207,0.000207,0.0,0.0,0.32324
4772,23-Oct-07,24:00:00,180.116123,0.001781,0.000137,0.000137,0.0,0.0,0.257203,0.00178,0.000155,0.000155,0.0,0.0,0.302615,0.00178,0.000195,0.000195,0.0,0.0,0.317065
4773,24-Oct-07,24:00:00,179.574717,0.001848,0.000129,0.000129,0.0,0.0,0.251044,0.001848,0.000146,0.000146,0.0,0.0,0.296456,0.001848,0.000184,0.000184,0.0,0.0,0.310906
4774,25-Oct-07,24:00:00,179.487443,0.001118,0.000121,0.000121,0.0,0.0,0.246021,0.001118,0.000137,0.000137,0.0,0.0,0.291433,0.001118,0.000173,0.000173,0.0,0.0,0.305884
4775,26-Oct-07,24:00:00,180.380528,0.001491,0.000114,0.000114,0.0,0.0,0.241552,0.001491,0.000129,0.000129,0.0,0.0,0.286965,0.001491,0.000163,0.000163,0.0,0.0,0.301416
4776,27-Oct-07,24:00:00,180.078911,0.001697,0.000108,0.000108,0.0,0.0,0.235982,0.001697,0.000122,0.000122,0.0,0.0,0.281395,0.001697,0.000154,0.000154,0.0,0.0,0.295846
4777,28-Oct-07,24:00:00,179.538796,0.001271,0.000101,0.000101,0.0,0.0,0.230826,0.00127,0.000115,0.000115,0.0,0.0,0.27624,0.001269,0.000145,0.000145,0.0,0.0,0.290694
4778,29-Oct-07,24:00:00,178.655526,0.001118,9.5e-05,9.5e-05,0.0,0.0,0.226872,0.001118,0.000108,0.000108,0.0,0.0,0.27229,0.001117,0.000136,0.000136,0.0,0.0,0.286748
4779,30-Oct-07,24:00:00,177.593934,0.001409,9e-05,9e-05,0.0,0.0,0.222518,0.001408,0.000102,0.000102,0.0,0.0,0.267939,0.001408,0.000128,0.000128,0.0,0.0,0.282397
4780,31-Oct-07,24:00:00,177.954263,0.001656,8.5e-05,8.5e-05,0.0,0.0,0.217261,0.001655,9.6e-05,9.6e-05,0.0,0.0,0.262685,0.001653,0.000121,0.000121,0.0,0.0,0.277147
4781,01-Nov-07,24:00:00,177.565796,0.00147,8e-05,8e-05,0.0,0.0,0.211831,0.001469,9e-05,9e-05,0.0,0.0,0.257259,0.001467,0.000114,0.000114,0.0,0.0,0.271728
4782,02-Nov-07,24:00:00,176.62301,0.001466,7.5e-05,7.5e-05,0.0,0.0,0.206818,0.001465,8.5e-05,8.5e-05,0.0,0.0,0.252249,0.001463,0.000107,0.000107,0.0,0.0,0.266724
4783,03-Nov-07,24:00:00,176.057997,0.001427,7.1e-05,7.1e-05,0.0,0.0,0.201851,0.001426,8e-05,8e-05,0.0,0.0,0.247286,0.001424,0.000101,0.000101,0.0,0.0,0.261766
4784,04-Nov-07,24:00:00,176.003332,0.001429,6.7e-05,6.7e-05,0.0,0.0,0.196948,0.001427,7.5e-05,7.5e-05,0.0,0.0,0.242387,0.001426,9.5e-05,9.5e-05,0.0,0.0,0.256874
4785,05-Nov-07,24:00:00,176.000367,0.001374,6.3e-05,6.3e-05,0.0,0.0,0.192138,0.001373,7.1e-05,7.1e-05,0.0,0.0,0.237581,0.001371,8.9e-05,8.9e-05,0.0,0.0,0.252074
4786,06-Nov-07,24:00:00,176.00022,0.001362,5.9e-05,5.9e-05,0.0,0.0,0.187435,0.001361,6.7e-05,6.7e-05,0.0,0.0,0.232882,0.001359,8.4e-05,8.4e-05,0.0,0.0,0.247381
4787,07-Nov-07,24:00:00,175.568267,0.000889,5.6e-05,5.6e-05,0.0,0.0,0.18373,0.000888,6.3e-05,6.3e-05,0.0,0.0,0.229181,0.000887,7.9e-05,7.9e-05,0.0,0.0,0.243685
4788,08-Nov-07,24:00:00,174.623045,0.00099,5.2e-05,5.2e-05,0.0,0.0,0.180392,0.000989,5.9e-05,5.9e-05,0.0,0.0,0.225846,0.000988,7.5e-05,7.5e-05,0.0,0.0,0.240354
4789,09-Nov-07,24:00:00,181.336878,0.000435,0.310423,4.9e-05,0.011426,0.0,0.187312,0.000435,9.934975,5.6e-05,0.015154,0.0,0.238461,0.000434,16.999689,7e-05,0.023556,0.0,0.2653
4790,10-Nov-07,24:00:00,221.279384,0.001387,1.425768,4.6e-05,0.001886,0.0,0.223523,0.001387,22.713058,5.3e-05,0.001257,0.0,0.280172,0.001385,9.176564,6.6e-05,0.0,0.0,0.319363
4791,11-Nov-07,24:00:00,180.974565,0.000662,0.123157,4.4e-05,0.0,0.0,0.223792,0.000661,1.262808,5e-05,0.0,0.0,0.280352,0.00066,6.2e-05,6.2e-05,0.0,0.0,0.319363
4792,12-Nov-07,24:00:00,173.537967,0.000958,0.001565,4.1e-05,0.0,0.0,0.223792,0.000957,4.7e-05,4.7e-05,0.0,0.0,0.280352,0.000956,5.9e-05,5.9e-05,0.0,0.0,0.319363
4793,13-Nov-07,24:00:00,172.557528,0.001206,3.9e-05,3.9e-05,0.0,0.0,0.223774,0.001205,4.4e-05,4.4e-05,0.0,0.0,0.280338,0.001203,5.5e-05,5.5e-05,0.0,0.0,0.31932
4794,14-Nov-07,24:00:00,172.951865,0.001138,3.7e-05,3.7e-05,0.0,0.0,0.221937,0.001137,4.1e-05,4.1e-05,0.0,0.0,0.27851,0.001136,5.2e-05,5.2e-05,0.0,0.0,0.317438
4795,15-Nov-07,24:00:00,172.99746,0.001326,3.4e-05,3.4e-05,0.0,0.0,0.21757,0.001326,3.9e-05,3.9e-05,0.0,0.0,0.274145,0.001324,4.9e-05,4.9e-05,0.0,0.0,0.313077
4796,16-Nov-07,24:00:00,172.999996,0.001126,3.2e-05,3.2e-05,0.0,0.0,0.213418,0.001125,3.7e-05,3.7e-05,0.0,0.0,0.269997,0.001123,4.6e-05,4.6e-05,0.0,0.0,0.308933
4797,17-Nov-07,24:00:00,172.568171,0.000461,3e-05,3e-05,0.0,0.0,0.210703,0.00046,3.5e-05,3.5e-05,0.0,0.0,0.267285,0.000459,4.4e-05,4.4e-05,0.0,0.0,0.306226
4798,18-Nov-07,24:00:00,171.622958,0.001093,2.9e-05,2.9e-05,0.0,0.0,0.209845,0.001092,3.2e-05,3.2e-05,0.0,0.0,0.266429,0.001091,4.1e-05,4.1e-05,0.0,0.0,0.305372
4799,19-Nov-07,24:00:00,171.921713,0.001017,2.7e-05,2.7e-05,0.0,0.0,0.20852,0.001016,3.1e-05,3.1e-05,0.0,0.0,0.266125,0.001013,3.9e-05,3.9e-05,0.0,0.0,0.305372
4800,20-Nov-07,24:00:00,171.165866,0.000986,2.6e-05,2.6e-05,0.0,0.0,0.205314,0.000985,2.9e-05,2.9e-05,0.0,0.0,0.263976,0.000983,3.6e-05,3.6e-05,0.0,0.0,0.305214
4801,21-Nov-07,24:00:00,169.213471,0.000982,2.4e-05,2.4e-05,0.0,0.0,0.201936,0.000981,2.7e-05,2.7e-05,0.0,0.0,0.260604,0.000979,3.4e-05,3.4e-05,0.0,0.0,0.303297
4802,22-Nov-07,24:00:00,169.443579,0.000993,2.3e-05,2.3e-05,0.0,0.0,0.198573,0.000992,2.6e-05,2.6e-05,0.0,0.0,0.257245,0.00099,3.2e-05,3.2e-05,0.0,0.0,0.299945
4803,23-Nov-07,24:00:00,170.377748,0.000867,2.1e-05,2.1e-05,0.0,0.0,0.195331,0.000866,2.4e-05,2.4e-05,0.0,0.0,0.254008,0.000865,3e-05,3e-05,0.0,0.0,0.296716
4804,24-Nov-07,24:00:00,171.806219,0.000992,2e-05,2e-05,0.0,0.0,0.19218,0.00099,2.3e-05,2.3e-05,0.0,0.0,0.250861,0.000988,2.9e-05,2.9e-05,0.0,0.0,0.293575
4805,25-Nov-07,24:00:00,171.591598,0.000916,1.9e-05,1.9e-05,0.0,0.0,0.188887,0.000915,2.1e-05,2.1e-05,0.0,0.0,0.247573,0.000913,2.7e-05,2.7e-05,0.0,0.0,0.290296
4806,26-Nov-07,24:00:00,171.022249,0.001099,1.8e-05,1.8e-05,0.0,0.0,0.185481,0.001098,2e-05,2e-05,0.0,0.0,0.244171,0.001095,2.5e-05,2.5e-05,0.0,0.0,0.286901
4807,27-Nov-07,24:00:00,171.035208,0.000913,1.7e-05,1.7e-05,0.0,0.0,0.182012,0.000911,1.9e-05,1.9e-05,0.0,0.0,0.240708,0.000908,2.4e-05,2.4e-05,0.0,0.0,0.283446
4808,28-Nov-07,24:00:00,170.967983,0.001142,1.6e-05,1.6e-05,0.0,0.0,0.178577,0.001141,1.8e-05,1.8e-05,0.0,0.0,0.23728,0.001139,2.2e-05,2.2e-05,0.0,0.0,0.280026
4809,29-Nov-07,24:00:00,172.760005,0.00098,1.5e-05,1.5e-05,0.0,0.0,0.174902,0.000978,1.7e-05,1.7e-05,0.0,0.0,0.233611,0.000976,2.1e-05,2.1e-05,0.0,0.0,0.276364
4810,30-Nov-07,24:00:00,173.452884,0.000871,1.4e-05,1.4e-05,0.0,0.0,0.171702,0.000869,1.6e-05,1.6e-05,0.0,0.0,0.230416,0.000867,2e-05,2e-05,0.0,0.0,0.273177
4811,01-Dec-07,24:00:00,173.543158,0.000418,0.062569,1.3e-05,0.004025,0.0,0.172159,0.000417,1.5e-05,1.5e-05,0.0,0.0,0.228302,0.000416,1.9e-05,1.9e-05,0.0,0.0,0.270981
4812,02-Dec-07,24:00:00,167.643275,0.000727,0.97569,1.2e-05,0.049375,0.0,0.206813,0.000727,12.895125,1.4e-05,0.05943,0.0,0.25783,0.000726,20.355133,1.8e-05,0.06632,0.0,0.303514
4813,03-Dec-07,24:00:00,360.9093,0.000719,8.704682,1.2e-05,0.022884,0.0,0.425351,0.000717,145.825504,1.3e-05,0.022299,0.0,0.50292,0.000716,72.449199,1.7e-05,0.017196,0.0,0.550865
4814,04-Dec-07,24:00:00,154.524217,0.00114,0.900934,1.1e-05,0.0,0.0,0.430627,0.001138,10.135922,1.2e-05,0.0,0.0,0.508011,0.001136,1.6e-05,1.6e-05,0.0,0.0,0.55426
4815,05-Dec-07,24:00:00,121.030803,0.000294,0.438131,1e-05,0.021803,0.0,0.444133,0.000293,11.74246,1.2e-05,0.026518,0.0,0.527369,0.000293,15.123637,1.5e-05,0.030167,0.0,0.579165
4816,06-Dec-07,24:00:00,189.975006,0.00114,2.935217,1e-05,0.004119,0.0,0.519333,0.001139,48.158422,1.1e-05,0.00384,0.0,0.611968,0.001137,20.555956,1.4e-05,0.001941,0.0,0.664346
4817,07-Dec-07,24:00:00,126.692348,0.000994,0.26493,9e-06,0.0,0.0,0.519503,0.000993,2.860685,1e-05,0.0,0.0,0.612099,0.00099,1.3e-05,1.3e-05,0.0,0.0,0.664346
4818,08-Dec-07,24:00:00,110.598573,0.000717,0.003733,9e-06,0.0,0.0,0.519503,0.000716,1e-05,1e-05,0.0,0.0,0.612099,0.000714,1.2e-05,1.2e-05,0.0,0.0,0.664346
4819,09-Dec-07,24:00:00,100.424113,0.000816,8e-06,8e-06,0.0,0.0,0.519503,0.000814,9e-06,9e-06,0.0,0.0,0.612099,0.000812,1.2e-05,1.2e-05,0.0,0.0,0.664346
4820,10-Dec-07,24:00:00,87.108991,0.000768,8e-06,8e-06,0.0,0.0,0.519127,0.000767,9e-06,9e-06,0.0,0.0,0.611733,0.000765,1.1e-05,1.1e-05,0.0,0.0,0.663996
4821,11-Dec-07,24:00:00,82.410657,0.000741,7e-06,7e-06,0.0,0.0,0.517344,0.00074,8e-06,8e-06,0.0,0.0,0.609964,0.000738,1e-05,1e-05,0.0,0.0,0.662249
4822,12-Dec-07,24:00:00,83.783353,0.000764,7e-06,7e-06,0.0,0.0,0.514779,0.000763,8e-06,8e-06,0.0,0.0,0.607403,0.00076,1e-05,1e-05,0.0,0.0,0.659696
4823,13-Dec-07,24:00:00,84.885841,0.000753,6e-06,6e-06,0.0,0.0,0.512175,0.000751,7e-06,7e-06,0.0,0.0,0.604804,0.000749,9e-06,9e-06,0.0,0.0,0.657105
4824,14-Dec-07,24:00:00,91.974401,0.00027,0.104543,6e-06,0.001013,0.0,0.513178,0.000269,6.102798,7e-06,0.003667,0.0,0.612191,0.000268,7.433321,9e-06,0.006741,0.0,0.671889
4825,15-Dec-07,24:00:00,106.955686,0.000499,0.882137,6e-06,0.021225,0.0,0.536492,0.000499,21.932647,6e-06,0.023929,0.0,0.645986,0.000498,23.958993,8e-06,0.029411,0.0,0.71883
4826,16-Dec-07,24:00:00,145.095148,0.000332,1.980627,5e-06,0.004582,0.0,0.588312,0.000331,27.806577,6e-06,0.003035,0.0,0.698885,0.00033,8.818503,8e-06,0.000542,0.0,0.779883
4827,17-Dec-07,24:00:00,210.528913,0.000439,7.12244,5e-06,0.06044,0.0,0.753231,0.000439,104.526512,6e-06,0.058026,0.0,0.854192,0.000437,62.72695,7e-06,0.056394,0.0,0.927712
4828,18-Dec-07,24:00:00,162.976534,0.000342,2.227969,5e-06,0.029891,0.0,0.822532,0.000342,28.184473,0.096418,0.028406,0.00141,0.921228,0.000342,45.630679,36.089014,0.020657,0.013348,0.981476
4829,19-Dec-07,24:00:00,1006.209428,0.000915,5.149986,4e-06,0.011472,0.0,0.950365,0.000914,236.242343,166.097825,0.010311,0.010311,1.0,0.000913,821.814153,792.232759,0.014096,0.014096,1.0
4830,20-Dec-07,24:00:00,387.536809,0.000675,0.501373,4e-06,0.0,0.0,0.951838,0.000674,126.084542,121.484115,0.0,0.0,1.0,0.000672,55.58553,55.58553,0.0,0.0,1.0
4831,21-Dec-07,24:00:00,146.038079,0.000635,0.009222,4e-06,0.0,0.0,0.951838,0.000633,31.195899,31.190256,0.0,0.0,1.0,0.000632,40.96312,40.96312,0.0,0.0,1.0
4832,22-Dec-07,24:00:00,103.771729,0.000308,4e-06,4e-06,0.0,0.0,0.951838,0.000308,15.204633,15.204633,0.0,0.0,1.0,0.000307,38.56423,38.56423,0.0,0.0,1.0
4833,23-Dec-07,24:00:00,97.324879,0.001689,4e-06,4e-06,0.0,0.0,0.951838,0.001688,12.820688,12.820688,0.0,0.0,1.0,0.001686,49.634342,48.985645,0.000652,0.000652,1.0
4834,24-Dec-07,24:00:00,110.199758,0.000746,3e-06,3e-06,0.0,0.0,0.951838,0.000744,11.945521,11.945521,0.0,0.0,1.0,0.000742,62.1668,61.110893,0.000983,0.000983,1.0
4835,25-Dec-07,24:00:00,116.443241,0.00114,3e-06,3e-06,0.0,0.0,0.950722,0.001138,11.24007,11.24007,0.0,0.0,0.999594,0.001136,44.879137,44.7664,0.0,0.0,1.0
4836,26-Dec-07,24:00:00,94.245808,0.00043,0.010067,3e-06,0.002871,0.0,0.949295,0.00043,12.225363,11.691415,0.004771,0.003979,0.998479,0.000428,73.971242,70.626804,0.010836,0.010836,1.0
4837,27-Dec-07,24:00:00,425.63239,0.00027,0.370803,3e-06,0.004266,0.0,0.958652,0.00027,85.31321,76.236244,0.004509,0.004509,1.0,0.000269,358.21102,347.947792,0.007815,0.007815,1.0
4838,28-Dec-07,24:00:00,548.863284,0.000303,0.566074,3e-06,0.0,0.0,0.972043,0.000303,151.039133,138.764736,0.00175,0.00175,1.0,0.000302,358.356834,348.112252,0.002813,0.002813,1.0
4839,29-Dec-07,24:00:00,260.856488,0.001015,0.049903,2e-06,0.0,0.0,0.972043,0.001013,77.744671,76.839494,0.0,0.0,1.0,0.001011,63.768429,63.768429,0.0,0.0,1.0
4840,30-Dec-07,24:00:00,154.143543,0.000724,0.00074,2e-06,0.0,0.0,0.972043,0.000723,28.655088,28.651729,0.0,0.0,1.0,0.000721,56.737081,56.737081,0.0,0.0,1.0
4841,31-Dec-07,24:00:00,152.217366,0.000735,2e-06,2e-06,0.0,0.0,0.972043,0.000733,20.085625,20.085625,0.0,0.0,1.0,0.000731,53.429193,53.429193,0.0,0.0,1.0
4842,01-Jan-08,24:00:00,171.031539,0.001235,2e-06,2e-06,0.0,0.0,0.972043,0.001233,18.205616,18.205616,0.0,0.0,1.0,0.001231,50.317715,50.317715,0.0,0.0,1.0
4843,02-Jan-08,24:00:00,439.949282,0.000443,86.714529,83.364147,0.050023,0.041869,0.995332,0.000442,159.126051,126.142239,0.038006,0.038006,1.0,0.000441,353.388124,337.628121,0.021331,0.021331,1.0
4844,03-Jan-08,24:00:00,12598.475833,0.00076,3819.472516,903.539098,0.065885,0.065885,1.0,0.00076,4240.170544,1061.173474,0.062145,0.062145,1.0,0.000759,6151.21625,1672.995,0.058129,0.058129,1.0
4845,04-Jan-08,24:00:00,7321.22,0.000514,2212.46875,1258.962917,0.029183,0.029183,1.0,0.000513,2224.884583,1370.142083,0.032801,0.032801,1.0,0.000512,1385.135,1291.1125,0.035096,0.035096,1.0
4846,05-Jan-08,24:00:00,2794.88,0.000435,864.419983,811.134403,0.0,0.0,1.0,0.000434,939.500639,884.888517,0.0,0.0,1.0,0.000433,629.460245,619.275438,0.001392,0.001392,1.0
4847,06-Jan-08,24:00:00,1151.020116,0.000512,350.285182,349.847751,0.003762,0.003762,1.0,0.000511,378.155285,371.742086,0.002678,0.002678,1.0,0.00051,351.360773,346.239384,0.003259,0.003259,1.0
4848,07-Jan-08,24:00:00,2188.563779,0.000321,410.872478,390.721353,0.043149,0.043149,1.0,0.000321,715.48273,439.003726,0.042564,0.042564,1.0,0.00032,1868.367366,1076.004151,0.042565,0.042565,1.0
4849,08-Jan-08,24:00:00,3315.845417,0.000372,748.67465,727.664259,0.004301,0.004301,1.0,0.000372,1006.649339,834.523083,0.005135,0.005135,1.0,0.000371,719.982426,653.524632,0.005043,0.005043,1.0
4850,09-Jan-08,24:00:00,1990.244167,0.000315,513.08076,509.947297,0.010554,0.010554,1.0,0.000315,616.019847,579.635514,0.010703,0.010703,1.0,0.000314,803.396424,783.420527,0.013203,0.013203,1.0
4851,10-Jan-08,24:00:00,1216.802942,0.000479,345.757964,345.480514,0.0,0.0,1.0,0.000479,377.868399,374.795786,0.0,0.0,1.0,0.000477,271.150246,271.14175,0.0,0.0,1.0
4852,11-Jan-08,24:00:00,857.144546,0.000384,202.998073,202.987683,0.0,0.0,1.0,0.000383,221.4409,221.409967,0.0,0.0,1.0,0.000383,311.499018,308.952846,0.002297,0.002297,1.0
4853,12-Jan-08,24:00:00,745.949534,0.000807,163.235024,163.235024,0.0,0.0,1.0,0.000805,186.815281,186.815281,0.0,0.0,1.0,0.000804,236.032907,236.027067,0.0,0.0,1.0
4854,13-Jan-08,24:00:00,642.60446,0.000803,149.637297,149.637297,0.0,0.0,1.0,0.000801,173.656116,173.656116,0.0,0.0,1.0,0.0008,219.001419,219.001419,0.0,0.0,1.0
4855,14-Jan-08,24:00:00,556.113596,0.000932,140.434153,140.434153,0.0,0.0,1.0,0.00093,163.348038,163.348038,0.0,0.0,1.0,0.000929,206.243225,206.243225,0.0,0.0,1.0
4856,15-Jan-08,24:00:00,504.994279,0.002062,132.203905,132.203905,0.0,0.0,0.998539,0.00206,153.820528,153.820528,0.0,0.0,0.998549,0.002057,194.232545,194.232545,0.0,0.0,0.999608
4857,16-Jan-08,24:00:00,484.96691,0.00137,124.499818,124.499818,0.0,0.0,0.991918,0.001369,144.861665,144.861665,0.0,0.0,0.991947,0.001366,182.921316,182.921316,0.0,0.0,0.994703
4858,17-Jan-08,24:00:00,471.385005,0.000981,117.24903,117.24903,0.0,0.0,0.988171,0.00098,136.425504,136.425504,0.0,0.0,0.988204,0.000978,172.268803,172.268803,0.0,0.0,0.990967
4859,18-Jan-08,24:00:00,458.890996,0.000964,110.420932,110.420932,0.0,0.0,0.984841,0.000963,128.480693,128.480693,0.0,0.0,0.984877,0.000961,162.236644,162.236644,0.0,0.0,0.987646
4860,19-Jan-08,24:00:00,445.223444,0.000829,103.99051,103.99051,0.0,0.0,0.981831,0.000828,120.998555,120.998555,0.0,0.0,0.981871,0.000827,152.788712,152.788712,0.0,0.0,0.984645
4861,20-Jan-08,24:00:00,433.388696,0.000463,97.934571,97.934571,0.0,0.0,0.979532,0.000463,113.952145,113.952145,0.0,0.0,0.979574,0.000462,143.890986,143.890986,0.0,0.0,0.98235
4862,21-Jan-08,24:00:00,421.977758,0.000561,92.231302,92.231302,0.0,0.0,0.978684,0.00056,107.316085,107.316085,0.0,0.0,0.978727,0.000559,135.511423,135.511423,0.0,0.0,0.98059
4863,22-Jan-08,24:00:00,408.807279,0.000579,86.90754,86.860167,0.002288,0.0,0.980391,0.000579,103.472,101.06648,0.005344,0.0,0.982934,0.000578,157.871689,151.910466,0.012919,0.006472,0.984329
4864,23-Jan-08,24:00:00,915.154002,0.00043,82.441659,81.801822,0.003893,0.0,0.995117,0.00043,147.622543,130.691538,0.00548,0.004619,0.999262,0.000429,740.298434,715.212117,0.01518,0.01518,1.0
4865,24-Jan-08,24:00:00,1285.676297,0.000668,426.469023,204.05626,0.048594,0.048558,0.999969,0.000667,363.725662,303.587212,0.045372,0.045372,1.0,0.000666,653.768464,630.024597,0.034285,0.034285,1.0
4866,25-Jan-08,24:00:00,6578.751667,0.001151,2670.365833,998.929329,0.032149,0.032149,1.0,0.00115,2217.742083,1206.252314,0.032885,0.032885,1.0,0.001149,1720.021279,1669.899695,0.032161,0.032161,1.0
4867,26-Jan-08,24:00:00,2951.313333,0.000596,1096.657286,902.274685,0.031026,0.031026,1.0,0.000595,1062.964926,934.230172,0.024697,0.024697,1.0,0.000594,588.080735,574.790471,0.018582,0.018582,1.0
4868,27-Jan-08,24:00:00,2154.495417,0.000531,697.381767,690.190811,0.001231,0.001231,1.0,0.00053,690.30213,663.631594,0.001346,0.001346,1.0,0.000529,623.185385,612.463109,0.002895,0.002895,1.0
4869,28-Jan-08,24:00:00,1287.465677,0.00038,394.456067,393.184766,0.014341,0.014341,1.0,0.000379,423.956997,401.680696,0.015925,0.015925,1.0,0.000378,612.717405,596.325454,0.01566,0.01566,1.0
4870,29-Jan-08,24:00:00,1541.07625,0.000415,412.427906,411.420175,0.001386,0.001386,1.0,0.00041,501.70518,486.825525,0.001789,0.001789,1.0,0.000409,418.228324,415.569644,0.001482,0.001482,1.0
4871,30-Jan-08,24:00:00,3259.330837,0.000421,793.922648,362.914585,0.041884,0.041884,1.0,0.000416,1197.565946,427.014538,0.042466,0.042466,1.0,0.000416,2745.759113,1069.356871,0.047215,0.047215,1.0
4872,31-Jan-08,24:00:00,5300.108333,0.000502,1223.076224,754.533894,0.0,0.0,1.0,0.000502,1518.40665,894.130404,0.0,0.0,1.0,0.000502,1180.625445,928.644404,0.002394,0.002394,1.0
4873,01-Feb-08,24:00:00,1716.8025,0.000411,493.424315,462.03496,0.030545,0.030545,1.0,0.000411,546.831005,498.801806,0.032547,0.032547,1.0,0.000411,930.693849,895.227185,0.042532,0.042532,1.0
4874,02-Feb-08,24:00:00,3619.261667,0.001088,703.303622,699.756902,0.004735,0.004735,1.0,0.001088,928.239297,873.193082,0.006216,0.006216,1.0,0.001088,1826.513535,1776.05407,0.026414,0.026414,1.0
4875,03-Feb-08,24:00:00,2041.992083,0.001394,450.434655,450.133812,0.0,0.0,1.0,0.001394,493.84407,490.557947,0.0,0.0,1.0,0.001393,406.985749,406.919344,0.0,0.0,1.0
4876,04-Feb-08,24:00:00,1996.377917,0.001178,250.764785,250.761262,0.0,0.0,1.0,0.001178,270.741771,270.738043,0.0,0.0,1.0,0.001176,345.559699,345.559699,0.0,0.0,1.0
4877,05-Feb-08,24:00:00,1685.749167,0.000975,200.618441,200.618441,0.0,0.0,0.999545,0.000974,226.686172,226.686172,0.0,0.0,0.999598,0.000972,325.382848,325.382848,0.0,0.0,0.999945
4878,06-Feb-08,24:00:00,1302.070417,0.001217,183.972094,183.972094,0.0,0.0,0.996871,0.001216,210.647321,210.647321,0.0,0.0,0.997002,0.001214,306.433977,306.433977,0.0,0.0,0.997951
4879,07-Feb-08,24:00:00,1181.4875,0.001348,172.680957,172.680957,0.0,0.0,0.992397,0.001347,198.143358,198.143358,0.0,0.0,0.992531,0.001345,288.588643,288.588643,0.0,0.0,0.993487
4880,08-Feb-08,24:00:00,1142.727917,0.001341,162.564429,162.564429,0.0,0.0,0.987754,0.00134,186.586636,186.586636,0.0,0.0,0.987892,0.001339,271.78254,271.78254,0.0,0.0,0.988852
4881,09-Feb-08,24:00:00,1105.596667,0.001325,153.091526,153.091526,0.0,0.0,0.983235,0.001323,175.719432,175.719432,0.0,0.0,0.983376,0.001321,255.955149,255.955149,0.0,0.0,0.984342
4882,10-Feb-08,24:00:00,1070.518333,0.001541,144.17562,144.17562,0.0,0.0,0.978289,0.00154,165.486241,165.486241,0.0,0.0,0.978434,0.001538,241.049474,241.049474,0.0,0.0,0.979407
4883,11-Feb-08,24:00:00,1189.862083,0.00158,135.779432,135.779432,0.0,0.0,0.972997,0.001579,155.849063,155.849063,0.0,0.0,0.973146,0.001577,227.011839,227.011839,0.0,0.0,0.974124
4884,12-Feb-08,24:00:00,1019.559301,0.001562,127.872246,127.872246,0.0,0.0,0.96755,0.001561,146.773115,146.773115,0.0,0.0,0.967703,0.001559,213.791692,213.791692,0.0,0.0,0.968687
4885,13-Feb-08,24:00:00,1266.34851,0.001405,120.425542,120.425542,0.0,0.0,0.962511,0.001404,138.22571,138.22571,0.0,0.0,0.962667,0.001402,201.341426,201.341426,0.0,0.0,0.963657
4886,14-Feb-08,24:00:00,1193.681667,0.001475,113.412501,113.412501,0.0,0.0,0.957566,0.001474,130.176067,130.176067,0.0,0.0,0.957726,0.001472,189.616209,189.616209,0.0,0.0,0.958723
4887,15-Feb-08,24:00:00,724.516269,0.001621,106.807867,106.807867,0.0,0.0,0.952314,0.00162,122.595199,122.595199,0.0,0.0,0.952478,0.001619,178.573815,178.573815,0.0,0.0,0.95348
4888,16-Feb-08,24:00:00,516.140787,0.001662,100.587858,100.587858,0.0,0.0,0.946693,0.001661,115.455807,115.455807,0.0,0.0,0.94686,0.00166,168.17448,168.17448,0.0,0.0,0.947867
4889,17-Feb-08,24:00:00,490.575108,0.000902,94.730074,94.730074,0.0,0.0,0.942317,0.000901,108.732181,108.732181,0.0,0.0,0.942487,0.0009,158.380756,158.380756,0.0,0.0,0.943498
4890,18-Feb-08,24:00:00,469.203774,0.000546,89.213422,89.213422,0.0,0.0,0.939601,0.000546,102.400108,102.400108,0.0,0.0,0.939774,0.000544,149.157374,149.157374,0.0,0.0,0.94079
4891,19-Feb-08,24:00:00,449.100516,0.001379,84.018034,84.018034,0.0,0.0,0.936512,0.001378,96.436787,96.436787,0.0,0.0,0.936687,0.001377,140.47112,140.47112,0.0,0.0,0.937707
4892,20-Feb-08,24:00:00,430.168126,0.000604,79.125202,79.125202,0.0,0.0,0.933599,0.000604,90.820743,90.820743,0.0,0.0,0.933777,0.000602,132.290715,132.290715,0.0,0.0,0.934099
4893,21-Feb-08,24:00:00,412.338273,0.001069,74.517306,74.517306,0.0,0.0,0.933438,0.001068,85.531752,85.531752,0.0,0.0,0.933616,0.001067,124.5867,124.5867,0.0,0.0,0.931391
4894,22-Feb-08,24:00:00,405.28592,0.000631,72.544285,71.830044,0.028914,0.0095,0.951364,0.00063,94.6188,82.275154,0.028195,0.008832,0.95123,0.000629,134.371895,122.435652,0.027226,0.006417,0.946283
4895,23-Feb-08,24:00:00,7338.795762,0.000733,2198.496137,513.429194,0.056075,0.056075,1.0,0.000733,2563.070051,651.769635,0.055568,0.055568,1.0,0.000732,3752.925692,1581.001842,0.053702,0.053702,1.0
4896,24-Feb-08,24:00:00,4888.879167,0.001485,1487.895725,856.151457,0.0,0.0,1.0,0.001484,1513.887051,950.720131,0.0,0.0,1.0,0.001483,585.19988,530.897912,0.0,0.0,1.0
4897,25-Feb-08,24:00:00,1139.146558,0.001588,384.945818,349.542517,0.0,0.0,1.0,0.001587,346.708639,328.305395,0.0,0.0,1.0,0.001586,190.513449,190.513449,0.0,0.0,1.0
4898,26-Feb-08,24:00:00,638.215725,0.002047,158.976826,158.976826,0.0,0.0,0.998636,0.002046,160.04414,160.04414,0.0,0.0,0.998639,0.002044,178.581561,178.581561,0.0,0.0,0.998645
4899,27-Feb-08,24:00:00,550.589152,0.001885,120.511116,120.511116,0.0,0.0,0.993338,0.001884,132.410849,132.410849,0.0,0.0,0.993347,0.001883,168.181048,168.181048,0.0,0.0,0.993363
4900,28-Feb-08,24:00:00,518.124466,0.002078,109.72128,109.72128,0.0,0.0,0.98661,0.002077,123.006515,123.006515,0.0,0.0,0.986623,0.002076,158.386941,158.386941,0.0,0.0,0.986641
4901,29-Feb-08,24:00:00,494.372718,0.001486,102.911619,102.911619,0.0,0.0,0.980423,0.001485,115.708169,115.708169,0.0,0.0,0.980439,0.001483,149.163198,149.163198,0.0,0.0,0.980463
4902,01-Mar-08,24:00:00,473.227598,0.002045,96.875817,96.875817,0.0,0.0,0.974476,0.002044,108.960021,108.960021,0.0,0.0,0.974494,0.002044,140.476606,140.476606,0.0,0.0,0.974522
4903,02-Mar-08,24:00:00,452.593189,0.002118,91.230125,91.230125,0.0,0.0,0.967388,0.002118,102.614008,102.614008,0.0,0.0,0.967407,0.002118,132.295881,132.295881,0.0,0.0,0.967436
4904,03-Mar-08,24:00:00,432.978223,0.002255,85.916921,85.916921,0.0,0.0,0.959966,0.002255,96.638187,96.638187,0.0,0.0,0.959985,0.002255,124.591565,124.591565,0.0,0.0,0.960013
4905,04-Mar-08,24:00:00,414.862075,0.001649,80.913474,80.913474,0.0,0.0,0.952931,0.001649,91.010411,91.010411,0.0,0.0,0.95295,0.001649,117.335913,117.335913,0.0,0.0,0.952979
4906,05-Mar-08,24:00:00,397.807061,0.001685,76.201434,76.201434,0.0,0.0,0.947304,0.001685,85.710375,85.710375,0.0,0.0,0.947323,0.001685,110.502798,110.502798,0.0,0.0,0.947352
4907,06-Mar-08,24:00:00,382.948832,0.002068,71.763806,71.763806,0.0,0.0,0.940987,0.002068,80.718989,80.718989,0.0,0.0,0.941006,0.002068,104.067613,104.067613,0.0,0.0,0.941035
4908,07-Mar-08,24:00:00,375.826875,0.00233,67.584605,67.584605,0.0,0.0,0.933549,0.00233,76.018278,76.018278,0.0,0.0,0.933568,0.00233,98.007184,98.007184,0.0,0.0,0.933597
4909,08-Mar-08,24:00:00,369.302781,0.002437,63.648782,63.648782,0.0,0.0,0.925398,0.002437,71.591316,71.591316,0.0,0.0,0.925417,0.002437,92.299687,92.299687,0.0,0.0,0.925446
4910,09-Mar-08,24:00:00,357.92387,0.002238,59.942164,59.942164,0.0,0.0,0.91719,0.002238,67.42216,67.42216,0.0,0.0,0.917209,0.002238,86.924569,86.924569,0.0,0.0,0.917238
4911,10-Mar-08,24:00:00,344.720863,0.002258,56.451402,56.451402,0.0,0.0,0.909547,0.002258,63.495797,63.495797,0.0,0.0,0.909566,0.002258,81.862473,81.862473,0.0,0.0,0.909594
4912,11-Mar-08,24:00:00,334.837699,0.001862,53.163927,53.163927,0.0,0.0,0.90233,0.001862,59.798088,59.798088,0.0,0.0,0.902349,0.001861,77.095172,77.095172,0.0,0.0,0.902378
4913,12-Mar-08,24:00:00,330.607604,0.001661,50.067899,50.067899,0.0,0.0,0.898226,0.00166,56.315717,56.315717,0.0,0.0,0.89845,0.001659,72.605496,72.605496,0.0,0.0,0.8989
4914,13-Mar-08,24:00:00,323.007869,0.000873,47.15217,47.15217,0.0,0.0,0.895451,0.000872,53.036143,53.036143,0.0,0.0,0.89733,0.000872,68.409508,68.377279,4.1e-05,0.0,0.898519
4915,14-Mar-08,24:00:00,295.272467,0.001804,44.40624,44.40624,0.0,0.0,0.89115,0.001804,49.947557,49.947557,0.0,0.0,0.896701,0.001803,64.408729,64.395294,0.0,0.0,0.898619
4916,15-Mar-08,24:00:00,253.745434,0.002109,41.820221,41.820221,0.0,0.0,0.884268,0.002109,47.038836,47.038836,0.0,0.0,0.891763,0.002109,60.645202,60.645202,0.0,0.0,0.898619
4917,16-Mar-08,24:00:00,234.227757,0.002488,39.384799,39.384799,0.0,0.0,0.876497,0.002488,44.299506,44.299506,0.0,0.0,0.883992,0.002488,57.113499,57.113499,0.0,0.0,0.89521
4918,17-Mar-08,24:00:00,230.775789,0.002352,37.091206,37.091206,0.0,0.0,0.86808,0.002352,41.719703,41.719703,0.0,0.0,0.875575,0.002352,53.787466,53.787466,0.0,0.0,0.887085
4919,18-Mar-08,24:00:00,213.802884,0.001305,34.931181,34.931181,0.0,0.0,0.861762,0.001304,39.290135,39.290135,0.0,0.0,0.869258,0.001304,50.655126,50.655126,0.0,0.0,0.880768
4920,19-Mar-08,24:00:00,199.569483,0.002305,32.896947,32.896947,0.0,0.0,0.855716,0.002305,37.002054,37.002054,0.0,0.0,0.863213,0.002305,47.7052,47.7052,0.0,0.0,0.874726
4921,20-Mar-08,24:00:00,196.447259,0.002426,30.981177,30.981177,0.0,0.0,0.847565,0.002426,34.847222,34.847222,0.0,0.0,0.855062,0.002426,44.927064,44.927064,0.0,0.0,0.866575
4922,21-Mar-08,24:00:00,193.043703,0.002844,29.176973,29.176973,0.0,0.0,0.838749,0.002844,32.817876,32.817876,0.0,0.0,0.846246,0.002844,42.310714,42.310714,0.0,0.0,0.857759
4923,22-Mar-08,24:00:00,193.710248,0.002845,27.477837,27.477837,0.0,0.0,0.82894,0.002845,30.906711,30.906711,0.0,0.0,0.836438,0.002845,39.846729,39.846729,0.0,0.0,0.847951
4924,23-Mar-08,24:00:00,197.685813,0.002677,25.877652,25.877652,0.0,0.0,0.819295,0.002677,29.106843,29.106843,0.0,0.0,0.826792,0.002677,37.526235,37.526235,0.0,0.0,0.838305
4925,24-Mar-08,24:00:00,196.030503,0.001889,24.370654,24.370654,0.0,0.0,0.81146,0.001889,27.411792,27.411792,0.0,0.0,0.818958,0.001888,35.340876,35.340876,0.0,0.0,0.830471
4926,25-Mar-08,24:00:00,191.20927,0.000966,22.951416,22.951416,0.0,0.0,0.806515,0.000966,25.815453,25.815453,0.0,0.0,0.814013,0.000965,33.393148,33.282782,0.000102,0.0,0.827178
4927,26-Mar-08,24:00:00,186.850383,0.00201,21.61483,21.61483,0.0,0.0,0.801656,0.002009,24.312077,24.312077,0.0,0.0,0.809155,0.002008,31.347316,31.344543,0.0,0.0,0.827323
4928,27-Mar-08,24:00:00,183.373305,0.000828,20.356079,20.356079,0.0,0.0,0.796614,0.000827,23.982662,22.896251,0.001256,0.0,0.806071,0.000827,35.569182,29.519178,0.006432,0.0,0.835635
4929,28-Mar-08,24:00:00,185.481734,0.001826,19.170633,19.170633,0.0,0.0,0.795554,0.001826,23.008401,21.562877,0.0,0.0,0.80849,0.001825,28.897831,27.800114,0.0,0.0,0.849377
4930,29-Mar-08,24:00:00,174.845409,0.002319,18.054221,18.054221,0.0,0.0,0.794893,0.002318,20.371041,20.307152,0.0,0.0,0.808475,0.002317,26.181161,26.181161,0.0,0.0,0.849363
4931,30-Mar-08,24:00:00,178.705323,0.002526,17.002825,17.002825,0.0,0.0,0.789389,0.002526,19.124555,19.124555,0.0,0.0,0.804312,0.002525,24.656488,24.656488,0.0,0.0,0.845207
4932,31-Mar-08,24:00:00,194.378572,0.002664,16.012657,16.012657,0.0,0.0,0.780514,0.002664,18.010827,18.010827,0.0,0.0,0.795439,0.002663,23.220605,23.220605,0.0,0.0,0.836338
4933,01-Apr-08,24:00:00,198.039474,0.003013,15.080152,15.080152,0.0,0.0,0.770887,0.003012,16.961957,16.961957,0.0,0.0,0.785814,0.003011,21.868342,21.868342,0.0,0.0,0.826716
4934,02-Apr-08,24:00:00,193.790778,0.003077,14.201952,14.201952,0.0,0.0,0.76044,0.003077,15.974169,15.974169,0.0,0.0,0.775369,0.003076,20.594828,20.594828,0.0,0.0,0.816274
4935,03-Apr-08,24:00:00,196.963817,0.002296,13.374894,13.374894,0.0,0.0,0.751173,0.002296,15.043906,15.043906,0.0,0.0,0.766104,0.002295,19.395478,19.395478,0.0,0.0,0.807012
4936,04-Apr-08,24:00:00,197.589121,0.00273,12.596001,12.596001,0.0,0.0,0.742511,0.00273,14.167816,14.167816,0.0,0.0,0.757444,0.002729,18.265973,18.265973,0.0,0.0,0.798355
4937,05-Apr-08,24:00:00,194.814116,0.001665,11.862466,11.862466,0.0,0.0,0.73517,0.001665,13.342746,13.342746,0.0,0.0,0.750103,0.001664,17.202245,17.202245,0.0,0.0,0.791017
4938,06-Apr-08,24:00:00,191.799198,0.002721,11.17165,11.17165,0.0,0.0,0.727538,0.002721,12.565725,12.565725,0.0,0.0,0.742471,0.00272,16.200463,16.200463,0.0,0.0,0.783388
4939,07-Apr-08,24:00:00,189.807291,0.002477,10.521063,10.521063,0.0,0.0,0.718559,0.002477,11.833954,11.833954,0.0,0.0,0.733495,0.002476,15.257021,15.257021,0.0,0.0,0.774416
4940,08-Apr-08,24:00:00,188.083142,0.002833,9.908364,9.908364,0.0,0.0,0.709483,0.002832,11.144798,11.144798,0.0,0.0,0.72442,0.002831,14.368521,14.368521,0.0,0.0,0.765344
4941,09-Apr-08,24:00:00,186.030345,0.003185,9.331345,9.331345,0.0,0.0,0.699272,0.003184,10.495775,10.495775,0.0,0.0,0.714211,0.003183,13.531763,13.531763,0.0,0.0,0.755137
4942,10-Apr-08,24:00:00,185.778954,0.003404,8.78793,8.78793,0.0,0.0,0.687927,0.003404,9.884548,9.884548,0.0,0.0,0.702867,0.003403,12.743734,12.743734,0.0,0.0,0.743797
4943,11-Apr-08,24:00:00,184.237923,0.003604,8.27616,8.27616,0.0,0.0,0.675931,0.003604,9.308917,9.308917,0.0,0.0,0.690873,0.003602,12.001596,12.001596,0.0,0.0,0.731806
4944,12-Apr-08,24:00:00,180.634327,0.004023,7.794194,7.794194,0.0,0.0,0.663175,0.004022,8.766807,8.766807,0.0,0.0,0.678119,0.004021,11.302678,11.302678,0.0,0.0,0.719056
4945,13-Apr-08,24:00:00,178.350888,0.002607,7.340295,7.340295,0.0,0.0,0.651394,0.002607,8.256268,8.256268,0.0,0.0,0.66634,0.002606,10.644461,10.644461,0.0,0.0,0.707281
4946,14-Apr-08,24:00:00,176.267784,0.002884,6.912829,6.912829,0.0,0.0,0.642035,0.002883,7.77546,7.77546,0.0,0.0,0.656982,0.002883,10.024575,10.024575,0.0,0.0,0.697926
4947,15-Apr-08,24:00:00,178.202674,0.003311,6.510258,6.510258,0.0,0.0,0.6315,0.003311,7.322652,7.322652,0.0,0.0,0.646448,0.00331,9.440789,9.440789,0.0,0.0,0.687395
4948,16-Apr-08,24:00:00,182.651024,0.003773,6.131129,6.131129,0.0,0.0,0.619464,0.003773,6.896214,6.896214,0.0,0.0,0.634414,0.003772,8.891,8.891,0.0,0.0,0.675363
4949,17-Apr-08,24:00:00,183.816433,0.003667,5.77408,5.77408,0.0,0.0,0.606749,0.003666,6.49461,6.49461,0.0,0.0,0.6217,0.003666,8.373228,8.373228,0.0,0.0,0.662653
4950,18-Apr-08,24:00:00,182.819941,0.002846,5.437824,5.437824,0.0,0.0,0.595186,0.002846,6.116393,6.116393,0.0,0.0,0.61014,0.002845,7.885609,7.885609,0.0,0.0,0.651096
4951,19-Apr-08,24:00:00,181.677282,0.001893,5.121149,5.121149,0.0,0.0,0.587162,0.001893,5.760202,5.760202,0.0,0.0,0.602116,0.001892,7.426387,7.426387,0.0,0.0,0.643075
4952,20-Apr-08,24:00:00,184.938702,0.002737,4.822917,4.822917,0.0,0.0,0.579301,0.002736,5.514894,5.424753,0.000794,0.0,0.594596,0.002736,7.954287,6.993907,0.003938,0.0,0.637388
4953,21-Apr-08,24:00:00,200.995918,0.001696,4.578601,4.542052,0.002721,0.0,0.576254,0.001696,7.004826,5.10884,0.001924,0.0,0.593358,0.001695,11.038308,6.586614,0.003247,0.0,0.646604
4954,22-Apr-08,24:00:00,213.870465,0.002145,4.59698,4.277543,0.0,0.0,0.583912,0.002145,8.268912,4.811324,0.0,0.0,0.598856,0.002144,8.774852,6.203039,0.0,0.0,0.65588
4955,23-Apr-08,24:00:00,208.216124,0.00315,4.052838,4.028438,0.0,0.0,0.582615,0.00315,4.704087,4.531134,0.0,0.0,0.597559,0.003149,5.841802,5.841802,0.0,0.0,0.654586
4956,24-Apr-08,24:00:00,206.782599,0.003641,3.79384,3.79384,0.0,0.0,0.574274,0.003641,4.267262,4.267262,0.0,0.0,0.589221,0.00364,5.501602,5.501602,0.0,0.0,0.646252
4957,25-Apr-08,24:00:00,206.479893,0.004073,3.572904,3.572904,0.0,0.0,0.561132,0.004073,4.018755,4.018755,0.0,0.0,0.57608,0.004073,5.181213,5.181213,0.0,0.0,0.633112
4958,26-Apr-08,24:00:00,206.186049,0.00422,3.364834,3.364834,0.0,0.0,0.546847,0.00422,3.784721,3.784721,0.0,0.0,0.561796,0.00422,4.879483,4.879483,0.0,0.0,0.618829
4959,27-Apr-08,24:00:00,205.500404,0.003977,3.168881,3.168881,0.0,0.0,0.532837,0.003977,3.564316,3.564316,0.0,0.0,0.547787,0.003977,4.595324,4.595324,0.0,0.0,0.604819
4960,28-Apr-08,24:00:00,204.319519,0.002396,2.98434,2.98434,0.0,0.0,0.521649,0.002396,3.356746,3.356746,0.0,0.0,0.536599,0.002395,4.327713,4.327713,0.0,0.0,0.593632
4961,29-Apr-08,24:00:00,203.739175,0.003179,2.810545,2.810545,0.0,0.0,0.512066,0.003179,3.161265,3.161265,0.0,0.0,0.527016,0.003179,4.075686,4.075686,0.0,0.0,0.584049
4962,30-Apr-08,24:00:00,203.074199,0.003679,2.646872,2.646872,0.0,0.0,0.500628,0.003679,2.977167,2.977167,0.0,0.0,0.515578,0.00368,3.838337,3.838337,0.0,0.0,0.572612
4963,01-May-08,24:00:00,201.260716,0.003664,2.49273,2.49273,0.0,0.0,0.487964,0.003664,2.80379,2.80379,0.0,0.0,0.502914,0.003664,3.614809,3.614809,0.0,0.0,0.559947
4964,02-May-08,24:00:00,200.105769,0.003831,2.347565,2.347565,0.0,0.0,0.475052,0.003831,2.64051,2.64051,0.0,0.0,0.490002,0.003831,3.404299,3.404299,0.0,0.0,0.547035
4965,03-May-08,24:00:00,199.150789,0.003356,2.210853,2.210853,0.0,0.0,0.46256,0.003356,2.486739,2.486739,0.0,0.0,0.47751,0.003356,3.206048,3.206048,0.0,0.0,0.534543
4966,04-May-08,24:00:00,195.109136,0.004676,2.082103,2.082103,0.0,0.0,0.449307,0.004676,2.341922,2.341922,0.0,0.0,0.464257,0.004676,3.019342,3.019342,0.0,0.0,0.52129
4967,05-May-08,24:00:00,187.59873,0.004712,1.960851,1.960851,0.0,0.0,0.433202,0.004712,2.205539,2.205539,0.0,0.0,0.448151,0.004712,2.843509,2.843509,0.0,0.0,0.505184
4968,06-May-08,24:00:00,182.678175,0.003799,1.84666,1.84666,0.0,0.0,0.418071,0.003799,2.077098,2.077098,0.0,0.0,0.433021,0.003799,2.677916,2.677916,0.0,0.0,0.490054
4969,07-May-08,24:00:00,182.315546,0.003726,1.739118,1.739118,0.0,0.0,0.405303,0.003726,1.956138,1.956138,0.0,0.0,0.420253,0.003726,2.521966,2.521966,0.0,0.0,0.477286
4970,08-May-08,24:00:00,181.539882,0.004005,1.63784,1.63784,0.0,0.0,0.392218,0.004005,1.842221,1.842221,0.0,0.0,0.407168,0.004005,2.375098,2.375098,0.0,0.0,0.4642
4971,09-May-08,24:00:00,180.680367,0.004204,1.54246,1.54246,0.0,0.0,0.378246,0.004204,1.734938,1.734938,0.0,0.0,0.393196,0.004204,2.236783,2.236783,0.0,0.0,0.450228
4972,10-May-08,24:00:00,180.732935,0.004128,1.452634,1.452634,0.0,0.0,0.364048,0.004128,1.633903,1.633903,0.0,0.0,0.378997,0.004128,2.106523,2.106523,0.0,0.0,0.43603
4973,11-May-08,24:00:00,180.934858,0.004228,1.368039,1.368039,0.0,0.0,0.349168,0.004228,1.538752,1.538752,0.0,0.0,0.364117,0.004229,1.983849,1.983849,0.0,0.0,0.421149
4974,12-May-08,24:00:00,181.559865,0.004465,1.28837,1.28837,0.0,0.0,0.334808,0.004465,1.449142,1.449142,0.0,0.0,0.349758,0.004465,1.868318,1.868318,0.0,0.0,0.40679
4975,13-May-08,24:00:00,184.907196,0.004177,1.213341,1.213341,0.0,0.0,0.319564,0.004177,1.364751,1.364751,0.0,0.0,0.334513,0.004177,1.759516,1.759516,0.0,0.0,0.391545
4976,14-May-08,24:00:00,193.880023,0.005151,1.142682,1.142682,0.0,0.0,0.303738,0.005151,1.285274,1.285274,0.0,0.0,0.318688,0.005151,1.65705,1.65705,0.0,0.0,0.375719
4977,15-May-08,24:00:00,205.959111,0.00519,1.076137,1.076137,0.0,0.0,0.286325,0.00519,1.210425,1.210425,0.0,0.0,0.301274,0.00519,1.56055,1.56055,0.0,0.0,0.358305
4978,16-May-08,24:00:00,209.005129,0.00546,1.013468,1.013468,0.0,0.0,0.268223,0.00546,1.139935,1.139935,0.0,0.0,0.283172,0.00546,1.469671,1.469671,0.0,0.0,0.340204
4979,17-May-08,24:00:00,207.858999,0.005002,0.954448,0.954448,0.0,0.0,0.249978,0.005002,1.073551,1.073551,0.0,0.0,0.264927,0.005002,1.384084,1.384084,0.0,0.0,0.321958
4980,18-May-08,24:00:00,207.861819,0.004582,0.898865,0.898865,0.0,0.0,0.233378,0.004582,1.011032,1.011032,0.0,0.0,0.248326,0.004582,1.303481,1.303481,0.0,0.0,0.305358
4981,19-May-08,24:00:00,207.455599,0.00447,0.846519,0.846519,0.0,0.0,0.218054,0.00447,0.952154,0.952154,0.0,0.0,0.233002,0.00447,1.227572,1.227572,0.0,0.0,0.290033
4982,20-May-08,24:00:00,210.50267,0.004477,0.797222,0.797222,0.0,0.0,0.2024,0.004477,0.896705,0.896705,0.0,0.0,0.217349,0.004477,1.156084,1.156084,0.0,0.0,0.27438
4983,21-May-08,24:00:00,216.28843,0.004076,0.750795,0.750795,0.0,0.0,0.187452,0.004076,0.844485,0.844485,0.0,0.0,0.202401,0.004076,1.088759,1.088759,0.0,0.0,0.259431
4984,22-May-08,24:00:00,217.917488,0.003889,0.707072,0.707072,0.0,0.0,0.17413,0.003889,0.795306,0.795306,0.0,0.0,0.189079,0.003889,1.025355,1.025355,0.0,0.0,0.24611
4985,23-May-08,24:00:00,216.814742,0.001505,0.665896,0.665896,0.0,0.0,0.164711,0.001505,0.748991,0.748991,0.0,0.0,0.179659,0.001505,0.965642,0.965642,0.0,0.0,0.23669
4986,24-May-08,24:00:00,212.665875,0.003574,0.627117,0.627117,0.0,0.0,0.156117,0.003574,0.705373,0.705373,0.0,0.0,0.171065,0.003573,0.909408,0.909408,0.0,0.0,0.228099
4987,25-May-08,24:00:00,208.372059,0.003128,0.590597,0.590597,0.0,0.0,0.144508,0.003128,0.664295,0.664295,0.0,0.0,0.159457,0.003128,0.856448,0.856448,0.0,0.0,0.216494
4988,26-May-08,24:00:00,207.635031,0.002613,0.556203,0.556203,0.0,0.0,0.134769,0.002613,0.62561,0.62561,0.0,0.0,0.149719,0.002612,0.806572,0.806572,0.0,0.0,0.206758
4989,27-May-08,24:00:00,207.889437,0.002505,0.523812,0.523812,0.0,0.0,0.126104,0.002504,0.589177,0.589177,0.0,0.0,0.141054,0.002504,0.759601,0.759601,0.0,0.0,0.198095
4990,28-May-08,24:00:00,209.590755,0.003129,0.493308,0.493308,0.0,0.0,0.116481,0.003129,0.554866,0.554866,0.0,0.0,0.131431,0.003128,0.715365,0.715365,0.0,0.0,0.188474
4991,29-May-08,24:00:00,214.272281,0.004102,0.46458,0.46458,0.0,0.0,0.104061,0.004101,0.522553,0.522553,0.0,0.0,0.119012,0.004101,0.673706,0.673706,0.0,0.0,0.176057
4992,30-May-08,24:00:00,217.145545,0.004095,0.437525,0.437525,0.0,0.0,0.090382,0.004095,0.492122,0.492122,0.0,0.0,0.105334,0.004095,0.634472,0.634472,0.0,0.0,0.16238
4993,31-May-08,24:00:00,187.841564,0.004432,0.412045,0.412045,0.0,0.0,0.07552,0.004432,0.463463,0.463463,0.0,0.0,0.090473,0.004432,0.597523,0.597523,0.0,0.0,0.147521
4994,01-Jun-08,24:00:00,151.145929,0.004828,0.388049,0.388049,0.0,0.0,0.06013,0.004828,0.436473,0.436473,0.0,0.0,0.075083,0.004827,0.562726,0.562726,0.0,0.0,0.132133
4995,02-Jun-08,24:00:00,138.964865,0.003455,0.365451,0.365451,0.0,0.0,0.045463,0.003455,0.411055,0.411055,0.0,0.0,0.060416,0.003455,0.529956,0.529956,0.0,0.0,0.117466
4996,03-Jun-08,24:00:00,135.240316,0.0042,0.344169,0.344169,0.0,0.0,0.032225,0.004199,0.387117,0.387117,0.0,0.0,0.047179,0.004199,0.499093,0.499093,0.0,0.0,0.10423
4997,04-Jun-08,24:00:00,129.405897,0.004422,0.324126,0.324126,0.0,0.0,0.017527,0.004422,0.364573,0.364573,0.0,0.0,0.032481,0.004422,0.470028,0.470028,0.0,0.0,0.089534
4998,05-Jun-08,24:00:00,128.999539,0.0042,0.30525,0.30525,0.0,0.0,0.004198,0.0042,0.343342,0.343342,0.0,0.0,0.017611,0.004199,0.442656,0.442656,0.0,0.0,0.074666
4999,06-Jun-08,24:00:00,133.031264,0.004534,0.287474,0.287474,0.0,0.0,0.0,0.004534,0.323347,0.323347,0.0,0.0,0.004693,0.004534,0.416878,0.416878,0.0,0.0,0.060038
5000,07-Jun-08,24:00:00,134.806023,0.004905,0.270733,0.270733,0.0,0.0,0.0,0.004905,0.304517,0.304517,0.0,0.0,0.0,0.004905,0.392601,0.392601,0.0,0.0,0.04392
5001,08-Jun-08,24:00:00,134.488337,0.005296,0.254967,0.254967,0.0,0.0,0.0,0.005296,0.286783,0.286783,0.0,0.0,0.0,0.005296,0.369737,0.369737,0.0,0.0,0.026656
5002,09-Jun-08,24:00:00,133.066246,0.005003,0.240119,0.240119,0.0,0.0,0.0,0.005003,0.270082,0.270082,0.0,0.0,0.0,0.005002,0.348206,0.348206,0.0,0.0,0.008567
5003,10-Jun-08,24:00:00,135.392753,0.004719,0.226135,0.226135,0.0,0.0,0.0,0.004719,0.254354,0.254354,0.0,0.0,0.0,0.004718,0.327928,0.327928,0.0,0.0,0.0
5004,11-Jun-08,24:00:00,143.231874,0.004771,0.212966,0.212966,0.0,0.0,0.0,0.004771,0.239541,0.239541,0.0,0.0,0.0,0.00477,0.308831,0.308831,0.0,0.0,0.0
5005,12-Jun-08,24:00:00,148.646955,0.005142,0.200564,0.200564,0.0,0.0,0.0,0.005142,0.225592,0.225592,0.0,0.0,0.0,0.005142,0.290846,0.290846,0.0,0.0,0.0
5006,13-Jun-08,24:00:00,149.174508,0.004694,0.188884,0.188884,0.0,0.0,0.0,0.004694,0.212454,0.212454,0.0,0.0,0.0,0.004693,0.273908,0.273908,0.0,0.0,0.0
5007,14-Jun-08,24:00:00,149.131296,0.005003,0.177884,0.177884,0.0,0.0,0.0,0.005003,0.200082,0.200082,0.0,0.0,0.0,0.005003,0.257957,0.257957,0.0,0.0,0.0
5008,15-Jun-08,24:00:00,149.127044,0.005127,0.167525,0.167525,0.0,0.0,0.0,0.005127,0.18843,0.18843,0.0,0.0,0.0,0.005127,0.242935,0.242935,0.0,0.0,0.0
5009,16-Jun-08,24:00:00,147.763506,0.005682,0.157769,0.157769,0.0,0.0,0.0,0.005681,0.177457,0.177457,0.0,0.0,0.0,0.005681,0.228787,0.228787,0.0,0.0,0.0
5010,17-Jun-08,24:00:00,146.222377,0.005183,0.148581,0.148581,0.0,0.0,0.0,0.005183,0.167122,0.167122,0.0,0.0,0.0,0.005182,0.215464,0.215464,0.0,0.0,0.0
5011,18-Jun-08,24:00:00,145.571178,0.005205,0.139929,0.139929,0.0,0.0,0.0,0.005205,0.15739,0.15739,0.0,0.0,0.0,0.005205,0.202916,0.202916,0.0,0.0,0.0
5012,19-Jun-08,24:00:00,145.051923,0.005047,0.13178,0.13178,0.0,0.0,0.0,0.005047,0.148224,0.148224,0.0,0.0,0.0,0.005046,0.191099,0.191099,0.0,0.0,0.0
5013,20-Jun-08,24:00:00,157.033674,0.005603,0.124106,0.124106,0.0,0.0,0.0,0.005603,0.139592,0.139592,0.0,0.0,0.0,0.005602,0.17997,0.17997,0.0,0.0,0.0
5014,21-Jun-08,24:00:00,173.136162,0.00519,0.116878,0.116878,0.0,0.0,0.0,0.00519,0.131463,0.131463,0.0,0.0,0.0,0.00519,0.16949,0.16949,0.0,0.0,0.0
5015,22-Jun-08,24:00:00,176.151494,0.00455,0.110072,0.110072,0.0,0.0,0.0,0.00455,0.123807,0.123807,0.0,0.0,0.0,0.00455,0.159619,0.159619,0.0,0.0,0.0
5016,23-Jun-08,24:00:00,176.797258,0.004009,0.103662,0.103662,0.0,0.0,0.0,0.004009,0.116597,0.116597,0.0,0.0,0.0,0.004009,0.150324,0.150324,0.0,0.0,0.0
5017,24-Jun-08,24:00:00,179.028443,0.003978,0.097625,0.097625,0.0,0.0,0.0,0.003979,0.109807,0.109807,0.0,0.0,0.0,0.003978,0.14157,0.14157,0.0,0.0,0.0
5018,25-Jun-08,24:00:00,181.113187,0.003305,0.09194,0.09194,0.0,0.0,0.0,0.003305,0.103412,0.103412,0.0,0.0,0.0,0.003305,0.133325,0.133325,0.0,0.0,0.0
5019,26-Jun-08,24:00:00,181.303835,0.004869,0.086585,0.086585,0.0,0.0,0.0,0.004868,0.09739,0.09739,0.0,0.0,0.0,0.004868,0.125561,0.125561,0.0,0.0,0.0
5020,27-Jun-08,24:00:00,181.296862,0.004947,0.081543,0.081543,0.0,0.0,0.0,0.004947,0.091719,0.091719,0.0,0.0,0.0,0.004946,0.118249,0.118249,0.0,0.0,0.0
5021,28-Jun-08,24:00:00,181.280062,0.004768,0.076794,0.076794,0.0,0.0,0.0,0.004768,0.086377,0.086377,0.0,0.0,0.0,0.004768,0.111363,0.111363,0.0,0.0,0.0
5022,29-Jun-08,24:00:00,181.695708,0.004578,0.072322,0.072322,0.0,0.0,0.0,0.004578,0.081347,0.081347,0.0,0.0,0.0,0.004577,0.104878,0.104878,0.0,0.0,0.0
5023,30-Jun-08,24:00:00,181.329755,0.004727,0.06811,0.06811,0.0,0.0,0.0,0.004727,0.07661,0.07661,0.0,0.0,0.0,0.004727,0.09877,0.09877,0.0,0.0,0.0
5024,01-Jul-08,24:00:00,180.772503,0.005044,0.064144,0.064144,0.0,0.0,0.0,0.005044,0.072149,0.072149,0.0,0.0,0.0,0.005043,0.093018,0.093018,0.0,0.0,0.0
5025,02-Jul-08,24:00:00,180.739377,0.004573,0.060409,0.060409,0.0,0.0,0.0,0.004573,0.067947,0.067947,0.0,0.0,0.0,0.004572,0.087601,0.087601,0.0,0.0,0.0
5026,03-Jul-08,24:00:00,180.691522,0.004861,0.056891,0.056891,0.0,0.0,0.0,0.00486,0.06399,0.06399,0.0,0.0,0.0,0.00486,0.082499,0.082499,0.0,0.0,0.0
5027,04-Jul-08,24:00:00,179.847649,0.004962,0.053578,0.053578,0.0,0.0,0.0,0.004962,0.060264,0.060264,0.0,0.0,0.0,0.004962,0.077695,0.077695,0.0,0.0,0.0
5028,05-Jul-08,24:00:00,178.345569,0.005157,0.050457,0.050457,0.0,0.0,0.0,0.005156,0.056754,0.056754,0.0,0.0,0.0,0.005156,0.07317,0.07317,0.0,0.0,0.0
5029,06-Jul-08,24:00:00,178.182051,0.004586,0.047519,0.047519,0.0,0.0,0.0,0.004586,0.053449,0.053449,0.0,0.0,0.0,0.004585,0.068909,0.068909,0.0,0.0,0.0
5030,07-Jul-08,24:00:00,176.867812,0.005637,0.044752,0.044752,0.0,0.0,0.0,0.005636,0.050336,0.050336,0.0,0.0,0.0,0.005636,0.064896,0.064896,0.0,0.0,0.0
5031,08-Jul-08,24:00:00,182.22905,0.004928,0.042146,0.042146,0.0,0.0,0.0,0.004928,0.047405,0.047405,0.0,0.0,0.0,0.004928,0.061117,0.061117,0.0,0.0,0.0
5032,09-Jul-08,24:00:00,195.098175,0.005253,0.039691,0.039691,0.0,0.0,0.0,0.005253,0.044644,0.044644,0.0,0.0,0.0,0.005252,0.057558,0.057558,0.0,0.0,0.0
5033,10-Jul-08,24:00:00,209.062518,0.00481,0.03738,0.03738,0.0,0.0,0.0,0.00481,0.042044,0.042044,0.0,0.0,0.0,0.00481,0.054206,0.054206,0.0,0.0,0.0
5034,11-Jul-08,24:00:00,220.063896,0.004496,0.035203,0.035203,0.0,0.0,0.0,0.004496,0.039596,0.039596,0.0,0.0,0.0,0.004496,0.051049,0.051049,0.0,0.0,0.0
5035,12-Jul-08,24:00:00,224.053298,0.005029,0.033153,0.033153,0.0,0.0,0.0,0.005029,0.03729,0.03729,0.0,0.0,0.0,0.005028,0.048076,0.048076,0.0,0.0,0.0
5036,13-Jul-08,24:00:00,222.909009,0.004849,0.031222,0.031222,0.0,0.0,0.0,0.004849,0.035118,0.035118,0.0,0.0,0.0,0.004848,0.045277,0.045277,0.0,0.0,0.0
5037,14-Jul-08,24:00:00,220.916117,0.004315,0.029404,0.029404,0.0,0.0,0.0,0.004315,0.033073,0.033073,0.0,0.0,0.0,0.004315,0.04264,0.04264,0.0,0.0,0.0
5038,15-Jul-08,24:00:00,219.511781,0.005035,0.027692,0.027692,0.0,0.0,0.0,0.005035,0.031147,0.031147,0.0,0.0,0.0,0.005034,0.040157,0.040157,0.0,0.0,0.0
5039,16-Jul-08,24:00:00,218.499331,0.005192,0.026079,0.026079,0.0,0.0,0.0,0.005192,0.029333,0.029333,0.0,0.0,0.0,0.005191,0.037818,0.037818,0.0,0.0,0.0
5040,17-Jul-08,24:00:00,219.299088,0.00498,0.02456,0.02456,0.0,0.0,0.0,0.00498,0.027625,0.027625,0.0,0.0,0.0,0.004979,0.035616,0.035616,0.0,0.0,0.0
5041,18-Jul-08,24:00:00,219.468771,0.004968,0.02313,0.02313,0.0,0.0,0.0,0.004967,0.026016,0.026016,0.0,0.0,0.0,0.004967,0.033542,0.033542,0.0,0.0,0.0
5042,19-Jul-08,24:00:00,217.881831,0.004627,0.021783,0.021783,0.0,0.0,0.0,0.004626,0.024501,0.024501,0.0,0.0,0.0,0.004626,0.031588,0.031588,0.0,0.0,0.0
5043,20-Jul-08,24:00:00,215.88399,0.003771,0.020514,0.020514,0.0,0.0,0.0,0.003771,0.023074,0.023074,0.0,0.0,0.0,0.003771,0.029749,0.029749,0.0,0.0,0.0
5044,21-Jul-08,24:00:00,218.693846,0.004771,0.01932,0.01932,0.0,0.0,0.0,0.00477,0.021731,0.021731,0.0,0.0,0.0,0.00477,0.028016,0.028016,0.0,0.0,0.0
5045,22-Jul-08,24:00:00,224.636868,0.004927,0.018195,0.018195,0.0,0.0,0.0,0.004927,0.020465,0.020465,0.0,0.0,0.0,0.004926,0.026385,0.026385,0.0,0.0,0.0
5046,23-Jul-08,24:00:00,223.411464,0.004751,0.017135,0.017135,0.0,0.0,0.0,0.004751,0.019273,0.019273,0.0,0.0,0.0,0.00475,0.024848,0.024848,0.0,0.0,0.0
5047,24-Jul-08,24:00:00,222.301342,0.005308,0.016137,0.016137,0.0,0.0,0.0,0.005308,0.018151,0.018151,0.0,0.0,0.0,0.005307,0.023401,0.023401,0.0,0.0,0.0
5048,25-Jul-08,24:00:00,225.449122,0.005112,0.015198,0.015198,0.0,0.0,0.0,0.005112,0.017094,0.017094,0.0,0.0,0.0,0.005112,0.022038,0.022038,0.0,0.0,0.0
5049,26-Jul-08,24:00:00,225.821726,0.004554,0.014312,0.014312,0.0,0.0,0.0,0.004554,0.016099,0.016099,0.0,0.0,0.0,0.004554,0.020755,0.020755,0.0,0.0,0.0
5050,27-Jul-08,24:00:00,226.265361,0.00473,0.013479,0.013479,0.0,0.0,0.0,0.00473,0.015161,0.015161,0.0,0.0,0.0,0.00473,0.019546,0.019546,0.0,0.0,0.0
5051,28-Jul-08,24:00:00,226.431043,0.004795,0.012694,0.012694,0.0,0.0,0.0,0.004795,0.014278,0.014278,0.0,0.0,0.0,0.004795,0.018408,0.018408,0.0,0.0,0.0
5052,29-Jul-08,24:00:00,227.253324,0.004691,0.011955,0.011955,0.0,0.0,0.0,0.004691,0.013447,0.013447,0.0,0.0,0.0,0.004691,0.017336,0.017336,0.0,0.0,0.0
5053,30-Jul-08,24:00:00,223.213436,0.004838,0.011259,0.011259,0.0,0.0,0.0,0.004838,0.012664,0.012664,0.0,0.0,0.0,0.004838,0.016326,0.016326,0.0,0.0,0.0
5054,31-Jul-08,24:00:00,218.887658,0.004797,0.010603,0.010603,0.0,0.0,0.0,0.004797,0.011926,0.011926,0.0,0.0,0.0,0.004797,0.015376,0.015376,0.0,0.0,0.0
5055,01-Aug-08,24:00:00,218.049737,0.004963,0.009986,0.009986,0.0,0.0,0.0,0.004963,0.011232,0.011232,0.0,0.0,0.0,0.004963,0.01448,0.01448,0.0,0.0,0.0
5056,02-Aug-08,24:00:00,216.830598,0.004376,0.009404,0.009404,0.0,0.0,0.0,0.004376,0.010577,0.010577,0.0,0.0,0.0,0.004376,0.013637,0.013637,0.0,0.0,0.0
5057,03-Aug-08,24:00:00,214.841749,0.004654,0.008856,0.008856,0.0,0.0,0.0,0.004654,0.009961,0.009961,0.0,0.0,0.0,0.004654,0.012843,0.012843,0.0,0.0,0.0
5058,04-Aug-08,24:00:00,214.043507,0.004688,0.008341,0.008341,0.0,0.0,0.0,0.004688,0.009381,0.009381,0.0,0.0,0.0,0.004688,0.012095,0.012095,0.0,0.0,0.0
5059,05-Aug-08,24:00:00,212.223224,0.00487,0.007855,0.007855,0.0,0.0,0.0,0.00487,0.008835,0.008835,0.0,0.0,0.0,0.00487,0.011391,0.011391,0.0,0.0,0.0
5060,06-Aug-08,24:00:00,212.250148,0.004645,0.007397,0.007397,0.0,0.0,0.0,0.004645,0.00832,0.00832,0.0,0.0,0.0,0.004645,0.010727,0.010727,0.0,0.0,0.0
5061,07-Aug-08,24:00:00,212.410361,0.004393,0.006967,0.006967,0.0,0.0,0.0,0.004393,0.007836,0.007836,0.0,0.0,0.0,0.004393,0.010103,0.010103,0.0,0.0,0.0
5062,08-Aug-08,24:00:00,210.826735,0.004328,0.006561,0.006561,0.0,0.0,0.0,0.004328,0.00738,0.00738,0.0,0.0,0.0,0.004328,0.009514,0.009514,0.0,0.0,0.0
5063,09-Aug-08,24:00:00,208.832103,0.004581,0.006179,0.006179,0.0,0.0,0.0,0.004581,0.00695,0.00695,0.0,0.0,0.0,0.004581,0.00896,0.00896,0.0,0.0,0.0
5064,10-Aug-08,24:00:00,209.237914,0.004528,0.005819,0.005819,0.0,0.0,0.0,0.004528,0.006545,0.006545,0.0,0.0,0.0,0.004528,0.008438,0.008438,0.0,0.0,0.0
5065,11-Aug-08,24:00:00,209.404935,0.004734,0.00548,0.00548,0.0,0.0,0.0,0.004734,0.006164,0.006164,0.0,0.0,0.0,0.004734,0.007947,0.007947,0.0,0.0,0.0
5066,12-Aug-08,24:00:00,207.821668,0.004649,0.005161,0.005161,0.0,0.0,0.0,0.004649,0.005805,0.005805,0.0,0.0,0.0,0.004649,0.007484,0.007484,0.0,0.0,0.0
5067,13-Aug-08,24:00:00,205.827331,0.004593,0.00486,0.00486,0.0,0.0,0.0,0.004593,0.005467,0.005467,0.0,0.0,0.0,0.004593,0.007048,0.007048,0.0,0.0,0.0
5068,14-Aug-08,24:00:00,205.029887,0.004522,0.004577,0.004577,0.0,0.0,0.0,0.004522,0.005149,0.005149,0.0,0.0,0.0,0.004522,0.006638,0.006638,0.0,0.0,0.0
5069,15-Aug-08,24:00:00,205.617462,0.004705,0.004311,0.004311,0.0,0.0,0.0,0.004705,0.004849,0.004849,0.0,0.0,0.0,0.004705,0.006251,0.006251,0.0,0.0,0.0
5070,16-Aug-08,24:00:00,207.211615,0.004198,0.00406,0.00406,0.0,0.0,0.0,0.004198,0.004566,0.004566,0.0,0.0,0.0,0.004198,0.005887,0.005887,0.0,0.0,0.0
5071,17-Aug-08,24:00:00,209.204099,0.002425,0.003823,0.003823,0.0,0.0,0.0,0.002425,0.0043,0.0043,0.0,0.0,0.0,0.002425,0.005544,0.005544,0.0,0.0,0.0
5072,18-Aug-08,24:00:00,208.194414,0.004041,0.003601,0.003601,0.0,0.0,0.0,0.004041,0.00405,0.00405,0.0,0.0,0.0,0.004041,0.005221,0.005221,0.0,0.0,0.0
5073,19-Aug-08,24:00:00,204.023188,0.0041,0.003391,0.003391,0.0,0.0,0.0,0.0041,0.003814,0.003814,0.0,0.0,0.0,0.0041,0.004917,0.004917,0.0,0.0,0.0
5074,20-Aug-08,24:00:00,202.044763,0.003765,0.003193,0.003193,0.0,0.0,0.0,0.003765,0.003592,0.003592,0.0,0.0,0.0,0.003765,0.004631,0.004631,0.0,0.0,0.0
5075,21-Aug-08,24:00:00,203.214651,0.004192,0.003008,0.003008,0.0,0.0,0.0,0.004191,0.003383,0.003383,0.0,0.0,0.0,0.004191,0.004361,0.004361,0.0,0.0,0.0
5076,22-Aug-08,24:00:00,208.811159,0.004423,0.002832,0.002832,0.0,0.0,0.0,0.004422,0.003186,0.003186,0.0,0.0,0.0,0.004421,0.004107,0.004107,0.0,0.0,0.0
5077,23-Aug-08,24:00:00,216.169022,0.004756,0.002667,0.002667,0.0,0.0,0.0,0.004755,0.003,0.003,0.0,0.0,0.0,0.004754,0.003868,0.003868,0.0,0.0,0.0
5078,24-Aug-08,24:00:00,217.758896,0.0042,0.002512,0.002512,0.0,0.0,0.0,0.004199,0.002826,0.002826,0.0,0.0,0.0,0.004197,0.003643,0.003643,0.0,0.0,0.0
5079,25-Aug-08,24:00:00,215.817931,0.003934,0.002366,0.002366,0.0,0.0,0.0,0.003934,0.002661,0.002661,0.0,0.0,0.0,0.003932,0.003431,0.003431,0.0,0.0,0.0
5080,26-Aug-08,24:00:00,215.021382,0.004347,0.002228,0.002228,0.0,0.0,0.0,0.004347,0.002506,0.002506,0.0,0.0,0.0,0.004345,0.003231,0.003231,0.0,0.0,0.0
5081,27-Aug-08,24:00:00,228.246552,0.00404,0.002098,0.002098,0.0,0.0,0.0,0.004039,0.00236,0.00236,0.0,0.0,0.0,0.004038,0.003043,0.003043,0.0,0.0,0.0
5082,28-Aug-08,24:00:00,241.675793,0.004479,0.001976,0.001976,0.0,0.0,0.0,0.004479,0.002223,0.002223,0.0,0.0,0.0,0.004477,0.002866,0.002866,0.0,0.0,0.0
5083,29-Aug-08,24:00:00,243.74928,0.004795,0.001861,0.001861,0.0,0.0,0.0,0.004794,0.002093,0.002093,0.0,0.0,0.0,0.004793,0.002699,0.002699,0.0,0.0,0.0
5084,30-Aug-08,24:00:00,243.019195,0.004193,0.001753,0.001753,0.0,0.0,0.0,0.004192,0.001971,0.001971,0.0,0.0,0.0,0.00419,0.002542,0.002542,0.0,0.0,0.0
5085,31-Aug-08,24:00:00,245.413131,0.003534,0.001651,0.001651,0.0,0.0,0.0,0.003534,0.001857,0.001857,0.0,0.0,0.0,0.003532,0.002394,0.002394,0.0,0.0,0.0
5086,01-Sep-08,24:00:00,258.412739,0.003832,0.001555,0.001555,0.0,0.0,0.0,0.003831,0.001748,0.001748,0.0,0.0,0.0,0.00383,0.002254,0.002254,0.0,0.0,0.0
5087,02-Sep-08,24:00:00,274.304194,0.003936,0.001464,0.001464,0.0,0.0,0.0,0.003935,0.001647,0.001647,0.0,0.0,0.0,0.003934,0.002123,0.002123,0.0,0.0,0.0
5088,03-Sep-08,24:00:00,270.28326,0.003736,0.001379,0.001379,0.0,0.0,0.0,0.003735,0.001551,0.001551,0.0,0.0,0.0,0.003734,0.001999,0.001999,0.0,0.0,0.0
5089,04-Sep-08,24:00:00,254.481595,0.004051,0.001298,0.001298,0.0,0.0,0.0,0.004051,0.00146,0.00146,0.0,0.0,0.0,0.004049,0.001883,0.001883,0.0,0.0,0.0
5090,05-Sep-08,24:00:00,250.51804,0.004238,0.001223,0.001223,0.0,0.0,0.0,0.004238,0.001375,0.001375,0.0,0.0,0.0,0.004236,0.001773,0.001773,0.0,0.0,0.0
5091,06-Sep-08,24:00:00,251.978458,0.003932,0.001152,0.001152,0.0,0.0,0.0,0.003931,0.001295,0.001295,0.0,0.0,0.0,0.00393,0.00167,0.00167,0.0,0.0,0.0
5092,07-Sep-08,24:00:00,252.605511,0.003768,0.001085,0.001085,0.0,0.0,0.0,0.003768,0.00122,0.00122,0.0,0.0,0.0,0.003768,0.001573,0.001573,0.0,0.0,0.0
5093,08-Sep-08,24:00:00,253.598849,0.002629,0.001021,0.001021,0.0,0.0,0.0,0.002629,0.001149,0.001149,0.0,0.0,0.0,0.002629,0.001481,0.001481,0.0,0.0,0.0
5094,09-Sep-08,24:00:00,255.802122,0.003698,0.000962,0.000962,0.0,0.0,0.0,0.003698,0.001082,0.001082,0.0,0.0,0.0,0.003698,0.001395,0.001395,0.0,0.0,0.0
5095,10-Sep-08,24:00:00,258.186925,0.003741,0.000906,0.000906,0.0,0.0,0.0,0.003741,0.001019,0.001019,0.0,0.0,0.0,0.003741,0.001314,0.001314,0.0,0.0,0.0
5096,11-Sep-08,24:00:00,255.980889,0.00359,0.000853,0.000853,0.0,0.0,0.0,0.00359,0.00096,0.00096,0.0,0.0,0.0,0.00359,0.001237,0.001237,0.0,0.0,0.0
5097,12-Sep-08,24:00:00,239.593483,0.003114,0.000803,0.000803,0.0,0.0,0.0,0.003114,0.000904,0.000904,0.0,0.0,0.0,0.003114,0.001165,0.001165,0.0,0.0,0.0
5098,13-Sep-08,24:00:00,231.365221,0.003504,0.000757,0.000757,0.0,0.0,0.0,0.003504,0.000851,0.000851,0.0,0.0,0.0,0.003504,0.001097,0.001097,0.0,0.0,0.0
5099,14-Sep-08,24:00:00,231.388696,0.003597,0.000713,0.000713,0.0,0.0,0.0,0.003597,0.000801,0.000801,0.0,0.0,0.0,0.003597,0.001033,0.001033,0.0,0.0,0.0
5100,15-Sep-08,24:00:00,234.619556,0.002811,0.000671,0.000671,0.0,0.0,0.0,0.002811,0.000755,0.000755,0.0,0.0,0.0,0.002811,0.000973,0.000973,0.0,0.0,0.0
5101,16-Sep-08,24:00:00,200.061263,0.000899,0.000632,0.000632,0.0,0.0,0.0,0.000899,0.000711,0.000711,0.0,0.0,0.0,0.000899,0.000916,0.000916,0.0,0.0,0.0
5102,17-Sep-08,24:00:00,211.562595,0.002301,0.000595,0.000595,0.0,0.0,0.0,0.002301,0.00067,0.00067,0.0,0.0,0.0,0.0023,0.000863,0.000863,0.0,0.0,0.0
5103,18-Sep-08,24:00:00,247.215626,0.000842,0.000561,0.000561,0.0,0.0,0.0,0.000842,0.411613,0.000631,0.00033,0.0,0.000519,0.000841,6.038371,0.000813,0.005773,0.0,0.00966
5104,19-Sep-08,24:00:00,249.50123,0.001845,0.000528,0.000528,0.0,0.0,0.0,0.001844,0.261776,0.000594,0.0,0.0,0.001133,0.001843,0.37878,0.000766,0.0,0.0,0.019795
5105,20-Sep-08,24:00:00,243.676159,0.003145,0.000497,0.000497,0.0,0.0,0.0,0.003145,0.011153,0.000559,0.0,0.0,0.000676,0.003144,0.000721,0.000721,0.0,0.0,0.018494
5106,21-Sep-08,24:00:00,231.798736,0.002875,0.000468,0.000468,0.0,0.0,0.0,0.002875,0.000527,0.000527,0.0,0.0,0.0,0.002875,0.000679,0.000679,0.0,0.0,0.011246
5107,22-Sep-08,24:00:00,211.273578,0.003095,0.000441,0.000441,0.0,0.0,0.0,0.003095,0.000496,0.000496,0.0,0.0,0.0,0.003095,0.000639,0.000639,0.0,0.0,0.002784
5108,23-Sep-08,24:00:00,203.959694,0.002917,0.000415,0.000415,0.0,0.0,0.0,0.002917,0.000467,0.000467,0.0,0.0,0.0,0.002917,0.000602,0.000602,0.0,0.0,0.0
5109,24-Sep-08,24:00:00,202.575576,0.002842,0.000391,0.000391,0.0,0.0,0.0,0.002842,0.00044,0.00044,0.0,0.0,0.0,0.002842,0.000567,0.000567,0.0,0.0,0.0
5110,25-Sep-08,24:00:00,199.970745,0.003104,0.000368,0.000368,0.0,0.0,0.0,0.003104,0.000414,0.000414,0.0,0.0,0.0,0.003104,0.000534,0.000534,0.0,0.0,0.0
5111,26-Sep-08,24:00:00,200.078501,0.002819,0.000347,0.000347,0.0,0.0,0.0,0.002819,0.00039,0.00039,0.0,0.0,0.0,0.002819,0.000503,0.000503,0.0,0.0,0.0
5112,27-Sep-08,24:00:00,204.591769,0.002983,0.000327,0.000327,0.0,0.0,0.0,0.002983,0.000367,0.000367,0.0,0.0,0.0,0.002983,0.000474,0.000474,0.0,0.0,0.0
5113,28-Sep-08,24:00:00,199.568138,0.003421,0.000308,0.000308,0.0,0.0,0.0,0.003421,0.000346,0.000346,0.0,0.0,0.0,0.003421,0.000446,0.000446,0.0,0.0,0.0
5114,29-Sep-08,24:00:00,181.050764,0.00317,0.00029,0.00029,0.0,0.0,0.0,0.00317,0.000326,0.000326,0.0,0.0,0.0,0.00317,0.00042,0.00042,0.0,0.0,0.0
5115,30-Sep-08,24:00:00,163.461551,0.003101,0.000273,0.000273,0.0,0.0,0.0,0.003101,0.000307,0.000307,0.0,0.0,0.0,0.003101,0.000396,0.000396,0.0,0.0,0.0
5116,01-Oct-08,24:00:00,160.65784,0.001306,0.000257,0.000257,0.0,0.0,0.0,0.001306,0.000289,0.000289,0.0,0.0,0.0,0.001305,0.000373,0.000373,0.0,0.0,0.0
5117,02-Oct-08,24:00:00,168.709077,0.000818,0.699251,0.000242,0.050225,0.0,0.028211,0.000818,16.639515,0.000272,0.055058,0.0,0.033059,0.000817,26.033882,0.000351,0.062868,0.0,0.040751
5118,03-Oct-08,24:00:00,349.244032,0.001275,6.841081,0.000228,0.008538,0.0,0.197578,0.001274,112.235801,0.000256,0.01122,0.0,0.22085,0.001273,58.841114,0.00033,0.013553,0.0,0.253871
5119,04-Oct-08,24:00:00,181.331646,0.00111,0.662618,0.000215,0.0,0.0,0.201476,0.001109,8.025225,0.000241,0.0,0.0,0.22724,0.001107,0.046734,0.000311,0.0,0.0,0.262016
5120,05-Oct-08,24:00:00,149.422354,0.002385,0.011563,0.000202,0.0,0.0,0.200835,0.002384,0.057968,0.000227,0.0,0.0,0.226601,0.002382,0.000293,0.000293,0.0,0.0,0.261382
5121,06-Oct-08,24:00:00,147.567697,0.002682,0.00019,0.00019,0.0,0.0,0.195331,0.002681,0.000214,0.000214,0.0,0.0,0.221103,0.002679,0.000276,0.000276,0.0,0.0,0.255894
5122,07-Oct-08,24:00:00,147.053862,0.002858,0.000179,0.000179,0.0,0.0,0.186064,0.002857,0.000202,0.000202,0.0,0.0,0.21184,0.002855,0.00026,0.00026,0.0,0.0,0.246638
5123,08-Oct-08,24:00:00,146.571536,0.003107,0.000169,0.000169,0.0,0.0,0.175713,0.003106,0.00019,0.00019,0.0,0.0,0.201494,0.003104,0.000245,0.000245,0.0,0.0,0.2363
5124,09-Oct-08,24:00:00,146.487433,0.002385,0.000159,0.000159,0.0,0.0,0.165847,0.002384,0.000179,0.000179,0.0,0.0,0.191633,0.002382,0.000231,0.000231,0.0,0.0,0.226446
5125,10-Oct-08,24:00:00,145.22098,0.002315,0.00015,0.00015,0.0,0.0,0.15815,0.002314,0.000168,0.000168,0.0,0.0,0.183938,0.002313,0.000217,0.000217,0.0,0.0,0.218756
5126,11-Oct-08,24:00:00,139.761372,0.002033,0.000141,0.000141,0.0,0.0,0.15053,0.002032,0.000159,0.000159,0.0,0.0,0.176322,0.00203,0.000204,0.000204,0.0,0.0,0.211144
5127,12-Oct-08,24:00:00,134.586623,0.001905,0.000133,0.000133,0.0,0.0,0.143663,0.001904,0.000149,0.000149,0.0,0.0,0.169458,0.001903,0.000193,0.000193,0.0,0.0,0.204286
5128,13-Oct-08,24:00:00,133.566149,0.00222,0.000125,0.000125,0.0,0.0,0.136724,0.002219,0.000141,0.000141,0.0,0.0,0.162523,0.002218,0.000181,0.000181,0.0,0.0,0.197357
5129,14-Oct-08,24:00:00,131.36104,0.002334,0.000118,0.000118,0.0,0.0,0.128966,0.002334,0.000132,0.000132,0.0,0.0,0.154768,0.002333,0.000171,0.000171,0.0,0.0,0.189606
5130,15-Oct-08,24:00:00,120.551674,0.002124,0.000111,0.000111,0.0,0.0,0.121218,0.002124,0.000125,0.000125,0.0,0.0,0.14702,0.002124,0.000161,0.000161,0.0,0.0,0.181859
5131,16-Oct-08,24:00:00,111.004199,0.002221,0.000104,0.000104,0.0,0.0,0.113808,0.002221,0.000118,0.000118,0.0,0.0,0.13961,0.002221,0.000152,0.000152,0.0,0.0,0.174449
5132,17-Oct-08,24:00:00,110.486303,0.00235,9.8e-05,9.8e-05,0.0,0.0,0.106061,0.00235,0.000111,0.000111,0.0,0.0,0.131863,0.00235,0.000143,0.000143,0.0,0.0,0.166702
5133,18-Oct-08,24:00:00,114.835407,0.002108,9.3e-05,9.3e-05,0.0,0.0,0.098391,0.002108,0.000104,0.000104,0.0,0.0,0.124193,0.002108,0.000134,0.000134,0.0,0.0,0.159032
5134,19-Oct-08,24:00:00,122.959839,0.002168,8.7e-05,8.7e-05,0.0,0.0,0.091088,0.002168,9.8e-05,9.8e-05,0.0,0.0,0.116889,0.002168,0.000127,0.000127,0.0,0.0,0.151728
5135,20-Oct-08,24:00:00,128.831056,0.001794,8.2e-05,8.2e-05,0.0,0.0,0.084087,0.001794,9.2e-05,9.2e-05,0.0,0.0,0.109889,0.001794,0.000119,0.000119,0.0,0.0,0.144728
5136,21-Oct-08,24:00:00,130.379119,0.001833,7.7e-05,7.7e-05,0.0,0.0,0.077895,0.001833,8.7e-05,8.7e-05,0.0,0.0,0.103697,0.001833,0.000112,0.000112,0.0,0.0,0.138536
5137,22-Oct-08,24:00:00,128.317325,0.00174,7.3e-05,7.3e-05,0.0,0.0,0.071729,0.00174,8.2e-05,8.2e-05,0.0,0.0,0.097531,0.00174,0.000106,0.000106,0.0,0.0,0.13237
5138,23-Oct-08,24:00:00,128.381586,0.001759,6.9e-05,6.9e-05,0.0,0.0,0.065755,0.001759,7.7e-05,7.7e-05,0.0,0.0,0.091557,0.001759,9.9e-05,9.9e-05,0.0,0.0,0.126396
5139,24-Oct-08,24:00:00,136.785314,0.001687,6.5e-05,6.5e-05,0.0,0.0,0.059817,0.001686,7.3e-05,7.3e-05,0.0,0.0,0.085619,0.001686,9.4e-05,9.4e-05,0.0,0.0,0.120459
5140,25-Oct-08,24:00:00,143.355067,0.001884,6.1e-05,6.1e-05,0.0,0.0,0.053857,0.001884,6.8e-05,6.8e-05,0.0,0.0,0.079659,0.001883,8.8e-05,8.8e-05,0.0,0.0,0.114498
5141,26-Oct-08,24:00:00,143.499688,0.001524,5.7e-05,5.7e-05,0.0,0.0,0.047831,0.001524,6.4e-05,6.4e-05,0.0,0.0,0.073633,0.001524,8.3e-05,8.3e-05,0.0,0.0,0.108473
5142,27-Oct-08,24:00:00,144.38135,0.001525,5.4e-05,5.4e-05,0.0,0.0,0.042607,0.001525,6.1e-05,6.1e-05,0.0,0.0,0.068409,0.001525,7.8e-05,7.8e-05,0.0,0.0,0.103249
5143,28-Oct-08,24:00:00,144.510695,0.002074,5.1e-05,5.1e-05,0.0,0.0,0.036693,0.002074,5.7e-05,5.7e-05,0.0,0.0,0.062496,0.002074,7.4e-05,7.4e-05,0.0,0.0,0.097336
5144,29-Oct-08,24:00:00,144.483816,0.001786,4.8e-05,4.8e-05,0.0,0.0,0.030218,0.001784,5.4e-05,5.4e-05,0.0,0.0,0.056022,0.001782,6.9e-05,6.9e-05,0.0,0.0,0.093512
5145,30-Oct-08,24:00:00,153.157312,0.001153,1.434557,4.5e-05,0.014058,0.0,0.060511,0.001152,17.288131,5.1e-05,0.010538,0.0,0.078236,0.00115,3.281466,6.5e-05,0.002967,0.0,0.100841
5146,31-Oct-08,24:00:00,245.417324,0.00064,8.803898,4.2e-05,0.099216,0.0,0.271269,0.00064,118.541025,4.8e-05,0.086473,0.0,0.255963,0.000639,64.497902,6.2e-05,0.069059,0.0,0.229378
5147,01-Nov-08,24:00:00,271.497634,0.00088,5.685653,4e-05,0.003832,0.0,0.425376,0.000879,70.858122,4.5e-05,0.004978,0.0,0.398655,0.000878,25.76273,5.8e-05,0.012199,0.0,0.37394
5148,02-Nov-08,24:00:00,161.674366,0.00051,2.90497,3.8e-05,0.039238,0.0,0.482253,0.000509,45.699774,4.2e-05,0.037885,0.0,0.455543,0.000509,36.37078,5.5e-05,0.037154,0.0,0.435496
5149,03-Nov-08,24:00:00,186.432772,0.001141,2.839827,3.6e-05,0.0,0.0,0.562573,0.00114,35.164521,4e-05,0.0,0.0,0.531916,0.001139,4.965334,5.1e-05,0.0,0.0,0.509491
5150,04-Nov-08,24:00:00,98.294551,0.000497,0.183985,3.3e-05,0.0,0.0,0.562573,0.000496,1.485469,3.8e-05,0.0,0.0,0.531916,0.000495,0.490763,4.8e-05,0.000975,0.0,0.5102
5151,05-Nov-08,24:00:00,87.992422,0.000814,3.1e-05,3.1e-05,0.0,0.0,0.562573,0.000813,3.5e-05,3.5e-05,0.0,0.0,0.531916,0.000812,0.59291,4.6e-05,0.0,0.0,0.512834
5152,06-Nov-08,24:00:00,86.678871,0.001074,3e-05,3e-05,0.0,0.0,0.562573,0.001072,3.3e-05,3.3e-05,0.0,0.0,0.531916,0.001071,4.3e-05,4.3e-05,0.0,0.0,0.512834
5153,07-Nov-08,24:00:00,86.132497,0.000761,2.8e-05,2.8e-05,0.0,0.0,0.562573,0.00076,0.139742,3.1e-05,0.000199,0.0,0.532115,0.000758,4e-05,4e-05,0.0,0.0,0.512834
5154,08-Nov-08,24:00:00,85.000762,0.001363,2.6e-05,2.6e-05,0.0,0.0,0.562573,0.001362,0.259058,3e-05,0.0,0.0,0.532597,0.001361,3.8e-05,3.8e-05,0.0,0.0,0.512834
5155,09-Nov-08,24:00:00,84.106692,0.000902,2.5e-05,2.5e-05,0.0,0.0,0.562273,0.000901,0.01172,2.8e-05,0.0,0.0,0.532597,0.0009,3.6e-05,3.6e-05,0.0,0.0,0.512834
5156,10-Nov-08,24:00:00,82.709632,0.000755,2.3e-05,2.3e-05,0.0,0.0,0.56048,0.000754,2.6e-05,2.6e-05,0.0,0.0,0.532597,0.000753,3.4e-05,3.4e-05,0.0,0.0,0.512834
5157,11-Nov-08,24:00:00,81.596596,0.000841,2.2e-05,2.2e-05,0.0,0.0,0.557863,0.00084,2.5e-05,2.5e-05,0.0,0.0,0.532597,0.000839,3.2e-05,3.2e-05,0.0,0.0,0.512834
5158,12-Nov-08,24:00:00,81.954163,0.001628,2.1e-05,2.1e-05,0.0,0.0,0.553609,0.001627,2.3e-05,2.3e-05,0.0,0.0,0.530446,0.001625,3e-05,3e-05,0.0,0.0,0.510363
5159,13-Nov-08,24:00:00,81.997518,0.001423,1.9e-05,1.9e-05,0.0,0.0,0.548344,0.001421,2.2e-05,2.2e-05,0.0,0.0,0.525522,0.00142,2.8e-05,2.8e-05,0.0,0.0,0.505225
5160,14-Nov-08,24:00:00,81.99995,0.001257,1.8e-05,1.8e-05,0.0,0.0,0.543708,0.001256,2.1e-05,2.1e-05,0.0,0.0,0.520889,0.001254,2.7e-05,2.7e-05,0.0,0.0,0.500599
5161,15-Nov-08,24:00:00,82.000058,0.00126,1.7e-05,1.7e-05,0.0,0.0,0.539409,0.001259,1.9e-05,1.9e-05,0.0,0.0,0.516596,0.001257,2.5e-05,2.5e-05,0.0,0.0,0.496312
5162,16-Nov-08,24:00:00,82.000059,0.001183,1.6e-05,1.6e-05,0.0,0.0,0.535201,0.001182,1.8e-05,1.8e-05,0.0,0.0,0.512393,0.00118,2.4e-05,2.4e-05,0.0,0.0,0.492116
5163,17-Nov-08,24:00:00,82.863925,0.001213,1.5e-05,1.5e-05,0.0,0.0,0.531131,0.001212,1.7e-05,1.7e-05,0.0,0.0,0.508328,0.00121,2.2e-05,2.2e-05,0.0,0.0,0.488058
5164,18-Nov-08,24:00:00,82.162736,0.000842,1.4e-05,1.4e-05,0.0,0.0,0.527616,0.00084,1.6e-05,1.6e-05,0.0,0.0,0.504817,0.000839,2.1e-05,2.1e-05,0.0,0.0,0.484553
5165,19-Nov-08,24:00:00,81.941032,0.000867,1.4e-05,1.4e-05,0.0,0.0,0.524818,0.000866,1.5e-05,1.5e-05,0.0,0.0,0.503301,0.000864,2e-05,2e-05,0.0,0.0,0.48304
5166,20-Nov-08,24:00:00,85.088251,0.001107,1.3e-05,1.3e-05,0.0,0.0,0.521294,0.001106,1.4e-05,1.4e-05,0.0,0.0,0.501927,0.001104,1.9e-05,1.9e-05,0.0,0.0,0.48304
5167,21-Nov-08,24:00:00,87.688247,0.001132,1.2e-05,1.2e-05,0.0,0.0,0.517477,0.001131,1.4e-05,1.4e-05,0.0,0.0,0.498421,0.001129,1.7e-05,1.7e-05,0.0,0.0,0.48271
5168,22-Nov-08,24:00:00,88.017211,0.001067,1.1e-05,1.1e-05,0.0,0.0,0.513736,0.001066,1.3e-05,1.3e-05,0.0,0.0,0.494684,0.001064,1.6e-05,1.6e-05,0.0,0.0,0.480424
5169,23-Nov-08,24:00:00,88.831019,0.000606,1.1e-05,1.1e-05,0.0,0.0,0.510825,0.000605,1.2e-05,1.2e-05,0.0,0.0,0.491777,0.000604,1.6e-05,1.6e-05,0.0,0.0,0.477522
5170,24-Nov-08,24:00:00,89.922638,0.000381,1e-05,1e-05,0.0,0.0,0.509098,0.00038,1.1e-05,1.1e-05,0.0,0.0,0.490052,0.00038,1.5e-05,1.5e-05,0.0,0.0,0.475801
5171,25-Nov-08,24:00:00,89.098045,0.001107,9e-06,9e-06,0.0,0.0,0.506565,0.001106,1.1e-05,1.1e-05,0.0,0.0,0.487521,0.001105,1.4e-05,1.4e-05,0.0,0.0,0.473274
5172,26-Nov-08,24:00:00,90.733157,0.000434,9e-06,9e-06,0.0,0.0,0.503895,0.000433,1e-05,1e-05,0.0,0.0,0.484855,0.000432,1.3e-05,1.3e-05,0.0,0.0,0.470613
5173,27-Nov-08,24:00:00,93.213055,0.000814,8e-06,8e-06,0.0,0.0,0.501799,0.000812,9e-06,9e-06,0.0,0.0,0.482762,0.000811,1.2e-05,1.2e-05,0.0,0.0,0.468524
5174,28-Nov-08,24:00:00,96.525033,0.000966,8e-06,8e-06,0.0,0.0,0.498708,0.000965,9e-06,9e-06,0.0,0.0,0.479677,0.000963,1.1e-05,1.1e-05,0.0,0.0,0.465446
5175,29-Nov-08,24:00:00,102.259408,0.000993,7e-06,7e-06,0.0,0.0,0.495346,0.000991,8e-06,8e-06,0.0,0.0,0.476319,0.000989,1.1e-05,1.1e-05,0.0,0.0,0.462096
5176,30-Nov-08,24:00:00,104.357595,0.000376,7e-06,7e-06,0.0,0.0,0.493033,0.000375,8e-06,8e-06,0.0,0.0,0.474012,0.000374,1e-05,1e-05,0.0,0.0,0.459794
5177,01-Dec-08,24:00:00,100.554236,0.000867,7e-06,7e-06,0.0,0.0,0.490914,0.000866,7e-06,7e-06,0.0,0.0,0.471895,0.000864,1e-05,1e-05,0.0,0.0,0.457682
5178,02-Dec-08,24:00:00,99.064525,0.000649,6e-06,6e-06,0.0,0.0,0.488305,0.000648,7e-06,7e-06,0.0,0.0,0.46929,0.000646,9e-06,9e-06,0.0,0.0,0.455082
5179,03-Dec-08,24:00:00,101.662838,0.00083,6e-06,6e-06,0.0,0.0,0.485804,0.000828,7e-06,7e-06,0.0,0.0,0.466793,0.000826,8e-06,8e-06,0.0,0.0,0.452593
5180,04-Dec-08,24:00:00,101.1517,0.000826,6e-06,6e-06,0.0,0.0,0.48289,0.000824,6e-06,6e-06,0.0,0.0,0.463884,0.000822,8e-06,8e-06,0.0,0.0,0.449691
5181,05-Dec-08,24:00:00,106.468105,0.000839,0.202623,5e-06,0.011663,0.0,0.489425,0.000837,19.332149,6e-06,0.031565,0.0,0.492875,0.000834,30.269468,8e-06,0.046365,0.0,0.495412
5182,06-Dec-08,24:00:00,198.536144,0.000951,1.3287,5e-06,0.0,0.0,0.521439,0.000949,57.427049,6e-06,0.00766,0.0,0.592008,0.000946,33.245256,7e-06,0.010823,0.0,0.637374
5183,07-Dec-08,24:00:00,115.769898,0.000896,0.098893,5e-06,0.0,0.0,0.521439,0.000894,4.251225,5e-06,0.0,0.0,0.596932,0.000892,0.033561,7e-06,0.0,0.0,0.644332
5184,08-Dec-08,24:00:00,93.950267,0.0008,4e-06,4e-06,0.0,0.0,0.521439,0.000799,0.043221,5e-06,0.0,0.0,0.596932,0.000797,6e-06,6e-06,0.0,0.0,0.644332
5185,09-Dec-08,24:00:00,92.972886,0.00063,4e-06,4e-06,0.0,0.0,0.521439,0.000628,5e-06,5e-06,0.0,0.0,0.596932,0.000626,6e-06,6e-06,0.0,0.0,0.644332
5186,10-Dec-08,24:00:00,101.670257,0.000844,4e-06,4e-06,0.0,0.0,0.521439,0.000843,4e-06,4e-06,0.0,0.0,0.596932,0.00084,6e-06,6e-06,0.0,0.0,0.644332
5187,11-Dec-08,24:00:00,123.966145,0.001016,4e-06,4e-06,0.0,0.0,0.519977,0.001015,4e-06,4e-06,0.0,0.0,0.595488,0.001012,5e-06,5e-06,0.0,0.0,0.642914
5188,12-Dec-08,24:00:00,140.734806,0.000806,3e-06,3e-06,0.0,0.0,0.51661,0.000805,4e-06,4e-06,0.0,0.0,0.592138,0.000803,5e-06,5e-06,0.0,0.0,0.63959
5189,13-Dec-08,24:00:00,143.563559,0.000195,0.095434,3e-06,0.004865,0.0,0.518449,0.000195,1.009448,4e-06,0.006003,0.0,0.593377,0.000195,0.060867,5e-06,0.001549,0.0,0.638354
5190,14-Dec-08,24:00:00,178.7561,0.000445,1.590206,3e-06,0.009217,0.0,0.55772,0.000445,29.119918,3e-06,0.010362,0.0,0.640342,0.000444,16.584369,4e-06,0.014038,0.0,0.678848
5191,15-Dec-08,24:00:00,160.653382,0.00054,0.271814,3e-06,0.0,0.0,0.563187,0.000539,3.624164,3e-06,0.0,0.0,0.646543,0.000537,0.675084,4e-06,0.0,0.0,0.691187
5192,16-Dec-08,24:00:00,143.067289,0.000701,0.010887,3e-06,0.0,0.0,0.563187,0.0007,0.063016,3e-06,0.0,0.0,0.646543,0.000698,4e-06,4e-06,0.0,0.0,0.691187
5193,17-Dec-08,24:00:00,146.475748,0.000213,0.114201,3e-06,0.012513,0.0,0.56894,0.000212,2.482848,3e-06,0.012752,0.0,0.652691,0.000212,7.513152,4e-06,0.019303,0.0,0.703154
5194,18-Dec-08,24:00:00,199.083772,0.000778,2.139696,2e-06,0.005128,0.0,0.623217,0.000778,30.789243,3e-06,0.004299,0.0,0.704852,0.000776,18.03449,3e-06,0.003688,0.0,0.770012
5195,19-Dec-08,24:00:00,159.719412,0.000662,0.208157,2e-06,0.0,0.0,0.623669,0.000661,1.96189,3e-06,0.0,0.0,0.705003,0.00066,3e-06,3e-06,0.0,0.0,0.770012
5196,20-Dec-08,24:00:00,178.022488,0.000208,1.802978,2e-06,0.023094,0.0,0.662714,0.000207,33.574122,2e-06,0.025961,0.0,0.749111,0.000207,29.46485,3e-06,0.028692,0.0,0.819761
5197,21-Dec-08,24:00:00,199.784779,0.00041,1.344406,2e-06,0.0,0.0,0.702848,0.00041,22.246832,2e-06,0.00184,0.0,0.79808,0.000409,8.401181,3e-06,0.005521,0.0,0.87967
5198,22-Dec-08,24:00:00,124.71632,0.000286,0.084177,2e-06,0.0,0.0,0.702848,0.000285,4.143607,2e-06,0.001339,0.0,0.804792,0.000284,0.152567,3e-06,0.0,0.0,0.887315
5199,23-Dec-08,24:00:00,116.768641,0.000343,2.423512,2e-06,0.043527,0.0,0.762869,0.000342,35.915085,2e-06,0.040899,0.0,0.859661,0.000341,21.326042,0.439435,0.034691,0.001825,0.927265
5200,24-Dec-08,24:00:00,623.909638,0.000667,5.466735,2e-06,0.017265,0.0,0.906138,0.000667,74.890347,2e-06,0.015528,0.0,0.992451,0.000666,600.722769,563.817907,0.017338,0.017338,1.0
5201,25-Dec-08,24:00:00,263.921641,0.000731,0.592106,2e-06,0.0,0.0,0.911275,0.00073,5.99845,2e-06,0.0,0.0,0.998374,0.000728,49.05793,49.032899,0.0,0.0,1.0
5202,26-Dec-08,24:00:00,79.124861,0.000262,0.014676,1e-06,0.0,0.0,0.911275,0.000261,0.046541,2e-06,0.0,0.0,0.998374,0.000261,30.467911,30.364137,0.001968,0.001968,1.0
5203,27-Dec-08,24:00:00,177.477401,0.000365,1e-06,1e-06,0.0,0.0,0.911275,0.000365,2e-06,2e-06,0.0,0.0,0.998374,0.000364,227.637432,220.516921,0.004533,0.004533,1.0
5204,28-Dec-08,24:00:00,123.901707,0.000351,1e-06,1e-06,0.0,0.0,0.911275,0.000351,1e-06,1e-06,0.0,0.0,0.998374,0.00035,39.516797,39.516797,0.0,0.0,1.0
5205,29-Dec-08,24:00:00,60.816458,0.000619,1e-06,1e-06,0.0,0.0,0.911275,0.000618,1e-06,1e-06,0.0,0.0,0.998374,0.000617,33.807542,33.807542,0.0,0.0,1.0
5206,30-Dec-08,24:00:00,64.555289,0.000855,1e-06,1e-06,0.0,0.0,0.911275,0.000854,1e-06,1e-06,0.0,0.0,0.998374,0.000852,31.834666,31.834666,0.0,0.0,1.0
5207,31-Dec-08,24:00:00,92.462926,0.000778,1e-06,1e-06,0.0,0.0,0.9107,0.000778,1e-06,1e-06,0.0,0.0,0.997809,0.000776,29.980755,29.980755,0.0,0.0,1.0
5208,01-Jan-09,24:00:00,228.264575,0.000733,0.648642,1e-06,0.006147,0.0,0.924557,0.000732,70.845985,58.636051,0.00724,0.006343,0.999232,0.00073,152.498392,147.77305,0.004276,0.004276,1.0
5209,02-Jan-09,24:00:00,305.390399,0.000779,0.19993,1e-06,0.0,0.0,0.930879,0.000778,90.491877,87.813447,0.0,0.0,1.0,0.000776,42.780141,42.754427,0.0,0.0,1.0
5210,03-Jan-09,24:00:00,181.723117,0.000482,0.010638,1e-06,0.0,0.0,0.930879,0.000481,23.391071,23.317817,0.0,0.0,1.0,0.00048,31.551087,31.551087,0.0,0.0,1.0
5211,04-Jan-09,24:00:00,165.317502,0.00025,0.041271,1e-06,0.000421,0.0,0.93178,0.000249,17.289543,15.900911,0.000884,0.000884,1.0,0.000249,51.821685,50.942493,0.000804,0.000804,1.0
5212,05-Jan-09,24:00:00,173.355684,0.000922,0.016579,1e-06,0.0,0.0,0.932321,0.000921,20.675716,20.252318,0.0,0.0,1.0,0.000919,32.159322,32.14463,0.0,0.0,1.0
5213,06-Jan-09,24:00:00,128.283709,0.000322,0.000944,1e-06,0.0,0.0,0.932321,0.000321,10.185811,10.171835,0.0,0.0,1.0,0.00032,27.575664,27.575664,0.0,0.0,1.0
5214,07-Jan-09,24:00:00,111.659542,0.000769,1e-06,1e-06,0.0,0.0,0.932321,0.000768,7.498091,7.498091,0.0,0.0,1.0,0.000767,25.96526,25.96526,0.0,0.0,1.0
5215,08-Jan-09,24:00:00,124.148416,0.000827,1e-06,1e-06,0.0,0.0,0.932321,0.000826,6.816646,6.816646,0.0,0.0,1.0,0.000823,24.453156,24.453156,0.0,0.0,1.0
5216,09-Jan-09,24:00:00,144.066709,0.000878,1e-06,1e-06,0.0,0.0,0.932321,0.000877,6.397528,6.397528,0.0,0.0,1.0,0.000874,23.029115,23.029115,0.0,0.0,1.0
5217,10-Jan-09,24:00:00,158.296548,0.000918,1e-06,1e-06,0.0,0.0,0.93122,0.000917,6.023221,6.023221,0.0,0.0,0.998912,0.000914,21.688003,21.688003,0.0,0.0,0.998933
5218,11-Jan-09,24:00:00,155.864188,0.001163,1e-06,1e-06,0.0,0.0,0.928069,0.001161,5.672331,5.672331,0.0,0.0,0.995777,0.001158,20.424991,20.424991,0.0,0.0,0.99582
5219,12-Jan-09,24:00:00,141.574664,0.000978,1e-06,1e-06,0.0,0.0,0.924262,0.000976,5.341991,5.341991,0.0,0.0,0.991976,0.000974,19.235532,19.235532,0.0,0.0,0.992029
5220,13-Jan-09,24:00:00,136.066701,0.000975,1e-06,1e-06,0.0,0.0,0.920926,0.000974,5.030897,5.030897,0.0,0.0,0.988646,0.000971,18.115341,18.115341,0.0,0.0,0.988706
5221,14-Jan-09,24:00:00,143.314519,0.000951,0.0,0.0,0.0,0.0,0.917618,0.000949,4.73792,4.73792,0.0,0.0,0.985342,0.000947,17.060385,17.060385,0.0,0.0,0.98541
5222,15-Jan-09,24:00:00,148.043464,0.001042,0.0,0.0,0.0,0.0,0.914246,0.001041,4.462005,4.462005,0.0,0.0,0.981975,0.001039,16.066865,16.066865,0.0,0.0,0.98205
5223,16-Jan-09,24:00:00,147.867464,0.000971,0.0,0.0,0.0,0.0,0.910761,0.000969,4.202158,4.202158,0.0,0.0,0.978495,0.000967,15.131203,15.131203,0.0,0.0,0.978578
5224,17-Jan-09,24:00:00,146.786742,0.000992,0.0,0.0,0.0,0.0,0.907401,0.000991,3.957443,3.957443,0.0,0.0,0.975139,0.000989,14.25003,14.25003,0.0,0.0,0.975228
5225,18-Jan-09,24:00:00,150.879806,0.000995,0.0,0.0,0.0,0.0,0.903994,0.000994,3.72698,3.72698,0.0,0.0,0.971737,0.000992,13.420172,13.420172,0.0,0.0,0.971832
5226,19-Jan-09,24:00:00,159.896137,0.000819,0.0,0.0,0.0,0.0,0.900824,0.000819,3.509937,3.509937,0.0,0.0,0.96857,0.000818,12.638642,12.638642,0.0,0.0,0.96867
5227,20-Jan-09,24:00:00,163.303194,0.000624,0.0,0.0,0.0,0.0,0.898339,0.000624,3.305534,3.305534,0.0,0.0,0.966087,0.000623,11.902625,11.902625,0.0,0.0,0.966188
5228,21-Jan-09,24:00:00,160.999089,0.000421,0.0,0.0,0.0,0.0,0.896552,0.00042,3.113035,3.113035,0.0,0.0,0.964301,0.000419,11.209469,11.209469,0.0,0.0,0.964405
5229,22-Jan-09,24:00:00,156.875325,0.000571,0.0,0.0,0.0,0.0,0.89486,0.000571,2.931746,2.931746,0.0,0.0,0.962611,0.00057,10.55668,10.55668,0.0,0.0,0.962718
5230,23-Jan-09,24:00:00,147.775021,0.000617,0.0,0.0,0.0,0.0,0.892983,0.000616,2.761014,2.761014,0.0,0.0,0.960736,0.000615,9.941907,9.941907,0.0,0.0,0.960846
5231,24-Jan-09,24:00:00,140.505874,0.001176,0.0,0.0,0.0,0.0,0.88971,0.001175,2.600225,2.600225,0.0,0.0,0.957465,0.001173,9.362935,9.362935,0.0,0.0,0.95758
5232,25-Jan-09,24:00:00,139.611935,0.001122,0.0,0.0,0.0,0.0,0.885915,0.001121,2.4488,2.4488,0.0,0.0,0.953674,0.001119,8.81768,8.81768,0.0,0.0,0.953793
5233,26-Jan-09,24:00:00,138.949289,0.000996,0.0,0.0,0.0,0.0,0.882247,0.000995,2.306192,2.306192,0.0,0.0,0.950008,0.000994,8.304178,8.304178,0.0,0.0,0.950133
5234,27-Jan-09,24:00:00,140.904314,0.001341,0.0,0.0,0.0,0.0,0.878363,0.00134,2.17189,2.17189,0.0,0.0,0.946128,0.001338,7.82058,7.82058,0.0,0.0,0.946257
5235,28-Jan-09,24:00:00,146.407002,0.001138,0.0,0.0,0.0,0.0,0.874003,0.001137,2.045409,2.045409,0.0,0.0,0.941771,0.001135,7.365144,7.365144,0.0,0.0,0.941906
5236,29-Jan-09,24:00:00,149.745343,0.001215,0.0,0.0,0.0,0.0,0.869992,0.001195,1.926294,1.926294,0.0,0.0,0.937784,0.001194,6.936232,6.936232,0.0,0.0,0.937924
5237,30-Jan-09,24:00:00,149.160514,0.001358,0.0,0.0,0.0,0.0,0.865669,0.001352,1.814115,1.814115,0.0,0.0,0.933518,0.001351,6.532297,6.532297,0.0,0.0,0.933663
5238,31-Jan-09,24:00:00,116.202969,0.001292,0.0,0.0,0.0,0.0,0.861076,0.001291,1.708469,1.708469,0.0,0.0,0.928936,0.001289,6.151885,6.151885,0.0,0.0,0.929087
5239,01-Feb-09,24:00:00,73.809777,0.001349,0.0,0.0,0.0,0.0,0.856564,0.001348,1.608976,1.608976,0.0,0.0,0.924428,0.001346,5.793627,5.793627,0.0,0.0,0.924586
5240,02-Feb-09,24:00:00,64.906957,0.001417,0.0,0.0,0.0,0.0,0.85185,0.001416,1.515276,1.515276,0.0,0.0,0.919718,0.001415,5.456232,5.456232,0.0,0.0,0.919882
5241,03-Feb-09,24:00:00,64.244437,0.001147,0.0,0.0,0.0,0.0,0.847454,0.001146,1.427033,1.427033,0.0,0.0,0.915325,0.001144,5.138486,5.138486,0.0,0.0,0.915495
5242,04-Feb-09,24:00:00,68.387005,0.00048,0.783898,0.0,0.025318,0.0,0.867026,0.000479,11.797142,1.343929,0.020447,0.0,0.929645,0.000478,13.409679,4.839244,0.017422,0.0,0.925785
5243,05-Feb-09,24:00:00,227.296471,0.000598,4.580592,0.0,0.01764,0.0,0.981595,0.000598,163.871249,107.25465,0.014676,0.009793,0.999022,0.000597,61.157634,40.251966,0.009109,0.001251,0.997099
5244,06-Feb-09,24:00:00,244.939814,0.001496,0.619286,0.0,0.0,0.0,0.99256,0.001495,131.625667,126.187104,0.0,0.0,1.0,0.001494,8.40361,8.397486,0.0,0.0,1.0
5245,07-Feb-09,24:00:00,119.661645,0.000825,0.139614,0.100958,0.002897,0.000727,0.993592,0.000824,35.119376,34.68607,0.003001,0.003001,1.0,0.000823,10.218179,9.941131,0.000568,0.000568,1.0
5246,08-Feb-09,24:00:00,145.536787,0.0012,9.588461,9.232118,0.0,0.0,1.0,0.0012,69.909294,64.384767,0.0,0.0,1.0,0.001199,19.455983,19.102024,0.0,0.0,1.0
5247,09-Feb-09,24:00:00,137.662804,0.00056,14.309826,14.050645,0.01268,0.01268,1.0,0.000559,53.870851,48.325574,0.01321,0.01321,1.0,0.000559,105.93388,97.719833,0.01598,0.01598,1.0
5248,10-Feb-09,24:00:00,1267.171364,0.000478,236.480818,233.955595,0.014374,0.014374,1.0,0.000478,374.256252,333.119788,0.016399,0.016399,1.0,0.000477,896.137788,864.825745,0.023483,0.023483,1.0
5249,11-Feb-09,24:00:00,1308.513986,0.000922,294.132366,293.160077,0.001558,0.001558,1.0,0.000921,386.465535,372.179345,0.002055,0.002055,1.0,0.00092,313.835383,309.467593,0.002192,0.002192,1.0
5250,12-Feb-09,24:00:00,936.882838,0.00055,224.219775,222.82465,0.010254,0.010254,1.0,0.00055,303.428162,280.43889,0.01147,0.01147,1.0,0.000549,534.35557,515.592576,0.016299,0.016299,1.0
5251,13-Feb-09,24:00:00,766.094962,0.000571,168.145747,167.806333,0.005216,0.005216,1.0,0.00057,221.181693,215.852832,0.000549,0.000549,1.0,0.00057,199.303242,197.561422,0.0,0.0,1.0
5252,14-Feb-09,24:00:00,2281.026232,0.000678,794.551893,425.90745,0.050079,0.050079,1.0,0.000678,779.280904,451.242054,0.040814,0.040814,1.0,0.000677,1013.087818,891.930079,0.028938,0.028938,1.0
5253,15-Feb-09,24:00:00,3025.667083,0.000695,1113.969583,1020.410056,0.056356,0.056356,1.0,0.000694,1083.116076,961.054808,0.044461,0.044461,1.0,0.000693,863.996253,836.761985,0.026308,0.026308,1.0
5254,16-Feb-09,24:00:00,3244.77625,0.000539,1258.575,1247.715833,0.034678,0.034678,1.0,0.000539,1188.604167,1115.178849,0.023833,0.023833,1.0,0.000538,609.679445,596.28403,0.009768,0.009768,1.0
5255,17-Feb-09,24:00:00,1825.990417,0.001147,836.460519,834.987263,0.000461,0.000461,1.0,0.001147,636.517836,626.835289,0.0,0.0,1.0,0.001146,178.973846,178.967183,0.0,0.0,1.0
5256,18-Feb-09,24:00:00,808.263091,0.001948,339.370721,339.273233,0.0,0.0,1.0,0.001947,248.348032,248.131455,0.0,0.0,1.0,0.001946,158.867545,158.867545,0.0,0.0,1.0
5257,19-Feb-09,24:00:00,552.414264,0.001708,196.700435,196.698642,0.0,0.0,1.0,0.001707,172.297207,172.297207,0.0,0.0,0.999174,0.001705,149.603393,149.603393,0.0,0.0,0.998333
5258,20-Feb-09,24:00:00,497.025381,0.001501,165.120232,165.120232,0.0,0.0,0.998005,0.0015,155.569062,155.569062,0.0,0.0,0.995688,0.001499,140.891156,140.891156,0.0,0.0,0.993923
5259,21-Feb-09,24:00:00,4644.370139,0.000561,1874.76919,432.319422,0.066989,0.06554,0.999793,0.000561,1740.554452,508.151263,0.066874,0.06473,0.999694,0.00056,1810.211988,1287.331745,0.059653,0.056982,0.999321
5260,22-Feb-09,24:00:00,5933.585833,0.000592,1901.7775,1299.001221,0.061732,0.061732,1.0,0.000591,1959.012083,1497.484167,0.054391,0.054391,1.0,0.000591,1875.346667,1817.765833,0.044973,0.044973,1.0
5261,23-Feb-09,24:00:00,3764.449583,0.001277,1336.94641,1299.786908,0.0,0.0,1.0,0.001276,1332.257267,1286.260768,0.0,0.0,1.0,0.001275,569.885394,566.778789,0.0,0.0,1.0
5262,24-Feb-09,24:00:00,1447.79375,0.000595,575.511276,575.256889,0.010933,0.010933,1.0,0.000595,491.937341,489.993469,0.00716,0.00716,1.0,0.000594,267.283898,267.004335,0.00319,0.00319,1.0
5263,25-Feb-09,24:00:00,1273.809167,0.00139,462.082255,460.551474,0.001549,0.001549,1.0,0.00139,429.241683,413.432767,0.001306,0.001306,1.0,0.001388,373.43138,369.100937,0.000959,0.000959,1.0
5264,26-Feb-09,24:00:00,957.079238,0.00169,348.175778,348.036752,0.0,0.0,1.0,0.00169,313.487211,312.485157,0.0,0.0,1.0,0.001689,240.181188,240.181188,0.0,0.0,1.0
5265,27-Feb-09,24:00:00,750.20845,0.001781,253.734765,253.732937,0.0,0.0,0.999099,0.001781,242.011915,242.011915,0.0,0.0,0.999102,0.001779,225.149524,225.149524,0.0,0.0,0.999106
5266,28-Feb-09,24:00:00,1163.254961,0.000623,387.164777,368.972776,0.047064,0.046369,0.999603,0.000623,419.930918,379.437197,0.042626,0.041932,0.999601,0.000622,640.795287,619.754114,0.032299,0.031608,0.999513
5267,01-Mar-09,24:00:00,4777.346667,0.000979,1759.444583,1109.4681,0.038256,0.038256,1.0,0.000979,1545.481107,1250.729575,0.039909,0.039909,1.0,0.000978,1518.546229,1475.642976,0.031023,0.031023,1.0
5268,02-Mar-09,24:00:00,3169.986667,0.000868,1051.453075,987.174154,0.012681,0.012681,1.0,0.000868,1121.422154,1071.306291,0.01492,0.01492,1.0,0.000867,872.124145,850.840975,0.015876,0.015876,1.0
5269,03-Mar-09,24:00:00,1905.90125,0.001089,604.737587,602.702538,0.0,0.0,1.0,0.001089,660.921034,647.15272,0.0,0.0,1.0,0.001088,440.998668,438.220274,0.0,0.0,1.0
5270,04-Mar-09,24:00:00,1054.103818,0.001862,357.428991,357.36737,0.0,0.0,1.0,0.001862,359.394498,358.83308,0.0,0.0,1.0,0.001861,279.792953,279.792953,0.0,0.0,1.0
5271,05-Mar-09,24:00:00,836.655301,0.001461,271.001352,271.001352,0.0,0.0,0.999719,0.00146,276.764313,276.764313,0.0,0.0,0.999721,0.00146,263.037131,263.037131,0.0,0.0,0.999719
5272,06-Mar-09,24:00:00,765.795761,0.001942,244.196402,244.196402,0.0,0.0,0.996056,0.001942,253.122218,253.122218,0.0,0.0,0.99606,0.001942,247.718611,247.718611,0.0,0.0,0.996054
5273,07-Mar-09,24:00:00,719.924852,0.00214,228.558381,228.558381,0.0,0.0,0.989294,0.00214,237.682803,237.682803,0.0,0.0,0.989298,0.00214,233.292595,233.292595,0.0,0.0,0.989292
5274,08-Mar-09,24:00:00,679.519209,0.001926,215.090551,215.090551,0.0,0.0,0.982085,0.001926,223.785331,223.785331,0.0,0.0,0.982089,0.001926,219.706685,219.706685,0.0,0.0,0.982083
5275,09-Mar-09,24:00:00,641.109199,0.00183,202.548627,202.548627,0.0,0.0,0.975632,0.00183,210.749003,210.749003,0.0,0.0,0.975636,0.00183,206.911957,206.911957,0.0,0.0,0.97563
5276,10-Mar-09,24:00:00,605.195064,0.002117,190.751576,190.751576,0.0,0.0,0.968905,0.002117,198.47565,198.47565,0.0,0.0,0.968909,0.002117,194.862337,194.862337,0.0,0.0,0.968903
5277,11-Mar-09,24:00:00,580.821323,0.002366,179.642923,179.642923,0.0,0.0,0.961341,0.002366,186.917304,186.917304,0.0,0.0,0.961345,0.002366,183.514432,183.514432,0.0,0.0,0.961339
5278,12-Mar-09,24:00:00,564.933266,0.002555,169.181316,169.181316,0.0,0.0,0.952982,0.002555,176.032081,176.032081,0.0,0.0,0.952986,0.002555,172.827378,172.827378,0.0,0.0,0.952981
5279,13-Mar-09,24:00:00,546.005777,0.00135,159.328957,159.328957,0.0,0.0,0.946076,0.00135,165.780766,165.780766,0.0,0.0,0.94608,0.00135,162.76269,162.76269,0.0,0.0,0.946074
5280,14-Mar-09,24:00:00,518.8502,0.0008,150.050356,150.050356,0.0,0.0,0.94352,0.0008,157.068408,156.12644,0.001285,0.0,0.944842,0.0008,159.143551,153.284124,0.010301,0.0,0.951896
5281,15-Mar-09,24:00:00,490.031635,0.000836,141.312099,141.312099,0.0,0.0,0.942836,0.000836,148.673133,147.03434,0.0,0.0,0.947928,0.000835,155.726798,144.357547,0.005204,0.0,0.994841
5282,16-Mar-09,24:00:00,435.167977,0.001702,133.082719,133.082719,0.0,0.0,0.941808,0.001701,138.545435,138.471722,0.0,0.0,0.947928,0.0017,135.952241,135.950814,0.0,0.0,0.99668
5283,17-Mar-09,24:00:00,405.207529,0.001976,125.332581,125.332581,0.0,0.0,0.939623,0.001976,130.407753,130.407753,0.0,0.0,0.947545,0.001976,128.033651,128.033651,0.0,0.0,0.996374
5284,18-Mar-09,24:00:00,380.242416,0.00277,118.033776,118.033776,0.0,0.0,0.932204,0.00277,122.813392,122.813392,0.0,0.0,0.942238,0.00277,120.577548,120.577548,0.0,0.0,0.991222
5285,19-Mar-09,24:00:00,361.66441,0.002806,111.16002,111.16002,0.0,0.0,0.922635,0.002806,115.661294,115.661294,0.0,0.0,0.932668,0.002806,113.555654,113.555654,0.0,0.0,0.981652
5286,20-Mar-09,24:00:00,351.77752,0.0011,104.687323,104.686562,0.001647,0.0,0.91598,0.0011,108.94142,108.925701,0.001686,0.0,0.92602,0.001099,107.157695,106.942684,0.004255,0.0,0.975919
5287,21-Mar-09,24:00:00,612.98561,0.001341,100.094511,98.590088,0.010645,0.0,0.95371,0.001341,128.0187,102.582359,0.011877,0.0,0.967447,0.00134,440.274576,419.986872,0.014195,0.010792,1.0
5288,22-Mar-09,24:00:00,427.235482,0.002314,93.054719,92.848645,0.0,0.0,0.95601,0.002314,99.166879,96.608424,0.0,0.0,0.970402,0.002314,120.979986,120.979986,0.0,0.0,1.0
5289,23-Mar-09,24:00:00,314.97776,0.002682,87.448406,87.441558,0.0,0.0,0.952898,0.002682,90.998926,90.982385,0.0,0.0,0.967291,0.002682,105.565471,105.565471,0.0,0.0,0.996891
5290,24-Mar-09,24:00:00,290.617564,0.002738,82.349356,82.349356,0.0,0.0,0.94432,0.002738,85.68398,85.68398,0.0,0.0,0.958714,0.002738,99.40734,99.40734,0.0,0.0,0.988314
5291,25-Mar-09,24:00:00,275.094108,0.002613,77.5537,77.5537,0.0,0.0,0.935086,0.002613,80.694131,80.694131,0.0,0.0,0.94948,0.002613,93.618297,93.618297,0.0,0.0,0.97908
5292,26-Mar-09,24:00:00,264.161574,0.003181,73.037322,73.037322,0.0,0.0,0.925245,0.003181,75.994869,75.994869,0.0,0.0,0.93964,0.00318,88.166389,88.166389,0.0,0.0,0.969241
5293,27-Mar-09,24:00:00,256.371956,0.003166,68.783957,68.783957,0.0,0.0,0.914379,0.003165,71.56927,71.56927,0.0,0.0,0.928775,0.003164,83.031976,83.031976,0.0,0.0,0.958379
5294,28-Mar-09,24:00:00,246.528237,0.002858,64.77829,64.77829,0.0,0.0,0.903582,0.002857,67.401398,67.401398,0.0,0.0,0.917981,0.002855,78.196567,78.196567,0.0,0.0,0.947591
5295,29-Mar-09,24:00:00,241.748892,0.002756,61.005894,61.005894,0.0,0.0,0.894311,0.002755,63.476244,63.476244,0.0,0.0,0.908712,0.002754,73.642751,73.642751,0.0,0.0,0.938326
5296,30-Mar-09,24:00:00,239.997778,0.003671,57.453185,57.453185,0.0,0.0,0.883939,0.00367,59.779674,59.779674,0.0,0.0,0.898343,0.003669,69.354129,69.354129,0.0,0.0,0.92796
5297,31-Mar-09,24:00:00,240.44891,0.003156,54.107371,54.107371,0.0,0.0,0.871498,0.003155,56.298375,56.298375,0.0,0.0,0.885904,0.003153,65.315257,65.315257,0.0,0.0,0.915526
5298,01-Apr-09,24:00:00,255.617686,0.002396,50.956401,50.956401,0.0,0.0,0.862215,0.002395,53.019811,53.019811,0.0,0.0,0.876623,0.002394,61.511591,61.511591,0.0,0.0,0.906249
5299,02-Apr-09,24:00:00,276.537992,0.002813,47.98893,47.98893,0.0,0.0,0.852837,0.002812,49.932176,49.932176,0.0,0.0,0.867247,0.002811,57.929433,57.929433,0.0,0.0,0.896878
5300,03-Apr-09,24:00:00,285.714983,0.002794,45.194271,45.194271,0.0,0.0,0.843553,0.002793,47.024351,47.024351,0.0,0.0,0.857965,0.002792,54.555884,54.555884,0.0,0.0,0.8876
5301,04-Apr-09,24:00:00,288.500206,0.003354,42.56236,42.56236,0.0,0.0,0.833136,0.003353,44.285864,44.285864,0.0,0.0,0.84755,0.003352,51.378795,51.378795,0.0,0.0,0.877189
5302,05-Apr-09,24:00:00,281.257786,0.003526,40.08372,40.08372,0.0,0.0,0.82139,0.003525,41.706855,41.706855,0.0,0.0,0.835806,0.003524,48.386725,48.386725,0.0,0.0,0.865448
5303,06-Apr-09,24:00:00,260.777396,0.001571,37.749424,37.749424,0.0,0.0,0.812216,0.001571,39.278036,39.278036,0.0,0.0,0.826463,0.00157,45.5689,45.5689,0.0,0.0,0.856109
5304,07-Apr-09,24:00:00,214.896342,0.001221,35.551068,35.551068,0.0,0.0,0.809975,0.001221,36.99066,36.99066,0.0,0.0,0.821937,0.00122,42.915173,42.915173,0.0,0.0,0.851585
5305,08-Apr-09,24:00:00,167.404409,0.000564,33.581492,33.480734,0.002222,0.0,0.812429,0.000564,36.480698,34.83649,0.002107,0.0,0.821556,0.000564,42.662992,40.415986,0.002921,0.0,0.851862
5306,09-Apr-09,24:00:00,147.726788,0.002299,31.727659,31.530967,0.0,0.0,0.817594,0.002298,35.401365,32.80777,0.0,0.0,0.82627,0.002297,39.060761,38.062341,0.0,0.0,0.85871
5307,10-Apr-09,24:00:00,131.029233,0.002944,29.70789,29.694745,0.0,0.0,0.816318,0.002943,31.013174,30.897193,0.0,0.0,0.824995,0.002942,35.845762,35.845762,0.0,0.0,0.85745
5308,11-Apr-09,24:00:00,129.854268,0.003139,27.965457,27.965457,0.0,0.0,0.808869,0.003138,29.09788,29.09788,0.0,0.0,0.81755,0.003137,33.758266,33.758266,0.0,0.0,0.850028
5309,12-Apr-09,24:00:00,133.867523,0.002963,26.336875,26.336875,0.0,0.0,0.798385,0.002963,27.403351,27.403351,0.0,0.0,0.807068,0.002962,31.792337,31.792337,0.0,0.0,0.83955
5310,13-Apr-09,24:00:00,166.107782,0.002938,24.803134,24.803134,0.0,0.0,0.787953,0.002937,25.807503,25.807503,0.0,0.0,0.796638,0.002936,29.940894,29.940894,0.0,0.0,0.829124
5311,14-Apr-09,24:00:00,205.261477,0.002764,23.358711,23.358711,0.0,0.0,0.778297,0.002763,24.30459,24.30459,0.0,0.0,0.786983,0.002762,28.197272,28.197272,0.0,0.0,0.819473
5312,15-Apr-09,24:00:00,207.568005,0.003331,21.998405,21.998405,0.0,0.0,0.768225,0.003331,22.8892,22.8892,0.0,0.0,0.776913,0.00333,26.555189,26.555189,0.0,0.0,0.809405
5313,16-Apr-09,24:00:00,169.627905,0.003526,20.717317,20.717317,0.0,0.0,0.75633,0.003526,21.556236,21.556236,0.0,0.0,0.765019,0.003525,25.008735,25.008735,0.0,0.0,0.797514
5314,17-Apr-09,24:00:00,129.095706,0.003742,19.510834,19.510834,0.0,0.0,0.743862,0.003742,20.300898,20.300898,0.0,0.0,0.752553,0.003741,23.552339,23.552339,0.0,0.0,0.78505
5315,18-Apr-09,24:00:00,117.956199,0.003875,18.374611,18.374611,0.0,0.0,0.730828,0.003874,19.118665,19.118665,0.0,0.0,0.73952,0.003873,22.180757,22.180757,0.0,0.0,0.77202
5316,19-Apr-09,24:00:00,113.356283,0.004173,17.304556,17.304556,0.0,0.0,0.717114,0.004172,18.00528,18.00528,0.0,0.0,0.725807,0.004171,20.889049,20.889049,0.0,0.0,0.758311
5317,20-Apr-09,24:00:00,109.941128,0.004252,16.296817,16.296817,0.0,0.0,0.702675,0.004251,16.956734,16.956734,0.0,0.0,0.711371,0.00425,19.672565,19.672565,0.0,0.0,0.743878
5318,21-Apr-09,24:00:00,107.227954,0.004332,15.347763,15.347763,0.0,0.0,0.688088,0.004332,15.96925,15.96925,0.0,0.0,0.696785,0.004331,18.526924,18.526924,0.0,0.0,0.729295
5319,22-Apr-09,24:00:00,106.510669,0.003635,14.453979,14.453979,0.0,0.0,0.674228,0.003634,15.039273,15.039273,0.0,0.0,0.682927,0.003634,17.447999,17.447999,0.0,0.0,0.715439
5320,23-Apr-09,24:00:00,109.285224,0.003017,13.612244,13.612244,0.0,0.0,0.662515,0.003016,14.163453,14.163453,0.0,0.0,0.671216,0.003016,16.431906,16.431906,0.0,0.0,0.703729
5321,24-Apr-09,24:00:00,109.250233,0.003303,12.819528,12.819528,0.0,0.0,0.652026,0.003303,13.338638,13.338638,0.0,0.0,0.660728,0.003303,15.474986,15.474986,0.0,0.0,0.69324
5322,25-Apr-09,24:00:00,104.720443,0.003315,12.072977,12.072977,0.0,0.0,0.640457,0.003315,12.561856,12.561856,0.0,0.0,0.649158,0.003315,14.573792,14.573792,0.0,0.0,0.681671
5323,26-Apr-09,24:00:00,101.264056,0.002681,11.369901,11.369901,0.0,0.0,0.630404,0.002681,11.83031,11.83031,0.0,0.0,0.639106,0.002681,13.72508,13.72508,0.0,0.0,0.671619
5324,27-Apr-09,24:00:00,101.520821,0.002322,10.707769,10.707769,0.0,0.0,0.621776,0.002322,11.141366,11.141366,0.0,0.0,0.630479,0.002322,12.925794,12.925794,0.0,0.0,0.662993
5325,28-Apr-09,24:00:00,115.088988,0.003044,10.084197,10.084197,0.0,0.0,0.612399,0.003044,10.492543,10.492543,0.0,0.0,0.621102,0.003044,12.173054,12.173054,0.0,0.0,0.653616
5326,29-Apr-09,24:00:00,115.782797,0.002324,9.496939,9.496939,0.0,0.0,0.603244,0.002324,9.881504,9.881504,0.0,0.0,0.611947,0.002324,11.46415,11.46415,0.0,0.0,0.644462
5327,30-Apr-09,24:00:00,104.467603,0.001541,9.533571,8.94388,0.019939,0.0,0.613814,0.001541,18.76803,9.30605,0.018336,0.0,0.620545,0.00154,20.652881,10.796529,0.017829,0.0,0.651224
5328,01-May-09,24:00:00,159.693732,0.001078,11.717193,8.423028,0.015607,0.0,0.689814,0.001078,59.587712,8.764108,0.018738,0.0,0.697187,0.001078,43.726678,10.167788,0.02306,0.0,0.734636
5329,02-May-09,24:00:00,149.230016,0.003005,10.503782,7.932509,0.013766,0.0,0.753554,0.003005,44.14812,8.253725,0.011393,0.0,0.761801,0.003004,23.136572,9.575662,0.010393,0.0,0.804887
5330,03-May-09,24:00:00,84.832391,0.001053,8.589942,7.470556,0.052439,0.0,0.79315,0.001054,28.391272,7.773066,0.058267,0.0,0.804058,0.001053,47.151833,15.971665,0.062223,0.007159,0.855408
5331,04-May-09,24:00:00,735.890808,0.002917,13.537274,7.035504,0.002881,0.0,0.953521,0.002917,115.63328,7.320397,0.00523,0.0,0.986723,0.002916,687.353421,633.932574,0.013901,0.013901,1.0
5332,05-May-09,24:00:00,247.554177,0.001417,7.169679,6.625788,0.0,0.0,0.95369,0.001417,14.808689,6.89409,0.001319,0.0,0.989639,0.001417,128.21915,124.812345,0.003271,0.003271,1.0
5333,06-May-09,24:00:00,170.013419,0.00374,6.244637,6.239932,0.0,0.0,0.951085,0.00374,7.512254,6.492609,0.0,0.0,0.991781,0.00374,69.530469,69.302817,0.0,0.0,0.999733
5334,07-May-09,24:00:00,93.396188,0.004025,5.876547,5.876547,0.0,0.0,0.94031,0.004025,6.15543,6.114509,0.0,0.0,0.984533,0.004025,41.856755,41.856755,0.0,0.0,0.992487
5335,08-May-09,24:00:00,77.55967,0.004221,5.534323,5.534323,0.0,0.0,0.926206,0.004221,5.758428,5.758428,0.0,0.0,0.970429,0.004221,39.36859,39.36859,0.0,0.0,0.978383
5336,09-May-09,24:00:00,73.236208,0.004448,5.212029,5.212029,0.0,0.0,0.911509,0.004448,5.423083,5.423083,0.0,0.0,0.955732,0.004448,37.075899,37.075899,0.0,0.0,0.963686
5337,10-May-09,24:00:00,70.285314,0.004271,4.908504,4.908504,0.0,0.0,0.896479,0.004271,5.107267,5.107267,0.0,0.0,0.940702,0.004271,34.916766,34.916766,0.0,0.0,0.948656
5338,11-May-09,24:00:00,68.017645,0.003899,4.622655,4.622655,0.0,0.0,0.882368,0.003899,4.809843,4.809843,0.0,0.0,0.926591,0.003899,32.88337,32.88337,0.0,0.0,0.934545
5339,12-May-09,24:00:00,68.152177,0.004306,4.353452,4.353452,0.0,0.0,0.868382,0.004306,4.529739,4.529739,0.0,0.0,0.912605,0.004306,30.968391,30.968391,0.0,0.0,0.920559
5340,13-May-09,24:00:00,68.379975,0.003907,4.099927,4.099927,0.0,0.0,0.854148,0.003907,4.265948,4.265948,0.0,0.0,0.898371,0.003907,29.164931,29.164931,0.0,0.0,0.906325
5341,14-May-09,24:00:00,66.822694,0.004402,3.861165,3.861165,0.0,0.0,0.839959,0.004402,4.017518,4.017518,0.0,0.0,0.884181,0.004402,27.466497,27.466497,0.0,0.0,0.892135
5342,15-May-09,24:00:00,66.093975,0.004355,3.636308,3.636308,0.0,0.0,0.824778,0.004355,3.783556,3.783556,0.0,0.0,0.869,0.004355,25.866972,25.866972,0.0,0.0,0.876953
5343,16-May-09,24:00:00,68.199914,0.004807,3.424546,3.424546,0.0,0.0,0.809182,0.004807,3.563219,3.563219,0.0,0.0,0.853405,0.004807,24.360596,24.360596,0.0,0.0,0.861358
5344,17-May-09,24:00:00,72.610609,0.004729,3.225116,3.225116,0.0,0.0,0.792986,0.004729,3.355713,3.355713,0.0,0.0,0.837208,0.004729,22.941945,22.941945,0.0,0.0,0.845161
5345,18-May-09,24:00:00,75.583817,0.004499,3.0373,3.0373,0.0,0.0,0.777148,0.004499,3.160291,3.160291,0.0,0.0,0.821371,0.004499,21.605909,21.605909,0.0,0.0,0.829323
5346,19-May-09,24:00:00,75.786929,0.004034,2.860421,2.860421,0.0,0.0,0.762324,0.004034,2.97625,2.97625,0.0,0.0,0.806546,0.004034,20.347678,20.347678,0.0,0.0,0.814499
5347,20-May-09,24:00:00,75.253529,0.004392,2.693843,2.693843,0.0,0.0,0.748012,0.004392,2.802927,2.802927,0.0,0.0,0.792234,0.004392,19.162721,19.162721,0.0,0.0,0.800187
5348,21-May-09,24:00:00,78.697622,0.004437,2.536966,2.536966,0.0,0.0,0.732843,0.004437,2.639697,2.639697,0.0,0.0,0.777065,0.004437,18.046771,18.046771,0.0,0.0,0.785017
5349,22-May-09,24:00:00,84.187862,0.004338,2.389224,2.389224,0.0,0.0,0.71794,0.004338,2.485973,2.485973,0.0,0.0,0.762162,0.004338,16.995808,16.995808,0.0,0.0,0.770114
5350,23-May-09,24:00:00,88.506125,0.00407,2.250087,2.250087,0.0,0.0,0.703533,0.00407,2.341201,2.341201,0.0,0.0,0.747754,0.00407,16.006049,16.006049,0.0,0.0,0.755706
5351,24-May-09,24:00:00,91.067053,0.004445,2.119052,2.119052,0.0,0.0,0.688886,0.004445,2.20486,2.20486,0.0,0.0,0.733107,0.004445,15.073928,15.073928,0.0,0.0,0.741059
5352,25-May-09,24:00:00,90.743068,0.00473,1.995648,1.995648,0.0,0.0,0.673134,0.00473,2.076459,2.076459,0.0,0.0,0.717355,0.00473,14.196091,14.196091,0.0,0.0,0.725307
5353,26-May-09,24:00:00,90.148681,0.004791,1.87943,1.87943,0.0,0.0,0.656778,0.004791,1.955535,1.955535,0.0,0.0,0.701,0.004791,13.369374,13.369374,0.0,0.0,0.708951
5354,27-May-09,24:00:00,92.657157,0.004959,1.769981,1.769981,0.0,0.0,0.640208,0.004959,1.841654,1.841654,0.0,0.0,0.684429,0.004959,12.590802,12.590802,0.0,0.0,0.69238
5355,28-May-09,24:00:00,97.057958,0.004348,1.666905,1.666905,0.0,0.0,0.62416,0.004347,1.734404,1.734404,0.0,0.0,0.668381,0.004347,11.857571,11.857571,0.0,0.0,0.676332
5356,29-May-09,24:00:00,98.129518,0.003835,1.569832,1.569832,0.0,0.0,0.610342,0.003834,1.6334,1.6334,0.0,0.0,0.654564,0.003834,11.167039,11.167039,0.0,0.0,0.662515
5357,30-May-09,24:00:00,97.413422,0.004277,1.478412,1.478412,0.0,0.0,0.596297,0.004277,1.538278,1.538278,0.0,0.0,0.640518,0.004277,10.516721,10.516721,0.0,0.0,0.648471
5358,31-May-09,24:00:00,97.075286,0.004085,1.392316,1.392316,0.0,0.0,0.581712,0.004085,1.448696,1.448696,0.0,0.0,0.625934,0.004085,9.904275,9.904275,0.0,0.0,0.633888
5359,01-Jun-09,24:00:00,96.360351,0.004004,1.311234,1.311234,0.0,0.0,0.567915,0.004004,1.36433,1.36433,0.0,0.0,0.612137,0.004003,9.327494,9.327494,0.0,0.0,0.620093
5360,02-Jun-09,24:00:00,94.779221,0.003516,1.234873,1.234873,0.0,0.0,0.555037,0.003516,1.284878,1.284878,0.0,0.0,0.59926,0.003515,8.784303,8.784303,0.0,0.0,0.607218
5361,03-Jun-09,24:00:00,94.802482,0.002224,1.16296,1.16296,0.0,0.0,0.545184,0.002224,1.210052,1.210052,0.0,0.0,0.589408,0.002224,8.272745,8.272745,0.0,0.0,0.597368
5362,04-Jun-09,24:00:00,99.136907,0.001819,1.095234,1.095234,0.0,0.0,0.538031,0.001819,1.139584,1.139584,0.0,0.0,0.582255,0.001819,7.790977,7.790977,0.0,0.0,0.590216
5363,05-Jun-09,24:00:00,105.785631,0.003986,1.031453,1.031453,0.0,0.0,0.52822,0.003986,1.07322,1.07322,0.0,0.0,0.572445,0.003985,7.337266,7.337266,0.0,0.0,0.580408
5364,06-Jun-09,24:00:00,114.882565,0.004281,0.971386,0.971386,0.0,0.0,0.514161,0.00428,1.010721,1.010721,0.0,0.0,0.558387,0.00428,6.909977,6.909977,0.0,0.0,0.566352
5365,07-Jun-09,24:00:00,123.103103,0.004429,0.914817,0.914817,0.0,0.0,0.499462,0.004429,0.951861,0.951861,0.0,0.0,0.543689,0.004428,6.507571,6.507571,0.0,0.0,0.551655
5366,08-Jun-09,24:00:00,125.812666,0.003649,0.861542,0.861542,0.0,0.0,0.485391,0.003649,0.896429,0.896429,0.0,0.0,0.529618,0.003649,6.128599,6.128599,0.0,0.0,0.537584
5367,09-Jun-09,24:00:00,122.610161,0.003255,0.81137,0.81137,0.0,0.0,0.473625,0.003255,0.844225,0.844225,0.0,0.0,0.517851,0.003255,5.771697,5.771697,0.0,0.0,0.525819
5368,10-Jun-09,24:00:00,116.42774,0.003809,0.764119,0.764119,0.0,0.0,0.461477,0.003809,0.795061,0.795061,0.0,0.0,0.505702,0.003808,5.435579,5.435579,0.0,0.0,0.513673
5369,11-Jun-09,24:00:00,111.351933,0.004129,0.71962,0.71962,0.0,0.0,0.448137,0.004129,0.74876,0.74876,0.0,0.0,0.492362,0.004129,5.119036,5.119036,0.0,0.0,0.500333
5370,12-Jun-09,24:00:00,107.760938,0.003413,0.677713,0.677713,0.0,0.0,0.435006,0.003414,0.705156,0.705156,0.0,0.0,0.479228,0.003413,4.820926,4.820926,0.0,0.0,0.487202
5371,13-Jun-09,24:00:00,105.707989,0.003505,0.638246,0.638246,0.0,0.0,0.423059,0.003505,0.664091,0.664091,0.0,0.0,0.46728,0.003505,4.540177,4.540177,0.0,0.0,0.475255
5372,14-Jun-09,24:00:00,103.86476,0.003784,0.601077,0.601077,0.0,0.0,0.410523,0.003784,0.625417,0.625417,0.0,0.0,0.454744,0.003784,4.275778,4.275778,0.0,0.0,0.462721
5373,15-Jun-09,24:00:00,102.450146,0.004787,0.566073,0.566073,0.0,0.0,0.396117,0.004787,0.588996,0.588996,0.0,0.0,0.440339,0.004786,4.026776,4.026776,0.0,0.0,0.448317
5374,16-Jun-09,24:00:00,101.600622,0.004767,0.533108,0.533108,0.0,0.0,0.379635,0.004767,0.554695,0.554695,0.0,0.0,0.423857,0.004767,3.792274,3.792274,0.0,0.0,0.431837
5375,17-Jun-09,24:00:00,104.676252,0.005533,0.502062,0.502062,0.0,0.0,0.362459,0.005533,0.522392,0.522392,0.0,0.0,0.406682,0.005532,3.57143,3.57143,0.0,0.0,0.414664
5376,18-Jun-09,24:00:00,108.536036,0.004731,0.472824,0.472824,0.0,0.0,0.344345,0.004731,0.49197,0.49197,0.0,0.0,0.388569,0.00473,3.363445,3.363445,0.0,0.0,0.396553
5377,19-Jun-09,24:00:00,107.794868,0.004186,0.445289,0.445289,0.0,0.0,0.329017,0.004186,0.46332,0.46332,0.0,0.0,0.373241,0.004186,3.167574,3.167574,0.0,0.0,0.381227
5378,20-Jun-09,24:00:00,107.442462,0.004312,0.419357,0.419357,0.0,0.0,0.314153,0.004312,0.436338,0.436338,0.0,0.0,0.358377,0.004311,2.983108,2.983108,0.0,0.0,0.366366
5379,21-Jun-09,24:00:00,107.671972,0.004682,0.394936,0.394936,0.0,0.0,0.299047,0.004682,0.410928,0.410928,0.0,0.0,0.343271,0.004682,2.809386,2.809386,0.0,0.0,0.351261
5380,22-Jun-09,24:00:00,108.367919,0.005192,0.371937,0.371937,0.0,0.0,0.282375,0.005191,0.386998,0.386998,0.0,0.0,0.3266,0.005191,2.64578,2.64578,0.0,0.0,0.334591
5381,23-Jun-09,24:00:00,110.920676,0.005188,0.350277,0.350277,0.0,0.0,0.264465,0.005188,0.364461,0.364461,0.0,0.0,0.30869,0.005187,2.491701,2.491701,0.0,0.0,0.316683
5382,24-Jun-09,24:00:00,114.612977,0.005131,0.329878,0.329878,0.0,0.0,0.246929,0.005131,0.343236,0.343236,0.0,0.0,0.291155,0.005131,2.346596,2.346596,0.0,0.0,0.299149
5383,25-Jun-09,24:00:00,116.697933,0.00489,0.310667,0.310667,0.0,0.0,0.229492,0.00489,0.323247,0.323247,0.0,0.0,0.273718,0.004889,2.209941,2.209941,0.0,0.0,0.281715
5384,26-Jun-09,24:00:00,123.225246,0.005219,0.292576,0.292576,0.0,0.0,0.212253,0.005219,0.304423,0.304423,0.0,0.0,0.256479,0.005218,2.081244,2.081244,0.0,0.0,0.264477
5385,27-Jun-09,24:00:00,129.047819,0.005415,0.275537,0.275537,0.0,0.0,0.194076,0.005415,0.286695,0.286695,0.0,0.0,0.238302,0.005414,1.960041,1.960041,0.0,0.0,0.246303
5386,28-Jun-09,24:00:00,123.734039,0.002266,0.259491,0.259491,0.0,0.0,0.181307,0.002266,0.269999,0.269999,0.0,0.0,0.225534,0.002265,1.845897,1.845897,0.0,0.0,0.233536
5387,29-Jun-09,24:00:00,117.94322,0.005272,0.24438,0.24438,0.0,0.0,0.168062,0.005272,0.254275,0.254275,0.0,0.0,0.21229,0.005271,1.738401,1.738401,0.0,0.0,0.220295
5388,30-Jun-09,24:00:00,117.170496,0.005039,0.230148,0.230148,0.0,0.0,0.150334,0.005039,0.239467,0.239467,0.0,0.0,0.194562,0.005038,1.637164,1.637164,0.0,0.0,0.20257
5389,01-Jul-09,24:00:00,119.236985,0.005062,0.216745,0.216745,0.0,0.0,0.133083,0.005061,0.225522,0.225522,0.0,0.0,0.177312,0.00506,1.541823,1.541823,0.0,0.0,0.185322
5390,02-Jul-09,24:00:00,121.186584,0.004948,0.204123,0.204123,0.0,0.0,0.11573,0.004948,0.212389,0.212389,0.0,0.0,0.15996,0.004948,1.452034,1.452034,0.0,0.0,0.167972
5391,03-Jul-09,24:00:00,120.020878,0.004669,0.192236,0.192236,0.0,0.0,0.099297,0.004668,0.20002,0.20002,0.0,0.0,0.143527,0.004668,1.367474,1.367474,0.0,0.0,0.151541
5392,04-Jul-09,24:00:00,117.490828,0.004064,0.181041,0.181041,0.0,0.0,0.084468,0.004064,0.188372,0.188372,0.0,0.0,0.128697,0.004064,1.287839,1.287839,0.0,0.0,0.136713
5393,05-Jul-09,24:00:00,118.401769,0.004418,0.170498,0.170498,0.0,0.0,0.069842,0.004417,0.177402,0.177402,0.0,0.0,0.114071,0.004417,1.212841,1.212841,0.0,0.0,0.122089
5394,06-Jul-09,24:00:00,121.594085,0.005012,0.160569,0.160569,0.0,0.0,0.053977,0.005011,0.167071,0.167071,0.0,0.0,0.098206,0.005011,1.14221,1.14221,0.0,0.0,0.106225
5395,07-Jul-09,24:00:00,123.24975,0.004991,0.151218,0.151218,0.0,0.0,0.036286,0.004991,0.157341,0.157341,0.0,0.0,0.080516,0.00499,1.075693,1.075693,0.0,0.0,0.088538
5396,08-Jul-09,24:00:00,122.901421,0.004406,0.142412,0.142412,0.0,0.0,0.020298,0.004405,0.148179,0.148179,0.0,0.0,0.064529,0.004405,1.01305,1.01305,0.0,0.0,0.072553
5397,09-Jul-09,24:00:00,121.455054,0.004885,0.134118,0.134118,0.0,0.0,0.005895,0.004885,0.139549,0.139549,0.0,0.0,0.048754,0.004885,0.954054,0.954054,0.0,0.0,0.05678
5398,10-Jul-09,24:00:00,119.439564,0.004762,0.126308,0.126308,0.0,0.0,0.0,0.004762,0.131423,0.131423,0.0,0.0,0.032152,0.004761,0.898494,0.898494,0.0,0.0,0.040179
5399,11-Jul-09,24:00:00,118.669121,0.00487,0.118952,0.118952,0.0,0.0,0.0,0.00487,0.123769,0.123769,0.0,0.0,0.015686,0.00487,0.84617,0.84617,0.0,0.0,0.023716
5400,12-Jul-09,24:00:00,120.303448,0.004937,0.112025,0.112025,0.0,0.0,0.0,0.004936,0.116561,0.116561,0.0,0.0,0.002738,0.004936,0.796893,0.796893,0.0,0.0,0.007535
5401,13-Jul-09,24:00:00,118.804151,0.005137,0.105501,0.105501,0.0,0.0,0.0,0.005136,0.109773,0.109773,0.0,0.0,0.0,0.005136,0.750486,0.750486,0.0,0.0,0.0
5402,14-Jul-09,24:00:00,112.719733,0.005396,0.099357,0.099357,0.0,0.0,0.0,0.005396,0.103381,0.103381,0.0,0.0,0.0,0.005395,0.706781,0.706781,0.0,0.0,0.0
5403,15-Jul-09,24:00:00,109.231272,0.005081,0.093571,0.093571,0.0,0.0,0.0,0.005081,0.09736,0.09736,0.0,0.0,0.0,0.005081,0.665621,0.665621,0.0,0.0,0.0
5404,16-Jul-09,24:00:00,107.121794,0.005112,0.088122,0.088122,0.0,0.0,0.0,0.005112,0.09169,0.09169,0.0,0.0,0.0,0.005111,0.626858,0.626858,0.0,0.0,0.0
5405,17-Jul-09,24:00:00,104.138618,0.00591,0.08299,0.08299,0.0,0.0,0.0,0.00591,0.086351,0.086351,0.0,0.0,0.0,0.005909,0.590353,0.590353,0.0,0.0,0.0
5406,18-Jul-09,24:00:00,103.290291,0.005248,0.078157,0.078157,0.0,0.0,0.0,0.005248,0.081322,0.081322,0.0,0.0,0.0,0.005247,0.555973,0.555973,0.0,0.0,0.0
5407,19-Jul-09,24:00:00,105.805338,0.005552,0.073606,0.073606,0.0,0.0,0.0,0.005551,0.076586,0.076586,0.0,0.0,0.0,0.005551,0.523596,0.523596,0.0,0.0,0.0
5408,20-Jul-09,24:00:00,117.879538,0.005291,0.069319,0.069319,0.0,0.0,0.0,0.005291,0.072126,0.072126,0.0,0.0,0.0,0.00529,0.493104,0.493104,0.0,0.0,0.0
5409,21-Jul-09,24:00:00,134.146545,0.004942,0.065282,0.065282,0.0,0.0,0.0,0.004942,0.067926,0.067926,0.0,0.0,0.0,0.004942,0.464388,0.464388,0.0,0.0,0.0
5410,22-Jul-09,24:00:00,140.911292,0.005068,0.061481,0.061481,0.0,0.0,0.0,0.005068,0.06397,0.06397,0.0,0.0,0.0,0.005067,0.437344,0.437344,0.0,0.0,0.0
5411,23-Jul-09,24:00:00,141.942362,0.004863,0.0579,0.0579,0.0,0.0,0.0,0.004863,0.060245,0.060245,0.0,0.0,0.0,0.004862,0.411875,0.411875,0.0,0.0,0.0
5412,24-Jul-09,24:00:00,140.730004,0.004848,0.054528,0.054528,0.0,0.0,0.0,0.004848,0.056736,0.056736,0.0,0.0,0.0,0.004847,0.387889,0.387889,0.0,0.0,0.0
5413,25-Jul-09,24:00:00,135.676782,0.005313,0.051353,0.051353,0.0,0.0,0.0,0.005313,0.053432,0.053432,0.0,0.0,0.0,0.005312,0.3653,0.3653,0.0,0.0,0.0
5414,26-Jul-09,24:00:00,130.5554,0.005387,0.048362,0.048362,0.0,0.0,0.0,0.005386,0.050321,0.050321,0.0,0.0,0.0,0.005386,0.344027,0.344027,0.0,0.0,0.0
5415,27-Jul-09,24:00:00,127.75116,0.005005,0.045546,0.045546,0.0,0.0,0.0,0.005005,0.04739,0.04739,0.0,0.0,0.0,0.005005,0.323992,0.323992,0.0,0.0,0.0
5416,28-Jul-09,24:00:00,128.251575,0.004723,0.042894,0.042894,0.0,0.0,0.0,0.004723,0.044631,0.044631,0.0,0.0,0.0,0.004723,0.305125,0.305125,0.0,0.0,0.0
5417,29-Jul-09,24:00:00,132.759683,0.004694,0.040396,0.040396,0.0,0.0,0.0,0.004694,0.042032,0.042032,0.0,0.0,0.0,0.004695,0.287355,0.287355,0.0,0.0,0.0
5418,30-Jul-09,24:00:00,134.290687,0.004624,0.038043,0.038043,0.0,0.0,0.0,0.004624,0.039584,0.039584,0.0,0.0,0.0,0.004624,0.270621,0.270621,0.0,0.0,0.0
5419,31-Jul-09,24:00:00,132.106768,0.00477,0.035828,0.035828,0.0,0.0,0.0,0.00477,0.037279,0.037279,0.0,0.0,0.0,0.00477,0.254861,0.254861,0.0,0.0,0.0
5420,01-Aug-09,24:00:00,130.088119,0.004211,0.033741,0.033741,0.0,0.0,0.0,0.004211,0.035108,0.035108,0.0,0.0,0.0,0.004211,0.240019,0.240019,0.0,0.0,0.0
5421,02-Aug-09,24:00:00,128.035499,0.003781,0.031776,0.031776,0.0,0.0,0.0,0.003782,0.033063,0.033063,0.0,0.0,0.0,0.003782,0.226042,0.226042,0.0,0.0,0.0
5422,03-Aug-09,24:00:00,128.209842,0.003917,0.029926,0.029926,0.0,0.0,0.0,0.003917,0.031138,0.031138,0.0,0.0,0.0,0.003917,0.212878,0.212878,0.0,0.0,0.0
5423,04-Aug-09,24:00:00,129.59145,0.004187,0.028183,0.028183,0.0,0.0,0.0,0.004187,0.029324,0.029324,0.0,0.0,0.0,0.004187,0.200481,0.200481,0.0,0.0,0.0
5424,05-Aug-09,24:00:00,128.461966,0.001931,0.026542,0.026542,0.0,0.0,0.0,0.00193,0.027617,0.027617,0.0,0.0,0.0,0.00193,0.188806,0.188806,0.0,0.0,0.0
5425,06-Aug-09,24:00:00,126.019684,0.003999,0.024996,0.024996,0.0,0.0,0.0,0.003998,0.026008,0.026008,0.0,0.0,0.0,0.003998,0.177811,0.177811,0.0,0.0,0.0
5426,07-Aug-09,24:00:00,124.85649,0.004363,0.023541,0.023541,0.0,0.0,0.0,0.004363,0.024494,0.024494,0.0,0.0,0.0,0.004363,0.167456,0.167456,0.0,0.0,0.0
5427,08-Aug-09,24:00:00,124.267305,0.00471,0.02217,0.02217,0.0,0.0,0.0,0.00471,0.023067,0.023067,0.0,0.0,0.0,0.004711,0.157704,0.157704,0.0,0.0,0.0
5428,09-Aug-09,24:00:00,123.768035,0.004808,0.020879,0.020879,0.0,0.0,0.0,0.004808,0.021724,0.021724,0.0,0.0,0.0,0.004808,0.14852,0.14852,0.0,0.0,0.0
5429,10-Aug-09,24:00:00,119.784846,0.005016,0.019663,0.019663,0.0,0.0,0.0,0.005016,0.020459,0.020459,0.0,0.0,0.0,0.005016,0.139871,0.139871,0.0,0.0,0.0
5430,11-Aug-09,24:00:00,114.320067,0.005148,0.018518,0.018518,0.0,0.0,0.0,0.005148,0.019267,0.019267,0.0,0.0,0.0,0.005148,0.131725,0.131725,0.0,0.0,0.0
5431,12-Aug-09,24:00:00,112.784514,0.005038,0.017439,0.017439,0.0,0.0,0.0,0.005038,0.018145,0.018145,0.0,0.0,0.0,0.005038,0.124054,0.124054,0.0,0.0,0.0
5432,13-Aug-09,24:00:00,113.110011,0.004427,0.016424,0.016424,0.0,0.0,0.0,0.004427,0.017089,0.017089,0.0,0.0,0.0,0.004427,0.11683,0.11683,0.0,0.0,0.0
5433,14-Aug-09,24:00:00,113.143326,0.004164,0.015467,0.015467,0.0,0.0,0.0,0.004164,0.016094,0.016094,0.0,0.0,0.0,0.004164,0.110026,0.110026,0.0,0.0,0.0
5434,15-Aug-09,24:00:00,112.705292,0.004559,0.014566,0.014566,0.0,0.0,0.0,0.004559,0.015156,0.015156,0.0,0.0,0.0,0.004559,0.103619,0.103619,0.0,0.0,0.0
5435,16-Aug-09,24:00:00,112.616063,0.004514,0.013718,0.013718,0.0,0.0,0.0,0.004514,0.014274,0.014274,0.0,0.0,0.0,0.004514,0.097585,0.097585,0.0,0.0,0.0
5436,17-Aug-09,24:00:00,112.20611,0.004379,0.012919,0.012919,0.0,0.0,0.0,0.004379,0.013443,0.013443,0.0,0.0,0.0,0.004378,0.091902,0.091902,0.0,0.0,0.0
5437,18-Aug-09,24:00:00,110.789539,0.004504,0.012167,0.012167,0.0,0.0,0.0,0.004504,0.01266,0.01266,0.0,0.0,0.0,0.004503,0.08655,0.08655,0.0,0.0,0.0
5438,19-Aug-09,24:00:00,109.304741,0.004074,0.011458,0.011458,0.0,0.0,0.0,0.004073,0.011922,0.011922,0.0,0.0,0.0,0.004072,0.081509,0.081509,0.0,0.0,0.0
5439,20-Aug-09,24:00:00,108.214543,0.004644,0.010791,0.010791,0.0,0.0,0.0,0.004643,0.011228,0.011228,0.0,0.0,0.0,0.004642,0.076763,0.076763,0.0,0.0,0.0
5440,21-Aug-09,24:00:00,108.101878,0.004529,0.010163,0.010163,0.0,0.0,0.0,0.004528,0.010574,0.010574,0.0,0.0,0.0,0.004527,0.072292,0.072292,0.0,0.0,0.0
5441,22-Aug-09,24:00:00,108.090515,0.003611,0.009571,0.009571,0.0,0.0,0.0,0.00361,0.009958,0.009958,0.0,0.0,0.0,0.003609,0.068082,0.068082,0.0,0.0,0.0
5442,23-Aug-09,24:00:00,107.653062,0.003988,0.009014,0.009014,0.0,0.0,0.0,0.003988,0.009378,0.009378,0.0,0.0,0.0,0.003987,0.064118,0.064118,0.0,0.0,0.0
5443,24-Aug-09,24:00:00,107.998695,0.004081,0.008489,0.008489,0.0,0.0,0.0,0.004081,0.008832,0.008832,0.0,0.0,0.0,0.00408,0.060384,0.060384,0.0,0.0,0.0
5444,25-Aug-09,24:00:00,114.583902,0.004369,0.007994,0.007994,0.0,0.0,0.0,0.004368,0.008318,0.008318,0.0,0.0,0.0,0.004367,0.056867,0.056867,0.0,0.0,0.0
5445,26-Aug-09,24:00:00,123.080688,0.00401,0.007529,0.007529,0.0,0.0,0.0,0.004009,0.007834,0.007834,0.0,0.0,0.0,0.004008,0.053556,0.053556,0.0,0.0,0.0
5446,27-Aug-09,24:00:00,130.560284,0.00454,0.00709,0.00709,0.0,0.0,0.0,0.004539,0.007377,0.007377,0.0,0.0,0.0,0.004537,0.050437,0.050437,0.0,0.0,0.0
5447,28-Aug-09,24:00:00,141.197981,0.004784,0.006677,0.006677,0.0,0.0,0.0,0.004783,0.006948,0.006948,0.0,0.0,0.0,0.004782,0.0475,0.0475,0.0,0.0,0.0
5448,29-Aug-09,24:00:00,147.423486,0.004047,0.006289,0.006289,0.0,0.0,0.0,0.004047,0.006543,0.006543,0.0,0.0,0.0,0.004046,0.044733,0.044733,0.0,0.0,0.0
5449,30-Aug-09,24:00:00,148.021822,0.003613,0.005922,0.005922,0.0,0.0,0.0,0.003613,0.006162,0.006162,0.0,0.0,0.0,0.003612,0.042128,0.042128,0.0,0.0,0.0
5450,31-Aug-09,24:00:00,148.482984,0.003749,0.005578,0.005578,0.0,0.0,0.0,0.003748,0.005803,0.005803,0.0,0.0,0.0,0.003747,0.039675,0.039675,0.0,0.0,0.0
5451,01-Sep-09,24:00:00,148.562737,0.003955,0.005253,0.005253,0.0,0.0,0.0,0.003954,0.005465,0.005465,0.0,0.0,0.0,0.003953,0.037364,0.037364,0.0,0.0,0.0
5452,02-Sep-09,24:00:00,148.098471,0.004227,0.004947,0.004947,0.0,0.0,0.0,0.004227,0.005147,0.005147,0.0,0.0,0.0,0.004225,0.035188,0.035188,0.0,0.0,0.0
5453,03-Sep-09,24:00:00,149.34255,0.00399,0.004659,0.004659,0.0,0.0,0.0,0.003989,0.004847,0.004847,0.0,0.0,0.0,0.003988,0.033139,0.033139,0.0,0.0,0.0
5454,04-Sep-09,24:00:00,150.877128,0.00246,0.004387,0.004387,0.0,0.0,0.0,0.002459,0.004565,0.004565,0.0,0.0,0.0,0.002458,0.031209,0.031209,0.0,0.0,0.0
5455,05-Sep-09,24:00:00,151.462029,0.003616,0.004132,0.004132,0.0,0.0,0.0,0.003616,0.004299,0.004299,0.0,0.0,0.0,0.003615,0.029392,0.029392,0.0,0.0,0.0
5456,06-Sep-09,24:00:00,152.845367,0.003897,0.003891,0.003891,0.0,0.0,0.0,0.003896,0.004049,0.004049,0.0,0.0,0.0,0.003895,0.02768,0.02768,0.0,0.0,0.0
5457,07-Sep-09,24:00:00,153.058132,0.003689,0.003665,0.003665,0.0,0.0,0.0,0.003688,0.003813,0.003813,0.0,0.0,0.0,0.003686,0.026068,0.026068,0.0,0.0,0.0
5458,08-Sep-09,24:00:00,152.568006,0.003552,0.003451,0.003451,0.0,0.0,0.0,0.003551,0.003591,0.003591,0.0,0.0,0.0,0.003551,0.02455,0.02455,0.0,0.0,0.0
5459,09-Sep-09,24:00:00,153.845364,0.003625,0.00325,0.00325,0.0,0.0,0.0,0.003625,0.003382,0.003382,0.0,0.0,0.0,0.003625,0.02312,0.02312,0.0,0.0,0.0
5460,10-Sep-09,24:00:00,154.916583,0.003968,0.003061,0.003061,0.0,0.0,0.0,0.003968,0.003185,0.003185,0.0,0.0,0.0,0.003968,0.021774,0.021774,0.0,0.0,0.0
5461,11-Sep-09,24:00:00,156.316948,0.003765,0.002883,0.002883,0.0,0.0,0.0,0.003765,0.002999,0.002999,0.0,0.0,0.0,0.003765,0.020506,0.020506,0.0,0.0,0.0
5462,12-Sep-09,24:00:00,157.860956,0.002114,0.002715,0.002715,0.0,0.0,0.0,0.002113,0.002825,0.002825,0.0,0.0,0.0,0.002113,0.019312,0.019312,0.0,0.0,0.0
5463,13-Sep-09,24:00:00,153.263947,0.002506,0.002557,0.002557,0.0,0.0,0.0,0.002506,0.00266,0.00266,0.0,0.0,0.0,0.002505,0.018187,0.018187,0.0,0.0,0.0
5464,14-Sep-09,24:00:00,139.850157,0.003465,0.002408,0.002408,0.0,0.0,0.0,0.003465,0.002505,0.002505,0.0,0.0,0.0,0.003465,0.017128,0.017128,0.0,0.0,0.0
5465,15-Sep-09,24:00:00,125.288803,0.003629,0.002268,0.002268,0.0,0.0,0.0,0.003629,0.00236,0.00236,0.0,0.0,0.0,0.003629,0.016131,0.016131,0.0,0.0,0.0
5466,16-Sep-09,24:00:00,131.203601,0.003477,0.002136,0.002136,0.0,0.0,0.0,0.003477,0.002222,0.002222,0.0,0.0,0.0,0.003477,0.015191,0.015191,0.0,0.0,0.0
5467,17-Sep-09,24:00:00,146.760877,0.003478,0.002011,0.002011,0.0,0.0,0.0,0.003478,0.002093,0.002093,0.0,0.0,0.0,0.003478,0.014307,0.014307,0.0,0.0,0.0
5468,18-Sep-09,24:00:00,142.85839,0.003692,0.001894,0.001894,0.0,0.0,0.0,0.003692,0.001971,0.001971,0.0,0.0,0.0,0.003692,0.013473,0.013473,0.0,0.0,0.0
5469,19-Sep-09,24:00:00,134.880751,0.003391,0.001784,0.001784,0.0,0.0,0.0,0.003391,0.001856,0.001856,0.0,0.0,0.0,0.003391,0.012689,0.012689,0.0,0.0,0.0
5470,20-Sep-09,24:00:00,134.062575,0.003212,0.00168,0.00168,0.0,0.0,0.0,0.003212,0.001748,0.001748,0.0,0.0,0.0,0.003212,0.01195,0.01195,0.0,0.0,0.0
5471,21-Sep-09,24:00:00,135.312843,0.003182,0.001582,0.001582,0.0,0.0,0.0,0.003182,0.001646,0.001646,0.0,0.0,0.0,0.003182,0.011254,0.011254,0.0,0.0,0.0
5472,22-Sep-09,24:00:00,136.417835,0.003469,0.00149,0.00149,0.0,0.0,0.0,0.003469,0.00155,0.00155,0.0,0.0,0.0,0.003469,0.010599,0.010599,0.0,0.0,0.0
5473,23-Sep-09,24:00:00,140.3785,0.003267,0.001403,0.001403,0.0,0.0,0.0,0.003267,0.00146,0.00146,0.0,0.0,0.0,0.003267,0.009981,0.009981,0.0,0.0,0.0
5474,24-Sep-09,24:00:00,150.650338,0.003236,0.001321,0.001321,0.0,0.0,0.0,0.003236,0.001375,0.001375,0.0,0.0,0.0,0.003236,0.0094,0.0094,0.0,0.0,0.0
5475,25-Sep-09,24:00:00,156.892887,0.003296,0.001244,0.001244,0.0,0.0,0.0,0.003296,0.001295,0.001295,0.0,0.0,0.0,0.003295,0.008853,0.008853,0.0,0.0,0.0
5476,26-Sep-09,24:00:00,156.597096,0.003638,0.001172,0.001172,0.0,0.0,0.0,0.003638,0.00122,0.00122,0.0,0.0,0.0,0.003638,0.008337,0.008337,0.0,0.0,0.0
5477,27-Sep-09,24:00:00,156.066487,0.003239,0.001104,0.001104,0.0,0.0,0.0,0.003239,0.001148,0.001148,0.0,0.0,0.0,0.003239,0.007852,0.007852,0.0,0.0,0.0
5478,28-Sep-09,24:00:00,154.285084,0.00299,0.001039,0.001039,0.0,0.0,0.0,0.002989,0.001082,0.001082,0.0,0.0,0.0,0.002989,0.007394,0.007394,0.0,0.0,0.0
5479,29-Sep-09,24:00:00,153.092392,0.002584,0.000979,0.000979,0.0,0.0,0.0,0.002584,0.001019,0.001019,0.0,0.0,0.0,0.002584,0.006964,0.006964,0.0,0.0,0.0
5480,30-Sep-09,24:00:00,153.739585,0.0,0.000949,0.000949,0.0,0.0,0.0,0.0,0.000987,0.000987,0.0,0.0,0.0,0.0,0.006748,0.006748,0.0,0.0,0.0
