Col number,,,1,2,3,4,5,6,7,8,9,10,11,12,13,14,15,16,17,18,19
   Ordinate,Date,Time,Hopland Gage FLOW,Russian 60 ET-POTENTIAL,Russian 60 FLOW,Russian 60 FLOW-BASE,Russian 60 INFILTRATION,Russian 60 PERC-SOIL,Russian 60 SATURATION FRACTION,Russian 70 ET-POTENTIAL,Russian 70 FLOW,Russian 70 FLOW-BASE,Russian 70 INFILTRATION,Russian 70 PERC-SOIL,Russian 70 SATURATION FRACTION,WF Russian ET-POTENTIAL,WF Russian FLOW,WF Russian FLOW-BASE,WF Russian INFILTRATION,WF Russian PERC-SOIL,WF Russian SATURATION FRACTION
Units, ,,CFS,IN,CFS,CFS,IN,IN,IN/IN,IN,CFS,CFS,IN,IN,IN/IN,IN,CFS,CFS,IN,IN,IN/IN
Type, ,,PER-AVER,PER-CUM,PER-AVER,PER-AVER,PER-CUM,PER-CUM,PER-AVER,PER-CUM,PER-AVER,PER-AVER,PER-CUM,PER-CUM,PER-AVER,PER-CUM,PER-AVER,PER-AVER,PER-CUM,PER-CUM,PER-AVER
1,1-Oct-94,24:00:00,153,0.042553,0,0,0,0,0,0.04253,0,0,0,0,0,0.04249,0,0,0,0,0
2,2-Oct-94,24:00:00,153,0.07121,0,0,0,0,0,0.071192,0,0,0,0,0,0.071186,0,0,0,0,0
3,3-Oct-94,24:00:00,153,0.062642,0,0,0,0,0,0.062619,0,0,0,0,0,0.062601,0,0,0,0,0
4,4-Oct-94,24:00:00,147.170299,0.016779,0.271435,0,0.108304,0,0.005993,0.01677,0.583148,0,0.014952,0,0.000756,0.016759,0,0,0,0,0
5,5-Oct-94,24:00:00,133.834602,0.034353,0.337323,0,0,0,0.015472,0.03434,0.674703,0,0,0,0.002136,0.034317,0,0,0,0,0
6,6-Oct-94,24:00:00,122.214307,0.055455,0.021995,0,0,0,0.015472,0.055441,0.029484,0,0,0,0.002136,0.055418,0,0,0,0,0
7,7-Oct-94,24:00:00,119.258855,0.059022,0,0,0,0,0.01213,0.059002,0,0,0,0,0.000943,0.05897,0,0,0,0,0
8,8-Oct-94,24:00:00,119.013385,0.054722,0,0,0,0,0.004416,0.054702,0,0,0,0,0,0.054669,0,0,0,0,0
9,9-Oct-94,24:00:00,119.000596,0.052259,0,0,0,0,0.000182,0.052237,0,0,0,0,0,0.0522,0,0,0,0,0
10,10-Oct-94,24:00:00,127.092712,0.05329,0,0,0,0,0,0.053278,0,0,0,0,0,0.053259,0,0,0,0,0
11,11-Oct-94,24:00:00,145.958682,0.047133,0,0,0,0,0,0.047104,0,0,0,0,0,0.047055,0,0,0,0,0
12,12-Oct-94,24:00:00,147.91931,0.056322,0,0,0,0,0,0.056295,0,0,0,0,0,0.056249,0,0,0,0,0
13,13-Oct-94,24:00:00,127.285888,0.057615,0,0,0,0,0,0.05759,0,0,0,0,0,0.05755,0,0,0,0,0
14,14-Oct-94,24:00:00,114.301485,0.052379,0,0,0,0,0,0.052349,0,0,0,0,0,0.052298,0,0,0,0,0
15,15-Oct-94,24:00:00,113.069385,0.057942,0,0,0,0,0,0.057911,0,0,0,0,0,0.057861,0,0,0,0,0
16,16-Oct-94,24:00:00,113.003131,0.050179,0,0,0,0,0,0.050173,0,0,0,0,0,0.050162,0,0,0,0,0
17,17-Oct-94,24:00:00,113.00013,0.034394,0,0,0,0,0,0.034386,0,0,0,0,0,0.034371,0,0,0,0,0
18,18-Oct-94,24:00:00,113.000005,0.051241,0,0,0,0,0,0.051241,0,0,0,0,0,0.051241,0,0,0,0,0
19,19-Oct-94,24:00:00,113,0.049121,0,0,0,0,0,0.049121,0,0,0,0,0,0.049121,0,0,0,0,0
20,20-Oct-94,24:00:00,116.59675,0.043699,0,0,0,0,0,0.043698,0,0,0,0,0,0.043697,0,0,0,0,0
21,21-Oct-94,24:00:00,125.531139,0.045401,0,0,0,0,0,0.045401,0,0,0,0,0,0.045401,0,0,0,0,0
22,22-Oct-94,24:00:00,133.655935,0.04256,0,0,0,0,0,0.042559,0,0,0,0,0,0.042559,0,0,0,0,0
23,23-Oct-94,24:00:00,136.709411,0.050557,0,0,0,0,0,0.050541,0,0,0,0,0,0.050514,0,0,0,0,0
24,24-Oct-94,24:00:00,132.488733,0.04103,0,0,0,0,0,0.041003,0,0,0,0,0,0.040958,0,0,0,0,0
25,25-Oct-94,24:00:00,123.920551,0.026342,0,0,0,0,0,0.026318,0,0,0,0,0,0.026279,0,0,0,0,0
26,26-Oct-94,24:00:00,122.139732,0.027441,0,0,0,0,0,0.027421,0,0,0,0,0,0.027389,0,0,0,0,0
27,27-Oct-94,24:00:00,127.410271,0.028218,0,0,0,0,0,0.028194,0,0,0,0,0,0.028155,0,0,0,0,0
28,28-Oct-94,24:00:00,130.673582,0.037537,0,0,0,0,0,0.037516,0,0,0,0,0,0.037482,0,0,0,0,0
29,29-Oct-94,24:00:00,130.982605,0.039295,0,0,0,0,0,0.039276,0,0,0,0,0,0.039246,0,0,0,0,0
30,30-Oct-94,24:00:00,131.448809,0.038449,0,0,0,0,0,0.038423,0,0,0,0,0,0.03838,0,0,0,0,0
31,31-Oct-94,24:00:00,126.553044,0.030066,0,0,0,0,0,0.030037,0,0,0,0,0,0.029991,0,0,0,0,0
32,1-Nov-94,24:00:00,117.471649,0.021686,0,0,0,0,0,0.021675,0,0,0,0,0,0.021656,0,0,0,0,0
33,2-Nov-94,24:00:00,113.395834,0.038723,0,0,0,0,0,0.038697,0,0,0,0,0,0.038656,0,0,0,0,0
34,3-Nov-94,24:00:00,113.02097,0.032618,0,0,0,0,0,0.032596,0,0,0,0,0,0.032561,0,0,0,0,0
35,4-Nov-94,24:00:00,114.789809,0.015906,0.181363,0,0.597829,0,0.009689,0.015898,7.528745,0,0.858499,0,0.017021,0.015888,14.703797,0,1.162646,0,0.024676
36,5-Nov-94,24:00:00,256.977652,0.010498,6.515524,0,0.904324,0,0.172511,0.010491,102.614207,0,0.608856,0,0.187352,0.010479,56.274038,0,0.426563,0,0.213142
37,6-Nov-94,24:00:00,144.739595,0.011107,2.622044,0,0.136745,0,0.232608,0.011096,23.842332,0,0.105017,0,0.223441,0.01108,3.615271,0,0.021847,0,0.229956
38,7-Nov-94,24:00:00,88.500144,0.027503,0.221157,0,0,0,0.234128,0.027477,1.390283,0,0,0,0.224625,0.027436,0,0,0,0,0.230151
39,8-Nov-94,24:00:00,83.161724,0.027591,0.004679,0,0,0,0.234128,0.027555,0.005804,0,0,0,0.224625,0.027505,0,0,0,0,0.230151
40,9-Nov-94,24:00:00,213.006572,0.009175,7.32004,0,1.686204,0,0.402707,0.009161,114.6635,0,1.665045,0,0.391934,0.009139,78.413123,0,1.719183,0,0.40309
41,10-Nov-94,24:00:00,173.805434,0.021677,2.372174,0,0,0,0.475015,0.021653,27.879574,0,0,0,0.462488,0.021615,1.186394,0,0,0,0.475748
42,11-Nov-94,24:00:00,83.91492,0.013989,0.128055,0,0,0,0.475015,0.01397,0.817497,0,0,0,0.462488,0.013943,0,0,0,0,0.475748
43,12-Nov-94,24:00:00,75.383569,0.031127,0,0,0,0,0.475015,0.031104,0,0,0,0,0.462488,0.031068,0,0,0,0,0.475748
44,13-Nov-94,24:00:00,75.015026,0.026389,0,0,0,0,0.475015,0.026361,0,0,0,0,0.462488,0.026319,0,0,0,0,0.475748
45,14-Nov-94,24:00:00,76.798946,0.030919,0,0,0,0,0.473633,0.030892,0,0,0,0,0.461116,0.030852,0,0,0,0,0.474425
46,15-Nov-94,24:00:00,114.112926,0.01702,2.022669,0,0.48099,0,0.516183,0.017,33.900767,0,0.500829,0,0.506415,0.016969,23.331556,0,0.509269,0,0.521786
47,16-Nov-94,24:00:00,115.329522,0.023641,0.737506,0,0,0,0.53983,0.023615,8.969457,0,0.065691,0,0.530451,0.023574,0.377403,0,0.13028,0,0.545441
48,17-Nov-94,24:00:00,98.50764,0.029362,0.041058,0,0,0,0.53983,0.029329,9.118136,0,0.045692,0,0.545823,0.02928,10.044848,0,0.089462,0,0.575416
49,18-Nov-94,24:00:00,85.14631,0.028978,0,0,0,0,0.53983,0.028956,0.722661,0,0,0,0.546095,0.028918,0,0,0,0,0.576131
50,19-Nov-94,24:00:00,80.331754,0.019816,0,0,0,0,0.53983,0.019785,0.000583,0,0,0,0.546095,0.019739,0,0,0,0,0.576131
51,20-Nov-94,24:00:00,80.013972,0.004116,0,0,0,0,0.53983,0.004112,0,0,0,0,0.546095,0.004105,0,0,0,0,0.576131
52,21-Nov-94,24:00:00,80.000557,0.017174,0,0,0,0,0.539404,0.017156,0,0,0,0,0.546095,0.017128,0,0,0,0,0.576131
53,22-Nov-94,24:00:00,80.000021,0.021769,0,0,0,0,0.537243,0.021743,0,0,0,0,0.544686,0.021704,0,0,0,0,0.574774
54,23-Nov-94,24:00:00,80.000001,0.016016,0,0,0,0,0.534528,0.015992,0,0,0,0,0.542052,0.015955,0,0,0,0,0.572179
55,24-Nov-94,24:00:00,81.699925,0.01255,0.150438,0,0.630201,0,0.541858,0.012537,4.881565,0,0.692061,0,0.552337,0.012517,12.214458,0,0.859367,0,0.590156
56,25-Nov-94,24:00:00,201.374045,0.011735,5.578986,0,0.665005,0,0.678947,0.01172,91.069048,0,0.704389,0,0.69723,0.011697,52.377143,0,0.607731,0,0.746513
57,26-Nov-94,24:00:00,149.473865,0.020854,1.756499,0,0.012248,0,0.71782,0.020832,27.12762,0,0.056973,0,0.744611,0.0208,7.70694,0,0.097425,0,0.788882
58,27-Nov-94,24:00:00,102.119572,0.002675,0.539898,0,0.109056,0,0.727531,0.002674,12.500672,0,0.165056,0,0.761282,0.002672,11.279186,0,0.24697,0,0.814787
59,28-Nov-94,24:00:00,95.335485,0.015011,0.211334,0,0,0,0.734238,0.014994,3.647166,0,0,0,0.77072,0.014966,0.295821,0,0,0,0.828984
60,29-Nov-94,24:00:00,61.174409,0.014938,0.012435,0,0,0,0.734238,0.014917,0.125174,0,0,0,0.77072,0.014885,0,0,0,0,0.828984
61,30-Nov-94,24:00:00,54.028687,0.020216,0,0,0,0,0.734238,0.02019,0,0,0,0,0.77072,0.020149,0,0,0,0,0.828984
62,1-Dec-94,24:00:00,69.311878,0.007472,0,0,0,0,0.734238,0.00746,0,0,0,0,0.77072,0.007442,0,0,0,0,0.828984
63,2-Dec-94,24:00:00,70.006475,0.009976,0,0,0,0,0.734238,0.009963,0,0,0,0,0.77072,0.009942,0,0,0,0,0.828984
64,3-Dec-94,24:00:00,266.845126,0.005821,6.502925,0,1.60316,0,0.880862,0.005814,102.112604,0,1.592309,0,0.914562,0.005804,397.825048,325.561463,1.617159,0.420046,0.946961
65,4-Dec-94,24:00:00,579.970822,0.017751,2.680296,0,0,0,0.963261,0.017733,33.829574,0,0,0,0.998192,0.017704,223.578773,220.966613,0,0,1
66,5-Dec-94,24:00:00,139.868271,0.008472,0.15341,0,0,0,0.963261,0.008462,1.155808,0,0,0,0.998192,0.00844,27.608766,27.608766,0,0,1
67,6-Dec-94,24:00:00,144.690236,0.009843,0,0,0,0,0.963261,0.009828,8.902417,6.966906,0.024735,0.012081,0.999887,0.0098,94.908386,92.42719,0.053589,0.053589,1
68,7-Dec-94,24:00:00,131.649323,0.018291,0,0,0,0,0.963261,0.018262,5.537914,5.344394,0,0,1,0.018217,28.781791,28.781791,0,0,1
69,8-Dec-94,24:00:00,99.521043,0.01418,0,0,0,0,0.963261,0.014146,1.368479,1.367847,0,0,1,0.014104,25.968424,25.968424,0,0,1
70,9-Dec-94,24:00:00,94.265899,0.014719,0,0,0,0,0.963261,0.014695,0.656827,0.656827,0,0,1,0.014655,24.454817,24.454817,0,0,1
71,10-Dec-94,24:00:00,92.441949,0.00585,0,0,0,0,0.963261,0.005842,0.55153,0.55153,0,0,1,0.005831,23.030677,23.030677,0,0,1
72,11-Dec-94,24:00:00,145.310855,0.005229,1.281243,0.800252,0.281212,0.024036,0.974698,0.005228,44.695441,31.511002,0.381752,0.381752,1,0.005225,283.55432,266.398869,0.462488,0.462488,1
73,12-Dec-94,24:00:00,1042.62,0.005618,48.431048,46.692569,0.182676,0.182676,1,0.005617,352.313527,321.789965,0.211401,0.211401,1,0.005615,573.492166,560.268373,0.209109,0.209109,1
74,13-Dec-94,24:00:00,749.224516,0.004743,112.424578,111.96584,0,0,1,0.004743,254.636833,247.520863,0,0,1,0.004743,137.443646,136.727426,0,0,1
75,14-Dec-94,24:00:00,996.882922,0.007036,174.312307,171.896892,0.651873,0.651873,1,0.007035,310.32551,268.145448,0.694949,0.694949,1,0.007033,838.83455,805.623682,0.74436,0.74436,1
76,15-Dec-94,24:00:00,1572.50,0.007975,379.316839,377.99224,0,0,1,0.007965,494.268801,477.002138,0,0,1,0.007948,288.769853,287.516267,0,0,1
77,16-Dec-94,24:00:00,605.726959,0.006538,143.425367,143.345521,0,0,1,0.006528,179.664325,176.280993,0.035428,0.035428,1,0.006512,188.657475,185.504773,0.068092,0.068092,1
78,17-Dec-94,24:00:00,344.069203,0.007598,53.470869,53.470869,0,0,1,0.007583,86.973423,86.673493,0,0,1,0.007559,101.153606,101.153606,0,0,1
79,18-Dec-94,24:00:00,343.093326,0.011586,38.331659,38.309325,0.004392,0.004392,1,0.011568,83.773245,81.067254,0.034554,0.034554,1,0.011539,177.432892,174.423992,0.064986,0.064986,1
80,19-Dec-94,24:00:00,283.658835,0.011883,34.301387,34.298251,0,0,1,0.01186,70.317967,70.047622,0,0,1,0.011826,93.95,93.95,0,0,1
81,20-Dec-94,24:00:00,235.257742,0.011037,30.906465,30.906358,0,0,1,0.01102,55.207772,55.20689,0,0,1,0.010989,86.967733,86.967733,0,0,1
82,21-Dec-94,24:00:00,226.248262,0.014105,28.794366,28.794366,0,0,1,0.014079,50.163006,50.163006,0,0,1,0.01404,81.901342,81.901342,0,0,1
83,22-Dec-94,24:00:00,216.422768,0.018266,27.072113,27.072113,0,0,1,0.018231,47.048251,47.048251,0,0,1,0.018177,77.131776,77.131776,0,0,1
84,23-Dec-94,24:00:00,205.082942,0.018962,25.49015,25.49015,0,0,1,0.018924,44.291768,44.291768,0,0,1,0.018866,72.639969,72.639969,0,0,1
85,24-Dec-94,24:00:00,948.342088,0.01676,178.862287,176.778142,0.433444,0.433444,1,0.016736,276.569885,243.429208,0.446314,0.446314,1,0.0167,698.757447,674.85272,0.517593,0.517593,1
86,25-Dec-94,24:00:00,916.935657,0.026552,232.056058,231.634756,0,0,1,0.026521,281.396118,276.208924,0,0,1,0.026477,143.545462,143.48521,0,0,1
87,26-Dec-94,24:00:00,363.477082,0.016603,87.440124,87.421239,0,0,1,0.016578,98.87692,98.77707,0,0,1,0.016539,93.44673,93.44673,0,0,1
88,27-Dec-94,24:00:00,279.069171,0.007768,56.936644,56.616591,0.348764,0.348764,1,0.007753,82.830168,76.459147,0.357223,0.357223,1,0.007731,180.243349,173.993369,0.359433,0.359433,1
89,28-Dec-94,24:00:00,1101.63,0.022089,239.014587,237.422858,0,0,1,0.022062,331.687146,308.44869,0,0,1,0.02202,467.676629,457.284587,0,0,1
90,29-Dec-94,24:00:00,532.777215,0.013174,144.410772,144.291646,0,0,1,0.013147,160.700587,159.553126,0,0,1,0.013112,103.555659,103.555659,0,0,1
91,30-Dec-94,24:00:00,304.14045,0.013256,65.468518,65.468266,0,0,1,0.013234,77.396629,77.396629,0,0,1,0.013199,95.5854,95.5854,0,0,1
92,31-Dec-94,24:00:00,260.890305,0.007986,47.375945,47.375945,0,0,1,0.007977,62.410907,62.410907,0,0,1,0.007963,95.556053,95.35898,0.004256,0.004256,1
93,1-Jan-95,24:00:00,273.465311,0.008317,58.043327,57.855856,0.038008,0.038008,1,0.008316,57.739058,57.739058,0,0,1,0.008314,85.134894,85.134894,0,0,1
94,2-Jan-95,24:00:00,282.366643,0.023168,57.223594,57.190768,0.027966,0.027966,1,0.023165,54.290691,54.290691,0,0,1,0.02316,80.103194,80.103194,0,0,1
95,3-Jan-95,24:00:00,449.111709,0.008139,121.538827,120.487492,0.19971,0.19971,1,0.008138,87.064157,81.063745,0.090811,0.090811,1,0.008136,240.463885,233.982767,0.141951,0.141951,1
96,4-Jan-95,24:00:00,638.994187,0.011472,233.668803,231.953278,0.38685,0.38685,1,0.011471,147.69624,138.111257,0.131445,0.131445,1,0.011468,137.736799,135.958852,0.038596,0.038596,1
97,5-Jan-95,24:00:00,1373.27,0.009543,381.0018,378.834458,0.312514,0.312514,1,0.009531,332.411001,301.633409,0.389404,0.389404,1,0.009513,899.052569,867.023169,0.708626,0.708626,1
98,6-Jan-95,24:00:00,1468.51,0.007957,353.915733,351.959366,0.755111,0.755111,1,0.007953,421.000511,389.123365,0.739301,0.739301,1,0.007948,710.136335,686.329667,0.80604,0.80604,1
99,7-Jan-95,24:00:00,6640.84,0.011527,1527.27,842.274682,1.397614,1.397614,1,0.011527,1954.01,1006.28,1.355799,1.355799,1,0.011527,3581.82,1947.13,1.460721,1.460721,1
100,8-Jan-95,24:00:00,16278.46,0.013009,4669.44,1330.65,1.68,1.68,1,0.013007,5858.19,1502.65,1.68,1.68,1,0.013004,9174.68,2158.81,1.68,1.68,1
101,9-Jan-95,24:00:00,23190.13,0.01373,5993.95,1649.25,1.559062,1.559062,1,0.013723,6771.92,1864.90,1.516443,1.516443,1,0.013712,7704.51,2438.26,1.590669,1.590669,1
102,10-Jan-95,24:00:00,7051.58,0.017306,2116.25,1507.22,0.507655,0.507655,1,0.017297,2209.85,1606.84,0.485272,0.485272,1,0.017283,1630.33,1523.46,0.589764,0.589764,1
103,11-Jan-95,24:00:00,3982.38,0.0124,1115.43,1089.48,0.733337,0.733337,1,0.012399,1237.55,1157.50,0.763653,0.763653,1,0.012396,1620.45,1580.36,0.808227,0.808227,1
104,12-Jan-95,24:00:00,3866.43,0.013161,1022.93,1018.86,0.863053,0.863053,1,0.01315,1165.40,1108.34,0.844788,0.844788,1,0.013134,1620.96,1557.68,1.04685,1.04685,1
105,13-Jan-95,24:00:00,10474.36,0.010793,2590.93,1195.24,1.68,1.68,1,0.010787,3539.74,1372.23,1.68,1.68,1,0.010778,6364.66,2286.25,1.68,1.68,1
106,14-Jan-95,24:00:00,10120.73,0.010755,2649.46,1652.95,0.902923,0.902923,1,0.010743,2894.70,1875.96,0.862771,0.862771,1,0.010727,2690.16,2225.50,0.867084,0.867084,1
107,15-Jan-95,24:00:00,3944.08,0.011129,1263.74,1199.78,0,0,1,0.011113,1325.42,1263.33,0.046845,0.046845,1,0.011089,964.104576,956.324275,0.071264,0.071264,1
108,16-Jan-95,24:00:00,2736.96,0.017325,605.579131,605.475184,0,0,1,0.017307,623.550417,622.328381,0,0,1,0.017279,606.905239,606.905239,0,0,1
109,17-Jan-95,24:00:00,3982.07,0.012698,417.186848,417.186655,0,0,1,0.01268,447.324368,447.323798,0,0,1,0.012648,569.34831,569.34831,0,0,1
110,18-Jan-95,24:00:00,4217.67,0.011418,368.000975,368.000975,0,0,1,0.011401,404.043379,404.043379,0,0,1,0.011374,536.189652,536.189652,0,0,1
111,19-Jan-95,24:00:00,5550.24,0.022552,343.425848,343.425848,0,0,1,0.022536,378.904832,378.904832,0,0,1,0.0225,504.96438,504.96438,0,0,1
112,20-Jan-95,24:00:00,6357.76,0.019053,323.650942,323.636449,0.005586,0.005586,1,0.019042,356.709961,356.709961,0,0,1,0.019026,475.557529,475.557529,0,0,1
113,21-Jan-95,24:00:00,4386.72,0.013946,310.558261,310.464677,0.177267,0.177267,1,0.013944,337.034926,336.75019,0.071403,0.071403,1,0.013941,447.8632,447.8632,0,0,0.999701
114,22-Jan-95,24:00:00,3487.86,0.008704,681.456011,646.480916,1.559662,1.559662,1,0.008704,774.781836,697.689673,1.377727,1.377727,1,0.008704,1345.50,1300.68,1.124338,1.119051,0.999921
115,23-Jan-95,24:00:00,4745.97,0.00774,1346.18,1305.60,0.979465,0.979465,1,0.007732,1443.58,1363.82,0.873538,0.873538,1,0.007719,1276.64,1254.93,0.594387,0.594387,1
116,24-Jan-95,24:00:00,4483.03,0.009039,1337.06,1329.10,0.495574,0.495574,1,0.009027,1352.66,1287.82,0.335407,0.335407,1,0.009008,1320.09,1292.75,0.312248,0.312248,1
117,25-Jan-95,24:00:00,3178.77,0.011006,933.844255,932.18499,0.213641,0.213641,1,0.010996,831.529201,815.042668,0.156918,0.156918,1,0.01098,569.316669,566.883505,0.052132,0.052132,1
118,26-Jan-95,24:00:00,3236.84,0.004429,666.368713,663.928276,0.611539,0.611539,1,0.004427,679.381858,641.84894,0.604603,0.604603,1,0.004424,1506.73,987.041413,0.639605,0.639605,1
119,27-Jan-95,24:00:00,4170.21,0.006781,824.972439,822.33457,0.304879,0.304879,1,0.006781,914.376994,880.277619,0.27104,0.27104,1,0.006781,1127.85,1083.47,0.340519,0.340519,1
120,28-Jan-95,24:00:00,3553.30,0.009187,718.410083,716.978633,0.157843,0.157843,1,0.009186,768.970137,747.695326,0.182819,0.182819,1,0.009185,951.543655,936.398014,0.311656,0.311656,1
121,29-Jan-95,24:00:00,2431.27,0.017331,492.903191,492.72793,0.028294,0.028294,1,0.017322,507.027221,504.786547,0.104893,0.104893,1,0.017305,486.749819,485.904394,0.228593,0.228593,1
122,30-Jan-95,24:00:00,3536.41,0.013106,607.786393,604.55777,0.647544,0.647544,1,0.012828,802.58489,745.301165,0.662149,0.662149,1,0.012804,2052.34,1773.78,0.936092,0.936092,1
123,31-Jan-95,24:00:00,3448.70,0.019821,647.401369,646.719906,0,0,1,0.019593,731.568649,722.877266,0.016867,0.016867,1,0.019564,631.439756,628.465238,0.084118,0.084118,1
124,1-Feb-95,24:00:00,3559.66,0.021849,404.499027,404.467752,0,0,1,0.021824,483.122928,475.029052,0.087492,0.087492,1,0.021785,771.630361,760.877385,0.184693,0.184693,1
125,2-Feb-95,24:00:00,2410.40,0.021173,323.216481,323.216481,0,0,1,0.021152,386.004888,385.16589,0,0,1,0.021119,514.459684,512.0544,0.055877,0.055877,1
126,3-Feb-95,24:00:00,1695.98,0.031966,295.351113,295.351113,0,0,0.999797,0.031931,325.407558,325.400347,0,0,1,0.031875,451.204987,450.937681,0,0,1
127,4-Feb-95,24:00:00,1396.13,0.025988,277.034439,277.034439,0,0,0.997757,0.025966,300.42525,300.42525,0,0,0.999977,0.025923,402.836017,402.836017,0,0,1
128,5-Feb-95,24:00:00,1217.55,0.011048,260.78011,260.78011,0,0,0.994941,0.011022,282.301126,282.301126,0,0,0.999165,0.010999,379.32293,379.32293,0,0,1
129,6-Feb-95,24:00:00,1131.16,0.016041,245.581357,245.581357,0,0,0.993074,0.016022,265.807544,265.807544,0,0,0.997301,0.015991,357.232826,357.232826,0,0,1
130,7-Feb-95,24:00:00,1080.15,0.026513,231.278663,231.278663,0,0,0.989946,0.02649,250.324034,250.324034,0,0,0.994177,0.026455,336.429195,336.429195,0,0,0.99918
131,8-Feb-95,24:00:00,1032.46,0.024875,217.809932,217.809932,0,0,0.986328,0.02485,235.746002,235.746002,0,0,0.990562,0.024812,316.837074,316.837074,0,0,0.996298
132,9-Feb-95,24:00:00,987.466443,0.034651,205.125654,205.125654,0,0,0.982114,0.03463,222.017198,222.017198,0,0,0.98635,0.034593,298.38591,298.38591,0,0,0.992092
133,10-Feb-95,24:00:00,958.83223,0.021853,193.180059,193.180059,0,0,0.978112,0.021829,209.087915,209.087915,0,0,0.982352,0.021791,281.009258,281.009258,0,0,0.988099
134,11-Feb-95,24:00:00,930.22647,0.013052,181.930122,181.930122,0,0,0.975533,0.01304,196.911577,196.911577,0,0,0.979776,0.01302,264.644545,264.644545,0,0,0.985527
135,12-Feb-95,24:00:00,878.676069,0.022611,171.335331,171.335331,0,0,0.973082,0.02259,185.444333,185.444333,0,0,0.977327,0.022555,249.232839,249.232839,0,0,0.983081
136,13-Feb-95,24:00:00,851.206001,0.011106,161.357533,161.357533,0,0,0.971285,0.011093,174.644891,174.644891,0,0,0.975532,0.011072,237.972381,234.718641,0.071388,0,0.987804
137,14-Feb-95,24:00:00,829.235989,0.03177,151.960797,151.960797,0,0,0.971277,0.031752,164.474359,164.474359,0,0,0.975524,0.031724,221.101279,221.049684,0,0,0.991522
138,15-Feb-95,24:00:00,760.497731,0.032005,143.111285,143.111285,0,0,0.971277,0.031985,154.896113,154.896113,0,0,0.974204,0.031952,208.176746,208.176746,0,0,0.991522
139,16-Feb-95,24:00:00,676.579937,0.024482,134.777128,134.777128,0,0,0.971259,0.024463,145.875661,145.875661,0,0,0.970835,0.024433,196.05347,196.05347,0,0,0.991522
140,17-Feb-95,24:00:00,619.168386,0.01477,126.928316,126.928316,0,0,0.970112,0.014761,137.38052,137.38052,0,0,0.967912,0.014747,184.636199,184.636199,0,0,0.990607
141,18-Feb-95,24:00:00,560.685783,0.035632,119.536582,119.536582,0,0,0.966646,0.035615,129.380097,129.380097,0,0,0.964448,0.035588,173.883819,173.883819,0,0,0.98725
142,19-Feb-95,24:00:00,519.774353,0.040232,112.57531,112.57531,0,0,0.961211,0.040211,121.845583,121.845583,0,0,0.959015,0.040176,163.757608,163.757608,0,0,0.981822
143,20-Feb-95,24:00:00,495.057071,0.043048,106.019431,106.019431,0,0,0.955252,0.043024,114.749845,114.749845,0,0,0.95306,0.042986,154.221103,154.221103,0,0,0.975872
144,21-Feb-95,24:00:00,471.323059,0.045625,99.845337,99.845337,0,0,0.948984,0.045604,108.067331,108.067331,0,0,0.946795,0.045569,145.23996,145.23996,0,0,0.969612
145,22-Feb-95,24:00:00,449.750321,0.042228,94.030794,94.030794,0,0,0.942665,0.042206,101.773976,101.773976,0,0,0.940479,0.04217,136.781839,136.781839,0,0,0.963301
146,23-Feb-95,24:00:00,430.128212,0.028491,88.554864,88.554864,0,0,0.937721,0.028474,95.847118,95.847118,0,0,0.935537,0.028447,128.816281,128.816281,0,0,0.958364
147,24-Feb-95,24:00:00,422.233985,0.039411,83.397828,83.397828,0,0,0.932772,0.039397,90.265414,90.265414,0,0,0.930591,0.039373,121.314601,121.314601,0,0,0.953422
148,25-Feb-95,24:00:00,429.203076,0.041019,78.541114,78.541114,0,0,0.927131,0.041008,85.008763,85.008763,0,0,0.924952,0.04099,114.249785,114.249785,0,0,0.947785
149,26-Feb-95,24:00:00,421.846483,0.029494,73.967233,73.967233,0,0,0.922068,0.029471,80.058235,80.058235,0,0,0.919891,0.029433,107.596392,107.596392,0,0,0.942727
150,27-Feb-95,24:00:00,391.172663,0.024048,69.659715,69.659715,0,0,0.918258,0.024033,75.396004,75.396004,0,0,0.916084,0.024008,101.330463,101.330463,0,0,0.938925
151,28-Feb-95,24:00:00,351.900792,0.030805,65.603047,65.603047,0,0,0.914183,0.030785,71.00528,71.00528,0,0,0.912011,0.030752,95.429433,95.429433,0,0,0.934857
152,1-Mar-95,24:00:00,329.215546,0.025089,61.782621,61.782621,0,0,0.910111,0.025075,66.870253,66.870253,0,0,0.907942,0.025051,89.872053,89.872053,0,0,0.930792
153,2-Mar-95,24:00:00,341.598058,0.01341,60.175513,58.184679,0.602365,0,0.952713,0.013405,88.919773,62.97603,0.537278,0,0.941457,0.013397,101.010566,84.638309,0.484499,0,0.955944
154,3-Mar-95,24:00:00,795.045285,0.019764,136.670259,134.024926,0.25191,0.212301,0.999778,0.019756,181.019396,139.776238,0.288461,0.168592,0.99862,0.019743,471.699283,450.988447,0.316546,0.303864,0.999962
155,4-Mar-95,24:00:00,619.262112,0.025056,151.750835,151.422323,0,0,1,0.025042,146.350511,142.483676,0,0,1,0.025019,108.378266,108.372344,0,0,1
156,5-Mar-95,24:00:00,362.808845,0.032329,79.714422,79.703899,0,0,1,0.032312,74.972071,74.92959,0,0,1,0.032282,89.789256,89.789256,0,0,1
157,6-Mar-95,24:00:00,310.943574,0.039156,58.051703,58.051703,0,0,0.999068,0.039144,59.14896,59.14896,0,0,0.999071,0.039123,84.544288,84.544288,0,0,0.999077
158,7-Mar-95,24:00:00,294.128323,0.03813,52.046891,52.046891,0,0,0.995345,0.038114,54.443011,54.443011,0,0,0.995354,0.038086,79.620798,79.620798,0,0,0.995368
159,8-Mar-95,24:00:00,1920.15,0.011695,631.779188,195.077391,1.317561,1.263163,0.998373,0.011691,725.092836,249.861928,1.318573,1.264243,0.998231,0.011684,1546.05,912.596416,1.334889,1.280676,0.99823
160,9-Mar-95,24:00:00,22868.33,0.027081,7205.17,1047.31,1.046742,1.046742,1,0.027073,7618.06,1284.10,1.02,1.02,1,0.027059,8345.85,1994.83,0.984308,0.984308,1
161,10-Mar-95,24:00:00,9076.67,0.015611,3042.14,1119.79,1.294923,1.294923,1,0.015607,3050.22,1206.25,1.338575,1.338575,1,0.015601,2976.86,1210.51,1.270379,1.270379,1
162,11-Mar-95,24:00:00,6980.06,0.016578,1875.11,1231.03,0.733631,0.733631,1,0.016577,2080.54,1416.26,0.722253,0.722253,1,0.016575,1870.13,1682.19,0.67871,0.67871,1
163,12-Mar-95,24:00:00,3377.50,0.027762,908.737936,870.299484,0.040996,0.040996,1,0.027752,963.876616,923.111888,0.063388,0.063388,1,0.027735,485.9608,484.254212,0.097414,0.097414,1
164,13-Mar-95,24:00:00,4931.97,0.016985,1094.79,706.404822,1.68,1.68,1,0.016974,1325.89,825.690754,1.68,1.68,1,0.016954,2551.14,1751.43,1.68,1.68,1
165,14-Mar-95,24:00:00,10296.39,0.011529,2425.81,1449.81,1.298337,1.298337,1,0.011522,3296.68,1726.25,1.277329,1.277329,1,0.01151,5036.98,2420.83,1.250052,1.250052,1
166,15-Mar-95,24:00:00,5384.12,0.045067,1559.04,1284.23,0,0,1,0.045059,1754.50,1367.08,0,0,1,0.045039,818.809994,764.473342,0,0,1
167,16-Mar-95,24:00:00,3084.15,0.047949,586.983636,572.640476,0,0,1,0.047938,569.519697,557.299584,0,0,1,0.047932,438.381443,438.381443,0,0,1
168,17-Mar-95,24:00:00,4077.25,0.037784,339.083576,339.083576,0,0,0.99799,0.037778,357.903103,357.903103,0,0,0.997991,0.037768,412.129595,412.129595,0,0,0.997994
169,18-Mar-95,24:00:00,5640.56,0.028286,405.432691,403.668543,0.366128,0.332562,0.999501,0.028273,592.491161,550.762742,0.552317,0.518775,0.999701,0.028255,1524.27,1178.88,0.706793,0.673289,0.9999
170,19-Mar-95,24:00:00,4556.29,0.026737,426.390315,426.036571,0.049151,0.049151,1,0.026728,579.634642,573.662847,0.108792,0.108792,1,0.02671,490.552573,488.728808,0.206929,0.206929,1
171,20-Mar-95,24:00:00,7348.19,0.025404,1465.80,559.348676,0.819061,0.819061,1,0.025393,1936.56,740.37072,0.857735,0.857735,1,0.025375,3213.90,1609.65,0.930018,0.930018,1
172,21-Mar-95,24:00:00,4316.47,0.017803,1002.00,775.482999,0.379519,0.379519,1,0.017792,1212.65,971.54584,0.465363,0.465363,1,0.017772,978.712811,959.021696,0.396004,0.396004,1
173,22-Mar-95,24:00:00,3845.44,0.014757,946.413087,887.092786,1.175612,1.175612,1,0.01475,1213.24,1102.44,1.210225,1.210225,1,0.014738,1664.12,1616.59,1.026107,1.026107,1
174,23-Mar-95,24:00:00,5180.97,0.014898,1101.44,1091.24,0.462698,0.462698,1,0.014894,1379.74,1315.05,0.550415,0.550415,1,0.014886,1477.89,1444.55,0.644074,0.644074,1
175,24-Mar-95,24:00:00,4679.64,0.046889,748.106217,747.008896,0,0,1,0.046876,879.021031,867.468685,0,0,1,0.046851,611.965695,611.466777,0,0,1
176,25-Mar-95,24:00:00,3718.18,0.056204,411.501561,411.458393,0,0,0.999573,0.0562,460.953761,460.609628,0,0,0.999574,0.056196,471.691811,471.691811,0,0,0.999576
177,26-Mar-95,24:00:00,2599.38,0.055094,312.546113,312.546113,0,0,0.994927,0.055092,364.501289,364.501289,0,0,0.99493,0.055089,444.025261,444.025261,0,0,0.994935
178,27-Mar-95,24:00:00,1804.01,0.060127,282.817126,282.817126,0,0,0.986665,0.060116,335.503199,335.503199,0,0,0.986669,0.060096,418.167072,418.167072,0,0,0.986675
179,28-Mar-95,24:00:00,1683.58,0.070466,264.93323,264.93323,0,0,0.977421,0.070455,315.276563,315.276563,0,0,0.977426,0.070434,393.814906,393.814906,0,0,0.977436
180,29-Mar-95,24:00:00,1491.88,0.063499,249.351906,249.351906,0,0,0.96792,0.063484,296.862739,296.862739,0,0,0.967927,0.063458,370.880899,370.880899,0,0,0.96794
181,30-Mar-95,24:00:00,1294.75,0.050998,234.81554,234.81554,0,0,0.95967,0.05098,279.570957,279.570957,0,0,0.95968,0.050947,349.282466,349.282466,0,0,0.959697
182,31-Mar-95,24:00:00,1205.55,0.039565,221.139505,221.139505,0,0,0.953146,0.039556,263.289744,263.289744,0,0,0.953158,0.039532,328.941829,328.941829,0,0,0.953179
183,1-Apr-95,24:00:00,1148.35,0.061313,208.261206,208.261206,0,0,0.945679,0.061304,247.956919,247.956919,0,0,0.945692,0.061286,309.785738,309.785738,0,0,0.945716
184,2-Apr-95,24:00:00,1094.02,0.066352,196.133,196.133,0,0,0.936679,0.066341,233.517023,233.517023,0,0,0.936693,0.066322,291.745212,291.745212,0,0,0.93672
185,3-Apr-95,24:00:00,1039.80,0.06909,184.711097,184.711097,0,0,0.926984,0.069088,219.918044,219.918044,0,0,0.926999,0.069084,274.755285,274.755285,0,0,0.927028
186,4-Apr-95,24:00:00,988.964703,0.055886,173.954354,173.954354,0,0,0.918382,0.055869,207.111007,207.111007,0,0,0.918399,0.055836,258.754775,258.754775,0,0,0.918429
187,5-Apr-95,24:00:00,892.275827,0.045842,163.824036,163.824036,0,0,0.910949,0.045828,195.049795,195.049795,0,0,0.910968,0.045808,243.686062,243.686062,0,0,0.911002
188,6-Apr-95,24:00:00,886.711274,0.015298,157.745777,155.30833,0.696696,0.04929,0.96346,0.015294,233.251013,188.895008,0.733109,0.085843,0.969835,0.015287,362.771727,327.509261,0.817611,0.170602,0.975616
189,7-Apr-95,24:00:00,1924.44,0.030883,319.848096,316.268429,0.451466,0.451466,1,0.03088,491.814847,438.242851,0.498063,0.498063,1,0.030873,1049.62,1019.34,0.602205,0.602205,1
190,8-Apr-95,24:00:00,1956.16,0.021661,407.665645,406.529795,0.125651,0.125651,1,0.021657,540.231753,520.668381,0.18175,0.18175,1,0.021648,620.392806,608.468741,0.258063,0.258063,1
191,9-Apr-95,24:00:00,1610.33,0.057618,277.879888,277.627422,0,0,1,0.057609,353.567409,349.537064,0,0,1,0.057591,301.379913,301.165725,0,0,1
192,10-Apr-95,24:00:00,1335.97,0.06946,176.227681,176.214568,0,0,0.997517,0.069448,210.569774,210.438751,0,0,0.997519,0.069425,242.812675,242.812675,0,0,0.997522
193,11-Apr-95,24:00:00,1025.89,0.056346,144.0954,144.0954,0,0,0.989966,0.056335,174.626992,174.626992,0,0,0.98997,0.056311,228.600176,228.600176,0,0,0.989979
194,12-Apr-95,24:00:00,820.263688,0.02702,134.03892,133.926757,0.333088,0.206864,0.987166,0.027014,166.663051,164.111605,0.37207,0.245888,0.987253,0.027007,242.402964,237.281932,0.424344,0.298243,0.98736
195,13-Apr-95,24:00:00,1856.03,0.045262,248.029322,246.214622,0.025366,0.025366,1,0.045253,363.214475,333.255434,0.025866,0.025866,1,0.045234,677.71285,659.510135,0.0794,0.0794,1
196,14-Apr-95,24:00:00,1293.09,0.058055,202.11541,201.956348,0,0,0.999913,0.058044,245.333079,243.581255,0,0,0.999914,0.058018,220.183325,220.183325,0,0,0.999915
197,15-Apr-95,24:00:00,855.302132,0.019108,136.572931,136.51453,0.01931,0.008132,0.999523,0.019102,166.357985,164.709501,0.033291,0.020484,0.999505,0.019092,258.545328,255.387758,0.074886,0.062129,0.999509
198,16-Apr-95,24:00:00,768.068503,0.059504,120.456559,120.404168,0,0,1,0.059496,156.771688,155.602083,0,0,1,0.059471,220.512844,220.203141,0,0,1
199,17-Apr-95,24:00:00,659.651887,0.035791,109.076242,109.072897,0,0,0.999952,0.035783,136.504521,136.456232,0,0,0.999952,0.035765,184.308001,184.308001,0,0,0.999954
200,18-Apr-95,24:00:00,620.13163,0.066729,101.311684,101.311684,0,0,0.994951,0.066718,125.580218,125.580218,0,0,0.994955,0.066692,173.519628,173.519628,0,0,0.994963
201,19-Apr-95,24:00:00,590.903089,0.055205,95.174097,95.174097,0,0,0.986166,0.055195,117.898428,117.898428,0,0,0.986171,0.055174,163.41458,163.41458,0,0,0.986183
202,20-Apr-95,24:00:00,557.207082,0.059684,89.601047,89.601047,0,0,0.980394,0.059672,110.998105,110.998105,0,0,0.981281,0.059645,153.898051,153.898051,0,0,0.982339
203,21-Apr-95,24:00:00,525.330065,0.070773,84.379692,84.379692,0,0,0.972253,0.070761,104.531312,104.531312,0,0,0.974156,0.070747,144.935722,144.935722,0,0,0.977681
204,22-Apr-95,24:00:00,502.561862,0.080899,79.465454,79.465454,0,0,0.961461,0.080893,98.443677,98.443677,0,0,0.963366,0.080881,136.495318,136.495318,0,0,0.967063
205,23-Apr-95,24:00:00,485.208572,0.082845,74.837711,74.837711,0,0,0.949764,0.082837,92.710747,92.710747,0,0,0.951669,0.082821,128.546446,128.546446,0,0,0.955369
206,24-Apr-95,24:00:00,469.727633,0.091449,70.479497,70.479497,0,0,0.937459,0.091441,87.31169,87.31169,0,0,0.939365,0.091424,121.06048,121.06048,0,0,0.943067
207,25-Apr-95,24:00:00,454.032276,0.084151,66.375088,66.375088,0,0,0.924804,0.084146,82.22705,82.22705,0,0,0.926711,0.084134,114.010463,114.010463,0,0,0.930415
208,26-Apr-95,24:00:00,440.417075,0.069052,62.509702,62.509702,0,0,0.913713,0.069042,77.438517,77.438517,0,0,0.915621,0.069015,107.371007,107.371007,0,0,0.919328
209,27-Apr-95,24:00:00,437.252519,0.041826,59.363037,58.869418,0.11013,0,0.92018,0.041819,79.685047,72.928847,0.095823,0,0.920566,0.041803,107.30938,101.118203,0.134428,0,0.928444
210,28-Apr-95,24:00:00,422.195752,0.024849,56.374417,55.782663,0.660487,0.132446,0.939776,0.024848,78.153247,69.068535,0.656417,0.127436,0.938652,0.024849,107.796749,99.15798,0.628419,0.164007,0.946196
211,29-Apr-95,24:00:00,1598.96,0.033925,245.189648,240.616932,0.281797,0.281797,1,0.03392,405.780801,332.689458,0.34393,0.34393,1,0.03391,932.59699,889.501814,0.488426,0.488426,1
212,30-Apr-95,24:00:00,1010.27,0.057079,226.566731,225.678582,0.352654,0.352654,1,0.057076,285.896017,276.912842,0.362906,0.362906,1,0.057065,203.593352,191.63861,0.36595,0.36595,1
213,1-May-95,24:00:00,4535.55,0.057328,898.066377,497.390177,0.557807,0.557807,1,0.057321,1315.20,631.685499,0.552004,0.552004,1,0.057298,2370.03,1190.21,0.53,0.53,1
214,2-May-95,24:00:00,2009.68,0.051977,505.255866,452.489912,0,0,0.999564,0.051971,551.117564,484.666572,0,0,0.999564,0.051955,202.060113,202.060113,0,0,0.999561
215,3-May-95,24:00:00,1353.07,0.064777,179.222363,177.546141,0,0,0.994154,0.064769,178.486392,178.09938,0,0,0.994156,0.06475,162.722416,162.722416,0,0,0.994148
216,4-May-95,24:00:00,1253.39,0.06531,104.51284,104.51284,0,0,0.985042,0.0653,118.012055,118.012055,0,0,0.985046,0.065279,153.209445,153.209445,0,0,0.985041
217,5-May-95,24:00:00,916.087918,0.05795,88.959695,88.959695,0,0,0.976076,0.057941,105.777659,105.777659,0,0,0.976081,0.057919,144.287191,144.287191,0,0,0.97608
218,6-May-95,24:00:00,595.655702,0.067036,82.631505,82.631505,0,0,0.967171,0.067027,99.152779,99.152779,0,0,0.967177,0.067003,135.884555,135.884555,0,0,0.967178
219,7-May-95,24:00:00,488.2402,0.074127,77.696367,77.696367,0,0,0.957096,0.07412,93.342904,93.342904,0,0,0.957103,0.074104,127.97125,127.97125,0,0,0.957108
220,8-May-95,24:00:00,469.23125,0.058371,73.159482,73.159482,0,0,0.947756,0.058365,87.904504,87.904504,0,0,0.947764,0.058348,120.518781,120.518781,0,0,0.947771
221,9-May-95,24:00:00,452.610044,0.034653,68.897858,68.897858,0,0,0.941157,0.034646,82.785171,82.785171,0,0,0.941166,0.034639,113.50031,113.50031,0,0,0.941174
222,10-May-95,24:00:00,436.967228,0.071829,64.885454,64.885454,0,0,0.933315,0.071823,77.964125,77.964125,0,0,0.933325,0.071801,106.890563,106.890563,0,0,0.933335
223,11-May-95,24:00:00,422.857543,0.064354,61.106808,61.106808,0,0,0.923777,0.064348,73.423845,73.423845,0,0,0.923788,0.064333,100.665738,100.665738,0,0,0.923801
224,12-May-95,24:00:00,415.664137,0.017397,57.786124,57.548222,0.27539,0,0.925602,0.017396,76.691652,69.147971,0.362172,0,0.93011,0.017403,106.224799,94.803419,0.428949,0,0.933438
225,13-May-95,24:00:00,453.599734,0.045741,56.023301,54.196873,0.111521,0,0.971017,0.045737,95.220479,65.121104,0.09767,0,0.98172,0.045724,100.269991,89.282495,0.055036,0,0.985209
226,14-May-95,24:00:00,392.396121,0.052625,51.226851,51.040691,0.060314,0,0.972529,0.052622,63.391283,61.328744,0.112849,0,0.983723,0.052609,84.372953,84.178829,0.115742,0.019086,0.986988
227,15-May-95,24:00:00,591.021136,0.031755,48.939204,48.068311,0.107365,0,0.995705,0.031753,142.422143,124.089619,0.118409,0.111567,0.99998,0.031745,257.428467,246.946117,0.114847,0.114847,1
228,16-May-95,24:00:00,468.803191,0.068837,45.374493,45.269029,0,0,0.996232,0.068833,103.743741,102.278915,0,0,0.999979,0.068807,86.073715,86.073715,0,0,0.99998
229,17-May-95,24:00:00,382.430368,0.073263,42.635788,42.632765,0,0,0.990979,0.073257,63.5108,63.509988,0,0,0.994727,0.073237,78.583785,78.583785,0,0,0.994733
230,18-May-95,24:00:00,362.146413,0.086691,40.150024,40.150024,0,0,0.979462,0.086682,54.261349,54.261349,0,0,0.983211,0.086662,74.004587,74.004587,0,0,0.983219
231,19-May-95,24:00:00,352.414477,0.093357,37.811868,37.811868,0,0,0.966736,0.093347,50.51596,50.51596,0,0,0.970487,0.093325,69.694891,69.694891,0,0,0.970498
232,20-May-95,24:00:00,344.983585,0.065389,35.609875,35.609875,0,0,0.955277,0.065385,47.523984,47.523984,0,0,0.959029,0.065371,65.636174,65.636174,0,0,0.959043
233,21-May-95,24:00:00,336.953207,0.044715,33.536116,33.536116,0,0,0.947678,0.044708,44.752582,44.752582,0,0,0.95143,0.044698,61.813819,61.813819,0,0,0.951446
234,22-May-95,24:00:00,330.563292,0.063298,31.583124,31.583124,0,0,0.939975,0.063297,42.146124,42.146124,0,0,0.943727,0.063279,58.214061,58.214061,0,0,0.943745
235,23-May-95,24:00:00,317.051383,0.093335,29.743865,29.743865,0,0,0.928717,0.093335,39.691705,39.691705,0,0,0.93247,0.093333,54.823936,54.823936,0,0,0.932489
236,24-May-95,24:00:00,303.778953,0.091549,28.011716,28.011716,0,0,0.915423,0.091543,37.380238,37.380238,0,0,0.919176,0.091525,51.631237,51.631237,0,0,0.919196
237,25-May-95,24:00:00,303.77788,0.099643,26.38044,26.38044,0,0,0.901603,0.099634,35.203381,35.203381,0,0,0.905358,0.099623,48.624466,48.624466,0,0,0.905381
238,26-May-95,24:00:00,313.909926,0.077101,24.844162,24.844162,0,0,0.889159,0.077097,33.153295,33.153295,0,0,0.892914,0.07709,45.792796,45.792796,0,0,0.892938
239,27-May-95,24:00:00,318.662552,0.095929,23.39735,23.39735,0,0,0.876764,0.095927,31.222596,31.222596,0,0,0.880519,0.09592,43.12603,43.12603,0,0,0.880544
240,28-May-95,24:00:00,315.862557,0.097902,22.034794,22.034794,0,0,0.862881,0.097901,29.404333,29.404333,0,0,0.866637,0.097896,40.614564,40.614564,0,0,0.866663
241,29-May-95,24:00:00,312.083119,0.109724,20.751587,20.751587,0,0,0.848154,0.109725,27.691957,27.691957,0,0,0.85191,0.109725,38.249355,38.249355,0,0,0.851937
242,30-May-95,24:00:00,279.105678,0.092254,19.543108,19.543108,0,0,0.833713,0.09225,26.079302,26.079302,0,0,0.837469,0.092236,36.021885,36.021885,0,0,0.837496
243,31-May-95,24:00:00,233.618103,0.094122,18.405005,18.405005,0,0,0.820384,0.094119,24.560561,24.560561,0,0,0.82414,0.094108,33.924133,33.924133,0,0,0.824169
244,1-Jun-95,24:00:00,212.214297,0.056544,17.333181,17.333181,0,0,0.80976,0.05654,23.130265,23.130265,0,0,0.813517,0.056541,31.948544,31.948544,0,0,0.813547
245,2-Jun-95,24:00:00,206.746407,0.068158,16.323774,16.323774,0,0,0.800814,0.06816,21.783262,21.783262,0,0,0.804571,0.068156,30.088005,30.088005,0,0,0.804602
246,3-Jun-95,24:00:00,209.807143,0.084896,15.373151,15.373151,0,0,0.789956,0.084896,20.514703,20.514703,0,0,0.793713,0.084907,28.335815,28.335815,0,0,0.793743
247,4-Jun-95,24:00:00,219.17399,0.090533,14.477888,14.477888,0,0,0.777243,0.090533,19.320019,19.320019,0,0,0.781,0.090534,26.685665,26.685665,0,0,0.781029
248,5-Jun-95,24:00:00,217.443718,0.087391,13.634761,13.634761,0,0,0.76469,0.087395,18.194908,18.194908,0,0,0.768446,0.087394,25.131612,25.131612,0,0,0.768475
249,6-Jun-95,24:00:00,210.061436,0.066364,12.840734,12.840734,0,0,0.753437,0.066361,17.135319,17.135319,0,0,0.757193,0.066349,23.66806,23.66806,0,0,0.757223
250,7-Jun-95,24:00:00,204.825536,0.087949,12.092947,12.092947,0,0,0.742178,0.087945,16.137435,16.137435,0,0,0.745934,0.087928,22.289739,22.289739,0,0,0.745966
251,8-Jun-95,24:00:00,195.322187,0.096997,11.388709,11.388709,0,0,0.729647,0.096997,15.197664,15.197664,0,0,0.733404,0.096995,20.991685,20.991685,0,0,0.733437
252,9-Jun-95,24:00:00,191.79441,0.070394,10.725482,10.725482,0,0,0.717453,0.070392,14.31262,14.31262,0,0,0.72121,0.070391,19.769223,19.769223,0,0,0.721244
253,10-Jun-95,24:00:00,195.422459,0.08612,10.100878,10.100878,0,0,0.706413,0.086115,13.479118,13.479118,0,0,0.710171,0.086096,18.617953,18.617953,0,0,0.710205
254,11-Jun-95,24:00:00,193.561072,0.09795,9.512648,9.512648,0,0,0.693181,0.097947,12.694154,12.694154,0,0,0.696939,0.097935,17.533727,17.533727,0,0,0.696976
255,12-Jun-95,24:00:00,191.23229,0.099117,8.958674,8.958674,0,0,0.6791,0.099117,11.954904,11.954904,0,0,0.682859,0.099117,16.512642,16.512642,0,0,0.682897
256,13-Jun-95,24:00:00,193.053677,0.066222,8.436962,8.436962,0,0,0.667034,0.066222,11.258704,11.258704,0,0,0.670792,0.06621,15.55102,15.55102,0,0,0.670831
257,14-Jun-95,24:00:00,198.751891,0.022605,8.004282,7.945631,0.169646,0,0.664003,0.022612,13.513645,10.603048,0.310201,0,0.672388,0.022606,22.120421,14.645399,0.549772,0,0.678078
258,15-Jun-95,24:00:00,234.027789,0.062298,8.336359,7.482913,0,0,0.684037,0.062295,32.477902,9.985574,0,0,0.710404,0.062279,35.196567,13.792517,0.073955,0,0.754582
259,16-Jun-95,24:00:00,179.024283,0.043075,7.122179,7.047142,0,0,0.683834,0.043082,10.709503,9.404059,0,0,0.7102,0.04307,12.989303,12.989303,0,0,0.755047
260,17-Jun-95,24:00:00,167.461085,0.040763,6.637614,6.636748,0,0,0.680443,0.040767,8.856409,8.856409,0,0,0.706809,0.04076,12.232864,12.232864,0,0,0.751695
261,18-Jun-95,24:00:00,170.159771,0.059253,6.250254,6.250254,0,0,0.673394,0.059249,8.340652,8.340652,0,0,0.69976,0.059235,11.520477,11.520477,0,0,0.744647
262,19-Jun-95,24:00:00,169.095914,0.081351,5.886267,5.886267,0,0,0.663141,0.081347,7.85493,7.85493,0,0,0.689508,0.081329,10.849576,10.849576,0,0,0.734397
263,20-Jun-95,24:00:00,174.398632,0.092788,5.543478,5.543478,0,0,0.650684,0.092788,7.397494,7.397494,0,0,0.677051,0.092785,10.217746,10.217746,0,0,0.721942
264,21-Jun-95,24:00:00,187.699774,0.099656,5.22065,5.22065,0,0,0.636948,0.099657,6.966697,6.966697,0,0,0.663315,0.099658,9.62271,9.62271,0,0,0.708206
265,22-Jun-95,24:00:00,196.009405,0.106894,4.916623,4.916623,0,0,0.622204,0.106895,6.560988,6.560988,0,0,0.648571,0.106896,9.062327,9.062327,0,0,0.693462
266,23-Jun-95,24:00:00,203.639202,0.115025,4.630301,4.630301,0,0,0.606481,0.115026,6.178906,6.178906,0,0,0.632847,0.115027,8.534578,8.534578,0,0,0.677739
267,24-Jun-95,24:00:00,209.166015,0.08992,4.360653,4.360653,0,0,0.59221,0.089916,5.819074,5.819074,0,0,0.618576,0.089905,8.037563,8.037563,0,0,0.663468
268,25-Jun-95,24:00:00,208.425558,0.112556,4.106709,4.106709,0,0,0.577313,0.112555,5.480198,5.480198,0,0,0.60368,0.112544,7.569491,7.569491,0,0,0.648573
269,26-Jun-95,24:00:00,207.420905,0.117957,3.867552,3.867552,0,0,0.560954,0.117958,5.161056,5.161056,0,0,0.587321,0.117959,7.128678,7.128678,0,0,0.632215
270,27-Jun-95,24:00:00,206.464954,0.098677,3.642323,3.642323,0,0,0.54554,0.098674,4.860499,4.860499,0,0,0.571907,0.098664,6.713536,6.713536,0,0,0.616801
271,28-Jun-95,24:00:00,205.564355,0.097067,3.430211,3.430211,0,0,0.53167,0.09706,4.577445,4.577445,0,0,0.558038,0.097041,6.32257,6.32257,0,0,0.602934
272,29-Jun-95,24:00:00,204.716193,0.096599,3.230451,3.230451,0,0,0.517742,0.096594,4.310876,4.310876,0,0,0.544111,0.096579,5.954372,5.954372,0,0,0.58901
273,30-Jun-95,24:00:00,203.917424,0.075389,3.042324,3.042324,0,0,0.505544,0.075385,4.05983,4.05983,0,0,0.531913,0.075381,5.607616,5.607616,0,0,0.576813
274,1-Jul-95,24:00:00,203.165171,0.077533,2.865153,2.865153,0,0,0.494411,0.077542,3.823403,3.823403,0,0,0.520779,0.077538,5.281054,5.281054,0,0,0.56568
275,2-Jul-95,24:00:00,202.49609,0.077517,2.698299,2.698299,0,0,0.48363,0.077518,3.600746,3.600746,0,0,0.509998,0.077522,4.973509,4.973509,0,0,0.554899
276,3-Jul-95,24:00:00,201.844567,0.107073,2.541162,2.541162,0,0,0.470495,0.107083,3.391054,3.391054,0,0,0.496862,0.107084,4.683874,4.683874,0,0,0.541763
277,4-Jul-95,24:00:00,201.213618,0.111216,2.393177,2.393177,0,0,0.454621,0.111217,3.193575,3.193575,0,0,0.480987,0.111218,4.411107,4.411107,0,0,0.525888
278,5-Jul-95,24:00:00,200.618842,0.104865,2.253809,2.253809,0,0,0.439257,0.10487,3.007595,3.007595,0,0,0.465623,0.104862,4.154224,4.154224,0,0,0.510524
279,6-Jul-95,24:00:00,203.038161,0.105267,2.122557,2.122557,0,0,0.423945,0.105266,2.832446,2.832446,0,0,0.450311,0.105254,3.9123,3.9123,0,0,0.495214
280,7-Jul-95,24:00:00,210.97581,0.101864,1.998949,1.998949,0,0,0.409259,0.10186,2.667498,2.667498,0,0,0.435625,0.101849,3.684466,3.684466,0,0,0.480529
281,8-Jul-95,24:00:00,213.914347,0.07434,1.882539,1.882539,0,0,0.396807,0.074344,2.512155,2.512155,0,0,0.423172,0.074326,3.469899,3.469899,0,0,0.468078
282,9-Jul-95,24:00:00,213.504678,0.071956,1.772909,1.772909,0,0,0.386501,0.071952,2.365858,2.365858,0,0,0.412867,0.071943,3.267828,3.267828,0,0,0.457775
283,10-Jul-95,24:00:00,213.067994,0.073845,1.669662,1.669662,0,0,0.375739,0.073841,2.228081,2.228081,0,0,0.402106,0.073818,3.077524,3.077524,0,0,0.447016
284,11-Jul-95,24:00:00,212.656388,0.07404,1.572429,1.572429,0,0,0.365154,0.074038,2.098328,2.098328,0,0,0.391521,0.074024,2.898303,2.898303,0,0,0.436433
285,12-Jul-95,24:00:00,212.26875,0.076128,1.480858,1.480858,0,0,0.354515,0.076122,1.97613,1.97613,0,0,0.380882,0.076106,2.729519,2.729519,0,0,0.425797
286,13-Jul-95,24:00:00,211.903686,0.112105,1.394619,1.394619,0,0,0.341397,0.112103,1.86105,1.86105,0,0,0.367765,0.112091,2.570564,2.570564,0,0,0.412682
287,14-Jul-95,24:00:00,217.157867,0.111455,1.313403,1.313403,0,0,0.325178,0.111454,1.75267,1.75267,0,0,0.351547,0.111452,2.420866,2.420866,0,0,0.396465
288,15-Jul-95,24:00:00,224.535943,0.110758,1.236916,1.236916,0,0,0.309174,0.110758,1.650603,1.650603,0,0,0.335542,0.110759,2.279886,2.279886,0,0,0.380461
289,16-Jul-95,24:00:00,226.888685,0.121922,1.164884,1.164884,0,0,0.292968,0.121923,1.554479,1.554479,0,0,0.319337,0.121924,2.147115,2.147115,0,0,0.364255
290,17-Jul-95,24:00:00,225.399713,0.056414,1.097046,1.097046,0,0,0.27987,0.056411,1.463953,1.463953,0,0,0.306238,0.056412,2.022077,2.022077,0,0,0.351156
291,18-Jul-95,24:00:00,223.888637,0.08664,1.033159,1.033159,0,0,0.270404,0.086632,1.378699,1.378699,0,0,0.296773,0.086614,4.612736,1.90432,0.066971,0,0.345479
292,19-Jul-95,24:00:00,224.433514,0.097435,0.972993,0.972993,0,0,0.263231,0.09743,1.29841,1.29841,0,0,0.29159,0.097419,2.185838,1.793421,0,0,0.346731
293,20-Jul-95,24:00:00,221.929956,0.086959,0.91633,0.91633,0,0,0.252996,0.086958,1.222796,1.222796,0,0,0.283753,0.086966,1.68898,1.68898,0,0,0.340001
294,21-Jul-95,24:00:00,221.653476,0.086322,0.862967,0.862967,0,0,0.240482,0.086323,1.151586,1.151586,0,0,0.271239,0.086336,1.590622,1.590622,0,0,0.327485
295,22-Jul-95,24:00:00,221.440364,0.070874,0.812712,0.812712,0,0,0.229291,0.070874,1.084523,1.084523,0,0,0.260048,0.070885,1.497991,1.497991,0,0,0.316292
296,23-Jul-95,24:00:00,221.240011,0.088179,0.765383,0.765383,0,0,0.217898,0.088188,1.021365,1.021365,0,0,0.248654,0.088188,1.410755,1.410755,0,0,0.304898
297,24-Jul-95,24:00:00,221.051327,0.068946,0.72081,0.72081,0,0,0.206696,0.068958,0.961886,0.961886,0,0,0.23745,0.068958,1.328599,1.328599,0,0,0.293694
298,25-Jul-95,24:00:00,219.629635,0.077883,0.678834,0.678834,0,0,0.196187,0.077895,0.90587,0.90587,0,0,0.226939,0.077895,1.251227,1.251227,0,0,0.283183
299,26-Jul-95,24:00:00,219.962313,0.107301,0.639301,0.639301,0,0,0.183057,0.107297,0.853116,0.853116,0,0,0.21381,0.107287,1.178361,1.178361,0,0,0.270053
300,27-Jul-95,24:00:00,226.756716,0.110624,0.602071,0.602071,0,0,0.167382,0.110623,0.803434,0.803434,0,0,0.198134,0.110619,1.109739,1.109739,0,0,0.25438
301,28-Jul-95,24:00:00,241.535984,0.107457,0.56701,0.56701,0,0,0.151765,0.107457,0.756646,0.756646,0,0,0.182518,0.107459,1.045113,1.045113,0,0,0.238763
302,29-Jul-95,24:00:00,248.151771,0.094934,0.533989,0.533989,0,0,0.13739,0.094935,0.712582,0.712582,0,0,0.168143,0.094939,0.98425,0.98425,0,0,0.224388
303,30-Jul-95,24:00:00,248.128084,0.093176,0.502892,0.502892,0,0,0.123525,0.093176,0.671085,0.671085,0,0,0.154277,0.093177,0.926932,0.926932,0,0,0.210522
304,31-Jul-95,24:00:00,243.650872,0.103178,0.473606,0.473606,0,0,0.109801,0.103178,0.632004,0.632004,0,0,0.140554,0.103178,0.872952,0.872952,0,0,0.196799
305,1-Aug-95,24:00:00,240.308224,0.110014,0.446025,0.446025,0,0,0.094617,0.110015,0.595199,0.595199,0,0,0.125369,0.110015,0.822115,0.822115,0,0,0.181614
306,2-Aug-95,24:00:00,242.272457,0.110194,0.420051,0.420051,0,0,0.078845,0.110196,0.560537,0.560537,0,0,0.109598,0.110196,0.774238,0.774238,0,0,0.165842
307,3-Aug-95,24:00:00,241.162589,0.103342,0.395589,0.395589,0,0,0.063589,0.103343,0.527894,0.527894,0,0,0.094341,0.103344,0.72915,0.72915,0,0,0.150585
308,4-Aug-95,24:00:00,237.734985,0.107885,0.372552,0.372552,0,0,0.048889,0.107885,0.497152,0.497152,0,0,0.079641,0.107886,0.686688,0.686688,0,0,0.135885
309,5-Aug-95,24:00:00,238.369449,0.090721,0.350856,0.350856,0,0,0.034368,0.090721,0.4682,0.4682,0,0,0.06512,0.090721,0.646698,0.646698,0,0,0.121365
310,6-Aug-95,24:00:00,239.380824,0.098294,0.330424,0.330424,0,0,0.02108,0.098294,0.440934,0.440934,0,0,0.051832,0.098294,0.609037,0.609037,0,0,0.108077
311,7-Aug-95,24:00:00,237.45117,0.102385,0.311181,0.311181,0,0,0.006795,0.102385,0.415256,0.415256,0,0,0.037342,0.102386,0.57357,0.57357,0,0,0.093586
312,8-Aug-95,24:00:00,235.636626,0.097996,0.29306,0.29306,0,0,0,0.097996,0.391073,0.391073,0,0,0.022863,0.097997,0.540168,0.540168,0,0,0.079108
313,9-Aug-95,24:00:00,238.284464,0.108285,0.275993,0.275993,0,0,0,0.108285,0.368299,0.368299,0,0,0.008374,0.108286,0.508711,0.508711,0,0,0.064618
314,10-Aug-95,24:00:00,243.180246,0.083031,0.25992,0.25992,0,0,0,0.08303,0.346851,0.346851,0,0,0.000053,0.083026,0.479086,0.479086,0,0,0.050714
315,11-Aug-95,24:00:00,246.249924,0.092098,0.244784,0.244784,0,0,0,0.092098,0.326652,0.326652,0,0,0,0.092098,0.451186,0.451186,0,0,0.038284
316,12-Aug-95,24:00:00,246.96363,0.102303,0.230529,0.230529,0,0,0,0.102303,0.307629,0.307629,0,0,0,0.102303,0.424911,0.424911,0,0,0.024509
317,13-Aug-95,24:00:00,246.918957,0.082797,0.217104,0.217104,0,0,0,0.082787,0.289714,0.289714,0,0,0,0.082761,0.400166,0.400166,0,0,0.011176
318,14-Aug-95,24:00:00,246.86552,0.103757,0.204461,0.204461,0,0,0,0.103753,0.272843,0.272843,0,0,0,0.103744,0.376862,0.376862,0,0,0.001993
319,15-Aug-95,24:00:00,246.815117,0.100445,0.192554,0.192554,0,0,0,0.100446,0.256953,0.256953,0,0,0,0.100446,0.354915,0.354915,0,0,0
320,16-Aug-95,24:00:00,245.523651,0.091798,0.18134,0.18134,0,0,0,0.0918,0.24199,0.24199,0,0,0,0.0918,0.334247,0.334247,0,0,0
321,17-Aug-95,24:00:00,243.490979,0.086972,0.17078,0.17078,0,0,0,0.086968,0.227897,0.227897,0,0,0,0.086963,0.314782,0.314782,0,0,0
322,18-Aug-95,24:00:00,242.692958,0.092396,0.160834,0.160834,0,0,0,0.092386,0.214626,0.214626,0,0,0,0.092375,0.29645,0.29645,0,0,0
323,19-Aug-95,24:00:00,242.641277,0.082479,0.151468,0.151468,0,0,0,0.082464,0.202127,0.202127,0,0,0,0.082432,0.279186,0.279186,0,0,0
324,20-Aug-95,24:00:00,243.225852,0.101467,0.142647,0.142647,0,0,0,0.101456,0.190356,0.190356,0,0,0,0.101434,0.262928,0.262928,0,0,0
325,21-Aug-95,24:00:00,245.428666,0.087859,0.13434,0.13434,0,0,0,0.087851,0.17927,0.17927,0,0,0,0.087834,0.247616,0.247616,0,0,0
326,22-Aug-95,24:00:00,246.51748,0.084285,0.126517,0.126517,0,0,0,0.084269,0.16883,0.16883,0,0,0,0.084231,0.233196,0.233196,0,0,0
327,23-Aug-95,24:00:00,245.260258,0.097033,0.119149,0.119149,0,0,0,0.097024,0.158998,0.158998,0,0,0,0.097006,0.219616,0.219616,0,0,0
328,24-Aug-95,24:00:00,257.549003,0.085322,0.11221,0.11221,0,0,0,0.085315,0.149739,0.149739,0,0,0,0.085299,0.206826,0.206826,0,0,0
329,25-Aug-95,24:00:00,274.651065,0.08081,0.105676,0.105676,0,0,0,0.0808,0.141019,0.141019,0,0,0,0.08078,0.194782,0.194782,0,0,0
330,26-Aug-95,24:00:00,278.464182,0.094748,0.099522,0.099522,0,0,0,0.094737,0.132807,0.132807,0,0,0,0.094713,0.183438,0.183438,0,0,0
331,27-Aug-95,24:00:00,276.792178,0.090217,0.093726,0.093726,0,0,0,0.090204,0.125073,0.125073,0,0,0,0.090176,0.172756,0.172756,0,0,0
332,28-Aug-95,24:00:00,276.379792,0.09323,0.088268,0.088268,0,0,0,0.093217,0.117789,0.117789,0,0,0,0.093192,0.162695,0.162695,0,0,0
333,29-Aug-95,24:00:00,276.351937,0.084817,0.083127,0.083127,0,0,0,0.084807,0.110929,0.110929,0,0,0,0.084787,0.153221,0.153221,0,0,0
334,30-Aug-95,24:00:00,275.709404,0.084846,0.078286,0.078286,0,0,0,0.084832,0.104469,0.104469,0,0,0,0.084805,0.144298,0.144298,0,0,0
335,31-Aug-95,24:00:00,274.074122,0.086964,0.073727,0.073727,0,0,0,0.086949,0.098386,0.098386,0,0,0,0.086916,0.135895,0.135895,0,0,0
336,1-Sep-95,24:00:00,272.062004,0.082694,0.069434,0.069434,0,0,0,0.082691,0.092656,0.092656,0,0,0,0.082685,0.127981,0.127981,0,0,0
337,2-Sep-95,24:00:00,271.288926,0.078417,0.06539,0.06539,0,0,0,0.078406,0.08726,0.08726,0,0,0,0.078382,0.120528,0.120528,0,0,0
338,3-Sep-95,24:00:00,271.260774,0.080297,0.061582,0.061582,0,0,0,0.080286,0.082179,0.082179,0,0,0,0.080264,0.113509,0.113509,0,0,0
339,4-Sep-95,24:00:00,269.379514,0.08469,0.057996,0.057996,0,0,0,0.084678,0.077393,0.077393,0,0,0,0.084655,0.106898,0.106898,0,0,0
340,5-Sep-95,24:00:00,242.74733,0.087116,0.054619,0.054619,0,0,0,0.087101,0.072886,0.072886,0,0,0,0.087074,0.100673,0.100673,0,0,0
341,6-Sep-95,24:00:00,214.402567,0.089987,0.051438,0.051438,0,0,0,0.089975,0.068641,0.068641,0,0,0,0.089953,0.09481,0.09481,0,0,0
342,7-Sep-95,24:00:00,218.151083,0.081446,0.048442,0.048442,0,0,0,0.081442,0.064644,0.064644,0,0,0,0.081434,0.089289,0.089289,0,0,0
343,8-Sep-95,24:00:00,223.835708,0.082741,0.045621,0.045621,0,0,0,0.082731,0.060879,0.060879,0,0,0,0.082713,0.084089,0.084089,0,0,0
344,9-Sep-95,24:00:00,228.791105,0.072373,0.042965,0.042965,0,0,0,0.072369,0.057334,0.057334,0,0,0,0.072363,0.079192,0.079192,0,0,0
345,10-Sep-95,24:00:00,232.11722,0.063535,0.040462,0.040462,0,0,0,0.063534,0.053995,0.053995,0,0,0,0.063533,0.07458,0.07458,0,0,0
346,11-Sep-95,24:00:00,230.916938,0.083298,0.038106,0.038106,0,0,0,0.083298,0.050851,0.050851,0,0,0,0.083298,0.070237,0.070237,0,0,0
347,12-Sep-95,24:00:00,230.163946,0.075282,0.035887,0.035887,0,0,0,0.075282,0.047889,0.047889,0,0,0,0.075281,0.066147,0.066147,0,0,0
348,13-Sep-95,24:00:00,225.167167,0.070108,0.033797,0.033797,0,0,0,0.070108,0.045101,0.045101,0,0,0,0.070108,0.062295,0.062295,0,0,0
349,14-Sep-95,24:00:00,229.646846,0.07809,0.031829,0.031829,0,0,0,0.078086,0.042474,0.042474,0,0,0,0.078079,0.058667,0.058667,0,0,0
350,15-Sep-95,24:00:00,228.457048,0.077791,0.029975,0.029975,0,0,0,0.07779,0.040001,0.040001,0,0,0,0.077792,0.055251,0.055251,0,0,0
351,16-Sep-95,24:00:00,220.819159,0.064086,0.02823,0.02823,0,0,0,0.064085,0.037671,0.037671,0,0,0,0.064094,0.052033,0.052033,0,0,0
352,17-Sep-95,24:00:00,220.643021,0.08461,0.026586,0.026586,0,0,0,0.08461,0.035477,0.035477,0,0,0,0.08461,0.049003,0.049003,0,0,0
353,18-Sep-95,24:00:00,220.216224,0.07593,0.025037,0.025037,0,0,0,0.07593,0.033411,0.033411,0,0,0,0.07593,0.046149,0.046149,0,0,0
354,19-Sep-95,24:00:00,218.495701,0.071279,0.023579,0.023579,0,0,0,0.071279,0.031466,0.031466,0,0,0,0.071279,0.043462,0.043462,0,0,0
355,20-Sep-95,24:00:00,211.880161,0.080864,0.022206,0.022206,0,0,0,0.080864,0.029633,0.029633,0,0,0,0.080863,0.040931,0.040931,0,0,0
356,21-Sep-95,24:00:00,212.50272,0.062199,0.020913,0.020913,0,0,0,0.062183,0.027907,0.027907,0,0,0,0.062154,0.038547,0.038547,0,0,0
357,22-Sep-95,24:00:00,226.859646,0.046521,0.019695,0.019695,0,0,0,0.046502,0.026282,0.026282,0,0,0,0.046467,0.036302,0.036302,0,0,0
358,23-Sep-95,24:00:00,235.829917,0.066722,0.018548,0.018548,0,0,0,0.066719,0.024752,0.024752,0,0,0,0.066714,0.034188,0.034188,0,0,0
359,24-Sep-95,24:00:00,238.299099,0.054494,0.017468,0.017468,0,0,0,0.054473,0.02331,0.02331,0,0,0,0.054436,0.032197,0.032197,0,0,0
360,25-Sep-95,24:00:00,228.483507,0.063042,0.016451,0.016451,0,0,0,0.06303,0.021953,0.021953,0,0,0,0.063006,0.030322,0.030322,0,0,0
361,26-Sep-95,24:00:00,219.67978,0.065863,0.015493,0.015493,0,0,0,0.065859,0.020674,0.020674,0,0,0,0.065851,0.028556,0.028556,0,0,0
362,27-Sep-95,24:00:00,216.842542,0.059248,0.014591,0.014591,0,0,0,0.059227,0.01947,0.01947,0,0,0,0.059189,0.026893,0.026893,0,0,0
363,28-Sep-95,24:00:00,218.558364,0.061286,0.013741,0.013741,0,0,0,0.061259,0.018336,0.018336,0,0,0,0.061212,0.025327,0.025327,0,0,0
364,29-Sep-95,24:00:00,228.738776,0.061274,0.012941,0.012941,0,0,0,0.061268,0.017269,0.017269,0,0,0,0.061257,0.023852,0.023852,0,0,0
365,30-Sep-95,24:00:00,233.967198,0.058016,0.012187,0.012187,0,0,0,0.058014,0.016263,0.016263,0,0,0,0.058012,0.022463,0.022463,0,0,0
366,1-Oct-95,24:00:00,232.804004,0.061807,0.011477,0.011477,0,0,0,0.061807,0.015316,0.015316,0,0,0,0.061807,0.021155,0.021155,0,0,0
367,2-Oct-95,24:00:00,227.703797,0.063317,0.010809,0.010809,0,0,0,0.063317,0.014424,0.014424,0,0,0,0.063317,0.019923,0.019923,0,0,0
368,3-Oct-95,24:00:00,222.597295,0.076874,0.010179,0.010179,0,0,0,0.076865,0.013584,0.013584,0,0,0,0.076865,0.018763,0.018763,0,0,0
369,4-Oct-95,24:00:00,218.576946,0.070261,0.009587,0.009587,0,0,0,0.070239,0.012793,0.012793,0,0,0,0.070206,0.01767,0.01767,0,0,0
370,5-Oct-95,24:00:00,215.196457,0.056678,0.009028,0.009028,0,0,0,0.056662,0.012048,0.012048,0,0,0,0.056634,0.016641,0.016641,0,0,0
371,6-Oct-95,24:00:00,214.054209,0.056413,0.008503,0.008503,0,0,0,0.056395,0.011346,0.011346,0,0,0,0.056365,0.015672,0.015672,0,0,0
372,7-Oct-95,24:00:00,214.034023,0.055487,0.008007,0.008007,0,0,0,0.05547,0.010686,0.010686,0,0,0,0.055442,0.014759,0.014759,0,0,0
373,8-Oct-95,24:00:00,214.031924,0.057027,0.007541,0.007541,0,0,0,0.057009,0.010063,0.010063,0,0,0,0.056979,0.0139,0.0139,0,0,0
374,9-Oct-95,24:00:00,215.274061,0.055087,0.007102,0.007102,0,0,0,0.055071,0.009477,0.009477,0,0,0,0.055045,0.01309,0.01309,0,0,0
375,10-Oct-95,24:00:00,217.260278,0.055533,0.006688,0.006688,0,0,0,0.055518,0.008925,0.008925,0,0,0,0.055494,0.012328,0.012328,0,0,0
376,11-Oct-95,24:00:00,214.282559,0.041166,0.006299,0.006299,0,0,0,0.041149,0.008406,0.008406,0,0,0,0.041121,0.01161,0.01161,0,0,0
377,12-Oct-95,24:00:00,215.793114,0.048568,0.005932,0.005932,0,0,0,0.048553,0.007916,0.007916,0,0,0,0.048528,0.010934,0.010934,0,0,0
378,13-Oct-95,24:00:00,217.987803,0.048622,0.005587,0.005587,0,0,0,0.048594,0.007455,0.007455,0,0,0,0.048549,0.010297,0.010297,0,0,0
379,14-Oct-95,24:00:00,218.022023,0.051537,0.005261,0.005261,0,0,0,0.051511,0.007021,0.007021,0,0,0,0.05147,0.009698,0.009698,0,0,0
380,15-Oct-95,24:00:00,218.020974,0.040798,0.004955,0.004955,0,0,0,0.040777,0.006612,0.006612,0,0,0,0.040742,0.009133,0.009133,0,0,0
381,16-Oct-95,24:00:00,218.019753,0.050478,0.004666,0.004666,0,0,0,0.050472,0.006227,0.006227,0,0,0,0.050462,0.008601,0.008601,0,0,0
382,17-Oct-95,24:00:00,217.396605,0.056994,0.004395,0.004395,0,0,0,0.056983,0.005864,0.005864,0,0,0,0.056964,0.0081,0.0081,0,0,0
383,18-Oct-95,24:00:00,215.157541,0.046066,0.004139,0.004139,0,0,0,0.046066,0.005523,0.005523,0,0,0,0.046066,0.007628,0.007628,0,0,0
384,19-Oct-95,24:00:00,207.814607,0.050204,0.003898,0.003898,0,0,0,0.050204,0.005201,0.005201,0,0,0,0.050204,0.007184,0.007184,0,0,0
385,20-Oct-95,24:00:00,201.076089,0.038859,0.003671,0.003671,0,0,0,0.03883,0.004898,0.004898,0,0,0,0.038813,0.006766,0.006766,0,0,0
386,21-Oct-95,24:00:00,199.146596,0.049868,0.003457,0.003457,0,0,0,0.049862,0.004613,0.004613,0,0,0,0.049862,0.006372,0.006372,0,0,0
387,22-Oct-95,24:00:00,208.758061,0.038593,0.003256,0.003256,0,0,0,0.038571,0.004344,0.004344,0,0,0,0.038535,0.006001,0.006001,0,0,0
388,23-Oct-95,24:00:00,215.534932,0.044057,0.003066,0.003066,0,0,0,0.044026,0.004091,0.004091,0,0,0,0.043975,0.005651,0.005651,0,0,0
389,24-Oct-95,24:00:00,213.51752,0.042043,0.002887,0.002887,0,0,0,0.042037,0.003853,0.003853,0,0,0,0.04203,0.005322,0.005322,0,0,0
390,25-Oct-95,24:00:00,210.791533,0.032923,0.002719,0.002719,0,0,0,0.032906,0.003629,0.003629,0,0,0,0.032877,0.005012,0.005012,0,0,0
391,26-Oct-95,24:00:00,210.02304,0.047518,0.002561,0.002561,0,0,0,0.047493,0.003417,0.003417,0,0,0,0.047453,0.00472,0.00472,0,0,0
392,27-Oct-95,24:00:00,210.010294,0.024395,0.002412,0.002412,0,0,0,0.024367,0.003218,0.003218,0,0,0,0.024323,0.004445,0.004445,0,0,0
393,28-Oct-95,24:00:00,209.387617,0.03153,0.002271,0.002271,0,0,0,0.031499,0.003031,0.003031,0,0,0,0.031448,0.004187,0.004187,0,0,0
394,29-Oct-95,24:00:00,209.015071,0.043983,0.002139,0.002139,0,0,0,0.043977,0.002854,0.002854,0,0,0,0.043968,0.003943,0.003943,0,0,0
395,30-Oct-95,24:00:00,210.874564,0.030366,0.002015,0.002015,0,0,0,0.030346,0.002688,0.002688,0,0,0,0.030314,0.003713,0.003713,0,0,0
396,31-Oct-95,24:00:00,211.989983,0.014076,0.001897,0.001897,0,0,0,0.014063,0.002532,0.002532,0,0,0,0.01404,0.003497,0.003497,0,0,0
397,1-Nov-95,24:00:00,210.763442,0.028127,0.001787,0.001787,0,0,0,0.0281,0.002384,0.002384,0,0,0,0.028056,0.003293,0.003293,0,0,0
398,2-Nov-95,24:00:00,210.019154,0.03121,0.001683,0.001683,0,0,0,0.031189,0.002245,0.002245,0,0,0,0.031155,0.003101,0.003101,0,0,0
399,3-Nov-95,24:00:00,211.250788,0.033003,0.001585,0.001585,0,0,0,0.032978,0.002115,0.002115,0,0,0,0.032939,0.002921,0.002921,0,0,0
400,4-Nov-95,24:00:00,213.238282,0.024235,0.001492,0.001492,0,0,0,0.024203,0.001992,0.001992,0,0,0,0.024151,0.002751,0.002751,0,0,0
401,5-Nov-95,24:00:00,213.993834,0.027057,0.001405,0.001405,0,0,0,0.027031,0.001876,0.001876,0,0,0,0.026988,0.002591,0.002591,0,0,0
402,6-Nov-95,24:00:00,202.349681,0.029337,0.001324,0.001324,0,0,0,0.029308,0.001766,0.001766,0,0,0,0.029263,0.00244,0.00244,0,0,0
403,7-Nov-95,24:00:00,182.04344,0.031635,0.001247,0.001247,0,0,0,0.031606,0.001663,0.001663,0,0,0,0.031559,0.002298,0.002298,0,0,0
404,8-Nov-95,24:00:00,167.489642,0.027003,0.001174,0.001174,0,0,0,0.026974,0.001567,0.001567,0,0,0,0.026927,0.002164,0.002164,0,0,0
405,9-Nov-95,24:00:00,166.084139,0.024215,0.001106,0.001106,0,0,0,0.02419,0.001475,0.001475,0,0,0,0.02415,0.002038,0.002038,0,0,0
406,10-Nov-95,24:00:00,166.008033,0.02837,0.001041,0.001041,0,0,0,0.02835,0.001389,0.001389,0,0,0,0.028318,0.001919,0.001919,0,0,0
407,11-Nov-95,24:00:00,166.004334,0.025149,0.000981,0.000981,0,0,0,0.025126,0.001309,0.001309,0,0,0,0.025089,0.001807,0.001807,0,0,0
408,12-Nov-95,24:00:00,166.003947,0.030587,0.000923,0.000923,0,0,0,0.030553,0.001232,0.001232,0,0,0,0.030499,0.001702,0.001702,0,0,0
409,13-Nov-95,24:00:00,167.352493,0.033497,0.00087,0.00087,0,0,0,0.033468,0.001161,0.001161,0,0,0,0.033423,0.001603,0.001603,0,0,0
410,14-Nov-95,24:00:00,169.297692,0.031565,0.000819,0.000819,0,0,0,0.031539,0.001093,0.001093,0,0,0,0.031499,0.00151,0.00151,0,0,0
411,15-Nov-95,24:00:00,170.392745,0.025556,0.000771,0.000771,0,0,0,0.025536,0.001029,0.001029,0,0,0,0.025504,0.001422,0.001422,0,0,0
412,16-Nov-95,24:00:00,171.847331,0.025779,0.000726,0.000726,0,0,0,0.025751,0.000969,0.000969,0,0,0,0.025708,0.001339,0.001339,0,0,0
413,17-Nov-95,24:00:00,172.8964,0.023834,0.000684,0.000684,0,0,0,0.023811,0.000913,0.000913,0,0,0,0.023768,0.001261,0.001261,0,0,0
414,18-Nov-95,24:00:00,172.997057,0.024084,0.000644,0.000644,0,0,0,0.024055,0.00086,0.00086,0,0,0,0.024011,0.001188,0.001188,0,0,0
415,19-Nov-95,24:00:00,173.002332,0.015255,0.000607,0.000607,0,0,0,0.015233,0.00081,0.00081,0,0,0,0.015199,0.001118,0.001118,0,0,0
416,20-Nov-95,24:00:00,173.901615,0.031479,0.000571,0.000571,0,0,0,0.031444,0.000763,0.000763,0,0,0,0.03139,0.001053,0.001053,0,0,0
417,21-Nov-95,24:00:00,175.797886,0.008121,0.000538,0.000538,0,0,0,0.008109,0.000718,0.000718,0,0,0,0.008089,0.000992,0.000992,0,0,0
418,22-Nov-95,24:00:00,176.893004,0.017538,0.000507,0.000507,0,0,0,0.017511,0.000676,0.000676,0,0,0,0.017469,0.000934,0.000934,0,0,0
419,23-Nov-95,24:00:00,177.181858,0.027734,0.000477,0.000477,0,0,0,0.027696,0.000637,0.000637,0,0,0,0.027636,0.835971,0.00088,0.019243,0,0.001317
420,24-Nov-95,24:00:00,177.633512,0.014453,0.000449,0.000449,0,0,0,0.014429,0.0006,0.0006,0,0,0,0.014391,0.056719,0.000829,0,0,0.002749
421,25-Nov-95,24:00:00,177.071252,0.015477,0.000423,0.000423,0,0,0,0.015467,0.000565,0.000565,0,0,0,0.015452,0.00078,0.00078,0,0,0.002749
422,26-Nov-95,24:00:00,177.005552,0.026863,0.000399,0.000399,0,0,0,0.026841,0.000532,0.000532,0,0,0,0.026807,0.000735,0.000735,0,0,0.002749
423,27-Nov-95,24:00:00,175.652998,0.027526,0.000375,0.000375,0,0,0,0.027487,0.000501,0.000501,0,0,0,0.027427,0.000692,0.000692,0,0,0.002749
424,28-Nov-95,24:00:00,179.102444,0.021691,0.000354,0.000354,0,0,0,0.021663,0.000472,0.000472,0,0,0,0.02162,0.000652,0.000652,0,0,0.001902
425,29-Nov-95,24:00:00,194.364397,0.027877,0.000333,0.000333,0,0,0,0.027846,0.000444,0.000444,0,0,0,0.027798,0.000614,0.000614,0,0,0.000303
426,30-Nov-95,24:00:00,205.66651,0.013914,0.000314,0.000314,0,0,0,0.013892,0.000418,0.000418,0,0,0,0.013858,0.000578,0.000578,0,0,0
427,1-Dec-95,24:00:00,218.486622,0.010633,0.000295,0.000295,0,0,0,0.010621,7.799399,0.000394,0.114457,0,0.011051,0.010603,10.701556,0.000544,0.236021,0,0.021419
428,2-Dec-95,24:00:00,214.050689,0.022978,0.000278,0.000278,0,0,0,0.022952,1.995783,0.000371,0,0,0.016351,0.022901,0.227463,0.000513,0,0,0.033717
429,3-Dec-95,24:00:00,208.546351,0.008287,0.128546,0.000262,0.272776,0,0.005666,0.008281,4.522993,0.00035,0.365396,0,0.025163,0.008267,7.675554,0.000483,0.442517,0,0.045298
430,4-Dec-95,24:00:00,259.233636,0.006888,1.971082,0.000247,0.123834,0,0.055293,0.006887,36.622972,0.000329,0.142793,0,0.08701,0.006885,21.216312,0.000455,0.195926,0,0.119403
431,5-Dec-95,24:00:00,201.516093,0.006049,0.206547,0.000232,0,0,0.056659,0.006049,7.089635,0.00031,0.058606,0,0.096034,0.006049,11.202503,0.000428,0.227841,0,0.152257
432,6-Dec-95,24:00:00,180.285038,0.010213,0.004598,0.000219,0,0,0.056659,0.010201,0.617831,0.000292,0,0,0.097322,0.010184,0.042136,0.000403,0.004975,0,0.157546
433,7-Dec-95,24:00:00,173.687633,0.014224,0.000206,0.000206,0,0,0.056659,0.014205,0.009474,0.000275,0,0,0.097322,0.014176,0.205599,0.00038,0,0,0.158183
434,8-Dec-95,24:00:00,173.071659,0.016643,0.000194,0.000194,0,0,0.056659,0.016613,0.000259,0.000259,0,0,0.097322,0.016562,0.000358,0.000358,0,0,0.158183
435,9-Dec-95,24:00:00,173.004787,0.010849,0.000183,0.000183,0,0,0.056659,0.010826,0.000244,0.000244,0,0,0.097322,0.010781,0.000337,0.000337,0,0,0.158183
436,10-Dec-95,24:00:00,187.361563,0.006699,1.39783,0.000172,0.823697,0,0.091365,0.006693,24.284116,0.00023,0.796902,0,0.131155,0.006684,26.48857,0.000317,0.858987,0,0.194745
437,11-Dec-95,24:00:00,341.958979,0.008735,9.069387,0.000162,3.97243,0,0.33413,0.008735,137.865525,0.000216,3.741464,0,0.364771,0.008735,90.323602,0.000299,3.643987,0,0.42647
438,12-Dec-95,24:00:00,2492.54,0.021983,551.382864,154.679513,2.729096,0.921833,0.96991,0.021983,688.873675,193.494661,2.604748,0.824365,0.969072,0.021983,1579.00,800.905846,2.244091,0.854345,0.980522
439,13-Dec-95,24:00:00,2521.91,0.01081,737.277194,606.45773,0.278913,0.278913,1,0.010806,742.576329,648.653511,0.264452,0.264452,1,0.010799,654.540492,632.606551,0.31354,0.31354,1
440,14-Dec-95,24:00:00,1134.03,0.006518,371.901895,363.614921,0.604443,0.604443,1,0.006517,355.457941,338.428004,0.597312,0.597312,1,0.006516,325.037755,311.079541,0.593879,0.593879,1
441,15-Dec-95,24:00:00,5996.07,0.015118,1384.05,680.36888,0.6238,0.6238,1,0.01511,1790.41,813.210003,0.626862,0.626862,1,0.015086,3008.77,1422.60,0.622162,0.622162,1
442,16-Dec-95,24:00:00,1883.30,0.017585,647.833616,553.773906,0,0,1,0.017555,662.001394,570.247204,0,0,1,0.01751,189.02034,189.014143,0,0,1
443,17-Dec-95,24:00:00,616.99507,0.015935,204.768802,201.727093,0,0,1,0.015906,185.296556,184.888958,0,0,1,0.015862,139.119844,139.119844,0,0,1
444,18-Dec-95,24:00:00,706.312671,0.008443,138.422923,138.070405,0.073021,0.073021,1,0.008427,189.910969,179.591726,0.137251,0.137251,1,0.008403,429.181868,418.289057,0.235422,0.235422,1
445,19-Dec-95,24:00:00,573.606331,0.010784,126.840601,126.770939,0,0,1,0.010765,168.477962,167.00425,0,0,1,0.010737,149.371891,149.36446,0,0,1
446,20-Dec-95,24:00:00,390.442972,0.012987,96.299278,96.296195,0,0,1,0.012962,109.677299,109.65293,0,0,1,0.012919,130.953387,130.953387,0,0,1
447,21-Dec-95,24:00:00,347.866888,0.010909,84.697906,84.697906,0,0,1,0.010886,94.336794,94.336794,0,0,1,0.010849,123.314553,123.314553,0,0,1
448,22-Dec-95,24:00:00,574.983555,0.008697,128.469273,127.796404,0.142818,0.142818,1,0.008681,176.155957,164.162073,0.161688,0.161688,1,0.008658,281.99595,275.871839,0.132448,0.132448,1
449,23-Dec-95,24:00:00,609.214501,0.017855,144.115863,143.964156,0,0,1,0.017819,168.248525,166.357819,0,0,1,0.017763,125.550851,125.542501,0,0,1
450,24-Dec-95,24:00:00,436.170818,0.023274,91.917968,91.910786,0,0,1,0.023233,99.476011,99.439236,0,0,1,0.023171,111.351305,111.351305,0,0,1
451,25-Dec-95,24:00:00,387.878306,0.02062,74.230405,74.230405,0,0,1,0.020587,82.550522,82.550522,0,0,1,0.020538,104.85741,104.85741,0,0,1
452,26-Dec-95,24:00:00,369.619073,0.011676,67.978999,67.978999,0,0,1,0.011653,76.514354,76.514354,0,0,1,0.011617,98.75098,98.75098,0,0,1
453,27-Dec-95,24:00:00,356.204496,0.005118,63.78235,63.78235,0,0,1,0.005114,71.950587,71.950587,0,0,1,0.005108,93.000167,93.000167,0,0,1
454,28-Dec-95,24:00:00,343.059983,0.003962,60.042186,60.042186,0,0,1,0.003962,67.752166,67.752166,0,0,1,0.003962,87.584257,87.584257,0,0,1
455,29-Dec-95,24:00:00,2551.75,0.003326,494.312274,234.177361,1.354157,1.354157,1,0.003326,956.185515,306.921479,1.358873,1.358873,1,0.003326,2174.73,1031.33,1.371892,1.371892,1
456,30-Dec-95,24:00:00,5351.99,0.010441,1214.21,947.469378,0.339708,0.339708,1,0.010429,1616.95,1137.72,0.327799,0.327799,1,0.010409,1470.09,1331.56,0.339904,0.339904,1
457,31-Dec-95,24:00:00,1648.57,0.030179,566.089292,548.789185,0,0,1,0.030142,561.847973,541.140116,0,0,1,0.030087,199.335008,199.335008,0,0,1
458,1-Jan-96,24:00:00,727.510309,0.021868,204.309491,204.303206,0,0,1,0.021836,193.904576,193.901895,0,0,1,0.021784,173.489441,173.489441,0,0,1
459,2-Jan-96,24:00:00,558.605899,0.023738,126.285085,126.285085,0,0,1,0.023704,134.841949,134.841949,0,0,1,0.023652,163.369421,163.369421,0,0,1
460,3-Jan-96,24:00:00,515.714254,0.014785,109.571755,109.571755,0,0,0.99996,0.014767,122.146613,122.146613,0,0,0.999966,0.01474,153.85551,153.85551,0,0,0.999975
461,4-Jan-96,24:00:00,492.986186,0.015883,102.093693,102.093693,0,0,0.998725,0.01586,114.626788,114.626788,0,0,0.998746,0.015823,144.895659,144.895659,0,0,0.998778
462,5-Jan-96,24:00:00,472.607811,0.010665,96.032968,96.032968,0,0,0.996865,0.010648,107.920858,107.920858,0,0,0.996889,0.010622,136.457588,136.457588,0,0,0.996925
463,6-Jan-96,24:00:00,452.540859,0.014364,90.429172,90.429172,0,0,0.995047,0.014339,101.633893,101.633893,0,0,0.995074,0.014301,128.510913,128.510913,0,0,0.995115
464,7-Jan-96,24:00:00,433.63985,0.010232,85.161936,85.161936,0,0,0.993306,0.010211,95.71505,95.71505,0,0,0.993336,0.01018,121.027016,121.027016,0,0,0.993382
465,8-Jan-96,24:00:00,414.596654,0.013893,80.202395,80.202395,0,0,0.991545,0.013872,90.141028,90.141028,0,0,0.991578,0.01384,113.978948,113.978948,0,0,0.991629
466,9-Jan-96,24:00:00,396.468132,0.006785,75.531761,75.531761,0,0,0.990081,0.006768,84.89162,84.89162,0,0,0.990117,0.006752,107.341327,107.341327,0,0,0.990171
467,10-Jan-96,24:00:00,380.29783,0.021911,71.13313,71.13313,0,0,0.98806,0.021878,79.947914,79.947914,0,0,0.988099,0.021836,101.090252,101.090252,0,0,0.988157
468,11-Jan-96,24:00:00,365.424732,0.023071,66.990657,66.990657,0,0,0.984883,0.023037,75.292108,75.292108,0,0,0.984927,0.022985,95.203211,95.203211,0,0,0.984992
469,12-Jan-96,24:00:00,351.423439,0.01685,63.089423,63.089423,0,0,0.981923,0.016825,70.907434,70.907434,0,0,0.981971,0.016786,89.659005,89.659005,0,0,0.982043
470,13-Jan-96,24:00:00,338.237557,0.023492,59.415379,59.415379,0,0,0.979129,0.023459,66.778105,66.778105,0,0,0.979181,0.023407,84.437668,84.437668,0,0,0.979259
471,14-Jan-96,24:00:00,331.565194,0.008213,55.955295,55.955295,0,0,0.977406,0.008201,62.889249,62.889249,0,0,0.977461,0.008175,87.537947,80.554062,0.171372,0.014169,0.996104
472,15-Jan-96,24:00:00,1614.08,0.010495,151.550374,149.35668,0.655951,0.497793,0.997215,0.010478,311.700105,263.369607,0.872615,0.71484,0.997722,0.010452,1524.90,1236.03,1.255561,1.255561,1
473,16-Jan-96,24:00:00,5854.19,0.014712,1402.43,572.223616,1.06606,1.06606,1,0.014698,1901.03,837.98897,1.045531,1.045531,1,0.014675,2717.69,1607.54,0.942163,0.942163,1
474,17-Jan-96,24:00:00,4898.54,0.024405,1015.19,738.006339,0.03123,0.03123,1,0.024378,1166.68,891.883171,0.220964,0.220964,1,0.024345,985.624819,946.30101,0.622177,0.622177,1
475,18-Jan-96,24:00:00,5791.95,0.006743,979.031536,431.212082,0.890759,0.890759,1,0.006738,1436.82,615.136854,0.962213,0.962213,1,0.006732,2639.42,1313.93,1.026392,1.026392,1
476,19-Jan-96,24:00:00,5828.75,0.01826,1031.82,661.833428,0.050044,0.050044,1,0.018252,1355.16,921.563656,0.337177,0.337177,1,0.018227,1311.70,1210.97,0.664247,0.664247,1
477,20-Jan-96,24:00:00,3560.72,0.004893,409.051901,382.791106,0.777301,0.777301,1,0.004889,664.024026,615.367501,0.775538,0.775538,1,0.004882,940.545323,914.390768,0.747422,0.747422,1
478,21-Jan-96,24:00:00,3309.99,0.017056,660.568196,642.803223,0.058297,0.058297,1,0.01705,889.190642,840.481697,0.081702,0.081702,1,0.01704,1240.70,1217.42,0.230077,0.230077,1
479,22-Jan-96,24:00:00,2994.99,0.02732,403.180778,401.842097,0,0,1,0.027302,481.910168,476.404261,0.050627,0.050627,1,0.027276,775.540717,758.970105,0.447473,0.447473,1
480,23-Jan-96,24:00:00,3600.80,0.004151,275.369273,273.965412,0.51224,0.51224,1,0.004139,537.948378,490.755131,0.92151,0.92151,1,0.004136,1777.61,1654.38,1.477788,1.477788,1
481,24-Jan-96,24:00:00,5813.15,0.008361,883.21964,650.46048,1.291869,1.291869,1,0.008361,1526.17,1103.55,1.34689,1.34689,1,0.008361,2727.04,2084.54,1.311077,1.311077,1
482,25-Jan-96,24:00:00,7786.64,0.023686,1572.67,967.451519,0.009192,0.009192,1,0.023668,1935.45,1255.62,0.014868,0.014868,1,0.023639,1570.48,1237.42,0.06045,0.06045,1
483,26-Jan-96,24:00:00,3750.92,0.007825,568.025367,526.038643,0.164605,0.164605,1,0.007813,681.60444,640.494135,0.241939,0.241939,1,0.007793,1157.70,1132.46,0.671663,0.671663,1
484,27-Jan-96,24:00:00,5527.19,0.012503,1590.23,609.336917,0.877908,0.877908,1,0.012488,1748.68,815.905431,0.902005,0.902005,1,0.012464,2193.17,1751.59,0.886528,0.886528,1
485,28-Jan-96,24:00:00,4142.19,0.019082,870.886846,689.210082,0,0,1,0.019064,953.725513,827.822863,0,0,1,0.019034,629.243853,628.775269,0,0,1
486,29-Jan-96,24:00:00,3634.63,0.010299,351.506773,343.76725,0,0,1,0.010282,404.453967,402.582599,0,0,1,0.010263,497.866897,497.866897,0,0,1
487,30-Jan-96,24:00:00,2560.44,0.007938,266.943134,265.86491,0.726024,0.726024,1,0.007936,351.957817,337.242875,0.571702,0.571702,1,0.007934,608.722049,600.45394,0.309211,0.309211,1
488,31-Jan-96,24:00:00,3230.37,0.023203,619.642467,616.704786,0,0,1,0.023187,711.141541,678.225943,0,0,1,0.023162,714.297266,708.248674,0,0,1
489,1-Feb-96,24:00:00,3181.38,0.018223,420.908133,420.613154,0.01987,0.01987,1,0.018207,476.243594,466.317807,0.122329,0.122329,1,0.018182,554.626182,550.053152,0.099866,0.099866,1
490,2-Feb-96,24:00:00,2231.57,0.024766,258.768698,258.737304,0,0,1,0.024739,362.416212,360.280987,0,0,1,0.024698,429.067254,429.016412,0,0,1
491,3-Feb-96,24:00:00,1229.28,0.011285,211.563674,211.302576,0.330714,0.330714,1,0.011282,278.182304,277.058531,0.26769,0.26769,1,0.011275,399.58185,398.896076,0.192364,0.192364,1
492,4-Feb-96,24:00:00,7719.76,0.011322,2664.78,679.862532,1.68,1.68,1,0.01132,2712.44,842.795219,1.68,1.68,1,0.011318,3203.13,1936.50,1.671027,1.671027,1
493,5-Feb-96,24:00:00,5991.70,0.027328,1843.58,1236.45,0.095169,0.095169,1,0.027315,1919.62,1446.79,0.117866,0.117866,1,0.027288,1244.84,1217.09,0,0,1
494,6-Feb-96,24:00:00,3168.89,0.023306,667.501208,634.859286,0,0,1,0.023286,679.188785,664.674148,0,0,1,0.023253,451.282703,451.282703,0,0,1
495,7-Feb-96,24:00:00,3400.91,0.020225,315.627414,315.626899,0,0,1,0.020204,350.720449,350.720449,0,0,1,0.020169,421.197005,421.197005,0,0,1
496,8-Feb-96,24:00:00,2216.79,0.012944,243.470439,243.470439,0,0,1,0.01293,292.183319,292.183319,0,0,1,0.012907,396.664584,396.664584,0,0,1
497,9-Feb-96,24:00:00,1282.39,0.017987,222.002561,222.002561,0,0,0.999968,0.017971,271.443231,271.443231,0,0,0.999975,0.017946,373.564623,373.564623,0,0,0.999979
498,10-Feb-96,24:00:00,1062.80,0.028001,208.239555,208.239555,0,0,0.997744,0.027977,255.32909,255.32909,0,0,0.997782,0.02794,351.809902,351.809902,0,0,0.997805
499,11-Feb-96,24:00:00,1016.54,0.034585,196.026236,196.026236,0,0,0.993358,0.034565,240.437105,240.437105,0,0,0.993399,0.034531,331.322078,331.322078,0,0,0.993427
500,12-Feb-96,24:00:00,1078.12,0.038373,184.60219,184.60219,0,0,0.988094,0.038348,226.43355,226.43355,0,0,0.988138,0.03831,312.027373,312.027373,0,0,0.988171
501,13-Feb-96,24:00:00,1145.77,0.04142,173.851019,173.851019,0,0,0.98247,0.041388,213.246976,213.246976,0,0,0.982518,0.041337,293.856304,293.856304,0,0,0.982557
502,14-Feb-96,24:00:00,1134.71,0.039742,163.72665,163.72665,0,0,0.976591,0.039723,201.955788,200.828426,0.150045,0,0.979485,0.039693,286.576207,282.477032,0.29851,0.115136,0.982148
503,15-Feb-96,24:00:00,1333.73,0.015813,155.926441,155.692067,0.378058,0.193976,0.980011,0.015804,221.579647,202.733672,0.43002,0.396358,0.999378,0.015789,557.105254,539.796233,0.340786,0.340786,1
504,16-Feb-96,24:00:00,1917.49,0.019026,314.43839,311.895229,0.142296,0.142296,1,0.019022,550.506938,514.110419,0.101533,0.101533,1,0.019016,599.432792,589.95427,0.027792,0.027792,1
505,17-Feb-96,24:00:00,1353.24,0.025141,302.441229,301.549053,0.267299,0.267299,1,0.025128,398.036146,385.388719,0.290325,0.290325,1,0.025107,345.519075,340.42951,0.267441,0.267441,1
506,18-Feb-96,24:00:00,2260.43,0.009729,582.594871,356.931267,0.801582,0.801582,1,0.009724,773.797389,454.193618,0.800373,0.800373,1,0.009717,1446.36,819.170788,0.785186,0.785186,1
507,19-Feb-96,24:00:00,6323.12,0.012445,1669.81,811.967112,1.08712,1.08712,1,0.012445,1845.41,1010.08,1.160521,1.160521,1,0.012445,2102.04,1635.76,1.137334,1.137334,1
508,20-Feb-96,24:00:00,5175.00,0.014598,1299.36,1133.63,1.00556,1.00556,1,0.014597,1516.90,1358.66,0.966988,0.966988,1,0.014591,1498.82,1454.74,0.751112,0.751112,1
509,21-Feb-96,24:00:00,4678.10,0.021634,1217.76,1204.89,0.501473,0.501473,1,0.021622,1479.26,1391.98,0.478266,0.478266,1,0.021602,1546.04,1511.04,0.478661,0.478661,1
510,22-Feb-96,24:00:00,3682.78,0.030167,755.639947,754.813289,0,0,1,0.030146,783.557731,775.825513,0.025534,0.025534,1,0.03011,502.605388,499.482643,0.059996,0.059996,1
511,23-Feb-96,24:00:00,3982.08,0.013348,365.666938,365.577375,0.134835,0.134835,1,0.013342,400.882136,398.178575,0.153219,0.153219,1,0.013333,536.607146,530.01915,0.251541,0.251541,1
512,24-Feb-96,24:00:00,3906.35,0.021215,335.275074,334.604719,0,0,1,0.021205,422.513618,411.632113,0,0,1,0.021188,572.268083,566.855077,0,0,1
513,25-Feb-96,24:00:00,2283.36,0.025949,278.001147,277.94595,0,0,1,0.025931,327.195667,326.61667,0,0,1,0.0259,358.447024,358.447024,0,0,1
514,26-Feb-96,24:00:00,1278.51,0.03731,230.935601,230.935213,0,0,1,0.037296,273.263317,273.263317,0,0,1,0.037272,336.612548,336.612548,0,0,1
515,27-Feb-96,24:00:00,1156.20,0.025477,224.460671,224.253926,0.053752,0.053752,1,0.025462,281.738823,276.655229,0.188847,0.188847,1,0.025436,505.269228,496.418169,0.416146,0.416146,1
516,28-Feb-96,24:00:00,2387.56,0.016803,421.674223,418.295842,1.16981,1.16981,1,0.016796,667.709345,611.116361,1.097683,1.097683,1,0.016785,1170.38,1139.86,0.722855,0.722855,1
517,29-Feb-96,24:00:00,3961.97,0.017695,1219.90,1020.63,0.521914,0.521914,1,0.017688,1276.33,1194.27,0.452252,0.452252,1,0.017675,1203.66,1174.92,0.332355,0.332355,1
518,1-Mar-96,24:00:00,2232.04,0.044939,736.264539,713.199226,0,0,1,0.044917,712.215085,706.277775,0,0,1,0.044881,375.469127,375.456968,0,0,1
519,2-Mar-96,24:00:00,1296.63,0.043396,338.343092,337.728409,0,0,0.999761,0.043387,345.310042,345.279313,0,0,0.999763,0.043373,337.91463,337.91463,0,0,0.99977
520,3-Mar-96,24:00:00,1092.59,0.027566,241.78003,241.78003,0,0,0.997557,0.027551,273.789493,273.789493,0,0,0.997563,0.027526,318.21624,318.21624,0,0,0.997584
521,4-Mar-96,24:00:00,1771.96,0.012668,415.298888,357.930273,1.284002,1.250713,0.998871,0.012659,499.016576,440.556696,1.273439,1.240205,0.998747,0.012645,1071.02,1029.25,1.221997,1.188895,0.998717
522,5-Mar-96,24:00:00,4599.75,0.02393,1030.88,953.850555,0.106765,0.106765,1,0.023919,1163.89,1110.00,0.06057,0.06057,1,0.023899,1172.85,1155.65,0.051702,0.051702,1
523,6-Mar-96,24:00:00,3365.41,0.035391,572.844584,567.741217,0,0,1,0.035376,568.167441,565.665168,0,0,1,0.035351,352.538641,352.537796,0,0,1
524,7-Mar-96,24:00:00,2312.84,0.039773,297.978153,297.976794,0,0,1,0.03975,311.899834,311.899834,0,0,1,0.03971,326.004576,326.004576,0,0,1
525,8-Mar-96,24:00:00,1395.44,0.039264,233.346935,233.346935,0,0,0.9975,0.039239,262.557814,262.557814,0,0,0.997466,0.039195,307.012891,307.012891,0,0,0.997555
526,9-Mar-96,24:00:00,1048.33,0.051118,213.229493,213.229493,0,0,0.991309,0.051094,244.19976,244.19976,0,0,0.99126,0.05105,289.133838,289.133838,0,0,0.991401
527,10-Mar-96,24:00:00,962.800455,0.033802,200.057109,200.057109,0,0,0.987178,0.03378,229.725345,229.725345,0,0,0.987132,0.033742,272.295986,272.295986,0,0,0.986824
528,11-Mar-96,24:00:00,1432.88,0.029678,288.767389,286.877185,0.590007,0.500237,0.999373,0.029665,384.800243,353.043453,0.646643,0.55655,0.999258,0.02964,680.515655,658.816407,0.629951,0.530576,0.998811
529,12-Mar-96,24:00:00,2429.22,0.028796,555.028699,552.173473,0.279658,0.279658,1,0.028781,723.931637,681.873075,0.248387,0.248387,1,0.028754,830.314513,812.323861,0.227268,0.227268,1
530,13-Mar-96,24:00:00,1563.70,0.065777,410.552645,410.241326,0,0,1,0.065761,438.249866,435.015824,0,0,1,0.065733,285.05775,285.05775,0,0,1
531,14-Mar-96,24:00:00,1179.25,0.060723,234.4028,234.394718,0,0,0.996363,0.060719,250.623073,250.610303,0,0,0.996366,0.060712,260.516481,260.516481,0,0,0.996372
532,15-Mar-96,24:00:00,1086.20,0.058888,186.62635,186.62635,0,0,0.988153,0.058888,210.911529,210.911529,0,0,0.988158,0.058887,245.335827,245.335827,0,0,0.988167
533,16-Mar-96,24:00:00,1039.62,0.052996,170.81713,170.81713,0,0,0.980177,0.052976,196.042104,196.042104,0,0,0.980184,0.052959,231.048567,231.048567,0,0,0.980194
534,17-Mar-96,24:00:00,1003.54,0.067017,160.283293,160.283293,0,0,0.971571,0.067015,184.406448,184.406448,0,0,0.971579,0.067015,217.593339,217.593339,0,0,0.971591
535,18-Mar-96,24:00:00,970.40466,0.069599,150.887075,150.887075,0,0,0.961815,0.069599,173.650883,173.650883,0,0,0.961823,0.069598,204.921683,204.921683,0,0,0.961834
536,19-Mar-96,24:00:00,939.275387,0.069611,142.093995,142.093995,0,0,0.951861,0.069611,163.537074,163.537074,0,0,0.951869,0.069612,192.987967,192.987967,0,0,0.951881
537,20-Mar-96,24:00:00,943.614923,0.062979,133.818512,133.818512,0,0,0.942344,0.062979,154.013333,154.013333,0,0,0.942352,0.062979,181.749217,181.749217,0,0,0.942363
538,21-Mar-96,24:00:00,863.014146,0.071179,126.025473,126.025473,0,0,0.933055,0.071179,145.044286,145.044286,0,0,0.933063,0.071179,171.164962,171.164962,0,0,0.933074
539,22-Mar-96,24:00:00,716.571793,0.043072,118.686313,118.686313,0,0,0.924553,0.043061,136.597559,136.597559,0,0,0.924562,0.04304,161.197085,161.197085,0,0,0.924574
540,23-Mar-96,24:00:00,649.98022,0.054985,111.774556,111.774556,0,0,0.917538,0.054982,128.642733,128.642733,0,0,0.917548,0.054977,151.809693,151.809693,0,0,0.917563
541,24-Mar-96,24:00:00,627.200653,0.042727,105.265309,105.265309,0,0,0.910673,0.042716,121.151159,121.151159,0,0,0.910684,0.042692,142.96898,142.96898,0,0,0.9107
542,25-Mar-96,24:00:00,605.480644,0.058129,99.135132,99.135132,0,0,0.903348,0.058125,114.095862,114.095862,0,0,0.90336,0.058116,134.643111,134.643111,0,0,0.903379
543,26-Mar-96,24:00:00,586.779001,0.055563,93.361948,93.361948,0,0,0.895315,0.05555,107.451433,107.451433,0,0,0.895328,0.055527,126.802102,126.802102,0,0,0.895349
544,27-Mar-96,24:00:00,570.378305,0.017666,87.924969,87.924969,0,0,0.889952,0.017658,101.193945,101.193945,0,0,0.891151,0.017652,121.957878,119.417719,0.18008,0,0.895218
545,28-Mar-96,24:00:00,560.762429,0.053498,82.804615,82.804615,0,0,0.884819,0.053483,95.300866,95.300866,0,0,0.891023,0.053454,118.261062,112.463369,0,0,0.9169
546,29-Mar-96,24:00:00,536.419147,0.053197,77.982447,77.982447,0,0,0.877362,0.053184,89.750972,89.750972,0,0,0.887084,0.053159,105.914009,105.914009,0,0,0.916629
547,30-Mar-96,24:00:00,519.85617,0.051112,73.441101,73.441101,0,0,0.870003,0.051098,84.52428,84.52428,0,0,0.879727,0.051072,99.746054,99.746054,0,0,0.912589
548,31-Mar-96,24:00:00,504.759519,0.046776,69.197819,69.164222,0.159113,0,0.865129,0.046769,79.920573,79.601967,0.111605,0,0.873953,0.046755,94.05852,93.937293,0.063435,0,0.905992
549,1-Apr-96,24:00:00,1256.75,0.022819,156.304304,149.717269,1.320265,0.495447,0.977576,0.022813,308.558683,205.147181,1.370159,0.565917,0.979092,0.022803,944.899293,737.84358,1.307293,0.684766,0.987181
550,2-Apr-96,24:00:00,1764.11,0.052216,347.390004,345.493525,0,0,1,0.052201,471.457758,448.265392,0,0,1,0.052173,335.759472,330.463367,0,0,1
551,3-Apr-96,24:00:00,770.518662,0.064194,165.191461,165.092834,0,0,0.998761,0.064183,180.92191,180.264418,0,0,0.998763,0.064162,122.78679,122.78679,0,0,0.998766
552,4-Apr-96,24:00:00,573.689229,0.057398,90.003645,90.003645,0,0,0.992871,0.057383,100.560311,100.560311,0,0,0.992876,0.057353,115.190418,115.190418,0,0,0.992885
553,5-Apr-96,24:00:00,530.993179,0.07397,73.36435,73.36435,0,0,0.983442,0.073959,86.082626,86.082626,0,0,0.983449,0.073936,108.481872,108.481872,0,0,0.983463
554,6-Apr-96,24:00:00,512.8772,0.076228,67.612372,67.612372,0,0,0.972718,0.076215,80.267993,80.267993,0,0,0.972727,0.0762,102.164376,102.164376,0,0,0.972744
555,7-Apr-96,24:00:00,500.082559,0.075187,63.509759,63.509759,0,0,0.96167,0.075186,75.529462,75.529462,0,0,0.96168,0.075182,96.214783,96.214783,0,0,0.961698
556,8-Apr-96,24:00:00,486.061734,0.051978,59.79442,59.79442,0,0,0.952893,0.051966,71.126295,71.126295,0,0,0.952904,0.051943,90.611667,90.611667,0,0,0.952923
557,9-Apr-96,24:00:00,499.637809,0.048794,56.310654,56.310654,0,0,0.94557,0.048779,66.9839,66.9839,0,0,0.945583,0.048757,85.334852,85.334852,0,0,0.945606
558,10-Apr-96,24:00:00,525.460391,0.051191,53.031228,53.031228,0,0,0.938298,0.051179,63.083038,63.083038,0,0,0.938313,0.051153,80.365335,80.365335,0,0,0.93834
559,11-Apr-96,24:00:00,527.156414,0.052912,49.942915,49.942915,0,0,0.930896,0.052902,59.409365,59.409365,0,0,0.930912,0.052878,75.68522,75.68522,0,0,0.930942
560,12-Apr-96,24:00:00,516.455824,0.057592,47.034464,47.034464,0,0,0.923064,0.057579,55.949631,55.949631,0,0,0.923082,0.057553,71.277653,71.277653,0,0,0.923115
561,13-Apr-96,24:00:00,506.18121,0.058582,44.295388,44.295388,0,0,0.914631,0.058574,52.691376,52.691376,0,0,0.914651,0.058557,67.126764,67.126764,0,0,0.914687
562,14-Apr-96,24:00:00,496.503572,0.065058,41.715824,41.715824,0,0,0.906362,0.065044,49.622868,49.622868,0,0,0.906383,0.065015,63.217603,63.217603,0,0,0.906422
563,15-Apr-96,24:00:00,489.508344,0.022992,39.292566,39.286483,0.069585,0,0.900247,0.022986,47.222837,46.733056,0.129029,0,0.901783,0.022982,61.94272,59.536095,0.217458,0,0.904342
564,16-Apr-96,24:00:00,574.194083,0.039302,39.616986,36.998615,0.451224,0,0.966035,0.039297,87.135766,44.011533,0.428911,0,0.9727,0.039287,154.59257,121.18038,0.563802,0.075078,0.991556
565,17-Apr-96,24:00:00,630.835959,0.020587,48.386709,46.958034,0.607455,0.415014,0.98203,0.020586,80.523667,58.820733,0.565053,0.416516,0.986167,0.020583,313.667212,296.286239,0.50266,0.50266,1
566,18-Apr-96,24:00:00,1881.38,0.03591,271.774461,269.415591,0,0,1,0.035904,381.412865,349.483221,0.024422,0.024422,1,0.035892,569.100107,560.302335,0.055098,0.055098,1
567,19-Apr-96,24:00:00,1410.79,0.0286,190.600959,189.891129,0.149795,0.149795,1,0.028595,235.580334,222.938112,0.18225,0.18225,1,0.028588,352.478392,341.704421,0.238188,0.238188,1
568,20-Apr-96,24:00:00,1063.35,0.046296,155.407757,155.104571,0,0,1,0.046279,197.330481,192.896569,0,0,1,0.04626,144.945377,144.691056,0,0,1
569,21-Apr-96,24:00:00,617.547543,0.020505,79.519071,79.500812,0,0,1,0.020503,89.818772,89.657195,0,0,1,0.020507,93.105161,93.105161,0,0,1
570,22-Apr-96,24:00:00,547.208178,0.049082,53.118761,53.118761,0,0,0.997578,0.049075,62.328672,62.328672,0,0,0.99758,0.049059,87.603765,87.603765,0,0,0.997468
571,23-Apr-96,24:00:00,527.638526,0.058723,46.416386,46.416386,0,0,0.990543,0.058716,56.059024,56.059024,0,0,0.990548,0.058699,82.503718,82.502053,0.005211,0,0.990368
572,24-Apr-96,24:00:00,763.15655,0.052851,44.777654,44.288127,0.099168,0.002651,0.998236,0.05284,90.719042,79.299141,0.148386,0.051906,0.998719,0.052818,343.340569,329.382156,0.296317,0.204082,0.999606
573,25-Apr-96,24:00:00,908.952487,0.087807,41.988838,41.904265,0,0,0.997881,0.087796,76.092248,74.749412,0,0,0.997883,0.087783,93.658558,93.657678,0,0,0.997885
574,26-Apr-96,24:00:00,791.886982,0.096754,38.689866,38.686425,0,0,0.987634,0.096744,53.07746,53.064182,0,0,0.987637,0.096732,81.706762,81.706762,0,0,0.987643
575,27-Apr-96,24:00:00,567.763469,0.086189,36.229818,36.229818,0,0,0.974338,0.086182,46.781523,46.781523,0,0,0.974343,0.086178,76.940434,76.940434,0,0,0.97435
576,28-Apr-96,24:00:00,493.269588,0.07725,34.088863,34.088863,0,0,0.962682,0.077252,43.709929,43.709929,0,0,0.962687,0.077236,72.459764,72.459764,0,0,0.962694
577,29-Apr-96,24:00:00,483.448025,0.090648,32.099892,32.099892,0,0,0.950657,0.090647,41.134238,41.134238,0,0,0.950662,0.090647,68.240034,68.240034,0,0,0.950671
578,30-Apr-96,24:00:00,483.791373,0.101366,30.230132,30.230132,0,0,0.937111,0.101358,38.736442,38.736442,0,0,0.937116,0.10134,64.266042,64.266042,0,0,0.937126
579,1-May-96,24:00:00,478.644136,0.103589,28.469625,28.469625,0,0,0.922305,0.103582,36.480441,36.480441,0,0,0.922312,0.103568,60.523477,60.523477,0,0,0.922324
580,2-May-96,24:00:00,478.539277,0.097099,26.811678,26.811678,0,0,0.908154,0.097096,34.355973,34.355973,0,0,0.908161,0.097082,56.998862,56.998862,0,0,0.908176
581,3-May-96,24:00:00,464.928723,0.08306,25.250286,25.250286,0,0,0.895137,0.083059,32.355235,32.355235,0,0,0.895144,0.083048,53.679505,53.679505,0,0,0.895161
582,4-May-96,24:00:00,422.1398,0.08133,23.779824,23.779824,0,0,0.88347,0.081326,30.471012,30.471012,0,0,0.883478,0.081316,50.553452,50.553452,0,0,0.883496
583,5-May-96,24:00:00,398.355439,0.060719,22.394994,22.394994,0,0,0.873382,0.060712,28.696517,28.696517,0,0,0.873391,0.060692,47.609447,47.609447,0,0,0.873411
584,6-May-96,24:00:00,391.002127,0.058656,21.09081,21.09081,0,0,0.864726,0.058649,27.025361,27.025361,0,0,0.864736,0.058627,44.836887,44.836887,0,0,0.86476
585,7-May-96,24:00:00,383.523848,0.087826,19.862576,19.862576,0,0,0.854328,0.087822,25.451526,25.451526,0,0,0.854339,0.087806,42.225789,42.225789,0,0,0.854365
586,8-May-96,24:00:00,376.977181,0.077782,18.705869,18.705869,0,0,0.842558,0.077781,23.969344,23.969344,0,0,0.842569,0.077778,39.766749,39.766749,0,0,0.842597
587,9-May-96,24:00:00,371.725429,0.085444,17.616524,17.616524,0,0,0.830784,0.085444,22.573477,22.573477,0,0,0.830795,0.085444,37.450913,37.450913,0,0,0.830823
588,10-May-96,24:00:00,367.135112,0.092387,16.590617,16.590617,0,0,0.818165,0.092387,21.2589,21.2589,0,0,0.818176,0.092387,35.26994,35.26994,0,0,0.818204
589,11-May-96,24:00:00,362.817778,0.090057,15.624454,15.624454,0,0,0.80531,0.090053,20.020877,20.020877,0,0,0.805322,0.090046,33.215978,33.215978,0,0,0.805349
590,12-May-96,24:00:00,359.373903,0.112242,14.714556,14.714556,0,0,0.790847,0.112236,18.854951,18.854951,0,0,0.790859,0.112223,31.281629,31.281629,0,0,0.790889
591,13-May-96,24:00:00,355.916794,0.068191,13.857647,13.857647,0,0,0.777699,0.068186,17.756924,17.756924,0,0,0.777711,0.068175,29.459928,29.459928,0,0,0.777742
592,14-May-96,24:00:00,352.316663,0.053094,13.05064,13.05064,0,0,0.769312,0.053087,16.722841,16.722841,0,0,0.769326,0.053074,27.744314,27.744314,0,0,0.769359
593,15-May-96,24:00:00,350.915844,0.030551,12.75524,12.290629,0.576252,0,0.778828,0.030548,22.002316,15.748978,0.460898,0,0.774847,0.030544,28.367631,26.12861,0.235668,0,0.767155
594,16-May-96,24:00:00,407.555855,0.027086,15.121343,11.574878,0.173548,0,0.866506,0.027086,57.621885,14.831828,0.142682,0,0.846302,0.027084,39.646895,24.606998,0.137521,0,0.813116
595,17-May-96,24:00:00,391.760993,0.03107,14.101068,11.182343,0.938147,0.019635,0.924817,0.031067,63.402609,13.968089,1.061173,0,0.909279,0.03106,59.895153,23.173997,1.055033,0,0.869718
596,18-May-96,24:00:00,476.078923,0.038996,32.161069,29.324106,0.024359,0.024359,1,0.038997,71.452159,26.101128,0.03265,0.029194,0.999887,0.038985,37.947817,21.824448,0.086772,0,0.974394
597,19-May-96,24:00:00,385.587815,0.071033,28.579362,28.375206,0,0,0.999556,0.071028,30.390939,28.082799,0,0,0.999556,0.071011,20.57541,20.55349,0,0,0.977398
598,20-May-96,24:00:00,350.039615,0.059514,14.928041,14.92668,0,0,0.994501,0.059509,15.750026,15.740532,0,0,0.994501,0.059495,19.356548,19.356548,0,0,0.972497
599,21-May-96,24:00:00,1136.03,0.029798,108.65178,106.398702,0.56987,0.500318,0.997158,0.029796,208.544433,165.294325,0.673855,0.604311,0.997317,0.029781,721.775348,678.817356,0.949502,0.726083,0.991914
600,22-May-96,24:00:00,2023.40,0.063976,293.955161,292.947955,0,0,1,0.063974,421.780268,407.498699,0,0,1,0.063964,306.994103,305.98941,0,0,1
601,23-May-96,24:00:00,1187.97,0.083296,113.373795,113.315217,0,0,0.99603,0.083296,128.434253,127.946943,0,0,0.996031,0.083298,63.334307,63.334307,0,0,0.996032
602,24-May-96,24:00:00,924.659289,0.098311,43.759177,43.759177,0,0,0.984082,0.098312,50.185646,50.185646,0,0,0.984083,0.098313,59.07564,59.07564,0,0,0.984085
603,25-May-96,24:00:00,557.357865,0.101265,30.399891,30.399891,0,0,0.96992,0.101265,38.595719,38.595719,0,0,0.969921,0.101265,55.634853,55.634853,0,0,0.969923
604,26-May-96,24:00:00,416.643201,0.073199,27.23495,27.23495,0,0,0.957428,0.073201,35.546137,35.546137,0,0,0.957428,0.073189,52.39493,52.39493,0,0,0.957431
605,27-May-96,24:00:00,407.728892,0.094117,25.493785,25.493785,0,0,0.945606,0.094117,33.412153,33.412153,0,0,0.945606,0.094114,49.343685,49.343685,0,0,0.945611
606,28-May-96,24:00:00,401.301819,0.084275,23.993386,23.993386,0,0,0.93292,0.084276,31.461727,31.461727,0,0,0.93292,0.084275,46.470131,46.470131,0,0,0.932925
607,29-May-96,24:00:00,395.28379,0.085839,22.594614,22.594614,0,0,0.920601,0.08584,29.62922,29.62922,0,0,0.920601,0.08584,43.76392,43.76392,0,0,0.920606
608,30-May-96,24:00:00,390.240239,0.094553,21.278668,21.278668,0,0,0.907868,0.094551,27.903727,27.903727,0,0,0.907868,0.094543,41.215306,41.215306,0,0,0.907873
609,31-May-96,24:00:00,387.764769,0.098866,20.039482,20.039482,0,0,0.894024,0.098866,26.278738,26.278738,0,0,0.894024,0.098865,38.815113,38.815113,0,0,0.89403
610,1-Jun-96,24:00:00,384.233964,0.099054,18.872472,18.872472,0,0,0.879689,0.099052,24.748382,24.748382,0,0,0.87969,0.099046,36.554695,36.554695,0,0,0.879696
611,2-Jun-96,24:00:00,379.525799,0.108605,17.773424,17.773424,0,0,0.865068,0.108605,23.307148,23.307148,0,0,0.865068,0.108604,34.425914,34.425914,0,0,0.865076
612,3-Jun-96,24:00:00,375.069437,0.11472,16.73838,16.73838,0,0,0.849212,0.11472,21.949845,21.949845,0,0,0.849213,0.11472,32.421104,32.421104,0,0,0.84922
613,4-Jun-96,24:00:00,370.872439,0.108355,15.763612,15.763612,0,0,0.83304,0.108356,20.671585,20.671585,0,0,0.833041,0.108357,30.533045,30.533045,0,0,0.833048
614,5-Jun-96,24:00:00,366.919854,0.116863,14.84561,14.84561,0,0,0.817043,0.116863,19.467765,19.467765,0,0,0.817043,0.11686,28.754938,28.754938,0,0,0.81705
615,6-Jun-96,24:00:00,327.12155,0.119575,13.981069,13.981069,0,0,0.800359,0.119572,18.33405,18.33405,0,0,0.80036,0.119558,27.08038,27.08038,0,0,0.800368
616,7-Jun-96,24:00:00,285.868799,0.11096,13.166874,13.166874,0,0,0.783622,0.11096,17.266357,17.266357,0,0,0.783623,0.110956,25.503341,25.503341,0,0,0.783633
617,8-Jun-96,24:00:00,273.171183,0.115978,12.400095,12.400095,0,0,0.767696,0.115978,16.260842,16.260842,0,0,0.767697,0.115978,24.018141,24.018141,0,0,0.767707
618,9-Jun-96,24:00:00,271.520211,0.10085,11.677969,11.677969,0,0,0.752025,0.100848,15.313884,15.313884,0,0,0.752026,0.100841,22.619433,22.619433,0,0,0.752037
619,10-Jun-96,24:00:00,255.656955,0.100405,10.997897,10.997897,0,0,0.737821,0.100405,14.422073,14.422073,0,0,0.737823,0.100403,21.302179,21.302179,0,0,0.737834
620,11-Jun-96,24:00:00,239.129646,0.099843,10.357429,10.357429,0,0,0.723235,0.099843,13.582196,13.582196,0,0,0.723237,0.099843,20.061636,20.061636,0,0,0.723248
621,12-Jun-96,24:00:00,226.2735,0.108609,9.754259,9.754259,0,0,0.708338,0.108611,12.79123,12.79123,0,0,0.70834,0.108612,18.893337,18.893337,0,0,0.708351
622,13-Jun-96,24:00:00,223.292536,0.105961,9.186215,9.186215,0,0,0.693142,0.105962,12.046326,12.046326,0,0,0.693143,0.105963,17.793074,17.793074,0,0,0.693154
623,14-Jun-96,24:00:00,223.210021,0.106979,8.651251,8.651251,0,0,0.677897,0.10698,11.344803,11.344803,0,0,0.677898,0.106981,16.756885,16.756885,0,0,0.677909
624,15-Jun-96,24:00:00,221.079673,0.099222,8.147441,8.147441,0,0,0.663198,0.099221,10.684132,10.684132,0,0,0.663199,0.099219,15.78104,15.78104,0,0,0.66321
625,16-Jun-96,24:00:00,219.037049,0.103076,7.672971,7.672971,0,0,0.649168,0.103076,10.061937,10.061937,0,0,0.649169,0.103076,14.862023,14.862023,0,0,0.64918
626,17-Jun-96,24:00:00,216.044996,0.092282,7.226132,7.226132,0,0,0.634738,0.09228,9.475975,9.475975,0,0,0.634739,0.092275,13.996526,13.996526,0,0,0.634751
627,18-Jun-96,24:00:00,213.433731,0.101734,6.805314,6.805314,0,0,0.621038,0.101734,8.924137,8.924137,0,0,0.62104,0.101734,13.181431,13.181431,0,0,0.621052
628,19-Jun-96,24:00:00,218.773742,0.098794,6.409003,6.409003,0,0,0.606765,0.09879,8.404435,8.404435,0,0,0.606767,0.098777,12.413804,12.413804,0,0,0.606779
629,20-Jun-96,24:00:00,227.502583,0.100043,6.035772,6.035772,0,0,0.59272,0.100042,7.914999,7.914999,0,0,0.592722,0.100037,11.69088,11.69088,0,0,0.592736
630,21-Jun-96,24:00:00,229.419715,0.096726,5.684276,5.684276,0,0,0.578533,0.096726,7.454065,7.454065,0,0,0.578535,0.096726,11.010056,11.010056,0,0,0.578549
631,22-Jun-96,24:00:00,226.18279,0.109416,5.353249,5.353249,0,0,0.563995,0.109416,7.019974,7.019974,0,0,0.563997,0.109416,10.36888,10.36888,0,0,0.564012
632,23-Jun-96,24:00:00,223.72493,0.080152,5.0415,5.0415,0,0,0.550064,0.080149,6.611162,6.611162,0,0,0.550066,0.080139,9.765043,9.765043,0,0,0.550081
633,24-Jun-96,24:00:00,223.686895,0.081579,4.747906,4.747906,0,0,0.538285,0.081574,6.226158,6.226158,0,0,0.538288,0.08155,9.196371,9.196371,0,0,0.538305
634,25-Jun-96,24:00:00,224.484243,0.07729,4.471409,4.471409,0,0,0.526951,0.077293,5.863574,5.863574,0,0,0.526954,0.077278,8.660816,8.660816,0,0,0.526975
635,26-Jun-96,24:00:00,223.496998,0.069799,4.211014,4.211014,0,0,0.516516,0.069797,5.522106,5.522106,0,0,0.516519,0.069784,8.156449,8.156449,0,0,0.516542
636,27-Jun-96,24:00:00,220.215175,0.074999,3.965784,3.965784,0,0,0.506291,0.074996,5.200524,5.200524,0,0,0.506294,0.074979,7.681454,7.681454,0,0,0.506318
637,28-Jun-96,24:00:00,218.098942,0.093388,3.734834,3.734834,0,0,0.49411,0.093386,4.897669,4.897669,0,0,0.494114,0.093374,7.234121,7.234121,0,0,0.494141
638,29-Jun-96,24:00:00,217.144502,0.11069,3.517335,3.517335,0,0,0.479746,0.110689,4.61245,4.61245,0,0,0.47975,0.110682,6.812838,6.812838,0,0,0.479778
639,30-Jun-96,24:00:00,217.506433,0.117528,3.312501,3.312501,0,0,0.463505,0.117527,4.343842,4.343842,0,0,0.463509,0.117522,6.416089,6.416089,0,0,0.463538
640,1-Jul-96,24:00:00,218.041822,0.129608,3.119596,3.119596,0,0,0.445937,0.129605,4.090876,4.090876,0,0,0.445941,0.129591,6.042445,6.042445,0,0,0.445971
641,2-Jul-96,24:00:00,232.571504,0.121341,2.937924,2.937924,0,0,0.427957,0.121338,3.852642,3.852642,0,0,0.427961,0.121327,5.69056,5.69056,0,0,0.427994
642,3-Jul-96,24:00:00,253.830522,0.114997,2.766833,2.766833,0,0,0.411146,0.114994,3.628282,3.628282,0,0,0.411151,0.114992,5.359167,5.359167,0,0,0.411184
643,4-Jul-96,24:00:00,261.091888,0.109203,2.605705,2.605705,0,0,0.395175,0.109206,3.416987,3.416987,0,0,0.39518,0.109197,5.047074,5.047074,0,0,0.395213
644,5-Jul-96,24:00:00,260.564988,0.091366,2.453961,2.453961,0,0,0.380648,0.091362,3.217997,3.217997,0,0,0.380654,0.091349,4.753155,4.753155,0,0,0.380689
645,6-Jul-96,24:00:00,258.706561,0.116186,2.311053,2.311053,0,0,0.36586,0.116182,3.030595,3.030595,0,0,0.365865,0.116168,4.476353,4.476353,0,0,0.365903
646,7-Jul-96,24:00:00,256.76112,0.110304,2.176468,2.176468,0,0,0.349991,0.110307,2.854107,2.854107,0,0,0.349997,0.110291,4.21567,4.21567,0,0,0.350036
647,8-Jul-96,24:00:00,243.391491,0.111765,2.04972,2.04972,0,0,0.333864,0.11176,2.687897,2.687897,0,0,0.33387,0.11175,3.970168,3.970168,0,0,0.333911
648,9-Jul-96,24:00:00,222.369808,0.1175,1.930354,1.930354,0,0,0.317667,0.117495,2.531366,2.531366,0,0,0.317674,0.117487,3.738964,3.738964,0,0,0.317716
649,10-Jul-96,24:00:00,223.906534,0.124347,1.817938,1.817938,0,0,0.300373,0.124342,2.38395,2.38395,0,0,0.30038,0.124327,3.521223,3.521223,0,0,0.300424
650,11-Jul-96,24:00:00,250.424122,0.117972,1.71207,1.71207,0,0,0.283075,0.117969,2.24512,2.24512,0,0,0.283083,0.117965,3.316163,3.316163,0,0,0.283129
651,12-Jul-96,24:00:00,270.823038,0.117745,1.612367,1.612367,0,0,0.266131,0.117743,2.114374,2.114374,0,0,0.266139,0.117732,3.123045,3.123045,0,0,0.266186
652,13-Jul-96,24:00:00,276.702348,0.120991,1.51847,1.51847,0,0,0.249193,0.120993,1.991243,1.991243,0,0,0.249201,0.120972,2.941173,2.941173,0,0,0.24925
653,14-Jul-96,24:00:00,277.144658,0.120204,1.430041,1.430041,0,0,0.231956,0.120198,1.875282,1.875282,0,0,0.231964,0.120179,2.769892,2.769892,0,0,0.232016
654,15-Jul-96,24:00:00,275.554588,0.108318,1.346762,1.346762,0,0,0.215542,0.108311,1.766074,1.766074,0,0,0.215552,0.108292,2.608586,2.608586,0,0,0.215606
655,16-Jul-96,24:00:00,274.473014,0.105417,1.268332,1.268332,0,0,0.200259,0.105411,1.663225,1.663225,0,0,0.200269,0.105391,2.456674,2.456674,0,0,0.200326
656,17-Jul-96,24:00:00,268.545059,0.103283,1.19447,1.19447,0,0,0.185294,0.103282,1.566367,1.566367,0,0,0.185305,0.103261,2.313608,2.313608,0,0,0.185364
657,18-Jul-96,24:00:00,257.433623,0.104188,1.12491,1.12491,0,0,0.170443,0.104184,1.475149,1.475149,0,0,0.170454,0.104172,2.178874,2.178874,0,0,0.170516
658,19-Jul-96,24:00:00,255.743956,0.109892,1.0594,1.0594,0,0,0.155247,0.109887,1.389242,1.389242,0,0,0.155258,0.109873,2.051986,2.051986,0,0,0.155323
659,20-Jul-96,24:00:00,257.888182,0.112868,0.997705,0.997705,0,0,0.139231,0.112863,1.308339,1.308339,0,0,0.139244,0.112846,1.932488,1.932488,0,0,0.13931
660,21-Jul-96,24:00:00,256.795376,0.120203,0.939604,0.939604,0,0,0.122646,0.120199,1.232147,1.232147,0,0,0.122659,0.120187,1.819948,1.819948,0,0,0.122728
661,22-Jul-96,24:00:00,254.57799,0.105653,0.884885,0.884885,0,0,0.106422,0.105643,1.160393,1.160393,0,0,0.106436,0.105618,1.713963,1.713963,0,0,0.106507
662,23-Jul-96,24:00:00,253.600236,0.067033,0.833354,0.833354,0,0,0.094586,0.067037,1.092817,1.092817,0,0,0.0946,0.067005,1.614149,1.614149,0,0,0.094675
663,24-Jul-96,24:00:00,255.245243,0.1188,0.784823,0.784823,0,0,0.081061,0.118793,1.029176,1.029176,0,0,0.081076,0.118775,1.520148,1.520148,0,0,0.081155
664,25-Jul-96,24:00:00,256.786328,0.114936,0.739118,0.739118,0,0,0.064273,0.114929,0.969241,0.969241,0,0,0.064288,0.11491,1.431622,1.431622,0,0,0.064369
665,26-Jul-96,24:00:00,258.856903,0.077861,0.696075,0.696075,0,0,0.050694,0.077855,0.912797,0.912797,0,0,0.050711,0.07785,1.348251,1.348251,0,0,0.050794
666,27-Jul-96,24:00:00,266.024407,0.073178,0.655539,0.655539,0,0,0.039686,0.073169,0.85964,0.85964,0,0,0.039703,0.07314,1.269735,1.269735,0,0,0.039789
667,28-Jul-96,24:00:00,269.597858,0.121846,0.617363,0.617363,0,0,0.025802,0.121836,0.809578,0.809578,0,0,0.025821,0.121806,1.195791,1.195791,0,0,0.025911
668,29-Jul-96,24:00:00,269.502928,0.122154,0.581411,0.581411,0,0,0.008515,0.122142,0.762432,0.762432,0,0,0.008529,0.122112,1.126153,1.126153,0,0,0.008597
669,30-Jul-96,24:00:00,269.35756,0.128404,0.547552,0.547552,0,0,0,0.128392,0.718032,0.718032,0,0,0,0.128365,1.060571,1.060571,0,0,0
670,31-Jul-96,24:00:00,267.354274,0.121646,0.515665,0.515665,0,0,0,0.121643,0.676217,0.676217,0,0,0,0.121637,0.998808,0.998808,0,0,0
671,1-Aug-96,24:00:00,265.48702,0.116475,0.485635,0.485635,0,0,0,0.116484,0.636837,0.636837,0,0,0,0.116484,0.940642,0.940642,0,0,0
672,2-Aug-96,24:00:00,266.841338,0.1237,0.457354,0.457354,0,0,0,0.123701,0.59975,0.59975,0,0,0,0.123702,0.885864,0.885864,0,0,0
673,3-Aug-96,24:00:00,268.458517,0.106919,0.43072,0.43072,0,0,0,0.106918,0.564824,0.564824,0,0,0,0.106915,0.834275,0.834275,0,0,0
674,4-Aug-96,24:00:00,268.740384,0.10907,0.405637,0.405637,0,0,0,0.109071,0.531931,0.531931,0,0,0,0.109071,0.78569,0.78569,0,0,0
675,5-Aug-96,24:00:00,266.15678,0.10446,0.382014,0.382014,0,0,0,0.10446,0.500954,0.500954,0,0,0,0.10446,0.739935,0.739935,0,0,0
676,6-Aug-96,24:00:00,264.573093,0.101421,0.359767,0.359767,0,0,0,0.101421,0.47178,0.47178,0,0,0,0.101422,0.696845,0.696845,0,0,0
677,7-Aug-96,24:00:00,244.555043,0.107181,0.338816,0.338816,0,0,0,0.107181,0.444306,0.444306,0,0,0,0.107182,0.656264,0.656264,0,0,0
678,8-Aug-96,24:00:00,251.226328,0.1084,0.319085,0.319085,0,0,0,0.1084,0.418432,0.418432,0,0,0,0.108402,0.618046,0.618046,0,0,0
679,9-Aug-96,24:00:00,259.626718,0.112266,0.300503,0.300503,0,0,0,0.112267,0.394064,0.394064,0,0,0,0.112268,0.582054,0.582054,0,0,0
680,10-Aug-96,24:00:00,256.375333,0.119622,0.283003,0.283003,0,0,0,0.119622,0.371115,0.371115,0,0,0,0.119622,0.548158,0.548158,0,0,0
681,11-Aug-96,24:00:00,254.543758,0.121625,0.266522,0.266522,0,0,0,0.121624,0.349503,0.349503,0,0,0,0.121619,0.516235,0.516235,0,0,0
682,12-Aug-96,24:00:00,258.440851,0.127737,0.251001,0.251001,0,0,0,0.127721,0.32915,0.32915,0,0,0,0.127685,0.486172,0.486172,0,0,0
683,13-Aug-96,24:00:00,285.233646,0.111739,0.236384,0.236384,0,0,0,0.11172,0.309982,0.309982,0,0,0,0.111678,0.45786,0.45786,0,0,0
684,14-Aug-96,24:00:00,305.321578,0.11258,0.222618,0.222618,0,0,0,0.112574,0.29193,0.29193,0,0,0,0.112568,0.431196,0.431196,0,0,0
685,15-Aug-96,24:00:00,310.090915,0.09843,0.209654,0.209654,0,0,0,0.098422,0.274929,0.274929,0,0,0,0.0984,0.406085,0.406085,0,0,0
686,16-Aug-96,24:00:00,307.727716,0.105907,0.197444,0.197444,0,0,0,0.105906,0.258918,0.258918,0,0,0,0.105903,0.382436,0.382436,0,0,0
687,17-Aug-96,24:00:00,282.816676,0.109638,0.185946,0.185946,0,0,0,0.109638,0.24384,0.24384,0,0,0,0.109638,0.360165,0.360165,0,0,0
688,18-Aug-96,24:00:00,270.842791,0.040016,0.175118,0.175118,0,0,0,0.040013,0.22964,0.22964,0,0,0,0.039989,0.339191,0.339191,0,0,0
689,19-Aug-96,24:00:00,282.267552,0.084121,0.164919,0.164919,0,0,0,0.084109,0.216267,0.216267,0,0,0,0.084082,0.319438,0.319438,0,0,0
690,20-Aug-96,24:00:00,291.676333,0.090354,0.155315,0.155315,0,0,0,0.090354,0.203672,0.203672,0,0,0,0.090352,0.300835,0.300835,0,0,0
691,21-Aug-96,24:00:00,292.976999,0.062273,0.14627,0.14627,0,0,0,0.062265,0.191811,0.191811,0,0,0,0.062248,0.283316,0.283316,0,0,0
692,22-Aug-96,24:00:00,294.46491,0.063188,0.137752,0.137752,0,0,0,0.063177,0.180641,0.180641,0,0,0,0.063152,0.266817,0.266817,0,0,0
693,23-Aug-96,24:00:00,294.296567,0.105099,0.12973,0.12973,0,0,0,0.105082,0.170121,0.170121,0,0,0,0.105051,0.251279,0.251279,0,0,0
694,24-Aug-96,24:00:00,294.159948,0.104406,0.122175,0.122175,0,0,0,0.10439,0.160214,0.160214,0,0,0,0.104359,0.236645,0.236645,0,0,0
695,25-Aug-96,24:00:00,296.977468,0.077308,0.11506,0.11506,0,0,0,0.077296,0.150884,0.150884,0,0,0,0.077271,0.222864,0.222864,0,0,0
696,26-Aug-96,24:00:00,294.088465,0.064756,0.10836,0.10836,0,0,0,0.064745,0.142097,0.142097,0,0,0,0.064734,0.209886,0.209886,0,0,0
697,27-Aug-96,24:00:00,282.151359,0.085916,0.102049,0.102049,0,0,0,0.085905,0.133822,0.133822,0,0,0,0.085883,0.197663,0.197663,0,0,0
698,28-Aug-96,24:00:00,276.504333,0.101679,0.096106,0.096106,0,0,0,0.101667,0.126029,0.126029,0,0,0,0.101644,0.186152,0.186152,0,0,0
699,29-Aug-96,24:00:00,276.39033,0.108128,0.09051,0.09051,0,0,0,0.108112,0.11869,0.11869,0,0,0,0.108079,0.175311,0.175311,0,0,0
700,30-Aug-96,24:00:00,278.233006,0.109003,0.085239,0.085239,0,0,0,0.108986,0.111778,0.111778,0,0,0,0.108954,0.165102,0.165102,0,0,0
701,31-Aug-96,24:00:00,279.949585,0.095894,0.080275,0.080275,0,0,0,0.09588,0.105268,0.105268,0,0,0,0.095853,0.155487,0.155487,0,0,0
702,1-Sep-96,24:00:00,283.429356,0.097757,0.0756,0.0756,0,0,0,0.097747,0.099138,0.099138,0,0,0,0.097727,0.146432,0.146432,0,0,0
703,2-Sep-96,24:00:00,285.276428,0.091497,0.071197,0.071197,0,0,0,0.091479,0.093365,0.093365,0,0,0,0.091447,0.137905,0.137905,0,0,0
704,3-Sep-96,24:00:00,285.288489,0.065885,0.067051,0.067051,0,0,0,0.065881,0.087927,0.087927,0,0,0,0.06585,0.129874,0.129874,0,0,0
705,4-Sep-96,24:00:00,288.381876,0.083546,0.063146,0.063146,0,0,0,0.083529,0.082807,0.082807,0,0,0,0.083495,0.12231,0.12231,0,0,0
706,5-Sep-96,24:00:00,287.115981,0.084255,0.059469,0.059469,0,0,0,0.084243,0.077985,0.077985,0,0,0,0.084221,0.115188,0.115188,0,0,0
707,6-Sep-96,24:00:00,277.807034,0.077552,0.056006,0.056006,0,0,0,0.077529,0.073443,0.073443,0,0,0,0.077483,0.10848,0.10848,0,0,0
708,7-Sep-96,24:00:00,263.347527,0.087517,0.052744,0.052744,0,0,0,0.087501,0.069166,0.069166,0,0,0,0.087473,0.102162,0.102162,0,0,0
709,8-Sep-96,24:00:00,258.554629,0.091175,0.049673,0.049673,0,0,0,0.09117,0.065138,0.065138,0,0,0,0.091161,0.096213,0.096213,0,0,0
710,9-Sep-96,24:00:00,255.458067,0.085162,0.04678,0.04678,0,0,0,0.085162,0.061345,0.061345,0,0,0,0.085162,0.09061,0.09061,0,0,0
711,10-Sep-96,24:00:00,253.847703,0.091801,0.044056,0.044056,0,0,0,0.0918,0.057772,0.057772,0,0,0,0.091799,0.085333,0.085333,0,0,0
712,11-Sep-96,24:00:00,255.416872,0.065843,0.04149,0.04149,0,0,0,0.065828,0.054408,0.054408,0,0,0,0.065799,0.080364,0.080364,0,0,0
713,12-Sep-96,24:00:00,258.022161,0.069068,0.039074,0.039074,0,0,0,0.069048,0.05124,0.05124,0,0,0,0.069011,0.075684,0.075684,0,0,0
714,13-Sep-96,24:00:00,259.140309,0.053068,0.036798,0.036798,0,0,0,0.053049,0.048256,0.048256,0,0,0,0.05302,0.071276,0.071276,0,0,0
715,14-Sep-96,24:00:00,264.747073,0.063141,0.034655,0.034655,0,0,0,0.06312,0.045445,0.045445,0,0,0,0.063081,0.067125,0.067125,0,0,0
716,15-Sep-96,24:00:00,276.734165,0.063818,0.032637,0.032637,0,0,0,0.063795,0.29741,0.042799,0.003418,0,0.000397,0.063753,8.368277,0.063216,0.179507,0,0.020836
717,16-Sep-96,24:00:00,272.916001,0.068761,0.030737,0.030737,0,0,0,0.068746,0.07923,0.040306,0,0,0.000254,0.068715,0.065775,0.059535,0,0,0.023835
718,17-Sep-96,24:00:00,271.146056,0.066213,0.028947,0.028947,0,0,0,0.066201,0.038682,0.037959,0,0,0,0.066175,0.056068,0.056068,0,0,0.016431
719,18-Sep-96,24:00:00,272.983503,0.073615,0.027261,0.027261,0,0,0,0.0736,0.035749,0.035749,0,0,0,0.073574,0.052803,0.052803,0,0,0.006382
720,19-Sep-96,24:00:00,276.580486,0.075105,0.025673,0.025673,0,0,0,0.07509,0.033667,0.033667,0,0,0,0.075063,0.049728,0.049728,0,0,0.000361
721,20-Sep-96,24:00:00,275.59192,0.085909,0.024178,0.024178,0,0,0,0.085905,0.031706,0.031706,0,0,0,0.085897,0.046832,0.046832,0,0,0
722,21-Sep-96,24:00:00,272.255942,0.085307,0.02277,0.02277,0,0,0,0.085307,0.02986,0.02986,0,0,0,0.085307,0.044104,0.044104,0,0,0
723,22-Sep-96,24:00:00,271.732544,0.069526,0.021444,0.021444,0,0,0,0.069509,0.028121,0.028121,0,0,0,0.069477,0.041536,0.041536,0,0,0
724,23-Sep-96,24:00:00,271.459066,0.064369,0.020195,0.020195,0,0,0,0.064361,0.026483,0.026483,0,0,0,0.064347,0.039117,0.039117,0,0,0
725,24-Sep-96,24:00:00,271.087865,0.060876,0.019019,0.019019,0,0,0,0.060864,0.024941,0.024941,0,0,0,0.060841,0.036839,0.036839,0,0,0
726,25-Sep-96,24:00:00,272.32116,0.060225,0.017912,0.017912,0,0,0,0.060203,0.023489,0.023489,0,0,0,0.060164,0.034694,0.034694,0,0,0
727,26-Sep-96,24:00:00,273.060598,0.065608,0.016869,0.016869,0,0,0,0.065599,0.022121,0.022121,0,0,0,0.065581,0.032673,0.032673,0,0,0
728,27-Sep-96,24:00:00,271.824321,0.076204,0.015886,0.015886,0,0,0,0.076204,0.020832,0.020832,0,0,0,0.076204,0.030771,0.030771,0,0,0
729,28-Sep-96,24:00:00,271.076449,0.073562,0.014961,0.014961,0,0,0,0.073562,0.019619,0.019619,0,0,0,0.073562,0.028979,0.028979,0,0,0
730,29-Sep-96,24:00:00,271.060749,0.069531,0.01409,0.01409,0,0,0,0.069506,0.018477,0.018477,0,0,0,0.069467,0.027291,0.027291,0,0,0
731,30-Sep-96,24:00:00,271.057133,0.058893,0.013269,0.013269,0,0,0,0.058866,0.017401,0.017401,0,0,0,0.05882,0.025702,0.025702,0,0,0
732,1-Oct-96,24:00:00,271.053806,0.047994,0.012497,0.012497,0,0,0,0.047988,0.016387,0.016387,0,0,0,0.047977,0.024205,0.024205,0,0,0
733,2-Oct-96,24:00:00,271.050672,0.064775,0.011769,0.011769,0,0,0,0.064764,0.015433,0.015433,0,0,0,0.064745,0.022795,0.022795,0,0,0
734,3-Oct-96,24:00:00,282.865688,0.066639,0.011083,0.011083,0,0,0,0.066607,0.014534,0.014534,0,0,0,0.066552,0.021468,0.021468,0,0,0
735,4-Oct-96,24:00:00,312.322574,0.064197,0.010438,0.010438,0,0,0,0.06417,0.013688,0.013688,0,0,0,0.064125,0.020218,0.020218,0,0,0
736,5-Oct-96,24:00:00,328.934944,0.069858,0.00983,0.00983,0,0,0,0.069837,0.012891,0.012891,0,0,0,0.069809,0.01904,0.01904,0,0,0
737,6-Oct-96,24:00:00,328.520279,0.065879,0.009258,0.009258,0,0,0,0.065856,0.01214,0.01214,0,0,0,0.065822,0.017932,0.017932,0,0,0
738,7-Oct-96,24:00:00,329.549379,0.067978,0.008719,0.008719,0,0,0,0.067937,0.011433,0.011433,0,0,0,0.06787,0.016887,0.016887,0,0,0
739,8-Oct-96,24:00:00,333.499447,0.079498,0.008211,0.008211,0,0,0,0.079463,0.010767,0.010767,0,0,0,0.079404,0.015904,0.015904,0,0,0
740,9-Oct-96,24:00:00,335.009064,0.072532,0.007733,0.007733,0,0,0,0.072503,0.01014,0.01014,0,0,0,0.072455,0.014978,0.014978,0,0,0
741,10-Oct-96,24:00:00,335.031187,0.053158,0.007282,0.007282,0,0,0,0.05313,0.00955,0.00955,0,0,0,0.053084,0.014105,0.014105,0,0,0
742,11-Oct-96,24:00:00,335.029528,0.053341,0.006858,0.006858,0,0,0,0.053316,0.008994,0.008994,0,0,0,0.053274,0.013284,0.013284,0,0,0
743,12-Oct-96,24:00:00,333.161815,0.046408,0.006459,0.006459,0,0,0,0.046385,0.00847,0.00847,0,0,0,0.046347,0.01251,0.01251,0,0,0
744,13-Oct-96,24:00:00,328.312249,0.04547,0.006083,0.006083,0,0,0,0.045439,0.007977,0.007977,0,0,0,0.045389,0.011782,0.011782,0,0,0
745,14-Oct-96,24:00:00,324.600262,0.058379,0.005729,0.005729,0,0,0,0.05835,0.007512,0.007512,0,0,0,0.058302,1.768945,0.011096,0.038704,0,0.003387
746,15-Oct-96,24:00:00,325.911582,0.066885,0.005395,0.005395,0,0,0,0.066878,0.007075,0.007075,0,0,0,0.066866,0.044624,0.01045,0,0,0.004923
747,16-Oct-96,24:00:00,333.222482,0.043092,0.005081,0.005081,0,0,0,0.043066,0.006663,0.006663,0,0,0,0.043024,0.009841,0.009841,0,0,0.00144
748,17-Oct-96,24:00:00,335.716309,0.045237,0.004785,0.004785,0,0,0,0.045231,0.006275,0.006275,0,0,0,0.04522,0.009268,0.009268,0,0,0
749,18-Oct-96,24:00:00,363.072988,0.029521,0.999918,0.004506,0.219004,0,0.023124,0.029509,20.900872,0.005909,0.290495,0,0.031087,0.02949,13.477809,0.008728,0.291867,0,0.031625
750,19-Oct-96,24:00:00,346.379323,0.037153,0.270751,0.004244,0,0,0.031286,0.037132,4.023723,0.005565,0,0,0.041499,0.037097,0.052817,0.00822,0,0,0.041695
751,20-Oct-96,24:00:00,333.54706,0.042015,0.017532,0.003997,0,0,0.030836,0.041993,0.103728,0.005241,0,0,0.041052,0.041958,0.007741,0.007741,0,0,0.041253
752,21-Oct-96,24:00:00,309.022262,0.039722,0.003764,0.003764,0,0,0.027229,0.039713,0.004936,0.004936,0,0,0.037451,0.039697,0.00729,0.00729,0,0,0.037661
753,22-Oct-96,24:00:00,247.344124,0.038781,0.003545,0.003545,0,0,0.021717,0.038758,0.004648,0.004648,0,0,0.031941,0.038719,0.006866,0.006866,0,0,0.032154
754,23-Oct-96,24:00:00,207.283189,0.040844,0.003338,0.003338,0,0,0.016009,0.040806,0.004378,0.004378,0,0,0.026237,0.040743,0.006466,0.006466,0,0,0.026457
755,24-Oct-96,24:00:00,190.775868,0.014405,0.003144,0.003144,0,0,0.012995,0.014403,0.82833,0.004123,0.012355,0,0.024366,0.014399,5.44378,0.006089,0.11882,0,0.034796
756,25-Oct-96,24:00:00,179.478861,0.024827,0.002961,0.002961,0,0,0.012995,0.024814,2.861496,0.003883,0.05117,0,0.028315,0.024794,2.26397,0.005735,0.051082,0,0.043823
757,26-Oct-96,24:00:00,178.00947,0.049523,0.002788,0.002788,0,0,0.012995,0.049517,1.721637,0.003657,0,0,0.032301,0.049507,0.1761,0.005401,0,0,0.047724
758,27-Oct-96,24:00:00,173.544812,0.040699,0.002626,0.002626,0,0,0.011027,0.040658,0.073118,0.003444,0,0,0.032241,0.040598,0.005086,0.005086,0,0,0.047667
759,28-Oct-96,24:00:00,172.136181,0.043935,0.002473,0.002473,0,0,0.005578,0.043897,0.003243,0.003243,0,0,0.029086,0.043839,0.00479,0.00479,0,0,0.044524
760,29-Oct-96,24:00:00,242.169219,0.022765,1.435048,0.002329,0.424824,0,0.039418,0.022744,16.487241,0.003054,0.293536,0,0.052271,0.022708,7.927878,0.004511,0.193997,0,0.060083
761,30-Oct-96,24:00:00,320.625216,0.020014,0.98113,0.002193,0,0,0.062964,0.019995,8.460617,0.002876,0,0,0.06772,0.019964,1.063086,0.004248,0,0,0.068943
762,31-Oct-96,24:00:00,328.725407,0.025597,0.064537,0.002066,0,0,0.062964,0.025571,0.33427,0.002709,0,0,0.06772,0.02553,0.004001,0.004001,0,0,0.068943
763,1-Nov-96,24:00:00,326.412413,0.03455,0.001945,0.001945,0,0,0.062964,0.034529,0.002551,0.002551,0,0,0.06772,0.034496,0.003768,0.003768,0,0,0.068943
764,2-Nov-96,24:00:00,326.014058,0.034947,0.001832,0.001832,0,0,0.062047,0.034922,0.002403,0.002403,0,0,0.066809,0.034882,0.003549,0.003549,0,0,0.068042
765,3-Nov-96,24:00:00,326.007471,0.01414,0.001725,0.001725,0,0,0.059836,0.014122,0.002263,0.002263,0,0,0.064606,0.014093,0.003342,0.003342,0,0,0.065852
766,4-Nov-96,24:00:00,329.116988,0.034049,0.001625,0.001625,0,0,0.056398,0.034026,0.002131,0.002131,0,0,0.061171,0.033989,0.003147,0.003147,0,0,0.062422
767,5-Nov-96,24:00:00,276.240661,0.033992,0.00153,0.00153,0,0,0.05155,0.033964,0.002007,0.002007,0,0,0.056327,0.03394,0.002964,0.002964,0,0,0.057583
768,6-Nov-96,24:00:00,202.426362,0.032,0.001441,0.001441,0,0,0.046784,0.031979,0.00189,0.00189,0,0,0.051564,0.031953,0.002791,0.002791,0,0,0.052822
769,7-Nov-96,24:00:00,172.636324,0.029293,0.001357,0.001357,0,0,0.042393,0.029254,0.00178,0.00178,0,0,0.047177,0.029198,0.002629,0.002629,0,0,0.048441
770,8-Nov-96,24:00:00,170.148339,0.033499,0.001278,0.001278,0,0,0.037946,0.033459,0.001676,0.001676,0,0,0.042736,0.033396,0.002476,0.002476,0,0,0.044009
771,9-Nov-96,24:00:00,170.01172,0.029704,0.001204,0.001204,0,0,0.033361,0.029668,0.001579,0.001579,0,0,0.038157,0.029612,0.002332,0.002332,0,0,0.039438
772,10-Nov-96,24:00:00,170.005193,0.029614,0.001134,0.001134,0,0,0.029163,0.029581,0.001487,0.001487,0,0,0.033964,0.029529,0.002196,0.002196,0,0,0.035253
773,11-Nov-96,24:00:00,170.004646,0.034735,0.001068,0.001068,0,0,0.024643,0.034698,0.0014,0.0014,0,0,0.029449,0.034639,0.002068,0.002068,0,0,0.030746
774,12-Nov-96,24:00:00,168.205991,0.020495,0.001005,0.001005,0,0,0.020682,0.020482,0.001319,0.001319,0,0,0.025491,0.02046,0.001948,0.001948,0,0,0.026794
775,13-Nov-96,24:00:00,164.862526,0.033238,0.000947,0.000947,0,0,0.016891,0.033211,0.001242,0.001242,0,0,0.021703,0.033168,0.001834,0.001834,0,0,0.02301
776,14-Nov-96,24:00:00,164.519172,0.028857,0.000892,0.000892,0,0,0.012426,0.028819,0.001169,0.001169,0,0,0.017242,0.028759,0.001727,0.001727,0,0,0.018557
777,15-Nov-96,24:00:00,167.655469,0.027678,0.00084,0.00084,0,0,0.008365,0.027653,0.001101,0.001101,0,0,0.013186,0.027613,0.001627,0.001627,0,0,0.014508
778,16-Nov-96,24:00:00,169.866957,0.010771,0.033914,0.000791,0.217081,0,0.008065,0.010754,0.356625,0.001037,0.19003,0,0.012158,0.010723,0.276914,0.001532,0.186358,0,0.01301
779,17-Nov-96,24:00:00,226.590719,0.011872,3.047871,0.000745,0.847032,0,0.089876,0.011867,45.48159,0.000977,0.881329,0,0.090232,0.011857,35.647673,0.001443,1.043779,0,0.098518
780,18-Nov-96,24:00:00,307.542285,0.009424,5.279837,0.000701,0.571886,0,0.212397,0.009424,82.139644,0.00092,0.573623,0,0.218571,0.009424,49.559846,0.001359,0.653772,0,0.247899
781,19-Nov-96,24:00:00,335.810564,0.0113,7.150509,0.000661,1.548061,0,0.37225,0.0113,110.616184,0.000866,1.51814,0,0.379503,0.0113,72.569262,0.00128,1.566213,0,0.422748
782,20-Nov-96,24:00:00,268.576024,0.016272,2.869501,0.000622,0,0,0.45971,0.016269,32.651684,0.000816,0,0,0.461544,0.016263,1.696498,0.001205,0,0,0.503859
783,21-Nov-96,24:00:00,188.266988,0.013178,0.434616,0.000586,0.099225,0,0.465513,0.013176,8.006478,0.000768,0.148049,0,0.47028,0.013171,9.726599,0.001135,0.23324,0,0.518168
784,22-Nov-96,24:00:00,246.134927,0.012952,3.611729,0.000552,0.708071,0,0.554193,0.012939,49.016801,0.000724,0.585439,0,0.550589,0.012919,19.986361,0.001069,0.408912,0,0.584808
785,23-Nov-96,24:00:00,199.166626,0.010578,0.785745,0.00052,0,0,0.575038,0.010563,7.101721,0.000681,0,0,0.566328,0.010541,0.022361,0.001007,0,0,0.595595
786,24-Nov-96,24:00:00,178.755271,0.01373,0.037163,0.000489,0,0,0.575038,0.013712,0.135326,0.000642,0,0,0.566328,0.013684,0.000948,0.000948,0,0,0.595595
787,25-Nov-96,24:00:00,177.06994,0.026459,0.000461,0.000461,0,0,0.575038,0.026429,0.000604,0.000604,0,0,0.566328,0.026386,0.000893,0.000893,0,0,0.595595
788,26-Nov-96,24:00:00,177.004429,0.02176,0.000434,0.000434,0,0,0.575038,0.02173,0.000569,0.000569,0,0,0.566328,0.021683,0.000841,0.000841,0,0,0.595595
789,27-Nov-96,24:00:00,292.685433,0.021401,0.000409,0.000409,0,0,0.574818,0.021367,0.000536,0.000536,0,0,0.566056,0.021314,0.000792,0.000792,0,0,0.595238
790,28-Nov-96,24:00:00,448.107014,0.036631,0.000385,0.000385,0,0,0.572082,0.036594,0.000505,0.000505,0,0,0.563249,0.036537,0.000746,0.000746,0,0,0.592324
791,29-Nov-96,24:00:00,397.337037,0.023074,0.000363,0.000363,0,0,0.567627,0.023043,0.000475,0.000475,0,0,0.558799,0.022995,0.000702,0.000702,0,0,0.587883
792,30-Nov-96,24:00:00,274.317088,0.011467,0.001281,0.000341,0.065019,0,0.565382,0.011449,0.172162,0.000448,0.188383,0,0.557618,0.011422,0.86347,0.000661,0.308499,0,0.5883
793,1-Dec-96,24:00:00,268.313765,0.028488,0.785785,0.000322,0.086837,0,0.585602,0.028467,20.35582,0.000422,0.067894,0,0.591823,0.028426,14.489705,0.000623,0.02307,0,0.631833
794,2-Dec-96,24:00:00,238.478505,0.016308,0.095574,0.000303,0,0,0.5861,0.016275,1.538046,0.000397,0,0,0.592194,0.016224,0.000587,0.000587,0,0,0.632039
795,3-Dec-96,24:00:00,270.173415,0.007346,0.003005,0.000285,0,0,0.5861,0.007332,0.001096,0.000374,0,0,0.592194,0.007311,0.000552,0.000552,0,0,0.632039
796,4-Dec-96,24:00:00,354.489994,0.006106,2.1223,0.000269,2.376261,0,0.653575,0.006102,47.244052,0.000352,2.648878,0,0.671727,0.006097,61.739594,2.113305,2.713262,0.137534,0.720207
797,5-Dec-96,24:00:00,1874.91,0.012362,12.369406,0.000253,0.341111,0,0.965919,0.012352,250.415352,54.663904,0.366421,0.160654,0.998736,0.012337,808.555078,721.750788,0.509351,0.509351,1
798,6-Dec-96,24:00:00,1659.66,0.01478,1.43697,0.000238,0.02699,0,0.978071,0.014761,131.345896,111.682839,0.042957,0.042957,1,0.014731,234.153661,227.955035,0.073858,0.073858,1
799,7-Dec-96,24:00:00,1007.34,0.011606,15.095151,14.084107,0.378392,0.225454,0.990495,0.011588,144.032853,125.133939,0.407935,0.407935,1,0.011563,467.222058,448.418439,0.461773,0.461773,1
800,8-Dec-96,24:00:00,1225.23,0.012021,134.282912,133.110284,0.016492,0.016492,1,0.012014,311.659112,295.377258,0.065439,0.065439,1,0.012002,249.719545,247.051106,0.05213,0.05213,1
801,9-Dec-96,24:00:00,2978.82,0.011394,778.211967,367.122148,1.640336,1.640336,1,0.011394,908.792677,532.065592,1.558561,1.558561,1,0.011394,1687.33,1357.68,1.407806,1.407806,1
802,10-Dec-96,24:00:00,8158.93,0.013499,2331.65,1146.43,0.692691,0.692691,1,0.013494,2582.06,1359.33,0.684246,0.684246,1,0.013486,2764.61,1446.64,0.632881,0.632881,1
803,11-Dec-96,24:00:00,3740.43,0.008221,985.013517,805.272892,0.523205,0.523205,1,0.008221,987.980975,828.323769,0.550119,0.550119,1,0.008221,733.220905,707.091375,0.627048,0.627048,1
804,12-Dec-96,24:00:00,3385.91,0.018534,556.954537,548.860052,0.089002,0.089002,1,0.018515,634.411508,613.79219,0.091117,0.091117,1,0.018484,542.871034,539.712586,0.104216,0.104216,1
805,13-Dec-96,24:00:00,1905.84,0.023835,311.756489,311.048803,0.030855,0.030855,1,0.023804,361.875623,350.691129,0.04074,0.04074,1,0.023757,423.391404,416.166566,0.055892,0.055892,1
806,14-Dec-96,24:00:00,1111.27,0.020062,187.538539,187.475032,0,0,1,0.020032,216.62621,215.862163,0,0,1,0.019981,216.11731,216.11731,0,0,1
807,15-Dec-96,24:00:00,902.053536,0.018981,131.721651,131.72034,0,0,1,0.018951,157.523092,157.523092,0,0,1,0.018904,201.38462,201.38462,0,0,1
808,16-Dec-96,24:00:00,768.564638,0.017259,115.487572,115.487572,0,0,1,0.017223,141.72323,141.72323,0,0,1,0.017167,189.654529,189.654529,0,0,1
809,17-Dec-96,24:00:00,711.853837,0.015577,107.593002,107.593002,0,0,1,0.01555,132.807772,132.807772,0,0,1,0.015508,178.609902,178.609902,0,0,1
810,18-Dec-96,24:00:00,739.862496,0.020214,101.192654,101.192654,0,0,0.998951,0.020178,125.018444,125.018444,0,0,0.998966,0.020121,168.208466,168.208466,0,0,0.998989
811,19-Dec-96,24:00:00,746.734971,0.018204,95.285658,95.285658,0,0,0.99648,0.018172,117.733798,117.733798,0,0,0.996509,0.018124,158.412762,158.412762,0,0,0.996555
812,20-Dec-96,24:00:00,709.823895,0.005622,93.509684,93.385753,0.361689,0.327654,0.996252,0.005609,119.132303,116.322583,0.394,0.354606,0.99606,0.005589,207.276081,201.681038,0.440543,0.40151,0.996168
813,21-Dec-96,24:00:00,2525.77,0.006074,446.561459,442.318194,0.577705,0.577705,1,0.006066,650.031748,582.465343,0.585305,0.585305,1,0.006055,1363.04,1319.00,0.660826,0.660826,1
814,22-Dec-96,24:00:00,2818.43,0.011916,647.20729,643.69321,0.564204,0.564204,1,0.011902,849.846326,791.028694,0.679645,0.679645,1,0.011881,1125.29,1091.02,0.733352,0.733352,1
815,23-Dec-96,24:00:00,2887.04,0.009365,501.365764,500.532137,0,0,1,0.009348,631.713208,618.481128,0,0,1,0.009324,384.212887,383.173579,0,0,1
816,24-Dec-96,24:00:00,1817.27,0.019625,221.502968,221.461079,0,0,1,0.019594,253.26123,252.851308,0,0,1,0.019558,227.035845,227.035845,0,0,1
817,25-Dec-96,24:00:00,1097.84,0.01316,148.657844,148.503265,0.040167,0.040167,1,0.013136,167.375351,167.375351,0,0,1,0.013099,213.531286,213.531286,0,0,1
818,26-Dec-96,24:00:00,2098.08,0.005222,320.813019,298.417635,1.287336,1.287336,1,0.005217,526.247674,351.951867,1.273977,1.273977,1,0.005209,1686.85,1043.28,1.284507,1.284507,1
819,27-Dec-96,24:00:00,5462.80,0.010541,973.066002,920.86695,0.363053,0.363053,1,0.010539,1300.04,1103.31,0.362242,0.362242,1,0.010536,1560.39,1447.51,0.430297,0.430297,1
820,28-Dec-96,24:00:00,3461.89,0.012516,801.933849,795.759076,0.396704,0.396704,1,0.012508,873.497806,832.535999,0.311261,0.311261,1,0.012497,706.525701,693.468584,0.254761,0.254761,1
821,29-Dec-96,24:00:00,2352.63,0.013565,581.649942,578.881051,0.708151,0.708151,1,0.013558,590.712903,557.486019,0.567356,0.567356,1,0.013548,1356.45,1082.52,0.944785,0.944785,1
822,30-Dec-96,24:00:00,3241.88,0.007975,838.302909,737.459892,1.066764,1.066764,1,0.007975,886.486108,750.755473,1.041723,1.041723,1,0.007975,1968.50,1395.64,1.121006,1.121006,1
823,31-Dec-96,24:00:00,13033.35,0.011698,3903.01,1242.60,1.506424,1.506424,1,0.011697,3604.74,1391.61,1.267481,1.267481,1,0.011696,5382.40,2133.78,1.294443,1.294443,1
824,1-Jan-97,24:00:00,15436.66,0.007225,4539.60,1621.49,1.650365,1.650365,1,0.007225,4575.88,1683.83,1.600943,1.600943,1,0.007225,7250.65,2377.26,1.659789,1.659789,1
825,2-Jan-97,24:00:00,7777.30,0.012005,2278.64,1549.45,0.19586,0.19586,1,0.012001,2206.30,1608.19,0.181985,0.181985,1,0.011994,1718.21,1479.97,0.315801,0.315801,1
826,3-Jan-97,24:00:00,4134.18,0.026003,881.576042,843.750717,0.049231,0.049231,1,0.025983,860.893918,830.912184,0.077702,0.077702,1,0.025952,816.501354,807.697718,0.068346,0.068346,1
827,4-Jan-97,24:00:00,4683.83,0.007098,461.669608,461.603547,0,0,1,0.007087,468.70505,467.909249,0,0,1,0.00707,515.81826,515.795989,0,0,1
828,5-Jan-97,24:00:00,4707.41,0.024042,345.837391,345.836252,0,0,1,0.024016,365.129675,365.129675,0,0,1,0.023976,480.0781,480.0781,0,0,1
829,6-Jan-97,24:00:00,4462.71,0.018055,311.197949,311.197949,0,0,1,0.018019,334.239057,334.239057,0,0,1,0.017963,452.111975,452.111975,0,0,1
830,7-Jan-97,24:00:00,4245.19,0.019786,291.230823,291.230823,0,0,1,0.019751,313.861076,313.861076,0,0,1,0.019696,425.783004,425.783004,0,0,1
831,8-Jan-97,24:00:00,2989.46,0.018918,274.066718,274.066718,0,0,0.999105,0.018889,295.509146,295.509146,0,0,0.999117,0.018845,400.987319,400.987319,0,0,0.99957
832,9-Jan-97,24:00:00,1612.44,0.01716,258.085615,258.085615,0,0,0.996825,0.017133,278.294568,278.294568,0,0,0.996849,0.017095,377.635624,377.635624,0,0,0.997763
833,10-Jan-97,24:00:00,1171.03,0.018917,243.053896,243.053896,0,0,0.994269,0.018886,262.08757,262.08757,0,0,0.994298,0.018836,355.643826,355.643826,0,0,0.995217
834,11-Jan-97,24:00:00,1071.72,0.012667,228.899352,228.899352,0,0,0.992018,0.012646,246.824745,246.824745,0,0,0.99205,0.012613,334.932732,334.932732,0,0,0.992975
835,12-Jan-97,24:00:00,1016.79,0.012428,215.569269,215.569269,0,0,0.990225,0.012413,232.450782,232.450782,0,0,0.99026,0.01239,315.427758,315.427758,0,0,0.99119
836,13-Jan-97,24:00:00,971.878123,0.021898,203.015484,203.015484,0,0,0.987841,0.021867,218.913896,218.913896,0,0,0.987879,0.021822,297.058666,297.058666,0,0,0.988813
837,14-Jan-97,24:00:00,1036.86,0.030848,191.192776,191.192776,0,0,0.984518,0.030819,206.165336,206.165336,0,0,0.984561,0.030772,279.759307,279.759307,0,0,0.985501
838,15-Jan-97,24:00:00,1107.12,0.011608,180.05857,180.05857,0,0,0.981706,0.011589,194.159196,194.159196,0,0,0.981751,0.01156,263.467385,263.467385,0,0,0.982699
839,16-Jan-97,24:00:00,1097.20,0.012399,169.57277,169.57277,0,0,0.981692,0.012394,182.852239,182.852239,0,0,0.981668,0.012386,248.124232,248.124232,0,0,0.982698
840,17-Jan-97,24:00:00,991.89422,0.013323,159.697616,159.697616,0,0,0.980665,0.013309,172.203748,172.203748,0,0,0.980488,0.013288,233.674594,233.674594,0,0,0.982698
841,18-Jan-97,24:00:00,893.102069,0.015305,150.397546,150.397546,0,0,0.978691,0.015279,162.175377,162.175377,0,0,0.978517,0.015238,220.066438,220.066438,0,0,0.98211
842,19-Jan-97,24:00:00,846.484213,0.01315,141.63907,141.63907,0,0,0.976717,0.013128,152.731014,152.731014,0,0,0.976547,0.013107,207.25076,207.25076,0,0,0.980518
843,20-Jan-97,24:00:00,878.09791,0.00648,133.771501,133.390649,0.118802,0,0.984223,0.00647,153.106238,143.949163,0.211419,0.039914,0.98833,0.006459,356.22764,341.829497,0.441472,0.297774,0.993067
844,21-Jan-97,24:00:00,1829.04,0.006301,211.881301,210.117768,0.377038,0.325514,0.999734,0.006293,371.323308,334.462602,0.472425,0.472425,1,0.00628,1020.69,991.603357,0.64214,0.64214,1
845,22-Jan-97,24:00:00,6227.22,0.005904,1870.77,519.526341,1.154112,1.154112,1,0.005899,2103.93,725.33661,1.134865,1.134865,1,0.005892,2957.97,1524.74,1.092865,1.092865,1
846,23-Jan-97,24:00:00,6273.14,0.014481,1620.11,808.421975,0,0,1,0.014467,1519.98,923.852651,0,0,1,0.014444,642.376835,599.465072,0,0,1
847,24-Jan-97,24:00:00,3240.39,0.008673,441.304618,387.739742,0.594864,0.594864,1,0.008658,442.016541,387.911945,0.604494,0.604494,1,0.008636,607.603817,445.451273,0.611582,0.611582,1
848,25-Jan-97,24:00:00,11229.94,0.011617,2722.00,840.998913,1.68,1.68,1,0.011602,3454.79,1044.46,1.668703,1.668703,1,0.011578,5402.24,2189.09,1.637645,1.637645,1
849,26-Jan-97,24:00:00,8336.18,0.017663,2585.23,1442.60,0.500842,0.500842,1,0.017645,2681.64,1672.91,0.521857,0.521857,1,0.017616,2220.37,1758.51,0.523796,0.523796,1
850,27-Jan-97,24:00:00,3672.45,0.013775,913.9281,827.352272,0.019748,0.019748,1,0.013768,893.303233,845.820772,0.100391,0.100391,1,0.013757,454.839474,453.771716,0.207353,0.207353,1
851,28-Jan-97,24:00:00,4288.71,0.007547,377.909057,376.923332,0,0,1,0.007546,496.628579,481.1562,0.11001,0.11001,1,0.007544,875.825522,858.494395,0.191174,0.191174,1
852,29-Jan-97,24:00:00,4469.09,0.020294,263.89386,263.884821,0,0,1,0.020283,385.316569,383.027434,0,0,1,0.020259,411.139341,411.06618,0,0,1
853,30-Jan-97,24:00:00,3494.47,0.016411,231.442583,231.442479,0,0,1,0.015557,286.520743,286.467948,0,0,1,0.015528,367.939645,367.939645,0,0,1
854,31-Jan-97,24:00:00,1941.24,0.009525,215.510374,215.510374,0,0,1,0.008971,256.016818,256.016818,0,0,1,0.00896,346.483309,346.483309,0,0,1
855,1-Feb-97,24:00:00,1239.26,0.022362,202.665549,202.665549,0,0,1,0.022344,239.594011,239.594011,0,0,1,0.022315,326.30566,326.30566,0,0,1
856,2-Feb-97,24:00:00,1096.12,0.023319,190.831673,190.831673,0,0,1,0.023287,225.508485,225.508485,0,0,1,0.023235,307.303088,307.303088,0,0,1
857,3-Feb-97,24:00:00,1053.68,0.017723,179.802242,179.800349,0.087167,0.069986,0.999049,0.017701,212.91279,212.80342,0.137649,0.137649,1,0.017667,297.137232,296.514568,0.207583,0.207583,1
858,4-Feb-97,24:00:00,1766.48,0.019941,217.990339,217.385392,0.028466,0.028466,1,0.019925,316.376502,303.517337,0.023504,0.023504,1,0.019892,596.619141,585.532286,0.045318,0.045318,1
859,5-Feb-97,24:00:00,1546.78,0.0296,198.348665,198.283585,0,0,1,0.029588,252.375117,251.468289,0,0,1,0.029557,276.496569,276.496569,0,0,1
860,6-Feb-97,24:00:00,1186.65,0.022291,161.755494,161.753979,0,0,1,0.022262,193.760454,193.760454,0,0,1,0.022215,257.429381,257.429381,0,0,1
861,7-Feb-97,24:00:00,1065.87,0.0122,146.559715,146.559715,0,0,1,0.012191,175.560162,175.560162,0,0,1,0.012176,242.434647,242.434647,0,0,1
862,8-Feb-97,24:00:00,858.554381,0.032352,137.182061,137.182061,0,0,0.99902,0.032336,164.620838,164.620838,0,0,0.999026,0.032311,228.316343,228.316343,0,0,0.999035
863,9-Feb-97,24:00:00,751.071238,0.009245,129.092887,129.092887,0,0,0.997007,0.009227,154.973392,154.973392,0,0,0.997021,0.009214,215.020228,215.020228,0,0,0.997046
864,10-Feb-97,24:00:00,724.507615,0.029356,121.564464,121.564464,0,0,0.994309,0.029337,145.943849,145.943849,0,0,0.994325,0.029306,202.498418,202.498418,0,0,0.996385
865,11-Feb-97,24:00:00,700.493004,0.029548,114.484051,114.484051,0,0,0.990161,0.029519,137.444414,137.444414,0,0,0.99018,0.029471,190.705822,190.705822,0,0,0.996385
866,12-Feb-97,24:00:00,675.454012,0.035041,107.816918,107.816918,0,0,0.985618,0.035016,129.440249,129.440249,0,0,0.985641,0.034976,179.599974,179.599974,0,0,0.994326
867,13-Feb-97,24:00:00,650.919207,0.039432,101.538137,101.538137,0,0,0.980244,0.03941,121.902231,121.902231,0,0,0.98027,0.039375,169.140881,169.140881,0,0,0.989111
868,14-Feb-97,24:00:00,627.804457,0.032869,95.625013,95.625013,0,0,0.974962,0.032837,114.803194,114.803194,0,0,0.974993,0.032785,159.290877,159.290877,0,0,0.983839
869,15-Feb-97,24:00:00,606.03577,0.026734,90.056243,90.056243,0,0,0.970697,0.026706,108.117573,108.117573,0,0,0.970731,0.02666,150.014494,150.014494,0,0,0.979585
870,16-Feb-97,24:00:00,585.710718,0.037548,84.811773,84.811773,0,0,0.966273,0.037524,101.821292,101.821292,0,0,0.966311,0.037485,141.284524,141.278326,0.019404,0,0.975229
871,17-Feb-97,24:00:00,575.829226,0.040713,79.872717,79.872717,0,0,0.962548,0.040692,100.000922,95.891679,0.055434,0,0.969811,0.040657,139.438917,133.050912,0.118697,0,0.990711
872,18-Feb-97,24:00:00,550.689477,0.03919,75.22129,75.22129,0,0,0.958405,0.039161,90.958276,90.307379,0,0,0.971365,0.039116,125.302627,125.302627,0,0,0.992043
873,19-Feb-97,24:00:00,541.701732,0.027179,70.840741,70.840741,0,0,0.955467,0.027159,85.061032,85.048284,0,0,0.971365,0.027127,136.136,132.977712,0.068805,0.013104,0.997513
874,20-Feb-97,24:00:00,554.903733,0.036923,66.715295,66.715295,0,0,0.953351,0.036899,80.095455,80.095455,0,0,0.971365,0.036858,113.488173,113.460753,0,0,1
875,21-Feb-97,24:00:00,522.102708,0.033214,62.830097,62.830097,0,0,0.948739,0.033186,75.431057,75.431057,0,0,0.970266,0.033139,105.494995,105.494995,0,0,1
876,22-Feb-97,24:00:00,491.801036,0.043992,59.171155,59.171155,0,0,0.943155,0.043974,71.038292,71.038292,0,0,0.965562,0.043945,99.349322,99.349322,0,0,0.997256
877,23-Feb-97,24:00:00,478.002044,0.058533,55.725293,55.725293,0,0,0.935962,0.058499,66.901342,66.901342,0,0,0.958373,0.058444,93.563663,93.563663,0,0,0.990214
878,24-Feb-97,24:00:00,459.026688,0.049823,52.480103,52.480103,0,0,0.928171,0.049802,63.005309,63.005309,0,0,0.950585,0.049774,88.114937,88.114937,0,0,0.982433
879,25-Feb-97,24:00:00,438.941957,0.058215,49.423898,49.423898,0,0,0.921092,0.058178,59.336163,59.336163,0,0,0.94351,0.05812,82.98352,82.98352,0,0,0.975363
880,26-Feb-97,24:00:00,410.038938,0.05166,46.545673,46.545673,0,0,0.912785,0.051628,55.880693,55.880693,0,0,0.935209,0.051574,78.150934,78.150934,0,0,0.96707
881,27-Feb-97,24:00:00,377.976391,0.031866,43.835063,43.835063,0,0,0.906723,0.031842,52.626453,52.626453,0,0,0.929151,0.031803,73.599775,73.599775,0,0,0.961019
882,28-Feb-97,24:00:00,359.738676,0.047488,41.282306,41.282306,0,0,0.900777,0.047477,49.561725,49.561725,0,0,0.923208,0.04746,69.313656,69.313656,0,0,0.955081
883,1-Mar-97,24:00:00,348.557111,0.031374,38.878682,38.878211,0.048972,0,0.895371,0.031361,46.694788,46.675473,0.099439,0,0.917953,0.031338,65.327322,65.277141,0.157096,0,0.95
884,2-Mar-97,24:00:00,558.730302,0.035702,38.697431,36.614119,0.357856,0,0.948495,0.035686,80.786791,43.957304,0.367896,0,0.979536,0.03566,300.538858,275.485694,0.385083,0.173152,0.999067
885,3-Mar-97,24:00:00,404.052552,0.032189,34.758538,34.481877,0,0,0.951091,0.032172,44.77779,41.397429,0,0,0.982167,0.032142,74.903027,74.903027,0,0,1
886,4-Mar-97,24:00:00,324.986958,0.038374,32.482691,32.473808,0,0,0.950816,0.038357,38.995036,38.986629,0,0,0.981895,0.038329,65.373937,65.373937,0,0,0.999732
887,5-Mar-97,24:00:00,297.915056,0.027965,30.58268,30.58268,0,0,0.948269,0.027946,36.716223,36.716223,0,0,0.979354,0.027911,61.560503,61.560503,0,0,0.9972
888,6-Mar-97,24:00:00,282.513629,0.04823,28.801682,28.801682,0,0,0.942994,0.048204,34.578036,34.578036,0,0,0.974081,0.04816,57.975492,57.975492,0,0,0.991933
889,7-Mar-97,24:00:00,272.997254,0.05325,27.124402,27.124402,0,0,0.93569,0.053246,32.564367,32.564367,0,0,0.96678,0.053239,54.59926,54.59926,0,0,0.984637
890,8-Mar-97,24:00:00,265.127573,0.052941,25.544799,25.544799,0,0,0.928144,0.052931,30.667965,30.667965,0,0,0.959235,0.052912,51.419645,51.419645,0,0,0.977093
891,9-Mar-97,24:00:00,258.755559,0.056749,24.057185,24.057185,0,0,0.920328,0.056726,28.882001,28.882001,0,0,0.951421,0.056688,48.425197,48.425197,0,0,0.969283
892,10-Mar-97,24:00:00,252.771421,0.06063,22.656203,22.656203,0,0,0.911993,0.060611,27.200043,27.200043,0,0,0.94309,0.060577,45.605131,45.605131,0,0,0.960956
893,11-Mar-97,24:00:00,247.224623,0.054536,21.336808,21.336808,0,0,0.903822,0.054516,25.616035,25.616035,0,0,0.934921,0.054483,42.949294,42.949294,0,0,0.952793
894,12-Mar-97,24:00:00,242.09058,0.048054,20.094248,20.094248,0,0,0.896315,0.048032,24.124272,24.124272,0,0,0.927417,0.047998,40.44812,40.44812,0,0,0.945294
895,13-Mar-97,24:00:00,235.499394,0.053025,18.92405,18.92405,0,0,0.889198,0.053002,22.719383,22.719383,0,0,0.920304,0.052967,38.092604,38.092604,0,0,0.938185
896,14-Mar-97,24:00:00,229.44485,0.057407,17.821998,17.821998,0,0,0.881319,0.05738,21.396309,21.396309,0,0,0.912428,0.05733,35.874262,35.874262,0,0,0.930315
897,15-Mar-97,24:00:00,224.92626,0.04137,16.784125,16.784125,0,0,0.874296,0.041348,20.156267,20.150284,0.030804,0,0.90688,0.041318,33.785107,33.785107,0,0,0.923301
898,16-Mar-97,24:00:00,916.814774,0.012289,53.726454,48.826378,1.494527,0.592505,0.952738,0.012285,271.136406,105.995165,1.424622,0.796054,0.979298,0.01228,1199.16,670.806784,1.502117,0.943162,0.987629
899,17-Mar-97,24:00:00,2594.29,0.045542,363.29753,359.717931,0,0,1,0.045522,730.749926,578.17172,0,0,1,0.045501,719.087017,615.540593,0,0,1
900,18-Mar-97,24:00:00,760.49847,0.049889,187.487282,187.262993,0,0,1,0.049871,234.02479,227.493574,0,0,1,0.049839,91.251144,91.251144,0,0,1
901,19-Mar-97,24:00:00,398.649969,0.048135,66.234422,66.234422,0,0,0.997137,0.048116,77.626302,77.626302,0,0,0.997141,0.048081,83.939987,83.939987,0,0,0.997135
902,20-Mar-97,24:00:00,331.023286,0.044539,40.706991,40.706991,0,0,0.990581,0.044522,54.298544,54.298544,0,0,0.99059,0.044492,79.049814,79.049814,0,0,0.990584
903,21-Mar-97,24:00:00,315.080789,0.057578,35.367486,35.367486,0,0,0.983285,0.057556,49.307705,49.307705,0,0,0.983297,0.057517,74.446308,74.446308,0,0,0.983296
904,22-Mar-97,24:00:00,306.675952,0.06646,32.96618,32.96618,0,0,0.974491,0.066438,46.286272,46.286272,0,0,0.974506,0.066396,70.11089,70.11089,0,0,0.97451
905,23-Mar-97,24:00:00,298.550223,0.068936,31.010909,31.010909,0,0,0.964848,0.068921,43.579654,43.579654,0,0,0.964866,0.068893,66.027948,66.027948,0,0,0.964875
906,24-Mar-97,24:00:00,289.011093,0.062094,29.201534,29.201534,0,0,0.955305,0.062068,41.041001,41.041001,0,0,0.955326,0.062021,62.182777,62.182777,0,0,0.95534
907,25-Mar-97,24:00:00,278.582376,0.073627,27.500651,27.500651,0,0,0.945808,0.073601,38.650907,38.650907,0,0,0.945832,0.073557,58.561532,58.561532,0,0,0.945853
908,26-Mar-97,24:00:00,269.469355,0.069809,25.899108,25.899108,0,0,0.935581,0.069806,36.400049,36.400049,0,0,0.935608,0.069801,55.151173,55.151173,0,0,0.935634
909,27-Mar-97,24:00:00,262.145072,0.067648,24.390858,24.390858,0,0,0.92577,0.067634,34.280274,34.280274,0,0,0.925798,0.067608,51.939417,51.939417,0,0,0.925825
910,28-Mar-97,24:00:00,255.699769,0.072438,22.970444,22.970444,0,0,0.91575,0.072421,32.283945,32.283945,0,0,0.91578,0.072389,48.914699,48.914699,0,0,0.915811
911,29-Mar-97,24:00:00,249.754317,0.067968,21.632749,21.632749,0,0,0.905695,0.067946,30.403874,30.403874,0,0,0.905728,0.067908,46.066127,46.066127,0,0,0.905764
912,30-Mar-97,24:00:00,243.964855,0.024494,20.372955,20.372955,0,0,0.898854,0.024486,28.633289,28.633289,0,0,0.898889,0.02447,43.383443,43.383443,0,0,0.898929
913,31-Mar-97,24:00:00,238.493467,0.053283,19.186526,19.186526,0,0,0.893416,0.053271,26.965815,26.965815,0,0,0.893452,0.053242,40.856987,40.856987,0,0,0.893496
914,1-Apr-97,24:00:00,233.340029,0.065429,18.069189,18.069189,0,0,0.885036,0.065415,25.395448,25.395448,0,0,0.885074,0.06539,38.47766,38.47766,0,0,0.885121
915,2-Apr-97,24:00:00,228.486682,0.076418,17.016921,17.016921,0,0,0.874919,0.076396,23.916531,23.916531,0,0,0.87496,0.076362,36.236895,36.236895,0,0,0.875011
916,3-Apr-97,24:00:00,223.915971,0.080618,16.025932,16.025932,0,0,0.863833,0.0806,22.52374,22.52374,0,0,0.863876,0.080566,34.126621,34.126621,0,0,0.863932
917,4-Apr-97,24:00:00,219.611438,0.074978,15.092654,15.092654,0,0,0.852493,0.074966,21.212059,21.212059,0,0,0.852538,0.074944,32.13924,32.13924,0,0,0.852599
918,5-Apr-97,24:00:00,247.072433,0.069282,14.213726,14.213726,0,0,0.84234,0.069263,19.976764,19.976764,0,0,0.842388,0.069228,30.267596,30.267596,0,0,0.842452
919,6-Apr-97,24:00:00,337.916449,0.038787,13.385983,13.385983,0,0,0.834428,0.038782,18.813407,18.813407,0,0,0.834477,0.038772,28.504947,28.504947,0,0,0.834546
920,7-Apr-97,24:00:00,312.320607,0.068922,12.606443,12.606443,0,0,0.826766,0.068895,17.717799,17.717799,0,0,0.826818,0.068867,26.844948,26.844948,0,0,0.826888
921,8-Apr-97,24:00:00,240.307847,0.072995,11.872301,11.872301,0,0,0.81685,0.072982,16.685995,16.685995,0,0,0.816905,0.072959,25.281619,25.281619,0,0,0.816978
922,9-Apr-97,24:00:00,225.8902,0.069205,11.180911,11.180911,0,0,0.806231,0.06919,15.714277,15.714277,0,0,0.806287,0.069163,23.809331,23.809331,0,0,0.806366
923,10-Apr-97,24:00:00,235.74674,0.073922,10.529786,10.529786,0,0,0.796353,0.073909,14.799149,14.799149,0,0,0.796412,0.073883,22.422783,22.422783,0,0,0.796493
924,11-Apr-97,24:00:00,238.763116,0.078152,9.916578,9.916578,0,0,0.785666,0.078138,13.937313,13.937313,0,0,0.785726,0.07811,21.116981,21.116981,0,0,0.785812
925,12-Apr-97,24:00:00,237.546637,0.047272,9.339081,9.339081,0,0,0.776556,0.04726,13.125667,13.125667,0,0,0.776619,0.047246,19.887223,19.887223,0,0,0.776707
926,13-Apr-97,24:00:00,234.808609,0.06543,8.795215,8.795215,0,0,0.768577,0.065415,12.361287,12.361287,0,0,0.768641,0.065383,18.729081,18.729081,0,0,0.768733
927,14-Apr-97,24:00:00,232.087831,0.074129,8.283022,8.283022,0,0,0.758429,0.074114,11.641421,11.641421,0,0,0.758495,0.074081,17.638384,17.638384,0,0,0.758592
928,15-Apr-97,24:00:00,228.620187,0.088028,7.800656,7.800656,0,0,0.747033,0.088013,10.963477,10.963477,0,0,0.747102,0.087983,16.611204,16.611204,0,0,0.747202
929,16-Apr-97,24:00:00,225.16561,0.077923,7.346381,7.346381,0,0,0.735092,0.07791,10.325014,10.325014,0,0,0.735163,0.07788,15.643842,15.643842,0,0,0.735269
930,17-Apr-97,24:00:00,222.814738,0.057818,6.918561,6.918561,0,0,0.725309,0.057807,9.723731,9.723731,0,0,0.725381,0.057784,14.732815,14.732815,0,0,0.72549
931,18-Apr-97,24:00:00,233.52541,0.021685,7.086114,6.515655,0.426139,0,0.73563,0.021681,23.140176,9.157465,0.494906,0,0.740217,0.021678,38.02067,13.874842,0.700548,0,0.755323
932,19-Apr-97,24:00:00,279.131518,0.022317,7.923085,6.136212,0.012878,0,0.780037,0.022317,35.996423,8.624176,0.003086,0,0.789992,0.022316,21.356949,13.066834,0,0,0.820588
933,20-Apr-97,24:00:00,220.570025,0.036961,5.972821,5.778867,0,0,0.781609,0.036959,9.631753,8.121942,0,0,0.790368,0.036952,14.111434,12.30588,0.038996,0,0.825689
934,21-Apr-97,24:00:00,215.81476,0.032706,5.44781,5.442332,0,0,0.781609,0.032699,8.073955,7.648957,0.006185,0,0.790939,0.032686,14.958781,11.589241,0.073685,0,0.833064
935,22-Apr-97,24:00:00,216.480089,0.035786,5.125417,5.125395,0,0,0.781609,0.035782,10.274569,7.203516,0.098795,0,0.795455,0.03578,21.444106,10.914336,0.295708,0,0.850864
936,23-Apr-97,24:00:00,226.44771,0.070427,4.826915,4.826915,0,0,0.779029,0.070408,12.09791,6.784016,0,0,0.805365,0.070388,13.482585,10.278734,0,0,0.878929
937,24-Apr-97,24:00:00,206.585984,0.076799,4.545817,4.545817,0,0,0.769841,0.07679,6.630145,6.388945,0,0,0.802488,0.076771,9.680147,9.680147,0,0,0.876055
938,25-Apr-97,24:00:00,203.876369,0.084761,4.281089,4.281089,0,0,0.758341,0.084748,6.016882,6.016882,0,0,0.792533,0.084716,9.116419,9.116419,0,0,0.866105
939,26-Apr-97,24:00:00,202.696694,0.086215,4.031778,4.031778,0,0,0.746152,0.0862,5.666486,5.666486,0,0,0.780346,0.086168,8.58552,8.58552,0,0,0.853922
940,27-Apr-97,24:00:00,201.605465,0.083129,3.796985,3.796985,0,0,0.733793,0.083116,5.336495,5.336495,0,0,0.76799,0.083087,8.085538,8.085538,0,0,0.841571
941,28-Apr-97,24:00:00,200.580067,0.051211,3.575866,3.575866,0,0,0.724416,0.051201,5.025722,5.025722,0,0,0.758614,0.051188,7.614672,7.614672,0,0,0.832198
942,29-Apr-97,24:00:00,199.614512,0.076388,3.367624,3.367624,0,0,0.715408,0.07638,4.733046,4.733046,0,0,0.749607,0.076359,7.171228,7.171228,0,0,0.823193
943,30-Apr-97,24:00:00,198.705193,0.055394,3.171508,3.171508,0,0,0.706034,0.055385,4.457415,4.457415,0,0,0.740235,0.055364,6.753608,6.753608,0,0,0.813824
944,1-May-97,24:00:00,197.848829,0.076889,2.986814,2.986814,0,0,0.696407,0.076881,4.197835,4.197835,0,0,0.730609,0.076857,6.360308,6.360308,0,0,0.804201
945,2-May-97,24:00:00,197.042335,0.078835,2.812875,2.812875,0,0,0.685303,0.078825,3.953372,3.953372,0,0,0.719506,0.0788,5.989913,5.989913,0,0,0.793102
946,3-May-97,24:00:00,196.282808,0.080653,2.649066,2.649066,0,0,0.674176,0.080653,3.723146,3.723146,0,0,0.708379,0.080628,5.641087,5.641087,0,0,0.781979
947,4-May-97,24:00:00,194.218732,0.083618,2.494797,2.494797,0,0,0.662096,0.083606,3.506326,3.506326,0,0,0.696301,0.083584,5.312576,5.312576,0,0,0.769903
948,5-May-97,24:00:00,191.599676,0.089709,2.349511,2.349511,0,0,0.649767,0.089699,3.302134,3.302134,0,0,0.683973,0.089673,5.003195,5.003195,0,0,0.757579
949,6-May-97,24:00:00,190.319604,0.078916,2.212686,2.212686,0,0,0.637793,0.078915,3.109832,3.109832,0,0,0.672,0.07891,4.711832,4.711832,0,0,0.745609
950,7-May-97,24:00:00,189.665156,0.099597,2.083829,2.083829,0,0,0.625119,0.099591,2.92873,2.92873,0,0,0.659326,0.099577,4.437436,4.437436,0,0,0.732936
951,8-May-97,24:00:00,189.099468,0.098868,1.962476,1.962476,0,0,0.610946,0.098866,2.758174,2.758174,0,0,0.645154,0.098864,4.17902,4.17902,0,0,0.718765
952,9-May-97,24:00:00,188.569429,0.100897,1.84819,1.84819,0,0,0.59665,0.100889,2.59755,2.59755,0,0,0.630859,0.100867,3.935652,3.935652,0,0,0.704472
953,10-May-97,24:00:00,188.070379,0.096645,1.74056,1.74056,0,0,0.582542,0.096636,2.446281,2.446281,0,0,0.616752,0.096607,3.706458,3.706458,0,0,0.690368
954,11-May-97,24:00:00,187.600396,0.100986,1.639198,1.639198,0,0,0.568487,0.100985,2.30382,2.30382,0,0,0.602698,0.100988,3.49061,3.49061,0,0,0.676316
955,12-May-97,24:00:00,207.451408,0.101612,1.543738,1.543738,0,0,0.554003,0.101602,2.169656,2.169656,0,0,0.588215,0.101577,3.287333,3.287333,0,0,0.661834
956,13-May-97,24:00:00,224.974893,0.100995,1.453838,1.453838,0,0,0.53953,0.100988,2.043305,2.043305,0,0,0.573743,0.100971,3.095893,3.095893,0,0,0.647366
957,14-May-97,24:00:00,217.822608,0.101465,1.369173,1.369173,0,0,0.525158,0.10146,1.924312,1.924312,0,0,0.559371,0.101449,2.915602,2.915602,0,0,0.632996
958,15-May-97,24:00:00,214.86643,0.098252,1.289439,1.289439,0,0,0.510708,0.098243,1.812249,1.812249,0,0,0.544922,0.098218,2.745811,2.745811,0,0,0.618549
959,16-May-97,24:00:00,214.321516,0.104103,1.214347,1.214347,0,0,0.496226,0.104097,1.706712,1.706712,0,0,0.530442,0.10408,2.585907,2.585907,0,0,0.604072
960,17-May-97,24:00:00,211.403843,0.120567,1.143629,1.143629,0,0,0.48034,0.120557,1.60732,1.60732,0,0,0.514556,0.120532,2.435316,2.435316,0,0,0.588189
961,18-May-97,24:00:00,209.347862,0.136525,1.077029,1.077029,0,0,0.462202,0.136522,1.513717,1.513717,0,0,0.496419,0.136517,2.293494,2.293494,0,0,0.570055
962,19-May-97,24:00:00,208.047507,0.122525,1.014308,1.014308,0,0,0.443524,0.122525,1.425565,1.425565,0,0,0.477742,0.122523,2.159931,2.159931,0,0,0.551378
963,20-May-97,24:00:00,208.641845,0.094947,0.955239,0.955239,0,0,0.427928,0.09494,1.342547,1.342547,0,0,0.462146,0.094922,2.034146,2.034146,0,0,0.535783
964,21-May-97,24:00:00,209.74604,0.103773,0.899611,0.899611,0,0,0.413655,0.103763,1.264363,1.264363,0,0,0.447875,0.103733,1.915687,1.915687,0,0,0.521515
965,22-May-97,24:00:00,209.26707,0.071515,0.847221,0.847221,0,0,0.401308,0.071514,1.190732,1.190732,0,0,0.435528,0.071493,1.804126,1.804126,0,0,0.509173
966,23-May-97,24:00:00,245.140402,0.058309,2.3797,0.797883,0.339534,0,0.433519,0.058303,27.891185,1.121389,0.363868,0,0.471203,0.058291,20.303231,1.699062,0.40269,0,0.549459
967,24-May-97,24:00:00,218.658951,0.092052,1.128699,0.751418,0,0,0.441861,0.092047,5.521603,1.056085,0,0,0.479281,0.092031,1.640799,1.600116,0,0,0.558475
968,25-May-97,24:00:00,205.684686,0.089033,0.72597,0.707659,0,0,0.431954,0.089024,1.088331,0.994583,0,0,0.469086,0.088998,1.506933,1.506933,0,0,0.548285
969,26-May-97,24:00:00,207.463988,0.041404,0.666448,0.666448,0,0,0.422151,0.041403,3.785153,0.936663,0.123597,0,0.464797,0.041396,11.013634,1.419176,0.312193,0,0.552161
970,27-May-97,24:00:00,227.63362,0.086967,0.627637,0.627637,0,0,0.419492,0.086957,8.329898,0.882116,0,0,0.476701,0.086938,6.196868,1.336529,0,0,0.582845
971,28-May-97,24:00:00,207.26394,0.080282,0.591086,0.591086,0,0,0.415046,0.080277,1.17616,0.830745,0,0,0.472366,0.080263,1.258696,1.258696,0,0,0.578512
972,29-May-97,24:00:00,205.579337,0.107482,0.556664,0.556664,0,0,0.402399,0.107476,0.782367,0.782367,0,0,0.459781,0.107453,1.185395,1.185395,0,0,0.565931
973,30-May-97,24:00:00,204.78837,0.108663,0.524246,0.524246,0,0,0.38667,0.10866,0.736805,0.736805,0,0,0.444053,0.108646,1.116363,1.116363,0,0,0.550205
974,31-May-97,24:00:00,199.108489,0.070681,0.493717,0.493717,0,0,0.373534,0.070679,0.693897,0.693897,0,0,0.430917,0.070668,1.051351,1.051351,0,0,0.537071
975,1-Jun-97,24:00:00,190.998722,0.092306,0.464965,0.464965,0,0,0.362412,0.092302,0.653487,0.653487,0,0,0.419796,0.092278,0.990125,0.990125,0,0,0.525952
976,2-Jun-97,24:00:00,178.825453,0.080607,0.437887,0.437887,0,0,0.349924,0.080602,0.615431,0.615431,0,0,0.407309,0.080584,0.932465,0.932465,0,0,0.513468
977,3-Jun-97,24:00:00,168.042826,0.025967,0.893218,0.412387,0.43681,0,0.356584,0.025967,11.332536,0.579591,0.423611,0,0.41596,0.025972,17.183721,0.878162,0.548247,0,0.5276
978,4-Jun-97,24:00:00,217.510708,0.079955,2.841003,0.388371,0.106976,0,0.417483,0.079952,29.280122,0.545839,0.052843,0,0.46627,0.079929,9.905708,0.827022,0,0,0.582989
979,5-Jun-97,24:00:00,180.033561,0.08857,0.595388,0.365754,0,0,0.414746,0.088565,2.048946,0.514051,0,0,0.462411,0.088551,0.77886,0.77886,0,0,0.578825
980,6-Jun-97,24:00:00,167.172453,0.111166,0.348304,0.344454,0,0,0.401684,0.111159,0.48474,0.484115,0,0,0.449273,0.111146,0.733503,0.733503,0,0,0.565686
981,7-Jun-97,24:00:00,155.684177,0.106308,0.324395,0.324395,0,0,0.38598,0.106305,0.455923,0.455923,0,0,0.433569,0.10629,0.690787,0.690787,0,0,0.549985
982,8-Jun-97,24:00:00,154.479828,0.097173,0.305504,0.305504,0,0,0.371432,0.09717,0.429372,0.429372,0,0,0.419021,0.097149,0.650558,0.650558,0,0,0.535439
983,9-Jun-97,24:00:00,154.336889,0.085819,0.287712,0.287712,0,0,0.358085,0.085816,0.404367,0.404367,0,0,0.405675,0.085797,0.612673,0.612673,0,0,0.522097
984,10-Jun-97,24:00:00,154.256455,0.093701,0.270957,0.270957,0,0,0.345712,0.093693,0.380819,0.380819,0,0,0.393302,0.093677,0.576993,0.576993,0,0,0.509726
985,11-Jun-97,24:00:00,157.779927,0.097193,0.255178,0.255178,0,0,0.331859,0.097186,0.358641,0.358641,0,0,0.379451,0.097168,0.543392,0.543392,0,0,0.495877
986,12-Jun-97,24:00:00,167.994191,0.097146,0.240318,0.240318,0,0,0.318199,0.097142,0.337756,0.337756,0,0,0.365791,0.097127,0.511747,0.511747,0,0,0.48222
987,13-Jun-97,24:00:00,182.495449,0.101046,0.226323,0.226323,0,0,0.303784,0.101039,0.318086,0.318086,0,0,0.351377,0.101024,0.481945,0.481945,0,0,0.467808
988,14-Jun-97,24:00:00,188.421987,0.118017,0.213143,0.213143,0,0,0.288274,0.118008,0.299562,0.299562,0,0,0.335869,0.117989,0.453879,0.453879,0,0,0.452302
989,15-Jun-97,24:00:00,186.195216,0.087989,0.20073,0.20073,0,0,0.273691,0.087997,0.282117,0.282117,0,0,0.321285,0.087984,0.427447,0.427447,0,0,0.43772
990,16-Jun-97,24:00:00,188.588673,0.116212,0.18904,0.18904,0,0,0.258978,0.116204,0.265688,0.265688,0,0,0.306573,0.116187,0.402555,0.402555,0,0,0.42301
991,17-Jun-97,24:00:00,191.515346,0.114138,0.178032,0.178032,0,0,0.242608,0.114132,0.250216,0.250216,0,0,0.290204,0.114109,0.379112,0.379112,0,0,0.406644
992,18-Jun-97,24:00:00,191.760744,0.117032,0.167664,0.167664,0,0,0.22608,0.117025,0.235644,0.235644,0,0,0.273677,0.117009,0.357034,0.357034,0,0,0.39012
993,19-Jun-97,24:00:00,191.731373,0.132546,0.1579,0.1579,0,0,0.208543,0.132543,0.221921,0.221921,0,0,0.25614,0.132527,0.336242,0.336242,0,0,0.372586
994,20-Jun-97,24:00:00,193.487835,0.117955,0.148704,0.148704,0,0,0.190535,0.117951,0.208998,0.208998,0,0,0.238132,0.117936,0.316661,0.316661,0,0,0.35458
995,21-Jun-97,24:00:00,198.822677,0.108994,0.140045,0.140045,0,0,0.174097,0.108992,0.196827,0.196827,0,0,0.221695,0.108981,0.29822,0.29822,0,0,0.338144
996,22-Jun-97,24:00:00,209.973599,0.105784,0.131889,0.131889,0,0,0.158774,0.105779,0.185364,0.185364,0,0,0.206373,0.105761,0.280853,0.280853,0,0,0.322824
997,23-Jun-97,24:00:00,224.450199,0.106574,0.124208,0.124208,0,0,0.143501,0.106567,0.174569,0.174569,0,0,0.1911,0.106549,0.264497,0.264497,0,0,0.307555
998,24-Jun-97,24:00:00,230.44104,0.11947,0.116975,0.116975,0,0,0.12754,0.119467,0.164403,0.164403,0,0,0.17514,0.119451,0.249094,0.249094,0,0,0.291596
999,25-Jun-97,24:00:00,230.505812,0.12181,0.110163,0.110163,0,0,0.110258,0.121807,0.154829,0.154829,0,0,0.157859,0.121793,0.234588,0.234588,0,0,0.274317
1000,26-Jun-97,24:00:00,230.476984,0.105516,0.103748,0.103748,0,0,0.094113,0.105512,0.145813,0.145813,0,0,0.141714,0.105489,0.220927,0.220927,0,0,0.258175
1001,27-Jun-97,24:00:00,230.44921,0.090152,0.097706,0.097706,0,0,0.079919,0.090149,0.137321,0.137321,0,0,0.12752,0.090135,0.208061,0.208061,0,0,0.243984
1002,28-Jun-97,24:00:00,230.42305,0.092057,0.092016,0.092016,0,0,0.067018,0.092055,0.129324,0.129324,0,0,0.11462,0.092037,0.195944,0.195944,0,0,0.231086
1003,29-Jun-97,24:00:00,230.398414,0.086835,0.086657,0.086657,0,0,0.053963,0.08683,0.121793,0.121793,0,0,0.101565,0.08681,0.184533,0.184533,0,0,0.218034
1004,30-Jun-97,24:00:00,230.375212,0.064966,0.081611,0.081611,0,0,0.043266,0.064963,0.1147,0.1147,0,0,0.090869,0.064954,0.173787,0.173787,0,0,0.20734
1005,1-Jul-97,24:00:00,230.353361,0.100041,0.076858,0.076858,0,0,0.031485,0.100035,0.108021,0.108021,0,0,0.079088,0.100016,0.163666,0.163666,0,0,0.195562
1006,2-Jul-97,24:00:00,230.332783,0.110804,0.072382,0.072382,0,0,0.016554,0.110799,0.10173,0.10173,0,0,0.064159,0.110778,0.154135,0.154135,0,0,0.180635
1007,3-Jul-97,24:00:00,230.313403,0.121366,0.068167,0.068167,0,0,0.003412,0.121362,0.095806,0.095806,0,0,0.047634,0.121349,0.145159,0.145159,0,0,0.164113
1008,4-Jul-97,24:00:00,230.295152,0.120031,0.064197,0.064197,0,0,0,0.120027,0.090226,0.090226,0,0,0.030366,0.120012,0.136706,0.136706,0,0,0.146846
1009,5-Jul-97,24:00:00,230.277964,0.123787,0.060459,0.060459,0,0,0,0.123781,0.084972,0.084972,0,0,0.013094,0.123766,0.128745,0.128745,0,0,0.129576
1010,6-Jul-97,24:00:00,230.261776,0.119194,0.056938,0.056938,0,0,0,0.11919,0.080024,0.080024,0,0,0.001296,0.119177,0.121247,0.121247,0,0,0.112096
1011,7-Jul-97,24:00:00,230.246532,0.124369,0.053622,0.053622,0,0,0,0.124363,0.075363,0.075363,0,0,0,0.12434,0.114186,0.114186,0,0,0.094876
1012,8-Jul-97,24:00:00,230.232175,0.128133,0.050499,0.050499,0,0,0,0.128126,0.070975,0.070975,0,0,0,0.128099,0.107536,0.107536,0,0,0.077091
1013,9-Jul-97,24:00:00,235.19464,0.120908,0.047558,0.047558,0,0,0,0.120902,0.066841,0.066841,0,0,0,0.120875,0.101274,0.101274,0,0,0.058429
1014,10-Jul-97,24:00:00,245.621771,0.10734,0.044789,0.044789,0,0,0,0.107337,0.062949,0.062949,0,0,0,0.107319,0.095376,0.095376,0,0,0.042411
1015,11-Jul-97,24:00:00,250.121402,0.116782,0.042181,0.042181,0,0,0,0.116774,0.059283,0.059283,0,0,0,0.116756,0.089822,0.089822,0,0,0.026735
1016,12-Jul-97,24:00:00,250.182132,0.123961,0.039724,0.039724,0,0,0,0.123955,0.055831,0.055831,0,0,0,0.123933,0.084591,0.084591,0,0,0.009524
1017,13-Jul-97,24:00:00,250.171996,0.126838,0.037411,0.037411,0,0,0,0.126832,0.052579,0.052579,0,0,0,0.12681,0.079665,0.079665,0,0,0.000031
1018,14-Jul-97,24:00:00,250.161983,0.123888,0.035232,0.035232,0,0,0,0.123878,0.049517,0.049517,0,0,0,0.123853,0.075026,0.075026,0,0,0
1019,15-Jul-97,24:00:00,249.530551,0.118887,0.03318,0.03318,0,0,0,0.118883,0.046634,0.046634,0,0,0,0.118868,0.070656,0.070656,0,0,0
1020,16-Jul-97,24:00:00,247.905685,0.11729,0.031248,0.031248,0,0,0,0.117282,0.043918,0.043918,0,0,0,0.117256,0.066542,0.066542,0,0,0
1021,17-Jul-97,24:00:00,249.013368,0.115255,0.029428,0.029428,0,0,0,0.11525,0.04136,0.04136,0,0,0,0.115229,0.062667,0.062667,0,0,0
1022,18-Jul-97,24:00:00,250.109456,0.1194,0.027715,0.027715,0,0,0,0.119391,0.038952,0.038952,0,0,0,0.119371,0.059017,0.059017,0,0,0
1023,19-Jul-97,24:00:00,250.119875,0.13058,0.026101,0.026101,0,0,0,0.130571,0.036683,0.036683,0,0,0,0.130549,0.05558,0.05558,0,0,0
1024,20-Jul-97,24:00:00,250.113011,0.12292,0.024581,0.024581,0,0,0,0.122911,0.034547,0.034547,0,0,0,0.122883,0.052344,0.052344,0,0,0
1025,21-Jul-97,24:00:00,250.10643,0.120774,0.023149,0.023149,0,0,0,0.120768,0.032535,0.032535,0,0,0,0.120747,0.049295,0.049295,0,0,0
1026,22-Jul-97,24:00:00,250.100232,0.121917,0.021801,0.021801,0,0,0,0.121909,0.03064,0.03064,0,0,0,0.121885,0.046425,0.046425,0,0,0
1027,23-Jul-97,24:00:00,250.094395,0.119837,0.020531,0.020531,0,0,0,0.11983,0.028856,0.028856,0,0,0,0.119809,0.043721,0.043721,0,0,0
1028,24-Jul-97,24:00:00,250.088898,0.117184,0.019336,0.019336,0,0,0,0.117183,0.027176,0.027176,0,0,0,0.117166,0.041175,0.041175,0,0,0
1029,25-Jul-97,24:00:00,250.083721,0.122401,0.01821,0.01821,0,0,0,0.122389,0.025593,0.025593,0,0,0,0.12237,0.038777,0.038777,0,0,0
1030,26-Jul-97,24:00:00,255.054832,0.12277,0.017149,0.017149,0,0,0,0.122762,0.024103,0.024103,0,0,0,0.122739,0.036519,0.036519,0,0,0
1031,27-Jul-97,24:00:00,258.648124,0.101741,0.016151,0.016151,0,0,0,0.101732,0.022699,0.022699,0,0,0,0.101715,0.034392,0.034392,0,0,0
1032,28-Jul-97,24:00:00,259.06358,0.115555,0.01521,0.01521,0,0,0,0.115546,0.021377,0.021377,0,0,0,0.115522,0.032389,0.032389,0,0,0
1033,29-Jul-97,24:00:00,259.065814,0.107119,0.014324,0.014324,0,0,0,0.107109,0.020132,0.020132,0,0,0,0.107084,0.030503,0.030503,0,0,0
1034,30-Jul-97,24:00:00,252.220041,0.103683,0.01349,0.01349,0,0,0,0.103675,0.01896,0.01896,0,0,0,0.103655,0.028727,0.028727,0,0,0
1035,31-Jul-97,24:00:00,243.770599,0.107509,0.012705,0.012705,0,0,0,0.107499,0.017856,0.017856,0,0,0,0.107475,0.027054,0.027054,0,0,0
1036,1-Aug-97,24:00:00,242.963575,0.101965,0.011965,0.011965,0,0,0,0.101956,0.016816,0.016816,0,0,0,0.101934,0.025478,0.025478,0,0,0
1037,2-Aug-97,24:00:00,242.790055,0.109725,0.011268,0.011268,0,0,0,0.109714,0.015837,0.015837,0,0,0,0.109691,0.023995,0.023995,0,0,0
1038,3-Aug-97,24:00:00,242.060697,0.118654,0.010612,0.010612,0,0,0,0.118652,0.014914,0.014914,0,0,0,0.118649,0.022597,0.022597,0,0,0
1039,4-Aug-97,24:00:00,242.04603,0.119518,0.009994,0.009994,0,0,0,0.119507,0.014046,0.014046,0,0,0,0.119481,0.021281,0.021281,0,0,0
1040,5-Aug-97,24:00:00,240.177277,0.124139,0.009412,0.009412,0,0,0,0.124126,0.013228,0.013228,0,0,0,0.124094,0.020042,0.020042,0,0,0
1041,6-Aug-97,24:00:00,249.010772,0.123553,0.008864,0.008864,0,0,0,0.123551,0.012457,0.012457,0,0,0,0.123545,0.018875,0.018875,0,0,0
1042,7-Aug-97,24:00:00,270.492203,0.127165,0.008347,0.008347,0,0,0,0.127165,0.011732,0.011732,0,0,0,0.127166,0.017776,0.017776,0,0,0
1043,8-Aug-97,24:00:00,279.885074,0.126508,0.007861,0.007861,0,0,0,0.126508,0.011049,0.011049,0,0,0,0.126509,0.01674,0.01674,0,0,0
1044,9-Aug-97,24:00:00,280.032991,0.079384,0.007404,0.007404,0,0,0,0.079377,0.010405,0.010405,0,0,0,0.07937,0.015766,0.015766,0,0,0
1045,10-Aug-97,24:00:00,280.03205,0.07539,0.006972,0.006972,0,0,0,0.075378,0.009799,0.009799,0,0,0,0.075362,0.014847,0.014847,0,0,0
1046,11-Aug-97,24:00:00,280.030189,0.095053,0.006566,0.006566,0,0,0,0.095041,0.009229,0.009229,0,0,0,0.095017,0.013983,0.013983,0,0,0
1047,12-Aug-97,24:00:00,280.028431,0.105972,0.006184,0.006184,0,0,0,0.105959,0.008691,0.008691,0,0,0,0.105931,0.013169,0.013169,0,0,0
1048,13-Aug-97,24:00:00,266.342814,0.0959,0.005824,0.005824,0,0,0,0.095898,0.008185,0.008185,0,0,0,0.09589,0.012402,0.012402,0,0,0
1049,14-Aug-97,24:00:00,245.717605,0.098685,0.005485,0.005485,0,0,0,0.098674,0.007708,0.007708,0,0,0,0.098657,0.011679,0.011679,0,0,0
1050,15-Aug-97,24:00:00,253.694945,0.106881,0.005165,0.005165,0,0,0,0.106875,0.00726,0.00726,0,0,0,0.106868,0.010999,0.010999,0,0,0
1051,16-Aug-97,24:00:00,262.872803,0.080598,0.004864,0.004864,0,0,0,0.080607,0.006837,0.006837,0,0,0,0.080603,0.010359,0.010359,0,0,0
1052,17-Aug-97,24:00:00,263.020023,0.074581,0.004581,0.004581,0,0,0,0.074584,0.006439,0.006439,0,0,0,0.074562,0.009755,0.009755,0,0,0
1053,18-Aug-97,24:00:00,252.445859,0.088078,0.004314,0.004314,0,0,0,0.088078,0.006064,0.006064,0,0,0,0.088051,0.009187,0.009187,0,0,0
1054,19-Aug-97,24:00:00,231.195357,0.069907,0.00494,0.004063,0.091111,0,0.000271,0.069901,0.020133,0.005711,0.074254,0,0.000221,0.069884,0.008652,0.008652,0,0,0
1055,20-Aug-97,24:00:00,295.014445,0.054337,3.180417,0.003827,0.535237,0,0.083497,0.054328,50.233377,0.005378,0.570977,0,0.085287,0.054308,29.454552,0.008148,0.636043,0,0.082186
1056,21-Aug-97,24:00:00,237.400075,0.090656,0.458115,0.003604,0,0,0.08716,0.090648,5.280571,0.005065,0,0,0.089859,0.090631,0.010555,0.007674,0,0,0.088549
1057,22-Aug-97,24:00:00,222.428788,0.095059,0.019196,0.003394,0,0,0.07673,0.095047,0.041307,0.00477,0,0,0.07943,0.095023,0.007227,0.007227,0,0,0.078124
1058,23-Aug-97,24:00:00,224.504415,0.082674,0.003196,0.003196,0,0,0.063879,0.08266,0.004492,0.004492,0,0,0.066581,0.082629,0.006806,0.006806,0,0,0.065279
1059,24-Aug-97,24:00:00,225.989782,0.086465,0.00301,0.00301,0,0,0.051739,0.086451,0.004231,0.004231,0,0,0.054444,0.086421,0.00641,0.00641,0,0,0.053147
1060,25-Aug-97,24:00:00,226.012866,0.087191,0.002835,0.002835,0,0,0.039512,0.087175,0.003984,0.003984,0,0,0.042219,0.087138,0.006037,0.006037,0,0,0.040926
1061,26-Aug-97,24:00:00,220.414289,0.070977,0.00267,0.00267,0,0,0.028144,0.070961,0.003752,0.003752,0,0,0.030854,0.070927,0.005685,0.005685,0,0,0.029565
1062,27-Aug-97,24:00:00,211.46772,0.090095,0.002514,0.002514,0,0,0.016791,0.09008,0.003534,0.003534,0,0,0.019502,0.090049,0.005354,0.005354,0,0,0.018219
1063,28-Aug-97,24:00:00,209.309403,0.090268,0.002368,0.002368,0,0,0.004695,0.090253,0.003328,0.003328,0,0,0.006556,0.090223,0.005042,0.005042,0,0,0.005617
1064,29-Aug-97,24:00:00,217.462577,0.087153,0.00223,0.00223,0,0,0,0.087139,0.003134,0.003134,0,0,0,0.087109,0.004748,0.004748,0,0,0
1065,30-Aug-97,24:00:00,233.13335,0.087583,0.0021,0.0021,0,0,0,0.087565,0.002952,0.002952,0,0,0,0.087526,0.004472,0.004472,0,0,0
1066,31-Aug-97,24:00:00,241.144298,0.088252,0.001978,0.001978,0,0,0,0.088234,0.00278,0.00278,0,0,0,0.088198,0.004212,0.004212,0,0,0
1067,1-Sep-97,24:00:00,242.617775,0.081372,0.001863,0.001863,0,0,0,0.08136,0.002618,0.002618,0,0,0,0.081323,0.003966,0.003966,0,0,0
1068,2-Sep-97,24:00:00,243.623959,0.094367,0.001754,0.001754,0,0,0,0.094349,0.002465,0.002465,0,0,0,0.094316,0.003735,0.003735,0,0,0
1069,3-Sep-97,24:00:00,241.513544,0.092103,0.001652,0.001652,0,0,0,0.092081,0.002322,0.002322,0,0,0,0.092044,0.003518,0.003518,0,0,0
1070,4-Sep-97,24:00:00,241.275172,0.097248,0.001556,0.001556,0,0,0,0.097226,0.002187,0.002187,0,0,0,0.09719,0.003313,0.003313,0,0,0
1071,5-Sep-97,24:00:00,241.994871,0.092891,0.001465,0.001465,0,0,0,0.092872,0.002059,0.002059,0,0,0,0.092834,0.00312,0.00312,0,0,0
1072,6-Sep-97,24:00:00,232.676287,0.089054,0.00138,0.00138,0,0,0,0.089039,0.001939,0.001939,0,0,0,0.089012,0.002938,0.002938,0,0,0
1073,7-Sep-97,24:00:00,221.498231,0.08845,0.001299,0.001299,0,0,0,0.088435,0.001826,0.001826,0,0,0,0.088407,0.002767,0.002767,0,0,0
1074,8-Sep-97,24:00:00,218.060398,0.087692,0.001224,0.001224,0,0,0,0.087664,0.00172,0.00172,0,0,0,0.087609,0.002606,0.002606,0,0,0
1075,9-Sep-97,24:00:00,219.871673,0.07823,0.001153,0.001153,0,0,0,0.078207,0.00162,0.00162,0,0,0,0.078163,0.002454,0.002454,0,0,0
1076,10-Sep-97,24:00:00,229.072922,0.058943,0.001085,0.001085,0,0,0,0.058922,0.001525,0.001525,0,0,0,0.058882,0.002311,0.002311,0,0,0
1077,11-Sep-97,24:00:00,242.634341,0.082247,0.001022,0.001022,0,0,0,0.082227,0.001437,0.001437,0,0,0,0.082191,0.002177,0.002177,0,0,0
1078,12-Sep-97,24:00:00,252.895643,0.081805,0.000963,0.000963,0,0,0,0.081787,0.001353,0.001353,0,0,0,0.081754,0.00205,0.00205,0,0,0
1079,13-Sep-97,24:00:00,262.797433,0.079147,0.000907,0.000907,0,0,0,0.079129,0.001274,0.001274,0,0,0,0.079096,0.001931,0.001931,0,0,0
1080,14-Sep-97,24:00:00,282.151735,0.018729,0.711517,0.000854,0.214963,0,0.015126,0.018722,14.093431,0.0012,0.262385,0,0.018216,0.018719,14.05754,0.001818,0.330438,0,0.02283
1081,15-Sep-97,24:00:00,292.259784,0.057078,0.510321,0.000804,0,0,0.030709,0.05706,10.068002,0.00113,0.027151,0,0.040836,0.057025,3.828719,0.001712,0.131137,0,0.05369
1082,16-Sep-97,24:00:00,269.227689,0.076483,0.032501,0.000757,0,0,0.030428,0.076479,0.751455,0.001064,0,0,0.041362,0.07647,3.49013,0.001613,0,0,0.065939
1083,17-Sep-97,24:00:00,263.392655,0.043935,0.000713,0.000713,0,0,0.026501,0.043931,0.02061,0.001002,0,0,0.040215,0.043912,0.001519,0.001519,0,0,0.064794
1084,18-Sep-97,24:00:00,264.251115,0.069108,0.000672,0.000672,0,0,0.018507,0.06908,0.000944,0.000944,0,0,0.033602,0.06905,0.00143,0.00143,0,0,0.058184
1085,19-Sep-97,24:00:00,265.612896,0.078887,0.000633,0.000633,0,0,0.008029,0.078883,0.000889,0.000889,0,0,0.023126,0.078874,0.001347,0.001347,0,0,0.047711
1086,20-Sep-97,24:00:00,264.130644,0.080412,0.000596,0.000596,0,0,0.000803,0.080412,0.000837,0.000837,0,0,0.01178,0.080412,0.001268,0.001268,0,0,0.036366
1087,21-Sep-97,24:00:00,262.398587,0.084002,0.000561,0.000561,0,0,0,0.084002,0.000788,0.000788,0,0,0.002502,0.084002,0.001195,0.001195,0,0,0.024741
1088,22-Sep-97,24:00:00,260.142575,0.082993,0.000528,0.000528,0,0,0,0.082993,0.000743,0.000743,0,0,0,0.082993,0.001125,0.001125,0,0,0.012793
1089,23-Sep-97,24:00:00,257.154383,0.085811,0.000498,0.000498,0,0,0,0.085791,0.000699,0.000699,0,0,0,0.085755,0.00106,0.00106,0,0,0.00287
1090,24-Sep-97,24:00:00,243.580363,0.087379,0.000469,0.000469,0,0,0,0.087346,0.000659,0.000659,0,0,0,0.087288,0.000998,0.000998,0,0,0
1091,25-Sep-97,24:00:00,227.414501,0.078755,0.000441,0.000441,0,0,0,0.07873,0.00062,0.00062,0,0,0,0.078684,0.00094,0.00094,0,0,0
1092,26-Sep-97,24:00:00,222.086972,0.073103,0.000416,0.000416,0,0,0,0.073078,0.000584,0.000584,0,0,0,0.073035,0.000885,0.000885,0,0,0
1093,27-Sep-97,24:00:00,222.002389,0.073235,0.000391,0.000391,0,0,0,0.07323,0.00055,0.00055,0,0,0,0.073221,0.000833,0.000833,0,0,0
1094,28-Sep-97,24:00:00,222.001698,0.073331,0.000369,0.000369,0,0,0,0.073331,0.000518,0.000518,0,0,0,0.073331,0.000785,0.000785,0,0,0
1095,29-Sep-97,24:00:00,222.001596,0.095897,0.000347,0.000347,0,0,0,0.095897,0.000488,0.000488,0,0,0,0.095896,0.000739,0.000739,0,0,0
1096,30-Sep-97,24:00:00,222.001503,0.08392,0.000327,0.000327,0,0,0,0.083898,0.000459,0.000459,0,0,0,0.08386,0.000696,0.000696,0,0,0
1097,1-Oct-97,24:00:00,228.267603,0.048532,0.024063,0.000308,0.037986,0,0.00102,0.048511,0.091936,0.000433,0.013077,0,0.000272,0.048472,0.063367,0.000656,0.00612,0,0.000128
1098,2-Oct-97,24:00:00,239.601315,0.040072,0.183919,0.00029,0,0,0.005427,0.040054,0.982281,0.000408,0,0,0.001868,0.040022,0.221267,0.000617,0,0,0.000874
1099,3-Oct-97,24:00:00,242.082614,0.061722,0.014118,0.000273,0,0,0.005368,0.061697,0.052954,0.000384,0,0,0.001823,0.061654,0.000581,0.000581,0,0,0.000832
1100,4-Oct-97,24:00:00,242.002989,0.069565,0.000257,0.000257,0,0,0.001979,0.069533,0.000361,0.000361,0,0,0.000426,0.069479,0.000548,0.000548,0,0,0.000097
1101,5-Oct-97,24:00:00,242.00112,0.055361,0.000242,0.000242,0,0,0,0.055333,0.00034,0.00034,0,0,0,0.055284,0.000516,0.000516,0,0,0
1102,6-Oct-97,24:00:00,242.001049,0.046009,0.000228,0.000228,0,0,0,0.045987,0.000321,0.000321,0,0,0,0.04595,0.000486,0.000486,0,0,0
1103,7-Oct-97,24:00:00,241.378989,0.060179,0.000215,0.000215,0,0,0,0.06015,0.000302,0.000302,0,0,0,0.060106,0.000457,0.000457,0,0,0
1104,8-Oct-97,24:00:00,258.584877,0.009935,1.205832,0.000202,0.855632,0,0.032404,0.009934,24.819079,0.000284,0.903174,0,0.036128,0.009932,38.736305,0.000431,1.213361,0,0.053185
1105,9-Oct-97,24:00:00,322.491702,0.020771,3.575875,0.000191,0.031086,0,0.123679,0.020768,53.355578,0.000268,0.078356,0,0.132881,0.020764,23.29947,0.000406,0.167491,0,0.181459
1106,10-Oct-97,24:00:00,196.314142,0.036853,0.374411,0.000179,0,0,0.126674,0.036837,6.170296,0.000252,0,0,0.140219,0.036808,1.899941,0.000382,0,0,0.197264
1107,11-Oct-97,24:00:00,167.987528,0.052318,0.008771,0.000169,0,0,0.126674,0.052291,0.165964,0.000237,0,0,0.140219,0.052247,0.00036,0.00036,0,0,0.197264
1108,12-Oct-97,24:00:00,169.210541,0.047251,0.000159,0.000159,0,0,0.124211,0.047226,0.000224,0.000224,0,0,0.13776,0.047186,0.000339,0.000339,0,0,0.194814
1109,13-Oct-97,24:00:00,169.93414,0.049323,0.00015,0.00015,0,0,0.117827,0.049298,0.000211,0.000211,0,0,0.131383,0.049257,0.000319,0.000319,0,0,0.188447
1110,14-Oct-97,24:00:00,169.997169,0.04922,0.000141,0.000141,0,0,0.11073,0.049191,0.000198,0.000198,0,0,0.12429,0.049144,0.000301,0.000301,0,0,0.181361
1111,15-Oct-97,24:00:00,170.00046,0.054384,0.000133,0.000133,0,0,0.103395,0.054358,0.000187,0.000187,0,0,0.116959,0.054316,0.000283,0.000283,0,0,0.174036
1112,16-Oct-97,24:00:00,170.000574,0.054398,0.000125,0.000125,0,0,0.095653,0.054372,0.000176,0.000176,0,0,0.10922,0.054329,0.000267,0.000267,0,0,0.166304
1113,17-Oct-97,24:00:00,170.000546,0.047498,0.000118,0.000118,0,0,0.088301,0.04746,0.000166,0.000166,0,0,0.101873,0.047398,0.000251,0.000251,0,0,0.158964
1114,18-Oct-97,24:00:00,170.000515,0.051471,0.000111,0.000111,0,0,0.081325,0.051466,0.000156,0.000156,0,0,0.0949,0.051457,0.000236,0.000236,0,0,0.151997
1115,19-Oct-97,24:00:00,170.000485,0.047768,0.000105,0.000105,0,0,0.074248,0.04776,0.000147,0.000147,0,0,0.087824,0.047747,0.000223,0.000223,0,0,0.144922
1116,20-Oct-97,24:00:00,172.698019,0.045736,0.000098,0.000098,0,0,0.067499,0.045736,0.000138,0.000138,0,0,0.081075,0.045736,0.00021,0.00021,0,0,0.138174
1117,21-Oct-97,24:00:00,178.836792,0.053495,0.000093,0.000093,0,0,0.060599,0.053494,0.00013,0.00013,0,0,0.074176,0.053494,0.000197,0.000197,0,0,0.131275
1118,22-Oct-97,24:00:00,183.070722,0.045245,0.000087,0.000087,0,0,0.053395,0.045217,0.000123,0.000123,0,0,0.066973,0.045173,0.000186,0.000186,0,0,0.124075
1119,23-Oct-97,24:00:00,183.928363,0.047185,0.000082,0.000082,0,0,0.046848,0.047154,0.000116,0.000116,0,0,0.06043,0.047107,0.000175,0.000175,0,0,0.117539
1120,24-Oct-97,24:00:00,183.996666,0.048438,0.000077,0.000077,0,0,0.040198,0.048425,0.000109,0.000109,0,0,0.053784,0.048408,0.000165,0.000165,0,0,0.110898
1121,25-Oct-97,24:00:00,184.000174,0.041575,0.000073,0.000073,0,0,0.033458,0.041574,0.000103,0.000103,0,0,0.047045,0.041573,0.000155,0.000155,0,0,0.10416
1122,26-Oct-97,24:00:00,184.000312,0.047737,0.000069,0.000069,0,0,0.027326,0.047723,0.000097,0.000097,0,0,0.040914,0.047718,0.000146,0.000146,0,0,0.098029
1123,27-Oct-97,24:00:00,186.697862,0.044045,0.000065,0.000065,0,0,0.020624,0.04404,0.000091,0.000091,0,0,0.034213,0.044039,0.000138,0.000138,0,0,0.091329
1124,28-Oct-97,24:00:00,195.150054,0.040422,0.000061,0.000061,0,0,0.014699,0.040387,0.000086,0.000086,0,0,0.028291,0.040333,0.00013,0.00013,0,0,0.08541
1125,29-Oct-97,24:00:00,201.704816,0.015932,0.000057,0.000057,0,0,0.0105,0.015917,0.000081,0.000081,0,0,0.024096,0.015891,0.000122,0.000122,0,0,0.081221
1126,30-Oct-97,24:00:00,201.998416,0.02092,0.000054,0.000054,0,0,0.007912,0.020901,0.000076,0.000076,0,0,0.02151,0.02087,0.000115,0.000115,0,0,0.07864
1127,31-Oct-97,24:00:00,202.000224,0.03118,0.000051,0.000051,0,0,0.004199,0.031157,0.000072,0.000072,0,0,0.017801,0.031119,0.000108,0.000108,0,0,0.074935
1128,1-Nov-97,24:00:00,202.00022,0.042017,0.000048,0.000048,0,0,0.000752,0.041994,0.000067,0.000067,0,0,0.012481,0.041956,0.000102,0.000102,0,0,0.06962
1129,2-Nov-97,24:00:00,202.000208,0.039345,0.000045,0.000045,0,0,0,0.039317,0.000063,0.000063,0,0,0.006672,0.039271,0.000096,0.000096,0,0,0.063817
1130,3-Nov-97,24:00:00,202.000195,0.031687,0.000043,0.000043,0,0,0,0.031643,0.00006,0.00006,0,0,0.001872,0.031574,0.000091,0.000091,0,0,0.05882
1131,4-Nov-97,24:00:00,199.81382,0.034285,0.00004,0.00004,0,0,0,0.034248,0.000056,0.000056,0,0,0,0.034187,0.000085,0.000085,0,0,0.054073
1132,5-Nov-97,24:00:00,190.96253,0.043235,0.000038,0.000038,0,0,0,0.043199,0.000053,0.000053,0,0,0,0.043142,0.00008,0.00008,0,0,0.048734
1133,6-Nov-97,24:00:00,180.589417,0.010601,0.000036,0.000036,0,0,0,0.010596,0.00005,0.00005,0,0,0,0.010588,0.000076,0.000076,0,0,0.044734
1134,7-Nov-97,24:00:00,176.404836,0.029379,0.000033,0.000033,0,0,0,0.029351,0.000047,0.000047,0,0,0,0.029306,0.000071,0.000071,0,0,0.041895
1135,8-Nov-97,24:00:00,174.670083,0.01977,0.000031,0.000031,0,0,0,0.019741,0.000044,0.000044,0,0,0,0.019706,0.000067,0.000067,0,0,0.038454
1136,9-Nov-97,24:00:00,173.608618,0.02935,0.00003,0.00003,0,0,0,0.029322,0.000042,0.000042,0,0,0,0.029278,0.000063,0.000063,0,0,0.036659
1137,10-Nov-97,24:00:00,180.445902,0.016142,0.854994,0.000028,0.193232,0,0.019545,0.016121,7.229011,0.000039,0.105095,0,0.010276,0.016089,4.230485,0.000059,0.092143,0,0.045635
1138,11-Nov-97,24:00:00,179.482613,0.019946,0.256867,0.000026,0,0,0.027605,0.019925,1.767736,0.000037,0,0,0.015014,0.019891,0.03594,0.000056,0,0,0.049633
1139,12-Nov-97,24:00:00,172.960791,0.020993,0.013583,0.000025,0,0,0.027605,0.02096,2.677681,0.000035,0.033426,0,0.019552,0.020908,3.958051,0.000053,0.085484,0,0.06135
1140,13-Nov-97,24:00:00,172.910911,0.024104,1.479025,0.000023,0.30778,0,0.063853,0.024078,16.090236,0.000033,0.230443,0,0.044558,0.024037,12.877878,0.00005,0.335692,0,0.088272
1141,14-Nov-97,24:00:00,204.311801,0.02413,1.859985,0.000022,0.322925,0,0.110236,0.024096,37.32844,0.000031,0.451123,0,0.105182,0.024043,32.502154,0.000047,0.659378,0,0.17982
1142,15-Nov-97,24:00:00,192.948933,0.013539,2.143361,0.000021,0.655427,0,0.160757,0.013521,27.225904,0.000029,0.513222,0,0.149693,0.013493,16.20583,0.000044,0.552423,0,0.237179
1143,16-Nov-97,24:00:00,233.066086,0.010686,5.465039,0.000019,1.044175,0,0.296732,0.010681,65.249858,0.000027,0.760514,0,0.254447,0.010672,33.599421,0.000041,0.530129,0,0.329095
1144,17-Nov-97,24:00:00,197.495512,0.012684,2.594728,0.000018,0.026206,0,0.364171,0.012671,21.805909,0.000026,0,0,0.299118,0.012652,1.010397,0.000039,0,0,0.358648
1145,18-Nov-97,24:00:00,149.588037,0.016243,0.430388,0.000017,0.460954,0,0.375017,0.016222,3.4631,0.000024,0.294588,0,0.305401,0.016195,1.178911,0.000037,0.158209,0,0.361302
1146,19-Nov-97,24:00:00,178.306599,0.0147,2.437926,0.000016,0.040884,0,0.434359,0.014683,26.862649,0.000023,0.073804,0,0.34889,0.014655,11.838726,0.000035,0.12357,0,0.394121
1147,20-Nov-97,24:00:00,155.513559,0.018739,0.232806,0.000015,0.000784,0,0.435952,0.018716,2.472826,0.000022,0.062191,0,0.352671,0.01868,5.133483,0.000033,0.226024,0,0.407527
1148,21-Nov-97,24:00:00,157.845758,0.010623,0.024444,0.000014,0.017159,0,0.436614,0.010605,4.892216,0.00002,0,0,0.36063,0.010577,5.360686,0.000031,0,0,0.431191
1149,22-Nov-97,24:00:00,153.331939,0.013796,0.171009,0.000014,0.159105,0,0.442513,0.013789,3.836093,0.000019,0.163782,0,0.366811,0.013778,13.31146,0.000029,0.397033,0,0.454766
1150,23-Nov-97,24:00:00,170.701909,0.023686,0.77894,0.000013,0,0,0.461233,0.023664,10.061605,0.000018,0,0,0.384027,0.02363,5.071542,0.000027,0,0,0.48791
1151,24-Nov-97,24:00:00,157.295603,0.008941,1.447394,0.000012,0.448489,0,0.492841,0.008926,11.326813,0.000017,0.307047,0,0.400171,0.008903,11.796721,0.000026,0.424501,0,0.510005
1152,25-Nov-97,24:00:00,170.97545,0.022132,1.165122,0.000011,0.156821,0,0.526764,0.022109,15.104052,0.000016,0.11754,0,0.428899,0.022074,7.904141,0.000024,0.060893,0,0.548843
1153,26-Nov-97,24:00:00,191.416205,0.008876,5.384419,0.000011,1.034384,0,0.656323,0.008867,61.270605,0.000015,0.736775,0,0.523943,0.008852,30.40025,0.000023,0.613507,0,0.621009
1154,27-Nov-97,24:00:00,143.712838,0.016856,1.532591,0.00001,0,0,0.695475,0.016834,12.44465,0.000014,0,0,0.549936,0.0168,0.778947,0.000021,0,0,0.644896
1155,28-Nov-97,24:00:00,92.048357,0.016861,0.080305,0.000009,0,0,0.695475,0.016832,0.337907,0.000013,0,0,0.549936,0.016787,0.00002,0.00002,0,0,0.644896
1156,29-Nov-97,24:00:00,90.361615,0.00865,0.5764,0.000009,0.494035,0,0.712783,0.008642,9.426348,0.000013,0.416561,0,0.564792,0.008629,13.821757,0.000019,0.433269,0,0.663073
1157,30-Nov-97,24:00:00,133.131489,0.019523,2.146231,0.000008,0,0,0.766052,0.019503,25.232166,0.000012,0,0,0.609445,0.019471,6.238983,0.000018,0,0,0.706791
1158,1-Dec-97,24:00:00,92.812605,0.020585,0.154388,0.000008,0,0,0.766052,0.020547,1.207497,0.000011,0,0,0.609445,0.020489,0.000017,0.000017,0,0,0.706791
1159,2-Dec-97,24:00:00,85.425242,0.013601,0.000218,0.000007,0,0,0.766052,0.01357,0.00001,0.00001,0,0,0.609445,0.01353,0.000016,0.000016,0,0,0.706791
1160,3-Dec-97,24:00:00,85.655011,0.016272,0.244044,0.000007,0.138236,0,0.772167,0.01626,2.918735,0.00001,0.08,0,0.613303,0.01624,3.39453,0.000015,0.090321,0,0.71131
1161,4-Dec-97,24:00:00,89.050293,0.040061,0.525464,0.000007,0,0,0.7858,0.040049,3.801552,0.000009,0,0,0.620873,0.040029,0.787413,0.000014,0,0,0.719694
1162,5-Dec-97,24:00:00,83.150631,0.025399,0.977082,0.000006,0.183838,0,0.810909,0.025388,9.197667,0.000009,0.11497,0,0.636476,0.025371,2.921137,0.000013,0.06309,0,0.728144
1163,6-Dec-97,24:00:00,76.592541,0.023224,0.223739,0.000006,0.030476,0,0.814163,0.023205,7.481949,0.000008,0.122562,0,0.645839,0.023177,13.98639,0.000012,0.347802,0,0.751102
1164,7-Dec-97,24:00:00,121.021007,0.012003,2.27018,0.000006,0.507827,0,0.866824,0.011979,37.268503,0.000008,0.494959,0,0.703141,0.011942,30.33481,0.000012,0.619117,0,0.839872
1165,8-Dec-97,24:00:00,107.266173,0.00963,0.730829,0.000005,0,0,0.888963,0.009605,11.456363,0.000007,0.035227,0,0.729031,0.009577,3.263815,0.000011,0.061341,0,0.872997
1166,9-Dec-97,24:00:00,73.895841,0.01713,0.039446,0.000005,0,0,0.888963,0.0171,0.847498,0.000007,0,0,0.730548,0.017059,0.024265,0.00001,0,0,0.875601
1167,10-Dec-97,24:00:00,67.020229,0.018323,0.000005,0.000005,0,0,0.888963,0.018296,0.016498,0.000006,0,0,0.730548,0.018255,0.00001,0.00001,0,0,0.875601
1168,11-Dec-97,24:00:00,63.822214,0.018809,0.000004,0.000004,0,0,0.888963,0.018774,0.000006,0.000006,0,0,0.730548,0.018719,0.000009,0.000009,0,0,0.875601
1169,12-Dec-97,24:00:00,61.762394,0.011794,0.000004,0.000004,0,0,0.888963,0.011763,0.107425,0.000006,0.015352,0,0.730867,0.011727,1.207452,0.000009,0.08525,0,0.877678
1170,13-Dec-97,24:00:00,81.242847,0.03094,0.000862,0.000004,0.08916,0,0.889228,0.030912,12.684251,0.000005,0.25115,0,0.750636,0.030868,15.654469,0.000008,0.334987,0,0.919194
1171,14-Dec-97,24:00:00,108.331642,0.010514,2.613093,0.000004,0.492717,0,0.952641,0.010493,34.311746,0.000005,0.356915,0,0.805837,0.010461,16.470216,0.000008,0.302867,0,0.967339
1172,15-Dec-97,24:00:00,86.937468,0.009274,0.78134,0.000003,0.017185,0,0.97306,0.009255,6.762959,0.000005,0.008011,0,0.82006,0.009231,0.148176,0.000007,0,0,0.978902
1173,16-Dec-97,24:00:00,65.482785,0.008551,0.090211,0.000003,0,0,0.974543,0.008536,0.486074,0.000005,0,0,0.820752,0.008512,0.000007,0.000007,0,0,0.978902
1174,17-Dec-97,24:00:00,63.140854,0.007599,0.003388,0.000003,0,0,0.974543,0.007587,0.013582,0.000004,0,0,0.820752,0.007569,0.000006,0.000006,0,0,0.978902
1175,18-Dec-97,24:00:00,63.005478,0.028047,0.000003,0.000003,0,0,0.974543,0.028001,0.000004,0.000004,0,0,0.820752,0.027931,0.000006,0.000006,0,0,0.978902
1176,19-Dec-97,24:00:00,63.000203,0.019694,0.000003,0.000003,0,0,0.974543,0.019653,0.000004,0.000004,0,0,0.820752,0.01959,0.000006,0.000006,0,0,0.978902
1177,20-Dec-97,24:00:00,63.000018,0.015147,0.000003,0.000003,0,0,0.974543,0.015125,0.000004,0.000004,0,0,0.820752,0.015086,0.000005,0.000005,0,0,0.978902
1178,21-Dec-97,24:00:00,63.000011,0.026791,0.000002,0.000002,0,0,0.974349,0.026754,0.000003,0.000003,0,0,0.820565,0.026699,0.000005,0.000005,0,0,0.977689
1179,22-Dec-97,24:00:00,63.00001,0.023078,0.000002,0.000002,0,0,0.972104,0.023034,0.000003,0.000003,0,0,0.81834,0.022968,0.000005,0.000005,0,0,0.974237
1180,23-Dec-97,24:00:00,63.00001,0.025734,0.000002,0.000002,0,0,0.968647,0.025697,0.000003,0.000003,0,0,0.814889,0.025644,0.000005,0.000005,0,0,0.970794
1181,24-Dec-97,24:00:00,83.231727,0.02542,0.000002,0.000002,0,0,0.965104,0.02538,0.000003,0.000003,0,0,0.811351,0.025319,0.000004,0.000004,0,0,0.967265
1182,25-Dec-97,24:00:00,118.707274,0.017291,0.000002,0.000002,0,0,0.961815,0.017252,0.000003,0.000003,0,0,0.808068,0.017193,0.000004,0.000004,0,0,0.963991
1183,26-Dec-97,24:00:00,135.372711,0.017204,0.000002,0.000002,0,0,0.959359,0.017167,0.000002,0.000002,0,0,0.805617,0.01711,0.000004,0.000004,0,0,0.961548
1184,27-Dec-97,24:00:00,136.913706,0.016371,0.000002,0.000002,0,0,0.956988,0.016341,0.000002,0.000002,0,0,0.803251,0.016294,0.000004,0.000004,0,0,0.959189
1185,28-Dec-97,24:00:00,136.996121,0.018278,0.000002,0.000002,0,0,0.954493,0.018241,0.000002,0.000002,0,0,0.800761,0.018184,0.000003,0.000003,0,0,0.956706
1186,29-Dec-97,24:00:00,136.999846,0.018464,0.000001,0.000001,0,0,0.951873,0.018429,0.000002,0.000002,0,0,0.798146,0.018376,0.000003,0.000003,0,0,0.954099
1187,30-Dec-97,24:00:00,137,0.017144,0.000001,0.000001,0,0,0.949325,0.017113,0.000002,0.000002,0,0,0.795603,0.017065,0.000003,0.000003,0,0,0.951564
1188,31-Dec-97,24:00:00,137.000006,0.015685,0.000001,0.000001,0,0,0.947071,0.015658,0.000002,0.000002,0,0,0.793353,0.015615,0.000003,0.000003,0,0,0.94932
1189,1-Jan-98,24:00:00,142.153465,0.010673,1.293007,0.886872,0.588213,0.202053,0.957728,0.010653,10.081215,0.000002,0.696313,0,0.809616,0.010629,32.356221,19.116447,0.657371,0.286349,0.962675
1190,2-Jan-98,24:00:00,1737.21,0.010489,347.944643,341.743113,0.77469,0.77469,1,0.010472,113.763894,9.830962,0.81933,0.053489,0.972545,0.010446,1514.09,1451.58,0.992573,0.992573,1
1191,3-Jan-98,24:00:00,1479.39,0.01121,538.02828,535.18386,0.901679,0.901679,1,0.011203,145.492118,106.95621,0.83609,0.83609,1,0.011193,651.572354,627.768099,0.851464,0.851464,1
1192,4-Jan-98,24:00:00,2921.91,0.010632,775.597852,770.536489,0.370718,0.370718,1,0.010623,783.416328,713.531459,0.341087,0.341087,1,0.010609,1137.39,1107.69,0.296259,0.296259,1
1193,5-Jan-98,24:00:00,2280.26,0.012623,510.701753,509.898606,0,0,1,0.012603,457.626631,448.435106,0,0,1,0.012571,196.36254,196.083092,0,0,1
1194,6-Jan-98,24:00:00,2064.22,0.005093,214.434567,213.775803,0.419165,0.419165,1,0.00509,224.411954,204.959386,0.399718,0.399718,1,0.005085,498.545469,482.991485,0.359853,0.359853,1
1195,7-Jan-98,24:00:00,1578.32,0.012307,345.05795,343.373333,0,0,1,0.012292,351.266954,336.688457,0,0,1,0.01227,265.705468,264.597957,0,0,1
1196,8-Jan-98,24:00:00,684.959455,0.013694,210.768107,210.63994,0,0,1,0.01367,144.381993,143.77161,0,0,1,0.013634,149.569964,149.569964,0,0,1
1197,9-Jan-98,24:00:00,491.415504,0.015616,118.548932,118.548205,0,0,1,0.015595,79.783915,79.783915,0,0,1,0.01557,140.627383,140.627383,0,0,1
1198,10-Jan-98,24:00:00,486.424476,0.008657,133.511714,132.996179,0.374074,0.374074,1,0.008646,77.530443,75.225884,0.34857,0.34857,1,0.008623,161.265638,158.72738,0.315994,0.315994,1
1199,11-Jan-98,24:00:00,2714.64,0.005972,503.600067,497.810953,1.414945,1.414945,1,0.005965,790.413495,682.717138,1.59944,1.59944,1,0.005955,1921.24,1829.10,1.68,1.68,1
1200,12-Jan-98,24:00:00,5605.75,0.012876,1232.14,1224.04,0.969884,0.969884,1,0.012863,1668.89,1545.40,0.973521,0.973521,1,0.012842,2620.11,2185.93,1.093147,1.093147,1
1201,13-Jan-98,24:00:00,4236.11,0.011697,1002.99,1000.90,0.434618,0.434618,1,0.011681,1112.20,1078.95,0.568125,0.568125,1,0.011656,841.954767,816.884777,0.616527,0.616527,1
1202,14-Jan-98,24:00:00,5346.45,0.010993,858.257196,852.11939,1.474007,1.474007,1,0.010987,1247.90,1110.53,1.624255,1.624255,1,0.010978,2701.53,2105.94,1.68,1.68,1
1203,15-Jan-98,24:00:00,6537.17,0.011475,1300.39,1294.20,0.562837,0.562837,1,0.011465,1813.99,1619.23,0.782917,0.782917,1,0.011449,2212.22,1862.84,0.884066,0.884066,1
1204,16-Jan-98,24:00:00,5860.04,0.008356,1025.89,1021.59,0.866752,0.866752,1,0.00835,1443.95,1342.30,1.2514,1.2514,1,0.008342,2329.50,2000.65,1.461596,1.461596,1
1205,17-Jan-98,24:00:00,5225.70,0.016128,976.044294,972.842007,0.352028,0.352028,1,0.016108,1474.88,1412.27,0.542285,0.542285,1,0.01608,1794.28,1707.05,0.653022,0.653022,1
1206,18-Jan-98,24:00:00,4264.23,0.009938,984.666142,800.927714,0.925771,0.925771,1,0.009926,1247.59,1160.32,1.044496,1.044496,1,0.009906,1922.00,1865.04,1.109464,1.109464,1
1207,19-Jan-98,24:00:00,5079.20,0.008795,1041.25,932.630551,0.102293,0.102293,1,0.008788,1221.89,1189.37,0.062074,0.062074,1,0.008775,1056.95,1049.85,0.044534,0.044534,1
1208,20-Jan-98,24:00:00,4764.65,0.012592,575.229852,568.439056,0,0,1,0.012584,628.856835,626.197864,0,0,1,0.012571,570.059204,570.036343,0,0,1
1209,21-Jan-98,24:00:00,5043.35,0.011597,355.585453,355.57296,0,0,1,0.011589,411.83625,411.777831,0,0,1,0.011576,530.256824,530.256824,0,0,1
1210,22-Jan-98,24:00:00,4436.43,0.01445,296.02357,296.02357,0,0,1,0.014436,361.500273,361.500273,0,0,1,0.014414,499.367563,499.367563,0,0,1
1211,23-Jan-98,24:00:00,4848.14,0.010614,303.188468,302.644491,0.185061,0.185061,1,0.010596,413.914602,401.796041,0.210728,0.210728,1,0.01057,733.568491,722.290321,0.263442,0.263442,1
1212,24-Jan-98,24:00:00,5090.05,0.017066,361.355068,360.853316,0,0,1,0.017049,452.576163,446.773148,0,0,1,0.017022,538.057392,537.137978,0,0,1
1213,25-Jan-98,24:00:00,5074.68,0.020085,390.598658,388.730835,0.854269,0.854269,1,0.020064,581.656511,534.226616,1.110208,1.110208,1,0.02003,1370.47,1271.49,1.241437,1.241437,1
1214,26-Jan-98,24:00:00,7444.49,0.009363,1005.64,997.882712,1.318465,1.318465,1,0.009357,1669.19,1431.54,1.287198,1.287198,1,0.009346,3102.10,2452.62,1.26669,1.26669,1
1215,27-Jan-98,24:00:00,5909.42,0.023943,1159.73,1156.84,0,0,1,0.023929,1378.60,1333.23,0,0,1,0.023905,869.411985,866.025892,0,0,1
1216,28-Jan-98,24:00:00,3869.78,0.020908,581.81616,581.156356,0.344219,0.344219,1,0.020886,641.559734,626.838419,0.393826,0.393826,1,0.020852,800.869739,787.364209,0.408045,0.408045,1
1217,29-Jan-98,24:00:00,4551.41,0.01734,766.498142,744.351891,0.613514,0.613514,1,0.017318,944.493442,888.974984,0.472882,0.472882,1,0.017287,1214.25,1191.92,0.368651,0.368651,1
1218,30-Jan-98,24:00:00,3705.65,0.031483,678.225736,675.141636,0,0,1,0.030974,686.479932,680.923475,0,0,1,0.030928,535.495763,535.365678,0,0,1
1219,31-Jan-98,24:00:00,1973.53,0.020489,404.525492,403.973636,0.182821,0.182821,1,0.02027,434.402128,428.414692,0.207752,0.207752,1,0.020232,585.785338,579.844963,0.208701,0.208701,1
1220,1-Feb-98,24:00:00,3030.34,0.01611,712.55558,659.597236,0.990621,0.990621,1,0.016085,890.524385,819.149411,0.860151,0.860151,1,0.016045,1472.22,1435.80,0.715996,0.715996,1
1221,2-Feb-98,24:00:00,3261.38,0.008534,1040.02,988.730702,1.183839,1.183839,1,0.008533,1117.65,1025.05,1.038786,1.038786,1,0.00853,1209.15,1078.50,0.943765,0.943765,1
1222,3-Feb-98,24:00:00,7701.92,0.014876,1799.78,1360.50,1.32997,1.32997,1,0.014866,2158.83,1481.17,1.044266,1.044266,1,0.01485,2796.95,2054.09,0.777976,0.777976,1
1223,4-Feb-98,24:00:00,6956.01,0.020756,1575.65,1531.01,0.644863,0.644863,1,0.020744,1503.28,1407.54,0.42058,0.42058,1,0.020727,1036.79,1020.87,0.330724,0.330724,1
1224,5-Feb-98,24:00:00,5193.73,0.015816,1368.98,1214.57,1.365232,1.365232,1,0.015816,1387.43,1106.95,1.308829,1.308829,1,0.015816,1856.07,1436.07,1.209668,1.209668,1
1225,6-Feb-98,24:00:00,8546.08,0.014307,2430.05,1500.40,1.416093,1.416093,1,0.014307,2691.63,1649.93,1.427642,1.427642,1,0.014305,3319.42,2312.56,1.418106,1.418106,1
1226,7-Feb-98,24:00:00,7892.44,0.015392,2340.82,1682.63,1.387089,1.387089,1,0.015391,2553.49,1853.29,1.324893,1.324893,1,0.015389,2878.45,2185.40,1.304056,1.304056,1
1227,8-Feb-98,24:00:00,6869.79,0.012854,1808.18,1612.29,0.112665,0.112665,1,0.01285,2019.94,1801.58,0.22686,0.22686,1,0.012844,1851.00,1806.75,0.293614,0.293614,1
1228,9-Feb-98,24:00:00,5691.35,0.02785,910.357325,899.654244,0,0,1,0.027838,954.948295,946.276241,0,0,1,0.027804,693.742444,693.742444,0,0,1
1229,10-Feb-98,24:00:00,5499.95,0.012133,613.311307,612.042383,0.592781,0.592781,1,0.012114,680.626702,660.068479,0.652299,0.652299,1,0.012084,1026.02,1007.56,0.715265,0.715265,1
1230,11-Feb-98,24:00:00,6825.01,0.020461,814.444916,812.277189,0.027403,0.027403,1,0.02044,1034.09,994.230352,0.076499,0.076499,1,0.020407,1387.03,1364.81,0.163484,0.163484,1
1231,12-Feb-98,24:00:00,5544.32,0.01201,729.628386,727.038929,0.604368,0.604368,1,0.011995,885.520738,845.725977,0.583664,0.583664,1,0.011972,1299.01,1271.04,0.618865,0.618865,1
1232,13-Feb-98,24:00:00,5015.41,0.028526,797.724555,796.676874,0.015612,0.015612,1,0.028498,889.840726,877.46843,0.002032,0.002032,1,0.028454,765.297338,764.610947,0,0,1
1233,14-Feb-98,24:00:00,4967.81,0.01815,804.767883,800.756898,0.970879,0.970879,1,0.018131,926.205352,870.642957,0.90249,0.90249,1,0.0181,1501.05,1463.51,0.902838,0.902838,1
1234,15-Feb-98,24:00:00,6839.23,0.030521,934.764104,933.068753,0,0,1,0.030498,1017.94,996.011348,0,0,1,0.03046,882.769844,878.506268,0,0,1
1235,16-Feb-98,24:00:00,5516.51,0.007775,757.003007,662.73519,1.068396,1.068396,1,0.007775,748.824398,705.499704,1.046468,1.046468,1,0.007773,1103.01,1072.45,0.967977,0.967977,1
1236,17-Feb-98,24:00:00,6625.46,0.023001,1249.49,1128.72,0.27318,0.27318,1,0.022987,1370.73,1306.01,0.259997,0.259997,1,0.022964,1578.03,1554.43,0.202815,0.202815,1
1237,18-Feb-98,24:00:00,5579.49,0.016282,828.672463,820.522052,0.220326,0.220326,1,0.016271,850.259396,844.162954,0.270648,0.270648,1,0.016252,640.606621,638.828245,0.29214,0.29214,1
1238,19-Feb-98,24:00:00,9351.70,0.011992,2159.40,924.039923,1.50311,1.50311,1,0.011986,2476.93,1106.80,1.490859,1.490859,1,0.011977,4124.63,2187.74,1.447219,1.447219,1
1239,20-Feb-98,24:00:00,7692.76,0.020643,1763.11,1292.58,0,0,1,0.020631,1917.62,1464.49,0,0,1,0.020611,1225.39,1165.77,0,0,1
1240,21-Feb-98,24:00:00,9063.18,0.010939,2047.13,1006.49,1.117916,1.117916,1,0.010931,2594.36,1107.93,1.11249,1.11249,1,0.010918,4119.55,1775.95,1.125707,1.125707,1
1241,22-Feb-98,24:00:00,5915.46,0.030999,1364.88,1062.77,0,0,1,0.030981,1502.78,1169.69,0,0,1,0.03095,910.305459,888.522514,0,0,1
1242,23-Feb-98,24:00:00,4217.67,0.014478,778.547824,759.88614,0.675736,0.675736,1,0.014463,881.442756,829.882396,0.674133,0.674133,1,0.014439,1293.78,1264.88,0.651757,0.651757,1
1243,24-Feb-98,24:00:00,5477.79,0.035807,829.059956,827.944762,0,0,1,0.035787,934.104716,918.839701,0,0,1,0.035753,777.937901,776.66009,0,0,1
1244,25-Feb-98,24:00:00,5155.15,0.018539,540.571879,540.50831,0,0,1,0.018524,571.595114,571.056594,0,0,1,0.018499,583.6224,583.6224,0,0,1
1245,26-Feb-98,24:00:00,4533.01,0.021536,424.193131,424.193131,0,0,1,0.021524,462.612519,462.612519,0,0,1,0.021504,549.313575,549.313575,0,0,1
1246,27-Feb-98,24:00:00,2853.38,0.029611,385.173025,385.173025,0,0,0.999534,0.029592,426.558495,426.558495,0,0,0.99971,0.029561,517.323761,517.323761,0,0,0.999716
1247,28-Feb-98,24:00:00,1918.02,0.036023,360.908549,360.908549,0,0,0.996105,0.036002,400.880624,400.880624,0,0,0.996547,0.035967,487.197155,487.197155,0,0,0.996566
1248,1-Mar-98,24:00:00,1716.18,0.041836,339.68767,339.68767,0,0,0.990634,0.041813,377.468682,377.468682,0,0,0.991079,0.041776,458.824988,458.824988,0,0,0.991103
1249,2-Mar-98,24:00:00,1647.43,0.018613,319.885202,319.885202,0,0,0.98622,0.0186,355.481783,355.481783,0,0,0.986667,0.018577,432.105087,432.105087,0,0,0.986695
1250,3-Mar-98,24:00:00,1582.41,0.046861,301.254565,301.254565,0,0,0.981656,0.046838,334.779796,334.779796,0,0,0.982106,0.046799,406.941233,406.941233,0,0,0.982138
1251,4-Mar-98,24:00:00,1378.30,0.041565,283.710677,283.710677,0,0,0.975305,0.041542,315.283707,315.283707,0,0,0.975758,0.041502,383.242808,383.242808,0,0,0.975796
1252,5-Mar-98,24:00:00,1182.50,0.024779,267.188629,267.188629,0,0,0.97042,0.024766,296.923003,296.923003,0,0,0.970876,0.024745,360.924473,360.924473,0,0,0.970918
1253,6-Mar-98,24:00:00,1084.72,0.049072,251.628766,251.628766,0,0,0.965325,0.049053,279.631544,279.631544,0,0,0.965783,0.049024,339.905858,339.905858,0,0,0.965828
1254,7-Mar-98,24:00:00,1030.80,0.018739,236.97504,236.97504,0,0,0.960363,0.018731,263.347063,263.347063,0,0,0.960823,0.018718,320.111272,320.111272,0,0,0.960912
1255,8-Mar-98,24:00:00,984.266692,0.041661,223.174681,223.174681,0,0,0.959184,0.041642,248.010916,248.010916,0,0,0.959645,0.041611,301.469433,301.469433,0,0,0.959807
1256,9-Mar-98,24:00:00,940.604459,0.047784,210.177992,210.177992,0,0,0.957009,0.047776,233.567877,233.567877,0,0,0.957049,0.047762,283.913211,283.913211,0,0,0.957263
1257,10-Mar-98,24:00:00,898.366185,0.05506,197.938173,197.938173,0,0,0.950604,0.055032,219.965936,219.965936,0,0,0.950323,0.054985,267.379384,267.379384,0,0,0.950576
1258,11-Mar-98,24:00:00,858.050748,0.050565,186.411145,186.411145,0,0,0.942963,0.050539,207.156111,207.156111,0,0,0.942686,0.050491,251.808413,251.808413,0,0,0.942947
1259,12-Mar-98,24:00:00,898.302855,0.01393,187.401977,185.828719,0.906278,0.480276,0.966327,0.013936,240.10437,211.715878,0.936613,0.50869,0.966424,0.013933,428.842375,399.299736,1.006388,0.580312,0.968021
1260,13-Mar-98,24:00:00,2656.39,0.037529,522.077726,517.610805,0.196394,0.196394,1,0.037519,732.745231,665.058599,0.225044,0.225044,1,0.037501,1169.42,1139.86,0.270006,0.270006,1
1261,14-Mar-98,24:00:00,1454.30,0.06764,401.733294,401.355981,0,0,0.999837,0.067637,445.522489,441.57982,0,0,0.999837,0.067633,277.344988,277.344988,0,0,0.999838
1262,15-Mar-98,24:00:00,936.804096,0.057782,220.626162,220.621812,0,0,0.995306,0.057766,234.19267,234.191663,0,0,0.995309,0.057737,250.688863,250.688863,0,0,0.995314
1263,16-Mar-98,24:00:00,818.460614,0.058572,172.726374,172.726374,0,0,0.987016,0.058552,191.742532,191.742532,0,0,0.987022,0.058517,236.077806,236.077806,0,0,0.987032
1264,17-Mar-98,24:00:00,773.560351,0.056945,157.61971,157.61971,0,0,0.978705,0.05694,177.607565,177.607565,0,0,0.978712,0.056932,222.329689,222.329689,0,0,0.978725
1265,18-Mar-98,24:00:00,739.757709,0.061784,147.843792,147.843792,0,0,0.970259,0.061784,167.013233,167.013233,0,0,0.970266,0.061784,209.38221,209.38221,0,0,0.97028
1266,19-Mar-98,24:00:00,1119.58,0.064124,139.171013,139.171013,0,0,0.96149,0.064105,157.268142,157.268142,0,0,0.961499,0.064069,197.188733,197.188733,0,0,0.961514
1267,20-Mar-98,24:00:00,1486.40,0.049521,131.060137,131.060137,0,0,0.95339,0.049504,148.10822,148.10822,0,0,0.953401,0.04948,185.705349,185.705349,0,0,0.95342
1268,21-Mar-98,24:00:00,1270.49,0.025306,124.027961,123.700571,0.490076,0.115851,0.958922,0.025296,149.12033,141.10011,0.59966,0.225537,0.960451,0.025276,234.960765,218.874274,0.749576,0.377124,0.961959
1269,22-Mar-98,24:00:00,3234.93,0.021922,446.99948,440.804782,0.844504,0.844504,1,0.021921,732.233032,630.888198,0.823869,0.823869,1,0.02192,1982.90,1484.46,0.749476,0.749476,1
1270,23-Mar-98,24:00:00,2762.68,0.019172,764.614828,714.601461,0.911196,0.911196,1,0.019172,898.375052,836.375193,0.804925,0.804925,1,0.019171,939.508031,910.979766,0.632813,0.632813,1
1271,24-Mar-98,24:00:00,2641.41,0.023508,822.438196,787.404024,0.165781,0.165781,1,0.023504,840.890441,814.396896,0.20323,0.20323,1,0.023495,575.371302,565.879052,0.244622,0.244622,1
1272,25-Mar-98,24:00:00,2564.78,0.046096,468.015908,465.230379,0,0,1,0.046086,495.830185,484.78252,0,0,1,0.046068,435.386392,432.151153,0.011527,0.011527,1
1273,26-Mar-98,24:00:00,2555.93,0.053153,247.503822,247.461661,0,0,1,0.053137,261.106518,260.644326,0,0,1,0.053105,254.006523,253.911163,0,0,1
1274,27-Mar-98,24:00:00,1964.17,0.032211,178.42432,178.42432,0,0,0.997668,0.032199,196.676121,196.676121,0,0,0.997672,0.032175,232.581237,232.581237,0,0,1
1275,28-Mar-98,24:00:00,1034.22,0.047911,159.125714,159.125714,0,0,0.992258,0.0479,179.196992,179.196992,0,0,0.992265,0.047876,219.01893,219.01893,0,0,0.99783
1276,29-Mar-98,24:00:00,740.231701,0.064862,148.730597,148.730597,0,0,0.98424,0.064846,168.20098,168.20098,0,0,0.984248,0.064819,206.264239,206.264239,0,0,0.99045
1277,30-Mar-98,24:00:00,707.703825,0.05641,139.944777,139.944777,0,0,0.975439,0.056396,158.360847,158.360847,0,0,0.975449,0.056369,194.257603,194.252338,0.016481,0,0.981704
1278,31-Mar-98,24:00:00,1473.88,0.013372,188.765803,186.882979,0.440646,0.24011,0.992465,0.013369,322.84564,279.245833,0.646035,0.445578,0.993665,0.013364,1186.24,996.867198,0.993491,0.85297,0.997742
1279,1-Apr-98,24:00:00,1768.57,0.055189,256.859894,256.211993,0,0,1,0.055176,434.795404,423.133195,0,0,1,0.05515,480.563677,476.034329,0,0,1
1280,2-Apr-98,24:00:00,840.925226,0.0435,162.856126,162.820577,0,0,0.9997,0.043489,212.554596,212.192917,0,0,0.999779,0.043457,217.427386,217.427386,0,0,1
1281,3-Apr-98,24:00:00,1054.32,0.028169,199.902974,198.668821,0.308887,0.302384,0.999787,0.028161,214.890394,202.489653,0.22785,0.222744,0.999833,0.028145,214.715066,214.111182,0.017428,0.017428,1
1282,4-Apr-98,24:00:00,1700.02,0.040366,277.68279,277.148874,0,0,1,0.040354,293.763705,286.821606,0,0,1,0.040331,205.136635,204.933569,0,0,1
1283,5-Apr-98,24:00:00,1565.94,0.046865,164.969145,164.938289,0,0,1,0.046854,176.440914,176.165879,0,0,1,0.046831,182.269561,182.269561,0,0,1
1284,6-Apr-98,24:00:00,1456.96,0.032354,120.866369,120.866369,0,0,0.998364,0.032344,137.443425,137.443425,0,0,0.999769,0.032323,171.620304,171.620304,0,0,0.99872
1285,7-Apr-98,24:00:00,1418.63,0.058435,108.010094,108.010094,0,0,0.99222,0.058416,125.833687,125.833687,0,0,0.995126,0.05839,161.625879,161.625879,0,0,0.99285
1286,8-Apr-98,24:00:00,1304.86,0.04556,100.975238,100.975238,0,0,0.984656,0.045554,118.167811,118.167811,0,0,0.987564,0.045541,152.2181,152.213516,0.014349,0,0.985333
1287,9-Apr-98,24:00:00,1132.73,0.034737,95.211765,95.012391,0.041376,0,0.986508,0.034735,113.889548,111.259111,0.035063,0,0.988679,0.03473,144.009071,143.349287,0,0,0.984309
1288,10-Apr-98,24:00:00,1008.48,0.036804,89.510762,89.47094,0,0,0.987535,0.036797,105.159895,104.777897,0,0,0.989541,0.036776,135.00127,135.00127,0,0,0.984309
1289,11-Apr-98,24:00:00,880.05646,0.04895,84.261532,84.259759,0,0,0.986545,0.048938,98.682481,98.675968,0,0,0.988881,0.048915,127.139404,127.139404,0,0,0.983644
1290,12-Apr-98,24:00:00,850.612856,0.032923,84.373096,84.0295,0.336278,0.20234,0.987909,0.032918,109.994547,102.658046,0.339084,0.244273,0.991335,0.032906,209.335548,198.815357,0.363856,0.242802,0.988291
1291,13-Apr-98,24:00:00,1407.75,0.041762,190.664312,189.16161,0,0,1,0.041755,283.118518,262.260868,0,0,1,0.041739,352.166997,345.840388,0,0,1
1292,14-Apr-98,24:00:00,986.217716,0.045921,136.663457,136.551653,0,0,1,0.045914,158.80322,157.80221,0,0,1,0.0459,148.990589,147.501543,0.042928,0.042928,1
1293,15-Apr-98,24:00:00,1134.92,0.062443,86.16913,86.168785,0,0,0.999071,0.062434,98.40045,98.40045,0,0,1,0.062416,146.490082,145.991518,0,0,1
1294,16-Apr-98,24:00:00,1349.01,0.071291,72.383117,72.383117,0,0,0.992425,0.071279,85.443871,85.443871,0,0,0.997907,0.071252,111.10472,111.10472,0,0,0.998146
1295,17-Apr-98,24:00:00,1094.60,0.077485,66.942612,66.942612,0,0,0.981832,0.077474,79.752511,79.752511,0,0,0.989311,0.077453,104.549247,104.549247,0,0,0.989812
1296,18-Apr-98,24:00:00,833.053775,0.072865,62.901651,62.901651,0,0,0.971088,0.07285,75.048827,75.048827,0,0,0.978568,0.07282,98.460693,98.460693,0,0,0.979074
1297,19-Apr-98,24:00:00,758.020321,0.078549,59.223646,59.223646,0,0,0.960246,0.07854,70.673903,70.673903,0,0,0.967729,0.078522,92.726786,92.726786,0,0,0.968238
1298,20-Apr-98,24:00:00,744.702342,0.090247,55.773277,55.773277,0,0,0.94839,0.090233,66.557866,66.557866,0,0,0.955874,0.090203,87.326795,87.326795,0,0,0.956386
1299,21-Apr-98,24:00:00,733.775333,0.091931,52.525158,52.525158,0,0,0.935106,0.091918,62.681815,62.681815,0,0,0.942592,0.091898,82.241276,82.241276,0,0,0.943108
1300,22-Apr-98,24:00:00,723.461496,0.084848,49.466317,49.466317,0,0,0.92265,0.084834,59.031507,59.031507,0,0,0.930137,0.084806,77.451915,77.451915,0,0,0.930657
1301,23-Apr-98,24:00:00,729.893713,0.031145,47.507931,46.58562,0.222627,0,0.936516,0.031143,70.353022,55.593778,0.228813,0,0.94371,0.031123,82.507436,72.941464,0.211836,0,0.942078
1302,24-Apr-98,24:00:00,712.900354,0.064717,44.226963,43.872684,0,0,0.947903,0.064705,57.135985,52.356247,0,0,0.956276,0.064681,68.935878,68.693682,0,0,0.954373
1303,25-Apr-98,24:00:00,693.902109,0.082074,41.337702,41.317736,0,0,0.943648,0.082065,49.469089,49.307255,0,0,0.952023,0.082056,64.693271,64.693271,0,0,0.950124
1304,26-Apr-98,24:00:00,684.698854,0.089194,38.911577,38.911577,0,0,0.932157,0.089186,46.435822,46.435822,0,0,0.940534,0.089185,60.925826,60.925826,0,0,0.938638
1305,27-Apr-98,24:00:00,626.325928,0.100828,36.645542,36.645542,0,0,0.918749,0.100817,43.731609,43.731609,0,0,0.927127,0.100797,57.377781,57.377781,0,0,0.925232
1306,28-Apr-98,24:00:00,529.064575,0.101457,34.511471,34.511471,0,0,0.904234,0.101455,41.184877,41.184877,0,0,0.912613,0.10145,54.036357,54.036357,0,0,0.91072
1307,29-Apr-98,24:00:00,448.351925,0.099638,32.501678,32.501678,0,0,0.890115,0.099628,38.786456,38.786456,0,0,0.898495,0.099599,50.889523,50.889523,0,0,0.896603
1308,30-Apr-98,24:00:00,391.773842,0.082279,30.608927,30.608927,0,0,0.876911,0.082271,36.527707,36.527707,0,0,0.885292,0.082254,47.925946,47.925946,0,0,0.883405
1309,1-May-98,24:00:00,441.133711,0.025648,31.137895,28.826401,0.544779,0,0.923508,0.025645,61.911454,34.400498,0.412913,0,0.918285,0.025638,57.257492,45.134955,0.273629,0,0.900004
1310,2-May-98,24:00:00,495.641829,0.046652,28.296064,27.147681,0.068572,0,0.956706,0.046647,43.71132,32.397168,0.046803,0,0.943641,0.046632,43.053201,42.506499,0,0,0.916277
1311,3-May-98,24:00:00,492.834245,0.061787,25.676121,25.566723,0,0,0.957946,0.061777,31.258854,30.510503,0,0,0.94438,0.061756,40.031112,40.031112,0,0,0.915733
1312,4-May-98,24:00:00,485.725779,0.054597,24.099105,24.077832,0.007114,0,0.954582,0.054595,28.741874,28.733708,0,0,0.940616,0.054579,37.69988,37.69988,0,0,0.910625
1313,5-May-98,24:00:00,482.212908,0.054477,22.697221,22.675647,0,0,0.953014,0.054471,27.060387,27.060387,0,0,0.937104,0.054454,35.504409,35.504409,0,0,0.902871
1314,6-May-98,24:00:00,480.147325,0.04282,21.356521,21.35512,0,0,0.952834,0.042815,25.484512,25.484512,0,0,0.932178,0.042802,33.436792,33.436792,0,0,0.896066
1315,7-May-98,24:00:00,476.545375,0.04602,20.111494,20.111494,0,0,0.949063,0.046015,24.000409,24.000409,0,0,0.925779,0.046001,31.489584,31.489584,0,0,0.889669
1316,8-May-98,24:00:00,474.592699,0.051625,18.940291,18.940291,0,0,0.942296,0.051617,22.602733,22.602733,0,0,0.919013,0.051595,29.655772,29.655772,0,0,0.882906
1317,9-May-98,24:00:00,475.613696,0.072345,17.837294,17.837294,0,0,0.933162,0.072338,21.286451,21.286451,0,0,0.90988,0.072318,27.928754,27.928754,0,0,0.873776
1318,10-May-98,24:00:00,473.914982,0.072237,16.79853,16.79853,0,0,0.922915,0.072231,20.046824,20.046824,0,0,0.899634,0.072209,26.302309,26.302309,0,0,0.863532
1319,11-May-98,24:00:00,473.958751,0.028817,15.820259,15.820259,0,0,0.916175,0.028813,18.879388,18.879388,0,0,0.892895,0.028806,24.770581,24.770581,0,0,0.85635
1320,12-May-98,24:00:00,475.496008,0.032413,15.222972,14.898959,0.066249,0,0.92341,0.03241,17.781169,17.779937,0.000048,0,0.892045,0.032399,23.328054,23.328054,0,0,0.854933
1321,13-May-98,24:00:00,473.454955,0.055161,14.090617,14.03131,0,0,0.924788,0.055155,16.74728,16.744514,0,0,0.89205,0.055138,21.969533,21.969533,0,0,0.854933
1322,14-May-98,24:00:00,470.308449,0.056023,13.216698,13.21419,0,0,0.923928,0.056018,15.769515,15.769389,0,0,0.89154,0.056003,20.690126,20.690126,0,0,0.854265
1323,15-May-98,24:00:00,467.376243,0.067897,12.444655,12.444655,0,0,0.917555,0.067891,14.85105,14.85105,0,0,0.885715,0.067869,19.485227,19.485227,0,0,0.848185
1324,16-May-98,24:00:00,464.617261,0.053113,11.719935,11.719935,0,0,0.908747,0.053107,13.986192,13.986192,0,0,0.876907,0.053092,18.350495,18.350495,0,0,0.839381
1325,17-May-98,24:00:00,462.018953,0.081675,11.037418,11.037418,0,0,0.899264,0.081669,13.171699,13.171699,0,0,0.867425,0.081655,17.281845,17.281845,0,0,0.829901
1326,18-May-98,24:00:00,459.571959,0.094115,10.394649,10.394649,0,0,0.886757,0.094107,12.404639,12.404639,0,0,0.854919,0.094092,16.275428,16.275428,0,0,0.817397
1327,19-May-98,24:00:00,457.267466,0.063458,9.789311,9.789311,0,0,0.875264,0.063455,11.682249,11.682249,0,0,0.843427,0.063438,15.32762,15.32762,0,0,0.805907
1328,20-May-98,24:00:00,455.097177,0.077243,9.219226,9.219226,0,0,0.865445,0.077238,11.001927,11.001927,0,0,0.833609,0.077217,14.435009,14.435009,0,0,0.796091
1329,21-May-98,24:00:00,453.053275,0.084422,8.68234,8.68234,0,0,0.853768,0.084418,10.361224,10.361224,0,0,0.821932,0.084406,13.594379,13.594379,0,0,0.784417
1330,22-May-98,24:00:00,451.128401,0.094585,8.176719,8.176719,0,0,0.841096,0.094573,9.757833,9.757833,0,0,0.809262,0.094557,12.802703,12.802703,0,0,0.771749
1331,23-May-98,24:00:00,449.315623,0.075131,7.700544,7.700544,0,0,0.828863,0.075125,9.189581,9.189581,0,0,0.79703,0.075117,12.057132,12.057132,0,0,0.759519
1332,24-May-98,24:00:00,447.608413,0.038357,7.252099,7.252099,0,0,0.820726,0.038353,8.654421,8.654421,0,0,0.789146,0.038351,11.354979,11.354979,0,0,0.751635
1333,25-May-98,24:00:00,446.000624,0.076019,6.829769,6.829769,0,0,0.812433,0.076004,8.150427,8.150427,0,0,0.783496,0.075988,10.693716,10.693716,0,0,0.748637
1334,26-May-98,24:00:00,371.09067,0.046442,6.432034,6.432034,0,0,0.803713,0.04644,7.675783,7.675783,0,0,0.775654,0.046426,10.070962,10.070962,0,0,0.744218
1335,27-May-98,24:00:00,255.609764,0.03397,6.220922,6.057462,0.367032,0,0.807255,0.033969,8.801128,7.22878,0.302762,0,0.776618,0.033964,12.563148,9.484474,0.325041,0,0.748153
1336,28-May-98,24:00:00,344.316207,0.02595,24.555687,17.664769,1.557145,0.527065,0.964782,0.025949,100.792169,7.715111,1.479058,0.183372,0.924945,0.025947,56.688634,8.932141,1.220334,0,0.874469
1337,29-May-98,24:00:00,2502.67,0.028702,1119.38,592.085985,1.055816,1.055816,1,0.0287,644.607285,514.895426,1.026666,1.026666,1,0.028694,574.655937,521.183476,0.714553,0.456992,0.996721
1338,30-May-98,24:00:00,2900.01,0.086062,872.629973,728.155159,0,0,0.999942,0.086059,683.343247,666.259516,0,0,0.999943,0.086045,98.677874,98.34906,0,0,1
1339,31-May-98,24:00:00,1732.16,0.090799,254.898255,247.498099,0,0,0.993296,0.090795,188.697979,188.332015,0,0,0.993297,0.090784,36.558958,36.558958,0,0,0.993734
1340,1-Jun-98,24:00:00,1046.92,0.082685,98.740481,98.740481,0,0,0.981284,0.082681,77.660299,77.660299,0,0,0.981285,0.082669,34.329921,34.329921,0,0,0.981788
1341,2-Jun-98,24:00:00,672.40797,0.054763,71.25839,71.25839,0,0,0.971304,0.054768,61.464287,61.464287,0,0,0.971305,0.054756,32.330623,32.330623,0,0,0.97181
1342,3-Jun-98,24:00:00,565.421112,0.041596,64.380383,64.380383,0,0,0.964282,0.041594,56.830223,56.830223,0,0,0.964283,0.041585,30.447833,30.447833,0,0,0.96479
1343,4-Jun-98,24:00:00,545.678595,0.062392,60.332357,60.332357,0,0,0.956942,0.06239,53.437745,53.437745,0,0,0.956943,0.062377,28.674688,28.674688,0,0,0.957451
1344,5-Jun-98,24:00:00,535.919416,0.079135,56.788826,56.788826,0,0,0.946815,0.079135,50.31979,50.31979,0,0,0.946817,0.079118,27.004803,27.004803,0,0,0.947327
1345,6-Jun-98,24:00:00,529.001754,0.048543,53.478851,53.478851,0,0,0.937779,0.048552,47.388985,47.388985,0,0,0.93778,0.048543,25.432165,25.432165,0,0,0.938292
1346,7-Jun-98,24:00:00,517.606841,0.0526,50.364225,50.364225,0,0,0.930447,0.052598,44.629237,44.629237,0,0,0.930448,0.052586,23.95111,23.95111,0,0,0.930962
1347,8-Jun-98,24:00:00,509.266596,0.077865,47.431216,47.431216,0,0,0.921219,0.077863,42.03023,42.03023,0,0,0.92122,0.077851,22.556306,22.556306,0,0,0.921735
1348,9-Jun-98,24:00:00,501.523315,0.100137,44.669034,44.669034,0,0,0.908345,0.100132,39.582579,39.582579,0,0,0.908346,0.100115,21.242728,21.242728,0,0,0.908864
1349,10-Jun-98,24:00:00,494.222698,0.085824,42.06771,42.06771,0,0,0.895048,0.08582,37.277468,37.277468,0,0,0.89505,0.085811,20.005647,20.005647,0,0,0.895569
1350,11-Jun-98,24:00:00,485.881391,0.071159,39.617876,39.617876,0,0,0.883948,0.07116,35.106596,35.106596,0,0,0.88395,0.071146,18.840608,18.840608,0,0,0.884471
1351,12-Jun-98,24:00:00,478.275685,0.084204,37.31071,37.31071,0,0,0.87263,0.084196,33.062146,33.062146,0,0,0.872633,0.084185,17.743416,17.743416,0,0,0.873156
1352,13-Jun-98,24:00:00,473.326201,0.084899,35.137902,35.137902,0,0,0.86103,0.084896,31.136755,31.136755,0,0,0.861034,0.084884,16.71012,16.71012,0,0,0.861558
1353,14-Jun-98,24:00:00,468.195852,0.108462,33.091629,33.091629,0,0,0.847,0.108457,29.323491,29.323491,0,0,0.847004,0.108442,15.736998,15.736998,0,0,0.84753
1354,15-Jun-98,24:00:00,463.239454,0.121072,31.164521,31.164521,0,0,0.831111,0.121067,27.615823,27.615823,0,0,0.831116,0.121041,14.820546,14.820546,0,0,0.831645
1355,16-Jun-98,24:00:00,455.800506,0.118744,29.34964,29.34964,0,0,0.813377,0.118738,26.007602,26.007602,0,0,0.813383,0.118728,13.957464,13.957464,0,0,0.813915
1356,17-Jun-98,24:00:00,449.869266,0.115924,27.640449,27.640449,0,0,0.796729,0.11592,24.493036,24.493036,0,0,0.796735,0.115906,13.144644,13.144644,0,0,0.797269
1357,18-Jun-98,24:00:00,443.517224,0.113247,26.030794,26.030794,0,0,0.780335,0.113242,23.066672,23.066672,0,0,0.780343,0.113227,12.379159,12.379159,0,0,0.780878
1358,19-Jun-98,24:00:00,432.820197,0.114225,24.514878,24.514878,0,0,0.764335,0.114221,21.723373,21.723373,0,0,0.764343,0.114204,11.658253,11.658253,0,0,0.76488
1359,20-Jun-98,24:00:00,421.071831,0.091944,23.087242,23.087242,0,0,0.74961,0.09194,20.458302,20.458302,0,0,0.749618,0.091929,10.979329,10.979329,0,0,0.750158
1360,21-Jun-98,24:00:00,414.217438,0.07279,21.742745,21.742745,0,0,0.737885,0.072786,19.266902,19.266902,0,0,0.737893,0.072778,10.339942,10.339942,0,0,0.738434
1361,22-Jun-98,24:00:00,412.02521,0.080976,20.476545,20.476545,0,0,0.726957,0.080986,18.144885,18.144885,0,0,0.726966,0.080972,9.73779,9.73779,0,0,0.727508
1362,23-Jun-98,24:00:00,377.578534,0.097289,19.284083,19.284083,0,0,0.713945,0.09729,17.088208,17.088208,0,0,0.713952,0.097277,9.170705,9.170705,0,0,0.714497
1363,24-Jun-98,24:00:00,328.204247,0.10206,18.161065,18.161065,0,0,0.699724,0.102057,16.093068,16.093068,0,0,0.699732,0.102038,8.636645,8.636645,0,0,0.700279
1364,25-Jun-98,24:00:00,300.921086,0.086587,17.103447,17.103447,0,0,0.686036,0.086584,15.15588,15.15588,0,0,0.686044,0.086571,8.133685,8.133685,0,0,0.686593
1365,26-Jun-98,24:00:00,276.653765,0.106857,16.107419,16.107419,0,0,0.672504,0.106853,14.27327,14.27327,0,0,0.672513,0.106843,7.660016,7.660016,0,0,0.673064
1366,27-Jun-98,24:00:00,250.612326,0.11071,15.169395,15.169395,0,0,0.656782,0.110708,13.442059,13.442059,0,0,0.656791,0.110698,7.213931,7.213931,0,0,0.657343
1367,28-Jun-98,24:00:00,240.162544,0.11021,14.285998,14.285998,0,0,0.641089,0.110206,12.659254,12.659254,0,0,0.641099,0.110192,6.793824,6.793824,0,0,0.641653
1368,29-Jun-98,24:00:00,254.842238,0.103889,13.454046,13.454046,0,0,0.625948,0.103886,11.922036,11.922036,0,0,0.625959,0.103876,6.398183,6.398183,0,0,0.626514
1369,30-Jun-98,24:00:00,281.678585,0.092227,12.670543,12.670543,0,0,0.611914,0.092224,11.22775,11.22775,0,0,0.611925,0.092217,6.025581,6.025581,0,0,0.612481
1370,1-Jul-98,24:00:00,255.165948,0.092026,11.932668,11.932668,0,0,0.598899,0.092032,10.573897,10.573897,0,0,0.598909,0.092018,5.674679,5.674679,0,0,0.599468
1371,2-Jul-98,24:00:00,208.827433,0.09717,11.237763,11.237763,0,0,0.585357,0.097166,9.958121,9.958121,0,0,0.585368,0.097153,5.344211,5.344211,0,0,0.585928
1372,3-Jul-98,24:00:00,186.898557,0.109793,10.583326,10.583326,0,0,0.570473,0.109788,9.378205,9.378205,0,0,0.570484,0.109774,5.032988,5.032988,0,0,0.571046
1373,4-Jul-98,24:00:00,181.680071,0.113334,9.967001,9.967001,0,0,0.554443,0.11333,8.83206,8.83206,0,0,0.554454,0.113312,4.73989,4.73989,0,0,0.555019
1374,5-Jul-98,24:00:00,178.640445,0.108732,9.386568,9.386568,0,0,0.538563,0.108728,8.317721,8.317721,0,0,0.538575,0.108715,4.46386,4.46386,0,0,0.539142
1375,6-Jul-98,24:00:00,177.176953,0.115255,8.839936,8.839936,0,0,0.522464,0.115251,7.833334,7.833334,0,0,0.522477,0.115227,4.203905,4.203905,0,0,0.523046
1376,7-Jul-98,24:00:00,180.431859,0.128821,8.325138,8.325138,0,0,0.505301,0.128818,7.377156,7.377156,0,0,0.505315,0.128804,3.959088,3.959088,0,0,0.505887
1377,8-Jul-98,24:00:00,188.752539,0.123078,7.84032,7.84032,0,0,0.487326,0.123074,6.947544,6.947544,0,0,0.48734,0.123061,3.728529,3.728529,0,0,0.487914
1378,9-Jul-98,24:00:00,191.786652,0.107415,7.383735,7.383735,0,0,0.47082,0.107409,6.54295,6.54295,0,0,0.470834,0.107391,3.511396,3.511396,0,0,0.47141
1379,10-Jul-98,24:00:00,189.777885,0.10093,6.953739,6.953739,0,0,0.456049,0.100927,6.161918,6.161918,0,0,0.456064,0.100916,3.306908,3.306908,0,0,0.456642
1380,11-Jul-98,24:00:00,189.58806,0.116256,6.548785,6.548785,0,0,0.440478,0.116249,5.803076,5.803076,0,0,0.440493,0.116234,3.114329,3.114329,0,0,0.441073
1381,12-Jul-98,24:00:00,190.564515,0.127738,6.167413,6.167413,0,0,0.423188,0.127734,5.465131,5.465131,0,0,0.423204,0.12772,2.932964,2.932964,0,0,0.423787
1382,13-Jul-98,24:00:00,190.349806,0.128056,5.808251,5.808251,0,0,0.404919,0.12805,5.146866,5.146866,0,0,0.404936,0.12803,2.762162,2.762162,0,0,0.405521
1383,14-Jul-98,24:00:00,192.74131,0.126031,5.470004,5.470004,0,0,0.386675,0.126025,4.847136,4.847136,0,0,0.386694,0.12601,2.601306,2.601306,0,0,0.387281
1384,15-Jul-98,24:00:00,199.071055,0.137978,5.151456,5.151456,0,0,0.368008,0.137973,4.564861,4.564861,0,0,0.368027,0.137956,2.449817,2.449817,0,0,0.368617
1385,16-Jul-98,24:00:00,202.23267,0.12688,4.851458,4.851458,0,0,0.348845,0.126874,4.299024,4.299024,0,0,0.348865,0.126855,2.307151,2.307151,0,0,0.349457
1386,17-Jul-98,24:00:00,211.469654,0.130793,4.568931,4.568931,0,0,0.330561,0.130788,4.048668,4.048668,0,0,0.330581,0.130772,2.172793,2.172793,0,0,0.331176
1387,18-Jul-98,24:00:00,227.444833,0.136506,4.302857,4.302857,0,0,0.311481,0.136501,3.812892,3.812892,0,0,0.311503,0.136487,2.046259,2.046259,0,0,0.312099
1388,19-Jul-98,24:00:00,231.939287,0.133978,4.052278,4.052278,0,0,0.292076,0.133973,3.590846,3.590846,0,0,0.292098,0.133958,1.927094,1.927094,0,0,0.292696
1389,20-Jul-98,24:00:00,231.095741,0.125742,3.816292,3.816292,0,0,0.273509,0.125736,3.381731,3.381731,0,0,0.273532,0.125716,1.814869,1.814869,0,0,0.274133
1390,21-Jul-98,24:00:00,230.561014,0.113252,3.594048,3.594048,0,0,0.256453,0.113245,3.184795,3.184795,0,0,0.256477,0.113224,1.709179,1.709179,0,0,0.257081
1391,22-Jul-98,24:00:00,230.062423,0.105583,3.384747,3.384747,0,0,0.240867,0.105576,2.999326,2.999326,0,0,0.240892,0.105559,1.609644,1.609644,0,0,0.241499
1392,23-Jul-98,24:00:00,228.970905,0.109407,3.187635,3.187635,0,0,0.225478,0.109399,2.824659,2.824659,0,0,0.225504,0.109374,1.515906,1.515906,0,0,0.226114
1393,24-Jul-98,24:00:00,228.778741,0.106588,3.002001,3.002001,0,0,0.209968,0.106578,2.660164,2.660164,0,0,0.209995,0.106551,1.427626,1.427626,0,0,0.210609
1394,25-Jul-98,24:00:00,228.728327,0.11671,2.827178,2.827178,0,0,0.193844,0.116699,2.505248,2.505248,0,0,0.193873,0.116679,1.344488,1.344488,0,0,0.19449
1395,26-Jul-98,24:00:00,228.342084,0.124603,2.662536,2.662536,0,0,0.176905,0.124594,2.359353,2.359353,0,0,0.176935,0.124571,1.266191,1.266191,0,0,0.177555
1396,27-Jul-98,24:00:00,222.374804,0.122815,2.507482,2.507482,0,0,0.159068,0.122804,2.221955,2.221955,0,0,0.159099,0.122775,1.192454,1.192454,0,0,0.159723
1397,28-Jul-98,24:00:00,214.325117,0.117574,2.361457,2.361457,0,0,0.14194,0.117572,2.092559,2.092559,0,0,0.141973,0.117566,1.123011,1.123011,0,0,0.142599
1398,29-Jul-98,24:00:00,208.851883,0.093147,2.223937,2.223937,0,0,0.126798,0.093142,1.970697,1.970697,0,0,0.12683,0.093135,1.057612,1.057612,0,0,0.127457
1399,30-Jul-98,24:00:00,208.257247,0.077372,2.094425,2.094425,0,0,0.114639,0.077363,1.855933,1.855933,0,0,0.114672,0.07735,0.996021,0.996021,0,0,0.1153
1400,31-Jul-98,24:00:00,209.930494,0.101204,1.972455,1.972455,0,0,0.10206,0.101203,1.747852,1.747852,0,0,0.102094,0.101175,0.938017,0.938017,0,0,0.102725
1401,1-Aug-98,24:00:00,210.412635,0.117768,1.857588,1.857588,0,0,0.086249,0.117767,1.646065,1.646065,0,0,0.086284,0.117761,0.883391,0.883391,0,0,0.086918
1402,2-Aug-98,24:00:00,210.166989,0.120868,1.74941,1.74941,0,0,0.069302,0.12087,1.550205,1.550205,0,0,0.069336,0.12087,0.831947,0.831947,0,0,0.069971
1403,3-Aug-98,24:00:00,212.412394,0.120382,1.647533,1.647533,0,0,0.05196,0.120383,1.459928,1.459928,0,0,0.051995,0.120383,0.783498,0.783498,0,0,0.052629
1404,4-Aug-98,24:00:00,218.025785,0.127183,1.551588,1.551588,0,0,0.034532,0.127183,1.374909,1.374909,0,0,0.034566,0.127183,0.73787,0.73787,0,0,0.035201
1405,5-Aug-98,24:00:00,221.06035,0.121257,1.46123,1.46123,0,0,0.01658,0.121243,1.29484,1.29484,0,0,0.016615,0.12121,0.6949,0.6949,0,0,0.017251
1406,6-Aug-98,24:00:00,223.759619,0.131887,1.376135,1.376135,0,0,0.003033,0.131884,1.219435,1.219435,0,0,0.00305,0.131878,0.654432,0.654432,0,0,0.00338
1407,7-Aug-98,24:00:00,230.038921,0.109981,1.295995,1.295995,0,0,0,0.109981,1.14842,1.14842,0,0,0,0.109982,0.616321,0.616321,0,0,0
1408,8-Aug-98,24:00:00,233.48097,0.109197,1.220522,1.220522,0,0,0,0.109189,1.081541,1.081541,0,0,0,0.109171,0.580429,0.580429,0,0,0
1409,9-Aug-98,24:00:00,233.109612,0.1104,1.149444,1.149444,0,0,0,0.110391,1.018557,1.018557,0,0,0,0.110371,0.546628,0.546628,0,0,0
1410,10-Aug-98,24:00:00,231.962489,0.114678,1.082506,1.082506,0,0,0,0.114676,0.959241,0.959241,0,0,0,0.114671,0.514795,0.514795,0,0,0
1411,11-Aug-98,24:00:00,232.056409,0.115725,1.019466,1.019466,0,0,0,0.115725,0.903379,0.903379,0,0,0,0.115725,0.484815,0.484815,0,0,0
1412,12-Aug-98,24:00:00,230.414968,0.11803,0.960096,0.960096,0,0,0,0.11803,0.85077,0.85077,0,0,0,0.11803,0.456582,0.456582,0,0,0
1413,13-Aug-98,24:00:00,229.793761,0.115984,0.904185,0.904185,0,0,0,0.115979,0.801225,0.801225,0,0,0,0.115965,0.429993,0.429993,0,0,0
1414,14-Aug-98,24:00:00,231.266437,0.107059,0.851529,0.851529,0,0,0,0.107047,0.754566,0.754566,0,0,0,0.107021,0.404952,0.404952,0,0,0
1415,15-Aug-98,24:00:00,231.898137,0.115876,0.80194,0.80194,0,0,0,0.115861,0.710623,0.710623,0,0,0,0.115834,0.381369,0.381369,0,0,0
1416,16-Aug-98,24:00:00,231.798885,0.117115,0.755239,0.755239,0,0,0,0.117112,0.66924,0.66924,0,0,0,0.117107,0.35916,0.35916,0,0,0
1417,17-Aug-98,24:00:00,229.206211,0.101959,0.711257,0.711257,0,0,0,0.101948,0.630266,0.630266,0,0,0,0.101927,0.338244,0.338244,0,0,0
1418,18-Aug-98,24:00:00,225.131613,0.093232,0.669836,0.669836,0,0,0,0.093218,0.593562,0.593562,0,0,0,0.093192,0.318546,0.318546,0,0,0
1419,19-Aug-98,24:00:00,223.526856,0.096454,0.630828,0.630828,0,0,0,0.096439,0.558996,0.558996,0,0,0,0.096414,0.299996,0.299996,0,0,0
1420,20-Aug-98,24:00:00,223.415286,0.090648,0.594092,0.594092,0,0,0,0.090635,0.526443,0.526443,0,0,0,0.090609,0.282525,0.282525,0,0,0
1421,21-Aug-98,24:00:00,223.332709,0.094432,0.559494,0.559494,0,0,0,0.094418,0.495785,0.495785,0,0,0,0.09439,0.266072,0.266072,0,0,0
1422,22-Aug-98,24:00:00,223.255097,0.106541,0.526912,0.526912,0,0,0,0.106526,0.466913,0.466913,0,0,0,0.106496,0.250577,0.250577,0,0,0
1423,23-Aug-98,24:00:00,223.182006,0.097394,0.496227,0.496227,0,0,0,0.097383,0.439722,0.439722,0,0,0,0.09736,0.235985,0.235985,0,0,0
1424,24-Aug-98,24:00:00,223.113171,0.10327,0.467329,0.467329,0,0,0,0.103255,0.414114,0.414114,0,0,0,0.103224,0.222242,0.222242,0,0,0
1425,25-Aug-98,24:00:00,223.048345,0.096947,0.440114,0.440114,0,0,0,0.096933,0.389998,0.389998,0,0,0,0.096903,0.2093,0.2093,0,0,0
1426,26-Aug-98,24:00:00,222.987294,0.091589,0.414484,0.414484,0,0,0,0.091578,0.367286,0.367286,0,0,0,0.091556,0.197111,0.197111,0,0,0
1427,27-Aug-98,24:00:00,222.929799,0.106638,0.390346,0.390346,0,0,0,0.106623,0.345897,0.345897,0,0,0,0.106591,0.185632,0.185632,0,0,0
1428,28-Aug-98,24:00:00,222.875652,0.100568,0.367614,0.367614,0,0,0,0.100549,0.325754,0.325754,0,0,0,0.100511,0.174822,0.174822,0,0,0
1429,29-Aug-98,24:00:00,225.312651,0.101397,0.346206,0.346206,0,0,0,0.101376,0.306783,0.306783,0,0,0,0.101335,0.164641,0.164641,0,0,0
1430,30-Aug-98,24:00:00,226.752569,0.100104,0.326044,0.326044,0,0,0,0.100088,0.288918,0.288918,0,0,0,0.100053,0.155053,0.155053,0,0,0
1431,31-Aug-98,24:00:00,238.549206,0.103945,0.307057,0.307057,0,0,0,0.103927,0.272092,0.272092,0,0,0,0.103892,0.146023,0.146023,0,0,0
1432,1-Sep-98,24:00:00,251.17249,0.104376,0.289175,0.289175,0,0,0,0.104356,0.256247,0.256247,0,0,0,0.104319,0.13752,0.13752,0,0,0
1433,2-Sep-98,24:00:00,245.263786,0.109801,0.272335,0.272335,0,0,0,0.10978,0.241324,0.241324,0,0,0,0.109736,0.129511,0.129511,0,0,0
1434,3-Sep-98,24:00:00,229.126812,0.109696,0.256475,0.256475,0,0,0,0.109673,0.227271,0.227271,0,0,0,0.109631,0.121969,0.121969,0,0,0
1435,4-Sep-98,24:00:00,265.596122,0.111663,0.24154,0.24154,0,0,0,0.111636,0.214035,0.214035,0,0,0,0.111587,0.114866,0.114866,0,0,0
1436,5-Sep-98,24:00:00,324.715349,0.066516,0.227473,0.227473,0,0,0,0.066497,0.201571,0.201571,0,0,0,0.066457,0.108177,0.108177,0,0,0
1437,6-Sep-98,24:00:00,345.182539,0.088446,0.214226,0.214226,0,0,0,0.088426,0.189832,0.189832,0,0,0,0.088388,0.101877,0.101877,0,0,0
1438,7-Sep-98,24:00:00,345.478296,0.098186,0.201751,0.201751,0,0,0,0.098167,0.178777,0.178777,0,0,0,0.09813,0.095944,0.095944,0,0,0
1439,8-Sep-98,24:00:00,345.452569,0.09841,0.190002,0.190002,0,0,0,0.098394,0.168366,0.168366,0,0,0,0.098364,0.090357,0.090357,0,0,0
1440,9-Sep-98,24:00:00,296.910361,0.058546,0.178937,0.178937,0,0,0,0.058521,0.158561,0.158561,0,0,0,0.058472,0.085095,0.085095,0,0,0
1441,10-Sep-98,24:00:00,310.788538,0.081406,0.168516,0.168516,0,0,0,0.081387,0.149327,0.149327,0,0,0,0.081352,0.080139,0.080139,0,0,0
1442,11-Sep-98,24:00:00,335.344177,0.089467,0.158703,0.158703,0,0,0,0.089448,0.140631,0.140631,0,0,0,0.089411,0.075472,0.075472,0,0,0
1443,12-Sep-98,24:00:00,335.359166,0.099056,0.149461,0.149461,0,0,0,0.099031,0.132442,0.132442,0,0,0,0.098984,0.071077,0.071077,0,0,0
1444,13-Sep-98,24:00:00,335.335306,0.096141,0.140757,0.140757,0,0,0,0.096137,0.124729,0.124729,0,0,0,0.096128,0.066938,0.066938,0,0,0
1445,14-Sep-98,24:00:00,335.315755,0.094668,0.13256,0.13256,0,0,0,0.094651,0.117465,0.117465,0,0,0,0.09462,0.06304,0.06304,0,0,0
1446,15-Sep-98,24:00:00,335.297367,0.082637,0.12484,0.12484,0,0,0,0.082615,0.110624,0.110624,0,0,0,0.082572,0.059369,0.059369,0,0,0
1447,16-Sep-98,24:00:00,341.500032,0.090375,0.11757,0.11757,0,0,0,0.09037,0.104182,0.104182,0,0,0,0.090361,0.055911,0.055911,0,0,0
1448,17-Sep-98,24:00:00,345.20358,0.080227,0.110723,0.110723,0,0,0,0.080208,0.098115,0.098115,0,0,0,0.080173,0.052655,0.052655,0,0,0
1449,18-Sep-98,24:00:00,348.357956,0.077873,0.104275,0.104275,0,0,0,0.077868,0.092401,0.092401,0,0,0,0.077856,0.049589,0.049589,0,0,0
1450,19-Sep-98,24:00:00,352.691828,0.075617,0.098203,0.098203,0,0,0,0.075599,0.08702,0.08702,0,0,0,0.075569,0.046701,0.046701,0,0,0
1451,20-Sep-98,24:00:00,351.708029,0.077057,0.092484,0.092484,0,0,0,0.077037,0.081953,0.081953,0,0,0,0.077003,0.043981,0.043981,0,0,0
1452,21-Sep-98,24:00:00,348.987366,0.07265,0.087098,0.087098,0,0,0,0.072626,0.07718,0.07718,0,0,0,0.072584,0.04142,0.04142,0,0,0
1453,22-Sep-98,24:00:00,346.341588,0.042949,0.082026,0.082026,0,0,0,0.042931,0.072685,0.072685,0,0,0,0.042898,0.039008,0.039008,0,0,0
1454,23-Sep-98,24:00:00,345.202139,0.051709,0.077249,0.077249,0,0,0,0.051691,0.068453,0.068453,0,0,0,0.051658,0.036736,0.036736,0,0,0
1455,24-Sep-98,24:00:00,345.173416,0.062593,0.07275,0.07275,0,0,0,0.062569,0.064466,0.064466,0,0,0,0.062525,0.034597,0.034597,0,0,0
1456,25-Sep-98,24:00:00,345.163199,0.048626,0.068514,0.068514,0,0,0,0.048605,0.060712,0.060712,0,0,0,0.048566,0.032582,0.032582,0,0,0
1457,26-Sep-98,24:00:00,345.153695,0.06584,0.064524,0.064524,0,0,0,0.06581,0.057176,0.057176,0,0,0,0.065761,0.030685,0.030685,0,0,0
1458,27-Sep-98,24:00:00,347.632737,0.028514,0.060766,0.060766,0,0,0,0.028502,0.053847,0.053847,0,0,0,0.028481,0.028898,0.028898,0,0,0
1459,28-Sep-98,24:00:00,349.112251,0.060173,0.057227,0.057227,0,0,0,0.060151,0.050711,0.050711,0,0,0,0.060116,0.027215,0.027215,0,0,0
1460,29-Sep-98,24:00:00,316.162302,0.063239,0.053895,0.053895,0,0,0,0.063215,0.047758,0.047758,0,0,0,0.063174,0.02563,0.02563,0,0,0
1461,30-Sep-98,24:00:00,262.851846,0.053906,0.050756,0.050756,0,0,0,0.053903,0.044977,0.044977,0,0,0,0.053896,0.024137,0.024137,0,0,0
1462,1-Oct-98,24:00:00,244.306936,0.034889,0.0478,0.0478,0,0,0,0.034871,0.042357,0.042357,0,0,0,0.03484,0.022732,0.022732,0,0,0
1463,2-Oct-98,24:00:00,243.225454,0.055249,0.045017,0.045017,0,0,0,0.055226,0.039891,0.039891,0,0,0,0.055185,0.021408,0.021408,0,0,0
1464,3-Oct-98,24:00:00,242.11892,0.061683,0.042395,0.042395,0,0,0,0.061659,0.037568,0.037568,0,0,0,0.06162,0.020161,0.020161,0,0,0
1465,4-Oct-98,24:00:00,242.095228,0.057922,0.039926,0.039926,0,0,0,0.057898,0.03538,0.03538,0,0,0,0.057857,0.018987,0.018987,0,0,0
1466,5-Oct-98,24:00:00,242.089566,0.070027,0.037601,0.037601,0,0,0,0.070002,0.033319,0.033319,0,0,0,0.069961,0.017881,0.017881,0,0,0
1467,6-Oct-98,24:00:00,242.084349,0.072597,0.035411,0.035411,0,0,0,0.072572,0.031379,0.031379,0,0,0,0.07253,0.01684,0.01684,0,0,0
1468,7-Oct-98,24:00:00,242.079437,0.061763,0.033349,0.033349,0,0,0,0.061738,0.029552,0.029552,0,0,0,0.061698,0.015859,0.015859,0,0,0
1469,8-Oct-98,24:00:00,244.562804,0.046869,0.031407,0.031407,0,0,0,0.046843,0.027831,0.027831,0,0,0,0.046799,0.014936,0.014936,0,0,0
1470,9-Oct-98,24:00:00,248.534383,0.059494,0.029578,0.029578,0,0,0,0.059465,0.02621,0.02621,0,0,0,0.059416,0.014066,0.014066,0,0,0
1471,10-Oct-98,24:00:00,248.798124,0.051935,0.027856,0.027856,0,0,0,0.05191,0.024684,0.024684,0,0,0,0.051866,0.013247,0.013247,0,0,0
1472,11-Oct-98,24:00:00,246.830355,0.051862,0.026233,0.026233,0,0,0,0.051827,0.023246,0.023246,0,0,0,0.051769,0.012475,0.012475,0,0,0
1473,12-Oct-98,24:00:00,246.070963,0.046052,0.024706,0.024706,0,0,0,0.046026,0.021892,0.021892,0,0,0,0.045986,0.011749,0.011749,0,0,0
1474,13-Oct-98,24:00:00,246.055505,0.054254,0.023267,0.023267,0,0,0,0.054224,0.020618,0.020618,0,0,0,0.054173,0.011065,0.011065,0,0,0
1475,14-Oct-98,24:00:00,260.980153,0.048771,0.021912,0.021912,0,0,0,0.048742,0.019417,0.019417,0,0,0,0.048698,0.01042,0.01042,0,0,0
1476,15-Oct-98,24:00:00,281.722735,0.055623,0.020636,0.020636,0,0,0,0.0556,0.018286,0.018286,0,0,0,0.055563,0.009814,0.009814,0,0,0
1477,16-Oct-98,24:00:00,285.198995,0.050139,0.019434,0.019434,0,0,0,0.050135,0.017221,0.017221,0,0,0,0.050128,0.009242,0.009242,0,0,0
1478,17-Oct-98,24:00:00,278.724906,0.046996,0.018302,0.018302,0,0,0,0.046973,0.016218,0.016218,0,0,0,0.046934,0.008704,0.008704,0,0,0
1479,18-Oct-98,24:00:00,276.083416,0.05049,0.017237,0.017237,0,0,0,0.050486,0.015274,0.015274,0,0,0,0.050478,0.008197,0.008197,0,0,0
1480,19-Oct-98,24:00:00,276.03896,0.049804,0.016233,0.016233,0,0,0,0.049804,0.014384,0.014384,0,0,0,0.049804,0.00772,0.00772,0,0,0
1481,20-Oct-98,24:00:00,276.036416,0.051348,0.015287,0.015287,0,0,0,0.051348,0.013547,0.013547,0,0,0,0.051348,0.00727,0.00727,0,0,0
1482,21-Oct-98,24:00:00,275.412296,0.052923,0.014397,0.014397,0,0,0,0.052923,0.012758,0.012758,0,0,0,0.052923,0.006847,0.006847,0,0,0
1483,22-Oct-98,24:00:00,275.660311,0.048776,0.013559,0.013559,0,0,0,0.048775,0.012015,0.012015,0,0,0,0.048775,0.006448,0.006448,0,0,0
1484,23-Oct-98,24:00:00,277.890436,0.050082,0.012769,0.012769,0,0,0,0.050044,0.011315,0.011315,0,0,0,0.049981,0.006072,0.006072,0,0,0
1485,24-Oct-98,24:00:00,378.163556,0.034758,4.165021,0.012026,0.887733,0,0.099034,0.034728,69.654473,0.010656,0.951095,0,0.106318,0.034679,48.055597,0.005719,1.040665,0,0.115839
1486,25-Oct-98,24:00:00,315.558524,0.043372,0.981704,0.011325,0,0,0.126819,0.043343,11.994266,0.010036,0,0,0.135871,0.043296,0.139117,0.005386,0,0,0.148666
1487,26-Oct-98,24:00:00,280.572136,0.039602,0.057348,0.010666,0,0,0.125819,0.039596,0.270777,0.009451,0,0,0.134875,0.039587,0.005072,0.005072,0,0,0.147677
1488,27-Oct-98,24:00:00,279.657493,0.034481,0.010045,0.010045,0,0,0.121932,0.034457,0.008901,0.008901,0,0,0.130993,0.034418,0.004777,0.004777,0,0,0.143805
1489,28-Oct-98,24:00:00,280.016582,0.033269,0.00946,0.00946,0,0,0.11712,0.033245,0.008382,0.008382,0,0,0.126186,0.033206,0.004499,0.004499,0,0,0.139004
1490,29-Oct-98,24:00:00,282.509172,0.046512,0.008909,0.008909,0,0,0.111605,0.046488,0.007894,0.007894,0,0,0.120673,0.046479,0.004237,0.004237,0,0,0.133495
1491,30-Oct-98,24:00:00,296.435885,0.038531,0.00839,0.00839,0,0,0.105432,0.038503,0.007435,0.007435,0,0,0.114504,0.038465,0.00399,0.00399,0,0,0.127328
1492,31-Oct-98,24:00:00,316.338297,0.015936,0.007901,0.007901,0,0,0.101452,0.015919,0.007002,0.007002,0,0,0.110528,0.015892,0.003758,0.003758,0,0,0.123362
1493,1-Nov-98,24:00:00,322.030572,0.035639,0.007441,0.007441,0,0,0.100282,0.03561,0.006594,0.006594,0,0,0.106907,0.035564,0.003539,0.003539,0,0,0.122281
1494,2-Nov-98,24:00:00,321.033901,0.030191,0.007008,0.007008,0,0,0.097921,0.030167,0.00621,0.00621,0,0,0.102159,0.030128,0.003333,0.003333,0,0,0.122281
1495,3-Nov-98,24:00:00,315.417857,0.00789,0.0066,0.0066,0,0,0.095244,0.007882,0.005848,0.005848,0,0,0.099484,0.00787,0.003139,0.003139,0,0,0.121956
1496,4-Nov-98,24:00:00,314.556943,0.030068,0.006215,0.006215,0,0,0.092694,0.030042,0.005508,0.005508,0,0,0.096937,0.03,0.002956,0.002956,0,0,0.119567
1497,5-Nov-98,24:00:00,314.746258,0.040503,0.005853,0.005853,0,0,0.087468,0.040462,0.005187,0.005187,0,0,0.091715,0.040398,0.002784,0.002784,0,0,0.114353
1498,6-Nov-98,24:00:00,315.27643,0.019227,0.007583,0.005513,0.091231,0,0.085006,0.019207,0.037306,0.004885,0.079167,0,0.089175,0.019174,0.087581,0.002622,0.093685,0,0.111976
1499,7-Nov-98,24:00:00,403.671448,0.022256,3.965258,0.005192,0.728121,0,0.184112,0.022232,59.899602,0.0046,0.723473,0,0.185067,0.022193,40.295935,0.002469,0.781663,0,0.214963
1500,8-Nov-98,24:00:00,359.334335,0.011458,1.353957,0.004889,0.131572,0,0.215014,0.01144,21.575729,0.004332,0.189293,0,0.221288,0.011418,8.512873,0.002325,0.185632,0,0.251924
1501,9-Nov-98,24:00:00,330.514233,0.023064,0.221654,0.004604,0,0,0.220425,0.023041,3.794742,0.00408,0,0,0.230533,0.023004,0.237453,0.00219,0,0,0.26304
1502,10-Nov-98,24:00:00,323.772858,0.009792,0.014159,0.004336,0,0,0.220425,0.009779,0.119825,0.003843,0,0,0.230533,0.009758,0.002062,0.002062,0,0,0.26304
1503,11-Nov-98,24:00:00,325.34816,0.021712,0.004084,0.004084,0,0,0.220425,0.021688,0.003619,0.003619,0,0,0.230533,0.02165,0.001942,0.001942,0,0,0.26304
1504,12-Nov-98,24:00:00,325.636894,0.022938,0.003846,0.003846,0,0,0.220425,0.022914,0.003408,0.003408,0,0,0.230533,0.022876,0.001829,0.001829,0,0,0.26304
1505,13-Nov-98,24:00:00,326.62465,0.021187,0.003622,0.003622,0,0,0.219988,0.021159,0.00321,0.00321,0,0,0.230105,0.021115,0.001722,0.001722,0,0,0.26269
1506,14-Nov-98,24:00:00,328.868062,0.018113,0.003411,0.003411,0,0,0.218128,0.018089,0.003023,0.003023,0,0,0.228256,0.01805,0.001622,0.001622,0,0,0.260944
1507,15-Nov-98,24:00:00,328.123567,0.018581,0.003212,0.003212,0,0,0.21541,0.01856,0.002847,0.002847,0,0,0.225541,0.018526,0.001528,0.001528,0,0,0.258235
1508,16-Nov-98,24:00:00,328.272572,0.012389,0.003281,0.003025,0.026596,0,0.213386,0.01237,0.022898,0.002681,0.070721,0,0.223701,0.01234,0.060444,0.001439,0.098354,0,0.256552
1509,17-Nov-98,24:00:00,373.440345,0.022363,1.288075,0.002849,0.226657,0,0.246234,0.02234,28.154263,0.002525,0.289309,0,0.270841,0.022308,22.1218,0.001355,0.380691,0,0.319055
1510,18-Nov-98,24:00:00,335.138382,0.017656,0.185782,0.002683,0,0,0.248623,0.01764,2.813314,0.002378,0,0,0.274061,0.017609,0.001976,0.001276,0,0,0.323764
1511,19-Nov-98,24:00:00,326.851907,0.026907,0.008866,0.002527,0,0,0.248623,0.026872,0.01794,0.002239,0,0,0.274061,0.026817,0.001202,0.001202,0,0,0.323764
1512,20-Nov-98,24:00:00,329.488609,0.022057,0.00238,0.00238,0,0,0.248623,0.022017,0.002109,0.002109,0,0,0.274061,0.021955,0.001132,0.001132,0,0,0.323764
1513,21-Nov-98,24:00:00,337.909828,0.009338,0.320803,0.002241,0.150591,0,0.25606,0.009332,7.373149,0.001986,0.190818,0,0.283744,0.009322,8.18383,0.001066,0.219933,0,0.3349
1514,22-Nov-98,24:00:00,360.337472,0.022254,0.881432,0.002111,0.362107,0,0.280084,0.022237,14.011781,0.00187,0.303459,0,0.309659,0.022211,5.009853,0.001004,0.127567,0,0.362627
1515,23-Nov-98,24:00:00,562.537852,0.014187,11.191193,0.001988,2.34532,0,0.54873,0.014166,168.501637,0.001761,2.307252,0,0.567975,0.014136,104.056619,0.000945,2.369652,0,0.60319
1516,24-Nov-98,24:00:00,458.618005,0.013798,4.814729,0.001872,0.17576,0,0.675481,0.013775,54.714322,0.001659,0.067332,0,0.682496,0.01374,8.559893,0.00089,0,0,0.711929
1517,25-Nov-98,24:00:00,343.048227,0.020649,0.458192,0.001763,0,0,0.682019,0.020624,2.407396,0.001562,0,0,0.683899,0.020585,0.000838,0.000838,0,0,0.711929
1518,26-Nov-98,24:00:00,354.817898,0.010177,1.075105,0.00166,0.268941,0,0.705219,0.010166,17.110888,0.001471,0.272827,0,0.706951,0.010149,13.397094,0.00079,0.300987,0,0.735682
1519,27-Nov-98,24:00:00,350.460917,0.020123,0.478646,0.001564,0,0,0.72044,0.020098,6.174411,0.001386,0,0,0.722874,0.020059,0.540355,0.000744,0,0,0.754927
1520,28-Nov-98,24:00:00,331.753539,0.022146,0.029626,0.001473,0.039305,0,0.720557,0.022114,0.22945,0.001305,0.053826,0,0.723034,0.022066,0.012647,0.0007,0.037399,0,0.755038
1521,29-Nov-98,24:00:00,415.09158,0.009785,3.597344,0.001387,1.119602,0,0.812866,0.009773,61.631548,0.001229,1.07361,0,0.822899,0.009755,41.433337,0.00066,1.002985,0,0.860506
1522,30-Nov-98,24:00:00,831.245249,0.014105,104.634079,95.945077,1.340512,0.542496,0.979539,0.014088,218.715901,100.393838,1.256721,0.444275,0.97648,0.014061,428.526008,373.8954,1.056541,0.381412,0.979265
1523,1-Dec-98,24:00:00,1657.07,0.013224,365.515495,362.633524,0.155096,0.155096,1,0.013202,386.018893,352.568945,0.122493,0.122493,1,0.013166,190.305488,186.554668,0.061906,0.061906,1
1524,2-Dec-98,24:00:00,2315.39,0.006445,325.071846,322.683099,0.849315,0.849315,1,0.006427,426.347253,380.541022,1.048897,1.048897,1,0.006405,932.24186,894.383631,1.171196,1.171196,1
1525,3-Dec-98,24:00:00,3683.48,0.01811,596.144497,592.650527,0.166366,0.166366,1,0.018085,863.945967,806.262549,0.165725,0.165725,1,0.018051,967.417905,942.054855,0.191455,0.191455,1
1526,4-Dec-98,24:00:00,1576.16,0.016431,320.681661,320.36238,0,0,1,0.016404,356.226994,352.730343,0,0,1,0.016362,121.61482,121.61482,0,0,1
1527,5-Dec-98,24:00:00,777.434167,0.01101,131.976756,131.529793,0.228315,0.228315,1,0.010992,149.640835,140.986794,0.237092,0.237092,1,0.010964,258.151684,248.827401,0.251943,0.251943,1
1528,6-Dec-98,24:00:00,1128.90,0.020579,210.186658,209.354025,0,0,1,0.020552,266.811896,255.546511,0,0,1,0.020509,286.754406,284.413519,0,0,1
1529,7-Dec-98,24:00:00,687.653396,0.010258,131.810542,131.699662,0.085203,0.085203,1,0.010248,149.685638,146.540808,0.183532,0.183532,1,0.010233,181.751477,177.3104,0.241238,0.241238,1
1530,8-Dec-98,24:00:00,1037.22,0.017553,128.878174,128.469132,0,0,1,0.017539,232.644561,220.129587,0,0,1,0.017506,355.088534,348.360092,0,0,1
1531,9-Dec-98,24:00:00,694.471389,0.018605,95.246043,95.214272,0,0,1,0.018573,137.050915,136.411472,0,0,1,0.018527,115.418648,115.418648,0,0,1
1532,10-Dec-98,24:00:00,594.4563,0.018883,70.77571,70.775584,0,0,1,0.018849,89.389151,89.389151,0,0,1,0.018797,107.56719,107.56719,0,0,1
1533,11-Dec-98,24:00:00,566.710795,0.010575,62.859878,62.859878,0,0,1,0.010552,78.543797,78.543797,0,0,1,0.010517,101.301855,101.301855,0,0,1
1534,12-Dec-98,24:00:00,551.423319,0.019418,58.67408,58.67408,0,0,1,0.019401,73.410377,73.410377,0,0,1,0.019364,95.40249,95.40249,0,0,1
1535,13-Dec-98,24:00:00,626.473703,0.013845,78.175684,77.58771,0.214307,0.214307,1,0.013835,107.749927,98.115621,0.23457,0.23457,1,0.01382,275.849856,265.726494,0.314737,0.314737,1
1536,14-Dec-98,24:00:00,1185.14,0.023153,179.950434,179.330304,0,0,1,0.023135,242.410336,232.292679,0,0,1,0.023108,320.305542,315.856327,0,0,1
1537,15-Dec-98,24:00:00,673.722834,0.019511,102.376801,102.336802,0,0,1,0.019477,119.593445,119.148868,0,0,1,0.019429,100.876224,100.876224,0,0,1
1538,16-Dec-98,24:00:00,639.803044,0.021565,63.004622,63.004622,0,0,1,0.021521,75.139082,75.139082,0,0,1,0.021455,94.268308,94.268308,0,0,1
1539,17-Dec-98,24:00:00,706.704331,0.022655,53.247177,53.247177,0,0,1,0.022613,65.839523,65.839523,0,0,1,0.02255,88.777869,88.777869,0,0,1
1540,18-Dec-98,24:00:00,661.678386,0.025162,49.339239,49.339239,0,0,0.999148,0.025117,61.534145,61.534145,0,0,0.999245,0.025047,83.607845,83.607845,0,0,0.999263
1541,19-Dec-98,24:00:00,550.734017,0.027679,46.37477,46.37477,0,0,0.996039,0.027632,57.91238,57.91238,0,0,0.99624,0.02756,78.738901,78.738901,0,0,0.996285
1542,20-Dec-98,24:00:00,501.211264,0.014465,43.664758,43.664758,0,0,0.992832,0.014445,54.537002,54.537002,0,0,0.993039,0.01441,74.153502,74.153502,0,0,0.993091
1543,21-Dec-98,24:00:00,490.434418,0.01484,41.12102,41.12102,0,0,0.99069,0.01481,51.360818,51.360818,0,0,0.9909,0.014764,69.835136,69.835136,0,0,0.990958
1544,22-Dec-98,24:00:00,480.854277,0.015548,38.726234,38.726234,0,0,0.988547,0.015518,48.369783,48.369783,0,0,0.988761,0.015472,65.768252,65.768252,0,0,0.988825
1545,23-Dec-98,24:00:00,471.836229,0.014535,36.470985,36.470985,0,0,0.986391,0.014505,45.552944,45.552944,0,0,0.98661,0.014459,61.938205,61.938205,0,0,0.98668
1546,24-Dec-98,24:00:00,463.343383,0.01269,34.347079,34.347079,0,0,0.984432,0.012667,42.900145,42.900145,0,0,0.984654,0.012632,58.331203,58.331203,0,0,0.984731
1547,25-Dec-98,24:00:00,455.345123,0.013113,32.34686,32.34686,0,0,0.982646,0.013088,40.401834,40.401834,0,0,0.982872,0.013047,54.934257,54.934257,0,0,0.982954
1548,26-Dec-98,24:00:00,447.812645,0.017762,30.463124,30.463124,0,0,0.980416,0.017739,38.049013,38.049013,0,0,0.980645,0.017704,51.735133,51.735133,0,0,0.980732
1549,27-Dec-98,24:00:00,440.718826,0.014542,28.689089,28.689089,0,0,0.978127,0.014511,35.83321,35.83321,0,0,0.978359,0.014464,48.722312,48.722312,0,0,0.978452
1550,28-Dec-98,24:00:00,433.41612,0.015669,27.018366,27.018366,0,0,0.975955,0.015643,33.746445,33.746445,0,0,0.976192,0.015602,45.884944,45.884944,0,0,0.976292
1551,29-Dec-98,24:00:00,424.886486,0.018331,25.444938,25.444938,0,0,0.973534,0.018299,31.781204,31.781204,0,0,0.973775,0.018249,43.212812,43.212812,0,0,0.973881
1552,30-Dec-98,24:00:00,417.217301,0.017876,23.963139,23.963139,0,0,0.970929,0.017843,29.93041,29.93041,0,0,0.971174,0.017792,40.696292,40.696292,0,0,0.971287
1553,31-Dec-98,24:00:00,411.247155,0.023521,22.567634,22.567634,0,0,0.96802,0.023494,28.187398,28.187398,0,0,0.96827,0.023454,38.326323,38.326323,0,0,0.96839
1554,1-Jan-99,24:00:00,405.985826,0.017058,21.253397,21.253397,0,0,0.965089,0.01702,26.545891,26.545891,0,0,0.965344,0.016967,36.094371,36.094371,0,0,0.96547
1555,2-Jan-99,24:00:00,402.280591,0.020306,20.015695,20.015695,0,0,0.96244,0.020273,24.999978,24.999978,0,0,0.9627,0.020224,33.992397,33.992397,0,0,0.962833
1556,3-Jan-99,24:00:00,400.229586,0.02193,18.850071,18.850071,0,0,0.959427,0.021893,23.544092,23.544092,0,0,0.959692,0.021835,32.012833,32.012833,0,0,0.959833
1557,4-Jan-99,24:00:00,396.967955,0.01621,17.752327,17.752327,0,0,0.956668,0.016183,22.17299,22.17299,0,0,0.956937,0.01614,30.14855,30.14855,0,0,0.957086
1558,5-Jan-99,24:00:00,394.718045,0.014918,16.718512,16.718512,0,0,0.954439,0.014891,20.881735,20.881735,0,0,0.954713,0.014849,28.392834,28.392834,0,0,0.954867
1559,6-Jan-99,24:00:00,342.803095,0.013274,15.744901,15.744901,0,0,0.952486,0.013252,19.665677,19.665677,0,0,0.952763,0.013217,26.739363,26.739363,0,0,0.952923
1560,7-Jan-99,24:00:00,282.399779,0.014611,14.827989,14.827989,0,0,0.950427,0.014589,18.520436,18.520436,0,0,0.950707,0.014556,25.182183,25.182183,0,0,0.950872
1561,8-Jan-99,24:00:00,262.107632,0.020637,13.964474,13.964474,0,0,0.947954,0.020599,17.441889,17.441889,0,0,0.948238,0.02054,23.715686,23.715686,0,0,0.948409
1562,9-Jan-99,24:00:00,258.589634,0.017588,13.151246,13.151246,0,0,0.945206,0.017559,16.426152,16.426152,0,0,0.945495,0.017514,22.334592,22.334592,0,0,0.945674
1563,10-Jan-99,24:00:00,255.525313,0.01488,12.385376,12.385376,0,0,0.942876,0.014858,15.469567,15.469567,0,0,0.943169,0.014823,21.033926,21.033926,0,0,0.943354
1564,11-Jan-99,24:00:00,252.641172,0.014824,11.664108,11.664108,0,0,0.940787,0.014786,14.568689,14.568689,0,0,0.941084,0.014728,19.809005,19.809005,0,0,0.941274
1565,12-Jan-99,24:00:00,249.925,0.019925,10.984843,10.984843,0,0,0.938327,0.019894,13.720274,13.720274,0,0,0.938629,0.019845,18.655417,18.655417,0,0,0.938827
1566,13-Jan-99,24:00:00,247.367006,0.013422,10.345135,10.345135,0,0,0.935911,0.013405,12.921267,12.921267,0,0,0.936217,0.01338,17.56901,17.56901,0,0,0.936421
1567,14-Jan-99,24:00:00,244.957978,0.015408,9.742681,9.742681,0,0,0.933819,0.01539,12.168791,12.168791,0,0,0.934127,0.015359,16.54587,16.54587,0,0,0.934335
1568,15-Jan-99,24:00:00,244.946063,0.010124,9.307253,9.175311,0.181681,0,0.937154,0.010108,15.702383,11.460135,0.27715,0,0.941181,0.010082,25.585087,15.582313,0.461319,0,0.947548
1569,16-Jan-99,24:00:00,281.707855,0.019013,9.506748,8.640982,0.022489,0,0.957557,0.018995,29.497316,10.792749,0,0,0.972605,0.018965,28.193021,16.655588,0.066149,0.060026,0.999232
1570,17-Jan-99,24:00:00,707.388911,0.00657,28.945716,27.01521,0.765054,0.488025,0.990715,0.006566,89.299146,59.73309,0.803656,0.611891,0.994977,0.006554,668.485073,638.562035,0.878803,0.878803,1
1571,18-Jan-99,24:00:00,1840.24,0.02218,282.272806,279.743641,0.003674,0.003674,1,0.022152,467.526179,428.62566,0.00336,0.00336,1,0.022109,738.250159,720.448565,0.089705,0.089705,1
1572,19-Jan-99,24:00:00,1108.69,0.008515,246.517946,244.592796,0.62328,0.62328,1,0.008504,329.582556,300.851663,0.559058,0.559058,1,0.008495,488.915099,470.919357,0.424486,0.424486,1
1573,20-Jan-99,24:00:00,2076.67,0.013119,436.010652,433.860197,0.115412,0.115412,1,0.013109,521.31343,487.613514,0.377087,0.377087,1,0.013091,644.58112,623.764332,0.558723,0.558723,1
1574,21-Jan-99,24:00:00,2426.67,0.018717,261.388099,260.832722,0.096252,0.096252,1,0.018695,474.730556,451.995074,0.057306,0.057306,1,0.018661,552.995766,542.415546,0.083675,0.083675,1
1575,22-Jan-99,24:00:00,1763.72,0.006434,266.050613,263.331832,1.042901,1.042901,1,0.006431,358.263608,320.528911,0.99159,0.99159,1,0.006428,670.682595,616.207592,0.961809,0.961809,1
1576,23-Jan-99,24:00:00,3258.27,0.016827,673.559916,670.017861,0,0,1,0.016819,844.337645,793.916209,0.033498,0.033498,1,0.016797,990.660403,953.712672,0.052319,0.052319,1
1577,24-Jan-99,24:00:00,1401.85,0.029418,346.415525,346.163253,0,0,1,0.029387,365.557581,363.150086,0,0,1,0.029339,188.891341,188.891341,0,0,1
1578,25-Jan-99,24:00:00,1120.60,0.028489,142.753337,142.752387,0,0,1,0.028463,154.028289,154.028289,0,0,1,0.028423,173.139494,173.139494,0,0,1
1579,26-Jan-99,24:00:00,1227.39,0.023,98.642895,98.642895,0,0,1,0.022977,118.242882,118.242882,0,0,1,0.022939,163.05173,163.05173,0,0,1
1580,27-Jan-99,24:00:00,961.418259,0.027667,88.001995,88.001995,0,0,0.998322,0.027634,108.707416,108.707416,0,0,0.998332,0.027612,153.556329,153.556329,0,0,0.998347
1581,28-Jan-99,24:00:00,686.842263,0.023179,82.313959,82.313959,0,0,0.9948,0.023155,102.157519,102.157519,0,0,0.994818,0.023125,144.6139,144.6139,0,0,0.994845
1582,29-Jan-99,24:00:00,572.746511,0.02301,77.461909,77.461909,0,0,0.991653,0.022987,96.191982,96.191982,0,0,0.991675,0.022955,136.192238,136.192238,0,0,0.991706
1583,30-Jan-99,24:00:00,522.976808,0.022717,72.94532,72.945208,0.011651,0,0.98848,0.022359,90.590312,90.589057,0.006459,0,0.9885,0.022329,128.261015,128.261015,0,0,0.988516
1584,31-Jan-99,24:00:00,603.861342,0.02474,119.409583,118.31095,0.208159,0.126139,0.999423,0.024465,156.084779,140.515503,0.195904,0.109133,0.999296,0.024419,124.00163,120.791671,0.069363,0,0.99491
1585,1-Feb-99,24:00:00,711.436342,0.025505,122.616934,122.442207,0,0,1,0.025478,136.050418,134.216898,0,0,1,0.025438,113.758902,113.757309,0,0,0.996627
1586,2-Feb-99,24:00:00,822.216962,0.02785,78.736071,78.729392,0,0,1,0.027822,89.504611,89.485137,0,0,1,0.027777,107.132595,107.132595,0,0,0.996627
1587,3-Feb-99,24:00:00,797.87984,0.030167,64.551327,64.551327,0,0,0.999723,0.03014,77.393209,77.393209,0,0,0.999735,0.030096,100.893675,100.893675,0,0,0.996371
1588,4-Feb-99,24:00:00,677.617185,0.030937,59.327701,59.327701,0,0,0.996649,0.03091,72.134601,72.134601,0,0,0.996686,0.030869,95.018082,95.018082,0,0,0.993341
1589,5-Feb-99,24:00:00,618.858187,0.02319,55.694808,55.69431,0.051727,0,0.993241,0.023166,67.872158,67.868255,0.020099,0,0.993156,0.02313,89.49078,89.484657,0.019169,0,0.989813
1590,6-Feb-99,24:00:00,4697.31,0.009817,1130.66,361.686551,1.679069,1.671392,0.999977,0.00981,1449.57,438.254768,1.646145,1.605837,0.99988,0.009799,3171.24,1184.91,1.56087,1.496267,0.99967
1591,7-Feb-99,24:00:00,9317.63,0.020282,2066.04,1216.56,0.88,0.88,1,0.02027,2716.56,1437.67,0.872109,0.872109,1,0.020251,3510.75,1908.53,0.848864,0.848864,1
1592,8-Feb-99,24:00:00,3710.90,0.008505,1070.57,955.2784,0.934387,0.934387,1,0.008503,1161.52,993.369082,0.914682,0.914682,1,0.008498,793.386925,749.777239,0.904494,0.904494,1
1593,9-Feb-99,24:00:00,9127.60,0.024214,2213.94,1074.12,0.631036,0.631036,1,0.024206,2718.20,1230.31,0.632914,0.632914,1,0.024185,3776.07,1708.56,0.632724,0.632724,1
1594,10-Feb-99,24:00:00,4015.72,0.024161,892.230065,741.384102,0,0,1,0.024139,900.437861,763.778808,0,0,1,0.024104,346.357675,346.350071,0,0,1
1595,11-Feb-99,24:00:00,3607.06,0.026513,325.529871,320.687272,0,0,1,0.026493,317.906118,317.426775,0,0,1,0.026461,285.626012,285.626012,0,0,1
1596,12-Feb-99,24:00:00,2277.37,0.031627,213.035851,213.035851,0,0,0.999875,0.031606,230.107547,230.107547,0,0,0.999878,0.031573,268.935296,268.935296,0,0,0.999882
1597,13-Feb-99,24:00:00,1640.97,0.012106,198.537187,198.20121,0.24007,0.226845,0.999277,0.012099,236.570562,228.714774,0.272532,0.259385,0.99935,0.012087,409.746478,399.864033,0.323752,0.310738,0.999361
1598,14-Feb-99,24:00:00,2373.26,0.026543,308.755789,307.763906,0,0,1,0.026525,399.038188,384.113042,0,0,1,0.026495,498.104285,492.996781,0,0,1
1599,15-Feb-99,24:00:00,1882.34,0.023476,232.167176,232.092775,0.109637,0.109637,1,0.023457,258.351096,257.46,0.152526,0.152526,1,0.023425,251.044623,250.59618,0.176945,0.176945,1
1600,16-Feb-99,24:00:00,3834.98,0.006889,642.783909,534.486034,1.658225,1.658225,1,0.006886,1062.34,699.572959,1.658807,1.658807,1,0.00688,2698.28,1753.75,1.660202,1.660202,1
1601,17-Feb-99,24:00:00,7064.87,0.028337,1564.14,1162.13,0.169403,0.169403,1,0.028323,2126.94,1373.37,0.170669,0.170669,1,0.028301,2014.70,1318.84,0.18,0.18,1
1602,18-Feb-99,24:00:00,2793.24,0.01554,749.17137,716.256826,0.57623,0.57623,1,0.015525,836.278569,760.696634,0.642344,0.642344,1,0.015501,1242.95,969.320328,0.712793,0.712793,1
1603,19-Feb-99,24:00:00,3422.39,0.024941,625.310614,624.036464,0,0,1,0.024916,751.757245,735.542581,0,0,1,0.024875,630.847872,618.475749,0,0,1
1604,20-Feb-99,24:00:00,2869.69,0.008623,388.697662,387.33279,0.80125,0.80125,1,0.00862,456.887529,435.128869,0.805275,0.805275,1,0.008625,694.000401,673.489699,0.795402,0.795402,1
1605,21-Feb-99,24:00:00,4594.91,0.019296,725.929119,722.455255,0.243797,0.243797,1,0.019285,943.508211,889.333538,0.281512,0.281512,1,0.019268,1222.49,1198.74,0.310713,0.310713,1
1606,22-Feb-99,24:00:00,3456.70,0.027253,582.236425,581.008141,0,0,1,0.027236,669.093015,651.720418,0,0,1,0.027208,585.724211,578.770103,0,0,1
1607,23-Feb-99,24:00:00,2633.97,0.017926,345.737325,345.649523,0,0,1,0.01791,372.82216,371.955387,0,0,1,0.017882,355.902801,355.902801,0,0,1
1608,24-Feb-99,24:00:00,2478.43,0.018323,272.359449,261.558131,0.567272,0.567272,1,0.018315,326.564858,297.394368,0.571867,0.571867,1,0.018302,572.209429,476.680311,0.577847,0.577847,1
1609,25-Feb-99,24:00:00,4941.45,0.023665,809.275777,638.518658,0.253713,0.253713,1,0.023654,1029.79,810.435957,0.328078,0.328078,1,0.023636,1543.70,1321.50,0.343028,0.343028,1
1610,26-Feb-99,24:00:00,2726.46,0.02472,520.339322,506.007418,0,0,1,0.024704,602.224613,588.464599,0,0,1,0.024678,383.048898,382.97254,0,0,1
1611,27-Feb-99,24:00:00,1571.74,0.019055,284.00709,283.894968,0,0,1,0.01905,316.563061,316.48961,0,0,1,0.019043,335.938782,335.938782,0,0,1
1612,28-Feb-99,24:00:00,2198.24,0.013961,373.941994,371.349426,0.666679,0.666679,1,0.01396,514.641484,469.932591,0.702955,0.702955,1,0.013958,1137.53,1103.37,0.760324,0.760324,1
1613,1-Mar-99,24:00:00,2591.43,0.037947,571.164982,569.946407,0,0,1,0.03793,692.440699,677.153698,0,0,1,0.0379,511.355132,510.312535,0,0,1
1614,2-Mar-99,24:00:00,1557.72,0.028435,325.368461,325.242767,0.254783,0.254783,1,0.028418,355.261154,353.040252,0.307622,0.307622,1,0.02839,360.158465,356.58572,0.319789,0.319789,1
1615,3-Mar-99,24:00:00,2126.75,0.035481,362.630625,361.31782,0,0,1,0.03546,488.998563,465.242971,0.003802,0.003802,1,0.035424,777.531559,763.564978,0.059024,0.059024,1
1616,4-Mar-99,24:00:00,1522.77,0.040935,290.693415,290.577841,0,0,1,0.040915,345.961291,344.595481,0,0,1,0.040881,320.804142,320.804142,0,0,1
1617,5-Mar-99,24:00:00,1283.06,0.036136,213.003248,213.001964,0,0,0.999346,0.036112,247.195741,247.195741,0,0,0.99935,0.03607,298.300345,298.300345,0,0,0.999356
1618,6-Mar-99,24:00:00,1209.65,0.032965,187.572701,187.572701,0,0,0.995965,0.032947,220.894389,220.894389,0,0,0.995975,0.032915,280.924591,280.924591,0,0,0.995993
1619,7-Mar-99,24:00:00,1166.20,0.043867,174.798852,174.798852,0,0,0.990543,0.043846,206.818345,206.818345,0,0,0.990556,0.043808,264.564805,264.564805,0,0,0.990579
1620,8-Mar-99,24:00:00,1520.27,0.015613,246.375438,243.766178,1.054524,0.963757,0.995245,0.015601,354.352703,308.712866,1.105156,1.014498,0.995443,0.015581,970.651345,822.639529,1.141523,1.051054,0.995672
1621,9-Mar-99,24:00:00,3901.89,0.032508,798.079149,793.711684,0.218866,0.218866,1,0.032493,1091.71,1024.23,0.267047,0.267047,1,0.032467,1498.56,1454.39,0.355813,0.355813,1
1622,10-Mar-99,24:00:00,1825.32,0.034336,515.564284,515.134171,0,0,1,0.034317,581.808015,576.825757,0,0,1,0.034287,332.133295,332.112939,0,0,1
1623,11-Mar-99,24:00:00,1079.77,0.047393,251.785284,251.776036,0,0,0.999256,0.047388,276.017792,275.980952,0,0,0.999259,0.047379,294.64906,294.64906,0,0,0.999263
1624,12-Mar-99,24:00:00,922.113515,0.034004,187.271845,187.271845,0,0,0.995637,0.033991,218.419757,218.419757,0,0,0.995643,0.033963,277.467115,277.467115,0,0,0.995654
1625,13-Mar-99,24:00:00,868.796743,0.043303,169.287148,169.287148,0,0,0.990389,0.043285,201.450274,201.450274,0,0,0.990398,0.043253,261.308663,261.308663,0,0,0.990413
1626,14-Mar-99,24:00:00,1250.12,0.010378,244.693223,242.504311,0.618234,0.526604,0.995985,0.010372,343.396398,307.69295,0.613484,0.521926,0.99604,0.010362,713.387069,688.17882,0.580724,0.489296,0.995606
1627,15-Mar-99,24:00:00,2027.12,0.049741,454.185811,452.85546,0,0,1,0.049726,543.985475,527.493603,0,0,1,0.049708,430.611026,428.931292,0,0,1
1628,16-Mar-99,24:00:00,1299.09,0.053428,257.888092,257.806828,0,0,0.999846,0.053409,274.107511,273.481762,0,0,0.999847,0.053401,250.063856,250.063856,0,0,0.999849
1629,17-Mar-99,24:00:00,1127.22,0.040926,170.919089,170.919089,0,0,0.996861,0.040928,193.232907,193.232907,0,0,0.996866,0.040923,235.132104,235.132104,0,0,0.99687
1630,18-Mar-99,24:00:00,1069.07,0.038784,148.314826,148.314826,0,0,0.99098,0.038771,173.951384,173.951384,0,0,0.990985,0.038747,221.438758,221.438758,0,0,0.990991
1631,19-Mar-99,24:00:00,868.075122,0.034673,138.027022,138.027022,0,0,0.985525,0.034661,163.07413,163.07413,0,0,0.985533,0.034637,208.543162,208.543162,0,0,0.985543
1632,20-Mar-99,24:00:00,668.001147,0.042436,129.804136,129.804136,0,0,0.980221,0.04242,153.517665,153.517665,0,0,0.98023,0.042385,196.398547,196.398547,0,0,0.980244
1633,21-Mar-99,24:00:00,589.811021,0.035346,122.226076,122.226076,0,0,0.974702,0.035329,144.57313,144.57313,0,0,0.974714,0.035299,184.96118,184.96118,0,0,0.974732
1634,22-Mar-99,24:00:00,591.85368,0.024565,115.230034,115.18787,0.284249,0.067112,0.973507,0.02456,137.432465,136.378688,0.312143,0.095102,0.973857,0.02455,175.893175,174.526043,0.283898,0.067012,0.973674
1635,23-Mar-99,24:00:00,1090.07,0.050875,183.679431,181.762157,0.086463,0.086463,1,0.05086,272.760193,241.569116,0.08723,0.08723,1,0.050832,402.186608,385.326427,0.125035,0.125035,1
1636,24-Mar-99,24:00:00,3131.65,0.01274,722.34878,375.468337,1.42375,1.42375,1,0.012737,1027.81,529.278722,1.523418,1.523418,1,0.012731,2356.27,1419.25,1.600503,1.600503,1
1637,25-Mar-99,24:00:00,7741.56,0.039455,1823.08,1010.69,0.268408,0.268408,1,0.03944,2058.48,1227.79,0.210484,0.210484,1,0.039423,1787.91,1270.65,0.205058,0.205058,1
1638,26-Mar-99,24:00:00,2707.22,0.063226,628.055563,571.564485,0,0,0.99997,0.06322,600.46551,562.134285,0,0,0.99997,0.063211,273.855003,273.855003,0,0,0.999971
1639,27-Mar-99,24:00:00,1427.10,0.066639,241.778979,241.739254,0,0,0.994889,0.066628,243.75798,243.75798,0,0,0.994893,0.06661,249.307093,249.307093,0,0,0.994897
1640,28-Mar-99,24:00:00,1140.59,0.057863,166.617744,166.617744,0,0,0.986143,0.057847,188.278326,188.278326,0,0,0.986148,0.057819,234.779117,234.779117,0,0,0.986156
1641,29-Mar-99,24:00:00,1091.11,0.02666,148.369257,148.369257,0,0,0.979998,0.026656,173.206549,173.206549,0,0,0.980005,0.026647,221.106632,221.106632,0,0,0.980016
1642,30-Mar-99,24:00:00,1065.82,0.031136,140.279156,140.000722,0.246674,0.065216,0.982831,0.031133,170.718645,165.185148,0.288122,0.106718,0.982856,0.031127,243.474802,235.992704,0.340638,0.159323,0.983086
1643,31-Mar-99,24:00:00,1357.13,0.043956,168.510699,167.429971,0,0,1,0.043946,246.679085,228.306872,0,0,1,0.043917,380.464752,372.175034,0,0,1
1644,1-Apr-99,24:00:00,1085.58,0.056389,144.518077,144.440682,0,0,0.999984,0.05637,180.571966,179.670346,0,0,0.99999,0.056334,196.085461,196.085461,0,0,0.999992
1645,2-Apr-99,24:00:00,1000.56,0.068914,122.224479,122.224436,0,0,0.99537,0.068894,145.463236,145.463236,0,0,0.995398,0.06886,183.751622,183.751622,0,0,0.995409
1646,3-Apr-99,24:00:00,966.043341,0.064023,112.25152,112.25152,0,0,0.985506,0.064004,133.477044,133.477044,0,0,0.985537,0.063967,173.049846,173.049846,0,0,0.985554
1647,4-Apr-99,24:00:00,940.482029,0.066539,105.315425,105.315425,0,0,0.976311,0.066524,125.351858,125.351858,0,0,0.976345,0.066497,162.972202,162.972202,0,0,0.976366
1648,5-Apr-99,24:00:00,934.585873,0.030616,99.8279,99.135904,0.159152,0,0.987063,0.030606,129.815136,118.022587,0.170442,0,0.988358,0.03059,161.943656,153.481435,0.184352,0,0.98992
1649,6-Apr-99,24:00:00,902.031589,0.048051,93.580702,93.357823,0,0,0.994144,0.048038,113.948874,111.147286,0,0,0.995792,0.048013,144.616803,144.543367,0,0,0.997802
1650,7-Apr-99,24:00:00,875.117929,0.044467,87.932622,87.920611,0,0,0.993325,0.04445,104.75537,104.674416,0,0,0.994975,0.044422,136.125813,136.125813,0,0,0.996989
1651,8-Apr-99,24:00:00,1774.51,0.030275,208.155847,206.253874,0.390865,0.334304,0.999495,0.030267,351.366462,313.780719,0.500727,0.455736,0.999673,0.030251,868.652662,839.526865,0.631387,0.600539,0.999908
1652,9-Apr-99,24:00:00,1453.37,0.053567,236.192273,235.833359,0,0,1,0.053555,333.736486,328.301849,0,0,1,0.053532,206.151899,206.04397,0,0,1
1653,10-Apr-99,24:00:00,1021.49,0.018111,153.309093,152.453721,0.729528,0.729528,1,0.018108,203.176503,187.909888,0.720494,0.720494,1,0.018108,420.661692,403.56472,0.724008,0.724008,1
1654,11-Apr-99,24:00:00,5412.60,0.066603,987.449549,733.795974,0.653033,0.653033,1,0.066589,1431.08,917.454147,0.645266,0.645266,1,0.066561,2407.43,1575.57,0.628807,0.628807,1
1655,12-Apr-99,24:00:00,2923.51,0.084529,659.238689,621.413399,0,0,0.997224,0.084514,703.475737,654.156166,0,0,0.997225,0.084483,266.110195,266.098524,0,0,0.997229
1656,13-Apr-99,24:00:00,1616.02,0.080567,244.606921,243.238765,0,0,0.987273,0.080557,241.44093,241.212535,0,0,0.987277,0.080538,210.709939,210.709939,0,0,0.987287
1657,14-Apr-99,24:00:00,1104.05,0.085016,143.828563,143.828563,0,0,0.975551,0.085001,160.610122,160.610122,0,0,0.975558,0.084972,198.383054,198.383054,0,0,0.97557
1658,15-Apr-99,24:00:00,898.724438,0.080486,122.615962,122.615962,0,0,0.963637,0.080474,144.084023,144.084023,0,0,0.963645,0.08045,186.830078,186.830078,0,0,0.963662
1659,16-Apr-99,24:00:00,830.688551,0.07867,113.921023,113.921023,0,0,0.952692,0.078655,135.071396,135.071396,0,0,0.952702,0.078623,175.949936,175.949936,0,0,0.952723
1660,17-Apr-99,24:00:00,802.9893,0.092793,107.120206,107.120206,0,0,0.940344,0.092781,127.157739,127.157739,0,0,0.940356,0.092756,165.703404,165.703404,0,0,0.940381
1661,18-Apr-99,24:00:00,780.324864,0.073042,100.8655,100.8655,0,0,0.928475,0.073029,119.74926,119.74926,0,0,0.928488,0.073004,156.053584,156.053584,0,0,0.928517
1662,19-Apr-99,24:00:00,676.279828,0.082898,94.989998,94.989998,0,0,0.917357,0.082887,112.775375,112.775375,0,0,0.917373,0.082864,146.965726,146.965726,0,0,0.917404
1663,20-Apr-99,24:00:00,570.670141,0.067736,89.458069,89.458069,0,0,0.906538,0.06772,106.207831,106.207831,0,0,0.906555,0.067692,138.407104,138.407104,0,0,0.906591
1664,21-Apr-99,24:00:00,526.279156,0.054881,84.248422,84.248422,0,0,0.89764,0.054876,100.022764,100.022764,0,0,0.897659,0.054851,130.346898,130.346898,0,0,0.897699
1665,22-Apr-99,24:00:00,509.288547,0.099589,79.342172,79.342172,0,0,0.886912,0.099576,94.197889,94.197889,0,0,0.886932,0.099543,122.756082,122.756082,0,0,0.886976
1666,23-Apr-99,24:00:00,492.567706,0.100174,74.721641,74.721641,0,0,0.872063,0.100157,88.712228,88.712228,0,0,0.872086,0.100128,115.60732,115.60732,0,0,0.872134
1667,24-Apr-99,24:00:00,477.367542,0.099033,70.370189,70.370189,0,0,0.858296,0.099024,83.546027,83.546027,0,0,0.858321,0.099003,108.874871,108.874871,0,0,0.858372
1668,25-Apr-99,24:00:00,463.857752,0.058292,66.272147,66.272147,0,0,0.847044,0.05828,78.680683,78.680683,0,0,0.84707,0.058263,102.534489,102.534489,0,0,0.847124
1669,26-Apr-99,24:00:00,449.396357,0.054556,62.412755,62.412755,0,0,0.838837,0.054553,74.098674,74.098674,0,0,0.838864,0.054529,96.563342,96.563342,0,0,0.838922
1670,27-Apr-99,24:00:00,433.425057,0.071913,58.778117,58.778117,0,0,0.829804,0.071902,69.783501,69.783501,0,0,0.829832,0.071878,90.939928,90.939928,0,0,0.829893
1671,28-Apr-99,24:00:00,419.358325,0.074581,55.355145,55.355145,0,0,0.819229,0.074567,65.719625,65.719625,0,0,0.819258,0.074534,85.643996,85.643996,0,0,0.819323
1672,29-Apr-99,24:00:00,407.149329,0.086974,52.13151,52.13151,0,0,0.807729,0.086971,61.89241,61.89241,0,0,0.80776,0.086966,80.656475,80.656475,0,0,0.807828
1673,30-Apr-99,24:00:00,393.802127,0.101726,49.095606,49.095606,0,0,0.794705,0.10172,58.288074,58.288074,0,0,0.794737,0.101707,75.959406,75.959406,0,0,0.794805
1674,1-May-99,24:00:00,381.251696,0.073527,46.236499,46.236499,0,0,0.781513,0.073516,54.89364,54.89364,0,0,0.781545,0.073481,71.535872,71.535872,0,0,0.781618
1675,2-May-99,24:00:00,370.678982,0.035649,43.543894,43.543894,0,0,0.773483,0.035642,51.696881,51.696881,0,0,0.773517,0.03563,67.369945,67.369945,0,0,0.773594
1676,3-May-99,24:00:00,361.083079,0.05073,41.008093,41.008093,0,0,0.767799,0.050723,48.686288,48.686288,0,0,0.767834,0.050704,63.446623,63.446623,0,0,0.767912
1677,4-May-99,24:00:00,350.807703,0.072381,38.619967,38.619967,0,0,0.75903,0.07237,45.851018,45.851018,0,0,0.759066,0.072348,59.751777,59.751777,0,0,0.759147
1678,5-May-99,24:00:00,341.791722,0.095543,36.496529,36.370914,0.048414,0,0.752032,0.095542,45.82337,43.180861,0.059265,0,0.752683,0.095537,56.272103,56.272103,0,0,0.749415
1679,6-May-99,24:00:00,335.204901,0.085833,34.399644,34.252836,0,0,0.75273,0.085827,43.025934,40.666202,0,0,0.754317,0.08581,52.995069,52.995069,0,0,0.744971
1680,7-May-99,24:00:00,493.175839,0.096216,32.267641,32.258105,0,0,0.744955,0.096214,38.398435,38.297986,0,0,0.746544,0.096203,49.908875,49.908875,0,0,0.735514
1681,8-May-99,24:00:00,784.440469,0.089286,30.379538,30.379538,0,0,0.7318,0.08928,36.067683,36.067683,0,0,0.733388,0.089267,47.002407,47.002407,0,0,0.722359
1682,9-May-99,24:00:00,616.487491,0.091393,28.610371,28.610371,0,0,0.719028,0.091385,33.967264,33.967264,0,0,0.720618,0.091364,44.265198,44.265198,0,0,0.709592
1683,10-May-99,24:00:00,364.364211,0.073049,26.944231,26.944231,0,0,0.707253,0.073041,31.989164,31.989164,0,0,0.708844,0.073022,41.687393,41.687393,0,0,0.697821
1684,11-May-99,24:00:00,274.313129,0.094475,25.375121,25.375121,0,0,0.695259,0.094467,30.126259,30.126259,0,0,0.696851,0.094442,39.259707,39.259707,0,0,0.685831
1685,12-May-99,24:00:00,267.383707,0.089395,23.897388,23.897388,0,0,0.682407,0.089387,28.371841,28.371841,0,0,0.684,0.089364,36.973398,36.973398,0,0,0.672983
1686,13-May-99,24:00:00,262.111401,0.085022,22.505712,22.505712,0,0,0.669477,0.085012,26.719593,26.719593,0,0,0.671072,0.084987,34.820234,34.820234,0,0,0.660058
1687,14-May-99,24:00:00,257.154847,0.071921,21.195081,21.195081,0,0,0.65829,0.071913,25.163564,25.163564,0,0,0.659886,0.071891,32.79246,32.79246,0,0,0.648876
1688,15-May-99,24:00:00,252.48699,0.078958,19.960774,19.960774,0,0,0.64767,0.078949,23.698151,23.698151,0,0,0.649267,0.078924,30.882775,30.882775,0,0,0.63826
1689,16-May-99,24:00:00,248.090967,0.096051,18.798349,18.798349,0,0,0.63547,0.096045,22.318078,22.318078,0,0,0.637068,0.096025,29.084301,29.084301,0,0,0.626065
1690,17-May-99,24:00:00,244.572948,0.093309,17.703618,17.703618,0,0,0.621621,0.093301,21.018374,21.018374,0,0,0.62322,0.093278,27.390563,27.390563,0,0,0.612219
1691,18-May-99,24:00:00,242.290008,0.076698,16.672639,16.672639,0,0,0.609498,0.076696,19.794358,19.794358,0,0,0.611098,0.076671,25.79546,25.79546,0,0,0.600101
1692,19-May-99,24:00:00,239.368088,0.085734,15.701699,15.701699,0,0,0.597824,0.085722,18.641624,18.641624,0,0,0.599425,0.085697,24.293248,24.293248,0,0,0.588432
1693,20-May-99,24:00:00,235.922045,0.068126,14.787303,14.787303,0,0,0.58711,0.068118,17.55602,17.55602,0,0,0.588713,0.068102,22.878519,22.878519,0,0,0.577722
1694,21-May-99,24:00:00,231.454409,0.100925,13.926157,13.926157,0,0,0.574963,0.100919,16.533636,16.533636,0,0,0.576567,0.1009,21.546177,21.546177,0,0,0.565579
1695,22-May-99,24:00:00,227.214069,0.124905,13.115161,13.115161,0,0,0.559107,0.124905,15.570792,15.570792,0,0,0.560711,0.124901,20.291425,20.291425,0,0,0.549725
1696,23-May-99,24:00:00,223.866801,0.09917,12.351393,12.351393,0,0,0.542931,0.09917,14.664019,14.664019,0,0,0.544535,0.099176,19.109744,19.109744,0,0,0.533549
1697,24-May-99,24:00:00,221.114914,0.091529,11.632103,11.632103,0,0,0.52943,0.09153,13.810052,13.810052,0,0,0.531034,0.091539,17.996878,17.996878,0,0,0.520047
1698,25-May-99,24:00:00,216.420949,0.102999,10.954702,10.954702,0,0,0.515273,0.102993,13.005817,13.005817,0,0,0.516877,0.102973,16.948821,16.948821,0,0,0.50589
1699,26-May-99,24:00:00,212.22469,0.106757,10.316749,10.316749,0,0,0.500283,0.106748,12.248417,12.248417,0,0,0.501889,0.106719,15.961798,15.961798,0,0,0.490905
1700,27-May-99,24:00:00,209.885665,0.103918,9.715948,9.715948,0,0,0.485307,0.103909,11.535124,11.535124,0,0,0.486913,0.103886,15.032255,15.032255,0,0,0.475934
1701,28-May-99,24:00:00,207.861845,0.108297,9.150135,9.150135,0,0,0.47028,0.10829,10.863371,10.863371,0,0,0.471887,0.108267,14.156844,14.156844,0,0,0.460911
1702,29-May-99,24:00:00,205.842546,0.075487,8.617273,8.617273,0,0,0.456505,0.075482,10.230737,10.230737,0,0,0.458113,0.075463,13.332413,13.332413,0,0,0.44714
1703,30-May-99,24:00:00,203.930293,0.096092,8.115441,8.115441,0,0,0.444849,0.096087,9.634945,9.634945,0,0,0.446458,0.096064,12.555994,12.555994,0,0,0.435488
1704,31-May-99,24:00:00,202.129063,0.095682,7.642835,7.642835,0,0,0.43106,0.095679,9.073849,9.073849,0,0,0.432669,0.095666,11.824789,11.824789,0,0,0.421702
1705,1-Jun-99,24:00:00,200.432718,0.041582,7.19775,7.19775,0,0,0.421139,0.041579,8.545429,8.545429,0,0,0.422749,0.041577,11.136167,11.136167,0,0,0.411782
1706,2-Jun-99,24:00:00,198.83516,0.071578,6.778586,6.778586,0,0,0.41295,0.071567,8.047782,8.047782,0,0,0.414561,0.071553,10.487646,10.487646,0,0,0.403596
1707,3-Jun-99,24:00:00,200.477793,0.056715,6.383832,6.383832,0,0,0.403914,0.056712,7.579115,7.579115,0,0,0.405526,0.056703,9.876893,9.876893,0,0,0.394562
1708,4-Jun-99,24:00:00,206.415221,0.086987,6.012066,6.012066,0,0,0.393824,0.086983,7.137742,7.137742,0,0,0.395437,0.086962,9.301707,9.301707,0,0,0.384475
1709,5-Jun-99,24:00:00,209.260652,0.102814,5.66195,5.66195,0,0,0.380223,0.102809,6.722072,6.722072,0,0,0.381837,0.102789,8.760018,8.760018,0,0,0.370878
1710,6-Jun-99,24:00:00,208.215198,0.105141,5.332224,5.332224,0,0,0.365501,0.105133,6.330609,6.330609,0,0,0.367115,0.105123,8.249874,8.249874,0,0,0.356159
1711,7-Jun-99,24:00:00,207.044274,0.08926,5.021699,5.021699,0,0,0.351292,0.089255,5.961942,5.961942,0,0,0.352907,0.089238,7.769438,7.769438,0,0,0.341953
1712,8-Jun-99,24:00:00,205.935427,0.099061,4.729258,4.729258,0,0,0.338039,0.099057,5.614746,5.614746,0,0,0.339654,0.099039,7.316981,7.316981,0,0,0.328702
1713,9-Jun-99,24:00:00,206.484063,0.083736,4.453847,4.453847,0,0,0.325156,0.083731,5.287768,5.287768,0,0,0.326772,0.083722,6.890873,6.890873,0,0,0.315822
1714,10-Jun-99,24:00:00,184.5373,0.103632,4.194475,4.194475,0,0,0.311663,0.103623,4.979832,4.979832,0,0,0.31328,0.103607,6.48958,6.48958,0,0,0.302332
1715,11-Jun-99,24:00:00,186.947431,0.106755,3.950208,3.950208,0,0,0.296624,0.106754,4.689829,4.689829,0,0,0.298242,0.10674,6.111656,6.111656,0,0,0.287296
1716,12-Jun-99,24:00:00,213.000226,0.098306,3.720166,3.720166,0,0,0.282041,0.098312,4.416715,4.416715,0,0,0.283658,0.098292,5.755741,5.755741,0,0,0.272715
1717,13-Jun-99,24:00:00,212.259305,0.107295,3.50352,3.50352,0,0,0.267286,0.107291,4.159505,4.159505,0,0,0.268903,0.107275,5.420552,5.420552,0,0,0.257962
1718,14-Jun-99,24:00:00,211.477983,0.103632,3.299491,3.299491,0,0,0.251944,0.103624,3.917274,3.917274,0,0,0.253562,0.103608,5.104884,5.104884,0,0,0.242624
1719,15-Jun-99,24:00:00,210.751247,0.088951,3.107343,3.107343,0,0,0.238491,0.088951,3.68915,3.68915,0,0,0.240109,0.08893,4.807598,4.807598,0,0,0.229174
1720,16-Jun-99,24:00:00,210.066907,0.112319,2.926386,2.926386,0,0,0.224219,0.112308,3.474311,3.474311,0,0,0.225838,0.112285,4.527625,4.527625,0,0,0.214905
1721,17-Jun-99,24:00:00,208.178424,0.113964,2.755966,2.755966,0,0,0.207808,0.113955,3.271982,3.271982,0,0,0.209429,0.113939,4.263957,4.263957,0,0,0.198499
1722,18-Jun-99,24:00:00,205.663476,0.082808,2.595471,2.595471,0,0,0.193866,0.082806,3.081437,3.081437,0,0,0.195487,0.082793,4.015643,4.015643,0,0,0.18456
1723,19-Jun-99,24:00:00,204.305535,0.110694,2.444322,2.444322,0,0,0.180205,0.110693,2.901988,2.901988,0,0,0.181827,0.110677,3.78179,3.78179,0,0,0.170902
1724,20-Jun-99,24:00:00,203.200261,0.103545,2.301976,2.301976,0,0,0.1651,0.103542,2.732989,2.732989,0,0,0.166722,0.10353,3.561556,3.561556,0,0,0.155798
1725,21-Jun-99,24:00:00,202.777537,0.114492,2.167919,2.167919,0,0,0.148465,0.114487,2.573832,2.573832,0,0,0.150088,0.114461,3.354147,3.354147,0,0,0.139167
1726,22-Jun-99,24:00:00,208.122322,0.126918,2.04167,2.04167,0,0,0.13196,0.126913,2.423944,2.423944,0,0,0.133583,0.126901,3.158816,3.158816,0,0,0.122665
1727,23-Jun-99,24:00:00,216.186994,0.12819,1.922772,1.922772,0,0,0.113853,0.128188,2.282784,2.282784,0,0,0.115477,0.128174,2.974861,2.974861,0,0,0.104561
1728,24-Jun-99,24:00:00,220.043461,0.092171,1.810798,1.810798,0,0,0.097919,0.092167,2.149845,2.149845,0,0,0.099543,0.092157,2.801619,2.801619,0,0,0.088628
1729,25-Jun-99,24:00:00,220.43685,0.114023,1.705346,1.705346,0,0,0.083335,0.11402,2.024648,2.024648,0,0,0.08496,0.114009,2.638465,2.638465,0,0,0.074047
1730,26-Jun-99,24:00:00,220.07356,0.117012,1.606034,1.606034,0,0,0.066763,0.117009,1.906741,1.906741,0,0,0.068388,0.116997,2.484813,2.484813,0,0,0.057476
1731,27-Jun-99,24:00:00,219.719943,0.123184,1.512506,1.512506,0,0,0.049706,0.123181,1.795701,1.795701,0,0,0.051332,0.123165,2.340108,2.340108,0,0,0.040422
1732,28-Jun-99,24:00:00,228.716814,0.122484,1.424424,1.424424,0,0,0.032138,0.12248,1.691128,1.691128,0,0,0.033764,0.122461,2.203831,2.203831,0,0,0.022858
1733,29-Jun-99,24:00:00,241.446873,0.133291,1.341472,1.341472,0,0,0.013869,0.133288,1.592644,1.592644,0,0,0.015496,0.133274,2.07549,2.07549,0,0,0.006289
1734,30-Jun-99,24:00:00,246.326877,0.146464,1.263351,1.263351,0,0,0.001307,0.14646,1.499896,1.499896,0,0,0.001991,0.146441,1.954623,1.954623,0,0,0
1735,1-Jul-99,24:00:00,244.004953,0.141331,1.189779,1.189779,0,0,0,0.141327,1.412549,1.412549,0,0,0,0.14131,1.840794,1.840794,0,0,0
1736,2-Jul-99,24:00:00,242.261458,0.128553,1.120492,1.120492,0,0,0,0.12855,1.330288,1.330288,0,0,0,0.128534,1.733595,1.733595,0,0,0
1737,3-Jul-99,24:00:00,241.990835,0.099625,1.055239,1.055239,0,0,0,0.09962,1.252818,1.252818,0,0,0,0.099603,1.632638,1.632638,0,0,0
1738,4-Jul-99,24:00:00,243.624266,0.109083,0.993787,0.993787,0,0,0,0.109079,1.17986,1.17986,0,0,0,0.109061,1.53756,1.53756,0,0,0
1739,5-Jul-99,24:00:00,245.143355,0.123537,0.935913,0.935913,0,0,0,0.12353,1.11115,1.11115,0,0,0,0.123516,1.44802,1.44802,0,0,0
1740,6-Jul-99,24:00:00,245.327145,0.11985,0.88141,0.88141,0,0,0,0.119848,1.046442,1.046442,0,0,0,0.119836,1.363694,1.363694,0,0,0
1741,7-Jul-99,24:00:00,238.919146,0.114335,0.830081,0.830081,0,0,0,0.114331,0.985502,0.985502,0,0,0,0.114318,1.284278,1.284278,0,0,0
1742,8-Jul-99,24:00:00,232.528527,0.124692,0.78174,0.78174,0,0,0,0.124688,0.92811,0.92811,0,0,0,0.124674,1.209488,1.209488,0,0,0
1743,9-Jul-99,24:00:00,232.052673,0.117246,0.736215,0.736215,0,0,0,0.117243,0.874061,0.874061,0,0,0,0.11723,1.139053,1.139053,0,0,0
1744,10-Jul-99,24:00:00,232.610193,0.132476,0.693341,0.693341,0,0,0,0.132471,0.82316,0.82316,0,0,0,0.132455,1.072719,1.072719,0,0,0
1745,11-Jul-99,24:00:00,238.067261,0.128796,0.652964,0.652964,0,0,0,0.128791,0.775223,0.775223,0,0,0,0.128775,1.010249,1.010249,0,0,0
1746,12-Jul-99,24:00:00,248.11339,0.129132,0.614939,0.614939,0,0,0,0.129129,0.730077,0.730077,0,0,0,0.129114,0.951417,0.951417,0,0,0
1747,13-Jul-99,24:00:00,252.123572,0.121116,0.579127,0.579127,0,0,0,0.121109,0.687561,0.687561,0,0,0,0.121081,0.89601,0.89601,0,0,0
1748,14-Jul-99,24:00:00,267.612077,0.123122,0.545402,0.545402,0,0,0,0.123116,0.64752,0.64752,0,0,0,0.1231,0.843831,0.843831,0,0,0
1749,15-Jul-99,24:00:00,296.696006,0.11071,0.51364,0.51364,0,0,0,0.110706,0.609812,0.609812,0,0,0,0.110689,0.79469,0.79469,0,0,0
1750,16-Jul-99,24:00:00,308.635787,0.11177,0.483728,0.483728,0,0,0,0.111767,0.574299,0.574299,0,0,0,0.111757,0.748411,0.748411,0,0,0
1751,17-Jul-99,24:00:00,308.721471,0.101998,0.455558,0.455558,0,0,0,0.101992,0.540855,0.540855,0,0,0,0.101978,0.704827,0.704827,0,0,0
1752,18-Jul-99,24:00:00,308.622476,0.107686,0.429028,0.429028,0,0,0,0.107678,0.509358,0.509358,0,0,0,0.107653,0.663781,0.663781,0,0,0
1753,19-Jul-99,24:00:00,308.527998,0.084794,0.404043,0.404043,0,0,0,0.084795,0.479695,0.479695,0,0,0,0.08478,0.625125,0.625125,0,0,0
1754,20-Jul-99,24:00:00,308.439014,0.085847,0.380514,0.380514,0,0,0,0.08584,0.45176,0.45176,0,0,0,0.085821,0.588721,0.588721,0,0,0
1755,21-Jul-99,24:00:00,308.355212,0.085893,0.358354,0.358354,0,0,0,0.085887,0.425451,0.425451,0,0,0,0.085877,0.554436,0.554436,0,0,0
1756,22-Jul-99,24:00:00,308.276291,0.108324,0.337485,0.337485,0,0,0,0.108315,0.400675,0.400675,0,0,0,0.108281,0.522148,0.522148,0,0,0
1757,23-Jul-99,24:00:00,308.201966,0.089463,0.317832,0.317832,0,0,0,0.08946,0.377341,0.377341,0,0,0,0.089436,0.491741,0.491741,0,0,0
1758,24-Jul-99,24:00:00,308.131968,0.091101,0.299323,0.299323,0,0,0,0.091097,0.355367,0.355367,0,0,0,0.091068,0.463104,0.463104,0,0,0
1759,25-Jul-99,24:00:00,308.066048,0.11311,0.281891,0.281891,0,0,0,0.113105,0.334672,0.334672,0,0,0,0.11309,0.436135,0.436135,0,0,0
1760,26-Jul-99,24:00:00,308.003966,0.108821,0.265475,0.265475,0,0,0,0.10881,0.315182,0.315182,0,0,0,0.10878,0.410736,0.410736,0,0,0
1761,27-Jul-99,24:00:00,307.945499,0.089368,0.250015,0.250015,0,0,0,0.089358,0.296827,0.296827,0,0,0,0.089333,0.386817,0.386817,0,0,0
1762,28-Jul-99,24:00:00,307.890438,0.091525,0.235456,0.235456,0,0,0,0.091523,0.279541,0.279541,0,0,0,0.091526,0.36429,0.36429,0,0,0
1763,29-Jul-99,24:00:00,307.838583,0.088829,0.221744,0.221744,0,0,0,0.08883,0.263262,0.263262,0,0,0,0.088842,0.343076,0.343076,0,0,0
1764,30-Jul-99,24:00:00,305.923753,0.108838,0.20883,0.20883,0,0,0,0.108839,0.247931,0.247931,0,0,0,0.108842,0.323097,0.323097,0,0,0
1765,31-Jul-99,24:00:00,304.139806,0.118936,0.196669,0.196669,0,0,0,0.118937,0.233492,0.233492,0,0,0,0.118938,0.304281,0.304281,0,0,0
1766,1-Aug-99,24:00:00,303.706584,0.1047,0.185216,0.185216,0,0,0,0.104691,0.219895,0.219895,0,0,0,0.104666,0.286561,0.286561,0,0,0
1767,2-Aug-99,24:00:00,303.659695,0.107457,0.17443,0.17443,0,0,0,0.107442,0.207089,0.207089,0,0,0,0.107411,0.269873,0.269873,0,0,0
1768,3-Aug-99,24:00:00,303.621238,0.108246,0.164272,0.164272,0,0,0,0.108238,0.195029,0.195029,0,0,0,0.10822,0.254157,0.254157,0,0,0
1769,4-Aug-99,24:00:00,303.585059,0.108784,0.154705,0.154705,0,0,0,0.10878,0.183672,0.183672,0,0,0,0.108769,0.239356,0.239356,0,0,0
1770,5-Aug-99,24:00:00,303.550988,0.048856,0.145696,0.145696,0,0,0,0.048852,0.172975,0.172975,0,0,0,0.048841,0.225417,0.225417,0,0,0
1771,6-Aug-99,24:00:00,303.518901,0.066165,0.137211,0.137211,0,0,0,0.066157,0.162902,0.162902,0,0,0,0.066135,0.21229,0.21229,0,0,0
1772,7-Aug-99,24:00:00,303.488682,0.068448,0.129221,0.129221,0,0,0,0.068438,0.153415,0.153415,0,0,0,0.068422,0.199927,0.199927,0,0,0
1773,8-Aug-99,24:00:00,303.460224,0.080263,0.121695,0.121695,0,0,0,0.080254,0.144481,0.144481,0,0,0,0.080231,0.188284,0.188284,0,0,0
1774,9-Aug-99,24:00:00,303.433422,0.093847,0.114608,0.114608,0,0,0,0.093834,0.136067,0.136067,0,0,0,0.093799,0.177319,0.177319,0,0,0
1775,10-Aug-99,24:00:00,303.408182,0.067543,0.107934,0.107934,0,0,0,0.067534,0.128143,0.128143,0,0,0,0.067511,0.166993,0.166993,0,0,0
1776,11-Aug-99,24:00:00,303.384411,0.070321,0.101649,0.101649,0,0,0,0.070308,0.120681,0.120681,0,0,0,0.070282,0.157268,0.157268,0,0,0
1777,12-Aug-99,24:00:00,303.362025,0.079218,0.095729,0.095729,0,0,0,0.079204,0.113653,0.113653,0,0,0,0.079183,0.148109,0.148109,0,0,0
1778,13-Aug-99,24:00:00,303.340942,0.083369,0.090154,0.090154,0,0,0,0.083366,0.107034,0.107034,0,0,0,0.083365,0.139484,0.139484,0,0,0
1779,14-Aug-99,24:00:00,303.321087,0.096403,0.084904,0.084904,0,0,0,0.096395,0.100801,0.100801,0,0,0,0.096377,0.131361,0.131361,0,0,0
1780,15-Aug-99,24:00:00,303.302389,0.095582,0.07996,0.07996,0,0,0,0.095568,0.094931,0.094931,0,0,0,0.095544,0.123711,0.123711,0,0,0
1781,16-Aug-99,24:00:00,303.284779,0.111546,0.075303,0.075303,0,0,0,0.11154,0.089403,0.089403,0,0,0,0.111536,0.116507,0.116507,0,0,0
1782,17-Aug-99,24:00:00,300.780202,0.102838,0.070918,0.070918,0,0,0,0.102834,0.084196,0.084196,0,0,0,0.102812,0.109722,0.109722,0,0,0
1783,18-Aug-99,24:00:00,298.654642,0.094709,0.066788,0.066788,0,0,0,0.094708,0.079293,0.079293,0,0,0,0.094703,0.103332,0.103332,0,0,0
1784,19-Aug-99,24:00:00,300.110045,0.108239,0.062898,0.062898,0,0,0,0.108229,0.074675,0.074675,0,0,0,0.108208,0.097315,0.097315,0,0,0
1785,20-Aug-99,24:00:00,302.450006,0.102791,0.059236,0.059236,0,0,0,0.102776,0.070327,0.070327,0,0,0,0.102744,0.091648,0.091648,0,0,0
1786,21-Aug-99,24:00:00,303.198812,0.100161,0.055786,0.055786,0,0,0,0.100142,0.066231,0.066231,0,0,0,0.100099,0.08631,0.08631,0,0,0
1787,22-Aug-99,24:00:00,300.710606,0.105613,0.052537,0.052537,0,0,0,0.105596,0.062374,0.062374,0,0,0,0.105558,0.081284,0.081284,0,0,0
1788,23-Aug-99,24:00:00,298.589179,0.080461,0.049478,0.049478,0,0,0,0.080444,0.058742,0.058742,0,0,0,0.080405,0.076551,0.076551,0,0,0
1789,24-Aug-99,24:00:00,298.182399,0.103887,0.046596,0.046596,0,0,0,0.103868,0.055321,0.055321,0,0,0,0.103828,0.072093,0.072093,0,0,0
1790,25-Aug-99,24:00:00,298.165997,0.104892,0.043883,0.043883,0,0,0,0.104879,0.052099,0.052099,0,0,0,0.104854,0.067894,0.067894,0,0,0
1791,26-Aug-99,24:00:00,298.15629,0.089997,0.041327,0.041327,0,0,0,0.089981,0.049065,0.049065,0,0,0,0.089945,0.06394,0.06394,0,0,0
1792,27-Aug-99,24:00:00,298.147188,0.10235,0.03892,0.03892,0,0,0,0.102326,0.046208,0.046208,0,0,0,0.102265,0.060217,0.060217,0,0,0
1793,28-Aug-99,24:00:00,305.602596,0.102418,0.036654,0.036654,0,0,0,0.102399,0.043517,0.043517,0,0,0,0.102358,0.05671,0.05671,0,0,0
1794,29-Aug-99,24:00:00,313.790341,0.106061,0.034519,0.034519,0,0,0,0.106045,0.040983,0.040983,0,0,0,0.10601,0.053407,0.053407,0,0,0
1795,30-Aug-99,24:00:00,316.086344,0.088737,0.032509,0.032509,0,0,0,0.088715,0.038596,0.038596,0,0,0,0.088668,0.050297,0.050297,0,0,0
1796,31-Aug-99,24:00:00,316.115529,0.084087,0.030616,0.030616,0,0,0,0.084068,0.036348,0.036348,0,0,0,0.084028,0.047368,0.047368,0,0,0
1797,1-Sep-99,24:00:00,316.109038,0.069749,0.028833,0.028833,0,0,0,0.069737,0.034232,0.034232,0,0,0,0.0697,0.04461,0.04461,0,0,0
1798,2-Sep-99,24:00:00,316.10269,0.091164,0.027154,0.027154,0,0,0,0.091144,0.032238,0.032238,0,0,0,0.091116,0.042012,0.042012,0,0,0
1799,3-Sep-99,24:00:00,316.09671,0.084884,0.025573,0.025573,0,0,0,0.084867,0.030361,0.030361,0,0,0,0.084835,0.039565,0.039565,0,0,0
1800,4-Sep-99,24:00:00,314.225083,0.086535,0.024083,0.024083,0,0,0,0.086519,0.028593,0.028593,0,0,0,0.086487,0.037261,0.037261,0,0,0
1801,5-Sep-99,24:00:00,312.481824,0.096988,0.022681,0.022681,0,0,0,0.096971,0.026928,0.026928,0,0,0,0.096939,0.035091,0.035091,0,0,0
1802,6-Sep-99,24:00:00,312.08692,0.090762,0.02136,0.02136,0,0,0,0.090748,0.025359,0.025359,0,0,0,0.090722,0.033048,0.033048,0,0,0
1803,7-Sep-99,24:00:00,314.56411,0.10341,0.020116,0.020116,0,0,0,0.103392,0.023883,0.023883,0,0,0,0.103358,0.031123,0.031123,0,0,0
1804,8-Sep-99,24:00:00,316.04758,0.09229,0.018945,0.018945,0,0,0,0.092264,0.022492,0.022492,0,0,0,0.092216,0.029311,0.029311,0,0,0
1805,9-Sep-99,24:00:00,316.067305,0.080944,0.017841,0.017841,0,0,0,0.080918,0.021182,0.021182,0,0,0,0.080868,0.027604,0.027604,0,0,0
1806,10-Sep-99,24:00:00,316.063542,0.073562,0.016802,0.016802,0,0,0,0.073538,0.019948,0.019948,0,0,0,0.073493,0.025996,0.025996,0,0,0
1807,11-Sep-99,24:00:00,316.059842,0.078564,0.015824,0.015824,0,0,0,0.078543,0.018787,0.018787,0,0,0,0.078503,0.024482,0.024482,0,0,0
1808,12-Sep-99,24:00:00,315.434359,0.07409,0.014902,0.014902,0,0,0,0.074065,0.017693,0.017693,0,0,0,0.074016,0.023057,0.023057,0,0,0
1809,13-Sep-99,24:00:00,303.241124,0.075998,0.014035,0.014035,0,0,0,0.075994,0.016662,0.016662,0,0,0,0.075995,0.021714,0.021714,0,0,0
1810,14-Sep-99,24:00:00,273.150396,0.078279,0.013217,0.013217,0,0,0,0.078257,0.015692,0.015692,0,0,0,0.078223,0.020449,0.020449,0,0,0
1811,15-Sep-99,24:00:00,259.89246,0.080461,0.012448,0.012448,0,0,0,0.080426,0.014778,0.014778,0,0,0,0.08036,0.019258,0.019258,0,0,0
1812,16-Sep-99,24:00:00,261.905861,0.078755,0.011723,0.011723,0,0,0,0.078749,0.013918,0.013918,0,0,0,0.078736,0.018137,0.018137,0,0,0
1813,17-Sep-99,24:00:00,263.023669,0.08549,0.01104,0.01104,0,0,0,0.08549,0.013107,0.013107,0,0,0,0.08549,0.017081,0.017081,0,0,0
1814,18-Sep-99,24:00:00,263.039194,0.079884,0.010397,0.010397,0,0,0,0.07987,0.012344,0.012344,0,0,0,0.079844,0.016086,0.016086,0,0,0
1815,19-Sep-99,24:00:00,263.037029,0.059001,0.009792,0.009792,0,0,0,0.058985,0.011625,0.011625,0,0,0,0.058964,0.015149,0.015149,0,0,0
1816,20-Sep-99,24:00:00,263.034873,0.064721,0.009221,0.009221,0,0,0,0.064701,0.010948,0.010948,0,0,0,0.064666,0.014267,0.014267,0,0,0
1817,21-Sep-99,24:00:00,263.032842,0.081547,0.008684,0.008684,0,0,0,0.081526,0.01031,0.01031,0,0,0,0.081487,0.013436,0.013436,0,0,0
1818,22-Sep-99,24:00:00,254.322954,0.066405,0.008179,0.008179,0,0,0,0.066379,0.00971,0.00971,0,0,0,0.066333,0.012654,0.012654,0,0,0
1819,23-Sep-99,24:00:00,237.295386,0.07288,0.007702,0.007702,0,0,0,0.072864,0.009144,0.009144,0,0,0,0.072835,0.011917,0.011917,0,0,0
1820,24-Sep-99,24:00:00,230.142322,0.075146,0.007254,0.007254,0,0,0,0.07514,0.008612,0.008612,0,0,0,0.07513,0.011223,0.011223,0,0,0
1821,25-Sep-99,24:00:00,230.026631,0.082875,0.006831,0.006831,0,0,0,0.082875,0.00811,0.00811,0,0,0,0.082875,0.010569,0.010569,0,0,0
1822,26-Sep-99,24:00:00,230.024335,0.084513,0.006434,0.006434,0,0,0,0.084513,0.007638,0.007638,0,0,0,0.084513,0.009954,0.009954,0,0,0
1823,27-Sep-99,24:00:00,236.864894,0.079939,0.006059,0.006059,0,0,0,0.079936,0.007193,0.007193,0,0,0,0.079931,0.009374,0.009374,0,0,0
1824,28-Sep-99,24:00:00,246.553386,0.06665,0.005706,0.005706,0,0,0,0.066624,0.006774,0.006774,0,0,0,0.066578,0.008828,0.008828,0,0,0
1825,29-Sep-99,24:00:00,249.965718,0.067281,0.005374,0.005374,0,0,0,0.067272,0.00638,0.00638,0,0,0,0.067256,0.008314,0.008314,0,0,0
1826,30-Sep-99,24:00:00,250.01876,0.075705,0.005061,0.005061,0,0,0,0.075698,0.006008,0.006008,0,0,0,0.075685,0.00783,0.00783,0,0,0
1827,1-Oct-99,24:00:00,250.018022,0.069489,0.004766,0.004766,0,0,0,0.069472,0.005658,0.005658,0,0,0,0.069442,0.007374,0.007374,0,0,0
1828,2-Oct-99,24:00:00,250.016974,0.065278,0.004489,0.004489,0,0,0,0.065273,0.005329,0.005329,0,0,0,0.065264,0.006944,0.006944,0,0,0
1829,3-Oct-99,24:00:00,250.015986,0.059275,0.004227,0.004227,0,0,0,0.059262,0.005019,0.005019,0,0,0,0.059261,0.00654,0.00654,0,0,0
1830,4-Oct-99,24:00:00,250.015055,0.057023,0.003981,0.003981,0,0,0,0.057007,0.004726,0.004726,0,0,0,0.056994,0.006159,0.006159,0,0,0
1831,5-Oct-99,24:00:00,248.770182,0.049528,0.003749,0.003749,0,0,0,0.049503,0.004451,0.004451,0,0,0,0.04946,0.005801,0.005801,0,0,0
1832,6-Oct-99,24:00:00,246.781388,0.049266,0.003531,0.003531,0,0,0,0.049239,0.004192,0.004192,0,0,0,0.049193,0.005463,0.005463,0,0,0
1833,7-Oct-99,24:00:00,244.780694,0.056176,0.003325,0.003325,0,0,0,0.056146,0.003948,0.003948,0,0,0,0.056096,0.005145,0.005145,0,0,0
1834,8-Oct-99,24:00:00,242.779962,0.067094,0.003132,0.003132,0,0,0,0.067065,0.003718,0.003718,0,0,0,0.067016,0.004845,0.004845,0,0,0
1835,9-Oct-99,24:00:00,242.023269,0.065961,0.002949,0.002949,0,0,0,0.065933,0.003501,0.003501,0,0,0,0.065887,0.004563,0.004563,0,0,0
1836,10-Oct-99,24:00:00,242.010588,0.068224,0.002777,0.002777,0,0,0,0.068189,0.003297,0.003297,0,0,0,0.068129,0.004297,0.004297,0,0,0
1837,11-Oct-99,24:00:00,242.009892,0.068061,0.002616,0.002616,0,0,0,0.068055,0.003105,0.003105,0,0,0,0.068045,0.004047,0.004047,0,0,0
1838,12-Oct-99,24:00:00,242.009316,0.058554,0.002463,0.002463,0,0,0,0.058531,0.002925,0.002925,0,0,0,0.058495,0.003811,0.003811,0,0,0
1839,13-Oct-99,24:00:00,242.008773,0.056244,0.00232,0.00232,0,0,0,0.056217,0.002754,0.002754,0,0,0,0.056173,0.003589,0.003589,0,0,0
1840,14-Oct-99,24:00:00,242.008262,0.055508,0.002185,0.002185,0,0,0,0.055482,0.002594,0.002594,0,0,0,0.055438,0.00338,0.00338,0,0,0
1841,15-Oct-99,24:00:00,242.007781,0.043889,0.002058,0.002058,0,0,0,0.043848,0.002443,0.002443,0,0,0,0.043779,0.003183,0.003183,0,0,0
1842,16-Oct-99,24:00:00,242.007328,0.059243,0.001938,0.001938,0,0,0,0.059235,0.002301,0.002301,0,0,0,0.059223,0.002998,0.002998,0,0,0
1843,17-Oct-99,24:00:00,242.006901,0.052055,0.001825,0.001825,0,0,0,0.052028,0.002167,0.002167,0,0,0,0.051983,0.002823,0.002823,0,0,0
1844,18-Oct-99,24:00:00,241.384501,0.050194,0.001719,0.001719,0,0,0,0.05019,0.00204,0.00204,0,0,0,0.050182,0.002659,0.002659,0,0,0
1845,19-Oct-99,24:00:00,239.146142,0.052958,0.001619,0.001619,0,0,0,0.052958,0.001922,0.001922,0,0,0,0.052958,0.002504,0.002504,0,0,0
1846,20-Oct-99,24:00:00,234.913863,0.044791,0.001524,0.001524,0,0,0,0.044791,0.00181,0.00181,0,0,0,0.044791,0.002358,0.002358,0,0,0
1847,21-Oct-99,24:00:00,231.16964,0.02476,0.001436,0.001436,0,0,0,0.024738,0.001704,0.001704,0,0,0,0.024703,0.002221,0.002221,0,0,0
1848,22-Oct-99,24:00:00,230.02337,0.030082,0.001352,0.001352,0,0,0,0.030055,0.001605,0.001605,0,0,0,0.030009,0.002092,0.002092,0,0,0
1849,23-Oct-99,24:00:00,230.004941,0.043786,0.001273,0.001273,0,0,0,0.043779,0.001512,0.001512,0,0,0,0.043767,0.00197,0.00197,0,0,0
1850,24-Oct-99,24:00:00,230.004535,0.042555,0.001199,0.001199,0,0,0,0.042554,0.001424,0.001424,0,0,0,0.042553,0.001855,0.001855,0,0,0
1851,25-Oct-99,24:00:00,228.760274,0.045418,0.001129,0.001129,0,0,0,0.045417,0.001341,0.001341,0,0,0,0.045416,0.001747,0.001747,0,0,0
1852,26-Oct-99,24:00:00,226.772057,0.036139,0.001063,0.001063,0,0,0,0.036118,0.001263,0.001263,0,0,0,0.036083,0.001645,0.001645,0,0,0
1853,27-Oct-99,24:00:00,240.300129,0.010113,1.300162,0.001002,0.978032,0,0.036769,0.010102,25.329619,0.001189,1.033147,0,0.038921,0.010086,37.632282,0.00155,1.268683,0,0.050832
1854,28-Oct-99,24:00:00,357.995516,0.036592,4.434684,0.000943,0.06538,0,0.148304,0.036567,65.420853,0.00112,0.05972,0,0.15543,0.036526,23.618253,0.001459,0.054135,0,0.188336
1855,29-Oct-99,24:00:00,230.039349,0.036134,0.342714,0.000888,0,0,0.149059,0.036129,3.345788,0.001055,0,0,0.156124,0.03612,0.001374,0.001374,0,0,0.188974
1856,30-Oct-99,24:00:00,218.182846,0.038765,0.002826,0.000837,0,0,0.148413,0.038746,0.003987,0.000993,0,0,0.155481,0.038745,0.001294,0.001294,0,0,0.188335
1857,31-Oct-99,24:00:00,216.759831,0.036845,0.000788,0.000788,0,0,0.144711,0.036821,0.000935,0.000935,0,0,0.151784,0.036791,0.001219,0.001219,0,0,0.184643
1858,1-Nov-99,24:00:00,217.258838,0.035078,0.000742,0.000742,0,0,0.139597,0.035052,0.000881,0.000881,0,0,0.146674,0.035009,0.001148,0.001148,0,0,0.179539
1859,2-Nov-99,24:00:00,216.124699,0.04098,0.000699,0.000699,0,0,0.136448,0.040947,0.00083,0.00083,0,0,0.143528,0.040894,0.001081,0.001081,0,0,0.176113
1860,3-Nov-99,24:00:00,214.398456,0.030866,0.000658,0.000658,0,0,0.136035,0.030845,0.000781,0.000781,0,0,0.142797,0.030811,0.001018,0.001018,0,0,0.172954
1861,4-Nov-99,24:00:00,212.764488,0.041888,0.00062,0.00062,0,0,0.136035,0.041857,0.000736,0.000736,0,0,0.139361,0.041807,0.000959,0.000959,0,0,0.167786
1862,5-Nov-99,24:00:00,211.392284,0.03521,0.000584,0.000584,0,0,0.136035,0.03518,0.000693,0.000693,0,0,0.133802,0.035133,0.000903,0.000903,0,0,0.162233
1863,6-Nov-99,24:00:00,210.38618,0.035748,0.00055,0.00055,0,0,0.135342,0.035707,0.000653,0.000653,0,0,0.128834,0.035641,0.00085,0.00085,0,0,0.157273
1864,7-Nov-99,24:00:00,222.691534,0.019626,1.475994,0.000518,1.004055,0,0.170487,0.019609,22.331226,0.000615,0.906988,0,0.15747,0.019581,17.456317,0.000801,0.769199,0,0.178152
1865,8-Nov-99,24:00:00,309.042115,0.025886,4.271337,0.000487,0.04101,0,0.280971,0.025871,55.564223,0.000579,0.032615,0,0.258128,0.025831,19.15497,0.000754,0.021495,0,0.265338
1866,9-Nov-99,24:00:00,217.7517,0.022067,0.337674,0.000459,0,0,0.281093,0.022053,3.006276,0.000545,0,0,0.258226,0.022029,0.00071,0.00071,0,0,0.265401
1867,10-Nov-99,24:00:00,302.069168,0.012007,4.245998,0.000432,1.181959,0,0.376931,0.012001,76.41993,0.000513,1.301705,0,0.364834,0.011992,65.744545,0.000669,1.542174,0,0.390396
1868,11-Nov-99,24:00:00,298.712693,0.03035,2.489218,0.000407,0,0,0.449944,0.030331,34.360001,0.000483,0,0,0.444183,0.030301,5.660615,0.00063,0,0,0.485712
1869,12-Nov-99,24:00:00,212.698083,0.019498,0.152409,0.000383,0,0,0.449944,0.019477,1.298432,0.000455,0,0,0.444183,0.019445,0.000593,0.000593,0,0,0.485712
1870,13-Nov-99,24:00:00,208.146789,0.028689,0.000361,0.000361,0,0,0.449944,0.028665,0.000429,0.000429,0,0,0.444183,0.028628,0.000559,0.000559,0,0,0.485712
1871,14-Nov-99,24:00:00,206.398992,0.02059,0.000878,0.00034,0.027185,0,0.450022,0.020566,0.009652,0.000404,0.02831,0,0.444257,0.020528,0.00394,0.000526,0.010687,0,0.485721
1872,15-Nov-99,24:00:00,231.161353,0.020565,1.792092,0.00032,0.335836,0,0.495286,0.020541,22.673103,0.00038,0.268118,0,0.481353,0.020504,10.303095,0.000496,0.212022,0,0.513523
1873,16-Nov-99,24:00:00,255.083069,0.009092,3.231729,0.000302,0.820698,0,0.564301,0.009083,55.926453,0.000358,0.907409,0,0.556253,0.009068,40.807303,0.000467,0.923293,0,0.588176
1874,17-Nov-99,24:00:00,243.385265,0.017156,1.763681,0.000284,0,0,0.618914,0.017138,24.13276,0.000337,0,0,0.61604,0.017111,1.948382,0.00044,0,0,0.649338
1875,18-Nov-99,24:00:00,166.703609,0.023593,0.106986,0.000268,0,0,0.618914,0.023563,0.910386,0.000318,0,0,0.61604,0.02352,0.000414,0.000414,0,0,0.649338
1876,19-Nov-99,24:00:00,203.514607,0.013161,3.705801,0.000252,0.938737,0,0.700707,0.013145,55.413524,0.000299,0.902011,0,0.691697,0.01312,38.940239,0.00039,0.881215,0,0.722122
1877,20-Nov-99,24:00:00,214.892255,0.023712,1.775518,0.000237,0.021755,0,0.755933,0.023681,25.98502,0.000282,0.058048,0,0.752498,0.023633,4.876173,0.000367,0.065111,0,0.783689
1878,21-Nov-99,24:00:00,154.469622,0.030665,0.112664,0.000223,0,0,0.756127,0.030626,1.260376,0.000265,0,0,0.753191,0.030565,0.000346,0.000346,0,0,0.784528
1879,22-Nov-99,24:00:00,152.735347,0.023958,0.000741,0.00021,0,0,0.756127,0.02394,0.003329,0.00025,0,0,0.753191,0.023913,0.000326,0.000326,0,0,0.784528
1880,23-Nov-99,24:00:00,168.284777,0.016873,0.000198,0.000198,0,0,0.756127,0.016847,0.000235,0.000235,0,0,0.753191,0.016807,0.000307,0.000307,0,0,0.784528
1881,24-Nov-99,24:00:00,178.926465,0.013909,0.000187,0.000187,0,0,0.755555,0.013886,0.000222,0.000222,0,0,0.752636,0.01385,0.000289,0.000289,0,0,0.783987
1882,25-Nov-99,24:00:00,179.94332,0.023377,0.000176,0.000176,0,0,0.753236,0.023346,0.000209,0.000209,0,0,0.750334,0.023299,0.000272,0.000272,0,0,0.781704
1883,26-Nov-99,24:00:00,180.447635,0.01854,0.000166,0.000166,0,0,0.750204,0.018517,0.000197,0.000197,0,0,0.747306,0.018482,0.000256,0.000256,0,0,0.778682
1884,27-Nov-99,24:00:00,181.847875,0.0211,0.000156,0.000156,0,0,0.747388,0.021075,0.000185,0.000185,0,0,0.744493,0.021036,0.000241,0.000241,0,0,0.775874
1885,28-Nov-99,24:00:00,181.994989,0.019352,0.000147,0.000147,0,0,0.744584,0.019325,0.000174,0.000174,0,0,0.741693,0.019285,0.000227,0.000227,0,0,0.773079
1886,29-Nov-99,24:00:00,184.350523,0.014406,0.637553,0.000138,0.859364,0,0.765107,0.014386,9.919666,0.000164,0.789432,0,0.759067,0.014354,10.208824,0.000214,0.726031,0,0.787407
1887,30-Nov-99,24:00:00,283.137745,0.013562,4.815926,0.00013,0.43257,0,0.884146,0.013547,69.431276,0.000155,0.479837,0,0.872494,0.013522,38.908878,0.000201,0.572633,0,0.895556
1888,1-Dec-99,24:00:00,248.070938,0.016412,1.952786,0.000123,0,0,0.925951,0.016389,28.696812,0.000146,0,0,0.919707,0.016352,11.012089,0.00019,0,0,0.955216
1889,2-Dec-99,24:00:00,198.750023,0.023045,0.324781,0.000116,0.046376,0,0.930683,0.023018,8.331486,0.000137,0.100348,0,0.930062,0.022981,6.853154,0.000179,0.148863,0,0.970624
1890,3-Dec-99,24:00:00,191.113161,0.020508,0.060588,0.000109,0,0,0.932576,0.020474,1.505505,0.000129,0,0,0.934043,0.020424,0.039655,0.000168,0,0,0.976482
1891,4-Dec-99,24:00:00,185.931325,0.018203,0.003253,0.000102,0,0,0.932576,0.018168,0.040266,0.000122,0,0,0.934043,0.018113,0.000158,0.000158,0,0,0.976482
1892,5-Dec-99,24:00:00,187.319434,0.012941,0.000096,0.000096,0,0,0.932576,0.012923,0.000115,0.000115,0,0,0.934043,0.012895,0.000149,0.000149,0,0,0.976482
1893,6-Dec-99,24:00:00,187.941189,0.011201,0.000091,0.000091,0,0,0.932576,0.011184,0.000108,0.000108,0,0,0.934043,0.011159,0.000141,0.000141,0,0,0.976482
1894,7-Dec-99,24:00:00,187.997206,0.01983,0.000086,0.000086,0,0,0.932266,0.019802,0.000102,0.000102,0,0,0.933743,0.01976,0.000132,0.000132,0,0,0.976196
1895,8-Dec-99,24:00:00,189.348948,0.013271,0.000081,0.000081,0,0,0.931007,0.013246,0.000096,0.000096,0,0,0.932498,0.013213,0.000125,0.000125,0,0,0.974972
1896,9-Dec-99,24:00:00,406.837132,0.009908,1.165618,0.000076,0.241275,0,0.958548,0.009889,24.765638,0.00009,0.329234,0,0.970785,0.009859,289.997723,271.030287,0.410178,0.226217,0.99776
1897,10-Dec-99,24:00:00,314.045995,0.017456,0.229549,0.000071,0,0,0.964217,0.017427,3.523789,0.000085,0,0,0.978275,0.017383,29.195241,29.171104,0,0,1
1898,11-Dec-99,24:00:00,209.303222,0.020211,0.010204,0.000067,0,0,0.964217,0.020181,0.057939,0.00008,0,0,0.978275,0.020135,14.279134,14.279134,0,0,1
1899,12-Dec-99,24:00:00,207.978671,0.011115,0.000063,0.000063,0,0,0.964217,0.01108,0.000075,0.000075,0,0,0.978275,0.011043,13.429257,13.429257,0,0,1
1900,13-Dec-99,24:00:00,207.915519,0.021485,0.00006,0.00006,0,0,0.964217,0.021451,0.000071,0.000071,0,0,0.978275,0.0214,12.647184,12.647184,0,0,1
1901,14-Dec-99,24:00:00,207.174591,0.01697,0.000056,0.000056,0,0,0.964217,0.016937,0.000067,0.000067,0,0,0.978275,0.016887,11.910669,11.910669,0,0,1
1902,15-Dec-99,24:00:00,220.771636,0.016722,0.000053,0.000053,0,0,0.963421,0.016696,0.000063,0.000063,0,0,0.977494,0.016653,11.217046,11.217046,0,0,0.99924
1903,16-Dec-99,24:00:00,247.941543,0.019944,0.00005,0.00005,0,0,0.961056,0.019913,0.000059,0.000059,0,0,0.975146,0.019865,10.563815,10.563815,0,0,0.996916
1904,17-Dec-99,24:00:00,254.627695,0.016638,0.000047,0.000047,0,0,0.958469,0.016605,0.000056,0.000056,0,0,0.972563,0.016555,9.948626,9.948626,0,0,0.99434
1905,18-Dec-99,24:00:00,251.61775,0.019719,0.000044,0.000044,0,0,0.955837,0.019694,0.000053,0.000053,0,0,0.969935,0.019655,9.369263,9.369263,0,0,0.991718
1906,19-Dec-99,24:00:00,251.019504,0.021577,0.000042,0.000042,0,0,0.952896,0.02154,0.000049,0.000049,0,0,0.966998,0.021483,8.823639,8.823639,0,0,0.988789
1907,20-Dec-99,24:00:00,250.493982,0.022985,0.000039,0.000039,0,0,0.949724,0.022943,0.000047,0.000047,0,0,0.963832,0.022881,8.30979,8.30979,0,0,0.985631
1908,21-Dec-99,24:00:00,249.999329,0.019042,0.000037,0.000037,0,0,0.946729,0.019007,0.000044,0.000044,0,0,0.960843,0.018954,7.825866,7.825866,0,0,0.98265
1909,22-Dec-99,24:00:00,243.9355,0.024885,0.000035,0.000035,0,0,0.943619,0.024847,0.000041,0.000041,0,0,0.957738,0.024789,7.370122,7.370122,0,0,0.979552
1910,23-Dec-99,24:00:00,233.306932,0.015567,0.000033,0.000033,0,0,0.940671,0.015537,0.000039,0.000039,0,0,0.954795,0.015491,6.94092,6.94092,0,0,0.976618
1911,24-Dec-99,24:00:00,228.748154,0.020017,0.000031,0.000031,0,0,0.938136,0.019974,0.000037,0.000037,0,0,0.952265,0.019908,6.536712,6.536712,0,0,0.974095
1912,25-Dec-99,24:00:00,228.292956,0.020473,0.000029,0.000029,0,0,0.935244,0.020439,0.000034,0.000034,0,0,0.949378,0.020387,6.156043,6.156043,0,0,0.971217
1913,26-Dec-99,24:00:00,227.926051,0.018825,0.000027,0.000027,0,0,0.932428,0.018792,0.000032,0.000032,0,0,0.946567,0.01874,5.797543,5.797543,0,0,0.968414
1914,27-Dec-99,24:00:00,227.580942,0.025082,0.000026,0.000026,0,0,0.929433,0.025039,0.000031,0.000031,0,0,0.943577,0.024974,5.45992,5.45992,0,0,0.965431
1915,28-Dec-99,24:00:00,227.255933,0.018507,0.000024,0.000024,0,0,0.926158,0.018468,0.000029,0.000029,0,0,0.940308,0.018407,5.141959,5.141959,0,0,0.962172
1916,29-Dec-99,24:00:00,226.949851,0.019269,0.000023,0.000023,0,0,0.923486,0.019231,0.000027,0.000027,0,0,0.937642,0.019172,4.842514,4.842514,0,0,0.959514
1917,30-Dec-99,24:00:00,222.307606,0.020454,0.000022,0.000022,0,0,0.92067,0.020416,0.000026,0.000026,0,0,0.934832,0.020358,4.560508,4.560508,0,0,0.956712
1918,31-Dec-99,24:00:00,216.322245,0.013402,0.00002,0.00002,0,0,0.918236,0.013374,0.000024,0.000024,0,0,0.932402,0.013332,4.294925,4.294925,0,0,0.95429
1919,1-Jan-00,24:00:00,214.164835,0.016286,0.000019,0.000019,0,0,0.916167,0.016258,0.000023,0.000023,0,0,0.930337,0.016219,4.044808,4.044808,0,0,0.952467
1920,2-Jan-00,24:00:00,213.893901,0.014226,0.000018,0.000018,0,0,0.91396,0.014202,0.000021,0.000021,0,0,0.928134,0.014164,3.809256,3.809256,0,0,0.951666
1921,3-Jan-00,24:00:00,213.271646,0.01838,0.000017,0.000017,0,0,0.911597,0.01835,0.00002,0.00002,0,0,0.925775,0.018304,5.720128,3.587422,0.049145,0,0.955031
1922,4-Jan-00,24:00:00,212.034492,0.005156,0.000016,0.000016,0,0,0.909935,0.005147,0.000019,0.000019,0,0,0.924456,0.005134,4.179048,3.378507,0.014402,0,0.960016
1923,5-Jan-00,24:00:00,209.541384,0.01711,0.000015,0.000015,0,0,0.908285,0.017082,0.000018,0.000018,0,0,0.924456,0.017039,3.190795,3.181758,0,0,0.960745
1924,6-Jan-00,24:00:00,209.066479,0.01187,0.000014,0.000014,0,0,0.90626,0.011842,0.000017,0.000017,0,0,0.923943,0.011799,2.996467,2.996467,0,0,0.960745
1925,7-Jan-00,24:00:00,208.88454,0.015588,0.000013,0.000013,0,0,0.904341,0.015568,0.000016,0.000016,0,0,0.922268,0.015536,2.821966,2.821966,0,0,0.960745
1926,8-Jan-00,24:00:00,208.716535,0.020251,0.000013,0.000013,0,0,0.901778,0.020221,0.000015,0.000015,0,0,0.919709,0.020174,2.657627,2.657627,0,0,0.960745
1927,9-Jan-00,24:00:00,208.558336,0.015935,0.000012,0.000012,0,0,0.899176,0.015913,0.000014,0.000014,0,0,0.917111,0.015882,2.502859,2.502859,0,0,0.960745
1928,10-Jan-00,24:00:00,312.157228,0.012088,0.008417,0.000011,0.095372,0,0.898835,0.012082,10.263414,0.000013,0.351207,0,0.930672,0.012076,333.320908,305.013208,0.723499,0.448711,0.983555
1929,11-Jan-00,24:00:00,1312.93,0.014178,34.753595,30.8568,0.783463,0.164297,0.977058,0.014168,251.701775,173.641135,0.855903,0.618686,0.99528,0.014153,870.643389,842.81634,0.4938,0.4938,1
1930,12-Jan-00,24:00:00,1056.14,0.007413,98.776396,97.546206,0.020626,0.020626,1,0.007402,415.725908,399.583136,0.015512,0.015512,1,0.007384,123.455519,123.228403,0,0,1
1931,13-Jan-00,24:00:00,543.550519,0.009703,108.680179,107.480233,0.480581,0.480581,1,0.009684,152.370952,145.978069,0.271867,0.271867,1,0.009654,106.623724,103.679096,0.256541,0.256541,1
1932,14-Jan-00,24:00:00,1447.74,0.008504,369.812468,366.972004,0.36071,0.36071,1,0.00849,371.289498,335.832862,0.34341,0.34341,1,0.008465,656.916998,636.520878,0.25064,0.25064,1
1933,15-Jan-00,24:00:00,1661.38,0.021558,376.931538,375.213564,0.41204,0.41204,1,0.021533,446.489593,418.763337,0.442999,0.442999,1,0.021496,843.817837,814.624129,0.812097,0.812097,1
1934,16-Jan-00,24:00:00,2379.60,0.020141,693.281448,526.753685,0.533434,0.533434,1,0.02011,736.560324,617.661154,0.471463,0.471463,1,0.020062,714.185253,696.194936,0.203909,0.203909,1
1935,17-Jan-00,24:00:00,1658.22,0.014931,478.000809,456.800026,0.116785,0.116785,1,0.014905,510.824088,485.738792,0.224286,0.224286,1,0.014865,662.633138,641.532586,0.468545,0.468545,1
1936,18-Jan-00,24:00:00,1802.34,0.016498,403.627522,400.44442,0.476517,0.476517,1,0.016475,561.89332,519.707063,0.516232,0.516232,1,0.01644,716.221501,697.040404,0.463569,0.463569,1
1937,19-Jan-00,24:00:00,1724.39,0.008158,499.085889,495.850845,0.732553,0.732553,1,0.00814,633.409986,588.374419,0.627648,0.627648,1,0.008123,519.234252,508.4637,0.17922,0.17922,1
1938,20-Jan-00,24:00:00,1603.50,0.011241,552.53173,551.12093,0,0,1,0.011225,583.797324,567.78639,0,0,1,0.011198,305.507114,302.509356,0.056032,0.056032,1
1939,21-Jan-00,24:00:00,776.901901,0.013812,260.831716,260.450629,0.110971,0.110971,1,0.013803,257.255147,252.591934,0.089483,0.089483,1,0.013788,183.06981,183.06981,0,0,1
1940,22-Jan-00,24:00:00,639.492301,0.015126,206.302356,205.969956,0.086404,0.086404,1,0.015113,219.004305,215.462891,0.05686,0.05686,1,0.015092,171.203393,171.203393,0,0,1
1941,23-Jan-00,24:00:00,868.189669,0.006798,323.513409,320.863226,0.587016,0.587016,1,0.006794,353.183773,322.741819,0.428724,0.428724,1,0.006787,275.923443,270.809603,0.117606,0.117606,1
1942,24-Jan-00,24:00:00,1500.38,0.009514,565.223775,562.506123,0.396634,0.396634,1,0.009511,546.352629,517.039268,0.306629,0.306629,1,0.009507,332.99647,327.633721,0.108815,0.108815,1
1943,25-Jan-00,24:00:00,1127.88,0.019776,452.17498,451.218759,0.025642,0.025642,1,0.019759,411.266326,401.356062,0.022146,0.022146,1,0.019731,163.606079,163.599207,0,0,1
1944,26-Jan-00,24:00:00,648.419795,0.02142,234.157129,234.085721,0,0,1,0.0214,213.420442,212.885463,0,0,1,0.021368,148.632956,148.632956,0,0,1
1945,27-Jan-00,24:00:00,493.775299,0.018282,153.40416,153.403,0,0,1,0.018258,153.893299,153.891529,0,0,1,0.018219,139.969918,139.969918,0,0,1
1946,28-Jan-00,24:00:00,492.511211,0.015627,132.682386,132.682386,0,0,1,0.015606,138.831071,138.831071,0,0,1,0.015572,131.818695,131.818695,0,0,1
1947,29-Jan-00,24:00:00,587.405703,0.027912,123.407522,123.407522,0,0,1,0.027891,130.346675,130.31011,0.000634,0.000634,1,0.027859,432.546079,417.133634,0.507621,0.507621,1
1948,30-Jan-00,24:00:00,2131.44,0.01832,374.429152,322.040032,0.901397,0.901397,1,0.018059,498.321104,434.631487,0.97927,0.97927,1,0.018024,1366.87,1322.12,0.916119,0.916119,1
1949,31-Jan-00,24:00:00,2525.28,0.005725,735.896951,718.565701,0.434546,0.434546,1,0.005688,870.812417,829.354396,0.315877,0.315877,1,0.005687,545.178781,538.093697,0.028944,0.028944,1
1950,1-Feb-00,24:00:00,1312.85,0.013584,510.265823,508.826085,0,0,1,0.013572,474.900987,468.686777,0,0,1,0.013555,199.248981,199.237446,0,0,1
1951,2-Feb-00,24:00:00,682.557699,0.031387,234.998257,234.964018,0,0,1,0.031358,215.190967,215.022551,0,0,1,0.031311,183.764875,183.764875,0,0,1
1952,3-Feb-00,24:00:00,554.659508,0.023229,172.647274,172.277864,0.149877,0.149877,1,0.023214,181.314865,176.415643,0.134873,0.134873,1,0.023192,227.265668,224.236851,0.100672,0.100672,1
1953,4-Feb-00,24:00:00,812.556259,0.020721,261.572057,260.730833,0.073087,0.073087,1,0.02071,251.26868,244.843551,0,0,1,0.020694,243.476243,241.843876,0,0,1
1954,5-Feb-00,24:00:00,1854.74,0.012712,634.623409,445.754617,1.127097,1.127097,1,0.012699,568.501583,496.936126,1.084058,1.084058,1,0.012678,1068.48,1029.80,0.853397,0.853397,1
1955,6-Feb-00,24:00:00,2463.95,0.024854,838.456918,757.368884,0,0,1,0.02483,836.233691,814.873132,0,0,1,0.024793,403.614296,402.786442,0,0,1
1956,7-Feb-00,24:00:00,986.491131,0.028207,361.660686,356.981223,0,0,1,0.028186,331.200539,330.500843,0,0,1,0.028151,196.773956,196.773956,0,0,1
1957,8-Feb-00,24:00:00,641.201391,0.025139,196.321337,196.321337,0,0,1,0.025112,192.368533,192.368533,0,0,1,0.025069,184.905352,184.905352,0,0,1
1958,9-Feb-00,24:00:00,565.782479,0.016403,160.621575,160.621575,0,0,1,0.016387,166.484659,166.484659,0,0,1,0.016376,174.136956,174.136956,0,0,1
1959,10-Feb-00,24:00:00,1151.70,0.028252,217.272313,216.31368,0.207379,0.207379,1,0.028233,240.438831,228.030637,0.173926,0.173926,1,0.028202,393.323164,384.475594,0.200346,0.200346,1
1960,11-Feb-00,24:00:00,1961.17,0.009962,378.875455,317.008371,0.999578,0.999578,1,0.009952,428.752789,347.925053,1.003375,1.003375,1,0.009937,746.282967,709.7048,0.942521,0.942521,1
1961,12-Feb-00,24:00:00,4113.44,0.014603,944.198237,814.434039,0.402112,0.402112,1,0.014589,1063.67,939.598687,0.363139,0.363139,1,0.014568,1137.25,1114.29,0.364403,0.364403,1
1962,13-Feb-00,24:00:00,4693.35,0.011741,1155.24,948.353407,1.68,1.68,1,0.011734,1347.21,1066.55,1.68,1.68,1,0.011722,2056.82,1765.46,1.68,1.68,1
1963,14-Feb-00,24:00:00,7425.19,0.021536,2149.32,1500.13,1.105129,1.105129,1,0.021534,2387.26,1731.89,1.046568,1.046568,1,0.02153,2698.24,2231.24,1.049963,1.049963,1
1964,15-Feb-00,24:00:00,4202.31,0.03055,1254.38,1164.22,0,0,1,0.030531,1247.76,1174.87,0,0,1,0.030501,564.1071,562.898513,0,0,1
1965,16-Feb-00,24:00:00,3547.19,0.013103,503.734722,500.656233,0,0,1,0.01309,467.059152,466.185476,0,0,1,0.013068,364.776856,364.776856,0,0,1
1966,17-Feb-00,24:00:00,4211.18,0.023119,305.368054,305.368054,0,0,1,0.023099,311.752996,311.752996,0,0,1,0.023067,343.18487,343.18487,0,0,1
1967,18-Feb-00,24:00:00,2836.27,0.026896,261.328745,261.328745,0,0,1,0.026872,279.218001,279.218001,0,0,1,0.026833,323.199043,323.199043,0,0,1
1968,19-Feb-00,24:00:00,1380.82,0.034558,242.846904,242.846904,0,0,1,0.034523,261.679236,261.679236,0,0,1,0.034466,304.377386,304.377386,0,0,0.998348
1969,20-Feb-00,24:00:00,1103.52,0.0219,256.097265,255.152041,0.60116,0.592818,0.999876,0.021886,288.704525,274.410591,0.55536,0.546227,0.999803,0.021872,388.964382,376.418457,0.482752,0.437233,0.996517
1970,21-Feb-00,24:00:00,2924.12,0.036458,596.805916,593.998534,0.081555,0.081555,1,0.036438,688.551934,652.166195,0.055326,0.055326,1,0.036404,776.039904,765.28283,0.020544,0.020544,1
1971,22-Feb-00,24:00:00,3296.70,0.008713,777.969289,506.332675,1.064354,1.064354,1,0.008705,877.313766,524.24142,1.039534,1.039534,1,0.008692,1383.63,830.75281,1.022161,1.022161,1
1972,23-Feb-00,24:00:00,5921.70,0.022405,1405.31,877.607929,0.054765,0.054765,1,0.022391,1515.12,995.149744,0.042896,0.042896,1,0.022369,1306.27,1078.99,0.02753,0.02753,1
1973,24-Feb-00,24:00:00,2954.12,0.017558,575.217531,539.704527,0,0,1,0.017547,554.717819,531.057782,0,0,1,0.017528,324.821027,324.821027,0,0,1
1974,25-Feb-00,24:00:00,2024.44,0.02503,298.586357,298.582915,0,0,1,0.02501,298.048535,298.03345,0,0,1,0.024977,301.567189,301.567189,0,0,1
1975,26-Feb-00,24:00:00,2569.06,0.01084,464.183021,443.774602,1.311561,1.311561,1,0.010835,638.92634,557.463417,1.317651,1.317651,1,0.010828,1489.01,1377.44,1.406167,1.406167,1
1976,27-Feb-00,24:00:00,5670.16,0.022529,1505.53,1167.50,0.790177,0.790177,1,0.022516,1719.14,1351.31,0.782409,0.782409,1,0.022495,2066.88,1818.46,0.757753,0.757753,1
1977,28-Feb-00,24:00:00,3770.25,0.031676,960.380811,931.102229,0.067121,0.067121,1,0.031654,1006.39,974.434366,0.068721,0.068721,1,0.031617,539.83079,538.403956,0.077867,0.077867,1
1978,29-Feb-00,24:00:00,3870.94,0.032309,661.602055,658.495981,0.502067,0.502067,1,0.032287,770.33656,726.108033,0.500337,0.500337,1,0.03225,1131.26,1103.50,0.522577,0.522577,1
1979,1-Mar-00,24:00:00,3337.01,0.031833,551.937914,551.467043,0,0,1,0.03181,587.5646,582.364161,0,0,1,0.031773,415.101404,415.096969,0,0,1
1980,2-Mar-00,24:00:00,2373.37,0.028544,366.61724,366.192,0.088117,0.088117,1,0.028525,397.630827,390.599606,0.09668,0.09668,1,0.028493,546.571793,539.807276,0.146628,0.146628,1
1981,3-Mar-00,24:00:00,1520.99,0.043308,316.077897,315.976313,0,0,1,0.043288,347.060459,345.739579,0,0,1,0.043254,365.209914,365.185434,0,0,1
1982,4-Mar-00,24:00:00,1236.56,0.020112,276.366737,276.001102,0.284571,0.284571,1,0.020105,310.703713,303.812396,0.276128,0.276128,1,0.020093,478.039383,469.551387,0.298281,0.298281,1
1983,5-Mar-00,24:00:00,1835.56,0.018617,406.629001,405.418789,0,0,1,0.018614,476.38292,460.22959,0,0,1,0.018611,568.854583,563.531943,0,0,1
1984,6-Mar-00,24:00:00,1384.00,0.033384,309.083548,308.997101,0,0,1,0.033367,324.636238,323.874302,0,0,1,0.033337,316.431594,316.431594,0,0,1
1985,7-Mar-00,24:00:00,1327.04,0.015521,248.40962,248.006425,0.302939,0.302939,1,0.015517,271.729327,266.376686,0.258789,0.258789,1,0.015509,347.355047,343.7086,0.242966,0.242966,1
1986,8-Mar-00,24:00:00,2339.10,0.013946,436.196335,433.778973,0.459939,0.459939,1,0.013946,501.833821,470.258395,0.368459,0.368459,1,0.013945,716.893122,701.306059,0.199089,0.199089,1
1987,9-Mar-00,24:00:00,3030.80,0.03614,641.253419,638.798163,0.185501,0.185501,1,0.036126,685.081454,654.403274,0.184319,0.184319,1,0.036095,635.213966,624.96021,0.194809,0.194809,1
1988,10-Mar-00,24:00:00,2213.08,0.021553,415.647194,415.399915,0.028571,0.028571,1,0.021547,401.592108,399.266399,0.020138,0.020138,1,0.021535,294.454764,294.454764,0,0,1
1989,11-Mar-00,24:00:00,1693.73,0.042847,268.154262,268.000691,0,0,1,0.042821,269.432413,267.847208,0,0,1,0.042786,272.103796,272.103796,0,0,1
1990,12-Mar-00,24:00:00,1243.22,0.056415,219.298251,219.285359,0,0,1,0.056396,228.123353,228.030575,0,0,1,0.056362,256.251518,256.251518,0,0,0.99948
1991,13-Mar-00,24:00:00,948.028553,0.057904,195.987385,195.987248,0,0,0.996161,0.057882,208.034883,208.034883,0,0,0.996167,0.057844,241.32858,241.32858,0,0,0.994361
1992,14-Mar-00,24:00:00,844.866029,0.057457,182.704938,182.704938,0,0,0.988159,0.057433,195.022548,195.022548,0,0,0.98817,0.057397,227.27469,227.27469,0,0,0.986344
1993,15-Mar-00,24:00:00,805.208837,0.070341,171.817156,171.817156,0,0,0.979066,0.070317,183.578413,183.578413,0,0,0.97908,0.070299,214.039236,214.039236,0,0,0.977258
1994,16-Mar-00,24:00:00,771.641772,0.059992,161.78319,161.78319,0,0,0.969609,0.059969,172.880505,172.880505,0,0,0.969627,0.05993,201.574555,201.574555,0,0,0.967809
1995,17-Mar-00,24:00:00,742.07826,0.064655,152.358771,152.358771,0,0,0.960691,0.064641,162.812195,162.812195,0,0,0.960712,0.064625,189.835761,189.835761,0,0,0.958899
1996,18-Mar-00,24:00:00,714.040887,0.068526,143.485803,143.485803,0,0,0.951123,0.068507,153.330709,153.330709,0,0,0.951145,0.068476,178.780581,178.780581,0,0,0.949334
1997,19-Mar-00,24:00:00,686.410279,0.059567,135.12981,135.12981,0,0,0.942096,0.059543,144.401417,144.401417,0,0,0.942122,0.0595,168.369205,168.369205,0,0,0.940316
1998,20-Mar-00,24:00:00,599.855201,0.06142,127.260457,127.260457,0,0,0.933282,0.061415,135.992129,135.992129,0,0,0.933311,0.061406,158.564141,158.564141,0,0,0.931509
1999,21-Mar-00,24:00:00,502.962047,0.069233,119.849381,119.849381,0,0,0.923967,0.069233,128.07256,128.07256,0,0,0.923995,0.069233,149.33008,149.33008,0,0,0.922194
2000,22-Mar-00,24:00:00,455.939285,0.065923,112.869892,112.869892,0,0,0.914436,0.065901,120.614191,120.614191,0,0,0.914466,0.065862,140.633769,140.633769,0,0,0.912667
2001,23-Mar-00,24:00:00,445.959196,0.055193,106.296858,106.296858,0,0,0.905546,0.055172,113.590163,113.590163,0,0,0.905579,0.055133,132.443891,132.443891,0,0,0.903786
2002,24-Mar-00,24:00:00,442.586363,0.056441,100.106608,100.106608,0,0,0.897681,0.056422,106.975184,106.975184,0,0,0.897717,0.056386,124.730956,124.730956,0,0,0.89593
2003,25-Mar-00,24:00:00,429.104764,0.057233,94.27685,94.27685,0,0,0.889585,0.057227,100.745431,100.745431,0,0,0.889623,0.057215,117.467187,117.467187,0,0,0.887839
2004,26-Mar-00,24:00:00,410.787012,0.064164,88.786591,88.786591,0,0,0.880937,0.064152,94.878471,94.878471,0,0,0.880976,0.06413,110.626427,110.626427,0,0,0.879194
2005,27-Mar-00,24:00:00,393.445867,0.04991,83.61606,83.61606,0,0,0.872851,0.049889,89.353176,89.353176,0,0,0.872892,0.049859,104.184042,104.184042,0,0,0.871114
2006,28-Mar-00,24:00:00,377.113967,0.052813,78.746637,78.746637,0,0,0.865337,0.052796,84.14965,84.14965,0,0,0.865381,0.052764,98.116833,98.116833,0,0,0.863608
2007,29-Mar-00,24:00:00,372.307129,0.064986,74.160788,74.160788,0,0,0.85704,0.064965,79.249153,79.249153,0,0,0.857087,0.064927,92.40295,92.40295,0,0,0.855318
2008,30-Mar-00,24:00:00,374.719757,0.074749,69.841997,69.841997,0,0,0.847005,0.074733,74.634039,74.634039,0,0,0.847054,0.074699,87.021819,87.021819,0,0,0.84529
2009,31-Mar-00,24:00:00,376.2115,0.074473,65.774714,65.774714,0,0,0.836414,0.074456,70.287689,70.287689,0,0,0.836466,0.074426,81.95406,81.95406,0,0,0.834707
2010,1-Apr-00,24:00:00,378.626412,0.076836,61.944291,61.944291,0,0,0.825509,0.076805,66.194451,66.194451,0,0,0.825563,0.07675,77.181424,77.181424,0,0,0.823811
2011,2-Apr-00,24:00:00,372.563562,0.08557,58.336934,58.336934,0,0,0.813828,0.085546,62.339584,62.339584,0,0,0.813887,0.0855,72.686726,72.686726,0,0,0.812141
2012,3-Apr-00,24:00:00,361.265356,0.095464,54.939654,54.939654,0,0,0.801337,0.095447,58.709207,58.709207,0,0,0.801399,0.095415,68.453778,68.453778,0,0,0.799659
2013,4-Apr-00,24:00:00,351.779197,0.064085,51.740216,51.740216,0,0,0.789674,0.064074,55.290248,55.290248,0,0,0.789738,0.06406,64.467339,64.467339,0,0,0.788001
2014,5-Apr-00,24:00:00,343.039261,0.072127,48.727099,48.727099,0,0,0.779912,0.072112,52.070393,52.070393,0,0,0.779978,0.072085,60.713051,60.713051,0,0,0.778244
2015,6-Apr-00,24:00:00,333.90581,0.075501,45.889452,45.889452,0,0,0.769365,0.075489,49.038047,49.038047,0,0,0.769433,0.075463,57.177397,57.177397,0,0,0.767703
2016,7-Apr-00,24:00:00,324.948731,0.084409,43.217057,43.217057,0,0,0.757979,0.084395,46.182292,46.182292,0,0,0.758048,0.08437,53.847643,53.847643,0,0,0.756322
2017,8-Apr-00,24:00:00,316.507609,0.055276,40.70029,40.70029,0,0,0.747937,0.055263,43.492844,43.492844,0,0,0.748009,0.055237,50.711798,50.711798,0,0,0.746286
2018,9-Apr-00,24:00:00,308.558021,0.064556,38.330089,38.330089,0,0,0.73941,0.064536,40.960016,40.960016,0,0,0.739484,0.064501,47.758572,47.758572,0,0,0.737766
2019,10-Apr-00,24:00:00,301.071381,0.079799,36.097917,36.097917,0,0,0.7291,0.079789,38.57469,38.57469,0,0,0.729175,0.079769,44.977328,44.977328,0,0,0.727461
2020,11-Apr-00,24:00:00,294.020729,0.060798,33.995737,33.995737,0,0,0.719125,0.060786,36.328273,36.328273,0,0,0.719202,0.060764,42.358051,42.358051,0,0,0.717491
2021,12-Apr-00,24:00:00,287.380783,0.043496,32.016086,32.015978,0.011197,0,0.71171,0.043486,34.212678,34.212678,0,0,0.711426,0.043464,39.891309,39.891309,0,0,0.709718
2022,13-Apr-00,24:00:00,281.588412,0.049994,30.612616,30.151512,0.079181,0,0.721476,0.049984,32.220286,32.220286,0,0,0.708315,0.049962,37.568218,37.568218,0,0,0.703165
2023,14-Apr-00,24:00:00,275.301155,0.052056,28.458669,28.395624,0,0,0.722126,0.052046,30.343922,30.343922,0,0,0.706457,0.052025,35.380415,35.380415,0,0,0.695895
2024,15-Apr-00,24:00:00,269.693962,0.047473,26.744082,26.741991,0,0,0.718505,0.047462,28.576828,28.576828,0,0,0.701144,0.047437,33.320019,33.320019,0,0,0.688965
2025,16-Apr-00,24:00:00,311.421929,0.016231,29.266725,25.227293,2.030087,0.035111,0.812807,0.016227,82.564407,26.912643,1.763429,0,0.779467,0.016218,68.074934,31.379611,1.467727,0,0.746941
2026,17-Apr-00,24:00:00,545.502965,0.055755,126.461905,118.326206,0.1768,0.1768,1,0.055746,130.19776,25.345372,0.171425,0,0.973752,0.055719,69.598381,29.552204,0.189728,0,0.920864
2027,18-Apr-00,24:00:00,362.254972,0.05479,112.723721,112.053612,0,0,0.999564,0.054779,29.946715,23.869371,0,0,0.97522,0.054756,27.831216,27.831216,0,0,0.922633
2028,19-Apr-00,24:00:00,278.038259,0.056939,48.22066,48.213231,0,0,0.994638,0.056928,22.488945,22.479327,0,0,0.970297,0.0569,26.210452,26.210452,0,0,0.917715
2029,20-Apr-00,24:00:00,399.814974,0.074919,31.36369,31.36369,0,0,0.985229,0.0749,21.170232,21.170232,0,0,0.96089,0.074866,24.684073,24.684073,0,0,0.908313
2030,21-Apr-00,24:00:00,418.2787,0.087569,27.443561,27.443561,0,0,0.973687,0.08756,19.937373,19.937373,0,0,0.949349,0.08754,23.246584,23.246584,0,0,0.896776
2031,22-Apr-00,24:00:00,299.2846,0.059759,25.593343,25.593343,0,0,0.96339,0.059757,18.77631,18.77631,0,0,0.939054,0.059732,21.892807,21.892807,0,0,0.886484
2032,23-Apr-00,24:00:00,246.808357,0.072789,24.075997,24.075997,0,0,0.953614,0.072778,17.682862,17.682862,0,0,0.929278,0.072755,20.617869,20.617869,0,0,0.876712
2033,24-Apr-00,24:00:00,241.738594,0.088216,22.67126,22.67126,0,0,0.942391,0.088207,16.653092,16.653092,0,0,0.918056,0.088183,19.417177,19.417177,0,0,0.865493
2034,25-Apr-00,24:00:00,236.806094,0.066842,21.350739,21.350739,0,0,0.931106,0.066836,15.683291,15.683291,0,0,0.906773,0.066809,18.286408,18.286408,0,0,0.854213
2035,26-Apr-00,24:00:00,232.797343,0.096798,20.107346,20.107346,0,0,0.919576,0.096788,14.769967,14.769967,0,0,0.895244,0.096766,17.22149,17.22149,0,0,0.842688
2036,27-Apr-00,24:00:00,229.690457,0.042148,18.936383,18.936383,0,0,0.90959,0.042141,13.90983,13.90983,0,0,0.88526,0.042136,16.218588,16.218588,0,0,0.832706
2037,28-Apr-00,24:00:00,228.388736,0.066768,17.833613,17.833613,0,0,0.901664,0.066754,13.099785,13.099785,0,0,0.877335,0.066729,15.274091,15.274091,0,0,0.824784
2038,29-Apr-00,24:00:00,229.839006,0.085031,16.795063,16.795063,0,0,0.890931,0.085024,12.336912,12.336912,0,0,0.866603,0.085009,14.384596,14.384596,0,0,0.814054
2039,30-Apr-00,24:00:00,228.749039,0.096357,15.816995,15.816995,0,0,0.878046,0.096355,11.618466,11.618466,0,0,0.853719,0.096352,13.546902,13.546902,0,0,0.801172
2040,1-May-00,24:00:00,225.492028,0.070913,14.895884,14.895884,0,0,0.865662,0.070907,10.941859,10.941859,0,0,0.841335,0.070894,12.757992,12.757992,0,0,0.788789
2041,2-May-00,24:00:00,221.768577,0.072799,14.028415,14.028415,0,0,0.855758,0.072788,10.304654,10.304654,0,0,0.831433,0.072761,12.015024,12.015024,0,0,0.778889
2042,3-May-00,24:00:00,218.717204,0.083036,13.211463,13.211463,0,0,0.844621,0.083028,9.704558,9.704558,0,0,0.820297,0.082999,11.315323,11.315323,0,0,0.767757
2043,4-May-00,24:00:00,216.649872,0.079909,12.442087,12.442087,0,0,0.833066,0.079899,9.139408,9.139408,0,0,0.808743,0.079875,10.656369,10.656369,0,0,0.756207
2044,5-May-00,24:00:00,214.746942,0.072884,11.717516,11.717516,0,0,0.821825,0.072874,8.60717,8.60717,0,0,0.797503,0.072848,10.03579,10.03579,0,0,0.744971
2045,6-May-00,24:00:00,212.956328,0.030118,11.035141,11.035141,0,0,0.814336,0.030117,8.105927,8.105927,0,0,0.790016,0.030119,9.451351,9.451351,0,0,0.737485
2046,7-May-00,24:00:00,220.20842,0.029779,10.578082,10.392504,0.146174,0,0.817689,0.029779,14.779253,7.633874,0.223243,0,0.798936,0.029769,19.111719,8.900947,0.350659,0,0.754853
2047,8-May-00,24:00:00,234.789401,0.075328,10.405133,9.787291,0,0,0.833148,0.07532,18.693795,7.189312,0,0,0.819837,0.07529,14.407626,8.382596,0,0,0.785509
2048,9-May-00,24:00:00,210.465949,0.046141,9.265029,9.217323,0,0,0.832126,0.046132,7.342049,6.770639,0,0,0.818817,0.046116,7.894431,7.894431,0,0,0.784491
2049,10-May-00,24:00:00,206.985248,0.049517,8.680724,8.680548,0,0,0.826546,0.04951,6.376347,6.376347,0,0,0.813238,0.049493,7.434695,7.434695,0,0,0.778918
2050,11-May-00,24:00:00,203.297972,0.075133,8.175032,8.175032,0,0,0.817717,0.075124,6.005018,6.005018,0,0,0.804411,0.075095,7.001732,7.001732,0,0,0.770093
2051,12-May-00,24:00:00,201.793703,0.072316,7.698955,7.698955,0,0,0.807255,0.072307,5.655312,5.655312,0,0,0.79395,0.072283,6.593983,6.593983,0,0,0.759636
2052,13-May-00,24:00:00,202.865576,0.063791,7.250602,7.250602,0,0,0.79807,0.063784,5.325972,5.325972,0,0,0.784807,0.063774,6.501207,6.209979,0.028421,0,0.751088
2053,14-May-00,24:00:00,210.359145,0.027341,7.502379,6.82836,0.324774,0,0.809632,0.027337,14.411737,5.015812,0.291347,0,0.79461,0.02733,10.728143,5.848338,0.212561,0,0.759221
2054,15-May-00,24:00:00,263.041567,0.049219,7.567291,6.430707,0,0,0.839859,0.049215,20.529887,4.723714,0.025752,0,0.823151,0.049201,15.882609,5.507757,0.114621,0,0.786513
2055,16-May-00,24:00:00,484.435036,0.068134,6.13696,6.056212,0,0,0.839859,0.068129,6.4899,4.448626,0,0,0.825681,0.06811,6.105816,5.18701,0,0,0.796871
2056,17-May-00,24:00:00,577.728333,0.085195,5.703624,5.703525,0,0,0.834702,0.085188,4.248425,4.189558,0,0,0.822444,0.085163,4.884942,4.884942,0,0,0.793637
2057,18-May-00,24:00:00,357.190473,0.1056,5.371378,5.371378,0,0,0.821528,0.105597,3.945577,3.945577,0,0,0.810581,0.105594,4.600465,4.600465,0,0,0.781778
2058,19-May-00,24:00:00,218.521634,0.093978,5.058573,5.058573,0,0,0.807007,0.093971,3.715804,3.715804,0,0,0.796061,0.093951,4.332554,4.332554,0,0,0.767259
2059,20-May-00,24:00:00,204.051734,0.10351,4.763984,4.763984,0,0,0.792879,0.103505,3.499413,3.499413,0,0,0.781933,0.103488,4.080246,4.080246,0,0,0.753134
2060,21-May-00,24:00:00,202.854927,0.119222,4.486551,4.486551,0,0,0.777162,0.119213,3.295622,3.295622,0,0,0.766217,0.119211,3.842631,3.842631,0,0,0.73742
2061,22-May-00,24:00:00,202.13511,0.118497,4.225275,4.225275,0,0,0.760369,0.11849,3.1037,3.1037,0,0,0.749425,0.11847,3.618853,3.618853,0,0,0.720629
2062,23-May-00,24:00:00,201.485191,0.116258,3.979214,3.979214,0,0,0.743408,0.116252,2.922955,2.922955,0,0,0.732465,0.116233,3.408108,3.408108,0,0,0.703672
2063,24-May-00,24:00:00,200.874517,0.121259,3.747482,3.747482,0,0,0.726918,0.121245,2.752735,2.752735,0,0,0.715977,0.121221,3.209635,3.209635,0,0,0.687186
2064,25-May-00,24:00:00,200.299467,0.110705,3.529246,3.529246,0,0,0.709633,0.110696,2.592428,2.592428,0,0,0.698693,0.11067,3.02272,3.02272,0,0,0.669907
2065,26-May-00,24:00:00,199.757907,0.103348,3.323718,3.323718,0,0,0.69456,0.103338,2.441457,2.441457,0,0,0.683622,0.103323,2.846691,2.846691,0,0,0.654838
2066,27-May-00,24:00:00,199.247886,0.102724,3.13016,3.13016,0,0,0.679796,0.102717,2.299277,2.299277,0,0,0.668859,0.102695,2.680912,2.680912,0,0,0.640077
2067,28-May-00,24:00:00,198.767567,0.090047,2.947874,2.947874,0,0,0.666282,0.090041,2.165378,2.165378,0,0,0.655346,0.090019,2.524788,2.524788,0,0,0.626569
2068,29-May-00,24:00:00,198.315219,0.103293,2.776203,2.776203,0,0,0.652393,0.10329,2.039276,2.039276,0,0,0.641458,0.103273,2.377756,2.377756,0,0,0.612683
2069,30-May-00,24:00:00,197.889213,0.102686,2.614529,2.614529,0,0,0.637669,0.102682,1.920518,1.920518,0,0,0.626734,0.102668,2.239286,2.239286,0,0,0.597961
2070,31-May-00,24:00:00,197.488016,0.10259,2.462271,2.462271,0,0,0.622983,0.102587,1.808675,1.808675,0,0,0.612048,0.102573,2.10888,2.10888,0,0,0.583278
2071,1-Jun-00,24:00:00,197.110184,0.119812,2.318879,2.318879,0,0,0.607331,0.119808,1.703346,1.703346,0,0,0.596397,0.119793,1.986068,1.986068,0,0,0.567628
2072,2-Jun-00,24:00:00,200.444406,0.106173,2.183838,2.183838,0,0,0.590919,0.106171,1.604151,1.604151,0,0,0.579986,0.106161,1.870409,1.870409,0,0,0.551219
2073,3-Jun-00,24:00:00,208.583491,0.113811,2.056661,2.056661,0,0,0.575272,0.113808,1.510733,1.510733,0,0,0.564339,0.113795,1.761484,1.761484,0,0,0.535574
2074,4-Jun-00,24:00:00,211.027705,0.102849,1.936891,1.936891,0,0,0.55982,0.102851,1.422754,1.422754,0,0,0.548887,0.102841,1.658903,1.658903,0,0,0.520123
2075,5-Jun-00,24:00:00,210.775366,0.090423,1.824095,1.824095,0,0,0.546014,0.090424,1.339899,1.339899,0,0,0.53508,0.090403,1.562296,1.562296,0,0,0.506319
2076,6-Jun-00,24:00:00,213.607541,0.102299,1.717868,1.717868,0,0,0.532218,0.102295,1.26187,1.26187,0,0,0.521285,0.10227,1.471315,1.471315,0,0,0.492526
2077,7-Jun-00,24:00:00,219.559542,0.05492,1.617827,1.617827,0,0,0.520568,0.054918,1.188384,1.188384,0,0,0.509688,0.054919,1.385633,1.385633,0,0,0.480932
2078,8-Jun-00,24:00:00,223.190645,0.073901,1.523612,1.523612,0,0,0.516672,0.073899,1.119178,1.119178,0,0,0.506092,0.073881,1.30494,1.30494,0,0,0.47608
2079,9-Jun-00,24:00:00,224.988341,0.08274,1.434884,1.434884,0,0,0.512705,0.082736,1.054002,1.054002,0,0,0.501724,0.082717,1.228946,1.228946,0,0,0.467883
2080,10-Jun-00,24:00:00,227.391776,0.086996,1.351322,1.351322,0,0,0.501401,0.086993,0.992622,0.992622,0,0,0.490159,0.086972,1.157377,1.157377,0,0,0.455739
2081,11-Jun-00,24:00:00,231.423727,0.083168,1.272627,1.272627,0,0,0.48932,0.083163,0.934816,0.934816,0,0,0.478078,0.083144,1.089977,1.089977,0,0,0.443661
2082,12-Jun-00,24:00:00,233.107629,0.091281,1.198515,1.198515,0,0,0.476938,0.091284,0.880377,0.880377,0,0,0.465697,0.091264,1.026502,1.026502,0,0,0.431282
2083,13-Jun-00,24:00:00,234.198888,0.132816,1.128719,1.128719,0,0,0.461042,0.132809,0.829107,0.829107,0,0,0.449802,0.132796,0.966723,0.966723,0,0,0.415389
2084,14-Jun-00,24:00:00,233.52698,0.129183,1.062988,1.062988,0,0,0.442207,0.12918,0.780824,0.780824,0,0,0.430967,0.129166,0.910425,0.910425,0,0,0.396557
2085,15-Jun-00,24:00:00,244.450855,0.127252,1.001084,1.001084,0,0,0.423783,0.127249,0.735352,0.735352,0,0,0.412543,0.127238,0.857406,0.857406,0,0,0.378135
2086,16-Jun-00,24:00:00,267.52604,0.128236,0.942785,0.942785,0,0,0.40558,0.128229,0.692529,0.692529,0,0,0.394341,0.128217,0.807475,0.807475,0,0,0.359934
2087,17-Jun-00,24:00:00,290.851316,0.101848,0.887882,0.887882,0,0,0.389156,0.101842,0.652199,0.652199,0,0,0.377918,0.101827,0.760451,0.760451,0,0,0.343513
2088,18-Jun-00,24:00:00,310.873716,0.085082,0.836176,0.836176,0,0,0.376122,0.085078,0.614218,0.614218,0,0,0.364884,0.085067,0.716166,0.716166,0,0,0.330481
2089,19-Jun-00,24:00:00,317.946473,0.112245,0.787481,0.787481,0,0,0.361642,0.11224,0.578448,0.578448,0,0,0.350405,0.112214,0.674459,0.674459,0,0,0.316004
2090,20-Jun-00,24:00:00,317.940841,0.127369,0.741621,0.741621,0,0,0.344641,0.127366,0.544762,0.544762,0,0,0.333405,0.127351,0.635182,0.635182,0,0,0.299007
2091,21-Jun-00,24:00:00,312.230578,0.121339,0.698433,0.698433,0,0,0.326778,0.121335,0.513038,0.513038,0,0,0.315542,0.121321,0.598192,0.598192,0,0,0.281147
2092,22-Jun-00,24:00:00,306.288231,0.119124,0.657759,0.657759,0,0,0.309528,0.119115,0.483161,0.483161,0,0,0.298293,0.119098,0.563356,0.563356,0,0,0.2639
2093,23-Jun-00,24:00:00,305.268232,0.114187,0.619454,0.619454,0,0,0.293113,0.114183,0.455024,0.455024,0,0,0.281879,0.114162,0.530549,0.530549,0,0,0.247488
2094,24-Jun-00,24:00:00,306.143499,0.111341,0.58338,0.58338,0,0,0.276875,0.111336,0.428525,0.428525,0,0,0.265642,0.111314,0.499652,0.499652,0,0,0.231255
2095,25-Jun-00,24:00:00,293.99238,0.122109,0.549406,0.549406,0,0,0.260333,0.1221,0.40357,0.40357,0,0,0.249101,0.122079,0.470554,0.470554,0,0,0.214716
2096,26-Jun-00,24:00:00,274.656948,0.124598,0.517411,0.517411,0,0,0.242702,0.124592,0.380068,0.380068,0,0,0.231471,0.124561,0.443151,0.443151,0,0,0.19709
2097,27-Jun-00,24:00:00,264.902895,0.125689,0.48728,0.48728,0,0,0.224751,0.125676,0.357934,0.357934,0,0,0.213521,0.125655,0.417344,0.417344,0,0,0.179144
2098,28-Jun-00,24:00:00,261.360322,0.12395,0.458903,0.458903,0,0,0.20695,0.123943,0.33709,0.33709,0,0,0.195721,0.123914,0.39304,0.39304,0,0,0.161348
2099,29-Jun-00,24:00:00,257.661713,0.127284,0.432178,0.432178,0,0,0.189326,0.12728,0.317459,0.317459,0,0,0.178099,0.127267,0.370151,0.370151,0,0,0.143728
2100,30-Jun-00,24:00:00,255.467786,0.121449,0.40701,0.40701,0,0,0.171447,0.121445,0.298972,0.298972,0,0,0.16022,0.12143,0.348595,0.348595,0,0,0.125851
2101,1-Jul-00,24:00:00,269.937681,0.114699,0.383308,0.383308,0,0,0.154398,0.114696,0.281561,0.281561,0,0,0.143171,0.114684,0.328295,0.328295,0,0,0.108805
2102,2-Jul-00,24:00:00,288.130728,0.101064,0.360986,0.360986,0,0,0.13891,0.101058,0.265164,0.265164,0,0,0.127684,0.101034,0.309176,0.309176,0,0,0.09332
2103,3-Jul-00,24:00:00,291.310823,0.090654,0.339963,0.339963,0,0,0.125313,0.09065,0.249722,0.249722,0,0,0.114088,0.090632,0.291171,0.291171,0,0,0.079727
2104,4-Jul-00,24:00:00,289.861658,0.098491,0.320166,0.320166,0,0,0.111718,0.098486,0.235179,0.235179,0,0,0.100493,0.098468,0.274215,0.274215,0,0,0.066135
2105,5-Jul-00,24:00:00,289.789575,0.088858,0.301521,0.301521,0,0,0.098195,0.088853,0.221484,0.221484,0,0,0.086971,0.088831,0.258246,0.258246,0,0,0.052615
2106,6-Jul-00,24:00:00,284.767454,0.078278,0.283961,0.283961,0,0,0.086234,0.078275,0.208585,0.208585,0,0,0.075011,0.078259,0.243207,0.243207,0,0,0.040658
2107,7-Jul-00,24:00:00,274.906293,0.081124,0.267425,0.267425,0,0,0.074982,0.081119,0.196438,0.196438,0,0,0.063759,0.081099,0.229043,0.229043,0,0,0.029409
2108,8-Jul-00,24:00:00,268.859888,0.100097,0.251851,0.251851,0,0,0.061955,0.100091,0.184999,0.184999,0,0,0.050732,0.100064,0.215705,0.215705,0,0,0.016386
2109,9-Jul-00,24:00:00,266.395486,0.114761,0.237184,0.237184,0,0,0.046617,0.114757,0.174225,0.174225,0,0,0.035395,0.114736,0.203143,0.203143,0,0,0.003796
2110,10-Jul-00,24:00:00,264.352974,0.113261,0.223372,0.223372,0,0,0.030559,0.11325,0.164079,0.164079,0,0,0.019339,0.113226,0.191313,0.191313,0,0,0
2111,11-Jul-00,24:00:00,263.56287,0.11906,0.210364,0.210364,0,0,0.01378,0.119055,0.154524,0.154524,0,0,0.004703,0.119033,0.180172,0.180172,0,0,0
2112,12-Jul-00,24:00:00,263.518764,0.098146,0.198113,0.198113,0,0,0.001963,0.098141,0.145525,0.145525,0,0,0,0.098122,0.169679,0.169679,0,0,0
2113,13-Jul-00,24:00:00,261.000482,0.086203,0.186576,0.186576,0,0,0,0.086202,0.13705,0.13705,0,0,0,0.086182,0.159798,0.159798,0,0,0
2114,14-Jul-00,24:00:00,259.484092,0.108745,0.175711,0.175711,0,0,0,0.108738,0.129069,0.129069,0,0,0,0.108717,0.150492,0.150492,0,0,0
2115,15-Jul-00,24:00:00,259.433405,0.112674,0.165478,0.165478,0,0,0,0.112669,0.121553,0.121553,0,0,0,0.112649,0.141728,0.141728,0,0,0
2116,16-Jul-00,24:00:00,259.408009,0.068762,0.155841,0.155841,0,0,0,0.068756,0.114474,0.114474,0,0,0,0.068744,0.133475,0.133475,0,0,0
2117,17-Jul-00,24:00:00,259.384248,0.077759,0.146766,0.146766,0,0,0,0.077761,0.107808,0.107808,0,0,0,0.077748,0.125702,0.125702,0,0,0
2118,18-Jul-00,24:00:00,259.983869,0.102489,0.138219,0.138219,0,0,0,0.102487,0.101529,0.101529,0,0,0,0.102465,0.118381,0.118381,0,0,0
2119,19-Jul-00,24:00:00,258.468786,0.11277,0.13017,0.13017,0,0,0,0.112765,0.095617,0.095617,0,0,0,0.112748,0.111487,0.111487,0,0,0
2120,20-Jul-00,24:00:00,257.338957,0.121214,0.122589,0.122589,0,0,0,0.121209,0.090049,0.090049,0,0,0,0.121193,0.104995,0.104995,0,0,0
2121,21-Jul-00,24:00:00,258.546381,0.117619,0.11545,0.11545,0,0,0,0.117615,0.084804,0.084804,0,0,0,0.117601,0.09888,0.09888,0,0,0
2122,22-Jul-00,24:00:00,259.272626,0.117762,0.108727,0.108727,0,0,0,0.117756,0.079866,0.079866,0,0,0,0.117741,0.093122,0.093122,0,0,0
2123,23-Jul-00,24:00:00,258.645999,0.117443,0.102395,0.102395,0,0,0,0.117436,0.075215,0.075215,0,0,0,0.117419,0.087699,0.087699,0,0,0
2124,24-Jul-00,24:00:00,255.770491,0.122006,0.096432,0.096432,0,0,0,0.121999,0.070835,0.070835,0,0,0,0.121983,0.082592,0.082592,0,0,0
2125,25-Jul-00,24:00:00,254.261872,0.134337,0.090816,0.090816,0,0,0,0.134329,0.06671,0.06671,0,0,0,0.134309,0.077782,0.077782,0,0,0
2126,26-Jul-00,24:00:00,264.798057,0.116626,0.085527,0.085527,0,0,0,0.116623,0.062825,0.062825,0,0,0,0.116613,0.073252,0.073252,0,0,0
2127,27-Jul-00,24:00:00,276.706591,0.114598,0.080547,0.080547,0,0,0,0.114598,0.059166,0.059166,0,0,0,0.1146,0.068986,0.068986,0,0,0
2128,28-Jul-00,24:00:00,282.631737,0.115886,0.075856,0.075856,0,0,0,0.11588,0.055721,0.055721,0,0,0,0.115865,0.064969,0.064969,0,0,0
2129,29-Jul-00,24:00:00,282.918593,0.118735,0.071439,0.071439,0,0,0,0.118723,0.052476,0.052476,0,0,0,0.118693,0.061186,0.061186,0,0,0
2130,30-Jul-00,24:00:00,280.944008,0.093053,0.067278,0.067278,0,0,0,0.093047,0.04942,0.04942,0,0,0,0.093024,0.057622,0.057622,0,0,0
2131,31-Jul-00,24:00:00,278.934002,0.129564,0.06336,0.06336,0,0,0,0.129546,0.046542,0.046542,0,0,0,0.129528,0.054267,0.054267,0,0,0
2132,1-Aug-00,24:00:00,276.924343,0.110886,0.05967,0.05967,0,0,0,0.110874,0.043831,0.043831,0,0,0,0.11085,0.051106,0.051106,0,0,0
2133,2-Aug-00,24:00:00,276.159242,0.124894,0.056196,0.056196,0,0,0,0.124885,0.041279,0.041279,0,0,0,0.124862,0.04813,0.04813,0,0,0
2134,3-Aug-00,24:00:00,282.980623,0.116424,0.052923,0.052923,0,0,0,0.116411,0.038875,0.038875,0,0,0,0.11638,0.045327,0.045327,0,0,0
2135,4-Aug-00,24:00:00,293.906293,0.107582,0.049841,0.049841,0,0,0,0.107579,0.036611,0.036611,0,0,0,0.107574,0.042688,0.042688,0,0,0
2136,5-Aug-00,24:00:00,298.056253,0.115464,0.046938,0.046938,0,0,0,0.11545,0.034479,0.034479,0,0,0,0.115419,0.040202,0.040202,0,0,0
2137,6-Aug-00,24:00:00,298.115271,0.111224,0.044205,0.044205,0,0,0,0.111209,0.032471,0.032471,0,0,0,0.111179,0.037861,0.037861,0,0,0
2138,7-Aug-00,24:00:00,298.108991,0.101403,0.041631,0.041631,0,0,0,0.10139,0.03058,0.03058,0,0,0,0.101356,0.035656,0.035656,0,0,0
2139,8-Aug-00,24:00:00,298.102646,0.088011,0.039206,0.039206,0,0,0,0.087998,0.028799,0.028799,0,0,0,0.087975,0.033579,0.033579,0,0,0
2140,9-Aug-00,24:00:00,296.230674,0.08233,0.036923,0.036923,0,0,0,0.082318,0.027122,0.027122,0,0,0,0.082301,0.031624,0.031624,0,0,0
2141,10-Aug-00,24:00:00,293.865091,0.085249,0.034773,0.034773,0,0,0,0.085237,0.025543,0.025543,0,0,0,0.085212,0.029782,0.029782,0,0,0
2142,11-Aug-00,24:00:00,293.097895,0.105912,0.032748,0.032748,0,0,0,0.10591,0.024055,0.024055,0,0,0,0.105903,0.028048,0.028048,0,0,0
2143,12-Aug-00,24:00:00,286.238848,0.112131,0.030841,0.030841,0,0,0,0.112119,0.022654,0.022654,0,0,0,0.11209,0.026414,0.026414,0,0,0
2144,13-Aug-00,24:00:00,272.812245,0.115313,0.029045,0.029045,0,0,0,0.115311,0.021335,0.021335,0,0,0,0.115303,0.024876,0.024876,0,0,0
2145,14-Aug-00,24:00:00,266.540316,0.111674,0.027353,0.027353,0,0,0,0.111674,0.020093,0.020093,0,0,0,0.111674,0.023427,0.023427,0,0,0
2146,15-Aug-00,24:00:00,264.208094,0.107432,0.02576,0.02576,0,0,0,0.107422,0.018922,0.018922,0,0,0,0.107401,0.022063,0.022063,0,0,0
2147,16-Aug-00,24:00:00,263.081609,0.112392,0.02426,0.02426,0,0,0,0.112389,0.01782,0.01782,0,0,0,0.112384,0.020778,0.020778,0,0,0
2148,17-Aug-00,24:00:00,268.035928,0.121416,0.022847,0.022847,0,0,0,0.121417,0.016783,0.016783,0,0,0,0.121417,0.019568,0.019568,0,0,0
2149,18-Aug-00,24:00:00,274.118197,0.104172,0.021517,0.021517,0,0,0,0.104172,0.015805,0.015805,0,0,0,0.104172,0.018429,0.018429,0,0,0
2150,19-Aug-00,24:00:00,276.022638,0.104082,0.020264,0.020264,0,0,0,0.104082,0.014885,0.014885,0,0,0,0.104082,0.017356,0.017356,0,0,0
2151,20-Aug-00,24:00:00,273.561759,0.09727,0.019084,0.019084,0,0,0,0.09727,0.014018,0.014018,0,0,0,0.09727,0.016345,0.016345,0,0,0
2152,21-Aug-00,24:00:00,271.449118,0.098624,0.017972,0.017972,0,0,0,0.098613,0.013202,0.013202,0,0,0,0.098592,0.015393,0.015393,0,0,0
2153,22-Aug-00,24:00:00,271.672495,0.099609,0.016926,0.016926,0,0,0,0.099594,0.012433,0.012433,0,0,0,0.099563,0.014497,0.014497,0,0,0
2154,23-Aug-00,24:00:00,273.901754,0.07688,0.01594,0.01594,0,0,0,0.076865,0.011709,0.011709,0,0,0,0.076834,0.013652,0.013652,0,0,0
2155,24-Aug-00,24:00:00,275.643211,0.094235,0.015012,0.015012,0,0,0,0.094223,0.011027,0.011027,0,0,0,0.094199,0.012857,0.012857,0,0,0
2156,25-Aug-00,24:00:00,274.786876,0.104544,0.014138,0.014138,0,0,0,0.104525,0.010385,0.010385,0,0,0,0.104487,0.012109,0.012109,0,0,0
2157,26-Aug-00,24:00:00,272.180853,0.09231,0.013314,0.013314,0,0,0,0.092288,0.00978,0.00978,0,0,0,0.092241,0.011403,0.011403,0,0,0
2158,27-Aug-00,24:00:00,271.05096,0.098286,0.012539,0.012539,0,0,0,0.098269,0.009211,0.009211,0,0,0,0.098232,0.010739,0.010739,0,0,0
2159,28-Aug-00,24:00:00,272.897037,0.097803,0.011809,0.011809,0,0,0,0.097785,0.008674,0.008674,0,0,0,0.097749,0.010114,0.010114,0,0,0
2160,29-Aug-00,24:00:00,275.255065,0.052714,0.011121,0.011121,0,0,0,0.052696,0.008169,0.008169,0,0,0,0.052666,0.009525,0.009525,0,0,0
2161,30-Aug-00,24:00:00,273.52727,0.044794,0.010473,0.010473,0,0,0,0.044781,0.007693,0.007693,0,0,0,0.044761,0.00897,0.00897,0,0,0
2162,31-Aug-00,24:00:00,266.451819,0.063407,0.009863,0.009863,0,0,0,0.063393,0.007245,0.007245,0,0,0,0.063375,0.008448,0.008448,0,0,0
2163,1-Sep-00,24:00:00,262.65091,0.04159,0.26805,0.009289,0.05771,0,0.005976,0.041578,4.69269,0.006823,0.064288,0,0.007146,0.041556,1.958193,0.007956,0.042121,0,0.00539
2164,2-Sep-00,24:00:00,248.194367,0.061679,0.08227,0.008748,0,0,0.008217,0.061662,0.837037,0.006426,0,0,0.009157,0.061631,0.007493,0.007493,0,0,0.005937
2165,3-Sep-00,24:00:00,242.164185,0.073509,0.012051,0.008239,0,0,0.003787,0.073484,0.024788,0.006052,0,0,0.004387,0.073447,0.007056,0.007056,0,0,0.002377
2166,4-Sep-00,24:00:00,241.399134,0.07282,0.007759,0.007759,0,0,0,0.072801,0.005699,0.005699,0,0,0,0.072763,0.006645,0.006645,0,0,0
2167,5-Sep-00,24:00:00,243.513144,0.075723,0.007307,0.007307,0,0,0,0.075703,0.005367,0.005367,0,0,0,0.075664,0.006258,0.006258,0,0,0
2168,6-Sep-00,24:00:00,244.371996,0.088997,0.006881,0.006881,0,0,0,0.088979,0.005055,0.005055,0,0,0,0.088947,0.005894,0.005894,0,0,0
2169,7-Sep-00,24:00:00,242.77882,0.083347,0.006481,0.006481,0,0,0,0.083327,0.00476,0.00476,0,0,0,0.083291,0.005551,0.005551,0,0,0
2170,8-Sep-00,24:00:00,244.516045,0.093585,0.006103,0.006103,0,0,0,0.09358,0.004483,0.004483,0,0,0,0.093572,0.005227,0.005227,0,0,0
2171,9-Sep-00,24:00:00,245.991068,0.08581,0.005748,0.005748,0,0,0,0.085811,0.004222,0.004222,0,0,0,0.08581,0.004923,0.004923,0,0,0
2172,10-Sep-00,24:00:00,248.501999,0.081713,0.005413,0.005413,0,0,0,0.081695,0.003976,0.003976,0,0,0,0.081661,0.004636,0.004636,0,0,0
2173,11-Sep-00,24:00:00,252.477275,0.091088,0.005098,0.005098,0,0,0,0.091084,0.003745,0.003745,0,0,0,0.091077,0.004366,0.004366,0,0,0
2174,12-Sep-00,24:00:00,253.988338,0.088299,0.004801,0.004801,0,0,0,0.088299,0.003527,0.003527,0,0,0,0.088299,0.004112,0.004112,0,0,0
2175,13-Sep-00,24:00:00,254.01167,0.070392,0.004521,0.004521,0,0,0,0.070385,0.003321,0.003321,0,0,0,0.070386,0.003873,0.003873,0,0,0
2176,14-Sep-00,24:00:00,256.49914,0.065573,0.004258,0.004258,0,0,0,0.065559,0.003128,0.003128,0,0,0,0.065541,0.003647,0.003647,0,0,0
2177,15-Sep-00,24:00:00,258.608433,0.071997,0.00401,0.00401,0,0,0,0.071978,0.002946,0.002946,0,0,0,0.071941,0.003435,0.003435,0,0,0
2178,16-Sep-00,24:00:00,255.271715,0.082218,0.003777,0.003777,0,0,0,0.082209,0.002774,0.002774,0,0,0,0.082197,0.003235,0.003235,0,0,0
2179,17-Sep-00,24:00:00,259.265348,0.080756,0.003557,0.003557,0,0,0,0.080756,0.002613,0.002613,0,0,0,0.080756,0.003046,0.003046,0,0,0
2180,18-Sep-00,24:00:00,266.680849,0.08659,0.00335,0.00335,0,0,0,0.08659,0.00246,0.00246,0,0,0,0.08659,0.002869,0.002869,0,0,0
2181,19-Sep-00,24:00:00,267.72775,0.089621,0.003155,0.003155,0,0,0,0.089621,0.002317,0.002317,0,0,0,0.08962,0.002702,0.002702,0,0,0
2182,20-Sep-00,24:00:00,268.885552,0.090364,0.002971,0.002971,0,0,0,0.090345,0.002182,0.002182,0,0,0,0.090345,0.002544,0.002544,0,0,0
2183,21-Sep-00,24:00:00,270.611357,0.045918,0.002798,0.002798,0,0,0,0.045895,0.002055,0.002055,0,0,0,0.045865,0.002396,0.002396,0,0,0
2184,22-Sep-00,24:00:00,271.000757,0.04615,0.002635,0.002635,0,0,0,0.046128,0.001935,0.001935,0,0,0,0.046088,0.002257,0.002257,0,0,0
2185,23-Sep-00,24:00:00,271.628452,0.067806,0.002481,0.002481,0,0,0,0.067785,0.001823,0.001823,0,0,0,0.067747,0.002125,0.002125,0,0,0
2186,24-Sep-00,24:00:00,273.866097,0.06429,0.002337,0.002337,0,0,0,0.064268,0.001717,0.001717,0,0,0,0.06423,0.002002,0.002002,0,0,0
2187,25-Sep-00,24:00:00,273.743675,0.075345,0.002201,0.002201,0,0,0,0.075336,0.001617,0.001617,0,0,0,0.075321,0.001885,0.001885,0,0,0
2188,26-Sep-00,24:00:00,274.26133,0.082548,0.002073,0.002073,0,0,0,0.082545,0.001522,0.001522,0,0,0,0.082539,0.001775,0.001775,0,0,0
2189,27-Sep-00,24:00:00,267.529182,0.064005,0.001952,0.001952,0,0,0,0.063983,0.001434,0.001434,0,0,0,0.063945,0.001672,0.001672,0,0,0
2190,28-Sep-00,24:00:00,250.014959,0.057201,0.001838,0.001838,0,0,0,0.057181,0.00135,0.00135,0,0,0,0.057145,0.001574,0.001574,0,0,0
2191,29-Sep-00,24:00:00,243.375367,0.077009,0.001731,0.001731,0,0,0,0.077003,0.001272,0.001272,0,0,0,0.076994,0.001483,0.001483,0,0,0
2192,30-Sep-00,24:00:00,245.237113,0.062889,0.00163,0.00163,0,0,0,0.062871,0.001198,0.001198,0,0,0,0.062841,0.001396,0.001396,0,0,0
2193,1-Oct-00,24:00:00,248.479902,0.080644,0.001535,0.001535,0,0,0,0.080637,0.001128,0.001128,0,0,0,0.080625,0.001315,0.001315,0,0,0
2194,2-Oct-00,24:00:00,247.491645,0.071743,0.001446,0.001446,0,0,0,0.071742,0.001062,0.001062,0,0,0,0.071741,0.001239,0.001239,0,0,0
2195,3-Oct-00,24:00:00,247.893457,0.064515,0.001362,0.001362,0,0,0,0.064495,0.001,0.001,0,0,0,0.064463,0.001166,0.001166,0,0,0
2196,4-Oct-00,24:00:00,249.607474,0.057203,0.001283,0.001283,0,0,0,0.05718,0.000942,0.000942,0,0,0,0.057162,0.001098,0.001098,0,0,0
2197,5-Oct-00,24:00:00,249.997022,0.061897,0.001208,0.001208,0,0,0,0.061873,0.000887,0.000887,0,0,0,0.061845,0.001034,0.001034,0,0,0
2198,6-Oct-00,24:00:00,249.380937,0.07129,0.001138,0.001138,0,0,0,0.071253,0.000836,0.000836,0,0,0,0.071192,0.000974,0.000974,0,0,0
2199,7-Oct-00,24:00:00,247.142826,0.050433,0.001071,0.001071,0,0,0,0.050405,0.000787,0.000787,0,0,0,0.050359,0.000918,0.000918,0,0,0
2200,8-Oct-00,24:00:00,246.020731,0.063612,0.001009,0.001009,0,0,0,0.063587,0.000741,0.000741,0,0,0,0.063544,0.000864,0.000864,0,0,0
2201,9-Oct-00,24:00:00,246.002613,0.036501,0.00095,0.00095,0,0,0,0.036479,0.000698,0.000698,0,0,0,0.036443,0.000814,0.000814,0,0,0
2202,10-Oct-00,24:00:00,246.002343,0.03513,0.000895,0.000895,0,0,0,0.035112,0.000657,0.000657,0,0,0,0.035081,0.000766,0.000766,0,0,0
2203,11-Oct-00,24:00:00,246.002206,0.028711,0.000843,0.000843,0,0,0,0.02869,0.000619,0.000619,0,0,0,0.028654,0.000722,0.000722,0,0,0
2204,12-Oct-00,24:00:00,225.476135,0.032519,0.000794,0.000794,0,0,0,0.032498,0.000583,0.000583,0,0,0,0.032463,0.00068,0.00068,0,0,0
2205,13-Oct-00,24:00:00,228.750444,0.053034,0.000747,0.000747,0,0,0,0.05301,0.000549,0.000549,0,0,0,0.05297,0.00064,0.00064,0,0,0
2206,14-Oct-00,24:00:00,237.852819,0.050982,0.000704,0.000704,0,0,0,0.050963,0.000517,0.000517,0,0,0,0.050932,0.000603,0.000603,0,0,0
2207,15-Oct-00,24:00:00,238.000699,0.046371,0.000663,0.000663,0,0,0,0.046366,0.000487,0.000487,0,0,0,0.046356,0.000568,0.000568,0,0,0
2208,16-Oct-00,24:00:00,238.001629,0.053931,0.000624,0.000624,0,0,0,0.053931,0.000459,0.000459,0,0,0,0.053929,0.000535,0.000535,0,0,0
2209,17-Oct-00,24:00:00,238.001539,0.04305,0.000588,0.000588,0,0,0,0.043035,0.000432,0.000432,0,0,0,0.043008,0.000504,0.000504,0,0,0
2210,18-Oct-00,24:00:00,238.00145,0.045128,0.000554,0.000554,0,0,0,0.045106,0.000407,0.000407,0,0,0,0.04507,0.000474,0.000474,0,0,0
2211,19-Oct-00,24:00:00,236.13537,0.050945,0.000521,0.000521,0,0,0,0.050933,0.000383,0.000383,0,0,0,0.050924,0.000447,0.000447,0,0,0
2212,20-Oct-00,24:00:00,231.909343,0.023406,0.000491,0.000491,0,0,0,0.023393,0.000361,0.000361,0,0,0,0.023375,0.000421,0.000421,0,0,0
2213,21-Oct-00,24:00:00,230.031416,0.058121,0.000462,0.000462,0,0,0,0.058116,0.00034,0.00034,0,0,0,0.058106,0.000396,0.000396,0,0,0
2214,22-Oct-00,24:00:00,230.00135,0.072171,0.000436,0.000436,0,0,0,0.072133,0.00032,0.00032,0,0,0,0.07207,0.000373,0.000373,0,0,0
2215,23-Oct-00,24:00:00,230.001075,0.046504,0.00041,0.00041,0,0,0,0.046498,0.000301,0.000301,0,0,0,0.046488,0.000351,0.000351,0,0,0
2216,24-Oct-00,24:00:00,230.001057,0.05934,0.000386,0.000386,0,0,0,0.059322,0.000284,0.000284,0,0,0,0.059293,0.004673,0.000331,0.013593,0,0.00004
2217,25-Oct-00,24:00:00,259.651083,0.017167,1.463433,0.000364,0.677326,0,0.034003,0.017152,25.984785,0.000267,0.550684,0,0.035683,0.017127,17.55948,0.000312,0.376806,0,0.036684
2218,26-Oct-00,24:00:00,265.845047,0.019388,3.382295,0.000343,0.268007,0,0.122902,0.019373,32.05464,0.000252,0.174517,0,0.096507,0.019348,0.512572,0.000293,0,0,0.055771
2219,27-Oct-00,24:00:00,217.994299,0.024278,0.693377,0.000323,0.074367,0,0.137341,0.024251,19.691859,0.000237,0.431414,0,0.127125,0.024206,24.844784,0.000276,0.769244,0,0.094275
2220,28-Oct-00,24:00:00,264.485669,0.010883,2.922752,0.000304,0.726095,0,0.20175,0.01087,53.431477,0.000223,0.628453,0,0.209777,0.01085,26.704927,0.00026,0.438556,0,0.194416
2221,29-Oct-00,24:00:00,278.473538,0.021816,3.334733,0.000286,0.482215,0,0.288579,0.021796,61.090165,0.00021,0.639911,0,0.311666,0.021765,43.201669,0.000245,0.868391,0,0.309089
2222,30-Oct-00,24:00:00,220.812953,0.01637,1.111307,0.00027,0,0,0.318287,0.016358,15.937005,0.000198,0,0,0.346426,0.016338,1.378858,0.000231,0,0,0.35237
2223,31-Oct-00,24:00:00,173.308893,0.028537,0.069434,0.000254,0,0,0.318287,0.028514,0.60264,0.000186,0,0,0.346426,0.028477,0.000217,0.000217,0,0,0.35237
2224,1-Nov-00,24:00:00,166.478685,0.02616,0.000736,0.000239,0,0,0.318287,0.026141,0.000176,0.000176,0,0,0.346426,0.026111,0.000205,0.000205,0,0,0.35237
2225,2-Nov-00,24:00:00,166.922221,0.038288,0.000225,0.000225,0,0,0.317757,0.038272,0.000165,0.000165,0,0,0.3459,0.038245,0.000193,0.000193,0,0,0.351851
2226,3-Nov-00,24:00:00,168.797101,0.034588,0.000212,0.000212,0,0,0.314429,0.034559,0.000156,0.000156,0,0,0.34258,0.034511,0.000182,0.000182,0,0,0.348543
2227,4-Nov-00,24:00:00,169.891405,0.029887,0.0002,0.0002,0,0,0.309816,0.029862,0.000147,0.000147,0,0,0.33797,0.029821,0.000171,0.000171,0,0,0.34394
2228,5-Nov-00,24:00:00,169.994684,0.033791,0.000188,0.000188,0,0,0.305523,0.033763,0.000138,0.000138,0,0,0.333681,0.033718,0.000161,0.000161,0,0,0.339657
2229,6-Nov-00,24:00:00,170.000204,0.036385,0.000177,0.000177,0,0,0.300321,0.03636,0.00013,0.00013,0,0,0.328483,0.036319,0.000152,0.000152,0,0,0.334465
2230,7-Nov-00,24:00:00,167.302866,0.029693,0.000167,0.000167,0,0,0.295533,0.029673,0.000122,0.000122,0,0,0.323698,0.029643,0.000143,0.000143,0,0,0.329685
2231,8-Nov-00,24:00:00,162.512832,0.036832,0.000157,0.000157,0,0,0.291246,0.036805,0.000115,0.000115,0,0,0.319414,0.036763,0.000135,0.000135,0,0,0.325406
2232,9-Nov-00,24:00:00,160.224269,0.026891,0.000148,0.000148,0,0,0.286415,0.026864,0.000109,0.000109,0,0,0.314588,0.026821,0.000127,0.000127,0,0,0.320586
2233,10-Nov-00,24:00:00,160.012245,0.020527,0.000139,0.000139,0,0,0.282848,0.020501,0.000102,0.000102,0,0,0.311024,0.020459,0.000119,0.000119,0,0,0.317029
2234,11-Nov-00,24:00:00,160.000881,0.019359,0.000131,0.000131,0,0,0.280051,0.019331,0.000096,0.000096,0,0,0.308231,0.019287,0.000112,0.000112,0,0,0.314241
2235,12-Nov-00,24:00:00,160.000348,0.024419,0.000124,0.000124,0,0,0.276935,0.024387,0.000091,0.000091,0,0,0.305119,0.024336,0.000106,0.000106,0,0,0.311137
2236,13-Nov-00,24:00:00,162.984861,0.00557,0.009049,0.000116,0.003041,0,0.275316,0.005564,2.918883,0.000085,0.052291,0,0.307086,0.005554,5.818557,0.0001,0.131492,0,0.319205
2237,14-Nov-00,24:00:00,166.873549,0.013202,0.00836,0.00011,0,0,0.275525,0.013189,1.523997,0.00008,0,0,0.310806,0.013167,0.269818,0.000094,0,0,0.328142
2238,15-Nov-00,24:00:00,160.714475,0.010302,0.00063,0.000103,0,0,0.275525,0.010288,0.059581,0.000076,0,0,0.310806,0.010267,0.000088,0.000088,0,0,0.328142
2239,16-Nov-00,24:00:00,160.034863,0.017663,0.000097,0.000097,0,0,0.275525,0.017645,0.000071,0.000071,0,0,0.310806,0.017622,0.000083,0.000083,0,0,0.328142
2240,17-Nov-00,24:00:00,160.001669,0.020935,0.000092,0.000092,0,0,0.275525,0.020912,0.000067,0.000067,0,0,0.310806,0.020884,0.000078,0.000078,0,0,0.328142
2241,18-Nov-00,24:00:00,160.000283,0.019013,0.000086,0.000086,0,0,0.275525,0.01899,0.000063,0.000063,0,0,0.310806,0.018955,0.000074,0.000074,0,0,0.328142
2242,19-Nov-00,24:00:00,160.000216,0.01552,0.000081,0.000081,0,0,0.275525,0.015496,0.00006,0.00006,0,0,0.310806,0.015458,0.00007,0.00007,0,0,0.328142
2243,20-Nov-00,24:00:00,160.000202,0.023731,0.000076,0.000076,0,0,0.274111,0.0237,0.000056,0.000056,0,0,0.30935,0.023651,0.000065,0.000065,0,0,0.326705
2244,21-Nov-00,24:00:00,160.00019,0.01056,0.000072,0.000072,0,0,0.27231,0.010547,0.000053,0.000053,0,0,0.307528,0.010527,0.000062,0.000062,0,0,0.324896
2245,22-Nov-00,24:00:00,160.000179,0.019233,0.000068,0.000068,0,0,0.27231,0.019202,0.00005,0.00005,0,0,0.307528,0.019153,0.000058,0.000058,0,0,0.324896
2246,23-Nov-00,24:00:00,160.000168,0.013394,0.000064,0.000064,0,0,0.27231,0.013373,0.000047,0.000047,0,0,0.307528,0.01334,0.000055,0.000055,0,0,0.324896
2247,24-Nov-00,24:00:00,160.000158,0.018584,0.00006,0.00006,0,0,0.27132,0.01856,0.000044,0.000044,0,0,0.307528,0.018524,0.000052,0.000052,0,0,0.324896
2248,25-Nov-00,24:00:00,160.000149,0.013175,0.000057,0.000057,0,0,0.269279,0.013152,0.000042,0.000042,0,0,0.307528,0.013115,0.000049,0.000049,0,0,0.324047
2249,26-Nov-00,24:00:00,160.000141,0.020384,0.000053,0.000053,0,0,0.266916,0.020349,0.000039,0.000039,0,0,0.306267,0.020296,0.000046,0.000046,0,0,0.321764
2250,27-Nov-00,24:00:00,160.000132,0.00628,0.00005,0.00005,0,0,0.265,0.006272,0.000037,0.000037,0,0,0.304461,0.006259,0.000043,0.000043,0,0,0.319856
2251,28-Nov-00,24:00:00,160.449769,0.023477,0.000047,0.000047,0,0,0.262877,0.023454,0.000795,0.000035,0.003914,0,0.302351,0.023418,0.000041,0.000041,0,0,0.317738
2252,29-Nov-00,24:00:00,242.847855,0.020694,3.394939,0.000045,0.712204,0,0.344159,0.020664,59.66476,0.000033,0.788076,0,0.396614,0.020618,42.373154,0.000038,0.916193,0,0.427838
2253,30-Nov-00,24:00:00,193.234606,0.013559,0.926198,0.000042,0.046636,0,0.367639,0.013534,8.856133,0.000031,0.006589,0,0.414489,0.013495,0.047391,0.000036,0,0,0.446947
2254,1-Dec-00,24:00:00,164.729972,0.014913,0.095121,0.00004,0,0,0.369602,0.014888,0.233682,0.000029,0,0,0.414744,0.01485,0.000034,0.000034,0,0,0.446947
2255,2-Dec-00,24:00:00,161.221913,0.020158,0.00331,0.000037,0,0,0.369602,0.020124,0.002535,0.000027,0,0,0.414744,0.020075,0.000032,0.000032,0,0,0.446947
2256,3-Dec-00,24:00:00,160.108163,0.016261,0.000035,0.000035,0,0,0.369602,0.016233,0.000026,0.000026,0,0,0.414744,0.016191,0.00003,0.00003,0,0,0.446947
2257,4-Dec-00,24:00:00,160.005813,0.014742,0.000033,0.000033,0,0,0.369602,0.014712,0.000024,0.000024,0,0,0.414744,0.014668,0.000028,0.000028,0,0,0.446947
2258,5-Dec-00,24:00:00,160.00034,0.020664,0.000031,0.000031,0,0,0.369591,0.020625,0.000023,0.000023,0,0,0.414739,0.020566,0.000027,0.000027,0,0,0.445504
2259,6-Dec-00,24:00:00,161.798463,0.013755,0.000029,0.000029,0,0,0.368582,0.013737,0.000022,0.000022,0,0,0.413746,0.01371,0.000025,0.000025,0,0,0.443108
2260,7-Dec-00,24:00:00,162.89369,0.012439,0.000028,0.000028,0,0,0.366704,0.01242,0.00002,0.00002,0,0,0.41187,0.012393,0.000024,0.000024,0,0,0.441237
2261,8-Dec-00,24:00:00,161.64295,0.020317,0.000026,0.000026,0,0,0.364302,0.020285,0.000019,0.000019,0,0,0.409472,0.020246,0.000022,0.000022,0,0,0.438843
2262,9-Dec-00,24:00:00,161.956109,0.008048,0.000024,0.000024,0,0,0.362351,0.008034,0.000018,0.000018,0,0,0.407525,0.008012,0.000021,0.000021,0,0,0.4369
2263,10-Dec-00,24:00:00,162.899474,0.017992,0.000023,0.000023,0,0,0.360468,0.017968,0.000017,0.000017,0,0,0.405643,0.017929,0.00002,0.00002,0,0,0.435023
2264,11-Dec-00,24:00:00,167.388729,0.00763,0.293804,0.000022,0.158902,0,0.366051,0.007613,7.95227,0.000016,0.209908,0,0.414505,0.007598,9.194703,0.000019,0.232758,0,0.446532
2265,12-Dec-00,24:00:00,185.370345,0.016119,0.59195,0.00002,0,0,0.381222,0.016098,9.694959,0.000015,0,0,0.433689,0.016066,1.582225,0.000017,0,0,0.466338
2266,13-Dec-00,24:00:00,171.995463,0.005978,0.330438,0.000019,0.376727,0,0.390706,0.005974,9.764518,0.000014,0.449414,0,0.448324,0.005967,17.470529,0.000016,0.59829,0,0.493156
2267,14-Dec-00,24:00:00,219.610605,0.006783,2.068923,0.000018,0.096864,0,0.442612,0.006782,33.225377,0.000013,0.148246,0,0.505125,0.00678,16.453212,0.000016,0.177124,0,0.560328
2268,15-Dec-00,24:00:00,187.675334,0.022172,0.382368,0.000017,0,0,0.448878,0.022147,8.58056,0.000013,0,0,0.519069,0.022108,1.978571,0.000015,0,0,0.577111
2269,16-Dec-00,24:00:00,165.71152,0.01901,0.016197,0.000016,0,0,0.448878,0.018975,0.314023,0.000012,0,0,0.519069,0.01892,0.000014,0.000014,0,0,0.577111
2270,17-Dec-00,24:00:00,163.131626,0.017563,0.000015,0.000015,0,0,0.448878,0.017533,0.000011,0.000011,0,0,0.519069,0.017486,0.000013,0.000013,0,0,0.577111
2271,18-Dec-00,24:00:00,163.005212,0.017875,0.000014,0.000014,0,0,0.448878,0.017836,0.00001,0.00001,0,0,0.519069,0.017776,0.000012,0.000012,0,0,0.577111
2272,19-Dec-00,24:00:00,163.000233,0.015261,0.000013,0.000013,0,0,0.448878,0.015232,0.00001,0.00001,0,0,0.519069,0.015189,0.000011,0.000011,0,0,0.577111
2273,20-Dec-00,24:00:00,163.000041,0.012525,0.000013,0.000013,0,0,0.448615,0.012505,0.000009,0.000009,0,0,0.518824,0.012475,0.000011,0.000011,0,0,0.576883
2274,21-Dec-00,24:00:00,163.000032,0.007644,0.000012,0.000012,0,0,0.447719,0.007631,0.000009,0.000009,0,0,0.517952,0.00761,0.00001,0.00001,0,0,0.576035
2275,22-Dec-00,24:00:00,163.00003,0.011575,0.000011,0.000011,0,0,0.446316,0.011554,0.000008,0.000008,0,0,0.516551,0.011521,0.00001,0.00001,0,0,0.574638
2276,23-Dec-00,24:00:00,162.10084,0.009238,0.000011,0.000011,0,0,0.444848,0.009224,0.000008,0.000008,0,0,0.515085,0.009201,0.000009,0.000009,0,0,0.573176
2277,24-Dec-00,24:00:00,160.65403,0.011878,0.00001,0.00001,0,0,0.443316,0.011859,0.000007,0.000007,0,0,0.513556,0.011827,0.000009,0.000009,0,0,0.571651
2278,25-Dec-00,24:00:00,161.406166,0.011564,0.000009,0.000009,0,0,0.441641,0.011543,0.000007,0.000007,0,0,0.511884,0.011511,0.000008,0.000008,0,0,0.569983
2279,26-Dec-00,24:00:00,162.847659,0.017368,0.000009,0.000009,0,0,0.439559,0.017341,0.000006,0.000006,0,0,0.509805,0.017301,0.000008,0.000008,0,0,0.56791
2280,27-Dec-00,24:00:00,162.991816,0.012828,0.000008,0.000008,0,0,0.437453,0.012795,0.000006,0.000006,0,0,0.507703,0.012745,0.000007,0.000007,0,0,0.565814
2281,28-Dec-00,24:00:00,162.999649,0.018641,0.000008,0.000008,0,0,0.435174,0.018607,0.000006,0.000006,0,0,0.505429,0.01855,0.000007,0.000007,0,0,0.563547
2282,29-Dec-00,24:00:00,163.000004,0.011054,0.000007,0.000007,0,0,0.433062,0.011029,0.000005,0.000005,0,0,0.503322,0.01099,0.000006,0.000006,0,0,0.561447
2283,30-Dec-00,24:00:00,163.000018,0.01879,0.000007,0.000007,0,0,0.430904,0.018757,0.000005,0.000005,0,0,0.501168,0.018706,0.000006,0.000006,0,0,0.559299
2284,31-Dec-00,24:00:00,163.000017,0.01559,0.000007,0.000007,0,0,0.428531,0.015559,0.000005,0.000005,0,0,0.498799,0.015511,0.000006,0.000006,0,0,0.556938
2285,1-Jan-01,24:00:00,163.000016,0.019529,0.000006,0.000006,0,0,0.425982,0.019491,0.000005,0.000005,0,0,0.496256,0.019431,0.000005,0.000005,0,0,0.554402
2286,2-Jan-01,24:00:00,163.000015,0.018319,0.000006,0.000006,0,0,0.423285,0.018282,0.000004,0.000004,0,0,0.493564,0.018226,0.000005,0.000005,0,0,0.551719
2287,3-Jan-01,24:00:00,163.000014,0.015996,0.000005,0.000005,0,0,0.420875,0.015969,0.000004,0.000004,0,0,0.491158,0.015927,0.000005,0.000005,0,0,0.54932
2288,4-Jan-01,24:00:00,163.000014,0.021907,0.000005,0.000005,0,0,0.418101,0.02187,0.000004,0.000004,0,0,0.488389,0.021813,0.000004,0.000004,0,0,0.546558
2289,5-Jan-01,24:00:00,163.000013,0.019534,0.000005,0.000005,0,0,0.415136,0.019496,0.000004,0.000004,0,0,0.485429,0.019437,0.000004,0.000004,0,0,0.543606
2290,6-Jan-01,24:00:00,163.000012,0.01432,0.000005,0.000005,0,0,0.412772,0.014298,0.000003,0.000003,0,0,0.483069,0.014263,0.000004,0.000004,0,0,0.541253
2291,7-Jan-01,24:00:00,163.000984,0.015859,0.00058,0.000004,0.059791,0,0.410992,0.015836,0.005952,0.000003,0.03063,0,0.481206,0.015803,0.000267,0.000004,0.000823,0,0.539304
2292,8-Jan-01,24:00:00,216.358672,0.018223,3.18153,0.000004,0.599095,0,0.489998,0.018203,44.465005,0.000003,0.564817,0,0.551812,0.018171,23.330846,0.000003,0.504598,0,0.599523
2293,9-Jan-01,24:00:00,192.15732,0.004821,1.223515,0.000004,0.347627,0,0.518709,0.00481,17.977451,0.000003,0.312034,0,0.579933,0.004803,12.85001,0.000003,0.342592,0,0.627556
2294,10-Jan-01,24:00:00,218.455312,0.008388,4.42534,0.000004,1.215952,0,0.622618,0.008388,59.528838,0.000003,1.078796,0,0.669785,0.008388,33.977801,0.000003,0.902772,0,0.709656
2295,11-Jan-01,24:00:00,217.244311,0.00959,5.788916,0.000003,0.712656,0,0.771589,0.00959,72.020379,0.000002,0.538884,0,0.798237,0.00959,21.107814,0.000003,0.243163,0,0.805828
2296,12-Jan-01,24:00:00,105.329902,0.015191,2.335612,0.000003,0,0,0.828756,0.01517,22.545918,0.000002,0,0,0.840492,0.015137,1.054627,0.000003,0,0,0.822771
2297,13-Jan-01,24:00:00,67.081517,0.016213,0.138304,0.000003,0,0,0.828756,0.016191,0.873046,0.000002,0,0,0.840492,0.016157,0.000003,0.000003,0,0,0.822771
2298,14-Jan-01,24:00:00,111.358405,0.019654,0.000055,0.000003,0,0,0.828756,0.019627,0.000002,0.000002,0,0,0.840492,0.019588,0.000002,0.000002,0,0,0.822771
2299,15-Jan-01,24:00:00,134.705986,0.023798,0.000003,0.000003,0,0,0.828756,0.023769,0.000002,0.000002,0,0,0.840492,0.023723,0.000002,0.000002,0,0,0.822771
2300,16-Jan-01,24:00:00,136.878192,0.020795,0.000003,0.000003,0,0,0.828756,0.020765,0.000002,0.000002,0,0,0.840492,0.02072,0.000002,0.000002,0,0,0.822771
2301,17-Jan-01,24:00:00,136.994518,0.017204,0.000002,0.000002,0,0,0.827905,0.017173,0.000002,0.000002,0,0,0.839654,0.017125,0.000002,0.000002,0,0,0.821867
2302,18-Jan-01,24:00:00,136.999778,0.012753,0.000002,0.000002,0,0,0.826018,0.012734,0.000002,0.000002,0,0,0.837779,0.012705,0.000002,0.000002,0,0,0.819944
2303,19-Jan-01,24:00:00,136.999997,0.022424,0.000002,0.000002,0,0,0.823518,0.022403,0.000002,0.000002,0,0,0.835282,0.022357,0.000002,0.000002,0,0,0.817452
2304,20-Jan-01,24:00:00,137.000005,0.020954,0.000002,0.000002,0,0,0.820692,0.020933,0.000001,0.000001,0,0,0.832458,0.020901,0.000002,0.000002,0,0,0.814634
2305,21-Jan-01,24:00:00,137.000005,0.011349,0.000002,0.000002,0,0,0.818096,0.011335,0.000001,0.000001,0,0,0.829866,0.011313,0.000002,0.000002,0,0,0.812046
2306,22-Jan-01,24:00:00,137.000005,0.03236,0.000002,0.000002,0,0,0.815198,0.032328,0.000001,0.000001,0,0,0.82697,0.032278,0.000001,0.000001,0,0,0.809154
2307,23-Jan-01,24:00:00,159.847372,0.005827,2.489583,0.045779,1.349756,0.037698,0.872844,0.005813,37.395456,0.088673,1.286518,0.056887,0.878538,0.005804,34.108313,0.000001,1.297743,0,0.859902
2308,24-Jan-01,24:00:00,280.916384,0.016964,23.739394,18.701446,0,0,1,0.016948,106.158891,36.233022,0,0,1,0.016922,25.97821,0.000001,0,0,0.99192
2309,25-Jan-01,24:00:00,843.274752,0.00678,324.887969,113.645441,1.005393,1.005393,1,0.00677,334.099194,162.358223,0.978852,0.978852,1,0.006753,620.966967,550.134299,0.844996,0.788436,0.997259
2310,26-Jan-01,24:00:00,2710.71,0.010608,792.925241,642.900206,0.161666,0.161666,1,0.0106,896.428255,775.317384,0.184669,0.184669,1,0.010587,729.431811,710.536842,0.191904,0.191904,1
2311,27-Jan-01,24:00:00,955.228437,0.025971,356.035844,346.588651,0,0,1,0.025953,344.648211,338.364059,0,0,1,0.025926,71.930449,71.928073,0,0,1
2312,28-Jan-01,24:00:00,353.231814,0.027129,109.177652,109.170647,0,0,1,0.027103,99.386148,99.36582,0,0,1,0.027061,59.96718,59.96718,0,0,1
2313,29-Jan-01,24:00:00,276.757699,0.026,57.686674,57.686674,0,0,1,0.02598,60.813482,60.813482,0,0,1,0.025948,56.465752,56.465752,0,0,1
2314,30-Jan-01,24:00:00,267.687323,0.021761,47.988328,47.988328,0,0,0.99929,0.021425,53.966724,53.966724,0,0,0.999312,0.021393,53.177435,53.177435,0,0,0.999322
2315,31-Jan-01,24:00:00,257.137493,0.027266,44.453723,44.453723,0,0,0.996525,0.027094,50.547205,50.547205,0,0,0.996598,0.027057,50.080621,50.080621,0,0,0.996621
2316,1-Feb-01,24:00:00,248.431245,0.026181,41.787407,41.787407,0,0,0.992661,0.026161,47.582781,47.582781,0,0,0.992745,0.026135,47.164151,47.164151,0,0,0.992772
2317,2-Feb-01,24:00:00,216.116715,0.013448,39.34633,39.34633,0,0,0.989866,0.013432,44.810321,44.810321,0,0,0.989953,0.013406,44.417523,44.417523,0,0,0.989983
2318,3-Feb-01,24:00:00,167.732077,0.034098,37.054274,37.054274,0,0,0.986421,0.034076,42.200673,42.200673,0,0,0.98651,0.034042,41.830847,41.830847,0,0,0.986545
2319,4-Feb-01,24:00:00,141.968529,0.038032,34.896338,34.896338,0,0,0.981365,0.038005,39.74309,39.74309,0,0,0.981457,0.037963,39.394807,39.394807,0,0,0.981497
2320,5-Feb-01,24:00:00,133.492567,0.039734,32.864127,32.864127,0,0,0.975965,0.039698,37.428631,37.428631,0,0,0.976062,0.039643,37.10063,37.10063,0,0,0.976108
2321,6-Feb-01,24:00:00,127.030345,0.036735,30.950267,30.950267,0,0,0.970383,0.036708,35.248956,35.248956,0,0,0.970485,0.036666,34.940057,34.940057,0,0,0.970539
2322,7-Feb-01,24:00:00,121.026442,0.037687,29.147863,29.147863,0,0,0.965005,0.037666,33.196215,33.196215,0,0,0.96511,0.037633,32.905305,32.905305,0,0,0.96517
2323,8-Feb-01,24:00:00,115.375898,0.031249,27.450423,27.450423,0,0,0.960145,0.031232,31.263017,31.263017,0,0,0.960253,0.031207,30.989049,30.989049,0,0,0.960317
2324,9-Feb-01,24:00:00,211.66916,0.012994,70.247426,67.994146,0.767532,0.471431,0.987348,0.012982,85.165319,57.087988,0.593262,0.297789,0.985277,0.012966,184.484597,163.999084,0.548196,0.253187,0.984854
2325,10-Feb-01,24:00:00,926.919565,0.012731,308.109861,305.832819,0.220792,0.220792,1,0.012718,326.682234,293.077386,0.390687,0.390687,1,0.012696,262.734892,255.385251,0.273916,0.273916,1
2326,11-Feb-01,24:00:00,1920.37,0.008856,414.174458,411.087595,0.668707,0.668707,1,0.008846,631.338077,574.025025,0.70083,0.70083,1,0.008831,1121.45,1080.86,0.80407,0.80407,1
2327,12-Feb-01,24:00:00,2020.71,0.015678,597.341139,593.962843,0.309852,0.309852,1,0.015665,690.589763,654.074176,0.155435,0.155435,1,0.015645,475.683298,466.052999,0.05971,0.05971,1
2328,13-Feb-01,24:00:00,882.865843,0.032204,364.435709,363.991303,0,0,1,0.032187,290.061841,287.175907,0,0,1,0.032161,112.475277,112.475277,0,0,1
2329,14-Feb-01,24:00:00,408.349002,0.034709,146.003611,145.988581,0,0,1,0.034688,122.934742,122.888818,0,0,1,0.034653,103.299399,103.299399,0,0,1
2330,15-Feb-01,24:00:00,302.72399,0.014914,92.751687,92.751687,0,0,1,0.0149,92.751031,92.751031,0,0,1,0.014878,97.280892,97.280892,0,0,1
2331,16-Feb-01,24:00:00,276.071659,0.022525,80.811502,80.811502,0,0,0.999094,0.02251,84.946703,84.946703,0,0,0.999882,0.022485,91.615689,91.615689,0,0,0.998861
2332,17-Feb-01,24:00:00,560.724616,0.016285,154.580987,152.648349,0.589375,0.567625,0.99898,0.016272,199.528101,174.141783,0.464269,0.455222,0.999584,0.01625,490.085654,470.74763,0.441282,0.416704,0.998691
2333,18-Feb-01,24:00:00,1322.74,0.022853,408.438545,406.925774,0.026851,0.026851,1,0.022839,430.210255,409.877934,0.111858,0.111858,1,0.022816,265.804555,263.744368,0.021524,0.021524,1
2334,19-Feb-01,24:00:00,1238.30,0.014255,387.169817,384.031382,1.163121,1.163121,1,0.014247,473.348821,430.7732,0.968724,0.968724,1,0.014234,596.194493,574.670456,0.774321,0.774321,1
2335,20-Feb-01,24:00:00,3594.78,0.014261,943.091849,936.707475,0.96705,0.96705,1,0.014258,1132.98,1038.51,1.041418,1.041418,1,0.014254,1672.03,1618.03,1.042399,1.042399,1
2336,21-Feb-01,24:00:00,3478.12,0.031643,1084.28,1078.93,0.547528,0.547528,1,0.031623,1254.08,1179.90,0.536425,0.536425,1,0.03159,943.857056,920.337737,0.368036,0.368036,1
2337,22-Feb-01,24:00:00,3034.04,0.016804,856.649639,853.007196,0.841867,0.841867,1,0.016789,991.515155,934.552187,0.77287,0.77287,1,0.016764,1336.86,1294.25,0.888011,0.888011,1
2338,23-Feb-01,24:00:00,2587.19,0.026888,816.211225,813.042228,0.248215,0.248215,1,0.026872,920.45366,876.587842,0.311552,0.311552,1,0.026846,589.95425,582.232215,0.152883,0.152883,1
2339,24-Feb-01,24:00:00,1846.99,0.013371,583.554879,581.8095,0.516073,0.516073,1,0.013358,621.866746,600.154473,0.406463,0.406463,1,0.013338,683.579383,667.551076,0.483939,0.483939,1
2340,25-Feb-01,24:00:00,2132.50,0.01835,656.922611,653.957315,0.302111,0.302111,1,0.018338,711.746487,671.725933,0.321358,0.321358,1,0.018317,695.153056,681.499248,0.15742,0.15742,1
2341,26-Feb-01,24:00:00,1419.49,0.042947,500.325058,499.660433,0.045294,0.045294,1,0.042936,523.093566,513.891212,0.051306,0.051306,1,0.042933,287.020573,287.002374,0,0,1
2342,27-Feb-01,24:00:00,909.546722,0.055026,300.176833,300.121552,0,0,1,0.055022,307.557667,306.956477,0,0,1,0.055022,261.791263,261.791263,0,0,0.999305
2343,28-Feb-01,24:00:00,739.0967,0.049211,228.379353,228.377772,0,0,0.996838,0.049211,240.0661,240.060019,0,0,0.996839,0.04921,246.534171,246.534171,0,0,0.99467
2344,1-Mar-01,24:00:00,679.253328,0.031623,205.557148,205.557148,0,0,0.990978,0.031608,219.47088,219.47088,0,0,0.990981,0.031584,232.177123,232.177123,0,0,0.988713
2345,2-Mar-01,24:00:00,675.690273,0.026028,192.331885,192.331885,0,0,0.988739,0.026021,206.659571,206.046495,0.008229,0,0.989699,0.026009,272.309617,266.11897,0.133735,0.039197,0.998396
2346,3-Mar-01,24:00:00,622.054338,0.024956,181.015473,180.996371,0.084368,0.005543,0.989923,0.024946,195.18097,194.266827,0.084951,0.014385,0.991645,0.024928,222.055267,221.305017,0.06484,0.06484,1
2347,4-Mar-01,24:00:00,3775.58,0.013243,1255.30,424.937905,1.414089,1.414089,1,0.013234,1378.30,516.56353,1.392086,1.392086,1,0.01322,2223.07,1303.09,1.321481,1.321481,1
2348,5-Mar-01,24:00:00,5017.89,0.025239,1537.54,933.991029,0,0,1,0.025224,1565.52,1069.89,0,0,1,0.025199,952.37084,879.120383,0,0,1
2349,6-Mar-01,24:00:00,1399.02,0.053312,516.796791,479.093653,0,0,1,0.053306,488.365218,468.602845,0,0,1,0.053296,265.680471,265.680471,0,0,1
2350,7-Mar-01,24:00:00,783.556894,0.061493,250.221956,250.221956,0,0,0.997664,0.061493,251.513109,251.513109,0,0,0.997666,0.061493,247.749383,247.749383,0,0,0.997669
2351,8-Mar-01,24:00:00,666.806926,0.046925,198.436775,198.436775,0,0,0.990912,0.046925,211.658595,211.658595,0,0,0.990916,0.046924,233.319217,233.319217,0,0,0.990921
2352,9-Mar-01,24:00:00,619.782133,0.043387,181.906492,181.906492,0,0,0.98451,0.043384,196.916896,196.916896,0,0,0.984513,0.043378,219.731756,219.731756,0,0,0.98452
2353,10-Mar-01,24:00:00,582.95504,0.052029,170.748219,170.748219,0,0,0.977665,0.052029,185.252785,185.252785,0,0,0.977669,0.052029,206.935568,206.935568,0,0,0.977675
2354,11-Mar-01,24:00:00,548.705691,0.056374,160.74646,160.74646,0,0,0.970001,0.056374,174.450003,174.450003,0,0,0.970005,0.056374,194.884572,194.884572,0,0,0.970012
2355,12-Mar-01,24:00:00,517.464116,0.058278,151.379703,151.379703,0,0,0.961748,0.058278,164.28982,164.28982,0,0,0.961752,0.058278,183.535373,183.535373,0,0,0.961758
2356,13-Mar-01,24:00:00,490.379277,0.063584,142.563515,142.563515,0,0,0.953192,0.063584,154.722255,154.722255,0,0,0.953195,0.063584,172.847099,172.847099,0,0,0.953202
2357,14-Mar-01,24:00:00,465.605501,0.062811,134.261212,134.261212,0,0,0.944178,0.062811,145.711923,145.711923,0,0,0.944181,0.062811,162.781263,162.781263,0,0,0.944188
2358,15-Mar-01,24:00:00,440.859424,0.036667,126.44244,126.44244,0,0,0.936866,0.036655,137.226317,137.226317,0,0,0.93687,0.036633,153.301615,153.301615,0,0,0.936878
2359,16-Mar-01,24:00:00,416.303784,0.059938,119.079002,119.079002,0,0,0.930179,0.059934,129.234874,129.234874,0,0,0.930185,0.059927,144.37402,144.37402,0,0,0.930195
2360,17-Mar-01,24:00:00,393.110736,0.044223,112.144377,112.144377,0,0,0.922602,0.044217,121.708817,121.708817,0,0,0.922608,0.044191,135.966327,135.966327,0,0,0.92262
2361,18-Mar-01,24:00:00,371.266053,0.071599,105.613593,105.613593,0,0,0.914449,0.071595,114.621044,114.621044,0,0,0.914456,0.071587,128.048261,128.048261,0,0,0.914471
2362,19-Mar-01,24:00:00,350.693432,0.065586,99.463133,99.463133,0,0,0.904515,0.065584,107.946031,107.946031,0,0,0.904523,0.065582,120.591307,120.591307,0,0,0.904538
2363,20-Mar-01,24:00:00,331.318865,0.064032,93.670849,93.670849,0,0,0.895121,0.064032,101.65974,101.65974,0,0,0.895128,0.064033,113.568612,113.568612,0,0,0.895144
2364,21-Mar-01,24:00:00,313.072586,0.067313,88.21588,88.21588,0,0,0.885803,0.067313,95.739535,95.739535,0,0,0.885811,0.067313,106.954888,106.954888,0,0,0.885827
2365,22-Mar-01,24:00:00,302.261318,0.032453,83.078585,83.078585,0,0,0.878828,0.032449,90.164095,90.164095,0,0,0.878836,0.032442,100.726317,100.726317,0,0,0.878852
2366,23-Mar-01,24:00:00,296.188148,0.052507,78.240462,78.240462,0,0,0.872895,0.052505,84.913345,84.913345,0,0,0.872903,0.052503,94.86047,94.86047,0,0,0.87292
2367,24-Mar-01,24:00:00,292.153667,0.020239,74.2977,73.68409,0.454147,0,0.884168,0.020234,89.87338,79.968374,0.41335,0,0.882591,0.020223,99.850448,89.336223,0.394665,0,0.882866
2368,25-Mar-01,24:00:00,317.645444,0.046483,71.280235,69.39306,0,0,0.931702,0.046474,99.748889,75.311376,0,0,0.925882,0.046461,91.892761,84.133684,0,0,0.923231
2369,26-Mar-01,24:00:00,263.835132,0.061024,65.495281,65.351921,0,0,0.931365,0.061024,72.172521,70.925581,0,0,0.925546,0.061024,79.234117,79.234117,0,0,0.922895
2370,27-Mar-01,24:00:00,247.09536,0.07263,61.546879,61.54612,0,0,0.925771,0.072618,66.795194,66.795194,0,0,0.919953,0.072596,74.619879,74.619879,0,0,0.917304
2371,28-Mar-01,24:00:00,234.804543,0.058173,57.961951,57.961951,0,0,0.916028,0.058169,62.905343,62.905343,0,0,0.910212,0.058162,70.274353,70.274353,0,0,0.907566
2372,29-Mar-01,24:00:00,223.450394,0.041609,54.586508,54.586508,0,0,0.908685,0.04161,59.242019,59.242019,0,0,0.902869,0.041609,66.181892,66.181892,0,0,0.900223
2373,30-Mar-01,24:00:00,212.766687,0.08848,51.407636,51.407636,0,0,0.900006,0.088469,55.792031,55.792031,0,0,0.894191,0.088448,62.327756,62.327756,0,0,0.891546
2374,31-Mar-01,24:00:00,202.705519,0.087483,48.413886,48.413886,0,0,0.887465,0.087464,52.542954,52.542954,0,0,0.881651,0.087431,58.698069,58.698069,0,0,0.87901
2375,1-Apr-01,24:00:00,193.230282,0.074202,45.59448,45.59448,0,0,0.875823,0.074187,49.483089,49.483089,0,0,0.870012,0.074158,55.279757,55.279757,0,0,0.867376
2376,2-Apr-01,24:00:00,184.756434,0.053626,42.939263,42.939263,0,0,0.866532,0.053608,46.601417,46.601417,0,0,0.860724,0.053572,52.060513,52.060513,0,0,0.858092
2377,3-Apr-01,24:00:00,179.998417,0.056416,40.438673,40.438673,0,0,0.858534,0.056401,43.88756,43.88756,0,0,0.852728,0.056373,49.028743,49.028743,0,0,0.850102
2378,4-Apr-01,24:00:00,179.669648,0.059825,38.083707,38.083707,0,0,0.850485,0.05981,41.331747,41.331747,0,0,0.844681,0.059784,46.17353,46.17353,0,0,0.842058
2379,5-Apr-01,24:00:00,177.049413,0.074965,35.865884,35.865884,0,0,0.840836,0.074953,38.924772,38.924772,0,0,0.835034,0.07492,43.484592,43.484592,0,0,0.832415
2380,6-Apr-01,24:00:00,171.389043,0.022812,33.777216,33.777216,0,0,0.833724,0.022805,36.657968,36.657968,0,0,0.827923,0.022792,40.952245,40.952245,0,0,0.82677
2381,7-Apr-01,24:00:00,165.800352,0.047657,31.810183,31.810183,0,0,0.828703,0.04764,34.523173,34.523173,0,0,0.822904,0.047617,38.567371,38.567371,0,0,0.826717
2382,8-Apr-01,24:00:00,159.673837,0.031914,29.957701,29.957701,0,0,0.822819,0.031906,32.512699,32.512699,0,0,0.817022,0.03189,36.321381,36.321381,0,0,0.824146
2383,9-Apr-01,24:00:00,153.816076,0.06186,28.2131,28.2131,0,0,0.816414,0.061849,30.619306,30.619306,0,0,0.810618,0.061828,34.206187,34.206187,0,0,0.817745
2384,10-Apr-01,24:00:00,148.294643,0.062639,26.570096,26.570096,0,0,0.807385,0.062627,28.836176,28.836176,0,0,0.801591,0.0626,32.214173,32.214173,0,0,0.808721
2385,11-Apr-01,24:00:00,143.094535,0.05006,25.022773,25.022773,0,0,0.799576,0.05005,27.156887,27.156887,0,0,0.793783,0.05003,30.338165,30.338165,0,0,0.800917
2386,12-Apr-01,24:00:00,138.646842,0.072417,23.56556,23.56556,0,0,0.790722,0.072405,25.575392,25.575392,0,0,0.78493,0.072382,28.571407,28.571407,0,0,0.792067
2387,13-Apr-01,24:00:00,134.982952,0.060225,22.193208,22.193208,0,0,0.78112,0.060214,24.085996,24.085996,0,0,0.775331,0.060193,26.907537,26.907537,0,0,0.782471
2388,14-Apr-01,24:00:00,131.187074,0.067945,20.900775,20.900775,0,0,0.771964,0.067934,22.683336,22.683336,0,0,0.766176,0.067913,25.340563,25.340563,0,0,0.773318
2389,15-Apr-01,24:00:00,127.14819,0.073082,19.683608,19.683608,0,0,0.762304,0.073071,21.362361,21.362361,0,0,0.756518,0.07305,23.864843,23.864843,0,0,0.763663
2390,16-Apr-01,24:00:00,123.298623,0.053229,18.537323,18.537323,0,0,0.752661,0.053222,20.118313,20.118313,0,0,0.746876,0.053206,22.475062,22.475062,0,0,0.754024
2391,17-Apr-01,24:00:00,119.67075,0.069357,17.457793,17.457793,0,0,0.747111,0.069343,18.946713,18.946713,0,0,0.741182,0.069313,21.166215,21.166215,0,0,0.745689
2392,18-Apr-01,24:00:00,116.254035,0.032912,16.44113,16.44113,0,0,0.741643,0.032904,17.843342,17.843342,0,0,0.735558,0.032899,19.93359,19.93359,0,0,0.738178
2393,19-Apr-01,24:00:00,113.036289,0.0529,15.483673,15.483673,0,0,0.735435,0.052892,16.804226,16.804226,0,0,0.729352,0.052874,18.772748,18.772748,0,0,0.731973
2394,20-Apr-01,24:00:00,129.24862,0.023661,15.948787,14.581973,0.397126,0,0.760703,0.023654,40.038428,15.825624,0.418818,0,0.757119,0.023646,34.729433,17.679507,0.379829,0,0.759206
2395,21-Apr-01,24:00:00,140.400323,0.072559,14.62388,13.732785,0,0,0.788343,0.072547,26.316252,14.904011,0,0,0.785359,0.072532,17.186372,16.649933,0,0,0.782412
2396,22-Apr-01,24:00:00,108.233293,0.073247,12.987957,12.933049,0,0,0.785483,0.073237,14.471267,14.036068,0,0,0.782501,0.07323,15.680315,15.680315,0,0,0.778898
2397,23-Apr-01,24:00:00,103.474486,0.082388,12.179887,12.179887,0,0,0.775463,0.082381,13.218671,13.218671,0,0,0.772483,0.082373,14.767165,14.767165,0,0,0.768329
2398,24-Apr-01,24:00:00,101.949848,0.09502,11.470585,11.470585,0,0,0.762888,0.095011,12.448875,12.448875,0,0,0.759909,0.095008,13.907191,13.907191,0,0,0.755755
2399,25-Apr-01,24:00:00,100.699568,0.096079,10.80259,10.80259,0,0,0.749158,0.096074,11.723909,11.723909,0,0,0.74618,0.096074,13.097299,13.097299,0,0,0.742027
2400,26-Apr-01,24:00:00,111.274598,0.098967,10.173496,10.173496,0,0,0.735475,0.09897,11.041161,11.041161,0,0,0.732498,0.098969,12.334571,12.334571,0,0,0.728345
2401,27-Apr-01,24:00:00,137.634293,0.075373,9.581037,9.581037,0,0,0.722724,0.075371,10.398174,10.398174,0,0,0.719746,0.075367,11.616262,11.616262,0,0,0.715593
2402,28-Apr-01,24:00:00,153.539474,0.069485,9.023081,9.023081,0,0,0.712785,0.069484,9.792631,9.792631,0,0,0.709808,0.06949,10.939783,10.939783,0,0,0.705655
2403,29-Apr-01,24:00:00,153.462947,0.091038,8.497617,8.497617,0,0,0.701141,0.091039,9.222352,9.222352,0,0,0.698164,0.091039,10.302699,10.302699,0,0,0.69401
2404,30-Apr-01,24:00:00,151.890721,0.094243,8.002754,8.002754,0,0,0.687813,0.094243,8.685284,8.685284,0,0,0.684836,0.094244,9.702716,9.702716,0,0,0.680682
2405,1-May-01,24:00:00,152.126968,0.091991,7.53671,7.53671,0,0,0.674491,0.091991,8.179492,8.179492,0,0,0.671514,0.091991,9.137674,9.137674,0,0,0.667361
2406,2-May-01,24:00:00,153.995316,0.095533,7.097806,7.097806,0,0,0.66117,0.095532,7.703155,7.703155,0,0,0.658193,0.09553,8.605537,8.605537,0,0,0.654039
2407,3-May-01,24:00:00,155.197271,0.089114,6.684461,6.684461,0,0,0.647666,0.089115,7.254558,7.254558,0,0,0.644689,0.089115,8.104389,8.104389,0,0,0.640536
2408,4-May-01,24:00:00,155.043923,0.109165,6.295189,6.295189,0,0,0.634025,0.109166,6.832085,6.832085,0,0,0.631048,0.109166,7.632426,7.632426,0,0,0.626895
2409,5-May-01,24:00:00,153.918355,0.10658,5.928585,5.928585,0,0,0.618485,0.106579,6.434215,6.434215,0,0,0.615508,0.106578,7.187948,7.187948,0,0,0.611355
2410,6-May-01,24:00:00,152.763744,0.107737,5.583331,5.583331,0,0,0.603143,0.107737,6.059516,6.059516,0,0,0.600166,0.107738,6.769354,6.769354,0,0,0.596013
2411,7-May-01,24:00:00,151.67127,0.107659,5.258183,5.258183,0,0,0.587637,0.107659,5.706637,5.706637,0,0,0.58466,0.10766,6.375138,6.375138,0,0,0.580506
2412,8-May-01,24:00:00,150.642185,0.114954,4.95197,4.95197,0,0,0.57178,0.114955,5.374308,5.374308,0,0,0.568803,0.114956,6.003878,6.003878,0,0,0.564649
2413,9-May-01,24:00:00,149.673019,0.114541,4.66359,4.66359,0,0,0.555416,0.114542,5.061333,5.061333,0,0,0.552439,0.114543,5.654239,5.654239,0,0,0.548285
2414,10-May-01,24:00:00,148.760293,0.108245,4.392003,4.392003,0,0,0.539367,0.108246,4.766583,4.766583,0,0,0.53639,0.108247,5.324962,5.324962,0,0,0.532236
2415,11-May-01,24:00:00,147.90072,0.112565,4.136233,4.136233,0,0,0.523808,0.112566,4.488999,4.488999,0,0,0.52083,0.112567,5.01486,5.01486,0,0,0.516677
2416,12-May-01,24:00:00,147.091205,0.08002,3.895357,3.895357,0,0,0.509825,0.080021,4.22758,4.22758,0,0,0.506847,0.080021,4.722817,4.722817,0,0,0.502693
2417,13-May-01,24:00:00,146.328832,0.084586,3.668509,3.668509,0,0,0.49827,0.084585,3.981385,3.981385,0,0,0.495292,0.084592,4.447782,4.447782,0,0,0.491137
2418,14-May-01,24:00:00,145.610856,0.080085,3.454872,3.454872,0,0,0.486347,0.080083,3.749527,3.749527,0,0,0.48337,0.080075,4.188763,4.188763,0,0,0.479215
2419,15-May-01,24:00:00,145.384286,0.049174,3.253675,3.253675,0,0,0.477169,0.049171,3.531171,3.531171,0,0,0.474192,0.049175,3.944828,3.944828,0,0,0.470037
2420,16-May-01,24:00:00,136.254232,0.098547,3.064196,3.064196,0,0,0.466595,0.098547,3.325532,3.325532,0,0,0.463619,0.098535,3.715099,3.715099,0,0,0.459465
2421,17-May-01,24:00:00,115.840338,0.112367,2.885751,2.885751,0,0,0.451904,0.112367,3.131868,3.131868,0,0,0.448927,0.112365,3.498749,3.498749,0,0,0.444774
2422,18-May-01,24:00:00,103.328485,0.110134,2.717698,2.717698,0,0,0.435642,0.110135,2.949482,2.949482,0,0,0.432666,0.110135,3.294997,3.294997,0,0,0.428513
2423,19-May-01,24:00:00,101.665219,0.116541,2.559431,2.559431,0,0,0.41947,0.116542,2.777717,2.777717,0,0,0.416493,0.116543,3.103111,3.103111,0,0,0.41234
2424,20-May-01,24:00:00,101.103492,0.117458,2.410382,2.410382,0,0,0.402667,0.117458,2.615956,2.615956,0,0,0.39969,0.11746,2.9224,2.9224,0,0,0.395537
2425,21-May-01,24:00:00,100.628994,0.12591,2.270012,2.270012,0,0,0.385475,0.125911,2.463614,2.463614,0,0,0.382498,0.125912,2.752213,2.752213,0,0,0.378345
2426,22-May-01,24:00:00,100.184608,0.120926,2.137817,2.137817,0,0,0.367891,0.120927,2.320144,2.320144,0,0,0.364914,0.120928,2.591936,2.591936,0,0,0.360761
2427,23-May-01,24:00:00,99.766205,0.126354,2.01332,2.01332,0,0,0.350283,0.126355,2.18503,2.18503,0,0,0.347306,0.126356,2.440994,2.440994,0,0,0.343153
2428,24-May-01,24:00:00,99.821765,0.121038,1.896073,1.896073,0,0,0.332492,0.121039,2.057783,2.057783,0,0,0.329515,0.12104,2.298841,2.298841,0,0,0.325362
2429,25-May-01,24:00:00,111.638722,0.103709,1.785654,1.785654,0,0,0.316251,0.10371,1.937947,1.937947,0,0,0.313274,0.103711,2.164967,2.164967,0,0,0.30912
2430,26-May-01,24:00:00,131.945149,0.108636,1.681666,1.681666,0,0,0.301167,0.108637,1.82509,1.82509,0,0,0.298189,0.108638,2.038889,2.038889,0,0,0.294036
2431,27-May-01,24:00:00,141.36948,0.082598,1.583733,1.583733,0,0,0.287951,0.082609,1.718805,1.718805,0,0,0.284972,0.082609,1.920153,1.920153,0,0,0.280818
2432,28-May-01,24:00:00,141.961978,0.104708,1.491504,1.491504,0,0,0.274315,0.104709,1.618709,1.618709,0,0,0.271336,0.10471,1.808332,1.808332,0,0,0.267182
2433,29-May-01,24:00:00,142.617531,0.110939,1.404645,1.404645,0,0,0.25875,0.110937,1.524443,1.524443,0,0,0.25577,0.110929,1.703023,1.703023,0,0,0.251617
2434,30-May-01,24:00:00,143.791613,0.115265,1.322845,1.322845,0,0,0.242544,0.115261,1.435666,1.435666,0,0,0.239565,0.115245,1.603847,1.603847,0,0,0.235413
2435,31-May-01,24:00:00,144.12945,0.119398,1.245809,1.245809,0,0,0.225749,0.119393,1.35206,1.35206,0,0,0.222771,0.119377,1.510446,1.510446,0,0,0.218621
2436,1-Jun-01,24:00:00,149.784679,0.115978,1.173258,1.173258,0,0,0.209091,0.115975,1.273322,1.273322,0,0,0.206114,0.11596,1.422484,1.422484,0,0,0.201967
2437,2-Jun-01,24:00:00,163.682941,0.10263,1.104933,1.104933,0,0,0.193398,0.102626,1.199169,1.199169,0,0,0.190422,0.102612,1.339645,1.339645,0,0,0.186277
2438,3-Jun-01,24:00:00,172.580385,0.105534,1.040587,1.040587,0,0,0.178433,0.105531,1.129335,1.129335,0,0,0.175457,0.105517,1.26163,1.26163,0,0,0.171314
2439,4-Jun-01,24:00:00,173.244557,0.116415,0.979988,0.979988,0,0,0.162896,0.116412,1.063568,1.063568,0,0,0.15992,0.116398,1.188159,1.188159,0,0,0.155779
2440,5-Jun-01,24:00:00,173.09946,0.107633,0.922918,0.922918,0,0,0.146551,0.107629,1.00163,1.00163,0,0,0.143576,0.107615,1.118966,1.118966,0,0,0.139437
2441,6-Jun-01,24:00:00,172.920949,0.117965,0.869171,0.869171,0,0,0.130831,0.117961,0.9433,0.9433,0,0,0.127856,0.11795,1.053802,1.053802,0,0,0.123719
2442,7-Jun-01,24:00:00,172.750928,0.124662,0.818554,0.818554,0,0,0.113448,0.124659,0.888366,0.888366,0,0,0.110473,0.124645,0.992433,0.992433,0,0,0.106338
2443,8-Jun-01,24:00:00,172.59073,0.122941,0.770885,0.770885,0,0,0.095802,0.122939,0.836632,0.836632,0,0,0.092828,0.122929,0.934639,0.934639,0,0,0.088694
2444,9-Jun-01,24:00:00,172.439858,0.117113,0.725993,0.725993,0,0,0.078626,0.11711,0.78791,0.78791,0,0,0.075652,0.117094,0.880209,0.880209,0,0,0.07152
2445,10-Jun-01,24:00:00,172.297771,0.109474,0.683714,0.683714,0,0,0.062311,0.109472,0.742026,0.742026,0,0,0.059338,0.109462,0.82895,0.82895,0,0,0.055208
2446,11-Jun-01,24:00:00,172.16396,0.108127,0.643898,0.643898,0,0,0.046724,0.108124,0.698814,0.698814,0,0,0.043751,0.108113,0.780676,0.780676,0,0,0.039623
2447,12-Jun-01,24:00:00,172.03794,0.111212,0.6064,0.6064,0,0,0.030993,0.111208,0.658118,0.658118,0,0,0.028021,0.111193,0.735213,0.735213,0,0,0.023894
2448,13-Jun-01,24:00:00,171.91926,0.116169,0.571086,0.571086,0,0,0.014813,0.116166,0.619792,0.619792,0,0,0.011841,0.116155,0.692397,0.692397,0,0,0.007928
2449,14-Jun-01,24:00:00,171.807491,0.118938,0.537828,0.537828,0,0,0.002386,0.118935,0.583698,0.583698,0,0,0.001101,0.118923,0.652075,0.652075,0,0,0
2450,15-Jun-01,24:00:00,171.702231,0.12169,0.506508,0.506508,0,0,0,0.121686,0.549706,0.549706,0,0,0,0.121673,0.614101,0.614101,0,0,0
2451,16-Jun-01,24:00:00,171.6031,0.131493,0.477011,0.477011,0,0,0,0.131488,0.517694,0.517694,0,0,0,0.131471,0.578339,0.578339,0,0,0
2452,17-Jun-01,24:00:00,171.509743,0.138542,0.449232,0.449232,0,0,0,0.138538,0.487546,0.487546,0,0,0,0.138523,0.544659,0.544659,0,0,0
2453,18-Jun-01,24:00:00,171.421822,0.122171,0.423071,0.423071,0,0,0,0.122166,0.459153,0.459153,0,0,0,0.122148,0.51294,0.51294,0,0,0
2454,19-Jun-01,24:00:00,171.339022,0.131422,0.398433,0.398433,0,0,0,0.131418,0.432414,0.432414,0,0,0,0.1314,0.483069,0.483069,0,0,0
2455,20-Jun-01,24:00:00,178.004949,0.133467,0.37523,0.37523,0,0,0,0.133464,0.407232,0.407232,0,0,0,0.133451,0.454937,0.454937,0,0,0
2456,21-Jun-01,24:00:00,196.047151,0.125061,0.353378,0.353378,0,0,0,0.125059,0.383517,0.383517,0,0,0,0.125048,0.428444,0.428444,0,0,0
2457,22-Jun-01,24:00:00,209.671275,0.124226,0.332799,0.332799,0,0,0,0.124223,0.361183,0.361183,0,0,0,0.124211,0.403493,0.403493,0,0,0
2458,23-Jun-01,24:00:00,211.025679,0.132667,0.313418,0.313418,0,0,0,0.132664,0.340149,0.340149,0,0,0,0.132652,0.379996,0.379996,0,0,0
2459,24-Jun-01,24:00:00,209.740698,0.107459,0.295166,0.295166,0,0,0,0.107457,0.32034,0.32034,0,0,0,0.107445,0.357866,0.357866,0,0,0
2460,25-Jun-01,24:00:00,202.868657,0.085917,0.277977,0.277977,0,0,0,0.085914,0.301685,0.301685,0,0,0,0.085898,0.337026,0.337026,0,0,0
2461,26-Jun-01,24:00:00,195.742047,0.048045,0.261789,0.261789,0,0,0,0.048041,0.441146,0.284116,0.008407,0,0.000275,0.048035,4.08299,0.317399,0.1309,0,0.00607
2462,27-Jun-01,24:00:00,217.58686,0.035283,1.196775,0.246544,0.222412,0,0.021361,0.035281,27.810075,0.267571,0.386284,0,0.040726,0.035272,21.543196,0.298915,0.411918,0,0.06279
2463,28-Jun-01,24:00:00,174.329756,0.079901,0.559308,0.232186,0,0,0.031658,0.079912,6.365564,0.251989,0,0,0.056269,0.079898,0.404558,0.281508,0,0,0.077431
2464,29-Jun-01,24:00:00,135.572246,0.119022,0.236615,0.218665,0,0,0.023292,0.119019,0.407143,0.237314,0,0,0.047902,0.119007,0.265114,0.265114,0,0,0.069067
2465,30-Jun-01,24:00:00,131.875525,0.127339,0.205931,0.205931,0,0,0.006861,0.127337,0.223494,0.223494,0,0,0.030389,0.127324,0.249675,0.249675,0,0,0.051555
2466,1-Jul-01,24:00:00,131.659545,0.126211,0.193938,0.193938,0,0,0,0.126207,0.210478,0.210478,0,0,0.012086,0.126194,0.235135,0.235135,0,0,0.033255
2467,2-Jul-01,24:00:00,131.614127,0.122005,0.182644,0.182644,0,0,0,0.122002,0.198221,0.198221,0,0,0.00086,0.121991,0.221442,0.221442,0,0,0.015361
2468,3-Jul-01,24:00:00,139.221175,0.130646,0.172008,0.172008,0,0,0,0.130643,0.186678,0.186678,0,0,0,0.130631,0.208546,0.208546,0,0,0.00241
2469,4-Jul-01,24:00:00,157.554886,0.137059,0.161991,0.161991,0,0,0,0.137056,0.175806,0.175806,0,0,0,0.137042,0.196401,0.196401,0,0,0
2470,5-Jul-01,24:00:00,169.325854,0.105782,0.152557,0.152557,0,0,0,0.105777,0.165568,0.165568,0,0,0,0.105759,0.184964,0.184964,0,0,0
2471,6-Jul-01,24:00:00,170.419531,0.128137,0.143673,0.143673,0,0,0,0.128133,0.155926,0.155926,0,0,0,0.128118,0.174192,0.174192,0,0,0
2472,7-Jul-01,24:00:00,170.451868,0.120526,0.135306,0.135306,0,0,0,0.120523,0.146846,0.146846,0,0,0,0.12051,0.164048,0.164048,0,0,0
2473,8-Jul-01,24:00:00,176.722438,0.124846,0.127426,0.127426,0,0,0,0.124842,0.138294,0.138294,0,0,0,0.12483,0.154495,0.154495,0,0,0
2474,9-Jul-01,24:00:00,186.825272,0.116308,0.120006,0.120006,0,0,0,0.116305,0.130241,0.130241,0,0,0,0.116291,0.145498,0.145498,0,0,0
2475,10-Jul-01,24:00:00,190.978297,0.099908,0.113017,0.113017,0,0,0,0.099905,0.122656,0.122656,0,0,0,0.0999,0.137024,0.137024,0,0,0
2476,11-Jul-01,24:00:00,191.336473,0.086546,0.106435,0.106435,0,0,0,0.086555,0.115513,0.115513,0,0,0,0.086546,0.129045,0.129045,0,0,0
2477,12-Jul-01,24:00:00,191.335915,0.098544,0.100237,0.100237,0,0,0,0.098541,0.108786,0.108786,0,0,0,0.098542,0.12153,0.12153,0,0,0
2478,13-Jul-01,24:00:00,191.317212,0.125593,0.0944,0.0944,0,0,0,0.125589,0.102451,0.102451,0,0,0,0.125576,0.114452,0.114452,0,0,0
2479,14-Jul-01,24:00:00,191.298774,0.113252,0.088902,0.088902,0,0,0,0.113246,0.096485,0.096485,0,0,0,0.11323,0.107787,0.107787,0,0,0
2480,15-Jul-01,24:00:00,191.281377,0.121151,0.083725,0.083725,0,0,0,0.121147,0.090866,0.090866,0,0,0,0.121133,0.10151,0.10151,0,0,0
2481,16-Jul-01,24:00:00,191.26499,0.098156,0.078849,0.078849,0,0,0,0.098152,0.085574,0.085574,0,0,0,0.098139,0.095599,0.095599,0,0,0
2482,17-Jul-01,24:00:00,191.249559,0.114383,0.074257,0.074257,0,0,0,0.114379,0.080591,0.080591,0,0,0,0.114364,0.090031,0.090031,0,0,0
2483,18-Jul-01,24:00:00,191.235025,0.118242,0.069933,0.069933,0,0,0,0.118237,0.075897,0.075897,0,0,0,0.118222,0.084788,0.084788,0,0,0
2484,19-Jul-01,24:00:00,191.221339,0.106767,0.06586,0.06586,0,0,0,0.106762,0.071478,0.071478,0,0,0,0.106751,0.079851,0.079851,0,0,0
2485,20-Jul-01,24:00:00,191.208449,0.103174,0.062025,0.062025,0,0,0,0.103171,0.067315,0.067315,0,0,0,0.103161,0.075201,0.075201,0,0,0
2486,21-Jul-01,24:00:00,191.19631,0.106775,0.058413,0.058413,0,0,0,0.10677,0.063395,0.063395,0,0,0,0.106757,0.070821,0.070821,0,0,0
2487,22-Jul-01,24:00:00,191.184878,0.11709,0.055011,0.055011,0,0,0,0.117086,0.059703,0.059703,0,0,0,0.117071,0.066697,0.066697,0,0,0
2488,23-Jul-01,24:00:00,191.174111,0.12726,0.051808,0.051808,0,0,0,0.127253,0.056226,0.056226,0,0,0,0.127234,0.062813,0.062813,0,0,0
2489,24-Jul-01,24:00:00,191.163972,0.127269,0.048791,0.048791,0,0,0,0.127262,0.052952,0.052952,0,0,0,0.127243,0.059155,0.059155,0,0,0
2490,25-Jul-01,24:00:00,191.154423,0.118008,0.045949,0.045949,0,0,0,0.118002,0.049868,0.049868,0,0,0,0.117984,0.05571,0.05571,0,0,0
2491,26-Jul-01,24:00:00,191.14543,0.108446,0.043273,0.043273,0,0,0,0.10844,0.046964,0.046964,0,0,0,0.108424,0.052466,0.052466,0,0,0
2492,27-Jul-01,24:00:00,190.687367,0.117237,0.040753,0.040753,0,0,0,0.117235,0.044229,0.044229,0,0,0,0.117229,0.04941,0.04941,0,0,0
2493,28-Jul-01,24:00:00,189.281596,0.119969,0.03838,0.03838,0,0,0,0.11997,0.041653,0.041653,0,0,0,0.119971,0.046533,0.046533,0,0,0
2494,29-Jul-01,24:00:00,188.227852,0.123328,0.036145,0.036145,0,0,0,0.123328,0.039228,0.039228,0,0,0,0.123329,0.043823,0.043823,0,0,0
2495,30-Jul-01,24:00:00,188.120086,0.087981,0.03404,0.03404,0,0,0,0.087981,0.036943,0.036943,0,0,0,0.08798,0.041271,0.041271,0,0,0
2496,31-Jul-01,24:00:00,188.107994,0.112689,0.032058,0.032058,0,0,0,0.11269,0.034792,0.034792,0,0,0,0.11269,0.038867,0.038867,0,0,0
2497,1-Aug-01,24:00:00,188.101474,0.120075,0.030191,0.030191,0,0,0,0.120076,0.032766,0.032766,0,0,0,0.120077,0.036604,0.036604,0,0,0
2498,2-Aug-01,24:00:00,188.095555,0.112967,0.028433,0.028433,0,0,0,0.112968,0.030858,0.030858,0,0,0,0.112969,0.034472,0.034472,0,0,0
2499,3-Aug-01,24:00:00,187.190802,0.103242,0.026777,0.026777,0,0,0,0.103243,0.029061,0.029061,0,0,0,0.103243,0.032465,0.032465,0,0,0
2500,4-Aug-01,24:00:00,185.289159,0.088326,0.025217,0.025217,0,0,0,0.088326,0.027368,0.027368,0,0,0,0.088323,0.030574,0.030574,0,0,0
2501,5-Aug-01,24:00:00,184.188973,0.105825,0.023749,0.023749,0,0,0,0.105825,0.025774,0.025774,0,0,0,0.105825,0.028794,0.028794,0,0,0
2502,6-Aug-01,24:00:00,184.080979,0.112394,0.022366,0.022366,0,0,0,0.112394,0.024273,0.024273,0,0,0,0.112394,0.027117,0.027117,0,0,0
2503,7-Aug-01,24:00:00,184.07105,0.11575,0.021063,0.021063,0,0,0,0.115751,0.02286,0.02286,0,0,0,0.115752,0.025538,0.025538,0,0,0
2504,8-Aug-01,24:00:00,184.066677,0.124241,0.019837,0.019837,0,0,0,0.124241,0.021529,0.021529,0,0,0,0.124242,0.024051,0.024051,0,0,0
2505,9-Aug-01,24:00:00,184.062784,0.109886,0.018682,0.018682,0,0,0,0.109886,0.020275,0.020275,0,0,0,0.109887,0.02265,0.02265,0,0,0
2506,10-Aug-01,24:00:00,184.059127,0.084244,0.017594,0.017594,0,0,0,0.084244,0.019094,0.019094,0,0,0,0.084255,0.021331,0.021331,0,0,0
2507,11-Aug-01,24:00:00,184.055684,0.106413,0.016569,0.016569,0,0,0,0.106413,0.017982,0.017982,0,0,0,0.106413,0.020089,0.020089,0,0,0
2508,12-Aug-01,24:00:00,183.602848,0.092207,0.015604,0.015604,0,0,0,0.092207,0.016935,0.016935,0,0,0,0.092207,0.018919,0.018919,0,0,0
2509,13-Aug-01,24:00:00,182.651593,0.093564,0.014695,0.014695,0,0,0,0.093564,0.015949,0.015949,0,0,0,0.09357,0.017817,0.017817,0,0,0
2510,14-Aug-01,24:00:00,181.201903,0.107403,0.01384,0.01384,0,0,0,0.107403,0.01502,0.01502,0,0,0,0.107403,0.016779,0.016779,0,0,0
2511,15-Aug-01,24:00:00,180.599901,0.111376,0.013034,0.013034,0,0,0,0.111376,0.014145,0.014145,0,0,0,0.111376,0.015802,0.015802,0,0,0
2512,16-Aug-01,24:00:00,180.995145,0.110749,0.012275,0.012275,0,0,0,0.110749,0.013322,0.013322,0,0,0,0.110749,0.014882,0.014882,0,0,0
2513,17-Aug-01,24:00:00,180.586732,0.117451,0.01156,0.01156,0,0,0,0.117445,0.012546,0.012546,0,0,0,0.117445,0.014015,0.014015,0,0,0
2514,18-Aug-01,24:00:00,180.088271,0.112132,0.010887,0.010887,0,0,0,0.112122,0.011815,0.011815,0,0,0,0.112117,0.013199,0.013199,0,0,0
2515,19-Aug-01,24:00:00,180.037232,0.106808,0.010253,0.010253,0,0,0,0.106795,0.011127,0.011127,0,0,0,0.106778,0.012431,0.012431,0,0,0
2516,20-Aug-01,24:00:00,180.032575,0.098275,0.009656,0.009656,0,0,0,0.098261,0.010479,0.010479,0,0,0,0.098234,0.011707,0.011707,0,0,0
2517,21-Aug-01,24:00:00,176.433815,0.092968,0.009093,0.009093,0,0,0,0.092957,0.009869,0.009869,0,0,0,0.092936,0.011025,0.011025,0,0,0
2518,22-Aug-01,24:00:00,167.497641,0.059944,0.008564,0.008564,0,0,0,0.059934,0.009294,0.009294,0,0,0,0.059912,0.010383,0.010383,0,0,0
2519,23-Aug-01,24:00:00,162.518325,0.062161,0.008065,0.008065,0,0,0,0.062149,0.008753,0.008753,0,0,0,0.062125,0.009778,0.009778,0,0,0
2520,24-Aug-01,24:00:00,162.953522,0.102093,0.007595,0.007595,0,0,0,0.10208,0.008243,0.008243,0,0,0,0.102055,0.009209,0.009209,0,0,0
2521,25-Aug-01,24:00:00,163.019905,0.101976,0.007153,0.007153,0,0,0,0.101964,0.007763,0.007763,0,0,0,0.101938,0.008673,0.008673,0,0,0
2522,26-Aug-01,24:00:00,163.022447,0.107839,0.006736,0.006736,0,0,0,0.107824,0.007311,0.007311,0,0,0,0.107794,0.008167,0.008167,0,0,0
2523,27-Aug-01,24:00:00,173.361968,0.117527,0.006344,0.006344,0,0,0,0.117511,0.006885,0.006885,0,0,0,0.117478,0.007692,0.007692,0,0,0
2524,28-Aug-01,24:00:00,189.774234,0.118855,0.005975,0.005975,0,0,0,0.118837,0.006484,0.006484,0,0,0,0.1188,0.007244,0.007244,0,0,0
2525,29-Aug-01,24:00:00,195.48598,0.100405,0.005627,0.005627,0,0,0,0.100392,0.006107,0.006107,0,0,0,0.100367,0.006822,0.006822,0,0,0
2526,30-Aug-01,24:00:00,196.8863,0.091281,0.005299,0.005299,0,0,0,0.091268,0.005751,0.005751,0,0,0,0.091241,0.006425,0.006425,0,0,0
2527,31-Aug-01,24:00:00,198.813632,0.094903,0.004991,0.004991,0,0,0,0.09489,0.005416,0.005416,0,0,0,0.094865,0.006051,0.006051,0,0,0
2528,1-Sep-01,24:00:00,199.004862,0.094562,0.0047,0.0047,0,0,0,0.094551,0.005101,0.005101,0,0,0,0.094529,0.005698,0.005698,0,0,0
2529,2-Sep-01,24:00:00,199.01438,0.098681,0.004426,0.004426,0,0,0,0.098667,0.004804,0.004804,0,0,0,0.098642,0.005366,0.005366,0,0,0
2530,3-Sep-01,24:00:00,198.114801,0.096923,0.004168,0.004168,0,0,0,0.096907,0.004524,0.004524,0,0,0,0.096878,0.005054,0.005054,0,0,0
2531,4-Sep-01,24:00:00,196.667196,0.095275,0.003926,0.003926,0,0,0,0.095259,0.00426,0.00426,0,0,0,0.095229,0.00476,0.00476,0,0,0
2532,5-Sep-01,24:00:00,196.968972,0.095688,0.003697,0.003697,0,0,0,0.095673,0.004012,0.004012,0,0,0,0.095644,0.004482,0.004482,0,0,0
2533,6-Sep-01,24:00:00,239.147129,0.082427,0.003482,0.003482,0,0,0,0.082415,0.003779,0.003779,0,0,0,0.082394,0.004221,0.004221,0,0,0
2534,7-Sep-01,24:00:00,290.723303,0.101876,0.003279,0.003279,0,0,0,0.101857,0.003559,0.003559,0,0,0,0.101821,0.003976,0.003976,0,0,0
2535,8-Sep-01,24:00:00,301.156789,0.091817,0.003088,0.003088,0,0,0,0.091798,0.003351,0.003351,0,0,0,0.091765,0.003744,0.003744,0,0,0
2536,9-Sep-01,24:00:00,298.062078,0.06428,0.002908,0.002908,0,0,0,0.064276,0.003156,0.003156,0,0,0,0.064269,0.003526,0.003526,0,0,0
2537,10-Sep-01,24:00:00,298.009504,0.076002,0.002739,0.002739,0,0,0,0.076002,0.002972,0.002972,0,0,0,0.076001,0.003321,0.003321,0,0,0
2538,11-Sep-01,24:00:00,298.008608,0.071947,0.002579,0.002579,0,0,0,0.071947,0.002799,0.002799,0,0,0,0.071947,0.003127,0.003127,0,0,0
2539,12-Sep-01,24:00:00,298.008105,0.086461,0.002429,0.002429,0,0,0,0.086461,0.002636,0.002636,0,0,0,0.086461,0.002945,0.002945,0,0,0
2540,13-Sep-01,24:00:00,298.007633,0.055237,0.002288,0.002288,0,0,0,0.055237,0.002483,0.002483,0,0,0,0.055237,0.002774,0.002774,0,0,0
2541,14-Sep-01,24:00:00,286.189221,0.088039,0.002154,0.002154,0,0,0,0.088039,0.002338,0.002338,0,0,0,0.088039,0.002612,0.002612,0,0,0
2542,15-Sep-01,24:00:00,267.925107,0.090009,0.002029,0.002029,0,0,0,0.090009,0.002202,0.002202,0,0,0,0.090009,0.00246,0.00246,0,0,0
2543,16-Sep-01,24:00:00,259.871462,0.082841,0.001911,0.001911,0,0,0,0.082842,0.002074,0.002074,0,0,0,0.082842,0.002317,0.002317,0,0,0
2544,17-Sep-01,24:00:00,259.018793,0.085812,0.0018,0.0018,0,0,0,0.085812,0.001953,0.001953,0,0,0,0.085812,0.002182,0.002182,0,0,0
2545,18-Sep-01,24:00:00,259.005742,0.078885,0.001695,0.001695,0,0,0,0.078885,0.001839,0.001839,0,0,0,0.078885,0.002055,0.002055,0,0,0
2546,19-Sep-01,24:00:00,229.149409,0.082928,0.001596,0.001596,0,0,0,0.082928,0.001732,0.001732,0,0,0,0.082928,0.001935,0.001935,0,0,0
2547,20-Sep-01,24:00:00,180.33192,0.080833,0.001503,0.001503,0,0,0,0.080833,0.001631,0.001631,0,0,0,0.080833,0.001822,0.001822,0,0,0
2548,21-Sep-01,24:00:00,149.640725,0.078828,0.001416,0.001416,0,0,0,0.078828,0.001536,0.001536,0,0,0,0.078828,0.001716,0.001716,0,0,0
2549,22-Sep-01,24:00:00,146.222049,0.084569,0.001333,0.001333,0,0,0,0.084569,0.001447,0.001447,0,0,0,0.084569,0.001616,0.001616,0,0,0
2550,23-Sep-01,24:00:00,146.014506,0.07351,0.001256,0.001256,0,0,0,0.07351,0.001363,0.001363,0,0,0,0.07351,0.001522,0.001522,0,0,0
2551,24-Sep-01,24:00:00,145.554818,0.049906,0.001182,0.001182,0,0,0,0.049898,0.001283,0.001283,0,0,0,0.049885,0.001434,0.001434,0,0,0
2552,25-Sep-01,24:00:00,127.07181,0.051921,0.001114,0.001114,0,0,0,0.051915,0.001209,0.001209,0,0,0,0.051902,0.00135,0.00135,0,0,0
2553,26-Sep-01,24:00:00,110.675013,0.065034,0.001049,0.001049,0,0,0,0.065028,0.001138,0.001138,0,0,0,0.065017,0.001271,0.001271,0,0,0
2554,27-Sep-01,24:00:00,109.103529,0.074115,0.000988,0.000988,0,0,0,0.074115,0.001072,0.001072,0,0,0,0.074114,0.001197,0.001197,0,0,0
2555,28-Sep-01,24:00:00,130.127967,0.072955,0.00093,0.00093,0,0,0,0.072955,0.001009,0.001009,0,0,0,0.072955,0.001128,0.001128,0,0,0
2556,29-Sep-01,24:00:00,174.709605,0.070175,0.000876,0.000876,0,0,0,0.070175,0.000951,0.000951,0,0,0,0.070175,0.001062,0.001062,0,0,0
2557,30-Sep-01,24:00:00,196.830652,0.076771,0.000825,0.000825,0,0,0,0.076751,0.000895,0.000895,0,0,0,0.076751,0.001,0.001,0,0,0
2558,1-Oct-01,24:00:00,207.995966,0.074615,0.000777,0.000777,0,0,0,0.074589,0.000843,0.000843,0,0,0,0.074573,0.000942,0.000942,0,0,0
2559,2-Oct-01,24:00:00,231.323302,0.082556,0.000732,0.000732,0,0,0,0.08252,0.000794,0.000794,0,0,0,0.082467,0.000887,0.000887,0,0,0
2560,3-Oct-01,24:00:00,268.579116,0.074754,0.000689,0.000689,0,0,0,0.074717,0.000748,0.000748,0,0,0,0.074655,0.000835,0.000835,0,0,0
2561,4-Oct-01,24:00:00,284.742301,0.054744,0.000649,0.000649,0,0,0,0.054724,0.000704,0.000704,0,0,0,0.054689,0.000787,0.000787,0,0,0
2562,5-Oct-01,24:00:00,285.000237,0.045711,0.000611,0.000611,0,0,0,0.045689,0.000663,0.000663,0,0,0,0.045651,0.000741,0.000741,0,0,0
2563,6-Oct-01,24:00:00,283.135915,0.054942,0.000576,0.000576,0,0,0,0.054927,0.000625,0.000625,0,0,0,0.054901,0.000698,0.000698,0,0,0
2564,7-Oct-01,24:00:00,280.77586,0.05809,0.000542,0.000542,0,0,0,0.058067,0.000588,0.000588,0,0,0,0.058028,0.000657,0.000657,0,0,0
2565,8-Oct-01,24:00:00,255.13393,0.066323,0.00051,0.00051,0,0,0,0.066296,0.000554,0.000554,0,0,0,0.066253,0.000619,0.000619,0,0,0
2566,9-Oct-01,24:00:00,200.141082,0.056831,0.000481,0.000481,0,0,0,0.05681,0.000522,0.000522,0,0,0,0.056774,0.000583,0.000583,0,0,0
2567,10-Oct-01,24:00:00,169.779133,0.066853,0.000453,0.000453,0,0,0,0.066828,0.000491,0.000491,0,0,0,0.066787,0.000549,0.000549,0,0,0
2568,11-Oct-01,24:00:00,166.250227,0.06725,0.000426,0.000426,0,0,0,0.067221,0.000463,0.000463,0,0,0,0.067174,0.000517,0.000517,0,0,0
2569,12-Oct-01,24:00:00,166.013512,0.069206,0.000402,0.000402,0,0,0,0.06918,0.000436,0.000436,0,0,0,0.069137,0.000487,0.000487,0,0,0
2570,13-Oct-01,24:00:00,166.001798,0.051923,0.000378,0.000378,0,0,0,0.051898,0.00041,0.00041,0,0,0,0.051859,0.000458,0.000458,0,0,0
2571,14-Oct-01,24:00:00,166.001218,0.05296,0.000356,0.000356,0,0,0,0.052934,0.000387,0.000387,0,0,0,0.052892,0.000432,0.000432,0,0,0
2572,15-Oct-01,24:00:00,166.001128,0.064766,0.000335,0.000335,0,0,0,0.064726,0.000364,0.000364,0,0,0,0.064662,0.000407,0.000407,0,0,0
2573,16-Oct-01,24:00:00,166.001062,0.05377,0.000316,0.000316,0,0,0,0.053761,0.000343,0.000343,0,0,0,0.053747,0.000383,0.000383,0,0,0
2574,17-Oct-01,24:00:00,166.001,0.048179,0.000297,0.000297,0,0,0,0.048179,0.000323,0.000323,0,0,0,0.048179,0.000361,0.000361,0,0,0
2575,18-Oct-01,24:00:00,166.000941,0.050877,0.00028,0.00028,0,0,0,0.050877,0.000304,0.000304,0,0,0,0.050877,0.00034,0.00034,0,0,0
2576,19-Oct-01,24:00:00,166.000887,0.052072,0.000264,0.000264,0,0,0,0.052072,0.000286,0.000286,0,0,0,0.052072,0.00032,0.00032,0,0,0
2577,20-Oct-01,24:00:00,166.000835,0.052279,0.000248,0.000248,0,0,0,0.052279,0.00027,0.00027,0,0,0,0.052279,0.000301,0.000301,0,0,0
2578,21-Oct-01,24:00:00,165.101599,0.042288,0.000234,0.000234,0,0,0,0.042287,0.000254,0.000254,0,0,0,0.042287,0.000284,0.000284,0,0,0
2579,22-Oct-01,24:00:00,163.654745,0.054991,0.00022,0.00022,0,0,0,0.05499,0.000239,0.000239,0,0,0,0.054989,0.000267,0.000267,0,0,0
2580,23-Oct-01,24:00:00,163.058058,0.049891,0.000208,0.000208,0,0,0,0.04989,0.000225,0.000225,0,0,0,0.049889,0.000252,0.000252,0,0,0
2581,24-Oct-01,24:00:00,163.003689,0.058778,0.000195,0.000195,0,0,0,0.058777,0.000212,0.000212,0,0,0,0.058776,0.000237,0.000237,0,0,0
2582,25-Oct-01,24:00:00,162.551161,0.041395,0.000184,0.000184,0,0,0,0.041394,0.0002,0.0002,0,0,0,0.041392,0.000223,0.000223,0,0,0
2583,26-Oct-01,24:00:00,161.1532,0.049667,0.000173,0.000173,0,0,0,0.049667,0.000188,0.000188,0,0,0,0.049665,0.00021,0.00021,0,0,0
2584,27-Oct-01,24:00:00,160.106927,0.0162,0.000163,0.000163,0,0,0,0.016189,0.000177,0.000177,0,0,0,0.016171,0.000198,0.000198,0,0,0
2585,28-Oct-01,24:00:00,160.006204,0.035124,0.000154,0.000154,0,0,0,0.035104,0.000167,0.000167,0,0,0,0.035092,0.000186,0.000186,0,0,0
2586,29-Oct-01,24:00:00,167.461545,0.015334,0.302741,0.000145,0.11285,0,0.00696,0.015315,6.404503,0.000157,0.123376,0,0.008516,0.0153,11.290808,0.000176,0.301536,0,0.02122
2587,30-Oct-01,24:00:00,198.551421,0.017456,3.37147,0.000136,0.674444,0,0.08767,0.017442,40.086927,0.000148,0.50803,0,0.071663,0.017419,18.903059,0.000165,0.352127,0,0.082644
2588,31-Oct-01,24:00:00,147.720436,0.020272,0.867827,0.000128,0,0,0.112471,0.020257,7.676818,0.000139,0,0,0.090201,0.020232,0.071721,0.000156,0,0,0.09338
2589,1-Nov-01,24:00:00,110.397957,0.032127,0.043606,0.000121,0,0,0.112471,0.032108,0.196427,0.000131,0,0,0.090201,0.032078,0.000147,0.000147,0,0,0.09338
2590,2-Nov-01,24:00:00,106.700681,0.036106,0.000114,0.000114,0,0,0.112471,0.036086,0.000124,0.000124,0,0,0.090201,0.036054,0.000138,0.000138,0,0,0.093236
2591,3-Nov-01,24:00:00,105.608634,0.035597,0.000107,0.000107,0,0,0.110002,0.035566,0.000116,0.000116,0,0,0.087739,0.035518,0.00013,0.00013,0,0,0.090389
2592,4-Nov-01,24:00:00,105.055155,0.037104,0.000101,0.000101,0,0,0.104895,0.03708,0.00011,0.00011,0,0,0.08264,0.037041,0.000122,0.000122,0,0,0.085226
2593,5-Nov-01,24:00:00,105.003235,0.035727,0.000095,0.000095,0,0,0.099694,0.035704,0.000103,0.000103,0,0,0.077442,0.035668,0.000115,0.000115,0,0,0.080034
2594,6-Nov-01,24:00:00,105.000433,0.032164,0.00009,0.00009,0,0,0.094923,0.032135,0.000097,0.000097,0,0,0.072675,0.032088,0.000109,0.000109,0,0,0.075273
2595,7-Nov-01,24:00:00,105.000289,0.030049,0.000084,0.000084,0,0,0.09039,0.030026,0.000092,0.000092,0,0,0.068146,0.029989,0.000102,0.000102,0,0,0.07075
2596,8-Nov-01,24:00:00,105.000267,0.031517,0.000079,0.000079,0,0,0.085997,0.031487,0.000086,0.000086,0,0,0.063757,0.031441,0.000096,0.000096,0,0,0.066367
2597,9-Nov-01,24:00:00,105.020551,0.039674,0.007263,0.000075,0.190445,0,0.082302,0.039644,0.134973,0.000081,0.179234,0,0.059982,0.039598,0.2102,0.000091,0.175093,0,0.062568
2598,10-Nov-01,24:00:00,134.682004,0.025441,2.065219,0.00007,1.02888,0,0.137354,0.025416,32.486957,0.000076,1.016945,0,0.112759,0.025378,26.081989,0.000085,1.029379,0,0.114827
2599,11-Nov-01,24:00:00,317.089661,0.010751,10.657646,0.000066,1.716824,0,0.394068,0.010737,160.943498,0.000072,1.679393,0,0.365162,0.010717,96.702717,0.00008,1.677702,0,0.368829
2600,12-Nov-01,24:00:00,295.132417,0.009052,7.775247,0.000063,0.887925,0,0.581581,0.00904,115.506675,0.000068,0.964466,0,0.558119,0.009022,59.757846,0.000076,1.090946,0,0.574253
2601,13-Nov-01,24:00:00,159.222069,0.009085,1.683918,0.000059,0,0,0.624421,0.009079,20.938208,0.000064,0,0,0.604468,0.009071,1.206171,0.000071,0,0,0.626099
2602,14-Nov-01,24:00:00,88.821502,0.013189,0.082088,0.000055,0,0,0.624421,0.013179,0.617752,0.00006,0,0,0.604468,0.013163,0.000067,0.000067,0,0,0.626099
2603,15-Nov-01,24:00:00,82.303685,0.01994,0.16564,0.000052,0.085773,0,0.628566,0.019919,1.731957,0.000057,0.030014,0,0.606701,0.019886,1.211525,0.000063,0.027362,0,0.628135
2604,16-Nov-01,24:00:00,83.681531,0.00966,0.312158,0.000049,0,0,0.636674,0.009648,0.821003,0.000053,0,0,0.608755,0.009629,0.055464,0.00006,0,0,0.630008
2605,17-Nov-01,24:00:00,82.617692,0.020199,0.021881,0.000046,0,0,0.636674,0.020174,0.0314,0.00005,0,0,0.608755,0.020137,0.000056,0.000056,0,0,0.630008
2606,18-Nov-01,24:00:00,82.969162,0.011397,0.007601,0.000044,0.021563,0,0.637124,0.011374,0.04764,0.000047,0.006802,0,0.608897,0.011353,0.043855,0.000053,0.004275,0,0.630097
2607,19-Nov-01,24:00:00,83.743399,0.019936,0.109195,0.000041,0,0,0.639755,0.019919,0.510735,0.000045,0,0,0.609727,0.019892,0.154165,0.00005,0,0,0.630619
2608,20-Nov-01,24:00:00,91.008548,0.021375,1.032597,0.000039,0.80083,0,0.668626,0.021348,17.471189,0.000042,0.755362,0,0.636927,0.021306,17.898803,0.000047,0.723431,0,0.656657
2609,21-Nov-01,24:00:00,173.373083,0.008315,4.15798,0.000036,0.372636,0,0.772833,0.008311,60.299553,0.00004,0.42083,0,0.738654,0.008306,31.493917,0.000044,0.483701,0,0.758059
2610,22-Nov-01,24:00:00,141.206922,0.020464,1.560189,0.000034,0,0,0.807393,0.020458,22.585252,0.000037,0,0,0.777754,0.020448,6.498544,0.000042,0,0,0.803066
2611,23-Nov-01,24:00:00,139.315447,0.02277,3.387831,0.000032,0.789898,0,0.882703,0.022756,50.229298,0.000035,0.743984,0,0.84867,0.022734,31.728539,0.000039,0.711301,0,0.87084
2612,24-Nov-01,24:00:00,168.92399,0.012138,3.034038,0.00003,0.392327,0,0.962442,0.012128,46.428112,0.000033,0.446228,0,0.932045,0.012111,24.959789,0.000037,0.515211,0,0.960107
2613,25-Nov-01,24:00:00,115.848684,0.012544,0.532563,0.000029,0,0,0.976282,0.012532,6.611728,0.000031,0,0,0.947785,0.012512,0.100239,0.000035,0,0,0.978282
2614,26-Nov-01,24:00:00,74.721308,0.018741,0.023183,0.000027,0,0,0.976282,0.018718,0.150027,0.000029,0,0,0.947785,0.018683,0.000033,0.000033,0,0,0.978282
2615,27-Nov-01,24:00:00,52.391815,0.018841,3.702199,3.063378,0.494977,0.328951,0.981505,0.018809,6.347008,1.144106,0.571313,0.205806,0.957441,0.018764,34.968028,28.217006,0.475984,0.323959,0.983008
2616,28-Nov-01,24:00:00,1536.99,0.010312,459.990065,335.937807,0.751534,0.751534,1,0.010305,383.798233,314.18559,0.700919,0.700919,1,0.010294,930.775011,893.583223,0.766638,0.766638,1
2617,29-Nov-01,24:00:00,2180.75,0.017825,567.610271,550.690984,0.184283,0.184283,1,0.017806,651.890189,602.417637,0.261053,0.261053,1,0.017776,897.827872,870.748668,0.340673,0.340673,1
2618,30-Nov-01,24:00:00,5050.85,0.015743,1456.33,590.678708,1.184251,1.184251,1,0.015721,1739.84,700.628378,1.162149,1.162149,1,0.015687,2774.54,1330.15,1.145924,1.145924,1
2619,1-Dec-01,24:00:00,7387.67,0.01165,1964.32,1005.44,1.040166,1.040166,1,0.011635,2324.29,1162.23,1.010188,1.010188,1,0.011611,2700.08,1468.12,0.947169,0.947169,1
2620,2-Dec-01,24:00:00,3882.40,0.014102,1184.12,1027.45,0.77578,0.77578,1,0.014072,1305.40,1096.60,0.69323,0.69323,1,0.014029,1005.32,970.934393,0.627056,0.627056,1
2621,3-Dec-01,24:00:00,2869.12,0.013198,803.733995,794.992054,0.158579,0.158579,1,0.013178,852.924101,814.065335,0.207957,0.207957,1,0.013142,770.174949,753.842095,0.266115,0.266115,1
2622,4-Dec-01,24:00:00,1932.24,0.010608,397.506913,397.265482,0,0,1,0.010589,397.709374,394.943607,0,0,1,0.01056,263.006027,263.003011,0,0,1
2623,5-Dec-01,24:00:00,3797.13,0.004947,428.578247,424.909064,1.198539,1.198539,1,0.004944,696.691982,559.25265,1.556416,1.556416,1,0.004938,2745.80,1457.33,1.593713,1.593713,1
2624,6-Dec-01,24:00:00,5704.63,0.019208,826.044709,822.941821,0,0,1,0.019186,1372.49,1237.87,0.109644,0.109644,1,0.019152,1643.37,1368.53,0.231372,0.231372,1
2625,7-Dec-01,24:00:00,2455.40,0.019383,429.119363,428.906462,0,0,1,0.019348,576.182421,570.096668,0,0,1,0.019294,337.853553,337.853553,0,0,1
2626,8-Dec-01,24:00:00,1755.04,0.019951,234.567898,234.567164,0,0,1,0.019911,280.632368,280.632368,0,0,1,0.019848,308.633444,308.633444,0,0,1
2627,9-Dec-01,24:00:00,1279.34,0.027184,189.674598,189.674598,0,0,1,0.027141,228.319421,228.319421,0,0,1,0.027076,290.649375,290.649375,0,0,1
2628,10-Dec-01,24:00:00,882.901368,0.032562,174.46067,174.46067,0,0,1,0.032517,211.489661,211.489661,0,0,1,0.03245,273.723257,273.723257,0,0,1
2629,11-Dec-01,24:00:00,740.03373,0.020475,163.82794,163.82794,0,0,0.998917,0.020452,198.881896,198.881896,0,0,0.999382,0.020416,257.782848,257.782848,0,0,1
2630,12-Dec-01,24:00:00,703.283558,0.017105,154.238676,154.238676,0,0,0.99635,0.017096,187.278216,187.278216,0,0,0.997208,0.017062,242.770736,242.770736,0,0,0.999105
2631,13-Dec-01,24:00:00,687.009268,0.009601,154.822558,150.109545,0.423343,0.389598,0.997388,0.009587,192.611436,182.377082,0.407181,0.379453,0.996947,0.009566,285.942306,271.205424,0.394738,0.373081,0.998267
2632,14-Dec-01,24:00:00,3981.51,0.032604,939.901401,501.041995,0.372537,0.372537,1,0.032578,1114.70,670.928607,0.480136,0.480136,1,0.032537,2035.49,1379.29,0.607495,0.607495,1
2633,15-Dec-01,24:00:00,1695.34,0.006972,476.148566,431.758441,0,0,1,0.006943,555.338983,524.428224,0,0,1,0.006921,306.705817,306.69154,0,0,1
2634,16-Dec-01,24:00:00,890.808285,0.007073,227.474234,226.23357,0.366734,0.366734,1,0.00706,266.171686,259.983825,0.407466,0.407466,1,0.00704,356.247178,349.870892,0.429665,0.429665,1
2635,17-Dec-01,24:00:00,3159.58,0.015541,575.586584,571.166186,0.568794,0.568794,1,0.01552,839.64619,765.089088,0.637052,0.637052,1,0.015488,1655.15,1605.40,0.788078,0.788078,1
2636,18-Dec-01,24:00:00,2484.61,0.011568,524.964732,524.312022,0,0,1,0.011551,641.671378,632.622244,0,0,1,0.011526,390.410742,389.706907,0.073741,0.073741,1
2637,19-Dec-01,24:00:00,1635.12,0.010395,262.508705,262.221267,0.349224,0.349224,1,0.010379,330.525179,321.862757,0.341428,0.341428,1,0.010354,612.624913,599.974968,0.314557,0.314557,1
2638,20-Dec-01,24:00:00,2251.87,0.009686,512.822504,508.781794,0.683936,0.683936,1,0.009675,687.50397,629.976863,0.641592,0.641592,1,0.009655,945.901058,922.420173,0.4281,0.4281,1
2639,21-Dec-01,24:00:00,2376.94,0.009235,646.286731,644.612972,0.067084,0.067084,1,0.009224,702.958789,684.278293,0.046989,0.046989,1,0.009206,384.068083,382.849259,0,0,1
2640,22-Dec-01,24:00:00,2618.39,0.009075,478.707574,476.259534,0.505549,0.505549,1,0.009052,558.157587,521.898012,0.56681,0.56681,1,0.009017,853.075158,829.26922,0.644045,0.644045,1
2641,23-Dec-01,24:00:00,3020.95,0.009114,497.492552,496.616716,0,0,1,0.009099,605.392397,589.565221,0,0,1,0.009077,582.002216,575.988368,0,0,1
2642,24-Dec-01,24:00:00,2208.56,0.020644,277.797668,277.748151,0,0,1,0.02061,319.480244,318.799281,0,0,1,0.020557,300.002004,300.002004,0,0,1
2643,25-Dec-01,24:00:00,2028.09,0.007172,197.347246,197.347246,0,0,1,0.007158,230.799174,230.799174,0,0,1,0.007125,281.237679,281.237679,0,0,1
2644,26-Dec-01,24:00:00,1654.04,0.009201,175.105011,175.105011,0,0,1,0.009186,208.454576,208.454576,0,0,1,0.009163,264.858372,264.858372,0,0,1
2645,27-Dec-01,24:00:00,1234.69,0.014589,174.740185,174.408805,0.164187,0.164187,1,0.014572,210.932968,206.697929,0.115804,0.115804,1,0.014546,279.426528,277.740984,0.044324,0.044324,1
2646,28-Dec-01,24:00:00,1763.40,0.010352,324.393331,322.413434,0.598151,0.598151,1,0.010343,397.413199,369.188506,0.560163,0.560163,1,0.010331,665.859529,647.848943,0.518736,0.518736,1
2647,29-Dec-01,24:00:00,2422.00,0.011055,530.071164,528.082968,0,0,1,0.011043,599.468152,574.879979,0,0,1,0.011025,563.082938,555.015243,0.038005,0.038005,1
2648,30-Dec-01,24:00:00,1731.76,0.009027,373.137897,368.303785,0.798276,0.798276,1,0.009019,401.056659,375.623752,0.765595,0.765595,1,0.009007,501.418113,482.14823,0.651099,0.651099,1
2649,31-Dec-01,24:00:00,3436.47,0.010789,660.68043,642.640933,0.046054,0.046054,1,0.010779,854.996979,802.996514,0.163453,0.163453,1,0.010763,1289.45,1262.12,0.356057,0.356057,1
2650,1-Jan-02,24:00:00,2669.65,0.009075,642.488938,634.675888,1.313989,1.313989,1,0.009068,828.938636,768.443654,1.236371,1.236371,1,0.009058,1174.22,1136.72,1.152208,1.152208,1
2651,2-Jan-02,24:00:00,5808.33,0.014654,1836.09,1213.90,0.935954,0.935954,1,0.014643,1952.56,1407.32,0.959411,0.959411,1,0.014625,2048.17,1990.34,0.915545,0.915545,1
2652,3-Jan-02,24:00:00,3610.78,0.016374,1041.82,971.1983,0,0,1,0.016347,1082.96,1034.01,0,0,1,0.016305,503.239193,502.734918,0,0,1
2653,4-Jan-02,24:00:00,2418.09,0.019866,426.921246,425.110381,0.025412,0.025412,1,0.019834,428.167378,427.845762,0,0,1,0.019786,366.260262,366.260262,0,0,1
2654,5-Jan-02,24:00:00,2634.14,0.005246,409.761496,406.843159,1.138666,1.138666,1,0.005242,453.748614,417.278812,0.962707,0.962707,1,0.005237,841.889888,816.4641,0.808279,0.808279,1
2655,6-Jan-02,24:00:00,5507.91,0.009309,1069.84,1063.89,0.491609,0.491609,1,0.0093,1307.28,1218.17,0.606183,0.606183,1,0.009286,1859.08,1811.20,0.778165,0.778165,1
2656,7-Jan-02,24:00:00,3466.28,0.013701,760.283773,759.53512,0,0,1,0.013681,822.925775,813.571545,0,0,1,0.01365,480.105157,479.96355,0,0,1
2657,8-Jan-02,24:00:00,2224.37,0.012746,375.981384,375.957826,0,0,1,0.012725,390.870708,390.725547,0,0,1,0.012694,386.478446,386.478446,0,0,1
2658,9-Jan-02,24:00:00,1983.24,0.020165,276.160836,276.160836,0,0,1,0.020149,303.49281,303.49281,0,0,1,0.020107,363.868047,363.868047,0,0,1
2659,10-Jan-02,24:00:00,1914.62,0.018995,248.680952,248.680952,0,0,1,0.018969,278.945803,278.945803,0,0,1,0.018924,342.677932,342.677932,0,0,1
2660,11-Jan-02,24:00:00,1725.22,0.021524,232.838843,232.838843,0,0,1,0.02149,262.108659,262.108659,0,0,1,0.021437,322.721913,322.721913,0,0,1
2661,12-Jan-02,24:00:00,1518.30,0.024153,219.134888,219.134888,0,0,0.998711,0.024121,246.799312,246.799312,0,0,0.998723,0.02407,303.928042,303.928042,0,0,0.998744
2662,13-Jan-02,24:00:00,1436.01,0.021208,206.359226,206.359226,0,0,0.995756,0.021178,232.423623,232.423623,0,0,0.995781,0.021133,286.228642,286.228642,0,0,0.995822
2663,14-Jan-02,24:00:00,1325.56,0.027055,194.340464,194.340464,0,0,0.99244,0.027026,218.888103,218.888103,0,0,0.992469,0.026985,269.559975,269.559975,0,0,0.992516
2664,15-Jan-02,24:00:00,1163.07,0.021203,183.022831,183.022831,0,0,0.988861,0.021176,206.141032,206.141032,0,0,0.988894,0.021135,253.862016,253.862016,0,0,0.988947
2665,16-Jan-02,24:00:00,1086.02,0.020653,172.364396,172.364396,0,0,0.985872,0.020624,194.136306,194.136306,0,0,0.985909,0.02058,239.078236,239.078236,0,0,0.985967
2666,17-Jan-02,24:00:00,1013.23,0.024669,162.326669,162.326669,0,0,0.982652,0.024644,182.830682,182.830682,0,0,0.982693,0.024605,225.155396,225.155396,0,0,0.982758
2667,18-Jan-02,24:00:00,929.159543,0.021234,152.873495,152.873495,0,0,0.979341,0.021204,172.183446,172.183446,0,0,0.979386,0.02116,212.04336,212.04336,0,0,0.979457
2668,19-Jan-02,24:00:00,846.883849,0.022847,143.970831,143.970831,0,0,0.976253,0.022822,162.156258,162.156258,0,0,0.976302,0.022789,199.69491,199.69491,0,0,0.976378
2669,20-Jan-02,24:00:00,764.536651,0.016363,135.586618,135.586618,0,0,0.973476,0.016348,152.713008,152.713008,0,0,0.973527,0.016325,188.065578,188.065578,0,0,0.973608
2670,21-Jan-02,24:00:00,705.940225,0.006027,127.690664,127.690664,0,0,0.972209,0.006017,143.81969,143.81969,0,0,0.972262,0.006,177.598204,177.113486,0.028833,0,0.973117
2671,22-Jan-02,24:00:00,675.547843,0.008776,120.254535,120.254535,0,0,0.972209,0.008758,135.444279,135.444279,0,0,0.972262,0.008731,167.649443,166.799194,0,0,0.976463
2672,23-Jan-02,24:00:00,651.395704,0.022251,113.251453,113.251453,0,0,0.972209,0.022232,127.556614,127.556614,0,0,0.972262,0.022203,157.08556,157.08556,0,0,0.976463
2673,24-Jan-02,24:00:00,628.624349,0.008285,106.656198,106.656198,0,0,0.972209,0.008267,120.128292,120.128292,0,0,0.972262,0.008239,147.937605,147.937605,0,0,0.976463
2674,25-Jan-02,24:00:00,793.337634,0.019965,100.445021,100.445021,0,0,0.971299,0.019946,113.132561,113.132561,0,0,0.971356,0.019914,139.322385,139.322385,0,0,0.976463
2675,26-Jan-02,24:00:00,1096.96,0.015616,104.937189,103.802533,0.244467,0.035723,0.993864,0.015604,137.594577,119.550118,0.2514,0.043086,0.993783,0.015586,254.944579,242.766295,0.264596,0.09984,0.996689
2676,27-Jan-02,24:00:00,1120.17,0.023694,108.532762,108.257149,0,0,1,0.023682,130.988748,127.474756,0,0,1,0.023665,143.72571,143.652982,0,0,1
2677,28-Jan-02,24:00:00,925.644329,0.018002,90.373686,90.360206,0,0,1,0.017989,102.14129,102.054148,0,0,1,0.017968,122.736437,122.736437,0,0,1
2678,29-Jan-02,24:00:00,675.450752,0.024755,81.314274,81.314274,0,0,1,0.024747,91.71302,91.71302,0,0,1,0.024718,115.567652,115.567652,0,0,1
2679,30-Jan-02,24:00:00,511.937288,0.024347,75.959971,75.959971,0,0,0.999733,0.023948,85.848428,85.848428,0,0,0.9999,0.023908,108.837497,108.837497,0,0,0.999905
2680,31-Jan-02,24:00:00,457.541907,0.024817,71.458389,71.458389,0,0,0.99754,0.024699,80.80135,80.80135,0,0,0.99798,0.024665,102.499291,102.499291,0,0,0.997999
2681,1-Feb-02,24:00:00,441.892189,0.012528,67.288413,67.288413,0,0,0.994915,0.012508,76.092081,76.092081,0,0,0.995363,0.012478,96.530194,96.530194,0,0,0.995519
2682,2-Feb-02,24:00:00,427.741842,0.021402,63.368977,63.368977,0,0,0.992521,0.021377,71.660549,71.660549,0,0,0.992972,0.021344,90.90871,90.90871,0,0,0.994841
2683,3-Feb-02,24:00:00,414.420806,0.027134,59.678572,59.678572,0,0,0.989028,0.027112,67.487343,67.487343,0,0,0.989483,0.027078,85.614596,85.614596,0,0,0.994841
2684,4-Feb-02,24:00:00,416.181619,0.030718,56.203153,56.203153,0,0,0.984882,0.030699,63.557183,63.557183,0,0,0.98534,0.030668,80.628788,80.628788,0,0,0.994066
2685,5-Feb-02,24:00:00,457.0846,0.02458,52.930134,52.930134,0,0,0.980902,0.024558,59.855899,59.855899,0,0,0.981363,0.024528,75.93333,75.93333,0,0,0.991224
2686,6-Feb-02,24:00:00,486.812414,0.020048,49.847721,49.847721,0,0,0.977861,0.020027,56.370161,56.370161,0,0,0.978324,0.019993,71.511315,71.511315,0,0,0.988189
2687,7-Feb-02,24:00:00,528.550325,0.012428,55.889125,55.244634,0.386619,0.213809,0.983834,0.012419,78.385888,65.744977,0.403276,0.232277,0.984286,0.012405,217.211522,201.697512,0.43903,0.337121,0.991129
2688,8-Feb-02,24:00:00,1186.04,0.032392,170.637299,169.132263,0,0,1,0.032376,238.929539,217.799471,0,0,1,0.032351,368.130863,363.317423,0,0,1
2689,9-Feb-02,24:00:00,658.289946,0.031236,106.501735,106.399633,0,0,1,0.031211,115.882682,114.931588,0,0,1,0.031172,82.868216,82.868216,0,0,1
2690,10-Feb-02,24:00:00,523.369578,0.037295,58.848474,58.848474,0,0,0.999878,0.037274,63.397984,63.397984,0,0,0.999881,0.03724,76.923274,76.923274,0,0,0.999863
2691,11-Feb-02,24:00:00,495.022103,0.035485,47.216419,47.216419,0,0,0.997191,0.035461,53.399231,53.399231,0,0,0.997201,0.035422,72.44255,72.44255,0,0,0.997153
2692,12-Feb-02,24:00:00,483.95167,0.038783,43.33921,43.33921,0,0,0.991899,0.038756,49.671044,49.671044,0,0,0.991913,0.038713,68.223822,68.223822,0,0,0.991871
2693,13-Feb-02,24:00:00,474.599662,0.031911,40.685369,40.685369,0,0,0.986866,0.031888,46.727478,46.727478,0,0,0.986883,0.031853,64.250773,64.250773,0,0,0.986847
2694,14-Feb-02,24:00:00,465.639712,0.042065,38.302532,38.302532,0,0,0.981612,0.042041,44.002494,44.002494,0,0,0.981633,0.042003,60.509098,60.509098,0,0,0.981602
2695,15-Feb-02,24:00:00,457.214765,0.023656,36.070654,36.070654,0,0,0.976955,0.023629,41.439724,41.439724,0,0,0.976979,0.023584,56.98532,56.98532,0,0,0.976953
2696,16-Feb-02,24:00:00,450.867178,0.018255,34.664339,34.5426,0.236295,0.044548,0.978751,0.018235,42.193936,39.825076,0.242441,0.0509,0.978683,0.018203,55.897031,53.666752,0.176436,0,0.977969
2697,17-Feb-02,24:00:00,522.796414,0.023499,57.752903,56.58901,0,0,1,0.023475,89.666595,72.069507,0,0,1,0.023436,56.480279,50.541442,0,0,0.997824
2698,18-Feb-02,24:00:00,474.739794,0.024058,45.526303,45.435938,0,0,1,0.024045,52.991537,52.083288,0,0,1,0.024022,47.598136,47.598136,0,0,0.997824
2699,19-Feb-02,24:00:00,2118.20,0.011421,244.729299,176.935433,1.210154,1.210154,1,0.01141,662.942818,269.314406,1.300262,1.300262,1,0.011392,2441.31,1091.45,1.46616,1.450928,0.999773
2700,20-Feb-02,24:00:00,6751.74,0.020538,1041.73,847.090261,0.385155,0.385155,1,0.020524,1764.93,1125.30,0.480539,0.480539,1,0.020499,2034.75,1558.98,0.559389,0.559389,1
2701,21-Feb-02,24:00:00,2912.90,0.033279,541.480074,527.857254,0,0,1,0.033263,626.293579,594.057445,0,0,1,0.033238,205.875233,205.808327,0,0,1
2702,22-Feb-02,24:00:00,1649.51,0.042567,183.70305,183.686678,0,0,1,0.042548,190.316618,190.219839,0,0,1,0.042517,160.627077,160.627077,0,0,1
2703,23-Feb-02,24:00:00,884.358784,0.01848,102.817164,102.817164,0,0,0.999328,0.018466,118.753904,118.753904,0,0,0.999332,0.018441,151.227398,151.227398,0,0,0.999226
2704,24-Feb-02,24:00:00,660.609676,0.037598,86.657557,86.657557,0,0,0.995728,0.037582,105.514015,105.514015,0,0,0.995738,0.037556,142.420563,142.420563,0,0,0.99553
2705,25-Feb-02,24:00:00,637.847444,0.044609,80.402989,80.402989,0,0,0.989794,0.044603,98.82898,98.82898,0,0,0.989805,0.044594,134.126631,134.126631,0,0,0.989601
2706,26-Feb-02,24:00:00,619.199423,0.046307,75.592734,75.592734,0,0,0.983313,0.04629,93.032526,93.032526,0,0,0.983325,0.046279,126.3157,126.3157,0,0,0.983122
2707,27-Feb-02,24:00:00,601.816418,0.049856,71.177973,71.177973,0,0,0.976508,0.049835,87.611832,87.611832,0,0,0.976523,0.049831,118.959643,118.959643,0,0,0.976321
2708,28-Feb-02,24:00:00,585.461448,0.058049,67.031715,67.031715,0,0,0.969041,0.058043,82.50952,82.50952,0,0,0.969059,0.058042,112.031969,112.031969,0,0,0.968857
2709,1-Mar-02,24:00:00,570.721321,0.049692,63.127984,63.127984,0,0,0.961104,0.049691,77.704524,77.704524,0,0,0.961122,0.04969,105.507732,105.507732,0,0,0.96092
2710,2-Mar-02,24:00:00,559.305583,0.048705,59.451685,59.451685,0,0,0.954104,0.048705,73.179362,73.179362,0,0,0.954122,0.048704,99.363436,99.363436,0,0,0.95392
2711,3-Mar-02,24:00:00,547.289328,0.04953,55.989486,55.989486,0,0,0.947096,0.049529,68.917726,68.917726,0,0,0.947115,0.049529,93.576957,93.576957,0,0,0.946913
2712,4-Mar-02,24:00:00,502.706053,0.052026,52.728911,52.728911,0,0,0.939881,0.052026,64.904268,64.904268,0,0,0.939899,0.052026,88.127457,88.127457,0,0,0.939698
2713,5-Mar-02,24:00:00,434.088382,0.028094,49.658216,49.658216,0,0,0.934702,0.028085,61.872211,61.124535,0.068504,0,0.936635,0.028068,85.420398,82.995311,0.129326,0,0.938435
2714,6-Mar-02,24:00:00,388.817751,0.019274,47.567757,46.766346,0.420697,0,0.95267,0.019264,81.631425,59.416846,0.485944,0.09272,0.965518,0.019248,125.580635,106.491719,0.448295,0.114488,0.972073
2715,7-Mar-02,24:00:00,699.378684,0.030063,72.48933,70.308306,0.149056,0.103054,0.99822,0.030048,209.645662,175.34532,0.155766,0.155766,1,0.030021,381.920609,369.535381,0.156226,0.156226,1
2716,8-Mar-02,24:00:00,576.579981,0.042108,97.22507,96.901242,0,0,1,0.042102,178.255319,174.450482,0,0,1,0.042094,106.210676,106.132236,0,0,1
2717,9-Mar-02,24:00:00,345.050433,0.031446,62.68821,62.556296,0.3711,0.3711,1,0.03144,92.845954,89.576218,0.378472,0.378472,1,0.031431,188.659021,182.065736,0.437166,0.437166,1
2718,10-Mar-02,24:00:00,1475.48,0.027306,311.254766,308.635284,0.147788,0.147788,1,0.027293,421.356864,384.80044,0.112351,0.112351,1,0.027266,679.712803,661.443593,0.099812,0.099812,1
2719,11-Mar-02,24:00:00,763.775999,0.051596,233.35396,233.077449,0,0,1,0.051581,235.944487,233.432673,0,0,1,0.051556,113.462259,113.462259,0,0,1
2720,12-Mar-02,24:00:00,376.175216,0.041187,94.951558,94.945605,0,0,0.998904,0.041182,98.230178,98.226211,0,0,0.998906,0.041168,101.871678,101.871678,0,0,0.99891
2721,13-Mar-02,24:00:00,281.272574,0.032937,61.288975,61.288975,0,0,0.994854,0.032932,73.395198,73.395198,0,0,0.994859,0.032922,95.933684,95.933684,0,0,0.994869
2722,14-Mar-02,24:00:00,255.148757,0.046519,53.647367,53.647367,0,0,0.989241,0.046519,67.159205,67.159205,0,0,0.989246,0.046519,90.346935,90.346935,0,0,0.989257
2723,15-Mar-02,24:00:00,241.462698,0.048481,50.040339,50.040339,0,0,0.982632,0.04847,63.082456,63.082456,0,0,0.983304,0.048451,85.085536,85.085536,0,0,0.983316
2724,16-Mar-02,24:00:00,228.65118,0.041456,47.075144,47.075144,0,0,0.975829,0.041443,59.39631,59.39631,0,0,0.979411,0.04142,80.130538,80.130538,0,0,0.980588
2725,17-Mar-02,24:00:00,217.449722,0.033551,44.328683,44.328683,0,0,0.970704,0.03353,55.936458,55.936458,0,0,0.974845,0.033507,75.464096,75.464096,0,0,0.977193
2726,18-Mar-02,24:00:00,215.086399,0.051566,41.746713,41.746713,0,0,0.964565,0.051562,52.678912,52.678912,0,0,0.968708,0.051556,71.069407,71.069407,0,0,0.971058
2727,19-Mar-02,24:00:00,222.761894,0.058622,39.31553,39.31553,0,0,0.956733,0.058622,49.611126,49.611126,0,0,0.960877,0.058622,66.930645,66.930645,0,0,0.963227
2728,20-Mar-02,24:00:00,223.849453,0.054087,37.025967,37.025967,0,0,0.948709,0.054085,46.721997,46.721997,0,0,0.952853,0.054083,63.032906,63.032906,0,0,0.955203
2729,21-Mar-02,24:00:00,216.100036,0.067474,34.869741,34.869741,0,0,0.940171,0.067474,44.001119,44.001119,0,0,0.944315,0.067474,59.362153,59.362153,0,0,0.946666
2730,22-Mar-02,24:00:00,224.363191,0.016031,34.21469,32.854472,0.467497,0.012672,0.96428,0.016026,62.495918,41.493091,0.464016,0.038196,0.966747,0.016016,72.861581,57.58438,0.497277,0.087913,0.965584
2731,23-Mar-02,24:00:00,976.716572,0.031025,194.895808,191.531661,0.461071,0.461071,1,0.031015,290.889606,243.855309,0.408973,0.408973,1,0.030997,643.059779,616.64615,0.417528,0.417528,1
2732,24-Mar-02,24:00:00,962.80683,0.052798,260.376213,259.721977,0,0,1,0.052783,277.342954,270.37471,0,0,1,0.052754,154.443147,153.777766,0,0,1
2733,25-Mar-02,24:00:00,388.308338,0.043635,102.802268,102.77299,0,0,0.999673,0.043639,97.660704,97.501638,0,0,0.999674,0.043627,78.75749,78.75749,0,0,1
2734,26-Mar-02,24:00:00,268.347242,0.061409,54.432001,54.432001,0,0,0.994711,0.061409,58.644775,58.644775,0,0,0.994713,0.061409,74.023419,74.023419,0,0,0.995801
2735,27-Mar-02,24:00:00,238.948878,0.065061,44.495202,44.495202,0,0,0.985687,0.065051,51.435455,51.435455,0,0,0.985689,0.065033,69.712505,69.712505,0,0,0.986812
2736,28-Mar-02,24:00:00,227.591512,0.079275,41.060234,41.060234,0,0,0.975463,0.079261,48.101244,48.101244,0,0,0.975467,0.079235,65.652763,65.652763,0,0,0.976593
2737,29-Mar-02,24:00:00,223.179824,0.081428,38.577052,38.577052,0,0,0.964027,0.081412,45.273579,45.273579,0,0,0.964034,0.081383,61.829442,61.829442,0,0,0.965164
2738,30-Mar-02,24:00:00,215.013393,0.07796,36.321272,36.321272,0,0,0.952577,0.077942,42.635149,42.635149,0,0,0.952586,0.07791,58.228774,58.228774,0,0,0.95372
2739,31-Mar-02,24:00:00,206.884421,0.076969,34.205212,34.205212,0,0,0.941454,0.076953,40.152142,40.152142,0,0,0.941466,0.076924,54.837792,54.837792,0,0,0.942605
2740,1-Apr-02,24:00:00,284.092545,0.081272,32.213175,32.213175,0,0,0.930242,0.081255,37.813853,37.813853,0,0,0.930256,0.081225,51.644286,51.644286,0,0,0.931398
2741,2-Apr-02,24:00:00,395.134674,0.075253,30.337218,30.337218,0,0,0.919035,0.075241,35.611744,35.611744,0,0,0.919051,0.07522,48.636755,48.636755,0,0,0.920197
2742,3-Apr-02,24:00:00,405.49458,0.044062,28.570514,28.570514,0,0,0.91063,0.044052,33.537877,33.537877,0,0,0.910647,0.044035,45.80437,45.80437,0,0,0.911797
2743,4-Apr-02,24:00:00,391.689006,0.026582,26.906696,26.906696,0,0,0.905433,0.026574,31.584782,31.584782,0,0,0.905452,0.026559,43.13693,43.13693,0,0,0.906604
2744,5-Apr-02,24:00:00,385.932698,0.035322,25.339771,25.339771,0,0,0.900723,0.035313,29.745426,29.745426,0,0,0.900743,0.035292,40.624829,40.624829,0,0,0.901898
2745,6-Apr-02,24:00:00,380.292517,0.062858,23.864097,23.864097,0,0,0.893984,0.062844,28.013187,28.013187,0,0,0.894006,0.062816,38.259022,38.259022,0,0,0.895163
2746,7-Apr-02,24:00:00,374.976086,0.071896,22.47436,22.47436,0,0,0.884472,0.07189,26.381825,26.381825,0,0,0.884495,0.071867,36.030989,36.030989,0,0,0.885656
2747,8-Apr-02,24:00:00,369.969227,0.064773,21.165554,21.165554,0,0,0.874436,0.064762,24.845466,24.845466,0,0,0.874461,0.06474,33.932707,33.932707,0,0,0.875625
2748,9-Apr-02,24:00:00,317.360077,0.026037,19.932968,19.932968,0,0,0.868105,0.02603,23.398578,23.398578,0,0,0.86813,0.026018,31.956619,31.956619,0,0,0.870934
2749,10-Apr-02,24:00:00,247.220368,0.076639,18.772161,18.772161,0,0,0.860672,0.076627,22.03595,22.03595,0,0,0.860699,0.07659,30.095609,30.095609,0,0,0.868235
2750,11-Apr-02,24:00:00,219.894016,0.041041,17.678955,17.678955,0,0,0.852492,0.041034,20.752676,20.752676,0,0,0.85252,0.041018,28.342976,28.342976,0,0,0.86185
2751,12-Apr-02,24:00:00,216.46831,0.08751,16.649413,16.649413,0,0,0.843214,0.087497,19.544134,19.544134,0,0,0.843243,0.08746,26.692409,26.692409,0,0,0.852576
2752,13-Apr-02,24:00:00,213.396845,0.092033,15.679826,15.679826,0,0,0.830459,0.09202,18.405971,18.405971,0,0,0.83049,0.091995,25.137963,25.137963,0,0,0.839828
2753,14-Apr-02,24:00:00,209.9333,0.072776,14.766703,14.766703,0,0,0.818768,0.072765,17.33409,17.33409,0,0,0.818801,0.072751,23.674042,23.674042,0,0,0.828142
2754,15-Apr-02,24:00:00,206.620527,0.069509,13.906757,13.906757,0,0,0.808078,0.069498,16.324631,16.324631,0,0,0.808113,0.069475,22.295372,22.295372,0,0,0.817457
2755,16-Apr-02,24:00:00,204.105167,0.02807,13.150248,13.09689,0.045162,0,0.80308,0.028064,16.885931,15.373958,0.064287,0,0.803862,0.028052,24.477295,20.99699,0.146095,0,0.815717
2756,17-Apr-02,24:00:00,210.725747,0.04662,12.530131,12.334186,0,0,0.806485,0.04661,18.323668,14.478648,0,0,0.809253,0.046589,23.058209,19.77422,0,0,0.830287
2757,18-Apr-02,24:00:00,199.476916,0.058672,11.629614,11.615899,0,0,0.806257,0.058665,13.813616,13.635477,0,0,0.809026,0.05865,18.622658,18.622658,0,0,0.830065
2758,19-Apr-02,24:00:00,201.56733,0.078206,10.939441,10.939441,0,0,0.800196,0.078199,12.841408,12.841408,0,0,0.802968,0.078185,17.538159,17.538159,0,0,0.824019
2759,20-Apr-02,24:00:00,210.836683,0.077005,10.302377,10.302377,0,0,0.789178,0.076997,12.093582,12.093582,0,0,0.791951,0.07698,16.516815,16.516815,0,0,0.813005
2760,21-Apr-02,24:00:00,213.954553,0.080296,9.702413,9.702413,0,0,0.778083,0.080281,11.389306,11.389306,0,0,0.780857,0.080263,15.55495,15.55495,0,0,0.801913
2761,22-Apr-02,24:00:00,212.047495,0.088987,9.137388,9.137388,0,0,0.765858,0.088978,10.726045,10.726045,0,0,0.768634,0.088959,14.6491,14.6491,0,0,0.789693
2762,23-Apr-02,24:00:00,210.014516,0.091606,8.605268,8.605268,0,0,0.753006,0.091593,10.101408,10.101408,0,0,0.755783,0.091567,13.796002,13.796002,0,0,0.776844
2763,24-Apr-02,24:00:00,208.132836,0.055849,8.104136,8.104136,0,0,0.742199,0.055838,9.513148,9.513148,0,0,0.744978,0.055815,12.992585,12.992585,0,0,0.766044
2764,25-Apr-02,24:00:00,206.420014,0.088739,7.632188,7.632188,0,0,0.732142,0.08873,8.959145,8.959145,0,0,0.734922,0.088718,12.235956,12.235956,0,0,0.755991
2765,26-Apr-02,24:00:00,205.612842,0.07646,7.187723,7.187723,0,0,0.720501,0.076455,8.437404,8.437404,0,0,0.723283,0.076454,11.523389,11.523389,0,0,0.744352
2766,27-Apr-02,24:00:00,204.996363,0.051847,6.769143,6.769143,0,0,0.711056,0.051841,7.946048,7.946048,0,0,0.713839,0.051834,10.852319,10.852319,0,0,0.734909
2767,28-Apr-02,24:00:00,202.675275,0.045436,6.374938,6.374938,0,0,0.703946,0.045433,7.483306,7.483306,0,0,0.706729,0.045426,10.220328,10.220328,0,0,0.7278
2768,29-Apr-02,24:00:00,201.600722,0.02829,6.003691,6.003691,0,0,0.69875,0.028287,7.047512,7.047512,0,0,0.701534,0.028278,9.625143,9.625143,0,0,0.722606
2769,30-Apr-02,24:00:00,201.650678,0.030947,5.654063,5.654063,0,0,0.694634,0.030943,6.637097,6.637097,0,0,0.697418,0.030931,9.064618,9.064618,0,0,0.718491
2770,1-May-02,24:00:00,200.52287,0.06134,5.324796,5.324796,0,0,0.688049,0.061334,6.250582,6.250582,0,0,0.690834,0.06132,8.536735,8.536735,0,0,0.711909
2771,2-May-02,24:00:00,199.334962,0.08947,5.014704,5.014704,0,0,0.677263,0.089469,5.886576,5.886576,0,0,0.680048,0.089454,8.039594,8.039594,0,0,0.701126
2772,3-May-02,24:00:00,198.209312,0.076822,4.72267,4.72267,0,0,0.665678,0.076832,5.543769,5.543769,0,0,0.668463,0.076832,7.571404,7.571404,0,0,0.689541
2773,4-May-02,24:00:00,196.24971,0.096332,4.447643,4.447643,0,0,0.653092,0.096333,5.220924,5.220924,0,0,0.655876,0.096333,7.13048,7.13048,0,0,0.676954
2774,5-May-02,24:00:00,193.804227,0.105066,4.188632,4.188632,0,0,0.638872,0.105066,4.916881,4.916881,0,0,0.641656,0.105067,6.715233,6.715233,0,0,0.662734
2775,6-May-02,24:00:00,192.267067,0.094836,3.944705,3.944705,0,0,0.624549,0.094836,4.630544,4.630544,0,0,0.627333,0.094836,6.324168,6.324168,0,0,0.648411
2776,7-May-02,24:00:00,191.326995,0.083859,3.714983,3.714983,0,0,0.611545,0.083859,4.360882,4.360882,0,0,0.614329,0.08386,5.955877,5.955877,0,0,0.635407
2777,8-May-02,24:00:00,190.489935,0.095487,3.498639,3.498639,0,0,0.598945,0.095488,4.106924,4.106924,0,0,0.601729,0.095488,5.609033,5.609033,0,0,0.622807
2778,9-May-02,24:00:00,189.70422,0.095165,3.294894,3.294894,0,0,0.585382,0.095166,3.867755,3.867755,0,0,0.588166,0.095167,5.282389,5.282389,0,0,0.609244
2779,10-May-02,24:00:00,188.964378,0.082137,3.103014,3.103014,0,0,0.572159,0.082138,3.642515,3.642515,0,0,0.574943,0.082138,4.974766,4.974766,0,0,0.596021
2780,11-May-02,24:00:00,188.267626,0.096665,2.922309,2.922309,0,0,0.559808,0.096665,3.430391,3.430391,0,0,0.562592,0.096666,4.685058,4.685058,0,0,0.583669
2781,12-May-02,24:00:00,187.611451,0.103982,2.752127,2.752127,0,0,0.545727,0.103982,3.230621,3.230621,0,0,0.548511,0.103986,4.412221,4.412221,0,0,0.569588
2782,13-May-02,24:00:00,186.993487,0.091925,2.591855,2.591855,0,0,0.531696,0.091921,3.042484,3.042484,0,0,0.53448,0.091911,4.155273,4.155273,0,0,0.555557
2783,14-May-02,24:00:00,185.961918,0.100024,2.440917,2.440917,0,0,0.5179,0.100022,2.865303,2.865303,0,0,0.520684,0.100015,3.913289,3.913289,0,0,0.541764
2784,15-May-02,24:00:00,184.915227,0.109718,2.298769,2.298769,0,0,0.503141,0.109718,2.698441,2.698441,0,0,0.505926,0.109719,3.685397,3.685397,0,0,0.527005
2785,16-May-02,24:00:00,184.799636,0.101005,2.164899,2.164899,0,0,0.487913,0.101006,2.541296,2.541296,0,0,0.490698,0.101007,3.470776,3.470776,0,0,0.511777
2786,17-May-02,24:00:00,184.809482,0.103285,2.038825,2.038825,0,0,0.473171,0.103286,2.393302,2.393302,0,0,0.475956,0.103286,3.268653,3.268653,0,0,0.497035
2787,18-May-02,24:00:00,184.400581,0.083375,1.920093,1.920093,0,0,0.459886,0.083384,2.253927,2.253927,0,0,0.46267,0.083385,3.078302,3.078302,0,0,0.483749
2788,19-May-02,24:00:00,183.972093,0.038642,1.808276,1.808276,0,0,0.450866,0.038646,2.122668,2.122668,0,0,0.453648,0.038638,2.899035,2.899035,0,0,0.474728
2789,20-May-02,24:00:00,192.339389,0.035702,2.211626,1.70297,0.144598,0,0.459202,0.035699,11.657346,1.999054,0.199008,0,0.464203,0.035692,12.558968,2.730209,0.2613,0,0.488582
2790,21-May-02,24:00:00,202.9426,0.046877,1.917668,1.603797,0,0,0.468817,0.046875,9.053027,1.882638,0,0,0.479373,0.046865,4.840851,2.571214,0,0,0.509352
2791,22-May-02,24:00:00,185.238988,0.087817,1.529993,1.510399,0,0,0.467026,0.087806,2.07893,1.773002,0,0,0.477582,0.087803,2.421478,2.421478,0,0,0.507562
2792,23-May-02,24:00:00,182.607219,0.099978,1.42244,1.42244,0,0,0.456927,0.099979,1.66975,1.66975,0,0,0.467484,0.09998,2.280462,2.280462,0,0,0.497465
2793,24-May-02,24:00:00,182.17009,0.106211,1.339603,1.339603,0,0,0.442144,0.106212,1.572511,1.572511,0,0,0.452701,0.106213,2.147658,2.147658,0,0,0.482682
2794,25-May-02,24:00:00,180.965355,0.112631,1.261591,1.261591,0,0,0.426682,0.112632,1.480935,1.480935,0,0,0.437238,0.112633,2.022588,2.022588,0,0,0.467219
2795,26-May-02,24:00:00,183.731021,0.103372,1.188122,1.188122,0,0,0.411079,0.103372,1.394692,1.394692,0,0,0.421636,0.103374,1.904802,1.904802,0,0,0.451616
2796,27-May-02,24:00:00,194.598532,0.058843,1.118931,1.118931,0,0,0.399213,0.058843,1.313472,1.313472,0,0,0.40977,0.058835,1.793875,1.793875,0,0,0.439751
2797,28-May-02,24:00:00,202.512962,0.100061,1.053769,1.053769,0,0,0.388123,0.100055,1.236981,1.236981,0,0,0.39868,0.100023,1.689407,1.689407,0,0,0.428664
2798,29-May-02,24:00:00,202.79272,0.119157,0.992402,0.992402,0,0,0.372708,0.119153,1.164945,1.164945,0,0,0.383266,0.119142,1.591024,1.591024,0,0,0.413253
2799,30-May-02,24:00:00,202.575345,0.12518,0.934609,0.934609,0,0,0.355236,0.125177,1.097104,1.097104,0,0,0.365795,0.125165,1.49837,1.49837,0,0,0.395783
2800,31-May-02,24:00:00,202.367153,0.113081,0.880182,0.880182,0,0,0.338001,0.113076,1.033213,1.033213,0,0,0.34856,0.113061,1.411111,1.411111,0,0,0.37855
2801,1-Jun-02,24:00:00,202.793063,0.106371,0.828924,0.828924,0,0,0.322527,0.106367,0.973044,0.973044,0,0,0.333087,0.106351,1.328935,1.328935,0,0,0.36308
2802,2-Jun-02,24:00:00,204.224377,0.105678,0.780651,0.780651,0,0,0.307352,0.105674,0.916378,0.916378,0,0,0.317912,0.105661,1.251544,1.251544,0,0,0.347907
2803,3-Jun-02,24:00:00,195.538012,0.117947,0.73519,0.73519,0,0,0.291596,0.117944,0.863012,0.863012,0,0,0.302156,0.117928,1.178659,1.178659,0,0,0.332153
2804,4-Jun-02,24:00:00,174.437643,0.127001,0.692376,0.692376,0,0,0.274005,0.126997,0.812754,0.812754,0,0,0.284567,0.126978,1.110019,1.110019,0,0,0.314566
2805,5-Jun-02,24:00:00,159.062421,0.133832,0.652055,0.652055,0,0,0.255393,0.133828,0.765423,0.765423,0,0,0.265955,0.133816,1.045377,1.045377,0,0,0.295957
2806,6-Jun-02,24:00:00,160.594968,0.131631,0.614082,0.614082,0,0,0.236779,0.131627,0.720848,0.720848,0,0,0.247341,0.131613,0.984499,0.984499,0,0,0.277345
2807,7-Jun-02,24:00:00,171.966208,0.127318,0.578321,0.578321,0,0,0.218216,0.127314,0.678869,0.678869,0,0,0.228779,0.127298,0.927166,0.927166,0,0,0.258784
2808,8-Jun-02,24:00:00,180.696172,0.119555,0.544642,0.544642,0,0,0.199783,0.119552,0.639335,0.639335,0,0,0.210347,0.119536,0.873172,0.873172,0,0,0.240355
2809,9-Jun-02,24:00:00,181.880291,0.112566,0.512924,0.512924,0,0,0.183428,0.112563,0.602103,0.602103,0,0,0.193992,0.112548,0.822323,0.822323,0,0,0.224003
2810,10-Jun-02,24:00:00,188.151996,0.113021,0.483054,0.483054,0,0,0.167355,0.113017,0.567039,0.567039,0,0,0.17792,0.113005,0.774434,0.774434,0,0,0.207931
2811,11-Jun-02,24:00:00,201.392764,0.121225,0.454923,0.454923,0,0,0.150712,0.121222,0.534017,0.534017,0,0,0.161277,0.121208,0.729335,0.729335,0,0,0.191291
2812,12-Jun-02,24:00:00,208.766057,0.114579,0.42843,0.42843,0,0,0.134074,0.114575,0.502919,0.502919,0,0,0.144639,0.114564,0.686861,0.686861,0,0,0.174655
2813,13-Jun-02,24:00:00,210.774699,0.111138,0.403481,0.403481,0,0,0.117799,0.111134,0.473631,0.473631,0,0,0.128364,0.111122,0.646862,0.646862,0,0,0.158382
2814,14-Jun-02,24:00:00,213.929508,0.104566,0.379984,0.379984,0,0,0.102466,0.104564,0.446049,0.446049,0,0,0.113032,0.104554,0.609191,0.609191,0,0,0.143051
2815,15-Jun-02,24:00:00,217.832826,0.111558,0.357855,0.357855,0,0,0.086969,0.111555,0.420073,0.420073,0,0,0.097536,0.111542,0.573715,0.573715,0,0,0.127557
2816,16-Jun-02,24:00:00,216.777033,0.114269,0.337015,0.337015,0,0,0.070964,0.114266,0.39561,0.39561,0,0,0.081531,0.114254,0.540304,0.540304,0,0,0.111553
2817,17-Jun-02,24:00:00,225.190046,0.116379,0.317389,0.317389,0,0,0.0544,0.116376,0.372571,0.372571,0,0,0.064967,0.116364,0.508839,0.508839,0,0,0.094992
2818,18-Jun-02,24:00:00,239.133356,0.097392,0.298906,0.298906,0,0,0.039288,0.097397,0.350874,0.350874,0,0,0.049855,0.097376,0.479207,0.479207,0,0,0.079882
2819,19-Jun-02,24:00:00,245.241999,0.120528,0.281499,0.281499,0,0,0.023609,0.120525,0.330441,0.330441,0,0,0.034176,0.120508,0.4513,0.4513,0,0,0.064205
2820,20-Jun-02,24:00:00,246.001587,0.122567,0.265106,0.265106,0,0,0.007075,0.122564,0.311198,0.311198,0,0,0.016966,0.122551,0.425018,0.425018,0,0,0.046997
2821,21-Jun-02,24:00:00,246.577017,0.105394,0.249667,0.249667,0,0,0,0.105391,0.293075,0.293075,0,0,0.003117,0.105378,0.400267,0.400267,0,0,0.030338
2822,22-Jun-02,24:00:00,246.893468,0.110654,0.235128,0.235128,0,0,0,0.110651,0.276008,0.276008,0,0,0,0.11064,0.376957,0.376957,0,0,0.015102
2823,23-Jun-02,24:00:00,246.225063,0.112583,0.221435,0.221435,0,0,0,0.11258,0.259934,0.259934,0,0,0,0.11257,0.355005,0.355005,0,0,0.002678
2824,24-Jun-02,24:00:00,244.559791,0.118164,0.208539,0.208539,0,0,0,0.118162,0.244797,0.244797,0,0,0,0.118152,0.334331,0.334331,0,0,0
2825,25-Jun-02,24:00:00,244.385385,0.127576,0.196395,0.196395,0,0,0,0.127573,0.230541,0.230541,0,0,0,0.127559,0.314861,0.314861,0,0,0
2826,26-Jun-02,24:00:00,251.543608,0.119064,0.184958,0.184958,0,0,0,0.11906,0.217115,0.217115,0,0,0,0.119046,0.296525,0.296525,0,0,0
2827,27-Jun-02,24:00:00,263.686114,0.125789,0.174187,0.174187,0,0,0,0.125787,0.204471,0.204471,0,0,0,0.125776,0.279257,0.279257,0,0,0
2828,28-Jun-02,24:00:00,270.414875,0.121974,0.164043,0.164043,0,0,0,0.121972,0.192564,0.192564,0,0,0,0.121962,0.262994,0.262994,0,0,0
2829,29-Jun-02,24:00:00,271.57241,0.117191,0.15449,0.15449,0,0,0,0.117188,0.18135,0.18135,0,0,0,0.117176,0.247679,0.247679,0,0,0
2830,30-Jun-02,24:00:00,272.800454,0.116567,0.145493,0.145493,0,0,0,0.116564,0.170789,0.170789,0,0,0,0.116551,0.233255,0.233255,0,0,0
2831,1-Jul-02,24:00:00,272.268144,0.129568,0.13702,0.13702,0,0,0,0.129565,0.160843,0.160843,0,0,0,0.129553,0.219671,0.219671,0,0,0
2832,2-Jul-02,24:00:00,271.505596,0.120533,0.129041,0.129041,0,0,0,0.12053,0.151476,0.151476,0,0,0,0.120516,0.206879,0.206879,0,0,0
2833,3-Jul-02,24:00:00,274.574974,0.130923,0.121526,0.121526,0,0,0,0.130918,0.142655,0.142655,0,0,0,0.130905,0.194831,0.194831,0,0,0
2834,4-Jul-02,24:00:00,276.407746,0.115689,0.114449,0.114449,0,0,0,0.115686,0.134347,0.134347,0,0,0,0.115674,0.183485,0.183485,0,0,0
2835,5-Jul-02,24:00:00,276.41212,0.116646,0.107784,0.107784,0,0,0,0.116642,0.126523,0.126523,0,0,0,0.11663,0.172799,0.172799,0,0,0
2836,6-Jul-02,24:00:00,276.388316,0.132539,0.101507,0.101507,0,0,0,0.132535,0.119155,0.119155,0,0,0,0.132521,0.162736,0.162736,0,0,0
2837,7-Jul-02,24:00:00,276.365703,0.118602,0.095596,0.095596,0,0,0,0.118598,0.112216,0.112216,0,0,0,0.118584,0.153259,0.153259,0,0,0
2838,8-Jul-02,24:00:00,276.344406,0.115697,0.090029,0.090029,0,0,0,0.115693,0.105681,0.105681,0,0,0,0.11568,0.144334,0.144334,0,0,0
2839,9-Jul-02,24:00:00,276.324349,0.1256,0.084786,0.084786,0,0,0,0.125595,0.099527,0.099527,0,0,0,0.125577,0.135929,0.135929,0,0,0
2840,10-Jul-02,24:00:00,276.305461,0.130539,0.079848,0.079848,0,0,0,0.130535,0.093731,0.093731,0,0,0,0.13052,0.128013,0.128013,0,0,0
2841,11-Jul-02,24:00:00,276.287672,0.138107,0.075198,0.075198,0,0,0,0.138102,0.088272,0.088272,0,0,0,0.138086,0.120558,0.120558,0,0,0
2842,12-Jul-02,24:00:00,277.514916,0.133706,0.070819,0.070819,0,0,0,0.133702,0.083132,0.083132,0,0,0,0.133683,0.113537,0.113537,0,0,0
2843,13-Jul-02,24:00:00,279.487107,0.126019,0.066695,0.066695,0,0,0,0.126016,0.078291,0.078291,0,0,0,0.126003,0.106925,0.106925,0,0,0
2844,14-Jul-02,24:00:00,278.362174,0.12867,0.062811,0.062811,0,0,0,0.128666,0.073731,0.073731,0,0,0,0.128654,0.100699,0.100699,0,0,0
2845,15-Jul-02,24:00:00,276.622257,0.104657,0.059153,0.059153,0,0,0,0.104653,0.069438,0.069438,0,0,0,0.104642,0.094834,0.094834,0,0,0
2846,16-Jul-02,24:00:00,276.219254,0.106966,0.055708,0.055708,0,0,0,0.106961,0.065394,0.065394,0,0,0,0.106944,0.089312,0.089312,0,0,0
2847,17-Jul-02,24:00:00,276.200744,0.118459,0.052464,0.052464,0,0,0,0.118455,0.061586,0.061586,0,0,0,0.11844,0.084111,0.084111,0,0,0
2848,18-Jul-02,24:00:00,276.189014,0.118342,0.049409,0.049409,0,0,0,0.118338,0.057999,0.057999,0,0,0,0.118323,0.079212,0.079212,0,0,0
2849,19-Jul-02,24:00:00,276.178007,0.117952,0.046531,0.046531,0,0,0,0.117947,0.054621,0.054621,0,0,0,0.117935,0.074599,0.074599,0,0,0
2850,20-Jul-02,24:00:00,275.545642,0.128387,0.043822,0.043822,0,0,0,0.128381,0.051441,0.051441,0,0,0,0.128363,0.070255,0.070255,0,0,0
2851,21-Jul-02,24:00:00,275.785892,0.102385,0.04127,0.04127,0,0,0,0.102379,0.048445,0.048445,0,0,0,0.102363,0.066164,0.066164,0,0,0
2852,22-Jul-02,24:00:00,269.922727,0.086641,0.038866,0.038866,0,0,0,0.086637,0.045624,0.045624,0,0,0,0.086624,0.062311,0.062311,0,0,0
2853,23-Jul-02,24:00:00,256.248172,0.106664,0.036603,0.036603,0,0,0,0.106659,0.042967,0.042967,0,0,0,0.106646,0.058682,0.058682,0,0,0
2854,24-Jul-02,24:00:00,250.228545,0.108507,0.034471,0.034471,0,0,0,0.108502,0.040465,0.040465,0,0,0,0.108487,0.055265,0.055265,0,0,0
2855,25-Jul-02,24:00:00,250.124862,0.103224,0.032464,0.032464,0,0,0,0.103219,0.038108,0.038108,0,0,0,0.103205,0.052046,0.052046,0,0,0
2856,26-Jul-02,24:00:00,250.116963,0.101846,0.030573,0.030573,0,0,0,0.101843,0.035889,0.035889,0,0,0,0.101834,0.049015,0.049015,0,0,0
2857,27-Jul-02,24:00:00,250.110148,0.087532,0.028793,0.028793,0,0,0,0.087531,0.033799,0.033799,0,0,0,0.087537,0.046161,0.046161,0,0,0
2858,28-Jul-02,24:00:00,250.103733,0.059925,0.027116,0.027116,0,0,0,0.059924,0.031831,0.031831,0,0,0,0.059932,0.043473,0.043473,0,0,0
2859,29-Jul-02,24:00:00,250.097692,0.083626,0.025537,0.025537,0,0,0,0.083627,0.029977,0.029977,0,0,0,0.08364,0.040941,0.040941,0,0,0
2860,30-Jul-02,24:00:00,250.092003,0.099235,0.02405,0.02405,0,0,0,0.099235,0.028231,0.028231,0,0,0,0.099236,0.038557,0.038557,0,0,0
2861,31-Jul-02,24:00:00,244.488661,0.098143,0.022649,0.022649,0,0,0,0.098156,0.026587,0.026587,0,0,0,0.098155,0.036311,0.036311,0,0,0
2862,1-Aug-02,24:00:00,236.159758,0.107518,0.02133,0.02133,0,0,0,0.107519,0.025039,0.025039,0,0,0,0.107519,0.034197,0.034197,0,0,0
2863,2-Aug-02,24:00:00,231.259357,0.101069,0.020088,0.020088,0,0,0,0.101077,0.023581,0.023581,0,0,0,0.101077,0.032205,0.032205,0,0,0
2864,3-Aug-02,24:00:00,230.090757,0.072578,0.018918,0.018918,0,0,0,0.07259,0.022207,0.022207,0,0,0,0.072589,0.03033,0.03033,0,0,0
2865,4-Aug-02,24:00:00,230.068285,0.097012,0.017817,0.017817,0,0,0,0.097012,0.020914,0.020914,0,0,0,0.097012,0.028564,0.028564,0,0,0
2866,5-Aug-02,24:00:00,230.064189,0.104041,0.016779,0.016779,0,0,0,0.104041,0.019696,0.019696,0,0,0,0.104041,0.0269,0.0269,0,0,0
2867,6-Aug-02,24:00:00,230.06045,0.098564,0.015802,0.015802,0,0,0,0.098564,0.018549,0.018549,0,0,0,0.098564,0.025334,0.025334,0,0,0
2868,7-Aug-02,24:00:00,230.05693,0.09916,0.014882,0.014882,0,0,0,0.09916,0.017469,0.017469,0,0,0,0.099161,0.023858,0.023858,0,0,0
2869,8-Aug-02,24:00:00,246.225569,0.109455,0.014015,0.014015,0,0,0,0.109455,0.016452,0.016452,0,0,0,0.109456,0.022469,0.022469,0,0,0
2870,9-Aug-02,24:00:00,268.334039,0.114879,0.013199,0.013199,0,0,0,0.114879,0.015494,0.015494,0,0,0,0.11488,0.02116,0.02116,0,0,0
2871,10-Aug-02,24:00:00,276.548143,0.117266,0.01243,0.01243,0,0,0,0.117266,0.014591,0.014591,0,0,0,0.117266,0.019928,0.019928,0,0,0
2872,11-Aug-02,24:00:00,277.037925,0.110837,0.011706,0.011706,0,0,0,0.110837,0.013742,0.013742,0,0,0,0.110837,0.018768,0.018768,0,0,0
2873,12-Aug-02,24:00:00,278.286125,0.113071,0.011025,0.011025,0,0,0,0.113071,0.012941,0.012941,0,0,0,0.113071,0.017675,0.017675,0,0,0
2874,13-Aug-02,24:00:00,279.649684,0.11576,0.010383,0.010383,0,0,0,0.11576,0.012188,0.012188,0,0,0,0.11576,0.016645,0.016645,0,0,0
2875,14-Aug-02,24:00:00,279.409308,0.11101,0.009778,0.009778,0,0,0,0.111006,0.011478,0.011478,0,0,0,0.111006,0.015676,0.015676,0,0,0
2876,15-Aug-02,24:00:00,277.797205,0.108675,0.009208,0.009208,0,0,0,0.108674,0.01081,0.01081,0,0,0,0.108674,0.014763,0.014763,0,0,0
2877,16-Aug-02,24:00:00,276.423251,0.102629,0.008672,0.008672,0,0,0,0.102629,0.01018,0.01018,0,0,0,0.102629,0.013903,0.013903,0,0,0
2878,17-Aug-02,24:00:00,276.037344,0.114759,0.008167,0.008167,0,0,0,0.114759,0.009587,0.009587,0,0,0,0.114759,0.013094,0.013094,0,0,0
2879,18-Aug-02,24:00:00,276.029467,0.102842,0.007692,0.007692,0,0,0,0.102842,0.009029,0.009029,0,0,0,0.102842,0.012331,0.012331,0,0,0
2880,19-Aug-02,24:00:00,268.563732,0.094633,0.007244,0.007244,0,0,0,0.094626,0.008503,0.008503,0,0,0,0.094626,0.011613,0.011613,0,0,0
2881,20-Aug-02,24:00:00,256.634311,0.106207,0.006822,0.006822,0,0,0,0.106197,0.008008,0.008008,0,0,0,0.106189,0.010937,0.010937,0,0,0
2882,21-Aug-02,24:00:00,252.097271,0.096227,0.006425,0.006425,0,0,0,0.096218,0.007542,0.007542,0,0,0,0.096203,0.0103,0.0103,0,0,0
2883,22-Aug-02,24:00:00,252.02365,0.091522,0.00605,0.00605,0,0,0,0.091511,0.007102,0.007102,0,0,0,0.091489,0.0097,0.0097,0,0,0
2884,23-Aug-02,24:00:00,242.691827,0.090199,0.005698,0.005698,0,0,0,0.09019,0.006689,0.006689,0,0,0,0.090171,0.009135,0.009135,0,0,0
2885,24-Aug-02,24:00:00,230.268789,0.101169,0.005366,0.005366,0,0,0,0.101158,0.006299,0.006299,0,0,0,0.101135,0.008603,0.008603,0,0,0
2886,25-Aug-02,24:00:00,226.086136,0.108289,0.005054,0.005054,0,0,0,0.108276,0.005932,0.005932,0,0,0,0.10825,0.008102,0.008102,0,0,0
2887,26-Aug-02,24:00:00,235.348644,0.104918,0.004759,0.004759,0,0,0,0.104904,0.005587,0.005587,0,0,0,0.104877,0.00763,0.00763,0,0,0
2888,27-Aug-02,24:00:00,249.012886,0.104605,0.004482,0.004482,0,0,0,0.104593,0.005262,0.005262,0,0,0,0.104569,0.007186,0.007186,0,0,0
2889,28-Aug-02,24:00:00,253.315315,0.114418,0.004221,0.004221,0,0,0,0.114404,0.004955,0.004955,0,0,0,0.114376,0.006767,0.006767,0,0,0
2890,29-Aug-02,24:00:00,253.642676,0.081188,0.003975,0.003975,0,0,0,0.081175,0.004667,0.004667,0,0,0,0.081155,0.006373,0.006373,0,0,0
2891,30-Aug-02,24:00:00,255.87434,0.091558,0.003744,0.003744,0,0,0,0.091547,0.004395,0.004395,0,0,0,0.091533,0.006002,0.006002,0,0,0
2892,31-Aug-02,24:00:00,258.239395,0.095189,0.003526,0.003526,0,0,0,0.095175,0.004139,0.004139,0,0,0,0.095148,0.005653,0.005653,0,0,0
2893,1-Sep-02,24:00:00,259.000545,0.093583,0.003321,0.003321,0,0,0,0.093572,0.003898,0.003898,0,0,0,0.093553,0.005323,0.005323,0,0,0
2894,2-Sep-02,24:00:00,255.901887,0.106297,0.003127,0.003127,0,0,0,0.106281,0.003671,0.003671,0,0,0,0.106251,0.005013,0.005013,0,0,0
2895,3-Sep-02,24:00:00,249.06536,0.102668,0.002945,0.002945,0,0,0,0.102652,0.003457,0.003457,0,0,0,0.102621,0.004722,0.004722,0,0,0
2896,4-Sep-02,24:00:00,245.436949,0.089011,0.002774,0.002774,0,0,0,0.088996,0.003256,0.003256,0,0,0,0.088962,0.004447,0.004447,0,0,0
2897,5-Sep-02,24:00:00,243.150349,0.086241,0.002612,0.002612,0,0,0,0.086222,0.003066,0.003066,0,0,0,0.086187,0.004188,0.004188,0,0,0
2898,6-Sep-02,24:00:00,248.247485,0.077987,0.00246,0.00246,0,0,0,0.077968,0.002888,0.002888,0,0,0,0.077934,0.003944,0.003944,0,0,0
2899,7-Sep-02,24:00:00,258.16881,0.080443,0.002317,0.002317,0,0,0,0.080429,0.002719,0.002719,0,0,0,0.080403,0.003714,0.003714,0,0,0
2900,8-Sep-02,24:00:00,262.569767,0.084174,0.002182,0.002182,0,0,0,0.084157,0.002561,0.002561,0,0,0,0.084126,0.003498,0.003498,0,0,0
2901,9-Sep-02,24:00:00,261.757428,0.089079,0.002055,0.002055,0,0,0,0.089074,0.002412,0.002412,0,0,0,0.089066,0.003294,0.003294,0,0,0
2902,10-Sep-02,24:00:00,258.531397,0.091047,0.001935,0.001935,0,0,0,0.091047,0.002271,0.002271,0,0,0,0.091047,0.003102,0.003102,0,0,0
2903,11-Sep-02,24:00:00,255.165124,0.096374,0.001822,0.001822,0,0,0,0.096375,0.002139,0.002139,0,0,0,0.096374,0.002922,0.002922,0,0,0
2904,12-Sep-02,24:00:00,254.024781,0.091145,0.001716,0.001716,0,0,0,0.091145,0.002015,0.002015,0,0,0,0.091145,0.002751,0.002751,0,0,0
2905,13-Sep-02,24:00:00,249.030323,0.087922,0.001616,0.001616,0,0,0,0.087923,0.001897,0.001897,0,0,0,0.087923,0.002591,0.002591,0,0,0
2906,14-Sep-02,24:00:00,239.211971,0.082813,0.001522,0.001522,0,0,0,0.082813,0.001787,0.001787,0,0,0,0.082813,0.00244,0.00244,0,0,0
2907,15-Sep-02,24:00:00,235.693993,0.07359,0.001434,0.001434,0,0,0,0.073588,0.001683,0.001683,0,0,0,0.073586,0.002298,0.002298,0,0,0
2908,16-Sep-02,24:00:00,235.377611,0.079746,0.00135,0.00135,0,0,0,0.079746,0.001585,0.001585,0,0,0,0.079746,0.002164,0.002164,0,0,0
2909,17-Sep-02,24:00:00,234.388842,0.088166,0.001271,0.001271,0,0,0,0.088167,0.001492,0.001492,0,0,0,0.088166,0.002038,0.002038,0,0,0
2910,18-Sep-02,24:00:00,234.010638,0.093131,0.001197,0.001197,0,0,0,0.093131,0.001406,0.001406,0,0,0,0.093131,0.00192,0.00192,0,0,0
2911,19-Sep-02,24:00:00,237.114347,0.079337,0.001128,0.001128,0,0,0,0.079337,0.001324,0.001324,0,0,0,0.079337,0.001808,0.001808,0,0,0
2912,20-Sep-02,24:00:00,243.32797,0.081698,0.001062,0.001062,0,0,0,0.081698,0.001247,0.001247,0,0,0,0.081698,0.001703,0.001703,0,0,0
2913,21-Sep-02,24:00:00,244.09551,0.086198,0.001,0.001,0,0,0,0.086198,0.001174,0.001174,0,0,0,0.086198,0.001603,0.001603,0,0,0
2914,22-Sep-02,24:00:00,242.39936,0.087339,0.000942,0.000942,0,0,0,0.087339,0.001106,0.001106,0,0,0,0.087338,0.00151,0.00151,0,0,0
2915,23-Sep-02,24:00:00,242.009533,0.07946,0.000887,0.000887,0,0,0,0.07946,0.001041,0.001041,0,0,0,0.07946,0.001422,0.001422,0,0,0
2916,24-Sep-02,24:00:00,242.003238,0.081873,0.000835,0.000835,0,0,0,0.081873,0.000981,0.000981,0,0,0,0.081873,0.001339,0.001339,0,0,0
2917,25-Sep-02,24:00:00,241.381012,0.075899,0.000787,0.000787,0,0,0,0.075899,0.000924,0.000924,0,0,0,0.075899,0.001261,0.001261,0,0,0
2918,26-Sep-02,24:00:00,216.12892,0.072164,0.000741,0.000741,0,0,0,0.072164,0.00087,0.00087,0,0,0,0.072164,0.001188,0.001188,0,0,0
2919,27-Sep-02,24:00:00,232.965266,0.059949,0.000698,0.000698,0,0,0,0.059948,0.000819,0.000819,0,0,0,0.059947,0.001119,0.001119,0,0,0
2920,28-Sep-02,24:00:00,242.989389,0.061116,0.000657,0.000657,0,0,0,0.061116,0.000771,0.000771,0,0,0,0.061115,0.001054,0.001054,0,0,0
2921,29-Sep-02,24:00:00,238.084472,0.06178,0.000619,0.000619,0,0,0,0.061778,0.000726,0.000726,0,0,0,0.061773,0.000992,0.000992,0,0,0
2922,30-Sep-02,24:00:00,238.002802,0.067533,0.000583,0.000583,0,0,0,0.067533,0.000684,0.000684,0,0,0,0.067533,0.000934,0.000934,0,0,0
2923,1-Oct-02,24:00:00,232.404119,0.064117,0.000549,0.000549,0,0,0,0.064112,0.000644,0.000644,0,0,0,0.064112,0.00088,0.00088,0,0,0
2924,2-Oct-02,24:00:00,215.994159,0.064268,0.000517,0.000517,0,0,0,0.064251,0.000607,0.000607,0,0,0,0.064247,0.000829,0.000829,0,0,0
2925,3-Oct-02,24:00:00,206.262581,0.060299,0.000487,0.000487,0,0,0,0.060276,0.000571,0.000571,0,0,0,0.060254,0.00078,0.00078,0,0,0
2926,4-Oct-02,24:00:00,213.728657,0.062939,0.000458,0.000458,0,0,0,0.062918,0.000538,0.000538,0,0,0,0.062887,0.000735,0.000735,0,0,0
2927,5-Oct-02,24:00:00,228.869529,0.062836,0.000432,0.000432,0,0,0,0.062813,0.000507,0.000507,0,0,0,0.062775,0.000692,0.000692,0,0,0
2928,6-Oct-02,24:00:00,253.564662,0.066484,0.000407,0.000407,0,0,0,0.066455,0.000477,0.000477,0,0,0,0.066406,0.000652,0.000652,0,0,0
2929,7-Oct-02,24:00:00,265.442309,0.067015,0.000383,0.000383,0,0,0,0.066988,0.00045,0.00045,0,0,0,0.066942,0.000614,0.000614,0,0,0
2930,8-Oct-02,24:00:00,284.654055,0.063643,0.000361,0.000361,0,0,0,0.063618,0.000423,0.000423,0,0,0,0.063578,0.000578,0.000578,0,0,0
2931,9-Oct-02,24:00:00,313.858718,0.066039,0.00034,0.00034,0,0,0,0.066006,0.000399,0.000399,0,0,0,0.065951,0.000545,0.000545,0,0,0
2932,10-Oct-02,24:00:00,328.557494,0.051308,0.00032,0.00032,0,0,0,0.051287,0.000375,0.000375,0,0,0,0.051253,0.000513,0.000513,0,0,0
2933,11-Oct-02,24:00:00,330.963838,0.050242,0.000301,0.000301,0,0,0,0.050218,0.000354,0.000354,0,0,0,0.050178,0.000483,0.000483,0,0,0
2934,12-Oct-02,24:00:00,306.742896,0.051405,0.000284,0.000284,0,0,0,0.051381,0.000333,0.000333,0,0,0,0.051342,0.000455,0.000455,0,0,0
2935,13-Oct-02,24:00:00,276.685691,0.053036,0.000267,0.000267,0,0,0,0.05301,0.000314,0.000314,0,0,0,0.052967,0.000428,0.000428,0,0,0
2936,14-Oct-02,24:00:00,268.39699,0.056735,0.000252,0.000252,0,0,0,0.056708,0.000295,0.000295,0,0,0,0.056665,0.000403,0.000403,0,0,0
2937,15-Oct-02,24:00:00,260.281952,0.054605,0.000237,0.000237,0,0,0,0.054579,0.000278,0.000278,0,0,0,0.054537,0.00038,0.00038,0,0,0
2938,16-Oct-02,24:00:00,248.24302,0.024973,0.000223,0.000223,0,0,0,0.024964,0.000262,0.000262,0,0,0,0.024949,0.000358,0.000358,0,0,0
2939,17-Oct-02,24:00:00,244.067565,0.037004,0.00021,0.00021,0,0,0,0.037003,0.000247,0.000247,0,0,0,0.037001,0.000337,0.000337,0,0,0
2940,18-Oct-02,24:00:00,242.135225,0.045508,0.000198,0.000198,0,0,0,0.045508,0.000232,0.000232,0,0,0,0.045508,0.000317,0.000317,0,0,0
2941,19-Oct-02,24:00:00,228.578799,0.051265,0.000186,0.000186,0,0,0,0.051265,0.000219,0.000219,0,0,0,0.051265,0.000299,0.000299,0,0,0
2942,20-Oct-02,24:00:00,218.633125,0.052842,0.000176,0.000176,0,0,0,0.052842,0.000206,0.000206,0,0,0,0.052842,0.000281,0.000281,0,0,0
2943,21-Oct-02,24:00:00,211.427548,0.04789,0.000165,0.000165,0,0,0,0.04789,0.000194,0.000194,0,0,0,0.04789,0.000265,0.000265,0,0,0
2944,22-Oct-02,24:00:00,199.761764,0.047745,0.000156,0.000156,0,0,0,0.047744,0.000183,0.000183,0,0,0,0.047744,0.00025,0.00025,0,0,0
2945,23-Oct-02,24:00:00,193.120404,0.028496,0.000147,0.000147,0,0,0,0.028494,0.000172,0.000172,0,0,0,0.028491,0.000235,0.000235,0,0,0
2946,24-Oct-02,24:00:00,191.633592,0.027104,0.000138,0.000138,0,0,0,0.027087,0.000162,0.000162,0,0,0,0.027059,0.000221,0.000221,0,0,0
2947,25-Oct-02,24:00:00,192.854858,0.040882,0.00013,0.00013,0,0,0,0.040876,0.000153,0.000153,0,0,0,0.040867,0.000208,0.000208,0,0,0
2948,26-Oct-02,24:00:00,185.354773,0.048197,0.000122,0.000122,0,0,0,0.048197,0.000144,0.000144,0,0,0,0.048195,0.000196,0.000196,0,0,0
2949,27-Oct-02,24:00:00,168.333328,0.040962,0.000115,0.000115,0,0,0,0.040962,0.000135,0.000135,0,0,0,0.04096,0.000185,0.000185,0,0,0
2950,28-Oct-02,24:00:00,159.835298,0.048111,0.000109,0.000109,0,0,0,0.048108,0.000128,0.000128,0,0,0,0.048107,0.000174,0.000174,0,0,0
2951,29-Oct-02,24:00:00,159.49432,0.060589,0.000102,0.000102,0,0,0,0.060562,0.00012,0.00012,0,0,0,0.06056,0.000164,0.000164,0,0,0
2952,30-Oct-02,24:00:00,159.500976,0.039493,0.000096,0.000096,0,0,0,0.039466,0.000113,0.000113,0,0,0,0.039449,0.000154,0.000154,0,0,0
2953,31-Oct-02,24:00:00,154.10392,0.032884,0.000091,0.000091,0,0,0,0.032859,0.000107,0.000107,0,0,0,0.032825,0.000145,0.000145,0,0,0
2954,1-Nov-02,24:00:00,144.976026,0.036367,0.000085,0.000085,0,0,0,0.036334,0.0001,0.0001,0,0,0,0.036282,0.000137,0.000137,0,0,0
2955,2-Nov-02,24:00:00,142.693378,0.035909,0.00008,0.00008,0,0,0,0.035885,0.000094,0.000094,0,0,0,0.035846,0.000129,0.000129,0,0,0
2956,3-Nov-02,24:00:00,143.865745,0.03193,0.000076,0.000076,0,0,0,0.031903,0.000089,0.000089,0,0,0,0.03186,0.000121,0.000121,0,0,0
2957,4-Nov-02,24:00:00,143.990222,0.035458,0.000071,0.000071,0,0,0,0.035427,0.000084,0.000084,0,0,0,0.035379,0.000114,0.000114,0,0,0
2958,5-Nov-02,24:00:00,144.901637,0.039432,0.000067,0.000067,0,0,0,0.039402,0.000079,0.000079,0,0,0,0.039355,0.000108,0.000108,0,0,0
2959,6-Nov-02,24:00:00,144.552308,0.036859,0.001059,0.000063,0.018076,0,0.000161,0.036829,0.058852,0.000074,0.074301,0,0.00051,0.036782,0.128636,0.000101,0.106819,0,0.000705
2960,7-Nov-02,24:00:00,213.065325,0.014254,4.805933,0.00006,1.731823,0,0.123301,0.014235,76.364712,0.00007,1.656157,0,0.119581,0.014206,54.442237,0.000096,1.53968,0,0.106101
2961,8-Nov-02,24:00:00,369.708465,0.014632,10.110313,0.000056,1.350814,0,0.373489,0.014612,146.616023,0.000066,1.250538,0,0.363743,0.014588,76.660077,0.00009,1.23058,0,0.356768
2962,9-Nov-02,24:00:00,244.881291,0.017355,4.738944,0.000053,0.54318,0,0.483233,0.017337,63.309153,0.000062,0.57198,0,0.468791,0.017309,20.019111,0.000085,0.419156,0,0.445747
2963,10-Nov-02,24:00:00,232.830875,0.023596,3.749108,0.00005,0.493727,0,0.574692,0.023578,63.437495,0.000058,0.609313,0,0.576897,0.02355,38.80189,0.00008,0.810438,0,0.566159
2964,11-Nov-02,24:00:00,149.096681,0.023858,0.663101,0.000047,0,0,0.591089,0.023833,8.420519,0.000055,0,0,0.594613,0.023793,0.090765,0.000075,0,0,0.586668
2965,12-Nov-02,24:00:00,103.780876,0.013896,0.028967,0.000044,0,0,0.591089,0.013879,4.518597,0.000052,0.087529,0,0.60013,0.013851,4.597563,0.000071,0.105776,0,0.594011
2966,13-Nov-02,24:00:00,106.115452,0.029823,0.000042,0.000042,0,0,0.591089,0.029802,3.058728,0.000049,0,0,0.607117,0.029769,0.300091,0.000067,0,0,0.601778
2967,14-Nov-02,24:00:00,101.609626,0.029287,0.000039,0.000039,0,0,0.591089,0.029263,0.126149,0.000046,0,0,0.607117,0.029229,0.000063,0.000063,0,0,0.601778
2968,15-Nov-02,24:00:00,101.026104,0.027673,0.000037,0.000037,0,0,0.590778,0.027646,0.000043,0.000043,0,0,0.607117,0.027607,0.000059,0.000059,0,0,0.601778
2969,16-Nov-02,24:00:00,101.001013,0.027314,0.000035,0.000035,0,0,0.588409,0.027301,0.000041,0.000041,0,0,0.606286,0.027281,0.000056,0.000056,0,0,0.600896
2970,17-Nov-02,24:00:00,101.000156,0.031611,0.000033,0.000033,0,0,0.584064,0.031587,0.000038,0.000038,0,0,0.60272,0.03157,0.000052,0.000052,0,0,0.597283
2971,18-Nov-02,24:00:00,105.046463,0.025391,0.000031,0.000031,0,0,0.580029,0.025361,0.000036,0.000036,0,0,0.598689,0.025317,0.000049,0.000049,0,0,0.593257
2972,19-Nov-02,24:00:00,117.177015,0.000567,0.000029,0.000029,0,0,0.578227,0.000559,0.000034,0.000034,0,0,0.596889,0.000546,0.000047,0.000047,0,0,0.591461
2973,20-Nov-02,24:00:00,126.094498,0.0128,0.000027,0.000027,0,0,0.577382,0.012777,0.000032,0.000032,0,0,0.596047,0.012741,0.000044,0.000044,0,0,0.590622
2974,21-Nov-02,24:00:00,126.951696,0.029348,0.000026,0.000026,0,0,0.574258,0.029313,0.00003,0.00003,0,0,0.592927,0.029258,0.000041,0.000041,0,0,0.587508
2975,22-Nov-02,24:00:00,120.703594,0.027514,0.000024,0.000024,0,0,0.570206,0.027478,0.000028,0.000028,0,0,0.588881,0.027423,0.000039,0.000039,0,0,0.58347
2976,23-Nov-02,24:00:00,110.128433,0.023553,0.000023,0.000023,0,0,0.566565,0.023529,0.000027,0.000027,0,0,0.585243,0.023492,0.000037,0.000037,0,0,0.579839
2977,24-Nov-02,24:00:00,105.4534,0.017134,0.000021,0.000021,0,0,0.563624,0.017113,0.000025,0.000025,0,0,0.582306,0.017081,0.000034,0.000034,0,0,0.576907
2978,25-Nov-02,24:00:00,105.024085,0.030509,0.00002,0.00002,0,0,0.560519,0.030466,0.000024,0.000024,0,0,0.579204,0.030401,0.000032,0.000032,0,0,0.573811
2979,26-Nov-02,24:00:00,105.001154,0.023741,0.000019,0.000019,0,0,0.556316,0.023687,0.000022,0.000022,0,0,0.57501,0.023603,0.000031,0.000031,0,0,0.569629
2980,27-Nov-02,24:00:00,98.705802,0.023745,0.000018,0.000018,0,0,0.552937,0.023696,0.000021,0.000021,0,0,0.571638,0.023629,0.000029,0.000029,0,0,0.566267
2981,28-Nov-02,24:00:00,86.779721,0.025397,0.000017,0.000017,0,0,0.549475,0.025351,0.00002,0.00002,0,0,0.568183,0.025288,0.000027,0.000027,0,0,0.562821
2982,29-Nov-02,24:00:00,80.608779,0.022805,0.000016,0.000016,0,0,0.546005,0.02276,0.000019,0.000019,0,0,0.564719,0.022694,0.000026,0.000026,0,0,0.559367
2983,30-Nov-02,24:00:00,80.032407,0.024285,0.000015,0.000015,0,0,0.542696,0.024241,0.000018,0.000018,0,0,0.561416,0.024174,0.000024,0.000024,0,0,0.556073
2984,1-Dec-02,24:00:00,80.001512,0.02259,0.000014,0.000014,0,0,0.539293,0.022553,0.000017,0.000017,0,0,0.558019,0.022496,0.000023,0.000023,0,0,0.552685
2985,2-Dec-02,24:00:00,78.201737,0.020801,0.000013,0.000013,0,0,0.536184,0.020763,0.000016,0.000016,0,0,0.554915,0.020708,0.000021,0.000021,0,0,0.549589
2986,3-Dec-02,24:00:00,74.858465,0.023481,0.000013,0.000013,0,0,0.533082,0.023446,0.000015,0.000015,0,0,0.551818,0.023392,0.00002,0.00002,0,0,0.5465
2987,4-Dec-02,24:00:00,70.469003,0.016793,0.000012,0.000012,0,0,0.530216,0.01676,0.000014,0.000014,0,0,0.548957,0.016711,0.000019,0.000019,0,0,0.543646
2988,5-Dec-02,24:00:00,66.420494,0.020029,0.000011,0.000011,0,0,0.527502,0.019995,0.000013,0.000013,0,0,0.546248,0.019942,0.000018,0.000018,0,0,0.540945
2989,6-Dec-02,24:00:00,66.919095,0.019074,0.00001,0.00001,0,0,0.524776,0.019042,0.000012,0.000012,0,0,0.543527,0.018993,0.000017,0.000017,0,0,0.538231
2990,7-Dec-02,24:00:00,68.349581,0.021159,0.00001,0.00001,0,0,0.521845,0.021118,0.000012,0.000012,0,0,0.540601,0.021053,0.000016,0.000016,0,0,0.535313
2991,8-Dec-02,24:00:00,68.040996,0.022897,0.000009,0.000009,0,0,0.518789,0.022855,0.000011,0.000011,0,0,0.537551,0.02279,0.000015,0.000015,0,0,0.532272
2992,9-Dec-02,24:00:00,66.203948,0.011572,0.000009,0.000009,0,0,0.516287,0.011545,0.00001,0.00001,0,0,0.535054,0.011495,0.000014,0.000014,0,0,0.529785
2993,10-Dec-02,24:00:00,81.317925,0.013767,0.395703,0.000008,0.078535,0,0.525712,0.013739,14.027501,0.00001,0.179614,0,0.558129,0.013697,9.829902,0.000013,0.212305,0,0.557255
2994,11-Dec-02,24:00:00,70.996237,0.010246,0.648271,0.000008,0.320175,0,0.542625,0.010231,3.993979,0.000009,0.157113,0,0.564716,0.010208,0.000012,0.000012,0,0,0.559268
2995,12-Dec-02,24:00:00,82.811817,0.01314,2.737168,0.000007,1.197025,0,0.617926,0.013111,25.196398,0.000009,1.0056,0,0.610645,0.01307,8.105544,0.000012,0.844633,0,0.574664
2996,13-Dec-02,24:00:00,1294.12,0.010905,443.767673,22.809624,2.464108,0.6679,0.894072,0.010888,807.168244,29.887962,2.574983,0.656749,0.87784,0.010861,1577.52,169.659027,2.858068,0.61758,0.846659
2997,14-Dec-02,24:00:00,16137.49,0.015357,4737.32,689.166253,1.68,1.68,1,0.015345,5385.90,876.94314,1.655053,1.655053,1,0.015328,6381.31,1949.07,1.597346,1.597346,1
2998,15-Dec-02,24:00:00,8207.30,0.012296,2655.78,1241.37,1.13909,1.13909,1,0.012293,2714.37,1393.31,1.105499,1.105499,1,0.01229,2562.39,1403.94,1.070102,1.070102,1
2999,16-Dec-02,24:00:00,16842.73,0.019593,4900.53,1365.36,0.903124,0.903124,1,0.019589,5250.10,1525.76,0.908497,0.908497,1,0.019584,5842.74,2069.05,1.06731,1.06731,1
3000,17-Dec-02,24:00:00,3699.50,0.01549,1266.71,926.054973,0,0,1,0.015475,1231.14,976.650002,0.043573,0.043573,1,0.015451,580.175866,574.127851,0.081053,0.081053,1
3001,18-Dec-02,24:00:00,1075.74,0.008053,359.386043,353.161369,0,0,1,0.008035,358.162628,357.344425,0,0,1,0.008007,265.554617,265.554617,0,0,1
3002,19-Dec-02,24:00:00,3084.70,0.012615,659.02539,320.151818,0.953225,0.953225,1,0.012599,1069.48,382.428452,0.958548,0.958548,1,0.012574,2174.34,941.629878,0.923123,0.923123,1
3003,20-Dec-02,24:00:00,4960.01,0.007084,1148.51,973.304318,1.556293,1.556293,1,0.007082,1536.57,1191.75,1.567473,1.567473,1,0.007079,2276.48,1973.17,1.602367,1.602367,1
3004,21-Dec-02,24:00:00,5165.04,0.015152,1374.23,1358.68,0.321363,0.321363,1,0.015133,1643.50,1546.67,0.302875,0.302875,1,0.015104,1564.40,1416.52,0.229484,0.229484,1
3005,22-Dec-02,24:00:00,2084.63,0.019403,749.89477,749.335988,0,0,1,0.019374,750.332358,744.41311,0,0,1,0.019329,397.106215,397.0728,0,0,1
3006,23-Dec-02,24:00:00,1107.84,0.016397,352.252963,352.239391,0,0,1,0.016365,355.114049,355.048526,0,0,1,0.016317,358.803606,358.803606,0,0,1
3007,24-Dec-02,24:00:00,895.635633,0.008318,257.946812,257.946812,0,0,1,0.008306,281.913422,281.913422,0,0,1,0.008288,337.888316,337.888316,0,0,1
3008,25-Dec-02,24:00:00,828.038381,0.011849,233.171865,233.161065,0.159509,0.159509,1,0.011826,260.547903,260.475797,0.087638,0.087638,1,0.011794,331.535731,330.743744,0.130223,0.130223,1
3009,26-Dec-02,24:00:00,1537.48,0.008491,420.697055,418.043377,0.747344,0.747344,1,0.008476,469.617292,435.480816,0.749862,0.749862,1,0.008454,899.939754,872.17942,0.755077,0.755077,1
3010,27-Dec-02,24:00:00,3486.98,0.008921,988.388269,933.52562,1.435747,1.435747,1,0.008906,1168.37,1071.83,1.227685,1.227685,1,0.008884,1393.05,1359.07,0.749958,0.749958,1
3011,28-Dec-02,24:00:00,5916.00,0.013176,1703.82,1479.50,1.68,1.68,1,0.013168,2212.69,1585.58,1.68,1.68,1,0.013155,2448.96,2121.75,1.68,1.68,1
3012,29-Dec-02,24:00:00,5541.55,0.014211,1758.71,1543.00,0.187994,0.187994,1,0.014201,1864.01,1642.54,0.326513,0.326513,1,0.014179,1441.57,1418.96,0.523665,0.523665,1
3013,30-Dec-02,24:00:00,3981.77,0.007277,977.677279,953.196751,1.272242,1.272242,1,0.007272,1255.19,1160.21,1.395664,1.395664,1,0.007263,2103.72,2005.40,1.484039,1.484039,1
3014,31-Dec-02,24:00:00,6994.47,0.019504,2028.49,1327.66,0.496631,0.496631,1,0.019493,2156.87,1641.03,0.476557,0.476557,1,0.019476,2369.49,1992.00,0.578023,0.578023,1
3015,1-Jan-03,24:00:00,3466.05,0.010742,964.506614,895.875681,0,0,1,0.010715,972.37209,937.753127,0,0,1,0.010683,594.39899,594.33396,0,0,1
3016,2-Jan-03,24:00:00,2489.04,0.016888,480.11965,478.855203,0,0,1,0.016861,497.937756,497.879634,0,0,1,0.016819,523.499454,523.499454,0,0,1
3017,3-Jan-03,24:00:00,2134.02,0.02057,369.808028,369.808028,0,0,1,0.020537,407.921079,407.921079,0,0,1,0.020485,492.96223,492.96223,0,0,1
3018,4-Jan-03,24:00:00,1884.66,0.007623,336.528899,336.528899,0,0,1,0.007617,377.858575,377.858575,0,0,1,0.007607,464.254293,464.254293,0,0,1
3019,5-Jan-03,24:00:00,1784.44,0.020253,315.53751,315.53751,0,0,1,0.020228,355.318271,355.318271,0,0,1,0.020189,437.218214,437.218214,0,0,1
3020,6-Jan-03,24:00:00,1644.57,0.01819,297.014508,297.014508,0,0,0.999855,0.018159,334.585561,334.585561,0,0,0.999864,0.01811,411.756594,411.756594,0,0,0.999877
3021,7-Jan-03,24:00:00,1480.62,0.020865,279.70322,279.70322,0,0,0.998127,0.02083,315.09795,315.09795,0,0,0.998152,0.020776,387.777745,387.777745,0,0,0.99819
3022,8-Jan-03,24:00:00,1405.75,0.021708,263.413211,263.413211,0,0,0.995087,0.021673,296.747874,296.747874,0,0,0.996659,0.021618,433.988531,429.979405,0.090795,0.067702,0.998557
3023,9-Jan-03,24:00:00,1621.58,0.007536,260.236398,259.789389,0.194442,0.149153,0.996831,0.007518,320.764607,310.985955,0.177105,0.153719,0.998577,0.00751,745.768256,729.352442,0.367533,0.367533,1
3024,10-Jan-03,24:00:00,1836.81,0.010602,358.847712,357.413549,0.240364,0.240364,1,0.010599,411.927277,398.256419,0.164535,0.164535,1,0.010596,525.184684,520.773955,0.086088,0.086088,1
3025,11-Jan-03,24:00:00,2411.41,0.009917,430.086681,428.854661,0.197853,0.197853,1,0.009905,569.027483,530.817879,0.627288,0.627288,1,0.009886,1424.40,1235.86,1.292617,1.292617,1
3026,12-Jan-03,24:00:00,4213.99,0.009856,650.506584,515.285174,1.179134,1.179134,1,0.009843,984.856561,889.336342,1.22445,1.22445,1,0.00982,2157.10,2085.83,1.217202,1.217202,1
3027,13-Jan-03,24:00:00,5521.56,0.009624,1616.22,1198.17,0.992194,0.992194,1,0.00962,1619.38,1496.92,0.800601,0.800601,1,0.009604,1432.07,1405.57,0.34429,0.34429,1
3028,14-Jan-03,24:00:00,4080.20,0.019904,1093.56,1042.96,0,0,1,0.019882,1045.10,1025.63,0,0,1,0.019847,518.673649,517.449925,0,0,1
3029,15-Jan-03,24:00:00,2880.81,0.02088,484.488206,482.968399,0,0,1,0.020851,468.105879,467.491302,0,0,1,0.020812,435.859449,435.859449,0,0,1
3030,16-Jan-03,24:00:00,2308.63,0.021122,305.955886,305.955648,0,0,1,0.021098,334.322765,334.322765,0,0,1,0.021064,410.187662,410.187662,0,0,1
3031,17-Jan-03,24:00:00,1961.77,0.024328,263.958739,263.958739,0,0,1,0.024297,302.450696,302.450696,0,0,1,0.024249,386.299887,386.299887,0,0,1
3032,18-Jan-03,24:00:00,1611.56,0.026001,245.539123,245.539123,0,0,0.999254,0.025971,283.71299,283.71299,0,0,0.999263,0.025925,363.803521,363.803521,0,0,0.999276
3033,19-Jan-03,24:00:00,1146.27,0.025184,230.905205,230.905205,0,0,0.996466,0.025154,267.102134,267.102134,0,0,0.998272,0.025111,342.73123,342.617243,0.002997,0,0.998452
3034,20-Jan-03,24:00:00,1046.48,0.013197,217.42458,217.42458,0,0,0.994655,0.013173,254.800514,253.460643,0.029382,0.017283,0.999175,0.013135,690.411078,673.876876,0.381555,0.372656,0.99955
3035,21-Jan-03,24:00:00,1098.03,0.010862,204.977393,204.960669,0.061685,0.024267,0.995423,0.010849,252.773342,250.993149,0.056839,0.056839,1,0.01083,441.493343,440.336445,0,0,1
3036,22-Jan-03,24:00:00,1058.27,0.009975,276.772194,274.454777,0.741563,0.741563,1,0.009962,377.755735,350.122274,0.528188,0.528188,1,0.009942,543.933967,532.548986,0.298394,0.298394,1
3037,23-Jan-03,24:00:00,1916.37,0.017937,625.362717,623.161714,0,0,1,0.017922,619.56972,598.326673,0,0,1,0.017898,460.200303,457.769421,0,0,1
3038,24-Jan-03,24:00:00,1151.18,0.010278,370.304476,370.161594,0,0,1,0.010267,328.049884,327.145793,0,0,1,0.010248,294.696558,294.696558,0,0,1
3039,25-Jan-03,24:00:00,899.452981,0.019886,223.82535,223.82535,0,0,1,0.019866,228.181514,228.181514,0,0,1,0.019834,277.10742,277.10742,0,0,1
3040,26-Jan-03,24:00:00,830.95519,0.019405,187.223215,187.223215,0,0,1,0.019388,204.474773,204.474773,0,0,1,0.01936,260.969549,260.969549,0,0,1
3041,27-Jan-03,24:00:00,945.011102,0.021893,173.146279,173.146279,0,0,1,0.021868,191.577838,191.577838,0,0,1,0.021827,245.771858,245.771858,0,0,1
3042,28-Jan-03,24:00:00,1287.72,0.021486,162.701198,162.701198,0,0,0.999342,0.021469,180.341154,180.341154,0,0,0.999349,0.021443,231.459212,231.459212,0,0,0.99936
3043,29-Jan-03,24:00:00,1074.06,0.029739,153.188875,153.188875,0,0,0.996387,0.029712,169.833015,169.833015,0,0,0.996404,0.029671,217.98007,217.98007,0,0,0.996431
3044,30-Jan-03,24:00:00,690.501398,0.028265,144.264239,144.264239,0,0,0.992226,0.028043,159.9423,159.9423,0,0,0.992257,0.028017,205.285892,205.285892,0,0,0.992289
3045,31-Jan-03,24:00:00,567.263811,0.026895,135.862608,135.862608,0,0,0.988302,0.026816,150.627954,150.627954,0,0,0.988359,0.026787,193.330966,193.330966,0,0,0.988395
3046,1-Feb-03,24:00:00,550.277506,0.0399,127.950552,127.950552,0,0,0.983851,0.039874,141.856059,141.856059,0,0,0.983914,0.039834,182.072242,182.072242,0,0,0.983954
3047,2-Feb-03,24:00:00,524.454775,0.036652,120.499285,120.499285,0,0,0.977999,0.03662,133.595001,133.595001,0,0,0.978067,0.03657,171.469175,171.469175,0,0,0.978115
3048,3-Feb-03,24:00:00,497.872305,0.0338,113.48195,113.48195,0,0,0.973068,0.033774,125.81503,125.81503,0,0,0.97314,0.033735,161.483582,161.483582,0,0,0.973193
3049,4-Feb-03,24:00:00,474.377605,0.035415,106.873272,106.873272,0,0,0.968248,0.035385,118.488129,118.488129,0,0,0.968323,0.035337,152.079506,152.079506,0,0,0.968382
3050,5-Feb-03,24:00:00,453.473002,0.029487,100.649454,100.649454,0,0,0.96344,0.029462,111.587914,111.587914,0,0,0.96352,0.029423,143.22308,143.22308,0,0,0.963586
3051,6-Feb-03,24:00:00,432.900017,0.036989,94.788083,94.788083,0,0,0.958891,0.036958,105.089537,105.089537,0,0,0.958974,0.036908,134.882413,134.882413,0,0,0.959046
3052,7-Feb-03,24:00:00,413.791706,0.033924,89.268052,89.268052,0,0,0.953649,0.033898,98.969596,98.969596,0,0,0.953737,0.033857,127.027469,127.027469,0,0,0.953815
3053,8-Feb-03,24:00:00,395.576725,0.03088,84.069483,84.069483,0,0,0.949038,0.030852,93.206052,93.206052,0,0,0.94913,0.030808,119.629961,119.629961,0,0,0.949215
3054,9-Feb-03,24:00:00,378.078114,0.031669,79.173655,79.173655,0,0,0.944554,0.031641,87.778151,87.778151,0,0,0.94465,0.031598,112.663251,112.663251,0,0,0.94474
3055,10-Feb-03,24:00:00,362.214957,0.033778,74.562938,74.562938,0,0,0.939873,0.033752,82.666347,82.666347,0,0,0.939973,0.03371,106.102251,106.102251,0,0,0.94007
3056,11-Feb-03,24:00:00,346.894101,0.03276,70.220728,70.220728,0,0,0.935098,0.032745,77.852232,77.852232,0,0,0.935201,0.03272,99.923334,99.923334,0,0,0.935303
3057,12-Feb-03,24:00:00,331.728821,0.017967,66.172739,66.131389,0.238604,0,0.934676,0.017948,73.867667,73.318468,0.197144,0,0.933925,0.017918,94.629239,94.104249,0.166161,0,0.933376
3058,13-Feb-03,24:00:00,353.998723,0.014777,64.47902,62.280195,0.241942,0,0.986779,0.014764,97.354875,69.048731,0.213716,0,0.976409,0.014743,105.87107,88.624041,0.229495,0,0.973003
3059,14-Feb-03,24:00:00,322.941766,0.027235,59.185924,58.653277,0,0,0.998932,0.027208,71.350412,65.027644,0,0,0.989083,0.027165,84.010155,83.462976,0,0,0.987019
3060,15-Feb-03,24:00:00,366.191097,0.014607,97.214747,77.294234,0.667815,0.660339,0.999355,0.014587,112.777132,81.345778,0.65171,0.575293,0.993047,0.014556,266.924626,197.366316,0.629388,0.538521,0.991475
3061,16-Feb-03,24:00:00,3593.22,0.025791,926.036014,526.744233,0.235697,0.235697,1,0.025772,1067.01,600.124344,0.25,0.25,1,0.025742,1509.31,954.728312,0.25,0.25,1
3062,17-Feb-03,24:00:00,1168.56,0.036752,397.529754,362.537155,0,0,1,0.036733,382.643705,354.468235,0,0,1,0.036703,131.947628,131.947628,0,0,1
3063,18-Feb-03,24:00:00,833.220088,0.030162,141.422357,141.037642,0,0,1,0.030141,130.966044,130.966044,0,0,1,0.030106,114.483046,114.483046,0,0,1
3064,19-Feb-03,24:00:00,1241.70,0.028466,91.356983,91.309435,0.013236,0.013236,1,0.028446,112.336987,108.826751,0.055734,0.055734,1,0.028412,213.781461,209.492631,0.095619,0.095619,1
3065,20-Feb-03,24:00:00,1734.87,0.043814,84.774515,84.746668,0,0,1,0.043797,118.107363,116.862555,0,0,1,0.043764,125.880669,125.742256,0,0,1
3066,21-Feb-03,24:00:00,1926.85,0.044741,74.820409,74.818717,0,0,0.999908,0.04472,87.303245,87.259622,0,0,0.99991,0.044686,101.733493,101.733493,0,0,0.999914
3067,22-Feb-03,24:00:00,1521.38,0.041965,68.704257,68.704257,0,0,0.996759,0.041946,76.466653,76.466653,0,0,0.996768,0.041916,95.775267,95.775267,0,0,0.996782
3068,23-Feb-03,24:00:00,944.712632,0.045209,64.405585,64.405585,0,0,0.990539,0.04519,71.326109,71.326109,0,0,0.99055,0.045159,90.19772,90.19772,0,0,0.990568
3069,24-Feb-03,24:00:00,705.251327,0.036335,60.616672,60.616672,0,0,0.98464,0.036313,67.109477,67.109477,0,0,0.984654,0.036277,84.945011,84.945011,0,0,0.984677
3070,25-Feb-03,24:00:00,631.880436,0.042309,57.082387,57.082387,0,0,0.979164,0.04229,63.196338,63.196338,0,0,0.979181,0.042259,79.998196,79.998196,0,0,0.979209
3071,26-Feb-03,24:00:00,573.614397,0.017587,53.757736,53.757736,0,0,0.974854,0.017573,59.515706,59.515706,0,0,0.974873,0.017551,75.339461,75.339461,0,0,0.974904
3072,27-Feb-03,24:00:00,547.827533,0.040748,50.627086,50.627086,0,0,0.972301,0.040734,56.049755,56.049755,0,0,0.973465,0.040717,70.95203,70.95203,0,0,0.973557
3073,28-Feb-03,24:00:00,538.95191,0.044127,47.678789,47.678789,0,0,0.967605,0.044106,52.785668,52.785668,0,0,0.970357,0.044101,66.820104,66.820104,0,0,0.971845
3074,1-Mar-03,24:00:00,533.908882,0.04362,44.902191,44.902191,0,0,0.96126,0.043607,49.711668,49.711668,0,0,0.96402,0.043592,67.726821,62.928802,0.160406,0,0.974214
3075,2-Mar-03,24:00:00,533.294521,0.040701,42.287289,42.287289,0,0,0.955263,0.040698,46.816685,46.816685,0,0,0.960586,0.040693,61.893016,59.264112,0,0,0.989549
3076,3-Mar-03,24:00:00,476.984854,0.045711,39.824668,39.824668,0,0,0.948958,0.045707,44.090292,44.090292,0,0,0.956714,0.045703,55.812837,55.812837,0,0,0.989549
3077,4-Mar-03,24:00:00,357.781597,0.045974,37.505459,37.505459,0,0,0.942562,0.045974,41.522672,41.522672,0,0,0.950317,0.045973,52.562549,52.562549,0,0,0.987559
3078,5-Mar-03,24:00:00,268.509818,0.04756,35.32131,35.32131,0,0,0.935906,0.04756,39.104579,39.104579,0,0,0.943662,0.04756,49.501543,49.501543,0,0,0.981695
3079,6-Mar-03,24:00:00,240.570844,0.053006,33.264356,33.264356,0,0,0.928731,0.053006,36.827304,36.827304,0,0,0.936486,0.053006,46.618796,46.618796,0,0,0.974519
3080,7-Mar-03,24:00:00,234.087823,0.04923,31.32719,31.32719,0,0,0.921416,0.04923,34.682648,34.682648,0,0,0.929172,0.04923,43.903927,43.903927,0,0,0.967205
3081,8-Mar-03,24:00:00,228.770235,0.047788,29.502835,29.502835,0,0,0.914467,0.047786,32.662887,32.662887,0,0,0.922223,0.047781,41.34716,41.34716,0,0,0.960256
3082,9-Mar-03,24:00:00,224.721428,0.041176,27.784723,27.784723,0,0,0.908035,0.041166,30.760747,30.760747,0,0,0.915792,0.041149,38.939288,38.939288,0,0,0.953826
3083,10-Mar-03,24:00:00,375.693637,0.038226,26.316857,26.166666,0.037551,0,0.908286,0.038219,45.458739,28.96938,0.248408,0,0.935551,0.038217,345.439805,317.295063,0.615354,0.271102,0.985052
3084,11-Mar-03,24:00:00,1161.01,0.025662,25.280258,24.642837,0.166956,0,0.922596,0.025647,97.354794,59.428013,0.560799,0.198703,0.979938,0.025622,1369.66,956.94179,0.992879,0.992879,1
3085,12-Mar-03,24:00:00,1421.59,0.045761,23.587943,23.207749,0,0,0.934243,0.04575,180.187679,165.476101,0,0,1,0.045715,587.856359,552.750209,0.099895,0.099895,1
3086,13-Mar-03,24:00:00,504.176646,0.028034,23.272618,22.865041,0.674211,0.213911,0.947506,0.028018,86.333711,80.312022,0.473036,0.473036,1,0.027989,249.343554,244.014327,0.305804,0.305804,1
3087,14-Mar-03,24:00:00,1247.77,0.028234,201.019639,188.422937,0.694425,0.694425,1,0.028224,493.863962,442.940562,0.649951,0.649951,1,0.028205,512.663221,498.762078,0.386701,0.386701,1
3088,15-Mar-03,24:00:00,4296.02,0.037605,1755.26,692.068645,0.584579,0.584579,1,0.037589,1479.29,902.662953,0.591407,0.591407,1,0.037555,1041.93,1010.77,0.366649,0.366649,1
3089,16-Mar-03,24:00:00,1799.20,0.044856,648.566821,526.741201,0,0,1,0.044851,612.807694,563.325822,0,0,1,0.04484,189.187622,189.143081,0,0,1
3090,17-Mar-03,24:00:00,792.225979,0.053915,182.601387,179.445735,0,0,0.997951,0.053915,183.97918,183.855449,0,0,1,0.053915,299.044151,293.726196,0.115285,0.115285,1
3091,18-Mar-03,24:00:00,562.702767,0.056634,92.49768,92.49768,0,0,0.99116,0.056634,113.192699,113.192699,0,0,0.998901,0.056634,164.208674,164.188862,0,0,0.999516
3092,19-Mar-03,24:00:00,468.313245,0.040746,75.715964,75.715964,0,0,0.983968,0.040744,100.195965,100.195965,0,0,0.994079,0.04074,146.666371,146.666371,0,0,0.995557
3093,20-Mar-03,24:00:00,447.782285,0.050964,69.93439,69.93439,0,0,0.981143,0.050951,93.808185,93.808185,0,0,0.991408,0.050917,139.722868,138.1138,0.038161,0,0.995303
3094,21-Mar-03,24:00:00,432.380158,0.059296,65.71516,65.71516,0,0,0.976796,0.059291,88.302916,88.302916,0,0,0.989023,0.059282,130.228487,130.070666,0,0,0.99837
3095,22-Mar-03,24:00:00,420.291539,0.02566,61.887344,61.873712,0.032458,0,0.971386,0.025653,84.559916,83.157556,0.104829,0,0.986969,0.02564,171.85991,168.396475,0.17047,0.159057,0.998811
3096,23-Mar-03,24:00:00,596.340319,0.053116,58.431547,58.269107,0,0,0.973593,0.053111,85.574918,78.314633,0,0,0.997357,0.053102,278.163847,273.734376,0,0,1
3097,24-Mar-03,24:00:00,415.147774,0.064334,54.888576,54.875655,0,0,0.972737,0.064334,74.117059,73.753929,0,0,0.996501,0.064334,119.738537,119.738537,0,0,0.999145
3098,25-Mar-03,24:00:00,382.715357,0.032242,51.679974,51.679933,0,0,0.968754,0.032242,69.458831,69.458831,0,0,0.992519,0.032225,112.094899,112.094899,0,0,0.995165
3099,26-Mar-03,24:00:00,551.911803,0.058214,48.670326,48.670326,0,0,0.966438,0.058212,101.615801,92.228584,0.123917,0.055335,0.998779,0.058207,315.574253,305.679555,0.213752,0.163701,0.999409
3100,27-Mar-03,24:00:00,464.649217,0.060782,45.835985,45.835985,0,0,0.963361,0.060774,91.021093,89.757512,0,0,0.999039,0.06076,117.220445,117.218271,0,0,0.99904
3101,28-Mar-03,24:00:00,370.52514,0.069109,43.166704,43.166704,0,0,0.95468,0.069094,65.275803,65.257296,0,0,0.992486,0.069066,103.917691,103.917691,0,0,0.99249
3102,29-Mar-03,24:00:00,351.429396,0.073469,40.652869,40.652869,0,0,0.944523,0.073454,57.780259,57.780259,0,0,0.98233,0.073425,97.857656,97.857656,0,0,0.982338
3103,30-Mar-03,24:00:00,339.746578,0.075226,38.285429,38.285429,0,0,0.9339,0.075207,54.010584,54.010584,0,0,0.971709,0.075173,92.158861,92.158861,0,0,0.971722
3104,31-Mar-03,24:00:00,330.401184,0.079179,36.055858,36.055858,0,0,0.923027,0.079162,50.829801,50.829801,0,0,0.96084,0.079131,86.791944,86.791944,0,0,0.960857
3105,1-Apr-03,24:00:00,322.131037,0.0578,33.956128,33.956128,0,0,0.912987,0.057784,47.866967,47.866967,0,0,0.950802,0.057755,81.737572,81.737572,0,0,0.950824
3106,2-Apr-03,24:00:00,313.225406,0.031175,31.978676,31.978676,0,0,0.906607,0.031169,45.079216,45.079216,0,0,0.944424,0.031152,76.977544,76.977544,0,0,0.944449
3107,3-Apr-03,24:00:00,304.154347,0.031409,30.117998,30.116382,0.127634,0,0.90275,0.031397,42.534496,42.453992,0.154145,0,0.940925,0.031373,72.711789,72.494719,0.184446,0,0.941352
3108,4-Apr-03,24:00:00,329.684828,0.030507,29.962051,28.362539,0.183073,0,0.942845,0.030495,63.570924,39.981662,0.143532,0,0.979368,0.030472,80.874068,68.272953,0.0924,0,0.976855
3109,5-Apr-03,24:00:00,291.260031,0.054297,26.913118,26.710833,0,0,0.944344,0.054285,39.610702,37.65331,0,0,0.980301,0.054261,64.297043,64.297043,0,0,0.977268
3110,6-Apr-03,24:00:00,279.280402,0.026244,25.161427,25.155314,0,0,0.943791,0.026236,35.463412,35.460551,0,0,0.97975,0.026222,60.552673,60.552673,0,0,0.97672
3111,7-Apr-03,24:00:00,273.976084,0.069707,23.690382,23.690382,0,0,0.937843,0.069686,33.395488,33.395488,0,0,0.973806,0.069669,57.026358,57.026358,0,0,0.970783
3112,8-Apr-03,24:00:00,267.991066,0.074071,22.310761,22.310761,0,0,0.927597,0.074061,31.450685,31.450685,0,0,0.963562,0.074042,53.7054,53.7054,0,0,0.960541
3113,9-Apr-03,24:00:00,261.655241,0.071526,21.011483,21.011483,0,0,0.917172,0.071515,29.619139,29.619139,0,0,0.953139,0.071495,50.577839,50.577839,0,0,0.950121
3114,10-Apr-03,24:00:00,255.055143,0.028389,19.787868,19.787868,0,0,0.910153,0.028382,27.894254,27.894254,0,0,0.946121,0.028378,47.632414,47.632414,0,0,0.943104
3115,11-Apr-03,24:00:00,369.115981,0.041672,18.635512,18.635512,0,0,0.905074,0.041663,26.333903,26.269818,0.127509,0,0.941688,0.041642,45.337622,44.858517,0.379295,0,0.94048
3116,12-Apr-03,24:00:00,1956.01,0.031877,153.359791,146.994795,1.724688,1.039581,0.983424,0.031868,496.935978,298.636973,1.622129,1.316855,0.995255,0.031851,1437.76,1217.00,1.547732,1.473151,0.999693
3117,13-Apr-03,24:00:00,4310.49,0.033658,762.070883,756.516545,0.467779,0.467779,1,0.033648,1175.48,1066.40,0.397685,0.397685,1,0.033627,1236.71,1208.10,0.348948,0.348948,1
3118,14-Apr-03,24:00:00,3028.46,0.055247,513.028381,512.210589,0,0,1,0.055234,539.956071,531.73882,0,0,1,0.055208,178.942471,178.901329,0,0,1
3119,15-Apr-03,24:00:00,2177.49,0.045524,175.414003,175.382441,0,0,0.999573,0.045517,170.390953,170.27651,0,0,0.99997,0.045501,146.412206,146.404087,0.025417,0.018742,0.999689
3120,16-Apr-03,24:00:00,1417.42,0.024152,97.81724,97.651542,0.04095,0.031702,0.99954,0.024145,127.494562,123.829699,0.056246,0.055086,0.999941,0.024131,212.602618,209.437248,0.043889,0.043889,1
3121,17-Apr-03,24:00:00,1151.70,0.064,91.64436,91.575516,0,0,1,0.063988,129.932678,128.792671,0,0,1,0.063964,140.928639,140.893214,0,0,1
3122,18-Apr-03,24:00:00,1057.15,0.072395,74.482084,74.478137,0,0,0.996581,0.072383,98.031181,97.993222,0,0,0.996583,0.072359,126.151856,126.151856,0,0,0.996587
3123,19-Apr-03,24:00:00,1029.77,0.077407,66.366944,66.366944,0,0,0.986831,0.077398,86.818836,86.818836,0,0,0.986835,0.077378,118.794392,118.794392,0,0,0.986844
3124,20-Apr-03,24:00:00,1007.59,0.073825,61.882817,61.882817,0,0,0.976073,0.073814,81.118769,81.118769,0,0,0.976079,0.073793,111.876333,111.876333,0,0,0.976091
3125,21-Apr-03,24:00:00,1056.64,0.025249,58.200767,58.200767,0,0,0.970658,0.025251,81.63168,76.336445,0.068911,0,0.979431,0.025235,259.354977,244.555915,0.319731,0.114767,0.998206
3126,22-Apr-03,24:00:00,885.955817,0.041912,54.802808,54.802808,0,0,0.970658,0.041903,72.517835,71.886362,0,0,0.98055,0.041875,112.603743,112.599032,0,0,1
3127,23-Apr-03,24:00:00,1182.97,0.022239,52.587985,52.455822,0.402438,0.197044,0.975542,0.02224,95.289868,82.261367,0.612896,0.476748,0.989667,0.022229,785.534113,753.627763,1.04839,1.04839,1
3128,24-Apr-03,24:00:00,3105.94,0.045035,446.303408,370.518194,0.600066,0.600066,1,0.045029,746.048715,665.385114,0.549015,0.549015,1,0.045015,1158.45,1129.09,0.430013,0.430013,1
3129,25-Apr-03,24:00:00,2655.08,0.034615,547.285956,534.10071,0.589114,0.589114,1,0.034609,697.26922,658.050918,0.488022,0.488022,1,0.034595,860.310989,835.355597,0.388645,0.388645,1
3130,26-Apr-03,24:00:00,2202.72,0.042263,480.281523,478.938685,0,0,1,0.042262,475.57998,466.699223,0,0,1,0.042251,250.142567,249.92491,0,0,1
3131,27-Apr-03,24:00:00,1936.84,0.038306,208.458961,208.134844,0.436865,0.436865,1,0.038302,236.418072,225.118654,0.562027,0.562027,1,0.038292,592.892872,573.100542,0.758656,0.758656,1
3132,28-Apr-03,24:00:00,4044.34,0.023045,534.061585,528.964707,1.105679,1.105679,1,0.023041,872.409682,782.060857,1.224361,1.224361,1,0.023032,1923.44,1858.58,1.433913,1.433913,1
3133,29-Apr-03,24:00:00,5735.60,0.025495,1076.09,1069.50,0.753842,0.753842,1,0.025491,1501.88,1396.41,0.821483,0.821483,1,0.025482,1836.29,1788.23,0.690365,0.690365,1
3134,30-Apr-03,24:00:00,3560.87,0.06229,782.965184,781.60695,0,0,1,0.062287,916.953787,899.726537,0,0,1,0.062281,434.873889,434.11174,0,0,1
3135,1-May-03,24:00:00,2635.16,0.071799,321.02574,320.962447,0,0,0.997891,0.071794,347.829391,347.364801,0,0,0.997892,0.071777,323.498421,323.498421,0,0,0.997894
3136,2-May-03,24:00:00,2644.80,0.029529,192.345553,192.31538,0.106643,0.062488,0.995064,0.029524,229.058088,229.043342,0.004494,0,0.994166,0.029514,304.478788,304.478788,0,0,0.994103
3137,3-May-03,24:00:00,2436.15,0.05242,205.938271,205.281374,0.024071,0.024071,1,0.05241,205.003404,204.651907,0,0,0.994336,0.052396,286.747166,286.747166,0,0,0.990943
3138,4-May-03,24:00:00,2312.56,0.043669,185.721159,185.648611,0,0,1,0.043667,191.772941,191.752237,0,0,0.994336,0.043659,270.048302,270.048302,0,0,0.984837
3139,5-May-03,24:00:00,1748.94,0.077056,153.012536,153.010886,0,0,0.995002,0.077056,180.508988,180.508988,0,0,0.989279,0.077057,254.321906,254.321906,0,0,0.976006
3140,6-May-03,24:00:00,1201.86,0.053322,138.911934,138.911934,0,0,0.98566,0.05332,169.991477,169.991477,0,0,0.979842,0.053311,239.511343,239.511343,0,0,0.966407
3141,7-May-03,24:00:00,1028.66,0.069901,130.055117,130.055117,0,0,0.980314,0.0699,160.091568,160.091568,0,0,0.971553,0.069895,225.563282,225.563282,0,0,0.961082
3142,8-May-03,24:00:00,991.598038,0.053373,122.389279,122.389279,0,0,0.973322,0.053371,150.768532,150.768532,0,0,0.962548,0.053372,212.427492,212.427492,0,0,0.954288
3143,9-May-03,24:00:00,963.187108,0.068391,115.252076,115.252076,0,0,0.964688,0.068389,141.98845,141.98845,0,0,0.953914,0.068382,200.056672,200.056672,0,0,0.945654
3144,10-May-03,24:00:00,935.993044,0.075808,108.539347,108.539347,0,0,0.954308,0.075802,133.719682,133.719682,0,0,0.943535,0.07579,188.406272,188.406272,0,0,0.935276
3145,11-May-03,24:00:00,912.061915,0.088258,102.218413,102.218413,0,0,0.942628,0.088256,125.93245,125.93245,0,0,0.931855,0.088251,177.434339,177.434339,0,0,0.923599
3146,12-May-03,24:00:00,846.039009,0.096444,96.265665,96.265665,0,0,0.929508,0.096444,118.598711,118.598711,0,0,0.918736,0.096445,167.101363,167.101363,0,0,0.910479
3147,13-May-03,24:00:00,777.362313,0.100824,90.659586,90.659586,0,0,0.915409,0.100824,111.692057,111.692057,0,0,0.904636,0.100825,157.370132,157.370132,0,0,0.896379
3148,14-May-03,24:00:00,749.127934,0.102753,85.37998,85.37998,0,0,0.901118,0.102754,105.187614,105.187614,0,0,0.890345,0.10276,148.205604,148.205604,0,0,0.882088
3149,15-May-03,24:00:00,738.252324,0.074633,80.407834,80.407834,0,0,0.888369,0.074634,99.061961,99.061961,0,0,0.877596,0.074642,139.574778,139.574778,0,0,0.869338
3150,16-May-03,24:00:00,722.472421,0.098333,75.725244,75.725244,0,0,0.876137,0.098334,93.293039,93.293039,0,0,0.865364,0.098336,131.446571,131.446571,0,0,0.857104
3151,17-May-03,24:00:00,704.809928,0.096059,71.315347,71.315347,0,0,0.861889,0.09606,87.860073,87.860073,0,0,0.851116,0.09606,123.791715,123.791715,0,0,0.842857
3152,18-May-03,24:00:00,687.464644,0.092081,67.162263,67.162263,0,0,0.848487,0.09208,82.743498,82.743498,0,0,0.837714,0.092077,116.582643,116.582643,0,0,0.829455
3153,19-May-03,24:00:00,614.835077,0.103411,63.251035,63.251035,0,0,0.834661,0.103412,77.924889,77.924889,0,0,0.823888,0.103412,109.793395,109.793395,0,0,0.815629
3154,20-May-03,24:00:00,540.471607,0.114883,59.567579,59.567579,0,0,0.81912,0.114883,73.386895,73.386895,0,0,0.808347,0.114884,103.399522,103.399522,0,0,0.800087
3155,21-May-03,24:00:00,507.816586,0.111182,56.098632,56.098632,0,0,0.802934,0.111183,69.113172,69.113172,0,0,0.792161,0.111184,97.378,97.378,0,0,0.783901
3156,22-May-03,24:00:00,495.000177,0.113139,52.8317,52.8317,0,0,0.786819,0.11314,65.088333,65.088333,0,0,0.776045,0.113141,91.707144,91.707144,0,0,0.767786
3157,23-May-03,24:00:00,482.380196,0.120382,49.75502,49.75502,0,0,0.770251,0.120383,61.297881,61.297881,0,0,0.759478,0.120384,86.366533,86.366533,0,0,0.751218
3158,24-May-03,24:00:00,470.988594,0.105873,46.857512,46.857512,0,0,0.754104,0.105875,57.728169,57.728169,0,0,0.743331,0.105878,81.336935,81.336935,0,0,0.735071
3159,25-May-03,24:00:00,460.385373,0.064366,44.128741,44.128741,0,0,0.74205,0.064379,54.36634,54.36634,0,0,0.731275,0.064376,76.600238,76.600238,0,0,0.723015
3160,26-May-03,24:00:00,450.060833,0.101168,41.558882,41.558882,0,0,0.730172,0.101168,51.200289,51.200289,0,0,0.719396,0.101168,72.139385,72.139385,0,0,0.711137
3161,27-May-03,24:00:00,441.575998,0.113516,39.13868,39.13868,0,0,0.714634,0.113517,48.218615,48.218615,0,0,0.703858,0.113518,67.938312,67.938312,0,0,0.695599
3162,28-May-03,24:00:00,432.535664,0.116379,36.85942,36.85942,0,0,0.698247,0.11638,45.41058,45.41058,0,0,0.687471,0.116381,63.981891,63.981891,0,0,0.679211
3163,29-May-03,24:00:00,421.680897,0.100229,34.712893,34.712893,0,0,0.682644,0.100227,42.766073,42.766073,0,0,0.671868,0.100218,60.255874,60.255874,0,0,0.663608
3164,30-May-03,24:00:00,457.216686,0.080498,32.691371,32.691371,0,0,0.66999,0.080495,40.275569,40.275569,0,0,0.659215,0.080495,56.746843,56.746843,0,0,0.650956
3165,31-May-03,24:00:00,499.342624,0.116963,30.787572,30.787572,0,0,0.656041,0.11696,37.930101,37.930101,0,0,0.645266,0.116948,53.442163,53.442163,0,0,0.637008
3166,1-Jun-03,24:00:00,503.218803,0.120685,28.994643,28.994643,0,0,0.638981,0.120682,35.721223,35.721223,0,0,0.628207,0.120669,50.329932,50.329932,0,0,0.61995
3167,2-Jun-03,24:00:00,460.585406,0.115438,27.306125,27.306125,0,0,0.621874,0.115435,33.64098,33.64098,0,0,0.6111,0.115424,47.398943,47.398943,0,0,0.602846
3168,3-Jun-03,24:00:00,410.691617,0.12693,25.71594,25.71594,0,0,0.604798,0.126927,31.681881,31.681881,0,0,0.594025,0.126913,44.638642,44.638642,0,0,0.585772
3169,4-Jun-03,24:00:00,350.771409,0.099125,24.218359,24.218359,0,0,0.588767,0.099122,29.836871,29.836871,0,0,0.577993,0.099122,42.039089,42.039089,0,0,0.569741
3170,5-Jun-03,24:00:00,291.215594,0.094053,22.807991,22.807991,0,0,0.575085,0.09406,28.099306,28.099306,0,0,0.564311,0.09405,39.590922,39.590922,0,0,0.55606
3171,6-Jun-03,24:00:00,267.637059,0.082276,21.479756,21.479756,0,0,0.562448,0.082284,26.462929,26.462929,0,0,0.551672,0.082273,37.285325,37.285325,0,0,0.543423
3172,7-Jun-03,24:00:00,262.941245,0.092496,20.228872,20.228872,0,0,0.549911,0.092495,24.921847,24.921847,0,0,0.539136,0.092498,35.113995,35.113995,0,0,0.530886
3173,8-Jun-03,24:00:00,257.953675,0.10643,19.050834,19.050834,0,0,0.535552,0.106427,23.470511,23.470511,0,0,0.524777,0.106419,33.069114,33.069114,0,0,0.516528
3174,9-Jun-03,24:00:00,253.749879,0.09027,17.941399,17.941399,0,0,0.521481,0.090269,22.103694,22.103694,0,0,0.510707,0.090271,31.143318,31.143318,0,0,0.502458
3175,10-Jun-03,24:00:00,249.915876,0.079764,16.896573,16.896573,0,0,0.509362,0.079774,20.816474,20.816474,0,0,0.498587,0.079765,29.329672,29.329672,0,0,0.490339
3176,11-Jun-03,24:00:00,262.7603,0.094488,15.912592,15.912592,0,0,0.496967,0.094499,19.604217,19.604217,0,0,0.486191,0.094492,27.621644,27.621644,0,0,0.477944
3177,12-Jun-03,24:00:00,284.628796,0.108126,14.985915,14.985915,0,0,0.482531,0.108123,18.462555,18.462555,0,0,0.471754,0.108113,26.013083,26.013083,0,0,0.463509
3178,13-Jun-03,24:00:00,298.045543,0.101547,14.113203,14.113203,0,0,0.467426,0.101547,17.387379,17.387379,0,0,0.456649,0.101535,24.498199,24.498199,0,0,0.448405
3179,14-Jun-03,24:00:00,305.575953,0.11243,13.291313,13.291313,0,0,0.452241,0.112427,16.374817,16.374817,0,0,0.441464,0.112416,23.071534,23.071534,0,0,0.433222
3180,15-Jun-03,24:00:00,305.635071,0.114571,12.517287,12.517287,0,0,0.435958,0.114568,15.421221,15.421221,0,0,0.425182,0.114556,21.727952,21.727952,0,0,0.416941
3181,16-Jun-03,24:00:00,299.905061,0.127451,11.788337,11.788337,0,0,0.418822,0.127448,14.523159,14.523159,0,0,0.408046,0.127434,20.462614,20.462614,0,0,0.399807
3182,17-Jun-03,24:00:00,303.737908,0.125317,11.101837,11.101837,0,0,0.400826,0.125313,13.677395,13.677395,0,0,0.390051,0.125301,19.270963,19.270963,0,0,0.381814
3183,18-Jun-03,24:00:00,315.902833,0.108437,10.455316,10.455316,0,0,0.383781,0.108434,12.880885,12.880885,0,0,0.373006,0.108423,18.148709,18.148709,0,0,0.364771
3184,19-Jun-03,24:00:00,317.618535,0.104119,9.846445,9.846445,0,0,0.368792,0.104116,12.130761,12.130761,0,0,0.358018,0.104101,17.09181,17.09181,0,0,0.349785
3185,20-Jun-03,24:00:00,314.915666,0.105496,9.273033,9.273033,0,0,0.35359,0.105494,11.42432,11.42432,0,0,0.342816,0.105483,16.09646,16.09646,0,0,0.334584
3186,21-Jun-03,24:00:00,313.099593,0.104008,8.733013,8.733013,0,0,0.338688,0.104005,10.759019,10.759019,0,0,0.327914,0.103992,15.159075,15.159075,0,0,0.319685
3187,22-Jun-03,24:00:00,311.683059,0.104127,8.224442,8.224442,0,0,0.324157,0.104127,10.132462,10.132462,0,0,0.313384,0.104115,14.276278,14.276278,0,0,0.305156
3188,23-Jun-03,24:00:00,308.885759,0.105633,7.745487,7.745487,0,0,0.308791,0.105629,9.542393,9.542393,0,0,0.298018,0.105612,13.444892,13.444892,0,0,0.289792
3189,24-Jun-03,24:00:00,297.62658,0.112967,7.294425,7.294425,0,0,0.293258,0.112965,8.986687,8.986687,0,0,0.282486,0.112955,12.661922,12.661922,0,0,0.274261
3190,25-Jun-03,24:00:00,273.283308,0.117687,6.869631,6.869631,0,0,0.276761,0.117684,8.463343,8.463343,0,0,0.265988,0.117673,11.924549,11.924549,0,0,0.257766
3191,26-Jun-03,24:00:00,250.601845,0.123433,6.469574,6.469574,0,0,0.259609,0.123429,7.970476,7.970476,0,0,0.248837,0.123415,11.230117,11.230117,0,0,0.240616
3192,27-Jun-03,24:00:00,242.595709,0.129315,6.092815,6.092815,0,0,0.241601,0.129312,7.506311,7.506311,0,0,0.230829,0.129298,10.576126,10.576126,0,0,0.22261
3193,28-Jun-03,24:00:00,241.688659,0.129685,5.737997,5.737997,0,0,0.223239,0.129681,7.069178,7.069178,0,0,0.212468,0.129666,9.96022,9.96022,0,0,0.204251
3194,29-Jun-03,24:00:00,238.85068,0.115107,5.403842,5.403842,0,0,0.205602,0.115105,6.657501,6.657501,0,0,0.194831,0.115095,9.380181,9.380181,0,0,0.186616
3195,30-Jun-03,24:00:00,247.049633,0.109611,5.089147,5.089147,0,0,0.189545,0.109609,6.269798,6.269798,0,0,0.178775,0.109598,8.833922,8.833922,0,0,0.170561
3196,1-Jul-03,24:00:00,259.628125,0.11312,4.792778,4.792778,0,0,0.173593,0.113117,5.904673,5.904673,0,0,0.162824,0.113107,8.319474,8.319474,0,0,0.154612
3197,2-Jul-03,24:00:00,263.07141,0.110999,4.513668,4.513668,0,0,0.157589,0.110997,5.560811,5.560811,0,0,0.14682,0.110984,7.834985,7.834985,0,0,0.13861
3198,3-Jul-03,24:00:00,262.087164,0.111587,4.250812,4.250812,0,0,0.141675,0.111584,5.236975,5.236975,0,0,0.130906,0.111572,7.378711,7.378711,0,0,0.122697
3199,4-Jul-03,24:00:00,261.714555,0.122055,4.003264,4.003264,0,0,0.125006,0.122052,4.931997,4.931997,0,0,0.114237,0.122038,6.949008,6.949008,0,0,0.10603
3200,5-Jul-03,24:00:00,264.881375,0.128819,3.770132,3.770132,0,0,0.107319,0.128816,4.64478,4.64478,0,0,0.096551,0.128805,6.544329,6.544329,0,0,0.088347
3201,6-Jul-03,24:00:00,272.456664,0.120462,3.550577,3.550577,0,0,0.089336,0.120459,4.374289,4.374289,0,0,0.078569,0.120449,6.163217,6.163217,0,0,0.070365
3202,7-Jul-03,24:00:00,272.89323,0.100666,3.343807,3.343807,0,0,0.073338,0.100663,4.11955,4.11955,0,0,0.062571,0.100652,5.804299,5.804299,0,0,0.054369
3203,8-Jul-03,24:00:00,271.304498,0.108743,3.149079,3.149079,0,0,0.059065,0.108746,3.879646,3.879646,0,0,0.048298,0.108733,5.466283,5.466283,0,0,0.040097
3204,9-Jul-03,24:00:00,270.915808,0.132853,2.965691,2.965691,0,0,0.041693,0.132849,3.653713,3.653713,0,0,0.030926,0.132833,5.147951,5.147951,0,0,0.022728
3205,10-Jul-03,24:00:00,267.117364,0.130448,2.792982,2.792982,0,0,0.022749,0.130444,3.440937,3.440937,0,0,0.011983,0.130427,4.848158,4.848158,0,0,0.005675
3206,11-Jul-03,24:00:00,273.311619,0.120796,2.630331,2.630331,0,0,0.00599,0.120792,3.240552,3.240552,0,0,0.000648,0.120779,4.565823,4.565823,0,0,0
3207,12-Jul-03,24:00:00,287.203764,0.125745,2.477153,2.477153,0,0,0,0.125741,3.051837,3.051837,0,0,0,0.125727,4.29993,4.29993,0,0,0
3208,13-Jul-03,24:00:00,291.665086,0.118786,2.332894,2.332894,0,0,0,0.118782,2.874112,2.874112,0,0,0,0.118766,4.049521,4.049521,0,0,0
3209,14-Jul-03,24:00:00,290.837168,0.122127,2.197037,2.197037,0,0,0,0.122123,2.706736,2.706736,0,0,0,0.122109,3.813695,3.813695,0,0,0
3210,15-Jul-03,24:00:00,289.0735,0.126603,2.069092,2.069092,0,0,0,0.126599,2.549108,2.549108,0,0,0,0.126585,3.591603,3.591603,0,0,0
3211,16-Jul-03,24:00:00,286.601123,0.118857,1.948597,1.948597,0,0,0,0.118853,2.40066,2.40066,0,0,0,0.118836,3.382444,3.382444,0,0,0
3212,17-Jul-03,24:00:00,282.901046,0.12398,1.83512,1.83512,0,0,0,0.123976,2.260856,2.260856,0,0,0,0.123962,3.185466,3.185466,0,0,0
3213,18-Jul-03,24:00:00,281.593471,0.132785,1.72825,1.72825,0,0,0,0.132779,2.129194,2.129194,0,0,0,0.132763,2.999959,2.999959,0,0,0
3214,19-Jul-03,24:00:00,281.536895,0.128351,1.627605,1.627605,0,0,0,0.128346,2.005199,2.005199,0,0,0,0.128331,2.825255,2.825255,0,0,0
3215,20-Jul-03,24:00:00,281.783681,0.121477,1.532821,1.532821,0,0,0,0.121472,1.888426,1.888426,0,0,0,0.121455,2.660724,2.660724,0,0,0
3216,21-Jul-03,24:00:00,279.930881,0.128027,1.443556,1.443556,0,0,0,0.128021,1.778452,1.778452,0,0,0,0.128002,2.505776,2.505776,0,0,0
3217,22-Jul-03,24:00:00,277.860966,0.127292,1.35949,1.35949,0,0,0,0.127288,1.674883,1.674883,0,0,0,0.127272,2.359851,2.359851,0,0,0
3218,23-Jul-03,24:00:00,277.152845,0.125732,1.280319,1.280319,0,0,0,0.125726,1.577346,1.577346,0,0,0,0.125709,2.222424,2.222424,0,0,0
3219,24-Jul-03,24:00:00,277.469024,0.102406,1.205759,1.205759,0,0,0,0.102398,1.485488,1.485488,0,0,0,0.102377,2.093,2.093,0,0,0
3220,25-Jul-03,24:00:00,276.936702,0.101815,1.135541,1.135541,0,0,0,0.10181,1.39898,1.39898,0,0,0,0.101792,1.971113,1.971113,0,0,0
3221,26-Jul-03,24:00:00,276.304862,0.117648,1.069412,1.069412,0,0,0,0.117642,1.31751,1.31751,0,0,0,0.117624,1.856324,1.856324,0,0,0
3222,27-Jul-03,24:00:00,276.67058,0.124666,1.007135,1.007135,0,0,0,0.124665,1.240784,1.240784,0,0,0,0.12466,1.74822,1.74822,0,0,0
3223,28-Jul-03,24:00:00,277.428754,0.125403,0.948484,0.948484,0,0,0,0.125404,1.168526,1.168526,0,0,0,0.125405,1.646412,1.646412,0,0,0
3224,29-Jul-03,24:00:00,277.584675,0.125651,0.893248,0.893248,0,0,0,0.125652,1.100476,1.100476,0,0,0,0.125653,1.550532,1.550532,0,0,0
3225,30-Jul-03,24:00:00,277.381583,0.110744,0.84123,0.84123,0,0,0,0.110744,1.03639,1.03639,0,0,0,0.110745,1.460236,1.460236,0,0,0
3226,31-Jul-03,24:00:00,277.184694,0.111009,0.79224,0.79224,0,0,0,0.11101,0.976035,0.976035,0,0,0,0.11101,1.375199,1.375199,0,0,0
3227,1-Aug-03,24:00:00,276.999232,0.116102,0.746104,0.746104,0,0,0,0.116103,0.919195,0.919195,0,0,0,0.116104,1.295113,1.295113,0,0,0
3228,2-Aug-03,24:00:00,277.446568,0.087341,0.702654,0.702654,0,0,0,0.087347,0.865665,0.865665,0,0,0,0.087336,1.219692,1.219692,0,0,0
3229,3-Aug-03,24:00:00,277.654064,0.108248,0.661734,0.661734,0,0,0,0.108238,0.815253,0.815253,0,0,0,0.108233,1.148662,1.148662,0,0,0
3230,4-Aug-03,24:00:00,277.505127,0.090794,0.623198,0.623198,0,0,0,0.090793,0.767776,0.767776,0,0,0,0.090791,1.081769,1.081769,0,0,0
3231,5-Aug-03,24:00:00,277.981277,0.049205,0.586906,0.586906,0,0,0,0.049197,0.723064,0.723064,0,0,0,0.049177,1.018772,1.018772,0,0,0
3232,6-Aug-03,24:00:00,278.215869,0.085485,0.552727,0.552727,0,0,0,0.085481,0.680956,0.680956,0,0,0,0.085469,0.959443,0.959443,0,0,0
3233,7-Aug-03,24:00:00,278.092451,0.08985,0.520539,0.520539,0,0,0,0.089842,0.641301,0.641301,0,0,0,0.089835,0.90357,0.90357,0,0,0
3234,8-Aug-03,24:00:00,277.970635,0.099667,0.490225,0.490225,0,0,0,0.099665,0.603954,0.603954,0,0,0,0.099661,0.85095,0.85095,0,0,0
3235,9-Aug-03,24:00:00,277.855874,0.099734,0.461676,0.461676,0,0,0,0.099734,0.568783,0.568783,0,0,0,0.099736,0.801394,0.801394,0,0,0
3236,10-Aug-03,24:00:00,278.369795,0.10438,0.43479,0.43479,0,0,0,0.10438,0.535659,0.535659,0,0,0,0.10438,0.754725,0.754725,0,0,0
3237,11-Aug-03,24:00:00,278.639997,0.105287,0.40947,0.40947,0,0,0,0.105287,0.504465,0.504465,0,0,0,0.105287,0.710773,0.710773,0,0,0
3238,12-Aug-03,24:00:00,279.794111,0.103471,0.385625,0.385625,0,0,0,0.103471,0.475087,0.475087,0,0,0,0.103471,0.669381,0.669381,0,0,0
3239,13-Aug-03,24:00:00,280.44785,0.10073,0.363167,0.363167,0,0,0,0.10073,0.44742,0.44742,0,0,0,0.10073,0.630399,0.630399,0,0,0
3240,14-Aug-03,24:00:00,279.752784,0.093985,0.342018,0.342018,0,0,0,0.093985,0.421364,0.421364,0,0,0,0.093985,0.593687,0.593687,0,0,0
3241,15-Aug-03,24:00:00,279.922813,0.101919,0.322101,0.322101,0,0,0,0.101919,0.396826,0.396826,0,0,0,0.101919,0.559114,0.559114,0,0,0
3242,16-Aug-03,24:00:00,280.213422,0.10402,0.303343,0.303343,0,0,0,0.10402,0.373717,0.373717,0,0,0,0.10402,0.526553,0.526553,0,0,0
3243,17-Aug-03,24:00:00,277.038351,0.106422,0.285678,0.285678,0,0,0,0.106422,0.351953,0.351953,0,0,0,0.106422,0.495889,0.495889,0,0,0
3244,18-Aug-03,24:00:00,275.733586,0.11378,0.269041,0.269041,0,0,0,0.11378,0.331457,0.331457,0,0,0,0.11378,0.467011,0.467011,0,0,0
3245,19-Aug-03,24:00:00,276.634716,0.099401,0.253373,0.253373,0,0,0,0.099402,0.312154,0.312154,0,0,0,0.099402,0.439814,0.439814,0,0,0
3246,20-Aug-03,24:00:00,276.953154,0.112773,0.238618,0.238618,0,0,0,0.112771,0.293976,0.293976,0,0,0,0.112771,0.414202,0.414202,0,0,0
3247,21-Aug-03,24:00:00,276.903309,0.094126,0.224722,0.224722,0,0,0,0.094115,0.276856,0.276856,0,0,0,0.094111,0.39008,0.39008,0,0,0
3248,22-Aug-03,24:00:00,276.228745,0.066595,0.211635,0.211635,0,0,0,0.066585,0.260733,0.260733,0,0,0,0.066573,0.367364,0.367364,0,0,0
3249,23-Aug-03,24:00:00,275.807216,0.093663,0.19931,0.19931,0,0,0,0.093653,0.245549,0.245549,0,0,0,0.093634,0.34597,0.34597,0,0,0
3250,24-Aug-03,24:00:00,276.376582,0.100745,0.187704,0.187704,0,0,0,0.100733,0.23125,0.23125,0,0,0,0.100708,0.325822,0.325822,0,0,0
3251,25-Aug-03,24:00:00,267.996609,0.108431,0.176773,0.176773,0,0,0,0.108417,0.217783,0.217783,0,0,0,0.108389,0.306848,0.306848,0,0,0
3252,26-Aug-03,24:00:00,260.887407,0.107747,0.166478,0.166478,0,0,0,0.107733,0.2051,0.2051,0,0,0,0.107706,0.288979,0.288979,0,0,0
3253,27-Aug-03,24:00:00,265.868862,0.095666,0.156783,0.156783,0,0,0,0.095655,0.193156,0.193156,0,0,0,0.095631,0.27215,0.27215,0,0,0
3254,28-Aug-03,24:00:00,281.351478,0.096118,0.147653,0.147653,0,0,0,0.096107,0.181907,0.181907,0,0,0,0.096085,0.256301,0.256301,0,0,0
3255,29-Aug-03,24:00:00,288.444256,0.094662,0.139054,0.139054,0,0,0,0.09465,0.171314,0.171314,0,0,0,0.094627,0.241375,0.241375,0,0,0
3256,30-Aug-03,24:00:00,287.903632,0.096819,0.130956,0.130956,0,0,0,0.096803,0.161337,0.161337,0,0,0,0.096771,0.227319,0.227319,0,0,0
3257,31-Aug-03,24:00:00,287.501781,0.103756,0.12333,0.12333,0,0,0,0.103739,0.151942,0.151942,0,0,0,0.103705,0.214081,0.214081,0,0,0
3258,1-Sep-03,24:00:00,287.46694,0.107472,0.116148,0.116148,0,0,0,0.107455,0.143093,0.143093,0,0,0,0.107421,0.201613,0.201613,0,0,0
3259,2-Sep-03,24:00:00,273.133748,0.102885,0.109384,0.109384,0,0,0,0.102867,0.13476,0.13476,0,0,0,0.102832,0.189872,0.189872,0,0,0
3260,3-Sep-03,24:00:00,245.270525,0.08381,0.103014,0.103014,0,0,0,0.083801,0.126912,0.126912,0,0,0,0.083772,0.178815,0.178815,0,0,0
3261,4-Sep-03,24:00:00,232.955446,0.082749,0.097015,0.097015,0,0,0,0.08274,0.119522,0.119522,0,0,0,0.082713,0.168402,0.168402,0,0,0
3262,5-Sep-03,24:00:00,232.374591,0.074529,0.091365,0.091365,0,0,0,0.074519,0.112561,0.112561,0,0,0,0.0745,0.158595,0.158595,0,0,0
3263,6-Sep-03,24:00:00,232.967934,0.057534,0.086044,0.086044,0,0,0,0.057524,0.106006,0.106006,0,0,0,0.057505,0.149359,0.149359,0,0,0
3264,7-Sep-03,24:00:00,234.563724,0.068378,0.081034,0.081034,0,0,0,0.068358,0.099833,0.099833,0,0,0,0.068321,0.140661,0.140661,0,0,0
3265,8-Sep-03,24:00:00,235.2947,0.083198,0.076315,0.076315,0,0,0,0.083182,0.094019,0.094019,0,0,0,0.083151,0.132469,0.132469,0,0,0
3266,9-Sep-03,24:00:00,234.044828,0.031584,0.07187,0.07187,0,0,0,0.03157,0.088544,0.088544,0,0,0,0.031544,0.124755,0.124755,0,0,0
3267,10-Sep-03,24:00:00,233.906114,0.083418,0.067685,0.067685,0,0,0,0.083417,0.083387,0.083387,0,0,0,0.083414,0.11749,0.11749,0,0,0
3268,11-Sep-03,24:00:00,235.494303,0.085669,0.063743,0.063743,0,0,0,0.085669,0.078531,0.078531,0,0,0,0.085669,0.110648,0.110648,0,0,0
3269,12-Sep-03,24:00:00,236.851242,0.092044,0.060031,0.060031,0,0,0,0.092044,0.073958,0.073958,0,0,0,0.092044,0.104204,0.104204,0,0,0
3270,13-Sep-03,24:00:00,237.221164,0.085685,0.056535,0.056535,0,0,0,0.085686,0.069651,0.069651,0,0,0,0.085686,0.098136,0.098136,0,0,0
3271,14-Sep-03,24:00:00,237.835985,0.093377,0.053243,0.053243,0,0,0,0.093377,0.065595,0.065595,0,0,0,0.093378,0.092421,0.092421,0,0,0
3272,15-Sep-03,24:00:00,246.903524,0.082977,0.050142,0.050142,0,0,0,0.082977,0.061775,0.061775,0,0,0,0.082978,0.087039,0.087039,0,0,0
3273,16-Sep-03,24:00:00,257.703544,0.081424,0.047222,0.047222,0,0,0,0.081424,0.058177,0.058177,0,0,0,0.081424,0.08197,0.08197,0,0,0
3274,17-Sep-03,24:00:00,229.402131,0.075892,0.044472,0.044472,0,0,0,0.075892,0.054789,0.054789,0,0,0,0.075892,0.077196,0.077196,0,0,0
3275,18-Sep-03,24:00:00,243.44071,0.067474,0.041882,0.041882,0,0,0,0.067474,0.051599,0.051599,0,0,0,0.067474,0.072701,0.072701,0,0,0
3276,19-Sep-03,24:00:00,261.597835,0.083497,0.039443,0.039443,0,0,0,0.083497,0.048594,0.048594,0,0,0,0.083497,0.068467,0.068467,0,0,0
3277,20-Sep-03,24:00:00,261.159154,0.076342,0.037146,0.037146,0,0,0,0.076342,0.045764,0.045764,0,0,0,0.076342,0.06448,0.06448,0,0,0
3278,21-Sep-03,24:00:00,261.140698,0.088203,0.034983,0.034983,0,0,0,0.088203,0.043099,0.043099,0,0,0,0.088203,0.060725,0.060725,0,0,0
3279,22-Sep-03,24:00:00,259.888441,0.085132,0.032946,0.032946,0,0,0,0.085132,0.040589,0.040589,0,0,0,0.085132,0.057188,0.057188,0,0,0
3280,23-Sep-03,24:00:00,259.136757,0.083438,0.031027,0.031027,0,0,0,0.083438,0.038225,0.038225,0,0,0,0.083438,0.053858,0.053858,0,0,0
3281,24-Sep-03,24:00:00,259.117545,0.080207,0.02922,0.02922,0,0,0,0.080207,0.035999,0.035999,0,0,0,0.080207,0.050722,0.050722,0,0,0
3282,25-Sep-03,24:00:00,258.488623,0.067725,0.027519,0.027519,0,0,0,0.067725,0.033903,0.033903,0,0,0,0.067724,0.047768,0.047768,0,0,0
3283,26-Sep-03,24:00:00,256.866198,0.038473,0.025916,0.025916,0,0,0,0.038471,0.031928,0.031928,0,0,0,0.038467,0.044986,0.044986,0,0,0
3284,27-Sep-03,24:00:00,256.732184,0.044338,0.024407,0.024407,0,0,0,0.044337,0.030069,0.030069,0,0,0,0.044334,0.042366,0.042366,0,0,0
3285,28-Sep-03,24:00:00,257.086466,0.043458,0.022985,0.022985,0,0,0,0.043456,0.028318,0.028318,0,0,0,0.043451,0.039899,0.039899,0,0,0
3286,29-Sep-03,24:00:00,257.086976,0.065445,0.021647,0.021647,0,0,0,0.065444,0.026669,0.026669,0,0,0,0.065442,0.037575,0.037575,0,0,0
3287,30-Sep-03,24:00:00,255.215955,0.064601,0.020386,0.020386,0,0,0,0.064601,0.025116,0.025116,0,0,0,0.064599,0.035387,0.035387,0,0,0
3288,1-Oct-03,24:00:00,254.717224,0.065813,0.019199,0.019199,0,0,0,0.065812,0.023653,0.023653,0,0,0,0.065811,0.033326,0.033326,0,0,0
3289,2-Oct-03,24:00:00,255.688791,0.063233,0.018081,0.018081,0,0,0,0.063233,0.022276,0.022276,0,0,0,0.063233,0.031386,0.031386,0,0,0
3290,3-Oct-03,24:00:00,256.684392,0.062466,0.017028,0.017028,0,0,0,0.062453,0.020978,0.020978,0,0,0,0.062451,0.029558,0.029558,0,0,0
3291,4-Oct-03,24:00:00,257.058406,0.066892,0.016036,0.016036,0,0,0,0.066868,0.019757,0.019757,0,0,0,0.066837,0.027837,0.027837,0,0,0
3292,5-Oct-03,24:00:00,257.060668,0.061238,0.015103,0.015103,0,0,0,0.061212,0.018606,0.018606,0,0,0,0.061192,0.026216,0.026216,0,0,0
3293,6-Oct-03,24:00:00,246.483204,0.077794,0.014223,0.014223,0,0,0,0.077773,0.017523,0.017523,0,0,0,0.077747,0.024689,0.024689,0,0,0
3294,7-Oct-03,24:00:00,231.448143,0.075715,0.013395,0.013395,0,0,0,0.075688,0.016502,0.016502,0,0,0,0.075642,0.023251,0.023251,0,0,0
3295,8-Oct-03,24:00:00,226.757643,0.063896,0.012615,0.012615,0,0,0,0.063872,0.015541,0.015541,0,0,0,0.063832,0.021897,0.021897,0,0,0
3296,9-Oct-03,24:00:00,227.042329,0.080173,0.01188,0.01188,0,0,0,0.080145,0.014636,0.014636,0,0,0,0.080099,0.020622,0.020622,0,0,0
3297,10-Oct-03,24:00:00,226.422938,0.064065,0.011188,0.011188,0,0,0,0.064037,0.013784,0.013784,0,0,0,0.06399,0.019421,0.019421,0,0,0
3298,11-Oct-03,24:00:00,226.048372,0.067579,0.010537,0.010537,0,0,0,0.067549,0.012981,0.012981,0,0,0,0.067499,0.01829,0.01829,0,0,0
3299,12-Oct-03,24:00:00,226.039931,0.059553,0.009923,0.009923,0,0,0,0.059528,0.012225,0.012225,0,0,0,0.059487,0.017225,0.017225,0,0,0
3300,13-Oct-03,24:00:00,226.037567,0.053244,0.009345,0.009345,0,0,0,0.053236,0.011513,0.011513,0,0,0,0.053223,0.016222,0.016222,0,0,0
3301,14-Oct-03,24:00:00,226.657377,0.056595,0.008801,0.008801,0,0,0,0.056577,0.010843,0.010843,0,0,0,0.056547,0.015277,0.015277,0,0,0
3302,15-Oct-03,24:00:00,221.429318,0.061741,0.008288,0.008288,0,0,0,0.061715,0.010211,0.010211,0,0,0,0.061672,0.014387,0.014387,0,0,0
3303,16-Oct-03,24:00:00,213.731493,0.057575,0.007806,0.007806,0,0,0,0.057569,0.009617,0.009617,0,0,0,0.05756,0.01355,0.01355,0,0,0
3304,17-Oct-03,24:00:00,211.072039,0.048436,0.007351,0.007351,0,0,0,0.048436,0.009057,0.009057,0,0,0,0.048436,0.01276,0.01276,0,0,0
3305,18-Oct-03,24:00:00,214.760114,0.055019,0.006923,0.006923,0,0,0,0.055019,0.008529,0.008529,0,0,0,0.055019,0.012017,0.012017,0,0,0
3306,19-Oct-03,24:00:00,221.9661,0.043907,0.00652,0.00652,0,0,0,0.043907,0.008033,0.008033,0,0,0,0.043907,0.011318,0.011318,0,0,0
3307,20-Oct-03,24:00:00,224.354305,0.046932,0.00614,0.00614,0,0,0,0.046932,0.007565,0.007565,0,0,0,0.046932,0.010658,0.010658,0,0,0
3308,21-Oct-03,24:00:00,225.894921,0.061807,0.005783,0.005783,0,0,0,0.061807,0.007124,0.007124,0,0,0,0.061807,0.010038,0.010038,0,0,0
3309,22-Oct-03,24:00:00,227.625882,0.052023,0.005446,0.005446,0,0,0,0.052023,0.006709,0.006709,0,0,0,0.052023,0.009453,0.009453,0,0,0
3310,23-Oct-03,24:00:00,227.392477,0.048399,0.005129,0.005129,0,0,0,0.048399,0.006319,0.006319,0,0,0,0.048399,0.008903,0.008903,0,0,0
3311,24-Oct-03,24:00:00,228.269386,0.043162,0.00483,0.00483,0,0,0,0.043162,0.005951,0.005951,0,0,0,0.043161,0.008384,0.008384,0,0,0
3312,25-Oct-03,24:00:00,228.384297,0.043032,0.004549,0.004549,0,0,0,0.043031,0.005604,0.005604,0,0,0,0.04303,0.007896,0.007896,0,0,0
3313,26-Oct-03,24:00:00,234.865134,0.042906,0.004284,0.004284,0,0,0,0.042905,0.005278,0.005278,0,0,0,0.042903,0.007436,0.007436,0,0,0
3314,27-Oct-03,24:00:00,247.03606,0.044492,0.004034,0.004034,0,0,0,0.044491,0.00497,0.00497,0,0,0,0.044489,0.007003,0.007003,0,0,0
3315,28-Oct-03,24:00:00,251.314607,0.036207,0.003799,0.003799,0,0,0,0.036206,0.004681,0.004681,0,0,0,0.036205,0.006595,0.006595,0,0,0
3316,29-Oct-03,24:00:00,252.885849,0.06125,0.003578,0.003578,0,0,0,0.061229,0.004408,0.004408,0,0,0,0.061196,0.006211,0.006211,0,0,0
3317,30-Oct-03,24:00:00,252.75154,0.040627,0.00337,0.00337,0,0,0,0.040599,0.004152,0.004152,0,0,0,0.040554,0.005849,0.005849,0,0,0
3318,31-Oct-03,24:00:00,252.646663,0.015562,0.003174,0.003174,0,0,0,0.01555,0.00391,0.00391,0,0,0,0.015531,0.005509,0.005509,0,0,0
3319,1-Nov-03,24:00:00,253.628079,0.032098,0.002989,0.002989,0,0,0,0.032075,0.003682,0.003682,0,0,0,0.032038,0.005188,0.005188,0,0,0
3320,2-Nov-03,24:00:00,251.749499,0.014075,0.011468,0.002815,0.043892,0,0.0007,0.01406,0.478045,0.003468,0.0878,0,0.00159,0.014036,2.060637,0.004886,0.189958,0,0.003885
3321,3-Nov-03,24:00:00,266.96178,0.030817,0.229709,0.002651,0,0,0.00627,0.030795,6.711294,0.003266,0,0,0.012543,0.030761,6.744062,0.004601,0,0,0.027137
3322,4-Nov-03,24:00:00,253.667201,0.021428,0.022205,0.002496,0,0,0.00627,0.021405,0.380102,0.003076,0,0,0.012543,0.021369,0.004333,0.004333,0,0,0.027137
3323,5-Nov-03,24:00:00,250.791337,0.01296,0.002554,0.002351,0,0,0.00627,0.012946,0.002896,0.002896,0,0,0.012543,0.012922,0.004081,0.004081,0,0,0.027137
3324,6-Nov-03,24:00:00,238.825092,0.012132,0.002214,0.002214,0,0,0.00627,0.012126,0.002728,0.002728,0,0,0.012543,0.012115,0.003843,0.003843,0,0,0.027137
3325,7-Nov-03,24:00:00,214.701386,0.014593,0.002638,0.002085,0.057439,0,0.006441,0.014582,0.002846,0.002569,0.001428,0,0.012547,0.014563,0.00362,0.00362,0,0,0.027137
3326,8-Nov-03,24:00:00,306.543621,0.010904,7.35043,0.001964,2.121117,0,0.176861,0.01089,100.750375,0.002419,1.915674,0,0.153623,0.010868,65.236591,0.003409,1.656718,0,0.140508
3327,9-Nov-03,24:00:00,404.04736,0.014683,7.49657,0.001849,0.526249,0,0.379102,0.014667,105.414185,0.002278,0.603841,0,0.355064,0.014641,42.942116,0.00321,0.686206,0,0.339555
3328,10-Nov-03,24:00:00,229.307057,0.02508,0.88333,0.001742,0,0,0.392671,0.025059,10.705664,0.002146,0,0,0.372678,0.025025,0.310115,0.003023,0,0,0.36184
3329,11-Nov-03,24:00:00,198.824866,0.028527,0.028802,0.00164,0,0,0.392671,0.028503,0.191861,0.002021,0,0,0.372678,0.028464,0.002847,0.002847,0,0,0.36184
3330,12-Nov-03,24:00:00,198.014759,0.030126,0.001545,0.001545,0,0,0.392671,0.030101,0.001903,0.001903,0,0,0.372678,0.030063,0.002681,0.002681,0,0,0.36184
3331,13-Nov-03,24:00:00,196.204403,0.02497,0.001455,0.001455,0,0,0.391688,0.024958,0.001792,0.001792,0,0,0.371701,0.02494,0.002525,0.002525,0,0,0.360874
3332,14-Nov-03,24:00:00,201.110332,0.016156,0.390645,0.00137,0.323238,0,0.400162,0.016139,8.410029,0.001688,0.481818,0,0.383401,0.016113,11.631644,0.002378,0.644718,0,0.377002
3333,15-Nov-03,24:00:00,267.458817,0.011251,1.634435,0.00129,0.049877,0,0.44265,0.011238,38.090907,0.00159,0.08617,0,0.449544,0.011219,23.237568,0.00224,0.108285,0,0.464973
3334,16-Nov-03,24:00:00,202.566993,0.010977,0.14957,0.001215,0,0,0.442932,0.010963,2.404961,0.001497,0,0,0.450252,0.010941,0.002109,0.002109,0,0,0.465867
3335,17-Nov-03,24:00:00,194.97325,0.026237,0.003349,0.001144,0,0,0.442932,0.026219,0.004058,0.00141,0,0,0.450252,0.026199,0.001986,0.001986,0,0,0.465867
3336,18-Nov-03,24:00:00,195.423256,0.023456,0.001078,0.001078,0,0,0.442932,0.023428,0.001328,0.001328,0,0,0.450252,0.023395,0.001871,0.001871,0,0,0.465867
3337,19-Nov-03,24:00:00,195.950358,0.021897,0.001015,0.001015,0,0,0.442932,0.021878,0.00125,0.00125,0,0,0.450252,0.021852,0.001762,0.001762,0,0,0.465867
3338,20-Nov-03,24:00:00,196.450592,0.026947,0.000956,0.000956,0,0,0.441665,0.026913,0.001178,0.001178,0,0,0.448994,0.02686,0.001659,0.001659,0,0,0.464622
3339,21-Nov-03,24:00:00,197.401313,0.025725,0.0009,0.0009,0,0,0.438203,0.025692,0.001109,0.001109,0,0,0.445543,0.025639,0.001563,0.001563,0,0,0.461187
3340,22-Nov-03,24:00:00,197.499257,0.023175,0.000848,0.000848,0,0,0.434645,0.023145,0.001044,0.001044,0,0,0.44199,0.023099,0.001472,0.001472,0,0,0.457641
3341,23-Nov-03,24:00:00,197.501721,0.021385,0.000798,0.000798,0,0,0.431443,0.021353,0.000984,0.000984,0,0,0.438793,0.021302,0.001386,0.001386,0,0,0.45445
3342,24-Nov-03,24:00:00,198.853085,0.023669,0.000752,0.000752,0,0,0.428264,0.023637,0.000926,0.000926,0,0,0.435618,0.023588,0.001305,0.001305,0,0,0.451283
3343,25-Nov-03,24:00:00,199.896611,0.021132,0.000708,0.000708,0,0,0.425019,0.021109,0.000872,0.000872,0,0,0.432377,0.021075,0.001229,0.001229,0,0,0.448048
3344,26-Nov-03,24:00:00,199.997177,0.024431,0.000667,0.000667,0,0,0.421795,0.0244,0.000822,0.000822,0,0,0.429156,0.024355,0.001158,0.001158,0,0,0.444833
3345,27-Nov-03,24:00:00,202.490443,0.020793,0.000628,0.000628,0,0,0.418558,0.020756,0.000774,0.000774,0,0,0.425924,0.020702,0.00109,0.00109,0,0,0.441607
3346,28-Nov-03,24:00:00,203.978313,0.011488,0.000591,0.000591,0,0,0.416326,0.011478,0.000729,0.000729,0,0,0.423697,0.011462,0.001027,0.001027,0,0,0.439385
3347,29-Nov-03,24:00:00,248.927286,0.008513,1.256478,0.000557,0.325824,0,0.443498,0.008505,32.289575,0.000686,0.507406,0,0.467891,0.008492,31.953953,0.000967,0.710186,0,0.503039
3348,30-Nov-03,24:00:00,247.362635,0.008898,1.57565,0.000525,0.529793,0,0.486167,0.008891,23.173202,0.000646,0.450415,0,0.513428,0.00888,10.60269,0.000911,0.38044,0,0.553637
3349,1-Dec-03,24:00:00,302.66504,0.009338,5.993358,0.000494,1.306986,0,0.629831,0.009336,74.79931,0.000609,0.99046,0,0.628117,0.009333,32.540698,0.000858,0.56605,0,0.637414
3350,2-Dec-03,24:00:00,253.020489,0.012157,3.536024,0.000465,0,0,0.724373,0.012147,35.927762,0.000573,0,0,0.701126,0.012132,1.611618,0.000808,0,0,0.675158
3351,3-Dec-03,24:00:00,155.832483,0.022832,0.234803,0.000438,0,0,0.724373,0.022802,1.560417,0.00054,0,0,0.701126,0.02276,0.000761,0.000761,0,0,0.675158
3352,4-Dec-03,24:00:00,127.711798,0.007624,0.043823,0.000413,0.023685,0,0.72543,0.007611,1.123214,0.000508,0.058794,0,0.70279,0.00759,5.457297,0.000716,0.166663,0,0.682829
3353,5-Dec-03,24:00:00,152.08227,0.00879,0.852088,0.000389,0.287573,0,0.747918,0.008776,17.719828,0.000479,0.364364,0,0.733247,0.008754,18.602358,0.000675,0.60322,0,0.736974
3354,6-Dec-03,24:00:00,252.609015,0.009041,6.217361,0.000366,1.47349,0,0.889687,0.009034,102.72255,0.000451,1.436289,0,0.881348,0.009023,73.250336,0.000635,1.388884,0,0.904901
3355,7-Dec-03,24:00:00,235.949965,0.019178,3.237546,0.000345,0.027168,0,0.982976,0.019161,40.989475,0.000425,0.048549,0,0.973264,0.019135,6.2657,0.000598,0.078194,0,0.994026
3356,8-Dec-03,24:00:00,137.553649,0.016532,0.203688,0.000325,0,0,0.983218,0.016505,1.724672,0.0004,0,0,0.973697,0.016462,0.000563,0.000563,0,0,0.994724
3357,9-Dec-03,24:00:00,206.972674,0.008897,34.866847,31.344697,0.861485,0.744012,0.99101,0.008887,44.273291,23.766224,0.787343,0.603224,0.984938,0.008864,237.76095,216.715162,0.703115,0.666185,0.997032
3358,10-Dec-03,24:00:00,4031.55,0.010398,947.42474,641.955579,0.964679,0.964679,1,0.010387,1130.42,729.952739,1.005403,1.005403,1,0.010372,2123.45,1560.27,1.061275,1.061275,1
3359,11-Dec-03,24:00:00,2563.61,0.023325,758.248587,724.272624,0,0,1,0.023297,842.965526,785.840827,0,0,1,0.023253,527.075369,517.25416,0,0,1
3360,12-Dec-03,24:00:00,1103.86,0.00678,328.044058,326.182658,0.622879,0.622879,1,0.006765,359.687127,334.588252,0.819065,0.819065,1,0.006758,605.676295,575.914576,0.938648,0.938648,1
3361,13-Dec-03,24:00:00,2927.19,0.008313,549.341013,545.449186,0.835491,0.835491,1,0.00831,849.392389,781.368788,0.805303,0.805303,1,0.008305,1428.93,1390.79,0.848928,0.848928,1
3362,14-Dec-03,24:00:00,4510.43,0.025265,1424.30,901.880929,0.488238,0.488238,1,0.02524,1449.50,1074.69,0.46,0.46,1,0.0252,1483.27,1285.28,0.46,0.46,1
3363,15-Dec-03,24:00:00,1843.80,0.017045,655.407588,585.569,0,0,1,0.017016,619.033131,581.847965,0,0,1,0.016966,256.177637,256.177637,0,0,1
3364,16-Dec-03,24:00:00,809.238534,0.018886,237.515726,235.254789,0,0,1,0.018851,228.35119,228.133368,0,0,1,0.018796,219.903304,219.903304,0,0,1
3365,17-Dec-03,24:00:00,620.139431,0.018746,150.103223,150.103223,0,0,1,0.018713,163.346235,163.346235,0,0,1,0.018663,207.069889,207.069889,0,0,1
3366,18-Dec-03,24:00:00,569.846962,0.022311,130.970143,130.970143,0,0,0.99997,0.022269,148.476014,148.476014,0,0,0.999959,0.022204,195.011052,195.011052,0,0,0.999971
3367,19-Dec-03,24:00:00,631.133148,0.008146,142.489236,141.731434,0.564406,0.55762,0.999779,0.008131,185.681626,169.803958,0.633889,0.626899,0.999761,0.00811,478.631537,402.846313,0.690549,0.683837,0.999784
3368,20-Dec-03,24:00:00,2308.93,0.009462,473.255925,469.56409,0.674608,0.674608,1,0.009456,670.420726,616.415436,0.534186,0.534186,1,0.009448,1098.76,1020.18,0.419028,0.419028,1
3369,21-Dec-03,24:00:00,2260.73,0.016751,676.311927,673.711243,0,0,1,0.016728,730.811035,701.382224,0,0,1,0.016692,569.578932,562.89209,0,0,1
3370,22-Dec-03,24:00:00,1758.99,0.016488,354.983585,354.818027,0,0,1,0.016463,318.303301,317.043681,0,0,1,0.016423,224.05022,224.05022,0,0,1
3371,23-Dec-03,24:00:00,3432.77,0.010539,380.242081,376.383884,1.392347,1.392347,1,0.010524,502.934524,441.188948,1.370917,1.370917,1,0.010502,1226.69,1179.78,1.374071,1.374071,1
3372,24-Dec-03,24:00:00,12219.91,0.010255,2802.08,1186.55,0.909805,0.909805,1,0.010245,3480.38,1419.27,0.913407,0.913407,1,0.01023,4839.25,2025.75,0.917591,0.917591,1
3373,25-Dec-03,24:00:00,4206.24,0.014746,1255.35,946.726563,0,0,1,0.014724,1277.87,990.975918,0,0,1,0.014692,483.725684,479.513978,0,0,1
3374,26-Dec-03,24:00:00,2075.46,0.017299,410.111992,396.713621,0,0,1,0.017271,388.806282,384.160734,0,0,1,0.017227,317.000304,317.000304,0,0,1
3375,27-Dec-03,24:00:00,2625.36,0.015109,239.605594,239.605594,0,0,1,0.01508,252.917105,252.917105,0,0,1,0.015035,298.219698,298.219698,0,0,1
3376,28-Dec-03,24:00:00,1891.54,0.006491,205.055932,205.051383,0.131754,0.131754,1,0.00648,226.393026,226.304444,0.13045,0.13045,1,0.006462,283.205169,283.056129,0.132556,0.132556,1
3377,29-Dec-03,24:00:00,11186.60,0.013711,2901.99,561.308642,1.215273,1.215273,1,0.013692,3648.91,701.256432,1.212758,1.212758,1,0.013662,6033.88,1666.90,1.21052,1.21052,1
3378,30-Dec-03,24:00:00,7136.31,0.011896,1673.86,869.357899,0,0,1,0.011879,1736.56,974.118851,0,0,1,0.011854,678.590894,616.492068,0,0,1
3379,31-Dec-03,24:00:00,2954.81,0.016641,462.535086,418.406795,0,0,1,0.016612,438.120023,414.902504,0,0,1,0.016567,320.576437,320.576437,0,0,1
3380,1-Jan-04,24:00:00,4346.23,0.01354,518.15762,482.958282,0.828675,0.828675,1,0.013516,1105.89,567.647666,0.785089,0.785089,1,0.013482,2783.11,1196.39,0.788258,0.788258,1
3381,2-Jan-04,24:00:00,4477.25,0.009623,673.829345,661.399412,0.090663,0.090663,1,0.009609,867.384392,730.334038,0.154092,0.154092,1,0.009587,712.622477,689.666851,0.234696,0.234696,1
3382,3-Jan-04,24:00:00,4945.77,0.018136,387.222768,386.431385,0,0,1,0.018111,435.27382,428.96323,0,0,1,0.018073,367.325885,367.213426,0,0,1
3383,4-Jan-04,24:00:00,3561.82,0.015685,249.912338,249.905138,0,0,1,0.015662,274.610497,274.529692,0,0,1,0.015627,313.563615,313.563615,0,0,1
3384,5-Jan-04,24:00:00,1654.54,0.018025,212.082732,212.082732,0,0,1,0.017994,236.553466,236.553466,0,0,1,0.017947,295.248603,295.248603,0,0,1
3385,6-Jan-04,24:00:00,1074.96,0.020086,196.45233,196.45233,0,0,1,0.020059,220.421736,220.421736,0,0,1,0.020018,278.054612,278.054612,0,0,1
3386,7-Jan-04,24:00:00,1078.20,0.009702,189.061489,189.006528,0.01123,0.01123,1,0.009684,226.00259,223.618295,0.031301,0.031301,1,0.009657,368.916249,365.042792,0.083659,0.083659,1
3387,8-Jan-04,24:00:00,980.886038,0.011703,188.285097,188.125933,0.035125,0.035125,1,0.011685,210.759214,210.452489,0,0,1,0.011656,254.992739,254.992739,0,0,1
3388,9-Jan-04,24:00:00,1562.06,0.012635,343.363359,269.369125,0.673205,0.673205,1,0.012626,400.025182,302.058945,0.645387,0.645387,1,0.012613,927.111242,739.4989,0.60219,0.60219,1
3389,10-Jan-04,24:00:00,2477.85,0.013866,616.865851,553.405697,0,0,1,0.013852,680.33972,620.561158,0,0,1,0.013835,521.470535,506.809641,0,0,1
3390,11-Jan-04,24:00:00,1223.25,0.013513,314.548356,310.523139,0,0,1,0.01349,311.227179,308.819809,0,0,1,0.013455,250.027837,250.027837,0,0,1
3391,12-Jan-04,24:00:00,938.204019,0.008831,190.820726,190.820726,0,0,1,0.00882,200.529987,200.529987,0,0,1,0.008803,234.853605,234.853605,0,0,1
3392,13-Jan-04,24:00:00,866.924352,0.020241,161.252734,161.252734,0,0,1,0.020213,177.197872,177.197872,0,0,1,0.020168,221.176257,221.176257,0,0,1
3393,14-Jan-04,24:00:00,1366.79,0.009584,164.782249,164.469762,0.089371,0.089371,1,0.009576,193.890067,188.322541,0.096811,0.096811,1,0.009546,265.866353,263.329081,0.057909,0.057909,1
3394,15-Jan-04,24:00:00,2411.39,0.019059,192.20837,192.012387,0,0,1,0.019041,223.520793,220.854912,0,0,1,0.019008,217.009847,216.865875,0,0,1
3395,16-Jan-04,24:00:00,1719.16,0.010945,151.527646,151.515628,0,0,1,0.010931,166.12638,166.024326,0,0,1,0.010908,188.490445,188.490445,0,0,1
3396,17-Jan-04,24:00:00,846.822624,0.015858,130.927402,130.927402,0,0,1,0.015835,144.808155,144.808155,0,0,1,0.0158,177.480642,177.480642,0,0,1
3397,18-Jan-04,24:00:00,588.012546,0.017505,121.266379,121.266379,0,0,1,0.017481,134.95402,134.95402,0,0,1,0.017443,167.144942,167.144942,0,0,1
3398,19-Jan-04,24:00:00,560.230718,0.02792,113.940758,113.940758,0,0,1,0.027887,126.963552,126.963552,0,0,1,0.027837,157.411173,157.411173,0,0,1
3399,20-Jan-04,24:00:00,578.355849,0.025056,107.275981,107.275981,0,0,0.99875,0.025026,119.559301,119.559301,0,0,0.998761,0.024982,148.244256,148.244256,0,0,0.998779
3400,21-Jan-04,24:00:00,869.547334,0.024652,101.025723,101.025723,0,0,0.995543,0.024615,112.595945,112.595945,0,0,0.995566,0.024564,139.611178,139.611178,0,0,0.995602
3401,22-Jan-04,24:00:00,884.237412,0.020707,95.142155,95.142155,0,0,0.992333,0.020677,106.038812,106.038812,0,0,0.99236,0.02063,131.480852,131.480852,0,0,0.992403
3402,23-Jan-04,24:00:00,614.856702,0.017056,89.601478,89.601478,0,0,0.989541,0.017044,99.865948,99.863586,0.012162,0,0.989608,0.017028,123.826642,123.823999,0.008275,0,0.989644
3403,24-Jan-04,24:00:00,497.04787,0.017241,84.383489,84.383489,0,0,0.988348,0.017226,95.019499,94.04798,0,0,0.990117,0.017203,116.993529,116.613047,0,0,0.989611
3404,25-Jan-04,24:00:00,477.46207,0.025786,79.469375,79.469375,0,0,0.988348,0.025764,88.644343,88.571049,0,0,0.990117,0.02573,109.822029,109.822029,0,0,0.989611
3405,26-Jan-04,24:00:00,759.557441,0.012446,74.841436,74.841436,0,0,0.988348,0.012433,83.431576,83.41307,0.033793,0,0.990295,0.012412,103.627118,103.478145,0.083023,0.010297,0.990213
3406,27-Jan-04,24:00:00,1915.87,0.013732,108.362502,107.260546,0.292248,0.210682,0.996697,0.013718,280.863897,244.583928,0.505471,0.470082,0.999895,0.013695,810.938429,779.804711,0.607315,0.607315,1
3407,28-Jan-04,24:00:00,2081.79,0.020468,187.577592,187.011273,0,0,1,0.020449,361.944462,352.122288,0,0,1,0.020419,226.139589,225.459091,0,0,1
3408,29-Jan-04,24:00:00,1090.05,0.017303,107.745872,107.712124,0,0,1,0.017275,148.14978,147.839742,0,0,1,0.017241,125.697872,125.697872,0,0,1
3409,30-Jan-04,24:00:00,575.144228,0.023503,73.912497,73.912497,0,0,1,0.022026,94.72755,94.72755,0,0,1,0.021976,118.20253,118.20253,0,0,1
3410,31-Jan-04,24:00:00,459.825701,0.031046,64.835882,64.835882,0,0,1,0.030508,83.907314,83.907314,0,0,1,0.030471,111.318805,111.318805,0,0,1
3411,1-Feb-04,24:00:00,463.949537,0.00957,60.441829,60.441829,0,0,1,0.009564,78.537791,78.537791,0,0,1,0.009554,104.836099,104.836099,0,0,1
3412,2-Feb-04,24:00:00,1413.72,0.01098,417.298171,223.339924,1.222447,1.222447,1,0.010972,379.720158,263.546857,1.185775,1.185775,1,0.010958,935.82628,842.2059,1.200782,1.200782,1
3413,3-Feb-04,24:00:00,4825.61,0.012911,989.669576,892.192904,0.431484,0.431484,1,0.012903,1200.74,1089.94,0.475039,0.475039,1,0.012891,1556.58,1515.18,0.528151,0.528151,1
3414,4-Feb-04,24:00:00,3194.39,0.029738,568.532107,562.388668,0,0,1,0.029718,617.08272,607.629481,0,0,1,0.029703,259.523786,259.204755,0,0,1
3415,5-Feb-04,24:00:00,2013.27,0.029189,212.015126,211.990986,0,0,1,0.029167,216.590316,216.44713,0,0,1,0.029136,189.054851,189.054851,0,0,1
3416,6-Feb-04,24:00:00,1181.15,0.016199,128.513059,128.4629,0.063106,0.063106,1,0.016189,147.359393,146.338814,0.066747,0.066747,1,0.016172,191.29946,190.432168,0.051589,0.051589,1
3417,7-Feb-04,24:00:00,873.931625,0.030607,145.312603,145.016956,0,0,1,0.030593,181.494967,176.988082,0,0,1,0.03057,222.801554,221.280229,0,0,1
3418,8-Feb-04,24:00:00,659.724212,0.027815,120.963104,120.941384,0,0,1,0.027796,141.786052,141.566569,0,0,1,0.027768,161.446824,161.446824,0,0,1
3419,9-Feb-04,24:00:00,718.9062,0.034565,100.996375,100.996375,0,0,1,0.034539,119.57941,119.57941,0,0,1,0.0345,151.809931,151.809931,0,0,1
3420,10-Feb-04,24:00:00,920.39398,0.034301,92.519162,92.519162,0,0,0.998234,0.034278,110.646525,110.646525,0,0,0.99824,0.034242,142.968977,142.968977,0,0,0.99825
3421,11-Feb-04,24:00:00,1020.00,0.03386,86.772331,86.772331,0,0,0.993701,0.033836,104.008345,104.008345,0,0,0.993714,0.033797,134.643108,134.643108,0,0,0.993734
3422,12-Feb-04,24:00:00,811.715951,0.043215,81.677583,81.677583,0,0,0.98839,0.04319,97.935264,97.935264,0,0,0.988407,0.043149,126.802099,126.802099,0,0,0.988433
3423,13-Feb-04,24:00:00,580.10973,0.020276,76.916725,76.916725,0,0,0.983579,0.020258,92.230755,92.230755,0,0,0.983599,0.020233,119.417716,119.417716,0,0,0.98363
3424,14-Feb-04,24:00:00,499.843446,0.026235,72.437021,72.437021,0,0,0.980369,0.026225,86.859568,86.859568,0,0,0.980391,0.02621,112.463366,112.463366,0,0,0.980426
3425,15-Feb-04,24:00:00,1082.43,0.012955,140.698337,138.585603,0.615429,0.464274,0.99759,0.012946,279.017311,233.693263,0.850509,0.699513,0.998368,0.01293,842.035551,802.365236,1.07897,0.928207,0.997868
3426,16-Feb-04,24:00:00,5367.69,0.013617,1280.21,582.438652,1.550813,1.550813,1,0.013604,1815.22,878.346751,1.552212,1.552212,1,0.013581,3162.08,1810.96,1.576257,1.576257,1
3427,17-Feb-04,24:00:00,13632.61,0.014828,4355.09,1324.78,1.68,1.68,1,0.014816,4567.48,1635.95,1.68,1.68,1,0.014796,5193.83,2340.39,1.68,1.68,1
3428,18-Feb-04,24:00:00,9469.34,0.031822,2776.66,1461.47,0.217554,0.217554,1,0.031805,2649.76,1613.44,0.15528,0.15528,1,0.031776,1514.37,1278.84,0.130768,0.130768,1
3429,19-Feb-04,24:00:00,4282.57,0.036566,759.379577,682.811925,0,0,1,0.036552,687.813327,649.57148,0,0,1,0.036528,354.990349,354.990349,0,0,1
3430,20-Feb-04,24:00:00,4070.75,0.030443,297.402622,297.399173,0,0,1,0.030427,303.516931,303.515297,0,0,1,0.030403,327.810012,327.810012,0,0,1
3431,21-Feb-04,24:00:00,3438.60,0.018757,213.94549,213.94549,0,0,0.998858,0.018746,243.683002,243.683002,0,0,0.998863,0.018728,308.712923,308.712923,0,0,0.998861
3432,22-Feb-04,24:00:00,2636.41,0.018496,192.486075,192.486075,0,0,0.996231,0.018484,225.387991,225.387991,0,0,0.99624,0.018464,290.734869,290.734869,0,0,0.996239
3433,23-Feb-04,24:00:00,1535.43,0.029953,180.24324,180.24324,0,0,0.992951,0.029932,211.925275,211.925275,0,0,0.992962,0.029898,273.803779,273.803779,0,0,0.992965
3434,24-Feb-04,24:00:00,1271.75,0.031716,214.441196,213.468869,0.215236,0.149328,0.998123,0.031695,287.512536,269.966753,0.247834,0.182017,0.998172,0.03166,544.725256,530.427539,0.31372,0.247941,0.99811
3435,25-Feb-04,24:00:00,5079.99,0.028329,1606.85,487.986916,1.394514,1.394514,1,0.028312,1714.33,614.73094,1.408895,1.408895,1,0.028285,2324.21,1424.91,1.519211,1.519211,1
3436,26-Feb-04,24:00:00,5884.60,0.024258,1503.61,1153.54,0.862045,0.862045,1,0.024245,1756.67,1398.77,0.865808,0.865808,1,0.024222,2062.92,1988.78,0.928683,0.928683,1
3437,27-Feb-04,24:00:00,4540.22,0.034032,948.618855,928.618943,0,0,1,0.034013,1039.09,1009.94,0,0,1,0.033981,663.167425,658.369979,0,0,1
3438,28-Feb-04,24:00:00,4103.12,0.040442,409.331769,409.243123,0,0,1,0.040425,416.827224,416.147481,0,0,1,0.040404,369.081025,369.081025,0,0,1
3439,29-Feb-04,24:00:00,3079.50,0.041183,252.029021,252.029021,0,0,0.999136,0.041167,278.579842,278.579842,0,0,0.99914,0.041144,346.620499,346.620499,0,0,0.999146
3440,1-Mar-04,24:00:00,2560.29,0.023759,248.750654,248.102823,0.170337,0.154662,0.999394,0.023746,310.343039,298.418478,0.198446,0.182823,0.999396,0.023725,526.013856,516.014532,0.238901,0.223373,0.999292
3441,2-Mar-04,24:00:00,2104.61,0.050615,287.182657,286.85775,0,0,1,0.050612,356.348504,351.370659,0,0,1,0.050606,410.278581,409.216583,0,0,1
3442,3-Mar-04,24:00:00,1099.09,0.036376,220.222183,220.202899,0,0,1,0.03637,254.630485,254.446691,0,0,1,0.036361,304.105703,304.105703,0,0,1
3443,4-Mar-04,24:00:00,796.875464,0.048758,188.481887,188.481887,0,0,0.997269,0.048758,218.98306,218.98306,0,0,0.997271,0.048757,286.18703,286.18703,0,0,0.997607
3444,5-Mar-04,24:00:00,728.468348,0.047014,174.274425,174.274425,0,0,0.990706,0.046998,203.695515,203.695515,0,0,0.990708,0.046971,269.520608,269.520608,0,0,0.991289
3445,6-Mar-04,24:00:00,684.770565,0.05393,163.709375,163.709375,0,0,0.983579,0.053926,191.599065,191.599065,0,0,0.983584,0.05392,253.824941,253.824941,0,0,0.984168
3446,7-Mar-04,24:00:00,647.79201,0.053628,154.129437,154.129437,0,0,0.975771,0.053628,180.422549,180.422549,0,0,0.975776,0.053628,239.04332,239.04332,0,0,0.976361
3447,8-Mar-04,24:00:00,614.048274,0.058,145.148939,145.148939,0,0,0.967828,0.058,169.914196,169.914196,0,0,0.967833,0.058,225.122514,225.122514,0,0,0.968418
3448,9-Mar-04,24:00:00,591.51719,0.073369,136.69567,136.69567,0,0,0.958786,0.073369,160.019065,160.019065,0,0,0.958791,0.073369,212.012393,212.012393,0,0,0.959375
3449,10-Mar-04,24:00:00,580.156675,0.059067,128.735089,128.735089,0,0,0.94897,0.059067,150.70027,150.70027,0,0,0.948975,0.059067,199.665746,199.665746,0,0,0.949559
3450,11-Mar-04,24:00:00,559.180999,0.058661,121.238134,121.238134,0,0,0.940586,0.058661,141.924164,141.924164,0,0,0.940591,0.058661,188.038112,188.038112,0,0,0.941175
3451,12-Mar-04,24:00:00,545.387517,0.063955,114.177771,114.177771,0,0,0.931908,0.063955,133.65914,133.65914,0,0,0.931913,0.063955,177.087619,177.087619,0,0,0.932498
3452,13-Mar-04,24:00:00,539.952162,0.06053,107.528572,107.528572,0,0,0.922898,0.06053,125.875434,125.875434,0,0,0.922903,0.06053,166.774834,166.774834,0,0,0.923487
3453,14-Mar-04,24:00:00,522.922769,0.076604,101.266592,101.266592,0,0,0.913466,0.076604,118.545016,118.545016,0,0,0.913471,0.076604,157.062619,157.062619,0,0,0.914056
3454,15-Mar-04,24:00:00,499.817013,0.074757,95.369282,95.369282,0,0,0.90246,0.074757,111.641488,111.641488,0,0,0.902465,0.074757,147.915999,147.915999,0,0,0.903049
3455,16-Mar-04,24:00:00,574.779193,0.064585,89.815404,89.815404,0,0,0.892355,0.064585,105.139991,105.139991,0,0,0.89236,0.064585,139.302038,139.302038,0,0,0.892945
3456,17-Mar-04,24:00:00,518.338158,0.058613,84.58496,84.58496,0,0,0.883672,0.058613,99.017111,99.017111,0,0,0.883677,0.058613,131.189715,131.189715,0,0,0.884261
3457,18-Mar-04,24:00:00,448.337737,0.070047,79.659113,79.659113,0,0,0.874612,0.070047,93.250801,93.250801,0,0,0.874617,0.070047,123.549817,123.549817,0,0,0.875202
3458,19-Mar-04,24:00:00,431.356635,0.06519,75.020125,75.020125,0,0,0.864761,0.06519,87.820294,87.820294,0,0,0.864766,0.065191,116.354832,116.354832,0,0,0.865351
3459,20-Mar-04,24:00:00,415.890995,0.074265,70.651291,70.651291,0,0,0.854935,0.074265,82.706036,82.706036,0,0,0.85494,0.074265,109.57885,109.57885,0,0,0.855524
3460,21-Mar-04,24:00:00,401.384341,0.072206,66.536878,66.536878,0,0,0.844433,0.072206,77.889609,77.889609,0,0,0.844438,0.072206,103.197472,103.197472,0,0,0.845022
3461,22-Mar-04,24:00:00,387.780719,0.076262,62.66207,62.66207,0,0,0.833833,0.076262,73.353669,73.353669,0,0,0.833838,0.076262,97.187716,97.187716,0,0,0.834423
3462,23-Mar-04,24:00:00,375.027546,0.063289,59.012913,59.012913,0,0,0.823862,0.063288,69.081881,69.081881,0,0,0.823867,0.063288,91.527941,91.527941,0,0,0.824452
3463,24-Mar-04,24:00:00,363.075296,0.040997,55.576267,55.576267,0,0,0.816311,0.040997,65.058864,65.058864,0,0,0.816315,0.040982,86.197766,86.197766,0,0,0.816901
3464,25-Mar-04,24:00:00,380.031261,0.019889,54.286167,52.339755,0.741011,0,0.855075,0.019883,94.919391,61.270129,0.744388,0,0.855449,0.019871,112.678153,81.177996,0.776099,0,0.858088
3465,26-Mar-04,24:00:00,411.635685,0.033724,51.516575,49.291724,0,0,0.918063,0.033714,86.905696,57.702032,0,0,0.91855,0.033695,80.884405,76.450555,0,0,0.923668
3466,27-Mar-04,24:00:00,332.62479,0.056718,46.565501,46.421196,0,0,0.918063,0.056707,55.580679,54.341726,0,0,0.91855,0.056687,71.998419,71.998419,0,0,0.923668
3467,28-Mar-04,24:00:00,318.178324,0.070547,43.717834,43.717834,0,0,0.913798,0.070534,51.177108,51.177108,0,0,0.914289,0.07051,67.805556,67.805556,0,0,0.919412
3468,29-Mar-04,24:00:00,307.555442,0.077086,41.171905,41.171905,0,0,0.903646,0.077072,48.196784,48.196784,0,0,0.904139,0.077048,63.856866,63.856866,0,0,0.909268
3469,30-Mar-04,24:00:00,298.140865,0.053227,38.774238,38.774238,0,0,0.894328,0.053211,45.39002,45.39002,0,0,0.894823,0.053186,60.138129,60.138129,0,0,0.899956
3470,31-Mar-04,24:00:00,297.088595,0.063574,36.516201,36.516201,0,0,0.88599,0.063561,42.74671,42.74671,0,0,0.886488,0.063537,56.635956,56.635956,0,0,0.891623
3471,1-Apr-04,24:00:00,307.843706,0.070482,34.389662,34.389662,0,0,0.876393,0.070469,40.257334,40.257334,0,0,0.876892,0.070444,53.337733,53.337733,0,0,0.882031
3472,2-Apr-04,24:00:00,308.923168,0.075616,32.386963,32.386963,0,0,0.865901,0.075601,37.912928,37.912928,0,0,0.866403,0.075574,50.231583,50.231583,0,0,0.871545
3473,3-Apr-04,24:00:00,300.086738,0.078124,30.500892,30.500892,0,0,0.854977,0.078111,35.70505,35.70505,0,0,0.85548,0.078087,47.306322,47.306322,0,0,0.860627
3474,4-Apr-04,24:00:00,292.277353,0.062097,28.724658,28.724658,0,0,0.84498,0.062083,33.625749,33.625749,0,0,0.845486,0.062063,44.551415,44.551415,0,0,0.850635
3475,5-Apr-04,24:00:00,285.332903,0.03603,27.051863,27.051863,0,0,0.837964,0.036016,31.667537,31.667537,0,0,0.838472,0.03599,41.956941,41.956941,0,0,0.843626
3476,6-Apr-04,24:00:00,279.645404,0.05585,25.476484,25.476484,0,0,0.831368,0.055834,29.823362,29.823362,0,0,0.831878,0.055813,39.513558,39.513558,0,0,0.837034
3477,7-Apr-04,24:00:00,274.419794,0.079219,23.992849,23.992849,0,0,0.821813,0.079207,28.086584,28.086584,0,0,0.822325,0.079182,37.212466,37.212466,0,0,0.827484
3478,8-Apr-04,24:00:00,269.781736,0.083817,22.595613,22.595613,0,0,0.81012,0.083805,26.450948,26.450948,0,0,0.810634,0.083782,35.04538,35.04538,0,0,0.815796
3479,9-Apr-04,24:00:00,265.194441,0.087465,21.279746,21.279746,0,0,0.797969,0.08745,24.910564,24.910564,0,0,0.798485,0.087423,33.004495,33.004495,0,0,0.803651
3480,10-Apr-04,24:00:00,260.529902,0.092284,20.04051,20.04051,0,0,0.785224,0.092269,23.459885,23.459885,0,0,0.785742,0.09224,31.082462,31.082462,0,0,0.790912
3481,11-Apr-04,24:00:00,256.13142,0.082603,18.873441,18.873441,0,0,0.772476,0.082593,22.093687,22.093687,0,0,0.772995,0.082573,29.272359,29.272359,0,0,0.778169
3482,12-Apr-04,24:00:00,251.989047,0.067105,17.774337,17.774337,0,0,0.761994,0.067095,20.80705,20.80705,0,0,0.762515,0.067076,27.567669,27.567669,0,0,0.767691
3483,13-Apr-04,24:00:00,248.087906,0.054797,16.739239,16.739239,0,0,0.753032,0.054781,19.595341,19.595341,0,0,0.753554,0.054751,25.962252,25.962252,0,0,0.758735
3484,14-Apr-04,24:00:00,243.791952,0.030561,15.764421,15.764421,0,0,0.746949,0.030554,18.454197,18.454197,0,0,0.747473,0.03054,24.450327,24.450327,0,0,0.752815
3485,15-Apr-04,24:00:00,238.093971,0.042037,14.846373,14.846373,0,0,0.741714,0.04203,17.379507,17.379507,0,0,0.742239,0.042009,23.02645,23.02645,0,0,0.750997
3486,16-Apr-04,24:00:00,233.713534,0.039416,13.981787,13.981787,0,0,0.7358,0.03941,16.367403,16.367403,0,0,0.736326,0.039396,21.685494,21.685494,0,0,0.750155
3487,17-Apr-04,24:00:00,230.626824,0.058913,13.16755,13.16755,0,0,0.728883,0.058904,15.414239,15.414239,0,0,0.72941,0.058871,20.422628,20.422628,0,0,0.744681
3488,18-Apr-04,24:00:00,227.176515,0.022927,12.400732,12.400732,0,0,0.723002,0.022921,14.516583,14.516583,0,0,0.723531,0.022907,19.233306,19.233306,0,0,0.738805
3489,19-Apr-04,24:00:00,230.365217,0.021366,12.041594,11.678569,0.391962,0,0.731966,0.021362,22.801131,13.671203,0.423941,0,0.735354,0.021351,33.441273,18.113245,0.5628,0,0.757542
3490,20-Apr-04,24:00:00,277.19223,0.045092,12.777547,10.998462,0,0,0.775993,0.045081,38.930261,12.875054,0,0,0.781091,0.045067,27.788445,17.058411,0,0,0.816204
3491,21-Apr-04,24:00:00,228.381674,0.053889,10.49774,10.357961,0,0,0.775993,0.053881,13.441523,12.125268,0,0,0.781091,0.053858,20.307219,16.065006,0.091649,0,0.827316
3492,22-Apr-04,24:00:00,219.857082,0.079911,9.755611,9.75476,0,0,0.770666,0.079903,11.419147,11.419147,0,0,0.779298,0.079887,15.130652,15.129453,0,0,0.827534
3493,23-Apr-04,24:00:00,215.69406,0.090699,9.186686,9.186686,0,0,0.758475,0.09069,10.754148,10.754148,0,0,0.770018,0.09067,14.248382,14.248382,0,0,0.818296
3494,24-Apr-04,24:00:00,212.219242,0.090908,8.651695,8.651695,0,0,0.745401,0.090899,10.127875,10.127875,0,0,0.756945,0.090879,13.41862,13.41862,0,0,0.805226
3495,25-Apr-04,24:00:00,209.821834,0.096168,8.147859,8.147859,0,0,0.732037,0.096159,9.538073,9.538073,0,0,0.743582,0.096145,12.63718,12.63718,0,0,0.791866
3496,26-Apr-04,24:00:00,208.013729,0.101838,7.673365,7.673365,0,0,0.718068,0.101828,8.982618,8.982618,0,0,0.729615,0.101808,11.901248,11.901248,0,0,0.777901
3497,27-Apr-04,24:00:00,206.431258,0.105591,7.226503,7.226503,0,0,0.703242,0.105582,8.459511,8.459511,0,0,0.71479,0.105578,11.208172,11.208172,0,0,0.763078
3498,28-Apr-04,24:00:00,204.849572,0.10192,6.805664,6.805664,0,0,0.688407,0.101919,7.966867,7.966867,0,0,0.699956,0.101917,10.555459,10.555459,0,0,0.748244
3499,29-Apr-04,24:00:00,202.895127,0.094613,6.409332,6.409332,0,0,0.674281,0.094613,7.502913,7.502913,0,0,0.68583,0.094613,9.940757,9.940757,0,0,0.734118
3500,30-Apr-04,24:00:00,200.079621,0.097423,6.036082,6.036082,0,0,0.660617,0.097423,7.065977,7.065977,0,0,0.672166,0.097424,9.361852,9.361852,0,0,0.720454
3501,1-May-04,24:00:00,197.24863,0.105138,5.684568,5.684568,0,0,0.646338,0.105138,6.654486,6.654486,0,0,0.657887,0.105139,8.81666,8.81666,0,0,0.706175
3502,2-May-04,24:00:00,195.841513,0.10549,5.353524,5.353524,0,0,0.631074,0.105491,6.266959,6.266959,0,0,0.642623,0.105491,8.303217,8.303217,0,0,0.690911
3503,3-May-04,24:00:00,195.101486,0.104386,5.041759,5.041759,0,0,0.616081,0.104386,5.902,5.902,0,0,0.62763,0.104384,7.819675,7.819675,0,0,0.675918
3504,4-May-04,24:00:00,194.931566,0.098629,4.74815,4.74815,0,0,0.601642,0.098629,5.558294,5.558294,0,0,0.613191,0.098628,7.364292,7.364292,0,0,0.661479
3505,5-May-04,24:00:00,194.431433,0.08399,4.471639,4.471639,0,0,0.588438,0.083991,5.234604,5.234604,0,0,0.599987,0.083991,6.935429,6.935429,0,0,0.648276
3506,6-May-04,24:00:00,191.693081,0.092037,4.211231,4.211231,0,0,0.576064,0.092038,4.929764,4.929764,0,0,0.587612,0.092039,6.531541,6.531541,0,0,0.635901
3507,7-May-04,24:00:00,188.772448,0.047737,3.965987,3.965987,0,0,0.566007,0.047732,4.642677,4.642677,0,0,0.577556,0.047734,6.151174,6.151174,0,0,0.625843
3508,8-May-04,24:00:00,188.146293,0.087271,3.735026,3.735026,0,0,0.556317,0.087268,4.372308,4.372308,0,0,0.567867,0.08725,5.792957,5.792957,0,0,0.616157
3509,9-May-04,24:00:00,188.260237,0.092366,3.517515,3.517515,0,0,0.543488,0.092366,4.117685,4.117685,0,0,0.555038,0.092367,5.455601,5.455601,0,0,0.603329
3510,10-May-04,24:00:00,187.577187,0.079174,3.312671,3.312671,0,0,0.531233,0.079174,3.877889,3.877889,0,0,0.542783,0.079182,5.137892,5.137892,0,0,0.591072
3511,11-May-04,24:00:00,187.2992,0.071593,3.119756,3.119756,0,0,0.520299,0.071592,3.652058,3.652058,0,0,0.531849,0.07159,4.838684,4.838684,0,0,0.580138
3512,12-May-04,24:00:00,188.906336,0.097376,2.938075,2.938075,0,0,0.508462,0.097376,3.439379,3.439379,0,0,0.520012,0.097377,4.556901,4.556901,0,0,0.568302
3513,13-May-04,24:00:00,190.299898,0.105637,2.766975,2.766975,0,0,0.494134,0.105637,3.239085,3.239085,0,0,0.505683,0.105638,4.291527,4.291527,0,0,0.553973
3514,14-May-04,24:00:00,190.336173,0.109444,2.605839,2.605839,0,0,0.478697,0.109445,3.050455,3.050455,0,0,0.490247,0.109446,4.041608,4.041608,0,0,0.538537
3515,15-May-04,24:00:00,191.617896,0.101605,2.454087,2.454087,0,0,0.463848,0.101605,2.872811,2.872811,0,0,0.475397,0.101613,3.806243,3.806243,0,0,0.523686
3516,16-May-04,24:00:00,192.620386,0.097557,2.311172,2.311172,0,0,0.449281,0.097557,2.705511,2.705511,0,0,0.460831,0.097557,3.584585,3.584585,0,0,0.509119
3517,17-May-04,24:00:00,191.809297,0.047705,2.176579,2.176579,0,0,0.438934,0.047713,2.547954,2.547954,0,0,0.450482,0.0477,3.375835,3.375835,0,0,0.498771
3518,18-May-04,24:00:00,191.286916,0.075225,2.049825,2.049825,0,0,0.430043,0.075223,2.399573,2.399573,0,0,0.441592,0.075213,3.179241,3.179241,0,0,0.489883
3519,19-May-04,24:00:00,197.629382,0.093517,1.930453,1.930453,0,0,0.418002,0.093517,2.259833,2.259833,0,0,0.429551,0.093516,2.994096,2.994096,0,0,0.477843
3520,20-May-04,24:00:00,220.061819,0.091389,1.818032,1.818032,0,0,0.404708,0.091389,2.12823,2.12823,0,0,0.416257,0.09139,2.819734,2.819734,0,0,0.464549
3521,21-May-04,24:00:00,229.299894,0.07683,1.712158,1.712158,0,0,0.392974,0.076843,2.004292,2.004292,0,0,0.404521,0.076842,2.655525,2.655525,0,0,0.452813
3522,22-May-04,24:00:00,228.454044,0.059242,1.612449,1.612449,0,0,0.383219,0.059241,1.887571,1.887571,0,0,0.394767,0.059248,2.500879,2.500879,0,0,0.443057
3523,23-May-04,24:00:00,211.074992,0.094831,1.518548,1.518548,0,0,0.372021,0.094832,1.777647,1.777647,0,0,0.383568,0.094833,2.355239,2.355239,0,0,0.431858
3524,24-May-04,24:00:00,194.068085,0.100421,1.430114,1.430114,0,0,0.358056,0.100422,1.674125,1.674125,0,0,0.369603,0.100423,2.218081,2.218081,0,0,0.417893
3525,25-May-04,24:00:00,191.761833,0.091886,1.346831,1.346831,0,0,0.344644,0.091886,1.576631,1.576631,0,0,0.356191,0.091899,2.08891,2.08891,0,0,0.40448
3526,26-May-04,24:00:00,211.165283,0.104849,1.268397,1.268397,0,0,0.330491,0.104856,1.484815,1.484815,0,0,0.342037,0.104856,1.967261,1.967261,0,0,0.390325
3527,27-May-04,24:00:00,223.816921,0.084475,1.194532,1.194532,0,0,0.316606,0.084473,1.398346,1.398346,0,0,0.328152,0.084465,1.852697,1.852697,0,0,0.376441
3528,28-May-04,24:00:00,223.348596,0.078257,1.124968,1.124968,0,0,0.305323,0.078253,1.316913,1.316913,0,0,0.31687,0.078242,1.744804,1.744804,0,0,0.36516
3529,29-May-04,24:00:00,222.632812,0.100735,1.059455,1.059455,0,0,0.29247,0.100733,1.240222,1.240222,0,0,0.304017,0.100719,1.643194,1.643194,0,0,0.352309
3530,30-May-04,24:00:00,223.376515,0.114487,0.997757,0.997757,0,0,0.277242,0.114482,1.167997,1.167997,0,0,0.288789,0.114469,1.547502,1.547502,0,0,0.337083
3531,31-May-04,24:00:00,223.535362,0.122864,0.939652,0.939652,0,0,0.260394,0.12286,1.099978,1.099978,0,0,0.271942,0.122843,1.457383,1.457383,0,0,0.320238
3532,1-Jun-04,24:00:00,223.957139,0.082094,0.884931,0.884931,0,0,0.245248,0.08209,1.03592,1.03592,0,0,0.256796,0.082078,1.372511,1.372511,0,0,0.305094
3533,2-Jun-04,24:00:00,222.890944,0.117242,0.833396,0.833396,0,0,0.231328,0.117239,0.975593,0.975593,0,0,0.242877,0.117225,1.292582,1.292582,0,0,0.291177
3534,3-Jun-04,24:00:00,228.812013,0.12206,0.784863,0.784863,0,0,0.214423,0.122057,0.918779,0.918779,0,0,0.225972,0.122045,1.217308,1.217308,0,0,0.274274
3535,4-Jun-04,24:00:00,240.805663,0.12515,0.739156,0.739156,0,0,0.196882,0.125146,0.865273,0.865273,0,0,0.208432,0.125131,1.146418,1.146418,0,0,0.256735
3536,5-Jun-04,24:00:00,246.788876,0.115083,0.696111,0.696111,0,0,0.179438,0.115079,0.814884,0.814884,0,0,0.190988,0.115066,1.079655,1.079655,0,0,0.239293
3537,6-Jun-04,24:00:00,247.458186,0.105569,0.655573,0.655573,0,0,0.163546,0.105566,0.767429,0.767429,0,0,0.175097,0.105556,1.016781,1.016781,0,0,0.223404
3538,7-Jun-04,24:00:00,246.704793,0.099308,0.617395,0.617395,0,0,0.148951,0.099305,0.722737,0.722737,0,0,0.160503,0.099291,0.957568,0.957568,0,0,0.208812
3539,8-Jun-04,24:00:00,244.331392,0.080195,0.581441,0.581441,0,0,0.136243,0.080192,0.680648,0.680648,0,0,0.147795,0.080181,0.901804,0.901804,0,0,0.196105
3540,9-Jun-04,24:00:00,243.081845,0.098733,0.54758,0.54758,0,0,0.126797,0.098728,0.64101,0.64101,0,0,0.139553,0.098721,0.849287,0.849287,0,0,0.189737
3541,10-Jun-04,24:00:00,243.565695,0.102257,0.515692,0.515692,0,0,0.113509,0.102257,0.603681,0.603681,0,0,0.127137,0.102247,0.799828,0.799828,0,0,0.1792
3542,11-Jun-04,24:00:00,243.824371,0.111349,0.48566,0.48566,0,0,0.098452,0.111346,0.568525,0.568525,0,0,0.112081,0.111335,0.75325,0.75325,0,0,0.164145
3543,12-Jun-04,24:00:00,243.723751,0.115593,0.457377,0.457377,0,0,0.082222,0.11559,0.535417,0.535417,0,0,0.095851,0.115579,0.709384,0.709384,0,0,0.147917
3544,13-Jun-04,24:00:00,241.757412,0.113658,0.430742,0.430742,0,0,0.065585,0.113655,0.504236,0.504236,0,0,0.079214,0.113643,0.668073,0.668073,0,0,0.131282
3545,14-Jun-04,24:00:00,241.168914,0.121666,0.405657,0.405657,0,0,0.048945,0.121663,0.474872,0.474872,0,0,0.062576,0.121654,0.629167,0.629167,0,0,0.114644
3546,15-Jun-04,24:00:00,242.05594,0.124258,0.382034,0.382034,0,0,0.031262,0.12425,0.447218,0.447218,0,0,0.044893,0.124235,0.592527,0.592527,0,0,0.096964
3547,16-Jun-04,24:00:00,242.349926,0.129742,0.359786,0.359786,0,0,0.013317,0.12974,0.421174,0.421174,0,0,0.026949,0.129726,0.558021,0.558021,0,0,0.079021
3548,17-Jun-04,24:00:00,242.276975,0.085188,0.338834,0.338834,0,0,0.001363,0.085195,0.396646,0.396646,0,0,0.011536,0.085183,0.525525,0.525525,0,0,0.063611
3549,18-Jun-04,24:00:00,242.824648,0.089454,0.319101,0.319101,0,0,0,0.089452,0.373547,0.373547,0,0,0.002129,0.08945,0.49492,0.49492,0,0,0.05121
3550,19-Jun-04,24:00:00,243.748595,0.111197,0.300518,0.300518,0,0,0,0.111195,0.351794,0.351794,0,0,0,0.111197,0.466098,0.466098,0,0,0.03709
3551,20-Jun-04,24:00:00,244.682595,0.120727,0.283018,0.283018,0,0,0,0.120725,0.331307,0.331307,0,0,0,0.120715,0.438955,0.438955,0,0,0.020295
3552,21-Jun-04,24:00:00,244.998479,0.124416,0.266536,0.266536,0,0,0,0.124412,0.312013,0.312013,0,0,0,0.1244,0.413392,0.413392,0,0,0.004965
3553,22-Jun-04,24:00:00,244.945995,0.116606,0.251014,0.251014,0,0,0,0.116603,0.293843,0.293843,0,0,0,0.116593,0.389318,0.389318,0,0,0
3554,23-Jun-04,24:00:00,245.512943,0.109578,0.236396,0.236396,0,0,0,0.109575,0.276731,0.276731,0,0,0,0.109561,0.366646,0.366646,0,0,0
3555,24-Jun-04,24:00:00,245.211046,0.114473,0.222629,0.222629,0,0,0,0.11447,0.260615,0.260615,0,0,0,0.114458,0.345294,0.345294,0,0,0
3556,25-Jun-04,24:00:00,248.528161,0.125057,0.209664,0.209664,0,0,0,0.125054,0.245438,0.245438,0,0,0,0.125043,0.325186,0.325186,0,0,0
3557,26-Jun-04,24:00:00,257.550105,0.120213,0.197455,0.197455,0,0,0,0.12021,0.231145,0.231145,0,0,0,0.120196,0.306248,0.306248,0,0,0
3558,27-Jun-04,24:00:00,261.634414,0.119088,0.185956,0.185956,0,0,0,0.119085,0.217684,0.217684,0,0,0,0.119073,0.288414,0.288414,0,0,0
3559,28-Jun-04,24:00:00,261.659567,0.119579,0.175126,0.175126,0,0,0,0.119577,0.205007,0.205007,0,0,0,0.119564,0.271618,0.271618,0,0,0
3560,29-Jun-04,24:00:00,262.243586,0.097922,0.164928,0.164928,0,0,0,0.097919,0.193068,0.193068,0,0,0,0.097913,0.2558,0.2558,0,0,0
3561,30-Jun-04,24:00:00,262.579376,0.090224,0.155323,0.155323,0,0,0,0.090235,0.181825,0.181825,0,0,0,0.090227,0.240904,0.240904,0,0,0
3562,1-Jul-04,24:00:00,262.55126,0.114482,0.146278,0.146278,0,0,0,0.114479,0.171236,0.171236,0,0,0,0.114469,0.226874,0.226874,0,0,0
3563,2-Jul-04,24:00:00,261.897198,0.123732,0.137759,0.137759,0,0,0,0.123729,0.161264,0.161264,0,0,0,0.123716,0.213662,0.213662,0,0,0
3564,3-Jul-04,24:00:00,261.494977,0.12257,0.129737,0.129737,0,0,0,0.122568,0.151873,0.151873,0,0,0,0.122556,0.20122,0.20122,0,0,0
3565,4-Jul-04,24:00:00,261.460527,0.122881,0.122182,0.122182,0,0,0,0.122878,0.143029,0.143029,0,0,0,0.122867,0.189501,0.189501,0,0,0
3566,5-Jul-04,24:00:00,262.055668,0.124782,0.115066,0.115066,0,0,0,0.124778,0.134699,0.134699,0,0,0,0.124762,0.178466,0.178466,0,0,0
3567,6-Jul-04,24:00:00,257.426412,0.128028,0.108365,0.108365,0,0,0,0.128023,0.126855,0.126855,0,0,0,0.128006,0.168073,0.168073,0,0,0
3568,7-Jul-04,24:00:00,248.834732,0.107135,0.102055,0.102055,0,0,0,0.107134,0.119468,0.119468,0,0,0,0.107123,0.158285,0.158285,0,0,0
3569,8-Jul-04,24:00:00,244.794711,0.084446,0.096111,0.096111,0,0,0,0.084444,0.11251,0.11251,0,0,0,0.084446,0.149067,0.149067,0,0,0
3570,9-Jul-04,24:00:00,244.34753,0.080488,0.090514,0.090514,0,0,0,0.080486,0.105958,0.105958,0,0,0,0.080487,0.140386,0.140386,0,0,0
3571,10-Jul-04,24:00:00,245.56531,0.112466,0.085243,0.085243,0,0,0,0.112463,0.099788,0.099788,0,0,0,0.11245,0.132211,0.132211,0,0,0
3572,11-Jul-04,24:00:00,245.66853,0.116245,0.080279,0.080279,0,0,0,0.116241,0.093976,0.093976,0,0,0,0.116228,0.124511,0.124511,0,0,0
3573,12-Jul-04,24:00:00,246.53487,0.119003,0.075604,0.075604,0,0,0,0.119,0.088504,0.088504,0,0,0,0.118988,0.11726,0.11726,0,0,0
3574,13-Jul-04,24:00:00,247.256356,0.115525,0.071201,0.071201,0,0,0,0.115522,0.08335,0.08335,0,0,0,0.11551,0.110432,0.110432,0,0,0
3575,14-Jul-04,24:00:00,246.630638,0.113766,0.067055,0.067055,0,0,0,0.113762,0.078496,0.078496,0,0,0,0.113749,0.104001,0.104001,0,0,0
3576,15-Jul-04,24:00:00,246.866016,0.118544,0.06315,0.06315,0,0,0,0.11854,0.073924,0.073924,0,0,0,0.118523,0.097944,0.097944,0,0,0
3577,16-Jul-04,24:00:00,250.950158,0.110068,0.059472,0.059472,0,0,0,0.110065,0.069619,0.069619,0,0,0,0.110054,0.09224,0.09224,0,0,0
3578,17-Jul-04,24:00:00,260.016932,0.111065,0.056009,0.056009,0,0,0,0.111062,0.065565,0.065565,0,0,0,0.111049,0.086869,0.086869,0,0,0
3579,18-Jul-04,24:00:00,268.486357,0.118248,0.052747,0.052747,0,0,0,0.118243,0.061747,0.061747,0,0,0,0.118225,0.08181,0.08181,0,0,0
3580,19-Jul-04,24:00:00,272.388643,0.118456,0.049675,0.049675,0,0,0,0.11845,0.058151,0.058151,0,0,0,0.118432,0.077045,0.077045,0,0,0
3581,20-Jul-04,24:00:00,273.785988,0.113847,0.046782,0.046782,0,0,0,0.113842,0.054765,0.054765,0,0,0,0.113827,0.072559,0.072559,0,0,0
3582,21-Jul-04,24:00:00,274.159947,0.125018,0.044058,0.044058,0,0,0,0.125013,0.051575,0.051575,0,0,0,0.124999,0.068333,0.068333,0,0,0
3583,22-Jul-04,24:00:00,273.534338,0.128025,0.041492,0.041492,0,0,0,0.128018,0.048572,0.048572,0,0,0,0.127997,0.064354,0.064354,0,0,0
3584,23-Jul-04,24:00:00,272.53129,0.117372,0.039076,0.039076,0,0,0,0.117365,0.045743,0.045743,0,0,0,0.117348,0.060606,0.060606,0,0,0
3585,24-Jul-04,24:00:00,272.144753,0.113325,0.0368,0.0368,0,0,0,0.113319,0.043079,0.043079,0,0,0,0.113301,0.057077,0.057077,0,0,0
3586,25-Jul-04,24:00:00,272.130661,0.122783,0.034657,0.034657,0,0,0,0.122777,0.040571,0.040571,0,0,0,0.122761,0.053753,0.053753,0,0,0
3587,26-Jul-04,24:00:00,271.501014,0.125706,0.032639,0.032639,0,0,0,0.125704,0.038208,0.038208,0,0,0,0.125699,0.050622,0.050622,0,0,0
3588,27-Jul-04,24:00:00,271.121864,0.121803,0.030738,0.030738,0,0,0,0.121803,0.035983,0.035983,0,0,0,0.121805,0.047674,0.047674,0,0,0
3589,28-Jul-04,24:00:00,254.937189,0.108528,0.028948,0.028948,0,0,0,0.108528,0.033887,0.033887,0,0,0,0.108529,0.044898,0.044898,0,0,0
3590,29-Jul-04,24:00:00,220.379236,0.09495,0.027262,0.027262,0,0,0,0.09495,0.031914,0.031914,0,0,0,0.094961,0.042283,0.042283,0,0,0
3591,30-Jul-04,24:00:00,204.716495,0.108464,0.025675,0.025675,0,0,0,0.10847,0.030055,0.030055,0,0,0,0.10847,0.039821,0.039821,0,0,0
3592,31-Jul-04,24:00:00,204.72082,0.106449,0.02418,0.02418,0,0,0,0.10645,0.028305,0.028305,0,0,0,0.10645,0.037502,0.037502,0,0,0
3593,1-Aug-04,24:00:00,205.079858,0.100381,0.022771,0.022771,0,0,0,0.100381,0.026657,0.026657,0,0,0,0.100382,0.035318,0.035318,0,0,0
3594,2-Aug-04,24:00:00,200.060197,0.086386,0.021445,0.021445,0,0,0,0.0864,0.025104,0.025104,0,0,0,0.0864,0.033261,0.033261,0,0,0
3595,3-Aug-04,24:00:00,192.362611,0.105882,0.020196,0.020196,0,0,0,0.105883,0.023642,0.023642,0,0,0,0.105883,0.031324,0.031324,0,0,0
3596,4-Aug-04,24:00:00,187.556474,0.111549,0.01902,0.01902,0,0,0,0.111549,0.022266,0.022266,0,0,0,0.111549,0.0295,0.0295,0,0,0
3597,5-Aug-04,24:00:00,187.093884,0.103509,0.017913,0.017913,0,0,0,0.103509,0.020969,0.020969,0,0,0,0.10351,0.027782,0.027782,0,0,0
3598,6-Aug-04,24:00:00,187.065243,0.103037,0.01687,0.01687,0,0,0,0.103037,0.019748,0.019748,0,0,0,0.103038,0.026164,0.026164,0,0,0
3599,7-Aug-04,24:00:00,187.060393,0.103964,0.015887,0.015887,0,0,0,0.103964,0.018598,0.018598,0,0,0,0.103965,0.024641,0.024641,0,0,0
3600,8-Aug-04,24:00:00,187.056832,0.115544,0.014962,0.014962,0,0,0,0.115544,0.017515,0.017515,0,0,0,0.115546,0.023206,0.023206,0,0,0
3601,9-Aug-04,24:00:00,187.503114,0.113039,0.014091,0.014091,0,0,0,0.113039,0.016495,0.016495,0,0,0,0.113039,0.021854,0.021854,0,0,0
3602,10-Aug-04,24:00:00,188.448199,0.107813,0.01327,0.01327,0,0,0,0.107813,0.015534,0.015534,0,0,0,0.107813,0.020582,0.020582,0,0,0
3603,11-Aug-04,24:00:00,193.93842,0.112444,0.012497,0.012497,0,0,0,0.112444,0.01463,0.01463,0,0,0,0.112444,0.019383,0.019383,0,0,0
3604,12-Aug-04,24:00:00,204.426948,0.115801,0.011769,0.011769,0,0,0,0.115801,0.013778,0.013778,0,0,0,0.115801,0.018254,0.018254,0,0,0
3605,13-Aug-04,24:00:00,207.988165,0.110908,0.011084,0.011084,0,0,0,0.110908,0.012975,0.012975,0,0,0,0.110908,0.017191,0.017191,0,0,0
3606,14-Aug-04,24:00:00,212.392963,0.090145,0.010439,0.010439,0,0,0,0.090148,0.01222,0.01222,0,0,0,0.090148,0.01619,0.01619,0,0,0
3607,15-Aug-04,24:00:00,217.482929,0.109724,0.009831,0.009831,0,0,0,0.109724,0.011508,0.011508,0,0,0,0.109724,0.015247,0.015247,0,0,0
3608,16-Aug-04,24:00:00,219.632534,0.107208,0.009258,0.009258,0,0,0,0.107208,0.010838,0.010838,0,0,0,0.107208,0.014359,0.014359,0,0,0
3609,17-Aug-04,24:00:00,219.404678,0.110401,0.008719,0.008719,0,0,0,0.110401,0.010207,0.010207,0,0,0,0.110401,0.013523,0.013523,0,0,0
3610,18-Aug-04,24:00:00,219.658919,0.112078,0.008211,0.008211,0,0,0,0.112078,0.009612,0.009612,0,0,0,0.112078,0.012736,0.012736,0,0,0
3611,19-Aug-04,24:00:00,229.975143,0.105088,0.007733,0.007733,0,0,0,0.105088,0.009053,0.009053,0,0,0,0.105088,0.011994,0.011994,0,0,0
3612,20-Aug-04,24:00:00,244.017126,0.101125,0.007283,0.007283,0,0,0,0.101116,0.008525,0.008525,0,0,0,0.101099,0.011295,0.011295,0,0,0
3613,21-Aug-04,24:00:00,247.702975,0.096454,0.006859,0.006859,0,0,0,0.096445,0.008029,0.008029,0,0,0,0.09644,0.010638,0.010638,0,0,0
3614,22-Aug-04,24:00:00,247.035829,0.063396,0.006459,0.006459,0,0,0,0.063384,0.007561,0.007561,0,0,0,0.063366,0.010018,0.010018,0,0,0
3615,23-Aug-04,24:00:00,247.645005,0.096392,0.006083,0.006083,0,0,0,0.096384,0.007121,0.007121,0,0,0,0.096367,0.009435,0.009435,0,0,0
3616,24-Aug-04,24:00:00,247.393577,0.097083,0.005729,0.005729,0,0,0,0.097071,0.006706,0.006706,0,0,0,0.097048,0.008885,0.008885,0,0,0
3617,25-Aug-04,24:00:00,245.160313,0.083997,0.005395,0.005395,0,0,0,0.083984,0.006316,0.006316,0,0,0,0.083958,0.008368,0.008368,0,0,0
3618,26-Aug-04,24:00:00,243.415241,0.094908,0.005081,0.005081,0,0,0,0.094893,0.005948,0.005948,0,0,0,0.094864,0.007881,0.007881,0,0,0
3619,27-Aug-04,24:00:00,241.780179,0.094301,0.004785,0.004785,0,0,0,0.094288,0.005602,0.005602,0,0,0,0.094263,0.007422,0.007422,0,0,0
3620,28-Aug-04,24:00:00,247.249041,0.10123,0.004506,0.004506,0,0,0,0.101214,0.005275,0.005275,0,0,0,0.101182,0.006989,0.006989,0,0,0
3621,29-Aug-04,24:00:00,258.419897,0.102634,0.004244,0.004244,0,0,0,0.102619,0.004968,0.004968,0,0,0,0.102589,0.006582,0.006582,0,0,0
3622,30-Aug-04,24:00:00,262.320455,0.103097,0.003997,0.003997,0,0,0,0.103078,0.004679,0.004679,0,0,0,0.103042,0.006199,0.006199,0,0,0
3623,31-Aug-04,24:00:00,261.397701,0.098776,0.003764,0.003764,0,0,0,0.098762,0.004406,0.004406,0,0,0,0.098734,0.005838,0.005838,0,0,0
3624,1-Sep-04,24:00:00,260.397417,0.096968,0.003545,0.003545,0,0,0,0.096951,0.00415,0.00415,0,0,0,0.096918,0.005498,0.005498,0,0,0
3625,2-Sep-04,24:00:00,260.640638,0.098022,0.003338,0.003338,0,0,0,0.098004,0.003908,0.003908,0,0,0,0.097972,0.005178,0.005178,0,0,0
3626,3-Sep-04,24:00:00,260.383877,0.101352,0.003144,0.003144,0,0,0,0.101337,0.00368,0.00368,0,0,0,0.101309,0.004876,0.004876,0,0,0
3627,4-Sep-04,24:00:00,253.175153,0.096167,0.002961,0.002961,0,0,0,0.096149,0.003466,0.003466,0,0,0,0.096116,0.004592,0.004592,0,0,0
3628,5-Sep-04,24:00:00,242.856745,0.098415,0.002789,0.002789,0,0,0,0.098395,0.003264,0.003264,0,0,0,0.098358,0.004325,0.004325,0,0,0
3629,6-Sep-04,24:00:00,238.44852,0.097664,0.002626,0.002626,0,0,0,0.097645,0.003074,0.003074,0,0,0,0.097611,0.004073,0.004073,0,0,0
3630,7-Sep-04,24:00:00,238.015757,0.098561,0.002473,0.002473,0,0,0,0.098543,0.002895,0.002895,0,0,0,0.09851,0.003836,0.003836,0,0,0
3631,8-Sep-04,24:00:00,230.544843,0.09618,0.002329,0.002329,0,0,0,0.096176,0.002727,0.002727,0,0,0,0.096166,0.003612,0.003612,0,0,0
3632,9-Sep-04,24:00:00,220.482476,0.095126,0.002194,0.002194,0,0,0,0.095126,0.002568,0.002568,0,0,0,0.095126,0.003402,0.003402,0,0,0
3633,10-Sep-04,24:00:00,216.440433,0.095139,0.002066,0.002066,0,0,0,0.095139,0.002418,0.002418,0,0,0,0.095139,0.003204,0.003204,0,0,0
3634,11-Sep-04,24:00:00,215.391729,0.094129,0.001945,0.001945,0,0,0,0.094129,0.002277,0.002277,0,0,0,0.094129,0.003017,0.003017,0,0,0
3635,12-Sep-04,24:00:00,214.390967,0.089092,0.001832,0.001832,0,0,0,0.089092,0.002145,0.002145,0,0,0,0.089092,0.002842,0.002842,0,0,0
3636,13-Sep-04,24:00:00,214.012561,0.085577,0.001725,0.001725,0,0,0,0.085577,0.00202,0.00202,0,0,0,0.085577,0.002676,0.002676,0,0,0
3637,14-Sep-04,24:00:00,214.006166,0.083023,0.001625,0.001625,0,0,0,0.083023,0.001902,0.001902,0,0,0,0.083023,0.00252,0.00252,0,0,0
3638,15-Sep-04,24:00:00,191.021009,0.096965,0.00153,0.00153,0,0,0,0.096965,0.001791,0.001791,0,0,0,0.096965,0.002374,0.002374,0,0,0
3639,16-Sep-04,24:00:00,206.133505,0.093185,0.001441,0.001441,0,0,0,0.093185,0.001687,0.001687,0,0,0,0.093185,0.002235,0.002235,0,0,0
3640,17-Sep-04,24:00:00,234.794545,0.083893,0.001357,0.001357,0,0,0,0.083894,0.001589,0.001589,0,0,0,0.083894,0.002105,0.002105,0,0,0
3641,18-Sep-04,24:00:00,238.738788,0.072309,0.001278,0.001278,0,0,0,0.072309,0.001496,0.001496,0,0,0,0.072309,0.001983,0.001983,0,0,0
3642,19-Sep-04,24:00:00,244.700449,0.053265,0.001204,0.001204,0,0,0,0.053253,0.001409,0.001409,0,0,0,0.053231,0.001867,0.001867,0,0,0
3643,20-Sep-04,24:00:00,246.967926,0.066193,0.001134,0.001134,0,0,0,0.066191,0.001327,0.001327,0,0,0,0.066188,0.001758,0.001758,0,0,0
3644,21-Sep-04,24:00:00,247.003772,0.054457,0.001068,0.001068,0,0,0,0.054457,0.00125,0.00125,0,0,0,0.054457,0.001656,0.001656,0,0,0
3645,22-Sep-04,24:00:00,242.027802,0.0773,0.001006,0.001006,0,0,0,0.0773,0.001177,0.001177,0,0,0,0.0773,0.00156,0.00156,0,0,0
3646,23-Sep-04,24:00:00,237.807701,0.069506,0.000947,0.000947,0,0,0,0.069506,0.001109,0.001109,0,0,0,0.069505,0.001469,0.001469,0,0,0
3647,24-Sep-04,24:00:00,236.393729,0.075332,0.000892,0.000892,0,0,0,0.075332,0.001044,0.001044,0,0,0,0.075331,0.001383,0.001383,0,0,0
3648,25-Sep-04,24:00:00,236.009267,0.068063,0.00084,0.00084,0,0,0,0.068048,0.000983,0.000983,0,0,0,0.068023,0.001303,0.001303,0,0,0
3649,26-Sep-04,24:00:00,236.003023,0.076198,0.000791,0.000791,0,0,0,0.076193,0.000926,0.000926,0,0,0,0.076183,0.001227,0.001227,0,0,0
3650,27-Sep-04,24:00:00,231.64882,0.071318,0.000745,0.000745,0,0,0,0.071317,0.000872,0.000872,0,0,0,0.071313,0.001155,0.001155,0,0,0
3651,28-Sep-04,24:00:00,222.202776,0.050195,0.000702,0.000702,0,0,0,0.050195,0.000821,0.000821,0,0,0,0.050193,0.001088,0.001088,0,0,0
3652,29-Sep-04,24:00:00,218.690957,0.050065,0.000661,0.000661,0,0,0,0.050065,0.000773,0.000773,0,0,0,0.050063,0.001025,0.001025,0,0,0
3653,30-Sep-04,24:00:00,218.374792,0.054584,0.000622,0.000622,0,0,0,0.054583,0.000728,0.000728,0,0,0,0.05458,0.000965,0.000965,0,0,0
3654,1-Oct-04,24:00:00,218.008185,0.046632,0.000586,0.000586,0,0,0,0.04663,0.000686,0.000686,0,0,0,0.046626,0.000909,0.000909,0,0,0
3655,2-Oct-04,24:00:00,218.002121,0.064706,0.000552,0.000552,0,0,0,0.064706,0.000646,0.000646,0,0,0,0.064705,0.000856,0.000856,0,0,0
3656,3-Oct-04,24:00:00,218.001959,0.069656,0.00052,0.00052,0,0,0,0.069648,0.000608,0.000608,0,0,0,0.069648,0.000806,0.000806,0,0,0
3657,4-Oct-04,24:00:00,208.671871,0.066239,0.000489,0.000489,0,0,0,0.066218,0.000573,0.000573,0,0,0,0.066209,0.000759,0.000759,0,0,0
3658,5-Oct-04,24:00:00,196.20203,0.076785,0.000461,0.000461,0,0,0,0.076758,0.00054,0.00054,0,0,0,0.076726,0.000715,0.000715,0,0,0
3659,6-Oct-04,24:00:00,186.516086,0.070004,0.000434,0.000434,0,0,0,0.069977,0.000508,0.000508,0,0,0,0.069934,0.000673,0.000673,0,0,0
3660,7-Oct-04,24:00:00,180.151731,0.063382,0.000409,0.000409,0,0,0,0.063359,0.000479,0.000479,0,0,0,0.063321,0.000634,0.000634,0,0,0
3661,8-Oct-04,24:00:00,183.575844,0.058041,0.000385,0.000385,0,0,0,0.058013,0.000451,0.000451,0,0,0,0.057965,0.000597,0.000597,0,0,0
3662,9-Oct-04,24:00:00,190.740637,0.057273,0.000363,0.000363,0,0,0,0.057254,0.000424,0.000424,0,0,0,0.057222,0.000562,0.000562,0,0,0
3663,10-Oct-04,24:00:00,191.461644,0.059552,0.000341,0.000341,0,0,0,0.059529,0.0004,0.0004,0,0,0,0.05949,0.00053,0.00053,0,0,0
3664,11-Oct-04,24:00:00,190.598912,0.07449,0.000322,0.000322,0,0,0,0.074456,0.000376,0.000376,0,0,0,0.074401,0.000499,0.000499,0,0,0
3665,12-Oct-04,24:00:00,200.363445,0.052671,0.000303,0.000303,0,0,0,0.052641,0.000355,0.000355,0,0,0,0.052592,0.00047,0.00047,0,0,0
3666,13-Oct-04,24:00:00,214.781885,0.057931,0.000285,0.000285,0,0,0,0.057904,0.000334,0.000334,0,0,0,0.05786,0.000442,0.000442,0,0,0
3667,14-Oct-04,24:00:00,217.951564,0.054054,0.000269,0.000269,0,0,0,0.054025,0.000314,0.000314,0,0,0,0.053977,0.000417,0.000417,0,0,0
3668,15-Oct-04,24:00:00,227.952584,0.057772,0.000253,0.000253,0,0,0,0.057766,0.000296,0.000296,0,0,0,0.057757,0.000392,0.000392,0,0,0
3669,16-Oct-04,24:00:00,241.368618,0.019639,0.000238,0.000238,0,0,0,0.019629,0.000279,0.000279,0,0,0,0.019613,0.000369,0.000369,0,0,0
3670,17-Oct-04,24:00:00,253.181061,0.019032,0.743262,0.000224,0.272904,0,0.016128,0.019019,10.902815,0.000263,0.245556,0,0.013895,0.018996,10.112072,0.000348,0.252704,0,0.014142
3671,18-Oct-04,24:00:00,267.739105,0.026197,0.802794,0.000211,0.108593,0,0.039891,0.026176,9.973967,0.000247,0.110594,0,0.035988,0.026141,1.916301,0.000328,0.135427,0,0.037306
3672,19-Oct-04,24:00:00,417.624514,0.017898,8.717807,0.000199,1.826196,0,0.249916,0.017884,131.567233,0.000233,1.795824,0,0.238997,0.017861,85.925787,0.000309,1.850823,0,0.245882
3673,20-Oct-04,24:00:00,328.50145,0.02126,3.681874,0.000187,0.243699,0,0.347359,0.021246,49.694603,0.000219,0.231475,0,0.337561,0.021223,16.671506,0.000291,0.236692,0,0.350541
3674,21-Oct-04,24:00:00,224.704718,0.039054,0.324386,0.000176,0,0,0.350199,0.039053,3.062431,0.000207,0,0,0.340493,0.03905,0.000274,0.000274,0,0,0.353664
3675,22-Oct-04,24:00:00,215.201431,0.031769,0.007683,0.000166,0,0,0.350199,0.031758,0.015521,0.000195,0,0,0.340493,0.031739,0.000258,0.000258,0,0,0.353664
3676,23-Oct-04,24:00:00,225.983296,0.02072,0.288342,0.000157,0.074604,0,0.356392,0.020701,8.649499,0.000183,0.135456,0,0.352149,0.02067,8.621063,0.000243,0.189735,0,0.370412
3677,24-Oct-04,24:00:00,221.704384,0.035888,0.138308,0.000147,0,0,0.360857,0.035884,2.91347,0.000173,0,0,0.359844,0.035878,0.164299,0.000229,0,0,0.380769
3678,25-Oct-04,24:00:00,212.824536,0.034599,0.088385,0.000139,0.861499,0,0.369225,0.034587,1.821839,0.000163,0.877432,0,0.36869,0.034567,3.210225,0.000215,0.942956,0,0.391119
3679,26-Oct-04,24:00:00,347.581003,0.030694,5.69175,0.000131,0.236328,0,0.515452,0.030679,87.177988,0.000153,0.228814,0,0.515835,0.030654,50.267231,0.000203,0.212036,0,0.544225
3680,27-Oct-04,24:00:00,229.057518,0.028971,0.608354,0.000123,0,0,0.517689,0.028952,6.340109,0.000144,0,0,0.517879,0.028922,0.000191,0.000191,0,0,0.545768
3681,28-Oct-04,24:00:00,212.010572,0.030946,0.013786,0.000116,0,0,0.517689,0.030941,0.008764,0.000136,0,0,0.517879,0.030931,0.00018,0.00018,0,0,0.545768
3682,29-Oct-04,24:00:00,213.239968,0.035741,0.000109,0.000109,0,0,0.515911,0.035738,0.000128,0.000128,0,0,0.516104,0.035733,0.000169,0.000169,0,0,0.543998
3683,30-Oct-04,24:00:00,213.366322,0.029821,0.000103,0.000103,0,0,0.511857,0.029804,0.00012,0.00012,0,0,0.512053,0.029775,0.00016,0.00016,0,0,0.539953
3684,31-Oct-04,24:00:00,213.628296,0.033897,0.000097,0.000097,0,0,0.507196,0.033882,0.000113,0.000113,0,0,0.507395,0.033858,0.00015,0.00015,0,0,0.535299
3685,1-Nov-04,24:00:00,212.750372,0.032935,0.000091,0.000091,0,0,0.502413,0.032911,0.000107,0.000107,0,0,0.502614,0.032874,0.000141,0.000141,0,0,0.530523
3686,2-Nov-04,24:00:00,212.012314,0.039789,0.000086,0.000086,0,0,0.497441,0.039754,0.000101,0.000101,0,0,0.497647,0.039697,0.000133,0.000133,0,0,0.525561
3687,3-Nov-04,24:00:00,211.37839,0.024941,0.000081,0.000081,0,0,0.49285,0.024911,0.000095,0.000095,0,0,0.492869,0.024864,0.000125,0.000125,0,0,0.520792
3688,4-Nov-04,24:00:00,210.384305,0.021548,0.000076,0.000076,0,0,0.491496,0.021529,0.000089,0.000089,0,0,0.489575,0.0215,0.000118,0.000118,0,0,0.517503
3689,5-Nov-04,24:00:00,211.250325,0.031812,0.000072,0.000072,0,0,0.488786,0.031791,0.000084,0.000084,0,0,0.485668,0.031758,0.000111,0.000111,0,0,0.5136
3690,6-Nov-04,24:00:00,211.988265,0.031972,0.000068,0.000068,0,0,0.484287,0.031947,0.000079,0.000079,0,0,0.481172,0.031908,0.000105,0.000105,0,0,0.50911
3691,7-Nov-04,24:00:00,211.378158,0.023225,0.000064,0.000064,0,0,0.480458,0.023197,0.000074,0.000074,0,0,0.477347,0.023169,0.000099,0.000099,0,0,0.50529
3692,8-Nov-04,24:00:00,210.384243,0.011674,0.00006,0.00006,0,0,0.477937,0.01166,0.00007,0.00007,0,0,0.474829,0.011637,0.000093,0.000093,0,0,0.502775
3693,9-Nov-04,24:00:00,209.38703,0.022504,0.000602,0.000056,0.056627,0,0.475621,0.022486,0.013374,0.000066,0.068517,0,0.47255,0.022456,0.056885,0.000088,0.087469,0,0.500675
3694,10-Nov-04,24:00:00,231.029612,0.013054,0.916971,0.000053,0.498033,0,0.501516,0.013042,16.207266,0.000062,0.379218,0,0.499542,0.013023,12.905759,0.000082,0.264138,0,0.531366
3695,11-Nov-04,24:00:00,248.643185,0.014055,4.019615,0.00005,0.486022,0,0.597103,0.014041,27.545794,0.000059,0.102094,0,0.544169,0.014021,4.456798,0.000078,0.024611,0,0.552248
3696,12-Nov-04,24:00:00,218.064491,0.024766,1.069731,0.000047,0,0,0.622544,0.024736,3.490665,0.000055,0,0,0.549317,0.02469,0.000073,0.000073,0,0,0.552468
3697,13-Nov-04,24:00:00,211.938879,0.031559,0.05415,0.000044,0,0,0.622544,0.031531,0.083432,0.000052,0,0,0.549317,0.031487,0.000069,0.000069,0,0,0.552468
3698,14-Nov-04,24:00:00,210.752175,0.02683,0.000042,0.000042,0,0,0.622544,0.02681,0.000049,0.000049,0,0,0.549317,0.026779,0.000065,0.000065,0,0,0.552468
3699,15-Nov-04,24:00:00,209.390148,0.02483,0.000039,0.000039,0,0,0.622006,0.024804,0.000046,0.000046,0,0,0.548696,0.024763,0.000061,0.000061,0,0,0.550911
3700,16-Nov-04,24:00:00,207.762243,0.019525,0.000037,0.000037,0,0,0.619931,0.019504,0.000043,0.000043,0,0,0.546532,0.019458,0.000058,0.000058,0,0,0.547989
3701,17-Nov-04,24:00:00,207.634204,0.025375,0.000035,0.000035,0,0,0.616695,0.025353,0.000041,0.000041,0,0,0.543299,0.02532,0.000054,0.000054,0,0,0.544761
3702,18-Nov-04,24:00:00,207.994192,0.033464,0.000033,0.000033,0,0,0.612611,0.033427,0.000039,0.000039,0,0,0.539219,0.033376,0.000051,0.000051,0,0,0.540687
3703,19-Nov-04,24:00:00,208.622074,0.020161,0.000031,0.000031,0,0,0.608669,0.020131,0.000036,0.000036,0,0,0.535282,0.020089,0.000048,0.000048,0,0,0.536757
3704,20-Nov-04,24:00:00,207.750097,0.028635,0.000029,0.000029,0,0,0.605369,0.028584,0.000034,0.000034,0,0,0.531988,0.028506,0.000045,0.000045,0,0,0.53347
3705,21-Nov-04,24:00:00,207.012094,0.025256,0.000027,0.000027,0,0,0.60125,0.025211,0.000032,0.000032,0,0,0.527876,0.025141,0.000043,0.000043,0,0,0.52937
3706,22-Nov-04,24:00:00,207.000181,0.022705,0.000026,0.000026,0,0,0.59788,0.022671,0.00003,0.00003,0,0,0.524511,0.022619,0.00004,0.00004,0,0,0.526014
3707,23-Nov-04,24:00:00,203.268103,0.024333,0.000024,0.000024,0,0,0.594533,0.024303,0.000029,0.000029,0,0,0.521169,0.024255,0.000038,0.000038,0,0,0.522679
3708,24-Nov-04,24:00:00,190.494517,0.023327,0.000023,0.000023,0,0,0.591096,0.023295,0.000027,0.000027,0,0,0.517737,0.023245,0.000036,0.000036,0,0,0.519253
3709,25-Nov-04,24:00:00,166.584083,0.00898,0.000022,0.000022,0,0,0.588839,0.008966,0.000025,0.000025,0,0,0.515483,0.008946,0.000034,0.000034,0,0,0.517005
3710,26-Nov-04,24:00:00,151.513394,0.01463,0.00002,0.00002,0,0,0.58711,0.014608,0.000024,0.000024,0,0,0.513757,0.014574,0.000032,0.000032,0,0,0.515283
3711,27-Nov-04,24:00:00,163.433643,0.029369,1.438618,0.000019,0.295318,0,0.621818,0.029339,13.173976,0.000022,0.174324,0,0.533798,0.029295,2.090741,0.00003,0.045172,0,0.51966
3712,28-Nov-04,24:00:00,157.373324,0.020091,0.269739,0.000018,0,0,0.628298,0.020056,1.8078,0.000021,0,0,0.537662,0.020008,0.000835,0.000028,0,0,0.52074
3713,29-Nov-04,24:00:00,151.025737,0.019849,0.011594,0.000017,0,0,0.628298,0.019815,0.027631,0.00002,0,0,0.537662,0.019769,0.000026,0.000026,0,0,0.52074
3714,30-Nov-04,24:00:00,149.619665,0.009885,0.000016,0.000016,0,0,0.628298,0.009864,0.000019,0.000019,0,0,0.537662,0.009831,0.000025,0.000025,0,0,0.52074
3715,1-Dec-04,24:00:00,149.504864,0.016717,0.000015,0.000015,0,0,0.628298,0.016681,0.000018,0.000018,0,0,0.537662,0.016634,0.000023,0.000023,0,0,0.52074
3716,2-Dec-04,24:00:00,149.051997,0.019572,0.000014,0.000014,0,0,0.627245,0.019537,0.000017,0.000017,0,0,0.536623,0.019484,0.000022,0.000022,0,0,0.519722
3717,3-Dec-04,24:00:00,148.101,0.02002,0.000013,0.000013,0,0,0.624664,0.019985,0.000016,0.000016,0,0,0.534057,0.01993,0.000021,0.000021,0,0,0.517177
3718,4-Dec-04,24:00:00,148.455082,0.013442,0.000013,0.000013,0,0,0.622348,0.013423,0.000015,0.000015,0,0,0.531745,0.013394,0.00002,0.00002,0,0,0.514871
3719,5-Dec-04,24:00:00,149.84768,0.025327,0.000012,0.000012,0,0,0.619488,0.025282,0.000014,0.000014,0,0,0.528889,0.025214,0.000018,0.000018,0,0,0.512022
3720,6-Dec-04,24:00:00,159.476327,0.007067,1.009071,0.000011,1.50652,0,0.65462,0.007062,18.348252,0.000013,1.338801,0,0.561546,0.007055,22.091481,0.000017,1.222318,0,0.543646
3721,7-Dec-04,24:00:00,312.305699,0.014773,7.737212,0.032028,1.201294,0.026366,0.85602,0.014767,102.056931,0.000012,1.30918,0,0.742623,0.014758,47.050594,0.000016,1.329374,0,0.709422
3722,8-Dec-04,24:00:00,5970.10,0.011422,1935.38,300.5358,0.981504,0.981504,1,0.011409,1744.35,288.872247,1.52093,0.853302,0.994891,0.011391,2822.30,877.519816,1.711077,0.829134,0.991514
3723,9-Dec-04,24:00:00,2553.98,0.020673,823.053349,512.405436,0,0,1,0.020647,744.925804,513.651894,0,0,1,0.020608,219.404929,213.793011,0,0,1
3724,10-Dec-04,24:00:00,605.746534,0.010551,187.356967,173.913061,0,0,1,0.010531,149.241854,144.512398,0,0,1,0.0105,53.097553,53.097553,0,0,1
3725,11-Dec-04,24:00:00,330.022299,0.015273,63.536281,63.536281,0,0,1,0.015235,53.209905,53.209905,0,0,1,0.015193,49.699957,49.699957,0,0,1
3726,12-Dec-04,24:00:00,287.336234,0.014997,43.39775,43.39775,0,0,1,0.014968,40.212395,40.212395,0,0,1,0.014923,46.805406,46.805406,0,0,1
3727,13-Dec-04,24:00:00,275.832763,0.009005,38.794601,38.794601,0,0,1,0.008993,36.96807,36.96807,0,0,1,0.008974,44.07967,44.07967,0,0,1
3728,14-Dec-04,24:00:00,270.289748,0.018041,36.307286,36.307286,0,0,1,0.018017,34.743866,34.743866,0,0,1,0.017973,41.512669,41.512669,0,0,1
3729,15-Dec-04,24:00:00,265.909416,0.016655,34.16993,34.16993,0,0,0.99925,0.016627,32.715376,32.715376,0,0,0.999395,0.016583,39.095158,39.095158,0,0,0.999415
3730,16-Dec-04,24:00:00,259.125121,0.019524,32.177844,32.177844,0,0,0.996953,0.019487,30.809828,30.809828,0,0,0.997235,0.019432,36.818432,36.818432,0,0,0.997278
3731,17-Dec-04,24:00:00,252.369297,0.019507,30.303753,30.303753,0,0,0.994157,0.019469,29.015579,29.015579,0,0,0.994445,0.019409,34.674292,34.674292,0,0,0.994496
3732,18-Dec-04,24:00:00,246.771315,0.019481,28.538982,28.538982,0,0,0.991373,0.019444,27.325841,27.325841,0,0,0.991666,0.019386,32.655018,32.655018,0,0,0.991726
3733,19-Dec-04,24:00:00,241.541936,0.020996,26.876998,26.876998,0,0,0.988501,0.020957,25.734507,25.734507,0,0,0.988799,0.020898,30.753337,30.753337,0,0,0.988868
3734,20-Dec-04,24:00:00,236.618546,0.017889,25.311803,25.311803,0,0,0.985741,0.017863,24.235845,24.235845,0,0,0.986044,0.017822,28.962401,28.962401,0,0,0.986119
3735,21-Dec-04,24:00:00,231.981918,0.020184,23.837757,23.837757,0,0,0.983023,0.020145,22.824459,22.824459,0,0,0.98333,0.020085,27.275761,27.275761,0,0,0.983413
3736,22-Dec-04,24:00:00,228.677381,0.019755,22.449554,22.449554,0,0,0.980147,0.019715,21.495265,21.495265,0,0,0.98046,0.019655,25.687344,25.687344,0,0,0.980551
3737,23-Dec-04,24:00:00,226.515553,0.020565,21.142193,21.142193,0,0,0.977287,0.020527,20.243478,20.243478,0,0,0.977606,0.02047,24.191428,24.191428,0,0,0.977706
3738,24-Dec-04,24:00:00,224.110001,0.019429,19.910967,19.910967,0,0,0.974419,0.019389,19.064589,19.064589,0,0,0.974743,0.019329,22.782629,22.782629,0,0,0.974851
3739,25-Dec-04,24:00:00,236.686686,0.018959,18.751442,18.751442,0,0,0.972961,0.018925,17.954353,17.954353,0,0,0.973288,0.018873,128.482,114.666365,0.46342,0.276981,0.986102
3740,26-Dec-04,24:00:00,1509.24,0.005903,211.545683,102.28587,1.234755,1.04523,0.991537,0.005896,289.991748,163.565204,1.321231,1.134,0.992904,0.005886,1369.45,1305.89,1.43224,1.43224,1
3741,27-Dec-04,24:00:00,6411.48,0.007522,2234.40,923.281955,1.573168,1.573168,1,0.007519,1975.43,1207.90,1.568412,1.568412,1,0.007515,2174.49,2110.42,1.348022,1.348022,1
3742,28-Dec-04,24:00:00,4388.79,0.007869,1453.97,1181.34,0.218986,0.218986,1,0.00786,1476.52,1337.21,0.263055,0.263055,1,0.007846,842.76962,826.104286,0.375565,0.375565,1
3743,29-Dec-04,24:00:00,2300.97,0.011531,596.300321,582.817731,0.413074,0.413074,1,0.01151,671.482858,644.130559,0.47829,0.47829,1,0.011478,823.194622,800.147935,0.565006,0.565006,1
3744,30-Dec-04,24:00:00,3373.68,0.01346,789.520024,685.676235,0.736607,0.736607,1,0.013437,1051.54,850.837094,0.69426,0.69426,1,0.013402,1564.03,1517.62,0.772903,0.772903,1
3745,31-Dec-04,24:00:00,2528.98,0.00547,696.167402,680.340763,0.358834,0.358834,1,0.005465,794.511437,752.470752,0.437457,0.437457,1,0.005457,805.60609,786.085351,0.474423,0.474423,1
3746,1-Jan-05,24:00:00,2255.68,0.007749,551.518519,549.135587,0.12507,0.12507,1,0.007748,674.788382,646.21793,0.131254,0.131254,1,0.007744,679.434358,670.142596,0.106922,0.106922,1
3747,2-Jan-05,24:00:00,1376.38,0.008783,344.914539,344.634563,0.039049,0.039049,1,0.008773,407.613964,401.016835,0.045471,0.045471,1,0.008757,397.040504,393.768415,0.069636,0.069636,1
3748,3-Jan-05,24:00:00,974.970046,0.008758,229.407086,229.195823,0,0,1,0.008746,250.75847,250.311987,0,0,1,0.008728,287.607681,287.607681,0,0,1
3749,4-Jan-05,24:00:00,834.560408,0.008328,183.178891,183.161606,0,0,1,0.008318,200.822259,200.819791,0,0,1,0.008303,269.040196,269.040196,0,0,1
3750,5-Jan-05,24:00:00,775.053492,0.008285,159.800242,159.800079,0,0,1,0.008278,184.426588,184.426588,0,0,1,0.008266,253.370332,253.370332,0,0,1
3751,6-Jan-05,24:00:00,736.806967,0.009222,148.141262,148.141262,0,0,1,0.009212,173.22943,173.22943,0,0,1,0.009198,238.615183,238.615183,0,0,1
3752,7-Jan-05,24:00:00,1187.17,0.013569,267.345196,265.176611,0.589356,0.589356,1,0.013557,332.878621,302.436572,0.534902,0.534902,1,0.01354,707.29491,686.131856,0.497097,0.497097,1
3753,8-Jan-05,24:00:00,1968.37,0.009841,499.413429,497.16305,0.418348,0.418348,1,0.009839,585.617506,552.384317,0.484551,0.484551,1,0.009835,819.473448,795.765896,0.655818,0.655818,1
3754,9-Jan-05,24:00:00,2163.05,0.007837,491.542982,490.178082,0,0,1,0.007834,625.21184,600.773531,0.019779,0.019779,1,0.007829,694.753404,686.243141,0,0,1
3755,10-Jan-05,24:00:00,1031.10,0.009775,273.493861,273.024006,0.497733,0.497733,1,0.009772,326.23576,319.154922,0.432164,0.432164,1,0.009766,331.113903,324.989787,0.383509,0.383509,1
3756,11-Jan-05,24:00:00,2387.19,0.023724,597.418969,593.231322,0.374201,0.374201,1,0.023703,729.055475,672.998258,0.342372,0.342372,1,0.02367,1031.62,1007.34,0.273136,0.273136,1
3757,12-Jan-05,24:00:00,2325.55,0.020637,484.287916,483.795775,0,0,1,0.020611,484.001144,479.127111,0,0,1,0.020574,287.151856,287.147474,0,0,1
3758,13-Jan-05,24:00:00,2197.48,0.018348,238.039705,238.026404,0,0,1,0.018321,239.467916,239.427932,0,0,1,0.018283,258.080005,258.080005,0,0,1
3759,14-Jan-05,24:00:00,1486.90,0.019575,172.95456,172.95456,0,0,1,0.019548,190.00087,190.00087,0,0,1,0.019507,243.035471,243.035471,0,0,1
3760,15-Jan-05,24:00:00,968.398311,0.020098,155.343499,155.343499,0,0,0.999876,0.020074,175.199251,175.199251,0,0,0.999889,0.020036,228.882169,228.882169,0,0,0.9999
3761,16-Jan-05,24:00:00,825.098011,0.013157,145.395066,145.395066,0,0,0.99884,0.013143,164.676456,164.676456,0,0,0.99887,0.01312,215.553103,215.553103,0,0,0.998899
3762,17-Jan-05,24:00:00,794.473046,0.024762,136.831978,136.831978,0,0,0.996064,0.024739,155.062079,155.062079,0,0,0.996097,0.024719,203.000261,203.000261,0,0,0.996128
3763,18-Jan-05,24:00:00,766.678382,0.026176,128.854041,128.854041,0,0,0.992427,0.02615,146.030242,146.030242,0,0,0.992464,0.026113,191.17844,191.17844,0,0,0.9925
3764,19-Jan-05,24:00:00,738.939364,0.023488,121.349277,121.349277,0,0,0.988892,0.023465,137.525984,137.525984,0,0,0.988933,0.023432,180.045069,180.045069,0,0,0.988973
3765,20-Jan-05,24:00:00,712.77312,0.014078,114.282363,114.282363,0,0,0.986149,0.014072,129.517082,129.517082,0,0,0.986192,0.014066,169.560055,169.560055,0,0,0.986236
3766,21-Jan-05,24:00:00,688.440992,0.025825,107.627066,107.627066,0,0,0.983348,0.025806,121.97459,121.97459,0,0,0.983392,0.025779,159.685641,159.685641,0,0,0.983438
3767,22-Jan-05,24:00:00,664.867706,0.026734,101.359349,101.359349,0,0,0.979623,0.026706,114.87134,114.87134,0,0,0.979671,0.026663,150.386269,150.386269,0,0,0.979721
3768,23-Jan-05,24:00:00,643.614967,0.024757,95.456637,95.456637,0,0,0.976062,0.024726,108.18175,108.18175,0,0,0.976114,0.024689,141.62845,141.62845,0,0,0.97617
3769,24-Jan-05,24:00:00,622.965367,0.027919,89.897673,89.897673,0,0,0.972244,0.027896,101.881732,101.881732,0,0,0.972299,0.027859,133.380647,133.380647,0,0,0.972361
3770,25-Jan-05,24:00:00,605.439032,0.011884,86.192065,85.946005,0.434222,0.225125,0.977092,0.01187,97.336595,96.039141,0.272268,0.063574,0.973846,0.011849,126.057667,125.613159,0.193963,0,0.971145
3771,26-Jan-05,24:00:00,1882.40,0.014393,418.880275,413.621412,0.696286,0.696286,1,0.01438,504.521775,431.113843,0.737756,0.737756,1,0.014358,971.545261,929.167483,0.737056,0.712932,0.999928
3772,27-Jan-05,24:00:00,1844.65,0.01828,512.191978,510.881744,0.286283,0.286283,1,0.018266,538.295172,524.896634,0.278821,0.278821,1,0.018244,263.200039,261.291998,0.278038,0.278038,1
3773,28-Jan-05,24:00:00,3545.40,0.016855,806.873572,576.260134,0.615129,0.615129,1,0.016838,961.014993,670.022927,0.633985,0.633985,1,0.01681,1487.96,1274.71,0.698194,0.698194,1
3774,29-Jan-05,24:00:00,2600.75,0.02189,548.492059,521.28745,0,0,1,0.021868,587.34995,559.486511,0,0,1,0.021834,299.087589,298.229914,0,0,1
3775,30-Jan-05,24:00:00,1697.52,0.026173,230.731017,229.985199,0,0,1,0.025841,226.149622,225.963645,0,0,1,0.025811,194.591911,194.591911,0,0,1
3776,31-Jan-05,24:00:00,1493.12,0.027777,145.931698,145.931698,0,0,1,0.027643,153.10786,153.10786,0,0,1,0.027605,183.063571,183.063571,0,0,1
3777,1-Feb-05,24:00:00,1366.37,0.026894,126.438624,126.438624,0,0,0.999853,0.026888,137.476718,137.476718,0,0,0.999884,0.026878,172.402609,172.402609,0,0,0.999891
3778,2-Feb-05,24:00:00,1135.35,0.036964,117.720859,117.720859,0,0,0.997181,0.036939,128.875429,128.875429,0,0,0.997253,0.036899,162.362657,162.362657,0,0,0.997271
3779,3-Feb-05,24:00:00,880.363663,0.017166,110.718608,110.718608,0,0,0.993282,0.017149,121.324005,121.324005,0,0,0.993357,0.017122,152.907387,152.907387,0,0,0.99338
3780,4-Feb-05,24:00:00,690.002125,0.030991,104.256209,104.256209,0,0,0.989729,0.030971,114.255326,114.255326,0,0,0.989807,0.03094,144.00275,144.00275,0,0,0.989835
3781,5-Feb-05,24:00:00,620.700691,0.032232,98.183415,98.183415,0,0,0.985228,0.032209,107.601387,107.601387,0,0,0.985309,0.032173,135.616678,135.616678,0,0,0.985341
3782,6-Feb-05,24:00:00,598.889958,0.035205,92.46553,92.46553,0,0,0.980557,0.035189,101.335152,101.335152,0,0,0.980641,0.035165,127.718974,127.718974,0,0,0.980677
3783,7-Feb-05,24:00:00,580.426721,0.020423,87.080744,87.080744,0,0,0.976411,0.020402,95.433848,95.433848,0,0,0.976497,0.02037,120.281196,120.281196,0,0,0.976538
3784,8-Feb-05,24:00:00,560.795792,0.013912,82.009552,82.009552,0,0,0.973965,0.0139,89.876211,89.876211,0,0,0.974054,0.013881,113.276561,113.276561,0,0,0.974098
3785,9-Feb-05,24:00:00,543.491788,0.022642,77.233685,77.233685,0,0,0.971371,0.022621,84.642225,84.642225,0,0,0.971462,0.022588,106.679844,106.679844,0,0,0.97151
3786,10-Feb-05,24:00:00,527.392432,0.033317,72.735943,72.735943,0,0,0.967328,0.033292,79.713043,79.713043,0,0,0.967423,0.033253,100.467291,100.467291,0,0,0.967476
3787,11-Feb-05,24:00:00,512.738824,0.032397,68.50013,68.50013,0,0,0.962647,0.032374,75.070914,75.070914,0,0,0.962745,0.032338,94.616528,94.616528,0,0,0.962804
3788,12-Feb-05,24:00:00,499.701703,0.028045,64.513364,64.510991,0.083903,0,0.958737,0.028024,70.781429,70.699122,0.123306,0,0.959124,0.027989,89.270858,89.106488,0.148845,0,0.959353
3789,13-Feb-05,24:00:00,834.81025,0.013034,73.013765,71.316387,0.273532,0.051405,0.994505,0.013022,160.9157,125.575651,0.354021,0.172017,0.997432,0.013003,477.181591,448.601278,0.475659,0.319658,0.998697
3790,14-Feb-05,24:00:00,802.155457,0.020319,86.472475,86.10745,0,0,1,0.020304,172.059968,166.50365,0,0,1,0.020279,136.924256,136.753909,0,0,1
3791,15-Feb-05,24:00:00,535.26527,0.024271,64.181295,64.164411,0,0,1,0.024256,87.497865,87.378596,0,0,1,0.02423,94.740141,94.740141,0,0,1
3792,16-Feb-05,24:00:00,488.844291,0.019615,54.255726,54.255726,0,0,1,0.019598,66.206207,66.206207,0,0,1,0.01957,89.166425,89.166425,0,0,1
3793,17-Feb-05,24:00:00,472.174971,0.03329,50.054556,50.054556,0,0,1,0.033273,60.464768,60.464768,0,0,1,0.033245,83.97373,83.97373,0,0,1
3794,18-Feb-05,24:00:00,505.765101,0.018777,78.100133,77.546497,0.168537,0.168537,1,0.018765,76.012569,72.207021,0.094395,0.094395,1,0.018746,86.442808,86.110524,0.020594,0.020594,1
3795,19-Feb-05,24:00:00,944.083041,0.018131,245.48504,243.649467,0.510903,0.510903,1,0.018117,278.101532,251.386825,0.52884,0.52884,1,0.018095,271.77374,262.074873,0.381001,0.381001,1
3796,20-Feb-05,24:00:00,1869.08,0.017911,429.018817,426.418812,0.245638,0.245638,1,0.017896,535.596749,497.418083,0.220196,0.220196,1,0.017873,620.293505,603.834537,0.170683,0.170683,1
3797,21-Feb-05,24:00:00,1144.66,0.030664,341.665375,340.701329,0.113902,0.113902,1,0.030651,313.516313,307.427586,0.028181,0.028181,1,0.030631,112.807609,112.800847,0,0,1
3798,22-Feb-05,24:00:00,695.612861,0.042746,170.803601,170.708687,0,0,1,0.042734,129.970326,129.712136,0,0,1,0.042714,97.386874,97.386874,0,0,1
3799,23-Feb-05,24:00:00,729.92679,0.040011,93.969551,93.966822,0,0,0.999425,0.039996,87.641914,87.641914,0,0,0.999321,0.039971,91.704353,91.704353,0,0,0.998039
3800,24-Feb-05,24:00:00,896.225264,0.030892,75.591911,75.591911,0,0,0.996362,0.030873,78.37724,78.37724,0,0,0.996124,0.030853,86.363896,86.363896,0,0,0.993633
3801,25-Feb-05,24:00:00,928.910977,0.027939,69.419627,69.419627,0,0,0.992115,0.027918,73.429042,73.429042,0,0,0.99188,0.027887,81.334452,81.334452,0,0,0.989393
3802,26-Feb-05,24:00:00,916.183004,0.040728,65.172596,65.172596,0,0,0.987132,0.04072,69.122245,69.122245,0,0,0.9869,0.040711,76.5979,76.5979,0,0,0.984416
3803,27-Feb-05,24:00:00,1177.70,0.014035,207.733022,118.070484,0.946134,0.835341,0.996552,0.01403,214.879422,106.069794,0.806254,0.693839,0.992735,0.014021,300.985063,251.816031,0.735109,0.600641,0.988666
3804,28-Feb-05,24:00:00,3037.10,0.023148,750.626953,533.726654,0,0,1,0.023135,744.972904,549.744363,0,0,1,0.023113,683.247304,658.64582,0,0,1
3805,1-Mar-05,24:00:00,1500.59,0.021151,321.570058,306.585855,0.417143,0.417143,1,0.021143,294.190642,279.47458,0.39372,0.39372,1,0.021129,219.482063,211.421971,0.388468,0.388468,1
3806,2-Mar-05,24:00:00,2301.36,0.030795,360.030776,358.041305,0,0,1,0.030777,416.159179,389.466299,0,0,1,0.030747,500.613106,490.686812,0,0,1
3807,3-Mar-05,24:00:00,1399.20,0.034082,228.794735,228.639592,0,0,1,0.034068,215.798171,214.44947,0,0,1,0.034044,118.908101,118.908101,0,0,1
3808,4-Mar-05,24:00:00,714.671306,0.032744,120.950827,120.950153,0,0,1,0.032728,113.964364,113.964364,0,0,1,0.032701,110.098517,110.098517,0,0,1
3809,5-Mar-05,24:00:00,497.452354,0.051892,94.459461,94.459461,0,0,0.99903,0.051888,94.464474,94.464474,0,0,0.998534,0.051883,103.685018,103.685018,0,0,0.996614
3810,6-Mar-05,24:00:00,474.423473,0.055684,86.239236,86.239236,0,0,0.993624,0.055684,87.680225,87.680225,0,0,0.992554,0.055684,97.646868,97.646868,0,0,0.989083
3811,7-Mar-05,24:00:00,413.492417,0.055529,80.900487,80.900487,0,0,0.985635,0.055529,82.467408,82.467408,0,0,0.984565,0.055529,91.960354,91.960354,0,0,0.981094
3812,8-Mar-05,24:00:00,341.980074,0.059941,76.156101,76.156101,0,0,0.977469,0.059941,77.656898,77.656898,0,0,0.976399,0.059941,86.604997,86.604997,0,0,0.972928
3813,9-Mar-05,24:00:00,306.237905,0.071147,71.717886,71.717886,0,0,0.968404,0.071147,73.133954,73.133954,0,0,0.967334,0.071147,81.561512,81.561512,0,0,0.963863
3814,10-Mar-05,24:00:00,292.762217,0.064015,67.54106,67.54106,0,0,0.958458,0.064015,68.874925,68.874925,0,0,0.957388,0.064015,76.811737,76.811737,0,0,0.953917
3815,11-Mar-05,24:00:00,287.505737,0.059305,63.607746,63.607746,0,0,0.94952,0.059305,64.863957,64.863957,0,0,0.94845,0.059305,72.338568,72.338568,0,0,0.944979
3816,12-Mar-05,24:00:00,287.287083,0.049123,59.903515,59.903515,0,0,0.941789,0.049117,61.086572,61.086572,0,0,0.940719,0.049094,68.125895,68.125895,0,0,0.937249
3817,13-Mar-05,24:00:00,281.317348,0.050693,56.415004,56.415004,0,0,0.934885,0.050689,57.529165,57.529165,0,0,0.933817,0.050682,64.15855,64.15855,0,0,0.93035
3818,14-Mar-05,24:00:00,271.604679,0.072922,53.129648,53.129648,0,0,0.925701,0.072922,54.178926,54.178926,0,0,0.924632,0.072922,60.422245,60.422245,0,0,0.921166
3819,15-Mar-05,24:00:00,263.746404,0.058281,50.035617,50.035617,0,0,0.916535,0.058281,51.023789,51.023789,0,0,0.915467,0.058281,56.903526,56.903526,0,0,0.912
3820,16-Mar-05,24:00:00,253.120001,0.056091,47.121768,47.121768,0,0,0.908328,0.056091,48.052394,48.052394,0,0,0.907259,0.056091,53.589721,53.589721,0,0,0.903793
3821,17-Mar-05,24:00:00,243.030273,0.052609,44.377608,44.377608,0,0,0.900606,0.052597,45.254039,45.254039,0,0,0.899538,0.052575,50.468897,50.468897,0,0,0.896072
3822,18-Mar-05,24:00:00,234.914226,0.023037,41.79625,41.793256,0.077795,0,0.895519,0.023025,42.618647,42.618647,0,0,0.893968,0.023003,47.529815,47.529815,0,0,0.890506
3823,19-Mar-05,24:00:00,549.393016,0.022981,162.722001,156.714598,1.468806,0.800609,0.985426,0.022971,211.573809,131.964473,1.375623,0.62216,0.978015,0.022954,342.956056,293.962033,1.254945,0.47724,0.966778
3824,20-Mar-05,24:00:00,2706.69,0.019328,657.979976,652.423342,0.906133,0.906133,1,0.019319,841.574584,745.658908,1.142294,1.142294,1,0.019304,1460.82,1399.86,1.334589,1.334589,1
3825,21-Mar-05,24:00:00,3187.31,0.030648,752.196093,748.450445,0.618894,0.618894,1,0.030638,1006.49,955.801157,0.6027,0.6027,1,0.030619,1039.29,1017.56,0.605014,0.605014,1
3826,22-Mar-05,24:00:00,3282.29,0.032322,1003.29,831.820357,0.831515,0.831515,1,0.032311,1027.07,951.238037,0.79007,0.79007,1,0.03229,1176.36,1142.61,0.643861,0.643861,1
3827,23-Mar-05,24:00:00,2989.29,0.028228,867.854017,846.177442,0.209864,0.209864,1,0.02822,984.530343,932.749555,0.240449,0.240449,1,0.028205,927.973623,904.99744,0.230988,0.230988,1
3828,24-Mar-05,24:00:00,1368.41,0.046137,442.398317,441.63746,0,0,1,0.046126,457.805985,454.229162,0,0,1,0.046106,237.90035,237.90035,0,0,1
3829,25-Mar-05,24:00:00,771.902503,0.058412,213.503813,213.496953,0,0,0.998066,0.058402,219.728652,219.718433,0,0,0.998068,0.058398,215.669148,215.669148,0,0,0.998071
3830,26-Mar-05,24:00:00,649.563947,0.051793,160.663833,160.663833,0,0,0.991946,0.051792,175.965729,175.965729,0,0,0.99195,0.05179,203.099949,203.099949,0,0,0.991956
3831,27-Mar-05,24:00:00,1456.50,0.027472,368.084133,178.888797,0.860044,0.759166,0.993252,0.027467,565.123026,213.561917,0.887384,0.786538,0.993369,0.027457,1354.65,508.71227,0.89617,0.795369,0.993372
3832,28-Mar-05,24:00:00,5063.81,0.045167,1068.43,613.087447,0.108224,0.108224,1,0.045156,1316.42,798.647637,0.175967,0.175967,1,0.045135,1382.09,1168.79,0.22916,0.22916,1
3833,29-Mar-05,24:00:00,3307.05,0.049545,570.462398,537.736371,0.318758,0.318758,1,0.049533,712.257259,658.614966,0.380596,0.380596,1,0.049511,736.902791,719.071747,0.385508,0.385508,1
3834,30-Mar-05,24:00:00,2318.21,0.065493,353.223749,352.935798,0,0,0.999273,0.065479,412.518973,408.642138,0,0,0.999275,0.065455,265.408372,265.386613,0,0,0.999277
3835,31-Mar-05,24:00:00,1418.18,0.068632,201.986804,201.974881,0,0,0.993075,0.06862,224.843401,224.788973,0,0,0.993079,0.068597,234.130566,234.130566,0,0,0.993087
3836,1-Apr-05,24:00:00,1041.16,0.067272,160.490956,160.490956,0,0,0.983334,0.06726,184.693579,184.693579,0,0,0.98334,0.067237,220.474792,220.474792,0,0,0.983352
3837,2-Apr-05,24:00:00,844.708717,0.053478,146.790196,146.790196,0,0,0.974912,0.053472,171.072918,171.072918,0,0,0.974919,0.053445,207.635318,207.635318,0,0,0.974933
3838,3-Apr-05,24:00:00,997.91889,0.017476,178.584925,176.516188,0.74501,0.540112,0.985833,0.01747,254.133945,218.16043,0.767494,0.562654,0.98623,0.017458,584.082012,551.748199,0.843488,0.638768,0.986595
3839,4-Apr-05,24:00:00,2504.03,0.058277,449.642273,447.510547,0,0,1,0.058267,582.10787,553.231445,0,0,1,0.058247,660.858185,654.137859,0,0,1
3840,5-Apr-05,24:00:00,1662.79,0.071155,271.519796,271.381402,0,0,0.998401,0.071143,291.604206,290.372816,0,0,0.998402,0.071118,216.586596,216.586596,0,0,0.998406
3841,6-Apr-05,24:00:00,1200.52,0.077639,161.152564,161.152564,0,0,0.990572,0.077623,177.698725,177.698725,0,0,0.990576,0.077592,202.339322,202.339322,0,0,0.990586
3842,7-Apr-05,24:00:00,1373.96,0.034396,169.141533,168.066005,0.233118,0.125959,0.998291,0.034393,256.19753,234.117268,0.30207,0.19495,0.998624,0.034372,559.062474,540.040865,0.416157,0.309129,0.998707
3843,8-Apr-05,24:00:00,2192.99,0.034804,334.055271,331.248141,0.743278,0.743278,1,0.034797,537.627156,481.228183,1.004069,1.004069,1,0.034785,1262.66,1152.64,1.169634,1.169634,1
3844,9-Apr-05,24:00:00,2879.18,0.055353,543.474749,541.790268,0,0,1,0.055343,845.020248,812.539705,0,0,1,0.055322,811.776496,798.879257,0,0,1
3845,10-Apr-05,24:00:00,1243.24,0.073402,284.066723,283.94823,0,0,0.998513,0.073391,361.781607,360.282687,0,0,0.998514,0.073371,255.672025,255.672025,0,0,0.998516
3846,11-Apr-05,24:00:00,1091.86,0.061092,163.730597,163.729809,0,0,0.991704,0.06108,200.332115,200.332115,0,0,0.991708,0.061057,238.07235,238.07235,0,0,0.991715
3847,12-Apr-05,24:00:00,1232.11,0.037151,135.238407,135.238407,0,0,0.984727,0.037141,170.218783,170.218783,0,0,0.984733,0.037129,224.205371,224.205371,0,0,0.984742
3848,13-Apr-05,24:00:00,1246.04,0.042256,124.840286,124.840286,0,0,0.979056,0.042247,158.537486,158.537486,0,0,0.979062,0.042228,211.148659,211.148659,0,0,0.979074
3849,14-Apr-05,24:00:00,1214.87,0.071095,117.284351,117.284351,0,0,0.970929,0.071085,149.161016,149.161016,0,0,0.970937,0.071066,198.852312,198.852312,0,0,0.970951
3850,15-Apr-05,24:00:00,966.959976,0.077987,110.424855,110.424855,0,0,0.960262,0.077976,140.463931,140.463931,0,0,0.960271,0.077957,187.272049,187.272049,0,0,0.960289
3851,16-Apr-05,24:00:00,723.632838,0.081101,103.991378,103.991378,0,0,0.948819,0.081092,132.283211,132.283211,0,0,0.94883,0.081073,176.366168,176.366168,0,0,0.94885
3852,17-Apr-05,24:00:00,642.03717,0.075186,97.935128,97.935128,0,0,0.937663,0.075172,124.579584,124.579584,0,0,0.937676,0.075144,166.095397,166.095397,0,0,0.9377
3853,18-Apr-05,24:00:00,620.350753,0.075566,92.231804,92.231804,0,0,0.927013,0.075556,117.324627,117.324627,0,0,0.927027,0.075536,156.422749,156.422749,0,0,0.927055
3854,19-Apr-05,24:00:00,599.474681,0.081379,86.860638,86.860638,0,0,0.915762,0.081371,110.492169,110.492169,0,0,0.915778,0.081355,147.313393,147.313393,0,0,0.915807
3855,20-Apr-05,24:00:00,580.118426,0.064004,81.802265,81.802265,0,0,0.905194,0.063998,104.057603,104.057603,0,0,0.90521,0.063985,138.734524,138.734524,0,0,0.905242
3856,21-Apr-05,24:00:00,562.278717,0.081979,77.03847,77.03847,0,0,0.894829,0.081956,97.997757,97.997757,0,0,0.894848,0.081938,130.65525,130.65525,0,0,0.894882
3857,22-Apr-05,24:00:00,545.248165,0.084827,72.552096,72.552096,0,0,0.882932,0.084819,92.290809,92.290809,0,0,0.882952,0.084807,123.046477,123.046477,0,0,0.882989
3858,23-Apr-05,24:00:00,528.642831,0.038386,68.326989,68.326989,0,0,0.874207,0.038391,86.916208,86.916208,0,0,0.874227,0.038382,115.880805,115.880805,0,0,0.874265
3859,24-Apr-05,24:00:00,512.654533,0.035856,64.347933,64.347933,0,0,0.86876,0.035852,81.854599,81.854599,0,0,0.868781,0.035841,109.132428,109.132428,0,0,0.86882
3860,25-Apr-05,24:00:00,498.213695,0.07154,60.600599,60.600599,0,0,0.861341,0.071534,77.087756,77.087756,0,0,0.861362,0.071519,102.777047,102.777047,0,0,0.861403
3861,26-Apr-05,24:00:00,485.021996,0.080376,57.071493,57.071493,0,0,0.850282,0.080371,72.598512,72.598512,0,0,0.850305,0.080366,96.791775,96.791775,0,0,0.850348
3862,27-Apr-05,24:00:00,472.040383,0.061687,53.747906,53.747906,0,0,0.840025,0.061682,68.370702,68.370702,0,0,0.840048,0.061673,91.155058,91.155058,0,0,0.840091
3863,28-Apr-05,24:00:00,460.086826,0.061562,50.61787,50.61787,0,0,0.831306,0.061555,64.3891,64.3891,0,0,0.83133,0.061535,85.846598,85.846598,0,0,0.831375
3864,29-Apr-05,24:00:00,448.609976,0.061925,47.670114,47.670114,0,0,0.822607,0.061929,60.639369,60.639369,0,0,0.82263,0.061919,80.847279,80.847279,0,0,0.822678
3865,30-Apr-05,24:00:00,437.457098,0.068851,44.894021,44.894021,0,0,0.812907,0.068844,57.108005,57.108005,0,0,0.812931,0.068829,76.139097,76.139097,0,0,0.812981
3866,1-May-05,24:00:00,427.570127,0.067237,42.279595,42.279595,0,0,0.803354,0.06723,53.782292,53.782292,0,0,0.803379,0.067217,71.705099,71.705099,0,0,0.80343
3867,2-May-05,24:00:00,418.667097,0.089544,39.817422,39.817422,0,0,0.792311,0.089542,50.650254,50.650254,0,0,0.792337,0.089527,67.529317,67.529317,0,0,0.792391
3868,3-May-05,24:00:00,409.724401,0.086735,37.498635,37.498635,0,0,0.779893,0.086736,47.700611,47.700611,0,0,0.779643,0.086736,63.596714,63.596714,0,0,0.779697
3869,4-May-05,24:00:00,404.952818,0.043884,35.745099,35.314883,0.427282,0,0.787904,0.04389,52.212929,44.922743,0.429389,0,0.783757,0.043882,68.919295,59.893128,0.448492,0,0.784295
3870,5-May-05,24:00:00,459.481018,0.053085,35.392151,33.258303,0.042632,0,0.841352,0.05308,79.927465,42.306644,0.120593,0,0.847094,0.053067,75.377845,56.405222,0.156223,0,0.854683
3871,6-May-05,24:00:00,394.54422,0.039758,31.49286,31.32149,0,0,0.841479,0.039754,42.279861,39.842896,0,0,0.848247,0.039741,53.120436,53.120436,0,0,0.856121
3872,7-May-05,24:00:00,383.548153,0.067775,29.498763,29.497467,0,0,0.837449,0.067774,37.52812,37.522625,0,0,0.844217,0.067766,50.026941,50.026941,0,0,0.852094
3873,8-May-05,24:00:00,432.542163,0.027614,30.647157,27.779668,1.005791,0,0.899041,0.027611,80.911562,35.337476,0.894103,0,0.904024,0.027613,80.473415,47.113597,0.781412,0,0.91561
3874,9-May-05,24:00:00,604.174838,0.045355,29.435999,26.161905,0.105653,0,0.98848,0.04535,96.368182,46.800575,0.285089,0.056311,0.991857,0.04534,175.536439,154.670243,0.396113,0.109797,0.989466
3875,10-May-05,24:00:00,755.763718,0.071417,24.962387,24.638353,0,0,0.991597,0.071409,75.08522,68.843749,0,0,1,0.071383,75.671699,75.377372,0,0,1
3876,11-May-05,24:00:00,574.810216,0.088781,23.210838,23.203527,0,0,0.98604,0.088779,40.6063,40.460907,0,0,0.994444,0.088774,46.427805,46.427805,0,0,0.994448
3877,12-May-05,24:00:00,433.681998,0.097078,21.852258,21.852258,0,0,0.973131,0.097077,31.510363,31.510363,0,0,0.981536,0.097075,43.676146,43.676146,0,0,0.981541
3878,13-May-05,24:00:00,380.876143,0.100709,20.579681,20.579681,0,0,0.959055,0.10071,28.86763,28.86763,0,0,0.96746,0.100711,41.132606,41.132606,0,0,0.967465
3879,14-May-05,24:00:00,375.386405,0.099132,19.381213,19.381213,0,0,0.944679,0.099132,27.112021,27.112021,0,0,0.953084,0.099133,38.737228,38.737228,0,0,0.953089
3880,15-May-05,24:00:00,369.728967,0.036648,18.252538,18.252538,0,0,0.934948,0.036645,25.527212,25.527212,0,0,0.943352,0.036651,36.481346,36.481346,0,0,0.943357
3881,16-May-05,24:00:00,364.619884,0.068215,17.189881,17.189593,0.029915,0,0.927612,0.068212,24.048944,24.040192,0.045064,0,0.936062,0.068203,34.356964,34.356837,0.000398,0,0.935935
3882,17-May-05,24:00:00,489.754818,0.029034,36.655698,33.746903,0.822279,0.31004,0.984358,0.029032,150.681158,96.427403,1.014974,0.57672,0.989871,0.029025,129.480893,102.744014,0.899505,0.416628,0.981414
3883,18-May-05,24:00:00,9620.60,0.027782,2214.71,497.304386,1.662925,1.662925,1,0.027777,3139.41,824.724998,1.629936,1.629936,1,0.02777,5485.60,1819.21,1.572811,1.572811,1
3884,19-May-05,24:00:00,7000.58,0.051196,1772.91,1000.58,0,0,1,0.051192,1851.50,1195.62,0,0,1,0.051185,858.969326,790.126123,0,0,1
3885,20-May-05,24:00:00,2496.82,0.078689,475.018349,429.895736,0,0,0.998471,0.078689,437.707361,416.685637,0,0,0.998472,0.078687,156.190996,156.190996,0,0,0.998472
3886,21-May-05,24:00:00,1262.01,0.104859,155.383407,155.383354,0,0,0.988603,0.104859,160.844035,160.844035,0,0,0.988603,0.10486,144.483746,144.483746,0,0,0.988604
3887,22-May-05,24:00:00,967.276825,0.101114,100.03713,100.03713,0,0,0.973753,0.101115,120.996648,120.996648,0,0,0.973753,0.101116,136.06715,136.06715,0,0,0.973754
3888,23-May-05,24:00:00,876.971579,0.102754,88.010294,88.010294,0,0,0.959236,0.102754,111.037636,111.037636,0,0,0.959237,0.102755,128.14321,128.14321,0,0,0.959238
3889,24-May-05,24:00:00,699.487619,0.103269,82.179778,82.179778,0,0,0.944377,0.10327,104.334607,104.334607,0,0,0.944377,0.103271,120.680727,120.680727,0,0,0.944378
3890,25-May-05,24:00:00,574.368352,0.114397,77.321324,77.321324,0,0,0.928918,0.114398,98.241187,98.241187,0,0,0.928918,0.114398,113.652825,113.652825,0,0,0.928919
3891,26-May-05,24:00:00,529.936067,0.104208,72.811466,72.811466,0,0,0.913461,0.104209,92.518859,92.518859,0,0,0.913462,0.104208,107.034196,107.034196,0,0,0.913462
3892,27-May-05,24:00:00,497.160791,0.116859,68.570609,68.570609,0,0,0.89762,0.11686,87.130898,87.130898,0,0,0.89762,0.116861,100.801007,100.801007,0,0,0.897621
3893,28-May-05,24:00:00,449.086673,0.094168,64.577308,64.577308,0,0,0.882235,0.094168,82.056782,82.056782,0,0,0.882235,0.094169,94.93081,94.93081,0,0,0.882236
3894,29-May-05,24:00:00,421.180974,0.088785,60.816611,60.816611,0,0,0.869249,0.088783,77.278164,77.278164,0,0,0.869249,0.088773,89.402467,89.402467,0,0,0.86925
3895,30-May-05,24:00:00,406.04556,0.109637,57.274925,57.274925,0,0,0.855196,0.109635,72.777832,72.777832,0,0,0.855196,0.109614,84.19607,84.19607,0,0,0.8552
3896,31-May-05,24:00:00,392.923782,0.118851,53.939492,53.939492,0,0,0.839246,0.118846,68.539579,68.539579,0,0,0.839246,0.118831,79.29287,79.29287,0,0,0.839252
3897,1-Jun-05,24:00:00,382.003309,0.108239,50.798299,50.798299,0,0,0.822661,0.108236,64.548142,64.548142,0,0,0.822662,0.108222,74.675211,74.675211,0,0,0.82267
3898,2-Jun-05,24:00:00,371.177381,0.105173,47.840034,47.840034,0,0,0.807441,0.10517,60.789149,60.789149,0,0,0.807443,0.105159,70.326463,70.326463,0,0,0.807453
3899,3-Jun-05,24:00:00,359.388092,0.11024,45.054046,45.054046,0,0,0.792158,0.110237,57.249063,57.249063,0,0,0.79216,0.110224,66.230966,66.230966,0,0,0.792172
3900,4-Jun-05,24:00:00,348.707316,0.109317,42.430302,42.430302,0,0,0.776513,0.109314,53.915135,53.915135,0,0,0.776516,0.109302,62.373973,62.373973,0,0,0.776529
3901,5-Jun-05,24:00:00,339.337198,0.099712,39.959352,39.959352,0,0,0.761086,0.099708,50.775361,50.775361,0,0,0.761089,0.099695,58.741594,58.741594,0,0,0.761104
3902,6-Jun-05,24:00:00,328.657928,0.080631,37.632299,37.632299,0,0,0.748427,0.080628,47.818432,47.818432,0,0,0.74843,0.08061,55.320748,55.320748,0,0,0.748448
3903,7-Jun-05,24:00:00,317.635141,0.085565,35.473217,35.440764,0.144613,0,0.739269,0.085563,45.978883,45.033702,0.174692,0,0.73993,0.085553,52.099117,52.099117,0,0,0.736509
3904,8-Jun-05,24:00:00,403.019027,0.032243,37.73902,33.376853,1.049665,0,0.839905,0.032242,125.357771,42.411142,1.289863,0,0.861436,0.032237,101.03426,49.065099,1.401628,0,0.830324
3905,9-Jun-05,24:00:00,399.291589,0.057228,33.844607,31.433136,0,0,0.903063,0.057225,80.473955,39.941308,0,0,0.941678,0.057213,59.135079,46.207769,0,0,0.930597
3906,10-Jun-05,24:00:00,300.520314,0.099834,29.751806,29.602611,0,0,0.899919,0.099834,39.289147,37.615307,0,0,0.938534,0.099824,43.516836,43.516836,0,0,0.927454
3907,11-Jun-05,24:00:00,288.02297,0.102065,27.878747,27.878689,0,0,0.887921,0.102062,35.424761,35.424761,0,0,0.926536,0.102052,40.982612,40.982612,0,0,0.915459
3908,12-Jun-05,24:00:00,280.819824,0.10911,26.255159,26.255159,0,0,0.872831,0.109107,33.361782,33.361782,0,0,0.911446,0.109096,38.595969,38.595969,0,0,0.90037
3909,13-Jun-05,24:00:00,275.272927,0.106048,24.726177,24.726177,0,0,0.85766,0.106046,31.418942,31.418942,0,0,0.896276,0.106037,36.348314,36.348314,0,0,0.885202
3910,14-Jun-05,24:00:00,270.18544,0.123432,23.286236,23.286236,0,0,0.841342,0.123429,29.589244,29.589244,0,0,0.879959,0.123417,34.231552,34.231552,0,0,0.868886
3911,15-Jun-05,24:00:00,265.055502,0.110534,21.93015,21.93015,0,0,0.824406,0.110531,27.8661,27.8661,0,0,0.863024,0.11052,32.23806,32.23806,0,0,0.851952
3912,16-Jun-05,24:00:00,261.590785,0.025,20.762232,20.653037,0.048128,0,0.818648,0.025003,30.50532,26.243304,0.097911,0,0.860226,0.025,33.99659,30.360661,0.091078,0,0.847585
3913,17-Jun-05,24:00:00,261.878774,0.046181,19.610831,19.450297,0,0,0.823045,0.046176,28.712082,24.715012,0,0,0.868775,0.046167,29.173642,28.592593,0,0,0.854893
3914,18-Jun-05,24:00:00,249.483582,0.04278,18.328166,18.3176,0,0,0.823045,0.042778,23.446815,23.275721,0,0,0.868775,0.042769,26.927489,26.927489,0,0,0.854893
3915,19-Jun-05,24:00:00,245.332481,0.072392,17.250865,17.250865,0,0,0.818721,0.07239,21.920248,21.920248,0,0,0.864451,0.072376,25.359353,25.359353,0,0,0.850572
3916,20-Jun-05,24:00:00,239.663033,0.090172,16.246253,16.246253,0,0,0.807767,0.090169,20.643711,20.643711,0,0,0.853497,0.090152,23.882539,23.882539,0,0,0.839622
3917,21-Jun-05,24:00:00,235.585922,0.071802,15.300144,15.300144,0,0,0.796265,0.071799,19.441515,19.441515,0,0,0.841996,0.071791,22.491727,22.491727,0,0,0.828122
3918,22-Jun-05,24:00:00,233.189338,0.099968,14.409132,14.409132,0,0,0.783956,0.099974,18.309328,18.309328,0,0,0.829687,0.099965,21.18191,21.18191,0,0,0.815815
3919,23-Jun-05,24:00:00,230.482721,0.110095,13.57001,13.57001,0,0,0.768801,0.110093,17.243076,17.243076,0,0,0.814532,0.110083,19.948371,19.948371,0,0,0.800661
3920,24-Jun-05,24:00:00,226.997114,0.078954,12.779753,12.779753,0,0,0.75567,0.078952,16.238917,16.238917,0,0,0.801401,0.078949,18.786668,18.786668,0,0,0.78753
3921,25-Jun-05,24:00:00,223.728598,0.081452,12.035518,12.035518,0,0,0.744183,0.081451,15.293235,15.293235,0,0,0.789914,0.081453,17.692617,17.692617,0,0,0.776043
3922,26-Jun-05,24:00:00,221.574191,0.096867,11.334624,11.334624,0,0,0.731364,0.096877,14.402626,14.402626,0,0,0.777094,0.096867,16.662279,16.662279,0,0,0.763224
3923,27-Jun-05,24:00:00,220.042034,0.091505,10.674546,10.674546,0,0,0.717771,0.091502,13.563882,13.563882,0,0,0.763501,0.091503,15.691943,15.691943,0,0,0.749632
3924,28-Jun-05,24:00:00,216.556405,0.102014,10.052909,10.052909,0,0,0.703725,0.102011,12.773983,12.773983,0,0,0.749456,0.102001,14.778115,14.778115,0,0,0.735588
3925,29-Jun-05,24:00:00,213.556396,0.12029,9.467473,9.467473,0,0,0.688018,0.120287,12.030083,12.030083,0,0,0.733749,0.120277,13.917504,13.917504,0,0,0.719882
3926,30-Jun-05,24:00:00,211.836019,0.126837,8.91613,8.91613,0,0,0.670453,0.126834,11.329506,11.329506,0,0,0.716184,0.126822,13.107011,13.107011,0,0,0.702319
3927,1-Jul-05,24:00:00,225.663103,0.124855,8.396894,8.396894,0,0,0.652385,0.124852,10.669726,10.669726,0,0,0.698116,0.12484,12.343718,12.343718,0,0,0.684253
3928,2-Jul-05,24:00:00,260.873419,0.12449,7.907897,7.907897,0,0,0.634743,0.124487,10.048369,10.048369,0,0,0.680475,0.124473,11.624875,11.624875,0,0,0.666613
3929,3-Jul-05,24:00:00,273.70719,0.124085,7.447377,7.447377,0,0,0.617063,0.124081,9.463198,9.463198,0,0,0.662795,0.124068,10.947895,10.947895,0,0,0.648936
3930,4-Jul-05,24:00:00,272.194995,0.125256,7.013675,7.013675,0,0,0.599235,0.125253,8.912104,8.912104,0,0,0.644967,0.125239,10.310339,10.310339,0,0,0.63111
3931,5-Jul-05,24:00:00,281.583861,0.129402,6.60523,6.60523,0,0,0.581262,0.129398,8.393103,8.393103,0,0,0.626996,0.129383,9.709911,9.709911,0,0,0.61314
3932,6-Jul-05,24:00:00,270.906753,0.124805,6.220571,6.220571,0,0,0.562794,0.124802,7.904326,7.904326,0,0,0.608528,0.12479,9.14445,9.14445,0,0,0.594675
3933,7-Jul-05,24:00:00,248.518777,0.123731,5.858313,5.858313,0,0,0.545136,0.123727,7.444014,7.444014,0,0,0.59087,0.123713,8.611918,8.611918,0,0,0.577018
3934,8-Jul-05,24:00:00,240.632322,0.110638,5.517152,5.517152,0,0,0.528124,0.110635,7.010508,7.010508,0,0,0.573859,0.110624,8.110399,8.110399,0,0,0.560009
3935,9-Jul-05,24:00:00,240.29493,0.100468,5.195858,5.195858,0,0,0.513086,0.100465,6.602248,6.602248,0,0,0.558821,0.100454,7.638086,7.638086,0,0,0.544973
3936,10-Jul-05,24:00:00,238.282132,0.104164,4.893274,4.893274,0,0,0.498646,0.104161,6.217763,6.217763,0,0,0.544382,0.104153,7.193278,7.193278,0,0,0.530535
3937,11-Jul-05,24:00:00,240.818929,0.120519,4.608312,4.608312,0,0,0.482634,0.120514,5.855668,5.855668,0,0,0.52837,0.1205,6.774374,6.774374,0,0,0.514525
3938,12-Jul-05,24:00:00,246.748529,0.120324,4.339945,4.339945,0,0,0.465273,0.12032,5.51466,5.51466,0,0,0.51101,0.120306,6.379865,6.379865,0,0,0.497167
3939,13-Jul-05,24:00:00,238.485002,0.120632,4.087206,4.087206,0,0,0.448024,0.12063,5.193511,5.193511,0,0,0.493762,0.120619,6.00833,6.00833,0,0,0.479921
3940,14-Jul-05,24:00:00,224.209913,0.130452,3.849185,3.849185,0,0,0.430293,0.130448,4.891065,4.891065,0,0,0.476031,0.130435,5.658432,5.658432,0,0,0.462191
3941,15-Jul-05,24:00:00,223.155823,0.124872,3.625026,3.625026,0,0,0.41192,0.124868,4.606231,4.606231,0,0,0.457658,0.124855,5.328911,5.328911,0,0,0.443821
3942,16-Jul-05,24:00:00,225.509853,0.120013,3.413921,3.413921,0,0,0.394301,0.120009,4.337985,4.337985,0,0,0.44004,0.119996,5.018579,5.018579,0,0,0.426204
3943,17-Jul-05,24:00:00,225.792201,0.121713,3.21511,3.21511,0,0,0.377116,0.12171,4.08536,4.08536,0,0,0.422855,0.121697,4.726319,4.726319,0,0,0.409021
3944,18-Jul-05,24:00:00,225.461344,0.119681,3.027876,3.027876,0,0,0.359882,0.119674,3.847447,3.847447,0,0,0.405622,0.119657,4.45108,4.45108,0,0,0.39179
3945,19-Jul-05,24:00:00,224.799552,0.119146,2.851546,2.851546,0,0,0.342974,0.11914,3.623389,3.623389,0,0,0.388714,0.119122,4.191869,4.191869,0,0,0.374885
3946,20-Jul-05,24:00:00,224.170674,0.121855,2.685485,2.685485,0,0,0.325663,0.121851,3.412379,3.412379,0,0,0.371405,0.121837,3.947753,3.947753,0,0,0.357577
3947,21-Jul-05,24:00:00,222.956382,0.114508,2.529094,2.529094,0,0,0.308917,0.114502,3.213658,3.213658,0,0,0.35466,0.114483,3.717854,3.717854,0,0,0.340835
3948,22-Jul-05,24:00:00,222.648592,0.102334,2.381811,2.381811,0,0,0.293455,0.102329,3.026509,3.026509,0,0,0.339199,0.102327,3.501343,3.501343,0,0,0.325375
3949,23-Jul-05,24:00:00,223.111284,0.121327,2.243105,2.243105,0,0,0.277297,0.121321,2.850259,2.850259,0,0,0.323041,0.121303,3.29744,3.29744,0,0,0.309218
3950,24-Jul-05,24:00:00,223.616475,0.131964,2.112477,2.112477,0,0,0.259489,0.131955,2.684272,2.684272,0,0,0.305233,0.131933,3.105412,3.105412,0,0,0.291414
3951,25-Jul-05,24:00:00,223.528561,0.110954,1.989456,1.989456,0,0,0.241733,0.110948,2.527952,2.527952,0,0,0.28748,0.110932,2.924567,2.924567,0,0,0.273663
3952,26-Jul-05,24:00:00,228.071781,0.122754,1.873599,1.873599,0,0,0.225212,0.122749,2.380736,2.380736,0,0,0.270959,0.122734,2.754254,2.754254,0,0,0.257145
3953,27-Jul-05,24:00:00,237.47646,0.118181,1.764489,1.764489,0,0,0.20799,0.11818,2.242093,2.242093,0,0,0.253738,0.118175,2.593858,2.593858,0,0,0.239925
3954,28-Jul-05,24:00:00,241.84893,0.116502,1.661733,1.661733,0,0,0.191241,0.116502,2.111523,2.111523,0,0,0.236988,0.116503,2.442804,2.442804,0,0,0.223176
3955,29-Jul-05,24:00:00,241.298465,0.113152,1.564961,1.564961,0,0,0.174848,0.113152,1.988558,1.988558,0,0,0.220595,0.11316,2.300546,2.300546,0,0,0.206782
3956,30-Jul-05,24:00:00,240.587754,0.119823,1.473825,1.473825,0,0,0.158227,0.119823,1.872753,1.872753,0,0,0.203974,0.119824,2.166572,2.166572,0,0,0.190161
3957,31-Jul-05,24:00:00,240.256766,0.122002,1.387996,1.387996,0,0,0.141052,0.122003,1.763692,1.763692,0,0,0.1868,0.122003,2.040401,2.040401,0,0,0.172986
3958,1-Aug-05,24:00:00,240.572595,0.11781,1.307165,1.307165,0,0,0.123787,0.117811,1.660983,1.660983,0,0,0.169535,0.117811,1.921577,1.921577,0,0,0.155721
3959,2-Aug-05,24:00:00,241.900277,0.099676,1.231042,1.231042,0,0,0.108077,0.099677,1.564255,1.564255,0,0,0.153824,0.099677,1.809673,1.809673,0,0,0.14001
3960,3-Aug-05,24:00:00,243.000709,0.115921,1.159352,1.159352,0,0,0.092804,0.115922,1.473159,1.473159,0,0,0.13855,0.115923,1.704286,1.704286,0,0,0.124737
3961,4-Aug-05,24:00:00,243.128986,0.114424,1.091836,1.091836,0,0,0.076399,0.114424,1.387369,1.387369,0,0,0.122146,0.114424,1.605036,1.605036,0,0,0.108332
3962,5-Aug-05,24:00:00,249.736215,0.113833,1.028253,1.028253,0,0,0.059967,0.113833,1.306575,1.306575,0,0,0.105714,0.113833,1.511566,1.511566,0,0,0.0919
3963,6-Aug-05,24:00:00,259.199299,0.112307,0.968372,0.968372,0,0,0.043819,0.112308,1.230486,1.230486,0,0,0.089566,0.112308,1.423539,1.423539,0,0,0.075752
3964,7-Aug-05,24:00:00,263.643306,0.118754,0.911978,0.911978,0,0,0.027527,0.118754,1.158828,1.158828,0,0,0.073273,0.118756,1.340639,1.340639,0,0,0.059459
3965,8-Aug-05,24:00:00,264.862361,0.108288,0.858869,0.858869,0,0,0.011181,0.108288,1.091343,1.091343,0,0,0.056927,0.108289,1.262566,1.262566,0,0,0.043113
3966,9-Aug-05,24:00:00,266.301241,0.09051,0.808852,0.808852,0,0,0.00122,0.09051,1.027788,1.027788,0,0,0.043345,0.090511,1.18904,1.18904,0,0,0.029531
3967,10-Aug-05,24:00:00,266.250878,0.123717,0.761748,0.761748,0,0,0,0.123717,0.967935,0.967935,0,0,0.027846,0.123717,1.119795,1.119795,0,0,0.014032
3968,11-Aug-05,24:00:00,266.344875,0.115272,0.717387,0.717387,0,0,0,0.115272,0.911566,0.911566,0,0,0.010435,0.115272,1.054584,1.054584,0,0,0.00167
3969,12-Aug-05,24:00:00,266.552747,0.111474,0.67561,0.67561,0,0,0,0.111474,0.858481,0.858481,0,0,0.000579,0.111474,0.993169,0.993169,0,0,0
3970,13-Aug-05,24:00:00,267.03167,0.101973,0.636265,0.636265,0,0,0,0.101973,0.808487,0.808487,0,0,0,0.101973,0.935332,0.935332,0,0,0
3971,14-Aug-05,24:00:00,267.263366,0.094471,0.599212,0.599212,0,0,0,0.094471,0.761404,0.761404,0,0,0,0.094472,0.880862,0.880862,0,0,0
3972,15-Aug-05,24:00:00,265.893185,0.081888,0.564317,0.564317,0,0,0,0.081893,0.717063,0.717063,0,0,0,0.081893,0.829565,0.829565,0,0,0
3973,16-Aug-05,24:00:00,263.780797,0.101131,0.531454,0.531454,0,0,0,0.101126,0.675305,0.675305,0,0,0,0.101114,0.781255,0.781255,0,0,0
3974,17-Aug-05,24:00:00,263.529661,0.106977,0.500504,0.500504,0,0,0,0.10697,0.635978,0.635978,0,0,0,0.106965,0.735758,0.735758,0,0,0
3975,18-Aug-05,24:00:00,265.023224,0.085115,0.471357,0.471357,0,0,0,0.085111,0.598942,0.598942,0,0,0,0.085107,0.692911,0.692911,0,0,0
3976,19-Aug-05,24:00:00,265.047128,0.090007,0.443907,0.443907,0,0,0,0.090006,0.564062,0.564062,0,0,0,0.089994,0.652559,0.652559,0,0,0
3977,20-Aug-05,24:00:00,264.589226,0.10144,0.418056,0.418056,0,0,0,0.101429,0.531214,0.531214,0,0,0,0.101407,0.614557,0.614557,0,0,0
3978,21-Aug-05,24:00:00,264.491131,0.102815,0.39371,0.39371,0,0,0,0.102804,0.500278,0.500278,0,0,0,0.102782,0.578768,0.578768,0,0,0
3979,22-Aug-05,24:00:00,263.782258,0.104327,0.370782,0.370782,0,0,0,0.104314,0.471144,0.471144,0,0,0,0.104289,0.545063,0.545063,0,0,0
3980,23-Aug-05,24:00:00,262.084498,0.108833,0.34919,0.34919,0,0,0,0.108818,0.443707,0.443707,0,0,0,0.108786,0.513321,0.513321,0,0,0
3981,24-Aug-05,24:00:00,261.257537,0.103315,0.328855,0.328855,0,0,0,0.103301,0.417867,0.417867,0,0,0,0.103271,0.483427,0.483427,0,0,0
3982,25-Aug-05,24:00:00,259.307022,0.097228,0.309704,0.309704,0,0,0,0.097217,0.393533,0.393533,0,0,0,0.097195,0.455275,0.455275,0,0,0
3983,26-Aug-05,24:00:00,255.012684,0.104105,0.291668,0.291668,0,0,0,0.104089,0.370615,0.370615,0,0,0,0.104058,0.428761,0.428761,0,0,0
3984,27-Aug-05,24:00:00,248.716516,0.099952,0.274682,0.274682,0,0,0,0.099939,0.349032,0.349032,0,0,0,0.099912,0.403792,0.403792,0,0,0
3985,28-Aug-05,24:00:00,246.644036,0.105054,0.258686,0.258686,0,0,0,0.105037,0.328706,0.328706,0,0,0,0.105003,0.380277,0.380277,0,0,0
3986,29-Aug-05,24:00:00,248.160936,0.099731,0.243621,0.243621,0,0,0,0.099718,0.309564,0.309564,0,0,0,0.099693,0.358132,0.358132,0,0,0
3987,30-Aug-05,24:00:00,250.100854,0.091294,0.229434,0.229434,0,0,0,0.091279,0.291536,0.291536,0,0,0,0.091251,0.337276,0.337276,0,0,0
3988,31-Aug-05,24:00:00,251.42821,0.098817,0.216073,0.216073,0,0,0,0.098799,0.274558,0.274558,0,0,0,0.098764,0.317634,0.317634,0,0,0
3989,1-Sep-05,24:00:00,251.142573,0.095193,0.20349,0.20349,0,0,0,0.095178,0.258569,0.258569,0,0,0,0.09515,0.299137,0.299137,0,0,0
3990,2-Sep-05,24:00:00,249.487769,0.097618,0.191639,0.191639,0,0,0,0.097604,0.243511,0.243511,0,0,0,0.097578,0.281716,0.281716,0,0,0
3991,3-Sep-05,24:00:00,248.0736,0.08964,0.180479,0.180479,0,0,0,0.089625,0.22933,0.22933,0,0,0,0.089599,0.26531,0.26531,0,0,0
3992,4-Sep-05,24:00:00,248.893815,0.08552,0.169969,0.169969,0,0,0,0.085507,0.215975,0.215975,0,0,0,0.085482,0.24986,0.24986,0,0,0
3993,5-Sep-05,24:00:00,250.838238,0.08879,0.160071,0.160071,0,0,0,0.088776,0.203398,0.203398,0,0,0,0.088749,0.235309,0.235309,0,0,0
3994,6-Sep-05,24:00:00,247.204824,0.088722,0.150749,0.150749,0,0,0,0.088709,0.191553,0.191553,0,0,0,0.088682,0.221606,0.221606,0,0,0
3995,7-Sep-05,24:00:00,235.871732,0.089292,0.14197,0.14197,0,0,0,0.089276,0.180398,0.180398,0,0,0,0.089245,0.208701,0.208701,0,0,0
3996,8-Sep-05,24:00:00,229.968886,0.059629,0.133702,0.133702,0,0,0,0.059615,0.169892,0.169892,0,0,0,0.05959,0.196547,0.196547,0,0,0
3997,9-Sep-05,24:00:00,228.861483,0.070347,0.125916,0.125916,0,0,0,0.070343,0.159998,0.159998,0,0,0,0.070336,0.185101,0.185101,0,0,0
3998,10-Sep-05,24:00:00,227.83317,0.079103,0.118583,0.118583,0,0,0,0.079103,0.150681,0.150681,0,0,0,0.079103,0.174321,0.174321,0,0,0
3999,11-Sep-05,24:00:00,229.917005,0.073834,0.111677,0.111677,0,0,0,0.073832,0.141906,0.141906,0,0,0,0.073828,0.16417,0.16417,0,0,0
4000,12-Sep-05,24:00:00,231.996298,0.077018,0.105174,0.105174,0,0,0,0.077018,0.133642,0.133642,0,0,0,0.077018,0.154609,0.154609,0,0,0
4001,13-Sep-05,24:00:00,232.368943,0.077083,0.099049,0.099049,0,0,0,0.077083,0.125859,0.125859,0,0,0,0.077089,0.145605,0.145605,0,0,0
4002,14-Sep-05,24:00:00,229.243246,0.071064,0.093281,0.093281,0,0,0,0.071064,0.11853,0.11853,0,0,0,0.071071,0.137126,0.137126,0,0,0
4003,15-Sep-05,24:00:00,227.362787,0.073414,0.087849,0.087849,0,0,0,0.073414,0.111627,0.111627,0,0,0,0.073417,0.12914,0.12914,0,0,0
4004,16-Sep-05,24:00:00,227.31354,0.069694,0.082733,0.082733,0,0,0,0.069694,0.105126,0.105126,0,0,0,0.0697,0.12162,0.12162,0,0,0
4005,17-Sep-05,24:00:00,227.295086,0.071368,0.077915,0.077915,0,0,0,0.071369,0.099004,0.099004,0,0,0,0.071369,0.114537,0.114537,0,0,0
4006,18-Sep-05,24:00:00,229.143895,0.075403,0.073377,0.073377,0,0,0,0.075403,0.093239,0.093239,0,0,0,0.075403,0.107867,0.107867,0,0,0
4007,19-Sep-05,24:00:00,231.487665,0.071629,0.069104,0.069104,0,0,0,0.071617,0.087809,0.087809,0,0,0,0.071594,0.101585,0.101585,0,0,0
4008,20-Sep-05,24:00:00,232.234318,0.08096,0.06508,0.06508,0,0,0,0.080955,0.082695,0.082695,0,0,0,0.080947,0.09567,0.09567,0,0,0
4009,21-Sep-05,24:00:00,198.586148,0.069796,0.06129,0.06129,0,0,0,0.069795,0.07788,0.07788,0,0,0,0.069794,0.090098,0.090098,0,0,0
4010,22-Sep-05,24:00:00,201.689995,0.077443,0.057721,0.057721,0,0,0,0.077443,0.073344,0.073344,0,0,0,0.077443,0.084851,0.084851,0,0,0
4011,23-Sep-05,24:00:00,225.066292,0.070361,0.054359,0.054359,0,0,0,0.070361,0.069073,0.069073,0,0,0,0.070361,0.07991,0.07991,0,0,0
4012,24-Sep-05,24:00:00,224.574362,0.067961,0.051194,0.051194,0,0,0,0.067961,0.06505,0.06505,0,0,0,0.067961,0.075256,0.075256,0,0,0
4013,25-Sep-05,24:00:00,224.81063,0.054462,0.048212,0.048212,0,0,0,0.054462,0.061262,0.061262,0,0,0,0.054461,0.070874,0.070874,0,0,0
4014,26-Sep-05,24:00:00,223.921989,0.071981,0.045405,0.045405,0,0,0,0.07198,0.057695,0.057695,0,0,0,0.071979,0.066746,0.066746,0,0,0
4015,27-Sep-05,24:00:00,223.173936,0.077496,0.04276,0.04276,0,0,0,0.077496,0.054335,0.054335,0,0,0,0.077496,0.062859,0.062859,0,0,0
4016,28-Sep-05,24:00:00,223.152598,0.071999,0.04027,0.04027,0,0,0,0.071999,0.05117,0.05117,0,0,0,0.071999,0.059199,0.059199,0,0,0
4017,29-Sep-05,24:00:00,222.521635,0.074972,0.037925,0.037925,0,0,0,0.074972,0.048191,0.048191,0,0,0,0.074971,0.055751,0.055751,0,0,0
4018,30-Sep-05,24:00:00,222.141285,0.075561,0.035717,0.035717,0,0,0,0.075546,0.045384,0.045384,0,0,0,0.075546,0.052505,0.052505,0,0,0
4019,1-Oct-05,24:00:00,223.993428,0.055935,0.033637,0.033637,0,0,0,0.055907,0.042741,0.042741,0,0,0,0.055868,0.049447,0.049447,0,0,0
4020,2-Oct-05,24:00:00,226.345921,0.059235,0.031678,0.031678,0,0,0,0.059215,0.040252,0.040252,0,0,0,0.059181,0.046567,0.046567,0,0,0
4021,3-Oct-05,24:00:00,226.47883,0.057573,0.029833,0.029833,0,0,0,0.057553,0.037908,0.037908,0,0,0,0.05752,0.043855,0.043855,0,0,0
4022,4-Oct-05,24:00:00,226.112338,0.058745,0.028096,0.028096,0,0,0,0.058724,0.0357,0.0357,0,0,0,0.058689,0.041302,0.041302,0,0,0
4023,5-Oct-05,24:00:00,226.722249,0.05733,0.026459,0.026459,0,0,0,0.057301,0.033621,0.033621,0,0,0,0.057252,0.038896,0.038896,0,0,0
4024,6-Oct-05,24:00:00,226.466359,0.065165,0.024919,0.024919,0,0,0,0.06514,0.031663,0.031663,0,0,0,0.065098,0.036631,0.036631,0,0,0
4025,7-Oct-05,24:00:00,225.472854,0.066729,0.023467,0.023467,0,0,0,0.066702,0.02982,0.02982,0,0,0,0.066657,0.034498,0.034498,0,0,0
4026,8-Oct-05,24:00:00,224.485007,0.063157,0.039346,0.022101,0.027743,0,0.000743,0.063129,0.028083,0.028083,0,0,0,0.063082,0.032489,0.032489,0,0,0
4027,9-Oct-05,24:00:00,222.975094,0.057828,0.155019,0.020814,0,0,0.003963,0.057808,0.026448,0.026448,0,0,0,0.057775,0.030597,0.030597,0,0,0
4028,10-Oct-05,24:00:00,222.096435,0.052714,0.029726,0.019602,0,0,0.003373,0.052697,0.024907,0.024907,0,0,0,0.052669,0.028815,0.028815,0,0,0
4029,11-Oct-05,24:00:00,223.313994,0.06054,0.01846,0.01846,0,0,0.000957,0.060519,0.023457,0.023457,0,0,0,0.060485,0.027137,0.027137,0,0,0
4030,12-Oct-05,24:00:00,224.675809,0.057473,0.017385,0.017385,0,0,0,0.057452,0.022091,0.022091,0,0,0,0.057417,0.025557,0.025557,0,0,0
4031,13-Oct-05,24:00:00,225.055908,0.060444,0.016373,0.016373,0,0,0,0.060418,0.020804,0.020804,0,0,0,0.060377,0.024068,0.024068,0,0,0
4032,14-Oct-05,24:00:00,223.19236,0.061413,0.015419,0.015419,0,0,0,0.06139,0.019593,0.019593,0,0,0,0.061354,0.022667,0.022667,0,0,0
4033,15-Oct-05,24:00:00,221.451046,0.029927,0.014521,0.014521,0,0,0,0.029909,0.018452,0.018452,0,0,0,0.029879,0.021347,0.021347,0,0,0
4034,16-Oct-05,24:00:00,219.813938,0.051595,0.013676,0.013676,0,0,0,0.051586,0.017377,0.017377,0,0,0,0.051571,0.020104,0.020104,0,0,0
4035,17-Oct-05,24:00:00,219.68285,0.057047,0.012879,0.012879,0,0,0,0.057047,0.016365,0.016365,0,0,0,0.057047,0.018933,0.018933,0,0,0
4036,18-Oct-05,24:00:00,220.662002,0.049737,0.012129,0.012129,0,0,0,0.049737,0.015412,0.015412,0,0,0,0.049737,0.01783,0.01783,0,0,0
4037,19-Oct-05,24:00:00,220.415206,0.034001,0.011423,0.011423,0,0,0,0.033989,0.014515,0.014515,0,0,0,0.033969,0.016792,0.016792,0,0,0
4038,20-Oct-05,24:00:00,220.668714,0.046458,0.010758,0.010758,0,0,0,0.046455,0.013669,0.013669,0,0,0,0.046451,0.015814,0.015814,0,0,0
4039,21-Oct-05,24:00:00,222.276391,0.046839,0.010131,0.010131,0,0,0,0.046839,0.012873,0.012873,0,0,0,0.046838,0.014893,0.014893,0,0,0
4040,22-Oct-05,24:00:00,223.64606,0.048114,0.009541,0.009541,0,0,0,0.048113,0.012124,0.012124,0,0,0,0.048111,0.014026,0.014026,0,0,0
4041,23-Oct-05,24:00:00,223.405933,0.045883,0.008986,0.008986,0,0,0,0.045882,0.011418,0.011418,0,0,0,0.045881,0.013209,0.013209,0,0,0
4042,24-Oct-05,24:00:00,224.282019,0.048834,0.008462,0.008462,0,0,0,0.048834,0.010753,0.010753,0,0,0,0.048832,0.01244,0.01244,0,0,0
4043,25-Oct-05,24:00:00,225.018192,0.044181,0.007969,0.007969,0,0,0,0.044159,0.010127,0.010127,0,0,0,0.044124,0.011715,0.011715,0,0,0
4044,26-Oct-05,24:00:00,240.289278,0.038525,0.435031,0.007505,0.086283,0,0.010843,0.038508,9.508008,0.009537,0.123405,0,0.015707,0.038479,7.699129,0.011033,0.166047,0,0.021211
4045,27-Oct-05,24:00:00,229.130863,0.02687,0.082169,0.007068,0.114652,0,0.012917,0.02685,1.221441,0.008981,0.15429,0,0.018513,0.026818,0.294302,0.010391,0.199471,0,0.025066
4046,28-Oct-05,24:00:00,293.052134,0.014434,2.990585,0.006657,0.501255,0,0.087758,0.014421,44.93741,0.008458,0.427897,0,0.093188,0.0144,28.760324,0.009785,0.428052,0,0.105736
4047,29-Oct-05,24:00:00,239.790975,0.033478,0.583918,0.006269,0,0,0.100313,0.033459,5.062753,0.007966,0,0,0.100799,0.033439,0.029583,0.009216,0,0,0.113367
4048,30-Oct-05,24:00:00,224.823309,0.033186,0.031175,0.005904,0,0,0.100313,0.033169,0.064413,0.007502,0,0,0.100799,0.033142,0.008679,0.008679,0,0,0.113367
4049,31-Oct-05,24:00:00,224.650896,0.034136,0.00556,0.00556,0,0,0.099796,0.034116,0.007065,0.007065,0,0,0.099909,0.034084,0.008174,0.008174,0,0,0.112484
4050,1-Nov-05,24:00:00,225.013865,0.029929,0.005236,0.005236,0,0,0.096852,0.029915,0.006654,0.006654,0,0,0.096551,0.029892,0.007698,0.007698,0,0,0.109135
4051,2-Nov-05,24:00:00,225.018635,0.034818,0.004931,0.004931,0,0,0.09226,0.034791,0.006266,0.006266,0,0,0.091962,0.034747,0.007249,0.007249,0,0,0.10455
4052,3-Nov-05,24:00:00,234.216542,0.010462,0.613144,0.004644,0.722577,0,0.10975,0.01045,15.175777,0.005901,0.82311,0,0.114531,0.010433,22.550401,0.006827,0.936366,0,0.133357
4053,4-Nov-05,24:00:00,329.270932,0.02195,3.460135,0.004374,0.022695,0,0.19495,0.021931,54.924327,0.005558,0.024263,0,0.209457,0.021901,22.019525,0.00643,0.025965,0,0.238467
4054,5-Nov-05,24:00:00,233.292279,0.013505,0.278474,0.004119,0,0,0.195018,0.013487,2.875535,0.005234,0,0,0.209529,0.013462,0.006055,0.006055,0,0,0.238544
4055,6-Nov-05,24:00:00,224.518172,0.016631,0.005648,0.003879,0,0,0.195018,0.016615,0.004929,0.004929,0,0,0.209529,0.016589,0.005702,0.005702,0,0,0.238544
4056,7-Nov-05,24:00:00,301.025704,0.012546,4.423333,0.003653,1.591855,0,0.295371,0.012533,76.263586,0.004642,1.513169,0,0.31249,0.012512,60.84601,0.00537,1.479744,0,0.343184
4057,8-Nov-05,24:00:00,322.547116,0.02657,4.793332,0.00344,0.050194,0,0.428275,0.026558,51.883617,0.004372,0,0,0.425696,0.026525,7.677703,0.005058,0,0,0.449936
4058,9-Nov-05,24:00:00,179.741016,0.041526,0.354341,0.00324,0,0,0.429596,0.041499,2.149916,0.004117,0,0,0.425696,0.041457,0.004763,0.004763,0,0,0.449936
4059,10-Nov-05,24:00:00,150.64741,0.038498,0.005493,0.003051,0,0,0.429278,0.038469,0.003877,0.003877,0,0,0.425374,0.038425,0.004486,0.004486,0,0,0.44962
4060,11-Nov-05,24:00:00,144.543957,0.014473,0.002874,0.002874,0,0,0.427754,0.014457,0.003652,0.003652,0,0,0.423843,0.014432,0.004224,0.004224,0,0,0.448102
4061,12-Nov-05,24:00:00,142.683736,0.030829,0.002706,0.002706,0,0,0.424327,0.030808,0.003439,0.003439,0,0,0.42042,0.030775,0.003978,0.003978,0,0,0.444682
4062,13-Nov-05,24:00:00,142.520186,0.030611,0.002549,0.002549,0,0,0.420101,0.030582,0.003239,0.003239,0,0,0.416197,0.030537,0.003747,0.003747,0,0,0.440465
4063,14-Nov-05,24:00:00,147.004243,0.035628,0.0024,0.0024,0,0,0.415266,0.035606,0.00305,0.00305,0,0,0.411366,0.035572,0.003529,0.003529,0,0,0.43564
4064,15-Nov-05,24:00:00,155.139078,0.031452,0.002261,0.002261,0,0,0.410453,0.03142,0.002872,0.002872,0,0,0.406556,0.031371,0.003323,0.003323,0,0,0.430836
4065,16-Nov-05,24:00:00,158.666866,0.028764,0.002129,0.002129,0,0,0.40616,0.028731,0.002705,0.002705,0,0,0.402268,0.028687,0.00313,0.00313,0,0,0.426555
4066,17-Nov-05,24:00:00,158.989588,0.02815,0.002005,0.002005,0,0,0.402084,0.028116,0.002548,0.002548,0,0,0.398197,0.02807,0.002947,0.002947,0,0,0.422491
4067,18-Nov-05,24:00:00,159.455987,0.031008,0.001888,0.001888,0,0,0.397907,0.030973,0.002399,0.002399,0,0,0.394025,0.030919,0.002776,0.002776,0,0,0.418325
4068,19-Nov-05,24:00:00,159.50536,0.028242,0.001778,0.001778,0,0,0.393645,0.028208,0.00226,0.00226,0,0,0.389768,0.028155,0.002614,0.002614,0,0,0.414076
4069,20-Nov-05,24:00:00,158.605814,0.027156,0.001675,0.001675,0,0,0.38969,0.027119,0.002128,0.002128,0,0,0.385818,0.027061,0.002462,0.002462,0,0,0.410133
4070,21-Nov-05,24:00:00,157.610879,0.026195,0.001577,0.001577,0,0,0.385874,0.02616,0.002004,0.002004,0,0,0.382007,0.026107,0.002318,0.002318,0,0,0.406331
4071,22-Nov-05,24:00:00,157.060369,0.025892,0.001485,0.001485,0,0,0.382167,0.025855,0.001887,0.001887,0,0,0.378305,0.025798,0.002183,0.002183,0,0,0.402637
4072,23-Nov-05,24:00:00,157.00825,0.025258,0.001399,0.001399,0,0,0.378488,0.025224,0.001777,0.001777,0,0,0.374631,0.025171,0.002056,0.002056,0,0,0.39897
4073,24-Nov-05,24:00:00,156.555565,0.022107,0.001317,0.001317,0,0,0.375096,0.02208,0.001674,0.001674,0,0,0.371244,0.022036,0.001937,0.001937,0,0,0.39559
4074,25-Nov-05,24:00:00,217.863371,0.023002,2.52492,0.001241,0.548397,0,0.433039,0.022977,48.688919,0.001576,0.665715,0,0.444183,0.022938,33.821805,0.001824,0.732227,0,0.477088
4075,26-Nov-05,24:00:00,188.296987,0.028079,0.639557,0.001168,0,0,0.451908,0.028047,8.446438,0.001485,0,0,0.464818,0.028004,0.084403,0.001718,0,0,0.498669
4076,27-Nov-05,24:00:00,160.055517,0.020294,0.032837,0.0011,0,0,0.451908,0.02026,0.187267,0.001398,0,0,0.464818,0.020214,0.001618,0.001618,0,0,0.498669
4077,28-Nov-05,24:00:00,203.819177,0.007493,2.515643,0.001036,1.247537,0,0.512579,0.007488,54.238941,0.001317,1.461607,0,0.539913,0.007481,57.681524,0.001523,1.634129,0,0.587367
4078,29-Nov-05,24:00:00,311.886541,0.011597,4.754187,0.000976,0.063191,0,0.638593,0.011594,68.413197,0.00124,0,0,0.673619,0.011587,17.982892,0.001435,0,0,0.732116
4079,30-Nov-05,24:00:00,177.969474,0.008535,0.407937,0.000919,0.163184,0,0.6418,0.008523,4.577842,0.001168,0.186788,0,0.677341,0.008506,2.355323,0.001351,0.238477,0,0.736603
4080,1-Dec-05,24:00:00,1181.00,0.013332,32.307228,20.771753,2.685993,0.323262,0.893838,0.013324,299.803783,48.567847,2.581945,0.484064,0.915602,0.013312,1565.53,519.361436,2.299345,0.662633,0.949868
4081,2-Dec-05,24:00:00,2055.19,0.012946,196.32328,191.578211,0,0,1,0.012933,463.110635,347.002535,0,0,1,0.01291,451.059516,343.399569,0,0,1
4082,3-Dec-05,24:00:00,492.533459,0.01958,90.43998,90.168529,0,0,1,0.019552,131.029776,126.598986,0,0,1,0.019506,43.568752,43.568752,0,0,1
4083,4-Dec-05,24:00:00,277.365237,0.017453,27.778586,27.778586,0,0,1,0.017427,37.187778,37.187778,0,0,1,0.017388,40.202873,40.202873,0,0,1
4084,5-Dec-05,24:00:00,241.056321,0.01946,15.226605,15.226605,0,0,1,0.019425,23.896226,23.896226,0,0,1,0.01937,37.860906,37.860906,0,0,1
4085,6-Dec-05,24:00:00,233.260386,0.018489,12.859905,12.859905,0,0,1,0.018454,21.430217,21.430217,0,0,1,0.018402,35.656057,35.656057,0,0,1
4086,7-Dec-05,24:00:00,228.817936,0.00792,11.94184,11.94184,0,0,1,0.007911,20.094455,20.094455,0,0,1,0.007896,33.579609,33.579609,0,0,1
4087,8-Dec-05,24:00:00,224.367387,0.016547,11.228916,11.228916,0,0,0.998952,0.016522,18.917757,18.917757,0,0,0.998938,0.016483,31.624084,31.624084,0,0,0.998875
4088,9-Dec-05,24:00:00,210.815882,0.020864,10.573304,10.573304,0,0,0.996289,0.020829,17.815624,17.815624,0,0,0.996269,0.020776,29.78244,29.78244,0,0,0.996175
4089,10-Dec-05,24:00:00,191.336368,0.019352,9.957407,9.957407,0,0,0.993437,0.019322,16.778092,16.778092,0,0,0.993422,0.019275,28.048044,28.048044,0,0,0.993335
4090,11-Dec-05,24:00:00,178.756332,0.017891,9.377518,9.377518,0,0,0.990731,0.017859,15.80101,15.80101,0,0,0.990721,0.01781,26.414653,26.414653,0,0,0.99064
4091,12-Dec-05,24:00:00,175.248843,0.016864,8.831413,8.831413,0,0,0.988251,0.016835,14.88083,14.88083,0,0,0.988245,0.016789,24.876382,24.876382,0,0,0.988171
4092,13-Dec-05,24:00:00,172.802926,0.013004,8.317111,8.317111,0,0,0.986188,0.01298,14.014238,14.014238,0,0,0.986185,0.012942,23.427694,23.427694,0,0,0.986118
4093,14-Dec-05,24:00:00,170.570917,0.015231,7.83276,7.83276,0,0,0.984169,0.015207,13.198112,13.198112,0,0,0.98417,0.01517,22.06337,22.06337,0,0,0.984108
4094,15-Dec-05,24:00:00,168.9521,0.017464,7.376615,7.376615,0,0,0.98178,0.017432,12.429513,12.429513,0,0,0.981785,0.017381,20.778499,20.778499,0,0,0.981729
4095,16-Dec-05,24:00:00,176.452528,0.013328,7.829813,7.352258,0.235855,0.099703,0.992784,0.013305,23.437984,12.712925,0.300905,0.164807,0.997504,0.013269,19.779229,19.568453,0.062387,0,0.981171
4096,17-Dec-05,24:00:00,866.109512,0.00614,208.371353,205.664962,0.424627,0.424627,1,0.006129,394.783776,345.245939,0.477521,0.477521,1,0.006112,344.207876,325.710647,0.345426,0.271348,0.99947
4097,18-Dec-05,24:00:00,3891.99,0.010437,1179.41,548.232023,1.416393,1.416393,1,0.010413,1213.78,701.956789,1.158664,1.158664,1,0.010376,1753.41,1186.70,1.140867,1.140867,1
4098,19-Dec-05,24:00:00,8834.22,0.01055,1949.10,1142.55,1.388561,1.388561,1,0.010534,2548.97,1188.09,1.573757,1.573757,1,0.010512,4601.46,1712.34,1.555307,1.555307,1
4099,20-Dec-05,24:00:00,5063.35,0.008923,1356.70,1212.51,0.845017,0.845017,1,0.008914,1670.24,1406.33,0.816176,0.816176,1,0.0089,1419.81,1380.36,0.736321,0.736321,1
4100,21-Dec-05,24:00:00,4014.78,0.008799,1056.24,1005.10,0.940194,0.940194,1,0.008797,1340.05,1168.43,0.998338,0.998338,1,0.008793,2028.07,1381.63,1.107147,1.107147,1
4101,22-Dec-05,24:00:00,6742.07,0.010574,1309.00,1047.10,0.78726,0.78726,1,0.010566,1702.42,1204.68,0.761192,0.761192,1,0.010554,3575.15,1758.09,0.850205,0.850205,1
4102,23-Dec-05,24:00:00,3649.08,0.011364,998.081099,913.167831,0.234511,0.234511,1,0.011351,1092.28,985.593353,0.297985,0.297985,1,0.011331,659.967022,614.079122,0.175893,0.175893,1
4103,24-Dec-05,24:00:00,1915.07,0.019086,554.189424,548.504579,0,0,1,0.019053,649.13397,625.33364,0,0,1,0.019002,516.523454,510.848975,0,0,1
4104,25-Dec-05,24:00:00,1208.52,0.009153,331.065914,330.973985,0.057254,0.057254,1,0.009145,373.283603,372.13035,0.057399,0.057399,1,0.009123,322.339007,322.296892,0.057777,0.057777,1
4105,26-Dec-05,24:00:00,2496.73,0.022821,516.663607,503.315714,0.666165,0.666165,1,0.02279,780.186654,619.520949,0.672656,0.672656,1,0.022744,1306.57,1174.80,0.671407,0.671407,1
4106,27-Dec-05,24:00:00,5524.73,0.010627,1479.53,723.603975,1.33426,1.33426,1,0.010606,2042.18,859.852114,1.36003,1.36003,1,0.010574,3520.99,1310.66,1.357366,1.357366,1
4107,28-Dec-05,24:00:00,15539.93,0.016454,3843.44,1353.12,1.21104,1.21104,1,0.01644,4821.80,1638.68,1.320993,1.320993,1,0.016418,5884.43,2428.20,1.306743,1.306743,1
4108,29-Dec-05,24:00:00,7490.22,0.009857,1592.04,1215.14,0.182593,0.182593,1,0.009831,1777.67,1399.30,0.236737,0.236737,1,0.009805,871.014221,859.377902,0.230323,0.230323,1
4109,30-Dec-05,24:00:00,10479.43,0.009028,2483.00,949.447825,1.653454,1.653454,1,0.009017,3475.12,1157.46,1.672281,1.672281,1,0.008999,6967.23,2012.98,1.664399,1.664399,1
4110,31-Dec-05,24:00:00,29531.10,0.01559,7014.23,1581.36,1.058834,1.058834,1,0.015579,8390.98,1899.11,1.102383,1.102383,1,0.015563,8985.31,2481.53,1.097206,1.097206,1
4111,1-Jan-06,24:00:00,10444.03,0.012532,2471.89,1340.84,0.862045,0.862045,1,0.012516,2687.66,1503.23,0.872659,0.872659,1,0.012494,2798.83,1409.91,0.900189,0.900189,1
4112,2-Jan-06,24:00:00,8257.38,0.019151,1511.66,1093.08,0,0,1,0.019126,1657.08,1254.39,0.102068,0.102068,1,0.019086,1306.87,1206.56,0.105227,0.105227,1
4113,3-Jan-06,24:00:00,5468.55,0.007362,671.021901,645.063835,0.472192,0.472192,1,0.007356,786.719004,758.330224,0.425182,0.425182,1,0.007346,797.977471,787.157641,0.416062,0.416062,1
4114,4-Jan-06,24:00:00,6969.07,0.021693,699.790739,697.843194,0,0,1,0.021671,823.316201,798.047837,0,0,1,0.021638,923.101506,914.490981,0,0,1
4115,5-Jan-06,24:00:00,6274.20,0.018303,515.276543,515.017298,0.295459,0.295459,1,0.018272,568.793437,564.698015,0.351466,0.351466,1,0.018225,610.104019,605.593527,0.398974,0.398974,1
4116,6-Jan-06,24:00:00,6410.69,0.016535,562.972624,561.370402,0.02401,0.02401,1,0.01651,728.454021,700.298045,0.027941,0.027941,1,0.01647,1023.83,1008.42,0.031285,0.031285,1
4117,7-Jan-06,24:00:00,5415.95,0.01045,458.13098,457.991093,0,0,1,0.010438,537.497083,535.844327,0,0,1,0.010419,518.197989,518.197989,0,0,1
4118,8-Jan-06,24:00:00,4641.32,0.019638,358.746843,358.717068,0.149698,0.149698,1,0.019613,418.17964,417.119559,0.23483,0.23483,1,0.019575,512.331308,510.14745,0.311175,0.311175,1
4119,9-Jan-06,24:00:00,3715.34,0.016598,515.141988,512.94947,0.294607,0.294607,1,0.016575,796.12084,746.425048,0.422097,0.422097,1,0.016539,1512.08,1475.07,0.536413,0.536413,1
4120,10-Jan-06,24:00:00,2059.55,0.012068,491.115185,490.761901,0,0,1,0.012051,652.279032,646.55539,0,0,1,0.012016,517.801761,517.747233,0,0,1
4121,11-Jan-06,24:00:00,1352.44,0.026269,341.348422,341.33491,0,0,1,0.026238,408.979067,408.897043,0,0,1,0.026191,457.651979,457.651979,0,0,1
4122,12-Jan-06,24:00:00,1634.55,0.016882,319.777201,318.924435,0.384886,0.384886,1,0.01686,465.852166,406.234963,0.691637,0.691637,1,0.016827,1405.17,806.600895,0.860607,0.860607,1
4123,13-Jan-06,24:00:00,3731.36,0.019255,533.840315,532.040509,0.121288,0.121288,1,0.01924,1024.89,939.494991,0.298966,0.298966,1,0.019216,1768.73,1653.57,0.45191,0.45191,1
4124,14-Jan-06,24:00:00,2072.86,0.016844,564.757553,562.523247,0.42017,0.42017,1,0.016838,765.846567,744.8638,0.181705,0.181705,1,0.016827,526.380625,526.008808,0,0,1
4125,15-Jan-06,24:00:00,1692.77,0.02278,497.492245,497.007356,0,0,1,0.022757,490.200733,487.062209,0.021846,0.021846,1,0.022722,461.546183,460.311983,0.041251,0.041251,1
4126,16-Jan-06,24:00:00,1804.38,0.008158,315.701577,315.67842,0,0,1,0.008148,366.024201,364.704943,0,0,1,0.008133,450.458924,449.78317,0,0,1
4127,17-Jan-06,24:00:00,1908.50,0.009654,265.879759,265.585458,0.300943,0.300943,1,0.009645,329.769399,325.961281,0.16783,0.16783,1,0.00963,405.268281,404.567877,0.02764,0.02764,1
4128,18-Jan-06,24:00:00,2320.62,0.013912,473.492529,471.233975,0.204262,0.204262,1,0.013895,466.171553,449.881484,0.086849,0.086849,1,0.013868,421.850113,420.337724,0.020203,0.020203,1
4129,19-Jan-06,24:00:00,2563.78,0.017323,419.433594,419.058948,0,0,1,0.017303,372.690735,370.841652,0,0,1,0.017276,354.031892,354.029504,0,0,1
4130,20-Jan-06,24:00:00,2458.76,0.00924,271.154721,271.139967,0,0,1,0.009228,285.007055,284.968803,0,0,1,0.009209,332.079661,332.079661,0,0,1
4131,21-Jan-06,24:00:00,1812.59,0.016553,223.458725,223.456404,0.073888,0.073888,1,0.016526,257.577246,257.437279,0.140232,0.140232,1,0.016484,317.354588,317.030023,0.168976,0.168976,1
4132,22-Jan-06,24:00:00,1729.19,0.020193,243.172399,242.785377,0,0,1,0.020171,343.379839,332.218753,0,0,1,0.020138,551.514952,542.601775,0.030539,0.030539,1
4133,23-Jan-06,24:00:00,1956.80,0.032581,273.7438,272.855434,0.201889,0.201889,1,0.032549,439.03276,412.089779,0.399838,0.399838,1,0.032499,931.389377,905.30747,0.574618,0.574618,1
4134,24-Jan-06,24:00:00,1960.27,0.027486,298.440977,298.129873,0,0,1,0.02746,479.577283,471.585242,0,0,1,0.02742,417.749915,417.226565,0,0,1
4135,25-Jan-06,24:00:00,1866.61,0.017848,249.704311,249.108406,0.131554,0.131554,1,0.017838,392.747869,374.483134,0.256678,0.256678,1,0.017822,843.805228,822.33074,0.466568,0.466568,1
4136,26-Jan-06,24:00:00,1677.81,0.018441,245.776038,245.597969,0,0,1,0.018424,372.49115,368.50181,0,0,1,0.018397,365.316401,365.188422,0,0,1
4137,27-Jan-06,24:00:00,2840.14,0.015986,362.222107,359.717992,0.623711,0.623711,1,0.015967,659.655216,593.528681,1.15859,1.15859,1,0.015935,1836.11,1566.72,1.504787,1.504787,1
4138,28-Jan-06,24:00:00,3940.43,0.008061,551.993961,549.041923,0.705384,0.705384,1,0.008049,1108.16,1038.85,0.769696,0.769696,1,0.00803,1635.00,1588.80,0.823754,0.823754,1
4139,29-Jan-06,24:00:00,3355.84,0.010394,681.074777,678.917147,0,0,1,0.010381,971.540108,942.020119,0,0,1,0.010362,812.74983,807.977266,0,0,1
4140,30-Jan-06,24:00:00,2367.13,0.020135,453.460106,442.470671,0.508173,0.508173,1,0.018157,587.801713,543.935443,0.507086,0.507086,1,0.018122,922.380882,851.355588,0.507681,0.507681,1
4141,31-Jan-06,24:00:00,3022.72,0.01921,518.005949,511.533553,0,0,1,0.018469,642.041306,624.603968,0,0,1,0.018444,566.802464,563.905003,0,0,1
4142,1-Feb-06,24:00:00,2610.15,0.00913,327.802607,326.765556,0.187347,0.187347,1,0.009121,408.101858,396.605228,0.191815,0.191815,1,0.009106,576.557047,567.812429,0.199087,0.199087,1
4143,2-Feb-06,24:00:00,2897.80,0.014366,314.196302,313.774043,0,0,1,0.014355,400.535824,395.088226,0,0,1,0.014338,422.403308,421.930032,0,0,1
4144,3-Feb-06,24:00:00,2722.07,0.023511,221.697949,221.671907,0,0,1,0.02349,280.96965,280.758807,0,0,1,0.023458,345.754145,345.754145,0,0,1
4145,4-Feb-06,24:00:00,3055.45,0.033229,236.307536,235.612774,0.143536,0.143536,1,0.033204,348.532836,334.141344,0.19162,0.19162,1,0.033171,618.462961,607.71606,0.232258,0.232258,1
4146,5-Feb-06,24:00:00,2495.39,0.029553,234.667423,234.532185,0,0,1,0.029529,322.337077,320.264828,0,0,1,0.029494,333.224821,333.217994,0,0,1
4147,6-Feb-06,24:00:00,1737.56,0.030399,177.699099,177.693164,0,0,1,0.030373,235.099202,235.064411,0,0,1,0.030331,303.31943,303.31943,0,0,1
4148,7-Feb-06,24:00:00,1381.27,0.033654,155.782218,155.782218,0,0,0.998285,0.033627,208.75343,208.75343,0,0,0.998294,0.033587,285.641591,285.641591,0,0,0.998305
4149,8-Feb-06,24:00:00,1206.57,0.034675,144.931204,144.931204,0,0,0.99383,0.03465,195.209191,195.209191,0,0,0.993849,0.03461,269.007101,269.007101,0,0,0.993872
4150,9-Feb-06,24:00:00,983.342111,0.038192,136.273448,136.273448,0,0,0.988664,0.038165,183.719687,183.719687,0,0,0.988687,0.038121,253.341339,253.341339,0,0,0.988716
4151,10-Feb-06,24:00:00,776.772043,0.037404,128.314036,128.314036,0,0,0.983281,0.037376,173.011315,173.011315,0,0,0.983307,0.037332,238.587881,238.587881,0,0,0.983342
4152,11-Feb-06,24:00:00,693.004459,0.042284,120.83927,120.83927,0,0,0.97764,0.042258,162.935249,162.935249,0,0,0.97767,0.042216,224.693597,224.693597,0,0,0.977711
4153,12-Feb-06,24:00:00,661.967285,0.038846,113.801916,113.801916,0,0,0.971776,0.038821,153.446589,153.446589,0,0,0.97181,0.038781,211.608454,211.608454,0,0,0.971857
4154,13-Feb-06,24:00:00,634.086003,0.041505,107.174585,107.174585,0,0,0.966087,0.04148,144.510548,144.510548,0,0,0.966125,0.041441,199.285331,199.285331,0,0,0.966178
4155,14-Feb-06,24:00:00,608.213312,0.049188,100.933218,100.933218,0,0,0.959829,0.049167,136.094904,136.094904,0,0,0.959869,0.049132,187.679851,187.679851,0,0,0.959927
4156,15-Feb-06,24:00:00,584.841633,0.03625,95.055322,95.055322,0,0,0.953505,0.036228,128.16935,128.16935,0,0,0.953549,0.036193,176.750222,176.750222,0,0,0.953612
4157,16-Feb-06,24:00:00,561.693451,0.027777,89.519728,89.519728,0,0,0.948957,0.02776,120.705344,120.705344,0,0,0.949004,0.027732,166.457085,166.457085,0,0,0.949072
4158,17-Feb-06,24:00:00,539.471294,0.028894,84.306502,84.306502,0,0,0.944776,0.028877,113.676009,113.676009,0,0,0.944825,0.028849,156.763374,156.763374,0,0,0.944896
4159,18-Feb-06,24:00:00,519.159344,0.018237,79.396872,79.396872,0,0,0.941468,0.018224,107.05603,107.05603,0,0,0.941519,0.018202,147.634181,147.634181,0,0,0.941594
4160,19-Feb-06,24:00:00,499.816439,0.033226,74.773155,74.773155,0,0,0.937757,0.033215,100.821569,100.821569,0,0,0.93781,0.033198,139.036631,139.036631,0,0,0.937888
4161,20-Feb-06,24:00:00,481.877628,0.041132,70.418704,70.418704,0,0,0.932554,0.041113,94.950175,94.950175,0,0,0.932609,0.041071,130.939764,130.939764,0,0,0.932691
4162,21-Feb-06,24:00:00,464.764117,0.037923,66.317835,66.317835,0,0,0.926843,0.037899,89.420704,89.420704,0,0,0.926901,0.03786,123.314422,123.314422,0,0,0.926989
4163,22-Feb-06,24:00:00,450.168828,0.041585,62.455783,62.455783,0,0,0.921165,0.041564,84.213245,84.213245,0,0,0.921227,0.04153,116.133146,116.133146,0,0,0.92132
4164,23-Feb-06,24:00:00,437.020543,0.04337,58.81864,58.81864,0,0,0.915095,0.043349,79.309045,79.309045,0,0,0.915159,0.043316,109.370074,109.370074,0,0,0.915257
4165,24-Feb-06,24:00:00,423.17729,0.047264,55.393307,55.393307,0,0,0.908671,0.047242,74.690444,74.690444,0,0,0.908739,0.047205,103.000854,103.000854,0,0,0.908842
4166,25-Feb-06,24:00:00,410.056752,0.052626,52.167451,52.167451,0,0,0.901702,0.052599,70.340809,70.340809,0,0,0.901773,0.052568,97.002548,97.002548,0,0,0.901881
4167,26-Feb-06,24:00:00,398.842283,0.02458,49.44922,49.129453,0.600925,0,0.908214,0.024566,70.560649,66.244477,0.489776,0,0.905199,0.024548,95.558311,91.353556,0.406682,0,0.903343
4168,27-Feb-06,24:00:00,2640.16,0.015951,1158.10,335.891667,1.764361,1.629741,0.999599,0.01594,919.255761,411.166658,1.80986,1.564612,0.998688,0.01592,1551.92,862.743455,1.521864,1.194306,0.99734
4169,28-Feb-06,24:00:00,10272.06,0.017283,2860.44,1186.73,0.872176,0.872176,1,0.017271,2851.39,1429.70,0.947835,0.947835,1,0.017252,3120.85,1994.14,1.038399,1.038399,1
4170,1-Mar-06,24:00:00,4594.39,0.020337,996.799645,868.791913,0.25568,0.25568,1,0.020325,1055.28,961.481344,0.398379,0.398379,1,0.020306,477.831079,470.910978,0.410932,0.410932,1
4171,2-Mar-06,24:00:00,3704.78,0.022766,500.053408,497.143262,0.337374,0.337374,1,0.022754,668.340339,630.588975,0.368344,0.368344,1,0.022733,696.258216,681.857553,0.164019,0.164019,1
4172,3-Mar-06,24:00:00,3829.47,0.018814,594.714758,591.437909,0.418804,0.418804,1,0.018804,827.929689,771.890805,0.474772,0.474772,1,0.018786,978.975739,951.084798,0.482047,0.482047,1
4173,4-Mar-06,24:00:00,2345.01,0.032808,450.767882,450.229619,0,0,1,0.032793,561.703932,552.715136,0,0,1,0.032766,322.459101,321.717316,0,0,1
4174,5-Mar-06,24:00:00,3797.70,0.01564,1254.16,451.293764,1.471754,1.471754,1,0.015626,1345.73,570.355013,1.476538,1.476538,1,0.015603,2015.02,1241.55,1.416427,1.416427,1
4175,6-Mar-06,24:00:00,7365.79,0.018101,2005.96,1194.18,0.720693,0.720693,1,0.01809,2079.36,1385.33,0.5402,0.5402,1,0.018072,1525.21,1318.06,0.227019,0.227019,1
4176,7-Mar-06,24:00:00,4468.15,0.035442,1036.38,981.528274,0.262462,0.262462,1,0.035428,1032.93,975.541639,0.285459,0.285459,1,0.035407,618.56386,608.870453,0.206099,0.206099,1
4177,8-Mar-06,24:00:00,3233.32,0.04167,506.280226,505.97346,0,0,1,0.041667,511.590178,508.168031,0,0,1,0.041662,322.499442,322.492274,0,0,1
4178,9-Mar-06,24:00:00,2190.93,0.031734,288.813275,288.678019,0.100917,0.095385,0.999896,0.031728,317.530594,314.309787,0.130782,0.12606,0.999916,0.031719,325.966444,323.89416,0.080156,0.072805,0.999831
4179,10-Mar-06,24:00:00,1513.31,0.016343,286.293828,285.860834,0,0,1,0.016336,361.182482,353.443176,0,0,1,0.016319,346.763813,345.124796,0,0,1
4180,11-Mar-06,24:00:00,1092.05,0.028042,239.730353,239.700123,0,0,1,0.028033,280.441262,280.083218,0,0,1,0.028016,267.74459,267.74459,0,0,1
4181,12-Mar-06,24:00:00,1008.05,0.025221,206.893284,206.893284,0,0,1,0.025215,245.003403,243.816855,0.023962,0.023962,1,0.025191,280.899793,279.54578,0.031873,0.031873,1
4182,13-Mar-06,24:00:00,1038.63,0.020932,205.27898,202.223797,0.520959,0.520959,1,0.020923,266.395407,255.569097,0.535178,0.535178,1,0.020906,393.607047,370.066363,0.538726,0.538726,1
4183,14-Mar-06,24:00:00,4049.30,0.032296,795.500447,685.810227,0.618131,0.618131,1,0.032284,958.863903,875.578016,0.624228,0.624228,1,0.032261,1652.10,1572.53,0.656389,0.656389,1
4184,15-Mar-06,24:00:00,3044.48,0.027095,651.469663,641.197188,0,0,1,0.02708,710.102241,701.305481,0,0,1,0.027057,345.882879,345.687702,0,0,1
4185,16-Mar-06,24:00:00,2279.85,0.015661,411.785312,409.514127,0.761902,0.761902,1,0.015654,440.801356,414.328612,0.564234,0.564234,1,0.015642,646.931281,628.174227,0.466358,0.466358,1
4186,17-Mar-06,24:00:00,2800.11,0.046134,650.770436,648.590099,0,0,1,0.046119,652.276134,630.917009,0,0,1,0.046108,514.3811,511.545404,0,0,1
4187,18-Mar-06,24:00:00,1576.51,0.04962,374.078133,373.934761,0,0,1,0.049618,348.413497,347.512957,0,0,1,0.049616,274.20761,274.20761,0,0,1
4188,19-Mar-06,24:00:00,1234.06,0.05246,235.600211,235.60017,0,0,0.996747,0.05246,245.437891,245.437891,0,0,0.996749,0.05246,257.650254,257.650254,0,0,0.996744
4189,20-Mar-06,24:00:00,1236.00,0.016534,214.330208,213.834766,0.158258,0.109847,0.996808,0.016528,250.552482,241.542546,0.173838,0.125444,0.996804,0.016528,358.261099,350.734459,0.176794,0.128344,0.996688
4190,21-Mar-06,24:00:00,1398.70,0.027249,251.321006,250.920063,0,0,1,0.027239,300.359897,294.634546,0,0,1,0.027221,288.355183,287.69613,0,0,1
4191,22-Mar-06,24:00:00,1149.06,0.04615,201.12212,201.096826,0,0,1,0.046146,222.712687,222.480471,0,0,1,0.046139,223.589504,223.589504,0,0,1
4192,23-Mar-06,24:00:00,914.03866,0.062533,173.176715,173.1729,0.115294,0.077306,0.998192,0.062533,192.491517,192.354544,0.149247,0.111275,0.998193,0.062533,212.468057,212.153898,0.159623,0.121681,0.998195
4193,24-Mar-06,24:00:00,1799.42,0.018915,351.858074,349.306591,0.410456,0.410456,1,0.01891,510.593263,466.502855,0.428016,0.428016,1,0.018899,935.00553,906.891085,0.454711,0.454711,1
4194,25-Mar-06,24:00:00,2027.10,0.035048,530.363555,527.78715,0.459539,0.459539,1,0.035029,651.575165,613.532112,0.471193,0.471193,1,0.035006,802.994939,781.093918,0.481823,0.481823,1
4195,26-Mar-06,24:00:00,1579.02,0.057959,437.336016,436.757759,0,0,1,0.057956,495.440379,487.660524,0,0,1,0.05795,312.776457,312.353169,0,0,1
4196,27-Mar-06,24:00:00,870.988974,0.046623,236.105415,236.035134,0.071731,0.054273,0.999425,0.046618,251.373433,250.834594,0.025884,0.008439,0.999372,0.04661,230.417517,230.216919,0.011932,0,0.999226
4197,28-Mar-06,24:00:00,1070.93,0.028429,224.785596,224.011953,0.128683,0.128683,1,0.028417,222.393234,216.043415,0.084865,0.084865,1,0.028392,293.042937,289.023779,0.084706,0.079216,0.999624
4198,29-Mar-06,24:00:00,1841.94,0.025176,390.674639,388.570854,0.366373,0.366373,1,0.025168,395.463506,372.995853,0.259203,0.259203,1,0.025152,364.050232,359.157547,0.100172,0.100172,1
4199,30-Mar-06,24:00:00,1668.08,0.024132,351.30729,350.941132,0,0,1,0.024123,312.820278,310.137583,0,0,1,0.024105,207.08504,207.08504,0,0,1
4200,31-Mar-06,24:00:00,2397.25,0.016961,537.342793,358.666389,1.070995,1.070995,1,0.016953,518.180994,403.909257,1.059747,1.059747,1,0.016944,1062.60,1015.05,1.126293,1.126293,1
4201,1-Apr-06,24:00:00,3909.69,0.033743,988.864273,832.823166,0.167232,0.167232,1,0.033733,1038.42,954.388719,0.145184,0.145184,1,0.033714,1025.59,1010.70,0.151695,0.151695,1
4202,2-Apr-06,24:00:00,1651.23,0.023234,490.695017,480.597783,0.296381,0.296381,1,0.023226,491.942733,482.60305,0.349439,0.349439,1,0.023211,372.591545,366.977265,0.35989,0.35989,1
4203,3-Apr-06,24:00:00,2893.65,0.032607,581.094508,577.377286,0.455199,0.455199,1,0.032597,765.75712,707.139539,0.463533,0.463533,1,0.032577,1208.31,1175.10,0.479585,0.479585,1
4204,4-Apr-06,24:00:00,2909.77,0.02119,525.110696,524.026879,0.259166,0.259166,1,0.021183,578.552602,564.638566,0.260303,0.260303,1,0.021169,448.361238,439.946526,0.303954,0.303954,1
4205,5-Apr-06,24:00:00,3324.17,0.042989,430.927893,429.825832,0.033916,0.033916,1,0.042979,485.739787,469.425544,0.027619,0.027619,1,0.042956,558.577579,551.767327,0.023834,0.023834,1
4206,6-Apr-06,24:00:00,2723.20,0.036807,285.123789,285.033199,0,0,1,0.036798,301.59417,300.690952,0,0,1,0.036781,271.479565,271.479565,0,0,1
4207,7-Apr-06,24:00:00,2039.61,0.035759,218.445855,218.021556,0.365324,0.354092,0.999785,0.035759,242.783315,236.033617,0.311105,0.299889,0.999786,0.035744,350.83092,343.682811,0.28161,0.270445,0.999787
4208,8-Apr-06,24:00:00,2215.06,0.040115,395.714415,394.030105,0.019588,0.019588,1,0.040107,434.8608,415.748989,0,0,1,0.040091,502.787241,496.896582,0,0,1
4209,9-Apr-06,24:00:00,1566.32,0.031067,291.921596,291.788463,0,0,1,0.031059,280.821853,279.895006,0,0,1,0.031043,243.912004,243.912004,0,0,1
4210,10-Apr-06,24:00:00,1577.82,0.031358,225.862216,225.42475,0.109182,0.109182,1,0.031355,267.087293,257.182183,0.143824,0.143824,1,0.031341,418.406486,411.107796,0.159048,0.159048,1
4211,11-Apr-06,24:00:00,3419.30,0.023682,788.641508,443.842154,1.461176,1.461176,1,0.023678,936.998076,530.059532,1.402135,1.402135,1,0.023669,1818.49,1180.76,1.362858,1.362858,1
4212,12-Apr-06,24:00:00,9798.37,0.028806,2722.55,1267.03,0.968514,0.968514,1,0.028798,2971.38,1489.14,0.947668,0.947668,1,0.028782,3626.93,2122.09,0.955501,0.955501,1
4213,13-Apr-06,24:00:00,4411.16,0.0636,1212.85,1014.52,0,0,1,0.063591,1207.70,1042.55,0,0,1,0.063571,480.847867,479.590091,0,0,1
4214,14-Apr-06,24:00:00,3009.46,0.070992,436.167287,429.498812,0,0,0.997382,0.070982,410.664268,408.643676,0,0,0.997125,0.070959,332.272419,332.272419,0,0,0.997129
4215,15-Apr-06,24:00:00,2867.26,0.022985,272.505646,272.081138,0.526651,0.463559,0.994861,0.022979,294.83187,285.964949,0.543466,0.477097,0.994678,0.022966,416.75463,404.84235,0.558046,0.491736,0.994809
4216,16-Apr-06,24:00:00,4729.51,0.035489,653.780529,649.224914,0.435603,0.435603,1,0.035482,835.521777,770.822701,0.398813,0.398813,1,0.035457,1420.68,1383.71,0.585319,0.585319,1
4217,17-Apr-06,24:00:00,3534.94,0.060245,570.226673,569.622617,0,0,1,0.060238,597.086099,589.683805,0,0,1,0.060222,534.819984,530.762561,0,0,1
4218,18-Apr-06,24:00:00,2006.73,0.075942,310.16209,310.142227,0,0,0.997977,0.075933,316.11199,315.949971,0,0,0.997978,0.075916,329.456758,329.456758,0,0,0.99798
4219,19-Apr-06,24:00:00,1475.91,0.083715,235.483861,235.483839,0,0,0.989035,0.083705,252.267679,252.267679,0,0,0.989038,0.083685,309.584551,309.584551,0,0,0.989044
4220,20-Apr-06,24:00:00,1245.10,0.080536,213.204254,213.204254,0,0,0.977159,0.080527,232.515375,232.515375,0,0,0.977164,0.080509,291.555095,291.555095,0,0,0.977173
4221,21-Apr-06,24:00:00,1161.51,0.068702,199.747456,199.747456,0,0,0.966722,0.068704,218.526617,218.526617,0,0,0.966726,0.06869,274.576239,274.576239,0,0,0.966737
4222,22-Apr-06,24:00:00,1121.89,0.038531,188.003275,188.003275,0,0,0.958775,0.038525,205.765764,205.765764,0,0,0.95878,0.038519,258.586156,258.586156,0,0,0.958793
4223,23-Apr-06,24:00:00,1086.22,0.05953,177.043714,177.043714,0,0,0.95181,0.059516,193.780397,193.780397,0,0,0.951817,0.059502,243.527263,243.527263,0,0,0.951831
4224,24-Apr-06,24:00:00,1051.00,0.032546,166.732443,166.732443,0,0,0.945253,0.032539,182.495331,182.495331,0,0,0.945261,0.032523,229.345332,229.345332,0,0,0.945277
4225,25-Apr-06,24:00:00,1019.10,0.048573,157.022602,157.022602,0,0,0.939618,0.048564,171.867614,171.867614,0,0,0.939628,0.048543,215.989293,215.989293,0,0,0.939647
4226,26-Apr-06,24:00:00,992.870951,0.086504,147.878305,147.878305,0,0,0.929954,0.086498,161.858817,161.858817,0,0,0.929964,0.086493,203.411049,203.411049,0,0,0.929985
4227,27-Apr-06,24:00:00,971.104494,0.097113,139.266538,139.266538,0,0,0.916817,0.097113,152.432889,152.432889,0,0,0.916827,0.097113,191.565306,191.565306,0,0,0.916849
4228,28-Apr-06,24:00:00,950.2928,0.101812,131.156282,131.156282,0,0,0.902631,0.101812,143.555884,143.555884,0,0,0.902642,0.101813,180.409405,180.409405,0,0,0.902663
4229,29-Apr-06,24:00:00,930.541869,0.09509,123.518331,123.518331,0,0,0.88883,0.095104,135.195836,135.195836,0,0,0.888839,0.095104,169.903174,169.903174,0,0,0.888861
4230,30-Apr-06,24:00:00,912.346722,0.105128,116.325179,116.325179,0,0,0.8744,0.105128,127.322639,127.322639,0,0,0.874409,0.105128,160.008778,160.008778,0,0,0.874431
4231,1-May-06,24:00:00,894.917809,0.102687,109.550925,109.550925,0,0,0.859505,0.102687,119.907942,119.907942,0,0,0.859514,0.102688,150.690588,150.690588,0,0,0.859535
4232,2-May-06,24:00:00,877.871804,0.099729,103.171172,103.171172,0,0,0.844981,0.099729,112.925044,112.925044,0,0,0.84499,0.09973,141.915047,141.915047,0,0,0.845011
4233,3-May-06,24:00:00,859.024091,0.088896,97.162948,97.162948,0,0,0.831452,0.088896,106.348798,106.348798,0,0,0.831461,0.088897,133.650554,133.650554,0,0,0.831482
4234,4-May-06,24:00:00,838.106251,0.065671,91.504616,91.504616,0,0,0.820665,0.065682,100.155523,100.155523,0,0,0.820673,0.06568,125.867347,125.867347,0,0,0.820694
4235,5-May-06,24:00:00,682.425515,0.076011,86.175799,86.175799,0,0,0.810732,0.076012,94.322916,94.322916,0,0,0.810739,0.076011,118.5374,118.5374,0,0,0.810761
4236,6-May-06,24:00:00,540.434053,0.09236,81.157309,81.157309,0,0,0.798353,0.09236,88.829975,88.829975,0,0,0.79836,0.09236,111.634316,111.634316,0,0,0.798381
4237,7-May-06,24:00:00,487.696139,0.103578,76.431072,76.431072,0,0,0.784492,0.103578,83.656917,83.656917,0,0,0.784499,0.103579,105.133236,105.133236,0,0,0.78452
4238,8-May-06,24:00:00,471.835678,0.096935,71.980071,71.980071,0,0,0.769953,0.096935,78.785115,78.785115,0,0,0.76996,0.096936,99.01075,99.01075,0,0,0.769981
4239,9-May-06,24:00:00,455.869357,0.100271,67.788276,67.788276,0,0,0.755883,0.100272,74.197025,74.197025,0,0,0.75589,0.100273,93.24481,93.24481,0,0,0.755911
4240,10-May-06,24:00:00,440.636755,0.100659,63.840592,63.840592,0,0,0.741489,0.100659,69.876124,69.876124,0,0,0.741496,0.10066,87.814652,87.814652,0,0,0.741517
4241,11-May-06,24:00:00,426.571703,0.113678,60.122803,60.122803,0,0,0.726492,0.113678,65.806853,65.806853,0,0,0.726499,0.113679,82.700722,82.700722,0,0,0.72652
4242,12-May-06,24:00:00,424.469016,0.105216,56.621522,56.621522,0,0,0.710579,0.105217,61.974559,61.974559,0,0,0.710586,0.105218,77.884605,77.884605,0,0,0.710607
4243,13-May-06,24:00:00,440.352298,0.109477,53.32414,53.32414,0,0,0.695402,0.109478,58.36544,58.36544,0,0,0.695409,0.109479,73.348956,73.348956,0,0,0.695429
4244,14-May-06,24:00:00,440.949444,0.110106,50.218782,50.218782,0,0,0.679598,0.110107,54.966499,54.966499,0,0,0.679605,0.110108,69.077443,69.077443,0,0,0.679625
4245,15-May-06,24:00:00,428.270644,0.116597,47.294266,47.294266,0,0,0.663533,0.116598,51.765498,51.765498,0,0,0.66354,0.116599,65.054684,65.054684,0,0,0.66356
4246,16-May-06,24:00:00,417.469723,0.116794,44.540061,44.540061,0,0,0.646792,0.116794,48.750908,48.750908,0,0,0.646799,0.116796,61.266192,61.266192,0,0,0.646819
4247,17-May-06,24:00:00,398.388716,0.113395,41.946249,41.946249,0,0,0.630385,0.113396,45.911875,45.911875,0,0,0.630392,0.113396,57.698325,57.698325,0,0,0.630411
4248,18-May-06,24:00:00,378.258386,0.119037,39.503488,39.503488,0,0,0.613926,0.119038,43.238174,43.238174,0,0,0.613932,0.119039,54.338235,54.338235,0,0,0.613952
4249,19-May-06,24:00:00,367.356159,0.065001,37.202983,37.202983,0,0,0.60013,0.064999,40.720178,40.720178,0,0,0.600133,0.064989,51.173821,51.173821,0,0,0.600153
4250,20-May-06,24:00:00,371.259504,0.076458,35.036449,35.036449,0,0,0.59264,0.076454,38.348818,38.348818,0,0,0.590598,0.076449,48.193688,48.193688,0,0,0.590619
4251,21-May-06,24:00:00,403.137758,0.06066,32.996084,32.996084,0,0,0.584492,0.060656,36.115556,36.115556,0,0,0.581095,0.060651,45.387105,45.387105,0,0,0.580656
4252,22-May-06,24:00:00,445.072887,0.05865,31.074541,31.074541,0,0,0.578885,0.058641,34.012348,34.012348,0,0,0.575134,0.05863,42.743964,42.743964,0,0,0.57217
4253,23-May-06,24:00:00,472.683027,0.049582,29.264899,29.264899,0,0,0.572121,0.049578,32.031622,32.031622,0,0,0.568096,0.049567,40.254748,40.254748,0,0,0.564335
4254,24-May-06,24:00:00,459.235283,0.070104,27.560643,27.560643,0,0,0.563658,0.070098,30.166245,30.166245,0,0,0.559634,0.070072,37.910493,37.910493,0,0,0.555876
4255,25-May-06,24:00:00,392.335366,0.092345,25.955636,25.955636,0,0,0.552168,0.092343,28.409499,28.409499,0,0,0.548144,0.09234,35.702756,35.702756,0,0,0.544389
4256,26-May-06,24:00:00,320.281014,0.079175,24.444096,24.444096,0,0,0.539589,0.079171,26.755057,26.755057,0,0,0.535566,0.07916,33.623589,33.623589,0,0,0.531811
4257,27-May-06,24:00:00,293.836552,0.08609,23.020582,23.020582,0,0,0.527959,0.086085,25.196963,25.196963,0,0,0.523936,0.086081,31.665502,31.665502,0,0,0.520183
4258,28-May-06,24:00:00,289.771564,0.092232,21.679967,21.679967,0,0,0.515182,0.092233,23.729606,23.729606,0,0,0.51116,0.092233,29.821446,29.821446,0,0,0.507406
4259,29-May-06,24:00:00,286.334279,0.101351,20.417424,20.417424,0,0,0.501613,0.101349,22.3477,22.3477,0,0,0.497591,0.101339,28.084779,28.084779,0,0,0.493838
4260,30-May-06,24:00:00,283.157712,0.107028,19.228405,19.228405,0,0,0.486609,0.107025,21.046271,21.046271,0,0,0.482588,0.107011,26.449248,26.449248,0,0,0.478836
4261,31-May-06,24:00:00,276.492394,0.106473,18.108629,18.108629,0,0,0.471232,0.10647,19.820631,19.820631,0,0,0.46721,0.10646,24.908963,24.908963,0,0,0.46346
4262,1-Jun-06,24:00:00,270.312214,0.089349,17.054064,17.054064,0,0,0.457063,0.089346,18.666367,18.666367,0,0,0.453042,0.089331,23.458377,23.458377,0,0,0.449294
4263,2-Jun-06,24:00:00,265.177853,0.07547,16.060912,16.060912,0,0,0.445847,0.075473,17.579322,17.579322,0,0,0.441826,0.07546,22.092267,22.092267,0,0,0.43808
4264,3-Jun-06,24:00:00,261.142308,0.117663,15.125597,15.125597,0,0,0.43197,0.11766,16.555581,16.555581,0,0,0.427949,0.117648,20.805713,20.805713,0,0,0.424205
4265,4-Jun-06,24:00:00,258.036251,0.102313,14.24475,14.24475,0,0,0.416206,0.102311,15.591459,15.591459,0,0,0.412185,0.102308,19.594082,19.594082,0,0,0.408442
4266,5-Jun-06,24:00:00,254.500289,0.1151,13.4152,13.4152,0,0,0.40074,0.115096,14.683482,14.683482,0,0,0.39672,0.115083,18.453011,18.453011,0,0,0.392979
4267,6-Jun-06,24:00:00,251.384113,0.121106,12.633959,12.633959,0,0,0.383912,0.121103,13.828382,13.828382,0,0,0.379893,0.121091,17.378391,17.378391,0,0,0.376153
4268,7-Jun-06,24:00:00,248.793758,0.11967,11.898215,11.898215,0,0,0.366571,0.119668,13.02308,13.02308,0,0,0.362551,0.119656,16.366352,16.366352,0,0,0.358813
4269,8-Jun-06,24:00:00,246.981837,0.109979,11.205316,11.205316,0,0,0.350259,0.109976,12.264674,12.264674,0,0,0.34624,0.109963,15.413249,15.413249,0,0,0.342504
4270,9-Jun-06,24:00:00,224.794359,0.113112,10.552769,10.552769,0,0,0.334197,0.113109,11.550435,11.550435,0,0,0.330179,0.113094,14.515651,14.515651,0,0,0.326444
4271,10-Jun-06,24:00:00,200.237794,0.112917,9.938223,9.938223,0,0,0.318049,0.112914,10.87779,10.87779,0,0,0.314031,0.112903,13.670325,13.670325,0,0,0.310298
4272,11-Jun-06,24:00:00,187.700676,0.097907,9.359466,9.359466,0,0,0.302723,0.097905,10.244316,10.244316,0,0,0.298705,0.097891,12.874226,12.874226,0,0,0.294974
4273,12-Jun-06,24:00:00,184.754306,0.051817,8.814413,8.814413,0,0,0.292261,0.051827,9.647733,9.647733,0,0,0.288243,0.051818,12.12449,12.12449,0,0,0.284514
4274,13-Jun-06,24:00:00,182.430337,0.051111,8.301101,8.301101,0,0,0.284635,0.051109,9.085893,9.085893,0,0,0.280616,0.051099,11.418414,11.418414,0,0,0.276888
4275,14-Jun-06,24:00:00,180.220882,0.088761,7.817682,7.817682,0,0,0.274631,0.088746,8.556771,8.556771,0,0,0.270614,0.088737,10.753457,10.753457,0,0,0.266888
4276,15-Jun-06,24:00:00,176.759607,0.114125,7.362416,7.362416,0,0,0.260548,0.114111,8.058463,8.058463,0,0,0.256533,0.114102,10.127224,10.127224,0,0,0.252807
4277,16-Jun-06,24:00:00,173.697236,0.131025,6.933662,6.933662,0,0,0.243109,0.131022,7.589175,7.589175,0,0,0.239095,0.131012,9.53746,9.53746,0,0,0.235371
4278,17-Jun-06,24:00:00,171.668884,0.125719,6.529877,6.529877,0,0,0.224846,0.125716,7.147215,7.147215,0,0,0.220832,0.125705,8.982041,8.982041,0,0,0.217109
4279,18-Jun-06,24:00:00,170.265962,0.125043,6.149606,6.149606,0,0,0.207001,0.12504,6.730994,6.730994,0,0,0.202988,0.125026,8.458968,8.458968,0,0,0.199267
4280,19-Jun-06,24:00:00,168.998142,0.10695,5.791481,5.791481,0,0,0.189895,0.106947,6.339011,6.339011,0,0,0.185882,0.106934,7.966356,7.966356,0,0,0.182164
4281,20-Jun-06,24:00:00,167.352245,0.13052,5.454211,5.454211,0,0,0.173417,0.130518,5.969856,5.969856,0,0,0.169405,0.130505,7.502431,7.502431,0,0,0.165688
4282,21-Jun-06,24:00:00,166.181635,0.127636,5.136582,5.136582,0,0,0.15488,0.127633,5.622198,5.622198,0,0,0.150868,0.127619,7.065523,7.065523,0,0,0.147153
4283,22-Jun-06,24:00:00,167.817996,0.12326,4.837451,4.837451,0,0,0.136746,0.123257,5.294787,5.294787,0,0,0.132735,0.123244,6.654059,6.654059,0,0,0.129022
4284,23-Jun-06,24:00:00,178.354795,0.127652,4.555739,4.555739,0,0,0.11887,0.127649,4.986442,4.986442,0,0,0.114859,0.127638,6.266556,6.266556,0,0,0.111148
4285,24-Jun-06,24:00:00,192.129022,0.129956,4.290434,4.290434,0,0,0.100706,0.129953,4.696054,4.696054,0,0,0.096695,0.129937,5.90162,5.90162,0,0,0.092986
4286,25-Jun-06,24:00:00,200.823867,0.131666,4.040578,4.040578,0,0,0.081981,0.131663,4.422577,4.422577,0,0,0.077971,0.131648,5.557937,5.557937,0,0,0.074264
4287,26-Jun-06,24:00:00,228.586542,0.129984,3.805273,3.805273,0,0,0.063387,0.12998,4.165026,4.165026,0,0,0.059377,0.129966,5.234267,5.234267,0,0,0.055672
4288,27-Jun-06,24:00:00,266.968723,0.121868,3.583671,3.583671,0,0,0.045214,0.121865,3.922474,3.922474,0,0,0.041204,0.12185,4.929447,4.929447,0,0,0.037502
4289,28-Jun-06,24:00:00,279.380565,0.100872,3.374974,3.374974,0,0,0.028893,0.100869,3.694047,3.694047,0,0,0.024884,0.100855,4.642378,4.642378,0,0,0.021183
4290,29-Jun-06,24:00:00,277.553006,0.129636,3.178431,3.178431,0,0,0.013423,0.129633,3.478922,3.478922,0,0,0.0095,0.129621,4.372027,4.372027,0,0,0.006858
4291,30-Jun-06,24:00:00,271.5445,0.104569,2.993333,2.993333,0,0,0.001127,0.104567,3.276325,3.276325,0,0,0,0.104565,4.11742,4.11742,0,0,0
4292,1-Jul-06,24:00:00,264.218265,0.130836,2.819015,2.819015,0,0,0,0.130833,3.085527,3.085527,0,0,0,0.130821,3.87764,3.87764,0,0,0
4293,2-Jul-06,24:00:00,260.739864,0.130231,2.654848,2.654848,0,0,0,0.130229,2.90584,2.90584,0,0,0,0.130216,3.651824,3.651824,0,0,0
4294,3-Jul-06,24:00:00,259.166631,0.120129,2.500242,2.500242,0,0,0,0.120126,2.736617,2.736617,0,0,0,0.120115,3.439158,3.439158,0,0,0
4295,4-Jul-06,24:00:00,256.41098,0.116968,2.354639,2.354639,0,0,0,0.116965,2.577248,2.577248,0,0,0,0.116952,3.238877,3.238877,0,0,0
4296,5-Jul-06,24:00:00,254.807345,0.105004,2.217516,2.217516,0,0,0,0.105001,2.427161,2.427161,0,0,0,0.10499,3.050259,3.050259,0,0,0
4297,6-Jul-06,24:00:00,254.957767,0.108701,2.088377,2.088377,0,0,0,0.108698,2.285814,2.285814,0,0,0,0.10869,2.872626,2.872626,0,0,0
4298,7-Jul-06,24:00:00,254.902433,0.116237,1.96676,1.96676,0,0,0,0.116234,2.152699,2.152699,0,0,0,0.116223,2.705337,2.705337,0,0,0
4299,8-Jul-06,24:00:00,255.128088,0.126788,1.852225,1.852225,0,0,0,0.126784,2.027335,2.027335,0,0,0,0.126772,2.547791,2.547791,0,0,0
4300,9-Jul-06,24:00:00,254.499229,0.129143,1.744359,1.744359,0,0,0,0.129139,1.909272,1.909272,0,0,0,0.129126,2.399419,2.399419,0,0,0
4301,10-Jul-06,24:00:00,245.068419,0.120424,1.642776,1.642776,0,0,0,0.120421,1.798085,1.798085,0,0,0,0.120408,2.259687,2.259687,0,0,0
4302,11-Jul-06,24:00:00,230.810668,0.119865,1.547108,1.547108,0,0,0,0.119861,1.693372,1.693372,0,0,0,0.119847,2.128093,2.128093,0,0,0
4303,12-Jul-06,24:00:00,225.824712,0.113703,1.457011,1.457011,0,0,0,0.113699,1.594758,1.594758,0,0,0,0.113686,2.004163,2.004163,0,0,0
4304,13-Jul-06,24:00:00,225.192434,0.111538,1.372161,1.372161,0,0,0,0.111534,1.501887,1.501887,0,0,0,0.111521,1.887449,1.887449,0,0,0
4305,14-Jul-06,24:00:00,223.301154,0.121487,1.292253,1.292253,0,0,0,0.121483,1.414423,1.414423,0,0,0,0.12147,1.777533,1.777533,0,0,0
4306,15-Jul-06,24:00:00,221.664907,0.119319,1.216998,1.216998,0,0,0,0.119315,1.332054,1.332054,0,0,0,0.1193,1.674017,1.674017,0,0,0
4307,16-Jul-06,24:00:00,221.653983,0.123392,1.146126,1.146126,0,0,0,0.123387,1.254481,1.254481,0,0,0,0.123371,1.57653,1.57653,0,0,0
4308,17-Jul-06,24:00:00,221.163464,0.128549,1.07938,1.07938,0,0,0,0.128544,1.181426,1.181426,0,0,0,0.128526,1.48472,1.48472,0,0,0
4309,18-Jul-06,24:00:00,220.576614,0.137002,1.016522,1.016522,0,0,0,0.136996,1.112625,1.112625,0,0,0,0.136979,1.398257,1.398257,0,0,0
4310,19-Jul-06,24:00:00,221.60674,0.111257,0.957324,0.957324,0,0,0,0.111252,1.04783,1.04783,0,0,0,0.111239,1.316828,1.316828,0,0,0
4311,20-Jul-06,24:00:00,222.776839,0.128151,0.901574,0.901574,0,0,0,0.128146,0.98681,0.98681,0,0,0,0.12813,1.240142,1.240142,0,0,0
4312,21-Jul-06,24:00:00,232.928321,0.101661,0.849071,0.849071,0,0,0,0.10166,0.929342,0.929342,0,0,0,0.101654,1.167922,1.167922,0,0,0
4313,22-Jul-06,24:00:00,246.798442,0.11487,0.799624,0.799624,0,0,0,0.114865,0.875222,0.875222,0,0,0,0.11485,1.099908,1.099908,0,0,0
4314,23-Jul-06,24:00:00,251.566317,0.102166,0.753058,0.753058,0,0,0,0.102159,0.824253,0.824253,0,0,0,0.10214,1.035854,1.035854,0,0,0
4315,24-Jul-06,24:00:00,252.7346,0.114561,0.709203,0.709203,0,0,0,0.114555,0.776252,0.776252,0,0,0,0.114538,0.97553,0.97553,0,0,0
4316,25-Jul-06,24:00:00,257.066031,0.028816,0.667902,0.667902,0,0,0,0.028808,0.731046,0.731046,0,0,0,0.028786,0.91872,0.91872,0,0,0
4317,26-Jul-06,24:00:00,259.79527,0.128953,0.629007,0.629007,0,0,0,0.128947,0.688474,0.688474,0,0,0,0.128931,0.865218,0.865218,0,0,0
4318,27-Jul-06,24:00:00,260.074516,0.121356,0.592376,0.592376,0,0,0,0.121355,0.64838,0.64838,0,0,0,0.121351,0.814831,0.814831,0,0,0
4319,28-Jul-06,24:00:00,261.203561,0.110398,0.557879,0.557879,0,0,0,0.110399,0.610621,0.610621,0,0,0,0.110399,0.767379,0.767379,0,0,0
4320,29-Jul-06,24:00:00,259.967462,0.106283,0.525391,0.525391,0,0,0,0.106283,0.575061,0.575061,0,0,0,0.106294,0.722691,0.722691,0,0,0
4321,30-Jul-06,24:00:00,257.511984,0.117318,0.494794,0.494794,0,0,0,0.117319,0.541572,0.541572,0,0,0,0.11732,0.680604,0.680604,0,0,0
4322,31-Jul-06,24:00:00,256.648959,0.109863,0.46598,0.46598,0,0,0,0.109864,0.510034,0.510034,0,0,0,0.109864,0.640969,0.640969,0,0,0
4323,1-Aug-06,24:00:00,255.919568,0.107257,0.438843,0.438843,0,0,0,0.107258,0.480332,0.480332,0,0,0,0.107258,0.603642,0.603642,0,0,0
4324,2-Aug-06,24:00:00,256.079728,0.109999,0.413287,0.413287,0,0,0,0.11,0.452359,0.452359,0,0,0,0.11,0.568488,0.568488,0,0,0
4325,3-Aug-06,24:00:00,256.361197,0.113306,0.389219,0.389219,0,0,0,0.113307,0.426016,0.426016,0,0,0,0.113307,0.535382,0.535382,0,0,0
4326,4-Aug-06,24:00:00,256.287512,0.105075,0.366553,0.366553,0,0,0,0.105075,0.401207,0.401207,0,0,0,0.105075,0.504204,0.504204,0,0,0
4327,5-Aug-06,24:00:00,256.212572,0.096224,0.345206,0.345206,0,0,0,0.096224,0.377842,0.377842,0,0,0,0.096224,0.474841,0.474841,0,0,0
4328,6-Aug-06,24:00:00,256.141958,0.10651,0.325103,0.325103,0,0,0,0.10651,0.355838,0.355838,0,0,0,0.10651,0.447189,0.447189,0,0,0
4329,7-Aug-06,24:00:00,256.075455,0.084177,0.30617,0.30617,0,0,0,0.084176,0.335116,0.335116,0,0,0,0.084186,0.421147,0.421147,0,0,0
4330,8-Aug-06,24:00:00,262.232808,0.113696,0.28834,0.28834,0,0,0,0.113696,0.3156,0.3156,0,0,0,0.113697,0.396621,0.396621,0,0,0
4331,9-Aug-06,24:00:00,273.357662,0.114321,0.271549,0.271549,0,0,0,0.114321,0.297221,0.297221,0,0,0,0.114322,0.373523,0.373523,0,0,0
4332,10-Aug-06,24:00:00,277.825685,0.118762,0.255735,0.255735,0,0,0,0.118762,0.279912,0.279912,0,0,0,0.118762,0.351771,0.351771,0,0,0
4333,11-Aug-06,24:00:00,269.137504,0.104009,0.240842,0.240842,0,0,0,0.104009,0.263611,0.263611,0,0,0,0.104009,0.331286,0.331286,0,0,0
4334,12-Aug-06,24:00:00,255.172963,0.106444,0.226817,0.226817,0,0,0,0.106444,0.24826,0.24826,0,0,0,0.106444,0.311993,0.311993,0,0,0
4335,13-Aug-06,24:00:00,249.835129,0.11212,0.213608,0.213608,0,0,0,0.11212,0.233802,0.233802,0,0,0,0.11212,0.293824,0.293824,0,0,0
4336,14-Aug-06,24:00:00,249.707212,0.090762,0.201168,0.201168,0,0,0,0.090762,0.220187,0.220187,0,0,0,0.090765,0.276713,0.276713,0,0,0
4337,15-Aug-06,24:00:00,249.665477,0.10092,0.189453,0.189453,0,0,0,0.10092,0.207364,0.207364,0,0,0,0.10092,0.260598,0.260598,0,0,0
4338,16-Aug-06,24:00:00,250.870716,0.100525,0.17842,0.17842,0,0,0,0.100525,0.195288,0.195288,0,0,0,0.100525,0.245422,0.245422,0,0,0
4339,17-Aug-06,24:00:00,252.822187,0.098155,0.16803,0.16803,0,0,0,0.098155,0.183915,0.183915,0,0,0,0.098155,0.23113,0.23113,0,0,0
4340,18-Aug-06,24:00:00,253.543735,0.103102,0.158245,0.158245,0,0,0,0.103102,0.173205,0.173205,0,0,0,0.103102,0.21767,0.21767,0,0,0
4341,19-Aug-06,24:00:00,254.145394,0.104107,0.149029,0.149029,0,0,0,0.104099,0.163118,0.163118,0,0,0,0.104099,0.204994,0.204994,0,0,0
4342,20-Aug-06,24:00:00,255.108977,0.096794,0.14035,0.14035,0,0,0,0.096779,0.153619,0.153619,0,0,0,0.096769,0.193056,0.193056,0,0,0
4343,21-Aug-06,24:00:00,254.836229,0.099071,0.132177,0.132177,0,0,0,0.099058,0.144673,0.144673,0,0,0,0.099036,0.181813,0.181813,0,0,0
4344,22-Aug-06,24:00:00,255.06522,0.100918,0.12448,0.12448,0,0,0,0.100903,0.136248,0.136248,0,0,0,0.100874,0.171225,0.171225,0,0,0
4345,23-Aug-06,24:00:00,254.783811,0.102216,0.11723,0.11723,0,0,0,0.102203,0.128313,0.128313,0,0,0,0.102178,0.161254,0.161254,0,0,0
4346,24-Aug-06,24:00:00,249.417792,0.107192,0.110403,0.110403,0,0,0,0.107178,0.120841,0.120841,0,0,0,0.107149,0.151863,0.151863,0,0,0
4347,25-Aug-06,24:00:00,242.059402,0.096814,0.103974,0.103974,0,0,0,0.096799,0.113804,0.113804,0,0,0,0.096768,0.143019,0.143019,0,0,0
4348,26-Aug-06,24:00:00,238.764399,0.094178,0.097919,0.097919,0,0,0,0.094167,0.107176,0.107176,0,0,0,0.094143,0.134691,0.134691,0,0,0
4349,27-Aug-06,24:00:00,238.330231,0.097949,0.092217,0.092217,0,0,0,0.097938,0.100935,0.100935,0,0,0,0.097916,0.126847,0.126847,0,0,0
4350,28-Aug-06,24:00:00,238.3051,0.099317,0.086846,0.086846,0,0,0,0.099304,0.095057,0.095057,0,0,0,0.099277,0.11946,0.11946,0,0,0
4351,29-Aug-06,24:00:00,238.287292,0.097991,0.081789,0.081789,0,0,0,0.097975,0.089521,0.089521,0,0,0,0.097945,0.112503,0.112503,0,0,0
4352,30-Aug-06,24:00:00,238.270561,0.094742,0.077026,0.077026,0,0,0,0.09473,0.084308,0.084308,0,0,0,0.094705,0.105951,0.105951,0,0,0
4353,31-Aug-06,24:00:00,239.498802,0.093928,0.07254,0.07254,0,0,0,0.093917,0.079398,0.079398,0,0,0,0.093896,0.099781,0.099781,0,0,0
4354,1-Sep-06,24:00:00,234.007952,0.099847,0.068316,0.068316,0,0,0,0.099831,0.074774,0.074774,0,0,0,0.099801,0.09397,0.09397,0,0,0
4355,2-Sep-06,24:00:00,226.554079,0.096645,0.064337,0.064337,0,0,0,0.096625,0.07042,0.07042,0,0,0,0.096588,0.088498,0.088498,0,0,0
4356,3-Sep-06,24:00:00,224.249345,0.092126,0.060591,0.060591,0,0,0,0.092113,0.066319,0.066319,0,0,0,0.092088,0.083344,0.083344,0,0,0
4357,4-Sep-06,24:00:00,225.444686,0.089158,0.057062,0.057062,0,0,0,0.089141,0.062457,0.062457,0,0,0,0.089109,0.078491,0.078491,0,0,0
4358,5-Sep-06,24:00:00,226.798732,0.099351,0.053739,0.053739,0,0,0,0.099332,0.05882,0.05882,0,0,0,0.099297,0.07392,0.07392,0,0,0
4359,6-Sep-06,24:00:00,225.927675,0.093267,0.05061,0.05061,0,0,0,0.09325,0.055394,0.055394,0,0,0,0.09322,0.069615,0.069615,0,0,0
4360,7-Sep-06,24:00:00,225.179409,0.096327,0.047662,0.047662,0,0,0,0.096311,0.052168,0.052168,0,0,0,0.09628,0.065561,0.065561,0,0,0
4361,8-Sep-06,24:00:00,225.157752,0.071709,0.044887,0.044887,0,0,0,0.071692,0.04913,0.04913,0,0,0,0.07166,0.061743,0.061743,0,0,0
4362,9-Sep-06,24:00:00,223.904491,0.079343,0.042273,0.042273,0,0,0,0.079339,0.046269,0.046269,0,0,0,0.079331,0.058147,0.058147,0,0,0
4363,10-Sep-06,24:00:00,222.529874,0.085624,0.039811,0.039811,0,0,0,0.085625,0.043575,0.043575,0,0,0,0.085624,0.054761,0.054761,0,0,0
4364,11-Sep-06,24:00:00,221.515798,0.085311,0.037492,0.037492,0,0,0,0.085311,0.041037,0.041037,0,0,0,0.085311,0.051572,0.051572,0,0,0
4365,12-Sep-06,24:00:00,221.130085,0.091504,0.035309,0.035309,0,0,0,0.091504,0.038647,0.038647,0,0,0,0.091504,0.048569,0.048569,0,0,0
4366,13-Sep-06,24:00:00,221.116846,0.092161,0.033253,0.033253,0,0,0,0.092161,0.036397,0.036397,0,0,0,0.092161,0.04574,0.04574,0,0,0
4367,14-Sep-06,24:00:00,220.488004,0.086078,0.031316,0.031316,0,0,0,0.086078,0.034277,0.034277,0,0,0,0.086078,0.043077,0.043077,0,0,0
4368,15-Sep-06,24:00:00,219.487614,0.065046,0.029493,0.029493,0,0,0,0.065042,0.032281,0.032281,0,0,0,0.065037,0.040568,0.040568,0,0,0
4369,16-Sep-06,24:00:00,219.725619,0.073726,0.027775,0.027775,0,0,0,0.073726,0.030401,0.030401,0,0,0,0.073727,0.038206,0.038206,0,0,0
4370,17-Sep-06,24:00:00,220.085907,0.083855,0.026158,0.026158,0,0,0,0.083856,0.028631,0.028631,0,0,0,0.083855,0.035981,0.035981,0,0,0
4371,18-Sep-06,24:00:00,220.086489,0.084133,0.024634,0.024634,0,0,0,0.084134,0.026963,0.026963,0,0,0,0.084134,0.033885,0.033885,0,0,0
4372,19-Sep-06,24:00:00,221.947486,0.07858,0.0232,0.0232,0,0,0,0.07858,0.025393,0.025393,0,0,0,0.07858,0.031912,0.031912,0,0,0
4373,20-Sep-06,24:00:00,224.302694,0.079131,0.021849,0.021849,0,0,0,0.079131,0.023914,0.023914,0,0,0,0.079131,0.030054,0.030054,0,0,0
4374,21-Sep-06,24:00:00,225.060119,0.086337,0.020576,0.020576,0,0,0,0.086337,0.022522,0.022522,0,0,0,0.086337,0.028303,0.028303,0,0,0
4375,22-Sep-06,24:00:00,225.689981,0.096307,0.019378,0.019378,0,0,0,0.096307,0.02121,0.02121,0,0,0,0.096307,0.026655,0.026655,0,0,0
4376,23-Sep-06,24:00:00,225.436089,0.071643,0.01825,0.01825,0,0,0,0.071643,0.019975,0.019975,0,0,0,0.071642,0.025103,0.025103,0,0,0
4377,24-Sep-06,24:00:00,225.688343,0.071725,0.017187,0.017187,0,0,0,0.071725,0.018812,0.018812,0,0,0,0.071725,0.023641,0.023641,0,0,0
4378,25-Sep-06,24:00:00,224.184885,0.070059,0.016186,0.016186,0,0,0,0.070059,0.017716,0.017716,0,0,0,0.070059,0.022264,0.022264,0,0,0
4379,26-Sep-06,24:00:00,224.315547,0.07841,0.015243,0.015243,0,0,0,0.07841,0.016684,0.016684,0,0,0,0.07841,0.020968,0.020968,0,0,0
4380,27-Sep-06,24:00:00,225.038518,0.073915,0.014356,0.014356,0,0,0,0.073915,0.015713,0.015713,0,0,0,0.073915,0.019747,0.019747,0,0,0
4381,28-Sep-06,24:00:00,225.047406,0.068604,0.01352,0.01352,0,0,0,0.068604,0.014798,0.014798,0,0,0,0.068604,0.018597,0.018597,0,0,0
4382,29-Sep-06,24:00:00,224.422725,0.076145,0.012732,0.012732,0,0,0,0.076145,0.013936,0.013936,0,0,0,0.076145,0.017514,0.017514,0,0,0
4383,30-Sep-06,24:00:00,223.426137,0.041416,0.011991,0.011991,0,0,0,0.041415,0.013124,0.013124,0,0,0,0.041412,0.016494,0.016494,0,0,0
4384,1-Oct-06,24:00:00,223.045724,0.037885,0.011293,0.011293,0,0,0,0.037878,0.01236,0.01236,0,0,0,0.037875,0.015533,0.015533,0,0,0
4385,2-Oct-06,24:00:00,223.037398,0.045259,0.010635,0.010635,0,0,0,0.04524,0.01164,0.01164,0,0,0,0.045226,0.014629,0.014629,0,0,0
4386,3-Oct-06,24:00:00,223.035181,0.029023,0.010016,0.010016,0,0,0,0.029002,0.010962,0.010962,0,0,0,0.028977,0.013777,0.013777,0,0,0
4387,4-Oct-06,24:00:00,223.033132,0.025704,0.009432,0.009432,0,0,0,0.025693,0.010324,0.010324,0,0,0,0.025676,0.012974,0.012974,0,0,0
4388,5-Oct-06,24:00:00,223.031202,0.019742,0.008883,0.008883,0,0,0,0.019731,0.009723,0.009723,0,0,0,0.019711,0.012219,0.012219,0,0,0
4389,6-Oct-06,24:00:00,221.163391,0.049159,0.008366,0.008366,0,0,0,0.049142,0.009157,0.009157,0,0,0,0.049114,0.011507,0.011507,0,0,0
4390,7-Oct-06,24:00:00,220.045722,0.055251,0.007879,0.007879,0,0,0,0.05523,0.008623,0.008623,0,0,0,0.055194,0.010837,0.010837,0,0,0
4391,8-Oct-06,24:00:00,220.648186,0.052939,0.00742,0.00742,0,0,0,0.052913,0.008121,0.008121,0,0,0,0.05287,0.010206,0.010206,0,0,0
4392,9-Oct-06,24:00:00,221.640528,0.062767,0.006988,0.006988,0,0,0,0.062741,0.007648,0.007648,0,0,0,0.062699,0.009612,0.009612,0,0,0
4393,10-Oct-06,24:00:00,212.065085,0.048851,0.006581,0.006581,0,0,0,0.048832,0.007203,0.007203,0,0,0,0.0488,0.009052,0.009052,0,0,0
4394,11-Oct-06,24:00:00,198.648623,0.039965,0.006197,0.006197,0,0,0,0.039942,0.006783,0.006783,0,0,0,0.039903,0.008525,0.008525,0,0,0
4395,12-Oct-06,24:00:00,192.600534,0.07115,0.005837,0.005837,0,0,0,0.071118,0.006388,0.006388,0,0,0,0.071067,0.008028,0.008028,0,0,0
4396,13-Oct-06,24:00:00,192.050765,0.049539,0.005497,0.005497,0,0,0,0.04952,0.006016,0.006016,0,0,0,0.049489,0.007561,0.007561,0,0,0
4397,14-Oct-06,24:00:00,192.019741,0.041954,0.005177,0.005177,0,0,0,0.041935,0.005666,0.005666,0,0,0,0.041902,0.007121,0.007121,0,0,0
4398,15-Oct-06,24:00:00,191.567719,0.042058,0.004875,0.004875,0,0,0,0.042039,0.005336,0.005336,0,0,0,0.042008,0.006706,0.006706,0,0,0
4399,16-Oct-06,24:00:00,189.269675,0.054153,0.004591,0.004591,0,0,0,0.054145,0.005025,0.005025,0,0,0,0.054131,0.006315,0.006315,0,0,0
4400,17-Oct-06,24:00:00,182.729342,0.045518,0.004324,0.004324,0,0,0,0.045518,0.004733,0.004733,0,0,0,0.045518,0.005948,0.005948,0,0,0
4401,18-Oct-06,24:00:00,172.598118,0.045496,0.004072,0.004072,0,0,0,0.045496,0.004457,0.004457,0,0,0,0.045496,0.005601,0.005601,0,0,0
4402,19-Oct-06,24:00:00,167.510863,0.045282,0.003835,0.003835,0,0,0,0.045282,0.004197,0.004197,0,0,0,0.045282,0.005275,0.005275,0,0,0
4403,20-Oct-06,24:00:00,168.390644,0.047334,0.003612,0.003612,0,0,0,0.047334,0.003953,0.003953,0,0,0,0.047334,0.004968,0.004968,0,0,0
4404,21-Oct-06,24:00:00,172.103271,0.041776,0.003401,0.003401,0,0,0,0.041776,0.003723,0.003723,0,0,0,0.041776,0.004679,0.004679,0,0,0
4405,22-Oct-06,24:00:00,178.792927,0.049805,0.003203,0.003203,0,0,0,0.049804,0.003506,0.003506,0,0,0,0.049804,0.004406,0.004406,0,0,0
4406,23-Oct-06,24:00:00,182.628485,0.045991,0.003017,0.003017,0,0,0,0.04599,0.003302,0.003302,0,0,0,0.045989,0.004149,0.004149,0,0,0
4407,24-Oct-06,24:00:00,182.54011,0.041547,0.002841,0.002841,0,0,0,0.041546,0.00311,0.00311,0,0,0,0.041544,0.003908,0.003908,0,0,0
4408,25-Oct-06,24:00:00,182.06035,0.02422,0.002676,0.002676,0,0,0,0.024219,0.002928,0.002928,0,0,0,0.024218,0.00368,0.00368,0,0,0
4409,26-Oct-06,24:00:00,186.957191,0.036457,0.00252,0.00252,0,0,0,0.036456,0.002758,0.002758,0,0,0,0.036455,0.003466,0.003466,0,0,0
4410,27-Oct-06,24:00:00,206.455174,0.036759,0.002373,0.002373,0,0,0,0.036758,0.002597,0.002597,0,0,0,0.036757,0.003264,0.003264,0,0,0
4411,28-Oct-06,24:00:00,221.544834,0.03746,0.002235,0.002235,0,0,0,0.037457,0.002446,0.002446,0,0,0,0.037455,0.003074,0.003074,0,0,0
4412,29-Oct-06,24:00:00,224.591962,0.036969,0.002105,0.002105,0,0,0,0.036948,0.002304,0.002304,0,0,0,0.036947,0.002895,0.002895,0,0,0
4413,30-Oct-06,24:00:00,224.37869,0.028227,0.001982,0.001982,0,0,0,0.028205,0.002169,0.002169,0,0,0,0.028187,0.002726,0.002726,0,0,0
4414,31-Oct-06,24:00:00,224.01253,0.021952,0.001867,0.001867,0,0,0,0.021934,0.002043,0.002043,0,0,0,0.021906,0.002568,0.002568,0,0,0
4415,1-Nov-06,24:00:00,224.006216,0.017063,0.001758,0.001758,0,0,0,0.017048,0.001924,0.001924,0,0,0,0.017024,0.002418,0.002418,0,0,0
4416,2-Nov-06,24:00:00,253.151588,0.017139,1.48323,0.001656,0.393682,0,0.031738,0.01712,25.646759,0.001812,0.413175,0,0.03408,0.017089,18.929401,0.002277,0.419689,0,0.035016
4417,3-Nov-06,24:00:00,248.818106,0.020286,0.767088,0.001559,0,0,0.05624,0.020269,9.589073,0.001707,0,0,0.059025,0.020241,0.506959,0.002145,0,0,0.059956
4418,4-Nov-06,24:00:00,223.728805,0.025926,0.047126,0.001468,0,0,0.05624,0.025908,0.343743,0.001607,0,0,0.059025,0.025879,0.00202,0.00202,0,0,0.059956
4419,5-Nov-06,24:00:00,224.250025,0.019431,0.001383,0.001383,0,0,0.05624,0.019411,0.001514,0.001514,0,0,0.059025,0.019378,0.001902,0.001902,0,0,0.059956
4420,6-Nov-06,24:00:00,223.126536,0.042347,0.001302,0.001302,0,0,0.05543,0.042321,0.001425,0.001425,0,0,0.057989,0.04228,0.001791,0.001791,0,0,0.058929
4421,7-Nov-06,24:00:00,222.644271,0.020677,0.001226,0.001226,0,0,0.052739,0.020659,0.001342,0.001342,0,0,0.055055,0.02063,0.001687,0.001687,0,0,0.056009
4422,8-Nov-06,24:00:00,222.376168,0.041083,0.001155,0.001155,0,0,0.048345,0.04106,0.001264,0.001264,0,0,0.050664,0.041016,0.001589,0.001589,0,0,0.051622
4423,9-Nov-06,24:00:00,223.253792,0.031362,0.001088,0.001088,0,0,0.043065,0.03134,0.001191,0.001191,0,0,0.045388,0.031305,0.001496,0.001496,0,0,0.046352
4424,10-Nov-06,24:00:00,226.479601,0.02394,0.001024,0.001024,0,0,0.039121,0.023921,0.001121,0.001121,0,0,0.041446,0.023892,0.001409,0.001409,0,0,0.042415
4425,11-Nov-06,24:00:00,262.804942,0.032719,1.285224,0.000965,0.286733,0,0.068095,0.032698,22.453949,0.001056,0.316634,0,0.074278,0.032665,16.129282,0.001327,0.34915,0,0.08465
4426,12-Nov-06,24:00:00,242.750452,0.023961,0.376991,0.000909,0.161107,0,0.079592,0.023937,5.011022,0.000994,0.205253,0,0.086827,0.023901,0.945778,0.00125,0.310244,0,0.093737
4427,13-Nov-06,24:00:00,324.724379,0.010156,3.626848,0.000856,0.938403,0,0.169491,0.010141,68.318435,0.000937,1.082431,0,0.193325,0.010117,60.031223,0.001177,1.299687,0,0.230599
4428,14-Nov-06,24:00:00,323.754799,0.03065,3.639296,0.000806,0.214008,0,0.260682,0.030632,58.379596,0.000882,0.23835,0,0.297034,0.030605,16.18289,0.001108,0.055665,0,0.327542
4429,15-Nov-06,24:00:00,203.212983,0.022836,0.385686,0.000759,0,0,0.26603,0.022813,4.446459,0.000831,0,0,0.302988,0.022778,0.001044,0.001044,0,0,0.328541
4430,16-Nov-06,24:00:00,206.062611,0.009695,1.106142,0.000715,0.29305,0,0.290969,0.009683,23.110753,0.000782,0.370235,0,0.336177,0.009664,14.174537,0.000983,0.30986,0,0.362628
4431,17-Nov-06,24:00:00,200.658281,0.014919,0.577378,0.000673,0,0,0.307894,0.014902,8.514559,0.000737,0,0,0.355878,0.014876,0.174143,0.000926,0,0,0.372807
4432,18-Nov-06,24:00:00,183.785033,0.018948,0.035132,0.000634,0,0,0.307894,0.018923,0.303247,0.000694,0,0,0.355878,0.018888,0.000872,0.000872,0,0,0.372807
4433,19-Nov-06,24:00:00,184.328434,0.016245,0.000597,0.000597,0,0,0.307894,0.01622,0.000653,0.000653,0,0,0.355878,0.016182,0.000821,0.000821,0,0,0.372807
4434,20-Nov-06,24:00:00,184.942111,0.010712,0.000562,0.000562,0,0,0.307894,0.010698,0.000615,0.000615,0,0,0.355878,0.010676,0.000773,0.000773,0,0,0.372807
4435,21-Nov-06,24:00:00,186.34748,0.020492,0.000529,0.000529,0,0,0.307894,0.020468,0.00058,0.00058,0,0,0.355878,0.020431,0.000728,0.000728,0,0,0.372807
4436,22-Nov-06,24:00:00,189.280182,0.015863,0.005382,0.000499,0.007856,0,0.308105,0.015855,0.215394,0.000546,0.017544,0,0.356348,0.015842,1.189063,0.000686,0.059121,0,0.374558
4437,23-Nov-06,24:00:00,194.34567,0.027692,0.038473,0.00047,0,0,0.309016,0.027669,1.234775,0.000514,0,0,0.358385,0.027635,1.549629,0.000646,0,0,0.381253
4438,24-Nov-06,24:00:00,191.204333,0.023909,0.003309,0.000442,0,0,0.309016,0.023879,0.061924,0.000484,0,0,0.358385,0.023832,0.000608,0.000608,0,0,0.381253
4439,25-Nov-06,24:00:00,188.292453,0.018923,0.000417,0.000417,0,0,0.309016,0.018895,0.000456,0.000456,0,0,0.358385,0.018852,0.000573,0.000573,0,0,0.381253
4440,26-Nov-06,24:00:00,215.105058,0.005986,1.600696,0.000392,0.723394,0,0.345909,0.005976,27.68075,0.000429,0.758142,0,0.396715,0.00596,27.601358,0.00054,0.784294,0,0.426821
4441,27-Nov-06,24:00:00,261.655371,0.014826,2.432142,0.000369,0,0,0.412358,0.014802,35.817832,0.000404,0,0,0.466691,0.014763,8.713103,0.000508,0,0,0.493295
4442,28-Nov-06,24:00:00,197.815824,0.014185,0.180309,0.000348,0,0,0.412358,0.014165,1.778744,0.000381,0,0,0.466691,0.014135,0.000479,0.000479,0,0,0.493295
4443,29-Nov-06,24:00:00,193.662786,0.018179,0.001257,0.000328,0,0,0.412358,0.018154,0.000359,0.000359,0,0,0.466691,0.018119,0.000451,0.000451,0,0,0.493295
4444,30-Nov-06,24:00:00,194.854091,0.020219,0.000309,0.000309,0,0,0.412358,0.020185,0.000338,0.000338,0,0,0.466691,0.020134,0.000424,0.000424,0,0,0.493295
4445,1-Dec-06,24:00:00,192.747636,0.021559,0.000291,0.000291,0,0,0.412358,0.021524,0.000318,0.000318,0,0,0.466691,0.02147,0.0004,0.0004,0,0,0.493295
4446,2-Dec-06,24:00:00,187.559502,0.020821,0.000274,0.000274,0,0,0.411746,0.020786,0.0003,0.0003,0,0,0.46609,0.020732,0.000376,0.000376,0,0,0.492712
4447,3-Dec-06,24:00:00,186.126503,0.023886,0.000258,0.000258,0,0,0.409254,0.023836,0.000282,0.000282,0,0,0.463614,0.023758,0.000355,0.000355,0,0,0.490261
4448,4-Dec-06,24:00:00,188.258035,0.021519,0.000243,0.000243,0,0,0.405971,0.021478,0.000266,0.000266,0,0,0.460338,0.021416,0.000334,0.000334,0,0,0.486995
4449,5-Dec-06,24:00:00,190.739578,0.025138,0.000229,0.000229,0,0,0.402672,0.025091,0.00025,0.00025,0,0,0.457045,0.025019,0.000314,0.000314,0,0,0.483712
4450,6-Dec-06,24:00:00,192.338186,0.022236,0.000215,0.000215,0,0,0.39926,0.022191,0.000236,0.000236,0,0,0.45364,0.022122,0.000296,0.000296,0,0,0.480317
4451,7-Dec-06,24:00:00,191.594189,0.019465,0.000203,0.000203,0,0,0.396291,0.019428,0.000222,0.000222,0,0,0.450676,0.019371,0.000279,0.000279,0,0,0.477362
4452,8-Dec-06,24:00:00,190.286828,0.024192,0.084337,0.000191,0.366622,0,0.398875,0.024167,0.41766,0.000209,0.192817,0,0.449744,0.024128,0.080795,0.000263,0.080014,0,0.474845
4453,9-Dec-06,24:00:00,235.323885,0.010675,3.98881,0.00018,1.152141,0,0.499948,0.010657,48.383789,0.000197,1.080773,0,0.52523,0.010629,25.98569,0.000247,0.88758,0,0.52357
4454,10-Dec-06,24:00:00,332.678787,0.011285,5.817599,0.000169,0.293169,0,0.641063,0.011266,81.315897,0.000185,0.316172,0,0.664107,0.011237,31.09572,0.000233,0.268984,0,0.640245
4455,11-Dec-06,24:00:00,220.986029,0.009073,1.437654,0.000159,1.211227,0,0.680844,0.009065,26.017761,0.000175,1.335912,0,0.708957,0.009052,25.036221,0.000219,1.36124,0,0.687015
4456,12-Dec-06,24:00:00,335.32247,0.010859,5.921624,0.00015,0.057719,0,0.826688,0.010848,94.652335,0.000164,0.096503,0,0.870544,0.010829,40.826183,0.000207,0.142831,0,0.852088
4457,13-Dec-06,24:00:00,210.207957,0.008508,2.267505,0.000141,0.442026,0,0.868485,0.0085,46.749304,0.000155,0.618009,0,0.932215,0.008489,36.072753,0.000195,0.731809,0,0.930803
4458,14-Dec-06,24:00:00,182.413623,0.011028,1.089219,0.000133,0.157797,0,0.899751,0.011015,18.594715,0.000146,0.181784,0,0.972518,0.010994,5.331678,0.462048,0.236609,0.017706,0.977107
4459,15-Dec-06,24:00:00,169.250447,0.027384,0.764858,0.000125,0,0,0.917518,0.027361,12.256275,0.000137,0,0,0.991963,0.027313,29.761887,21.994806,0,0,1
4460,16-Dec-06,24:00:00,143.445938,0.017721,0.064818,0.000118,0,0,0.917518,0.017688,0.685731,0.000129,0,0,0.991963,0.017636,1.358308,1.358308,0,0,1
4461,17-Dec-06,24:00:00,131.576578,0.0173,0.001055,0.000111,0,0,0.917518,0.017268,0.000122,0.000122,0,0,0.991963,0.017218,1.098029,1.098029,0,0,1
4462,18-Dec-06,24:00:00,130.166393,0.016784,0.000105,0.000105,0,0,0.917518,0.016754,0.000115,0.000115,0,0,0.991963,0.016708,1.033893,1.033893,0,0,1
4463,19-Dec-06,24:00:00,134.059942,0.01709,0.000099,0.000099,0,0,0.917518,0.017059,0.000108,0.000108,0,0,0.991963,0.017011,0.973684,0.973684,0,0,1
4464,20-Dec-06,24:00:00,144.778512,0.014147,0.000093,0.000093,0,0,0.916802,0.014124,0.000102,0.000102,0,0,0.991259,0.014089,0.916981,0.916981,0,0,0.999317
4465,21-Dec-06,24:00:00,1644.10,0.005533,71.348895,67.197151,1.111449,0.52365,0.97631,0.005529,406.988145,235.649741,1.077124,1.010585,0.998218,0.005523,1651.41,932.727481,1.015194,1.005192,0.999792
4466,22-Dec-06,24:00:00,2072.44,0.01444,308.637867,306.447841,0,0,1,0.014416,719.519318,663.334234,0,0,1,0.014379,392.083831,385.557647,0,0,1
4467,23-Dec-06,24:00:00,630.999446,0.01171,125.038606,124.907416,0,0,1,0.011689,211.349044,209.437178,0,0,1,0.011657,65.962885,65.962885,0,0,1
4468,24-Dec-06,24:00:00,336.995424,0.013713,40.145864,40.145864,0,0,1,0.013694,68.951908,68.951908,0,0,1,0.013666,61.301588,61.301588,0,0,1
4469,25-Dec-06,24:00:00,285.924943,0.024021,23.82522,23.82522,0,0,1,0.023983,48.5606,48.5606,0,0,1,0.023934,57.730944,57.730944,0,0,1
4470,26-Dec-06,24:00:00,4370.13,0.016496,1221.85,116.597309,1.091365,1.091365,1,0.016471,1705.99,188.032541,1.125673,1.125673,1,0.016434,3712.05,725.461863,1.137948,1.137948,1
4471,27-Dec-06,24:00:00,8510.96,0.035071,2103.72,838.50423,0.525636,0.525636,1,0.035048,2358.65,1076.18,0.53,0.53,1,0.035014,1811.29,1411.29,0.456508,0.456508,1
4472,28-Dec-06,24:00:00,1893.56,0.017918,655.006438,567.491407,0,0,1,0.017887,660.438135,601.809684,0,0,1,0.01784,175.565829,175.565829,0,0,1
4473,29-Dec-06,24:00:00,712.720275,0.017574,188.663376,188.30401,0,0,1,0.017542,193.027748,192.994099,0,0,1,0.017493,143.473708,143.473708,0,0,1
4474,30-Dec-06,24:00:00,512.913131,0.016,97.911636,97.911636,0,0,1,0.01597,120.328684,120.328684,0,0,1,0.015924,135.09087,135.09087,0,0,1
4475,31-Dec-06,24:00:00,468.603006,0.014211,80.602917,80.602917,0,0,1,0.014186,106.885191,106.885191,0,0,1,0.014146,127.223766,127.223766,0,0,1
4476,1-Jan-07,24:00:00,449.122294,0.018384,74.525098,74.525098,0,0,0.998778,0.018354,100.110763,100.110763,0,0,0.998793,0.018306,119.814827,119.814827,0,0,0.998814
4477,2-Jan-07,24:00:00,430.771723,0.020437,70.03818,70.03818,0,0,0.99603,0.0204,94.238943,94.238943,0,0,0.996057,0.020344,112.837351,112.837351,0,0,0.996098
4478,3-Jan-07,24:00:00,470.236019,0.007196,76.636892,76.250283,0.281506,0.240148,0.996407,0.007189,120.2644,110.248705,0.36751,0.326363,0.996608,0.00718,308.190906,293.973285,0.471144,0.430325,0.996693
4479,4-Jan-07,24:00:00,1285.71,0.017676,203.506119,202.336127,0,0,1,0.017659,339.586663,318.923711,0,0,1,0.017632,474.779969,467.183267,0,0,1
4480,5-Jan-07,24:00:00,628.415776,0.022052,130.660416,130.577591,0,0,1,0.022022,172.506769,171.542778,0,0,1,0.021975,123.673843,123.673843,0,0,1
4481,6-Jan-07,24:00:00,457.69537,0.015334,76.990397,76.99036,0,0,1,0.015319,100.478546,100.478546,0,0,1,0.015294,115.122702,115.122702,0,0,1
4482,7-Jan-07,24:00:00,421.199942,0.022874,63.403632,63.403632,0,0,1,0.022846,86.104725,86.104725,0,0,1,0.022803,108.417198,108.417198,0,0,1
4483,8-Jan-07,24:00:00,403.400028,0.020677,58.461347,58.461347,0,0,1,0.020641,80.257343,80.257343,0,0,1,0.020585,102.103468,102.103468,0,0,1
4484,9-Jan-07,24:00:00,387.936696,0.019868,54.912813,54.912813,0,0,0.998724,0.019835,75.515012,75.515012,0,0,0.998737,0.019785,96.157422,96.157422,0,0,0.998758
4485,10-Jan-07,24:00:00,432.011912,0.022125,51.699978,51.699978,0,0,0.996037,0.022094,71.112273,71.112273,0,0,0.996061,0.022038,90.557647,90.557647,0,0,0.996099
4486,11-Jan-07,24:00:00,394.298407,0.018007,48.687752,48.687752,0,0,0.993057,0.017979,66.970661,66.970661,0,0,0.993085,0.017937,85.283978,85.283978,0,0,0.993131
4487,12-Jan-07,24:00:00,349.154186,0.025166,45.852263,45.852263,0,0,0.989905,0.025128,63.070568,63.070568,0,0,0.989938,0.02507,80.317423,80.317423,0,0,0.989991
4488,13-Jan-07,24:00:00,336.669869,0.016748,43.182022,43.182022,0,0,0.986847,0.016718,59.397621,59.397621,0,0,0.986886,0.016673,75.640098,75.640098,0,0,0.986947
4489,14-Jan-07,24:00:00,331.895436,0.01798,40.667294,40.667294,0,0,0.984375,0.017946,55.938571,55.938571,0,0,0.984418,0.017896,71.235159,71.235159,0,0,0.984486
4490,15-Jan-07,24:00:00,324.201361,0.018956,38.299014,38.299014,0,0,0.981738,0.018922,52.680961,52.680961,0,0,0.981786,0.018871,67.086744,67.086744,0,0,0.98186
4491,16-Jan-07,24:00:00,316.93554,0.019732,36.068652,36.068652,0,0,0.978994,0.019698,49.613059,49.613059,0,0,0.979046,0.019647,63.179915,63.179915,0,0,0.979128
4492,17-Jan-07,24:00:00,290.91739,0.021411,33.968176,33.968176,0,0,0.976035,0.021379,46.723818,46.723818,0,0,0.976092,0.021329,59.500601,59.500601,0,0,0.976181
4493,18-Jan-07,24:00:00,274.626492,0.022928,31.990023,31.990023,0,0,0.972887,0.022899,44.002833,44.002833,0,0,0.972949,0.022853,56.035554,56.035554,0,0,0.973045
4494,19-Jan-07,24:00:00,282.46255,0.028084,30.127068,30.127068,0,0,0.969326,0.028049,41.440306,41.440306,0,0,0.969392,0.028,52.772296,52.772296,0,0,0.969494
4495,20-Jan-07,24:00:00,284.113891,0.031345,28.372603,28.372603,0,0,0.965101,0.031316,39.027009,39.027009,0,0,0.965171,0.031274,49.699075,49.699075,0,0,0.96528
4496,21-Jan-07,24:00:00,276.470295,0.023846,26.72031,26.72031,0,0,0.961039,0.023815,36.754252,36.754252,0,0,0.961114,0.023769,46.804825,46.804825,0,0,0.961229
4497,22-Jan-07,24:00:00,269.849106,0.023755,25.16424,25.16424,0,0,0.957641,0.023725,34.61385,34.61385,0,0,0.957721,0.023682,44.079122,44.079122,0,0,0.957843
4498,23-Jan-07,24:00:00,262.215941,0.024487,23.698788,23.698788,0,0,0.954201,0.02446,32.598095,32.598095,0,0,0.954284,0.024419,41.512153,41.512153,0,0,0.954412
4499,24-Jan-07,24:00:00,254.722951,0.026769,22.318677,22.318677,0,0,0.950592,0.026741,30.699729,30.699729,0,0,0.950679,0.026697,39.094672,39.094672,0,0,0.950813
4500,25-Jan-07,24:00:00,249.615648,0.023595,21.018938,21.018938,0,0,0.946939,0.023574,28.911915,28.911915,0,0,0.94703,0.023541,36.817974,36.817974,0,0,0.947169
4501,26-Jan-07,24:00:00,244.977363,0.014505,19.79489,19.79489,0,0,0.944198,0.014492,27.228215,27.228215,0,0,0.944291,0.014471,34.673861,34.673861,0,0,0.944435
4502,27-Jan-07,24:00:00,240.169656,0.021219,18.642124,18.642124,0,0,0.94163,0.0212,25.642567,25.642567,0,0,0.941726,0.02117,32.654612,32.654612,0,0,0.941873
4503,28-Jan-07,24:00:00,237.742383,0.026637,17.556491,17.556491,0,0,0.938305,0.026615,24.149259,24.149259,0,0,0.938404,0.02658,30.752954,30.752954,0,0,0.938555
4504,29-Jan-07,24:00:00,236.294122,0.03003,16.53408,16.53408,0,0,0.934232,0.030003,22.742915,22.742915,0,0,0.934334,0.029956,28.962041,28.962041,0,0,0.934491
4505,30-Jan-07,24:00:00,231.647563,0.029949,15.57121,15.57121,0,0,0.929964,0.029591,21.41847,21.41847,0,0,0.930087,0.02955,27.275422,27.275422,0,0,0.930251
4506,31-Jan-07,24:00:00,227.094653,0.019216,14.664413,14.664413,0,0,0.926479,0.019092,20.171155,20.171155,0,0,0.926645,0.019051,25.687024,25.687024,0,0,0.926814
4507,1-Feb-07,24:00:00,223.887883,0.017832,13.810423,13.810423,0,0,0.92382,0.017806,18.996478,18.996478,0,0,0.923995,0.017767,24.191128,24.191128,0,0,0.924169
4508,2-Feb-07,24:00:00,218.943879,0.02035,13.006166,13.006166,0,0,0.921123,0.020331,17.890208,17.890208,0,0,0.921301,0.020305,22.782345,22.782345,0,0,0.921481
4509,3-Feb-07,24:00:00,213.90492,0.02581,12.248746,12.248746,0,0,0.917763,0.025789,16.848363,16.848363,0,0,0.917944,0.02576,21.455604,21.455604,0,0,0.918128
4510,4-Feb-07,24:00:00,210.12856,0.029717,11.535434,11.535434,0,0,0.913762,0.029698,15.867191,15.867191,0,0,0.913946,0.029669,20.206126,20.206126,0,0,0.914134
4511,5-Feb-07,24:00:00,208.637947,0.037549,10.863662,10.863662,0,0,0.909188,0.037518,14.943157,14.943157,0,0,0.909375,0.03747,19.029413,19.029413,0,0,0.909568
4512,6-Feb-07,24:00:00,208.366642,0.028829,10.231012,10.231012,0,0,0.904282,0.028795,14.072935,14.072935,0,0,0.904474,0.028741,17.921225,17.921225,0,0,0.904675
4513,7-Feb-07,24:00:00,250.906846,0.011156,18.3574,16.354725,0.981653,0.296243,0.940609,0.011142,57.739137,22.47506,0.98631,0.302268,0.941056,0.011116,125.520318,90.69538,1.017508,0.334908,0.941958
4514,8-Feb-07,24:00:00,1784.33,0.013363,425.754672,218.778054,0.81842,0.81842,1,0.013358,660.685394,284.278505,0.817549,0.817549,1,0.013346,1595.56,707.097407,0.817548,0.817548,1
4515,9-Feb-07,24:00:00,10204.01,0.014345,2496.40,842.438099,1.088388,1.088388,1,0.014336,3056.97,1043.58,1.119757,1.119757,1,0.01432,3952.83,1829.96,1.151806,1.151806,1
4516,10-Feb-07,24:00:00,4643.19,0.014625,1258.31,1105.50,1.292108,1.292108,1,0.014612,1508.17,1289.47,1.32181,1.32181,1,0.01459,1785.02,1720.89,1.398366,1.398366,1
4517,11-Feb-07,24:00:00,3691.42,0.026866,1025.41,1020.55,0,0,1,0.026843,1180.17,1140.88,0,0,1,0.026805,804.547759,795.684743,0,0,1
4518,12-Feb-07,24:00:00,1473.15,0.010248,448.291171,447.078238,0.408738,0.408738,1,0.010237,470.560903,451.340535,0.408837,0.408837,1,0.010219,515.068807,498.531478,0.418129,0.418129,1
4519,13-Feb-07,24:00:00,1812.61,0.028072,436.240359,434.972315,0,0,1,0.028052,511.757004,494.95766,0,0,1,0.028021,507.918548,505.096162,0,0,1
4520,14-Feb-07,24:00:00,983.951348,0.035829,257.600994,257.518323,0,0,1,0.035806,272.154072,271.433953,0,0,1,0.035771,237.864019,237.864019,0,0,1
4521,15-Feb-07,24:00:00,757.693803,0.0418,168.435818,168.435818,0,0,0.999733,0.041781,185.940759,185.940759,0,0,0.999736,0.04175,223.2266,223.2266,0,0,0.999741
4522,16-Feb-07,24:00:00,695.435049,0.038567,144.970119,144.970119,0,0,0.996471,0.038545,165.868362,165.868362,0,0,0.996481,0.03851,210.22618,210.22618,0,0,0.996497
4523,17-Feb-07,24:00:00,660.584523,0.044808,134.705323,134.705323,0,0,0.990621,0.044779,155.324044,155.324044,0,0,0.990634,0.044733,197.983554,197.983554,0,0,0.990656
4524,18-Feb-07,24:00:00,631.945919,0.041425,126.653926,126.653926,0,0,0.984449,0.041407,146.206725,146.206725,0,0,0.984466,0.041378,186.453883,186.453883,0,0,0.984494
4525,19-Feb-07,24:00:00,609.631248,0.041552,119.256896,119.256896,0,0,0.978539,0.04153,137.687001,137.687001,0,0,0.978559,0.041494,175.595649,175.595649,0,0,0.978591
4526,20-Feb-07,24:00:00,584.538014,0.018731,112.309861,112.309861,0,0,0.974229,0.018707,129.668364,129.668364,0,0,0.974252,0.018682,165.369749,165.369749,0,0,0.974288
4527,21-Feb-07,24:00:00,578.434862,0.01431,113.273815,112.229323,0.625143,0.430455,0.981315,0.014293,141.462235,130.173024,0.613935,0.419436,0.981239,0.014265,228.545618,214.259192,0.609962,0.415752,0.981241
4528,22-Feb-07,24:00:00,7837.27,0.026807,1923.36,602.76214,0.838694,0.838694,1,0.026789,2386.36,758.881723,0.840925,0.840925,1,0.02676,3680.40,1596.73,0.84547,0.84547,1
4529,23-Feb-07,24:00:00,3045.18,0.022448,850.909927,661.092926,0,0,1,0.022439,883.621595,714.319704,0,0,1,0.022423,311.066618,310.238316,0,0,1
4530,24-Feb-07,24:00:00,1547.69,0.013781,335.88447,283.925076,0.556618,0.556618,1,0.013771,362.095339,282.529379,0.557502,0.557502,1,0.013755,588.646887,355.527672,0.582537,0.582537,1
4531,25-Feb-07,24:00:00,5437.43,0.02672,1169.54,666.702138,0.658255,0.658255,1,0.026703,1456.55,819.001772,0.650895,0.650895,1,0.026675,2150.13,1516.98,0.654857,0.654857,1
4532,26-Feb-07,24:00:00,3857.61,0.013681,873.66014,830.097663,0.905274,0.905274,1,0.013669,1029.14,936.6901,0.891736,0.891736,1,0.013649,1250.88,1212.44,0.894088,0.894088,1
4533,27-Feb-07,24:00:00,3775.04,0.012395,815.413314,812.689899,0.175686,0.175686,1,0.012388,923.968313,888.627408,0.179009,0.179009,1,0.012375,783.441768,770.597656,0.20785,0.20785,1
4534,28-Feb-07,24:00:00,2551.72,0.023793,480.512505,479.892589,0.011232,0.011232,1,0.023781,506.468108,498.654479,0.015078,0.015078,1,0.023761,402.046638,400.36588,0.020229,0.020229,1
4535,1-Mar-07,24:00:00,1916.26,0.014879,270.936079,270.879799,0,0,1,0.014867,287.392887,286.681319,0,0,1,0.014846,298.706643,298.647889,0,0,1
4536,2-Mar-07,24:00:00,1458.08,0.042553,203.945504,203.943798,0,0,1,0.042537,225.606762,225.588144,0,0,1,0.042511,275.056735,275.056735,0,0,1
4537,3-Mar-07,24:00:00,1064.53,0.050827,183.120796,183.120796,0,0,0.998929,0.050823,206.194377,206.194377,0,0,0.998932,0.050817,259.025474,259.025474,0,0,0.998936
4538,4-Mar-07,24:00:00,926.942182,0.05128,171.269408,171.269408,0,0,0.9937,0.051279,193.557159,193.557159,0,0,0.993705,0.051279,243.940986,243.940986,0,0,0.993715
4539,5-Mar-07,24:00:00,863.238458,0.04103,161.160488,161.160488,0,0,0.987128,0.041014,182.232371,182.232371,0,0,0.987135,0.040987,229.734962,229.734962,0,0,0.987146
4540,6-Mar-07,24:00:00,766.796085,0.055746,151.761297,151.761297,0,0,0.980207,0.055743,171.61599,171.61599,0,0,0.980215,0.055739,216.356232,216.356232,0,0,0.980228
4541,7-Mar-07,24:00:00,708.892302,0.023115,142.922056,142.922056,0,0,0.974465,0.023105,161.621568,161.621568,0,0,0.974473,0.023087,203.75662,203.75662,0,0,0.974488
4542,8-Mar-07,24:00:00,679.400082,0.04598,134.598795,134.598795,0,0,0.969575,0.045977,152.209437,152.209437,0,0,0.969585,0.045973,191.890752,191.890752,0,0,0.969602
4543,9-Mar-07,24:00:00,651.56415,0.022485,126.760356,126.760356,0,0,0.96474,0.022475,143.345444,143.345444,0,0,0.96475,0.022459,180.715899,180.715899,0,0,0.964768
4544,10-Mar-07,24:00:00,625.731154,0.059247,119.378403,119.378403,0,0,0.958989,0.059244,134.997651,134.997651,0,0,0.959001,0.059232,170.191819,170.191819,0,0,0.959021
4545,11-Mar-07,24:00:00,602.348321,0.069513,112.426342,112.426342,0,0,0.949878,0.069513,127.135996,127.135996,0,0,0.94989,0.069513,160.280614,160.280614,0,0,0.949911
4546,12-Mar-07,24:00:00,580.458892,0.068953,105.879139,105.879139,0,0,0.939897,0.068953,119.732168,119.732168,0,0,0.939909,0.068953,150.946593,150.946593,0,0,0.93993
4547,13-Mar-07,24:00:00,559.008519,0.065619,99.713214,99.713214,0,0,0.930211,0.065619,112.759506,112.759506,0,0,0.930223,0.065619,142.156143,142.156143,0,0,0.930244
4548,14-Mar-07,24:00:00,515.098833,0.067437,93.906366,93.906366,0,0,0.920851,0.067437,106.1929,106.1929,0,0,0.920863,0.067437,133.87761,133.87761,0,0,0.920884
4549,15-Mar-07,24:00:00,461.741333,0.058539,88.437682,88.437682,0,0,0.911626,0.058539,100.008704,100.008704,0,0,0.911638,0.058539,126.081181,126.081181,0,0,0.911659
4550,16-Mar-07,24:00:00,431.695238,0.069695,83.28747,83.28747,0,0,0.90265,0.069695,94.184647,94.184647,0,0,0.902661,0.069695,118.738781,118.738781,0,0,0.902683
4551,17-Mar-07,24:00:00,413.1669,0.073913,78.437183,78.437183,0,0,0.892488,0.073913,88.699758,88.699758,0,0,0.8925,0.073913,111.823969,111.823969,0,0,0.892521
4552,18-Mar-07,24:00:00,395.980954,0.066517,73.869355,73.869355,0,0,0.882333,0.066516,83.534283,83.534283,0,0,0.882344,0.066514,105.311845,105.311845,0,0,0.882366
4553,19-Mar-07,24:00:00,380.480206,0.050516,69.567536,69.567536,0,0,0.873872,0.05051,78.669623,78.669623,0,0,0.873884,0.050499,99.178957,99.178957,0,0,0.873906
4554,20-Mar-07,24:00:00,369.00328,0.053391,65.516236,65.516236,0,0,0.866725,0.05339,74.088258,74.088258,0,0,0.866738,0.053399,93.403221,93.403221,0,0,0.86676
4555,21-Mar-07,24:00:00,357.747844,0.062187,61.700866,61.700866,0,0,0.858243,0.062187,69.773692,69.773692,0,0,0.858256,0.062187,87.963839,87.963839,0,0,0.858278
4556,22-Mar-07,24:00:00,343.346346,0.061198,58.107685,58.107685,0,0,0.849448,0.061198,65.710386,65.710386,0,0,0.849461,0.061195,82.841221,82.841221,0,0,0.849483
4557,23-Mar-07,24:00:00,331.918618,0.068894,54.723755,54.723755,0,0,0.840113,0.068894,61.883709,61.883709,0,0,0.840126,0.068894,78.016921,78.016921,0,0,0.840148
4558,24-Mar-07,24:00:00,322.164285,0.075342,51.53689,51.53689,0,0,0.829924,0.075342,58.279881,58.279881,0,0,0.829937,0.075342,73.473567,73.473567,0,0,0.829959
4559,25-Mar-07,24:00:00,311.12588,0.040169,48.535614,48.535614,0,0,0.821405,0.040163,54.885923,54.885923,0,0,0.821418,0.040148,69.194798,69.194798,0,0,0.821442
4560,26-Mar-07,24:00:00,317.975397,0.029936,46.616608,45.709118,0.251546,0,0.83787,0.029927,67.329145,51.689614,0.265087,0,0.838981,0.02991,80.574526,65.165204,0.358129,0,0.84393
4561,27-Mar-07,24:00:00,311.621777,0.046045,43.572826,43.047225,0,0,0.85444,0.046028,55.604101,48.679444,0,0,0.856389,0.045997,62.542625,61.370276,0,0,0.869576
4562,28-Mar-07,24:00:00,281.9453,0.062664,40.572237,40.540349,0,0,0.853421,0.062651,46.104445,45.844572,0,0,0.855371,0.062629,57.796348,57.796348,0,0,0.869029
4563,29-Mar-07,24:00:00,272.833128,0.069202,38.179461,38.179461,0,0,0.846952,0.069185,43.174791,43.174791,0,0,0.848906,0.069154,54.430549,54.430549,0,0,0.863256
4564,30-Mar-07,24:00:00,264.283117,0.078635,35.956061,35.956061,0,0,0.83653,0.078619,40.660486,40.660486,0,0,0.838486,0.07859,51.260759,51.260759,0,0,0.852841
4565,31-Mar-07,24:00:00,256.810576,0.077924,33.862142,33.862142,0,0,0.825206,0.077906,38.292602,38.292602,0,0,0.827165,0.077873,48.275563,48.275563,0,0,0.841524
4566,1-Apr-07,24:00:00,250.111316,0.074055,31.890164,31.890164,0,0,0.81436,0.074041,36.062613,36.062613,0,0,0.816322,0.074017,45.464212,45.464212,0,0,0.830685
4567,2-Apr-07,24:00:00,256.185175,0.074671,30.033024,30.033024,0,0,0.803718,0.074658,33.962489,33.962489,0,0,0.805681,0.074635,42.816581,42.816581,0,0,0.820048
4568,3-Apr-07,24:00:00,266.680632,0.076543,28.284036,28.284036,0,0,0.792926,0.076526,31.984667,31.984667,0,0,0.794891,0.076495,40.323136,40.323136,0,0,0.809261
4569,4-Apr-07,24:00:00,264.221628,0.069212,26.636901,26.636901,0,0,0.782321,0.069197,30.122024,30.122024,0,0,0.784288,0.069169,37.974898,37.974898,0,0,0.798663
4570,5-Apr-07,24:00:00,259.571392,0.085761,25.085688,25.085688,0,0,0.771522,0.085745,28.367853,28.367853,0,0,0.773492,0.085717,35.763411,35.763411,0,0,0.78787
4571,6-Apr-07,24:00:00,255.049888,0.085426,23.624811,23.624811,0,0,0.759204,0.085411,26.715837,26.715837,0,0,0.761175,0.085383,33.680711,33.680711,0,0,0.775558
4572,7-Apr-07,24:00:00,248.340021,0.05013,22.249008,22.249008,0,0,0.749676,0.050129,25.160027,25.160027,0,0,0.751649,0.050102,31.719298,31.719298,0,0,0.766035
4573,8-Apr-07,24:00:00,243.207986,0.076115,20.953326,20.953326,0,0,0.74059,0.076105,23.69482,23.69482,0,0,0.742564,0.076085,29.872109,29.872109,0,0,0.756954
4574,9-Apr-07,24:00:00,240.281924,0.071407,19.733099,19.733099,0,0,0.729866,0.071395,22.314941,22.314941,0,0,0.731842,0.071371,28.132492,28.132492,0,0,0.746235
4575,10-Apr-07,24:00:00,232.796225,0.074151,18.583932,18.583932,0,0,0.719543,0.074141,21.015419,21.015419,0,0,0.72152,0.07412,26.494182,26.494182,0,0,0.735916
4576,11-Apr-07,24:00:00,247.738076,0.03996,18.558948,17.501687,0.244254,0,0.738011,0.03995,40.716282,19.791576,0.307912,0,0.745815,0.039929,42.362908,24.951281,0.38474,0,0.765414
4577,12-Apr-07,24:00:00,232.390202,0.065398,16.828952,16.482468,0,0,0.748955,0.065387,24.060498,18.639003,0,0,0.760027,0.065363,23.900353,23.49823,0,0,0.7854
4578,13-Apr-07,24:00:00,210.710821,0.076283,15.541366,15.522603,0,0,0.744583,0.07627,17.718599,17.553552,0,0,0.755936,0.076246,22.129799,22.129799,0,0,0.782039
4579,14-Apr-07,24:00:00,207.454278,0.049861,14.618637,14.618637,0,0,0.739453,0.049851,16.531312,16.531312,0,0,0.750991,0.049842,20.841059,20.841059,0,0,0.77686
4580,15-Apr-07,24:00:00,205.795181,0.073032,13.767313,13.767313,0,0,0.737646,0.073022,15.568603,15.568603,0,0,0.749506,0.073001,19.62737,19.62737,0,0,0.769975
4581,16-Apr-07,24:00:00,203.480293,0.090911,12.965567,12.965567,0,0,0.728758,0.090898,14.661958,14.661958,0,0,0.740996,0.090874,18.48436,18.48436,0,0,0.758657
4582,17-Apr-07,24:00:00,201.697011,0.059359,12.210511,12.210511,0,0,0.717574,0.059345,13.808111,13.808111,0,0,0.729814,0.059318,17.407915,17.407915,0,0,0.74748
4583,18-Apr-07,24:00:00,200.114779,0.06109,11.499426,11.499426,0,0,0.70896,0.061079,13.003989,13.003989,0,0,0.721202,0.061054,16.394156,16.394156,0,0,0.738871
4584,19-Apr-07,24:00:00,197.785909,0.031841,10.829751,10.829751,0,0,0.702272,0.031835,12.246695,12.246695,0,0,0.714516,0.031822,15.439434,15.439434,0,0,0.732188
4585,20-Apr-07,24:00:00,195.500605,0.068132,10.199075,10.199075,0,0,0.697158,0.068121,11.533503,11.533503,0,0,0.707595,0.068092,14.540311,14.540311,0,0,0.72527
4586,21-Apr-07,24:00:00,209.952485,0.020049,11.029029,9.605127,1.300227,0,0.734729,0.020055,41.09362,10.861844,1.434617,0,0.750164,0.020043,48.935565,13.693549,1.542012,0,0.770548
4587,22-Apr-07,24:00:00,359.164721,0.054338,14.750041,9.045767,0,0,0.878253,0.05433,98.983385,10.229299,0,0,0.906726,0.054309,49.05044,12.896098,0,0,0.939035
4588,23-Apr-07,24:00:00,205.931654,0.081126,8.960763,8.518983,0,0,0.87639,0.081118,14.168374,9.63359,0,0,0.904864,0.081101,12.145088,12.145088,0,0,0.937175
4589,24-Apr-07,24:00:00,189.030367,0.08255,8.025302,8.022875,0,0,0.867521,0.082541,9.072574,9.072574,0,0,0.895997,0.082523,11.437812,11.437812,0,0,0.928313
4590,25-Apr-07,24:00:00,186.447558,0.075829,7.555659,7.555659,0,0,0.856273,0.075819,8.544228,8.544228,0,0,0.88475,0.075803,10.771726,10.771726,0,0,0.917068
4591,26-Apr-07,24:00:00,185.716036,0.084078,7.115652,7.115652,0,0,0.844702,0.084069,8.04665,8.04665,0,0,0.873181,0.084063,10.144429,10.144429,0,0,0.905501
4592,27-Apr-07,24:00:00,185.658168,0.095302,6.701268,6.701268,0,0,0.831923,0.095295,7.57805,7.57805,0,0,0.860402,0.095294,9.553663,9.553663,0,0,0.892723
4593,28-Apr-07,24:00:00,184.838936,0.095397,6.311017,6.311017,0,0,0.818253,0.095396,7.136738,7.136738,0,0,0.846734,0.095396,8.997301,8.997301,0,0,0.879054
4594,29-Apr-07,24:00:00,182.211103,0.094966,5.943491,5.943491,0,0,0.804746,0.094967,6.721127,6.721127,0,0,0.833226,0.094966,8.473338,8.473338,0,0,0.865546
4595,30-Apr-07,24:00:00,176.315294,0.103472,5.597369,5.597369,0,0,0.790863,0.103472,6.329719,6.329719,0,0,0.819343,0.103472,7.979889,7.979889,0,0,0.851664
4596,1-May-07,24:00:00,171.495519,0.043781,5.271404,5.271404,0,0,0.7796,0.043779,5.961104,5.961104,0,0,0.808146,0.043771,7.515177,7.515177,0,0,0.840401
4597,2-May-07,24:00:00,170.030702,0.055044,4.964421,4.964421,0,0,0.772811,0.055037,5.613956,5.613956,0,0,0.805401,0.055012,7.077527,7.077527,0,0,0.837506
4598,3-May-07,24:00:00,166.716177,0.054152,4.675315,4.675315,0,0,0.764739,0.054148,5.287025,5.287025,0,0,0.804316,0.054136,6.788118,6.665363,0.057899,0,0.83549
4599,4-May-07,24:00:00,165.697792,0.066963,4.403046,4.403046,0,0,0.756485,0.066956,4.979132,4.979132,0,0,0.80211,0.06695,8.835229,6.277203,0,0,0.840537
4600,5-May-07,24:00:00,163.627869,0.082964,4.146632,4.146632,0,0,0.745691,0.082964,4.68917,4.68917,0,0,0.794872,0.082965,5.911647,5.911647,0,0,0.837562
4601,6-May-07,24:00:00,164.454313,0.101726,3.905151,3.905151,0,0,0.732609,0.101726,4.416094,4.416094,0,0,0.78179,0.101726,5.567379,5.567379,0,0,0.826329
4602,7-May-07,24:00:00,172.829566,0.104591,3.677733,3.677733,0,0,0.717755,0.104592,4.158921,4.158921,0,0,0.766936,0.104593,5.24316,5.24316,0,0,0.811475
4603,8-May-07,24:00:00,181.573318,0.105494,3.463558,3.463558,0,0,0.70287,0.105494,3.916724,3.916724,0,0,0.752051,0.105495,4.937822,4.937822,0,0,0.796589
4604,9-May-07,24:00:00,181.336476,0.101885,3.261856,3.261856,0,0,0.688,0.101885,3.688631,3.688631,0,0,0.737181,0.101886,4.650265,4.650265,0,0,0.781719
4605,10-May-07,24:00:00,158.159059,0.08073,3.0719,3.0719,0,0,0.67529,0.080731,3.473822,3.473822,0,0,0.724471,0.080741,4.379455,4.379455,0,0,0.769008
4606,11-May-07,24:00:00,118.654693,0.096622,2.893007,2.893007,0,0,0.662365,0.096622,3.271522,3.271522,0,0,0.711546,0.096623,4.124415,4.124415,0,0,0.756082
4607,12-May-07,24:00:00,96.076687,0.057248,2.724531,2.724531,0,0,0.651429,0.057248,3.081004,3.081004,0,0,0.70061,0.057258,3.884228,3.884228,0,0,0.745145
4608,13-May-07,24:00:00,92.071515,0.098221,2.565867,2.565867,0,0,0.640307,0.098221,2.90158,2.90158,0,0,0.689488,0.098222,3.658028,3.658028,0,0,0.734023
4609,14-May-07,24:00:00,91.730915,0.106148,2.416442,2.416442,0,0,0.625779,0.106148,2.732605,2.732605,0,0,0.67496,0.106149,3.445001,3.445001,0,0,0.719495
4610,15-May-07,24:00:00,93.052579,0.104366,2.275719,2.275719,0,0,0.610649,0.104367,2.57347,2.57347,0,0,0.65983,0.104368,3.244379,3.244379,0,0,0.704365
4611,16-May-07,24:00:00,94.118588,0.100758,2.143192,2.143192,0,0,0.596116,0.100759,2.423603,2.423603,0,0,0.645297,0.10076,3.055441,3.055441,0,0,0.689831
4612,17-May-07,24:00:00,93.363338,0.105597,2.018382,2.018382,0,0,0.581414,0.105597,2.282463,2.282463,0,0,0.630595,0.105598,2.877506,2.877506,0,0,0.675129
4613,18-May-07,24:00:00,92.898504,0.102322,1.90084,1.90084,0,0,0.566489,0.102323,2.149543,2.149543,0,0,0.61567,0.102323,2.709933,2.709933,0,0,0.660204
4614,19-May-07,24:00:00,92.494727,0.101299,1.790144,1.790144,0,0,0.552059,0.1013,2.024363,2.024363,0,0,0.601239,0.101301,2.552119,2.552119,0,0,0.645773
4615,20-May-07,24:00:00,92.116409,0.098602,1.685894,1.685894,0,0,0.537323,0.098601,1.906473,1.906473,0,0,0.586503,0.098598,2.403495,2.403495,0,0,0.631038
4616,21-May-07,24:00:00,91.760213,0.103439,1.587715,1.587715,0,0,0.523287,0.103439,1.795449,1.795449,0,0,0.572467,0.10344,2.263526,2.263526,0,0,0.617002
4617,22-May-07,24:00:00,90.97517,0.105765,1.495254,1.495254,0,0,0.508143,0.105766,1.69089,1.69089,0,0,0.557323,0.105767,2.131709,2.131709,0,0,0.601858
4618,23-May-07,24:00:00,90.160649,0.107104,1.408177,1.408177,0,0,0.492927,0.107106,1.59242,1.59242,0,0,0.542107,0.107109,2.007568,2.007568,0,0,0.586641
4619,24-May-07,24:00:00,91.612489,0.110318,1.326171,1.326171,0,0,0.477438,0.110319,1.499685,1.499685,0,0,0.526617,0.11032,1.890656,1.890656,0,0,0.571151
4620,25-May-07,24:00:00,93.773667,0.114514,1.248941,1.248941,0,0,0.46151,0.114515,1.41235,1.41235,0,0,0.510689,0.114516,1.780553,1.780553,0,0,0.555223
4621,26-May-07,24:00:00,93.75476,0.108522,1.176208,1.176208,0,0,0.445391,0.108523,1.330101,1.330101,0,0,0.49457,0.108524,1.676861,1.676861,0,0,0.539104
4622,27-May-07,24:00:00,93.067278,0.105156,1.107711,1.107711,0,0,0.430192,0.105153,1.252642,1.252642,0,0,0.479371,0.105141,1.579208,1.579208,0,0,0.523906
4623,28-May-07,24:00:00,92.787362,0.113788,1.043203,1.043203,0,0,0.414679,0.113787,1.179694,1.179694,0,0,0.463859,0.113783,1.487242,1.487242,0,0,0.508395
4624,29-May-07,24:00:00,92.114849,0.10674,0.982452,0.982452,0,0,0.398952,0.106736,1.110994,1.110994,0,0,0.448133,0.106724,1.400632,1.400632,0,0,0.492669
4625,30-May-07,24:00:00,91.85815,0.0804,0.925238,0.925238,0,0,0.385359,0.080395,1.046294,1.046294,0,0,0.43454,0.08039,1.319066,1.319066,0,0,0.479078
4626,31-May-07,24:00:00,92.561846,0.084404,0.871356,0.871356,0,0,0.373965,0.084412,0.985363,0.985363,0,0,0.423145,0.084399,1.242249,1.242249,0,0,0.467684
4627,1-Jun-07,24:00:00,90.225156,0.108591,0.820612,0.820612,0,0,0.35997,0.108588,0.92798,0.92798,0,0,0.409151,0.108575,1.169906,1.169906,0,0,0.453692
4628,2-Jun-07,24:00:00,84.863719,0.109162,0.772824,0.772824,0,0,0.344483,0.109161,0.873939,0.873939,0,0,0.393664,0.109152,1.101776,1.101776,0,0,0.438206
4629,3-Jun-07,24:00:00,82.365656,0.108742,0.727818,0.727818,0,0,0.328734,0.10874,0.823044,0.823044,0,0,0.377915,0.108729,1.037614,1.037614,0,0,0.422459
4630,4-Jun-07,24:00:00,78.852847,0.077532,0.685433,0.685433,0,0,0.315172,0.077529,0.775114,0.775114,0,0,0.364353,0.077517,0.977188,0.977188,0,0,0.408899
4631,5-Jun-07,24:00:00,73.405417,0.09793,0.645517,0.645517,0,0,0.302706,0.097917,0.729975,0.729975,0,0,0.351889,0.097906,0.920281,0.920281,0,0,0.396436
4632,6-Jun-07,24:00:00,70.933493,0.076018,0.607925,0.607925,0,0,0.290458,0.076017,0.687464,0.687464,0,0,0.339641,0.076003,0.866688,0.866688,0,0,0.38419
4633,7-Jun-07,24:00:00,70.58784,0.103004,0.572522,0.572522,0,0,0.277762,0.103002,0.647429,0.647429,0,0,0.326945,0.102991,0.816216,0.816216,0,0,0.371496
4634,8-Jun-07,24:00:00,74.953886,0.108999,0.539181,0.539181,0,0,0.262708,0.108996,0.609726,0.609726,0,0,0.311892,0.108983,0.768683,0.768683,0,0,0.356445
4635,9-Jun-07,24:00:00,86.117302,0.11374,0.507781,0.507781,0,0,0.246734,0.113738,0.574218,0.574218,0,0,0.295919,0.113726,0.723918,0.723918,0,0,0.340473
4636,10-Jun-07,24:00:00,95.281593,0.107101,0.47821,0.47821,0,0,0.231128,0.1071,0.540779,0.540779,0,0,0.280313,0.107089,0.681761,0.681761,0,0,0.324869
4637,11-Jun-07,24:00:00,98.784443,0.112812,0.450362,0.450362,0,0,0.215383,0.112809,0.509286,0.509286,0,0,0.264567,0.112798,0.642058,0.642058,0,0,0.309125
4638,12-Jun-07,24:00:00,103.520237,0.122654,0.424135,0.424135,0,0,0.198674,0.12265,0.479627,0.479627,0,0,0.247859,0.122636,0.604667,0.604667,0,0,0.292418
4639,13-Jun-07,24:00:00,105.728971,0.127866,0.399435,0.399435,0,0,0.180708,0.127863,0.451696,0.451696,0,0,0.229894,0.127851,0.569454,0.569454,0,0,0.274455
4640,14-Jun-07,24:00:00,107.197851,0.125671,0.376174,0.376174,0,0,0.162587,0.125667,0.425391,0.425391,0,0,0.211773,0.125653,0.536292,0.536292,0,0,0.256336
4641,15-Jun-07,24:00:00,116.725833,0.124153,0.354267,0.354267,0,0,0.144631,0.12415,0.400619,0.400619,0,0,0.193818,0.124137,0.505061,0.505061,0,0,0.238383
4642,16-Jun-07,24:00:00,128.01385,0.116539,0.333636,0.333636,0,0,0.127515,0.116536,0.377288,0.377288,0,0,0.176702,0.116523,0.475648,0.475648,0,0,0.221269
4643,17-Jun-07,24:00:00,132.683096,0.116783,0.314207,0.314207,0,0,0.110745,0.11678,0.355317,0.355317,0,0,0.159933,0.116768,0.447949,0.447949,0,0,0.204501
4644,18-Jun-07,24:00:00,133.498983,0.122462,0.295909,0.295909,0,0,0.093665,0.122459,0.334625,0.334625,0,0,0.142853,0.122448,0.421862,0.421862,0,0,0.187423
4645,19-Jun-07,24:00:00,133.508554,0.117834,0.278676,0.278676,0,0,0.076624,0.117831,0.315138,0.315138,0,0,0.125812,0.117816,0.397295,0.397295,0,0,0.170384
4646,20-Jun-07,24:00:00,133.001129,0.09628,0.262447,0.262447,0,0,0.061499,0.096277,0.296785,0.296785,0,0,0.110688,0.096279,0.374158,0.374158,0,0,0.15526
4647,21-Jun-07,24:00:00,132.89936,0.121516,0.247164,0.247164,0,0,0.045825,0.121514,0.279502,0.279502,0,0,0.095014,0.121501,0.352369,0.352369,0,0,0.139587
4648,22-Jun-07,24:00:00,132.844607,0.116245,0.23277,0.23277,0,0,0.028739,0.116242,0.263225,0.263225,0,0,0.077928,0.116231,0.331848,0.331848,0,0,0.122504
4649,23-Jun-07,24:00:00,135.043281,0.12186,0.219214,0.219214,0,0,0.012004,0.121857,0.247896,0.247896,0,0,0.061194,0.121845,0.312523,0.312523,0,0,0.105772
4650,24-Jun-07,24:00:00,139.737966,0.111631,0.206448,0.206448,0,0,0.000821,0.111628,0.23346,0.23346,0,0,0.044147,0.111617,0.294323,0.294323,0,0,0.088726
4651,25-Jun-07,24:00:00,142.88207,0.116999,0.194426,0.194426,0,0,0,0.116997,0.219864,0.219864,0,0,0.027905,0.116984,0.277183,0.277183,0,0,0.072485
4652,26-Jun-07,24:00:00,144.047559,0.124769,0.183103,0.183103,0,0,0,0.124766,0.20706,0.20706,0,0,0.010757,0.124756,0.261041,0.261041,0,0,0.05534
4653,27-Jun-07,24:00:00,152.213469,0.124867,0.17244,0.17244,0,0,0,0.124864,0.195002,0.195002,0,0,0.0004,0.124853,0.245839,0.245839,0,0,0.037533
4654,28-Jun-07,24:00:00,172.395099,0.106595,0.162398,0.162398,0,0,0,0.106592,0.183646,0.183646,0,0,0,0.106581,0.231523,0.231523,0,0,0.020717
4655,29-Jun-07,24:00:00,188.40866,0.099076,0.152941,0.152941,0,0,0,0.099075,0.172951,0.172951,0,0,0,0.099062,0.21804,0.21804,0,0,0.006441
4656,30-Jun-07,24:00:00,192.189118,0.111702,0.144034,0.144034,0,0,0,0.111699,0.162879,0.162879,0,0,0,0.111688,0.205342,0.205342,0,0,0
4657,1-Jul-07,24:00:00,192.474858,0.118094,0.135646,0.135646,0,0,0,0.11809,0.153394,0.153394,0,0,0,0.118076,0.193384,0.193384,0,0,0
4658,2-Jul-07,24:00:00,200.760179,0.11909,0.127747,0.127747,0,0,0,0.119087,0.144461,0.144461,0,0,0,0.119073,0.182122,0.182122,0,0,0
4659,3-Jul-07,24:00:00,221.341968,0.124898,0.120307,0.120307,0,0,0,0.124894,0.136048,0.136048,0,0,0,0.12488,0.171516,0.171516,0,0,0
4660,4-Jul-07,24:00:00,228.65857,0.12954,0.113301,0.113301,0,0,0,0.129537,0.128125,0.128125,0,0,0,0.129524,0.161528,0.161528,0,0,0
4661,5-Jul-07,24:00:00,225.901328,0.131625,0.106703,0.106703,0,0,0,0.131621,0.120664,0.120664,0,0,0,0.131606,0.152121,0.152121,0,0,0
4662,6-Jul-07,24:00:00,236.825881,0.127567,0.100489,0.100489,0,0,0,0.127563,0.113637,0.113637,0,0,0,0.127547,0.143262,0.143262,0,0,0
4663,7-Jul-07,24:00:00,258.52655,0.117525,0.094637,0.094637,0,0,0,0.117522,0.107019,0.107019,0,0,0,0.117509,0.134919,0.134919,0,0,0
4664,8-Jul-07,24:00:00,267.803695,0.128054,0.089126,0.089126,0,0,0,0.128048,0.100787,0.100787,0,0,0,0.12803,0.127062,0.127062,0,0,0
4665,9-Jul-07,24:00:00,266.429237,0.119752,0.083936,0.083936,0,0,0,0.119748,0.094918,0.094918,0,0,0,0.11973,0.119663,0.119663,0,0,0
4666,10-Jul-07,24:00:00,265.302614,0.12228,0.079048,0.079048,0,0,0,0.122276,0.08939,0.08939,0,0,0,0.122261,0.112694,0.112694,0,0,0
4667,11-Jul-07,24:00:00,267.134158,0.098653,0.074444,0.074444,0,0,0,0.09865,0.084184,0.084184,0,0,0,0.098639,0.106131,0.106131,0,0,0
4668,12-Jul-07,24:00:00,267.612384,0.105525,0.070109,0.070109,0,0,0,0.105521,0.079282,0.079282,0,0,0,0.105508,0.099951,0.099951,0,0,0
4669,13-Jul-07,24:00:00,259.157642,0.106818,0.066026,0.066026,0,0,0,0.106815,0.074665,0.074665,0,0,0,0.106802,0.09413,0.09413,0,0,0
4670,14-Jul-07,24:00:00,251.192143,0.12108,0.062181,0.062181,0,0,0,0.121083,0.070317,0.070317,0,0,0,0.121068,0.088648,0.088648,0,0,0
4671,15-Jul-07,24:00:00,246.131479,0.117429,0.05856,0.05856,0,0,0,0.117425,0.066222,0.066222,0,0,0,0.117413,0.083486,0.083486,0,0,0
4672,16-Jul-07,24:00:00,239.252874,0.109162,0.05515,0.05515,0,0,0,0.109157,0.062365,0.062365,0,0,0,0.109143,0.078624,0.078624,0,0,0
4673,17-Jul-07,24:00:00,237.479339,0.09549,0.051938,0.051938,0,0,0,0.095484,0.058733,0.058733,0,0,0,0.095465,0.074045,0.074045,0,0,0
4674,18-Jul-07,24:00:00,226.34645,0.0751,0.048913,0.048913,0,0,0,0.0751,0.055313,0.055313,0,0,0,0.075078,0.069733,0.069733,0,0,0
4675,19-Jul-07,24:00:00,212.438101,0.105551,0.046065,0.046065,0,0,0,0.105547,0.052092,0.052092,0,0,0,0.105533,0.065672,0.065672,0,0,0
4676,20-Jul-07,24:00:00,206.979172,0.106545,0.043382,0.043382,0,0,0,0.106541,0.049058,0.049058,0,0,0,0.106526,0.061848,0.061848,0,0,0
4677,21-Jul-07,24:00:00,205.5376,0.111496,0.040856,0.040856,0,0,0,0.111492,0.046201,0.046201,0,0,0,0.111475,0.058246,0.058246,0,0,0
4678,22-Jul-07,24:00:00,205.144638,0.12132,0.038477,0.038477,0,0,0,0.121315,0.043511,0.043511,0,0,0,0.121299,0.054854,0.054854,0,0,0
4679,23-Jul-07,24:00:00,223.790458,0.126534,0.036236,0.036236,0,0,0,0.126527,0.040977,0.040977,0,0,0,0.126511,0.05166,0.05166,0,0,0
4680,24-Jul-07,24:00:00,255.468331,0.117654,0.034126,0.034126,0,0,0,0.117649,0.038591,0.038591,0,0,0,0.117633,0.048651,0.048651,0,0,0
4681,25-Jul-07,24:00:00,235.572022,0.110917,0.032138,0.032138,0,0,0,0.110912,0.036343,0.036343,0,0,0,0.110899,0.045818,0.045818,0,0,0
4682,26-Jul-07,24:00:00,216.420427,0.114976,0.030267,0.030267,0,0,0,0.114971,0.034227,0.034227,0,0,0,0.114957,0.04315,0.04315,0,0,0
4683,27-Jul-07,24:00:00,210.506809,0.115163,0.028504,0.028504,0,0,0,0.115162,0.032234,0.032234,0,0,0,0.115157,0.040637,0.040637,0,0,0
4684,28-Jul-07,24:00:00,202.796822,0.121443,0.026844,0.026844,0,0,0,0.121443,0.030356,0.030356,0,0,0,0.121444,0.03827,0.03827,0,0,0
4685,29-Jul-07,24:00:00,199.672305,0.118932,0.025281,0.025281,0,0,0,0.118932,0.028589,0.028589,0,0,0,0.118934,0.036042,0.036042,0,0,0
4686,30-Jul-07,24:00:00,200.181338,0.121949,0.023809,0.023809,0,0,0,0.121949,0.026924,0.026924,0,0,0,0.12195,0.033943,0.033943,0,0,0
4687,31-Jul-07,24:00:00,194.110759,0.126651,0.022422,0.022422,0,0,0,0.126652,0.025356,0.025356,0,0,0,0.126652,0.031966,0.031966,0,0,0
4688,1-Aug-07,24:00:00,182.785337,0.123015,0.021116,0.021116,0,0,0,0.123016,0.023879,0.023879,0,0,0,0.123016,0.030105,0.030105,0,0,0
4689,2-Aug-07,24:00:00,177.129306,0.115223,0.019887,0.019887,0,0,0,0.115224,0.022489,0.022489,0,0,0,0.115224,0.028351,0.028351,0,0,0
4690,3-Aug-07,24:00:00,177.045795,0.116472,0.018729,0.018729,0,0,0,0.116473,0.021179,0.021179,0,0,0,0.116473,0.0267,0.0267,0,0,0
4691,4-Aug-07,24:00:00,176.615601,0.116409,0.017638,0.017638,0,0,0,0.116409,0.019946,0.019946,0,0,0,0.116409,0.025145,0.025145,0,0,0
4692,5-Aug-07,24:00:00,175.659869,0.09715,0.016611,0.016611,0,0,0,0.09715,0.018784,0.018784,0,0,0,0.09715,0.023681,0.023681,0,0,0
4693,6-Aug-07,24:00:00,175.113865,0.076918,0.015643,0.015643,0,0,0,0.076918,0.01769,0.01769,0,0,0,0.076918,0.022302,0.022302,0,0,0
4694,7-Aug-07,24:00:00,175.503415,0.090252,0.014732,0.014732,0,0,0,0.090252,0.01666,0.01666,0,0,0,0.090265,0.021003,0.021003,0,0,0
4695,8-Aug-07,24:00:00,174.202828,0.105061,0.013874,0.013874,0,0,0,0.105061,0.01569,0.01569,0,0,0,0.105062,0.01978,0.01978,0,0,0
4696,9-Aug-07,24:00:00,170.001323,0.109251,0.013066,0.013066,0,0,0,0.109251,0.014776,0.014776,0,0,0,0.109252,0.018628,0.018628,0,0,0
4697,10-Aug-07,24:00:00,168.216358,0.109739,0.012306,0.012306,0,0,0,0.109739,0.013916,0.013916,0,0,0,0.109739,0.017543,0.017543,0,0,0
4698,11-Aug-07,24:00:00,168.051126,0.101941,0.011589,0.011589,0,0,0,0.101941,0.013105,0.013105,0,0,0,0.101941,0.016522,0.016522,0,0,0
4699,12-Aug-07,24:00:00,168.040004,0.101948,0.010914,0.010914,0,0,0,0.101948,0.012342,0.012342,0,0,0,0.101948,0.01556,0.01556,0,0,0
4700,13-Aug-07,24:00:00,167.13812,0.102439,0.010278,0.010278,0,0,0,0.102439,0.011623,0.011623,0,0,0,0.102439,0.014653,0.014653,0,0,0
4701,14-Aug-07,24:00:00,165.23953,0.10308,0.00968,0.00968,0,0,0,0.10308,0.010946,0.010946,0,0,0,0.10308,0.0138,0.0138,0,0,0
4702,15-Aug-07,24:00:00,164.142232,0.108094,0.009116,0.009116,0,0,0,0.108094,0.010309,0.010309,0,0,0,0.108094,0.012996,0.012996,0,0,0
4703,16-Aug-07,24:00:00,162.688179,0.099382,0.008585,0.008585,0,0,0,0.099384,0.009709,0.009709,0,0,0,0.099384,0.01224,0.01224,0,0,0
4704,17-Aug-07,24:00:00,165.68093,0.103438,0.008085,0.008085,0,0,0,0.103438,0.009143,0.009143,0,0,0,0.103438,0.011527,0.011527,0,0,0
4705,18-Aug-07,24:00:00,175.013926,0.099291,0.007614,0.007614,0,0,0,0.099291,0.008611,0.008611,0,0,0,0.099291,0.010856,0.010856,0,0,0
4706,19-Aug-07,24:00:00,181.82938,0.076672,0.007171,0.007171,0,0,0,0.076676,0.008109,0.008109,0,0,0,0.076667,0.010223,0.010223,0,0,0
4707,20-Aug-07,24:00:00,188.785586,0.107098,0.006753,0.006753,0,0,0,0.107096,0.007637,0.007637,0,0,0,0.107096,0.009628,0.009628,0,0,0
4708,21-Aug-07,24:00:00,194.443634,0.107614,0.00636,0.00636,0,0,0,0.107605,0.007192,0.007192,0,0,0,0.107603,0.009067,0.009067,0,0,0
4709,22-Aug-07,24:00:00,197.723253,0.100368,0.00599,0.00599,0,0,0,0.100354,0.006773,0.006773,0,0,0,0.100337,0.008539,0.008539,0,0,0
4710,23-Aug-07,24:00:00,207.100184,0.106739,0.005641,0.005641,0,0,0,0.106722,0.006379,0.006379,0,0,0,0.106691,0.008042,0.008042,0,0,0
4711,24-Aug-07,24:00:00,212.202087,0.104522,0.005312,0.005312,0,0,0,0.104506,0.006007,0.006007,0,0,0,0.104475,0.007574,0.007574,0,0,0
4712,25-Aug-07,24:00:00,213.627557,0.097699,0.005003,0.005003,0,0,0,0.097684,0.005658,0.005658,0,0,0,0.097654,0.007133,0.007133,0,0,0
4713,26-Aug-07,24:00:00,213.388864,0.096115,0.004712,0.004712,0,0,0,0.096099,0.005328,0.005328,0,0,0,0.096067,0.006717,0.006717,0,0,0
4714,27-Aug-07,24:00:00,216.131942,0.099123,0.004437,0.004437,0,0,0,0.099111,0.005018,0.005018,0,0,0,0.099087,0.006326,0.006326,0,0,0
4715,28-Aug-07,24:00:00,220.473,0.103326,0.004179,0.004179,0,0,0,0.103313,0.004726,0.004726,0,0,0,0.103286,0.005958,0.005958,0,0,0
4716,29-Aug-07,24:00:00,221.989897,0.104644,0.003936,0.003936,0,0,0,0.104628,0.00445,0.00445,0,0,0,0.104595,0.005611,0.005611,0,0,0
4717,30-Aug-07,24:00:00,221.391178,0.108992,0.003706,0.003706,0,0,0,0.108976,0.004191,0.004191,0,0,0,0.108944,0.005284,0.005284,0,0,0
4718,31-Aug-07,24:00:00,221.018583,0.09933,0.003491,0.003491,0,0,0,0.099317,0.003947,0.003947,0,0,0,0.09929,0.004976,0.004976,0,0,0
4719,1-Sep-07,24:00:00,221.011878,0.105917,0.003287,0.003287,0,0,0,0.105898,0.003717,0.003717,0,0,0,0.105863,0.004686,0.004686,0,0,0
4720,2-Sep-07,24:00:00,222.255143,0.10036,0.003096,0.003096,0,0,0,0.10034,0.003501,0.003501,0,0,0,0.100303,0.004414,0.004414,0,0,0
4721,3-Sep-07,24:00:00,222.376467,0.106788,0.002916,0.002916,0,0,0,0.106771,0.003297,0.003297,0,0,0,0.106739,0.004157,0.004157,0,0,0
4722,4-Sep-07,24:00:00,222.637817,0.087481,0.002746,0.002746,0,0,0,0.087471,0.003105,0.003105,0,0,0,0.087441,0.003914,0.003914,0,0,0
4723,5-Sep-07,24:00:00,222.381337,0.090026,0.002586,0.002586,0,0,0,0.090007,0.002924,0.002924,0,0,0,0.089972,0.003686,0.003686,0,0,0
4724,6-Sep-07,24:00:00,222.014743,0.105463,0.002435,0.002435,0,0,0,0.105442,0.002754,0.002754,0,0,0,0.105402,0.003472,0.003472,0,0,0
4725,7-Sep-07,24:00:00,222.008299,0.066515,0.002293,0.002293,0,0,0,0.0665,0.002593,0.002593,0,0,0,0.066472,0.00327,0.00327,0,0,0
4726,8-Sep-07,24:00:00,223.251773,0.085208,0.00216,0.00216,0,0,0,0.085191,0.002442,0.002442,0,0,0,0.085158,0.003079,0.003079,0,0,0
4727,9-Sep-07,24:00:00,224.61729,0.085771,0.002034,0.002034,0,0,0,0.085767,0.0023,0.0023,0,0,0,0.08576,0.0029,0.0029,0,0,0
4728,10-Sep-07,24:00:00,225.622796,0.084456,0.001916,0.001916,0,0,0,0.084456,0.002166,0.002166,0,0,0,0.084456,0.002731,0.002731,0,0,0
4729,11-Sep-07,24:00:00,219.780455,0.084536,0.001804,0.001804,0,0,0,0.084536,0.00204,0.00204,0,0,0,0.084536,0.002572,0.002572,0,0,0
4730,12-Sep-07,24:00:00,206.736262,0.071804,0.001699,0.001699,0,0,0,0.071804,0.001921,0.001921,0,0,0,0.071804,0.002422,0.002422,0,0,0
4731,13-Sep-07,24:00:00,201.718418,0.066203,0.0016,0.0016,0,0,0,0.066186,0.001809,0.001809,0,0,0,0.066158,0.002281,0.002281,0,0,0
4732,14-Sep-07,24:00:00,202.000038,0.066088,0.001507,0.001507,0,0,0,0.06608,0.001704,0.001704,0,0,0,0.066062,0.002148,0.002148,0,0,0
4733,15-Sep-07,24:00:00,201.383073,0.048369,0.001419,0.001419,0,0,0,0.048357,0.001605,0.001605,0,0,0,0.048335,0.002023,0.002023,0,0,0
4734,16-Sep-07,24:00:00,201.632826,0.077276,0.001336,0.001336,0,0,0,0.07727,0.001511,0.001511,0,0,0,0.077261,0.001905,0.001905,0,0,0
4735,17-Sep-07,24:00:00,206.974544,0.079503,0.001259,0.001259,0,0,0,0.079504,0.001423,0.001423,0,0,0,0.079504,0.001794,0.001794,0,0,0
4736,18-Sep-07,24:00:00,218.042075,0.078333,0.001185,0.001185,0,0,0,0.078334,0.00134,0.00134,0,0,0,0.078334,0.00169,0.00169,0,0,0
4737,19-Sep-07,24:00:00,182.430111,0.064335,0.001116,0.001116,0,0,0,0.064334,0.001262,0.001262,0,0,0,0.064334,0.001591,0.001591,0,0,0
4738,20-Sep-07,24:00:00,182.206824,0.057223,0.001051,0.001051,0,0,0,0.05722,0.001189,0.001189,0,0,0,0.057215,0.001499,0.001499,0,0,0
4739,21-Sep-07,24:00:00,220.949256,0.065248,0.00099,0.00099,0,0,0,0.065248,0.00112,0.00112,0,0,0,0.065248,0.001412,0.001412,0,0,0
4740,22-Sep-07,24:00:00,223.34364,0.029672,0.000932,0.000932,0,0,0,0.029664,0.001054,0.001054,0,0,0,0.029649,0.001329,0.001329,0,0,0
4741,23-Sep-07,24:00:00,223.008927,0.062972,0.000878,0.000878,0,0,0,0.062968,0.000993,0.000993,0,0,0,0.062961,0.001252,0.001252,0,0,0
4742,24-Sep-07,24:00:00,223.003018,0.067139,0.000827,0.000827,0,0,0,0.067139,0.000935,0.000935,0,0,0,0.067139,0.001179,0.001179,0,0,0
4743,25-Sep-07,24:00:00,222.380806,0.066567,0.000779,0.000779,0,0,0,0.066565,0.000881,0.000881,0,0,0,0.06656,0.00111,0.00111,0,0,0
4744,26-Sep-07,24:00:00,222.008657,0.066587,0.000733,0.000733,0,0,0,0.066587,0.000829,0.000829,0,0,0,0.066587,0.001046,0.001046,0,0,0
4745,27-Sep-07,24:00:00,221.380531,0.073347,0.000691,0.000691,0,0,0,0.073347,0.000781,0.000781,0,0,0,0.073347,0.000985,0.000985,0,0,0
4746,28-Sep-07,24:00:00,221.630357,0.047482,0.000651,0.000651,0,0,0,0.047479,0.000736,0.000736,0,0,0,0.047473,0.000927,0.000927,0,0,0
4747,29-Sep-07,24:00:00,221.996232,0.058938,0.000613,0.000613,0,0,0,0.058938,0.000693,0.000693,0,0,0,0.058938,0.000873,0.000873,0,0,0
4748,30-Sep-07,24:00:00,223.868031,0.061424,0.000577,0.000577,0,0,0,0.061424,0.000652,0.000652,0,0,0,0.061424,0.000823,0.000823,0,0,0
4749,1-Oct-07,24:00:00,223.117913,0.058827,0.000543,0.000543,0,0,0,0.058826,0.000614,0.000614,0,0,0,0.058825,0.000775,0.000775,0,0,0
4750,2-Oct-07,24:00:00,214.555786,0.0668,0.000512,0.000512,0,0,0,0.0668,0.000579,0.000579,0,0,0,0.0668,0.00073,0.00073,0,0,0
4751,3-Oct-07,24:00:00,204.476068,0.071478,0.000482,0.000482,0,0,0,0.071462,0.000545,0.000545,0,0,0,0.071462,0.000687,0.000687,0,0,0
4752,4-Oct-07,24:00:00,202.300277,0.053952,0.000454,0.000454,0,0,0,0.053924,0.000513,0.000513,0,0,0,0.053894,0.000647,0.000647,0,0,0
4753,5-Oct-07,24:00:00,196.552934,0.05026,0.000427,0.000427,0,0,0,0.050239,0.000483,0.000483,0,0,0,0.050204,0.000609,0.000609,0,0,0
4754,6-Oct-07,24:00:00,187.909789,0.051802,0.000403,0.000403,0,0,0,0.051782,0.000455,0.000455,0,0,0,0.051749,0.000574,0.000574,0,0,0
4755,7-Oct-07,24:00:00,183.44558,0.061891,0.000379,0.000379,0,0,0,0.061863,0.000429,0.000429,0,0,0,0.061816,0.00054,0.00054,0,0,0
4756,8-Oct-07,24:00:00,182.572648,0.068843,0.000357,0.000357,0,0,0,0.068815,0.000404,0.000404,0,0,0,0.068769,0.000509,0.000509,0,0,0
4757,9-Oct-07,24:00:00,183.640131,0.021295,0.070227,0.000336,0.60021,0,0.006767,0.021281,1.260298,0.00038,0.531417,0,0.006041,0.021259,1.429676,0.000479,0.456578,0,0.004924
4758,10-Oct-07,24:00:00,248.34123,0.02788,3.508157,0.000317,0.07398,0,0.096093,0.027865,45.752367,0.000358,0.049563,0,0.08285,0.027839,21.310931,0.000451,0.034552,0,0.070059
4759,11-Oct-07,24:00:00,193.915873,0.032264,0.342887,0.000298,0,0,0.096313,0.032251,3.010815,0.000337,0,0,0.082997,0.032227,0.000425,0.000425,0,0,0.070161
4760,12-Oct-07,24:00:00,216.693738,0.022254,1.732789,0.000281,0.44086,0,0.134503,0.022236,29.165835,0.000318,0.454319,0,0.123603,0.022207,20.235537,0.0004,0.444314,0,0.113311
4761,13-Oct-07,24:00:00,209.831539,0.044302,0.794904,0.000264,0,0,0.159293,0.044286,9.623469,0.000299,0,0,0.1479,0.04426,0.337306,0.000377,0,0,0.133635
4762,14-Oct-07,24:00:00,185.824155,0.053022,0.046716,0.000249,0,0,0.159117,0.053002,0.328539,0.000282,0,0,0.147726,0.052969,0.000355,0.000355,0,0,0.133248
4763,15-Oct-07,24:00:00,183.601678,0.022487,0.000235,0.000235,0,0,0.157236,0.022467,0.000265,0.000265,0,0,0.14585,0.022433,0.000334,0.000334,0,0,0.131004
4764,16-Oct-07,24:00:00,183.952888,0.019906,0.000221,0.000221,0,0,0.15509,0.01989,0.00025,0.00025,0,0,0.143884,0.019864,0.000315,0.000315,0,0,0.129041
4765,17-Oct-07,24:00:00,184.483046,0.027143,0.000208,0.000208,0,0,0.154805,0.027137,0.000235,0.000235,0,0,0.143736,0.027126,0.05822,0.000297,0.001252,0,0.129039
4766,18-Oct-07,24:00:00,188.978019,0.014076,0.270128,0.000196,0.205443,0,0.162453,0.014066,9.758565,0.000222,0.396381,0,0.158252,0.01405,13.177161,0.000279,0.500885,0,0.148098
4767,19-Oct-07,24:00:00,280.073473,0.017647,2.708376,0.000185,0.603065,0,0.224902,0.017634,67.958164,0.000209,0.807464,0,0.262346,0.017611,48.944743,0.000263,0.906704,0,0.271679
4768,20-Oct-07,24:00:00,249.196212,0.040171,1.631166,0.000174,0,0,0.270306,0.040149,25.000996,0.000197,0,0,0.315714,0.040113,3.05141,0.000248,0,0,0.330157
4769,21-Oct-07,24:00:00,188.203016,0.042388,0.099711,0.000164,0,0,0.270306,0.042384,0.934249,0.000185,0,0,0.315714,0.042378,0.000233,0.000233,0,0,0.330157
4770,22-Oct-07,24:00:00,183.255282,0.042861,0.000154,0.000154,0,0,0.268531,0.042861,0.000174,0.000174,0,0,0.313941,0.042861,0.00022,0.00022,0,0,0.328388
4771,23-Oct-07,24:00:00,181.209385,0.043524,0.000145,0.000145,0,0,0.263248,0.043523,0.000164,0.000164,0,0,0.30866,0.043523,0.000207,0.000207,0,0,0.32311
4772,24-Oct-07,24:00:00,180.109782,0.042733,0.000137,0.000137,0,0,0.257076,0.042732,0.000155,0.000155,0,0,0.302488,0.042731,0.000195,0.000195,0,0,0.316938
4773,25-Oct-07,24:00:00,179.55669,0.044349,0.000129,0.000129,0,0,0.250912,0.044348,0.000146,0.000146,0,0,0.296324,0.044347,0.000184,0.000184,0,0,0.310774
4774,26-Oct-07,24:00:00,179.502095,0.026828,0.000121,0.000121,0,0,0.245941,0.026827,0.000137,0.000137,0,0,0.291354,0.026824,0.000173,0.000173,0,0,0.305804
4775,27-Oct-07,24:00:00,180.401001,0.035788,0.000114,0.000114,0,0,0.241446,0.035785,0.000129,0.000129,0,0,0.286859,0.035781,0.000163,0.000163,0,0,0.30131
4776,28-Oct-07,24:00:00,180.046749,0.040737,0.000108,0.000108,0,0,0.235861,0.040736,0.000122,0.000122,0,0,0.281274,0.040735,0.000153,0.000153,0,0,0.295725
4777,29-Oct-07,24:00:00,179.550658,0.030509,0.000101,0.000101,0,0,0.230735,0.030486,0.000115,0.000115,0,0,0.27615,0.030449,0.000144,0.000144,0,0,0.290603
4778,30-Oct-07,24:00:00,178.605196,0.026838,0.000095,0.000095,0,0,0.226793,0.026821,0.000108,0.000108,0,0,0.27221,0.026811,0.000136,0.000136,0,0,0.286668
4779,31-Oct-07,24:00:00,177.602782,0.033821,0.00009,0.00009,0,0,0.222418,0.0338,0.000102,0.000102,0,0,0.267838,0.033786,0.000128,0.000128,0,0,0.282297
4780,1-Nov-07,24:00:00,177.956734,0.039737,0.000085,0.000085,0,0,0.217143,0.039708,0.000096,0.000096,0,0,0.262566,0.039667,0.000121,0.000121,0,0,0.277029
4781,2-Nov-07,24:00:00,177.548287,0.035274,0.00008,0.00008,0,0,0.211726,0.035249,0.00009,0.00009,0,0,0.257154,0.035209,0.000114,0.000114,0,0,0.271623
4782,3-Nov-07,24:00:00,176.602367,0.035183,0.000075,0.000075,0,0,0.206713,0.035157,0.000085,0.000085,0,0,0.252144,0.035114,0.000107,0.000107,0,0,0.266619
4783,4-Nov-07,24:00:00,176.054831,0.03425,0.000071,0.000071,0,0,0.201749,0.034223,0.00008,0.00008,0,0,0.247184,0.034181,0.000101,0.000101,0,0,0.261665
4784,5-Nov-07,24:00:00,176.003148,0.034285,0.000067,0.000067,0,0,0.196846,0.034258,0.000075,0.000075,0,0,0.242285,0.034215,0.000095,0.000095,0,0,0.256772
4785,6-Nov-07,24:00:00,176.000358,0.032974,0.000063,0.000063,0,0,0.19204,0.032947,0.000071,0.000071,0,0,0.237483,0.032904,0.000089,0.000089,0,0,0.251976
4786,7-Nov-07,24:00:00,176.00022,0.032694,0.000059,0.000059,0,0,0.187338,0.032665,0.000067,0.000067,0,0,0.232785,0.03262,0.000084,0.000084,0,0,0.247284
4787,8-Nov-07,24:00:00,175.550608,0.02142,0.000056,0.000056,0,0,0.183667,0.021397,0.000063,0.000063,0,0,0.229117,0.021373,0.000079,0.000079,0,0,0.243621
4788,9-Nov-07,24:00:00,174.602395,0.023675,0.000052,0.000052,0,0,0.180322,0.023653,0.000059,0.000059,0,0,0.225775,0.023618,0.000075,0.000075,0,0,0.240284
4789,10-Nov-07,24:00:00,182.39975,0.010843,0.354291,0.000049,0.27423,0,0.188118,0.010831,10.834389,0.000056,0.36369,0,0.239543,0.010811,17.756172,0.00007,0.565349,0,0.266983
4790,11-Nov-07,24:00:00,220.573999,0.032899,1.388944,0.000046,0.04527,0,0.223657,0.032878,21.89679,0.000052,0.030162,0,0.280262,0.032846,8.420081,0.000066,0,0,0.319363
4791,12-Nov-07,24:00:00,180.640045,0.015885,0.116373,0.000044,0,0,0.223792,0.015869,1.179661,0.000049,0,0,0.280352,0.015845,0.000062,0.000062,0,0,0.319363
4792,13-Nov-07,24:00:00,173.477366,0.022999,0.001305,0.000041,0,0,0.223792,0.022976,0.000047,0.000047,0,0,0.280352,0.022941,0.000059,0.000059,0,0,0.319363
4793,14-Nov-07,24:00:00,172.568203,0.02894,0.000039,0.000039,0,0,0.223773,0.028916,0.000044,0.000044,0,0,0.280337,0.02888,0.000055,0.000055,0,0,0.319317
4794,15-Nov-07,24:00:00,172.954465,0.027313,0.000037,0.000037,0,0,0.221856,0.027292,0.000041,0.000041,0,0,0.278429,0.02726,0.000052,0.000052,0,0,0.317357
4795,16-Nov-07,24:00:00,172.997617,0.031832,0.000034,0.000034,0,0,0.217475,0.031814,0.000039,0.000039,0,0,0.274051,0.031787,0.000049,0.000049,0,0,0.312983
4796,17-Nov-07,24:00:00,173.000003,0.027016,0.000032,0.000032,0,0,0.213338,0.026991,0.000037,0.000037,0,0,0.269917,0.02695,0.000046,0.000046,0,0,0.308853
4797,18-Nov-07,24:00:00,172.550512,0.011073,0.000031,0.000031,0,0,0.210669,0.011048,0.000034,0.000034,0,0,0.267252,0.011023,0.000043,0.000043,0,0,0.306193
4798,19-Nov-07,24:00:00,171.602309,0.026231,0.000029,0.000029,0,0,0.209845,0.026209,0.000032,0.000032,0,0,0.266429,0.026174,0.000041,0.000041,0,0,0.305372
4799,20-Nov-07,24:00:00,171.953865,0.024406,0.000027,0.000027,0,0,0.20846,0.024373,0.000031,0.000031,0,0,0.266108,0.024324,0.000039,0.000039,0,0,0.305372
4800,21-Nov-07,24:00:00,171.101026,0.023673,0.000025,0.000025,0,0,0.205243,0.02364,0.000029,0.000029,0,0,0.263906,0.02359,0.000036,0.000036,0,0,0.305205
4801,22-Nov-07,24:00:00,169.201853,0.023574,0.000024,0.000024,0,0,0.201866,0.023543,0.000027,0.000027,0,0,0.260534,0.023494,0.000034,0.000034,0,0,0.303227
4802,23-Nov-07,24:00:00,169.460552,0.023838,0.000023,0.000023,0,0,0.198502,0.023803,0.000026,0.000026,0,0,0.257174,0.023749,0.000032,0.000032,0,0,0.299875
4803,24-Nov-07,24:00:00,170.398365,0.020816,0.000021,0.000021,0,0,0.195269,0.020787,0.000024,0.000024,0,0,0.253946,0.020748,0.00003,0.00003,0,0,0.296654
4804,25-Nov-07,24:00:00,171.844701,0.023808,0.00002,0.00002,0,0,0.192109,0.02377,0.000023,0.000023,0,0,0.25079,0.02371,0.000029,0.000029,0,0,0.293505
4805,26-Nov-07,24:00:00,171.544784,0.021983,0.000019,0.000019,0,0,0.188822,0.021953,0.000021,0.000021,0,0,0.247508,0.021906,0.000027,0.000027,0,0,0.290231
4806,27-Nov-07,24:00:00,171.048956,0.026378,0.000018,0.000018,0,0,0.185402,0.026343,0.00002,0.00002,0,0,0.244093,0.026291,0.000025,0.000025,0,0,0.286822
4807,28-Nov-07,24:00:00,171.00536,0.021905,0.000017,0.000017,0,0,0.181947,0.021858,0.000019,0.000019,0,0,0.240643,0.021791,0.000024,0.000024,0,0,0.283381
4808,29-Nov-07,24:00:00,170.997648,0.027411,0.000016,0.000016,0,0,0.178495,0.027374,0.000018,0.000018,0,0,0.237198,0.027324,0.000022,0.000022,0,0,0.279944
4809,30-Nov-07,24:00:00,172.800968,0.023518,0.000015,0.000015,0,0,0.174832,0.023479,0.000017,0.000017,0,0,0.233541,0.023423,0.000021,0.000021,0,0,0.276295
4810,1-Dec-07,24:00:00,173.44154,0.020895,0.000014,0.000014,0,0,0.17164,0.020862,0.000016,0.000016,0,0,0.230354,0.020813,0.00002,0.00002,0,0,0.273115
4811,2-Dec-07,24:00:00,173.574385,0.010502,0.07876,0.000013,0.096607,0,0.172424,0.010483,0.000015,0.000015,0,0,0.22828,0.010465,0.000019,0.000019,0,0,0.27095
4812,3-Dec-07,24:00:00,168.786586,0.01709,1.113431,0.000012,1.375928,0,0.210908,0.017079,16.426554,0.000014,1.603223,0,0.262601,0.017063,24.772567,0.000018,1.728684,0,0.308614
4813,4-Dec-07,24:00:00,360.561143,0.017135,8.601813,0.000012,0.358296,0,0.426417,0.017107,142.936116,0.000013,0.358268,0,0.503987,0.017063,68.031765,0.000017,0.275694,0,0.551685
4814,5-Dec-07,24:00:00,152.610026,0.027356,0.852562,0.000011,0,0,0.430627,0.027317,9.50115,0.000012,0,0,0.508011,0.027256,0.000016,0.000016,0,0,0.55426
4815,6-Dec-07,24:00:00,121.812874,0.007045,0.501728,0.00001,0.593494,0,0.445899,0.00704,13.170004,0.000012,0.706537,0,0.529472,0.007032,16.645332,0.000015,0.770604,0,0.581458
4816,7-Dec-07,24:00:00,189.811383,0.027353,2.884011,0.00001,0.02864,0,0.519418,0.027329,46.908288,0.000011,0.022074,0,0.612033,0.027292,19.03426,0.000014,0,0,0.664346
4817,8-Dec-07,24:00:00,125.926422,0.023982,0.2506,0.000009,0,0,0.519503,0.023942,2.676006,0.00001,0,0,0.612099,0.02388,0.000013,0.000013,0,0,0.664346
4818,9-Dec-07,24:00:00,110.488711,0.01709,0.002981,0.000009,0,0,0.519503,0.01706,0.00001,0.00001,0,0,0.612099,0.017015,0.000012,0.000012,0,0,0.664346
4819,10-Dec-07,24:00:00,100.09508,0.019574,0.000008,0.000008,0,0,0.519503,0.01954,0.000009,0.000009,0,0,0.612099,0.019488,0.000012,0.000012,0,0,0.664346
4820,11-Dec-07,24:00:00,86.895627,0.018432,0.000008,0.000008,0,0,0.519108,0.018401,0.000009,0.000009,0,0,0.611714,0.018354,0.000011,0.000011,0,0,0.663977
4821,12-Dec-07,24:00:00,82.415878,0.017796,0.000007,0.000007,0,0,0.517291,0.017767,0.000008,0.000008,0,0,0.609911,0.01772,0.00001,0.00001,0,0,0.662196
4822,13-Dec-07,24:00:00,83.822923,0.018342,0.000007,0.000007,0,0,0.514724,0.018306,0.000008,0.000008,0,0,0.607349,0.018251,0.00001,0.00001,0,0,0.659641
4823,14-Dec-07,24:00:00,84.892092,0.01807,0.000006,0.000006,0,0,0.512121,0.018033,0.000007,0.000007,0,0,0.604751,0.017976,0.000009,0.000009,0,0,0.657051
4824,15-Dec-07,24:00:00,92.271053,0.006493,0.106533,0.000006,0.024321,0,0.513251,0.006466,6.191478,0.000007,0.087999,0,0.612453,0.006443,7.445534,0.000009,0.161783,0,0.67237
4825,16-Dec-07,24:00:00,108.068465,0.012013,0.951267,0.000006,0.509413,0,0.538008,0.011997,23.195709,0.000006,0.574298,0,0.647695,0.011972,24.943881,0.000008,0.70587,0,0.720931
4826,17-Dec-07,24:00:00,144.191843,0.00819,1.926472,0.000005,0.175118,0,0.588834,0.008172,26.653226,0.000006,0.121331,0,0.699246,0.008145,7.863636,0.000008,0.057692,0,0.780055
4827,18-Dec-07,24:00:00,213.573927,0.010302,7.218948,0.000005,1.385426,0,0.757355,0.010283,105.704276,0.000006,1.344154,0,0.858192,0.010253,62.779229,0.000007,1.308789,0,0.931607
4828,19-Dec-07,24:00:00,161.04965,0.008322,2.202688,0.000005,0.859313,0,0.825089,0.008315,28.68859,0.26886,0.751754,0.103848,0.923157,0.008304,59.851342,48.59928,0.565773,0.390351,0.981997
4829,20-Dec-07,24:00:00,1018.43,0.021823,5.090173,0.000004,0.133393,0,0.950762,0.021802,238.924427,170.195874,0.177454,0.177454,1,0.021779,809.817199,782.040532,0.268313,0.268313,1
4830,21-Dec-07,24:00:00,375.934491,0.016194,0.474579,0.000004,0,0,0.951838,0.016165,122.637536,118.326955,0,0,1,0.01612,54.1468,54.1468,0,0,1
4831,22-Dec-07,24:00:00,144.374856,0.015232,0.007639,0.000004,0,0,0.951838,0.015202,30.460013,30.456389,0,0,1,0.015157,40.910175,40.910175,0,0,1
4832,23-Dec-07,24:00:00,103.465256,0.007401,0.000004,0.000004,0,0,0.951838,0.007388,15.104899,15.104899,0,0,1,0.007369,38.516084,38.516084,0,0,1
4833,24-Dec-07,24:00:00,97.50771,0.040542,0.000004,0.000004,0,0,0.951838,0.040508,12.797429,12.797429,0,0,1,0.040457,50.208955,49.549016,0.015651,0.015651,1
4834,25-Dec-07,24:00:00,110.451307,0.018391,0.000003,0.000003,0,0,0.951838,0.018353,11.930039,11.930039,0,0,1,0.018295,62.45563,61.394273,0.023599,0.023599,1
4835,26-Dec-07,24:00:00,116.067705,0.026859,0.000003,0.000003,0,0,0.950665,0.026823,11.225997,11.225997,0,0,0.999568,0.026769,43.94339,43.847345,0,0,1
4836,27-Dec-07,24:00:00,94.738148,0.010331,0.016165,0.000003,0.068915,0,0.949469,0.01031,12.872844,12.096758,0.11451,0.095484,0.998505,0.010278,86.259381,82.095498,0.260069,0.260069,1
4837,28-Dec-07,24:00:00,430.231707,0.00649,0.374207,0.000003,0.102375,0,0.958957,0.006479,86.464989,77.435041,0.108215,0.108215,1,0.006461,354.440344,344.485011,0.187566,0.187566,1
4838,29-Dec-07,24:00:00,550.339458,0.007272,0.559497,0.000003,0,0,0.972043,0.00726,151.68373,139.547627,0.042011,0.042011,1,0.007242,350.831841,341.098809,0.067523,0.067523,1
4839,30-Dec-07,24:00:00,255.747508,0.02435,0.047173,0.000002,0,0,0.972043,0.024319,75.909789,75.060295,0,0,1,0.024272,63.286425,63.286425,0,0,1
4840,31-Dec-07,24:00:00,153.618925,0.017373,0.000546,0.000002,0,0,0.972043,0.017342,28.275344,28.273128,0,0,1,0.017295,56.665738,56.665738,0,0,1
4841,1-Jan-08,24:00:00,152.481635,0.017635,0.000002,0.000002,0,0,0.972043,0.017598,20.022058,20.022058,0,0,1,0.01754,53.36249,53.36249,0,0,1
4842,2-Jan-08,24:00:00,171.516533,0.029853,0.000002,0.000002,0,0,0.972043,0.029811,18.179485,18.179485,0,0,1,0.029745,50.254896,50.254896,0,0,1
4843,3-Jan-08,24:00:00,472.615061,0.010721,95.496161,91.955548,1.270546,1.074849,0.995915,0.010705,171.96775,136.942437,0.954199,0.954199,1,0.01068,375.459931,358.923676,0.541061,0.541061,1
4844,4-Jan-08,24:00:00,12884.68,0.018371,3891.81,922.29065,1.556132,1.556132,1,0.01836,4308.39,1081.08,1.486268,1.486268,1,0.018344,6176.75,1688.16,1.394062,1.394062,1
4845,5-Jan-08,24:00:00,7082.54,0.01191,2157.73,1254.20,0.655501,0.655501,1,0.011894,2171.84,1363.52,0.750381,0.750381,1,0.011869,1365.64,1281.80,0.814216,0.814216,1
4846,6-Jan-08,24:00:00,2741.11,0.010439,848.374358,798.891884,0.01045,0.01045,1,0.010423,922.087631,871.313061,0.012562,0.012562,1,0.010399,605.837996,596.561712,0.057243,0.057243,1
4847,7-Jan-08,24:00:00,1138.29,0.012289,345.015804,344.582306,0.079831,0.079831,1,0.012271,372.637422,366.292867,0.051711,0.051711,1,0.012244,350.378232,345.313907,0.054389,0.054389,1
4848,8-Jan-08,24:00:00,2288.87,0.007706,422.727428,401.392403,1.035586,1.035586,1,0.007695,739.839679,452.764839,1.021542,1.021542,1,0.00768,1910.22,1107.95,1.021561,1.021561,1
4849,9-Jan-08,24:00:00,3232.19,0.008939,743.016763,723.104974,0.150347,0.150347,1,0.008928,989.295854,827.110559,0.17262,0.17262,1,0.00891,682.452336,625.656229,0.180047,0.180047,1
4850,10-Jan-08,24:00:00,1991.63,0.007563,511.391672,508.331659,0.206174,0.206174,1,0.007552,614.571667,578.680921,0.207498,0.207498,1,0.00753,801.555866,781.815573,0.257872,0.257872,1
4851,11-Jan-08,24:00:00,1200.01,0.011504,341.289251,341.026403,0,0,1,0.011486,372.295578,369.408238,0,0,1,0.011458,269.354241,269.348746,0,0,1
4852,12-Jan-08,24:00:00,855.55039,0.009211,201.513883,201.50458,0,0,1,0.0092,220.090042,220.064955,0,0,1,0.009185,311.656566,309.108333,0.055118,0.055118,1
4853,13-Jan-08,24:00:00,743.398457,0.019358,162.832529,162.832529,0,0,1,0.019329,186.459056,186.459056,0,0,1,0.019284,235.359296,235.355518,0,0,1
4854,14-Jan-08,24:00:00,640.591479,0.01926,149.425552,149.425552,0,0,1,0.019233,173.428302,173.428302,0,0,1,0.019192,218.727403,218.727403,0,0,1
4855,15-Jan-08,24:00:00,554.397442,0.022359,140.2561,140.2561,0,0,1,0.022328,163.143247,163.143247,0,0,1,0.022285,205.985742,205.985742,0,0,1
4856,16-Jan-08,24:00:00,504.335864,0.051555,132.038582,132.038582,0,0,0.998417,0.051505,153.628431,153.628431,0,0,0.998428,0.051431,193.990057,193.990057,0,0,0.999544
4857,17-Jan-08,24:00:00,484.697827,0.030817,124.344362,124.344362,0,0,0.991827,0.030775,144.68081,144.68081,0,0,0.991855,0.030711,182.69295,182.69295,0,0,0.994611
4858,18-Jan-08,24:00:00,471.098329,0.02354,117.102649,117.102649,0,0,0.988101,0.023516,136.255185,136.255185,0,0,0.988134,0.023479,172.053736,172.053736,0,0,0.990897
4859,19-Jan-08,24:00:00,458.654189,0.023144,110.283078,110.283078,0,0,0.984772,0.023115,128.320292,128.320292,0,0,0.984808,0.02307,162.034101,162.034101,0,0,0.987577
4860,20-Jan-08,24:00:00,444.915592,0.019896,103.860684,103.860684,0,0,0.981772,0.019876,120.847496,120.847496,0,0,0.981812,0.019845,152.597965,152.597965,0,0,0.984586
4861,21-Jan-08,24:00:00,433.186598,0.01116,97.812306,97.812306,0,0,0.979499,0.011148,113.809882,113.809882,0,0,0.979542,0.011127,143.711347,143.711347,0,0,0.982317
4862,22-Jan-08,24:00:00,421.723289,0.013412,92.116157,92.116157,0,0,0.978684,0.013399,107.182107,107.182107,0,0,0.978727,0.013378,135.342245,135.342245,0,0,0.98055
4863,23-Jan-08,24:00:00,409.628109,0.013914,86.809776,86.751727,0.054924,0,0.980555,0.013904,103.797073,100.940304,0.128251,0,0.983316,0.013883,165.321055,158.494859,0.333005,0.178269,0.984755
4864,24-Jan-08,24:00:00,927.290269,0.010493,82.338386,81.699697,0.093425,0,0.995395,0.010481,149.178246,132.514421,0.131519,0.110859,0.999324,0.010462,737.271421,713.018771,0.341381,0.341381,1
4865,25-Jan-08,24:00:00,1351.54,0.015849,468.091787,214.804665,1.236261,1.235397,0.999972,0.015835,383.482197,315.373953,1.158918,1.158918,1,0.015813,683.958514,658.902431,0.892835,0.892835,1
4866,26-Jan-08,24:00:00,6586.78,0.028778,2660.81,1009.33,0.701571,0.701571,1,0.028758,2226.10,1216.41,0.719233,0.719233,1,0.028727,1694.53,1645.73,0.701864,0.701864,1
4867,27-Jan-08,24:00:00,2905.17,0.013279,1080.31,896.161872,0.744634,0.744634,1,0.013266,1048.29,924.529997,0.592725,0.592725,1,0.013244,598.361501,584.239868,0.445967,0.445967,1
4868,28-Jan-08,24:00:00,2134.70,0.01259,690.196415,683.687468,0.029533,0.029533,1,0.012574,682.40143,657.020297,0.032311,0.032311,1,0.01255,606.728746,596.864913,0.069482,0.069482,1
4869,29-Jan-08,24:00:00,1298.27,0.009223,393.398472,392.088807,0.377434,0.377434,1,0.009202,426.155755,403.251213,0.425142,0.425142,1,0.009183,623.517033,606.961081,0.411408,0.411408,1
4870,30-Jan-08,24:00:00,1522.59,0.009859,410.052195,409.087688,0,0,1,0.009722,497.458115,483.243625,0,0,1,0.009705,407.027395,404.533995,0,0,1
4871,31-Jan-08,24:00:00,3451.64,0.010112,827.436411,370.072542,1.005215,1.005215,1,0.009985,1246.38,437.295413,1.019176,1.019176,1,0.009976,2820.96,1107.89,1.133167,1.133167,1
4872,1-Feb-08,24:00:00,5129.65,0.012058,1197.18,753.162602,0,0,1,0.012053,1477.29,889.688703,0,0,1,0.012044,1108.42,893.08443,0.057447,0.057447,1
4873,2-Feb-08,24:00:00,1732.89,0.01072,490.397936,460.735275,0.787825,0.787825,1,0.010717,547.665741,499.642159,0.845596,0.845596,1,0.010713,969.442076,931.679437,1.090769,1.090769,1
4874,3-Feb-08,24:00:00,3612.65,0.026009,705.041861,701.588339,0.05889,0.05889,1,0.026004,927.432251,874.081901,0.084706,0.084706,1,0.025995,1791.73,1743.58,0.563941,0.563941,1
4875,4-Feb-08,24:00:00,2023.96,0.032713,443.713746,443.42953,0,0,1,0.032698,485.303322,482.230342,0,0,1,0.032689,402.151601,402.098578,0,0,1
4876,5-Feb-08,24:00:00,2004.24,0.028281,248.848385,248.845538,0,0,1,0.028261,268.979005,268.9766,0,0,1,0.028227,345.121215,345.121215,0,0,1
4877,6-Feb-08,24:00:00,1674.65,0.023398,200.124166,200.124166,0,0,0.999519,0.023376,226.248526,226.248526,0,0,0.999575,0.023341,324.976622,324.976622,0,0,0.999941
4878,7-Feb-08,24:00:00,1295.14,0.029216,183.712774,183.712774,0,0,0.996784,0.029186,210.370895,210.370895,0,0,0.996915,0.029138,306.051413,306.051413,0,0,0.997864
4879,8-Feb-08,24:00:00,1180.71,0.03234,172.462192,172.462192,0,0,0.992301,0.032316,197.894955,197.894955,0,0,0.992435,0.032277,288.228357,288.228357,0,0,0.993391
4880,9-Feb-08,24:00:00,1141.91,0.032192,162.361161,162.361161,0,0,0.987658,0.032171,186.35362,186.35362,0,0,0.987796,0.032139,271.443236,271.443236,0,0,0.988757
4881,10-Feb-08,24:00:00,1104.86,0.031792,152.900371,152.900371,0,0,0.98314,0.031761,175.500052,175.500052,0,0,0.983281,0.031712,255.635605,255.635605,0,0,0.984248
4882,11-Feb-08,24:00:00,1069.80,0.036979,143.995623,143.995623,0,0,0.978179,0.036955,165.279641,165.279641,0,0,0.978324,0.036916,240.748538,240.748538,0,0,0.979297
4883,12-Feb-08,24:00:00,1193.74,0.037915,135.60992,135.60992,0,0,0.972884,0.037887,155.654494,155.654494,0,0,0.973033,0.037842,226.728428,226.728428,0,0,0.974011
4884,13-Feb-08,24:00:00,1012.79,0.037485,127.712605,127.712605,0,0,0.967438,0.03746,146.589877,146.589877,0,0,0.967591,0.037421,213.524786,213.524786,0,0,0.968576
4885,14-Feb-08,24:00:00,1276.56,0.03372,120.275198,120.275198,0,0,0.96241,0.033693,138.053143,138.053143,0,0,0.962567,0.03365,201.090064,201.090064,0,0,0.963557
4886,15-Feb-08,24:00:00,1187.46,0.035406,113.270912,113.270912,0,0,0.957461,0.03538,130.01355,130.01355,0,0,0.957621,0.035339,189.379484,189.379484,0,0,0.958617
4887,16-Feb-08,24:00:00,712.651321,0.038908,106.674524,106.674524,0,0,0.952198,0.038884,122.442146,122.442146,0,0,0.952362,0.038846,178.350876,178.350876,0,0,0.953364
4888,17-Feb-08,24:00:00,515.410745,0.039893,100.46228,100.46228,0,0,0.946574,0.039872,115.311667,115.311667,0,0,0.946741,0.039838,167.964524,167.964524,0,0,0.947749
4889,18-Feb-08,24:00:00,490.115118,0.021639,94.61181,94.61181,0,0,0.942252,0.021622,108.596435,108.596435,0,0,0.942422,0.021593,158.183027,158.183027,0,0,0.943434
4890,19-Feb-08,24:00:00,468.772793,0.013114,89.102044,89.102044,0,0,0.939562,0.013095,102.272268,102.272268,0,0,0.939735,0.013064,148.97116,148.97116,0,0,0.940751
4891,20-Feb-08,24:00:00,448.694648,0.033084,83.913142,83.913142,0,0,0.936413,0.033069,96.316392,96.316392,0,0,0.936588,0.033039,140.295751,140.295751,0,0,0.937608
4892,21-Feb-08,24:00:00,429.785893,0.014502,79.026419,79.026419,0,0,0.93359,0.014485,90.707359,90.707359,0,0,0.933767,0.014456,132.125558,132.125558,0,0,0.934056
4893,22-Feb-08,24:00:00,411.9783,0.025657,74.424276,74.424276,0,0,0.933438,0.025641,85.424971,85.424971,0,0,0.933616,0.025614,124.431161,124.431161,0,0,0.931315
4894,23-Feb-08,24:00:00,407.551149,0.015276,73.288204,72.453563,0.763934,0.297999,0.952751,0.015265,97.299954,83.025176,0.74667,0.28198,0.952613,0.015248,139.90202,126.426552,0.703317,0.20389,0.947754
4895,24-Feb-08,24:00:00,7550.67,0.017458,2252.62,531.945562,1.275804,1.275804,1,0.017447,2618.85,674.617312,1.263632,1.263632,1,0.01743,3786.20,1606.89,1.238956,1.238956,1
4896,25-Feb-08,24:00:00,4704.11,0.03563,1445.55,847.05247,0,0,1,0.035616,1466.65,936.626676,0,0,1,0.035592,548.052034,502.678599,0,0,1
4897,26-Feb-08,24:00:00,1116.70,0.038105,375.199096,342.270686,0,0,1,0.038087,337.817485,321.132009,0,0,1,0.038058,190.167584,190.167584,0,0,1
4898,27-Feb-08,24:00:00,634.870046,0.049118,157.409536,157.409536,0,0,0.99856,0.049095,158.888057,158.888057,0,0,0.998564,0.049058,178.358513,178.358513,0,0,0.99857
4899,28-Feb-08,24:00:00,549.663222,0.045241,120.171907,120.171907,0,0,0.993203,0.045218,132.151598,132.151598,0,0,0.993213,0.045195,167.971084,167.971084,0,0,0.993228
4900,29-Feb-08,24:00:00,517.592709,0.049863,109.562504,109.562504,0,0,0.986462,0.049843,122.845203,122.845203,0,0,0.986474,0.049815,158.189204,158.189204,0,0,0.986493
4901,1-Mar-08,24:00:00,493.904463,0.035713,102.780873,102.780873,0,0,0.980316,0.035686,115.563138,115.563138,0,0,0.980333,0.035641,148.976977,148.976977,0,0,0.980357
4902,2-Mar-08,24:00:00,472.809796,0.049028,96.754653,96.754653,0,0,0.97433,0.049025,108.823951,108.823951,0,0,0.974348,0.049018,140.301229,140.301229,0,0,0.974377
4903,3-Mar-08,24:00:00,452.161292,0.050845,91.11621,91.11621,0,0,0.967237,0.050845,102.485898,102.485898,0,0,0.967256,0.050844,132.130717,132.130717,0,0,0.967284
4904,4-Mar-08,24:00:00,432.589399,0.054116,85.809657,85.809657,0,0,0.959805,0.054115,96.51754,96.51754,0,0,0.959824,0.054115,124.43602,124.43602,0,0,0.959852
4905,5-Mar-08,24:00:00,414.49645,0.039585,80.812458,80.812458,0,0,0.952813,0.039585,90.89679,90.89679,0,0,0.952832,0.039585,117.189426,117.189426,0,0,0.952861
4906,6-Mar-08,24:00:00,397.462732,0.040434,76.106302,76.106302,0,0,0.947184,0.040434,85.60337,85.60337,0,0,0.947203,0.040434,110.364842,110.364842,0,0,0.947231
4907,7-Mar-08,24:00:00,382.66502,0.049621,71.674213,71.674213,0,0,0.94084,0.049621,80.618216,80.618216,0,0,0.940859,0.049621,103.937691,103.937691,0,0,0.940887
4908,8-Mar-08,24:00:00,375.765458,0.05592,67.50023,67.50023,0,0,0.933383,0.05592,75.923374,75.923374,0,0,0.933402,0.05592,97.884828,97.884828,0,0,0.93343
4909,9-Mar-08,24:00:00,369.123507,0.058485,63.56932,63.56932,0,0,0.925224,0.058485,71.501939,71.501939,0,0,0.925243,0.058485,92.184456,92.184456,0,0,0.925272
4910,10-Mar-08,24:00:00,357.65605,0.053713,59.867329,59.867329,0,0,0.917031,0.053713,67.337988,67.337988,0,0,0.91705,0.053713,86.816049,86.816049,0,0,0.917078
4911,11-Mar-08,24:00:00,344.445569,0.054195,56.380926,56.380926,0,0,0.909386,0.054195,63.416527,63.416527,0,0,0.909405,0.054195,81.760273,81.760273,0,0,0.909433
4912,12-Mar-08,24:00:00,334.677799,0.044685,53.097555,53.097555,0,0,0.902197,0.044681,59.723434,59.723434,0,0,0.902216,0.044675,76.998923,76.998923,0,0,0.902246
4913,13-Mar-08,24:00:00,330.565834,0.039852,50.005392,50.005392,0,0,0.898179,0.039841,56.24541,56.24541,0,0,0.898415,0.039822,72.514853,72.514853,0,0,0.898888
4914,14-Mar-08,24:00:00,322.781117,0.02095,47.093303,47.093303,0,0,0.895389,0.020941,52.969931,52.969931,0,0,0.89733,0.020932,68.326087,68.291914,0.000986,0,0.898522
4915,15-Mar-08,24:00:00,294.472417,0.043292,44.350802,44.350802,0,0,0.891021,0.043286,49.8852,49.8852,0,0,0.896655,0.043276,64.326392,64.314901,0,0,0.898619
4916,16-Mar-08,24:00:00,252.810681,0.050614,41.768011,41.768011,0,0,0.884117,0.050614,46.980111,46.980111,0,0,0.891612,0.050614,60.569491,60.569491,0,0,0.898619
4917,17-Mar-08,24:00:00,234.245719,0.059721,39.33563,39.33563,0,0,0.876319,0.059721,44.244201,44.244201,0,0,0.883814,0.059721,57.042196,57.042196,0,0,0.895049
4918,18-Mar-08,24:00:00,230.578225,0.056442,37.0449,37.0449,0,0,0.867912,0.056442,41.667618,41.667618,0,0,0.875407,0.056442,53.720316,53.720316,0,0,0.886917
4919,19-Mar-08,24:00:00,213.316522,0.031387,34.887572,34.887572,0,0,0.861669,0.031374,39.241084,39.241084,0,0,0.869164,0.031359,50.591886,50.591886,0,0,0.880675
4920,20-Mar-08,24:00:00,199.471243,0.05525,32.855877,32.855877,0,0,0.855552,0.055246,36.95586,36.95586,0,0,0.863049,0.05524,47.645643,47.645643,0,0,0.874562
4921,21-Mar-08,24:00:00,196.391583,0.058215,30.942498,30.942498,0,0,0.847392,0.058215,34.803717,34.803717,0,0,0.854889,0.058215,44.870975,44.870975,0,0,0.866402
4922,22-Mar-08,24:00:00,192.959034,0.068256,29.140547,29.140547,0,0,0.838546,0.068256,32.776905,32.776905,0,0,0.846043,0.068256,42.257892,42.257892,0,0,0.857556
4923,23-Mar-08,24:00:00,193.821428,0.068273,27.443533,27.443533,0,0,0.828737,0.068273,30.868126,30.868126,0,0,0.836234,0.068273,39.796982,39.796982,0,0,0.847747
4924,24-Mar-08,24:00:00,197.730855,0.064253,25.845345,25.845345,0,0,0.819104,0.064254,29.070505,29.070505,0,0,0.826601,0.064254,37.479385,37.479385,0,0,0.838114
4925,25-Mar-08,24:00:00,195.925106,0.045331,24.340228,24.340228,0,0,0.811325,0.045327,27.37757,27.37757,0,0,0.818823,0.045319,35.296755,35.296755,0,0,0.830337
4926,26-Mar-08,24:00:00,191.123409,0.023192,22.922763,22.922763,0,0,0.806446,0.023184,25.783224,25.783224,0,0,0.813944,0.023167,33.352053,33.241231,0.002444,0,0.827185
4927,27-Mar-08,24:00:00,186.752587,0.048231,21.587845,21.587845,0,0,0.801512,0.048217,24.281725,24.281725,0,0,0.809012,0.048188,31.307728,31.305411,0,0,0.827323
4928,28-Mar-08,24:00:00,183.469613,0.019868,20.330666,20.330666,0,0,0.796568,0.01986,24.043545,22.867666,0.030149,0,0.806138,0.019846,35.692979,29.482325,0.154376,0,0.836094
4929,29-Mar-08,24:00:00,185.260913,0.043827,19.146699,19.146699,0,0,0.795554,0.043816,22.89645,21.535957,0,0,0.80849,0.043794,28.702474,27.765407,0,0,0.849377
4930,30-Mar-08,24:00:00,174.71094,0.055647,18.031682,18.031682,0,0,0.794849,0.055636,20.341251,20.281799,0,0,0.808473,0.055615,26.148475,26.148475,0,0,0.849361
4931,31-Mar-08,24:00:00,178.97783,0.060634,16.981598,16.981598,0,0,0.789209,0.06062,19.100679,19.100679,0,0,0.804132,0.060594,24.625706,24.625706,0,0,0.845027
4932,1-Apr-08,24:00:00,194.736161,0.063949,15.992666,15.992666,0,0,0.780323,0.063937,17.988341,17.988341,0,0,0.795249,0.063914,23.191615,23.191615,0,0,0.836147
4933,2-Apr-08,24:00:00,197.842854,0.072305,15.061325,15.061325,0,0,0.770672,0.072292,16.940781,16.940781,0,0,0.785599,0.072269,21.84104,21.84104,0,0,0.8265
4934,3-Apr-08,24:00:00,193.838344,0.073856,14.184222,14.184222,0,0,0.76022,0.073844,15.954227,15.954227,0,0,0.775149,0.073824,20.569116,20.569116,0,0,0.816054
4935,4-Apr-08,24:00:00,197.031042,0.055261,13.358196,13.358196,0,0,0.751009,0.055247,15.025124,15.025124,0,0,0.765939,0.055224,19.371264,19.371264,0,0,0.806847
4936,5-Apr-08,24:00:00,197.551029,0.065375,12.580275,12.580275,0,0,0.742316,0.065365,14.150129,14.150129,0,0,0.757249,0.065346,18.243169,18.243169,0,0,0.79816
4937,6-Apr-08,24:00:00,194.743558,0.039969,11.847657,11.847657,0,0,0.735051,0.039969,13.326089,13.326089,0,0,0.749984,0.039946,17.180769,17.180769,0,0,0.790898
4938,7-Apr-08,24:00:00,191.745392,0.065463,11.157702,11.157702,0,0,0.727343,0.065451,12.550038,12.550038,0,0,0.742276,0.065426,16.180238,16.180238,0,0,0.783194
4939,8-Apr-08,24:00:00,189.776871,0.059306,10.507928,10.507928,0,0,0.718383,0.059294,11.81918,11.81918,0,0,0.733319,0.05927,15.237974,15.237974,0,0,0.77424
4940,9-Apr-08,24:00:00,188.041008,0.067984,9.895994,9.895994,0,0,0.70928,0.067974,11.130884,11.130884,0,0,0.724218,0.067954,14.350583,14.350583,0,0,0.765142
4941,10-Apr-08,24:00:00,185.988031,0.07643,9.319696,9.319696,0,0,0.699044,0.07642,10.482672,10.482672,0,0,0.713983,0.076399,13.51487,13.51487,0,0,0.75491
4942,11-Apr-08,24:00:00,185.809585,0.081699,8.776959,8.776959,0,0,0.687683,0.081686,9.872208,9.872208,0,0,0.702624,0.081662,12.727824,12.727824,0,0,0.743554
4943,12-Apr-08,24:00:00,184.141563,0.086495,8.265828,8.265828,0,0,0.675674,0.086483,9.297295,9.297295,0,0,0.690616,0.086459,11.986613,11.986613,0,0,0.731549
4944,13-Apr-08,24:00:00,180.587579,0.096821,7.784463,7.784463,0,0,0.662887,0.096805,8.755862,8.755862,0,0,0.677831,0.096772,11.288567,11.288567,0,0,0.718768
4945,14-Apr-08,24:00:00,178.299138,0.062557,7.331131,7.331131,0,0,0.651208,0.062548,8.24596,8.24596,0,0,0.666154,0.06253,10.631172,10.631172,0,0,0.707095
4946,15-Apr-08,24:00:00,176.233287,0.06895,6.904199,6.904199,0,0,0.64183,0.068941,7.765753,7.765753,0,0,0.656777,0.068922,10.01206,10.01206,0,0,0.697721
4947,16-Apr-08,24:00:00,178.314127,0.079475,6.50213,6.50213,0,0,0.631263,0.079465,7.31351,7.31351,0,0,0.646212,0.079446,9.429003,9.429003,0,0,0.687158
4948,17-Apr-08,24:00:00,182.717657,0.090562,6.123475,6.123475,0,0,0.619195,0.09055,6.887604,6.887604,0,0,0.634145,0.090524,8.8799,8.8799,0,0,0.675094
4949,18-Apr-08,24:00:00,183.803506,0.088399,5.766871,5.766871,0,0,0.606485,0.088388,6.486501,6.486501,0,0,0.621437,0.088365,8.362775,8.362775,0,0,0.66239
4950,19-Apr-08,24:00:00,182.795948,0.067918,5.431035,5.431035,0,0,0.594984,0.067907,6.108757,6.108757,0,0,0.609937,0.067885,7.875764,7.875764,0,0,0.650894
4951,20-Apr-08,24:00:00,181.653999,0.04543,5.114756,5.114756,0,0,0.587027,0.045428,5.75301,5.75301,0,0,0.601981,0.04541,7.417115,7.417115,0,0,0.64294
4952,21-Apr-08,24:00:00,185.114773,0.065678,4.816895,4.816895,0,0,0.579112,0.065671,5.551274,5.417981,0.01905,0,0.594464,0.065657,8.255158,6.985176,0.094517,0,0.637496
4953,22-Apr-08,24:00:00,201.407693,0.040704,4.583811,4.536381,0.065315,0,0.576448,0.040698,7.098341,5.102462,0.046185,0,0.593495,0.040684,10.994531,6.578391,0.077919,0,0.646836
4954,23-Apr-08,24:00:00,213.881309,0.051482,4.582143,4.272203,0,0,0.583912,0.051475,8.131073,4.805318,0,0,0.598856,0.051459,8.493059,6.195295,0,0,0.65588
4955,24-Apr-08,24:00:00,208.161654,0.075602,4.046426,4.023409,0,0,0.582534,0.075593,4.687217,4.525478,0,0,0.597479,0.07557,5.834509,5.834509,0,0,0.654505
4956,25-Apr-08,24:00:00,206.764302,0.08739,3.789104,3.789104,0,0,0.574014,0.087381,4.261934,4.261934,0,0,0.588961,0.08737,5.494733,5.494733,0,0,0.645992
4957,26-Apr-08,24:00:00,206.482751,0.097761,3.568443,3.568443,0,0,0.560841,0.097751,4.013738,4.013738,0,0,0.575789,0.097746,5.174745,5.174745,0,0,0.632821
4958,27-Apr-08,24:00:00,206.17251,0.101283,3.360633,3.360633,0,0,0.546546,0.101276,3.779996,3.779996,0,0,0.561495,0.101277,4.873391,4.873391,0,0,0.618527
4959,28-Apr-08,24:00:00,205.486105,0.095635,3.164925,3.164925,0,0,0.532552,0.095635,3.559866,3.559866,0,0,0.547502,0.095635,4.589587,4.589587,0,0,0.604534
4960,29-Apr-08,24:00:00,204.286934,0.057574,2.980614,2.980614,0,0,0.521477,0.057572,3.352556,3.352556,0,0,0.536427,0.057564,4.32231,4.32231,0,0,0.59346
4961,30-Apr-08,24:00:00,203.743796,0.076046,2.807037,2.807037,0,0,0.51184,0.076046,3.157318,3.157318,0,0,0.52679,0.076047,4.070598,4.070598,0,0,0.583823
4962,1-May-08,24:00:00,203.045729,0.088307,2.643567,2.643567,0,0,0.500366,0.088307,2.97345,2.97345,0,0,0.515316,0.088308,3.833545,3.833545,0,0,0.572349
4963,2-May-08,24:00:00,201.212481,0.087946,2.489618,2.489618,0,0,0.487703,0.087947,2.80029,2.80029,0,0,0.502653,0.087947,3.610296,3.610296,0,0,0.559686
4964,3-May-08,24:00:00,200.106632,0.091953,2.344634,2.344634,0,0,0.474779,0.091954,2.637213,2.637213,0,0,0.489729,0.091954,3.400049,3.400049,0,0,0.546762
4965,4-May-08,24:00:00,199.108037,0.08054,2.208093,2.208093,0,0,0.462321,0.08054,2.483634,2.483634,0,0,0.47727,0.080541,3.202045,3.202045,0,0,0.534303
4966,5-May-08,24:00:00,194.987879,0.112228,2.079504,2.079504,0,0,0.448973,0.112228,2.338998,2.338998,0,0,0.463923,0.112229,3.015573,3.015573,0,0,0.520956
4967,6-May-08,24:00:00,187.412585,0.113805,1.958403,1.958403,0,0,0.432863,0.113805,2.202786,2.202786,0,0,0.447813,0.113806,2.839959,2.839959,0,0,0.504846
4968,7-May-08,24:00:00,182.659446,0.090467,1.844354,1.844354,0,0,0.417802,0.090467,2.074505,2.074505,0,0,0.432751,0.090468,2.674573,2.674573,0,0,0.489784
4969,8-May-08,24:00:00,182.308988,0.089419,1.736947,1.736947,0,0,0.405037,0.089419,1.953695,1.953695,0,0,0.419987,0.08942,2.518818,2.518818,0,0,0.477019
4970,9-May-08,24:00:00,181.514865,0.096109,1.635795,1.635795,0,0,0.391932,0.096109,1.839921,1.839921,0,0,0.406882,0.09611,2.372133,2.372133,0,0,0.463914
4971,10-May-08,24:00:00,180.670359,0.10114,1.540534,1.540534,0,0,0.377945,0.10114,1.732772,1.732772,0,0,0.392895,0.101141,2.233991,2.233991,0,0,0.449927
4972,11-May-08,24:00:00,180.743804,0.100188,1.45082,1.45082,0,0,0.36375,0.100188,1.631863,1.631863,0,0,0.378699,0.10019,2.103893,2.103893,0,0,0.435731
4973,12-May-08,24:00:00,180.931611,0.100137,1.366331,1.366331,0,0,0.34887,0.100138,1.536831,1.536831,0,0,0.363819,0.100139,1.981372,1.981372,0,0,0.420851
4974,13-May-08,24:00:00,181.589492,0.107161,1.286762,1.286762,0,0,0.334489,0.107161,1.447333,1.447333,0,0,0.349439,0.107162,1.865986,1.865986,0,0,0.406471
4975,14-May-08,24:00:00,185.013615,0.100238,1.211827,1.211827,0,0,0.319265,0.100238,1.363047,1.363047,0,0,0.334215,0.100239,1.757319,1.757319,0,0,0.391246
4976,15-May-08,24:00:00,194.14034,0.123628,1.141255,1.141255,0,0,0.30337,0.123628,1.283669,1.283669,0,0,0.31832,0.123629,1.654981,1.654981,0,0,0.375351
4977,16-May-08,24:00:00,206.160236,0.124563,1.074794,1.074794,0,0,0.285954,0.124564,1.208914,1.208914,0,0,0.300903,0.124564,1.558602,1.558602,0,0,0.357935
4978,17-May-08,24:00:00,208.985876,0.131039,1.012203,1.012203,0,0,0.267833,0.13104,1.138512,1.138512,0,0,0.282782,0.13104,1.467836,1.467836,0,0,0.339813
4979,18-May-08,24:00:00,207.833897,0.120049,0.953257,0.953257,0,0,0.249621,0.12005,1.07221,1.07221,0,0,0.264569,0.120051,1.382356,1.382356,0,0,0.321601
4980,19-May-08,24:00:00,207.877388,0.109969,0.897743,0.897743,0,0,0.23305,0.109969,1.00977,1.00977,0,0,0.247999,0.109971,1.301854,1.301854,0,0,0.30503
4981,20-May-08,24:00:00,207.432135,0.108367,0.845463,0.845463,0,0,0.217731,0.108367,0.950965,0.950965,0,0,0.23268,0.108368,1.22604,1.22604,0,0,0.289711
4982,21-May-08,24:00:00,210.619865,0.107431,0.796227,0.796227,0,0,0.20208,0.107431,0.895585,0.895585,0,0,0.217029,0.107432,1.154641,1.154641,0,0,0.27406
4983,22-May-08,24:00:00,216.410006,0.096962,0.749858,0.749858,0,0,0.187164,0.096963,0.843431,0.843431,0,0,0.202112,0.096965,1.0874,1.0874,0,0,0.259143
4984,23-May-08,24:00:00,217.897671,0.09371,0.70619,0.70619,0,0,0.173852,0.093709,0.794313,0.794313,0,0,0.1888,0.093708,1.024074,1.024074,0,0,0.245831
4985,24-May-08,24:00:00,216.790931,0.035659,0.665064,0.665064,0,0,0.164605,0.035667,0.748056,0.748056,0,0,0.179553,0.03566,0.964437,0.964437,0,0,0.236584
4986,25-May-08,24:00:00,212.54105,0.085651,0.626334,0.626334,0,0,0.155863,0.085644,0.704492,0.704492,0,0,0.17081,0.085614,0.908272,0.908272,0,0,0.227844
4987,26-May-08,24:00:00,208.305108,0.075263,0.589859,0.589859,0,0,0.144284,0.075257,0.663466,0.663466,0,0,0.159233,0.075245,0.855379,0.855379,0,0,0.21627
4988,27-May-08,24:00:00,207.650931,0.062535,0.555508,0.555508,0,0,0.134583,0.062531,0.624829,0.624829,0,0,0.149533,0.062515,0.805565,0.805565,0,0,0.206571
4989,28-May-08,24:00:00,207.887654,0.06011,0.523158,0.523158,0,0,0.125925,0.060107,0.588441,0.588441,0,0,0.140875,0.060094,0.758653,0.758653,0,0,0.197916
4990,29-May-08,24:00:00,209.649225,0.075096,0.492692,0.492692,0,0,0.116257,0.075093,0.554173,0.554173,0,0,0.131208,0.075079,0.714472,0.714472,0,0,0.18825
4991,30-May-08,24:00:00,214.393363,0.098437,0.464,0.464,0,0,0.103768,0.098429,0.521901,0.521901,0,0,0.118719,0.098413,0.672865,0.672865,0,0,0.175764
4992,31-May-08,24:00:00,217.167397,0.099107,0.436978,0.436978,0,0,0.090087,0.099104,0.491508,0.491508,0,0,0.105039,0.099098,0.63368,0.63368,0,0,0.162085
4993,1-Jun-08,24:00:00,186.739611,0.105549,0.411531,0.411531,0,0,0.075206,0.105545,0.462884,0.462884,0,0,0.090159,0.105533,0.596777,0.596777,0,0,0.147207
4994,2-Jun-08,24:00:00,150.648654,0.117299,0.387565,0.387565,0,0,0.059781,0.117296,0.435928,0.435928,0,0,0.074734,0.117282,0.562024,0.562024,0,0,0.131784
4995,3-Jun-08,24:00:00,138.914613,0.081547,0.364995,0.364995,0,0,0.04522,0.081545,0.410542,0.410542,0,0,0.060174,0.081547,0.529294,0.529294,0,0,0.117224
4996,4-Jun-08,24:00:00,135.114347,0.100881,0.343739,0.343739,0,0,0.031925,0.100877,0.386633,0.386633,0,0,0.046879,0.100863,0.49847,0.49847,0,0,0.10393
4997,5-Jun-08,24:00:00,129.295195,0.106307,0.323721,0.323721,0,0,0.01721,0.106304,0.364118,0.364118,0,0,0.032165,0.106294,0.469442,0.469442,0,0,0.089218
4998,6-Jun-08,24:00:00,129.087926,0.10063,0.304869,0.304869,0,0,0.004002,0.100626,0.342913,0.342913,0,0,0.017312,0.100611,0.442104,0.442104,0,0,0.074367
4999,7-Jun-08,24:00:00,133.099938,0.108653,0.287115,0.287115,0,0,0,0.108651,0.322943,0.322943,0,0,0.004485,0.108637,0.416357,0.416357,0,0,0.059714
5000,8-Jun-08,24:00:00,134.81477,0.117727,0.270395,0.270395,0,0,0,0.117724,0.304137,0.304137,0,0,0,0.117709,0.392111,0.392111,0,0,0.043569
5001,9-Jun-08,24:00:00,134.47009,0.12794,0.254648,0.254648,0,0,0,0.127936,0.286425,0.286425,0,0,0,0.127924,0.369276,0.369276,0,0,0.026276
5002,10-Jun-08,24:00:00,133.026871,0.119238,0.239819,0.239819,0,0,0,0.119234,0.269745,0.269745,0,0,0,0.119221,0.347771,0.347771,0,0,0.008225
5003,11-Jun-08,24:00:00,135.526842,0.113257,0.225853,0.225853,0,0,0,0.113251,0.254036,0.254036,0,0,0,0.113233,0.327518,0.327518,0,0,0
5004,12-Jun-08,24:00:00,143.413399,0.114502,0.2127,0.2127,0,0,0,0.114498,0.239242,0.239242,0,0,0,0.114484,0.308445,0.308445,0,0,0
5005,13-Jun-08,24:00:00,148.691999,0.123414,0.200313,0.200313,0,0,0,0.12341,0.22531,0.22531,0,0,0,0.123398,0.290483,0.290483,0,0,0
5006,14-Jun-08,24:00:00,149.160623,0.112656,0.188648,0.188648,0,0,0,0.112652,0.212189,0.212189,0,0,0,0.112637,0.273566,0.273566,0,0,0
5007,15-Jun-08,24:00:00,149.145407,0.120083,0.177662,0.177662,0,0,0,0.12008,0.199832,0.199832,0,0,0,0.120067,0.257635,0.257635,0,0,0
5008,16-Jun-08,24:00:00,149.111448,0.123055,0.167316,0.167316,0,0,0,0.123052,0.188195,0.188195,0,0,0,0.12304,0.242631,0.242631,0,0,0
5009,17-Jun-08,24:00:00,147.724647,0.136356,0.157572,0.157572,0,0,0,0.136352,0.177235,0.177235,0,0,0,0.136336,0.228502,0.228502,0,0,0
5010,18-Jun-08,24:00:00,146.197893,0.124391,0.148396,0.148396,0,0,0,0.124388,0.166914,0.166914,0,0,0,0.124371,0.215195,0.215195,0,0,0
5011,19-Jun-08,24:00:00,145.567192,0.124932,0.139754,0.139754,0,0,0,0.124929,0.157193,0.157193,0,0,0,0.124914,0.202663,0.202663,0,0,0
5012,20-Jun-08,24:00:00,145.033471,0.12112,0.131615,0.131615,0,0,0,0.121117,0.148039,0.148039,0,0,0,0.121104,0.190861,0.190861,0,0,0
5013,21-Jun-08,24:00:00,157.542226,0.134474,0.123951,0.123951,0,0,0,0.134471,0.139418,0.139418,0,0,0,0.134458,0.179746,0.179746,0,0,0
5014,22-Jun-08,24:00:00,173.275144,0.124572,0.116732,0.116732,0,0,0,0.124568,0.131299,0.131299,0,0,0,0.124555,0.169278,0.169278,0,0,0
5015,23-Jun-08,24:00:00,176.165044,0.1092,0.109934,0.109934,0,0,0,0.109198,0.123653,0.123653,0,0,0,0.10919,0.15942,0.15942,0,0,0
5016,24-Jun-08,24:00:00,176.81521,0.096835,0.103532,0.103532,0,0,0,0.096832,0.116452,0.116452,0,0,0,0.096827,0.150136,0.150136,0,0,0
5017,25-Jun-08,24:00:00,179.10166,0.094866,0.097503,0.097503,0,0,0,0.094877,0.10967,0.10967,0,0,0,0.094866,0.141393,0.141393,0,0,0
5018,26-Jun-08,24:00:00,181.124906,0.079323,0.091825,0.091825,0,0,0,0.079323,0.103283,0.103283,0,0,0,0.07932,0.133159,0.133159,0,0,0
5019,27-Jun-08,24:00:00,181.304151,0.117537,0.086477,0.086477,0,0,0,0.117521,0.097269,0.097269,0,0,0,0.117509,0.125404,0.125404,0,0,0
5020,28-Jun-08,24:00:00,181.296524,0.118739,0.081441,0.081441,0,0,0,0.118736,0.091604,0.091604,0,0,0,0.11872,0.118101,0.118101,0,0,0
5021,29-Jun-08,24:00:00,181.279714,0.11438,0.076699,0.076699,0,0,0,0.114376,0.08627,0.08627,0,0,0,0.11436,0.111224,0.111224,0,0,0
5022,30-Jun-08,24:00:00,181.713037,0.109243,0.072232,0.072232,0,0,0,0.10924,0.081246,0.081246,0,0,0,0.109228,0.104747,0.104747,0,0,0
5023,1-Jul-08,24:00:00,181.297116,0.113453,0.068026,0.068026,0,0,0,0.11345,0.076514,0.076514,0,0,0,0.113439,0.098647,0.098647,0,0,0
5024,2-Jul-08,24:00:00,180.784065,0.12106,0.064064,0.064064,0,0,0,0.121056,0.072058,0.072058,0,0,0,0.121042,0.092902,0.092902,0,0,0
5025,3-Jul-08,24:00:00,180.72409,0.110326,0.060333,0.060333,0,0,0,0.110322,0.067862,0.067862,0,0,0,0.110308,0.087492,0.087492,0,0,0
5026,4-Jul-08,24:00:00,180.706091,0.116201,0.05682,0.05682,0,0,0,0.116196,0.06391,0.06391,0,0,0,0.116177,0.082397,0.082397,0,0,0
5027,5-Jul-08,24:00:00,179.797249,0.118983,0.053511,0.053511,0,0,0,0.11898,0.060188,0.060188,0,0,0,0.118968,0.077598,0.077598,0,0,0
5028,6-Jul-08,24:00:00,178.336536,0.123759,0.050395,0.050395,0,0,0,0.123755,0.056683,0.056683,0,0,0,0.123742,0.073079,0.073079,0,0,0
5029,7-Jul-08,24:00:00,178.181316,0.110067,0.04746,0.04746,0,0,0,0.110063,0.053382,0.053382,0,0,0,0.11005,0.068823,0.068823,0,0,0
5030,8-Jul-08,24:00:00,176.814606,0.135277,0.044696,0.044696,0,0,0,0.135273,0.050273,0.050273,0,0,0,0.135257,0.064815,0.064815,0,0,0
5031,9-Jul-08,24:00:00,182.502434,0.118278,0.042093,0.042093,0,0,0,0.118275,0.047346,0.047346,0,0,0,0.118263,0.061041,0.061041,0,0,0
5032,10-Jul-08,24:00:00,195.3497,0.126069,0.039642,0.039642,0,0,0,0.126065,0.044589,0.044589,0,0,0,0.126051,0.057486,0.057486,0,0,0
5033,11-Jul-08,24:00:00,209.332624,0.11576,0.037333,0.037333,0,0,0,0.115756,0.041992,0.041992,0,0,0,0.11574,0.054138,0.054138,0,0,0
5034,12-Jul-08,24:00:00,220.273397,0.107606,0.035159,0.035159,0,0,0,0.107602,0.039546,0.039546,0,0,0,0.107588,0.050986,0.050986,0,0,0
5035,13-Jul-08,24:00:00,224.059175,0.120698,0.033112,0.033112,0,0,0,0.120695,0.037243,0.037243,0,0,0,0.120683,0.048016,0.048016,0,0,0
5036,14-Jul-08,24:00:00,222.868449,0.116845,0.031183,0.031183,0,0,0,0.116841,0.035075,0.035075,0,0,0,0.116828,0.04522,0.04522,0,0,0
5037,15-Jul-08,24:00:00,220.874327,0.103099,0.029367,0.029367,0,0,0,0.103095,0.033032,0.033032,0,0,0,0.103085,0.042587,0.042587,0,0,0
5038,16-Jul-08,24:00:00,219.490221,0.120841,0.027657,0.027657,0,0,0,0.120836,0.031108,0.031108,0,0,0,0.120819,0.040107,0.040107,0,0,0
5039,17-Jul-08,24:00:00,218.478376,0.124616,0.026046,0.026046,0,0,0,0.124611,0.029297,0.029297,0,0,0,0.124596,0.037771,0.037771,0,0,0
5040,18-Jul-08,24:00:00,219.338839,0.119528,0.02453,0.02453,0,0,0,0.119523,0.027591,0.027591,0,0,0,0.119507,0.035571,0.035571,0,0,0
5041,19-Jul-08,24:00:00,219.449625,0.119224,0.023101,0.023101,0,0,0,0.11922,0.025984,0.025984,0,0,0,0.119205,0.0335,0.0335,0,0,0
5042,20-Jul-08,24:00:00,217.84068,0.111289,0.021756,0.021756,0,0,0,0.111283,0.024471,0.024471,0,0,0,0.111264,0.031549,0.031549,0,0,0
5043,21-Jul-08,24:00:00,215.842235,0.090263,0.020489,0.020489,0,0,0,0.090259,0.023046,0.023046,0,0,0,0.090258,0.029712,0.029712,0,0,0
5044,22-Jul-08,24:00:00,218.813945,0.114495,0.019296,0.019296,0,0,0,0.114489,0.021704,0.021704,0,0,0,0.114473,0.027981,0.027981,0,0,0
5045,23-Jul-08,24:00:00,224.76175,0.118251,0.018172,0.018172,0,0,0,0.118245,0.02044,0.02044,0,0,0,0.118226,0.026352,0.026352,0,0,0
5046,24-Jul-08,24:00:00,223.293606,0.114028,0.017114,0.017114,0,0,0,0.11402,0.019249,0.019249,0,0,0,0.113999,0.024817,0.024817,0,0,0
5047,25-Jul-08,24:00:00,222.338176,0.127697,0.016117,0.016117,0,0,0,0.127688,0.018128,0.018128,0,0,0,0.127664,0.023372,0.023372,0,0,0
5048,26-Jul-08,24:00:00,225.531148,0.122397,0.015179,0.015179,0,0,0,0.122395,0.017073,0.017073,0,0,0,0.122388,0.022011,0.022011,0,0,0
5049,27-Jul-08,24:00:00,225.783596,0.109302,0.014295,0.014295,0,0,0,0.109303,0.016078,0.016078,0,0,0,0.109304,0.020729,0.020729,0,0,0
5050,28-Jul-08,24:00:00,226.304587,0.113516,0.013462,0.013462,0,0,0,0.113516,0.015142,0.015142,0,0,0,0.113517,0.019522,0.019522,0,0,0
5051,29-Jul-08,24:00:00,226.41194,0.11507,0.012678,0.012678,0,0,0,0.11507,0.01426,0.01426,0,0,0,0.115071,0.018385,0.018385,0,0,0
5052,30-Jul-08,24:00:00,227.293145,0.112588,0.01194,0.01194,0,0,0,0.112589,0.01343,0.01343,0,0,0,0.112589,0.017314,0.017314,0,0,0
5053,31-Jul-08,24:00:00,223.052722,0.116115,0.011245,0.011245,0,0,0,0.116116,0.012648,0.012648,0,0,0,0.116116,0.016306,0.016306,0,0,0
5054,1-Aug-08,24:00:00,218.842378,0.115122,0.01059,0.01059,0,0,0,0.115123,0.011911,0.011911,0,0,0,0.115123,0.015357,0.015357,0,0,0
5055,2-Aug-08,24:00:00,218.048463,0.119118,0.009973,0.009973,0,0,0,0.119119,0.011218,0.011218,0,0,0,0.119119,0.014462,0.014462,0,0,0
5056,3-Aug-08,24:00:00,216.790084,0.10503,0.009392,0.009392,0,0,0,0.10503,0.010564,0.010564,0,0,0,0.10503,0.01362,0.01362,0,0,0
5057,4-Aug-08,24:00:00,214.800051,0.111693,0.008845,0.008845,0,0,0,0.111693,0.009949,0.009949,0,0,0,0.111693,0.012827,0.012827,0,0,0
5058,5-Aug-08,24:00:00,214.042266,0.112498,0.00833,0.00833,0,0,0,0.112498,0.00937,0.00937,0,0,0,0.112498,0.01208,0.01208,0,0,0
5059,6-Aug-08,24:00:00,212.162484,0.11688,0.007845,0.007845,0,0,0,0.11688,0.008824,0.008824,0,0,0,0.116882,0.011376,0.011376,0,0,0
5060,7-Aug-08,24:00:00,212.288786,0.111778,0.007388,0.007388,0,0,0,0.111778,0.00831,0.00831,0,0,0,0.111779,0.010714,0.010714,0,0,0
5061,8-Aug-08,24:00:00,212.391279,0.105143,0.006958,0.006958,0,0,0,0.105143,0.007826,0.007826,0,0,0,0.105144,0.01009,0.01009,0,0,0
5062,9-Aug-08,24:00:00,210.785654,0.103868,0.006553,0.006553,0,0,0,0.103868,0.00737,0.00737,0,0,0,0.103868,0.009502,0.009502,0,0,0
5063,10-Aug-08,24:00:00,208.790413,0.109946,0.006171,0.006171,0,0,0,0.109946,0.006941,0.006941,0,0,0,0.109946,0.008949,0.008949,0,0,0
5064,11-Aug-08,24:00:00,209.277148,0.108666,0.005812,0.005812,0,0,0,0.108666,0.006537,0.006537,0,0,0,0.108666,0.008428,0.008428,0,0,0
5065,12-Aug-08,24:00:00,209.385864,0.113603,0.005473,0.005473,0,0,0,0.113603,0.006156,0.006156,0,0,0,0.113603,0.007937,0.007937,0,0,0
5066,13-Aug-08,24:00:00,207.780593,0.111568,0.005155,0.005155,0,0,0,0.111568,0.005798,0.005798,0,0,0,0.111568,0.007475,0.007475,0,0,0
5067,14-Aug-08,24:00:00,205.785647,0.110236,0.004854,0.004854,0,0,0,0.110236,0.00546,0.00546,0,0,0,0.110236,0.00704,0.00704,0,0,0
5068,15-Aug-08,24:00:00,205.028663,0.108666,0.004572,0.004572,0,0,0,0.108666,0.005142,0.005142,0,0,0,0.108666,0.00663,0.00663,0,0,0
5069,16-Aug-08,24:00:00,205.637666,0.113228,0.004305,0.004305,0,0,0,0.113228,0.004843,0.004843,0,0,0,0.113228,0.006244,0.006244,0,0,0
5070,17-Aug-08,24:00:00,207.252657,0.100399,0.004055,0.004055,0,0,0,0.100399,0.004561,0.004561,0,0,0,0.100399,0.00588,0.00588,0,0,0
5071,18-Aug-08,24:00:00,209.245744,0.058102,0.003819,0.003819,0,0,0,0.058114,0.004295,0.004295,0,0,0,0.05811,0.005537,0.005537,0,0,0
5072,19-Aug-08,24:00:00,208.134906,0.096986,0.003596,0.003596,0,0,0,0.096986,0.004045,0.004045,0,0,0,0.096986,0.005215,0.005215,0,0,0
5073,20-Aug-08,24:00:00,203.920231,0.098802,0.003387,0.003387,0,0,0,0.0988,0.003809,0.003809,0,0,0,0.098794,0.004911,0.004911,0,0,0
5074,21-Aug-08,24:00:00,202.04175,0.089972,0.00319,0.00319,0,0,0,0.089963,0.003588,0.003588,0,0,0,0.089962,0.004625,0.004625,0,0,0
5075,22-Aug-08,24:00:00,203.255078,0.100602,0.003004,0.003004,0,0,0,0.100592,0.003379,0.003379,0,0,0,0.100584,0.004356,0.004356,0,0,0
5076,23-Aug-08,24:00:00,208.974194,0.106141,0.002829,0.002829,0,0,0,0.106129,0.003182,0.003182,0,0,0,0.106108,0.004102,0.004102,0,0,0
5077,24-Aug-08,24:00:00,216.315418,0.114144,0.002664,0.002664,0,0,0,0.114129,0.002997,0.002997,0,0,0,0.114099,0.003863,0.003863,0,0,0
5078,25-Aug-08,24:00:00,217.722638,0.101842,0.002509,0.002509,0,0,0,0.101822,0.002822,0.002822,0,0,0,0.101783,0.003638,0.003638,0,0,0
5079,26-Aug-08,24:00:00,215.776294,0.093369,0.002363,0.002363,0,0,0,0.093355,0.002658,0.002658,0,0,0,0.093326,0.003427,0.003427,0,0,0
5080,27-Aug-08,24:00:00,215.020168,0.104339,0.002225,0.002225,0,0,0,0.104322,0.002503,0.002503,0,0,0,0.10429,0.003227,0.003227,0,0,0
5081,28-Aug-08,24:00:00,228.691631,0.09695,0.002096,0.002096,0,0,0,0.096936,0.002357,0.002357,0,0,0,0.096908,0.003039,0.003039,0,0,0
5082,29-Aug-08,24:00:00,241.850776,0.10751,0.001974,0.001974,0,0,0,0.107492,0.00222,0.00222,0,0,0,0.107458,0.002862,0.002862,0,0,0
5083,30-Aug-08,24:00:00,243.713684,0.116178,0.001859,0.001859,0,0,0,0.116161,0.002091,0.002091,0,0,0,0.116127,0.002695,0.002695,0,0,0
5084,31-Aug-08,24:00:00,243.018029,0.099515,0.00175,0.00175,0,0,0,0.099495,0.001969,0.001969,0,0,0,0.099457,0.002538,0.002538,0,0,0
5085,1-Sep-08,24:00:00,245.494041,0.084821,0.001649,0.001649,0,0,0,0.084806,0.001854,0.001854,0,0,0,0.08478,0.002391,0.002391,0,0,0
5086,2-Sep-08,24:00:00,258.799522,0.091966,0.001553,0.001553,0,0,0,0.091949,0.001746,0.001746,0,0,0,0.091918,0.002251,0.002251,0,0,0
5087,3-Sep-08,24:00:00,274.598795,0.094461,0.001462,0.001462,0,0,0,0.094443,0.001645,0.001645,0,0,0,0.094409,0.00212,0.00212,0,0,0
5088,4-Sep-08,24:00:00,269.967992,0.089663,0.001377,0.001377,0,0,0,0.08965,0.001549,0.001549,0,0,0,0.089626,0.001997,0.001997,0,0,0
5089,5-Sep-08,24:00:00,254.14839,0.097231,0.001297,0.001297,0,0,0,0.097214,0.001459,0.001459,0,0,0,0.097181,0.001881,0.001881,0,0,0
5090,6-Sep-08,24:00:00,250.589335,0.101724,0.001221,0.001221,0,0,0,0.101702,0.001374,0.001374,0,0,0,0.101661,0.001771,0.001771,0,0,0
5091,7-Sep-08,24:00:00,251.98077,0.09437,0.00115,0.00115,0,0,0,0.094353,0.001294,0.001294,0,0,0,0.094321,0.001668,0.001668,0,0,0
5092,8-Sep-08,24:00:00,252.625755,0.090703,0.001083,0.001083,0,0,0,0.090699,0.001218,0.001218,0,0,0,0.090692,0.001571,0.001571,0,0,0
5093,9-Sep-08,24:00:00,253.619673,0.062818,0.00102,0.00102,0,0,0,0.062818,0.001147,0.001147,0,0,0,0.062816,0.001479,0.001479,0,0,0
5094,10-Sep-08,24:00:00,255.863414,0.089049,0.000961,0.000961,0,0,0,0.089049,0.001081,0.001081,0,0,0,0.089049,0.001393,0.001393,0,0,0
5095,11-Sep-08,24:00:00,258.229181,0.089468,0.000905,0.000905,0,0,0,0.089468,0.001018,0.001018,0,0,0,0.089468,0.001312,0.001312,0,0,0
5096,12-Sep-08,24:00:00,255.880935,0.086324,0.000852,0.000852,0,0,0,0.086324,0.000958,0.000958,0,0,0,0.086326,0.001236,0.001236,0,0,0
5097,13-Sep-08,24:00:00,239.104942,0.074556,0.000802,0.000802,0,0,0,0.074556,0.000903,0.000903,0,0,0,0.074557,0.001164,0.001164,0,0,0
5098,14-Sep-08,24:00:00,231.391326,0.084085,0.000756,0.000756,0,0,0,0.084085,0.00085,0.00085,0,0,0,0.084087,0.001096,0.001096,0,0,0
5099,15-Sep-08,24:00:00,231.369549,0.08634,0.000712,0.000712,0,0,0,0.08634,0.0008,0.0008,0,0,0,0.08634,0.001032,0.001032,0,0,0
5100,16-Sep-08,24:00:00,234.740354,0.067683,0.00067,0.00067,0,0,0,0.067683,0.000754,0.000754,0,0,0,0.067683,0.000972,0.000972,0,0,0
5101,17-Sep-08,24:00:00,198.786217,0.021363,0.000631,0.000631,0,0,0,0.02137,0.00071,0.00071,0,0,0,0.021363,0.000915,0.000915,0,0,0
5102,18-Sep-08,24:00:00,212.985447,0.05522,0.000594,0.000594,0,0,0,0.055218,0.000669,0.000669,0,0,0,0.055213,0.000862,0.000862,0,0,0
5103,19-Sep-08,24:00:00,247.44738,0.020207,0.00056,0.00056,0,0,0,0.020201,0.427777,0.00063,0.00793,0,0.000543,0.02019,6.095813,0.000812,0.138563,0,0.010072
5104,20-Sep-08,24:00:00,249.319466,0.044284,0.000527,0.000527,0,0,0,0.044268,0.246412,0.000593,0,0,0.001133,0.044237,0.321337,0.000765,0,0,0.019795
5105,21-Sep-08,24:00:00,243.58859,0.075476,0.000497,0.000497,0,0,0,0.075473,0.01035,0.000558,0,0,0.000653,0.075466,0.00072,0.00072,0,0,0.018413
5106,22-Sep-08,24:00:00,231.452345,0.068996,0.000468,0.000468,0,0,0,0.068996,0.000526,0.000526,0,0,0,0.068996,0.000678,0.000678,0,0,0.011041
5107,23-Sep-08,24:00:00,210.798077,0.074269,0.00044,0.00044,0,0,0,0.074269,0.000495,0.000495,0,0,0,0.074269,0.000639,0.000639,0,0,0.002658
5108,24-Sep-08,24:00:00,204.006577,0.070006,0.000415,0.000415,0,0,0,0.070006,0.000466,0.000466,0,0,0,0.070006,0.000601,0.000601,0,0,0
5109,25-Sep-08,24:00:00,202.496337,0.068218,0.000391,0.000391,0,0,0,0.068218,0.000439,0.000439,0,0,0,0.068218,0.000566,0.000566,0,0,0
5110,26-Sep-08,24:00:00,199.931477,0.074499,0.000368,0.000368,0,0,0,0.074499,0.000414,0.000414,0,0,0,0.074499,0.000533,0.000533,0,0,0
5111,27-Sep-08,24:00:00,200.113543,0.067654,0.000346,0.000346,0,0,0,0.067654,0.00039,0.00039,0,0,0,0.067654,0.000502,0.000502,0,0,0
5112,28-Sep-08,24:00:00,204.714972,0.071726,0.000326,0.000326,0,0,0,0.071726,0.000367,0.000367,0,0,0,0.071725,0.000473,0.000473,0,0,0
5113,29-Sep-08,24:00:00,199.313311,0.081953,0.000307,0.000307,0,0,0,0.081953,0.000346,0.000346,0,0,0,0.081953,0.000446,0.000446,0,0,0
5114,30-Sep-08,24:00:00,180.507378,0.076084,0.000289,0.000289,0,0,0,0.076084,0.000325,0.000325,0,0,0,0.076084,0.00042,0.00042,0,0,0
5115,1-Oct-08,24:00:00,163.284684,0.074415,0.000272,0.000272,0,0,0,0.074415,0.000307,0.000307,0,0,0,0.074415,0.000395,0.000395,0,0,0
5116,2-Oct-08,24:00:00,160.69069,0.031347,0.000257,0.000257,0,0,0,0.031334,0.000289,0.000289,0,0,0,0.03131,0.000372,0.000372,0,0,0
5117,3-Oct-08,24:00:00,170.916173,0.019642,0.868171,0.000242,1.242773,0,0.03191,0.019631,20.085693,0.000272,1.358312,0,0.037102,0.019613,29.924384,0.00035,1.547565,0,0.045357
5118,4-Oct-08,24:00:00,348.511272,0.030593,6.709759,0.000228,0.16756,0,0.198077,0.030576,109.300889,0.000256,0.232366,0,0.221541,0.030548,54.960904,0.00033,0.286545,0,0.254724
5119,5-Oct-08,24:00:00,179.693312,0.026628,0.62674,0.000214,0,0,0.201476,0.02661,7.521791,0.000241,0,0,0.22724,0.026579,0.036442,0.000311,0,0,0.262016
5120,6-Oct-08,24:00:00,149.303738,0.057232,0.009841,0.000202,0,0,0.200796,0.057213,0.050135,0.000227,0,0,0.226562,0.05718,0.000293,0.000293,0,0,0.261343
5121,7-Oct-08,24:00:00,147.549247,0.06437,0.00019,0.00019,0,0,0.195139,0.064344,0.000214,0.000214,0,0,0.220912,0.0643,0.000276,0.000276,0,0,0.255703
5122,8-Oct-08,24:00:00,147.050949,0.069233,0.000179,0.000179,0,0,0.185858,0.069202,0.000201,0.000201,0,0,0.211635,0.069152,0.00026,0.00026,0,0,0.246432
5123,9-Oct-08,24:00:00,146.553706,0.074279,0.000169,0.000169,0,0,0.175492,0.074246,0.00019,0.00019,0,0,0.201273,0.074192,0.000245,0.000245,0,0,0.236079
5124,10-Oct-08,24:00:00,146.502093,0.056908,0.000159,0.000159,0,0,0.165678,0.056881,0.000179,0.000179,0,0,0.191464,0.05684,0.00023,0.00023,0,0,0.226277
5125,11-Oct-08,24:00:00,145.153157,0.055561,0.00015,0.00015,0,0,0.157984,0.05554,0.000168,0.000168,0,0,0.183773,0.055507,0.000217,0.000217,0,0,0.21859
5126,12-Oct-08,24:00:00,139.608305,0.048782,0.000141,0.000141,0,0,0.150385,0.048759,0.000158,0.000158,0,0,0.176177,0.048721,0.000204,0.000204,0,0,0.210999
5127,13-Oct-08,24:00:00,134.52669,0.04573,0.000133,0.000133,0,0,0.143527,0.045705,0.000149,0.000149,0,0,0.169322,0.045665,0.000192,0.000192,0,0,0.20415
5128,14-Oct-08,24:00:00,133.576391,0.053288,0.000125,0.000125,0,0,0.136566,0.053262,0.000141,0.000141,0,0,0.162365,0.053221,0.000181,0.000181,0,0,0.197199
5129,15-Oct-08,24:00:00,131.257657,0.056014,0.000118,0.000118,0,0,0.128799,0.056008,0.000132,0.000132,0,0,0.154601,0.055998,0.000171,0.000171,0,0,0.18944
5130,16-Oct-08,24:00:00,120.216025,0.050972,0.000111,0.000111,0,0,0.121066,0.050972,0.000125,0.000125,0,0,0.146868,0.050972,0.000161,0.000161,0,0,0.181707
5131,17-Oct-08,24:00:00,110.949332,0.053306,0.000104,0.000104,0,0,0.11365,0.053306,0.000117,0.000117,0,0,0.139452,0.053306,0.000151,0.000151,0,0,0.174291
5132,18-Oct-08,24:00:00,110.500754,0.056388,0.000098,0.000098,0,0,0.105894,0.056388,0.000111,0.000111,0,0,0.131696,0.056388,0.000142,0.000142,0,0,0.166535
5133,19-Oct-08,24:00:00,114.997179,0.050586,0.000093,0.000093,0,0,0.09824,0.050586,0.000104,0.000104,0,0,0.124042,0.050586,0.000134,0.000134,0,0,0.158881
5134,20-Oct-08,24:00:00,123.128192,0.052023,0.000087,0.000087,0,0,0.090933,0.052023,0.000098,0.000098,0,0,0.116735,0.052023,0.000126,0.000126,0,0,0.151574
5135,21-Oct-08,24:00:00,128.909541,0.043045,0.000082,0.000082,0,0,0.083959,0.043045,0.000092,0.000092,0,0,0.109761,0.043045,0.000119,0.000119,0,0,0.1446
5136,22-Oct-08,24:00:00,130.371908,0.043986,0.000077,0.000077,0,0,0.077764,0.043986,0.000087,0.000087,0,0,0.103566,0.043986,0.000112,0.000112,0,0,0.138405
5137,23-Oct-08,24:00:00,128.244293,0.041768,0.000073,0.000073,0,0,0.071604,0.041768,0.000082,0.000082,0,0,0.097406,0.041768,0.000106,0.000106,0,0,0.132245
5138,24-Oct-08,24:00:00,128.457774,0.042219,0.000069,0.000069,0,0,0.065629,0.042218,0.000077,0.000077,0,0,0.091431,0.042218,0.000099,0.000099,0,0,0.12627
5139,25-Oct-08,24:00:00,137.046784,0.040477,0.000065,0.000065,0,0,0.059697,0.040476,0.000073,0.000073,0,0,0.085499,0.040475,0.000094,0.000094,0,0,0.120338
5140,26-Oct-08,24:00:00,143.362454,0.045206,0.000061,0.000061,0,0,0.053722,0.045205,0.000068,0.000068,0,0,0.079524,0.045204,0.000088,0.000088,0,0,0.114364
5141,27-Oct-08,24:00:00,143.513863,0.036583,0.000057,0.000057,0,0,0.047722,0.036582,0.000064,0.000064,0,0,0.073525,0.036581,0.000083,0.000083,0,0,0.108364
5142,28-Oct-08,24:00:00,144.401765,0.036595,0.000054,0.000054,0,0,0.042498,0.036594,0.000061,0.000061,0,0,0.0683,0.036593,0.000078,0.000078,0,0,0.10314
5143,29-Oct-08,24:00:00,144.496189,0.049781,0.000051,0.000051,0,0,0.036545,0.049777,0.000057,0.000057,0,0,0.062348,0.049776,0.000074,0.000074,0,0,0.097188
5144,30-Oct-08,24:00:00,144.498668,0.043727,0.000048,0.000048,0,0,0.030087,0.043689,0.000054,0.000054,0,0,0.055892,0.043629,0.000069,0.000069,0,0,0.09351
5145,31-Oct-08,24:00:00,153.386959,0.027145,1.463327,0.000045,0.373052,0,0.06162,0.027122,17.562085,0.000051,0.274742,0,0.079052,0.027084,3.285391,0.000065,0.071198,0,0.101051
5146,1-Nov-08,24:00:00,249.861583,0.01502,9.027792,0.000042,2.345508,0,0.27825,0.015006,121.532234,0.000048,2.053526,0,0.262074,0.014985,65.758099,0.000062,1.678862,0,0.234375
5147,2-Nov-08,24:00:00,267.462341,0.021118,5.460117,0.00004,0.091964,0,0.42565,0.021105,67.879953,0.000045,0.119473,0,0.399011,0.021084,24.509571,0.000058,0.271321,0,0.374747
5148,3-Nov-08,24:00:00,163.402453,0.012236,3.038422,0.000038,0.941719,0,0.485056,0.012225,47.591817,0.000042,0.909245,0,0.458249,0.012207,37.091284,0.000055,0.8917,0,0.438149
5149,4-Nov-08,24:00:00,183.490081,0.027381,2.690357,0.000035,0,0,0.562573,0.027368,33.093332,0.00004,0,0,0.531916,0.027346,4.233866,0.000051,0,0,0.509491
5150,5-Nov-08,24:00:00,97.708158,0.011917,0.172876,0.000033,0,0,0.562573,0.011906,1.37762,0.000038,0,0,0.531916,0.011889,0.569263,0.000048,0.023403,0,0.51027
5151,6-Nov-08,24:00:00,87.942518,0.019535,0.000031,0.000031,0,0,0.562573,0.019517,0.000035,0.000035,0,0,0.531916,0.019488,0.51441,0.000046,0,0,0.512834
5152,7-Nov-08,24:00:00,86.683524,0.025766,0.00003,0.00003,0,0,0.562573,0.025733,0.000033,0.000033,0,0,0.531916,0.025699,0.000043,0.000043,0,0,0.512834
5153,8-Nov-08,24:00:00,86.107248,0.018828,0.000028,0.000028,0,0,0.562573,0.018801,0.155774,0.000031,0.004767,0,0.532129,0.018757,0.00004,0.00004,0,0,0.512834
5154,9-Nov-08,24:00:00,84.971831,0.032151,0.000026,0.000026,0,0,0.562573,0.032128,0.243821,0.00003,0,0,0.532597,0.032091,0.000038,0.000038,0,0,0.512834
5155,10-Nov-08,24:00:00,84.10102,0.021649,0.000025,0.000025,0,0,0.562256,0.021633,0.010924,0.000028,0,0,0.532597,0.021606,0.000036,0.000036,0,0,0.512834
5156,11-Nov-08,24:00:00,82.656321,0.018112,0.000023,0.000023,0,0,0.560426,0.018093,0.000026,0.000026,0,0,0.532597,0.018062,0.000034,0.000034,0,0,0.512834
5157,12-Nov-08,24:00:00,81.605271,0.020195,0.000022,0.000022,0,0,0.557802,0.020171,0.000025,0.000025,0,0,0.532597,0.020134,0.000032,0.000032,0,0,0.512834
5158,13-Nov-08,24:00:00,81.956626,0.03907,0.000021,0.000021,0,0,0.553493,0.039044,0.000023,0.000023,0,0,0.530348,0.039004,0.00003,0.00003,0,0,0.510253
5159,14-Nov-08,24:00:00,81.997668,0.034141,0.000019,0.000019,0,0,0.548243,0.034113,0.000022,0.000022,0,0,0.525421,0.03407,0.000028,0.000028,0,0,0.505123
5160,15-Nov-08,24:00:00,81.999957,0.03018,0.000018,0.000018,0,0,0.543618,0.030147,0.000021,0.000021,0,0,0.5208,0.030098,0.000027,0.000027,0,0,0.500509
5161,16-Nov-08,24:00:00,82.000058,0.030244,0.000017,0.000017,0,0,0.539319,0.030211,0.000019,0.000019,0,0,0.516506,0.030163,0.000025,0.000025,0,0,0.496222
5162,17-Nov-08,24:00:00,82.000059,0.028396,0.000016,0.000016,0,0,0.535117,0.028362,0.000018,0.000018,0,0,0.512308,0.028311,0.000024,0.000024,0,0,0.492031
5163,18-Nov-08,24:00:00,82.899243,0.029116,0.000015,0.000015,0,0,0.531045,0.02908,0.000017,0.000017,0,0,0.508241,0.029032,0.000022,0.000022,0,0,0.487971
5164,19-Nov-08,24:00:00,82.09808,0.020196,0.000014,0.000014,0,0,0.527556,0.020171,0.000016,0.000016,0,0,0.504757,0.020135,0.000021,0.000021,0,0,0.484493
5165,20-Nov-08,24:00:00,82.000059,0.020815,0.000014,0.000014,0,0,0.524756,0.020783,0.000015,0.000015,0,0,0.503301,0.020733,0.00002,0.00002,0,0,0.48304
5166,21-Nov-08,24:00:00,85.152503,0.02657,0.000013,0.000013,0,0,0.521215,0.02654,0.000014,0.000014,0,0,0.501864,0.026492,0.000019,0.000019,0,0,0.48304
5167,22-Nov-08,24:00:00,87.733205,0.027171,0.000012,0.000012,0,0,0.517396,0.027142,0.000014,0.000014,0,0,0.498341,0.027097,0.000017,0.000017,0,0,0.482691
5168,23-Nov-08,24:00:00,87.988431,0.025609,0.000011,0.000011,0,0,0.51366,0.025582,0.000013,0.000013,0,0,0.494608,0.025541,0.000016,0.000016,0,0,0.480348
5169,24-Nov-08,24:00:00,88.896053,0.014548,0.000011,0.000011,0,0,0.510781,0.014526,0.000012,0.000012,0,0,0.491733,0.014492,0.000015,0.000015,0,0,0.477479
5170,25-Nov-08,24:00:00,89.898946,0.009138,0.00001,0.00001,0,0,0.509071,0.009127,0.000011,0.000011,0,0,0.490025,0.009108,0.000015,0.000015,0,0,0.475774
5171,26-Nov-08,24:00:00,89.09275,0.026579,0.000009,0.000009,0,0,0.506486,0.026554,0.000011,0.000011,0,0,0.487442,0.026515,0.000014,0.000014,0,0,0.473196
5172,27-Nov-08,24:00:00,90.803475,0.010403,0.000009,0.000009,0,0,0.503864,0.010384,0.00001,0.00001,0,0,0.484824,0.01036,0.000013,0.000013,0,0,0.470582
5173,28-Nov-08,24:00:00,93.24266,0.019533,0.000008,0.000008,0,0,0.501741,0.019501,0.000009,0.000009,0,0,0.482704,0.019459,0.000012,0.000012,0,0,0.468466
5174,29-Nov-08,24:00:00,96.634679,0.023194,0.000008,0.000008,0,0,0.498639,0.023155,0.000009,0.000009,0,0,0.479608,0.023102,0.000011,0.000011,0,0,0.465377
5175,30-Nov-08,24:00:00,102.383512,0.023834,0.000007,0.000007,0,0,0.495274,0.023796,0.000008,0.000008,0,0,0.476249,0.023741,0.000011,0.000011,0,0,0.462026
5176,1-Dec-08,24:00:00,104.32362,0.009023,0.000007,0.000007,0,0,0.493006,0.009004,0.000008,0.000008,0,0,0.473985,0.008983,0.00001,0.00001,0,0,0.459767
5177,2-Dec-08,24:00:00,100.440414,0.020806,0.000007,0.000007,0,0,0.490851,0.020779,0.000007,0.000007,0,0,0.471833,0.020737,0.00001,0.00001,0,0,0.45762
5178,3-Dec-08,24:00:00,99.116746,0.015568,0.000006,0.000006,0,0,0.488258,0.015541,0.000007,0.000007,0,0,0.469243,0.015499,0.000009,0.000009,0,0,0.455036
5179,4-Dec-08,24:00:00,101.709042,0.019916,0.000006,0.000006,0,0,0.485745,0.019884,0.000007,0.000007,0,0,0.466734,0.019835,0.000008,0.000008,0,0,0.452533
5180,5-Dec-08,24:00:00,101.087694,0.019818,0.000006,0.000006,0,0,0.482831,0.019784,0.000006,0.000006,0,0,0.463826,0.019731,0.000008,0.000008,0,0,0.449632
5181,6-Dec-08,24:00:00,107.91978,0.020133,0.253078,0.000005,0.279916,0,0.490259,0.020091,21.615967,0.000006,0.757556,0,0.49513,0.020026,32.95488,0.000008,1.112766,0,0.498723
5182,7-Dec-08,24:00:00,198.134002,0.022814,1.283874,0.000005,0,0,0.521439,0.022774,55.417039,0.000006,0.183833,0,0.592555,0.022711,30.567862,0.000007,0.259744,0,0.638147
5183,8-Dec-08,24:00:00,114.6713,0.021495,0.093264,0.000005,0,0,0.521439,0.021463,3.98358,0.000005,0,0,0.596932,0.021414,0.025542,0.000007,0,0,0.644332
5184,9-Dec-08,24:00:00,93.847962,0.019212,0.000004,0.000004,0,0,0.521439,0.019176,0.037057,0.000005,0,0,0.596932,0.019119,0.000006,0.000006,0,0,0.644332
5185,10-Dec-08,24:00:00,93.001764,0.015109,0.000004,0.000004,0,0,0.521439,0.015078,0.000005,0.000005,0,0,0.596932,0.015031,0.000006,0.000006,0,0,0.644332
5186,11-Dec-08,24:00:00,101.993796,0.020267,0.000004,0.000004,0,0,0.521439,0.020227,0.000004,0.000004,0,0,0.596932,0.020162,0.000006,0.000006,0,0,0.644332
5187,12-Dec-08,24:00:00,124.550079,0.024997,0.000004,0.000004,0,0,0.519906,0.024953,0.000004,0.000004,0,0,0.595417,0.024886,0.000005,0.000005,0,0,0.642845
5188,13-Dec-08,24:00:00,140.845343,0.018746,0.000003,0.000003,0,0,0.516554,0.018716,0.000004,0.000004,0,0,0.592082,0.01867,0.000005,0.000005,0,0,0.639535
5189,14-Dec-08,24:00:00,143.68642,0.004686,0.114476,0.000003,0.137845,0,0.51885,0.004679,1.336767,0.000004,0.167342,0,0.593866,0.004669,0.126653,0.000005,0.059226,0,0.638518
5190,15-Dec-08,24:00:00,179.45645,0.010685,1.586555,0.000003,0.20013,0,0.558316,0.010669,29.018333,0.000003,0.225416,0,0.641013,0.010646,16.619553,0.000004,0.314856,0,0.679785
5191,16-Dec-08,24:00:00,159.883385,0.012948,0.257389,0.000003,0,0,0.563187,0.012926,3.406588,0.000003,0,0,0.646543,0.012893,0.574114,0.000004,0,0,0.691187
5192,17-Dec-08,24:00:00,143.018647,0.016828,0.009921,0.000003,0,0,0.563187,0.016798,0.054857,0.000003,0,0,0.646543,0.016756,0.000004,0.000004,0,0,0.691187
5193,18-Dec-08,24:00:00,146.935995,0.00511,0.151024,0.000003,0.367553,0,0.570033,0.0051,3.223291,0.000003,0.383865,0,0.653833,0.005084,8.775595,0.000004,0.551775,0,0.704796
5194,19-Dec-08,24:00:00,199.330626,0.018682,2.114662,0.000002,0.055823,0,0.623383,0.018662,30.173418,0.000003,0.025356,0,0.704927,0.018637,16.772047,0.000003,0,0,0.770012
5195,20-Dec-08,24:00:00,159.16763,0.015888,0.19701,0.000002,0,0,0.623669,0.015865,1.837272,0.000003,0,0,0.705003,0.015831,0.000003,0.000003,0,0,0.770012
5196,21-Dec-08,24:00:00,180.207241,0.005268,1.87811,0.000002,0.554252,0,0.664363,0.005263,34.768874,0.000002,0.623071,0,0.750966,0.005257,29.827411,0.000003,0.688608,0,0.82181
5197,22-Dec-08,24:00:00,197.806581,0.009558,1.273903,0.000002,0,0,0.702848,0.009543,21.165172,0.000002,0.055939,0,0.798246,0.00952,8.063705,0.000003,0.132514,0,0.880064
5198,23-Dec-08,24:00:00,123.345997,0.006868,0.078906,0.000002,0,0,0.702848,0.00685,4.04703,0.000002,0.020364,0,0.804853,0.006822,0.127482,0.000003,0,0,0.887315
5199,24-Dec-08,24:00:00,118.267462,0.008299,2.537497,0.000002,1.182283,0,0.766388,0.008287,37.592073,0.000002,1.078974,0,0.862872,0.008261,23.740732,1.493639,0.902593,0.113798,0.929613
5200,25-Dec-08,24:00:00,632.492588,0.015944,5.386897,0.000002,0.276711,0,0.906962,0.015928,73.582918,0.000002,0.27525,0,0.99327,0.015905,601.01269,565.461161,0.346118,0.346118,1
5201,26-Dec-08,24:00:00,254.279454,0.017552,0.559795,0.000002,0,0,0.911275,0.017521,5.619443,0.000002,0,0,0.998374,0.017474,46.974197,46.956548,0,0,1
5202,27-Dec-08,24:00:00,77.922225,0.00629,0.012841,0.000001,0,0,0.911275,0.006284,0.039472,0.000002,0,0,0.998374,0.006276,31.808223,31.614808,0.068991,0.068991,1
5203,28-Dec-08,24:00:00,180.401769,0.00875,0.000001,0.000001,0,0,0.911275,0.008741,0.000002,0.000002,0,0,0.998374,0.008727,226.858646,219.827776,0.087039,0.087039,1
5204,29-Dec-08,24:00:00,121.2656,0.008434,0.000001,0.000001,0,0,0.911275,0.00842,0.000001,0.000001,0,0,0.998374,0.0084,39.059548,39.059548,0,0,1
5205,30-Dec-08,24:00:00,60.482802,0.014868,0.000001,0.000001,0,0,0.911275,0.014844,0.000001,0.000001,0,0,0.998374,0.014806,33.764786,33.764786,0,0,1
5206,31-Dec-08,24:00:00,64.925033,0.020514,0.000001,0.000001,0,0,0.911275,0.020485,0.000001,0.000001,0,0,0.998374,0.02044,31.794922,31.794922,0,0,1
5207,1-Jan-09,24:00:00,93.219405,0.018702,0.000001,0.000001,0,0,0.91067,0.018682,0.000001,0.000001,0,0,0.997779,0.018646,29.943326,29.943326,0,0,1
5208,2-Jan-09,24:00:00,234.549722,0.017576,0.659948,0.000001,0.147531,0,0.924996,0.017549,73.692743,61.317033,0.17377,0.152227,0.999296,0.017508,153.609445,148.877881,0.102613,0.102613,1
5209,3-Jan-09,24:00:00,301.217332,0.018694,0.189407,0.000001,0,0,0.930879,0.018665,88.533193,86.012318,0,0,1,0.018619,41.741631,41.722138,0,0,1
5210,4-Jan-09,24:00:00,180.694913,0.01156,0.009854,0.000001,0,0,0.930879,0.011541,22.749908,22.684876,0,0,1,0.01151,31.509971,31.509971,0,0,1
5211,5-Jan-09,24:00:00,165.893917,0.005991,0.042209,0.000001,0.010095,0,0.93181,0.005983,17.60297,16.188133,0.021208,0.021208,1,0.00597,52.110602,51.228832,0.019306,0.019306,1
5212,6-Jan-09,24:00:00,172.539583,0.022125,0.015706,0.000001,0,0,0.932321,0.022099,20.395183,19.996691,0,0,1,0.02206,31.825348,31.813234,0,0,1
5213,7-Jan-09,24:00:00,127.457062,0.00772,0.000879,0.000001,0,0,0.932321,0.007707,10.075227,10.06255,0,0,1,0.007689,27.54064,27.54064,0,0,1
5214,8-Jan-09,24:00:00,111.743321,0.018466,0.000001,0.000001,0,0,0.932321,0.018442,7.475829,7.475829,0,0,1,0.018404,25.932843,25.932843,0,0,1
5215,9-Jan-09,24:00:00,124.529628,0.019843,0.000001,0.000001,0,0,0.932321,0.019811,6.806901,6.806901,0,0,1,0.019762,24.422628,24.422628,0,0,1
5216,10-Jan-09,24:00:00,144.502601,0.021074,0.000001,0.000001,0,0,0.932321,0.021037,6.38944,6.38944,0,0,1,0.02098,23.000364,23.000364,0,0,1
5217,11-Jan-09,24:00:00,158.457166,0.022036,0.000001,0.000001,0,0,0.931169,0.021998,6.015695,6.015695,0,0,0.998862,0.021941,21.660927,21.660927,0,0,0.998883
5218,12-Jan-09,24:00:00,155.626143,0.027906,0.000001,0.000001,0,0,0.927986,0.027856,5.665248,5.665248,0,0,0.995694,0.027783,20.399492,20.399492,0,0,0.995737
5219,13-Jan-09,24:00:00,141.240664,0.023464,0.000001,0.000001,0,0,0.924192,0.023425,5.335322,5.335322,0,0,0.991906,0.02337,19.211517,19.211517,0,0,0.991959
5220,14-Jan-09,24:00:00,136.166403,0.023399,0.000001,0.000001,0,0,0.920857,0.023365,5.024616,5.024616,0,0,0.988576,0.023314,18.092725,18.092725,0,0,0.988637
5221,15-Jan-09,24:00:00,143.490189,0.022822,0,0,0,0,0.91755,0.022788,4.732005,4.732005,0,0,0.985274,0.022735,17.039086,17.039086,0,0,0.985342
5222,16-Jan-09,24:00:00,148.0662,0.025019,0,0,0,0,0.914172,0.024985,4.456434,4.456434,0,0,0.981901,0.024934,16.046807,16.046807,0,0,0.981976
5223,17-Jan-09,24:00:00,147.847376,0.023294,0,0,0,0,0.910692,0.02326,4.196912,4.196912,0,0,0.978426,0.023214,15.112313,15.112313,0,0,0.978509
5224,18-Jan-09,24:00:00,146.763544,0.023809,0,0,0,0,0.90733,0.023777,3.952503,3.952503,0,0,0.975069,0.023732,14.23224,14.23224,0,0,0.975158
5225,19-Jan-09,24:00:00,151.069634,0.023876,0,0,0,0,0.903923,0.023847,3.722327,3.722327,0,0,0.971666,0.023804,13.403418,13.403418,0,0,0.971761
5226,20-Jan-09,24:00:00,160.070144,0.019664,0,0,0,0,0.900765,0.019654,3.505555,3.505555,0,0,0.968512,0.019643,12.622864,12.622864,0,0,0.968611
5227,21-Jan-09,24:00:00,163.277297,0.014986,0,0,0,0,0.898295,0.014973,3.301407,3.301407,0,0,0.966042,0.014952,11.887765,11.887765,0,0,0.966144
5228,22-Jan-09,24:00:00,160.941015,0.010095,0,0,0,0,0.896522,0.010083,3.109148,3.109148,0,0,0.964271,0.010066,11.195475,11.195475,0,0,0.964375
5229,23-Jan-09,24:00:00,156.763397,0.013713,0,0,0,0,0.894819,0.013701,2.928085,2.928085,0,0,0.96257,0.013679,10.543501,10.543501,0,0,0.962678
5230,24-Jan-09,24:00:00,147.51377,0.015427,0,0,0,0,0.892937,0.015413,2.757567,2.757567,0,0,0.96069,0.01539,9.929495,9.929495,0,0,0.9608
5231,25-Jan-09,24:00:00,140.468354,0.027763,0,0,0,0,0.889627,0.027738,2.596979,2.596979,0,0,0.957383,0.027699,9.351246,9.351246,0,0,0.957497
5232,26-Jan-09,24:00:00,139.598086,0.026748,0,0,0,0,0.885835,0.026726,2.445742,2.445742,0,0,0.953594,0.026692,8.806671,8.806671,0,0,0.953714
5233,27-Jan-09,24:00:00,138.935684,0.023907,0,0,0,0,0.882176,0.023886,2.303313,2.303313,0,0,0.949937,0.023854,8.293811,8.293811,0,0,0.950062
5234,28-Jan-09,24:00:00,140.997397,0.032179,0,0,0,0,0.878268,0.032155,2.169179,2.169179,0,0,0.946032,0.032118,7.810816,7.810816,0,0,0.946162
5235,29-Jan-09,24:00:00,146.536432,0.027305,0,0,0,0,0.873922,0.027282,2.042856,2.042856,0,0,0.94169,0.027246,7.35595,7.35595,0,0,0.941825
5236,30-Jan-09,24:00:00,149.755907,0.029165,0,0,0,0,0.869905,0.028683,1.923889,1.923889,0,0,0.937699,0.028647,6.927572,6.927572,0,0,0.937839
5237,31-Jan-09,24:00:00,149.133379,0.032592,0,0,0,0,0.865572,0.032457,1.81185,1.81185,0,0,0.933421,0.032416,6.524142,6.524142,0,0,0.933567
5238,1-Feb-09,24:00:00,114.883132,0.031017,0,0,0,0,0.860984,0.030985,1.706336,1.706336,0,0,0.928844,0.030938,6.144205,6.144205,0,0,0.928995
5239,2-Feb-09,24:00:00,73.419867,0.032371,0,0,0,0,0.856467,0.032341,1.606967,1.606967,0,0,0.924332,0.032296,5.786394,5.786394,0,0,0.924489
5240,3-Feb-09,24:00:00,64.858071,0.034009,0,0,0,0,0.851749,0.033985,1.513384,1.513384,0,0,0.919617,0.033948,5.449421,5.449421,0,0,0.919781
5241,4-Feb-09,24:00:00,64.251448,0.027518,0,0,0,0,0.847372,0.027491,1.425252,1.425252,0,0,0.915244,0.02745,5.132071,5.132071,0,0,0.915413
5242,5-Feb-09,24:00:00,69.243503,0.011581,0.891303,0,0.640859,0,0.868933,0.011565,13.215131,1.342251,0.52246,0,0.9312,0.011546,14.474253,4.833202,0.445884,0,0.927112
5243,6-Feb-09,24:00:00,232.009276,0.014296,4.508423,0,0.390116,0,0.982756,0.014288,166.809236,111.269255,0.3205,0.235023,0.999276,0.014266,60.354639,40.517326,0.19087,0.030029,0.997577
5244,7-Feb-09,24:00:00,241.371093,0.035904,0.585953,0,0,0,0.99256,0.035889,128.486356,123.380185,0,0,1,0.035864,8.165955,8.162092,0,0,1
5245,8-Feb-09,24:00:00,118.440304,0.019805,0.189284,0.144578,0.069526,0.017444,0.993747,0.019787,34.768719,34.187983,0.072014,0.072014,1,0.019758,11.012373,10.688775,0.013628,0.013628,1
5246,9-Feb-09,24:00:00,146.550095,0.028791,9.749105,9.399011,0,0,1,0.02879,70.219881,64.833397,0,0,1,0.028771,18.67295,18.365541,0,0,1
5247,10-Feb-09,24:00:00,141.643697,0.013437,15.883141,15.572791,0.30431,0.30431,1,0.013425,56.657475,50.113337,0.317032,0.317032,1,0.013404,125.467448,116.155964,0.383522,0.383522,1
5248,11-Feb-09,24:00:00,1300.04,0.011484,242.154654,239.631823,0.34498,0.34498,1,0.011474,381.112122,340.162834,0.393568,0.393568,1,0.011457,896.725931,865.907733,0.563587,0.563587,1
5249,12-Feb-09,24:00:00,1281.82,0.022387,290.584576,289.65711,0.107386,0.107386,1,0.022372,380.256242,366.706389,0.119313,0.119313,1,0.022348,296.365229,292.496691,0.122596,0.122596,1
5250,13-Feb-09,24:00:00,946.436973,0.012942,225.104998,223.699262,0.176105,0.176105,1,0.012929,305.309373,282.090165,0.205284,0.205284,1,0.012909,542.239364,523.327195,0.321175,0.321175,1
5251,14-Feb-09,24:00:00,752.474692,0.014375,165.971338,165.632737,0.166628,0.166628,1,0.014364,217.460057,212.427427,0.050666,0.050666,1,0.014346,190.563261,189.071417,0.010762,0.010762,1
5252,15-Feb-09,24:00:00,2333.85,0.015626,813.386414,439.768652,1.230449,1.230449,1,0.015614,796.468073,464.94163,1.009485,1.009485,1,0.015595,1019.98,898.795459,0.713239,0.713239,1
5253,16-Feb-09,24:00:00,3036.24,0.016709,1118.29,1029.24,1.316011,1.316011,1,0.016695,1087.96,967.738416,1.025834,1.025834,1,0.016673,869.408187,842.01342,0.601918,0.601918,1
5254,17-Feb-09,24:00:00,3228.56,0.01289,1257.37,1246.90,0.798821,0.798821,1,0.012879,1184.48,1112.12,0.545808,0.545808,1,0.012861,600.210498,587.00312,0.234443,0.234443,1
5255,18-Feb-09,24:00:00,1792.51,0.027537,822.260653,820.86237,0.011065,0.011065,1,0.027522,623.045761,613.95502,0,0,1,0.027496,177.612035,177.60687,0,0,1
5256,19-Feb-09,24:00:00,798.150736,0.04676,333.820035,333.729154,0,0,1,0.046737,245.044544,244.852253,0,0,1,0.0467,158.667541,158.667541,0,0,1
5257,20-Feb-09,24:00:00,550.244073,0.040979,195.504763,195.503082,0,0,1,0.040957,171.72392,171.72392,0,0,0.999128,0.040921,149.416621,149.416621,0,0,0.99825
5258,21-Feb-09,24:00:00,496.485777,0.036312,164.785312,164.785312,0,0,0.997901,0.036297,155.341988,155.341988,0,0,0.995581,0.036273,140.715262,140.715262,0,0,0.993815
5259,22-Feb-09,24:00:00,4789.02,0.013266,1924.79,448.583446,1.677737,1.642957,0.999896,0.013253,1784.79,528.906286,1.674966,1.623515,0.999847,0.013232,1850.60,1326.26,1.501667,1.437577,0.999511
5260,23-Feb-09,24:00:00,5894.18,0.014115,1883.40,1311.89,1.411557,1.411557,1,0.014105,1950.27,1509.10,1.235382,1.235382,1,0.014088,1863.07,1806.48,1.009347,1.009347,1
5261,24-Feb-09,24:00:00,3692.78,0.030649,1319.95,1285.27,0,0,1,0.03063,1309.35,1266.37,0,0,1,0.030599,544.643648,542.002282,0,0,1
5262,25-Feb-09,24:00:00,1426.69,0.014284,566.220579,565.949371,0.299573,0.299573,1,0.014275,484.028523,481.863549,0.203178,0.203178,1,0.01426,269.431731,268.984505,0.099566,0.099566,1
5263,26-Feb-09,24:00:00,1275.35,0.033368,462.341578,460.831649,0,0,1,0.03335,429.402853,413.852138,0,0,1,0.033319,370.822427,366.659646,0,0,1
5264,27-Feb-09,24:00:00,949.82485,0.040555,345.144614,345.013049,0,0,1,0.040551,310.96712,310.028584,0,0,1,0.040544,239.752611,239.752611,0,0,1
5265,28-Feb-09,24:00:00,748.07339,0.042762,252.721565,252.720142,0,0,0.99905,0.042742,241.311687,241.311687,0,0,0.999052,0.04271,224.868287,224.868287,0,0,0.999056
5266,1-Mar-09,24:00:00,1210.01,0.014954,405.709186,379.033887,1.199546,1.182861,0.999652,0.014946,435.263622,391.00376,1.093018,1.076375,0.999651,0.014931,669.07592,646.776505,0.845174,0.828601,0.999563
5267,2-Mar-09,24:00:00,4799.91,0.023917,1765.90,1120.83,0.872689,0.872689,1,0.023906,1555.91,1263.11,0.914297,0.914297,1,0.023888,1504.41,1462.23,0.704178,0.704178,1
5268,3-Mar-09,24:00:00,3138.31,0.020416,1037.45,976.482792,0.279784,0.279784,1,0.020408,1108.92,1059.81,0.331604,0.331604,1,0.020396,870.638556,849.50378,0.351395,0.351395,1
5269,4-Mar-09,24:00:00,1880.50,0.026133,598.144491,596.376438,0,0,1,0.026126,652.381588,639.369068,0,0,1,0.026112,429.838307,427.45154,0,0,1
5270,5-Mar-09,24:00:00,1045.78,0.044693,354.299948,354.242067,0,0,1,0.044682,356.126597,355.60517,0,0,1,0.044664,279.384674,279.384674,0,0,1
5271,6-Mar-09,24:00:00,834.525933,0.035058,270.144899,270.144899,0,0,0.999702,0.035049,276.026397,276.026397,0,0,0.999703,0.035032,262.708687,262.708687,0,0,0.999701
5272,7-Mar-09,24:00:00,764.706575,0.046608,243.820568,243.820568,0,0,0.995918,0.046608,252.767491,252.767491,0,0,0.995922,0.046608,247.409349,247.409349,0,0,0.995916
5273,8-Mar-09,24:00:00,719.054196,0.051586,228.264858,228.264858,0,0,0.98914,0.051586,237.382866,237.382866,0,0,0.989144,0.051586,233.001343,233.001343,0,0,0.989138
5274,9-Mar-09,24:00:00,678.70702,0.04601,214.821173,214.821173,0,0,0.981948,0.04601,223.50571,223.50571,0,0,0.981952,0.04601,219.432394,219.432394,0,0,0.981946
5275,10-Mar-09,24:00:00,640.326766,0.043918,202.295674,202.295674,0,0,0.975501,0.043918,210.485879,210.485879,0,0,0.975505,0.043918,206.65364,206.65364,0,0,0.9755
5276,11-Mar-09,24:00:00,604.477971,0.050811,190.513426,190.513426,0,0,0.968754,0.050811,198.227864,198.227864,0,0,0.968758,0.050811,194.619063,194.619063,0,0,0.968752
5277,12-Mar-09,24:00:00,580.451245,0.056789,179.418649,179.418649,0,0,0.961172,0.056789,186.683949,186.683949,0,0,0.961176,0.056789,183.285325,183.285325,0,0,0.96117
5278,13-Mar-09,24:00:00,564.632821,0.061313,168.970103,168.970103,0,0,0.9528,0.061313,175.812316,175.812316,0,0,0.952804,0.061313,172.611613,172.611613,0,0,0.952798
5279,14-Mar-09,24:00:00,545.561993,0.032399,159.130045,159.130045,0,0,0.94598,0.032397,165.573798,165.573798,0,0,0.945984,0.032395,162.559491,162.559491,0,0,0.945978
5280,15-Mar-09,24:00:00,518.452869,0.019314,149.863027,149.863027,0,0,0.94352,0.019306,156.974923,155.931526,0.03083,0,0.944934,0.019303,159.473044,153.092758,0.268521,0,0.952695
5281,16-Mar-09,24:00:00,488.823388,0.019967,141.13568,141.13568,0,0,0.942806,0.019957,148.39317,146.850776,0,0,0.947928,0.019939,155.026431,144.177325,0.103613,0,0.99515
5282,17-Mar-09,24:00:00,434.342162,0.040841,132.916573,132.916573,0,0,0.941795,0.040825,138.367531,138.298849,0,0,0.947928,0.040798,135.781801,135.781087,0,0,0.99668
5283,18-Mar-09,24:00:00,404.703867,0.047425,125.176111,125.176111,0,0,0.939521,0.047421,130.244947,130.244947,0,0,0.947518,0.047414,127.873808,127.873808,0,0,0.996352
5284,19-Mar-09,24:00:00,379.708267,0.06649,117.886418,117.886418,0,0,0.932007,0.06649,122.660067,122.660067,0,0,0.94204,0.06649,120.427014,120.427014,0,0,0.991024
5285,20-Mar-09,24:00:00,361.398485,0.067347,111.021244,111.021244,0,0,0.922434,0.067347,115.516898,115.516898,0,0,0.932468,0.067347,113.413887,113.413887,0,0,0.981451
5286,21-Mar-09,24:00:00,351.62913,0.026523,104.558844,104.555867,0.122583,0,0.916271,0.026516,108.851068,108.789714,0.125263,0,0.926318,0.026502,107.242957,106.840975,0.190152,0.006339,0.976409
5287,22-Mar-09,24:00:00,618.39024,0.032158,99.980864,98.467004,0.172427,0,0.954222,0.03215,128.003795,102.454291,0.200254,0,0.968043,0.032135,441.301544,421.200812,0.252664,0.252664,1
5288,23-Mar-09,24:00:00,421.604328,0.055435,92.927958,92.732729,0,0,0.95601,0.055432,98.891696,96.487814,0,0,0.970402,0.055428,119.839415,119.839415,0,0,1
5289,24-Mar-09,24:00:00,314.201136,0.064364,87.338432,87.332393,0,0,0.952744,0.064364,90.881114,90.868799,0,0,0.967137,0.064364,105.432271,105.432271,0,0,0.996736
5290,25-Mar-09,24:00:00,290.2564,0.066222,82.246548,82.246548,0,0,0.944122,0.066222,85.577009,85.577009,0,0,0.958516,0.066222,99.283235,99.283235,0,0,0.988117
5291,26-Mar-09,24:00:00,274.79707,0.062213,77.456879,77.456879,0,0,0.9349,0.062212,80.59339,80.59339,0,0,0.949294,0.062212,93.50142,93.50142,0,0,0.978895
5292,27-Mar-09,24:00:00,264.002563,0.076348,72.946139,72.946139,0,0,0.925018,0.076337,75.899994,75.899994,0,0,0.939412,0.076319,88.056319,88.056319,0,0,0.969014
5293,28-Mar-09,24:00:00,256.200011,0.076677,68.698085,68.698085,0,0,0.91415,0.076659,71.47992,71.47992,0,0,0.928547,0.076627,82.928315,82.928315,0,0,0.958151
5294,29-Mar-09,24:00:00,246.294594,0.067889,64.697418,64.697418,0,0,0.90338,0.067872,67.317251,67.317251,0,0,0.917779,0.067841,78.098944,78.098944,0,0,0.947389
5295,30-Mar-09,24:00:00,241.783302,0.066135,60.929731,60.929731,0,0,0.894114,0.066121,63.396998,63.396998,0,0,0.908515,0.066096,73.550813,73.550813,0,0,0.938129
5296,31-Mar-09,24:00:00,239.879085,0.089109,57.381458,57.381458,0,0,0.883674,0.089093,59.705042,59.705042,0,0,0.898078,0.089064,69.267545,69.267545,0,0,0.927695
5297,1-Apr-09,24:00:00,240.593305,0.075037,54.039821,54.039821,0,0,0.871275,0.075019,56.228089,56.228089,0,0,0.885681,0.074985,65.233715,65.233715,0,0,0.915303
5298,2-Apr-09,24:00:00,256.062715,0.057829,50.892785,50.892785,0,0,0.862042,0.057819,52.953619,52.953619,0,0,0.87645,0.057789,61.434797,61.434797,0,0,0.906077
5299,3-Apr-09,24:00:00,276.93192,0.066863,47.929018,47.929018,0,0,0.852638,0.066848,49.869839,49.869839,0,0,0.867048,0.066821,57.857111,57.857111,0,0,0.896679
5300,4-Apr-09,24:00:00,285.750464,0.067052,45.137848,45.137848,0,0,0.843354,0.067036,46.965644,46.965644,0,0,0.857766,0.067006,54.487774,54.487774,0,0,0.8874
5301,5-Apr-09,24:00:00,288.57651,0.08049,42.509223,42.509223,0,0,0.832897,0.080478,44.230576,44.230576,0,0,0.847311,0.080456,51.314651,51.314651,0,0,0.876949
5302,6-Apr-09,24:00:00,280.952871,0.084623,40.033678,40.033678,0,0,0.821138,0.084606,41.654787,41.654787,0,0,0.835554,0.084574,48.326317,48.326317,0,0,0.865196
5303,7-Apr-09,24:00:00,260.250058,0.037707,37.702296,37.702296,0,0,0.812115,0.037699,39.228999,39.228999,0,0,0.826351,0.037682,45.51201,45.51201,0,0,0.855997
5304,8-Apr-09,24:00:00,213.541475,0.029314,35.506685,35.506685,0,0,0.809975,0.029304,36.944479,36.944479,0,0,0.82185,0.029285,42.861596,42.861596,0,0,0.851498
5305,9-Apr-09,24:00:00,166.892607,0.013537,33.550601,33.438935,0.053331,0,0.812588,0.013533,36.597732,34.792999,0.050567,0,0.821694,0.013528,42.756907,40.365529,0.070094,0,0.852058
5306,10-Apr-09,24:00:00,147.190776,0.055224,31.678159,31.491602,0,0,0.817594,0.05521,35.207842,32.766812,0,0,0.82627,0.05518,38.868871,38.014823,0,0,0.85871
5307,11-Apr-09,24:00:00,130.938383,0.070606,29.670045,29.657673,0,0,0.81624,0.070594,30.96664,30.85862,0,0,0.824917,0.070569,35.801011,35.801011,0,0,0.857373
5308,12-Apr-09,24:00:00,129.860118,0.075325,27.930544,27.930544,0,0,0.808645,0.07531,29.061553,29.061553,0,0,0.817326,0.075278,33.716121,33.716121,0,0,0.849804
5309,13-Apr-09,24:00:00,134.02486,0.071954,26.303995,26.303995,0,0,0.798171,0.071942,27.369139,27.369139,0,0,0.806854,0.071917,31.752646,31.752646,0,0,0.839336
5310,14-Apr-09,24:00:00,167.266743,0.070028,24.772169,24.772169,0,0,0.787745,0.070016,25.775284,25.775284,0,0,0.79643,0.069992,29.903515,29.903515,0,0,0.828916
5311,15-Apr-09,24:00:00,205.69165,0.065966,23.329549,23.329549,0,0,0.7781,0.065955,24.274247,24.274247,0,0,0.786787,0.065935,28.162069,28.162069,0,0,0.819277
5312,16-Apr-09,24:00:00,207.295928,0.079945,21.970941,21.970941,0,0,0.767988,0.079934,22.860624,22.860624,0,0,0.776675,0.079912,26.522037,26.522037,0,0,0.809167
5313,17-Apr-09,24:00:00,168.373987,0.084631,20.691453,20.691453,0,0,0.756078,0.084623,21.529325,21.529325,0,0,0.764767,0.084605,24.977513,24.977513,0,0,0.797262
5314,18-Apr-09,24:00:00,128.697825,0.089821,19.486476,19.486476,0,0,0.743595,0.089812,20.275554,20.275554,0,0,0.752285,0.089792,23.522935,23.522935,0,0,0.784783
5315,19-Apr-09,24:00:00,117.830349,0.092991,18.351671,18.351671,0,0,0.730551,0.09298,19.094797,19.094797,0,0,0.739243,0.09296,22.153065,22.153065,0,0,0.771743
5316,20-Apr-09,24:00:00,113.280032,0.100139,17.282952,17.282952,0,0,0.716816,0.100126,17.982802,17.982802,0,0,0.725509,0.1001,20.862971,20.862971,0,0,0.758013
5317,21-Apr-09,24:00:00,109.873536,0.102043,16.276471,16.276471,0,0,0.702372,0.10203,16.935564,16.935564,0,0,0.711067,0.102008,19.648005,19.648005,0,0,0.743574
5318,22-Apr-09,24:00:00,107.182187,0.104033,15.328603,15.328603,0,0,0.687778,0.104017,15.949314,15.949314,0,0,0.696476,0.103999,18.503794,18.503794,0,0,0.728986
5319,23-Apr-09,24:00:00,106.524573,0.087381,14.435934,14.435934,0,0,0.673968,0.087371,15.020497,15.020497,0,0,0.682667,0.087367,17.426216,17.426216,0,0,0.715179
5320,24-Apr-09,24:00:00,109.382388,0.072202,13.59525,13.59525,0,0,0.6623,0.072194,14.145771,14.145771,0,0,0.671001,0.072192,16.411392,16.411392,0,0,0.703514
5321,25-Apr-09,24:00:00,109.151258,0.079544,12.803524,12.803524,0,0,0.651789,0.079543,13.321985,13.321985,0,0,0.660491,0.079543,15.455666,15.455666,0,0,0.693003
5322,26-Apr-09,24:00:00,104.642376,0.079291,12.057904,12.057904,0,0,0.640221,0.079291,12.546173,12.546173,0,0,0.648922,0.079291,14.555598,14.555598,0,0,0.681435
5323,27-Apr-09,24:00:00,101.195793,0.064568,11.355706,11.355706,0,0,0.630212,0.064563,11.81554,11.81554,0,0,0.638914,0.064551,13.707945,13.707945,0,0,0.671427
5324,28-Apr-09,24:00:00,101.596996,0.055509,10.694401,10.694401,0,0,0.621611,0.055504,11.127456,11.127456,0,0,0.630314,0.055504,12.909656,12.909656,0,0,0.662828
5325,29-Apr-09,24:00:00,115.562523,0.073046,10.071607,10.071607,0,0,0.612182,0.073046,10.479443,10.479443,0,0,0.620885,0.073046,12.157856,12.157856,0,0,0.653399
5326,30-Apr-09,24:00:00,115.334042,0.055785,9.485082,9.485082,0,0,0.603078,0.055779,9.869168,9.869168,0,0,0.611781,0.055765,11.449837,11.449837,0,0,0.644296
5327,1-May-09,24:00:00,105.186897,0.037055,9.615201,8.932714,0.478542,0,0.615154,0.037051,20.180229,9.294432,0.44006,0,0.621771,0.03703,21.748719,10.78305,0.427901,0,0.652398
5328,2-May-09,24:00:00,160.558667,0.025921,11.672259,8.412513,0.374573,0,0.690929,0.025917,59.133158,8.753166,0.449701,0,0.698526,0.025906,42.907272,10.155094,0.553449,0,0.736283
5329,3-May-09,24:00:00,147.72165,0.072004,10.459659,7.922606,0.330387,0,0.754537,0.071998,43.407529,8.243421,0.273441,0,0.762615,0.071988,22.826115,9.563707,0.249431,0,0.80563
5330,4-May-09,24:00:00,85.803706,0.025281,8.735317,7.461229,1.299328,0,0.797016,0.02529,31.84031,7.763361,1.450834,0,0.808376,0.025284,56.437126,20.970793,1.563341,0.241819,0.859341
5331,5-May-09,24:00:00,742.837834,0.070007,13.380517,7.026721,0.028357,0,0.953605,0.070004,112.317463,7.311258,0.073087,0,0.98694,0.069994,680.022534,630.892775,0.26363,0.26363,1
5332,6-May-09,24:00:00,241.545399,0.034016,7.131674,6.617516,0,0,0.95369,0.034012,14.46213,6.885483,0.031646,0,0.989733,0.034002,129.381438,125.940162,0.078497,0.078497,1
5333,7-May-09,24:00:00,168.258059,0.089768,6.235694,6.232142,0,0,0.950939,0.089767,7.443238,6.484504,0,0,0.991757,0.089758,67.118666,66.925485,0,0,0.99971
5334,8-May-09,24:00:00,92.678585,0.096589,5.86921,5.86921,0,0,0.940022,0.096589,6.144677,6.106876,0,0,0.984245,0.09659,41.797893,41.797893,0,0,0.992199
5335,9-May-09,24:00:00,77.429956,0.101312,5.527414,5.527414,0,0,0.925904,0.101313,5.751239,5.751239,0,0,0.970127,0.101314,39.319435,39.319435,0,0,0.978081
5336,10-May-09,24:00:00,73.169506,0.106759,5.205522,5.205522,0,0,0.911191,0.106759,5.416312,5.416312,0,0,0.955414,0.10676,37.029612,37.029612,0,0,0.963368
5337,11-May-09,24:00:00,70.227256,0.10257,4.902376,4.902376,0,0,0.896174,0.102571,5.100891,5.100891,0,0,0.940396,0.102572,34.873174,34.873174,0,0,0.94835
5338,12-May-09,24:00:00,67.980878,0.093509,4.616884,4.616884,0,0,0.88209,0.09351,4.803838,4.803838,0,0,0.926313,0.09351,32.842317,32.842317,0,0,0.934267
5339,13-May-09,24:00:00,68.192218,0.103343,4.348017,4.348017,0,0,0.868075,0.103343,4.524084,4.524084,0,0,0.912297,0.103344,30.929729,30.929729,0,0,0.920251
5340,14-May-09,24:00:00,68.34684,0.093768,4.094808,4.094808,0,0,0.853869,0.093769,4.260622,4.260622,0,0,0.898092,0.09377,29.128521,29.128521,0,0,0.906046
5341,15-May-09,24:00:00,66.795788,0.105653,3.856345,3.856345,0,0,0.839644,0.105653,4.012502,4.012502,0,0,0.883867,0.105654,27.432207,27.432207,0,0,0.89182
5342,16-May-09,24:00:00,66.089522,0.104524,3.631769,3.631769,0,0,0.824467,0.104525,3.778832,3.778832,0,0,0.868689,0.104526,25.834679,25.834679,0,0,0.876642
5343,17-May-09,24:00:00,68.289374,0.115369,3.420271,3.420271,0,0,0.808839,0.115369,3.55877,3.55877,0,0,0.853061,0.11537,24.330183,24.330183,0,0,0.861014
5344,18-May-09,24:00:00,72.69989,0.113503,3.22109,3.22109,0,0,0.792648,0.113504,3.351523,3.351523,0,0,0.83687,0.113505,22.913303,22.913303,0,0,0.844823
5345,19-May-09,24:00:00,75.620227,0.107978,3.033508,3.033508,0,0,0.776827,0.107979,3.156346,3.156346,0,0,0.821049,0.107979,21.578936,21.578936,0,0,0.829002
5346,20-May-09,24:00:00,75.76334,0.096824,2.85685,2.85685,0,0,0.762036,0.096824,2.972534,2.972534,0,0,0.806258,0.096825,20.322275,20.322275,0,0,0.814211
5347,21-May-09,24:00:00,75.257716,0.105408,2.69048,2.69048,0,0,0.747699,0.105408,2.799427,2.799427,0,0,0.791921,0.105409,19.138798,19.138798,0,0,0.799873
5348,22-May-09,24:00:00,78.832699,0.10648,2.533799,2.533799,0,0,0.732526,0.106481,2.636401,2.636401,0,0,0.776748,0.106482,18.02424,18.02424,0,0,0.7847
5349,23-May-09,24:00:00,84.275297,0.104116,2.386242,2.386242,0,0,0.71763,0.104116,2.482869,2.482869,0,0,0.761852,0.104117,16.97459,16.97459,0,0,0.769804
5350,24-May-09,24:00:00,88.60214,0.097673,2.247278,2.247278,0,0,0.703242,0.097674,2.338278,2.338278,0,0,0.747464,0.097682,15.986066,15.986066,0,0,0.755415
5351,25-May-09,24:00:00,91.078661,0.106686,2.116406,2.116406,0,0,0.688568,0.106687,2.202107,2.202107,0,0,0.73279,0.106688,15.05511,15.05511,0,0,0.740741
5352,26-May-09,24:00:00,90.723664,0.113528,1.993156,1.993156,0,0,0.672796,0.113529,2.073866,2.073866,0,0,0.717018,0.11353,14.178368,14.178368,0,0,0.724969
5353,27-May-09,24:00:00,90.144444,0.114972,1.877084,1.877084,0,0,0.656436,0.114973,1.953094,1.953094,0,0,0.700658,0.114974,13.352684,13.352684,0,0,0.708609
5354,28-May-09,24:00:00,92.762937,0.119025,1.767771,1.767771,0,0,0.639854,0.119026,1.839354,1.839354,0,0,0.684075,0.119027,12.575083,12.575083,0,0,0.692026
5355,29-May-09,24:00:00,97.130079,0.104356,1.664824,1.664824,0,0,0.623849,0.104354,1.732239,1.732239,0,0,0.668071,0.104344,11.842767,11.842767,0,0,0.676022
5356,30-May-09,24:00:00,98.106577,0.092016,1.567872,1.567872,0,0,0.610068,0.092014,1.631361,1.631361,0,0,0.65429,0.092015,11.153098,11.153098,0,0,0.662241
5357,31-May-09,24:00:00,97.411448,0.102652,1.476566,1.476566,0,0,0.595991,0.102656,1.536358,1.536358,0,0,0.640213,0.102647,10.503592,10.503592,0,0,0.648165
5358,1-Jun-09,24:00:00,97.061747,0.098054,1.390578,1.390578,0,0,0.581421,0.098051,1.446887,1.446887,0,0,0.625642,0.098039,9.89191,9.89191,0,0,0.633596
5359,2-Jun-09,24:00:00,96.345085,0.096098,1.309597,1.309597,0,0,0.567629,0.096092,1.362627,1.362627,0,0,0.611851,0.096071,9.315849,9.315849,0,0,0.619807
5360,3-Jun-09,24:00:00,94.729375,0.084381,1.233332,1.233332,0,0,0.554786,0.084379,1.283274,1.283274,0,0,0.599009,0.084369,8.773336,8.773336,0,0,0.606967
5361,4-Jun-09,24:00:00,94.85345,0.053889,1.161508,1.161508,0,0,0.545024,0.053885,1.208542,1.208542,0,0,0.589247,0.053875,8.262417,8.262417,0,0,0.597207
5362,5-Jun-09,24:00:00,99.259238,0.043157,1.093867,1.093867,0,0,0.537903,0.043155,1.138162,1.138162,0,0,0.582127,0.043147,7.781251,7.781251,0,0,0.590088
5363,6-Jun-09,24:00:00,105.936379,0.095675,1.030165,1.030165,0,0,0.527935,0.095658,1.07188,1.07188,0,0,0.57216,0.095645,7.328106,7.328106,0,0,0.580123
5364,7-Jun-09,24:00:00,115.108222,0.102733,0.970173,0.970173,0,0,0.513855,0.102731,1.009459,1.009459,0,0,0.558082,0.102718,6.90135,6.90135,0,0,0.566046
5365,8-Jun-09,24:00:00,123.217974,0.106298,0.913674,0.913674,0,0,0.499146,0.106295,0.950672,0.950672,0,0,0.543373,0.106285,6.499446,6.499446,0,0,0.551339
5366,9-Jun-09,24:00:00,125.819649,0.087584,0.860466,0.860466,0,0,0.48513,0.087583,0.89531,0.89531,0,0,0.529357,0.087582,6.120948,6.120948,0,0,0.537323
5367,10-Jun-09,24:00:00,122.477975,0.078243,0.810357,0.810357,0,0,0.473392,0.078252,0.843171,0.843171,0,0,0.517618,0.078238,5.764491,5.764491,0,0,0.525586
5368,11-Jun-09,24:00:00,116.309565,0.091279,0.763165,0.763165,0,0,0.461205,0.091281,0.794068,0.794068,0,0,0.505431,0.091265,5.428793,5.428793,0,0,0.513401
5369,12-Jun-09,24:00:00,111.256649,0.099101,0.718722,0.718722,0,0,0.447842,0.099109,0.747825,0.747825,0,0,0.492067,0.099099,5.112645,5.112645,0,0,0.500039
5370,13-Jun-09,24:00:00,107.704747,0.081904,0.676867,0.676867,0,0,0.434762,0.081915,0.704275,0.704275,0,0,0.478985,0.081906,4.814908,4.814908,0,0,0.486958
5371,14-Jun-09,24:00:00,105.676092,0.084124,0.637449,0.637449,0,0,0.422808,0.084131,0.663262,0.663262,0,0,0.46703,0.084119,4.534509,4.534509,0,0,0.475005
5372,15-Jun-09,24:00:00,103.81899,0.09082,0.600327,0.600327,0,0,0.410253,0.090822,0.624636,0.624636,0,0,0.454474,0.090808,4.27044,4.27044,0,0,0.462451
5373,16-Jun-09,24:00:00,102.437309,0.114888,0.565366,0.565366,0,0,0.395775,0.114883,0.58826,0.58826,0,0,0.439997,0.114872,4.021748,4.021748,0,0,0.447975
5374,17-Jun-09,24:00:00,101.576328,0.114414,0.532442,0.532442,0,0,0.379294,0.11441,0.554003,0.554003,0,0,0.423517,0.114396,3.78754,3.78754,0,0,0.431497
5375,18-Jun-09,24:00:00,104.826268,0.132798,0.501435,0.501435,0,0,0.362064,0.132795,0.52174,0.52174,0,0,0.406287,0.132781,3.566971,3.566971,0,0,0.414269
5376,19-Jun-09,24:00:00,108.539545,0.114092,0.472234,0.472234,0,0,0.344006,0.114089,0.491356,0.491356,0,0,0.388229,0.114075,3.359246,3.359246,0,0,0.396213
5377,20-Jun-09,24:00:00,107.770548,0.100702,0.444733,0.444733,0,0,0.328718,0.100699,0.462742,0.462742,0,0,0.372941,0.100686,3.163619,3.163619,0,0,0.380928
5378,21-Jun-09,24:00:00,107.452093,0.102706,0.418834,0.418834,0,0,0.313848,0.102703,0.435794,0.435794,0,0,0.358072,0.10269,2.979384,2.979384,0,0,0.36606
5379,22-Jun-09,24:00:00,107.670133,0.11238,0.394443,0.394443,0,0,0.298713,0.112377,0.410415,0.410415,0,0,0.342937,0.112366,2.805878,2.805878,0,0,0.350927
5380,23-Jun-09,24:00:00,108.399026,0.124596,0.371472,0.371472,0,0,0.282004,0.124592,0.386514,0.386514,0,0,0.326229,0.12458,2.642476,2.642476,0,0,0.33422
5381,24-Jun-09,24:00:00,110.993177,0.124513,0.349839,0.349839,0,0,0.264094,0.124511,0.364006,0.364006,0,0,0.30832,0.1245,2.488591,2.488591,0,0,0.316313
5382,25-Jun-09,24:00:00,114.692043,0.123154,0.329466,0.329466,0,0,0.246563,0.123152,0.342808,0.342808,0,0,0.290788,0.123139,2.343666,2.343666,0,0,0.298783
5383,26-Jun-09,24:00:00,116.706955,0.117351,0.31028,0.31028,0,0,0.229143,0.117348,0.322844,0.322844,0,0,0.273369,0.117336,2.207182,2.207182,0,0,0.281366
5384,27-Jun-09,24:00:00,123.487425,0.12525,0.29221,0.29221,0,0,0.21188,0.125249,0.304043,0.304043,0,0,0.256106,0.125236,2.078645,2.078645,0,0,0.264104
5385,28-Jun-09,24:00:00,129.018824,0.129956,0.275193,0.275193,0,0,0.193689,0.129951,0.286337,0.286337,0,0,0.237916,0.129935,1.957594,1.957594,0,0,0.245916
5386,29-Jun-09,24:00:00,123.562725,0.054968,0.259167,0.259167,0,0,0.181143,0.054963,0.269662,0.269662,0,0,0.22537,0.054945,1.843593,1.843593,0,0,0.233373
5387,30-Jun-09,24:00:00,117.877536,0.12594,0.244075,0.244075,0,0,0.167687,0.125937,0.253958,0.253958,0,0,0.211915,0.125922,1.73623,1.73623,0,0,0.21992
5388,1-Jul-09,24:00:00,117.195518,0.120946,0.229861,0.229861,0,0,0.149974,0.120942,0.239169,0.239169,0,0,0.194203,0.120926,1.63512,1.63512,0,0,0.20221
5389,2-Jul-09,24:00:00,119.292965,0.121713,0.216475,0.216475,0,0,0.132721,0.121708,0.225241,0.225241,0,0,0.17695,0.121687,1.539898,1.539898,0,0,0.18496
5390,3-Jul-09,24:00:00,121.211142,0.118516,0.203868,0.203868,0,0,0.115377,0.118514,0.212124,0.212124,0,0,0.159607,0.118503,1.450221,1.450221,0,0,0.16762
5391,4-Jul-09,24:00:00,119.951511,0.112135,0.191996,0.191996,0,0,0.098964,0.112132,0.19977,0.19977,0,0,0.143194,0.112119,1.365767,1.365767,0,0,0.151208
5392,5-Jul-09,24:00:00,117.459278,0.097441,0.180815,0.180815,0,0,0.084178,0.097451,0.188137,0.188137,0,0,0.128407,0.09744,1.286231,1.286231,0,0,0.136423
5393,6-Jul-09,24:00:00,118.466716,0.10602,0.170285,0.170285,0,0,0.069527,0.106017,0.17718,0.17718,0,0,0.113756,0.106006,1.211327,1.211327,0,0,0.121773
5394,7-Jul-09,24:00:00,121.656925,0.121887,0.160368,0.160368,0,0,0.053614,0.121883,0.166862,0.166862,0,0,0.097843,0.121867,1.140784,1.140784,0,0,0.105863
5395,8-Jul-09,24:00:00,123.257633,0.118385,0.151029,0.151029,0,0,0.035934,0.11838,0.157145,0.157145,0,0,0.080164,0.118364,1.07435,1.07435,0,0,0.088186
5396,9-Jul-09,24:00:00,122.882645,0.105528,0.142234,0.142234,0,0,0.019984,0.105524,0.147994,0.147994,0,0,0.064215,0.10551,1.011785,1.011785,0,0,0.072239
5397,10-Jul-09,24:00:00,121.415193,0.117245,0.133951,0.133951,0,0,0.005643,0.117241,0.139375,0.139375,0,0,0.048405,0.117228,0.952863,0.952863,0,0,0.056431
5398,11-Jul-09,24:00:00,119.396604,0.114285,0.12615,0.12615,0,0,0,0.114282,0.131258,0.131258,0,0,0.031811,0.114269,0.897373,0.897373,0,0,0.039839
5399,12-Jul-09,24:00:00,118.67904,0.11689,0.118804,0.118804,0,0,0,0.116886,0.123615,0.123615,0,0,0.015338,0.116874,0.845114,0.845114,0,0,0.023368
5400,13-Jul-09,24:00:00,120.35773,0.118477,0.111885,0.111885,0,0,0,0.118473,0.116416,0.116416,0,0,0.002601,0.118459,0.795898,0.795898,0,0,0.007231
5401,14-Jul-09,24:00:00,118.688424,0.123279,0.10537,0.10537,0,0,0,0.123273,0.109636,0.109636,0,0,0,0.123255,0.749549,0.749549,0,0,0
5402,15-Jul-09,24:00:00,112.592212,0.12951,0.099233,0.099233,0,0,0,0.129505,0.103252,0.103252,0,0,0,0.129488,0.705898,0.705898,0,0,0
5403,16-Jul-09,24:00:00,109.211026,0.121954,0.093454,0.093454,0,0,0,0.121949,0.097239,0.097239,0,0,0,0.121933,0.66479,0.66479,0,0,0
5404,17-Jul-09,24:00:00,107.049011,0.122687,0.088012,0.088012,0,0,0,0.122683,0.091576,0.091576,0,0,0,0.122668,0.626076,0.626076,0,0,0
5405,18-Jul-09,24:00:00,104.09031,0.141842,0.082887,0.082887,0,0,0,0.141835,0.086243,0.086243,0,0,0,0.141817,0.589616,0.589616,0,0,0
5406,19-Jul-09,24:00:00,103.300346,0.125948,0.07806,0.07806,0,0,0,0.125944,0.081221,0.081221,0,0,0,0.125932,0.555279,0.555279,0,0,0
5407,20-Jul-09,24:00:00,105.895373,0.133438,0.073514,0.073514,0,0,0,0.133432,0.076491,0.076491,0,0,0,0.133412,0.522942,0.522942,0,0,0
5408,21-Jul-09,24:00:00,118.282332,0.126777,0.069233,0.069233,0,0,0,0.126772,0.072036,0.072036,0,0,0,0.126754,0.492488,0.492488,0,0,0
5409,22-Jul-09,24:00:00,134.406694,0.118618,0.065201,0.065201,0,0,0,0.118613,0.067841,0.067841,0,0,0,0.118596,0.463808,0.463808,0,0,0
5410,23-Jul-09,24:00:00,140.947361,0.122192,0.061404,0.061404,0,0,0,0.122185,0.06389,0.06389,0,0,0,0.122167,0.436798,0.436798,0,0,0
5411,24-Jul-09,24:00:00,141.961453,0.116638,0.057828,0.057828,0,0,0,0.116631,0.06017,0.06017,0,0,0,0.116612,0.411361,0.411361,0,0,0
5412,25-Jul-09,24:00:00,140.661814,0.115889,0.05446,0.05446,0,0,0,0.115882,0.056666,0.056666,0,0,0,0.115864,0.387405,0.387405,0,0,0
5413,26-Jul-09,24:00:00,135.540783,0.127511,0.051289,0.051289,0,0,0,0.127505,0.053366,0.053366,0,0,0,0.127488,0.364844,0.364844,0,0,0
5414,27-Jul-09,24:00:00,130.480229,0.129277,0.048302,0.048302,0,0,0,0.129276,0.050258,0.050258,0,0,0,0.12927,0.343597,0.343597,0,0,0
5415,28-Jul-09,24:00:00,127.705074,0.120634,0.045489,0.045489,0,0,0,0.120634,0.047331,0.047331,0,0,0,0.120642,0.323588,0.323588,0,0,0
5416,29-Jul-09,24:00:00,128.315141,0.112859,0.04284,0.04284,0,0,0,0.112859,0.044575,0.044575,0,0,0,0.11286,0.304744,0.304744,0,0,0
5417,30-Jul-09,24:00:00,132.876745,0.11265,0.040345,0.040345,0,0,0,0.11265,0.041979,0.041979,0,0,0,0.112651,0.286997,0.286997,0,0,0
5418,31-Jul-09,24:00:00,134.238227,0.110982,0.037996,0.037996,0,0,0,0.110983,0.039534,0.039534,0,0,0,0.110983,0.270283,0.270283,0,0,0
5419,1-Aug-09,24:00:00,132.077812,0.114487,0.035783,0.035783,0,0,0,0.114488,0.037232,0.037232,0,0,0,0.114489,0.254543,0.254543,0,0,0
5420,2-Aug-09,24:00:00,130.031103,0.101072,0.033699,0.033699,0,0,0,0.101074,0.035064,0.035064,0,0,0,0.101071,0.23972,0.23972,0,0,0
5421,3-Aug-09,24:00:00,128.00829,0.090749,0.031737,0.031737,0,0,0,0.090762,0.033022,0.033022,0,0,0,0.090762,0.22576,0.22576,0,0,0
5422,4-Aug-09,24:00:00,128.241282,0.094018,0.029888,0.029888,0,0,0,0.094019,0.031099,0.031099,0,0,0,0.094019,0.212612,0.212612,0,0,0
5423,5-Aug-09,24:00:00,129.614557,0.100477,0.028148,0.028148,0,0,0,0.100477,0.029288,0.029288,0,0,0,0.100477,0.200231,0.200231,0,0,0
5424,6-Aug-09,24:00:00,128.394349,0.046488,0.026509,0.026509,0,0,0,0.046481,0.027582,0.027582,0,0,0,0.046463,0.18857,0.18857,0,0,0
5425,7-Aug-09,24:00:00,125.989962,0.095815,0.024965,0.024965,0,0,0,0.095813,0.025976,0.025976,0,0,0,0.095806,0.177589,0.177589,0,0,0
5426,8-Aug-09,24:00:00,124.83487,0.104706,0.023511,0.023511,0,0,0,0.104705,0.024463,0.024463,0,0,0,0.104703,0.167247,0.167247,0,0,0
5427,9-Aug-09,24:00:00,124.263846,0.113052,0.022142,0.022142,0,0,0,0.113052,0.023039,0.023039,0,0,0,0.113053,0.157507,0.157507,0,0,0
5428,10-Aug-09,24:00:00,123.749945,0.115405,0.020852,0.020852,0,0,0,0.115405,0.021697,0.021697,0,0,0,0.115405,0.148335,0.148335,0,0,0
5429,11-Aug-09,24:00:00,119.640342,0.120371,0.019638,0.019638,0,0,0,0.120371,0.020433,0.020433,0,0,0,0.120371,0.139696,0.139696,0,0,0
5430,12-Aug-09,24:00:00,114.242775,0.123549,0.018494,0.018494,0,0,0,0.123549,0.019243,0.019243,0,0,0,0.123549,0.131561,0.131561,0,0,0
5431,13-Aug-09,24:00:00,112.791585,0.120917,0.017417,0.017417,0,0,0,0.120917,0.018123,0.018123,0,0,0,0.120917,0.123899,0.123899,0,0,0
5432,14-Aug-09,24:00:00,113.112215,0.106258,0.016403,0.016403,0,0,0,0.106258,0.017067,0.017067,0,0,0,0.106258,0.116684,0.116684,0,0,0
5433,15-Aug-09,24:00:00,113.143292,0.099942,0.015448,0.015448,0,0,0,0.099942,0.016073,0.016073,0,0,0,0.099942,0.109889,0.109889,0,0,0
5434,16-Aug-09,24:00:00,112.687469,0.109422,0.014548,0.014548,0,0,0,0.109422,0.015137,0.015137,0,0,0,0.109422,0.103489,0.103489,0,0,0
5435,17-Aug-09,24:00:00,112.630571,0.108339,0.013701,0.013701,0,0,0,0.108333,0.014256,0.014256,0,0,0,0.108333,0.097463,0.097463,0,0,0
5436,18-Aug-09,24:00:00,112.173454,0.105096,0.012903,0.012903,0,0,0,0.105085,0.013426,0.013426,0,0,0,0.105078,0.091787,0.091787,0,0,0
5437,19-Aug-09,24:00:00,110.765924,0.108119,0.012152,0.012152,0,0,0,0.108107,0.012644,0.012644,0,0,0,0.108085,0.086442,0.086442,0,0,0
5438,20-Aug-09,24:00:00,109.265955,0.097759,0.011444,0.011444,0,0,0,0.097748,0.011907,0.011907,0,0,0,0.097725,0.081408,0.081408,0,0,0
5439,21-Aug-09,24:00:00,108.208244,0.111456,0.010778,0.010778,0,0,0,0.111441,0.011214,0.011214,0,0,0,0.111411,0.076667,0.076667,0,0,0
5440,22-Aug-09,24:00:00,108.101398,0.108818,0.01015,0.01015,0,0,0,0.108802,0.010561,0.010561,0,0,0,0.10877,0.072202,0.072202,0,0,0
5441,23-Aug-09,24:00:00,108.090385,0.086523,0.009559,0.009559,0,0,0,0.086513,0.009946,0.009946,0,0,0,0.086493,0.067997,0.067997,0,0,0
5442,24-Aug-09,24:00:00,107.635296,0.095722,0.009002,0.009002,0,0,0,0.095708,0.009367,0.009367,0,0,0,0.095681,0.064038,0.064038,0,0,0
5443,25-Aug-09,24:00:00,108.030923,0.097953,0.008478,0.008478,0,0,0,0.097939,0.008821,0.008821,0,0,0,0.097909,0.060308,0.060308,0,0,0
5444,26-Aug-09,24:00:00,114.819182,0.104856,0.007984,0.007984,0,0,0,0.104843,0.008308,0.008308,0,0,0,0.104815,0.056796,0.056796,0,0,0
5445,27-Aug-09,24:00:00,123.19045,0.096403,0.007519,0.007519,0,0,0,0.096382,0.007824,0.007824,0,0,0,0.096342,0.053489,0.053489,0,0,0
5446,28-Aug-09,24:00:00,130.768709,0.108788,0.007081,0.007081,0,0,0,0.10877,0.007368,0.007368,0,0,0,0.108734,0.050374,0.050374,0,0,0
5447,29-Aug-09,24:00:00,141.425854,0.114807,0.006669,0.006669,0,0,0,0.114791,0.006939,0.006939,0,0,0,0.11476,0.04744,0.04744,0,0,0
5448,30-Aug-09,24:00:00,147.458271,0.09714,0.006281,0.006281,0,0,0,0.097126,0.006535,0.006535,0,0,0,0.097099,0.044677,0.044677,0,0,0
5449,31-Aug-09,24:00:00,148.023774,0.086719,0.005915,0.005915,0,0,0,0.086708,0.006154,0.006154,0,0,0,0.086685,0.042076,0.042076,0,0,0
5450,1-Sep-09,24:00:00,148.500672,0.089968,0.00557,0.00557,0,0,0,0.089954,0.005796,0.005796,0,0,0,0.089926,0.039625,0.039625,0,0,0
5451,2-Sep-09,24:00:00,148.548011,0.094919,0.005246,0.005246,0,0,0,0.094902,0.005458,0.005458,0,0,0,0.09487,0.037318,0.037318,0,0,0
5452,3-Sep-09,24:00:00,148.095599,0.101457,0.004941,0.004941,0,0,0,0.101439,0.005141,0.005141,0,0,0,0.101406,0.035145,0.035145,0,0,0
5453,4-Sep-09,24:00:00,149.395306,0.095753,0.004653,0.004653,0,0,0,0.095737,0.004841,0.004841,0,0,0,0.095707,0.033098,0.033098,0,0,0
5454,5-Sep-09,24:00:00,150.886039,0.059035,0.004382,0.004382,0,0,0,0.059021,0.004559,0.004559,0,0,0,0.058994,0.03117,0.03117,0,0,0
5455,6-Sep-09,24:00:00,151.480166,0.086788,0.004127,0.004127,0,0,0,0.086775,0.004294,0.004294,0,0,0,0.086751,0.029355,0.029355,0,0,0
5456,7-Sep-09,24:00:00,152.883654,0.093526,0.003886,0.003886,0,0,0,0.09351,0.004044,0.004044,0,0,0,0.093481,0.027646,0.027646,0,0,0
5457,8-Sep-09,24:00:00,153.028928,0.088538,0.00366,0.00366,0,0,0,0.088516,0.003808,0.003808,0,0,0,0.088475,0.026036,0.026036,0,0,0
5458,9-Sep-09,24:00:00,152.580003,0.085237,0.003447,0.003447,0,0,0,0.085232,0.003586,0.003586,0,0,0,0.085224,0.02452,0.02452,0,0,0
5459,10-Sep-09,24:00:00,153.8833,0.08701,0.003246,0.003246,0,0,0,0.08701,0.003378,0.003378,0,0,0,0.08701,0.023092,0.023092,0,0,0
5460,11-Sep-09,24:00:00,154.922687,0.095241,0.003057,0.003057,0,0,0,0.095237,0.003181,0.003181,0,0,0,0.09523,0.021747,0.021747,0,0,0
5461,12-Sep-09,24:00:00,156.37025,0.09054,0.002879,0.002879,0,0,0,0.09054,0.002996,0.002996,0,0,0,0.09054,0.02048,0.02048,0,0,0
5462,13-Sep-09,24:00:00,157.869912,0.050664,0.002711,0.002711,0,0,0,0.050654,0.002821,0.002821,0,0,0,0.050639,0.019288,0.019288,0,0,0
5463,14-Sep-09,24:00:00,153.070193,0.060027,0.002554,0.002554,0,0,0,0.060023,0.002657,0.002657,0,0,0,0.060011,0.018165,0.018165,0,0,0
5464,15-Sep-09,24:00:00,139.499398,0.083171,0.002405,0.002405,0,0,0,0.083171,0.002502,0.002502,0,0,0,0.083171,0.017107,0.017107,0,0,0
5465,16-Sep-09,24:00:00,125.038775,0.087106,0.002265,0.002265,0,0,0,0.087106,0.002356,0.002356,0,0,0,0.087106,0.01611,0.01611,0,0,0
5466,17-Sep-09,24:00:00,131.679552,0.083457,0.002133,0.002133,0,0,0,0.083457,0.002219,0.002219,0,0,0,0.083457,0.015172,0.015172,0,0,0
5467,18-Sep-09,24:00:00,146.898461,0.083467,0.002009,0.002009,0,0,0,0.083468,0.00209,0.00209,0,0,0,0.083468,0.014289,0.014289,0,0,0
5468,19-Sep-09,24:00:00,142.589783,0.088608,0.001892,0.001892,0,0,0,0.088608,0.001968,0.001968,0,0,0,0.088608,0.013457,0.013457,0,0,0
5469,20-Sep-09,24:00:00,134.83365,0.081381,0.001782,0.001782,0,0,0,0.081381,0.001854,0.001854,0,0,0,0.081381,0.012673,0.012673,0,0,0
5470,21-Sep-09,24:00:00,134.059782,0.077099,0.001678,0.001678,0,0,0,0.077099,0.001746,0.001746,0,0,0,0.077098,0.011935,0.011935,0,0,0
5471,22-Sep-09,24:00:00,135.365671,0.076357,0.00158,0.00158,0,0,0,0.076357,0.001644,0.001644,0,0,0,0.076357,0.01124,0.01124,0,0,0
5472,23-Sep-09,24:00:00,136.409123,0.083265,0.001488,0.001488,0,0,0,0.083265,0.001548,0.001548,0,0,0,0.083265,0.010585,0.010585,0,0,0
5473,24-Sep-09,24:00:00,140.552611,0.07841,0.001401,0.001401,0,0,0,0.07841,0.001458,0.001458,0,0,0,0.078409,0.009969,0.009969,0,0,0
5474,25-Sep-09,24:00:00,150.891982,0.077654,0.00132,0.00132,0,0,0,0.077654,0.001373,0.001373,0,0,0,0.077654,0.009388,0.009388,0,0,0
5475,26-Sep-09,24:00:00,156.912842,0.079103,0.001243,0.001243,0,0,0,0.079098,0.001293,0.001293,0,0,0,0.079088,0.008842,0.008842,0,0,0
5476,27-Sep-09,24:00:00,156.57862,0.087318,0.001171,0.001171,0,0,0,0.087318,0.001218,0.001218,0,0,0,0.087318,0.008327,0.008327,0,0,0
5477,28-Sep-09,24:00:00,156.063411,0.077746,0.001102,0.001102,0,0,0,0.077746,0.001147,0.001147,0,0,0,0.077746,0.007842,0.007842,0,0,0
5478,29-Sep-09,24:00:00,154.214255,0.072447,0.001038,0.001038,0,0,0,0.072442,0.00108,0.00108,0,0,0,0.072439,0.007385,0.007385,0,0,0
5479,30-Sep-09,24:00:00,153.11573,0.061333,0.000978,0.000978,0,0,0,0.061321,0.001017,0.001017,0,0,0,0.06132,0.006955,0.006955,0,0,0
