Col number,,,1,2,3,4,5,6,7,8,9,10,11,12,13
   Ordinate,Date,Time,Warm Springs Dam Inflow FLOW,Dry Creek 20 ET-POTENTIAL,Dry Creek 20 FLOW,Dry Creek 20 FLOW-BASE,Dry Creek 20 INFILTRATION,Dry Creek 20 PERC-SOIL,Dry Creek 20 SATURATION FRACTION,Dry Creek 30 ET-POTENTIAL,Dry Creek 30 FLOW,Dry Creek 30 FLOW-BASE,Dry Creek 30 INFILTRATION,Dry Creek 30 PERC-SOIL,Dry Creek 30 SATURATION FRACTION
Units, ,,CFS,IN,CFS,CFS,IN,IN,IN/IN,IN,CFS,CFS,IN,IN,IN/IN
Type, ,,PER-AVER,PER-CUM,PER-AVER,PER-AVER,PER-CUM,PER-CUM,PER-AVER,PER-CUM,PER-AVER,PER-AVER,PER-CUM,PER-CUM,PER-AVER
1,1-Oct-94,24:00:00,64.825999,0.027738,21.107,21.107,0,0,0,0.023653,43.719,43.719,0,0,0
2,2-Oct-94,24:00:00,64.825995,0.039174,21.106998,21.106998,0,0,0,0.039571,43.718997,43.718997,0,0,0
3,3-Oct-94,24:00:00,64.825981,0.033512,21.106994,21.106994,0,0,0,0.034814,43.718987,43.718987,0,0,0
4,4-Oct-94,24:00:00,88.589639,0.009339,31.844299,21.106983,0.324439,0,0.021377,0.009327,56.900251,43.718965,0.255133,0,0.017644
5,5-Oct-94,24:00:00,70.08631,0.027677,21.417664,21.106965,0,0,0.046348,0.019093,48.515522,43.718927,0,0,0.036448
6,6-Oct-94,24:00:00,64.845155,0.030382,21.106936,21.106936,0,0,0.046348,0.030817,43.736377,43.718867,0,0,0.036448
7,7-Oct-94,24:00:00,64.825678,0.035616,21.106895,21.106895,0,0,0.046348,0.032801,43.718782,43.718782,0,0,0.036448
8,8-Oct-94,24:00:00,64.825508,0.030862,21.106839,21.106839,0,0,0.044662,0.030413,43.718667,43.718667,0,0,0.035668
9,9-Oct-94,24:00:00,64.825287,0.022089,21.106767,21.106767,0,0,0.041257,0.029047,43.718518,43.718518,0,0,0.032585
10,10-Oct-94,24:00:00,64.825008,0.022765,21.106677,21.106677,0,0,0.03814,0.029613,43.71833,43.71833,0,0,0.028245
11,11-Oct-94,24:00:00,64.824667,0.025402,21.106565,21.106565,0,0,0.03469,0.026204,43.7181,43.7181,0,0,0.024339
12,12-Oct-94,24:00:00,64.824255,0.040102,21.106431,21.106431,0,0,0.030018,0.031308,43.717822,43.717822,0,0,0.020219
13,13-Oct-94,24:00:00,64.823768,0.036399,21.106272,21.106272,0,0,0.024628,0.032025,43.717493,43.717493,0,0,0.01579
14,14-Oct-94,24:00:00,64.823198,0.037897,21.106087,21.106087,0,0,0.019483,0.029121,43.717109,43.717109,0,0,0.011597
15,15-Oct-94,24:00:00,64.822541,0.041126,21.105873,21.105873,0,0,0.013474,0.032211,43.716665,43.716665,0,0,0.006797
16,16-Oct-94,24:00:00,64.821791,0.036211,21.105628,21.105628,0,0,0.008029,0.027882,43.716159,43.716159,0,0,0.002659
17,17-Oct-94,24:00:00,64.820941,0.023665,21.105351,21.105351,0,0,0.003771,0.019121,43.715585,43.715585,0,0,0.000256
18,18-Oct-94,24:00:00,64.819986,0.029589,21.10504,21.10504,0,0,0.000837,0.028469,43.714941,43.714941,0,0,0
19,19-Oct-94,24:00:00,64.818921,0.021842,21.104693,21.104693,0,0,0,0.02729,43.714222,43.714222,0,0,0
20,20-Oct-94,24:00:00,64.81774,0.023632,21.104309,21.104309,0,0,0,0.024278,43.713425,43.713425,0,0,0
21,21-Oct-94,24:00:00,64.816438,0.029647,21.103884,21.103884,0,0,0,0.025223,43.712547,43.712547,0,0,0
22,22-Oct-94,24:00:00,64.815009,0.02867,21.103419,21.103419,0,0,0,0.023645,43.711582,43.711582,0,0,0
23,23-Oct-94,24:00:00,64.813448,0.029747,21.10291,21.10291,0,0,0,0.0281,43.710529,43.710529,0,0,0
24,24-Oct-94,24:00:00,64.81175,0.025459,21.102357,21.102357,0,0,0,0.022815,43.709384,43.709384,0,0,0
25,25-Oct-94,24:00:00,64.80991,0.014134,21.101758,21.101758,0,0,0,0.014653,43.708143,43.708143,0,0,0
26,26-Oct-94,24:00:00,64.807924,0.014909,21.101111,21.101111,0,0,0,0.01526,43.706802,43.706802,0,0,0
27,27-Oct-94,24:00:00,64.805785,0.020778,21.100415,21.100415,0,0,0,0.015696,43.70536,43.70536,0,0,0
28,28-Oct-94,24:00:00,64.80349,0.023054,21.099667,21.099667,0,0,0,0.020871,43.703811,43.703811,0,0,0
29,29-Oct-94,24:00:00,64.801033,0.021505,21.098867,21.098867,0,0,0,0.021846,43.702154,43.702154,0,0,0
30,30-Oct-94,24:00:00,64.798411,0.02173,21.098013,21.098013,0,0,0,0.021382,43.700385,43.700385,0,0,0
31,31-Oct-94,24:00:00,64.795618,0.019479,21.097103,21.097103,0,0,0,0.016731,43.698501,43.698501,0,0,0
32,1-Nov-94,24:00:00,64.79265,0.013413,21.096136,21.096136,0,0,0,0.01206,43.696498,43.696498,0,0,0
33,2-Nov-94,24:00:00,64.789502,0.027861,21.095111,21.095111,0,0,0,0.021527,43.694375,43.694375,0,0,0
34,3-Nov-94,24:00:00,64.786171,0.02137,21.094026,21.094026,0,0,0,0.01814,43.692128,43.692128,0,0,0
35,4-Nov-94,24:00:00,68.553915,0.010791,23.88816,21.09288,0.450134,0,0.003776,0.008843,44.79171,43.689754,0.42025,0,0.00414
36,5-Nov-94,24:00:00,250.066318,0.004165,101.625258,21.091672,2.165247,0,0.269015,0.005839,148.792332,43.68725,1.436715,0,0.195048
37,6-Nov-94,24:00:00,110.829959,0.005617,30.295652,21.090399,0.102004,0,0.38738,0.006179,80.087668,43.684614,0.175541,0,0.288468
38,7-Nov-94,24:00:00,65.550339,0.016672,21.089061,21.089061,0,0,0.388198,0.015302,44.431148,43.681843,0,0,0.290358
39,8-Nov-94,24:00:00,64.766612,0.013597,21.087656,21.087656,0,0,0.388198,0.015356,43.678934,43.678934,0,0,0.290358
40,9-Nov-94,24:00:00,275.665389,0.00482,102.098371,21.086184,2.388596,0,0.616947,0.005114,174.103127,43.675884,2.076335,0,0.498278
41,10-Nov-94,24:00:00,81.633466,0.012063,21.410417,21.084643,0,0,0.729426,0.01206,59.69178,43.672692,0,0,0.586977
42,11-Nov-94,24:00:00,64.758042,0.015835,21.083031,21.083031,0,0,0.729426,0.007792,43.673785,43.669354,0,0,0.586977
43,12-Nov-94,24:00:00,64.747242,0.017328,21.081348,21.081348,0,0,0.729426,0.017313,43.665868,43.665868,0,0,0.586977
44,13-Nov-94,24:00:00,64.741851,0.017106,21.079593,21.079593,0,0,0.729426,0.014685,43.662231,43.662231,0,0,0.586977
45,14-Nov-94,24:00:00,64.736233,0.018068,21.077763,21.077763,0,0,0.729426,0.017206,43.658442,43.658442,0,0,0.586977
46,15-Nov-94,24:00:00,132.468037,0.010276,49.543068,21.075859,0.83601,0,0.808654,0.009473,83.106149,43.654497,0.636855,0,0.64672
47,16-Nov-94,24:00:00,70.374318,0.016723,21.07499,21.073878,0,0,0.848856,0.013157,49.118218,43.650395,0,0,0.677956
48,17-Nov-94,24:00:00,64.717986,0.020292,21.071821,21.071821,0,0,0.848856,0.016342,43.646133,43.646133,0,0,0.677956
49,18-Nov-94,24:00:00,64.711427,0.022316,21.069685,21.069685,0,0,0.848856,0.016123,43.641709,43.641709,0,0,0.677956
50,19-Nov-94,24:00:00,64.704625,0.015777,21.06747,21.06747,0,0,0.848856,0.011037,43.637121,43.637121,0,0,0.677956
51,20-Nov-94,24:00:00,64.697577,0.006537,21.065175,21.065175,0,0,0.848856,0.002297,43.632367,43.632367,0,0,0.677956
52,21-Nov-94,24:00:00,64.690279,0.013037,21.062798,21.062798,0,0,0.848769,0.009557,43.627444,43.627444,0,0,0.677956
53,22-Nov-94,24:00:00,64.682728,0.014184,21.060339,21.060339,0,0,0.847617,0.012117,43.622351,43.622351,0,0,0.677956
54,23-Nov-94,24:00:00,64.674922,0.01087,21.057797,21.057797,0,0,0.845817,0.008924,43.617086,43.617086,0,0,0.677956
55,24-Nov-94,24:00:00,76.999882,0.009431,29.610178,21.055171,0.828058,0,0.854882,0.006989,47.764796,43.611646,0.776465,0,0.688755
56,25-Nov-94,24:00:00,272.881477,0.010115,145.109785,107.004468,0.709302,0.443916,0.995065,0.006531,127.760458,43.606029,0.731123,0,0.846412
57,26-Nov-94,24:00:00,225.741004,0.01455,163.969986,158.279169,0,0,1,0.011605,61.417449,43.600235,0,0,0.893048
58,27-Nov-94,24:00:00,181.855235,0.002997,130.564539,124.079246,0.19058,0.19058,1,0.001489,51.332865,43.59426,0.129325,0,0.903503
59,28-Nov-94,24:00:00,97.673942,0.009522,52.440129,52.435665,0,0,1,0.008356,45.18155,43.588104,0,0,0.911523
60,29-Nov-94,24:00:00,87.384168,0.010606,43.802357,43.802357,0,0,1,0.008322,43.581764,43.581764,0,0,0.911523
61,30-Nov-94,24:00:00,84.799461,0.011935,41.224174,41.224174,0,0,1,0.011253,43.575239,43.575239,0,0,0.911523
62,1-Dec-94,24:00:00,82.506903,0.006283,38.938327,38.938327,0,0,1,0.004165,43.568527,43.568527,0,0,0.911523
63,2-Dec-94,24:00:00,80.472204,0.005966,36.910527,36.910527,0,0,1,0.005555,43.561626,43.561626,0,0,0.911523
64,3-Dec-94,24:00:00,3061.26,0.004977,1673.02,615.555696,1.425214,1.425214,1,0.00324,1399.90,372.790412,1.522467,0.903129,0.981775
65,4-Dec-94,24:00:00,1010.25,0.01127,189.102137,187.823921,0,0,1,0.00988,810.531758,624.207051,0,0,1
66,5-Dec-94,24:00:00,262.02335,0.005071,91.00034,91.00034,0,0,1,0.004718,169.874093,169.866592,0,0,1
67,6-Dec-94,24:00:00,197.799561,0.008466,83.05412,83.05412,0,0,1,0.005482,114.628696,114.628696,0,0,1
68,7-Dec-94,24:00:00,180.791012,0.014647,76.035529,76.035529,0,0,1,0.01019,104.699854,104.699854,0,0,1
69,8-Dec-94,24:00:00,167.567737,0.010007,69.810154,69.810154,0,0,1,0.007904,97.709998,97.709998,0,0,1
70,9-Dec-94,24:00:00,155.902363,0.010507,64.288287,64.288287,0,0,1,0.008201,91.571925,91.571925,0,0,1
71,10-Dec-94,24:00:00,145.556472,0.00481,59.39037,59.39037,0,0,1,0.003262,86.128714,86.128714,0,0,1
72,11-Dec-94,24:00:00,300.790638,0.007241,157.240179,145.6705,0.381098,0.381098,1,0.002906,146.14031,133.899283,0.355481,0.355481,1
73,12-Dec-94,24:00:00,696.619502,0.006689,221.505233,215.080072,0.147827,0.147827,1,0.003122,475.420658,449.738652,0.228743,0.228743,1
74,13-Dec-94,24:00:00,363.919625,0.006445,77.295733,77.279308,0,0,1,0.002635,284.317408,281.033189,0,0,1
75,14-Dec-94,24:00:00,882.638411,0.003427,420.953028,392.993124,0.832425,0.832425,1,0.00391,467.493947,426.112171,0.741256,0.741256,1
76,15-Dec-94,24:00:00,741.32614,0.007498,159.696839,159.3105,0,0,1,0.004441,576.757447,565.87696,0,0,1
77,16-Dec-94,24:00:00,293.203402,0.008812,90.522702,90.522702,0,0,1,0.003643,201.747531,201.726569,0,0,1
78,17-Dec-94,24:00:00,235.667988,0.004156,82.636388,82.636388,0,0,1,0.004237,152.894352,152.894352,0,0,1
79,18-Dec-94,24:00:00,214.846683,0.004823,75.659877,75.659877,0,0,1,0.006455,139.101208,139.101208,0,0,1
80,19-Dec-94,24:00:00,197.771876,0.006896,69.471786,69.471786,0,0,1,0.006626,128.225543,128.225543,0,0,1
81,20-Dec-94,24:00:00,182.673967,0.008928,63.982953,63.982953,0,0,1,0.006149,118.624981,118.624981,0,0,1
82,21-Dec-94,24:00:00,169.283064,0.006171,59.114301,59.114301,0,0,1,0.00786,110.110224,110.110224,0,0,1
83,22-Dec-94,24:00:00,157.404748,0.003483,54.795695,54.795695,0,0,1,0.010181,102.557149,102.557149,0,0,1
84,23-Dec-94,24:00:00,146.867916,0.005399,50.964929,50.964929,0,0,1,0.010573,95.856956,95.856956,0,0,1
85,24-Dec-94,24:00:00,742.909146,0.012626,268.468122,253.667473,0.43464,0.43464,1,0.009335,477.815064,442.812829,0.524682,0.524682,1
86,25-Dec-94,24:00:00,365.382083,0.020407,67.020456,67.020456,0,0,1,0.014782,295.526858,293.52154,0,0,1
87,26-Dec-94,24:00:00,193.866162,0.008986,59.324298,59.324298,0,0,1,0.009252,134.216408,134.216408,0,0,1
88,27-Dec-94,24:00:00,286.92791,0.004398,133.57146,125.239366,0.295727,0.295727,1,0.004334,155.442779,147.293247,0.39178,0.39178,1
89,28-Dec-94,24:00:00,581.729228,0.013011,131.325125,129.586925,0,0,1,0.012292,449.498735,430.254189,0,0,1
90,29-Dec-94,24:00:00,242.728652,0.010321,60.38446,60.38446,0,0,1,0.007341,181.295104,181.05564,0,0,1
91,30-Dec-94,24:00:00,182.266856,0.007449,55.877823,55.877823,0,0,1,0.007391,126.257893,126.257893,0,0,1
92,31-Dec-94,24:00:00,167.13008,0.004374,52.265966,52.179186,0.049082,0.049082,1,0.004448,114.799074,114.799074,0,0,1
93,1-Jan-95,24:00:00,552.912356,0.004897,258.501631,244.53522,0.363608,0.363608,1,0.004622,295.913291,279.203307,0.250441,0.250441,1
94,2-Jan-95,24:00:00,315.92725,0.006523,109.577165,102.661509,0.41215,0.41215,1,0.012874,205.710849,202.983595,0.272195,0.272195,1
95,3-Jan-95,24:00:00,1204.67,0.004607,489.491423,463.171419,0.580726,0.580726,1,0.004523,720.333019,665.524927,0.670546,0.670546,1
96,4-Jan-95,24:00:00,1656.21,0.006258,648.112349,610.476996,1.096589,1.096589,1,0.006374,1010.27,948.801188,0.885696,0.885696,1
97,5-Jan-95,24:00:00,1191.61,0.009287,306.246082,297.354556,0.276157,0.276157,1,0.005313,880.80177,854.911948,0.23092,0.23092,1
98,6-Jan-95,24:00:00,1001.58,0.006643,439.285238,414.520755,0.969398,0.969398,1,0.004426,564.728958,537.492776,0.856487,0.856487,1
99,7-Jan-95,24:00:00,2800.68,0.011129,1034.69,971.475234,1.881719,1.881719,1,0.006404,1773.35,1649.20,1.918088,1.918088,1
100,8-Jan-95,24:00:00,10493.22,0.007188,4041.79,1314.18,2.4,2.4,1,0.007229,6479.48,2382.89,2.4,2.4,1
101,9-Jan-95,24:00:00,8813.00,0.008055,2359.85,1343.46,1.780109,1.780109,1,0.007635,6431.67,2833.85,1.807271,1.807271,1
102,10-Jan-95,24:00:00,2968.58,0.011771,728.192534,706.126023,0.488626,0.488626,1,0.009623,2229.60,2012.04,0.491321,0.491321,1
103,11-Jan-95,24:00:00,2128.08,0.010501,671.892975,651.257898,0.610875,0.610875,1,0.006891,1455.44,1408.26,0.624063,0.624063,1
104,12-Jan-95,24:00:00,2085.95,0.008537,679.223474,657.027866,0.76635,0.76635,1,0.007322,1406.05,1362.76,0.789353,0.789353,1
105,13-Jan-95,24:00:00,5918.92,0.006365,2180.45,1235.22,2.376562,2.376562,1,0.006001,3761.81,1932.93,2.358185,2.358185,1
106,14-Jan-95,24:00:00,4874.65,0.006625,1235.52,1136.91,0.946952,0.946952,1,0.005986,3620.91,2667.00,0.970405,0.970405,1
107,15-Jan-95,24:00:00,1982.42,0.011319,490.000604,486.811119,0.022966,0.022966,1,0.0062,1484.88,1463.16,0,0,1
108,16-Jan-95,24:00:00,1207.19,0.010435,377.434603,377.434603,0,0,1,0.009641,827.857973,827.725996,0,0,1
109,17-Jan-95,24:00:00,1030.22,0.008188,337.025851,337.025851,0,0,1,0.007071,692.511056,692.511056,0,0,1
110,18-Jan-95,24:00:00,918.732387,0.005883,301.270509,301.270509,0,0,1,0.00636,616.921472,616.921472,0,0,1
111,19-Jan-95,24:00:00,821.987625,0.012407,269.558396,269.558396,0,0,1,0.012551,551.956148,551.956148,0,0,1
112,20-Jan-95,24:00:00,822.105702,0.008259,304.01574,298.369675,0.174033,0.174033,1,0.010596,518.336717,514.648208,0.075464,0.075464,1
113,21-Jan-95,24:00:00,790.783384,0.01016,277.647869,271.795955,0.294541,0.294541,1,0.007749,513.247996,508.724864,0.233632,0.233632,1
114,22-Jan-95,24:00:00,3053.44,0.005122,1489.26,1035.41,2.214919,2.214919,1,0.004835,1576.91,1308.93,2.095627,2.095627,1
115,23-Jan-95,24:00:00,3464.40,0.006552,1155.96,1066.28,1.554781,1.554781,1,0.004307,2305.64,2130.87,1.386741,1.386741,1
116,24-Jan-95,24:00:00,3170.32,0.007895,956.167564,908.832174,0.654073,0.654073,1,0.005033,2212.54,2114.18,0.812541,0.812541,1
117,25-Jan-95,24:00:00,1711.58,0.00726,428.750271,422.692997,0.178072,0.178072,1,0.006124,1278.00,1255.54,0.289621,0.289621,1
118,26-Jan-95,24:00:00,1740.13,0.003177,678.187497,611.08849,0.85515,0.85515,1,0.002464,1064.97,1019.24,0.83579,0.83579,1
119,27-Jan-95,24:00:00,2053.50,0.003922,646.861095,628.474317,0.495747,0.495747,1,0.003767,1404.88,1363.62,0.424842,0.424842,1
120,28-Jan-95,24:00:00,1495.97,0.003696,450.915709,442.154452,0.255502,0.255502,1,0.005105,1042.23,1022.73,0.22168,0.22168,1
121,29-Jan-95,24:00:00,952.060366,0.010975,287.308331,287.301942,0,0,1,0.009638,662.544897,661.565136,0,0,1
122,30-Jan-95,24:00:00,1870.41,0.004133,750.591551,716.904824,0.989255,0.989255,1,0.007295,1125.07,1067.22,0.878618,0.878618,1
123,31-Jan-95,24:00:00,1136.85,0.012078,284.660653,284.660653,0,0,1,0.011025,847.07028,842.950779,0,0,1
124,1-Feb-95,24:00:00,752.736889,0.012299,244.674605,244.674605,0,0,1,0.01216,507.118101,507.118101,0,0,1
125,2-Feb-95,24:00:00,655.955825,0.012024,219.364615,219.364615,0,0,1,0.011781,436.208008,436.208008,0,0,1
126,3-Feb-95,24:00:00,588.228975,0.011697,196.919469,196.919469,0,0,1,0.017789,390.992457,390.992457,0,0,1
127,4-Feb-95,24:00:00,528.9227,0.01002,177.013076,177.013076,0,0,1,0.014456,351.630711,351.630711,0,0,1
128,5-Feb-95,24:00:00,476.349701,0.006961,159.358384,159.358384,0,0,1,0.006151,316.745202,316.745202,0,0,1
129,6-Feb-95,24:00:00,429.72445,0.009203,143.700802,143.700802,0,0,1,0.00893,285.806336,285.806336,0,0,1
130,7-Feb-95,24:00:00,388.373717,0.012791,129.814526,129.814526,0,0,1,0.014744,258.36721,258.36721,0,0,0.999908
131,8-Feb-95,24:00:00,351.701082,0.012833,117.499286,117.499286,0,0,0.999899,0.013838,234.032111,234.032111,0,0,0.99873
132,9-Feb-95,24:00:00,319.177592,0.022526,106.577457,106.577457,0,0,0.998101,0.01927,212.45009,212.45009,0,0,0.996386
133,10-Feb-95,24:00:00,290.334113,0.012403,96.891499,96.891499,0,0,0.995634,0.01216,193.309882,193.309882,0,0,0.99416
134,11-Feb-95,24:00:00,264.754565,0.007111,88.301687,88.301687,0,0,0.994188,0.007261,176.335417,176.335417,0,0,0.992725
135,12-Feb-95,24:00:00,242.069918,0.014276,80.684094,80.684094,0,0,0.992727,0.012579,161.281843,161.281843,0,0,0.991361
136,13-Feb-95,24:00:00,222.279485,0.005956,73.928807,73.928807,0,0,0.991213,0.00618,148.26143,147.931994,0.005899,0,0.9908
137,14-Feb-95,24:00:00,204.202598,0.01887,67.938342,67.938342,0,0,0.989454,0.017664,136.179876,136.093259,0,0,0.991199
138,15-Feb-95,24:00:00,188.293294,0.019417,62.626235,62.626235,0,0,0.986732,0.017796,125.594809,125.594809,0,0,0.991199
139,16-Feb-95,24:00:00,174.264948,0.00988,57.915801,57.915801,0,0,0.984648,0.013618,116.285127,116.285127,0,0,0.991199
140,17-Feb-95,24:00:00,161.825593,0.017726,53.739025,53.739025,0,0,0.982645,0.008212,108.029831,108.029831,0,0,0.991199
141,18-Feb-95,24:00:00,150.795605,0.023762,50.035583,50.035583,0,0,0.97972,0.019809,100.709732,100.709732,0,0,0.991199
142,19-Feb-95,24:00:00,141.01567,0.024164,46.751972,46.751972,0,0,0.976294,0.022367,94.21912,94.21912,0,0,0.99101
143,20-Feb-95,24:00:00,132.34449,0.025251,43.840737,43.840737,0,0,0.972768,0.023933,88.464234,88.464234,0,0,0.988999
144,21-Feb-95,24:00:00,124.656742,0.026934,41.25979,41.25979,0,0,0.969057,0.025363,83.361917,83.361917,0,0,0.985514
145,22-Feb-95,24:00:00,117.841275,0.011304,38.971801,38.971801,0,0,0.966322,0.023476,78.838413,78.838413,0,0,0.982002
146,23-Feb-95,24:00:00,111.799504,0.009995,36.943661,36.943661,0,0,0.964772,0.015846,74.828306,74.828306,0,0,0.979252
147,24-Feb-95,24:00:00,106.443992,0.01651,35.146005,35.146005,0,0,0.962899,0.021906,71.273574,71.273574,0,0,0.976501
148,25-Feb-95,24:00:00,101.697186,0.009599,33.552786,33.552786,0,0,0.96099,0.022796,68.122758,68.122758,0,0,0.973366
149,26-Feb-95,24:00:00,97.490302,0.011271,32.140904,32.140904,0,0,0.959539,0.016401,65.330215,65.330215,0,0,0.970551
150,27-Feb-95,24:00:00,93.762333,0.012582,30.889868,30.889868,0,0,0.957847,0.01337,62.855461,62.855461,0,0,0.968433
151,28-Feb-95,24:00:00,90.459168,0.013065,29.781507,29.781507,0,0,0.955972,0.017122,60.662592,60.662592,0,0,0.966167
152,1-Mar-95,24:00:00,87.532814,0.010879,28.799702,28.799702,0,0,0.954259,0.013948,58.71976,58.71976,0,0,0.963904
153,2-Mar-95,24:00:00,598.366673,0.007653,283.136852,254.004493,0.858232,0.532127,0.986241,0.007453,319.738587,272.778987,0.790705,0.530942,0.989329
154,3-Mar-95,24:00:00,738.194131,0.018951,200.623706,192.152733,0.24604,0.24604,1,0.010985,535.314163,513.215084,0.200668,0.200668,1
155,4-Mar-95,24:00:00,269.807526,0.015922,61.058005,61.058005,0,0,1,0.013928,207.05183,206.185693,0,0,1
156,5-Mar-95,24:00:00,170.690815,0.017405,55.251973,55.251973,0,0,1,0.017972,115.251902,115.251902,0,0,1
157,6-Mar-95,24:00:00,154.043373,0.027182,51.396131,51.396131,0,0,1,0.021761,102.590242,102.590242,0,0,1
158,7-Mar-95,24:00:00,143.764978,0.017748,47.977862,47.977862,0,0,1,0.021193,95.741279,95.741279,0,0,1
159,8-Mar-95,24:00:00,4009.49,0.005905,2265.04,527.999034,1.734207,1.734207,1,0.0065,1780.28,571.986243,1.853968,1.853968,1
160,9-Mar-95,24:00:00,18835.85,0.010436,6609.89,1053.55,1.35,1.35,1,0.015049,12213.51,2151.84,1.385589,1.385589,1
161,10-Mar-95,24:00:00,5339.86,0.009506,1671.69,824.947071,1.800536,1.800536,1,0.008675,3664.67,1674.32,1.711742,1.711742,1
162,11-Mar-95,24:00:00,3271.97,0.012144,863.621671,815.3432,0.784056,0.784056,1,0.009211,2397.61,1935.39,0.849299,0.849299,1
163,12-Mar-95,24:00:00,1296.89,0.014621,267.909247,267.852642,0.032807,0.032807,1,0.015428,1021.63,1012.83,0.063859,0.063859,1
164,13-Mar-95,24:00:00,3752.03,0.009348,1501.69,1024.32,2.359401,2.359401,1,0.009442,2267.35,1405.29,2.370639,2.370639,1
165,14-Mar-95,24:00:00,5107.36,0.008977,1695.09,1370.67,1.743161,1.743161,1,0.006408,3408.92,2765.91,1.704107,1.704107,1
166,15-Mar-95,24:00:00,2216.93,0.029885,449.204106,448.924552,0,0,1,0.025041,1756.29,1698.49,0,0,1
167,16-Mar-95,24:00:00,1083.57,0.031122,324.518599,324.518599,0,0,1,0.026644,756.598687,756.582226,0,0,1
168,17-Mar-95,24:00:00,898.827802,0.019496,290.203051,290.203051,0,0,1,0.021002,608.002612,608.002612,0,0,1
169,18-Mar-95,24:00:00,1118.30,0.015368,391.189216,382.331447,0.26012,0.26012,1,0.015721,728.505506,711.200133,0.262651,0.262651,1
170,19-Mar-95,24:00:00,844.891272,0.018669,246.765504,246.754129,0.010139,0.010139,1,0.014858,596.215878,594.979558,0.039858,0.039858,1
171,20-Mar-95,24:00:00,3882.89,0.014491,1511.27,688.28726,1.017503,1.017503,1,0.014118,2380.49,1083.22,1.04696,1.04696,1
172,21-Mar-95,24:00:00,1683.92,0.015684,468.175396,452.928555,0.52947,0.52947,1,0.009895,1209.60,1081.11,0.434505,0.434505,1
173,22-Mar-95,24:00:00,2913.41,0.008792,1248.99,938.874707,1.446018,1.446018,1,0.008197,1670.12,1481.72,1.363136,1.363136,1
174,23-Mar-95,24:00:00,1937.85,0.013186,511.244634,497.960884,0.381285,0.381285,1,0.008278,1422.33,1379.26,0.419883,0.419883,1
175,24-Mar-95,24:00:00,1111.30,0.030277,288.147604,288.093541,0,0,1,0.026054,818.819033,814.119179,0,0,1
176,25-Mar-95,24:00:00,766.520746,0.033422,244.501421,244.501421,0,0,1,0.031225,521.119331,521.119331,0,0,1
177,26-Mar-95,24:00:00,670.258142,0.033093,219.276378,219.276378,0,0,0.999942,0.030608,450.587408,450.587408,0,0,1
178,27-Mar-95,24:00:00,601.157435,0.039036,196.909598,196.909598,0,0,0.997132,0.033407,403.919446,403.919446,0,0,0.998453
179,28-Mar-95,24:00:00,540.581506,0.043342,177.074238,177.074238,0,0,0.991247,0.039151,363.218382,363.218382,0,0,0.993804
180,29-Mar-95,24:00:00,486.885572,0.040551,159.484076,159.484076,0,0,0.985277,0.035281,327.146645,327.146645,0,0,0.988525
181,30-Mar-95,24:00:00,439.268923,0.028081,143.885252,143.885252,0,0,0.98039,0.02834,295.158701,295.158701,0,0,0.983941
182,31-Mar-95,24:00:00,397.043482,0.02384,130.052614,130.052614,0,0,0.976568,0.021982,266.792173,266.792173,0,0,0.980316
183,1-Apr-95,24:00:00,359.599632,0.037457,117.78647,117.78647,0,0,0.972198,0.034064,241.637589,241.637589,0,0,0.976167
184,2-Apr-95,24:00:00,326.396712,0.044802,106.909706,106.909706,0,0,0.966371,0.036864,219.331796,219.331796,0,0,0.971167
185,3-Apr-95,24:00:00,296.955206,0.038224,97.265237,97.265237,0,0,0.960374,0.038384,199.552704,199.552704,0,0,0.965781
186,4-Apr-95,24:00:00,270.849822,0.035895,88.71374,88.71374,0,0,0.955203,0.031046,182.014646,182.014646,0,0,0.961002
187,5-Apr-95,24:00:00,247.703365,0.02961,81.131644,81.131644,0,0,0.950454,0.025469,166.464254,166.464254,0,0,0.956872
188,6-Apr-95,24:00:00,333.189866,0.007562,83.716435,74.409354,0.278124,0,0.970475,0.008499,251.71716,219.561778,0.621445,0.3061,0.986897
189,7-Apr-95,24:00:00,820.604409,0.017881,130.948273,123.82281,0.204439,0.120256,0.997407,0.017157,691.386866,649.796832,0.463005,0.463005,1
190,8-Apr-95,24:00:00,553.285397,0.022631,100.750485,98.569266,0.064101,0.064101,1,0.012034,450.065995,440.61237,0.11292,0.11292,1
191,9-Apr-95,24:00:00,332.3814,0.037679,68.365427,68.363849,0,0,1,0.032012,262.824198,261.568813,0,0,1
192,10-Apr-95,24:00:00,243.30581,0.041226,61.312496,61.312496,0,0,1,0.038588,181.75584,181.75584,0,0,1
193,11-Apr-95,24:00:00,218.783428,0.036939,56.843371,56.843371,0,0,0.997912,0.031301,161.831382,161.831382,0,0,0.999451
194,12-Apr-95,24:00:00,216.166631,0.016379,55.326395,54.171964,0.113698,0.066733,0.995262,0.01501,161.777541,158.610353,0.3342,0.308521,0.998282
195,13-Apr-95,24:00:00,516.511286,0.03154,83.649266,80.931966,0,0,1,0.025144,433.078351,411.521239,0.021534,0.021534,1
196,14-Apr-95,24:00:00,257.743413,0.035081,49.23667,49.23667,0,0,1,0.032251,207.391676,207.02488,0,0,1
197,15-Apr-95,24:00:00,200.785252,0.015074,46.100956,46.100956,0,0,1,0.010611,154.744418,153.466404,0.025619,0.025619,1
198,16-Apr-95,24:00:00,194.779758,0.04159,43.365307,43.365307,0,0,1,0.033056,151.174989,150.646831,0,0,1
199,17-Apr-95,24:00:00,167.412238,0.018527,40.941646,40.941646,0,0,0.999787,0.019877,126.364357,126.363544,0,0,1
200,18-Apr-95,24:00:00,154.637342,0.041632,38.794704,38.794704,0,0,0.996362,0.037069,115.778773,115.778773,0,0,1
201,19-Apr-95,24:00:00,144.669263,0.037392,36.893202,36.893202,0,0,0.990586,0.030668,107.72113,107.72113,0,0,0.99839
202,20-Apr-95,24:00:00,135.900436,0.034954,35.209401,35.209401,0,0,0.985562,0.033154,100.642432,100.642432,0,0,0.994265
203,21-Apr-95,24:00:00,128.133278,0.043759,33.718696,33.718696,0,0,0.979922,0.039316,94.371525,94.371525,0,0,0.988971
204,22-Apr-95,24:00:00,121.2524,0.050456,32.399263,32.399263,0,0,0.973229,0.044942,88.814992,88.814992,0,0,0.982976
205,23-Apr-95,24:00:00,115.157556,0.05046,31.231747,31.231747,0,0,0.966009,0.046022,83.892017,83.892017,0,0,0.976478
206,24-Apr-95,24:00:00,109.759896,0.034638,30.19898,30.19898,0,0,0.959998,0.050807,79.530983,79.530983,0,0,0.969642
207,25-Apr-95,24:00:00,104.980617,0.03315,29.285735,29.285735,0,0,0.955102,0.046747,75.668371,75.668371,0,0,0.962611
208,26-Apr-95,24:00:00,100.749828,0.031486,28.478506,28.478506,0,0,0.950423,0.038354,72.247845,72.247845,0,0,0.956451
209,27-Apr-95,24:00:00,106.759417,0.026868,27.765314,27.765314,0,0,0.948119,0.02323,79.005364,69.219435,0.152288,0,0.969558
210,28-Apr-95,24:00:00,131.88875,0.012001,32.087486,27.135533,0.267607,0,0.953884,0.0138,101.874963,89.079586,0.713644,0.542114,0.982949
211,29-Apr-95,24:00:00,806.740046,0.01697,43.592074,35.540893,0.114247,0.018687,0.999048,0.018844,764.586708,709.039219,0.259638,0.259638,1
212,30-Apr-95,24:00:00,347.620602,0.028633,46.833157,43.105126,0.343332,0.343332,1,0.03171,299.53816,293.230135,0.522097,0.522097,1
213,1-May-95,24:00:00,1704.11,0.032365,451.579103,426.211261,0.511106,0.511106,1,0.031845,1256.82,1010.91,0.633474,0.633474,1
214,2-May-95,24:00:00,560.767702,0.039246,65.605674,65.605674,0,0,1,0.028869,489.943131,482.968966,0,0,1
215,3-May-95,24:00:00,277.857479,0.041378,59.117531,59.117531,0,0,0.999361,0.035979,218.206605,218.206605,0,0,1
216,4-May-95,24:00:00,239.994455,0.042501,54.958995,54.958995,0,0,0.995307,0.036274,184.896339,184.896339,0,0,0.997879
217,5-May-95,24:00:00,220.013793,0.040709,51.273795,51.273795,0,0,0.989219,0.032184,168.631255,168.631255,0,0,0.993063
218,6-May-95,24:00:00,202.840076,0.040115,48.008159,48.008159,0,0,0.983416,0.037233,154.736143,154.736143,0,0,0.988117
219,7-May-95,24:00:00,187.63403,0.039499,45.114647,45.114647,0,0,0.977688,0.041172,142.434607,142.434607,0,0,0.982521
220,8-May-95,24:00:00,174.156506,0.035169,42.551183,42.551183,0,0,0.972481,0.032418,131.530254,131.530254,0,0,0.977334
221,9-May-95,24:00:00,162.211588,0.011934,40.280452,40.280452,0,0,0.969087,0.019238,121.864654,121.864654,0,0,0.973669
222,10-May-95,24:00:00,151.62597,0.041714,38.269354,38.269354,0,0,0.965209,0.039895,113.297732,113.297732,0,0,0.969314
223,11-May-95,24:00:00,142.245958,0.036047,36.488533,36.488533,0,0,0.959859,0.035742,105.705265,105.705265,0,0,0.964017
224,12-May-95,24:00:00,145.311013,0.013573,41.824403,34.911953,0.243629,0,0.96488,0.009657,103.658437,98.977077,0.257047,0,0.967647
225,13-May-95,24:00:00,232.630905,0.025706,34.90028,33.516521,0,0,0.990209,0.025405,198.109123,175.831437,0.133048,0.111974,0.999937
226,14-May-95,24:00:00,163.097861,0.025235,32.420005,32.281753,0.046813,0,0.990461,0.029232,130.435094,129.177883,0.156219,0.156219,1
227,15-May-95,24:00:00,424.812187,0.029056,87.981054,82.207162,0.126805,0.10508,0.999935,0.017637,337.754186,319.117131,0.124804,0.124804,1
228,16-May-95,24:00:00,204.093493,0.04682,35.096892,35.096892,0,0,1,0.038241,167.898501,167.415691,0,0,1
229,17-May-95,24:00:00,142.025901,0.035289,33.516098,33.516098,0,0,0.999423,0.040685,108.381103,108.381103,0,0,1
230,18-May-95,24:00:00,131.019475,0.04119,32.292846,32.292846,0,0,0.995568,0.04815,98.677862,98.677862,0,0,0.996879
231,19-May-95,24:00:00,123.932797,0.053823,31.210821,31.210821,0,0,0.988744,0.051854,92.681509,92.681509,0,0,0.989956
232,20-May-95,24:00:00,117.758899,0.026344,30.254024,30.254024,0,0,0.98309,0.036315,87.469119,87.469119,0,0,0.983592
233,21-May-95,24:00:00,112.295065,0.022534,29.408293,29.408293,0,0,0.979544,0.024824,82.855105,82.855105,0,0,0.979372
234,22-May-95,24:00:00,107.457878,0.032855,28.661068,28.661068,0,0,0.975613,0.035153,78.768765,78.768765,0,0,0.975095
235,23-May-95,24:00:00,103.176388,0.039801,28.001207,28.001207,0,0,0.970499,0.051853,75.150349,75.150349,0,0,0.968841
236,24-May-95,24:00:00,99.387755,0.043326,27.418828,27.418828,0,0,0.964555,0.050849,71.946943,71.946943,0,0,0.961456
237,25-May-95,24:00:00,96.036246,0.035838,26.905166,26.905166,0,0,0.95877,0.05535,69.111621,69.111621,0,0,0.95378
238,26-May-95,24:00:00,93.072426,0.03282,26.452448,26.452448,0,0,0.953966,0.04282,66.60276,66.60276,0,0,0.946868
239,27-May-95,24:00:00,90.452453,0.046749,26.053776,26.053776,0,0,0.948118,0.053286,64.383445,64.383445,0,0,0.939984
240,28-May-95,24:00:00,88.137437,0.05286,25.703037,25.703037,0,0,0.94104,0.054385,62.420932,62.420932,0,0,0.932272
241,29-May-95,24:00:00,86.092888,0.047781,25.394804,25.394804,0,0,0.933972,0.060957,60.686179,60.686179,0,0,0.924091
242,30-May-95,24:00:00,84.288212,0.036428,25.124265,25.124265,0,0,0.927963,0.051235,59.153429,59.153429,0,0,0.916069
243,31-May-95,24:00:00,82.696276,0.05102,24.887153,24.887153,0,0,0.921703,0.052278,57.799835,57.799835,0,0,0.908666
244,1-Jun-95,24:00:00,81.293011,0.033583,24.679681,24.679681,0,0,0.915635,0.031393,56.605133,56.605133,0,0,0.902767
245,2-Jun-95,24:00:00,80.05707,0.043882,24.498492,24.498492,0,0,0.91016,0.037859,55.55135,55.55135,0,0,0.897798
246,3-Jun-95,24:00:00,78.969518,0.052392,24.340606,24.340606,0,0,0.903169,0.047158,54.622543,54.622543,0,0,0.891767
247,4-Jun-95,24:00:00,78.013561,0.059089,24.20338,24.20338,0,0,0.895379,0.050295,53.804573,53.804573,0,0,0.884705
248,5-Jun-95,24:00:00,77.174302,0.062236,24.084472,24.084472,0,0,0.886733,0.048545,53.084898,53.084898,0,0,0.877731
249,6-Jun-95,24:00:00,76.438527,0.061549,23.981801,23.981801,0,0,0.877776,0.036855,52.452393,52.452393,0,0,0.87148
250,7-Jun-95,24:00:00,75.794515,0.057364,23.893524,23.893524,0,0,0.869194,0.04884,51.897191,51.897191,0,0,0.865228
251,8-Jun-95,24:00:00,75.231871,0.051777,23.818003,23.818003,0,0,0.86131,0.053871,51.410539,51.410539,0,0,0.858269
252,9-Jun-95,24:00:00,74.741372,0.033191,23.753787,23.753787,0,0,0.855484,0.039089,50.984673,50.984673,0,0,0.851498
253,10-Jun-95,24:00:00,74.314837,0.050871,23.699589,23.699589,0,0,0.849386,0.047821,50.612708,50.612708,0,0,0.845367
254,11-Jun-95,24:00:00,73.945011,0.057653,23.654266,23.654266,0,0,0.841764,0.054398,50.288534,50.288534,0,0,0.838019
255,12-Jun-95,24:00:00,73.625455,0.060877,23.616803,23.616803,0,0,0.833266,0.055062,50.006732,50.006732,0,0,0.830198
256,13-Jun-95,24:00:00,73.350461,0.049391,23.586303,23.586303,0,0,0.82522,0.036776,49.762497,49.762497,0,0,0.823496
257,14-Jun-95,24:00:00,73.456516,0.017217,23.567234,23.561966,0.004696,0,0.820493,0.012553,49.926649,49.551564,0.09204,0,0.82126
258,15-Jun-95,24:00:00,79.983773,0.03741,24.575164,23.543085,0.025768,0,0.823552,0.034591,55.373212,49.370151,0,0,0.832503
259,16-Jun-95,24:00:00,72.863355,0.031024,23.529031,23.529031,0,0,0.823629,0.02391,49.328629,49.214902,0,0,0.832503
260,17-Jun-95,24:00:00,72.602976,0.033447,23.519247,23.519247,0,0,0.823601,0.022632,49.08284,49.08284,0,0,0.832503
261,18-Jun-95,24:00:00,72.48531,0.044864,23.513237,23.513237,0,0,0.820278,0.032904,48.971325,48.971325,0,0,0.831822
262,19-Jun-95,24:00:00,72.389199,0.057624,23.510564,23.510564,0,0,0.813002,0.045181,48.878013,48.878013,0,0,0.827253
263,20-Jun-95,24:00:00,72.312173,0.061813,23.510836,23.510836,0,0,0.804463,0.051548,48.800826,48.800826,0,0,0.820334
264,21-Jun-95,24:00:00,72.25204,0.06361,23.513708,23.513708,0,0,0.795504,0.055363,48.737919,48.737919,0,0,0.812703
265,22-Jun-95,24:00:00,72.206855,0.064123,23.518872,23.518872,0,0,0.786374,0.059384,48.687656,48.687656,0,0,0.804512
266,23-Jun-95,24:00:00,72.174891,0.07111,23.526057,23.526057,0,0,0.776818,0.063901,48.648585,48.648585,0,0,0.795777
267,24-Jun-95,24:00:00,72.154617,0.067923,23.535019,23.535019,0,0,0.766884,0.049937,48.619417,48.619417,0,0,0.78785
268,25-Jun-95,24:00:00,72.144673,0.073485,23.545543,23.545543,0,0,0.756771,0.062532,48.599009,48.599009,0,0,0.779575
269,26-Jun-95,24:00:00,72.143852,0.061617,23.557439,23.557439,0,0,0.747023,0.06553,48.586345,48.586345,0,0,0.770488
270,27-Jun-95,24:00:00,72.151084,0.044266,23.570537,23.570537,0,0,0.739544,0.054811,48.580526,48.580526,0,0,0.761925
271,28-Jun-95,24:00:00,72.165417,0.046485,23.584686,23.584686,0,0,0.733212,0.05391,48.580752,48.580752,0,0,0.754221
272,29-Jun-95,24:00:00,72.186007,0.033458,23.599753,23.599753,0,0,0.727445,0.053653,48.586312,48.586312,0,0,0.746486
273,30-Jun-95,24:00:00,72.212105,0.033681,23.615617,23.615617,0,0,0.722594,0.041865,48.596578,48.596578,0,0,0.739711
274,1-Jul-95,24:00:00,72.243044,0.040598,23.632174,23.632174,0,0,0.71725,0.043063,48.610989,48.610989,0,0,0.733528
275,2-Jul-95,24:00:00,72.278234,0.03844,23.649328,23.649328,0,0,0.711631,0.043054,48.629049,48.629049,0,0,0.727541
276,3-Jul-95,24:00:00,72.317149,0.043433,23.666998,23.666998,0,0,0.705798,0.059478,48.650317,48.650317,0,0,0.720244
277,4-Jul-95,24:00:00,72.359322,0.056668,23.685107,23.685107,0,0,0.698707,0.061785,48.674401,48.674401,0,0,0.711426
278,5-Jul-95,24:00:00,72.40434,0.053763,23.703589,23.703589,0,0,0.690807,0.058245,48.700953,48.700953,0,0,0.702891
279,6-Jul-95,24:00:00,72.451834,0.060969,23.722387,23.722387,0,0,0.682446,0.058482,48.729663,48.729663,0,0,0.694386
280,7-Jul-95,24:00:00,72.501475,0.063562,23.741446,23.741446,0,0,0.673588,0.056582,48.760258,48.760258,0,0,0.686227
281,8-Jul-95,24:00:00,72.552973,0.0548,23.760721,23.760721,0,0,0.665334,0.041283,48.792493,48.792493,0,0,0.679311
282,9-Jul-95,24:00:00,72.606069,0.054732,23.780169,23.780169,0,0,0.657427,0.039958,48.826151,48.826151,0,0,0.673588
283,10-Jul-95,24:00:00,72.660532,0.055861,23.799753,23.799753,0,0,0.64938,0.041016,48.861038,48.861038,0,0,0.667611
284,11-Jul-95,24:00:00,72.716157,0.054136,23.81944,23.81944,0,0,0.641529,0.041123,48.896983,48.896983,0,0,0.661732
285,12-Jul-95,24:00:00,72.772762,0.050126,23.839201,23.839201,0,0,0.633999,0.042272,48.933833,48.933833,0,0,0.655824
286,13-Jul-95,24:00:00,72.830183,0.065843,23.859008,23.859008,0,0,0.625878,0.062271,48.971452,48.971452,0,0,0.648538
287,14-Jul-95,24:00:00,72.888276,0.071488,23.878838,23.878838,0,0,0.616102,0.061917,49.009719,49.009719,0,0,0.639529
288,15-Jul-95,24:00:00,72.946912,0.071637,23.89867,23.89867,0,0,0.605907,0.061531,49.048527,49.048527,0,0,0.630638
289,16-Jul-95,24:00:00,73.005975,0.061154,23.918485,23.918485,0,0,0.596256,0.067734,49.087778,49.087778,0,0,0.621635
290,17-Jul-95,24:00:00,73.065364,0.026452,23.938266,23.938266,0,0,0.590045,0.031326,49.127388,49.127388,0,0,0.614359
291,18-Jul-95,24:00:00,73.124985,0.052737,23.957997,23.957997,0,0,0.584222,0.048118,49.16728,49.16728,0,0,0.608552
292,19-Jul-95,24:00:00,73.184757,0.039924,23.977665,23.977665,0,0,0.577854,0.054122,49.207385,49.207385,0,0,0.601382
293,20-Jul-95,24:00:00,73.244606,0.040231,23.997257,23.997257,0,0,0.572196,0.0483,49.247644,49.247644,0,0,0.59422
294,21-Jul-95,24:00:00,73.304468,0.041798,24.016762,24.016762,0,0,0.566312,0.047948,49.288,49.288,0,0,0.587269
295,22-Jul-95,24:00:00,73.364282,0.045872,24.036171,24.036171,0,0,0.560036,0.039366,49.328406,49.328406,0,0,0.581053
296,23-Jul-95,24:00:00,73.423998,0.047655,24.055474,24.055474,0,0,0.553427,0.048981,49.368819,49.368819,0,0,0.574725
297,24-Jul-95,24:00:00,73.483566,0.05756,24.074662,24.074662,0,0,0.545728,0.038302,49.409198,49.409198,0,0,0.568502
298,25-Jul-95,24:00:00,73.542945,0.045079,24.09373,24.09373,0,0,0.538569,0.043267,49.449509,49.449509,0,0,0.562663
299,26-Jul-95,24:00:00,73.602097,0.06523,24.112669,24.112669,0,0,0.530614,0.059346,49.489721,49.489721,0,0,0.555379
300,27-Jul-95,24:00:00,73.660987,0.068151,24.131473,24.131473,0,0,0.521088,0.061378,49.529806,49.529806,0,0,0.546707
301,28-Jul-95,24:00:00,73.719584,0.056122,24.150138,24.150138,0,0,0.512138,0.059697,49.569737,49.569737,0,0,0.538034
302,29-Jul-95,24:00:00,73.77786,0.05768,24.168658,24.168658,0,0,0.504024,0.052739,49.609492,49.609492,0,0,0.530048
303,30-Jul-95,24:00:00,73.835791,0.064925,24.187028,24.187028,0,0,0.495285,0.051764,49.649051,49.649051,0,0,0.522346
304,31-Jul-95,24:00:00,73.893352,0.067522,24.205244,24.205244,0,0,0.48583,0.057321,49.688394,49.688394,0,0,0.514721
305,1-Aug-95,24:00:00,73.950524,0.064303,24.223302,24.223302,0,0,0.476453,0.061118,49.727506,49.727506,0,0,0.506286
306,2-Aug-95,24:00:00,74.007287,0.057218,24.241199,24.241199,0,0,0.467739,0.061219,49.76637,49.76637,0,0,0.497524
307,3-Aug-95,24:00:00,74.063624,0.056343,24.258932,24.258932,0,0,0.459538,0.057412,49.804973,49.804973,0,0,0.489048
308,4-Aug-95,24:00:00,74.11952,0.042803,24.276496,24.276496,0,0,0.4527,0.059936,49.843303,49.843303,0,0,0.480881
309,5-Aug-95,24:00:00,74.17496,0.038952,24.29389,24.29389,0,0,0.446722,0.050397,49.881347,49.881347,0,0,0.472815
310,6-Aug-95,24:00:00,74.229931,0.042732,24.311111,24.311111,0,0,0.440954,0.054604,49.919095,49.919095,0,0,0.465433
311,7-Aug-95,24:00:00,74.284422,0.055575,24.328156,24.328156,0,0,0.43388,0.05688,49.956538,49.956538,0,0,0.457383
312,8-Aug-95,24:00:00,74.33842,0.064412,24.345023,24.345023,0,0,0.425295,0.054442,49.993667,49.993667,0,0,0.449339
313,9-Aug-95,24:00:00,74.391916,0.060221,24.36171,24.36171,0,0,0.416297,0.060158,50.030474,50.030474,0,0,0.44129
314,10-Aug-95,24:00:00,74.444901,0.057616,24.378215,24.378215,0,0,0.407865,0.046124,50.066951,50.066951,0,0,0.433566
315,11-Aug-95,24:00:00,74.497365,0.05194,24.394536,24.394536,0,0,0.400104,0.051166,50.103092,50.103092,0,0,0.42666
316,12-Aug-95,24:00:00,74.549301,0.058427,24.410671,24.410671,0,0,0.392178,0.056835,50.13889,50.13889,0,0,0.419007
317,13-Aug-95,24:00:00,74.600702,0.063783,24.426619,24.426619,0,0,0.383574,0.045991,50.17434,50.17434,0,0,0.4116
318,14-Aug-95,24:00:00,74.651559,0.05862,24.442378,24.442378,0,0,0.374672,0.057641,50.209436,50.209436,0,0,0.4042
319,15-Aug-95,24:00:00,74.701867,0.048649,24.457946,24.457946,0,0,0.367055,0.055802,50.244173,50.244173,0,0,0.396202
320,16-Aug-95,24:00:00,74.751619,0.054969,24.473323,24.473323,0,0,0.359799,0.050998,50.278546,50.278546,0,0,0.388545
321,17-Aug-95,24:00:00,74.800811,0.049573,24.488507,24.488507,0,0,0.352025,0.048315,50.312551,50.312551,0,0,0.381262
322,18-Aug-95,24:00:00,74.849436,0.05206,24.503497,24.503497,0,0,0.344882,0.051326,50.346183,50.346183,0,0,0.374275
323,19-Aug-95,24:00:00,74.897489,0.042015,24.51829,24.51829,0,0,0.338044,0.045815,50.37944,50.37944,0,0,0.367243
324,20-Aug-95,24:00:00,74.944965,0.052353,24.532888,24.532888,0,0,0.331472,0.056366,50.412316,50.412316,0,0,0.360129
325,21-Aug-95,24:00:00,74.991861,0.044802,24.547287,24.547287,0,0,0.324489,0.048805,50.44481,50.44481,0,0,0.352543
326,22-Aug-95,24:00:00,75.038172,0.042685,24.561488,24.561488,0,0,0.318321,0.046818,50.476917,50.476917,0,0,0.345886
327,23-Aug-95,24:00:00,75.083893,0.055336,24.575488,24.575488,0,0,0.311288,0.053909,50.508635,50.508635,0,0,0.338485
328,24-Aug-95,24:00:00,75.129021,0.048362,24.589289,24.589289,0,0,0.303814,0.047398,50.53996,50.53996,0,0,0.331189
329,25-Aug-95,24:00:00,75.173553,0.042539,24.602887,24.602887,0,0,0.297306,0.044891,50.57089,50.57089,0,0,0.32463
330,26-Aug-95,24:00:00,75.217484,0.04748,24.616283,24.616283,0,0,0.290966,0.052635,50.601422,50.601422,0,0,0.317832
331,27-Aug-95,24:00:00,75.260811,0.050262,24.629476,24.629476,0,0,0.284061,0.050118,50.631554,50.631554,0,0,0.310421
332,28-Aug-95,24:00:00,75.303532,0.051139,24.642464,24.642464,0,0,0.276864,0.051791,50.661283,50.661283,0,0,0.303217
333,29-Aug-95,24:00:00,75.345644,0.047418,24.655248,24.655248,0,0,0.269639,0.047119,50.690608,50.690608,0,0,0.296001
334,30-Aug-95,24:00:00,75.387143,0.049708,24.667826,24.667826,0,0,0.262789,0.047135,50.719526,50.719526,0,0,0.289244
335,31-Aug-95,24:00:00,75.428026,0.049144,24.680198,24.680198,0,0,0.255664,0.048312,50.748034,50.748034,0,0,0.282443
336,1-Sep-95,24:00:00,75.468291,0.042347,24.692363,24.692363,0,0,0.249099,0.045941,50.776132,50.776132,0,0,0.275669
337,2-Sep-95,24:00:00,75.507937,0.049089,24.704321,24.704321,0,0,0.24262,0.043565,50.803816,50.803816,0,0,0.269296
338,3-Sep-95,24:00:00,75.546959,0.049394,24.71607,24.71607,0,0,0.23557,0.044609,50.831086,50.831086,0,0,0.263061
339,4-Sep-95,24:00:00,75.585356,0.052259,24.727611,24.727611,0,0,0.228356,0.04705,50.85794,50.85794,0,0,0.256513
340,5-Sep-95,24:00:00,75.623125,0.057722,24.738942,24.738942,0,0,0.220549,0.048399,50.884375,50.884375,0,0,0.249704
341,6-Sep-95,24:00:00,75.660266,0.058654,24.750063,24.750063,0,0,0.2122,0.049994,50.910391,50.910391,0,0,0.242632
342,7-Sep-95,24:00:00,75.696774,0.054818,24.760974,24.760974,0,0,0.204084,0.045248,50.935985,50.935985,0,0,0.23573
343,8-Sep-95,24:00:00,75.73265,0.046353,24.771675,24.771675,0,0,0.196715,0.045968,50.961157,50.961157,0,0,0.229277
344,9-Sep-95,24:00:00,75.76789,0.029065,24.782164,24.782164,0,0,0.191451,0.040207,50.985905,50.985905,0,0,0.22329
345,10-Sep-95,24:00:00,75.802493,0.035682,24.792441,24.792441,0,0,0.186844,0.035297,51.010228,51.010228,0,0,0.217813
346,11-Sep-95,24:00:00,75.836457,0.032964,24.802506,24.802506,0,0,0.181973,0.046277,51.034124,51.034124,0,0,0.211921
347,12-Sep-95,24:00:00,75.869781,0.03584,24.812358,24.812358,0,0,0.177044,0.041823,51.057592,51.057592,0,0,0.205628
348,13-Sep-95,24:00:00,75.902463,0.03067,24.821998,24.821998,0,0,0.172196,0.038949,51.080631,51.080631,0,0,0.199758
349,14-Sep-95,24:00:00,75.934501,0.033047,24.831424,24.831424,0,0,0.167748,0.043384,51.10324,51.10324,0,0,0.19398
350,15-Sep-95,24:00:00,75.965895,0.039444,24.840637,24.840637,0,0,0.162569,0.043218,51.125418,51.125418,0,0,0.187863
351,16-Sep-95,24:00:00,75.996643,0.036423,24.849636,24.849636,0,0,0.157073,0.035604,51.147164,51.147164,0,0,0.18222
352,17-Sep-95,24:00:00,76.026743,0.045202,24.858421,24.858421,0,0,0.151202,0.047005,51.168476,51.168476,0,0,0.176397
353,18-Sep-95,24:00:00,76.056195,0.048964,24.866991,24.866991,0,0,0.144503,0.042183,51.189355,51.189355,0,0,0.169818
354,19-Sep-95,24:00:00,76.084997,0.052459,24.875347,24.875347,0,0,0.137302,0.039599,51.209798,51.209798,0,0,0.163973
355,20-Sep-95,24:00:00,76.113149,0.044593,24.883487,24.883487,0,0,0.130248,0.044924,51.229806,51.229806,0,0,0.158004
356,21-Sep-95,24:00:00,76.140648,0.033659,24.891412,24.891412,0,0,0.124699,0.034561,51.249377,51.249377,0,0,0.152351
357,22-Sep-95,24:00:00,76.167495,0.025425,24.899122,24.899122,0,0,0.120479,0.025853,51.268511,51.268511,0,0,0.148106
358,23-Sep-95,24:00:00,76.193689,0.031207,24.906617,24.906617,0,0,0.116458,0.037069,51.287207,51.287207,0,0,0.143482
359,24-Sep-95,24:00:00,76.219227,0.024085,24.913895,24.913895,0,0,0.112578,0.030283,51.305464,51.305464,0,0,0.138788
360,25-Sep-95,24:00:00,76.244111,0.039658,24.920958,24.920958,0,0,0.10802,0.035029,51.323282,51.323282,0,0,0.134091
361,26-Sep-95,24:00:00,76.268338,0.040244,24.927804,24.927804,0,0,0.102261,0.036592,51.340659,51.340659,0,0,0.128922
362,27-Sep-95,24:00:00,76.291909,0.035609,24.934435,24.934435,0,0,0.096844,0.032926,51.357597,51.357597,0,0,0.124022
363,28-Sep-95,24:00:00,76.314823,0.043359,24.940849,24.940849,0,0,0.091254,0.034061,51.374093,51.374093,0,0,0.119184
364,29-Sep-95,24:00:00,76.337079,0.038059,24.947047,24.947047,0,0,0.085304,0.034044,51.390148,51.390148,0,0,0.114263
365,30-Sep-95,24:00:00,76.358676,0.03921,24.953028,24.953028,0,0,0.079773,0.032232,51.40576,51.40576,0,0,0.109613
366,1-Oct-95,24:00:00,76.379615,0.041526,24.958793,24.958793,0,0,0.074051,0.034337,51.420931,51.420931,0,0,0.104766
367,2-Oct-95,24:00:00,76.399894,0.040839,24.964341,24.964341,0,0,0.068222,0.035182,51.435659,51.435659,0,0,0.099845
368,3-Oct-95,24:00:00,76.419514,0.053602,24.969673,24.969673,0,0,0.061659,0.042721,51.449944,51.449944,0,0,0.094383
369,4-Oct-95,24:00:00,76.438474,0.062232,24.974788,24.974788,0,0,0.053156,0.039049,51.463785,51.463785,0,0,0.088614
370,5-Oct-95,24:00:00,76.456774,0.037237,24.979687,24.979687,0,0,0.04612,0.031497,51.477183,51.477183,0,0,0.083444
371,6-Oct-95,24:00:00,76.474413,0.036774,24.984369,24.984369,0,0,0.040773,0.031351,51.490137,51.490137,0,0,0.078854
372,7-Oct-95,24:00:00,76.491392,0.033386,24.988835,24.988835,0,0,0.035693,0.030836,51.502647,51.502647,0,0,0.07444
373,8-Oct-95,24:00:00,76.50771,0.025732,24.993084,24.993084,0,0,0.031522,0.031693,51.514713,51.514713,0,0,0.070049
374,9-Oct-95,24:00:00,76.523368,0.037282,24.997117,24.997117,0,0,0.027011,0.030614,51.526334,51.526334,0,0,0.065523
375,10-Oct-95,24:00:00,76.538364,0.037491,25.000933,25.000933,0,0,0.021724,0.030861,51.537511,51.537511,0,0,0.061128
376,11-Oct-95,24:00:00,76.5527,0.031101,25.004533,25.004533,0,0,0.016988,0.022881,51.548244,51.548244,0,0,0.057577
377,12-Oct-95,24:00:00,76.566375,0.032715,25.007917,25.007917,0,0,0.012089,0.026992,51.558532,51.558532,0,0,0.053638
378,13-Oct-95,24:00:00,76.57939,0.033209,25.011085,25.011085,0,0,0.00748,0.027031,51.568375,51.568375,0,0,0.049846
379,14-Oct-95,24:00:00,76.591744,0.036403,25.014037,25.014037,0,0,0.002555,0.028649,51.577774,51.577774,0,0,0.0459
380,15-Oct-95,24:00:00,76.603438,0.016148,25.016773,25.016773,0,0,0,0.02268,51.586729,51.586729,0,0,0.042292
381,16-Oct-95,24:00:00,76.614471,0.029815,25.019293,25.019293,0,0,0,0.028048,51.595238,51.595238,0,0,0.038621
382,17-Oct-95,24:00:00,76.624845,0.03164,25.021599,25.021599,0,0,0,0.031672,51.603304,51.603304,0,0,0.034495
383,18-Oct-95,24:00:00,76.63456,0.033643,25.023688,25.023688,0,0,0,0.025592,51.610926,51.610926,0,0,0.0302
384,19-Oct-95,24:00:00,76.643615,0.031679,25.025563,25.025563,0,0,0,0.027891,51.618103,51.618103,0,0,0.026425
385,20-Oct-95,24:00:00,76.652012,0.018193,25.027223,25.027223,0,0,0,0.02161,51.624836,51.624836,0,0,0.023005
386,21-Oct-95,24:00:00,76.65975,0.032249,25.028668,25.028668,0,0,0,0.027708,51.631126,51.631126,0,0,0.019369
387,22-Oct-95,24:00:00,76.66683,0.040653,25.029898,25.029898,0,0,0,0.021461,51.636973,51.636973,0,0,0.015916
388,23-Oct-95,24:00:00,76.673253,0.028867,25.030915,25.030915,0,0,0,0.024495,51.642376,51.642376,0,0,0.012607
389,24-Oct-95,24:00:00,76.679019,0.024409,25.031717,25.031717,0,0,0,0.023362,51.647337,51.647337,0,0,0.009169
390,25-Oct-95,24:00:00,76.684129,0.023863,25.032306,25.032306,0,0,0,0.018304,51.651855,51.651855,0,0,0.006239
391,26-Oct-95,24:00:00,76.688584,0.027685,25.032681,25.032681,0,0,0,0.026418,51.655931,51.655931,0,0,0.003052
392,27-Oct-95,24:00:00,76.692383,0.024491,25.032843,25.032843,0,0,0,0.013575,51.659565,51.659565,0,0,0.000486
393,28-Oct-95,24:00:00,76.695528,0.019827,25.032792,25.032792,0,0,0,0.017542,51.662758,51.662758,0,0,0
394,29-Oct-95,24:00:00,76.698019,0.010846,25.032528,25.032528,0,0,0,0.024449,51.66551,51.66551,0,0,0
395,30-Oct-95,24:00:00,76.699858,0.008271,25.032052,25.032052,0,0,0,0.016888,51.667821,51.667821,0,0,0
396,31-Oct-95,24:00:00,76.701044,0.008399,25.031364,25.031364,0,0,0,0.007835,51.669692,51.669692,0,0,0
397,1-Nov-95,24:00:00,76.70158,0.016711,25.030465,25.030465,0,0,0,0.015647,51.671124,51.671124,0,0,0
398,2-Nov-95,24:00:00,76.701464,0.00959,25.029354,25.029354,0,0,0,0.017358,51.672116,51.672116,0,0,0
399,3-Nov-95,24:00:00,76.7007,0.020248,25.028032,25.028032,0,0,0,0.018355,51.67267,51.67267,0,0,0
400,4-Nov-95,24:00:00,76.699287,0.018079,25.0265,25.0265,0,0,0,0.013491,51.672786,51.672786,0,0,0
401,5-Nov-95,24:00:00,76.697226,0.015481,25.024757,25.024757,0,0,0,0.015055,51.672465,51.672465,0,0,0
402,6-Nov-95,24:00:00,76.694518,0.017685,25.022804,25.022804,0,0,0,0.016323,51.671707,51.671707,0,0,0
403,7-Nov-95,24:00:00,76.691165,0.018615,25.020642,25.020642,0,0,0,0.017601,51.670512,51.670512,0,0,0
404,8-Nov-95,24:00:00,76.687167,0.016372,25.018271,25.018271,0,0,0,0.015028,51.668883,51.668883,0,0,0
405,9-Nov-95,24:00:00,76.682526,0.018547,25.015692,25.015692,0,0,0,0.013476,51.666818,51.666818,0,0,0
406,10-Nov-95,24:00:00,76.677242,0.023108,25.012904,25.012904,0,0,0,0.01578,51.664319,51.664319,0,0,0
407,11-Nov-95,24:00:00,76.671317,0.020874,25.009908,25.009908,0,0,0,0.013988,51.661387,51.661387,0,0,0
408,12-Nov-95,24:00:00,76.664752,0.023493,25.006704,25.006704,0,0,0,0.017021,51.658022,51.658022,0,0,0
409,13-Nov-95,24:00:00,76.657548,0.023752,25.003294,25.003294,0,0,0,0.018635,51.654225,51.654225,0,0,0
410,14-Nov-95,24:00:00,76.649706,0.021597,24.999677,24.999677,0,0,0,0.01756,51.649996,51.649996,0,0,0
411,15-Nov-95,24:00:00,76.641228,0.009966,24.995855,24.995855,0,0,0,0.01422,51.645338,51.645338,0,0,0
412,16-Nov-95,24:00:00,76.632114,0.01652,24.991826,24.991826,0,0,0,0.014347,51.640249,51.640249,0,0,0
413,17-Nov-95,24:00:00,76.622366,0.012016,24.987593,24.987593,0,0,0,0.013262,51.634732,51.634732,0,0,0
414,18-Nov-95,24:00:00,76.611986,0.012353,24.983155,24.983155,0,0,0,0.013406,51.628787,51.628787,0,0,0
415,19-Nov-95,24:00:00,76.600975,0.013315,24.978512,24.978512,0,0,0,0.0085,51.622414,51.622414,0,0,0
416,20-Nov-95,24:00:00,76.589333,0.018175,24.973666,24.973666,0,0,0,0.017517,51.615616,51.615616,0,0,0
417,21-Nov-95,24:00:00,76.577063,0.007418,24.968617,24.968617,0,0,0,0.004527,51.608392,51.608392,0,0,0
418,22-Nov-95,24:00:00,76.564166,0.011185,24.963365,24.963365,0,0,0,0.009769,51.600744,51.600744,0,0,0
419,23-Nov-95,24:00:00,76.550643,0.015838,24.957911,24.957911,0,0,0,0.015443,51.592672,51.592672,0,0,0
420,24-Nov-95,24:00:00,76.536496,0.009127,24.952256,24.952256,0,0,0,0.008056,51.584177,51.584177,0,0,0
421,25-Nov-95,24:00:00,76.521727,0.014051,24.946399,24.946399,0,0,0,0.008607,51.575261,51.575261,0,0,0
422,26-Nov-95,24:00:00,76.506336,0.020218,24.940342,24.940342,0,0,0,0.01494,51.565924,51.565924,0,0,0
423,27-Nov-95,24:00:00,76.490325,0.025428,24.934084,24.934084,0,0,0,0.015327,51.556168,51.556168,0,0,0
424,28-Nov-95,24:00:00,76.473696,0.011473,24.927628,24.927628,0,0,0,0.012078,51.545993,51.545993,0,0,0
425,29-Nov-95,24:00:00,76.456451,0.01752,24.920972,24.920972,0,0,0,0.015513,51.5354,51.5354,0,0,0
426,30-Nov-95,24:00:00,76.438591,0.013439,24.914118,24.914118,0,0,0,0.007752,51.524391,51.524391,0,0,0
427,1-Dec-95,24:00:00,76.420118,0.005339,24.907066,24.907066,0,0,0,0.00592,51.512967,51.512967,0,0,0
428,2-Dec-95,24:00:00,76.401033,0.013731,24.899818,24.899818,0,0,0,0.012798,51.501127,51.501127,0,0,0
429,3-Dec-95,24:00:00,81.018351,0.009914,26.921114,24.892372,0.1864,0,0.00237,0.00461,54.300613,51.488875,0.272192,0,0.005339
430,4-Dec-95,24:00:00,112.38725,0.005545,34.920751,24.884731,0.167897,0,0.048504,0.003828,77.288282,51.47621,0.142874,0,0.057711
431,5-Dec-95,24:00:00,77.017664,0.005679,24.876894,24.876894,0,0,0.050614,0.003361,52.115302,51.463134,0,0,0.059295
432,6-Dec-95,24:00:00,76.31861,0.005469,24.868862,24.868862,0,0,0.050614,0.005684,51.449648,51.449648,0,0,0.059295
433,7-Dec-95,24:00:00,76.296492,0.006875,24.860636,24.860636,0,0,0.050614,0.007923,51.435753,51.435753,0,0,0.059295
434,8-Dec-95,24:00:00,76.273773,0.005539,24.852216,24.852216,0,0,0.050614,0.009279,51.42145,51.42145,0,0,0.059295
435,9-Dec-95,24:00:00,76.250454,0.005748,24.843604,24.843604,0,0,0.050614,0.00605,51.406741,51.406741,0,0,0.059295
436,10-Dec-95,24:00:00,145.187114,0.005461,57.874036,24.834799,1.190705,0,0.098344,0.003732,88.33819,51.391626,1.110665,0,0.106722
437,11-Dec-95,24:00:00,358.577654,0.004112,152.819455,24.924822,5.484507,0.02951,0.429684,0.004853,207.932625,51.376107,4.943075,0,0.40478
438,12-Dec-95,24:00:00,8985.27,0.012488,3816.04,725.565353,1.611209,1.611209,1,0.012213,5182.12,759.291723,2.112078,1.580883,0.997689
439,13-Dec-95,24:00:00,1958.71,0.006603,407.005636,389.027046,0.479413,0.479413,1,0.006009,1539.60,1185.13,0.43503,0.43503,1
440,14-Dec-95,24:00:00,769.781648,0.007294,209.951514,195.489397,0.670572,0.670572,1,0.003621,559.232058,539.904177,0.820195,0.820195,1
441,15-Dec-95,24:00:00,3175.91,0.012427,1165.48,758.456152,0.812419,0.812419,1,0.008415,2014.04,1427.11,0.777345,0.777345,1
442,16-Dec-95,24:00:00,874.206914,0.014707,165.564914,165.564914,0,0,1,0.009797,701.71558,683.608929,0,0,1
443,17-Dec-95,24:00:00,471.415218,0.009046,145.031663,145.031663,0,0,1,0.008885,325.615414,325.615414,0,0,1
444,18-Dec-95,24:00:00,431.140324,0.003875,131.421552,131.421552,0,0,1,0.004706,299.713004,297.540577,0.032809,0.032809,1
445,19-Dec-95,24:00:00,383.001939,0.008777,119.350081,119.350081,0,0,1,0.006012,263.29545,263.153731,0,0,1
446,20-Dec-95,24:00:00,339.49808,0.010153,108.642407,108.642407,0,0,1,0.007239,230.679923,230.679923,0,0,1
447,21-Dec-95,24:00:00,309.059451,0.005018,99.144301,99.144301,0,0,1,0.006089,209.773784,209.773784,0,0,1
448,22-Dec-95,24:00:00,490.608598,0.004841,161.714802,156.917005,0.140894,0.140894,1,0.004849,330.161969,317.049077,0.19982,0.19982,1
449,23-Dec-95,24:00:00,355.987577,0.014492,90.866676,90.866676,0,0,1,0.009954,263.868673,262.887604,0,0,1
450,24-Dec-95,24:00:00,265.743029,0.013548,82.30132,82.30132,0,0,1,0.012974,183.216119,183.216119,0,0,1
451,25-Dec-95,24:00:00,240.081782,0.011913,75.776526,75.776526,0,0,1,0.011489,164.200552,164.200552,0,0,1
452,26-Dec-95,24:00:00,221.305428,0.008762,69.988441,69.988441,0,0,1,0.006515,151.228601,151.228601,0,0,1
453,27-Dec-95,24:00:00,204.813996,0.005538,64.853547,64.853547,0,0,1,0.002851,139.882282,139.882282,0,0,1
454,28-Dec-95,24:00:00,190.189046,0.006048,60.297968,60.297968,0,0,1,0.002201,129.821804,129.821804,0,0,1
455,29-Dec-95,24:00:00,1281.51,0.000919,593.882389,546.244246,1.600367,1.600367,1,0.001848,698.796136,617.17466,1.877601,1.877601,1
456,30-Dec-95,24:00:00,2061.43,0.007074,432.545022,422.439597,0.095349,0.095349,1,0.005813,1623.57,1560.74,0.185113,0.185113,1
457,31-Dec-95,24:00:00,621.563015,0.021074,121.486754,121.486754,0,0,1,0.016794,495.495332,494.451492,0,0,1
458,1-Jan-96,24:00:00,381.971635,0.018385,110.201786,110.201786,0,0,1,0.012182,271.303611,271.303611,0,0,1
459,2-Jan-96,24:00:00,337.62712,0.017047,100.511475,100.511475,0,0,1,0.013221,236.939429,236.939429,0,0,1
460,3-Jan-96,24:00:00,307.603459,0.006786,91.915629,91.915629,0,0,1,0.008237,215.541378,215.541378,0,0,1
461,4-Jan-96,24:00:00,281.317497,0.010359,84.290432,84.290432,0,0,1,0.008845,196.897776,196.897776,0,0,1
462,5-Jan-96,24:00:00,258.010814,0.008209,77.526114,77.526114,0,0,1,0.005946,180.370262,180.370262,0,0,1
463,6-Jan-96,24:00:00,237.336108,0.013446,71.52532,71.52532,0,0,0.999868,0.008001,165.709453,165.709453,0,0,1
464,7-Jan-96,24:00:00,218.995429,0.006243,66.201701,66.201701,0,0,0.999226,0.005708,152.703967,152.703967,0,0,1
465,8-Jan-96,24:00:00,202.7248,0.006725,61.478673,61.478673,0,0,0.998296,0.007737,141.166596,141.166596,0,0,1
466,9-Jan-96,24:00:00,188.290105,0.005402,57.288312,57.288312,0,0,0.997418,0.003781,130.931306,130.931306,0,0,1
467,10-Jan-96,24:00:00,175.483702,0.01641,53.570375,53.570375,0,0,0.995907,0.012206,121.850841,121.850841,0,0,0.999456
468,11-Jan-96,24:00:00,164.121431,0.007859,50.271432,50.271432,0,0,0.994175,0.012849,113.794594,113.794594,0,0,0.997909
469,12-Jan-96,24:00:00,154.039957,0.005872,47.344092,47.344092,0,0,0.993175,0.009386,106.646729,106.646729,0,0,0.99626
470,13-Jan-96,24:00:00,145.094418,0.006174,44.746326,44.746326,0,0,0.99232,0.013083,100.304506,100.304506,0,0,0.994704
471,14-Jan-96,24:00:00,137.15633,0.004171,42.440856,42.440856,0,0,0.991559,0.004575,94.676806,94.676806,0,0,0.993444
472,15-Jan-96,24:00:00,404.135859,0.006284,123.320107,114.578259,0.370792,0.309249,0.998033,0.005847,282.988245,261.611802,0.514748,0.466098,0.998998
473,16-Jan-96,24:00:00,4533.97,0.009329,1972.03,723.357865,1.353918,1.353918,1,0.008187,2573.67,1032.98,1.305687,1.305687,1
474,17-Jan-96,24:00:00,1202.67,0.016453,152.84208,152.500007,0,0,1,0.013584,1037.18,849.987302,0,0,1
475,18-Jan-96,24:00:00,2552.19,0.003795,996.219918,441.362874,0.964312,0.964312,1,0.003752,1568.83,590.444227,1.030026,1.030026,1
476,19-Jan-96,24:00:00,1473.43,0.014486,251.381209,245.729774,0,0,1,0.01016,1209.14,911.703196,0,0,1
477,20-Jan-96,24:00:00,772.338499,0.004862,299.48947,277.125385,0.78385,0.78385,1,0.002726,476.648008,448.465982,0.901467,0.901467,1
478,21-Jan-96,24:00:00,1376.88,0.01172,360.710749,356.382673,0,0,1,0.009479,1013.25,978.088048,0,0,1
479,22-Jan-96,24:00:00,549.741864,0.016388,138.223921,138.223921,0,0,1,0.015189,409.12059,408.771108,0,0,1
480,23-Jan-96,24:00:00,546.214411,0.003572,174.150534,170.538966,0.106437,0.106437,1,0.002308,373.289771,362.776959,0.23817,0.23817,1
481,24-Jan-96,24:00:00,2232.19,0.008566,950.821643,497.093915,1.403854,1.403854,1,0.004645,1299.17,840.533306,1.51312,1.51312,1
482,25-Jan-96,24:00:00,2373.79,0.017083,513.711504,445.498874,0,0,1,0.013176,1844.36,1301.03,0,0,1
483,26-Jan-96,24:00:00,653.132543,0.006666,158.579622,158.460353,0.081324,0.081324,1,0.004362,491.279384,485.957845,0.12816,0.12816,1
484,27-Jan-96,24:00:00,4507.85,0.008097,1566.24,677.240214,1.054721,1.054721,1,0.00696,2950.36,1088.09,1.074202,1.074202,1
485,28-Jan-96,24:00:00,1120.06,0.012841,192.013085,192.01188,0,0,1,0.010618,918.794775,813.398168,0,0,1
486,29-Jan-96,24:00:00,560.775158,0.006155,163.105352,163.105352,0,0,1,0.005732,396.647889,396.645195,0,0,1
487,30-Jan-96,24:00:00,928.566712,0.005985,424.09848,293.888333,0.940168,0.940168,1,0.004412,511.562706,449.064059,1.073957,1.073957,1
488,31-Jan-96,24:00:00,2089.46,0.011522,695.693908,655.29757,0.41379,0.41379,1,0.012903,1390.79,1272.07,0.159485,0.159485,1
489,1-Feb-96,24:00:00,741.820567,0.007944,181.97354,181.97354,0,0,1,0.010138,555.949302,554.201389,0,0,1
490,2-Feb-96,24:00:00,516.258711,0.014061,162.52612,162.52612,0,0,1,0.013782,353.223387,353.223387,0,0,1
491,3-Feb-96,24:00:00,730.035027,0.005555,398.028381,366.664668,1.012593,1.012593,1,0.006273,333.845964,325.870558,0.505255,0.505255,1
492,4-Feb-96,24:00:00,9241.31,0.005403,3961.51,1224.56,2.4,2.4,1,0.006291,5297.60,1563.76,2.325418,2.325418,1
493,5-Feb-96,24:00:00,2950.49,0.013687,761.269522,660.435805,0.138046,0.138046,1,0.015197,2173.51,1824.02,0,0,1
494,6-Feb-96,24:00:00,892.866511,0.011735,254.55663,254.55663,0,0,1,0.012967,634.368297,633.958588,0,0,1
495,7-Feb-96,24:00:00,661.026903,0.011526,228.020484,228.020484,0,0,1,0.011257,432.455436,432.455436,0,0,1
496,8-Feb-96,24:00:00,587.693513,0.009776,204.956001,204.956001,0,0,1,0.007207,382.428054,382.428054,0,0,1
497,9-Feb-96,24:00:00,529.358411,0.011236,184.49853,184.49853,0,0,1,0.010006,344.593569,344.593569,0,0,1
498,10-Feb-96,24:00:00,477.857346,0.015078,166.353216,166.353216,0,0,1,0.015575,311.26925,311.26925,0,0,1
499,11-Feb-96,24:00:00,432.184328,0.020654,150.258611,150.258611,0,0,1,0.019231,281.718264,281.718264,0,0,1
500,12-Feb-96,24:00:00,391.673251,0.025011,135.982832,135.982832,0,0,0.998801,0.021337,255.507092,255.507092,0,0,0.999186
501,13-Feb-96,24:00:00,355.740203,0.024269,123.320216,123.320216,0,0,0.995676,0.023036,232.257901,232.257901,0,0,0.996564
502,14-Feb-96,24:00:00,323.86749,0.024928,112.088358,112.088358,0,0,0.992157,0.022094,211.635765,211.635765,0,0,0.993295
503,15-Feb-96,24:00:00,352.403272,0.00702,141.846834,133.75191,0.41333,0.338562,0.992563,0.008799,211.681134,206.388276,0.439883,0.373833,0.993655
504,16-Feb-96,24:00:00,1140.64,0.011064,432.872358,413.686972,0.387823,0.387823,1,0.010573,709.294721,667.593361,0.241356,0.241356,1
505,17-Feb-96,24:00:00,742.630476,0.012198,298.515686,285.032353,0.471616,0.471616,1,0.013977,444.196691,428.729317,0.345724,0.345724,1
506,18-Feb-96,24:00:00,1681.44,0.009248,623.990927,387.077035,1.025248,1.025248,1,0.005408,1075.57,579.974803,1.051807,1.051807,1
507,19-Feb-96,24:00:00,3062.63,0.011685,717.069309,644.30938,0.598598,0.598598,1,0.006914,2336.01,1433.51,1.192581,1.192581,1
508,20-Feb-96,24:00:00,2142.61,0.013203,546.217181,517.316984,0.994546,0.994546,1,0.00811,1593.72,1506.48,1.107822,1.107822,1
509,21-Feb-96,24:00:00,2210.81,0.015383,573.148435,554.720978,0.404866,0.404866,1,0.012028,1635.61,1564.33,0.561425,0.561425,1
510,22-Feb-96,24:00:00,1039.19,0.017834,244.159468,241.585598,0.013694,0.013694,1,0.016775,790.300197,782.552496,0,0,1
511,23-Feb-96,24:00:00,666.591976,0.01257,198.646936,196.959669,0.065463,0.065463,1,0.007424,467.588344,465.647151,0.159608,0.159608,1
512,24-Feb-96,24:00:00,722.954233,0.014082,191.422787,190.873094,0,0,1,0.011793,531.156812,521.877168,0,0,1
513,25-Feb-96,24:00:00,540.922212,0.017074,154.374556,154.374556,0,0,1,0.014429,385.795646,385.656192,0,0,1
514,26-Feb-96,24:00:00,468.797474,0.023604,139.606366,139.606366,0,0,1,0.020738,328.910075,328.910075,0,0,1
515,27-Feb-96,24:00:00,556.947622,0.011684,182.265281,178.537995,0.109457,0.109457,1,0.014165,375.188897,367.985588,0.108863,0.108863,1
516,28-Feb-96,24:00:00,1299.76,0.008183,533.409755,474.510559,1.354355,1.354355,1,0.009343,773.803754,717.521474,1.440389,1.440389,1
517,29-Feb-96,24:00:00,3354.57,0.013035,1205.85,761.947826,0.669582,0.669582,1,0.009836,2147.58,1631.41,0.561217,0.561217,1
518,1-Mar-96,24:00:00,899.612033,0.023668,189.988904,189.988904,0,0,1,0.02498,703.562831,690.115913,0,0,1
519,2-Mar-96,24:00:00,552.59458,0.023796,168.316421,168.316421,0,0,1,0.024123,383.572263,383.572263,0,0,1
520,3-Mar-96,24:00:00,483.935436,0.012127,151.979146,151.979146,0,0,1,0.015325,331.685325,331.685325,0,0,1
521,4-Mar-96,24:00:00,1472.86,0.009484,607.905003,568.468356,1.320475,1.320475,1,0.007043,875.526311,745.013664,1.668343,1.668343,1
522,5-Mar-96,24:00:00,1907.37,0.01701,384.322912,378.025129,0.022576,0.022576,1,0.013302,1516.40,1456.54,0.021234,0.021234,1
523,6-Mar-96,24:00:00,707.596799,0.022989,169.783564,169.783564,0,0,1,0.019671,534.390774,534.005778,0,0,1
524,7-Mar-96,24:00:00,515.116064,0.022031,153.116856,153.116856,0,0,1,0.02211,361.540743,361.540743,0,0,1
525,8-Mar-96,24:00:00,458.997799,0.016208,138.495517,138.495517,0,0,1,0.021828,320.251973,320.251973,0,0,1
526,9-Mar-96,24:00:00,415.172703,0.021698,125.52698,125.52698,0,0,1,0.028413,289.430617,289.430617,0,0,0.999827
527,10-Mar-96,24:00:00,376.942931,0.015254,114.024344,114.024344,0,0,0.999946,0.018791,262.731601,262.38286,0.005645,0.000159,0.999724
528,11-Mar-96,24:00:00,987.09784,0.020469,410.15352,388.608461,0.817454,0.817047,0.999999,0.016495,580.221089,548.947234,0.710116,0.710116,1
529,12-Mar-96,24:00:00,1425.01,0.014161,505.976803,481.910488,0.521984,0.521984,1,0.016006,919.226184,875.973192,0.36306,0.36306,1
530,13-Mar-96,24:00:00,587.788514,0.037435,146.245219,146.245219,0,0,1,0.036551,438.485029,437.267773,0,0,1
531,14-Mar-96,24:00:00,404.2027,0.036322,130.290345,130.290345,0,0,1,0.033737,273.507907,273.507907,0,0,1
532,15-Mar-96,24:00:00,359.31169,0.027426,118.246167,118.246167,0,0,0.999173,0.032716,240.886727,240.886727,0,0,0.998899
533,16-Mar-96,24:00:00,326.684971,0.026544,107.563864,107.563864,0,0,0.99619,0.029452,218.970523,218.970523,0,0,0.995334
534,17-Mar-96,24:00:00,298.02636,0.037714,98.089088,98.089088,0,0,0.991453,0.037232,199.804301,199.804301,0,0,0.990551
535,18-Mar-96,24:00:00,272.616522,0.038587,89.685306,89.685306,0,0,0.98606,0.038666,182.813542,182.813542,0,0,0.985131
536,19-Mar-96,24:00:00,250.079565,0.033476,82.231428,82.231428,0,0,0.980942,0.038674,167.74396,167.74396,0,0,0.979601
537,20-Mar-96,24:00:00,230.090419,0.035173,75.620053,75.620053,0,0,0.976036,0.034989,154.378109,154.378109,0,0,0.974314
538,21-Mar-96,24:00:00,212.361006,0.029578,69.755926,69.755926,0,0,0.971476,0.039544,142.523357,142.523357,0,0,0.969153
539,22-Mar-96,24:00:00,196.63583,0.029636,64.554563,64.554563,0,0,0.967214,0.023933,132.008859,132.008859,0,0,0.96443
540,23-Mar-96,24:00:00,182.68829,0.033976,59.941033,59.941033,0,0,0.962598,0.030548,122.683088,122.683088,0,0,0.960532
541,24-Mar-96,24:00:00,170.317407,0.023844,55.848877,55.848877,0,0,0.958493,0.023741,114.411652,114.411652,0,0,0.956718
542,25-Mar-96,24:00:00,159.344928,0.032155,52.21915,52.21915,0,0,0.954524,0.032295,107.075353,107.075353,0,0,0.952648
543,26-Mar-96,24:00:00,149.612757,0.037408,48.999575,48.999575,0,0,0.94955,0.030872,100.568474,100.568474,0,0,0.948185
544,27-Mar-96,24:00:00,140.980676,0.013314,46.143783,46.143783,0,0,0.945827,0.009817,94.797249,94.797249,0,0,0.945205
545,28-Mar-96,24:00:00,133.32432,0.031099,43.610649,43.610649,0,0,0.942646,0.029725,89.678514,89.678514,0,0,0.942353
546,29-Mar-96,24:00:00,126.533387,0.032385,41.363698,41.363698,0,0,0.938121,0.029558,85.138509,85.138509,0,0,0.938209
547,30-Mar-96,24:00:00,120.510049,0.030009,39.37058,39.37058,0,0,0.933793,0.028398,81.111814,81.111814,0,0,0.934121
548,31-Mar-96,24:00:00,121.846036,0.028584,42.265926,37.602601,0.214344,0,0.934504,0.025988,79.727358,77.540406,0.255111,0,0.934695
549,1-Apr-96,24:00:00,1554.47,0.01224,842.39994,554.108447,1.530434,1.237158,0.996002,0.012678,720.662266,617.91572,1.390975,1.143845,0.997084
550,2-Apr-96,24:00:00,881.423071,0.028746,155.354435,155.08598,0,0,1,0.029011,719.083791,707.91463,0,0,1
551,3-Apr-96,24:00:00,298.001835,0.036726,84.45011,84.45011,0,0,1,0.035668,212.395319,212.394035,0,0,1
552,4-Apr-96,24:00:00,232.715219,0.036705,77.565151,77.565151,0,0,0.999738,0.03189,155.006778,155.006778,0,0,0.99999
553,5-Apr-96,24:00:00,212.911738,0.044114,71.477186,71.477186,0,0,0.996079,0.041096,141.352068,141.352068,0,0,0.997149
554,6-Apr-96,24:00:00,197.060041,0.0441,66.0775,66.0775,0,0,0.98982,0.042349,130.911045,130.911045,0,0,0.991191
555,7-Apr-96,24:00:00,183.058806,0.044754,61.28827,61.28827,0,0,0.983448,0.041771,121.707223,121.707223,0,0,0.985053
556,8-Apr-96,24:00:00,170.642579,0.020378,57.040476,57.040476,0,0,0.978878,0.028871,113.545987,113.545987,0,0,0.980178
557,9-Apr-96,24:00:00,159.630508,0.03059,53.272903,53.272903,0,0,0.975296,0.027107,106.307859,106.307859,0,0,0.97611
558,10-Apr-96,24:00:00,149.86379,0.037089,49.931254,49.931254,0,0,0.970343,0.028437,99.888432,99.888432,0,0,0.97207
559,11-Apr-96,24:00:00,141.201625,0.029468,46.967377,46.967377,0,0,0.965574,0.029394,94.195141,94.195141,0,0,0.967958
560,12-Apr-96,24:00:00,133.519131,0.037936,44.338559,44.338559,0,0,0.960864,0.031995,89.145893,89.145893,0,0,0.963607
561,13-Apr-96,24:00:00,126.705549,0.042241,42.006922,42.006922,0,0,0.955025,0.032545,84.667874,84.667874,0,0,0.958922
562,14-Apr-96,24:00:00,120.662643,0.041944,39.938866,39.938866,0,0,0.949204,0.036137,80.696503,80.696503,0,0,0.954329
563,15-Apr-96,24:00:00,115.307894,0.013908,38.104593,38.104593,0,0,0.94507,0.012772,77.180087,77.174504,0.021283,0,0.950618
564,16-Apr-96,24:00:00,430.508382,0.026196,166.201509,145.073352,0.620456,0.228966,0.995388,0.021837,265.704386,226.898651,0.552946,0.222346,0.996587
565,17-Apr-96,24:00:00,817.613302,0.013762,460.57217,207.158739,0.742096,0.742096,1,0.011436,364.276435,239.500288,0.664414,0.664414,1
566,18-Apr-96,24:00:00,1068.96,0.031269,279.412583,255.187298,0,0,1,0.019948,783.012233,627.697967,0,0,1
567,19-Apr-96,24:00:00,505.484903,0.017701,191.678089,182.643546,0.267129,0.267129,1,0.015887,314.202521,299.441484,0.236813,0.236813,1
568,20-Apr-96,24:00:00,385.786923,0.023873,94.224642,94.162725,0,0,1,0.025716,289.820702,286.394483,0,0,1
569,21-Apr-96,24:00:00,228.232512,0.013296,73.231208,73.231208,0,0,1,0.011386,154.647186,154.64648,0,0,1
570,22-Apr-96,24:00:00,200.221733,0.028777,67.628283,67.628283,0,0,1,0.027264,132.507229,132.507229,0,0,1
571,23-Apr-96,24:00:00,185.395489,0.028743,62.662708,62.662708,0,0,1,0.032621,122.66818,122.66818,0,0,0.999887
572,24-Apr-96,24:00:00,242.676925,0.035821,78.897615,77.502202,0.040978,0.040978,1,0.029356,164.122628,159.532091,0.068585,0.065063,0.999927
573,25-Apr-96,24:00:00,189.033381,0.053952,56.575592,56.575592,0,0,1,0.048778,132.079443,131.832453,0,0,1
574,26-Apr-96,24:00:00,159.780348,0.055641,52.542556,52.542556,0,0,0.997246,0.053747,107.159396,107.159396,0,0,0.998213
575,27-Apr-96,24:00:00,148.939348,0.055145,49.282921,49.282921,0,0,0.989753,0.047879,99.611385,99.611385,0,0,0.992095
576,28-Apr-96,24:00:00,140.345336,0.061307,46.391984,46.391984,0,0,0.981331,0.042911,93.914501,93.914501,0,0,0.98562
577,29-Apr-96,24:00:00,132.764887,0.057735,43.828,43.828,0,0,0.97288,0.050362,88.902475,88.902475,0,0,0.97894
578,30-Apr-96,24:00:00,126.043525,0.061736,41.553999,41.553999,0,0,0.96441,0.056308,84.459011,84.459011,0,0,0.971414
579,1-May-96,24:00:00,120.08283,0.068867,39.537195,39.537195,0,0,0.955132,0.057544,80.518574,80.518574,0,0,0.96319
580,2-May-96,24:00:00,114.796757,0.063116,37.748507,37.748507,0,0,0.945776,0.053937,77.024252,77.024252,0,0,0.955329
581,3-May-96,24:00:00,110.109028,0.050433,36.162143,36.162143,0,0,0.937429,0.04614,73.925603,73.925603,0,0,0.948098
582,4-May-96,24:00:00,105.951988,0.047409,34.755228,34.755228,0,0,0.930433,0.045177,71.177887,71.177887,0,0,0.941617
583,5-May-96,24:00:00,102.265634,0.038946,33.507471,33.507471,0,0,0.924379,0.033725,68.741425,68.741425,0,0,0.936014
584,6-May-96,24:00:00,98.996745,0.038648,32.400877,32.400877,0,0,0.918784,0.032582,66.581024,66.581024,0,0,0.931206
585,7-May-96,24:00:00,96.098117,0.045796,31.419486,31.419486,0,0,0.912899,0.04879,64.665469,64.665469,0,0,0.925429
586,8-May-96,24:00:00,93.527886,0.03859,30.54914,30.54914,0,0,0.90681,0.043211,62.967074,62.967074,0,0,0.918891
587,9-May-96,24:00:00,91.248918,0.049579,29.777285,29.777285,0,0,0.900389,0.047469,61.461284,61.461284,0,0,0.91235
588,10-May-96,24:00:00,89.228278,0.053211,29.092783,29.092783,0,0,0.893117,0.051326,60.126319,60.126319,0,0,0.905339
589,11-May-96,24:00:00,87.436755,0.060119,28.485757,28.485757,0,0,0.885034,0.050021,58.942862,58.942862,0,0,0.898199
590,12-May-96,24:00:00,85.848438,0.059483,27.947447,27.947447,0,0,0.876378,0.06235,57.893779,57.893779,0,0,0.890165
591,13-May-96,24:00:00,84.440349,0.050898,27.470082,27.470082,0,0,0.868555,0.037871,56.963873,56.963873,0,0,0.882862
592,14-May-96,24:00:00,83.192103,0.021021,27.04677,27.04677,0,0,0.863375,0.029484,56.139666,56.139666,0,0,0.878204
593,15-May-96,24:00:00,129.828251,0.017652,57.16062,28.692582,1.106969,0.125798,0.896881,0.016965,73.488837,55.409202,0.852998,0,0.900789
594,16-May-96,24:00:00,532.991628,0.018118,284.346577,262.597123,0.367733,0.367733,1,0.015046,248.930189,192.716339,0.217136,0.189436,0.999918
595,17-May-96,24:00:00,770.909886,0.018489,409.964762,333.54632,0.92501,0.92501,1,0.017257,366.987894,322.22261,0.908913,0.908913,1
596,18-May-96,24:00:00,1020.58,0.026666,234.039476,230.750532,0,0,1,0.021654,781.912362,760.245922,0.019251,0.019251,1
597,19-May-96,24:00:00,313.251562,0.046146,82.013771,82.013771,0,0,1,0.039452,229.447892,229.226496,0,0,1
598,20-May-96,24:00:00,216.874475,0.046136,75.356521,75.356521,0,0,0.999,0.03305,141.338148,141.338148,0,0,1
599,21-May-96,24:00:00,695.843126,0.010746,278.783344,263.153104,0.459784,0.440014,0.99913,0.016545,422.013431,386.631512,0.594783,0.594783,1
600,22-May-96,24:00:00,577.777843,0.049132,98.294615,98.268013,0,0,1,0.035534,475.418001,468.848722,0,0,1
601,23-May-96,24:00:00,265.817227,0.056212,77.847079,77.847079,0,0,0.999448,0.046274,187.286746,187.285901,0,0,1
602,24-May-96,24:00:00,221.831106,0.064632,71.725125,71.725125,0,0,0.993565,0.054617,149.989683,149.989683,0,0,0.99703
603,25-May-96,24:00:00,204.066687,0.06869,66.298561,66.298561,0,0,0.984117,0.056258,137.689861,137.689861,0,0,0.989641
604,26-May-96,24:00:00,189.266022,0.024306,61.485751,61.485751,0,0,0.977577,0.040658,127.711807,127.711807,0,0,0.982701
605,27-May-96,24:00:00,176.172001,0.053309,57.217294,57.217294,0,0,0.971857,0.052286,118.894061,118.894061,0,0,0.976134
606,28-May-96,24:00:00,164.560326,0.043944,53.431633,53.431633,0,0,0.965192,0.046813,111.074939,111.074939,0,0,0.969087
607,29-May-96,24:00:00,154.26245,0.050584,50.074174,50.074174,0,0,0.958239,0.047686,104.140625,104.140625,0,0,0.962243
608,30-May-96,24:00:00,145.129776,0.057137,47.096494,47.096494,0,0,0.950683,0.052522,97.991036,97.991036,0,0,0.95517
609,31-May-96,24:00:00,137.030537,0.058874,44.455648,44.455648,0,0,0.942328,0.054923,92.537432,92.537432,0,0,0.94748
610,1-Jun-96,24:00:00,129.847863,0.061408,42.113545,42.113545,0,0,0.933644,0.055024,87.701104,87.701104,0,0,0.939517
611,2-Jun-96,24:00:00,123.4781,0.070184,40.036401,40.036401,0,0,0.924371,0.060336,83.412247,83.412247,0,0,0.931394
612,3-Jun-96,24:00:00,117.829316,0.064941,38.194252,38.194252,0,0,0.914616,0.063733,79.608945,79.608945,0,0,0.922585
613,4-Jun-96,24:00:00,112.819973,0.060608,36.560525,36.560525,0,0,0.905623,0.060196,76.236286,76.236286,0,0,0.913601
614,5-Jun-96,24:00:00,108.377753,0.066413,35.111647,35.111647,0,0,0.896582,0.064917,73.245565,73.245565,0,0,0.904714
615,6-Jun-96,24:00:00,104.438514,0.064947,33.826713,33.826713,0,0,0.887291,0.066419,70.593584,70.593584,0,0,0.895447
616,7-Jun-96,24:00:00,100.945368,0.059098,32.687182,32.687182,0,0,0.878341,0.061642,68.242031,68.242031,0,0,0.88615
617,8-Jun-96,24:00:00,97.847858,0.07007,31.676607,31.676607,0,0,0.86945,0.064432,66.156924,66.156924,0,0,0.877302
618,9-Jun-96,24:00:00,95.101232,0.067133,30.780404,30.780404,0,0,0.859536,0.056024,64.308124,64.308124,0,0,0.868596
619,10-Jun-96,24:00:00,92.6658,0.061453,29.985636,29.985636,0,0,0.85027,0.05578,62.668899,62.668899,0,0,0.860706
620,11-Jun-96,24:00:00,90.506356,0.058731,29.280827,29.280827,0,0,0.841516,0.055468,61.215539,61.215539,0,0,0.852602
621,12-Jun-96,24:00:00,88.591676,0.053611,28.655802,28.655802,0,0,0.833501,0.060337,59.927017,59.927017,0,0,0.844326
622,13-Jun-96,24:00:00,86.894067,0.045932,28.101533,28.101533,0,0,0.826569,0.058866,58.784681,58.784681,0,0,0.835884
623,14-Jun-96,24:00:00,85.388966,0.056684,27.610015,27.610015,0,0,0.819092,0.059432,57.771987,57.771987,0,0,0.827415
624,15-Jun-96,24:00:00,84.054585,0.0484,27.174148,27.174148,0,0,0.811748,0.055122,56.874265,56.874265,0,0,0.819249
625,16-Jun-96,24:00:00,82.871603,0.03949,26.787632,26.787632,0,0,0.805684,0.057264,56.078498,56.078498,0,0,0.811455
626,17-Jun-96,24:00:00,81.822879,0.067132,26.444882,26.444882,0,0,0.79788,0.051264,55.373146,55.373146,0,0,0.803438
627,18-Jun-96,24:00:00,80.893213,0.067073,26.140944,26.140944,0,0,0.788172,0.056519,54.747969,54.747969,0,0,0.795827
628,19-Jun-96,24:00:00,80.069121,0.06009,25.871421,25.871421,0,0,0.779137,0.054876,54.193888,54.193888,0,0,0.787898
629,20-Jun-96,24:00:00,79.338644,0.059225,25.632418,25.632418,0,0,0.77067,0.055577,53.702848,53.702848,0,0,0.780097
630,21-Jun-96,24:00:00,78.691174,0.060949,25.420476,25.420476,0,0,0.762048,0.053736,53.267705,53.267705,0,0,0.772215
631,22-Jun-96,24:00:00,78.117303,0.063366,25.232528,25.232528,0,0,0.753208,0.060786,52.882122,52.882122,0,0,0.764139
632,23-Jun-96,24:00:00,77.608685,0.072198,25.065855,25.065855,0,0,0.74349,0.044519,52.54048,52.54048,0,0,0.7564
633,24-Jun-96,24:00:00,77.157919,0.050089,24.918044,24.918044,0,0,0.734537,0.045304,52.237792,52.237792,0,0,0.749858
634,25-Jun-96,24:00:00,76.758438,0.048511,24.786955,24.786955,0,0,0.727455,0.042919,51.969638,51.969638,0,0,0.743564
635,26-Jun-96,24:00:00,76.404418,0.029218,24.67069,24.67069,0,0,0.722015,0.038766,51.732094,51.732094,0,0,0.737769
636,27-Jun-96,24:00:00,76.090694,0.041313,24.567565,24.567565,0,0,0.716953,0.041647,51.521681,51.521681,0,0,0.73209
637,28-Jun-96,24:00:00,75.812683,0.061453,24.476087,24.476087,0,0,0.709698,0.051877,51.335314,51.335314,0,0,0.725325
638,29-Jun-96,24:00:00,75.56632,0.069694,24.39493,24.39493,0,0,0.700415,0.061483,51.170254,51.170254,0,0,0.717346
639,30-Jun-96,24:00:00,75.348,0.074827,24.32292,24.32292,0,0,0.69017,0.065285,51.024074,51.024074,0,0,0.708325
640,1-Jul-96,24:00:00,75.154524,0.074117,24.259013,24.259013,0,0,0.679479,0.071986,50.89462,50.89462,0,0,0.698566
641,2-Jul-96,24:00:00,74.983054,0.060631,24.202286,24.202286,0,0,0.669703,0.067397,50.77998,50.77998,0,0,0.68858
642,3-Jul-96,24:00:00,74.831075,0.061524,24.151918,24.151918,0,0,0.661187,0.06387,50.678459,50.678459,0,0,0.679243
643,4-Jul-96,24:00:00,74.696352,0.054915,24.10718,24.10718,0,0,0.652897,0.060652,50.588554,50.588554,0,0,0.670372
644,5-Jul-96,24:00:00,74.576906,0.063994,24.067428,24.067428,0,0,0.644256,0.050743,50.50893,50.50893,0,0,0.662305
645,6-Jul-96,24:00:00,74.470978,0.058702,24.032088,24.032088,0,0,0.635373,0.064531,50.438404,50.438404,0,0,0.654091
646,7-Jul-96,24:00:00,74.377009,0.051271,24.000653,24.000653,0,0,0.627625,0.061262,50.375926,50.375926,0,0,0.645277
647,8-Jul-96,24:00:00,74.293616,0.040804,23.972671,23.972671,0,0,0.621054,0.062072,50.320564,50.320564,0,0,0.636321
648,9-Jul-96,24:00:00,74.219572,0.057803,23.947743,23.947743,0,0,0.61407,0.065256,50.271492,50.271492,0,0,0.627325
649,10-Jul-96,24:00:00,74.153788,0.059273,23.925513,23.925513,0,0,0.60572,0.069063,50.227976,50.227976,0,0,0.61772
650,11-Jul-96,24:00:00,74.095297,0.052993,23.905667,23.905667,0,0,0.597707,0.065523,50.189365,50.189365,0,0,0.608113
651,12-Jul-96,24:00:00,74.043242,0.052497,23.887924,23.887924,0,0,0.5901,0.065402,50.155082,50.155082,0,0,0.598702
652,13-Jul-96,24:00:00,73.996862,0.052953,23.872038,23.872038,0,0,0.582571,0.067196,50.124614,50.124614,0,0,0.589294
653,14-Jul-96,24:00:00,73.955481,0.048688,23.857787,23.857787,0,0,0.575302,0.066763,50.097507,50.097507,0,0,0.57972
654,15-Jul-96,24:00:00,73.9185,0.043016,23.844977,23.844977,0,0,0.568787,0.060158,50.073357,50.073357,0,0,0.570604
655,16-Jul-96,24:00:00,73.885387,0.040221,23.833434,23.833434,0,0,0.562856,0.058547,50.051805,50.051805,0,0,0.562116
656,17-Jul-96,24:00:00,73.85567,0.056185,23.823003,23.823003,0,0,0.556057,0.057363,50.032534,50.032534,0,0,0.553805
657,18-Jul-96,24:00:00,73.82893,0.06095,23.81355,23.81355,0,0,0.547565,0.05787,50.01526,50.01526,0,0,0.545556
658,19-Jul-96,24:00:00,73.804794,0.067588,23.804951,23.804951,0,0,0.53833,0.061037,49.999735,49.999735,0,0,0.537116
659,20-Jul-96,24:00:00,73.782931,0.070294,23.7971,23.7971,0,0,0.528614,0.062689,49.985734,49.985734,0,0,0.52822
660,21-Jul-96,24:00:00,73.763049,0.071451,23.7899,23.7899,0,0,0.518473,0.066769,49.97306,49.97306,0,0,0.519008
661,22-Jul-96,24:00:00,73.744887,0.05441,23.783267,23.783267,0,0,0.509415,0.058677,49.961539,49.961539,0,0,0.509997
662,23-Jul-96,24:00:00,73.728212,0.039072,23.777126,23.777126,0,0,0.502857,0.037217,49.951012,49.951012,0,0,0.503425
663,24-Jul-96,24:00:00,73.71282,0.052657,23.771408,23.771408,0,0,0.49627,0.065984,49.941344,49.941344,0,0,0.495914
664,25-Jul-96,24:00:00,73.698527,0.055196,23.766056,23.766056,0,0,0.488615,0.063534,49.932409,49.932409,0,0,0.486598
665,26-Jul-96,24:00:00,73.685172,0.038107,23.761014,23.761014,0,0,0.481821,0.043143,49.924099,49.924099,0,0,0.479102
666,27-Jul-96,24:00:00,73.672609,0.036315,23.756238,23.756238,0,0,0.476467,0.040645,49.916316,49.916316,0,0,0.472991
667,28-Jul-96,24:00:00,73.66071,0.068044,23.751684,23.751684,0,0,0.46916,0.067674,49.908975,49.908975,0,0,0.46528
668,29-Jul-96,24:00:00,73.649362,0.067035,23.747315,23.747315,0,0,0.45949,0.06785,49.901997,49.901997,0,0,0.455586
669,30-Jul-96,24:00:00,73.638462,0.060057,23.743099,23.743099,0,0,0.450385,0.071323,49.895315,49.895315,0,0,0.44579
670,31-Jul-96,24:00:00,73.627921,0.066635,23.739005,23.739005,0,0,0.441319,0.067578,49.888869,49.888869,0,0,0.435759
671,1-Aug-96,24:00:00,73.617657,0.04821,23.735009,23.735009,0,0,0.433205,0.064708,49.882603,49.882603,0,0,0.426362
672,2-Aug-96,24:00:00,73.607599,0.071979,23.731085,23.731085,0,0,0.42487,0.068722,49.876469,49.876469,0,0,0.416892
673,3-Aug-96,24:00:00,73.597684,0.062524,23.727214,23.727214,0,0,0.414862,0.059398,49.870425,49.870425,0,0,0.40747
674,4-Aug-96,24:00:00,73.587854,0.059529,23.723377,23.723377,0,0,0.40611,0.060594,49.864433,49.864433,0,0,0.399024
675,5-Aug-96,24:00:00,73.578059,0.039451,23.719558,23.719558,0,0,0.399112,0.058033,49.858457,49.858457,0,0,0.390597
676,6-Aug-96,24:00:00,73.568253,0.04684,23.715741,23.715741,0,0,0.3929,0.056344,49.852469,49.852469,0,0,0.382336
677,7-Aug-96,24:00:00,73.558397,0.046293,23.711913,23.711913,0,0,0.386338,0.059544,49.84644,49.84644,0,0,0.374084
678,8-Aug-96,24:00:00,73.548454,0.054091,23.708063,23.708063,0,0,0.379176,0.060222,49.840346,49.840346,0,0,0.365501
679,9-Aug-96,24:00:00,73.538392,0.053752,23.704181,23.704181,0,0,0.371621,0.062369,49.834166,49.834166,0,0,0.356782
680,10-Aug-96,24:00:00,73.528183,0.063056,23.700256,23.700256,0,0,0.363069,0.066457,49.82788,49.82788,0,0,0.347574
681,11-Aug-96,24:00:00,73.5178,0.061779,23.696281,23.696281,0,0,0.354343,0.067563,49.821472,49.821472,0,0,0.338125
682,12-Aug-96,24:00:00,73.50722,0.063567,23.692248,23.692248,0,0,0.345215,0.070956,49.814924,49.814924,0,0,0.328251
683,13-Aug-96,24:00:00,73.496424,0.061308,23.688149,23.688149,0,0,0.336264,0.062065,49.808225,49.808225,0,0,0.318693
684,14-Aug-96,24:00:00,73.485392,0.058128,23.68398,23.68398,0,0,0.327699,0.062543,49.801361,49.801361,0,0,0.309675
685,15-Aug-96,24:00:00,73.474107,0.054489,23.679735,23.679735,0,0,0.319775,0.054676,49.794321,49.794321,0,0,0.301315
686,16-Aug-96,24:00:00,73.462556,0.051838,23.675408,23.675408,0,0,0.312111,0.058834,49.787094,49.787094,0,0,0.293259
687,17-Aug-96,24:00:00,73.450724,0.044941,23.670996,23.670996,0,0,0.305514,0.06091,49.779673,49.779673,0,0,0.284926
688,18-Aug-96,24:00:00,73.4386,0.041348,23.666495,23.666495,0,0,0.298947,0.022226,49.772049,49.772049,0,0,0.278723
689,19-Aug-96,24:00:00,73.426172,0.043572,23.6619,23.6619,0,0,0.29299,0.046724,49.764214,49.764214,0,0,0.273824
690,20-Aug-96,24:00:00,73.41343,0.051174,23.657209,23.657209,0,0,0.286272,0.050196,49.756162,49.756162,0,0,0.266973
691,21-Aug-96,24:00:00,73.400367,0.052467,23.652419,23.652419,0,0,0.278723,0.03459,49.747887,49.747887,0,0,0.260834
692,22-Aug-96,24:00:00,73.386973,0.051392,23.647527,23.647527,0,0,0.271289,0.035104,49.739383,49.739383,0,0,0.25587
693,23-Aug-96,24:00:00,73.373242,0.055816,23.64253,23.64253,0,0,0.263753,0.058394,49.730647,49.730647,0,0,0.249174
694,24-Aug-96,24:00:00,73.359166,0.04119,23.637428,23.637428,0,0,0.256846,0.058002,49.721672,49.721672,0,0,0.240981
695,25-Aug-96,24:00:00,73.344741,0.042488,23.632216,23.632216,0,0,0.250805,0.042947,49.712456,49.712456,0,0,0.23363
696,26-Aug-96,24:00:00,73.32996,0.037274,23.626895,23.626895,0,0,0.245149,0.035974,49.702995,49.702995,0,0,0.227994
697,27-Aug-96,24:00:00,73.314819,0.048934,23.621462,23.621462,0,0,0.238836,0.047729,49.693285,49.693285,0,0,0.221976
698,28-Aug-96,24:00:00,73.299312,0.05804,23.615916,23.615916,0,0,0.231311,0.056487,49.683323,49.683323,0,0,0.214557
699,29-Aug-96,24:00:00,73.283437,0.057068,23.610255,23.610255,0,0,0.223099,0.06007,49.673106,49.673106,0,0,0.206303
700,30-Aug-96,24:00:00,73.267188,0.052125,23.604478,23.604478,0,0,0.215187,0.060556,49.662633,49.662633,0,0,0.197694
701,31-Aug-96,24:00:00,73.250564,0.052208,23.598584,23.598584,0,0,0.207743,0.053274,49.6519,49.6519,0,0,0.189473
702,1-Sep-96,24:00:00,73.233559,0.037003,23.592572,23.592572,0,0,0.201423,0.054309,49.640906,49.640906,0,0,0.181798
703,2-Sep-96,24:00:00,73.216173,0.038179,23.586441,23.586441,0,0,0.196138,0.050832,49.629648,49.629648,0,0,0.174359
704,3-Sep-96,24:00:00,73.198401,0.02364,23.58019,23.58019,0,0,0.191591,0.036603,49.618126,49.618126,0,0,0.168085
705,4-Sep-96,24:00:00,73.180242,0.042571,23.573819,23.573819,0,0,0.18688,0.046416,49.606336,49.606336,0,0,0.162088
706,5-Sep-96,24:00:00,73.161693,0.047765,23.567325,23.567325,0,0,0.180362,0.046811,49.594278,49.594278,0,0,0.155422
707,6-Sep-96,24:00:00,73.142752,0.055923,23.56071,23.56071,0,0,0.17311,0.043085,49.581951,49.581951,0,0,0.148964
708,7-Sep-96,24:00:00,73.123417,0.053382,23.553972,23.553972,0,0,0.165246,0.048622,49.569352,49.569352,0,0,0.14241
709,8-Sep-96,24:00:00,73.103686,0.052221,23.54711,23.54711,0,0,0.157751,0.050654,49.556481,49.556481,0,0,0.135346
710,9-Sep-96,24:00:00,73.083558,0.051191,23.540124,23.540124,0,0,0.150284,0.047312,49.543337,49.543337,0,0,0.128413
711,10-Sep-96,24:00:00,73.063032,0.041948,23.533014,23.533014,0,0,0.143652,0.051,49.529919,49.529919,0,0,0.121406
712,11-Sep-96,24:00:00,73.042105,0.028127,23.525778,23.525778,0,0,0.138588,0.036583,49.516226,49.516226,0,0,0.115013
713,12-Sep-96,24:00:00,73.020777,0.035914,23.518418,23.518418,0,0,0.133978,0.038376,49.502256,49.502256,0,0,0.109732
714,13-Sep-96,24:00:00,72.999046,0.037764,23.510931,23.510931,0,0,0.128789,0.029487,49.48801,49.48801,0,0,0.104859
715,14-Sep-96,24:00:00,72.976911,0.042073,23.503318,23.503318,0,0,0.122985,0.035084,49.473486,49.473486,0,0,0.100255
716,15-Sep-96,24:00:00,72.954371,0.038301,23.495579,23.495579,0,0,0.117468,0.035462,49.458683,49.458683,0,0,0.095268
717,16-Sep-96,24:00:00,72.931425,0.046633,23.487712,23.487712,0,0,0.111281,0.038206,49.443602,49.443602,0,0,0.089934
718,17-Sep-96,24:00:00,72.908073,0.043754,23.479719,23.479719,0,0,0.104745,0.03679,49.428242,49.428242,0,0,0.084571
719,18-Sep-96,24:00:00,72.884313,0.050207,23.471597,23.471597,0,0,0.098049,0.040902,49.412601,49.412601,0,0,0.078985
720,19-Sep-96,24:00:00,72.860145,0.04253,23.463348,23.463348,0,0,0.091455,0.041732,49.39668,49.39668,0,0,0.073106
721,20-Sep-96,24:00:00,72.835569,0.045998,23.454971,23.454971,0,0,0.085093,0.047729,49.380478,49.380478,0,0,0.06679
722,21-Sep-96,24:00:00,72.810582,0.048676,23.446466,23.446466,0,0,0.078409,0.047393,49.363995,49.363995,0,0,0.059989
723,22-Sep-96,24:00:00,72.785186,0.035182,23.437833,23.437833,0,0,0.072346,0.038633,49.34723,49.34723,0,0,0.053792
724,23-Sep-96,24:00:00,72.759379,0.035884,23.42907,23.42907,0,0,0.067172,0.035764,49.330183,49.330183,0,0,0.048444
725,24-Sep-96,24:00:00,72.733161,0.030779,23.420179,23.420179,0,0,0.06254,0.033826,49.312854,49.312854,0,0,0.043517
726,25-Sep-96,24:00:00,72.706531,0.029165,23.41116,23.41116,0,0,0.058202,0.033469,49.295242,49.295242,0,0,0.038749
727,26-Sep-96,24:00:00,72.67949,0.028375,23.402011,23.402011,0,0,0.054135,0.036454,49.277348,49.277348,0,0,0.033705
728,27-Sep-96,24:00:00,72.652036,0.029919,23.392732,23.392732,0,0,0.049934,0.042336,49.25917,49.25917,0,0,0.0281
729,28-Sep-96,24:00:00,72.624171,0.029345,23.383325,23.383325,0,0,0.045792,0.040868,49.24071,49.24071,0,0,0.022132
730,29-Sep-96,24:00:00,72.595892,0.026899,23.373788,23.373788,0,0,0.041778,0.038642,49.221967,49.221967,0,0,0.016472
731,30-Sep-96,24:00:00,72.567201,0.017992,23.364122,23.364122,0,0,0.038477,0.032732,49.20294,49.20294,0,0,0.011345
732,1-Oct-96,24:00:00,72.538097,0.025254,23.354326,23.354326,0,0,0.035442,0.026667,49.183629,49.183629,0,0,0.007132
733,2-Oct-96,24:00:00,72.50858,0.025901,23.3444,23.3444,0,0,0.03176,0.035993,49.164036,49.164036,0,0,0.002632
734,3-Oct-96,24:00:00,72.47865,0.033451,23.334345,23.334345,0,0,0.027532,0.03704,49.144158,49.144158,0,0,0.000001
735,4-Oct-96,24:00:00,72.448306,0.033477,23.32416,23.32416,0,0,0.022686,0.035681,49.123998,49.123998,0,0,0
736,5-Oct-96,24:00:00,72.41755,0.041182,23.313846,23.313846,0,0,0.017395,0.038822,49.103554,49.103554,0,0,0
737,6-Oct-96,24:00:00,72.38638,0.039857,23.303402,23.303402,0,0,0.011636,0.036613,49.082826,49.082826,0,0,0
738,7-Oct-96,24:00:00,72.354798,0.03798,23.292828,23.292828,0,0,0.006021,0.03779,49.061815,49.061815,0,0,0
739,8-Oct-96,24:00:00,72.322802,0.04214,23.282125,23.282125,0,0,0.001421,0.044188,49.040521,49.040521,0,0,0
740,9-Oct-96,24:00:00,72.290394,0.031431,23.271292,23.271292,0,0,0,0.040314,49.018944,49.018944,0,0,0
741,10-Oct-96,24:00:00,72.257573,0.031592,23.260329,23.260329,0,0,0,0.02955,48.997084,48.997084,0,0,0
742,11-Oct-96,24:00:00,72.22434,0.032745,23.249237,23.249237,0,0,0,0.029651,48.974941,48.974941,0,0,0
743,12-Oct-96,24:00:00,72.190694,0.031353,23.238015,23.238015,0,0,0,0.025798,48.952515,48.952515,0,0,0
744,13-Oct-96,24:00:00,72.156637,0.031308,23.226664,23.226664,0,0,0,0.025282,48.929807,48.929807,0,0,0
745,14-Oct-96,24:00:00,72.122168,0.036999,23.215183,23.215183,0,0,0,0.032453,48.906816,48.906816,0,0,0
746,15-Oct-96,24:00:00,72.087288,0.043547,23.203573,23.203573,0,0,0,0.037163,48.883544,48.883544,0,0,0
747,16-Oct-96,24:00:00,72.051997,0.026847,23.191834,23.191834,0,0,0,0.023958,48.859989,48.859989,0,0,0
748,17-Oct-96,24:00:00,72.016295,0.029388,23.179966,23.179966,0,0,0,0.025137,48.836154,48.836154,0,0,0
749,18-Oct-96,24:00:00,83.141373,0.019098,26.323364,23.167969,0.092662,0,0.009172,0.016409,56.84639,48.812037,0.126014,0,0.012744
750,19-Oct-96,24:00:00,72.826072,0.027251,23.155844,23.155844,0,0,0.013237,0.020657,49.64146,48.787639,0,0,0.018002
751,20-Oct-96,24:00:00,71.906731,0.030358,23.143589,23.143589,0,0,0.013237,0.023357,48.762961,48.762961,0,0,0.018002
752,21-Oct-96,24:00:00,71.869391,0.029449,23.131206,23.131206,0,0,0.012951,0.022074,48.738002,48.738002,0,0,0.018002
753,22-Oct-96,24:00:00,71.831643,0.022461,23.118694,23.118694,0,0,0.010816,0.021566,48.712764,48.712764,0,0,0.017795
754,23-Oct-96,24:00:00,71.793488,0.023118,23.106054,23.106054,0,0,0.007583,0.02272,48.687246,48.687246,0,0,0.015852
755,24-Oct-96,24:00:00,71.754925,0.013615,23.093286,23.093286,0,0,0.005071,0.008004,48.661449,48.661449,0,0,0.013727
756,25-Oct-96,24:00:00,71.715955,0.025503,23.080391,23.080391,0,0,0.002198,0.013802,48.635373,48.635373,0,0,0.012183
757,26-Oct-96,24:00:00,71.67658,0.044155,23.067367,23.067367,0,0,0.000071,0.027518,48.60902,48.60902,0,0,0.009201
758,27-Oct-96,24:00:00,71.636799,0.043811,23.054216,23.054216,0,0,0,0.022645,48.582388,48.582388,0,0,0.00557
759,28-Oct-96,24:00:00,71.596614,0.023414,23.040937,23.040937,0,0,0,0.02444,48.555479,48.555479,0,0,0.00224
760,29-Oct-96,24:00:00,126.617982,0.014443,44.537241,23.027531,0.667473,0,0.056089,0.012666,82.560457,48.528293,0.720899,0,0.058387
761,30-Oct-96,24:00:00,89.864582,0.011443,24.233503,23.013999,0,0,0.095353,0.011136,65.160258,48.500831,0,0,0.103388
762,31-Oct-96,24:00:00,71.638731,0.012969,23.000339,23.000339,0,0,0.095353,0.014242,48.628883,48.473093,0,0,0.103388
763,1-Nov-96,24:00:00,71.431839,0.02116,22.986553,22.986553,0,0,0.095353,0.019211,48.44508,48.44508,0,0,0.103388
764,2-Nov-96,24:00:00,71.38964,0.016408,22.972641,22.972641,0,0,0.095353,0.019436,48.416792,48.416792,0,0,0.103388
765,3-Nov-96,24:00:00,71.347042,0.009195,22.958602,22.958602,0,0,0.095353,0.00787,48.38823,48.38823,0,0,0.103388
766,4-Nov-96,24:00:00,71.304044,0.017935,22.944438,22.944438,0,0,0.095353,0.018936,48.359394,48.359394,0,0,0.103388
767,5-Nov-96,24:00:00,71.260647,0.025315,22.930148,22.930148,0,0,0.094547,0.018909,48.330285,48.330285,0,0,0.102806
768,6-Nov-96,24:00:00,71.216852,0.01745,22.915733,22.915733,0,0,0.091995,0.017796,48.300904,48.300904,0,0,0.100728
769,7-Nov-96,24:00:00,71.172661,0.01743,22.901193,22.901193,0,0,0.089533,0.016305,48.271251,48.271251,0,0,0.098285
770,8-Nov-96,24:00:00,71.128073,0.017245,22.886528,22.886528,0,0,0.087045,0.018647,48.241326,48.241326,0,0,0.09581
771,9-Nov-96,24:00:00,71.083091,0.013113,22.871738,22.871738,0,0,0.084901,0.016535,48.211131,48.211131,0,0,0.093257
772,10-Nov-96,24:00:00,71.037714,0.014599,22.856825,22.856825,0,0,0.082876,0.016481,48.180666,48.180666,0,0,0.090921
773,11-Nov-96,24:00:00,70.991944,0.013689,22.841787,22.841787,0,0,0.080892,0.019328,48.149931,48.149931,0,0,0.088406
774,12-Nov-96,24:00:00,70.945781,0.013648,22.826626,22.826626,0,0,0.07892,0.011398,48.118928,48.118928,0,0,0.086201
775,13-Nov-96,24:00:00,70.899228,0.020355,22.811341,22.811341,0,0,0.076647,0.018491,48.087657,48.087657,0,0,0.084093
776,14-Nov-96,24:00:00,70.852283,0.020677,22.795934,22.795934,0,0,0.073755,0.016067,48.056119,48.056119,0,0,0.081609
777,15-Nov-96,24:00:00,70.80495,0.019682,22.780403,22.780403,0,0,0.070778,0.0154,48.024314,48.024314,0,0,0.079348
778,16-Nov-96,24:00:00,82.560717,0.005137,31.160099,22.764751,0.50041,0,0.079016,0.006,51.643634,47.992243,0.391062,0,0.0847
779,17-Nov-96,24:00:00,169.361982,0.009126,60.210135,22.748976,1.073266,0,0.224175,0.006602,109.437601,47.959907,0.972323,0,0.203637
780,18-Nov-96,24:00:00,172.50693,0.00543,55.728014,22.733079,0.767298,0,0.364157,0.005236,116.49623,47.927307,0.676018,0,0.333258
781,19-Nov-96,24:00:00,253.377725,0.005983,91.20047,22.717061,2.020482,0,0.564143,0.006278,162.758337,47.894443,1.863772,0,0.517746
782,20-Nov-96,24:00:00,100.144896,0.008044,24.803895,22.700922,0.026982,0,0.694855,0.009043,74.522381,47.861316,0,0,0.634996
783,21-Nov-96,24:00:00,72.528568,0.007495,23.298494,22.684662,0.039266,0,0.696559,0.007323,49.253141,47.827927,0.057907,0,0.636707
784,22-Nov-96,24:00:00,179.755186,0.009382,66.756981,22.668282,1.273483,0,0.845295,0.007207,113.147221,47.794277,0.962047,0,0.750987
785,23-Nov-96,24:00:00,75.833991,0.006583,22.651782,22.651782,0,0,0.883113,0.005893,53.003858,47.760367,0,0,0.780703
786,24-Nov-96,24:00:00,73.331505,0.007252,25.605059,22.635162,0.08758,0,0.889792,0.007644,47.726196,47.726196,0,0,0.780703
787,25-Nov-96,24:00:00,70.322889,0.016057,22.63087,22.618423,0,0,0.895625,0.014727,47.691767,47.691767,0,0,0.780703
788,26-Nov-96,24:00:00,70.258899,0.018109,22.601565,22.601565,0,0,0.895625,0.012122,47.65708,47.65708,0,0,0.780703
789,27-Nov-96,24:00:00,70.20698,0.011247,22.584588,22.584588,0,0,0.895625,0.011923,47.622135,47.622135,0,0,0.780703
790,28-Nov-96,24:00:00,70.154686,0.021579,22.567494,22.567494,0,0,0.895625,0.020385,47.586934,47.586934,0,0,0.780703
791,29-Nov-96,24:00:00,70.102019,0.016691,22.550281,22.550281,0,0,0.895625,0.012848,47.551478,47.551478,0,0,0.780703
792,30-Nov-96,24:00:00,70.04898,0.010844,22.532951,22.532951,0,0,0.895625,0.006389,47.515767,47.515767,0,0,0.780703
793,1-Dec-96,24:00:00,72.332299,0.018569,23.401831,22.515504,0.026028,0,0.899111,0.015852,48.932126,47.479802,0.021341,0,0.783562
794,2-Dec-96,24:00:00,69.996621,0.010866,22.497941,22.497941,0,0,0.899343,0.009091,47.496492,47.443584,0,0,0.783752
795,3-Dec-96,24:00:00,69.887642,0.00596,22.480261,22.480261,0,0,0.899343,0.004094,47.407114,47.407114,0,0,0.783752
796,4-Dec-96,24:00:00,480.604602,0.006609,395.667885,62.358169,1.264446,0.559848,0.928344,0.003399,87.586922,49.716081,1.769275,0.255539,0.831482
797,5-Dec-96,24:00:00,2146.97,0.009125,1057.62,521.659593,0.543965,0.543965,1,0.006877,1091.14,625.720471,0.510172,0.510172,1
798,6-Dec-96,24:00:00,386.45157,0.007102,73.278965,73.278965,0,0,1,0.008227,309.382658,298.882741,0,0,1
799,7-Dec-96,24:00:00,543.881121,0.005946,298.788815,277.707186,0.672267,0.672267,1,0.006463,248.496248,228.903391,0.495224,0.495224,1
800,8-Dec-96,24:00:00,791.223133,0.011458,250.104628,244.213799,0.119938,0.119938,1,0.006686,539.05835,519.207616,0.069694,0.069694,1
801,9-Dec-96,24:00:00,3878.03,0.006083,1734.49,842.775468,2.294773,2.294773,1,0.00633,2157.79,1006.38,2.316182,2.316182,1
802,10-Dec-96,24:00:00,6231.53,0.007687,2064.73,895.684939,0.817646,0.817646,1,0.007504,4162.74,2173.12,0.841779,0.841779,1
803,11-Dec-96,24:00:00,1450.35,0.004784,328.410907,318.360184,0.308038,0.308038,1,0.004567,1115.77,995.281144,0.52076,0.52076,1
804,12-Dec-96,24:00:00,1015.64,0.009097,246.359004,244.880227,0.077796,0.077796,1,0.010313,765.684603,752.848663,0.107502,0.107502,1
805,13-Dec-96,24:00:00,751.744278,0.016399,227.230595,224.916054,0.020714,0.020714,1,0.013268,523.596735,515.49687,0.022409,0.022409,1
806,14-Dec-96,24:00:00,539.39414,0.018354,167.950393,167.950393,0,0,1,0.011178,370.699613,370.540848,0,0,1
807,15-Dec-96,24:00:00,466.5101,0.011428,151.396904,151.396904,0,0,1,0.010575,314.841781,314.841781,0,0,1
808,16-Dec-96,24:00:00,420.444353,0.010073,136.776169,136.776169,0,0,1,0.009623,283.454933,283.454933,0,0,1
809,17-Dec-96,24:00:00,380.624283,0.032868,123.806699,123.806699,0,0,1,0.008681,256.630198,256.630198,0,0,1
810,18-Dec-96,24:00:00,345.33991,0.008412,112.301758,112.301758,0,0,1,0.011265,232.872508,232.872508,0,0,1
811,19-Dec-96,24:00:00,314.04046,0.010496,102.095738,102.095738,0,0,0.99948,0.010146,211.798199,211.798199,0,0,1
812,20-Dec-96,24:00:00,289.586967,0.0034,94.614031,94.133196,0.156481,0.145114,0.998722,0.003139,195.091265,194.788944,0.214105,0.214105,1
813,21-Dec-96,24:00:00,1154.57,0.003605,424.604411,400.441298,0.657263,0.657263,1,0.003382,733.79629,687.188837,0.557437,0.557437,1
814,22-Dec-96,24:00:00,1495.35,0.008518,606.325149,573.726591,0.869203,0.869203,1,0.006632,890.887218,841.133869,0.676376,0.676376,1
815,23-Dec-96,24:00:00,746.33107,0.007232,164.631989,164.565724,0,0,1,0.005221,576.871541,571.408259,0,0,1
816,24-Dec-96,24:00:00,404.172259,0.011899,130.073612,130.073612,0,0,1,0.010933,273.382678,273.382678,0,0,1
817,25-Dec-96,24:00:00,366.645597,0.01039,117.840889,117.840889,0,0,1,0.007336,248.960213,246.528653,0.041074,0.041074,1
818,26-Dec-96,24:00:00,1297.14,0.003215,643.692712,523.116145,1.376318,1.376318,1,0.002907,662.654312,596.864395,1.433534,1.433534,1
819,27-Dec-96,24:00:00,2057.17,0.006118,555.567523,530.98946,0.436529,0.436529,1,0.005858,1499.34,1435.48,0.571455,0.571455,1
820,28-Dec-96,24:00:00,1331.59,0.007777,307.970167,300.628502,0.169474,0.169474,1,0.00696,1020.17,987.097293,0.313153,0.313153,1
821,29-Dec-96,24:00:00,1857.55,0.007588,818.479809,770.586139,1.470925,1.470925,1,0.007542,1044.27,979.570766,1.095802,1.095802,1
822,30-Dec-96,24:00:00,2837.44,0.005126,1261.29,770.914596,1.713498,1.713498,1,0.004431,1592.55,1207.68,1.439562,1.439562,1
823,31-Dec-96,24:00:00,9692.70,0.005936,2893.19,1342.02,2.266128,2.266128,1,0.0065,6796.41,2353.00,2.245123,2.245123,1
824,1-Jan-97,24:00:00,9184.53,0.004061,2903.15,1447.05,2.331827,2.331827,1,0.004014,6279.85,2864.97,2.329111,2.329111,1
825,2-Jan-97,24:00:00,3390.79,0.006141,791.727801,778.062104,0.231466,0.231466,1,0.006672,2585.44,2312.01,0.220202,0.220202,1
826,3-Jan-97,24:00:00,1485.46,0.015953,427.220555,425.351964,0,0,1,0.014461,1053.87,1046.79,0,0,1
827,4-Jan-97,24:00:00,1061.93,0.007559,345.938412,345.938412,0,0,1,0.003958,714.792812,714.695552,0,0,1
828,5-Jan-97,24:00:00,927.430827,0.016026,309.240688,309.240688,0,0,1,0.013377,617.622748,617.622748,0,0,1
829,6-Jan-97,24:00:00,829.14926,0.015321,276.730708,276.730708,0,0,1,0.010065,551.946985,551.946985,0,0,1
830,7-Jan-97,24:00:00,742.989785,0.011065,247.895352,247.895352,0,0,1,0.011027,494.680406,494.680406,0,0,1
831,8-Jan-97,24:00:00,666.604547,0.010261,222.319113,222.319113,0,0,1,0.010539,443.920795,443.920795,0,0,1
832,9-Jan-97,24:00:00,598.853603,0.010989,199.633472,199.633472,0,0,1,0.009557,398.89874,398.89874,0,0,1
833,10-Jan-97,24:00:00,538.759511,0.010347,179.51158,179.51158,0,0,1,0.01054,358.96447,358.96447,0,0,1
834,11-Jan-97,24:00:00,485.456384,0.003049,161.663551,161.663551,0,0,0.999971,0.007062,323.542671,323.542671,0,0,1
835,12-Jan-97,24:00:00,438.176292,0.006956,145.832277,145.832277,0,0,0.999427,0.006923,292.123111,292.123111,0,0,1
836,13-Jan-97,24:00:00,396.238152,0.015456,131.789723,131.789723,0,0,0.997917,0.012194,264.253255,264.253255,0,0,0.9994
837,14-Jan-97,24:00:00,359.037907,0.018324,119.333641,119.333641,0,0,0.995732,0.017166,239.531739,239.531739,0,0,0.997694
838,15-Jan-97,24:00:00,326.039817,0.004782,108.284651,108.284651,0,0,0.99406,0.006471,217.602585,217.602585,0,0,0.996129
839,16-Jan-97,24:00:00,296.768724,0.00564,98.483657,98.483657,0,0,0.994059,0.006894,198.150067,198.150067,0,0,0.996128
840,17-Jan-97,24:00:00,270.80321,0.006583,89.789556,89.789556,0,0,0.994059,0.007415,180.894161,180.894161,0,0,0.996128
841,18-Jan-97,24:00:00,247.76951,0.008246,82.077196,82.077196,0,0,0.994059,0.00853,165.586509,165.586509,0,0,0.995793
842,19-Jan-97,24:00:00,227.33613,0.006155,75.23558,75.23558,0,0,0.99385,0.007321,152.006832,152.006832,0,0,0.994894
843,20-Jan-97,24:00:00,240.149392,0.007943,78.883054,76.682285,0.107,0.061809,0.997374,0.003609,161.584161,156.468321,0.107125,0.067292,0.998696
844,21-Jan-97,24:00:00,761.353668,0.004407,361.717163,341.662407,0.546956,0.546956,1,0.003511,401.541077,378.444712,0.377443,0.377443,1
845,22-Jan-97,24:00:00,6960.58,0.003117,3096.63,690.606205,1.496082,1.496082,1,0.003285,3886.86,939.265254,1.482557,1.482557,1
846,23-Jan-97,24:00:00,2135.82,0.00995,272.609204,253.449624,0,0,1,0.008058,1839.16,1053.10,0,0,1
847,24-Jan-97,24:00:00,649.850454,0.006051,245.91229,226.399064,0.773985,0.773985,1,0.004836,405.63225,389.208425,0.808406,0.808406,1
848,25-Jan-97,24:00:00,7586.36,0.009698,3019.91,1120.32,2.070854,2.070854,1,0.006467,4584.81,1741.20,2.205407,2.205407,1
849,26-Jan-97,24:00:00,4819.94,0.012248,1394.04,742.6049,0.498163,0.498163,1,0.009827,3411.33,2124.96,0.519419,0.519419,1
850,27-Jan-97,24:00:00,1066.28,0.009297,240.223641,240.223641,0,0,1,0.007662,819.334835,798.213666,0,0,1
851,28-Jan-97,24:00:00,679.779766,0.008042,213.769962,213.769962,0,0,1,0.004193,465.207578,465.207578,0,0,1
852,29-Jan-97,24:00:00,595.750123,0.012172,192.024228,192.024228,0,0,1,0.011288,403.382807,403.382807,0,0,1
853,30-Jan-97,24:00:00,535.365999,0.00801,172.736761,172.736761,0,0,1,0.009136,362.341581,362.341581,0,0,1
854,31-Jan-97,24:00:00,482.3472,0.008331,155.629326,155.629326,0,0,1,0.005299,326.464512,326.464512,0,0,1
855,1-Feb-97,24:00:00,435.337696,0.015357,140.455431,140.455431,0,0,1,0.012441,294.658572,294.658572,0,0,1
856,2-Feb-97,24:00:00,393.641595,0.016201,126.996454,126.996454,0,0,1,0.012984,266.447521,266.447521,0,0,1
857,3-Feb-97,24:00:00,357.375111,0.009442,115.20772,115.170329,0.033328,0.033328,1,0.009865,242.094093,242.011778,0.133408,0.133408,1
858,4-Feb-97,24:00:00,478.735375,0.008461,121.793554,120.696036,0,0,1,0.011092,357.434273,346.653447,0.024204,0.024204,1
859,5-Feb-97,24:00:00,342.036838,0.018958,96.577768,96.577768,0,0,1,0.016461,244.72039,244.466666,0,0,1
860,6-Feb-97,24:00:00,284.820467,0.015071,88.04842,88.04842,0,0,1,0.012413,196.596344,196.596344,0,0,1
861,7-Feb-97,24:00:00,258.595486,0.006145,80.511234,80.511234,0,0,1,0.006789,177.965263,177.965263,0,0,1
862,8-Feb-97,24:00:00,236.810181,0.01757,73.825543,73.825543,0,0,1,0.01798,162.880801,162.880801,0,0,1
863,9-Feb-97,24:00:00,217.542415,0.007023,67.895075,67.895075,0,0,1,0.005143,149.555418,149.555418,0,0,1
864,10-Feb-97,24:00:00,200.452646,0.021007,62.634451,62.634451,0,0,1,0.016325,137.736756,137.736756,0,0,1
865,11-Feb-97,24:00:00,185.292911,0.016292,57.967942,57.967942,0,0,0.999381,0.01644,127.252797,127.252797,0,0,0.999885
866,12-Feb-97,24:00:00,171.844963,0.024409,53.828384,53.828384,0,0,0.996919,0.019487,117.952603,117.952603,0,0,0.99834
867,13-Feb-97,24:00:00,159.915278,0.028025,50.156208,50.156208,0,0,0.99311,0.021924,109.702349,109.702349,0,0,0.995352
868,14-Feb-97,24:00:00,149.33222,0.026116,46.89858,46.89858,0,0,0.989256,0.018286,102.383341,102.383341,0,0,0.992414
869,15-Feb-97,24:00:00,139.943559,0.021496,44.00864,44.00864,0,0,0.985805,0.014876,95.890309,95.890309,0,0,0.990041
870,16-Feb-97,24:00:00,131.614279,0.019302,41.444826,41.444826,0,0,0.982865,0.020879,90.129883,90.129883,0,0,0.987581
871,17-Feb-97,24:00:00,124.224632,0.024522,39.170276,39.170276,0,0,0.979847,0.022635,85.019251,85.019251,0,0,0.984471
872,18-Feb-97,24:00:00,117.668409,0.023012,37.152295,37.152295,0,0,0.976364,0.021794,80.484967,80.484967,0,0,0.981273
873,19-Feb-97,24:00:00,111.85141,0.010982,35.361886,35.361886,0,0,0.97397,0.015114,76.461887,76.461887,0,0,0.978706
874,20-Feb-97,24:00:00,106.690088,0.026488,33.77333,33.77333,0,0,0.97132,0.020529,72.892233,72.892233,0,0,0.976051
875,21-Feb-97,24:00:00,102.11034,0.019688,32.363815,32.363815,0,0,0.967984,0.018473,69.724759,69.724759,0,0,0.973337
876,22-Feb-97,24:00:00,98.046442,0.026202,31.113109,31.113109,0,0,0.964696,0.024453,66.914014,66.914014,0,0,0.970232
877,23-Feb-97,24:00:00,94.440102,0.038314,30.003269,30.003269,0,0,0.960254,0.032542,64.419686,64.419686,0,0,0.966233
878,24-Feb-97,24:00:00,91.239618,0.036355,29.018376,29.018376,0,0,0.95476,0.027694,62.206021,62.206021,0,0,0.961902
879,25-Feb-97,24:00:00,88.399133,0.029293,28.144316,28.144316,0,0,0.950232,0.032367,60.241304,60.241304,0,0,0.957967
880,26-Feb-97,24:00:00,85.877974,0.031332,27.368567,27.368567,0,0,0.945897,0.028722,58.49741,58.49741,0,0,0.953348
881,27-Feb-97,24:00:00,83.640067,0.026615,26.680024,26.680024,0,0,0.941677,0.017719,56.949391,56.949391,0,0,0.949978
882,28-Feb-97,24:00:00,81.653415,0.02875,26.068837,26.068837,0,0,0.939148,0.02639,55.57512,55.57512,0,0,0.946672
883,1-Mar-97,24:00:00,79.938895,0.019327,25.575525,25.52627,0.043903,0,0.939118,0.01744,54.35497,54.35497,0,0,0.943585
884,2-Mar-97,24:00:00,158.435201,0.022358,78.491073,61.427494,0.458638,0.07545,0.997699,0.019844,79.971114,53.271534,0.391935,0,0.995279
885,3-Mar-97,24:00:00,81.503176,0.020069,28.207879,28.207879,0,0,1,0.017894,53.254249,52.309374,0,0,0.998301
886,4-Mar-97,24:00:00,78.692652,0.026009,27.231971,27.231971,0,0,1,0.021329,51.454793,51.454793,0,0,0.998301
887,5-Mar-97,24:00:00,77.256859,0.023775,26.555982,26.555982,0,0,1,0.015549,50.695647,50.695647,0,0,0.998301
888,6-Mar-97,24:00:00,75.98183,0.027804,25.956021,25.956021,0,0,0.998764,0.026811,50.021159,50.021159,0,0,0.998267
889,7-Mar-97,24:00:00,74.849379,0.029817,25.423472,25.423472,0,0,0.99516,0.029586,49.421776,49.421776,0,0,0.996086
890,8-Mar-97,24:00:00,73.84341,0.029549,24.950718,24.950718,0,0,0.99086,0.029418,48.889019,48.889019,0,0,0.991893
891,9-Mar-97,24:00:00,72.949644,0.028795,24.531007,24.531007,0,0,0.986668,0.03154,48.41537,48.41537,0,0,0.987549
892,10-Mar-97,24:00:00,72.155415,0.03676,24.158348,24.158348,0,0,0.982102,0.033694,47.994161,47.994161,0,0,0.982917
893,11-Mar-97,24:00:00,71.44949,0.031195,23.827429,23.827429,0,0,0.977202,0.030308,47.619476,47.619476,0,0,0.978376
894,12-Mar-97,24:00:00,70.821904,0.033807,23.533536,23.533536,0,0,0.972551,0.026707,47.286066,47.286066,0,0,0.974204
895,13-Mar-97,24:00:00,70.263817,0.029791,23.27249,23.27249,0,0,0.967979,0.02947,46.989279,46.989279,0,0,0.970249
896,14-Mar-97,24:00:00,69.76739,0.031082,23.040582,23.040582,0,0,0.963625,0.031907,46.724983,46.724983,0,0,0.96587
897,15-Mar-97,24:00:00,69.325668,0.021502,22.834523,22.834523,0,0,0.959861,0.022994,46.489518,46.489518,0,0,0.961965
898,16-Mar-97,24:00:00,1605.25,0.009011,822.033179,362.411884,1.388118,1.096045,0.985631,0.006829,798.284258,315.407299,1.437105,1.158403,0.987236
899,17-Mar-97,24:00:00,1472.90,0.016506,263.531396,238.679085,0,0,1,0.025306,1196.95,896.848997,0,0,1
900,18-Mar-97,24:00:00,313.362185,0.027852,68.729176,68.729176,0,0,1,0.027724,242.356502,240.586741,0,0,1
901,19-Mar-97,24:00:00,203.604988,0.026105,63.273473,63.273473,0,0,1,0.02675,140.13687,140.13687,0,0,1
902,20-Mar-97,24:00:00,184.047042,0.029621,58.516187,58.516187,0,0,0.999987,0.024751,125.45572,125.45572,0,0,0.999757
903,21-Mar-97,24:00:00,170.53391,0.034223,54.296554,54.296554,0,0,0.997563,0.031996,116.174455,116.174455,0,0,0.997059
904,22-Mar-97,24:00:00,158.684232,0.028278,50.553774,50.553774,0,0,0.993015,0.03693,108.07481,108.07481,0,0,0.992172
905,23-Mar-97,24:00:00,148.17743,0.034967,47.233929,47.233929,0,0,0.988527,0.038304,100.894161,100.894161,0,0,0.986814
906,24-Mar-97,24:00:00,138.857676,0.035501,44.289201,44.289201,0,0,0.98357,0.034505,94.524718,94.524718,0,0,0.981511
907,25-Mar-97,24:00:00,130.590642,0.04207,41.677177,41.677177,0,0,0.978048,0.040912,88.874657,88.874657,0,0,0.976233
908,26-Mar-97,24:00:00,123.257299,0.024808,39.360239,39.360239,0,0,0.973217,0.038784,83.862635,83.862635,0,0,0.970551
909,27-Mar-97,24:00:00,116.752077,0.038509,37.305024,37.305024,0,0,0.9688,0.037587,79.416514,79.416514,0,0,0.965101
910,28-Mar-97,24:00:00,110.981345,0.039838,35.481942,35.481942,0,0,0.963165,0.040248,75.472309,75.472309,0,0,0.959533
911,29-Mar-97,24:00:00,105.862058,0.04172,33.864746,33.864746,0,0,0.957362,0.037765,71.973273,71.973273,0,0,0.953946
912,30-Mar-97,24:00:00,101.320563,0.015629,32.430159,32.430159,0,0,0.953145,0.013604,68.869074,68.869074,0,0,0.950146
913,31-Mar-97,24:00:00,97.291532,0.036565,31.157535,31.157535,0,0,0.949598,0.029604,66.115069,66.115069,0,0,0.947125
914,1-Apr-97,24:00:00,93.717026,0.046533,30.028563,30.028563,0,0,0.943818,0.036352,63.671666,63.671666,0,0,0.942468
915,2-Apr-97,24:00:00,90.545656,0.053211,29.027002,29.027002,0,0,0.936558,0.042457,61.503747,61.503747,0,0,0.936847
916,3-Apr-97,24:00:00,87.731842,0.051281,28.138446,28.138446,0,0,0.928983,0.044791,59.580167,59.580167,0,0,0.930688
917,4-Apr-97,24:00:00,85.23516,0.041503,27.35012,27.35012,0,0,0.922272,0.041656,57.873299,57.873299,0,0,0.924388
918,5-Apr-97,24:00:00,83.019754,0.041439,26.650691,26.650691,0,0,0.916432,0.038491,56.358641,56.358641,0,0,0.918747
919,6-Apr-97,24:00:00,81.053823,0.024817,26.03011,26.03011,0,0,0.911679,0.021548,55.014463,55.014463,0,0,0.914351
920,7-Apr-97,24:00:00,79.309162,0.037941,25.47946,25.47946,0,0,0.907199,0.03829,53.821489,53.821489,0,0,0.910095
921,8-Apr-97,24:00:00,77.760751,0.047155,24.990837,24.990837,0,0,0.901285,0.040553,52.762624,52.762624,0,0,0.904586
922,9-Apr-97,24:00:00,76.386403,0.044946,24.557227,24.557227,0,0,0.894484,0.038448,51.822703,51.822703,0,0,0.898686
923,10-Apr-97,24:00:00,75.166437,0.043349,24.17241,24.17241,0,0,0.888302,0.041068,50.988279,50.988279,0,0,0.893199
924,11-Apr-97,24:00:00,74.083395,0.047287,23.830868,23.830868,0,0,0.881831,0.043417,50.247423,50.247423,0,0,0.887261
925,12-Apr-97,24:00:00,73.121797,0.025605,23.52771,23.52771,0,0,0.876546,0.026261,49.589554,49.589554,0,0,0.8822
926,13-Apr-97,24:00:00,72.267908,0.037461,23.258593,23.258593,0,0,0.872118,0.036344,49.005287,49.005287,0,0,0.877768
927,14-Apr-97,24:00:00,71.509547,0.046079,23.01967,23.01967,0,0,0.866032,0.04118,48.4863,48.4863,0,0,0.872131
928,15-Apr-97,24:00:00,70.835912,0.05352,22.807524,22.807524,0,0,0.859044,0.048903,48.025209,48.025209,0,0,0.8658
929,16-Apr-97,24:00:00,70.237418,0.044614,22.619127,22.619127,0,0,0.852037,0.043288,47.615465,47.615465,0,0,0.859167
930,17-Apr-97,24:00:00,69.705566,0.044941,22.451794,22.451794,0,0,0.845553,0.032116,47.25126,47.25126,0,0,0.853732
931,18-Apr-97,24:00:00,97.028104,0.01382,37.438964,22.30314,0.510748,0,0.862298,0.012046,60.062974,46.927442,0.47028,0,0.868396
932,19-Apr-97,24:00:00,91.611509,0.016829,24.427552,22.171052,0,0,0.913702,0.012398,66.744377,46.639441,0.031456,0,0.918006
933,20-Apr-97,24:00:00,70.596906,0.021327,22.053655,22.053655,0,0,0.913702,0.020533,48.504205,46.383203,0,0,0.921844
934,21-Apr-97,24:00:00,68.134828,0.019261,21.949286,21.949286,0,0,0.913702,0.018168,46.182738,46.155132,0,0,0.921844
935,22-Apr-97,24:00:00,67.809912,0.028998,21.85647,21.85647,0,0,0.913702,0.019874,45.952039,45.952039,0,0,0.921844
936,23-Apr-97,24:00:00,67.546242,0.045741,21.773898,21.773898,0,0,0.911823,0.039122,45.771094,45.771094,0,0,0.921844
937,24-Apr-97,24:00:00,67.311312,0.049436,21.700409,21.700409,0,0,0.905691,0.042663,45.609788,45.609788,0,0,0.919084
938,25-Apr-97,24:00:00,67.101862,0.050441,21.634973,21.634973,0,0,0.898536,0.047083,45.465894,45.465894,0,0,0.912777
939,26-Apr-97,24:00:00,66.915003,0.048437,21.576678,21.576678,0,0,0.891454,0.047888,45.337437,45.337437,0,0,0.906006
940,27-Apr-97,24:00:00,66.748171,0.049197,21.524711,21.524711,0,0,0.884389,0.046176,45.222665,45.222665,0,0,0.899141
941,28-Apr-97,24:00:00,66.599089,0.031452,21.478355,21.478355,0,0,0.878836,0.028439,45.120024,45.120024,0,0,0.893933
942,29-Apr-97,24:00:00,66.465741,0.045607,21.436971,21.436971,0,0,0.873238,0.04243,45.028133,45.028133,0,0,0.88893
943,30-Apr-97,24:00:00,66.346336,0.040014,21.399993,21.399993,0,0,0.867193,0.030768,44.945771,44.945771,0,0,0.883723
944,1-May-97,24:00:00,66.239284,0.046827,21.36692,21.36692,0,0,0.86085,0.04271,44.871852,44.871852,0,0,0.878376
945,2-May-97,24:00:00,66.143178,0.043601,21.337305,21.337305,0,0,0.85439,0.043785,44.805411,44.805411,0,0,0.872208
946,3-May-97,24:00:00,66.056765,0.0418,21.310753,21.310753,0,0,0.84852,0.044798,44.745596,44.745596,0,0,0.866028
947,4-May-97,24:00:00,65.978936,0.049294,21.286914,21.286914,0,0,0.841719,0.046447,44.691647,44.691647,0,0,0.859318
948,5-May-97,24:00:00,65.908706,0.043211,21.265476,21.265476,0,0,0.83519,0.049829,44.642891,44.642891,0,0,0.85247
949,6-May-97,24:00:00,65.845202,0.05758,21.246163,21.246163,0,0,0.828017,0.043837,44.598732,44.598732,0,0,0.845819
950,7-May-97,24:00:00,65.787647,0.056959,21.228729,21.228729,0,0,0.81985,0.055326,44.558639,44.558639,0,0,0.838778
951,8-May-97,24:00:00,65.735353,0.047872,21.212957,21.212957,0,0,0.81241,0.054922,44.522141,44.522141,0,0,0.830906
952,9-May-97,24:00:00,65.687709,0.053214,21.198653,21.198653,0,0,0.80515,0.056044,44.488823,44.488823,0,0,0.822964
953,10-May-97,24:00:00,65.644172,0.039597,21.185647,21.185647,0,0,0.798556,0.053677,44.458312,44.458312,0,0,0.815128
954,11-May-97,24:00:00,65.604261,0.03954,21.173785,21.173785,0,0,0.792986,0.056098,44.430279,44.430279,0,0,0.807322
955,12-May-97,24:00:00,65.567548,0.047325,21.162933,21.162933,0,0,0.78676,0.056435,44.404434,44.404434,0,0,0.799276
956,13-May-97,24:00:00,65.533653,0.054737,21.15297,21.15297,0,0,0.779482,0.056096,44.380515,44.380515,0,0,0.791238
957,14-May-97,24:00:00,65.502239,0.055731,21.143789,21.143789,0,0,0.771624,0.056357,44.358293,44.358293,0,0,0.783255
958,15-May-97,24:00:00,65.473006,0.055895,21.135297,21.135297,0,0,0.763523,0.05457,44.337562,44.337562,0,0,0.775229
959,16-May-97,24:00:00,65.445689,0.06355,21.127408,21.127408,0,0,0.754973,0.057822,44.318142,44.318142,0,0,0.767186
960,17-May-97,24:00:00,65.42005,0.076154,21.120049,21.120049,0,0,0.745088,0.066968,44.299871,44.299871,0,0,0.758361
961,18-May-97,24:00:00,65.395879,0.064593,21.113151,21.113151,0,0,0.734907,0.075843,44.282605,44.282605,0,0,0.748286
962,19-May-97,24:00:00,65.37299,0.059817,21.106657,21.106657,0,0,0.72608,0.068067,44.266216,44.266216,0,0,0.73791
963,20-May-97,24:00:00,65.351217,0.04733,21.100514,21.100514,0,0,0.718381,0.05273,44.250591,44.250591,0,0,0.729247
964,21-May-97,24:00:00,65.330411,0.048943,21.094675,21.094675,0,0,0.711599,0.057638,44.235629,44.235629,0,0,0.72132
965,22-May-97,24:00:00,65.310442,0.038132,21.089098,21.089098,0,0,0.705441,0.039714,44.221241,44.221241,0,0,0.714463
966,23-May-97,24:00:00,108.689756,0.031432,36.174741,21.083746,0.444026,0,0.744288,0.032379,72.616045,44.207346,0.445618,0,0.75785
967,24-May-97,24:00:00,68.425108,0.054431,21.107853,21.078586,0,0,0.765904,0.051128,47.216089,44.193873,0,0,0.775065
968,25-May-97,24:00:00,65.25457,0.050955,21.07359,21.07359,0,0,0.764906,0.049444,44.18076,44.18076,0,0,0.774331
969,26-May-97,24:00:00,65.236772,0.030766,21.06873,21.06873,0,0,0.760648,0.022991,44.167949,44.167949,0,0,0.771009
970,27-May-97,24:00:00,65.219466,0.054418,21.063984,21.063984,0,0,0.754839,0.0483,44.155391,44.155391,0,0,0.766141
971,28-May-97,24:00:00,65.20246,0.051994,21.05933,21.05933,0,0,0.747196,0.044583,44.143041,44.143041,0,0,0.759446
972,29-May-97,24:00:00,65.185697,0.062269,21.05475,21.05475,0,0,0.739138,0.059593,44.130858,44.130858,0,0,0.752131
973,30-May-97,24:00:00,65.169123,0.061025,21.050228,21.050228,0,0,0.730212,0.060317,44.118807,44.118807,0,0,0.74341
974,31-May-97,24:00:00,65.152692,0.051701,21.045748,21.045748,0,0,0.722087,0.039252,44.106857,44.106857,0,0,0.736116
975,1-Jun-97,24:00:00,65.136363,0.056934,21.041298,21.041298,0,0,0.714521,0.051261,44.094978,44.094978,0,0,0.729939
976,2-Jun-97,24:00:00,65.120097,0.047251,21.036865,21.036865,0,0,0.706967,0.044762,44.083146,44.083146,0,0,0.723004
977,3-Jun-97,24:00:00,81.405608,0.016841,28.135625,21.032439,0.366635,0,0.712791,0.014416,53.695595,44.071336,0.477556,0,0.732857
978,4-Jun-97,24:00:00,115.29132,0.054404,36.73017,21.02801,0.303074,0,0.793227,0.044411,78.169899,44.05953,0.154752,0,0.805889
979,5-Jun-97,24:00:00,65.970111,0.061501,21.02357,21.02357,0,0,0.79854,0.049189,44.911873,44.047709,0,0,0.808447
980,6-Jun-97,24:00:00,65.055054,0.070866,21.019112,21.019112,0,0,0.792343,0.06174,44.035856,44.035856,0,0,0.804975
981,7-Jun-97,24:00:00,65.03867,0.066956,21.014627,21.014627,0,0,0.782369,0.059043,44.023956,44.023956,0,0,0.796567
982,8-Jun-97,24:00:00,65.022195,0.050618,21.01011,21.01011,0,0,0.773778,0.053956,44.011997,44.011997,0,0,0.788488
983,9-Jun-97,24:00:00,65.005609,0.047562,21.005556,21.005556,0,0,0.76662,0.047656,43.999965,43.999965,0,0,0.781077
984,10-Jun-97,24:00:00,64.988899,0.043859,21.000959,21.000959,0,0,0.760415,0.052039,43.987852,43.987852,0,0,0.774205
985,11-Jun-97,24:00:00,64.972049,0.051951,20.996314,20.996314,0,0,0.753543,0.053973,43.975645,43.975645,0,0,0.766512
986,12-Jun-97,24:00:00,64.955046,0.065279,20.991618,20.991618,0,0,0.745246,0.053949,43.963338,43.963338,0,0,0.758926
987,13-Jun-97,24:00:00,64.93788,0.062699,20.986867,20.986867,0,0,0.73581,0.056115,43.950922,43.950922,0,0,0.750921
988,14-Jun-97,24:00:00,64.920538,0.049092,20.982057,20.982057,0,0,0.727766,0.065542,43.938389,43.938389,0,0,0.742308
989,15-Jun-97,24:00:00,64.903011,0.03877,20.977185,20.977185,0,0,0.721841,0.048867,43.925733,43.925733,0,0,0.734208
990,16-Jun-97,24:00:00,64.885291,0.056636,20.972249,20.972249,0,0,0.715046,0.064542,43.912948,43.912948,0,0,0.726037
991,17-Jun-97,24:00:00,64.867369,0.065011,20.967245,20.967245,0,0,0.706634,0.063383,43.900028,43.900028,0,0,0.716947
992,18-Jun-97,24:00:00,64.849237,0.068254,20.962172,20.962172,0,0,0.69684,0.064999,43.88697,43.88697,0,0,0.707767
993,19-Jun-97,24:00:00,64.830891,0.077539,20.957027,20.957027,0,0,0.686584,0.073617,43.873767,43.873767,0,0,0.698027
994,20-Jun-97,24:00:00,64.812322,0.06689,20.951808,20.951808,0,0,0.676139,0.065509,43.860416,43.860416,0,0,0.688025
995,21-Jun-97,24:00:00,64.793525,0.074369,20.946513,20.946513,0,0,0.666111,0.060536,43.846912,43.846912,0,0,0.678896
996,22-Jun-97,24:00:00,64.774495,0.065566,20.941141,20.941141,0,0,0.656065,0.058746,43.833253,43.833253,0,0,0.670386
997,23-Jun-97,24:00:00,64.755227,0.069226,20.93569,20.93569,0,0,0.646393,0.059187,43.819435,43.819435,0,0,0.661904
998,24-Jun-97,24:00:00,64.735717,0.072294,20.930159,20.930159,0,0,0.636251,0.066351,43.805455,43.805455,0,0,0.65304
999,25-Jun-97,24:00:00,64.71596,0.076426,20.924546,20.924546,0,0,0.625787,0.067652,43.79131,43.79131,0,0,0.643442
1000,26-Jun-97,24:00:00,64.695952,0.067697,20.918849,20.918849,0,0,0.615519,0.058589,43.776998,43.776998,0,0,0.634476
1001,27-Jun-97,24:00:00,64.675691,0.060682,20.913069,20.913069,0,0,0.606066,0.050066,43.762516,43.762516,0,0,0.626594
1002,28-Jun-97,24:00:00,64.655171,0.060389,20.907203,20.907203,0,0,0.597483,0.051124,43.747861,43.747861,0,0,0.61943
1003,29-Jun-97,24:00:00,64.634391,0.051423,20.90125,20.90125,0,0,0.589316,0.048227,43.733032,43.733032,0,0,0.612179
1004,30-Jun-97,24:00:00,64.613347,0.047247,20.89521,20.89521,0,0,0.58239,0.036068,43.718027,43.718027,0,0,0.60624
1005,1-Jul-97,24:00:00,64.592037,0.061915,20.889082,20.889082,0,0,0.574581,0.05556,43.702843,43.702843,0,0,0.599697
1006,2-Jul-97,24:00:00,64.570457,0.068727,20.882865,20.882865,0,0,0.565326,0.061537,43.687479,43.687479,0,0,0.591405
1007,3-Jul-97,24:00:00,64.548606,0.071009,20.876557,20.876557,0,0,0.555377,0.067407,43.671934,43.671934,0,0,0.582227
1008,4-Jul-97,24:00:00,64.526481,0.054245,20.870159,20.870159,0,0,0.546483,0.066666,43.656206,43.656206,0,0,0.572636
1009,5-Jul-97,24:00:00,64.504079,0.052678,20.86367,20.86367,0,0,0.539009,0.068755,43.640292,43.640292,0,0,0.563042
1010,6-Jul-97,24:00:00,64.481399,0.072269,20.857088,20.857088,0,0,0.529922,0.066202,43.624193,43.624193,0,0,0.553332
1011,7-Jul-97,24:00:00,64.458439,0.072441,20.850413,20.850413,0,0,0.519609,0.069071,43.607906,43.607906,0,0,0.543766
1012,8-Jul-97,24:00:00,64.435196,0.076186,20.843644,20.843644,0,0,0.509284,0.071153,43.591431,43.591431,0,0,0.533887
1013,9-Jul-97,24:00:00,64.41167,0.074205,20.836782,20.836782,0,0,0.498062,0.067139,43.574765,43.574765,0,0,0.523522
1014,10-Jul-97,24:00:00,64.387857,0.063964,20.829825,20.829825,0,0,0.488289,0.059611,43.557909,43.557909,0,0,0.514625
1015,11-Jul-97,24:00:00,64.363757,0.065218,20.822772,20.822772,0,0,0.479055,0.06486,43.54086,43.54086,0,0,0.505917
1016,12-Jul-97,24:00:00,64.339369,0.05583,20.815624,20.815624,0,0,0.470271,0.068849,43.523618,43.523618,0,0,0.496355
1017,13-Jul-97,24:00:00,64.31469,0.049984,20.80838,20.80838,0,0,0.463019,0.070446,43.506182,43.506182,0,0,0.486499
1018,14-Jul-97,24:00:00,64.289719,0.051092,20.801039,20.801039,0,0,0.455578,0.068802,43.488551,43.488551,0,0,0.476446
1019,15-Jul-97,24:00:00,64.264455,0.051789,20.7936,20.7936,0,0,0.448365,0.066033,43.470723,43.470723,0,0,0.466708
1020,16-Jul-97,24:00:00,64.238896,0.043304,20.786064,20.786064,0,0,0.441524,0.065136,43.452699,43.452699,0,0,0.457529
1021,17-Jul-97,24:00:00,64.213042,0.069036,20.778431,20.778431,0,0,0.433756,0.064011,43.434478,43.434478,0,0,0.448233
1022,18-Jul-97,24:00:00,64.186891,0.07292,20.770698,20.770698,0,0,0.42367,0.066315,43.416058,43.416058,0,0,0.438956
1023,19-Jul-97,24:00:00,64.160442,0.057337,20.762867,20.762867,0,0,0.413856,0.072526,43.397438,43.397438,0,0,0.429023
1024,20-Jul-97,24:00:00,64.133694,0.045384,20.754937,20.754937,0,0,0.406738,0.068268,43.378619,43.378619,0,0,0.418903
1025,21-Jul-97,24:00:00,64.106646,0.051827,20.746907,20.746907,0,0,0.399853,0.067081,43.359599,43.359599,0,0,0.409289
1026,22-Jul-97,24:00:00,64.079297,0.057493,20.738778,20.738778,0,0,0.391882,0.067712,43.340378,43.340378,0,0,0.399699
1027,23-Jul-97,24:00:00,64.051646,0.046987,20.730548,20.730548,0,0,0.384568,0.06656,43.320955,43.320955,0,0,0.390154
1028,24-Jul-97,24:00:00,64.023692,0.060589,20.722218,20.722218,0,0,0.376827,0.065086,43.30133,43.30133,0,0,0.380677
1029,25-Jul-97,24:00:00,63.995435,0.057401,20.713787,20.713787,0,0,0.368427,0.067985,43.281502,43.281502,0,0,0.371182
1030,26-Jul-97,24:00:00,63.966873,0.043537,20.705255,20.705255,0,0,0.361169,0.06773,43.261471,43.261471,0,0,0.36151
1031,27-Jul-97,24:00:00,63.938006,0.041077,20.696622,20.696622,0,0,0.355194,0.056361,43.241235,43.241235,0,0,0.352629
1032,28-Jul-97,24:00:00,63.908833,0.03865,20.687887,20.687887,0,0,0.349514,0.064186,43.220795,43.220795,0,0,0.344008
1033,29-Jul-97,24:00:00,63.879353,0.04106,20.679051,20.679051,0,0,0.343805,0.059494,43.20015,43.20015,0,0,0.335169
1034,30-Jul-97,24:00:00,63.849566,0.048729,20.670113,20.670113,0,0,0.337339,0.057591,43.1793,43.1793,0,0,0.326739
1035,31-Jul-97,24:00:00,63.819472,0.052818,20.661073,20.661073,0,0,0.330162,0.059717,43.158244,43.158244,0,0,0.318355
1036,1-Aug-97,24:00:00,63.789069,0.060217,20.65193,20.65193,0,0,0.322119,0.056637,43.136983,43.136983,0,0,0.31005
1037,2-Aug-97,24:00:00,63.758357,0.060669,20.642685,20.642685,0,0,0.3133,0.060948,43.115514,43.115514,0,0,0.301633
1038,3-Aug-97,24:00:00,63.727335,0.062371,20.633337,20.633337,0,0,0.304634,0.065917,43.093839,43.093839,0,0,0.292683
1039,4-Aug-97,24:00:00,63.696004,0.068142,20.623886,20.623886,0,0,0.295342,0.066388,43.071957,43.071957,0,0,0.283199
1040,5-Aug-97,24:00:00,63.664362,0.067288,20.614332,20.614332,0,0,0.285525,0.068955,43.049868,43.049868,0,0,0.273525
1041,6-Aug-97,24:00:00,63.63241,0.061538,20.604675,20.604675,0,0,0.276432,0.06864,43.027571,43.027571,0,0,0.263602
1042,7-Aug-97,24:00:00,63.600147,0.066943,20.594915,20.594915,0,0,0.267174,0.070646,43.005067,43.005067,0,0,0.253731
1043,8-Aug-97,24:00:00,63.567572,0.055306,20.585051,20.585051,0,0,0.258331,0.070281,42.982354,42.982354,0,0,0.243766
1044,9-Aug-97,24:00:00,63.534686,0.02739,20.575084,20.575084,0,0,0.252366,0.044093,42.959433,42.959433,0,0,0.235373
1045,10-Aug-97,24:00:00,63.501487,0.035174,20.565013,20.565013,0,0,0.248018,0.041867,42.936304,42.936304,0,0,0.22929
1046,11-Aug-97,24:00:00,63.467977,0.050947,20.554839,20.554839,0,0,0.241902,0.052801,42.912966,42.912966,0,0,0.222429
1047,12-Aug-97,24:00:00,63.434153,0.044726,20.544561,20.544561,0,0,0.235194,0.058865,42.88942,42.88942,0,0,0.214564
1048,13-Aug-97,24:00:00,63.400018,0.039124,20.534179,20.534179,0,0,0.229069,0.053276,42.865665,42.865665,0,0,0.206398
1049,14-Aug-97,24:00:00,63.365569,0.043035,20.523693,20.523693,0,0,0.223189,0.054819,42.841701,42.841701,0,0,0.198798
1050,15-Aug-97,24:00:00,63.330808,0.037286,20.513103,20.513103,0,0,0.217483,0.059377,42.817528,42.817528,0,0,0.190671
1051,16-Aug-97,24:00:00,63.295734,0.029895,20.502409,20.502409,0,0,0.212663,0.044775,42.793146,42.793146,0,0,0.183263
1052,17-Aug-97,24:00:00,63.260346,0.031845,20.491611,20.491611,0,0,0.20829,0.041428,42.768555,42.768555,0,0,0.177141
1053,18-Aug-97,24:00:00,63.224646,0.037679,20.480709,20.480709,0,0,0.203409,0.048926,42.743755,42.743755,0,0,0.170762
1054,19-Aug-97,24:00:00,63.597931,0.028652,20.6641,20.469703,0.173271,0,0.198774,0.038832,42.966174,42.718745,0.191592,0,0.165327
1055,20-Aug-97,24:00:00,153.620295,0.026301,54.447876,20.458593,0.830578,0,0.328959,0.030184,99.213478,42.693527,0.64176,0,0.2736
1056,21-Aug-97,24:00:00,65.200714,0.05387,20.447379,20.447379,0,0,0.339706,0.050359,44.679773,42.6681,0,0,0.28051
1057,22-Aug-97,24:00:00,63.078712,0.05508,20.43606,20.43606,0,0,0.337711,0.052807,42.642464,42.642464,0,0,0.278644
1058,23-Aug-97,24:00:00,63.041446,0.044577,20.424638,20.424638,0,0,0.331675,0.045924,42.616618,42.616618,0,0,0.272639
1059,24-Aug-97,24:00:00,63.003868,0.045557,20.413112,20.413112,0,0,0.32519,0.048033,42.590564,42.590564,0,0,0.265896
1060,25-Aug-97,24:00:00,62.965976,0.048601,20.401482,20.401482,0,0,0.31856,0.048434,42.564302,42.564302,0,0,0.259104
1061,26-Aug-97,24:00:00,62.927772,0.050361,20.389748,20.389748,0,0,0.311472,0.039428,42.53783,42.53783,0,0,0.252789
1062,27-Aug-97,24:00:00,62.889256,0.056832,20.37791,20.37791,0,0,0.303919,0.05005,42.51115,42.51115,0,0,0.246482
1063,28-Aug-97,24:00:00,62.850427,0.052734,20.365968,20.365968,0,0,0.295966,0.050147,42.484262,42.484262,0,0,0.239272
1064,29-Aug-97,24:00:00,62.811286,0.05069,20.353922,20.353922,0,0,0.288604,0.048416,42.457165,42.457165,0,0,0.232206
1065,30-Aug-97,24:00:00,62.771834,0.044466,20.341773,20.341773,0,0,0.281819,0.048655,42.429861,42.429861,0,0,0.225328
1066,31-Aug-97,24:00:00,62.73207,0.048854,20.32952,20.32952,0,0,0.275188,0.049027,42.402348,42.402348,0,0,0.218371
1067,1-Sep-97,24:00:00,62.691995,0.047444,20.317164,20.317164,0,0,0.268321,0.045206,42.374628,42.374628,0,0,0.211721
1068,2-Sep-97,24:00:00,62.651609,0.049345,20.304704,20.304704,0,0,0.261324,0.052426,42.346701,42.346701,0,0,0.20467
1069,3-Sep-97,24:00:00,62.610913,0.050857,20.292141,20.292141,0,0,0.254306,0.051168,42.318566,42.318566,0,0,0.197171
1070,4-Sep-97,24:00:00,62.569907,0.058603,20.279475,20.279475,0,0,0.246454,0.054027,42.290224,42.290224,0,0,0.189738
1071,5-Sep-97,24:00:00,62.52859,0.055952,20.266705,20.266705,0,0,0.238211,0.051609,42.261676,42.261676,0,0,0.18216
1072,6-Sep-97,24:00:00,62.486965,0.047965,20.253833,20.253833,0,0,0.230774,0.049475,42.232921,42.232921,0,0,0.174931
1073,7-Sep-97,24:00:00,62.44503,0.044226,20.240858,20.240858,0,0,0.224277,0.04914,42.20396,42.20396,0,0,0.167943
1074,8-Sep-97,24:00:00,62.402787,0.047802,20.22778,20.22778,0,0,0.217572,0.048721,42.174793,42.174793,0,0,0.16095
1075,9-Sep-97,24:00:00,62.360236,0.044592,20.2146,20.2146,0,0,0.211041,0.043465,42.145421,42.145421,0,0,0.1544
1076,10-Sep-97,24:00:00,62.317377,0.032257,20.201317,20.201317,0,0,0.205582,0.03275,42.115843,42.115843,0,0,0.148873
1077,11-Sep-97,24:00:00,62.274211,0.049612,20.187932,20.187932,0,0,0.199649,0.045697,42.08606,42.08606,0,0,0.143286
1078,12-Sep-97,24:00:00,62.230738,0.047558,20.174445,20.174445,0,0,0.192695,0.045451,42.056073,42.056073,0,0,0.136729
1079,13-Sep-97,24:00:00,62.18696,0.040109,20.160856,20.160856,0,0,0.186461,0.043975,42.025882,42.025882,0,0,0.130302
1080,14-Sep-97,24:00:00,83.323587,0.010555,29.265822,20.147165,0.271334,0,0.202152,0.010407,54.179958,41.995487,0.226153,0,0.143087
1081,15-Sep-97,24:00:00,66.104071,0.029659,20.254348,20.133373,0,0,0.222189,0.031715,45.727993,41.964889,0,0,0.159365
1082,16-Sep-97,24:00:00,62.058536,0.046457,20.119479,20.119479,0,0,0.222189,0.042492,41.937845,41.934088,0,0,0.159365
1083,17-Sep-97,24:00:00,62.008796,0.038672,20.105484,20.105484,0,0,0.221302,0.024411,41.903084,41.903084,0,0,0.159301
1084,18-Sep-97,24:00:00,61.963495,0.041882,20.091389,20.091389,0,0,0.217033,0.038399,41.871878,41.871878,0,0,0.156393
1085,19-Sep-97,24:00:00,61.917892,0.050442,20.077192,20.077192,0,0,0.21054,0.043828,41.84047,41.84047,0,0,0.150571
1086,20-Sep-97,24:00:00,61.871988,0.052656,20.062895,20.062895,0,0,0.203238,0.044673,41.808861,41.808861,0,0,0.144268
1087,21-Sep-97,24:00:00,61.825782,0.04354,20.048498,20.048498,0,0,0.196194,0.046668,41.777051,41.777051,0,0,0.13781
1088,22-Sep-97,24:00:00,61.779275,0.039083,20.034,20.034,0,0,0.190455,0.046107,41.745041,41.745041,0,0,0.131172
1089,23-Sep-97,24:00:00,61.732469,0.050416,20.019403,20.019403,0,0,0.184,0.047682,41.71283,41.71283,0,0,0.124486
1090,24-Sep-97,24:00:00,61.685364,0.046122,20.004706,20.004706,0,0,0.177047,0.048558,41.680421,41.680421,0,0,0.117607
1091,25-Sep-97,24:00:00,61.63796,0.041858,19.989909,19.989909,0,0,0.170767,0.043764,41.647812,41.647812,0,0,0.11097
1092,26-Sep-97,24:00:00,61.590259,0.041331,19.975013,19.975013,0,0,0.164936,0.040624,41.615005,41.615005,0,0,0.104956
1093,27-Sep-97,24:00:00,61.542261,0.048387,19.960019,19.960019,0,0,0.158429,0.040689,41.582,41.582,0,0,0.099072
1094,28-Sep-97,24:00:00,61.493967,0.048915,19.944925,19.944925,0,0,0.151468,0.040739,41.548798,41.548798,0,0,0.093204
1095,29-Sep-97,24:00:00,61.445378,0.054609,19.929734,19.929734,0,0,0.14437,0.053285,41.515399,41.515399,0,0,0.08695
1096,30-Sep-97,24:00:00,61.396494,0.039,19.914444,19.914444,0,0,0.137477,0.046636,41.481804,41.481804,0,0,0.079692
1097,1-Oct-97,24:00:00,64.136143,0.015602,20.306771,19.899056,0.020286,0,0.133823,0.026974,43.996075,41.448013,0.149723,0,0.078182
1098,2-Oct-97,24:00:00,69.655589,0.031095,20.16665,19.88357,0,0,0.135204,0.022273,49.326539,41.414027,0,0,0.093607
1099,3-Oct-97,24:00:00,61.352826,0.038866,19.867987,19.867987,0,0,0.135204,0.034305,41.479731,41.379846,0,0,0.093607
1100,4-Oct-97,24:00:00,61.198031,0.045148,19.852307,19.852307,0,0,0.134492,0.038667,41.345471,41.345471,0,0,0.093607
1101,5-Oct-97,24:00:00,61.147687,0.042068,19.836531,19.836531,0,0,0.130036,0.030773,41.310903,41.310903,0,0,0.091865
1102,6-Oct-97,24:00:00,61.097054,0.035728,19.820657,19.820657,0,0,0.12469,0.025574,41.276142,41.276142,0,0,0.088216
1103,7-Oct-97,24:00:00,61.046133,0.038176,19.804688,19.804688,0,0,0.119263,0.03345,41.241189,41.241189,0,0,0.083927
1104,8-Oct-97,24:00:00,113.89036,0.008182,44.587471,19.788623,0.974977,0,0.150566,0.00552,70.291743,41.206044,1.085854,0,0.121493
1105,9-Oct-97,24:00:00,118.849414,0.021215,29.778128,19.772462,0.047103,0,0.261868,0.011541,88.112096,41.170708,0,0,0.236433
1106,10-Oct-97,24:00:00,61.483263,0.021625,19.756205,19.756205,0,0,0.262145,0.020485,41.696987,41.135182,0,0,0.236433
1107,11-Oct-97,24:00:00,60.839582,0.035257,19.739854,19.739854,0,0,0.262145,0.029083,41.099466,41.099466,0,0,0.236433
1108,12-Oct-97,24:00:00,60.787232,0.036305,19.723408,19.723408,0,0,0.261383,0.026267,41.063561,41.063561,0,0,0.236433
1109,13-Oct-97,24:00:00,60.7346,0.033837,19.706867,19.706867,0,0,0.257741,0.027419,41.027468,41.027468,0,0,0.235532
1110,14-Oct-97,24:00:00,60.681686,0.033277,19.690233,19.690233,0,0,0.252906,0.027364,40.991187,40.991187,0,0,0.23234
1111,15-Oct-97,24:00:00,60.628491,0.028804,19.673505,19.673505,0,0,0.248375,0.030231,40.954719,40.954719,0,0,0.228263
1112,16-Oct-97,24:00:00,60.575016,0.033352,19.656683,19.656683,0,0,0.24406,0.03024,40.918065,40.918065,0,0,0.223958
1113,17-Oct-97,24:00:00,60.521263,0.03124,19.639768,19.639768,0,0,0.239436,0.026414,40.881224,40.881224,0,0,0.219871
1114,18-Oct-97,24:00:00,60.467231,0.028134,19.622761,19.622761,0,0,0.235202,0.028599,40.844199,40.844199,0,0,0.215993
1115,19-Oct-97,24:00:00,60.412924,0.018518,19.605661,19.605661,0,0,0.231883,0.026544,40.80699,40.80699,0,0,0.21206
1116,20-Oct-97,24:00:00,60.35834,0.014252,19.588469,19.588469,0,0,0.229514,0.025409,40.769597,40.769597,0,0,0.20831
1117,21-Oct-97,24:00:00,60.303482,0.017661,19.571185,19.571185,0,0,0.227264,0.02972,40.732021,40.732021,0,0,0.204477
1118,22-Oct-97,24:00:00,60.24835,0.014989,19.55381,19.55381,0,0,0.224931,0.025157,40.694263,40.694263,0,0,0.200474
1119,23-Oct-97,24:00:00,60.192946,0.025175,19.536344,19.536344,0,0,0.222078,0.026237,40.656324,40.656324,0,0,0.196833
1120,24-Oct-97,24:00:00,60.13727,0.036115,19.518787,19.518787,0,0,0.217838,0.026921,40.618203,40.618203,0,0,0.193136
1121,25-Oct-97,24:00:00,60.081324,0.03213,19.50114,19.50114,0,0,0.212803,0.023107,40.579903,40.579903,0,0,0.18939
1122,26-Oct-97,24:00:00,60.025109,0.027375,19.483403,19.483403,0,0,0.208516,0.026544,40.541424,40.541424,0,0,0.185981
1123,27-Oct-97,24:00:00,59.968626,0.025282,19.465576,19.465576,0,0,0.204742,0.024495,40.502766,40.502766,0,0,0.182254
1124,28-Oct-97,24:00:00,59.911876,0.020805,19.44766,19.44766,0,0,0.201497,0.022489,40.463931,40.463931,0,0,0.178959
1125,29-Oct-97,24:00:00,59.85486,0.019581,19.429656,19.429656,0,0,0.198576,0.008864,40.424918,40.424918,0,0,0.176622
1126,30-Oct-97,24:00:00,59.797579,0.014387,19.411562,19.411562,0,0,0.196163,0.011638,40.385729,40.385729,0,0,0.175183
1127,31-Oct-97,24:00:00,59.740035,0.025942,19.393381,19.393381,0,0,0.193301,0.017342,40.346365,40.346365,0,0,0.173118
1128,1-Nov-97,24:00:00,59.682228,0.027607,19.375112,19.375112,0,0,0.189414,0.023361,40.306826,40.306826,0,0,0.170158
1129,2-Nov-97,24:00:00,59.624161,0.026269,19.356756,19.356756,0,0,0.185577,0.021882,40.267114,40.267114,0,0,0.166925
1130,3-Nov-97,24:00:00,59.565833,0.020807,19.338312,19.338312,0,0,0.1822,0.01764,40.227228,40.227228,0,0,0.164138
1131,4-Nov-97,24:00:00,59.507246,0.021438,19.319782,19.319782,0,0,0.179225,0.01908,40.18717,40.18717,0,0,0.161487
1132,5-Nov-97,24:00:00,59.448402,0.015868,19.301166,19.301166,0,0,0.176583,0.02405,40.146941,40.146941,0,0,0.158509
1133,6-Nov-97,24:00:00,59.389301,0.006568,19.282464,19.282464,0,0,0.174915,0.005894,40.106541,40.106541,0,0,0.156279
1134,7-Nov-97,24:00:00,59.329945,0.016112,19.263677,19.263677,0,0,0.173374,0.016346,40.065971,40.065971,0,0,0.154697
1135,8-Nov-97,24:00:00,59.270334,0.011068,19.244804,19.244804,0,0,0.171363,0.011003,40.025231,40.025231,0,0,0.152777
1136,9-Nov-97,24:00:00,59.210471,0.012776,19.225847,19.225847,0,0,0.169737,0.01633,39.984324,39.984324,0,0,0.150977
1137,10-Nov-97,24:00:00,101.639841,0.008593,33.475279,19.206806,0.419012,0,0.211346,0.008989,68.267889,39.943249,0.44551,0,0.194731
1138,11-Nov-97,24:00:00,62.292385,0.014978,19.187681,19.187681,0,0,0.228532,0.0111,43.000683,39.902008,0,0,0.213191
1139,12-Nov-97,24:00:00,59.029376,0.013569,19.168472,19.168472,0,0,0.228532,0.011694,39.860601,39.860601,0,0,0.213191
1140,13-Nov-97,24:00:00,118.245586,0.013893,40.815021,19.149181,0.652328,0,0.303096,0.013414,77.51175,39.819029,0.56782,0,0.280295
1141,14-Nov-97,24:00:00,108.825685,0.010676,38.838511,19.129806,0.56269,0,0.38987,0.013436,69.957243,39.777293,0.415469,0,0.345554
1142,15-Nov-97,24:00:00,142.397294,0.011743,53.995976,19.11035,1.335848,0,0.497903,0.007537,88.607936,39.735393,1.152968,0,0.430235
1143,16-Nov-97,24:00:00,260.495537,0.005908,98.771111,19.090812,2.177466,0,0.794993,0.005942,162.161325,39.693331,1.77343,0,0.661953
1144,17-Nov-97,24:00:00,112.595659,0.009404,30.489967,19.071192,0.186392,0,0.928682,0.007058,81.436913,39.651108,0.082747,0,0.783167
1145,18-Nov-97,24:00:00,127.844608,0.007047,75.451259,36.655039,0.90379,0.418234,0.946129,0.00904,53.152591,39.608724,0.879478,0,0.805429
1146,19-Nov-97,24:00:00,423.088731,0.007792,331.739381,280.96814,0.15,0.15,1,0.008181,90.620627,39.56618,0.04893,0,0.91266
1147,20-Nov-97,24:00:00,85.495226,0.014598,44.427942,44.427942,0,0,1,0.010432,41.00938,39.523476,0,0,0.916168
1148,21-Nov-97,24:00:00,81.130122,0.005924,41.105966,41.105966,0,0,1,0.005924,40.055802,39.480615,0.025244,0,0.916994
1149,22-Nov-97,24:00:00,96.666662,0.006809,52.524541,49.701598,0.171223,0.171223,1,0.007673,44.372293,39.437597,0.267452,0,0.926424
1150,23-Nov-97,24:00:00,167.67335,0.010967,113.09482,110.087176,0,0,1,0.013176,54.325016,39.394422,0,0,0.957982
1151,24-Nov-97,24:00:00,548.309049,0.003573,341.146331,318.959319,0.655757,0.655757,1,0.004983,210.583934,170.998221,0.690237,0.396109,0.986976
1152,25-Nov-97,24:00:00,450.179743,0.010563,128.310744,122.815471,0.442253,0.442253,1,0.012318,319.832694,309.373418,0.305698,0.305698,1
1153,26-Nov-97,24:00:00,2874.60,0.00515,1385.73,919.029786,1.49691,1.49691,1,0.004942,1500.52,1168.75,1.665241,1.665241,1
1154,27-Nov-97,24:00:00,1295.38,0.011042,199.053365,198.667603,0,0,1,0.009385,1086.35,1049.37,0,0,1
1155,28-Nov-97,24:00:00,437.952994,0.010397,132.423633,132.423633,0,0,1,0.009395,303.701777,303.649485,0,0,1
1156,29-Nov-97,24:00:00,607.134826,0.005226,257.564315,203.674547,0.746486,0.746486,1,0.004816,356.685567,277.365999,0.792664,0.792664,1
1157,30-Nov-97,24:00:00,1451.15,0.012054,450.309781,419.434575,0.05,0.05,1,0.010863,996.167522,840.144259,0,0,1
1158,1-Dec-97,24:00:00,481.853432,0.014294,132.959526,132.959526,0,0,1,0.011471,346.529965,344.782367,0,0,1
1159,2-Dec-97,24:00:00,346.191079,0.005176,119.701951,119.701951,0,0,1,0.007581,226.194092,226.194092,0,0,1
1160,3-Dec-97,24:00:00,468.765501,0.00603,211.427272,200.420535,0.358312,0.358312,1,0.009051,259.437169,248.639191,0.291817,0.291817,1
1161,4-Dec-97,24:00:00,610.889307,0.014727,187.83368,186.584188,0.048802,0.048802,1,0.022269,421.499891,411.783428,0.035363,0.035363,1
1162,5-Dec-97,24:00:00,899.064877,0.013511,356.609768,340.070399,0.438506,0.438506,1,0.014122,543.972613,516.699524,0.363221,0.363221,1
1163,6-Dec-97,24:00:00,429.294606,0.012511,117.6616,117.6616,0,0,1,0.012917,309.661111,308.752353,0,0,1
1164,7-Dec-97,24:00:00,1072.15,0.006476,445.984009,421.995486,0.705703,0.705703,1,0.006717,631.778376,585.804188,0.798025,0.798025,1
1165,8-Dec-97,24:00:00,959.155258,0.007161,196.368681,192.703795,0.106503,0.106503,1,0.005368,759.47898,736.097921,0.20008,0.20008,1
1166,9-Dec-97,24:00:00,471.923073,0.01285,123.672942,123.668612,0,0,1,0.009547,346.180827,345.136388,0,0,1
1167,10-Dec-97,24:00:00,337.34814,0.014042,109.03165,109.03165,0,0,1,0.010206,228.003552,228.003552,0,0,1
1168,11-Dec-97,24:00:00,300.240072,0.012721,98.786245,98.786245,0,0,1,0.010482,201.303295,201.303295,0,0,1
1169,12-Dec-97,24:00:00,272.4817,0.005046,89.697853,89.697853,0,0,1,0.006575,182.656091,182.656091,0,0,1
1170,13-Dec-97,24:00:00,249.021401,0.005897,82.064222,81.919713,0.084855,0.084855,1,0.017218,166.940323,166.84481,0.127634,0.127634,1
1171,14-Dec-97,24:00:00,1575.42,0.005093,698.581169,655.549033,1.184653,1.184653,1,0.005862,883.988427,814.519898,0.956865,0.956865,1
1172,15-Dec-97,24:00:00,797.585316,0.006666,151.197458,151.144,0,0,1,0.005168,640.645936,632.116349,0.034738,0.034738,1
1173,16-Dec-97,24:00:00,389.088612,0.004622,113.831862,113.831862,0,0,1,0.004766,274.192402,273.346038,0,0,1
1174,17-Dec-97,24:00:00,307.661763,0.00319,103.025524,103.025524,0,0,1,0.004235,204.404392,204.400883,0,0,1
1175,18-Dec-97,24:00:00,275.979364,0.021026,93.444761,93.444761,0,0,1,0.015627,182.403054,182.403054,0,0,1
1176,19-Dec-97,24:00:00,250.98848,0.020236,84.945255,84.945255,0,0,1,0.010983,165.930274,165.930274,0,0,1
1177,20-Dec-97,24:00:00,228.951406,0.009296,77.404743,77.404743,0,0,1,0.008436,151.446739,151.446739,0,0,1
1178,21-Dec-97,24:00:00,209.40398,0.018522,70.714788,70.714788,0,0,1,0.014918,138.600655,138.600655,0,0,1
1179,22-Dec-97,24:00:00,192.060314,0.020631,64.779215,64.779215,0,0,0.999698,0.012863,127.202623,127.202623,0,0,1
1180,23-Dec-97,24:00:00,176.671085,0.013365,59.512723,59.512723,0,0,0.998258,0.014331,117.088784,117.088784,0,0,1
1181,24-Dec-97,24:00:00,163.015289,0.021024,54.839658,54.839658,0,0,0.995946,0.014161,108.113924,108.113924,0,0,0.999996
1182,25-Dec-97,24:00:00,150.896918,0.023989,50.692921,50.692921,0,0,0.992419,0.009646,100.149257,100.149257,0,0,0.999234
1183,26-Dec-97,24:00:00,140.142128,0.012248,47.012999,47.012999,0,0,0.989953,0.009594,93.080558,93.080558,0,0,0.997864
1184,27-Dec-97,24:00:00,130.596735,0.009243,43.74711,43.74711,0,0,0.98841,0.009126,86.806518,86.806518,0,0,0.996542
1185,28-Dec-97,24:00:00,122.123989,0.01366,40.848439,40.848439,0,0,0.986795,0.010192,81.237284,81.237284,0,0,0.995151
1186,29-Dec-97,24:00:00,114.602606,0.010244,38.275467,38.275467,0,0,0.985054,0.010292,76.293165,76.293165,0,0,0.993691
1187,30-Dec-97,24:00:00,107.925016,0.009924,35.991367,35.991367,0,0,0.983616,0.009556,71.903478,71.903478,0,0,0.99227
1188,31-Dec-97,24:00:00,101.995811,0.006454,33.963477,33.963477,0,0,0.982444,0.008743,68.005535,68.005535,0,0,0.991014
1189,1-Jan-98,24:00:00,133.896614,0.006183,54.614524,46.325603,0.520437,0.388804,0.985093,0.005945,80.555313,75.868694,0.548845,0.477219,0.992421
1190,2-Jan-98,24:00:00,1436.87,0.005115,533.180979,502.137757,0.635326,0.635326,1,0.005843,908.984203,834.766309,0.645909,0.645909,1
1191,3-Jan-98,24:00:00,1099.11,0.008221,382.935887,352.186742,1.184576,1.184576,1,0.006234,717.289641,678.21935,1.151466,1.151466,1
1192,4-Jan-98,24:00:00,1866.06,0.00531,564.825664,544.1181,0.327197,0.327197,1,0.005915,1299.79,1233.36,0.301355,0.301355,1
1193,5-Jan-98,24:00:00,641.423396,0.009175,138.879241,138.831461,0,0,1,0.007033,497.966882,495.627919,0,0,1
1194,6-Jan-98,24:00:00,555.088473,0.00405,235.034473,218.489214,0.67168,0.67168,1,0.002838,322.992399,308.843596,0.639201,0.639201,1
1195,7-Jan-98,24:00:00,1167.33,0.006322,363.759476,356.118949,0.038568,0.038568,1,0.006851,802.316516,769.40742,0.034831,0.034831,1
1196,8-Jan-98,24:00:00,471.92184,0.006173,125.884896,125.884896,0,0,1,0.007629,344.035639,343.551834,0,0,1
1197,9-Jan-98,24:00:00,351.303958,0.006599,114.188555,114.060583,0.061699,0.061699,1,0.008691,236.8327,236.829756,0.011222,0.011222,1
1198,10-Jan-98,24:00:00,804.996575,0.006007,328.872084,314.025005,0.378063,0.378063,1,0.004821,478.124892,454.838708,0.350966,0.350966,1
1199,11-Jan-98,24:00:00,1460.37,0.003613,690.58377,560.178786,1.338969,1.338969,1,0.003326,777.049817,710.658085,1.304487,1.304487,1
1200,12-Jan-98,24:00:00,2759.72,0.006126,943.484204,877.743345,1.218169,1.218169,1,0.007166,1817.52,1685.89,1.101523,1.101523,1
1201,13-Jan-98,24:00:00,1241.84,0.00745,248.683657,247.017955,0.165844,0.165844,1,0.006515,985.117986,968.092594,0.163092,0.163092,1
1202,14-Jan-98,24:00:00,1679.36,0.003824,730.928774,686.945389,1.344173,1.344173,1,0.006113,955.449576,892.241794,1.282494,1.282494,1
1203,15-Jan-98,24:00:00,2310.52,0.003318,695.689873,672.174997,0.518943,0.518943,1,0.006384,1612.47,1544.22,0.470467,0.470467,1
1204,16-Jan-98,24:00:00,1228.94,0.004724,350.401569,342.026826,0.249877,0.249877,1,0.004646,875.887954,855.801599,0.307689,0.307689,1
1205,17-Jan-98,24:00:00,868.03579,0.007099,238.369138,238.234028,0,0,1,0.008979,626.874806,622.080918,0,0,1
1206,18-Jan-98,24:00:00,2852.21,0.00475,1277.77,551.717023,1.06093,1.06093,1,0.005536,1585.17,669.617954,0.925617,0.925617,1
1207,19-Jan-98,24:00:00,1923.86,0.007169,558.263132,540.981605,0.415472,0.415472,1,0.004894,1358.06,1131.95,0.308312,0.308312,1
1208,20-Jan-98,24:00:00,907.585949,0.007165,242.840607,242.792635,0,0,1,0.007001,660.883445,656.650335,0,0,1
1209,21-Jan-98,24:00:00,605.420245,0.006873,200.881596,200.881596,0,0,1,0.006449,403.793178,403.792266,0,0,1
1210,22-Jan-98,24:00:00,527.525112,0.01117,180.162834,180.162834,0,0,1,0.00804,347.061973,347.061973,0,0,1
1211,23-Jan-98,24:00:00,573.806529,0.004982,226.579127,220.140995,0.204981,0.204981,1,0.005912,348.247896,341.788748,0.155495,0.155495,1
1212,24-Jan-98,24:00:00,596.36097,0.009802,191.176211,190.634209,0,0,1,0.009497,404.100556,399.620585,0,0,1
1213,25-Jan-98,24:00:00,450.578937,0.006477,162.111392,157.217922,0.402195,0.402195,1,0.011178,288.900871,286.758192,0.402891,0.402891,1
1214,26-Jan-98,24:00:00,2591.53,0.006912,1183.54,867.526246,1.530497,1.530497,1,0.00521,1421.40,1163.91,1.497833,1.497833,1
1215,27-Jan-98,24:00:00,1797.35,0.009918,379.7892,358.765851,0,0,1,0.013312,1406.29,1237.13,0,0,1
1216,28-Jan-98,24:00:00,657.342324,0.009955,200.801076,194.016332,0.365485,0.365485,1,0.011635,454.543435,452.489444,0.293321,0.293321,1
1217,29-Jan-98,24:00:00,2854.81,0.012229,1183.11,678.946151,0.727272,0.727272,1,0.00965,1677.57,1107.32,0.806585,0.806585,1
1218,30-Jan-98,24:00:00,915.80141,0.014992,199.336999,199.336999,0,0,1,0.017517,710.423941,690.298817,0,0,1
1219,31-Jan-98,24:00:00,806.828127,0.012962,306.5801,297.102915,0.279194,0.279194,1,0.011409,501.619582,486.485736,0.255698,0.255698,1
1220,1-Feb-98,24:00:00,3001.21,0.010501,1257.79,782.021622,1.347067,1.347067,1,0.008972,1752.01,1152.60,1.291327,1.291327,1
1221,2-Feb-98,24:00:00,3002.87,0.005654,1386.63,676.205531,1.57552,1.57552,1,0.004743,1616.54,1457.36,1.743996,1.743996,1
1222,3-Feb-98,24:00:00,3768.09,0.00957,1347.92,994.900232,1.423978,1.423978,1,0.008273,2428.96,2121.99,1.651248,1.651248,1
1223,4-Feb-98,24:00:00,4210.51,0.01273,821.108471,793.634441,0.629941,0.629941,1,0.011541,3380.15,2346.63,1.00878,1.00878,1
1224,5-Feb-98,24:00:00,4747.91,0.009686,2596.74,1139.49,2.05,2.05,1,0.008787,2158.19,1852.48,1.806101,1.806101,1
1225,6-Feb-98,24:00:00,7065.23,0.008788,2540.44,1176.07,1.689216,1.689216,1,0.007949,4526.18,2441.72,1.734926,1.734926,1
1226,7-Feb-98,24:00:00,6053.96,0.010989,2078.42,1143.88,1.592881,1.592881,1,0.008552,3974.14,2510.12,1.688645,1.688645,1
1227,8-Feb-98,24:00:00,2783.02,0.006188,596.46901,592.417203,0,0,1,0.007143,2174.26,1962.17,0,0,1
1228,9-Feb-98,24:00:00,1341.87,0.018532,388.956693,388.956693,0,0,1,0.015491,949.907047,949.622621,0,0,1
1229,10-Feb-98,24:00:00,1484.61,0.005715,549.738847,533.798762,0.517155,0.517155,1,0.006756,937.833616,912.922945,0.479935,0.479935,1
1230,11-Feb-98,24:00:00,1417.71,0.012291,421.161151,417.327529,0.063526,0.063526,1,0.011384,993.196945,984.286509,0,0,1
1231,12-Feb-98,24:00:00,1730.27,0.00389,682.64096,655.215769,0.807202,0.807202,1,0.006683,1052.22,1006.28,0.765361,0.765361,1
1232,13-Feb-98,24:00:00,1359.12,0.015299,332.88191,332.819755,0,0,1,0.01587,1021.23,1013.14,0.044848,0.044848,1
1233,14-Feb-98,24:00:00,2250.56,0.013336,892.893797,782.870351,1.089613,1.089613,1,0.010098,1363.76,1290.04,1.149908,1.149908,1
1234,15-Feb-98,24:00:00,1405.59,0.021018,307.133199,307.130096,0,0,1,0.016971,1092.33,1081.84,0,0,1
1235,16-Feb-98,24:00:00,2282.02,0.005539,944.659723,646.534705,1.142798,1.142798,1,0.004323,1348.23,909.240787,1.274462,1.274462,1
1236,17-Feb-98,24:00:00,2540.41,0.011722,654.810948,632.320181,0.42451,0.42451,1,0.012789,1878.14,1641.65,0.350154,0.350154,1
1237,18-Feb-98,24:00:00,1116.70,0.013726,290.091826,288.493437,0.216038,0.216038,1,0.009056,822.45324,818.828031,0.277916,0.277916,1
1238,19-Feb-98,24:00:00,5771.28,0.007571,2033.44,1046.81,1.59709,1.59709,1,0.006666,3753.53,1604.17,1.830638,1.830638,1
1239,20-Feb-98,24:00:00,2257.43,0.010832,364.937056,364.465149,0,0,1,0.011477,1877.88,1583.22,0,0,1
1240,21-Feb-98,24:00:00,2718.28,0.007884,605.425124,582.273413,0.680896,0.680896,1,0.006083,2120.59,1442.54,1.410003,1.410003,1
1241,22-Feb-98,24:00:00,1634.85,0.015448,289.209656,289.175058,0,0,1,0.017235,1336.60,1263.05,0,0,1
1242,23-Feb-98,24:00:00,1430.94,0.011248,383.64587,373.232083,0.308929,0.308929,1,0.008056,1051.20,1005.88,0.743884,0.743884,1
1243,24-Feb-98,24:00:00,1214.27,0.021428,251.798718,251.692664,0,0,1,0.019907,957.515641,950.369305,0,0,1
1244,25-Feb-98,24:00:00,782.744597,0.012987,209.995872,209.995872,0,0,1,0.01031,571.577797,571.576508,0,0,1
1245,26-Feb-98,24:00:00,675.247454,0.012684,188.220759,188.220759,0,0,1,0.011973,486.57878,486.57878,0,0,1
1246,27-Feb-98,24:00:00,603.839695,0.021328,168.913042,168.913042,0,0,1,0.016463,434.560964,434.560964,0,0,1
1247,28-Feb-98,24:00:00,541.568916,0.021616,151.788966,151.788966,0,0,1,0.020027,389.458682,389.458682,0,0,1
1248,1-Mar-98,24:00:00,486.376607,0.020837,136.60165,136.60165,0,0,0.999292,0.023257,349.491668,349.491668,0,0,0.999817
1249,2-Mar-98,24:00:00,437.427788,0.013183,123.132128,123.132128,0,0,0.997305,0.010349,314.045681,314.045681,0,0,0.998682
1250,3-Mar-98,24:00:00,394.015514,0.03104,111.186198,111.186198,0,0,0.99431,0.026049,282.608603,282.608603,0,0,0.996145
1251,4-Mar-98,24:00:00,355.513767,0.026477,100.591613,100.591613,0,0,0.990153,0.023106,254.727176,254.727176,0,0,0.992614
1252,5-Mar-98,24:00:00,321.367356,0.005687,91.195605,91.195605,0,0,0.987908,0.013773,229.999421,229.999421,0,0,0.989899
1253,6-Mar-98,24:00:00,291.083875,0.02738,82.86268,82.86268,0,0,0.98769,0.027273,208.068813,208.068813,0,0,0.987067
1254,7-Mar-98,24:00:00,264.226605,0.009541,75.472666,75.472666,0,0,0.98769,0.010415,188.61914,188.61914,0,0,0.984309
1255,8-Mar-98,24:00:00,240.408213,0.020848,68.918976,68.918976,0,0,0.98769,0.023156,171.369946,171.369946,0,0,0.983654
1256,9-Mar-98,24:00:00,219.28517,0.029771,63.107078,63.107078,0,0,0.98769,0.026551,156.072488,156.072488,0,0,0.983654
1257,10-Mar-98,24:00:00,200.552791,0.030144,57.953128,57.953128,0,0,0.987489,0.030604,142.506148,142.506148,0,0,0.983
1258,11-Mar-98,24:00:00,183.940849,0.030211,53.38276,53.38276,0,0,0.984866,0.028107,130.475254,130.475254,0,0,0.979907
1259,12-Mar-98,24:00:00,564.140589,0.008576,299.519801,237.110879,1.113408,0.99071,0.991482,0.00774,269.890311,236.481354,1.113274,0.957761,0.989274
1260,13-Mar-98,24:00:00,1704.57,0.024426,633.050083,523.652315,0.35,0.35,1,0.020855,1070.31,1012.77,0.188516,0.188516,1
1261,14-Mar-98,24:00:00,467.359514,0.034743,101.778045,101.778045,0,0,1,0.037579,362.213298,361.345575,0,0,1
1262,15-Mar-98,24:00:00,285.668524,0.029794,91.290714,91.290714,0,0,1,0.032109,194.032639,194.032639,0,0,1
1263,16-Mar-98,24:00:00,251.945571,0.031676,82.95491,82.95491,0,0,0.998761,0.032549,168.865448,168.865448,0,0,0.998598
1264,17-Mar-98,24:00:00,229.257748,0.033302,75.562882,75.562882,0,0,0.994735,0.031638,153.591312,153.591312,0,0,0.994511
1265,18-Mar-98,24:00:00,209.409881,0.036228,69.007799,69.007799,0,0,0.98981,0.034324,140.310616,140.310616,0,0,0.989818
1266,19-Mar-98,24:00:00,191.817977,0.022138,63.195053,63.195053,0,0,0.985671,0.035633,128.541914,128.541914,0,0,0.984947
1267,20-Mar-98,24:00:00,176.21887,0.017109,58.040732,58.040732,0,0,0.982912,0.027519,118.106366,118.106366,0,0,0.980445
1268,21-Mar-98,24:00:00,182.437964,0.013761,56.452024,53.624686,0.177441,0.035345,0.983645,0.014064,127.073958,119.554766,0.499491,0.335956,0.983614
1269,22-Mar-98,24:00:00,1484.47,0.016966,480.296014,449.600754,0.807021,0.807021,1,0.012179,1009.90,927.233856,0.839215,0.839215,1
1270,23-Mar-98,24:00:00,2024.63,0.008656,807.595645,569.756024,1.21369,1.21369,1,0.010651,1221.08,947.49263,1.159426,1.159426,1
1271,24-Mar-98,24:00:00,1345.63,0.017635,293.331863,284.929634,0.233687,0.233687,1,0.013061,1045.80,982.761804,0.219742,0.219742,1
1272,25-Mar-98,24:00:00,689.302942,0.02375,173.510031,172.901039,0,0,1,0.025612,512.970566,505.548296,0,0,1
1273,26-Mar-98,24:00:00,401.886914,0.031493,118.434283,118.434283,0,0,1,0.029535,282.744624,282.684579,0,0,1
1274,27-Mar-98,24:00:00,342.899212,0.023116,107.025202,107.025202,0,0,1,0.017898,235.670289,235.670289,0,0,1
1275,28-Mar-98,24:00:00,309.310871,0.029801,96.924962,96.924962,0,0,1,0.02662,212.229114,212.229114,0,0,1
1276,29-Mar-98,24:00:00,280.427777,0.037533,87.968322,87.968322,0,0,0.998662,0.036038,192.321642,192.321642,0,0,0.997579
1277,30-Mar-98,24:00:00,254.846951,0.030952,80.025992,80.025992,0,0,0.994556,0.031343,174.69905,174.69905,0,0,0.992701
1278,31-Mar-98,24:00:00,682.888958,0.012443,290.478261,271.895979,0.569637,0.515938,0.998762,0.00743,395.373914,366.610485,0.468129,0.401141,0.998726
1279,1-Apr-98,24:00:00,495.926777,0.030843,134.708188,133.892831,0,0,1,0.030663,358.673181,354.431281,0,0,1
1280,2-Apr-98,24:00:00,264.494656,0.019875,82.525435,82.525435,0,0,1,0.024169,181.520894,181.50755,0,0,1
1281,3-Apr-98,24:00:00,752.16878,0.013374,318.90533,302.396829,0.484794,0.484794,1,0.015651,436.544329,407.77625,0.451149,0.451149,1
1282,4-Apr-98,24:00:00,497.913714,0.019971,134.088114,130.797877,0.099443,0.099443,1,0.022429,360.968281,357.915316,0,0,1
1283,5-Apr-98,24:00:00,277.173812,0.029213,97.868248,97.772195,0,0,1,0.026037,178.878829,178.878829,0,0,1
1284,6-Apr-98,24:00:00,230.876394,0.019388,79.381964,79.381964,0,0,1,0.017975,151.379301,151.379301,0,0,1
1285,7-Apr-98,24:00:00,210.439971,0.034736,72.420327,72.420327,0,0,1,0.032465,137.93025,137.93025,0,0,0.999584
1286,8-Apr-98,24:00:00,192.810105,0.025287,66.257871,66.251065,0.006067,0,0.999419,0.025311,126.473565,126.473171,0.001502,0,0.996877
1287,9-Apr-98,24:00:00,370.7221,0.02044,159.398214,152.56508,0.194797,0.190542,0.999987,0.0193,211.996648,201.536131,0.153889,0.121708,0.999863
1288,10-Apr-98,24:00:00,219.308823,0.022737,65.073456,65.073456,0,0,1,0.020446,153.565199,153.065938,0,0,1
1289,11-Apr-98,24:00:00,170.971069,0.033082,59.198666,59.198666,0,0,1,0.027194,111.655542,111.655542,0,0,1
1290,12-Apr-98,24:00:00,277.481438,0.023779,137.537258,126.400739,0.43135,0.43135,1,0.018289,142.03541,133.314178,0.383936,0.383936,1
1291,13-Apr-98,24:00:00,628.028273,0.02833,197.638508,194.086416,0,0,1,0.023202,429.46947,411.333784,0,0,1
1292,14-Apr-98,24:00:00,234.301203,0.026297,65.40372,65.40372,0,0,1,0.02551,167.877046,167.653679,0,0,1
1293,15-Apr-98,24:00:00,174.5939,0.038064,59.953174,59.953174,0,0,1,0.034691,114.515808,114.515808,0,0,1
1294,16-Apr-98,24:00:00,158.998406,0.038433,55.208835,55.208835,0,0,0.997979,0.039604,103.728918,103.728918,0,0,0.998704
1295,17-Apr-98,24:00:00,147.171286,0.043697,51.002999,51.002999,0,0,0.99252,0.043046,96.116507,96.116507,0,0,0.99379
1296,18-Apr-98,24:00:00,136.760905,0.034821,47.274783,47.274783,0,0,0.986942,0.040477,89.440298,89.440298,0,0,0.987822
1297,19-Apr-98,24:00:00,127.53618,0.045728,43.970198,43.970198,0,0,0.981111,0.043635,83.525375,83.525375,0,0,0.981799
1298,20-Apr-98,24:00:00,119.36093,0.046429,41.041359,41.041359,0,0,0.974748,0.050131,78.283585,78.283585,0,0,0.975213
1299,21-Apr-98,24:00:00,112.11648,0.051002,38.445797,38.445797,0,0,0.967595,0.05107,73.638794,73.638794,0,0,0.967834
1300,22-Apr-98,24:00:00,105.697633,0.037747,36.145842,36.145842,0,0,0.961216,0.047132,69.523534,69.523534,0,0,0.960914
1301,23-Apr-98,24:00:00,286.882313,0.017258,163.578933,145.311706,0.536441,0.245332,0.988617,0.017299,123.938792,100.495082,0.372474,0.073402,0.987235
1302,24-Apr-98,24:00:00,155.723141,0.040616,48.493858,48.493858,0,0,1,0.035951,106.662672,103.834522,0,0,1
1303,25-Apr-98,24:00:00,109.683705,0.045994,40.735174,40.735174,0,0,0.999948,0.045593,68.859296,68.859296,0,0,1
1304,26-Apr-98,24:00:00,101.12093,0.052147,38.183987,38.183987,0,0,0.996205,0.049548,62.911576,62.911576,0,0,0.996938
1305,27-Apr-98,24:00:00,95.871918,0.053554,35.924428,35.924428,0,0,0.988616,0.056009,59.927689,59.927689,0,0,0.98965
1306,28-Apr-98,24:00:00,91.326052,0.042394,33.922586,33.922586,0,0,0.981787,0.056364,57.386025,57.386025,0,0,0.981587
1307,29-Apr-98,24:00:00,87.304449,0.041641,32.149335,32.149335,0,0,0.975929,0.055346,55.139677,55.139677,0,0,0.973744
1308,30-Apr-98,24:00:00,83.744529,0.039261,30.57884,30.57884,0,0,0.97011,0.045703,53.152027,53.152027,0,0,0.966409
1309,1-May-98,24:00:00,724.675141,0.015442,362.038535,331.599672,0.894618,0.664209,0.995819,0.014245,366.886917,317.150677,0.788775,0.529459,0.993751
1310,2-May-98,24:00:00,768.832409,0.024562,295.39307,280.175316,0.446189,0.446189,1,0.025913,471.17358,453.278972,0.181765,0.181765,1
1311,3-May-98,24:00:00,268.2557,0.030201,79.022337,79.020966,0,0,1,0.034317,187.771641,186.947076,0,0,1
1312,4-May-98,24:00:00,203.333872,0.026932,67.889253,67.889253,0,0,1,0.030324,136.07463,131.432498,0.096471,0.096471,1
1313,5-May-98,24:00:00,230.290798,0.020412,62.287874,62.287874,0,0,1,0.030255,167.365851,165.209687,0,0,1
1314,6-May-98,24:00:00,160.952992,0.021203,57.323137,57.323137,0,0,1,0.02378,103.433167,103.427012,0,0,1
1315,7-May-98,24:00:00,143.39114,0.023129,52.922168,52.922168,0,0,0.999492,0.025559,90.415375,90.415375,0,0,1
1316,8-May-98,24:00:00,133.274347,0.028136,49.02123,49.02123,0,0,0.996879,0.028672,84.212301,84.212301,0,0,0.999429
1317,9-May-98,24:00:00,124.570525,0.044667,45.563789,45.563789,0,0,0.991309,0.040182,78.970817,78.970817,0,0,0.995326
1318,10-May-98,24:00:00,116.86734,0.037383,42.499708,42.499708,0,0,0.985598,0.040126,74.335815,74.335815,0,0,0.989634
1319,11-May-98,24:00:00,110.042824,0.01492,39.784514,39.784514,0,0,0.981792,0.016,70.230122,70.230122,0,0,0.985891
1320,12-May-98,24:00:00,235.284032,0.020675,89.23816,81.504234,0.227117,0.092135,0.998368,0.018003,146.706236,133.054051,0.206671,0.104602,0.998638
1321,13-May-98,24:00:00,149.31203,0.028933,39.769653,39.769653,0,0,1,0.030636,108.96652,108.042635,0,0,1
1322,14-May-98,24:00:00,108.996111,0.029262,37.035661,37.035661,0,0,1,0.031114,71.872354,71.871212,0,0,1
1323,15-May-98,24:00:00,100.802093,0.043077,34.947995,34.947995,0,0,0.998843,0.03771,65.827133,65.827133,0,0,0.999912
1324,16-May-98,24:00:00,95.733958,0.03369,33.098907,33.098907,0,0,0.99447,0.029493,62.613619,62.613619,0,0,0.997445
1325,17-May-98,24:00:00,91.340562,0.045739,31.461372,31.461372,0,0,0.988827,0.045368,59.860299,59.860299,0,0,0.992178
1326,18-May-98,24:00:00,87.454602,0.054415,30.011472,30.011472,0,0,0.981721,0.052276,57.42641,57.42641,0,0,0.985231
1327,19-May-98,24:00:00,84.01569,0.042656,28.727997,28.727997,0,0,0.974736,0.035242,55.272896,55.272896,0,0,0.978848
1328,20-May-98,24:00:00,80.973205,0.04651,27.592134,27.592134,0,0,0.968465,0.042905,53.36798,53.36798,0,0,0.973394
1329,21-May-98,24:00:00,78.282334,0.048897,26.587196,26.587196,0,0,0.961592,0.046891,51.683561,51.683561,0,0,0.966908
1330,22-May-98,24:00:00,75.903332,0.051509,25.698383,25.698383,0,0,0.954423,0.052534,50.194716,50.194716,0,0,0.95987
1331,23-May-98,24:00:00,73.800948,0.038052,24.912569,24.912569,0,0,0.948064,0.041724,48.879338,48.879338,0,0,0.953076
1332,24-May-98,24:00:00,71.943914,0.023098,24.21811,24.21811,0,0,0.943627,0.021294,47.717821,47.717821,0,0,0.948558
1333,25-May-98,24:00:00,70.304499,0.043231,23.60468,23.60468,0,0,0.938859,0.042221,46.692775,46.692775,0,0,0.943952
1334,26-May-98,24:00:00,68.858104,0.031648,23.063119,23.063119,0,0,0.933558,0.025794,45.788774,45.788774,0,0,0.93911
1335,27-May-98,24:00:00,73.879193,0.016928,27.232818,22.585302,0.371551,0,0.93912,0.018868,46.776487,44.992136,0.293095,0,0.94114
1336,28-May-98,24:00:00,1660.53,0.016038,866.115323,664.849466,2.070813,1.961033,0.999673,0.014415,805.544349,690.4347,2.024157,1.878186,0.999333
1337,29-May-98,24:00:00,5460.31,0.016731,2098.44,1043.96,1.472612,1.472612,1,0.015123,3366.65,2012.75,1.412541,1.412541,1
1338,30-May-98,24:00:00,1407.97,0.047495,210.863808,210.815992,0,0,1,0.04742,1184.10,1051.27,0,0,1
1339,31-May-98,24:00:00,514.675898,0.040318,153.521267,153.521267,0,0,1,0.05043,359.621252,359.621252,0,0,0.99977
1340,1-Jun-98,24:00:00,416.154915,0.037274,138.294083,138.294083,0,0,0.998133,0.04592,277.589171,277.589171,0,0,0.996128
1341,2-Jun-98,24:00:00,373.658205,0.034089,124.801437,124.801437,0,0,0.993207,0.030406,248.668011,248.668011,0,0,0.990586
1342,3-Jun-98,24:00:00,337.905059,0.021816,112.837166,112.837166,0,0,0.989164,0.023099,224.902848,224.902848,0,0,0.986687
1343,4-Jun-98,24:00:00,306.267003,0.028134,102.228448,102.228448,0,0,0.985661,0.034649,203.89268,203.89268,0,0,0.982611
1344,5-Jun-98,24:00:00,278.216574,0.044719,92.822003,92.822003,0,0,0.980444,0.043943,185.265545,185.265545,0,0,0.976987
1345,6-Jun-98,24:00:00,253.346284,0.022326,84.481885,84.481885,0,0,0.975648,0.026958,168.750236,168.750236,0,0,0.971969
1346,7-Jun-98,24:00:00,231.296475,0.023153,77.087519,77.087519,0,0,0.972346,0.02921,154.107913,154.107913,0,0,0.967898
1347,8-Jun-98,24:00:00,211.748207,0.049466,70.531964,70.531964,0,0,0.967136,0.043244,141.126789,141.126789,0,0,0.962773
1348,9-Jun-98,24:00:00,194.418609,0.034613,64.720374,64.720374,0,0,0.961286,0.055615,129.619024,129.619024,0,0,0.955623
1349,10-Jun-98,24:00:00,179.056797,0.047941,59.568623,59.568623,0,0,0.955382,0.047666,119.418021,119.418021,0,0,0.948238
1350,11-Jun-98,24:00:00,165.440259,0.025167,55.002102,55.002102,0,0,0.950157,0.039513,110.376016,110.376016,0,0,0.942074
1351,12-Jun-98,24:00:00,153.371642,0.021519,50.954636,50.954636,0,0,0.946688,0.046764,102.361958,102.361958,0,0,0.935788
1352,13-Jun-98,24:00:00,142.675912,0.038674,47.367532,47.367532,0,0,0.942584,0.047151,95.259611,95.259611,0,0,0.929346
1353,14-Jun-98,24:00:00,133.197826,0.05344,44.188736,44.188736,0,0,0.936005,0.060239,88.965884,88.965884,0,0,0.921554
1354,15-Jun-98,24:00:00,124.799697,0.061769,41.372077,41.372077,0,0,0.927591,0.06723,83.389341,83.389341,0,0,0.91273
1355,16-Jun-98,24:00:00,117.359404,0.076751,38.876606,38.876606,0,0,0.918123,0.065956,78.448886,78.448886,0,0,0.902881
1356,17-Jun-98,24:00:00,110.768637,0.059777,36.666005,36.666005,0,0,0.907808,0.064381,74.072592,74.072592,0,0,0.893634
1357,18-Jun-98,24:00:00,104.931331,0.047846,34.70806,34.70806,0,0,0.900412,0.062895,70.196664,70.196664,0,0,0.88453
1358,19-Jun-98,24:00:00,99.762285,0.039127,32.974202,32.974202,0,0,0.894261,0.063438,66.76452,66.76452,0,0,0.875643
1359,20-Jun-98,24:00:00,95.18593,0.037179,31.439089,31.439089,0,0,0.88879,0.051055,63.725977,63.725977,0,0,0.867466
1360,21-Jun-98,24:00:00,91.135241,0.02562,30.080248,30.080248,0,0,0.884233,0.040412,61.036524,61.036524,0,0,0.860956
1361,22-Jun-98,24:00:00,87.550772,0.028548,28.877743,28.877743,0,0,0.880373,0.044969,58.656683,58.656683,0,0,0.854889
1362,23-Jun-98,24:00:00,84.379797,0.030006,27.813896,27.813896,0,0,0.876246,0.054031,56.55144,56.55144,0,0,0.847662
1363,24-Jun-98,24:00:00,81.575551,0.044371,26.873024,26.873024,0,0,0.870893,0.056683,54.689738,54.689738,0,0,0.839764
1364,25-Jun-98,24:00:00,79.096558,0.047535,26.041218,26.041218,0,0,0.864348,0.048085,53.044034,53.044034,0,0,0.832162
1365,26-Jun-98,24:00:00,76.906029,0.057425,25.306143,25.306143,0,0,0.856793,0.059352,51.589895,51.589895,0,0,0.824647
1366,27-Jun-98,24:00:00,74.971334,0.062781,24.656857,24.656857,0,0,0.848182,0.061491,50.305654,50.305654,0,0,0.815914
1367,28-Jun-98,24:00:00,73.263532,0.036003,24.083656,24.083656,0,0,0.841245,0.061211,49.172089,49.172089,0,0,0.807198
1368,29-Jun-98,24:00:00,71.756954,0.034422,23.577931,23.577931,0,0,0.836214,0.057699,48.172155,48.172155,0,0,0.798789
1369,30-Jun-98,24:00:00,70.428832,0.04438,23.132049,23.132049,0,0,0.830631,0.051218,47.290731,47.290731,0,0,0.790995
1370,1-Jul-98,24:00:00,69.258972,0.055233,22.739236,22.739236,0,0,0.823423,0.051104,46.514406,46.514406,0,0,0.783767
1371,2-Jul-98,24:00:00,68.229462,0.052508,22.393488,22.393488,0,0,0.815676,0.05396,45.831285,45.831285,0,0,0.776247
1372,3-Jul-98,24:00:00,67.324413,0.05369,22.089476,22.089476,0,0,0.808161,0.060978,45.230818,45.230818,0,0,0.767981
1373,4-Jul-98,24:00:00,66.529735,0.051849,21.822476,21.822476,0,0,0.800649,0.062946,44.703644,44.703644,0,0,0.759078
1374,5-Jul-98,24:00:00,65.832927,0.04741,21.588295,21.588295,0,0,0.793563,0.060392,44.241465,44.241465,0,0,0.750258
1375,6-Jul-98,24:00:00,65.222903,0.055373,21.383216,21.383216,0,0,0.786255,0.064019,43.836917,43.836917,0,0,0.741316
1376,7-Jul-98,24:00:00,64.689827,0.062074,21.203941,21.203941,0,0,0.777736,0.071554,43.483468,43.483468,0,0,0.731783
1377,8-Jul-98,24:00:00,64.224977,0.046209,21.047546,21.047546,0,0,0.77005,0.068361,43.175326,43.175326,0,0,0.721799
1378,9-Jul-98,24:00:00,63.820615,0.036793,20.911435,20.911435,0,0,0.764206,0.059654,42.907352,42.907352,0,0,0.712631
1379,10-Jul-98,24:00:00,63.469877,0.044666,20.793307,20.793307,0,0,0.758431,0.056049,42.674987,42.674987,0,0,0.704428
1380,11-Jul-98,24:00:00,63.166674,0.058448,20.69112,20.69112,0,0,0.750994,0.064568,42.474188,42.474188,0,0,0.695781
1381,12-Jul-98,24:00:00,62.905606,0.065991,20.603064,20.603064,0,0,0.742058,0.070949,42.301369,42.301369,0,0,0.686178
1382,13-Jul-98,24:00:00,62.68188,0.054252,20.527531,20.527531,0,0,0.733336,0.071123,42.153346,42.153346,0,0,0.676031
1383,14-Jul-98,24:00:00,62.491246,0.061113,20.463097,20.463097,0,0,0.72521,0.070001,42.027299,42.027299,0,0,0.665898
1384,15-Jul-98,24:00:00,62.329934,0.076681,20.408496,20.408496,0,0,0.715683,0.076636,41.920722,41.920722,0,0,0.65553
1385,16-Jul-98,24:00:00,62.1946,0.06872,20.362609,20.362609,0,0,0.704931,0.070469,41.831393,41.831393,0,0,0.644886
1386,17-Jul-98,24:00:00,62.082273,0.064537,20.324438,20.324438,0,0,0.695489,0.072646,41.757343,41.757343,0,0,0.634731
1387,18-Jul-98,24:00:00,61.990323,0.071341,20.293102,20.293102,0,0,0.685883,0.075821,41.696822,41.696822,0,0,0.624134
1388,19-Jul-98,24:00:00,61.916413,0.06806,20.267817,20.267817,0,0,0.675796,0.074417,41.648279,41.648279,0,0,0.613355
1389,20-Jul-98,24:00:00,61.85847,0.054257,20.247889,20.247889,0,0,0.666926,0.069838,41.610338,41.610338,0,0,0.603043
1390,21-Jul-98,24:00:00,61.814654,0.040359,20.232699,20.232699,0,0,0.660368,0.0629,41.581776,41.581776,0,0,0.59357
1391,22-Jul-98,24:00:00,61.783335,0.031552,20.221702,20.221702,0,0,0.655203,0.058639,41.561511,41.561511,0,0,0.584914
1392,23-Jul-98,24:00:00,61.763062,0.037344,20.214412,20.214412,0,0,0.650311,0.060761,41.548579,41.548579,0,0,0.576367
1393,24-Jul-98,24:00:00,61.752553,0.035809,20.210398,20.210398,0,0,0.645118,0.059192,41.542129,41.542129,0,0,0.567753
1394,25-Jul-98,24:00:00,61.750664,0.052261,20.209277,20.209277,0,0,0.638783,0.064824,41.541401,41.541401,0,0,0.558798
1395,26-Jul-98,24:00:00,61.756385,0.053972,20.21071,20.21071,0,0,0.631125,0.068723,41.545724,41.545724,0,0,0.549403
1396,27-Jul-98,24:00:00,61.768817,0.049848,20.214395,20.214395,0,0,0.623828,0.068049,41.5545,41.5545,0,0,0.53957
1397,28-Jul-98,24:00:00,61.787161,0.047127,20.220065,20.220065,0,0,0.616881,0.065316,41.567201,41.567201,0,0,0.530062
1398,29-Jul-98,24:00:00,61.810709,0.040079,20.227484,20.227484,0,0,0.610638,0.051735,41.583354,41.583354,0,0,0.52165
1399,30-Jul-98,24:00:00,61.838832,0.025482,20.236439,20.236439,0,0,0.605888,0.042967,41.602544,41.602544,0,0,0.514898
1400,31-Jul-98,24:00:00,61.870973,0.057442,20.246743,20.246743,0,0,0.599924,0.05621,41.624398,41.624398,0,0,0.507912
1401,1-Aug-98,24:00:00,61.906634,0.060976,20.258231,20.258231,0,0,0.591475,0.065424,41.648588,41.648588,0,0,0.499129
1402,2-Aug-98,24:00:00,61.945376,0.064769,20.270754,20.270754,0,0,0.582547,0.067149,41.67482,41.67482,0,0,0.489714
1403,3-Aug-98,24:00:00,61.986807,0.067284,20.284182,20.284182,0,0,0.573181,0.066878,41.702835,41.702835,0,0,0.48008
1404,4-Aug-98,24:00:00,62.030579,0.064526,20.298398,20.298398,0,0,0.563744,0.070657,41.732402,41.732402,0,0,0.470398
1405,5-Aug-98,24:00:00,62.076383,0.060444,20.313298,20.313298,0,0,0.554779,0.067352,41.763315,41.763315,0,0,0.460425
1406,6-Aug-98,24:00:00,62.123944,0.053399,20.32879,20.32879,0,0,0.54669,0.073268,41.795392,41.795392,0,0,0.450524
1407,7-Aug-98,24:00:00,62.173018,0.053989,20.344792,20.344792,0,0,0.538897,0.0611,41.828471,41.828471,0,0,0.440699
1408,8-Aug-98,24:00:00,62.223387,0.041314,20.361232,20.361232,0,0,0.532239,0.060658,41.862407,41.862407,0,0,0.432048
1409,9-Aug-98,24:00:00,62.27486,0.049533,20.378044,20.378044,0,0,0.525778,0.061328,41.897071,41.897071,0,0,0.423384
1410,10-Aug-98,24:00:00,62.327262,0.061648,20.395171,20.395171,0,0,0.517742,0.06371,41.932351,41.932351,0,0,0.414377
1411,11-Aug-98,24:00:00,62.380442,0.062476,20.412563,20.412563,0,0,0.508886,0.064292,41.968142,41.968142,0,0,0.405217
1412,12-Aug-98,24:00:00,62.434262,0.064778,20.430172,20.430172,0,0,0.49985,0.065572,42.004357,42.004357,0,0,0.395985
1413,13-Aug-98,24:00:00,62.488602,0.054585,20.447958,20.447958,0,0,0.491184,0.06443,42.040912,42.040912,0,0,0.386714
1414,14-Aug-98,24:00:00,62.543353,0.046675,20.465886,20.465886,0,0,0.48395,0.05947,42.077737,42.077737,0,0,0.377722
1415,15-Aug-98,24:00:00,62.598419,0.041143,20.483922,20.483922,0,0,0.477769,0.064369,42.114768,42.114768,0,0,0.368956
1416,16-Aug-98,24:00:00,62.653713,0.051283,20.502038,20.502038,0,0,0.471043,0.065063,42.151947,42.151947,0,0,0.359973
1417,17-Aug-98,24:00:00,62.709158,0.052365,20.520209,20.520209,0,0,0.463677,0.056639,42.189222,42.189222,0,0,0.350879
1418,18-Aug-98,24:00:00,62.764687,0.045368,20.53841,20.53841,0,0,0.456724,0.051789,42.226549,42.226549,0,0,0.343261
1419,19-Aug-98,24:00:00,62.820236,0.03447,20.556622,20.556622,0,0,0.451049,0.053581,42.263887,42.263887,0,0,0.335769
1420,20-Aug-98,24:00:00,62.875752,0.034625,20.574827,20.574827,0,0,0.446178,0.050357,42.301198,42.301198,0,0,0.3283
1421,21-Aug-98,24:00:00,62.931185,0.048923,20.593007,20.593007,0,0,0.440152,0.052459,42.338451,42.338451,0,0,0.321004
1422,22-Aug-98,24:00:00,62.986492,0.055507,20.611148,20.611148,0,0,0.432638,0.059185,42.375615,42.375615,0,0,0.313077
1423,23-Aug-98,24:00:00,63.041631,0.055273,20.629236,20.629236,0,0,0.424758,0.054106,42.412666,42.412666,0,0,0.304926
1424,24-Aug-98,24:00:00,63.096569,0.05603,20.647261,20.647261,0,0,0.416778,0.057368,42.449578,42.449578,0,0,0.296984
1425,25-Aug-98,24:00:00,63.151273,0.031229,20.66521,20.66521,0,0,0.410594,0.053857,42.486331,42.486331,0,0,0.289082
1426,26-Aug-98,24:00:00,63.205715,0.038651,20.683076,20.683076,0,0,0.40564,0.05088,42.522906,42.522906,0,0,0.281524
1427,27-Aug-98,24:00:00,63.259868,0.051871,20.700848,20.700848,0,0,0.399128,0.05924,42.559285,42.559285,0,0,0.273768
1428,28-Aug-98,24:00:00,63.313709,0.048198,20.718519,20.718519,0,0,0.39202,0.055868,42.595453,42.595453,0,0,0.26549
1429,29-Aug-98,24:00:00,63.367217,0.053299,20.736083,20.736083,0,0,0.384705,0.056329,42.631396,42.631396,0,0,0.257456
1430,30-Aug-98,24:00:00,63.420373,0.04577,20.753532,20.753532,0,0,0.377644,0.055612,42.667101,42.667101,0,0,0.249459
1431,31-Aug-98,24:00:00,63.473159,0.048964,20.770861,20.770861,0,0,0.370979,0.057746,42.702557,42.702557,0,0,0.241378
1432,1-Sep-98,24:00:00,63.525561,0.04955,20.788065,20.788065,0,0,0.363816,0.057985,42.737752,42.737752,0,0,0.233108
1433,2-Sep-98,24:00:00,63.577563,0.053592,20.805138,20.805138,0,0,0.356457,0.060999,42.772679,42.772679,0,0,0.224665
1434,3-Sep-98,24:00:00,63.629153,0.055204,20.822078,20.822078,0,0,0.348687,0.060942,42.807327,42.807327,0,0,0.215961
1435,4-Sep-98,24:00:00,63.680318,0.049116,20.838879,20.838879,0,0,0.341081,0.062035,42.84169,42.84169,0,0,0.207369
1436,5-Sep-98,24:00:00,63.731048,0.03844,20.855537,20.855537,0,0,0.334835,0.036949,42.875759,42.875759,0,0,0.199963
1437,6-Sep-98,24:00:00,63.781333,0.052686,20.872051,20.872051,0,0,0.32845,0.049142,42.909528,42.909528,0,0,0.193787
1438,7-Sep-98,24:00:00,63.831164,0.055432,20.888416,20.888416,0,0,0.320736,0.054551,42.942991,42.942991,0,0,0.186451
1439,8-Sep-98,24:00:00,63.880532,0.042717,20.90463,20.90463,0,0,0.313781,0.054674,42.976143,42.976143,0,0,0.178757
1440,9-Sep-98,24:00:00,63.92943,0.031998,20.920691,20.920691,0,0,0.308401,0.03253,43.008978,43.008978,0,0,0.172385
1441,10-Sep-98,24:00:00,63.97785,0.045615,20.936595,20.936595,0,0,0.302781,0.045229,43.041491,43.041491,0,0,0.166819
1442,11-Sep-98,24:00:00,64.025785,0.05225,20.95234,20.95234,0,0,0.295866,0.049708,43.073679,43.073679,0,0,0.160027
1443,12-Sep-98,24:00:00,64.07323,0.050982,20.967926,20.967926,0,0,0.28847,0.055037,43.105536,43.105536,0,0,0.152638
1444,13-Sep-98,24:00:00,64.120179,0.050914,20.983349,20.983349,0,0,0.281175,0.053412,43.137059,43.137059,0,0,0.144864
1445,14-Sep-98,24:00:00,64.166626,0.036479,20.998608,20.998608,0,0,0.274964,0.052598,43.168245,43.168245,0,0,0.137303
1446,15-Sep-98,24:00:00,64.212567,0.026958,21.013701,21.013701,0,0,0.270418,0.045916,43.19909,43.19909,0,0,0.130224
1447,16-Sep-98,24:00:00,64.257996,0.034031,21.028627,21.028627,0,0,0.266113,0.050209,43.22959,43.22959,0,0,0.123376
1448,17-Sep-98,24:00:00,64.30291,0.039171,21.043385,21.043385,0,0,0.260942,0.044577,43.259744,43.259744,0,0,0.116614
1449,18-Sep-98,24:00:00,64.347303,0.047118,21.057972,21.057972,0,0,0.254763,0.043265,43.289548,43.289548,0,0,0.110302
1450,19-Sep-98,24:00:00,64.391174,0.043142,21.072388,21.072388,0,0,0.248074,0.042016,43.319,43.319,0,0,0.104198
1451,20-Sep-98,24:00:00,64.434517,0.043717,21.086631,21.086631,0,0,0.241954,0.042818,43.348097,43.348097,0,0,0.098093
1452,21-Sep-98,24:00:00,64.477329,0.028368,21.1007,21.1007,0,0,0.236817,0.04037,43.376837,43.376837,0,0,0.092181
1453,22-Sep-98,24:00:00,64.519607,0.017395,21.114595,21.114595,0,0,0.233538,0.023868,43.405218,43.405218,0,0,0.087598
1454,23-Sep-98,24:00:00,64.561348,0.03181,21.128314,21.128314,0,0,0.22998,0.028735,43.433237,43.433237,0,0,0.083856
1455,24-Sep-98,24:00:00,64.602549,0.0312,21.141856,21.141856,0,0,0.225449,0.034785,43.460894,43.460894,0,0,0.079241
1456,25-Sep-98,24:00:00,64.643207,0.01499,21.15522,21.15522,0,0,0.222203,0.027024,43.488185,43.488185,0,0,0.074887
1457,26-Sep-98,24:00:00,64.683319,0.025246,21.168406,21.168406,0,0,0.219375,0.036592,43.515109,43.515109,0,0,0.070204
1458,27-Sep-98,24:00:00,64.722884,0.010673,21.181412,21.181412,0,0,0.216724,0.015847,43.541664,43.541664,0,0,0.066447
1459,28-Sep-98,24:00:00,64.761898,0.036658,21.194238,21.194238,0,0,0.213324,0.03344,43.56785,43.56785,0,0,0.063116
1460,29-Sep-98,24:00:00,64.800359,0.012004,21.206883,21.206883,0,0,0.209864,0.035145,43.593663,43.593663,0,0,0.058153
1461,30-Sep-98,24:00:00,64.838266,0.022376,21.219347,21.219347,0,0,0.207453,0.029952,43.619104,43.619104,0,0,0.053592
1462,1-Oct-98,24:00:00,64.875616,0.01314,21.231628,21.231628,0,0,0.20483,0.019393,43.64417,43.64417,0,0,0.049948
1463,2-Oct-98,24:00:00,64.912407,0.03334,21.243726,21.243726,0,0,0.201691,0.030707,43.66886,43.66886,0,0,0.046508
1464,3-Oct-98,24:00:00,64.948637,0.035911,21.255641,21.255641,0,0,0.196646,0.034283,43.693172,43.693172,0,0,0.041755
1465,4-Oct-98,24:00:00,64.984304,0.036228,21.267371,21.267371,0,0,0.191536,0.032194,43.717107,43.717107,0,0,0.036963
1466,5-Oct-98,24:00:00,65.019408,0.044543,21.278916,21.278916,0,0,0.185705,0.038918,43.740662,43.740662,0,0,0.031931
1467,6-Oct-98,24:00:00,65.053945,0.041174,21.290277,21.290277,0,0,0.179667,0.040347,43.763836,43.763836,0,0,0.026432
1468,7-Oct-98,24:00:00,65.087915,0.031535,21.301451,21.301451,0,0,0.174381,0.034327,43.786629,43.786629,0,0,0.020891
1469,8-Oct-98,24:00:00,65.121316,0.030445,21.312439,21.312439,0,0,0.170079,0.026055,43.809039,43.809039,0,0,0.016699
1470,9-Oct-98,24:00:00,65.154146,0.039061,21.32324,21.32324,0,0,0.165171,0.03307,43.831066,43.831066,0,0,0.012425
1471,10-Oct-98,24:00:00,65.186405,0.031482,21.333854,21.333854,0,0,0.159963,0.02887,43.852708,43.852708,0,0,0.007924
1472,11-Oct-98,24:00:00,65.218091,0.031261,21.34428,21.34428,0,0,0.155512,0.028835,43.873964,43.873964,0,0,0.003865
1473,12-Oct-98,24:00:00,65.249202,0.028473,21.354519,21.354519,0,0,0.151218,0.025602,43.894835,43.894835,0,0,0.000711
1474,13-Oct-98,24:00:00,65.279739,0.030813,21.364568,21.364568,0,0,0.147046,0.030162,43.915319,43.915319,0,0,0
1475,14-Oct-98,24:00:00,65.309698,0.03415,21.374429,21.374429,0,0,0.142483,0.027115,43.935414,43.935414,0,0,0
1476,15-Oct-98,24:00:00,65.339081,0.036805,21.384101,21.384101,0,0,0.137413,0.030918,43.955122,43.955122,0,0,0
1477,16-Oct-98,24:00:00,65.367884,0.044019,21.393584,21.393584,0,0,0.131703,0.027858,43.974441,43.974441,0,0,0
1478,17-Oct-98,24:00:00,65.396109,0.028886,21.402876,21.402876,0,0,0.12638,0.026125,43.993369,43.993369,0,0,0
1479,18-Oct-98,24:00:00,65.423753,0.029917,21.411979,21.411979,0,0,0.122105,0.028053,44.011908,44.011908,0,0,0
1480,19-Oct-98,24:00:00,65.450816,0.035854,21.420891,21.420891,0,0,0.117428,0.027669,44.030056,44.030056,0,0,0
1481,20-Oct-98,24:00:00,65.477297,0.03704,21.429613,21.429613,0,0,0.112137,0.028527,44.047813,44.047813,0,0,0
1482,21-Oct-98,24:00:00,65.503196,0.03222,21.438144,21.438144,0,0,0.107309,0.029402,44.065177,44.065177,0,0,0
1483,22-Oct-98,24:00:00,65.528511,0.017152,21.446484,21.446484,0,0,0.10374,0.027098,44.08215,44.08215,0,0,0
1484,23-Oct-98,24:00:00,65.553242,0.018786,21.454632,21.454632,0,0,0.101193,0.027854,44.09873,44.09873,0,0,0
1485,24-Oct-98,24:00:00,166.103797,0.012588,58.305388,21.462589,1.081937,0,0.220342,0.019333,107.967657,44.114917,0.975338,0,0.108538
1486,25-Oct-98,24:00:00,70.710104,0.028689,21.470355,21.470355,0,0,0.25433,0.024119,49.071779,44.130711,0,0,0.139334
1487,26-Oct-98,24:00:00,65.623928,0.027803,21.477929,21.477929,0,0,0.25433,0.022017,44.146111,44.146111,0,0,0.139334
1488,27-Oct-98,24:00:00,65.646319,0.009543,21.485311,21.485311,0,0,0.25433,0.019179,44.161117,44.161117,0,0,0.139334
1489,28-Oct-98,24:00:00,65.668124,0.020663,21.492501,21.492501,0,0,0.25433,0.018502,44.175729,44.175729,0,0,0.139199
1490,29-Oct-98,24:00:00,65.689342,0.027201,21.499498,21.499498,0,0,0.252583,0.025861,44.189946,44.189946,0,0,0.137215
1491,30-Oct-98,24:00:00,65.709973,0.020578,21.506304,21.506304,0,0,0.249093,0.021429,44.203769,44.203769,0,0,0.133783
1492,31-Oct-98,24:00:00,65.730018,0.015025,21.512917,21.512917,0,0,0.246453,0.008871,44.217197,44.217197,0,0,0.131569
1493,1-Nov-98,24:00:00,65.749475,0.020323,21.519338,21.519338,0,0,0.244034,0.01982,44.23023,44.23023,0,0,0.130953
1494,2-Nov-98,24:00:00,65.768344,0.020696,21.525567,21.525567,0,0,0.241056,0.016794,44.242869,44.242869,0,0,0.130953
1495,3-Nov-98,24:00:00,65.786626,0.00646,21.531603,21.531603,0,0,0.239128,0.004389,44.255112,44.255112,0,0,0.130953
1496,4-Nov-98,24:00:00,65.804321,0.009479,21.537446,21.537446,0,0,0.238015,0.016727,44.26696,44.26696,0,0,0.130671
1497,5-Nov-98,24:00:00,65.821427,0.025831,21.543097,21.543097,0,0,0.235575,0.022536,44.278412,44.278412,0,0,0.128451
1498,6-Nov-98,24:00:00,65.999047,0.008452,21.643145,21.548556,0.08431,0,0.233884,0.0107,44.367264,44.28947,0.106242,0,0.127366
1499,7-Nov-98,24:00:00,165.33099,0.012662,58.495686,21.553822,1.021716,0,0.366801,0.012385,106.946492,44.300132,0.860321,0,0.242613
1500,8-Nov-98,24:00:00,98.919225,0.006767,30.394516,21.558895,0.24158,0,0.418258,0.006377,68.449338,44.3104,0.284123,0,0.298687
1501,9-Nov-98,24:00:00,67.29984,0.015738,21.581192,21.563777,0,0,0.426148,0.012834,45.672262,44.320272,0,0,0.305513
1502,10-Nov-98,24:00:00,71.000973,0.005924,23.902053,21.568465,0.0753,0,0.429311,0.005454,47.184163,44.329749,0.078648,0,0.309058
1503,11-Nov-98,24:00:00,68.897037,0.016607,21.803543,21.572962,0,0,0.436905,0.012082,47.00984,44.338832,0,0,0.316748
1504,12-Nov-98,24:00:00,65.948193,0.014859,21.577266,21.577266,0,0,0.436905,0.012769,44.369415,44.34752,0,0,0.316748
1505,13-Nov-98,24:00:00,65.937132,0.016172,21.581378,21.581378,0,0,0.436905,0.011795,44.355814,44.355814,0,0,0.316748
1506,14-Nov-98,24:00:00,65.948954,0.006011,21.585298,21.585298,0,0,0.436905,0.010085,44.363713,44.363713,0,0,0.316748
1507,15-Nov-98,24:00:00,65.96019,0.008553,21.589025,21.589025,0,0,0.436905,0.010343,44.371218,44.371218,0,0,0.316748
1508,16-Nov-98,24:00:00,65.980707,0.006463,21.592561,21.592561,0,0,0.436905,0.006901,44.390294,44.37833,0.045608,0,0.316884
1509,17-Nov-98,24:00:00,82.821771,0.014539,24.23935,21.595906,0.077628,0,0.447255,0.012445,58.60139,44.385047,0.178439,0,0.345209
1510,18-Nov-98,24:00:00,67.563531,0.01551,21.599058,21.599058,0,0,0.447995,0.009828,45.944302,44.391372,0,0,0.348755
1511,19-Nov-98,24:00:00,66.021737,0.012257,21.60202,21.60202,0,0,0.447995,0.01498,44.418894,44.397304,0,0,0.348755
1512,20-Nov-98,24:00:00,66.007594,0.014678,21.60479,21.60479,0,0,0.447995,0.012292,44.402843,44.402843,0,0,0.348755
1513,21-Nov-98,24:00:00,71.234057,0.006292,22.004291,21.607369,0.012209,0,0.448613,0.005197,49.325089,44.40799,0.111599,0,0.354775
1514,22-Nov-98,24:00:00,80.023396,0.010329,27.063308,21.609757,0.24369,0,0.457357,0.012376,53.041175,44.412745,0.287508,0,0.372502
1515,23-Nov-98,24:00:00,327.746367,0.005718,120.072189,21.611954,2.884026,0,0.765081,0.0079,208.301134,44.417109,2.542323,0,0.650975
1516,24-Nov-98,24:00:00,146.32411,0.01008,36.9024,21.613961,0.372306,0,0.937734,0.007688,108.760701,44.421081,0.544256,0,0.82681
1517,25-Nov-98,24:00:00,70.265446,0.011498,21.617337,21.615777,0,0,0.949743,0.011501,48.508121,44.424663,0,0,0.84671
1518,26-Nov-98,24:00:00,91.807021,0.003095,28.302691,21.617403,0.196845,0,0.965085,0.005667,63.601818,44.427855,0.313827,0,0.875396
1519,27-Nov-98,24:00:00,74.558407,0.008754,22.265747,21.61884,0.018475,0,0.979458,0.0112,52.228982,44.430658,0.083339,0,0.898226
1520,28-Nov-98,24:00:00,67.184485,0.014584,21.620087,21.620087,0,0,0.980502,0.012333,45.538463,44.433071,0.052113,0,0.903792
1521,29-Nov-98,24:00:00,602.680389,0.003728,479.578677,436.034491,1.550594,1.414112,0.998728,0.00545,125.309399,74.218669,1.137282,0.513532,0.98245
1522,30-Nov-98,24:00:00,2642.68,0.007484,1229.00,995.704946,1.629106,1.629106,1,0.007853,1424.12,1228.82,1.62043,1.62043,1
1523,1-Dec-98,24:00:00,2098.08,0.01247,588.056395,563.389451,0.663491,0.663491,1,0.007371,1505.21,1435.42,0.644112,0.644112,1
1524,2-Dec-98,24:00:00,1115.08,0.004261,345.214022,331.529729,0.562391,0.562391,1,0.003594,767.102939,744.157435,0.517792,0.517792,1
1525,3-Dec-98,24:00:00,1193.43,0.010945,416.977562,403.557129,0.232963,0.232963,1,0.010084,775.029564,746.974991,0.146611,0.146611,1
1526,4-Dec-98,24:00:00,551.752532,0.01161,174.061321,174.061321,0,0,1,0.009155,375.766824,375.167022,0,0,1
1527,5-Dec-98,24:00:00,570.092885,0.009099,247.931894,237.09331,0.343262,0.343262,1,0.006135,324.104756,312.739155,0.299755,0.299755,1
1528,6-Dec-98,24:00:00,723.05992,0.016004,233.669301,232.818909,0,0,1,0.011456,487.81057,478.108093,0,0,1
1529,7-Dec-98,24:00:00,423.161782,0.007854,145.169315,144.494578,0.099752,0.099752,1,0.005713,277.600061,276.220255,0.079763,0.079763,1
1530,8-Dec-98,24:00:00,471.535733,0.009115,178.239404,175.517327,0,0,1,0.009773,292.997251,288.733704,0,0,1
1531,9-Dec-98,24:00:00,339.640304,0.012665,120.949124,120.949124,0,0,1,0.010367,218.334232,218.277015,0,0,1
1532,10-Dec-98,24:00:00,299.804175,0.012016,109.655466,109.655466,0,0,1,0.010525,190.007031,190.007031,0,0,1
1533,11-Dec-98,24:00:00,272.900607,0.01047,99.700964,99.700964,0,0,1,0.005903,173.085665,173.085665,0,0,1
1534,12-Dec-98,24:00:00,249.492947,0.010936,90.872032,90.872032,0,0,1,0.010816,158.520448,158.520448,0,0,1
1535,13-Dec-98,24:00:00,371.81377,0.005936,135.028217,130.739478,0.128451,0.128451,1,0.007705,239.187147,224.529554,0.294018,0.294018,1
1536,14-Dec-98,24:00:00,446.996938,0.0145,93.937036,93.851687,0,0,1,0.012879,351.149178,345.081697,0,0,1
1537,15-Dec-98,24:00:00,245.09645,0.014132,75.332209,75.332209,0,0,1,0.010871,169.240252,169.227246,0,0,1
1538,16-Dec-98,24:00:00,207.963132,0.01165,69.25497,69.25497,0,0,1,0.012025,138.603015,138.603015,0,0,1
1539,17-Dec-98,24:00:00,191.116537,0.011692,63.868255,63.868255,0,0,1,0.012627,127.174823,127.174823,0,0,1
1540,18-Dec-98,24:00:00,176.943671,0.01305,59.090516,59.090516,0,0,1,0.014028,117.788777,117.788777,0,0,1
1541,19-Dec-98,24:00:00,164.399603,0.013517,54.85288,54.85288,0,0,1,0.015424,109.489677,109.489677,0,0,1
1542,20-Dec-98,24:00:00,153.274144,0.011525,51.09426,51.09426,0,0,1,0.008056,102.129307,102.129307,0,0,1
1543,21-Dec-98,24:00:00,143.406067,0.009944,47.760479,47.760479,0,0,0.999931,0.008271,95.600738,95.600738,0,0,1
1544,22-Dec-98,24:00:00,134.653126,0.009396,44.803485,44.803485,0,0,0.999139,0.008667,89.809865,89.809865,0,0,0.999702
1545,23-Dec-98,24:00:00,126.889182,0.010265,42.18066,42.18066,0,0,0.997768,0.008105,84.673242,84.673242,0,0,0.998743
1546,24-Dec-98,24:00:00,120.002361,0.008476,39.854204,39.854204,0,0,0.996388,0.007073,80.116861,80.116861,0,0,0.997651
1547,25-Dec-98,24:00:00,113.893439,0.009445,37.790594,37.790594,0,0,0.99512,0.00731,76.075082,76.075082,0,0,0.996656
1548,26-Dec-98,24:00:00,108.474413,0.010674,35.960094,35.960094,0,0,0.993684,0.009888,72.489688,72.489688,0,0,0.995413
1549,27-Dec-98,24:00:00,103.667231,0.006338,34.336334,34.336334,0,0,0.992507,0.008112,69.309043,69.309043,0,0,0.994138
1550,28-Dec-98,24:00:00,99.402668,0.008892,32.895923,32.895923,0,0,0.991362,0.008733,66.487353,66.487353,0,0,0.992927
1551,29-Dec-98,24:00:00,95.619324,0.011802,31.618117,31.618117,0,0,0.989853,0.010216,63.984,63.984,0,0,0.991578
1552,30-Dec-98,24:00:00,92.262746,0.01066,30.484516,30.484516,0,0,0.988301,0.009968,61.762959,61.762959,0,0,0.990125
1553,31-Dec-98,24:00:00,89.284635,0.014509,29.478803,29.478803,0,0,0.98655,0.013096,59.79228,59.79228,0,0,0.988505
1554,1-Jan-99,24:00:00,86.642155,0.011857,28.586503,28.586503,0,0,0.984623,0.00951,58.043624,58.043624,0,0,0.986872
1555,2-Jan-99,24:00:00,84.297315,0.011687,27.794779,27.794779,0,0,0.982934,0.011317,56.491858,56.491858,0,0,0.985396
1556,3-Jan-99,24:00:00,82.216417,0.011417,27.092248,27.092248,0,0,0.98129,0.01222,55.114691,55.114691,0,0,0.983716
1557,4-Jan-99,24:00:00,80.369575,0.004753,26.46881,26.46881,0,0,0.980145,0.009033,53.892351,53.892351,0,0,0.982179
1558,5-Jan-99,24:00:00,78.730283,0.009403,25.915509,25.915509,0,0,0.979115,0.008315,52.807303,52.807303,0,0,0.980937
1559,6-Jan-99,24:00:00,77.27503,0.00625,25.424402,25.424402,0,0,0.978028,0.0074,51.843994,51.843994,0,0,0.979848
1560,7-Jan-99,24:00:00,75.982967,0.00454,24.988444,24.988444,0,0,0.977236,0.008139,50.988631,50.988631,0,0,0.9787
1561,8-Jan-99,24:00:00,74.835598,0.012766,24.601385,24.601385,0,0,0.976026,0.011503,50.228978,50.228978,0,0,0.977323
1562,9-Jan-99,24:00:00,73.816522,0.006122,24.257685,24.257685,0,0,0.974677,0.009799,49.554186,49.554186,0,0,0.975791
1563,10-Jan-99,24:00:00,72.91119,0.007015,23.952427,23.952427,0,0,0.973709,0.008289,48.95463,48.95463,0,0,0.974493
1564,11-Jan-99,24:00:00,72.1067,0.005979,23.681252,23.681252,0,0,0.972801,0.00827,48.421774,48.421774,0,0,0.973329
1565,12-Jan-99,24:00:00,71.391608,0.009428,23.440293,23.440293,0,0,0.971708,0.011101,47.948048,47.948048,0,0,0.971957
1566,13-Jan-99,24:00:00,70.755764,0.005854,23.22612,23.22612,0,0,0.970609,0.007475,47.526738,47.526738,0,0,0.970611
1567,14-Jan-99,24:00:00,70.190165,0.009636,23.035692,23.035692,0,0,0.969512,0.008578,47.151887,47.151887,0,0,0.969446
1568,15-Jan-99,24:00:00,74.256865,0.005655,25.962795,22.86631,0.133466,0,0.971675,0.005643,48.397338,46.818214,0.091515,0,0.971011
1569,16-Jan-99,24:00:00,76.519316,0.011054,24.789973,22.715582,0.040047,0,0.987734,0.010582,51.657118,46.521034,0.051074,0,0.981974
1570,17-Jan-99,24:00:00,409.312137,0.003113,207.343147,185.924808,0.882116,0.831524,0.999097,0.003654,205.845268,176.626354,0.733268,0.651993,0.998212
1571,18-Jan-99,24:00:00,846.119161,0.008628,288.269949,278.513926,0.019817,0.019817,1,0.012344,555.847202,530.234105,0.008717,0.008717,1
1572,19-Jan-99,24:00:00,971.54599,0.003973,587.651834,409.253355,1.098482,1.098482,1,0.004736,388.069043,355.790108,0.679561,0.679561,1
1573,20-Jan-99,24:00:00,1040.34,0.005357,406.25242,384.300403,0.331561,0.331561,1,0.007299,630.499139,610.611824,0.084419,0.084419,1
1574,21-Jan-99,24:00:00,565.891038,0.010726,225.991883,216.942239,0.383748,0.383748,1,0.010417,339.954748,328.358623,0.374909,0.374909,1
1575,22-Jan-99,24:00:00,1482.76,0.004758,662.797927,619.079862,1.243289,1.243289,1,0.003578,826.953103,761.322874,1.172272,1.172272,1
1576,23-Jan-99,24:00:00,1416.76,0.010503,359.084881,354.784707,0,0,1,0.009362,1051.97,1017.86,0,0,1
1577,24-Jan-99,24:00:00,506.446967,0.020472,152.11744,152.11744,0,0,1,0.01637,352.036858,351.682932,0,0,1
1578,25-Jan-99,24:00:00,373.733057,0.017682,137.221381,137.221381,0,0,1,0.015851,236.223507,236.223507,0,0,1
1579,26-Jan-99,24:00:00,334.708695,0.009117,124.134332,124.134332,0,0,1,0.0128,210.422475,210.422475,0,0,1
1580,27-Jan-99,24:00:00,304.122438,0.016628,112.526679,112.526679,0,0,1,0.015398,191.465315,191.465315,0,0,1
1581,28-Jan-99,24:00:00,277.137913,0.014103,102.231112,102.231112,0,0,1,0.012898,174.791463,174.791463,0,0,1
1582,29-Jan-99,24:00:00,253.207357,0.012786,93.099255,93.099255,0,0,0.999937,0.012803,160.005979,160.005979,0,0,1
1583,30-Jan-99,24:00:00,232.819335,0.013327,85.467063,85.344097,0.061267,0.059974,0.999827,0.012639,147.322113,147.26877,0.065302,0.065302,1
1584,31-Jan-99,24:00:00,607.177638,0.014095,234.564548,224.324911,0.243045,0.243045,1,0.013769,374.083974,354.307343,0.2267,0.2267,1
1585,1-Feb-99,24:00:00,310.289004,0.015578,85.65002,85.65002,0,0,1,0.014194,223.256229,222.490329,0,0,1
1586,2-Feb-99,24:00:00,222.007978,0.015875,77.759408,77.759408,0,0,1,0.015497,144.059061,144.059061,0,0,1
1587,3-Feb-99,24:00:00,200.488827,0.015982,71.392099,71.392099,0,0,1,0.016784,129.017724,129.017724,0,0,1
1588,4-Feb-99,24:00:00,185.064735,0.018796,65.744371,65.744371,0,0,1,0.01721,119.254183,119.254183,0,0,1
1589,5-Feb-99,24:00:00,173.032391,0.015609,61.639864,61.412172,0.089919,0.089919,1,0.012902,111.433793,111.34942,0.117723,0.117723,1
1590,6-Feb-99,24:00:00,4700.76,0.00499,2193.73,840.200568,2.274472,2.274472,1,0.005461,2526.43,1056.14,2.257726,2.257726,1
1591,7-Feb-99,24:00:00,4285.50,0.01226,1458.12,1008.03,1.13332,1.13332,1,0.011278,2818.93,2151.71,1.041414,1.041414,1
1592,8-Feb-99,24:00:00,1760.92,0.00464,567.090198,525.119935,1.241406,1.241406,1,0.004728,1191.45,1132.25,1.144491,1.144491,1
1593,9-Feb-99,24:00:00,5754.72,0.019635,2168.78,845.842978,0.737061,0.737061,1,0.013463,3587.38,1789.83,0.825318,0.825318,1
1594,10-Feb-99,24:00:00,1189.88,0.015903,250.933308,250.933308,0,0,1,0.013441,930.532828,871.681361,0,0,1
1595,11-Feb-99,24:00:00,690.902536,0.017487,221.376603,221.376603,0,0,1,0.014746,468.56023,468.56023,0,0,1
1596,12-Feb-99,24:00:00,599.433896,0.014276,198.764255,198.764255,0,0,1,0.017588,400.320405,400.320405,0,0,1
1597,13-Feb-99,24:00:00,577.106804,0.009261,183.887086,183.104042,0.0349,0.0349,1,0.006732,394.505191,387.792651,0.232127,0.232127,1
1598,14-Feb-99,24:00:00,696.129294,0.012604,174.320819,173.915433,0,0,1,0.014761,520.703009,511.143257,0,0,1
1599,15-Feb-99,24:00:00,493.703085,0.018601,152.854846,152.194008,0.095569,0.095569,1,0.013059,340.262347,339.706207,0.118824,0.118824,1
1600,16-Feb-99,24:00:00,2292.69,0.004035,1036.94,841.443212,2.118799,2.118799,1,0.003831,1268.36,1124.08,2.212959,2.212959,1
1601,17-Feb-99,24:00:00,2523.57,0.017901,669.192013,613.825133,0.200679,0.200679,1,0.015753,1847.14,1778.09,0.13446,0.13446,1
1602,18-Feb-99,24:00:00,1409.13,0.006399,483.549726,464.20451,0.54505,0.54505,1,0.008645,926.053361,889.734409,0.575286,0.575286,1
1603,19-Feb-99,24:00:00,1029.07,0.021701,237.322171,237.240935,0,0,1,0.013875,787.281943,779.423548,0,0,1
1604,20-Feb-99,24:00:00,1065.62,0.004445,454.410115,424.635718,1.084112,1.084112,1,0.004799,616.419358,584.12703,1.019234,1.019234,1
1605,21-Feb-99,24:00:00,1888.49,0.013691,573.174579,557.178072,0.450325,0.450325,1,0.010728,1313.22,1264.54,0.332556,0.332556,1
1606,22-Feb-99,24:00:00,1128.71,0.013412,363.15809,356.67737,0,0,1,0.015153,762.575411,748.424555,0,0,1
1607,23-Feb-99,24:00:00,651.138804,0.012378,201.378517,201.378517,0,0,1,0.009971,448.546019,448.312841,0,0,1
1608,24-Feb-99,24:00:00,835.972817,0.011098,376.485775,291.352837,0.834423,0.834423,1,0.010185,465.055197,425.408107,0.845444,0.845444,1
1609,25-Feb-99,24:00:00,2127.43,0.015127,706.188491,620.926141,0.318519,0.318519,1,0.013155,1419.53,1172.05,0.208829,0.208829,1
1610,26-Feb-99,24:00:00,772.428045,0.016494,198.850962,198.850962,0,0,1,0.013744,569.669759,565.385325,0,0,1
1611,27-Feb-99,24:00:00,541.035602,0.013981,177.321515,177.321515,0,0,1,0.010589,363.182874,363.182874,0,0,1
1612,28-Feb-99,24:00:00,1253.37,0.005066,530.152692,502.318151,0.825893,0.825893,1,0.007757,729.442507,682.149927,0.820615,0.820615,1
1613,1-Mar-99,24:00:00,1007.10,0.02289,227.257601,226.968316,0,0,1,0.021093,774.567635,764.000592,0,0,1
1614,2-Mar-99,24:00:00,557.073848,0.020921,184.665735,180.262479,0.305456,0.305456,1,0.015808,371.864492,370.80677,0.244216,0.244216,1
1615,3-Mar-99,24:00:00,807.622417,0.02399,289.326209,283.327876,0,0,1,0.019725,518.498403,502.590971,0,0,1
1616,4-Mar-99,24:00:00,478.916033,0.025426,147.284189,147.284189,0,0,1,0.022754,330.608575,330.327266,0,0,1
1617,5-Mar-99,24:00:00,398.086721,0.022747,132.914024,132.914024,0,0,1,0.020091,264.92249,264.92249,0,0,1
1618,6-Mar-99,24:00:00,358.524768,0.021146,120.301118,120.301118,0,0,1,0.018325,238.048655,238.048655,0,0,1
1619,7-Mar-99,24:00:00,325.270436,0.027138,109.114504,109.114504,0,0,0.998736,0.024384,216.00306,216.00306,0,0,0.999768
1620,8-Mar-99,24:00:00,1169.75,0.006403,622.449519,479.581479,1.330949,1.3102,0.99896,0.008681,555.791381,482.136913,1.302381,1.296332,0.99971
1621,9-Mar-99,24:00:00,1752.78,0.016261,476.952499,460.823832,0.179336,0.179336,1,0.018069,1271.25,1216.03,0.112316,0.112316,1
1622,10-Mar-99,24:00:00,581.549295,0.020639,146.529104,146.529104,0,0,1,0.019086,431.735111,431.032883,0,0,1
1623,11-Mar-99,24:00:00,400.089668,0.028333,131.897635,131.897635,0,0,1,0.026332,267.809174,267.809174,0,0,1
1624,12-Mar-99,24:00:00,355.664777,0.022743,119.399987,119.399987,0,0,1,0.0189,236.086533,236.086533,0,0,1
1625,13-Mar-99,24:00:00,322.564265,0.02063,108.315767,108.315767,0,0,0.999553,0.024067,214.097184,214.097184,0,0,0.99975
1626,14-Mar-99,24:00:00,961.917157,0.005733,464.324212,436.693476,0.820616,0.812081,0.999722,0.005768,503.415288,463.75406,0.71182,0.705252,0.999748
1627,15-Mar-99,24:00:00,807.985652,0.025581,170.390545,170.07716,0,0,1,0.027641,632.849807,622.323077,0,0,1
1628,16-Mar-99,24:00:00,375.83797,0.025756,115.606624,115.606624,0,0,1,0.029692,259.254021,259.234963,0,0,1
1629,17-Mar-99,24:00:00,309.56944,0.018825,104.939204,104.939204,0,0,1,0.022739,204.447367,204.447367,0,0,1
1630,18-Mar-99,24:00:00,280.500121,0.014754,95.491116,95.491116,0,0,1,0.021552,184.882833,184.882833,0,0,0.999951
1631,19-Mar-99,24:00:00,256.09114,0.013945,87.111646,87.111646,0,0,1,0.019268,168.8691,168.8691,0,0,0.998304
1632,20-Mar-99,24:00:00,234.489663,0.025747,79.679965,79.679965,0,0,0.998258,0.023583,154.711987,154.711987,0,0,0.995356
1633,21-Mar-99,24:00:00,215.332582,0.01571,73.088911,73.088911,0,0,0.995311,0.019643,142.157127,142.157127,0,0,0.992289
1634,22-Mar-99,24:00:00,212.291287,0.01616,79.178004,75.478598,0.361231,0.306122,0.994479,0.013649,133.307734,132.513419,0.27694,0.200073,0.991237
1635,23-Mar-99,24:00:00,672.636555,0.023875,279.43829,266.5142,0.12694,0.12694,1,0.028269,394.326429,368.609768,0.107431,0.107431,1
1636,24-Mar-99,24:00:00,3349.76,0.006524,1759.12,613.511624,1.844478,1.844478,1,0.007079,1615.99,653.806356,1.793398,1.793398,1
1637,25-Mar-99,24:00:00,3279.52,0.018457,695.314385,602.807967,0.271782,0.271782,1,0.021922,2563.49,1604.61,0.272298,0.272298,1
1638,26-Mar-99,24:00:00,694.812452,0.039909,155.382229,155.382229,0,0,1,0.035127,534.041547,525.354289,0,0,1
1639,27-Mar-99,24:00:00,424.534365,0.037413,139.483224,139.483224,0,0,1,0.037024,284.542375,284.542375,0,0,1
1640,28-Mar-99,24:00:00,373.366158,0.032401,126.131855,126.131855,0,0,0.998126,0.03215,247.041535,247.041535,0,0,0.99834
1641,29-Mar-99,24:00:00,338.118394,0.020889,114.290782,114.290782,0,0,0.994519,0.014812,223.667469,223.667469,0,0,0.995235
1642,30-Mar-99,24:00:00,358.389678,0.019131,137.786384,131.809412,0.198339,0.131504,0.994334,0.017302,221.369443,216.017668,0.185611,0.128676,0.995119
1643,31-Mar-99,24:00:00,432.984244,0.0258,133.203579,132.426584,0,0,1,0.024422,299.151946,291.488898,0,0,1
1644,1-Apr-99,24:00:00,287.062708,0.033761,91.869746,91.869746,0,0,1,0.03133,194.776996,194.700036,0,0,1
1645,2-Apr-99,24:00:00,249.913832,0.038861,83.88877,83.88877,0,0,1,0.038288,165.900254,165.900254,0,0,1
1646,3-Apr-99,24:00:00,228.403316,0.038075,76.826839,76.826839,0,0,0.997658,0.035571,151.481015,151.481015,0,0,0.99809
1647,4-Apr-99,24:00:00,209.921977,0.042017,70.56397,70.56397,0,0,0.991589,0.036971,139.274034,139.274034,0,0,0.993137
1648,5-Apr-99,24:00:00,290.821838,0.015236,100.509763,95.508106,0.14688,0.067285,0.996654,0.017009,191.034192,180.467263,0.167513,0.1004,0.997401
1649,6-Apr-99,24:00:00,237.966702,0.02198,64.52542,64.52542,0,0,1,0.026695,172.726908,171.478583,0,0,1
1650,7-Apr-99,24:00:00,180.884957,0.022925,58.467313,58.467313,0,0,1,0.024704,122.27391,122.27391,0,0,1
1651,8-Apr-99,24:00:00,636.63206,0.020033,278.092989,263.308652,0.434161,0.434161,1,0.01682,360.392246,338.869034,0.319996,0.319996,1
1652,9-Apr-99,24:00:00,293.672961,0.033682,71.450287,71.450287,0,0,1,0.029763,220.604388,219.557204,0,0,1
1653,10-Apr-99,24:00:00,559.568911,0.009268,304.800774,276.52832,1.111484,1.111484,1,0.010061,259.862402,236.905929,0.991281,0.991281,1
1654,11-Apr-99,24:00:00,2558.69,0.025028,1024.91,835.851412,0.911234,0.911234,1,0.037005,1536.63,1437.16,0.788665,0.788665,1
1655,12-Apr-99,24:00:00,789.091893,0.034389,151.441691,151.441691,0,0,1,0.04696,630.976801,627.854674,0,0,1
1656,13-Apr-99,24:00:00,396.080023,0.032035,130.374044,130.374044,0,0,1,0.044759,264.975436,264.975436,0,0,0.998417
1657,14-Apr-99,24:00:00,338.939568,0.048935,118.060657,118.060657,0,0,0.997566,0.047229,220.698986,220.698986,0,0,0.992956
1658,15-Apr-99,24:00:00,307.213899,0.046906,107.141572,107.141572,0,0,0.991126,0.044714,199.933387,199.933387,0,0,0.986337
1659,16-Apr-99,24:00:00,279.833185,0.050832,97.457911,97.457911,0,0,0.984192,0.043702,182.253003,182.253003,0,0,0.980257
1660,17-Apr-99,24:00:00,255.574437,0.048646,88.869984,88.869984,0,0,0.977068,0.051548,166.596241,166.596241,0,0,0.973398
1661,18-Apr-99,24:00:00,234.061206,0.037586,81.253897,81.253897,0,0,0.970923,0.040574,152.711493,152.711493,0,0,0.966804
1662,19-Apr-99,24:00:00,214.982387,0.04963,74.499765,74.499765,0,0,0.964985,0.046046,140.397758,140.397758,0,0,0.960629
1663,20-Apr-99,24:00:00,198.0627,0.050381,68.51013,68.51013,0,0,0.957749,0.037625,129.477387,129.477387,0,0,0.954619
1664,21-Apr-99,24:00:00,183.058009,0.044009,63.198552,63.198552,0,0,0.950861,0.030485,119.792837,119.792837,0,0,0.949677
1665,22-Apr-99,24:00:00,169.751787,0.058284,58.488366,58.488366,0,0,0.94388,0.055325,111.204379,111.204379,0,0,0.943717
1666,23-Apr-99,24:00:00,157.951994,0.063914,54.311576,54.311576,0,0,0.93442,0.055646,103.588083,103.588083,0,0,0.935468
1667,24-Apr-99,24:00:00,147.488301,0.037497,50.607874,50.607874,0,0,0.927381,0.055012,96.834032,96.834032,0,0,0.927821
1668,25-Apr-99,24:00:00,138.209645,0.017007,47.323772,47.323772,0,0,0.923607,0.032378,90.844739,90.844739,0,0,0.921571
1669,26-Apr-99,24:00:00,129.982039,0.032714,44.411828,44.411828,0,0,0.920247,0.030303,85.533739,85.533739,0,0,0.917012
1670,27-Apr-99,24:00:00,122.686651,0.044145,41.829968,41.829968,0,0,0.914723,0.039946,80.824344,80.824344,0,0,0.911994
1671,28-Apr-99,24:00:00,116.218084,0.046529,39.540871,39.540871,0,0,0.90822,0.041426,76.648536,76.648536,0,0,0.90612
1672,29-Apr-99,24:00:00,110.482857,0.054789,37.511438,37.511438,0,0,0.900632,0.048317,72.945989,72.945989,0,0,0.899732
1673,30-Apr-99,24:00:00,105.39806,0.052072,35.712314,35.712314,0,0,0.89319,0.05651,69.663197,69.663197,0,0,0.892497
1674,1-May-99,24:00:00,100.890159,0.048319,34.117459,34.117459,0,0,0.886122,0.040843,66.752705,66.752705,0,0,0.885169
1675,2-May-99,24:00:00,96.893932,0.024642,32.703782,32.703782,0,0,0.880771,0.019797,64.172421,64.172421,0,0,0.880709
1676,3-May-99,24:00:00,93.351532,0.031877,31.450798,31.450798,0,0,0.876957,0.028176,61.885015,61.885015,0,0,0.877552
1677,4-May-99,24:00:00,90.211653,0.046131,30.340341,30.340341,0,0,0.871342,0.040201,59.857374,59.857374,0,0,0.872681
1678,5-May-99,24:00:00,87.428787,0.050649,29.356299,29.356299,0,0,0.865424,0.053079,58.060133,58.060133,0,0,0.867274
1679,6-May-99,24:00:00,84.962575,0.053654,28.484379,28.484379,0,0,0.862771,0.047675,56.467243,56.467243,0,0,0.865462
1680,7-May-99,24:00:00,82.777217,0.062126,27.711907,27.711907,0,0,0.856867,0.053454,55.055602,55.055602,0,0,0.863781
1681,8-May-99,24:00:00,80.840962,0.058163,27.027639,27.027639,0,0,0.848256,0.049597,53.804719,53.804719,0,0,0.857657
1682,9-May-99,24:00:00,79.125648,0.057581,26.421605,26.421605,0,0,0.839942,0.050764,52.69642,52.69642,0,0,0.850563
1683,10-May-99,24:00:00,77.606298,0.051796,25.884959,25.884959,0,0,0.832003,0.040568,51.714584,51.714584,0,0,0.844023
1684,11-May-99,24:00:00,76.260755,0.060433,25.409858,25.409858,0,0,0.8241,0.052479,50.844914,50.844914,0,0,0.837361
1685,12-May-99,24:00:00,75.069369,0.064666,24.989342,24.989342,0,0,0.815431,0.049649,50.074728,50.074728,0,0,0.830223
1686,13-May-99,24:00:00,74.014711,0.057519,24.617241,24.617241,0,0,0.806288,0.047222,49.392778,49.392778,0,0,0.823041
1687,14-May-99,24:00:00,73.08132,0.04919,24.28808,24.28808,0,0,0.798705,0.039943,48.789086,48.789086,0,0,0.816828
1688,15-May-99,24:00:00,72.255486,0.051075,23.997005,23.997005,0,0,0.791652,0.043854,48.254805,48.254805,0,0,0.81093
1689,16-May-99,24:00:00,71.525043,0.049796,23.739708,23.739708,0,0,0.784332,0.053352,47.782083,47.782083,0,0,0.804154
1690,17-May-99,24:00:00,70.879206,0.051472,23.51237,23.51237,0,0,0.777074,0.051827,47.363959,47.363959,0,0,0.796461
1691,18-May-99,24:00:00,70.308403,0.044536,23.311602,23.311602,0,0,0.770181,0.042594,46.994257,46.994257,0,0,0.789728
1692,19-May-99,24:00:00,69.804146,0.044506,23.1344,23.1344,0,0,0.763859,0.047616,46.667499,46.667499,0,0,0.783245
1693,20-May-99,24:00:00,69.358908,0.038523,22.978096,22.978096,0,0,0.758057,0.037828,46.378826,46.378826,0,0,0.777295
1694,21-May-99,24:00:00,68.966007,0.05492,22.840326,22.840326,0,0,0.751301,0.056056,46.123928,46.123928,0,0,0.770549
1695,22-May-99,24:00:00,68.619521,0.056174,22.718993,22.718993,0,0,0.743074,0.069389,45.898982,45.898982,0,0,0.761742
1696,23-May-99,24:00:00,68.314195,0.027928,22.612236,22.612236,0,0,0.737313,0.055089,45.700595,45.700595,0,0,0.752756
1697,24-May-99,24:00:00,68.045365,0.035943,22.518404,22.518404,0,0,0.732831,0.050841,45.52576,45.52576,0,0,0.745256
1698,25-May-99,24:00:00,67.808896,0.041294,22.436032,22.436032,0,0,0.727387,0.057208,45.371807,45.371807,0,0,0.737392
1699,26-May-99,24:00:00,67.60112,0.043485,22.363822,22.363822,0,0,0.721149,0.059292,45.236368,45.236368,0,0,0.729067
1700,27-May-99,24:00:00,67.418782,0.035317,22.300622,22.300622,0,0,0.715708,0.057715,45.117343,45.117343,0,0,0.720749
1701,28-May-99,24:00:00,67.258994,0.039378,22.245408,22.245408,0,0,0.710337,0.060152,45.012869,45.012869,0,0,0.712403
1702,29-May-99,24:00:00,67.119195,0.046811,22.197275,22.197275,0,0,0.704006,0.041435,44.921293,44.921293,0,0,0.704768
1703,30-May-99,24:00:00,66.997111,0.033979,22.155416,22.155416,0,0,0.698404,0.053174,44.841146,44.841146,0,0,0.698369
1704,31-May-99,24:00:00,66.890727,0.030769,22.119119,22.119119,0,0,0.693766,0.053138,44.771129,44.771129,0,0,0.690718
1705,1-Jun-99,24:00:00,66.798252,0.018726,22.087749,22.087749,0,0,0.69012,0.023083,44.710086,44.710086,0,0,0.685209
1706,2-Jun-99,24:00:00,66.718099,0.049314,22.060745,22.060745,0,0,0.685276,0.039751,44.656992,44.656992,0,0,0.680662
1707,3-Jun-99,24:00:00,66.648859,0.035084,22.037607,22.037607,0,0,0.681656,0.031492,44.610938,44.610938,0,0,0.675644
1708,4-Jun-99,24:00:00,66.589282,0.042481,22.017894,22.017894,0,0,0.68129,0.048306,44.571118,44.571118,0,0,0.670041
1709,5-Jun-99,24:00:00,66.538258,0.045924,22.001211,22.001211,0,0,0.677332,0.057096,44.536814,44.536814,0,0,0.662488
1710,6-Jun-99,24:00:00,66.494802,0.064909,21.987211,21.987211,0,0,0.66974,0.058397,44.507392,44.507392,0,0,0.654312
1711,7-Jun-99,24:00:00,66.45804,0.052214,21.975584,21.975584,0,0,0.661047,0.049571,44.482287,44.482287,0,0,0.64642
1712,8-Jun-99,24:00:00,66.427196,0.056004,21.966055,21.966055,0,0,0.653329,0.055018,44.460998,44.460998,0,0,0.639059
1713,9-Jun-99,24:00:00,66.40158,0.055728,21.95838,21.95838,0,0,0.645328,0.046492,44.443081,44.443081,0,0,0.631906
1714,10-Jun-99,24:00:00,66.380582,0.055651,21.952342,21.952342,0,0,0.63734,0.057557,44.42814,44.42814,0,0,0.624412
1715,11-Jun-99,24:00:00,66.363658,0.053117,21.94775,21.94775,0,0,0.629559,0.059288,44.415826,44.415826,0,0,0.616061
1716,12-Jun-99,24:00:00,66.350325,0.046454,21.944433,21.944433,0,0,0.622498,0.05459,44.405827,44.405827,0,0,0.607962
1717,13-Jun-99,24:00:00,66.340156,0.056262,21.942238,21.942238,0,0,0.615276,0.059589,44.397866,44.397866,0,0,0.599768
1718,14-Jun-99,24:00:00,66.332769,0.043196,21.941032,21.941032,0,0,0.608145,0.057556,44.391697,44.391697,0,0,0.591247
1719,15-Jun-99,24:00:00,66.327826,0.049176,21.940694,21.940694,0,0,0.601461,0.049392,44.387103,44.387103,0,0,0.583776
1720,16-Jun-99,24:00:00,66.325027,0.053413,21.941118,21.941118,0,0,0.594266,0.062376,44.38389,44.38389,0,0,0.57585
1721,17-Jun-99,24:00:00,66.324104,0.057575,21.94221,21.94221,0,0,0.58621,0.063297,44.381884,44.381884,0,0,0.566736
1722,18-Jun-99,24:00:00,66.324821,0.048965,21.943885,21.943885,0,0,0.578624,0.045987,44.380933,44.380933,0,0,0.558993
1723,19-Jun-99,24:00:00,66.326965,0.058874,21.946068,21.946068,0,0,0.570923,0.061479,44.3809,44.3809,0,0,0.551406
1724,20-Jun-99,24:00:00,66.330349,0.054956,21.948694,21.948694,0,0,0.562697,0.057504,44.381664,44.381664,0,0,0.543017
1725,21-Jun-99,24:00:00,66.334806,0.062889,21.951702,21.951702,0,0,0.554381,0.063593,44.383117,44.383117,0,0,0.533778
1726,22-Jun-99,24:00:00,66.340187,0.061672,21.955041,21.955041,0,0,0.545439,0.070493,44.385163,44.385163,0,0,0.524611
1727,23-Jun-99,24:00:00,66.346359,0.050036,21.958664,21.958664,0,0,0.537394,0.071193,44.387716,44.387716,0,0,0.514555
1728,24-Jun-99,24:00:00,66.353205,0.047394,21.962527,21.962527,0,0,0.530812,0.051181,44.3907,44.3907,0,0,0.505706
1729,25-Jun-99,24:00:00,66.360618,0.060724,21.966596,21.966596,0,0,0.522884,0.06333,44.394048,44.394048,0,0,0.497606
1730,26-Jun-99,24:00:00,66.368506,0.062352,21.970835,21.970835,0,0,0.51405,0.064989,44.397699,44.397699,0,0,0.488402
1731,27-Jun-99,24:00:00,66.376784,0.067069,21.975216,21.975216,0,0,0.504843,0.068414,44.401598,44.401598,0,0,0.478929
1732,28-Jun-99,24:00:00,66.385378,0.071323,21.979712,21.979712,0,0,0.495015,0.068022,44.405697,44.405697,0,0,0.469172
1733,29-Jun-99,24:00:00,66.394221,0.070048,21.984299,21.984299,0,0,0.484874,0.074032,44.409954,44.409954,0,0,0.459026
1734,30-Jun-99,24:00:00,66.403254,0.072061,21.988957,21.988957,0,0,0.47476,0.081344,44.414329,44.414329,0,0,0.448115
1735,1-Jul-99,24:00:00,66.412422,0.067475,21.993667,21.993667,0,0,0.464729,0.078494,44.418788,44.418788,0,0,0.436611
1736,2-Jul-99,24:00:00,66.421679,0.065298,21.99841,21.99841,0,0,0.455319,0.071398,44.423301,44.423301,0,0,0.425824
1737,3-Jul-99,24:00:00,66.430981,0.060706,22.003174,22.003174,0,0,0.446339,0.055329,44.42784,44.42784,0,0,0.416588
1738,4-Jul-99,24:00:00,66.44029,0.061084,22.007943,22.007943,0,0,0.437528,0.060587,44.43238,44.43238,0,0,0.408453
1739,5-Jul-99,24:00:00,66.449572,0.065356,22.012706,22.012706,0,0,0.428505,0.068615,44.436898,44.436898,0,0,0.39932
1740,6-Jul-99,24:00:00,66.458795,0.053957,22.017452,22.017452,0,0,0.4201,0.066568,44.441375,44.441375,0,0,0.389527
1741,7-Jul-99,24:00:00,66.467931,0.062814,22.02217,22.02217,0,0,0.411649,0.063503,44.445793,44.445793,0,0,0.380294
1742,8-Jul-99,24:00:00,66.476956,0.067426,22.026853,22.026853,0,0,0.402338,0.069256,44.450135,44.450135,0,0,0.370871
1743,9-Jul-99,24:00:00,66.485847,0.054047,22.031491,22.031491,0,0,0.393737,0.065121,44.454387,44.454387,0,0,0.36111
1744,10-Jul-99,24:00:00,66.494583,0.056972,22.036079,22.036079,0,0,0.385792,0.073579,44.458535,44.458535,0,0,0.351431
1745,11-Jul-99,24:00:00,66.503146,0.06948,22.040608,22.040608,0,0,0.376807,0.071533,44.462567,44.462567,0,0,0.340951
1746,12-Jul-99,24:00:00,66.511519,0.06585,22.045073,22.045073,0,0,0.367234,0.071713,44.466473,44.466473,0,0,0.330759
1747,13-Jul-99,24:00:00,66.519686,0.058684,22.049469,22.049469,0,0,0.358148,0.067252,44.470243,44.470243,0,0,0.32087
1748,14-Jul-99,24:00:00,66.527633,0.046129,22.053792,22.053792,0,0,0.350571,0.068381,44.473868,44.473868,0,0,0.311163
1749,15-Jul-99,24:00:00,66.535349,0.033036,22.058035,22.058035,0,0,0.345071,0.061484,44.477339,44.477339,0,0,0.301883
1750,16-Jul-99,24:00:00,66.542821,0.041435,22.062196,22.062196,0,0,0.339768,0.062081,44.480649,44.480649,0,0,0.293021
1751,17-Jul-99,24:00:00,66.550039,0.038663,22.06627,22.06627,0,0,0.334087,0.05665,44.483791,44.483791,0,0,0.284425
1752,18-Jul-99,24:00:00,66.556993,0.038166,22.070255,22.070255,0,0,0.328507,0.059802,44.486759,44.486759,0,0,0.27629
1753,19-Jul-99,24:00:00,66.563674,0.032976,22.074146,22.074146,0,0,0.323399,0.047093,44.489547,44.489547,0,0,0.268498
1754,20-Jul-99,24:00:00,66.570074,0.036508,22.077942,22.077942,0,0,0.31837,0.047673,44.49215,44.49215,0,0,0.261777
1755,21-Jul-99,24:00:00,66.576185,0.044646,22.081638,22.081638,0,0,0.31265,0.047696,44.494563,44.494563,0,0,0.254985
1756,22-Jul-99,24:00:00,66.582,0.042429,22.085234,22.085234,0,0,0.3065,0.060158,44.496781,44.496781,0,0,0.247262
1757,23-Jul-99,24:00:00,66.587513,0.035759,22.088726,22.088726,0,0,0.300881,0.049679,44.498801,44.498801,0,0,0.239373
1758,24-Jul-99,24:00:00,66.592717,0.053614,22.092113,22.092113,0,0,0.294454,0.050588,44.500617,44.500617,0,0,0.232232
1759,25-Jul-99,24:00:00,66.597608,0.052738,22.095392,22.095392,0,0,0.286888,0.062826,44.502227,44.502227,0,0,0.224097
1760,26-Jul-99,24:00:00,66.602179,0.039941,22.098562,22.098562,0,0,0.280292,0.060741,44.503627,44.503627,0,0,0.215302
1761,27-Jul-99,24:00:00,66.606426,0.029107,22.10162,22.10162,0,0,0.275325,0.049797,44.504813,44.504813,0,0,0.207478
1762,28-Jul-99,24:00:00,66.610344,0.042921,22.104566,22.104566,0,0,0.270158,0.050838,44.505784,44.505784,0,0,0.20027
1763,29-Jul-99,24:00:00,66.613928,0.045069,22.107397,22.107397,0,0,0.263973,0.049342,44.506536,44.506536,0,0,0.193149
1764,30-Jul-99,24:00:00,66.617176,0.052209,22.110113,22.110113,0,0,0.256889,0.060464,44.507066,44.507066,0,0,0.18524
1765,31-Jul-99,24:00:00,66.620081,0.047003,22.112711,22.112711,0,0,0.249871,0.066075,44.507372,44.507372,0,0,0.176383
1766,1-Aug-99,24:00:00,66.622642,0.051278,22.115191,22.115191,0,0,0.24286,0.058156,44.507451,44.507451,0,0,0.167267
1767,2-Aug-99,24:00:00,66.624855,0.050509,22.117551,22.117551,0,0,0.235537,0.059685,44.507302,44.507302,0,0,0.158871
1768,3-Aug-99,24:00:00,66.626716,0.051329,22.11979,22.11979,0,0,0.228313,0.06013,44.506922,44.506922,0,0,0.15031
1769,4-Aug-99,24:00:00,66.628222,0.04991,22.121908,22.121908,0,0,0.221092,0.060432,44.506309,44.506309,0,0,0.141704
1770,5-Aug-99,24:00:00,66.62937,0.029702,22.123902,22.123902,0,0,0.215276,0.027131,44.505461,44.505461,0,0,0.135402
1771,6-Aug-99,24:00:00,66.630157,0.023106,22.125772,22.125772,0,0,0.211473,0.036753,44.504376,44.504376,0,0,0.130615
1772,7-Aug-99,24:00:00,66.630581,0.033636,22.127517,22.127517,0,0,0.207544,0.038012,44.503053,44.503053,0,0,0.125506
1773,8-Aug-99,24:00:00,66.630639,0.035921,22.129136,22.129136,0,0,0.202543,0.044579,44.50149,44.50149,0,0,0.119559
1774,9-Aug-99,24:00:00,66.630328,0.037224,22.130629,22.130629,0,0,0.197309,0.052127,44.499685,44.499685,0,0,0.112785
1775,10-Aug-99,24:00:00,66.629646,0.018866,22.131993,22.131993,0,0,0.193204,0.037515,44.497637,44.497637,0,0,0.106208
1776,11-Aug-99,24:00:00,66.628592,0.026188,22.133229,22.133229,0,0,0.190031,0.039054,44.495345,44.495345,0,0,0.10086
1777,12-Aug-99,24:00:00,66.627161,0.041997,22.134336,22.134336,0,0,0.185285,0.044,44.492806,44.492806,0,0,0.09494
1778,13-Aug-99,24:00:00,66.625354,0.047972,22.135313,22.135313,0,0,0.178831,0.046313,44.490019,44.490019,0,0,0.088492
1779,14-Aug-99,24:00:00,66.623167,0.053418,22.13616,22.13616,0,0,0.171516,0.053552,44.486984,44.486984,0,0,0.081267
1780,15-Aug-99,24:00:00,66.620599,0.052909,22.136874,22.136874,0,0,0.163918,0.053094,44.483699,44.483699,0,0,0.073667
1781,16-Aug-99,24:00:00,66.617647,0.049419,22.137457,22.137457,0,0,0.156651,0.061969,44.480163,44.480163,0,0,0.06556
1782,17-Aug-99,24:00:00,66.61431,0.042,22.137907,22.137907,0,0,0.15018,0.057126,44.476375,44.476375,0,0,0.057129
1783,18-Aug-99,24:00:00,66.610587,0.03551,22.138224,22.138224,0,0,0.144665,0.052614,44.472332,44.472332,0,0,0.049132
1784,19-Aug-99,24:00:00,66.606475,0.055565,22.138407,22.138407,0,0,0.138094,0.060129,44.468036,44.468036,0,0,0.041192
1785,20-Aug-99,24:00:00,66.601973,0.051436,22.138455,22.138455,0,0,0.130483,0.057101,44.463484,44.463484,0,0,0.03279
1786,21-Aug-99,24:00:00,66.59708,0.057576,22.138369,22.138369,0,0,0.122671,0.055641,44.458675,44.458675,0,0,0.024642
1787,22-Aug-99,24:00:00,66.591794,0.060382,22.138146,22.138146,0,0,0.114237,0.058665,44.453609,44.453609,0,0,0.016602
1788,23-Aug-99,24:00:00,66.586113,0.047308,22.137788,22.137788,0,0,0.106465,0.04469,44.448285,44.448285,0,0,0.009155
1789,24-Aug-99,24:00:00,66.580036,0.049286,22.137293,22.137293,0,0,0.099738,0.057715,44.442701,44.442701,0,0,0.002628
1790,25-Aug-99,24:00:00,66.573563,0.057562,22.136662,22.136662,0,0,0.092114,0.058272,44.436858,44.436858,0,0,0
1791,26-Aug-99,24:00:00,66.566691,0.052187,22.135892,22.135892,0,0,0.084088,0.049993,44.430753,44.430753,0,0,0
1792,27-Aug-99,24:00:00,66.55942,0.050334,22.134985,22.134985,0,0,0.076618,0.056856,44.424387,44.424387,0,0,0
1793,28-Aug-99,24:00:00,66.551749,0.049734,22.13394,22.13394,0,0,0.069675,0.056897,44.417759,44.417759,0,0,0
1794,29-Aug-99,24:00:00,66.543675,0.042846,22.132756,22.132756,0,0,0.063144,0.058921,44.410868,44.410868,0,0,0
1795,30-Aug-99,24:00:00,66.535199,0.05671,22.131433,22.131433,0,0,0.056188,0.049295,44.403713,44.403713,0,0,0
1796,31-Aug-99,24:00:00,66.526319,0.056949,22.129971,22.129971,0,0,0.04788,0.046713,44.396293,44.396293,0,0,0
1797,1-Sep-99,24:00:00,66.517035,0.037684,22.128369,22.128369,0,0,0.040938,0.038748,44.388609,44.388609,0,0,0
1798,2-Sep-99,24:00:00,66.507345,0.045126,22.126626,22.126626,0,0,0.035042,0.050646,44.380659,44.380659,0,0,0
1799,3-Sep-99,24:00:00,66.497248,0.033399,22.124744,22.124744,0,0,0.029569,0.047158,44.372444,44.372444,0,0,0
1800,4-Sep-99,24:00:00,66.486744,0.038767,22.12272,22.12272,0,0,0.024453,0.048076,44.363961,44.363961,0,0,0
1801,5-Sep-99,24:00:00,66.475833,0.048468,22.120556,22.120556,0,0,0.018225,0.053883,44.355212,44.355212,0,0,0
1802,6-Sep-99,24:00:00,66.464512,0.049998,22.11825,22.11825,0,0,0.011086,0.050425,44.346195,44.346195,0,0,0
1803,7-Sep-99,24:00:00,66.452782,0.044535,22.115803,22.115803,0,0,0.004234,0.057452,44.33691,44.33691,0,0,0
1804,8-Sep-99,24:00:00,66.440642,0.033112,22.113214,22.113214,0,0,0.000422,0.051276,44.327357,44.327357,0,0,0
1805,9-Sep-99,24:00:00,66.428091,0.032422,22.110483,22.110483,0,0,0,0.044973,44.317535,44.317535,0,0,0
1806,10-Sep-99,24:00:00,66.415129,0.028822,22.10761,22.10761,0,0,0,0.040872,44.307444,44.307444,0,0,0
1807,11-Sep-99,24:00:00,66.401756,0.026229,22.104595,22.104595,0,0,0,0.043651,44.297084,44.297084,0,0,0
1808,12-Sep-99,24:00:00,66.387969,0.031015,22.101437,22.101437,0,0,0,0.041167,44.286454,44.286454,0,0,0
1809,13-Sep-99,24:00:00,66.373771,0.031829,22.098136,22.098136,0,0,0,0.042221,44.275554,44.275554,0,0,0
1810,14-Sep-99,24:00:00,66.359159,0.029772,22.094692,22.094692,0,0,0,0.043495,44.264384,44.264384,0,0,0
1811,15-Sep-99,24:00:00,66.344133,0.032618,22.091106,22.091106,0,0,0,0.044711,44.252943,44.252943,0,0,0
1812,16-Sep-99,24:00:00,66.328694,0.029948,22.087376,22.087376,0,0,0,0.043755,44.241231,44.241231,0,0,0
1813,17-Sep-99,24:00:00,66.31284,0.027246,22.083502,22.083502,0,0,0,0.047494,44.229249,44.229249,0,0,0
1814,18-Sep-99,24:00:00,66.296572,0.022559,22.079486,22.079486,0,0,0,0.044385,44.216996,44.216996,0,0,0
1815,19-Sep-99,24:00:00,66.279889,0.021689,22.075325,22.075325,0,0,0,0.032789,44.204471,44.204471,0,0,0
1816,20-Sep-99,24:00:00,66.262791,0.030956,22.071022,22.071022,0,0,0,0.035957,44.191675,44.191675,0,0,0
1817,21-Sep-99,24:00:00,66.245278,0.035104,22.066574,22.066574,0,0,0,0.045313,44.178608,44.178608,0,0,0
1818,22-Sep-99,24:00:00,66.22735,0.02848,22.061983,22.061983,0,0,0,0.036902,44.165269,44.165269,0,0,0
1819,23-Sep-99,24:00:00,66.209007,0.032666,22.057248,22.057248,0,0,0,0.040496,44.151659,44.151659,0,0,0
1820,24-Sep-99,24:00:00,66.190248,0.029125,22.052369,22.052369,0,0,0,0.04175,44.137777,44.137777,0,0,0
1821,25-Sep-99,24:00:00,66.171074,0.042359,22.047346,22.047346,0,0,0,0.046042,44.123623,44.123623,0,0,0
1822,26-Sep-99,24:00:00,66.151484,0.046898,22.042179,22.042179,0,0,0,0.046952,44.109198,44.109198,0,0,0
1823,27-Sep-99,24:00:00,66.131478,0.048708,22.036869,22.036869,0,0,0,0.044412,44.094502,44.094502,0,0,0
1824,28-Sep-99,24:00:00,66.111058,0.041931,22.031414,22.031414,0,0,0,0.037041,44.079533,44.079533,0,0,0
1825,29-Sep-99,24:00:00,66.090222,0.04651,22.025815,22.025815,0,0,0,0.037383,44.064294,44.064294,0,0,0
1826,30-Sep-99,24:00:00,66.06897,0.043254,22.020073,22.020073,0,0,0,0.042062,44.048783,44.048783,0,0,0
1827,1-Oct-99,24:00:00,66.047304,0.034511,22.014187,22.014187,0,0,0,0.038614,44.033001,44.033001,0,0,0
1828,2-Oct-99,24:00:00,66.025223,0.026411,22.008157,22.008157,0,0,0,0.036275,44.016948,44.016948,0,0,0
1829,3-Oct-99,24:00:00,66.002727,0.025982,22.001983,22.001983,0,0,0,0.032943,44.000623,44.000623,0,0,0
1830,4-Oct-99,24:00:00,65.979816,0.023312,21.995666,21.995666,0,0,0,0.031691,43.984028,43.984028,0,0,0
1831,5-Oct-99,24:00:00,65.956492,0.024795,21.989205,21.989205,0,0,0,0.027532,43.967163,43.967163,0,0,0
1832,6-Oct-99,24:00:00,65.932753,0.023885,21.9826,21.9826,0,0,0,0.027386,43.950027,43.950027,0,0,0
1833,7-Oct-99,24:00:00,65.908601,0.038185,21.975852,21.975852,0,0,0,0.031227,43.93262,43.93262,0,0,0
1834,8-Oct-99,24:00:00,65.884035,0.039819,21.968961,21.968961,0,0,0,0.037293,43.914944,43.914944,0,0,0
1835,9-Oct-99,24:00:00,65.859056,0.037271,21.961926,21.961926,0,0,0,0.036663,43.896998,43.896998,0,0,0
1836,10-Oct-99,24:00:00,65.833665,0.039487,21.954749,21.954749,0,0,0,0.037925,43.878782,43.878782,0,0,0
1837,11-Oct-99,24:00:00,65.807862,0.035421,21.947428,21.947428,0,0,0,0.037816,43.860298,43.860298,0,0,0
1838,12-Oct-99,24:00:00,65.781647,0.03347,21.939964,21.939964,0,0,0,0.032545,43.841544,43.841544,0,0,0
1839,13-Oct-99,24:00:00,65.75502,0.032756,21.932358,21.932358,0,0,0,0.031266,43.822522,43.822522,0,0,0
1840,14-Oct-99,24:00:00,65.727983,0.034668,21.924609,21.924609,0,0,0,0.030856,43.803232,43.803232,0,0,0
1841,15-Oct-99,24:00:00,65.700536,0.034801,21.916718,21.916718,0,0,0,0.024412,43.783673,43.783673,0,0,0
1842,16-Oct-99,24:00:00,65.672678,0.044877,21.908685,21.908685,0,0,0,0.032918,43.763848,43.763848,0,0,0
1843,17-Oct-99,24:00:00,65.644412,0.019703,21.900509,21.900509,0,0,0,0.028938,43.743755,43.743755,0,0,0
1844,18-Oct-99,24:00:00,65.615737,0.029259,21.892192,21.892192,0,0,0,0.027889,43.723395,43.723395,0,0,0
1845,19-Oct-99,24:00:00,65.586654,0.024862,21.883733,21.883733,0,0,0,0.029421,43.702769,43.702769,0,0,0
1846,20-Oct-99,24:00:00,65.557164,0.029523,21.875133,21.875133,0,0,0,0.024884,43.681877,43.681877,0,0,0
1847,21-Oct-99,24:00:00,65.527267,0.025647,21.866391,21.866391,0,0,0,0.013779,43.66072,43.66072,0,0,0
1848,22-Oct-99,24:00:00,65.496963,0.024933,21.857509,21.857509,0,0,0,0.016731,43.639297,43.639297,0,0,0
1849,23-Oct-99,24:00:00,65.466255,0.01875,21.848485,21.848485,0,0,0,0.024328,43.61761,43.61761,0,0,0
1850,24-Oct-99,24:00:00,65.435142,0.022766,21.839321,21.839321,0,0,0,0.023642,43.595659,43.595659,0,0,0
1851,25-Oct-99,24:00:00,65.403625,0.022599,21.830017,21.830017,0,0,0,0.025233,43.573445,43.573445,0,0,0
1852,26-Oct-99,24:00:00,81.918692,0.01697,34.088508,21.820572,0.480189,0,0.014014,0.020094,48.124368,43.550967,0.271218,0,0.00751
1853,27-Oct-99,24:00:00,121.655298,0.010201,38.314104,21.810988,0.468387,0,0.083965,0.005626,84.005663,43.528227,0.896391,0,0.074241
1854,28-Oct-99,24:00:00,111.452283,0.021996,28.581543,21.801264,0.095435,0,0.148228,0.020349,81.935793,43.505224,0.022137,0,0.169766
1855,29-Oct-99,24:00:00,65.73274,0.023534,21.791401,21.791401,0,0,0.149144,0.020092,43.917314,43.48196,0,0,0.169964
1856,30-Oct-99,24:00:00,65.240008,0.022732,21.781399,21.781399,0,0,0.149144,0.021561,43.458436,43.458436,0,0,0.169964
1857,31-Oct-99,24:00:00,65.206083,0.022197,21.771258,21.771258,0,0,0.149144,0.02049,43.434651,43.434651,0,0,0.169964
1858,1-Nov-99,24:00:00,65.171761,0.02384,21.760979,21.760979,0,0,0.148217,0.01951,43.410606,43.410606,0,0,0.169856
1859,2-Nov-99,24:00:00,140.737403,0.022425,81.992875,21.750561,1.802862,0,0.268551,0.022795,58.95941,43.386302,0.315092,0,0.189495
1860,3-Nov-99,24:00:00,73.089554,0.014209,22.889889,21.740006,0,0,0.403964,0.017165,49.987338,43.361739,0,0,0.214075
1861,4-Nov-99,24:00:00,124.991651,0.021213,66.858442,21.729313,1.329225,0,0.514846,0.023297,58.218162,43.336919,0.248634,0,0.235392
1862,5-Nov-99,24:00:00,67.934694,0.021655,21.852939,21.718483,0,0,0.593853,0.019586,45.993387,43.311841,0,0,0.249594
1863,6-Nov-99,24:00:00,64.994208,0.013053,21.707516,21.707516,0,0,0.593853,0.019895,43.286506,43.286506,0,0,0.249594
1864,7-Nov-99,24:00:00,127.423468,0.01075,44.09206,21.696412,0.896454,0,0.626466,0.010918,84.449008,43.260916,1.357675,0,0.303383
1865,8-Nov-99,24:00:00,133.984311,0.017401,31.932136,21.685172,0.06214,0,0.73061,0.014404,100.975214,43.23507,0.055771,0,0.451349
1866,9-Nov-99,24:00:00,65.689964,0.013984,21.673797,21.673797,0,0,0.730795,0.012276,43.975797,43.20897,0,0,0.451515
1867,10-Nov-99,24:00:00,148.94929,0.003834,37.467929,21.662285,0.475476,0,0.766129,0.006676,112.111804,43.182615,1.257461,0,0.552172
1868,11-Nov-99,24:00:00,85.498579,0.013843,22.036193,21.650639,0,0,0.79872,0.016876,62.838948,43.156007,0,0,0.631152
1869,12-Nov-99,24:00:00,64.856092,0.012257,21.638857,21.638857,0,0,0.79872,0.010853,43.209896,43.129147,0,0,0.631152
1870,13-Nov-99,24:00:00,64.729175,0.01698,21.626941,21.626941,0,0,0.79872,0.015961,43.102035,43.102035,0,0,0.631152
1871,14-Nov-99,24:00:00,76.524229,0.005972,32.615583,21.614891,0.557319,0,0.811303,0.011461,43.988075,43.074671,0.137415,0,0.633308
1872,15-Nov-99,24:00:00,124.432054,0.010396,42.476108,21.602707,0.422445,0,0.917144,0.011446,81.938605,43.047058,0.451807,0,0.706681
1873,16-Nov-99,24:00:00,269.481794,0.005602,180.71479,152.944647,0.777094,0.347901,0.974154,0.005061,89.074925,43.019194,0.789275,0,0.775485
1874,17-Nov-99,24:00:00,122.623471,0.009772,67.898585,67.717202,0,0,1,0.009548,54.356714,42.991082,0,0,0.82808
1875,18-Nov-99,24:00:00,79.124346,0.01272,36.155493,36.155493,0,0,1,0.013132,42.966352,42.962722,0,0,0.82808
1876,19-Nov-99,24:00:00,757.391098,0.003281,645.42569,381.222577,0.829957,0.829957,1,0.007328,112.341189,42.934114,1.145558,0,0.931134
1877,20-Nov-99,24:00:00,175.238846,0.011401,113.606895,113.497153,0,0,1,0.013199,61.298141,45.775477,0.062487,0.004606,0.998471
1878,21-Nov-99,24:00:00,111.275302,0.019972,66.066622,66.066622,0,0,1,0.017073,45.172833,44.89515,0,0,1
1879,22-Nov-99,24:00:00,104.351783,0.013842,61.005899,61.005899,0,0,1,0.013325,43.342713,43.342713,0,0,1
1880,23-Nov-99,24:00:00,99.69014,0.008958,56.527038,56.527038,0,0,1,0.009397,43.162466,43.162466,0,0,1
1881,24-Nov-99,24:00:00,95.643263,0.010568,52.55306,52.55306,0,0,1,0.007752,43.089715,43.089715,0,0,1
1882,25-Nov-99,24:00:00,92.052645,0.014141,49.026859,49.026859,0,0,1,0.013016,43.025329,43.025329,0,0,1
1883,26-Nov-99,24:00:00,88.862925,0.006663,45.897791,45.897791,0,0,1,0.010324,42.964703,42.964703,0,0,1
1884,27-Nov-99,24:00:00,86.028612,0.006409,43.120935,43.120935,0,0,1,0.011748,42.907268,42.907268,0,0,1
1885,28-Nov-99,24:00:00,83.509474,0.006375,40.656451,40.656451,0,0,1,0.010777,42.852633,42.852633,0,0,0.999646
1886,29-Nov-99,24:00:00,281.886215,0.006234,150.913527,117.03754,0.731125,0.726709,0.999885,0.008024,136.888608,91.718789,0.816852,0.803795,0.999199
1887,30-Nov-99,24:00:00,1640.71,0.009433,590.122175,518.985688,0.634282,0.634282,1,0.007548,1051.29,874.39163,0.537891,0.537891,1
1888,1-Dec-99,24:00:00,799.43475,0.010311,193.289961,191.618825,0,0,1,0.009137,601.416565,584.57228,0,0,1
1889,2-Dec-99,24:00:00,288.45013,0.01435,87.709598,87.709598,0,0,1,0.012827,199.630357,199.492073,0,0,1
1890,3-Dec-99,24:00:00,223.069865,0.015041,80.144623,80.144623,0,0,1,0.011426,142.78288,142.78288,0,0,1
1891,4-Dec-99,24:00:00,203.090497,0.01307,73.483603,73.483603,0,0,1,0.010147,129.528229,129.528229,0,0,1
1892,5-Dec-99,24:00:00,187.228389,0.009766,67.574146,67.574146,0,0,1,0.007208,119.586288,119.586288,0,0,1
1893,6-Dec-99,24:00:00,173.220291,0.008576,62.331251,62.331251,0,0,1,0.006237,110.828833,110.828833,0,0,1
1894,7-Dec-99,24:00:00,160.792696,0.013822,57.679535,57.679535,0,0,1,0.011041,103.05976,103.05976,0,0,1
1895,8-Dec-99,24:00:00,149.764937,0.006168,53.55214,53.55214,0,0,1,0.007394,96.165422,96.165422,0,0,1
1896,9-Dec-99,24:00:00,489.859832,0.007491,183.449781,174.560131,0.261056,0.261056,1,0.005523,308.323242,288.488084,0.302392,0.302392,1
1897,10-Dec-99,24:00:00,271.751641,0.014884,59.725136,59.725136,0,0,1,0.009723,210.399145,208.905574,0,0,1
1898,11-Dec-99,24:00:00,166.13237,0.013637,54.180707,54.180707,0,0,1,0.011256,111.736773,111.736773,0,0,1
1899,12-Dec-99,24:00:00,148.543062,0.010599,50.441901,50.441901,0,0,1,0.006199,98.044949,98.044949,0,0,1
1900,13-Dec-99,24:00:00,138.626355,0.015361,47.12436,47.12436,0,0,1,0.011968,91.458356,91.458356,0,0,1
1901,14-Dec-99,24:00:00,130.063481,0.01388,44.180228,44.180228,0,0,1,0.009459,85.844738,85.844738,0,0,1
1902,15-Dec-99,24:00:00,122.470982,0.010516,41.567273,41.567273,0,0,1,0.009318,80.869527,80.869527,0,0,1
1903,16-Dec-99,24:00:00,115.73154,0.010294,39.248036,39.248036,0,0,1,0.01111,76.453157,76.453157,0,0,1
1904,17-Dec-99,24:00:00,109.748449,0.011466,37.189295,37.189295,0,0,0.9995,0.009279,72.532205,72.532205,0,0,1
1905,18-Dec-99,24:00:00,104.436148,0.012418,35.361587,35.361587,0,0,0.998072,0.01098,69.050627,69.050627,0,0,1
1906,19-Dec-99,24:00:00,99.718759,0.036707,33.738777,33.738777,0,0,0.995267,0.012022,65.95872,65.95872,0,0,0.999848
1907,20-Dec-99,24:00:00,95.528982,0.021919,32.297687,32.297687,0,0,0.990055,0.012811,63.212403,63.212403,0,0,0.998714
1908,21-Dec-99,24:00:00,91.807129,0.023717,31.017761,31.017761,0,0,0.98755,0.010616,60.772579,60.772579,0,0,0.997044
1909,22-Dec-99,24:00:00,88.500262,0.015435,29.880766,29.880766,0,0,0.984047,0.013861,58.604572,58.604572,0,0,0.995312
1910,23-Dec-99,24:00:00,85.561428,0.010125,28.87053,28.87053,0,0,0.982448,0.008681,56.677628,56.677628,0,0,0.993669
1911,24-Dec-99,24:00:00,82.948984,0.011886,27.972713,27.972713,0,0,0.980879,0.011162,54.964469,54.964469,0,0,0.992256
1912,25-Dec-99,24:00:00,80.625996,0.010924,27.174592,27.174592,0,0,0.979253,0.011408,53.440904,53.440904,0,0,0.990643
1913,26-Dec-99,24:00:00,78.559707,0.011893,26.464887,26.464887,0,0,0.977633,0.010495,52.085475,52.085475,0,0,0.989074
1914,27-Dec-99,24:00:00,76.721063,0.010521,25.833591,25.833591,0,0,0.976025,0.013976,50.879152,50.879152,0,0,0.987404
1915,28-Dec-99,24:00:00,75.084297,0.012305,25.271829,25.271829,0,0,0.974409,0.01032,49.805057,49.805057,0,0,0.985579
1916,29-Dec-99,24:00:00,73.626555,0.011429,24.771729,24.771729,0,0,0.972694,0.010743,48.84822,48.84822,0,0,0.984089
1917,30-Dec-99,24:00:00,72.327566,0.011513,24.326312,24.326312,0,0,0.971061,0.0114,47.995364,47.995364,0,0,0.98252
1918,31-Dec-99,24:00:00,71.169354,0.005526,23.929384,23.929384,0,0,0.969862,0.007476,47.234714,47.234714,0,0,0.981162
1919,1-Jan-00,24:00:00,70.135973,0.009661,23.575455,23.575455,0,0,0.968791,0.009072,46.555824,46.555824,0,0,0.980009
1920,2-Jan-00,24:00:00,69.213282,0.012,23.259653,23.259653,0,0,0.96725,0.007927,45.949434,45.949434,0,0,0.978779
1921,3-Jan-00,24:00:00,68.388738,0.012599,22.977659,22.977659,0,0,0.965463,0.010238,45.407326,45.407326,0,0,0.977463
1922,4-Jan-00,24:00:00,67.651217,0.004293,22.725642,22.725642,0,0,0.964247,0.002878,44.922215,44.922215,0,0,0.976536
1923,5-Jan-00,24:00:00,66.990853,0.013608,22.500203,22.500203,0,0,0.96298,0.009528,44.487638,44.487638,0,0,0.975617
1924,6-Jan-00,24:00:00,66.398896,0.008303,22.298329,22.298329,0,0,0.961387,0.006625,44.097863,44.097863,0,0,0.974488
1925,7-Jan-00,24:00:00,65.867583,0.010281,22.117346,22.117346,0,0,0.960079,0.008687,43.747808,43.747808,0,0,0.973418
1926,8-Jan-00,24:00:00,65.390033,0.005904,21.954883,21.954883,0,0,0.958938,0.011279,43.432963,43.432963,0,0,0.971991
1927,9-Jan-00,24:00:00,64.96014,0.010875,21.808838,21.808838,0,0,0.957788,0.008872,43.14933,43.14933,0,0,0.970542
1928,10-Jan-00,24:00:00,64.892345,0.004344,21.997202,21.677346,0.095734,0,0.957197,0.006721,42.893362,42.893362,0,0,0.969494
1929,11-Jan-00,24:00:00,563.108691,0.00459,302.420887,272.924366,0.780271,0.570227,0.997274,0.007884,263.812344,226.17512,0.599,0.382075,0.994581
1930,12-Jan-00,24:00:00,419.402997,0.006687,113.444765,109.894491,0.104097,0.104097,1,0.004129,304.271908,293.935607,0.099824,0.099824,1
1931,13-Jan-00,24:00:00,633.892449,0.00537,262.025488,243.945171,0.66649,0.66649,1,0.005409,375.0639,347.078695,0.641942,0.641942,1
1932,14-Jan-00,24:00:00,1238.34,0.004565,465.846265,440.891308,0.677007,0.677007,1,0.004737,773.408919,728.800258,0.566052,0.566052,1
1933,15-Jan-00,24:00:00,906.674213,0.011616,258.946029,247.479165,0.408869,0.408869,1,0.011996,645.851254,621.589955,0.510874,0.510874,1
1934,16-Jan-00,24:00:00,1845.22,0.011948,758.856405,513.956578,0.721543,0.721543,1,0.011218,1089.41,1012.29,0.751552,0.751552,1
1935,17-Jan-00,24:00:00,1067.36,0.008405,293.218292,282.905717,0.18454,0.18454,1,0.008319,770.858812,747.352768,0.219184,0.219184,1
1936,18-Jan-00,24:00:00,1133.14,0.005403,394.339559,376.847423,0.51368,0.51368,1,0.009191,740.144391,705.086785,0.473418,0.473418,1
1937,19-Jan-00,24:00:00,1569.79,0.003311,613.304706,577.733573,1.082325,1.082325,1,0.004542,960.763685,901.740043,0.972168,0.972168,1
1938,20-Jan-00,24:00:00,1101.16,0.009836,270.694833,268.218459,0.035145,0.035145,1,0.006264,824.734313,811.50648,0.034613,0.034613,1
1939,21-Jan-00,24:00:00,669.61954,0.004375,252.886336,245.855095,0.209065,0.209065,1,0.007683,416.381181,409.83831,0.125459,0.125459,1
1940,22-Jan-00,24:00:00,580.989164,0.011065,185.009761,183.472335,0.099063,0.099063,1,0.008414,395.356171,390.742004,0.161487,0.161487,1
1941,23-Jan-00,24:00:00,1583.60,0.002892,787.716985,738.616846,1.423641,1.423641,1,0.003781,801.435911,749.176603,0.757368,0.757368,1
1942,24-Jan-00,24:00:00,1732.29,0.003532,664.365189,637.339393,0.797576,0.797576,1,0.005287,1067.54,1020.42,0.665214,0.665214,1
1943,25-Jan-00,24:00:00,1170.33,0.011315,358.413993,350.36007,0.19418,0.19418,1,0.011003,808.100771,789.788745,0.117083,0.117083,1
1944,26-Jan-00,24:00:00,610.200792,0.012236,201.985233,201.985233,0,0,1,0.011919,406.535425,406.009597,0,0,1
1945,27-Jan-00,24:00:00,487.860166,0.016192,180.620138,180.620138,0,0,1,0.01018,306.906103,306.906103,0,0,1
1946,28-Jan-00,24:00:00,436.126494,0.011238,162.495982,162.495982,0,0,1,0.008701,273.418145,273.418145,0,0,1
1947,29-Jan-00,24:00:00,394.090142,0.017972,146.990059,146.846824,0.088424,0.088424,1,0.015524,246.915803,246.915803,0,0,1
1948,30-Jan-00,24:00:00,1503.06,0.008602,697.443012,659.35437,1.034874,1.034874,1,0.010199,812.442444,751.79991,0.949447,0.949447,1
1949,31-Jan-00,24:00:00,1735.18,0.00234,542.975909,518.002957,0.733083,0.733083,1,0.003185,1193.14,1130.42,0.895255,0.895255,1
1950,1-Feb-00,24:00:00,1100.72,0.007233,249.628209,246.204754,0.100247,0.100247,1,0.007557,845.540566,831.885302,0.106534,0.106534,1
1951,2-Feb-00,24:00:00,569.989071,0.015689,174.356217,174.356217,0,0,1,0.017463,394.0075,393.403055,0,0,1
1952,3-Feb-00,24:00:00,604.386109,0.008105,243.121247,235.45465,0.251491,0.251491,1,0.012917,362.906766,351.943998,0.232156,0.232156,1
1953,4-Feb-00,24:00:00,811.368879,0.01103,232.06286,228.299149,0.084175,0.084175,1,0.011521,578.69834,561.657542,0.172287,0.172287,1
1954,5-Feb-00,24:00:00,2979.56,0.005338,1253.61,803.888929,1.553312,1.553312,1,0.007073,1736.58,1015.10,1.436988,1.436988,1
1955,6-Feb-00,24:00:00,1434.19,0.015497,270.326802,269.759382,0,0,1,0.013831,1153.64,1051.98,0,0,1
1956,7-Feb-00,24:00:00,587.69612,0.01733,178.942737,178.942737,0,0,1,0.015689,407.063429,407.058999,0,0,1
1957,8-Feb-00,24:00:00,475.825719,0.015012,160.968428,160.968428,0,0,1,0.013988,314.542007,314.542007,0,0,1
1958,9-Feb-00,24:00:00,426.447649,0.00731,145.046571,145.046571,0,0,1,0.009119,281.18259,281.18259,0,0,1
1959,10-Feb-00,24:00:00,944.834475,0.009611,439.296217,418.528915,0.610056,0.610056,1,0.015712,507.78112,484.366336,0.35499,0.35499,1
1960,11-Feb-00,24:00:00,1875.95,0.0043,984.235689,510.570242,1.295488,1.295488,1,0.005542,902.757362,616.557154,1.215264,1.215264,1
1961,12-Feb-00,24:00:00,2256.83,0.006267,607.328148,568.141629,0.452044,0.452044,1,0.008123,1642.07,1363.36,0.478345,0.478345,1
1962,13-Feb-00,24:00:00,3628.59,0.004734,1692.26,1048.44,2.350407,2.350407,1,0.006528,1945.68,1528.75,2.240737,2.240737,1
1963,14-Feb-00,24:00:00,4869.99,0.010471,1566.59,1167.19,1.242841,1.242841,1,0.011966,3301.69,2518.50,1.354472,1.354472,1
1964,15-Feb-00,24:00:00,1696.87,0.011981,336.643602,336.567139,0,0,1,0.016982,1349.95,1316.06,0,0,1
1965,16-Feb-00,24:00:00,943.893098,0.006106,314.25986,311.420755,0.084946,0.084946,1,0.007293,628.544163,624.901763,0.075788,0.075788,1
1966,17-Feb-00,24:00:00,816.867709,0.011925,261.407951,261.354408,0,0,1,0.012859,554.491133,552.789436,0,0,1
1967,18-Feb-00,24:00:00,684.073245,0.020059,227.613416,227.613416,0,0,1,0.01496,455.962232,455.957203,0,0,1
1968,19-Feb-00,24:00:00,608.929731,0.0218,204.13941,204.13941,0,0,1,0.019226,404.451695,404.451695,0,0,1
1969,20-Feb-00,24:00:00,1094.94,0.007112,582.736428,547.46855,1.138957,1.138957,1,0.012183,517.582291,488.810919,0.841675,0.841675,1
1970,21-Feb-00,24:00:00,1520.50,0.020757,406.34929,401.323968,0.044306,0.044306,1,0.02027,1111.33,1073.65,0.108063,0.108063,1
1971,22-Feb-00,24:00:00,2410.89,0.00548,1064.01,785.100114,1.807812,1.807812,1,0.004847,1362.12,785.792222,1.37015,1.37015,1
1972,23-Feb-00,24:00:00,2416.70,0.009759,543.683314,525.58499,0.035155,0.035155,1,0.012455,1858.95,1386.10,0.092638,0.092638,1
1973,24-Feb-00,24:00:00,880.896606,0.008286,261.459358,259.965905,0.04281,0.04281,1,0.009763,615.578158,610.2285,0,0,1
1974,25-Feb-00,24:00:00,620.423527,0.010112,217.784516,217.714551,0.053215,0.053215,1,0.013919,402.033017,402.025982,0.000467,0.000467,1
1975,26-Feb-00,24:00:00,2211.94,0.00446,1281.30,874.983258,2.094684,2.094684,1,0.006025,943.266421,834.830457,1.76561,1.76561,1
1976,27-Feb-00,24:00:00,3646.79,0.012577,1038.79,903.922524,0.676853,0.676853,1,0.012525,2604.41,1993.82,0.793981,0.793981,1
1977,28-Feb-00,24:00:00,1339.83,0.016714,348.880745,339.622728,0.554835,0.554835,1,0.017611,983.718238,967.349836,0.191988,0.191988,1
1978,29-Feb-00,24:00:00,1838.94,0.017766,712.996436,687.889371,0.453309,0.453309,1,0.017964,1129.21,1074.83,0.624585,0.624585,1
1979,1-Mar-00,24:00:00,983.520026,0.021743,268.351558,268.351558,0,0,1,0.017699,710.854835,708.362104,0,0,1
1980,2-Mar-00,24:00:00,878.410572,0.015508,318.394881,312.976412,0.15912,0.15912,1,0.01587,560.400005,550.173151,0.155937,0.155937,1
1981,3-Mar-00,24:00:00,683.967961,0.024623,222.459581,222.459581,0,0,1,0.024072,460.262718,459.490833,0,0,1
1982,4-Mar-00,24:00:00,705.471642,0.007533,277.182228,267.749188,0.333826,0.333826,1,0.011178,430.686305,419.037597,0.406773,0.406773,1
1983,5-Mar-00,24:00:00,953.419005,0.0117,277.920705,275.986085,0,0,1,0.010344,673.716993,656.850582,0,0,1
1984,6-Mar-00,24:00:00,549.847019,0.016959,174.546862,174.546862,0,0,1,0.018557,374.119475,373.943532,0,0,1
1985,7-Mar-00,24:00:00,671.981124,0.009149,301.755388,284.604453,0.567267,0.567267,1,0.008626,373.306651,357.262646,0.491543,0.491543,1
1986,8-Mar-00,24:00:00,1405.09,0.006283,539.009359,515.274675,0.70046,0.70046,1,0.007748,869.171299,821.88609,0.736276,0.736276,1
1987,9-Mar-00,24:00:00,1643.36,0.017114,511.563764,494.58027,0.431676,0.431676,1,0.020086,1129.23,1086.96,0.28977,0.28977,1
1988,10-Mar-00,24:00:00,704.305635,0.01303,191.098356,190.823584,0.039701,0.039701,1,0.011977,510.257143,507.923666,0.111971,0.111971,1
1989,11-Mar-00,24:00:00,612.618559,0.024807,187.212438,186.135287,0,0,1,0.023814,425.008865,418.116167,0,0,1
1990,12-Mar-00,24:00:00,464.318871,0.029726,152.507034,152.507034,0,0,1,0.031352,311.231753,311.120246,0,0,1
1991,13-Mar-00,24:00:00,403.78434,0.027963,137.488215,137.488215,0,0,1,0.03218,266.071056,266.071056,0,0,1
1992,14-Mar-00,24:00:00,363.982794,0.029411,124.190147,124.190147,0,0,0.999344,0.031932,239.613287,239.613287,0,0,0.999003
1993,15-Mar-00,24:00:00,329.454266,0.042279,112.395567,112.395567,0,0,0.995628,0.039089,216.900889,216.900889,0,0,0.99472
1994,16-Mar-00,24:00:00,298.857697,0.03971,101.934486,101.934486,0,0,0.989687,0.033341,196.783636,196.783636,0,0,0.989465
1995,17-Mar-00,24:00:00,271.720596,0.042077,92.656144,92.656144,0,0,0.983857,0.03593,178.940933,178.940933,0,0,0.984509
1996,18-Mar-00,24:00:00,247.650964,0.040375,84.426823,84.426823,0,0,0.977806,0.038079,163.114791,163.114791,0,0,0.979192
1997,19-Mar-00,24:00:00,226.301975,0.036582,77.12793,77.12793,0,0,0.972553,0.033103,149.077206,149.077206,0,0,0.974176
1998,20-Mar-00,24:00:00,207.366044,0.044365,70.654278,70.654278,0,0,0.966532,0.034125,136.625979,136.625979,0,0,0.969278
1999,21-Mar-00,24:00:00,190.570369,0.052736,64.912577,64.912577,0,0,0.959344,0.038463,125.581777,125.581777,0,0,0.964103
2000,22-Mar-00,24:00:00,175.672998,0.032379,59.820082,59.820082,0,0,0.953391,0.036631,115.785543,115.785543,0,0,0.958808
2001,23-Mar-00,24:00:00,162.459339,0.029237,55.303409,55.303409,0,0,0.949022,0.03067,107.096204,107.096204,0,0,0.953867
2002,24-Mar-00,24:00:00,150.739064,0.025979,51.297467,51.297467,0,0,0.945182,0.031363,99.38864,99.38864,0,0,0.949497
2003,25-Mar-00,24:00:00,140.343369,0.024792,47.744527,47.744527,0,0,0.941533,0.031798,92.551879,92.551879,0,0,0.944999
2004,26-Mar-00,24:00:00,131.122535,0.028979,44.593388,44.593388,0,0,0.937679,0.035648,86.487494,86.487494,0,0,0.940194
2005,27-Mar-00,24:00:00,122.943774,0.030114,41.798637,41.798637,0,0,0.93362,0.027733,81.108191,81.108191,0,0,0.935701
2006,28-Mar-00,24:00:00,115.689313,0.027994,39.319996,39.319996,0,0,0.929273,0.029345,76.336541,76.336541,0,0,0.931526
2007,29-Mar-00,24:00:00,109.254694,0.036708,37.121742,37.121742,0,0,0.924669,0.036112,72.103875,72.103875,0,0,0.926916
2008,30-Mar-00,24:00:00,103.547271,0.051055,35.172189,35.172189,0,0,0.91882,0.041531,68.349284,68.349284,0,0,0.92134
2009,31-Mar-00,24:00:00,98.484872,0.061639,33.443235,33.443235,0,0,0.90994,0.041377,65.018747,65.018747,0,0,0.915456
2010,1-Apr-00,24:00:00,93.994617,0.052766,31.909955,31.909955,0,0,0.902457,0.042691,62.064351,62.064351,0,0,0.909396
2011,2-Apr-00,24:00:00,90.011864,0.046562,30.550242,30.550242,0,0,0.89515,0.047543,59.4436,59.4436,0,0,0.902907
2012,3-Apr-00,24:00:00,86.479282,0.039322,29.344489,29.344489,0,0,0.888835,0.053038,57.118802,57.118802,0,0,0.895967
2013,4-Apr-00,24:00:00,83.346018,0.024168,28.275303,28.275303,0,0,0.884473,0.035604,55.056525,55.056525,0,0,0.889487
2014,5-Apr-00,24:00:00,80.566971,0.02246,27.32726,27.32726,0,0,0.881148,0.040071,53.22712,53.22712,0,0,0.884064
2015,6-Apr-00,24:00:00,78.102137,0.030092,26.486679,26.486679,0,0,0.877371,0.041945,51.604286,51.604286,0,0,0.878204
2016,7-Apr-00,24:00:00,75.916035,0.031809,25.741424,25.741424,0,0,0.873011,0.046894,50.164698,50.164698,0,0,0.871878
2017,8-Apr-00,24:00:00,73.977194,0.024529,25.080733,25.080733,0,0,0.868962,0.030705,48.887665,48.887665,0,0,0.8663
2018,9-Apr-00,24:00:00,72.257701,0.03754,24.49506,24.49506,0,0,0.86443,0.035864,47.754837,47.754837,0,0,0.861563
2019,10-Apr-00,24:00:00,70.732798,0.041816,23.975936,23.975936,0,0,0.85876,0.044334,46.749937,46.749937,0,0,0.855835
2020,11-Apr-00,24:00:00,69.380525,0.032591,23.515851,23.515851,0,0,0.853576,0.033775,45.858529,45.858529,0,0,0.850293
2021,12-Apr-00,24:00:00,74.561302,0.027939,28.943497,23.108145,0.347162,0,0.855869,0.024163,45.679181,45.067807,0.168733,0,0.848178
2022,13-Apr-00,24:00:00,98.662419,0.02657,36.095413,22.746907,0.216197,0,0.924037,0.027773,62.513282,44.366412,0.10387,0,0.882843
2023,14-Apr-00,24:00:00,69.8332,0.023669,23.007878,22.426897,0.017061,0,0.930038,0.028919,46.808724,43.74427,0.039131,0,0.888334
2024,15-Apr-00,24:00:00,65.510353,0.016835,22.143465,22.143465,0,0,0.930495,0.026371,43.357386,43.192445,0,0,0.889348
2025,16-Apr-00,24:00:00,2685.96,0.011488,1776.15,355.327738,1.894081,1.407544,0.977465,0.009013,933.944725,179.158386,1.928177,1.153612,0.956239
2026,17-Apr-00,24:00:00,3210.21,0.028885,830.858383,600.927166,0.425766,0.425766,1,0.030972,2361.46,1281.93,0.437861,0.437861,1
2027,18-Apr-00,24:00:00,553.246605,0.031221,103.092994,103.092994,0,0,1,0.030434,444.486311,432.543418,0,0,1
2028,19-Apr-00,24:00:00,274.548584,0.039277,91.468521,91.468521,0,0,1,0.031628,182.617728,182.617728,0,0,1
2029,20-Apr-00,24:00:00,237.80513,0.044703,83.379757,83.379757,0,0,0.997471,0.041615,154.309996,154.309996,0,0,0.997795
2030,21-Apr-00,24:00:00,217.09517,0.046028,76.206607,76.206607,0,0,0.991279,0.048648,140.798547,140.798547,0,0,0.991741
2031,22-Apr-00,24:00:00,199.182994,0.033393,69.845129,69.845129,0,0,0.985721,0.033194,129.258514,129.258514,0,0,0.986021
2032,23-Apr-00,24:00:00,183.311375,0.046365,64.203552,64.203552,0,0,0.979958,0.040435,119.037518,119.037518,0,0,0.980591
2033,24-Apr-00,24:00:00,169.235776,0.046197,59.200483,59.200483,0,0,0.973263,0.049004,109.97298,109.97298,0,0,0.974356
2034,25-Apr-00,24:00:00,156.75275,0.04313,54.763734,54.763734,0,0,0.966836,0.037127,101.933778,101.933778,0,0,0.968087
2035,26-Apr-00,24:00:00,145.682231,0.053226,50.829276,50.829276,0,0,0.960054,0.053773,94.80398,94.80398,0,0,0.961683
2036,27-Apr-00,24:00:00,135.864525,0.031904,47.340322,47.340322,0,0,0.954056,0.023404,88.480776,88.480776,0,0,0.956137
2037,28-Apr-00,24:00:00,127.157995,0.042622,44.246507,44.246507,0,0,0.948667,0.037085,82.872976,82.872976,0,0,0.951734
2038,29-Apr-00,24:00:00,119.43702,0.047408,41.503158,41.503158,0,0,0.942135,0.047233,77.899706,77.899706,0,0,0.945772
2039,30-Apr-00,24:00:00,112.590183,0.049705,39.070657,39.070657,0,0,0.935249,0.05353,73.489233,73.489233,0,0,0.938615
2040,1-May-00,24:00:00,106.518666,0.042444,36.913861,36.913861,0,0,0.928728,0.039391,69.577936,69.577936,0,0,0.931735
2041,2-May-00,24:00:00,101.134824,0.034749,35.001604,35.001604,0,0,0.923231,0.040434,66.109387,66.109387,0,0,0.926234
2042,3-May-00,24:00:00,96.360921,0.046055,33.306243,33.306243,0,0,0.917392,0.046119,63.033538,63.033538,0,0,0.920049
2043,4-May-00,24:00:00,92.128011,0.048442,31.803259,31.803259,0,0,0.910647,0.044385,60.306001,60.306001,0,0,0.91363
2044,5-May-00,24:00:00,88.374944,0.042571,30.470908,30.470908,0,0,0.903991,0.040483,57.887405,57.887405,0,0,0.907386
2045,6-May-00,24:00:00,85.047483,0.028237,29.289901,29.289901,0,0,0.898819,0.016725,55.742831,55.742831,0,0,0.903227
2046,7-May-00,24:00:00,101.474121,0.009905,37.895426,28.243133,0.414062,0,0.921398,0.016545,63.797591,53.841308,0.314873,0,0.917591
2047,8-May-00,24:00:00,96.250938,0.034277,31.763027,27.31543,0,0,0.956123,0.041842,64.25179,52.155366,0,0,0.947073
2048,9-May-00,24:00:00,77.328059,0.030493,26.493335,26.493335,0,0,0.956123,0.025621,50.816951,50.660641,0,0,0.947073
2049,10-May-00,24:00:00,75.109559,0.03539,25.764913,25.764913,0,0,0.956122,0.027498,49.335523,49.335523,0,0,0.947073
2050,11-May-00,24:00:00,73.288511,0.046858,25.119577,25.119577,0,0,0.952792,0.041731,48.160845,48.160845,0,0,0.944643
2051,12-May-00,24:00:00,71.674715,0.043975,24.547936,24.547936,0,0,0.946293,0.040164,47.119607,47.119607,0,0,0.939054
2052,13-May-00,24:00:00,70.244752,0.040859,24.041663,24.041663,0,0,0.940247,0.035424,46.196731,46.196731,0,0,0.933919
2053,14-May-00,24:00:00,243.35007,0.012554,169.162822,141.23468,0.88971,0.449191,0.970303,0.015182,74.946583,50.33229,0.586683,0.09936,0.961132
2054,15-May-00,24:00:00,279.589893,0.031036,134.50219,132.133355,0,0,1,0.027333,144.67934,128.044639,0,0,1
2055,16-May-00,24:00:00,108.767472,0.039981,42.018976,42.018976,0,0,1,0.03784,66.462251,66.330553,0,0,1
2056,17-May-00,24:00:00,91.569241,0.047483,39.486093,39.486093,0,0,0.999004,0.047313,52.054752,52.054752,0,0,0.999418
2057,18-May-00,24:00:00,87.278086,0.055859,37.294347,37.294347,0,0,0.993409,0.058665,49.973426,49.973426,0,0,0.994208
2058,19-May-00,24:00:00,84.06941,0.057105,35.351214,35.351214,0,0,0.985334,0.052198,48.709644,48.709644,0,0,0.986142
2059,20-May-00,24:00:00,81.247041,0.060661,33.628577,33.628577,0,0,0.976991,0.057497,47.610901,47.610901,0,0,0.978294
2060,21-May-00,24:00:00,78.745959,0.067425,32.101506,32.101506,0,0,0.967839,0.066232,46.637749,46.637749,0,0,0.969563
2061,22-May-00,24:00:00,76.529185,0.058113,30.74789,30.74789,0,0,0.958946,0.065818,45.775353,45.775353,0,0,0.960235
2062,23-May-00,24:00:00,74.56456,0.063562,29.548117,29.548117,0,0,0.949946,0.064577,45.011177,45.011177,0,0,0.950814
2063,24-May-00,24:00:00,72.823576,0.043803,28.484793,28.484793,0,0,0.942567,0.067348,44.334117,44.334117,0,0,0.941655
2064,25-May-00,24:00:00,71.28095,0.068527,27.54249,27.54249,0,0,0.934794,0.061485,43.734327,43.734327,0,0,0.932055
2065,26-May-00,24:00:00,69.914256,0.056061,26.707523,26.707523,0,0,0.925532,0.057404,43.203071,43.203071,0,0,0.923683
2066,27-May-00,24:00:00,68.703604,0.053818,25.967758,25.967758,0,0,0.917766,0.057056,42.732603,42.732603,0,0,0.915482
2067,28-May-00,24:00:00,67.631351,0.0585,25.31243,25.31243,0,0,0.909979,0.049756,42.31605,42.31605,0,0,0.907984
2068,29-May-00,24:00:00,66.68185,0.060711,24.731991,24.731991,0,0,0.901373,0.057219,41.947318,41.947318,0,0,0.900317
2069,30-May-00,24:00:00,65.84122,0.060853,24.217973,24.217973,0,0,0.892747,0.057029,41.620998,41.620998,0,0,0.892143
2070,31-May-00,24:00:00,65.097151,0.064322,23.762865,23.762865,0,0,0.883455,0.056978,41.332297,41.332297,0,0,0.883986
2071,1-Jun-00,24:00:00,64.438723,0.062062,23.360005,23.360005,0,0,0.874588,0.066544,41.076959,41.076959,0,0,0.875293
2072,2-Jun-00,24:00:00,63.856251,0.042326,23.003484,23.003484,0,0,0.867242,0.058972,40.851212,40.851212,0,0,0.866178
2073,3-Jun-00,24:00:00,63.341143,0.041536,22.688062,22.688062,0,0,0.861246,0.063213,40.651707,40.651707,0,0,0.857487
2074,4-Jun-00,24:00:00,62.885779,0.03873,22.40909,22.40909,0,0,0.855509,0.057122,40.475475,40.475475,0,0,0.848905
2075,5-Jun-00,24:00:00,62.483399,0.048431,22.162444,22.162444,0,0,0.849149,0.050211,40.319883,40.319883,0,0,0.841238
2076,6-Jun-00,24:00:00,62.128007,0.06012,21.944468,21.944468,0,0,0.841453,0.056808,40.182594,40.182594,0,0,0.833577
2077,7-Jun-00,24:00:00,61.814284,0.025849,21.751917,21.751917,0,0,0.835144,0.030494,40.061534,40.061534,0,0,0.827109
2078,8-Jun-00,24:00:00,67.75931,0.038148,22.949417,21.581913,0.040159,0,0.838445,0.041043,44.816622,39.954865,0.071897,0,0.834292
2079,9-Jun-00,24:00:00,61.510369,0.048076,21.431906,21.431906,0,0,0.839043,0.045942,40.070332,39.860955,0,0,0.835294
2080,10-Jun-00,24:00:00,61.078554,0.057646,21.29963,21.29963,0,0,0.836445,0.048305,39.778357,39.778357,0,0,0.833263
2081,11-Jun-00,24:00:00,60.889361,0.052515,21.183077,21.183077,0,0,0.829177,0.046183,39.705785,39.705785,0,0,0.827211
2082,12-Jun-00,24:00:00,60.723005,0.063268,21.080467,21.080467,0,0,0.821177,0.050687,39.642102,39.642102,0,0,0.820336
2083,13-Jun-00,24:00:00,60.576895,0.092723,20.990218,20.990218,0,0,0.810017,0.073767,39.586295,39.586295,0,0,0.811508
2084,14-Jun-00,24:00:00,60.44873,0.079548,20.910929,20.910929,0,0,0.797351,0.071748,39.537467,39.537467,0,0,0.801046
2085,15-Jun-00,24:00:00,60.33647,0.063595,20.841357,20.841357,0,0,0.787091,0.070679,39.494822,39.494822,0,0,0.790814
2086,16-Jun-00,24:00:00,60.238305,0.050097,20.780398,20.780398,0,0,0.779041,0.071227,39.457653,39.457653,0,0,0.780703
2087,17-Jun-00,24:00:00,60.152628,0.027293,20.727073,20.727073,0,0,0.773604,0.056564,39.425334,39.425334,0,0,0.771581
2088,18-Jun-00,24:00:00,60.078014,0.026923,20.680516,20.680516,0,0,0.769722,0.04724,39.397307,39.397307,0,0,0.764343
2089,19-Jun-00,24:00:00,60.013199,0.052814,20.639954,20.639954,0,0,0.764086,0.062337,39.373079,39.373079,0,0,0.756302
2090,20-Jun-00,24:00:00,59.957059,0.0592,20.604706,20.604706,0,0,0.756,0.070746,39.352211,39.352211,0,0,0.74686
2091,21-Jun-00,24:00:00,59.908598,0.055658,20.574164,20.574164,0,0,0.747828,0.067391,39.334313,39.334313,0,0,0.736938
2092,22-Jun-00,24:00:00,59.866934,0.045116,20.54779,20.54779,0,0,0.740687,0.066163,39.31904,39.31904,0,0,0.727357
2093,23-Jun-00,24:00:00,59.83128,0.043325,20.525108,20.525108,0,0,0.734348,0.063418,39.306085,39.306085,0,0,0.71824
2094,24-Jun-00,24:00:00,59.80094,0.042234,20.505693,20.505693,0,0,0.72825,0.061837,39.295174,39.295174,0,0,0.709222
2095,25-Jun-00,24:00:00,59.775297,0.047991,20.48917,20.48917,0,0,0.721834,0.067818,39.286066,39.286066,0,0,0.700035
2096,26-Jun-00,24:00:00,59.7538,0.052137,20.475204,20.475204,0,0,0.714683,0.069201,39.278545,39.278545,0,0,0.690242
2097,27-Jun-00,24:00:00,59.735962,0.052167,20.463501,20.463501,0,0,0.707221,0.069805,39.272421,39.272421,0,0,0.680273
2098,28-Jun-00,24:00:00,59.721351,0.046752,20.453797,20.453797,0,0,0.700157,0.068836,39.267522,39.267522,0,0,0.670387
2099,29-Jun-00,24:00:00,59.709581,0.03605,20.445858,20.445858,0,0,0.694243,0.070692,39.263699,39.263699,0,0,0.660599
2100,30-Jun-00,24:00:00,59.700312,0.046216,20.439479,20.439479,0,0,0.688337,0.067451,39.260816,39.260816,0,0,0.650669
2101,1-Jul-00,24:00:00,59.69324,0.051963,20.434473,20.434473,0,0,0.68139,0.063704,39.258754,39.258754,0,0,0.6412
2102,2-Jul-00,24:00:00,59.688094,0.046438,20.43068,20.43068,0,0,0.674292,0.05612,39.257407,39.257407,0,0,0.632599
2103,3-Jul-00,24:00:00,59.684636,0.050647,20.427953,20.427953,0,0,0.667425,0.05034,39.256679,39.256679,0,0,0.625049
2104,4-Jul-00,24:00:00,59.682651,0.056412,20.426163,20.426163,0,0,0.659661,0.054696,39.256488,39.256488,0,0,0.617499
2105,5-Jul-00,24:00:00,59.681952,0.049034,20.425197,20.425197,0,0,0.652127,0.049341,39.256758,39.256758,0,0,0.60999
2106,6-Jul-00,24:00:00,59.682368,0.049582,20.424953,20.424953,0,0,0.645024,0.043468,39.257421,39.257421,0,0,0.603348
2107,7-Jul-00,24:00:00,59.683751,0.040731,20.42534,20.42534,0,0,0.638647,0.045047,39.258419,39.258419,0,0,0.5971
2108,8-Jul-00,24:00:00,59.685966,0.041054,20.426278,20.426278,0,0,0.632897,0.055587,39.259698,39.259698,0,0,0.589865
2109,9-Jul-00,24:00:00,59.688894,0.053889,20.427695,20.427695,0,0,0.626044,0.063742,39.261211,39.261211,0,0,0.581347
2110,10-Jul-00,24:00:00,59.692431,0.04377,20.429529,20.429529,0,0,0.619062,0.062901,39.262915,39.262915,0,0,0.572429
2111,11-Jul-00,24:00:00,59.696481,0.042626,20.431723,20.431723,0,0,0.612926,0.066128,39.264772,39.264772,0,0,0.56311
2112,12-Jul-00,24:00:00,59.70096,0.029943,20.434226,20.434226,0,0,0.60776,0.054503,39.266749,39.266749,0,0,0.554583
2113,13-Jul-00,24:00:00,59.705794,0.03932,20.436994,20.436994,0,0,0.602858,0.047872,39.268815,39.268815,0,0,0.547305
2114,14-Jul-00,24:00:00,59.710915,0.050861,20.439987,20.439987,0,0,0.596419,0.060397,39.270944,39.270944,0,0,0.539465
2115,15-Jul-00,24:00:00,59.716263,0.043097,20.44317,20.44317,0,0,0.589647,0.062582,39.27311,39.27311,0,0,0.530753
2116,16-Jul-00,24:00:00,59.721786,0.032458,20.44651,20.44651,0,0,0.584227,0.038176,39.275291,39.275291,0,0,0.523323
2117,17-Jul-00,24:00:00,59.727435,0.03116,20.449981,20.449981,0,0,0.579751,0.043186,39.27747,39.27747,0,0,0.517696
2118,18-Jul-00,24:00:00,59.733167,0.057837,20.453556,20.453556,0,0,0.573405,0.05692,39.279626,39.279626,0,0,0.51064
2119,19-Jul-00,24:00:00,59.738944,0.060318,20.457214,20.457214,0,0,0.564886,0.062633,39.281746,39.281746,0,0,0.502197
2120,20-Jul-00,24:00:00,59.744732,0.05147,20.460934,20.460934,0,0,0.556937,0.067326,39.283814,39.283814,0,0,0.492785
2121,21-Jul-00,24:00:00,59.7505,0.047629,20.464698,20.464698,0,0,0.549933,0.065332,39.285817,39.285817,0,0,0.483277
2122,22-Jul-00,24:00:00,59.75622,0.051858,20.468491,20.468491,0,0,0.542868,0.065409,39.287743,39.287743,0,0,0.474055
2123,23-Jul-00,24:00:00,59.761867,0.062182,20.472297,20.472297,0,0,0.534603,0.065231,39.289583,39.289583,0,0,0.464605
2124,24-Jul-00,24:00:00,59.767419,0.061641,20.476105,20.476105,0,0,0.525702,0.067766,39.291326,39.291326,0,0,0.455172
2125,25-Jul-00,24:00:00,59.772855,0.061966,20.479903,20.479903,0,0,0.517009,0.074226,39.292964,39.292964,0,0,0.445299
2126,26-Jul-00,24:00:00,59.778158,0.059673,20.48368,20.48368,0,0,0.508174,0.064521,39.294488,39.294488,0,0,0.434968
2127,27-Jul-00,24:00:00,59.78331,0.054137,20.487428,20.487428,0,0,0.500119,0.063665,39.295892,39.295892,0,0,0.425953
2128,28-Jul-00,24:00:00,59.788296,0.060535,20.491137,20.491137,0,0,0.491935,0.064373,39.297168,39.297168,0,0,0.416772
2129,29-Jul-00,24:00:00,59.793103,0.056546,20.494801,20.494801,0,0,0.483479,0.065952,39.29831,39.29831,0,0,0.407448
2130,30-Jul-00,24:00:00,59.797719,0.052583,20.498412,20.498412,0,0,0.475825,0.051685,39.299314,39.299314,0,0,0.399002
2131,31-Jul-00,24:00:00,59.802132,0.063115,20.501965,20.501965,0,0,0.467521,0.071971,39.300173,39.300173,0,0,0.390276
2132,1-Aug-00,24:00:00,59.806332,0.063987,20.505453,20.505453,0,0,0.458367,0.061593,39.300883,39.300883,0,0,0.380521
2133,2-Aug-00,24:00:00,59.810309,0.06173,20.508873,20.508873,0,0,0.449385,0.069376,39.301439,39.301439,0,0,0.371338
2134,3-Aug-00,24:00:00,59.814055,0.049605,20.512219,20.512219,0,0,0.441305,0.064666,39.301838,39.301838,0,0,0.361789
2135,4-Aug-00,24:00:00,59.817561,0.044973,20.515487,20.515487,0,0,0.434757,0.059763,39.302076,39.302076,0,0,0.352871
2136,5-Aug-00,24:00:00,59.820821,0.052166,20.518673,20.518673,0,0,0.427833,0.064135,39.302148,39.302148,0,0,0.344097
2137,6-Aug-00,24:00:00,59.823828,0.05091,20.521775,20.521775,0,0,0.420481,0.061775,39.302052,39.302052,0,0,0.335055
2138,7-Aug-00,24:00:00,59.826576,0.038972,20.524789,20.524789,0,0,0.413987,0.056325,39.301785,39.301785,0,0,0.326602
2139,8-Aug-00,24:00:00,59.829058,0.035346,20.527711,20.527711,0,0,0.408763,0.048882,39.301343,39.301343,0,0,0.319095
2140,9-Aug-00,24:00:00,59.83127,0.040419,20.53054,20.53054,0,0,0.403306,0.045724,39.300724,39.300724,0,0,0.312285
2141,10-Aug-00,24:00:00,59.833205,0.035473,20.533273,20.533273,0,0,0.397912,0.047349,39.299926,39.299926,0,0,0.305638
2142,11-Aug-00,24:00:00,59.834861,0.059988,20.535908,20.535908,0,0,0.391076,0.058839,39.298945,39.298945,0,0,0.298002
2143,12-Aug-00,24:00:00,59.836232,0.060177,20.538442,20.538442,0,0,0.38242,0.062288,39.29778,39.29778,0,0,0.289454
2144,13-Aug-00,24:00:00,59.837314,0.058913,20.540874,20.540874,0,0,0.37395,0.064062,39.296429,39.296429,0,0,0.280461
2145,14-Aug-00,24:00:00,59.838103,0.061118,20.543202,20.543202,0,0,0.365401,0.062041,39.294889,39.294889,0,0,0.271416
2146,15-Aug-00,24:00:00,59.838596,0.058455,20.545425,20.545425,0,0,0.356837,0.05968,39.293158,39.293158,0,0,0.262667
2147,16-Aug-00,24:00:00,59.83879,0.061564,20.54754,20.54754,0,0,0.34829,0.062439,39.291235,39.291235,0,0,0.254009
2148,17-Aug-00,24:00:00,59.83868,0.063075,20.549547,20.549547,0,0,0.339442,0.067453,39.289117,39.289117,0,0,0.244917
2149,18-Aug-00,24:00:00,59.838265,0.060381,20.551443,20.551443,0,0,0.330604,0.057873,39.286804,39.286804,0,0,0.235706
2150,19-Aug-00,24:00:00,59.83754,0.053377,20.553229,20.553229,0,0,0.32237,0.057823,39.284292,39.284292,0,0,0.227432
2151,20-Aug-00,24:00:00,59.836504,0.054113,20.554902,20.554902,0,0,0.314704,0.054039,39.281582,39.281582,0,0,0.219396
2152,21-Aug-00,24:00:00,59.835154,0.052711,20.556461,20.556461,0,0,0.307016,0.054788,39.278671,39.278671,0,0,0.211626
2153,22-Aug-00,24:00:00,59.833487,0.037559,20.557906,20.557906,0,0,0.300587,0.055337,39.275558,39.275558,0,0,0.203808
2154,23-Aug-00,24:00:00,59.831501,0.030684,20.559235,20.559235,0,0,0.295768,0.042704,39.272241,39.272241,0,0,0.196778
2155,24-Aug-00,24:00:00,59.829193,0.052276,20.560448,20.560448,0,0,0.289873,0.052352,39.268719,39.268719,0,0,0.189945
2156,25-Aug-00,24:00:00,59.826562,0.056984,20.561543,20.561543,0,0,0.282043,0.058077,39.264991,39.264991,0,0,0.182189
2157,26-Aug-00,24:00:00,59.823606,0.044395,20.56252,20.56252,0,0,0.274782,0.051278,39.261056,39.261056,0,0,0.174324
2158,27-Aug-00,24:00:00,59.820321,0.03995,20.563378,20.563378,0,0,0.268788,0.054601,39.256912,39.256912,0,0,0.16674
2159,28-Aug-00,24:00:00,59.816707,0.039117,20.564116,20.564116,0,0,0.263085,0.054333,39.252559,39.252559,0,0,0.15895
2160,29-Aug-00,24:00:00,59.812762,0.022827,20.564734,20.564734,0,0,0.258614,0.029283,39.247994,39.247994,0,0,0.152844
2161,30-Aug-00,24:00:00,59.808484,0.029203,20.56523,20.56523,0,0,0.254841,0.024884,39.243218,39.243218,0,0,0.148994
2162,31-Aug-00,24:00:00,59.80387,0.031115,20.565604,20.565604,0,0,0.250583,0.035225,39.238229,39.238229,0,0,0.144718
2163,1-Sep-00,24:00:00,69.295444,0.01617,21.477278,20.565856,0.026765,0,0.250884,0.023105,47.847159,39.233026,0.134382,0,0.155976
2164,2-Sep-00,24:00:00,60.68696,0.029089,20.565985,20.565985,0,0,0.252079,0.034266,40.091853,39.227608,0,0,0.161294
2165,3-Sep-00,24:00:00,59.788006,0.0437,20.56599,20.56599,0,0,0.252079,0.040839,39.221975,39.221975,0,0,0.161294
2166,4-Sep-00,24:00:00,59.782038,0.044133,20.56587,20.56587,0,0,0.250089,0.040457,39.216124,39.216124,0,0,0.158816
2167,5-Sep-00,24:00:00,59.775728,0.047392,20.565626,20.565626,0,0,0.244168,0.042072,39.210057,39.210057,0,0,0.152987
2168,6-Sep-00,24:00:00,59.769074,0.054971,20.565256,20.565256,0,0,0.236888,0.049447,39.203771,39.203771,0,0,0.146469
2169,7-Sep-00,24:00:00,59.762075,0.056053,20.564761,20.564761,0,0,0.229063,0.046307,39.197266,39.197266,0,0,0.139614
2170,8-Sep-00,24:00:00,59.75473,0.047719,20.564139,20.564139,0,0,0.221522,0.051992,39.190541,39.190541,0,0,0.132715
2171,9-Sep-00,24:00:00,59.747038,0.044854,20.563391,20.563391,0,0,0.214892,0.047672,39.183596,39.183596,0,0,0.125572
2172,10-Sep-00,24:00:00,59.738998,0.039114,20.562515,20.562515,0,0,0.208942,0.0454,39.17643,39.17643,0,0,0.118842
2173,11-Sep-00,24:00:00,59.730608,0.044131,20.561512,20.561512,0,0,0.203085,0.050605,39.169041,39.169041,0,0,0.112039
2174,12-Sep-00,24:00:00,59.721867,0.04738,20.56038,20.56038,0,0,0.196454,0.049055,39.16143,39.16143,0,0,0.104955
2175,13-Sep-00,24:00:00,59.712776,0.047417,20.559121,20.559121,0,0,0.189693,0.039108,39.153596,39.153596,0,0,0.098586
2176,14-Sep-00,24:00:00,59.703331,0.037765,20.557733,20.557733,0,0,0.183589,0.036433,39.145539,39.145539,0,0,0.093177
2177,15-Sep-00,24:00:00,59.693534,0.038076,20.556215,20.556215,0,0,0.178212,0.040004,39.137257,39.137257,0,0,0.087683
2178,16-Sep-00,24:00:00,59.683382,0.038999,20.554569,20.554569,0,0,0.172733,0.045679,39.12875,39.12875,0,0,0.081624
2179,17-Sep-00,24:00:00,59.672875,0.049596,20.552793,20.552793,0,0,0.166347,0.044864,39.120018,39.120018,0,0,0.075053
2180,18-Sep-00,24:00:00,59.662013,0.053048,20.550886,20.550886,0,0,0.159061,0.048106,39.11106,39.11106,0,0,0.068446
2181,19-Sep-00,24:00:00,59.650794,0.052722,20.54885,20.54885,0,0,0.151528,0.049789,39.101876,39.101876,0,0,0.061507
2182,20-Sep-00,24:00:00,59.639218,0.043736,20.546683,20.546683,0,0,0.144432,0.050212,39.092465,39.092465,0,0,0.054494
2183,21-Sep-00,24:00:00,59.627284,0.009813,20.544385,20.544385,0,0,0.140667,0.02552,39.082827,39.082827,0,0,0.048922
2184,22-Sep-00,24:00:00,59.614991,0.019043,20.541956,20.541956,0,0,0.138631,0.025648,39.072962,39.072962,0,0,0.045202
2185,23-Sep-00,24:00:00,59.60234,0.039249,20.539396,20.539396,0,0,0.134448,0.037679,39.062868,39.062868,0,0,0.040694
2186,24-Sep-00,24:00:00,59.589328,0.036683,20.536705,20.536705,0,0,0.129072,0.035727,39.052547,39.052547,0,0,0.035489
2187,25-Sep-00,24:00:00,59.575957,0.041834,20.533882,20.533882,0,0,0.123465,0.041862,39.041997,39.041997,0,0,0.029976
2188,26-Sep-00,24:00:00,59.562225,0.039702,20.530927,20.530927,0,0,0.117839,0.045861,39.031218,39.031218,0,0,0.023841
2189,27-Sep-00,24:00:00,59.548132,0.026275,20.527841,20.527841,0,0,0.112911,0.035569,39.02021,39.02021,0,0,0.017871
2190,28-Sep-00,24:00:00,59.533678,0.025239,20.524622,20.524622,0,0,0.109183,0.031789,39.008973,39.008973,0,0,0.013133
2191,29-Sep-00,24:00:00,59.518861,0.034471,20.521271,20.521271,0,0,0.104999,0.042785,38.997506,38.997506,0,0,0.007798
2192,30-Sep-00,24:00:00,59.503683,0.040329,20.517787,20.517787,0,0,0.099633,0.034948,38.985809,38.985809,0,0,0.002257
2193,1-Oct-00,24:00:00,59.488142,0.039233,20.514171,20.514171,0,0,0.093855,0.044806,38.973883,38.973883,0,0,0
2194,2-Oct-00,24:00:00,59.472238,0.033143,20.510422,20.510422,0,0,0.088813,0.039864,38.961726,38.961726,0,0,0
2195,3-Oct-00,24:00:00,59.455971,0.027684,20.506541,20.506541,0,0,0.084432,0.035855,38.949339,38.949339,0,0,0
2196,4-Oct-00,24:00:00,59.439341,0.024174,20.502526,20.502526,0,0,0.080734,0.031793,38.936721,38.936721,0,0,0
2197,5-Oct-00,24:00:00,59.422347,0.023629,20.498379,20.498379,0,0,0.077346,0.034401,38.923873,38.923873,0,0,0
2198,6-Oct-00,24:00:00,59.404989,0.023745,20.494099,20.494099,0,0,0.073922,0.039628,38.910794,38.910794,0,0,0
2199,7-Oct-00,24:00:00,59.387268,0.01586,20.489686,20.489686,0,0,0.071094,0.028035,38.897484,38.897484,0,0,0
2200,8-Oct-00,24:00:00,59.369183,0.028398,20.485139,20.485139,0,0,0.067938,0.035356,38.883944,38.883944,0,0,0
2201,9-Oct-00,24:00:00,59.350734,0.017231,20.48046,20.48046,0,0,0.06464,0.020293,38.870172,38.870172,0,0,0
2202,10-Oct-00,24:00:00,59.331921,0.014791,20.475647,20.475647,0,0,0.062287,0.019529,38.85617,38.85617,0,0,0
2203,11-Oct-00,24:00:00,59.312743,0.014116,20.470701,20.470701,0,0,0.060233,0.015965,38.841937,38.841937,0,0,0
2204,12-Oct-00,24:00:00,59.293202,0.02342,20.465622,20.465622,0,0,0.057576,0.018081,38.827473,38.827473,0,0,0
2205,13-Oct-00,24:00:00,59.273297,0.029423,20.46041,20.46041,0,0,0.053792,0.02948,38.812778,38.812778,0,0,0
2206,14-Oct-00,24:00:00,59.253028,0.029576,20.455065,20.455065,0,0,0.049577,0.028336,38.797853,38.797853,0,0,0
2207,15-Oct-00,24:00:00,59.232395,0.024613,20.449586,20.449586,0,0,0.045794,0.025766,38.782696,38.782696,0,0,0
2208,16-Oct-00,24:00:00,59.211398,0.03096,20.443975,20.443975,0,0,0.041777,0.029963,38.767309,38.767309,0,0,0
2209,17-Oct-00,24:00:00,59.190037,0.029668,20.43823,20.43823,0,0,0.03741,0.023928,38.751692,38.751692,0,0,0
2210,18-Oct-00,24:00:00,59.168313,0.027082,20.432353,20.432353,0,0,0.033364,0.025087,38.735844,38.735844,0,0,0
2211,19-Oct-00,24:00:00,59.146226,0.023058,20.426342,20.426342,0,0,0.029864,0.02832,38.719765,38.719765,0,0,0
2212,20-Oct-00,24:00:00,59.123776,0.01636,20.420199,20.420199,0,0,0.027072,0.013021,38.703457,38.703457,0,0,0
2213,21-Oct-00,24:00:00,59.100963,0.045399,20.413923,20.413923,0,0,0.022891,0.032288,38.686918,38.686918,0,0,0
2214,22-Oct-00,24:00:00,59.077787,0.068912,20.407514,20.407514,0,0,0.014576,0.040125,38.67015,38.67015,0,0,0
2215,23-Oct-00,24:00:00,59.05425,0.038109,20.400972,20.400972,0,0,0.006423,0.025841,38.653152,38.653152,0,0,0
2216,24-Oct-00,24:00:00,59.03035,0.028835,20.394298,20.394298,0,0,0.00204,0.032981,38.635924,38.635924,0,0,0
2217,25-Oct-00,24:00:00,108.085216,0.006287,44.27482,20.387492,0.907283,0,0.045648,0.00955,64.322821,38.618468,0.783476,0,0.035083
2218,26-Oct-00,24:00:00,151.153229,0.011069,53.637187,20.380553,0.889904,0,0.20294,0.010783,97.241924,38.600782,0.633451,0,0.157472
2219,27-Oct-00,24:00:00,88.417746,0.020386,28.264631,20.373483,0.112655,0,0.268827,0.01351,59.939712,38.582868,0.091236,0,0.212493
2220,28-Oct-00,24:00:00,129.90801,0.004222,47.669979,20.36628,0.833354,0,0.339918,0.006056,82.484256,38.564725,0.789916,0,0.278539
2221,29-Oct-00,24:00:00,120.463726,0.01664,40.017844,20.358945,0.619031,0,0.440714,0.012136,80.429366,38.546353,0.645413,0,0.370602
2222,30-Oct-00,24:00:00,80.849453,0.013614,24.983777,20.351479,0.065546,0,0.483699,0.009108,55.646587,38.527754,0.029148,0,0.421974
2223,31-Oct-00,24:00:00,60.024561,0.022065,20.438542,20.343881,0,0,0.489682,0.015873,39.550067,38.508928,0,0,0.424663
2224,1-Nov-00,24:00:00,58.831992,0.018954,20.336152,20.336152,0,0,0.489682,0.014554,38.495205,38.489874,0,0,0.424663
2225,2-Nov-00,24:00:00,58.799026,0.021647,20.328291,20.328291,0,0,0.489682,0.021285,38.470593,38.470593,0,0,0.424663
2226,3-Nov-00,24:00:00,58.771528,0.037874,20.3203,20.3203,0,0,0.489631,0.01924,38.451085,38.451085,0,0,0.424663
2227,4-Nov-00,24:00:00,58.743674,0.014464,20.312177,20.312177,0,0,0.48845,0.016626,38.431351,38.431351,0,0,0.424663
2228,5-Nov-00,24:00:00,58.715463,0.017683,20.303924,20.303924,0,0,0.486401,0.018797,38.411391,38.411391,0,0,0.424369
2229,6-Nov-00,24:00:00,58.686896,0.025571,20.295541,20.295541,0,0,0.483205,0.020236,38.391206,38.391206,0,0,0.422311
2230,7-Nov-00,24:00:00,58.657973,0.020886,20.287027,20.287027,0,0,0.479659,0.016513,38.370796,38.370796,0,0,0.419648
2231,8-Nov-00,24:00:00,58.628696,0.025943,20.278384,20.278384,0,0,0.476685,0.020486,38.350161,38.350161,0,0,0.417263
2232,9-Nov-00,24:00:00,58.599065,0.016356,20.26961,20.26961,0,0,0.473366,0.014964,38.329301,38.329301,0,0,0.414576
2233,10-Nov-00,24:00:00,58.56908,0.014551,20.260707,20.260707,0,0,0.471178,0.011427,38.308218,38.308218,0,0,0.412591
2234,11-Nov-00,24:00:00,58.538743,0.014411,20.251675,20.251675,0,0,0.469132,0.010782,38.286911,38.286911,0,0,0.411033
2235,12-Nov-00,24:00:00,58.508053,0.018272,20.242514,20.242514,0,0,0.466829,0.013596,38.265381,38.265381,0,0,0.409298
2236,13-Nov-00,24:00:00,58.477013,0.004763,20.233224,20.233224,0,0,0.465152,0.0031,38.243629,38.243629,0,0,0.408225
2237,14-Nov-00,24:00:00,58.445621,0.007621,20.223805,20.223805,0,0,0.464282,0.007347,38.221655,38.221655,0,0,0.408151
2238,15-Nov-00,24:00:00,58.41388,0.009449,20.214258,20.214258,0,0,0.463031,0.005736,38.199459,38.199459,0,0,0.408151
2239,16-Nov-00,24:00:00,58.38179,0.0158,20.204583,20.204583,0,0,0.462385,0.009829,38.177042,38.177042,0,0,0.408151
2240,17-Nov-00,24:00:00,58.349351,0.014689,20.19478,20.19478,0,0,0.462385,0.011651,38.154404,38.154404,0,0,0.408151
2241,18-Nov-00,24:00:00,58.316565,0.013365,20.18485,20.18485,0,0,0.462377,0.010585,38.131547,38.131547,0,0,0.408151
2242,19-Nov-00,24:00:00,58.283432,0.01317,20.174793,20.174793,0,0,0.461411,0.008644,38.10847,38.10847,0,0,0.408096
2243,20-Nov-00,24:00:00,58.249953,0.015107,20.164608,20.164608,0,0,0.459406,0.01321,38.085174,38.085174,0,0,0.407156
2244,21-Nov-00,24:00:00,58.21613,0.003349,20.154297,20.154297,0,0,0.458093,0.005881,38.061659,38.061659,0,0,0.405707
2245,22-Nov-00,24:00:00,58.181962,0.012913,20.14386,20.14386,0,0,0.456904,0.010715,38.037927,38.037927,0,0,0.404495
2246,23-Nov-00,24:00:00,58.14745,0.004597,20.133297,20.133297,0,0,0.455679,0.007464,38.013977,38.013977,0,0,0.403202
2247,24-Nov-00,24:00:00,58.112597,0.006555,20.122608,20.122608,0,0,0.454876,0.010347,37.989811,37.989811,0,0,0.401932
2248,25-Nov-00,24:00:00,58.077402,0.008944,20.111794,20.111794,0,0,0.453781,0.007345,37.965428,37.965428,0,0,0.400668
2249,26-Nov-00,24:00:00,58.041866,0.008355,20.100855,20.100855,0,0,0.452561,0.011358,37.94083,37.94083,0,0,0.399351
2250,27-Nov-00,24:00:00,58.005991,0.004777,20.089791,20.089791,0,0,0.451614,0.003503,37.916017,37.916017,0,0,0.398283
2251,28-Nov-00,24:00:00,57.969777,0.006006,20.078603,20.078603,0,0,0.450835,0.013061,37.890989,37.890989,0,0,0.397102
2252,29-Nov-00,24:00:00,109.698752,0.011469,33.141777,20.067291,0.383949,0,0.492249,0.011526,76.660069,37.865748,0.592998,0,0.462151
2253,30-Nov-00,24:00:00,81.814743,0.0084,27.597129,20.055855,0.221459,0,0.528017,0.007561,54.159188,37.840294,0.207396,0,0.5022
2254,1-Dec-00,24:00:00,59.245444,0.010187,20.044296,20.044296,0,0,0.536882,0.008309,39.155835,37.814627,0,0,0.510509
2255,2-Dec-00,24:00:00,57.821553,0.012136,20.032614,20.032614,0,0,0.536882,0.011232,37.788748,37.788748,0,0,0.510509
2256,3-Dec-00,24:00:00,57.78366,0.00515,20.020809,20.020809,0,0,0.536882,0.009061,37.762659,37.762659,0,0,0.510509
2257,4-Dec-00,24:00:00,57.745434,0.009909,20.008882,20.008882,0,0,0.536882,0.008221,37.736359,37.736359,0,0,0.510509
2258,5-Dec-00,24:00:00,57.706877,0.008968,19.996834,19.996834,0,0,0.536882,0.011516,37.709848,37.709848,0,0,0.510509
2259,6-Dec-00,24:00:00,57.667989,0.00733,19.984663,19.984663,0,0,0.536882,0.007662,37.683129,37.683129,0,0,0.510509
2260,7-Dec-00,24:00:00,57.628771,0.009614,19.972372,19.972372,0,0,0.536882,0.006928,37.656202,37.656202,0,0,0.510509
2261,8-Dec-00,24:00:00,57.589225,0.007748,19.95996,19.95996,0,0,0.536882,0.011319,37.629066,37.629066,0,0,0.510509
2262,9-Dec-00,24:00:00,57.549352,0.004249,19.947427,19.947427,0,0,0.536882,0.00449,37.601724,37.601724,0,0,0.510509
2263,10-Dec-00,24:00:00,57.509152,0.007494,19.934775,19.934775,0,0,0.536882,0.010016,37.574175,37.574175,0,0,0.510509
2264,11-Dec-00,24:00:00,67.860758,0.005068,25.520839,19.922003,0.180735,0,0.544451,0.004249,42.507565,37.54642,0.145527,0,0.516708
2265,12-Dec-00,24:00:00,63.405298,0.007899,20.464765,19.909112,0,0,0.562701,0.008973,42.775511,37.518461,0,0,0.531289
2266,13-Dec-00,24:00:00,65.185711,0.002848,24.233638,19.896102,0.257799,0,0.56867,0.003328,41.096834,37.490297,0.298077,0,0.537609
2267,14-Dec-00,24:00:00,89.179979,0.003771,28.617878,19.882973,0.128735,0,0.610188,0.00377,60.494044,37.46193,0.112601,0,0.582857
2268,15-Dec-00,24:00:00,59.837894,0.016045,19.959784,19.869727,0,0,0.617921,0.012339,39.798762,37.43336,0,0,0.589957
2269,16-Dec-00,24:00:00,57.271081,0.015306,19.856363,19.856363,0,0,0.617921,0.010596,37.413324,37.404588,0,0,0.589957
2270,17-Dec-00,24:00:00,57.21871,0.024054,19.842882,19.842882,0,0,0.617921,0.009788,37.375615,37.375615,0,0,0.589957
2271,18-Dec-00,24:00:00,57.17594,0.010772,19.829285,19.829285,0,0,0.617921,0.009968,37.346441,37.346441,0,0,0.589957
2272,19-Dec-00,24:00:00,57.132854,0.006671,19.815571,19.815571,0,0,0.617921,0.008507,37.317068,37.317068,0,0,0.589957
2273,20-Dec-00,24:00:00,57.089454,0.009991,19.801741,19.801741,0,0,0.617921,0.006979,37.287495,37.287495,0,0,0.589957
2274,21-Dec-00,24:00:00,57.045739,0.002786,19.787796,19.787796,0,0,0.617921,0.004261,37.257725,37.257725,0,0,0.589957
2275,22-Dec-00,24:00:00,57.001713,0.005149,19.773736,19.773736,0,0,0.617921,0.006455,37.227757,37.227757,0,0,0.589957
2276,23-Dec-00,24:00:00,56.957375,0.006736,19.759561,19.759561,0,0,0.617921,0.00515,37.197593,37.197593,0,0,0.589957
2277,24-Dec-00,24:00:00,56.912728,0.012162,19.745272,19.745272,0,0,0.617314,0.006618,37.167233,37.167233,0,0,0.589957
2278,25-Dec-00,24:00:00,56.867772,0.007205,19.73087,19.73087,0,0,0.616028,0.006446,37.136677,37.136677,0,0,0.589957
2279,26-Dec-00,24:00:00,56.822508,0.010671,19.716354,19.716354,0,0,0.614737,0.009671,37.105928,37.105928,0,0,0.589957
2280,27-Dec-00,24:00:00,56.776938,0.01119,19.701725,19.701725,0,0,0.613163,0.007163,37.074985,37.074985,0,0,0.589707
2281,28-Dec-00,24:00:00,56.731063,0.01066,19.686985,19.686985,0,0,0.611605,0.010393,37.04385,37.04385,0,0,0.588643
2282,29-Dec-00,24:00:00,56.684885,0.00881,19.672132,19.672132,0,0,0.610229,0.006169,37.012523,37.012523,0,0,0.587465
2283,30-Dec-00,24:00:00,56.638405,0.01183,19.657168,19.657168,0,0,0.608762,0.010468,36.981005,36.981005,0,0,0.586262
2284,31-Dec-00,24:00:00,56.591623,0.008644,19.642093,19.642093,0,0,0.607311,0.008695,36.949297,36.949297,0,0,0.584939
2285,1-Jan-01,24:00:00,56.544542,0.010747,19.626907,19.626907,0,0,0.605919,0.010887,36.9174,36.9174,0,0,0.583519
2286,2-Jan-01,24:00:00,56.497162,0.011931,19.611612,19.611612,0,0,0.604312,0.010214,36.885314,36.885314,0,0,0.582015
2287,3-Jan-01,24:00:00,56.449485,0.009347,19.596207,19.596207,0,0,0.602781,0.008917,36.853041,36.853041,0,0,0.580671
2288,4-Jan-01,24:00:00,56.401512,0.012656,19.580693,19.580693,0,0,0.60121,0.012202,36.820581,36.820581,0,0,0.579126
2289,5-Jan-01,24:00:00,56.353245,0.011882,19.56507,19.56507,0,0,0.599443,0.010889,36.787935,36.787935,0,0,0.577473
2290,6-Jan-01,24:00:00,56.304685,0.012057,19.549339,19.549339,0,0,0.597738,0.007982,36.755105,36.755105,0,0,0.576155
2291,7-Jan-01,24:00:00,56.281066,0.006748,19.5335,19.5335,0,0,0.596392,0.008833,36.752702,36.72209,0.116691,0,0.575412
2292,8-Jan-01,24:00:00,133.307065,0.01093,43.326114,19.517555,0.69966,0,0.667447,0.010143,90.091508,36.688891,0.688562,0,0.673477
2293,9-Jan-01,24:00:00,79.837544,0.00328,25.338187,19.501502,0.192397,0,0.703838,0.002683,54.873076,36.655511,0.455619,0,0.708464
2294,10-Jan-01,24:00:00,182.090262,0.005494,63.790195,19.485344,1.650489,0,0.811956,0.00466,118.792352,36.621948,1.50496,0,0.843464
2295,11-Jan-01,24:00:00,536.337699,0.005879,249.767367,204.677318,1.232181,0.94603,0.984455,0.005328,291.563191,205.837176,0.962237,0.748211,0.988789
2296,12-Jan-01,24:00:00,1151.65,0.013827,513.385731,490.987919,0.378785,0.378785,1,0.008457,634.286623,609.413468,0.023672,0.023672,1
2297,13-Jan-01,24:00:00,249.171818,0.007999,78.397692,78.397692,0,0,1,0.009029,169.333383,169.131025,0,0,1
2298,14-Jan-01,24:00:00,170.235785,0.013041,70.444856,70.444856,0,0,1,0.010944,99.657714,99.657714,0,0,1
2299,15-Jan-01,24:00:00,154.450877,0.021762,64.658167,64.658167,0,0,1,0.013249,89.742833,89.742833,0,0,1
2300,16-Jan-01,24:00:00,143.150484,0.020931,59.524088,59.524088,0,0,1,0.011581,83.584751,83.584751,0,0,1
2301,17-Jan-01,24:00:00,133.219025,0.015055,54.968613,54.968613,0,0,1,0.009587,78.213527,78.213527,0,0,1
2302,18-Jan-01,24:00:00,124.407527,0.012502,50.926307,50.926307,0,0,0.999741,0.007104,73.448476,73.448476,0,0,1
2303,19-Jan-01,24:00:00,116.586474,0.013079,47.339131,47.339131,0,0,0.998445,0.012485,69.218265,69.218265,0,0,1
2304,20-Jan-01,24:00:00,109.643763,0.00887,44.155611,44.155611,0,0,0.996845,0.011665,65.462326,65.462326,0,0,1
2305,21-Jan-01,24:00:00,103.480046,0.009866,41.330095,41.330095,0,0,0.995508,0.006319,62.127009,62.127009,0,0,0.999978
2306,22-Jan-01,24:00:00,98.007211,0.014623,38.822091,38.822091,0,0,0.993838,0.018004,59.164736,59.164736,0,0,0.998783
2307,23-Jan-01,24:00:00,672.940571,0.002914,311.224582,278.914296,1.186833,1.13593,0.996819,0.003243,370.63852,317.208653,1.485347,1.466562,0.998946
2308,24-Jan-01,24:00:00,1810.11,0.01183,527.077421,508.694843,0.30183,0.30183,1,0.009435,1278.78,1223.03,0.071647,0.071647,1
2309,25-Jan-01,24:00:00,1727.32,0.002563,539.595738,446.099424,1.357243,1.357243,1,0.003776,1195.58,644.247386,1.256559,1.256559,1
2310,26-Jan-01,24:00:00,2259.51,0.003875,851.758513,712.392471,0.680961,0.680961,1,0.005901,1400.11,1211.56,0.172054,0.172054,1
2311,27-Jan-01,24:00:00,649.829381,0.017571,203.29629,202.100546,0,0,1,0.014438,442.966947,441.956854,0,0,1
2312,28-Jan-01,24:00:00,413.772517,0.013407,150.712093,150.712093,0,0,1,0.015095,262.645241,262.645241,0,0,1
2313,29-Jan-01,24:00:00,374.581534,0.018324,135.794271,135.794271,0,0,1,0.014462,238.681577,237.871614,0.012101,0.012101,1
2314,30-Jan-01,24:00:00,334.729554,0.015425,122.588518,122.588518,0,0,1,0.012108,211.92715,211.88357,0,0,1
2315,31-Jan-01,24:00:00,300.097449,0.017096,110.874127,110.874127,0,0,1,0.01517,189.082426,189.082426,0,0,1
2316,1-Feb-01,24:00:00,272.132722,0.016781,100.482452,100.482452,0,0,1,0.014563,171.530139,171.530139,0,0,1
2317,2-Feb-01,24:00:00,247.514423,0.009313,91.26392,91.26392,0,0,0.999502,0.007485,156.144321,156.144321,0,0,1
2318,3-Feb-01,24:00:00,225.681706,0.018531,83.085872,83.085872,0,0,0.997567,0.018963,142.501775,142.501775,0,0,1
2319,4-Feb-01,24:00:00,206.312141,0.02123,75.83065,75.83065,0,0,0.994759,0.021152,130.398138,130.398138,0,0,0.999798
2320,5-Feb-01,24:00:00,189.126945,0.020095,69.393899,69.393899,0,0,0.991817,0.022106,119.659155,119.659155,0,0,0.998008
2321,6-Feb-01,24:00:00,173.879091,0.026115,63.683068,63.683068,0,0,0.988555,0.020434,110.130504,110.130504,0,0,0.994901
2322,7-Feb-01,24:00:00,160.349497,0.027089,58.616068,58.616068,0,0,0.984741,0.020951,101.675318,101.675318,0,0,0.991911
2323,8-Feb-01,24:00:00,148.343856,0.019799,54.120093,54.120093,0,0,0.981382,0.017374,94.172208,94.172208,0,0,0.989209
2324,9-Feb-01,24:00:00,895.829775,0.007934,425.669536,390.739324,1.176157,1.035383,0.9956,0.007227,477.144082,425.610911,1.100277,1.015289,0.997557
2325,10-Feb-01,24:00:00,1168.44,0.012551,311.221206,301.07077,0.250959,0.250959,1,0.007084,853.255924,820.213764,0.245431,0.245431,1
2326,11-Feb-01,24:00:00,1148.70,0.011585,427.14726,403.504665,0.67886,0.67886,1,0.004928,723.973253,682.073276,0.751759,0.751759,1
2327,12-Feb-01,24:00:00,1449.09,0.004969,414.522767,396.253432,0.44884,0.44884,1,0.00872,1034.87,980.557901,0.504177,0.504177,1
2328,13-Feb-01,24:00:00,628.277132,0.025227,135.63046,135.62485,0,0,1,0.017904,488.442206,485.723208,0,0,1
2329,14-Feb-01,24:00:00,373.14989,0.019462,117.199928,117.199928,0,0,1,0.0193,255.421515,255.421515,0,0,1
2330,15-Feb-01,24:00:00,324.630719,0.010301,106.064757,106.064757,0,0,1,0.008302,218.388722,218.388722,0,0,1
2331,16-Feb-01,24:00:00,293.502013,0.015241,96.18804,96.18804,0,0,1,0.012525,197.170046,197.170046,0,0,1
2332,17-Feb-01,24:00:00,921.502757,0.005419,413.232315,384.280201,0.873773,0.873773,1,0.009058,515.892664,464.800411,0.987867,0.987867,1
2333,18-Feb-01,24:00:00,1110.44,0.009743,227.96314,227.160982,0,0,1,0.012707,877.146596,857.160019,0.045347,0.045347,1
2334,19-Feb-01,24:00:00,1615.93,0.007704,713.630518,660.560703,1.864536,1.864536,1,0.007925,910.577193,836.870432,1.652673,1.652673,1
2335,20-Feb-01,24:00:00,2622.79,0.010288,872.162091,835.878701,0.927384,0.927384,1,0.007925,1748.75,1666.37,0.839863,0.839863,1
2336,21-Feb-01,24:00:00,2066.32,0.016434,627.680236,601.059331,0.613812,0.613812,1,0.017594,1436.88,1375.17,0.613663,0.613663,1
2337,22-Feb-01,24:00:00,1754.04,0.012257,603.839486,570.992149,1.18219,1.18219,1,0.009346,1151.27,1100.31,1.161,1.161,1
2338,23-Feb-01,24:00:00,1759.97,0.019533,512.37271,501.392649,0.104859,0.104859,1,0.014952,1244.50,1203.49,0.109582,0.109582,1
2339,24-Feb-01,24:00:00,1511.58,0.007073,553.78583,530.101787,0.80093,0.80093,1,0.007437,959.522469,920.716217,0.740873,0.740873,1
2340,25-Feb-01,24:00:00,1307.19,0.012718,385.120466,377.359176,0.122504,0.122504,1,0.010203,918.821678,898.579602,0.091439,0.091439,1
2341,26-Feb-01,24:00:00,729.572237,0.02254,222.934798,222.934798,0,0,1,0.023872,504.898836,504.492571,0,0,1
2342,27-Feb-01,24:00:00,597.66123,0.042152,199.49185,199.49185,0,0,1,0.030584,397.753876,397.753876,0,0,1
2343,28-Feb-01,24:00:00,533.085013,0.040279,179.029577,179.029577,0,0,0.998994,0.027345,353.763485,353.763485,0,0,1
2344,1-Mar-01,24:00:00,478.702385,0.016971,160.879646,160.879646,0,0,0.996305,0.017578,317.568086,317.568086,0,0,0.999415
2345,2-Mar-01,24:00:00,430.572839,0.01198,144.780544,144.780544,0,0,0.99437,0.014465,285.56754,285.56754,0,0,0.998662
2346,3-Mar-01,24:00:00,395.057162,0.01488,132.0749,130.991514,0.114851,0.053916,0.993351,0.013871,263.256162,261.867359,0.164094,0.154724,0.998968
2347,4-Mar-01,24:00:00,4567.81,0.006054,1774.96,793.626106,1.882729,1.882729,1,0.007362,2813.67,1041.41,1.846915,1.846915,1
2348,5-Mar-01,24:00:00,2375.35,0.018634,441.039186,423.480093,0,0,1,0.014031,1916.00,1412.09,0,0,1
2349,6-Mar-01,24:00:00,657.812091,0.025092,177.357806,177.357806,0,0,1,0.029621,477.393781,476.681893,0,0,1
2350,7-Mar-01,24:00:00,489.321628,0.021985,159.250804,159.250804,0,0,1,0.034163,329.666469,329.666469,0,0,1
2351,8-Mar-01,24:00:00,435.145739,0.018758,143.326998,143.326998,0,0,1,0.02607,291.583117,291.583117,0,0,0.999791
2352,9-Mar-01,24:00:00,391.744449,0.029213,129.202471,129.202471,0,0,0.999373,0.024106,262.338375,262.338375,0,0,0.997741
2353,10-Mar-01,24:00:00,353.411115,0.033425,116.673761,116.673761,0,0,0.99559,0.028905,236.557542,236.557542,0,0,0.993938
2354,11-Mar-01,24:00:00,319.413385,0.025549,105.560431,105.560431,0,0,0.99151,0.031319,213.693956,213.693956,0,0,0.989681
2355,12-Mar-01,24:00:00,289.256237,0.032729,95.702447,95.702447,0,0,0.987318,0.032377,193.413129,193.413129,0,0,0.985096
2356,13-Mar-01,24:00:00,262.505276,0.021469,86.957871,86.957871,0,0,0.983498,0.035324,175.422913,175.422913,0,0,0.980342
2357,14-Mar-01,24:00:00,238.775356,0.02158,79.200814,79.200814,0,0,0.980447,0.034895,159.464316,159.464316,0,0,0.975334
2358,15-Mar-01,24:00:00,217.72489,0.026456,72.319624,72.319624,0,0,0.977024,0.020377,145.307637,145.307637,0,0,0.971272
2359,16-Mar-01,24:00:00,199.050921,0.031788,66.215274,66.215274,0,0,0.972756,0.033301,132.749148,132.749148,0,0,0.967557
2360,17-Mar-01,24:00:00,182.484752,0.03437,60.799933,60.799933,0,0,0.968119,0.024575,121.608156,121.608156,0,0,0.963347
2361,18-Mar-01,24:00:00,167.788069,0.037514,55.995703,55.995703,0,0,0.962909,0.039779,111.724404,111.724404,0,0,0.958816
2362,19-Mar-01,24:00:00,154.74951,0.033264,51.733493,51.733493,0,0,0.957821,0.036437,102.955753,102.955753,0,0,0.953297
2363,20-Mar-01,24:00:00,143.181613,0.03561,47.952027,47.952027,0,0,0.952964,0.035574,95.176136,95.176136,0,0,0.948078
2364,21-Mar-01,24:00:00,132.918114,0.023689,44.596954,44.596954,0,0,0.948721,0.037396,88.273744,88.273744,0,0,0.942902
2365,22-Mar-01,24:00:00,123.811551,0.01622,41.620073,41.620073,0,0,0.945845,0.018024,82.149408,82.149408,0,0,0.939027
2366,23-Mar-01,24:00:00,115.731135,0.024457,38.978629,38.978629,0,0,0.942917,0.029171,76.715174,76.715174,0,0,0.935731
2367,24-Mar-01,24:00:00,185.508974,0.011108,92.392158,72.566519,0.739947,0.319322,0.962487,0.011246,93.958328,75.579453,0.6371,0.163608,0.9551
2368,25-Mar-01,24:00:00,415.545031,0.026845,185.030172,178.202211,0.042771,0.042771,1,0.025826,230.284648,204.039024,0,0,1
2369,26-Mar-01,24:00:00,154.241328,0.038563,48.634901,48.634901,0,0,1,0.033902,105.045719,104.733419,0,0,1
2370,27-Mar-01,24:00:00,120.096522,0.039995,45.028506,45.028506,0,0,0.99983,0.040353,74.998162,74.998162,0,0,0.999999
2371,28-Mar-01,24:00:00,111.166432,0.042306,41.995889,41.995889,0,0,0.99626,0.032319,69.138375,69.138375,0,0,0.99764
2372,29-Mar-01,24:00:00,104.448293,0.039803,39.305117,39.305117,0,0,0.990393,0.023116,65.115832,65.115832,0,0,0.993561
2373,30-Mar-01,24:00:00,98.531818,0.049077,36.917523,36.917523,0,0,0.984292,0.049158,61.590059,61.590059,0,0,0.988739
2374,31-Mar-01,24:00:00,93.282469,0.04973,34.798834,34.798834,0,0,0.977131,0.048605,58.462117,58.462117,0,0,0.981771
2375,1-Apr-01,24:00:00,88.623477,0.037934,32.918654,32.918654,0,0,0.970847,0.041226,55.685715,55.685715,0,0,0.975303
2376,2-Apr-01,24:00:00,84.488079,0.030477,31.250022,31.250022,0,0,0.965824,0.029795,53.221088,53.221088,0,0,0.970141
2377,3-Apr-01,24:00:00,80.817099,0.034536,29.769027,29.769027,0,0,0.961192,0.031345,51.033,51.033,0,0,0.965698
2378,4-Apr-01,24:00:00,77.558051,0.028009,28.454461,28.454461,0,0,0.956757,0.033238,49.090202,49.090202,0,0,0.961226
2379,5-Apr-01,24:00:00,74.664384,0.039869,27.287514,27.287514,0,0,0.951976,0.041648,47.364976,47.364976,0,0,0.955865
2380,6-Apr-01,24:00:00,72.094809,0.012026,26.251501,26.251501,0,0,0.94896,0.012674,45.83274,45.83274,0,0,0.951913
2381,7-Apr-01,24:00:00,69.812708,0.031297,25.331627,25.331627,0,0,0.948957,0.026476,44.471689,44.471689,0,0,0.949124
2382,8-Apr-01,24:00:00,67.7856,0.018912,24.514767,24.514767,0,0,0.948957,0.017729,43.262485,43.262485,0,0,0.945855
2383,9-Apr-01,24:00:00,65.984677,0.034735,23.789281,23.789281,0,0,0.947581,0.034367,42.187976,42.187976,0,0,0.942297
2384,10-Apr-01,24:00:00,64.384389,0.046513,23.144844,23.144844,0,0,0.942344,0.034798,41.232947,41.232947,0,0,0.937281
2385,11-Apr-01,24:00:00,62.962072,0.029205,22.572299,22.572299,0,0,0.937088,0.027804,40.383905,40.383905,0,0,0.932943
2386,12-Apr-01,24:00:00,61.697626,0.038954,22.063524,22.063524,0,0,0.932057,0.040231,39.628882,39.628882,0,0,0.928025
2387,13-Apr-01,24:00:00,60.573223,0.035936,21.611316,21.611316,0,0,0.926753,0.033457,38.957262,38.957262,0,0,0.92269
2388,14-Apr-01,24:00:00,59.573049,0.036622,21.209285,21.209285,0,0,0.921522,0.037746,38.359629,38.359629,0,0,0.917604
2389,15-Apr-01,24:00:00,58.683079,0.035414,20.851764,20.851764,0,0,0.916429,0.040595,37.827632,37.827632,0,0,0.912238
2390,16-Apr-01,24:00:00,58.113503,0.030268,20.745047,20.533726,0.037437,0,0.911974,0.02957,37.367089,37.353865,0.008884,0,0.906961
2391,17-Apr-01,24:00:00,58.851597,0.038824,21.314227,20.250713,0,0,0.91481,0.038531,37.533018,36.931755,0,0,0.906118
2392,18-Apr-01,24:00:00,56.569461,0.023903,19.998771,19.998771,0,0,0.91481,0.018282,36.567596,36.555476,0,0,0.906118
2393,19-Apr-01,24:00:00,55.996575,0.028991,19.774391,19.774391,0,0,0.91481,0.02939,36.219857,36.219857,0,0,0.906118
2394,20-Apr-01,24:00:00,126.092357,0.010923,65.77235,43.109672,0.676835,0.080506,0.957722,0.013143,60.551608,35.920315,0.451055,0,0.938759
2395,21-Apr-01,24:00:00,79.981491,0.037027,36.916271,36.530926,0,0,1,0.040308,42.831125,35.65278,0,0,0.970554
2396,22-Apr-01,24:00:00,58.084021,0.036437,22.662385,22.662385,0,0,1,0.040683,35.418398,35.413647,0,0,0.970554
2397,23-Apr-01,24:00:00,57.328995,0.046163,22.127795,22.127795,0,0,0.99895,0.045768,35.199714,35.199714,0,0,0.968808
2398,24-Apr-01,24:00:00,56.667591,0.051429,21.658117,21.658117,0,0,0.993605,0.052785,35.008142,35.008142,0,0,0.962764
2399,25-Apr-01,24:00:00,56.078265,0.050634,21.240657,21.240657,0,0,0.986277,0.053375,34.836414,34.836414,0,0,0.955137
2400,26-Apr-01,24:00:00,55.55288,0.034013,20.869513,20.869513,0,0,0.980265,0.05498,34.682295,34.682295,0,0,0.947536
2401,27-Apr-01,24:00:00,55.08422,0.039525,20.539452,20.539452,0,0,0.975009,0.041873,34.543803,34.543803,0,0,0.940452
2402,28-Apr-01,24:00:00,54.665882,0.04309,20.245833,20.245833,0,0,0.969182,0.038596,34.419181,34.419181,0,0,0.934931
2403,29-Apr-01,24:00:00,54.29219,0.047847,19.984538,19.984538,0,0,0.962608,0.050577,34.306869,34.306869,0,0,0.928463
2404,30-Apr-01,24:00:00,53.958106,0.053188,19.751915,19.751915,0,0,0.955544,0.052357,34.205483,34.205483,0,0,0.921058
2405,1-May-01,24:00:00,53.659162,0.058934,19.544726,19.544726,0,0,0.947684,0.051105,34.113795,34.113795,0,0,0.913657
2406,2-May-01,24:00:00,53.391395,0.071276,19.360098,19.360098,0,0,0.93852,0.053073,34.030716,34.030716,0,0,0.906257
2407,3-May-01,24:00:00,53.15129,0.07592,19.195482,19.195482,0,0,0.926909,0.049508,33.955279,33.955279,0,0,0.898755
2408,4-May-01,24:00:00,52.935727,0.056425,19.048618,19.048618,0,0,0.918125,0.060647,33.886628,33.886628,0,0,0.891176
2409,5-May-01,24:00:00,52.741942,0.056426,18.917502,18.917502,0,0,0.910088,0.059209,33.824,33.824,0,0,0.882543
2410,6-May-01,24:00:00,52.567478,0.056824,18.800354,18.800354,0,0,0.902006,0.059853,33.766721,33.766721,0,0,0.87402
2411,7-May-01,24:00:00,52.410158,0.063511,18.695597,18.695597,0,0,0.89349,0.05981,33.714192,33.714192,0,0,0.865406
2412,8-May-01,24:00:00,52.268052,0.062835,18.601832,18.601832,0,0,0.884407,0.063863,33.665879,33.665879,0,0,0.856596
2413,9-May-01,24:00:00,52.139444,0.058768,18.517817,18.517817,0,0,0.875652,0.063633,33.621312,33.621312,0,0,0.847505
2414,10-May-01,24:00:00,52.022815,0.060191,18.442452,18.442452,0,0,0.867255,0.060136,33.580071,33.580071,0,0,0.838589
2415,11-May-01,24:00:00,51.916815,0.052237,18.37476,18.37476,0,0,0.859052,0.062536,33.541783,33.541783,0,0,0.829945
2416,12-May-01,24:00:00,51.820247,0.026095,18.313874,18.313874,0,0,0.853555,0.044455,33.50612,33.50612,0,0,0.822177
2417,13-May-01,24:00:00,51.732049,0.039104,18.259026,18.259026,0,0,0.848937,0.046982,33.472786,33.472786,0,0,0.815759
2418,14-May-01,24:00:00,51.651278,0.045955,18.209533,18.209533,0,0,0.842909,0.044486,33.441522,33.441522,0,0,0.809136
2419,15-May-01,24:00:00,51.577097,0.035428,18.164791,18.164791,0,0,0.837084,0.027304,33.412096,33.412096,0,0,0.804039
2420,16-May-01,24:00:00,51.508764,0.055379,18.124263,18.124263,0,0,0.830493,0.05475,33.384303,33.384303,0,0,0.798165
2421,17-May-01,24:00:00,51.44562,0.055864,18.087472,18.087472,0,0,0.822542,0.062424,33.35796,33.35796,0,0,0.790003
2422,18-May-01,24:00:00,51.38708,0.062942,18.053996,18.053996,0,0,0.814132,0.061185,33.332904,33.332904,0,0,0.780969
2423,19-May-01,24:00:00,51.332624,0.059577,18.023461,18.023461,0,0,0.80531,0.064744,33.308992,33.308992,0,0,0.771985
2424,20-May-01,24:00:00,51.281792,0.058402,17.995533,17.995533,0,0,0.797033,0.065253,33.286095,33.286095,0,0,0.76265
2425,21-May-01,24:00:00,51.234174,0.061595,17.969917,17.969917,0,0,0.788251,0.069949,33.264099,33.264099,0,0,0.753099
2426,22-May-01,24:00:00,51.189406,0.048218,17.946351,17.946351,0,0,0.780545,0.067181,33.242902,33.242902,0,0,0.74333
2427,23-May-01,24:00:00,51.147165,0.050248,17.924603,17.924603,0,0,0.77358,0.070196,33.222415,33.222415,0,0,0.733548
2428,24-May-01,24:00:00,51.107165,0.054752,17.904466,17.904466,0,0,0.766113,0.067242,33.202556,33.202556,0,0,0.723664
2429,25-May-01,24:00:00,51.069151,0.032297,17.885757,17.885757,0,0,0.759654,0.057615,33.183255,33.183255,0,0,0.714642
2430,26-May-01,24:00:00,51.032896,0.035113,17.868313,17.868313,0,0,0.755038,0.060352,33.164447,33.164447,0,0,0.706262
2431,27-May-01,24:00:00,50.998199,0.03283,17.851991,17.851991,0,0,0.750226,0.045886,33.146075,33.146075,0,0,0.69892
2432,28-May-01,24:00:00,50.964881,0.060061,17.836661,17.836661,0,0,0.743627,0.05817,33.128089,33.128089,0,0,0.691344
2433,29-May-01,24:00:00,50.932783,0.063063,17.82221,17.82221,0,0,0.734702,0.061422,33.110444,33.110444,0,0,0.682705
2434,30-May-01,24:00:00,50.901763,0.069431,17.808537,17.808537,0,0,0.725255,0.063929,33.093099,33.093099,0,0,0.673734
2435,31-May-01,24:00:00,50.871695,0.068285,17.795552,17.795552,0,0,0.715395,0.066315,33.076019,33.076019,0,0,0.66441
2436,1-Jun-01,24:00:00,50.842468,0.046543,17.783175,17.783175,0,0,0.707027,0.06442,33.05917,33.05917,0,0,0.655158
2437,2-Jun-01,24:00:00,50.813981,0.064028,17.771336,17.771336,0,0,0.699624,0.056999,33.042523,33.042523,0,0,0.646442
2438,3-Jun-01,24:00:00,50.786146,0.066768,17.759971,17.759971,0,0,0.689914,0.058613,33.026054,33.026054,0,0,0.63813
2439,4-Jun-01,24:00:00,50.758883,0.05825,17.749024,17.749024,0,0,0.680944,0.064658,33.009739,33.009739,0,0,0.629501
2440,5-Jun-01,24:00:00,50.732121,0.060512,17.738446,17.738446,0,0,0.672679,0.059777,32.993557,32.993557,0,0,0.620423
2441,6-Jun-01,24:00:00,50.705798,0.067951,17.728192,17.728192,0,0,0.663611,0.065519,32.977489,32.977489,0,0,0.611692
2442,7-Jun-01,24:00:00,50.679858,0.071057,17.718223,17.718223,0,0,0.653553,0.069239,32.961518,32.961518,0,0,0.602037
2443,8-Jun-01,24:00:00,50.65425,0.06421,17.708503,17.708503,0,0,0.643802,0.068286,32.94563,32.94563,0,0,0.592236
2444,9-Jun-01,24:00:00,50.628929,0.057409,17.699002,17.699002,0,0,0.635187,0.065047,32.929811,32.929811,0,0,0.582696
2445,10-Jun-01,24:00:00,50.603855,0.063083,17.689692,17.689692,0,0,0.626687,0.060805,32.914048,32.914048,0,0,0.573634
2446,11-Jun-01,24:00:00,50.578992,0.057293,17.680547,17.680547,0,0,0.618,0.060055,32.898329,32.898329,0,0,0.564977
2447,12-Jun-01,24:00:00,50.554308,0.076647,17.671546,17.671546,0,0,0.608726,0.061763,32.882646,32.882646,0,0,0.556241
2448,13-Jun-01,24:00:00,50.529773,0.076191,17.66267,17.66267,0,0,0.597208,0.064521,32.866989,32.866989,0,0,0.547254
2449,14-Jun-01,24:00:00,50.505363,0.069826,17.6539,17.6539,0,0,0.587031,0.066059,32.851349,32.851349,0,0,0.537917
2450,15-Jun-01,24:00:00,50.481054,0.06513,17.64522,17.64522,0,0,0.577368,0.067586,32.835719,32.835719,0,0,0.528409
2451,16-Jun-01,24:00:00,50.456824,0.067535,17.636618,17.636618,0,0,0.567912,0.073027,32.820091,32.820091,0,0,0.518507
2452,17-Jun-01,24:00:00,50.432654,0.076145,17.62808,17.62808,0,0,0.558107,0.076945,32.80446,32.80446,0,0,0.507941
2453,18-Jun-01,24:00:00,50.408528,0.069345,17.619594,17.619594,0,0,0.547277,0.067846,32.788819,32.788819,0,0,0.497323
2454,19-Jun-01,24:00:00,50.384431,0.074589,17.611152,17.611152,0,0,0.537277,0.072987,32.773164,32.773164,0,0,0.487343
2455,20-Jun-01,24:00:00,50.360347,0.080124,17.602744,17.602744,0,0,0.525699,0.074129,32.757489,32.757489,0,0,0.476787
2456,21-Jun-01,24:00:00,50.336265,0.068043,17.594361,17.594361,0,0,0.515322,0.069462,32.741789,32.741789,0,0,0.466434
2457,22-Jun-01,24:00:00,50.312173,0.065321,17.585997,17.585997,0,0,0.505726,0.068996,32.72606,32.72606,0,0,0.456575
2458,23-Jun-01,24:00:00,50.28806,0.042536,17.577645,17.577645,0,0,0.498159,0.073686,32.710299,32.710299,0,0,0.446629
2459,24-Jun-01,24:00:00,50.263917,0.045808,17.5693,17.5693,0,0,0.491721,0.059683,32.694501,32.694501,0,0,0.436904
2460,25-Jun-01,24:00:00,50.239735,0.043431,17.560955,17.560955,0,0,0.485269,0.047715,32.678664,32.678664,0,0,0.428956
2461,26-Jun-01,24:00:00,50.215506,0.031331,17.552606,17.552606,0,0,0.479944,0.026685,32.662784,32.662784,0,0,0.423749
2462,27-Jun-01,24:00:00,78.489896,0.010263,34.437536,17.544249,0.496508,0,0.524249,0.01959,44.102495,32.646857,0.183832,0,0.439236
2463,28-Jun-01,24:00:00,51.74199,0.040325,17.549978,17.535879,0,0,0.54845,0.044372,34.141537,32.630882,0,0,0.448025
2464,29-Jun-01,24:00:00,50.142466,0.061891,17.527494,17.527494,0,0,0.548242,0.066107,32.614854,32.614854,0,0,0.446836
2465,30-Jun-01,24:00:00,50.117981,0.063588,17.51909,17.51909,0,0,0.543324,0.070727,32.598773,32.598773,0,0,0.439703
2466,1-Jul-01,24:00:00,50.093417,0.066315,17.510664,17.510664,0,0,0.534043,0.070099,32.582635,32.582635,0,0,0.429538
2467,2-Jul-01,24:00:00,50.06877,0.070432,17.502213,17.502213,0,0,0.524298,0.067765,32.566438,32.566438,0,0,0.419598
2468,3-Jul-01,24:00:00,50.044035,0.073128,17.493735,17.493735,0,0,0.514092,0.072564,32.550181,32.550181,0,0,0.409627
2469,4-Jul-01,24:00:00,50.019207,0.063013,17.485227,17.485227,0,0,0.50418,0.076126,32.53386,32.53386,0,0,0.399155
2470,5-Jul-01,24:00:00,49.994282,0.054929,17.476688,17.476688,0,0,0.495866,0.058749,32.517473,32.517473,0,0,0.38923
2471,6-Jul-01,24:00:00,49.969257,0.053425,17.468115,17.468115,0,0,0.487935,0.071168,32.50102,32.50102,0,0,0.38023
2472,7-Jul-01,24:00:00,49.944127,0.055105,17.459508,17.459508,0,0,0.480398,0.066944,32.484498,32.484498,0,0,0.37021
2473,8-Jul-01,24:00:00,49.918891,0.053975,17.450863,17.450863,0,0,0.47254,0.069343,32.467906,32.467906,0,0,0.360591
2474,9-Jul-01,24:00:00,49.893543,0.039568,17.44218,17.44218,0,0,0.46588,0.064599,32.451241,32.451241,0,0,0.351042
2475,10-Jul-01,24:00:00,49.868082,0.033249,17.433458,17.433458,0,0,0.460682,0.055485,32.434502,32.434502,0,0,0.342428
2476,11-Jul-01,24:00:00,49.842505,0.03762,17.424694,17.424694,0,0,0.455621,0.04807,32.417687,32.417687,0,0,0.335058
2477,12-Jul-01,24:00:00,49.816808,0.041737,17.415888,17.415888,0,0,0.449994,0.054724,32.400796,32.400796,0,0,0.327735
2478,13-Jul-01,24:00:00,49.790989,0.050239,17.407038,17.407038,0,0,0.44349,0.069759,32.383826,32.383826,0,0,0.318812
2479,14-Jul-01,24:00:00,49.765045,0.047184,17.398144,17.398144,0,0,0.436403,0.062899,32.366776,32.366776,0,0,0.309213
2480,15-Jul-01,24:00:00,49.738975,0.047536,17.389205,17.389205,0,0,0.429707,0.067291,32.349644,32.349644,0,0,0.300126
2481,16-Jul-01,24:00:00,49.712776,0.049046,17.380219,17.380219,0,0,0.422616,0.054517,32.332431,32.332431,0,0,0.291122
2482,17-Jul-01,24:00:00,49.686445,0.046115,17.371185,17.371185,0,0,0.415989,0.063531,32.315133,32.315133,0,0,0.282892
2483,18-Jul-01,24:00:00,49.659981,0.056274,17.362103,17.362103,0,0,0.408536,0.065674,32.29775,32.29775,0,0,0.273682
2484,19-Jul-01,24:00:00,49.633381,0.044418,17.352972,17.352972,0,0,0.401446,0.059304,32.28028,32.28028,0,0,0.264691
2485,20-Jul-01,24:00:00,49.606644,0.046682,17.343792,17.343792,0,0,0.395046,0.057304,32.262723,32.262723,0,0,0.256342
2486,21-Jul-01,24:00:00,49.579768,0.047711,17.33456,17.33456,0,0,0.388281,0.059307,32.245078,32.245078,0,0,0.248012
2487,22-Jul-01,24:00:00,49.552751,0.058204,17.325278,17.325278,0,0,0.38061,0.065037,32.227342,32.227342,0,0,0.23914
2488,23-Jul-01,24:00:00,49.52559,0.04943,17.315943,17.315943,0,0,0.372977,0.070683,32.209516,32.209516,0,0,0.229604
2489,24-Jul-01,24:00:00,49.498285,0.03923,17.306556,17.306556,0,0,0.366551,0.070688,32.191597,32.191597,0,0,0.219417
2490,25-Jul-01,24:00:00,49.470834,0.04105,17.297116,17.297116,0,0,0.360843,0.065545,32.173586,32.173586,0,0,0.209713
2491,26-Jul-01,24:00:00,49.443235,0.036111,17.287622,17.287622,0,0,0.355394,0.059966,32.15548,32.15548,0,0,0.200754
2492,27-Jul-01,24:00:00,49.415487,0.043361,17.278073,17.278073,0,0,0.34972,0.064997,32.13728,32.13728,0,0,0.191723
2493,28-Jul-01,24:00:00,49.387588,0.05101,17.26847,17.26847,0,0,0.343025,0.066649,32.118983,32.118983,0,0,0.182374
2494,29-Jul-01,24:00:00,49.359537,0.05172,17.258812,17.258812,0,0,0.335594,0.068515,32.10059,32.10059,0,0,0.172876
2495,30-Jul-01,24:00:00,49.331332,0.045711,17.249097,17.249097,0,0,0.328567,0.048873,32.082099,32.082099,0,0,0.164072
2496,31-Jul-01,24:00:00,49.302972,0.047691,17.239326,17.239326,0,0,0.322027,0.062605,32.063509,32.063509,0,0,0.15628
2497,1-Aug-01,24:00:00,49.274455,0.052979,17.229498,17.229498,0,0,0.314683,0.066708,32.04482,32.04482,0,0,0.147213
2498,2-Aug-01,24:00:00,49.245781,0.048088,17.219613,17.219613,0,0,0.307652,0.062759,32.02603,32.02603,0,0,0.137873
2499,3-Aug-01,24:00:00,49.216948,0.045471,17.20967,17.20967,0,0,0.300909,0.057357,32.007139,32.007139,0,0,0.129204
2500,4-Aug-01,24:00:00,49.187955,0.049253,17.199669,17.199669,0,0,0.294077,0.049062,31.988146,31.988146,0,0,0.121674
2501,5-Aug-01,24:00:00,49.158801,0.055249,17.18961,17.18961,0,0,0.286572,0.058791,31.969051,31.969051,0,0,0.113923
2502,6-Aug-01,24:00:00,49.129485,0.060267,17.179492,17.179492,0,0,0.278385,0.06244,31.949852,31.949852,0,0,0.105289
2503,7-Aug-01,24:00:00,49.100005,0.061874,17.169314,17.169314,0,0,0.269695,0.064305,31.930549,31.930549,0,0,0.096208
2504,8-Aug-01,24:00:00,49.07036,0.056272,17.159077,17.159077,0,0,0.261159,0.069022,31.911141,31.911141,0,0,0.086812
2505,9-Aug-01,24:00:00,49.04055,0.032919,17.148779,17.148779,0,0,0.254883,0.061048,31.891627,31.891627,0,0,0.077485
2506,10-Aug-01,24:00:00,49.010574,0.041658,17.138422,17.138422,0,0,0.249575,0.046794,31.872008,31.872008,0,0,0.069831
2507,11-Aug-01,24:00:00,48.98043,0.043749,17.128003,17.128003,0,0,0.243472,0.059118,31.852281,31.852281,0,0,0.062146
2508,12-Aug-01,24:00:00,48.950118,0.037158,17.117524,17.117524,0,0,0.237687,0.051226,31.832447,31.832447,0,0,0.054216
2509,13-Aug-01,24:00:00,48.919636,0.036007,17.106984,17.106984,0,0,0.2325,0.051979,31.812505,31.812505,0,0,0.046937
2510,14-Aug-01,24:00:00,48.888984,0.047076,17.096382,17.096382,0,0,0.226625,0.059669,31.792455,31.792455,0,0,0.038904
2511,15-Aug-01,24:00:00,48.858161,0.046234,17.085718,17.085718,0,0,0.219905,0.061875,31.772295,31.772295,0,0,0.030272
2512,16-Aug-01,24:00:00,48.827166,0.055883,17.074992,17.074992,0,0,0.212605,0.061527,31.752025,31.752025,0,0,0.021412
2513,17-Aug-01,24:00:00,48.795999,0.058239,17.064204,17.064204,0,0,0.204359,0.065247,31.731645,31.731645,0,0,0.01244
2514,18-Aug-01,24:00:00,48.764658,0.056696,17.053353,17.053353,0,0,0.196173,0.062291,31.711154,31.711154,0,0,0.003677
2515,19-Aug-01,24:00:00,48.733143,0.052627,17.042439,17.042439,0,0,0.188272,0.059333,31.690552,31.690552,0,0,0
2516,20-Aug-01,24:00:00,48.701453,0.034974,17.031462,17.031462,0,0,0.182134,0.054592,31.669838,31.669838,0,0,0
2517,21-Aug-01,24:00:00,48.669587,0.050474,17.020422,17.020422,0,0,0.175959,0.051645,31.649012,31.649012,0,0,0
2518,22-Aug-01,24:00:00,48.637546,0.041424,17.009318,17.009318,0,0,0.169439,0.033292,31.628074,31.628074,0,0,0
2519,23-Aug-01,24:00:00,48.605327,0.048568,16.998151,16.998151,0,0,0.162887,0.034522,31.607022,31.607022,0,0,0
2520,24-Aug-01,24:00:00,48.572932,0.049396,16.98692,16.98692,0,0,0.156115,0.056715,31.585856,31.585856,0,0,0
2521,25-Aug-01,24:00:00,48.540358,0.05581,16.975624,16.975624,0,0,0.148507,0.05665,31.564577,31.564577,0,0,0
2522,26-Aug-01,24:00:00,48.507605,0.055177,16.964265,16.964265,0,0,0.140579,0.059907,31.543183,31.543183,0,0,0
2523,27-Aug-01,24:00:00,48.474674,0.062014,16.952841,16.952841,0,0,0.132342,0.06529,31.521675,31.521675,0,0,0
2524,28-Aug-01,24:00:00,48.441563,0.060381,16.941352,16.941352,0,0,0.123466,0.066028,31.500052,31.500052,0,0,0
2525,29-Aug-01,24:00:00,48.408272,0.048957,16.929799,16.929799,0,0,0.115506,0.055779,31.478313,31.478313,0,0,0
2526,30-Aug-01,24:00:00,48.3748,0.034996,16.91818,16.91818,0,0,0.109612,0.05071,31.456459,31.456459,0,0,0
2527,31-Aug-01,24:00:00,48.341148,0.040235,16.906497,16.906497,0,0,0.104289,0.052723,31.434489,31.434489,0,0,0
2528,1-Sep-01,24:00:00,48.307314,0.044454,16.894749,16.894749,0,0,0.09823,0.052534,31.412402,31.412402,0,0,0
2529,2-Sep-01,24:00:00,48.273298,0.0525,16.882935,16.882935,0,0,0.091246,0.054822,31.390199,31.390199,0,0,0
2530,3-Sep-01,24:00:00,48.2391,0.053589,16.871056,16.871056,0,0,0.083703,0.053846,31.36788,31.36788,0,0,0
2531,4-Sep-01,24:00:00,48.20472,0.049402,16.859112,16.859112,0,0,0.076302,0.052931,31.345443,31.345443,0,0,0
2532,5-Sep-01,24:00:00,48.170157,0.049325,16.847102,16.847102,0,0,0.069379,0.053161,31.322889,31.322889,0,0,0
2533,6-Sep-01,24:00:00,48.13541,0.052921,16.835026,16.835026,0,0,0.06201,0.045794,31.300217,31.300217,0,0,0
2534,7-Sep-01,24:00:00,48.100481,0.047993,16.822885,16.822885,0,0,0.054652,0.0566,31.277428,31.277428,0,0,0
2535,8-Sep-01,24:00:00,48.065367,0.032353,16.810678,16.810678,0,0,0.048953,0.051012,31.254521,31.254521,0,0,0
2536,9-Sep-01,24:00:00,48.03007,0.026029,16.798404,16.798404,0,0,0.044848,0.035711,31.231496,31.231496,0,0,0
2537,10-Sep-01,24:00:00,47.994588,0.041412,16.786065,16.786065,0,0,0.039953,0.042223,31.208353,31.208353,0,0,0
2538,11-Sep-01,24:00:00,47.958923,0.043586,16.77366,16.77366,0,0,0.033888,0.039971,31.185091,31.185091,0,0,0
2539,12-Sep-01,24:00:00,47.923072,0.02826,16.761189,16.761189,0,0,0.028818,0.048034,31.161711,31.161711,0,0,0
2540,13-Sep-01,24:00:00,47.887037,0.031241,16.748652,16.748652,0,0,0.024602,0.030687,31.138212,31.138212,0,0,0
2541,14-Sep-01,24:00:00,47.850817,0.041922,16.736049,16.736049,0,0,0.019352,0.048911,31.114595,31.114595,0,0,0
2542,15-Sep-01,24:00:00,47.814412,0.034538,16.723379,16.723379,0,0,0.01389,0.050005,31.090859,31.090859,0,0,0
2543,16-Sep-01,24:00:00,47.777822,0.030433,16.710644,16.710644,0,0,0.00927,0.046023,31.067003,31.067003,0,0,0
2544,17-Sep-01,24:00:00,47.741047,0.030389,16.697842,16.697842,0,0,0.004923,0.047673,31.043029,31.043029,0,0,0
2545,18-Sep-01,24:00:00,47.704087,0.029005,16.684974,16.684974,0,0,0.001239,0.043825,31.018936,31.018936,0,0,0
2546,19-Sep-01,24:00:00,47.666941,0.030425,16.672039,16.672039,0,0,0,0.046071,30.994724,30.994724,0,0,0
2547,20-Sep-01,24:00:00,47.62961,0.028662,16.659039,16.659039,0,0,0,0.044907,30.970392,30.970392,0,0,0
2548,21-Sep-01,24:00:00,47.592094,0.031891,16.645972,16.645972,0,0,0,0.043793,30.945942,30.945942,0,0,0
2549,22-Sep-01,24:00:00,47.554392,0.037552,16.632839,16.632839,0,0,0,0.046983,30.921372,30.921372,0,0,0
2550,23-Sep-01,24:00:00,47.516505,0.0234,16.619641,16.619641,0,0,0,0.040839,30.896683,30.896683,0,0,0
2551,24-Sep-01,24:00:00,47.478433,0.024219,16.606375,16.606375,0,0,0,0.027729,30.871875,30.871875,0,0,0
2552,25-Sep-01,24:00:00,47.440175,0.025733,16.593044,16.593044,0,0,0,0.028848,30.846947,30.846947,0,0,0
2553,26-Sep-01,24:00:00,47.401732,0.039138,16.579647,16.579647,0,0,0,0.036133,30.821901,30.821901,0,0,0
2554,27-Sep-01,24:00:00,47.363104,0.040973,16.566184,16.566184,0,0,0,0.041175,30.796735,30.796735,0,0,0
2555,28-Sep-01,24:00:00,47.324291,0.039431,16.552654,16.552654,0,0,0,0.040531,30.77145,30.77145,0,0,0
2556,29-Sep-01,24:00:00,47.285293,0.043787,16.539059,16.539059,0,0,0,0.038993,30.746047,30.746047,0,0,0
2557,30-Sep-01,24:00:00,47.24611,0.044312,16.525398,16.525398,0,0,0,0.042665,30.720524,30.720524,0,0,0
2558,1-Oct-01,24:00:00,47.206743,0.045132,16.511671,16.511671,0,0,0,0.041467,30.694883,30.694883,0,0,0
2559,2-Oct-01,24:00:00,47.167191,0.035355,16.497879,16.497879,0,0,0,0.045883,30.669122,30.669122,0,0,0
2560,3-Oct-01,24:00:00,47.127455,0.034349,16.484021,16.484021,0,0,0,0.041551,30.643243,30.643243,0,0,0
2561,4-Oct-01,24:00:00,47.087534,0.01484,16.470097,16.470097,0,0,0,0.030425,30.617246,30.617246,0,0,0
2562,5-Oct-01,24:00:00,47.04743,0.029782,16.456108,16.456108,0,0,0,0.025408,30.59113,30.59113,0,0,0
2563,6-Oct-01,24:00:00,47.007142,0.026925,16.442053,16.442053,0,0,0,0.030533,30.564896,30.564896,0,0,0
2564,7-Oct-01,24:00:00,46.96667,0.019517,16.427933,16.427933,0,0,0,0.032286,30.538543,30.538543,0,0,0
2565,8-Oct-01,24:00:00,46.926015,0.033119,16.413748,16.413748,0,0,0,0.036862,30.512072,30.512072,0,0,0
2566,9-Oct-01,24:00:00,46.885177,0.037582,16.399498,16.399498,0,0,0,0.031587,30.485484,30.485484,0,0,0
2567,10-Oct-01,24:00:00,46.844157,0.034982,16.385182,16.385182,0,0,0,0.037156,30.458778,30.458778,0,0,0
2568,11-Oct-01,24:00:00,46.802954,0.042698,16.370802,16.370802,0,0,0,0.03738,30.431954,30.431954,0,0,0
2569,12-Oct-01,24:00:00,46.761568,0.058501,16.356357,16.356357,0,0,0,0.038464,30.405013,30.405013,0,0,0
2570,13-Oct-01,24:00:00,46.720001,0.039768,16.341848,16.341848,0,0,0,0.028862,30.377955,30.377955,0,0,0
2571,14-Oct-01,24:00:00,46.678253,0.030934,16.327273,16.327273,0,0,0,0.02944,30.350779,30.350779,0,0,0
2572,15-Oct-01,24:00:00,46.636323,0.033414,16.312635,16.312635,0,0,0,0.036008,30.323487,30.323487,0,0,0
2573,16-Oct-01,24:00:00,46.594212,0.018755,16.297932,16.297932,0,0,0,0.029878,30.296078,30.296078,0,0,0
2574,17-Oct-01,24:00:00,46.551921,0.019177,16.283165,16.283165,0,0,0,0.026766,30.268553,30.268553,0,0,0
2575,18-Oct-01,24:00:00,46.50945,0.029555,16.268334,16.268334,0,0,0,0.028265,30.240912,30.240912,0,0,0
2576,19-Oct-01,24:00:00,46.466799,0.029336,16.25344,16.25344,0,0,0,0.028929,30.213155,30.213155,0,0,0
2577,20-Oct-01,24:00:00,46.423968,0.019836,16.238481,16.238481,0,0,0,0.029045,30.185282,30.185282,0,0,0
2578,21-Oct-01,24:00:00,46.380959,0.014772,16.223459,16.223459,0,0,0,0.023497,30.157294,30.157294,0,0,0
2579,22-Oct-01,24:00:00,46.337771,0.033219,16.208374,16.208374,0,0,0,0.030551,30.12919,30.12919,0,0,0
2580,23-Oct-01,24:00:00,46.294405,0.037193,16.193225,16.193225,0,0,0,0.027718,30.100972,30.100972,0,0,0
2581,24-Oct-01,24:00:00,46.250862,0.035391,16.178014,16.178014,0,0,0,0.032655,30.072639,30.072639,0,0,0
2582,25-Oct-01,24:00:00,46.207141,0.030264,16.162739,16.162739,0,0,0,0.022998,30.044192,30.044192,0,0,0
2583,26-Oct-01,24:00:00,46.163243,0.024408,16.147402,16.147402,0,0,0,0.027594,30.015631,30.015631,0,0,0
2584,27-Oct-01,24:00:00,46.119169,0.009405,16.132002,16.132002,0,0,0,0.009009,29.986956,29.986956,0,0,0
2585,28-Oct-01,24:00:00,46.074919,0.014687,16.11654,16.11654,0,0,0,0.019529,29.958167,29.958167,0,0,0
2586,29-Oct-01,24:00:00,50.937065,0.009304,18.325962,16.101016,0.079704,0,0.005478,0.008534,32.683775,29.929265,0.116146,0,0.004313
2587,30-Oct-01,24:00:00,180.376231,0.008777,73.933446,16.08543,1.684574,0,0.180768,0.00971,106.617504,29.900251,1.114669,0,0.134545
2588,31-Oct-01,24:00:00,53.535576,0.016991,16.075128,16.069782,0,0,0.25204,0.011279,37.212771,29.871124,0,0,0.175831
2589,1-Nov-01,24:00:00,45.896172,0.015282,16.054072,16.054072,0,0,0.25204,0.017861,29.841885,29.841885,0,0,0.175831
2590,2-Nov-01,24:00:00,45.851051,0.020815,16.038301,16.038301,0,0,0.25204,0.020076,29.812534,29.812534,0,0,0.175831
2591,3-Nov-01,24:00:00,45.805756,0.021848,16.022469,16.022469,0,0,0.25204,0.019801,29.783071,29.783071,0,0,0.175831
2592,4-Nov-01,24:00:00,45.76029,0.022606,16.006575,16.006575,0,0,0.251816,0.020634,29.753497,29.753497,0,0,0.175831
2593,5-Nov-01,24:00:00,45.714652,0.016995,15.990621,15.990621,0,0,0.250279,0.019868,29.723813,29.723813,0,0,0.174807
2594,6-Nov-01,24:00:00,45.668843,0.017834,15.974606,15.974606,0,0,0.247791,0.017894,29.694018,29.694018,0,0,0.172413
2595,7-Nov-01,24:00:00,45.622864,0.018777,15.958531,15.958531,0,0,0.245089,0.016714,29.664112,29.664112,0,0,0.169891
2596,8-Nov-01,24:00:00,45.576714,0.018324,15.942396,15.942396,0,0,0.242435,0.017534,29.634097,29.634097,0,0,0.167448
2597,9-Nov-01,24:00:00,47.074106,0.020058,17.206981,15.926201,0.306174,0,0.241861,0.022066,29.912372,29.603973,0.286903,0,0.166672
2598,10-Nov-01,24:00:00,132.635568,0.0095,54.535185,15.909946,1.350901,0,0.33213,0.014156,78.956716,29.57374,1.310009,0,0.251926
2599,11-Nov-01,24:00:00,306.339818,0.00484,101.214343,15.893631,2.136736,0,0.659593,0.005988,205.125274,29.543398,2.100349,0,0.56962
2600,12-Nov-01,24:00:00,176.532116,0.005882,54.703775,15.877257,1.028004,0,0.876217,0.005039,121.257257,29.512948,0.936869,0,0.778993
2601,13-Nov-01,24:00:00,55.644825,0.004115,16.003051,15.860824,0,0,0.927118,0.005052,39.312726,29.48239,0,0,0.825087
2602,14-Nov-01,24:00:00,45.310788,0.007258,15.844332,15.844332,0,0,0.927118,0.007337,29.46441,29.451725,0,0,0.825087
2603,15-Nov-01,24:00:00,54.076411,0.009337,19.80821,15.827782,0.130585,0,0.933828,0.011097,34.383548,29.420952,0.131866,0,0.831894
2604,16-Nov-01,24:00:00,50.08053,0.004147,16.277503,15.811173,0,0,0.945773,0.005374,33.689238,29.390073,0,0,0.843925
2605,17-Nov-01,24:00:00,45.195036,0.011671,15.794506,15.794506,0,0,0.945773,0.011243,29.398247,29.359088,0,0,0.843925
2606,18-Nov-01,24:00:00,46.760949,0.006938,16.889299,15.777782,0.051788,0,0.946939,0.006345,29.921261,29.327997,0.054005,0,0.845142
2607,19-Nov-01,24:00:00,48.92928,0.01258,16.413009,15.760999,0,0,0.953172,0.011089,32.468209,29.296801,0,0,0.85164
2608,20-Nov-01,24:00:00,174.021569,0.009706,119.343382,93.512535,0.969093,0.641295,0.970845,0.011898,55.625832,29.2655,0.999452,0,0.888297
2609,21-Nov-01,24:00:00,549.600337,0.004296,405.35944,384.979751,0.434042,0.434042,1,0.004626,145.74832,87.682019,0.380619,0.341551,0.998136
2610,22-Nov-01,24:00:00,446.160968,0.013979,137.196204,135.626324,0,0,1,0.01137,307.451027,294.602637,0,0,1
2611,23-Nov-01,24:00:00,1632.24,0.010313,650.498361,375.630354,0.744853,0.744853,1,0.012659,988.58261,433.075439,0.750535,0.750535,1
2612,24-Nov-01,24:00:00,1145.71,0.009571,334.697441,319.932382,0.422857,0.422857,1,0.006758,807.158886,714.943996,0.382051,0.382051,1
2613,25-Nov-01,24:00:00,432.932593,0.008614,103.73813,103.73813,0,0,1,0.006981,326.076424,323.852626,0,0,1
2614,26-Nov-01,24:00:00,240.430668,0.012637,89.883337,89.883337,0,0,1,0.010437,150.178771,150.178771,0,0,1
2615,27-Nov-01,24:00:00,339.085819,0.01373,170.901628,136.4227,0.631898,0.631898,1,0.0105,171.765038,152.977753,0.64384,0.64384,1
2616,28-Nov-01,24:00:00,2120.59,0.006403,728.479371,605.735893,0.986246,0.986246,1,0.00574,1395.32,1028.50,0.979686,0.979686,1
2617,29-Nov-01,24:00:00,1333.98,0.010565,412.286445,397.760827,0.218255,0.218255,1,0.009921,918.083705,876.155247,0.141571,0.141571,1
2618,30-Nov-01,24:00:00,4438.92,0.008853,1684.26,815.557152,1.493223,1.493223,1,0.00877,2769.20,1148.44,1.508946,1.508946,1
2619,1-Dec-01,24:00:00,4138.11,0.00323,1266.64,818.256472,1.267493,1.267493,1,0.006487,2865.17,1733.73,1.218704,1.218704,1
2620,2-Dec-01,24:00:00,2216.54,0.012958,673.406459,642.445753,0.970224,0.970224,1,0.007861,1539.90,1426.62,1.011612,1.011612,1
2621,3-Dec-01,24:00:00,1565.09,0.010583,401.034447,393.923197,0.126473,0.126473,1,0.007351,1159.47,1129.15,0.143656,0.143656,1
2622,4-Dec-01,24:00:00,788.564324,0.010148,230.385456,230.385456,0,0,1,0.005911,555.662238,554.986195,0,0,1
2623,5-Dec-01,24:00:00,1220.02,0.002737,528.990917,503.220209,0.796096,0.796096,1,0.002755,695.92902,660.980118,0.705264,0.705264,1
2624,6-Dec-01,24:00:00,1134.57,0.009664,296.693736,295.35527,0,0,1,0.010692,833.686247,818.988436,0,0,1
2625,7-Dec-01,24:00:00,629.269215,0.013012,198.142159,198.142159,0,0,1,0.010802,429.824263,429.726337,0,0,1
2626,8-Dec-01,24:00:00,525.905491,0.009684,177.432963,177.432963,0,0,1,0.011124,348.132359,348.132359,0,0,1
2627,9-Dec-01,24:00:00,469.600132,0.016145,159.099248,159.099248,0,0,1,0.015144,310.24572,310.24572,0,0,1
2628,10-Dec-01,24:00:00,421.376164,0.023543,142.837043,142.837043,0,0,1,0.018135,278.315488,278.315488,0,0,1
2629,11-Dec-01,24:00:00,378.661173,0.015401,128.412109,128.412109,0,0,1,0.011399,250.051538,250.051538,0,0,1
2630,12-Dec-01,24:00:00,340.773649,0.012063,115.616701,115.616701,0,0,1,0.009524,224.982345,224.982345,0,0,1
2631,13-Dec-01,24:00:00,769.398732,0.007947,384.605151,359.875121,1.003651,1.003651,1,0.005348,389.442122,361.673972,0.82772,0.82772,1
2632,14-Dec-01,24:00:00,1819.77,0.02037,443.164776,427.992218,0.168141,0.168141,1,0.018135,1375.95,994.55357,0.27055,0.27055,1
2633,15-Dec-01,24:00:00,568.674081,0.008473,135.805969,135.805969,0,0,1,0.00389,429.166529,420.686534,0,0,1
2634,16-Dec-01,24:00:00,643.941943,0.004512,286.477582,270.826462,0.531572,0.531572,1,0.003942,360.742765,342.534784,0.555212,0.555212,1
2635,17-Dec-01,24:00:00,1432.56,0.009364,413.895133,399.400904,0.353685,0.353685,1,0.008652,1019.12,967.926075,0.449858,0.449858,1
2636,18-Dec-01,24:00:00,597.843514,0.007288,138.611798,138.611798,0,0,1,0.006443,455.634941,454.150907,0,0,1
2637,19-Dec-01,24:00:00,576.368545,0.006163,243.307075,227.482798,0.696901,0.696901,1,0.005791,335.218701,324.05716,0.556105,0.556105,1
2638,20-Dec-01,24:00:00,1748.54,0.00603,705.652738,671.819623,0.783793,0.783793,1,0.005391,1047.53,979.905641,0.743695,0.743695,1
2639,21-Dec-01,24:00:00,1126.54,0.007061,305.182017,292.82714,0.411883,0.411883,1,0.005142,817.379693,797.805531,0.276825,0.276825,1
2640,22-Dec-01,24:00:00,1306.98,0.004826,463.854436,449.143374,0.360504,0.360504,1,0.005066,844.573126,803.619397,0.444247,0.444247,1
2641,23-Dec-01,24:00:00,727.209986,0.008152,173.973246,173.973246,0,0,1,0.00508,549.394776,546.165999,0,0,1
2642,24-Dec-01,24:00:00,463.74288,0.011535,151.253599,151.253599,0,0,1,0.011497,311.871056,311.871056,0,0,1
2643,25-Dec-01,24:00:00,402.452138,0.004064,135.854898,135.854898,0,0,1,0.003998,266.36758,266.36758,0,0,1
2644,26-Dec-01,24:00:00,361.24021,0.004933,122.197132,122.197132,0,0,1,0.005127,238.854922,238.854922,0,0,1
2645,27-Dec-01,24:00:00,485.548756,0.008126,203.149103,194.732302,0.397395,0.397395,1,0.008118,284.678786,272.879453,0.41133,0.41133,1
2646,28-Dec-01,24:00:00,1236.79,0.003576,496.112052,469.312252,0.666796,0.666796,1,0.005759,743.79003,700.48563,0.651433,0.651433,1
2647,29-Dec-01,24:00:00,925.209192,0.005019,196.715409,195.693526,0,0,1,0.006154,724.617439,704.966246,0,0,1
2648,30-Dec-01,24:00:00,1409.99,0.003776,654.435459,612.290432,1.307277,1.307277,1,0.005023,761.678156,707.594564,1.202714,1.202714,1
2649,31-Dec-01,24:00:00,1385.41,0.005459,336.791268,329.688479,0.170751,0.170751,1,0.006004,1044.43,1011.25,0.112467,0.112467,1
2650,1-Jan-02,24:00:00,2336.20,0.004181,1130.49,823.334337,2.005916,2.005916,1,0.005048,1215.08,1115.29,2.006966,2.006966,1
2651,2-Jan-02,24:00:00,3808.85,0.004913,1045.48,1001.67,0.950887,0.950887,1,0.008153,2761.26,2223.76,0.92471,0.92471,1
2652,3-Jan-02,24:00:00,1267.02,0.01027,267.590859,267.588818,0,0,1,0.009122,991.21252,976.923066,0,0,1
2653,4-Jan-02,24:00:00,727.515393,0.010407,235.24861,234.25542,0.157079,0.157079,1,0.011067,491.335587,491.061128,0.145896,0.145896,1
2654,5-Jan-02,24:00:00,1980.19,0.002075,891.270159,833.673874,1.722959,1.722959,1,0.002923,1098.16,1020.09,1.541941,1.541941,1
2655,6-Jan-02,24:00:00,2563.25,0.005219,749.620652,729.218361,0.439659,0.439659,1,0.005181,1810.05,1739.44,0.455158,0.455158,1
2656,7-Jan-02,24:00:00,1043.37,0.004968,265.976323,265.976323,0,0,1,0.007628,772.218647,770.011847,0,0,1
2657,8-Jan-02,24:00:00,713.034718,0.006448,235.542344,235.542344,0,0,1,0.0071,476.713145,476.713145,0,0,1
2658,9-Jan-02,24:00:00,624.212785,0.011441,210.596515,210.596515,0,0,1,0.011229,413.249474,413.249474,0,0,1
2659,10-Jan-02,24:00:00,557.95002,0.011846,188.471132,188.471132,0,0,1,0.010578,369.168974,369.168974,0,0,1
2660,11-Jan-02,24:00:00,499.665771,0.010879,168.846931,168.846931,0,0,1,0.011991,330.545912,330.545912,0,0,1
2661,12-Jan-02,24:00:00,447.98598,0.00651,151.441106,151.441106,0,0,1,0.01345,296.303993,296.303993,0,0,1
2662,13-Jan-02,24:00:00,402.148909,0.004135,136.002834,136.002834,0,0,1,0.011812,265.933346,265.933346,0,0,1
2663,14-Jan-02,24:00:00,361.493477,0.015293,122.309651,122.309651,0,0,1,0.015058,238.995856,238.995856,0,0,1
2664,15-Jan-02,24:00:00,325.433774,0.012667,110.16425,110.16425,0,0,1,0.011807,215.103345,215.103345,0,0,0.999673
2665,16-Jan-02,24:00:00,293.45016,0.014942,99.391637,99.391637,0,0,1,0.011503,193.911542,193.911542,0,0,0.998421
2666,17-Jan-02,24:00:00,265.081763,0.015911,89.836602,89.836602,0,0,1,0.013731,175.115101,175.115101,0,0,0.996628
2667,18-Jan-02,24:00:00,239.919828,0.014072,81.361488,81.361488,0,0,0.99942,0.011825,158.443208,158.443208,0,0,0.994785
2668,19-Jan-02,24:00:00,217.601826,0.016338,73.844203,73.844203,0,0,0.99761,0.012715,143.655668,143.655668,0,0,0.993066
2669,20-Jan-02,24:00:00,197.806225,0.013916,67.176461,67.176461,0,0,0.995381,0.009112,130.539449,130.539449,0,0,0.99152
2670,21-Jan-02,24:00:00,180.247854,0.007347,61.26222,61.26222,0,0,0.994332,0.003358,118.905604,118.905604,0,0,0.990815
2671,22-Jan-02,24:00:00,164.673788,0.015367,56.016298,56.016298,0,0,0.994299,0.004891,108.586555,108.586555,0,0,0.990815
2672,23-Jan-02,24:00:00,150.859704,0.015539,51.363145,51.363145,0,0,0.993134,0.012381,99.433671,99.433671,0,0,0.990815
2673,24-Jan-02,24:00:00,138.606646,0.01458,47.235754,47.235754,0,0,0.990968,0.00462,91.315127,91.315127,0,0,0.990815
2674,25-Jan-02,24:00:00,127.738157,0.008881,43.574694,43.574694,0,0,0.989214,0.01111,84.114004,84.114004,0,0,0.990815
2675,26-Jan-02,24:00:00,422.738396,0.007705,170.919434,159.526895,0.334557,0.254844,0.998611,0.008687,253.553331,232.779908,0.317189,0.252893,0.999028
2676,27-Jan-02,24:00:00,239.732806,0.014026,51.653969,51.653969,0,0,1,0.013167,186.584145,184.985161,0,0,1
2677,28-Jan-02,24:00:00,139.954802,0.006693,45.189814,45.189814,0,0,1,0.010013,94.56292,94.56292,0,0,1
2678,29-Jan-02,24:00:00,123.380595,0.012863,41.758315,41.758315,0,0,1,0.013769,81.56843,81.56843,0,0,1
2679,30-Jan-02,24:00:00,113.999706,0.01489,38.71502,38.71502,0,0,1,0.013551,75.242748,75.242748,0,0,1
2680,31-Jan-02,24:00:00,105.901619,0.014072,36.0156,36.0156,0,0,1,0.013806,69.849013,69.849013,0,0,1
2681,1-Feb-02,24:00:00,98.725974,0.012834,33.621188,33.621188,0,0,1,0.006977,65.071957,65.071957,0,0,1
2682,2-Feb-02,24:00:00,92.361453,0.009124,31.497315,31.497315,0,0,1,0.011912,60.835009,60.835009,0,0,1
2683,3-Feb-02,24:00:00,86.716188,0.015127,29.613405,29.613405,0,0,0.999569,0.015096,57.076934,57.076934,0,0,0.99964
2684,4-Feb-02,24:00:00,81.708893,0.016798,27.942343,27.942343,0,0,0.997811,0.017084,53.743611,53.743611,0,0,0.997929
2685,5-Feb-02,24:00:00,77.267481,0.013906,26.460078,26.460078,0,0,0.99565,0.013672,50.787047,50.787047,0,0,0.995715
2686,6-Feb-02,24:00:00,73.328013,0.005934,25.145278,25.145278,0,0,0.994164,0.011162,48.16467,48.16467,0,0,0.994023
2687,7-Feb-02,24:00:00,293.235729,0.00527,197.241821,178.668065,0.647808,0.603836,0.997489,0.006914,98.407467,84.921623,0.418545,0.366773,0.995418
2688,8-Feb-02,24:00:00,537.79808,0.01962,176.000309,172.514498,0,0,1,0.018004,360.482838,344.595901,0,0,1
2689,9-Feb-02,24:00:00,162.727788,0.020558,47.851229,47.851229,0,0,1,0.017374,114.016399,113.867821,0,0,1
2690,10-Feb-02,24:00:00,115.294749,0.020672,44.031701,44.031701,0,0,1,0.020737,71.1771,71.1771,0,0,1
2691,11-Feb-02,24:00:00,105.321041,0.021184,40.729451,40.729451,0,0,1,0.019734,64.557361,64.557361,0,0,1
2692,12-Feb-02,24:00:00,98.146399,0.022587,37.800596,37.800596,0,0,0.999765,0.021567,60.317063,60.317063,0,0,1
2693,13-Feb-02,24:00:00,91.843613,0.008397,35.202918,35.202918,0,0,0.998792,0.017747,56.615246,56.615246,0,0,0.99896
2694,14-Feb-02,24:00:00,86.25551,0.016384,32.898982,32.898982,0,0,0.997036,0.023388,53.333948,53.333948,0,0,0.996141
2695,15-Feb-02,24:00:00,81.299536,0.01029,30.855589,30.855589,0,0,0.995139,0.013168,50.423911,50.423911,0,0,0.99355
2696,16-Feb-02,24:00:00,111.939362,0.011521,53.800399,47.735811,0.250302,0.199354,0.994919,0.010162,58.942108,55.36518,0.25234,0.190254,0.993514
2697,17-Feb-02,24:00:00,330.125748,0.012936,110.258769,107.799912,0,0,1,0.013073,219.737946,205.700497,0,0,1
2698,18-Feb-02,24:00:00,122.874866,0.011645,34.724113,34.724113,0,0,1,0.013376,87.584746,87.400764,0,0,1
2699,19-Feb-02,24:00:00,621.387341,0.004807,281.642165,260.760732,0.686123,0.686123,1,0.006353,346.187689,307.964968,0.908335,0.908335,1
2700,20-Feb-02,24:00:00,1101.16,0.012521,239.690702,231.565704,0.165688,0.165688,1,0.011421,858.424222,819.859764,0.195464,0.195464,1
2701,21-Feb-02,24:00:00,347.085474,0.016619,65.609844,65.609844,0,0,1,0.018499,278.823709,277.756264,0,0,1
2702,22-Feb-02,24:00:00,201.324062,0.019826,59.200264,59.200264,0,0,1,0.023662,141.847156,141.847156,0,0,1
2703,23-Feb-02,24:00:00,176.814328,0.011607,54.183334,54.183334,0,0,1,0.010284,122.540395,122.540395,0,0,1
2704,24-Feb-02,24:00:00,161.370809,0.024637,49.733998,49.733998,0,0,1,0.020899,111.562999,111.562999,0,0,1
2705,25-Feb-02,24:00:00,147.917534,0.027454,45.787973,45.787973,0,0,0.999292,0.024789,102.064347,102.064347,0,0,0.999502
2706,26-Feb-02,24:00:00,135.993937,0.026613,42.288358,42.288358,0,0,0.996392,0.025739,93.647769,93.647769,0,0,0.996944
2707,27-Feb-02,24:00:00,125.419654,0.03038,39.184686,39.184686,0,0,0.992326,0.027714,86.183707,86.183707,0,0,0.993161
2708,28-Feb-02,24:00:00,116.041932,0.036113,36.432197,36.432197,0,0,0.987923,0.032266,79.564275,79.564275,0,0,0.989011
2709,1-Mar-02,24:00:00,107.725493,0.050805,33.991191,33.991191,0,0,0.981052,0.027616,73.693981,73.693981,0,0,0.984599
2710,2-Mar-02,24:00:00,100.35036,0.033231,31.826458,31.826458,0,0,0.975277,0.02706,68.488138,68.488138,0,0,0.980709
2711,3-Mar-02,24:00:00,93.810125,0.028327,29.906767,29.906767,0,0,0.970942,0.027517,63.871632,63.871632,0,0,0.976816
2712,4-Mar-02,24:00:00,88.010411,0.028281,28.204421,28.204421,0,0,0.966886,0.028904,59.777844,59.777844,0,0,0.972807
2713,5-Mar-02,24:00:00,82.889103,0.010171,26.696682,26.694854,0.00163,0,0.964092,0.015614,56.171027,56.147688,0.037178,0,0.970069
2714,6-Mar-02,24:00:00,221.874447,0.008959,106.045022,88.97877,0.552022,0.297093,0.987173,0.010713,117.956726,96.227017,0.476558,0.297065,0.987734
2715,7-Mar-02,24:00:00,662.246237,0.020978,195.816851,188.330313,0.167427,0.167427,1,0.016711,466.969154,436.220854,0.255192,0.255192,1
2716,8-Mar-02,24:00:00,270.890332,0.026036,44.977588,44.977588,0,0,1,0.023397,223.742983,222.009279,0,0,1
2717,9-Mar-02,24:00:00,205.190218,0.014325,87.401969,78.029489,0.548686,0.548686,1,0.017473,119.075409,114.931062,0.515148,0.515148,1
2718,10-Mar-02,24:00:00,1147.95,0.020486,442.522782,422.582102,0.312133,0.312133,1,0.015177,707.056494,661.736315,0.201728,0.201728,1
2719,11-Mar-02,24:00:00,348.544766,0.029387,73.535326,73.535326,0,0,1,0.028673,272.380652,271.281525,0,0,1
2720,12-Mar-02,24:00:00,202.698733,0.021944,66.084007,66.084007,0,0,1,0.022886,136.34393,136.34393,0,0,1
2721,13-Mar-02,24:00:00,178.093579,0.025039,60.293621,60.293621,0,0,1,0.018301,117.713809,117.713809,0,0,1
2722,14-Mar-02,24:00:00,162.526954,0.03134,55.158535,55.158535,0,0,0.998172,0.025844,107.298472,107.298472,0,0,0.999413
2723,15-Mar-02,24:00:00,148.962147,0.026245,50.604536,50.604536,0,0,0.99423,0.026939,98.295816,98.295816,0,0,0.996697
2724,16-Mar-02,24:00:00,136.940196,0.025779,46.565926,46.565926,0,0,0.990356,0.023037,90.319491,90.319491,0,0,0.992917
2725,17-Mar-02,24:00:00,126.279362,0.020544,42.984435,42.984435,0,0,0.987334,0.018645,83.246354,83.246354,0,0,0.990068
2726,18-Mar-02,24:00:00,116.82555,0.0343,39.808379,39.808379,0,0,0.983162,0.028649,76.974095,76.974095,0,0,0.986657
2727,19-Mar-02,24:00:00,108.44229,0.032467,36.991923,36.991923,0,0,0.978477,0.032568,71.412164,71.412164,0,0,0.982306
2728,20-Mar-02,24:00:00,101.00855,0.029949,34.49441,34.49441,0,0,0.974033,0.030049,66.480254,66.480254,0,0,0.977848
2729,21-Mar-02,24:00:00,94.416981,0.030819,32.279783,32.279783,0,0,0.969621,0.037485,62.107141,62.107141,0,0,0.973105
2730,22-Mar-02,24:00:00,439.575113,0.007476,236.210107,211.976863,0.811429,0.583173,0.986584,0.008901,206.563064,174.968625,0.666466,0.458188,0.988044
2731,23-Mar-02,24:00:00,1191.88,0.018414,437.680001,414.721183,0.574427,0.574427,1,0.017239,755.554106,707.095684,0.505664,0.505664,1
2732,24-Mar-02,24:00:00,430.020589,0.030464,82.000777,82.000777,0,0,1,0.029338,344.33023,341.708821,0,0,1
2733,25-Mar-02,24:00:00,211.018658,0.022722,70.541216,70.541216,0,0,1,0.024244,140.070861,140.070861,0,0,1
2734,26-Mar-02,24:00:00,180.273215,0.034888,64.252216,64.252216,0,0,0.999818,0.034116,115.93008,115.93008,0,0,0.999908
2735,27-Mar-02,24:00:00,164.2543,0.03917,58.675677,58.675677,0,0,0.996721,0.036148,105.510136,105.510136,0,0,0.997189
2736,28-Mar-02,24:00:00,150.507671,0.03855,53.730287,53.730287,0,0,0.991079,0.044046,96.717084,96.717084,0,0,0.991508
2737,29-Mar-02,24:00:00,138.332183,0.030042,49.344684,49.344684,0,0,0.986256,0.045242,88.934051,88.934051,0,0,0.985155
2738,30-Mar-02,24:00:00,127.535794,0.029381,45.455576,45.455576,0,0,0.982076,0.043316,82.032827,82.032827,0,0,0.978793
2739,31-Mar-02,24:00:00,117.962167,0.03307,42.006826,42.006826,0,0,0.977627,0.042764,75.913314,75.913314,0,0,0.972613
2740,1-Apr-02,24:00:00,109.47304,0.032686,38.948646,38.948646,0,0,0.9729,0.045154,70.487121,70.487121,0,0,0.966384
2741,2-Apr-02,24:00:00,101.945797,0.018722,36.236878,36.236878,0,0,0.969183,0.041809,65.675861,65.675861,0,0,0.960157
2742,3-Apr-02,24:00:00,95.271687,0.014836,33.832356,33.832356,0,0,0.966787,0.02448,61.41001,61.41001,0,0,0.955487
2743,4-Apr-02,24:00:00,89.354256,0.015228,31.700343,31.700343,0,0,0.964551,0.014763,57.627907,57.627907,0,0,0.952601
2744,5-Apr-02,24:00:00,84.107955,0.01572,29.810029,29.810029,0,0,0.962307,0.019624,54.27486,54.27486,0,0,0.949984
2745,6-Apr-02,24:00:00,79.456911,0.038662,28.134089,28.134089,0,0,0.958447,0.034922,51.302364,51.302364,0,0,0.94624
2746,7-Apr-02,24:00:00,75.333828,0.029693,26.648288,26.648288,0,0,0.953718,0.039942,48.667396,48.667396,0,0,0.940956
2747,8-Apr-02,24:00:00,71.679018,0.02042,25.331128,25.331128,0,0,0.950082,0.035985,46.3318,46.3318,0,0,0.93538
2748,9-Apr-02,24:00:00,68.439543,0.010827,24.163545,24.163545,0,0,0.947768,0.01446,44.261731,44.261731,0,0,0.931863
2749,10-Apr-02,24:00:00,65.568452,0.0349,23.128629,23.128629,0,0,0.944525,0.042577,42.427173,42.427173,0,0,0.927734
2750,11-Apr-02,24:00:00,63.0241,0.027256,22.211383,22.211383,0,0,0.940148,0.022792,40.801502,40.801502,0,0,0.923191
2751,12-Apr-02,24:00:00,60.76955,0.043461,21.398503,21.398503,0,0,0.935059,0.048616,39.361106,39.361106,0,0,0.918036
2752,13-Apr-02,24:00:00,58.772043,0.049475,20.678193,20.678193,0,0,0.928458,0.051128,38.085041,38.085041,0,0,0.91095
2753,14-Apr-02,24:00:00,57.002523,0.046378,20.039987,20.039987,0,0,0.921668,0.040429,36.95473,36.95473,0,0,0.904456
2754,15-Apr-02,24:00:00,55.435218,0.044223,19.474604,19.474604,0,0,0.914902,0.038615,35.953699,35.953699,0,0,0.898517
2755,16-Apr-02,24:00:00,54.225544,0.019243,18.973812,18.973812,0,0,0.910434,0.015592,35.253414,35.067333,0.006219,0,0.89508
2756,17-Apr-02,24:00:00,53.076162,0.028415,18.53031,18.53031,0,0,0.907132,0.0259,34.532769,34.282672,0,0,0.894937
2757,18-Apr-02,24:00:00,51.733239,0.036761,18.137621,18.137621,0,0,0.902558,0.032594,33.590669,33.588219,0,0,0.894937
2758,19-Apr-02,24:00:00,50.768028,0.051728,17.790002,17.790002,0,0,0.896179,0.043448,32.973778,32.973778,0,0,0.894845
2759,20-Apr-02,24:00:00,49.916418,0.038699,17.482357,17.482357,0,0,0.889669,0.042778,32.430304,32.430304,0,0,0.891661
2760,21-Apr-02,24:00:00,49.163265,0.041405,17.210168,17.210168,0,0,0.884095,0.044606,31.949775,31.949775,0,0,0.885497
2761,22-Apr-02,24:00:00,48.497439,0.050834,16.969426,16.969426,0,0,0.87748,0.049434,31.525076,31.525076,0,0,0.878706
2762,23-Apr-02,24:00:00,47.909067,0.049398,16.756576,16.756576,0,0,0.870235,0.050887,31.149896,31.149896,0,0,0.871566
2763,24-Apr-02,24:00:00,47.389393,0.026325,16.568466,16.568466,0,0,0.864966,0.031018,30.818637,30.818637,0,0,0.865564
2764,25-Apr-02,24:00:00,46.930651,0.038072,16.402297,16.402297,0,0,0.860394,0.049295,30.526333,30.526333,0,0,0.859977
2765,26-Apr-02,24:00:00,46.52595,0.043393,16.25559,16.25559,0,0,0.854593,0.042474,30.268579,30.268579,0,0,0.853511
2766,27-Apr-02,24:00:00,46.169181,0.031493,16.126142,16.126142,0,0,0.84915,0.028795,30.04147,30.04147,0,0,0.848265
2767,28-Apr-02,24:00:00,45.854922,0.028894,16.012002,16.012002,0,0,0.84475,0.025239,29.841539,29.841539,0,0,0.844315
2768,29-Apr-02,24:00:00,45.578365,0.030356,15.911439,15.911439,0,0,0.840577,0.015714,29.665711,29.665711,0,0,0.841429
2769,30-Apr-02,24:00:00,45.335244,0.019432,15.822917,15.822917,0,0,0.836868,0.017189,29.511262,29.511262,0,0,0.839143
2770,1-May-02,24:00:00,45.121777,0.038352,15.745073,15.745073,0,0,0.832752,0.034072,29.37577,29.37577,0,0,0.835485
2771,2-May-02,24:00:00,44.934606,0.037367,15.676698,15.676698,0,0,0.827416,0.049711,29.257091,29.257091,0,0,0.829493
2772,3-May-02,24:00:00,44.770755,0.027739,15.61672,15.61672,0,0,0.822897,0.042678,29.153321,29.153321,0,0,0.823057
2773,4-May-02,24:00:00,44.627581,0.037446,15.564188,15.564188,0,0,0.818254,0.053518,29.06277,29.06277,0,0,0.816064
2774,5-May-02,24:00:00,44.502741,0.055433,15.518258,15.518258,0,0,0.81188,0.058369,28.983942,28.983942,0,0,0.808165
2775,6-May-02,24:00:00,44.394156,0.048594,15.478182,15.478182,0,0,0.804069,0.052686,28.915505,28.915505,0,0,0.800207
2776,7-May-02,24:00:00,44.299982,0.047651,15.443295,15.443295,0,0,0.797211,0.046588,28.856282,28.856282,0,0,0.792983
2777,8-May-02,24:00:00,44.218582,0.052997,15.413008,15.413008,0,0,0.790021,0.053048,28.805225,28.805225,0,0,0.785983
2778,9-May-02,24:00:00,44.148504,0.049402,15.386799,15.386799,0,0,0.782725,0.052869,28.761407,28.761407,0,0,0.778448
2779,10-May-02,24:00:00,44.08846,0.050764,15.364203,15.364203,0,0,0.775551,0.045631,28.724003,28.724003,0,0,0.771102
2780,11-May-02,24:00:00,44.037306,0.058599,15.344808,15.344808,0,0,0.767793,0.053702,28.692283,28.692283,0,0,0.76424
2781,12-May-02,24:00:00,43.994028,0.048403,15.328251,15.328251,0,0,0.760295,0.05776,28.665597,28.665597,0,0,0.756419
2782,13-May-02,24:00:00,43.957724,0.053829,15.314205,15.314205,0,0,0.752993,0.051063,28.64337,28.64337,0,0,0.748624
2783,14-May-02,24:00:00,43.927597,0.053685,15.302384,15.302384,0,0,0.745128,0.055567,28.625091,28.625091,0,0,0.740961
2784,15-May-02,24:00:00,43.902937,0.05938,15.292533,15.292533,0,0,0.73743,0.060953,28.610307,28.610307,0,0,0.732762
2785,16-May-02,24:00:00,43.883114,0.053956,15.284424,15.284424,0,0,0.728895,0.056113,28.598614,28.598614,0,0,0.724302
2786,17-May-02,24:00:00,43.867569,0.055023,15.277856,15.277856,0,0,0.721214,0.05738,28.589655,28.589655,0,0,0.716112
2787,18-May-02,24:00:00,43.855806,0.044793,15.272652,15.272652,0,0,0.714015,0.046318,28.583114,28.583114,0,0,0.708731
2788,19-May-02,24:00:00,43.847384,0.013565,15.268651,15.268651,0,0,0.709903,0.021458,28.578707,28.578707,0,0,0.703721
2789,20-May-02,24:00:00,47.381892,0.022778,17.440844,15.265714,0.114674,0,0.711149,0.019826,29.960754,28.576185,0.031016,0,0.704184
2790,21-May-02,24:00:00,46.384614,0.034759,16.993545,15.263716,0,0,0.724696,0.026035,29.371673,28.575326,0,0,0.706649
2791,22-May-02,24:00:00,43.845573,0.046129,15.262545,15.262545,0,0,0.724696,0.048785,28.582709,28.575931,0,0,0.706649
2792,23-May-02,24:00:00,43.839911,0.058289,15.262102,15.262102,0,0,0.72238,0.055543,28.577826,28.577826,0,0,0.704947
2793,24-May-02,24:00:00,43.84313,0.058088,15.262301,15.262301,0,0,0.715043,0.059005,28.580855,28.580855,0,0,0.698182
2794,25-May-02,24:00:00,43.847908,0.044755,15.263062,15.263062,0,0,0.707642,0.062572,28.584879,28.584879,0,0,0.689592
2795,26-May-02,24:00:00,43.854053,0.041348,15.264317,15.264317,0,0,0.70162,0.057428,28.589775,28.589775,0,0,0.680924
2796,27-May-02,24:00:00,43.861393,0.035133,15.266005,15.266005,0,0,0.696117,0.032684,28.595432,28.595432,0,0,0.674332
2797,28-May-02,24:00:00,43.869776,0.042643,15.268069,15.268069,0,0,0.690632,0.055583,28.601755,28.601755,0,0,0.668171
2798,29-May-02,24:00:00,43.879066,0.062902,15.270463,15.270463,0,0,0.683194,0.065985,28.608655,28.608655,0,0,0.659616
2799,30-May-02,24:00:00,43.889142,0.060312,15.273142,15.273142,0,0,0.67414,0.069453,28.616056,28.616056,0,0,0.649942
2800,31-May-02,24:00:00,43.899898,0.05314,15.276068,15.276068,0,0,0.666,0.062805,28.62389,28.62389,0,0,0.640371
2801,1-Jun-02,24:00:00,43.911238,0.053105,15.279206,15.279206,0,0,0.658467,0.059076,28.632094,28.632094,0,0,0.631778
2802,2-Jun-02,24:00:00,43.923076,0.053491,15.282526,15.282526,0,0,0.650848,0.058693,28.640614,28.640614,0,0,0.623349
2803,3-Jun-02,24:00:00,43.935337,0.065761,15.286,15.286,0,0,0.642835,0.065507,28.649402,28.649402,0,0,0.614598
2804,4-Jun-02,24:00:00,43.947952,0.074347,15.289605,15.289605,0,0,0.632137,0.070533,28.658414,28.658414,0,0,0.604829
2805,5-Jun-02,24:00:00,43.960861,0.082054,15.293319,15.293319,0,0,0.621616,0.074334,28.667611,28.667611,0,0,0.594492
2806,6-Jun-02,24:00:00,43.97401,0.077779,15.297121,15.297121,0,0,0.610221,0.073109,28.676958,28.676958,0,0,0.584153
2807,7-Jun-02,24:00:00,43.987351,0.071517,15.300995,15.300995,0,0,0.599522,0.070711,28.686426,28.686426,0,0,0.573843
2808,8-Jun-02,24:00:00,44.000841,0.076286,15.304926,15.304926,0,0,0.588553,0.066399,28.695985,28.695985,0,0,0.563606
2809,9-Jun-02,24:00:00,44.01444,0.082386,15.308899,15.308899,0,0,0.57728,0.062517,28.705612,28.705612,0,0,0.554523
2810,10-Jun-02,24:00:00,44.028115,0.072411,15.312902,15.312902,0,0,0.56595,0.062772,28.715284,28.715284,0,0,0.545596
2811,11-Jun-02,24:00:00,44.041834,0.058867,15.316925,15.316925,0,0,0.556633,0.067328,28.724981,28.724981,0,0,0.536352
2812,12-Jun-02,24:00:00,44.05557,0.034928,15.320956,15.320956,0,0,0.550157,0.063638,28.734685,28.734685,0,0,0.527111
2813,13-Jun-02,24:00:00,44.069296,0.035861,15.324988,15.324988,0,0,0.545088,0.061726,28.74438,28.74438,0,0,0.518072
2814,14-Jun-02,24:00:00,44.082992,0.053907,15.329011,15.329011,0,0,0.538714,0.058077,28.754051,28.754051,0,0,0.509556
2815,15-Jun-02,24:00:00,44.096635,0.056805,15.33302,15.33302,0,0,0.53073,0.061958,28.763686,28.763686,0,0,0.500949
2816,16-Jun-02,24:00:00,44.110209,0.06019,15.337007,15.337007,0,0,0.522409,0.063465,28.773273,28.773273,0,0,0.49206
2817,17-Jun-02,24:00:00,44.123697,0.06942,15.340966,15.340966,0,0,0.51336,0.064638,28.782801,28.782801,0,0,0.48286
2818,18-Jun-02,24:00:00,44.137082,0.059992,15.344892,15.344892,0,0,0.504091,0.054076,28.79226,28.79226,0,0,0.474469
2819,19-Jun-02,24:00:00,44.150353,0.063013,15.34878,15.34878,0,0,0.495056,0.066937,28.801642,28.801642,0,0,0.465761
2820,20-Jun-02,24:00:00,44.163497,0.058477,15.352627,15.352627,0,0,0.486412,0.068074,28.810938,28.810938,0,0,0.456203
2821,21-Jun-02,24:00:00,44.176502,0.050659,15.356427,15.356427,0,0,0.478622,0.058536,28.820142,28.820142,0,0,0.446949
2822,22-Jun-02,24:00:00,44.189358,0.043261,15.360178,15.360178,0,0,0.472043,0.061458,28.829247,28.829247,0,0,0.438486
2823,23-Jun-02,24:00:00,44.202056,0.060221,15.363875,15.363875,0,0,0.464522,0.062531,28.838246,28.838246,0,0,0.429583
2824,24-Jun-02,24:00:00,44.214587,0.05446,15.367517,15.367517,0,0,0.456448,0.065633,28.847135,28.847135,0,0,0.42039
2825,25-Jun-02,24:00:00,44.226943,0.056135,15.3711,15.3711,0,0,0.44836,0.070856,28.855908,28.855908,0,0,0.410719
2826,26-Jun-02,24:00:00,44.239118,0.038623,15.374621,15.374621,0,0,0.441728,0.066127,28.86456,28.86456,0,0,0.400949
2827,27-Jun-02,24:00:00,44.251105,0.054862,15.378079,15.378079,0,0,0.435155,0.069868,28.873088,28.873088,0,0,0.39124
2828,28-Jun-02,24:00:00,44.262896,0.055605,15.381471,15.381471,0,0,0.42735,0.067749,28.881487,28.881487,0,0,0.381442
2829,29-Jun-02,24:00:00,44.274488,0.068667,15.384795,15.384795,0,0,0.418447,0.06509,28.889753,28.889753,0,0,0.371915
2830,30-Jun-02,24:00:00,44.285874,0.069642,15.38805,15.38805,0,0,0.408387,0.064742,28.897883,28.897883,0,0,0.362644
2831,1-Jul-02,24:00:00,44.29705,0.069162,15.391233,15.391233,0,0,0.398516,0.071966,28.905875,28.905875,0,0,0.352916
2832,2-Jul-02,24:00:00,44.30801,0.052366,15.394344,15.394344,0,0,0.389647,0.066946,28.913724,28.913724,0,0,0.342901
2833,3-Jul-02,24:00:00,44.318752,0.050221,15.39738,15.39738,0,0,0.38263,0.072719,28.921428,28.921428,0,0,0.333247
2834,4-Jul-02,24:00:00,44.32927,0.061841,15.40034,15.40034,0,0,0.374455,0.064256,28.928985,28.928985,0,0,0.323108
2835,5-Jul-02,24:00:00,44.339561,0.059255,15.403223,15.403223,0,0,0.365762,0.064787,28.936392,28.936392,0,0,0.314069
2836,6-Jul-02,24:00:00,44.349622,0.064632,15.406028,15.406028,0,0,0.357051,0.073614,28.943647,28.943647,0,0,0.304359
2837,7-Jul-02,24:00:00,44.359449,0.061897,15.408753,15.408753,0,0,0.347885,0.065872,28.950747,28.950747,0,0,0.294035
2838,8-Jul-02,24:00:00,44.369038,0.068367,15.411398,15.411398,0,0,0.338711,0.06426,28.957691,28.957691,0,0,0.284821
2839,9-Jul-02,24:00:00,44.378388,0.073892,15.413961,15.413961,0,0,0.328582,0.069756,28.964476,28.964476,0,0,0.275229
2840,10-Jul-02,24:00:00,44.387495,0.07183,15.416442,15.416442,0,0,0.318102,0.072504,28.971101,28.971101,0,0,0.265096
2841,11-Jul-02,24:00:00,44.396356,0.062065,15.418839,15.418839,0,0,0.308448,0.076707,28.977564,28.977564,0,0,0.254718
2842,12-Jul-02,24:00:00,44.40497,0.060343,15.421152,15.421152,0,0,0.299872,0.074256,28.983864,28.983864,0,0,0.243711
2843,13-Jul-02,24:00:00,44.413332,0.055828,15.423379,15.423379,0,0,0.291412,0.069996,28.989997,28.989997,0,0,0.233341
2844,14-Jul-02,24:00:00,44.421442,0.052698,15.425521,15.425521,0,0,0.283759,0.07147,28.995964,28.995964,0,0,0.223357
2845,15-Jul-02,24:00:00,44.429297,0.045565,15.427576,15.427576,0,0,0.276689,0.058131,29.001763,29.001763,0,0,0.214105
2846,16-Jul-02,24:00:00,44.436895,0.039433,15.429544,15.429544,0,0,0.270662,0.059408,29.007392,29.007392,0,0,0.205622
2847,17-Jul-02,24:00:00,44.444233,0.044972,15.431423,15.431423,0,0,0.264637,0.065795,29.01285,29.01285,0,0,0.196721
2848,18-Jul-02,24:00:00,44.45131,0.048156,15.433214,15.433214,0,0,0.257998,0.065731,29.018135,29.018135,0,0,0.187281
2849,19-Jul-02,24:00:00,44.458125,0.058049,15.434915,15.434915,0,0,0.250362,0.065515,29.023246,29.023246,0,0,0.177858
2850,20-Jul-02,24:00:00,44.464674,0.056466,15.436526,15.436526,0,0,0.242014,0.071309,29.028183,29.028183,0,0,0.168225
2851,21-Jul-02,24:00:00,44.470956,0.028051,15.438047,15.438047,0,0,0.236104,0.056865,29.032944,29.032944,0,0,0.158928
2852,22-Jul-02,24:00:00,44.47697,0.040988,15.439476,15.439476,0,0,0.231272,0.048122,29.037528,29.037528,0,0,0.151355
2853,23-Jul-02,24:00:00,44.482715,0.045799,15.440813,15.440813,0,0,0.225079,0.059246,29.041933,29.041933,0,0,0.14381
2854,24-Jul-02,24:00:00,44.488187,0.057234,15.442058,15.442058,0,0,0.217608,0.060269,29.046159,29.046159,0,0,0.135254
2855,25-Jul-02,24:00:00,44.493387,0.044343,15.443211,15.443211,0,0,0.210454,0.057334,29.050205,29.050205,0,0,0.126762
2856,26-Jul-02,24:00:00,44.498312,0.048117,15.44427,15.44427,0,0,0.203775,0.056343,29.05407,29.05407,0,0,0.118605
2857,27-Jul-02,24:00:00,44.502962,0.045537,15.445235,15.445235,0,0,0.197045,0.048513,29.057753,29.057753,0,0,0.111164
2858,28-Jul-02,24:00:00,44.507334,0.033281,15.446106,15.446106,0,0,0.191461,0.033282,29.061252,29.061252,0,0,0.10536
2859,29-Jul-02,24:00:00,44.511427,0.043592,15.446883,15.446883,0,0,0.185975,0.046449,29.064568,29.064568,0,0,0.099676
2860,30-Jul-02,24:00:00,44.515241,0.04541,15.447564,15.447564,0,0,0.179631,0.05513,29.067699,29.067699,0,0,0.092253
2861,31-Jul-02,24:00:00,44.518774,0.037565,15.44815,15.44815,0,0,0.173739,0.054523,29.070645,29.070645,0,0,0.084876
2862,1-Aug-02,24:00:00,44.522025,0.043214,15.44864,15.44864,0,0,0.167858,0.059732,29.073404,29.073404,0,0,0.076421
2863,2-Aug-02,24:00:00,44.524993,0.034168,15.449034,15.449034,0,0,0.162398,0.056149,29.075977,29.075977,0,0,0.068209
2864,3-Aug-02,24:00:00,44.527676,0.020116,15.449332,15.449332,0,0,0.158418,0.04032,29.078361,29.078361,0,0,0.061263
2865,4-Aug-02,24:00:00,44.530074,0.047469,15.449532,15.449532,0,0,0.153583,0.053895,29.080557,29.080557,0,0,0.054522
2866,5-Aug-02,24:00:00,44.532185,0.062261,15.449635,15.449635,0,0,0.146155,0.0578,29.082564,29.082564,0,0,0.046594
2867,6-Aug-02,24:00:00,44.534009,0.05591,15.449641,15.449641,0,0,0.13737,0.054757,29.084382,29.084382,0,0,0.038414
2868,7-Aug-02,24:00:00,44.535545,0.064606,15.449548,15.449548,0,0,0.128908,0.055088,29.086008,29.086008,0,0,0.030687
2869,8-Aug-02,24:00:00,44.536792,0.065406,15.449357,15.449357,0,0,0.1196,0.060808,29.087444,29.087444,0,0,0.02234
2870,9-Aug-02,24:00:00,44.537748,0.067033,15.449068,15.449068,0,0,0.110146,0.063822,29.088689,29.088689,0,0,0.013471
2871,10-Aug-02,24:00:00,44.538414,0.065002,15.44868,15.44868,0,0,0.100685,0.065148,29.089741,29.089741,0,0,0.004475
2872,11-Aug-02,24:00:00,44.538788,0.05228,15.448193,15.448193,0,0,0.092277,0.061576,29.0906,29.0906,0,0,0
2873,12-Aug-02,24:00:00,44.538869,0.048549,15.447607,15.447607,0,0,0.085069,0.062817,29.091267,29.091267,0,0,0
2874,13-Aug-02,24:00:00,44.538658,0.043441,15.446921,15.446921,0,0,0.078489,0.064311,29.091739,29.091739,0,0,0
2875,14-Aug-02,24:00:00,44.538152,0.041885,15.446136,15.446136,0,0,0.072362,0.06167,29.092018,29.092018,0,0,0
2876,15-Aug-02,24:00:00,44.537352,0.041009,15.44525,15.44525,0,0,0.066439,0.060375,29.092102,29.092102,0,0,0
2877,16-Aug-02,24:00:00,44.536257,0.037139,15.444264,15.444264,0,0,0.060888,0.057016,29.091991,29.091991,0,0,0
2878,17-Aug-02,24:00:00,44.534866,0.037304,15.443178,15.443178,0,0,0.055547,0.063755,29.091685,29.091685,0,0,0
2879,18-Aug-02,24:00:00,44.533179,0.039357,15.441991,15.441991,0,0,0.050068,0.057134,29.091183,29.091183,0,0,0
2880,19-Aug-02,24:00:00,44.531195,0.034326,15.440704,15.440704,0,0,0.044799,0.052571,29.090485,29.090485,0,0,0
2881,20-Aug-02,24:00:00,44.528913,0.057351,15.439316,15.439316,0,0,0.038621,0.059,29.089591,29.089591,0,0,0
2882,21-Aug-02,24:00:00,44.526334,0.050334,15.437826,15.437826,0,0,0.030468,0.053457,29.088499,29.088499,0,0,0
2883,22-Aug-02,24:00:00,44.523456,0.03043,15.436235,15.436235,0,0,0.02478,0.050842,29.087211,29.087211,0,0,0
2884,23-Aug-02,24:00:00,44.52028,0.035529,15.434543,15.434543,0,0,0.020099,0.050108,29.085725,29.085725,0,0,0
2885,24-Aug-02,24:00:00,44.516804,0.035632,15.43275,15.43275,0,0,0.015029,0.056202,29.084042,29.084042,0,0,0
2886,25-Aug-02,24:00:00,44.513029,0.045519,15.430854,15.430854,0,0,0.009224,0.060158,29.08216,29.08216,0,0,0
2887,26-Aug-02,24:00:00,44.508954,0.054712,15.428857,15.428857,0,0,0.002707,0.058285,29.080081,29.080081,0,0,0
2888,27-Aug-02,24:00:00,44.504579,0.05904,15.426759,15.426759,0,0,0,0.058112,29.077803,29.077803,0,0,0
2889,28-Aug-02,24:00:00,44.499903,0.042403,15.424558,15.424558,0,0,0,0.063563,29.075326,29.075326,0,0,0
2890,29-Aug-02,24:00:00,44.494926,0.048019,15.422255,15.422255,0,0,0,0.045102,29.072651,29.072651,0,0,0
2891,30-Aug-02,24:00:00,44.489649,0.051245,15.41985,15.41985,0,0,0,0.050865,29.069777,29.069777,0,0,0
2892,31-Aug-02,24:00:00,44.48407,0.055862,15.417343,15.417343,0,0,0,0.052882,29.066703,29.066703,0,0,0
2893,1-Sep-02,24:00:00,44.47819,0.056179,15.414734,15.414734,0,0,0,0.05199,29.063431,29.063431,0,0,0
2894,2-Sep-02,24:00:00,44.472008,0.057864,15.412023,15.412023,0,0,0,0.059054,29.059959,29.059959,0,0,0
2895,3-Sep-02,24:00:00,44.465524,0.040745,15.409209,15.409209,0,0,0,0.057038,29.056288,29.056288,0,0,0
2896,4-Sep-02,24:00:00,44.458739,0.044872,15.406293,15.406293,0,0,0,0.049451,29.052417,29.052417,0,0,0
2897,5-Sep-02,24:00:00,44.451651,0.047718,15.403274,15.403274,0,0,0,0.047912,29.048347,29.048347,0,0,0
2898,6-Sep-02,24:00:00,44.444262,0.042877,15.400153,15.400153,0,0,0,0.043328,29.044077,29.044077,0,0,0
2899,7-Sep-02,24:00:00,44.43657,0.041735,15.39693,15.39693,0,0,0,0.044692,29.039607,29.039607,0,0,0
2900,8-Sep-02,24:00:00,44.428576,0.048348,15.393604,15.393604,0,0,0,0.046766,29.034937,29.034937,0,0,0
2901,9-Sep-02,24:00:00,44.42028,0.05386,15.390175,15.390175,0,0,0,0.049489,29.030068,29.030068,0,0,0
2902,10-Sep-02,24:00:00,44.411682,0.053532,15.386645,15.386645,0,0,0,0.050582,29.024999,29.024999,0,0,0
2903,11-Sep-02,24:00:00,44.402782,0.039929,15.383012,15.383012,0,0,0,0.053541,29.01973,29.01973,0,0,0
2904,12-Sep-02,24:00:00,44.393579,0.034207,15.379276,15.379276,0,0,0,0.050636,29.014262,29.014262,0,0,0
2905,13-Sep-02,24:00:00,44.384075,0.033867,15.375438,15.375438,0,0,0,0.048846,29.008594,29.008594,0,0,0
2906,14-Sep-02,24:00:00,44.374269,0.035415,15.371498,15.371498,0,0,0,0.046007,29.002727,29.002727,0,0,0
2907,15-Sep-02,24:00:00,44.364161,0.034356,15.367456,15.367456,0,0,0,0.040884,28.996659,28.996659,0,0,0
2908,16-Sep-02,24:00:00,44.353751,0.041854,15.363311,15.363311,0,0,0,0.044303,28.990393,28.990393,0,0,0
2909,17-Sep-02,24:00:00,44.34304,0.052215,15.359065,15.359065,0,0,0,0.048981,28.983927,28.983927,0,0,0
2910,18-Sep-02,24:00:00,44.332027,0.056634,15.354716,15.354716,0,0,0,0.051739,28.977262,28.977262,0,0,0
2911,19-Sep-02,24:00:00,44.320714,0.05191,15.350265,15.350265,0,0,0,0.044076,28.970398,28.970398,0,0,0
2912,20-Sep-02,24:00:00,44.309099,0.050429,15.345712,15.345712,0,0,0,0.045388,28.963335,28.963335,0,0,0
2913,21-Sep-02,24:00:00,44.297184,0.045638,15.341057,15.341057,0,0,0,0.047888,28.956073,28.956073,0,0,0
2914,22-Sep-02,24:00:00,44.284968,0.041034,15.336301,15.336301,0,0,0,0.048521,28.948612,28.948612,0,0,0
2915,23-Sep-02,24:00:00,44.272453,0.047096,15.331443,15.331443,0,0,0,0.044144,28.940953,28.940953,0,0,0
2916,24-Sep-02,24:00:00,44.259637,0.041453,15.326483,15.326483,0,0,0,0.045485,28.933095,28.933095,0,0,0
2917,25-Sep-02,24:00:00,44.246522,0.03789,15.321422,15.321422,0,0,0,0.042166,28.92504,28.92504,0,0,0
2918,26-Sep-02,24:00:00,44.233108,0.020835,15.31626,15.31626,0,0,0,0.040091,28.916786,28.916786,0,0,0
2919,27-Sep-02,24:00:00,44.219394,0.015885,15.310996,15.310996,0,0,0,0.033305,28.908335,28.908335,0,0,0
2920,28-Sep-02,24:00:00,44.205383,0.028377,15.305631,15.305631,0,0,0,0.033953,28.899687,28.899687,0,0,0
2921,29-Sep-02,24:00:00,44.191073,0.030256,15.300166,15.300166,0,0,0,0.034324,28.890841,28.890841,0,0,0
2922,30-Sep-02,24:00:00,44.176465,0.031864,15.294599,15.294599,0,0,0,0.037522,28.881799,28.881799,0,0,0
2923,1-Oct-02,24:00:00,44.16156,0.048125,15.288932,15.288932,0,0,0,0.03563,28.872559,28.872559,0,0,0
2924,2-Oct-02,24:00:00,44.146358,0.048695,15.283164,15.283164,0,0,0,0.035716,28.863123,28.863123,0,0,0
2925,3-Oct-02,24:00:00,44.13086,0.040947,15.277296,15.277296,0,0,0,0.033512,28.853492,28.853492,0,0,0
2926,4-Oct-02,24:00:00,44.115065,0.0391,15.271328,15.271328,0,0,0,0.034978,28.843664,28.843664,0,0,0
2927,5-Oct-02,24:00:00,44.098975,0.041923,15.26526,15.26526,0,0,0,0.034922,28.833641,28.833641,0,0,0
2928,6-Oct-02,24:00:00,44.08259,0.041329,15.259092,15.259092,0,0,0,0.036953,28.823422,28.823422,0,0,0
2929,7-Oct-02,24:00:00,44.06591,0.042682,15.252824,15.252824,0,0,0,0.037247,28.813009,28.813009,0,0,0
2930,8-Oct-02,24:00:00,44.048936,0.039564,15.246456,15.246456,0,0,0,0.035372,28.802401,28.802401,0,0,0
2931,9-Oct-02,24:00:00,44.031669,0.026841,15.23999,15.23999,0,0,0,0.036709,28.791599,28.791599,0,0,0
2932,10-Oct-02,24:00:00,44.014109,0.015259,15.233424,15.233424,0,0,0,0.028517,28.780604,28.780604,0,0,0
2933,11-Oct-02,24:00:00,43.996256,0.032227,15.226759,15.226759,0,0,0,0.027928,28.769414,28.769414,0,0,0
2934,12-Oct-02,24:00:00,43.978111,0.034552,15.219995,15.219995,0,0,0,0.028574,28.758032,28.758032,0,0,0
2935,13-Oct-02,24:00:00,43.959676,0.033269,15.213133,15.213133,0,0,0,0.029482,28.746457,28.746457,0,0,0
2936,14-Oct-02,24:00:00,43.940949,0.032353,15.206173,15.206173,0,0,0,0.031538,28.734689,28.734689,0,0,0
2937,15-Oct-02,24:00:00,43.921933,0.020489,15.199114,15.199114,0,0,0,0.030354,28.72273,28.72273,0,0,0
2938,16-Oct-02,24:00:00,43.902627,0.019361,15.191957,15.191957,0,0,0,0.013881,28.710579,28.710579,0,0,0
2939,17-Oct-02,24:00:00,43.883032,0.01329,15.184703,15.184703,0,0,0,0.020558,28.698237,28.698237,0,0,0
2940,18-Oct-02,24:00:00,43.863149,0.02379,15.177352,15.177352,0,0,0,0.025282,28.685705,28.685705,0,0,0
2941,19-Oct-02,24:00:00,43.842979,0.022237,15.169903,15.169903,0,0,0,0.028481,28.672982,28.672982,0,0,0
2942,20-Oct-02,24:00:00,43.822522,0.023485,15.162357,15.162357,0,0,0,0.029357,28.660069,28.660069,0,0,0
2943,21-Oct-02,24:00:00,43.801779,0.028393,15.154714,15.154714,0,0,0,0.026606,28.646967,28.646967,0,0,0
2944,22-Oct-02,24:00:00,43.78075,0.010235,15.146975,15.146975,0,0,0,0.026526,28.633677,28.633677,0,0,0
2945,23-Oct-02,24:00:00,43.759437,0.008779,15.13914,15.13914,0,0,0,0.01584,28.620197,28.620197,0,0,0
2946,24-Oct-02,24:00:00,43.73784,0.012344,15.131209,15.131209,0,0,0,0.015071,28.60653,28.60653,0,0,0
2947,25-Oct-02,24:00:00,43.71596,0.021151,15.123181,15.123181,0,0,0,0.022717,28.592676,28.592676,0,0,0
2948,26-Oct-02,24:00:00,43.693797,0.020659,15.115059,15.115059,0,0,0,0.026777,28.578634,28.578634,0,0,0
2949,27-Oct-02,24:00:00,43.671353,0.025162,15.106841,15.106841,0,0,0,0.022765,28.564406,28.564406,0,0,0
2950,28-Oct-02,24:00:00,43.648627,0.024875,15.098528,15.098528,0,0,0,0.026751,28.549992,28.549992,0,0,0
2951,29-Oct-02,24:00:00,43.625622,0.03081,15.090121,15.090121,0,0,0,0.033687,28.535393,28.535393,0,0,0
2952,30-Oct-02,24:00:00,43.602337,0.027732,15.081619,15.081619,0,0,0,0.021962,28.520609,28.520609,0,0,0
2953,31-Oct-02,24:00:00,43.578773,0.021715,15.073023,15.073023,0,0,0,0.018288,28.50564,28.50564,0,0,0
2954,1-Nov-02,24:00:00,43.554932,0.024605,15.064333,15.064333,0,0,0,0.020231,28.490488,28.490488,0,0,0
2955,2-Nov-02,24:00:00,43.530814,0.021493,15.055549,15.055549,0,0,0,0.01997,28.475152,28.475152,0,0,0
2956,3-Nov-02,24:00:00,43.50642,0.021392,15.046672,15.046672,0,0,0,0.017762,28.459633,28.459633,0,0,0
2957,4-Nov-02,24:00:00,43.481751,0.019507,15.037703,15.037703,0,0,0,0.019724,28.443932,28.443932,0,0,0
2958,5-Nov-02,24:00:00,43.456807,0.01775,15.02864,15.02864,0,0,0,0.021931,28.42805,28.42805,0,0,0
2959,6-Nov-02,24:00:00,45.121464,0.015353,16.709359,15.019485,0.068939,0,0.001886,0.020503,28.411986,28.411986,0,0,0
2960,7-Nov-02,24:00:00,153.292782,0.007061,58.239745,15.010238,1.409753,0,0.111146,0.007935,96.091181,28.395742,1.561434,0,0.112548
2961,8-Nov-02,24:00:00,302.944004,0.007599,112.755108,15.000899,2.835397,0,0.469001,0.008142,190.331439,28.379318,2.253753,0,0.42453
2962,9-Nov-02,24:00:00,154.69217,0.009036,47.84694,14.991469,0.858011,0,0.692643,0.009657,106.12249,28.362714,0.744662,0,0.60244
2963,10-Nov-02,24:00:00,103.563167,0.012756,32.242998,14.981947,0.506672,0,0.777475,0.013129,71.076652,28.345932,0.499439,0,0.694782
2964,11-Nov-02,24:00:00,64.197197,0.017906,21.50208,14.972335,0.174517,0,0.828576,0.013278,42.512436,28.328972,0.118452,0,0.734523
2965,12-Nov-02,24:00:00,45.727448,0.013663,14.962632,14.962632,0,0,0.836184,0.007738,30.760958,28.311834,0.034026,0,0.741601
2966,13-Nov-02,24:00:00,44.103095,0.014993,14.952838,14.952838,0,0,0.836184,0.016588,29.123547,28.294519,0,0,0.744538
2967,14-Nov-02,24:00:00,43.224041,0.021464,14.942955,14.942955,0,0,0.836184,0.016293,28.280465,28.277027,0,0,0.744538
2968,15-Nov-02,24:00:00,43.192473,0.017478,14.932982,14.932982,0,0,0.836184,0.015401,28.25936,28.25936,0,0,0.744538
2969,16-Nov-02,24:00:00,43.16457,0.007112,14.92292,14.92292,0,0,0.836184,0.015186,28.241518,28.241518,0,0,0.744538
2970,17-Nov-02,24:00:00,43.136404,0.017849,14.912769,14.912769,0,0,0.836184,0.017583,28.223501,28.223501,0,0,0.744538
2971,18-Nov-02,24:00:00,43.107975,0.014756,14.90253,14.90253,0,0,0.836116,0.014134,28.205311,28.205311,0,0,0.744538
2972,19-Nov-02,24:00:00,43.079284,0.015311,14.892202,14.892202,0,0,0.834889,0.000322,28.186947,28.186947,0,0,0.744538
2973,20-Nov-02,24:00:00,43.050333,0.016322,14.881786,14.881786,0,0,0.832641,0.007132,28.16841,28.16841,0,0,0.744376
2974,21-Nov-02,24:00:00,43.021122,0.015377,14.871282,14.871282,0,0,0.830363,0.016338,28.149702,28.149702,0,0,0.742964
2975,22-Nov-02,24:00:00,42.991653,0.005135,14.860691,14.860691,0,0,0.828932,0.015319,28.130822,28.130822,0,0,0.740708
2976,23-Nov-02,24:00:00,42.961926,0.011676,14.850014,14.850014,0,0,0.827726,0.013111,28.111772,28.111772,0,0,0.738681
2977,24-Nov-02,24:00:00,42.931943,0.006504,14.839249,14.839249,0,0,0.826415,0.009544,28.092551,28.092551,0,0,0.737043
2978,25-Nov-02,24:00:00,42.901704,0.032749,14.828399,14.828399,0,0,0.82442,0.016995,28.073162,28.073162,0,0,0.735314
2979,26-Nov-02,24:00:00,42.87121,0.026826,14.817462,14.817462,0,0,0.819139,0.013247,28.053603,28.053603,0,0,0.732971
2980,27-Nov-02,24:00:00,42.840463,0.019895,14.80644,14.80644,0,0,0.816077,0.013242,28.033877,28.033877,0,0,0.731086
2981,28-Nov-02,24:00:00,42.809463,0.012899,14.795333,14.795333,0,0,0.813667,0.014154,28.013984,28.013984,0,0,0.729156
2982,29-Nov-02,24:00:00,42.778212,0.012823,14.784141,14.784141,0,0,0.811834,0.012713,27.993923,27.993923,0,0,0.727222
2983,30-Nov-02,24:00:00,42.746711,0.012789,14.772864,14.772864,0,0,0.810021,0.013534,27.973697,27.973697,0,0,0.725378
2984,1-Dec-02,24:00:00,42.71496,0.013068,14.761504,14.761504,0,0,0.808157,0.012586,27.953306,27.953306,0,0,0.723481
2985,2-Dec-02,24:00:00,42.682961,0.013513,14.750059,14.750059,0,0,0.806273,0.011591,27.93275,27.93275,0,0,0.721749
2986,3-Dec-02,24:00:00,42.650714,0.012494,14.738531,14.738531,0,0,0.804409,0.013081,27.91203,27.91203,0,0,0.720021
2987,4-Dec-02,24:00:00,42.618222,0.011246,14.726921,14.726921,0,0,0.802737,0.00936,27.891147,27.891147,0,0,0.718424
2988,5-Dec-02,24:00:00,42.585484,0.012264,14.715227,14.715227,0,0,0.801044,0.01116,27.870101,27.870101,0,0,0.716911
2989,6-Dec-02,24:00:00,42.552502,0.008914,14.703451,14.703451,0,0,0.799511,0.01063,27.848894,27.848894,0,0,0.715392
2990,7-Dec-02,24:00:00,42.519277,0.011946,14.691593,14.691593,0,0,0.79802,0.011795,27.827526,27.827526,0,0,0.713758
2991,8-Dec-02,24:00:00,42.48581,0.012409,14.679654,14.679654,0,0,0.797189,0.012762,27.805997,27.805997,0,0,0.712055
2992,9-Dec-02,24:00:00,48.689629,0.003948,20.90516,14.667634,0.18648,0,0.809573,0.006456,27.784309,27.784309,0,0,0.711095
2993,10-Dec-02,24:00:00,50.190758,0.009219,16.362496,14.655532,0.04682,0,0.829979,0.007678,33.839487,27.762462,0.090762,0,0.722219
2994,11-Dec-02,24:00:00,65.014819,0.00648,28.896382,14.643351,0.548304,0,0.864202,0.005712,36.257028,27.740456,0.272238,0,0.738172
2995,12-Dec-02,24:00:00,112.654524,0.005887,54.203899,22.822423,0.957728,0.319654,0.956487,0.007326,58.818061,27.718293,1.190694,0,0.800473
2996,13-Dec-02,24:00:00,7339.22,0.006279,4304.05,842.186644,2.129988,2.129988,1,0.006078,3076.35,424.774273,2.10618,1.637517,0.997569
2997,14-Dec-02,24:00:00,12775.37,0.008391,4077.96,1226.81,2.062345,2.062345,1,0.008545,8687.49,2051.78,2.231109,2.231109,1
2998,15-Dec-02,24:00:00,5521.45,0.007403,1799.52,768.058372,1.492357,1.492357,1,0.006833,3722.68,2055.99,1.610158,1.610158,1
2999,16-Dec-02,24:00:00,10543.22,0.011933,2957.01,912.930417,0.748274,0.748274,1,0.010887,7566.26,2278.45,1.032621,1.032621,1
3000,17-Dec-02,24:00:00,1495.96,0.008802,282.119768,282.041308,0,0,1,0.008619,1202.17,1081.73,0,0,1
3001,18-Dec-02,24:00:00,766.684526,0.005381,238.532031,238.532031,0,0,1,0.004491,526.803787,526.802314,0,0,1
3002,19-Dec-02,24:00:00,1650.48,0.005353,797.011827,554.363124,1.068061,1.068061,1,0.007027,860.849532,720.680476,1.07085,1.07085,1
3003,20-Dec-02,24:00:00,3060.54,0.006268,1096.38,1037.33,1.721227,1.721227,1,0.003938,1968.60,1831.47,1.758578,1.758578,1
3004,21-Dec-02,24:00:00,2306.01,0.008528,510.879441,502.856499,0.091623,0.091623,1,0.008436,1788.01,1736.86,0.20265,0.20265,1
3005,22-Dec-02,24:00:00,1017.70,0.013352,268.435824,268.435824,0,0,1,0.010808,745.241111,743.934391,0,0,1
3006,23-Dec-02,24:00:00,755.350407,0.01187,239.456697,239.456697,0,0,1,0.009141,515.194696,515.194696,0,0,1
3007,24-Dec-02,24:00:00,665.957906,0.005783,214.006883,214.006883,0,0,1,0.004639,451.551954,451.551954,0,0,1
3008,25-Dec-02,24:00:00,608.127813,0.006399,199.682734,197.23141,0.284464,0.284464,1,0.006605,408.680327,407.726055,0.327454,0.327454,1
3009,26-Dec-02,24:00:00,1930.06,0.003387,870.840332,819.798829,1.561637,1.561637,1,0.004734,1065.48,1000.03,1.034077,1.034077,1
3010,27-Dec-02,24:00:00,3848.43,0.003279,1583.31,1132.34,2.102642,2.102642,1,0.00497,2271.14,1781.98,1.968896,1.968896,1
3011,28-Dec-02,24:00:00,4216.25,0.005849,1645.68,1180.74,1.900752,1.900752,1,0.007328,2574.33,2234.92,1.851936,1.851936,1
3012,29-Dec-02,24:00:00,2995.26,0.01196,789.723026,761.132805,0.166869,0.166869,1,0.00791,2194.96,2003.44,0.08239,0.08239,1
3013,30-Dec-02,24:00:00,1947.87,0.00459,784.613305,656.665834,1.344047,1.344047,1,0.004051,1169.83,1087.99,1.42535,1.42535,1
3014,31-Dec-02,24:00:00,5203.38,0.012528,1544.59,939.215948,0.609623,0.609623,1,0.010843,3655.45,2111.95,0.710314,0.710314,1
3015,1-Jan-03,24:00:00,1485.09,0.007496,362.987452,362.945829,0,0,1,0.005988,1114.70,1081.23,0,0,1
3016,2-Jan-03,24:00:00,967.532199,0.009136,314.11776,314.11776,0,0,1,0.00941,652.22303,652.22303,0,0,1
3017,3-Jan-03,24:00:00,841.467747,0.011354,280.213027,280.213027,0,0,1,0.011459,560.731822,560.731822,0,0,1
3018,4-Jan-03,24:00:00,750.138642,0.005847,250.144002,250.144002,0,0,1,0.004249,499.557739,499.557739,0,0,1
3019,5-Jan-03,24:00:00,669.966604,0.012778,223.474444,223.474444,0,0,1,0.011273,446.108272,446.108272,0,0,1
3020,6-Jan-03,24:00:00,598.88589,0.031949,199.81997,199.81997,0,0,1,0.010137,398.727713,398.727713,0,0,1
3021,7-Jan-03,24:00:00,535.842427,0.007237,178.839661,178.839661,0,0,1,0.011626,356.704582,356.704582,0,0,1
3022,8-Jan-03,24:00:00,479.926612,0.005353,160.231148,160.231148,0,0,1,0.012095,319.432396,319.432396,0,0,1
3023,9-Jan-03,24:00:00,649.883229,0.002697,311.778345,293.737849,0.670412,0.670412,1,0.004192,339.844893,330.756614,0.3118,0.3118,1
3024,10-Jan-03,24:00:00,1525.92,0.003481,721.82785,686.750242,0.904292,0.904292,1,0.005893,807.404739,761.710153,0.566196,0.566196,1
3025,11-Jan-03,24:00:00,867.355177,0.010936,241.408162,240.90345,0,0,1,0.005521,621.475601,614.338441,0,0,1
3026,12-Jan-03,24:00:00,2032.31,0.00279,955.542638,586.107003,1.594006,1.594006,1,0.00549,1091.16,630.484342,1.594791,1.594791,1
3027,13-Jan-03,24:00:00,4283.57,0.00439,1268.19,1093.09,1.254555,1.254555,1,0.005349,3012.08,2105.01,1.239215,1.239215,1
3028,14-Jan-03,24:00:00,1493.05,0.007737,301.687294,301.259147,0,0,1,0.011078,1181.67,1142.87,0,0,1
3029,15-Jan-03,24:00:00,720.108769,0.014275,231.923858,231.923858,0,0,1,0.01163,486.521115,486.462597,0,0,1
3030,16-Jan-03,24:00:00,596.781197,0.008385,207.294366,207.294366,0,0,1,0.011761,389.097509,389.097509,0,0,1
3031,17-Jan-03,24:00:00,531.918174,0.011646,185.464057,185.464057,0,0,1,0.013548,346.163726,346.163726,0,0,1
3032,18-Jan-03,24:00:00,476.366661,0.009257,166.102051,166.102051,0,0,1,0.014475,310.010252,310.010252,0,0,1
3033,19-Jan-03,24:00:00,427.16336,0.005902,148.929262,148.929262,0,0,1,0.014019,278.009585,278.009585,0,0,1
3034,20-Jan-03,24:00:00,383.52573,0.004854,133.698164,133.698164,0,0,1,0.007359,249.629237,249.629237,0,0,1
3035,21-Jan-03,24:00:00,543.151208,0.0055,248.551185,235.725387,0.526661,0.526661,1,0.006052,295.936751,287.873946,0.338711,0.338711,1
3036,22-Jan-03,24:00:00,1684.57,0.005078,795.296557,558.674983,1.244683,1.244683,1,0.005554,897.711867,724.865386,1.206589,1.206589,1
3037,23-Jan-03,24:00:00,1689.07,0.007597,476.628492,447.434408,0,0,1,0.00998,1205.61,1137.32,0,0,1
3038,24-Jan-03,24:00:00,565.688003,0.009066,161.237673,161.237673,0,0,1,0.005723,401.877575,401.653573,0,0,1
3039,25-Jan-03,24:00:00,416.250036,0.008313,144.400275,144.400275,0,0,1,0.011066,271.503836,271.503836,0,0,1
3040,26-Jan-03,24:00:00,369.340193,0.007986,129.680823,129.680823,0,0,1,0.010804,239.465544,239.465544,0,0,1
3041,27-Jan-03,24:00:00,332.081216,0.012009,116.625914,116.625914,0,0,1,0.012192,215.288218,215.288218,0,0,1
3042,28-Jan-03,24:00:00,299.191592,0.016652,105.047326,105.047326,0,0,1,0.011952,193.996628,193.996628,0,0,1
3043,29-Jan-03,24:00:00,270.026395,0.015821,94.778143,94.778143,0,0,1,0.016545,175.117627,175.117627,0,0,1
3044,30-Jan-03,24:00:00,244.159968,0.017402,85.670327,85.670327,0,0,1,0.015719,158.37402,158.37402,0,0,1
3045,31-Jan-03,24:00:00,221.219223,0.009349,77.592578,77.592578,0,0,0.999765,0.014963,143.524268,143.524268,0,0,0.999438
3046,1-Feb-03,24:00:00,200.873385,0.023088,70.428442,70.428442,0,0,0.997987,0.02219,130.354263,130.354263,0,0,0.997351
3047,2-Feb-03,24:00:00,182.829086,0.020412,64.074635,64.074635,0,0,0.994645,0.020389,118.674109,118.674109,0,0,0.994096
3048,3-Feb-03,24:00:00,166.826133,0.018817,58.439551,58.439551,0,0,0.9919,0.018799,108.315381,108.315381,0,0,0.991354
3049,4-Feb-03,24:00:00,152.633758,0.030262,53.441942,53.441942,0,0,0.988965,0.0197,99.128702,99.128702,0,0,0.988673
3050,5-Feb-03,24:00:00,140.047284,0.031505,49.009746,49.009746,0,0,0.983549,0.016404,90.981583,90.981583,0,0,0.985998
3051,6-Feb-03,24:00:00,128.885183,0.024497,45.079051,45.079051,0,0,0.980237,0.020576,83.756515,83.756515,0,0,0.983467
3052,7-Feb-03,24:00:00,118.986451,0.029942,41.59317,41.59317,0,0,0.975838,0.018868,77.349278,77.349278,0,0,0.980551
3053,8-Feb-03,24:00:00,110.20829,0.019116,38.501827,38.501827,0,0,0.972596,0.017179,71.667435,71.667435,0,0,0.977987
3054,9-Feb-03,24:00:00,102.424048,0.017918,35.76043,35.76043,0,0,0.969921,0.017617,66.629001,66.629001,0,0,0.975492
3055,10-Feb-03,24:00:00,95.521396,0.021118,33.329429,33.329429,0,0,0.967158,0.018787,62.16126,62.16126,0,0,0.972889
3056,11-Feb-03,24:00:00,89.400705,0.018792,31.173745,31.173745,0,0,0.964274,0.018213,58.19972,58.19972,0,0,0.970233
3057,12-Feb-03,24:00:00,92.829072,0.00849,35.774035,30.454523,0.371022,0.102864,0.967621,0.009997,57.304158,55.389959,0.330403,0.103287,0.972545
3058,13-Feb-03,24:00:00,656.925122,0.008075,267.106289,247.172883,0.371673,0.371673,1,0.00822,392.915018,347.700615,0.395793,0.395793,1
3059,14-Feb-03,24:00:00,340.221747,0.013234,55.043911,55.006107,0,0,1,0.015151,282.453569,278.364854,0,0,1
3060,15-Feb-03,24:00:00,552.836295,0.008403,291.230352,174.979237,0.894332,0.894332,1,0.008134,270.48729,190.111893,0.983158,0.983158,1
3061,16-Feb-03,24:00:00,2239.24,0.013298,741.225793,486.567485,0.270729,0.270729,1,0.014341,1493.22,1030.48,0.194272,0.194272,1
3062,17-Feb-03,24:00:00,449.60154,0.019994,88.962043,88.962043,0,0,1,0.020432,356.749859,349.339082,0,0,1
3063,18-Feb-03,24:00:00,252.727703,0.022888,79.783608,79.783608,0,0,1,0.016773,172.595292,172.595292,0,0,1
3064,19-Feb-03,24:00:00,240.310107,0.016547,77.09948,76.78182,0.009328,0.009328,1,0.01583,163.229687,161.865838,0.020598,0.020598,1
3065,20-Feb-03,24:00:00,209.315859,0.028353,66.304644,66.304644,0,0,1,0.02435,142.806652,142.71768,0,0,1
3066,21-Feb-03,24:00:00,184.793371,0.024026,60.364882,60.364882,0,0,1,0.024872,124.333306,124.333306,0,0,1
3067,22-Feb-03,24:00:00,168.215922,0.024542,55.158271,55.158271,0,0,1,0.023327,112.982054,112.982054,0,0,1
3068,23-Feb-03,24:00:00,153.881913,0.02448,50.541137,50.541137,0,0,0.998839,0.025128,103.274173,103.274173,0,0,0.999206
3069,24-Feb-03,24:00:00,141.186105,0.018217,46.44683,46.44683,0,0,0.996175,0.020202,94.68025,94.68025,0,0,0.996646
3070,25-Feb-03,24:00:00,129.928783,0.024909,42.816247,42.816247,0,0,0.993119,0.023518,87.060207,87.060207,0,0,0.993603
3071,26-Feb-03,24:00:00,119.946863,0.010999,39.596968,39.596968,0,0,0.990567,0.00978,80.303496,80.303496,0,0,0.991204
3072,27-Feb-03,24:00:00,111.096155,0.023623,36.7425,36.7425,0,0,0.988049,0.022648,74.31251,74.31251,0,0,0.988849
3073,28-Feb-03,24:00:00,103.248788,0.024893,34.211606,34.211606,0,0,0.984612,0.024531,69.000694,69.000694,0,0,0.985537
3074,1-Mar-03,24:00:00,96.291352,0.026047,31.967714,31.967714,0,0,0.98099,0.024243,64.291278,64.291278,0,0,0.98201
3075,2-Mar-03,24:00:00,90.123257,0.026753,29.978385,29.978385,0,0,0.977182,0.022614,60.116173,60.116173,0,0,0.978677
3076,3-Mar-03,24:00:00,84.655289,0.022633,28.214848,28.214848,0,0,0.973685,0.025398,56.414989,56.414989,0,0,0.975174
3077,4-Mar-03,24:00:00,79.808321,0.025915,26.651585,26.651585,0,0,0.970195,0.025541,53.134164,53.134164,0,0,0.97162
3078,5-Mar-03,24:00:00,75.512172,0.025453,25.265965,25.265965,0,0,0.966538,0.026423,50.226191,50.226191,0,0,0.967922
3079,6-Mar-03,24:00:00,71.704597,0.02741,24.037913,24.037913,0,0,0.962775,0.029448,47.648935,47.648935,0,0,0.963936
3080,7-Mar-03,24:00:00,68.330386,0.026133,22.949625,22.949625,0,0,0.958933,0.02735,45.365026,45.365026,0,0,0.959873
3081,8-Mar-03,24:00:00,65.340574,0.025645,21.985309,21.985309,0,0,0.955245,0.026551,43.341315,43.341315,0,0,0.956012
3082,9-Mar-03,24:00:00,62.691729,0.028757,21.13096,21.13096,0,0,0.951343,0.022881,41.548405,41.548405,0,0,0.952438
3083,10-Mar-03,24:00:00,60.345332,0.022389,20.374155,20.374155,0,0,0.947734,0.021241,39.96022,39.96022,0,0,0.949348
3084,11-Mar-03,24:00:00,58.267215,0.02237,19.703875,19.703875,0,0,0.944549,0.014264,38.553632,38.553632,0,0,0.946751
3085,12-Mar-03,24:00:00,56.427075,0.015455,19.110347,19.110347,0,0,0.9418,0.025434,37.308129,37.308129,0,0,0.944025
3086,13-Mar-03,24:00:00,200.024977,0.012066,145.659941,80.895666,1.083241,0.663014,0.960301,0.015583,55.829064,42.832352,0.813048,0.393482,0.954779
3087,14-Mar-03,24:00:00,1748.55,0.01751,996.904397,602.181018,1.326673,1.326673,1,0.015691,762.63401,613.302829,1.138728,1.138728,1
3088,15-Mar-03,24:00:00,5184.35,0.024225,1519.83,722.826291,0.671404,0.671404,1,0.0209,3661.26,1451.58,0.734801,0.734801,1
3089,16-Mar-03,24:00:00,774.206677,0.021733,132.486896,132.486896,0,0,1,0.024923,633.401548,576.371165,0,0,1
3090,17-Mar-03,24:00:00,348.515796,0.034174,116.231952,116.231952,0,0,1,0.029953,231.605411,231.605411,0,0,1
3091,18-Mar-03,24:00:00,295.440928,0.033933,104.728763,104.728763,0,0,0.999284,0.031463,190.546983,190.546983,0,0,0.999703
3092,19-Mar-03,24:00:00,266.079447,0.026021,94.52796,94.52796,0,0,0.996585,0.022638,171.42404,171.42404,0,0,0.997441
3093,20-Mar-03,24:00:00,240.742889,0.027719,85.481788,85.481788,0,0,0.99542,0.028318,155.148916,155.148916,0,0,0.995931
3094,21-Mar-03,24:00:00,218.297233,0.033382,77.459695,77.459695,0,0,0.99542,0.032944,140.738228,140.738228,0,0,0.995931
3095,22-Mar-03,24:00:00,198.393939,0.013716,70.345891,70.345891,0,0,0.99542,0.014252,127.960092,127.960092,0,0,0.995902
3096,23-Mar-03,24:00:00,180.744931,0.029532,64.037681,64.037681,0,0,0.993634,0.029511,116.62933,116.62933,0,0,0.995838
3097,24-Mar-03,24:00:00,165.095307,0.034296,58.443981,58.443981,0,0,0.989283,0.035741,106.582281,106.582281,0,0,0.995837
3098,25-Mar-03,24:00:00,151.219003,0.029682,53.484006,53.484006,0,0,0.984647,0.017915,97.673805,97.673805,0,0,0.99456
3099,26-Mar-03,24:00:00,138.915521,0.038536,49.086106,49.086106,0,0,0.980027,0.032342,89.775174,89.775174,0,0,0.991086
3100,27-Mar-03,24:00:00,128.007034,0.03969,45.186732,45.186732,0,0,0.974358,0.03377,82.772215,82.772215,0,0,0.986333
3101,28-Mar-03,24:00:00,118.335823,0.050152,41.729524,41.729524,0,0,0.968021,0.038398,76.563666,76.563666,0,0,0.98116
3102,29-Mar-03,24:00:00,109.762004,0.041031,38.66449,38.66449,0,0,0.961307,0.04082,71.059713,71.059713,0,0,0.975516
3103,30-Mar-03,24:00:00,102.16151,0.039174,35.947294,35.947294,0,0,0.955556,0.041797,66.180699,66.180699,0,0,0.969614
3104,31-Mar-03,24:00:00,95.424304,0.036579,33.538612,33.538612,0,0,0.950134,0.043992,61.855973,61.855973,0,0,0.963573
3105,1-Apr-03,24:00:00,89.452791,0.033572,31.403566,31.403566,0,0,0.945179,0.032114,58.022874,58.022874,0,0,0.957995
3106,2-Apr-03,24:00:00,84.160409,0.022307,29.511222,29.511222,0,0,0.941163,0.017321,54.625823,54.625823,0,0,0.95445
3107,3-Apr-03,24:00:00,79.650853,0.027761,27.989258,27.834144,0.138256,0,0.938031,0.017451,51.646264,51.615528,0.117163,0,0.952416
3108,4-Apr-03,24:00:00,123.381283,0.0255,37.276743,26.347998,0.187236,0,0.98112,0.01695,86.2318,61.446368,0.246501,0.01895,0.998202
3109,5-Apr-03,24:00:00,80.341304,0.03544,25.031201,25.031201,0,0,0.982191,0.030166,55.16502,54.330806,0,0,1
3110,6-Apr-03,24:00:00,70.360092,0.015766,23.864609,23.864609,0,0,0.982191,0.01458,46.470133,46.470133,0,0,1
3111,7-Apr-03,24:00:00,66.89512,0.039013,22.831245,22.831245,0,0,0.981329,0.038726,44.04945,44.04945,0,0,0.999987
3112,8-Apr-03,24:00:00,64.163,0.041178,21.916049,21.916049,0,0,0.977048,0.041151,42.234534,42.234534,0,0,0.997045
3113,9-Apr-03,24:00:00,61.757636,0.041091,21.105665,21.105665,0,0,0.971175,0.039737,40.640985,40.640985,0,0,0.991253
3114,10-Apr-03,24:00:00,59.628747,0.021746,20.388247,20.388247,0,0,0.966787,0.015771,39.230771,39.230771,0,0,0.987354
3115,11-Apr-03,24:00:00,57.74465,0.029962,19.753288,19.753288,0,0,0.962983,0.023153,37.982751,37.982751,0,0,0.984529
3116,12-Apr-03,24:00:00,1856.30,0.010553,816.557616,579.263142,1.849113,1.574795,0.994124,0.017709,1052.08,642.861778,1.730036,1.609631,0.998079
3117,13-Apr-03,24:00:00,2198.20,0.017878,714.606004,678.527095,0.916235,0.916235,1,0.018693,1478.31,1358.07,0.537254,0.537254,1
3118,14-Apr-03,24:00:00,677.913563,0.029417,148.335447,148.241637,0,0,1,0.03069,524.102041,520.318044,0,0,1
3119,15-Apr-03,24:00:00,335.691879,0.028106,113.343307,113.343307,0,0,1,0.02529,221.722408,221.722408,0,0,1
3120,16-Apr-03,24:00:00,480.541842,0.01562,202.36548,195.056111,0.2164,0.2164,1,0.013416,279.704669,268.30365,0.221238,0.221238,1
3121,17-Apr-03,24:00:00,419.224534,0.034972,111.373744,111.314114,0,0,1,0.035559,306.482888,302.30802,0,0,1
3122,18-Apr-03,24:00:00,273.857506,0.041329,92.470327,92.470327,0,0,1,0.040217,180.990361,180.961572,0,0,1
3123,19-Apr-03,24:00:00,237.033271,0.045477,83.693047,83.693047,0,0,0.998703,0.043002,153.216043,153.216043,0,0,0.998958
3124,20-Apr-03,24:00:00,214.615509,0.036465,75.91236,75.91236,0,0,0.994113,0.041011,138.605826,138.605826,0,0,0.994459
3125,21-Apr-03,24:00:00,196.834411,0.018872,69.012987,69.012987,0,0,0.990106,0.014024,127.779567,126.131962,0.042691,0,0.992872
3126,22-Apr-03,24:00:00,179.456133,0.032399,62.895277,62.895277,0,0,0.98639,0.023283,116.441854,115.088426,0,0,0.996638
3127,23-Apr-03,24:00:00,186.556206,0.014056,67.149228,62.554717,0.39329,0.268543,0.985568,0.012352,120.626341,116.803501,0.499676,0.47614,0.997408
3128,24-Apr-03,24:00:00,1884.60,0.027666,705.534601,582.921338,0.848445,0.848445,1,0.025018,1184.45,992.274181,0.731634,0.731634,1
3129,25-Apr-03,24:00:00,1277.92,0.019544,378.660554,359.308147,0.568496,0.568496,1,0.019227,899.793277,848.002347,0.764857,0.764857,1
3130,26-Apr-03,24:00:00,774.876623,0.032619,128.875084,128.868723,0,0,1,0.023476,640.507271,632.381474,0,0,1
3131,27-Apr-03,24:00:00,446.375477,0.025897,160.367328,148.136311,0.564771,0.564771,1,0.021277,286.928186,280.2445,0.464604,0.464604,1
3132,28-Apr-03,24:00:00,1778.60,0.016056,742.770885,703.906126,1.135101,1.135101,1,0.0128,1042.78,967.370796,1.173202,1.173202,1
3133,29-Apr-03,24:00:00,2315.56,0.018586,723.88002,689.255724,0.820026,0.820026,1,0.014161,1591.28,1509.16,0.811561,0.811561,1
3134,30-Apr-03,24:00:00,1024.30,0.024499,202.220131,202.131073,0,0,1,0.034604,815.551248,807.009454,0,0,1
3135,1-May-03,24:00:00,543.115758,0.040906,164.56576,164.56576,0,0,1,0.039887,377.46528,377.441195,0,0,1
3136,2-May-03,24:00:00,508.852194,0.01216,189.418852,183.380943,0.263715,0.263715,1,0.0164,319.911102,317.79918,0.195854,0.195854,1
3137,3-May-03,24:00:00,766.660399,0.03437,293.658424,286.514829,0.123378,0.123378,1,0.029115,472.968167,459.492185,0.029728,0.029728,1
3138,4-May-03,24:00:00,445.336627,0.029912,137.41035,137.41035,0,0,1,0.024257,306.975225,306.65212,0,0,1
3139,5-May-03,24:00:00,366.830614,0.046002,122.652452,122.652452,0,0,0.999572,0.042809,243.934655,243.934655,0,0,1
3140,6-May-03,24:00:00,328.416716,0.035545,110.491701,110.491701,0,0,0.996073,0.029617,217.755325,217.755325,0,0,0.998196
3141,7-May-03,24:00:00,296.185793,0.037355,99.708003,99.708003,0,0,0.991106,0.038831,196.329643,196.329643,0,0,0.996489
3142,8-May-03,24:00:00,267.675616,0.035486,90.145484,90.145484,0,0,0.985764,0.029644,177.39914,177.39914,0,0,0.995179
3143,9-May-03,24:00:00,242.396994,0.04179,81.666066,81.666066,0,0,0.980253,0.03799,160.61501,160.61501,0,0,0.990787
3144,10-May-03,24:00:00,219.982364,0.046063,74.147282,74.147282,0,0,0.97403,0.042107,145.732467,145.732467,0,0,0.985021
3145,11-May-03,24:00:00,200.107819,0.04832,67.480513,67.480513,0,0,0.967291,0.04903,132.53644,132.53644,0,0,0.978533
3146,12-May-03,24:00:00,182.486143,0.050312,61.569424,61.569424,0,0,0.960326,0.053579,120.836237,120.836237,0,0,0.971245
3147,13-May-03,24:00:00,166.862599,0.047972,56.328571,56.328571,0,0,0.953115,0.056012,110.462727,110.462727,0,0,0.963412
3148,14-May-03,24:00:00,153.011257,0.037127,51.682173,51.682173,0,0,0.947242,0.057082,101.265906,101.265906,0,0,0.955473
3149,15-May-03,24:00:00,140.731736,0.046127,47.563017,47.563017,0,0,0.941203,0.041457,93.112728,93.112728,0,0,0.948391
3150,16-May-03,24:00:00,129.846312,0.057636,43.911491,43.911491,0,0,0.934052,0.054626,85.885196,85.885196,0,0,0.941596
3151,17-May-03,24:00:00,120.19736,0.060066,40.674723,40.674723,0,0,0.925501,0.053366,79.47865,79.47865,0,0,0.933681
3152,18-May-03,24:00:00,111.645078,0.05512,37.805819,37.805819,0,0,0.916997,0.051154,73.800269,73.800269,0,0,0.926235
3153,19-May-03,24:00:00,104.065472,0.055045,35.263186,35.263186,0,0,0.909256,0.057449,68.767723,68.767723,0,0,0.918554
3154,20-May-03,24:00:00,97.348568,0.061734,33.009938,33.009938,0,0,0.900942,0.063823,64.307994,64.307994,0,0,0.90992
3155,21-May-03,24:00:00,91.396829,0.05898,31.013355,31.013355,0,0,0.892317,0.061767,60.356319,60.356319,0,0,0.900928
3156,22-May-03,24:00:00,86.123745,0.055786,29.24442,29.24442,0,0,0.884098,0.062854,56.855257,56.855257,0,0,0.891976
3157,23-May-03,24:00:00,81.452587,0.053101,27.677395,27.677395,0,0,0.876247,0.066878,53.753864,53.753864,0,0,0.882772
3158,24-May-03,24:00:00,77.315303,0.044334,26.289453,26.289453,0,0,0.869403,0.058813,51.006953,51.006953,0,0,0.873802
3159,25-May-03,24:00:00,73.651535,0.032382,25.060346,25.060346,0,0,0.864019,0.035755,48.574448,48.574448,0,0,0.867106
3160,26-May-03,24:00:00,70.407749,0.04687,23.972119,23.972119,0,0,0.858271,0.056205,46.420803,46.420803,0,0,0.860507
3161,27-May-03,24:00:00,67.536463,0.059988,23.008843,23.008843,0,0,0.850577,0.063064,44.514491,44.514491,0,0,0.851875
3162,28-May-03,24:00:00,64.995564,0.045629,22.156392,22.156392,0,0,0.842779,0.064654,42.82755,42.82755,0,0,0.842771
3163,29-May-03,24:00:00,62.7477,0.027299,21.402237,21.402237,0,0,0.837585,0.055483,41.335178,41.335178,0,0,0.834108
3164,30-May-03,24:00:00,60.759741,0.038215,20.735265,20.735265,0,0,0.833288,0.044593,40.015378,40.015378,0,0,0.827115
3165,31-May-03,24:00:00,59.002303,0.053845,20.145619,20.145619,0,0,0.82662,0.064964,38.84864,38.84864,0,0,0.819371
3166,1-Jun-03,24:00:00,57.449323,0.062735,19.624556,19.624556,0,0,0.81829,0.067032,37.817659,37.817659,0,0,0.809896
3167,2-Jun-03,24:00:00,56.077686,0.066462,19.164322,19.164322,0,0,0.809113,0.064118,36.907084,36.907084,0,0,0.800394
3168,3-Jun-03,24:00:00,54.866887,0.045593,18.758041,18.758041,0,0,0.800933,0.0705,36.103304,36.103304,0,0,0.790909
3169,4-Jun-03,24:00:00,53.798742,0.031194,18.399611,18.399611,0,0,0.795686,0.055048,35.394242,35.394242,0,0,0.782005
3170,5-Jun-03,24:00:00,52.857118,0.030488,18.083621,18.083621,0,0,0.791278,0.052233,34.769188,34.769188,0,0,0.774408
3171,6-Jun-03,24:00:00,52.02771,0.026742,17.805273,17.805273,0,0,0.787145,0.045694,34.218642,34.218642,0,0,0.767389
3172,7-Jun-03,24:00:00,51.297826,0.037682,17.560309,17.560309,0,0,0.782598,0.051366,33.734179,33.734179,0,0,0.760427
3173,8-Jun-03,24:00:00,50.65621,0.035068,17.344954,17.344954,0,0,0.777418,0.059108,33.308323,33.308323,0,0,0.752453
3174,9-Jun-03,24:00:00,50.092879,0.020404,17.155858,17.155858,0,0,0.773303,0.050133,32.934447,32.934447,0,0,0.744638
3175,10-Jun-03,24:00:00,49.598974,0.023316,16.99005,16.99005,0,0,0.770214,0.044294,32.606668,32.606668,0,0,0.737908
3176,11-Jun-03,24:00:00,49.166641,0.025873,16.844897,16.844897,0,0,0.766714,0.052474,32.319772,32.319772,0,0,0.731025
3177,12-Jun-03,24:00:00,48.788912,0.046305,16.718059,16.718059,0,0,0.761596,0.060054,32.069131,32.069131,0,0,0.723007
3178,13-Jun-03,24:00:00,48.459604,0.056468,16.607463,16.607463,0,0,0.754253,0.056399,31.850641,31.850641,0,0,0.714618
3179,14-Jun-03,24:00:00,48.173235,0.057993,16.511271,16.511271,0,0,0.74609,0.062444,31.660662,31.660662,0,0,0.706184
3180,15-Jun-03,24:00:00,47.924942,0.061919,16.427851,16.427851,0,0,0.737524,0.063632,31.495964,31.495964,0,0,0.69714
3181,16-Jun-03,24:00:00,47.710409,0.062593,16.355755,16.355755,0,0,0.728609,0.070787,31.353682,31.353682,0,0,0.687623
3182,17-Jun-03,24:00:00,47.525808,0.058637,16.293699,16.293699,0,0,0.719934,0.069602,31.231274,31.231274,0,0,0.677628
3183,18-Jun-03,24:00:00,47.367744,0.059965,16.240545,16.240545,0,0,0.711581,0.060227,31.126487,31.126487,0,0,0.668161
3184,19-Jun-03,24:00:00,47.233204,0.06347,16.195281,16.195281,0,0,0.702962,0.057824,31.037319,31.037319,0,0,0.659836
3185,20-Jun-03,24:00:00,47.119516,0.064722,16.157011,16.157011,0,0,0.69364,0.058593,30.961997,30.961997,0,0,0.651393
3186,21-Jun-03,24:00:00,47.024309,0.058616,16.124941,16.124941,0,0,0.684687,0.057764,30.898945,30.898945,0,0,0.643117
3187,22-Jun-03,24:00:00,46.945478,0.061624,16.098363,16.098363,0,0,0.67627,0.057828,30.846767,30.846767,0,0,0.635047
3188,23-Jun-03,24:00:00,46.881158,0.068365,16.076652,16.076652,0,0,0.667112,0.058664,30.804224,30.804224,0,0,0.626513
3189,24-Jun-03,24:00:00,46.829691,0.073679,16.059253,16.059253,0,0,0.656655,0.062745,30.770216,30.770216,0,0,0.617886
3190,25-Jun-03,24:00:00,46.789607,0.071797,16.045672,16.045672,0,0,0.646365,0.065365,30.743766,30.743766,0,0,0.608723
3191,26-Jun-03,24:00:00,46.759604,0.075652,16.035471,16.035471,0,0,0.635831,0.068553,30.724009,30.724009,0,0,0.599197
3192,27-Jun-03,24:00:00,46.738522,0.074774,16.028263,16.028263,0,0,0.625184,0.071823,30.710177,30.710177,0,0,0.589195
3193,28-Jun-03,24:00:00,46.725335,0.061776,16.023702,16.023702,0,0,0.615172,0.072026,30.701586,30.701586,0,0,0.578997
3194,29-Jun-03,24:00:00,46.71913,0.046984,16.021484,16.021484,0,0,0.607623,0.063934,30.697633,30.697633,0,0,0.569201
3195,30-Jun-03,24:00:00,46.719099,0.042888,16.021335,16.021335,0,0,0.601201,0.060881,30.697778,30.697778,0,0,0.560283
3196,1-Jul-03,24:00:00,46.724523,0.05019,16.023016,16.023016,0,0,0.594643,0.06283,30.701546,30.701546,0,0,0.551423
3197,2-Jul-03,24:00:00,46.734763,0.055705,16.026312,16.026312,0,0,0.586873,0.06165,30.708513,30.708513,0,0,0.542534
3198,3-Jul-03,24:00:00,46.749254,0.053086,16.031034,16.031034,0,0,0.579153,0.061977,30.718301,30.718301,0,0,0.533695
3199,4-Jul-03,24:00:00,46.767492,0.063331,16.037011,16.037011,0,0,0.570849,0.067791,30.730579,30.730579,0,0,0.524437
3200,5-Jul-03,24:00:00,46.78903,0.053121,16.044095,16.044095,0,0,0.562501,0.071551,30.745048,30.745048,0,0,0.514614
3201,6-Jul-03,24:00:00,46.813472,0.052926,16.052153,16.052153,0,0,0.554847,0.06691,30.761446,30.761446,0,0,0.504625
3202,7-Jul-03,24:00:00,46.840464,0.047327,16.061066,16.061066,0,0,0.54789,0.055911,30.779537,30.779537,0,0,0.495739
3203,8-Jul-03,24:00:00,46.869695,0.059237,16.070728,16.070728,0,0,0.540122,0.060396,30.799115,30.799115,0,0,0.487812
3204,9-Jul-03,24:00:00,46.900884,0.06413,16.081047,16.081047,0,0,0.531344,0.073788,30.819994,30.819994,0,0,0.478163
3205,10-Jul-03,24:00:00,46.933784,0.062888,16.091939,16.091939,0,0,0.522309,0.072451,30.84201,30.84201,0,0,0.467642
3206,11-Jul-03,24:00:00,46.968175,0.06406,16.103331,16.103331,0,0,0.513257,0.067093,30.865016,30.865016,0,0,0.457605
3207,12-Jul-03,24:00:00,47.003862,0.071094,16.115157,16.115157,0,0,0.503736,0.069842,30.888883,30.888883,0,0,0.44777
3208,13-Jul-03,24:00:00,47.04067,0.072753,16.127358,16.127358,0,0,0.493521,0.065975,30.913495,30.913495,0,0,0.437993
3209,14-Jul-03,24:00:00,47.078444,0.069256,16.139882,16.139882,0,0,0.483212,0.067832,30.938749,30.938749,0,0,0.428559
3210,15-Jul-03,24:00:00,47.117046,0.065377,16.152683,16.152683,0,0,0.473578,0.07032,30.964554,30.964554,0,0,0.41873
3211,16-Jul-03,24:00:00,47.156352,0.063004,16.16572,16.16572,0,0,0.464384,0.066013,30.990827,30.990827,0,0,0.408886
3212,17-Jul-03,24:00:00,47.196254,0.068839,16.178956,16.178956,0,0,0.455022,0.068863,31.017495,31.017495,0,0,0.399263
3213,18-Jul-03,24:00:00,47.236654,0.066224,16.192358,16.192358,0,0,0.445285,0.073752,31.044495,31.044495,0,0,0.389165
3214,19-Jul-03,24:00:00,47.277463,0.061394,16.205896,16.205896,0,0,0.436133,0.071291,31.071768,31.071768,0,0,0.378721
3215,20-Jul-03,24:00:00,47.318606,0.066376,16.219546,16.219546,0,0,0.427111,0.067471,31.099263,31.099263,0,0,0.368797
3216,21-Jul-03,24:00:00,47.360011,0.061282,16.233283,16.233283,0,0,0.417864,0.071108,31.126932,31.126932,0,0,0.358786
3217,22-Jul-03,24:00:00,47.401618,0.058151,16.247086,16.247086,0,0,0.409337,0.070704,31.154736,31.154736,0,0,0.34881
3218,23-Jul-03,24:00:00,47.44337,0.052707,16.260937,16.260937,0,0,0.40135,0.069836,31.182638,31.182638,0,0,0.338817
3219,24-Jul-03,24:00:00,47.485218,0.054433,16.27482,16.27482,0,0,0.393759,0.056875,31.210603,31.210603,0,0,0.329478
3220,25-Jul-03,24:00:00,47.527116,0.046424,16.288719,16.288719,0,0,0.386535,0.05655,31.238603,31.238603,0,0,0.321467
3221,26-Jul-03,24:00:00,47.569026,0.057247,16.30262,16.30262,0,0,0.379196,0.065113,31.266612,31.266612,0,0,0.3129
3222,27-Jul-03,24:00:00,47.610912,0.054251,16.316513,16.316513,0,0,0.371158,0.069154,31.294605,31.294605,0,0,0.303343
3223,28-Jul-03,24:00:00,47.65274,0.050255,16.330385,16.330385,0,0,0.363825,0.069668,31.322561,31.322561,0,0,0.293436
3224,29-Jul-03,24:00:00,47.694483,0.043853,16.344228,16.344228,0,0,0.357085,0.069806,31.35046,31.35046,0,0,0.283564
3225,30-Jul-03,24:00:00,47.736114,0.045083,16.358032,16.358032,0,0,0.350571,0.061524,31.378286,31.378286,0,0,0.274065
3226,31-Jul-03,24:00:00,47.777609,0.050212,16.371789,16.371789,0,0,0.343723,0.061671,31.406023,31.406023,0,0,0.265201
3227,1-Aug-03,24:00:00,47.818947,0.052226,16.385493,16.385493,0,0,0.336456,0.064501,31.433657,31.433657,0,0,0.256256
3228,2-Aug-03,24:00:00,47.860109,0.038503,16.399137,16.399137,0,0,0.330129,0.048516,31.461174,31.461174,0,0,0.248359
3229,3-Aug-03,24:00:00,47.901078,0.042142,16.412715,16.412715,0,0,0.324417,0.060135,31.488564,31.488564,0,0,0.24028
3230,4-Aug-03,24:00:00,47.941837,0.049722,16.426221,16.426221,0,0,0.317729,0.050434,31.515815,31.515815,0,0,0.232442
3231,5-Aug-03,24:00:00,47.982372,0.031888,16.439652,16.439652,0,0,0.311979,0.027319,31.542919,31.542919,0,0,0.226952
3232,6-Aug-03,24:00:00,48.02267,0.047397,16.453001,16.453001,0,0,0.306278,0.04748,31.569866,31.569866,0,0,0.221572
3233,7-Aug-03,24:00:00,48.062718,0.050928,16.466266,16.466266,0,0,0.299123,0.049902,31.596648,31.596648,0,0,0.214646
3234,8-Aug-03,24:00:00,48.102507,0.055956,16.479443,16.479443,0,0,0.291635,0.055369,31.623259,31.623259,0,0,0.207067
3235,9-Aug-03,24:00:00,48.142025,0.052664,16.492528,16.492528,0,0,0.283869,0.055408,31.649691,31.649691,0,0,0.199165
3236,10-Aug-03,24:00:00,48.181264,0.058607,16.505518,16.505518,0,0,0.276038,0.057989,31.675938,31.675938,0,0,0.191201
3237,11-Aug-03,24:00:00,48.220215,0.064863,16.518411,16.518411,0,0,0.267272,0.058493,31.701995,31.701995,0,0,0.182742
3238,12-Aug-03,24:00:00,48.25887,0.058251,16.531203,16.531203,0,0,0.258314,0.057484,31.727856,31.727856,0,0,0.1745
3239,13-Aug-03,24:00:00,48.297222,0.056482,16.543892,16.543892,0,0,0.250115,0.055961,31.753517,31.753517,0,0,0.166331
3240,14-Aug-03,24:00:00,48.335263,0.044474,16.556476,16.556476,0,0,0.242898,0.052214,31.778973,31.778973,0,0,0.158673
3241,15-Aug-03,24:00:00,48.372988,0.056024,16.568953,16.568953,0,0,0.235726,0.056622,31.80422,31.80422,0,0,0.150929
3242,16-Aug-03,24:00:00,48.410392,0.057691,16.58132,16.58132,0,0,0.227586,0.057789,31.829254,31.829254,0,0,0.142656
3243,17-Aug-03,24:00:00,48.447467,0.053546,16.593577,16.593577,0,0,0.219567,0.059123,31.854072,31.854072,0,0,0.134298
3244,18-Aug-03,24:00:00,48.484209,0.037511,16.60572,16.60572,0,0,0.213144,0.063211,31.878669,31.878669,0,0,0.125767
3245,19-Aug-03,24:00:00,48.520614,0.032363,16.617749,16.617749,0,0,0.208175,0.055222,31.903043,31.903043,0,0,0.117231
3246,20-Aug-03,24:00:00,48.556677,0.044084,16.629662,16.629662,0,0,0.202738,0.062651,31.927191,31.927191,0,0,0.108926
3247,21-Aug-03,24:00:00,48.592393,0.039095,16.641458,16.641458,0,0,0.196798,0.052289,31.95111,31.95111,0,0,0.100623
3248,22-Aug-03,24:00:00,48.627758,0.027263,16.653135,16.653135,0,0,0.192008,0.036986,31.974796,31.974796,0,0,0.094215
3249,23-Aug-03,24:00:00,48.662769,0.052161,16.664692,16.664692,0,0,0.186279,0.052032,31.998249,31.998249,0,0,0.087728
3250,24-Aug-03,24:00:00,48.697422,0.058271,16.676127,16.676127,0,0,0.178447,0.055967,32.021465,32.021465,0,0,0.080031
3251,25-Aug-03,24:00:00,48.731714,0.060319,16.68744,16.68744,0,0,0.170004,0.060237,32.044442,32.044442,0,0,0.071805
3252,26-Aug-03,24:00:00,48.76564,0.050728,16.698629,16.698629,0,0,0.162074,0.059857,32.067177,32.067177,0,0,0.063266
3253,27-Aug-03,24:00:00,48.799199,0.037198,16.709694,16.709694,0,0,0.155817,0.053146,32.08967,32.08967,0,0,0.055055
3254,28-Aug-03,24:00:00,48.832387,0.033894,16.720633,16.720633,0,0,0.15075,0.053397,32.111917,32.111917,0,0,0.047538
3255,29-Aug-03,24:00:00,48.865201,0.040931,16.731445,16.731445,0,0,0.145385,0.052588,32.133917,32.133917,0,0,0.039883
3256,30-Aug-03,24:00:00,48.897639,0.037032,16.74213,16.74213,0,0,0.139816,0.053787,32.155668,32.155668,0,0,0.032291
3257,31-Aug-03,24:00:00,48.929697,0.044844,16.752686,16.752686,0,0,0.13391,0.057641,32.177168,32.177168,0,0,0.024373
3258,1-Sep-03,24:00:00,48.961374,0.050838,16.763113,16.763113,0,0,0.127027,0.059706,32.198416,32.198416,0,0,0.016068
3259,2-Sep-03,24:00:00,48.992667,0.042358,16.77341,16.77341,0,0,0.120224,0.057158,32.21941,32.21941,0,0,0.007675
3260,3-Sep-03,24:00:00,49.023573,0.030534,16.783576,16.783576,0,0,0.115192,0.046561,32.240148,32.240148,0,0,0.001517
3261,4-Sep-03,24:00:00,49.054091,0.033775,16.79361,16.79361,0,0,0.110668,0.045972,32.26063,32.26063,0,0,0
3262,5-Sep-03,24:00:00,49.084218,0.032349,16.803512,16.803512,0,0,0.105927,0.041402,32.280853,32.280853,0,0,0
3263,6-Sep-03,24:00:00,49.113952,0.032782,16.813281,16.813281,0,0,0.101289,0.031958,32.300816,32.300816,0,0,0
3264,7-Sep-03,24:00:00,49.143291,0.041656,16.822916,16.822916,0,0,0.095789,0.03799,32.320518,32.320518,0,0,0
3265,8-Sep-03,24:00:00,49.172234,0.052084,16.832417,16.832417,0,0,0.089318,0.046223,32.339958,32.339958,0,0,0
3266,9-Sep-03,24:00:00,49.200778,0.016904,16.841783,16.841783,0,0,0.084207,0.017549,32.359134,32.359134,0,0,0
3267,10-Sep-03,24:00:00,49.228921,0.048721,16.851013,16.851013,0,0,0.079509,0.046344,32.378046,32.378046,0,0,0
3268,11-Sep-03,24:00:00,49.256662,0.054839,16.860107,16.860107,0,0,0.072266,0.047594,32.396691,32.396691,0,0,0
3269,12-Sep-03,24:00:00,49.284,0.056584,16.869064,16.869064,0,0,0.064278,0.051136,32.41507,32.41507,0,0,0
3270,13-Sep-03,24:00:00,49.310932,0.054297,16.877884,16.877884,0,0,0.056322,0.047603,32.43318,32.43318,0,0,0
3271,14-Sep-03,24:00:00,49.337457,0.041059,16.886566,16.886566,0,0,0.049445,0.051876,32.451022,32.451022,0,0,0
3272,15-Sep-03,24:00:00,49.363574,0.027982,16.895109,16.895109,0,0,0.044529,0.046099,32.468593,32.468593,0,0,0
3273,16-Sep-03,24:00:00,49.389281,0.045509,16.903514,16.903514,0,0,0.039576,0.045235,32.485893,32.485893,0,0,0
3274,17-Sep-03,24:00:00,49.414577,0.046174,16.91178,16.91178,0,0,0.032731,0.042162,32.502922,32.502922,0,0,0
3275,18-Sep-03,24:00:00,49.43946,0.049564,16.919905,16.919905,0,0,0.025919,0.037485,32.519677,32.519677,0,0,0
3276,19-Sep-03,24:00:00,49.46393,0.047499,16.927891,16.927891,0,0,0.018961,0.046387,32.536159,32.536159,0,0,0
3277,20-Sep-03,24:00:00,49.487984,0.050701,16.935736,16.935736,0,0,0.012006,0.042412,32.552366,32.552366,0,0,0
3278,21-Sep-03,24:00:00,49.511622,0.05024,16.94344,16.94344,0,0,0.004802,0.049002,32.568298,32.568298,0,0,0
3279,22-Sep-03,24:00:00,49.534843,0.051833,16.951003,16.951003,0,0,0.000371,0.047296,32.583954,32.583954,0,0,0
3280,23-Sep-03,24:00:00,49.557645,0.037952,16.958424,16.958424,0,0,0,0.046355,32.599333,32.599333,0,0,0
3281,24-Sep-03,24:00:00,49.580028,0.02837,16.965703,16.965703,0,0,0,0.044559,32.614435,32.614435,0,0,0
3282,25-Sep-03,24:00:00,49.60199,0.025838,16.972839,16.972839,0,0,0,0.037625,32.629259,32.629259,0,0,0
3283,26-Sep-03,24:00:00,49.623531,0.021916,16.979833,16.979833,0,0,0,0.021375,32.643804,32.643804,0,0,0
3284,27-Sep-03,24:00:00,49.64465,0.024665,16.986684,16.986684,0,0,0,0.024633,32.65807,32.65807,0,0,0
3285,28-Sep-03,24:00:00,49.665345,0.023172,16.993391,16.993391,0,0,0,0.024144,32.672055,32.672055,0,0,0
3286,29-Sep-03,24:00:00,49.685616,0.03579,16.999955,16.999955,0,0,0,0.036359,32.685761,32.685761,0,0,0
3287,30-Sep-03,24:00:00,49.705462,0.031523,17.006375,17.006375,0,0,0,0.03589,32.699185,32.699185,0,0,0
3288,1-Oct-03,24:00:00,49.724883,0.024347,17.01265,17.01265,0,0,0,0.036563,32.712328,32.712328,0,0,0
3289,2-Oct-03,24:00:00,49.743877,0.025729,17.018782,17.018782,0,0,0,0.035136,32.725188,32.725188,0,0,0
3290,3-Oct-03,24:00:00,49.762444,0.024165,17.024768,17.024768,0,0,0,0.034715,32.737767,32.737767,0,0,0
3291,4-Oct-03,24:00:00,49.780583,0.025379,17.03061,17.03061,0,0,0,0.037177,32.750062,32.750062,0,0,0
3292,5-Oct-03,24:00:00,49.798294,0.032512,17.036307,17.036307,0,0,0,0.034039,32.762074,32.762074,0,0,0
3293,6-Oct-03,24:00:00,49.815577,0.036905,17.041859,17.041859,0,0,0,0.043233,32.773803,32.773803,0,0,0
3294,7-Oct-03,24:00:00,49.83243,0.03688,17.047265,17.047265,0,0,0,0.042081,32.785248,32.785248,0,0,0
3295,8-Oct-03,24:00:00,49.848853,0.033561,17.052526,17.052526,0,0,0,0.035513,32.796408,32.796408,0,0,0
3296,9-Oct-03,24:00:00,49.864845,0.047462,17.057641,17.057641,0,0,0,0.044558,32.807284,32.807284,0,0,0
3297,10-Oct-03,24:00:00,49.880408,0.046212,17.06261,17.06261,0,0,0,0.03561,32.817875,32.817875,0,0,0
3298,11-Oct-03,24:00:00,49.895538,0.034268,17.067433,17.067433,0,0,0,0.037564,32.82818,32.82818,0,0,0
3299,12-Oct-03,24:00:00,49.910238,0.035697,17.07211,17.07211,0,0,0,0.033102,32.8382,32.8382,0,0,0
3300,13-Oct-03,24:00:00,49.924505,0.037209,17.076641,17.076641,0,0,0,0.029586,32.847935,32.847935,0,0,0
3301,14-Oct-03,24:00:00,49.938341,0.034061,17.081025,17.081025,0,0,0,0.031455,32.857384,32.857384,0,0,0
3302,15-Oct-03,24:00:00,49.951744,0.030181,17.085263,17.085263,0,0,0,0.034319,32.866547,32.866547,0,0,0
3303,16-Oct-03,24:00:00,49.964715,0.032392,17.089355,17.089355,0,0,0,0.03199,32.875424,32.875424,0,0,0
3304,17-Oct-03,24:00:00,49.977252,0.029833,17.0933,17.0933,0,0,0,0.026909,32.884015,32.884015,0,0,0
3305,18-Oct-03,24:00:00,49.989357,0.029704,17.097098,17.097098,0,0,0,0.030566,32.892319,32.892319,0,0,0
3306,19-Oct-03,24:00:00,50.001029,0.027313,17.10075,17.10075,0,0,0,0.024393,32.900337,32.900337,0,0,0
3307,20-Oct-03,24:00:00,50.012268,0.032364,17.104256,17.104256,0,0,0,0.026074,32.908068,32.908068,0,0,0
3308,21-Oct-03,24:00:00,50.023073,0.033131,17.107614,17.107614,0,0,0,0.034337,32.915513,32.915513,0,0,0
3309,22-Oct-03,24:00:00,50.033445,0.025313,17.110826,17.110826,0,0,0,0.028902,32.922671,32.922671,0,0,0
3310,23-Oct-03,24:00:00,50.043384,0.034412,17.113891,17.113891,0,0,0,0.026889,32.929542,32.929542,0,0,0
3311,24-Oct-03,24:00:00,50.05289,0.029561,17.11681,17.11681,0,0,0,0.02398,32.936127,32.936127,0,0,0
3312,25-Oct-03,24:00:00,50.061962,0.031503,17.119581,17.119581,0,0,0,0.023908,32.942426,32.942426,0,0,0
3313,26-Oct-03,24:00:00,50.070601,0.031644,17.122207,17.122207,0,0,0,0.023838,32.948438,32.948438,0,0,0
3314,27-Oct-03,24:00:00,50.078808,0.030648,17.124685,17.124685,0,0,0,0.024719,32.954163,32.954163,0,0,0
3315,28-Oct-03,24:00:00,50.086581,0.030539,17.127017,17.127017,0,0,0,0.020122,32.959603,32.959603,0,0,0
3316,29-Oct-03,24:00:00,50.093921,0.040158,17.129203,17.129203,0,0,0,0.034046,32.964755,32.964755,0,0,0
3317,30-Oct-03,24:00:00,50.100829,0.026766,17.131242,17.131242,0,0,0,0.022593,32.969622,32.969622,0,0,0
3318,31-Oct-03,24:00:00,50.107305,0.014425,17.133135,17.133135,0,0,0,0.008661,32.974203,32.974203,0,0,0
3319,1-Nov-03,24:00:00,50.113348,0.02185,17.134881,17.134881,0,0,0,0.017848,32.978498,32.978498,0,0,0
3320,2-Nov-03,24:00:00,50.227673,0.010517,17.245194,17.136481,0.019259,0,0.000172,0.007839,32.982507,32.982507,0,0,0
3321,3-Nov-03,24:00:00,50.671259,0.01791,17.685054,17.137935,0,0,0.002751,0.01714,32.986231,32.986231,0,0,0
3322,4-Nov-03,24:00:00,50.128889,0.017344,17.139243,17.139243,0,0,0.002751,0.011923,32.98967,32.98967,0,0,0
3323,5-Nov-03,24:00:00,50.133207,0.008816,17.140406,17.140406,0,0,0.002751,0.007213,32.992823,32.992823,0,0,0
3324,6-Nov-03,24:00:00,50.137094,0.009864,17.141422,17.141422,0,0,0.002751,0.006746,32.995692,32.995692,0,0,0
3325,7-Nov-03,24:00:00,53.077679,0.007204,20.022535,17.142293,0.369678,0,0.008362,0.008117,33.06645,32.998276,0.188714,0,0.000652
3326,8-Nov-03,24:00:00,313.881149,0.005576,123.454404,17.143018,2.993508,0,0.296033,0.00607,191.778455,33.000576,2.757973,0,0.246777
3327,9-Nov-03,24:00:00,138.986056,0.01596,32.237952,17.143598,0.286635,0,0.521397,0.008172,105.446662,33.002591,0.351149,0,0.466585
3328,10-Nov-03,24:00:00,51.524757,0.019938,17.144033,17.144033,0,0,0.524154,0.013956,34.321522,33.004323,0,0,0.471119
3329,11-Nov-03,24:00:00,50.150086,0.019832,17.144323,17.144323,0,0,0.524154,0.01587,33.005772,33.005772,0,0,0.471119
3330,12-Nov-03,24:00:00,50.151398,0.020508,17.144468,17.144468,0,0,0.524154,0.016759,33.006938,33.006938,0,0,0.471119
3331,13-Nov-03,24:00:00,50.152284,0.006563,17.144469,17.144469,0,0,0.524154,0.013883,33.00782,33.00782,0,0,0.471119
3332,14-Nov-03,24:00:00,70.952632,0.007074,26.009277,17.144325,0.306334,0,0.542005,0.008991,45.089893,33.008421,0.258079,0,0.486719
3333,15-Nov-03,24:00:00,60.108198,0.00968,20.881828,17.144036,0.063762,0,0.576345,0.006262,39.082867,33.008739,0,0,0.507988
3334,16-Nov-03,24:00:00,50.203131,0.009722,17.143604,17.143604,0,0,0.577025,0.006111,33.056367,33.008776,0,0,0.507988
3335,17-Nov-03,24:00:00,50.151562,0.017128,17.143027,17.143027,0,0,0.577025,0.014595,33.008532,33.008532,0,0,0.507988
3336,18-Nov-03,24:00:00,50.150319,0.015775,17.142307,17.142307,0,0,0.577025,0.013054,33.008007,33.008007,0,0,0.507988
3337,19-Nov-03,24:00:00,50.148652,0.012448,17.141444,17.141444,0,0,0.577025,0.012185,33.007201,33.007201,0,0,0.507988
3338,20-Nov-03,24:00:00,50.146562,0.01617,17.140437,17.140437,0,0,0.577025,0.015002,33.006116,33.006116,0,0,0.507988
3339,21-Nov-03,24:00:00,50.144049,0.023801,17.139288,17.139288,0,0,0.576829,0.014323,33.004751,33.004751,0,0,0.507988
3340,22-Nov-03,24:00:00,50.141115,0.018216,17.137995,17.137995,0,0,0.574999,0.012903,33.003106,33.003106,0,0,0.507988
3341,23-Nov-03,24:00:00,50.137759,0.014673,17.13656,17.13656,0,0,0.572715,0.011911,33.001184,33.001184,0,0,0.507581
3342,24-Nov-03,24:00:00,50.133984,0.013714,17.134983,17.134983,0,0,0.570687,0.01318,32.998983,32.998983,0,0,0.506147
3343,25-Nov-03,24:00:00,50.129788,0.015438,17.133264,17.133264,0,0,0.568622,0.011763,32.996505,32.996505,0,0,0.504341
3344,26-Nov-03,24:00:00,50.125175,0.016207,17.131403,17.131403,0,0,0.566383,0.013604,32.99375,32.99375,0,0,0.502546
3345,27-Nov-03,24:00:00,50.120143,0.011327,17.129401,17.129401,0,0,0.564361,0.011591,32.990718,32.990718,0,0,0.500742
3346,28-Nov-03,24:00:00,50.114694,0.005187,17.127258,17.127258,0,0,0.56319,0.006398,32.987411,32.987411,0,0,0.499498
3347,29-Nov-03,24:00:00,57.618707,0.006136,17.124974,17.124974,0,0,0.562823,0.004737,40.594212,32.983827,0.152302,0,0.50959
3348,30-Nov-03,24:00:00,96.148243,0.00444,36.964929,17.122549,0.646761,0,0.592767,0.00495,59.722366,32.979969,0.654322,0,0.551541
3349,1-Dec-03,24:00:00,225.631807,0.004552,82.937387,17.119984,2.109025,0,0.801077,0.00519,143.039126,32.975837,1.834905,0,0.744227
3350,2-Dec-03,24:00:00,105.817993,0.006725,27.148417,17.117278,0.054304,0,0.963944,0.006764,77.710621,32.971431,0.047112,0,0.882814
3351,3-Dec-03,24:00:00,50.589763,0.012596,17.114434,17.114434,0,0,0.964264,0.012715,33.45025,32.966752,0,0,0.883091
3352,4-Dec-03,24:00:00,61.8883,0.002727,24.988798,17.816775,0.314464,0.064315,0.973321,0.004249,37.042811,32.961801,0.16474,0,0.888456
3353,5-Dec-03,24:00:00,227.024044,0.004878,173.857297,161.846544,0.326274,0.326274,1,0.004897,53.05625,32.956577,0.236534,0,0.930358
3354,6-Dec-03,24:00:00,1994.70,0.003378,1203.84,657.615283,1.440666,1.440666,1,0.005031,803.341691,319.203769,1.392028,0.974939,0.989217
3355,7-Dec-03,24:00:00,1126.50,0.012866,203.51434,194.421959,0,0,1,0.010666,912.369721,710.23021,0,0,1
3356,8-Dec-03,24:00:00,274.617354,0.011196,90.604635,90.604635,0,0,1,0.009212,182.421185,181.876485,0,0,1
3357,9-Dec-03,24:00:00,941.473062,0.006085,611.437286,360.039175,1.278785,1.278785,1,0.004952,339.385845,278.414123,1.243093,1.243093,1
3358,10-Dec-03,24:00:00,3025.26,0.011079,992.694749,662.586026,0.876888,0.876888,1,0.005786,2031.59,1454.30,0.923125,0.923125,1
3359,11-Dec-03,24:00:00,1281.03,0.0128,362.924844,348.071823,0,0,1,0.012981,912.248355,878.259657,0,0,1
3360,12-Dec-03,24:00:00,735.010989,0.001998,299.739818,284.693102,0.55875,0.55875,1,0.003771,436.712078,420.777554,0.518279,0.518279,1
3361,13-Dec-03,24:00:00,1666.89,0.006865,683.052553,628.771653,1.39116,1.39116,1,0.004621,988.990492,924.386316,1.29109,1.29109,1
3362,14-Dec-03,24:00:00,3964.34,0.015953,1274.47,755.043213,0.535176,0.535176,1,0.014055,2689.07,1661.37,0.588882,0.588882,1
3363,15-Dec-03,24:00:00,947.427473,0.011128,214.234577,214.234577,0,0,1,0.009501,726.422317,697.634305,0,0,1
3364,16-Dec-03,24:00:00,568.149719,0.010552,190.091582,190.091582,0,0,1,0.010527,377.322417,377.322417,0,0,1
3365,17-Dec-03,24:00:00,494.29683,0.010858,170.522104,170.522104,0,0,1,0.010446,323.495398,323.495398,0,0,1
3366,18-Dec-03,24:00:00,443.449928,0.011366,153.165417,153.165417,0,0,1,0.012436,290.05343,290.05343,0,0,1
3367,19-Dec-03,24:00:00,634.710491,0.004577,287.151973,269.86534,0.595821,0.595821,1,0.004545,351.455127,333.27868,0.622182,0.622182,1
3368,20-Dec-03,24:00:00,1513.53,0.003231,570.324295,539.331212,0.863666,0.863666,1,0.005262,946.884864,884.148799,0.919288,0.919288,1
3369,21-Dec-03,24:00:00,1415.09,0.00972,327.569997,326.150364,0,0,1,0.009326,1082.56,1054.94,0,0,1
3370,22-Dec-03,24:00:00,578.520498,0.008007,160.603574,160.603574,0,0,1,0.009188,415.603314,415.412371,0,0,1
3371,23-Dec-03,24:00:00,1581.46,0.003645,710.193449,658.965779,1.644103,1.644103,1,0.005874,880.988611,809.374176,1.673977,1.673977,1
3372,24-Dec-03,24:00:00,7899.08,0.00715,2943.58,922.235603,1.015154,1.015154,1,0.005706,4958.75,2029.77,1.11164,1.11164,1
3373,25-Dec-03,24:00:00,1443.35,0.012338,250.010347,249.865742,0,0,1,0.008213,1181.37,1027.40,0,0,1
3374,26-Dec-03,24:00:00,683.433228,0.010764,207.884323,207.884323,0,0,1,0.009636,474.196656,474.167056,0,0,1
3375,27-Dec-03,24:00:00,576.707338,0.010266,186.293937,186.293937,0,0,1,0.008423,390.044449,390.044449,0,0,1
3376,28-Dec-03,24:00:00,532.158289,0.0072,179.825643,176.378286,0.33166,0.33166,1,0.003623,352.521063,351.800008,0.298994,0.298994,1
3377,29-Dec-03,24:00:00,6307.00,0.006054,1909.79,964.806199,1.472896,1.472896,1,0.007636,4414.69,1361.73,1.554368,1.554368,1
3378,30-Dec-03,24:00:00,1819.45,0.012629,257.328682,257.25318,0,0,1,0.006628,1545.23,1171.12,0,0,1
3379,31-Dec-03,24:00:00,666.576068,0.008879,194.53126,194.53126,0,0,1,0.009268,470.229509,470.206032,0,0,1
3380,1-Jan-04,24:00:00,972.627466,0.008762,252.838518,247.552259,0.155238,0.155238,1,0.007545,723.247683,689.187862,0.526405,0.526405,1
3381,2-Jan-04,24:00:00,736.09569,0.006125,164.967233,164.967233,0,0,1,0.005361,567.713717,564.644471,0,0,1
3382,3-Jan-04,24:00:00,499.973691,0.011533,147.102012,147.102012,0,0,1,0.010096,352.266828,352.266828,0,0,1
3383,4-Jan-04,24:00:00,437.193842,0.009344,132.388304,132.388304,0,0,1,0.008736,304.546894,304.546894,0,0,1
3384,5-Jan-04,24:00:00,392.881986,0.011309,119.338458,119.338458,0,0,1,0.010044,273.327948,273.327948,0,0,1
3385,6-Jan-04,24:00:00,354.059957,0.009025,107.764119,107.764119,0,0,1,0.011187,246.105805,246.105805,0,0,1
3386,7-Jan-04,24:00:00,657.663851,0.003581,309.057586,294.209853,0.436788,0.436788,1,0.005408,350.034086,336.859144,0.209403,0.209403,1
3387,8-Jan-04,24:00:00,697.199137,0.006323,297.687303,285.406581,0.359874,0.359874,1,0.006519,399.285085,387.924579,0.156269,0.156269,1
3388,9-Jan-04,24:00:00,1548.65,0.003234,748.176851,431.288299,0.871614,0.871614,1,0.007028,808.421494,546.187804,0.892522,0.892522,1
3389,10-Jan-04,24:00:00,1164.33,0.005547,240.224468,236.063004,0,0,1,0.007718,916.457683,821.207898,0,0,1
3390,11-Jan-04,24:00:00,443.649252,0.008105,130.371463,130.371463,0,0,1,0.007532,311.724905,311.625488,0,0,1
3391,12-Jan-04,24:00:00,348.420412,0.005524,117.515573,117.515573,0,0,1,0.004924,230.660764,230.660764,0,0,1
3392,13-Jan-04,24:00:00,312.240556,0.007057,106.146625,106.146625,0,0,1,0.011271,205.938016,205.938016,0,0,1
3393,14-Jan-04,24:00:00,379.031303,0.006411,149.605077,145.30731,0.128287,0.128287,1,0.005332,230.323734,224.031727,0.121386,0.121386,1
3394,15-Jan-04,24:00:00,385.764243,0.008368,124.856821,122.951386,0.055431,0.055431,1,0.010601,260.176262,256.964694,0.020517,0.020517,1
3395,16-Jan-04,24:00:00,280.607248,0.006105,93.223101,93.170238,0,0,1,0.006099,186.985882,186.482656,0,0,1
3396,17-Jan-04,24:00:00,232.168539,0.010341,79.252518,79.252518,0,0,1,0.008832,152.771163,152.76909,0,0,1
3397,18-Jan-04,24:00:00,209.96659,0.005719,72.20833,72.20833,0,0,1,0.009754,137.664068,137.664068,0,0,1
3398,19-Jan-04,24:00:00,191.772975,0.012057,65.962581,65.962581,0,0,1,0.015543,125.728713,125.728713,0,0,1
3399,20-Jan-04,24:00:00,175.705311,0.010734,60.423109,60.423109,0,0,1,0.013948,115.209882,115.209882,0,0,1
3400,21-Jan-04,24:00:00,161.457076,0.016182,55.510058,55.510058,0,0,1,0.01373,105.882917,105.882917,0,0,1
3401,22-Jan-04,24:00:00,148.820273,0.012608,51.1526,51.1526,0,0,1,0.011539,97.610845,97.610845,0,0,1
3402,23-Jan-04,24:00:00,137.612634,0.010665,47.287915,47.287915,0,0,1,0.009489,90.274329,90.274329,0,0,1
3403,24-Jan-04,24:00:00,127.672565,0.006897,43.860289,43.860289,0,0,1,0.009597,83.76759,83.76759,0,0,1
3404,25-Jan-04,24:00:00,118.856749,0.016054,40.820305,40.820305,0,0,1,0.014347,77.99681,77.99681,0,0,1
3405,26-Jan-04,24:00:00,111.038072,0.007902,38.124136,38.124136,0,0,1,0.006932,72.878781,72.878781,0,0,1
3406,27-Jan-04,24:00:00,463.232722,0.007184,233.120411,219.219153,0.409289,0.409289,1,0.007641,232.565086,214.012042,0.313316,0.313316,1
3407,28-Jan-04,24:00:00,309.942253,0.01278,63.11407,63.077974,0,0,1,0.011388,244.830903,241.286255,0,0,1
3408,29-Jan-04,24:00:00,149.025555,0.005866,48.419964,48.419964,0,0,1,0.009631,100.268053,100.266527,0,0,1
3409,30-Jan-04,24:00:00,139.829358,0.018746,54.152727,53.296226,0.026345,0.026345,1,0.01309,85.753756,85.047359,0.016999,0.016999,1
3410,31-Jan-04,24:00:00,136.111248,0.022014,46.657306,46.616699,0,0,1,0.017267,89.324636,88.835175,0,0,1
3411,1-Feb-04,24:00:00,209.305769,0.004122,98.518162,93.878154,0.138914,0.138914,1,0.005322,111.270049,107.069888,0.068721,0.068721,1
3412,2-Feb-04,24:00:00,3088.93,0.006236,1463.45,617.504523,1.576799,1.576799,1,0.006108,1638.68,659.461245,1.586258,1.586258,1
3413,3-Feb-04,24:00:00,2120.58,0.010267,552.242594,529.5291,0.519739,0.519739,1,0.007179,1560.32,1368.56,0.431164,0.431164,1
3414,4-Feb-04,24:00:00,630.948348,0.014844,133.631257,133.609413,0,0,1,0.016538,492.497299,489.726161,0,0,1
3415,5-Feb-04,24:00:00,350.336213,0.016047,114.941502,114.941502,0,0,1,0.016236,234.847968,234.846739,0,0,1
3416,6-Feb-04,24:00:00,330.116696,0.01554,120.573991,118.284299,0.084305,0.084305,1,0.009013,210.030366,207.629961,0.109701,0.109701,1
3417,7-Feb-04,24:00:00,398.706788,0.01979,122.35514,121.774043,0,0,1,0.01701,275.929243,270.65259,0,0,1
3418,8-Feb-04,24:00:00,274.643761,0.018502,88.971579,88.971579,0,0,1,0.015469,185.284819,185.224285,0,0,1
3419,9-Feb-04,24:00:00,238.298767,0.034523,80.818488,80.818488,0,0,1,0.019224,157.354924,157.354924,0,0,1
3420,10-Feb-04,24:00:00,216.413415,0.0275,73.601481,73.601481,0,0,0.999975,0.019076,142.714707,142.714707,0,0,1
3421,11-Feb-04,24:00:00,197.550811,0.021712,67.200811,67.200811,0,0,0.99844,0.018832,130.264413,130.264413,0,0,1
3422,12-Feb-04,24:00:00,180.841941,0.022185,61.524172,61.524172,0,0,0.995304,0.024029,119.241953,119.241953,0,0,0.999233
3423,13-Feb-04,24:00:00,166.023967,0.013646,56.489698,56.489698,0,0,0.992661,0.011279,109.467077,109.467077,0,0,0.99721
3424,14-Feb-04,24:00:00,152.882491,0.016121,52.02478,52.02478,0,0,0.990595,0.014583,100.79815,100.79815,0,0,0.995426
3425,15-Feb-04,24:00:00,145.118867,0.008378,48.065019,48.065019,0,0,0.988814,0.007205,97.192684,95.088407,0.069416,0.02975,0.996373
3426,16-Feb-04,24:00:00,4224.73,0.005585,1916.77,627.363304,2.029606,1.947315,0.998376,0.007576,2331.21,751.794523,2.088383,2.088383,1
3427,17-Feb-04,24:00:00,13680.58,0.00823,5001.53,1250.08,2.4,2.4,1,0.008247,8694.73,2341.60,2.4,2.4,1
3428,18-Feb-04,24:00:00,4358.17,0.024844,768.31024,696.410914,0.302154,0.302154,1,0.017692,3557.78,2124.04,0.260546,0.260546,1
3429,19-Feb-04,24:00:00,942.948264,0.021455,223.271153,223.271153,0,0,1,0.020326,713.876569,708.222623,0,0,1
3430,20-Feb-04,24:00:00,627.877584,0.00802,199.057959,199.057959,0,0,1,0.016928,428.136943,428.136943,0,0,1
3431,21-Feb-04,24:00:00,551.248406,0.009161,178.473795,178.473795,0,0,1,0.010429,372.454065,372.454065,0,0,1
3432,22-Feb-04,24:00:00,494.138855,0.010266,160.217874,160.217874,0,0,1,0.010284,333.649367,333.649367,0,0,1
3433,23-Feb-04,24:00:00,443.891369,0.016636,144.0268,144.0268,0,0,1,0.016657,299.625199,299.625199,0,0,1
3434,24-Feb-04,24:00:00,668.215946,0.021114,239.159145,231.767871,0.217054,0.217054,1,0.017635,430.623512,414.922847,0.243374,0.243374,1
3435,25-Feb-04,24:00:00,5823.19,0.01872,2263.08,776.860553,1.690118,1.690118,1,0.01575,3573.81,1085.83,1.745957,1.745957,1
3436,26-Feb-04,24:00:00,2898.07,0.018308,789.378462,752.777155,0.957481,0.957481,1,0.013486,2101.78,1768.75,0.989713,0.989713,1
3437,27-Feb-04,24:00:00,1270.26,0.024691,256.612132,256.210802,0,0,1,0.01892,1006.16,994.442269,0,0,1
3438,28-Feb-04,24:00:00,652.187341,0.024446,194.572098,194.572098,0,0,1,0.022479,456.206636,456.166252,0,0,1
3439,29-Feb-04,24:00:00,545.488258,0.021877,174.486132,174.486132,0,0,1,0.02289,370.645959,370.645959,0,0,1
3440,1-Mar-04,24:00:00,726.922628,0.013852,257.844235,250.25633,0.227624,0.227624,1,0.013207,470.817061,455.66881,0.258062,0.258062,1
3441,2-Mar-04,24:00:00,608.401722,0.039642,165.153053,164.989749,0,0,1,0.028126,441.434111,438.390595,0,0,1
3442,3-Mar-04,24:00:00,436.429718,0.027134,136.2698,136.2698,0,0,1,0.020216,299.68758,299.677359,0,0,1
3443,4-Mar-04,24:00:00,383.599593,0.033768,122.78779,122.78779,0,0,0.999942,0.027088,260.596845,260.596845,0,0,1
3444,5-Mar-04,24:00:00,345.475006,0.027143,110.836136,110.836136,0,0,0.997708,0.026129,234.459338,234.459338,0,0,0.999868
3445,6-Mar-04,24:00:00,312.061932,0.025871,100.236717,100.236717,0,0,0.994031,0.029964,211.666865,211.666865,0,0,0.997543
3446,7-Mar-04,24:00:00,282.44329,0.033327,90.836637,90.836637,0,0,0.989802,0.029793,191.466605,191.466605,0,0,0.993205
3447,8-Mar-04,24:00:00,256.176869,0.025902,82.500291,82.500291,0,0,0.985458,0.032222,173.552659,173.552659,0,0,0.988793
3448,9-Mar-04,24:00:00,232.88324,0.035736,75.107407,75.107407,0,0,0.981133,0.04076,157.666144,157.666144,0,0,0.983769
3449,10-Mar-04,24:00:00,212.226257,0.045134,68.551312,68.551312,0,0,0.975231,0.032815,143.577822,143.577822,0,0,0.978316
3450,11-Mar-04,24:00:00,193.907799,0.03784,62.737396,62.737396,0,0,0.969488,0.032589,131.08438,131.08438,0,0,0.973658
3451,12-Mar-04,24:00:00,177.663457,0.036157,57.581747,57.581747,0,0,0.964161,0.035531,120.005501,120.005501,0,0,0.968837
3452,13-Mar-04,24:00:00,163.258724,0.034217,53.009942,53.009942,0,0,0.959117,0.033628,110.181252,110.181252,0,0,0.963831
3453,14-Mar-04,24:00:00,150.485609,0.038552,48.955971,48.955971,0,0,0.953976,0.042558,101.469787,101.469787,0,0,0.958592
3454,15-Mar-04,24:00:00,139.159642,0.048764,45.36129,45.36129,0,0,0.947945,0.041532,93.745299,93.745299,0,0,0.952477
3455,16-Mar-04,24:00:00,129.117212,0.048774,42.173973,42.173973,0,0,0.940641,0.035881,86.896206,86.896206,0,0,0.946863
3456,17-Mar-04,24:00:00,120.213209,0.043953,39.347968,39.347968,0,0,0.934166,0.032563,80.823542,80.823542,0,0,0.942039
3457,18-Mar-04,24:00:00,112.318933,0.036501,36.842428,36.842428,0,0,0.928343,0.038915,75.439532,75.439532,0,0,0.937006
3458,19-Mar-04,24:00:00,105.320233,0.036892,34.621125,34.621125,0,0,0.923126,0.036217,70.666325,70.666325,0,0,0.931533
3459,20-Mar-04,24:00:00,99.115869,0.039428,32.651927,32.651927,0,0,0.91768,0.041258,66.434873,66.434873,0,0,0.926074
3460,21-Mar-04,24:00:00,93.616046,0.027687,30.906336,30.906336,0,0,0.912899,0.040114,62.683935,62.683935,0,0,0.92024
3461,22-Mar-04,24:00:00,88.741123,0.028668,29.359075,29.359075,0,0,0.908899,0.042368,59.359195,59.359195,0,0,0.914351
3462,23-Mar-04,24:00:00,84.420464,0.038234,27.987725,27.987725,0,0,0.904202,0.03516,56.412477,56.412477,0,0,0.908811
3463,24-Mar-04,24:00:00,80.591417,0.032488,26.772403,26.772403,0,0,0.898973,0.022779,53.801052,53.801052,0,0,0.904616
3464,25-Mar-04,24:00:00,212.54618,0.00919,92.343704,64.058172,0.855344,0.127261,0.938466,0.011052,122.056526,82.281695,0.860896,0.175995,0.94266
3465,26-Mar-04,24:00:00,260.916083,0.022727,51.550014,50.708849,0,0,1,0.01874,207.954232,187.093345,0,0,1
3466,27-Mar-04,24:00:00,107.941104,0.032597,29.304742,29.304742,0,0,1,0.031513,78.279874,78.193739,0,0,1
3467,28-Mar-04,24:00:00,88.438397,0.036465,27.936848,27.936848,0,0,1,0.039196,60.460103,60.460103,0,0,1
3468,29-Mar-04,24:00:00,83.533079,0.037516,26.732175,26.732175,0,0,0.997888,0.042829,56.779752,56.779752,0,0,0.997868
3469,30-Mar-04,24:00:00,79.800651,0.033062,25.664728,25.664728,0,0,0.99339,0.029574,54.117762,54.117762,0,0,0.993161
3470,31-Mar-04,24:00:00,76.515293,0.043008,24.718994,24.718994,0,0,0.987899,0.035321,51.780221,51.780221,0,0,0.988528
3471,1-Apr-04,24:00:00,73.605315,0.048812,23.881215,23.881215,0,0,0.98139,0.039159,49.709851,49.709851,0,0,0.983196
3472,2-Apr-04,24:00:00,71.02765,0.05599,23.139187,23.139187,0,0,0.973178,0.042011,47.875836,47.875836,0,0,0.977367
3473,3-Apr-04,24:00:00,68.744719,0.042827,22.48209,22.48209,0,0,0.966695,0.043404,46.251443,46.251443,0,0,0.971298
3474,4-Apr-04,24:00:00,66.723208,0.021987,21.900322,21.900322,0,0,0.962133,0.0345,44.812978,44.812978,0,0,0.965744
3475,5-Apr-04,24:00:00,64.933569,0.023959,21.385369,21.385369,0,0,0.958857,0.020018,43.539426,43.539426,0,0,0.961846
3476,6-Apr-04,24:00:00,63.349596,0.037532,20.92968,20.92968,0,0,0.954346,0.031028,42.412147,42.412147,0,0,0.958181
3477,7-Apr-04,24:00:00,61.948042,0.04692,20.526557,20.526557,0,0,0.948521,0.044011,41.41461,41.41461,0,0,0.952873
3478,8-Apr-04,24:00:00,60.708291,0.044065,20.170058,20.170058,0,0,0.941849,0.046565,40.53215,40.53215,0,0,0.946377
3479,9-Apr-04,24:00:00,59.612055,0.036352,19.854913,19.854913,0,0,0.936237,0.048591,39.751762,39.751762,0,0,0.939626
3480,10-Apr-04,24:00:00,58.643115,0.040729,19.576449,19.576449,0,0,0.930739,0.051268,39.06191,39.06191,0,0,0.932546
3481,11-Apr-04,24:00:00,57.787083,0.02763,19.33052,19.33052,0,0,0.925776,0.045889,38.452362,38.452362,0,0,0.925463
3482,12-Apr-04,24:00:00,57.031199,0.039139,19.113448,19.113448,0,0,0.920939,0.037275,37.914041,37.914041,0,0,0.919641
3483,13-Apr-04,24:00:00,56.364143,0.034415,18.921971,18.921971,0,0,0.915738,0.030441,37.438898,37.438898,0,0,0.914662
3484,14-Apr-04,24:00:00,55.775876,0.019913,18.753197,18.753197,0,0,0.911817,0.016973,37.019792,37.019792,0,0,0.911283
3485,15-Apr-04,24:00:00,55.257492,0.034257,18.604558,18.604558,0,0,0.907913,0.023352,36.650389,36.650389,0,0,0.908376
3486,16-Apr-04,24:00:00,54.801091,0.025969,18.473779,18.473779,0,0,0.903743,0.021898,36.325072,36.325072,0,0,0.90509
3487,17-Apr-04,24:00:00,54.399666,0.033218,18.358839,18.358839,0,0,0.902381,0.032726,36.038857,36.038857,0,0,0.901248
3488,18-Apr-04,24:00:00,54.047002,0.011381,18.257948,18.257948,0,0,0.902381,0.012728,35.787323,35.787323,0,0,0.897981
3489,19-Apr-04,24:00:00,81.057544,0.0134,34.692199,18.509031,0.742026,0.058691,0.921711,0.011868,46.892815,35.56655,0.593843,0,0.913444
3490,20-Apr-04,24:00:00,138.805624,0.034737,72.793302,62.588923,0.032879,0.032879,1,0.025048,65.502296,35.373059,0,0,0.981148
3491,21-Apr-04,24:00:00,72.892584,0.039519,36.8027,35.817494,0.028932,0.028932,1,0.029938,36.069515,35.203764,0.006663,0,0.981882
3492,22-Apr-04,24:00:00,58.167221,0.051156,23.074666,23.074666,0,0,1,0.044392,35.090365,35.055928,0,0,0.9821
3493,23-Apr-04,24:00:00,57.185153,0.05259,22.257148,22.257148,0,0,0.997256,0.050384,34.927123,34.927123,0,0,0.980762
3494,24-Apr-04,24:00:00,56.537663,0.051595,21.721703,21.721703,0,0,0.990299,0.0505,34.815194,34.815194,0,0,0.975081
3495,25-Apr-04,24:00:00,55.96678,0.053387,21.247887,21.247887,0,0,0.982762,0.053422,34.718231,34.718231,0,0,0.967657
3496,26-Apr-04,24:00:00,55.463802,0.054992,20.828694,20.828694,0,0,0.975044,0.056571,34.634537,34.634537,0,0,0.959897
3497,27-Apr-04,24:00:00,55.021043,0.060535,20.457945,20.457945,0,0,0.966794,0.058656,34.562608,34.562608,0,0,0.951661
3498,28-Apr-04,24:00:00,54.631687,0.048352,20.13016,20.13016,0,0,0.959082,0.056621,34.50111,34.50111,0,0,0.94342
3499,29-Apr-04,24:00:00,54.289688,0.0574,19.840477,19.840477,0,0,0.951194,0.052562,34.448858,34.448858,0,0,0.935572
3500,30-Apr-04,24:00:00,53.989682,0.039845,19.584585,19.584585,0,0,0.944547,0.054123,34.404801,34.404801,0,0,0.927981
3501,1-May-04,24:00:00,53.726911,0.040076,19.358659,19.358659,0,0,0.938821,0.058409,34.368006,34.368006,0,0,0.920049
3502,2-May-04,24:00:00,53.497155,0.057352,19.159307,19.159307,0,0,0.931854,0.058605,34.337646,34.337646,0,0,0.911569
3503,3-May-04,24:00:00,53.296669,0.052833,18.98352,18.98352,0,0,0.923972,0.057991,34.312986,34.312986,0,0,0.903239
3504,4-May-04,24:00:00,53.122132,0.047236,18.82863,18.82863,0,0,0.916856,0.054793,34.293374,34.293374,0,0,0.895218
3505,5-May-04,24:00:00,52.970598,0.046492,18.69227,18.69227,0,0,0.910073,0.046659,34.278232,34.278232,0,0,0.887883
3506,6-May-04,24:00:00,52.839453,0.044578,18.572339,18.572339,0,0,0.903605,0.051131,34.267045,34.267045,0,0,0.881008
3507,7-May-04,24:00:00,52.726378,0.022262,18.466974,18.466974,0,0,0.89886,0.026506,34.259358,34.259358,0,0,0.875422
3508,8-May-04,24:00:00,52.629314,0.043404,18.374525,18.374525,0,0,0.894266,0.048485,34.254766,34.254766,0,0,0.87004
3509,9-May-04,24:00:00,52.546437,0.053531,18.293525,18.293525,0,0,0.887262,0.051314,34.252908,34.252908,0,0,0.862913
3510,10-May-04,24:00:00,52.476128,0.056629,18.222674,18.222674,0,0,0.879408,0.043978,34.253466,34.253466,0,0,0.856105
3511,11-May-04,24:00:00,52.416947,0.054593,18.160818,18.160818,0,0,0.871427,0.039769,34.256156,34.256156,0,0,0.850031
3512,12-May-04,24:00:00,52.367622,0.054498,18.106936,18.106936,0,0,0.863623,0.054097,34.260725,34.260725,0,0,0.843455
3513,13-May-04,24:00:00,52.327018,0.052592,18.060119,18.060119,0,0,0.855985,0.058686,34.26695,34.26695,0,0,0.835495
3514,14-May-04,24:00:00,52.294133,0.04892,18.019562,18.019562,0,0,0.848699,0.060801,34.274632,34.274632,0,0,0.82692
3515,15-May-04,24:00:00,52.268075,0.065815,17.984551,17.984551,0,0,0.841012,0.056442,34.283594,34.283594,0,0,0.818671
3516,16-May-04,24:00:00,52.248053,0.059764,17.954452,17.954452,0,0,0.831627,0.054198,34.293678,34.293678,0,0,0.810578
3517,17-May-04,24:00:00,52.233364,0.036043,17.928704,17.928704,0,0,0.824852,0.026495,34.304745,34.304745,0,0,0.80483
3518,18-May-04,24:00:00,52.223384,0.046968,17.906806,17.906806,0,0,0.818724,0.041784,34.316669,34.316669,0,0,0.800098
3519,19-May-04,24:00:00,52.217562,0.05405,17.888316,17.888316,0,0,0.811574,0.051952,34.329341,34.329341,0,0,0.79706
3520,20-May-04,24:00:00,52.215403,0.045678,17.872842,17.872842,0,0,0.804506,0.05077,34.342661,34.342661,0,0,0.79239
3521,21-May-04,24:00:00,52.216474,0.034128,17.860036,17.860036,0,0,0.798924,0.042681,34.356541,34.356541,0,0,0.785871
3522,22-May-04,24:00:00,52.220385,0.034803,17.849587,17.849587,0,0,0.793962,0.032903,34.370905,34.370905,0,0,0.780453
3523,23-May-04,24:00:00,52.226792,0.051673,17.841222,17.841222,0,0,0.787664,0.052683,34.38568,34.38568,0,0,0.774232
3524,24-May-04,24:00:00,52.23539,0.048064,17.834696,17.834696,0,0,0.780464,0.055789,34.400806,34.400806,0,0,0.766474
3525,25-May-04,24:00:00,52.245906,0.03495,17.829794,17.829794,0,0,0.774716,0.05104,34.416227,34.416227,0,0,0.759023
3526,26-May-04,24:00:00,52.2581,0.032308,17.826323,17.826323,0,0,0.769886,0.058249,34.431892,34.431892,0,0,0.751161
3527,27-May-04,24:00:00,52.271756,0.039719,17.824114,17.824114,0,0,0.764684,0.046924,34.447759,34.447759,0,0,0.743448
3528,28-May-04,24:00:00,52.286683,0.045376,17.823014,17.823014,0,0,0.758916,0.042793,34.463787,34.463787,0,0,0.737201
3529,29-May-04,24:00:00,52.302711,0.05948,17.82289,17.82289,0,0,0.751001,0.055676,34.47994,34.47994,0,0,0.730167
3530,30-May-04,24:00:00,52.31969,0.060652,17.823622,17.823622,0,0,0.74255,0.063586,34.496187,34.496187,0,0,0.721719
3531,31-May-04,24:00:00,52.337484,0.06334,17.825105,17.825105,0,0,0.733721,0.068238,34.512499,34.512499,0,0,0.712361
3532,1-Jun-04,24:00:00,52.355975,0.067208,17.827243,17.827243,0,0,0.724531,0.045592,34.528852,34.528852,0,0,0.70395
3533,2-Jun-04,24:00:00,52.375055,0.06315,17.829954,17.829954,0,0,0.715052,0.065118,34.545221,34.545221,0,0,0.696219
3534,3-Jun-04,24:00:00,52.39463,0.049256,17.833164,17.833164,0,0,0.707114,0.067795,34.561586,34.561586,0,0,0.686829
3535,4-Jun-04,24:00:00,52.414614,0.054984,17.836805,17.836805,0,0,0.699584,0.069509,34.577929,34.577929,0,0,0.677087
3536,5-Jun-04,24:00:00,52.434932,0.06946,17.84082,17.84082,0,0,0.690924,0.063916,34.594232,34.594232,0,0,0.667398
3537,6-Jun-04,24:00:00,52.455517,0.07216,17.845155,17.845155,0,0,0.680784,0.058635,34.61048,34.61048,0,0,0.658571
3538,7-Jun-04,24:00:00,52.476309,0.059781,17.849766,17.849766,0,0,0.671249,0.055153,34.626661,34.626661,0,0,0.650466
3539,8-Jun-04,24:00:00,52.497253,0.057819,17.85461,17.85461,0,0,0.662704,0.04453,34.64276,34.64276,0,0,0.643128
3540,9-Jun-04,24:00:00,52.518302,0.055859,17.859651,17.859651,0,0,0.654561,0.054843,34.658768,34.658768,0,0,0.636188
3541,10-Jun-04,24:00:00,52.539412,0.051886,17.864855,17.864855,0,0,0.646995,0.056792,34.674673,34.674673,0,0,0.628312
3542,11-Jun-04,24:00:00,52.560546,0.051652,17.870195,17.870195,0,0,0.639542,0.061845,34.690467,34.690467,0,0,0.61995
3543,12-Jun-04,24:00:00,52.581668,0.064171,17.875643,17.875643,0,0,0.631469,0.064202,34.70614,34.70614,0,0,0.610935
3544,13-Jun-04,24:00:00,52.602748,0.065072,17.881176,17.881176,0,0,0.622131,0.063126,34.721685,34.721685,0,0,0.601695
3545,14-Jun-04,24:00:00,52.623757,0.062068,17.886775,17.886775,0,0,0.612909,0.067577,34.737095,34.737095,0,0,0.592453
3546,15-Jun-04,24:00:00,52.644671,0.06947,17.89242,17.89242,0,0,0.603574,0.069014,34.752362,34.752362,0,0,0.582631
3547,16-Jun-04,24:00:00,52.665467,0.059452,17.898095,17.898095,0,0,0.594239,0.072058,34.767482,34.767482,0,0,0.572664
3548,17-Jun-04,24:00:00,52.686125,0.026576,17.903786,17.903786,0,0,0.588148,0.047304,34.782448,34.782448,0,0,0.564106
3549,18-Jun-04,24:00:00,52.706626,0.039233,17.909478,17.909478,0,0,0.583529,0.049674,34.797255,34.797255,0,0,0.557219
3550,19-Jun-04,24:00:00,52.726953,0.04499,17.915161,17.915161,0,0,0.57766,0.061757,34.811899,34.811899,0,0,0.549378
3551,20-Jun-04,24:00:00,52.747092,0.050906,17.920824,17.920824,0,0,0.570721,0.067056,34.826374,34.826374,0,0,0.540048
3552,21-Jun-04,24:00:00,52.76703,0.056957,17.926457,17.926457,0,0,0.563051,0.069101,34.840676,34.840676,0,0,0.530341
3553,22-Jun-04,24:00:00,52.786752,0.053201,17.932053,17.932053,0,0,0.555034,0.064766,34.854803,34.854803,0,0,0.520728
3554,23-Jun-04,24:00:00,52.80625,0.045341,17.937602,17.937602,0,0,0.548115,0.060859,34.868749,34.868749,0,0,0.51168
3555,24-Jun-04,24:00:00,52.825511,0.054844,17.943099,17.943099,0,0,0.54105,0.063579,34.882512,34.882512,0,0,0.50293
3556,25-Jun-04,24:00:00,52.844526,0.076169,17.948538,17.948538,0,0,0.531992,0.06946,34.896087,34.896087,0,0,0.493477
3557,26-Jun-04,24:00:00,52.863288,0.076872,17.953912,17.953912,0,0,0.520856,0.066766,34.909474,34.909474,0,0,0.483646
3558,27-Jun-04,24:00:00,52.881787,0.067122,17.959217,17.959217,0,0,0.510392,0.066142,34.922667,34.922667,0,0,0.474125
3559,28-Jun-04,24:00:00,52.900018,0.051137,17.964448,17.964448,0,0,0.501732,0.066415,34.935665,34.935665,0,0,0.464618
3560,29-Jun-04,24:00:00,52.917972,0.029953,17.969601,17.969601,0,0,0.496118,0.054383,34.948464,34.948464,0,0,0.455977
3561,30-Jun-04,24:00:00,52.935644,0.027239,17.974672,17.974672,0,0,0.492023,0.050106,34.961063,34.961063,0,0,0.448636
3562,1-Jul-04,24:00:00,52.953028,0.046678,17.979659,17.979659,0,0,0.486801,0.063587,34.973459,34.973459,0,0,0.44043
3563,2-Jul-04,24:00:00,52.970119,0.060004,17.984557,17.984557,0,0,0.47911,0.068723,34.98565,34.98565,0,0,0.431069
3564,3-Jul-04,24:00:00,52.986911,0.057952,17.989365,17.989365,0,0,0.470671,0.06808,34.997633,34.997633,0,0,0.421228
3565,4-Jul-04,24:00:00,53.003401,0.05178,17.994079,17.994079,0,0,0.462897,0.068253,35.009407,35.009407,0,0,0.411435
3566,5-Jul-04,24:00:00,53.019583,0.053486,17.998698,17.998698,0,0,0.455339,0.069304,35.020969,35.020969,0,0,0.401647
3567,6-Jul-04,24:00:00,53.035454,0.043692,18.003218,18.003218,0,0,0.448417,0.071106,35.032318,35.032318,0,0,0.391682
3568,7-Jul-04,24:00:00,53.05101,0.030997,18.007639,18.007639,0,0,0.443101,0.059506,35.043452,35.043452,0,0,0.382353
3569,8-Jul-04,24:00:00,53.066248,0.039312,18.011958,18.011958,0,0,0.438055,0.046894,35.054368,35.054368,0,0,0.374785
3570,9-Jul-04,24:00:00,53.081163,0.023323,18.016174,18.016174,0,0,0.433515,0.044697,35.065066,35.065066,0,0,0.368252
3571,10-Jul-04,24:00:00,53.095753,0.050062,18.020285,18.020285,0,0,0.4285,0.062466,35.075544,35.075544,0,0,0.360491
3572,11-Jul-04,24:00:00,53.110015,0.061491,18.024289,18.024289,0,0,0.420349,0.064565,35.085799,35.085799,0,0,0.351386
3573,12-Jul-04,24:00:00,53.123945,0.051941,18.028186,18.028186,0,0,0.412386,0.066099,35.095832,35.095832,0,0,0.342113
3574,13-Jul-04,24:00:00,53.137542,0.047618,18.031974,18.031974,0,0,0.405264,0.064167,35.105639,35.105639,0,0,0.332811
3575,14-Jul-04,24:00:00,53.150802,0.049866,18.035652,18.035652,0,0,0.3984,0.063189,35.11522,35.11522,0,0,0.323716
3576,15-Jul-04,24:00:00,53.163724,0.062521,18.039219,18.039219,0,0,0.390237,0.065841,35.124573,35.124573,0,0,0.314495
3577,16-Jul-04,24:00:00,53.176305,0.058488,18.042674,18.042674,0,0,0.381456,0.061138,35.133697,35.133697,0,0,0.305288
3578,17-Jul-04,24:00:00,53.188542,0.05957,18.046016,18.046016,0,0,0.373135,0.061689,35.14259,35.14259,0,0,0.296703
3579,18-Jul-04,24:00:00,53.200433,0.063361,18.049243,18.049243,0,0,0.364348,0.065677,35.151252,35.151252,0,0,0.287544
3580,19-Jul-04,24:00:00,53.211977,0.064527,18.052356,18.052356,0,0,0.355296,0.065792,35.159682,35.159682,0,0,0.278203
3581,20-Jul-04,24:00:00,53.223172,0.063527,18.055354,18.055354,0,0,0.346091,0.063234,35.167877,35.167877,0,0,0.268905
3582,21-Jul-04,24:00:00,53.234015,0.063049,18.058235,18.058235,0,0,0.336992,0.069441,35.175837,35.175837,0,0,0.259488
3583,22-Jul-04,24:00:00,53.244505,0.050323,18.060999,18.060999,0,0,0.328922,0.071107,35.183561,35.183561,0,0,0.249511
3584,23-Jul-04,24:00:00,53.25464,0.040413,18.063646,18.063646,0,0,0.322478,0.065191,35.191048,35.191048,0,0,0.239725
3585,24-Jul-04,24:00:00,53.264418,0.03583,18.066174,18.066174,0,0,0.317036,0.062943,35.198296,35.198296,0,0,0.230547
3586,25-Jul-04,24:00:00,53.273838,0.045616,18.068583,18.068583,0,0,0.311305,0.068011,35.205306,35.205306,0,0,0.221195
3587,26-Jul-04,24:00:00,53.282899,0.049134,18.070873,18.070873,0,0,0.304372,0.069735,35.212075,35.212075,0,0,0.211366
3588,27-Jul-04,24:00:00,53.291599,0.040735,18.073043,18.073043,0,0,0.297973,0.067668,35.218603,35.218603,0,0,0.201588
3589,28-Jul-04,24:00:00,53.299936,0.033394,18.075093,18.075093,0,0,0.292657,0.060293,35.224889,35.224889,0,0,0.192428
3590,29-Jul-04,24:00:00,53.30791,0.032585,18.077022,18.077022,0,0,0.288014,0.052742,35.230932,35.230932,0,0,0.18442
3591,30-Jul-04,24:00:00,53.315518,0.035764,18.078829,18.078829,0,0,0.283091,0.060257,35.236731,35.236731,0,0,0.176323
3592,31-Jul-04,24:00:00,53.32276,0.038749,18.080514,18.080514,0,0,0.277825,0.059138,35.242286,35.242286,0,0,0.167643
3593,1-Aug-04,24:00:00,53.329635,0.033343,18.082078,18.082078,0,0,0.272612,0.055767,35.247595,35.247595,0,0,0.159443
3594,2-Aug-04,24:00:00,53.336141,0.025089,18.083518,18.083518,0,0,0.268413,0.047991,35.252659,35.252659,0,0,0.15214
3595,3-Aug-04,24:00:00,53.342277,0.043395,18.084836,18.084836,0,0,0.263657,0.058823,35.257476,35.257476,0,0,0.144439
3596,4-Aug-04,24:00:00,53.348043,0.056985,18.08603,18.08603,0,0,0.256683,0.061971,35.262045,35.262045,0,0,0.135826
3597,5-Aug-04,24:00:00,53.353436,0.057865,18.087101,18.087101,0,0,0.248319,0.057502,35.266367,35.266367,0,0,0.127343
3598,6-Aug-04,24:00:00,53.358457,0.057743,18.088047,18.088047,0,0,0.239869,0.057242,35.270439,35.270439,0,0,0.119057
3599,7-Aug-04,24:00:00,53.363105,0.061442,18.088869,18.088869,0,0,0.23143,0.057757,35.274263,35.274263,0,0,0.110778
3600,8-Aug-04,24:00:00,53.367378,0.059679,18.089567,18.089567,0,0,0.22267,0.064191,35.277836,35.277836,0,0,0.102146
3601,9-Aug-04,24:00:00,53.371276,0.045211,18.09014,18.09014,0,0,0.215325,0.062799,35.28116,35.28116,0,0,0.09312
3602,10-Aug-04,24:00:00,53.374797,0.050264,18.090587,18.090587,0,0,0.208523,0.059896,35.284232,35.284232,0,0,0.084317
3603,11-Aug-04,24:00:00,53.377942,0.057119,18.090909,18.090909,0,0,0.200859,0.062469,35.287053,35.287053,0,0,0.07554
3604,12-Aug-04,24:00:00,53.38071,0.037754,18.091106,18.091106,0,0,0.193987,0.064334,35.289622,35.289622,0,0,0.066613
3605,13-Aug-04,24:00:00,53.383099,0.0365,18.091177,18.091177,0,0,0.188741,0.061616,35.291938,35.291938,0,0,0.057676
3606,14-Aug-04,24:00:00,53.385109,0.031357,18.091121,18.091121,0,0,0.183886,0.05008,35.294002,35.294002,0,0,0.049495
3607,15-Aug-04,24:00:00,53.38674,0.051524,18.09094,18.09094,0,0,0.178039,0.060958,35.295812,35.295812,0,0,0.041703
3608,16-Aug-04,24:00:00,53.387991,0.057703,18.090632,18.090632,0,0,0.170124,0.05956,35.297369,35.297369,0,0,0.033005
3609,17-Aug-04,24:00:00,53.388861,0.060423,18.090197,18.090197,0,0,0.161666,0.061334,35.298672,35.298672,0,0,0.024352
3610,18-Aug-04,24:00:00,53.38935,0.05758,18.089636,18.089636,0,0,0.153209,0.062265,35.299721,35.299721,0,0,0.015594
3611,19-Aug-04,24:00:00,53.389458,0.040332,18.088948,18.088948,0,0,0.146226,0.058382,35.300515,35.300515,0,0,0.006948
3612,20-Aug-04,24:00:00,53.389184,0.040279,18.088133,18.088133,0,0,0.140523,0.056178,35.301054,35.301054,0,0,0.000984
3613,21-Aug-04,24:00:00,53.388528,0.034048,18.087191,18.087191,0,0,0.135221,0.053582,35.301338,35.301338,0,0,0
3614,22-Aug-04,24:00:00,53.387489,0.031196,18.086121,18.086121,0,0,0.130498,0.035216,35.301367,35.301367,0,0,0
3615,23-Aug-04,24:00:00,53.386067,0.042549,18.084925,18.084925,0,0,0.125329,0.053551,35.30114,35.30114,0,0,0
3616,24-Aug-04,24:00:00,53.384262,0.04678,18.0836,18.0836,0,0,0.118867,0.053933,35.300657,35.300657,0,0,0
3617,25-Aug-04,24:00:00,53.382074,0.038504,18.082149,18.082149,0,0,0.112697,0.046663,35.299919,35.299919,0,0,0
3618,26-Aug-04,24:00:00,53.379501,0.05624,18.08057,18.08057,0,0,0.105901,0.052724,35.298924,35.298924,0,0,0
3619,27-Aug-04,24:00:00,53.376545,0.065335,18.078863,18.078863,0,0,0.097369,0.052388,35.297672,35.297672,0,0,0
3620,28-Aug-04,24:00:00,53.373205,0.060082,18.077028,18.077028,0,0,0.088401,0.056237,35.296164,35.296164,0,0,0
3621,29-Aug-04,24:00:00,53.36948,0.046172,18.075066,18.075066,0,0,0.080743,0.057017,35.2944,35.2944,0,0,0
3622,30-Aug-04,24:00:00,53.365371,0.042916,18.072976,18.072976,0,0,0.0744,0.057275,35.292379,35.292379,0,0,0
3623,31-Aug-04,24:00:00,53.360878,0.04296,18.070759,18.070759,0,0,0.068313,0.054875,35.290101,35.290101,0,0,0
3624,1-Sep-04,24:00:00,53.356,0.047363,18.068414,18.068414,0,0,0.06182,0.053871,35.287567,35.287567,0,0,0
3625,2-Sep-04,24:00:00,53.350737,0.056621,18.06594,18.06594,0,0,0.054718,0.054457,35.284776,35.284776,0,0,0
3626,3-Sep-04,24:00:00,53.34509,0.071531,18.06334,18.06334,0,0,0.045264,0.056307,35.281727,35.281727,0,0,0
3627,4-Sep-04,24:00:00,53.339059,0.062038,18.060611,18.060611,0,0,0.035436,0.053428,35.278423,35.278423,0,0,0
3628,5-Sep-04,24:00:00,53.332643,0.056691,18.057755,18.057755,0,0,0.027206,0.054677,35.274861,35.274861,0,0,0
3629,6-Sep-04,24:00:00,53.325843,0.057787,18.054771,18.054771,0,0,0.0191,0.05426,35.271042,35.271042,0,0,0
3630,7-Sep-04,24:00:00,53.318658,0.054903,18.05166,18.05166,0,0,0.010972,0.054758,35.266967,35.266967,0,0,0
3631,8-Sep-04,24:00:00,53.311089,0.055697,18.048421,18.048421,0,0,0.003396,0.053434,35.262636,35.262636,0,0,0
3632,9-Sep-04,24:00:00,53.303136,0.051261,18.045054,18.045054,0,0,0,0.052847,35.258047,35.258047,0,0,0
3633,10-Sep-04,24:00:00,53.2948,0.047256,18.041561,18.041561,0,0,0,0.052855,35.253203,35.253203,0,0,0
3634,11-Sep-04,24:00:00,53.28608,0.052119,18.03794,18.03794,0,0,0,0.052294,35.248102,35.248102,0,0,0
3635,12-Sep-04,24:00:00,53.276976,0.04822,18.034191,18.034191,0,0,0,0.049495,35.242745,35.242745,0,0,0
3636,13-Sep-04,24:00:00,53.26749,0.053019,18.030316,18.030316,0,0,0,0.047543,35.237132,35.237132,0,0,0
3637,14-Sep-04,24:00:00,53.25762,0.053538,18.026313,18.026313,0,0,0,0.046124,35.231263,35.231263,0,0,0
3638,15-Sep-04,24:00:00,53.247368,0.060982,18.022184,18.022184,0,0,0,0.053869,35.225139,35.225139,0,0,0
3639,16-Sep-04,24:00:00,53.236734,0.049553,18.017927,18.017927,0,0,0,0.051769,35.218759,35.218759,0,0,0
3640,17-Sep-04,24:00:00,53.225718,0.051957,18.013544,18.013544,0,0,0,0.046607,35.212124,35.212124,0,0,0
3641,18-Sep-04,24:00:00,53.214321,0.045589,18.009035,18.009035,0,0,0,0.040172,35.205234,35.205234,0,0,0
3642,19-Sep-04,24:00:00,53.202542,0.03078,18.004399,18.004399,0,0,0,0.029594,35.19809,35.19809,0,0,0
3643,20-Sep-04,24:00:00,53.190383,0.037878,17.999637,17.999637,0,0,0,0.036774,35.190691,35.190691,0,0,0
3644,21-Sep-04,24:00:00,53.177843,0.044447,17.994749,17.994749,0,0,0,0.030254,35.183038,35.183038,0,0,0
3645,22-Sep-04,24:00:00,53.164924,0.044227,17.989734,17.989734,0,0,0,0.042945,35.175131,35.175131,0,0,0
3646,23-Sep-04,24:00:00,53.151625,0.043443,17.984594,17.984594,0,0,0,0.038614,35.16697,35.16697,0,0,0
3647,24-Sep-04,24:00:00,53.137948,0.044013,17.979329,17.979329,0,0,0,0.041851,35.158556,35.158556,0,0,0
3648,25-Sep-04,24:00:00,53.123892,0.03532,17.973938,17.973938,0,0,0,0.037819,35.14989,35.14989,0,0,0
3649,26-Sep-04,24:00:00,53.109459,0.041253,17.968422,17.968422,0,0,0,0.042335,35.140971,35.140971,0,0,0
3650,27-Sep-04,24:00:00,53.094648,0.03533,17.962781,17.962781,0,0,0,0.039622,35.1318,35.1318,0,0,0
3651,28-Sep-04,24:00:00,53.079461,0.020651,17.957014,17.957014,0,0,0,0.027887,35.122377,35.122377,0,0,0
3652,29-Sep-04,24:00:00,53.063898,0.016047,17.951124,17.951124,0,0,0,0.027815,35.112702,35.112702,0,0,0
3653,30-Sep-04,24:00:00,53.047959,0.020052,17.945109,17.945109,0,0,0,0.030325,35.102777,35.102777,0,0,0
3654,1-Oct-04,24:00:00,53.031646,0.019776,17.938969,17.938969,0,0,0,0.025908,35.092601,35.092601,0,0,0
3655,2-Oct-04,24:00:00,53.014958,0.027981,17.932706,17.932706,0,0,0,0.035952,35.082175,35.082175,0,0,0
3656,3-Oct-04,24:00:00,52.997897,0.025377,17.926319,17.926319,0,0,0,0.03871,35.071499,35.071499,0,0,0
3657,4-Oct-04,24:00:00,52.980463,0.022116,17.919809,17.919809,0,0,0,0.036814,35.060574,35.060574,0,0,0
3658,5-Oct-04,24:00:00,52.962658,0.033402,17.913175,17.913175,0,0,0,0.042674,35.0494,35.0494,0,0,0
3659,6-Oct-04,24:00:00,52.944481,0.037126,17.906419,17.906419,0,0,0,0.038907,35.037977,35.037977,0,0,0
3660,7-Oct-04,24:00:00,52.925933,0.033067,17.899539,17.899539,0,0,0,0.035226,35.026307,35.026307,0,0,0
3661,8-Oct-04,24:00:00,52.907015,0.032492,17.892537,17.892537,0,0,0,0.032263,35.01439,35.01439,0,0,0
3662,9-Oct-04,24:00:00,52.887729,0.039655,17.885413,17.885413,0,0,0,0.031831,35.002226,35.002226,0,0,0
3663,10-Oct-04,24:00:00,52.868074,0.054707,17.878167,17.878167,0,0,0,0.0331,34.989815,34.989815,0,0,0
3664,11-Oct-04,24:00:00,52.848052,0.062293,17.8708,17.8708,0,0,0,0.041405,34.977159,34.977159,0,0,0
3665,12-Oct-04,24:00:00,52.827663,0.046392,17.863311,17.863311,0,0,0,0.029282,34.964257,34.964257,0,0,0
3666,13-Oct-04,24:00:00,52.806909,0.040242,17.8557,17.8557,0,0,0,0.032202,34.951111,34.951111,0,0,0
3667,14-Oct-04,24:00:00,52.785789,0.03563,17.84797,17.84797,0,0,0,0.030051,34.937721,34.937721,0,0,0
3668,15-Oct-04,24:00:00,52.764306,0.028659,17.840118,17.840118,0,0,0,0.032099,34.924087,34.924087,0,0,0
3669,16-Oct-04,24:00:00,52.742459,0.009777,17.832147,17.832147,0,0,0,0.010917,34.91021,34.91021,0,0,0
3670,17-Oct-04,24:00:00,95.758004,0.009354,34.747245,17.824055,0.503439,0,0.038463,0.010583,61.279491,34.89609,0.491338,0,0.03648
3671,18-Oct-04,24:00:00,62.851437,0.01824,19.142397,17.815844,0.152003,0,0.073365,0.014569,43.487017,34.881729,0.153354,0,0.071655
3672,19-Oct-04,24:00:00,287.303151,0.012763,99.341714,17.807514,2.366219,0,0.350663,0.009954,188.331786,34.867127,2.290203,0,0.34015
3673,20-Oct-04,24:00:00,108.852508,0.019167,32.588396,17.799064,0.342933,0,0.477043,0.011819,75.889764,34.852284,0.333754,0,0.463286
3674,21-Oct-04,24:00:00,53.724388,0.023236,17.790496,17.790496,0,0,0.480656,0.0217,35.895009,34.837202,0,0,0.46695
3675,22-Oct-04,24:00:00,52.603803,0.017554,17.78181,17.78181,0,0,0.480656,0.017662,34.82188,34.82188,0,0,0.46695
3676,23-Oct-04,24:00:00,57.648581,0.007022,18.831505,17.773006,0.031204,0,0.483013,0.011526,38.846534,34.806319,0.070062,0,0.472499
3677,24-Oct-04,24:00:00,53.489889,0.022091,17.768168,17.764084,0,0,0.485114,0.019941,35.692006,34.790521,0,0,0.476959
3678,25-Oct-04,24:00:00,63.548649,0.021004,26.028329,17.755045,1.056192,0,0.495743,0.019231,37.852261,34.774485,1.047957,0,0.487637
3679,26-Oct-04,24:00:00,180.157757,0.016789,56.006465,17.745889,0.310336,0,0.67734,0.017064,123.904396,34.758212,0.290135,0,0.665208
3680,27-Oct-04,24:00:00,54.718361,0.018639,17.736617,17.736617,0,0,0.680332,0.01611,36.897858,34.741704,0,0,0.668115
3681,28-Oct-04,24:00:00,52.452312,0.017955,17.727228,17.727228,0,0,0.680332,0.017202,34.72496,34.72496,0,0,0.668115
3682,29-Oct-04,24:00:00,52.425831,0.021306,17.717724,17.717724,0,0,0.680332,0.019873,34.707982,34.707982,0,0,0.668115
3683,30-Oct-04,24:00:00,52.399001,0.019512,17.708104,17.708104,0,0,0.680332,0.016588,34.69077,34.69077,0,0,0.668115
3684,31-Oct-04,24:00:00,52.371822,0.019563,17.698368,17.698368,0,0,0.679414,0.018841,34.673325,34.673325,0,0,0.667787
3685,1-Nov-04,24:00:00,52.344296,0.022607,17.688518,17.688518,0,0,0.676797,0.018314,34.655647,34.655647,0,0,0.665964
3686,2-Nov-04,24:00:00,52.316424,0.022289,17.678554,17.678554,0,0,0.673563,0.022135,34.637738,34.637738,0,0,0.6632
3687,3-Nov-04,24:00:00,52.288207,0.015192,17.668476,17.668476,0,0,0.670939,0.013881,34.619598,34.619598,0,0,0.660538
3688,4-Nov-04,24:00:00,52.259646,0.017135,17.658284,17.658284,0,0,0.670152,0.011987,34.601227,34.601227,0,0,0.658703
3689,5-Nov-04,24:00:00,52.230743,0.020406,17.647978,17.647978,0,0,0.669069,0.017691,34.582627,34.582627,0,0,0.656529
3690,6-Nov-04,24:00:00,52.201498,0.017081,17.63756,17.63756,0,0,0.666612,0.017784,34.563799,34.563799,0,0,0.654027
3691,7-Nov-04,24:00:00,52.171913,0.006423,17.62703,17.62703,0,0,0.664941,0.012918,34.544742,34.544742,0,0,0.651897
3692,8-Nov-04,24:00:00,52.141988,0.007364,17.616387,17.616387,0,0,0.663935,0.006505,34.525458,34.525458,0,0,0.650493
3693,9-Nov-04,24:00:00,52.234164,0.010947,17.708381,17.605633,0.091582,0,0.662949,0.012517,34.529841,34.505948,0.091076,0,0.649382
3694,10-Nov-04,24:00:00,101.048473,0.005717,43.288603,17.594767,1.08147,0,0.718907,0.007264,58.359178,34.486213,0.966294,0,0.695705
3695,11-Nov-04,24:00:00,185.43997,0.006542,58.266641,17.583791,0.787226,0,0.897139,0.007819,126.931625,34.466252,0.745901,0,0.863261
3696,12-Nov-04,24:00:00,63.454406,0.016935,17.845894,17.572704,0,0,0.941897,0.013785,45.250104,34.446068,0,0,0.905844
3697,13-Nov-04,24:00:00,52.015251,0.019568,17.561507,17.561507,0,0,0.941897,0.017558,34.450017,34.42566,0,0,0.905844
3698,14-Nov-04,24:00:00,51.955383,0.015273,17.550201,17.550201,0,0,0.941897,0.014925,34.40503,34.40503,0,0,0.905844
3699,15-Nov-04,24:00:00,51.923117,0.014386,17.538785,17.538785,0,0,0.941897,0.013821,34.384179,34.384179,0,0,0.905844
3700,16-Nov-04,24:00:00,51.890522,0.013579,17.52726,17.52726,0,0,0.941897,0.010867,34.363106,34.363106,0,0,0.905844
3701,17-Nov-04,24:00:00,51.857598,0.01461,17.515627,17.515627,0,0,0.941897,0.014121,34.341814,34.341814,0,0,0.905844
3702,18-Nov-04,24:00:00,51.824348,0.009471,17.503887,17.503887,0,0,0.941646,0.018626,34.320303,34.320303,0,0,0.905649
3703,19-Nov-04,24:00:00,51.790771,0.011694,17.492038,17.492038,0,0,0.940503,0.011227,34.298573,34.298573,0,0,0.904457
3704,20-Nov-04,24:00:00,51.75687,0.037505,17.480083,17.480083,0,0,0.937596,0.015955,34.276626,34.276626,0,0,0.90262
3705,21-Nov-04,24:00:00,51.722646,0.037415,17.46802,17.46802,0,0,0.931506,0.014073,34.254462,34.254462,0,0,0.900324
3706,22-Nov-04,24:00:00,51.6881,0.01738,17.455852,17.455852,0,0,0.927624,0.012645,34.232083,34.232083,0,0,0.898446
3707,23-Nov-04,24:00:00,51.653233,0.014141,17.443578,17.443578,0,0,0.925427,0.013547,34.209489,34.209489,0,0,0.896583
3708,24-Nov-04,24:00:00,51.618047,0.012571,17.431198,17.431198,0,0,0.923564,0.01299,34.186681,34.186681,0,0,0.894669
3709,25-Nov-04,24:00:00,51.582543,0.004701,17.418714,17.418714,0,0,0.922298,0.005006,34.16366,34.16366,0,0,0.893412
3710,26-Nov-04,24:00:00,51.546722,0.006503,17.406125,17.406125,0,0,0.9215,0.008149,34.140427,34.140427,0,0,0.892449
3711,27-Nov-04,24:00:00,107.8623,0.016923,38.66733,19.678554,0.55763,0.004813,0.988404,0.016347,69.261823,34.116982,0.525468,0,0.955915
3712,28-Nov-04,24:00:00,53.70587,0.017327,17.627044,17.627044,0,0,1,0.011197,36.011511,34.093327,0,0,0.966958
3713,29-Nov-04,24:00:00,51.630544,0.011498,17.560906,17.560906,0,0,1,0.01106,34.069462,34.069462,0,0,0.966958
3714,30-Nov-04,24:00:00,51.571622,0.007263,17.526056,17.526056,0,0,1,0.005517,34.045388,34.045388,0,0,0.966958
3715,1-Dec-04,24:00:00,51.514865,0.011808,17.493579,17.493579,0,0,1,0.009318,34.021107,34.021107,0,0,0.966958
3716,2-Dec-04,24:00:00,51.45999,0.019511,17.463191,17.463191,0,0,1,0.010907,33.996619,33.996619,0,0,0.966958
3717,3-Dec-04,24:00:00,51.406751,0.013317,17.434644,17.434644,0,0,1,0.011156,33.971925,33.971925,0,0,0.966958
3718,4-Dec-04,24:00:00,51.354929,0.007782,17.40772,17.40772,0,0,0.999666,0.007486,33.947026,33.947026,0,0,0.966958
3719,5-Dec-04,24:00:00,51.304331,0.013072,17.382224,17.382224,0,0,0.998303,0.014109,33.921922,33.921922,0,0,0.966958
3720,6-Dec-04,24:00:00,939.002212,0.003769,669.891908,120.540007,0.833754,0.812502,0.998234,0.003934,285.839168,62.428967,0.894838,0.6632,0.977067
3721,7-Dec-04,24:00:00,3672.46,0.007928,1171.05,503.189527,0.866299,0.866299,1,0.008213,2494.39,817.85471,0.858379,0.858379,1
3722,8-Dec-04,24:00:00,7139.44,0.004532,2381.64,821.747901,1.10835,1.10835,1,0.006357,4759.44,1431.98,1.085488,1.085488,1
3723,9-Dec-04,24:00:00,1030.30,0.007586,152.700779,152.598684,0,0,1,0.011505,866.293723,741.02369,0,0,1
3724,10-Dec-04,24:00:00,394.035306,0.008005,122.012818,122.012818,0,0,1,0.005888,271.044424,271.044424,0,0,1
3725,11-Dec-04,24:00:00,326.38617,0.004059,110.144047,110.144047,0,0,1,0.008511,216.045753,216.045753,0,0,1
3726,12-Dec-04,24:00:00,294.017229,0.005075,99.620675,99.620675,0,0,1,0.008364,194.253251,194.253251,0,0,1
3727,13-Dec-04,24:00:00,266.450741,0.005121,90.285679,90.285679,0,0,1,0.005021,176.039269,176.039269,0,0,1
3728,14-Dec-04,24:00:00,242.034239,0.005155,82.004671,82.004671,0,0,1,0.010051,159.918222,159.918222,0,0,1
3729,15-Dec-04,24:00:00,220.375231,0.009814,74.658463,74.658463,0,0,1,0.009283,145.618147,145.618147,0,0,1
3730,16-Dec-04,24:00:00,201.160836,0.007888,68.141344,68.141344,0,0,1,0.010882,132.932111,132.932111,0,0,1
3731,17-Dec-04,24:00:00,184.114565,0.008808,62.359556,62.359556,0,0,1,0.010876,121.677563,121.677563,0,0,1
3732,18-Dec-04,24:00:00,168.991224,0.012018,57.229943,57.229943,0,0,1,0.010859,111.692621,111.692621,0,0,1
3733,19-Dec-04,24:00:00,155.573348,0.006668,52.678754,52.678754,0,0,1,0.011704,102.833708,102.833708,0,0,0.999528
3734,20-Dec-04,24:00:00,143.668065,0.003331,48.640576,48.640576,0,0,1,0.009965,94.973484,94.973484,0,0,0.998257
3735,21-Dec-04,24:00:00,133.104312,0.023211,45.057392,45.057392,0,0,0.999807,0.011252,87.999007,87.999007,0,0,0.996742
3736,22-Dec-04,24:00:00,123.730372,0.023654,41.877749,41.877749,0,0,0.997008,0.011014,81.810107,81.810107,0,0,0.995139
3737,23-Dec-04,24:00:00,115.411685,0.031017,39.056009,39.056009,0,0,0.993214,0.011462,76.317942,76.317942,0,0,0.993544
3738,24-Dec-04,24:00:00,108.028906,0.012249,36.551696,36.551696,0,0,0.990362,0.010833,71.443715,71.443715,0,0,0.991945
3739,25-Dec-04,24:00:00,101.476188,0.003833,34.328911,34.328911,0,0,0.989203,0.010566,67.11754,67.11754,0,0,0.990432
3740,26-Dec-04,24:00:00,1803.92,0.003233,996.271959,328.004573,1.398196,1.32065,0.995366,0.00329,829.146146,291.209201,1.464483,1.392096,0.996157
3741,27-Dec-04,24:00:00,6836.57,0.002805,2419.51,1192.28,2.158799,2.158799,1,0.004182,4414.96,1988.63,2.143189,2.143189,1
3742,28-Dec-04,24:00:00,2408.29,0.004498,506.549381,488.81791,0.271938,0.271938,1,0.004381,1888.21,1672.82,0.183468,0.183468,1
3743,29-Dec-04,24:00:00,926.366415,0.009223,282.371706,267.63132,0.593355,0.593355,1,0.006427,642.168021,627.062005,0.595311,0.595311,1
3744,30-Dec-04,24:00:00,1954.11,0.009437,708.09361,679.883095,0.673748,0.673748,1,0.007502,1249.12,1181.19,0.615957,0.615957,1
3745,31-Dec-04,24:00:00,1206.83,0.003387,377.618474,362.894072,0.484939,0.484939,1,0.003047,827.635628,804.219922,0.482402,0.482402,1
3746,1-Jan-05,24:00:00,1467.54,0.005961,485.255214,469.955074,0.420915,0.420915,1,0.004308,982.13335,943.040344,0.392833,0.392833,1
3747,2-Jan-05,24:00:00,928.507884,0.004422,259.502878,254.945112,0.14787,0.14787,1,0.004888,666.301428,656.550221,0.144777,0.144777,1
3748,3-Jan-05,24:00:00,770.109527,0.007218,246.125723,243.706448,0,0,1,0.004876,523.146095,514.140952,0,0,1
3749,4-Jan-05,24:00:00,533.279824,0.005185,169.43006,169.43006,0,0,1,0.004636,363.098469,362.961149,0,0,1
3750,5-Jan-05,24:00:00,459.155883,0.003858,152.113893,152.113893,0,0,1,0.00461,306.766789,306.766789,0,0,1
3751,6-Jan-05,24:00:00,411.801872,0.008793,136.804735,136.804735,0,0,1,0.005132,274.779681,274.779681,0,0,1
3752,7-Jan-05,24:00:00,1236.83,0.004039,515.014238,487.316858,0.815806,0.815806,1,0.00755,728.402971,675.894121,0.882279,0.882279,1
3753,8-Jan-05,24:00:00,1138.40,0.008359,309.915146,297.746543,0.371913,0.371913,1,0.005469,826.142888,799.415099,0.381958,0.381958,1
3754,9-Jan-05,24:00:00,800.89443,0.008639,196.870997,196.292024,0,0,1,0.004357,600.722084,590.844749,0,0,1
3755,10-Jan-05,24:00:00,606.219902,0.008018,240.835721,223.947527,0.706134,0.706134,1,0.005434,367.688505,354.05935,0.6629,0.6629,1
3756,11-Jan-05,24:00:00,1875.03,0.012639,658.5966,633.894239,0.515227,0.515227,1,0.013194,1218.47,1152.57,0.492558,0.492558,1
3757,12-Jan-05,24:00:00,732.345987,0.011488,166.578278,166.578278,0,0,1,0.011487,561.167052,559.135449,0,0,1
3758,13-Jan-05,24:00:00,461.843887,0.006764,147.679305,147.679305,0,0,1,0.01022,313.588122,313.588122,0,0,1
3759,14-Jan-05,24:00:00,403.374021,0.008079,132.860132,132.860132,0,0,1,0.010903,270.287936,270.287936,0,0,1
3760,15-Jan-05,24:00:00,362.874494,0.006488,119.715706,119.715706,0,0,1,0.011192,242.971135,242.971135,0,0,1
3761,16-Jan-05,24:00:00,327.395968,0.008395,108.056339,108.056339,0,0,1,0.00733,219.174116,219.174116,0,0,1
3762,17-Jan-05,24:00:00,295.939835,0.007668,97.714112,97.714112,0,0,1,0.013779,198.079333,198.079333,0,0,1
3763,18-Jan-05,24:00:00,268.037586,0.005146,88.540093,88.540093,0,0,1,0.014568,179.367949,179.367949,0,0,1
3764,19-Jan-05,24:00:00,243.286975,0.00712,80.402194,80.402194,0,0,1,0.013074,162.770099,162.770099,0,0,0.999657
3765,20-Jan-05,24:00:00,221.331618,0.007902,73.183259,73.183259,0,0,1,0.007827,148.046795,148.046795,0,0,0.998624
3766,21-Jan-05,24:00:00,201.855445,0.005875,66.779383,66.779383,0,0,1,0.014368,134.986086,134.986086,0,0,0.997066
3767,22-Jan-05,24:00:00,184.578128,0.006178,61.098409,61.098409,0,0,1,0.01488,123.399984,123.399984,0,0,0.994993
3768,23-Jan-05,24:00:00,169.251041,0.007435,56.0586,56.0586,0,0,0.999968,0.013775,113.121761,113.121761,0,0,0.993011
3769,24-Jan-05,24:00:00,155.653673,0.006664,51.587465,51.587465,0,0,0.999469,0.015532,104.00354,104.00354,0,0,0.990887
3770,25-Jan-05,24:00:00,303.793273,0.003272,164.29412,147.510831,0.762541,0.753164,0.999328,0.006615,142.005754,129.630813,0.729207,0.653732,0.993717
3771,26-Jan-05,24:00:00,1801.41,0.009384,678.039021,645.096573,0.697795,0.697795,1,0.008008,1128.11,1045.20,0.689606,0.689606,1
3772,27-Jan-05,24:00:00,744.437902,0.010059,168.208561,136.665012,0.451127,0.451127,1,0.010165,572.36567,558.35804,0.452348,0.452348,1
3773,28-Jan-05,24:00:00,2349.87,0.011027,857.831201,663.493264,0.803327,0.803327,1,0.00938,1496.38,1055.58,0.775924,0.775924,1
3774,29-Jan-05,24:00:00,813.76125,0.016335,159.773444,159.673272,0,0,1,0.01218,647.90816,634.266957,0,0,1
3775,30-Jan-05,24:00:00,410.215566,0.017096,128.245647,128.245647,0,0,1,0.014563,281.144667,281.135244,0,0,1
3776,31-Jan-05,24:00:00,346.366359,0.015891,115.598948,115.598948,0,0,1,0.015458,230.562937,230.562937,0,0,1
3777,1-Feb-05,24:00:00,311.737174,0.033309,104.385879,104.385879,0,0,1,0.014947,207.195417,207.195417,0,0,1
3778,2-Feb-05,24:00:00,281.966159,0.022145,94.439724,94.439724,0,0,0.999736,0.020561,187.389393,187.389393,0,0,1
3779,3-Feb-05,24:00:00,255.590118,0.020113,85.617232,85.617232,0,0,0.997893,0.009552,169.851616,169.851616,0,0,1
3780,4-Feb-05,24:00:00,232.194743,0.016376,77.791353,77.791353,0,0,0.995236,0.017234,154.296014,154.296014,0,0,0.999756
3781,5-Feb-05,24:00:00,211.442123,0.019077,70.849402,70.849402,0,0,0.992778,0.017926,140.497614,140.497614,0,0,0.998123
3782,6-Feb-05,24:00:00,193.033415,0.020002,64.691436,64.691436,0,0,0.989978,0.019572,128.257711,128.257711,0,0,0.995525
3783,7-Feb-05,24:00:00,176.703595,0.013209,59.228815,59.228815,0,0,0.98756,0.011364,117.400095,117.400095,0,0,0.993219
3784,8-Feb-05,24:00:00,162.217607,0.008169,54.38292,54.38292,0,0,0.986007,0.007743,107.768478,107.768478,0,0,0.991858
3785,9-Feb-05,24:00:00,149.366979,0.019186,50.084023,50.084023,0,0,0.984044,0.012596,99.224248,99.224248,0,0,0.990415
3786,10-Feb-05,24:00:00,137.966812,0.021411,46.270281,46.270281,0,0,0.981176,0.018529,91.644463,91.644463,0,0,0.988167
3787,11-Feb-05,24:00:00,127.853116,0.020739,42.886842,42.886842,0,0,0.978205,0.018016,84.920085,84.920085,0,0,0.985563
3788,12-Feb-05,24:00:00,118.880443,0.02054,39.885059,39.885059,0,0,0.975229,0.015598,78.954406,78.954406,0,0,0.983136
3789,13-Feb-05,24:00:00,110.919796,0.008008,37.221783,37.221783,0,0,0.973164,0.00725,73.661651,73.661651,0,0,0.982023
3790,14-Feb-05,24:00:00,103.85676,0.007224,34.858747,34.858747,0,0,0.972594,0.0113,68.965745,68.965745,0,0,0.982023
3791,15-Feb-05,24:00:00,102.622765,0.008573,36.61597,32.762007,0.127522,0,0.982755,0.013497,65.998705,64.799215,0.048141,0,0.984073
3792,16-Feb-05,24:00:00,94.698753,0.010405,31.389946,30.901461,0,0,0.990811,0.01091,63.264259,61.102217,0,0,0.9889
3793,17-Feb-05,24:00:00,87.47526,0.014505,29.595572,29.250409,0.046741,0,0.991293,0.018507,57.855695,57.821674,0,0,0.9889
3794,18-Feb-05,24:00:00,607.100133,0.009255,310.628861,286.89365,0.797786,0.780205,0.999424,0.010441,300.489436,267.592196,0.684858,0.607159,0.997961
3795,19-Feb-05,24:00:00,970.694515,0.007515,331.618635,312.443852,0.460191,0.460191,1,0.010083,639.711082,603.254646,0.530918,0.530918,1
3796,20-Feb-05,24:00:00,1302.44,0.010444,451.229913,427.180039,0.806793,0.806793,1,0.009961,852.568622,801.755203,0.623991,0.623991,1
3797,21-Feb-05,24:00:00,1282.42,0.021656,432.386216,413.19839,0.428466,0.428466,1,0.017044,848.118204,811.562677,0.399655,0.399655,1
3798,22-Feb-05,24:00:00,478.267289,0.022946,120.316706,120.316706,0,0,1,0.023756,355.159397,353.928084,0,0,1
3799,23-Feb-05,24:00:00,312.727111,0.020828,107.161236,107.161236,0,0,1,0.022231,205.222333,205.222333,0,0,1
3800,24-Feb-05,24:00:00,275.782778,0.009469,96.880758,96.880758,0,0,1,0.017176,178.764494,178.764494,0,0,1
3801,25-Feb-05,24:00:00,249.778757,0.011683,87.762274,87.762274,0,0,1,0.015536,161.901792,161.901792,0,0,1
3802,26-Feb-05,24:00:00,226.977159,0.013439,79.674167,79.674167,0,0,1,0.022638,147.201659,147.201659,0,0,0.998915
3803,27-Feb-05,24:00:00,2260.06,0.00809,1212.31,539.27851,1.578323,1.578323,1,0.007804,1066.20,528.34763,1.457035,1.44017,0.999849
3804,28-Feb-05,24:00:00,2074.62,0.014466,469.981494,424.857749,0.043457,0.043457,1,0.012868,1589.44,1119.89,0,0,1
3805,1-Mar-05,24:00:00,608.41248,0.016849,208.824968,195.080924,0.673356,0.673356,1,0.011756,398.914221,387.25526,0.546149,0.546149,1
3806,2-Mar-05,24:00:00,1123.84,0.01745,417.003199,406.264628,0.045608,0.045608,1,0.01712,706.176148,675.961157,0,0,1
3807,3-Mar-05,24:00:00,462.436472,0.017767,141.117818,140.204365,0.045449,0.045449,1,0.018943,319.689214,318.97026,0.03063,0.03063,1
3808,4-Mar-05,24:00:00,491.063229,0.017859,186.617208,183.000762,0.087577,0.087577,1,0.018201,304.628915,298.015121,0.071215,0.071215,1
3809,5-Mar-05,24:00:00,349.933248,0.029822,116.644496,116.644496,0,0,1,0.028831,232.681752,232.392366,0,0,1
3810,6-Mar-05,24:00:00,294.141949,0.032802,104.963535,104.963535,0,0,1,0.030936,189.002601,189.002601,0,0,1
3811,7-Mar-05,24:00:00,264.929654,0.022,94.924596,94.924596,0,0,0.999888,0.03085,169.881796,169.881796,0,0,0.999524
3812,8-Mar-05,24:00:00,240.351305,0.027278,86.020373,86.020373,0,0,0.997832,0.0333,154.223213,154.223213,0,0,0.99645
3813,9-Mar-05,24:00:00,218.60407,0.031577,78.122511,78.122511,0,0,0.993682,0.039526,140.386201,140.386201,0,0,0.991414
3814,10-Mar-05,24:00:00,199.316343,0.043551,71.117227,71.117227,0,0,0.988313,0.035564,128.114635,128.114635,0,0,0.985889
3815,11-Mar-05,24:00:00,182.208381,0.038859,64.903601,64.903601,0,0,0.982272,0.032947,117.229914,117.229914,0,0,0.980923
3816,12-Mar-05,24:00:00,167.03368,0.015666,59.392125,59.392125,0,0,0.978405,0.027297,107.575191,107.575191,0,0,0.976628
3817,13-Mar-05,24:00:00,153.573654,0.026561,54.503413,54.503413,0,0,0.975404,0.028165,99.011401,99.011401,0,0,0.972792
3818,14-Mar-05,24:00:00,141.634437,0.0543,50.167055,50.167055,0,0,0.9695,0.040512,91.415204,91.415204,0,0,0.967689
3819,15-Mar-05,24:00:00,131.044087,0.036898,46.320603,46.320603,0,0,0.963147,0.032379,84.677205,84.677205,0,0,0.962597
3820,16-Mar-05,24:00:00,121.650103,0.025886,42.908671,42.908671,0,0,0.958643,0.031161,78.70038,78.70038,0,0,0.958037
3821,17-Mar-05,24:00:00,113.31723,0.024998,39.882133,39.882133,0,0,0.954973,0.029233,73.398677,73.398677,0,0,0.953747
3822,18-Mar-05,24:00:00,136.504821,0.006659,64.608856,51.052929,0.717613,0.385246,0.964142,0.012804,72.137612,68.864026,0.413035,0.062546,0.957239
3823,19-Mar-05,24:00:00,3476.91,0.0176,1780.64,807.128542,1.377171,1.377171,1,0.012771,1708.00,890.576371,1.613832,1.613832,1
3824,20-Mar-05,24:00:00,1482.21,0.018444,213.403188,207.295771,0.274211,0.274211,1,0.010741,1263.01,1150.69,0.601217,0.601217,1
3825,21-Mar-05,24:00:00,1608.34,0.015464,785.770133,363.533599,0.981381,0.981381,1,0.017031,826.23689,754.229502,0.913467,0.913467,1
3826,22-Mar-05,24:00:00,4412.94,0.013089,1691.49,792.150656,1.017361,1.017361,1,0.017963,2721.54,1511.90,1.066853,1.066853,1
3827,23-Mar-05,24:00:00,1526.38,0.020716,363.11525,354.431594,0.104775,0.104775,1,0.015685,1156.93,1101.58,0.140617,0.140617,1
3828,24-Mar-05,24:00:00,642.666558,0.029028,169.602467,169.602467,0,0,1,0.025635,470.5436,469.893773,0,0,1
3829,25-Mar-05,24:00:00,485.960846,0.031536,151.912321,151.912321,0,0,1,0.032452,333.640705,333.640705,0,0,1
3830,26-Mar-05,24:00:00,431.593801,0.033578,136.556884,136.556884,0,0,0.999184,0.028774,294.795696,294.795696,0,0,0.999899
3831,27-Mar-05,24:00:00,1701.81,0.013392,871.807827,291.061634,0.88227,0.85738,0.998649,0.015263,847.801971,371.435831,0.919632,0.908027,0.999552
3832,28-Mar-05,24:00:00,2033.39,0.029317,436.881402,372.359693,0,0,1,0.025096,1580.98,968.938906,0.000007,0.000007,1
3833,29-Mar-05,24:00:00,707.81836,0.027933,164.414679,162.607687,0.053065,0.053065,1,0.027528,541.75499,523.726778,0.180949,0.180949,1
3834,30-Mar-05,24:00:00,466.960605,0.037949,125.848192,125.848192,0,0,1,0.036388,339.847527,339.191862,0,0,1
3835,31-Mar-05,24:00:00,371.474579,0.040156,113.272723,113.272723,0,0,0.999732,0.038131,257.91666,257.91666,0,0,0.999913
3836,1-Apr-05,24:00:00,331.780735,0.03918,102.285931,102.285931,0,0,0.9964,0.037376,229.315676,229.315676,0,0,0.997089
3837,2-Apr-05,24:00:00,299.554194,0.036316,92.541495,92.541495,0,0,0.990981,0.029712,206.857492,206.857492,0,0,0.992409
3838,3-Apr-05,24:00:00,845.245159,0.010394,433.21632,316.133235,0.90057,0.818675,0.99441,0.00971,418.509586,332.149286,0.843175,0.773055,0.995248
3839,4-Apr-05,24:00:00,1075.26,0.033032,261.429611,257.659828,0,0,1,0.032385,809.165715,763.906623,0,0,1
3840,5-Apr-05,24:00:00,395.019776,0.038726,104.271116,104.271116,0,0,1,0.039531,289.105943,288.912657,0,0,1
3841,6-Apr-05,24:00:00,298.069467,0.038642,94.232722,94.232722,0,0,0.99947,0.043134,203.604299,203.604299,0,0,1
3842,7-Apr-05,24:00:00,370.360402,0.026095,85.39897,85.39897,0,0,0.998514,0.019109,286.142661,275.288787,0.172473,0.172473,1
3843,8-Apr-05,24:00:00,522.340074,0.020286,94.043779,92.56878,0.043315,0.032914,0.999536,0.019335,429.378564,409.713782,0.296536,0.296536,1
3844,9-Apr-05,24:00:00,397.417487,0.039415,72.719342,72.719342,0,0,1,0.030748,322.625123,320.068404,0,0,1
3845,10-Apr-05,24:00:00,250.324958,0.039661,65.796484,65.796484,0,0,1,0.040778,184.16851,184.163109,0,0,1
3846,11-Apr-05,24:00:00,218.624668,0.038384,60.178543,60.178543,0,0,0.997442,0.033934,158.323814,158.323814,0,0,0.999748
3847,12-Apr-05,24:00:00,198.939071,0.03679,55.196114,55.196114,0,0,0.992229,0.020638,143.644258,143.644258,0,0,0.997866
3848,13-Apr-05,24:00:00,181.848543,0.032322,50.777236,50.777236,0,0,0.987383,0.023475,130.984218,130.984218,0,0,0.994715
3849,14-Apr-05,24:00:00,166.703581,0.042788,46.858197,46.858197,0,0,0.981985,0.039496,119.76823,119.76823,0,0,0.9902
3850,15-Apr-05,24:00:00,153.272267,0.044801,43.382489,43.382489,0,0,0.975704,0.043325,109.821402,109.821402,0,0,0.984274
3851,16-Apr-05,24:00:00,141.360509,0.044013,40.299993,40.299993,0,0,0.969274,0.045054,100.999906,100.999906,0,0,0.977918
3852,17-Apr-05,24:00:00,130.796503,0.046956,37.566256,37.566256,0,0,0.962976,0.041767,93.176511,93.176511,0,0,0.97172
3853,18-Apr-05,24:00:00,121.427879,0.050629,35.141855,35.141855,0,0,0.955954,0.041979,86.238376,86.238376,0,0,0.965804
3854,19-Apr-05,24:00:00,113.119499,0.049558,32.99182,32.99182,0,0,0.948651,0.045209,80.085424,80.085424,0,0,0.959554
3855,20-Apr-05,24:00:00,105.751505,0.035143,31.085138,31.085138,0,0,0.942594,0.035556,74.62889,74.62889,0,0,0.953682
3856,21-Apr-05,24:00:00,99.217591,0.04302,29.394301,29.394301,0,0,0.93713,0.045541,69.790049,69.790049,0,0,0.947925
3857,22-Apr-05,24:00:00,93.423474,0.044286,27.894913,27.894913,0,0,0.930666,0.047125,65.499076,65.499076,0,0,0.941315
3858,23-Apr-05,24:00:00,88.28553,0.0186,26.565335,26.565335,0,0,0.926291,0.021323,61.69404,61.69404,0,0,0.936468
3859,24-Apr-05,24:00:00,83.729589,0.023318,25.386375,25.386375,0,0,0.923306,0.019919,58.320014,58.320014,0,0,0.933443
3860,25-Apr-05,24:00:00,79.68987,0.035705,24.34101,24.34101,0,0,0.91917,0.039741,55.328281,55.328281,0,0,0.929321
3861,26-Apr-05,24:00:00,76.108028,0.046574,23.414143,23.414143,0,0,0.913241,0.044652,52.675631,52.675631,0,0,0.923178
3862,27-Apr-05,24:00:00,72.932314,0.025346,22.592382,22.592382,0,0,0.908041,0.034265,50.323741,50.323741,0,0,0.91748
3863,28-Apr-05,24:00:00,70.116832,0.037718,21.863851,21.863851,0,0,0.903538,0.034198,48.23862,48.23862,0,0,0.912636
3864,29-Apr-05,24:00:00,67.620872,0.040608,21.218016,21.218016,0,0,0.898011,0.034399,46.390121,46.390121,0,0,0.907804
3865,30-Apr-05,24:00:00,65.40833,0.0385,20.645533,20.645533,0,0,0.89222,0.038253,44.751503,44.751503,0,0,0.902415
3866,1-May-05,24:00:00,63.44718,0.045806,20.138115,20.138115,0,0,0.886257,0.037347,43.29905,43.29905,0,0,0.897108
3867,2-May-05,24:00:00,61.709018,0.047066,19.688412,19.688412,0,0,0.879657,0.049752,42.011727,42.011727,0,0,0.890973
3868,3-May-05,24:00:00,65.049806,0.04114,19.289904,19.289904,0,0,0.873529,0.048186,45.978614,40.870877,0.203845,0,0.891992
3869,4-May-05,24:00:00,101.466844,0.009206,35.152695,18.936808,0.575748,0,0.891931,0.024375,66.736057,40.056417,0.624563,0.009709,0.935877
3870,5-May-05,24:00:00,116.320319,0.033688,22.013823,18.623996,0,0,0.953147,0.02949,93.819653,65.828839,0.023866,0.023866,1
3871,6-May-05,24:00:00,66.743568,0.026407,18.346918,18.346918,0,0,0.953147,0.02208,48.247365,47.911853,0,0,1
3872,7-May-05,24:00:00,58.695616,0.037972,18.101538,18.101538,0,0,0.953147,0.037652,40.577362,40.577362,0,0,1
3873,8-May-05,24:00:00,939.607721,0.008342,453.012616,404.404091,1.59231,1.264338,0.985613,0.015331,496.536515,432.980328,1.45653,1.45653,1
3874,9-May-05,24:00:00,1497.52,0.030941,325.21169,316.532289,0.090025,0.090025,1,0.025189,1166.36,1121.98,0.081887,0.081887,1
3875,10-May-05,24:00:00,384.599397,0.046212,75.195907,75.195907,0,0,1,0.039672,306.424333,305.848917,0,0,1
3876,11-May-05,24:00:00,231.638207,0.049471,68.249011,68.249011,0,0,0.998481,0.049321,163.108856,163.108856,0,0,0.999298
3877,12-May-05,24:00:00,204.936689,0.048713,62.362705,62.362705,0,0,0.992775,0.05393,142.470508,142.470508,0,0,0.994213
3878,13-May-05,24:00:00,186.99828,0.048335,57.142498,57.142498,0,0,0.985849,0.055949,129.769772,129.769772,0,0,0.986393
3879,14-May-05,24:00:00,171.299242,0.048698,52.513034,52.513034,0,0,0.978826,0.055072,118.71018,118.71018,0,0,0.978407
3880,15-May-05,24:00:00,157.383446,0.028399,48.407519,48.407519,0,0,0.973473,0.020347,108.908556,108.908556,0,0,0.973001
3881,16-May-05,24:00:00,145.043065,0.040398,44.766711,44.766711,0,0,0.968426,0.037891,100.216639,100.216639,0,0,0.968875
3882,17-May-05,24:00:00,140.036698,0.020081,41.798899,41.538066,0.09047,0,0.964527,0.016118,98.259664,92.508792,0.237021,0,0.97558
3883,18-May-05,24:00:00,7182.78,0.009805,3103.66,753.828632,2.309678,2.139441,0.998795,0.01543,4104.09,905.113326,2.227357,2.227007,0.999999
3884,19-May-05,24:00:00,2621.06,0.026293,442.588035,416.015144,0,0,1,0.028438,2157.12,1471.86,0,0,1
3885,20-May-05,24:00:00,543.739381,0.048943,123.369536,123.369536,0,0,1,0.043713,416.654848,414.59616,0,0,1
3886,21-May-05,24:00:00,358.213102,0.060059,111.040481,111.040481,0,0,0.99814,0.058254,246.801341,246.801341,0,0,0.998377
3887,22-May-05,24:00:00,316.784183,0.060854,100.32017,100.32017,0,0,0.990758,0.056174,216.293847,216.293847,0,0,0.991769
3888,23-May-05,24:00:00,286.203653,0.055401,90.812695,90.812695,0,0,0.982336,0.057084,195.246482,195.246482,0,0,0.983704
3889,24-May-05,24:00:00,259.303947,0.058219,82.380889,82.380889,0,0,0.974283,0.057371,176.795417,176.795417,0,0,0.975449
3890,25-May-05,24:00:00,235.454799,0.055568,74.903125,74.903125,0,0,0.966027,0.063553,160.438703,160.438703,0,0,0.966861
3891,26-May-05,24:00:00,214.304791,0.045464,68.271527,68.271527,0,0,0.959155,0.057891,145.93324,145.93324,0,0,0.958274
3892,27-May-05,24:00:00,195.54854,0.037986,62.390418,62.390418,0,0,0.953084,0.064921,133.069533,133.069533,0,0,0.949474
3893,28-May-05,24:00:00,178.915368,0.050792,57.174939,57.174939,0,0,0.946636,0.052315,121.661947,121.661947,0,0,0.940927
3894,29-May-05,24:00:00,164.165211,0.051126,52.549829,52.549829,0,0,0.939291,0.049434,111.545838,111.545838,0,0,0.933709
3895,30-May-05,24:00:00,151.085153,0.056522,48.448334,48.448334,0,0,0.931657,0.060949,102.575183,102.575183,0,0,0.925884
3896,31-May-05,24:00:00,139.486354,0.063589,44.81125,44.81125,0,0,0.92346,0.066011,94.620467,94.620467,0,0,0.917023
3897,1-Jun-05,24:00:00,129.201329,0.0675,41.586067,41.586067,0,0,0.913746,0.060116,87.566823,87.566823,0,0,0.907812
3898,2-Jun-05,24:00:00,120.081533,0.063589,38.726214,38.726214,0,0,0.904396,0.058415,81.31237,81.31237,0,0,0.899359
3899,3-Jun-05,24:00:00,111.995215,0.0582,36.190382,36.190382,0,0,0.895673,0.061228,75.766748,75.766748,0,0,0.890871
3900,4-Jun-05,24:00:00,104.825525,0.066394,33.941938,33.941938,0,0,0.887128,0.060716,70.849815,70.849815,0,0,0.882181
3901,5-Jun-05,24:00:00,98.468825,0.064232,31.948386,31.948386,0,0,0.877506,0.055378,66.490489,66.490489,0,0,0.873613
3902,6-Jun-05,24:00:00,92.833195,0.050802,30.180909,30.180909,0,0,0.869209,0.044772,62.625727,62.625727,0,0,0.866583
3903,7-Jun-05,24:00:00,87.837111,0.053868,28.613946,28.613946,0,0,0.861794,0.047526,59.199613,59.199613,0,0,0.859951
3904,8-Jun-05,24:00:00,117.686995,0.016373,35.537766,27.224824,0.356218,0,0.867474,0.017903,82.594976,56.162553,0.616215,0,0.893704
3905,9-Jun-05,24:00:00,100.647972,0.04,29.810654,25.993439,0,0,0.907213,0.031779,70.361124,53.470563,0,0,0.944569
3906,10-Jun-05,24:00:00,76.152658,0.058689,24.901955,24.901955,0,0,0.907213,0.055448,51.22535,51.084628,0,0,0.944569
3907,11-Jun-05,24:00:00,72.91926,0.063595,23.934555,23.934555,0,0,0.903137,0.056688,48.970148,48.970148,0,0,0.941886
3908,12-Jun-05,24:00:00,70.186548,0.064064,23.07721,23.07721,0,0,0.893724,0.060601,47.096434,47.096434,0,0,0.934129
3909,13-Jun-05,24:00:00,67.765178,0.067511,22.317477,22.317477,0,0,0.884371,0.058904,45.436264,45.436264,0,0,0.925703
3910,14-Jun-05,24:00:00,65.619952,0.068773,21.644319,21.644319,0,0,0.874938,0.068556,43.965497,43.965497,0,0,0.91664
3911,15-Jun-05,24:00:00,63.719649,0.051105,21.047949,21.047949,0,0,0.866063,0.061392,42.66272,42.66272,0,0,0.907233
3912,16-Jun-05,24:00:00,75.518164,0.013887,28.906656,20.519684,0.260688,0,0.874317,0.013879,46.743418,41.50894,0.136351,0,0.908217
3913,17-Jun-05,24:00:00,65.523715,0.027247,20.541976,20.051823,0,0,0.898154,0.025646,44.837343,40.487313,0,0,0.920658
3914,18-Jun-05,24:00:00,59.262014,0.035513,19.637538,19.637538,0,0,0.898154,0.023756,39.615671,39.582898,0,0,0.920658
3915,19-Jun-05,24:00:00,58.058733,0.043726,19.270769,19.270769,0,0,0.897867,0.040213,38.782442,38.782442,0,0,0.920658
3916,20-Jun-05,24:00:00,57.025223,0.0497,18.946144,18.946144,0,0,0.893834,0.050081,38.074192,38.074192,0,0,0.918185
3917,21-Jun-05,24:00:00,56.110943,0.054931,18.658897,18.658897,0,0,0.886316,0.039864,37.447723,37.447723,0,0,0.91231
3918,22-Jun-05,24:00:00,55.302411,0.059863,18.404802,18.404802,0,0,0.878107,0.055523,36.893787,36.893787,0,0,0.905475
3919,23-Jun-05,24:00:00,54.587668,0.044634,18.180107,18.180107,0,0,0.870558,0.061149,36.404183,36.404183,0,0,0.897057
3920,24-Jun-05,24:00:00,53.956108,0.039437,17.981489,17.981489,0,0,0.864736,0.043845,35.971635,35.971635,0,0,0.889764
3921,25-Jun-05,24:00:00,53.398323,0.029039,17.805997,17.805997,0,0,0.85979,0.045232,35.589691,35.589691,0,0,0.883385
3922,26-Jun-05,24:00:00,52.905967,0.033957,17.651015,17.651015,0,0,0.85535,0.053793,35.252628,35.252628,0,0,0.876267
3923,27-Jun-05,24:00:00,52.471639,0.041975,17.514222,17.514222,0,0,0.849933,0.050816,34.955367,34.955367,0,0,0.868718
3924,28-Jun-05,24:00:00,52.088771,0.037677,17.393559,17.393559,0,0,0.844243,0.056662,34.693407,34.693407,0,0,0.860917
3925,29-Jun-05,24:00:00,51.751542,0.057151,17.2872,17.2872,0,0,0.837521,0.066813,34.462752,34.462752,0,0,0.852193
3926,30-Jun-05,24:00:00,51.454783,0.057333,17.193526,17.193526,0,0,0.829198,0.070448,34.25986,34.25986,0,0,0.842437
3927,1-Jul-05,24:00:00,51.193913,0.050775,17.111099,17.111099,0,0,0.82157,0.069347,34.081586,34.081586,0,0,0.832401
3928,2-Jul-05,24:00:00,50.964866,0.046894,17.038646,17.038646,0,0,0.814585,0.069142,33.925143,33.925143,0,0,0.822603
3929,3-Jul-05,24:00:00,50.764035,0.053607,16.975035,16.975035,0,0,0.807397,0.068918,33.788058,33.788058,0,0,0.812783
3930,4-Jul-05,24:00:00,50.588223,0.060695,16.919264,16.919264,0,0,0.799123,0.069569,33.668136,33.668136,0,0,0.802881
3931,5-Jul-05,24:00:00,50.434591,0.053849,16.870442,16.870442,0,0,0.791022,0.07187,33.563431,33.563431,0,0,0.792899
3932,6-Jul-05,24:00:00,50.300622,0.062846,16.82778,16.82778,0,0,0.782734,0.06932,33.472216,33.472216,0,0,0.782642
3933,7-Jul-05,24:00:00,50.184081,0.057783,16.790579,16.790579,0,0,0.774108,0.068722,33.392959,33.392959,0,0,0.772834
3934,8-Jul-05,24:00:00,50.082987,0.059486,16.758216,16.758216,0,0,0.765667,0.061451,33.324302,33.324302,0,0,0.763385
3935,9-Jul-05,24:00:00,49.995583,0.04953,16.730141,16.730141,0,0,0.75789,0.055802,33.265038,33.265038,0,0,0.755033
3936,10-Jul-05,24:00:00,49.920307,0.059065,16.705864,16.705864,0,0,0.750042,0.057846,33.214096,33.214096,0,0,0.747013
3937,11-Jul-05,24:00:00,49.855776,0.075449,16.684951,16.684951,0,0,0.740848,0.066938,33.170529,33.170529,0,0,0.738121
3938,12-Jul-05,24:00:00,49.800761,0.068311,16.667017,16.667017,0,0,0.73027,0.06683,33.133494,33.133494,0,0,0.728478
3939,13-Jul-05,24:00:00,49.754174,0.064123,16.651721,16.651721,0,0,0.72076,0.067006,33.102242,33.102242,0,0,0.718898
3940,14-Jul-05,24:00:00,49.715045,0.065053,16.63876,16.63876,0,0,0.711561,0.072458,33.076111,33.076111,0,0,0.709049
3941,15-Jul-05,24:00:00,49.682518,0.06333,16.627863,16.627863,0,0,0.702417,0.069359,33.054511,33.054511,0,0,0.698844
3942,16-Jul-05,24:00:00,49.65583,0.062191,16.618792,16.618792,0,0,0.693526,0.06666,33.036921,33.036921,0,0,0.689057
3943,17-Jul-05,24:00:00,49.634304,0.063224,16.611336,16.611336,0,0,0.684489,0.067605,33.022876,33.022876,0,0,0.679512
3944,18-Jul-05,24:00:00,49.617341,0.044449,16.605306,16.605306,0,0,0.676816,0.066471,33.011965,33.011965,0,0,0.669939
3945,19-Jul-05,24:00:00,49.604408,0.042982,16.600534,16.600534,0,0,0.670563,0.066174,33.003823,33.003823,0,0,0.660549
3946,20-Jul-05,24:00:00,49.595031,0.049026,16.596873,16.596873,0,0,0.664057,0.067684,32.998123,32.998123,0,0,0.650934
3947,21-Jul-05,24:00:00,49.588789,0.042989,16.594191,16.594191,0,0,0.657387,0.063597,32.994579,32.994579,0,0,0.641633
3948,22-Jul-05,24:00:00,49.585311,0.053923,16.592371,16.592371,0,0,0.650486,0.056833,32.992934,32.992934,0,0,0.633046
3949,23-Jul-05,24:00:00,49.584264,0.070261,16.591308,16.591308,0,0,0.641726,0.067388,32.992962,32.992962,0,0,0.624071
3950,24-Jul-05,24:00:00,49.585354,0.062117,16.590911,16.590911,0,0,0.632069,0.073293,32.994459,32.994459,0,0,0.61418
3951,25-Jul-05,24:00:00,49.588319,0.058808,16.591097,16.591097,0,0,0.623482,0.061627,32.997247,32.997247,0,0,0.604319
3952,26-Jul-05,24:00:00,49.592926,0.057714,16.591793,16.591793,0,0,0.61513,0.067974,33.001165,33.001165,0,0,0.59515
3953,27-Jul-05,24:00:00,49.59897,0.045618,16.592936,16.592936,0,0,0.607861,0.065563,33.006073,33.006073,0,0,0.585615
3954,28-Jul-05,24:00:00,49.606265,0.048076,16.594466,16.594466,0,0,0.601192,0.064722,33.011845,33.011845,0,0,0.576314
3955,29-Jul-05,24:00:00,49.61465,0.048836,16.596333,16.596333,0,0,0.594201,0.062858,33.018367,33.018367,0,0,0.567207
3956,30-Jul-05,24:00:00,49.623978,0.051404,16.598492,16.598492,0,0,0.587086,0.066567,33.025541,33.025541,0,0,0.557974
3957,31-Jul-05,24:00:00,49.634119,0.050073,16.600901,16.600901,0,0,0.579854,0.067778,33.033277,33.033277,0,0,0.548432
3958,1-Aug-05,24:00:00,49.64496,0.053111,16.603524,16.603524,0,0,0.572507,0.06545,33.041497,33.041497,0,0,0.538841
3959,2-Aug-05,24:00:00,49.656396,0.053599,16.606331,16.606331,0,0,0.564786,0.055375,33.05013,33.05013,0,0,0.530113
3960,3-Aug-05,24:00:00,49.668338,0.048463,16.609291,16.609291,0,0,0.557505,0.0644,33.059114,33.059114,0,0,0.521627
3961,4-Aug-05,24:00:00,49.680703,0.05289,16.612379,16.612379,0,0,0.550289,0.063568,33.068393,33.068393,0,0,0.512514
3962,5-Aug-05,24:00:00,49.693418,0.054967,16.615572,16.615572,0,0,0.542649,0.06324,33.077916,33.077916,0,0,0.503385
3963,6-Aug-05,24:00:00,49.70642,0.055821,16.618851,16.618851,0,0,0.534706,0.062392,33.08764,33.08764,0,0,0.494414
3964,7-Aug-05,24:00:00,49.719649,0.055155,16.622197,16.622197,0,0,0.526641,0.065974,33.097525,33.097525,0,0,0.485363
3965,8-Aug-05,24:00:00,49.733056,0.041946,16.625594,16.625594,0,0,0.519803,0.060158,33.107536,33.107536,0,0,0.476282
3966,9-Aug-05,24:00:00,49.746592,0.043666,16.629027,16.629027,0,0,0.51359,0.050283,33.117639,33.117639,0,0,0.468737
3967,10-Aug-05,24:00:00,49.760217,0.042161,16.632484,16.632484,0,0,0.507548,0.068731,33.127809,33.127809,0,0,0.460126
3968,11-Aug-05,24:00:00,49.773895,0.05171,16.635952,16.635952,0,0,0.500905,0.06404,33.138018,33.138018,0,0,0.450453
3969,12-Aug-05,24:00:00,49.787591,0.053315,16.639422,16.639422,0,0,0.493213,0.06193,33.148244,33.148244,0,0,0.441376
3970,13-Aug-05,24:00:00,49.801276,0.035439,16.642884,16.642884,0,0,0.486992,0.056652,33.158467,33.158467,0,0,0.432984
3971,14-Aug-05,24:00:00,49.814924,0.033928,16.64633,16.64633,0,0,0.482061,0.052483,33.168669,33.168669,0,0,0.425171
3972,15-Aug-05,24:00:00,49.828509,0.029091,16.649752,16.649752,0,0,0.477524,0.045492,33.178832,33.178832,0,0,0.418152
3973,16-Aug-05,24:00:00,49.842012,0.049586,16.653143,16.653143,0,0,0.471912,0.056181,33.188943,33.188943,0,0,0.410768
3974,17-Aug-05,24:00:00,49.855411,0.039603,16.656498,16.656498,0,0,0.465524,0.059428,33.198987,33.198987,0,0,0.40261
3975,18-Aug-05,24:00:00,49.868691,0.026255,16.65981,16.65981,0,0,0.460826,0.047282,33.208953,33.208953,0,0,0.395015
3976,19-Aug-05,24:00:00,49.881833,0.027785,16.663076,16.663076,0,0,0.456986,0.049999,33.21883,33.21883,0,0,0.388097
3977,20-Aug-05,24:00:00,49.894826,0.038399,16.66629,16.66629,0,0,0.452309,0.056351,33.228607,33.228607,0,0,0.380458
3978,21-Aug-05,24:00:00,49.907654,0.040205,16.669448,16.669448,0,0,0.446721,0.057116,33.238277,33.238277,0,0,0.372346
3979,22-Aug-05,24:00:00,49.920307,0.045514,16.672547,16.672547,0,0,0.44057,0.057956,33.24783,33.24783,0,0,0.36411
3980,23-Aug-05,24:00:00,49.932774,0.046235,16.675583,16.675583,0,0,0.433985,0.060459,33.25726,33.25726,0,0,0.355698
3981,24-Aug-05,24:00:00,49.945044,0.040804,16.678553,16.678553,0,0,0.42762,0.057394,33.266559,33.266559,0,0,0.347328
3982,25-Aug-05,24:00:00,49.957109,0.043279,16.681454,16.681454,0,0,0.421772,0.05401,33.275722,33.275722,0,0,0.339494
3983,26-Aug-05,24:00:00,49.968961,0.044899,16.684285,16.684285,0,0,0.415535,0.057832,33.284742,33.284742,0,0,0.331346
3984,27-Aug-05,24:00:00,49.980592,0.049614,16.687041,16.687041,0,0,0.408773,0.055526,33.293615,33.293615,0,0,0.323193
3985,28-Aug-05,24:00:00,49.991995,0.048825,16.689722,16.689722,0,0,0.401677,0.05836,33.302336,33.302336,0,0,0.315182
3986,29-Aug-05,24:00:00,50.003163,0.058367,16.692325,16.692325,0,0,0.394381,0.055404,33.3109,33.3109,0,0,0.306905
3987,30-Aug-05,24:00:00,50.014091,0.063382,16.694849,16.694849,0,0,0.385164,0.050717,33.319304,33.319304,0,0,0.29931
3988,31-Aug-05,24:00:00,50.024774,0.056342,16.697291,16.697291,0,0,0.376758,0.054897,33.327543,33.327543,0,0,0.291791
3989,1-Sep-05,24:00:00,50.035206,0.041178,16.69965,16.69965,0,0,0.369707,0.052884,33.335614,33.335614,0,0,0.28408
3990,2-Sep-05,24:00:00,50.045382,0.03369,16.701925,16.701925,0,0,0.364428,0.054232,33.343514,33.343514,0,0,0.276507
3991,3-Sep-05,24:00:00,50.055299,0.03465,16.704115,16.704115,0,0,0.359546,0.0498,33.35124,33.35124,0,0,0.268973
3992,4-Sep-05,24:00:00,50.064951,0.040431,16.706217,16.706217,0,0,0.354159,0.047511,33.358789,33.358789,0,0,0.26219
3993,5-Sep-05,24:00:00,50.074336,0.049385,16.708231,16.708231,0,0,0.347714,0.049329,33.366158,33.366158,0,0,0.255091
3994,6-Sep-05,24:00:00,50.083449,0.041964,16.710156,16.710156,0,0,0.341092,0.049292,33.373345,33.373345,0,0,0.248033
3995,7-Sep-05,24:00:00,50.092288,0.032088,16.711991,16.711991,0,0,0.335932,0.049609,33.380348,33.380348,0,0,0.241057
3996,8-Sep-05,24:00:00,50.100848,0.024662,16.713734,16.713734,0,0,0.331864,0.033129,33.387164,33.387164,0,0,0.235147
3997,9-Sep-05,24:00:00,50.109127,0.016016,16.715385,16.715385,0,0,0.328859,0.039082,33.393791,33.393791,0,0,0.230024
3998,10-Sep-05,24:00:00,50.117123,0.045647,16.716942,16.716942,0,0,0.324654,0.043946,33.400227,33.400227,0,0,0.223945
3999,11-Sep-05,24:00:00,50.124832,0.041683,16.718406,16.718406,0,0,0.318219,0.041019,33.406471,33.406471,0,0,0.217875
4000,12-Sep-05,24:00:00,50.132252,0.029199,16.719775,16.719775,0,0,0.313249,0.042788,33.41252,33.41252,0,0,0.21191
4001,13-Sep-05,24:00:00,50.13938,0.025396,16.721049,16.721049,0,0,0.309356,0.042824,33.418373,33.418373,0,0,0.205902
4002,14-Sep-05,24:00:00,50.146214,0.025816,16.722226,16.722226,0,0,0.305708,0.03948,33.424029,33.424029,0,0,0.199938
4003,15-Sep-05,24:00:00,50.152752,0.025728,16.723306,16.723306,0,0,0.302008,0.040785,33.429485,33.429485,0,0,0.194182
4004,16-Sep-05,24:00:00,50.158992,0.038571,16.724289,16.724289,0,0,0.297498,0.038719,33.43474,33.43474,0,0,0.188521
4005,17-Sep-05,24:00:00,50.164931,0.039761,16.725174,16.725174,0,0,0.291704,0.039649,33.439794,33.439794,0,0,0.182858
4006,18-Sep-05,24:00:00,50.170569,0.042332,16.72596,16.72596,0,0,0.285896,0.04189,33.444644,33.444644,0,0,0.17706
4007,19-Sep-05,24:00:00,50.175902,0.041889,16.726646,16.726646,0,0,0.279899,0.039798,33.449289,33.449289,0,0,0.171163
4008,20-Sep-05,24:00:00,50.18093,0.035298,16.727233,16.727233,0,0,0.274236,0.044981,33.453729,33.453729,0,0,0.165234
4009,21-Sep-05,24:00:00,50.18565,0.039044,16.727719,16.727719,0,0,0.26905,0.038776,33.457961,33.457961,0,0,0.159217
4010,22-Sep-05,24:00:00,50.190061,0.030902,16.728105,16.728105,0,0,0.264147,0.043024,33.461985,33.461985,0,0,0.153372
4011,23-Sep-05,24:00:00,50.194161,0.039814,16.728389,16.728389,0,0,0.259132,0.03909,33.465799,33.465799,0,0,0.147433
4012,24-Sep-05,24:00:00,50.197949,0.043186,16.728571,16.728571,0,0,0.253117,0.037756,33.469404,33.469404,0,0,0.141979
4013,25-Sep-05,24:00:00,50.201423,0.0437,16.728651,16.728651,0,0,0.246981,0.030256,33.472796,33.472796,0,0,0.137214
4014,26-Sep-05,24:00:00,50.204583,0.038995,16.728629,16.728629,0,0,0.240933,0.03999,33.475977,33.475977,0,0,0.132077
4015,27-Sep-05,24:00:00,50.207426,0.034785,16.728503,16.728503,0,0,0.235707,0.043053,33.478944,33.478944,0,0,0.126275
4016,28-Sep-05,24:00:00,50.209951,0.045921,16.728274,16.728274,0,0,0.229998,0.04,33.481697,33.481697,0,0,0.120247
4017,29-Sep-05,24:00:00,50.212158,0.044543,16.727941,16.727941,0,0,0.223521,0.04166,33.484235,33.484235,0,0,0.11444
4018,30-Sep-05,24:00:00,50.214044,0.04251,16.727504,16.727504,0,0,0.217275,0.041991,33.486557,33.486557,0,0,0.108509
1,1-Oct-05,24:00:00,50.21561,0.035979,16.726962,16.726962,0,0,0.21167,0.031091,33.488662,33.488662,0,0,0.103187
2,2-Oct-05,24:00:00,50.216853,0.038127,16.726316,16.726316,0,0,0.206343,0.032919,33.49055,33.49055,0,0,0.098649
3,3-Oct-05,24:00:00,50.217773,0.038174,16.725564,16.725564,0,0,0.200955,0.031996,33.49222,33.49222,0,0,0.093977
4,4-Oct-05,24:00:00,50.218368,0.038675,16.724707,16.724707,0,0,0.195474,0.032648,33.493671,33.493671,0,0,0.089398
5,5-Oct-05,24:00:00,50.218639,0.040097,16.723745,16.723745,0,0,0.189777,0.031867,33.494902,33.494902,0,0,0.084738
6,6-Oct-05,24:00:00,50.218583,0.037684,16.722676,16.722676,0,0,0.184194,0.036218,33.495914,33.495914,0,0,0.079924
7,7-Oct-05,24:00:00,50.2182,0.035419,16.721501,16.721501,0,0,0.179045,0.037088,33.496704,33.496704,0,0,0.074753
8,8-Oct-05,24:00:00,53.944426,0.040779,18.073914,16.72022,0.054221,0,0.175192,0.035105,36.044461,33.497273,0.151847,0,0.073728
9,9-Oct-05,24:00:00,58.940844,0.034333,17.211502,16.718831,0,0,0.178697,0.032139,41.560214,33.49762,0,0,0.088751
10,10-Oct-05,24:00:00,50.320453,0.03736,16.717336,16.717336,0,0,0.178697,0.029296,33.598204,33.497744,0,0,0.088751
11,11-Oct-05,24:00:00,50.213382,0.031802,16.715734,16.715734,0,0,0.178495,0.033647,33.497646,33.497646,0,0,0.088751
12,12-Oct-05,24:00:00,50.211352,0.034792,16.714025,16.714025,0,0,0.175676,0.031943,33.497324,33.497324,0,0,0.086931
13,13-Oct-05,24:00:00,50.20899,0.030566,16.712207,16.712207,0,0,0.17093,0.033597,33.496778,33.496778,0,0,0.082542
14,14-Oct-05,24:00:00,50.206296,0.029115,16.710283,16.710283,0,0,0.166646,0.034133,33.496007,33.496007,0,0,0.077709
15,15-Oct-05,24:00:00,50.20327,0.02951,16.70825,16.70825,0,0,0.162732,0.016639,33.495012,33.495012,0,0,0.074136
16,16-Oct-05,24:00:00,50.19991,0.039237,16.706109,16.706109,0,0,0.157414,0.02867,33.493791,33.493791,0,0,0.070742
17,17-Oct-05,24:00:00,50.196217,0.034466,16.70386,16.70386,0,0,0.152351,0.031693,33.492345,33.492345,0,0,0.066549
18,18-Oct-05,24:00:00,50.192189,0.011681,16.701503,16.701503,0,0,0.149034,0.027631,33.490673,33.490673,0,0,0.06232
19,19-Oct-05,24:00:00,50.187826,0.019268,16.699037,16.699037,0,0,0.146832,0.018898,33.488774,33.488774,0,0,0.058927
20,20-Oct-05,24:00:00,50.183128,0.023785,16.696463,16.696463,0,0,0.143781,0.025813,33.486649,33.486649,0,0,0.055681
21,21-Oct-05,24:00:00,50.178095,0.024698,16.69378,16.69378,0,0,0.140348,0.026023,33.484296,33.484296,0,0,0.052018
22,22-Oct-05,24:00:00,50.172725,0.022946,16.690989,16.690989,0,0,0.136942,0.026731,33.481717,33.481717,0,0,0.048277
23,23-Oct-05,24:00:00,50.167019,0.023099,16.688088,16.688088,0,0,0.133652,0.025491,33.47891,33.47891,0,0,0.044512
24,24-Oct-05,24:00:00,50.160977,0.012744,16.685079,16.685079,0,0,0.131062,0.027131,33.475875,33.475875,0,0,0.040773
25,25-Oct-05,24:00:00,50.154597,0.021281,16.68196,16.68196,0,0,0.128617,0.024562,33.472612,33.472612,0,0,0.037152
26,26-Oct-05,24:00:00,66.433478,0.015212,23.574736,16.678733,0.20251,0,0.150418,0.021417,42.880087,33.469122,0.142228,0,0.051825
27,27-Oct-05,24:00:00,50.828987,0.020377,16.687941,16.675396,0.011182,0,0.156031,0.014944,34.125726,33.465403,0.071044,0,0.055948
28,28-Oct-05,24:00:00,154.104371,0.003736,59.214939,16.67195,1.238777,0,0.291113,0.008029,95.072249,33.461455,0.882337,0,0.161732
29,29-Oct-05,24:00:00,55.918442,0.019981,16.677242,16.668395,0,0,0.334564,0.018616,39.052154,33.457279,0,0,0.191833
30,30-Oct-05,24:00:00,50.117638,0.021026,16.664731,16.664731,0,0,0.334564,0.018451,33.452874,33.452874,0,0,0.191833
31,31-Oct-05,24:00:00,50.109233,0.021933,16.660958,16.660958,0,0,0.334564,0.018981,33.44824,33.44824,0,0,0.191833
32,1-Nov-05,24:00:00,50.100489,0.021049,16.657075,16.657075,0,0,0.334564,0.016639,33.443378,33.443378,0,0,0.191833
33,2-Nov-05,24:00:00,50.091407,0.021535,16.653083,16.653083,0,0,0.33416,0.019366,33.438286,33.438286,0,0,0.191833
34,3-Nov-05,24:00:00,75.556383,0.01175,31.788261,16.648982,0.698622,0,0.350861,0.005822,44.381058,33.432965,0.682035,0,0.209271
35,4-Nov-05,24:00:00,95.933744,0.016104,25.295403,16.644772,0,0,0.431723,0.012212,70.049999,33.427416,0,0,0.289266
36,5-Nov-05,24:00:00,50.622394,0.018382,16.640452,16.640452,0,0,0.431723,0.007518,33.95715,33.421637,0,0,0.289266
37,6-Nov-05,24:00:00,50.051698,0.006325,16.636023,16.636023,0,0,0.431723,0.009253,33.415629,33.415629,0,0,0.289266
38,7-Nov-05,24:00:00,219.283527,0.006318,93.505723,16.631486,2.449909,0,0.584995,0.006982,127.328409,33.409392,2.138625,0,0.417679
39,8-Nov-05,24:00:00,133.584314,0.013894,31.064854,16.626839,0.231595,0,0.810016,0.01478,101.023257,33.402927,0.167715,0,0.614626
40,9-Nov-05,24:00:00,51.206038,0.022555,16.622083,16.622083,0,0,0.814795,0.023093,34.530692,33.396232,0,0,0.618743
41,10-Nov-05,24:00:00,50.006577,0.023417,16.617218,16.617218,0,0,0.814795,0.021412,33.389308,33.389308,0,0,0.618743
42,11-Nov-05,24:00:00,49.994453,0.009668,16.612244,16.612244,0,0,0.814795,0.008062,33.382155,33.382155,0,0,0.618743
43,12-Nov-05,24:00:00,49.98199,0.019333,16.607161,16.607161,0,0,0.814795,0.017141,33.374774,33.374774,0,0,0.618743
44,13-Nov-05,24:00:00,49.969191,0.021362,16.60197,16.60197,0,0,0.814301,0.017033,33.367164,33.367164,0,0,0.618695
45,14-Nov-05,24:00:00,49.956054,0.027579,16.59667,16.59667,0,0,0.811505,0.019816,33.359326,33.359326,0,0,0.617112
46,15-Nov-05,24:00:00,49.94258,0.0282,16.591261,16.591261,0,0,0.807254,0.017506,33.351259,33.351259,0,0,0.614434
47,16-Nov-05,24:00:00,49.92877,0.016463,16.585744,16.585744,0,0,0.804211,0.016011,33.342964,33.342964,0,0,0.612044
48,17-Nov-05,24:00:00,49.914623,0.018183,16.580118,16.580118,0,0,0.801786,0.015669,33.334441,33.334441,0,0,0.609776
49,18-Nov-05,24:00:00,49.90014,0.015785,16.574384,16.574384,0,0,0.799308,0.017259,33.32569,33.32569,0,0,0.60745
50,19-Nov-05,24:00:00,49.885321,0.018224,16.568543,16.568543,0,0,0.796931,0.015721,33.316712,33.316712,0,0,0.605078
51,20-Nov-05,24:00:00,49.870167,0.016201,16.562593,16.562593,0,0,0.79445,0.015121,33.307506,33.307506,0,0,0.602876
52,21-Nov-05,24:00:00,49.854678,0.015512,16.556535,16.556535,0,0,0.792183,0.014584,33.298073,33.298073,0,0,0.600751
53,22-Nov-05,24:00:00,49.838854,0.014718,16.550369,16.550369,0,0,0.790018,0.014418,33.288413,33.288413,0,0,0.598687
54,23-Nov-05,24:00:00,49.822696,0.015404,16.544096,16.544096,0,0,0.787874,0.014065,33.278526,33.278526,0,0,0.596638
55,24-Nov-05,24:00:00,49.806204,0.010495,16.537716,16.537716,0,0,0.786062,0.012312,33.268413,33.268413,0,0,0.59475
56,25-Nov-05,24:00:00,113.592792,0.015031,40.426408,16.531228,0.701713,0,0.86179,0.01281,73.289421,33.258074,0.619205,0,0.660099
57,26-Nov-05,24:00:00,53.538679,0.017637,16.524633,16.524633,0,0,0.885531,0.015628,36.890771,33.247508,0,0,0.682355
58,27-Nov-05,24:00:00,49.754729,0.012221,16.517931,16.517931,0,0,0.885531,0.011308,33.236717,33.236717,0,0,0.682355
59,28-Nov-05,24:00:00,98.900721,0.007267,36.86745,16.738552,0.86906,0.067777,0.910046,0.004169,62.953173,33.225701,1.048053,0,0.72353
60,29-Nov-05,24:00:00,191.952862,0.005614,108.160954,95.470342,0.094728,0.094728,1,0.006447,82.908073,33.21446,0.088865,0,0.843972
61,30-Nov-05,24:00:00,78.972938,0.005645,43.739217,40.147535,0.301637,0.301637,1,0.004751,35.314503,33.202995,0.217326,0,0.847976
62,1-Dec-05,24:00:00,5064.78,0.004878,2730.77,886.220895,1.85,1.85,1,0.007415,2354.13,523.058809,2.365388,1.496118,0.981954
63,2-Dec-05,24:00:00,1795.90,0.01441,270.601567,259.596841,0,0,1,0.007207,1507.48,1027.91,0,0,1
64,3-Dec-05,24:00:00,372.068327,0.014585,109.561173,109.561173,0,0,1,0.010906,260.147831,259.272922,0,0,1
65,4-Dec-05,24:00:00,251.617329,0.011076,98.969837,98.969837,0,0,1,0.009722,152.429932,152.429932,0,0,1
66,5-Dec-05,24:00:00,224.741274,0.011917,89.633239,89.633239,0,0,1,0.010846,135.01429,135.01429,0,0,1
67,6-Dec-05,24:00:00,204.776319,0.011562,81.351545,81.351545,0,0,1,0.010305,123.345404,123.345404,0,0,1
68,7-Dec-05,24:00:00,187.20291,0.004787,74.005455,74.005455,0,0,1,0.004413,113.127218,113.127218,0,0,1
69,8-Dec-05,24:00:00,171.618309,0.008525,67.489163,67.489163,0,0,1,0.009217,104.066877,104.066877,0,0,1
70,9-Dec-05,24:00:00,157.793636,0.012113,61.708831,61.708831,0,0,1,0.011626,96.029587,96.029587,0,0,1
71,10-Dec-05,24:00:00,145.529742,0.012518,56.581229,56.581229,0,0,0.999852,0.010781,88.899537,88.899537,0,0,1
72,11-Dec-05,24:00:00,134.650106,0.010436,52.032539,52.032539,0,0,0.998868,0.00997,82.574119,82.574119,0,0,1
73,12-Dec-05,24:00:00,124.998167,0.007212,47.997293,47.997293,0,0,0.997629,0.009398,76.962325,76.962325,0,0,0.999601
74,13-Dec-05,24:00:00,116.435072,0.009218,44.417422,44.417422,0,0,0.996468,0.007253,71.983442,71.983442,0,0,0.998653
75,14-Dec-05,24:00:00,108.837668,0.007916,41.241427,41.241427,0,0,0.995236,0.008487,67.565881,67.565881,0,0,0.997528
76,15-Dec-05,24:00:00,102.096729,0.009967,38.423631,38.423631,0,0,0.993968,0.009735,63.646152,63.646152,0,0,0.996196
77,16-Dec-05,24:00:00,96.115382,0.003547,35.923521,35.923521,0,0,0.992991,0.007432,60.167941,60.167941,0,0,0.99501
78,17-Dec-05,24:00:00,104.580582,0.003483,34.352119,33.993477,0.140205,0.085921,0.992818,0.003427,70.443721,66.828264,0.217615,0.178757,0.999183
79,18-Dec-05,24:00:00,6304.40,0.006596,2766.36,813.910983,2.182552,2.182552,1,0.005822,3553.36,1020.17,2.118616,2.118616,1
80,19-Dec-05,24:00:00,4358.38,0.008443,1446.09,825.870911,0.867989,0.867989,1,0.00588,2907.98,2034.10,1.15555,1.15555,1
81,20-Dec-05,24:00:00,1850.05,0.003049,539.412189,502.634549,1.160443,1.160443,1,0.004966,1308.15,1223.86,1.023727,1.023727,1
82,21-Dec-05,24:00:00,2416.87,0.00352,955.934121,692.220103,1.307007,1.307007,1,0.004891,1465.50,1285.59,1.248704,1.248704,1
83,22-Dec-05,24:00:00,4301.13,0.00308,1605.75,993.092546,1.086134,1.086134,1,0.005882,2696.96,1850.92,1.050245,1.050245,1
84,23-Dec-05,24:00:00,1723.01,0.006812,329.661644,327.876526,0,0,1,0.006326,1381.66,1219.86,0.016879,0.016879,1
85,24-Dec-05,24:00:00,804.659254,0.010777,239.19986,239.19986,0,0,1,0.010635,563.600943,562.679996,0,0,1
86,25-Dec-05,24:00:00,659.873844,0.003043,214.441321,214.266094,0.088189,0.088189,1,0.005093,444.996958,444.944326,0.090926,0.090926,1
87,26-Dec-05,24:00:00,1141.71,0.01219,402.406346,388.750482,0.317979,0.317979,1,0.012704,741.242004,712.683165,0.326414,0.326414,1
88,27-Dec-05,24:00:00,2702.40,0.002537,1207.85,711.118194,1.81603,1.81603,1,0.005929,1512.29,942.611562,1.822794,1.822794,1
89,28-Dec-05,24:00:00,6300.30,0.011967,1935.66,1111.64,1.162564,1.162564,1,0.009155,4357.92,2354.67,1.183357,1.183357,1
90,29-Dec-05,24:00:00,1628.09,0.007484,315.188154,313.617964,0.089023,0.089023,1,0.005492,1301.66,1189.59,0.081796,0.081796,1
91,30-Dec-05,24:00:00,6564.05,0.003036,3000.25,880.157363,1.976776,1.976776,1,0.00503,3604.97,1203.42,1.98193,1.98193,1
92,31-Dec-05,24:00:00,11566.69,0.010529,3204.80,1182.68,1.173515,1.173515,1,0.008672,8332.72,2547.18,1.211221,1.211221,1
93,1-Jan-06,24:00:00,6177.22,0.003769,2282.83,750.36937,1.160613,1.160613,1,0.006976,3900.65,1635.56,1.156773,1.156773,1
94,2-Jan-06,24:00:00,2680.51,0.005595,518.783226,503.630338,0,0,1,0.010662,2142.84,1496.41,0,0,1
95,3-Jan-06,24:00:00,1312.95,0.004887,467.603816,452.031038,0.550242,0.550242,1,0.0041,846.281906,829.023214,0.560467,0.560467,1
96,4-Jan-06,24:00:00,1508.87,0.012663,435.48965,432.325235,0,0,1,0.012067,1070.88,1048.28,0,0,1
97,5-Jan-06,24:00:00,928.800575,0.012117,282.983693,282.288412,0.042398,0.042398,1,0.010202,644.358396,643.285816,0.098909,0.098909,1
98,6-Jan-06,24:00:00,880.968169,0.01088,268.729422,267.980935,0,0,1,0.009214,611.754931,605.698566,0,0,1
99,7-Jan-06,24:00:00,718.324734,0.006707,229.552878,229.196924,0.010631,0.010631,1,0.005824,488.060098,487.967706,0,0,1
100,8-Jan-06,24:00:00,627.638954,0.013644,202.898175,202.89213,0,0,1,0.010928,424.363651,424.363651,0,0,1
101,9-Jan-06,24:00:00,560.717057,0.012208,180.997279,180.997279,0,0,1,0.009244,379.404285,379.404285,0,0,1
102,10-Jan-06,24:00:00,502.803038,0.007955,162.358336,162.358336,0,0,1,0.006721,340.167116,340.167116,0,0,1
103,11-Jan-06,24:00:00,451.462167,0.011115,145.827044,145.827044,0,0,1,0.014618,305.390166,305.390166,0,0,1
104,12-Jan-06,24:00:00,410.37674,0.012344,131.164842,131.164842,0,0,1,0.009404,279.131605,278.381666,0.016279,0.016279,1
105,13-Jan-06,24:00:00,378.19603,0.013736,118.169891,118.167511,0.002122,0.002122,1,0.010713,259.755391,259.349865,0.033923,0.033923,1
106,14-Jan-06,24:00:00,1246.19,0.009465,498.374123,471.933705,0.774406,0.774406,1,0.009364,752.775851,703.759129,0.7173,0.7173,1
107,15-Jan-06,24:00:00,671.048392,0.016077,138.988627,138.988627,0,0,1,0.012674,527.653233,523.690931,0,0,1
108,16-Jan-06,24:00:00,383.114247,0.006672,118.543214,118.543214,0,0,1,0.004547,263.952338,263.952338,0,0,1
109,17-Jan-06,24:00:00,490.388839,0.007537,213.545007,196.421622,0.621905,0.621905,1,0.005372,279.815704,265.677892,0.582339,0.582339,1
110,18-Jan-06,24:00:00,1511.18,0.010944,542.184178,522.598168,0.459423,0.459423,1,0.007741,970.906026,917.943393,0.430345,0.430345,1
111,19-Jan-06,24:00:00,678.485881,0.012969,149.286237,149.173566,0,0,1,0.009643,524.943837,520.629433,0,0,1
112,20-Jan-06,24:00:00,389.389349,0.012145,122.641214,122.476773,0.026662,0.026662,1,0.00515,266.173369,266.083104,0.032391,0.032391,1
113,21-Jan-06,24:00:00,376.033452,0.008228,123.384876,122.641404,0,0,1,0.009221,252.542173,250.376172,0,0,1
114,22-Jan-06,24:00:00,310.570471,0.022056,100.580053,100.580053,0,0,1,0.011243,209.729498,209.687952,0,0,1
115,23-Jan-06,24:00:00,276.220799,0.027573,91.017327,91.017327,0,0,1,0.018132,185.061498,185.061498,0,0,1
116,24-Jan-06,24:00:00,250.23256,0.015783,82.55171,82.55171,0,0,1,0.015293,167.561622,167.561622,0,0,1
117,25-Jan-06,24:00:00,227.441782,0.008894,75.043425,75.043425,0,0,1,0.009926,152.293059,152.293059,0,0,1
118,26-Jan-06,24:00:00,207.238328,0.01219,68.384234,68.384234,0,0,1,0.010257,138.760847,138.760847,0,0,1
119,27-Jan-06,24:00:00,279.524749,0.009635,79.757398,78.605726,0.03382,0.03382,1,0.008901,200.284716,193.799435,0.097005,0.097005,1
120,28-Jan-06,24:00:00,742.542822,0.00305,359.03784,332.83173,0.797658,0.797658,1,0.004489,389.378078,352.134898,0.796025,0.796025,1
121,29-Jan-06,24:00:00,905.65021,0.009736,186.808303,185.852053,0,0,1,0.005786,714.174337,695.012775,0,0,1
122,30-Jan-06,24:00:00,895.520282,0.008537,390.370608,338.568595,0.621661,0.621661,1,0.011197,509.1187,457.262995,0.616716,0.616716,1
123,31-Jan-06,24:00:00,714.32087,0.01486,139.656849,139.58442,0,0,1,0.010677,570.292747,559.582567,0,0,1
124,1-Feb-06,24:00:00,551.717027,0.00336,221.591775,211.8371,0.289584,0.289584,1,0.00508,331.287184,318.093612,0.238202,0.238202,1
125,2-Feb-06,24:00:00,455.870175,0.010751,117.393228,117.28682,0,0,1,0.007991,336.720255,333.113714,0,0,1
126,3-Feb-06,24:00:00,285.580122,0.007209,90.028525,90.028525,0,0,1,0.013079,195.141973,195.1409,0,0,1
127,4-Feb-06,24:00:00,448.73929,0.020506,166.753212,161.09048,0.166294,0.166294,1,0.018483,282.865696,272.406623,0.157222,0.157222,1
128,5-Feb-06,24:00:00,297.249318,0.018556,82.529469,82.529469,0,0,1,0.016439,213.786001,213.155652,0,0,1
129,6-Feb-06,24:00:00,228.153926,0.01755,74.343915,74.343915,0,0,1,0.016911,153.630801,153.630801,0,0,1
130,7-Feb-06,24:00:00,205.113499,0.020263,67.766165,67.766165,0,0,1,0.018719,137.25225,137.25225,0,0,1
131,8-Feb-06,24:00:00,187.334135,0.021772,61.932678,61.932678,0,0,1,0.019286,125.320074,125.320074,0,0,1
132,9-Feb-06,24:00:00,171.674534,0.022039,56.759195,56.759195,0,0,0.998633,0.021241,114.843321,114.843321,0,0,0.999367
133,10-Feb-06,24:00:00,157.790487,0.022128,52.171099,52.171099,0,0,0.99556,0.020802,105.555562,105.555562,0,0,0.997041
134,11-Feb-06,24:00:00,145.477874,0.018532,48.102209,48.102209,0,0,0.992689,0.023512,97.319086,97.319086,0,0,0.993904
135,12-Feb-06,24:00:00,134.558943,0.022478,44.493829,44.493829,0,0,0.989715,0.0216,90.01495,90.01495,0,0,0.990643
136,13-Feb-06,24:00:00,124.876133,0.024243,41.2939,41.2939,0,0,0.986409,0.023078,83.537753,83.537753,0,0,0.98748
137,14-Feb-06,24:00:00,116.289705,0.034395,38.456248,38.456248,0,0,0.982507,0.027344,77.794012,77.794012,0,0,0.984001
138,15-Feb-06,24:00:00,108.675718,0.021407,35.93992,35.93992,0,0,0.978191,0.020156,72.700816,72.700816,0,0,0.980485
139,16-Feb-06,24:00:00,101.924248,0.017476,33.708595,33.708595,0,0,0.975413,0.015445,68.184627,68.184627,0,0,0.977956
140,17-Feb-06,24:00:00,95.937799,0.005167,31.730058,31.730058,0,0,0.973801,0.016065,64.180223,64.180223,0,0,0.975631
141,18-Feb-06,24:00:00,90.629898,0.010088,29.975736,29.975736,0,0,0.9727,0.010142,60.629757,60.629757,0,0,0.973792
142,19-Feb-06,24:00:00,85.923852,0.015874,28.420287,28.420287,0,0,0.970841,0.018467,57.48192,57.48192,0,0,0.971729
143,20-Feb-06,24:00:00,81.751637,0.023159,27.041234,27.041234,0,0,0.968084,0.02286,54.691207,54.691207,0,0,0.968838
144,21-Feb-06,24:00:00,78.052921,0.022867,25.818642,25.818642,0,0,0.964814,0.021086,52.217256,52.217256,0,0,0.965663
145,22-Feb-06,24:00:00,74.774193,0.024662,24.734828,24.734828,0,0,0.961428,0.023118,50.024269,50.024269,0,0,0.962506
146,23-Feb-06,24:00:00,71.867992,0.026996,23.774111,23.774111,0,0,0.957771,0.024109,48.080495,48.080495,0,0,0.959131
147,24-Feb-06,24:00:00,69.292222,0.027391,22.922581,22.922581,0,0,0.953862,0.026274,46.357774,46.357774,0,0,0.955561
148,25-Feb-06,24:00:00,67.009547,0.024008,22.167901,22.167901,0,0,0.950125,0.029255,44.831127,44.831127,0,0,0.951687
149,26-Feb-06,24:00:00,213.609217,0.009089,135.944278,95.911713,1.079318,0.711931,0.966708,0.013665,79.819741,61.705901,0.92929,0.565775,0.964438
150,27-Feb-06,24:00:00,9764.59,0.0083,4563.11,1101.27,2.4,2.4,1,0.00887,5240.21,1376.42,2.4,2.4,1
151,28-Feb-06,24:00:00,5099.17,0.018036,973.220178,804.863674,0.685447,0.685447,1,0.009608,4095.56,2189.29,0.798249,0.798249,1
152,1-Mar-06,24:00:00,1037.05,0.017519,190.299683,188.664341,0.248692,0.248692,1,0.011306,838.636095,815.925215,0.315639,0.315639,1
153,2-Mar-06,24:00:00,1025.52,0.02144,321.372688,312.150467,0.070003,0.070003,1,0.012656,704.557145,678.339449,0.145331,0.145331,1
154,3-Mar-06,24:00:00,1392.83,0.016213,474.098161,453.123668,0.615943,0.615943,1,0.010459,921.419759,874.834142,0.632848,0.632848,1
155,4-Mar-06,24:00:00,762.006199,0.022082,172.008571,172.008571,0,0,1,0.018237,585.97146,582.546153,0,0,1
156,5-Mar-06,24:00:00,6596.98,0.008186,3170.30,779.777435,2.042,2.042,1,0.008697,3454.64,942.284584,2.047682,2.047682,1
157,6-Mar-06,24:00:00,4628.14,0.012888,1219.04,973.141663,0.999917,0.999917,1,0.010063,3390.44,2230.06,1.006886,1.006886,1
158,7-Mar-06,24:00:00,1641.44,0.020152,377.248608,370.570842,0.13447,0.13447,1,0.019698,1256.85,1229.16,0.175621,0.175621,1
159,8-Mar-06,24:00:00,828.725373,0.025924,234.174814,234.174814,0,0,1,0.023152,592.109646,591.434997,0,0,1
160,9-Mar-06,24:00:00,665.890971,0.021508,211.836229,211.419387,0.016696,0.016696,1,0.017633,453.833388,452.845873,0.049902,0.049902,1
161,10-Mar-06,24:00:00,635.901119,0.012017,193.562722,193.411014,0,0,1,0.009084,441.88296,439.380399,0,0,1
162,11-Mar-06,24:00:00,535.883289,0.019992,168.738147,168.738147,0,0,1,0.015584,366.721545,366.691845,0,0,1
163,12-Mar-06,24:00:00,475.74712,0.013323,151.503155,151.503155,0,0,1,0.014019,323.974465,323.974465,0,0,1
164,13-Mar-06,24:00:00,640.266302,0.013075,287.587956,182.350042,0.593157,0.593157,1,0.011634,357.934781,322.86567,0.690692,0.690692,1
165,14-Mar-06,24:00:00,2466.40,0.019464,802.45386,637.009721,0.556837,0.556837,1,0.017949,1664.62,1232.58,0.584115,0.584115,1
166,15-Mar-06,24:00:00,805.667435,0.018396,164.68309,164.681523,0,0,1,0.01506,635.470525,626.529538,0,0,1
167,16-Mar-06,24:00:00,1536.52,0.008552,719.158081,669.388451,1.589446,1.589446,1,0.008704,825.579505,763.430829,1.373611,1.373611,1
168,17-Mar-06,24:00:00,1666.60,0.028465,423.79567,419.440484,0,0,1,0.025633,1236.94,1202.52,0,0,1
169,18-Mar-06,24:00:00,663.169101,0.033347,184.088935,184.088935,0,0,1,0.027567,476.508741,476.192808,0,0,1
170,19-Mar-06,24:00:00,506.630891,0.031532,164.98953,164.98953,0,0,1,0.029144,341.238718,341.238718,0,0,1
171,20-Mar-06,24:00:00,535.93366,0.014595,177.933899,175.77197,0.063568,0.063568,1,0.009187,359.009105,351.24292,0.145348,0.145348,1
172,21-Mar-06,24:00:00,510.445535,0.014668,138.497147,138.494423,0,0,1,0.015142,370.773522,368.290864,0,0,1
173,22-Mar-06,24:00:00,388.435299,0.024868,122.706647,122.706647,0,0,1,0.02564,265.34525,265.342194,0,0,1
174,23-Mar-06,24:00:00,343.150179,0.030203,110.692841,110.692841,0,0,1,0.034741,232.276755,232.27403,0.010388,0.010388,1
175,24-Mar-06,24:00:00,1102.50,0.006699,476.770769,450.68389,0.767747,0.767747,1,0.01051,629.950123,590.039644,0.610881,0.610881,1
176,25-Mar-06,24:00:00,1319.30,0.017668,423.422268,404.659019,0.549336,0.549336,1,0.019475,895.93978,853.936263,0.575307,0.575307,1
177,26-Mar-06,24:00:00,615.517251,0.03299,140.247499,140.247499,0,0,1,0.0322,471.611095,469.129314,0,0,1
178,27-Mar-06,24:00:00,508.272051,0.023128,213.340769,201.61309,0.504906,0.504906,1,0.025903,296.257451,289.515283,0.340819,0.340819,1
179,28-Mar-06,24:00:00,1024.18,0.014186,416.006107,401.071912,0.281607,0.281607,1,0.015797,609.301759,580.430215,0.223204,0.223204,1
180,29-Mar-06,24:00:00,1502.51,0.011908,580.514387,551.260215,0.855534,0.855534,1,0.013989,924.285686,874.132218,0.70203,0.70203,1
181,30-Mar-06,24:00:00,734.514844,0.012743,176.176861,175.889429,0.008684,0.008684,1,0.013409,554.074,549.5496,0.050898,0.050898,1
182,31-Mar-06,24:00:00,2957.03,0.008956,1307.17,653.9283,1.326648,1.326648,1,0.009424,1664.99,802.031772,1.366156,1.366156,1
183,1-Apr-06,24:00:00,2058.73,0.023369,444.916607,427.366531,0.261768,0.261768,1,0.018748,1601.34,1282.46,0.201748,0.201748,1
184,2-Apr-06,24:00:00,742.766322,0.008505,225.289081,219.677159,0.362756,0.362756,1,0.012909,515.33713,510.585001,0.364996,0.364996,1
185,3-Apr-06,24:00:00,1602.84,0.013721,572.055911,548.532964,0.49274,0.49274,1,0.018117,1033.95,978.033786,0.515353,0.515353,1
186,4-Apr-06,24:00:00,996.26221,0.014988,312.608373,302.201149,0.32347,0.32347,1,0.011769,682.127466,665.274555,0.329501,0.329501,1
187,5-Apr-06,24:00:00,893.161496,0.022123,254.839709,252.060484,0.06374,0.06374,1,0.023883,636.230237,623.461591,0.055927,0.055927,1
188,6-Apr-06,24:00:00,540.60294,0.016351,167.393484,167.393484,0,0,1,0.020449,372.102804,371.869447,0,0,1
189,7-Apr-06,24:00:00,635.442578,0.020584,273.003287,254.575915,0.712602,0.712602,1,0.019866,365.614262,349.881594,0.646878,0.646878,1
190,8-Apr-06,24:00:00,1364.68,0.02665,469.133289,458.130297,0.151659,0.151659,1,0.022286,894.649551,859.664588,0.081437,0.081437,1
191,9-Apr-06,24:00:00,577.736847,0.015902,162.388683,162.215333,0.005332,0.005332,1,0.017257,413.024992,412.091414,0.006755,0.006755,1
192,10-Apr-06,24:00:00,451.526273,0.017117,149.289686,148.243218,0.1386,0.1386,1,0.01742,302.172232,300.381759,0.142634,0.142634,1
193,11-Apr-06,24:00:00,3752.88,0.010548,1789.33,885.444385,2.175,2.175,1,0.013157,1984.21,1043.76,2.159082,2.159082,1
194,12-Apr-06,24:00:00,6742.81,0.015814,2107.97,1131.76,1.289835,1.289835,1,0.016003,4627.39,2415.10,1.272508,1.272508,1
195,13-Apr-06,24:00:00,1547.02,0.036838,285.689091,285.626745,0,0,1,0.035335,1250.02,1177.61,0,0,1
196,14-Apr-06,24:00:00,748.494312,0.036146,232.868003,232.868003,0,0,1,0.039439,514.065427,514.062233,0,0,1
197,15-Apr-06,24:00:00,749.686431,0.014107,288.615687,273.815663,0.676012,0.676012,1,0.012763,463.515342,452.436182,0.696991,0.696991,1
198,16-Apr-06,24:00:00,2140.85,0.019221,759.878894,732.097257,0.574454,0.574454,1,0.019714,1383.64,1311.59,0.516346,0.516346,1
199,17-Apr-06,24:00:00,929.193028,0.03314,225.638755,225.638755,0,0,1,0.033469,698.572141,696.112347,0,0,1
200,18-Apr-06,24:00:00,615.643723,0.045101,199.437141,199.437141,0,0,1,0.042188,415.489188,415.489188,0,0,1
201,19-Apr-06,24:00:00,538.468997,0.045904,178.794848,178.794848,0,0,0.9971,0.046506,359.364247,359.364247,0,0,0.99728
202,20-Apr-06,24:00:00,482.84454,0.040469,160.489531,160.489531,0,0,0.990997,0.04474,322.095419,322.095419,0,0,0.990925
203,21-Apr-06,24:00:00,434.023315,0.040472,144.256509,144.256509,0,0,0.985199,0.038165,289.53813,289.53813,0,0,0.985127
204,22-Apr-06,24:00:00,390.746341,0.020009,129.861473,129.861473,0,0,0.980904,0.021399,260.682928,260.682928,0,0,0.980712
205,23-Apr-06,24:00:00,352.371114,0.031435,117.096614,117.096614,0,0,0.977211,0.033069,235.096073,235.096073,0,0,0.976844
206,24-Apr-06,24:00:00,318.342948,0.017346,105.777616,105.777616,0,0,0.973691,0.018077,212.407608,212.407608,0,0,0.973201
207,25-Apr-06,24:00:00,288.170313,0.026754,95.741009,95.741009,0,0,0.970632,0.02698,192.289824,192.289824,0,0,0.970072
208,26-Apr-06,24:00:00,261.417275,0.042501,86.841804,86.841804,0,0,0.965667,0.048056,174.452078,174.452078,0,0,0.964703
209,27-Apr-06,24:00:00,237.697201,0.045305,78.95141,78.95141,0,0,0.959301,0.053951,158.636593,158.636593,0,0,0.957405
210,28-Apr-06,24:00:00,216.667176,0.041941,71.955775,71.955775,0,0,0.953011,0.056562,144.614739,144.614739,0,0,0.949524
211,29-Apr-06,24:00:00,198.023067,0.033321,65.75374,65.75374,0,0,0.947851,0.052827,132.183738,132.183738,0,0,0.941857
212,30-Apr-06,24:00:00,181.49513,0.046652,60.25559,60.25559,0,0,0.941903,0.058404,121.163741,121.163741,0,0,0.93384
213,1-May-06,24:00:00,166.844125,0.051801,55.38175,55.38175,0,0,0.935017,0.057048,111.395235,111.395235,0,0,0.925566
214,2-May-06,24:00:00,153.857865,0.05228,51.061645,51.061645,0,0,0.927615,0.055405,102.736743,102.736743,0,0,0.917497
215,3-May-06,24:00:00,142.348156,0.029415,47.232677,47.232677,0,0,0.921826,0.049386,95.062784,95.062784,0,0,0.909981
216,4-May-06,24:00:00,132.148085,0.027558,43.83933,43.83933,0,0,0.917762,0.036482,88.262067,88.262067,0,0,0.903988
217,5-May-06,24:00:00,123.10961,0.027171,40.832362,40.832362,0,0,0.913856,0.04222,82.235881,82.235881,0,0,0.898471
218,6-May-06,24:00:00,115.10143,0.04319,38.168099,38.168099,0,0,0.908758,0.05131,76.896681,76.896681,0,0,0.891594
219,7-May-06,24:00:00,108.007091,0.050512,35.807806,35.807806,0,0,0.902006,0.057543,72.166814,72.166814,0,0,0.883893
220,8-May-06,24:00:00,101.723304,0.05258,33.717127,33.717127,0,0,0.894648,0.053852,67.977413,67.977413,0,0,0.875816
221,9-May-06,24:00:00,96.15846,0.055685,31.865591,31.865591,0,0,0.886946,0.055706,64.267392,64.267392,0,0,0.868
222,10-May-06,24:00:00,91.231306,0.058769,30.22617,30.22617,0,0,0.878815,0.055921,60.982574,60.982574,0,0,0.860003
223,11-May-06,24:00:00,86.869777,0.052759,28.774894,28.774894,0,0,0.870814,0.063153,58.074907,58.074907,0,0,0.851671
224,12-May-06,24:00:00,83.009953,0.054944,27.490501,27.490501,0,0,0.863096,0.058453,55.501771,55.501771,0,0,0.842831
225,13-May-06,24:00:00,79.595143,0.050996,26.354134,26.354134,0,0,0.855547,0.06082,53.225364,53.225364,0,0,0.834399
226,14-May-06,24:00:00,76.575063,0.061648,25.349068,25.349068,0,0,0.847557,0.061169,51.212156,51.212156,0,0,0.82562
227,15-May-06,24:00:00,73.905114,0.053916,24.460467,24.460467,0,0,0.839109,0.064775,49.432412,49.432412,0,0,0.816695
228,16-May-06,24:00:00,71.54574,0.049461,23.675175,23.675175,0,0,0.831911,0.064885,47.859752,47.859752,0,0,0.807394
229,17-May-06,24:00:00,69.461852,0.046323,22.981518,22.981518,0,0,0.825106,0.062995,46.470784,46.470784,0,0,0.79828
230,18-May-06,24:00:00,67.622332,0.036181,22.369148,22.369148,0,0,0.819239,0.066131,45.244755,45.244755,0,0,0.789136
231,19-May-06,24:00:00,65.999577,0.020151,21.828881,21.828881,0,0,0.815041,0.036102,44.16326,44.16326,0,0,0.781472
232,20-May-06,24:00:00,64.569102,0.032673,21.352574,21.352574,0,0,0.811374,0.042464,43.209975,43.209975,0,0,0.778406
233,21-May-06,24:00:00,63.309192,0.029235,20.933004,20.933004,0,0,0.806937,0.033686,42.370418,42.370418,0,0,0.775089
234,22-May-06,24:00:00,62.200585,0.031805,20.563763,20.563763,0,0,0.805229,0.032575,41.631746,41.631746,0,0,0.77304
235,23-May-06,24:00:00,61.226193,0.0275,20.239168,20.239168,0,0,0.805229,0.027537,40.982567,40.982567,0,0,0.770668
236,24-May-06,24:00:00,60.370863,0.047825,19.954178,19.954178,0,0,0.804073,0.038937,40.412774,40.412774,0,0,0.765967
237,25-May-06,24:00:00,59.621151,0.058312,19.704322,19.704322,0,0,0.798229,0.051299,39.913403,39.913403,0,0,0.759585
238,26-May-06,24:00:00,58.965132,0.052497,19.485632,19.485632,0,0,0.790176,0.043978,39.476505,39.476505,0,0,0.752598
239,27-May-06,24:00:00,58.392228,0.052817,19.294591,19.294591,0,0,0.782733,0.047824,39.095025,39.095025,0,0,0.746137
240,28-May-06,24:00:00,57.893057,0.05293,19.128078,19.128078,0,0,0.77505,0.051239,38.762706,38.762706,0,0,0.739039
241,29-May-06,24:00:00,57.459295,0.054201,18.983323,18.983323,0,0,0.767421,0.056063,38.474,38.474,0,0,0.731509
242,30-May-06,24:00:00,57.083557,0.057665,18.857871,18.857871,0,0,0.759431,0.05937,38.223981,38.223981,0,0,0.723209
243,31-May-06,24:00:00,56.759295,0.051405,18.749543,18.749543,0,0,0.751691,0.059138,38.008284,38.008284,0,0,0.714671
244,1-Jun-06,24:00:00,56.480695,0.051812,18.656406,18.656406,0,0,0.744235,0.049623,37.823032,37.823032,0,0,0.706802
245,2-Jun-06,24:00:00,56.242604,0.046708,18.576745,18.576745,0,0,0.737304,0.041908,37.664788,37.664788,0,0,0.700573
246,3-Jun-06,24:00:00,56.040447,0.064369,18.509038,18.509038,0,0,0.729381,0.065353,37.530502,37.530502,0,0,0.692866
247,4-Jun-06,24:00:00,55.870165,0.057022,18.451937,18.451937,0,0,0.7206,0.056822,37.417469,37.417469,0,0,0.684111
248,5-Jun-06,24:00:00,55.72816,0.047994,18.404243,18.404243,0,0,0.712988,0.063927,37.323288,37.323288,0,0,0.675521
249,6-Jun-06,24:00:00,55.611235,0.061509,18.364894,18.364894,0,0,0.70533,0.067264,37.245828,37.245828,0,0,0.666175
250,7-Jun-06,24:00:00,55.516557,0.066108,18.332947,18.332947,0,0,0.696315,0.066468,37.183199,37.183199,0,0,0.656543
251,8-Jun-06,24:00:00,55.441609,0.055056,18.307565,18.307565,0,0,0.687626,0.061082,37.133725,37.133725,0,0,0.647483
252,9-Jun-06,24:00:00,55.384159,0.055673,18.288005,18.288005,0,0,0.679579,0.06282,37.095915,37.095915,0,0,0.638563
253,10-Jun-06,24:00:00,55.342226,0.044724,18.273609,18.273609,0,0,0.672487,0.062716,37.06845,37.06845,0,0,0.629594
254,11-Jun-06,24:00:00,55.314052,0.03487,18.263791,18.263791,0,0,0.666838,0.054369,37.050156,37.050156,0,0,0.621082
255,12-Jun-06,24:00:00,55.298075,0.02248,18.258033,18.258033,0,0,0.662664,0.028775,37.039993,37.039993,0,0,0.615273
256,13-Jun-06,24:00:00,55.292909,0.028424,18.255874,18.255874,0,0,0.659012,0.028382,37.037038,37.037038,0,0,0.611038
257,14-Jun-06,24:00:00,55.297326,0.045446,18.256904,18.256904,0,0,0.653606,0.049301,37.040468,37.040468,0,0,0.605482
258,15-Jun-06,24:00:00,55.310232,0.059488,18.26076,18.26076,0,0,0.646233,0.063388,37.049558,37.049558,0,0,0.597659
259,16-Jun-06,24:00:00,55.330658,0.082834,18.267119,18.267119,0,0,0.636516,0.072776,37.063658,37.063658,0,0,0.587974
260,17-Jun-06,24:00:00,55.357742,0.067693,18.275696,18.275696,0,0,0.62541,0.069827,37.082197,37.082197,0,0,0.577829
261,18-Jun-06,24:00:00,55.390719,0.064288,18.286235,18.286235,0,0,0.616001,0.069449,37.104662,37.104662,0,0,0.567918
262,19-Jun-06,24:00:00,55.42891,0.06255,18.29851,18.29851,0,0,0.606925,0.059398,37.130601,37.130601,0,0,0.558418
263,20-Jun-06,24:00:00,55.47171,0.06432,18.312321,18.312321,0,0,0.597836,0.072493,37.159611,37.159611,0,0,0.549266
264,21-Jun-06,24:00:00,55.518582,0.070666,18.327489,18.327489,0,0,0.588519,0.070888,37.191334,37.191334,0,0,0.53897
265,22-Jun-06,24:00:00,55.569051,0.077667,18.343856,18.343856,0,0,0.577523,0.068459,37.225453,37.225453,0,0,0.528899
266,23-Jun-06,24:00:00,55.62269,0.060613,18.361279,18.361279,0,0,0.567614,0.0709,37.261683,37.261683,0,0,0.51897
267,24-Jun-06,24:00:00,55.679123,0.055905,18.379634,18.379634,0,0,0.559389,0.072176,37.299774,37.299774,0,0,0.508882
268,25-Jun-06,24:00:00,55.738014,0.054688,18.398809,18.398809,0,0,0.551531,0.073127,37.339501,37.339501,0,0,0.498482
269,26-Jun-06,24:00:00,55.799065,0.059685,18.418705,18.418705,0,0,0.5433,0.072193,37.380665,37.380665,0,0,0.488155
270,27-Jun-06,24:00:00,55.862008,0.049999,18.439233,18.439233,0,0,0.535419,0.067685,37.42309,37.42309,0,0,0.478062
271,28-Jun-06,24:00:00,55.926609,0.042675,18.460315,18.460315,0,0,0.528899,0.056022,37.466616,37.466616,0,0,0.468997
272,29-Jun-06,24:00:00,55.992654,0.05126,18.481879,18.481879,0,0,0.522318,0.072,37.511104,37.511104,0,0,0.460405
273,30-Jun-06,24:00:00,56.059957,0.045659,18.503864,18.503864,0,0,0.515402,0.058075,37.556427,37.556427,0,0,0.450777
274,1-Jul-06,24:00:00,56.128349,0.047486,18.526214,18.526214,0,0,0.508687,0.07267,37.602474,37.602474,0,0,0.441575
275,2-Jul-06,24:00:00,56.197681,0.048376,18.548879,18.548879,0,0,0.501911,0.072334,37.649145,37.649145,0,0,0.431177
276,3-Jul-06,24:00:00,56.267818,0.051668,18.571815,18.571815,0,0,0.494732,0.066724,37.696351,37.696351,0,0,0.421171
277,4-Jul-06,24:00:00,56.338642,0.056234,18.594981,18.594981,0,0,0.487025,0.064966,37.744011,37.744011,0,0,0.411785
278,5-Jul-06,24:00:00,56.410044,0.057909,18.618342,18.618342,0,0,0.478744,0.058321,37.792056,37.792056,0,0,0.403007
279,6-Jul-06,24:00:00,56.48193,0.059252,18.641866,18.641866,0,0,0.470407,0.060371,37.840419,37.840419,0,0,0.394513
280,7-Jul-06,24:00:00,56.554214,0.066789,18.665525,18.665525,0,0,0.461498,0.06456,37.889046,37.889046,0,0,0.385631
281,8-Jul-06,24:00:00,56.626819,0.067903,18.689294,18.689294,0,0,0.451799,0.070422,37.937883,37.937883,0,0,0.375984
282,9-Jul-06,24:00:00,56.699676,0.067225,18.713149,18.713149,0,0,0.442125,0.07173,37.986886,37.986886,0,0,0.365769
283,10-Jul-06,24:00:00,56.772722,0.052852,18.737069,18.737069,0,0,0.433612,0.066887,38.036013,38.036013,0,0,0.35584
284,11-Jul-06,24:00:00,56.845902,0.052819,18.761036,18.761036,0,0,0.426167,0.066575,38.085226,38.085226,0,0,0.34641
285,12-Jul-06,24:00:00,56.919166,0.057459,18.785034,18.785034,0,0,0.418067,0.063153,38.134493,38.134493,0,0,0.336994
286,13-Jul-06,24:00:00,56.992468,0.065769,18.809047,18.809047,0,0,0.409373,0.06195,38.183782,38.183782,0,0,0.327991
287,14-Jul-06,24:00:00,57.065766,0.053719,18.833061,18.833061,0,0,0.400904,0.067478,38.233066,38.233066,0,0,0.318862
288,15-Jul-06,24:00:00,57.139025,0.058045,18.857065,18.857065,0,0,0.392916,0.066272,38.282321,38.282321,0,0,0.309294
289,16-Jul-06,24:00:00,57.21221,0.068287,18.881046,18.881046,0,0,0.383858,0.068534,38.331524,38.331524,0,0,0.299651
290,17-Jul-06,24:00:00,57.28529,0.072744,18.904996,18.904996,0,0,0.37386,0.071398,38.380654,38.380654,0,0,0.289693
291,18-Jul-06,24:00:00,57.358239,0.066561,18.928903,18.928903,0,0,0.363804,0.076094,38.429694,38.429694,0,0,0.279349
292,19-Jul-06,24:00:00,57.431029,0.062256,18.952761,18.952761,0,0,0.354602,0.061796,38.478625,38.478625,0,0,0.269173
293,20-Jul-06,24:00:00,57.503638,0.068373,18.976561,18.976561,0,0,0.345321,0.07118,38.527433,38.527433,0,0,0.259843
294,21-Jul-06,24:00:00,57.576045,0.068975,19.000297,19.000297,0,0,0.335463,0.056473,38.576103,38.576103,0,0,0.250434
295,22-Jul-06,24:00:00,57.648229,0.072649,19.023961,19.023961,0,0,0.32542,0.063801,38.624623,38.624623,0,0,0.242088
296,23-Jul-06,24:00:00,57.720174,0.071357,19.047548,19.047548,0,0,0.315121,0.056742,38.672979,38.672979,0,0,0.233311
297,24-Jul-06,24:00:00,57.791862,0.06807,19.071052,19.071052,0,0,0.305101,0.06363,38.721162,38.721162,0,0,0.224729
298,25-Jul-06,24:00:00,57.863278,0.066544,19.094468,19.094468,0,0,0.295496,0.01599,38.76916,38.76916,0,0,0.219286
299,26-Jul-06,24:00:00,57.934408,0.057004,19.117792,19.117792,0,0,0.286513,0.071389,38.816965,38.816965,0,0,0.21302
300,27-Jul-06,24:00:00,58.005238,0.046249,19.141018,19.141018,0,0,0.279295,0.067331,38.864567,38.864567,0,0,0.203095
301,28-Jul-06,24:00:00,58.075755,0.040051,19.164143,19.164143,0,0,0.273154,0.061332,38.911958,38.911958,0,0,0.193911
302,29-Jul-06,24:00:00,58.14595,0.033843,19.187163,19.187163,0,0,0.267871,0.059039,38.959131,38.959131,0,0,0.18542
303,30-Jul-06,24:00:00,58.21581,0.058755,19.210075,19.210075,0,0,0.261245,0.065176,39.006077,39.006077,0,0,0.176453
304,31-Jul-06,24:00:00,58.285325,0.058895,19.232874,19.232874,0,0,0.25279,0.061035,39.052791,39.052791,0,0,0.167392
305,1-Aug-06,24:00:00,58.354485,0.051637,19.255558,19.255558,0,0,0.244901,0.059587,39.099266,39.099266,0,0,0.158709
306,2-Aug-06,24:00:00,58.423283,0.054911,19.278124,19.278124,0,0,0.237234,0.06111,39.145496,39.145496,0,0,0.150063
307,3-Aug-06,24:00:00,58.491708,0.054034,19.300569,19.300569,0,0,0.229438,0.062948,39.191475,39.191475,0,0,0.141271
308,4-Aug-06,24:00:00,58.559754,0.038596,19.32289,19.32289,0,0,0.222924,0.058374,39.237197,39.237197,0,0,0.132702
309,5-Aug-06,24:00:00,58.627411,0.049369,19.345085,19.345085,0,0,0.216511,0.053454,39.282659,39.282659,0,0,0.124561
310,6-Aug-06,24:00:00,58.694674,0.053881,19.36715,19.36715,0,0,0.209173,0.059172,39.327853,39.327853,0,0,0.116578
311,7-Aug-06,24:00:00,58.761534,0.032715,19.389085,19.389085,0,0,0.20306,0.046757,39.372777,39.372777,0,0,0.109072
312,8-Aug-06,24:00:00,58.827985,0.052924,19.410886,19.410886,0,0,0.197002,0.063164,39.417425,39.417425,0,0,0.101305
313,9-Aug-06,24:00:00,58.89402,0.066169,19.432551,19.432551,0,0,0.188511,0.063512,39.461793,39.461793,0,0,0.092143
314,10-Aug-06,24:00:00,58.959634,0.058293,19.454079,19.454079,0,0,0.179479,0.065979,39.505877,39.505877,0,0,0.082875
315,11-Aug-06,24:00:00,59.02482,0.05023,19.475467,19.475467,0,0,0.171767,0.057783,39.549673,39.549673,0,0,0.07395
316,12-Aug-06,24:00:00,59.089573,0.049537,19.496713,19.496713,0,0,0.164541,0.059135,39.593177,39.593177,0,0,0.065624
317,13-Aug-06,24:00:00,59.153887,0.042836,19.517816,19.517816,0,0,0.158039,0.062289,39.636386,39.636386,0,0,0.057133
318,14-Aug-06,24:00:00,59.217757,0.035589,19.538774,19.538774,0,0,0.152495,0.050423,39.679295,39.679295,0,0,0.048963
319,15-Aug-06,24:00:00,59.281177,0.032974,19.559586,19.559586,0,0,0.147582,0.056067,39.721902,39.721902,0,0,0.041343
320,16-Aug-06,24:00:00,59.344143,0.044487,19.580248,19.580248,0,0,0.142125,0.055847,39.764203,39.764203,0,0,0.033292
321,17-Aug-06,24:00:00,59.40665,0.052573,19.60076,19.60076,0,0,0.135038,0.054531,39.806195,39.806195,0,0,0.025349
322,18-Aug-06,24:00:00,59.468693,0.043286,19.621121,19.621121,0,0,0.12827,0.057279,39.847875,39.847875,0,0,0.01741
323,19-Aug-06,24:00:00,59.530267,0.040898,19.641329,19.641329,0,0,0.122243,0.057833,39.88924,39.88924,0,0,0.009248
324,20-Aug-06,24:00:00,59.591368,0.036248,19.661382,19.661382,0,0,0.116713,0.053769,39.930286,39.930286,0,0,0.002253
325,21-Aug-06,24:00:00,59.651993,0.041373,19.681278,19.681278,0,0,0.111207,0.055035,39.971011,39.971011,0,0,0
326,22-Aug-06,24:00:00,59.712136,0.049023,19.701017,19.701017,0,0,0.10482,0.056061,40.011413,40.011413,0,0,0
327,23-Aug-06,24:00:00,59.771794,0.045051,19.720598,19.720598,0,0,0.097994,0.056783,40.051488,40.051488,0,0,0
328,24-Aug-06,24:00:00,59.830962,0.047616,19.740018,19.740018,0,0,0.091281,0.059548,40.091234,40.091234,0,0,0
329,25-Aug-06,24:00:00,59.889638,0.034235,19.759277,19.759277,0,0,0.085554,0.053782,40.130648,40.130648,0,0,0
330,26-Aug-06,24:00:00,59.947816,0.035473,19.778373,19.778373,0,0,0.080578,0.052319,40.169728,40.169728,0,0,0
331,27-Aug-06,24:00:00,60.005494,0.038017,19.797305,19.797305,0,0,0.075341,0.054414,40.208471,40.208471,0,0,0
332,28-Aug-06,24:00:00,60.062669,0.039196,19.816073,19.816073,0,0,0.069826,0.055174,40.246876,40.246876,0,0,0
333,29-Aug-06,24:00:00,60.119336,0.036468,19.834674,19.834674,0,0,0.06441,0.054437,40.284939,40.284939,0,0,0
334,30-Aug-06,24:00:00,60.175492,0.049364,19.853108,19.853108,0,0,0.058249,0.052633,40.322659,40.322659,0,0,0
335,31-Aug-06,24:00:00,60.231134,0.055388,19.871373,19.871373,0,0,0.050761,0.052182,40.360033,40.360033,0,0,0
336,1-Sep-06,24:00:00,60.286259,0.042349,19.889469,19.889469,0,0,0.043748,0.05547,40.39706,40.39706,0,0,0
337,2-Sep-06,24:00:00,60.340864,0.035561,19.907395,19.907395,0,0,0.038239,0.053691,40.433737,40.433737,0,0,0
338,3-Sep-06,24:00:00,60.394946,0.029738,19.925149,19.925149,0,0,0.033572,0.051181,40.470062,40.470062,0,0,0
339,4-Sep-06,24:00:00,60.448502,0.035078,19.94273,19.94273,0,0,0.028961,0.049533,40.506033,40.506033,0,0,0
340,5-Sep-06,24:00:00,60.501529,0.045928,19.960139,19.960139,0,0,0.023191,0.055196,40.541649,40.541649,0,0,0
341,6-Sep-06,24:00:00,60.554024,0.04239,19.977373,19.977373,0,0,0.016873,0.051816,40.576908,40.576908,0,0,0
342,7-Sep-06,24:00:00,60.605984,0.041146,19.994432,19.994432,0,0,0.010831,0.053517,40.611807,40.611807,0,0,0
343,8-Sep-06,24:00:00,60.657408,0.021363,20.011315,20.011315,0,0,0.006348,0.039841,40.646345,40.646345,0,0,0
344,9-Sep-06,24:00:00,60.708292,0.038191,20.02802,20.02802,0,0,0.002306,0.04408,40.680521,40.680521,0,0,0
345,10-Sep-06,24:00:00,60.758634,0.038768,20.044549,20.044549,0,0,0,0.047569,40.714332,40.714332,0,0,0
346,11-Sep-06,24:00:00,60.808432,0.048305,20.060898,20.060898,0,0,0,0.047395,40.747777,40.747777,0,0,0
347,12-Sep-06,24:00:00,60.857683,0.050941,20.077068,20.077068,0,0,0,0.050836,40.780855,40.780855,0,0,0
348,13-Sep-06,24:00:00,60.906385,0.04109,20.093059,20.093059,0,0,0,0.0512,40.813564,40.813564,0,0,0
349,14-Sep-06,24:00:00,60.954536,0.037435,20.108868,20.108868,0,0,0,0.047821,40.845903,40.845903,0,0,0
350,15-Sep-06,24:00:00,61.002133,0.037512,20.124496,20.124496,0,0,0,0.036137,40.87787,40.87787,0,0,0
351,16-Sep-06,24:00:00,61.049176,0.041214,20.139942,20.139942,0,0,0,0.040959,40.909463,40.909463,0,0,0
352,17-Sep-06,24:00:00,61.09566,0.047282,20.155205,20.155205,0,0,0,0.046586,40.940683,40.940683,0,0,0
353,18-Sep-06,24:00:00,61.141586,0.045856,20.170284,20.170284,0,0,0,0.046741,40.971526,40.971526,0,0,0
354,19-Sep-06,24:00:00,61.18695,0.040353,20.185179,20.185179,0,0,0,0.043656,41.001992,41.001992,0,0,0
355,20-Sep-06,24:00:00,61.231751,0.044593,20.19989,20.19989,0,0,0,0.043962,41.03208,41.03208,0,0,0
356,21-Sep-06,24:00:00,61.275987,0.052137,20.214415,20.214415,0,0,0,0.047965,41.061789,41.061789,0,0,0
357,22-Sep-06,24:00:00,61.319657,0.070655,20.228754,20.228754,0,0,0,0.053504,41.091117,41.091117,0,0,0
358,23-Sep-06,24:00:00,61.362759,0.048686,20.242906,20.242906,0,0,0,0.039802,41.120063,41.120063,0,0,0
359,24-Sep-06,24:00:00,61.405291,0.042514,20.256872,20.256872,0,0,0,0.039847,41.148627,41.148627,0,0,0
360,25-Sep-06,24:00:00,61.447252,0.03871,20.27065,20.27065,0,0,0,0.038922,41.176807,41.176807,0,0,0
361,26-Sep-06,24:00:00,61.488641,0.035459,20.284241,20.284241,0,0,0,0.043561,41.204602,41.204602,0,0,0
362,27-Sep-06,24:00:00,61.529455,0.027095,20.297642,20.297642,0,0,0,0.041064,41.232012,41.232012,0,0,0
363,28-Sep-06,24:00:00,61.569694,0.022817,20.310855,20.310855,0,0,0,0.038113,41.259035,41.259035,0,0,0
364,29-Sep-06,24:00:00,61.609356,0.020682,20.323879,20.323879,0,0,0,0.042303,41.285671,41.285671,0,0,0
365,30-Sep-06,24:00:00,61.64844,0.021105,20.336712,20.336712,0,0,0,0.023012,41.311918,41.311918,0,0,0
366,1-Oct-06,24:00:00,61.686945,0.028224,20.349356,20.349356,0,0,0,0.021057,41.337777,41.337777,0,0,0
367,2-Oct-06,24:00:00,61.72487,0.020673,20.361809,20.361809,0,0,0,0.025156,41.363246,41.363246,0,0,0
368,3-Oct-06,24:00:00,61.762213,0.018993,20.374071,20.374071,0,0,0,0.016135,41.388325,41.388325,0,0,0
369,4-Oct-06,24:00:00,61.798974,0.009312,20.386142,20.386142,0,0,0,0.014286,41.413012,41.413012,0,0,0
370,5-Oct-06,24:00:00,61.835152,0.011409,20.398021,20.398021,0,0,0,0.010975,41.437308,41.437308,0,0,0
371,6-Oct-06,24:00:00,61.870745,0.011148,20.409708,20.409708,0,0,0,0.02732,41.461211,41.461211,0,0,0
372,7-Oct-06,24:00:00,61.905754,0.030359,20.421203,20.421203,0,0,0,0.030708,41.484721,41.484721,0,0,0
373,8-Oct-06,24:00:00,61.940176,0.035233,20.432505,20.432505,0,0,0,0.029426,41.507838,41.507838,0,0,0
374,9-Oct-06,24:00:00,61.974011,0.034612,20.443615,20.443615,0,0,0,0.034887,41.530561,41.530561,0,0,0
375,10-Oct-06,24:00:00,62.007259,0.026234,20.454532,20.454532,0,0,0,0.027152,41.552889,41.552889,0,0,0
376,11-Oct-06,24:00:00,62.039919,0.031444,20.465255,20.465255,0,0,0,0.022218,41.574822,41.574822,0,0,0
377,12-Oct-06,24:00:00,62.07199,0.030651,20.475785,20.475785,0,0,0,0.039548,41.59636,41.59636,0,0,0
378,13-Oct-06,24:00:00,62.103471,0.011894,20.486122,20.486122,0,0,0,0.027534,41.617502,41.617502,0,0,0
379,14-Oct-06,24:00:00,62.134362,0.01851,20.496264,20.496264,0,0,0,0.023322,41.638248,41.638248,0,0,0
380,15-Oct-06,24:00:00,62.164663,0.013214,20.506213,20.506213,0,0,0,0.023379,41.658598,41.658598,0,0,0
381,16-Oct-06,24:00:00,62.194373,0.034377,20.515967,20.515967,0,0,0,0.030091,41.67855,41.67855,0,0,0
382,17-Oct-06,24:00:00,62.223491,0.030766,20.525527,20.525527,0,0,0,0.025288,41.698106,41.698106,0,0,0
383,18-Oct-06,24:00:00,62.252018,0.031668,20.534892,20.534892,0,0,0,0.025276,41.717264,41.717264,0,0,0
384,19-Oct-06,24:00:00,62.279952,0.028464,20.544063,20.544063,0,0,0,0.025157,41.736025,41.736025,0,0,0
385,20-Oct-06,24:00:00,62.307295,0.032602,20.553039,20.553039,0,0,0,0.026297,41.754388,41.754388,0,0,0
386,21-Oct-06,24:00:00,62.334044,0.031538,20.56182,20.56182,0,0,0,0.02321,41.772354,41.772354,0,0,0
387,22-Oct-06,24:00:00,62.360201,0.027522,20.570407,20.570407,0,0,0,0.027671,41.789921,41.789921,0,0,0
388,23-Oct-06,24:00:00,62.385765,0.029788,20.578798,20.578798,0,0,0,0.025551,41.80709,41.80709,0,0,0
389,24-Oct-06,24:00:00,62.410735,0.020887,20.586995,20.586995,0,0,0,0.023083,41.823861,41.823861,0,0,0
390,25-Oct-06,24:00:00,62.435112,0.047634,20.594997,20.594997,0,0,0,0.013457,41.840234,41.840234,0,0,0
391,26-Oct-06,24:00:00,62.458896,0.028583,20.602803,20.602803,0,0,0,0.020255,41.856209,41.856209,0,0,0
392,27-Oct-06,24:00:00,62.482087,0.024896,20.610415,20.610415,0,0,0,0.020429,41.871785,41.871785,0,0,0
393,28-Oct-06,24:00:00,62.504685,0.026077,20.617831,20.617831,0,0,0,0.020835,41.886963,41.886963,0,0,0
394,29-Oct-06,24:00:00,62.526689,0.015766,20.625053,20.625053,0,0,0,0.02056,41.901743,41.901743,0,0,0
395,30-Oct-06,24:00:00,62.548101,0.014191,20.632079,20.632079,0,0,0,0.0157,41.916125,41.916125,0,0,0
396,31-Oct-06,24:00:00,62.568919,0.015642,20.638911,20.638911,0,0,0,0.012217,41.930109,41.930109,0,0,0
397,1-Nov-06,24:00:00,62.589145,0.011862,20.645547,20.645547,0,0,0,0.0095,41.943695,41.943695,0,0,0
398,2-Nov-06,24:00:00,97.057901,0.00501,34.086883,20.651989,0.395545,0,0.031047,0.009538,63.131139,41.956884,0.369674,0,0.028962
399,3-Nov-06,24:00:00,67.722204,0.009715,20.69269,20.658236,0,0,0.056506,0.011285,46.869722,41.969675,0,0,0.052811
400,4-Nov-06,24:00:00,62.646499,0.015023,20.664288,20.664288,0,0,0.056506,0.014419,41.982068,41.982068,0,0,0.052811
401,5-Nov-06,24:00:00,62.664125,0.015478,20.670146,20.670146,0,0,0.056506,0.010812,41.994065,41.994065,0,0,0.052811
402,6-Nov-06,24:00:00,62.681391,0.02206,20.67581,20.67581,0,0,0.056506,0.023548,42.005665,42.005665,0,0,0.052811
403,7-Nov-06,24:00:00,62.698066,0.019974,20.681279,20.681279,0,0,0.056506,0.011503,42.016868,42.016868,0,0,0.052811
404,8-Nov-06,24:00:00,62.71415,0.028493,20.686553,20.686553,0,0,0.055835,0.022849,42.027674,42.027674,0,0,0.052811
405,9-Nov-06,24:00:00,62.729644,0.018235,20.691634,20.691634,0,0,0.053357,0.017442,42.038085,42.038085,0,0,0.051727
406,10-Nov-06,24:00:00,62.744549,0.017376,20.696521,20.696521,0,0,0.050851,0.013318,42.0481,42.0481,0,0,0.049628
407,11-Nov-06,24:00:00,85.759018,0.016909,28.757759,20.701214,0.236591,0,0.07745,0.018196,57.039833,42.05772,0.228438,0,0.074839
408,12-Nov-06,24:00:00,64.177443,0.010473,20.848949,20.705714,0.127669,0,0.083774,0.013332,43.305771,42.066945,0.156238,0,0.082058
409,13-Nov-06,24:00:00,143.614358,0.00372,51.93516,20.71002,0.885796,0,0.164286,0.005655,92.221897,42.075775,0.867454,0,0.165595
410,14-Nov-06,24:00:00,91.109398,0.01755,23.856929,20.714133,0,0,0.228175,0.017046,66.710952,42.084211,0.0428,0,0.232906
411,15-Nov-06,24:00:00,63.169109,0.016987,20.718053,20.718053,0,0,0.228175,0.012709,42.434218,42.092254,0,0,0.233673
412,16-Nov-06,24:00:00,76.2439,0.00526,25.177693,20.72178,0.130854,0,0.241122,0.005397,51.11339,42.099903,0.148032,0,0.24738
413,17-Nov-06,24:00:00,64.306424,0.011307,20.725315,20.725315,0,0,0.246869,0.008304,43.534236,42.10716,0,0,0.254821
414,18-Nov-06,24:00:00,62.843499,0.013622,20.728657,20.728657,0,0,0.246869,0.010549,42.11465,42.114024,0,0,0.254821
415,19-Nov-06,24:00:00,62.852258,0.013017,20.731807,20.731807,0,0,0.246869,0.009055,42.120496,42.120496,0,0,0.254821
416,20-Nov-06,24:00:00,62.861301,0.008007,20.734766,20.734766,0,0,0.246869,0.005974,42.126578,42.126578,0,0,0.254821
417,21-Nov-06,24:00:00,62.869761,0.013832,20.737533,20.737533,0,0,0.246869,0.011405,42.132268,42.132268,0,0,0.254821
418,22-Nov-06,24:00:00,64.276132,0.007149,21.43526,20.740109,0.027231,0,0.247627,0.008821,42.893091,42.137569,0.045781,0,0.256083
419,23-Nov-06,24:00:00,65.610809,0.019426,20.974625,20.742493,0,0,0.250759,0.0154,44.585513,42.14248,0,0,0.261361
420,24-Nov-06,24:00:00,62.923706,0.013299,20.744687,20.744687,0,0,0.250759,0.013313,42.177565,42.147002,0,0,0.261361
421,25-Nov-06,24:00:00,62.897798,0.012448,20.746691,20.746691,0,0,0.250759,0.010543,42.151136,42.151136,0,0,0.261361
422,26-Nov-06,24:00:00,126.555287,0.003918,48.411187,20.748505,0.822269,0,0.305924,0.003338,78.608305,42.154882,0.768113,0,0.308893
423,27-Nov-06,24:00:00,81.332987,0.008983,21.087861,20.750128,0,0,0.368226,0.008262,59.789798,42.158241,0,0,0.371091
424,28-Nov-06,24:00:00,63.013936,0.011809,20.751563,20.751563,0,0,0.368226,0.007905,42.253802,42.161214,0,0,0.371091
425,29-Nov-06,24:00:00,62.916591,0.013084,20.752808,20.752808,0,0,0.368226,0.010122,42.163801,42.163801,0,0,0.371091
426,30-Nov-06,24:00:00,62.919853,0.013739,20.753864,20.753864,0,0,0.368226,0.011263,42.166004,42.166004,0,0,0.371091
427,1-Dec-06,24:00:00,62.922542,0.012037,20.754732,20.754732,0,0,0.368226,0.012012,42.167822,42.167822,0,0,0.371091
428,2-Dec-06,24:00:00,62.924659,0.013083,20.755412,20.755412,0,0,0.368226,0.011601,42.169256,42.169256,0,0,0.371091
429,3-Dec-06,24:00:00,62.926206,0.012771,20.755904,20.755904,0,0,0.368226,0.013318,42.170308,42.170308,0,0,0.371091
430,4-Dec-06,24:00:00,62.927184,0.011564,20.756209,20.756209,0,0,0.368226,0.011994,42.170978,42.170978,0,0,0.371091
431,5-Dec-06,24:00:00,62.927593,0.013025,20.756327,20.756327,0,0,0.367494,0.014012,42.171267,42.171267,0,0,0.371066
432,6-Dec-06,24:00:00,62.927436,0.011549,20.756258,20.756258,0,0,0.365828,0.012398,42.171176,42.171176,0,0,0.370117
433,7-Dec-06,24:00:00,62.926713,0.011151,20.756003,20.756003,0,0,0.364208,0.010851,42.170705,42.170705,0,0,0.368462
434,8-Dec-06,24:00:00,84.329351,0.010413,36.477225,20.755562,1.053581,0,0.380886,0.013465,48.361712,42.169855,0.79695,0,0.380605
435,9-Dec-06,24:00:00,229.048541,0.006246,84.679346,20.754936,1.460723,0,0.588451,0.005947,145.234712,42.168628,1.4915,0,0.557677
436,10-Dec-06,24:00:00,157.390909,0.008312,39.60132,20.754125,0.37808,0,0.763761,0.006287,116.512893,42.167023,0.350179,0,0.730934
437,11-Dec-06,24:00:00,107.909401,0.004681,49.025745,20.753129,1.4114,0,0.809241,0.005054,59.812319,42.165042,1.222937,0,0.770231
438,12-Dec-06,24:00:00,175.933102,0.005111,59.556666,33.337574,0.18882,0.027205,0.997067,0.006045,115.40426,42.162686,0.06249,0,0.924002
439,13-Dec-06,24:00:00,109.093865,0.005309,57.223226,54.85078,0.06967,0.06967,1,0.004734,51.880704,42.159956,0.132341,0,0.937339
440,14-Dec-06,24:00:00,72.771342,0.005686,28.50344,27.857557,0.134296,0.134296,1,0.00614,44.229271,42.156852,0.10285,0,0.94622
441,15-Dec-06,24:00:00,141.542578,0.016343,92.438149,88.510915,0,0,1,0.015245,49.086655,42.153376,0,0,0.960086
442,16-Dec-06,24:00:00,72.420374,0.008487,30.118651,30.118651,0,0,1,0.009878,42.295878,42.149528,0,0,0.960086
443,17-Dec-06,24:00:00,71.10851,0.010888,28.963168,28.963168,0,0,1,0.009643,42.145309,42.145309,0,0,0.960086
444,18-Dec-06,24:00:00,70.172161,0.010664,28.031405,28.031405,0,0,1,0.009354,42.140721,42.140721,0,0,0.960086
445,19-Dec-06,24:00:00,69.340389,0.011767,27.204587,27.204587,0,0,1,0.009525,42.135764,42.135764,0,0,0.960086
446,20-Dec-06,24:00:00,68.601296,0.008423,26.470816,26.470816,0,0,1,0.007883,42.13044,42.13044,0,0,0.960086
447,21-Dec-06,24:00:00,901.559878,0.001957,520.857533,420.611964,1.157138,1.157138,1,0.003081,388.590329,321.738797,1.251517,0.972118,0.987944
448,22-Dec-06,24:00:00,972.228263,0.008577,223.409745,219.774155,0,0,1,0.008044,743.076463,721.735087,0,0,1
449,23-Dec-06,24:00:00,266.609066,0.009167,73.404311,73.404311,0,0,1,0.00653,191.702161,191.621455,0,0,1
450,24-Dec-06,24:00:00,187.515221,0.007441,67.382953,67.382953,0,0,1,0.007635,119.989046,119.989046,0,0,1
451,25-Dec-06,24:00:00,170.730937,0.008581,62.103381,62.103381,0,0,1,0.013383,108.566482,108.566482,0,0,1
452,26-Dec-06,24:00:00,5357.32,0.004083,2604.98,424.928994,1.484094,1.484094,1,0.009192,2783.56,364.572329,1.472968,1.472968,1
453,27-Dec-06,24:00:00,3658.39,0.02482,756.18336,673.960106,0.49761,0.49761,1,0.019502,2876.71,1566.79,0.491173,0.491173,1
454,28-Dec-06,24:00:00,693.385122,0.015066,136.831645,136.831645,0,0,1,0.009984,550.222991,543.326069,0,0,1
455,29-Dec-06,24:00:00,377.365614,0.011103,122.086337,122.086337,0,0,1,0.009795,254.707517,254.707517,0,0,1
456,30-Dec-06,24:00:00,327.854729,0.009365,110.618037,110.618037,0,0,1,0.008922,217.065733,217.065733,0,0,1
457,31-Dec-06,24:00:00,297.335484,0.010199,100.446275,100.446275,0,0,1,0.007926,196.751792,196.751792,0,0,1
458,1-Jan-07,24:00:00,270.778903,0.015145,91.424174,91.424174,0,0,1,0.010244,179.233562,179.233562,0,0,1
459,2-Jan-07,24:00:00,247.239665,0.011992,83.421719,83.421719,0,0,1,0.01139,163.710686,163.710686,0,0,1
460,3-Jan-07,24:00:00,249.751751,0.003971,85.457394,83.931515,0.066914,0.06678,0.999997,0.00401,165.020201,161.932922,0.144235,0.144235,1
461,4-Jan-07,24:00:00,361.223827,0.01538,96.414312,95.661588,0,0,1,0.009833,264.377785,257.375024,0,0,1
462,5-Jan-07,24:00:00,224.58422,0.021047,67.35197,67.35197,0,0,1,0.012278,156.796488,156.713134,0,0,1
463,6-Jan-07,24:00:00,191.708584,0.016833,62.052636,62.052636,0,0,1,0.008539,129.55806,129.55806,0,0,1
464,7-Jan-07,24:00:00,176.340669,0.013926,57.368473,57.368473,0,0,1,0.012729,118.903848,118.903848,0,0,1
465,8-Jan-07,24:00:00,163.4421,0.012714,53.213355,53.213355,0,0,1,0.011522,110.168874,110.168874,0,0,1
466,9-Jan-07,24:00:00,152.026852,0.01107,49.527443,49.527443,0,0,1,0.011069,102.446344,102.446344,0,0,1
467,10-Jan-07,24:00:00,141.901195,0.013742,46.257667,46.257667,0,0,0.999829,0.012322,95.596469,95.596469,0,0,1
468,11-Jan-07,24:00:00,132.91847,0.019345,43.356958,43.356958,0,0,0.997965,0.01003,89.51977,89.51977,0,0,1
469,12-Jan-07,24:00:00,124.949372,0.020385,40.78357,40.78357,0,0,0.995146,0.014017,84.128772,84.128772,0,0,0.999888
470,13-Jan-07,24:00:00,117.879241,0.013518,38.500478,38.500478,0,0,0.992683,0.009333,79.345909,79.345909,0,0,0.999006
471,14-Jan-07,24:00:00,111.606383,0.01526,36.474843,36.474843,0,0,0.990732,0.010022,75.102387,75.102387,0,0,0.997628
472,15-Jan-07,24:00:00,106.040603,0.013001,34.677539,34.677539,0,0,0.988649,0.010565,71.337193,71.337193,0,0,0.996158
473,16-Jan-07,24:00:00,101.101905,0.011303,33.082734,33.082734,0,0,0.986881,0.010998,67.99621,67.99621,0,0,0.994629
474,17-Jan-07,24:00:00,96.719342,0.01753,31.667518,31.667518,0,0,0.984893,0.011928,65.031444,65.031444,0,0,0.99298
475,18-Jan-07,24:00:00,92.829987,0.013711,30.41157,30.41157,0,0,0.982629,0.012766,62.400325,62.400325,0,0,0.991227
476,19-Jan-07,24:00:00,89.378029,0.011119,29.296868,29.296868,0,0,0.980824,0.015634,60.065099,60.065099,0,0,0.989244
477,20-Jan-07,24:00:00,86.313969,0.021676,28.307427,28.307427,0,0,0.978659,0.017442,57.992281,57.992281,0,0,0.986893
478,21-Jan-07,24:00:00,83.593906,0.023901,27.429071,27.429071,0,0,0.975312,0.01328,56.152171,56.152171,0,0,0.984632
479,22-Jan-07,24:00:00,81.178901,0.016998,26.649225,26.649225,0,0,0.972358,0.013227,54.518429,54.518429,0,0,0.98274
480,23-Jan-07,24:00:00,79.03442,0.015352,25.956738,25.956738,0,0,0.970022,0.013631,53.067692,53.067692,0,0,0.980824
481,24-Jan-07,24:00:00,77.129834,0.015808,25.341718,25.341718,0,0,0.967809,0.014899,51.77924,51.77924,0,0,0.978816
482,25-Jan-07,24:00:00,75.437977,0.011894,24.795393,24.795393,0,0,0.965828,0.013128,50.634697,50.634697,0,0,0.976783
483,26-Jan-07,24:00:00,73.934754,0.004889,24.309983,24.309983,0,0,0.964579,0.008071,49.617761,49.617761,0,0,0.975257
484,27-Jan-07,24:00:00,72.598796,0.008819,23.878586,23.878586,0,0,0.963593,0.011802,48.713978,48.713978,0,0,0.973829
485,28-Jan-07,24:00:00,71.411151,0.00988,23.495083,23.495083,0,0,0.962272,0.014818,47.910526,47.910526,0,0,0.97198
486,29-Jan-07,24:00:00,70.355008,0.019396,23.154045,23.154045,0,0,0.960201,0.01671,47.196033,47.196033,0,0,0.969714
487,30-Jan-07,24:00:00,69.415458,0.01511,22.850657,22.850657,0,0,0.957725,0.016663,46.560414,46.560414,0,0,0.967339
488,31-Jan-07,24:00:00,68.579278,0.013022,22.580649,22.580649,0,0,0.95576,0.010704,45.994723,45.994723,0,0,0.965399
489,1-Feb-07,24:00:00,67.83474,0.009217,22.340235,22.340235,0,0,0.954162,0.009929,45.491026,45.491026,0,0,0.963918
490,2-Feb-07,24:00:00,67.171442,0.016095,22.126054,22.126054,0,0,0.95233,0.011322,45.042287,45.042287,0,0,0.962417
491,3-Feb-07,24:00:00,66.58016,0.014768,21.935129,21.935129,0,0,0.950143,0.014359,44.642265,44.642265,0,0,0.960548
492,4-Feb-07,24:00:00,66.052709,0.013892,21.764816,21.764816,0,0,0.94807,0.016529,44.285425,44.285425,0,0,0.958322
493,5-Feb-07,24:00:00,65.581834,0.018363,21.612772,21.612772,0,0,0.945773,0.020891,43.966858,43.966858,0,0,0.955778
494,6-Feb-07,24:00:00,65.161098,0.012531,21.476919,21.476919,0,0,0.943575,0.016045,43.682209,43.682209,0,0,0.953048
495,7-Feb-07,24:00:00,525.325907,0.00448,294.556739,154.495245,1.099127,0.697583,0.970897,0.006212,239.456686,125.730443,1.088365,0.751132,0.97632
496,8-Feb-07,24:00:00,2647.70,0.005516,1186.78,459.143907,1.140881,1.140881,1,0.007427,1476.34,786.10284,1.136523,1.136523,1
497,9-Feb-07,24:00:00,5512.84,0.004132,1625.16,934.334028,1.352045,1.352045,1,0.007978,3875.75,1725.93,1.275434,1.275434,1
498,10-Feb-07,24:00:00,2558.03,0.005283,836.041963,788.858807,1.323946,1.323946,1,0.008136,1721.44,1594.94,1.350385,1.350385,1
499,11-Feb-07,24:00:00,1492.78,0.019885,304.860361,302.745058,0,0,1,0.014945,1179.92,1156.38,0,0,1
500,12-Feb-07,24:00:00,926.162203,0.004097,351.51383,336.096467,0.467847,0.467847,1,0.005703,576.547475,554.578658,0.478449,0.478449,1
501,13-Feb-07,24:00:00,973.654487,0.017003,251.23393,250.719881,0,0,1,0.015611,719.358657,707.475855,0,0,1
502,14-Feb-07,24:00:00,557.532728,0.022252,168.917121,168.917121,0,0,1,0.019924,387.487275,387.434129,0,0,1
503,15-Feb-07,24:00:00,468.782103,0.025875,152.092052,152.092052,0,0,1,0.023237,316.397172,316.397172,0,0,1
504,16-Feb-07,24:00:00,421.149739,0.027555,137.191891,137.191891,0,0,1,0.021443,283.739071,283.739071,0,0,1
505,17-Feb-07,24:00:00,380.431943,0.029462,123.975692,123.975692,0,0,0.99859,0.024915,256.264442,256.264442,0,0,0.999744
506,18-Feb-07,24:00:00,344.369723,0.02883,112.253027,112.253027,0,0,0.99507,0.023028,231.947183,231.947183,0,0,0.997697
507,19-Feb-07,24:00:00,312.384207,0.028994,101.855007,101.855007,0,0,0.99071,0.023101,210.379282,210.379282,0,0,0.994411
508,20-Feb-07,24:00:00,284.012797,0.013533,92.631838,92.631838,0,0,0.987657,0.010432,191.248314,191.248314,0,0,0.992014
509,21-Feb-07,24:00:00,482.774239,0.008446,227.326414,197.512055,0.927178,0.833132,0.992786,0.007963,259.744704,238.250818,0.916248,0.853964,0.995368
510,22-Feb-07,24:00:00,5239.30,0.018261,1824.16,874.159033,1.055225,1.055225,1,0.014906,3421.39,1522.69,1.07587,1.07587,1
511,23-Feb-07,24:00:00,1055.24,0.018258,166.083541,166.083541,0,0,1,0.012481,879.326506,811.633053,0,0,1
512,24-Feb-07,24:00:00,1064.18,0.006889,535.504073,275.712052,0.901836,0.901836,1,0.007663,539.982266,398.770371,0.897952,0.897952,1
513,25-Feb-07,24:00:00,2922.81,0.016327,881.267328,721.298892,0.682609,0.682609,1,0.014857,2036.56,1344.02,0.697919,0.697919,1
514,26-Feb-07,24:00:00,1963.29,0.007097,663.758673,628.835998,1.008289,1.008289,1,0.007609,1300.64,1226.38,1.033478,1.033478,1
515,27-Feb-07,24:00:00,1459.76,0.0063,360.728552,353.775882,0.181705,0.181705,1,0.006892,1094.11,1067.17,0.185609,0.185609,1
516,28-Feb-07,24:00:00,808.959162,0.018339,219.532109,218.950902,0.01413,0.01413,1,0.013227,586.573481,582.868612,0,0,1
517,1-Mar-07,24:00:00,570.837094,0.011587,180.824246,180.819775,0,0,1,0.008274,389.38312,389.372411,0,0,1
518,2-Mar-07,24:00:00,500.413367,0.027151,161.866243,161.866243,0,0,1,0.023651,338.263358,338.263358,0,0,1
519,3-Mar-07,24:00:00,450.21491,0.027635,145.847101,145.847101,0,0,1,0.02824,304.131002,304.131002,0,0,1
520,4-Mar-07,24:00:00,406.206573,0.029254,131.638824,131.638824,0,0,0.999831,0.028489,274.359085,274.359085,0,0,0.999906
521,5-Mar-07,24:00:00,367.189895,0.026579,119.036415,119.036415,0,0,0.997703,0.022804,247.969102,247.969102,0,0,0.998156
522,6-Mar-07,24:00:00,332.583425,0.029699,107.858288,107.858288,0,0,0.993593,0.030972,224.562124,224.562124,0,0,0.994309
523,7-Mar-07,24:00:00,301.887944,0.011102,97.943393,97.943393,0,0,0.990667,0.012848,203.800364,203.800364,0,0,0.991119
524,8-Mar-07,24:00:00,274.661174,0.02765,89.148887,89.148887,0,0,0.987881,0.025546,185.384697,185.384697,0,0,0.988402
525,9-Mar-07,24:00:00,250.510869,0.016109,81.348083,81.348083,0,0,0.984737,0.012497,169.04984,169.04984,0,0,0.985715
526,10-Mar-07,24:00:00,229.08914,0.027731,74.428617,74.428617,0,0,0.981644,0.032917,154.560505,154.560505,0,0,0.98252
527,11-Mar-07,24:00:00,210.087441,0.03483,68.290833,68.290833,0,0,0.97722,0.038618,141.70801,141.70801,0,0,0.977458
528,12-Mar-07,24:00:00,193.232118,0.03583,62.846342,62.846342,0,0,0.972139,0.038307,130.307271,130.307271,0,0,0.971913
529,13-Mar-07,24:00:00,178.280462,0.030355,58.016751,58.016751,0,0,0.967388,0.036455,120.194132,120.194132,0,0,0.966532
530,14-Mar-07,24:00:00,165.017214,0.031553,53.732531,53.732531,0,0,0.963021,0.037465,111.223001,111.223001,0,0,0.961332
531,15-Mar-07,24:00:00,153.251453,0.037246,49.932014,49.932014,0,0,0.958127,0.032522,103.264746,103.264746,0,0,0.956207
532,16-Mar-07,24:00:00,142.81385,0.039759,46.560507,46.560507,0,0,0.952656,0.038719,96.204839,96.204839,0,0,0.95122
533,17-Mar-07,24:00:00,133.554225,0.028452,43.5695,43.5695,0,0,0.947741,0.041063,89.941702,89.941702,0,0,0.945575
534,18-Mar-07,24:00:00,125.339377,0.028855,40.915969,40.915969,0,0,0.943668,0.036954,84.385242,84.385242,0,0,0.939933
535,19-Mar-07,24:00:00,118.05117,0.021902,38.561755,38.561755,0,0,0.939999,0.028067,79.455553,79.455553,0,0,0.935232
536,20-Mar-07,24:00:00,111.584827,0.029947,36.473013,36.473013,0,0,0.936536,0.029662,75.081766,75.081766,0,0,0.931261
537,21-Mar-07,24:00:00,105.847415,0.045079,34.619725,34.619725,0,0,0.930975,0.034548,71.201025,71.201025,0,0,0.926549
538,22-Mar-07,24:00:00,100.756514,0.039529,32.97527,32.97527,0,0,0.924993,0.033997,67.757579,67.757579,0,0,0.921663
539,23-Mar-07,24:00:00,96.239021,0.03847,31.516032,31.516032,0,0,0.91935,0.038275,64.701984,64.701984,0,0,0.916477
540,24-Mar-07,24:00:00,92.230099,0.028458,30.221069,30.221069,0,0,0.914441,0.041856,61.990385,61.990385,0,0,0.910816
541,25-Mar-07,24:00:00,88.672243,0.028914,29.071806,29.071806,0,0,0.910373,0.022319,59.583885,59.583885,0,0,0.906084
542,26-Mar-07,24:00:00,111.907832,0.011631,38.03184,28.051768,0.294379,0,0.930657,0.016634,73.996033,57.447986,0.293263,0,0.92688
543,27-Mar-07,24:00:00,87.026016,0.031313,27.190654,27.146343,0,0,0.950364,0.025587,59.688046,55.552091,0,0,0.946367
544,28-Mar-07,24:00:00,80.224524,0.042222,26.342572,26.342572,0,0,0.950364,0.034816,53.869892,53.869061,0,0,0.946367
545,29-Mar-07,24:00:00,78.014076,0.04021,25.628958,25.628958,0,0,0.949279,0.03845,52.374828,52.374828,0,0,0.946168
546,30-Mar-07,24:00:00,76.05249,0.035639,24.995308,24.995308,0,0,0.945111,0.04369,51.048042,51.048042,0,0,0.942764
547,31-Mar-07,24:00:00,74.310468,0.038269,24.432579,24.432579,0,0,0.939733,0.043295,49.86977,49.86977,0,0,0.936472
548,1-Apr-07,24:00:00,72.76318,0.030532,23.93275,23.93275,0,0,0.934911,0.041144,48.823216,48.823216,0,0,0.930446
549,2-Apr-07,24:00:00,71.388606,0.041354,23.488709,23.488709,0,0,0.929754,0.041486,47.893487,47.893487,0,0,0.924533
550,3-Apr-07,24:00:00,70.167214,0.041021,23.094147,23.094147,0,0,0.923875,0.042526,47.067369,47.067369,0,0,0.918538
551,4-Apr-07,24:00:00,69.081679,0.030192,22.743467,22.743467,0,0,0.91878,0.038453,46.333147,46.333147,0,0,0.912645
552,5-Apr-07,24:00:00,68.116636,0.037951,22.431705,22.431705,0,0,0.913816,0.047646,45.680426,45.680426,0,0,0.906646
553,6-Apr-07,24:00:00,67.258456,0.030597,22.154461,22.154461,0,0,0.909041,0.04746,45.099988,45.099988,0,0,0.899802
554,7-Apr-07,24:00:00,66.495052,0.023014,21.907828,21.907828,0,0,0.905224,0.02785,44.583658,44.583658,0,0,0.894509
555,8-Apr-07,24:00:00,65.815702,0.042597,21.688345,21.688345,0,0,0.90055,0.042287,44.124183,44.124183,0,0,0.889461
556,9-Apr-07,24:00:00,65.210896,0.04765,21.492939,21.492939,0,0,0.894276,0.039675,43.71513,43.71513,0,0,0.883503
557,10-Apr-07,24:00:00,64.672199,0.047868,21.318885,21.318885,0,0,0.887081,0.041195,43.350796,43.350796,0,0,0.877767
558,11-Apr-07,24:00:00,77.903739,0.027461,24.64575,21.163767,0.102282,0,0.892911,0.022196,53.301984,43.026118,0.165456,0,0.890389
559,12-Apr-07,24:00:00,65.205593,0.04528,21.026427,21.025441,0,0,0.8983,0.036331,44.130878,42.736608,0,0,0.898359
560,13-Apr-07,24:00:00,63.382079,0.043304,20.902006,20.902006,0,0,0.89789,0.042378,42.478286,42.478286,0,0,0.898359
561,14-Apr-07,24:00:00,63.040991,0.025955,20.791775,20.791775,0,0,0.897067,0.027699,42.247619,42.247619,0,0,0.898359
562,15-Apr-07,24:00:00,62.736156,0.048941,20.693252,20.693252,0,0,0.897067,0.040572,42.041476,42.041476,0,0,0.898359
563,16-Apr-07,24:00:00,62.463467,0.052827,20.605111,20.605111,0,0,0.893659,0.050504,41.857077,41.857077,0,0,0.896233
564,17-Apr-07,24:00:00,62.219278,0.038052,20.526175,20.526175,0,0,0.887075,0.032974,41.691958,41.691958,0,0,0.890752
565,18-Apr-07,24:00:00,62.000358,0.041502,20.455399,20.455399,0,0,0.881414,0.033936,41.543932,41.543932,0,0,0.885967
566,19-Apr-07,24:00:00,62.589372,0.014166,21.096703,20.391856,0.11665,0,0.878302,0.017685,41.504672,41.411061,0.081738,0,0.88279
567,20-Apr-07,24:00:00,70.452278,0.038637,23.602128,20.334727,0,0,0.892995,0.037847,46.841177,41.291624,0,0,0.892681
568,21-Apr-07,24:00:00,129.442699,0.013329,57.305961,30.403878,1.09103,0.341995,0.922152,0.011136,73.786896,47.54615,1.137394,0.386162,0.923965
569,22-Apr-07,24:00:00,861.15991,0.026466,304.353405,286.549694,0.221814,0.221814,1,0.030187,557.711324,492.543644,0.17017,0.17017,1
570,23-Apr-07,24:00:00,243.554023,0.046526,45.638145,45.638145,0,0,1,0.045066,195.864422,194.923963,0,0,1
571,24-Apr-07,24:00:00,134.122013,0.042708,42.17846,42.17846,0,0,0.999167,0.045858,91.759581,91.759581,0,0,0.998896
572,25-Apr-07,24:00:00,120.59272,0.04408,39.65375,39.65375,0,0,0.994982,0.042123,80.897669,80.897669,0,0,0.99414
573,26-Apr-07,24:00:00,113.557661,0.050078,37.413833,37.413833,0,0,0.987846,0.046706,76.11225,76.11225,0,0,0.987712
574,27-Apr-07,24:00:00,107.505963,0.054173,35.426423,35.426423,0,0,0.980533,0.052941,72.051682,72.051682,0,0,0.980613
575,28-Apr-07,24:00:00,102.142131,0.051575,33.662962,33.662962,0,0,0.972956,0.052996,68.454449,68.454449,0,0,0.97302
576,29-Apr-07,24:00:00,97.382595,0.032437,32.098124,32.098124,0,0,0.967011,0.052757,65.262529,65.262529,0,0,0.965516
577,30-Apr-07,24:00:00,93.158849,0.052513,30.709444,30.709444,0,0,0.961006,0.057484,62.429928,62.429928,0,0,0.957803
578,1-May-07,24:00:00,89.410291,0.039743,29.476998,29.476998,0,0,0.954212,0.024317,59.916002,59.916002,0,0,0.951546
579,2-May-07,24:00:00,86.083176,0.040872,28.383117,28.383117,0,0,0.951383,0.030577,57.684708,57.684708,0,0,0.949938
580,3-May-07,24:00:00,83.129835,0.035503,27.412126,27.412126,0,0,0.948909,0.030081,55.704078,55.704078,0,0,0.948834
581,4-May-07,24:00:00,80.507989,0.04068,26.550125,26.550125,0,0,0.94394,0.037198,53.945758,53.945758,0,0,0.944944
582,5-May-07,24:00:00,78.18014,0.055942,25.784786,25.784786,0,0,0.936925,0.046091,52.384603,52.384603,0,0,0.938947
583,6-May-07,24:00:00,76.113029,0.066783,25.105172,25.105172,0,0,0.928224,0.056514,50.998307,50.998307,0,0,0.931679
584,7-May-07,24:00:00,74.277161,0.067912,24.501587,24.501587,0,0,0.918243,0.058105,49.767089,49.767089,0,0,0.923427
585,8-May-07,24:00:00,72.64637,0.057408,23.965428,23.965428,0,0,0.909489,0.058607,48.673403,48.673403,0,0,0.915158
586,9-May-07,24:00:00,71.197454,0.03939,23.489065,23.489065,0,0,0.902666,0.056602,47.701689,47.701689,0,0,0.906897
587,10-May-07,24:00:00,69.909832,0.032522,23.065732,23.065732,0,0,0.897496,0.044842,46.838143,46.838143,0,0,0.899837
588,11-May-07,24:00:00,68.765248,0.031818,22.689427,22.689427,0,0,0.892936,0.053678,46.070525,46.070525,0,0,0.892657
589,12-May-07,24:00:00,67.747515,0.0449,22.354827,22.354827,0,0,0.887389,0.031797,45.387976,45.387976,0,0,0.886581
590,13-May-07,24:00:00,66.84227,0.051594,22.057211,22.057211,0,0,0.880476,0.054566,44.780867,44.780867,0,0,0.880403
591,14-May-07,24:00:00,66.036779,0.049628,21.792392,21.792392,0,0,0.873176,0.05897,44.240657,44.240657,0,0,0.872332
592,15-May-07,24:00:00,65.319745,0.034501,21.556654,21.556654,0,0,0.867334,0.05798,43.759769,43.759769,0,0,0.863927
593,16-May-07,24:00:00,64.681149,0.053019,21.346704,21.346704,0,0,0.861208,0.055976,43.331484,43.331484,0,0,0.855853
594,17-May-07,24:00:00,64.112104,0.05151,21.159621,21.159621,0,0,0.853509,0.058664,42.949844,42.949844,0,0,0.847685
595,18-May-07,24:00:00,63.604727,0.04765,20.992812,20.992812,0,0,0.846519,0.056845,42.609562,42.609562,0,0,0.839394
596,19-May-07,24:00:00,63.152029,0.061025,20.843979,20.843979,0,0,0.838876,0.056277,42.305949,42.305949,0,0,0.831377
597,20-May-07,24:00:00,62.747807,0.065172,20.711083,20.711083,0,0,0.829916,0.054776,42.034847,42.034847,0,0,0.823191
598,21-May-07,24:00:00,62.386562,0.067699,20.592316,20.592316,0,0,0.82045,0.057465,41.792568,41.792568,0,0,0.815393
599,22-May-07,24:00:00,62.063416,0.068408,20.486074,20.486074,0,0,0.810626,0.058758,41.57584,41.57584,0,0,0.80698
600,23-May-07,24:00:00,61.774042,0.075104,20.390935,20.390935,0,0,0.799936,0.059499,41.381761,41.381761,0,0,0.798527
601,24-May-07,24:00:00,61.514601,0.057484,20.305636,20.305636,0,0,0.790738,0.061287,41.207758,41.207758,0,0,0.789922
602,25-May-07,24:00:00,61.28169,0.045386,20.229058,20.229058,0,0,0.783428,0.063618,41.051547,41.051547,0,0,0.781073
603,26-May-07,24:00:00,61.072289,0.03999,20.160209,20.160209,0,0,0.777387,0.060289,40.911104,40.911104,0,0,0.772119
604,27-May-07,24:00:00,60.88372,0.040017,20.098208,20.098208,0,0,0.771729,0.058411,40.784632,40.784632,0,0,0.763675
605,28-May-07,24:00:00,60.713606,0.052341,20.042273,20.042273,0,0,0.764953,0.063212,40.670538,40.670538,0,0,0.755058
606,29-May-07,24:00:00,60.559841,0.037233,19.991713,19.991713,0,0,0.75865,0.059051,40.56741,40.56741,0,0,0.746329
607,30-May-07,24:00:00,60.420555,0.033106,19.945911,19.945911,0,0,0.753646,0.044611,40.473992,40.473992,0,0,0.73881
608,31-May-07,24:00:00,60.29409,0.037051,19.904324,19.904324,0,0,0.748654,0.046876,40.389174,40.389174,0,0,0.732484
609,1-Jun-07,24:00:00,60.178976,0.034874,19.866467,19.866467,0,0,0.743538,0.060313,40.311968,40.311968,0,0,0.724711
610,2-Jun-07,24:00:00,60.073906,0.038852,19.831912,19.831912,0,0,0.738292,0.060632,40.2415,40.2415,0,0,0.716109
611,3-Jun-07,24:00:00,59.977725,0.044332,19.800278,19.800278,0,0,0.732266,0.060399,40.176994,40.176994,0,0,0.707362
612,4-Jun-07,24:00:00,59.889404,0.04671,19.771228,19.771228,0,0,0.725676,0.043061,40.11776,40.11776,0,0,0.699829
613,5-Jun-07,24:00:00,59.808034,0.057352,19.744461,19.744461,0,0,0.718446,0.054397,40.063189,40.063189,0,0,0.692905
614,6-Jun-07,24:00:00,59.732805,0.056709,19.719712,19.719712,0,0,0.710216,0.042211,40.012737,40.012737,0,0,0.686103
615,7-Jun-07,24:00:00,59.663002,0.058798,19.696746,19.696746,0,0,0.701842,0.05721,39.965925,39.965925,0,0,0.679052
616,8-Jun-07,24:00:00,59.597987,0.056213,19.675353,19.675353,0,0,0.693709,0.060538,39.922325,39.922325,0,0,0.670691
617,9-Jun-07,24:00:00,59.537198,0.05726,19.655349,19.655349,0,0,0.685594,0.063173,39.88156,39.88156,0,0,0.661819
618,10-Jun-07,24:00:00,59.480132,0.06668,19.636567,19.636567,0,0,0.677021,0.059485,39.843293,39.843293,0,0,0.653151
619,11-Jun-07,24:00:00,59.426345,0.062221,19.618862,19.618862,0,0,0.667527,0.062658,39.807226,39.807226,0,0,0.644406
620,12-Jun-07,24:00:00,59.375444,0.065405,19.602105,19.602105,0,0,0.658465,0.068121,39.773095,39.773095,0,0,0.635126
621,13-Jun-07,24:00:00,59.327078,0.073272,19.586181,19.586181,0,0,0.648564,0.071018,39.740666,39.740666,0,0,0.625147
622,14-Jun-07,24:00:00,59.280938,0.075057,19.570987,19.570987,0,0,0.637779,0.069796,39.709729,39.709729,0,0,0.615083
623,15-Jun-07,24:00:00,59.236747,0.0721,19.556433,19.556433,0,0,0.627207,0.068954,39.680102,39.680102,0,0,0.605111
624,16-Jun-07,24:00:00,59.194261,0.046038,19.542438,19.542438,0,0,0.619082,0.064726,39.651618,39.651618,0,0,0.595604
625,17-Jun-07,24:00:00,59.153263,0.063249,19.528931,19.528931,0,0,0.611213,0.064862,39.624133,39.624133,0,0,0.58629
626,18-Jun-07,24:00:00,59.11356,0.06346,19.51585,19.51585,0,0,0.602098,0.068018,39.597518,39.597518,0,0,0.576804
627,19-Jun-07,24:00:00,59.074982,0.03767,19.503137,19.503137,0,0,0.594921,0.065443,39.571658,39.571658,0,0,0.567339
628,20-Jun-07,24:00:00,59.037376,0.041253,19.490742,19.490742,0,0,0.589339,0.053464,39.546451,39.546451,0,0,0.55894
629,21-Jun-07,24:00:00,59.000608,0.063887,19.478622,19.478622,0,0,0.58193,0.067491,39.521807,39.521807,0,0,0.550234
630,22-Jun-07,24:00:00,58.964558,0.065184,19.466737,19.466737,0,0,0.572626,0.064563,39.497645,39.497645,0,0,0.540745
631,23-Jun-07,24:00:00,58.929119,0.072755,19.455052,19.455052,0,0,0.563011,0.067682,39.473895,39.473895,0,0,0.53145
632,24-Jun-07,24:00:00,58.894198,0.069116,19.443536,19.443536,0,0,0.552768,0.062001,39.450492,39.450492,0,0,0.521982
633,25-Jun-07,24:00:00,58.85971,0.067286,19.432162,19.432162,0,0,0.542867,0.064982,39.42738,39.42738,0,0,0.512961
634,26-Jun-07,24:00:00,58.825581,0.060781,19.420904,19.420904,0,0,0.533637,0.0693,39.404511,39.404511,0,0,0.503437
635,27-Jun-07,24:00:00,58.791745,0.06182,19.409742,19.409742,0,0,0.524966,0.069355,39.381838,39.381838,0,0,0.493545
636,28-Jun-07,24:00:00,58.758143,0.057171,19.398656,19.398656,0,0,0.516348,0.059203,39.359323,39.359323,0,0,0.484204
637,29-Jun-07,24:00:00,58.724722,0.054026,19.387628,19.387628,0,0,0.508476,0.055019,39.336931,39.336931,0,0,0.476098
638,30-Jun-07,24:00:00,58.691437,0.059672,19.376644,19.376644,0,0,0.500353,0.062041,39.31463,39.31463,0,0,0.467772
639,1-Jul-07,24:00:00,58.658245,0.060794,19.36569,19.36569,0,0,0.491782,0.065589,39.292393,39.292393,0,0,0.458808
640,2-Jul-07,24:00:00,58.625111,0.066851,19.354753,19.354753,0,0,0.482745,0.066143,39.270195,39.270195,0,0,0.449343
641,3-Jul-07,24:00:00,58.592,0.066765,19.343824,19.343824,0,0,0.473169,0.069369,39.248014,39.248014,0,0,0.439584
642,4-Jul-07,24:00:00,58.558885,0.068826,19.332892,19.332892,0,0,0.463474,0.07195,39.225831,39.225831,0,0,0.429484
643,5-Jul-07,24:00:00,58.52574,0.069492,19.321949,19.321949,0,0,0.453601,0.073106,39.203628,39.203628,0,0,0.419112
644,6-Jul-07,24:00:00,58.49254,0.052454,19.310987,19.310987,0,0,0.444689,0.070851,39.18139,39.18139,0,0,0.408898
645,7-Jul-07,24:00:00,58.459267,0.053328,19.3,19.3,0,0,0.437332,0.065276,39.159103,39.159103,0,0,0.3991
646,8-Jul-07,24:00:00,58.4259,0.055555,19.288982,19.288982,0,0,0.429429,0.071118,39.136754,39.136754,0,0,0.389454
647,9-Jul-07,24:00:00,58.392425,0.044661,19.277927,19.277927,0,0,0.422325,0.066509,39.114334,39.114334,0,0,0.379656
648,10-Jul-07,24:00:00,58.358827,0.040937,19.266831,19.266831,0,0,0.416206,0.067916,39.091831,39.091831,0,0,0.370084
649,11-Jul-07,24:00:00,58.325092,0.028737,19.255689,19.255689,0,0,0.41126,0.054794,39.069238,39.069238,0,0,0.361067
650,12-Jul-07,24:00:00,58.29121,0.053814,19.244497,19.244497,0,0,0.4053,0.058609,39.046546,39.046546,0,0,0.352994
651,13-Jul-07,24:00:00,58.257169,0.059362,19.233253,19.233253,0,0,0.397214,0.059329,39.023749,39.023749,0,0,0.344538
652,14-Jul-07,24:00:00,58.222961,0.052269,19.221952,19.221952,0,0,0.38939,0.067248,39.000841,39.000841,0,0,0.335804
653,15-Jul-07,24:00:00,58.188578,0.062609,19.210593,19.210593,0,0,0.381323,0.065224,38.977815,38.977815,0,0,0.326128
654,16-Jul-07,24:00:00,58.154011,0.056975,19.199174,19.199174,0,0,0.372489,0.06063,38.954668,38.954668,0,0,0.317198
655,17-Jul-07,24:00:00,58.119255,0.053862,19.18769,19.18769,0,0,0.364496,0.053034,38.931394,38.931394,0,0,0.308836
656,18-Jul-07,24:00:00,58.084303,0.050921,19.176142,19.176142,0,0,0.357124,0.041702,38.907989,38.907989,0,0,0.302242
657,19-Jul-07,24:00:00,58.049151,0.05991,19.164527,19.164527,0,0,0.349205,0.058626,38.884451,38.884451,0,0,0.29509
658,20-Jul-07,24:00:00,58.013794,0.05647,19.152844,19.152844,0,0,0.340824,0.059178,38.860776,38.860776,0,0,0.286638
659,21-Jul-07,24:00:00,57.978227,0.057817,19.141091,19.141091,0,0,0.332681,0.06193,38.836961,38.836961,0,0,0.278015
660,22-Jul-07,24:00:00,57.942446,0.05821,19.129267,19.129267,0,0,0.324586,0.067385,38.813004,38.813004,0,0,0.268851
661,23-Jul-07,24:00:00,57.906449,0.07525,19.117371,19.117371,0,0,0.315379,0.070281,38.788902,38.788902,0,0,0.259031
662,24-Jul-07,24:00:00,57.870233,0.056009,19.105402,19.105402,0,0,0.305645,0.065349,38.764653,38.764653,0,0,0.249263
663,25-Jul-07,24:00:00,57.833794,0.043025,19.093359,19.093359,0,0,0.298597,0.061609,38.740256,38.740256,0,0,0.240141
664,26-Jul-07,24:00:00,57.79713,0.042299,19.081241,19.081241,0,0,0.292539,0.063672,38.715709,38.715709,0,0,0.231253
665,27-Jul-07,24:00:00,57.760239,0.048054,19.069048,19.069048,0,0,0.286039,0.063876,38.69101,38.69101,0,0,0.222137
666,28-Jul-07,24:00:00,57.723119,0.056232,19.056779,19.056779,0,0,0.278665,0.067467,38.666158,38.666158,0,0,0.212797
667,29-Jul-07,24:00:00,57.685768,0.055901,19.044433,19.044433,0,0,0.270596,0.066073,38.641152,38.641152,0,0,0.203304
668,30-Jul-07,24:00:00,57.648186,0.054958,19.03201,19.03201,0,0,0.262673,0.067749,38.615991,38.615991,0,0,0.193745
669,31-Jul-07,24:00:00,57.610369,0.05449,19.019509,19.019509,0,0,0.254628,0.070361,38.590674,38.590674,0,0,0.183916
670,1-Aug-07,24:00:00,57.572318,0.04558,19.006931,19.006931,0,0,0.247649,0.068341,38.5652,38.5652,0,0,0.173976
671,2-Aug-07,24:00:00,57.53403,0.041808,18.994274,18.994274,0,0,0.241412,0.064013,38.539568,38.539568,0,0,0.164451
672,3-Aug-07,24:00:00,57.495506,0.050285,18.981539,18.981539,0,0,0.234853,0.064706,38.513778,38.513778,0,0,0.155273
673,4-Aug-07,24:00:00,57.456744,0.061383,18.968724,18.968724,0,0,0.226839,0.064671,38.487829,38.487829,0,0,0.146034
674,5-Aug-07,24:00:00,57.417743,0.034857,18.955831,18.955831,0,0,0.219949,0.053972,38.46172,38.46172,0,0,0.137422
675,6-Aug-07,24:00:00,57.378503,0.023756,18.942858,18.942858,0,0,0.215711,0.042722,38.435452,38.435452,0,0,0.130687
676,7-Aug-07,24:00:00,57.339022,0.041622,18.929805,18.929805,0,0,0.211152,0.050131,38.409023,38.409023,0,0,0.124041
677,8-Aug-07,24:00:00,57.299302,0.040782,18.916673,18.916673,0,0,0.205252,0.058366,38.382433,38.382433,0,0,0.1162
678,9-Aug-07,24:00:00,57.25934,0.041157,18.903461,18.903461,0,0,0.199433,0.060695,38.355683,38.355683,0,0,0.107754
679,10-Aug-07,24:00:00,57.219137,0.055318,18.890169,18.890169,0,0,0.192412,0.060966,38.328771,38.328771,0,0,0.099052
680,11-Aug-07,24:00:00,57.178692,0.050536,18.876796,18.876796,0,0,0.184904,0.056634,38.301698,38.301698,0,0,0.09059
681,12-Aug-07,24:00:00,57.138006,0.047498,18.863344,18.863344,0,0,0.178025,0.056638,38.274462,38.274462,0,0,0.082557
682,13-Aug-07,24:00:00,57.097077,0.054453,18.849811,18.849811,0,0,0.170578,0.05691,38.247065,38.247065,0,0,0.074409
683,14-Aug-07,24:00:00,57.055906,0.051,18.836197,18.836197,0,0,0.163121,0.057267,38.219506,38.219506,0,0,0.066256
684,15-Aug-07,24:00:00,57.014493,0.050509,18.822504,18.822504,0,0,0.155881,0.060052,38.191785,38.191785,0,0,0.057905
685,16-Aug-07,24:00:00,56.972837,0.062235,18.80873,18.80873,0,0,0.148031,0.055212,38.163902,38.163902,0,0,0.04972
686,17-Aug-07,24:00:00,56.930938,0.067256,18.794875,18.794875,0,0,0.138868,0.057466,38.135857,38.135857,0,0,0.041681
687,18-Aug-07,24:00:00,56.888797,0.054792,18.780941,18.780941,0,0,0.12976,0.055162,38.107649,38.107649,0,0,0.033525
688,19-Aug-07,24:00:00,56.846413,0.051319,18.766925,18.766925,0,0,0.122123,0.042592,38.079279,38.079279,0,0,0.026533
689,20-Aug-07,24:00:00,56.803786,0.038389,18.75283,18.75283,0,0,0.115898,0.059498,38.050747,38.050747,0,0,0.019326
690,21-Aug-07,24:00:00,56.760917,0.054293,18.738654,18.738654,0,0,0.109248,0.059783,38.022053,38.022053,0,0,0.010772
691,22-Aug-07,24:00:00,56.717806,0.058147,18.724398,18.724398,0,0,0.101133,0.055756,37.993196,37.993196,0,0,0.002956
692,23-Aug-07,24:00:00,56.674452,0.053027,18.710061,18.710061,0,0,0.093133,0.059295,37.964178,37.964178,0,0,0
693,24-Aug-07,24:00:00,56.630856,0.042154,18.695644,18.695644,0,0,0.086404,0.058064,37.934997,37.934997,0,0,0
694,25-Aug-07,24:00:00,56.587018,0.037634,18.681147,18.681147,0,0,0.080739,0.054274,37.905655,37.905655,0,0,0
695,26-Aug-07,24:00:00,56.542939,0.036111,18.66657,18.66657,0,0,0.075444,0.053394,37.876152,37.876152,0,0,0
696,27-Aug-07,24:00:00,56.498618,0.043877,18.651914,18.651914,0,0,0.069791,0.055066,37.846486,37.846486,0,0,0
697,28-Aug-07,24:00:00,56.454055,0.054011,18.637177,18.637177,0,0,0.062759,0.0574,37.81666,37.81666,0,0,0
698,29-Aug-07,24:00:00,56.409252,0.058114,18.62236,18.62236,0,0,0.054767,0.058133,37.786672,37.786672,0,0,0
699,30-Aug-07,24:00:00,56.364208,0.057455,18.607464,18.607464,0,0,0.046476,0.060549,37.756523,37.756523,0,0,0
700,31-Aug-07,24:00:00,56.318924,0.053839,18.592488,18.592488,0,0,0.038466,0.055182,37.726214,37.726214,0,0,0
701,1-Sep-07,24:00:00,56.2734,0.05717,18.577433,18.577433,0,0,0.030629,0.058842,37.695744,37.695744,0,0,0
702,2-Sep-07,24:00:00,56.227636,0.057051,18.562298,18.562298,0,0,0.022467,0.055755,37.665113,37.665113,0,0,0
703,3-Sep-07,24:00:00,56.181633,0.053658,18.547084,18.547084,0,0,0.014499,0.059327,37.634323,37.634323,0,0,0
704,4-Sep-07,24:00:00,56.135391,0.052309,18.531791,18.531791,0,0,0.007012,0.048601,37.603373,37.603373,0,0,0
705,5-Sep-07,24:00:00,56.08891,0.056375,18.516419,18.516419,0,0,0.001228,0.050015,37.572263,37.572263,0,0,0
706,6-Sep-07,24:00:00,56.042192,0.049428,18.500969,18.500969,0,0,0,0.058593,37.540994,37.540994,0,0,0
707,7-Sep-07,24:00:00,55.995236,0.021881,18.485439,18.485439,0,0,0,0.036948,37.509566,37.509566,0,0,0
708,8-Sep-07,24:00:00,55.948042,0.031083,18.469831,18.469831,0,0,0,0.04734,37.477979,37.477979,0,0,0
709,9-Sep-07,24:00:00,55.900612,0.027213,18.454145,18.454145,0,0,0,0.047651,37.446234,37.446234,0,0,0
710,10-Sep-07,24:00:00,55.852946,0.040567,18.438381,18.438381,0,0,0,0.04692,37.414331,37.414331,0,0,0
711,11-Sep-07,24:00:00,55.805045,0.03738,18.422539,18.422539,0,0,0,0.046964,37.38227,37.38227,0,0,0
712,12-Sep-07,24:00:00,55.756908,0.023716,18.406619,18.406619,0,0,0,0.039891,37.350052,37.350052,0,0,0
713,13-Sep-07,24:00:00,55.708536,0.03779,18.390621,18.390621,0,0,0,0.036784,37.317677,37.317677,0,0,0
714,14-Sep-07,24:00:00,55.65993,0.031501,18.374546,18.374546,0,0,0,0.036718,37.285146,37.285146,0,0,0
715,15-Sep-07,24:00:00,55.611091,0.031542,18.358393,18.358393,0,0,0,0.026875,37.252458,37.252458,0,0,0
716,16-Sep-07,24:00:00,55.562019,0.04201,18.342164,18.342164,0,0,0,0.042933,37.219614,37.219614,0,0,0
717,17-Sep-07,24:00:00,55.512715,0.033373,18.325858,18.325858,0,0,0,0.044169,37.186615,37.186615,0,0,0
718,18-Sep-07,24:00:00,55.463179,0.040081,18.309475,18.309475,0,0,0,0.043519,37.153461,37.153461,0,0,0
719,19-Sep-07,24:00:00,55.413412,0.041866,18.293015,18.293015,0,0,0,0.035742,37.120152,37.120152,0,0,0
720,20-Sep-07,24:00:00,55.363414,0.022031,18.27648,18.27648,0,0,0,0.031786,37.086689,37.086689,0,0,0
721,21-Sep-07,24:00:00,55.313186,0.037972,18.259868,18.259868,0,0,0,0.036249,37.053072,37.053072,0,0,0
722,22-Sep-07,24:00:00,55.26273,0.012931,18.243181,18.243181,0,0,0,0.016488,37.019301,37.019301,0,0,0
723,23-Sep-07,24:00:00,55.212045,0.028002,18.226418,18.226418,0,0,0,0.034986,36.985378,36.985378,0,0,0
724,24-Sep-07,24:00:00,55.161131,0.040889,18.209579,18.209579,0,0,0,0.0373,36.951302,36.951302,0,0,0
725,25-Sep-07,24:00:00,55.109991,0.040366,18.192666,18.192666,0,0,0,0.036983,36.917074,36.917074,0,0,0
726,26-Sep-07,24:00:00,55.058625,0.044948,18.175678,18.175678,0,0,0,0.036993,36.882695,36.882695,0,0,0
727,27-Sep-07,24:00:00,55.007032,0.042322,18.158615,18.158615,0,0,0,0.040748,36.848164,36.848164,0,0,0
728,28-Sep-07,24:00:00,54.955215,0.025038,18.141477,18.141477,0,0,0,0.02638,36.813483,36.813483,0,0,0
729,29-Sep-07,24:00:00,54.903173,0.040342,18.124266,18.124266,0,0,0,0.032744,36.778652,36.778652,0,0,0
730,30-Sep-07,24:00:00,54.850908,0.038851,18.10698,18.10698,0,0,0,0.034125,36.743671,36.743671,0,0,0
731,1-Oct-07,24:00:00,54.79842,0.034104,18.089621,18.089621,0,0,0,0.032682,36.708541,36.708541,0,0,0
732,2-Oct-07,24:00:00,54.74571,0.03947,18.072189,18.072189,0,0,0,0.037121,36.673262,36.673262,0,0,0
733,3-Oct-07,24:00:00,54.692779,0.042759,18.054684,18.054684,0,0,0,0.039724,36.637835,36.637835,0,0,0
734,4-Oct-07,24:00:00,54.639627,0.035116,18.037105,18.037105,0,0,0,0.029991,36.602261,36.602261,0,0,0
735,5-Oct-07,24:00:00,54.586256,0.031121,18.019454,18.019454,0,0,0,0.027935,36.56654,36.56654,0,0,0
736,6-Oct-07,24:00:00,54.532666,0.036278,18.001731,18.001731,0,0,0,0.028791,36.530672,36.530672,0,0,0
737,7-Oct-07,24:00:00,54.478858,0.034968,17.983936,17.983936,0,0,0,0.034401,36.494658,36.494658,0,0,0
738,8-Oct-07,24:00:00,54.424833,0.035068,17.966068,17.966068,0,0,0,0.038263,36.458499,36.458499,0,0,0
739,9-Oct-07,24:00:00,63.736682,0.012202,25.119913,17.94813,0.891745,0,0.009289,0.011839,38.905636,36.422195,0.859594,0,0.009402
740,10-Oct-07,24:00:00,150.730021,0.022147,47.392986,17.93012,0.18408,0,0.153001,0.015499,103.10418,36.385746,0.141305,0,0.142565
741,11-Oct-07,24:00:00,55.711975,0.023471,17.912039,17.912039,0,0,0.153689,0.017935,37.74397,36.349154,0,0,0.142985
742,12-Oct-07,24:00:00,97.358045,0.009533,33.406852,17.893888,0.457603,0,0.190084,0.012375,64.142304,36.312419,0.477395,0,0.182807
743,13-Oct-07,24:00:00,60.252984,0.025414,17.945302,17.875666,0,0,0.219061,0.024623,42.116783,36.275541,0,0,0.211185
744,14-Oct-07,24:00:00,54.098156,0.018406,17.857374,17.857374,0,0,0.219061,0.02947,36.239669,36.238521,0,0,0.211185
745,15-Oct-07,24:00:00,54.040645,0.010869,17.839012,17.839012,0,0,0.219061,0.012507,36.20136,36.20136,0,0,0.211185
746,16-Oct-07,24:00:00,55.143905,0.006707,18.979573,17.820581,0.034908,0,0.22109,0.01107,36.164058,36.164058,0,0,0.211185
747,17-Oct-07,24:00:00,53.95869,0.021912,17.831799,17.802081,0,0,0.224048,0.015084,36.126616,36.126616,0,0,0.211185
748,18-Oct-07,24:00:00,53.872822,0.011473,17.783512,17.783512,0,0,0.224048,0.007827,36.089034,36.089034,0,0,0.211185
749,19-Oct-07,24:00:00,88.260133,0.008282,30.516058,17.764874,0.387896,0,0.24607,0.009814,58.098755,36.051313,0.468452,0,0.239133
750,20-Oct-07,24:00:00,65.512747,0.027108,18.203863,17.746168,0,0,0.279462,0.022333,46.959049,36.013454,0,0,0.278107
751,21-Oct-07,24:00:00,53.757098,0.033515,17.727395,17.727395,0,0,0.279462,0.02355,36.023917,35.975457,0,0,0.278107
752,22-Oct-07,24:00:00,53.646156,0.027296,17.708553,17.708553,0,0,0.279462,0.023812,35.937323,35.937323,0,0,0.278107
753,23-Oct-07,24:00:00,53.588977,0.024728,17.689644,17.689644,0,0,0.278602,0.024181,35.899052,35.899052,0,0,0.278107
754,24-Oct-07,24:00:00,53.531596,0.022576,17.670668,17.670668,0,0,0.275933,0.023741,35.860645,35.860645,0,0,0.276828
755,25-Oct-07,24:00:00,53.474012,0.025824,17.651626,17.651626,0,0,0.272508,0.024639,35.822104,35.822104,0,0,0.273678
756,26-Oct-07,24:00:00,53.416228,0.013905,17.632517,17.632517,0,0,0.269691,0.014906,35.783427,35.783427,0,0,0.270916
757,27-Oct-07,24:00:00,53.358244,0.013779,17.613342,17.613342,0,0,0.267749,0.019885,35.744617,35.744617,0,0,0.268419
758,28-Oct-07,24:00:00,53.300061,0.0247,17.594101,17.594101,0,0,0.26492,0.022637,35.705673,35.705673,0,0,0.265315
759,29-Oct-07,24:00:00,53.241679,0.012074,17.574795,17.574795,0,0,0.26234,0.01697,35.666597,35.666597,0,0,0.262466
760,30-Oct-07,24:00:00,53.183101,0.008477,17.555424,17.555424,0,0,0.260848,0.014925,35.627389,35.627389,0,0,0.260273
761,31-Oct-07,24:00:00,53.124327,0.010357,17.535989,17.535989,0,0,0.25952,0.01881,35.588049,35.588049,0,0,0.25784
762,1-Nov-07,24:00:00,53.065357,0.017989,17.516488,17.516488,0,0,0.257493,0.022099,35.548579,35.548579,0,0,0.254907
763,2-Nov-07,24:00:00,53.006194,0.024309,17.496924,17.496924,0,0,0.254469,0.019618,35.508979,35.508979,0,0,0.251894
764,3-Nov-07,24:00:00,52.946838,0.022543,17.477296,17.477296,0,0,0.251118,0.019569,35.46925,35.46925,0,0,0.249106
765,4-Nov-07,24:00:00,52.887289,0.019554,17.457605,17.457605,0,0,0.248055,0.01905,35.429392,35.429392,0,0,0.246345
766,5-Nov-07,24:00:00,52.82755,0.021734,17.43785,17.43785,0,0,0.24514,0.01907,35.389406,35.389406,0,0,0.243618
767,6-Nov-07,24:00:00,52.76762,0.013355,17.418033,17.418033,0,0,0.242676,0.018342,35.349292,35.349292,0,0,0.240945
768,7-Nov-07,24:00:00,52.707502,0.015389,17.398154,17.398154,0,0,0.240631,0.018188,35.309053,35.309053,0,0,0.238329
769,8-Nov-07,24:00:00,52.647196,0.007299,17.378212,17.378212,0,0,0.238965,0.011914,35.268687,35.268687,0,0,0.236287
770,9-Nov-07,24:00:00,52.586703,0.017344,17.358209,17.358209,0,0,0.237171,0.013171,35.228196,35.228196,0,0,0.234426
771,10-Nov-07,24:00:00,71.402551,0.003365,27.298578,17.338145,0.437841,0,0.249742,0.006042,44.427534,35.187581,0.382873,0,0.246026
772,11-Nov-07,24:00:00,83.975886,0.021859,25.393488,17.318019,0.091807,0,0.3112,0.018288,58.27647,35.146842,0.081884,0,0.299366
773,12-Nov-07,24:00:00,52.833715,0.015489,17.297833,17.297833,0,0,0.311474,0.008842,35.517244,35.105979,0,0,0.29961
774,13-Nov-07,24:00:00,52.342883,0.02024,17.277587,17.277587,0,0,0.311474,0.012797,35.064995,35.064995,0,0,0.29961
775,14-Nov-07,24:00:00,52.281471,0.019647,17.257281,17.257281,0,0,0.311474,0.016099,35.023889,35.023889,0,0,0.29961
776,15-Nov-07,24:00:00,52.219879,0.016813,17.236915,17.236915,0,0,0.311474,0.015193,34.982661,34.982661,0,0,0.29961
777,16-Nov-07,24:00:00,52.158107,0.010018,17.21649,17.21649,0,0,0.311237,0.017704,34.941314,34.941314,0,0,0.29961
778,17-Nov-07,24:00:00,52.096157,0.00865,17.196006,17.196006,0,0,0.310304,0.015035,34.899847,34.899847,0,0,0.29939
779,18-Nov-07,24:00:00,52.03403,0.009263,17.175464,17.175464,0,0,0.309017,0.00616,34.858261,34.858261,0,0,0.298649
780,19-Nov-07,24:00:00,51.971727,0.014929,17.154863,17.154863,0,0,0.307385,0.014588,34.816557,34.816557,0,0,0.297135
781,20-Nov-07,24:00:00,51.909248,0.015657,17.134205,17.134205,0,0,0.305059,0.013589,34.774736,34.774736,0,0,0.295127
782,21-Nov-07,24:00:00,51.846596,0.01491,17.113489,17.113489,0,0,0.302909,0.013182,34.732799,34.732799,0,0,0.29321
783,22-Nov-07,24:00:00,51.78377,0.015099,17.092716,17.092716,0,0,0.300751,0.013126,34.690745,34.690745,0,0,0.291329
784,23-Nov-07,24:00:00,51.720773,0.027233,17.071887,17.071887,0,0,0.297726,0.013276,34.648576,34.648576,0,0,0.289456
785,24-Nov-07,24:00:00,51.657604,0.013259,17.051001,17.051001,0,0,0.294869,0.011593,34.606293,34.606293,0,0,0.287655
786,25-Nov-07,24:00:00,51.594267,0.012405,17.030059,17.030059,0,0,0.292967,0.013264,34.563896,34.563896,0,0,0.285895
787,26-Nov-07,24:00:00,51.53076,0.013118,17.009062,17.009062,0,0,0.291162,0.012247,34.521386,34.521386,0,0,0.284064
788,27-Nov-07,24:00:00,51.467086,0.018573,16.988009,16.988009,0,0,0.289044,0.014692,34.478764,34.478764,0,0,0.282159
789,28-Nov-07,24:00:00,51.403246,0.015311,16.966902,16.966902,0,0,0.286444,0.012218,34.43603,34.43603,0,0,0.280233
790,29-Nov-07,24:00:00,51.339241,0.018387,16.94574,16.94574,0,0,0.284206,0.015265,34.393186,34.393186,0,0,0.27831
791,30-Nov-07,24:00:00,51.275071,0.014467,16.924524,16.924524,0,0,0.281689,0.013103,34.350232,34.350232,0,0,0.276269
792,1-Dec-07,24:00:00,51.210739,0.013477,16.903254,16.903254,0,0,0.279782,0.011642,34.307168,34.307168,0,0,0.274491
793,2-Dec-07,24:00:00,65.374313,0.008221,24.736959,16.881931,0.266984,0,0.288606,0.005845,40.941172,34.263996,0.328786,0,0.283006
794,3-Dec-07,24:00:00,90.098172,0.015576,31.538146,16.860555,1.244316,0,0.33208,0.009505,58.911673,34.220716,1.170111,0,0.338166
795,4-Dec-07,24:00:00,196.791946,0.005842,61.224619,16.839126,0.453838,0,0.55374,0.009546,135.009242,34.17733,0.410649,0,0.540928
796,5-Dec-07,24:00:00,53.535347,0.01381,16.817645,16.817645,0,0,0.558821,0.015237,36.620369,34.133837,0,0,0.545857
797,6-Dec-07,24:00:00,65.42267,0.003579,24.883195,16.796112,0.516335,0,0.568966,0.003922,40.86367,34.090238,0.51737,0,0.557238
798,7-Dec-07,24:00:00,94.317613,0.017944,28.205235,16.774528,0.05683,0,0.640395,0.015217,65.811756,34.046535,0.037041,0,0.624948
799,8-Dec-07,24:00:00,51.346021,0.0242,16.752892,16.752892,0,0,0.640702,0.013363,34.568521,34.002728,0,0,0.625058
800,9-Dec-07,24:00:00,50.690346,0.014268,16.731206,16.731206,0,0,0.640702,0.009524,33.958818,33.958818,0,0,0.625058
801,10-Dec-07,24:00:00,50.624597,0.015116,16.709469,16.709469,0,0,0.640702,0.010907,33.914805,33.914805,0,0,0.625058
802,11-Dec-07,24:00:00,50.558696,0.025527,16.687682,16.687682,0,0,0.640702,0.01027,33.87069,33.87069,0,0,0.625058
803,12-Dec-07,24:00:00,50.492645,0.009925,16.665846,16.665846,0,0,0.640284,0.009917,33.826475,33.826475,0,0,0.625058
804,13-Dec-07,24:00:00,50.426444,0.010719,16.64396,16.64396,0,0,0.638996,0.010225,33.782159,33.782159,0,0,0.625058
805,14-Dec-07,24:00:00,50.360095,0.01115,16.622026,16.622026,0,0,0.637451,0.010075,33.737744,33.737744,0,0,0.625058
806,15-Dec-07,24:00:00,50.293599,0.005869,16.600043,16.600043,0,0,0.636231,0.003622,33.69323,33.69323,0,0,0.625058
807,16-Dec-07,24:00:00,67.098771,0.007941,29.226069,16.578011,0.587644,0,0.649361,0.006693,38.219103,33.648618,0.41172,0,0.633989
808,17-Dec-07,24:00:00,91.006507,0.004917,30.695166,16.555932,0.577024,0,0.726959,0.004568,60.17853,33.60391,0.43174,0,0.68969
809,18-Dec-07,24:00:00,837.780253,0.007139,628.495942,277.383774,2.013731,0.621587,0.961174,0.005742,210.208899,63.981596,1.866094,0.084962,0.933434
810,19-Dec-07,24:00:00,400.022297,0.004723,255.24499,131.700085,0.631027,0.631027,1,0.004631,148.143048,111.024811,0.596147,0.596147,1
811,20-Dec-07,24:00:00,2649.97,0.01575,979.536748,516.938487,0.451287,0.451287,1,0.012145,1671.20,867.882292,0.447769,0.447769,1
812,21-Dec-07,24:00:00,450.993283,0.010384,88.4327,88.4327,0,0,1,0.009025,357.839846,340.79458,0,0,1
813,22-Dec-07,24:00:00,215.044023,0.006126,78.909492,78.909492,0,0,1,0.008492,135.758891,135.758891,0,0,1
814,23-Dec-07,24:00:00,185.657215,0.010879,71.8236,71.8236,0,0,1,0.00413,113.750818,113.750818,0,0,1
815,24-Dec-07,24:00:00,169.811789,0.016407,65.536674,65.536674,0,0,1,0.02255,104.212253,104.212253,0,0,1
816,25-Dec-07,24:00:00,156.148129,0.011194,59.958154,59.958154,0,0,1,0.010255,96.134552,96.134552,0,0,1
817,26-Dec-07,24:00:00,144.034413,0.018161,55.007932,55.007932,0,0,1,0.014955,88.977307,88.977307,0,0,1
818,27-Dec-07,24:00:00,138.141663,0.009929,54.672786,53.739057,0.10585,0.10585,1,0.005763,83.510709,83.35336,0.036014,0.036014,1
819,28-Dec-07,24:00:00,228.404086,0.004071,116.143575,111.528358,0.129669,0.129669,1,0.00362,112.561404,109.653254,0.124664,0.124664,1
820,29-Dec-07,24:00:00,352.829188,0.003652,140.630475,135.472128,0.078914,0.078914,1,0.004051,212.398518,202.705666,0.02296,0.02296,1
821,30-Dec-07,24:00:00,163.683728,0.014635,53.586949,53.586949,0,0,1,0.013552,109.555782,109.361509,0,0,1
822,31-Dec-07,24:00:00,128.667511,0.011059,49.150687,49.150687,0,0,1,0.009682,79.442189,79.442189,0,0,1
823,1-Jan-08,24:00:00,118.372013,0.010805,45.407435,45.407435,0,0,1,0.009835,72.927845,72.927845,0,0,1
824,2-Jan-08,24:00:00,124.235016,0.011198,54.022331,47.037767,0.265619,0.265619,1,0.016627,70.4495,70.069721,0.226408,0.226408,1
825,3-Jan-08,24:00:00,7239.27,0.004177,4909.24,966.078969,2.4,2.4,1,0.005975,2367.51,1113.53,2.4,2.4,1
826,4-Jan-08,24:00:00,11039.77,0.008037,2752.55,1181.62,1.734273,1.734273,1,0.010216,8273.42,2475.86,2.043375,2.043375,1
827,5-Jan-08,24:00:00,2837.49,0.006512,498.339328,483.275855,0.335508,0.335508,1,0.006632,2323.51,1871.30,0.521193,0.521193,1
828,6-Jan-08,24:00:00,1241.11,0.006823,305.211982,299.671962,0.151941,0.151941,1,0.005813,931.124444,914.760921,0.087507,0.087507,1
829,7-Jan-08,24:00:00,748.796955,0.008845,213.43436,210.648226,0.290799,0.290799,1,0.006849,533.960636,531.330629,0.220192,0.220192,1
830,8-Jan-08,24:00:00,2047.17,0.002561,884.171435,686.526849,0.778001,0.778001,1,0.004293,1169.59,1096.92,0.955452,0.955452,1
831,9-Jan-08,24:00:00,1251.72,0.004834,323.743686,311.148234,0.44959,0.44959,1,0.004977,923.54007,908.161976,0.321767,0.321767,1
832,10-Jan-08,24:00:00,1144.18,0.004385,319.364801,316.64733,0,0,1,0.004212,823.853874,799.50266,0.129325,0.129325,1
833,11-Jan-08,24:00:00,677.777695,0.005783,187.226486,187.226486,0,0,1,0.006409,488.658602,487.969121,0,0,1
834,12-Jan-08,24:00:00,540.381848,0.007815,167.779107,167.779107,0,0,1,0.005132,372.184587,372.184587,0,0,1
835,13-Jan-08,24:00:00,480.727193,0.007828,150.59285,150.59285,0,0,1,0.01078,329.861372,329.861372,0,0,1
836,14-Jan-08,24:00:00,431.617157,0.005352,135.347767,135.347767,0,0,1,0.010726,296.032436,296.032436,0,0,1
837,15-Jan-08,24:00:00,388.201389,0.010111,121.824357,121.824357,0,0,1,0.012451,266.16786,266.16786,0,0,1
838,16-Jan-08,24:00:00,349.693127,0.035328,109.827945,109.827945,0,0,1,0.02869,239.680322,239.680322,0,0,1
839,17-Jan-08,24:00:00,315.532922,0.017187,99.185872,99.185872,0,0,1,0.017159,216.183588,216.183588,0,0,1
840,18-Jan-08,24:00:00,285.228975,0.014018,89.745002,89.745002,0,0,0.999531,0.0131,195.339363,195.339363,0,0,0.999439
841,19-Jan-08,24:00:00,258.345228,0.013815,81.369514,81.369514,0,0,0.997932,0.012887,176.847723,176.847723,0,0,0.997854
842,20-Jan-08,24:00:00,234.494939,0.011948,73.938948,73.938948,0,0,0.996141,0.011073,160.442664,160.442664,0,0,0.996184
843,21-Jan-08,24:00:00,276.096102,0.005455,130.107461,124.376665,0.170523,0.136953,0.998841,0.006215,145.888258,145.888258,0,0,0.99534
844,22-Jan-08,24:00:00,208.262582,0.008178,75.198373,75.122425,0,0,1,0.007462,132.97526,132.97526,0,0,0.99534
845,23-Jan-08,24:00:00,183.558294,0.007922,61.96137,61.96137,0,0,1,0.007742,121.518081,121.518081,0,0,0.99534
846,24-Jan-08,24:00:00,194.386983,0.006145,82.964955,81.231348,0.05091,0.05091,1,0.005841,111.352121,111.352121,0,0,0.99534
847,25-Jan-08,24:00:00,4809.92,0.008227,2609.76,611.634975,1.893857,1.893857,1,0.008817,2234.47,557.256768,1.857665,1.825046,0.998932
848,26-Jan-08,24:00:00,7898.53,0.015893,2261.23,812.957014,0.75,0.75,1,0.016003,5614.00,1928.99,0.807706,0.807706,1
849,27-Jan-08,24:00:00,2236.05,0.011317,791.385945,743.420112,1.47195,1.47195,1,0.00739,1442.69,1296.25,1.273915,1.273915,1
850,28-Jan-08,24:00:00,1400.77,0.011478,328.444238,326.286325,0,0,1,0.007008,1065.83,1042.08,0,0,1
851,29-Jan-08,24:00:00,876.074578,0.004655,329.093336,318.024931,0.329149,0.329149,1,0.005135,547.740008,531.961384,0.300721,0.300721,1
852,30-Jan-08,24:00:00,757.390778,0.010131,209.419335,209.279352,0,0,1,0.005487,545.613773,539.990156,0,0,1
853,31-Jan-08,24:00:00,2064.64,0.003597,915.600197,580.214876,1.173714,1.173714,1,0.005624,1161.26,674.915589,1.196579,1.196579,1
854,1-Feb-08,24:00:00,1690.95,0.00815,340.298196,333.514029,0,0,1,0.006704,1340.06,1130.76,0,0,1
855,2-Feb-08,24:00:00,1181.21,0.004157,534.564481,496.013824,1.360542,1.360542,1,0.005958,650.738927,618.219872,1.096789,1.096789,1
856,3-Feb-08,24:00:00,1946.43,0.013834,646.855457,632.292957,0.199195,0.199195,1,0.014454,1296.68,1246.09,0.085264,0.085264,1
857,4-Feb-08,24:00:00,755.28479,0.022293,214.842189,214.842189,0,0,1,0.018187,537.157974,536.382833,0,0,1
858,5-Feb-08,24:00:00,556.329431,0.017535,191.697579,191.697579,0,0,1,0.015733,364.149575,364.149575,0,0,1
859,6-Feb-08,24:00:00,492.281941,0.015974,171.757737,171.757737,0,0,1,0.013025,320.256898,320.256898,0,0,1
860,7-Feb-08,24:00:00,441.634633,0.019295,154.071088,154.071088,0,0,1,0.016259,287.333819,287.333819,0,0,1
861,8-Feb-08,24:00:00,396.9381,0.020119,138.382782,138.382782,0,0,0.999533,0.017987,258.352578,258.352578,0,0,1
862,9-Feb-08,24:00:00,357.298002,0.01913,124.46687,124.46687,0,0,0.997466,0.017902,232.651942,232.651942,0,0,0.999208
863,10-Feb-08,24:00:00,322.135768,0.017412,112.122953,112.122953,0,0,0.994883,0.017689,209.854356,209.854356,0,0,0.997029
864,11-Feb-08,24:00:00,290.944888,0.022148,101.173292,101.173292,0,0,0.992062,0.020563,189.631403,189.631403,0,0,0.994269
865,12-Feb-08,24:00:00,263.276316,0.02305,91.460248,91.460248,0,0,0.988858,0.021086,171.691982,171.691982,0,0,0.991325
866,13-Feb-08,24:00:00,238.731793,0.025921,82.844005,82.844005,0,0,0.98562,0.020844,155.777914,155.777914,0,0,0.988296
867,14-Feb-08,24:00:00,216.958098,0.028506,75.20056,75.20056,0,0,0.981248,0.018755,141.660214,141.660214,0,0,0.9855
868,15-Feb-08,24:00:00,197.641955,0.022057,68.419928,68.419928,0,0,0.977846,0.01969,129.135788,129.135788,0,0,0.982747
869,16-Feb-08,24:00:00,180.505513,0.017327,62.404565,62.404565,0,0,0.975088,0.021633,118.02451,118.02451,0,0,0.979821
870,17-Feb-08,24:00:00,165.302343,0.011299,57.067953,57.067953,0,0,0.973009,0.022179,108.166619,108.166619,0,0,0.976694
871,18-Feb-08,24:00:00,151.813882,0.00948,52.333359,52.333359,0,0,0.971516,0.012035,99.420422,99.420422,0,0,0.974291
872,19-Feb-08,24:00:00,139.846284,0.007167,48.132727,48.132727,0,0,0.970267,0.0073,91.660245,91.660245,0,0,0.972794
873,20-Feb-08,24:00:00,129.227621,0.017299,44.405695,44.405695,0,0,0.968567,0.018388,84.774626,84.774626,0,0,0.971044
874,21-Feb-08,24:00:00,174.73904,0.004749,86.714384,75.213586,0.349112,0.119406,0.982647,0.008069,88.141141,78.664706,0.204613,0,0.981529
875,22-Feb-08,24:00:00,143.085112,0.016448,64.716998,64.329632,0,0,1,0.014266,78.174815,73.242805,0,0,0.998619
876,23-Feb-08,24:00:00,453.594355,0.010059,260.170481,232.626676,1.062798,1.062798,1,0.008495,198.920392,173.178861,1.025053,1.015386,0.999281
877,24-Feb-08,24:00:00,6627.11,0.01116,2189.62,1091.14,1.686057,1.686057,1,0.009707,4452.69,1714.40,1.728514,1.728514,1
878,25-Feb-08,24:00:00,1842.93,0.021377,244.378402,241.671205,0,0,1,0.019805,1580.47,1222.71,0,0,1
879,26-Feb-08,24:00:00,508.496132,0.023634,142.569119,142.569119,0,0,1,0.021182,363.794245,363.707596,0,0,1
880,27-Feb-08,24:00:00,387.078767,0.02663,128.127278,128.127278,0,0,1,0.027303,258.658922,258.658922,0,0,1
881,28-Feb-08,24:00:00,345.379002,0.028571,115.344186,115.344186,0,0,0.999906,0.025149,229.854566,229.854566,0,0,1
882,29-Feb-08,24:00:00,311.377918,0.013852,104.005451,104.005451,0,0,0.998781,0.027715,207.215873,207.215873,0,0,0.998537
883,1-Mar-08,24:00:00,281.319758,0.027672,93.947765,93.947765,0,0,0.995907,0.019858,187.233535,187.233535,0,0,0.995403
884,2-Mar-08,24:00:00,254.660131,0.036958,85.026288,85.026288,0,0,0.991292,0.027243,169.511295,169.511295,0,0,0.992075
885,3-Mar-08,24:00:00,231.011881,0.029788,77.11256,77.11256,0,0,0.986469,0.028249,153.790812,153.790812,0,0,0.988134
886,4-Mar-08,24:00:00,210.034451,0.029687,70.092645,70.092645,0,0,0.982171,0.030065,139.845693,139.845693,0,0,0.984005
887,5-Mar-08,24:00:00,191.425871,0.030241,63.865491,63.865491,0,0,0.97794,0.021992,127.475218,127.475218,0,0,0.980121
888,6-Mar-08,24:00:00,174.918318,0.025872,58.341473,58.341473,0,0,0.973834,0.022463,116.501365,116.501365,0,0,0.976993
889,7-Mar-08,24:00:00,160.27426,0.026626,53.4411,53.4411,0,0,0.970075,0.027567,106.766242,106.766242,0,0,0.973469
890,8-Mar-08,24:00:00,147.283022,0.029749,49.093869,49.093869,0,0,0.96613,0.031066,98.129812,98.129812,0,0,0.969326
891,9-Mar-08,24:00:00,135.757754,0.029087,45.23725,45.23725,0,0,0.962006,0.032492,90.46787,90.46787,0,0,0.964794
892,10-Mar-08,24:00:00,125.532735,0.028187,41.815784,41.815784,0,0,0.957806,0.029841,83.670259,83.670259,0,0,0.960242
893,11-Mar-08,24:00:00,116.460983,0.029226,38.78028,38.78028,0,0,0.953671,0.030108,77.639273,77.639273,0,0,0.955995
894,12-Mar-08,24:00:00,108.412136,0.022439,36.087113,36.087113,0,0,0.950089,0.024827,72.288258,72.288258,0,0,0.952001
895,13-Mar-08,24:00:00,101.270574,0.024074,33.697588,33.697588,0,0,0.94667,0.022145,67.540356,67.540356,0,0,0.948699
896,14-Mar-08,24:00:00,94.933749,0.017995,31.577386,31.577386,0,0,0.944509,0.011643,63.3274,63.3274,0,0,0.946922
897,15-Mar-08,24:00:00,89.310711,0.02373,29.696068,29.696068,0,0,0.944278,0.024054,59.588931,59.588931,0,0,0.946827
898,16-Mar-08,24:00:00,84.32079,0.039298,28.026638,28.026638,0,0,0.944278,0.028119,56.271324,56.271324,0,0,0.946827
899,17-Mar-08,24:00:00,79.89244,0.036394,26.545151,26.545151,0,0,0.944278,0.033178,53.32702,53.32702,0,0,0.944576
900,18-Mar-08,24:00:00,75.962205,0.031611,25.23037,25.23037,0,0,0.943259,0.031357,50.713836,50.713836,0,0,0.939915
901,19-Mar-08,24:00:00,72.473801,0.019813,24.06346,24.06346,0,0,0.940449,0.017442,48.394358,48.394358,0,0,0.936446
902,20-Mar-08,24:00:00,69.377309,0.034355,23.027713,23.027713,0,0,0.936581,0.030696,46.335402,46.335402,0,0,0.933047
903,21-Mar-08,24:00:00,66.628456,0.034373,22.108312,22.108312,0,0,0.931632,0.032341,44.507536,44.507536,0,0,0.928514
904,22-Mar-08,24:00:00,64.187971,0.038939,21.292114,21.292114,0,0,0.926459,0.03792,42.884656,42.884656,0,0,0.923599
905,23-Mar-08,24:00:00,62.021024,0.034486,20.567464,20.567464,0,0,0.921208,0.037929,41.44361,41.44361,0,0,0.91815
906,24-Mar-08,24:00:00,60.096723,0.036207,19.924022,19.924022,0,0,0.916094,0.035696,40.163861,40.163861,0,0,0.912798
907,25-Mar-08,24:00:00,58.387669,0.02544,19.352619,19.352619,0,0,0.9118,0.025185,39.027195,39.027195,0,0,0.908477
908,26-Mar-08,24:00:00,56.869559,0.027245,18.845121,18.845121,0,0,0.90794,0.01288,38.017457,38.017457,0,0,0.905766
909,27-Mar-08,24:00:00,55.520838,0.033317,18.394314,18.394314,0,0,0.903679,0.026799,37.120319,37.120319,0,0,0.903025
910,28-Mar-08,24:00:00,57.131424,0.015601,20.802837,17.993799,0.096682,0,0.903504,0.011039,36.323071,36.323071,0,0,0.900278
911,29-Mar-08,24:00:00,57.401511,0.0206,20.22424,17.637902,0.06176,0,0.919061,0.024356,37.178462,35.61444,0.024757,0,0.902146
912,30-Mar-08,24:00:00,52.498618,0.035848,17.321588,17.321588,0,0,0.921818,0.030917,35.166566,34.984429,0,0,0.903251
913,31-Mar-08,24:00:00,51.468441,0.034632,17.040392,17.040392,0,0,0.921818,0.033689,34.424168,34.424168,0,0,0.903251
914,1-Apr-08,24:00:00,50.7196,0.033965,16.790355,16.790355,0,0,0.920357,0.035529,33.925791,33.925791,0,0,0.901891
915,2-Apr-08,24:00:00,50.053359,0.033175,16.567963,16.567963,0,0,0.916111,0.040171,33.482321,33.482321,0,0,0.897273
916,3-Apr-08,24:00:00,49.460408,0.032893,16.370101,16.370101,0,0,0.911403,0.041032,33.087569,33.087569,0,0,0.891467
917,4-Apr-08,24:00:00,48.93249,0.031082,16.194005,16.194005,0,0,0.906823,0.030701,32.736046,32.736046,0,0,0.886349
918,5-Apr-08,24:00:00,48.462279,0.036365,16.037223,16.037223,0,0,0.901928,0.03632,32.422883,32.422883,0,0,0.88152
919,6-Apr-08,24:00:00,48.043277,0.032563,15.89758,15.89758,0,0,0.897175,0.022205,32.143759,32.143759,0,0,0.877483
920,7-Apr-08,24:00:00,47.669721,0.037337,15.773148,15.773148,0,0,0.892014,0.036368,31.894844,31.894844,0,0,0.873201
921,8-Apr-08,24:00:00,47.336497,0.033477,15.662216,15.662216,0,0,0.88704,0.032947,31.672738,31.672738,0,0,0.868223
922,9-Apr-08,24:00:00,47.039071,0.040149,15.563265,15.563265,0,0,0.881783,0.037768,31.474428,31.474428,0,0,0.863166
923,10-Apr-08,24:00:00,46.773419,0.04476,15.474949,15.474949,0,0,0.875683,0.042461,31.297237,31.297237,0,0,0.85748
924,11-Apr-08,24:00:00,46.535971,0.048109,15.396074,15.396074,0,0,0.869046,0.045387,31.138795,31.138795,0,0,0.851168
925,12-Apr-08,24:00:00,46.323562,0.050323,15.325579,15.325579,0,0,0.86201,0.048052,30.996996,30.996996,0,0,0.844496
926,13-Apr-08,24:00:00,46.133383,0.05215,15.262525,15.262525,0,0,0.854699,0.053788,30.869973,30.869973,0,0,0.837393
927,14-Apr-08,24:00:00,45.96294,0.041973,15.206078,15.206078,0,0,0.848052,0.03475,30.756069,30.756069,0,0,0.830905
928,15-Apr-08,24:00:00,45.810024,0.046151,15.155497,15.155497,0,0,0.841768,0.038304,30.653814,30.653814,0,0,0.825695
929,16-Apr-08,24:00:00,45.672672,0.049224,15.110126,15.110126,0,0,0.834885,0.044151,30.561904,30.561904,0,0,0.819825
930,17-Apr-08,24:00:00,45.549143,0.051462,15.069382,15.069382,0,0,0.827695,0.050309,30.479183,30.479183,0,0,0.813121
931,18-Apr-08,24:00:00,45.437894,0.036315,15.032749,15.032749,0,0,0.82149,0.049108,30.404624,30.404624,0,0,0.806061
932,19-Apr-08,24:00:00,45.337553,0.043798,14.999768,14.999768,0,0,0.815786,0.037729,30.337314,30.337314,0,0,0.799671
933,20-Apr-08,24:00:00,45.246904,0.035842,14.970031,14.970031,0,0,0.809986,0.025236,30.276447,30.276447,0,0,0.795251
934,21-Apr-08,24:00:00,45.164868,0.037915,14.943177,14.943177,0,0,0.80467,0.036485,30.221304,30.221304,0,0,0.790824
935,22-Apr-08,24:00:00,52.880448,0.023608,20.509242,14.918886,0.19382,0,0.807099,0.02261,32.498267,30.171249,0.105294,0,0.789887
936,23-Apr-08,24:00:00,51.198767,0.031442,15.906586,14.896874,0,0,0.826375,0.028599,35.167427,30.125716,0,0,0.800065
937,24-Apr-08,24:00:00,45.022399,0.045492,14.876886,14.876886,0,0,0.826375,0.041997,30.142183,30.084204,0,0,0.800065
938,25-Apr-08,24:00:00,44.905233,0.048785,14.858699,14.858699,0,0,0.824915,0.048546,30.046267,30.046267,0,0,0.799066
939,26-Apr-08,24:00:00,44.853869,0.058379,14.842114,14.842114,0,0,0.818764,0.054306,30.011509,30.011509,0,0,0.793599
940,27-Apr-08,24:00:00,44.80676,0.059249,14.826955,14.826955,0,0,0.810306,0.056264,29.97958,29.97958,0,0,0.785658
941,28-Apr-08,24:00:00,44.763438,0.055694,14.813063,14.813063,0,0,0.802319,0.05313,29.950167,29.950167,0,0,0.777884
942,29-Apr-08,24:00:00,44.723485,0.042007,14.800299,14.800299,0,0,0.795144,0.031979,29.922994,29.922994,0,0,0.771732
943,30-Apr-08,24:00:00,44.686532,0.05212,14.78854,14.78854,0,0,0.788352,0.042247,29.897814,29.897814,0,0,0.766378
944,1-May-08,24:00:00,44.652249,0.052275,14.777675,14.777675,0,0,0.780828,0.049059,29.874408,29.874408,0,0,0.760004
945,2-May-08,24:00:00,44.620344,0.042653,14.767606,14.767606,0,0,0.773987,0.048859,29.852583,29.852583,0,0,0.752969
946,3-May-08,24:00:00,44.590557,0.048997,14.758247,14.758247,0,0,0.767502,0.051085,29.832165,29.832165,0,0,0.745789
947,4-May-08,24:00:00,44.562657,0.043919,14.749519,14.749519,0,0,0.760854,0.044744,29.813001,29.813001,0,0,0.738868
948,5-May-08,24:00:00,44.536438,0.038937,14.741355,14.741355,0,0,0.754904,0.062348,29.794954,29.794954,0,0,0.731453
949,6-May-08,24:00:00,44.511718,0.046629,14.733693,14.733693,0,0,0.748998,0.063224,29.777903,29.777903,0,0,0.722503
950,7-May-08,24:00:00,44.488333,0.050996,14.726478,14.726478,0,0,0.741849,0.050259,29.76174,29.76174,0,0,0.714136
951,8-May-08,24:00:00,44.46614,0.049127,14.719662,14.719662,0,0,0.734686,0.049676,29.746368,29.746368,0,0,0.707044
952,9-May-08,24:00:00,44.445008,0.052869,14.713201,14.713201,0,0,0.727476,0.053393,29.731701,29.731701,0,0,0.699764
953,10-May-08,24:00:00,44.424823,0.052457,14.707058,14.707058,0,0,0.719915,0.056188,29.717664,29.717664,0,0,0.691994
954,11-May-08,24:00:00,44.405483,0.055655,14.701198,14.701198,0,0,0.71279,0.055659,29.704187,29.704187,0,0,0.684107
955,12-May-08,24:00:00,44.386895,0.068997,14.69559,14.69559,0,0,0.703477,0.055631,29.691211,29.691211,0,0,0.675841
956,13-May-08,24:00:00,44.368979,0.06464,14.690207,14.690207,0,0,0.69372,0.059533,29.678682,29.678682,0,0,0.667852
957,14-May-08,24:00:00,44.351661,0.064587,14.685024,14.685024,0,0,0.685005,0.055687,29.666549,29.666549,0,0,0.659394
958,15-May-08,24:00:00,44.334877,0.083802,14.68002,14.68002,0,0,0.673227,0.068681,29.654771,29.654771,0,0,0.650564
959,16-May-08,24:00:00,44.318567,0.069364,14.675175,14.675175,0,0,0.663087,0.069201,29.643309,29.643309,0,0,0.640888
960,17-May-08,24:00:00,44.302681,0.063642,14.670472,14.670472,0,0,0.653508,0.072798,29.632128,29.632128,0,0,0.630821
961,18-May-08,24:00:00,44.287171,0.049895,14.665894,14.665894,0,0,0.645396,0.066693,29.621197,29.621197,0,0,0.620703
962,19-May-08,24:00:00,44.271995,0.04256,14.661429,14.661429,0,0,0.638869,0.061093,29.610488,29.610488,0,0,0.611498
963,20-May-08,24:00:00,44.257116,0.056271,14.657063,14.657063,0,0,0.632248,0.060203,29.599976,29.599976,0,0,0.602987
964,21-May-08,24:00:00,44.2425,0.068288,14.652785,14.652785,0,0,0.622984,0.059683,29.589639,29.589639,0,0,0.594292
965,22-May-08,24:00:00,44.228116,0.072063,14.648584,14.648584,0,0,0.612715,0.053866,29.579457,29.579457,0,0,0.586005
966,23-May-08,24:00:00,44.213937,0.050099,14.644453,14.644453,0,0,0.603834,0.052059,29.569411,29.569411,0,0,0.57861
967,24-May-08,24:00:00,44.199938,0.014407,14.640381,14.640381,0,0,0.599344,0.019804,29.559485,29.559485,0,0,0.573474
968,25-May-08,24:00:00,44.186098,0.045675,14.636362,14.636362,0,0,0.595123,0.047578,29.549663,29.549663,0,0,0.568617
969,26-May-08,24:00:00,44.172394,0.035053,14.632389,14.632389,0,0,0.589343,0.041804,29.539934,29.539934,0,0,0.562186
970,27-May-08,24:00:00,44.15881,0.033657,14.628456,14.628456,0,0,0.584604,0.034729,29.530283,29.530283,0,0,0.556798
971,28-May-08,24:00:00,44.145329,0.035567,14.624557,14.624557,0,0,0.579553,0.033244,29.520701,29.520701,0,0,0.551996
972,29-May-08,24:00:00,44.131934,0.036766,14.620687,14.620687,0,0,0.574484,0.041559,29.511177,29.511177,0,0,0.546657
973,30-May-08,24:00:00,44.118613,0.042218,14.616841,14.616841,0,0,0.56884,0.05467,29.501702,29.501702,0,0,0.539725
974,31-May-08,24:00:00,44.105352,0.037046,14.613015,14.613015,0,0,0.563219,0.055043,29.492267,29.492267,0,0,0.532127
975,1-Jun-08,24:00:00,44.09214,0.054133,14.609206,14.609206,0,0,0.556585,0.058622,29.482865,29.482865,0,0,0.523862
976,2-Jun-08,24:00:00,44.078966,0.062725,14.605408,14.605408,0,0,0.548532,0.065148,29.473489,29.473489,0,0,0.515295
977,3-Jun-08,24:00:00,44.065821,0.061859,14.60162,14.60162,0,0,0.53972,0.04528,29.464132,29.464132,0,0,0.507209
978,4-Jun-08,24:00:00,44.052694,0.070617,14.597838,14.597838,0,0,0.529888,0.056026,29.454787,29.454787,0,0,0.499825
979,5-Jun-08,24:00:00,44.039578,0.070962,14.594059,14.594059,0,0,0.520036,0.059045,29.44545,29.44545,0,0,0.491653
980,6-Jun-08,24:00:00,44.026465,0.073208,14.590281,14.590281,0,0,0.50963,0.055886,29.436115,29.436115,0,0,0.483404
981,7-Jun-08,24:00:00,44.013347,0.06835,14.586501,14.586501,0,0,0.499268,0.060345,29.426778,29.426778,0,0,0.475265
982,8-Jun-08,24:00:00,44.000218,0.067232,14.582716,14.582716,0,0,0.489679,0.065384,29.417433,29.417433,0,0,0.466296
983,9-Jun-08,24:00:00,43.987071,0.08107,14.578925,14.578925,0,0,0.47953,0.07106,29.408077,29.408077,0,0,0.45669
984,10-Jun-08,24:00:00,43.9739,0.087123,14.575126,14.575126,0,0,0.467213,0.066224,29.398705,29.398705,0,0,0.446597
985,11-Jun-08,24:00:00,43.960699,0.072936,14.571316,14.571316,0,0,0.455358,0.062898,29.389314,29.389314,0,0,0.437434
986,12-Jun-08,24:00:00,43.947464,0.073531,14.567494,14.567494,0,0,0.44526,0.063592,29.379901,29.379901,0,0,0.428379
987,13-Jun-08,24:00:00,43.934189,0.061855,14.563659,14.563659,0,0,0.435476,0.068545,29.370461,29.370461,0,0,0.418999
988,14-Jun-08,24:00:00,43.92087,0.041472,14.559808,14.559808,0,0,0.428191,0.062565,29.360992,29.360992,0,0,0.409627
989,15-Jun-08,24:00:00,43.907501,0.045446,14.555939,14.555939,0,0,0.422067,0.066695,29.351491,29.351491,0,0,0.400464
990,16-Jun-08,24:00:00,43.894078,0.0502,14.552053,14.552053,0,0,0.415197,0.068347,29.341955,29.341955,0,0,0.390769
991,17-Jun-08,24:00:00,43.880598,0.070281,14.548146,14.548146,0,0,0.407002,0.07573,29.332381,29.332381,0,0,0.380691
992,18-Jun-08,24:00:00,43.867056,0.073203,14.544218,14.544218,0,0,0.396527,0.069083,29.322767,29.322767,0,0,0.370243
993,19-Jun-08,24:00:00,43.853449,0.069337,14.540268,14.540268,0,0,0.386134,0.069385,29.31311,29.31311,0,0,0.360281
994,20-Jun-08,24:00:00,43.839773,0.068127,14.536294,14.536294,0,0,0.376218,0.06727,29.303407,29.303407,0,0,0.350395
995,21-Jun-08,24:00:00,43.826024,0.075207,14.532295,14.532295,0,0,0.366158,0.074688,29.293657,29.293657,0,0,0.340418
996,22-Jun-08,24:00:00,43.812199,0.057678,14.52827,14.52827,0,0,0.356532,0.069188,29.283857,29.283857,0,0,0.330121
997,23-Jun-08,24:00:00,43.798295,0.050772,14.524218,14.524218,0,0,0.348789,0.060637,29.274004,29.274004,0,0,0.320995
998,24-Jun-08,24:00:00,43.784308,0.060389,14.520137,14.520137,0,0,0.340848,0.053768,29.264098,29.264098,0,0,0.312873
999,25-Jun-08,24:00:00,43.770236,0.056165,14.516027,14.516027,0,0,0.332456,0.052678,29.254136,29.254136,0,0,0.305193
1000,26-Jun-08,24:00:00,43.756076,0.05568,14.511887,14.511887,0,0,0.324474,0.044055,29.244115,29.244115,0,0,0.298035
1001,27-Jun-08,24:00:00,43.741824,0.054749,14.507715,14.507715,0,0,0.316512,0.065278,29.234034,29.234034,0,0,0.290257
1002,28-Jun-08,24:00:00,43.727478,0.039704,14.503511,14.503511,0,0,0.309976,0.065946,29.223892,29.223892,0,0,0.281024
1003,29-Jun-08,24:00:00,43.713035,0.046542,14.499274,14.499274,0,0,0.303826,0.063524,29.213685,29.213685,0,0,0.271726
1004,30-Jun-08,24:00:00,43.698493,0.047721,14.495003,14.495003,0,0,0.297077,0.060674,29.203414,29.203414,0,0,0.262741
1005,1-Jul-08,24:00:00,43.683849,0.046202,14.490697,14.490697,0,0,0.290473,0.063014,29.193075,29.193075,0,0,0.253925
1006,2-Jul-08,24:00:00,43.6691,0.053006,14.486355,14.486355,0,0,0.28338,0.067237,29.182668,29.182668,0,0,0.24471
1007,3-Jul-08,24:00:00,43.654244,0.059439,14.481977,14.481977,0,0,0.275164,0.061274,29.17219,29.17219,0,0,0.235476
1008,4-Jul-08,24:00:00,43.639279,0.059313,14.477561,14.477561,0,0,0.266653,0.064533,29.161641,29.161641,0,0,0.226362
1009,5-Jul-08,24:00:00,43.624203,0.063177,14.473106,14.473106,0,0,0.258067,0.066086,29.151018,29.151018,0,0,0.217166
1010,6-Jul-08,24:00:00,43.609012,0.065217,14.468613,14.468613,0,0,0.248846,0.068738,29.14032,29.14032,0,0,0.207544
1011,7-Jul-08,24:00:00,43.593705,0.070457,14.46408,14.46408,0,0,0.239202,0.061131,29.129546,29.129546,0,0,0.198078
1012,8-Jul-08,24:00:00,43.57828,0.07307,14.459507,14.459507,0,0,0.228971,0.075135,29.118694,29.118694,0,0,0.18864
1013,9-Jul-08,24:00:00,43.562735,0.066741,14.454892,14.454892,0,0,0.218851,0.065695,29.107763,29.107763,0,0,0.178306
1014,10-Jul-08,24:00:00,43.547067,0.060646,14.450235,14.450235,0,0,0.209686,0.070021,29.096751,29.096751,0,0,0.168761
1015,11-Jul-08,24:00:00,43.531275,0.050085,14.445536,14.445536,0,0,0.201676,0.064293,29.085657,29.085657,0,0,0.159199
1016,12-Jul-08,24:00:00,43.515356,0.045505,14.440793,14.440793,0,0,0.195117,0.059762,29.07448,29.07448,0,0,0.150393
1017,13-Jul-08,24:00:00,43.499309,0.056224,14.436007,14.436007,0,0,0.187823,0.067041,29.063219,29.063219,0,0,0.14127
1018,14-Jul-08,24:00:00,43.483132,0.047931,14.431176,14.431176,0,0,0.180407,0.064899,29.051873,29.051873,0,0,0.131807
1019,15-Jul-08,24:00:00,43.466823,0.042031,14.4263,14.4263,0,0,0.173989,0.05726,29.040439,29.040439,0,0,0.123107
1020,16-Jul-08,24:00:00,43.45038,0.046635,14.421378,14.421378,0,0,0.167641,0.067117,29.028917,29.028917,0,0,0.114285
1021,17-Jul-08,24:00:00,43.433801,0.05036,14.416409,14.416409,0,0,0.16071,0.069215,29.017306,29.017306,0,0,0.104556
1022,18-Jul-08,24:00:00,43.417085,0.05325,14.411393,14.411393,0,0,0.153271,0.066388,29.005605,29.005605,0,0,0.094849
1023,19-Jul-08,24:00:00,43.40023,0.052988,14.40633,14.40633,0,0,0.145683,0.066221,28.993812,28.993812,0,0,0.085361
1024,20-Jul-08,24:00:00,43.383234,0.033141,14.401219,14.401219,0,0,0.13953,0.06181,28.981927,28.981927,0,0,0.076236
1025,21-Jul-08,24:00:00,43.366096,0.037503,14.396059,14.396059,0,0,0.134536,0.050128,28.969948,28.969948,0,0,0.068297
1026,22-Jul-08,24:00:00,43.348814,0.048166,14.39085,14.39085,0,0,0.128433,0.063594,28.957875,28.957875,0,0,0.060183
1027,23-Jul-08,24:00:00,43.331386,0.063842,14.385591,14.385591,0,0,0.120408,0.065679,28.945705,28.945705,0,0,0.05089
1028,24-Jul-08,24:00:00,43.313812,0.057455,14.380282,14.380282,0,0,0.111619,0.063332,28.93344,28.93344,0,0,0.041631
1029,25-Jul-08,24:00:00,43.29609,0.064146,14.374922,14.374922,0,0,0.103132,0.070607,28.921077,28.921077,0,0,0.032238
1030,26-Jul-08,24:00:00,43.278218,0.067098,14.369511,14.369511,0,0,0.09366,0.067859,28.908615,28.908615,0,0,0.022291
1031,27-Jul-08,24:00:00,43.260194,0.049369,14.364048,14.364048,0,0,0.085311,0.060723,28.896054,28.896054,0,0,0.012927
1032,28-Jul-08,24:00:00,43.242018,0.045541,14.358533,14.358533,0,0,0.078607,0.063064,28.883392,28.883392,0,0,0.004366
1033,29-Jul-08,24:00:00,43.223689,0.059947,14.352965,14.352965,0,0,0.071062,0.063927,28.870629,28.870629,0,0,0
1034,30-Jul-08,24:00:00,43.205204,0.058276,14.347344,14.347344,0,0,0.06249,0.062548,28.857765,28.857765,0,0,0
1035,31-Jul-08,24:00:00,43.186563,0.057084,14.34167,14.34167,0,0,0.054353,0.064508,28.844797,28.844797,0,0,0
1036,1-Aug-08,24:00:00,43.167764,0.05993,14.335942,14.335942,0,0,0.045979,0.063956,28.831726,28.831726,0,0,0
1037,2-Aug-08,24:00:00,43.148806,0.066591,14.330159,14.330159,0,0,0.036991,0.066176,28.81855,28.81855,0,0,0
1038,3-Aug-08,24:00:00,43.129688,0.053574,14.324321,14.324321,0,0,0.028317,0.058349,28.805269,28.805269,0,0,0
1039,4-Aug-08,24:00:00,43.11041,0.045639,14.318429,14.318429,0,0,0.021273,0.062051,28.791882,28.791882,0,0,0
1040,5-Aug-08,24:00:00,43.090969,0.035075,14.312481,14.312481,0,0,0.015478,0.062498,28.778388,28.778388,0,0,0
1041,6-Aug-08,24:00:00,43.071364,0.048955,14.306477,14.306477,0,0,0.009438,0.064932,28.764787,28.764787,0,0,0
1042,7-Aug-08,24:00:00,43.051595,0.044469,14.300416,14.300416,0,0,0.002968,0.062098,28.751078,28.751078,0,0,0
1043,8-Aug-08,24:00:00,43.031661,0.037257,14.2943,14.2943,0,0,0,0.058413,28.73726,28.73726,0,0,0
1044,9-Aug-08,24:00:00,43.011561,0.050893,14.288126,14.288126,0,0,0,0.057705,28.723332,28.723332,0,0,0
1045,10-Aug-08,24:00:00,42.991293,0.058909,14.281895,14.281895,0,0,0,0.061081,28.709295,28.709295,0,0,0
1046,11-Aug-08,24:00:00,42.970857,0.060527,14.275606,14.275606,0,0,0,0.06037,28.695146,28.695146,0,0,0
1047,12-Aug-08,24:00:00,42.950251,0.053716,14.269259,14.269259,0,0,0,0.063113,28.680887,28.680887,0,0,0
1048,13-Aug-08,24:00:00,42.929476,0.061536,14.262855,14.262855,0,0,0,0.061982,28.666515,28.666515,0,0,0
1049,14-Aug-08,24:00:00,42.908529,0.056949,14.256391,14.256391,0,0,0,0.061242,28.652031,28.652031,0,0,0
1050,15-Aug-08,24:00:00,42.887411,0.056845,14.249869,14.249869,0,0,0,0.06037,28.637434,28.637434,0,0,0
1051,16-Aug-08,24:00:00,42.86612,0.039822,14.243288,14.243288,0,0,0,0.062905,28.622724,28.622724,0,0,0
1052,17-Aug-08,24:00:00,42.844656,0.032972,14.236647,14.236647,0,0,0,0.055777,28.607899,28.607899,0,0,0
1053,18-Aug-08,24:00:00,42.823017,0.023979,14.229947,14.229947,0,0,0,0.032278,28.59296,28.59296,0,0,0
1054,19-Aug-08,24:00:00,42.801204,0.047408,14.223187,14.223187,0,0,0,0.053881,28.577906,28.577906,0,0,0
1055,20-Aug-08,24:00:00,42.779215,0.053395,14.216367,14.216367,0,0,0,0.054888,28.562737,28.562737,0,0,0
1056,21-Aug-08,24:00:00,42.75705,0.057111,14.209486,14.209486,0,0,0,0.049979,28.547451,28.547451,0,0,0
1057,22-Aug-08,24:00:00,42.734708,0.054351,14.202545,14.202545,0,0,0,0.055887,28.53205,28.53205,0,0,0
1058,23-Aug-08,24:00:00,42.712189,0.04239,14.195543,14.195543,0,0,0,0.058964,28.516531,28.516531,0,0,0
1059,24-Aug-08,24:00:00,42.689491,0.050532,14.18848,14.18848,0,0,0,0.06341,28.500895,28.500895,0,0,0
1060,25-Aug-08,24:00:00,42.666615,0.055988,14.181356,14.181356,0,0,0,0.056575,28.485142,28.485142,0,0,0
1061,26-Aug-08,24:00:00,42.643559,0.053297,14.174171,14.174171,0,0,0,0.051869,28.469271,28.469271,0,0,0
1062,27-Aug-08,24:00:00,42.620324,0.059975,14.166924,14.166924,0,0,0,0.057964,28.453282,28.453282,0,0,0
1063,28-Aug-08,24:00:00,42.596908,0.060365,14.159615,14.159615,0,0,0,0.053859,28.437174,28.437174,0,0,0
1064,29-Aug-08,24:00:00,42.573312,0.061536,14.152245,14.152245,0,0,0,0.059726,28.420947,28.420947,0,0,0
1065,30-Aug-08,24:00:00,42.549534,0.049021,14.144812,14.144812,0,0,0,0.064542,28.404601,28.404601,0,0,0
1066,31-Aug-08,24:00:00,42.525574,0.056799,14.137317,14.137317,0,0,0,0.055285,28.388135,28.388135,0,0,0
1067,1-Sep-08,24:00:00,42.501432,0.062193,14.12976,14.12976,0,0,0,0.047122,28.37155,28.37155,0,0,0
1068,2-Sep-08,24:00:00,42.477108,0.054954,14.12214,14.12214,0,0,0,0.051092,28.354845,28.354845,0,0,0
1069,3-Sep-08,24:00:00,42.4526,0.057303,14.114457,14.114457,0,0,0,0.052479,28.338019,28.338019,0,0,0
1070,4-Sep-08,24:00:00,42.427909,0.058102,14.106712,14.106712,0,0,0,0.049814,28.321073,28.321073,0,0,0
1071,5-Sep-08,24:00:00,42.403035,0.057724,14.098904,14.098904,0,0,0,0.054019,28.304006,28.304006,0,0,0
1072,6-Sep-08,24:00:00,42.377977,0.056791,14.091032,14.091032,0,0,0,0.056516,28.286818,28.286818,0,0,0
1073,7-Sep-08,24:00:00,42.352734,0.046694,14.083098,14.083098,0,0,0,0.05243,28.269508,28.269508,0,0,0
1074,8-Sep-08,24:00:00,42.327307,0.031477,14.0751,14.0751,0,0,0,0.050391,28.252078,28.252078,0,0,0
1075,9-Sep-08,24:00:00,42.301694,0.015408,14.067039,14.067039,0,0,0,0.034899,28.234526,28.234526,0,0,0
1076,10-Sep-08,24:00:00,42.275897,0.034986,14.058915,14.058915,0,0,0,0.049471,28.216852,28.216852,0,0,0
1077,11-Sep-08,24:00:00,42.249914,0.034446,14.050727,14.050727,0,0,0,0.049704,28.199056,28.199056,0,0,0
1078,12-Sep-08,24:00:00,42.223746,0.027313,14.042476,14.042476,0,0,0,0.047958,28.181138,28.181138,0,0,0
1079,13-Sep-08,24:00:00,42.197392,0.029576,14.034161,14.034161,0,0,0,0.04142,28.163099,28.163099,0,0,0
1080,14-Sep-08,24:00:00,42.170853,0.031492,14.025782,14.025782,0,0,0,0.046714,28.144937,28.144937,0,0,0
1081,15-Sep-08,24:00:00,42.144127,0.034281,14.017339,14.017339,0,0,0,0.047966,28.126652,28.126652,0,0,0
1082,16-Sep-08,24:00:00,42.117215,0.02663,14.008833,14.008833,0,0,0,0.037602,28.108246,28.108246,0,0,0
1083,17-Sep-08,24:00:00,42.090116,0.022155,14.000263,14.000263,0,0,0,0.011869,28.089717,28.089717,0,0,0
1084,18-Sep-08,24:00:00,42.062832,0.036926,13.991629,13.991629,0,0,0,0.030679,28.071065,28.071065,0,0,0
1085,19-Sep-08,24:00:00,42.03536,0.017754,13.982931,13.982931,0,0,0,0.011221,28.052291,28.052291,0,0,0
1086,20-Sep-08,24:00:00,42.007703,0.031951,13.974169,13.974169,0,0,0,0.024609,28.033394,28.033394,0,0,0
1087,21-Sep-08,24:00:00,41.979858,0.035163,13.965343,13.965343,0,0,0,0.041933,28.014374,28.014374,0,0,0
1088,22-Sep-08,24:00:00,41.951827,0.044619,13.956454,13.956454,0,0,0,0.038331,27.995232,27.995232,0,0,0
1089,23-Sep-08,24:00:00,41.923609,0.042798,13.9475,13.9475,0,0,0,0.04126,27.975967,27.975967,0,0,0
1090,24-Sep-08,24:00:00,41.895205,0.043451,13.938482,13.938482,0,0,0,0.038892,27.95658,27.95658,0,0,0
1091,25-Sep-08,24:00:00,41.866614,0.041336,13.929401,13.929401,0,0,0,0.037899,27.93707,27.93707,0,0,0
1092,26-Sep-08,24:00:00,41.837837,0.043434,13.920255,13.920255,0,0,0,0.041388,27.917437,27.917437,0,0,0
1093,27-Sep-08,24:00:00,41.808873,0.041092,13.911045,13.911045,0,0,0,0.037586,27.897681,27.897681,0,0,0
1094,28-Sep-08,24:00:00,41.779722,0.038923,13.901772,13.901772,0,0,0,0.039848,27.877803,27.877803,0,0,0
1095,29-Sep-08,24:00:00,41.750385,0.028341,13.892434,13.892434,0,0,0,0.04553,27.857803,27.857803,0,0,0
1096,30-Sep-08,24:00:00,41.720862,0.037668,13.883033,13.883033,0,0,0,0.042269,27.83768,27.83768,0,0,0
1097,1-Oct-08,24:00:00,41.691152,0.035655,13.873568,13.873568,0,0,0,0.041342,27.817435,27.817435,0,0,0
1098,2-Oct-08,24:00:00,41.661256,0.019364,13.864039,13.864039,0,0,0,0.017423,27.797067,27.797067,0,0,0
1099,3-Oct-08,24:00:00,85.294437,0.014037,41.713031,13.854446,1.337989,0,0.032221,0.010918,44.653417,27.776577,1.282935,0,0.029621
1100,4-Oct-08,24:00:00,143.411343,0.026897,33.197867,13.84479,0.048443,0,0.197794,0.017006,109.205538,27.755966,0.132131,0,0.200374
1101,5-Oct-08,24:00:00,43.116709,0.023714,13.83507,13.83507,0,0,0.198062,0.014804,29.218147,27.735232,0,0,0.202152
1102,6-Oct-08,24:00:00,41.539816,0.027303,13.825286,13.825286,0,0,0.198062,0.031807,27.714376,27.714376,0,0,0.202152
1103,7-Oct-08,24:00:00,41.508992,0.036467,13.815439,13.815439,0,0,0.197343,0.035777,27.693399,27.693399,0,0,0.202152
1104,8-Oct-08,24:00:00,41.477983,0.037127,13.805528,13.805528,0,0,0.193484,0.038482,27.6723,27.6723,0,0,0.199687
1105,9-Oct-08,24:00:00,41.44679,0.05454,13.795554,13.795554,0,0,0.187,0.041287,27.651079,27.651079,0,0,0.193952
1106,10-Oct-08,24:00:00,41.415411,0.039577,13.785516,13.785516,0,0,0.180061,0.031633,27.629738,27.629738,0,0,0.188496
1107,11-Oct-08,24:00:00,41.383849,0.037092,13.775416,13.775416,0,0,0.174766,0.03088,27.608275,27.608275,0,0,0.18422
1108,12-Oct-08,24:00:00,41.352102,0.040951,13.765252,13.765252,0,0,0.169185,0.027116,27.586691,27.586691,0,0,0.179996
1109,13-Oct-08,24:00:00,41.320171,0.041754,13.755025,13.755025,0,0,0.163124,0.025422,27.564986,27.564986,0,0,0.176184
1110,14-Oct-08,24:00:00,41.288057,0.032579,13.744735,13.744735,0,0,0.157918,0.029622,27.543161,27.543161,0,0,0.172315
1111,15-Oct-08,24:00:00,41.255759,0.032392,13.734382,13.734382,0,0,0.15321,0.031123,27.521216,27.521216,0,0,0.167998
1112,16-Oct-08,24:00:00,41.223279,0.033754,13.723966,13.723966,0,0,0.148558,0.028318,27.49915,27.49915,0,0,0.163702
1113,17-Oct-08,24:00:00,41.190616,0.027425,13.713488,13.713488,0,0,0.144114,0.029615,27.476964,27.476964,0,0,0.159581
1114,18-Oct-08,24:00:00,41.15777,0.027229,13.702947,13.702947,0,0,0.14021,0.031326,27.454659,27.454659,0,0,0.155272
1115,19-Oct-08,24:00:00,41.124743,0.019847,13.692344,13.692344,0,0,0.136904,0.028103,27.432234,27.432234,0,0,0.15102
1116,20-Oct-08,24:00:00,41.091534,0.022331,13.681678,13.681678,0,0,0.133847,0.028902,27.40969,27.40969,0,0,0.146961
1117,21-Oct-08,24:00:00,41.058144,0.031653,13.67095,13.67095,0,0,0.130001,0.023914,27.387026,27.387026,0,0,0.143086
1118,22-Oct-08,24:00:00,41.024572,0.0295,13.66016,13.66016,0,0,0.12565,0.024437,27.364244,27.364244,0,0,0.139645
1119,23-Oct-08,24:00:00,40.990821,0.02808,13.649308,13.649308,0,0,0.121557,0.023205,27.341344,27.341344,0,0,0.136222
1120,24-Oct-08,24:00:00,40.956889,0.027447,13.638394,13.638394,0,0,0.117539,0.023456,27.318325,27.318325,0,0,0.132903
1121,25-Oct-08,24:00:00,40.922777,0.027585,13.627419,13.627419,0,0,0.113601,0.022488,27.295188,27.295188,0,0,0.129607
1122,26-Oct-08,24:00:00,40.888486,0.026941,13.616381,13.616381,0,0,0.109707,0.025115,27.271933,27.271933,0,0,0.126288
1123,27-Oct-08,24:00:00,40.854016,0.01501,13.605283,13.605283,0,0,0.106771,0.020325,27.248561,27.248561,0,0,0.122954
1124,28-Oct-08,24:00:00,40.819368,0.021944,13.594123,13.594123,0,0,0.104129,0.02034,27.225072,27.225072,0,0,0.120051
1125,29-Oct-08,24:00:00,40.784542,0.023161,13.582902,13.582902,0,0,0.10086,0.027685,27.201466,27.201466,0,0,0.116742
1126,30-Oct-08,24:00:00,40.749538,0.010444,13.57162,13.57162,0,0,0.098535,0.02433,27.177743,27.177743,0,0,0.113149
1127,31-Oct-08,24:00:00,117.509849,0.009778,48.261092,13.560277,1.362402,0,0.178877,0.015102,69.669128,27.153904,0.989825,0,0.181
1128,1-Nov-08,24:00:00,375.658879,0.006502,141.568703,13.548874,3.556476,0,0.609559,0.008355,235.079211,27.129949,3.306666,0,0.541284
1129,2-Nov-08,24:00:00,103.365113,0.015159,19.226619,13.53741,0.026698,0,0.803257,0.011744,82.761864,27.105879,0.052658,0,0.73077
1130,3-Nov-08,24:00:00,152.607903,0.006103,65.425183,19.028099,1.390648,0.019565,0.88989,0.006808,88.068404,27.081693,1.25734,0,0.808331
1131,4-Nov-08,24:00:00,75.038455,0.017782,18.841108,17.882973,0,0,1,0.015224,55.295823,27.057392,0,0,0.912114
1132,5-Nov-08,24:00:00,41.483198,0.00806,14.33661,14.33661,0,0,1,0.00663,27.131693,27.032977,0,0,0.912114
1133,6-Nov-08,24:00:00,41.237853,0.019877,14.229224,14.229224,0,0,1,0.010868,27.008447,27.008447,0,0,0.912114
1134,7-Nov-08,24:00:00,41.117964,0.014932,14.133979,14.133979,0,0,1,0.014333,26.983804,26.983804,0,0,0.912114
1135,8-Nov-08,24:00:00,41.007343,0.009511,14.048114,14.048114,0,0,1,0.010488,26.959047,26.959047,0,0,0.912114
1136,9-Nov-08,24:00:00,40.904923,0.021888,13.970564,13.970564,0,0,1,0.017879,26.934176,26.934176,0,0,0.912114
1137,10-Nov-08,24:00:00,40.809758,0.014443,13.90038,13.90038,0,0,0.999532,0.012042,26.909193,26.909193,0,0,0.912114
1138,11-Nov-08,24:00:00,40.721008,0.007731,13.836725,13.836725,0,0,0.998361,0.010079,26.884098,26.884098,0,0,0.912114
1139,12-Nov-08,24:00:00,40.637929,0.01671,13.778853,13.778853,0,0,0.996734,0.011241,26.85889,26.85889,0,0,0.911524
1140,13-Nov-08,24:00:00,40.55986,0.025971,13.726103,13.726103,0,0,0.993674,0.021729,26.833571,26.833571,0,0,0.909223
1141,14-Nov-08,24:00:00,40.486218,0.042112,13.677891,13.677891,0,0,0.989239,0.018994,26.80814,26.80814,0,0,0.906303
1142,15-Nov-08,24:00:00,40.416483,0.021712,13.633696,13.633696,0,0,0.984154,0.016799,26.782598,26.782598,0,0,0.903729
1143,16-Nov-08,24:00:00,40.350194,0.017922,13.593059,13.593059,0,0,0.981288,0.016835,26.756946,26.756946,0,0,0.901336
1144,17-Nov-08,24:00:00,40.286944,0.017198,13.55557,13.55557,0,0,0.978782,0.015811,26.731184,26.731184,0,0,0.898997
1145,18-Nov-08,24:00:00,40.22637,0.017654,13.520867,13.520867,0,0,0.976302,0.016208,26.705312,26.705312,0,0,0.89673
1146,19-Nov-08,24:00:00,40.168151,0.005263,13.488629,13.488629,0,0,0.974684,0.01125,26.67933,26.67933,0,0,0.894787
1147,20-Nov-08,24:00:00,40.112004,0.013091,13.458571,13.458571,0,0,0.973436,0.0116,26.65324,26.65324,0,0,0.893227
1148,21-Nov-08,24:00:00,40.057675,0.014863,13.43044,13.43044,0,0,0.971366,0.014788,26.627041,26.627041,0,0,0.891255
1149,22-Nov-08,24:00:00,40.004941,0.015143,13.404013,13.404013,0,0,0.969235,0.015123,26.600735,26.600735,0,0,0.88913
1150,23-Nov-08,24:00:00,39.953604,0.014271,13.37909,13.37909,0,0,0.967153,0.014251,26.57432,26.57432,0,0,0.887051
1151,24-Nov-08,24:00:00,39.903488,0.008125,13.355494,13.355494,0,0,0.965547,0.00811,26.547799,26.547799,0,0,0.885447
1152,25-Nov-08,24:00:00,39.854438,0.004377,13.333071,13.333071,0,0,0.964641,0.005094,26.52117,26.52117,0,0,0.884494
1153,26-Nov-08,24:00:00,39.806314,0.006856,13.311681,13.311681,0,0,0.963805,0.014789,26.494435,26.494435,0,0,0.883055
1154,27-Nov-08,24:00:00,39.758994,0.005527,13.291201,13.291201,0,0,0.962933,0.005804,26.467595,26.467595,0,0,0.881595
1155,28-Nov-08,24:00:00,39.71237,0.010739,13.271523,13.271523,0,0,0.961748,0.010888,26.440649,26.440649,0,0,0.880411
1156,29-Nov-08,24:00:00,39.666347,0.006688,13.252549,13.252549,0,0,0.960569,0.012924,26.413598,26.413598,0,0,0.878683
1157,30-Nov-08,24:00:00,39.620837,0.008771,13.234194,13.234194,0,0,0.959461,0.013277,26.386442,26.386442,0,0,0.876808
1158,1-Dec-08,24:00:00,39.575767,0.005071,13.216383,13.216383,0,0,0.958471,0.005026,26.359183,26.359183,0,0,0.875545
1159,2-Dec-08,24:00:00,39.531069,0.011281,13.199048,13.199048,0,0,0.957298,0.011585,26.33182,26.33182,0,0,0.874345
1160,3-Dec-08,24:00:00,39.486684,0.00487,13.182128,13.182128,0,0,0.956145,0.008676,26.304353,26.304353,0,0,0.8729
1161,4-Dec-08,24:00:00,39.44256,0.006011,13.165572,13.165572,0,0,0.955354,0.011097,26.276785,26.276785,0,0,0.8715
1162,5-Dec-08,24:00:00,39.398649,0.007301,13.149332,13.149332,0,0,0.954419,0.011044,26.249113,26.249113,0,0,0.869876
1163,6-Dec-08,24:00:00,39.459359,0.00758,13.133367,13.133367,0,0,0.953369,0.011226,26.333968,26.221341,0.007249,0,0.868486
1164,7-Dec-08,24:00:00,39.712913,0.003654,13.117639,13.117639,0,0,0.952537,0.012714,26.587128,26.193467,0,0,0.868539
1165,8-Dec-08,24:00:00,39.273051,0.011051,13.102117,13.102117,0,0,0.951487,0.011973,26.170485,26.165492,0,0,0.868539
1166,9-Dec-08,24:00:00,39.224395,0.012524,13.086772,13.086772,0,0,0.949821,0.010709,26.137417,26.137417,0,0,0.868539
1167,10-Dec-08,24:00:00,39.181026,0.010335,13.071576,13.071576,0,0,0.948154,0.008424,26.109242,26.109242,0,0,0.868539
1168,11-Dec-08,24:00:00,39.137686,0.011064,13.056509,13.056509,0,0,0.946621,0.011301,26.080968,26.080968,0,0,0.868539
1169,12-Dec-08,24:00:00,39.094354,0.009975,13.04155,13.04155,0,0,0.945159,0.01393,26.052595,26.052595,0,0,0.868539
1170,13-Dec-08,24:00:00,39.051015,0.013093,13.026681,13.026681,0,0,0.94334,0.010445,26.024123,26.024123,0,0,0.868539
1171,14-Dec-08,24:00:00,50.930689,0.002335,17.590739,13.011886,0.13932,0,0.950219,0.00261,33.52561,25.995554,0.206082,0,0.87819
1172,15-Dec-08,24:00:00,66.197087,0.007844,19.355415,12.997152,0.181863,0,0.984833,0.005948,46.703574,25.966888,0.213865,0,0.922325
1173,16-Dec-08,24:00:00,40.322316,0.006905,12.982466,12.982466,0,0,0.988342,0.007214,27.291638,25.938125,0,0,0.928531
1174,17-Dec-08,24:00:00,41.480658,0.010159,12.967817,12.967817,0,0,0.988342,0.009379,28.550766,25.909266,0.054098,0,0.931832
1175,18-Dec-08,24:00:00,84.842876,0.003991,52.744503,44.098287,0.463665,0.382062,0.991327,0.002854,32.405586,25.906978,0.456096,0.009913,0.945701
1176,19-Dec-08,24:00:00,351.297069,0.010929,206.072972,197.121772,0.053107,0.053107,1,0.010399,145.481028,112.09923,0.102178,0.102178,1
1177,20-Dec-08,24:00:00,94.903541,0.00966,32.135795,32.135795,0,0,1,0.008845,62.275099,61.604399,0,0,1
1178,21-Dec-08,24:00:00,536.667029,0.001942,276.70192,257.366977,0.578318,0.578318,1,0.002932,264.507147,235.002121,0.545201,0.545201,1
1179,22-Dec-08,24:00:00,494.168223,0.006559,96.955939,96.597637,0,0,1,0.005325,393.673603,384.744097,0,0,1
1180,23-Dec-08,24:00:00,160.141489,0.005332,50.308257,50.283824,0.021778,0.021778,1,0.003837,109.137883,109.117562,0,0,1
1181,24-Dec-08,24:00:00,1405.92,0.002446,767.462302,668.801749,1.947608,1.947608,1,0.004622,647.812347,582.7819,1.631132,1.631132,1
1182,25-Dec-08,24:00:00,2386.52,0.012878,790.406574,605.551586,0.36941,0.36941,1,0.008871,1593.29,1451.57,0.422292,0.422292,1
1183,26-Dec-08,24:00:00,634.738195,0.012268,138.725104,138.725104,0,0,1,0.009781,490.841914,487.448231,0,0,1
1184,27-Dec-08,24:00:00,357.01768,0.003439,123.432512,123.432512,0,0,1,0.003506,233.072164,233.072164,0,0,1
1185,28-Dec-08,24:00:00,308.971222,0.004771,110.910289,110.910289,0,0,1,0.004871,197.894879,197.894879,0,0,1
1186,29-Dec-08,24:00:00,277.877329,0.007233,99.802664,99.802664,0,0,1,0.004699,177.939544,177.939544,0,0,1
1187,30-Dec-08,24:00:00,250.734071,0.005675,89.949519,89.949519,0,0,1,0.008284,160.665316,160.665316,0,0,1
1188,31-Dec-08,24:00:00,226.669086,0.005633,81.209001,81.209001,0,0,1,0.011426,145.354499,145.354499,0,0,1
1189,1-Jan-09,24:00:00,205.320965,0.010361,73.455295,73.455295,0,0,1,0.010413,131.772125,131.772125,0,0,1
1190,2-Jan-09,24:00:00,355.764663,0.00937,148.557253,142.993629,0.163383,0.163383,1,0.009788,208.186445,199.165209,0.141934,0.141934,1
1191,3-Jan-09,24:00:00,250.049183,0.011927,69.542269,69.542269,0,0,1,0.010414,179.567587,178.577734,0,0,1
1192,4-Jan-09,24:00:00,177.567282,0.007968,61.668157,61.668157,0,0,1,0.006441,115.72554,115.72554,0,0,1
1193,5-Jan-09,24:00:00,158.08238,0.003343,56.117631,56.117631,0,0,1,0.003343,101.89305,101.89305,0,0,1
1194,6-Jan-09,24:00:00,144.31122,0.006821,51.193484,51.193484,0,0,1,0.012311,93.058053,93.058053,0,0,1
1195,7-Jan-09,24:00:00,132.242307,0.00437,46.824613,46.824613,0,0,1,0.004305,85.36488,85.36488,0,0,1
1196,8-Jan-09,24:00:00,121.538299,0.008842,42.948228,42.948228,0,0,1,0.010288,78.543208,78.543208,0,0,1
1197,9-Jan-09,24:00:00,112.040062,0.013077,39.508642,39.508642,0,0,1,0.011055,72.489825,72.489825,0,0,1
1198,10-Jan-09,24:00:00,103.611109,0.012911,36.456464,36.456464,0,0,1,0.011743,67.117721,67.117721,0,0,1
1199,11-Jan-09,24:00:00,96.130527,0.012301,33.747887,33.747887,0,0,1,0.012279,62.349855,62.349855,0,0,1
1200,12-Jan-09,24:00:00,89.491075,0.041262,31.344058,31.344058,0,0,0.997899,0.015551,58.117902,58.117902,0,0,0.999624
1201,13-Jan-09,24:00:00,83.597641,0.014188,29.210519,29.210519,0,0,0.994395,0.013074,54.361262,54.361262,0,0,0.998079
1202,14-Jan-09,24:00:00,78.365869,0.013615,27.316706,27.316706,0,0,0.99242,0.013036,51.026191,51.026191,0,0,0.996221
1203,15-Jan-09,24:00:00,73.720941,0.014093,25.635514,25.635514,0,0,0.990453,0.012714,48.065017,48.065017,0,0,0.994379
1204,16-Jan-09,24:00:00,69.5965,0.015187,24.1429,24.1429,0,0,0.988381,0.013933,45.435463,45.435463,0,0,0.992497
1205,17-Jan-09,24:00:00,65.933691,0.01448,22.817541,22.817541,0,0,0.986233,0.012973,43.100031,43.100031,0,0,0.990559
1206,18-Jan-09,24:00:00,62.680316,0.014941,21.640525,21.640525,0,0,0.984137,0.013259,41.025462,41.025462,0,0,0.988687
1207,19-Jan-09,24:00:00,59.790079,0.015355,20.595079,20.595079,0,0,0.981972,0.013296,39.18226,39.18226,0,0,0.98679
1208,20-Jan-09,24:00:00,57.221918,0.014242,19.666327,19.666327,0,0,0.979843,0.010941,37.544262,37.544262,0,0,0.985032
1209,21-Jan-09,24:00:00,54.939416,0.008238,18.841073,18.841073,0,0,0.978224,0.008343,36.088265,36.088265,0,0,0.983657
1210,22-Jan-09,24:00:00,52.910272,0.006529,18.107616,18.107616,0,0,0.977186,0.005619,34.79369,34.79369,0,0,0.98267
1211,23-Jan-09,24:00:00,51.105839,0.005556,17.455575,17.455575,0,0,0.976309,0.007631,33.642284,33.642284,0,0,0.981723
1212,24-Jan-09,24:00:00,49.500707,0.008329,16.875745,16.875745,0,0,0.975343,0.008585,32.617857,32.617857,0,0,0.980675
1213,25-Jan-09,24:00:00,48.072342,0.015585,16.359962,16.359962,0,0,0.973652,0.015446,31.706053,31.706053,0,0,0.978834
1214,26-Jan-09,24:00:00,46.800757,0.015372,15.900983,15.900983,0,0,0.971443,0.014877,30.894135,30.894135,0,0,0.976724
1215,27-Jan-09,24:00:00,45.668223,0.01461,15.492386,15.492386,0,0,0.969285,0.0133,30.17081,30.17081,0,0,0.974688
1216,28-Jan-09,24:00:00,44.659018,0.015883,15.128475,15.128475,0,0,0.967155,0.017898,29.526059,29.526059,0,0,0.972515
1217,29-Jan-09,24:00:00,43.759197,0.018483,14.804197,14.804197,0,0,0.964642,0.01519,28.950999,28.950999,0,0,0.970097
1218,30-Jan-09,24:00:00,42.956391,0.01829,14.515071,14.515071,0,0,0.962055,0.016233,28.437747,28.437747,0,0,0.967862
1219,31-Jan-09,24:00:00,42.239631,0.017908,14.257122,14.257122,0,0,0.959462,0.018135,27.979316,27.979316,0,0,0.965451
1220,1-Feb-09,24:00:00,41.599188,0.019038,14.026825,14.026825,0,0,0.956851,0.017262,27.569505,27.569505,0,0,0.962898
1221,2-Feb-09,24:00:00,41.026431,0.018715,13.821055,13.821055,0,0,0.954127,0.018013,27.202818,27.202818,0,0,0.960384
1222,3-Feb-09,24:00:00,40.513706,0.019276,13.637037,13.637037,0,0,0.951419,0.018915,26.874377,26.874377,0,0,0.957759
1223,4-Feb-09,24:00:00,40.054227,0.012553,13.472312,13.472312,0,0,0.949095,0.015311,26.579857,26.579857,0,0,0.955325
1224,5-Feb-09,24:00:00,286.595933,0.005189,157.918132,129.446926,1.031377,0.668716,0.974852,0.00644,133.053661,95.279877,1.108418,0.787533,0.976289
1225,6-Feb-09,24:00:00,1755.28,0.005502,586.811618,556.650541,0.69049,0.69049,1,0.00795,1171.37,1088.08,0.664823,0.664823,1
1226,7-Feb-09,24:00:00,571.301025,0.02234,79.672251,79.670422,0,0,1,0.019955,485.749422,481.741713,0,0,1
1227,8-Feb-09,24:00:00,259.568936,0.007986,87.023801,83.935428,0.133459,0.133459,1,0.011017,172.400495,170.807404,0.092207,0.092207,1
1228,9-Feb-09,24:00:00,323.391322,0.017455,110.386078,108.92983,0,0,1,0.016005,212.735396,207.886244,0,0,1
1229,10-Feb-09,24:00:00,300.444304,0.01176,129.500473,118.131955,0.431445,0.431445,1,0.007476,172.700838,165.183193,0.391784,0.391784,1
1230,11-Feb-09,24:00:00,870.976123,0.007442,297.185026,288.17116,0.16711,0.16711,1,0.006389,574.951784,541.565746,0.249324,0.249324,1
1231,12-Feb-09,24:00:00,429.892275,0.012819,81.667641,81.133825,0.153743,0.153743,1,0.01245,345.707359,341.260568,0.138882,0.138882,1
1232,13-Feb-09,24:00:00,855.057015,0.00895,397.014053,372.776782,0.605932,0.605932,1,0.0072,460.215965,433.501594,0.329126,0.329126,1
1233,14-Feb-09,24:00:00,840.346713,0.010584,347.192447,330.68103,0.568879,0.568879,1,0.007995,494.030431,470.559633,0.509033,0.509033,1
1234,15-Feb-09,24:00:00,3530.56,0.008324,1349.65,887.349199,1.940644,1.940644,1,0.00869,2190.51,1321.41,1.901443,1.901443,1
1235,16-Feb-09,24:00:00,4011.67,0.008031,1488.36,1117.34,1.915741,1.915741,1,0.009293,2524.66,2167.95,1.962584,1.962584,1
1236,17-Feb-09,24:00:00,3197.71,0.007698,890.689761,853.700146,0.862693,0.862693,1,0.00717,2304.00,2194.68,1.048386,1.048386,1
1237,18-Feb-09,24:00:00,1431.89,0.017433,291.655378,291.570359,0,0,1,0.01531,1132.50,1120.90,0.024658,0.024658,1
1238,19-Feb-09,24:00:00,809.810204,0.023391,243.834611,243.834611,0,0,1,0.025995,564.324165,563.868017,0,0,1
1239,20-Feb-09,24:00:00,673.930518,0.019196,217.612078,217.612078,0,0,1,0.022782,455.8437,455.8437,0,0,1
1240,21-Feb-09,24:00:00,599.368228,0.018188,194.689407,194.55832,0.059649,0.059649,1,0.020184,404.342307,404.335791,0.02484,0.02484,1
1241,22-Feb-09,24:00:00,7584.52,0.003523,3067.82,1003.95,2.4,2.4,1,0.007379,4538.32,1244.92,2.4,2.4,1
1242,23-Feb-09,24:00:00,4727.88,0.004827,1539.94,1363.15,2.022474,2.022474,1,0.007849,3180.33,2555.97,1.800028,1.800028,1
1243,24-Feb-09,24:00:00,2318.93,0.018251,511.012869,508.787554,0,0,1,0.01704,1797.56,1767.94,0.017186,0.017186,1
1244,25-Feb-09,24:00:00,1088.95,0.009531,345.358522,336.99824,0.540791,0.540791,1,0.007942,742.122974,737.208281,0.479094,0.479094,1
1245,26-Feb-09,24:00:00,1596.66,0.020765,561.469327,547.806924,0.105934,0.105934,1,0.01855,1035.34,1000.88,0.079543,0.079543,1
1246,27-Feb-09,24:00:00,888.712848,0.02235,266.469198,266.469198,0,0,1,0.022534,619.87842,619.194996,0,0,1
1247,28-Feb-09,24:00:00,713.68901,0.023783,237.265416,237.265416,0,0,1,0.023771,475.881093,475.881093,0,0,1
1248,1-Mar-09,24:00:00,2010.67,0.00832,918.103369,727.448257,1.76825,1.76825,1,0.008314,1108.52,911.75714,1.729767,1.729767,1
1249,2-Mar-09,24:00:00,4665.45,0.013456,1326.82,1059.52,1.278847,1.278847,1,0.013294,3332.63,2170.30,1.101297,1.101297,1
1250,3-Mar-09,24:00:00,2009.61,0.011352,663.717588,639.840261,0.551597,0.551597,1,0.011347,1340.37,1291.27,0.373656,0.373656,1
1251,4-Mar-09,24:00:00,1166.93,0.015718,335.777569,335.137778,0,0,1,0.014524,827.616077,819.106505,0,0,1
1252,5-Mar-09,24:00:00,792.428231,0.0128,263.295677,263.295677,0,0,1,0.024836,528.08355,528.01856,0,0,1
1253,6-Mar-09,24:00:00,684.234197,0.022154,234.846336,234.846336,0,0,1,0.019483,448.966713,448.966713,0,0,1
1254,7-Mar-09,24:00:00,609.798398,0.026846,209.631078,209.631078,0,0,1,0.025893,399.823696,399.823696,0,0,1
1255,8-Mar-09,24:00:00,544.808919,0.025441,187.266564,187.266564,0,0,0.999936,0.028659,357.240425,357.240425,0,0,0.999343
1256,9-Mar-09,24:00:00,487.20293,0.027214,167.430459,167.430459,0,0,0.997603,0.025561,319.506144,319.506144,0,0,0.996318
1257,10-Mar-09,24:00:00,436.110591,0.027113,149.836884,149.836884,0,0,0.993823,0.024399,286.038616,286.038616,0,0,0.992736
1258,11-Mar-09,24:00:00,390.794326,0.028755,134.232282,134.232282,0,0,0.989827,0.028228,256.354403,256.354403,0,0,0.988988
1259,12-Mar-09,24:00:00,350.600986,0.029307,120.391771,120.391771,0,0,0.98567,0.03155,230.02572,230.02572,0,0,0.984775
1260,13-Mar-09,24:00:00,314.951316,0.022588,108.115896,108.115896,0,0,0.981999,0.034063,206.67318,206.67318,0,0,0.980125
1261,14-Mar-09,24:00:00,283.331568,0.021727,97.227757,97.227757,0,0,0.978818,0.018,185.960297,185.960297,0,0,0.976335
1262,15-Mar-09,24:00:00,255.773714,0.010434,88.058075,87.570456,0.075159,0,0.977102,0.010733,167.588634,167.588634,0,0,0.974261
1263,16-Mar-09,24:00:00,250.214596,0.01144,98.808656,92.452503,0.125851,0.030887,0.997308,0.011098,151.293499,151.293499,0,0,0.9735
1264,17-Mar-09,24:00:00,211.041142,0.02346,73.897075,73.895928,0,0,1,0.022697,137.047261,136.840132,0.004152,0,0.973759
1265,18-Mar-09,24:00:00,190.140454,0.03221,65.943587,65.943587,0,0,1,0.026349,124.105917,124.020317,0,0,0.974093
1266,19-Mar-09,24:00:00,172.550126,0.036316,59.822375,59.822375,0,0,1,0.036939,112.649516,112.649384,0,0,0.974093
1267,20-Mar-09,24:00:00,157.026168,0.027707,54.393318,54.393318,0,0,0.998125,0.037415,102.563542,102.563542,0,0,0.973796
1268,21-Mar-09,24:00:00,155.926293,0.013959,61.775608,58.486557,0.236805,0.195652,0.996159,0.014738,94.145525,93.617523,0.177776,0,0.973951
1269,22-Mar-09,24:00:00,342.799119,0.026721,173.15981,166.074675,0.067847,0.067847,1,0.017872,169.981589,150.801259,0.108467,0.08461,0.999929
1270,23-Mar-09,24:00:00,159.850105,0.037474,53.295871,53.295871,0,0,1,0.030798,106.135794,105.654451,0,0,1
1271,24-Mar-09,24:00:00,128.951317,0.036445,48.408533,48.408533,0,0,0.999983,0.035758,80.46591,80.46591,0,0,1
1272,25-Mar-09,24:00:00,117.342986,0.040964,44.269218,44.269218,0,0,0.997253,0.03679,73.029187,73.029187,0,0,0.998811
1273,26-Mar-09,24:00:00,108.018418,0.042276,40.597895,40.597895,0,0,0.991158,0.034563,67.381978,67.381978,0,0,0.994616
1274,27-Mar-09,24:00:00,99.785791,0.045271,37.341639,37.341639,0,0,0.984862,0.042418,62.409982,62.409982,0,0,0.989125
1275,28-Mar-09,24:00:00,92.484883,0.044352,34.453537,34.453537,0,0,0.978698,0.042603,58.001025,58.001025,0,0,0.983087
1276,29-Mar-09,24:00:00,86.009233,0.042828,31.891978,31.891978,0,0,0.972388,0.037721,54.090344,54.090344,0,0,0.977103
1277,30-Mar-09,24:00:00,80.265548,0.043686,29.620059,29.620059,0,0,0.965923,0.036745,50.621605,50.621605,0,0,0.971955
1278,31-Mar-09,24:00:00,75.171118,0.046128,27.605048,27.605048,0,0,0.960065,0.049508,47.544872,47.544872,0,0,0.966154
1279,1-Apr-09,24:00:00,70.652585,0.046787,25.817915,25.817915,0,0,0.952915,0.041691,44.815856,44.815856,0,0,0.959265
1280,2-Apr-09,24:00:00,66.644885,0.04245,24.23291,24.23291,0,0,0.946842,0.03213,42.395276,42.395276,0,0,0.954136
1281,3-Apr-09,24:00:00,63.090309,0.04545,22.827197,22.827197,0,0,0.940337,0.037148,40.248291,40.248291,0,0,0.948911
1282,4-Apr-09,24:00:00,59.937674,0.039251,21.58052,21.58052,0,0,0.934313,0.037253,38.344,38.344,0,0,0.943753
1283,5-Apr-09,24:00:00,57.141583,0.043648,20.474914,20.474914,0,0,0.928463,0.044718,36.654995,36.654995,0,0,0.937943
1284,6-Apr-09,24:00:00,54.661773,0.040896,19.494445,19.494445,0,0,0.922328,0.047014,35.156967,35.156967,0,0,0.93141
1285,7-Apr-09,24:00:00,56.486049,0.012298,20.330415,18.62498,0.051525,0,0.92161,0.020949,36.209348,33.828355,0.06137,0,0.929493
1286,8-Apr-09,24:00:00,52.556459,0.018564,17.903124,17.853985,0,0,0.925566,0.016286,34.583391,32.650034,0,0,0.934407
1287,9-Apr-09,24:00:00,72.568496,0.007519,29.16999,17.17034,0.372385,0,0.948526,0.007517,43.568874,31.605043,0.252119,0,0.950465
1288,10-Apr-09,24:00:00,53.905895,0.03069,17.245235,16.564186,0,0,0.978764,0.03068,36.478081,30.678337,0,0,0.970424
1289,11-Apr-09,24:00:00,45.925187,0.039235,16.026775,16.026775,0,0,0.978764,0.039226,29.890046,29.85657,0,0,0.970424
1290,12-Apr-09,24:00:00,44.683312,0.04186,15.55035,15.55035,0,0,0.97821,0.041846,29.127908,29.127908,0,0,0.969871
1291,13-Apr-09,24:00:00,43.614364,0.046879,15.12803,15.12803,0,0,0.974144,0.039971,28.481852,28.481852,0,0,0.966005
1292,14-Apr-09,24:00:00,42.666776,0.044333,14.753712,14.753712,0,0,0.967236,0.038903,27.909089,27.909089,0,0,0.960213
1293,15-Apr-09,24:00:00,41.826867,0.043413,14.421981,14.421981,0,0,0.961073,0.036646,27.401361,27.401361,0,0,0.954856
1294,16-Apr-09,24:00:00,41.082502,0.041046,14.128038,14.128038,0,0,0.954949,0.044412,26.95134,26.95134,0,0,0.949238
1295,17-Apr-09,24:00:00,40.422919,0.052015,13.867622,13.867622,0,0,0.948504,0.047016,26.552528,26.552528,0,0,0.942621
1296,18-Apr-09,24:00:00,39.83857,0.048902,13.636956,13.636956,0,0,0.941121,0.049898,26.199161,26.199161,0,0,0.935687
1297,19-Apr-09,24:00:00,39.320987,0.053659,13.432688,13.432688,0,0,0.933815,0.051659,25.886124,25.886124,0,0,0.92844
1298,20-Apr-09,24:00:00,38.862656,0.058147,13.251847,13.251847,0,0,0.925907,0.055629,25.608883,25.608883,0,0,0.92081
1299,21-Apr-09,24:00:00,38.456915,0.054803,13.091796,13.091796,0,0,0.917784,0.056686,25.363414,25.363414,0,0,0.912786
1300,22-Apr-09,24:00:00,38.097852,0.049195,12.950195,12.950195,0,0,0.910219,0.05779,25.146147,25.146147,0,0,0.90468
1301,23-Apr-09,24:00:00,37.780223,0.036717,12.824971,12.824971,0,0,0.904323,0.048541,24.953917,24.953917,0,0,0.897008
1302,24-Apr-09,24:00:00,37.499376,0.044844,12.714282,12.714282,0,0,0.898418,0.040108,24.783914,24.783914,0,0,0.890527
1303,25-Apr-09,24:00:00,37.251186,0.042269,12.616496,12.616496,0,0,0.892108,0.044191,24.633646,24.633646,0,0,0.884687
1304,26-Apr-09,24:00:00,37.03199,0.043628,12.530165,12.530165,0,0,0.885976,0.04405,24.500903,24.500903,0,0,0.87826
1305,27-Apr-09,24:00:00,36.838541,0.037359,12.454004,12.454004,0,0,0.880314,0.035866,24.383723,24.383723,0,0,0.8727
1306,28-Apr-09,24:00:00,36.667957,0.035233,12.386873,12.386873,0,0,0.875019,0.030828,24.280366,24.280366,0,0,0.867923
1307,29-Apr-09,24:00:00,36.51768,0.039778,12.32776,12.32776,0,0,0.869627,0.040581,24.189289,24.189289,0,0,0.862685
1308,30-Apr-09,24:00:00,36.385444,0.031702,12.275769,12.275769,0,0,0.86452,0.030984,24.10912,24.10912,0,0,0.857628
1309,1-May-09,24:00:00,90.648888,0.015332,42.073783,12.230102,0.943329,0,0.906088,0.020586,49.346897,24.038644,0.746248,0,0.886239
1310,2-May-09,24:00:00,362.342529,0.009731,230.413843,211.006778,0.504874,0.471204,0.998497,0.014397,132.793551,79.765445,0.461507,0.179542,0.983201
1311,3-May-09,24:00:00,970.484176,0.02666,424.154298,399.169589,0.731819,0.731819,1,0.039998,548.977684,504.96388,0.565109,0.565109,1
1312,4-May-09,24:00:00,931.15235,0.011953,474.686221,209.136356,0.914706,0.914706,1,0.014042,464.128804,353.319718,0.861724,0.861724,1
1313,5-May-09,24:00:00,2304.10,0.023991,611.639547,451.032074,0.15,0.15,1,0.038891,1685.15,960.152167,0.199626,0.199626,1
1314,6-May-09,24:00:00,466.324461,0.018924,116.705091,115.400953,0.038821,0.038821,1,0.018887,345.731528,334.598737,0,0,1
1315,7-May-09,24:00:00,260.122218,0.055292,94.523784,94.505981,0,0,1,0.049872,165.261493,165.261493,0,0,1
1316,8-May-09,24:00:00,224.372981,0.052776,82.613813,82.613813,0,0,0.999307,0.05366,141.646805,141.646805,0,0,0.997916
1317,9-May-09,24:00:00,202.717373,0.050078,74.617751,74.617751,0,0,0.994428,0.056284,128.007659,128.007659,0,0,0.991071
1318,10-May-09,24:00:00,183.795137,0.056779,67.52727,67.52727,0,0,0.98704,0.05931,116.186633,116.186633,0,0,0.982897
1319,11-May-09,24:00:00,167.02292,0.060985,61.239187,61.239187,0,0,0.978703,0.056983,105.711748,105.711748,0,0,0.974554
1320,12-May-09,24:00:00,152.14912,0.060761,55.662779,55.662779,0,0,0.970063,0.051949,96.422531,96.422531,0,0,0.96673
1321,13-May-09,24:00:00,138.958854,0.060848,50.71758,50.71758,0,0,0.961151,0.057412,88.184699,88.184699,0,0,0.958944
1322,14-May-09,24:00:00,127.261765,0.053462,46.332224,46.332224,0,0,0.952913,0.052093,80.879373,80.879373,0,0,0.951052
1323,15-May-09,24:00:00,116.889031,0.056775,42.443414,42.443414,0,0,0.944968,0.058695,74.401123,74.401123,0,0,0.94315
1324,16-May-09,24:00:00,107.690916,0.063087,38.995009,38.995009,0,0,0.936543,0.058068,68.656442,68.656442,0,0,0.934718
1325,17-May-09,24:00:00,99.53462,0.065997,35.937218,35.937218,0,0,0.927324,0.064093,63.562394,63.562394,0,0,0.926036
1326,18-May-09,24:00:00,92.302358,0.045838,33.22588,33.22588,0,0,0.919142,0.063057,59.045422,59.045422,0,0,0.917041
1327,19-May-09,24:00:00,85.889663,0.043589,30.821826,30.821826,0,0,0.913037,0.059987,55.040286,55.040286,0,0,0.908252
1328,20-May-09,24:00:00,80.203882,0.050085,28.690317,28.690317,0,0,0.906197,0.05379,51.489122,51.489122,0,0,0.900035
1329,21-May-09,24:00:00,75.162836,0.048705,26.800542,26.800542,0,0,0.89907,0.058559,48.340611,48.340611,0,0,0.89207
1330,22-May-09,24:00:00,70.693642,0.039023,25.125173,25.125173,0,0,0.892953,0.059155,45.549233,45.549233,0,0,0.88364
1331,23-May-09,24:00:00,66.731654,0.033013,23.639972,23.639972,0,0,0.88783,0.057841,43.074618,43.074618,0,0,0.875365
1332,24-May-09,24:00:00,63.219537,0.034472,22.323442,22.323442,0,0,0.883013,0.054257,40.880959,40.880959,0,0,0.867372
1333,25-May-09,24:00:00,60.106439,0.045011,21.156516,21.156516,0,0,0.877283,0.059269,38.936498,38.936498,0,0,0.859221
1334,26-May-09,24:00:00,57.347257,0.056868,20.122285,20.122285,0,0,0.869984,0.06307,37.213067,37.213067,0,0,0.850458
1335,27-May-09,24:00:00,54.901987,0.055853,19.205749,19.205749,0,0,0.861836,0.063872,35.685682,35.685682,0,0,0.84137
1336,28-May-09,24:00:00,52.73515,0.044129,18.393604,18.393604,0,0,0.854747,0.066124,34.332186,34.332186,0,0,0.832157
1337,29-May-09,24:00:00,50.815275,0.032862,17.674053,17.674053,0,0,0.84931,0.05774,33.132926,33.132926,0,0,0.823273
1338,30-May-09,24:00:00,49.114452,0.032164,17.036629,17.036629,0,0,0.844709,0.051065,32.070469,32.070469,0,0,0.815648
1339,31-May-09,24:00:00,47.607923,0.036054,16.472051,16.472051,0,0,0.839832,0.057018,31.129356,31.129356,0,0,0.807831
1340,1-Jun-09,24:00:00,46.273732,0.030484,15.972086,15.972086,0,0,0.834927,0.05446,30.295872,30.295872,0,0,0.799738
1341,2-Jun-09,24:00:00,45.092402,0.041951,15.529432,15.529432,0,0,0.829932,0.053365,29.557857,29.557857,0,0,0.792079
1342,3-Jun-09,24:00:00,44.046661,0.04457,15.137614,15.137614,0,0,0.823684,0.046859,28.90452,28.90452,0,0,0.784947
1343,4-Jun-09,24:00:00,43.121187,0.024641,14.790885,14.790885,0,0,0.818743,0.029922,28.326294,28.326294,0,0,0.779527
1344,5-Jun-09,24:00:00,42.302391,0.030809,14.484151,14.484151,0,0,0.814634,0.023966,27.814693,27.814693,0,0,0.775572
1345,6-Jun-09,24:00:00,41.578218,0.041506,14.212894,14.212894,0,0,0.80958,0.053137,27.362187,27.362187,0,0,0.770036
1346,7-Jun-09,24:00:00,40.937978,0.051451,13.973104,13.973104,0,0,0.802915,0.057062,26.9621,26.9621,0,0,0.762216
1347,8-Jun-09,24:00:00,40.372188,0.048629,13.761225,13.761225,0,0,0.795753,0.059037,26.60851,26.60851,0,0,0.754046
1348,9-Jun-09,24:00:00,39.872435,0.041698,13.574106,13.574106,0,0,0.78929,0.048638,26.296164,26.296164,0,0,0.746262
1349,10-Jun-09,24:00:00,39.431261,0.031843,13.408947,13.408947,0,0,0.784169,0.043442,26.020401,26.020401,0,0,0.739745
1350,11-Jun-09,24:00:00,39.042045,0.049122,13.263269,13.263269,0,0,0.778331,0.050686,25.777089,25.777089,0,0,0.732978
1351,12-Jun-09,24:00:00,38.698919,0.047856,13.13487,13.13487,0,0,0.77132,0.055041,25.562562,25.562562,0,0,0.725557
1352,13-Jun-09,24:00:00,38.396675,0.039126,13.021798,13.021798,0,0,0.765203,0.045489,25.373568,25.373568,0,0,0.718292
1353,14-Jun-09,24:00:00,38.130694,0.045593,12.922321,12.922321,0,0,0.759115,0.04672,25.207221,25.207221,0,0,0.711653
1354,15-Jun-09,24:00:00,37.896878,0.045743,12.834903,12.834903,0,0,0.752578,0.05044,25.060963,25.060963,0,0,0.70468
1355,16-Jun-09,24:00:00,37.691594,0.037679,12.758182,12.758182,0,0,0.746703,0.063812,24.932523,24.932523,0,0,0.696639
1356,17-Jun-09,24:00:00,37.511617,0.053476,12.690949,12.690949,0,0,0.740155,0.063544,24.819889,24.819889,0,0,0.687485
1357,18-Jun-09,24:00:00,37.354087,0.063991,12.632132,12.632132,0,0,0.731757,0.073757,24.721274,24.721274,0,0,0.677916
1358,19-Jun-09,24:00:00,37.216465,0.075643,12.580778,12.580778,0,0,0.722252,0.063364,24.635092,24.635092,0,0,0.667887
1359,20-Jun-09,24:00:00,37.096502,0.055449,12.536046,12.536046,0,0,0.712628,0.055927,24.559938,24.559938,0,0,0.659396
1360,21-Jun-09,24:00:00,36.9922,0.060436,12.497184,12.497184,0,0,0.703987,0.05704,24.494565,24.494565,0,0,0.651137
1361,22-Jun-09,24:00:00,36.901787,0.066267,12.463531,12.463531,0,0,0.69517,0.062416,24.437866,24.437866,0,0,0.642731
1362,23-Jun-09,24:00:00,36.823691,0.064809,12.434496,12.434496,0,0,0.685753,0.069201,24.388859,24.388859,0,0,0.633451
1363,24-Jun-09,24:00:00,36.756516,0.05183,12.409556,12.409556,0,0,0.677277,0.069158,24.346672,24.346672,0,0,0.623504
1364,25-Jun-09,24:00:00,36.699027,0.04307,12.388247,12.388247,0,0,0.670769,0.068401,24.310533,24.310533,0,0,0.613766
1365,26-Jun-09,24:00:00,36.650123,0.052842,12.370158,12.370158,0,0,0.663901,0.065178,24.279755,24.279755,0,0,0.604091
1366,27-Jun-09,24:00:00,36.60883,0.069318,12.354924,12.354924,0,0,0.655215,0.069556,24.25373,24.25373,0,0,0.594504
1367,28-Jun-09,24:00:00,36.574284,0.072217,12.34222,12.34222,0,0,0.64501,0.072177,24.231917,24.231917,0,0,0.584401
1368,29-Jun-09,24:00:00,36.545716,0.060772,12.331758,12.331758,0,0,0.635433,0.030515,24.213837,24.213837,0,0,0.577434
1369,30-Jun-09,24:00:00,36.522445,0.053012,12.323283,12.323283,0,0,0.627364,0.069948,24.199064,24.199064,0,0,0.569962
1370,1-Jul-09,24:00:00,36.503867,0.048292,12.316569,12.316569,0,0,0.620134,0.067171,24.18722,24.18722,0,0,0.560124
1371,2-Jul-09,24:00:00,36.489444,0.046286,12.311414,12.311414,0,0,0.613398,0.067594,24.17797,24.17797,0,0,0.550542
1372,3-Jul-09,24:00:00,36.478699,0.046149,12.30764,12.30764,0,0,0.60674,0.065827,24.171015,24.171015,0,0,0.54091
1373,4-Jul-09,24:00:00,36.471209,0.033614,12.305087,12.305087,0,0,0.60113,0.06228,24.166092,24.166092,0,0,0.531793
1374,5-Jul-09,24:00:00,36.466599,0.033967,12.303616,12.303616,0,0,0.596277,0.054113,24.162966,24.162966,0,0,0.523582
1375,6-Jul-09,24:00:00,36.464533,0.058272,12.303101,12.303101,0,0,0.589751,0.058885,24.161427,24.161427,0,0,0.515445
1376,7-Jul-09,24:00:00,36.464717,0.047456,12.30343,12.30343,0,0,0.582101,0.067696,24.16129,24.16129,0,0,0.506607
1377,8-Jul-09,24:00:00,36.466885,0.068985,12.304506,12.304506,0,0,0.574002,0.065748,24.162391,24.162391,0,0,0.496788
1378,9-Jul-09,24:00:00,36.470804,0.058549,12.30624,12.30624,0,0,0.564677,0.05861,24.164584,24.164584,0,0,0.487929
1379,10-Jul-09,24:00:00,36.476266,0.056299,12.308554,12.308554,0,0,0.556546,0.06512,24.167738,24.167738,0,0,0.479148
1380,11-Jul-09,24:00:00,36.483085,0.049341,12.31138,12.31138,0,0,0.548935,0.063476,24.171737,24.171737,0,0,0.469931
1381,12-Jul-09,24:00:00,36.491097,0.059179,12.314656,12.314656,0,0,0.541373,0.064924,24.176479,24.176479,0,0,0.460781
1382,13-Jul-09,24:00:00,36.500155,0.068075,12.318326,12.318326,0,0,0.532144,0.065805,24.181872,24.181872,0,0,0.451451
1383,14-Jul-09,24:00:00,36.51013,0.070802,12.322342,12.322342,0,0,0.522222,0.068469,24.187834,24.187834,0,0,0.441838
1384,15-Jul-09,24:00:00,36.520905,0.059411,12.326661,12.326661,0,0,0.512804,0.071931,24.194294,24.194294,0,0,0.431875
1385,16-Jul-09,24:00:00,36.532377,0.054429,12.331244,12.331244,0,0,0.504841,0.067735,24.201186,24.201186,0,0,0.42181
1386,17-Jul-09,24:00:00,36.544455,0.060568,12.336056,12.336056,0,0,0.496655,0.068144,24.208453,24.208453,0,0,0.412118
1387,18-Jul-09,24:00:00,36.557055,0.057876,12.341068,12.341068,0,0,0.488117,0.078782,24.216044,24.216044,0,0,0.401852
1388,19-Jul-09,24:00:00,36.570105,0.064922,12.346251,12.346251,0,0,0.479341,0.069958,24.223913,24.223913,0,0,0.390943
1389,20-Jul-09,24:00:00,36.583539,0.046996,12.351582,12.351582,0,0,0.471337,0.074114,24.232018,24.232018,0,0,0.380909
1390,21-Jul-09,24:00:00,36.597301,0.047208,12.357038,12.357038,0,0,0.464627,0.070416,24.240325,24.240325,0,0,0.37054
1391,22-Jul-09,24:00:00,36.611336,0.048729,12.3626,12.3626,0,0,0.457749,0.065884,24.2488,24.2488,0,0,0.360659
1392,23-Jul-09,24:00:00,36.6256,0.044985,12.368251,12.368251,0,0,0.451081,0.067868,24.257413,24.257413,0,0,0.351186
1393,24-Jul-09,24:00:00,36.64005,0.038625,12.373975,12.373975,0,0,0.445094,0.064782,24.26614,24.26614,0,0,0.341711
1394,25-Jul-09,24:00:00,36.65465,0.048093,12.379759,12.379759,0,0,0.43896,0.064367,24.274956,24.274956,0,0,0.332416
1395,26-Jul-09,24:00:00,36.669365,0.056491,12.38559,12.38559,0,0,0.431449,0.070565,24.283841,24.283841,0,0,0.322842
1396,27-Jul-09,24:00:00,36.684165,0.052408,12.391456,12.391456,0,0,0.423665,0.071706,24.292775,24.292775,0,0,0.312664
1397,28-Jul-09,24:00:00,36.699025,0.042624,12.397348,12.397348,0,0,0.416859,0.067015,24.301743,24.301743,0,0,0.302775
1398,29-Jul-09,24:00:00,36.71392,0.039527,12.403257,12.403257,0,0,0.410989,0.062699,24.310729,24.310729,0,0,0.293458
1399,30-Jul-09,24:00:00,36.728827,0.039427,12.409175,12.409175,0,0,0.405367,0.062582,24.319718,24.319718,0,0,0.284521
1400,31-Jul-09,24:00:00,36.743728,0.042802,12.415094,12.415094,0,0,0.399488,0.061656,24.3287,24.3287,0,0,0.27561
1401,1-Aug-09,24:00:00,36.758604,0.044798,12.421008,12.421008,0,0,0.393178,0.063604,24.337662,24.337662,0,0,0.266661
1402,2-Aug-09,24:00:00,36.77344,0.041431,12.426911,12.426911,0,0,0.387043,0.05615,24.346594,24.346594,0,0,0.258064
1403,3-Aug-09,24:00:00,36.788221,0.039814,12.432798,12.432798,0,0,0.38128,0.050416,24.355488,24.355488,0,0,0.250478
1404,4-Aug-09,24:00:00,36.802933,0.047914,12.438663,12.438663,0,0,0.374969,0.052225,24.364336,24.364336,0,0,0.24318
1405,5-Aug-09,24:00:00,36.817566,0.043996,12.444502,12.444502,0,0,0.368422,0.05582,24.373128,24.373128,0,0,0.235367
1406,6-Aug-09,24:00:00,36.832108,0.030055,12.450312,12.450312,0,0,0.36312,0.025812,24.38186,24.38186,0,0,0.22958
1407,7-Aug-09,24:00:00,36.846548,0.05268,12.456088,12.456088,0,0,0.357144,0.05323,24.390524,24.390524,0,0,0.223862
1408,8-Aug-09,24:00:00,36.860879,0.058371,12.461827,12.461827,0,0,0.349235,0.058169,24.399115,24.399115,0,0,0.21594
1409,9-Aug-09,24:00:00,36.875091,0.062255,12.467527,12.467527,0,0,0.340663,0.062807,24.407627,24.407627,0,0,0.207343
1410,10-Aug-09,24:00:00,36.889177,0.063377,12.473184,12.473184,0,0,0.331654,0.064114,24.416056,24.416056,0,0,0.198301
1411,11-Aug-09,24:00:00,36.90313,0.043529,12.478795,12.478795,0,0,0.324023,0.066873,24.424397,24.424397,0,0,0.189093
1412,12-Aug-09,24:00:00,36.916944,0.072068,12.484359,12.484359,0,0,0.316313,0.068638,24.432645,24.432645,0,0,0.179445
1413,13-Aug-09,24:00:00,36.930611,0.076544,12.489873,12.489873,0,0,0.305441,0.067176,24.440798,24.440798,0,0,0.169642
1414,14-Aug-09,24:00:00,36.944128,0.056263,12.495335,12.495335,0,0,0.295676,0.059032,24.448852,24.448852,0,0,0.160371
1415,15-Aug-09,24:00:00,36.957488,0.056906,12.500743,12.500743,0,0,0.287584,0.055523,24.456803,24.456803,0,0,0.152243
1416,16-Aug-09,24:00:00,36.970686,0.056455,12.506096,12.506096,0,0,0.279506,0.06079,24.464648,24.464648,0,0,0.144049
1417,17-Aug-09,24:00:00,36.983719,0.046642,12.511391,12.511391,0,0,0.27215,0.060185,24.472385,24.472385,0,0,0.135357
1418,18-Aug-09,24:00:00,36.996582,0.042441,12.516628,12.516628,0,0,0.265793,0.058382,24.48001,24.48001,0,0,0.126874
1419,19-Aug-09,24:00:00,37.00927,0.037188,12.521804,12.521804,0,0,0.26002,0.060061,24.487521,24.487521,0,0,0.11852
1420,20-Aug-09,24:00:00,37.021781,0.036408,12.526919,12.526919,0,0,0.254791,0.054305,24.494916,24.494916,0,0,0.110365
1421,21-Aug-09,24:00:00,37.03411,0.050259,12.531971,12.531971,0,0,0.248718,0.061915,24.502193,24.502193,0,0,0.102052
1422,22-Aug-09,24:00:00,37.046255,0.046028,12.536959,12.536959,0,0,0.241572,0.06045,24.509348,24.509348,0,0,0.09333
1423,23-Aug-09,24:00:00,37.058212,0.033899,12.541881,12.541881,0,0,0.23603,0.048062,24.516382,24.516382,0,0,0.085514
1424,24-Aug-09,24:00:00,37.069977,0.037019,12.546738,12.546738,0,0,0.230977,0.053175,24.52329,24.52329,0,0,0.078198
1425,25-Aug-09,24:00:00,37.08155,0.041641,12.551527,12.551527,0,0,0.225404,0.054415,24.530072,24.530072,0,0,0.070536
1426,26-Aug-09,24:00:00,37.092925,0.042807,12.556248,12.556248,0,0,0.219392,0.05825,24.536726,24.536726,0,0,0.062561
1427,27-Aug-09,24:00:00,37.104102,0.049402,12.560899,12.560899,0,0,0.212809,0.053553,24.54325,24.54325,0,0,0.054588
1428,28-Aug-09,24:00:00,37.115077,0.041965,12.565481,12.565481,0,0,0.206121,0.060435,24.549643,24.549643,0,0,0.046458
1429,29-Aug-09,24:00:00,37.125848,0.063178,12.569991,12.569991,0,0,0.198784,0.063779,24.555902,24.555902,0,0,0.037593
1430,30-Aug-09,24:00:00,37.136412,0.035302,12.57443,12.57443,0,0,0.191635,0.053965,24.562027,24.562027,0,0,0.029073
1431,31-Aug-09,24:00:00,37.146769,0.033094,12.578796,12.578796,0,0,0.186793,0.048176,24.568016,24.568016,0,0,0.021765
1432,1-Sep-09,24:00:00,37.156914,0.04177,12.583089,12.583089,0,0,0.181501,0.049982,24.573868,24.573868,0,0,0.014726
1433,2-Sep-09,24:00:00,37.166847,0.045011,12.587307,12.587307,0,0,0.175211,0.052732,24.579582,24.579582,0,0,0.007438
1434,3-Sep-09,24:00:00,37.176566,0.057186,12.591451,12.591451,0,0,0.167923,0.056365,24.585155,24.585155,0,0,0.001468
1435,4-Sep-09,24:00:00,37.186068,0.045418,12.595519,12.595519,0,0,0.160633,0.053197,24.590588,24.590588,0,0,0
1436,5-Sep-09,24:00:00,37.195351,0.040982,12.599511,12.599511,0,0,0.154423,0.032798,24.595878,24.595878,0,0,0
1437,6-Sep-09,24:00:00,37.204415,0.054734,12.603427,12.603427,0,0,0.147677,0.048221,24.601025,24.601025,0,0,0
1438,7-Sep-09,24:00:00,37.213257,0.046622,12.607265,12.607265,0,0,0.140226,0.051961,24.606028,24.606028,0,0,0
1439,8-Sep-09,24:00:00,37.221875,0.047188,12.611025,12.611025,0,0,0.133608,0.049191,24.610885,24.610885,0,0,0
1440,9-Sep-09,24:00:00,37.230268,0.041262,12.614706,12.614706,0,0,0.127327,0.047354,24.615596,24.615596,0,0,0
1441,10-Sep-09,24:00:00,37.238435,0.04182,12.618309,12.618309,0,0,0.121483,0.048338,24.620159,24.620159,0,0,0
1442,11-Sep-09,24:00:00,37.246373,0.049224,12.621832,12.621832,0,0,0.11487,0.052912,24.624573,24.624573,0,0,0
1443,12-Sep-09,24:00:00,37.254082,0.028147,12.625274,12.625274,0,0,0.109301,0.0503,24.628839,24.628839,0,0,0
1444,13-Sep-09,24:00:00,37.26156,0.012042,12.628636,12.628636,0,0,0.106311,0.028149,24.632953,24.632953,0,0,0
1445,14-Sep-09,24:00:00,37.268806,0.032558,12.631917,12.631917,0,0,0.105557,0.03335,24.636917,24.636917,0,0,0
1446,15-Sep-09,24:00:00,37.275818,0.044677,12.635117,12.635117,0,0,0.10483,0.046206,24.640729,24.640729,0,0,0
1447,16-Sep-09,24:00:00,37.282595,0.044683,12.638234,12.638234,0,0,0.100535,0.048392,24.644387,24.644387,0,0,0
1448,17-Sep-09,24:00:00,37.289135,0.044969,12.641269,12.641269,0,0,0.094033,0.046365,24.647892,24.647892,0,0,0
1449,18-Sep-09,24:00:00,37.295439,0.051457,12.64422,12.64422,0,0,0.087236,0.046371,24.651243,24.651243,0,0,0
1450,19-Sep-09,24:00:00,37.301504,0.040011,12.647089,12.647089,0,0,0.080676,0.049226,24.654438,24.654438,0,0,0
1451,20-Sep-09,24:00:00,37.307329,0.045193,12.649873,12.649873,0,0,0.074571,0.045212,24.657477,24.657477,0,0,0
1452,21-Sep-09,24:00:00,37.312913,0.044346,12.652574,12.652574,0,0,0.068155,0.042833,24.66036,24.66036,0,0,0
1453,22-Sep-09,24:00:00,37.318256,0.044467,12.65519,12.65519,0,0,0.061839,0.042421,24.663086,24.663086,0,0,0
1454,23-Sep-09,24:00:00,37.323355,0.040483,12.657721,12.657721,0,0,0.055745,0.046258,24.665653,24.665653,0,0,0
1455,24-Sep-09,24:00:00,37.328211,0.034472,12.660166,12.660166,0,0,0.050439,0.043561,24.668062,24.668062,0,0,0
1456,25-Sep-09,24:00:00,37.332822,0.039044,12.662526,12.662526,0,0,0.045244,0.043141,24.670311,24.670311,0,0,0
1457,26-Sep-09,24:00:00,37.337187,0.045073,12.664801,12.664801,0,0,0.039173,0.043948,24.672401,24.672401,0,0,0
1458,27-Sep-09,24:00:00,37.341305,0.046428,12.666988,12.666988,0,0,0.032672,0.04851,24.67433,24.67433,0,0,0
1459,28-Sep-09,24:00:00,37.345176,0.029048,12.66909,12.66909,0,0,0.027285,0.043194,24.676099,24.676099,0,0,0
1460,29-Sep-09,24:00:00,37.348799,0.043875,12.671104,12.671104,0,0,0.022205,0.040257,24.677706,24.677706,0,0,0
1461,30-Sep-09,24:00:00,37.352172,0.043024,12.673031,12.673031,0,0,0.015795,0.034084,24.67915,24.67915,0,0,0
