Col number,,,1,2,3,4,5,6,7,8,9,10,11,12,13
   Ordinate,Date,Time,Warm Springs Dam Inflow FLOW,Dry Creek 20 ET-POTENTIAL,Dry Creek 20 FLOW,Dry Creek 20 FLOW-BASE,Dry Creek 20 INFILTRATION,Dry Creek 20 PERC-SOIL,Dry Creek 20 SATURATION FRACTION,Dry Creek 30 ET-POTENTIAL,Dry Creek 30 FLOW,Dry Creek 30 FLOW-BASE,Dry Creek 30 INFILTRATION,Dry Creek 30 PERC-SOIL,Dry Creek 30 SATURATION FRACTION
Units, ,,CFS,IN,CFS,CFS,IN,IN,IN/IN,IN,CFS,CFS,IN,IN,IN/IN
Type, ,,PER-AVER,PER-CUM,PER-AVER,PER-AVER,PER-CUM,PER-CUM,PER-AVER,PER-CUM,PER-AVER,PER-AVER,PER-CUM,PER-CUM,PER-AVER
1,30-Sep-94,24:00:00,64.826,0.001206,21.107,21.107,0.0,0.0,0.0,0.001028,43.719,43.719,0.0,0.0,0.0
2,01-Oct-94,24:00:00,64.825995,0.001632,21.106998,21.106998,0.0,0.0,0.0,0.001649,43.718997,43.718997,0.0,0.0,0.0
3,02-Oct-94,24:00:00,64.825981,0.001381,21.106994,21.106994,0.0,0.0,0.0,0.001435,43.718987,43.718987,0.0,0.0,0.0
4,03-Oct-94,24:00:00,88.095411,0.000404,31.770559,21.106983,0.013518,0.0,0.020411,0.000403,56.49165,43.718965,0.010631,0.0,0.016885
5,04-Oct-94,24:00:00,70.575803,0.001154,21.491405,21.106965,0.0,0.0,0.046348,0.000796,48.919663,43.718928,0.0,0.0,0.036448
6,05-Oct-94,24:00:00,64.849894,0.001266,21.106937,21.106937,0.0,0.0,0.046348,0.001284,43.74084,43.718869,0.0,0.0,0.036448
7,06-Oct-94,24:00:00,64.825681,0.001484,21.106896,21.106896,0.0,0.0,0.046348,0.001367,43.718784,43.718784,0.0,0.0,0.036448
8,07-Oct-94,24:00:00,64.825512,0.001286,21.106841,21.106841,0.0,0.0,0.044736,0.001267,43.71867,43.71867,0.0,0.0,0.035708
9,08-Oct-94,24:00:00,64.825292,0.00092,21.106769,21.106769,0.0,0.0,0.041322,0.00121,43.718522,43.718522,0.0,0.0,0.032672
10,09-Oct-94,24:00:00,64.825015,0.000949,21.106679,21.106679,0.0,0.0,0.038207,0.001234,43.718335,43.718335,0.0,0.0,0.028333
11,10-Oct-94,24:00:00,64.824674,0.001058,21.106568,21.106568,0.0,0.0,0.034766,0.001092,43.718105,43.718105,0.0,0.0,0.024417
12,11-Oct-94,24:00:00,64.824264,0.001671,21.106434,21.106434,0.0,0.0,0.030138,0.001304,43.717828,43.717828,0.0,0.0,0.020312
13,12-Oct-94,24:00:00,64.823779,0.001517,21.106276,21.106276,0.0,0.0,0.024736,0.001334,43.7175,43.7175,0.0,0.0,0.015885
14,13-Oct-94,24:00:00,64.823211,0.001553,21.106091,21.106091,0.0,0.0,0.019596,0.001187,43.717117,43.717117,0.0,0.0,0.011683
15,14-Oct-94,24:00:00,64.822556,0.001739,21.105878,21.105878,0.0,0.0,0.013597,0.001367,43.716675,43.716675,0.0,0.0,0.006893
16,15-Oct-94,24:00:00,64.821807,0.00151,21.105634,21.105634,0.0,0.0,0.008137,0.001163,43.71617,43.71617,0.0,0.0,0.002742
17,16-Oct-94,24:00:00,64.82096,0.000986,21.105358,21.105358,0.0,0.0,0.003841,0.000797,43.715598,43.715598,0.0,0.0,0.000269
18,17-Oct-94,24:00:00,64.820008,0.001233,21.105047,21.105047,0.0,0.0,0.000879,0.001186,43.714955,43.714955,0.0,0.0,0.0
19,18-Oct-94,24:00:00,64.818945,0.00091,21.104701,21.104701,0.0,0.0,0.0,0.001137,43.714238,43.714238,0.0,0.0,0.0
20,19-Oct-94,24:00:00,64.817766,0.000985,21.104317,21.104317,0.0,0.0,0.0,0.001012,43.713443,43.713443,0.0,0.0,0.0
21,20-Oct-94,24:00:00,64.816466,0.001235,21.103894,21.103894,0.0,0.0,0.0,0.001051,43.712566,43.712566,0.0,0.0,0.0
22,21-Oct-94,24:00:00,64.81504,0.001195,21.103429,21.103429,0.0,0.0,0.0,0.000985,43.711603,43.711603,0.0,0.0,0.0
23,22-Oct-94,24:00:00,64.813482,0.00124,21.102921,21.102921,0.0,0.0,0.0,0.001171,43.710552,43.710552,0.0,0.0,0.0
24,23-Oct-94,24:00:00,64.811787,0.001061,21.102369,21.102369,0.0,0.0,0.0,0.000951,43.709409,43.709409,0.0,0.0,0.0
25,24-Oct-94,24:00:00,64.80995,0.000589,21.101771,21.101771,0.0,0.0,0.0,0.000611,43.708169,43.708169,0.0,0.0,0.0
26,25-Oct-94,24:00:00,64.807967,0.000621,21.101125,21.101125,0.0,0.0,0.0,0.000636,43.706831,43.706831,0.0,0.0,0.0
27,26-Oct-94,24:00:00,64.805831,0.000866,21.10043,21.10043,0.0,0.0,0.0,0.000654,43.705391,43.705391,0.0,0.0,0.0
28,27-Oct-94,24:00:00,64.803539,0.000961,21.099683,21.099683,0.0,0.0,0.0,0.00087,43.703845,43.703845,0.0,0.0,0.0
29,28-Oct-94,24:00:00,64.801086,0.000896,21.098884,21.098884,0.0,0.0,0.0,0.00091,43.70219,43.70219,0.0,0.0,0.0
30,29-Oct-94,24:00:00,64.798467,0.000905,21.098031,21.098031,0.0,0.0,0.0,0.000891,43.700423,43.700423,0.0,0.0,0.0
31,30-Oct-94,24:00:00,64.795678,0.000812,21.097123,21.097123,0.0,0.0,0.0,0.000697,43.698541,43.698541,0.0,0.0,0.0
32,31-Oct-94,24:00:00,64.792713,0.000544,21.096157,21.096157,0.0,0.0,0.0,0.000484,43.696541,43.696541,0.0,0.0,0.0
33,01-Nov-94,24:00:00,64.78957,0.001176,21.095133,21.095133,0.0,0.0,0.0,0.000915,43.694421,43.694421,0.0,0.0,0.0
34,02-Nov-94,24:00:00,64.786242,0.00089,21.09405,21.09405,0.0,0.0,0.0,0.000755,43.692176,43.692176,0.0,0.0,0.0
35,03-Nov-94,24:00:00,66.948887,0.000443,22.73299,21.092905,0.010688,0.0,0.002436,0.000362,44.293501,43.689805,0.012313,0.0,0.002889
36,04-Nov-94,24:00:00,249.459444,0.00018,101.930825,21.091697,0.09654,0.0,0.262571,0.00025,147.928758,43.687304,0.063262,0.0,0.190772
37,05-Nov-94,24:00:00,112.961173,0.000232,31.145332,21.090426,0.005997,0.0,0.387076,0.000255,81.371352,43.68467,0.009113,0.0,0.287946
38,06-Nov-94,24:00:00,65.631353,0.000697,21.08909,21.08909,0.0,0.0,0.388198,0.00064,44.509468,43.681902,0.0,0.0,0.290358
39,07-Nov-94,24:00:00,64.766704,0.00056,21.087686,21.087686,0.0,0.0,0.388198,0.000633,43.678996,43.678996,0.0,0.0,0.290358
40,08-Nov-94,24:00:00,274.139579,0.000207,102.012605,21.086215,0.099525,0.0,0.609838,0.00022,172.707466,43.675949,0.086514,0.0,0.492099
41,09-Nov-94,24:00:00,83.156726,0.000503,21.496248,21.084676,0.0,0.0,0.729426,0.000503,61.08519,43.67276,0.0,0.0,0.586977
42,10-Nov-94,24:00:00,64.760895,0.00066,21.083066,21.083066,0.0,0.0,0.729426,0.000325,43.67624,43.669425,0.0,0.0,0.586977
43,11-Nov-94,24:00:00,64.747352,0.000722,21.081384,21.081384,0.0,0.0,0.729426,0.000721,43.665942,43.665942,0.0,0.0,0.586977
44,12-Nov-94,24:00:00,64.741966,0.000713,21.07963,21.07963,0.0,0.0,0.729426,0.000612,43.662309,43.662309,0.0,0.0,0.586977
45,13-Nov-94,24:00:00,64.736353,0.000736,21.077802,21.077802,0.0,0.0,0.729426,0.000701,43.658522,43.658522,0.0,0.0,0.586977
46,14-Nov-94,24:00:00,131.977794,0.000444,49.541997,21.075899,0.034834,0.0,0.806166,0.000411,82.632045,43.654581,0.026536,0.0,0.644824
47,15-Nov-94,24:00:00,70.864815,0.000692,21.076143,21.07392,0.0,0.0,0.848856,0.000544,49.592493,43.650482,0.0,0.0,0.677956
48,16-Nov-94,24:00:00,64.71812,0.000837,21.071865,21.071865,0.0,0.0,0.848856,0.000673,43.646224,43.646224,0.0,0.0,0.677956
49,17-Nov-94,24:00:00,64.711566,0.000942,21.06973,21.06973,0.0,0.0,0.848856,0.000684,43.641803,43.641803,0.0,0.0,0.677956
50,18-Nov-94,24:00:00,64.70477,0.000657,21.067517,21.067517,0.0,0.0,0.848856,0.00046,43.637219,43.637219,0.0,0.0,0.677956
51,19-Nov-94,24:00:00,64.697726,0.000272,21.065223,21.065223,0.0,0.0,0.848856,9.6e-05,43.632468,43.632468,0.0,0.0,0.677956
52,20-Nov-94,24:00:00,64.690434,0.000543,21.062848,21.062848,0.0,0.0,0.848774,0.000398,43.627549,43.627549,0.0,0.0,0.677956
53,21-Nov-94,24:00:00,64.682888,0.000591,21.060391,21.060391,0.0,0.0,0.847659,0.000505,43.622459,43.622459,0.0,0.0,0.677956
54,22-Nov-94,24:00:00,64.675087,0.000453,21.057851,21.057851,0.0,0.0,0.84585,0.000372,43.617197,43.617197,0.0,0.0,0.677956
55,23-Nov-94,24:00:00,72.915519,0.000393,26.780926,21.055226,0.032303,0.0,0.852443,0.000291,46.411717,43.611761,0.028964,0.0,0.686449
56,24-Nov-94,24:00:00,269.105771,0.00042,141.120053,100.932382,0.029602,0.016344,0.994275,0.00027,128.071399,43.606148,0.032694,0.0,0.844236
57,25-Nov-94,24:00:00,233.129885,0.000608,170.344298,163.906527,0.002152,0.002152,1.0,0.000486,62.433901,43.600357,0.001158,0.0,0.893048
58,26-Nov-94,24:00:00,180.757604,0.000125,129.580808,123.09998,0.007941,0.007941,1.0,6.2e-05,51.222483,43.594387,0.005389,0.0,0.903118
59,27-Nov-94,24:00:00,98.740227,0.000397,53.365384,53.356456,0.0,0.0,1.0,0.000348,45.318231,43.588234,0.0,0.0,0.911523
60,28-Nov-94,24:00:00,87.44152,0.000442,43.859575,43.859575,0.0,0.0,1.0,0.000347,43.581898,43.581898,0.0,0.0,0.911523
61,29-Nov-94,24:00:00,84.850131,0.000497,41.274706,41.274706,0.0,0.0,1.0,0.000469,43.575377,43.575377,0.0,0.0,0.911523
62,30-Nov-94,24:00:00,82.551871,0.000262,38.983153,38.983153,0.0,0.0,1.0,0.000174,43.568668,43.568668,0.0,0.0,0.911523
63,01-Dec-94,24:00:00,80.512116,0.000249,36.950294,36.950294,0.0,0.0,1.0,0.000232,43.561771,43.561771,0.0,0.0,0.911523
64,02-Dec-94,24:00:00,3012.078803,0.000207,1659.901785,603.030717,0.059384,0.059384,1.0,0.000135,1364.205731,353.123066,0.063436,0.03763,0.979932
65,03-Dec-94,24:00:00,1053.367762,0.00047,200.978429,199.107607,0.0,0.0,1.0,0.000412,841.464138,639.113446,0.0,0.0,1.0
66,04-Dec-94,24:00:00,265.349261,0.000211,91.181299,91.181299,0.0,0.0,1.0,0.000197,172.959123,172.94917,0.0,0.0,1.0
67,05-Dec-94,24:00:00,198.281197,0.000353,83.209285,83.209285,0.0,0.0,1.0,0.000228,114.951285,114.951285,0.0,0.0,1.0
68,06-Dec-94,24:00:00,181.087243,0.00061,76.173156,76.173156,0.0,0.0,1.0,0.000425,104.858178,104.858178,0.0,0.0,1.0
69,07-Dec-94,24:00:00,167.825741,0.000417,69.932228,69.932228,0.0,0.0,1.0,0.000329,97.845805,97.845805,0.0,0.0,1.0
70,08-Dec-94,24:00:00,156.131079,0.000438,64.396567,64.396567,0.0,0.0,1.0,0.000342,91.692256,91.692256,0.0,0.0,1.0
71,09-Dec-94,24:00:00,145.759353,0.0002,59.486415,59.486415,0.0,0.0,1.0,0.000135,86.235457,86.235457,0.0,0.0,1.0
72,10-Dec-94,24:00:00,284.38549,0.000302,148.280416,137.016941,0.015879,0.015879,1.0,0.000122,138.587514,127.412164,0.014812,0.014812,1.0
73,11-Dec-94,24:00:00,703.744887,0.000276,229.186552,222.462799,0.006159,0.006159,1.0,0.000127,475.025464,448.568468,0.009531,0.009531,1.0
74,12-Dec-94,24:00:00,371.341307,0.00027,78.346992,78.322956,0.0,0.0,1.0,0.000111,290.652962,287.078055,0.0,0.0,1.0
75,13-Dec-94,24:00:00,858.048232,0.000143,412.27691,384.419641,0.034684,0.034684,1.0,0.000164,451.59164,411.139893,0.030886,0.030886,1.0
76,14-Dec-94,24:00:00,762.767545,0.000313,167.812455,167.32348,0.0,0.0,1.0,0.000186,590.104878,578.302496,0.0,0.0,1.0
77,15-Dec-94,24:00:00,295.931593,0.000367,90.700376,90.700376,0.0,0.0,1.0,0.000152,204.251749,204.222654,0.0,0.0,1.0
78,16-Dec-94,24:00:00,236.207474,0.00017,82.790622,82.790622,0.0,0.0,1.0,0.000174,153.27655,153.27655,0.0,0.0,1.0
79,17-Dec-94,24:00:00,215.227069,0.000204,75.79668,75.79668,0.0,0.0,1.0,0.000272,139.344471,139.344471,0.0,0.0,1.0
80,18-Dec-94,24:00:00,198.105735,0.000288,69.593129,69.593129,0.0,0.0,1.0,0.000276,128.437868,128.437868,0.0,0.0,1.0
81,19-Dec-94,24:00:00,182.97,0.000372,64.090585,64.090585,0.0,0.0,1.0,0.000256,118.813216,118.813216,0.0,0.0,1.0
82,20-Dec-94,24:00:00,169.545654,0.000257,59.209772,59.209772,0.0,0.0,1.0,0.000327,110.277196,110.277196,0.0,0.0,1.0
83,21-Dec-94,24:00:00,157.63768,0.000145,54.880381,54.880381,0.0,0.0,1.0,0.000424,102.705265,102.705265,0.0,0.0,1.0
84,22-Dec-94,24:00:00,147.074544,0.00022,51.040049,51.040049,0.0,0.0,1.0,0.000438,95.988349,95.988349,0.0,0.0,1.0
85,23-Dec-94,24:00:00,732.893558,0.000531,267.64518,252.844531,0.01811,0.01811,1.0,0.000391,468.7239,433.904046,0.021862,0.021862,1.0
86,24-Dec-94,24:00:00,373.665415,0.00085,67.583365,67.583365,0.0,0.0,1.0,0.000616,303.162507,300.974809,0.0,0.0,1.0
87,25-Dec-94,24:00:00,194.861821,0.000374,59.420444,59.420444,0.0,0.0,1.0,0.000386,135.100444,135.100444,0.0,0.0,1.0
88,26-Dec-94,24:00:00,274.509539,0.000182,127.34754,119.378391,0.012322,0.012322,1.0,0.00018,149.049041,142.120924,0.016324,0.016324,1.0
89,27-Dec-94,24:00:00,590.787461,0.000543,137.422484,135.321339,0.0,0.0,1.0,0.000513,452.709046,432.274443,0.0,0.0,1.0
90,28-Dec-94,24:00:00,245.719243,0.00043,60.491129,60.491129,0.0,0.0,1.0,0.000306,184.132299,183.861477,0.0,0.0,1.0
91,29-Dec-94,24:00:00,182.721303,0.000306,55.965307,55.965307,0.0,0.0,1.0,0.000303,126.620806,126.620806,0.0,0.0,1.0
92,30-Dec-94,24:00:00,167.110363,0.000185,52.060925,52.045191,0.000292,0.000292,1.0,0.000188,114.984075,114.984075,0.0,0.0,1.0
93,31-Dec-94,24:00:00,548.253029,0.000205,257.998032,243.960575,0.016903,0.016903,1.0,0.000194,291.804568,275.181411,0.010435,0.010435,1.0
94,01-Jan-95,24:00:00,309.246725,0.00027,101.430407,95.489743,0.014774,0.014774,1.0,0.000534,206.99511,204.656335,0.008306,0.008306,1.0
95,02-Jan-95,24:00:00,1194.177757,0.000194,492.71637,465.548366,0.026596,0.026596,1.0,0.000191,706.818123,652.382458,0.030974,0.030974,1.0
96,03-Jan-95,24:00:00,1647.05625,0.000261,645.522296,607.833261,0.045691,0.045691,1.0,0.000266,1003.742607,942.363154,0.036904,0.036904,1.0
97,04-Jan-95,24:00:00,1209.409451,0.000387,311.039729,302.231813,0.011507,0.011507,1.0,0.000221,893.81122,867.101917,0.009622,0.009622,1.0
98,05-Jan-95,24:00:00,983.837213,0.000263,428.721694,404.912575,0.036225,0.036225,1.0,0.000171,557.242028,531.314867,0.03152,0.03152,1.0
99,06-Jan-95,24:00:00,2766.7675,0.000466,1025.821699,963.617168,0.078405,0.078405,1.0,0.000269,1748.476391,1625.151644,0.07992,0.07992,1.0
100,07-Jan-95,24:00:00,10268.72875,0.000302,3972.8825,1306.721667,0.1,0.1,1.0,0.000304,6323.376667,2367.774583,0.1,0.1,1.0
101,08-Jan-95,24:00:00,9008.520833,0.000334,2429.44125,1350.791667,0.076335,0.076335,1.0,0.000317,6558.557917,2834.994583,0.076675,0.076675,1.0
102,09-Jan-95,24:00:00,3022.82625,0.000494,739.395401,716.154885,0.02134,0.02134,1.0,0.000404,2272.320417,2038.172917,0.021688,0.021688,1.0
103,10-Jan-95,24:00:00,2131.429167,0.000433,672.712772,652.109597,0.025456,0.025456,1.0,0.000283,1457.957083,1410.405833,0.026034,0.026034,1.0
104,11-Jan-95,24:00:00,2087.14125,0.000357,678.431918,656.569982,0.029679,0.029679,1.0,0.000306,1407.947083,1364.691667,0.030361,0.030361,1.0
105,12-Jan-95,24:00:00,5777.35375,0.000261,2145.657387,1215.46235,0.098129,0.098129,1.0,0.000246,3655.812917,1902.10875,0.098166,0.098166,1.0
106,13-Jan-95,24:00:00,4995.385417,0.00029,1269.422386,1155.584436,0.042677,0.042677,1.0,0.000264,3707.157083,2679.79,0.0446,0.0446,1.0
107,14-Jan-95,24:00:00,2012.998333,0.000472,494.629308,491.133478,0.001903,0.001903,1.0,0.000258,1510.729167,1486.734583,0.0,0.0,1.0
108,15-Jan-95,24:00:00,1213.277083,0.000435,378.3423,378.3423,0.0,0.0,1.0,0.000402,832.978048,832.827123,0.0,0.0,1.0
109,16-Jan-95,24:00:00,1032.803297,0.00034,337.816342,337.816342,0.0,0.0,1.0,0.000288,694.299701,694.299701,0.0,0.0,1.0
110,17-Jan-95,24:00:00,920.875748,0.000246,301.97161,301.97161,0.0,0.0,1.0,0.000272,618.362108,618.362108,0.0,0.0,1.0
111,18-Jan-95,24:00:00,823.88312,0.000499,270.180216,270.180216,0.0,0.0,1.0,0.000505,553.228555,553.228555,0.0,0.0,1.0
112,19-Jan-95,24:00:00,818.988726,0.000358,301.577204,295.995425,0.007251,0.007251,1.0,0.000454,517.651082,514.100952,0.003144,0.003144,1.0
113,20-Jan-95,24:00:00,786.933286,0.000415,274.309636,269.08888,0.011115,0.011115,1.0,0.000315,512.610848,508.579356,0.00878,0.00878,1.0
114,21-Jan-95,24:00:00,2989.421667,0.000222,1468.893917,1017.318269,0.089279,0.089279,1.0,0.00021,1533.396042,1273.948127,0.085624,0.085624,1.0
115,22-Jan-95,24:00:00,3478.362917,0.000276,1158.79791,1071.401773,0.064783,0.064783,1.0,0.000182,2316.66625,2135.894167,0.056262,0.056262,1.0
116,23-Jan-95,24:00:00,3196.875,0.00033,975.801487,923.208067,0.03142,0.03142,1.0,0.000211,2219.767083,2118.710833,0.038023,0.038023,1.0
117,24-Jan-95,24:00:00,1728.787083,0.000303,430.099379,424.04691,0.00742,0.00742,1.0,0.000255,1293.724583,1271.0575,0.012068,0.012068,1.0
118,25-Jan-95,24:00:00,1718.669167,0.000132,667.009652,600.300579,0.035631,0.035631,1.0,0.000103,1054.552069,1009.92923,0.034825,0.034825,1.0
119,26-Jan-95,24:00:00,2069.347083,0.000163,656.464704,637.704832,0.020656,0.020656,1.0,0.000157,1411.284583,1369.083333,0.017702,0.017702,1.0
120,27-Jan-95,24:00:00,1506.86625,0.00015,453.434871,444.654269,0.010646,0.010646,1.0,0.000208,1050.585645,1030.749888,0.009237,0.009237,1.0
121,28-Jan-95,24:00:00,958.957877,0.000455,288.395865,288.387459,0.0,0.0,1.0,0.0004,668.292707,667.223699,0.0,0.0,1.0
122,29-Jan-95,24:00:00,1853.197517,0.000175,748.402182,714.715905,0.041219,0.041219,1.0,0.000307,1110.16106,1052.67926,0.036609,0.036609,1.0
123,30-Jan-95,24:00:00,1153.801574,0.000507,287.070422,287.070422,0.0,0.0,1.0,0.000463,861.521189,857.033434,0.0,0.0,1.0
124,31-Jan-95,24:00:00,755.797913,0.000512,245.234571,245.234571,0.0,0.0,1.0,0.000507,509.586291,509.586291,0.0,0.0,1.0
125,01-Feb-95,24:00:00,657.497309,0.000501,219.860846,219.860846,0.0,0.0,1.0,0.000491,437.250652,437.250652,0.0,0.0,1.0
126,02-Feb-95,24:00:00,589.541691,0.000487,197.359573,197.359573,0.0,0.0,1.0,0.000741,391.86418,391.86418,0.0,0.0,1.0
127,03-Feb-95,24:00:00,530.085068,0.000418,177.403399,177.403399,0.0,0.0,1.0,0.000602,352.402026,352.402026,0.0,0.0,1.0
128,04-Feb-95,24:00:00,477.38053,0.00029,159.704555,159.704555,0.0,0.0,1.0,0.000256,317.429222,317.429222,0.0,0.0,1.0
129,05-Feb-95,24:00:00,430.638668,0.000384,144.007812,144.007812,0.0,0.0,1.0,0.000372,286.412981,286.412981,0.0,0.0,1.0
130,06-Feb-95,24:00:00,389.184511,0.000533,130.086804,130.086804,0.0,0.0,1.0,0.000613,258.905231,258.905231,0.0,0.0,0.999914
131,07-Feb-95,24:00:00,352.420146,0.000534,117.740758,117.740758,0.0,0.0,0.999906,0.000578,234.509267,234.509267,0.0,0.0,0.998771
132,08-Feb-95,24:00:00,319.815298,0.000939,106.791606,106.791606,0.0,0.0,0.998168,0.000803,212.873262,212.873262,0.0,0.0,0.996443
133,09-Feb-95,24:00:00,290.89966,0.000517,97.081415,97.081415,0.0,0.0,0.995671,0.000507,193.685174,193.685174,0.0,0.0,0.994196
134,10-Feb-95,24:00:00,265.25611,0.000296,88.470109,88.470109,0.0,0.0,0.994209,0.000303,176.668242,176.668242,0.0,0.0,0.992747
135,11-Feb-95,24:00:00,242.514698,0.000595,80.833452,80.833452,0.0,0.0,0.992769,0.000524,161.577002,161.577002,0.0,0.0,0.991399
136,12-Feb-95,24:00:00,222.666294,0.000248,74.061257,74.061257,0.0,0.0,0.991231,0.000257,148.515791,148.193745,0.000246,0.0,0.990783
137,13-Feb-95,24:00:00,204.560002,0.000786,68.055794,68.055794,0.0,0.0,0.98951,0.000736,136.419386,136.32538,0.0,0.0,0.991199
138,14-Feb-95,24:00:00,188.603466,0.000809,62.730386,62.730386,0.0,0.0,0.98679,0.000742,125.800648,125.800648,0.0,0.0,0.991199
139,15-Feb-95,24:00:00,174.539991,0.00041,58.008154,58.008154,0.0,0.0,0.984678,0.000567,116.467656,116.467656,0.0,0.0,0.991199
140,16-Feb-95,24:00:00,162.069478,0.00074,53.820914,53.820914,0.0,0.0,0.982698,0.000342,108.191685,108.191685,0.0,0.0,0.991199
141,17-Feb-95,24:00:00,151.011854,0.00099,50.10819,50.10819,0.0,0.0,0.979791,0.000825,100.853248,100.853248,0.0,0.0,0.991199
142,18-Feb-95,24:00:00,141.207407,0.001007,46.816346,46.816346,0.0,0.0,0.976366,0.000932,94.34637,94.34637,0.0,0.0,0.991021
143,19-Feb-95,24:00:00,132.514485,0.001052,43.89781,43.89781,0.0,0.0,0.972843,0.000997,88.577058,88.577058,0.0,0.0,0.98907
144,20-Feb-95,24:00:00,124.807454,0.001122,41.310386,41.310386,0.0,0.0,0.969137,0.001057,83.461945,83.461945,0.0,0.0,0.98559
145,21-Feb-95,24:00:00,117.974882,0.000471,39.016653,39.016653,0.0,0.0,0.966356,0.000978,78.927091,78.927091,0.0,0.0,0.982072
146,22-Feb-95,24:00:00,111.91794,0.000416,36.983417,36.983417,0.0,0.0,0.964802,0.00066,74.906916,74.906916,0.0,0.0,0.979299
147,23-Feb-95,24:00:00,106.548971,0.000688,35.181241,35.181241,0.0,0.0,0.962948,0.000913,71.343256,71.343256,0.0,0.0,0.976566
148,24-Feb-95,24:00:00,101.790228,0.000399,33.584014,33.584014,0.0,0.0,0.961019,0.00095,68.184519,68.184519,0.0,0.0,0.973433
149,25-Feb-95,24:00:00,97.572757,0.000463,32.168575,32.168575,0.0,0.0,0.959572,0.000681,65.38495,65.38495,0.0,0.0,0.9706
150,26-Feb-95,24:00:00,93.835397,0.000523,30.914386,30.914386,0.0,0.0,0.957884,0.000552,62.903965,62.903965,0.0,0.0,0.968472
151,27-Feb-95,24:00:00,90.523902,0.000552,29.803228,29.803228,0.0,0.0,0.956011,0.000721,60.705568,60.705568,0.0,0.0,0.966218
152,28-Feb-95,24:00:00,87.590159,0.000453,28.81894,28.81894,0.0,0.0,0.954291,0.000581,58.757833,58.757833,0.0,0.0,0.963945
153,01-Mar-95,24:00:00,582.108112,0.000319,279.276478,250.173611,0.03576,0.022172,0.985271,0.000307,307.377041,261.174744,0.032946,0.022123,0.988557
154,02-Mar-95,24:00:00,747.310956,0.00079,203.545872,195.045407,0.010252,0.010252,1.0,0.000462,541.545685,518.770456,0.008361,0.008361,1.0
155,03-Mar-95,24:00:00,274.806478,0.000661,61.392176,61.392176,0.0,0.0,1.0,0.000578,211.652278,210.704988,0.0,0.0,1.0
156,04-Mar-95,24:00:00,171.295379,0.000728,55.337276,55.337276,0.0,0.0,1.0,0.000751,115.763114,115.763114,0.0,0.0,1.0
157,05-Mar-95,24:00:00,154.281076,0.001133,51.471718,51.471718,0.0,0.0,1.0,0.000907,102.75185,102.75185,0.0,0.0,1.0
158,06-Mar-95,24:00:00,143.962916,0.00074,48.044874,48.044874,0.0,0.0,1.0,0.00088,95.872078,95.872078,0.0,0.0,1.0
159,07-Mar-95,24:00:00,3608.219305,0.000243,2041.606755,504.836642,0.068092,0.068092,1.0,0.000272,1599.21887,541.099889,0.073082,0.073082,1.0
160,08-Mar-95,24:00:00,19139.387083,0.000428,6826.002495,1069.699581,0.060417,0.060417,1.0,0.000621,12305.235,2143.088333,0.0619,0.0619,1.0
161,09-Mar-95,24:00:00,5330.617917,0.000401,1649.354261,807.521276,0.075022,0.075022,1.0,0.000366,3677.276667,1672.164167,0.071323,0.071323,1.0
162,10-Mar-95,24:00:00,3338.762083,0.00051,886.464417,832.985312,0.032669,0.032669,1.0,0.000387,2441.18375,1944.924583,0.035387,0.035387,1.0
163,11-Mar-95,24:00:00,1321.71338,0.000609,270.544998,270.517081,0.0,0.0,1.0,0.000641,1043.639547,1033.985595,0.001096,0.001096,1.0
164,12-Mar-95,24:00:00,3655.233662,0.000381,1469.725966,1000.501094,0.095509,0.095509,1.0,0.000387,2202.574136,1368.524222,0.096175,0.096175,1.0
165,13-Mar-95,24:00:00,5141.38125,0.000383,1713.17375,1380.653333,0.076798,0.076798,1.0,0.000276,3425.035,2759.135,0.075171,0.075171,1.0
166,14-Mar-95,24:00:00,2270.654583,0.001245,461.066295,460.708274,0.0,0.0,1.0,0.001043,1797.994153,1735.051172,0.0,0.0,1.0
167,15-Mar-95,24:00:00,1090.9023,0.001297,325.282329,325.282329,0.0,0.0,1.0,0.00111,763.066086,763.042627,0.0,0.0,1.0
168,16-Mar-95,24:00:00,901.151628,0.000807,290.875279,290.875279,0.0,0.0,1.0,0.000872,609.646271,609.646271,0.0,0.0,1.0
169,17-Mar-95,24:00:00,1114.676271,0.000646,391.190018,382.33225,0.010838,0.010838,1.0,0.000659,724.92845,707.732412,0.010944,0.010944,1.0
170,18-Mar-95,24:00:00,850.735123,0.000766,247.612377,247.612377,0.0,0.0,1.0,0.000607,601.148259,599.816247,0.000189,0.000189,1.0
171,19-Mar-95,24:00:00,3849.975148,0.000616,1507.778249,684.784632,0.042818,0.042818,1.0,0.000601,2351.409256,1063.771193,0.045095,0.045095,1.0
172,20-Mar-95,24:00:00,1703.45625,0.000648,467.868563,452.745145,0.018702,0.018702,1.0,0.000409,1229.121249,1091.397077,0.01402,0.01402,1.0
173,21-Mar-95,24:00:00,2890.124583,0.00037,1244.73788,934.582605,0.06361,0.06361,1.0,0.000343,1651.190114,1463.949469,0.060882,0.060882,1.0
174,22-Mar-95,24:00:00,1957.282083,0.000551,515.967854,502.615287,0.015887,0.015887,1.0,0.000346,1437.020417,1392.7975,0.017495,0.017495,1.0
175,23-Mar-95,24:00:00,1126.244597,0.001262,290.968476,290.89576,0.0,0.0,1.0,0.001086,830.873869,825.761833,0.0,0.0,1.0
176,24-Mar-95,24:00:00,769.462841,0.001393,245.059794,245.059794,0.0,0.0,1.0,0.001301,523.473865,523.473865,0.0,0.0,1.0
177,25-Mar-95,24:00:00,671.826507,0.001379,219.770893,219.770893,0.0,0.0,0.999946,0.001275,451.658751,451.658751,0.0,0.0,1.0
178,26-Mar-95,24:00:00,602.498178,0.001626,197.348148,197.348148,0.0,0.0,0.997248,0.001392,404.82072,404.82072,0.0,0.0,0.998526
179,27-Mar-95,24:00:00,541.768749,0.001806,177.463152,177.463152,0.0,0.0,0.991376,0.001631,364.015954,364.015954,0.0,0.0,0.99392
180,28-Mar-95,24:00:00,487.938371,0.001688,159.828964,159.828964,0.0,0.0,0.985397,0.001463,327.853892,327.853892,0.0,0.0,0.98863
181,29-Mar-95,24:00:00,440.20253,0.001171,144.191093,144.191093,0.0,0.0,0.980474,0.001187,295.785884,295.785884,0.0,0.0,0.984025
182,30-Mar-95,24:00:00,397.871378,0.00099,130.323824,130.323824,0.0,0.0,0.976639,0.000911,267.348346,267.348346,0.0,0.0,0.980381
183,31-Mar-95,24:00:00,360.333769,0.001565,118.026963,118.026963,0.0,0.0,0.972309,0.001425,242.13078,242.13078,0.0,0.0,0.976268
184,01-Apr-95,24:00:00,327.047691,0.001867,107.122956,107.122956,0.0,0.0,0.966505,0.001536,219.769127,219.769127,0.0,0.0,0.971277
185,02-Apr-95,24:00:00,297.532429,0.001593,97.454323,97.454323,0.0,0.0,0.960487,0.001599,199.940491,199.940491,0.0,0.0,0.965895
186,03-Apr-95,24:00:00,271.361629,0.001496,88.881394,88.881394,0.0,0.0,0.95531,0.001294,182.358489,182.358489,0.0,0.0,0.961094
187,04-Apr-95,24:00:00,248.157152,0.001234,81.28029,81.28029,0.0,0.0,0.950542,0.001058,166.769122,166.769122,0.0,0.0,0.956948
188,05-Apr-95,24:00:00,326.933659,0.000306,83.809358,74.54114,0.011588,0.0,0.969648,0.000348,245.312111,214.022068,0.025076,0.011936,0.985959
189,06-Apr-95,24:00:00,815.987469,0.000754,130.70497,123.540644,0.008518,0.005011,0.997156,0.000724,687.186655,644.979643,0.02011,0.02011,1.0
190,07-Apr-95,24:00:00,559.865857,0.000943,100.777256,98.597614,0.002671,0.002671,1.0,0.000501,456.534478,446.940393,0.004705,0.004705,1.0
191,08-Apr-95,24:00:00,336.089687,0.00157,68.778618,68.775464,0.0,0.0,1.0,0.001334,266.094759,264.731472,0.0,0.0,1.0
192,09-Apr-95,24:00:00,244.065181,0.001718,61.411408,61.411408,0.0,0.0,1.0,0.001608,182.408999,182.408999,0.0,0.0,1.0
193,10-Apr-95,24:00:00,219.179064,0.001539,56.930966,56.930966,0.0,0.0,0.998005,0.001304,162.138773,162.138773,0.0,0.0,0.999483
194,11-Apr-95,24:00:00,212.257634,0.000682,54.393678,53.594763,0.003808,0.001851,0.995169,0.000625,158.61574,156.280648,0.012605,0.011535,0.998251
195,12-Apr-95,24:00:00,517.345117,0.001314,84.655331,81.582516,0.000929,0.000929,1.0,0.001048,433.141848,410.793561,0.002218,0.002218,1.0
196,13-Apr-95,24:00:00,260.882054,0.001461,49.313339,49.313339,0.0,0.0,1.0,0.001342,210.407865,210.000149,0.0,0.0,1.0
197,14-Apr-95,24:00:00,200.663414,0.000625,46.161468,46.161468,0.0,0.0,1.0,0.000442,154.555923,153.322736,0.001067,0.001067,1.0
198,15-Apr-95,24:00:00,195.521753,0.001737,43.418919,43.418919,0.0,0.0,1.0,0.001379,151.866686,151.294514,0.0,0.0,1.0
199,16-Apr-95,24:00:00,167.759169,0.000758,40.989141,40.989141,0.0,0.0,0.999803,0.000817,126.661668,126.660041,0.0,0.0,1.0
200,17-Apr-95,24:00:00,154.861435,0.001738,38.836773,38.836773,0.0,0.0,0.996486,0.001546,115.960513,115.960513,0.0,0.0,1.0
201,18-Apr-95,24:00:00,144.86335,0.001569,36.930459,36.930459,0.0,0.0,0.990697,0.001286,107.877818,107.877818,0.0,0.0,0.998462
202,19-Apr-95,24:00:00,136.072247,0.001456,35.242389,35.242389,0.0,0.0,0.985666,0.001384,100.781133,100.781133,0.0,0.0,0.994363
203,20-Apr-95,24:00:00,128.285492,0.001823,33.747897,33.747897,0.0,0.0,0.980053,0.001638,94.49443,94.49443,0.0,0.0,0.989088
204,21-Apr-95,24:00:00,121.387236,0.002102,32.425106,32.425106,0.0,0.0,0.973379,0.001873,88.92389,88.92389,0.0,0.0,0.98311
205,22-Apr-95,24:00:00,115.276979,0.002102,31.254611,31.254611,0.0,0.0,0.966159,0.001918,83.988492,83.988492,0.0,0.0,0.976615
206,23-Apr-95,24:00:00,109.865648,0.001443,30.219201,30.219201,0.0,0.0,0.960101,0.002117,79.616439,79.616439,0.0,0.0,0.969793
207,24-Apr-95,24:00:00,105.074244,0.001381,29.303612,29.303612,0.0,0.0,0.955201,0.001948,75.744053,75.744053,0.0,0.0,0.96275
208,25-Apr-95,24:00:00,100.832699,0.001312,28.494304,28.494304,0.0,0.0,0.950517,0.001598,72.314858,72.314858,0.0,0.0,0.956565
209,26-Apr-95,24:00:00,106.746025,0.001119,27.779268,27.779268,0.0,0.0,0.948119,0.000968,78.980635,69.278759,0.006345,0.0,0.969106
210,27-Apr-95,24:00:00,124.934914,0.000493,31.492595,27.147852,0.009933,0.0,0.953088,0.000568,95.223936,84.181033,0.027003,0.019856,0.982438
211,28-Apr-95,24:00:00,804.107584,0.000714,44.179803,35.521412,0.005978,0.000779,0.998764,0.000792,761.789215,704.538642,0.013551,0.013551,1.0
212,29-Apr-95,24:00:00,344.487724,0.001187,41.16891,38.329727,0.010139,0.010139,1.0,0.001315,301.55294,296.901908,0.017587,0.017587,1.0
213,30-Apr-95,24:00:00,1697.768121,0.001355,456.139024,429.882334,0.025463,0.025463,1.0,0.001334,1246.509299,999.492525,0.030561,0.030561,1.0
214,01-May-95,24:00:00,575.097452,0.001635,66.010204,66.010204,0.0,0.0,1.0,0.001203,503.689638,496.027858,0.0,0.0,1.0
215,02-May-95,24:00:00,279.409427,0.001724,59.209549,59.209549,0.0,0.0,0.999398,0.001499,219.641943,219.641943,0.0,0.0,1.0
216,03-May-95,24:00:00,240.468009,0.001755,55.0405,55.0405,0.0,0.0,0.995433,0.001498,185.286914,185.286914,0.0,0.0,0.997976
217,04-May-95,24:00:00,220.394635,0.001709,51.346025,51.346025,0.0,0.0,0.98934,0.001351,168.939551,168.939551,0.0,0.0,0.993159
218,05-May-95,24:00:00,203.176382,0.001674,48.072162,48.072162,0.0,0.0,0.983536,0.001555,155.008202,155.008202,0.0,0.0,0.988228
219,06-May-95,24:00:00,187.932092,0.001646,45.171353,45.171353,0.0,0.0,0.977805,0.001716,142.675748,142.675748,0.0,0.0,0.982644
220,07-May-95,24:00:00,174.420684,0.001458,42.601418,42.601418,0.0,0.0,0.972586,0.001343,131.744008,131.744008,0.0,0.0,0.97743
221,08-May-95,24:00:00,162.445714,0.000504,40.324946,40.324946,0.0,0.0,0.969122,0.000809,122.054118,122.054118,0.0,0.0,0.973727
222,09-May-95,24:00:00,151.833443,0.001738,38.308757,38.308757,0.0,0.0,0.965333,0.001662,113.465652,113.465652,0.0,0.0,0.969433
223,10-May-95,24:00:00,142.429791,0.001502,36.523421,36.523421,0.0,0.0,0.959966,0.001489,105.854078,105.854078,0.0,0.0,0.964123
224,11-May-95,24:00:00,144.53764,0.000566,41.558736,34.942836,0.010151,0.0,0.964191,0.000402,103.141814,99.108943,0.00952,0.0,0.966905
225,12-May-95,24:00:00,231.933703,0.001071,35.224161,33.543852,0.0,0.0,0.990209,0.001059,197.118384,174.249863,0.006733,0.004666,0.999875
226,13-May-95,24:00:00,163.527381,0.001051,32.348467,32.305934,0.00079,0.0,0.990322,0.001217,130.833165,129.748076,0.004042,0.004042,1.0
227,14-May-95,24:00:00,422.426606,0.001211,87.961128,82.091518,0.006444,0.004378,0.999871,0.000736,335.517902,316.699483,0.007667,0.007667,1.0
228,15-May-95,24:00:00,207.192977,0.001951,35.161159,35.161159,0.0,0.0,1.0,0.001593,170.891057,170.359833,0.0,0.0,1.0
229,16-May-95,24:00:00,142.411809,0.00147,33.54318,33.54318,0.0,0.0,0.999457,0.001695,108.734995,108.734995,0.0,0.0,1.0
230,17-May-95,24:00:00,131.182334,0.001716,32.316801,32.316801,0.0,0.0,0.99569,0.002006,98.81643,98.81643,0.0,0.0,0.997012
231,18-May-95,24:00:00,124.06959,0.002243,31.232006,31.232006,0.0,0.0,0.988904,0.002161,92.797007,92.797007,0.0,0.0,0.990111
232,19-May-95,24:00:00,117.879798,0.001098,30.272754,30.272754,0.0,0.0,0.983169,0.001513,87.571198,87.571198,0.0,0.0,0.9837
233,20-May-95,24:00:00,112.402106,0.000928,29.424846,29.424846,0.0,0.0,0.979611,0.001029,82.945513,82.945513,0.0,0.0,0.979446
234,21-May-95,24:00:00,107.552632,0.00138,28.675689,28.675689,0.0,0.0,0.975711,0.00147,78.848828,78.848828,0.0,0.0,0.975199
235,22-May-95,24:00:00,103.260246,0.001658,28.014115,28.014115,0.0,0.0,0.970618,0.002161,75.221236,75.221236,0.0,0.0,0.968996
236,23-May-95,24:00:00,99.46195,0.001802,27.430216,27.430216,0.0,0.0,0.964685,0.002114,72.009693,72.009693,0.0,0.0,0.961607
237,24-May-95,24:00:00,96.101869,0.001496,26.915207,26.915207,0.0,0.0,0.958877,0.002311,69.167154,69.167154,0.0,0.0,0.953945
238,25-May-95,24:00:00,93.130447,0.001368,26.461294,26.461294,0.0,0.0,0.954064,0.001784,66.651892,66.651892,0.0,0.0,0.946996
239,26-May-95,24:00:00,90.503732,0.001948,26.061563,26.061563,0.0,0.0,0.948257,0.00222,64.426899,64.426899,0.0,0.0,0.940142
240,27-May-95,24:00:00,88.182736,0.002202,25.709883,25.709883,0.0,0.0,0.941197,0.002266,62.45935,62.45935,0.0,0.0,0.932434
241,28-May-95,24:00:00,86.132884,0.001991,25.400817,25.400817,0.0,0.0,0.934114,0.00254,60.720131,60.720131,0.0,0.0,0.924272
242,29-May-95,24:00:00,84.323505,0.001518,25.129539,25.129539,0.0,0.0,0.928071,0.002135,59.18342,59.18342,0.0,0.0,0.916222
243,30-May-95,24:00:00,82.727397,0.002122,24.891772,24.891772,0.0,0.0,0.921855,0.002178,57.826313,57.826313,0.0,0.0,0.908822
244,31-May-95,24:00:00,81.320433,0.001403,24.683719,24.683719,0.0,0.0,0.915735,0.001308,56.628496,56.628496,0.0,0.0,0.90286
245,01-Jun-95,24:00:00,80.081211,0.001828,24.502014,24.502014,0.0,0.0,0.910291,0.001578,55.571949,55.571949,0.0,0.0,0.897911
246,02-Jun-95,24:00:00,78.99075,0.002183,24.343671,24.343671,0.0,0.0,0.903324,0.001965,54.640692,54.640692,0.0,0.0,0.891908
247,03-Jun-95,24:00:00,78.032213,0.00245,24.206041,24.206041,0.0,0.0,0.895555,0.002084,53.820549,53.820549,0.0,0.0,0.884854
248,04-Jun-95,24:00:00,77.190665,0.002583,24.086773,24.086773,0.0,0.0,0.886918,0.002013,53.098947,53.098947,0.0,0.0,0.877876
249,05-Jun-95,24:00:00,76.452861,0.002565,23.983784,23.983784,0.0,0.0,0.877959,0.001536,52.464733,52.464733,0.0,0.0,0.87159
250,06-Jun-95,24:00:00,75.807051,0.002412,23.895224,23.895224,0.0,0.0,0.869364,0.002056,51.908015,51.908015,0.0,0.0,0.865374
251,07-Jun-95,24:00:00,75.242811,0.002157,23.819454,23.819454,0.0,0.0,0.861464,0.002245,51.420019,51.420019,0.0,0.0,0.85843
252,08-Jun-95,24:00:00,74.750897,0.001383,23.755016,23.755016,0.0,0.0,0.855583,0.001629,50.992962,50.992962,0.0,0.0,0.851614
253,09-Jun-95,24:00:00,74.323109,0.002117,23.700622,23.700622,0.0,0.0,0.849538,0.001988,50.619939,50.619939,0.0,0.0,0.845509
254,10-Jun-95,24:00:00,73.952171,0.002405,23.655125,23.655125,0.0,0.0,0.841936,0.002271,50.294828,50.294828,0.0,0.0,0.838181
255,11-Jun-95,24:00:00,73.63163,0.002533,23.617508,23.617508,0.0,0.0,0.833447,0.002291,50.012196,50.012196,0.0,0.0,0.830362
256,12-Jun-95,24:00:00,73.355762,0.002054,23.586871,23.586871,0.0,0.0,0.825367,0.00153,49.767224,49.767224,0.0,0.0,0.823605
257,13-Jun-95,24:00:00,73.323158,0.000719,23.562414,23.562414,0.0,0.0,0.820529,0.000523,49.786377,49.555639,0.002941,0.0,0.821018
258,14-Jun-95,24:00:00,80.112957,0.001548,24.580773,23.543426,0.001269,0.0,0.823476,0.001434,55.508898,49.373647,0.000894,0.0,0.832503
259,15-Jun-95,24:00:00,72.879131,0.001309,23.529277,23.529277,0.0,0.0,0.823629,0.001009,49.343768,49.217885,0.0,0.0,0.832503
260,16-Jun-95,24:00:00,72.60567,0.001385,23.51941,23.51941,0.0,0.0,0.823606,0.000935,49.085368,49.085368,0.0,0.0,0.832503
261,17-Jun-95,24:00:00,72.487527,0.001874,23.513326,23.513326,0.0,0.0,0.820411,0.001371,48.973451,48.973451,0.0,0.0,0.831864
262,18-Jun-95,24:00:00,72.390994,0.002405,23.510587,23.510587,0.0,0.0,0.813173,0.001891,48.879782,48.879782,0.0,0.0,0.827388
263,19-Jun-95,24:00:00,72.313595,0.002576,23.510802,23.510802,0.0,0.0,0.804647,0.002148,48.802279,48.802279,0.0,0.0,0.820488
264,20-Jun-95,24:00:00,72.253131,0.00265,23.513623,23.513623,0.0,0.0,0.795693,0.002307,48.739092,48.739092,0.0,0.0,0.812868
265,21-Jun-95,24:00:00,72.207653,0.002672,23.518743,23.518743,0.0,0.0,0.786565,0.002474,48.688582,48.688582,0.0,0.0,0.804689
266,22-Jun-95,24:00:00,72.17543,0.002963,23.525888,23.525888,0.0,0.0,0.777029,0.002663,48.649292,48.649292,0.0,0.0,0.795968
267,23-Jun-95,24:00:00,72.154927,0.00283,23.534815,23.534815,0.0,0.0,0.767087,0.002075,48.61993,48.61993,0.0,0.0,0.787999
268,24-Jun-95,24:00:00,72.144781,0.003062,23.545309,23.545309,0.0,0.0,0.756989,0.002611,48.59935,48.59935,0.0,0.0,0.779761
269,25-Jun-95,24:00:00,72.143782,0.002553,23.557178,23.557178,0.0,0.0,0.747206,0.002719,48.586535,48.586535,0.0,0.0,0.770683
270,26-Jun-95,24:00:00,72.150856,0.001852,23.570253,23.570253,0.0,0.0,0.739675,0.002287,48.580582,48.580582,0.0,0.0,0.762088
271,27-Jun-95,24:00:00,72.16505,0.001927,23.584382,23.584382,0.0,0.0,0.73335,0.002237,48.580689,48.580689,0.0,0.0,0.754381
272,28-Jun-95,24:00:00,72.185518,0.001399,23.59943,23.59943,0.0,0.0,0.727544,0.002241,48.586145,48.586145,0.0,0.0,0.746645
273,29-Jun-95,24:00:00,72.211508,0.001405,23.615279,23.615279,0.0,0.0,0.722695,0.001745,48.596319,48.596319,0.0,0.0,0.739836
274,30-Jun-95,24:00:00,72.242353,0.001702,23.631822,23.631822,0.0,0.0,0.71737,0.001805,48.610649,48.610649,0.0,0.0,0.733656
275,01-Jul-95,24:00:00,72.27746,0.001593,23.648965,23.648965,0.0,0.0,0.711746,0.001785,48.628638,48.628638,0.0,0.0,0.727669
276,02-Jul-95,24:00:00,72.316302,0.001818,23.666625,23.666625,0.0,0.0,0.705927,0.002487,48.649843,48.649843,0.0,0.0,0.720421
277,03-Jul-95,24:00:00,72.358413,0.002361,23.684725,23.684725,0.0,0.0,0.698875,0.002574,48.673872,48.673872,0.0,0.0,0.71161
278,04-Jul-95,24:00:00,72.403375,0.00224,23.703201,23.703201,0.0,0.0,0.690967,0.002423,48.700376,48.700376,0.0,0.0,0.703065
279,05-Jul-95,24:00:00,72.450821,0.00254,23.721992,23.721992,0.0,0.0,0.682628,0.00244,48.729045,48.729045,0.0,0.0,0.69456
280,06-Jul-95,24:00:00,72.500421,0.002648,23.741047,23.741047,0.0,0.0,0.673778,0.002358,48.759603,48.759603,0.0,0.0,0.686396
281,07-Jul-95,24:00:00,72.551883,0.002283,23.760317,23.760317,0.0,0.0,0.665497,0.00172,48.791806,48.791806,0.0,0.0,0.679434
282,08-Jul-95,24:00:00,72.604948,0.002259,23.779762,23.779762,0.0,0.0,0.65759,0.001642,48.825436,48.825436,0.0,0.0,0.673707
283,09-Jul-95,24:00:00,72.659384,0.002349,23.799344,23.799344,0.0,0.0,0.649546,0.001732,48.860299,48.860299,0.0,0.0,0.667733
284,10-Jul-95,24:00:00,72.714987,0.002251,23.819029,23.819029,0.0,0.0,0.64169,0.00171,48.896224,48.896224,0.0,0.0,0.661854
285,11-Jul-95,24:00:00,72.771573,0.002093,23.838788,23.838788,0.0,0.0,0.634148,0.001765,48.933057,48.933057,0.0,0.0,0.65595
286,12-Jul-95,24:00:00,72.828979,0.002743,23.858595,23.858595,0.0,0.0,0.626074,0.002595,48.970661,48.970661,0.0,0.0,0.648723
287,13-Jul-95,24:00:00,72.88706,0.002979,23.878425,23.878425,0.0,0.0,0.616314,0.00258,49.008916,49.008916,0.0,0.0,0.639713
288,14-Jul-95,24:00:00,72.945686,0.002985,23.898257,23.898257,0.0,0.0,0.60612,0.002564,49.047713,49.047713,0.0,0.0,0.630821
289,15-Jul-95,24:00:00,73.004741,0.002547,23.918072,23.918072,0.0,0.0,0.596438,0.002822,49.086957,49.086957,0.0,0.0,0.621837
290,16-Jul-95,24:00:00,73.064124,0.001084,23.937854,23.937854,0.0,0.0,0.590124,0.001289,49.12656,49.12656,0.0,0.0,0.614453
291,17-Jul-95,24:00:00,73.123741,0.002217,23.957586,23.957586,0.0,0.0,0.584379,0.002021,49.166446,49.166446,0.0,0.0,0.608695
292,18-Jul-95,24:00:00,73.18351,0.001664,23.977256,23.977256,0.0,0.0,0.577973,0.002255,49.206548,49.206548,0.0,0.0,0.601543
293,19-Jul-95,24:00:00,73.243359,0.001676,23.99685,23.99685,0.0,0.0,0.572316,0.002012,49.246804,49.246804,0.0,0.0,0.594364
294,20-Jul-95,24:00:00,73.303221,0.001742,24.016357,24.016357,0.0,0.0,0.566437,0.001998,49.287159,49.287159,0.0,0.0,0.587412
295,21-Jul-95,24:00:00,73.363037,0.001907,24.035768,24.035768,0.0,0.0,0.560172,0.001637,49.327564,49.327564,0.0,0.0,0.58117
296,22-Jul-95,24:00:00,73.422755,0.00199,24.055073,24.055073,0.0,0.0,0.553569,0.002044,49.367977,49.367977,0.0,0.0,0.574871
297,23-Jul-95,24:00:00,73.482327,0.002398,24.074264,24.074264,0.0,0.0,0.545899,0.001596,49.408357,49.408357,0.0,0.0,0.568616
298,24-Jul-95,24:00:00,73.54171,0.001878,24.093334,24.093334,0.0,0.0,0.538703,0.001803,49.44867,49.44867,0.0,0.0,0.562792
299,25-Jul-95,24:00:00,73.600867,0.002718,24.112275,24.112275,0.0,0.0,0.530808,0.002473,49.488885,49.488885,0.0,0.0,0.555555
300,26-Jul-95,24:00:00,73.659763,0.00284,24.131083,24.131083,0.0,0.0,0.521291,0.002557,49.528972,49.528972,0.0,0.0,0.546889
301,27-Jul-95,24:00:00,73.718366,0.002328,24.149751,24.149751,0.0,0.0,0.512305,0.002479,49.568907,49.568907,0.0,0.0,0.538212
302,28-Jul-95,24:00:00,73.77665,0.002414,24.168273,24.168273,0.0,0.0,0.504196,0.002206,49.608666,49.608666,0.0,0.0,0.530205
303,29-Jul-95,24:00:00,73.834588,0.002705,24.186647,24.186647,0.0,0.0,0.495478,0.002157,49.648229,49.648229,0.0,0.0,0.5225
304,30-Jul-95,24:00:00,73.892157,0.002813,24.204866,24.204866,0.0,0.0,0.486031,0.002388,49.687577,49.687577,0.0,0.0,0.514892
305,31-Jul-95,24:00:00,73.949337,0.002679,24.222928,24.222928,0.0,0.0,0.476645,0.002547,49.726694,49.726694,0.0,0.0,0.506468
306,01-Aug-95,24:00:00,74.006109,0.002384,24.240828,24.240828,0.0,0.0,0.467909,0.002551,49.765563,49.765563,0.0,0.0,0.497706
307,02-Aug-95,24:00:00,74.062455,0.002348,24.258564,24.258564,0.0,0.0,0.459706,0.002392,49.804172,49.804172,0.0,0.0,0.489219
308,03-Aug-95,24:00:00,74.11836,0.001772,24.276132,24.276132,0.0,0.0,0.452828,0.002486,49.842507,49.842507,0.0,0.0,0.48106
309,04-Aug-95,24:00:00,74.17381,0.001634,24.293529,24.293529,0.0,0.0,0.446838,0.002111,49.880557,49.880557,0.0,0.0,0.472965
310,05-Aug-95,24:00:00,74.228791,0.001781,24.310754,24.310754,0.0,0.0,0.441081,0.002275,49.918312,49.918312,0.0,0.0,0.465595
311,06-Aug-95,24:00:00,74.283291,0.002316,24.327802,24.327802,0.0,0.0,0.434045,0.00237,49.955761,49.955761,0.0,0.0,0.457552
312,07-Aug-95,24:00:00,74.3373,0.002684,24.344673,24.344673,0.0,0.0,0.425487,0.002268,49.992897,49.992897,0.0,0.0,0.449501
313,08-Aug-95,24:00:00,74.390807,0.002509,24.361364,24.361364,0.0,0.0,0.416476,0.002507,50.02971,50.02971,0.0,0.0,0.441469
314,09-Aug-95,24:00:00,74.443802,0.002401,24.377873,24.377873,0.0,0.0,0.408036,0.001922,50.066195,50.066195,0.0,0.0,0.433703
315,10-Aug-95,24:00:00,74.496278,0.002164,24.394197,24.394197,0.0,0.0,0.400259,0.002132,50.102343,50.102343,0.0,0.0,0.426812
316,11-Aug-95,24:00:00,74.548225,0.002435,24.410337,24.410337,0.0,0.0,0.392352,0.002368,50.138148,50.138148,0.0,0.0,0.419176
317,12-Aug-95,24:00:00,74.599636,0.002658,24.426289,24.426289,0.0,0.0,0.383763,0.001916,50.173605,50.173605,0.0,0.0,0.411736
318,13-Aug-95,24:00:00,74.650505,0.002442,24.442051,24.442051,0.0,0.0,0.374846,0.002402,50.208709,50.208709,0.0,0.0,0.404372
319,14-Aug-95,24:00:00,74.700825,0.002024,24.457624,24.457624,0.0,0.0,0.3672,0.002322,50.243453,50.243453,0.0,0.0,0.396369
320,15-Aug-95,24:00:00,74.750589,0.002285,24.473005,24.473005,0.0,0.0,0.359963,0.002119,50.277833,50.277833,0.0,0.0,0.388696
321,16-Aug-95,24:00:00,74.799792,0.002075,24.488193,24.488193,0.0,0.0,0.352172,0.002022,50.311846,50.311846,0.0,0.0,0.381406
322,17-Aug-95,24:00:00,74.848428,0.002169,24.503186,24.503186,0.0,0.0,0.345037,0.002139,50.345486,50.345486,0.0,0.0,0.374428
323,18-Aug-95,24:00:00,74.896494,0.001751,24.517984,24.517984,0.0,0.0,0.33817,0.001909,50.378751,50.378751,0.0,0.0,0.367379
324,19-Aug-95,24:00:00,74.943982,0.002181,24.532586,24.532586,0.0,0.0,0.331628,0.002349,50.411635,50.411635,0.0,0.0,0.360297
325,20-Aug-95,24:00:00,74.99089,0.001867,24.546989,24.546989,0.0,0.0,0.324622,0.002034,50.444137,50.444137,0.0,0.0,0.352689
326,21-Aug-95,24:00:00,75.037213,0.001778,24.561194,24.561194,0.0,0.0,0.318448,0.001946,50.476252,50.476252,0.0,0.0,0.346025
327,22-Aug-95,24:00:00,75.082946,0.002306,24.575199,24.575199,0.0,0.0,0.311452,0.002251,50.507978,50.507978,0.0,0.0,0.338645
328,23-Aug-95,24:00:00,75.128087,0.002015,24.589003,24.589003,0.0,0.0,0.303958,0.001975,50.539311,50.539311,0.0,0.0,0.33133
329,24-Aug-95,24:00:00,75.172631,0.001773,24.602606,24.602606,0.0,0.0,0.297432,0.00187,50.570249,50.570249,0.0,0.0,0.324764
330,25-Aug-95,24:00:00,75.216575,0.001975,24.616006,24.616006,0.0,0.0,0.291107,0.00219,50.60079,50.60079,0.0,0.0,0.317989
331,26-Aug-95,24:00:00,75.259915,0.002097,24.629203,24.629203,0.0,0.0,0.28421,0.002091,50.63093,50.63093,0.0,0.0,0.310571
332,27-Aug-95,24:00:00,75.302649,0.002129,24.642196,24.642196,0.0,0.0,0.277017,0.002156,50.660668,50.660668,0.0,0.0,0.303371
333,28-Aug-95,24:00:00,75.344773,0.001978,24.654984,24.654984,0.0,0.0,0.26978,0.001965,50.690001,50.690001,0.0,0.0,0.296142
334,29-Aug-95,24:00:00,75.386284,0.002071,24.667567,24.667567,0.0,0.0,0.262937,0.001964,50.718927,50.718927,0.0,0.0,0.289384
335,30-Aug-95,24:00:00,75.427181,0.002048,24.679943,24.679943,0.0,0.0,0.25581,0.002013,50.747445,50.747445,0.0,0.0,0.282586
336,31-Aug-95,24:00:00,75.467459,0.001764,24.692112,24.692112,0.0,0.0,0.249225,0.001914,50.775551,50.775551,0.0,0.0,0.275805
337,01-Sep-95,24:00:00,75.507117,0.002045,24.704074,24.704074,0.0,0.0,0.242766,0.001815,50.803244,50.803244,0.0,0.0,0.269426
338,02-Sep-95,24:00:00,75.546152,0.002058,24.715828,24.715828,0.0,0.0,0.235717,0.001859,50.830522,50.830522,0.0,0.0,0.263194
339,03-Sep-95,24:00:00,75.584562,0.002178,24.727372,24.727372,0.0,0.0,0.228512,0.00196,50.857384,50.857384,0.0,0.0,0.256654
340,04-Sep-95,24:00:00,75.622345,0.002405,24.738708,24.738708,0.0,0.0,0.22072,0.002017,50.883829,50.883829,0.0,0.0,0.249848
341,05-Sep-95,24:00:00,75.659498,0.002444,24.749834,24.749834,0.0,0.0,0.212375,0.002083,50.909853,50.909853,0.0,0.0,0.24278
342,06-Sep-95,24:00:00,75.69602,0.002284,24.760749,24.760749,0.0,0.0,0.204247,0.001885,50.935456,50.935456,0.0,0.0,0.235864
343,07-Sep-95,24:00:00,75.731909,0.001931,24.771454,24.771454,0.0,0.0,0.196853,0.001915,50.960637,50.960637,0.0,0.0,0.229414
344,08-Sep-95,24:00:00,75.767162,0.001209,24.781947,24.781947,0.0,0.0,0.191538,0.001674,50.985394,50.985394,0.0,0.0,0.223409
345,09-Sep-95,24:00:00,75.801778,0.001489,24.792229,24.792229,0.0,0.0,0.186951,0.001473,51.009726,51.009726,0.0,0.0,0.217918
346,10-Sep-95,24:00:00,75.835756,0.001373,24.802298,24.802298,0.0,0.0,0.182071,0.001928,51.03363,51.03363,0.0,0.0,0.212059
347,11-Sep-95,24:00:00,75.869093,0.001493,24.812155,24.812155,0.0,0.0,0.17715,0.001743,51.057108,51.057108,0.0,0.0,0.205752
348,12-Sep-95,24:00:00,75.901789,0.001278,24.821799,24.821799,0.0,0.0,0.172287,0.001623,51.080156,51.080156,0.0,0.0,0.199873
349,13-Sep-95,24:00:00,75.93384,0.001377,24.83123,24.83123,0.0,0.0,0.167846,0.001808,51.102774,51.102774,0.0,0.0,0.194109
350,14-Sep-95,24:00:00,75.965248,0.001643,24.840448,24.840448,0.0,0.0,0.162686,0.001801,51.124961,51.124961,0.0,0.0,0.187992
351,15-Sep-95,24:00:00,75.996009,0.001518,24.849451,24.849451,0.0,0.0,0.157182,0.001484,51.146715,51.146715,0.0,0.0,0.182326
352,16-Sep-95,24:00:00,76.026123,0.001883,24.85824,24.85824,0.0,0.0,0.151337,0.001959,51.168037,51.168037,0.0,0.0,0.176537
353,17-Sep-95,24:00:00,76.055588,0.00204,24.866815,24.866815,0.0,0.0,0.144649,0.001758,51.188925,51.188925,0.0,0.0,0.169944
354,18-Sep-95,24:00:00,76.084404,0.002186,24.875175,24.875175,0.0,0.0,0.137458,0.00165,51.209377,51.209377,0.0,0.0,0.164091
355,19-Sep-95,24:00:00,76.112569,0.001858,24.88332,24.88332,0.0,0.0,0.130381,0.001872,51.229394,51.229394,0.0,0.0,0.158138
356,20-Sep-95,24:00:00,76.140082,0.001402,24.891249,24.891249,0.0,0.0,0.1248,0.00144,51.248974,51.248974,0.0,0.0,0.152454
357,21-Sep-95,24:00:00,76.166943,0.001059,24.898964,24.898964,0.0,0.0,0.120555,0.001077,51.268117,51.268117,0.0,0.0,0.148184
358,22-Sep-95,24:00:00,76.19315,0.0013,24.906463,24.906463,0.0,0.0,0.116551,0.001545,51.286822,51.286822,0.0,0.0,0.143593
359,23-Sep-95,24:00:00,76.218702,0.001002,24.913746,24.913746,0.0,0.0,0.11265,0.001262,51.305088,51.305088,0.0,0.0,0.138878
360,24-Sep-95,24:00:00,76.243599,0.00165,24.920813,24.920813,0.0,0.0,0.108138,0.001458,51.322915,51.322915,0.0,0.0,0.134195
361,25-Sep-95,24:00:00,76.267841,0.00168,24.927664,24.927664,0.0,0.0,0.102381,0.001526,51.340302,51.340302,0.0,0.0,0.129031
362,26-Sep-95,24:00:00,76.291425,0.001484,24.934299,24.934299,0.0,0.0,0.09695,0.001372,51.357248,51.357248,0.0,0.0,0.12412
363,27-Sep-95,24:00:00,76.314352,0.001805,24.940718,24.940718,0.0,0.0,0.091383,0.001418,51.373754,51.373754,0.0,0.0,0.119285
364,28-Sep-95,24:00:00,76.336622,0.001587,24.94692,24.94692,0.0,0.0,0.085417,0.00142,51.389818,51.389818,0.0,0.0,0.114364
365,29-Sep-95,24:00:00,76.358233,0.001634,24.952906,24.952906,0.0,0.0,0.07989,0.001343,51.40544,51.40544,0.0,0.0,0.109708
366,30-Sep-95,24:00:00,76.379185,0.00173,24.958675,24.958675,0.0,0.0,0.074174,0.001431,51.420619,51.420619,0.0,0.0,0.104869
367,01-Oct-95,24:00:00,76.399479,0.001702,24.964228,24.964228,0.0,0.0,0.068343,0.001466,51.435356,51.435356,0.0,0.0,0.09995
368,02-Oct-95,24:00:00,76.419112,0.002233,24.969564,24.969564,0.0,0.0,0.061819,0.00178,51.449651,51.449651,0.0,0.0,0.09451
369,03-Oct-95,24:00:00,76.438086,0.002593,24.974684,24.974684,0.0,0.0,0.053342,0.001627,51.463501,51.463501,0.0,0.0,0.08873
370,04-Oct-95,24:00:00,76.456399,0.001552,24.979587,24.979587,0.0,0.0,0.046231,0.001312,51.476908,51.476908,0.0,0.0,0.083538
371,05-Oct-95,24:00:00,76.474052,0.001532,24.984274,24.984274,0.0,0.0,0.040883,0.001306,51.489872,51.489872,0.0,0.0,0.078947
372,06-Oct-95,24:00:00,76.491045,0.001391,24.988744,24.988744,0.0,0.0,0.035793,0.001285,51.502391,51.502391,0.0,0.0,0.074532
373,07-Oct-95,24:00:00,76.507377,0.001072,24.992998,24.992998,0.0,0.0,0.031599,0.001321,51.514466,51.514466,0.0,0.0,0.070143
374,08-Oct-95,24:00:00,76.523048,0.001553,24.997035,24.997035,0.0,0.0,0.027122,0.001276,51.526097,51.526097,0.0,0.0,0.065614
375,09-Oct-95,24:00:00,76.538059,0.001562,25.000856,25.000856,0.0,0.0,0.021836,0.001286,51.537283,51.537283,0.0,0.0,0.06122
376,10-Oct-95,24:00:00,76.552408,0.001276,25.00446,25.00446,0.0,0.0,0.01708,0.000926,51.548025,51.548025,0.0,0.0,0.057645
377,11-Oct-95,24:00:00,76.566097,0.001383,25.007849,25.007849,0.0,0.0,0.012186,0.001152,51.558322,51.558322,0.0,0.0,0.053719
378,12-Oct-95,24:00:00,76.579126,0.001384,25.011021,25.011021,0.0,0.0,0.007578,0.001126,51.568175,51.568175,0.0,0.0,0.049926
379,13-Oct-95,24:00:00,76.591493,0.001517,25.013978,25.013978,0.0,0.0,0.00266,0.001194,51.577583,51.577583,0.0,0.0,0.045986
380,14-Oct-95,24:00:00,76.603201,0.000673,25.016718,25.016718,0.0,0.0,0.0,0.000945,51.586547,51.586547,0.0,0.0,0.04236
381,15-Oct-95,24:00:00,76.614248,0.001242,25.019243,25.019243,0.0,0.0,0.0,0.001169,51.595066,51.595066,0.0,0.0,0.038704
382,16-Oct-95,24:00:00,76.624636,0.001318,25.021553,25.021553,0.0,0.0,0.0,0.00132,51.603141,51.603141,0.0,0.0,0.034589
383,17-Oct-95,24:00:00,76.634364,0.001402,25.023647,25.023647,0.0,0.0,0.0,0.001066,51.610771,51.610771,0.0,0.0,0.030276
384,18-Oct-95,24:00:00,76.643433,0.00132,25.025526,25.025526,0.0,0.0,0.0,0.001162,51.617958,51.617958,0.0,0.0,0.026508
385,19-Oct-95,24:00:00,76.651844,0.000758,25.02719,25.02719,0.0,0.0,0.0,0.0009,51.624701,51.624701,0.0,0.0,0.023069
386,20-Oct-95,24:00:00,76.659595,0.001344,25.02864,25.02864,0.0,0.0,0.0,0.001154,51.631,51.631,0.0,0.0,0.019451
387,21-Oct-95,24:00:00,76.66669,0.001694,25.029875,25.029875,0.0,0.0,0.0,0.000894,51.636856,51.636856,0.0,0.0,0.01598
388,22-Oct-95,24:00:00,76.673126,0.001203,25.030896,25.030896,0.0,0.0,0.0,0.001021,51.642268,51.642268,0.0,0.0,0.01268
389,23-Oct-95,24:00:00,76.678906,0.001017,25.031702,25.031702,0.0,0.0,0.0,0.000973,51.647238,51.647238,0.0,0.0,0.009238
390,24-Oct-95,24:00:00,76.68403,0.000994,25.032296,25.032296,0.0,0.0,0.0,0.000763,51.651766,51.651766,0.0,0.0,0.006293
391,25-Oct-95,24:00:00,76.688498,0.001154,25.032675,25.032675,0.0,0.0,0.0,0.001101,51.655851,51.655851,0.0,0.0,0.003131
392,26-Oct-95,24:00:00,76.69231,0.00102,25.032841,25.032841,0.0,0.0,0.0,0.000566,51.659494,51.659494,0.0,0.0,0.000509
393,27-Oct-95,24:00:00,76.695469,0.000826,25.032795,25.032795,0.0,0.0,0.0,0.000731,51.662696,51.662696,0.0,0.0,0.0
394,28-Oct-95,24:00:00,76.697974,0.000452,25.032536,25.032536,0.0,0.0,0.0,0.001019,51.665457,51.665457,0.0,0.0,0.0
395,29-Oct-95,24:00:00,76.699826,0.000344,25.032064,25.032064,0.0,0.0,0.0,0.000704,51.667777,51.667777,0.0,0.0,0.0
396,30-Oct-95,24:00:00,76.701026,0.00035,25.031381,25.031381,0.0,0.0,0.0,0.000326,51.669658,51.669658,0.0,0.0,0.0
397,31-Oct-95,24:00:00,76.701575,0.000696,25.030486,25.030486,0.0,0.0,0.0,0.000652,51.671098,51.671098,0.0,0.0,0.0
398,01-Nov-95,24:00:00,76.701474,0.0004,25.029379,25.029379,0.0,0.0,0.0,0.000723,51.6721,51.6721,0.0,0.0,0.0
399,02-Nov-95,24:00:00,76.700722,0.000844,25.028062,25.028062,0.0,0.0,0.0,0.000765,51.672663,51.672663,0.0,0.0,0.0
400,03-Nov-95,24:00:00,76.699323,0.000753,25.026534,25.026534,0.0,0.0,0.0,0.000562,51.672788,51.672788,0.0,0.0,0.0
401,04-Nov-95,24:00:00,76.697275,0.000645,25.024795,25.024795,0.0,0.0,0.0,0.000627,51.672476,51.672476,0.0,0.0,0.0
402,05-Nov-95,24:00:00,76.694581,0.000737,25.022847,25.022847,0.0,0.0,0.0,0.00068,51.671727,51.671727,0.0,0.0,0.0
403,06-Nov-95,24:00:00,76.691242,0.000776,25.02069,25.02069,0.0,0.0,0.0,0.000733,51.670542,51.670542,0.0,0.0,0.0
404,07-Nov-95,24:00:00,76.687257,0.000682,25.018323,25.018323,0.0,0.0,0.0,0.000626,51.668921,51.668921,0.0,0.0,0.0
405,08-Nov-95,24:00:00,76.682629,0.000773,25.015748,25.015748,0.0,0.0,0.0,0.000562,51.666865,51.666865,0.0,0.0,0.0
406,09-Nov-95,24:00:00,76.677359,0.000963,25.012964,25.012964,0.0,0.0,0.0,0.000658,51.664376,51.664376,0.0,0.0,0.0
407,10-Nov-95,24:00:00,76.671447,0.00087,25.009972,25.009972,0.0,0.0,0.0,0.000583,51.661452,51.661452,0.0,0.0,0.0
408,11-Nov-95,24:00:00,76.664896,0.000979,25.006773,25.006773,0.0,0.0,0.0,0.000709,51.658096,51.658096,0.0,0.0,0.0
409,12-Nov-95,24:00:00,76.657705,0.00099,25.003367,25.003367,0.0,0.0,0.0,0.000776,51.654308,51.654308,0.0,0.0,0.0
410,13-Nov-95,24:00:00,76.649876,0.0009,24.999755,24.999755,0.0,0.0,0.0,0.000732,51.650089,51.650089,0.0,0.0,0.0
411,14-Nov-95,24:00:00,76.641411,0.000415,24.995936,24.995936,0.0,0.0,0.0,0.000592,51.645439,51.645439,0.0,0.0,0.0
412,15-Nov-95,24:00:00,76.63231,0.000688,24.991912,24.991912,0.0,0.0,0.0,0.000598,51.64036,51.64036,0.0,0.0,0.0
413,16-Nov-95,24:00:00,76.622576,0.000501,24.987683,24.987683,0.0,0.0,0.0,0.000553,51.634851,51.634851,0.0,0.0,0.0
414,17-Nov-95,24:00:00,76.612209,0.000515,24.983249,24.983249,0.0,0.0,0.0,0.000559,51.628915,51.628915,0.0,0.0,0.0
415,18-Nov-95,24:00:00,76.601211,0.000555,24.978611,24.978611,0.0,0.0,0.0,0.000354,51.622552,51.622552,0.0,0.0,0.0
416,19-Nov-95,24:00:00,76.589582,0.000743,24.973769,24.973769,0.0,0.0,0.0,0.000716,51.615762,51.615762,0.0,0.0,0.0
417,20-Nov-95,24:00:00,76.577325,0.000324,24.968724,24.968724,0.0,0.0,0.0,0.000202,51.608547,51.608547,0.0,0.0,0.0
418,21-Nov-95,24:00:00,76.564441,0.000466,24.963477,24.963477,0.0,0.0,0.0,0.000407,51.600907,51.600907,0.0,0.0,0.0
419,22-Nov-95,24:00:00,76.550931,0.00066,24.958027,24.958027,0.0,0.0,0.0,0.000643,51.592844,51.592844,0.0,0.0,0.0
420,23-Nov-95,24:00:00,76.536797,0.00038,24.952376,24.952376,0.0,0.0,0.0,0.000336,51.584359,51.584359,0.0,0.0,0.0
421,24-Nov-95,24:00:00,76.522041,0.000585,24.946523,24.946523,0.0,0.0,0.0,0.000353,51.575451,51.575451,0.0,0.0,0.0
422,25-Nov-95,24:00:00,76.506663,0.000843,24.94047,24.94047,0.0,0.0,0.0,0.000627,51.566123,51.566123,0.0,0.0,0.0
423,26-Nov-95,24:00:00,76.490665,0.00106,24.934217,24.934217,0.0,0.0,0.0,0.00064,51.556376,51.556376,0.0,0.0,0.0
424,27-Nov-95,24:00:00,76.474049,0.000478,24.927764,24.927764,0.0,0.0,0.0,0.000503,51.546209,51.546209,0.0,0.0,0.0
425,28-Nov-95,24:00:00,76.456817,0.00073,24.921113,24.921113,0.0,0.0,0.0,0.000646,51.535625,51.535625,0.0,0.0,0.0
426,29-Nov-95,24:00:00,76.43897,0.00056,24.914263,24.914263,0.0,0.0,0.0,0.000323,51.524625,51.524625,0.0,0.0,0.0
427,30-Nov-95,24:00:00,76.420509,0.000222,24.907215,24.907215,0.0,0.0,0.0,0.000246,51.513209,51.513209,0.0,0.0,0.0
428,01-Dec-95,24:00:00,76.401437,0.000573,24.899971,24.899971,0.0,0.0,0.0,0.000534,51.501378,51.501378,0.0,0.0,0.0
429,02-Dec-95,24:00:00,79.821879,0.00041,26.360572,24.892529,0.006138,0.0,0.001816,0.000189,53.635595,51.489134,0.009711,0.0,0.004529
430,03-Dec-95,24:00:00,113.516027,0.000234,35.481612,24.884892,0.008624,0.0,0.048005,0.000163,77.8874,51.476478,0.007583,0.0,0.057285
431,04-Dec-95,24:00:00,77.086647,0.000237,24.877059,24.877059,0.0,0.0,0.050614,0.00014,52.182006,51.463411,0.0,0.0,0.059295
432,05-Dec-95,24:00:00,76.319064,0.000228,24.869031,24.869031,0.0,0.0,0.050614,0.000237,51.449933,51.449933,0.0,0.0,0.059295
433,06-Dec-95,24:00:00,76.296959,0.000286,24.860809,24.860809,0.0,0.0,0.050614,0.00033,51.436047,51.436047,0.0,0.0,0.059295
434,07-Dec-95,24:00:00,76.274252,0.000231,24.852394,24.852394,0.0,0.0,0.050614,0.000387,51.421752,51.421752,0.0,0.0,0.059295
435,08-Dec-95,24:00:00,76.250946,0.000235,24.843785,24.843785,0.0,0.0,0.050614,0.000252,51.407052,51.407052,0.0,0.0,0.059295
436,09-Dec-95,24:00:00,141.089226,0.000228,56.641621,24.834984,0.047931,0.0,0.094801,0.000151,85.504345,51.391945,0.044985,0.0,0.103417
437,10-Dec-95,24:00:00,342.758552,0.000167,143.65186,24.825992,0.215811,0.0,0.413449,0.000198,200.91763,51.376435,0.187942,0.0,0.390068
438,11-Dec-95,24:00:00,8936.891667,0.00052,3817.000016,716.40696,0.080451,0.067289,1.0,0.000508,5133.722502,729.717308,0.104573,0.063128,0.996108
439,12-Dec-95,24:00:00,2006.338333,0.000284,412.331849,394.213408,0.02105,0.02105,1.0,0.000259,1581.434609,1198.706587,0.020868,0.020868,1.0
440,13-Dec-95,24:00:00,758.540198,0.000298,198.018724,185.544767,0.023774,0.023774,1.0,0.000141,559.387027,542.063896,0.030008,0.030008,1.0
441,14-Dec-95,24:00:00,3177.5525,0.000523,1177.690496,768.632687,0.038017,0.038017,1.0,0.00036,2004.132763,1416.553332,0.036556,0.036556,1.0
442,15-Dec-95,24:00:00,894.726404,0.000613,166.746013,166.746013,0.0,0.0,1.0,0.000408,720.832041,700.961361,0.0,0.0,1.0
443,16-Dec-95,24:00:00,473.789809,0.000377,145.332702,145.332702,0.0,0.0,1.0,0.00037,327.655233,327.655233,0.0,0.0,1.0
444,17-Dec-95,24:00:00,431.43094,0.000161,131.688418,131.688418,0.0,0.0,1.0,0.000196,299.740923,297.58126,0.001367,0.001367,1.0
445,18-Dec-95,24:00:00,384.228671,0.000366,119.586795,119.586795,0.0,0.0,1.0,0.00025,264.279785,264.125301,0.0,0.0,1.0
446,19-Dec-95,24:00:00,340.201161,0.000423,108.85238,108.85238,0.0,0.0,1.0,0.000302,231.17162,231.17162,0.0,0.0,1.0
447,20-Dec-95,24:00:00,309.644815,0.000208,99.330556,99.330556,0.0,0.0,1.0,0.000253,210.172483,210.172483,0.0,0.0,1.0
448,21-Dec-95,24:00:00,486.958372,0.000203,161.543234,156.745438,0.005871,0.005871,1.0,0.000203,326.720459,313.695138,0.008326,0.008326,1.0
449,22-Dec-95,24:00:00,359.797266,0.000594,91.224278,91.224278,0.0,0.0,1.0,0.000407,267.290418,266.221778,0.0,0.0,1.0
450,23-Dec-95,24:00:00,266.514492,0.000574,82.445595,82.445595,0.0,0.0,1.0,0.000549,183.83631,183.83631,0.0,0.0,1.0
451,24-Dec-95,24:00:00,240.506486,0.000496,75.904475,75.904475,0.0,0.0,1.0,0.000479,164.496705,164.496705,0.0,0.0,1.0
452,25-Dec-95,24:00:00,221.670316,0.000365,70.10195,70.10195,0.0,0.0,1.0,0.000271,151.479745,151.479745,0.0,0.0,1.0
453,26-Dec-95,24:00:00,205.137296,0.000231,64.954248,64.954248,0.0,0.0,1.0,0.000119,140.104684,140.104684,0.0,0.0,1.0
454,27-Dec-95,24:00:00,190.475854,0.000252,60.387309,60.387309,0.0,0.0,1.0,9.2e-05,130.019096,130.019096,0.0,0.0,1.0
455,28-Dec-95,24:00:00,1225.153506,3.8e-05,571.722605,525.063969,0.064374,0.064374,1.0,7.7e-05,664.365566,585.753819,0.074257,0.074257,1.0
456,29-Dec-95,24:00:00,2100.320417,0.000295,453.20791,442.123401,0.006281,0.006281,1.0,0.000242,1642.248237,1576.534052,0.011689,0.011689,1.0
457,30-Dec-95,24:00:00,633.969128,0.000878,121.790943,121.790943,0.0,0.0,1.0,0.0007,507.404792,506.241297,0.0,0.0,1.0
458,31-Dec-95,24:00:00,383.459131,0.000766,110.416015,110.416015,0.0,0.0,1.0,0.000508,272.558586,272.558586,0.0,0.0,1.0
459,01-Jan-96,24:00:00,338.311542,0.00071,100.7015,100.7015,0.0,0.0,1.0,0.000551,237.432632,237.432632,0.0,0.0,1.0
460,02-Jan-96,24:00:00,308.185222,0.000283,92.084193,92.084193,0.0,0.0,1.0,0.000343,215.954177,215.954177,0.0,0.0,1.0
461,03-Jan-96,24:00:00,281.832744,0.000432,84.439963,84.439963,0.0,0.0,1.0,0.000368,197.263161,197.263161,0.0,0.0,1.0
462,04-Jan-96,24:00:00,258.467853,0.000342,77.658766,77.658766,0.0,0.0,1.0,0.000248,180.69436,180.69436,0.0,0.0,1.0
463,05-Jan-96,24:00:00,237.741545,0.00056,71.643001,71.643001,0.0,0.0,0.999875,0.000333,165.996954,165.996954,0.0,0.0,1.0
464,06-Jan-96,24:00:00,219.3551,0.00026,66.306103,66.306103,0.0,0.0,0.999244,0.000238,152.95901,152.95901,0.0,0.0,1.0
465,07-Jan-96,24:00:00,203.043882,0.00028,61.571299,61.571299,0.0,0.0,0.998316,0.000322,141.392851,141.392851,0.0,0.0,1.0
466,08-Jan-96,24:00:00,188.573188,0.000225,57.370493,57.370493,0.0,0.0,0.997434,0.000158,131.13203,131.13203,0.0,0.0,1.0
467,09-Jan-96,24:00:00,175.734857,0.000684,53.643293,53.643293,0.0,0.0,0.995956,0.000509,122.028921,122.028921,0.0,0.0,0.999482
468,10-Jan-96,24:00:00,164.344269,0.000327,50.336134,50.336134,0.0,0.0,0.994198,0.000535,113.952591,113.952591,0.0,0.0,0.997947
469,11-Jan-96,24:00:00,154.237682,0.000245,47.401508,47.401508,0.0,0.0,0.993193,0.000391,106.786914,106.786914,0.0,0.0,0.996288
470,12-Jan-96,24:00:00,145.269869,0.000257,44.79728,44.79728,0.0,0.0,0.992338,0.000545,100.428895,100.428895,0.0,0.0,0.994743
471,13-Jan-96,24:00:00,137.312027,0.000172,42.486079,42.486079,0.0,0.0,0.991572,0.000189,94.787185,94.787185,0.0,0.0,0.993458
472,14-Jan-96,24:00:00,394.753165,0.00026,120.1496,111.895972,0.014014,0.01145,0.99785,0.000241,276.717228,255.762669,0.019425,0.017397,0.998854
473,15-Jan-96,24:00:00,4490.016726,0.000371,1967.760665,718.755139,0.057849,0.057849,1.0,0.000323,2534.512403,1009.718381,0.056427,0.056427,1.0
474,16-Jan-96,24:00:00,1248.367784,0.000707,158.915177,158.414159,0.0,0.0,1.0,0.000588,1076.410526,872.902785,0.0,0.0,1.0
475,17-Jan-96,24:00:00,2493.179539,0.000156,981.157405,428.031509,0.04018,0.04018,1.0,0.000154,1525.289217,572.222053,0.042918,0.042918,1.0
476,18-Jan-96,24:00:00,1529.767967,0.000606,265.910857,258.527829,0.0,0.0,1.0,0.000426,1250.597942,927.928831,0.0,0.0,1.0
477,19-Jan-96,24:00:00,744.003404,0.000202,282.439088,261.003283,0.03266,0.03266,1.0,0.000113,464.951301,439.34266,0.037561,0.037561,1.0
478,20-Jan-96,24:00:00,1402.421424,0.000482,377.476441,372.220085,0.0,0.0,1.0,0.000386,1022.438803,984.661482,0.0,0.0,1.0
479,21-Jan-96,24:00:00,556.422134,0.000689,138.53815,138.53815,0.0,0.0,1.0,0.000643,415.379892,414.975807,0.0,0.0,1.0
480,22-Jan-96,24:00:00,542.284589,0.000142,173.639022,170.032781,0.004435,0.004435,1.0,8.8e-05,369.847695,359.571326,0.009044,0.009044,1.0
481,23-Jan-96,24:00:00,2131.875633,0.00035,916.384216,477.371766,0.056956,0.056956,1.0,0.000187,1233.473589,818.958067,0.063926,0.063926,1.0
482,24-Jan-96,24:00:00,2467.363333,0.000726,547.891918,464.958205,0.001538,0.001538,1.0,0.000563,1903.75846,1316.901404,0.0,0.0,1.0
483,25-Jan-96,24:00:00,661.549367,0.000271,158.566966,158.566966,0.0,0.0,1.0,0.000175,499.48096,493.384982,0.001173,0.001173,1.0
484,26-Jan-96,24:00:00,4475.881304,0.000344,1564.042036,674.927074,0.047335,0.047335,1.0,0.000297,2921.008539,1068.272403,0.048925,0.048925,1.0
485,27-Jan-96,24:00:00,1149.846258,0.000535,194.15096,194.14855,0.0,0.0,1.0,0.000442,946.128892,831.138732,0.0,0.0,1.0
486,28-Jan-96,24:00:00,563.854232,0.000256,163.453141,163.453141,0.0,0.0,1.0,0.000239,399.335114,399.331007,0.0,0.0,1.0
487,29-Jan-96,24:00:00,883.761946,0.00024,400.690502,276.797736,0.035007,0.035007,1.0,0.000175,489.803184,435.293423,0.040582,0.040582,1.0
488,30-Jan-96,24:00:00,2122.082083,0.000489,718.07699,671.363752,0.021408,0.021408,1.0,0.000547,1401.559766,1275.069164,0.010812,0.010812,1.0
489,31-Jan-96,24:00:00,752.792899,0.000331,182.663628,182.663628,0.0,0.0,1.0,0.000422,566.080854,564.113507,0.0,0.0,1.0
490,01-Feb-96,24:00:00,517.986565,0.000586,162.872202,162.872202,0.0,0.0,1.0,0.000574,354.589064,354.589064,0.0,0.0,1.0
491,02-Feb-96,24:00:00,701.935695,0.00023,376.073936,352.844705,0.038025,0.038025,1.0,0.00026,327.019124,322.78322,0.016886,0.016886,1.0
492,03-Feb-96,24:00:00,9148.585,0.000223,3937.3725,1213.503975,0.1,0.1,1.0,0.00026,5230.121945,1522.881997,0.1,0.1,1.0
493,04-Feb-96,24:00:00,3055.330417,0.000574,804.90483,682.853917,0.009919,0.009919,1.0,0.000637,2234.46875,1854.694167,0.001059,0.001059,1.0
494,05-Feb-96,24:00:00,903.991424,0.000489,255.223815,255.223815,0.0,0.0,1.0,0.00054,644.659955,644.191368,0.0,0.0,1.0
495,06-Feb-96,24:00:00,663.020794,0.00048,228.530399,228.530399,0.0,0.0,1.0,0.000469,433.92491,433.92491,0.0,0.0,1.0
496,07-Feb-96,24:00:00,588.997663,0.000407,205.408268,205.408268,0.0,0.0,1.0,0.0003,383.278592,383.278592,0.0,0.0,1.0
497,08-Feb-96,24:00:00,530.497434,0.000465,184.899679,184.899679,0.0,0.0,1.0,0.000409,345.330733,345.330733,0.0,0.0,1.0
498,09-Feb-96,24:00:00,478.867078,0.000631,166.709027,166.709027,0.0,0.0,1.0,0.000657,311.922561,311.922561,0.0,0.0,1.0
499,10-Feb-96,24:00:00,433.079925,0.000861,150.574211,150.574211,0.0,0.0,1.0,0.000801,282.297726,282.297726,0.0,0.0,1.0
500,11-Feb-96,24:00:00,392.467636,0.001042,136.262768,136.262768,0.0,0.0,0.998856,0.000889,256.02107,256.02107,0.0,0.0,0.999225
501,12-Feb-96,24:00:00,356.444821,0.001011,123.568521,123.568521,0.0,0.0,0.995748,0.00096,232.713799,232.713799,0.0,0.0,0.996633
502,13-Feb-96,24:00:00,324.492491,0.001039,112.308607,112.308607,0.0,0.0,0.992231,0.000921,212.040151,212.040151,0.0,0.0,0.99336
503,14-Feb-96,24:00:00,341.849966,0.000292,134.807605,127.537317,0.014928,0.011813,0.992361,0.000365,207.958376,203.690968,0.014162,0.01141,0.993482
504,15-Feb-96,24:00:00,1143.206741,0.000452,439.058015,419.049036,0.018453,0.018453,1.0,0.000432,705.987541,663.368542,0.014223,0.014223,1.0
505,16-Feb-96,24:00:00,738.976013,0.000518,295.339895,282.163759,0.018375,0.018375,1.0,0.000593,443.562669,428.661042,0.014405,0.014405,1.0
506,17-Feb-96,24:00:00,1582.875838,0.000386,597.030219,371.369127,0.042545,0.042545,1.0,0.000225,1003.767922,569.274368,0.042992,0.042992,1.0
507,18-Feb-96,24:00:00,3128.65125,0.000479,740.566811,656.384676,0.024581,0.024581,1.0,0.00028,2378.86125,1418.77875,0.04844,0.04844,1.0
508,19-Feb-96,24:00:00,2143.495,0.000551,537.981542,509.97777,0.041169,0.041169,1.0,0.000339,1602.637083,1513.3825,0.04572,0.04572,1.0
509,20-Feb-96,24:00:00,2230.9925,0.000647,585.964868,566.631128,0.017116,0.017116,1.0,0.000508,1643.247917,1570.1925,0.024874,0.024874,1.0
510,21-Feb-96,24:00:00,1053.240276,0.000743,245.048576,242.347676,0.002404,0.002404,1.0,0.000699,803.357542,795.204181,0.001041,0.001041,1.0
511,22-Feb-96,24:00:00,666.102502,0.000512,197.412896,195.840282,0.002728,0.002728,1.0,0.000297,468.202564,466.689517,0.00665,0.00665,1.0
512,23-Feb-96,24:00:00,726.273576,0.000598,193.52204,192.855606,0.0,0.0,1.0,0.000504,532.491436,522.788138,0.0,0.0,1.0
513,24-Feb-96,24:00:00,543.283903,0.000711,154.703275,154.703275,0.0,0.0,1.0,0.000601,387.806344,387.650623,0.0,0.0,1.0
514,25-Feb-96,24:00:00,469.863807,0.000983,139.895673,139.895673,0.0,0.0,1.0,0.000864,329.684504,329.684504,0.0,0.0,1.0
515,26-Feb-96,24:00:00,555.624197,0.000486,182.310331,178.583044,0.004561,0.004561,1.0,0.00059,373.840779,366.680235,0.004536,0.004536,1.0
516,27-Feb-96,24:00:00,1242.691677,0.000339,499.098931,457.601073,0.052265,0.052265,1.0,0.000387,750.628794,698.098555,0.05585,0.05585,1.0
517,28-Feb-96,24:00:00,3391.630417,0.000544,1238.250577,776.943878,0.032066,0.032066,1.0,0.000412,2152.895417,1634.269167,0.027551,0.027551,1.0
518,29-Feb-96,24:00:00,917.300973,0.000987,190.933166,190.933166,0.0,0.0,1.0,0.001041,720.091597,705.300291,0.0,0.0,1.0
519,01-Mar-96,24:00:00,554.85416,0.000991,168.677694,168.677694,0.0,0.0,1.0,0.001005,385.443747,385.443747,0.0,0.0,1.0
520,02-Mar-96,24:00:00,485.005852,0.0005,152.299489,152.299489,0.0,0.0,1.0,0.000633,332.433539,332.433539,0.0,0.0,1.0
521,03-Mar-96,24:00:00,1422.860129,0.00039,591.025816,552.473143,0.053678,0.053678,1.0,0.000289,842.249174,716.087477,0.068457,0.068457,1.0
522,04-Mar-96,24:00:00,1945.941667,0.000719,400.460286,393.278504,0.002283,0.002283,1.0,0.000564,1539.168044,1475.018771,0.001942,0.001942,1.0
523,05-Mar-96,24:00:00,716.948294,0.000958,170.179871,170.179871,0.0,0.0,1.0,0.000818,543.191686,542.745792,0.0,0.0,1.0
524,06-Mar-96,24:00:00,516.685638,0.000918,153.440106,153.440106,0.0,0.0,1.0,0.000923,362.774516,362.774516,0.0,0.0,1.0
525,07-Mar-96,24:00:00,459.97962,0.00067,138.782222,138.782222,0.0,0.0,1.0,0.000908,320.945966,320.945966,0.0,0.0,1.0
526,08-Mar-96,24:00:00,416.027705,0.000887,125.781277,125.781277,0.0,0.0,1.0,0.001166,290.030751,290.030751,0.0,0.0,0.999842
527,09-Mar-96,24:00:00,377.692956,0.000659,114.249897,114.249897,0.0,0.0,0.999947,0.000801,263.255741,262.911284,0.000235,7e-06,0.999708
528,10-Mar-96,24:00:00,974.419143,0.000853,406.48347,385.520025,0.029894,0.029877,0.999998,0.000687,571.164056,540.36407,0.025421,0.025421,1.0
529,11-Mar-96,24:00:00,1427.120895,0.00059,508.371062,483.723135,0.025916,0.025916,1.0,0.000667,919.121734,875.510002,0.019294,0.019294,1.0
530,12-Mar-96,24:00:00,596.594633,0.00156,146.935752,146.935752,0.0,0.0,1.0,0.001523,446.484276,445.14786,0.0,0.0,1.0
531,13-Mar-96,24:00:00,405.577488,0.001513,130.556684,130.556684,0.0,0.0,1.0,0.001406,274.602698,274.602698,0.0,0.0,1.0
532,14-Mar-96,24:00:00,360.049524,0.001143,118.482329,118.482329,0.0,0.0,0.999216,0.001363,241.38735,241.38735,0.0,0.0,0.998956
533,15-Mar-96,24:00:00,327.319103,0.001106,107.773331,107.773331,0.0,0.0,0.996269,0.001227,219.394784,219.394784,0.0,0.0,0.995421
534,16-Mar-96,24:00:00,298.588136,0.001571,98.274876,98.274876,0.0,0.0,0.991565,0.001551,200.179949,200.179949,0.0,0.0,0.990662
535,17-Mar-96,24:00:00,273.114768,0.001608,89.850094,89.850094,0.0,0.0,0.986175,0.001611,183.146701,183.146701,0.0,0.0,0.985246
536,18-Mar-96,24:00:00,250.521483,0.001395,82.37759,82.37759,0.0,0.0,0.981041,0.001611,168.039453,168.039453,0.0,0.0,0.979716
537,19-Mar-96,24:00:00,230.482378,0.001466,75.749695,75.749695,0.0,0.0,0.976141,0.001458,154.640194,154.640194,0.0,0.0,0.974418
538,20-Mar-96,24:00:00,212.708656,0.001223,69.870915,69.870915,0.0,0.0,0.971564,0.001639,142.755811,142.755811,0.0,0.0,0.969271
539,21-Mar-96,24:00:00,196.94418,0.001241,64.656557,64.656557,0.0,0.0,0.967302,0.001001,132.215033,132.215033,0.0,0.0,0.964501
540,22-Mar-96,24:00:00,182.961784,0.001418,60.0315,60.0315,0.0,0.0,0.962699,0.001278,122.865953,122.865953,0.0,0.0,0.960623
541,23-Mar-96,24:00:00,170.559984,0.000993,55.92912,55.92912,0.0,0.0,0.958564,0.000986,114.573842,114.573842,0.0,0.0,0.956789
542,24-Mar-96,24:00:00,159.560084,0.00134,52.290326,52.290326,0.0,0.0,0.95462,0.001349,107.219207,107.219207,0.0,0.0,0.952744
543,25-Mar-96,24:00:00,149.803593,0.001559,49.062708,49.062708,0.0,0.0,0.949661,0.001286,100.696064,100.696064,0.0,0.0,0.948277
544,26-Mar-96,24:00:00,141.14994,0.000553,46.199783,46.199783,0.0,0.0,0.945867,0.000408,94.910414,94.910414,0.0,0.0,0.945235
545,27-Mar-96,24:00:00,133.474452,0.001297,43.660322,43.660322,0.0,0.0,0.942738,0.00124,89.778884,89.778884,0.0,0.0,0.942441
546,28-Mar-96,24:00:00,126.666549,0.001349,41.40776,41.40776,0.0,0.0,0.938217,0.001232,85.227531,85.227531,0.0,0.0,0.938297
547,29-Mar-96,24:00:00,120.628159,0.00125,39.409664,39.409664,0.0,0.0,0.933882,0.001183,81.190771,81.190771,0.0,0.0,0.934205
548,30-Mar-96,24:00:00,120.861475,0.001191,41.75813,37.63727,0.008931,0.0,0.93395,0.001083,79.220854,77.610435,0.008769,0.0,0.934012
549,31-Mar-96,24:00:00,1521.048696,0.00051,833.185682,544.492498,0.063768,0.051548,0.995129,0.000528,696.571244,594.226617,0.059818,0.04766,0.996348
550,01-Apr-96,24:00:00,909.826809,0.001198,164.037451,163.627885,0.0,0.0,1.0,0.001209,738.781351,726.635004,0.0,0.0,1.0
551,02-Apr-96,24:00:00,301.306169,0.00153,84.605674,84.605674,0.0,0.0,1.0,0.001486,215.484011,215.481443,0.0,0.0,1.0
552,03-Apr-96,24:00:00,233.250921,0.001529,77.699745,77.699745,0.0,0.0,0.999755,0.001329,155.404162,155.404162,0.0,0.0,0.999991
553,04-Apr-96,24:00:00,213.265734,0.001838,71.596562,71.596562,0.0,0.0,0.996211,0.001712,141.586351,141.586351,0.0,0.0,0.997271
554,05-Apr-96,24:00:00,197.369692,0.001838,66.18338,66.18338,0.0,0.0,0.989951,0.001764,131.114631,131.114631,0.0,0.0,0.991318
555,06-Apr-96,24:00:00,183.333311,0.001865,61.38218,61.38218,0.0,0.0,0.983581,0.00174,121.887659,121.887659,0.0,0.0,0.985178
556,07-Apr-96,24:00:00,170.886038,0.000844,57.12377,57.12377,0.0,0.0,0.978938,0.001197,113.706011,113.706011,0.0,0.0,0.980264
557,08-Apr-96,24:00:00,159.846434,0.001272,53.346779,53.346779,0.0,0.0,0.975387,0.001127,106.449784,106.449784,0.0,0.0,0.976191
558,09-Apr-96,24:00:00,150.055298,0.001554,49.99678,49.99678,0.0,0.0,0.970453,0.001193,100.014303,100.014303,0.0,0.0,0.972155
559,10-Apr-96,24:00:00,141.371473,0.001223,47.025494,47.025494,0.0,0.0,0.965661,0.001217,94.306774,94.306774,0.0,0.0,0.968046
560,11-Apr-96,24:00:00,133.669769,0.001586,44.390107,44.390107,0.0,0.0,0.960977,0.001341,89.244897,89.244897,0.0,0.0,0.963702
561,12-Apr-96,24:00:00,126.839149,0.00176,42.052642,42.052642,0.0,0.0,0.95515,0.001356,84.755677,84.755677,0.0,0.0,0.959019
562,13-Apr-96,24:00:00,120.781132,0.001719,39.979418,39.979418,0.0,0.0,0.949329,0.001477,80.774372,80.774372,0.0,0.0,0.954436
563,14-Apr-96,24:00:00,115.408371,0.000598,38.140561,38.140561,0.0,0.0,0.945109,0.000551,77.243561,77.243561,0.0,0.0,0.95059
564,15-Apr-96,24:00:00,426.192251,0.001101,165.763943,144.635786,0.025852,0.00954,0.994223,0.00092,261.871827,223.218135,0.023926,0.009264,0.995603
565,16-Apr-96,24:00:00,775.783624,0.000573,439.515447,191.426047,0.030921,0.030921,1.0,0.000477,343.440678,231.678575,0.027684,0.027684,1.0
566,17-Apr-96,24:00:00,1108.329522,0.001303,300.086857,270.538118,0.0,0.0,1.0,0.000831,801.815852,633.56916,0.0,0.0,1.0
567,18-Apr-96,24:00:00,502.072298,0.000737,189.474784,180.462205,0.01113,0.01113,1.0,0.000662,312.92263,298.214842,0.009867,0.009867,1.0
568,19-Apr-96,24:00:00,392.862977,0.000995,96.434144,96.350263,0.0,0.0,1.0,0.001072,294.688318,290.970335,0.0,0.0,1.0
569,20-Apr-96,24:00:00,229.336304,0.000554,73.355762,73.355762,0.0,0.0,1.0,0.000474,155.611009,155.609598,0.0,0.0,1.0
570,21-Apr-96,24:00:00,200.575564,0.001199,67.738063,67.738063,0.0,0.0,1.0,0.001137,132.750173,132.750173,0.0,0.0,1.0
571,22-Apr-96,24:00:00,185.677044,0.001195,62.760075,62.760075,0.0,0.0,1.0,0.001355,122.852173,122.852173,0.0,0.0,0.999897
572,23-Apr-96,24:00:00,241.708401,0.001495,78.885115,77.489702,0.001707,0.001707,1.0,0.001227,163.178811,158.610852,0.002858,0.002711,0.999916
573,24-Apr-96,24:00:00,190.232043,0.002248,56.714455,56.714455,0.0,0.0,1.0,0.002032,133.128712,132.859143,0.0,0.0,1.0
574,25-Apr-96,24:00:00,160.073142,0.002307,52.614632,52.614632,0.0,0.0,0.997381,0.002229,107.378237,107.378237,0.0,0.0,0.998308
575,26-Apr-96,24:00:00,149.131767,0.002309,49.346835,49.346835,0.0,0.0,0.989917,0.002006,99.739693,99.739693,0.0,0.0,0.992237
576,27-Apr-96,24:00:00,140.513015,0.002554,46.44867,46.44867,0.0,0.0,0.981513,0.001788,94.025394,94.025394,0.0,0.0,0.985748
577,28-Apr-96,24:00:00,132.913494,0.002406,43.878274,43.878274,0.0,0.0,0.973052,0.002098,89.00072,89.00072,0.0,0.0,0.97909
578,29-Apr-96,24:00:00,126.175312,0.002572,41.598587,41.598587,0.0,0.0,0.964594,0.002346,84.546134,84.546134,0.0,0.0,0.971582
579,30-Apr-96,24:00:00,120.199702,0.00287,39.57674,39.57674,0.0,0.0,0.955337,0.002398,80.595834,80.595834,0.0,0.0,0.963361
580,01-May-96,24:00:00,114.900401,0.00263,37.783579,37.783579,0.0,0.0,0.945964,0.002247,77.092764,77.092764,0.0,0.0,0.955489
581,02-May-96,24:00:00,110.20094,0.002101,36.193248,36.193248,0.0,0.0,0.937579,0.001922,73.986356,73.986356,0.0,0.0,0.948235
582,03-May-96,24:00:00,106.033494,0.001975,34.782814,34.782814,0.0,0.0,0.930574,0.001882,71.231759,71.231759,0.0,0.0,0.941751
583,04-May-96,24:00:00,102.33791,0.001623,33.531936,33.531936,0.0,0.0,0.924495,0.001405,68.789194,68.789194,0.0,0.0,0.936114
584,05-May-96,24:00:00,99.060835,0.00161,32.422575,32.422575,0.0,0.0,0.918899,0.001358,66.62338,66.62338,0.0,0.0,0.931303
585,06-May-96,24:00:00,96.154948,0.001908,31.438728,31.438728,0.0,0.0,0.913035,0.002033,64.703024,64.703024,0.0,0.0,0.925575
586,07-May-96,24:00:00,93.578277,0.001608,30.566205,30.566205,0.0,0.0,0.906925,0.0018,63.000371,63.000371,0.0,0.0,0.91902
587,08-May-96,24:00:00,91.293598,0.002066,29.792419,29.792419,0.0,0.0,0.900537,0.001978,61.490804,61.490804,0.0,0.0,0.912491
588,09-May-96,24:00:00,89.267893,0.002217,29.106204,29.106204,0.0,0.0,0.893276,0.002139,60.152489,60.152489,0.0,0.0,0.905492
589,10-May-96,24:00:00,87.471877,0.002505,28.497659,28.497659,0.0,0.0,0.885213,0.002084,58.966061,58.966061,0.0,0.0,0.898347
590,11-May-96,24:00:00,85.879576,0.002478,27.958002,27.958002,0.0,0.0,0.876555,0.002598,57.914343,57.914343,0.0,0.0,0.89035
591,12-May-96,24:00:00,84.467952,0.002117,27.479441,27.479441,0.0,0.0,0.868706,0.001577,56.982101,56.982101,0.0,0.0,0.882974
592,13-May-96,24:00:00,83.216572,0.000869,27.055069,27.055069,0.0,0.0,0.863438,0.001222,56.155821,56.155821,0.0,0.0,0.878292
593,14-May-96,24:00:00,124.853112,0.000746,54.577663,27.614139,0.043906,0.003024,0.894003,0.000714,71.07109,55.423519,0.033182,0.0,0.898286
594,15-May-96,24:00:00,534.134613,0.00075,286.179863,262.925894,0.01754,0.01754,1.0,0.000622,248.303245,189.787363,0.011407,0.007893,0.999835
595,16-May-96,24:00:00,737.61036,0.000775,393.693573,318.038883,0.038542,0.038542,1.0,0.000724,349.778304,306.620275,0.037871,0.037871,1.0
596,17-May-96,24:00:00,1049.509816,0.001111,249.82468,245.772335,0.0,0.0,1.0,0.000902,795.292146,771.92473,0.000802,0.000802,1.0
597,18-May-96,24:00:00,318.276994,0.001923,82.172735,82.172735,0.0,0.0,1.0,0.001644,234.22843,233.971066,0.0,0.0,1.0
598,19-May-96,24:00:00,217.503577,0.001922,75.485584,75.485584,0.0,0.0,0.999058,0.001377,141.831375,141.831375,0.0,0.0,1.0
599,20-May-96,24:00:00,680.055875,0.00044,276.437929,260.81891,0.019158,0.018334,0.999073,0.000684,408.62323,373.806133,0.024783,0.024783,1.0
600,21-May-96,24:00:00,590.959284,0.002055,100.455362,100.417539,0.0,0.0,1.0,0.001486,486.422139,479.288883,0.0,0.0,1.0
601,22-May-96,24:00:00,267.826983,0.002342,77.982974,77.982974,0.0,0.0,0.999486,0.001928,189.127259,189.125569,0.0,0.0,1.0
602,23-May-96,24:00:00,222.278417,0.002693,71.845099,71.845099,0.0,0.0,0.993757,0.002276,150.314854,150.314854,0.0,0.0,0.997162
603,24-May-96,24:00:00,204.395885,0.002862,66.404965,66.404965,0.0,0.0,0.984321,0.002344,137.912386,137.912386,0.0,0.0,0.989808
604,25-May-96,24:00:00,189.555576,0.001003,61.580121,61.580121,0.0,0.0,0.977649,0.001692,127.906817,127.906817,0.0,0.0,0.982822
605,26-May-96,24:00:00,176.428726,0.002217,57.30099,57.30099,0.0,0.0,0.972015,0.00217,119.066937,119.066937,0.0,0.0,0.97629
606,27-May-96,24:00:00,164.788002,0.001844,53.505862,53.505862,0.0,0.0,0.965323,0.001962,111.228252,111.228252,0.0,0.0,0.969226
607,28-May-96,24:00:00,154.464365,0.002108,50.140007,50.140007,0.0,0.0,0.958389,0.001987,104.276588,104.276588,0.0,0.0,0.962385
608,29-May-96,24:00:00,145.308845,0.002381,47.15488,47.15488,0.0,0.0,0.950853,0.002188,98.111613,98.111613,0.0,0.0,0.955326
609,30-May-96,24:00:00,137.189342,0.002453,44.507429,44.507429,0.0,0.0,0.942503,0.002289,92.644361,92.644361,0.0,0.0,0.947643
610,31-May-96,24:00:00,129.988695,0.002559,42.159468,42.159468,0.0,0.0,0.933827,0.002293,87.79593,87.79593,0.0,0.0,0.93968
611,01-Jun-96,24:00:00,123.602993,0.002924,40.077129,40.077129,0.0,0.0,0.92458,0.002514,83.496338,83.496338,0.0,0.0,0.931574
612,02-Jun-96,24:00:00,117.940072,0.002704,38.230372,38.230372,0.0,0.0,0.914809,0.002655,79.683515,79.683515,0.0,0.0,0.922775
613,03-Jun-96,24:00:00,112.91819,0.002527,36.592558,36.592558,0.0,0.0,0.905803,0.002509,76.302412,76.302412,0.0,0.0,0.913781
614,04-Jun-96,24:00:00,108.46485,0.002767,35.140055,35.140055,0.0,0.0,0.89678,0.002705,73.304202,73.304202,0.0,0.0,0.904907
615,05-Jun-96,24:00:00,104.515748,0.002706,33.851907,33.851907,0.0,0.0,0.887484,0.002767,70.645579,70.645579,0.0,0.0,0.895644
616,06-Jun-96,24:00:00,101.013855,0.002457,32.709525,32.709525,0.0,0.0,0.878517,0.002564,68.288135,68.288135,0.0,0.0,0.886333
617,07-Jun-96,24:00:00,97.908588,0.002925,31.696422,31.696422,0.0,0.0,0.869658,0.002689,66.197804,66.197804,0.0,0.0,0.877494
618,08-Jun-96,24:00:00,95.155082,0.002796,30.797976,30.797976,0.0,0.0,0.859735,0.002334,64.34437,64.34437,0.0,0.0,0.868763
619,09-Jun-96,24:00:00,92.713548,0.002561,30.001219,30.001219,0.0,0.0,0.850453,0.002324,62.701035,62.701035,0.0,0.0,0.860872
620,10-Jun-96,24:00:00,90.548693,0.002448,29.294646,29.294646,0.0,0.0,0.841691,0.002311,61.244032,61.244032,0.0,0.0,0.852767
621,11-Jun-96,24:00:00,88.629214,0.002234,28.668056,28.668056,0.0,0.0,0.833661,0.002514,59.952278,59.952278,0.0,0.0,0.844506
622,12-Jun-96,24:00:00,86.927349,0.001914,28.112401,28.112401,0.0,0.0,0.826706,0.002453,58.807075,58.807075,0.0,0.0,0.836059
623,13-Jun-96,24:00:00,85.418472,0.002362,27.619652,27.619652,0.0,0.0,0.819261,0.002476,57.79184,57.79184,0.0,0.0,0.827592
624,14-Jun-96,24:00:00,84.080745,0.002017,27.182694,27.182694,0.0,0.0,0.811892,0.002297,56.891862,56.891862,0.0,0.0,0.819413
625,15-Jun-96,24:00:00,82.894794,0.001616,26.79521,26.79521,0.0,0.0,0.805801,0.002357,56.094097,56.094097,0.0,0.0,0.811625
626,16-Jun-96,24:00:00,81.843438,0.002827,26.451603,26.451603,0.0,0.0,0.79808,0.002164,55.386972,55.386972,0.0,0.0,0.803591
627,17-Jun-96,24:00:00,80.911437,0.002795,26.146903,26.146903,0.0,0.0,0.788372,0.002355,54.760224,54.760224,0.0,0.0,0.795996
628,18-Jun-96,24:00:00,80.085275,0.002491,25.876706,25.876706,0.0,0.0,0.779316,0.002279,54.204748,54.204748,0.0,0.0,0.788062
629,19-Jun-96,24:00:00,79.352962,0.002463,25.637104,25.637104,0.0,0.0,0.770846,0.002306,53.712472,53.712472,0.0,0.0,0.780262
630,20-Jun-96,24:00:00,78.703865,0.002555,25.424631,25.424631,0.0,0.0,0.762229,0.002254,53.276234,53.276234,0.0,0.0,0.772375
631,21-Jun-96,24:00:00,78.128551,0.002643,25.236213,25.236213,0.0,0.0,0.753397,0.002535,52.889679,52.889679,0.0,0.0,0.76432
632,22-Jun-96,24:00:00,77.618655,0.003005,25.069123,25.069123,0.0,0.0,0.743704,0.001852,52.547175,52.547175,0.0,0.0,0.756532
633,23-Jun-96,24:00:00,77.166754,0.002088,24.920942,24.920942,0.0,0.0,0.734686,0.001887,52.243724,52.243724,0.0,0.0,0.749992
634,24-Jun-96,24:00:00,76.766268,0.002023,24.789526,24.789526,0.0,0.0,0.727599,0.001792,51.974892,51.974892,0.0,0.0,0.743692
635,25-Jun-96,24:00:00,76.411357,0.001217,24.67297,24.67297,0.0,0.0,0.722102,0.001612,51.736749,51.736749,0.0,0.0,0.737884
636,26-Jun-96,24:00:00,76.096843,0.001721,24.569588,24.569588,0.0,0.0,0.717076,0.001738,51.525804,51.525804,0.0,0.0,0.732214
637,27-Jun-96,24:00:00,75.818132,0.002561,24.477881,24.477881,0.0,0.0,0.709881,0.002162,51.338966,51.338966,0.0,0.0,0.72548
638,28-Jun-96,24:00:00,75.571149,0.002904,24.396522,24.396522,0.0,0.0,0.700622,0.002562,51.173488,51.173488,0.0,0.0,0.717529
639,29-Jun-96,24:00:00,75.352279,0.003118,24.324332,24.324332,0.0,0.0,0.690393,0.00272,51.026939,51.026939,0.0,0.0,0.708519
640,30-Jun-96,24:00:00,75.158316,0.003088,24.260267,24.260267,0.0,0.0,0.6797,0.002999,50.897156,50.897156,0.0,0.0,0.698781
641,01-Jul-96,24:00:00,74.986416,0.002526,24.203399,24.203399,0.0,0.0,0.669883,0.002808,50.782226,50.782226,0.0,0.0,0.688781
642,02-Jul-96,24:00:00,74.834054,0.002563,24.152906,24.152906,0.0,0.0,0.66137,0.002661,50.680448,50.680448,0.0,0.0,0.679433
643,03-Jul-96,24:00:00,74.698993,0.002288,24.108058,24.108058,0.0,0.0,0.65306,0.002527,50.590315,50.590315,0.0,0.0,0.670553
644,04-Jul-96,24:00:00,74.579247,0.002666,24.068208,24.068208,0.0,0.0,0.644446,0.002114,50.51049,50.51049,0.0,0.0,0.662456
645,05-Jul-96,24:00:00,74.473055,0.002446,24.032782,24.032782,0.0,0.0,0.635548,0.002689,50.439786,50.439786,0.0,0.0,0.654283
646,06-Jul-96,24:00:00,74.378852,0.002121,24.00127,24.00127,0.0,0.0,0.627777,0.002537,50.37715,50.37715,0.0,0.0,0.64546
647,07-Jul-96,24:00:00,74.295252,0.001715,23.973221,23.973221,0.0,0.0,0.621175,0.002601,50.321649,50.321649,0.0,0.0,0.636506
648,08-Jul-96,24:00:00,74.221026,0.002402,23.948233,23.948233,0.0,0.0,0.614242,0.002713,50.272454,50.272454,0.0,0.0,0.627519
649,09-Jul-96,24:00:00,74.15508,0.002471,23.92595,23.92595,0.0,0.0,0.605896,0.002879,50.228829,50.228829,0.0,0.0,0.617926
650,10-Jul-96,24:00:00,74.096446,0.002213,23.906057,23.906057,0.0,0.0,0.597865,0.002735,50.190122,50.190122,0.0,0.0,0.608308
651,11-Jul-96,24:00:00,74.044265,0.002187,23.888274,23.888274,0.0,0.0,0.590257,0.002725,50.155755,50.155755,0.0,0.0,0.598896
652,12-Jul-96,24:00:00,73.997774,0.002206,23.872351,23.872351,0.0,0.0,0.582728,0.0028,50.125212,50.125212,0.0,0.0,0.589494
653,13-Jul-96,24:00:00,73.956295,0.002029,23.858068,23.858068,0.0,0.0,0.575447,0.002782,50.09804,50.09804,0.0,0.0,0.579919
654,14-Jul-96,24:00:00,73.919228,0.001792,23.84523,23.84523,0.0,0.0,0.568915,0.002507,50.073832,50.073832,0.0,0.0,0.570783
655,15-Jul-96,24:00:00,73.88604,0.001676,23.833662,23.833662,0.0,0.0,0.562976,0.002439,50.052229,50.052229,0.0,0.0,0.56229
656,16-Jul-96,24:00:00,73.856257,0.00234,23.82321,23.82321,0.0,0.0,0.556224,0.002389,50.032913,50.032913,0.0,0.0,0.553975
657,17-Jul-96,24:00:00,73.829459,0.002541,23.813737,23.813737,0.0,0.0,0.547746,0.002412,50.015601,50.015601,0.0,0.0,0.545729
658,18-Jul-96,24:00:00,73.805272,0.002816,23.805122,23.805122,0.0,0.0,0.538531,0.002543,50.000042,50.000042,0.0,0.0,0.537297
659,19-Jul-96,24:00:00,73.783365,0.002929,23.797256,23.797256,0.0,0.0,0.528823,0.002612,49.986011,49.986011,0.0,0.0,0.528407
660,20-Jul-96,24:00:00,73.763444,0.002977,23.790044,23.790044,0.0,0.0,0.518686,0.002782,49.973312,49.973312,0.0,0.0,0.519207
661,21-Jul-96,24:00:00,73.745249,0.002265,23.7834,23.7834,0.0,0.0,0.509577,0.002443,49.961768,49.961768,0.0,0.0,0.510171
662,22-Jul-96,24:00:00,73.728545,0.00163,23.777249,23.777249,0.0,0.0,0.502973,0.001553,49.951222,49.951222,0.0,0.0,0.503535
663,23-Jul-96,24:00:00,73.713128,0.002194,23.771524,23.771524,0.0,0.0,0.496426,0.002749,49.941537,49.941537,0.0,0.0,0.49611
664,24-Jul-96,24:00:00,73.698815,0.002298,23.766164,23.766164,0.0,0.0,0.488779,0.002645,49.932588,49.932588,0.0,0.0,0.486787
665,25-Jul-96,24:00:00,73.685441,0.001582,23.761116,23.761116,0.0,0.0,0.481935,0.001781,49.924266,49.924266,0.0,0.0,0.47923
666,26-Jul-96,24:00:00,73.672863,0.001521,23.756335,23.756335,0.0,0.0,0.476575,0.001712,49.916473,49.916473,0.0,0.0,0.473112
667,27-Jul-96,24:00:00,73.660952,0.002835,23.751776,23.751776,0.0,0.0,0.469362,0.00282,49.909123,49.909123,0.0,0.0,0.465481
668,28-Jul-96,24:00:00,73.649593,0.002793,23.747404,23.747404,0.0,0.0,0.45969,0.002826,49.902139,49.902139,0.0,0.0,0.455788
669,29-Jul-96,24:00:00,73.638685,0.002502,23.743185,23.743185,0.0,0.0,0.450564,0.002972,49.895452,49.895452,0.0,0.0,0.446002
670,30-Jul-96,24:00:00,73.628137,0.002776,23.73909,23.73909,0.0,0.0,0.441518,0.002816,49.889001,49.889001,0.0,0.0,0.43596
671,31-Jul-96,24:00:00,73.617868,0.002009,23.735091,23.735091,0.0,0.0,0.433349,0.002696,49.882732,49.882732,0.0,0.0,0.426555
672,01-Aug-96,24:00:00,73.607807,0.002974,23.731166,23.731166,0.0,0.0,0.425084,0.002839,49.876596,49.876596,0.0,0.0,0.417097
673,02-Aug-96,24:00:00,73.597889,0.00263,23.727294,23.727294,0.0,0.0,0.415048,0.0025,49.870551,49.870551,0.0,0.0,0.407647
674,03-Aug-96,24:00:00,73.588058,0.00248,23.723457,23.723457,0.0,0.0,0.406287,0.002525,49.864557,49.864557,0.0,0.0,0.399204
675,04-Aug-96,24:00:00,73.578263,0.001639,23.719638,23.719638,0.0,0.0,0.399229,0.002413,49.858582,49.858582,0.0,0.0,0.39077
676,05-Aug-96,24:00:00,73.568458,0.001957,23.71582,23.71582,0.0,0.0,0.393039,0.002353,49.852594,49.852594,0.0,0.0,0.382503
677,06-Aug-96,24:00:00,73.558603,0.001929,23.711993,23.711993,0.0,0.0,0.386475,0.002481,49.846566,49.846566,0.0,0.0,0.374262
678,07-Aug-96,24:00:00,73.548662,0.002254,23.708144,23.708144,0.0,0.0,0.379337,0.002509,49.840474,49.840474,0.0,0.0,0.36568
679,08-Aug-96,24:00:00,73.538603,0.00224,23.704262,23.704262,0.0,0.0,0.371781,0.002599,49.834296,49.834296,0.0,0.0,0.356968
680,09-Aug-96,24:00:00,73.528397,0.002627,23.700338,23.700338,0.0,0.0,0.363257,0.002769,49.828012,49.828012,0.0,0.0,0.347772
681,10-Aug-96,24:00:00,73.518018,0.002574,23.696364,23.696364,0.0,0.0,0.354527,0.002815,49.821606,49.821606,0.0,0.0,0.338326
682,11-Aug-96,24:00:00,73.507443,0.002649,23.692332,23.692332,0.0,0.0,0.345404,0.002957,49.815062,49.815062,0.0,0.0,0.328462
683,12-Aug-96,24:00:00,73.496651,0.002554,23.688235,23.688235,0.0,0.0,0.336446,0.002586,49.808366,49.808366,0.0,0.0,0.318878
684,13-Aug-96,24:00:00,73.485624,0.002422,23.684068,23.684068,0.0,0.0,0.327872,0.002606,49.801505,49.801505,0.0,0.0,0.309861
685,14-Aug-96,24:00:00,73.474345,0.00227,23.679824,23.679824,0.0,0.0,0.319937,0.002278,49.794469,49.794469,0.0,0.0,0.301478
686,15-Aug-96,24:00:00,73.4628,0.002154,23.675499,23.675499,0.0,0.0,0.312265,0.002445,49.787247,49.787247,0.0,0.0,0.293434
687,16-Aug-96,24:00:00,73.450974,0.001858,23.671089,23.671089,0.0,0.0,0.305648,0.002523,49.77983,49.77983,0.0,0.0,0.285107
688,17-Aug-96,24:00:00,73.438855,0.001743,23.666589,23.666589,0.0,0.0,0.29907,0.000947,49.77221,49.77221,0.0,0.0,0.27879
689,18-Aug-96,24:00:00,73.426434,0.001816,23.661997,23.661997,0.0,0.0,0.29312,0.001947,49.764379,49.764379,0.0,0.0,0.273963
690,19-Aug-96,24:00:00,73.413699,0.002132,23.657308,23.657308,0.0,0.0,0.286425,0.002092,49.756332,49.756332,0.0,0.0,0.267122
691,20-Aug-96,24:00:00,73.400642,0.002186,23.65252,23.65252,0.0,0.0,0.278879,0.00144,49.748062,49.748062,0.0,0.0,0.260937
692,21-Aug-96,24:00:00,73.387255,0.002141,23.64763,23.64763,0.0,0.0,0.271442,0.001462,49.739563,49.739563,0.0,0.0,0.255974
693,22-Aug-96,24:00:00,73.373531,0.002326,23.642636,23.642636,0.0,0.0,0.263919,0.002435,49.730831,49.730831,0.0,0.0,0.249348
694,23-Aug-96,24:00:00,73.359463,0.001711,23.637535,23.637535,0.0,0.0,0.256968,0.00241,49.721862,49.721862,0.0,0.0,0.241154
695,24-Aug-96,24:00:00,73.345045,0.001776,23.632326,23.632326,0.0,0.0,0.250932,0.001796,49.712651,49.712651,0.0,0.0,0.233758
696,25-Aug-96,24:00:00,73.330272,0.001553,23.627007,23.627007,0.0,0.0,0.245259,0.001499,49.703194,49.703194,0.0,0.0,0.228101
697,26-Aug-96,24:00:00,73.315138,0.002039,23.621576,23.621576,0.0,0.0,0.238982,0.001989,49.69349,49.69349,0.0,0.0,0.222118
698,27-Aug-96,24:00:00,73.299639,0.002418,23.616033,23.616033,0.0,0.0,0.231484,0.002354,49.683533,49.683533,0.0,0.0,0.214725
699,28-Aug-96,24:00:00,73.283771,0.002378,23.610374,23.610374,0.0,0.0,0.223269,0.002503,49.673322,49.673322,0.0,0.0,0.206482
700,29-Aug-96,24:00:00,73.267531,0.002172,23.6046,23.6046,0.0,0.0,0.215342,0.002523,49.662854,49.662854,0.0,0.0,0.197874
701,30-Aug-96,24:00:00,73.250914,0.002175,23.598708,23.598708,0.0,0.0,0.207898,0.00222,49.652126,49.652126,0.0,0.0,0.189632
702,31-Aug-96,24:00:00,73.233918,0.001542,23.592699,23.592699,0.0,0.0,0.201533,0.002263,49.641138,49.641138,0.0,0.0,0.18196
703,01-Sep-96,24:00:00,73.216539,0.001584,23.58657,23.58657,0.0,0.0,0.196251,0.002111,49.629886,49.629886,0.0,0.0,0.17451
704,02-Sep-96,24:00:00,73.198775,0.000992,23.580322,23.580322,0.0,0.0,0.191661,0.001532,49.618368,49.618368,0.0,0.0,0.168194
705,03-Sep-96,24:00:00,73.180624,0.001773,23.573953,23.573953,0.0,0.0,0.187006,0.001932,49.606585,49.606585,0.0,0.0,0.162226
706,04-Sep-96,24:00:00,73.162083,0.001991,23.567462,23.567462,0.0,0.0,0.180504,0.001953,49.594532,49.594532,0.0,0.0,0.155562
707,05-Sep-96,24:00:00,73.14315,0.00233,23.560849,23.560849,0.0,0.0,0.173276,0.001795,49.58221,49.58221,0.0,0.0,0.149092
708,06-Sep-96,24:00:00,73.123824,0.002224,23.554113,23.554113,0.0,0.0,0.165405,0.002026,49.569618,49.569618,0.0,0.0,0.142555
709,07-Sep-96,24:00:00,73.104101,0.002176,23.547254,23.547254,0.0,0.0,0.157906,0.002111,49.556752,49.556752,0.0,0.0,0.135497
710,08-Sep-96,24:00:00,73.083982,0.002133,23.540271,23.540271,0.0,0.0,0.150436,0.001971,49.543614,49.543614,0.0,0.0,0.128553
711,09-Sep-96,24:00:00,73.063464,0.001748,23.533163,23.533163,0.0,0.0,0.143777,0.002125,49.530202,49.530202,0.0,0.0,0.121558
712,10-Sep-96,24:00:00,73.042545,0.001172,23.52593,23.52593,0.0,0.0,0.138672,0.001524,49.516514,49.516514,0.0,0.0,0.115122
713,11-Sep-96,24:00:00,73.021225,0.001496,23.518572,23.518572,0.0,0.0,0.134085,0.001598,49.50255,49.50255,0.0,0.0,0.109847
714,12-Sep-96,24:00:00,72.999502,0.001574,23.511088,23.511088,0.0,0.0,0.128901,0.00123,49.488309,49.488309,0.0,0.0,0.104947
715,13-Sep-96,24:00:00,72.977376,0.001753,23.503478,23.503478,0.0,0.0,0.12311,0.001462,49.473791,49.473791,0.0,0.0,0.10036
716,14-Sep-96,24:00:00,72.954845,0.001585,23.495741,23.495741,0.0,0.0,0.117583,0.001467,49.458995,49.458995,0.0,0.0,0.095373
717,15-Sep-96,24:00:00,72.931908,0.001954,23.487877,23.487877,0.0,0.0,0.11142,0.001603,49.443919,49.443919,0.0,0.0,0.090048
718,16-Sep-96,24:00:00,72.908564,0.001823,23.479886,23.479886,0.0,0.0,0.104875,0.001533,49.428564,49.428564,0.0,0.0,0.08468
719,17-Sep-96,24:00:00,72.884813,0.002092,23.471768,23.471768,0.0,0.0,0.098198,0.001704,49.41293,49.41293,0.0,0.0,0.079107
720,18-Sep-96,24:00:00,72.860653,0.001772,23.463522,23.463522,0.0,0.0,0.091582,0.001739,49.397015,49.397015,0.0,0.0,0.073231
721,19-Sep-96,24:00:00,72.836085,0.001917,23.455147,23.455147,0.0,0.0,0.08523,0.001989,49.380818,49.380818,0.0,0.0,0.066932
722,20-Sep-96,24:00:00,72.811107,0.002028,23.446645,23.446645,0.0,0.0,0.078554,0.001975,49.364341,49.364341,0.0,0.0,0.060131
723,21-Sep-96,24:00:00,72.785719,0.001466,23.438014,23.438014,0.0,0.0,0.072451,0.00161,49.347582,49.347582,0.0,0.0,0.053906
724,22-Sep-96,24:00:00,72.759921,0.001495,23.429254,23.429254,0.0,0.0,0.067279,0.00149,49.330541,49.330541,0.0,0.0,0.04855
725,23-Sep-96,24:00:00,72.733711,0.001282,23.420366,23.420366,0.0,0.0,0.062631,0.001409,49.313218,49.313218,0.0,0.0,0.043618
726,24-Sep-96,24:00:00,72.70709,0.001215,23.411349,23.411349,0.0,0.0,0.058289,0.001395,49.295612,49.295612,0.0,0.0,0.038848
727,25-Sep-96,24:00:00,72.680057,0.001182,23.402203,23.402203,0.0,0.0,0.054219,0.001519,49.277724,49.277724,0.0,0.0,0.033813
728,26-Sep-96,24:00:00,72.652613,0.001247,23.392927,23.392927,0.0,0.0,0.050023,0.001764,49.259552,49.259552,0.0,0.0,0.028226
729,27-Sep-96,24:00:00,72.624756,0.001223,23.383522,23.383522,0.0,0.0,0.045879,0.001703,49.241098,49.241098,0.0,0.0,0.022253
730,28-Sep-96,24:00:00,72.596486,0.001121,23.373988,23.373988,0.0,0.0,0.041858,0.00161,49.22236,49.22236,0.0,0.0,0.016587
731,29-Sep-96,24:00:00,72.567803,0.00075,23.364324,23.364324,0.0,0.0,0.03853,0.001364,49.203339,49.203339,0.0,0.0,0.011442
732,30-Sep-96,24:00:00,72.538708,0.001052,23.354531,23.354531,0.0,0.0,0.035517,0.001111,49.184035,49.184035,0.0,0.0,0.007211
733,01-Oct-96,24:00:00,72.509199,0.001079,23.344608,23.344608,0.0,0.0,0.031837,0.0015,49.164447,49.164447,0.0,0.0,0.002739
734,02-Oct-96,24:00:00,72.479277,0.001394,23.334556,23.334556,0.0,0.0,0.027632,0.001543,49.144576,49.144576,0.0,0.0,1e-06
735,03-Oct-96,24:00:00,72.448943,0.001395,23.324374,23.324374,0.0,0.0,0.022785,0.001487,49.124421,49.124421,0.0,0.0,0.0
736,04-Oct-96,24:00:00,72.418195,0.001716,23.314062,23.314062,0.0,0.0,0.017517,0.001618,49.103982,49.103982,0.0,0.0,0.0
737,05-Oct-96,24:00:00,72.387034,0.001661,23.303621,23.303621,0.0,0.0,0.011755,0.001526,49.083261,49.083261,0.0,0.0,0.0
738,06-Oct-96,24:00:00,72.35546,0.001582,23.29305,23.29305,0.0,0.0,0.006134,0.001575,49.062256,49.062256,0.0,0.0,0.0
739,07-Oct-96,24:00:00,72.323473,0.001756,23.282349,23.282349,0.0,0.0,0.001489,0.001841,49.040968,49.040968,0.0,0.0,0.0
740,08-Oct-96,24:00:00,72.291074,0.00131,23.271519,23.271519,0.0,0.0,0.0,0.00168,49.019396,49.019396,0.0,0.0,0.0
741,09-Oct-96,24:00:00,72.258261,0.001316,23.260559,23.260559,0.0,0.0,0.0,0.001231,48.997542,48.997542,0.0,0.0,0.0
742,10-Oct-96,24:00:00,72.225036,0.001364,23.249469,23.249469,0.0,0.0,0.0,0.001235,48.975405,48.975405,0.0,0.0,0.0
743,11-Oct-96,24:00:00,72.1914,0.001306,23.23825,23.23825,0.0,0.0,0.0,0.001071,48.952985,48.952985,0.0,0.0,0.0
744,12-Oct-96,24:00:00,72.157351,0.001305,23.226902,23.226902,0.0,0.0,0.0,0.001057,48.930283,48.930283,0.0,0.0,0.0
745,13-Oct-96,24:00:00,72.12289,0.001542,23.215424,23.215424,0.0,0.0,0.0,0.001352,48.907298,48.907298,0.0,0.0,0.0
746,14-Oct-96,24:00:00,72.088019,0.001802,23.203817,23.203817,0.0,0.0,0.0,0.001537,48.884032,48.884032,0.0,0.0,0.0
747,15-Oct-96,24:00:00,72.052736,0.001131,23.19208,23.19208,0.0,0.0,0.0,0.00101,48.860483,48.860483,0.0,0.0,0.0
748,16-Oct-96,24:00:00,72.017043,0.001224,23.180215,23.180215,0.0,0.0,0.0,0.001047,48.836653,48.836653,0.0,0.0,0.0
749,17-Oct-96,24:00:00,83.064929,0.000796,26.323615,23.168221,0.003861,0.0,0.008896,0.000684,56.772076,48.812542,0.005251,0.0,0.012369
750,18-Oct-96,24:00:00,72.904038,0.001136,23.156098,23.156098,0.0,0.0,0.013237,0.000861,49.71679,48.78815,0.0,0.0,0.018002
751,19-Oct-96,24:00:00,71.907504,0.001265,23.143846,23.143846,0.0,0.0,0.013237,0.000973,48.763478,48.763478,0.0,0.0,0.018002
752,20-Oct-96,24:00:00,71.870173,0.001227,23.131465,23.131465,0.0,0.0,0.012969,0.00092,48.738525,48.738525,0.0,0.0,0.018002
753,21-Oct-96,24:00:00,71.832434,0.000936,23.118956,23.118956,0.0,0.0,0.010883,0.000899,48.713292,48.713292,0.0,0.0,0.017807
754,22-Oct-96,24:00:00,71.794287,0.000963,23.106319,23.106319,0.0,0.0,0.007651,0.000947,48.68778,48.68778,0.0,0.0,0.01592
755,23-Oct-96,24:00:00,71.755732,0.000567,23.093554,23.093554,0.0,0.0,0.005111,0.000332,48.661989,48.661989,0.0,0.0,0.013751
756,24-Oct-96,24:00:00,71.716771,0.001055,23.080661,23.080661,0.0,0.0,0.002274,0.00057,48.63592,48.63592,0.0,0.0,0.012224
757,25-Oct-96,24:00:00,71.677404,0.001848,23.067639,23.067639,0.0,0.0,7.7e-05,0.001153,48.609571,48.609571,0.0,0.0,0.009282
758,26-Oct-96,24:00:00,71.637632,0.001825,23.054491,23.054491,0.0,0.0,0.0,0.000944,48.582946,48.582946,0.0,0.0,0.005637
759,27-Oct-96,24:00:00,71.597455,0.000976,23.041215,23.041215,0.0,0.0,0.0,0.001018,48.556043,48.556043,0.0,0.0,0.002313
760,28-Oct-96,24:00:00,125.002002,0.000602,44.271563,23.027812,0.027811,0.0,0.054103,0.000528,81.221926,48.528863,0.030037,0.0,0.056241
761,29-Oct-96,24:00:00,91.457148,0.000477,24.499745,23.014282,0.0,0.0,0.095353,0.000464,66.475587,48.501406,0.0,0.0,0.103388
762,30-Oct-96,24:00:00,71.664719,0.00054,23.000625,23.000625,0.0,0.0,0.095353,0.000593,48.653809,48.473674,0.0,0.0,0.103388
763,31-Oct-96,24:00:00,71.432714,0.000882,22.986842,22.986842,0.0,0.0,0.095353,0.0008,48.445667,48.445667,0.0,0.0,0.103388
764,01-Nov-96,24:00:00,71.390524,0.000684,22.972932,22.972932,0.0,0.0,0.095353,0.00081,48.417385,48.417385,0.0,0.0,0.103388
765,02-Nov-96,24:00:00,71.347933,0.000383,22.958896,22.958896,0.0,0.0,0.095353,0.000328,48.388828,48.388828,0.0,0.0,0.103388
766,03-Nov-96,24:00:00,71.304944,0.000747,22.944734,22.944734,0.0,0.0,0.095353,0.000789,48.359998,48.359998,0.0,0.0,0.103388
767,04-Nov-96,24:00:00,71.261555,0.001055,22.930447,22.930447,0.0,0.0,0.09459,0.000788,48.330895,48.330895,0.0,0.0,0.102835
768,05-Nov-96,24:00:00,71.217769,0.000727,22.916035,22.916035,0.0,0.0,0.092047,0.000742,48.301519,48.301519,0.0,0.0,0.100781
769,06-Nov-96,24:00:00,71.173586,0.000726,22.901497,22.901497,0.0,0.0,0.089585,0.000679,48.271871,48.271871,0.0,0.0,0.098333
770,07-Nov-96,24:00:00,71.129006,0.000719,22.886835,22.886835,0.0,0.0,0.087097,0.000777,48.241952,48.241952,0.0,0.0,0.095865
771,08-Nov-96,24:00:00,71.084032,0.000546,22.872048,22.872048,0.0,0.0,0.08494,0.000689,48.211763,48.211763,0.0,0.0,0.093306
772,09-Nov-96,24:00:00,71.038663,0.000608,22.857137,22.857137,0.0,0.0,0.082919,0.000687,48.181303,48.181303,0.0,0.0,0.09097
773,10-Nov-96,24:00:00,70.992901,0.00057,22.842102,22.842102,0.0,0.0,0.080933,0.000805,48.150574,48.150574,0.0,0.0,0.088464
774,11-Nov-96,24:00:00,70.946747,0.000569,22.826943,22.826943,0.0,0.0,0.078961,0.000475,48.119577,48.119577,0.0,0.0,0.086236
775,12-Nov-96,24:00:00,70.900201,0.000848,22.811661,22.811661,0.0,0.0,0.076708,0.00077,48.088311,48.088311,0.0,0.0,0.084148
776,13-Nov-96,24:00:00,70.853266,0.00085,22.796256,22.796256,0.0,0.0,0.073817,0.000665,48.056778,48.056778,0.0,0.0,0.081656
777,14-Nov-96,24:00:00,70.80594,0.000831,22.780728,22.780728,0.0,0.0,0.070836,0.000647,48.024979,48.024979,0.0,0.0,0.079393
778,15-Nov-96,24:00:00,80.64483,0.000214,30.005817,22.765078,0.017566,0.0,0.077541,0.00025,50.846292,47.992914,0.012703,0.0,0.083553
779,16-Nov-96,24:00:00,168.612407,0.000376,60.27597,22.749306,0.0454,0.0,0.220981,0.000271,108.622803,47.960584,0.042064,0.0,0.200743
780,17-Nov-96,24:00:00,174.299444,0.000223,56.635145,22.733412,0.034575,0.0,0.361874,0.000215,117.422832,47.927989,0.030207,0.0,0.331246
781,18-Nov-96,24:00:00,251.733801,0.000253,91.114278,22.717396,0.084187,0.0,0.55813,0.000265,161.25063,47.89513,0.077657,0.0,0.5122
782,19-Nov-96,24:00:00,102.651303,0.000334,25.073065,22.70126,0.001124,0.0,0.694775,0.000372,76.704403,47.862009,0.0,0.0,0.634996
783,20-Nov-96,24:00:00,72.433321,0.000316,23.268701,22.685002,0.000756,0.0,0.696442,0.000312,49.187905,47.828626,0.001305,0.0,0.636535
784,21-Nov-96,24:00:00,179.386584,0.000391,66.787457,22.668625,0.053942,0.0,0.841504,0.0003,112.761848,47.794981,0.041193,0.0,0.748123
785,22-Nov-96,24:00:00,76.316515,0.000274,22.652127,22.652127,0.0,0.0,0.883113,0.000246,53.471211,47.761076,0.0,0.0,0.780703
786,23-Nov-96,24:00:00,73.327412,0.000302,25.60025,22.63551,0.003649,0.0,0.889531,0.000318,47.726911,47.726911,0.0,0.0,0.780703
787,24-Nov-96,24:00:00,70.329115,0.000669,22.636376,22.618773,0.0,0.0,0.895625,0.000614,47.692487,47.692487,0.0,0.0,0.780703
788,25-Nov-96,24:00:00,70.259977,0.000755,22.601918,22.601918,0.0,0.0,0.895625,0.000505,47.657805,47.657805,0.0,0.0,0.780703
789,26-Nov-96,24:00:00,70.208065,0.000469,22.584943,22.584943,0.0,0.0,0.895625,0.000497,47.622866,47.622866,0.0,0.0,0.780703
790,27-Nov-96,24:00:00,70.155779,0.000889,22.567851,22.567851,0.0,0.0,0.895625,0.00084,47.58767,47.58767,0.0,0.0,0.780703
791,28-Nov-96,24:00:00,70.10312,0.000706,22.550641,22.550641,0.0,0.0,0.895625,0.000545,47.552219,47.552219,0.0,0.0,0.780703
792,29-Nov-96,24:00:00,70.050088,0.000447,22.533313,22.533313,0.0,0.0,0.895625,0.000262,47.516513,47.516513,0.0,0.0,0.780703
793,30-Nov-96,24:00:00,72.328225,0.000778,23.402196,22.515869,0.001084,0.0,0.899033,0.000665,48.927848,47.480554,0.000889,0.0,0.783498
794,01-Dec-96,24:00:00,70.002936,0.000453,22.498308,22.498308,0.0,0.0,0.899343,0.000379,47.502279,47.444341,0.0,0.0,0.783752
795,02-Dec-96,24:00:00,69.888774,0.000248,22.48063,22.48063,0.0,0.0,0.899343,0.000171,47.407877,47.407877,0.0,0.0,0.783752
796,03-Dec-96,24:00:00,386.441768,0.000272,310.044353,52.750344,0.048519,0.01916,0.926246,0.000138,78.411422,48.668746,0.069553,0.006481,0.826977
797,04-Dec-96,24:00:00,2227.37003,0.000384,1141.819445,529.838011,0.026832,0.026832,1.0,0.00029,1088.149661,615.694548,0.025424,0.025424,1.0
798,05-Dec-96,24:00:00,397.109537,0.000296,73.753665,73.753665,0.0,0.0,1.0,0.000343,319.408196,307.821274,0.0,0.0,1.0
799,06-Dec-96,24:00:00,523.158271,0.000242,287.673101,266.989579,0.028011,0.028011,1.0,0.000264,238.759806,220.339245,0.020634,0.020634,1.0
800,07-Dec-96,24:00:00,807.31913,0.000471,260.274425,253.987857,0.004997,0.004997,1.0,0.000272,545.160129,524.183365,0.002904,0.002904,1.0
801,08-Dec-96,24:00:00,3800.999816,0.000264,1707.015474,819.01835,0.091449,0.091449,1.0,0.000274,2108.244658,971.163355,0.092341,0.092341,1.0
802,09-Dec-96,24:00:00,6271.0475,0.000321,2089.10598,916.338709,0.038235,0.038235,1.0,0.000314,4178.26125,2183.09625,0.039241,0.039241,1.0
803,10-Dec-96,24:00:00,1466.55125,0.000199,324.814037,314.863746,0.012835,0.012835,1.0,0.00019,1135.109244,1006.800826,0.021698,0.021698,1.0
804,11-Dec-96,24:00:00,1029.232878,0.000378,250.059587,248.645525,0.00239,0.00239,1.0,0.000429,775.571346,761.988578,0.003588,0.003588,1.0
805,12-Dec-96,24:00:00,755.972354,0.000685,228.900601,226.420913,0.001714,0.001714,1.0,0.000554,526.192005,517.85215,0.001825,0.001825,1.0
806,13-Dec-96,24:00:00,541.786374,0.000765,168.327036,168.327036,0.0,0.0,1.0,0.000466,372.692972,372.517196,0.0,0.0,1.0
807,14-Dec-96,24:00:00,467.585066,0.000476,151.720122,151.720122,0.0,0.0,1.0,0.000441,315.590918,315.590918,0.0,0.0,1.0
808,15-Dec-96,24:00:00,421.326966,0.00042,137.062879,137.062879,0.0,0.0,1.0,0.000401,284.050202,284.050202,0.0,0.0,1.0
809,16-Dec-96,24:00:00,381.404365,0.00137,124.06103,124.06103,0.0,0.0,1.0,0.000362,257.155465,257.155465,0.0,0.0,1.0
810,17-Dec-96,24:00:00,346.031819,0.000351,112.527372,112.527372,0.0,0.0,1.0,0.000469,233.338378,233.338378,0.0,0.0,1.0
811,18-Dec-96,24:00:00,314.654256,0.000437,102.295883,102.295883,0.0,0.0,0.999504,0.000423,212.211476,212.211476,0.0,0.0,1.0
812,19-Dec-96,24:00:00,288.094647,0.000142,93.64881,93.522075,0.002353,0.00188,0.998698,0.000131,194.458233,194.338941,0.004754,0.004754,1.0
813,20-Dec-96,24:00:00,1140.877427,0.00015,421.091237,397.027875,0.030634,0.030634,1.0,0.000141,723.784253,677.492001,0.027393,0.027393,1.0
814,21-Dec-96,24:00:00,1490.566667,0.000355,606.648968,573.617373,0.037135,0.037135,1.0,0.000276,885.843175,836.069701,0.028182,0.028182,1.0
815,22-Dec-96,24:00:00,762.694419,0.000301,167.966879,167.879801,0.0,0.0,1.0,0.000218,589.815386,583.874145,0.0,0.0,1.0
816,23-Dec-96,24:00:00,406.390126,0.000496,130.344918,130.344918,0.0,0.0,1.0,0.000456,275.297526,275.297526,0.0,0.0,1.0
817,24-Dec-96,24:00:00,366.451817,0.000433,118.080667,118.080667,0.0,0.0,1.0,0.000306,248.528628,246.137059,0.001711,0.001711,1.0
818,25-Dec-96,24:00:00,1245.980542,0.000131,620.288772,502.177909,0.057347,0.057347,1.0,0.000119,634.716041,571.628086,0.059731,0.059731,1.0
819,26-Dec-96,24:00:00,2082.939167,0.000251,573.106047,546.283926,0.01736,0.01736,1.0,0.00024,1507.84375,1442.044583,0.022465,0.022465,1.0
820,27-Dec-96,24:00:00,1346.237816,0.000319,312.581093,305.017617,0.007891,0.007891,1.0,0.000285,1030.226616,996.475514,0.014394,0.014394,1.0
821,28-Dec-96,24:00:00,1832.334341,0.000327,809.301357,761.67621,0.059795,0.059795,1.0,0.000325,1028.17541,964.53982,0.045658,0.045658,1.0
822,29-Dec-96,24:00:00,2633.447917,0.000213,1146.758571,756.347772,0.068722,0.068722,1.0,0.000184,1500.146667,1203.4325,0.055815,0.055815,1.0
823,30-Dec-96,24:00:00,9718.965,0.000236,2899.820417,1341.717083,0.094422,0.094422,1.0,0.000259,6817.298333,2331.035417,0.093547,0.093547,1.0
824,31-Dec-96,24:00:00,9286.607083,0.00018,2990.987083,1443.269583,0.1,0.1,1.0,0.000178,6296.082083,2857.757917,0.1,0.1,1.0
825,01-Jan-97,24:00:00,3469.380417,0.000258,813.744632,798.705627,0.010971,0.010971,1.0,0.00028,2641.809167,2345.6875,0.010388,0.010388,1.0
826,02-Jan-97,24:00:00,1501.8525,0.000665,430.409471,428.237768,0.0,0.0,1.0,0.000603,1066.955255,1059.537331,0.0,0.0,1.0
827,03-Jan-97,24:00:00,1065.89624,0.000315,346.756536,346.756536,0.0,0.0,1.0,0.000165,717.907575,717.798781,0.0,0.0,1.0
828,04-Jan-97,24:00:00,929.660408,0.000668,309.959411,309.959411,0.0,0.0,1.0,0.000557,619.130029,619.130029,0.0,0.0,1.0
829,05-Jan-97,24:00:00,831.056208,0.000638,277.36819,277.36819,0.0,0.0,1.0,0.000419,553.215112,553.215112,0.0,0.0,1.0
830,06-Jan-97,24:00:00,744.678549,0.000461,248.460781,248.460781,0.0,0.0,1.0,0.000459,495.802641,495.802641,0.0,0.0,1.0
831,07-Jan-97,24:00:00,668.102356,0.000428,222.820636,222.820636,0.0,0.0,1.0,0.000439,444.91612,444.91612,0.0,0.0,1.0
832,08-Jan-97,24:00:00,600.18213,0.000458,200.078315,200.078315,0.0,0.0,1.0,0.000398,399.781581,399.781581,0.0,0.0,1.0
833,09-Jan-97,24:00:00,539.937901,0.000431,179.906152,179.906152,0.0,0.0,1.0,0.000439,359.747548,359.747548,0.0,0.0,1.0
834,10-Jan-97,24:00:00,486.501616,0.000126,162.013537,162.013537,0.0,0.0,0.999972,0.000294,324.237267,324.237267,0.0,0.0,1.0
835,11-Jan-97,24:00:00,439.103422,0.000289,146.142717,146.142717,0.0,0.0,0.999448,0.000288,292.73923,292.73923,0.0,0.0,1.0
836,12-Jan-97,24:00:00,397.060535,0.000646,132.06509,132.06509,0.0,0.0,0.997963,0.000508,264.79977,264.79977,0.0,0.0,0.999429
837,13-Jan-97,24:00:00,359.767389,0.000746,119.577899,119.577899,0.0,0.0,0.995786,0.000699,240.01652,240.01652,0.0,0.0,0.997745
838,14-Jan-97,24:00:00,326.686901,0.000215,108.501318,108.501318,0.0,0.0,0.994061,0.000284,218.032612,218.032612,0.0,0.0,0.996129
839,15-Jan-97,24:00:00,297.342728,0.000236,98.675853,98.675853,0.0,0.0,0.994059,0.000288,198.531531,198.531531,0.0,0.0,0.996128
840,16-Jan-97,24:00:00,271.312396,0.000275,89.960047,89.960047,0.0,0.0,0.994059,0.00031,181.232553,181.232553,0.0,0.0,0.996128
841,17-Jan-97,24:00:00,248.221208,0.000344,82.228437,82.228437,0.0,0.0,0.994059,0.000355,165.886698,165.886698,0.0,0.0,0.995809
842,18-Jan-97,24:00:00,227.73684,0.000256,75.369748,75.369748,0.0,0.0,0.99386,0.000305,152.273139,152.273139,0.0,0.0,0.994915
843,19-Jan-97,24:00:00,238.9681,0.000331,78.623448,76.475341,0.002647,0.000764,0.99724,0.00015,160.652652,155.621133,0.003559,0.001899,0.998578
844,20-Jan-97,24:00:00,754.843693,0.000184,360.431857,340.33082,0.024602,0.024602,1.0,0.000146,396.358855,373.37015,0.015248,0.015248,1.0
845,21-Jan-97,24:00:00,6848.280911,0.00013,3077.74894,677.682349,0.062337,0.062337,1.0,0.000137,3794.567107,913.857634,0.063158,0.063158,1.0
846,22-Jan-97,24:00:00,2246.475092,0.000415,291.581267,266.459829,0.0,0.0,1.0,0.000336,1929.854508,1077.025677,0.0,0.0,1.0
847,23-Jan-97,24:00:00,628.36098,0.000252,229.905726,212.124582,0.028083,0.028083,1.0,0.000201,399.584452,385.344977,0.029517,0.029517,1.0
848,24-Jan-97,24:00:00,7464.597917,0.000402,2978.597108,1116.292445,0.086286,0.086286,1.0,0.000268,4503.849462,1706.534592,0.091892,0.091892,1.0
849,25-Jan-97,24:00:00,4941.274167,0.000513,1448.754672,758.293703,0.024923,0.024923,1.0,0.000411,3479.145417,2146.255833,0.025809,0.025809,1.0
850,26-Jan-97,24:00:00,1086.338259,0.000387,241.089556,241.089556,0.0,0.0,1.0,0.000319,838.273981,814.88966,0.0,0.0,1.0
851,27-Jan-97,24:00:00,682.397669,0.000335,214.250764,214.250764,0.0,0.0,1.0,0.000174,467.316457,467.316457,0.0,0.0,1.0
852,28-Jan-97,24:00:00,597.117141,0.000507,192.45063,192.45063,0.0,0.0,1.0,0.000471,404.321347,404.321347,0.0,0.0,1.0
853,29-Jan-97,24:00:00,536.539172,0.000334,173.114966,173.114966,0.0,0.0,1.0,0.000381,363.135758,363.135758,0.0,0.0,1.0
854,30-Jan-97,24:00:00,483.386496,0.000346,155.964784,155.964784,0.0,0.0,1.0,0.00022,327.167692,327.167692,0.0,0.0,1.0
855,31-Jan-97,24:00:00,436.259494,0.000641,140.752976,140.752976,0.0,0.0,1.0,0.00052,295.282246,295.282246,0.0,0.0,1.0
856,01-Feb-97,24:00:00,394.459215,0.000675,127.260372,127.260372,0.0,0.0,1.0,0.000541,267.000714,267.000714,0.0,0.0,1.0
857,02-Feb-97,24:00:00,357.545136,0.000393,115.292588,115.292588,0.0,0.0,1.0,0.000411,242.112403,242.094875,0.001392,0.001392,1.0
858,03-Feb-97,24:00:00,477.846207,0.000353,122.112409,120.977499,0.001389,0.001389,1.0,0.000462,356.319617,345.499736,0.005175,0.005175,1.0
859,04-Feb-97,24:00:00,344.261538,0.00079,96.771162,96.771162,0.0,0.0,1.0,0.000686,246.727065,246.44761,0.0,0.0,1.0
860,05-Feb-97,24:00:00,285.479296,0.000628,88.215046,88.215046,0.0,0.0,1.0,0.000517,197.08551,197.08551,0.0,0.0,1.0
861,06-Feb-97,24:00:00,259.080453,0.000256,80.659034,80.659034,0.0,0.0,1.0,0.000283,178.30201,178.30201,0.0,0.0,1.0
862,07-Feb-97,24:00:00,237.23624,0.000732,73.956646,73.956646,0.0,0.0,1.0,0.000749,163.175489,163.175489,0.0,0.0,1.0
863,08-Feb-97,24:00:00,217.920215,0.000293,68.01137,68.01137,0.0,0.0,1.0,0.000214,149.816691,149.816691,0.0,0.0,1.0
864,09-Feb-97,24:00:00,200.787774,0.000875,62.737611,62.737611,0.0,0.0,1.0,0.00068,137.968518,137.968518,0.0,0.0,1.0
865,10-Feb-97,24:00:00,185.590195,0.000679,58.059452,58.059452,0.0,0.0,0.999412,0.000685,127.458389,127.458389,0.0,0.0,0.999892
866,11-Feb-97,24:00:00,172.10868,0.001017,53.909562,53.909562,0.0,0.0,0.996992,0.000812,118.134983,118.134983,0.0,0.0,0.998398
867,12-Feb-97,24:00:00,160.149225,0.001168,50.228221,50.228221,0.0,0.0,0.993194,0.000913,109.864141,109.864141,0.0,0.0,0.995418
868,13-Feb-97,24:00:00,149.539761,0.001088,46.962464,46.962464,0.0,0.0,0.989334,0.000762,102.526873,102.526873,0.0,0.0,0.992469
869,14-Feb-97,24:00:00,140.127679,0.000896,44.065314,44.065314,0.0,0.0,0.985869,0.00062,96.017644,96.017644,0.0,0.0,0.990086
870,15-Feb-97,24:00:00,131.777626,0.000804,41.495105,41.495105,0.0,0.0,0.982922,0.00087,90.242852,90.242852,0.0,0.0,0.987643
871,16-Feb-97,24:00:00,124.369554,0.001022,39.214883,39.214883,0.0,0.0,0.97992,0.000943,85.119479,85.119479,0.0,0.0,0.984538
872,17-Feb-97,24:00:00,117.796989,0.000959,37.191871,37.191871,0.0,0.0,0.976432,0.000908,80.573894,80.573894,0.0,0.0,0.981338
873,18-Feb-97,24:00:00,111.965495,0.000458,35.396999,35.396999,0.0,0.0,0.974003,0.00063,76.540789,76.540789,0.0,0.0,0.978751
874,19-Feb-97,24:00:00,106.791315,0.001104,33.804485,33.804485,0.0,0.0,0.971398,0.000855,72.962243,72.962243,0.0,0.0,0.976112
875,20-Feb-97,24:00:00,102.200163,0.00082,32.391459,32.391459,0.0,0.0,0.968042,0.000769,69.786883,69.786883,0.0,0.0,0.973392
876,21-Feb-97,24:00:00,98.12615,0.001092,31.13764,31.13764,0.0,0.0,0.964774,0.001019,66.969143,66.969143,0.0,0.0,0.970304
877,22-Feb-97,24:00:00,94.510838,0.001596,30.025037,30.025037,0.0,0.0,0.960368,0.001356,64.468611,64.468611,0.0,0.0,0.96633
878,23-Feb-97,24:00:00,91.302395,0.001515,29.037694,29.037694,0.0,0.0,0.954869,0.001154,62.249442,62.249442,0.0,0.0,0.961984
879,24-Feb-97,24:00:00,88.454851,0.001203,28.16146,28.16146,0.0,0.0,0.950319,0.00133,60.279844,60.279844,0.0,0.0,0.958063
880,25-Feb-97,24:00:00,85.92743,0.001307,27.383783,27.383783,0.0,0.0,0.945991,0.0012,58.531619,58.531619,0.0,0.0,0.953434
881,26-Feb-97,24:00:00,83.683968,0.001103,26.69353,26.69353,0.0,0.0,0.941757,0.000732,56.979759,56.979759,0.0,0.0,0.95003
882,27-Feb-97,24:00:00,81.692389,0.00122,26.080826,26.080826,0.0,0.0,0.939161,0.001121,55.602081,55.602081,0.0,0.0,0.946751
883,28-Feb-97,24:00:00,79.924243,0.0008,25.536914,25.536914,0.0,0.0,0.938987,0.000721,54.378908,54.378908,0.0,0.0,0.943637
884,01-Mar-97,24:00:00,158.311562,0.000938,78.439172,61.326337,0.020939,0.003144,0.996558,0.00083,79.902224,53.292792,0.016331,0.0,0.994113
885,02-Mar-97,24:00:00,81.667868,0.000836,28.260661,28.260661,0.0,0.0,1.0,0.000749,53.363276,52.328253,0.0,0.0,0.998301
886,03-Mar-97,24:00:00,78.724382,0.001084,27.246917,27.246917,0.0,0.0,1.0,0.000889,51.471563,51.471563,0.0,0.0,0.998301
887,04-Mar-97,24:00:00,77.28503,0.000991,26.569241,26.569241,0.0,0.0,1.0,0.000648,50.710545,50.710545,0.0,0.0,0.998301
888,05-Mar-97,24:00:00,76.006848,0.001158,25.96779,25.96779,0.0,0.0,0.998823,0.001117,50.034398,50.034398,0.0,0.0,0.998271
889,06-Mar-97,24:00:00,74.871602,0.001242,25.433919,25.433919,0.0,0.0,0.995249,0.001233,49.433541,49.433541,0.0,0.0,0.996174
890,07-Mar-97,24:00:00,73.863152,0.001231,24.959992,24.959992,0.0,0.0,0.990947,0.001226,48.899478,48.899478,0.0,0.0,0.99198
891,08-Mar-97,24:00:00,72.967186,0.0012,24.539241,24.539241,0.0,0.0,0.986754,0.001314,48.42467,48.42467,0.0,0.0,0.987643
892,09-Mar-97,24:00:00,72.171005,0.001532,24.16566,24.16566,0.0,0.0,0.982211,0.001404,48.002432,48.002432,0.0,0.0,0.983018
893,10-Mar-97,24:00:00,71.463348,0.0013,23.833922,23.833922,0.0,0.0,0.977295,0.001263,47.626834,47.626834,0.0,0.0,0.978466
894,11-Mar-97,24:00:00,70.834226,0.001409,23.539303,23.539303,0.0,0.0,0.972652,0.001113,47.292616,47.292616,0.0,0.0,0.974284
895,12-Mar-97,24:00:00,70.274776,0.001241,23.277613,23.277613,0.0,0.0,0.968068,0.001228,46.99511,46.99511,0.0,0.0,0.970337
896,13-Mar-97,24:00:00,69.77714,0.001295,23.045133,23.045133,0.0,0.0,0.963718,0.001329,46.730177,46.730177,0.0,0.0,0.965965
897,14-Mar-97,24:00:00,69.334345,0.000895,22.838568,22.838568,0.0,0.0,0.959925,0.000954,46.494147,46.494147,0.0,0.0,0.962034
898,15-Mar-97,24:00:00,1533.54213,0.000376,798.47019,344.497298,0.057838,0.045669,0.984762,0.000288,750.526897,293.121832,0.059879,0.048267,0.986407
899,16-Mar-97,24:00:00,1535.126129,0.000688,286.061323,255.560538,0.0,0.0,1.0,0.001055,1236.389404,911.262083,0.0,0.0,1.0
900,17-Mar-97,24:00:00,319.64248,0.00116,68.864211,68.864211,0.0,0.0,1.0,0.001155,248.3815,246.167039,0.0,0.0,1.0
901,18-Mar-97,24:00:00,204.250957,0.001088,63.378647,63.378647,0.0,0.0,1.0,0.001115,140.669992,140.669992,0.0,0.0,1.0
902,19-Mar-97,24:00:00,184.354027,0.001234,58.609472,58.609472,0.0,0.0,0.999989,0.001031,125.668937,125.668937,0.0,0.0,0.999772
903,20-Mar-97,24:00:00,170.79613,0.001426,54.379297,54.379297,0.0,0.0,0.997665,0.001333,116.353766,116.353766,0.0,0.0,0.997154
904,21-Mar-97,24:00:00,158.916513,0.001178,50.627166,50.627166,0.0,0.0,0.993099,0.001539,108.233558,108.233558,0.0,0.0,0.992281
905,22-Mar-97,24:00:00,148.383461,0.001457,47.299029,47.299029,0.0,0.0,0.988631,0.001596,101.034968,101.034968,0.0,0.0,0.986928
906,23-Mar-97,24:00:00,139.040432,0.001479,44.346945,44.346945,0.0,0.0,0.983676,0.001438,94.649622,94.649622,0.0,0.0,0.981614
907,24-Mar-97,24:00:00,130.752757,0.001753,41.728397,41.728397,0.0,0.0,0.978173,0.001705,88.985454,88.985454,0.0,0.0,0.976355
908,25-Mar-97,24:00:00,123.401105,0.001034,39.405673,39.405673,0.0,0.0,0.973291,0.001616,83.960922,83.960922,0.0,0.0,0.970667
909,26-Mar-97,24:00:00,116.879645,0.001604,37.345326,37.345326,0.0,0.0,0.968915,0.001566,79.503704,79.503704,0.0,0.0,0.965212
910,27-Mar-97,24:00:00,111.094511,0.00166,35.517692,35.517692,0.0,0.0,0.963283,0.001677,75.549658,75.549658,0.0,0.0,0.959653
911,28-Mar-97,24:00:00,105.962451,0.001738,33.896459,33.896459,0.0,0.0,0.957486,0.001574,72.041892,72.041892,0.0,0.0,0.954059
912,29-Mar-97,24:00:00,101.409626,0.000651,32.458292,32.458292,0.0,0.0,0.953192,0.000567,68.92995,68.92995,0.0,0.0,0.950186
913,30-Mar-97,24:00:00,97.370546,0.001523,31.182492,31.182492,0.0,0.0,0.949707,0.001234,66.169079,66.169079,0.0,0.0,0.947212
914,31-Mar-97,24:00:00,93.787128,0.001934,30.050703,30.050703,0.0,0.0,0.943957,0.001509,63.719586,63.719586,0.0,0.0,0.942577
915,01-Apr-97,24:00:00,90.607852,0.002222,29.046644,29.046644,0.0,0.0,0.936717,0.001775,61.546265,61.546265,0.0,0.0,0.936974
916,02-Apr-97,24:00:00,87.787028,0.002137,28.155872,28.155872,0.0,0.0,0.929135,0.001866,59.617893,59.617893,0.0,0.0,0.930821
917,03-Apr-97,24:00:00,85.284127,0.001729,27.36558,27.36558,0.0,0.0,0.922395,0.001736,57.906776,57.906776,0.0,0.0,0.924512
918,04-Apr-97,24:00:00,83.063206,0.001727,26.664408,26.664408,0.0,0.0,0.916555,0.001604,56.38835,56.38835,0.0,0.0,0.918861
919,05-Apr-97,24:00:00,81.092383,0.001034,26.042281,26.042281,0.0,0.0,0.911753,0.000898,55.040829,55.040829,0.0,0.0,0.914415
920,06-Apr-97,24:00:00,79.343383,0.001581,25.49026,25.49026,0.0,0.0,0.907312,0.001595,53.84489,53.84489,0.0,0.0,0.910208
921,07-Apr-97,24:00:00,77.791124,0.001946,25.000421,25.000421,0.0,0.0,0.901425,0.001671,52.783395,52.783395,0.0,0.0,0.904706
922,08-Apr-97,24:00:00,76.413363,0.001891,24.565732,24.565732,0.0,0.0,0.894618,0.00162,51.841142,51.841142,0.0,0.0,0.8988
923,09-Apr-97,24:00:00,75.190369,0.001806,24.179958,24.179958,0.0,0.0,0.888431,0.001711,51.00465,51.00465,0.0,0.0,0.893321
924,10-Apr-97,24:00:00,74.104643,0.00197,23.837568,23.837568,0.0,0.0,0.881972,0.001809,50.261959,50.261959,0.0,0.0,0.88739
925,11-Apr-97,24:00:00,73.140663,0.001067,23.533657,23.533657,0.0,0.0,0.876622,0.001094,49.602462,49.602462,0.0,0.0,0.882278
926,12-Apr-97,24:00:00,72.284662,0.001561,23.263873,23.263873,0.0,0.0,0.87223,0.001514,49.016752,49.016752,0.0,0.0,0.877876
927,13-Apr-97,24:00:00,71.524429,0.00192,23.024357,23.024357,0.0,0.0,0.866169,0.001716,48.496485,48.496485,0.0,0.0,0.872253
928,14-Apr-97,24:00:00,70.849132,0.00223,22.811686,22.811686,0.0,0.0,0.859204,0.002038,48.034259,48.034259,0.0,0.0,0.865945
929,15-Apr-97,24:00:00,70.249165,0.001859,22.622824,22.622824,0.0,0.0,0.85217,0.001804,47.623508,47.623508,0.0,0.0,0.859296
930,16-Apr-97,24:00:00,69.716006,0.001873,22.455077,22.455077,0.0,0.0,0.845687,0.001338,47.25841,47.25841,0.0,0.0,0.853827
931,17-Apr-97,24:00:00,95.182256,0.000576,36.954447,22.306057,0.021281,0.0,0.860809,0.000502,58.69844,46.9338,0.019595,0.0,0.867022
932,18-Apr-97,24:00:00,93.357179,0.000699,24.917579,22.173644,0.0,0.0,0.913702,0.000514,67.999007,46.645097,0.001311,0.0,0.917912
933,19-Apr-97,24:00:00,70.718643,0.000891,22.055959,22.055959,0.0,0.0,0.913702,0.000858,48.627939,46.388236,0.0,0.0,0.921844
934,20-Apr-97,24:00:00,68.14468,0.000803,21.951335,21.951335,0.0,0.0,0.913702,0.000757,46.190434,46.159613,0.0,0.0,0.921844
935,21-Apr-97,24:00:00,67.815729,0.001205,21.858292,21.858292,0.0,0.0,0.913702,0.000824,45.95603,45.95603,0.0,0.0,0.921844
936,22-Apr-97,24:00:00,67.551424,0.001893,21.77552,21.77552,0.0,0.0,0.911919,0.001619,45.774651,45.774651,0.0,0.0,0.921844
937,23-Apr-97,24:00:00,67.31593,0.002075,21.701853,21.701853,0.0,0.0,0.905838,0.001793,45.61296,45.61296,0.0,0.0,0.919205
938,24-Apr-97,24:00:00,67.105981,0.002102,21.636259,21.636259,0.0,0.0,0.898686,0.001962,45.468725,45.468725,0.0,0.0,0.912917
939,25-Apr-97,24:00:00,66.918679,0.00201,21.577823,21.577823,0.0,0.0,0.891598,0.001987,45.339965,45.339965,0.0,0.0,0.906148
940,26-Apr-97,24:00:00,66.751454,0.002058,21.525733,21.525733,0.0,0.0,0.884535,0.001933,45.224925,45.224925,0.0,0.0,0.899279
941,27-Apr-97,24:00:00,66.602024,0.00131,21.479267,21.479267,0.0,0.0,0.87893,0.001185,45.122045,45.122045,0.0,0.0,0.894018
942,28-Apr-97,24:00:00,66.468368,0.0019,21.437785,21.437785,0.0,0.0,0.873374,0.001768,45.029945,45.029945,0.0,0.0,0.889056
943,29-Apr-97,24:00:00,66.348689,0.001667,21.400721,21.400721,0.0,0.0,0.867312,0.001282,44.947396,44.947396,0.0,0.0,0.883815
944,30-Apr-97,24:00:00,66.241396,0.001951,21.367571,21.367571,0.0,0.0,0.86099,0.00178,44.873311,44.873311,0.0,0.0,0.878503
945,01-May-97,24:00:00,66.145075,0.001817,21.337889,21.337889,0.0,0.0,0.85452,0.001824,44.806724,44.806724,0.0,0.0,0.872339
946,02-May-97,24:00:00,66.058472,0.001742,21.311277,21.311277,0.0,0.0,0.848645,0.001866,44.746778,44.746778,0.0,0.0,0.866161
947,03-May-97,24:00:00,65.980475,0.002054,21.287385,21.287385,0.0,0.0,0.841865,0.001935,44.692714,44.692714,0.0,0.0,0.859456
948,04-May-97,24:00:00,65.910097,0.0018,21.2659,21.2659,0.0,0.0,0.835319,0.002076,44.643857,44.643857,0.0,0.0,0.852618
949,05-May-97,24:00:00,65.846461,0.002399,21.246545,21.246545,0.0,0.0,0.828189,0.001827,44.599607,44.599607,0.0,0.0,0.84595
950,06-May-97,24:00:00,65.788789,0.002373,21.229074,21.229074,0.0,0.0,0.82002,0.002305,44.559435,44.559435,0.0,0.0,0.838943
951,07-May-97,24:00:00,65.736392,0.001995,21.213269,21.213269,0.0,0.0,0.812553,0.002288,44.522867,44.522867,0.0,0.0,0.831069
952,08-May-97,24:00:00,65.688657,0.002217,21.198937,21.198937,0.0,0.0,0.805309,0.002335,44.489486,44.489486,0.0,0.0,0.823131
953,09-May-97,24:00:00,65.64504,0.00165,21.185905,21.185905,0.0,0.0,0.798673,0.002236,44.458921,44.458921,0.0,0.0,0.815288
954,10-May-97,24:00:00,65.605058,0.001647,21.174021,21.174021,0.0,0.0,0.793104,0.002337,44.43084,44.43084,0.0,0.0,0.807489
955,11-May-97,24:00:00,65.568282,0.001972,21.163149,21.163149,0.0,0.0,0.786901,0.002351,44.404951,44.404951,0.0,0.0,0.799444
956,12-May-97,24:00:00,65.534332,0.002281,21.153169,21.153169,0.0,0.0,0.779645,0.002337,44.380995,44.380995,0.0,0.0,0.791405
957,13-May-97,24:00:00,65.50287,0.002322,21.143973,21.143973,0.0,0.0,0.77179,0.002348,44.358739,44.358739,0.0,0.0,0.783423
958,14-May-97,24:00:00,65.473594,0.002329,21.135467,21.135467,0.0,0.0,0.76369,0.002274,44.33798,44.33798,0.0,0.0,0.775391
959,15-May-97,24:00:00,65.446239,0.002648,21.127567,21.127567,0.0,0.0,0.755162,0.002409,44.318534,44.318534,0.0,0.0,0.767358
960,16-May-97,24:00:00,65.420568,0.003173,21.120197,21.120197,0.0,0.0,0.745314,0.00279,44.300241,44.300241,0.0,0.0,0.758561
961,17-May-97,24:00:00,65.396369,0.002691,21.113291,21.113291,0.0,0.0,0.7351,0.00316,44.282955,44.282955,0.0,0.0,0.748512
962,18-May-97,24:00:00,65.373455,0.002492,21.106789,21.106789,0.0,0.0,0.726258,0.002836,44.266549,44.266549,0.0,0.0,0.738113
963,19-May-97,24:00:00,65.35166,0.001972,21.100639,21.100639,0.0,0.0,0.718522,0.002197,44.250909,44.250909,0.0,0.0,0.729404
964,20-May-97,24:00:00,65.330835,0.002039,21.094793,21.094793,0.0,0.0,0.711745,0.002401,44.235935,44.235935,0.0,0.0,0.721491
965,21-May-97,24:00:00,65.31085,0.001589,21.089211,21.089211,0.0,0.0,0.705555,0.001654,44.221535,44.221535,0.0,0.0,0.714581
966,22-May-97,24:00:00,108.406451,0.00131,36.164396,21.083855,0.018501,0.0,0.742967,0.00135,72.351509,44.207631,0.018567,0.0,0.756524
967,23-May-97,24:00:00,68.709065,0.002268,21.118413,21.078692,0.0,0.0,0.765904,0.00213,47.481187,44.19415,0.0,0.0,0.775065
968,24-May-97,24:00:00,65.255067,0.002123,21.073692,21.073692,0.0,0.0,0.764967,0.00206,44.18103,44.18103,0.0,0.0,0.774379
969,25-May-97,24:00:00,65.237136,0.001282,21.06883,21.06883,0.0,0.0,0.760739,0.000958,44.168213,44.168213,0.0,0.0,0.771078
970,26-May-97,24:00:00,65.219823,0.002267,21.064081,21.064081,0.0,0.0,0.755001,0.002012,44.15565,44.15565,0.0,0.0,0.766284
971,27-May-97,24:00:00,65.202812,0.002166,21.059426,21.059426,0.0,0.0,0.747351,0.001854,44.143296,44.143296,0.0,0.0,0.759579
972,28-May-97,24:00:00,65.186044,0.002595,21.054845,21.054845,0.0,0.0,0.739323,0.002486,44.13111,44.13111,0.0,0.0,0.752308
973,29-May-97,24:00:00,65.169467,0.002543,21.050322,21.050322,0.0,0.0,0.730394,0.002513,44.119057,44.119057,0.0,0.0,0.743589
974,30-May-97,24:00:00,65.153033,0.002154,21.045841,21.045841,0.0,0.0,0.722241,0.001636,44.107105,44.107105,0.0,0.0,0.736232
975,31-May-97,24:00:00,65.136702,0.002372,21.04139,21.04139,0.0,0.0,0.71469,0.002136,44.095225,44.095225,0.0,0.0,0.730092
976,01-Jun-97,24:00:00,65.120435,0.001969,21.036957,21.036957,0.0,0.0,0.707108,0.001865,44.083392,44.083392,0.0,0.0,0.723138
977,02-Jun-97,24:00:00,79.387647,0.000702,27.374011,21.032531,0.013537,0.0,0.7117,0.000601,52.418276,44.071582,0.018419,0.0,0.731469
978,03-Jun-97,24:00:00,117.21666,0.002267,37.491969,21.028103,0.014368,0.0,0.792326,0.00185,79.357293,44.059776,0.007927,0.0,0.805428
979,04-Jun-97,24:00:00,66.063748,0.002563,21.023663,21.023663,0.0,0.0,0.798586,0.00205,45.002536,44.047956,0.0,0.0,0.808447
980,05-Jun-97,24:00:00,65.055395,0.002946,21.019205,21.019205,0.0,0.0,0.792554,0.002566,44.036103,44.036103,0.0,0.0,0.805138
981,06-Jun-97,24:00:00,65.039013,0.002796,21.014721,21.014721,0.0,0.0,0.782568,0.002467,44.024205,44.024205,0.0,0.0,0.796742
982,07-Jun-97,24:00:00,65.022539,0.0021,21.010205,21.010205,0.0,0.0,0.773928,0.002239,44.012247,44.012247,0.0,0.0,0.788648
983,08-Jun-97,24:00:00,65.005956,0.001991,21.005651,21.005651,0.0,0.0,0.766762,0.001994,44.000217,44.000217,0.0,0.0,0.781218
984,09-Jun-97,24:00:00,64.989249,0.001827,21.001055,21.001055,0.0,0.0,0.760545,0.002169,43.988105,43.988105,0.0,0.0,0.77436
985,10-Jun-97,24:00:00,64.972402,0.002163,20.996411,20.996411,0.0,0.0,0.753698,0.002247,43.975901,43.975901,0.0,0.0,0.766673
986,11-Jun-97,24:00:00,64.955402,0.002711,20.991717,20.991717,0.0,0.0,0.745441,0.002238,43.963596,43.963596,0.0,0.0,0.759087
987,12-Jun-97,24:00:00,64.938239,0.002623,20.986966,20.986966,0.0,0.0,0.735997,0.00235,43.951181,43.951181,0.0,0.0,0.751088
988,13-Jun-97,24:00:00,64.920901,0.002046,20.982158,20.982158,0.0,0.0,0.727912,0.00273,43.938651,43.938651,0.0,0.0,0.742503
989,14-Jun-97,24:00:00,64.903378,0.001615,20.977287,20.977287,0.0,0.0,0.721957,0.002037,43.925998,43.925998,0.0,0.0,0.734354
990,15-Jun-97,24:00:00,64.885662,0.00236,20.972352,20.972352,0.0,0.0,0.715214,0.002689,43.913216,43.913216,0.0,0.0,0.726229
991,16-Jun-97,24:00:00,64.867744,0.002709,20.96735,20.96735,0.0,0.0,0.706828,0.002641,43.900299,43.900299,0.0,0.0,0.717135
992,17-Jun-97,24:00:00,64.849617,0.002844,20.962278,20.962278,0.0,0.0,0.697043,0.002708,43.887243,43.887243,0.0,0.0,0.707961
993,18-Jun-97,24:00:00,64.831275,0.003231,20.957135,20.957135,0.0,0.0,0.686815,0.003067,43.874043,43.874043,0.0,0.0,0.698247
994,19-Jun-97,24:00:00,64.812711,0.002774,20.951917,20.951917,0.0,0.0,0.676338,0.002717,43.860695,43.860695,0.0,0.0,0.68822
995,20-Jun-97,24:00:00,64.793919,0.003112,20.946625,20.946625,0.0,0.0,0.666332,0.002535,43.847195,43.847195,0.0,0.0,0.679076
996,21-Jun-97,24:00:00,64.774894,0.002725,20.941254,20.941254,0.0,0.0,0.65626,0.00244,43.833539,43.833539,0.0,0.0,0.670561
997,22-Jun-97,24:00:00,64.755631,0.002891,20.935805,20.935805,0.0,0.0,0.646599,0.002474,43.819725,43.819725,0.0,0.0,0.662081
998,23-Jun-97,24:00:00,64.736126,0.003008,20.930275,20.930275,0.0,0.0,0.636466,0.002762,43.805748,43.805748,0.0,0.0,0.653237
999,24-Jun-97,24:00:00,64.716374,0.003189,20.924663,20.924663,0.0,0.0,0.626014,0.002822,43.791607,43.791607,0.0,0.0,0.643643
1000,25-Jun-97,24:00:00,64.696372,0.002821,20.918969,20.918969,0.0,0.0,0.615721,0.002441,43.777298,43.777298,0.0,0.0,0.63465
1001,26-Jun-97,24:00:00,64.676115,0.002528,20.91319,20.91319,0.0,0.0,0.606247,0.002086,43.762819,43.762819,0.0,0.0,0.626743
1002,27-Jun-97,24:00:00,64.655601,0.002514,20.907326,20.907326,0.0,0.0,0.597663,0.002126,43.748168,43.748168,0.0,0.0,0.619582
1003,28-Jun-97,24:00:00,64.634827,0.002145,20.901375,20.901375,0.0,0.0,0.589469,0.002012,43.733343,43.733343,0.0,0.0,0.612323
1004,29-Jun-97,24:00:00,64.613788,0.001969,20.895337,20.895337,0.0,0.0,0.582531,0.001504,43.718341,43.718341,0.0,0.0,0.606347
1005,30-Jun-97,24:00:00,64.592484,0.00258,20.889211,20.889211,0.0,0.0,0.574766,0.002315,43.703161,43.703161,0.0,0.0,0.599863
1006,01-Jul-97,24:00:00,64.57091,0.002864,20.882995,20.882995,0.0,0.0,0.565531,0.002564,43.687802,43.687802,0.0,0.0,0.591588
1007,02-Jul-97,24:00:00,64.549064,0.002959,20.87669,20.87669,0.0,0.0,0.555588,0.002809,43.67226,43.67226,0.0,0.0,0.582428
1008,03-Jul-97,24:00:00,64.526944,0.00226,20.870294,20.870294,0.0,0.0,0.546644,0.002778,43.656535,43.656535,0.0,0.0,0.572835
1009,04-Jul-97,24:00:00,64.504549,0.002195,20.863806,20.863806,0.0,0.0,0.539166,0.002865,43.640626,43.640626,0.0,0.0,0.563247
1010,05-Jul-97,24:00:00,64.481874,0.003011,20.857226,20.857226,0.0,0.0,0.530137,0.002758,43.62453,43.62453,0.0,0.0,0.553529
1011,06-Jul-97,24:00:00,64.45892,0.003018,20.850553,20.850553,0.0,0.0,0.519825,0.002878,43.608247,43.608247,0.0,0.0,0.543972
1012,07-Jul-97,24:00:00,64.435683,0.003143,20.843786,20.843786,0.0,0.0,0.509511,0.002932,43.591776,43.591776,0.0,0.0,0.534099
1013,08-Jul-97,24:00:00,64.412163,0.00311,20.836926,20.836926,0.0,0.0,0.498283,0.002815,43.575114,43.575114,0.0,0.0,0.523722
1014,09-Jul-97,24:00:00,64.388356,0.002679,20.829971,20.829971,0.0,0.0,0.488479,0.002499,43.558262,43.558262,0.0,0.0,0.514802
1015,10-Jul-97,24:00:00,64.364263,0.002717,20.82292,20.82292,0.0,0.0,0.479249,0.002702,43.541217,43.541217,0.0,0.0,0.50611
1016,11-Jul-97,24:00:00,64.33988,0.002326,20.815774,20.815774,0.0,0.0,0.470437,0.002869,43.523979,43.523979,0.0,0.0,0.49656
1017,12-Jul-97,24:00:00,64.315207,0.002062,20.808532,20.808532,0.0,0.0,0.463168,0.002914,43.506547,43.506547,0.0,0.0,0.486708
1018,13-Jul-97,24:00:00,64.290242,0.002141,20.801193,20.801193,0.0,0.0,0.45573,0.002879,43.48892,43.48892,0.0,0.0,0.476651
1019,14-Jul-97,24:00:00,64.264984,0.002166,20.793756,20.793756,0.0,0.0,0.448519,0.002761,43.471097,43.471097,0.0,0.0,0.466905
1020,15-Jul-97,24:00:00,64.239432,0.001803,20.786222,20.786222,0.0,0.0,0.441653,0.002714,43.453077,43.453077,0.0,0.0,0.457723
1021,16-Jul-97,24:00:00,64.213584,0.002867,20.778591,20.778591,0.0,0.0,0.433961,0.002655,43.434859,43.434859,0.0,0.0,0.448423
1022,17-Jul-97,24:00:00,64.187439,0.003049,20.77086,20.77086,0.0,0.0,0.423887,0.002775,43.416443,43.416443,0.0,0.0,0.439153
1023,18-Jul-97,24:00:00,64.160996,0.002381,20.763031,20.763031,0.0,0.0,0.414026,0.003013,43.397828,43.397828,0.0,0.0,0.429238
1024,19-Jul-97,24:00:00,64.134255,0.001892,20.755103,20.755103,0.0,0.0,0.406873,0.002845,43.379013,43.379013,0.0,0.0,0.419106
1025,20-Jul-97,24:00:00,64.107213,0.002167,20.747076,20.747076,0.0,0.0,0.400007,0.002804,43.359998,43.359998,0.0,0.0,0.409488
1026,21-Jul-97,24:00:00,64.07987,0.002394,20.738948,20.738948,0.0,0.0,0.392053,0.002821,43.340781,43.340781,0.0,0.0,0.3999
1027,22-Jul-97,24:00:00,64.052225,0.001959,20.73072,20.73072,0.0,0.0,0.384708,0.002773,43.321362,43.321362,0.0,0.0,0.390352
1028,23-Jul-97,24:00:00,64.024278,0.002524,20.722392,20.722392,0.0,0.0,0.377007,0.002712,43.301741,43.301741,0.0,0.0,0.38087
1029,24-Jul-97,24:00:00,63.996027,0.002392,20.713964,20.713964,0.0,0.0,0.368597,0.002833,43.281917,43.281917,0.0,0.0,0.371384
1030,25-Jul-97,24:00:00,63.967471,0.001808,20.705434,20.705434,0.0,0.0,0.361299,0.002815,43.26189,43.26189,0.0,0.0,0.361712
1031,26-Jul-97,24:00:00,63.93861,0.001717,20.696803,20.696803,0.0,0.0,0.355317,0.002355,43.241659,43.241659,0.0,0.0,0.352797
1032,27-Jul-97,24:00:00,63.909444,0.00161,20.688071,20.688071,0.0,0.0,0.349629,0.002674,43.221223,43.221223,0.0,0.0,0.3442
1033,28-Jul-97,24:00:00,63.87997,0.001711,20.679236,20.679236,0.0,0.0,0.343927,0.002477,43.200583,43.200583,0.0,0.0,0.335346
1034,29-Jul-97,24:00:00,63.85019,0.00203,20.6703,20.6703,0.0,0.0,0.337484,0.002401,43.179737,43.179737,0.0,0.0,0.32691
1035,30-Jul-97,24:00:00,63.820102,0.002201,20.661262,20.661262,0.0,0.0,0.330319,0.002488,43.158685,43.158685,0.0,0.0,0.318533
1036,31-Jul-97,24:00:00,63.789705,0.002509,20.652121,20.652121,0.0,0.0,0.322298,0.00236,43.137428,43.137428,0.0,0.0,0.310219
1037,01-Aug-97,24:00:00,63.759,0.002528,20.642878,20.642878,0.0,0.0,0.31348,0.00254,43.115964,43.115964,0.0,0.0,0.301814
1038,02-Aug-97,24:00:00,63.727985,0.002599,20.633532,20.633532,0.0,0.0,0.30482,0.002747,43.094293,43.094293,0.0,0.0,0.29288
1039,03-Aug-97,24:00:00,63.69666,0.002839,20.624084,20.624084,0.0,0.0,0.295545,0.002766,43.072415,43.072415,0.0,0.0,0.283396
1040,04-Aug-97,24:00:00,63.665025,0.002804,20.614532,20.614532,0.0,0.0,0.285725,0.002873,43.050331,43.050331,0.0,0.0,0.27373
1041,05-Aug-97,24:00:00,63.633079,0.002564,20.604877,20.604877,0.0,0.0,0.276615,0.00286,43.028038,43.028038,0.0,0.0,0.263806
1042,06-Aug-97,24:00:00,63.600822,0.002789,20.595119,20.595119,0.0,0.0,0.267373,0.002944,43.005538,43.005538,0.0,0.0,0.253941
1043,07-Aug-97,24:00:00,63.568254,0.002304,20.585258,20.585258,0.0,0.0,0.258495,0.002928,42.982829,42.982829,0.0,0.0,0.243976
1044,08-Aug-97,24:00:00,63.535374,0.001139,20.575293,20.575293,0.0,0.0,0.252447,0.001837,42.959913,42.959913,0.0,0.0,0.235504
1045,09-Aug-97,24:00:00,63.502182,0.001468,20.565224,20.565224,0.0,0.0,0.248123,0.001744,42.936788,42.936788,0.0,0.0,0.229415
1046,10-Aug-97,24:00:00,63.468678,0.002123,20.555052,20.555052,0.0,0.0,0.242054,0.0022,42.913455,42.913455,0.0,0.0,0.222586
1047,11-Aug-97,24:00:00,63.434861,0.001864,20.544776,20.544776,0.0,0.0,0.235327,0.002453,42.889913,42.889913,0.0,0.0,0.214739
1048,12-Aug-97,24:00:00,63.400732,0.00163,20.534396,20.534396,0.0,0.0,0.229186,0.00222,42.866162,42.866162,0.0,0.0,0.206557
1049,13-Aug-97,24:00:00,63.36629,0.001793,20.523912,20.523912,0.0,0.0,0.223317,0.002284,42.842202,42.842202,0.0,0.0,0.198961
1050,14-Aug-97,24:00:00,63.331535,0.001549,20.513324,20.513324,0.0,0.0,0.217594,0.002469,42.818034,42.818034,0.0,0.0,0.190848
1051,15-Aug-97,24:00:00,63.296468,0.00125,20.502633,20.502633,0.0,0.0,0.212752,0.001871,42.793656,42.793656,0.0,0.0,0.183397
1052,16-Aug-97,24:00:00,63.261087,0.001327,20.491837,20.491837,0.0,0.0,0.208385,0.001726,42.769069,42.769069,0.0,0.0,0.177264
1053,17-Aug-97,24:00:00,63.225393,0.00157,20.480937,20.480937,0.0,0.0,0.203521,0.002039,42.744273,42.744273,0.0,0.0,0.170907
1054,18-Aug-97,24:00:00,63.280401,0.001189,20.469933,20.469933,0.0,0.0,0.198344,0.001612,42.826042,42.719269,0.003545,0.0,0.16487
1055,19-Aug-97,24:00:00,153.741335,0.001101,54.642506,20.458825,0.041827,0.0,0.326487,0.001264,99.162766,42.694055,0.031178,0.0,0.27169
1056,20-Aug-97,24:00:00,65.399483,0.002244,20.447614,20.447614,0.0,0.0,0.339706,0.002098,44.872199,42.668632,0.0,0.0,0.28051
1057,21-Aug-97,24:00:00,63.079485,0.002295,20.436297,20.436297,0.0,0.0,0.337816,0.0022,42.643,42.643,0.0,0.0,0.278742
1058,22-Aug-97,24:00:00,63.042226,0.001852,20.424877,20.424877,0.0,0.0,0.331807,0.001907,42.617159,42.617159,0.0,0.0,0.272776
1059,23-Aug-97,24:00:00,63.004654,0.001904,20.413353,20.413353,0.0,0.0,0.325326,0.002008,42.591109,42.591109,0.0,0.0,0.266039
1060,24-Aug-97,24:00:00,62.966769,0.002025,20.401725,20.401725,0.0,0.0,0.318705,0.002018,42.564851,42.564851,0.0,0.0,0.259248
1061,25-Aug-97,24:00:00,62.928571,0.002098,20.389993,20.389993,0.0,0.0,0.311622,0.001643,42.538384,42.538384,0.0,0.0,0.252906
1062,26-Aug-97,24:00:00,62.890061,0.002368,20.378157,20.378157,0.0,0.0,0.304088,0.002085,42.511708,42.511708,0.0,0.0,0.246631
1063,27-Aug-97,24:00:00,62.851239,0.002197,20.366218,20.366218,0.0,0.0,0.296123,0.002089,42.484824,42.484824,0.0,0.0,0.239421
1064,28-Aug-97,24:00:00,62.812105,0.002112,20.354174,20.354174,0.0,0.0,0.288755,0.002017,42.457732,42.457732,0.0,0.0,0.23235
1065,29-Aug-97,24:00:00,62.772659,0.001853,20.342027,20.342027,0.0,0.0,0.281952,0.002027,42.430432,42.430432,0.0,0.0,0.225472
1066,30-Aug-97,24:00:00,62.732902,0.002036,20.329776,20.329776,0.0,0.0,0.275333,0.002043,42.402924,42.402924,0.0,0.0,0.218517
1067,31-Aug-97,24:00:00,62.692833,0.001977,20.317422,20.317422,0.0,0.0,0.268462,0.001884,42.375208,42.375208,0.0,0.0,0.211855
1068,01-Sep-97,24:00:00,62.652454,0.002056,20.304964,20.304964,0.0,0.0,0.261471,0.002184,42.347284,42.347284,0.0,0.0,0.204826
1069,02-Sep-97,24:00:00,62.611764,0.002119,20.292404,20.292404,0.0,0.0,0.254457,0.002132,42.319154,42.319154,0.0,0.0,0.197323
1070,03-Sep-97,24:00:00,62.570764,0.002442,20.27974,20.27974,0.0,0.0,0.246628,0.002251,42.290817,42.290817,0.0,0.0,0.189899
1071,04-Sep-97,24:00:00,62.529454,0.002331,20.266972,20.266972,0.0,0.0,0.238378,0.00215,42.262273,42.262273,0.0,0.0,0.182314
1072,05-Sep-97,24:00:00,62.487835,0.001999,20.254102,20.254102,0.0,0.0,0.230917,0.002061,42.233522,42.233522,0.0,0.0,0.175078
1073,06-Sep-97,24:00:00,62.445907,0.001843,20.241129,20.241129,0.0,0.0,0.224408,0.002047,42.204565,42.204565,0.0,0.0,0.168089
1074,07-Sep-97,24:00:00,62.40367,0.001992,20.228053,20.228053,0.0,0.0,0.217715,0.00203,42.175403,42.175403,0.0,0.0,0.161095
1075,08-Sep-97,24:00:00,62.361125,0.001858,20.214875,20.214875,0.0,0.0,0.211174,0.001811,42.146035,42.146035,0.0,0.0,0.154529
1076,09-Sep-97,24:00:00,62.318273,0.001344,20.201595,20.201595,0.0,0.0,0.205678,0.001365,42.116461,42.116461,0.0,0.0,0.148971
1077,10-Sep-97,24:00:00,62.275113,0.002067,20.188212,20.188212,0.0,0.0,0.199797,0.001904,42.086683,42.086683,0.0,0.0,0.143422
1078,11-Sep-97,24:00:00,62.231647,0.001982,20.174727,20.174727,0.0,0.0,0.192837,0.001894,42.0567,42.0567,0.0,0.0,0.136865
1079,12-Sep-97,24:00:00,62.187875,0.001671,20.16114,20.16114,0.0,0.0,0.18658,0.001832,42.026514,42.026514,0.0,0.0,0.130433
1080,13-Sep-97,24:00:00,82.960139,0.00044,29.232419,20.147451,0.011306,0.0,0.201344,0.000434,53.860106,41.996123,0.009423,0.0,0.142414
1081,14-Sep-97,24:00:00,66.467101,0.001236,20.288326,20.133661,0.0,0.0,0.222189,0.001322,46.047144,41.965529,0.0,0.0,0.159365
1082,15-Sep-97,24:00:00,62.061737,0.001936,20.11977,20.11977,0.0,0.0,0.222189,0.00177,41.940465,41.934732,0.0,0.0,0.159365
1083,16-Sep-97,24:00:00,62.009736,0.001611,20.105777,20.105777,0.0,0.0,0.221349,0.001016,41.903732,41.903732,0.0,0.0,0.159307
1084,17-Sep-97,24:00:00,61.964442,0.001745,20.091683,20.091683,0.0,0.0,0.217157,0.001601,41.87253,41.87253,0.0,0.0,0.156508
1085,18-Sep-97,24:00:00,61.918846,0.002102,20.077489,20.077489,0.0,0.0,0.21069,0.001826,41.841126,41.841126,0.0,0.0,0.150702
1086,19-Sep-97,24:00:00,61.872947,0.002194,20.063194,20.063194,0.0,0.0,0.203394,0.001861,41.809521,41.809521,0.0,0.0,0.144401
1087,20-Sep-97,24:00:00,61.826748,0.001814,20.048799,20.048799,0.0,0.0,0.196323,0.001944,41.777716,41.777716,0.0,0.0,0.137949
1088,21-Sep-97,24:00:00,61.780248,0.001628,20.034303,20.034303,0.0,0.0,0.190571,0.001921,41.745709,41.745709,0.0,0.0,0.131309
1089,22-Sep-97,24:00:00,61.733448,0.002101,20.019708,20.019708,0.0,0.0,0.18415,0.001987,41.713503,41.713503,0.0,0.0,0.124628
1090,23-Sep-97,24:00:00,61.686348,0.001922,20.005013,20.005013,0.0,0.0,0.177184,0.002023,41.681098,41.681098,0.0,0.0,0.117752
1091,24-Sep-97,24:00:00,61.638951,0.001744,19.990218,19.990218,0.0,0.0,0.170892,0.001824,41.648493,41.648493,0.0,0.0,0.1111
1092,25-Sep-97,24:00:00,61.591256,0.001722,19.975325,19.975325,0.0,0.0,0.165059,0.001693,41.615691,41.615691,0.0,0.0,0.105077
1093,26-Sep-97,24:00:00,61.543264,0.002016,19.960332,19.960332,0.0,0.0,0.158574,0.001695,41.58269,41.58269,0.0,0.0,0.099193
1094,27-Sep-97,24:00:00,61.494976,0.002038,19.945241,19.945241,0.0,0.0,0.151614,0.001697,41.549492,41.549492,0.0,0.0,0.093325
1095,28-Sep-97,24:00:00,61.446393,0.002275,19.930051,19.930051,0.0,0.0,0.144532,0.00222,41.516097,41.516097,0.0,0.0,0.087109
1096,29-Sep-97,24:00:00,61.397515,0.001617,19.914763,19.914763,0.0,0.0,0.137593,0.001934,41.482506,41.482506,0.0,0.0,0.07983
1097,30-Sep-97,24:00:00,63.574365,0.000658,20.24743,19.899377,0.000845,0.0,0.133808,0.001134,43.479527,41.448719,0.006238,0.0,0.077815
1098,01-Oct-97,24:00:00,70.206342,0.001296,20.226637,19.883894,0.0,0.0,0.135204,0.000928,49.831821,41.414737,0.0,0.0,0.093607
1099,02-Oct-97,24:00:00,61.366952,0.001614,19.868313,19.868313,0.0,0.0,0.135204,0.001423,41.493127,41.38056,0.0,0.0,0.093607
1100,03-Oct-97,24:00:00,61.199076,0.001887,19.852635,19.852635,0.0,0.0,0.134537,0.001618,41.346189,41.346189,0.0,0.0,0.093607
1101,04-Oct-97,24:00:00,61.148739,0.001753,19.83686,19.83686,0.0,0.0,0.130161,0.001282,41.311625,41.311625,0.0,0.0,0.091943
1102,05-Oct-97,24:00:00,61.098112,0.001474,19.820989,19.820989,0.0,0.0,0.124796,0.001051,41.276868,41.276868,0.0,0.0,0.088293
1103,06-Oct-97,24:00:00,61.047197,0.001605,19.805022,19.805022,0.0,0.0,0.119376,0.001408,41.241919,41.241919,0.0,0.0,0.084027
1104,07-Oct-97,24:00:00,109.556164,0.000341,43.118664,19.788958,0.039541,0.0,0.147671,0.00023,67.403298,41.206778,0.045244,0.0,0.118264
1105,08-Oct-97,24:00:00,123.105747,0.000884,31.247608,19.772799,0.003046,0.0,0.261728,0.000481,90.924679,41.171446,0.0,0.0,0.236433
1106,09-Oct-97,24:00:00,61.564353,0.000898,19.756545,19.756545,0.0,0.0,0.262145,0.000847,41.775064,41.135924,0.0,0.0,0.236433
1107,10-Oct-97,24:00:00,60.840669,0.001472,19.740196,19.740196,0.0,0.0,0.262145,0.001218,41.100212,41.100212,0.0,0.0,0.236433
1108,11-Oct-97,24:00:00,60.788326,0.001513,19.723751,19.723751,0.0,0.0,0.261426,0.001094,41.064311,41.064311,0.0,0.0,0.236433
1109,12-Oct-97,24:00:00,60.735699,0.00141,19.707213,19.707213,0.0,0.0,0.257842,0.001142,41.028222,41.028222,0.0,0.0,0.235576
1110,13-Oct-97,24:00:00,60.682791,0.001387,19.69058,19.69058,0.0,0.0,0.253005,0.00114,40.991945,40.991945,0.0,0.0,0.232421
1111,14-Oct-97,24:00:00,60.629602,0.0012,19.673854,19.673854,0.0,0.0,0.248461,0.00126,40.955481,40.955481,0.0,0.0,0.228352
1112,15-Oct-97,24:00:00,60.576133,0.00139,19.657034,19.657034,0.0,0.0,0.244159,0.00126,40.91883,40.91883,0.0,0.0,0.224048
1113,16-Oct-97,24:00:00,60.522385,0.001302,19.640121,19.640121,0.0,0.0,0.239529,0.001101,40.881994,40.881994,0.0,0.0,0.21995
1114,17-Oct-97,24:00:00,60.46836,0.001172,19.623116,19.623116,0.0,0.0,0.235286,0.001192,40.844973,40.844973,0.0,0.0,0.216078
1115,18-Oct-97,24:00:00,60.414058,0.000772,19.606018,19.606018,0.0,0.0,0.231938,0.001106,40.807767,40.807767,0.0,0.0,0.212139
1116,19-Oct-97,24:00:00,60.35948,0.000594,19.588828,19.588828,0.0,0.0,0.229557,0.001059,40.770378,40.770378,0.0,0.0,0.208386
1117,20-Oct-97,24:00:00,60.304627,0.000736,19.571546,19.571546,0.0,0.0,0.227316,0.001238,40.732806,40.732806,0.0,0.0,0.204565
1118,21-Oct-97,24:00:00,60.249501,0.000625,19.554173,19.554173,0.0,0.0,0.224975,0.001048,40.695052,40.695052,0.0,0.0,0.200549
1119,22-Oct-97,24:00:00,60.194103,0.001049,19.536709,19.536709,0.0,0.0,0.222153,0.001093,40.657116,40.657116,0.0,0.0,0.196911
1120,23-Oct-97,24:00:00,60.138433,0.001505,19.519154,19.519154,0.0,0.0,0.217946,0.001122,40.619,40.619,0.0,0.0,0.193216
1121,24-Oct-97,24:00:00,60.082492,0.001339,19.501509,19.501509,0.0,0.0,0.212898,0.000963,40.580703,40.580703,0.0,0.0,0.189459
1122,25-Oct-97,24:00:00,60.026283,0.001141,19.483773,19.483773,0.0,0.0,0.208597,0.001106,40.542227,40.542227,0.0,0.0,0.186061
1123,26-Oct-97,24:00:00,59.969805,0.001053,19.465949,19.465949,0.0,0.0,0.204818,0.001021,40.503573,40.503573,0.0,0.0,0.182327
1124,27-Oct-97,24:00:00,59.913061,0.000867,19.448035,19.448035,0.0,0.0,0.201558,0.000937,40.464741,40.464741,0.0,0.0,0.179026
1125,28-Oct-97,24:00:00,59.85605,0.000816,19.430032,19.430032,0.0,0.0,0.198634,0.000369,40.425733,40.425733,0.0,0.0,0.176649
1126,29-Oct-97,24:00:00,59.798775,0.000599,19.41194,19.41194,0.0,0.0,0.196206,0.000485,40.386548,40.386548,0.0,0.0,0.175217
1127,30-Oct-97,24:00:00,59.741237,0.001081,19.393761,19.393761,0.0,0.0,0.193378,0.000723,40.347187,40.347187,0.0,0.0,0.173169
1128,31-Oct-97,24:00:00,59.683435,0.00115,19.375494,19.375494,0.0,0.0,0.189497,0.000973,40.307652,40.307652,0.0,0.0,0.170227
1129,01-Nov-97,24:00:00,59.625373,0.001094,19.357139,19.357139,0.0,0.0,0.185655,0.000912,40.267943,40.267943,0.0,0.0,0.16699
1130,02-Nov-97,24:00:00,59.567051,0.000867,19.338697,19.338697,0.0,0.0,0.182262,0.000735,40.228061,40.228061,0.0,0.0,0.16419
1131,03-Nov-97,24:00:00,59.508469,0.000893,19.320169,19.320169,0.0,0.0,0.179289,0.000795,40.188006,40.188006,0.0,0.0,0.161544
1132,04-Nov-97,24:00:00,59.44963,0.000661,19.301555,19.301555,0.0,0.0,0.17663,0.001002,40.147781,40.147781,0.0,0.0,0.158581
1133,05-Nov-97,24:00:00,59.390535,0.000274,19.282855,19.282855,0.0,0.0,0.174934,0.000246,40.107384,40.107384,0.0,0.0,0.156297
1134,06-Nov-97,24:00:00,59.331184,0.000671,19.264069,19.264069,0.0,0.0,0.173422,0.000681,40.066817,40.066817,0.0,0.0,0.154746
1135,07-Nov-97,24:00:00,59.271579,0.000461,19.245198,19.245198,0.0,0.0,0.171395,0.000458,40.026082,40.026082,0.0,0.0,0.15281
1136,08-Nov-97,24:00:00,59.211721,0.000521,19.226243,19.226243,0.0,0.0,0.169775,0.000669,39.985178,39.985178,0.0,0.0,0.151026
1137,09-Nov-97,24:00:00,101.361275,0.000369,33.475676,19.207203,0.017459,0.0,0.210101,0.000386,67.997557,39.944107,0.018563,0.0,0.193406
1138,10-Nov-97,24:00:00,62.573466,0.000624,19.18808,19.18808,0.0,0.0,0.228532,0.000462,43.272733,39.902869,0.0,0.0,0.213191
1139,11-Nov-97,24:00:00,59.030642,0.000565,19.168873,19.168873,0.0,0.0,0.228532,0.000487,39.861465,39.861465,0.0,0.0,0.213191
1140,12-Nov-97,24:00:00,118.008433,0.000579,40.796766,19.149583,0.026487,0.0,0.301155,0.000559,77.299634,39.819896,0.023659,0.0,0.278605
1141,13-Nov-97,24:00:00,108.925478,0.000445,38.857573,19.130211,0.024138,0.0,0.388195,0.00056,70.035513,39.778164,0.017311,0.0,0.344317
1142,14-Nov-97,24:00:00,140.931595,0.000489,53.168303,19.110756,0.047809,0.0,0.493927,0.000313,87.944239,39.736268,0.039514,0.0,0.426804
1143,15-Nov-97,24:00:00,259.519076,0.000246,98.968551,19.09122,0.096063,0.0,0.788512,0.000249,161.027404,39.694209,0.07821,0.0,0.656675
1144,16-Nov-97,24:00:00,115.109349,0.000392,31.121425,19.071602,0.010283,0.0,0.928127,0.000294,83.303047,39.651989,0.007657,0.0,0.78292
1145,17-Nov-97,24:00:00,110.931872,0.00029,60.86428,30.692093,0.033491,0.01326,0.944684,0.000373,50.742362,39.609608,0.036645,0.0,0.802812
1146,18-Nov-97,24:00:00,439.286247,0.000328,345.692787,286.297515,0.010417,0.010417,1.0,0.000344,92.951485,39.567067,0.002039,0.0,0.912514
1147,19-Nov-97,24:00:00,85.797518,0.000608,44.573838,44.573838,0.0,0.0,1.0,0.000435,41.161118,39.524368,0.0,0.0,0.916168
1148,20-Nov-97,24:00:00,81.093759,0.000244,41.16168,41.16168,0.0,0.0,1.0,0.000247,39.962691,39.48151,0.001052,0.0,0.916919
1149,21-Nov-97,24:00:00,91.860693,0.000286,48.431957,46.211108,0.007134,0.007134,1.0,0.000319,43.629232,39.438495,0.011144,0.0,0.925628
1150,22-Nov-97,24:00:00,172.464973,0.000456,117.103745,113.494007,0.0,0.0,1.0,0.000549,55.139068,39.395323,0.0,0.0,0.957982
1151,23-Nov-97,24:00:00,533.871631,0.000149,336.274088,314.130034,0.027323,0.027323,1.0,0.000209,201.020251,162.205094,0.02876,0.016504,0.9861
1152,24-Nov-97,24:00:00,451.965816,0.000441,124.703192,120.365082,0.014261,0.014261,1.0,0.000513,325.089954,314.28165,0.008892,0.008892,1.0
1153,25-Nov-97,24:00:00,2838.291222,0.000215,1385.062467,917.25203,0.066538,0.066538,1.0,0.000206,1465.16842,1136.173927,0.073231,0.073231,1.0
1154,26-Nov-97,24:00:00,1333.464535,0.00046,206.207948,205.731382,0.0,0.0,1.0,0.000391,1117.22959,1077.028616,0.0,0.0,1.0
1155,27-Nov-97,24:00:00,443.147471,0.000433,132.711309,132.711309,0.0,0.0,1.0,0.000392,308.514794,308.452723,0.0,0.0,1.0
1156,28-Nov-97,24:00:00,565.961851,0.000218,237.353349,189.939297,0.026937,0.026937,1.0,0.0002,335.356265,268.095587,0.032048,0.032048,1.0
1157,29-Nov-97,24:00:00,1485.258568,0.000502,470.167574,432.817147,0.00625,0.00625,1.0,0.000453,1010.892683,843.053991,0.000979,0.000979,1.0
1158,30-Nov-97,24:00:00,488.530015,0.000596,133.308632,133.308632,0.0,0.0,1.0,0.000478,352.75059,350.759545,0.0,0.0,1.0
1159,01-Dec-97,24:00:00,347.259831,0.000216,119.95471,119.95471,0.0,0.0,1.0,0.000316,227.001156,227.001156,0.0,0.0,1.0
1160,02-Dec-97,24:00:00,454.988542,0.000239,203.59489,192.849215,0.01493,0.01493,1.0,0.000365,253.415319,243.432143,0.012159,0.012159,1.0
1161,03-Dec-97,24:00:00,623.030675,0.000619,195.526119,194.070316,0.0,0.0,1.0,0.000933,426.037792,415.530769,0.0,0.0,1.0
1162,04-Dec-97,24:00:00,894.757114,0.000558,356.363056,339.768935,0.020304,0.020304,1.0,0.000579,539.977963,512.767962,0.016608,0.016608,1.0
1163,05-Dec-97,24:00:00,435.097518,0.00053,118.112423,118.112423,0.0,0.0,1.0,0.000548,314.944769,313.948681,0.0,0.0,1.0
1164,06-Dec-97,24:00:00,1053.723809,0.000274,442.875773,418.904142,0.029404,0.029404,1.0,0.000286,616.515015,571.192173,0.033251,0.033251,1.0
1165,07-Dec-97,24:00:00,970.514479,0.000298,198.677371,194.99804,0.004438,0.004438,1.0,0.000224,768.551821,744.614038,0.008337,0.008337,1.0
1166,08-Dec-97,24:00:00,478.224219,0.000535,124.391149,124.384373,0.0,0.0,1.0,0.000398,351.689711,350.550567,0.0,0.0,1.0
1167,09-Dec-97,24:00:00,338.439763,0.000585,109.258255,109.258255,0.0,0.0,1.0,0.000425,228.858969,228.858969,0.0,0.0,1.0
1168,10-Dec-97,24:00:00,300.865745,0.00053,98.987149,98.987149,0.0,0.0,1.0,0.000437,201.727254,201.727254,0.0,0.0,1.0
1169,11-Dec-97,24:00:00,273.02194,0.00021,89.876085,89.876085,0.0,0.0,1.0,0.000274,183.01776,183.01776,0.0,0.0,1.0
1170,12-Dec-97,24:00:00,248.673724,0.000244,81.793102,81.793102,0.0,0.0,1.0,0.000716,166.796066,166.781567,0.001151,0.001151,1.0
1171,13-Dec-97,24:00:00,1551.384766,0.000214,694.166343,651.011324,0.052896,0.052896,1.0,0.000246,864.575229,795.635953,0.044036,0.044036,1.0
1172,14-Dec-97,24:00:00,817.32946,0.000278,155.170532,155.095383,0.0,0.0,1.0,0.000215,656.315493,647.248635,0.001447,0.001447,1.0
1173,15-Dec-97,24:00:00,392.245145,0.000193,114.071794,114.071794,0.0,0.0,1.0,0.000199,277.075333,276.158439,0.0,0.0,1.0
1174,16-Dec-97,24:00:00,308.51956,0.000132,103.237314,103.237314,0.0,0.0,1.0,0.000176,205.044909,205.040096,0.0,0.0,1.0
1175,17-Dec-97,24:00:00,276.539545,0.000877,93.632646,93.632646,0.0,0.0,1.0,0.000652,182.774748,182.774748,0.0,0.0,1.0
1176,18-Dec-97,24:00:00,251.475881,0.000843,85.111939,85.111939,0.0,0.0,1.0,0.000458,166.250696,166.250696,0.0,0.0,1.0
1177,19-Dec-97,24:00:00,229.383498,0.000387,77.552623,77.552623,0.0,0.0,1.0,0.000352,151.730698,151.730698,0.0,0.0,1.0
1178,20-Dec-97,24:00:00,209.787342,0.000772,70.84599,70.84599,0.0,0.0,1.0,0.000622,138.852593,138.852593,0.0,0.0,1.0
1179,21-Dec-97,24:00:00,192.400467,0.00086,64.895624,64.895624,0.0,0.0,0.999716,0.000536,127.42617,127.42617,0.0,0.0,1.0
1180,22-Dec-97,24:00:00,176.972915,0.000557,59.616013,59.616013,0.0,0.0,0.998298,0.000596,117.28715,117.28715,0.0,0.0,1.0
1181,23-Dec-97,24:00:00,163.283129,0.00087,54.931312,54.931312,0.0,0.0,0.996009,0.000584,108.289956,108.289956,0.0,0.0,0.999997
1182,24-Dec-97,24:00:00,151.134612,0.001006,50.774254,50.774254,0.0,0.0,0.99249,0.000409,100.305481,100.305481,0.0,0.0,0.999263
1183,25-Dec-97,24:00:00,140.353084,0.00051,47.085179,47.085179,0.0,0.0,0.98999,0.0004,93.219214,93.219214,0.0,0.0,0.997893
1184,26-Dec-97,24:00:00,130.783977,0.000385,43.811171,43.811171,0.0,0.0,0.988438,0.00038,86.929592,86.929592,0.0,0.0,0.996569
1185,27-Dec-97,24:00:00,122.290198,0.000569,40.9053,40.9053,0.0,0.0,0.986835,0.000425,81.346538,81.346538,0.0,0.0,0.995181
1186,28-Dec-97,24:00:00,114.750161,0.000427,38.325941,38.325941,0.0,0.0,0.985084,0.000429,76.390161,76.390161,0.0,0.0,0.993721
1187,29-Dec-97,24:00:00,108.056025,0.000413,36.036176,36.036176,0.0,0.0,0.983645,0.000398,71.989602,71.989602,0.0,0.0,0.992299
1188,30-Dec-97,24:00:00,102.112145,0.000269,34.003263,34.003263,0.0,0.0,0.982464,0.000364,68.082017,68.082017,0.0,0.0,0.99104
1189,31-Dec-97,24:00:00,122.955459,0.000252,47.785856,41.131515,0.017518,0.012034,0.984718,0.000242,76.168224,72.714145,0.018702,0.015717,0.99222
1190,01-Jan-98,24:00:00,1427.396211,0.000219,537.448875,504.781606,0.030639,0.030639,1.0,0.00025,895.6781,820.709683,0.03108,0.03108,1.0
1191,02-Jan-98,24:00:00,1077.011646,0.000343,365.198221,336.296395,0.045191,0.045191,1.0,0.000258,712.458815,675.508592,0.043811,0.043811,1.0
1192,03-Jan-98,24:00:00,1887.93,0.000221,581.499933,558.949499,0.0178,0.0178,1.0,0.000248,1305.474906,1236.672082,0.016723,0.016723,1.0
1193,04-Jan-98,24:00:00,655.352346,0.000382,140.652442,140.589855,0.0,0.0,1.0,0.000293,509.964837,507.397336,0.0,0.0,1.0
1194,05-Jan-98,24:00:00,531.722306,0.000168,220.160826,204.597446,0.026287,0.026287,1.0,0.000117,314.181178,301.779604,0.025061,0.025061,1.0
1195,06-Jan-98,24:00:00,1185.892025,0.000259,378.373878,369.75147,0.003306,0.003306,1.0,0.000282,806.656314,772.059925,0.003024,0.003024,1.0
1196,07-Jan-98,24:00:00,477.608438,0.000263,126.197462,126.197462,0.0,0.0,1.0,0.000322,349.324034,348.780294,0.0,0.0,1.0
1197,08-Jan-98,24:00:00,351.98939,0.000275,114.102527,114.044082,9.1e-05,9.1e-05,1.0,0.000362,237.590507,237.590507,0.0,0.0,1.0
1198,09-Jan-98,24:00:00,799.442488,0.00025,328.733589,313.816983,0.018233,0.018233,1.0,0.000201,472.776029,449.612274,0.015091,0.015091,1.0
1199,10-Jan-98,24:00:00,1420.25969,0.000147,672.566167,542.967871,0.05481,0.05481,1.0,0.000135,754.782925,690.210475,0.053301,0.053301,1.0
1200,11-Jan-98,24:00:00,2766.757917,0.000259,954.360856,887.864823,0.051737,0.051737,1.0,0.000302,1813.998333,1681.862083,0.04695,0.04695,1.0
1201,12-Jan-98,24:00:00,1269.039785,0.000306,251.726231,250.575852,0.005679,0.005679,1.0,0.000266,1009.04945,990.812144,0.005532,0.005532,1.0
1202,13-Jan-98,24:00:00,1642.485824,0.000164,715.723827,672.17147,0.056012,0.056012,1.0,0.00026,933.637949,872.60339,0.053556,0.053556,1.0
1203,14-Jan-98,24:00:00,2334.965417,0.000138,711.457616,686.946694,0.022849,0.022849,1.0,0.000266,1621.493333,1551.133333,0.020748,0.020748,1.0
1204,15-Jan-98,24:00:00,1235.698333,0.000195,349.606442,341.264437,0.010412,0.010412,1.0,0.000191,883.299318,863.324236,0.01282,0.01282,1.0
1205,16-Jan-98,24:00:00,878.177355,0.000295,241.034557,240.865816,0.0,0.0,1.0,0.000374,634.337137,629.137466,0.0,0.0,1.0
1206,17-Jan-98,24:00:00,2799.846257,0.0002,1261.11149,536.203861,0.044205,0.044205,1.0,0.000232,1549.75959,652.046493,0.038567,0.038567,1.0
1207,18-Jan-98,24:00:00,1962.70875,0.0003,571.685774,553.277328,0.017311,0.017311,1.0,0.000205,1383.26485,1139.682072,0.012846,0.012846,1.0
1208,19-Jan-98,24:00:00,921.183616,0.000299,246.03437,245.965465,0.0,0.0,1.0,0.000292,671.219273,666.611372,0.0,0.0,1.0
1209,20-Jan-98,24:00:00,607.883046,0.000286,201.340454,201.340454,0.0,0.0,1.0,0.000269,405.771504,405.769682,0.0,0.0,1.0
1210,21-Jan-98,24:00:00,528.76066,0.000465,180.569011,180.569011,0.0,0.0,1.0,0.000335,347.889231,347.889231,0.0,0.0,1.0
1211,22-Jan-98,24:00:00,567.068122,0.000208,222.701864,216.383604,0.008541,0.008541,1.0,0.000246,345.356871,339.277953,0.006479,0.006479,1.0
1212,23-Jan-98,24:00:00,603.790235,0.000406,195.537656,194.87578,0.0,0.0,1.0,0.000396,407.212699,402.359397,0.0,0.0,1.0
1213,24-Jan-98,24:00:00,442.253748,0.000269,155.422245,151.881413,0.012591,0.012591,1.0,0.000465,287.015136,285.636059,0.01262,0.01262,1.0
1214,25-Jan-98,24:00:00,2532.811852,0.000291,1168.105512,855.42859,0.067937,0.067937,1.0,0.000218,1378.612818,1134.730216,0.066576,0.066576,1.0
1215,26-Jan-98,24:00:00,1856.222948,0.000413,400.966187,375.257918,0.0,0.0,1.0,0.000554,1443.848512,1260.554933,0.0,0.0,1.0
1216,27-Jan-98,24:00:00,653.92036,0.000409,192.466582,189.760688,0.011062,0.011062,1.0,0.000479,459.171188,457.246906,0.008055,0.008055,1.0
1217,28-Jan-98,24:00:00,2845.3725,0.000515,1190.520788,682.280582,0.03447,0.03447,1.0,0.000408,1661.093225,1092.378793,0.037774,0.037774,1.0
1218,29-Jan-98,24:00:00,933.616622,0.000622,200.415911,200.415911,0.0,0.0,1.0,0.000727,726.978529,704.932106,0.0,0.0,1.0
1219,30-Jan-98,24:00:00,801.819292,0.00053,305.287109,295.820007,0.011633,0.011633,1.0,0.000465,497.899257,483.014636,0.010654,0.010654,1.0
1220,31-Jan-98,24:00:00,2968.613212,0.000451,1252.864441,777.097509,0.056128,0.056128,1.0,0.000387,1724.58455,1132.188569,0.053805,0.053805,1.0
1221,01-Feb-98,24:00:00,2926.96875,0.000229,1313.347357,660.826321,0.06148,0.06148,1.0,0.000191,1613.450417,1450.753333,0.0685,0.0685,1.0
1222,02-Feb-98,24:00:00,3785.079583,0.000402,1407.75464,998.280018,0.062062,0.062062,1.0,0.000348,2385.21375,2117.083333,0.068802,0.068802,1.0
1223,03-Feb-98,24:00:00,4271.180833,0.000526,836.748565,807.991932,0.023759,0.023759,1.0,0.000476,3426.527083,2352.49375,0.042912,0.042912,1.0
1224,04-Feb-98,24:00:00,4688.475833,0.000379,2567.443378,1121.087532,0.089343,0.089343,1.0,0.000342,2128.024167,1840.940417,0.078541,0.078541,1.0
1225,05-Feb-98,24:00:00,7068.362917,0.000396,2551.035344,1176.622572,0.070384,0.070384,1.0,0.000361,4518.902083,2435.704167,0.072289,0.072289,1.0
1226,06-Feb-98,24:00:00,6060.65375,0.000457,2080.376009,1145.578424,0.06637,0.06637,1.0,0.000355,3978.775833,2510.679583,0.07036,0.07036,1.0
1227,07-Feb-98,24:00:00,2847.245833,0.000261,612.498351,607.687388,0.0,0.0,1.0,0.000301,2222.28125,1992.371667,0.0,0.0,1.0
1228,08-Feb-98,24:00:00,1351.517917,0.000772,389.904708,389.904708,0.0,0.0,1.0,0.000646,958.495757,958.171174,0.0,0.0,1.0
1229,09-Feb-98,24:00:00,1471.251667,0.000236,545.327115,529.546744,0.02051,0.02051,1.0,0.000279,928.868051,904.671869,0.019997,0.019997,1.0
1230,10-Feb-98,24:00:00,1433.07625,0.000515,426.55492,422.561584,0.003685,0.003685,1.0,0.000477,1003.216526,993.599955,0.0,0.0,1.0
1231,11-Feb-98,24:00:00,1712.274167,0.000162,678.704235,651.300289,0.033633,0.033633,1.0,0.000278,1038.172114,992.927811,0.03189,0.03189,1.0
1232,12-Feb-98,24:00:00,1378.699583,0.000633,337.45224,337.369271,0.0,0.0,1.0,0.000661,1036.206114,1027.432979,0.0,0.0,1.0
1233,13-Feb-98,24:00:00,2229.195833,0.000561,890.444996,780.42493,0.045401,0.045401,1.0,0.000421,1344.925317,1272.068916,0.049781,0.049781,1.0
1234,14-Feb-98,24:00:00,1427.136667,0.000876,309.820357,309.81415,0.0,0.0,1.0,0.000707,1111.146082,1099.788809,0.0,0.0,1.0
1235,15-Feb-98,24:00:00,2226.84479,0.00023,927.619535,631.301541,0.046428,0.046428,1.0,0.00018,1310.228052,888.938759,0.052047,0.052047,1.0
1236,16-Feb-98,24:00:00,2583.886667,0.000489,670.819634,646.521341,0.018876,0.018876,1.0,0.000533,1905.587083,1651.862083,0.015645,0.015645,1.0
1237,17-Feb-98,24:00:00,1126.688426,0.000563,288.649857,287.57234,0.004835,0.004835,1.0,0.000369,833.590062,829.843118,0.007413,0.007413,1.0
1238,18-Feb-98,24:00:00,5704.92875,0.000324,2026.856935,1039.916225,0.070712,0.070712,1.0,0.000285,3694.380542,1570.012001,0.080443,0.080443,1.0
1239,19-Feb-98,24:00:00,2321.06875,0.000442,373.773699,373.089929,0.0,0.0,1.0,0.00047,1932.31341,1612.323064,0.0,0.0,1.0
1240,20-Feb-98,24:00:00,2688.778333,0.000338,603.276492,580.136907,0.028371,0.028371,1.0,0.000263,2093.357289,1421.723254,0.05875,0.05875,1.0
1241,21-Feb-98,24:00:00,1667.592083,0.000627,291.953082,291.906358,0.0,0.0,1.0,0.000702,1366.440099,1286.45352,0.0,0.0,1.0
1242,22-Feb-98,24:00:00,1416.878046,0.000485,381.535058,371.151469,0.012872,0.012872,1.0,0.000352,1039.247144,994.541821,0.030995,0.030995,1.0
1243,23-Feb-98,24:00:00,1231.743203,0.000893,254.703877,254.567625,0.0,0.0,1.0,0.00083,972.053897,964.291889,0.0,0.0,1.0
1244,24-Feb-98,24:00:00,786.299913,0.000541,210.478151,210.478151,0.0,0.0,1.0,0.00043,574.609411,574.606833,0.0,0.0,1.0
1245,25-Feb-98,24:00:00,676.887015,0.000528,188.647623,188.647623,0.0,0.0,1.0,0.000499,487.78809,487.78809,0.0,0.0,1.0
1246,26-Feb-98,24:00:00,605.218592,0.000889,169.29163,169.29163,0.0,0.0,1.0,0.000686,435.560226,435.560226,0.0,0.0,1.0
1247,27-Feb-98,24:00:00,542.789204,0.000901,152.124736,152.124736,0.0,0.0,1.0,0.000834,390.342353,390.342353,0.0,0.0,1.0
1248,28-Feb-98,24:00:00,487.458798,0.000868,136.899443,136.899443,0.0,0.0,0.999328,0.000969,350.275326,350.275326,0.0,0.0,0.999829
1249,01-Mar-98,24:00:00,438.387576,0.000543,123.396238,123.396238,0.0,0.0,0.997344,0.000426,314.740709,314.740709,0.0,0.0,0.998712
1250,02-Mar-98,24:00:00,394.866739,0.001299,111.420431,111.420431,0.0,0.0,0.994402,0.00109,283.225022,283.225022,0.0,0.0,0.996222
1251,03-Mar-98,24:00:00,356.268704,0.001104,100.799348,100.799348,0.0,0.0,0.990232,0.000963,255.273875,255.273875,0.0,0.0,0.992683
1252,04-Mar-98,24:00:00,322.03689,0.000237,91.379838,91.379838,0.0,0.0,0.987918,0.000574,230.48428,230.48428,0.0,0.0,0.98994
1253,05-Mar-98,24:00:00,291.677663,0.001141,83.026068,83.026068,0.0,0.0,0.98769,0.001136,208.498824,208.498824,0.0,0.0,0.987148
1254,06-Mar-98,24:00:00,264.75321,0.000395,75.617564,75.617564,0.0,0.0,0.98769,0.000432,189.000503,189.000503,0.0,0.0,0.984337
1255,07-Mar-98,24:00:00,240.87523,0.000871,69.047475,69.047475,0.0,0.0,0.98769,0.000967,171.70816,171.70816,0.0,0.0,0.983654
1256,08-Mar-98,24:00:00,219.699334,0.00124,63.221032,63.221032,0.0,0.0,0.98769,0.001106,156.372431,156.372431,0.0,0.0,0.983654
1257,09-Mar-98,24:00:00,200.920078,0.001252,58.05418,58.05418,0.0,0.0,0.987503,0.001275,142.772146,142.772146,0.0,0.0,0.983039
1258,10-Mar-98,24:00:00,184.266556,0.001263,53.472369,53.472369,0.0,0.0,0.984956,0.001171,130.711144,130.711144,0.0,0.0,0.979991
1259,11-Mar-98,24:00:00,520.828766,0.000357,271.295423,220.935564,0.042225,0.037113,0.99112,0.000322,254.437001,223.549061,0.04222,0.03574,0.988811
1260,12-Mar-98,24:00:00,1735.530247,0.001018,659.953899,538.506839,0.01875,0.01875,1.0,0.000869,1074.895364,1014.934002,0.012022,0.012022,1.0
1261,13-Mar-98,24:00:00,476.732867,0.001448,102.171071,102.171071,0.0,0.0,1.0,0.001566,371.045045,370.074268,0.0,0.0,1.0
1262,14-Mar-98,24:00:00,286.805106,0.001241,91.475043,91.475043,0.0,0.0,1.0,0.001338,194.971059,194.971059,0.0,0.0,1.0
1263,15-Mar-98,24:00:00,252.463365,0.00132,83.118347,83.118347,0.0,0.0,0.998822,0.001356,169.218913,169.218913,0.0,0.0,0.998666
1264,16-Mar-98,24:00:00,229.69711,0.001388,75.707816,75.707816,0.0,0.0,0.994834,0.001318,153.885458,153.885458,0.0,0.0,0.994605
1265,17-Mar-98,24:00:00,209.798859,0.00151,69.136321,69.136321,0.0,0.0,0.989918,0.00143,140.57084,140.57084,0.0,0.0,0.98992
1266,18-Mar-98,24:00:00,192.162885,0.000922,63.309019,63.309019,0.0,0.0,0.985737,0.001485,128.772651,128.772651,0.0,0.0,0.985052
1267,19-Mar-98,24:00:00,176.524705,0.000694,58.141787,58.141787,0.0,0.0,0.982963,0.001135,118.310966,118.310966,0.0,0.0,0.980527
1268,20-Mar-98,24:00:00,178.589512,0.000583,55.997191,53.577884,0.006032,0.000111,0.98326,0.000588,123.507139,117.185086,0.016835,0.010021,0.983161
1269,21-Mar-98,24:00:00,1468.115864,0.000708,479.152309,448.049925,0.034988,0.034988,1.0,0.000509,995.049043,911.577629,0.038944,0.038944,1.0
1270,22-Mar-98,24:00:00,1999.321691,0.000368,796.161573,558.711349,0.05057,0.05057,1.0,0.000452,1207.119671,937.860296,0.048309,0.048309,1.0
1271,23-Mar-98,24:00:00,1372.199371,0.000735,299.849392,291.191948,0.009737,0.009737,1.0,0.000544,1065.775576,998.658508,0.009156,0.009156,1.0
1272,24-Mar-98,24:00:00,702.02081,0.000984,178.585561,177.841766,0.0,0.0,1.0,0.001064,520.611365,512.564816,0.0,0.0,1.0
1273,25-Mar-98,24:00:00,404.071589,0.001305,118.689604,118.689604,0.0,0.0,1.0,0.001223,284.646309,284.574865,0.0,0.0,1.0
1274,26-Mar-98,24:00:00,343.692562,0.000975,107.248518,107.248518,0.0,0.0,1.0,0.000756,236.238061,236.238061,0.0,0.0,1.0
1275,27-Mar-98,24:00:00,309.951394,0.001242,97.122995,97.122995,0.0,0.0,1.0,0.001109,212.671133,212.671133,0.0,0.0,1.0
1276,28-Mar-98,24:00:00,280.993436,0.001564,88.14393,88.14393,0.0,0.0,0.99873,0.001502,192.711338,192.711338,0.0,0.0,0.997685
1277,29-Mar-98,24:00:00,255.348478,0.00129,80.181711,80.181711,0.0,0.0,0.994648,0.001304,175.044547,175.044547,0.0,0.0,0.992794
1278,30-Mar-98,24:00:00,669.798861,0.000518,285.491964,267.084984,0.023735,0.021497,0.998603,0.00031,387.319722,358.924522,0.019505,0.016714,0.998526
1279,31-Mar-98,24:00:00,507.673498,0.001279,139.479817,138.489158,0.0,0.0,1.0,0.001276,365.618759,361.010875,0.0,0.0,1.0
1280,01-Apr-98,24:00:00,265.897054,0.000827,82.69151,82.69151,0.0,0.0,1.0,0.001005,182.738134,182.722546,0.0,0.0,1.0
1281,02-Apr-98,24:00:00,742.1514,0.000565,317.808171,301.29967,0.0202,0.0202,1.0,0.000657,427.696682,399.196148,0.018798,0.018798,1.0
1282,03-Apr-98,24:00:00,505.150919,0.000832,133.547682,130.280831,0.004143,0.004143,1.0,0.000934,368.691466,365.370957,0.0,0.0,1.0
1283,04-Apr-98,24:00:00,279.894668,0.001217,99.412473,99.293036,0.0,0.0,1.0,0.001082,180.036967,180.036967,0.0,0.0,1.0
1284,05-Apr-98,24:00:00,231.356598,0.000808,79.5365,79.5365,0.0,0.0,1.0,0.000752,151.703717,151.703717,0.0,0.0,1.0
1285,06-Apr-98,24:00:00,210.830931,0.001447,72.55674,72.55674,0.0,0.0,1.0,0.001353,138.184537,138.184537,0.0,0.0,0.99961
1286,07-Apr-98,24:00:00,193.148424,0.001052,66.372014,66.372014,0.0,0.0,0.999431,0.001053,126.697472,126.697472,0.0,0.0,0.996947
1287,08-Apr-98,24:00:00,368.676791,0.000849,159.221907,152.381966,0.008369,0.007939,0.999975,0.000801,210.15073,199.735946,0.006475,0.005071,0.999767
1288,09-Apr-98,24:00:00,221.396659,0.00095,65.291583,65.291583,0.0,0.0,1.0,0.000856,155.415142,154.869752,0.0,0.0,1.0
1289,10-Apr-98,24:00:00,171.402095,0.00137,59.301881,59.301881,0.0,0.0,1.0,0.001125,111.979976,111.979976,0.0,0.0,1.0
1290,11-Apr-98,24:00:00,260.754963,0.001,126.99608,116.531481,0.017973,0.017973,1.0,0.00077,135.670928,128.153096,0.015997,0.015997,1.0
1291,12-Apr-98,24:00:00,641.285994,0.00118,207.924062,203.700049,0.0,0.0,1.0,0.000967,432.67038,413.361082,0.0,0.0,1.0
1292,13-Apr-98,24:00:00,237.24684,0.001096,65.53955,65.53955,0.0,0.0,1.0,0.001063,170.641292,170.388137,0.0,0.0,1.0
1293,14-Apr-98,24:00:00,175.048522,0.001586,60.058088,60.058088,0.0,0.0,1.0,0.001446,114.861566,114.861566,0.0,0.0,1.0
1294,15-Apr-98,24:00:00,159.264341,0.001601,55.301841,55.301841,0.0,0.0,0.998072,0.00165,103.901538,103.901538,0.0,0.0,0.998772
1295,16-Apr-98,24:00:00,147.401651,0.001821,51.085446,51.085446,0.0,0.0,0.99265,0.001794,96.26429,96.26429,0.0,0.0,0.993918
1296,17-Apr-98,24:00:00,136.964922,0.001451,47.347865,47.347865,0.0,0.0,0.987046,0.001687,89.571118,89.571118,0.0,0.0,0.987942
1297,18-Apr-98,24:00:00,127.716992,0.001905,44.034973,44.034973,0.0,0.0,0.981247,0.001818,83.64131,83.64131,0.0,0.0,0.981929
1298,19-Apr-98,24:00:00,119.521164,0.001935,41.098766,41.098766,0.0,0.0,0.974886,0.002089,78.386321,78.386321,0.0,0.0,0.975362
1299,20-Apr-98,24:00:00,112.258462,0.002125,38.496669,38.496669,0.0,0.0,0.967747,0.002128,73.729824,73.729824,0.0,0.0,0.967986
1300,21-Apr-98,24:00:00,105.823425,0.001561,36.190918,36.190918,0.0,0.0,0.961329,0.001952,69.60418,69.60418,0.0,0.0,0.961055
1301,22-Apr-98,24:00:00,284.132524,0.000728,162.617211,144.349984,0.022352,0.010222,0.987753,0.000733,122.165353,98.968162,0.01552,0.003058,0.986346
1302,23-Apr-98,24:00:00,158.137455,0.001696,49.30894,49.30894,0.0,0.0,1.0,0.001498,108.251135,105.176465,0.0,0.0,1.0
1303,24-Apr-98,24:00:00,109.988739,0.001916,40.791776,40.791776,0.0,0.0,0.999952,0.0019,69.104027,69.104027,0.0,0.0,1.0
1304,25-Apr-98,24:00:00,101.242962,0.002173,38.233967,38.233967,0.0,0.0,0.99636,0.002064,62.983361,62.983361,0.0,0.0,0.997075
1305,26-Apr-98,24:00:00,95.972706,0.002231,35.96871,35.96871,0.0,0.0,0.988775,0.002334,59.984137,59.984137,0.0,0.0,0.989817
1306,27-Apr-98,24:00:00,91.415046,0.001766,33.961815,33.961815,0.0,0.0,0.981913,0.002348,57.435746,57.435746,0.0,0.0,0.981755
1307,28-Apr-98,24:00:00,87.38323,0.00172,32.184082,32.184082,0.0,0.0,0.976053,0.00229,55.183673,55.183673,0.0,0.0,0.973908
1308,29-Apr-98,24:00:00,83.814259,0.001649,30.60961,30.60961,0.0,0.0,0.970227,0.001919,53.190952,53.190952,0.0,0.0,0.966545
1309,30-Apr-98,24:00:00,710.424645,0.000645,359.439317,329.008419,0.037276,0.027675,0.995133,0.000595,355.30989,306.088164,0.032866,0.022061,0.992979
1310,01-May-98,24:00:00,775.850965,0.001023,296.24326,281.018911,0.018591,0.018591,1.0,0.00108,477.328968,458.994593,0.007574,0.007574,1.0
1311,02-May-98,24:00:00,273.182686,0.001258,79.915664,79.912923,0.0,0.0,1.0,0.00143,191.75225,190.852937,0.0,0.0,1.0
1312,03-May-98,24:00:00,201.636544,0.001122,68.013281,68.013281,0.0,0.0,1.0,0.001264,134.236753,129.777623,0.00402,0.00402,1.0
1313,04-May-98,24:00:00,232.244721,0.000851,62.397662,62.397662,0.0,0.0,1.0,0.001261,169.227324,166.891479,0.0,0.0,1.0
1314,05-May-98,24:00:00,161.598258,0.000882,57.420461,57.420461,0.0,0.0,1.0,0.00099,103.973277,103.963801,0.0,0.0,1.0
1315,06-May-98,24:00:00,143.629627,0.000965,53.008438,53.008438,0.0,0.0,0.999521,0.001063,90.56696,90.56696,0.0,0.0,1.0
1316,07-May-98,24:00:00,133.467409,0.001158,49.097695,49.097695,0.0,0.0,0.996963,0.001187,84.328775,84.328775,0.0,0.0,0.999466
1317,08-May-98,24:00:00,124.740928,0.001876,45.631558,45.631558,0.0,0.0,0.991442,0.001685,79.073361,79.073361,0.0,0.0,0.995446
1318,09-May-98,24:00:00,117.018301,0.001556,42.559763,42.559763,0.0,0.0,0.985709,0.001667,74.426641,74.426641,0.0,0.0,0.989754
1319,10-May-98,24:00:00,110.176561,0.000624,39.837728,39.837728,0.0,0.0,0.981837,0.000671,70.310574,70.310574,0.0,0.0,0.985919
1320,11-May-98,24:00:00,233.32228,0.000861,89.131128,81.397201,0.009463,0.003839,0.997966,0.00075,144.868515,131.29943,0.008611,0.004358,0.998334
1321,12-May-98,24:00:00,151.047445,0.001204,39.884315,39.884315,0.0,0.0,1.0,0.001276,110.574053,109.567492,0.0,0.0,1.0
1322,13-May-98,24:00:00,109.287709,0.00122,37.081854,37.081854,0.0,0.0,1.0,0.001296,72.114161,72.112595,0.0,0.0,1.0
1323,14-May-98,24:00:00,100.919661,0.001785,34.988903,34.988903,0.0,0.0,0.998909,0.001561,65.903538,65.903538,0.0,0.0,0.999921
1324,15-May-98,24:00:00,95.831365,0.001414,33.135138,33.135138,0.0,0.0,0.99457,0.001239,62.674734,62.674734,0.0,0.0,0.997533
1325,16-May-98,24:00:00,91.426564,0.001906,31.493454,31.493454,0.0,0.0,0.988963,0.00189,59.914171,59.914171,0.0,0.0,0.992313
1326,17-May-98,24:00:00,87.530716,0.002267,30.039875,30.039875,0.0,0.0,0.981883,0.002178,57.474078,57.474078,0.0,0.0,0.985387
1327,18-May-98,24:00:00,84.083039,0.001777,28.753137,28.753137,0.0,0.0,0.974863,0.001468,55.315068,55.315068,0.0,0.0,0.978953
1328,19-May-98,24:00:00,81.032781,0.001938,27.614379,27.614379,0.0,0.0,0.968604,0.001788,53.405278,53.405278,0.0,0.0,0.973522
1329,20-May-98,24:00:00,78.335015,0.002037,26.606874,26.606874,0.0,0.0,0.961738,0.001954,51.716535,51.716535,0.0,0.0,0.967048
1330,21-May-98,24:00:00,75.949898,0.002146,25.715784,25.715784,0.0,0.0,0.954577,0.002189,50.223854,50.223854,0.0,0.0,0.960026
1331,22-May-98,24:00:00,73.842089,0.001585,24.92795,24.92795,0.0,0.0,0.948178,0.001738,48.905075,48.905075,0.0,0.0,0.9532
1332,23-May-98,24:00:00,71.980245,0.000952,24.2317,24.2317,0.0,0.0,0.943695,0.000877,47.740541,47.740541,0.0,0.0,0.948621
1333,24-May-98,24:00:00,70.336563,0.001812,23.616681,23.616681,0.0,0.0,0.938987,0.00177,46.712819,46.712819,0.0,0.0,0.944078
1334,25-May-98,24:00:00,68.886383,0.001319,23.073711,23.073711,0.0,0.0,0.933652,0.001075,45.806444,45.806444,0.0,0.0,0.939186
1335,26-May-98,24:00:00,72.735555,0.000702,26.510854,22.594644,0.010393,0.0,0.938013,0.000778,46.328,45.007701,0.007398,0.0,0.940268
1336,27-May-98,24:00:00,1602.816613,0.000667,842.089624,646.202858,0.087206,0.077543,0.999347,0.000603,771.611347,660.159522,0.084988,0.074091,0.998899
1337,28-May-98,24:00:00,5458.675417,0.000702,2114.190194,1053.615181,0.065526,0.065526,1.0,0.000636,3349.992083,2003.655,0.063023,0.063023,1.0
1338,29-May-98,24:00:00,1456.210367,0.001979,216.966139,216.896077,0.0,0.0,1.0,0.001976,1225.86766,1081.352438,0.0,0.0,1.0
1339,30-May-98,24:00:00,519.107124,0.00168,153.859765,153.859765,0.0,0.0,1.0,0.002101,363.637063,363.637063,0.0,0.0,0.999787
1340,31-May-98,24:00:00,417.205943,0.001553,138.592412,138.592412,0.0,0.0,0.998225,0.001913,278.33724,278.33724,0.0,0.0,0.996264
1341,01-Jun-98,24:00:00,374.452669,0.001418,125.065976,125.065976,0.0,0.0,0.993309,0.001265,249.197304,249.197304,0.0,0.0,0.990676
1342,02-Jun-98,24:00:00,338.604731,0.000904,113.071736,113.071736,0.0,0.0,0.989229,0.000965,225.367522,225.367522,0.0,0.0,0.986756
1343,03-Jun-98,24:00:00,306.887245,0.00118,102.436438,102.436438,0.0,0.0,0.985744,0.001444,204.304559,204.304559,0.0,0.0,0.982714
1344,04-Jun-98,24:00:00,278.766506,0.001863,93.006418,93.006418,0.0,0.0,0.980577,0.001831,185.630731,185.630731,0.0,0.0,0.977118
1345,05-Jun-98,24:00:00,253.83386,0.000927,84.645391,84.645391,0.0,0.0,0.975715,0.00112,169.074014,169.074014,0.0,0.0,0.972049
1346,06-Jun-98,24:00:00,231.728746,0.000966,77.232481,77.232481,0.0,0.0,0.972415,0.001219,154.394965,154.394965,0.0,0.0,0.967985
1347,07-Jun-98,24:00:00,212.131427,0.002064,70.660479,70.660479,0.0,0.0,0.967283,0.001803,141.381268,141.381268,0.0,0.0,0.962901
1348,08-Jun-98,24:00:00,194.758324,0.001442,64.8343,64.8343,0.0,0.0,0.96139,0.002317,129.844613,129.844613,0.0,0.0,0.955788
1349,09-Jun-98,24:00:00,179.357928,0.001998,59.669612,59.669612,0.0,0.0,0.955525,0.001986,119.617985,119.617985,0.0,0.0,0.948379
1350,10-Jun-98,24:00:00,165.707167,0.001042,55.091615,55.091615,0.0,0.0,0.950232,0.001646,110.553255,110.553255,0.0,0.0,0.942191
1351,11-Jun-98,24:00:00,153.608198,0.000901,51.033971,51.033971,0.0,0.0,0.946752,0.001937,102.51904,102.51904,0.0,0.0,0.935927
1352,12-Jun-98,24:00:00,142.885548,0.001614,47.43784,47.43784,0.0,0.0,0.942699,0.001976,95.398816,95.398816,0.0,0.0,0.929486
1353,13-Jun-98,24:00:00,133.383587,0.002227,44.251037,44.251037,0.0,0.0,0.936164,0.00251,89.089234,89.089234,0.0,0.0,0.921733
1354,14-Jun-98,24:00:00,124.964281,0.002574,41.427278,41.427278,0.0,0.0,0.927776,0.002795,83.498628,83.498628,0.0,0.0,0.91293
1355,15-Jun-98,24:00:00,117.505207,0.003175,38.925509,38.925509,0.0,0.0,0.918352,0.002754,78.545701,78.545701,0.0,0.0,0.903077
1356,16-Jun-98,24:00:00,110.897782,0.002514,36.709322,36.709322,0.0,0.0,0.907986,0.002682,74.158344,74.158344,0.0,0.0,0.893826
1357,17-Jun-98,24:00:00,105.045702,0.001994,34.746423,34.746423,0.0,0.0,0.900555,0.002621,70.272605,70.272605,0.0,0.0,0.884717
1358,18-Jun-98,24:00:00,99.863553,0.00163,33.00817,33.00817,0.0,0.0,0.894377,0.002639,66.831759,66.831759,0.0,0.0,0.875832
1359,19-Jun-98,24:00:00,95.275576,0.001549,31.469161,31.469161,0.0,0.0,0.888901,0.002127,63.785498,63.785498,0.0,0.0,0.867618
1360,20-Jun-98,24:00:00,91.21458,0.001067,30.106863,30.106863,0.0,0.0,0.884309,0.001684,61.0892,61.0892,0.0,0.0,0.861076
1361,21-Jun-98,24:00:00,87.620968,0.00119,28.901293,28.901293,0.0,0.0,0.880458,0.001878,58.703288,58.703288,0.0,0.0,0.855022
1362,22-Jun-98,24:00:00,84.441886,0.00125,27.834727,27.834727,0.0,0.0,0.876335,0.002251,56.592661,56.592661,0.0,0.0,0.847823
1363,23-Jun-98,24:00:00,81.630449,0.001849,26.891443,26.891443,0.0,0.0,0.871025,0.002352,54.726184,54.726184,0.0,0.0,0.839933
1364,24-Jun-98,24:00:00,79.145079,0.001981,26.057499,26.057499,0.0,0.0,0.86449,0.002014,53.076244,53.076244,0.0,0.0,0.832305
1365,25-Jun-98,24:00:00,76.948893,0.002393,25.320528,25.320528,0.0,0.0,0.856964,0.002473,51.618349,51.618349,0.0,0.0,0.824823
1366,26-Jun-98,24:00:00,75.009182,0.002616,24.66956,24.66956,0.0,0.0,0.848369,0.002562,50.330776,50.330776,0.0,0.0,0.816097
1367,27-Jun-98,24:00:00,73.296931,0.0015,24.094867,24.094867,0.0,0.0,0.841352,0.00255,49.194257,49.194257,0.0,0.0,0.80738
1368,28-Jun-98,24:00:00,71.786408,0.001434,23.587819,23.587819,0.0,0.0,0.836316,0.002404,48.191703,48.191703,0.0,0.0,0.798961
1369,29-Jun-98,24:00:00,70.454787,0.001849,23.140763,23.140763,0.0,0.0,0.830763,0.002134,47.307955,47.307955,0.0,0.0,0.791147
1370,30-Jun-98,24:00:00,69.281824,0.002301,22.74691,22.74691,0.0,0.0,0.823587,0.002118,46.52957,46.52957,0.0,0.0,0.783919
1371,01-Jul-98,24:00:00,68.249561,0.002188,22.400239,22.400239,0.0,0.0,0.815832,0.002259,45.844621,45.844621,0.0,0.0,0.776408
1372,02-Jul-98,24:00:00,67.342073,0.002237,22.095409,22.095409,0.0,0.0,0.808321,0.002541,45.242533,45.242533,0.0,0.0,0.768163
1373,03-Jul-98,24:00:00,66.54523,0.00216,21.827682,21.827682,0.0,0.0,0.800804,0.002623,44.713923,44.713923,0.0,0.0,0.759265
1374,04-Jul-98,24:00:00,65.846504,0.001975,21.592858,21.592858,0.0,0.0,0.793704,0.002516,44.25047,44.25047,0.0,0.0,0.750438
1375,05-Jul-98,24:00:00,65.234778,0.002307,21.387209,21.387209,0.0,0.0,0.78642,0.002667,43.844791,43.844791,0.0,0.0,0.741506
1376,06-Jul-98,24:00:00,64.700194,0.002586,21.207428,21.207428,0.0,0.0,0.777921,0.002981,43.490341,43.490341,0.0,0.0,0.731996
1377,07-Jul-98,24:00:00,64.234007,0.001925,21.050584,21.050584,0.0,0.0,0.770188,0.002848,43.18131,43.18131,0.0,0.0,0.722002
1378,08-Jul-98,24:00:00,63.828459,0.001533,20.914076,20.914076,0.0,0.0,0.764315,0.002486,42.912549,42.912549,0.0,0.0,0.712809
1379,09-Jul-98,24:00:00,63.476669,0.001861,20.795595,20.795595,0.0,0.0,0.758564,0.002335,42.679486,42.679486,0.0,0.0,0.704595
1380,10-Jul-98,24:00:00,63.172535,0.002435,20.693096,20.693096,0.0,0.0,0.751168,0.00269,42.478068,42.478068,0.0,0.0,0.695973
1381,11-Jul-98,24:00:00,62.91064,0.00275,20.604763,20.604763,0.0,0.0,0.742254,0.002956,42.3047,42.3047,0.0,0.0,0.686389
1382,12-Jul-98,24:00:00,62.686182,0.00226,20.528984,20.528984,0.0,0.0,0.733498,0.002964,42.156192,42.156192,0.0,0.0,0.676243
1383,13-Jul-98,24:00:00,62.4949,0.002546,20.464333,20.464333,0.0,0.0,0.725392,0.002917,42.029714,42.029714,0.0,0.0,0.666107
1384,14-Jul-98,24:00:00,62.333014,0.003181,20.40954,20.40954,0.0,0.0,0.715911,0.003193,41.922755,41.922755,0.0,0.0,0.655758
1385,15-Jul-98,24:00:00,62.19717,0.002877,20.363481,20.363481,0.0,0.0,0.705136,0.002933,41.833089,41.833089,0.0,0.0,0.645096
1386,16-Jul-98,24:00:00,62.084393,0.002689,20.325159,20.325159,0.0,0.0,0.695681,0.00303,41.758739,41.758739,0.0,0.0,0.634948
1387,17-Jul-98,24:00:00,61.992043,0.002965,20.293689,20.293689,0.0,0.0,0.686096,0.003159,41.697953,41.697953,0.0,0.0,0.62436
1388,18-Jul-98,24:00:00,61.91778,0.002844,20.268286,20.268286,0.0,0.0,0.675999,0.003101,41.649176,41.649176,0.0,0.0,0.613577
1389,19-Jul-98,24:00:00,61.859524,0.002261,20.248252,20.248252,0.0,0.0,0.667088,0.002908,41.611027,41.611027,0.0,0.0,0.603251
1390,20-Jul-98,24:00:00,61.815431,0.001682,20.23297,20.23297,0.0,0.0,0.660488,0.002619,41.582281,41.582281,0.0,0.0,0.593757
1391,21-Jul-98,24:00:00,61.783867,0.001315,20.221891,20.221891,0.0,0.0,0.655297,0.00244,41.561853,41.561853,0.0,0.0,0.585088
1392,22-Jul-98,24:00:00,61.763379,0.001556,20.214529,20.214529,0.0,0.0,0.650422,0.002523,41.548779,41.548779,0.0,0.0,0.576548
1393,23-Jul-98,24:00:00,61.752678,0.001492,20.21045,20.21045,0.0,0.0,0.645224,0.002468,41.542201,41.542201,0.0,0.0,0.56793
1394,24-Jul-98,24:00:00,61.750621,0.002178,20.209272,20.209272,0.0,0.0,0.638939,0.002715,41.541361,41.541361,0.0,0.0,0.558991
1395,25-Jul-98,24:00:00,61.756193,0.002249,20.210655,20.210655,0.0,0.0,0.631285,0.002859,41.545585,41.545585,0.0,0.0,0.549608
1396,26-Jul-98,24:00:00,61.768493,0.002077,20.214297,20.214297,0.0,0.0,0.623976,0.00284,41.554275,41.554275,0.0,0.0,0.539772
1397,27-Jul-98,24:00:00,61.786722,0.001964,20.219928,20.219928,0.0,0.0,0.617021,0.002722,41.566898,41.566898,0.0,0.0,0.530256
1398,28-Jul-98,24:00:00,61.810168,0.00167,20.227312,20.227312,0.0,0.0,0.610758,0.002156,41.582985,41.582985,0.0,0.0,0.521804
1399,29-Jul-98,24:00:00,61.838203,0.001062,20.236237,20.236237,0.0,0.0,0.605964,0.001789,41.602115,41.602115,0.0,0.0,0.515025
1400,30-Jul-98,24:00:00,61.870265,0.002393,20.246515,20.246515,0.0,0.0,0.600095,0.002344,41.623918,41.623918,0.0,0.0,0.508079
1401,31-Jul-98,24:00:00,61.905858,0.002541,20.25798,20.25798,0.0,0.0,0.591657,0.002726,41.648062,41.648062,0.0,0.0,0.499324
1402,01-Aug-98,24:00:00,61.94454,0.002699,20.270483,20.270483,0.0,0.0,0.58274,0.002798,41.674255,41.674255,0.0,0.0,0.489914
1403,02-Aug-98,24:00:00,61.985918,0.002804,20.283894,20.283894,0.0,0.0,0.573381,0.002787,41.702235,41.702235,0.0,0.0,0.480279
1404,03-Aug-98,24:00:00,62.029645,0.002686,20.298094,20.298094,0.0,0.0,0.563936,0.002944,41.731772,41.731772,0.0,0.0,0.470608
1405,04-Aug-98,24:00:00,62.075409,0.002521,20.312981,20.312981,0.0,0.0,0.554959,0.002806,41.762659,41.762659,0.0,0.0,0.460625
1406,05-Aug-98,24:00:00,62.122936,0.002225,20.328461,20.328461,0.0,0.0,0.546849,0.003053,41.794713,41.794713,0.0,0.0,0.450742
1407,06-Aug-98,24:00:00,62.171981,0.00225,20.344454,20.344454,0.0,0.0,0.539058,0.002546,41.827772,41.827772,0.0,0.0,0.440881
1408,07-Aug-98,24:00:00,62.222326,0.001721,20.360885,20.360885,0.0,0.0,0.532362,0.002527,41.861692,41.861692,0.0,0.0,0.432229
1409,08-Aug-98,24:00:00,62.273777,0.002064,20.37769,20.37769,0.0,0.0,0.525926,0.002555,41.896342,41.896342,0.0,0.0,0.423567
1410,09-Aug-98,24:00:00,62.326162,0.002569,20.394812,20.394812,0.0,0.0,0.517926,0.002655,41.93161,41.93161,0.0,0.0,0.414567
1411,10-Aug-98,24:00:00,62.379327,0.002603,20.412198,20.412198,0.0,0.0,0.509072,0.002679,41.967392,41.967392,0.0,0.0,0.405408
1412,11-Aug-98,24:00:00,62.433135,0.002699,20.429803,20.429803,0.0,0.0,0.500042,0.002732,42.003598,42.003598,0.0,0.0,0.39618
1413,12-Aug-98,24:00:00,62.487465,0.002274,20.447586,20.447586,0.0,0.0,0.491346,0.002685,42.040148,42.040148,0.0,0.0,0.386906
1414,13-Aug-98,24:00:00,62.542209,0.001945,20.465511,20.465511,0.0,0.0,0.484089,0.002478,42.076968,42.076968,0.0,0.0,0.377899
1415,14-Aug-98,24:00:00,62.597269,0.001714,20.483546,20.483546,0.0,0.0,0.477892,0.002682,42.113995,42.113995,0.0,0.0,0.369147
1416,15-Aug-98,24:00:00,62.652559,0.002137,20.50166,20.50166,0.0,0.0,0.471196,0.002681,42.151171,42.151171,0.0,0.0,0.360167
1417,16-Aug-98,24:00:00,62.708002,0.002182,20.51983,20.51983,0.0,0.0,0.463833,0.00239,42.188445,42.188445,0.0,0.0,0.351048
1418,17-Aug-98,24:00:00,62.763529,0.00189,20.538031,20.538031,0.0,0.0,0.456859,0.002158,42.225771,42.225771,0.0,0.0,0.343415
1419,18-Aug-98,24:00:00,62.819079,0.001436,20.556243,20.556243,0.0,0.0,0.451151,0.002232,42.263109,42.263109,0.0,0.0,0.335928
1420,19-Aug-98,24:00:00,62.874596,0.001443,20.574448,20.574448,0.0,0.0,0.446281,0.002098,42.300421,42.300421,0.0,0.0,0.32845
1421,20-Aug-98,24:00:00,62.930032,0.002038,20.592628,20.592628,0.0,0.0,0.440297,0.002186,42.337676,42.337676,0.0,0.0,0.32116
1422,21-Aug-98,24:00:00,62.985341,0.002313,20.61077,20.61077,0.0,0.0,0.432803,0.002466,42.374842,42.374842,0.0,0.0,0.313253
1423,22-Aug-98,24:00:00,63.040485,0.002303,20.62886,20.62886,0.0,0.0,0.424922,0.002254,42.411895,42.411895,0.0,0.0,0.305087
1424,23-Aug-98,24:00:00,63.095427,0.002335,20.646886,20.646886,0.0,0.0,0.416944,0.00239,42.448811,42.448811,0.0,0.0,0.297155
1425,24-Aug-98,24:00:00,63.150136,0.001301,20.664837,20.664837,0.0,0.0,0.410686,0.002242,42.485567,42.485567,0.0,0.0,0.289242
1426,25-Aug-98,24:00:00,63.204583,0.00161,20.682704,20.682704,0.0,0.0,0.405755,0.002122,42.522146,42.522146,0.0,0.0,0.281676
1427,26-Aug-98,24:00:00,63.258743,0.002161,20.700479,20.700479,0.0,0.0,0.399282,0.002468,42.558529,42.558529,0.0,0.0,0.273944
1428,27-Aug-98,24:00:00,63.31259,0.002008,20.718152,20.718152,0.0,0.0,0.392164,0.002328,42.594702,42.594702,0.0,0.0,0.265657
1429,28-Aug-98,24:00:00,63.366105,0.002221,20.735718,20.735718,0.0,0.0,0.384864,0.002347,42.630649,42.630649,0.0,0.0,0.257624
1430,29-Aug-98,24:00:00,63.419269,0.001907,20.75317,20.75317,0.0,0.0,0.37778,0.002317,42.66636,42.66636,0.0,0.0,0.249625
1431,30-Aug-98,24:00:00,63.472064,0.00204,20.770501,20.770501,0.0,0.0,0.371125,0.002406,42.70182,42.70182,0.0,0.0,0.24155
1432,31-Aug-98,24:00:00,63.524473,0.002065,20.787708,20.787708,0.0,0.0,0.363963,0.002416,42.737022,42.737022,0.0,0.0,0.23328
1433,01-Sep-98,24:00:00,63.576484,0.002233,20.804784,20.804784,0.0,0.0,0.356617,0.002542,42.771954,42.771954,0.0,0.0,0.224847
1434,02-Sep-98,24:00:00,63.628082,0.0023,20.821726,20.821726,0.0,0.0,0.348852,0.002539,42.806608,42.806608,0.0,0.0,0.216142
1435,03-Sep-98,24:00:00,63.679256,0.002047,20.83853,20.83853,0.0,0.0,0.341227,0.002585,42.840977,42.840977,0.0,0.0,0.207553
1436,04-Sep-98,24:00:00,63.729996,0.001602,20.855192,20.855192,0.0,0.0,0.33495,0.00154,42.875052,42.875052,0.0,0.0,0.200073
1437,05-Sep-98,24:00:00,63.78029,0.002195,20.871709,20.871709,0.0,0.0,0.328607,0.002048,42.908828,42.908828,0.0,0.0,0.193934
1438,06-Sep-98,24:00:00,63.830131,0.00231,20.888077,20.888077,0.0,0.0,0.320901,0.002273,42.942297,42.942297,0.0,0.0,0.186613
1439,07-Sep-98,24:00:00,63.879508,0.00178,20.904294,20.904294,0.0,0.0,0.313908,0.002262,42.975456,42.975456,0.0,0.0,0.17892
1440,08-Sep-98,24:00:00,63.928416,0.001333,20.920358,20.920358,0.0,0.0,0.308496,0.001371,43.008297,43.008297,0.0,0.0,0.172482
1441,09-Sep-98,24:00:00,63.976846,0.001901,20.936265,20.936265,0.0,0.0,0.302917,0.001885,43.040817,43.040817,0.0,0.0,0.166954
1442,10-Sep-98,24:00:00,64.024792,0.002177,20.952014,20.952014,0.0,0.0,0.296022,0.002071,43.073012,43.073012,0.0,0.0,0.160175
1443,11-Sep-98,24:00:00,64.072247,0.002124,20.967603,20.967603,0.0,0.0,0.288622,0.002293,43.104876,43.104876,0.0,0.0,0.152802
1444,12-Sep-98,24:00:00,64.119206,0.002121,20.983029,20.983029,0.0,0.0,0.281326,0.002225,43.136406,43.136406,0.0,0.0,0.145023
1445,13-Sep-98,24:00:00,64.165664,0.00152,20.998292,20.998292,0.0,0.0,0.275073,0.002192,43.167599,43.167599,0.0,0.0,0.137459
1446,14-Sep-98,24:00:00,64.211615,0.001123,21.013389,21.013389,0.0,0.0,0.270498,0.001913,43.198451,43.198451,0.0,0.0,0.130361
1447,15-Sep-98,24:00:00,64.257055,0.001418,21.028318,21.028318,0.0,0.0,0.266214,0.002092,43.228959,43.228959,0.0,0.0,0.123525
1448,16-Sep-98,24:00:00,64.301979,0.001632,21.043079,21.043079,0.0,0.0,0.261059,0.001855,43.25912,43.25912,0.0,0.0,0.116746
1449,17-Sep-98,24:00:00,64.346384,0.001951,21.05767,21.05767,0.0,0.0,0.254903,0.001806,43.288931,43.288931,0.0,0.0,0.110431
1450,18-Sep-98,24:00:00,64.390265,0.00181,21.072089,21.072089,0.0,0.0,0.248203,0.001751,43.31839,43.31839,0.0,0.0,0.104323
1451,19-Sep-98,24:00:00,64.433619,0.001822,21.086336,21.086336,0.0,0.0,0.242084,0.001784,43.347495,43.347495,0.0,0.0,0.098221
1452,20-Sep-98,24:00:00,64.476442,0.001182,21.100409,21.100409,0.0,0.0,0.236901,0.001682,43.376242,43.376242,0.0,0.0,0.092301
1453,21-Sep-98,24:00:00,64.518731,0.000725,21.114307,21.114307,0.0,0.0,0.23359,0.000994,43.40463,43.40463,0.0,0.0,0.08767
1454,22-Sep-98,24:00:00,64.560484,0.001326,21.12803,21.12803,0.0,0.0,0.230075,0.001197,43.432657,43.432657,0.0,0.0,0.083941
1455,23-Sep-98,24:00:00,64.601696,0.0013,21.141576,21.141576,0.0,0.0,0.225542,0.001449,43.460321,43.460321,0.0,0.0,0.079345
1456,24-Sep-98,24:00:00,64.642365,0.000624,21.154944,21.154944,0.0,0.0,0.222248,0.001125,43.48762,43.48762,0.0,0.0,0.074968
1457,25-Sep-98,24:00:00,64.682489,0.001052,21.168133,21.168133,0.0,0.0,0.21945,0.001526,43.514552,43.514552,0.0,0.0,0.070313
1458,26-Sep-98,24:00:00,64.722065,0.000445,21.181143,21.181143,0.0,0.0,0.216755,0.00066,43.541115,43.541115,0.0,0.0,0.066494
1459,27-Sep-98,24:00:00,64.761091,0.001527,21.193973,21.193973,0.0,0.0,0.213433,0.001393,43.567308,43.567308,0.0,0.0,0.063215
1460,28-Sep-98,24:00:00,64.799564,0.000499,21.206622,21.206622,0.0,0.0,0.2099,0.001464,43.593129,43.593129,0.0,0.0,0.058258
1461,29-Sep-98,24:00:00,64.837482,0.000934,21.219089,21.219089,0.0,0.0,0.20752,0.001248,43.618578,43.618578,0.0,0.0,0.053681
1462,30-Sep-98,24:00:00,64.874843,0.000548,21.231374,21.231374,0.0,0.0,0.204869,0.000808,43.643651,43.643651,0.0,0.0,0.050006
1463,01-Oct-98,24:00:00,64.911646,0.001389,21.243476,21.243476,0.0,0.0,0.201791,0.001279,43.668349,43.668349,0.0,0.0,0.0466
1464,02-Oct-98,24:00:00,64.947888,0.001496,21.255394,21.255394,0.0,0.0,0.196752,0.001428,43.69267,43.69267,0.0,0.0,0.041857
1465,03-Oct-98,24:00:00,64.983567,0.001492,21.267128,21.267128,0.0,0.0,0.191644,0.001341,43.716612,43.716612,0.0,0.0,0.037059
1466,04-Oct-98,24:00:00,65.018682,0.001872,21.278678,21.278678,0.0,0.0,0.185838,0.001622,43.740175,43.740175,0.0,0.0,0.032047
1467,05-Oct-98,24:00:00,65.053231,0.001715,21.290042,21.290042,0.0,0.0,0.179789,0.001681,43.763357,43.763357,0.0,0.0,0.026552
1468,06-Oct-98,24:00:00,65.087213,0.001317,21.30122,21.30122,0.0,0.0,0.174475,0.00143,43.786158,43.786158,0.0,0.0,0.020993
1469,07-Oct-98,24:00:00,65.120626,0.001268,21.312212,21.312212,0.0,0.0,0.170169,0.001086,43.808576,43.808576,0.0,0.0,0.016776
1470,08-Oct-98,24:00:00,65.153468,0.001621,21.323017,21.323017,0.0,0.0,0.165287,0.001378,43.830611,43.830611,0.0,0.0,0.012524
1471,09-Oct-98,24:00:00,65.185739,0.001318,21.333635,21.333635,0.0,0.0,0.160057,0.001203,43.852261,43.852261,0.0,0.0,0.008009
1472,10-Oct-98,24:00:00,65.217437,0.001302,21.344065,21.344065,0.0,0.0,0.155605,0.001202,43.873526,43.873526,0.0,0.0,0.00395
1473,11-Oct-98,24:00:00,65.24856,0.001186,21.354307,21.354307,0.0,0.0,0.151303,0.001067,43.894404,43.894404,0.0,0.0,0.000746
1474,12-Oct-98,24:00:00,65.279108,0.001284,21.364361,21.364361,0.0,0.0,0.147138,0.001257,43.914896,43.914896,0.0,0.0,0.0
1475,13-Oct-98,24:00:00,65.30908,0.001412,21.374226,21.374226,0.0,0.0,0.142585,0.00113,43.935,43.935,0.0,0.0,0.0
1476,14-Oct-98,24:00:00,65.338475,0.001531,21.383902,21.383902,0.0,0.0,0.137523,0.001288,43.954715,43.954715,0.0,0.0,0.0
1477,15-Oct-98,24:00:00,65.36729,0.001832,21.393388,21.393388,0.0,0.0,0.131834,0.001161,43.974042,43.974042,0.0,0.0,0.0
1478,16-Oct-98,24:00:00,65.395527,0.00122,21.402685,21.402685,0.0,0.0,0.126466,0.001088,43.992979,43.992979,0.0,0.0,0.0
1479,17-Oct-98,24:00:00,65.423183,0.001247,21.411791,21.411791,0.0,0.0,0.122194,0.001169,44.011526,44.011526,0.0,0.0,0.0
1480,18-Oct-98,24:00:00,65.450258,0.001494,21.420708,21.420708,0.0,0.0,0.117534,0.001153,44.029682,44.029682,0.0,0.0,0.0
1481,19-Oct-98,24:00:00,65.476751,0.001543,21.429433,21.429433,0.0,0.0,0.112248,0.001189,44.047447,44.047447,0.0,0.0,0.0
1482,20-Oct-98,24:00:00,65.502662,0.001343,21.437968,21.437968,0.0,0.0,0.107405,0.001225,44.06482,44.06482,0.0,0.0,0.0
1483,21-Oct-98,24:00:00,65.52799,0.000715,21.446312,21.446312,0.0,0.0,0.103791,0.001129,44.0818,44.0818,0.0,0.0,0.0
1484,22-Oct-98,24:00:00,65.552733,0.000783,21.454464,21.454464,0.0,0.0,0.101249,0.001144,44.098389,44.098389,0.0,0.0,0.0
1485,23-Oct-98,24:00:00,165.649169,0.000524,58.305224,21.462426,0.045081,0.0,0.217122,0.000822,107.527181,44.114584,0.040639,0.0,0.105635
1486,24-Oct-98,24:00:00,71.163751,0.001195,21.470195,21.470195,0.0,0.0,0.25433,0.001005,49.511597,44.130386,0.0,0.0,0.139334
1487,25-Oct-98,24:00:00,65.623456,0.001159,21.477773,21.477773,0.0,0.0,0.25433,0.000917,44.145794,44.145794,0.0,0.0,0.139334
1488,26-Oct-98,24:00:00,65.645859,0.000396,21.485159,21.485159,0.0,0.0,0.25433,0.000796,44.160808,44.160808,0.0,0.0,0.139334
1489,27-Oct-98,24:00:00,65.667676,0.000863,21.492353,21.492353,0.0,0.0,0.25433,0.000774,44.175428,44.175428,0.0,0.0,0.139206
1490,28-Oct-98,24:00:00,65.688906,0.001133,21.499355,21.499355,0.0,0.0,0.252661,0.001078,44.189654,44.189654,0.0,0.0,0.137292
1491,29-Oct-98,24:00:00,65.70955,0.000857,21.506164,21.506164,0.0,0.0,0.249155,0.000893,44.203485,44.203485,0.0,0.0,0.133847
1492,30-Oct-98,24:00:00,65.729606,0.000626,21.512782,21.512782,0.0,0.0,0.246498,0.00037,44.216922,44.216922,0.0,0.0,0.131595
1493,31-Oct-98,24:00:00,65.749075,0.000847,21.519207,21.519207,0.0,0.0,0.244094,0.000826,44.229963,44.229963,0.0,0.0,0.130953
1494,01-Nov-98,24:00:00,65.767957,0.000862,21.525439,21.525439,0.0,0.0,0.241117,0.0007,44.242609,44.242609,0.0,0.0,0.130953
1495,02-Nov-98,24:00:00,65.786252,0.000269,21.531479,21.531479,0.0,0.0,0.239147,0.000183,44.254861,44.254861,0.0,0.0,0.130953
1496,03-Nov-98,24:00:00,65.803958,0.000395,21.537327,21.537327,0.0,0.0,0.238043,0.000697,44.266717,44.266717,0.0,0.0,0.13069
1497,04-Nov-98,24:00:00,65.821077,0.001073,21.542982,21.542982,0.0,0.0,0.235652,0.000939,44.278178,44.278178,0.0,0.0,0.128518
1498,05-Nov-98,24:00:00,65.858219,0.000353,21.548444,21.548444,0.0,0.0,0.233633,0.000446,44.313734,44.289244,0.001256,0.0,0.127049
1499,06-Nov-98,24:00:00,165.117737,0.00053,58.568819,21.553714,0.045292,0.0,0.36376,0.000516,106.676256,44.299914,0.037839,0.0,0.240053
1500,07-Nov-98,24:00:00,99.141197,0.000282,30.410265,21.558792,0.010859,0.0,0.417539,0.000266,68.650691,44.31019,0.013017,0.0,0.297841
1501,08-Nov-98,24:00:00,67.430569,0.000656,21.586587,21.563677,0.0,0.0,0.426148,0.000535,45.79382,44.320071,0.0,0.0,0.305513
1502,09-Nov-98,24:00:00,70.717626,0.000244,23.851364,21.56837,0.003138,0.0,0.429087,0.000227,46.957272,44.329556,0.003277,0.0,0.308824
1503,10-Nov-98,24:00:00,69.175674,0.000695,21.854044,21.57287,0.0,0.0,0.436905,0.000503,47.232238,44.338647,0.0,0.0,0.316748
1504,11-Nov-98,24:00:00,65.952173,0.000619,21.577178,21.577178,0.0,0.0,0.436905,0.000532,44.373352,44.347343,0.0,0.0,0.316748
1505,12-Nov-98,24:00:00,65.93688,0.000674,21.581294,21.581294,0.0,0.0,0.436905,0.000492,44.355645,44.355645,0.0,0.0,0.316748
1506,13-Nov-98,24:00:00,65.948714,0.00025,21.585218,21.585218,0.0,0.0,0.436905,0.000415,44.363552,44.363552,0.0,0.0,0.316748
1507,14-Nov-98,24:00:00,65.959962,0.000356,21.58895,21.58895,0.0,0.0,0.436905,0.000436,44.371066,44.371066,0.0,0.0,0.316748
1508,15-Nov-98,24:00:00,65.970625,0.000266,21.59249,21.59249,0.0,0.0,0.436905,0.000283,44.378185,44.378185,0.0,0.0,0.316748
1509,16-Nov-98,24:00:00,82.770437,0.000609,24.239282,21.595838,0.003234,0.0,0.447024,0.000523,58.551748,44.384912,0.009335,0.0,0.344678
1510,17-Nov-98,24:00:00,67.622006,0.000646,21.598995,21.598995,0.0,0.0,0.447995,0.00041,46.003385,44.391244,0.0,0.0,0.348755
1511,18-Nov-98,24:00:00,66.023889,0.000511,21.60196,21.60196,0.0,0.0,0.447995,0.000624,44.421035,44.397184,0.0,0.0,0.348755
1512,19-Nov-98,24:00:00,66.007427,0.000612,21.604734,21.604734,0.0,0.0,0.447995,0.000511,44.402732,44.402732,0.0,0.0,0.348755
1513,20-Nov-98,24:00:00,70.97219,0.000261,21.999905,21.607317,0.000509,0.0,0.448576,0.000217,49.075543,44.407887,0.00465,0.0,0.354443
1514,21-Nov-98,24:00:00,79.394652,0.000432,26.68798,21.609709,0.008982,0.0,0.456632,0.000504,52.776235,44.41265,0.007895,0.0,0.371647
1515,22-Nov-98,24:00:00,325.920581,0.000233,119.947322,21.61191,0.12134,0.0,0.756498,0.000342,206.646437,44.417022,0.109109,0.0,0.643409
1516,23-Nov-98,24:00:00,148.659957,0.000426,37.405238,21.613921,0.015513,0.0,0.936626,0.00032,110.563228,44.421003,0.023583,0.0,0.82519
1517,24-Nov-98,24:00:00,70.644257,0.000479,21.618861,21.615741,0.0,0.0,0.949743,0.000467,48.873291,44.424593,0.0,0.0,0.84671
1518,25-Nov-98,24:00:00,91.53357,0.000129,28.292639,21.617371,0.008202,0.0,0.964499,0.000248,63.346537,44.427793,0.013076,0.0,0.874462
1519,26-Nov-98,24:00:00,74.740366,0.000363,22.275739,21.618812,0.00077,0.0,0.979402,0.000467,52.39565,44.430603,0.003472,0.0,0.897978
1520,27-Nov-98,24:00:00,67.244464,0.00061,21.620063,21.620063,0.0,0.0,0.980502,0.000514,45.59092,44.433024,0.001137,0.0,0.903637
1521,28-Nov-98,24:00:00,578.526146,0.000147,462.075528,419.830836,0.061183,0.055496,0.998322,0.000222,118.422486,68.847076,0.045165,0.018142,0.980594
1522,29-Nov-98,24:00:00,2614.995833,0.00032,1232.913396,998.674975,0.071304,0.071304,1.0,0.000332,1392.885899,1198.265718,0.070773,0.070773,1.0
1523,30-Nov-98,24:00:00,2123.212083,0.00052,596.668532,571.657718,0.027646,0.027646,1.0,0.000307,1521.78875,1450.193333,0.026838,0.026838,1.0
1524,01-Dec-98,24:00:00,1118.01375,0.000174,340.77069,327.716666,0.020852,0.020852,1.0,0.000147,774.225588,751.576926,0.018902,0.018902,1.0
1525,02-Dec-98,24:00:00,1203.45006,0.000459,422.937344,408.877262,0.012287,0.012287,1.0,0.000423,779.246117,750.534467,0.008781,0.008781,1.0
1526,03-Dec-98,24:00:00,557.389586,0.000484,174.541146,174.541146,0.0,0.0,1.0,0.000381,380.847315,380.184888,0.0,0.0,1.0
1527,04-Dec-98,24:00:00,556.794179,0.000362,240.116782,229.467011,0.014303,0.014303,1.0,0.000255,318.530156,307.988037,0.01249,0.01249,1.0
1528,05-Dec-98,24:00:00,735.704755,0.000684,241.787853,240.748649,0.0,0.0,1.0,0.000478,492.453411,481.942393,0.0,0.0,1.0
1529,06-Dec-98,24:00:00,423.081575,0.000327,144.129609,143.742356,0.002793,0.002793,1.0,0.000238,278.484135,277.340221,0.003323,0.003323,1.0
1530,07-Dec-98,24:00:00,473.977249,0.00038,179.746688,176.737127,0.001363,0.001363,1.0,0.000407,293.984067,289.476774,0.0,0.0,1.0
1531,08-Dec-98,24:00:00,340.889556,0.000528,121.209419,121.209419,0.0,0.0,1.0,0.000432,219.312846,219.248538,0.0,0.0,1.0
1532,09-Dec-98,24:00:00,300.42383,0.000501,109.875543,109.875543,0.0,0.0,1.0,0.000439,190.405418,190.405418,0.0,0.0,1.0
1533,10-Dec-98,24:00:00,273.419107,0.000436,99.896155,99.896155,0.0,0.0,1.0,0.000246,173.408648,173.408648,0.0,0.0,1.0
1534,11-Dec-98,24:00:00,249.951598,0.000456,91.045153,91.045153,0.0,0.0,1.0,0.000451,158.805722,158.805722,0.0,0.0,1.0
1535,12-Dec-98,24:00:00,363.536783,0.00024,133.480792,129.214193,0.005352,0.005352,1.0,0.000306,232.432087,218.289758,0.012251,0.012251,1.0
1536,13-Dec-98,24:00:00,454.109691,0.000611,95.654272,95.546784,0.0,0.0,1.0,0.000552,356.595585,350.018694,0.0,0.0,1.0
1537,14-Dec-98,24:00:00,246.675154,0.000589,75.467187,75.467187,0.0,0.0,1.0,0.000453,170.660021,170.64116,0.0,0.0,1.0
1538,15-Dec-98,24:00:00,208.378942,0.000485,69.374059,69.374059,0.0,0.0,1.0,0.000501,138.898001,138.898001,0.0,0.0,1.0
1539,16-Dec-98,24:00:00,191.431493,0.000487,63.973881,63.973881,0.0,0.0,1.0,0.000526,127.383911,127.383911,0.0,0.0,1.0
1540,17-Dec-98,24:00:00,177.221041,0.000544,59.184201,59.184201,0.0,0.0,1.0,0.000575,117.972299,117.972299,0.0,0.0,1.0
1541,18-Dec-98,24:00:00,164.645562,0.000563,54.935975,54.935975,0.0,0.0,1.0,0.000652,109.652398,109.652398,0.0,0.0,1.0
1542,19-Dec-98,24:00:00,153.492303,0.000475,51.167962,51.167962,0.0,0.0,1.0,0.000336,102.273636,102.273636,0.0,0.0,1.0
1543,20-Dec-98,24:00:00,143.599571,0.00042,47.825851,47.825851,0.0,0.0,0.999935,0.000345,95.728758,95.728758,0.0,0.0,1.0
1544,21-Dec-98,24:00:00,134.824764,0.000391,44.861469,44.861469,0.0,0.0,0.999167,0.000361,89.92342,89.92342,0.0,0.0,0.999716
1545,22-Dec-98,24:00:00,127.041428,0.000428,42.232092,42.232092,0.0,0.0,0.997799,0.000338,84.773969,84.773969,0.0,0.0,0.998768
1546,23-Dec-98,24:00:00,120.137409,0.000353,39.899825,39.899825,0.0,0.0,0.996413,0.000295,80.206211,80.206211,0.0,0.0,0.997672
1547,24-Dec-98,24:00:00,114.013234,0.000394,37.83106,37.83106,0.0,0.0,0.995148,0.000304,76.154342,76.154342,0.0,0.0,0.996678
1548,25-Dec-98,24:00:00,108.580681,0.000445,35.99599,35.99599,0.0,0.0,0.993716,0.000412,72.559999,72.559999,0.0,0.0,0.995443
1549,26-Dec-98,24:00:00,103.761502,0.000264,34.368176,34.368176,0.0,0.0,0.992526,0.000338,69.371418,69.371418,0.0,0.0,0.994162
1550,27-Dec-98,24:00:00,99.486299,0.00037,32.92417,32.92417,0.0,0.0,0.991388,0.000364,66.54269,66.54269,0.0,0.0,0.992953
1551,28-Dec-98,24:00:00,95.69352,0.000492,31.643175,31.643175,0.0,0.0,0.989888,0.000426,64.033094,64.033094,0.0,0.0,0.991608
1552,29-Dec-98,24:00:00,92.328574,0.000444,30.506747,30.506747,0.0,0.0,0.988333,0.000415,61.806518,61.806518,0.0,0.0,0.990155
1553,30-Dec-98,24:00:00,89.343043,0.000605,29.498526,29.498526,0.0,0.0,0.986593,0.000546,59.83093,59.83093,0.0,0.0,0.988544
1554,31-Dec-98,24:00:00,86.693982,0.000494,28.604003,28.604003,0.0,0.0,0.984659,0.000396,58.077921,58.077921,0.0,0.0,0.9869
1555,01-Jan-99,24:00:00,84.343306,0.000487,27.810307,27.810307,0.0,0.0,0.982969,0.000472,56.522295,56.522295,0.0,0.0,0.985429
1556,02-Jan-99,24:00:00,82.257233,0.000476,27.106027,27.106027,0.0,0.0,0.981324,0.000509,55.141705,55.141705,0.0,0.0,0.983753
1557,03-Jan-99,24:00:00,80.405802,0.000198,26.481038,26.481038,0.0,0.0,0.980159,0.000376,53.916329,53.916329,0.0,0.0,0.982206
1558,04-Jan-99,24:00:00,78.762441,0.000392,25.926362,25.926362,0.0,0.0,0.979143,0.000346,52.828589,52.828589,0.0,0.0,0.980962
1559,05-Jan-99,24:00:00,77.30358,0.00026,25.434036,25.434036,0.0,0.0,0.978047,0.000308,51.862893,51.862893,0.0,0.0,0.97987
1560,06-Jan-99,24:00:00,76.008317,0.000189,24.996996,24.996996,0.0,0.0,0.97725,0.000339,51.005414,51.005414,0.0,0.0,0.978725
1561,07-Jan-99,24:00:00,74.858111,0.000532,24.608979,24.608979,0.0,0.0,0.976064,0.000479,50.243885,50.243885,0.0,0.0,0.977357
1562,08-Jan-99,24:00:00,73.83652,0.000255,24.264429,24.264429,0.0,0.0,0.974695,0.000408,49.567429,49.567429,0.0,0.0,0.975821
1563,09-Jan-99,24:00:00,72.928959,0.000292,23.958417,23.958417,0.0,0.0,0.973729,0.000345,48.966398,48.966398,0.0,0.0,0.974518
1564,10-Jan-99,24:00:00,72.122492,0.000249,23.686574,23.686574,0.0,0.0,0.972818,0.000344,48.432235,48.432235,0.0,0.0,0.973354
1565,11-Jan-99,24:00:00,71.405647,0.000393,23.445022,23.445022,0.0,0.0,0.971736,0.000463,47.95735,47.95735,0.0,0.0,0.97199
1566,12-Jan-99,24:00:00,70.76825,0.000244,23.230324,23.230324,0.0,0.0,0.970626,0.000311,47.535011,47.535011,0.0,0.0,0.970633
1567,13-Jan-99,24:00:00,70.201274,0.000402,23.039431,23.039431,0.0,0.0,0.969541,0.000357,47.15925,47.15925,0.0,0.0,0.969472
1568,14-Jan-99,24:00:00,73.642454,0.000235,25.659845,22.869637,0.005561,0.0,0.971294,0.000235,48.077053,46.82477,0.003813,0.0,0.970755
1569,15-Jan-99,24:00:00,76.889706,0.000461,24.95293,22.718543,0.001669,0.0,0.987615,0.000441,51.865108,46.526875,0.002128,0.0,0.981822
1570,16-Jan-99,24:00:00,383.929951,0.00013,193.087191,172.946353,0.034701,0.032593,0.998946,0.000152,194.515152,166.66215,0.030553,0.027166,0.99797
1571,17-Jan-99,24:00:00,865.147231,0.00036,301.324871,290.20335,0.00288,0.00288,1.0,0.000513,562.098874,535.058684,0.000363,0.000363,1.0
1572,18-Jan-99,24:00:00,940.050229,0.000165,567.712404,392.010827,0.04577,0.04577,1.0,0.0002,376.376706,345.401084,0.028315,0.028315,1.0
1573,19-Jan-99,24:00:00,1066.904979,0.000223,422.889421,398.402614,0.012925,0.012925,1.0,0.000302,640.547969,619.39682,0.002593,0.002593,1.0
1574,20-Jan-99,24:00:00,562.52645,0.000448,223.078193,214.369501,0.013199,0.013199,1.0,0.000436,339.333271,328.284908,0.013173,0.013173,1.0
1575,21-Jan-99,24:00:00,1449.687641,0.000194,650.034782,606.462669,0.054376,0.054376,1.0,0.000149,806.635122,742.631221,0.050634,0.050634,1.0
1576,22-Jan-99,24:00:00,1451.303729,0.000443,376.526666,371.518093,0.001109,0.001109,1.0,0.00039,1069.315635,1032.976679,0.001583,0.001583,1.0
1577,23-Jan-99,24:00:00,512.922463,0.000825,152.468542,152.468542,0.0,0.0,1.0,0.000682,358.052783,357.648859,0.0,0.0,1.0
1578,24-Jan-99,24:00:00,374.819066,0.000763,137.510711,137.510711,0.0,0.0,1.0,0.00066,237.01187,237.01187,0.0,0.0,1.0
1579,25-Jan-99,24:00:00,335.393608,0.000381,124.390951,124.390951,0.0,0.0,1.0,0.000533,210.850066,210.850066,0.0,0.0,1.0
1580,26-Jan-99,24:00:00,304.719275,0.000693,112.75429,112.75429,0.0,0.0,1.0,0.000642,191.834197,191.834197,0.0,0.0,1.0
1581,27-Jan-99,24:00:00,277.666964,0.000588,102.432996,102.432996,0.0,0.0,1.0,0.000537,175.118337,175.118337,0.0,0.0,1.0
1582,28-Jan-99,24:00:00,253.676612,0.000533,93.278321,93.278321,0.0,0.0,0.999941,0.000533,160.295909,160.295909,0.0,0.0,1.0
1583,29-Jan-99,24:00:00,232.639863,0.000546,85.257036,85.230132,0.0005,0.000446,0.999823,0.000526,147.322717,147.307224,0.00123,0.00123,1.0
1584,30-Jan-99,24:00:00,603.292984,0.000597,234.656393,224.320694,0.01218,0.01218,1.0,0.000575,370.191375,350.449219,0.010936,0.010936,1.0
1585,31-Jan-99,24:00:00,314.37185,0.000649,85.928232,85.928232,0.0,0.0,1.0,0.000591,227.013545,226.175321,0.0,0.0,1.0
1586,01-Feb-99,24:00:00,222.676584,0.000661,77.900191,77.900191,0.0,0.0,1.0,0.000646,144.58022,144.58022,0.0,0.0,1.0
1587,02-Feb-99,24:00:00,200.83834,0.000666,71.516954,71.516954,0.0,0.0,1.0,0.000691,129.241883,129.241883,0.0,0.0,1.0
1588,03-Feb-99,24:00:00,185.364278,0.000783,65.855119,65.855119,0.0,0.0,1.0,0.000725,119.442802,119.442802,0.0,0.0,1.0
1589,04-Feb-99,24:00:00,172.256733,0.000646,61.084065,61.021151,0.001168,0.001168,1.0,0.000532,111.159009,111.136123,0.001817,0.001817,1.0
1590,05-Feb-99,24:00:00,4603.272894,0.000212,2165.452973,816.398553,0.093181,0.093181,1.0,0.000226,2457.678541,1015.951282,0.095374,0.095374,1.0
1591,06-Feb-99,24:00:00,4343.6975,0.000511,1481.647247,1026.913984,0.051388,0.051388,1.0,0.000478,2853.5075,2159.676667,0.045177,0.045177,1.0
1592,07-Feb-99,24:00:00,1741.510417,0.000188,541.330062,510.576164,0.047559,0.047559,1.0,0.000193,1197.044295,1139.69545,0.04352,0.04352,1.0
1593,08-Feb-99,24:00:00,5775.297917,0.000823,2195.061809,860.910835,0.034878,0.034878,1.0,0.000565,3582.466667,1786.7275,0.038555,0.038555,1.0
1594,09-Feb-99,24:00:00,1216.199587,0.000663,252.161841,252.161841,0.0,0.0,1.0,0.00056,955.319821,890.792284,0.0,0.0,1.0
1595,10-Feb-99,24:00:00,693.966391,0.000729,221.876637,221.876637,0.0,0.0,1.0,0.000614,471.086438,471.086438,0.0,0.0,1.0
1596,11-Feb-99,24:00:00,600.834248,0.000595,199.207635,199.207635,0.0,0.0,1.0,0.000732,401.274762,401.274762,0.0,0.0,1.0
1597,12-Feb-99,24:00:00,572.950027,0.000386,183.392506,182.695101,0.001454,0.001454,1.0,0.000281,390.750345,384.735261,0.009672,0.009672,1.0
1598,13-Feb-99,24:00:00,700.550008,0.000525,175.522341,175.031316,0.0,0.0,1.0,0.000615,524.041553,513.799471,0.0,0.0,1.0
1599,14-Feb-99,24:00:00,494.667954,0.000775,152.332274,151.861151,0.00219,0.00219,1.0,0.000542,341.673726,341.187608,0.0031,0.0031,1.0
1600,15-Feb-99,24:00:00,2218.329678,0.000166,1003.643088,818.359628,0.085909,0.085909,1.0,0.000161,1227.178337,1087.350056,0.089891,0.089891,1.0
1601,16-Feb-99,24:00:00,2580.835417,0.000748,700.141024,634.541382,0.012528,0.012528,1.0,0.000656,1873.797083,1800.422083,0.009769,0.009769,1.0
1602,17-Feb-99,24:00:00,1405.437083,0.000267,481.649106,462.157875,0.02271,0.02271,1.0,0.00036,924.137954,888.276839,0.02397,0.02397,1.0
1603,18-Feb-99,24:00:00,1045.309985,0.000904,241.084456,240.975032,0.0,0.0,1.0,0.000578,799.761226,791.232701,0.0,0.0,1.0
1604,19-Feb-99,24:00:00,1029.112869,0.000183,433.65073,405.130398,0.044091,0.044091,1.0,0.000197,600.337623,570.433877,0.041517,0.041517,1.0
1605,20-Feb-99,24:00:00,1908.286667,0.000572,585.909013,569.541742,0.017739,0.017739,1.0,0.000449,1320.595437,1270.074063,0.013499,0.013499,1.0
1606,21-Feb-99,24:00:00,1144.664908,0.000559,370.962756,363.598991,0.002105,0.002105,1.0,0.000631,770.74994,756.084269,0.001308,0.001308,1.0
1607,22-Feb-99,24:00:00,654.853602,0.000515,201.856982,201.856982,0.0,0.0,1.0,0.000417,451.73833,451.47945,0.0,0.0,1.0
1608,23-Feb-99,24:00:00,787.516444,0.00046,345.584026,276.045492,0.030601,0.030601,1.0,0.000424,446.713187,416.785934,0.03106,0.03106,1.0
1609,24-Feb-99,24:00:00,2164.67125,0.000633,736.457307,635.601185,0.017438,0.017438,1.0,0.000548,1427.45125,1170.72794,0.012868,0.012868,1.0
1610,25-Feb-99,24:00:00,783.465335,0.000687,199.562385,199.562385,0.0,0.0,1.0,0.000573,579.850192,575.088472,0.0,0.0,1.0
1611,26-Feb-99,24:00:00,542.865591,0.000582,177.711429,177.711429,0.0,0.0,1.0,0.000433,364.606512,364.606512,0.0,0.0,1.0
1612,27-Feb-99,24:00:00,1229.410471,0.000211,523.610863,495.851486,0.034412,0.034412,1.0,0.000331,712.070536,665.684152,0.034192,0.034192,1.0
1613,28-Feb-99,24:00:00,1028.365741,0.000954,233.694494,233.330046,0.0,0.0,1.0,0.000879,789.394383,777.92895,0.0,0.0,1.0
1614,01-Mar-99,24:00:00,552.193546,0.000871,178.606096,175.275956,0.012727,0.012727,1.0,0.000659,372.8641,372.228054,0.010176,0.010176,1.0
1615,02-Mar-99,24:00:00,813.781194,0.000992,295.742212,288.670762,0.0,0.0,1.0,0.000817,518.409004,502.102871,0.0,0.0,1.0
1616,03-Mar-99,24:00:00,482.031427,0.001067,147.624661,147.624661,0.0,0.0,1.0,0.000952,333.347426,333.035567,0.0,0.0,1.0
1617,04-Mar-99,24:00:00,399.060636,0.000949,133.192877,133.192877,0.0,0.0,1.0,0.000838,265.613593,265.613593,0.0,0.0,1.0
1618,05-Mar-99,24:00:00,359.264074,0.000881,120.548435,120.548435,0.0,0.0,1.0,0.000764,238.540048,238.540048,0.0,0.0,1.0
1619,06-Mar-99,24:00:00,325.921107,0.001131,109.333854,109.333854,0.0,0.0,0.998797,0.001016,216.433985,216.433985,0.0,0.0,0.999784
1620,07-Mar-99,24:00:00,1126.320132,0.000264,604.002537,462.596355,0.05129,0.050425,0.998899,0.000362,530.624419,459.85737,0.050099,0.049847,0.999694
1621,08-Mar-99,24:00:00,1784.471994,0.00068,494.272101,476.681578,0.011639,0.011639,1.0,0.000753,1285.969532,1227.957466,0.008846,0.008846,1.0
1622,09-Mar-99,24:00:00,590.622629,0.00086,146.933611,146.933611,0.0,0.0,1.0,0.000795,440.253364,439.456905,0.0,0.0,1.0
1623,10-Mar-99,24:00:00,401.416704,0.00118,132.173951,132.173951,0.0,0.0,1.0,0.001097,268.847261,268.847261,0.0,0.0,1.0
1624,11-Mar-99,24:00:00,356.410479,0.000948,119.645041,119.645041,0.0,0.0,1.0,0.000788,236.586223,236.586223,0.0,0.0,1.0
1625,12-Mar-99,24:00:00,323.208619,0.000856,108.533108,108.533108,0.0,0.0,0.999578,0.001001,214.523794,214.523794,0.0,0.0,0.999769
1626,13-Mar-99,24:00:00,939.604512,0.000242,457.983327,430.431659,0.034192,0.033837,0.999697,0.000242,487.463653,448.701958,0.029659,0.029385,0.999729
1627,14-Mar-99,24:00:00,826.967122,0.001066,176.350595,175.958142,0.0,0.0,1.0,0.001152,645.90072,634.480792,0.0,0.0,1.0
1628,15-Mar-99,24:00:00,378.731104,0.001073,115.844776,115.844776,0.0,0.0,1.0,0.001237,261.862954,261.837561,0.0,0.0,1.0
1629,16-Mar-99,24:00:00,310.290093,0.000784,105.148088,105.148088,0.0,0.0,1.0,0.000946,204.955986,204.955986,0.0,0.0,1.0
1630,17-Mar-99,24:00:00,281.042632,0.000613,95.676375,95.676375,0.0,0.0,1.0,0.000897,185.239661,185.239661,0.0,0.0,0.999957
1631,18-Mar-99,24:00:00,256.568802,0.000582,87.27595,87.27595,0.0,0.0,1.0,0.000805,169.182175,169.182175,0.0,0.0,0.998361
1632,19-Mar-99,24:00:00,234.913199,0.001074,79.825685,79.825685,0.0,0.0,0.998332,0.000983,154.989556,154.989556,0.0,0.0,0.995426
1633,20-Mar-99,24:00:00,215.708215,0.000655,73.218148,73.218148,0.0,0.0,0.995358,0.000818,142.403305,142.403305,0.0,0.0,0.992348
1634,21-Mar-99,24:00:00,207.1502,0.000669,74.790149,72.146819,0.010885,0.008588,0.994358,0.000567,132.44609,131.987103,0.007373,0.00417,0.991046
1635,22-Mar-99,24:00:00,673.880567,0.000999,283.552889,269.572723,0.009456,0.009456,1.0,0.001174,391.617626,365.626826,0.008643,0.008643,1.0
1636,23-Mar-99,24:00:00,3205.441675,0.000272,1716.905524,590.376146,0.072687,0.072687,1.0,0.000301,1514.253374,627.458843,0.070558,0.070558,1.0
1637,24-Mar-99,24:00:00,3407.3275,0.000769,735.731137,624.142063,0.015491,0.015491,1.0,0.000907,2650.715,1617.873036,0.015512,0.015512,1.0
1638,25-Mar-99,24:00:00,709.653,0.001658,155.860068,155.860068,0.0,0.0,1.0,0.001454,548.170624,537.989156,0.0,0.0,1.0
1639,26-Mar-99,24:00:00,426.216415,0.001564,139.778425,139.778425,0.0,0.0,1.0,0.001559,285.909339,285.909339,0.0,0.0,1.0
1640,27-Mar-99,24:00:00,374.168028,0.00135,126.393646,126.393646,0.0,0.0,0.99821,0.00134,247.580307,247.580307,0.0,0.0,0.998418
1641,28-Mar-99,24:00:00,338.801894,0.00087,114.522961,114.522961,0.0,0.0,0.994581,0.000616,224.118354,224.118354,0.0,0.0,0.99528
1642,29-Mar-99,24:00:00,352.947949,0.000791,134.584072,128.775704,0.008264,0.005479,0.994188,0.000722,219.079241,214.369817,0.007734,0.005362,0.994997
1643,30-Mar-99,24:00:00,438.329086,0.001081,136.666583,135.720983,0.0,0.0,1.0,0.001018,301.099812,292.806228,0.0,0.0,1.0
1644,31-Mar-99,24:00:00,288.39269,0.001407,92.049032,92.049032,0.0,0.0,1.0,0.001305,195.912884,195.824109,0.0,0.0,1.0
1645,01-Apr-99,24:00:00,250.422315,0.001619,84.044903,84.044903,0.0,0.0,1.0,0.001574,166.251187,166.251187,0.0,0.0,1.0
1646,02-Apr-99,24:00:00,228.813215,0.001552,76.965306,76.965306,0.0,0.0,0.997769,0.001487,151.75216,151.75216,0.0,0.0,0.99818
1647,03-Apr-99,24:00:00,210.283917,0.001778,70.686769,70.686769,0.0,0.0,0.991714,0.001553,139.512962,139.512962,0.0,0.0,0.993247
1648,04-Apr-99,24:00:00,288.636454,0.000642,100.343877,95.342219,0.00612,0.002804,0.996418,0.000713,189.030431,178.572403,0.00698,0.004183,0.997202
1649,05-Apr-99,24:00:00,240.284545,0.000916,64.835915,64.835915,0.0,0.0,1.0,0.001112,174.72307,173.365842,0.0,0.0,1.0
1650,06-Apr-99,24:00:00,181.379484,0.000955,58.559888,58.559888,0.0,0.0,1.0,0.001029,122.671219,122.671219,0.0,0.0,1.0
1651,07-Apr-99,24:00:00,630.94819,0.000835,277.506759,262.722421,0.01809,0.01809,1.0,0.000701,355.355513,333.92888,0.013333,0.013333,1.0
1652,08-Apr-99,24:00:00,298.489932,0.001403,71.809988,71.809988,0.0,0.0,1.0,0.00124,225.009243,223.86548,0.0,0.0,1.0
1653,09-Apr-99,24:00:00,523.573335,0.000376,283.450342,257.1994,0.042145,0.042145,1.0,0.000414,244.816842,224.128185,0.037137,0.037137,1.0
1654,10-Apr-99,24:00:00,2569.5775,0.001053,1043.351904,852.267012,0.042135,0.042135,1.0,0.001547,1529.713636,1428.290127,0.037028,0.037028,1.0
1655,11-Apr-99,24:00:00,808.918166,0.001433,152.898761,152.898761,0.0,0.0,1.0,0.001957,649.147537,645.714696,0.0,0.0,1.0
1656,12-Apr-99,24:00:00,398.337075,0.001335,130.646506,130.646506,0.0,0.0,1.0,0.001865,266.92564,266.92564,0.0,0.0,0.998495
1657,13-Apr-99,24:00:00,339.6854,0.002039,118.302067,118.302067,0.0,0.0,0.997682,0.001968,221.201374,221.201374,0.0,0.0,0.993096
1658,14-Apr-99,24:00:00,307.820754,0.001954,107.355669,107.355669,0.0,0.0,0.991266,0.001863,200.325735,200.325735,0.0,0.0,0.98647
1659,15-Apr-99,24:00:00,280.369566,0.002118,97.647783,97.647783,0.0,0.0,0.984343,0.001821,182.599199,182.599199,0.0,0.0,0.980387
1660,16-Apr-99,24:00:00,256.050077,0.002027,89.03837,89.03837,0.0,0.0,0.977212,0.002148,166.90322,166.90322,0.0,0.0,0.973551
1661,17-Apr-99,24:00:00,234.483025,0.001566,81.403227,81.403227,0.0,0.0,0.971035,0.001691,152.983739,152.983739,0.0,0.0,0.966925
1662,18-Apr-99,24:00:00,215.356472,0.002068,74.632194,74.632194,0.0,0.0,0.965133,0.001919,140.639199,140.639199,0.0,0.0,0.960766
1663,19-Apr-99,24:00:00,198.394447,0.002081,68.627569,68.627569,0.0,0.0,0.957899,0.001562,129.691507,129.691507,0.0,0.0,0.954731
1664,20-Apr-99,24:00:00,183.352206,0.001841,63.302695,63.302695,0.0,0.0,0.950992,0.001269,119.982724,119.982724,0.0,0.0,0.949767
1665,21-Apr-99,24:00:00,170.01268,0.002361,58.580717,58.580717,0.0,0.0,0.944053,0.002247,111.372774,111.372774,0.0,0.0,0.943881
1666,22-Apr-99,24:00:00,158.183348,0.002742,54.393468,54.393468,0.0,0.0,0.93461,0.002384,103.737415,103.737415,0.0,0.0,0.935634
1667,23-Apr-99,24:00:00,147.693457,0.001562,50.680489,50.680489,0.0,0.0,0.927493,0.002292,96.966457,96.966457,0.0,0.0,0.927984
1668,24-Apr-99,24:00:00,138.391564,0.000709,47.388159,47.388159,0.0,0.0,0.923657,0.001349,90.962168,90.962168,0.0,0.0,0.921667
1669,25-Apr-99,24:00:00,130.143349,0.001363,44.468918,44.468918,0.0,0.0,0.920345,0.001262,85.637868,85.637868,0.0,0.0,0.917102
1670,26-Apr-99,24:00:00,122.829681,0.001832,41.880585,41.880585,0.0,0.0,0.914854,0.001657,80.916676,80.916676,0.0,0.0,0.912113
1671,27-Apr-99,24:00:00,116.344901,0.001923,39.585747,39.585747,0.0,0.0,0.908358,0.001726,76.730405,76.730405,0.0,0.0,0.906244
1672,28-Apr-99,24:00:00,110.595294,0.002306,37.551223,37.551223,0.0,0.0,0.900795,0.002021,73.018578,73.018578,0.0,0.0,0.899876
1673,29-Apr-99,24:00:00,105.497744,0.00217,35.747582,35.747582,0.0,0.0,0.893345,0.002333,69.727556,69.727556,0.0,0.0,0.892665
1674,30-Apr-99,24:00:00,100.978531,0.002012,34.148723,34.148723,0.0,0.0,0.886265,0.001717,66.809763,66.809763,0.0,0.0,0.88529
1675,01-May-99,24:00:00,96.97227,0.001026,32.731492,32.731492,0.0,0.0,0.880844,0.000831,64.223004,64.223004,0.0,0.0,0.880768
1676,02-May-99,24:00:00,93.420972,0.001327,31.475357,31.475357,0.0,0.0,0.877052,0.001173,61.929855,61.929855,0.0,0.0,0.877636
1677,03-May-99,24:00:00,90.273199,0.001918,30.362106,30.362106,0.0,0.0,0.871479,0.001676,59.897121,59.897121,0.0,0.0,0.872801
1678,04-May-99,24:00:00,87.483333,0.002118,29.375585,29.375585,0.0,0.0,0.865514,0.002212,58.095362,58.095362,0.0,0.0,0.867362
1679,05-May-99,24:00:00,85.010912,0.002223,28.501467,28.501467,0.0,0.0,0.862825,0.001973,56.498465,56.498465,0.0,0.0,0.865462
1680,06-May-99,24:00:00,82.820046,0.002582,27.727044,27.727044,0.0,0.0,0.857051,0.002231,55.08327,55.08327,0.0,0.0,0.863871
1681,07-May-99,24:00:00,80.878907,0.002414,27.041047,27.041047,0.0,0.0,0.848429,0.002064,53.829234,53.829234,0.0,0.0,0.857804
1682,08-May-99,24:00:00,79.159261,0.002401,26.433479,26.433479,0.0,0.0,0.840114,0.002127,52.718139,52.718139,0.0,0.0,0.850714
1683,09-May-99,24:00:00,77.636068,0.002186,25.895473,25.895473,0.0,0.0,0.832157,0.00169,51.733823,51.733823,0.0,0.0,0.844144
1684,10-May-99,24:00:00,76.287117,0.002518,25.419164,25.419164,0.0,0.0,0.82428,0.002187,50.861954,50.861954,0.0,0.0,0.837517
1685,11-May-99,24:00:00,75.092708,0.002667,24.997578,24.997578,0.0,0.0,0.815624,0.00206,50.089817,50.089817,0.0,0.0,0.830371
1686,12-May-99,24:00:00,74.035369,0.002405,24.624528,24.624528,0.0,0.0,0.806459,0.001968,49.406137,49.406137,0.0,0.0,0.823182
1687,13-May-99,24:00:00,73.099601,0.002062,24.294525,24.294525,0.0,0.0,0.798851,0.001672,48.800912,48.800912,0.0,0.0,0.816947
1688,14-May-99,24:00:00,72.271657,0.002134,24.002703,24.002703,0.0,0.0,0.791804,0.001827,48.265268,48.265268,0.0,0.0,0.81106
1689,15-May-99,24:00:00,71.539345,0.002075,23.744744,23.744744,0.0,0.0,0.78448,0.002223,47.79134,47.79134,0.0,0.0,0.804312
1690,16-May-99,24:00:00,70.891848,0.002145,23.516818,23.516818,0.0,0.0,0.777227,0.002157,47.372145,47.372145,0.0,0.0,0.796615
1691,17-May-99,24:00:00,70.319573,0.001856,23.31553,23.31553,0.0,0.0,0.770314,0.001778,47.001494,47.001494,0.0,0.0,0.789855
1692,18-May-99,24:00:00,69.814012,0.001854,23.137865,23.137865,0.0,0.0,0.763991,0.001978,46.673894,46.673894,0.0,0.0,0.783387
1693,19-May-99,24:00:00,69.367616,0.001605,22.981152,22.981152,0.0,0.0,0.758172,0.001582,46.384474,46.384474,0.0,0.0,0.777408
1694,20-May-99,24:00:00,68.97369,0.002288,22.843018,22.843018,0.0,0.0,0.751465,0.002336,46.128914,46.128914,0.0,0.0,0.770716
1695,21-May-99,24:00:00,68.626294,0.002339,22.721363,22.721363,0.0,0.0,0.743241,0.002883,45.90338,45.90338,0.0,0.0,0.761948
1696,22-May-99,24:00:00,68.32016,0.001165,22.61432,22.61432,0.0,0.0,0.737396,0.002303,45.704473,45.704473,0.0,0.0,0.75292
1697,23-May-99,24:00:00,68.050615,0.001498,22.520234,22.520234,0.0,0.0,0.732938,0.002118,45.529176,45.529176,0.0,0.0,0.745408
1698,24-May-99,24:00:00,67.813512,0.001721,22.437638,22.437638,0.0,0.0,0.72751,0.002384,45.374813,45.374813,0.0,0.0,0.737563
1699,25-May-99,24:00:00,67.605173,0.001812,22.365229,22.365229,0.0,0.0,0.721278,0.00247,45.239012,45.239012,0.0,0.0,0.729243
1700,26-May-99,24:00:00,67.422336,0.001472,22.301852,22.301852,0.0,0.0,0.715813,0.002405,45.119665,45.119665,0.0,0.0,0.720921
1701,27-May-99,24:00:00,67.262106,0.001641,22.246482,22.246482,0.0,0.0,0.710454,0.002495,45.014906,45.014906,0.0,0.0,0.712582
1702,28-May-99,24:00:00,67.121915,0.001951,22.198209,22.198209,0.0,0.0,0.704145,0.001738,44.923077,44.923077,0.0,0.0,0.704892
1703,29-May-99,24:00:00,66.999484,0.001416,22.156228,22.156228,0.0,0.0,0.698505,0.00221,44.842706,44.842706,0.0,0.0,0.698527
1704,30-May-99,24:00:00,66.892792,0.001282,22.119822,22.119822,0.0,0.0,0.693857,0.00222,44.77249,44.77249,0.0,0.0,0.690876
1705,31-May-99,24:00:00,66.800045,0.000773,22.088355,22.088355,0.0,0.0,0.690176,0.000949,44.711271,44.711271,0.0,0.0,0.685278
1706,01-Jun-99,24:00:00,66.719651,0.002059,22.061266,22.061266,0.0,0.0,0.685423,0.001669,44.658022,44.658022,0.0,0.0,0.68078
1707,02-Jun-99,24:00:00,66.650197,0.001465,22.038052,22.038052,0.0,0.0,0.681656,0.001312,44.61183,44.61183,0.0,0.0,0.675738
1708,03-Jun-99,24:00:00,66.590431,0.00177,22.018272,22.018272,0.0,0.0,0.681314,0.002013,44.571887,44.571887,0.0,0.0,0.670185
1709,04-Jun-99,24:00:00,66.539239,0.001913,22.00153,22.00153,0.0,0.0,0.677468,0.002379,44.537476,44.537476,0.0,0.0,0.662658
1710,05-Jun-99,24:00:00,66.495635,0.002682,21.987477,21.987477,0.0,0.0,0.669933,0.002413,44.507958,44.507958,0.0,0.0,0.654486
1711,06-Jun-99,24:00:00,66.458742,0.002198,21.975803,21.975803,0.0,0.0,0.661203,0.002086,44.482768,44.482768,0.0,0.0,0.646568
1712,07-Jun-99,24:00:00,66.427782,0.002333,21.966233,21.966233,0.0,0.0,0.653495,0.002292,44.461405,44.461405,0.0,0.0,0.639223
1713,08-Jun-99,24:00:00,66.402064,0.002322,21.958522,21.958522,0.0,0.0,0.645494,0.001937,44.443422,44.443422,0.0,0.0,0.632044
1714,09-Jun-99,24:00:00,66.380975,0.002319,21.952452,21.952452,0.0,0.0,0.637505,0.002398,44.428423,44.428423,0.0,0.0,0.624584
1715,10-Jun-99,24:00:00,66.363972,0.002213,21.947832,21.947832,0.0,0.0,0.629717,0.00247,44.416057,44.416057,0.0,0.0,0.616237
1716,11-Jun-99,24:00:00,66.350569,0.001936,21.94449,21.94449,0.0,0.0,0.622636,0.002275,44.406013,44.406013,0.0,0.0,0.608125
1717,12-Jun-99,24:00:00,66.340337,0.002344,21.942273,21.942273,0.0,0.0,0.615443,0.002483,44.398012,44.398012,0.0,0.0,0.599945
1718,13-Jun-99,24:00:00,66.332896,0.0018,21.941048,21.941048,0.0,0.0,0.608274,0.002398,44.391809,44.391809,0.0,0.0,0.591418
1719,14-Jun-99,24:00:00,66.327905,0.002049,21.940693,21.940693,0.0,0.0,0.601607,0.002058,44.387184,44.387184,0.0,0.0,0.583923
1720,15-Jun-99,24:00:00,66.325065,0.002226,21.941102,21.941102,0.0,0.0,0.594425,0.002599,44.383943,44.383943,0.0,0.0,0.576036
1721,16-Jun-99,24:00:00,66.324106,0.002399,21.942181,21.942181,0.0,0.0,0.586381,0.002637,44.381914,44.381914,0.0,0.0,0.566924
1722,17-Jun-99,24:00:00,66.32479,0.002038,21.943844,21.943844,0.0,0.0,0.57877,0.001916,44.380942,44.380942,0.0,0.0,0.55913
1723,18-Jun-99,24:00:00,66.326907,0.002455,21.946018,21.946018,0.0,0.0,0.571098,0.002562,44.380892,44.380892,0.0,0.0,0.551589
1724,19-Jun-99,24:00:00,66.330267,0.00229,21.948635,21.948635,0.0,0.0,0.56286,0.002352,44.38164,44.38164,0.0,0.0,0.543189
1725,20-Jun-99,24:00:00,66.334703,0.00262,21.951636,21.951636,0.0,0.0,0.554568,0.002694,44.38308,44.38308,0.0,0.0,0.533968
1726,21-Jun-99,24:00:00,66.340066,0.00257,21.954969,21.954969,0.0,0.0,0.545622,0.002937,44.385114,44.385114,0.0,0.0,0.524821
1727,22-Jun-99,24:00:00,66.346223,0.002085,21.958585,21.958585,0.0,0.0,0.537542,0.002958,44.387658,44.387658,0.0,0.0,0.514767
1728,23-Jun-99,24:00:00,66.353056,0.001975,21.962445,21.962445,0.0,0.0,0.530953,0.00214,44.390634,44.390634,0.0,0.0,0.505858
1729,24-Jun-99,24:00:00,66.360458,0.00253,21.966509,21.966509,0.0,0.0,0.523065,0.002639,44.393975,44.393975,0.0,0.0,0.497795
1730,25-Jun-99,24:00:00,66.368337,0.002598,21.970745,21.970745,0.0,0.0,0.514236,0.002708,44.39762,44.39762,0.0,0.0,0.488595
1731,26-Jun-99,24:00:00,66.376608,0.002795,21.975123,21.975123,0.0,0.0,0.505043,0.00285,44.401514,44.401514,0.0,0.0,0.479133
1732,27-Jun-99,24:00:00,66.385196,0.002972,21.979617,21.979617,0.0,0.0,0.495227,0.002834,44.40561,44.40561,0.0,0.0,0.469375
1733,28-Jun-99,24:00:00,66.394035,0.002919,21.984203,21.984203,0.0,0.0,0.485082,0.003085,44.409864,44.409864,0.0,0.0,0.459246
1734,29-Jun-99,24:00:00,66.403064,0.003001,21.98886,21.98886,0.0,0.0,0.474975,0.003387,44.414237,44.414237,0.0,0.0,0.448358
1735,30-Jun-99,24:00:00,66.41223,0.002813,21.993568,21.993568,0.0,0.0,0.46493,0.00326,44.418695,44.418695,0.0,0.0,0.436844
1736,01-Jul-99,24:00:00,66.421485,0.002718,21.998311,21.998311,0.0,0.0,0.455513,0.002988,44.423207,44.423207,0.0,0.0,0.426037
1737,02-Jul-99,24:00:00,66.430787,0.002522,22.003075,22.003075,0.0,0.0,0.446519,0.002301,44.427746,44.427746,0.0,0.0,0.416753
1738,03-Jul-99,24:00:00,66.440096,0.002555,22.007844,22.007844,0.0,0.0,0.43771,0.002528,44.432286,44.432286,0.0,0.0,0.408633
1739,04-Jul-99,24:00:00,66.449379,0.002723,22.012607,22.012607,0.0,0.0,0.4287,0.002859,44.436804,44.436804,0.0,0.0,0.399525
1740,05-Jul-99,24:00:00,66.458603,0.002248,22.017353,22.017353,0.0,0.0,0.420261,0.002774,44.441283,44.441283,0.0,0.0,0.389725
1741,06-Jul-99,24:00:00,66.467742,0.002617,22.022072,22.022072,0.0,0.0,0.411836,0.002646,44.445702,44.445702,0.0,0.0,0.380483
1742,07-Jul-99,24:00:00,66.47677,0.002809,22.026756,22.026756,0.0,0.0,0.402539,0.002886,44.450045,44.450045,0.0,0.0,0.371077
1743,08-Jul-99,24:00:00,66.485663,0.002252,22.031395,22.031395,0.0,0.0,0.393898,0.002713,44.454299,44.454299,0.0,0.0,0.361304
1744,09-Jul-99,24:00:00,66.494403,0.002374,22.035984,22.035984,0.0,0.0,0.385962,0.003066,44.458449,44.458449,0.0,0.0,0.35165
1745,10-Jul-99,24:00:00,66.50297,0.002895,22.040514,22.040514,0.0,0.0,0.377014,0.00298,44.462484,44.462484,0.0,0.0,0.341164
1746,11-Jul-99,24:00:00,66.511346,0.002742,22.044981,22.044981,0.0,0.0,0.36743,0.002988,44.466393,44.466393,0.0,0.0,0.330972
1747,12-Jul-99,24:00:00,66.519518,0.002447,22.049379,22.049379,0.0,0.0,0.358323,0.002802,44.470166,44.470166,0.0,0.0,0.32107
1748,13-Jul-99,24:00:00,66.52747,0.001922,22.053702,22.053702,0.0,0.0,0.350709,0.002836,44.473794,44.473794,0.0,0.0,0.311367
1749,14-Jul-99,24:00:00,66.535191,0.001377,22.057948,22.057948,0.0,0.0,0.345169,0.002571,44.477268,44.477268,0.0,0.0,0.302066
1750,15-Jul-99,24:00:00,66.542668,0.001726,22.06211,22.06211,0.0,0.0,0.339891,0.002591,44.480582,44.480582,0.0,0.0,0.293206
1751,16-Jul-99,24:00:00,66.549891,0.001611,22.066186,22.066186,0.0,0.0,0.334202,0.00236,44.483727,44.483727,0.0,0.0,0.284594
1752,17-Jul-99,24:00:00,66.556851,0.00159,22.070173,22.070173,0.0,0.0,0.32862,0.002477,44.486699,44.486699,0.0,0.0,0.276468
1753,18-Jul-99,24:00:00,66.563538,0.001374,22.074066,22.074066,0.0,0.0,0.323497,0.001977,44.489491,44.489491,0.0,0.0,0.268638
1754,19-Jul-99,24:00:00,66.569943,0.001519,22.077864,22.077864,0.0,0.0,0.318479,0.001986,44.492098,44.492098,0.0,0.0,0.261919
1755,20-Jul-99,24:00:00,66.57606,0.001862,22.081562,22.081562,0.0,0.0,0.312782,0.001987,44.494515,44.494515,0.0,0.0,0.255127
1756,21-Jul-99,24:00:00,66.581882,0.001768,22.08516,22.08516,0.0,0.0,0.306626,0.002507,44.496737,44.496737,0.0,0.0,0.247441
1757,22-Jul-99,24:00:00,66.587401,0.00149,22.088655,22.088655,0.0,0.0,0.300988,0.002064,44.49876,44.49876,0.0,0.0,0.239521
1758,23-Jul-99,24:00:00,66.592612,0.002234,22.092044,22.092044,0.0,0.0,0.294614,0.002113,44.500581,44.500581,0.0,0.0,0.232383
1759,24-Jul-99,24:00:00,66.597509,0.002198,22.095325,22.095325,0.0,0.0,0.287045,0.002618,44.502195,44.502195,0.0,0.0,0.224284
1760,25-Jul-99,24:00:00,66.602087,0.001664,22.098497,22.098497,0.0,0.0,0.280411,0.002526,44.5036,44.5036,0.0,0.0,0.215483
1761,26-Jul-99,24:00:00,66.606341,0.001213,22.101558,22.101558,0.0,0.0,0.275412,0.002071,44.504791,44.504791,0.0,0.0,0.207626
1762,27-Jul-99,24:00:00,66.610266,0.001788,22.104506,22.104506,0.0,0.0,0.270286,0.002127,44.505766,44.505766,0.0,0.0,0.200421
1763,28-Jul-99,24:00:00,66.613857,0.001878,22.10734,22.10734,0.0,0.0,0.264107,0.002056,44.506522,44.506522,0.0,0.0,0.193296
1764,29-Jul-99,24:00:00,66.617112,0.002175,22.110058,22.110058,0.0,0.0,0.257044,0.002519,44.507057,44.507057,0.0,0.0,0.18542
1765,30-Jul-99,24:00:00,66.620025,0.001958,22.112658,22.112658,0.0,0.0,0.250011,0.002753,44.507368,44.507368,0.0,0.0,0.17658
1766,31-Jul-99,24:00:00,66.622593,0.002137,22.115141,22.115141,0.0,0.0,0.243013,0.002423,44.507452,44.507452,0.0,0.0,0.16744
1767,01-Aug-99,24:00:00,66.624812,0.002105,22.117503,22.117503,0.0,0.0,0.235688,0.002487,44.507307,44.507307,0.0,0.0,0.159049
1768,02-Aug-99,24:00:00,66.626681,0.002139,22.119745,22.119745,0.0,0.0,0.228466,0.002505,44.506932,44.506932,0.0,0.0,0.150489
1769,03-Aug-99,24:00:00,66.628194,0.00208,22.121865,22.121865,0.0,0.0,0.221241,0.002518,44.506324,44.506324,0.0,0.0,0.141884
1770,04-Aug-99,24:00:00,66.629349,0.001238,22.123862,22.123862,0.0,0.0,0.215364,0.001123,44.505481,44.505481,0.0,0.0,0.135483
1771,05-Aug-99,24:00:00,66.630144,0.000963,22.125734,22.125734,0.0,0.0,0.211541,0.001539,44.504401,44.504401,0.0,0.0,0.130724
1772,06-Aug-99,24:00:00,66.630576,0.001402,22.127482,22.127482,0.0,0.0,0.207644,0.001584,44.503083,44.503083,0.0,0.0,0.125619
1773,07-Aug-99,24:00:00,66.630641,0.001497,22.129104,22.129104,0.0,0.0,0.20265,0.001857,44.501525,44.501525,0.0,0.0,0.119692
1774,08-Aug-99,24:00:00,66.630338,0.001551,22.130599,22.130599,0.0,0.0,0.197419,0.002171,44.499725,44.499725,0.0,0.0,0.11294
1775,09-Aug-99,24:00:00,66.629664,0.000785,22.131966,22.131966,0.0,0.0,0.19326,0.001564,44.497682,44.497682,0.0,0.0,0.106319
1776,10-Aug-99,24:00:00,66.628617,0.001092,22.133205,22.133205,0.0,0.0,0.190108,0.001624,44.495395,44.495395,0.0,0.0,0.100976
1777,11-Aug-99,24:00:00,66.627195,0.00175,22.134315,22.134315,0.0,0.0,0.18541,0.001838,44.492861,44.492861,0.0,0.0,0.095071
1778,12-Aug-99,24:00:00,66.625396,0.001999,22.135294,22.135294,0.0,0.0,0.178974,0.00193,44.49008,44.49008,0.0,0.0,0.08863
1779,13-Aug-99,24:00:00,66.623216,0.002226,22.136143,22.136143,0.0,0.0,0.171675,0.002231,44.48705,44.48705,0.0,0.0,0.081426
1780,14-Aug-99,24:00:00,66.620656,0.002204,22.136861,22.136861,0.0,0.0,0.164076,0.002212,44.48377,44.48377,0.0,0.0,0.073825
1781,15-Aug-99,24:00:00,66.617713,0.002059,22.137446,22.137446,0.0,0.0,0.156798,0.002582,44.480239,44.480239,0.0,0.0,0.065744
1782,16-Aug-99,24:00:00,66.614384,0.00175,22.137899,22.137899,0.0,0.0,0.150305,0.00238,44.476456,44.476456,0.0,0.0,0.057299
1783,17-Aug-99,24:00:00,66.610669,0.00148,22.138219,22.138219,0.0,0.0,0.144771,0.002192,44.472419,44.472419,0.0,0.0,0.049289
1784,18-Aug-99,24:00:00,66.606565,0.002315,22.138404,22.138404,0.0,0.0,0.138259,0.002506,44.468128,44.468128,0.0,0.0,0.041371
1785,19-Aug-99,24:00:00,66.602071,0.002143,22.138456,22.138456,0.0,0.0,0.130636,0.002379,44.463582,44.463582,0.0,0.0,0.03296
1786,20-Aug-99,24:00:00,66.597186,0.002399,22.138372,22.138372,0.0,0.0,0.122842,0.002318,44.458778,44.458778,0.0,0.0,0.024808
1787,21-Aug-99,24:00:00,66.591908,0.002511,22.138152,22.138152,0.0,0.0,0.114417,0.002444,44.453717,44.453717,0.0,0.0,0.016777
1788,22-Aug-99,24:00:00,66.586235,0.001976,22.137797,22.137797,0.0,0.0,0.106606,0.001862,44.448398,44.448398,0.0,0.0,0.009288
1789,23-Aug-99,24:00:00,66.580167,0.002054,22.137305,22.137305,0.0,0.0,0.099885,0.002405,44.44282,44.44282,0.0,0.0,0.002748
1790,24-Aug-99,24:00:00,66.573702,0.002398,22.136676,22.136676,0.0,0.0,0.092286,0.002428,44.436982,44.436982,0.0,0.0,0.0
1791,25-Aug-99,24:00:00,66.566839,0.002166,22.13591,22.13591,0.0,0.0,0.084244,0.002066,44.430883,44.430883,0.0,0.0,0.0
1792,26-Aug-99,24:00:00,66.559576,0.002105,22.135006,22.135006,0.0,0.0,0.076767,0.002384,44.424523,44.424523,0.0,0.0,0.0
1793,27-Aug-99,24:00:00,66.551913,0.002072,22.133963,22.133963,0.0,0.0,0.069822,0.002373,44.4179,44.4179,0.0,0.0,0.0
1794,28-Aug-99,24:00:00,66.543847,0.001785,22.132782,22.132782,0.0,0.0,0.063271,0.002454,44.411014,44.411014,0.0,0.0,0.0
1795,29-Aug-99,24:00:00,66.53538,0.002332,22.131462,22.131462,0.0,0.0,0.056357,0.002056,44.403865,44.403865,0.0,0.0,0.0
1796,30-Aug-99,24:00:00,66.526508,0.002386,22.130003,22.130003,0.0,0.0,0.048049,0.001946,44.396451,44.396451,0.0,0.0,0.0
1797,31-Aug-99,24:00:00,66.517232,0.001588,22.128403,22.128403,0.0,0.0,0.04105,0.001614,44.388772,44.388772,0.0,0.0,0.0
1798,01-Sep-99,24:00:00,66.507551,0.00188,22.126664,22.126664,0.0,0.0,0.035177,0.00211,44.380828,44.380828,0.0,0.0,0.0
1799,02-Sep-99,24:00:00,66.497463,0.001392,22.124784,22.124784,0.0,0.0,0.029668,0.001965,44.372618,44.372618,0.0,0.0,0.0
1800,03-Sep-99,24:00:00,66.486967,0.001615,22.122764,22.122764,0.0,0.0,0.024569,0.002003,44.364141,44.364141,0.0,0.0,0.0
1801,04-Sep-99,24:00:00,66.476064,0.00202,22.120602,22.120602,0.0,0.0,0.01837,0.002245,44.355397,44.355397,0.0,0.0,0.0
1802,05-Sep-99,24:00:00,66.464752,0.002083,22.1183,22.1183,0.0,0.0,0.011234,0.002101,44.346386,44.346386,0.0,0.0,0.0
1803,06-Sep-99,24:00:00,66.453031,0.001856,22.115856,22.115856,0.0,0.0,0.004367,0.002394,44.337107,44.337107,0.0,0.0,0.0
1804,07-Sep-99,24:00:00,66.440899,0.00138,22.11327,22.11327,0.0,0.0,0.000444,0.002129,44.327559,44.327559,0.0,0.0,0.0
1805,08-Sep-99,24:00:00,66.428357,0.001351,22.110542,22.110542,0.0,0.0,0.0,0.001878,44.317743,44.317743,0.0,0.0,0.0
1806,09-Sep-99,24:00:00,66.415404,0.001201,22.107672,22.107672,0.0,0.0,0.0,0.001707,44.307658,44.307658,0.0,0.0,0.0
1807,10-Sep-99,24:00:00,66.402038,0.001093,22.104659,22.104659,0.0,0.0,0.0,0.001819,44.297303,44.297303,0.0,0.0,0.0
1808,11-Sep-99,24:00:00,66.388261,0.001292,22.101504,22.101504,0.0,0.0,0.0,0.001715,44.286678,44.286678,0.0,0.0,0.0
1809,12-Sep-99,24:00:00,66.374071,0.001326,22.098206,22.098206,0.0,0.0,0.0,0.001759,44.275784,44.275784,0.0,0.0,0.0
1810,13-Sep-99,24:00:00,66.359467,0.00124,22.094766,22.094766,0.0,0.0,0.0,0.001812,44.264619,44.264619,0.0,0.0,0.0
1811,14-Sep-99,24:00:00,66.34445,0.001359,22.091182,22.091182,0.0,0.0,0.0,0.001863,44.253184,44.253184,0.0,0.0,0.0
1812,15-Sep-99,24:00:00,66.32902,0.001248,22.087455,22.087455,0.0,0.0,0.0,0.001823,44.241478,44.241478,0.0,0.0,0.0
1813,16-Sep-99,24:00:00,66.313174,0.001135,22.083585,22.083585,0.0,0.0,0.0,0.001979,44.229502,44.229502,0.0,0.0,0.0
1814,17-Sep-99,24:00:00,66.296915,0.00094,22.079571,22.079571,0.0,0.0,0.0,0.001828,44.217254,44.217254,0.0,0.0,0.0
1815,18-Sep-99,24:00:00,66.280241,0.000904,22.075414,22.075414,0.0,0.0,0.0,0.001388,44.204735,44.204735,0.0,0.0,0.0
1816,19-Sep-99,24:00:00,66.263152,0.00129,22.071113,22.071113,0.0,0.0,0.0,0.001498,44.191945,44.191945,0.0,0.0,0.0
1817,20-Sep-99,24:00:00,66.245648,0.001463,22.066668,22.066668,0.0,0.0,0.0,0.001888,44.178883,44.178883,0.0,0.0,0.0
1818,21-Sep-99,24:00:00,66.227728,0.001187,22.06208,22.06208,0.0,0.0,0.0,0.001538,44.16555,44.16555,0.0,0.0,0.0
1819,22-Sep-99,24:00:00,66.209393,0.001361,22.057348,22.057348,0.0,0.0,0.0,0.001687,44.151945,44.151945,0.0,0.0,0.0
1820,23-Sep-99,24:00:00,66.190643,0.001214,22.052472,22.052472,0.0,0.0,0.0,0.00174,44.138069,44.138069,0.0,0.0,0.0
1821,24-Sep-99,24:00:00,66.171477,0.001765,22.047452,22.047452,0.0,0.0,0.0,0.001918,44.123921,44.123921,0.0,0.0,0.0
1822,25-Sep-99,24:00:00,66.151896,0.001954,22.042288,22.042288,0.0,0.0,0.0,0.001956,44.109502,44.109502,0.0,0.0,0.0
1823,26-Sep-99,24:00:00,66.1319,0.00203,22.036981,22.036981,0.0,0.0,0.0,0.00185,44.094811,44.094811,0.0,0.0,0.0
1824,27-Sep-99,24:00:00,66.111487,0.001747,22.031529,22.031529,0.0,0.0,0.0,0.001543,44.079848,44.079848,0.0,0.0,0.0
1825,28-Sep-99,24:00:00,66.09066,0.001938,22.025934,22.025934,0.0,0.0,0.0,0.001558,44.064614,44.064614,0.0,0.0,0.0
1826,29-Sep-99,24:00:00,66.069418,0.001802,22.020194,22.020194,0.0,0.0,0.0,0.001753,44.049109,44.049109,0.0,0.0,0.0
1827,30-Sep-99,24:00:00,66.04776,0.001438,22.014311,22.014311,0.0,0.0,0.0,0.001609,44.033332,44.033332,0.0,0.0,0.0
1828,01-Oct-99,24:00:00,66.025687,0.0011,22.008284,22.008284,0.0,0.0,0.0,0.001511,44.017285,44.017285,0.0,0.0,0.0
1829,02-Oct-99,24:00:00,66.0032,0.001083,22.002113,22.002113,0.0,0.0,0.0,0.001369,44.000966,44.000966,0.0,0.0,0.0
1830,03-Oct-99,24:00:00,65.980298,0.000971,21.995799,21.995799,0.0,0.0,0.0,0.001324,43.984377,43.984377,0.0,0.0,0.0
1831,04-Oct-99,24:00:00,65.956982,0.001033,21.989341,21.989341,0.0,0.0,0.0,0.001136,43.967517,43.967517,0.0,0.0,0.0
1832,05-Oct-99,24:00:00,65.933252,0.000989,21.982739,21.982739,0.0,0.0,0.0,0.001152,43.950386,43.950386,0.0,0.0,0.0
1833,06-Oct-99,24:00:00,65.909108,0.001598,21.975994,21.975994,0.0,0.0,0.0,0.001301,43.932986,43.932986,0.0,0.0,0.0
1834,07-Oct-99,24:00:00,65.884551,0.001659,21.969106,21.969106,0.0,0.0,0.0,0.001554,43.915315,43.915315,0.0,0.0,0.0
1835,08-Oct-99,24:00:00,65.859581,0.001553,21.962074,21.962074,0.0,0.0,0.0,0.001528,43.897375,43.897375,0.0,0.0,0.0
1836,09-Oct-99,24:00:00,65.834198,0.001645,21.9549,21.9549,0.0,0.0,0.0,0.00158,43.879165,43.879165,0.0,0.0,0.0
1837,10-Oct-99,24:00:00,65.808404,0.001476,21.947582,21.947582,0.0,0.0,0.0,0.001576,43.860686,43.860686,0.0,0.0,0.0
1838,11-Oct-99,24:00:00,65.782197,0.001395,21.940121,21.940121,0.0,0.0,0.0,0.001356,43.841938,43.841938,0.0,0.0,0.0
1839,12-Oct-99,24:00:00,65.755579,0.001365,21.932518,21.932518,0.0,0.0,0.0,0.001303,43.822921,43.822921,0.0,0.0,0.0
1840,13-Oct-99,24:00:00,65.728551,0.001444,21.924772,21.924772,0.0,0.0,0.0,0.001286,43.803636,43.803636,0.0,0.0,0.0
1841,14-Oct-99,24:00:00,65.701112,0.001444,21.916884,21.916884,0.0,0.0,0.0,0.001017,43.784084,43.784084,0.0,0.0,0.0
1842,15-Oct-99,24:00:00,65.673263,0.001876,21.908854,21.908854,0.0,0.0,0.0,0.001372,43.764264,43.764264,0.0,0.0,0.0
1843,16-Oct-99,24:00:00,65.645005,0.000821,21.900681,21.900681,0.0,0.0,0.0,0.001206,43.744176,43.744176,0.0,0.0,0.0
1844,17-Oct-99,24:00:00,65.616339,0.001219,21.892367,21.892367,0.0,0.0,0.0,0.001162,43.723822,43.723822,0.0,0.0,0.0
1845,18-Oct-99,24:00:00,65.587264,0.001036,21.883911,21.883911,0.0,0.0,0.0,0.001226,43.703202,43.703202,0.0,0.0,0.0
1846,19-Oct-99,24:00:00,65.557782,0.00123,21.875314,21.875314,0.0,0.0,0.0,0.001037,43.682315,43.682315,0.0,0.0,0.0
1847,20-Oct-99,24:00:00,65.527894,0.001069,21.866575,21.866575,0.0,0.0,0.0,0.000574,43.661163,43.661163,0.0,0.0,0.0
1848,21-Oct-99,24:00:00,65.497599,0.001039,21.857695,21.857695,0.0,0.0,0.0,0.000697,43.639746,43.639746,0.0,0.0,0.0
1849,22-Oct-99,24:00:00,65.466899,0.000781,21.848675,21.848675,0.0,0.0,0.0,0.001014,43.618065,43.618065,0.0,0.0,0.0
1850,23-Oct-99,24:00:00,65.435794,0.000949,21.839514,21.839514,0.0,0.0,0.0,0.000985,43.596119,43.596119,0.0,0.0,0.0
1851,24-Oct-99,24:00:00,65.404285,0.000942,21.830212,21.830212,0.0,0.0,0.0,0.001051,43.57391,43.57391,0.0,0.0,0.0
1852,25-Oct-99,24:00:00,80.163152,0.000707,33.221628,21.820771,0.020008,0.0,0.012585,0.000837,47.21025,43.551438,0.011301,0.0,0.006703
1853,26-Oct-99,24:00:00,119.916444,0.000425,38.442015,21.811189,0.019516,0.0,0.082571,0.000234,82.154359,43.528703,0.03735,0.0,0.071573
1854,27-Oct-99,24:00:00,114.884805,0.000913,29.321115,21.801468,0.003976,0.0,0.147944,0.000848,84.640961,43.505706,0.000922,0.0,0.1697
1855,28-Oct-99,24:00:00,65.797338,0.000984,21.791608,21.791608,0.0,0.0,0.149144,0.000837,43.979485,43.482448,0.0,0.0,0.169964
1856,29-Oct-99,24:00:00,65.24071,0.000947,21.781609,21.781609,0.0,0.0,0.149144,0.000898,43.458929,43.458929,0.0,0.0,0.169964
1857,30-Oct-99,24:00:00,65.206794,0.000925,21.771471,21.771471,0.0,0.0,0.149144,0.000854,43.435149,43.435149,0.0,0.0,0.169964
1858,31-Oct-99,24:00:00,65.17248,0.000993,21.761194,21.761194,0.0,0.0,0.148259,0.000813,43.411109,43.411109,0.0,0.0,0.169863
1859,01-Nov-99,24:00:00,139.856044,0.000934,81.69236,21.75078,0.075119,0.0,0.2632,0.00095,58.396466,43.386811,0.013129,0.0,0.18857
1860,02-Nov-99,24:00:00,73.964732,0.000592,23.190843,21.740227,0.0,0.0,0.403964,0.000715,50.544112,43.362254,0.0,0.0,0.214075
1861,03-Nov-99,24:00:00,124.713087,0.000884,66.809754,21.729537,0.055384,0.0,0.51089,0.000971,57.995175,43.337439,0.01036,0.0,0.234652
1862,04-Nov-99,24:00:00,68.222398,0.000902,21.902078,21.71871,0.0,0.0,0.593853,0.00081,46.224611,43.312366,0.0,0.0,0.249594
1863,05-Nov-99,24:00:00,64.994969,0.000544,21.707746,21.707746,0.0,0.0,0.593853,0.000826,43.287037,43.287037,0.0,0.0,0.249594
1864,06-Nov-99,24:00:00,123.1448,0.000439,42.969198,21.696645,0.034849,0.0,0.623798,0.000459,81.310076,43.261452,0.054205,0.0,0.299342
1865,07-Nov-99,24:00:00,138.156139,0.000734,33.055466,21.685408,0.005093,0.0,0.730425,0.000605,104.010185,43.235611,0.004688,0.0,0.451183
1866,08-Nov-99,24:00:00,65.799133,0.000583,21.674035,21.674035,0.0,0.0,0.730795,0.000488,44.081382,43.209516,0.0,0.0,0.451515
1867,09-Nov-99,24:00:00,147.142228,0.000159,37.378541,21.662526,0.019812,0.0,0.764713,0.000288,110.439503,43.183167,0.052394,0.0,0.54843
1868,10-Nov-99,24:00:00,87.288601,0.000577,22.126065,21.650883,0.0,0.0,0.79872,0.000717,64.494655,43.156564,0.0,0.0,0.631152
1869,11-Nov-99,24:00:00,64.875535,0.000511,21.639104,21.639104,0.0,0.0,0.79872,0.000452,43.228162,43.129709,0.0,0.0,0.631152
1870,12-Nov-99,24:00:00,64.729992,0.000708,21.627191,21.627191,0.0,0.0,0.79872,0.000665,43.102602,43.102602,0.0,0.0,0.631152
1871,13-Nov-99,24:00:00,75.003961,0.000249,31.354348,21.615143,0.021952,0.0,0.809644,0.000478,43.711659,43.075244,0.004856,0.0,0.632899
1872,14-Nov-99,24:00:00,125.574378,0.000433,43.526835,21.602962,0.018872,0.0,0.915886,0.000474,82.052788,43.047636,0.019695,0.0,0.705337
1873,15-Nov-99,24:00:00,264.504183,0.000233,176.569247,148.646109,0.032379,0.014496,0.972877,0.000214,88.268481,43.019777,0.032886,0.0,0.773136
1874,16-Nov-99,24:00:00,127.653582,0.000407,71.931519,71.692116,0.0,0.0,1.0,0.000398,55.324083,42.99167,0.0,0.0,0.82808
1875,17-Nov-99,24:00:00,79.1681,0.00053,36.194006,36.194006,0.0,0.0,1.0,0.000538,42.970576,42.963315,0.0,0.0,0.82808
1876,18-Nov-99,24:00:00,749.72381,0.000137,638.772469,374.626972,0.034582,0.034582,1.0,0.000314,111.359037,42.934712,0.047732,0.0,0.927724
1877,19-Nov-99,24:00:00,182.092383,0.000475,119.560469,119.392468,0.0,0.0,1.0,0.00055,62.168694,45.690123,0.002604,0.000192,0.998299
1878,20-Nov-99,24:00:00,111.488396,0.000829,66.18051,66.18051,0.0,0.0,1.0,0.000711,45.270403,44.965876,0.0,0.0,1.0
1879,21-Nov-99,24:00:00,104.459537,0.00058,61.104901,61.104901,0.0,0.0,1.0,0.000555,43.351308,43.351308,0.0,0.0,1.0
1880,22-Nov-99,24:00:00,99.779775,0.000373,56.614878,56.614878,0.0,0.0,1.0,0.000392,43.164253,43.164253,0.0,0.0,1.0
1881,23-Nov-99,24:00:00,95.722594,0.00044,52.631,52.631,0.0,0.0,1.0,0.000323,43.091105,43.091105,0.0,0.0,1.0
1882,24-Nov-99,24:00:00,92.123105,0.000589,49.096019,49.096019,0.0,0.0,1.0,0.000542,43.026628,43.026628,0.0,0.0,1.0
1883,25-Nov-99,24:00:00,88.925527,0.000278,45.959164,45.959164,0.0,0.0,1.0,0.00043,42.965932,42.965932,0.0,0.0,1.0
1884,26-Nov-99,24:00:00,86.084246,0.000267,43.175402,43.175402,0.0,0.0,1.0,0.00049,42.908434,42.908434,0.0,0.0,1.0
1885,27-Nov-99,24:00:00,83.558928,0.000266,40.704793,40.704793,0.0,0.0,1.0,0.000444,42.853744,42.853744,0.0,0.0,0.999665
1886,28-Nov-99,24:00:00,242.501064,0.000259,129.013816,103.508147,0.026297,0.026113,0.999885,0.000338,118.738895,83.011362,0.029869,0.029325,0.99918
1887,29-Nov-99,24:00:00,1650.837917,0.000394,601.083167,521.938538,0.030595,0.030595,1.0,0.000315,1051.142014,866.174859,0.026579,0.026579,1.0
1888,30-Nov-99,24:00:00,822.237166,0.00043,203.131689,201.097852,0.0,0.0,1.0,0.000381,614.419881,596.220736,0.0,0.0,1.0
1889,01-Dec-99,24:00:00,291.662216,0.000588,87.885662,87.885662,0.0,0.0,1.0,0.000534,202.612685,202.451392,0.0,0.0,1.0
1890,02-Dec-99,24:00:00,223.615816,0.000637,80.291869,80.291869,0.0,0.0,1.0,0.000476,143.177706,143.177706,0.0,0.0,1.0
1891,03-Dec-99,24:00:00,203.4451,0.000545,73.614232,73.614232,0.0,0.0,1.0,0.000423,129.751862,129.751862,0.0,0.0,1.0
1892,04-Dec-99,24:00:00,187.538147,0.000407,67.690038,67.690038,0.0,0.0,1.0,0.0003,119.779978,119.779978,0.0,0.0,1.0
1893,05-Dec-99,24:00:00,173.494985,0.000357,62.434074,62.434074,0.0,0.0,1.0,0.00026,111.000555,111.000555,0.0,0.0,1.0
1894,06-Dec-99,24:00:00,161.036438,0.000576,57.770766,57.770766,0.0,0.0,1.0,0.00046,103.212139,103.212139,0.0,0.0,1.0
1895,07-Dec-99,24:00:00,149.981232,0.000252,53.633089,53.633089,0.0,0.0,1.0,0.000285,96.30065,96.30065,0.0,0.0,1.0
1896,08-Dec-99,24:00:00,484.157721,0.000316,183.044835,174.155184,0.010877,0.010877,1.0,0.000253,303.078568,283.376675,0.0126,0.0126,1.0
1897,09-Dec-99,24:00:00,276.570985,0.000616,60.035139,60.035139,0.0,0.0,1.0,0.000405,214.866341,213.239504,0.0,0.0,1.0
1898,10-Dec-99,24:00:00,166.811271,0.000573,54.263385,54.263385,0.0,0.0,1.0,0.000469,112.323318,112.323318,0.0,0.0,1.0
1899,11-Dec-99,24:00:00,148.776076,0.000442,50.515226,50.515226,0.0,0.0,1.0,0.000257,98.204018,98.204018,0.0,0.0,1.0
1900,12-Dec-99,24:00:00,138.816081,0.00064,47.18943,47.18943,0.0,0.0,1.0,0.0005,91.582886,91.582886,0.0,0.0,1.0
1901,13-Dec-99,24:00:00,130.231288,0.000578,44.237977,44.237977,0.0,0.0,1.0,0.000394,85.9547,85.9547,0.0,0.0,1.0
1902,14-Dec-99,24:00:00,122.619915,0.000438,41.618527,41.618527,0.0,0.0,1.0,0.000388,80.967121,80.967121,0.0,0.0,1.0
1903,15-Dec-99,24:00:00,115.863751,0.000429,39.293531,39.293531,0.0,0.0,1.0,0.000463,76.539798,76.539798,0.0,0.0,1.0
1904,16-Dec-99,24:00:00,109.86583,0.000478,37.229683,37.229683,0.0,0.0,0.999522,0.000387,72.609132,72.609132,0.0,0.0,1.0
1905,17-Dec-99,24:00:00,104.540376,0.000517,35.397445,35.397445,0.0,0.0,0.998109,0.000458,69.118938,69.118938,0.0,0.0,1.0
1906,18-Dec-99,24:00:00,99.811322,0.001465,33.770617,33.770617,0.0,0.0,0.995376,0.000501,66.019391,66.019391,0.0,0.0,0.999857
1907,19-Dec-99,24:00:00,95.611199,0.000978,32.325964,32.325964,0.0,0.0,0.99012,0.000534,63.266298,63.266298,0.0,0.0,0.998752
1908,20-Dec-99,24:00:00,91.880172,0.000951,31.042878,31.042878,0.0,0.0,0.987621,0.000442,60.820464,60.820464,0.0,0.0,0.997076
1909,21-Dec-99,24:00:00,88.565168,0.00068,29.90308,29.90308,0.0,0.0,0.984093,0.000578,58.647128,58.647128,0.0,0.0,0.995353
1910,22-Dec-99,24:00:00,85.619117,0.000422,28.890359,28.890359,0.0,0.0,0.982478,0.000362,56.715457,56.715457,0.0,0.0,0.993695
1911,23-Dec-99,24:00:00,83.000274,0.000495,27.990337,27.990337,0.0,0.0,0.980915,0.000465,54.998106,54.998106,0.0,0.0,0.992289
1912,24-Dec-99,24:00:00,80.67161,0.000455,27.190262,27.190262,0.0,0.0,0.979285,0.000475,53.470823,53.470823,0.0,0.0,0.990677
1913,25-Dec-99,24:00:00,78.600288,0.000496,26.478823,26.478823,0.0,0.0,0.977669,0.000437,52.112098,52.112098,0.0,0.0,0.989105
1914,26-Dec-99,24:00:00,76.757181,0.000438,25.845989,25.845989,0.0,0.0,0.976056,0.000582,50.902851,50.902851,0.0,0.0,0.987446
1915,27-Dec-99,24:00:00,75.116457,0.000513,25.282864,25.282864,0.0,0.0,0.974445,0.00043,49.826164,49.826164,0.0,0.0,0.98561
1916,28-Dec-99,24:00:00,73.655205,0.000476,24.781556,24.781556,0.0,0.0,0.972728,0.000448,48.867028,48.867028,0.0,0.0,0.984121
1917,29-Dec-99,24:00:00,72.353103,0.00048,24.335066,24.335066,0.0,0.0,0.971095,0.000475,48.012133,48.012133,0.0,0.0,0.982554
1918,30-Dec-99,24:00:00,71.192131,0.00023,23.937187,23.937187,0.0,0.0,0.969879,0.000312,47.249675,47.249675,0.0,0.0,0.981184
1919,31-Dec-99,24:00:00,70.156302,0.000402,23.582415,23.582415,0.0,0.0,0.96882,0.000378,46.569182,46.569182,0.0,0.0,0.980036
1920,01-Jan-00,24:00:00,69.231441,0.000501,23.265866,23.265866,0.0,0.0,0.967286,0.00033,45.96137,45.96137,0.0,0.0,0.978803
1921,02-Jan-00,24:00:00,68.404973,0.000525,22.983209,22.983209,0.0,0.0,0.9655,0.000427,45.418002,45.418002,0.0,0.0,0.977494
1922,03-Jan-00,24:00:00,67.665746,0.000179,22.730605,22.730605,0.0,0.0,0.964259,0.00012,44.931774,44.931774,0.0,0.0,0.976545
1923,04-Jan-00,24:00:00,67.00387,0.000567,22.504644,22.504644,0.0,0.0,0.96302,0.000397,44.496206,44.496206,0.0,0.0,0.975645
1924,05-Jan-00,24:00:00,66.410571,0.000346,22.302308,22.302308,0.0,0.0,0.961412,0.000276,44.105553,44.105553,0.0,0.0,0.974508
1925,06-Jan-00,24:00:00,65.87807,0.000428,22.120915,22.120915,0.0,0.0,0.96011,0.000362,43.754719,43.754719,0.0,0.0,0.973444
1926,07-Jan-00,24:00:00,65.399466,0.000246,21.95809,21.95809,0.0,0.0,0.958956,0.00047,43.439184,43.439184,0.0,0.0,0.972024
1927,08-Jan-00,24:00:00,64.968639,0.000453,21.811723,21.811723,0.0,0.0,0.957821,0.00037,43.154939,43.154939,0.0,0.0,0.970568
1928,09-Jan-00,24:00:00,64.685561,0.00018,21.785347,21.679946,0.001957,0.0,0.956925,0.000272,42.898429,42.898429,0.0,0.0,0.969512
1929,10-Jan-00,24:00:00,551.504602,0.000192,299.48518,269.786072,0.034543,0.02376,0.996649,0.000337,255.194779,217.959342,0.024958,0.01592,0.993935
1930,11-Jan-00,24:00:00,425.965286,0.000278,115.366457,111.809599,0.004337,0.004337,1.0,0.000172,308.888846,298.263401,0.004159,0.004159,1.0
1931,12-Jan-00,24:00:00,616.612695,0.000224,253.684743,236.303967,0.026632,0.026632,1.0,0.00022,366.004991,338.96338,0.025667,0.025667,1.0
1932,13-Jan-00,24:00:00,1238.455417,0.00019,468.223822,442.949755,0.028413,0.028413,1.0,0.000203,771.253984,726.358857,0.023723,0.023723,1.0
1933,14-Jan-00,24:00:00,911.190831,0.000482,258.756788,249.490395,0.013804,0.013804,1.0,0.000492,650.374979,626.256617,0.018062,0.018062,1.0
1934,15-Jan-00,24:00:00,1841.083377,0.0005,762.635756,515.35845,0.030064,0.030064,1.0,0.000476,1081.786869,1004.053892,0.031315,0.031315,1.0
1935,16-Jan-00,24:00:00,1077.285531,0.00035,294.330808,283.809893,0.011856,0.011856,1.0,0.000347,779.616409,755.880005,0.011604,0.011604,1.0
1936,17-Jan-00,24:00:00,1129.033712,0.000225,393.765831,376.273695,0.021403,0.021403,1.0,0.000383,736.657431,701.694651,0.021421,0.021421,1.0
1937,18-Jan-00,24:00:00,1548.26764,0.000138,604.424687,569.138944,0.045097,0.045097,1.0,0.000189,948.094724,889.879187,0.040507,0.040507,1.0
1938,19-Jan-00,24:00:00,1126.072865,0.00041,279.285094,276.525629,0.001464,0.001464,1.0,0.000261,841.041905,826.892826,0.001442,0.001442,1.0
1939,20-Jan-00,24:00:00,668.80944,0.000182,251.226215,244.219206,0.008711,0.008711,1.0,0.00032,417.16673,410.813612,0.005227,0.005227,1.0
1940,21-Jan-00,24:00:00,583.727286,0.000461,186.124956,184.761046,0.003172,0.003172,1.0,0.000351,396.927901,392.280261,0.005449,0.005449,1.0
1941,22-Jan-00,24:00:00,1556.304152,0.00012,775.725342,726.600596,0.059382,0.059382,1.0,0.000156,786.237488,734.681385,0.032836,0.032836,1.0
1942,23-Jan-00,24:00:00,1741.346667,0.000147,672.206395,645.142332,0.033255,0.033255,1.0,0.000218,1068.78125,1021.403613,0.027717,0.027717,1.0
1943,24-Jan-00,24:00:00,1184.812655,0.000472,362.339625,354.148289,0.00896,0.00896,1.0,0.000463,818.65295,799.738276,0.004878,0.004878,1.0
1944,25-Jan-00,24:00:00,615.298785,0.00051,202.590216,202.590216,0.0,0.0,1.0,0.000497,410.964667,410.386829,0.0,0.0,1.0
1945,26-Jan-00,24:00:00,489.180218,0.000675,181.020838,181.020838,0.0,0.0,1.0,0.000424,307.818694,307.818694,0.0,0.0,1.0
1946,27-Jan-00,24:00:00,437.075835,0.000468,162.851382,162.851382,0.0,0.0,1.0,0.000363,274.011272,274.011272,0.0,0.0,1.0
1947,28-Jan-00,24:00:00,394.439909,0.000749,146.822095,146.80025,0.000406,0.000406,1.0,0.000634,247.433051,247.433051,0.0,0.0,1.0
1948,29-Jan-00,24:00:00,1481.911322,0.000358,695.215301,657.010641,0.046398,0.046398,1.0,0.000438,793.645484,733.55752,0.03956,0.03956,1.0
1949,30-Jan-00,24:00:00,1731.659583,9.8e-05,542.489372,517.516322,0.030545,0.030545,1.0,0.000133,1190.11703,1127.425883,0.037302,0.037302,1.0
1950,31-Jan-00,24:00:00,1118.565253,0.000297,251.679027,248.250008,0.004177,0.004177,1.0,0.000315,861.271489,847.080044,0.004439,0.004439,1.0
1951,01-Feb-00,24:00:00,574.977731,0.000658,174.987377,174.987377,0.0,0.0,1.0,0.000728,398.304796,397.64688,0.0,0.0,1.0
1952,02-Feb-00,24:00:00,596.334185,0.000331,239.628382,232.097868,0.010479,0.010479,1.0,0.000532,358.311601,347.806586,0.009673,0.009673,1.0
1953,03-Feb-00,24:00:00,816.936615,0.000466,235.83249,231.932698,0.003507,0.003507,1.0,0.000477,580.579929,563.136746,0.007179,0.007179,1.0
1954,04-Feb-00,24:00:00,2934.446692,0.000222,1242.851096,793.354998,0.064721,0.064721,1.0,0.000304,1702.413144,989.694091,0.059875,0.059875,1.0
1955,05-Feb-00,24:00:00,1476.427021,0.000646,280.283937,279.494404,0.0,0.0,1.0,0.000576,1185.75863,1075.29507,0.0,0.0,1.0
1956,06-Feb-00,24:00:00,592.584717,0.000722,179.343965,179.343965,0.0,0.0,1.0,0.000654,411.470106,411.462598,0.0,0.0,1.0
1957,07-Feb-00,24:00:00,477.046708,0.000625,161.320416,161.320416,0.0,0.0,1.0,0.000582,315.405651,315.405651,0.0,0.0,1.0
1958,08-Feb-00,24:00:00,427.370443,0.000302,145.358788,145.358788,0.0,0.0,1.0,0.000374,281.792429,281.792429,0.0,0.0,1.0
1959,09-Feb-00,24:00:00,937.613209,0.000403,438.10779,417.343389,0.025419,0.025419,1.0,0.000662,501.816991,478.547856,0.014791,0.014791,1.0
1960,10-Feb-00,24:00:00,1813.244713,0.000179,958.405469,490.923234,0.052951,0.052951,1.0,0.000231,866.051353,600.82609,0.049329,0.049329,1.0
1961,11-Feb-00,24:00:00,2306.562917,0.000261,630.962156,585.893744,0.015696,0.015696,1.0,0.000335,1668.048333,1368.950417,0.017262,0.017262,1.0
1962,12-Feb-00,24:00:00,3544.942083,0.000193,1645.332281,1026.73996,0.097934,0.097934,1.0,0.000267,1908.469167,1504.330406,0.093174,0.093174,1.0
1963,13-Feb-00,24:00:00,4921.825417,0.000439,1609.343472,1184.430862,0.055952,0.055952,1.0,0.000505,3311.452083,2517.90125,0.060603,0.060603,1.0
1964,14-Feb-00,24:00:00,1735.520417,0.0005,340.923551,340.823316,0.0,0.0,1.0,0.000709,1384.112813,1347.04839,0.0,0.0,1.0
1965,15-Feb-00,24:00:00,946.22446,0.000254,313.838177,311.01311,0.003539,0.003539,1.0,0.000304,631.214191,627.714228,0.003158,0.003158,1.0
1966,16-Feb-00,24:00:00,821.06172,0.000497,262.974891,262.90731,0.0,0.0,1.0,0.000536,557.127205,555.283647,0.0,0.0,1.0
1967,17-Feb-00,24:00:00,685.938677,0.000836,228.132756,228.132756,0.0,0.0,1.0,0.000623,457.300851,457.293249,0.0,0.0,1.0
1968,18-Feb-00,24:00:00,610.319587,0.000908,204.599661,204.599661,0.0,0.0,1.0,0.000799,405.380003,405.380003,0.0,0.0,1.0
1969,19-Feb-00,24:00:00,1062.262627,0.000292,565.585717,531.022609,0.047456,0.047456,1.0,0.000507,501.820045,475.237438,0.03507,0.03507,1.0
1970,20-Feb-00,24:00:00,1545.988638,0.00087,423.135862,417.405685,0.001846,0.001846,1.0,0.000848,1120.386042,1080.58812,0.004503,0.004503,1.0
1971,21-Feb-00,24:00:00,2327.178833,0.000228,1037.734619,762.622964,0.075325,0.075325,1.0,0.000201,1305.073314,768.18503,0.05709,0.05709,1.0
1972,22-Feb-00,24:00:00,2494.147083,0.000407,568.521181,546.638373,0.001465,0.001465,1.0,0.00052,1911.206649,1399.707715,0.00386,0.00386,1.0
1973,23-Feb-00,24:00:00,891.900673,0.000343,262.214073,260.713452,0.001784,0.001784,1.0,0.000407,625.694801,619.480375,0.0,0.0,1.0
1974,24-Feb-00,24:00:00,622.648528,0.000424,218.374956,218.361104,0.0,0.0,1.0,0.000574,403.649293,403.640435,0.0,0.0,1.0
1975,25-Feb-00,24:00:00,2122.528664,0.000182,1236.472332,851.702399,0.085329,0.085329,1.0,0.000252,897.669671,807.196935,0.06942,0.06942,1.0
1976,26-Feb-00,24:00:00,3705.692917,0.000524,1080.426916,923.969694,0.032369,0.032369,1.0,0.00052,2622.915833,1995.94625,0.037249,0.037249,1.0
1977,27-Feb-00,24:00:00,1352.628333,0.000701,340.046479,332.116637,0.019514,0.019514,1.0,0.000737,1005.062516,987.354466,0.004721,0.004721,1.0
1978,28-Feb-00,24:00:00,1840.333333,0.00074,723.291123,696.844641,0.022492,0.022492,1.0,0.000752,1120.492861,1066.099607,0.029303,0.029303,1.0
1979,29-Feb-00,24:00:00,996.219742,0.000906,269.312533,269.312533,0.0,0.0,1.0,0.000738,722.480365,719.756304,0.0,0.0,1.0
1980,01-Mar-00,24:00:00,877.532766,0.000646,318.540912,313.122443,0.00663,0.00663,1.0,0.000661,559.383384,549.225392,0.006497,0.006497,1.0
1981,02-Mar-00,24:00:00,688.059858,0.001026,223.202082,223.202082,0.0,0.0,1.0,0.001003,463.585729,462.744982,0.0,0.0,1.0
1982,03-Mar-00,24:00:00,690.939656,0.000312,269.394221,260.375554,0.013909,0.013909,1.0,0.000461,423.764905,413.37245,0.016949,0.016949,1.0
1983,04-Mar-00,24:00:00,966.862529,0.00048,286.224147,283.875153,0.0,0.0,1.0,0.000432,679.077316,660.981154,0.0,0.0,1.0
1984,05-Mar-00,24:00:00,553.415667,0.000714,174.942666,174.942666,0.0,0.0,1.0,0.000777,377.246186,377.043742,0.0,0.0,1.0
1985,06-Mar-00,24:00:00,650.439579,0.000383,288.851353,272.170916,0.023636,0.023636,1.0,0.00036,364.480212,349.978903,0.020481,0.020481,1.0
1986,07-Mar-00,24:00:00,1398.181725,0.000261,540.947214,516.978268,0.027285,0.027285,1.0,0.00032,860.417489,813.033984,0.028749,0.028749,1.0
1987,08-Mar-00,24:00:00,1660.987083,0.000714,521.29634,504.076611,0.019887,0.019887,1.0,0.00084,1137.353478,1093.778758,0.014003,0.014003,1.0
1988,09-Mar-00,24:00:00,712.329283,0.000542,191.509133,191.373829,0.001654,0.001654,1.0,0.000497,517.683596,515.473102,0.004665,0.004665,1.0
1989,10-Mar-00,24:00:00,614.75246,0.001034,188.130999,186.91438,0.0,0.0,1.0,0.000993,426.291611,419.147239,0.0,0.0,1.0
1990,11-Mar-00,24:00:00,466.240975,0.001239,152.842961,152.842961,0.0,0.0,1.0,0.001308,312.801268,312.67721,0.0,0.0,1.0
1991,12-Mar-00,24:00:00,404.706373,0.001165,137.782209,137.782209,0.0,0.0,1.0,0.001338,266.697101,266.697101,0.0,0.0,1.0
1992,13-Mar-00,24:00:00,364.747866,0.001226,124.450902,124.450902,0.0,0.0,0.999379,0.001333,240.117082,240.117082,0.0,0.0,0.999061
1993,14-Mar-00,24:00:00,330.130744,0.001758,112.62684,112.62684,0.0,0.0,0.995754,0.001629,217.345687,217.345687,0.0,0.0,0.994837
1994,15-Mar-00,24:00:00,299.45764,0.001648,102.139612,102.139612,0.0,0.0,0.989805,0.001381,197.178096,197.178096,0.0,0.0,0.989564
1995,16-Mar-00,24:00:00,272.25272,0.001741,92.838078,92.838078,0.0,0.0,0.983982,0.001506,179.29081,179.29081,0.0,0.0,0.984616
1996,17-Mar-00,24:00:00,248.122941,0.001706,84.588188,84.588188,0.0,0.0,0.977927,0.001587,163.425126,163.425126,0.0,0.0,0.979305
1997,18-Mar-00,24:00:00,226.720604,0.0015,77.27105,77.27105,0.0,0.0,0.972661,0.001366,149.35247,149.35247,0.0,0.0,0.974274
1998,19-Mar-00,24:00:00,207.737356,0.001873,70.781216,70.781216,0.0,0.0,0.966664,0.001435,136.870137,136.870137,0.0,0.0,0.96938
1999,20-Mar-00,24:00:00,190.899714,0.002197,65.025162,65.025162,0.0,0.0,0.959501,0.001603,125.798345,125.798345,0.0,0.0,0.964217
2000,21-Mar-00,24:00:00,175.96512,0.001349,59.919938,59.919938,0.0,0.0,0.953487,0.001526,115.97764,115.97764,0.0,0.0,0.958917
2001,22-Mar-00,24:00:00,162.718445,0.001218,55.391973,55.391973,0.0,0.0,0.949109,0.001278,107.266596,107.266596,0.0,0.0,0.953959
2002,23-Mar-00,24:00:00,150.968887,0.001082,51.376016,51.376016,0.0,0.0,0.945259,0.001307,99.539781,99.539781,0.0,0.0,0.94959
2003,24-Mar-00,24:00:00,140.547218,0.001033,47.814194,47.814194,0.0,0.0,0.941606,0.001325,92.685944,92.685944,0.0,0.0,0.945093
2004,25-Mar-00,24:00:00,131.303346,0.001207,44.655176,44.655176,0.0,0.0,0.937765,0.001485,86.606414,86.606414,0.0,0.0,0.9403
2005,26-Mar-00,24:00:00,123.104152,0.001246,41.853436,41.853436,0.0,0.0,0.933709,0.001146,81.213676,81.213676,0.0,0.0,0.935784
2006,27-Mar-00,24:00:00,115.831566,0.001175,39.368597,39.368597,0.0,0.0,0.929357,0.001233,76.430112,76.430112,0.0,0.0,0.931613
2007,28-Mar-00,24:00:00,109.380871,0.00153,37.164844,37.164844,0.0,0.0,0.924778,0.001505,72.186876,72.186876,0.0,0.0,0.927023
2008,29-Mar-00,24:00:00,103.659188,0.002056,35.210415,35.210415,0.0,0.0,0.918972,0.00173,68.42291,68.42291,0.0,0.0,0.921464
2009,30-Mar-00,24:00:00,98.584141,0.002631,33.477135,33.477135,0.0,0.0,0.910123,0.001714,65.084058,65.084058,0.0,0.0,0.915579
2010,31-Mar-00,24:00:00,94.082666,0.002205,31.940018,31.940018,0.0,0.0,0.902614,0.00178,62.122287,62.122287,0.0,0.0,0.909523
2011,01-Apr-00,24:00:00,90.089961,0.001941,30.576902,30.576902,0.0,0.0,0.895288,0.001979,59.494993,59.494993,0.0,0.0,0.903048
2012,02-Apr-00,24:00:00,86.548551,0.001639,29.368129,29.368129,0.0,0.0,0.888952,0.002221,57.164391,57.164391,0.0,0.0,0.896125
2013,03-Apr-00,24:00:00,83.407457,0.001007,28.296265,28.296265,0.0,0.0,0.884544,0.001484,55.096967,55.096967,0.0,0.0,0.889593
2014,04-Apr-00,24:00:00,80.621464,0.000936,27.345847,27.345847,0.0,0.0,0.881215,0.00167,53.262995,53.262995,0.0,0.0,0.884183
2015,05-Apr-00,24:00:00,78.150468,0.001254,26.503158,26.503158,0.0,0.0,0.877461,0.001748,51.63611,51.63611,0.0,0.0,0.878329
2016,06-Apr-00,24:00:00,75.9589,0.001325,25.756034,25.756034,0.0,0.0,0.873106,0.001954,50.192928,50.192928,0.0,0.0,0.872018
2017,07-Apr-00,24:00:00,74.015211,0.001022,25.093685,25.093685,0.0,0.0,0.869035,0.001279,48.912708,48.912708,0.0,0.0,0.866391
2018,08-Apr-00,24:00:00,72.291416,0.001564,24.50654,24.50654,0.0,0.0,0.864542,0.001494,47.777052,47.777052,0.0,0.0,0.86167
2019,09-Apr-00,24:00:00,70.762697,0.001742,23.986111,23.986111,0.0,0.0,0.858885,0.001847,46.769643,46.769643,0.0,0.0,0.855967
2020,10-Apr-00,24:00:00,69.407038,0.001358,23.524869,23.524869,0.0,0.0,0.853673,0.001407,45.876009,45.876009,0.0,0.0,0.850394
2021,11-Apr-00,24:00:00,73.481389,0.001164,28.079951,23.116135,0.012564,0.0,0.854908,0.001007,45.440691,45.083312,0.00546,0.0,0.847736
2022,12-Apr-00,24:00:00,99.738141,0.001107,36.974028,22.753986,0.01091,0.0,0.923394,0.001157,62.733985,44.380166,0.005898,0.0,0.882534
2023,13-Apr-00,24:00:00,69.884868,0.000986,23.014149,22.433167,0.000711,0.0,0.929987,0.001205,46.853086,43.75647,0.00163,0.0,0.888217
2024,14-Apr-00,24:00:00,65.542095,0.000696,22.149019,22.149019,0.0,0.0,0.930495,0.001095,43.38309,43.203266,0.0,0.0,0.889348
2025,15-Apr-00,24:00:00,2523.262862,0.000481,1706.795282,333.2882,0.074753,0.054481,0.976017,0.000377,840.346584,162.846143,0.076174,0.0439,0.953934
2026,16-Apr-00,24:00:00,3351.925417,0.001206,898.074642,620.823348,0.021907,0.021907,1.0,0.001293,2436.478333,1281.394981,0.022411,0.022411,1.0
2027,17-Apr-00,24:00:00,568.927971,0.001301,103.698147,103.698147,0.0,0.0,1.0,0.001268,459.320811,445.64638,0.0,0.0,1.0
2028,18-Apr-00,24:00:00,275.997702,0.001637,91.647433,91.647433,0.0,0.0,1.0,0.001318,183.865841,183.865841,0.0,0.0,1.0
2029,19-Apr-00,24:00:00,238.29,0.001863,83.538349,83.538349,0.0,0.0,0.997586,0.001734,154.635028,154.635028,0.0,0.0,0.997898
2030,20-Apr-00,24:00:00,217.492074,0.001913,76.347254,76.347254,0.0,0.0,0.991416,0.002027,141.054543,141.054543,0.0,0.0,0.991886
2031,21-Apr-00,24:00:00,199.533923,0.00139,69.96986,69.96986,0.0,0.0,0.985821,0.00138,129.48451,129.48451,0.0,0.0,0.98612
2032,22-Apr-00,24:00:00,183.622573,0.001936,64.314167,64.314167,0.0,0.0,0.980096,0.001688,119.237924,119.237924,0.0,0.0,0.980711
2033,23-Apr-00,24:00:00,169.511764,0.001928,59.298579,59.298579,0.0,0.0,0.9734,0.002042,110.150717,110.150717,0.0,0.0,0.974502
2034,24-Apr-00,24:00:00,156.99751,0.001797,54.850724,54.850724,0.0,0.0,0.966965,0.001547,102.091409,102.091409,0.0,0.0,0.968198
2035,25-Apr-00,24:00:00,145.899294,0.002218,50.906417,50.906417,0.0,0.0,0.960213,0.002241,94.94378,94.94378,0.0,0.0,0.961843
2036,26-Apr-00,24:00:00,136.057023,0.001324,47.408728,47.408728,0.0,0.0,0.954151,0.000972,88.604759,88.604759,0.0,0.0,0.956206
2037,27-Apr-00,24:00:00,127.328704,0.001777,44.307164,44.307164,0.0,0.0,0.948794,0.001548,82.982931,82.982931,0.0,0.0,0.951845
2038,28-Apr-00,24:00:00,119.588404,0.001979,41.556944,41.556944,0.0,0.0,0.942276,0.001968,77.997219,77.997219,0.0,0.0,0.945913
2039,29-Apr-00,24:00:00,112.724426,0.002071,39.118347,39.118347,0.0,0.0,0.935398,0.00223,73.57571,73.57571,0.0,0.0,0.938774
2040,30-Apr-00,24:00:00,106.637706,0.001768,36.956145,36.956145,0.0,0.0,0.928855,0.001641,69.654624,69.654624,0.0,0.0,0.931852
2041,01-May-00,24:00:00,101.24038,0.001448,35.039093,35.039093,0.0,0.0,0.923334,0.001685,66.177394,66.177394,0.0,0.0,0.926354
2042,02-May-00,24:00:00,96.454516,0.001919,33.339479,33.339479,0.0,0.0,0.917529,0.00192,63.093845,63.093845,0.0,0.0,0.920186
2043,03-May-00,24:00:00,92.210998,0.002018,31.832723,31.832723,0.0,0.0,0.910791,0.001851,60.359478,60.359478,0.0,0.0,0.913762
2044,04-May-00,24:00:00,88.448522,0.001774,30.497026,30.497026,0.0,0.0,0.904118,0.001687,57.934824,57.934824,0.0,0.0,0.907507
2045,05-May-00,24:00:00,85.112716,0.001175,29.313051,29.313051,0.0,0.0,0.898903,0.000696,55.784877,55.784877,0.0,0.0,0.903277
2046,06-May-00,24:00:00,100.112551,0.000414,37.181235,28.26365,0.017253,0.0,0.920165,0.000687,63.138876,53.878588,0.01312,0.0,0.916654
2047,07-May-00,24:00:00,97.701389,0.001428,32.515918,27.333613,0.0,0.0,0.956123,0.001746,64.961248,52.188418,0.0,0.0,0.947073
2048,08-May-00,24:00:00,77.393713,0.001263,26.509447,26.509447,0.0,0.0,0.956123,0.001064,50.865844,50.689944,0.0,0.0,0.947073
2049,09-May-00,24:00:00,75.149834,0.001477,25.779188,25.779188,0.0,0.0,0.956123,0.001149,49.3615,49.3615,0.0,0.0,0.947073
2050,10-May-00,24:00:00,73.324204,0.00195,25.132223,25.132223,0.0,0.0,0.952931,0.001739,48.183872,48.183872,0.0,0.0,0.944753
2051,11-May-00,24:00:00,71.706344,0.001839,24.559137,24.559137,0.0,0.0,0.946424,0.001673,47.140017,47.140017,0.0,0.0,0.939173
2052,12-May-00,24:00:00,70.272776,0.001702,24.051583,24.051583,0.0,0.0,0.940369,0.001453,46.21482,46.21482,0.0,0.0,0.934025
2053,13-May-00,24:00:00,232.369144,0.000523,160.426368,133.008805,0.037071,0.018716,0.968996,0.000656,72.661931,49.270378,0.024445,0.00414,0.959695
2054,14-May-00,24:00:00,289.178136,0.001293,142.821861,139.942446,0.0,0.0,1.0,0.001139,146.00281,128.164859,0.0,0.0,1.0
2055,15-May-00,24:00:00,109.62683,0.001666,42.084422,42.084422,0.0,0.0,1.0,0.001577,67.242728,67.091541,0.0,0.0,1.0
2056,16-May-00,24:00:00,91.696681,0.001978,39.534559,39.534559,0.0,0.0,0.999059,0.001971,52.132582,52.132582,0.0,0.0,0.999455
2057,17-May-00,24:00:00,87.350358,0.002327,37.337315,37.337315,0.0,0.0,0.993575,0.002444,50.002658,50.002658,0.0,0.0,0.994383
2058,18-May-00,24:00:00,84.131866,0.002379,35.389307,35.389307,0.0,0.0,0.985503,0.002175,48.733985,48.733985,0.0,0.0,0.986297
2059,19-May-00,24:00:00,81.302353,0.002528,33.662347,33.662347,0.0,0.0,0.977172,0.002396,47.632425,47.632425,0.0,0.0,0.978465
2060,20-May-00,24:00:00,78.794984,0.002809,32.131441,32.131441,0.0,0.0,0.96804,0.00276,46.656823,46.656823,0.0,0.0,0.96976
2061,21-May-00,24:00:00,76.572636,0.002421,30.774424,30.774424,0.0,0.0,0.959119,0.002742,45.792256,45.792256,0.0,0.0,0.96043
2062,22-May-00,24:00:00,74.603067,0.002648,29.571635,29.571635,0.0,0.0,0.950136,0.002691,45.026153,45.026153,0.0,0.0,0.951006
2063,23-May-00,24:00:00,72.857697,0.001825,28.505635,28.505635,0.0,0.0,0.942697,0.002771,44.347386,44.347386,0.0,0.0,0.941855
2064,24-May-00,24:00:00,71.311182,0.002848,27.560958,27.560958,0.0,0.0,0.934998,0.002597,43.74608,43.74608,0.0,0.0,0.932238
2065,25-May-00,24:00:00,69.941038,0.002343,26.723887,26.723887,0.0,0.0,0.925698,0.002392,43.21348,43.21348,0.0,0.0,0.923853
2066,26-May-00,24:00:00,68.727327,0.002242,25.982255,25.982255,0.0,0.0,0.917927,0.002371,42.74182,42.74182,0.0,0.0,0.915652
2067,27-May-00,24:00:00,67.65236,0.002437,25.325272,25.325272,0.0,0.0,0.910153,0.002072,42.32421,42.32421,0.0,0.0,0.908132
2068,28-May-00,24:00:00,66.700452,0.00253,24.743364,24.743364,0.0,0.0,0.901553,0.002378,41.95454,41.95454,0.0,0.0,0.900487
2069,29-May-00,24:00:00,65.857687,0.002509,24.228043,24.228043,0.0,0.0,0.892928,0.002364,41.627389,41.627389,0.0,0.0,0.892312
2070,30-May-00,24:00:00,65.111725,0.002707,23.77178,23.77178,0.0,0.0,0.883647,0.002401,41.33795,41.33795,0.0,0.0,0.884156
2071,31-May-00,24:00:00,64.451618,0.002586,23.367896,23.367896,0.0,0.0,0.874772,0.002773,41.081958,41.081958,0.0,0.0,0.875491
2072,01-Jun-00,24:00:00,63.867656,0.001764,23.010466,23.010466,0.0,0.0,0.867368,0.002457,40.855631,40.855631,0.0,0.0,0.866354
2073,02-Jun-00,24:00:00,63.351227,0.001731,22.694238,22.694238,0.0,0.0,0.86137,0.002634,40.655611,40.655611,0.0,0.0,0.857675
2074,03-Jun-00,24:00:00,62.894692,0.001614,22.414552,22.414552,0.0,0.0,0.855624,0.00238,40.478923,40.478923,0.0,0.0,0.849075
2075,04-Jun-00,24:00:00,62.491273,0.002018,22.167272,22.167272,0.0,0.0,0.849293,0.002092,40.322927,40.322927,0.0,0.0,0.841387
2076,05-Jun-00,24:00:00,62.134959,0.002505,21.948733,21.948733,0.0,0.0,0.841632,0.002367,40.185278,40.185278,0.0,0.0,0.833746
2077,06-Jun-00,24:00:00,61.82042,0.001077,21.755684,21.755684,0.0,0.0,0.835221,0.001262,40.063901,40.063901,0.0,0.0,0.827199
2078,07-Jun-00,24:00:00,67.744556,0.001585,22.952742,21.585239,0.001673,0.0,0.838326,0.001719,44.799166,39.956949,0.002996,0.0,0.834078
2079,08-Jun-00,24:00:00,61.535302,0.002008,21.434839,21.434839,0.0,0.0,0.839043,0.001903,40.091707,39.862789,0.0,0.0,0.835294
2080,09-Jun-00,24:00:00,61.082753,0.002386,21.302215,21.302215,0.0,0.0,0.836576,0.002018,39.779969,39.779969,0.0,0.0,0.833367
2081,10-Jun-00,24:00:00,60.893055,0.002204,21.185354,21.185354,0.0,0.0,0.829334,0.001925,39.707201,39.707201,0.0,0.0,0.827348
2082,11-Jun-00,24:00:00,60.726252,0.00262,21.08247,21.08247,0.0,0.0,0.821365,0.002116,39.643343,39.643343,0.0,0.0,0.820487
2083,12-Jun-00,24:00:00,60.579745,0.003845,20.991979,20.991979,0.0,0.0,0.810293,0.003075,39.587382,39.587382,0.0,0.0,0.811727
2084,13-Jun-00,24:00:00,60.451228,0.003349,20.912475,20.912475,0.0,0.0,0.797587,0.00299,39.538417,39.538417,0.0,0.0,0.80126
2085,14-Jun-00,24:00:00,60.338656,0.00265,20.842713,20.842713,0.0,0.0,0.78728,0.002945,39.495651,39.495651,0.0,0.0,0.791024
2086,15-Jun-00,24:00:00,60.240215,0.002087,20.781585,20.781585,0.0,0.0,0.77919,0.002964,39.458375,39.458375,0.0,0.0,0.780915
2087,16-Jun-00,24:00:00,60.154293,0.001137,20.728111,20.728111,0.0,0.0,0.773685,0.002354,39.425961,39.425961,0.0,0.0,0.771749
2088,17-Jun-00,24:00:00,60.079462,0.001122,20.681421,20.681421,0.0,0.0,0.769802,0.001975,39.39785,39.39785,0.0,0.0,0.764484
2089,18-Jun-00,24:00:00,60.014455,0.002201,20.640742,20.640742,0.0,0.0,0.764244,0.002597,39.373548,39.373548,0.0,0.0,0.756487
2090,19-Jun-00,24:00:00,59.958145,0.002467,20.605389,20.605389,0.0,0.0,0.756177,0.002948,39.352614,39.352614,0.0,0.0,0.74707
2091,20-Jun-00,24:00:00,59.909534,0.002319,20.574755,20.574755,0.0,0.0,0.747994,0.002808,39.334658,39.334658,0.0,0.0,0.737139
2092,21-Jun-00,24:00:00,59.867736,0.00188,20.548299,20.548299,0.0,0.0,0.740821,0.002757,39.319333,39.319333,0.0,0.0,0.727554
2093,22-Jun-00,24:00:00,59.831965,0.001805,20.525545,20.525545,0.0,0.0,0.734477,0.002626,39.306332,39.306332,0.0,0.0,0.718429
2094,23-Jun-00,24:00:00,59.801521,0.00176,20.506066,20.506066,0.0,0.0,0.728376,0.002593,39.295382,39.295382,0.0,0.0,0.709406
2095,24-Jun-00,24:00:00,59.775786,0.002,20.489486,20.489486,0.0,0.0,0.721977,0.002826,39.286239,39.286239,0.0,0.0,0.700237
2096,25-Jun-00,24:00:00,59.754208,0.002172,20.475471,20.475471,0.0,0.0,0.714839,0.002883,39.278687,39.278687,0.0,0.0,0.690448
2097,26-Jun-00,24:00:00,59.736299,0.002174,20.463723,20.463723,0.0,0.0,0.707376,0.002908,39.272535,39.272535,0.0,0.0,0.68048
2098,27-Jun-00,24:00:00,59.721624,0.001948,20.45398,20.45398,0.0,0.0,0.700296,0.002868,39.267612,39.267612,0.0,0.0,0.670591
2099,28-Jun-00,24:00:00,59.709799,0.001502,20.446007,20.446007,0.0,0.0,0.69435,0.00294,39.263768,39.263768,0.0,0.0,0.66081
2100,29-Jun-00,24:00:00,59.700481,0.001926,20.439597,20.439597,0.0,0.0,0.688474,0.002809,39.260867,39.260867,0.0,0.0,0.65087
2101,30-Jun-00,24:00:00,59.693366,0.002165,20.434565,20.434565,0.0,0.0,0.681544,0.002661,39.258789,39.258789,0.0,0.0,0.64139
2102,01-Jul-00,24:00:00,59.688183,0.001935,20.430747,20.430747,0.0,0.0,0.67443,0.002338,39.257428,39.257428,0.0,0.0,0.632766
2103,02-Jul-00,24:00:00,59.684692,0.00211,20.427999,20.427999,0.0,0.0,0.667576,0.002097,39.256689,39.256689,0.0,0.0,0.625199
2104,03-Jul-00,24:00:00,59.682679,0.00235,20.426192,20.426192,0.0,0.0,0.659829,0.002278,39.256487,39.256487,0.0,0.0,0.617662
2105,04-Jul-00,24:00:00,59.681954,0.002043,20.42521,20.42521,0.0,0.0,0.652273,0.002057,39.256748,39.256748,0.0,0.0,0.610136
2106,05-Jul-00,24:00:00,59.682349,0.002066,20.424951,20.424951,0.0,0.0,0.645172,0.001811,39.257404,39.257404,0.0,0.0,0.603477
2107,06-Jul-00,24:00:00,59.683713,0.001697,20.425326,20.425326,0.0,0.0,0.638768,0.001877,39.258395,39.258395,0.0,0.0,0.597234
2108,07-Jul-00,24:00:00,59.685912,0.00171,20.426253,20.426253,0.0,0.0,0.63302,0.002316,39.259669,39.259669,0.0,0.0,0.590031
2109,08-Jul-00,24:00:00,59.688827,0.002245,20.427661,20.427661,0.0,0.0,0.626205,0.002656,39.261177,39.261177,0.0,0.0,0.581537
2110,09-Jul-00,24:00:00,59.692352,0.001824,20.429487,20.429487,0.0,0.0,0.619193,0.002608,39.262877,39.262877,0.0,0.0,0.572616
2111,10-Jul-00,24:00:00,59.696392,0.001776,20.431674,20.431674,0.0,0.0,0.613053,0.002768,39.264732,39.264732,0.0,0.0,0.563307
2112,11-Jul-00,24:00:00,59.700863,0.001248,20.434171,20.434171,0.0,0.0,0.60785,0.002271,39.266707,39.266707,0.0,0.0,0.554745
2113,12-Jul-00,24:00:00,59.70569,0.001638,20.436934,20.436934,0.0,0.0,0.602975,0.001995,39.268771,39.268771,0.0,0.0,0.547447
2114,13-Jul-00,24:00:00,59.710805,0.002119,20.439923,20.439923,0.0,0.0,0.59657,0.002516,39.270899,39.270899,0.0,0.0,0.539645
2115,14-Jul-00,24:00:00,59.71615,0.001796,20.443102,20.443102,0.0,0.0,0.589775,0.002608,39.273064,39.273064,0.0,0.0,0.530939
2116,15-Jul-00,24:00:00,59.721669,0.001353,20.446439,20.446439,0.0,0.0,0.584323,0.001591,39.275246,39.275246,0.0,0.0,0.523436
2117,16-Jul-00,24:00:00,59.727316,0.001298,20.449908,20.449908,0.0,0.0,0.579844,0.001799,39.277424,39.277424,0.0,0.0,0.517824
2118,17-Jul-00,24:00:00,59.733047,0.00241,20.453481,20.453481,0.0,0.0,0.573577,0.002372,39.279582,39.279582,0.0,0.0,0.51081
2119,18-Jul-00,24:00:00,59.738824,0.002513,20.457137,20.457137,0.0,0.0,0.565066,0.00261,39.281702,39.281702,0.0,0.0,0.502384
2120,19-Jul-00,24:00:00,59.744612,0.002145,20.460856,20.460856,0.0,0.0,0.55709,0.002805,39.283771,39.283771,0.0,0.0,0.492986
2121,20-Jul-00,24:00:00,59.75038,0.001985,20.464619,20.464619,0.0,0.0,0.550075,0.002722,39.285776,39.285776,0.0,0.0,0.483471
2122,21-Jul-00,24:00:00,59.756102,0.002161,20.468411,20.468411,0.0,0.0,0.543023,0.002725,39.287704,39.287704,0.0,0.0,0.47425
2123,22-Jul-00,24:00:00,59.761751,0.002591,20.472218,20.472218,0.0,0.0,0.534788,0.002718,39.289546,39.289546,0.0,0.0,0.464799
2124,23-Jul-00,24:00:00,59.767305,0.002568,20.476026,20.476026,0.0,0.0,0.525885,0.002824,39.291291,39.291291,0.0,0.0,0.455374
2125,24-Jul-00,24:00:00,59.772744,0.002582,20.479824,20.479824,0.0,0.0,0.517194,0.003065,39.292931,39.292931,0.0,0.0,0.44552
2126,25-Jul-00,24:00:00,59.778049,0.002486,20.483602,20.483602,0.0,0.0,0.508352,0.002716,39.294458,39.294458,0.0,0.0,0.43516
2127,26-Jul-00,24:00:00,59.783204,0.002256,20.48735,20.48735,0.0,0.0,0.50028,0.002653,39.295864,39.295864,0.0,0.0,0.426142
2128,27-Jul-00,24:00:00,59.788194,0.002522,20.49106,20.49106,0.0,0.0,0.492115,0.002682,39.297143,39.297143,0.0,0.0,0.416964
2129,28-Jul-00,24:00:00,59.793005,0.002356,20.494725,20.494725,0.0,0.0,0.483647,0.002748,39.298288,39.298288,0.0,0.0,0.407644
2130,29-Jul-00,24:00:00,59.797625,0.002191,20.498338,20.498338,0.0,0.0,0.475982,0.002154,39.299294,39.299294,0.0,0.0,0.399155
2131,30-Jul-00,24:00:00,59.802042,0.00263,20.501892,20.501892,0.0,0.0,0.467709,0.002999,39.300156,39.300156,0.0,0.0,0.39049
2132,31-Jul-00,24:00:00,59.806246,0.002666,20.505381,20.505381,0.0,0.0,0.458557,0.002566,39.30087,39.30087,0.0,0.0,0.380705
2133,01-Aug-00,24:00:00,59.810228,0.002572,20.508802,20.508802,0.0,0.0,0.449569,0.002884,39.301429,39.301429,0.0,0.0,0.371545
2134,02-Aug-00,24:00:00,59.813979,0.002067,20.51215,20.51215,0.0,0.0,0.441453,0.002684,39.301832,39.301832,0.0,0.0,0.361982
2135,03-Aug-00,24:00:00,59.817491,0.001874,20.51542,20.51542,0.0,0.0,0.434891,0.002508,39.302072,39.302072,0.0,0.0,0.353049
2136,04-Aug-00,24:00:00,59.820756,0.002174,20.518608,20.518608,0.0,0.0,0.427988,0.002672,39.302148,39.302148,0.0,0.0,0.344288
2137,05-Aug-00,24:00:00,59.823768,0.002121,20.521711,20.521711,0.0,0.0,0.420632,0.002574,39.302056,39.302056,0.0,0.0,0.335238
2138,06-Aug-00,24:00:00,59.826521,0.001624,20.524727,20.524727,0.0,0.0,0.414103,0.002344,39.301792,39.301792,0.0,0.0,0.326769
2139,07-Aug-00,24:00:00,59.829009,0.001473,20.527651,20.527651,0.0,0.0,0.408868,0.002031,39.301354,39.301354,0.0,0.0,0.31924
2140,08-Aug-00,24:00:00,59.831226,0.001684,20.530482,20.530482,0.0,0.0,0.403427,0.001914,39.300739,39.300739,0.0,0.0,0.312422
2141,09-Aug-00,24:00:00,59.833168,0.001478,20.533217,20.533217,0.0,0.0,0.398017,0.001973,39.299944,39.299944,0.0,0.0,0.30578
2142,10-Aug-00,24:00:00,59.834829,0.0025,20.535854,20.535854,0.0,0.0,0.391255,0.002452,39.298968,39.298968,0.0,0.0,0.298177
2143,11-Aug-00,24:00:00,59.836206,0.002507,20.53839,20.53839,0.0,0.0,0.382599,0.002595,39.297807,39.297807,0.0,0.0,0.289639
2144,12-Aug-00,24:00:00,59.837294,0.002454,20.540825,20.540825,0.0,0.0,0.374126,0.002669,39.296459,39.296459,0.0,0.0,0.280652
2145,13-Aug-00,24:00:00,59.83809,0.002548,20.543155,20.543155,0.0,0.0,0.365582,0.002585,39.294923,39.294923,0.0,0.0,0.271601
2146,14-Aug-00,24:00:00,59.838589,0.002436,20.54538,20.54538,0.0,0.0,0.357011,0.002486,39.293196,39.293196,0.0,0.0,0.262845
2147,15-Aug-00,24:00:00,59.838789,0.002565,20.547497,20.547497,0.0,0.0,0.348474,0.002602,39.291277,39.291277,0.0,0.0,0.254195
2148,16-Aug-00,24:00:00,59.838686,0.002628,20.549506,20.549506,0.0,0.0,0.339629,0.002802,39.289163,39.289163,0.0,0.0,0.245117
2149,17-Aug-00,24:00:00,59.838276,0.002516,20.551405,20.551405,0.0,0.0,0.330784,0.00242,39.286854,39.286854,0.0,0.0,0.235878
2150,18-Aug-00,24:00:00,59.837559,0.002224,20.553193,20.553193,0.0,0.0,0.322529,0.002409,39.284347,39.284347,0.0,0.0,0.227604
2151,19-Aug-00,24:00:00,59.836529,0.002255,20.554868,20.554868,0.0,0.0,0.314865,0.002252,39.281641,39.281641,0.0,0.0,0.219557
2152,20-Aug-00,24:00:00,59.835185,0.002196,20.55643,20.55643,0.0,0.0,0.307172,0.002283,39.278734,39.278734,0.0,0.0,0.211789
2153,21-Aug-00,24:00:00,59.833525,0.001565,20.557877,20.557877,0.0,0.0,0.300699,0.0023,39.275624,39.275624,0.0,0.0,0.203972
2154,22-Aug-00,24:00:00,59.831546,0.001278,20.559209,20.559209,0.0,0.0,0.295859,0.001785,39.272312,39.272312,0.0,0.0,0.196905
2155,23-Aug-00,24:00:00,59.829245,0.002178,20.560424,20.560424,0.0,0.0,0.290029,0.002181,39.268795,39.268795,0.0,0.0,0.190101
2156,24-Aug-00,24:00:00,59.826621,0.002374,20.561522,20.561522,0.0,0.0,0.282212,0.00242,39.265071,39.265071,0.0,0.0,0.182361
2157,25-Aug-00,24:00:00,59.823671,0.00185,20.562501,20.562501,0.0,0.0,0.274914,0.002137,39.26114,39.26114,0.0,0.0,0.174477
2158,26-Aug-00,24:00:00,59.820393,0.001665,20.563361,20.563361,0.0,0.0,0.268907,0.002275,39.257001,39.257001,0.0,0.0,0.166903
2159,27-Aug-00,24:00:00,59.816786,0.00163,20.564102,20.564102,0.0,0.0,0.263202,0.002253,39.252651,39.252651,0.0,0.0,0.159112
2160,28-Aug-00,24:00:00,59.812848,0.000951,20.564722,20.564722,0.0,0.0,0.258681,0.001229,39.248092,39.248092,0.0,0.0,0.152931
2161,29-Aug-00,24:00:00,59.808576,0.001217,20.565221,20.565221,0.0,0.0,0.254928,0.001038,39.24332,39.24332,0.0,0.0,0.149069
2162,30-Aug-00,24:00:00,59.80397,0.001296,20.565598,20.565598,0.0,0.0,0.250676,0.001469,39.238335,39.238335,0.0,0.0,0.144823
2163,31-Aug-00,24:00:00,69.217197,0.000674,21.477274,20.565852,0.001115,0.0,0.250805,0.000963,47.771338,39.233137,0.005599,0.0,0.155576
2164,01-Sep-00,24:00:00,60.765428,0.001212,20.565983,20.565983,0.0,0.0,0.252079,0.001428,40.1679,39.227723,0.0,0.0,0.161294
2165,02-Sep-00,24:00:00,59.788127,0.001821,20.565991,20.565991,0.0,0.0,0.252079,0.001702,39.222094,39.222094,0.0,0.0,0.161294
2166,03-Sep-00,24:00:00,59.782166,0.001839,20.565874,20.565874,0.0,0.0,0.250185,0.001686,39.216249,39.216249,0.0,0.0,0.158928
2167,04-Sep-00,24:00:00,59.775863,0.001975,20.565632,20.565632,0.0,0.0,0.244309,0.001753,39.210185,39.210185,0.0,0.0,0.153112
2168,05-Sep-00,24:00:00,59.769216,0.00229,20.565265,20.565265,0.0,0.0,0.237051,0.00206,39.203904,39.203904,0.0,0.0,0.146616
2169,06-Sep-00,24:00:00,59.762225,0.002336,20.564772,20.564772,0.0,0.0,0.22923,0.00193,39.197404,39.197404,0.0,0.0,0.139752
2170,07-Sep-00,24:00:00,59.754887,0.001988,20.564153,20.564153,0.0,0.0,0.221664,0.002166,39.190684,39.190684,0.0,0.0,0.13287
2171,08-Sep-00,24:00:00,59.747202,0.001869,20.563407,20.563407,0.0,0.0,0.215026,0.001986,39.183743,39.183743,0.0,0.0,0.125714
2172,09-Sep-00,24:00:00,59.739169,0.00163,20.562534,20.562534,0.0,0.0,0.209058,0.001892,39.176581,39.176581,0.0,0.0,0.118977
2173,10-Sep-00,24:00:00,59.730786,0.001839,20.561534,20.561534,0.0,0.0,0.203216,0.002108,39.169198,39.169198,0.0,0.0,0.11219
2174,11-Sep-00,24:00:00,59.722053,0.001974,20.560405,20.560405,0.0,0.0,0.196595,0.002039,39.161591,39.161591,0.0,0.0,0.105101
2175,12-Sep-00,24:00:00,59.712968,0.001976,20.559149,20.559149,0.0,0.0,0.189835,0.001635,39.153762,39.153762,0.0,0.0,0.098703
2176,13-Sep-00,24:00:00,59.703532,0.001573,20.557763,20.557763,0.0,0.0,0.183702,0.001518,39.145709,39.145709,0.0,0.0,0.093285
2177,14-Sep-00,24:00:00,59.693742,0.001586,20.556248,20.556248,0.0,0.0,0.178326,0.001667,39.137432,39.137432,0.0,0.0,0.087802
2178,15-Sep-00,24:00:00,59.683597,0.001625,20.554604,20.554604,0.0,0.0,0.17285,0.001903,39.12893,39.12893,0.0,0.0,0.08176
2179,16-Sep-00,24:00:00,59.673098,0.002066,20.552831,20.552831,0.0,0.0,0.166495,0.001869,39.120202,39.120202,0.0,0.0,0.075187
2180,17-Sep-00,24:00:00,59.662243,0.00221,20.550927,20.550927,0.0,0.0,0.159218,0.002004,39.111249,39.111249,0.0,0.0,0.068589
2181,18-Sep-00,24:00:00,59.651031,0.002197,20.548894,20.548894,0.0,0.0,0.151684,0.002075,39.10207,39.10207,0.0,0.0,0.061655
2182,19-Sep-00,24:00:00,59.639462,0.001822,20.546729,20.546729,0.0,0.0,0.144562,0.002087,39.092663,39.092663,0.0,0.0,0.054644
2183,20-Sep-00,24:00:00,59.627536,0.000408,20.544434,20.544434,0.0,0.0,0.140697,0.001069,39.08303,39.08303,0.0,0.0,0.048998
2184,21-Sep-00,24:00:00,59.615251,0.000795,20.542008,20.542008,0.0,0.0,0.138687,0.001069,39.073169,39.073169,0.0,0.0,0.045278
2185,22-Sep-00,24:00:00,59.602607,0.001635,20.539451,20.539451,0.0,0.0,0.134565,0.00157,39.063081,39.063081,0.0,0.0,0.040806
2186,23-Sep-00,24:00:00,59.589603,0.001528,20.536762,20.536762,0.0,0.0,0.129182,0.001489,39.052764,39.052764,0.0,0.0,0.035595
2187,24-Sep-00,24:00:00,59.576239,0.001743,20.533942,20.533942,0.0,0.0,0.123589,0.001744,39.042219,39.042219,0.0,0.0,0.030101
2188,25-Sep-00,24:00:00,59.562515,0.001654,20.53099,20.53099,0.0,0.0,0.117958,0.001911,39.031445,39.031445,0.0,0.0,0.023978
2189,26-Sep-00,24:00:00,59.54843,0.001095,20.527906,20.527906,0.0,0.0,0.11299,0.001482,39.020442,39.020442,0.0,0.0,0.017977
2190,27-Sep-00,24:00:00,59.533983,0.001052,20.52469,20.52469,0.0,0.0,0.109258,0.001325,39.009209,39.009209,0.0,0.0,0.013227
2191,28-Sep-00,24:00:00,59.519174,0.001436,20.521342,20.521342,0.0,0.0,0.105102,0.001783,38.997747,38.997747,0.0,0.0,0.007926
2192,29-Sep-00,24:00:00,59.504003,0.00168,20.517861,20.517861,0.0,0.0,0.099753,0.001456,38.986055,38.986055,0.0,0.0,0.002353
2193,30-Sep-00,24:00:00,59.488469,0.001635,20.514248,20.514248,0.0,0.0,0.093972,0.001867,38.974134,38.974134,0.0,0.0,0.0
2194,01-Oct-00,24:00:00,59.472573,0.001381,20.510502,20.510502,0.0,0.0,0.088912,0.001661,38.961982,38.961982,0.0,0.0,0.0
2195,02-Oct-00,24:00:00,59.456314,0.001153,20.506623,20.506623,0.0,0.0,0.084515,0.001494,38.949599,38.949599,0.0,0.0,0.0
2196,03-Oct-00,24:00:00,59.439691,0.001007,20.502611,20.502611,0.0,0.0,0.080806,0.001325,38.936986,38.936986,0.0,0.0,0.0
2197,04-Oct-00,24:00:00,59.422705,0.000985,20.498467,20.498467,0.0,0.0,0.077416,0.001433,38.924143,38.924143,0.0,0.0,0.0
2198,05-Oct-00,24:00:00,59.405355,0.000989,20.494189,20.494189,0.0,0.0,0.073993,0.001651,38.911069,38.911069,0.0,0.0,0.0
2199,06-Oct-00,24:00:00,59.387641,0.000661,20.489779,20.489779,0.0,0.0,0.071141,0.001168,38.897764,38.897764,0.0,0.0,0.0
2200,07-Oct-00,24:00:00,59.369564,0.001183,20.485235,20.485235,0.0,0.0,0.068023,0.001473,38.884228,38.884228,0.0,0.0,0.0
2201,08-Oct-00,24:00:00,59.351122,0.000718,20.480559,20.480559,0.0,0.0,0.064692,0.000846,38.870462,38.870462,0.0,0.0,0.0
2202,09-Oct-00,24:00:00,59.332316,0.000616,20.475749,20.475749,0.0,0.0,0.062331,0.000814,38.856464,38.856464,0.0,0.0,0.0
2203,10-Oct-00,24:00:00,59.313147,0.000588,20.470806,20.470806,0.0,0.0,0.060275,0.000665,38.842236,38.842236,0.0,0.0,0.0
2204,11-Oct-00,24:00:00,59.293613,0.000976,20.465729,20.465729,0.0,0.0,0.057645,0.000753,38.827777,38.827777,0.0,0.0,0.0
2205,12-Oct-00,24:00:00,59.273715,0.001226,20.46052,20.46052,0.0,0.0,0.053879,0.001228,38.813087,38.813087,0.0,0.0,0.0
2206,13-Oct-00,24:00:00,59.253454,0.001232,20.455178,20.455178,0.0,0.0,0.049665,0.001181,38.798166,38.798166,0.0,0.0,0.0
2207,14-Oct-00,24:00:00,59.232828,0.001026,20.449702,20.449702,0.0,0.0,0.045867,0.001074,38.783015,38.783015,0.0,0.0,0.0
2208,15-Oct-00,24:00:00,59.211839,0.00129,20.444093,20.444093,0.0,0.0,0.041869,0.001248,38.767632,38.767632,0.0,0.0,0.0
2209,16-Oct-00,24:00:00,59.190486,0.001236,20.438351,20.438351,0.0,0.0,0.037499,0.000997,38.752019,38.752019,0.0,0.0,0.0
2210,17-Oct-00,24:00:00,59.16877,0.001128,20.432477,20.432477,0.0,0.0,0.033444,0.001045,38.736176,38.736176,0.0,0.0,0.0
2211,18-Oct-00,24:00:00,59.14669,0.000961,20.426469,20.426469,0.0,0.0,0.029933,0.00118,38.720103,38.720103,0.0,0.0,0.0
2212,19-Oct-00,24:00:00,59.124248,0.000682,20.420328,20.420328,0.0,0.0,0.02712,0.000541,38.703799,38.703799,0.0,0.0,0.0
2213,20-Oct-00,24:00:00,59.101442,0.001812,20.414055,20.414055,0.0,0.0,0.023026,0.001347,38.687265,38.687265,0.0,0.0,0.0
2214,21-Oct-00,24:00:00,59.078274,0.002837,20.407649,20.407649,0.0,0.0,0.014781,0.001668,38.670502,38.670502,0.0,0.0,0.0
2215,22-Oct-00,24:00:00,59.054744,0.001702,20.40111,20.40111,0.0,0.0,0.006536,0.001081,38.653508,38.653508,0.0,0.0,0.0
2216,23-Oct-00,24:00:00,59.030851,0.0012,20.394439,20.394439,0.0,0.0,0.002123,0.001361,38.636286,38.636286,0.0,0.0,0.0
2217,24-Oct-00,24:00:00,105.664883,0.00026,43.342739,20.387635,0.035164,0.0,0.042948,0.000411,62.822186,38.618834,0.031415,0.0,0.032751
2218,25-Oct-00,24:00:00,152.444008,0.000464,54.117148,20.380699,0.038188,0.0,0.200291,0.00045,98.06689,38.601153,0.026135,0.0,0.155587
2219,26-Oct-00,24:00:00,89.480774,0.000849,28.717189,20.373631,0.006225,0.0,0.268492,0.000563,60.550642,38.583243,0.005291,0.0,0.212222
2220,27-Oct-00,24:00:00,129.166318,0.000174,47.604055,20.366431,0.033483,0.0,0.337438,0.000252,81.823289,38.565105,0.031383,0.0,0.276189
2221,28-Oct-00,24:00:00,120.451155,0.000695,39.978634,20.359099,0.023967,0.0,0.438871,0.000506,80.444926,38.546739,0.025197,0.0,0.368681
2222,29-Oct-00,24:00:00,81.554157,0.000567,25.067428,20.351636,0.005797,0.0,0.483504,0.00038,56.264988,38.528144,0.00444,0.0,0.421887
2223,30-Oct-00,24:00:00,60.143035,0.000919,20.460647,20.344041,0.0,0.0,0.489682,0.000661,39.64318,38.509322,0.0,0.0,0.424663
2224,31-Oct-00,24:00:00,58.833888,0.00079,20.336314,20.336314,0.0,0.0,0.489682,0.000606,38.496897,38.490273,0.0,0.0,0.424663
2225,01-Nov-00,24:00:00,58.799595,0.000902,20.328456,20.328456,0.0,0.0,0.489682,0.000887,38.470997,38.470997,0.0,0.0,0.424663
2226,02-Nov-00,24:00:00,58.772105,0.001578,20.320467,20.320467,0.0,0.0,0.489635,0.000802,38.451494,38.451494,0.0,0.0,0.424663
2227,03-Nov-00,24:00:00,58.744258,0.000603,20.312348,20.312348,0.0,0.0,0.488493,0.000693,38.431765,38.431765,0.0,0.0,0.424663
2228,04-Nov-00,24:00:00,58.716054,0.000724,20.304098,20.304098,0.0,0.0,0.486454,0.000783,38.41181,38.41181,0.0,0.0,0.424388
2229,05-Nov-00,24:00:00,58.687494,0.001071,20.295717,20.295717,0.0,0.0,0.483281,0.000843,38.391629,38.391629,0.0,0.0,0.422371
2230,06-Nov-00,24:00:00,58.658579,0.000878,20.287206,20.287206,0.0,0.0,0.479721,0.000688,38.371223,38.371223,0.0,0.0,0.419697
2231,07-Nov-00,24:00:00,58.62931,0.001062,20.278565,20.278565,0.0,0.0,0.476762,0.000854,38.350593,38.350593,0.0,0.0,0.417324
2232,08-Nov-00,24:00:00,58.599686,0.0007,20.269794,20.269794,0.0,0.0,0.473414,0.000624,38.329738,38.329738,0.0,0.0,0.414621
2233,09-Nov-00,24:00:00,58.569709,0.000606,20.260894,20.260894,0.0,0.0,0.471222,0.000476,38.30866,38.30866,0.0,0.0,0.412625
2234,10-Nov-00,24:00:00,58.539379,0.0006,20.251864,20.251864,0.0,0.0,0.469175,0.000449,38.287357,38.287357,0.0,0.0,0.411065
2235,11-Nov-00,24:00:00,58.508697,0.000761,20.242706,20.242706,0.0,0.0,0.466883,0.000566,38.265832,38.265832,0.0,0.0,0.409338
2236,12-Nov-00,24:00:00,58.477663,0.000198,20.233418,20.233418,0.0,0.0,0.465167,0.000129,38.244085,38.244085,0.0,0.0,0.408229
2237,13-Nov-00,24:00:00,58.446279,0.000318,20.224002,20.224002,0.0,0.0,0.464305,0.000306,38.222115,38.222115,0.0,0.0,0.408151
2238,14-Nov-00,24:00:00,58.414545,0.000391,20.214458,20.214458,0.0,0.0,0.463059,0.000239,38.199924,38.199924,0.0,0.0,0.408151
2239,15-Nov-00,24:00:00,58.382462,0.000661,20.204786,20.204786,0.0,0.0,0.462385,0.00041,38.177511,38.177511,0.0,0.0,0.408151
2240,16-Nov-00,24:00:00,58.35003,0.000612,20.194986,20.194986,0.0,0.0,0.462385,0.000485,38.154878,38.154878,0.0,0.0,0.408151
2241,17-Nov-00,24:00:00,58.317252,0.000557,20.185058,20.185058,0.0,0.0,0.462377,0.000441,38.132025,38.132025,0.0,0.0,0.408151
2242,18-Nov-00,24:00:00,58.284126,0.000549,20.175003,20.175003,0.0,0.0,0.46145,0.00036,38.108953,38.108953,0.0,0.0,0.4081
2243,19-Nov-00,24:00:00,58.250654,0.00063,20.164822,20.164822,0.0,0.0,0.459451,0.00055,38.085661,38.085661,0.0,0.0,0.407195
2244,20-Nov-00,24:00:00,58.216838,0.00014,20.154514,20.154514,0.0,0.0,0.458102,0.000245,38.062151,38.062151,0.0,0.0,0.405724
2245,21-Nov-00,24:00:00,58.182677,0.000538,20.144079,20.144079,0.0,0.0,0.456942,0.000446,38.038423,38.038423,0.0,0.0,0.404527
2246,22-Nov-00,24:00:00,58.148173,0.00019,20.133519,20.133519,0.0,0.0,0.455693,0.000311,38.014478,38.014478,0.0,0.0,0.403225
2247,23-Nov-00,24:00:00,58.113326,0.000275,20.122833,20.122833,0.0,0.0,0.454895,0.000431,37.990316,37.990316,0.0,0.0,0.401963
2248,24-Nov-00,24:00:00,58.078138,0.000373,20.112021,20.112021,0.0,0.0,0.453808,0.000306,37.965938,37.965938,0.0,0.0,0.40069
2249,25-Nov-00,24:00:00,58.04261,0.000348,20.101084,20.101084,0.0,0.0,0.452585,0.000473,37.941345,37.941345,0.0,0.0,0.399385
2250,26-Nov-00,24:00:00,58.006742,0.000198,20.090023,20.090023,0.0,0.0,0.451628,0.000146,37.916536,37.916536,0.0,0.0,0.398293
2251,27-Nov-00,24:00:00,57.970535,0.000251,20.078838,20.078838,0.0,0.0,0.450853,0.000544,37.891513,37.891513,0.0,0.0,0.397141
2252,28-Nov-00,24:00:00,109.421018,0.000478,33.142014,20.067528,0.015998,0.0,0.491107,0.00048,76.390691,37.866276,0.024708,0.0,0.460386
2253,29-Nov-00,24:00:00,81.972454,0.00035,27.597368,20.056095,0.009228,0.0,0.527358,0.000315,54.311823,37.840826,0.008642,0.0,0.501583
2254,30-Nov-00,24:00:00,59.367784,0.000424,20.044538,20.044538,0.0,0.0,0.536882,0.000346,39.274175,37.815164,0.0,0.0,0.510509
2255,01-Dec-00,24:00:00,57.822339,0.000506,20.032859,20.032859,0.0,0.0,0.536882,0.000468,37.78929,37.78929,0.0,0.0,0.510509
2256,02-Dec-00,24:00:00,57.784453,0.000215,20.021056,20.021056,0.0,0.0,0.536882,0.000378,37.763205,37.763205,0.0,0.0,0.510509
2257,03-Dec-00,24:00:00,57.746234,0.000413,20.009132,20.009132,0.0,0.0,0.536882,0.000343,37.736909,37.736909,0.0,0.0,0.510509
2258,04-Dec-00,24:00:00,57.707684,0.000374,19.997086,19.997086,0.0,0.0,0.536882,0.00048,37.710403,37.710403,0.0,0.0,0.510509
2259,05-Dec-00,24:00:00,57.668802,0.000305,19.984918,19.984918,0.0,0.0,0.536882,0.000319,37.683688,37.683688,0.0,0.0,0.510509
2260,06-Dec-00,24:00:00,57.629592,0.000401,19.972629,19.972629,0.0,0.0,0.536882,0.000289,37.656765,37.656765,0.0,0.0,0.510509
2261,07-Dec-00,24:00:00,57.590053,0.000323,19.96022,19.96022,0.0,0.0,0.536882,0.000472,37.629634,37.629634,0.0,0.0,0.510509
2262,08-Dec-00,24:00:00,57.550186,0.000177,19.947689,19.947689,0.0,0.0,0.536882,0.000187,37.602295,37.602295,0.0,0.0,0.510509
2263,09-Dec-00,24:00:00,57.509993,0.000312,19.93504,19.93504,0.0,0.0,0.536882,0.000417,37.574751,37.574751,0.0,0.0,0.510509
2264,10-Dec-00,24:00:00,67.282014,0.000211,25.399213,19.92227,0.007531,0.0,0.543913,0.000177,42.061961,37.547,0.006064,0.0,0.516275
2265,11-Dec-00,24:00:00,63.97739,0.000329,20.586928,19.909381,0.0,0.0,0.562701,0.000374,43.214183,37.519045,0.0,0.0,0.531289
2266,12-Dec-00,24:00:00,64.100273,0.000112,23.617745,19.896374,0.009766,0.0,0.567902,0.000137,40.596946,37.490886,0.01102,0.0,0.536722
2267,13-Dec-00,24:00:00,90.037324,0.000164,29.212623,19.883248,0.00634,0.0,0.609806,0.000159,60.793411,37.462523,0.006091,0.0,0.582522
2268,14-Dec-00,24:00:00,60.073762,0.000658,19.981756,19.870004,0.0,0.0,0.617921,0.000514,40.006073,37.433957,0.0,0.0,0.589957
2269,15-Dec-00,24:00:00,57.275146,0.000648,19.856643,19.856643,0.0,0.0,0.617921,0.000442,37.41701,37.405189,0.0,0.0,0.589957
2270,16-Dec-00,24:00:00,57.219598,0.001002,19.843164,19.843164,0.0,0.0,0.617921,0.000408,37.37622,37.37622,0.0,0.0,0.589957
2271,17-Dec-00,24:00:00,57.176834,0.000449,19.829569,19.829569,0.0,0.0,0.617921,0.000415,37.347051,37.347051,0.0,0.0,0.589957
2272,18-Dec-00,24:00:00,57.133755,0.000278,19.815858,19.815858,0.0,0.0,0.617921,0.000354,37.317682,37.317682,0.0,0.0,0.589957
2273,19-Dec-00,24:00:00,57.090361,0.000416,19.80203,19.80203,0.0,0.0,0.617921,0.000291,37.288114,37.288114,0.0,0.0,0.589957
2274,20-Dec-00,24:00:00,57.046653,0.000116,19.788088,19.788088,0.0,0.0,0.617921,0.000178,37.258347,37.258347,0.0,0.0,0.589957
2275,21-Dec-00,24:00:00,57.002633,0.000215,19.77403,19.77403,0.0,0.0,0.617921,0.000269,37.228384,37.228384,0.0,0.0,0.589957
2276,22-Dec-00,24:00:00,56.958302,0.000281,19.759857,19.759857,0.0,0.0,0.617921,0.000215,37.198223,37.198223,0.0,0.0,0.589957
2277,23-Dec-00,24:00:00,56.913661,0.000507,19.745571,19.745571,0.0,0.0,0.617344,0.000276,37.167867,37.167867,0.0,0.0,0.589957
2278,24-Dec-00,24:00:00,56.868711,0.0003,19.731171,19.731171,0.0,0.0,0.616049,0.000269,37.137316,37.137316,0.0,0.0,0.589957
2279,25-Dec-00,24:00:00,56.823454,0.000445,19.716658,19.716658,0.0,0.0,0.614769,0.000403,37.106571,37.106571,0.0,0.0,0.589957
2280,26-Dec-00,24:00:00,56.777891,0.000466,19.702031,19.702031,0.0,0.0,0.613196,0.000298,37.075632,37.075632,0.0,0.0,0.589719
2281,27-Dec-00,24:00:00,56.732022,0.000444,19.687293,19.687293,0.0,0.0,0.611636,0.000433,37.044501,37.044501,0.0,0.0,0.588674
2282,28-Dec-00,24:00:00,56.68585,0.000367,19.672443,19.672443,0.0,0.0,0.610256,0.000257,37.013178,37.013178,0.0,0.0,0.587484
2283,29-Dec-00,24:00:00,56.639376,0.000493,19.657481,19.657481,0.0,0.0,0.608797,0.000436,36.981664,36.981664,0.0,0.0,0.586293
2284,30-Dec-00,24:00:00,56.592601,0.00036,19.642408,19.642408,0.0,0.0,0.607337,0.000362,36.94996,36.94996,0.0,0.0,0.584966
2285,31-Dec-00,24:00:00,56.545526,0.000448,19.627225,19.627225,0.0,0.0,0.605951,0.000454,36.918066,36.918066,0.0,0.0,0.583551
2286,01-Jan-01,24:00:00,56.498152,0.000497,19.611932,19.611932,0.0,0.0,0.604347,0.000426,36.885985,36.885985,0.0,0.0,0.582045
2287,02-Jan-01,24:00:00,56.450481,0.000389,19.596529,19.596529,0.0,0.0,0.602809,0.000372,36.853715,36.853715,0.0,0.0,0.580697
2288,03-Jan-01,24:00:00,56.402515,0.000527,19.581017,19.581017,0.0,0.0,0.601248,0.000508,36.821259,36.821259,0.0,0.0,0.579162
2289,04-Jan-01,24:00:00,56.354254,0.000495,19.565396,19.565396,0.0,0.0,0.599478,0.000454,36.788617,36.788617,0.0,0.0,0.577505
2290,05-Jan-01,24:00:00,56.305699,0.000502,19.549668,19.549668,0.0,0.0,0.597774,0.000333,36.75579,36.75579,0.0,0.0,0.576179
2291,06-Jan-01,24:00:00,56.256853,0.000281,19.533832,19.533832,0.0,0.0,0.596413,0.000368,36.722779,36.722779,0.0,0.0,0.57509
2292,07-Jan-01,24:00:00,133.010463,0.000455,43.317019,19.517888,0.029152,0.0,0.665365,0.000423,89.81905,36.689585,0.033552,0.0,0.671428
2293,08-Jan-01,24:00:00,78.632828,0.000137,25.189,19.501838,0.008017,0.0,0.703265,0.000112,53.825006,36.656208,0.018984,0.0,0.707108
2294,09-Jan-01,24:00:00,178.62277,0.000226,61.718185,19.485681,0.067907,0.0,0.807044,0.000191,117.400911,36.62265,0.061789,0.0,0.838985
2295,10-Jan-01,24:00:00,506.794443,0.000245,234.110883,188.307384,0.050022,0.037236,0.983604,0.000225,277.522944,190.935156,0.041011,0.031176,0.988152
2296,11-Jan-01,24:00:00,1179.180128,0.000578,529.761542,505.845882,0.017965,0.017965,1.0,0.000352,645.647553,618.922417,0.000986,0.000986,1.0
2297,12-Jan-01,24:00:00,253.504737,0.000333,78.782573,78.782573,0.0,0.0,1.0,0.000376,173.21035,172.977075,0.0,0.0,1.0
2298,13-Jan-01,24:00:00,170.734879,0.000543,70.572806,70.572806,0.0,0.0,1.0,0.000456,100.023514,100.023514,0.0,0.0,1.0
2299,14-Jan-01,24:00:00,154.706493,0.000896,64.771651,64.771651,0.0,0.0,1.0,0.000552,89.884632,89.884632,0.0,0.0,1.0
2300,15-Jan-01,24:00:00,143.370168,0.000872,59.62478,59.62478,0.0,0.0,1.0,0.000483,83.703633,83.703633,0.0,0.0,1.0
2301,16-Jan-01,24:00:00,133.413769,0.000638,55.05796,55.05796,0.0,0.0,1.0,0.0004,78.318833,78.318833,0.0,0.0,1.0
2302,17-Jan-01,24:00:00,124.580369,0.000521,51.005591,51.005591,0.0,0.0,0.999755,0.000296,73.541952,73.541952,0.0,0.0,1.0
2303,18-Jan-01,24:00:00,116.739897,0.000545,47.409491,47.409491,0.0,0.0,0.998483,0.00052,69.301257,69.301257,0.0,0.0,1.0
2304,19-Jan-01,24:00:00,109.779963,0.00037,44.218056,44.218056,0.0,0.0,0.996872,0.000486,65.536017,65.536017,0.0,0.0,1.0
2305,20-Jan-01,24:00:00,103.600972,0.000411,41.38552,41.38552,0.0,0.0,0.995538,0.000263,62.192453,62.192453,0.0,0.0,0.999979
2306,21-Jan-01,24:00:00,98.114591,0.000609,38.871291,38.871291,0.0,0.0,0.993881,0.00075,59.222866,59.222866,0.0,0.0,0.998837
2307,22-Jan-01,24:00:00,626.970724,0.000121,291.531116,261.154658,0.045285,0.043164,0.996667,0.000134,344.001866,293.910257,0.057723,0.05694,0.998891
2308,23-Jan-01,24:00:00,1841.767343,0.000493,545.288565,524.971727,0.016743,0.016743,1.0,0.000394,1292.781349,1233.77004,0.007152,0.007152,1.0
2309,24-Jan-01,24:00:00,1661.692401,0.000107,500.379957,427.950833,0.052385,0.052385,1.0,0.000155,1169.095918,631.592665,0.04949,0.04949,1.0
2310,25-Jan-01,24:00:00,2319.218333,0.000161,886.591037,726.350636,0.03254,0.03254,1.0,0.000248,1425.048879,1222.697906,0.010036,0.010036,1.0
2311,26-Jan-01,24:00:00,662.550178,0.000732,206.634996,205.245949,0.0,0.0,1.0,0.000601,452.179051,451.063937,0.0,0.0,1.0
2312,27-Jan-01,24:00:00,415.245768,0.000559,151.046575,151.046575,0.0,0.0,1.0,0.000629,263.76956,263.76956,0.0,0.0,1.0
2313,28-Jan-01,24:00:00,375.173692,0.000761,136.086206,136.086206,0.0,0.0,1.0,0.000603,238.983053,238.177074,0.000504,0.000504,1.0
2314,29-Jan-01,24:00:00,335.588932,0.000645,122.847481,122.847481,0.0,0.0,1.0,0.000504,212.525209,212.477646,0.0,0.0,1.0
2315,30-Jan-01,24:00:00,300.725528,0.000712,111.103847,111.103847,0.0,0.0,1.0,0.000632,189.480112,189.480112,0.0,0.0,1.0
2316,31-Jan-01,24:00:00,272.677373,0.000699,100.686236,100.686236,0.0,0.0,1.0,0.000607,171.870686,171.870686,0.0,0.0,1.0
2317,01-Feb-01,24:00:00,247.997055,0.000388,91.444701,91.444701,0.0,0.0,0.999525,0.000312,156.445904,156.445904,0.0,0.0,1.0
2318,02-Feb-01,24:00:00,226.109868,0.000772,83.246251,83.246251,0.0,0.0,0.997622,0.00079,142.769321,142.769321,0.0,0.0,1.0
2319,03-Feb-01,24:00:00,206.69201,0.000885,75.972933,75.972933,0.0,0.0,0.994822,0.000881,130.635513,130.635513,0.0,0.0,0.999809
2320,04-Feb-01,24:00:00,189.463981,0.000837,69.520134,69.520134,0.0,0.0,0.991877,0.000918,119.869772,119.869772,0.0,0.0,0.998074
2321,05-Feb-01,24:00:00,174.17814,0.001078,63.795069,63.795069,0.0,0.0,0.988633,0.000851,110.317388,110.317388,0.0,0.0,0.994962
2322,06-Feb-01,24:00:00,160.614854,0.001132,58.715444,58.715444,0.0,0.0,0.984822,0.000877,101.841153,101.841153,0.0,0.0,0.991973
2323,07-Feb-01,24:00:00,148.57933,0.000832,54.208273,54.208273,0.0,0.0,0.981441,0.000721,94.319375,94.319375,0.0,0.0,0.989261
2324,08-Feb-01,24:00:00,864.467678,0.000328,413.840838,379.708521,0.047735,0.041869,0.995181,0.000304,457.52153,407.501318,0.044874,0.041333,0.997305
2325,09-Feb-01,24:00:00,1189.324209,0.000523,320.964177,310.258839,0.008735,0.008735,1.0,0.000296,864.51789,830.132709,0.007918,0.007918,1.0
2326,10-Feb-01,24:00:00,1138.432998,0.000483,423.543205,400.000056,0.029901,0.029901,1.0,0.000205,717.206841,676.159621,0.032924,0.032924,1.0
2327,11-Feb-01,24:00:00,1451.641667,0.000209,417.54933,398.94081,0.020079,0.020079,1.0,0.000363,1034.612102,979.531246,0.022686,0.022686,1.0
2328,12-Feb-01,24:00:00,640.624023,0.001052,136.810569,136.801704,0.0,0.0,1.0,0.000746,499.477821,496.508035,0.0,0.0,1.0
2329,13-Feb-01,24:00:00,374.841192,0.000811,117.446301,117.446301,0.0,0.0,1.0,0.000804,256.845095,256.845095,0.0,0.0,1.0
2330,14-Feb-01,24:00:00,325.347126,0.000429,106.283093,106.283093,0.0,0.0,1.0,0.000343,218.885343,218.885343,0.0,0.0,1.0
2331,15-Feb-01,24:00:00,294.102738,0.000635,96.381725,96.381725,0.0,0.0,1.0,0.000511,197.576684,197.576684,0.0,0.0,1.0
2332,16-Feb-01,24:00:00,886.521323,0.000226,399.994846,371.238108,0.036407,0.036407,1.0,0.000388,494.067587,444.54694,0.041161,0.041161,1.0
2333,17-Feb-01,24:00:00,1138.579438,0.000404,240.703251,239.705718,0.0,0.0,1.0,0.000515,892.699389,871.303466,0.001889,0.001889,1.0
2334,18-Feb-01,24:00:00,1565.807418,0.000312,689.432552,637.986716,0.073522,0.073522,1.0,0.000344,884.426918,813.12209,0.066098,0.066098,1.0
2335,19-Feb-01,24:00:00,2647.933333,0.000433,890.132031,852.724047,0.038768,0.038768,1.0,0.000331,1756.16125,1672.0,0.033591,0.033591,1.0
2336,20-Feb-01,24:00:00,2075.300417,0.000691,630.843631,603.723934,0.029615,0.029615,1.0,0.000732,1442.777083,1380.575833,0.029736,0.029736,1.0
2337,21-Feb-01,24:00:00,1739.684167,0.000511,593.591519,562.366957,0.045091,0.045091,1.0,0.000393,1146.860725,1097.230265,0.044208,0.044208,1.0
2338,22-Feb-01,24:00:00,1780.46125,0.000814,522.980805,510.377969,0.008536,0.008536,1.0,0.000622,1254.637329,1212.095661,0.008733,0.008733,1.0
2339,23-Feb-01,24:00:00,1501.521091,0.000293,549.049735,525.826863,0.031953,0.031953,1.0,0.000308,954.087044,915.858935,0.029565,0.029565,1.0
2340,24-Feb-01,24:00:00,1321.303947,0.000532,390.007071,381.784611,0.006523,0.006523,1.0,0.000428,928.107059,907.248688,0.005114,0.005114,1.0
2341,25-Feb-01,24:00:00,734.735235,0.000939,223.508318,223.508318,0.0,0.0,1.0,0.000995,509.423045,508.975745,0.0,0.0,1.0
2342,26-Feb-01,24:00:00,599.246407,0.001737,199.944227,199.944227,0.0,0.0,1.0,0.001274,398.880194,398.880194,0.0,0.0,1.0
2343,27-Feb-01,24:00:00,534.293717,0.001698,179.430823,179.430823,0.0,0.0,0.999045,0.001139,354.569945,354.569945,0.0,0.0,1.0
2344,28-Feb-01,24:00:00,479.766604,0.000707,161.235552,161.235552,0.0,0.0,0.996355,0.00073,318.27573,318.27573,0.0,0.0,0.999443
2345,01-Mar-01,24:00:00,431.516558,0.000499,145.096236,145.096236,0.0,0.0,0.994405,0.000605,286.194985,286.194985,0.0,0.0,0.998661
2346,02-Mar-01,24:00:00,393.750965,0.000617,131.694185,130.935776,0.003504,0.000965,0.993214,0.000578,262.241114,261.218844,0.005725,0.005335,0.99894
2347,03-Mar-01,24:00:00,4463.754195,0.000252,1748.859435,771.653924,0.079729,0.079729,1.0,0.000305,2736.487654,1006.840358,0.078067,0.078067,1.0
2348,04-Mar-01,24:00:00,2469.816284,0.000766,466.459097,444.447721,0.0,0.0,1.0,0.000586,1984.549991,1437.946095,0.0,0.0,1.0
2349,05-Mar-01,24:00:00,666.195217,0.001058,177.782092,177.782092,0.0,0.0,1.0,0.001234,485.171473,484.173567,0.0,0.0,1.0
2350,06-Mar-01,24:00:00,490.779744,0.000916,159.60284,159.60284,0.0,0.0,1.0,0.001423,330.762462,330.762462,0.0,0.0,1.0
2351,07-Mar-01,24:00:00,436.115157,0.000782,143.639252,143.639252,0.0,0.0,1.0,0.001086,292.239308,292.239308,0.0,0.0,0.999804
2352,08-Mar-01,24:00:00,392.592198,0.001198,129.479444,129.479444,0.0,0.0,0.999414,0.001004,262.908614,262.908614,0.0,0.0,0.997813
2353,09-Mar-01,24:00:00,354.162709,0.001412,116.919443,116.919443,0.0,0.0,0.99569,0.001204,237.062994,237.062994,0.0,0.0,0.994025
2354,10-Mar-01,24:00:00,320.080062,0.001065,105.77836,105.77836,0.0,0.0,0.991586,0.001305,214.142299,214.142299,0.0,0.0,0.989774
2355,11-Mar-01,24:00:00,289.84761,0.001364,95.89576,95.89576,0.0,0.0,0.987415,0.001349,193.810831,193.810831,0.0,0.0,0.985192
2356,12-Mar-01,24:00:00,263.029859,0.000895,87.129351,87.129351,0.0,0.0,0.983562,0.001472,175.7757,175.7757,0.0,0.0,0.980447
2357,13-Mar-01,24:00:00,239.240701,0.000899,79.352931,79.352931,0.0,0.0,0.980511,0.001454,159.777266,159.777266,0.0,0.0,0.975438
2358,14-Mar-01,24:00:00,218.137696,0.001098,72.454567,72.454567,0.0,0.0,0.977103,0.000849,145.585254,145.585254,0.0,0.0,0.971333
2359,15-Mar-01,24:00:00,199.417128,0.001329,66.334984,66.334984,0.0,0.0,0.972851,0.001388,132.995427,132.995427,0.0,0.0,0.967656
2360,16-Mar-01,24:00:00,182.809627,0.001432,60.906132,60.906132,0.0,0.0,0.968222,0.001024,121.82664,121.82664,0.0,0.0,0.96342
2361,17-Mar-01,24:00:00,168.076287,0.001563,56.089919,56.089919,0.0,0.0,0.963021,0.001658,111.918235,111.918235,0.0,0.0,0.958935
2362,18-Mar-01,24:00:00,155.005214,0.001386,51.817081,51.817081,0.0,0.0,0.95792,0.001518,103.127718,103.127718,0.0,0.0,0.953406
2363,19-Mar-01,24:00:00,143.408479,0.001484,48.026188,48.026188,0.0,0.0,0.95307,0.001482,95.328708,95.328708,0.0,0.0,0.948184
2364,20-Mar-01,24:00:00,133.119403,0.000986,44.662754,44.662754,0.0,0.0,0.948791,0.001558,88.409115,88.409115,0.0,0.0,0.943013
2365,21-Mar-01,24:00:00,123.990154,0.000675,41.678457,41.678457,0.0,0.0,0.945894,0.000751,82.269523,82.269523,0.0,0.0,0.939081
2366,22-Mar-01,24:00:00,115.889617,0.00102,39.030436,39.030436,0.0,0.0,0.942989,0.001214,76.821756,76.821756,0.0,0.0,0.935818
2367,23-Mar-01,24:00:00,175.745755,0.000461,85.14529,66.187093,0.029887,0.012361,0.961261,0.000463,91.378435,74.590872,0.026546,0.006817,0.953713
2368,24-Mar-01,24:00:00,423.318257,0.001112,191.983222,184.287818,0.002726,0.002726,1.0,0.001082,231.194172,203.401804,0.0,0.0,1.0
2369,25-Mar-01,24:00:00,155.908107,0.001614,48.743105,48.743105,0.0,0.0,1.0,0.001413,106.580845,106.223978,0.0,0.0,1.0
2370,26-Mar-01,24:00:00,120.359184,0.001661,45.095544,45.095544,0.0,0.0,0.999846,0.001672,75.19148,75.19148,0.0,0.0,1.0
2371,27-Mar-01,24:00:00,111.317622,0.001762,42.055365,42.055365,0.0,0.0,0.996386,0.001356,69.229913,69.229913,0.0,0.0,0.997737
2372,28-Mar-01,24:00:00,104.579146,0.001666,39.35789,39.35789,0.0,0.0,0.990511,0.000963,65.193841,65.193841,0.0,0.0,0.99363
2373,29-Mar-01,24:00:00,98.647838,0.002022,36.964351,36.964351,0.0,0.0,0.984438,0.002048,61.65919,61.65919,0.0,0.0,0.988886
2374,30-Mar-01,24:00:00,93.385435,0.002094,34.84039,34.84039,0.0,0.0,0.977279,0.002005,58.523474,58.523474,0.0,0.0,0.981916
2375,31-Mar-01,24:00:00,88.714867,0.001579,32.955533,32.955533,0.0,0.0,0.97096,0.001718,55.740179,55.740179,0.0,0.0,0.975426
2376,01-Apr-01,24:00:00,84.569202,0.001272,31.282753,31.282753,0.0,0.0,0.965914,0.001248,53.269439,53.269439,0.0,0.0,0.97023
2377,02-Apr-01,24:00:00,80.889115,0.001439,29.798078,29.798078,0.0,0.0,0.961294,0.00132,51.075928,51.075928,0.0,0.0,0.965791
2378,03-Apr-01,24:00:00,77.62199,0.001167,28.480249,28.480249,0.0,0.0,0.95684,0.001384,49.12832,49.12832,0.0,0.0,0.961324
2379,04-Apr-01,24:00:00,74.721157,0.001661,27.310406,27.310406,0.0,0.0,0.952095,0.001727,47.398828,47.398828,0.0,0.0,0.955989
2380,05-Apr-01,24:00:00,72.145228,0.000499,26.271827,26.271827,0.0,0.0,0.94896,0.000538,45.862807,45.862807,0.0,0.0,0.951951
2381,06-Apr-01,24:00:00,69.857489,0.001306,25.349675,25.349675,0.0,0.0,0.948957,0.001103,44.4984,44.4984,0.0,0.0,0.949203
2382,07-Apr-01,24:00:00,67.825381,0.000788,24.530795,24.530795,0.0,0.0,0.948957,0.000739,43.286218,43.286218,0.0,0.0,0.945908
2383,08-Apr-01,24:00:00,66.020023,0.001437,23.803517,23.803517,0.0,0.0,0.947651,0.001432,42.209067,42.209067,0.0,0.0,0.942399
2384,09-Apr-01,24:00:00,64.4158,0.001944,23.157491,23.157491,0.0,0.0,0.942482,0.001448,41.251695,41.251695,0.0,0.0,0.937384
2385,10-Apr-01,24:00:00,62.989993,0.001221,22.583536,22.583536,0.0,0.0,0.937175,0.00116,40.400575,40.400575,0.0,0.0,0.933026
2386,11-Apr-01,24:00:00,61.722452,0.001623,22.073511,22.073511,0.0,0.0,0.932173,0.001668,39.643708,39.643708,0.0,0.0,0.928144
2387,12-Apr-01,24:00:00,60.595302,0.001497,21.620194,21.620194,0.0,0.0,0.92686,0.001402,38.970452,38.970452,0.0,0.0,0.92279
2388,13-Apr-01,24:00:00,59.592692,0.001526,21.217179,21.217179,0.0,0.0,0.92163,0.001573,38.371369,38.371369,0.0,0.0,0.917716
2389,14-Apr-01,24:00:00,58.700561,0.001476,20.858785,20.858785,0.0,0.0,0.916534,0.001691,37.838085,37.838085,0.0,0.0,0.912359
2390,15-Apr-01,24:00:00,57.994282,0.001261,20.623976,20.539973,0.00156,0.0,0.911953,0.001232,37.367836,37.363175,0.00037,0.0,0.907022
2391,16-Apr-01,24:00:00,58.998938,0.001618,21.447104,20.256273,0.0,0.0,0.91481,0.001606,37.548611,36.940052,0.0,0.0,0.906118
2392,17-Apr-01,24:00:00,56.583125,0.000995,20.003721,20.003721,0.0,0.0,0.91481,0.000761,36.576263,36.562874,0.0,0.0,0.906118
2393,18-Apr-01,24:00:00,56.007592,0.001209,19.778801,19.778801,0.0,0.0,0.91481,0.001226,36.226458,36.226458,0.0,0.0,0.906118
2394,19-Apr-01,24:00:00,123.774867,0.000455,64.080122,41.517125,0.028202,0.003354,0.955947,0.000548,59.945783,35.926208,0.018794,0.0,0.937416
2395,20-Apr-01,24:00:00,82.237508,0.001543,38.539256,38.05423,0.0,0.0,1.0,0.001679,43.4453,35.658046,0.0,0.0,0.970554
2396,21-Apr-01,24:00:00,58.104895,0.001518,22.675147,22.675147,0.0,0.0,1.0,0.001695,35.425918,35.418356,0.0,0.0,0.970554
2397,22-Apr-01,24:00:00,57.343587,0.001923,22.138169,22.138169,0.0,0.0,0.999009,0.001907,35.203928,35.203928,0.0,0.0,0.968894
2398,23-Apr-01,24:00:00,56.68059,0.002143,21.667337,21.667337,0.0,0.0,0.993758,0.002199,35.011918,35.011918,0.0,0.0,0.962921
2399,24-Apr-01,24:00:00,56.08985,0.00211,21.248852,21.248852,0.0,0.0,0.986428,0.002224,34.839801,34.839801,0.0,0.0,0.955296
2400,25-Apr-01,24:00:00,55.563211,0.001417,20.8768,20.8768,0.0,0.0,0.980367,0.002291,34.685336,34.685336,0.0,0.0,0.9477
2401,26-Apr-01,24:00:00,55.093438,0.001647,20.545934,20.545934,0.0,0.0,0.975127,0.001745,34.546538,34.546538,0.0,0.0,0.940576
2402,27-Apr-01,24:00:00,54.674114,0.001795,20.251599,20.251599,0.0,0.0,0.96931,0.001601,34.421644,34.421644,0.0,0.0,0.935046
2403,28-Apr-01,24:00:00,54.299546,0.001994,19.989671,19.989671,0.0,0.0,0.96275,0.002114,34.30909,34.30909,0.0,0.0,0.928613
2404,29-Apr-01,24:00:00,53.964685,0.002208,19.756486,19.756486,0.0,0.0,0.955703,0.002181,34.20749,34.20749,0.0,0.0,0.921214
2405,30-Apr-01,24:00:00,53.665052,0.002435,19.548798,19.548798,0.0,0.0,0.947859,0.00213,34.115612,34.115612,0.0,0.0,0.913809
2406,01-May-01,24:00:00,53.396674,0.002907,19.363728,19.363728,0.0,0.0,0.938732,0.002211,34.032364,34.032364,0.0,0.0,0.906414
2407,02-May-01,24:00:00,53.156026,0.003255,19.198719,19.198719,0.0,0.0,0.927135,0.002063,33.956777,33.956777,0.0,0.0,0.898902
2408,03-May-01,24:00:00,52.939982,0.002351,19.051507,19.051507,0.0,0.0,0.918293,0.002527,33.887993,33.887993,0.0,0.0,0.891357
2409,04-May-01,24:00:00,52.74577,0.002351,18.920082,18.920082,0.0,0.0,0.910255,0.002467,33.825247,33.825247,0.0,0.0,0.882719
2410,05-May-01,24:00:00,52.570926,0.002368,18.80266,18.80266,0.0,0.0,0.902176,0.002494,33.767863,33.767863,0.0,0.0,0.874198
2411,06-May-01,24:00:00,52.413271,0.002646,18.69766,18.69766,0.0,0.0,0.893679,0.002492,33.71524,33.71524,0.0,0.0,0.865583
2412,07-May-01,24:00:00,52.270866,0.002618,18.60368,18.60368,0.0,0.0,0.884594,0.002661,33.666845,33.666845,0.0,0.0,0.856786
2413,08-May-01,24:00:00,52.141994,0.002449,18.519474,18.519474,0.0,0.0,0.875827,0.002651,33.622204,33.622204,0.0,0.0,0.847695
2414,09-May-01,24:00:00,52.02513,0.002508,18.443939,18.443939,0.0,0.0,0.867434,0.002506,33.580898,33.580898,0.0,0.0,0.838768
2415,10-May-01,24:00:00,51.918921,0.002174,18.376097,18.376097,0.0,0.0,0.859207,0.002604,33.542552,33.542552,0.0,0.0,0.830131
2416,11-May-01,24:00:00,51.822168,0.001089,18.315078,18.315078,0.0,0.0,0.853633,0.001854,33.506837,33.506837,0.0,0.0,0.822309
2417,12-May-01,24:00:00,51.733806,0.001629,18.260111,18.260111,0.0,0.0,0.849054,0.001958,33.473458,33.473458,0.0,0.0,0.815898
2418,13-May-01,24:00:00,51.652889,0.001915,18.210513,18.210513,0.0,0.0,0.843046,0.001851,33.442153,33.442153,0.0,0.0,0.809268
2419,14-May-01,24:00:00,51.578579,0.001476,18.165678,18.165678,0.0,0.0,0.83719,0.00114,33.412691,33.412691,0.0,0.0,0.80412
2420,15-May-01,24:00:00,51.510132,0.002307,18.125067,18.125067,0.0,0.0,0.830658,0.002281,33.384866,33.384866,0.0,0.0,0.798328
2421,16-May-01,24:00:00,51.446886,0.002328,18.088203,18.088203,0.0,0.0,0.822708,0.002589,33.358494,33.358494,0.0,0.0,0.790189
2422,17-May-01,24:00:00,51.388255,0.002623,18.054662,18.054662,0.0,0.0,0.814319,0.002561,33.333414,33.333414,0.0,0.0,0.781151
2423,18-May-01,24:00:00,51.33372,0.002482,18.024069,18.024069,0.0,0.0,0.805487,0.002698,33.309479,33.309479,0.0,0.0,0.772177
2424,19-May-01,24:00:00,51.282816,0.002433,17.99609,17.99609,0.0,0.0,0.797207,0.002719,33.286562,33.286562,0.0,0.0,0.762844
2425,20-May-01,24:00:00,51.235135,0.002567,17.970428,17.970428,0.0,0.0,0.788434,0.002915,33.264548,33.264548,0.0,0.0,0.753307
2426,21-May-01,24:00:00,51.190311,0.002009,17.946822,17.946822,0.0,0.0,0.780689,0.002799,33.243336,33.243336,0.0,0.0,0.74353
2427,22-May-01,24:00:00,51.148021,0.002094,17.925038,17.925038,0.0,0.0,0.773729,0.002925,33.222835,33.222835,0.0,0.0,0.733757
2428,23-May-01,24:00:00,51.107977,0.002281,17.90487,17.90487,0.0,0.0,0.766276,0.002802,33.202964,33.202964,0.0,0.0,0.723865
2429,24-May-01,24:00:00,51.069924,0.001346,17.886133,17.886133,0.0,0.0,0.75975,0.002401,33.183651,33.183651,0.0,0.0,0.714813
2430,25-May-01,24:00:00,51.033635,0.001463,17.868664,17.868664,0.0,0.0,0.755142,0.002515,33.164834,33.164834,0.0,0.0,0.706441
2431,26-May-01,24:00:00,50.998907,0.001368,17.85232,17.85232,0.0,0.0,0.750324,0.001903,33.146454,33.146454,0.0,0.0,0.699056
2432,27-May-01,24:00:00,50.965562,0.002502,17.83697,17.83697,0.0,0.0,0.743806,0.002428,33.12846,33.12846,0.0,0.0,0.691518
2433,28-May-01,24:00:00,50.93344,0.002628,17.822503,17.822503,0.0,0.0,0.73489,0.002564,33.110809,33.110809,0.0,0.0,0.682888
2434,29-May-01,24:00:00,50.902399,0.002893,17.808814,17.808814,0.0,0.0,0.725461,0.002664,33.093458,33.093458,0.0,0.0,0.673925
2435,30-May-01,24:00:00,50.872312,0.002845,17.795816,17.795816,0.0,0.0,0.715598,0.002763,33.076372,33.076372,0.0,0.0,0.664607
2436,31-May-01,24:00:00,50.843069,0.001939,17.783428,17.783428,0.0,0.0,0.707166,0.002668,33.059519,33.059519,0.0,0.0,0.655349
2437,01-Jun-01,24:00:00,50.814567,0.002641,17.771578,17.771578,0.0,0.0,0.699814,0.002368,33.042868,33.042868,0.0,0.0,0.646611
2438,02-Jun-01,24:00:00,50.786719,0.002793,17.760203,17.760203,0.0,0.0,0.690113,0.002464,33.026396,33.026396,0.0,0.0,0.638305
2439,03-Jun-01,24:00:00,50.759445,0.002444,17.749248,17.749248,0.0,0.0,0.681117,0.002684,33.010078,33.010078,0.0,0.0,0.629693
2440,04-Jun-01,24:00:00,50.732674,0.002521,17.738663,17.738663,0.0,0.0,0.672859,0.0025,32.993893,32.993893,0.0,0.0,0.620601
2441,05-Jun-01,24:00:00,50.706343,0.002813,17.728402,17.728402,0.0,0.0,0.663813,0.00273,32.977823,32.977823,0.0,0.0,0.611887
2442,06-Jun-01,24:00:00,50.680395,0.002972,17.718428,17.718428,0.0,0.0,0.653764,0.002885,32.96185,32.96185,0.0,0.0,0.602243
2443,07-Jun-01,24:00:00,50.65478,0.002681,17.708703,17.708703,0.0,0.0,0.643993,0.002845,32.94596,32.94596,0.0,0.0,0.59244
2444,08-Jun-01,24:00:00,50.629454,0.002392,17.699198,17.699198,0.0,0.0,0.635358,0.00271,32.93014,32.93014,0.0,0.0,0.58289
2445,09-Jun-01,24:00:00,50.604375,0.002626,17.689884,17.689884,0.0,0.0,0.626875,0.002524,32.914375,32.914375,0.0,0.0,0.573815
2446,10-Jun-01,24:00:00,50.579508,0.002387,17.680736,17.680736,0.0,0.0,0.61817,0.002503,32.898656,32.898656,0.0,0.0,0.565156
2447,11-Jun-01,24:00:00,50.55482,0.003152,17.671733,17.671733,0.0,0.0,0.608954,0.002582,32.882973,32.882973,0.0,0.0,0.556424
2448,12-Jun-01,24:00:00,50.530283,0.003216,17.662854,17.662854,0.0,0.0,0.597435,0.002688,32.867315,32.867315,0.0,0.0,0.547446
2449,13-Jun-01,24:00:00,50.505871,0.002912,17.654081,17.654081,0.0,0.0,0.587239,0.002752,32.851675,32.851675,0.0,0.0,0.538114
2450,14-Jun-01,24:00:00,50.481559,0.002714,17.6454,17.6454,0.0,0.0,0.577562,0.002816,32.836044,32.836044,0.0,0.0,0.52861
2451,15-Jun-01,24:00:00,50.457328,0.002814,17.636796,17.636796,0.0,0.0,0.568113,0.003037,32.820417,32.820417,0.0,0.0,0.518724
2452,16-Jun-01,24:00:00,50.433157,0.003173,17.628257,17.628257,0.0,0.0,0.558334,0.003193,32.804786,32.804786,0.0,0.0,0.50817
2453,17-Jun-01,24:00:00,50.409031,0.002883,17.61977,17.61977,0.0,0.0,0.547483,0.002842,32.789145,32.789145,0.0,0.0,0.497525
2454,18-Jun-01,24:00:00,50.384933,0.003055,17.611328,17.611328,0.0,0.0,0.537499,0.003043,32.77349,32.77349,0.0,0.0,0.48756
2455,19-Jun-01,24:00:00,50.360849,0.003388,17.602918,17.602918,0.0,0.0,0.525937,0.003091,32.757815,32.757815,0.0,0.0,0.477007
2456,20-Jun-01,24:00:00,50.336767,0.002844,17.594536,17.594536,0.0,0.0,0.515525,0.002894,32.742116,32.742116,0.0,0.0,0.466641
2457,21-Jun-01,24:00:00,50.312675,0.002722,17.586171,17.586171,0.0,0.0,0.505921,0.002875,32.726388,32.726388,0.0,0.0,0.45678
2458,22-Jun-01,24:00:00,50.288563,0.001772,17.577819,17.577819,0.0,0.0,0.498286,0.00307,32.710628,32.710628,0.0,0.0,0.446848
2459,23-Jun-01,24:00:00,50.26442,0.001901,17.569473,17.569473,0.0,0.0,0.491857,0.002483,32.694831,32.694831,0.0,0.0,0.437082
2460,24-Jun-01,24:00:00,50.240239,0.001817,17.561129,17.561129,0.0,0.0,0.485399,0.001992,32.678994,32.678994,0.0,0.0,0.429098
2461,25-Jun-01,24:00:00,50.216011,0.001291,17.55278,17.55278,0.0,0.0,0.480037,0.001101,32.663115,32.663115,0.0,0.0,0.423828
2462,26-Jun-01,24:00:00,78.349128,0.000442,34.431866,17.544423,0.020688,0.0,0.522774,0.000827,43.971589,32.647189,0.00766,0.0,0.43869
2463,27-Jun-01,24:00:00,51.883772,0.00168,17.555997,17.536054,0.0,0.0,0.54845,0.001849,34.273109,32.631215,0.0,0.0,0.448025
2464,28-Jun-01,24:00:00,50.142976,0.002578,17.527669,17.527669,0.0,0.0,0.548259,0.002754,32.615189,32.615189,0.0,0.0,0.446911
2465,29-Jun-01,24:00:00,50.118492,0.00265,17.519265,17.519265,0.0,0.0,0.543513,0.002947,32.599109,32.599109,0.0,0.0,0.439914
2466,30-Jun-01,24:00:00,50.09393,0.002763,17.510839,17.510839,0.0,0.0,0.534241,0.002921,32.582972,32.582972,0.0,0.0,0.429746
2467,01-Jul-01,24:00:00,50.069285,0.002935,17.502389,17.502389,0.0,0.0,0.524508,0.002824,32.566777,32.566777,0.0,0.0,0.419799
2468,02-Jul-01,24:00:00,50.044551,0.003047,17.493911,17.493911,0.0,0.0,0.514309,0.003023,32.55052,32.55052,0.0,0.0,0.409843
2469,03-Jul-01,24:00:00,50.019725,0.002625,17.485404,17.485404,0.0,0.0,0.504367,0.003172,32.5342,32.5342,0.0,0.0,0.399382
2470,04-Jul-01,24:00:00,49.994802,0.002289,17.476866,17.476866,0.0,0.0,0.496029,0.002448,32.517816,32.517816,0.0,0.0,0.389404
2471,05-Jul-01,24:00:00,49.969779,0.002226,17.468294,17.468294,0.0,0.0,0.488094,0.002956,32.501364,32.501364,0.0,0.0,0.380441
2472,06-Jul-01,24:00:00,49.944652,0.002296,17.459687,17.459687,0.0,0.0,0.480562,0.002799,32.484843,32.484843,0.0,0.0,0.37041
2473,07-Jul-01,24:00:00,49.919418,0.002249,17.451044,17.451044,0.0,0.0,0.472701,0.002889,32.468252,32.468252,0.0,0.0,0.360797
2474,08-Jul-01,24:00:00,49.894073,0.001649,17.442362,17.442362,0.0,0.0,0.465997,0.002684,32.451589,32.451589,0.0,0.0,0.351234
2475,09-Jul-01,24:00:00,49.868614,0.001385,17.43364,17.43364,0.0,0.0,0.460781,0.00232,32.434851,32.434851,0.0,0.0,0.342594
2476,10-Jul-01,24:00:00,49.843039,0.001568,17.424877,17.424877,0.0,0.0,0.455733,0.002003,32.418038,32.418038,0.0,0.0,0.335201
2477,11-Jul-01,24:00:00,49.817344,0.001739,17.416072,17.416072,0.0,0.0,0.450118,0.00228,32.401148,32.401148,0.0,0.0,0.327898
2478,12-Jul-01,24:00:00,49.791528,0.002093,17.407223,17.407223,0.0,0.0,0.44364,0.002907,32.38418,32.38418,0.0,0.0,0.319019
2479,13-Jul-01,24:00:00,49.765587,0.001966,17.39833,17.39833,0.0,0.0,0.436543,0.002618,32.367132,32.367132,0.0,0.0,0.3094
2480,14-Jul-01,24:00:00,49.73952,0.001981,17.389391,17.389391,0.0,0.0,0.429848,0.002801,32.350002,32.350002,0.0,0.0,0.300326
2481,15-Jul-01,24:00:00,49.713323,0.002044,17.380406,17.380406,0.0,0.0,0.422762,0.002276,32.33279,32.33279,0.0,0.0,0.291284
2482,16-Jul-01,24:00:00,49.686995,0.001921,17.371374,17.371374,0.0,0.0,0.416126,0.002647,32.315494,32.315494,0.0,0.0,0.283081
2483,17-Jul-01,24:00:00,49.660534,0.002345,17.362293,17.362293,0.0,0.0,0.408704,0.002736,32.298113,32.298113,0.0,0.0,0.273877
2484,18-Jul-01,24:00:00,49.633937,0.001851,17.353163,17.353163,0.0,0.0,0.401578,0.002471,32.280645,32.280645,0.0,0.0,0.264868
2485,19-Jul-01,24:00:00,49.607203,0.001945,17.343984,17.343984,0.0,0.0,0.395185,0.002388,32.26309,32.26309,0.0,0.0,0.256512
2486,20-Jul-01,24:00:00,49.580329,0.001988,17.334753,17.334753,0.0,0.0,0.388423,0.002471,32.245446,32.245446,0.0,0.0,0.248189
2487,21-Jul-01,24:00:00,49.553315,0.002425,17.325472,17.325472,0.0,0.0,0.380783,0.00271,32.227713,32.227713,0.0,0.0,0.239334
2488,22-Jul-01,24:00:00,49.526158,0.00206,17.316138,17.316138,0.0,0.0,0.373124,0.002929,32.209888,32.209888,0.0,0.0,0.229815
2489,23-Jul-01,24:00:00,49.498856,0.001635,17.306752,17.306752,0.0,0.0,0.366668,0.002953,32.191972,32.191972,0.0,0.0,0.219627
2490,24-Jul-01,24:00:00,49.471408,0.00171,17.297313,17.297313,0.0,0.0,0.360965,0.002732,32.173962,32.173962,0.0,0.0,0.209908
2491,25-Jul-01,24:00:00,49.443812,0.001505,17.28782,17.28782,0.0,0.0,0.355502,0.002502,32.155858,32.155858,0.0,0.0,0.200933
2492,26-Jul-01,24:00:00,49.416067,0.001807,17.278273,17.278273,0.0,0.0,0.349849,0.002712,32.13766,32.13766,0.0,0.0,0.191916
2493,27-Jul-01,24:00:00,49.388171,0.002125,17.268671,17.268671,0.0,0.0,0.343177,0.002777,32.119365,32.119365,0.0,0.0,0.182573
2494,28-Jul-01,24:00:00,49.360123,0.002155,17.259013,17.259013,0.0,0.0,0.335748,0.002835,32.100974,32.100974,0.0,0.0,0.17308
2495,29-Jul-01,24:00:00,49.331921,0.001905,17.2493,17.2493,0.0,0.0,0.328703,0.002056,32.082485,32.082485,0.0,0.0,0.164218
2496,30-Jul-01,24:00:00,49.303564,0.001987,17.23953,17.23953,0.0,0.0,0.322169,0.002608,32.063897,32.063897,0.0,0.0,0.156466
2497,31-Jul-01,24:00:00,49.275051,0.002207,17.229704,17.229704,0.0,0.0,0.314841,0.002779,32.04521,32.04521,0.0,0.0,0.147412
2498,01-Aug-01,24:00:00,49.24638,0.002004,17.21982,17.21982,0.0,0.0,0.307795,0.002615,32.026422,32.026422,0.0,0.0,0.138059
2499,02-Aug-01,24:00:00,49.217551,0.001895,17.209878,17.209878,0.0,0.0,0.301044,0.00239,32.007534,32.007534,0.0,0.0,0.129374
2500,03-Aug-01,24:00:00,49.188561,0.002052,17.199878,17.199878,0.0,0.0,0.294224,0.002044,31.988543,31.988543,0.0,0.0,0.12182
2501,04-Aug-01,24:00:00,49.15941,0.002302,17.18982,17.18982,0.0,0.0,0.286736,0.00245,31.96945,31.96945,0.0,0.0,0.114098
2502,05-Aug-01,24:00:00,49.130097,0.002511,17.179703,17.179703,0.0,0.0,0.278564,0.002602,31.950253,31.950253,0.0,0.0,0.105475
2503,06-Aug-01,24:00:00,49.100621,0.002578,17.169527,17.169527,0.0,0.0,0.269879,0.002679,31.930952,31.930952,0.0,0.0,0.096399
2504,07-Aug-01,24:00:00,49.07098,0.002345,17.15929,17.15929,0.0,0.0,0.261326,0.002857,31.911546,31.911546,0.0,0.0,0.087017
2505,08-Aug-01,24:00:00,49.041173,0.001372,17.148994,17.148994,0.0,0.0,0.25498,0.002562,31.892035,31.892035,0.0,0.0,0.077667
2506,09-Aug-01,24:00:00,49.0112,0.001736,17.138638,17.138638,0.0,0.0,0.249699,0.00195,31.872418,31.872418,0.0,0.0,0.06997
2507,10-Aug-01,24:00:00,48.98106,0.001823,17.128221,17.128221,0.0,0.0,0.243602,0.002463,31.852693,31.852693,0.0,0.0,0.062322
2508,11-Aug-01,24:00:00,48.950751,0.001548,17.117743,17.117743,0.0,0.0,0.237797,0.002134,31.832862,31.832862,0.0,0.0,0.054368
2509,12-Aug-01,24:00:00,48.920272,0.0015,17.107204,17.107204,0.0,0.0,0.232608,0.002166,31.812922,31.812922,0.0,0.0,0.047092
2510,13-Aug-01,24:00:00,48.889624,0.001961,17.096603,17.096603,0.0,0.0,0.226766,0.002486,31.792874,31.792874,0.0,0.0,0.039082
2511,14-Aug-01,24:00:00,48.858805,0.001926,17.085941,17.085941,0.0,0.0,0.220043,0.002578,31.772716,31.772716,0.0,0.0,0.030456
2512,15-Aug-01,24:00:00,48.827814,0.002328,17.075216,17.075216,0.0,0.0,0.212771,0.002564,31.752449,31.752449,0.0,0.0,0.021595
2513,16-Aug-01,24:00:00,48.79665,0.002427,17.064429,17.064429,0.0,0.0,0.204532,0.002719,31.732071,31.732071,0.0,0.0,0.012634
2514,17-Aug-01,24:00:00,48.765312,0.002362,17.053579,17.053579,0.0,0.0,0.196341,0.002582,31.711582,31.711582,0.0,0.0,0.003834
2515,18-Aug-01,24:00:00,48.733801,0.002193,17.042667,17.042667,0.0,0.0,0.188429,0.002486,31.690983,31.690983,0.0,0.0,0.0
2516,19-Aug-01,24:00:00,48.702115,0.001457,17.031691,17.031691,0.0,0.0,0.182238,0.00226,31.670271,31.670271,0.0,0.0,0.0
2517,20-Aug-01,24:00:00,48.670253,0.002103,17.020652,17.020652,0.0,0.0,0.176109,0.002164,31.649447,31.649447,0.0,0.0,0.0
2518,21-Aug-01,24:00:00,48.638215,0.001726,17.00955,17.00955,0.0,0.0,0.169562,0.00139,31.628511,31.628511,0.0,0.0,0.0
2519,22-Aug-01,24:00:00,48.606001,0.002024,16.998384,16.998384,0.0,0.0,0.163032,0.001438,31.607461,31.607461,0.0,0.0,0.0
2520,23-Aug-01,24:00:00,48.573608,0.002058,16.987154,16.987154,0.0,0.0,0.156262,0.002363,31.586298,31.586298,0.0,0.0,0.0
2521,24-Aug-01,24:00:00,48.541038,0.002325,16.97586,16.97586,0.0,0.0,0.148673,0.002361,31.565022,31.565022,0.0,0.0,0.0
2522,25-Aug-01,24:00:00,48.50829,0.002299,16.964502,16.964502,0.0,0.0,0.140743,0.002496,31.54363,31.54363,0.0,0.0,0.0
2523,26-Aug-01,24:00:00,48.475362,0.002582,16.953079,16.953079,0.0,0.0,0.132527,0.002712,31.522124,31.522124,0.0,0.0,0.0
2524,27-Aug-01,24:00:00,48.442255,0.002518,16.941592,16.941592,0.0,0.0,0.123646,0.002732,31.500504,31.500504,0.0,0.0,0.0
2525,28-Aug-01,24:00:00,48.408967,0.00204,16.93004,16.93004,0.0,0.0,0.115652,0.002353,31.478767,31.478767,0.0,0.0,0.0
2526,29-Aug-01,24:00:00,48.375499,0.001458,16.918423,16.918423,0.0,0.0,0.109716,0.002113,31.456915,31.456915,0.0,0.0,0.0
2527,30-Aug-01,24:00:00,48.341851,0.001676,16.906741,16.906741,0.0,0.0,0.104409,0.002197,31.434948,31.434948,0.0,0.0,0.0
2528,31-Aug-01,24:00:00,48.308021,0.001852,16.894994,16.894994,0.0,0.0,0.098362,0.002189,31.412864,31.412864,0.0,0.0,0.0
2529,01-Sep-01,24:00:00,48.274009,0.002187,16.883182,16.883182,0.0,0.0,0.091402,0.002284,31.390663,31.390663,0.0,0.0,0.0
2530,02-Sep-01,24:00:00,48.239814,0.002233,16.871305,16.871305,0.0,0.0,0.083863,0.002244,31.368346,31.368346,0.0,0.0,0.0
2531,03-Sep-01,24:00:00,48.205438,0.002058,16.859361,16.859361,0.0,0.0,0.076449,0.002203,31.345912,31.345912,0.0,0.0,0.0
2532,04-Sep-01,24:00:00,48.170879,0.002055,16.847353,16.847353,0.0,0.0,0.069525,0.002218,31.32336,31.32336,0.0,0.0,0.0
2533,05-Sep-01,24:00:00,48.136136,0.002205,16.835278,16.835278,0.0,0.0,0.062168,0.001908,31.300691,31.300691,0.0,0.0,0.0
2534,06-Sep-01,24:00:00,48.10121,0.002,16.823138,16.823138,0.0,0.0,0.054795,0.002358,31.277904,31.277904,0.0,0.0,0.0
2535,07-Sep-01,24:00:00,48.066101,0.001348,16.810932,16.810932,0.0,0.0,0.04905,0.002125,31.255,31.255,0.0,0.0,0.0
2536,08-Sep-01,24:00:00,48.030807,0.001084,16.798661,16.798661,0.0,0.0,0.044925,0.001488,31.231977,31.231977,0.0,0.0,0.0
2537,09-Sep-01,24:00:00,47.99533,0.001725,16.786323,16.786323,0.0,0.0,0.040076,0.001759,31.208836,31.208836,0.0,0.0,0.0
2538,10-Sep-01,24:00:00,47.959667,0.001816,16.773919,16.773919,0.0,0.0,0.034018,0.001665,31.185577,31.185577,0.0,0.0,0.0
2539,11-Sep-01,24:00:00,47.923821,0.001178,16.76145,16.76145,0.0,0.0,0.028902,0.002001,31.162199,31.162199,0.0,0.0,0.0
2540,12-Sep-01,24:00:00,47.88779,0.001302,16.748914,16.748914,0.0,0.0,0.024695,0.001279,31.138703,31.138703,0.0,0.0,0.0
2541,13-Sep-01,24:00:00,47.851574,0.001747,16.736312,16.736312,0.0,0.0,0.019477,0.002038,31.115088,31.115088,0.0,0.0,0.0
2542,14-Sep-01,24:00:00,47.815173,0.001439,16.723644,16.723644,0.0,0.0,0.013993,0.002084,31.091354,31.091354,0.0,0.0,0.0
2543,15-Sep-01,24:00:00,47.778587,0.001268,16.710909,16.710909,0.0,0.0,0.00936,0.001918,31.067502,31.067502,0.0,0.0,0.0
2544,16-Sep-01,24:00:00,47.741815,0.001266,16.698109,16.698109,0.0,0.0,0.005013,0.001986,31.04353,31.04353,0.0,0.0,0.0
2545,17-Sep-01,24:00:00,47.704859,0.001209,16.685242,16.685242,0.0,0.0,0.001293,0.001826,31.019439,31.019439,0.0,0.0,0.0
2546,18-Sep-01,24:00:00,47.667717,0.001268,16.67231,16.67231,0.0,0.0,0.0,0.00192,30.995229,30.995229,0.0,0.0,0.0
2547,19-Sep-01,24:00:00,47.63039,0.001194,16.65931,16.65931,0.0,0.0,0.0,0.001871,30.9709,30.9709,0.0,0.0,0.0
2548,20-Sep-01,24:00:00,47.592877,0.001329,16.646245,16.646245,0.0,0.0,0.0,0.001825,30.946452,30.946452,0.0,0.0,0.0
2549,21-Sep-01,24:00:00,47.55518,0.001565,16.633114,16.633114,0.0,0.0,0.0,0.001958,30.921885,30.921885,0.0,0.0,0.0
2550,22-Sep-01,24:00:00,47.517296,0.000975,16.619916,16.619916,0.0,0.0,0.0,0.001702,30.897198,30.897198,0.0,0.0,0.0
2551,23-Sep-01,24:00:00,47.479228,0.001009,16.606652,16.606652,0.0,0.0,0.0,0.001155,30.872393,30.872393,0.0,0.0,0.0
2552,24-Sep-01,24:00:00,47.440974,0.001072,16.593323,16.593323,0.0,0.0,0.0,0.001202,30.847468,30.847468,0.0,0.0,0.0
2553,25-Sep-01,24:00:00,47.402535,0.001631,16.579927,16.579927,0.0,0.0,0.0,0.001506,30.822424,30.822424,0.0,0.0,0.0
2554,26-Sep-01,24:00:00,47.363911,0.001702,16.566465,16.566465,0.0,0.0,0.0,0.001716,30.797261,30.797261,0.0,0.0,0.0
2555,27-Sep-01,24:00:00,47.325101,0.001648,16.552937,16.552937,0.0,0.0,0.0,0.001689,30.771978,30.771978,0.0,0.0,0.0
2556,28-Sep-01,24:00:00,47.286107,0.001824,16.539343,16.539343,0.0,0.0,0.0,0.001625,30.746577,30.746577,0.0,0.0,0.0
2557,29-Sep-01,24:00:00,47.246928,0.001846,16.525684,16.525684,0.0,0.0,0.0,0.001778,30.721057,30.721057,0.0,0.0,0.0
2558,30-Sep-01,24:00:00,47.207565,0.00188,16.511958,16.511958,0.0,0.0,0.0,0.001728,30.695418,30.695418,0.0,0.0,0.0
2559,01-Oct-01,24:00:00,47.168017,0.001473,16.498167,16.498167,0.0,0.0,0.0,0.001912,30.66966,30.66966,0.0,0.0,0.0
2560,02-Oct-01,24:00:00,47.128284,0.001431,16.48431,16.48431,0.0,0.0,0.0,0.001725,30.643784,30.643784,0.0,0.0,0.0
2561,03-Oct-01,24:00:00,47.088368,0.000618,16.470388,16.470388,0.0,0.0,0.0,0.001274,30.617789,30.617789,0.0,0.0,0.0
2562,04-Oct-01,24:00:00,47.048267,0.001241,16.4564,16.4564,0.0,0.0,0.0,0.001059,30.591675,30.591675,0.0,0.0,0.0
2563,05-Oct-01,24:00:00,47.007983,0.001122,16.442346,16.442346,0.0,0.0,0.0,0.001272,30.565443,30.565443,0.0,0.0,0.0
2564,06-Oct-01,24:00:00,46.967515,0.000813,16.428228,16.428228,0.0,0.0,0.0,0.001345,30.539093,30.539093,0.0,0.0,0.0
2565,07-Oct-01,24:00:00,46.926864,0.001357,16.414044,16.414044,0.0,0.0,0.0,0.001536,30.512625,30.512625,0.0,0.0,0.0
2566,08-Oct-01,24:00:00,46.88603,0.001589,16.399795,16.399795,0.0,0.0,0.0,0.001316,30.486039,30.486039,0.0,0.0,0.0
2567,09-Oct-01,24:00:00,46.845013,0.001458,16.385481,16.385481,0.0,0.0,0.0,0.001548,30.459335,30.459335,0.0,0.0,0.0
2568,10-Oct-01,24:00:00,46.803814,0.001743,16.371102,16.371102,0.0,0.0,0.0,0.001557,30.432514,30.432514,0.0,0.0,0.0
2569,11-Oct-01,24:00:00,46.762433,0.002465,16.356659,16.356659,0.0,0.0,0.0,0.001603,30.405575,30.405575,0.0,0.0,0.0
2570,12-Oct-01,24:00:00,46.720869,0.001665,16.342151,16.342151,0.0,0.0,0.0,0.001203,30.37852,30.37852,0.0,0.0,0.0
2571,13-Oct-01,24:00:00,46.679124,0.001289,16.327578,16.327578,0.0,0.0,0.0,0.001227,30.351347,30.351347,0.0,0.0,0.0
2572,14-Oct-01,24:00:00,46.637198,0.001392,16.312941,16.312941,0.0,0.0,0.0,0.001498,30.324057,30.324057,0.0,0.0,0.0
2573,15-Oct-01,24:00:00,46.595092,0.000781,16.298239,16.298239,0.0,0.0,0.0,0.001247,30.296651,30.296651,0.0,0.0,0.0
2574,16-Oct-01,24:00:00,46.552804,0.000799,16.283474,16.283474,0.0,0.0,0.0,0.001115,30.269128,30.269128,0.0,0.0,0.0
2575,17-Oct-01,24:00:00,46.510336,0.001231,16.268644,16.268644,0.0,0.0,0.0,0.001178,30.241489,30.241489,0.0,0.0,0.0
2576,18-Oct-01,24:00:00,46.467689,0.001222,16.253751,16.253751,0.0,0.0,0.0,0.001205,30.213734,30.213734,0.0,0.0,0.0
2577,19-Oct-01,24:00:00,46.424863,0.000826,16.238794,16.238794,0.0,0.0,0.0,0.00121,30.185864,30.185864,0.0,0.0,0.0
2578,20-Oct-01,24:00:00,46.381857,0.000616,16.223773,16.223773,0.0,0.0,0.0,0.000979,30.157878,30.157878,0.0,0.0,0.0
2579,21-Oct-01,24:00:00,46.338673,0.001366,16.208689,16.208689,0.0,0.0,0.0,0.001271,30.129777,30.129777,0.0,0.0,0.0
2580,22-Oct-01,24:00:00,46.295311,0.00154,16.193542,16.193542,0.0,0.0,0.0,0.001157,30.101561,30.101561,0.0,0.0,0.0
2581,23-Oct-01,24:00:00,46.251771,0.001496,16.178331,16.178331,0.0,0.0,0.0,0.001361,30.073231,30.073231,0.0,0.0,0.0
2582,24-Oct-01,24:00:00,46.208053,0.001267,16.163058,16.163058,0.0,0.0,0.0,0.000958,30.044786,30.044786,0.0,0.0,0.0
2583,25-Oct-01,24:00:00,46.164159,0.001017,16.147722,16.147722,0.0,0.0,0.0,0.001149,30.016227,30.016227,0.0,0.0,0.0
2584,26-Oct-01,24:00:00,46.120089,0.000389,16.132324,16.132324,0.0,0.0,0.0,0.000376,29.987554,29.987554,0.0,0.0,0.0
2585,27-Oct-01,24:00:00,46.075843,0.000615,16.116863,16.116863,0.0,0.0,0.0,0.000814,29.958768,29.958768,0.0,0.0,0.0
2586,28-Oct-01,24:00:00,50.697224,0.000388,18.308464,16.10134,0.002704,0.0,0.005241,0.000355,32.452907,29.929869,0.003946,0.0,0.003968
2587,29-Oct-01,24:00:00,179.945399,0.000366,73.946248,16.085755,0.070808,0.0,0.175755,0.000405,106.202954,29.900857,0.047338,0.0,0.131227
2588,30-Oct-01,24:00:00,54.209042,0.000708,16.0808,16.070108,0.0,0.0,0.25204,0.00047,37.860007,29.871732,0.0,0.0,0.175831
2589,31-Oct-01,24:00:00,45.89711,0.000637,16.0544,16.0544,0.0,0.0,0.25204,0.000744,29.842495,29.842495,0.0,0.0,0.175831
2590,01-Nov-01,24:00:00,45.851992,0.000867,16.03863,16.03863,0.0,0.0,0.25204,0.000836,29.813146,29.813146,0.0,0.0,0.175831
2591,02-Nov-01,24:00:00,45.806702,0.00091,16.022799,16.022799,0.0,0.0,0.25204,0.000825,29.783686,29.783686,0.0,0.0,0.175831
2592,03-Nov-01,24:00:00,45.761239,0.000942,16.006907,16.006907,0.0,0.0,0.251828,0.00086,29.754114,29.754114,0.0,0.0,0.175831
2593,04-Nov-01,24:00:00,45.715605,0.000708,15.990954,15.990954,0.0,0.0,0.25033,0.000828,29.724432,29.724432,0.0,0.0,0.174852
2594,05-Nov-01,24:00:00,45.669799,0.000743,15.974941,15.974941,0.0,0.0,0.247844,0.000746,29.694639,29.694639,0.0,0.0,0.172466
2595,06-Nov-01,24:00:00,45.623823,0.000782,15.958867,15.958867,0.0,0.0,0.245145,0.000696,29.664737,29.664737,0.0,0.0,0.169941
2596,07-Nov-01,24:00:00,45.577678,0.000763,15.942733,15.942733,0.0,0.0,0.242489,0.000731,29.634724,29.634724,0.0,0.0,0.1675
2597,08-Nov-01,24:00:00,46.083615,0.000836,16.396618,15.926538,0.008522,0.0,0.24101,0.000919,29.704348,29.604602,0.007921,0.0,0.165884
2598,09-Nov-01,24:00:00,128.543182,0.000396,52.956599,15.910285,0.057238,0.0,0.328109,0.00059,76.406588,29.574371,0.055334,0.0,0.248027
2599,10-Nov-01,24:00:00,308.287277,0.000195,102.972156,15.893971,0.091251,0.0,0.653234,0.000249,205.41642,29.544031,0.089707,0.0,0.563369
2600,11-Nov-01,24:00:00,178.739952,0.000252,55.295832,15.877599,0.043897,0.0,0.873157,0.000211,122.863829,29.513583,0.040126,0.0,0.776205
2601,12-Nov-01,24:00:00,56.572669,0.000172,16.043832,15.861167,0.0,0.0,0.927118,0.000209,40.172019,29.483028,0.0,0.0,0.825087
2602,13-Nov-01,24:00:00,45.316379,0.000302,15.844677,15.844677,0.0,0.0,0.927118,0.000307,29.469358,29.452364,0.0,0.0,0.825087
2603,14-Nov-01,24:00:00,53.646274,0.000389,19.706972,15.828128,0.005441,0.0,0.933439,0.000462,34.054245,29.421594,0.005494,0.0,0.831502
2604,15-Nov-01,24:00:00,50.507139,0.000173,16.379433,15.81152,0.0,0.0,0.945773,0.000224,34.014492,29.390718,0.0,0.0,0.843925
2605,16-Nov-01,24:00:00,45.201537,0.000486,15.794854,15.794854,0.0,0.0,0.945773,0.000468,29.40423,29.359735,0.0,0.0,0.843925
2606,17-Nov-01,24:00:00,46.467654,0.000289,16.752055,15.778131,0.002158,0.0,0.946784,0.000264,29.756999,29.328646,0.00225,0.0,0.844982
2607,18-Nov-01,24:00:00,49.219127,0.000524,16.550952,15.76135,0.0,0.0,0.953172,0.000462,32.628494,29.297452,0.0,0.0,0.85164
2608,19-Nov-01,24:00:00,156.545022,0.000404,104.615679,80.259787,0.039694,0.026036,0.969869,0.000496,52.853815,29.266153,0.041644,0.0,0.885323
2609,20-Nov-01,24:00:00,551.548808,0.000178,411.653804,390.132908,0.01877,0.01877,1.0,0.000183,141.333202,81.461505,0.015859,0.014231,0.998019
2610,21-Nov-01,24:00:00,458.122715,0.000584,144.672334,142.768704,0.0,0.0,1.0,0.000482,312.065594,298.263049,0.0,0.0,1.0
2611,22-Nov-01,24:00:00,1607.759721,0.00043,645.631381,370.842396,0.031036,0.031036,1.0,0.000528,969.127906,419.472063,0.031272,0.031272,1.0
2612,23-Nov-01,24:00:00,1159.585304,0.000399,337.976924,323.133174,0.017619,0.017619,1.0,0.000282,817.669968,719.784218,0.015919,0.015919,1.0
2613,24-Nov-01,24:00:00,442.277836,0.000359,104.643146,104.643146,0.0,0.0,1.0,0.000291,334.417707,331.995357,0.0,0.0,1.0
2614,25-Nov-01,24:00:00,241.635464,0.000527,90.069451,90.069451,0.0,0.0,1.0,0.000435,151.180889,151.180889,0.0,0.0,1.0
2615,26-Nov-01,24:00:00,305.632088,0.000572,148.781126,125.193305,0.022162,0.022162,1.0,0.000438,159.526225,147.50674,0.02266,0.02266,1.0
2616,27-Nov-01,24:00:00,2124.555833,0.000264,740.424064,608.37447,0.041094,0.041094,1.0,0.000239,1388.192252,1016.347884,0.04082,0.04082,1.0
2617,28-Nov-01,24:00:00,1352.618615,0.000443,420.695486,404.666274,0.010357,0.010357,1.0,0.000413,928.426348,884.877682,0.007049,0.007049,1.0
2618,29-Nov-01,24:00:00,4375.947765,0.000369,1674.564386,806.673249,0.065122,0.065122,1.0,0.000362,2716.494229,1124.195991,0.065889,0.065889,1.0
2619,30-Nov-01,24:00:00,4166.343333,0.000132,1270.678976,821.441369,0.051961,0.051961,1.0,0.000274,2889.04125,1734.602917,0.050779,0.050779,1.0
2620,01-Dec-01,24:00:00,2224.37375,0.000543,670.351287,639.768776,0.040441,0.040441,1.0,0.000327,1550.498333,1432.9375,0.041184,0.041184,1.0
2621,02-Dec-01,24:00:00,1586.349167,0.000435,408.154873,400.622908,0.006105,0.006105,1.0,0.000306,1173.70057,1142.148791,0.006952,0.006952,1.0
2622,03-Dec-01,24:00:00,795.767241,0.000429,231.002213,231.002213,0.0,0.0,1.0,0.000246,562.151404,561.403904,0.0,0.0,1.0
2623,04-Dec-01,24:00:00,1197.790995,0.000114,520.549945,495.072512,0.033171,0.033171,1.0,0.000113,682.094378,648.344808,0.029386,0.029386,1.0
2624,05-Dec-01,24:00:00,1155.063548,0.000403,305.294336,303.662596,0.0,0.0,1.0,0.000447,845.670269,829.79047,0.0,0.0,1.0
2625,06-Dec-01,24:00:00,633.203043,0.000542,198.606229,198.606229,0.0,0.0,1.0,0.00045,433.241096,433.126482,0.0,0.0,1.0
2626,07-Dec-01,24:00:00,527.246721,0.000404,177.838272,177.838272,0.0,0.0,1.0,0.000459,349.064033,349.064033,0.0,0.0,1.0
2627,08-Dec-01,24:00:00,470.669886,0.000666,159.458759,159.458759,0.0,0.0,1.0,0.000635,310.955167,310.955167,0.0,0.0,1.0
2628,09-Dec-01,24:00:00,422.320581,0.000968,143.155935,143.155935,0.0,0.0,1.0,0.000751,278.940431,278.940431,0.0,0.0,1.0
2629,10-Dec-01,24:00:00,379.498753,0.000662,128.694975,128.694975,0.0,0.0,1.0,0.000478,250.605743,250.605743,0.0,0.0,1.0
2630,11-Dec-01,24:00:00,341.516607,0.000503,115.867614,115.867614,0.0,0.0,1.0,0.000398,225.473941,225.473941,0.0,0.0,1.0
2631,12-Dec-01,24:00:00,743.4428,0.000325,372.493358,349.312751,0.037652,0.037652,1.0,0.000221,374.976189,351.371147,0.030322,0.030322,1.0
2632,13-Dec-01,24:00:00,1833.799546,0.000844,454.499033,437.777051,0.011173,0.011173,1.0,0.000757,1379.449099,994.758487,0.01544,0.01544,1.0
2633,14-Dec-01,24:00:00,578.836613,0.000364,136.198136,136.198136,0.0,0.0,1.0,0.000162,438.77267,429.423258,0.0,0.0,1.0
2634,15-Dec-01,24:00:00,625.503202,0.000188,277.239967,262.050069,0.022149,0.022149,1.0,0.00016,351.356842,334.389156,0.022158,0.022158,1.0
2635,16-Dec-01,24:00:00,1440.472302,0.00039,422.579616,407.624165,0.014737,0.014737,1.0,0.000364,1018.672545,966.383925,0.01972,0.01972,1.0
2636,17-Dec-01,24:00:00,607.868715,0.000304,139.123744,139.123744,0.0,0.0,1.0,0.000268,465.012614,463.37727,0.0,0.0,1.0
2637,18-Dec-01,24:00:00,557.442451,0.000257,230.761119,216.233812,0.026445,0.026445,1.0,0.000241,328.549015,318.863583,0.021868,0.021868,1.0
2638,19-Dec-01,24:00:00,1741.090833,0.000246,710.948394,675.989441,0.03525,0.03525,1.0,0.000224,1035.121821,967.135437,0.03229,0.03229,1.0
2639,20-Dec-01,24:00:00,1134.067418,0.000299,301.48463,289.479883,0.017162,0.017162,1.0,0.000214,828.460953,808.743757,0.011534,0.011534,1.0
2640,21-Dec-01,24:00:00,1312.459583,0.000201,472.965808,457.733485,0.015021,0.015021,1.0,0.000212,841.129545,799.498164,0.01851,0.01851,1.0
2641,22-Dec-01,24:00:00,738.67812,0.00034,175.196949,175.196949,0.0,0.0,1.0,0.000212,559.5571,556.038272,0.0,0.0,1.0
2642,23-Dec-01,24:00:00,465.764255,0.000481,151.594204,151.594204,0.0,0.0,1.0,0.000479,313.528973,313.528973,0.0,0.0,1.0
2643,24-Dec-01,24:00:00,403.395454,0.000169,136.156833,136.156833,0.0,0.0,1.0,0.000167,267.007231,267.007231,0.0,0.0,1.0
2644,25-Dec-01,24:00:00,362.037177,0.000205,122.464952,122.464952,0.0,0.0,1.0,0.000213,239.383544,239.383544,0.0,0.0,1.0
2645,26-Dec-01,24:00:00,474.067337,0.000336,198.173278,190.314409,0.014019,0.014019,1.0,0.000338,278.04492,267.101682,0.015402,0.015402,1.0
2646,27-Dec-01,24:00:00,1226.322958,0.000152,494.026974,466.896502,0.030323,0.030323,1.0,0.00023,735.469904,692.573478,0.02888,0.02888,1.0
2647,28-Dec-01,24:00:00,942.735891,0.000209,203.463977,202.214834,0.0,0.0,1.0,0.000267,735.528831,714.642291,0.0,0.0,1.0
2648,29-Dec-01,24:00:00,1378.093836,0.000157,640.512226,598.879385,0.05447,0.05447,1.0,0.000207,743.490889,691.762856,0.050113,0.050113,1.0
2649,30-Dec-01,24:00:00,1406.75025,0.000227,345.510806,338.127232,0.007115,0.007115,1.0,0.000253,1057.249704,1022.133101,0.004686,0.004686,1.0
2650,31-Dec-01,24:00:00,2281.835417,0.00017,1109.063165,804.205692,0.079413,0.079413,1.0,0.000206,1181.550914,1088.102856,0.079457,0.079457,1.0
2651,01-Jan-02,24:00:00,3841.190833,0.000209,1067.717348,1021.376736,0.043787,0.043787,1.0,0.000345,2772.179583,2229.325417,0.042696,0.042696,1.0
2652,02-Jan-02,24:00:00,1293.909556,0.000428,269.621374,269.617293,0.0,0.0,1.0,0.00038,1015.835058,1000.123405,0.0,0.0,1.0
2653,03-Jan-02,24:00:00,728.338208,0.000434,233.757788,233.205075,0.004262,0.004262,1.0,0.000461,493.528165,493.397901,0.003915,0.003915,1.0
2654,04-Jan-02,24:00:00,1931.045453,8.6e-05,871.017428,813.833589,0.07248,0.07248,1.0,0.00012,1069.204659,993.387927,0.063381,0.063381,1.0
2655,05-Jan-02,24:00:00,2597.035,0.000217,770.263921,749.009284,0.019912,0.019912,1.0,0.000218,1823.51625,1750.74,0.021996,0.021996,1.0
2656,06-Jan-02,24:00:00,1058.749442,0.000207,266.97644,266.97644,0.0,0.0,1.0,0.000316,786.431837,784.005344,0.0,0.0,1.0
2657,07-Jan-02,24:00:00,715.663891,0.000269,236.093912,236.093912,0.0,0.0,1.0,0.000296,478.766012,478.766012,0.0,0.0,1.0
2658,08-Jan-02,24:00:00,625.706515,0.000477,211.08566,211.08566,0.0,0.0,1.0,0.000469,414.252038,414.252038,0.0,0.0,1.0
2659,09-Jan-02,24:00:00,559.239522,0.000494,188.904981,188.904981,0.0,0.0,1.0,0.000441,370.023778,370.023778,0.0,0.0,1.0
2660,10-Jan-02,24:00:00,500.808332,0.000453,169.231735,169.231735,0.0,0.0,1.0,0.0005,331.302954,331.302954,0.0,0.0,1.0
2661,11-Jan-02,24:00:00,448.999341,0.000271,151.782412,151.782412,0.0,0.0,1.0,0.00056,296.975423,296.975423,0.0,0.0,1.0
2662,12-Jan-02,24:00:00,403.047713,0.000172,136.305559,136.305559,0.0,0.0,1.0,0.000492,266.528875,266.528875,0.0,0.0,1.0
2663,13-Jan-02,24:00:00,362.290678,0.000637,122.578158,122.578158,0.0,0.0,1.0,0.000627,239.524066,239.524066,0.0,0.0,1.0
2664,14-Jan-02,24:00:00,326.14086,0.000528,110.402408,110.402408,0.0,0.0,1.0,0.000492,215.571848,215.571848,0.0,0.0,0.999689
2665,15-Jan-02,24:00:00,294.07732,0.000623,99.602876,99.602876,0.0,0.0,1.0,0.000479,194.327088,194.327088,0.0,0.0,0.998455
2666,16-Jan-02,24:00:00,265.638034,0.000663,90.023966,90.023966,0.0,0.0,1.0,0.000572,175.483678,175.483678,0.0,0.0,0.996669
2667,17-Jan-02,24:00:00,240.413225,0.000586,81.527676,81.527676,0.0,0.0,0.999448,0.000493,158.770125,158.770125,0.0,0.0,0.99482
2668,18-Jan-02,24:00:00,218.039458,0.000681,73.99161,73.99161,0.0,0.0,0.997659,0.00053,143.945636,143.945636,0.0,0.0,0.993104
2669,19-Jan-02,24:00:00,198.194397,0.00058,67.30721,67.30721,0.0,0.0,0.995422,0.00038,130.796644,130.796644,0.0,0.0,0.991547
2670,20-Jan-02,24:00:00,180.592157,0.000306,61.378193,61.378193,0.0,0.0,0.994332,0.00014,119.133732,119.133732,0.0,0.0,0.990815
2671,21-Jan-02,24:00:00,164.979181,0.00064,56.119167,56.119167,0.0,0.0,0.994302,0.000204,108.788902,108.788902,0.0,0.0,0.990815
2672,22-Jan-02,24:00:00,151.130586,0.000647,51.45439,51.45439,0.0,0.0,0.99318,0.000516,99.613151,99.613151,0.0,0.0,0.990815
2673,23-Jan-02,24:00:00,138.846919,0.000608,47.316689,47.316689,0.0,0.0,0.991012,0.000193,91.474325,91.474325,0.0,0.0,0.990815
2674,24-Jan-02,24:00:00,127.95128,0.00037,43.646485,43.646485,0.0,0.0,0.989241,0.00046,84.255213,84.255213,0.0,0.0,0.990815
2675,25-Jan-02,24:00:00,417.312519,0.000321,170.313678,158.921139,0.01394,0.010619,0.998373,0.000365,248.779139,228.148196,0.013216,0.010537,0.998837
2676,26-Jan-02,24:00:00,244.390971,0.000584,52.152131,52.152131,0.0,0.0,1.0,0.000549,190.707685,188.966221,0.0,0.0,1.0
2677,27-Jan-02,24:00:00,140.592291,0.000279,45.265759,45.265759,0.0,0.0,1.0,0.000417,95.11555,95.11555,0.0,0.0,1.0
2678,28-Jan-02,24:00:00,123.600921,0.000536,41.825594,41.825594,0.0,0.0,1.0,0.000574,81.720895,81.720895,0.0,0.0,1.0
2679,29-Jan-02,24:00:00,114.179183,0.00062,38.774697,38.774697,0.0,0.0,1.0,0.000565,75.362427,75.362427,0.0,0.0,1.0
2680,30-Jan-02,24:00:00,106.060268,0.000586,36.068534,36.068534,0.0,0.0,1.0,0.000575,69.954635,69.954635,0.0,0.0,1.0
2681,31-Jan-02,24:00:00,98.866678,0.000535,33.668141,33.668141,0.0,0.0,1.0,0.00029,65.165626,65.165626,0.0,0.0,1.0
2682,01-Feb-02,24:00:00,92.486256,0.00038,31.538963,31.538963,0.0,0.0,1.0,0.000497,60.918091,60.918091,0.0,0.0,1.0
2683,02-Feb-02,24:00:00,86.826886,0.00063,29.650348,29.650348,0.0,0.0,0.999591,0.000629,57.150625,57.150625,0.0,0.0,0.999659
2684,03-Feb-02,24:00:00,81.807081,0.0007,27.975112,27.975112,0.0,0.0,0.997861,0.000712,53.808974,53.808974,0.0,0.0,0.99798
2685,04-Feb-02,24:00:00,77.354573,0.000579,26.489145,26.489145,0.0,0.0,0.995691,0.00057,50.845021,50.845021,0.0,0.0,0.995756
2686,05-Feb-02,24:00:00,73.405262,0.000247,25.171061,25.171061,0.0,0.0,0.994182,0.000465,48.216092,48.216092,0.0,0.0,0.994056
2687,06-Feb-02,24:00:00,274.685263,0.000216,185.737597,167.721268,0.02608,0.024248,0.997358,0.000287,91.223332,79.044322,0.017439,0.015282,0.995275
2688,07-Feb-02,24:00:00,552.769104,0.000821,186.961909,182.918672,0.000912,0.000912,1.0,0.000752,364.674347,347.505139,0.0,0.0,1.0
2689,08-Feb-02,24:00:00,165.206065,0.000857,47.950517,47.950517,0.0,0.0,1.0,0.000724,116.354976,116.181835,0.0,0.0,1.0
2690,09-Feb-02,24:00:00,115.607593,0.000861,44.104709,44.104709,0.0,0.0,1.0,0.000864,71.413654,71.413654,0.0,0.0,1.0
2691,10-Feb-02,24:00:00,105.483297,0.000883,40.794202,40.794202,0.0,0.0,1.0,0.000822,64.654651,64.654651,0.0,0.0,1.0
2692,11-Feb-02,24:00:00,98.285859,0.000941,37.858026,37.858026,0.0,0.0,0.999778,0.000899,60.399018,60.399018,0.0,0.0,1.0
2693,12-Feb-02,24:00:00,91.967162,0.00035,35.253854,35.253854,0.0,0.0,0.998817,0.000739,56.687795,56.687795,0.0,0.0,0.999008
2694,13-Feb-02,24:00:00,86.36508,0.000683,32.944158,32.944158,0.0,0.0,0.997085,0.000974,53.398285,53.398285,0.0,0.0,0.996211
2695,14-Feb-02,24:00:00,81.396712,0.000429,30.895656,30.895656,0.0,0.0,0.995169,0.000547,50.48097,50.48097,0.0,0.0,0.993589
2696,15-Feb-02,24:00:00,104.30967,0.00048,48.693646,43.149813,0.010429,0.008306,0.994801,0.000423,56.294912,53.571721,0.010514,0.007927,0.993358
2697,16-Feb-02,24:00:00,335.746465,0.000539,115.229767,112.250155,0.0,0.0,1.0,0.000547,220.539185,205.670674,0.0,0.0,1.0
2698,17-Feb-02,24:00:00,124.508656,0.000485,34.785305,34.785305,0.0,0.0,1.0,0.000554,89.132596,88.925937,0.0,0.0,1.0
2699,18-Feb-02,24:00:00,594.399917,0.000199,272.667734,252.128486,0.027637,0.027637,1.0,0.000266,328.036874,291.554401,0.036801,0.036801,1.0
2700,19-Feb-02,24:00:00,1117.991344,0.000523,247.823474,239.356291,0.007855,0.007855,1.0,0.000478,867.383331,827.19037,0.00919,0.00919,1.0
2701,20-Feb-02,24:00:00,354.5133,0.000692,65.859333,65.859333,0.0,0.0,1.0,0.000771,285.891751,284.713052,0.0,0.0,1.0
2702,21-Feb-02,24:00:00,202.201997,0.000826,59.311203,59.311203,0.0,0.0,1.0,0.000986,142.602528,142.602528,0.0,0.0,1.0
2703,22-Feb-02,24:00:00,177.17016,0.000484,54.281703,54.281703,0.0,0.0,1.0,0.000429,122.797124,122.797124,0.0,0.0,1.0
2704,23-Feb-02,24:00:00,161.668722,0.001027,49.82124,49.82124,0.0,0.0,1.0,0.000871,111.773466,111.773466,0.0,0.0,1.0
2705,24-Feb-02,24:00:00,148.181166,0.001144,45.865346,45.865346,0.0,0.0,0.99933,0.001033,102.250442,102.250442,0.0,0.0,0.999528
2706,25-Feb-02,24:00:00,136.227726,0.001109,42.356977,42.356977,0.0,0.0,0.996471,0.001072,93.812794,93.812794,0.0,0.0,0.99702
2707,26-Feb-02,24:00:00,125.626989,0.001266,39.245542,39.245542,0.0,0.0,0.992417,0.001155,86.330058,86.330058,0.0,0.0,0.993244
2708,27-Feb-02,24:00:00,116.225804,0.001415,36.486166,36.486166,0.0,0.0,0.988031,0.00133,79.694064,79.694064,0.0,0.0,0.989107
2709,28-Feb-02,24:00:00,107.888554,0.002207,34.039052,34.039052,0.0,0.0,0.981204,0.001166,73.809081,73.809081,0.0,0.0,0.984681
2710,01-Mar-02,24:00:00,100.494964,0.001385,31.868902,31.868902,0.0,0.0,0.975376,0.001128,68.590208,68.590208,0.0,0.0,0.98079
2711,02-Mar-02,24:00:00,93.938358,0.00118,29.944406,29.944406,0.0,0.0,0.971026,0.001146,63.962147,63.962147,0.0,0.0,0.976898
2712,03-Mar-02,24:00:00,88.124123,0.001178,28.237798,28.237798,0.0,0.0,0.96697,0.001204,59.858109,59.858109,0.0,0.0,0.972894
2713,04-Mar-02,24:00:00,82.973139,0.000424,26.724451,26.724451,0.0,0.0,0.964117,0.000629,56.224674,56.218861,0.000462,0.0,0.969992
2714,05-Mar-02,24:00:00,208.538275,0.000373,98.87821,82.196825,0.023069,0.012379,0.986414,0.000468,111.69754,91.061906,0.020944,0.012378,0.9872
2715,06-Mar-02,24:00:00,667.584837,0.000861,202.340596,194.467363,0.006976,0.006976,1.0,0.000694,465.954691,434.258299,0.010633,0.010633,1.0
2716,07-Mar-02,24:00:00,277.182362,0.001098,45.293782,45.293782,0.0,0.0,1.0,0.000977,229.653772,227.756558,0.0,0.0,1.0
2717,08-Mar-02,24:00:00,190.248592,0.000597,76.631921,68.770699,0.018695,0.018695,1.0,0.000728,114.600899,111.550256,0.017436,0.017436,1.0
2718,09-Mar-02,24:00:00,1154.084331,0.000854,452.419377,430.96744,0.017172,0.017172,1.0,0.000632,703.706563,657.405139,0.012434,0.012434,1.0
2719,10-Mar-02,24:00:00,355.972767,0.001224,73.83706,73.83706,0.0,0.0,1.0,0.001195,279.399666,278.188079,0.0,0.0,1.0
2720,11-Mar-02,24:00:00,203.577605,0.000914,66.21205,66.21205,0.0,0.0,1.0,0.000954,137.083177,137.083177,0.0,0.0,1.0
2721,12-Mar-02,24:00:00,178.451986,0.001037,60.407153,60.407153,0.0,0.0,1.0,0.000762,117.957966,117.957966,0.0,0.0,1.0
2722,13-Mar-02,24:00:00,162.827333,0.001311,55.25922,55.25922,0.0,0.0,0.998256,0.001077,107.497972,107.497972,0.0,0.0,0.999445
2723,14-Mar-02,24:00:00,149.227962,0.001086,50.693828,50.693828,0.0,0.0,0.994308,0.00111,98.472184,98.472184,0.0,0.0,0.996777
2724,15-Mar-02,24:00:00,137.175906,0.001078,46.645112,46.645112,0.0,0.0,0.990432,0.000972,90.475877,90.475877,0.0,0.0,0.992985
2725,16-Mar-02,24:00:00,126.488386,0.000848,43.054657,43.054657,0.0,0.0,0.987395,0.000777,83.385034,83.385034,0.0,0.0,0.990124
2726,17-Mar-02,24:00:00,117.010906,0.00144,39.870651,39.870651,0.0,0.0,0.983264,0.001194,77.097072,77.097072,0.0,0.0,0.986743
2727,18-Mar-02,24:00:00,108.606655,0.001353,37.047143,37.047143,0.0,0.0,0.978573,0.001357,71.521212,71.521212,0.0,0.0,0.982403
2728,19-Mar-02,24:00:00,101.154296,0.001248,34.543377,34.543377,0.0,0.0,0.974122,0.001252,66.576949,66.576949,0.0,0.0,0.977938
2729,20-Mar-02,24:00:00,94.546213,0.001284,32.323203,32.323203,0.0,0.0,0.969712,0.001556,62.192878,62.192878,0.0,0.0,0.973217
2730,21-Mar-02,24:00:00,423.844593,0.000307,229.509789,205.453167,0.029805,0.020295,0.985905,0.000377,197.480462,166.649351,0.023764,0.015086,0.987424
2731,22-Mar-02,24:00:00,1193.496454,0.000772,442.637562,419.502122,0.027939,0.027939,1.0,0.00071,752.407671,703.425278,0.025075,0.025075,1.0
2732,23-Mar-02,24:00:00,440.817302,0.001269,82.854102,82.854102,0.0,0.0,1.0,0.001231,354.153425,351.292659,0.0,0.0,1.0
2733,24-Mar-02,24:00:00,212.280461,0.000947,70.680401,70.680401,0.0,0.0,1.0,0.00101,141.174019,141.174019,0.0,0.0,1.0
2734,25-Mar-02,24:00:00,180.654215,0.001454,64.37551,64.37551,0.0,0.0,0.999829,0.001421,116.186624,116.186624,0.0,0.0,0.999914
2735,26-Mar-02,24:00:00,164.559152,0.001632,58.785018,58.785018,0.0,0.0,0.996838,0.001506,105.705442,105.705442,0.0,0.0,0.997297
2736,27-Mar-02,24:00:00,150.776898,0.001606,53.827252,53.827252,0.0,0.0,0.991194,0.001835,96.889194,96.889194,0.0,0.0,0.99164
2737,28-Mar-02,24:00:00,138.570894,0.001252,49.430672,49.430672,0.0,0.0,0.986345,0.001885,89.08664,89.08664,0.0,0.0,0.98529
2738,29-Mar-02,24:00:00,127.747472,0.001224,45.531828,45.531828,0.0,0.0,0.982163,0.001805,82.168133,82.168133,0.0,0.0,0.978922
2739,30-Mar-02,24:00:00,118.149868,0.001378,42.074444,42.074444,0.0,0.0,0.977725,0.001782,76.033293,76.033293,0.0,0.0,0.97274
2740,31-Mar-02,24:00:00,109.639476,0.001362,39.008606,39.008606,0.0,0.0,0.972998,0.001881,70.593505,70.593505,0.0,0.0,0.966518
2741,01-Apr-02,24:00:00,102.093372,0.00078,36.290045,36.290045,0.0,0.0,0.969239,0.001742,65.770187,65.770187,0.0,0.0,0.960281
2742,02-Apr-02,24:00:00,95.402533,0.000615,33.879498,33.879498,0.0,0.0,0.966831,0.00102,61.493641,61.493641,0.0,0.0,0.95556
2743,03-Apr-02,24:00:00,89.470265,0.000638,31.742141,31.742141,0.0,0.0,0.964597,0.000605,57.702052,57.702052,0.0,0.0,0.952645
2744,04-Apr-02,24:00:00,84.210805,0.000655,29.847088,29.847088,0.0,0.0,0.962354,0.000828,54.340592,54.340592,0.0,0.0,0.950043
2745,05-Apr-02,24:00:00,79.548088,0.001611,28.166945,28.166945,0.0,0.0,0.958562,0.001455,51.360634,51.360634,0.0,0.0,0.946344
2746,06-Apr-02,24:00:00,75.414652,0.001237,26.677415,26.677415,0.0,0.0,0.953806,0.001664,48.719048,48.719048,0.0,0.0,0.941075
2747,07-Apr-02,24:00:00,71.75066,0.000851,25.356948,25.356948,0.0,0.0,0.950143,0.001499,46.377581,46.377581,0.0,0.0,0.935487
2748,08-Apr-02,24:00:00,68.503042,0.000451,24.186432,24.186432,0.0,0.0,0.9478,0.000602,44.302306,44.302306,0.0,0.0,0.931906
2749,09-Apr-02,24:00:00,65.624727,0.001454,23.148915,23.148915,0.0,0.0,0.944628,0.001775,42.46313,42.46313,0.0,0.0,0.927861
2750,10-Apr-02,24:00:00,63.073967,0.001136,22.229361,22.229361,0.0,0.0,0.940229,0.00095,40.833363,40.833363,0.0,0.0,0.923259
2751,11-Apr-02,24:00:00,60.813735,0.001811,21.414436,21.414436,0.0,0.0,0.935188,0.002026,39.389334,39.389334,0.0,0.0,0.918181
2752,12-Apr-02,24:00:00,58.811188,0.002051,20.69231,20.69231,0.0,0.0,0.928606,0.00213,38.110046,38.110046,0.0,0.0,0.911103
2753,13-Apr-02,24:00:00,57.037198,0.001907,20.052494,20.052494,0.0,0.0,0.921806,0.001657,36.976878,36.976878,0.0,0.0,0.904576
2754,14-Apr-02,24:00:00,55.465928,0.001879,19.485683,19.485683,0.0,0.0,0.915034,0.001636,35.973311,35.973311,0.0,0.0,0.898632
2755,15-Apr-02,24:00:00,54.23117,0.000801,18.983625,18.983625,0.0,0.0,0.910491,0.000648,35.249551,35.084698,0.000259,0.0,0.895099
2756,16-Apr-02,24:00:00,53.121404,0.001183,18.538999,18.538999,0.0,0.0,0.907217,0.001081,34.56898,34.298042,0.0,0.0,0.894937
2757,17-Apr-02,24:00:00,51.754943,0.001525,18.145314,18.145314,0.0,0.0,0.902667,0.001358,33.604656,33.60182,0.0,0.0,0.894937
2758,18-Apr-02,24:00:00,50.786879,0.002163,17.796811,17.796811,0.0,0.0,0.896333,0.00181,32.98581,32.98581,0.0,0.0,0.894852
2759,19-Apr-02,24:00:00,49.933094,0.001612,17.488382,17.488382,0.0,0.0,0.889785,0.001778,32.440944,32.440944,0.0,0.0,0.891788
2760,20-Apr-02,24:00:00,49.17801,0.001725,17.215498,17.215498,0.0,0.0,0.884219,0.001863,31.959181,31.959181,0.0,0.0,0.88563
2761,21-Apr-02,24:00:00,48.510471,0.002118,16.974139,16.974139,0.0,0.0,0.877631,0.00206,31.533388,31.533388,0.0,0.0,0.878853
2762,22-Apr-02,24:00:00,47.92058,0.002058,16.760743,16.760743,0.0,0.0,0.870383,0.002117,31.157237,31.157237,0.0,0.0,0.871717
2763,23-Apr-02,24:00:00,47.399559,0.001097,16.572147,16.572147,0.0,0.0,0.865045,0.001296,30.825116,30.825116,0.0,0.0,0.865656
2764,24-Apr-02,24:00:00,46.939622,0.001586,16.405548,16.405548,0.0,0.0,0.860508,0.002054,30.532048,30.532048,0.0,0.0,0.860124
2765,25-Apr-02,24:00:00,46.533862,0.001804,16.258459,16.258459,0.0,0.0,0.854722,0.001751,30.273617,30.273617,0.0,0.0,0.853637
2766,26-Apr-02,24:00:00,46.176153,0.001317,16.128673,16.128673,0.0,0.0,0.849243,0.001218,30.045907,30.045907,0.0,0.0,0.84835
2767,27-Apr-02,24:00:00,45.86106,0.001204,16.014233,16.014233,0.0,0.0,0.844836,0.001052,29.845443,29.845443,0.0,0.0,0.84439
2768,28-Apr-02,24:00:00,45.583764,0.001265,15.913404,15.913404,0.0,0.0,0.840668,0.000655,29.669143,29.669143,0.0,0.0,0.841476
2769,29-Apr-02,24:00:00,45.339988,0.000809,15.824646,15.824646,0.0,0.0,0.836926,0.000716,29.514274,29.514274,0.0,0.0,0.839194
2770,30-Apr-02,24:00:00,45.125939,0.001599,15.746592,15.746592,0.0,0.0,0.832866,0.001419,29.378411,29.378411,0.0,0.0,0.835587
2771,01-May-02,24:00:00,44.938253,0.001557,15.678031,15.678031,0.0,0.0,0.827527,0.002072,29.259402,29.259402,0.0,0.0,0.829641
2772,02-May-02,24:00:00,44.773944,0.001156,15.617889,15.617889,0.0,0.0,0.82298,0.001778,29.155339,29.155339,0.0,0.0,0.823184
2773,03-May-02,24:00:00,44.630365,0.00156,15.56521,15.56521,0.0,0.0,0.818366,0.00223,29.06453,29.06453,0.0,0.0,0.816224
2774,04-May-02,24:00:00,44.505166,0.00231,15.519151,15.519151,0.0,0.0,0.812045,0.002432,28.985471,28.985471,0.0,0.0,0.808338
2775,05-May-02,24:00:00,44.396262,0.002025,15.47896,15.47896,0.0,0.0,0.804213,0.00219,28.916831,28.916831,0.0,0.0,0.800364
2776,06-May-02,24:00:00,44.301806,0.001985,15.443972,15.443972,0.0,0.0,0.797352,0.001946,28.857427,28.857427,0.0,0.0,0.793122
2777,07-May-02,24:00:00,44.220155,0.002208,15.413595,15.413595,0.0,0.0,0.790179,0.00221,28.806211,28.806211,0.0,0.0,0.786141
2778,08-May-02,24:00:00,44.149856,0.002058,15.387306,15.387306,0.0,0.0,0.782872,0.002186,28.76225,28.76225,0.0,0.0,0.778606
2779,09-May-02,24:00:00,44.089615,0.002115,15.364639,15.364639,0.0,0.0,0.775702,0.001918,28.724721,28.724721,0.0,0.0,0.771238
2780,10-May-02,24:00:00,44.038286,0.002442,15.345182,15.345182,0.0,0.0,0.767968,0.002237,28.692889,28.692889,0.0,0.0,0.7644
2781,11-May-02,24:00:00,43.994854,0.002017,15.328568,15.328568,0.0,0.0,0.760439,0.002407,28.666105,28.666105,0.0,0.0,0.756591
2782,12-May-02,24:00:00,43.958414,0.002242,15.314474,15.314474,0.0,0.0,0.753153,0.002115,28.643791,28.643791,0.0,0.0,0.748776
2783,13-May-02,24:00:00,43.928166,0.002238,15.302609,15.302609,0.0,0.0,0.745287,0.002323,28.625434,28.625434,0.0,0.0,0.741126
2784,14-May-02,24:00:00,43.903398,0.002463,15.292719,15.292719,0.0,0.0,0.737607,0.002542,28.610581,28.610581,0.0,0.0,0.732943
2785,15-May-02,24:00:00,43.88348,0.00226,15.284576,15.284576,0.0,0.0,0.729056,0.002341,28.598828,28.598828,0.0,0.0,0.724469
2786,16-May-02,24:00:00,43.867852,0.002293,15.277978,15.277978,0.0,0.0,0.721378,0.002391,28.589816,28.589816,0.0,0.0,0.716283
2787,17-May-02,24:00:00,43.856015,0.001866,15.272747,15.272747,0.0,0.0,0.714148,0.00193,28.583227,28.583227,0.0,0.0,0.708869
2788,18-May-02,24:00:00,43.847527,0.000558,15.268723,15.268723,0.0,0.0,0.709944,0.000893,28.578778,28.578778,0.0,0.0,0.703785
2789,19-May-02,24:00:00,47.07722,0.000957,17.192835,15.265765,0.004778,0.0,0.710819,0.000827,29.903664,28.57622,0.001292,0.0,0.704091
2790,20-May-02,24:00:00,46.688528,0.001448,17.241637,15.263749,0.0,0.0,0.724696,0.001085,29.427948,28.575328,0.0,0.0,0.706649
2791,21-May-02,24:00:00,43.846441,0.001922,15.262561,15.262561,0.0,0.0,0.724696,0.002033,28.583534,28.575905,0.0,0.0,0.706649
2792,22-May-02,24:00:00,43.839861,0.002429,15.262104,15.262104,0.0,0.0,0.722496,0.002314,28.577775,28.577775,0.0,0.0,0.705037
2793,23-May-02,24:00:00,43.843046,0.00242,15.26229,15.26229,0.0,0.0,0.715215,0.002459,28.580781,28.580781,0.0,0.0,0.698357
2794,24-May-02,24:00:00,43.847794,0.001865,15.263041,15.263041,0.0,0.0,0.707775,0.002607,28.584786,28.584786,0.0,0.0,0.689778
2795,25-May-02,24:00:00,43.853912,0.001723,15.264286,15.264286,0.0,0.0,0.701743,0.002393,28.589664,28.589664,0.0,0.0,0.681095
2796,26-May-02,24:00:00,43.861228,0.001464,15.265965,15.265965,0.0,0.0,0.696222,0.001362,28.595307,28.595307,0.0,0.0,0.67443
2797,27-May-02,24:00:00,43.869591,0.001777,15.268023,15.268023,0.0,0.0,0.690759,0.002316,28.601617,28.601617,0.0,0.0,0.668337
2798,28-May-02,24:00:00,43.878864,0.002621,15.27041,15.27041,0.0,0.0,0.683381,0.002749,28.608506,28.608506,0.0,0.0,0.659812
2799,29-May-02,24:00:00,43.888925,0.002513,15.273083,15.273083,0.0,0.0,0.674319,0.002894,28.615898,28.615898,0.0,0.0,0.650148
2800,30-May-02,24:00:00,43.899668,0.002214,15.276004,15.276004,0.0,0.0,0.666158,0.002617,28.623722,28.623722,0.0,0.0,0.640558
2801,31-May-02,24:00:00,43.910996,0.002213,15.279138,15.279138,0.0,0.0,0.658625,0.002447,28.631919,28.631919,0.0,0.0,0.631953
2802,01-Jun-02,24:00:00,43.922825,0.002229,15.282455,15.282455,0.0,0.0,0.651008,0.00246,28.640434,28.640434,0.0,0.0,0.623524
2803,02-Jun-02,24:00:00,43.935077,0.002687,15.285927,15.285927,0.0,0.0,0.643031,0.002722,28.649216,28.649216,0.0,0.0,0.614793
2804,03-Jun-02,24:00:00,43.947686,0.003151,15.289529,15.289529,0.0,0.0,0.632358,0.002936,28.658224,28.658224,0.0,0.0,0.605039
2805,04-Jun-02,24:00:00,43.960589,0.003395,15.29324,15.29324,0.0,0.0,0.62186,0.003107,28.667417,28.667417,0.0,0.0,0.594713
2806,05-Jun-02,24:00:00,43.973734,0.003217,15.297041,15.297041,0.0,0.0,0.610452,0.003025,28.676762,28.676762,0.0,0.0,0.584371
2807,06-Jun-02,24:00:00,43.987072,0.002976,15.300914,15.300914,0.0,0.0,0.599735,0.002915,28.686228,28.686228,0.0,0.0,0.574054
2808,07-Jun-02,24:00:00,44.000559,0.003201,15.304843,15.304843,0.0,0.0,0.588781,0.002803,28.695786,28.695786,0.0,0.0,0.563804
2809,08-Jun-02,24:00:00,44.014156,0.003433,15.308816,15.308816,0.0,0.0,0.577525,0.002621,28.705411,28.705411,0.0,0.0,0.554709
2810,09-Jun-02,24:00:00,44.02783,0.003046,15.312819,15.312819,0.0,0.0,0.566165,0.002616,28.715082,28.715082,0.0,0.0,0.545783
2811,10-Jun-02,24:00:00,44.041548,0.002453,15.316841,15.316841,0.0,0.0,0.556809,0.002805,28.724779,28.724779,0.0,0.0,0.536553
2812,11-Jun-02,24:00:00,44.055283,0.001455,15.320872,15.320872,0.0,0.0,0.550261,0.002651,28.734483,28.734483,0.0,0.0,0.527301
2813,12-Jun-02,24:00:00,44.06901,0.001494,15.324904,15.324904,0.0,0.0,0.545194,0.002572,28.744178,28.744178,0.0,0.0,0.518256
2814,13-Jun-02,24:00:00,44.082707,0.002246,15.328928,15.328928,0.0,0.0,0.538874,0.00242,28.75385,28.75385,0.0,0.0,0.509729
2815,14-Jun-02,24:00:00,44.096352,0.002367,15.332937,15.332937,0.0,0.0,0.530899,0.002575,28.763486,28.763486,0.0,0.0,0.501134
2816,15-Jun-02,24:00:00,44.109927,0.002508,15.336924,15.336924,0.0,0.0,0.522588,0.002641,28.773074,28.773074,0.0,0.0,0.492249
2817,16-Jun-02,24:00:00,44.123417,0.002888,15.340884,15.340884,0.0,0.0,0.513566,0.0027,28.782603,28.782603,0.0,0.0,0.483053
2818,17-Jun-02,24:00:00,44.136805,0.002502,15.344811,15.344811,0.0,0.0,0.504269,0.002256,28.792063,28.792063,0.0,0.0,0.47463
2819,18-Jun-02,24:00:00,44.150078,0.002628,15.3487,15.3487,0.0,0.0,0.495244,0.002781,28.801447,28.801447,0.0,0.0,0.465961
2820,19-Jun-02,24:00:00,44.163224,0.002437,15.352547,15.352547,0.0,0.0,0.486587,0.002837,28.810745,28.810745,0.0,0.0,0.456405
2821,20-Jun-02,24:00:00,44.176232,0.002111,15.356349,15.356349,0.0,0.0,0.478772,0.002446,28.819951,28.819951,0.0,0.0,0.447123
2822,21-Jun-02,24:00:00,44.189092,0.001803,15.3601,15.3601,0.0,0.0,0.472172,0.002559,28.829058,28.829058,0.0,0.0,0.438669
2823,22-Jun-02,24:00:00,44.201793,0.002509,15.363799,15.363799,0.0,0.0,0.464701,0.002607,28.83806,28.83806,0.0,0.0,0.429769
2824,23-Jun-02,24:00:00,44.214328,0.002269,15.367442,15.367442,0.0,0.0,0.45661,0.002735,28.846951,28.846951,0.0,0.0,0.420586
2825,24-Jun-02,24:00:00,44.226688,0.002339,15.371026,15.371026,0.0,0.0,0.448527,0.002945,28.855726,28.855726,0.0,0.0,0.41093
2826,25-Jun-02,24:00:00,44.238866,0.001609,15.374548,15.374548,0.0,0.0,0.441843,0.002762,28.864381,28.864381,0.0,0.0,0.401146
2827,26-Jun-02,24:00:00,44.250857,0.002286,15.378008,15.378008,0.0,0.0,0.435318,0.002911,28.872911,28.872911,0.0,0.0,0.391448
2828,27-Jun-02,24:00:00,44.262653,0.002317,15.381401,15.381401,0.0,0.0,0.427515,0.002823,28.881313,28.881313,0.0,0.0,0.381643
2829,28-Jun-02,24:00:00,44.274249,0.002844,15.384727,15.384727,0.0,0.0,0.418652,0.002698,28.889582,28.889582,0.0,0.0,0.372109
2830,29-Jun-02,24:00:00,44.285639,0.002919,15.387983,15.387983,0.0,0.0,0.408595,0.002712,28.897715,28.897715,0.0,0.0,0.362837
2831,30-Jun-02,24:00:00,44.296819,0.002882,15.391168,15.391168,0.0,0.0,0.398721,0.002999,28.90571,28.90571,0.0,0.0,0.35313
2832,01-Jul-02,24:00:00,44.307784,0.002182,15.39428,15.39428,0.0,0.0,0.389803,0.002789,28.913562,28.913562,0.0,0.0,0.3431
2833,02-Jul-02,24:00:00,44.31853,0.002091,15.397317,15.397317,0.0,0.0,0.38278,0.003008,28.921269,28.921269,0.0,0.0,0.333463
2834,03-Jul-02,24:00:00,44.329053,0.002579,15.400279,15.400279,0.0,0.0,0.374639,0.002699,28.928829,28.928829,0.0,0.0,0.3233
2835,04-Jul-02,24:00:00,44.339349,0.002469,15.403164,15.403164,0.0,0.0,0.365938,0.0027,28.93624,28.93624,0.0,0.0,0.314262
2836,05-Jul-02,24:00:00,44.349415,0.002689,15.40597,15.40597,0.0,0.0,0.357243,0.003043,28.943497,28.943497,0.0,0.0,0.304578
2837,06-Jul-02,24:00:00,44.359246,0.002583,15.408697,15.408697,0.0,0.0,0.34807,0.002766,28.950601,28.950601,0.0,0.0,0.294231
2838,07-Jul-02,24:00:00,44.368841,0.002849,15.411344,15.411344,0.0,0.0,0.338914,0.00268,28.957548,28.957548,0.0,0.0,0.285012
2839,08-Jul-02,24:00:00,44.378196,0.003079,15.413908,15.413908,0.0,0.0,0.328802,0.002904,28.964337,28.964337,0.0,0.0,0.275437
2840,09-Jul-02,24:00:00,44.387308,0.002993,15.416391,15.416391,0.0,0.0,0.318316,0.003023,28.970965,28.970965,0.0,0.0,0.265312
2841,10-Jul-02,24:00:00,44.396174,0.002586,15.41879,15.41879,0.0,0.0,0.308633,0.003161,28.977431,28.977431,0.0,0.0,0.254946
2842,11-Jul-02,24:00:00,44.404793,0.002514,15.421104,15.421104,0.0,0.0,0.300051,0.00313,28.983734,28.983734,0.0,0.0,0.243932
2843,12-Jul-02,24:00:00,44.413161,0.002326,15.423334,15.423334,0.0,0.0,0.291578,0.002916,28.989871,28.989871,0.0,0.0,0.233549
2844,13-Jul-02,24:00:00,44.421276,0.002196,15.425478,15.425478,0.0,0.0,0.283915,0.002978,28.995842,28.995842,0.0,0.0,0.223569
2845,14-Jul-02,24:00:00,44.429136,0.001899,15.427534,15.427534,0.0,0.0,0.276824,0.002414,29.001644,29.001644,0.0,0.0,0.214278
2846,15-Jul-02,24:00:00,44.436739,0.001643,15.429504,15.429504,0.0,0.0,0.270779,0.002484,29.007276,29.007276,0.0,0.0,0.205799
2847,16-Jul-02,24:00:00,44.444083,0.001874,15.431385,15.431385,0.0,0.0,0.264771,0.002741,29.012738,29.012738,0.0,0.0,0.196917
2848,17-Jul-02,24:00:00,44.451166,0.002006,15.433177,15.433177,0.0,0.0,0.258141,0.002739,29.018026,29.018026,0.0,0.0,0.187477
2849,18-Jul-02,24:00:00,44.457985,0.002419,15.434881,15.434881,0.0,0.0,0.250534,0.00273,29.023142,29.023142,0.0,0.0,0.178052
2850,19-Jul-02,24:00:00,44.46454,0.002353,15.436494,15.436494,0.0,0.0,0.242182,0.002958,29.028082,29.028082,0.0,0.0,0.168437
2851,20-Jul-02,24:00:00,44.470828,0.001169,15.438016,15.438016,0.0,0.0,0.236188,0.002378,29.032847,29.032847,0.0,0.0,0.159097
2852,21-Jul-02,24:00:00,44.476848,0.001708,15.439447,15.439447,0.0,0.0,0.231394,0.001998,29.037434,29.037434,0.0,0.0,0.151498
2853,22-Jul-02,24:00:00,44.482598,0.001908,15.440786,15.440786,0.0,0.0,0.225215,0.00248,29.041843,29.041843,0.0,0.0,0.143986
2854,23-Jul-02,24:00:00,44.488076,0.002385,15.442033,15.442033,0.0,0.0,0.217778,0.002511,29.046073,29.046073,0.0,0.0,0.135434
2855,24-Jul-02,24:00:00,44.493281,0.001848,15.443188,15.443188,0.0,0.0,0.210586,0.002389,29.050123,29.050123,0.0,0.0,0.126933
2856,25-Jul-02,24:00:00,44.498212,0.002005,15.444249,15.444249,0.0,0.0,0.203918,0.002348,29.053991,29.053991,0.0,0.0,0.118773
2857,26-Jul-02,24:00:00,44.502868,0.001897,15.445216,15.445216,0.0,0.0,0.19718,0.002021,29.057678,29.057678,0.0,0.0,0.111309
2858,27-Jul-02,24:00:00,44.507245,0.001387,15.446089,15.446089,0.0,0.0,0.19156,0.001387,29.061181,29.061181,0.0,0.0,0.105459
2859,28-Jul-02,24:00:00,44.511345,0.001816,15.446868,15.446868,0.0,0.0,0.186104,0.001935,29.064501,29.064501,0.0,0.0,0.099814
2860,29-Jul-02,24:00:00,44.515165,0.001892,15.447551,15.447551,0.0,0.0,0.179766,0.002297,29.067636,29.067636,0.0,0.0,0.092417
2861,30-Jul-02,24:00:00,44.518704,0.001565,15.448139,15.448139,0.0,0.0,0.173851,0.002264,29.070586,29.070586,0.0,0.0,0.085038
2862,31-Jul-02,24:00:00,44.52196,0.001801,15.448631,15.448631,0.0,0.0,0.167987,0.002491,29.073349,29.073349,0.0,0.0,0.076599
2863,01-Aug-02,24:00:00,44.524934,0.001424,15.449027,15.449027,0.0,0.0,0.1625,0.002344,29.075925,29.075925,0.0,0.0,0.068376
2864,02-Aug-02,24:00:00,44.527623,0.00083,15.449326,15.449326,0.0,0.0,0.158478,0.001681,29.078313,29.078313,0.0,0.0,0.061383
2865,03-Aug-02,24:00:00,44.530027,0.001986,15.449529,15.449529,0.0,0.0,0.153724,0.002246,29.080513,29.080513,0.0,0.0,0.054682
2866,04-Aug-02,24:00:00,44.532144,0.002579,15.449634,15.449634,0.0,0.0,0.14634,0.002395,29.082524,29.082524,0.0,0.0,0.046766
2867,05-Aug-02,24:00:00,44.533974,0.002345,15.449641,15.449641,0.0,0.0,0.137537,0.002295,29.084346,29.084346,0.0,0.0,0.038577
2868,06-Aug-02,24:00:00,44.535516,0.002692,15.449551,15.449551,0.0,0.0,0.129101,0.002295,29.085976,29.085976,0.0,0.0,0.030851
2869,07-Aug-02,24:00:00,44.536769,0.002725,15.449362,15.449362,0.0,0.0,0.119795,0.002534,29.087416,29.087416,0.0,0.0,0.022521
2870,08-Aug-02,24:00:00,44.537731,0.002793,15.449075,15.449075,0.0,0.0,0.110345,0.002659,29.088665,29.088665,0.0,0.0,0.013661
2871,09-Aug-02,24:00:00,44.538403,0.002708,15.448689,15.448689,0.0,0.0,0.100878,0.002715,29.089721,29.089721,0.0,0.0,0.004656
2872,10-Aug-02,24:00:00,44.538783,0.002178,15.448204,15.448204,0.0,0.0,0.092433,0.002566,29.090584,29.090584,0.0,0.0,0.0
2873,11-Aug-02,24:00:00,44.538871,0.002023,15.44762,15.44762,0.0,0.0,0.085213,0.002617,29.091255,29.091255,0.0,0.0,0.0
2874,12-Aug-02,24:00:00,44.538665,0.00181,15.446936,15.446936,0.0,0.0,0.078619,0.002672,29.091732,29.091732,0.0,0.0,0.0
2875,13-Aug-02,24:00:00,44.538166,0.001745,15.446153,15.446153,0.0,0.0,0.072487,0.002577,29.092014,29.092014,0.0,0.0,0.0
2876,14-Aug-02,24:00:00,44.537372,0.001709,15.445269,15.445269,0.0,0.0,0.066561,0.002509,29.092103,29.092103,0.0,0.0,0.0
2877,15-Aug-02,24:00:00,44.536283,0.001548,15.444286,15.444286,0.0,0.0,0.060998,0.002383,29.091996,29.091996,0.0,0.0,0.0
2878,16-Aug-02,24:00:00,44.534898,0.001554,15.443202,15.443202,0.0,0.0,0.055658,0.002656,29.091694,29.091694,0.0,0.0,0.0
2879,17-Aug-02,24:00:00,44.533217,0.00164,15.442017,15.442017,0.0,0.0,0.050185,0.002381,29.091196,29.091196,0.0,0.0,0.0
2880,18-Aug-02,24:00:00,44.53124,0.00143,15.440732,15.440732,0.0,0.0,0.044901,0.00219,29.090502,29.090502,0.0,0.0,0.0
2881,19-Aug-02,24:00:00,44.528964,0.00239,15.439346,15.439346,0.0,0.0,0.038791,0.002458,29.089611,29.089611,0.0,0.0,0.0
2882,20-Aug-02,24:00:00,44.526391,0.002097,15.437858,15.437858,0.0,0.0,0.030618,0.002227,29.088524,29.088524,0.0,0.0,0.0
2883,21-Aug-02,24:00:00,44.523519,0.001268,15.43627,15.43627,0.0,0.0,0.024871,0.002118,29.08724,29.08724,0.0,0.0,0.0
2884,22-Aug-02,24:00:00,44.520349,0.00148,15.43458,15.43458,0.0,0.0,0.020205,0.002088,29.085758,29.085758,0.0,0.0,0.0
2885,23-Aug-02,24:00:00,44.51688,0.001485,15.432788,15.432788,0.0,0.0,0.015135,0.002342,29.084079,29.084079,0.0,0.0,0.0
2886,24-Aug-02,24:00:00,44.513111,0.001897,15.430895,15.430895,0.0,0.0,0.00936,0.002507,29.082201,29.082201,0.0,0.0,0.0
2887,25-Aug-02,24:00:00,44.509042,0.00228,15.4289,15.4289,0.0,0.0,0.002828,0.002428,29.080126,29.080126,0.0,0.0,0.0
2888,26-Aug-02,24:00:00,44.504673,0.00246,15.426804,15.426804,0.0,0.0,0.0,0.002421,29.077852,29.077852,0.0,0.0,0.0
2889,27-Aug-02,24:00:00,44.500004,0.001767,15.424605,15.424605,0.0,0.0,0.0,0.002648,29.07538,29.07538,0.0,0.0,0.0
2890,28-Aug-02,24:00:00,44.495033,0.002,15.422304,15.422304,0.0,0.0,0.0,0.001879,29.072709,29.072709,0.0,0.0,0.0
2891,29-Aug-02,24:00:00,44.489762,0.002136,15.419902,15.419902,0.0,0.0,0.0,0.00212,29.069839,29.069839,0.0,0.0,0.0
2892,30-Aug-02,24:00:00,44.48419,0.002328,15.417397,15.417397,0.0,0.0,0.0,0.002203,29.06677,29.06677,0.0,0.0,0.0
2893,31-Aug-02,24:00:00,44.478315,0.002341,15.41479,15.41479,0.0,0.0,0.0,0.002166,29.063501,29.063501,0.0,0.0,0.0
2894,01-Sep-02,24:00:00,44.47214,0.002411,15.41208,15.41208,0.0,0.0,0.0,0.002461,29.060033,29.060033,0.0,0.0,0.0
2895,02-Sep-02,24:00:00,44.465662,0.001698,15.409268,15.409268,0.0,0.0,0.0,0.002377,29.056366,29.056366,0.0,0.0,0.0
2896,03-Sep-02,24:00:00,44.458883,0.00187,15.406354,15.406354,0.0,0.0,0.0,0.002049,29.0525,29.0525,0.0,0.0,0.0
2897,04-Sep-02,24:00:00,44.451802,0.001988,15.403338,15.403338,0.0,0.0,0.0,0.002008,29.048433,29.048433,0.0,0.0,0.0
2898,05-Sep-02,24:00:00,44.444419,0.001787,15.400219,15.400219,0.0,0.0,0.0,0.001805,29.044168,29.044168,0.0,0.0,0.0
2899,06-Sep-02,24:00:00,44.436733,0.001739,15.396998,15.396998,0.0,0.0,0.0,0.001862,29.039702,29.039702,0.0,0.0,0.0
2900,07-Sep-02,24:00:00,44.428746,0.002015,15.393674,15.393674,0.0,0.0,0.0,0.001949,29.035037,29.035037,0.0,0.0,0.0
2901,08-Sep-02,24:00:00,44.420456,0.002244,15.390248,15.390248,0.0,0.0,0.0,0.002062,29.030172,29.030172,0.0,0.0,0.0
2902,09-Sep-02,24:00:00,44.411864,0.002231,15.386719,15.386719,0.0,0.0,0.0,0.002108,29.025107,29.025107,0.0,0.0,0.0
2903,10-Sep-02,24:00:00,44.40297,0.001664,15.383088,15.383088,0.0,0.0,0.0,0.002231,29.019842,29.019842,0.0,0.0,0.0
2904,11-Sep-02,24:00:00,44.393774,0.001425,15.379355,15.379355,0.0,0.0,0.0,0.00211,29.014378,29.014378,0.0,0.0,0.0
2905,12-Sep-02,24:00:00,44.384276,0.001411,15.375519,15.375519,0.0,0.0,0.0,0.002035,29.008714,29.008714,0.0,0.0,0.0
2906,13-Sep-02,24:00:00,44.374476,0.001476,15.371581,15.371581,0.0,0.0,0.0,0.001917,29.002851,29.002851,0.0,0.0,0.0
2907,14-Sep-02,24:00:00,44.364374,0.001431,15.367541,15.367541,0.0,0.0,0.0,0.001702,28.996788,28.996788,0.0,0.0,0.0
2908,15-Sep-02,24:00:00,44.353971,0.001744,15.363399,15.363399,0.0,0.0,0.0,0.001847,28.990525,28.990525,0.0,0.0,0.0
2909,16-Sep-02,24:00:00,44.343266,0.002165,15.359154,15.359154,0.0,0.0,0.0,0.00203,28.984064,28.984064,0.0,0.0,0.0
2910,17-Sep-02,24:00:00,44.33226,0.00237,15.354807,15.354807,0.0,0.0,0.0,0.002166,28.977403,28.977403,0.0,0.0,0.0
2911,18-Sep-02,24:00:00,44.320953,0.002163,15.350359,15.350359,0.0,0.0,0.0,0.001836,28.970543,28.970543,0.0,0.0,0.0
2912,19-Sep-02,24:00:00,44.309344,0.002101,15.345808,15.345808,0.0,0.0,0.0,0.001891,28.963484,28.963484,0.0,0.0,0.0
2913,20-Sep-02,24:00:00,44.297435,0.001902,15.341156,15.341156,0.0,0.0,0.0,0.001995,28.956226,28.956226,0.0,0.0,0.0
2914,21-Sep-02,24:00:00,44.285226,0.00171,15.336401,15.336401,0.0,0.0,0.0,0.002022,28.948769,28.948769,0.0,0.0,0.0
2915,22-Sep-02,24:00:00,44.272717,0.001962,15.331545,15.331545,0.0,0.0,0.0,0.001839,28.941114,28.941114,0.0,0.0,0.0
2916,23-Sep-02,24:00:00,44.259907,0.001727,15.326588,15.326588,0.0,0.0,0.0,0.001895,28.933261,28.933261,0.0,0.0,0.0
2917,24-Sep-02,24:00:00,44.246799,0.001579,15.321529,15.321529,0.0,0.0,0.0,0.001757,28.92521,28.92521,0.0,0.0,0.0
2918,25-Sep-02,24:00:00,44.23339,0.000868,15.316368,15.316368,0.0,0.0,0.0,0.00167,28.91696,28.91696,0.0,0.0,0.0
2919,26-Sep-02,24:00:00,44.219683,0.000662,15.311107,15.311107,0.0,0.0,0.0,0.001388,28.908514,28.908514,0.0,0.0,0.0
2920,27-Sep-02,24:00:00,44.205678,0.001182,15.305744,15.305744,0.0,0.0,0.0,0.001415,28.899869,28.899869,0.0,0.0,0.0
2921,28-Sep-02,24:00:00,44.191374,0.001261,15.300281,15.300281,0.0,0.0,0.0,0.00143,28.891028,28.891028,0.0,0.0,0.0
2922,29-Sep-02,24:00:00,44.176772,0.001308,15.294716,15.294716,0.0,0.0,0.0,0.001563,28.881989,28.881989,0.0,0.0,0.0
2923,30-Sep-02,24:00:00,44.161874,0.001996,15.289051,15.289051,0.0,0.0,0.0,0.001484,28.872754,28.872754,0.0,0.0,0.0
2924,01-Oct-02,24:00:00,44.146678,0.002058,15.283286,15.283286,0.0,0.0,0.0,0.001488,28.863322,28.863322,0.0,0.0,0.0
2925,02-Oct-02,24:00:00,44.131186,0.001706,15.27742,15.27742,0.0,0.0,0.0,0.001396,28.853694,28.853694,0.0,0.0,0.0
2926,03-Oct-02,24:00:00,44.115397,0.001629,15.271453,15.271453,0.0,0.0,0.0,0.001457,28.843871,28.843871,0.0,0.0,0.0
2927,04-Oct-02,24:00:00,44.099313,0.001747,15.265387,15.265387,0.0,0.0,0.0,0.001455,28.833852,28.833852,0.0,0.0,0.0
2928,05-Oct-02,24:00:00,44.082934,0.001722,15.259221,15.259221,0.0,0.0,0.0,0.00154,28.823637,28.823637,0.0,0.0,0.0
2929,06-Oct-02,24:00:00,44.066261,0.001778,15.252955,15.252955,0.0,0.0,0.0,0.001552,28.813228,28.813228,0.0,0.0,0.0
2930,07-Oct-02,24:00:00,44.049293,0.001648,15.24659,15.24659,0.0,0.0,0.0,0.001474,28.802624,28.802624,0.0,0.0,0.0
2931,08-Oct-02,24:00:00,44.032032,0.001118,15.240125,15.240125,0.0,0.0,0.0,0.001523,28.791826,28.791826,0.0,0.0,0.0
2932,09-Oct-02,24:00:00,44.014478,0.000636,15.233561,15.233561,0.0,0.0,0.0,0.001194,28.780835,28.780835,0.0,0.0,0.0
2933,10-Oct-02,24:00:00,43.996631,0.001343,15.226899,15.226899,0.0,0.0,0.0,0.001164,28.769649,28.769649,0.0,0.0,0.0
2934,11-Oct-02,24:00:00,43.978492,0.00144,15.220137,15.220137,0.0,0.0,0.0,0.00119,28.758271,28.758271,0.0,0.0,0.0
2935,12-Oct-02,24:00:00,43.960063,0.001386,15.213277,15.213277,0.0,0.0,0.0,0.001228,28.7467,28.7467,0.0,0.0,0.0
2936,13-Oct-02,24:00:00,43.941342,0.001348,15.206319,15.206319,0.0,0.0,0.0,0.001314,28.734937,28.734937,0.0,0.0,0.0
2937,14-Oct-02,24:00:00,43.922332,0.000854,15.199262,15.199262,0.0,0.0,0.0,0.001265,28.722981,28.722981,0.0,0.0,0.0
2938,15-Oct-02,24:00:00,43.903032,0.000807,15.192108,15.192108,0.0,0.0,0.0,0.000578,28.710834,28.710834,0.0,0.0,0.0
2939,16-Oct-02,24:00:00,43.883443,0.000554,15.184855,15.184855,0.0,0.0,0.0,0.000857,28.698496,28.698496,0.0,0.0,0.0
2940,17-Oct-02,24:00:00,43.863566,0.000991,15.177506,15.177506,0.0,0.0,0.0,0.001053,28.685968,28.685968,0.0,0.0,0.0
2941,18-Oct-02,24:00:00,43.843402,0.000927,15.170059,15.170059,0.0,0.0,0.0,0.001187,28.673249,28.673249,0.0,0.0,0.0
2942,19-Oct-02,24:00:00,43.822951,0.000978,15.162515,15.162515,0.0,0.0,0.0,0.001223,28.66034,28.66034,0.0,0.0,0.0
2943,20-Oct-02,24:00:00,43.802214,0.001183,15.154875,15.154875,0.0,0.0,0.0,0.001109,28.647242,28.647242,0.0,0.0,0.0
2944,21-Oct-02,24:00:00,43.781191,0.000424,15.147138,15.147138,0.0,0.0,0.0,0.001105,28.633955,28.633955,0.0,0.0,0.0
2945,22-Oct-02,24:00:00,43.759884,0.000369,15.139304,15.139304,0.0,0.0,0.0,0.00066,28.62048,28.62048,0.0,0.0,0.0
2946,23-Oct-02,24:00:00,43.738293,0.000514,15.131375,15.131375,0.0,0.0,0.0,0.000626,28.606817,28.606817,0.0,0.0,0.0
2947,24-Oct-02,24:00:00,43.716419,0.000881,15.12335,15.12335,0.0,0.0,0.0,0.000948,28.592966,28.592966,0.0,0.0,0.0
2948,25-Oct-02,24:00:00,43.694262,0.000861,15.115229,15.115229,0.0,0.0,0.0,0.001116,28.578929,28.578929,0.0,0.0,0.0
2949,26-Oct-02,24:00:00,43.671823,0.001048,15.107013,15.107013,0.0,0.0,0.0,0.000948,28.564705,28.564705,0.0,0.0,0.0
2950,27-Oct-02,24:00:00,43.649103,0.001036,15.098702,15.098702,0.0,0.0,0.0,0.001115,28.550295,28.550295,0.0,0.0,0.0
2951,28-Oct-02,24:00:00,43.626104,0.001233,15.090297,15.090297,0.0,0.0,0.0,0.001404,28.535699,28.535699,0.0,0.0,0.0
2952,29-Oct-02,24:00:00,43.602825,0.001206,15.081797,15.081797,0.0,0.0,0.0,0.000915,28.520919,28.520919,0.0,0.0,0.0
2953,30-Oct-02,24:00:00,43.579267,0.000905,15.073203,15.073203,0.0,0.0,0.0,0.000762,28.505954,28.505954,0.0,0.0,0.0
2954,31-Oct-02,24:00:00,43.555432,0.001025,15.064515,15.064515,0.0,0.0,0.0,0.000843,28.490805,28.490805,0.0,0.0,0.0
2955,01-Nov-02,24:00:00,43.531319,0.000896,15.055733,15.055733,0.0,0.0,0.0,0.000832,28.475473,28.475473,0.0,0.0,0.0
2956,02-Nov-02,24:00:00,43.506931,0.000891,15.046858,15.046858,0.0,0.0,0.0,0.00074,28.459958,28.459958,0.0,0.0,0.0
2957,03-Nov-02,24:00:00,43.482268,0.000813,15.03789,15.03789,0.0,0.0,0.0,0.000822,28.444261,28.444261,0.0,0.0,0.0
2958,04-Nov-02,24:00:00,43.45733,0.00074,15.02883,15.02883,0.0,0.0,0.0,0.000914,28.428382,28.428382,0.0,0.0,0.0
2959,05-Nov-02,24:00:00,44.982636,0.00063,16.570194,15.019677,0.002872,0.0,0.001681,0.000852,28.412323,28.412323,0.0,0.0,0.0
2960,06-Nov-02,24:00:00,149.495996,0.000294,57.405655,15.010432,0.057874,0.0,0.106951,0.000324,93.128838,28.396082,0.064222,0.0,0.1079
2961,07-Nov-02,24:00:00,302.700073,0.000326,112.806947,15.001095,0.119007,0.0,0.460563,0.000348,190.092819,28.379662,0.094745,0.0,0.417823
2962,08-Nov-02,24:00:00,157.488345,0.000377,48.63244,14.991666,0.03575,0.0,0.690089,0.000402,108.105149,28.363062,0.031028,0.0,0.600224
2963,09-Nov-02,24:00:00,104.232976,0.000532,32.247737,14.982146,0.021111,0.0,0.775967,0.000547,71.724827,28.346284,0.02081,0.0,0.693295
2964,10-Nov-02,24:00:00,64.831598,0.000746,21.634436,14.972536,0.007272,0.0,0.828057,0.000553,43.004557,28.329327,0.004936,0.0,0.73417
2965,11-Nov-02,24:00:00,45.737808,0.000569,14.962835,14.962835,0.0,0.0,0.836184,0.000322,30.770701,28.312193,0.001418,0.0,0.7415
2966,12-Nov-02,24:00:00,44.174961,0.000625,14.953044,14.953044,0.0,0.0,0.836184,0.000691,29.192995,28.294881,0.0,0.0,0.744538
2967,13-Nov-02,24:00:00,43.225932,0.000894,14.943162,14.943162,0.0,0.0,0.836184,0.000679,28.282108,28.277394,0.0,0.0,0.744538
2968,14-Nov-02,24:00:00,43.193052,0.000728,14.933191,14.933191,0.0,0.0,0.836184,0.000642,28.25973,28.25973,0.0,0.0,0.744538
2969,15-Nov-02,24:00:00,43.165154,0.000296,14.923131,14.923131,0.0,0.0,0.836184,0.000624,28.241891,28.241891,0.0,0.0,0.744538
2970,16-Nov-02,24:00:00,43.136993,0.000744,14.912982,14.912982,0.0,0.0,0.836184,0.000742,28.223878,28.223878,0.0,0.0,0.744538
2971,17-Nov-02,24:00:00,43.10857,0.000615,14.902744,14.902744,0.0,0.0,0.836119,0.000589,28.205691,28.205691,0.0,0.0,0.744538
2972,18-Nov-02,24:00:00,43.079885,0.000638,14.892418,14.892418,0.0,0.0,0.834935,1.3e-05,28.187331,28.187331,0.0,0.0,0.744538
2973,19-Nov-02,24:00:00,43.050939,0.00068,14.882004,14.882004,0.0,0.0,0.83269,0.000297,28.168798,28.168798,0.0,0.0,0.744384
2974,20-Nov-02,24:00:00,43.021734,0.000641,14.871502,14.871502,0.0,0.0,0.830409,0.000681,28.150093,28.150093,0.0,0.0,0.743012
2975,21-Nov-02,24:00:00,42.99227,0.000214,14.860913,14.860913,0.0,0.0,0.828947,0.000638,28.131217,28.131217,0.0,0.0,0.740754
2976,22-Nov-02,24:00:00,42.962548,0.000487,14.850237,14.850237,0.0,0.0,0.827761,0.000546,28.11217,28.11217,0.0,0.0,0.73872
2977,23-Nov-02,24:00:00,42.93257,0.000271,14.839474,14.839474,0.0,0.0,0.826435,0.000398,28.092954,28.092954,0.0,0.0,0.737072
2978,24-Nov-02,24:00:00,42.902336,0.001323,14.828626,14.828626,0.0,0.0,0.824518,0.000698,28.073567,28.073567,0.0,0.0,0.735365
2979,25-Nov-02,24:00:00,42.871848,0.00116,14.817691,14.817691,0.0,0.0,0.819219,0.000562,28.054013,28.054013,0.0,0.0,0.73301
2980,26-Nov-02,24:00:00,42.841106,0.000829,14.806671,14.806671,0.0,0.0,0.816136,0.000552,28.03429,28.03429,0.0,0.0,0.731126
2981,27-Nov-02,24:00:00,42.810112,0.000537,14.795565,14.795565,0.0,0.0,0.813705,0.00059,28.0144,28.0144,0.0,0.0,0.729198
2982,28-Nov-02,24:00:00,42.778866,0.000534,14.784375,14.784375,0.0,0.0,0.811872,0.00053,27.994343,27.994343,0.0,0.0,0.72726
2983,29-Nov-02,24:00:00,42.74737,0.000533,14.7731,14.7731,0.0,0.0,0.810059,0.000564,27.97412,27.97412,0.0,0.0,0.725418
2984,30-Nov-02,24:00:00,42.715624,0.000545,14.761741,14.761741,0.0,0.0,0.808196,0.000524,27.953732,27.953732,0.0,0.0,0.723519
2985,01-Dec-02,24:00:00,42.68363,0.000563,14.750298,14.750298,0.0,0.0,0.806313,0.000483,27.93318,27.93318,0.0,0.0,0.721784
2986,02-Dec-02,24:00:00,42.651389,0.000521,14.738773,14.738773,0.0,0.0,0.804446,0.000545,27.912463,27.912463,0.0,0.0,0.72006
2987,03-Dec-02,24:00:00,42.618901,0.000469,14.727163,14.727163,0.0,0.0,0.802771,0.00039,27.891584,27.891584,0.0,0.0,0.718452
2988,04-Dec-02,24:00:00,42.586168,0.000511,14.715471,14.715471,0.0,0.0,0.801081,0.000465,27.870541,27.870541,0.0,0.0,0.716945
2989,05-Dec-02,24:00:00,42.553191,0.000371,14.703697,14.703697,0.0,0.0,0.799538,0.000443,27.849338,27.849338,0.0,0.0,0.715424
2990,06-Dec-02,24:00:00,42.519972,0.000498,14.691841,14.691841,0.0,0.0,0.798056,0.000491,27.827972,27.827972,0.0,0.0,0.713794
2991,07-Dec-02,24:00:00,42.48651,0.000517,14.679904,14.679904,0.0,0.0,0.797189,0.000532,27.806447,27.806447,0.0,0.0,0.712093
2992,08-Dec-02,24:00:00,48.661231,0.000165,20.876308,14.667885,0.00777,0.0,0.809018,0.000269,27.784762,27.784762,0.0,0.0,0.711095
2993,09-Dec-02,24:00:00,50.189915,0.000384,16.391852,14.655785,0.001951,0.0,0.829839,0.00032,33.81024,27.762918,0.003782,0.0,0.721949
2994,10-Dec-02,24:00:00,63.943593,0.00027,28.250124,14.643605,0.021619,0.0,0.86257,0.000238,35.815681,27.740916,0.010504,0.0,0.737362
2995,11-Dec-02,24:00:00,103.160431,0.000245,45.89012,19.217842,0.036966,0.009152,0.954588,0.000305,57.568386,27.718757,0.038294,0.0,0.79693
2996,12-Dec-02,24:00:00,6998.831996,0.000261,4162.556786,822.038709,0.08875,0.08875,1.0,0.000252,2877.644744,398.966146,0.095748,0.064063,0.996174
2997,13-Dec-02,24:00:00,12963.14,0.000346,4201.535833,1228.86875,0.088633,0.088633,1.0,0.000349,8752.883333,2026.557083,0.092963,0.092963,1.0
2998,14-Dec-02,24:00:00,5352.414583,0.000301,1657.289634,763.735321,0.05948,0.05948,1.0,0.000284,3692.25,2065.307917,0.06709,0.06709,1.0
2999,15-Dec-02,24:00:00,10816.9275,0.000506,3118.409081,931.262312,0.035345,0.035345,1.0,0.000463,7681.3875,2282.359583,0.047193,0.047193,1.0
3000,16-Dec-02,24:00:00,1536.835615,0.00037,284.878662,284.777887,0.0,0.0,1.0,0.000359,1239.861368,1106.884541,0.0,0.0,1.0
3001,17-Dec-02,24:00:00,770.788017,0.000224,239.093,239.093,0.0,0.0,1.0,0.000187,530.289679,530.286732,0.0,0.0,1.0
3002,18-Dec-02,24:00:00,1614.121243,0.000221,782.904731,541.263811,0.042784,0.042784,1.0,0.000292,838.514673,701.902457,0.042115,0.042115,1.0
3003,19-Dec-02,24:00:00,3041.778333,0.000263,1094.244811,1034.962215,0.072124,0.072124,1.0,0.000165,1952.03875,1813.858333,0.074473,0.074473,1.0
3004,20-Dec-02,24:00:00,2346.822083,0.000355,525.854819,517.05803,0.00513,0.00513,1.0,0.000351,1814.013333,1760.49625,0.009748,0.009748,1.0
3005,21-Dec-02,24:00:00,1029.354264,0.000556,269.119625,269.119625,0.0,0.0,1.0,0.00045,756.066143,754.626059,0.0,0.0,1.0
3006,22-Dec-02,24:00:00,757.776145,0.000495,240.019342,240.019342,0.0,0.0,1.0,0.000381,517.040405,517.040405,0.0,0.0,1.0
3007,23-Dec-02,24:00:00,667.544891,0.000241,214.505922,214.505922,0.0,0.0,1.0,0.000193,452.638144,452.638144,0.0,0.0,1.0
3008,24-Dec-02,24:00:00,603.777488,0.000267,196.279648,194.811087,0.007686,0.007686,1.0,0.000276,407.556311,407.0231,0.009767,0.009767,1.0
3009,25-Dec-02,24:00:00,1900.923079,0.000141,859.581538,809.057197,0.065068,0.065068,1.0,0.000194,1047.724616,983.102865,0.042796,0.042796,1.0
3010,26-Dec-02,24:00:00,3800.986667,0.000132,1558.627546,1123.064488,0.08761,0.08761,1.0,0.000206,2248.409167,1762.966667,0.082037,0.082037,1.0
3011,27-Dec-02,24:00:00,4210.004583,0.00024,1655.120417,1178.119764,0.079198,0.079198,1.0,0.00031,2558.846667,2229.11125,0.077814,0.077814,1.0
3012,28-Dec-02,24:00:00,3062.80875,0.000507,816.329092,782.896988,0.01112,0.01112,1.0,0.00033,2235.909167,2030.047917,0.006949,0.006949,1.0
3013,29-Dec-02,24:00:00,1837.961667,0.000185,706.571949,637.07752,0.051835,0.051835,1.0,0.000167,1135.800941,1076.745673,0.055223,0.055223,1.0
3014,30-Dec-02,24:00:00,5298.012917,0.000528,1620.825621,957.013841,0.029568,0.029568,1.0,0.000454,3676.105,2112.982917,0.033763,0.033763,1.0
3015,31-Dec-02,24:00:00,1510.637083,0.000312,365.379584,365.323871,0.0,0.0,1.0,0.000249,1137.618642,1100.686992,0.0,0.0,1.0
3016,01-Jan-03,24:00:00,971.38281,0.000381,314.867787,314.867787,0.0,0.0,1.0,0.000392,655.28474,655.28474,0.0,0.0,1.0
3017,02-Jan-03,24:00:00,843.53548,0.000473,280.877793,280.877793,0.0,0.0,1.0,0.000478,562.131587,562.131587,0.0,0.0,1.0
3018,03-Jan-03,24:00:00,751.91275,0.000244,250.733612,250.733612,0.0,0.0,1.0,0.000177,500.741011,500.741011,0.0,0.0,1.0
3019,04-Jan-03,24:00:00,671.538111,0.000532,223.997396,223.997396,0.0,0.0,1.0,0.00047,447.155809,447.155809,0.0,0.0,1.0
3020,05-Jan-03,24:00:00,600.27966,0.001331,200.283802,200.283802,0.0,0.0,1.0,0.000422,399.656761,399.656761,0.0,0.0,1.0
3021,06-Jan-03,24:00:00,537.078615,0.000302,179.251056,179.251056,0.0,0.0,1.0,0.000484,357.528594,357.528594,0.0,0.0,1.0
3022,07-Jan-03,24:00:00,481.023039,0.000223,160.596036,160.596036,0.0,0.0,1.0,0.000504,320.163251,320.163251,0.0,0.0,1.0
3023,08-Jan-03,24:00:00,631.831951,0.000112,298.694336,281.425275,0.026743,0.026743,1.0,0.000174,334.764201,326.458576,0.012102,0.012102,1.0
3024,09-Jan-03,24:00:00,1522.336667,0.000145,726.987135,691.260748,0.03887,0.03887,1.0,0.000246,798.846655,752.989637,0.024482,0.024482,1.0
3025,10-Jan-03,24:00:00,886.889108,0.000456,248.808115,248.180747,0.0,0.0,1.0,0.000224,633.574472,625.820178,0.0,0.0,1.0
3026,11-Jan-03,24:00:00,1951.473286,0.000116,924.038808,563.771476,0.06225,0.06225,1.0,0.000235,1042.014746,606.597923,0.062283,0.062283,1.0
3027,12-Jan-03,24:00:00,4320.925833,0.000183,1292.328013,1108.157819,0.05644,0.05644,1.0,0.000223,3025.338333,2096.7925,0.055801,0.055801,1.0
3028,13-Jan-03,24:00:00,1529.9074,0.000322,307.623801,307.097676,0.0,0.0,1.0,0.000462,1212.410771,1169.830578,0.0,0.0,1.0
3029,14-Jan-03,24:00:00,725.035098,0.000595,232.47094,232.47094,0.0,0.0,1.0,0.000485,490.824916,490.754679,0.0,0.0,1.0
3030,15-Jan-03,24:00:00,598.328421,0.000349,207.776994,207.776994,0.0,0.0,1.0,0.00049,390.15705,390.15705,0.0,0.0,1.0
3031,16-Jan-03,24:00:00,533.150399,0.000485,185.892114,185.892114,0.0,0.0,1.0,0.000564,346.966983,346.966983,0.0,0.0,1.0
3032,17-Jan-03,24:00:00,477.454583,0.000386,166.481709,166.481709,0.0,0.0,1.0,0.000603,310.717849,310.717849,0.0,0.0,1.0
3033,18-Jan-03,24:00:00,428.128115,0.000246,149.265993,149.265993,0.0,0.0,1.0,0.000584,278.637027,278.637027,0.0,0.0,1.0
3034,19-Jan-03,24:00:00,384.381389,0.000202,133.996821,133.996821,0.0,0.0,1.0,0.000307,250.185727,250.185727,0.0,0.0,1.0
3035,20-Jan-03,24:00:00,530.378787,0.000229,239.744678,227.750958,0.020782,0.020782,1.0,0.000252,291.827744,284.519472,0.013216,0.013216,1.0
3036,21-Jan-03,24:00:00,1640.501437,0.000212,776.684883,545.560449,0.052254,0.052254,1.0,0.000231,872.318622,704.427239,0.051172,0.051172,1.0
3037,22-Jan-03,24:00:00,1736.862687,0.000317,503.101678,467.578947,0.000769,0.000769,1.0,0.000416,1227.14071,1153.209761,0.0,0.0,1.0
3038,23-Jan-03,24:00:00,572.910047,0.000378,161.647012,161.647012,0.0,0.0,1.0,0.000238,408.563618,408.268152,0.0,0.0,1.0
3039,24-Jan-03,24:00:00,417.528614,0.000346,144.725703,144.725703,0.0,0.0,1.0,0.000461,272.447837,272.447837,0.0,0.0,1.0
3040,25-Jan-03,24:00:00,370.173313,0.000333,129.969445,129.969445,0.0,0.0,1.0,0.00045,240.009203,240.009203,0.0,0.0,1.0
3041,26-Jan-03,24:00:00,332.80865,0.0005,116.881898,116.881898,0.0,0.0,1.0,0.000508,215.759229,215.759229,0.0,0.0,1.0
3042,27-Jan-03,24:00:00,299.836399,0.000694,105.274361,105.274361,0.0,0.0,1.0,0.000498,194.414023,194.414023,0.0,0.0,1.0
3043,28-Jan-03,24:00:00,270.598265,0.000659,94.979503,94.979503,0.0,0.0,1.0,0.000689,175.487805,175.487805,0.0,0.0,1.0
3044,29-Jan-03,24:00:00,244.667156,0.000725,85.848914,85.848914,0.0,0.0,1.0,0.000655,158.702328,158.702328,0.0,0.0,1.0
3045,30-Jan-03,24:00:00,221.669043,0.00039,77.750966,77.750966,0.0,0.0,0.999778,0.000623,143.815441,143.815441,0.0,0.0,0.999465
3046,31-Jan-03,24:00:00,201.272323,0.000955,70.568916,70.568916,0.0,0.0,0.998055,0.000918,130.612498,130.612498,0.0,0.0,0.997417
3047,01-Feb-03,24:00:00,183.182894,0.000857,64.19922,64.19922,0.0,0.0,0.994705,0.000856,118.90313,118.90313,0.0,0.0,0.994156
3048,02-Feb-03,24:00:00,167.139914,0.000784,58.550043,58.550043,0.0,0.0,0.991956,0.000783,108.518491,108.518491,0.0,0.0,0.99141
3049,03-Feb-03,24:00:00,152.912035,0.001223,53.539933,53.539933,0.0,0.0,0.989056,0.000821,99.30883,99.30883,0.0,0.0,0.988732
3050,04-Feb-03,24:00:00,140.294072,0.00135,49.09665,49.09665,0.0,0.0,0.983642,0.000684,91.141325,91.141325,0.0,0.0,0.986047
3051,05-Feb-03,24:00:00,129.10404,0.001004,45.156121,45.156121,0.0,0.0,0.98031,0.000853,83.898177,83.898177,0.0,0.0,0.983529
3052,06-Feb-03,24:00:00,119.180535,0.001264,41.661518,41.661518,0.0,0.0,0.975927,0.00079,77.474904,77.474904,0.0,0.0,0.980607
3053,07-Feb-03,24:00:00,110.3804,0.000797,38.562439,38.562439,0.0,0.0,0.972653,0.000716,71.778836,71.778836,0.0,0.0,0.978038
3054,08-Feb-03,24:00:00,102.57667,0.000747,35.81418,35.81418,0.0,0.0,0.969975,0.000734,66.727786,66.727786,0.0,0.0,0.975545
3055,09-Feb-03,24:00:00,95.656731,0.00088,33.377092,33.377092,0.0,0.0,0.967221,0.000783,62.248854,62.248854,0.0,0.0,0.972944
3056,10-Feb-03,24:00:00,89.520706,0.000783,31.21601,31.21601,0.0,0.0,0.96433,0.000759,58.277388,58.277388,0.0,0.0,0.970287
3057,11-Feb-03,24:00:00,90.12825,0.000354,33.938518,29.724005,0.013807,0.002634,0.966848,0.000416,56.35699,55.090042,0.011884,0.002421,0.971897
3058,12-Feb-03,24:00:00,648.913313,0.000336,267.466769,246.438263,0.017138,0.017138,1.0,0.000337,384.688991,339.189506,0.018374,0.018374,1.0
3059,13-Feb-03,24:00:00,348.892455,0.000551,56.19811,56.150406,0.0,0.0,1.0,0.000634,289.926995,285.478036,0.0,0.0,1.0
3060,14-Feb-03,24:00:00,471.032497,0.00035,238.119046,158.413867,0.033097,0.033097,1.0,0.000341,240.691523,178.678149,0.036798,0.036798,1.0
3061,15-Feb-03,24:00:00,2308.25564,0.000554,793.21471,502.010112,0.015447,0.015447,1.0,0.000598,1511.527724,1031.266541,0.012261,0.012261,1.0
3062,16-Feb-03,24:00:00,460.263386,0.000833,89.28881,89.28881,0.0,0.0,1.0,0.000851,366.900508,358.644995,0.0,0.0,1.0
3063,17-Feb-03,24:00:00,253.854758,0.000954,79.947338,79.947338,0.0,0.0,1.0,0.000699,173.543836,173.543836,0.0,0.0,1.0
3064,18-Feb-03,24:00:00,240.386041,0.000685,77.224167,76.906507,0.000389,0.000389,1.0,0.000654,163.183895,161.828059,0.000858,0.000858,1.0
3065,19-Feb-03,24:00:00,210.033623,0.001184,66.445583,66.445583,0.0,0.0,1.0,0.00102,143.380036,143.283051,0.0,0.0,1.0
3066,20-Feb-03,24:00:00,185.178824,0.001002,60.480001,60.480001,0.0,0.0,1.0,0.001036,124.602804,124.602804,0.0,0.0,1.0
3067,21-Feb-03,24:00:00,168.533724,0.001022,55.260356,55.260356,0.0,0.0,1.0,0.000972,113.197551,113.197551,0.0,0.0,1.0
3068,22-Feb-03,24:00:00,154.162651,0.00102,50.631663,50.631663,0.0,0.0,0.998892,0.001047,103.464217,103.464217,0.0,0.0,0.999247
3069,23-Feb-03,24:00:00,141.435012,0.000759,46.527105,46.527105,0.0,0.0,0.996229,0.000842,94.848735,94.848735,0.0,0.0,0.996706
3070,24-Feb-03,24:00:00,130.149494,0.001038,42.887429,42.887429,0.0,0.0,0.993193,0.00098,87.209605,87.209605,0.0,0.0,0.993673
3071,25-Feb-03,24:00:00,120.142565,0.000458,39.660085,39.660085,0.0,0.0,0.9906,0.000407,80.435966,80.435966,0.0,0.0,0.991233
3072,26-Feb-03,24:00:00,111.269675,0.000984,36.798463,36.798463,0.0,0.0,0.988119,0.000944,74.429965,74.429965,0.0,0.0,0.988916
3073,27-Feb-03,24:00:00,103.402634,0.001037,34.261224,34.261224,0.0,0.0,0.984686,0.001022,69.10483,69.10483,0.0,0.0,0.98561
3074,28-Feb-03,24:00:00,96.427747,0.001085,32.011704,32.011704,0.0,0.0,0.981067,0.00101,64.383602,64.383602,0.0,0.0,0.982082
3075,01-Mar-03,24:00:00,90.244174,0.001115,30.017383,30.017383,0.0,0.0,0.977262,0.000942,60.19802,60.19802,0.0,0.0,0.978744
3076,02-Mar-03,24:00:00,84.762477,0.000943,28.249419,28.249419,0.0,0.0,0.973752,0.001058,56.487543,56.487543,0.0,0.0,0.97525
3077,03-Mar-03,24:00:00,79.903332,0.00108,26.682229,26.682229,0.0,0.0,0.970272,0.001064,53.198475,53.198475,0.0,0.0,0.971696
3078,04-Mar-03,24:00:00,75.596383,0.001061,25.293125,25.293125,0.0,0.0,0.966614,0.001101,50.283191,50.283191,0.0,0.0,0.968001
3079,05-Mar-03,24:00:00,71.779227,0.001142,24.061983,24.061983,0.0,0.0,0.962856,0.001227,47.69945,47.69945,0.0,0.0,0.964023
3080,06-Mar-03,24:00:00,68.396518,0.001089,22.970955,22.970955,0.0,0.0,0.959011,0.00114,45.409788,45.409788,0.0,0.0,0.959954
3081,07-Mar-03,24:00:00,65.399168,0.001069,22.004208,22.004208,0.0,0.0,0.955322,0.001106,43.380975,43.380975,0.0,0.0,0.956091
3082,08-Mar-03,24:00:00,62.743637,0.001198,21.147702,21.147702,0.0,0.0,0.951429,0.000953,41.583539,41.583539,0.0,0.0,0.952506
3083,09-Mar-03,24:00:00,60.391309,0.000933,20.388984,20.388984,0.0,0.0,0.947801,0.000885,39.99134,39.99134,0.0,0.0,0.949411
3084,10-Mar-03,24:00:00,58.307931,0.000932,19.717008,19.717008,0.0,0.0,0.944616,0.000594,38.581191,38.581191,0.0,0.0,0.946793
3085,11-Mar-03,24:00:00,56.463124,0.000644,19.121975,19.121975,0.0,0.0,0.941846,0.001054,37.332529,37.332529,0.0,0.0,0.944101
3086,12-Mar-03,24:00:00,176.179757,0.000496,126.503955,68.77265,0.040968,0.023459,0.959064,0.000647,50.848162,40.637555,0.02971,0.012228,0.953572
3087,13-Mar-03,24:00:00,1629.177113,0.000727,917.161606,594.011972,0.055278,0.055278,1.0,0.000656,721.34744,596.67937,0.047447,0.047447,1.0
3088,14-Mar-03,24:00:00,5296.022083,0.001018,1615.738771,740.131418,0.032142,0.032142,1.0,0.000876,3679.332083,1447.923361,0.034783,0.034783,1.0
3089,15-Mar-03,24:00:00,798.293303,0.000904,133.315895,133.315895,0.0,0.0,1.0,0.001038,656.327184,593.578098,0.0,0.0,1.0
3090,16-Mar-03,24:00:00,350.621502,0.00142,116.486373,116.486373,0.0,0.0,1.0,0.001248,233.424509,233.424509,0.0,0.0,1.0
3091,17-Mar-03,24:00:00,296.131374,0.001419,104.954298,104.954298,0.0,0.0,0.999325,0.001311,191.010014,191.010014,0.0,0.0,0.999722
3092,18-Mar-03,24:00:00,266.641019,0.001084,94.727968,94.727968,0.0,0.0,0.996639,0.000943,171.785229,171.785229,0.0,0.0,0.997507
3093,19-Mar-03,24:00:00,241.239204,0.001155,85.659156,85.659156,0.0,0.0,0.99542,0.00118,155.467578,155.467578,0.0,0.0,0.995931
3094,20-Mar-03,24:00:00,218.737302,0.001391,77.616982,77.616982,0.0,0.0,0.99542,0.001373,141.020758,141.020758,0.0,0.0,0.995931
3095,21-Mar-03,24:00:00,198.784169,0.00057,70.485368,70.485368,0.0,0.0,0.99542,0.000593,128.210623,128.210623,0.0,0.0,0.995904
3096,22-Mar-03,24:00:00,181.090958,0.001232,64.161362,64.161362,0.0,0.0,0.993712,0.00123,116.85148,116.85148,0.0,0.0,0.995838
3097,23-Mar-03,24:00:00,165.40213,0.001429,58.553651,58.553651,0.0,0.0,0.989385,0.001489,106.77926,106.77926,0.0,0.0,0.995837
3098,24-Mar-03,24:00:00,151.491054,0.001237,53.581249,53.581249,0.0,0.0,0.984735,0.000746,97.848459,97.848459,0.0,0.0,0.994613
3099,25-Mar-03,24:00:00,139.156731,0.001597,49.172328,49.172328,0.0,0.0,0.980142,0.001348,89.930026,89.930026,0.0,0.0,0.991182
3100,26-Mar-03,24:00:00,128.22089,0.00166,45.263179,45.263179,0.0,0.0,0.974477,0.001407,82.909504,82.909504,0.0,0.0,0.986434
3101,27-Mar-03,24:00:00,118.525418,0.002092,41.7973,41.7973,0.0,0.0,0.96817,0.0016,76.685377,76.685377,0.0,0.0,0.981274
3102,28-Mar-03,24:00:00,109.93008,0.00171,38.724576,38.724576,0.0,0.0,0.961429,0.001701,71.167608,71.167608,0.0,0.0,0.975638
3103,29-Mar-03,24:00:00,102.310501,0.001632,36.00056,36.00056,0.0,0.0,0.955672,0.001742,66.27634,66.27634,0.0,0.0,0.969739
3104,30-Mar-03,24:00:00,95.556368,0.001524,33.585828,33.585828,0.0,0.0,0.950243,0.001832,61.940746,61.940746,0.0,0.0,0.963704
3105,31-Mar-03,24:00:00,89.56984,0.001399,31.445417,31.445417,0.0,0.0,0.945279,0.001339,58.098006,58.098006,0.0,0.0,0.95809
3106,01-Apr-03,24:00:00,84.264141,0.000929,29.548314,29.548314,0.0,0.0,0.941229,0.000722,54.692405,54.692405,0.0,0.0,0.954502
3107,02-Apr-03,24:00:00,79.562306,0.001149,27.867015,27.867015,0.0,0.0,0.937699,0.000727,51.674526,51.674526,0.0,0.0,0.952119
3108,03-Apr-03,24:00:00,123.222473,0.001069,37.460983,26.377125,0.013562,0.0,0.980562,0.000706,85.899934,61.163868,0.015153,0.00079,0.997525
3109,04-Apr-03,24:00:00,80.771976,0.001479,25.057007,25.057007,0.0,0.0,0.982191,0.001257,55.564628,54.650311,0.0,0.0,1.0
3110,05-Apr-03,24:00:00,70.454139,0.000657,23.88747,23.88747,0.0,0.0,0.982191,0.000606,46.540708,46.540708,0.0,0.0,1.0
3111,06-Apr-03,24:00:00,66.956374,0.001626,22.851493,22.851493,0.0,0.0,0.981375,0.001615,44.090391,44.090391,0.0,0.0,0.999988
3112,07-Apr-03,24:00:00,64.216251,0.001716,21.93398,21.93398,0.0,0.0,0.97717,0.001715,42.269822,42.269822,0.0,0.0,0.997168
3113,08-Apr-03,24:00:00,61.804748,0.001712,21.121541,21.121541,0.0,0.0,0.971297,0.001656,40.672193,40.672193,0.0,0.0,0.991372
3114,09-Apr-03,24:00:00,59.670446,0.000906,20.4023,20.4023,0.0,0.0,0.966852,0.000653,39.258394,39.258394,0.0,0.0,0.987401
3115,10-Apr-03,24:00:00,57.78155,0.001246,19.765724,19.765724,0.0,0.0,0.963072,0.00096,38.007193,38.007193,0.0,0.0,0.984598
3116,11-Apr-03,24:00:00,1801.322923,0.000442,799.168875,562.722197,0.075008,0.063578,0.993308,0.000747,1014.557,612.177346,0.070735,0.065718,0.997721
3117,12-Apr-03,24:00:00,2227.9025,0.000745,726.420279,689.521559,0.040215,0.040215,1.0,0.000779,1496.325833,1369.5925,0.023736,0.023736,1.0
3118,13-Apr-03,24:00:00,696.11546,0.001226,151.827328,151.705721,0.0,0.0,1.0,0.001279,538.649618,534.521779,0.0,0.0,1.0
3119,14-Apr-03,24:00:00,337.652121,0.001171,113.590724,113.590724,0.0,0.0,1.0,0.00105,223.406393,223.406393,0.0,0.0,1.0
3120,15-Apr-03,24:00:00,475.03845,0.000651,201.142709,193.847076,0.009017,0.009017,1.0,0.000563,275.416522,264.364172,0.009218,0.009218,1.0
3121,16-Apr-03,24:00:00,424.517968,0.001448,112.811152,112.737786,0.0,0.0,1.0,0.001477,310.3602,305.841139,0.0,0.0,1.0
3122,17-Apr-03,24:00:00,275.150454,0.001731,92.664862,92.664862,0.0,0.0,1.0,0.001681,182.07396,182.040694,0.0,0.0,1.0
3123,18-Apr-03,24:00:00,237.556685,0.001895,83.865081,83.865081,0.0,0.0,0.998772,0.001792,153.566167,153.566167,0.0,0.0,0.999014
3124,19-Apr-03,24:00:00,215.045172,0.001519,76.064909,76.064909,0.0,0.0,0.994222,0.001702,138.882655,138.882655,0.0,0.0,0.994581
3125,20-Apr-03,24:00:00,197.09559,0.000786,69.148256,69.148256,0.0,0.0,0.990162,0.000589,127.908916,126.376181,0.001779,0.0,0.992764
3126,21-Apr-03,24:00:00,179.909145,0.00135,63.015219,63.015219,0.0,0.0,0.986487,0.000959,116.771142,115.304928,0.0,0.0,0.996638
3127,22-Apr-03,24:00:00,178.47261,0.000585,63.065067,60.085187,0.01222,0.007023,0.985239,0.000524,116.318524,113.762259,0.016653,0.015673,0.997338
3128,23-Apr-03,24:00:00,1872.849746,0.001153,707.781229,583.55242,0.039519,0.039519,1.0,0.001046,1170.965287,978.10293,0.034651,0.034651,1.0
3129,24-Apr-03,24:00:00,1274.505456,0.000814,377.167539,357.819542,0.023687,0.023687,1.0,0.000801,897.762414,846.09056,0.031869,0.031869,1.0
3130,25-Apr-03,24:00:00,792.269134,0.001359,131.178763,131.167993,0.0,0.0,1.0,0.000978,655.548709,646.726625,0.0,0.0,1.0
3131,26-Apr-03,24:00:00,432.230532,0.001073,149.274229,138.213976,0.020135,0.020135,1.0,0.000882,283.568484,278.28382,0.018285,0.018285,1.0
3132,27-Apr-03,24:00:00,1758.40375,0.000673,742.712216,703.419011,0.046527,0.046527,1.0,0.000538,1022.823884,947.889338,0.046614,0.046614,1.0
3133,28-Apr-03,24:00:00,2324.183333,0.000776,730.627401,695.28553,0.038334,0.038334,1.0,0.00059,1593.393333,1510.1575,0.037157,0.037157,1.0
3134,29-Apr-03,24:00:00,1046.010832,0.001021,205.28365,205.16985,0.0,0.0,1.0,0.001442,834.085645,824.796295,0.0,0.0,1.0
3135,30-Apr-03,24:00:00,546.3963,0.001704,164.940518,164.940518,0.0,0.0,1.0,0.001662,380.324013,380.293686,0.0,0.0,1.0
3136,01-May-03,24:00:00,500.971358,0.000506,183.079247,177.641097,0.010988,0.010988,1.0,0.000683,318.244052,316.679463,0.008161,0.008161,1.0
3137,02-May-03,24:00:00,773.450412,0.001423,300.077542,292.33419,0.005141,0.005141,1.0,0.001208,473.495563,459.505738,0.001239,0.001239,1.0
3138,03-May-03,24:00:00,448.402379,0.00124,137.883606,137.883606,0.0,0.0,1.0,0.001016,309.536518,309.179923,0.0,0.0,1.0
3139,04-May-03,24:00:00,367.777948,0.001932,122.921356,122.921356,0.0,0.0,0.999599,0.001784,244.609231,244.609231,0.0,0.0,1.0
3140,05-May-03,24:00:00,329.133534,0.001481,110.73013,110.73013,0.0,0.0,0.996179,0.001234,218.233129,218.233129,0.0,0.0,0.998269
3141,06-May-03,24:00:00,296.816304,0.001547,99.919434,99.919434,0.0,0.0,0.991217,0.001606,196.748338,196.748338,0.0,0.0,0.996489
3142,07-May-03,24:00:00,268.234548,0.001488,90.33297,90.33297,0.0,0.0,0.98587,0.001247,177.770252,177.770252,0.0,0.0,0.995242
3143,08-May-03,24:00:00,242.892605,0.001742,81.832314,81.832314,0.0,0.0,0.980378,0.001583,160.944078,160.944078,0.0,0.0,0.9909
3144,09-May-03,24:00:00,220.421817,0.001919,74.294692,74.294692,0.0,0.0,0.974167,0.001754,146.024249,146.024249,0.0,0.0,0.985147
3145,10-May-03,24:00:00,200.497466,0.002013,67.611217,67.611217,0.0,0.0,0.967435,0.002043,132.795153,132.795153,0.0,0.0,0.978679
3146,11-May-03,24:00:00,182.831615,0.002096,61.68531,61.68531,0.0,0.0,0.960476,0.002232,121.065619,121.065619,0.0,0.0,0.971404
3147,12-May-03,24:00:00,167.16889,0.001999,56.431315,56.431315,0.0,0.0,0.953258,0.002334,110.666095,110.666095,0.0,0.0,0.963579
3148,13-May-03,24:00:00,153.282799,0.001547,51.773261,51.773261,0.0,0.0,0.947352,0.002373,101.4462,101.4462,0.0,0.0,0.955643
3149,14-May-03,24:00:00,140.972456,0.001922,47.643767,47.643767,0.0,0.0,0.94134,0.001732,93.272558,93.272558,0.0,0.0,0.948514
3150,15-May-03,24:00:00,130.059696,0.002381,43.983072,43.983072,0.0,0.0,0.934223,0.002258,86.026875,86.026875,0.0,0.0,0.941758
3151,16-May-03,24:00:00,120.386499,0.002494,40.738171,40.738171,0.0,0.0,0.92568,0.002237,79.604231,79.604231,0.0,0.0,0.93384
3152,17-May-03,24:00:00,111.812713,0.002326,37.862053,37.862053,0.0,0.0,0.917161,0.002136,73.911572,73.911572,0.0,0.0,0.926387
3153,18-May-03,24:00:00,104.214034,0.002294,35.313023,35.313023,0.0,0.0,0.90942,0.002394,68.866362,68.866362,0.0,0.0,0.918725
3154,19-May-03,24:00:00,97.480214,0.002572,33.0541,33.0541,0.0,0.0,0.901126,0.002659,64.395401,64.395401,0.0,0.0,0.91011
3155,20-May-03,24:00:00,91.513471,0.002458,31.052484,31.052484,0.0,0.0,0.892493,0.002574,60.433764,60.433764,0.0,0.0,0.901112
3156,21-May-03,24:00:00,86.22708,0.002324,29.279086,29.279086,0.0,0.0,0.884264,0.002619,56.923866,56.923866,0.0,0.0,0.892163
3157,22-May-03,24:00:00,81.544119,0.002213,27.708101,27.708101,0.0,0.0,0.876405,0.002785,53.814636,53.814636,0.0,0.0,0.882971
3158,23-May-03,24:00:00,77.396367,0.001847,26.316647,26.316647,0.0,0.0,0.869535,0.002452,51.060774,51.060774,0.0,0.0,0.873977
3159,24-May-03,24:00:00,73.723314,0.001349,25.084427,25.084427,0.0,0.0,0.864116,0.00149,48.622104,48.622104,0.0,0.0,0.867212
3160,25-May-03,24:00:00,70.471292,0.001953,23.993437,23.993437,0.0,0.0,0.858411,0.002342,46.462991,46.462991,0.0,0.0,0.860674
3161,26-May-03,24:00:00,67.592702,0.002499,23.027711,23.027711,0.0,0.0,0.850755,0.002628,44.551829,44.551829,0.0,0.0,0.852063
3162,27-May-03,24:00:00,65.045325,0.001901,22.173087,22.173087,0.0,0.0,0.842915,0.002694,42.860586,42.860586,0.0,0.0,0.842963
3163,28-May-03,24:00:00,62.791714,0.001136,21.417004,21.417004,0.0,0.0,0.837666,0.002308,41.364399,41.364399,0.0,0.0,0.834273
3164,29-May-03,24:00:00,60.798659,0.001594,20.748322,20.748322,0.0,0.0,0.833402,0.001862,40.041216,40.041216,0.0,0.0,0.827248
3165,30-May-03,24:00:00,59.036701,0.002244,20.15716,20.15716,0.0,0.0,0.826781,0.002707,38.871477,38.871477,0.0,0.0,0.819564
3166,31-May-03,24:00:00,57.479712,0.002614,19.634752,19.634752,0.0,0.0,0.818477,0.002793,37.837833,37.837833,0.0,0.0,0.810095
3167,01-Jun-03,24:00:00,56.104519,0.002769,19.173326,19.173326,0.0,0.0,0.809311,0.002672,36.924898,36.924898,0.0,0.0,0.800585
3168,02-Jun-03,24:00:00,54.890567,0.0019,18.765987,18.765987,0.0,0.0,0.801069,0.002936,36.119023,36.119023,0.0,0.0,0.791119
3169,03-Jun-03,24:00:00,53.819624,0.0013,18.406618,18.406618,0.0,0.0,0.795779,0.002292,35.408104,35.408104,0.0,0.0,0.782169
3170,04-Jun-03,24:00:00,52.87552,0.00127,18.089796,18.089796,0.0,0.0,0.791369,0.00218,34.781403,34.781403,0.0,0.0,0.774563
3171,05-Jun-03,24:00:00,52.043911,0.001114,17.81071,17.81071,0.0,0.0,0.787225,0.001902,34.229396,34.229396,0.0,0.0,0.767525
3172,06-Jun-03,24:00:00,51.312076,0.00157,17.565092,17.565092,0.0,0.0,0.78271,0.002142,33.743637,33.743637,0.0,0.0,0.76058
3173,07-Jun-03,24:00:00,50.668729,0.001461,17.349156,17.349156,0.0,0.0,0.777522,0.002459,33.316632,33.316632,0.0,0.0,0.752629
3174,08-Jun-03,24:00:00,50.103862,0.000846,17.159545,17.159545,0.0,0.0,0.773364,0.002093,32.941736,32.941736,0.0,0.0,0.744788
3175,09-Jun-03,24:00:00,49.608597,0.00097,16.993281,16.993281,0.0,0.0,0.770284,0.001846,32.613054,32.613054,0.0,0.0,0.73804
3176,10-Jun-03,24:00:00,49.175057,0.001083,16.847722,16.847722,0.0,0.0,0.766791,0.002186,32.325356,32.325356,0.0,0.0,0.731181
3177,11-Jun-03,24:00:00,48.796256,0.001929,16.720525,16.720525,0.0,0.0,0.761734,0.002496,32.074004,32.074004,0.0,0.0,0.723186
3178,12-Jun-03,24:00:00,48.465999,0.002353,16.609611,16.609611,0.0,0.0,0.754421,0.002342,31.854884,31.854884,0.0,0.0,0.714785
3179,13-Jun-03,24:00:00,48.178789,0.002416,16.513137,16.513137,0.0,0.0,0.746263,0.002616,31.664346,31.664346,0.0,0.0,0.70637
3180,14-Jun-03,24:00:00,47.929749,0.00258,16.429466,16.429466,0.0,0.0,0.737708,0.002649,31.499152,31.499152,0.0,0.0,0.697329
3181,15-Jun-03,24:00:00,47.714554,0.002608,16.357148,16.357148,0.0,0.0,0.728795,0.002952,31.356431,31.356431,0.0,0.0,0.687833
3182,16-Jun-03,24:00:00,47.529366,0.002443,16.294895,16.294895,0.0,0.0,0.720108,0.002872,31.233634,31.233634,0.0,0.0,0.677835
3183,17-Jun-03,24:00:00,47.370782,0.002499,16.241566,16.241566,0.0,0.0,0.711759,0.002526,31.128501,31.128501,0.0,0.0,0.66834
3184,18-Jun-03,24:00:00,47.235781,0.002607,16.196148,16.196148,0.0,0.0,0.703151,0.0024,31.039027,31.039027,0.0,0.0,0.660009
3185,19-Jun-03,24:00:00,47.121685,0.002734,16.157742,16.157742,0.0,0.0,0.693833,0.002461,30.963433,30.963433,0.0,0.0,0.651568
3186,20-Jun-03,24:00:00,47.026115,0.002442,16.125549,16.125549,0.0,0.0,0.684862,0.002407,30.900141,30.900141,0.0,0.0,0.643289
3187,21-Jun-03,24:00:00,46.946963,0.002568,16.098864,16.098864,0.0,0.0,0.676453,0.002393,30.84775,30.84775,0.0,0.0,0.635219
3188,22-Jun-03,24:00:00,46.882358,0.002821,16.077058,16.077058,0.0,0.0,0.667315,0.002454,30.805018,30.805018,0.0,0.0,0.626688
3189,23-Jun-03,24:00:00,46.830639,0.003098,16.059574,16.059574,0.0,0.0,0.656874,0.002621,30.770842,30.770842,0.0,0.0,0.618073
3190,24-Jun-03,24:00:00,46.790333,0.002991,16.045918,16.045918,0.0,0.0,0.646579,0.002724,30.744245,30.744245,0.0,0.0,0.608918
3191,25-Jun-03,24:00:00,46.760132,0.003152,16.035651,16.035651,0.0,0.0,0.636056,0.002856,30.724357,30.724357,0.0,0.0,0.599401
3192,26-Jun-03,24:00:00,46.738875,0.003116,16.028384,16.028384,0.0,0.0,0.625407,0.002993,30.710408,30.710408,0.0,0.0,0.589409
3193,27-Jun-03,24:00:00,46.725534,0.002574,16.023772,16.023772,0.0,0.0,0.615356,0.003001,30.701715,30.701715,0.0,0.0,0.579211
3194,28-Jun-03,24:00:00,46.719193,0.001958,16.021507,16.021507,0.0,0.0,0.607763,0.002664,30.69767,30.69767,0.0,0.0,0.569392
3195,29-Jun-03,24:00:00,46.719041,0.001787,16.021318,16.021318,0.0,0.0,0.601329,0.002537,30.697736,30.697736,0.0,0.0,0.560464
3196,30-Jun-03,24:00:00,46.724358,0.002091,16.022964,16.022964,0.0,0.0,0.594792,0.002618,30.701433,30.701433,0.0,0.0,0.55161
3197,01-Jul-03,24:00:00,46.734504,0.002321,16.026228,16.026228,0.0,0.0,0.587039,0.002569,30.708337,30.708337,0.0,0.0,0.542718
3198,02-Jul-03,24:00:00,46.748911,0.002212,16.030922,16.030922,0.0,0.0,0.579312,0.002582,30.71807,30.71807,0.0,0.0,0.53388
3199,03-Jul-03,24:00:00,46.767076,0.002639,16.036875,16.036875,0.0,0.0,0.571038,0.002825,30.730299,30.730299,0.0,0.0,0.524639
3200,04-Jul-03,24:00:00,46.78855,0.002213,16.043937,16.043937,0.0,0.0,0.562659,0.002981,30.744726,30.744726,0.0,0.0,0.514827
3201,05-Jul-03,24:00:00,46.812935,0.002205,16.051976,16.051976,0.0,0.0,0.555005,0.002788,30.761086,30.761086,0.0,0.0,0.504824
3202,06-Jul-03,24:00:00,46.839878,0.001972,16.060872,16.060872,0.0,0.0,0.548031,0.002328,30.779144,30.779144,0.0,0.0,0.495905
3203,07-Jul-03,24:00:00,46.869064,0.002468,16.07052,16.07052,0.0,0.0,0.540298,0.002518,30.798693,30.798693,0.0,0.0,0.487991
3204,08-Jul-03,24:00:00,46.900215,0.002672,16.080826,16.080826,0.0,0.0,0.531535,0.003075,30.819547,30.819547,0.0,0.0,0.478383
3205,09-Jul-03,24:00:00,46.933082,0.00262,16.091707,16.091707,0.0,0.0,0.522496,0.003019,30.84154,30.84154,0.0,0.0,0.467858
3206,10-Jul-03,24:00:00,46.967445,0.002669,16.103089,16.103089,0.0,0.0,0.513447,0.002796,30.864528,30.864528,0.0,0.0,0.457805
3207,11-Jul-03,24:00:00,47.003106,0.002963,16.114906,16.114906,0.0,0.0,0.503948,0.002901,30.888378,30.888378,0.0,0.0,0.447978
3208,12-Jul-03,24:00:00,47.039893,0.003029,16.1271,16.1271,0.0,0.0,0.493738,0.002758,30.912976,30.912976,0.0,0.0,0.43819
3209,13-Jul-03,24:00:00,47.077648,0.002888,16.139618,16.139618,0.0,0.0,0.483419,0.002826,30.938217,30.938217,0.0,0.0,0.428761
3210,14-Jul-03,24:00:00,47.116234,0.002725,16.152414,16.152414,0.0,0.0,0.473773,0.00293,30.964011,30.964011,0.0,0.0,0.41894
3211,15-Jul-03,24:00:00,47.155527,0.002625,16.165446,16.165446,0.0,0.0,0.464572,0.002751,30.990275,30.990275,0.0,0.0,0.409082
3212,16-Jul-03,24:00:00,47.195417,0.002868,16.178678,16.178678,0.0,0.0,0.455227,0.002869,31.016936,31.016936,0.0,0.0,0.399468
3213,17-Jul-03,24:00:00,47.235807,0.002759,16.192077,16.192077,0.0,0.0,0.445482,0.003073,31.04393,31.04393,0.0,0.0,0.389385
3214,18-Jul-03,24:00:00,47.27661,0.002558,16.205613,16.205613,0.0,0.0,0.436316,0.00297,31.071198,31.071198,0.0,0.0,0.378933
3215,19-Jul-03,24:00:00,47.317746,0.002761,16.219261,16.219261,0.0,0.0,0.427309,0.002783,31.098688,31.098688,0.0,0.0,0.368998
3216,20-Jul-03,24:00:00,47.359146,0.002558,16.232996,16.232996,0.0,0.0,0.418046,0.002991,31.126354,31.126354,0.0,0.0,0.358997
3217,21-Jul-03,24:00:00,47.400749,0.002423,16.246798,16.246798,0.0,0.0,0.40951,0.002946,31.154156,31.154156,0.0,0.0,0.34902
3218,22-Jul-03,24:00:00,47.442499,0.002196,16.260648,16.260648,0.0,0.0,0.401507,0.002894,31.182056,31.182056,0.0,0.0,0.339025
3219,23-Jul-03,24:00:00,47.484345,0.002268,16.27453,16.27453,0.0,0.0,0.393921,0.002385,31.21002,31.21002,0.0,0.0,0.329648
3220,24-Jul-03,24:00:00,47.526243,0.001934,16.288429,16.288429,0.0,0.0,0.386673,0.002356,31.23802,31.23802,0.0,0.0,0.321636
3221,25-Jul-03,24:00:00,47.568153,0.002385,16.302331,16.302331,0.0,0.0,0.379366,0.002713,31.266029,31.266029,0.0,0.0,0.313094
3222,26-Jul-03,24:00:00,47.61004,0.00226,16.316223,16.316223,0.0,0.0,0.37132,0.002881,31.294022,31.294022,0.0,0.0,0.303548
3223,27-Jul-03,24:00:00,47.65187,0.002094,16.330096,16.330096,0.0,0.0,0.363974,0.002903,31.321979,31.321979,0.0,0.0,0.293643
3224,28-Jul-03,24:00:00,47.693615,0.001827,16.34394,16.34394,0.0,0.0,0.357215,0.002884,31.34988,31.34988,0.0,0.0,0.283771
3225,29-Jul-03,24:00:00,47.735248,0.001878,16.357744,16.357744,0.0,0.0,0.350706,0.002571,31.377708,31.377708,0.0,0.0,0.274248
3226,30-Jul-03,24:00:00,47.776746,0.002092,16.371503,16.371503,0.0,0.0,0.343872,0.00258,31.405446,31.405446,0.0,0.0,0.265384
3227,31-Jul-03,24:00:00,47.818088,0.002176,16.385208,16.385208,0.0,0.0,0.336611,0.002693,31.433082,31.433082,0.0,0.0,0.256448
3228,01-Aug-03,24:00:00,47.859254,0.001604,16.398853,16.398853,0.0,0.0,0.330243,0.002001,31.460602,31.460602,0.0,0.0,0.248504
3229,02-Aug-03,24:00:00,47.900226,0.001756,16.412433,16.412433,0.0,0.0,0.324542,0.002526,31.487995,31.487995,0.0,0.0,0.240459
3230,03-Aug-03,24:00:00,47.94099,0.002072,16.425941,16.425941,0.0,0.0,0.317877,0.002101,31.515249,31.515249,0.0,0.0,0.232592
3231,04-Aug-03,24:00:00,47.98153,0.001329,16.439373,16.439373,0.0,0.0,0.312074,0.001138,31.542355,31.542355,0.0,0.0,0.227033
3232,05-Aug-03,24:00:00,48.021833,0.001975,16.452724,16.452724,0.0,0.0,0.306419,0.001978,31.569306,31.569306,0.0,0.0,0.221713
3233,06-Aug-03,24:00:00,48.061887,0.002122,16.465991,16.465991,0.0,0.0,0.299274,0.00208,31.596092,31.596092,0.0,0.0,0.214794
3234,07-Aug-03,24:00:00,48.101681,0.002331,16.47917,16.47917,0.0,0.0,0.291801,0.002306,31.622706,31.622706,0.0,0.0,0.207232
3235,08-Aug-03,24:00:00,48.141205,0.002194,16.492256,16.492256,0.0,0.0,0.284026,0.00231,31.649142,31.649142,0.0,0.0,0.19933
3236,09-Aug-03,24:00:00,48.18045,0.002441,16.505249,16.505249,0.0,0.0,0.276212,0.002398,31.675393,31.675393,0.0,0.0,0.191374
3237,10-Aug-03,24:00:00,48.219407,0.002703,16.518143,16.518143,0.0,0.0,0.267464,0.002456,31.701454,31.701454,0.0,0.0,0.182916
3238,11-Aug-03,24:00:00,48.258068,0.002427,16.530937,16.530937,0.0,0.0,0.258488,0.002395,31.72732,31.72732,0.0,0.0,0.174671
3239,12-Aug-03,24:00:00,48.296426,0.002353,16.543629,16.543629,0.0,0.0,0.250283,0.002332,31.752985,31.752985,0.0,0.0,0.166498
3240,13-Aug-03,24:00:00,48.334474,0.001853,16.556215,16.556215,0.0,0.0,0.243031,0.002176,31.778445,31.778445,0.0,0.0,0.158829
3241,14-Aug-03,24:00:00,48.372206,0.002334,16.568694,16.568694,0.0,0.0,0.235892,0.002359,31.803697,31.803697,0.0,0.0,0.151097
3242,15-Aug-03,24:00:00,48.409616,0.002404,16.581064,16.581064,0.0,0.0,0.227758,0.002408,31.828735,31.828735,0.0,0.0,0.142828
3243,16-Aug-03,24:00:00,48.446698,0.002231,16.593322,16.593322,0.0,0.0,0.219726,0.002463,31.853557,31.853557,0.0,0.0,0.134474
3244,17-Aug-03,24:00:00,48.483447,0.001563,16.605468,16.605468,0.0,0.0,0.213256,0.002629,31.878159,31.878159,0.0,0.0,0.125955
3245,18-Aug-03,24:00:00,48.519859,0.001348,16.6175,16.6175,0.0,0.0,0.208271,0.002306,31.902538,31.902538,0.0,0.0,0.117395
3246,19-Aug-03,24:00:00,48.555929,0.001837,16.629415,16.629415,0.0,0.0,0.202869,0.002605,31.92669,31.92669,0.0,0.0,0.109112
3247,20-Aug-03,24:00:00,48.591652,0.001629,16.641213,16.641213,0.0,0.0,0.196914,0.002184,31.950614,31.950614,0.0,0.0,0.100778
3248,21-Aug-03,24:00:00,48.627025,0.001136,16.652893,16.652893,0.0,0.0,0.192089,0.001541,31.974305,31.974305,0.0,0.0,0.094325
3249,22-Aug-03,24:00:00,48.662043,0.002173,16.664452,16.664452,0.0,0.0,0.186435,0.002168,31.997763,31.997763,0.0,0.0,0.087883
3250,23-Aug-03,24:00:00,48.696704,0.002428,16.67589,16.67589,0.0,0.0,0.178621,0.002332,32.020984,32.020984,0.0,0.0,0.080198
3251,24-Aug-03,24:00:00,48.731003,0.002513,16.687205,16.687205,0.0,0.0,0.170183,0.00251,32.043965,32.043965,0.0,0.0,0.071984
3252,25-Aug-03,24:00:00,48.764937,0.002114,16.698397,16.698397,0.0,0.0,0.162225,0.002494,32.066706,32.066706,0.0,0.0,0.063444
3253,26-Aug-03,24:00:00,48.798504,0.00155,16.709465,16.709465,0.0,0.0,0.155928,0.002214,32.089204,32.089204,0.0,0.0,0.055213
3254,27-Aug-03,24:00:00,48.8317,0.001412,16.720406,16.720406,0.0,0.0,0.150851,0.002225,32.111456,32.111456,0.0,0.0,0.047697
3255,28-Aug-03,24:00:00,48.864522,0.001705,16.731221,16.731221,0.0,0.0,0.145506,0.002191,32.133461,32.133461,0.0,0.0,0.04004
3256,29-Aug-03,24:00:00,48.896967,0.001543,16.741909,16.741909,0.0,0.0,0.139926,0.002241,32.155217,32.155217,0.0,0.0,0.032451
3257,30-Aug-03,24:00:00,48.929033,0.001869,16.752468,16.752468,0.0,0.0,0.134044,0.002402,32.176723,32.176723,0.0,0.0,0.024545
3258,31-Aug-03,24:00:00,48.960718,0.002118,16.762897,16.762897,0.0,0.0,0.127178,0.002488,32.197976,32.197976,0.0,0.0,0.016246
3259,01-Sep-03,24:00:00,48.992019,0.001765,16.773197,16.773197,0.0,0.0,0.12035,0.002382,32.218975,32.218975,0.0,0.0,0.007844
3260,02-Sep-03,24:00:00,49.022933,0.001272,16.783366,16.783366,0.0,0.0,0.115283,0.001939,32.239719,32.239719,0.0,0.0,0.001588
3261,03-Sep-03,24:00:00,49.053459,0.001407,16.793403,16.793403,0.0,0.0,0.110768,0.00191,32.260206,32.260206,0.0,0.0,0.0
3262,04-Sep-03,24:00:00,49.083594,0.001348,16.803308,16.803308,0.0,0.0,0.106023,0.001732,32.280434,32.280434,0.0,0.0,0.0
3263,05-Sep-03,24:00:00,49.113336,0.001366,16.813079,16.813079,0.0,0.0,0.101387,0.001332,32.300403,32.300403,0.0,0.0,0.0
3264,06-Sep-03,24:00:00,49.142684,0.001736,16.822717,16.822717,0.0,0.0,0.095913,0.001583,32.320111,32.320111,0.0,0.0,0.0
3265,07-Sep-03,24:00:00,49.171635,0.00217,16.832221,16.832221,0.0,0.0,0.089473,0.001926,32.339556,32.339556,0.0,0.0,0.0
3266,08-Sep-03,24:00:00,49.200187,0.000704,16.841589,16.841589,0.0,0.0,0.084258,0.000729,32.358738,32.358738,0.0,0.0,0.0
3267,09-Sep-03,24:00:00,49.228339,0.00203,16.850822,16.850822,0.0,0.0,0.079654,0.001934,32.377655,32.377655,0.0,0.0,0.0
3268,10-Sep-03,24:00:00,49.256089,0.00228,16.859919,16.859919,0.0,0.0,0.072429,0.001983,32.396306,32.396306,0.0,0.0,0.0
3269,11-Sep-03,24:00:00,49.283435,0.002363,16.868879,16.868879,0.0,0.0,0.064446,0.002131,32.41469,32.41469,0.0,0.0,0.0
3270,12-Sep-03,24:00:00,49.310375,0.002262,16.877701,16.877701,0.0,0.0,0.056484,0.001983,32.432806,32.432806,0.0,0.0,0.0
3271,13-Sep-03,24:00:00,49.336909,0.001711,16.886386,16.886386,0.0,0.0,0.049567,0.002162,32.450653,32.450653,0.0,0.0,0.0
3272,14-Sep-03,24:00:00,49.363034,0.001166,16.894933,16.894933,0.0,0.0,0.044613,0.001921,32.46823,32.46823,0.0,0.0,0.0
3273,15-Sep-03,24:00:00,49.38875,0.001895,16.90334,16.90334,0.0,0.0,0.039712,0.001885,32.485536,32.485536,0.0,0.0,0.0
3274,16-Sep-03,24:00:00,49.414054,0.001925,16.911609,16.911609,0.0,0.0,0.032869,0.001757,32.50257,32.50257,0.0,0.0,0.0
3275,17-Sep-03,24:00:00,49.438946,0.002065,16.919738,16.919738,0.0,0.0,0.026066,0.001562,32.519331,32.519331,0.0,0.0,0.0
3276,18-Sep-03,24:00:00,49.463424,0.001979,16.927726,16.927726,0.0,0.0,0.019102,0.001933,32.535818,32.535818,0.0,0.0,0.0
3277,19-Sep-03,24:00:00,49.487488,0.002113,16.935574,16.935574,0.0,0.0,0.012157,0.001767,32.552031,32.552031,0.0,0.0,0.0
3278,20-Sep-03,24:00:00,49.511134,0.002088,16.943281,16.943281,0.0,0.0,0.004951,0.002042,32.567969,32.567969,0.0,0.0,0.0
3279,21-Sep-03,24:00:00,49.534364,0.002159,16.950847,16.950847,0.0,0.0,0.000393,0.001971,32.583631,32.583631,0.0,0.0,0.0
3280,22-Sep-03,24:00:00,49.557175,0.001588,16.958271,16.958271,0.0,0.0,0.0,0.001924,32.599016,32.599016,0.0,0.0,0.0
3281,23-Sep-03,24:00:00,49.579566,0.001182,16.965553,16.965553,0.0,0.0,0.0,0.001864,32.614123,32.614123,0.0,0.0,0.0
3282,24-Sep-03,24:00:00,49.601537,0.001076,16.972692,16.972692,0.0,0.0,0.0,0.001567,32.628953,32.628953,0.0,0.0,0.0
3283,25-Sep-03,24:00:00,49.623087,0.000913,16.979689,16.979689,0.0,0.0,0.0,0.000892,32.643504,32.643504,0.0,0.0,0.0
3284,26-Sep-03,24:00:00,49.644214,0.001028,16.986542,16.986542,0.0,0.0,0.0,0.001026,32.657775,32.657775,0.0,0.0,0.0
3285,27-Sep-03,24:00:00,49.664918,0.000966,16.993253,16.993253,0.0,0.0,0.0,0.001006,32.671767,32.671767,0.0,0.0,0.0
3286,28-Sep-03,24:00:00,49.685198,0.001491,16.999819,16.999819,0.0,0.0,0.0,0.001515,32.685478,32.685478,0.0,0.0,0.0
3287,29-Sep-03,24:00:00,49.705053,0.001313,17.006242,17.006242,0.0,0.0,0.0,0.001495,32.698908,32.698908,0.0,0.0,0.0
3288,30-Sep-03,24:00:00,49.724482,0.001014,17.012521,17.012521,0.0,0.0,0.0,0.001523,32.712057,32.712057,0.0,0.0,0.0
3289,01-Oct-03,24:00:00,49.743486,0.001072,17.018655,17.018655,0.0,0.0,0.0,0.001464,32.724923,32.724923,0.0,0.0,0.0
3290,02-Oct-03,24:00:00,49.762062,0.001007,17.024645,17.024645,0.0,0.0,0.0,0.001446,32.737508,32.737508,0.0,0.0,0.0
3291,03-Oct-03,24:00:00,49.78021,0.001058,17.03049,17.03049,0.0,0.0,0.0,0.001549,32.749809,32.749809,0.0,0.0,0.0
3292,04-Oct-03,24:00:00,49.79793,0.001355,17.03619,17.03619,0.0,0.0,0.0,0.001418,32.761827,32.761827,0.0,0.0,0.0
3293,05-Oct-03,24:00:00,49.815221,0.001538,17.041745,17.041745,0.0,0.0,0.0,0.001801,32.773562,32.773562,0.0,0.0,0.0
3294,06-Oct-03,24:00:00,49.832083,0.001537,17.047154,17.047154,0.0,0.0,0.0,0.001753,32.785012,32.785012,0.0,0.0,0.0
3295,07-Oct-03,24:00:00,49.848515,0.001398,17.052418,17.052418,0.0,0.0,0.0,0.00148,32.796178,32.796178,0.0,0.0,0.0
3296,08-Oct-03,24:00:00,49.864517,0.001937,17.057536,17.057536,0.0,0.0,0.0,0.001816,32.80706,32.80706,0.0,0.0,0.0
3297,09-Oct-03,24:00:00,49.880088,0.001967,17.062508,17.062508,0.0,0.0,0.0,0.001525,32.817657,32.817657,0.0,0.0,0.0
3298,10-Oct-03,24:00:00,49.895228,0.001425,17.067334,17.067334,0.0,0.0,0.0,0.001565,32.827968,32.827968,0.0,0.0,0.0
3299,11-Oct-03,24:00:00,49.909936,0.00149,17.072014,17.072014,0.0,0.0,0.0,0.001378,32.837995,32.837995,0.0,0.0,0.0
3300,12-Oct-03,24:00:00,49.924213,0.001551,17.076548,17.076548,0.0,0.0,0.0,0.001234,32.847735,32.847735,0.0,0.0,0.0
3301,13-Oct-03,24:00:00,49.938057,0.001419,17.080935,17.080935,0.0,0.0,0.0,0.001311,32.85719,32.85719,0.0,0.0,0.0
3302,14-Oct-03,24:00:00,49.951469,0.001258,17.085176,17.085176,0.0,0.0,0.0,0.00143,32.866359,32.866359,0.0,0.0,0.0
3303,15-Oct-03,24:00:00,49.964449,0.00135,17.089271,17.089271,0.0,0.0,0.0,0.001333,32.875242,32.875242,0.0,0.0,0.0
3304,16-Oct-03,24:00:00,49.976996,0.001243,17.093219,17.093219,0.0,0.0,0.0,0.001121,32.883838,32.883838,0.0,0.0,0.0
3305,17-Oct-03,24:00:00,49.98911,0.001238,17.097021,17.097021,0.0,0.0,0.0,0.001274,32.892149,32.892149,0.0,0.0,0.0
3306,18-Oct-03,24:00:00,50.00079,0.001138,17.100676,17.100676,0.0,0.0,0.0,0.001016,32.900173,32.900173,0.0,0.0,0.0
3307,19-Oct-03,24:00:00,50.012038,0.001348,17.104184,17.104184,0.0,0.0,0.0,0.001086,32.90791,32.90791,0.0,0.0,0.0
3308,20-Oct-03,24:00:00,50.022853,0.00138,17.107546,17.107546,0.0,0.0,0.0,0.001431,32.915361,32.915361,0.0,0.0,0.0
3309,21-Oct-03,24:00:00,50.033234,0.001055,17.110761,17.110761,0.0,0.0,0.0,0.001204,32.922525,32.922525,0.0,0.0,0.0
3310,22-Oct-03,24:00:00,50.043182,0.001434,17.113829,17.113829,0.0,0.0,0.0,0.00112,32.929402,32.929402,0.0,0.0,0.0
3311,23-Oct-03,24:00:00,50.052696,0.001232,17.11675,17.11675,0.0,0.0,0.0,0.000999,32.935993,32.935993,0.0,0.0,0.0
3312,24-Oct-03,24:00:00,50.061778,0.001313,17.119525,17.119525,0.0,0.0,0.0,0.000996,32.942298,32.942298,0.0,0.0,0.0
3313,25-Oct-03,24:00:00,50.070426,0.001318,17.122154,17.122154,0.0,0.0,0.0,0.000993,32.948316,32.948316,0.0,0.0,0.0
3314,26-Oct-03,24:00:00,50.078641,0.001277,17.124635,17.124635,0.0,0.0,0.0,0.00103,32.954047,32.954047,0.0,0.0,0.0
3315,27-Oct-03,24:00:00,50.086424,0.001272,17.12697,17.12697,0.0,0.0,0.0,0.000838,32.959492,32.959492,0.0,0.0,0.0
3316,28-Oct-03,24:00:00,50.093773,0.001628,17.129159,17.129159,0.0,0.0,0.0,0.001412,32.964651,32.964651,0.0,0.0,0.0
3317,29-Oct-03,24:00:00,50.10069,0.00116,17.131201,17.131201,0.0,0.0,0.0,0.000948,32.969524,32.969524,0.0,0.0,0.0
3318,30-Oct-03,24:00:00,50.107175,0.000601,17.133097,17.133097,0.0,0.0,0.0,0.000361,32.974111,32.974111,0.0,0.0,0.0
3319,31-Oct-03,24:00:00,50.113227,0.00091,17.134846,17.134846,0.0,0.0,0.0,0.000744,32.978412,32.978412,0.0,0.0,0.0
3320,01-Nov-03,24:00:00,50.162063,0.000438,17.179664,17.136449,0.000802,0.0,0.000115,0.000327,32.982427,32.982427,0.0,0.0,0.0
3321,02-Nov-03,24:00:00,50.736653,0.000746,17.750523,17.137907,0.0,0.0,0.002751,0.000714,32.986156,32.986156,0.0,0.0,0.0
3322,03-Nov-03,24:00:00,50.128794,0.000723,17.139218,17.139218,0.0,0.0,0.002751,0.000497,32.989601,32.989601,0.0,0.0,0.0
3323,04-Nov-03,24:00:00,50.133121,0.000363,17.140383,17.140383,0.0,0.0,0.002751,0.0003,32.99276,32.99276,0.0,0.0,0.0
3324,05-Nov-03,24:00:00,50.137017,0.000415,17.141402,17.141402,0.0,0.0,0.002751,0.000279,32.995635,32.995635,0.0,0.0,0.0
3325,06-Nov-03,24:00:00,52.465926,0.000298,19.461138,17.142276,0.00646,0.0,0.007262,0.000339,33.006212,32.998225,0.000634,0.0,9.1e-05
3326,07-Nov-03,24:00:00,310.136223,0.000235,123.380368,17.143005,0.130809,0.0,0.287123,0.000254,188.203305,33.000531,0.120543,0.0,0.238569
3327,08-Nov-03,24:00:00,143.185244,0.000665,32.873344,17.143588,0.014807,0.0,0.520544,0.000341,108.930601,33.002552,0.016232,0.0,0.465539
3328,09-Nov-03,24:00:00,51.682031,0.000831,17.144026,17.144026,0.0,0.0,0.524154,0.000582,34.472803,33.00429,0.0,0.0,0.471119
3329,10-Nov-03,24:00:00,50.150054,0.000826,17.144319,17.144319,0.0,0.0,0.524154,0.000661,33.005745,33.005745,0.0,0.0,0.471119
3330,11-Nov-03,24:00:00,50.151375,0.000854,17.144467,17.144467,0.0,0.0,0.524154,0.000698,33.006916,33.006916,0.0,0.0,0.471119
3331,12-Nov-03,24:00:00,50.15227,0.000272,17.14447,17.14447,0.0,0.0,0.524154,0.000568,33.007805,33.007805,0.0,0.0,0.471119
3332,13-Nov-03,24:00:00,70.422723,0.000292,25.876753,17.144329,0.011676,0.0,0.541094,0.000382,44.70354,33.008411,0.00978,0.0,0.485951
3333,14-Nov-03,24:00:00,60.630368,0.000407,21.014365,17.144044,0.003745,0.0,0.576155,0.000263,39.462141,33.008736,0.000973,0.0,0.507988
3334,15-Nov-03,24:00:00,50.210881,0.000405,17.143614,17.143614,0.0,0.0,0.577025,0.000255,33.063435,33.008778,0.0,0.0,0.507988
3335,16-Nov-03,24:00:00,50.151583,0.000714,17.143041,17.143041,0.0,0.0,0.577025,0.000608,33.00854,33.00854,0.0,0.0,0.507988
3336,17-Nov-03,24:00:00,50.150349,0.000657,17.142324,17.142324,0.0,0.0,0.577025,0.000544,33.00802,33.00802,0.0,0.0,0.507988
3337,18-Nov-03,24:00:00,50.148691,0.000519,17.141464,17.141464,0.0,0.0,0.577025,0.000508,33.007221,33.007221,0.0,0.0,0.507988
3338,19-Nov-03,24:00:00,50.14661,0.000659,17.14046,17.14046,0.0,0.0,0.577025,0.000625,33.006141,33.006141,0.0,0.0,0.507988
3339,20-Nov-03,24:00:00,50.144106,0.000998,17.139313,17.139313,0.0,0.0,0.576843,0.000597,33.004782,33.004782,0.0,0.0,0.507988
3340,21-Nov-03,24:00:00,50.14118,0.000768,17.138024,17.138024,0.0,0.0,0.575053,0.000538,33.003144,33.003144,0.0,0.0,0.507988
3341,22-Nov-03,24:00:00,50.137834,0.000611,17.136592,17.136592,0.0,0.0,0.572759,0.000496,33.001227,33.001227,0.0,0.0,0.5076
3342,23-Nov-03,24:00:00,50.134067,0.000571,17.135018,17.135018,0.0,0.0,0.570727,0.000549,32.999032,32.999032,0.0,0.0,0.506186
3343,24-Nov-03,24:00:00,50.12988,0.000643,17.133301,17.133301,0.0,0.0,0.568668,0.00049,32.99656,32.99656,0.0,0.0,0.504376
3344,25-Nov-03,24:00:00,50.125275,0.000675,17.131444,17.131444,0.0,0.0,0.566431,0.000567,32.99381,32.99381,0.0,0.0,0.502586
3345,26-Nov-03,24:00:00,50.120252,0.000472,17.129444,17.129444,0.0,0.0,0.564394,0.000483,32.990784,32.990784,0.0,0.0,0.500777
3346,27-Nov-03,24:00:00,50.114811,0.000216,17.127304,17.127304,0.0,0.0,0.563205,0.000265,32.987482,32.987482,0.0,0.0,0.499518
3347,28-Nov-03,24:00:00,57.346125,0.000256,17.125023,17.125023,0.0,0.0,0.562824,0.000199,40.328858,32.983905,0.006346,0.0,0.509137
3348,29-Nov-03,24:00:00,94.149335,0.000185,36.488552,17.122601,0.026948,0.0,0.590842,0.000206,58.21021,32.980053,0.027263,0.0,0.549593
3349,30-Nov-03,24:00:00,223.906566,0.000188,82.18009,17.120038,0.085436,0.0,0.7948,0.000216,142.078754,32.975926,0.074921,0.0,0.738766
3350,01-Dec-03,24:00:00,109.749703,0.000281,28.382255,17.117336,0.004703,0.0,0.963782,0.000282,80.386294,32.971526,0.003497,0.0,0.882674
3351,02-Dec-03,24:00:00,50.655505,0.000525,17.114494,17.114494,0.0,0.0,0.964264,0.00053,33.512904,32.966852,0.0,0.0,0.883091
3352,03-Dec-03,24:00:00,60.561023,0.000114,24.062853,17.368381,0.011776,0.001353,0.972576,0.000174,36.645308,32.961907,0.005904,0.0,0.887966
3353,04-Dec-03,24:00:00,226.697316,0.000203,173.224949,160.982162,0.013325,0.013325,1.0,0.000207,53.356856,32.956689,0.009498,0.0,0.929654
3354,05-Dec-03,24:00:00,1942.417301,0.000141,1189.494089,645.452152,0.061624,0.061624,1.0,0.000209,765.721387,298.659978,0.05932,0.040622,0.987976
3355,06-Dec-03,24:00:00,1172.602982,0.000536,217.78286,206.26706,0.0,0.0,1.0,0.000445,943.972411,724.940262,0.0,0.0,1.0
3356,07-Dec-03,24:00:00,279.140697,0.000466,90.795162,90.795162,0.0,0.0,1.0,0.000384,186.665982,185.840395,0.0,0.0,1.0
3357,08-Dec-03,24:00:00,841.563596,0.000246,542.103586,338.987127,0.049116,0.049116,1.0,0.0002,307.572986,260.452923,0.047629,0.047629,1.0
3358,09-Dec-03,24:00:00,3085.544583,0.000469,1047.174738,671.92621,0.040054,0.040054,1.0,0.000246,2038.660417,1450.082656,0.04263,0.04263,1.0
3359,10-Dec-03,24:00:00,1311.359925,0.000534,376.295012,358.299913,0.00065,0.00065,1.0,0.000542,929.271646,892.75035,0.0,0.0,1.0
3360,11-Dec-03,24:00:00,720.90826,8.3e-05,289.916617,275.503157,0.02228,0.02228,1.0,0.000155,432.176192,417.402839,0.020548,0.020548,1.0
3361,12-Dec-03,24:00:00,1628.3025,0.000277,660.843474,618.675085,0.054799,0.054799,1.0,0.000192,972.330348,910.737664,0.050675,0.050675,1.0
3362,13-Dec-03,24:00:00,3997.601667,0.000674,1304.765553,772.593267,0.026466,0.026466,1.0,0.000588,2692.774583,1663.701667,0.028703,0.028703,1.0
3363,14-Dec-03,24:00:00,967.196303,0.000464,215.070602,215.070602,0.0,0.0,1.0,0.000396,745.100477,713.469638,0.0,0.0,1.0
3364,15-Dec-03,24:00:00,570.562171,0.00044,190.524281,190.524281,0.0,0.0,1.0,0.000439,379.274022,379.274022,0.0,0.0,1.0
3365,16-Dec-03,24:00:00,495.45463,0.000452,170.905826,170.905826,0.0,0.0,1.0,0.000435,324.267532,324.267532,0.0,0.0,1.0
3366,17-Dec-03,24:00:00,444.435484,0.000474,153.505756,153.505756,0.0,0.0,1.0,0.000518,290.698006,290.698006,0.0,0.0,1.0
3367,18-Dec-03,24:00:00,610.028004,0.000191,273.455507,256.81464,0.024826,0.024826,1.0,0.000189,340.220158,323.884218,0.025924,0.025924,1.0
3368,19-Dec-03,24:00:00,1499.862917,0.000133,567.727137,536.413372,0.035986,0.035986,1.0,0.00022,935.903516,873.602881,0.038304,0.038304,1.0
3369,20-Dec-03,24:00:00,1445.830851,0.000406,343.345947,341.601251,0.0,0.0,1.0,0.000389,1097.797779,1067.94053,0.0,0.0,1.0
3370,21-Dec-03,24:00:00,585.028917,0.000334,160.977005,160.977005,0.0,0.0,1.0,0.000383,421.632773,421.401513,0.0,0.0,1.0
3371,22-Dec-03,24:00:00,1528.12212,0.000147,686.832834,641.95247,0.064338,0.064338,1.0,0.000234,850.833789,781.67521,0.065582,0.065582,1.0
3372,23-Dec-03,24:00:00,7903.805,0.000302,2962.622378,934.963205,0.046465,0.046465,1.0,0.000249,4945.100833,2027.7675,0.050485,0.050485,1.0
3373,24-Dec-03,24:00:00,1484.986539,0.000509,252.92127,252.745014,0.0,0.0,1.0,0.000342,1219.671233,1051.603001,0.0,0.0,1.0
3374,25-Dec-03,24:00:00,687.484029,0.000454,208.362631,208.362631,0.0,0.0,1.0,0.000402,477.710292,477.675688,0.0,0.0,1.0
3375,26-Dec-03,24:00:00,578.140872,0.000428,186.717169,186.717169,0.0,0.0,1.0,0.000351,391.050801,391.050801,0.0,0.0,1.0
3376,27-Dec-03,24:00:00,526.539498,0.000297,175.002019,172.866767,0.009652,0.009652,1.0,0.000145,351.568103,351.186729,0.008291,0.008291,1.0
3377,28-Dec-03,24:00:00,6240.44569,0.000255,1907.769068,961.519693,0.065537,0.065537,1.0,0.000324,4351.036325,1330.268961,0.068932,0.068932,1.0
3378,29-Dec-03,24:00:00,1885.655286,0.000526,263.570408,263.444194,0.0,0.0,1.0,0.000276,1604.562994,1197.925926,0.0,0.0,1.0
3379,30-Dec-03,24:00:00,671.803578,0.000367,194.977151,194.977151,0.0,0.0,1.0,0.000386,474.926298,474.899331,0.0,0.0,1.0
3380,31-Dec-03,24:00:00,963.458894,0.000368,252.871116,247.584857,0.006468,0.006468,1.0,0.000314,714.131361,680.342632,0.021934,0.021934,1.0
3381,01-Jan-04,24:00:00,745.75089,0.000255,165.539098,165.539098,0.0,0.0,1.0,0.000223,576.726919,573.386581,0.0,0.0,1.0
3382,02-Jan-04,24:00:00,501.938427,0.00048,147.427344,147.427344,0.0,0.0,1.0,0.000421,353.886143,353.886143,0.0,0.0,1.0
3383,03-Jan-04,24:00:00,438.201304,0.000389,132.676812,132.676812,0.0,0.0,1.0,0.000364,305.26419,305.26419,0.0,0.0,1.0
3384,04-Jan-04,24:00:00,393.74124,0.000471,119.594345,119.594345,0.0,0.0,1.0,0.000419,273.930723,273.930723,0.0,0.0,1.0
3385,05-Jan-04,24:00:00,354.820874,0.000376,107.991074,107.991074,0.0,0.0,1.0,0.000462,246.639277,246.639277,0.0,0.0,1.0
3386,06-Jan-04,24:00:00,651.974238,0.000149,307.279605,292.441812,0.0182,0.0182,1.0,0.000229,346.15456,333.118628,0.008725,0.008725,1.0
3387,07-Jan-04,24:00:00,698.449796,0.000264,298.311347,286.020685,0.014995,0.014995,1.0,0.00027,399.912309,388.522059,0.006511,0.006511,1.0
3388,08-Jan-04,24:00:00,1512.847573,0.000133,736.059246,420.355744,0.036317,0.036317,1.0,0.000294,784.828226,530.577568,0.037188,0.037188,1.0
3389,09-Jan-04,24:00:00,1199.351509,0.000233,252.763074,247.416785,0.0,0.0,1.0,0.000322,938.902746,835.649194,0.0,0.0,1.0
3390,10-Jan-04,24:00:00,448.099991,0.000338,130.661623,130.661623,0.0,0.0,1.0,0.000314,315.80117,315.612583,0.0,0.0,1.0
3391,11-Jan-04,24:00:00,349.350713,0.000229,117.766921,117.766921,0.0,0.0,1.0,0.000205,231.334615,231.334615,0.0,0.0,1.0
3392,12-Jan-04,24:00:00,312.903661,0.000295,106.369551,106.369551,0.0,0.0,1.0,0.00047,206.377618,206.377618,0.0,0.0,1.0
3393,13-Jan-04,24:00:00,375.178561,0.000267,148.279862,144.001184,0.005345,0.005345,1.0,0.000222,227.792457,221.69313,0.005058,0.005058,1.0
3394,14-Jan-04,24:00:00,388.574034,0.000349,125.595914,123.684284,0.00231,0.00231,1.0,0.000442,262.257227,258.897179,0.000855,0.000855,1.0
3395,15-Jan-04,24:00:00,282.685245,0.000254,94.180541,94.114783,0.0,0.0,1.0,0.000253,188.101626,187.554972,0.0,0.0,1.0
3396,16-Jan-04,24:00:00,232.732515,0.000431,79.408592,79.408592,0.0,0.0,1.0,0.000369,153.176535,153.173692,0.0,0.0,1.0
3397,17-Jan-04,24:00:00,210.372716,0.000238,72.346413,72.346413,0.0,0.0,1.0,0.000406,137.93174,137.93174,0.0,0.0,1.0
3398,18-Jan-04,24:00:00,192.128348,0.000502,66.085049,66.085049,0.0,0.0,1.0,0.000648,125.961406,125.961406,0.0,0.0,1.0
3399,19-Jan-04,24:00:00,176.020322,0.000443,60.531729,60.531729,0.0,0.0,1.0,0.000581,115.416091,115.416091,0.0,0.0,1.0
3400,20-Jan-04,24:00:00,161.736456,0.000678,55.606394,55.606394,0.0,0.0,1.0,0.000572,106.0658,106.0658,0.0,0.0,1.0
3401,21-Jan-04,24:00:00,149.068057,0.000525,51.238042,51.238042,0.0,0.0,1.0,0.000481,97.773045,97.773045,0.0,0.0,1.0
3402,22-Jan-04,24:00:00,137.832394,0.000444,47.363695,47.363695,0.0,0.0,1.0,0.000395,90.418184,90.418184,0.0,0.0,1.0
3403,23-Jan-04,24:00:00,127.86747,0.000283,43.927498,43.927498,0.0,0.0,1.0,0.000391,83.895174,83.895174,0.0,0.0,1.0
3404,24-Jan-04,24:00:00,119.029609,0.000674,40.879913,40.879913,0.0,0.0,1.0,0.000607,78.109963,78.109963,0.0,0.0,1.0
3405,25-Jan-04,24:00:00,111.19138,0.000325,38.177003,38.177003,0.0,0.0,1.0,0.000286,72.979134,72.979134,0.0,0.0,1.0
3406,26-Jan-04,24:00:00,454.462277,0.000304,231.197063,217.307927,0.017054,0.017054,1.0,0.000322,225.747352,207.498942,0.013055,0.013055,1.0
3407,27-Jan-04,24:00:00,317.17161,0.000532,64.756473,64.708254,0.0,0.0,1.0,0.000475,250.406245,246.55849,0.0,0.0,1.0
3408,28-Jan-04,24:00:00,150.039201,0.000244,48.499079,48.499079,0.0,0.0,1.0,0.000401,101.186087,101.183034,0.0,0.0,1.0
3409,29-Jan-04,24:00:00,139.188978,0.000775,53.740868,52.893719,0.001098,0.001098,1.0,0.000541,85.52105,84.856195,0.000708,0.000708,1.0
3410,30-Jan-04,24:00:00,137.008463,0.000924,47.175772,47.125811,0.0,0.0,1.0,0.000724,89.708038,89.177788,0.0,0.0,1.0
3411,31-Jan-04,24:00:00,206.437895,0.000171,97.015734,92.397531,0.005788,0.005788,1.0,0.00022,109.911781,105.767042,0.002863,0.002863,1.0
3412,01-Feb-04,24:00:00,3029.745586,0.000261,1447.331799,602.180361,0.064125,0.064125,1.0,0.000256,1595.796032,630.200326,0.064929,0.064929,1.0
3413,02-Feb-04,24:00:00,2162.73125,0.000428,567.014433,543.489803,0.023231,0.023231,1.0,0.000299,1587.702571,1382.521324,0.01913,0.01913,1.0
3414,03-Feb-04,24:00:00,644.958551,0.000619,134.824701,134.797004,0.0,0.0,1.0,0.000689,505.145031,502.118704,0.0,0.0,1.0
3415,04-Feb-04,24:00:00,352.077614,0.000669,115.186672,115.186672,0.0,0.0,1.0,0.000676,236.320586,236.318128,0.0,0.0,1.0
3416,05-Feb-04,24:00:00,326.56704,0.000648,118.50204,116.33627,0.003513,0.003513,1.0,0.000375,208.49397,206.492454,0.004571,0.004571,1.0
3417,06-Feb-04,24:00:00,402.422753,0.000825,124.753891,124.048872,0.0,0.0,1.0,0.000709,277.317305,271.650001,0.0,0.0,1.0
3418,07-Feb-04,24:00:00,275.900758,0.000771,89.154273,89.154273,0.0,0.0,1.0,0.000645,186.346052,186.277281,0.0,0.0,1.0
3419,08-Feb-04,24:00:00,238.812758,0.001363,80.978046,80.978046,0.0,0.0,1.0,0.000801,157.708034,157.708034,0.0,0.0,1.0
3420,09-Feb-04,24:00:00,216.831641,0.001222,73.742992,73.742992,0.0,0.0,0.999977,0.000795,142.991134,142.991134,0.0,0.0,1.0
3421,10-Feb-04,24:00:00,197.920263,0.000905,67.326314,67.326314,0.0,0.0,0.998505,0.000785,130.508144,130.508144,0.0,0.0,1.0
3422,11-Feb-04,24:00:00,181.169552,0.000924,61.635478,61.635478,0.0,0.0,0.99537,0.001001,119.458066,119.458066,0.0,0.0,0.999274
3423,12-Feb-04,24:00:00,166.314512,0.000566,56.588412,56.588412,0.0,0.0,0.992701,0.00047,109.658739,109.658739,0.0,0.0,0.997244
3424,13-Feb-04,24:00:00,153.140163,0.000674,52.112326,52.112326,0.0,0.0,0.990643,0.000608,100.968126,100.968126,0.0,0.0,0.995469
3425,14-Feb-04,24:00:00,144.768673,0.000348,48.14266,48.14266,0.0,0.0,0.988838,0.000296,96.748292,94.849647,0.002892,0.00124,0.996256
3426,15-Feb-04,24:00:00,4085.089057,0.000229,1867.083034,603.655337,0.0804,0.076972,0.998131,0.000318,2241.570183,717.052701,0.082849,0.082849,1.0
3427,16-Feb-04,24:00:00,13604.028333,0.000345,5010.404167,1247.590833,0.1,0.1,1.0,0.000343,8610.58875,2323.128333,0.1,0.1,1.0
3428,17-Feb-04,24:00:00,4546.709583,0.00103,805.024046,718.503294,0.016756,0.016756,1.0,0.00074,3708.313333,2155.117917,0.015023,0.015023,1.0
3429,18-Feb-04,24:00:00,959.571472,0.000902,223.955653,223.955653,0.0,0.0,1.0,0.000847,729.547224,722.584839,0.0,0.0,1.0
3430,19-Feb-04,24:00:00,630.164178,0.000334,199.513069,199.513069,0.0,0.0,1.0,0.000705,429.946145,429.946145,0.0,0.0,1.0
3431,20-Feb-04,24:00:00,552.535074,0.000382,178.877408,178.877408,0.0,0.0,1.0,0.000434,373.335398,373.335398,0.0,0.0,1.0
3432,21-Feb-04,24:00:00,495.250535,0.000428,160.575836,160.575836,0.0,0.0,1.0,0.000429,334.402347,334.402347,0.0,0.0,1.0
3433,22-Feb-04,24:00:00,444.876365,0.000693,144.344274,144.344274,0.0,0.0,1.0,0.000694,300.292099,300.292099,0.0,0.0,1.0
3434,23-Feb-04,24:00:00,663.744069,0.000871,238.928839,231.537565,0.009044,0.009044,1.0,0.000725,426.42504,410.853569,0.010141,0.010141,1.0
3435,24-Feb-04,24:00:00,5757.908451,0.000773,2248.899245,763.477505,0.069528,0.069528,1.0,0.000655,3523.083825,1058.356915,0.071711,0.071711,1.0
3436,25-Feb-04,24:00:00,2932.27875,0.000779,796.865451,759.560392,0.040789,0.040789,1.0,0.000572,2128.236667,1772.844583,0.042275,0.042275,1.0
3437,26-Feb-04,24:00:00,1298.299148,0.001029,262.099335,261.603743,0.0,0.0,1.0,0.000788,1028.623148,1015.898631,0.0,0.0,1.0
3438,27-Feb-04,24:00:00,656.36248,0.001019,195.018584,195.018584,0.0,0.0,1.0,0.000937,459.87339,459.824319,0.0,0.0,1.0
3439,28-Feb-04,24:00:00,546.858927,0.000912,174.879679,174.879679,0.0,0.0,1.0,0.000954,371.618805,371.618805,0.0,0.0,1.0
3440,29-Feb-04,24:00:00,720.680683,0.000572,256.306545,248.754718,0.009484,0.009484,1.0,0.000547,466.135325,451.249062,0.010753,0.010753,1.0
3441,01-Mar-04,24:00:00,615.334441,0.001608,167.14121,166.941829,0.0,0.0,1.0,0.001176,446.369508,443.066532,0.0,0.0,1.0
3442,02-Mar-04,24:00:00,438.021707,0.001176,136.568779,136.568779,0.0,0.0,1.0,0.000842,300.966494,300.953743,0.0,0.0,1.0
3443,03-Mar-04,24:00:00,384.465152,0.001409,123.05203,123.05203,0.0,0.0,0.999949,0.001129,261.196822,261.196822,0.0,0.0,1.0
3444,04-Mar-04,24:00:00,346.214568,0.001132,111.07048,111.07048,0.0,0.0,0.997788,0.001089,234.964065,234.964065,0.0,0.0,0.999876
3445,05-Mar-04,24:00:00,312.716803,0.001078,100.444545,100.444545,0.0,0.0,0.994108,0.001248,212.113501,212.113501,0.0,0.0,0.997632
3446,06-Mar-04,24:00:00,283.024025,0.001389,91.020948,91.020948,0.0,0.0,0.989901,0.001241,191.862672,191.862672,0.0,0.0,0.993294
3447,07-Mar-04,24:00:00,256.691881,0.001079,82.663744,82.663744,0.0,0.0,0.985534,0.001343,173.903902,173.903902,0.0,0.0,0.988889
3448,08-Mar-04,24:00:00,233.33996,0.001486,75.25236,75.25236,0.0,0.0,0.981239,0.001698,157.977633,157.977633,0.0,0.0,0.983891
3449,09-Mar-04,24:00:00,212.631276,0.001883,68.679857,68.679857,0.0,0.0,0.975366,0.001367,143.85405,143.85405,0.0,0.0,0.978414
3450,10-Mar-04,24:00:00,194.266963,0.001577,62.851388,62.851388,0.0,0.0,0.9696,0.001358,131.329336,131.329336,0.0,0.0,0.973755
3451,11-Mar-04,24:00:00,177.981952,0.001506,57.682832,57.682832,0.0,0.0,0.964269,0.00148,120.222719,120.222719,0.0,0.0,0.968943
3452,12-Mar-04,24:00:00,163.541146,0.001426,53.099578,53.099578,0.0,0.0,0.959219,0.001401,110.373868,110.373868,0.0,0.0,0.963932
3453,13-Mar-04,24:00:00,150.736038,0.001606,49.035453,49.035453,0.0,0.0,0.95409,0.001773,101.640584,101.640584,0.0,0.0,0.958718
3454,14-Mar-04,24:00:00,139.381694,0.002008,45.431766,45.431766,0.0,0.0,0.94809,0.001731,93.896743,93.896743,0.0,0.0,0.9526
3455,15-Mar-04,24:00:00,129.314096,0.002056,42.236462,42.236462,0.0,0.0,0.940786,0.001495,87.030484,87.030484,0.0,0.0,0.94697
3456,16-Mar-04,24:00:00,120.387771,0.001831,39.403372,39.403372,0.0,0.0,0.934297,0.001357,80.942595,80.942595,0.0,0.0,0.942136
3457,17-Mar-04,24:00:00,112.473695,0.001521,36.891548,36.891548,0.0,0.0,0.928451,0.001622,75.545081,75.545081,0.0,0.0,0.937122
3458,18-Mar-04,24:00:00,105.457434,0.001537,34.664671,34.664671,0.0,0.0,0.923236,0.001509,70.759897,70.759897,0.0,0.0,0.931641
3459,19-Mar-04,24:00:00,99.237494,0.001643,32.69053,32.69053,0.0,0.0,0.917797,0.001719,66.517822,66.517822,0.0,0.0,0.926197
3460,20-Mar-04,24:00:00,93.723856,0.001154,30.940554,30.940554,0.0,0.0,0.912982,0.001671,62.757463,62.757463,0.0,0.0,0.920359
3461,21-Mar-04,24:00:00,88.836679,0.001195,29.389403,29.389403,0.0,0.0,0.908984,0.001765,59.424365,59.424365,0.0,0.0,0.914477
3462,22-Mar-04,24:00:00,84.505152,0.001593,28.014604,28.014604,0.0,0.0,0.904316,0.001465,56.470235,56.470235,0.0,0.0,0.908916
3463,23-Mar-04,24:00:00,80.666465,0.001354,26.796223,26.796223,0.0,0.0,0.89907,0.000949,53.852235,53.852235,0.0,0.0,0.904684
3464,24-Mar-04,24:00:00,204.651632,0.000383,89.692027,61.610762,0.035639,0.005303,0.936312,0.00046,116.818008,78.813819,0.035871,0.007333,0.940638
3465,25-Mar-04,24:00:00,267.507479,0.000944,54.120572,53.075141,0.0,0.0,1.0,0.000778,211.989629,189.38898,0.0,0.0,1.0
3466,26-Mar-04,24:00:00,108.96017,0.001361,29.336342,29.336342,0.0,0.0,1.0,0.001316,79.249834,79.132819,0.0,0.0,1.0
3467,27-Mar-04,24:00:00,88.581216,0.001519,27.963492,27.963492,0.0,0.0,1.0,0.001633,60.575022,60.575022,0.0,0.0,1.0
3468,28-Mar-04,24:00:00,83.616951,0.001563,26.755786,26.755786,0.0,0.0,0.997981,0.001785,56.839913,56.839913,0.0,0.0,0.997969
3469,29-Mar-04,24:00:00,79.873362,0.00137,25.685648,25.685648,0.0,0.0,0.993489,0.001232,54.169506,54.169506,0.0,0.0,0.993249
3470,30-Mar-04,24:00:00,76.579665,0.001789,24.737527,24.737527,0.0,0.0,0.988027,0.001472,51.826019,51.826019,0.0,0.0,0.988633
3471,31-Mar-04,24:00:00,73.662339,0.002004,23.897631,23.897631,0.0,0.0,0.981535,0.001632,49.750423,49.750423,0.0,0.0,0.983313
3472,01-Apr-04,24:00:00,71.078158,0.002369,23.153726,23.153726,0.0,0.0,0.973344,0.00175,47.911774,47.911774,0.0,0.0,0.977492
3473,02-Apr-04,24:00:00,68.789448,0.001788,22.494963,22.494963,0.0,0.0,0.966823,0.001808,46.28327,46.28327,0.0,0.0,0.971427
3474,03-Apr-04,24:00:00,66.762811,0.000916,21.911718,21.911718,0.0,0.0,0.962199,0.001433,44.841159,44.841159,0.0,0.0,0.965847
3475,04-Apr-04,24:00:00,64.968625,0.000998,21.395455,21.395455,0.0,0.0,0.958929,0.000827,43.564373,43.564373,0.0,0.0,0.961905
3476,05-Apr-04,24:00:00,63.380619,0.001564,20.938604,20.938604,0.0,0.0,0.954458,0.001304,42.434227,42.434227,0.0,0.0,0.958273
3477,06-Apr-04,24:00:00,61.975488,0.001955,20.53445,20.53445,0.0,0.0,0.94866,0.001834,41.434145,41.434145,0.0,0.0,0.953004
3478,07-Apr-04,24:00:00,60.732564,0.001836,20.177037,20.177037,0.0,0.0,0.94198,0.00194,40.549429,40.549429,0.0,0.0,0.946515
3479,08-Apr-04,24:00:00,59.633514,0.001515,19.861081,19.861081,0.0,0.0,0.936345,0.002025,39.76704,39.76704,0.0,0.0,0.939771
3480,09-Apr-04,24:00:00,58.662078,0.001697,19.581898,19.581898,0.0,0.0,0.93086,0.002136,39.075412,39.075412,0.0,0.0,0.932698
3481,10-Apr-04,24:00:00,57.803832,0.001151,19.33533,19.33533,0.0,0.0,0.925858,0.001912,38.464289,38.464289,0.0,0.0,0.9256
3482,11-Apr-04,24:00:00,57.045984,0.001631,19.117693,19.117693,0.0,0.0,0.921055,0.001543,37.924572,37.924572,0.0,0.0,0.919752
3483,12-Apr-04,24:00:00,56.377187,0.001434,18.925714,18.925714,0.0,0.0,0.91584,0.001278,37.44819,37.44819,0.0,0.0,0.914753
3484,13-Apr-04,24:00:00,55.787374,0.000825,18.756495,18.756495,0.0,0.0,0.911877,0.000705,37.027985,37.027985,0.0,0.0,0.911334
3485,14-Apr-04,24:00:00,55.26762,0.001433,18.607461,18.607461,0.0,0.0,0.908015,0.000975,36.657607,36.657607,0.0,0.0,0.908445
3486,15-Apr-04,24:00:00,54.810004,0.001082,18.476332,18.476332,0.0,0.0,0.903807,0.000912,36.331426,36.331426,0.0,0.0,0.905155
3487,16-Apr-04,24:00:00,54.407501,0.001384,18.361081,18.361081,0.0,0.0,0.902381,0.001364,36.044444,36.044444,0.0,0.0,0.901345
3488,17-Apr-04,24:00:00,54.05388,0.000474,18.259915,18.259915,0.0,0.0,0.902381,0.000527,35.79223,35.79223,0.0,0.0,0.898019
3489,18-Apr-04,24:00:00,77.798579,0.000555,32.99659,18.242648,0.028916,0.000443,0.919677,0.000498,45.299685,35.570854,0.022859,0.0,0.911692
3490,19-Apr-04,24:00:00,141.914828,0.001447,74.385902,62.752298,0.003372,0.003372,1.0,0.001044,67.050363,35.376828,0.001884,0.0,0.981148
3491,20-Apr-04,24:00:00,72.91233,0.001641,36.767476,35.782271,0.001206,0.001206,1.0,0.001247,36.122882,35.207058,0.000278,0.0,0.981862
3492,21-Apr-04,24:00:00,58.221161,0.002141,23.122568,23.122568,0.0,0.0,1.0,0.00185,35.096303,35.058802,0.0,0.0,0.9821
3493,22-Apr-04,24:00:00,57.199512,0.002191,22.269004,22.269004,0.0,0.0,0.997383,0.002099,34.929623,34.929623,0.0,0.0,0.980834
3494,23-Apr-04,24:00:00,56.550322,0.00215,21.73219,21.73219,0.0,0.0,0.990453,0.002104,34.817364,34.817364,0.0,0.0,0.975231
3495,24-Apr-04,24:00:00,55.977938,0.002224,21.257166,21.257166,0.0,0.0,0.982921,0.002226,34.720107,34.720107,0.0,0.0,0.967816
3496,25-Apr-04,24:00:00,55.473628,0.002283,20.836902,20.836902,0.0,0.0,0.975208,0.002357,34.636153,34.636153,0.0,0.0,0.960066
3497,26-Apr-04,24:00:00,55.029688,0.002531,20.465204,20.465204,0.0,0.0,0.966974,0.002444,34.563994,34.563994,0.0,0.0,0.951836
3498,27-Apr-04,24:00:00,54.639286,0.001996,20.136576,20.136576,0.0,0.0,0.959226,0.002359,34.502291,34.502291,0.0,0.0,0.943589
3499,28-Apr-04,24:00:00,54.296358,0.00241,19.846146,19.846146,0.0,0.0,0.951365,0.00219,34.449858,34.449858,0.0,0.0,0.935729
3500,29-Apr-04,24:00:00,53.995529,0.00166,19.589591,19.589591,0.0,0.0,0.944665,0.002255,34.40564,34.40564,0.0,0.0,0.928142
3501,30-Apr-04,24:00:00,53.732028,0.00167,19.363078,19.363078,0.0,0.0,0.93894,0.002434,34.368703,34.368703,0.0,0.0,0.920222
3502,01-May-04,24:00:00,53.501624,0.00239,19.163205,19.163205,0.0,0.0,0.932024,0.002442,34.338217,34.338217,0.0,0.0,0.911744
3503,02-May-04,24:00:00,53.300565,0.002201,18.986956,18.986956,0.0,0.0,0.924129,0.002416,34.313445,34.313445,0.0,0.0,0.903412
3504,03-May-04,24:00:00,53.125519,0.001968,18.831657,18.831657,0.0,0.0,0.916997,0.002271,34.293735,34.293735,0.0,0.0,0.895381
3505,04-May-04,24:00:00,52.973534,0.001937,18.694933,18.694933,0.0,0.0,0.910212,0.001956,34.278505,34.278505,0.0,0.0,0.888022
3506,05-May-04,24:00:00,52.841989,0.001857,18.574679,18.574679,0.0,0.0,0.903738,0.00213,34.26724,34.26724,0.0,0.0,0.88116
3507,06-May-04,24:00:00,52.72856,0.000928,18.46903,18.46903,0.0,0.0,0.898926,0.001104,34.259485,34.259485,0.0,0.0,0.875501
3508,07-May-04,24:00:00,52.631182,0.001796,18.376327,18.376327,0.0,0.0,0.894395,0.002016,34.254831,34.254831,0.0,0.0,0.870184
3509,08-May-04,24:00:00,52.548028,0.002236,18.295102,18.295102,0.0,0.0,0.887421,0.002121,34.25292,34.25292,0.0,0.0,0.863065
3510,09-May-04,24:00:00,52.477472,0.002346,18.224052,18.224052,0.0,0.0,0.879577,0.001826,34.253431,34.253431,0.0,0.0,0.856236
3511,10-May-04,24:00:00,52.418073,0.002287,18.162021,18.162021,0.0,0.0,0.87159,0.001684,34.256079,34.256079,0.0,0.0,0.85015
3512,11-May-04,24:00:00,52.368555,0.002278,18.107982,18.107982,0.0,0.0,0.863786,0.002254,34.260612,34.260612,0.0,0.0,0.843616
3513,12-May-04,24:00:00,52.327781,0.002191,18.061027,18.061027,0.0,0.0,0.856141,0.002445,34.266805,34.266805,0.0,0.0,0.83567
3514,13-May-04,24:00:00,52.294745,0.002038,18.020347,18.020347,0.0,0.0,0.848845,0.002533,34.274458,34.274458,0.0,0.0,0.827101
3515,14-May-04,24:00:00,52.268553,0.002716,17.985228,17.985228,0.0,0.0,0.841208,0.002341,34.283395,34.283395,0.0,0.0,0.818838
3516,15-May-04,24:00:00,52.248412,0.002517,17.955032,17.955032,0.0,0.0,0.831805,0.002269,34.293457,34.293457,0.0,0.0,0.81074
3517,16-May-04,24:00:00,52.233619,0.001502,17.929198,17.929198,0.0,0.0,0.82496,0.001104,34.304505,34.304505,0.0,0.0,0.804909
3518,17-May-04,24:00:00,52.223547,0.001957,17.907225,17.907225,0.0,0.0,0.818864,0.001741,34.316412,34.316412,0.0,0.0,0.800206
3519,18-May-04,24:00:00,52.217643,0.002252,17.888669,17.888669,0.0,0.0,0.811735,0.002165,34.32907,34.32907,0.0,0.0,0.797093
3520,19-May-04,24:00:00,52.215413,0.001903,17.873136,17.873136,0.0,0.0,0.804641,0.002114,34.342377,34.342377,0.0,0.0,0.792541
3521,20-May-04,24:00:00,52.216421,0.001422,17.860277,17.860277,0.0,0.0,0.799026,0.001775,34.356247,34.356247,0.0,0.0,0.785998
3522,21-May-04,24:00:00,52.220276,0.00145,17.849782,17.849782,0.0,0.0,0.794066,0.001366,34.370601,34.370601,0.0,0.0,0.780551
3523,22-May-04,24:00:00,52.226635,0.002153,17.841376,17.841376,0.0,0.0,0.787818,0.002204,34.385368,34.385368,0.0,0.0,0.774389
3524,23-May-04,24:00:00,52.23519,0.002003,17.834814,17.834814,0.0,0.0,0.780607,0.002325,34.400488,34.400488,0.0,0.0,0.76664
3525,24-May-04,24:00:00,52.245669,0.001456,17.82988,17.82988,0.0,0.0,0.77482,0.002127,34.415903,34.415903,0.0,0.0,0.759176
3526,25-May-04,24:00:00,52.25783,0.001346,17.826382,17.826382,0.0,0.0,0.769982,0.002427,34.431564,34.431564,0.0,0.0,0.751334
3527,26-May-04,24:00:00,52.271457,0.001655,17.824148,17.824148,0.0,0.0,0.764802,0.001948,34.447427,34.447427,0.0,0.0,0.743587
3528,27-May-04,24:00:00,52.28636,0.001874,17.823027,17.823027,0.0,0.0,0.759051,0.001791,34.463451,34.463451,0.0,0.0,0.737329
3529,28-May-04,24:00:00,52.302367,0.002494,17.822884,17.822884,0.0,0.0,0.751178,0.00232,34.479602,34.479602,0.0,0.0,0.730332
3530,29-May-04,24:00:00,52.319327,0.002527,17.823599,17.823599,0.0,0.0,0.742731,0.002649,34.495848,34.495848,0.0,0.0,0.721908
3531,30-May-04,24:00:00,52.337106,0.002639,17.825067,17.825067,0.0,0.0,0.73391,0.002843,34.512159,34.512159,0.0,0.0,0.712564
3532,31-May-04,24:00:00,52.355583,0.0028,17.827192,17.827192,0.0,0.0,0.724731,0.001891,34.528511,34.528511,0.0,0.0,0.704085
3533,01-Jun-04,24:00:00,52.374652,0.002631,17.829892,17.829892,0.0,0.0,0.71524,0.002722,34.54488,34.54488,0.0,0.0,0.696412
3534,02-Jun-04,24:00:00,52.394217,0.002052,17.833092,17.833092,0.0,0.0,0.70726,0.002825,34.561245,34.561245,0.0,0.0,0.687031
3535,03-Jun-04,24:00:00,52.414194,0.002291,17.836725,17.836725,0.0,0.0,0.699747,0.002896,34.577588,34.577588,0.0,0.0,0.677294
3536,04-Jun-04,24:00:00,52.434506,0.002881,17.840732,17.840732,0.0,0.0,0.69113,0.002663,34.593893,34.593893,0.0,0.0,0.667588
3537,05-Jun-04,24:00:00,52.455086,0.003007,17.845062,17.845062,0.0,0.0,0.680999,0.002434,34.610142,34.610142,0.0,0.0,0.658746
3538,06-Jun-04,24:00:00,52.475874,0.002482,17.849667,17.849667,0.0,0.0,0.671427,0.00229,34.626324,34.626324,0.0,0.0,0.65063
3539,07-Jun-04,24:00:00,52.496815,0.002417,17.854507,17.854507,0.0,0.0,0.662876,0.001873,34.642426,34.642426,0.0,0.0,0.64326
3540,08-Jun-04,24:00:00,52.517863,0.002341,17.859544,17.859544,0.0,0.0,0.654728,0.002285,34.658436,34.658436,0.0,0.0,0.636351
3541,09-Jun-04,24:00:00,52.538972,0.002162,17.864745,17.864745,0.0,0.0,0.64715,0.002366,34.674343,34.674343,0.0,0.0,0.628481
3542,10-Jun-04,24:00:00,52.560106,0.002152,17.870082,17.870082,0.0,0.0,0.639696,0.002577,34.690139,34.690139,0.0,0.0,0.620134
3543,11-Jun-04,24:00:00,52.581229,0.002667,17.875528,17.875528,0.0,0.0,0.63166,0.002667,34.705815,34.705815,0.0,0.0,0.611126
3544,12-Jun-04,24:00:00,52.60231,0.002715,17.88106,17.88106,0.0,0.0,0.622325,0.002638,34.721363,34.721363,0.0,0.0,0.601883
3545,13-Jun-04,24:00:00,52.623321,0.00259,17.886658,17.886658,0.0,0.0,0.613094,0.002816,34.736775,34.736775,0.0,0.0,0.592654
3546,14-Jun-04,24:00:00,52.644237,0.002895,17.892302,17.892302,0.0,0.0,0.603781,0.002876,34.752046,34.752046,0.0,0.0,0.582837
3547,15-Jun-04,24:00:00,52.665035,0.002477,17.897977,17.897977,0.0,0.0,0.594415,0.002987,34.767169,34.767169,0.0,0.0,0.572879
3548,16-Jun-04,24:00:00,52.685696,0.001098,17.903667,17.903667,0.0,0.0,0.588227,0.001984,34.782138,34.782138,0.0,0.0,0.564246
3549,17-Jun-04,24:00:00,52.7062,0.001644,17.90936,17.90936,0.0,0.0,0.583646,0.002072,34.796948,34.796948,0.0,0.0,0.557367
3550,18-Jun-04,24:00:00,52.726532,0.001875,17.915043,17.915043,0.0,0.0,0.577794,0.002573,34.811595,34.811595,0.0,0.0,0.549562
3551,19-Jun-04,24:00:00,52.746675,0.002121,17.920707,17.920707,0.0,0.0,0.570872,0.002794,34.826074,34.826074,0.0,0.0,0.540248
3552,20-Jun-04,24:00:00,52.766616,0.002373,17.926341,17.926341,0.0,0.0,0.563221,0.002875,34.84038,34.84038,0.0,0.0,0.530547
3553,21-Jun-04,24:00:00,52.786344,0.002217,17.931937,17.931937,0.0,0.0,0.555193,0.002703,34.85451,34.85451,0.0,0.0,0.520921
3554,22-Jun-04,24:00:00,52.805846,0.001889,17.937487,17.937487,0.0,0.0,0.54825,0.002536,34.86846,34.86846,0.0,0.0,0.511862
3555,23-Jun-04,24:00:00,52.825112,0.002285,17.942985,17.942985,0.0,0.0,0.541213,0.002649,34.882227,34.882227,0.0,0.0,0.503119
3556,24-Jun-04,24:00:00,52.844133,0.003164,17.948425,17.948425,0.0,0.0,0.532218,0.002882,34.895807,34.895807,0.0,0.0,0.493684
3557,25-Jun-04,24:00:00,52.8629,0.003207,17.9538,17.9538,0.0,0.0,0.521084,0.002781,34.909197,34.909197,0.0,0.0,0.483844
3558,26-Jun-04,24:00:00,52.881405,0.002803,17.959107,17.959107,0.0,0.0,0.510592,0.002769,34.922394,34.922394,0.0,0.0,0.474322
3559,27-Jun-04,24:00:00,52.899641,0.002131,17.964339,17.964339,0.0,0.0,0.501884,0.002755,34.935396,34.935396,0.0,0.0,0.464815
3560,28-Jun-04,24:00:00,52.917601,0.001248,17.969494,17.969494,0.0,0.0,0.496207,0.002278,34.9482,34.9482,0.0,0.0,0.456139
3561,29-Jun-04,24:00:00,52.935279,0.001135,17.974568,17.974568,0.0,0.0,0.492104,0.002088,34.960803,34.960803,0.0,0.0,0.448785
3562,30-Jun-04,24:00:00,52.952669,0.001945,17.979556,17.979556,0.0,0.0,0.48694,0.00265,34.973203,34.973203,0.0,0.0,0.44062
3563,01-Jul-04,24:00:00,52.969766,0.0025,17.984456,17.984456,0.0,0.0,0.479288,0.002863,34.985398,34.985398,0.0,0.0,0.431274
3564,02-Jul-04,24:00:00,52.986565,0.002415,17.989266,17.989266,0.0,0.0,0.470843,0.002837,34.997386,34.997386,0.0,0.0,0.42143
3565,03-Jul-04,24:00:00,53.003061,0.002158,17.993982,17.993982,0.0,0.0,0.463051,0.002844,35.009164,35.009164,0.0,0.0,0.411638
3566,04-Jul-04,24:00:00,53.019249,0.002229,17.998603,17.998603,0.0,0.0,0.455498,0.002873,35.020731,35.020731,0.0,0.0,0.401853
3567,05-Jul-04,24:00:00,53.035127,0.001821,18.003125,18.003125,0.0,0.0,0.448547,0.002973,35.032084,35.032084,0.0,0.0,0.391894
3568,06-Jul-04,24:00:00,53.050689,0.001292,18.007548,18.007548,0.0,0.0,0.443193,0.002482,35.043222,35.043222,0.0,0.0,0.382531
3569,07-Jul-04,24:00:00,53.065933,0.001638,18.011869,18.011869,0.0,0.0,0.438172,0.001955,35.054143,35.054143,0.0,0.0,0.374924
3570,08-Jul-04,24:00:00,53.080855,0.000972,18.016087,18.016087,0.0,0.0,0.433584,0.001862,35.064846,35.064846,0.0,0.0,0.368385
3571,09-Jul-04,24:00:00,53.095452,0.002086,18.0202,18.0202,0.0,0.0,0.428649,0.002603,35.075328,35.075328,0.0,0.0,0.360677
3572,10-Jul-04,24:00:00,53.109721,0.002562,18.024207,18.024207,0.0,0.0,0.420532,0.00269,35.085588,35.085588,0.0,0.0,0.351578
3573,11-Jul-04,24:00:00,53.123658,0.002164,18.028106,18.028106,0.0,0.0,0.412541,0.002754,35.095625,35.095625,0.0,0.0,0.34231
3574,12-Jul-04,24:00:00,53.137262,0.001984,18.031896,18.031896,0.0,0.0,0.405405,0.002674,35.105437,35.105437,0.0,0.0,0.333001
3575,13-Jul-04,24:00:00,53.15053,0.002078,18.035577,18.035577,0.0,0.0,0.398549,0.002633,35.115022,35.115022,0.0,0.0,0.323904
3576,14-Jul-04,24:00:00,53.163459,0.002605,18.039146,18.039146,0.0,0.0,0.390423,0.002744,35.12438,35.12438,0.0,0.0,0.314691
3577,15-Jul-04,24:00:00,53.176046,0.002437,18.042603,18.042603,0.0,0.0,0.38163,0.002547,35.133509,35.133509,0.0,0.0,0.30547
3578,16-Jul-04,24:00:00,53.18829,0.002482,18.045947,18.045947,0.0,0.0,0.373313,0.00257,35.142408,35.142408,0.0,0.0,0.296887
3579,17-Jul-04,24:00:00,53.200189,0.00264,18.049177,18.049177,0.0,0.0,0.364537,0.002737,35.151074,35.151074,0.0,0.0,0.28774
3580,18-Jul-04,24:00:00,53.21174,0.002689,18.052293,18.052293,0.0,0.0,0.355488,0.002739,35.159509,35.159509,0.0,0.0,0.278398
3581,19-Jul-04,24:00:00,53.222942,0.002647,18.055292,18.055292,0.0,0.0,0.34628,0.002637,35.167709,35.167709,0.0,0.0,0.269094
3582,20-Jul-04,24:00:00,53.233792,0.002627,18.058176,18.058176,0.0,0.0,0.33718,0.002893,35.175674,35.175674,0.0,0.0,0.259694
3583,21-Jul-04,24:00:00,53.24429,0.002097,18.060943,18.060943,0.0,0.0,0.329072,0.002962,35.183403,35.183403,0.0,0.0,0.249723
3584,22-Jul-04,24:00:00,53.254432,0.001684,18.063592,18.063592,0.0,0.0,0.322598,0.002708,35.190895,35.190895,0.0,0.0,0.239919
3585,23-Jul-04,24:00:00,53.264218,0.001493,18.066123,18.066123,0.0,0.0,0.317143,0.002626,35.198148,35.198148,0.0,0.0,0.230735
3586,24-Jul-04,24:00:00,53.273646,0.001901,18.068534,18.068534,0.0,0.0,0.311441,0.00284,35.205162,35.205162,0.0,0.0,0.221398
3587,25-Jul-04,24:00:00,53.282714,0.002047,18.070827,18.070827,0.0,0.0,0.304518,0.002906,35.211936,35.211936,0.0,0.0,0.211573
3588,26-Jul-04,24:00:00,53.291422,0.001697,18.072999,18.072999,0.0,0.0,0.298094,0.002814,35.218469,35.218469,0.0,0.0,0.201789
3589,27-Jul-04,24:00:00,53.299766,0.001391,18.075052,18.075052,0.0,0.0,0.292757,0.002508,35.22476,35.22476,0.0,0.0,0.192608
3590,28-Jul-04,24:00:00,53.307748,0.001358,18.076983,18.076983,0.0,0.0,0.288111,0.0022,35.230808,35.230808,0.0,0.0,0.184577
3591,29-Jul-04,24:00:00,53.315364,0.00149,18.078793,18.078793,0.0,0.0,0.283198,0.002512,35.236613,35.236613,0.0,0.0,0.176503
3592,30-Jul-04,24:00:00,53.322613,0.001615,18.080481,18.080481,0.0,0.0,0.27794,0.002469,35.242172,35.242172,0.0,0.0,0.167819
3593,31-Jul-04,24:00:00,53.329495,0.001389,18.082046,18.082046,0.0,0.0,0.272711,0.002324,35.247487,35.247487,0.0,0.0,0.159609
3594,01-Aug-04,24:00:00,53.336009,0.001045,18.08349,18.08349,0.0,0.0,0.268487,0.002,35.252556,35.252556,0.0,0.0,0.152282
3595,02-Aug-04,24:00:00,53.342153,0.001808,18.08481,18.08481,0.0,0.0,0.263786,0.002451,35.257378,35.257378,0.0,0.0,0.144614
3596,03-Aug-04,24:00:00,53.347926,0.002374,18.086006,18.086006,0.0,0.0,0.256852,0.002582,35.261953,35.261953,0.0,0.0,0.136011
3597,04-Aug-04,24:00:00,53.353328,0.002411,18.08708,18.08708,0.0,0.0,0.248491,0.002385,35.266279,35.266279,0.0,0.0,0.127514
3598,05-Aug-04,24:00:00,53.358357,0.002406,18.088029,18.088029,0.0,0.0,0.240041,0.002396,35.270357,35.270357,0.0,0.0,0.119227
3599,06-Aug-04,24:00:00,53.363012,0.00256,18.088854,18.088854,0.0,0.0,0.231613,0.002406,35.274186,35.274186,0.0,0.0,0.110949
3600,07-Aug-04,24:00:00,53.367293,0.002487,18.089554,18.089554,0.0,0.0,0.222848,0.002675,35.277764,35.277764,0.0,0.0,0.102337
3601,08-Aug-04,24:00:00,53.371198,0.001884,18.090129,18.090129,0.0,0.0,0.215459,0.002617,35.281093,35.281093,0.0,0.0,0.093307
3602,09-Aug-04,24:00:00,53.374728,0.002094,18.090579,18.090579,0.0,0.0,0.208673,0.002496,35.28417,35.28417,0.0,0.0,0.084495
3603,10-Aug-04,24:00:00,53.377881,0.00238,18.090904,18.090904,0.0,0.0,0.201029,0.002603,35.286996,35.286996,0.0,0.0,0.075726
3604,11-Aug-04,24:00:00,53.380656,0.001573,18.091103,18.091103,0.0,0.0,0.194099,0.002671,35.289571,35.289571,0.0,0.0,0.066805
3605,12-Aug-04,24:00:00,53.383053,0.001521,18.091176,18.091176,0.0,0.0,0.188849,0.002568,35.291892,35.291892,0.0,0.0,0.057859
3606,13-Aug-04,24:00:00,53.385071,0.001307,18.091124,18.091124,0.0,0.0,0.183979,0.002096,35.293961,35.293961,0.0,0.0,0.049644
3607,14-Aug-04,24:00:00,53.38671,0.002147,18.090945,18.090945,0.0,0.0,0.178192,0.00254,35.295777,35.295777,0.0,0.0,0.041884
3608,15-Aug-04,24:00:00,53.387969,0.002404,18.09064,18.09064,0.0,0.0,0.170296,0.002482,35.297339,35.297339,0.0,0.0,0.033182
3609,16-Aug-04,24:00:00,53.388847,0.002518,18.090208,18.090208,0.0,0.0,0.161846,0.002556,35.298648,35.298648,0.0,0.0,0.024534
3610,17-Aug-04,24:00:00,53.389344,0.002399,18.089649,18.089649,0.0,0.0,0.15338,0.002594,35.299702,35.299702,0.0,0.0,0.015779
3611,18-Aug-04,24:00:00,53.38946,0.00168,18.088964,18.088964,0.0,0.0,0.146346,0.002425,35.300501,35.300501,0.0,0.0,0.007121
3612,19-Aug-04,24:00:00,53.389194,0.001678,18.088151,18.088151,0.0,0.0,0.140643,0.002348,35.301046,35.301046,0.0,0.0,0.001037
3613,20-Aug-04,24:00:00,53.388546,0.001419,18.087212,18.087212,0.0,0.0,0.135322,0.002229,35.301335,35.301335,0.0,0.0,0.0
3614,21-Aug-04,24:00:00,53.387515,0.0013,18.086145,18.086145,0.0,0.0,0.130591,0.001471,35.301369,35.301369,0.0,0.0,0.0
3615,22-Aug-04,24:00:00,53.386101,0.001773,18.084951,18.084951,0.0,0.0,0.125455,0.002231,35.301147,35.301147,0.0,0.0,0.0
3616,23-Aug-04,24:00:00,53.384304,0.001949,18.083629,18.083629,0.0,0.0,0.119007,0.002247,35.30067,35.30067,0.0,0.0,0.0
3617,24-Aug-04,24:00:00,53.382123,0.001596,18.08218,18.08218,0.0,0.0,0.112812,0.001935,35.299937,35.299937,0.0,0.0,0.0
3618,25-Aug-04,24:00:00,53.379559,0.002346,18.080604,18.080604,0.0,0.0,0.106069,0.002206,35.298947,35.298947,0.0,0.0,0.0
3619,26-Aug-04,24:00:00,53.376611,0.002729,18.0789,18.0789,0.0,0.0,0.097563,0.002183,35.297701,35.297701,0.0,0.0,0.0
3620,27-Aug-04,24:00:00,53.373278,0.002503,18.077068,18.077068,0.0,0.0,0.08858,0.002343,35.296199,35.296199,0.0,0.0,0.0
3621,28-Aug-04,24:00:00,53.369562,0.001924,18.075108,18.075108,0.0,0.0,0.08088,0.002376,35.29444,35.29444,0.0,0.0,0.0
3622,29-Aug-04,24:00:00,53.365461,0.001788,18.073021,18.073021,0.0,0.0,0.074528,0.002386,35.292424,35.292424,0.0,0.0,0.0
3623,30-Aug-04,24:00:00,53.360975,0.00179,18.070806,18.070806,0.0,0.0,0.068441,0.002286,35.290152,35.290152,0.0,0.0,0.0
3624,31-Aug-04,24:00:00,53.356105,0.001973,18.068464,18.068464,0.0,0.0,0.061962,0.002245,35.287622,35.287622,0.0,0.0,0.0
3625,01-Sep-04,24:00:00,53.350851,0.002333,18.065993,18.065993,0.0,0.0,0.054887,0.002269,35.284836,35.284836,0.0,0.0,0.0
3626,02-Sep-04,24:00:00,53.345212,0.002988,18.063395,18.063395,0.0,0.0,0.045476,0.002346,35.281794,35.281794,0.0,0.0,0.0
3627,03-Sep-04,24:00:00,53.339188,0.002604,18.060669,18.060669,0.0,0.0,0.035621,0.002226,35.278494,35.278494,0.0,0.0,0.0
3628,04-Sep-04,24:00:00,53.332781,0.002362,18.057816,18.057816,0.0,0.0,0.027375,0.002278,35.274938,35.274938,0.0,0.0,0.0
3629,05-Sep-04,24:00:00,53.325988,0.002408,18.054835,18.054835,0.0,0.0,0.019272,0.002261,35.271124,35.271124,0.0,0.0,0.0
3630,06-Sep-04,24:00:00,53.318812,0.002288,18.051726,18.051726,0.0,0.0,0.011135,0.002282,35.267055,35.267055,0.0,0.0,0.0
3631,07-Sep-04,24:00:00,53.311251,0.002321,18.04849,18.04849,0.0,0.0,0.00354,0.002226,35.262728,35.262728,0.0,0.0,0.0
3632,08-Sep-04,24:00:00,53.303306,0.002136,18.045126,18.045126,0.0,0.0,0.0,0.002202,35.258146,35.258146,0.0,0.0,0.0
3633,09-Sep-04,24:00:00,53.294977,0.001969,18.041635,18.041635,0.0,0.0,0.0,0.002202,35.253306,35.253306,0.0,0.0,0.0
3634,10-Sep-04,24:00:00,53.286266,0.00217,18.038016,18.038016,0.0,0.0,0.0,0.002179,35.248211,35.248211,0.0,0.0,0.0
3635,11-Sep-04,24:00:00,53.27717,0.002011,18.034271,18.034271,0.0,0.0,0.0,0.002058,35.242859,35.242859,0.0,0.0,0.0
3636,12-Sep-04,24:00:00,53.267691,0.00219,18.030398,18.030398,0.0,0.0,0.0,0.001985,35.237251,35.237251,0.0,0.0,0.0
3637,13-Sep-04,24:00:00,53.25783,0.00225,18.026398,18.026398,0.0,0.0,0.0,0.001922,35.231388,35.231388,0.0,0.0,0.0
3638,14-Sep-04,24:00:00,53.247586,0.002514,18.022271,18.022271,0.0,0.0,0.0,0.002233,35.225269,35.225269,0.0,0.0,0.0
3639,15-Sep-04,24:00:00,53.23696,0.002092,18.018018,18.018018,0.0,0.0,0.0,0.002168,35.218895,35.218895,0.0,0.0,0.0
3640,16-Sep-04,24:00:00,53.225952,0.002146,18.013637,18.013637,0.0,0.0,0.0,0.001935,35.212265,35.212265,0.0,0.0,0.0
3641,17-Sep-04,24:00:00,53.214562,0.001918,18.00913,18.00913,0.0,0.0,0.0,0.001681,35.20538,35.20538,0.0,0.0,0.0
3642,18-Sep-04,24:00:00,53.202791,0.00128,18.004497,18.004497,0.0,0.0,0.0,0.001233,35.198241,35.198241,0.0,0.0,0.0
3643,19-Sep-04,24:00:00,53.19064,0.00158,17.999738,17.999738,0.0,0.0,0.0,0.001532,35.190848,35.190848,0.0,0.0,0.0
3644,20-Sep-04,24:00:00,53.178108,0.001852,17.994852,17.994852,0.0,0.0,0.0,0.001261,35.1832,35.1832,0.0,0.0,0.0
3645,21-Sep-04,24:00:00,53.165197,0.001843,17.98984,17.98984,0.0,0.0,0.0,0.001789,35.175298,35.175298,0.0,0.0,0.0
3646,22-Sep-04,24:00:00,53.151906,0.00181,17.984703,17.984703,0.0,0.0,0.0,0.001609,35.167143,35.167143,0.0,0.0,0.0
3647,23-Sep-04,24:00:00,53.138237,0.001834,17.97944,17.97944,0.0,0.0,0.0,0.001744,35.158734,35.158734,0.0,0.0,0.0
3648,24-Sep-04,24:00:00,53.124189,0.001472,17.974051,17.974051,0.0,0.0,0.0,0.001576,35.150073,35.150073,0.0,0.0,0.0
3649,25-Sep-04,24:00:00,53.109763,0.001719,17.968538,17.968538,0.0,0.0,0.0,0.001764,35.141159,35.141159,0.0,0.0,0.0
3650,26-Sep-04,24:00:00,53.094961,0.001472,17.962899,17.962899,0.0,0.0,0.0,0.001651,35.131993,35.131993,0.0,0.0,0.0
3651,27-Sep-04,24:00:00,53.079781,0.00086,17.957136,17.957136,0.0,0.0,0.0,0.001162,35.122575,35.122575,0.0,0.0,0.0
3652,28-Sep-04,24:00:00,53.064226,0.000669,17.951248,17.951248,0.0,0.0,0.0,0.001159,35.112906,35.112906,0.0,0.0,0.0
3653,29-Sep-04,24:00:00,53.048295,0.000835,17.945235,17.945235,0.0,0.0,0.0,0.001264,35.102986,35.102986,0.0,0.0,0.0
3654,30-Sep-04,24:00:00,53.031989,0.000824,17.939099,17.939099,0.0,0.0,0.0,0.00108,35.092815,35.092815,0.0,0.0,0.0
3655,01-Oct-04,24:00:00,53.01531,0.001166,17.932838,17.932838,0.0,0.0,0.0,0.001498,35.082394,35.082394,0.0,0.0,0.0
3656,02-Oct-04,24:00:00,52.998256,0.001057,17.926454,17.926454,0.0,0.0,0.0,0.001613,35.071724,35.071724,0.0,0.0,0.0
3657,03-Oct-04,24:00:00,52.98083,0.000922,17.919946,17.919946,0.0,0.0,0.0,0.001534,35.060804,35.060804,0.0,0.0,0.0
3658,04-Oct-04,24:00:00,52.963032,0.001392,17.913315,17.913315,0.0,0.0,0.0,0.001778,35.049635,35.049635,0.0,0.0,0.0
3659,05-Oct-04,24:00:00,52.944863,0.001547,17.906561,17.906561,0.0,0.0,0.0,0.001621,35.038218,35.038218,0.0,0.0,0.0
3660,06-Oct-04,24:00:00,52.926323,0.001378,17.899684,17.899684,0.0,0.0,0.0,0.001468,35.026553,35.026553,0.0,0.0,0.0
3661,07-Oct-04,24:00:00,52.907413,0.001354,17.892684,17.892684,0.0,0.0,0.0,0.001344,35.014641,35.014641,0.0,0.0,0.0
3662,08-Oct-04,24:00:00,52.888135,0.001638,17.885563,17.885563,0.0,0.0,0.0,0.001326,35.002482,35.002482,0.0,0.0,0.0
3663,09-Oct-04,24:00:00,52.868488,0.002245,17.87832,17.87832,0.0,0.0,0.0,0.001379,34.990076,34.990076,0.0,0.0,0.0
3664,10-Oct-04,24:00:00,52.848473,0.002621,17.870954,17.870954,0.0,0.0,0.0,0.001725,34.977425,34.977425,0.0,0.0,0.0
3665,11-Oct-04,24:00:00,52.828092,0.00195,17.863468,17.863468,0.0,0.0,0.0,0.00122,34.964529,34.964529,0.0,0.0,0.0
3666,12-Oct-04,24:00:00,52.807345,0.001682,17.85586,17.85586,0.0,0.0,0.0,0.001342,34.951387,34.951387,0.0,0.0,0.0
3667,13-Oct-04,24:00:00,52.786233,0.001485,17.848132,17.848132,0.0,0.0,0.0,0.001252,34.938002,34.938002,0.0,0.0,0.0
3668,14-Oct-04,24:00:00,52.764757,0.001194,17.840283,17.840283,0.0,0.0,0.0,0.001333,34.924373,34.924373,0.0,0.0,0.0
3669,15-Oct-04,24:00:00,52.742918,0.000407,17.832314,17.832314,0.0,0.0,0.0,0.000459,34.910501,34.910501,0.0,0.0,0.0
3670,16-Oct-04,24:00:00,94.975332,0.00039,34.690289,17.824225,0.020977,0.0,0.036965,0.000441,60.576132,34.896387,0.020472,0.0,0.035017
3671,17-Oct-04,24:00:00,63.018456,0.00076,18.749309,17.816016,0.004377,0.0,0.072913,0.000608,44.007256,34.882031,0.004384,0.0,0.071198
3672,18-Oct-04,24:00:00,286.62877,0.000532,99.631398,17.807688,0.097008,0.0,0.343621,0.000415,187.411849,34.867434,0.094116,0.0,0.333334
3673,19-Oct-04,24:00:00,110.040378,0.000799,32.749449,17.799242,0.01783,0.0,0.476022,0.000493,76.893328,34.852596,0.017221,0.0,0.462293
3674,20-Oct-04,24:00:00,53.82896,0.000968,17.790676,17.790676,0.0,0.0,0.480656,0.000904,35.996036,34.837519,0.0,0.0,0.46695
3675,21-Oct-04,24:00:00,52.604307,0.000731,17.781992,17.781992,0.0,0.0,0.480656,0.000726,34.822202,34.822202,0.0,0.0,0.46695
3676,22-Oct-04,24:00:00,57.567556,0.000293,18.829781,17.773191,0.0013,0.0,0.48292,0.00049,38.769697,34.806646,0.002919,0.0,0.472291
3677,23-Oct-04,24:00:00,53.571944,0.00092,17.770264,17.764271,0.0,0.0,0.485114,0.000831,35.7695,34.790852,0.0,0.0,0.476959
3678,24-Oct-04,24:00:00,59.458707,0.000875,23.108709,17.755235,0.030444,0.0,0.492599,0.000801,36.562938,34.774821,0.030631,0.0,0.484518
3679,25-Oct-04,24:00:00,184.023165,0.0007,58.926466,17.746081,0.026495,0.0,0.676416,0.000711,124.975772,34.758554,0.025123,0.0,0.664344
3680,26-Oct-04,24:00:00,54.944496,0.000777,17.736811,17.736811,0.0,0.0,0.680332,0.000671,37.116829,34.742051,0.0,0.0,0.668115
3681,27-Oct-04,24:00:00,52.45286,0.000748,17.727425,17.727425,0.0,0.0,0.680332,0.000717,34.725312,34.725312,0.0,0.0,0.668115
3682,28-Oct-04,24:00:00,52.426386,0.000888,17.717923,17.717923,0.0,0.0,0.680332,0.000828,34.708338,34.708338,0.0,0.0,0.668115
3683,29-Oct-04,24:00:00,52.399563,0.000813,17.708305,17.708305,0.0,0.0,0.680332,0.000691,34.691131,34.691131,0.0,0.0,0.668115
3684,30-Oct-04,24:00:00,52.372392,0.000815,17.698572,17.698572,0.0,0.0,0.679454,0.000785,34.673691,34.673691,0.0,0.0,0.667803
3685,31-Oct-04,24:00:00,52.344873,0.000942,17.688725,17.688725,0.0,0.0,0.676864,0.000763,34.656018,34.656018,0.0,0.0,0.666019
3686,01-Nov-04,24:00:00,52.317008,0.000929,17.678763,17.678763,0.0,0.0,0.673629,0.000911,34.638113,34.638113,0.0,0.0,0.663266
3687,02-Nov-04,24:00:00,52.288798,0.000625,17.668687,17.668687,0.0,0.0,0.670977,0.000581,34.619978,34.619978,0.0,0.0,0.660579
3688,03-Nov-04,24:00:00,52.260245,0.00072,17.658497,17.658497,0.0,0.0,0.670152,0.000508,34.601612,34.601612,0.0,0.0,0.658739
3689,04-Nov-04,24:00:00,52.231349,0.000853,17.648194,17.648194,0.0,0.0,0.669117,0.000737,34.583017,34.583017,0.0,0.0,0.656581
3690,05-Nov-04,24:00:00,52.202111,0.000712,17.637779,17.637779,0.0,0.0,0.666663,0.000741,34.564193,34.564193,0.0,0.0,0.654079
3691,06-Nov-04,24:00:00,52.172532,0.000267,17.62725,17.62725,0.0,0.0,0.66496,0.000538,34.545142,34.545142,0.0,0.0,0.651935
3692,07-Nov-04,24:00:00,52.142615,0.000307,17.61661,17.61661,0.0,0.0,0.663957,0.000269,34.525863,34.525863,0.0,0.0,0.650513
3693,08-Nov-04,24:00:00,52.112359,0.000456,17.605858,17.605858,0.0,0.0,0.662709,0.000523,34.506357,34.506357,0.0,0.0,0.649148
3694,09-Nov-04,24:00:00,96.843304,0.000238,40.991165,17.594995,0.046598,0.0,0.715688,0.000303,56.346688,34.486626,0.041887,0.0,0.692829
3695,10-Nov-04,24:00:00,188.721768,0.000272,60.597618,17.584021,0.03508,0.0,0.894796,0.000326,128.021497,34.466671,0.03325,0.0,0.861041
3696,11-Nov-04,24:00:00,64.492925,0.000706,17.915793,17.572936,0.0,0.0,0.941897,0.000574,46.189139,34.446491,0.0,0.0,0.905844
3697,12-Nov-04,24:00:00,52.025147,0.000815,17.561742,17.561742,0.0,0.0,0.941897,0.000732,34.459175,34.426088,0.0,0.0,0.905844
3698,13-Nov-04,24:00:00,51.956052,0.000636,17.550437,17.550437,0.0,0.0,0.941897,0.000622,34.405462,34.405462,0.0,0.0,0.905844
3699,14-Nov-04,24:00:00,51.923793,0.000599,17.539024,17.539024,0.0,0.0,0.941897,0.000576,34.384615,34.384615,0.0,0.0,0.905844
3700,15-Nov-04,24:00:00,51.891204,0.000566,17.527502,17.527502,0.0,0.0,0.941897,0.000453,34.363548,34.363548,0.0,0.0,0.905844
3701,16-Nov-04,24:00:00,51.858288,0.000609,17.515871,17.515871,0.0,0.0,0.941897,0.000588,34.34226,34.34226,0.0,0.0,0.905844
3702,17-Nov-04,24:00:00,51.825044,0.000395,17.504132,17.504132,0.0,0.0,0.941658,0.000776,34.320753,34.320753,0.0,0.0,0.905661
3703,18-Nov-04,24:00:00,51.791474,0.000487,17.492286,17.492286,0.0,0.0,0.940538,0.000468,34.299028,34.299028,0.0,0.0,0.90449
3704,19-Nov-04,24:00:00,51.75758,0.001517,17.480333,17.480333,0.0,0.0,0.937707,0.000658,34.277086,34.277086,0.0,0.0,0.902667
3705,20-Nov-04,24:00:00,51.723362,0.001587,17.468273,17.468273,0.0,0.0,0.931618,0.000593,34.254927,34.254927,0.0,0.0,0.900366
3706,21-Nov-04,24:00:00,51.688823,0.000742,17.456107,17.456107,0.0,0.0,0.927676,0.000527,34.232552,34.232552,0.0,0.0,0.898484
3707,22-Nov-04,24:00:00,51.653963,0.000589,17.443834,17.443834,0.0,0.0,0.925469,0.000564,34.209962,34.209962,0.0,0.0,0.896623
3708,23-Nov-04,24:00:00,51.618784,0.000524,17.431457,17.431457,0.0,0.0,0.923602,0.000541,34.187158,34.187158,0.0,0.0,0.894708
3709,24-Nov-04,24:00:00,51.583286,0.000196,17.418975,17.418975,0.0,0.0,0.922312,0.000209,34.164142,34.164142,0.0,0.0,0.893427
3710,25-Nov-04,24:00:00,51.547472,0.00027,17.406388,17.406388,0.0,0.0,0.921519,0.00034,34.140913,34.140913,0.0,0.0,0.892473
3711,26-Nov-04,24:00:00,107.67283,0.000704,38.6581,19.669324,0.023235,0.000201,0.986759,0.000681,69.087171,34.117472,0.021894,0.0,0.954351
3712,27-Nov-04,24:00:00,53.892587,0.000724,17.632536,17.632536,0.0,0.0,1.0,0.000466,36.187148,34.093822,0.0,0.0,0.966958
3713,28-Nov-04,24:00:00,51.631797,0.000479,17.56166,17.56166,0.0,0.0,1.0,0.000461,34.069961,34.069961,0.0,0.0,0.966958
3714,29-Nov-04,24:00:00,51.572826,0.000303,17.526756,17.526756,0.0,0.0,1.0,0.00023,34.045892,34.045892,0.0,0.0,0.966958
3715,30-Nov-04,24:00:00,51.516026,0.000492,17.494233,17.494233,0.0,0.0,1.0,0.000388,34.021615,34.021615,0.0,0.0,0.966958
3716,01-Dec-04,24:00:00,51.461115,0.000809,17.463804,17.463804,0.0,0.0,1.0,0.000454,33.997131,33.997131,0.0,0.0,0.966958
3717,02-Dec-04,24:00:00,51.407844,0.000559,17.435221,17.435221,0.0,0.0,1.0,0.000465,33.972441,33.972441,0.0,0.0,0.966958
3718,03-Dec-04,24:00:00,51.355995,0.000324,17.408265,17.408265,0.0,0.0,0.999682,0.000299,33.947546,33.947546,0.0,0.0,0.966958
3719,04-Dec-04,24:00:00,51.305374,0.000545,17.382742,17.382742,0.0,0.0,0.998341,0.000601,33.922447,33.922447,0.0,0.0,0.966958
3720,05-Dec-04,24:00:00,765.167088,0.000155,563.090944,105.205635,0.030573,0.029688,0.998179,0.000162,216.307239,56.349004,0.033118,0.023467,0.976378
3721,06-Dec-04,24:00:00,3743.16875,0.000332,1211.818731,507.329675,0.036096,0.036096,1.0,0.000343,2525.154322,808.267756,0.035766,0.035766,1.0
3722,07-Dec-04,24:00:00,7196.78125,0.000189,2442.649575,827.941412,0.050348,0.050348,1.0,0.000264,4757.919167,1419.227468,0.049395,0.049395,1.0
3723,08-Dec-04,24:00:00,1067.02353,0.000316,155.409684,155.284713,0.0,0.0,1.0,0.000482,899.889009,762.749717,0.0,0.0,1.0
3724,09-Dec-04,24:00:00,396.94742,0.000334,122.276077,122.276077,0.0,0.0,1.0,0.000245,273.645162,273.645162,0.0,0.0,1.0
3725,10-Dec-04,24:00:00,327.168498,0.000169,110.376683,110.376683,0.0,0.0,1.0,0.000355,216.592597,216.592597,0.0,0.0,1.0
3726,11-Dec-04,24:00:00,294.62893,0.000212,99.827038,99.827038,0.0,0.0,1.0,0.000348,194.658139,194.658139,0.0,0.0,1.0
3727,12-Dec-04,24:00:00,266.990564,0.000213,90.468739,90.468739,0.0,0.0,1.0,0.000209,176.395709,176.395709,0.0,0.0,1.0
3728,13-Dec-04,24:00:00,242.513033,0.000212,82.167065,82.167065,0.0,0.0,1.0,0.000419,160.23434,160.23434,0.0,0.0,1.0
3729,14-Dec-04,24:00:00,220.799977,0.000411,74.802527,74.802527,0.0,0.0,1.0,0.000387,145.898579,145.898579,0.0,0.0,1.0
3730,15-Dec-04,24:00:00,201.537647,0.000329,68.269151,68.269151,0.0,0.0,1.0,0.000453,133.180895,133.180895,0.0,0.0,1.0
3731,16-Dec-04,24:00:00,184.448863,0.000367,62.472944,62.472944,0.0,0.0,1.0,0.000453,121.898279,121.898279,0.0,0.0,1.0
3732,17-Dec-04,24:00:00,169.287817,0.000501,57.330544,57.330544,0.0,0.0,1.0,0.000452,111.888442,111.888442,0.0,0.0,1.0
3733,18-Dec-04,24:00:00,155.836501,0.000278,52.768013,52.768013,0.0,0.0,1.0,0.000488,103.00745,103.00745,0.0,0.0,0.999549
3734,19-Dec-04,24:00:00,143.901558,0.000139,48.719775,48.719775,0.0,0.0,1.0,0.000415,95.127643,95.127643,0.0,0.0,0.998286
3735,20-Dec-04,24:00:00,133.3115,0.000906,45.12767,45.12767,0.0,0.0,0.999827,0.000469,88.135798,88.135798,0.0,0.0,0.996775
3736,21-Dec-04,24:00:00,123.91423,0.001002,41.940115,41.940115,0.0,0.0,0.997079,0.000459,81.931495,81.931495,0.0,0.0,0.995172
3737,22-Dec-04,24:00:00,115.574852,0.001337,39.111357,39.111357,0.0,0.0,0.993306,0.000478,76.425668,76.425668,0.0,0.0,0.993578
3738,23-Dec-04,24:00:00,108.173722,0.00051,36.60082,36.60082,0.0,0.0,0.990398,0.000451,71.539324,71.539324,0.0,0.0,0.991977
3739,24-Dec-04,24:00:00,101.604728,0.00016,34.372514,34.372514,0.0,0.0,0.989215,0.00044,67.202402,67.202402,0.0,0.0,0.990463
3740,25-Dec-04,24:00:00,1652.953755,0.00013,926.294132,306.532489,0.054092,0.05086,0.995135,0.000134,747.713652,269.58572,0.056853,0.053837,0.995942
3741,26-Dec-04,24:00:00,6894.671667,0.000121,2464.992083,1191.13875,0.092368,0.092368,1.0,0.000177,4428.377083,1960.510417,0.09193,0.09193,1.0
3742,27-Dec-04,24:00:00,2475.803333,0.000188,523.669457,504.258984,0.01308,0.01308,1.0,0.000183,1938.376801,1705.349308,0.009181,0.009181,1.0
3743,28-Dec-04,24:00:00,923.10137,0.00038,274.837584,261.484127,0.020556,0.020556,1.0,0.000268,645.992272,632.142148,0.020638,0.020638,1.0
3744,29-Dec-04,24:00:00,1951.955417,0.000397,714.239142,684.68425,0.03224,0.03224,1.0,0.000313,1241.243522,1172.161026,0.029832,0.029832,1.0
3745,30-Dec-04,24:00:00,1205.819753,0.000141,372.379334,358.022601,0.020206,0.020206,1.0,0.000127,831.64223,808.868286,0.0201,0.0201,1.0
3746,31-Dec-04,24:00:00,1476.010833,0.000248,492.973697,477.302805,0.016702,0.016702,1.0,0.000179,983.069619,943.004822,0.015498,0.015498,1.0
3747,01-Jan-05,24:00:00,934.95221,0.000183,258.842864,254.53228,0.006997,0.006997,1.0,0.000203,673.29708,663.515235,0.006903,0.006903,1.0
3748,02-Jan-05,24:00:00,776.439739,0.000302,250.030189,247.126621,0.0,0.0,1.0,0.000204,525.655312,516.287226,0.0,0.0,1.0
3749,03-Jan-05,24:00:00,535.707504,0.000216,169.821592,169.821592,0.0,0.0,1.0,0.000193,365.111641,364.958664,0.0,0.0,1.0
3750,04-Jan-05,24:00:00,460.257578,0.000161,152.452336,152.452336,0.0,0.0,1.0,0.000192,307.527471,307.527471,0.0,0.0,1.0
3751,05-Jan-05,24:00:00,412.710485,0.000366,137.104937,137.104937,0.0,0.0,1.0,0.000209,275.387451,275.387451,0.0,0.0,1.0
3752,06-Jan-05,24:00:00,1214.68736,0.000167,511.191833,483.521147,0.033992,0.033992,1.0,0.000317,710.159769,658.48674,0.036762,0.036762,1.0
3753,07-Jan-05,24:00:00,1142.887891,0.000349,307.724168,295.66211,0.015496,0.015496,1.0,0.000229,832.747395,806.01907,0.015915,0.015915,1.0
3754,08-Jan-05,24:00:00,815.592789,0.00036,202.593606,201.881394,0.0,0.0,1.0,0.000183,609.741576,599.04131,0.0,0.0,1.0
3755,09-Jan-05,24:00:00,584.610701,0.000329,226.034443,210.224683,0.027068,0.027068,1.0,0.000225,360.514386,348.82861,0.025369,0.025369,1.0
3756,10-Jan-05,24:00:00,1883.9575,0.000532,672.413134,646.632741,0.023822,0.023822,1.0,0.000551,1214.078302,1146.430668,0.022775,0.022775,1.0
3757,11-Jan-05,24:00:00,745.338126,0.000479,167.312782,167.312782,0.0,0.0,1.0,0.000479,573.270755,571.036222,0.0,0.0,1.0
3758,12-Jan-05,24:00:00,463.738334,0.000282,148.006976,148.006976,0.0,0.0,1.0,0.000426,315.133456,315.133456,0.0,0.0,1.0
3759,13-Jan-05,24:00:00,404.295615,0.000337,133.150718,133.150718,0.0,0.0,1.0,0.000454,270.917421,270.917421,0.0,0.0,1.0
3760,14-Jan-05,24:00:00,363.659698,0.00027,119.97346,119.97346,0.0,0.0,1.0,0.000466,243.49807,243.49807,0.0,0.0,1.0
3761,15-Jan-05,24:00:00,328.091394,0.00035,108.284974,108.284974,0.0,0.0,1.0,0.000305,219.640483,219.640483,0.0,0.0,1.0
3762,16-Jan-05,24:00:00,296.556666,0.00032,97.916919,97.916919,0.0,0.0,1.0,0.000574,198.492983,198.492983,0.0,0.0,1.0
3763,17-Jan-05,24:00:00,268.584739,0.000214,88.719994,88.719994,0.0,0.0,1.0,0.000607,179.734872,179.734872,0.0,0.0,1.0
3764,18-Jan-05,24:00:00,243.77233,0.000297,80.561778,80.561778,0.0,0.0,1.0,0.000545,163.095579,163.095579,0.0,0.0,0.999674
3765,19-Jan-05,24:00:00,221.762163,0.000329,73.324824,73.324824,0.0,0.0,1.0,0.000326,148.335519,148.335519,0.0,0.0,0.998647
3766,20-Jan-05,24:00:00,202.237377,0.000245,66.904965,66.904965,0.0,0.0,1.0,0.000599,135.242209,135.242209,0.0,0.0,0.997108
3767,21-Jan-05,24:00:00,184.916944,0.000257,61.209816,61.209816,0.0,0.0,1.0,0.00062,123.627192,123.627192,0.0,0.0,0.995037
3768,22-Jan-05,24:00:00,169.551616,0.00031,56.157436,56.157436,0.0,0.0,0.99997,0.000574,113.323324,113.323324,0.0,0.0,0.993052
3769,23-Jan-05,24:00:00,155.920331,0.000278,51.675149,51.675149,0.0,0.0,0.999489,0.000647,104.182357,104.182357,0.0,0.0,0.990933
3770,24-Jan-05,24:00:00,281.207197,0.000136,149.327928,134.397478,0.027606,0.027215,0.999306,0.000267,134.033826,123.517842,0.026217,0.023072,0.993503
3771,25-Jan-05,24:00:00,1801.503333,0.000391,690.362303,655.569577,0.033241,0.033241,1.0,0.000342,1116.421484,1032.093097,0.0329,0.0329,1.0
3772,26-Jan-05,24:00:00,731.313156,0.000409,146.070501,131.414161,0.01463,0.01463,1.0,0.000422,580.37593,571.067026,0.014681,0.014681,1.0
3773,27-Jan-05,24:00:00,2358.997083,0.000469,878.106227,666.904921,0.037639,0.037639,1.0,0.000393,1486.227316,1041.616258,0.036497,0.036497,1.0
3774,28-Jan-05,24:00:00,833.197894,0.000681,162.496096,162.369233,0.0,0.0,1.0,0.000508,664.483927,649.517319,0.0,0.0,1.0
3775,29-Jan-05,24:00:00,412.735159,0.000712,128.526067,128.526067,0.0,0.0,1.0,0.000607,283.346545,283.333778,0.0,0.0,1.0
3776,30-Jan-05,24:00:00,347.186486,0.000662,115.846837,115.846837,0.0,0.0,1.0,0.000644,231.13274,231.13274,0.0,0.0,1.0
3777,31-Jan-05,24:00:00,312.397253,0.001383,104.60576,104.60576,0.0,0.0,1.0,0.000623,207.635147,207.635147,0.0,0.0,1.0
3778,01-Feb-05,24:00:00,282.549314,0.000928,94.634762,94.634762,0.0,0.0,0.999751,0.000857,187.777158,187.777158,0.0,0.0,1.0
3779,02-Feb-05,24:00:00,256.107319,0.000838,85.790237,85.790237,0.0,0.0,0.997953,0.000398,170.195504,170.195504,0.0,0.0,1.0
3780,03-Feb-05,24:00:00,232.653516,0.000682,77.944816,77.944816,0.0,0.0,0.995285,0.000718,154.601053,154.601053,0.0,0.0,0.99977
3781,04-Feb-05,24:00:00,211.849076,0.00079,70.985532,70.985532,0.0,0.0,0.992835,0.000747,140.768196,140.768196,0.0,0.0,0.998176
3782,05-Feb-05,24:00:00,193.394408,0.000836,64.812194,64.812194,0.0,0.0,0.990038,0.000816,128.497734,128.497734,0.0,0.0,0.995583
3783,06-Feb-05,24:00:00,177.023824,0.000552,59.335938,59.335938,0.0,0.0,0.987599,0.000473,117.613013,117.613013,0.0,0.0,0.993253
3784,07-Feb-05,24:00:00,162.501682,0.00034,54.47795,54.47795,0.0,0.0,0.986031,0.000323,107.957357,107.957357,0.0,0.0,0.991881
3785,08-Feb-05,24:00:00,149.618987,0.000799,50.168328,50.168328,0.0,0.0,0.984102,0.000525,99.391804,99.391804,0.0,0.0,0.990453
3786,09-Feb-05,24:00:00,138.190379,0.000892,46.345072,46.345072,0.0,0.0,0.98124,0.000772,91.793108,91.793108,0.0,0.0,0.988222
3787,10-Feb-05,24:00:00,128.051457,0.000864,42.953196,42.953196,0.0,0.0,0.978267,0.000751,85.051957,85.051957,0.0,0.0,0.985617
3788,11-Feb-05,24:00:00,119.05641,0.000856,39.943929,39.943929,0.0,0.0,0.975291,0.00065,79.071401,79.071401,0.0,0.0,0.983182
3789,12-Feb-05,24:00:00,111.075918,0.000334,37.274016,37.274016,0.0,0.0,0.973187,0.000302,73.765451,73.765451,0.0,0.0,0.982023
3790,13-Feb-05,24:00:00,103.995282,0.000301,34.905092,34.905092,0.0,0.0,0.972594,0.000471,69.057841,69.057841,0.0,0.0,0.982023
3791,14-Feb-05,24:00:00,102.583528,0.000357,36.562531,32.80313,0.005313,0.0,0.982375,0.000553,66.008106,64.880931,0.002006,0.0,0.983929
3792,15-Feb-05,24:00:00,94.966112,0.000434,31.521,30.937953,0.0,0.0,0.990811,0.000462,63.40535,61.174726,0.0,0.0,0.9889
3793,16-Feb-05,24:00:00,87.409794,0.000604,29.461854,29.282793,0.001948,0.0,0.991154,0.000773,57.923773,57.886017,0.0,0.0,0.9889
3794,17-Feb-05,24:00:00,588.813853,0.000385,303.570713,280.281643,0.0314,0.030668,0.999372,0.000435,289.218849,257.025167,0.026767,0.02353,0.99773
3795,18-Feb-05,24:00:00,967.726886,0.000311,330.365582,310.836037,0.021016,0.021016,1.0,0.000418,637.981528,601.892962,0.02389,0.02389,1.0
3796,19-Feb-05,24:00:00,1300.0275,0.000425,452.271318,428.442108,0.030587,0.030587,1.0,0.000406,849.256852,797.948488,0.024355,0.024355,1.0
3797,20-Feb-05,24:00:00,1292.78116,0.000915,437.550868,417.884896,0.020882,0.020882,1.0,0.000721,853.355599,816.340836,0.018297,0.018297,1.0
3798,21-Feb-05,24:00:00,486.275712,0.000956,120.832996,120.832996,0.0,0.0,1.0,0.000988,362.543914,361.195354,0.0,0.0,1.0
3799,22-Feb-05,24:00:00,313.903018,0.000868,107.388555,107.388555,0.0,0.0,1.0,0.000929,206.158326,206.158326,0.0,0.0,1.0
3800,23-Feb-05,24:00:00,276.373247,0.00039,97.082344,97.082344,0.0,0.0,1.0,0.000716,179.152476,179.152476,0.0,0.0,1.0
3801,24-Feb-05,24:00:00,250.283357,0.000491,87.94108,87.94108,0.0,0.0,1.0,0.000647,162.227276,162.227276,0.0,0.0,1.0
3802,25-Feb-05,24:00:00,227.424112,0.00056,79.832769,79.832769,0.0,0.0,1.0,0.000943,147.489753,147.489753,0.0,0.0,0.998965
3803,26-Feb-05,24:00:00,2165.947772,0.000337,1181.881128,518.448793,0.064858,0.064858,1.0,0.000324,1003.040635,504.808361,0.06071,0.060007,0.999799
3804,27-Feb-05,24:00:00,2157.091903,0.000603,499.117694,444.392192,0.002716,0.002716,1.0,0.000537,1642.422378,1133.971568,0.0,0.0,1.0
3805,28-Feb-05,24:00:00,595.783988,0.000702,195.139094,182.917331,0.024135,0.024135,1.0,0.00049,399.514888,388.688917,0.022756,0.022756,1.0
3806,01-Mar-05,24:00:00,1139.784317,0.000727,430.519241,418.258389,0.005822,0.005822,1.0,0.000713,708.970529,677.256179,0.0,0.0,1.0
3807,02-Mar-05,24:00:00,465.944006,0.00074,140.278786,139.499005,0.001894,0.001894,1.0,0.000789,323.942075,323.258387,0.001276,0.001276,1.0
3808,03-Mar-05,24:00:00,491.884502,0.000744,187.893136,184.143019,0.003649,0.003649,1.0,0.000758,304.20613,297.531696,0.002967,0.002967,1.0
3809,04-Mar-05,24:00:00,351.923934,0.001243,116.955019,116.955019,0.0,0.0,1.0,0.001201,234.345722,234.029256,0.0,0.0,1.0
3810,05-Mar-05,24:00:00,294.857535,0.001367,105.185483,105.185483,0.0,0.0,1.0,0.001289,189.493553,189.493553,0.0,0.0,1.0
3811,06-Mar-05,24:00:00,265.476148,0.000917,95.121448,95.121448,0.0,0.0,0.999896,0.001285,170.231016,170.231016,0.0,0.0,0.99955
3812,07-Mar-05,24:00:00,240.832189,0.001137,86.194975,86.194975,0.0,0.0,0.997913,0.001388,154.529218,154.529218,0.0,0.0,0.996549
3813,08-Mar-05,24:00:00,219.030476,0.001308,78.27738,78.27738,0.0,0.0,0.993776,0.001647,140.657497,140.657497,0.0,0.0,0.991532
3814,09-Mar-05,24:00:00,199.694556,0.001807,71.254594,71.254594,0.0,0.0,0.988442,0.001482,128.355268,128.355268,0.0,0.0,0.985994
3815,10-Mar-05,24:00:00,182.543854,0.001634,65.025445,65.025445,0.0,0.0,0.982388,0.001373,117.443353,117.443353,0.0,0.0,0.981021
3816,11-Mar-05,24:00:00,167.331244,0.000653,59.500201,59.500201,0.0,0.0,0.978452,0.001137,107.764513,107.764513,0.0,0.0,0.976709
3817,12-Mar-05,24:00:00,153.837595,0.001107,54.599277,54.599277,0.0,0.0,0.975484,0.001174,99.179331,99.179331,0.0,0.0,0.972875
3818,13-Mar-05,24:00:00,141.868558,0.002263,50.252089,50.252089,0.0,0.0,0.969662,0.001688,91.564161,91.564161,0.0,0.0,0.96781
3819,14-Mar-05,24:00:00,131.251758,0.001537,46.396031,46.396031,0.0,0.0,0.963257,0.001349,84.809334,84.809334,0.0,0.0,0.962693
3820,15-Mar-05,24:00:00,121.834316,0.001079,42.975578,42.975578,0.0,0.0,0.95872,0.001298,78.817584,78.817584,0.0,0.0,0.95813
3821,16-Mar-05,24:00:00,113.480636,0.001042,39.941483,39.941483,0.0,0.0,0.955047,0.001218,73.502642,73.502642,0.0,0.0,0.953834
3822,17-Mar-05,24:00:00,128.893706,0.000277,57.823582,45.959752,0.025734,0.011885,0.963166,0.000534,71.239538,68.787996,0.013268,0.0,0.95623
3823,18-Mar-05,24:00:00,3439.393706,0.00073,1779.416828,804.458546,0.061549,0.061549,1.0,0.000531,1671.965608,860.946485,0.070311,0.068974,1.0
3824,19-Mar-05,24:00:00,1502.807083,0.000772,215.144322,209.596376,0.011425,0.011425,1.0,0.000447,1281.693681,1163.117013,0.025925,0.025925,1.0
3825,20-Mar-05,24:00:00,1479.754227,0.000642,673.853629,349.411379,0.036724,0.036724,1.0,0.000704,807.976747,753.951005,0.033894,0.033894,1.0
3826,21-Mar-05,24:00:00,4522.636667,0.000541,1798.425453,801.173919,0.044643,0.044643,1.0,0.000755,2726.020417,1501.043153,0.046662,0.046662,1.0
3827,22-Mar-05,24:00:00,1554.035872,0.000869,371.389767,362.010199,0.00628,0.00628,1.0,0.000654,1176.307807,1117.403048,0.007816,0.007816,1.0
3828,23-Mar-05,24:00:00,649.761117,0.00121,170.049602,170.049602,0.0,0.0,1.0,0.001068,477.08412,476.365551,0.0,0.0,1.0
3829,24-Mar-05,24:00:00,487.416192,0.001314,152.25181,152.25181,0.0,0.0,1.0,0.001352,334.746893,334.746893,0.0,0.0,1.0
3830,25-Mar-05,24:00:00,432.56736,0.001399,136.857978,136.857978,0.0,0.0,0.999226,0.001199,295.46716,295.46716,0.0,0.0,0.999906
3831,26-Mar-05,24:00:00,1606.414893,0.000552,840.342882,273.681346,0.036761,0.035724,0.998606,0.000636,784.051433,358.330156,0.038318,0.037834,0.999544
3832,27-Mar-05,24:00:00,2120.720458,0.001227,468.004752,389.397934,0.0,0.0,1.0,0.001046,1637.155569,975.411378,0.0,0.0,1.0
3833,28-Mar-05,24:00:00,712.34793,0.001148,164.665204,162.858212,0.002211,0.002211,1.0,0.001147,545.930733,527.017482,0.00754,0.00754,1.0
3834,29-Mar-05,24:00:00,470.701364,0.001597,126.15338,126.15338,0.0,0.0,1.0,0.001516,343.244702,342.529131,0.0,0.0,1.0
3835,30-Mar-05,24:00:00,372.508102,0.001673,113.515627,113.515627,0.0,0.0,0.999749,0.001589,258.701484,258.701484,0.0,0.0,0.999919
3836,31-Mar-05,24:00:00,332.500204,0.001632,102.501363,102.501363,0.0,0.0,0.996517,0.001557,229.819005,229.819005,0.0,0.0,0.9972
3837,01-Apr-05,24:00:00,300.183703,0.001511,92.732567,92.732567,0.0,0.0,0.991089,0.001233,207.295523,207.295523,0.0,0.0,0.992498
3838,02-Apr-05,24:00:00,810.828463,0.000436,416.985792,300.808915,0.037524,0.034111,0.994168,0.000409,400.22857,317.70325,0.035132,0.032211,0.995042
3839,03-Apr-05,24:00:00,1104.253347,0.001376,277.197072,272.521493,0.0,0.0,1.0,0.00135,822.567321,773.53765,0.0,0.0,1.0
3840,04-Apr-05,24:00:00,399.689059,0.001614,104.505307,104.505307,0.0,0.0,1.0,0.001647,293.463635,293.205733,0.0,0.0,1.0
3841,05-Apr-05,24:00:00,298.911962,0.00161,94.428023,94.428023,0.0,0.0,0.999501,0.001797,204.24569,204.24569,0.0,0.0,1.0
3842,06-Apr-05,24:00:00,367.270304,0.001087,85.572184,85.572184,0.0,0.0,0.998514,0.000796,282.905679,272.166095,0.007186,0.007186,1.0
3843,07-Apr-05,24:00:00,519.442822,0.000845,94.072507,92.597509,0.001805,0.001371,0.999505,0.000806,426.476086,406.910624,0.012356,0.012356,1.0
3844,08-Apr-05,24:00:00,403.336968,0.001637,72.95076,72.95076,0.0,0.0,1.0,0.001281,328.277221,325.507571,0.0,0.0,1.0
3845,09-Apr-05,24:00:00,251.444661,0.001658,65.920709,65.920709,0.0,0.0,1.0,0.001691,185.150216,185.144136,0.0,0.0,1.0
3846,10-Apr-05,24:00:00,219.081077,0.001599,60.288698,60.288698,0.0,0.0,0.997551,0.001422,158.669026,158.669026,0.0,0.0,0.999765
3847,11-Apr-05,24:00:00,199.317676,0.001533,55.293809,55.293809,0.0,0.0,0.992338,0.000856,143.92489,143.92489,0.0,0.0,0.997927
3848,12-Apr-05,24:00:00,182.183402,0.001334,50.863881,50.863881,0.0,0.0,0.98748,0.000982,131.232211,131.232211,0.0,0.0,0.994785
3849,13-Apr-05,24:00:00,167.000533,0.001792,46.935041,46.935041,0.0,0.0,0.982112,0.001646,119.988144,119.988144,0.0,0.0,0.990318
3850,14-Apr-05,24:00:00,153.535624,0.00187,43.45064,43.45064,0.0,0.0,0.975837,0.001805,110.016436,110.016436,0.0,0.0,0.984403
3851,15-Apr-05,24:00:00,141.59407,0.001834,40.360433,40.360433,0.0,0.0,0.969405,0.001876,101.172875,101.172875,0.0,0.0,0.978052
3852,16-Apr-05,24:00:00,131.003636,0.001938,37.619858,37.619858,0.0,0.0,0.963116,0.00173,93.329908,93.329908,0.0,0.0,0.971844
3853,17-Apr-05,24:00:00,121.611573,0.002112,35.189391,35.189391,0.0,0.0,0.956105,0.001761,86.374414,86.374414,0.0,0.0,0.965929
3854,18-Apr-05,24:00:00,113.282403,0.002081,33.033976,33.033976,0.0,0.0,0.948799,0.001884,80.206066,80.206066,0.0,0.0,0.959688
3855,19-Apr-05,24:00:00,105.895969,0.001464,31.122522,31.122522,0.0,0.0,0.942699,0.001482,74.735876,74.735876,0.0,0.0,0.953788
3856,20-Apr-05,24:00:00,99.3457,0.001792,29.427453,29.427453,0.0,0.0,0.937258,0.001898,69.884923,69.884923,0.0,0.0,0.94806
3857,21-Apr-05,24:00:00,93.537077,0.001845,27.924311,27.924311,0.0,0.0,0.930798,0.001964,65.583207,65.583207,0.0,0.0,0.941456
3858,22-Apr-05,24:00:00,88.386265,0.000775,26.591403,26.591403,0.0,0.0,0.926346,0.000884,61.768642,61.768642,0.0,0.0,0.936532
3859,23-Apr-05,24:00:00,83.818912,0.000972,25.409489,25.409489,0.0,0.0,0.923376,0.000831,58.386165,58.386165,0.0,0.0,0.933502
3860,24-Apr-05,24:00:00,79.769071,0.001488,24.361505,24.361505,0.0,0.0,0.919276,0.001659,55.386935,55.386935,0.0,0.0,0.929439
3861,25-Apr-05,24:00:00,76.17825,0.001941,23.432314,23.432314,0.0,0.0,0.91338,0.00186,52.727636,52.727636,0.0,0.0,0.923311
3862,26-Apr-05,24:00:00,72.994572,0.001056,22.608492,22.608492,0.0,0.0,0.908116,0.001428,50.369849,50.369849,0.0,0.0,0.917582
3863,27-Apr-05,24:00:00,70.172026,0.001572,21.878133,21.878133,0.0,0.0,0.90365,0.001425,48.279497,48.279497,0.0,0.0,0.912738
3864,28-Apr-05,24:00:00,67.669801,0.001692,21.230676,21.230676,0.0,0.0,0.898131,0.001433,46.426358,46.426358,0.0,0.0,0.907906
3865,29-Apr-05,24:00:00,65.451701,0.001604,20.656755,20.656755,0.0,0.0,0.892335,0.001594,44.783624,44.783624,0.0,0.0,0.902529
3866,30-Apr-05,24:00:00,63.485621,0.001909,20.148061,20.148061,0.0,0.0,0.886393,0.001556,43.327521,43.327521,0.0,0.0,0.89722
3867,01-May-05,24:00:00,61.743087,0.001961,19.697226,19.697226,0.0,0.0,0.879797,0.002073,42.03696,42.03696,0.0,0.0,0.891121
3868,02-May-05,24:00:00,64.427772,0.001714,19.297714,19.297714,0.0,0.0,0.87364,0.002008,45.346156,40.893237,0.008494,0.0,0.891475
3869,03-May-05,24:00:00,99.526688,0.000384,34.433865,18.943728,0.023989,0.0,0.890217,0.001016,65.506888,40.012546,0.026024,0.000405,0.934048
3870,04-May-05,24:00:00,118.477158,0.001404,22.745703,18.630126,0.0,0.0,0.953147,0.001229,95.262056,65.477772,0.000994,0.000994,1.0
3871,05-May-05,24:00:00,67.163364,0.0011,18.352347,18.352347,0.0,0.0,0.953147,0.00092,48.655349,48.27319,0.0,0.0,1.0
3872,06-May-05,24:00:00,58.746911,0.001582,18.106346,18.106346,0.0,0.0,0.953147,0.001569,40.623243,40.623243,0.0,0.0,1.0
3873,07-May-05,24:00:00,891.699141,0.000348,434.333337,386.575897,0.064486,0.050821,0.984637,0.000639,467.12096,406.058158,0.058406,0.058406,1.0
3874,08-May-05,24:00:00,1533.054121,0.001289,342.577132,333.046617,0.005611,0.005611,1.0,0.00105,1184.876929,1138.077379,0.005695,0.005695,1.0
3875,09-May-05,24:00:00,392.786075,0.001924,75.396303,75.396303,0.0,0.0,1.0,0.001653,314.267036,313.619682,0.0,0.0,1.0
3876,10-May-05,24:00:00,232.544728,0.002063,68.379159,68.379159,0.0,0.0,0.99856,0.002055,163.873947,163.873947,0.0,0.0,0.999341
3877,11-May-05,24:00:00,205.345859,0.00203,62.47812,62.47812,0.0,0.0,0.99292,0.002247,142.763554,142.763554,0.0,0.0,0.994374
3878,12-May-05,24:00:00,187.345777,0.002014,57.244852,57.244852,0.0,0.0,0.985993,0.002331,130.014682,130.014682,0.0,0.0,0.98656
3879,13-May-05,24:00:00,171.606926,0.002029,52.603805,52.603805,0.0,0.0,0.978971,0.002295,118.926902,118.926902,0.0,0.0,0.978571
3880,14-May-05,24:00:00,157.656289,0.001172,48.488016,48.488016,0.0,0.0,0.973558,0.000839,109.100733,109.100733,0.0,0.0,0.973062
3881,15-May-05,24:00:00,145.285021,0.001694,44.838096,44.838096,0.0,0.0,0.968546,0.001587,100.38706,100.38706,0.0,0.0,0.968988
3882,16-May-05,24:00:00,139.829162,0.000837,41.680418,41.601369,0.001468,0.0,0.964316,0.000671,98.156377,92.659917,0.007626,0.0,0.974875
3883,17-May-05,24:00:00,7055.255439,0.000409,3073.696874,729.934794,0.09789,0.088495,0.998289,0.000643,4007.304846,866.433803,0.095057,0.092792,0.999998
3884,18-May-05,24:00:00,2733.422895,0.001095,470.824135,437.999056,0.000649,0.000649,1.0,0.001185,2240.704909,1497.608232,0.0,0.0,1.0
3885,19-May-05,24:00:00,553.796413,0.002036,123.679256,123.679256,0.0,0.0,1.0,0.001821,426.20019,423.615455,0.0,0.0,1.0
3886,20-May-05,24:00:00,359.471372,0.002478,111.2775,111.2775,0.0,0.0,0.998245,0.002427,247.809968,247.809968,0.0,0.0,0.998468
3887,21-May-05,24:00:00,317.473596,0.002564,100.53037,100.53037,0.0,0.0,0.99094,0.002341,216.772143,216.772143,0.0,0.0,0.991936
3888,22-May-05,24:00:00,286.798801,0.002308,90.999114,90.999114,0.0,0.0,0.982501,0.002379,195.654827,195.654827,0.0,0.0,0.983874
3889,23-May-05,24:00:00,259.831247,0.002426,82.546216,82.546216,0.0,0.0,0.974456,0.00239,177.157063,177.157063,0.0,0.0,0.97562
3890,24-May-05,24:00:00,235.922414,0.002315,75.049745,75.049745,0.0,0.0,0.966192,0.002648,160.759411,160.759411,0.0,0.0,0.96705
3891,25-May-05,24:00:00,214.719484,0.001894,68.401555,68.401555,0.0,0.0,0.959291,0.002412,146.217651,146.217651,0.0,0.0,0.958447
3892,26-May-05,24:00:00,195.916295,0.001583,62.50573,62.50573,0.0,0.0,0.953197,0.002703,133.321752,133.321752,0.0,0.0,0.949667
3893,27-May-05,24:00:00,179.241493,0.002116,57.277199,57.277199,0.0,0.0,0.946788,0.002169,121.885614,121.885614,0.0,0.0,0.941082
3894,28-May-05,24:00:00,164.454413,0.002131,52.640512,52.640512,0.0,0.0,0.939443,0.002073,111.744181,111.744181,0.0,0.0,0.933856
3895,29-May-05,24:00:00,151.341607,0.002355,48.52875,48.52875,0.0,0.0,0.931826,0.00254,102.751065,102.751065,0.0,0.0,0.926066
3896,30-May-05,24:00:00,139.713763,0.002617,44.88256,44.88256,0.0,0.0,0.923649,0.002731,94.776429,94.776429,0.0,0.0,0.91722
3897,31-May-05,24:00:00,129.402977,0.002821,41.649301,41.649301,0.0,0.0,0.913947,0.002525,87.705116,87.705116,0.0,0.0,0.907991
3898,01-Jun-05,24:00:00,120.260332,0.002673,38.782284,38.782284,0.0,0.0,0.904585,0.002434,81.434992,81.434992,0.0,0.0,0.899533
3899,02-Jun-05,24:00:00,112.15375,0.002425,36.240099,36.240099,0.0,0.0,0.895846,0.002551,75.875471,75.875471,0.0,0.0,0.891053
3900,03-Jun-05,24:00:00,104.966086,0.002735,33.986019,33.986019,0.0,0.0,0.887326,0.002519,70.94621,70.94621,0.0,0.0,0.882362
3901,04-Jun-05,24:00:00,98.593444,0.002686,31.98747,31.98747,0.0,0.0,0.877697,0.002306,66.575951,66.575951,0.0,0.0,0.873778
3902,05-Jun-05,24:00:00,92.943676,0.002131,30.215559,30.215559,0.0,0.0,0.86936,0.001878,62.701491,62.701491,0.0,0.0,0.866716
3903,06-Jun-05,24:00:00,87.935051,0.002252,28.644664,28.644664,0.0,0.0,0.861954,0.00198,59.266775,59.266775,0.0,0.0,0.860093
3904,07-Jun-05,24:00:00,115.851985,0.000682,34.954296,27.252056,0.013917,0.0,0.866444,0.000746,81.356144,56.222087,0.025676,0.0,0.89187
3905,08-Jun-05,24:00:00,102.622809,0.001667,30.445493,26.017577,0.000925,0.0,0.907213,0.001323,71.689162,53.52333,0.0,0.0,0.944569
3906,09-Jun-05,24:00:00,76.244804,0.002445,24.92335,24.92335,0.0,0.0,0.907213,0.002309,51.295212,51.131394,0.0,0.0,0.944569
3907,10-Jun-05,24:00:00,72.979702,0.002635,23.953517,23.953517,0.0,0.0,0.903322,0.002364,49.011592,49.011592,0.0,0.0,0.942016
3908,11-Jun-05,24:00:00,70.240106,0.002684,23.094014,23.094014,0.0,0.0,0.893914,0.002525,47.133156,47.133156,0.0,0.0,0.93431
3909,12-Jun-05,24:00:00,67.812632,0.002813,22.332367,22.332367,0.0,0.0,0.884572,0.002454,45.468799,45.468799,0.0,0.0,0.925879
3910,13-Jun-05,24:00:00,65.661991,0.002865,21.657512,21.657512,0.0,0.0,0.875143,0.002857,43.994318,43.994318,0.0,0.0,0.916844
3911,14-Jun-05,24:00:00,63.756885,0.00213,21.059636,21.059636,0.0,0.0,0.866215,0.002558,42.688247,42.688247,0.0,0.0,0.907416
3912,15-Jun-05,24:00:00,75.060427,0.000578,28.806047,20.530035,0.010862,0.0,0.873572,0.000578,46.396821,41.531546,0.005681,0.0,0.907842
3913,16-Jun-05,24:00:00,66.036713,0.001133,20.662104,20.06099,0.0,0.0,0.898154,0.001067,45.21986,40.507327,0.0,0.0,0.920658
3914,17-Jun-05,24:00:00,59.294775,0.001482,19.645654,19.645654,0.0,0.0,0.898154,0.000992,39.640086,39.600614,0.0,0.0,0.920658
3915,18-Jun-05,24:00:00,58.081609,0.001822,19.277954,19.277954,0.0,0.0,0.897887,0.001676,38.79812,38.79812,0.0,0.0,0.920658
3916,19-Jun-05,24:00:00,57.045463,0.002071,18.952502,18.952502,0.0,0.0,0.893982,0.002087,38.088062,38.088062,0.0,0.0,0.918304
3917,20-Jun-05,24:00:00,56.128845,0.002289,18.664523,18.664523,0.0,0.0,0.88648,0.001661,37.459989,37.459989,0.0,0.0,0.912429
3918,21-Jun-05,24:00:00,55.318239,0.002494,18.409777,18.409777,0.0,0.0,0.878285,0.002313,36.904631,36.904631,0.0,0.0,0.90564
3919,22-Jun-05,24:00:00,54.601657,0.00186,18.184506,18.184506,0.0,0.0,0.870691,0.002544,36.413765,36.413765,0.0,0.0,0.897239
3920,23-Jun-05,24:00:00,53.968467,0.001643,17.985376,17.985376,0.0,0.0,0.864853,0.00183,35.980098,35.980098,0.0,0.0,0.889895
3921,24-Jun-05,24:00:00,53.409235,0.00121,17.809431,17.809431,0.0,0.0,0.859876,0.001884,35.597162,35.597162,0.0,0.0,0.88352
3922,25-Jun-05,24:00:00,52.915596,0.001415,17.654047,17.654047,0.0,0.0,0.855451,0.00224,35.259218,35.259218,0.0,0.0,0.876427
3923,26-Jun-05,24:00:00,52.48013,0.001749,17.516897,17.516897,0.0,0.0,0.850058,0.002119,34.961178,34.961178,0.0,0.0,0.86887
3924,27-Jun-05,24:00:00,52.096253,0.00157,17.395917,17.395917,0.0,0.0,0.844355,0.002361,34.698525,34.698525,0.0,0.0,0.861086
3925,28-Jun-05,24:00:00,51.758129,0.002381,17.289278,17.289278,0.0,0.0,0.837691,0.002784,34.467257,34.467257,0.0,0.0,0.852392
3926,29-Jun-05,24:00:00,51.460577,0.002389,17.195356,17.195356,0.0,0.0,0.829369,0.002935,34.26382,34.26382,0.0,0.0,0.842646
3927,30-Jun-05,24:00:00,51.199003,0.002116,17.112708,17.112708,0.0,0.0,0.821721,0.002889,34.085063,34.085063,0.0,0.0,0.832608
3928,01-Jul-05,24:00:00,50.969332,0.001954,17.04006,17.04006,0.0,0.0,0.814725,0.002881,33.928193,33.928193,0.0,0.0,0.822809
3929,02-Jul-05,24:00:00,50.767948,0.002234,16.976275,16.976275,0.0,0.0,0.807557,0.002871,33.790728,33.790728,0.0,0.0,0.812988
3930,03-Jul-05,24:00:00,50.591646,0.002529,16.92035,16.92035,0.0,0.0,0.799304,0.002899,33.670469,33.670469,0.0,0.0,0.803088
3931,04-Jul-05,24:00:00,50.437579,0.002244,16.871392,16.871392,0.0,0.0,0.791182,0.002987,33.565466,33.565466,0.0,0.0,0.793113
3932,05-Jul-05,24:00:00,50.303224,0.002619,16.82861,16.82861,0.0,0.0,0.782921,0.002896,33.473987,33.473987,0.0,0.0,0.782848
3933,06-Jul-05,24:00:00,50.186342,0.002408,16.791302,16.791302,0.0,0.0,0.77428,0.002863,33.394496,33.394496,0.0,0.0,0.773038
3934,07-Jul-05,24:00:00,50.084945,0.002479,16.758844,16.758844,0.0,0.0,0.765844,0.00256,33.325631,33.325631,0.0,0.0,0.763568
3935,08-Jul-05,24:00:00,49.997272,0.002064,16.730685,16.730685,0.0,0.0,0.758037,0.002323,33.266182,33.266182,0.0,0.0,0.755199
3936,09-Jul-05,24:00:00,49.921759,0.002461,16.706333,16.706333,0.0,0.0,0.750218,0.002406,33.215078,33.215078,0.0,0.0,0.747185
3937,10-Jul-05,24:00:00,49.857017,0.003117,16.685354,16.685354,0.0,0.0,0.741072,0.00279,33.171366,33.171366,0.0,0.0,0.73832
3938,11-Jul-05,24:00:00,49.801816,0.002873,16.667362,16.667362,0.0,0.0,0.730473,0.002789,33.134202,33.134202,0.0,0.0,0.728677
3939,12-Jul-05,24:00:00,49.755063,0.002672,16.652015,16.652015,0.0,0.0,0.720951,0.002792,33.102837,33.102837,0.0,0.0,0.719097
3940,13-Jul-05,24:00:00,49.715789,0.002711,16.639007,16.639007,0.0,0.0,0.711755,0.003019,33.076606,33.076606,0.0,0.0,0.709264
3941,14-Jul-05,24:00:00,49.683132,0.002639,16.62807,16.62807,0.0,0.0,0.702606,0.00289,33.054918,33.054918,0.0,0.0,0.69905
3942,15-Jul-05,24:00:00,49.65633,0.002591,16.618964,16.618964,0.0,0.0,0.693711,0.002778,33.037249,33.037249,0.0,0.0,0.689256
3943,16-Jul-05,24:00:00,49.634703,0.002634,16.611476,16.611476,0.0,0.0,0.684677,0.002817,33.023135,33.023135,0.0,0.0,0.679713
3944,17-Jul-05,24:00:00,49.617651,0.001852,16.605418,16.605418,0.0,0.0,0.676948,0.002769,33.012163,33.012163,0.0,0.0,0.670137
3945,18-Jul-05,24:00:00,49.604639,0.001791,16.600622,16.600622,0.0,0.0,0.670691,0.002757,33.003966,33.003966,0.0,0.0,0.660746
3946,19-Jul-05,24:00:00,49.595192,0.002043,16.596939,16.596939,0.0,0.0,0.664203,0.002819,32.998218,32.998218,0.0,0.0,0.651136
3947,20-Jul-05,24:00:00,49.588889,0.001791,16.594238,16.594238,0.0,0.0,0.657515,0.002646,32.994632,32.994632,0.0,0.0,0.641822
3948,21-Jul-05,24:00:00,49.585357,0.002247,16.5924,16.5924,0.0,0.0,0.650647,0.002373,32.99295,32.99295,0.0,0.0,0.633215
3949,22-Jul-05,24:00:00,49.584262,0.002928,16.591323,16.591323,0.0,0.0,0.641935,0.002808,32.992945,32.992945,0.0,0.0,0.624272
3950,23-Jul-05,24:00:00,49.585311,0.002588,16.590912,16.590912,0.0,0.0,0.632255,0.003041,32.994414,32.994414,0.0,0.0,0.614398
3951,24-Jul-05,24:00:00,49.588239,0.00245,16.591087,16.591087,0.0,0.0,0.623658,0.00258,32.997176,32.997176,0.0,0.0,0.604502
3952,25-Jul-05,24:00:00,49.592814,0.002405,16.591774,16.591774,0.0,0.0,0.615302,0.002832,33.001073,33.001073,0.0,0.0,0.595353
3953,26-Jul-05,24:00:00,49.59883,0.001901,16.592908,16.592908,0.0,0.0,0.607997,0.002732,33.005962,33.005962,0.0,0.0,0.585811
3954,27-Jul-05,24:00:00,49.606102,0.002003,16.59443,16.59443,0.0,0.0,0.601335,0.002695,33.011716,33.011716,0.0,0.0,0.576506
3955,28-Jul-05,24:00:00,49.614465,0.002035,16.596291,16.596291,0.0,0.0,0.594346,0.002621,33.018224,33.018224,0.0,0.0,0.567394
3956,29-Jul-05,24:00:00,49.623774,0.002142,16.598444,16.598444,0.0,0.0,0.587239,0.002774,33.025385,33.025385,0.0,0.0,0.558172
3957,30-Jul-05,24:00:00,49.6339,0.002086,16.600848,16.600848,0.0,0.0,0.580003,0.002824,33.033111,33.033111,0.0,0.0,0.548634
3958,31-Jul-05,24:00:00,49.644727,0.002213,16.603468,16.603468,0.0,0.0,0.572665,0.002727,33.041321,33.041321,0.0,0.0,0.539035
3959,01-Aug-05,24:00:00,49.656152,0.002233,16.60627,16.60627,0.0,0.0,0.564945,0.002307,33.049947,33.049947,0.0,0.0,0.530277
3960,02-Aug-05,24:00:00,49.668084,0.002019,16.609227,16.609227,0.0,0.0,0.557649,0.002678,33.058924,33.058924,0.0,0.0,0.521819
3961,03-Aug-05,24:00:00,49.680441,0.002204,16.612313,16.612313,0.0,0.0,0.550446,0.002654,33.068197,33.068197,0.0,0.0,0.512703
3962,04-Aug-05,24:00:00,49.69315,0.00229,16.615505,16.615505,0.0,0.0,0.542812,0.002635,33.077716,33.077716,0.0,0.0,0.503573
3963,05-Aug-05,24:00:00,49.706146,0.002326,16.618782,16.618782,0.0,0.0,0.534873,0.0026,33.087436,33.087436,0.0,0.0,0.4946
3964,06-Aug-05,24:00:00,49.719372,0.002298,16.622127,16.622127,0.0,0.0,0.526805,0.002749,33.097318,33.097318,0.0,0.0,0.485559
3965,07-Aug-05,24:00:00,49.732775,0.001748,16.625523,16.625523,0.0,0.0,0.519928,0.002507,33.107326,33.107326,0.0,0.0,0.476461
3966,08-Aug-05,24:00:00,49.746309,0.001819,16.628955,16.628955,0.0,0.0,0.51372,0.002095,33.117428,33.117428,0.0,0.0,0.468886
3967,09-Aug-05,24:00:00,49.759933,0.001757,16.632412,16.632412,0.0,0.0,0.507674,0.002864,33.127596,33.127596,0.0,0.0,0.460331
3968,10-Aug-05,24:00:00,49.77361,0.002155,16.63588,16.63588,0.0,0.0,0.501059,0.002668,33.137805,33.137805,0.0,0.0,0.450644
3969,11-Aug-05,24:00:00,49.787306,0.002221,16.63935,16.63935,0.0,0.0,0.493371,0.00258,33.148031,33.148031,0.0,0.0,0.44156
3970,12-Aug-05,24:00:00,49.800991,0.001477,16.642812,16.642812,0.0,0.0,0.487098,0.002356,33.158254,33.158254,0.0,0.0,0.433152
3971,13-Aug-05,24:00:00,49.81464,0.001414,16.646258,16.646258,0.0,0.0,0.482162,0.002184,33.168456,33.168456,0.0,0.0,0.425327
3972,14-Aug-05,24:00:00,49.828227,0.001212,16.649681,16.649681,0.0,0.0,0.47761,0.001902,33.178621,33.178621,0.0,0.0,0.418287
3973,15-Aug-05,24:00:00,49.841731,0.002066,16.653073,16.653073,0.0,0.0,0.472059,0.002341,33.188733,33.188733,0.0,0.0,0.410935
3974,16-Aug-05,24:00:00,49.855133,0.00165,16.656428,16.656428,0.0,0.0,0.465642,0.002471,33.198778,33.198778,0.0,0.0,0.402787
3975,17-Aug-05,24:00:00,49.868415,0.001094,16.659742,16.659742,0.0,0.0,0.460904,0.001975,33.208746,33.208746,0.0,0.0,0.395156
3976,18-Aug-05,24:00:00,49.881561,0.001158,16.663008,16.663008,0.0,0.0,0.457068,0.002083,33.218625,33.218625,0.0,0.0,0.388246
3977,19-Aug-05,24:00:00,49.894557,0.0016,16.666223,16.666223,0.0,0.0,0.452423,0.002348,33.228405,33.228405,0.0,0.0,0.380626
3978,20-Aug-05,24:00:00,49.907389,0.001675,16.669383,16.669383,0.0,0.0,0.44684,0.00238,33.238076,33.238076,0.0,0.0,0.372516
3979,21-Aug-05,24:00:00,49.920045,0.001896,16.672483,16.672483,0.0,0.0,0.440706,0.002415,33.247632,33.247632,0.0,0.0,0.364282
3980,22-Aug-05,24:00:00,49.932516,0.001926,16.67552,16.67552,0.0,0.0,0.434122,0.00251,33.257064,33.257064,0.0,0.0,0.355878
3981,23-Aug-05,24:00:00,49.944791,0.0017,16.678492,16.678492,0.0,0.0,0.427742,0.002399,33.266367,33.266367,0.0,0.0,0.347499
3982,24-Aug-05,24:00:00,49.95686,0.001803,16.681395,16.681395,0.0,0.0,0.4219,0.002252,33.275532,33.275532,0.0,0.0,0.339654
3983,25-Aug-05,24:00:00,49.968716,0.001871,16.684226,16.684226,0.0,0.0,0.415669,0.00241,33.284556,33.284556,0.0,0.0,0.331518
3984,26-Aug-05,24:00:00,49.980352,0.002067,16.686985,16.686985,0.0,0.0,0.408921,0.002314,33.293432,33.293432,0.0,0.0,0.323358
3985,27-Aug-05,24:00:00,49.991759,0.002034,16.689667,16.689667,0.0,0.0,0.401822,0.002432,33.302156,33.302156,0.0,0.0,0.315356
3986,28-Aug-05,24:00:00,50.002933,0.002398,16.692272,16.692272,0.0,0.0,0.394554,0.002309,33.310723,33.310723,0.0,0.0,0.30707
3987,29-Aug-05,24:00:00,50.013866,0.002675,16.694797,16.694797,0.0,0.0,0.385353,0.002113,33.31913,33.31913,0.0,0.0,0.299461
3988,30-Aug-05,24:00:00,50.024554,0.002348,16.697241,16.697241,0.0,0.0,0.376925,0.002287,33.327373,33.327373,0.0,0.0,0.291955
3989,31-Aug-05,24:00:00,50.034991,0.001716,16.699602,16.699602,0.0,0.0,0.369829,0.002204,33.335448,33.335448,0.0,0.0,0.284237
3990,01-Sep-05,24:00:00,50.045173,0.001404,16.701879,16.701879,0.0,0.0,0.364529,0.00226,33.343351,33.343351,0.0,0.0,0.276668
3991,02-Sep-05,24:00:00,50.055095,0.001444,16.70407,16.70407,0.0,0.0,0.35965,0.002075,33.351081,33.351081,0.0,0.0,0.269121
3992,03-Sep-05,24:00:00,50.064753,0.001685,16.706174,16.706174,0.0,0.0,0.35428,0.00198,33.358634,33.358634,0.0,0.0,0.262332
3993,04-Sep-05,24:00:00,50.074143,0.002058,16.70819,16.70819,0.0,0.0,0.347861,0.002055,33.366007,33.366007,0.0,0.0,0.255237
3994,05-Sep-05,24:00:00,50.083262,0.001748,16.710117,16.710117,0.0,0.0,0.341217,0.002054,33.373197,33.373197,0.0,0.0,0.24818
3995,06-Sep-05,24:00:00,50.092106,0.001337,16.711953,16.711953,0.0,0.0,0.336027,0.002064,33.380204,33.380204,0.0,0.0,0.241205
3996,07-Sep-05,24:00:00,50.100673,0.001028,16.713698,16.713698,0.0,0.0,0.331938,0.001383,33.387024,33.387024,0.0,0.0,0.235246
3997,08-Sep-05,24:00:00,50.108958,0.000667,16.715351,16.715351,0.0,0.0,0.328906,0.001617,33.393655,33.393655,0.0,0.0,0.23014
3998,09-Sep-05,24:00:00,50.116959,0.001899,16.716911,16.716911,0.0,0.0,0.32479,0.001843,33.400095,33.400095,0.0,0.0,0.224076
3999,10-Sep-05,24:00:00,50.124674,0.00174,16.718377,16.718377,0.0,0.0,0.318343,0.001709,33.406343,33.406343,0.0,0.0,0.217997
4000,11-Sep-05,24:00:00,50.1321,0.001217,16.719748,16.719748,0.0,0.0,0.313335,0.001783,33.412396,33.412396,0.0,0.0,0.212037
4001,12-Sep-05,24:00:00,50.139234,0.001058,16.721023,16.721023,0.0,0.0,0.309432,0.001784,33.418253,33.418253,0.0,0.0,0.206029
4002,13-Sep-05,24:00:00,50.146075,0.001076,16.722203,16.722203,0.0,0.0,0.305785,0.001645,33.423913,33.423913,0.0,0.0,0.200056
4003,14-Sep-05,24:00:00,50.152619,0.001072,16.723285,16.723285,0.0,0.0,0.302085,0.001699,33.429373,33.429373,0.0,0.0,0.194304
4004,15-Sep-05,24:00:00,50.158865,0.001607,16.72427,16.72427,0.0,0.0,0.297613,0.001613,33.434633,33.434633,0.0,0.0,0.188636
4005,16-Sep-05,24:00:00,50.164811,0.001657,16.725157,16.725157,0.0,0.0,0.291822,0.001653,33.439691,33.439691,0.0,0.0,0.182976
4006,17-Sep-05,24:00:00,50.170455,0.001764,16.725944,16.725944,0.0,0.0,0.286022,0.001745,33.444545,33.444545,0.0,0.0,0.177185
4007,18-Sep-05,24:00:00,50.175794,0.001742,16.726633,16.726633,0.0,0.0,0.280023,0.001658,33.449195,33.449195,0.0,0.0,0.171281
4008,19-Sep-05,24:00:00,50.180828,0.001474,16.727222,16.727222,0.0,0.0,0.274341,0.001874,33.453638,33.453638,0.0,0.0,0.165368
4009,20-Sep-05,24:00:00,50.185555,0.001627,16.72771,16.72771,0.0,0.0,0.269166,0.001616,33.457875,33.457875,0.0,0.0,0.159332
4010,21-Sep-05,24:00:00,50.189972,0.001288,16.728098,16.728098,0.0,0.0,0.264239,0.001793,33.461903,33.461903,0.0,0.0,0.1535
4011,22-Sep-05,24:00:00,50.194079,0.001659,16.728384,16.728384,0.0,0.0,0.25925,0.001629,33.465722,33.465722,0.0,0.0,0.147549
4012,23-Sep-05,24:00:00,50.197873,0.001799,16.728568,16.728568,0.0,0.0,0.253246,0.001573,33.469331,33.469331,0.0,0.0,0.142092
4013,24-Sep-05,24:00:00,50.201354,0.00182,16.728651,16.728651,0.0,0.0,0.247111,0.001261,33.472728,33.472728,0.0,0.0,0.137304
4014,25-Sep-05,24:00:00,50.20452,0.001626,16.72863,16.72863,0.0,0.0,0.241049,0.001666,33.475913,33.475913,0.0,0.0,0.132196
4015,26-Sep-05,24:00:00,50.20737,0.001449,16.728507,16.728507,0.0,0.0,0.23581,0.001794,33.478884,33.478884,0.0,0.0,0.126403
4016,27-Sep-05,24:00:00,50.209902,0.001913,16.72828,16.72828,0.0,0.0,0.230134,0.001667,33.481642,33.481642,0.0,0.0,0.120366
4017,28-Sep-05,24:00:00,50.212115,0.001856,16.727949,16.727949,0.0,0.0,0.223653,0.001736,33.484184,33.484184,0.0,0.0,0.114564
4018,29-Sep-05,24:00:00,50.214009,0.001771,16.727514,16.727514,0.0,0.0,0.217401,0.00175,33.486511,33.486511,0.0,0.0,0.108634
4019,30-Sep-05,24:00:00,50.215581,0.001499,16.726975,16.726975,0.0,0.0,0.211778,0.001294,33.488621,33.488621,0.0,0.0,0.10328
4020,01-Oct-05,24:00:00,50.21683,0.001589,16.72633,16.72633,0.0,0.0,0.206457,0.001374,33.490513,33.490513,0.0,0.0,0.098747
4021,02-Oct-05,24:00:00,50.217757,0.00159,16.725581,16.725581,0.0,0.0,0.201069,0.001333,33.492188,33.492188,0.0,0.0,0.094072
4022,03-Oct-05,24:00:00,50.218359,0.0016,16.724726,16.724726,0.0,0.0,0.195589,0.00136,33.493643,33.493643,0.0,0.0,0.089495
4023,04-Oct-05,24:00:00,50.218636,0.001682,16.723766,16.723766,0.0,0.0,0.189896,0.001328,33.494879,33.494879,0.0,0.0,0.084833
4024,05-Oct-05,24:00:00,50.218587,0.00157,16.722699,16.722699,0.0,0.0,0.184306,0.001509,33.495895,33.495895,0.0,0.0,0.080031
4025,06-Oct-05,24:00:00,50.218211,0.001476,16.721526,16.721526,0.0,0.0,0.17915,0.001536,33.49669,33.49669,0.0,0.0,0.074863
4026,07-Oct-05,24:00:00,53.315114,0.001699,17.969463,16.720247,0.002259,0.0,0.175144,0.001472,35.504151,33.497263,0.006327,0.0,0.073379
4027,08-Oct-05,24:00:00,59.556999,0.001431,17.316011,16.718861,0.0,0.0,0.178697,0.001339,42.087718,33.497615,0.0,0.0,0.088751
4028,09-Oct-05,24:00:00,50.333685,0.001557,16.717369,16.717369,0.0,0.0,0.178697,0.001221,33.610995,33.497744,0.0,0.0,0.088751
4029,10-Oct-05,24:00:00,50.213421,0.001325,16.715769,16.715769,0.0,0.0,0.178508,0.001402,33.49765,33.49765,0.0,0.0,0.088751
4030,11-Oct-05,24:00:00,50.211397,0.00145,16.714061,16.714061,0.0,0.0,0.175779,0.001331,33.497333,33.497333,0.0,0.0,0.087011
4031,12-Oct-05,24:00:00,50.209043,0.001274,16.712246,16.712246,0.0,0.0,0.171021,0.0014,33.496792,33.496792,0.0,0.0,0.082641
4032,13-Oct-05,24:00:00,50.206356,0.001213,16.710324,16.710324,0.0,0.0,0.166733,0.001422,33.496026,33.496026,0.0,0.0,0.077811
4033,14-Oct-05,24:00:00,50.203336,0.001217,16.708293,16.708293,0.0,0.0,0.16282,0.000693,33.495035,33.495035,0.0,0.0,0.074186
4034,15-Oct-05,24:00:00,50.199984,0.001648,16.706155,16.706155,0.0,0.0,0.157531,0.001194,33.493819,33.493819,0.0,0.0,0.070827
4035,16-Oct-05,24:00:00,50.196297,0.001436,16.703908,16.703908,0.0,0.0,0.152454,0.00132,33.492377,33.492377,0.0,0.0,0.066643
4036,17-Oct-05,24:00:00,50.192276,0.000487,16.701553,16.701553,0.0,0.0,0.149069,0.00115,33.49071,33.49071,0.0,0.0,0.062402
4037,18-Oct-05,24:00:00,50.18792,0.000803,16.69909,16.69909,0.0,0.0,0.14689,0.000789,33.488816,33.488816,0.0,0.0,0.058983
4038,19-Oct-05,24:00:00,50.18323,0.000991,16.696518,16.696518,0.0,0.0,0.143852,0.001076,33.486695,33.486695,0.0,0.0,0.055758
4039,20-Oct-05,24:00:00,50.178203,0.001029,16.693837,16.693837,0.0,0.0,0.140422,0.001084,33.484348,33.484348,0.0,0.0,0.052096
4040,21-Oct-05,24:00:00,50.172841,0.000956,16.691048,16.691048,0.0,0.0,0.137011,0.001114,33.481773,33.481773,0.0,0.0,0.048357
4041,22-Oct-05,24:00:00,50.167142,0.000962,16.68815,16.68815,0.0,0.0,0.133721,0.001062,33.478971,33.478971,0.0,0.0,0.044588
4042,23-Oct-05,24:00:00,50.161106,0.000531,16.685142,16.685142,0.0,0.0,0.1311,0.00113,33.475941,33.475941,0.0,0.0,0.040854
4043,24-Oct-05,24:00:00,50.154734,0.000887,16.682026,16.682026,0.0,0.0,0.12868,0.001023,33.472683,33.472683,0.0,0.0,0.037226
4044,25-Oct-05,24:00:00,66.375956,0.000634,23.574805,16.678801,0.008438,0.0,0.149815,0.000892,42.824283,33.469197,0.005926,0.0,0.051402
4045,26-Oct-05,24:00:00,50.8483,0.000849,16.675467,16.675467,0.0,0.0,0.155998,0.00062,34.151136,33.465482,0.000707,0.0,0.055737
4046,27-Oct-05,24:00:00,153.628099,0.000156,59.222324,16.672023,0.052082,0.0,0.287426,0.000337,94.608894,33.46154,0.039017,0.0,0.159106
4047,28-Oct-05,24:00:00,56.433538,0.000833,16.68255,16.668471,0.0,0.0,0.334564,0.000776,39.546232,33.457368,0.0,0.0,0.191833
4048,29-Oct-05,24:00:00,50.11781,0.000876,16.664809,16.664809,0.0,0.0,0.334564,0.000769,33.452968,33.452968,0.0,0.0,0.191833
4049,30-Oct-05,24:00:00,50.109411,0.000914,16.661037,16.661037,0.0,0.0,0.334564,0.000791,33.448339,33.448339,0.0,0.0,0.191833
4050,31-Oct-05,24:00:00,50.100675,0.000877,16.657157,16.657157,0.0,0.0,0.334564,0.000693,33.443481,33.443481,0.0,0.0,0.191833
4051,01-Nov-05,24:00:00,50.0916,0.000897,16.653168,16.653168,0.0,0.0,0.334182,0.000807,33.438395,33.438395,0.0,0.0,0.191833
4052,02-Nov-05,24:00:00,72.323084,0.000489,30.394939,16.649069,0.027222,0.0,0.348815,0.000242,42.493775,33.433079,0.026761,0.0,0.207241
4053,03-Nov-05,24:00:00,99.100911,0.000671,26.6889,16.644861,0.001887,0.0,0.431723,0.000509,71.873036,33.427534,0.001657,0.0,0.289266
4054,04-Nov-05,24:00:00,50.689146,0.000766,16.640543,16.640543,0.0,0.0,0.431723,0.000313,34.021749,33.42176,0.0,0.0,0.289266
4055,05-Nov-05,24:00:00,50.051919,0.000263,16.636117,16.636117,0.0,0.0,0.431723,0.000383,33.415757,33.415757,0.0,0.0,0.289266
4056,06-Nov-05,24:00:00,213.760523,0.000261,92.29072,16.631581,0.101139,0.0,0.577704,0.000293,123.076973,33.409525,0.089109,0.0,0.411314
4057,07-Nov-05,24:00:00,138.965881,0.000582,32.28005,16.626937,0.010591,0.0,0.809326,0.000616,105.138168,33.403064,0.006988,0.0,0.614127
4058,08-Nov-05,24:00:00,51.34818,0.00094,16.622183,16.622183,0.0,0.0,0.814795,0.000962,34.667628,33.396374,0.0,0.0,0.618743
4059,09-Nov-05,24:00:00,50.006826,0.000976,16.61732,16.61732,0.0,0.0,0.814795,0.000892,33.389455,33.389455,0.0,0.0,0.618743
4060,10-Nov-05,24:00:00,49.994709,0.000403,16.612349,16.612349,0.0,0.0,0.814795,0.000327,33.382307,33.382307,0.0,0.0,0.618743
4061,11-Nov-05,24:00:00,49.982253,0.000806,16.607268,16.607268,0.0,0.0,0.814795,0.000723,33.37493,33.37493,0.0,0.0,0.618743
4062,12-Nov-05,24:00:00,49.969461,0.000881,16.602079,16.602079,0.0,0.0,0.81433,0.000707,33.367325,33.367325,0.0,0.0,0.618699
4063,13-Nov-05,24:00:00,49.956331,0.001148,16.596781,16.596781,0.0,0.0,0.811587,0.000828,33.359491,33.359491,0.0,0.0,0.617171
4064,14-Nov-05,24:00:00,49.942864,0.001186,16.591375,16.591375,0.0,0.0,0.807338,0.000729,33.351429,33.351429,0.0,0.0,0.614486
4065,15-Nov-05,24:00:00,49.929061,0.000686,16.58586,16.58586,0.0,0.0,0.80426,0.000667,33.343139,33.343139,0.0,0.0,0.612092
4066,16-Nov-05,24:00:00,49.914921,0.000758,16.580237,16.580237,0.0,0.0,0.80184,0.000653,33.334621,33.334621,0.0,0.0,0.609822
4067,17-Nov-05,24:00:00,49.900445,0.000658,16.574505,16.574505,0.0,0.0,0.799355,0.000719,33.325875,33.325875,0.0,0.0,0.607502
4068,18-Nov-05,24:00:00,49.885633,0.000759,16.568665,16.568665,0.0,0.0,0.796985,0.000655,33.316901,33.316901,0.0,0.0,0.605125
4069,19-Nov-05,24:00:00,49.870486,0.000675,16.562718,16.562718,0.0,0.0,0.794498,0.00063,33.3077,33.3077,0.0,0.0,0.602921
4070,20-Nov-05,24:00:00,49.855004,0.000646,16.556662,16.556662,0.0,0.0,0.792229,0.000608,33.298272,33.298272,0.0,0.0,0.600795
4071,21-Nov-05,24:00:00,49.839187,0.000613,16.550499,16.550499,0.0,0.0,0.790062,0.000601,33.288616,33.288616,0.0,0.0,0.59873
4072,22-Nov-05,24:00:00,49.823036,0.000642,16.544228,16.544228,0.0,0.0,0.78792,0.000586,33.278734,33.278734,0.0,0.0,0.59668
4073,23-Nov-05,24:00:00,49.806551,0.000437,16.53785,16.53785,0.0,0.0,0.786093,0.000513,33.268626,33.268626,0.0,0.0,0.594786
4074,24-Nov-05,24:00:00,113.261274,0.000626,40.426544,16.531364,0.029238,0.0,0.859702,0.000533,72.968012,33.258291,0.0258,0.0,0.658256
4075,25-Nov-05,24:00:00,53.870912,0.000735,16.524772,16.524772,0.0,0.0,0.885531,0.000652,37.212621,33.247731,0.0,0.0,0.682355
4076,26-Nov-05,24:00:00,49.755097,0.000509,16.518072,16.518072,0.0,0.0,0.885531,0.000471,33.236945,33.236945,0.0,0.0,0.682355
4077,27-Nov-05,24:00:00,94.650991,0.000303,35.264157,16.511266,0.032702,0.0,0.907661,0.000174,60.296277,33.225933,0.041057,0.0,0.720411
4078,28-Nov-05,24:00:00,195.904041,0.000234,109.561942,95.495323,0.007456,0.006771,1.0,0.000269,85.471862,33.214697,0.006314,0.0,0.843708
4079,29-Nov-05,24:00:00,73.483425,0.000235,38.534415,35.709186,0.009508,0.009508,1.0,0.000194,35.000535,33.203236,0.007251,0.0,0.847329
4080,30-Nov-05,24:00:00,4978.011277,0.000196,2715.005058,872.86621,0.080143,0.080143,1.0,0.0003,2283.852828,493.354892,0.100362,0.062338,0.979366
4081,01-Dec-05,24:00:00,1877.180116,0.000608,289.704156,275.52453,0.0,0.0,1.0,0.000314,1569.115754,1048.826599,0.0,0.0,1.0
4082,02-Dec-05,24:00:00,378.647695,0.000608,109.805602,109.805602,0.0,0.0,1.0,0.000454,266.347973,265.200745,0.0,0.0,1.0
4083,03-Dec-05,24:00:00,252.428653,0.000462,99.176244,99.176244,0.0,0.0,1.0,0.000405,153.026948,153.026948,0.0,0.0,1.0
4084,04-Dec-05,24:00:00,225.190894,0.000497,89.816323,89.816323,0.0,0.0,1.0,0.000452,135.280294,135.280294,0.0,0.0,1.0
4085,05-Dec-05,24:00:00,205.165066,0.000482,81.513945,81.513945,0.0,0.0,1.0,0.000429,123.571543,123.571543,0.0,0.0,1.0
4086,06-Dec-05,24:00:00,187.547438,0.0002,74.149509,74.149509,0.0,0.0,1.0,0.000184,113.327516,113.327516,0.0,0.0,1.0
4087,07-Dec-05,24:00:00,171.923921,0.000355,67.616946,67.616946,0.0,0.0,1.0,0.000384,104.24455,104.24455,0.0,0.0,1.0
4088,08-Dec-05,24:00:00,158.064741,0.000505,61.822183,61.822183,0.0,0.0,1.0,0.000484,96.187201,96.187201,0.0,0.0,1.0
4089,09-Dec-05,24:00:00,145.770244,0.000522,56.681782,56.681782,0.0,0.0,0.99986,0.000449,89.039363,89.039363,0.0,0.0,1.0
4090,10-Dec-05,24:00:00,134.863464,0.000435,52.121741,52.121741,0.0,0.0,0.998899,0.000416,82.698167,82.698167,0.0,0.0,1.0
4091,11-Dec-05,24:00:00,125.187453,0.0003,48.076427,48.076427,0.0,0.0,0.997651,0.000392,77.072381,77.072381,0.0,0.0,0.999619
4092,12-Dec-05,24:00:00,116.603008,0.000384,44.487627,44.487627,0.0,0.0,0.996496,0.000302,72.081087,72.081087,0.0,0.0,0.998675
4093,13-Dec-05,24:00:00,108.986668,0.00033,41.303713,41.303713,0.0,0.0,0.99526,0.000354,67.652521,67.652521,0.0,0.0,0.997553
4094,14-Dec-05,24:00:00,102.228937,0.000415,38.478893,38.478893,0.0,0.0,0.993997,0.000406,63.72303,63.72303,0.0,0.0,0.996225
4095,15-Dec-05,24:00:00,96.232695,0.000148,35.972554,35.972554,0.0,0.0,0.993002,0.00031,60.236161,60.236161,0.0,0.0,0.995032
4096,16-Dec-05,24:00:00,103.294692,0.000143,33.820059,33.748676,0.001326,0.0,0.992667,0.000137,69.61586,66.111607,0.004901,0.003282,0.999067
4097,17-Dec-05,24:00:00,6213.699463,0.000273,2729.486273,793.990538,0.091289,0.090353,1.0,0.000248,3499.834911,983.910624,0.088276,0.088276,1.0
4098,18-Dec-05,24:00:00,4408.84625,0.000356,1479.634681,842.178685,0.040333,0.040333,1.0,0.000244,2924.957917,2037.280833,0.052315,0.052315,1.0
4099,19-Dec-05,24:00:00,1839.42,0.000127,520.91427,484.812339,0.048352,0.048352,1.0,0.000208,1315.682083,1229.614927,0.041599,0.041599,1.0
4100,20-Dec-05,24:00:00,2388.315,0.000146,945.111366,689.679801,0.050292,0.050292,1.0,0.000202,1447.672083,1283.682917,0.048919,0.048919,1.0
4101,21-Dec-05,24:00:00,4314.676667,0.000129,1624.84151,1004.141569,0.049422,0.049422,1.0,0.000247,2691.965833,1842.119583,0.047927,0.047927,1.0
4102,22-Dec-05,24:00:00,1771.980008,0.000284,339.204712,336.500962,0.0,0.0,1.0,0.000264,1420.783525,1245.112104,0.000703,0.000703,1.0
4103,23-Dec-05,24:00:00,810.072485,0.000449,239.760864,239.760864,0.0,0.0,1.0,0.000443,568.373573,567.39225,0.0,0.0,1.0
4104,24-Dec-05,24:00:00,660.983758,0.000127,214.464498,214.464498,0.0,0.0,1.0,0.000207,446.023894,446.010807,0.0,0.0,1.0
4105,25-Dec-05,24:00:00,1137.098411,0.000508,402.789534,388.958442,0.016924,0.016924,1.0,0.000527,736.374795,707.856804,0.017389,0.017389,1.0
4106,26-Dec-05,24:00:00,2597.713078,0.000101,1171.94212,688.168345,0.071501,0.071501,1.0,0.000251,1443.666135,917.616743,0.071783,0.071783,1.0
4107,27-Dec-05,24:00:00,6361.63375,0.000503,1967.194265,1130.217276,0.052607,0.052607,1.0,0.000385,4387.935417,2351.25125,0.053473,0.053473,1.0
4108,28-Dec-05,24:00:00,1667.614167,0.000312,317.154453,315.758513,0.003709,0.003709,1.0,0.000226,1338.817504,1216.570157,0.003408,0.003408,1.0
4109,29-Dec-05,24:00:00,6196.87875,0.000121,2852.300723,857.94598,0.078199,0.078199,1.0,0.00021,3384.946519,1174.413626,0.078414,0.078414,1.0
4110,30-Dec-05,24:00:00,11883.910833,0.000444,3349.394534,1201.363656,0.053063,0.053063,1.0,0.000363,8506.65375,2545.667083,0.054634,0.054634,1.0
4111,31-Dec-05,24:00:00,6126.594167,0.000157,2265.798398,737.882691,0.047467,0.047467,1.0,0.000291,3867.391667,1641.464583,0.047327,0.047327,1.0
4112,01-Jan-06,24:00:00,2775.529167,0.000233,538.788398,519.084227,0.000892,0.000892,1.0,0.000444,2217.127083,1516.175524,0.000872,0.000872,1.0
4113,02-Jan-06,24:00:00,1298.3225,0.000201,456.598033,441.633332,0.022927,0.022927,1.0,0.000171,842.334204,826.327927,0.023353,0.023353,1.0
4114,03-Jan-06,24:00:00,1528.542917,0.000531,447.414843,443.642351,0.0,0.0,1.0,0.000503,1078.865591,1054.733752,0.0,0.0,1.0
4115,04-Jan-06,24:00:00,932.116489,0.000505,282.63356,282.087964,0.001767,0.001767,1.0,0.000425,647.895441,647.043099,0.004121,0.004121,1.0
4116,05-Jan-06,24:00:00,883.959037,0.000453,270.292706,269.394533,0.0,0.0,1.0,0.000384,613.257235,606.954487,0.0,0.0,1.0
4117,06-Jan-06,24:00:00,720.627507,0.000279,229.947161,229.592827,0.000443,0.000443,1.0,0.000243,489.953483,489.850513,0.0,0.0,1.0
4118,07-Jan-06,24:00:00,629.254583,0.000568,203.482791,203.475126,0.0,0.0,1.0,0.000455,425.392444,425.392444,0.0,0.0,1.0
4119,08-Jan-06,24:00:00,561.998933,0.000509,181.409396,181.409396,0.0,0.0,1.0,0.000385,380.273164,380.273164,0.0,0.0,1.0
4120,09-Jan-06,24:00:00,503.93814,0.000332,162.723812,162.723812,0.0,0.0,1.0,0.000277,340.936016,340.936016,0.0,0.0,1.0
4121,10-Jan-06,24:00:00,452.468862,0.000463,146.151198,146.151198,0.0,0.0,1.0,0.000612,306.072072,306.072072,0.0,0.0,1.0
4122,11-Jan-06,24:00:00,410.884445,0.000514,131.452345,131.452345,0.0,0.0,1.0,0.000392,279.349248,278.632972,0.000678,0.000678,1.0
4123,12-Jan-06,24:00:00,379.175213,0.000572,118.415389,118.415389,0.0,0.0,1.0,0.000446,260.474296,260.044617,0.0,0.0,1.0
4124,13-Jan-06,24:00:00,1231.165527,0.00038,496.668169,470.225371,0.032355,0.032355,1.0,0.000385,739.604936,690.930521,0.031301,0.031301,1.0
4125,14-Jan-06,24:00:00,684.285623,0.000685,140.440366,140.440366,0.0,0.0,1.0,0.000533,539.339156,535.024798,0.0,0.0,1.0
4126,15-Jan-06,24:00:00,385.058161,0.000277,118.799457,118.799457,0.0,0.0,1.0,0.00019,265.61415,265.61415,0.0,0.0,1.0
4127,16-Jan-06,24:00:00,467.507226,0.000315,199.261777,182.992176,0.025913,0.025913,1.0,0.000224,270.933078,258.70959,0.024264,0.024264,1.0
4128,17-Jan-06,24:00:00,1518.4825,0.000456,554.000992,533.587478,0.019143,0.019143,1.0,0.000323,966.80204,912.315108,0.017931,0.017931,1.0
4129,18-Jan-06,24:00:00,691.985436,0.00054,151.419976,151.281026,0.0,0.0,1.0,0.000402,536.211494,531.510505,0.0,0.0,1.0
4130,19-Jan-06,24:00:00,390.816575,0.000506,122.53199,122.459447,0.001111,0.001111,1.0,0.000215,267.669161,267.616163,0.00135,0.00135,1.0
4131,20-Jan-06,24:00:00,376.946401,0.000343,123.965216,123.129846,0.0,0.0,1.0,0.000384,252.892748,250.690367,0.0,0.0,1.0
4132,21-Jan-06,24:00:00,311.513023,0.000919,100.794162,100.794162,0.0,0.0,1.0,0.000468,210.452826,210.406876,0.0,0.0,1.0
4133,22-Jan-06,24:00:00,276.809309,0.001149,91.204488,91.204488,0.0,0.0,1.0,0.000755,185.462027,185.462027,0.0,0.0,1.0
4134,23-Jan-06,24:00:00,250.737011,0.000658,82.717706,82.717706,0.0,0.0,1.0,0.000637,167.899753,167.899753,0.0,0.0,1.0
4135,24-Jan-06,24:00:00,227.888469,0.000371,75.190649,75.190649,0.0,0.0,1.0,0.000414,152.592255,152.592255,0.0,0.0,1.0
4136,25-Jan-06,24:00:00,207.634472,0.000508,68.514809,68.514809,0.0,0.0,1.0,0.000427,139.026181,139.026181,0.0,0.0,1.0
4137,26-Jan-06,24:00:00,278.142602,0.000401,79.811969,78.660297,0.001409,0.001409,1.0,0.000371,198.866148,192.413426,0.004042,0.004042,1.0
4138,27-Jan-06,24:00:00,714.157432,0.000127,347.039412,321.057579,0.033236,0.033236,1.0,0.000187,372.875993,337.228417,0.033168,0.033168,1.0
4139,28-Jan-06,24:00:00,930.209438,0.000406,198.285995,197.105468,0.0,0.0,1.0,0.000235,727.42621,706.660731,0.0,0.0,1.0
4140,29-Jan-06,24:00:00,879.339256,0.000356,385.024007,333.279299,0.025903,0.025903,1.0,0.000471,498.232771,447.271341,0.025696,0.025696,1.0
4141,30-Jan-06,24:00:00,731.332271,0.000619,144.754455,144.624721,0.0,0.0,1.0,0.000446,582.229049,570.600577,0.0,0.0,1.0
4142,31-Jan-06,24:00:00,545.889582,0.000138,219.023194,209.299016,0.012066,0.012066,1.0,0.000212,327.995432,315.109427,0.009925,0.009925,1.0
4143,01-Feb-06,24:00:00,463.430639,0.00045,120.067001,119.930097,0.0,0.0,1.0,0.000333,341.612957,337.699922,0.0,0.0,1.0
4144,02-Feb-06,24:00:00,286.896247,0.0003,90.21418,90.21418,0.0,0.0,1.0,0.000535,196.256429,196.254283,0.0,0.0,1.0
4145,03-Feb-06,24:00:00,446.186328,0.000852,166.624281,160.961549,0.006929,0.006929,1.0,0.00078,280.470599,270.068631,0.006551,0.006551,1.0
4146,04-Feb-06,24:00:00,300.12863,0.000775,82.820385,82.820385,0.0,0.0,1.0,0.000685,216.348957,215.661503,0.0,0.0,1.0
4147,05-Feb-06,24:00:00,228.800812,0.000731,74.489364,74.489364,0.0,0.0,1.0,0.000705,154.127434,154.127434,0.0,0.0,1.0
4148,06-Feb-06,24:00:00,205.512903,0.000844,67.895137,67.895137,0.0,0.0,1.0,0.00078,137.522221,137.522221,0.0,0.0,1.0
4149,07-Feb-06,24:00:00,187.680572,0.000907,62.047059,62.047059,0.0,0.0,1.0,0.000804,125.551916,125.551916,0.0,0.0,1.0
4150,08-Feb-06,24:00:00,171.981508,0.000918,56.860634,56.860634,0.0,0.0,0.998693,0.000885,115.048674,115.048674,0.0,0.0,0.999399
4151,09-Feb-06,24:00:00,158.062713,0.000922,52.261059,52.261059,0.0,0.0,0.995626,0.000867,105.737667,105.737667,0.0,0.0,0.997103
4152,10-Feb-06,24:00:00,145.719289,0.000772,48.181988,48.181988,0.0,0.0,0.992745,0.00098,97.480578,97.480578,0.0,0.0,0.993974
4153,11-Feb-06,24:00:00,134.773029,0.000937,44.564579,44.564579,0.0,0.0,0.989782,0.0009,90.158161,90.158161,0.0,0.0,0.990708
4154,12-Feb-06,24:00:00,125.065981,0.00101,41.35664,41.35664,0.0,0.0,0.986481,0.000962,83.664749,83.664749,0.0,0.0,0.987549
4155,13-Feb-06,24:00:00,116.458054,0.001412,38.511884,38.511884,0.0,0.0,0.982609,0.001139,77.906626,77.906626,0.0,0.0,0.984082
4156,14-Feb-06,24:00:00,108.824999,0.000913,35.989256,35.989256,0.0,0.0,0.978255,0.00084,72.800673,72.800673,0.0,0.0,0.980545
4157,15-Feb-06,24:00:00,102.056616,0.000728,33.752343,33.752343,0.0,0.0,0.975465,0.000644,68.27317,68.27317,0.0,0.0,0.978002
4158,16-Feb-06,24:00:00,96.055166,0.000215,31.768849,31.768849,0.0,0.0,0.973816,0.000669,64.258731,64.258731,0.0,0.0,0.975679
4159,17-Feb-06,24:00:00,90.73396,0.00042,30.01013,30.01013,0.0,0.0,0.97273,0.000423,60.699363,60.699363,0.0,0.0,0.973822
4160,18-Feb-06,24:00:00,86.016112,0.000661,28.450781,28.450781,0.0,0.0,0.970889,0.000769,57.543631,57.543631,0.0,0.0,0.971784
4161,19-Feb-06,24:00:00,81.833429,0.000965,27.068269,27.068269,0.0,0.0,0.968152,0.000953,54.745915,54.745915,0.0,0.0,0.968906
4162,20-Feb-06,24:00:00,78.125428,0.000953,25.842609,25.842609,0.0,0.0,0.964882,0.000879,52.265752,52.265752,0.0,0.0,0.965725
4163,21-Feb-06,24:00:00,74.838464,0.001028,24.756074,24.756074,0.0,0.0,0.961501,0.000963,50.067256,50.067256,0.0,0.0,0.962575
4164,22-Feb-06,24:00:00,71.924958,0.001125,23.792943,23.792943,0.0,0.0,0.957851,0.001005,48.118596,48.118596,0.0,0.0,0.959203
4165,23-Feb-06,24:00:00,69.342708,0.001141,22.939272,22.939272,0.0,0.0,0.953944,0.001095,46.39154,46.39154,0.0,0.0,0.955639
4166,24-Feb-06,24:00:00,67.054286,0.001,22.182692,22.182692,0.0,0.0,0.950197,0.001216,44.861048,44.861048,0.0,0.0,0.951774
4167,25-Feb-06,24:00:00,182.883277,0.00037,111.840394,82.662729,0.040805,0.025497,0.965633,0.000564,72.894801,57.250984,0.034554,0.019407,0.963384
4168,26-Feb-06,24:00:00,9554.525833,0.00034,4533.787083,1089.354541,0.1,0.1,1.0,0.000368,5060.447112,1334.932338,0.1,0.1,1.0
4169,27-Feb-06,24:00:00,5301.950833,0.000765,1022.199333,825.579465,0.032727,0.032727,1.0,0.00041,4249.00125,2205.057083,0.037427,0.037427,1.0
4170,28-Feb-06,24:00:00,1058.923046,0.00073,188.651984,187.836422,0.006196,0.006196,1.0,0.00047,861.710723,836.380637,0.008985,0.008985,1.0
4171,01-Mar-06,24:00:00,1027.741644,0.000878,324.413722,314.368852,0.007083,0.007083,1.0,0.000523,703.899562,677.367596,0.009248,0.009248,1.0
4172,02-Mar-06,24:00:00,1384.981107,0.000691,473.445151,452.470658,0.025664,0.025664,1.0,0.000441,914.31175,867.907788,0.027343,0.027343,1.0
4173,03-Mar-06,24:00:00,773.585041,0.000892,172.834692,172.834692,0.0,0.0,1.0,0.000725,596.629329,592.898794,0.0,0.0,1.0
4174,04-Mar-06,24:00:00,6427.258396,0.000369,3119.189126,756.15358,0.080917,0.080917,1.0,0.000395,3336.737901,909.342739,0.081153,0.081153,1.0
4175,05-Mar-06,24:00:00,4760.125833,0.000538,1264.228363,990.932395,0.043264,0.043264,1.0,0.000421,3476.785,2233.264167,0.044694,0.044694,1.0
4176,06-Mar-06,24:00:00,1668.991667,0.000836,381.29783,374.523307,0.008168,0.008168,1.0,0.000821,1280.1867,1250.735992,0.008744,0.008744,1.0
4177,07-Mar-06,24:00:00,835.723002,0.001084,234.791622,234.791622,0.0,0.0,1.0,0.000965,598.399151,597.661194,0.0,0.0,1.0
4178,08-Mar-06,24:00:00,666.447433,0.000896,211.854945,211.470275,0.000696,0.000696,1.0,0.000735,454.333047,453.527242,0.002079,0.002079,1.0
4179,09-Mar-06,24:00:00,638.083883,0.000501,194.43696,194.25308,0.0,0.0,1.0,0.000378,443.225551,440.545209,0.0,0.0,1.0
4180,10-Mar-06,24:00:00,537.424317,0.000833,169.119803,169.119803,0.0,0.0,1.0,0.000649,367.874045,367.840417,0.0,0.0,1.0
4181,11-Mar-06,24:00:00,476.833031,0.000555,151.841016,151.841016,0.0,0.0,1.0,0.000584,324.721328,324.721328,0.0,0.0,1.0
4182,12-Mar-06,24:00:00,584.701155,0.000544,249.157855,172.188133,0.020548,0.020548,1.0,0.000479,339.645346,316.940963,0.024612,0.024612,1.0
4183,13-Mar-06,24:00:00,2504.15125,0.000811,839.808558,646.097459,0.027368,0.027368,1.0,0.000753,1666.37,1222.914478,0.028505,0.028505,1.0
4184,14-Mar-06,24:00:00,821.530822,0.000767,165.563413,165.560278,0.0,0.0,1.0,0.000627,650.279518,640.397141,0.0,0.0,1.0
4185,15-Mar-06,24:00:00,1491.010106,0.000356,698.524239,649.606174,0.066227,0.066227,1.0,0.000363,800.534271,740.794469,0.056233,0.056233,1.0
4186,16-Mar-06,24:00:00,1704.860927,0.001186,443.541797,438.335136,0.0,0.0,1.0,0.001068,1255.721582,1218.940089,0.001001,0.001001,1.0
4187,17-Mar-06,24:00:00,670.374442,0.001384,184.535617,184.535617,0.0,0.0,1.0,0.001149,483.149642,482.785545,0.0,0.0,1.0
4188,18-Mar-06,24:00:00,508.103596,0.00132,165.360934,165.360934,0.0,0.0,1.0,0.001214,342.330896,342.330896,0.0,0.0,1.0
4189,19-Mar-06,24:00:00,533.078214,0.000606,177.863156,175.703952,0.002649,0.002649,1.0,0.000383,356.223462,348.66865,0.006056,0.006056,1.0
4190,20-Mar-06,24:00:00,514.346209,0.000613,139.131245,139.125795,0.0,0.0,1.0,0.000631,374.050594,371.358168,0.0,0.0,1.0
4191,21-Mar-06,24:00:00,389.757217,0.001036,122.972356,122.972356,0.0,0.0,1.0,0.001068,266.39077,266.386108,0.0,0.0,1.0
4192,22-Mar-06,24:00:00,343.883022,0.001258,110.928386,110.928386,0.0,0.0,1.0,0.001448,232.767536,232.767536,0.0,0.0,1.0
4193,23-Mar-06,24:00:00,1088.35922,0.000279,473.932254,447.862968,0.031989,0.031989,1.0,0.000438,618.752385,579.182845,0.025886,0.025886,1.0
4194,24-Mar-06,24:00:00,1320.774423,0.000736,425.048063,406.26722,0.022889,0.022889,1.0,0.000811,895.81706,853.693166,0.023971,0.023971,1.0
4195,25-Mar-06,24:00:00,625.913155,0.001375,140.925071,140.925071,0.0,0.0,1.0,0.001342,481.219318,478.513977,0.0,0.0,1.0
4196,26-Mar-06,24:00:00,492.820814,0.000962,201.861567,191.030309,0.019969,0.019969,1.0,0.001077,292.096919,286.375591,0.014201,0.014201,1.0
4197,27-Mar-06,24:00:00,1030.303924,0.000593,424.815042,409.017443,0.012802,0.012802,1.0,0.000659,606.833014,577.304438,0.0093,0.0093,1.0
4198,28-Mar-06,24:00:00,1496.4926,0.000496,580.627184,551.339735,0.035647,0.035647,1.0,0.000585,918.254846,868.053156,0.029251,0.029251,1.0
4199,29-Mar-06,24:00:00,747.803776,0.000531,178.138222,177.85281,0.000362,0.000362,1.0,0.000559,565.259328,560.567513,0.002121,0.002121,1.0
4200,30-Mar-06,24:00:00,2888.256194,0.000373,1290.570582,639.771771,0.055277,0.055277,1.0,0.000392,1613.280101,776.146429,0.056923,0.056923,1.0
4201,31-Mar-06,24:00:00,2117.778333,0.000974,460.31434,440.324127,0.010907,0.010907,1.0,0.000779,1644.694178,1300.177565,0.008406,0.008406,1.0
4202,01-Apr-06,24:00:00,741.888115,0.000352,219.29064,214.459246,0.011629,0.011629,1.0,0.000538,520.102498,515.779363,0.011645,0.011645,1.0
4203,02-Apr-06,24:00:00,1600.539583,0.000574,577.867157,553.562418,0.024017,0.024017,1.0,0.000757,1026.168984,969.738405,0.025036,0.025036,1.0
4204,03-Apr-06,24:00:00,996.519939,0.000624,308.964396,298.69404,0.013478,0.013478,1.0,0.00049,685.853419,669.471074,0.013729,0.013729,1.0
4205,04-Apr-06,24:00:00,903.546942,0.000922,259.484568,256.567555,0.002656,0.002656,1.0,0.000995,642.049373,628.588566,0.00233,0.00233,1.0
4206,05-Apr-06,24:00:00,543.993036,0.000681,167.802203,167.802203,0.0,0.0,1.0,0.000852,375.044141,374.784304,0.0,0.0,1.0
4207,06-Apr-06,24:00:00,610.770682,0.000853,257.417032,240.007882,0.02878,0.02878,1.0,0.000824,356.227465,342.370838,0.026112,0.026112,1.0
4208,07-Apr-06,24:00:00,1382.852865,0.001115,484.321655,472.300441,0.007231,0.007231,1.0,0.000933,898.042946,861.257135,0.004234,0.004234,1.0
4209,08-Apr-06,24:00:00,584.367873,0.000662,162.843687,162.67223,0.000222,0.000222,1.0,0.000718,419.103055,418.110382,0.000281,0.000281,1.0
4210,09-Apr-06,24:00:00,450.196798,0.00071,147.908802,147.174669,0.002935,0.002935,1.0,0.000725,302.151928,300.497817,0.00345,0.00345,1.0
4211,10-Apr-06,24:00:00,3606.722594,0.000441,1723.322144,862.899336,0.089298,0.089298,1.0,0.00055,1903.639726,1007.451359,0.088288,0.088288,1.0
4212,11-Apr-06,24:00:00,6840.247083,0.00066,2169.144208,1149.177352,0.05791,0.05791,1.0,0.000667,4664.554583,2414.81375,0.057188,0.057188,1.0
4213,12-Apr-06,24:00:00,1588.356351,0.001535,290.01918,289.937799,0.0,0.0,1.0,0.001472,1286.695116,1207.320341,0.0,0.0,1.0
4214,13-Apr-06,24:00:00,753.13092,0.001503,233.40933,233.40933,0.0,0.0,1.0,0.001643,518.090222,518.085434,0.0,0.0,1.0
4215,14-Apr-06,24:00:00,729.033019,0.000589,275.17211,261.852703,0.024,0.024,1.0,0.000532,455.930368,446.867844,0.024875,0.024875,1.0
4216,15-Apr-06,24:00:00,2146.583333,0.000802,772.525331,743.263313,0.028102,0.028102,1.0,0.000821,1377.270139,1303.452646,0.025681,0.025681,1.0
4217,16-Apr-06,24:00:00,943.795405,0.001373,226.634774,226.634774,0.0,0.0,1.0,0.001394,712.028438,709.328027,0.0,0.0,1.0
4218,17-Apr-06,24:00:00,618.025895,0.001887,199.893616,199.893616,0.0,0.0,1.0,0.001758,417.390333,417.390333,0.0,0.0,1.0
4219,18-Apr-06,24:00:00,539.728638,0.001913,179.199573,179.199573,0.0,0.0,0.997229,0.001938,360.217272,360.217272,0.0,0.0,0.997403
4220,19-Apr-06,24:00:00,483.924975,0.001686,160.848442,160.848442,0.0,0.0,0.991118,0.001864,322.816229,322.816229,0.0,0.0,0.991058
4221,20-Apr-06,24:00:00,434.980208,0.001686,144.574785,144.574785,0.0,0.0,0.98532,0.00159,290.176153,290.176153,0.0,0.0,0.98524
4222,21-Apr-06,24:00:00,391.594837,0.000834,130.14371,130.14371,0.0,0.0,0.980964,0.000888,261.248667,261.248667,0.0,0.0,0.980776
4223,22-Apr-06,24:00:00,353.123504,0.001308,117.346884,117.346884,0.0,0.0,0.977304,0.001378,235.597733,235.597733,0.0,0.0,0.976942
4224,23-Apr-06,24:00:00,319.010099,0.00072,105.999536,105.999536,0.0,0.0,0.973742,0.00075,212.852435,212.852435,0.0,0.0,0.973255
4225,24-Apr-06,24:00:00,288.761863,0.001119,95.937783,95.937783,0.0,0.0,0.970711,0.001131,192.684243,192.684243,0.0,0.0,0.970152
4226,25-Apr-06,24:00:00,261.941773,0.001771,87.016276,87.016276,0.0,0.0,0.965794,0.002002,174.801789,174.801789,0.0,0.0,0.964846
4227,26-Apr-06,24:00:00,238.162226,0.001888,79.1061,79.1061,0.0,0.0,0.959436,0.002248,158.946651,158.946651,0.0,0.0,0.957565
4228,27-Apr-06,24:00:00,217.079454,0.001748,72.092919,72.092919,0.0,0.0,0.953136,0.002357,144.889626,144.889626,0.0,0.0,0.949692
4229,28-Apr-06,24:00:00,198.38856,0.001388,65.875324,65.875324,0.0,0.0,0.94795,0.002201,132.427431,132.427431,0.0,0.0,0.942014
4230,29-Apr-06,24:00:00,181.819128,0.001944,60.363372,60.363372,0.0,0.0,0.942042,0.002434,121.379767,121.379767,0.0,0.0,0.934014
4231,30-Apr-06,24:00:00,167.131319,0.002158,55.47729,55.47729,0.0,0.0,0.93517,0.002377,111.586721,111.586721,0.0,0.0,0.925735
4232,01-May-06,24:00:00,154.112416,0.002178,51.146326,51.146326,0.0,0.0,0.927771,0.002308,102.906463,102.906463,0.0,0.0,0.917662
4233,02-May-06,24:00:00,142.573754,0.001226,47.307728,47.307728,0.0,0.0,0.921913,0.002057,95.213198,95.213198,0.0,0.0,0.910128
4234,03-May-06,24:00:00,132.348002,0.001148,43.905839,43.905839,0.0,0.0,0.917844,0.001521,88.395358,88.395358,0.0,0.0,0.904097
4235,04-May-06,24:00:00,123.28675,0.001132,40.891294,40.891294,0.0,0.0,0.913937,0.001759,82.353985,82.353985,0.0,0.0,0.898596
4236,05-May-06,24:00:00,115.258368,0.001799,38.220312,38.220312,0.0,0.0,0.908887,0.002138,77.001313,77.001313,0.0,0.0,0.891746
4237,06-May-06,24:00:00,108.146109,0.002105,35.854058,35.854058,0.0,0.0,0.902156,0.002398,72.259498,72.259498,0.0,0.0,0.884064
4238,07-May-06,24:00:00,101.846428,0.002191,33.758093,33.758093,0.0,0.0,0.894804,0.002244,68.059499,68.059499,0.0,0.0,0.875976
4239,08-May-06,24:00:00,96.267486,0.00232,31.901867,31.901867,0.0,0.0,0.887111,0.002321,64.340078,64.340078,0.0,0.0,0.868165
4240,09-May-06,24:00:00,91.327828,0.002449,30.258286,30.258286,0.0,0.0,0.87899,0.00233,61.046922,61.046922,0.0,0.0,0.860169
4241,10-May-06,24:00:00,86.955207,0.002198,28.803321,28.803321,0.0,0.0,0.870971,0.002631,58.13186,58.13186,0.0,0.0,0.851859
4242,11-May-06,24:00:00,83.085545,0.002289,27.515655,27.515655,0.0,0.0,0.863259,0.002436,55.552164,55.552164,0.0,0.0,0.843005
4243,12-May-06,24:00:00,79.662008,0.002125,26.376386,26.376386,0.0,0.0,0.855699,0.002534,53.269937,53.269937,0.0,0.0,0.83458
4244,13-May-06,24:00:00,76.634188,0.002569,25.368745,25.368745,0.0,0.0,0.84774,0.002549,51.251569,51.251569,0.0,0.0,0.825802
4245,14-May-06,24:00:00,73.957374,0.002246,24.477861,24.477861,0.0,0.0,0.839269,0.002699,49.467246,49.467246,0.0,0.0,0.816888
4246,15-May-06,24:00:00,71.591909,0.002061,23.690542,23.690542,0.0,0.0,0.832058,0.002703,47.890526,47.890526,0.0,0.0,0.807587
4247,16-May-06,24:00:00,69.502619,0.00193,22.995089,22.995089,0.0,0.0,0.825244,0.002625,46.497955,46.497955,0.0,0.0,0.798467
4248,17-May-06,24:00:00,67.658307,0.001508,22.381124,22.381124,0.0,0.0,0.819346,0.002755,45.268731,45.268731,0.0,0.0,0.789333
4249,18-May-06,24:00:00,66.031301,0.00084,21.839444,21.839444,0.0,0.0,0.815101,0.001504,44.184403,44.184403,0.0,0.0,0.78158
4250,19-May-06,24:00:00,64.597056,0.001361,21.361883,21.361883,0.0,0.0,0.811471,0.001769,43.228603,43.228603,0.0,0.0,0.778445
4251,20-May-06,24:00:00,63.333801,0.001218,20.9412,20.9412,0.0,0.0,0.807014,0.001404,42.386816,42.386816,0.0,0.0,0.775172
4252,21-May-06,24:00:00,62.222227,0.001323,20.570972,20.570972,0.0,0.0,0.805229,0.001336,41.646166,41.646166,0.0,0.0,0.773051
4253,22-May-06,24:00:00,61.245204,0.001148,20.245502,20.245502,0.0,0.0,0.805229,0.00116,40.995231,40.995231,0.0,0.0,0.77075
4254,23-May-06,24:00:00,60.387539,0.001993,19.959735,19.959735,0.0,0.0,0.804137,0.001624,40.423882,40.423882,0.0,0.0,0.766083
4255,24-May-06,24:00:00,59.635755,0.002416,19.70919,19.70919,0.0,0.0,0.798403,0.002132,39.92313,39.92313,0.0,0.0,0.759738
4256,25-May-06,24:00:00,58.977899,0.002196,19.489889,19.489889,0.0,0.0,0.790332,0.001838,39.485007,39.485007,0.0,0.0,0.752728
4257,26-May-06,24:00:00,58.403365,0.002207,19.298306,19.298306,0.0,0.0,0.78289,0.001994,39.10244,39.10244,0.0,0.0,0.74628
4258,27-May-06,24:00:00,57.902748,0.002205,19.131311,19.131311,0.0,0.0,0.775208,0.002141,38.769157,38.769157,0.0,0.0,0.739192
4259,28-May-06,24:00:00,57.467703,0.002258,18.98613,18.98613,0.0,0.0,0.767582,0.002336,38.479595,38.479595,0.0,0.0,0.731676
4260,29-May-06,24:00:00,57.090828,0.002403,18.860299,18.860299,0.0,0.0,0.759603,0.002474,38.228818,38.228818,0.0,0.0,0.723386
4261,30-May-06,24:00:00,56.765555,0.002142,18.751635,18.751635,0.0,0.0,0.751844,0.002464,38.012448,38.012448,0.0,0.0,0.714847
4262,31-May-06,24:00:00,56.486061,0.002159,18.6582,18.6582,0.0,0.0,0.74439,0.002068,37.826599,37.826599,0.0,0.0,0.70695
4263,01-Jun-06,24:00:00,56.247175,0.001946,18.578275,18.578275,0.0,0.0,0.737443,0.001746,37.667825,37.667825,0.0,0.0,0.700698
4264,02-Jun-06,24:00:00,56.044313,0.002678,18.510334,18.510334,0.0,0.0,0.729573,0.002723,37.53307,37.53307,0.0,0.0,0.69306
4265,03-Jun-06,24:00:00,55.873407,0.00238,18.453025,18.453025,0.0,0.0,0.720769,0.002368,37.41962,37.41962,0.0,0.0,0.68428
4266,04-Jun-06,24:00:00,55.730847,0.002,18.405147,18.405147,0.0,0.0,0.713131,0.002664,37.325069,37.325069,0.0,0.0,0.675712
4267,05-Jun-06,24:00:00,55.61343,0.002563,18.365634,18.365634,0.0,0.0,0.705513,0.002803,37.247281,37.247281,0.0,0.0,0.666375
4268,06-Jun-06,24:00:00,55.518316,0.002754,18.333541,18.333541,0.0,0.0,0.696512,0.002769,37.184362,37.184362,0.0,0.0,0.656741
4269,07-Jun-06,24:00:00,55.442981,0.002294,18.30803,18.30803,0.0,0.0,0.68779,0.002545,37.134629,37.134629,0.0,0.0,0.647665
4270,08-Jun-06,24:00:00,55.385188,0.00232,18.288356,18.288356,0.0,0.0,0.679745,0.002617,37.096591,37.096591,0.0,0.0,0.63875
4271,09-Jun-06,24:00:00,55.342951,0.001863,18.273859,18.273859,0.0,0.0,0.672621,0.002609,37.068923,37.068923,0.0,0.0,0.62978
4272,10-Jun-06,24:00:00,55.314506,0.001454,18.263952,18.263952,0.0,0.0,0.666942,0.002269,37.050449,37.050449,0.0,0.0,0.621244
4273,11-Jun-06,24:00:00,55.29829,0.000933,18.258114,18.258114,0.0,0.0,0.662731,0.001185,37.040127,37.040127,0.0,0.0,0.615358
4274,12-Jun-06,24:00:00,55.292913,0.001188,18.255884,18.255884,0.0,0.0,0.659097,0.001188,37.03703,37.03703,0.0,0.0,0.611122
4275,13-Jun-06,24:00:00,55.297142,0.001888,18.256851,18.256851,0.0,0.0,0.653741,0.002056,37.040336,37.040336,0.0,0.0,0.605629
4276,14-Jun-06,24:00:00,55.309882,0.002484,18.260652,18.260652,0.0,0.0,0.64641,0.002648,37.049314,37.049314,0.0,0.0,0.597848
4277,15-Jun-06,24:00:00,55.33016,0.003446,18.266962,18.266962,0.0,0.0,0.636763,0.003032,37.063316,37.063316,0.0,0.0,0.58819
4278,16-Jun-06,24:00:00,55.357114,0.002826,18.275496,18.275496,0.0,0.0,0.625611,0.00291,37.081768,37.081768,0.0,0.0,0.578037
4279,17-Jun-06,24:00:00,55.389976,0.002679,18.285996,18.285996,0.0,0.0,0.616192,0.002875,37.104156,37.104156,0.0,0.0,0.568125
4280,18-Jun-06,24:00:00,55.428064,0.002606,18.298238,18.298238,0.0,0.0,0.607111,0.002494,37.130027,37.130027,0.0,0.0,0.558595
4281,19-Jun-06,24:00:00,55.470774,0.00268,18.312019,18.312019,0.0,0.0,0.598027,0.003021,37.158977,37.158977,0.0,0.0,0.549482
4282,20-Jun-06,24:00:00,55.517567,0.002894,18.32716,18.32716,0.0,0.0,0.588729,0.002954,37.190647,37.190647,0.0,0.0,0.539181
4283,21-Jun-06,24:00:00,55.567965,0.003287,18.343503,18.343503,0.0,0.0,0.577754,0.002853,37.224719,37.224719,0.0,0.0,0.529102
4284,22-Jun-06,24:00:00,55.621542,0.002526,18.360906,18.360906,0.0,0.0,0.567795,0.002954,37.260908,37.260908,0.0,0.0,0.519181
4285,23-Jun-06,24:00:00,55.67792,0.002329,18.379243,18.379243,0.0,0.0,0.559556,0.002988,37.298962,37.298962,0.0,0.0,0.509097
4286,24-Jun-06,24:00:00,55.736764,0.002279,18.398402,18.398402,0.0,0.0,0.551694,0.00305,37.338658,37.338658,0.0,0.0,0.4987
4287,25-Jun-06,24:00:00,55.797772,0.002487,18.418284,18.418284,0.0,0.0,0.543478,0.003025,37.379794,37.379794,0.0,0.0,0.48837
4288,26-Jun-06,24:00:00,55.860679,0.002083,18.4388,18.4388,0.0,0.0,0.535568,0.002813,37.422194,37.422194,0.0,0.0,0.478263
4289,27-Jun-06,24:00:00,55.925247,0.001778,18.45987,18.45987,0.0,0.0,0.529026,0.002341,37.465699,37.465699,0.0,0.0,0.469164
4290,28-Jun-06,24:00:00,55.991265,0.002136,18.481425,18.481425,0.0,0.0,0.52247,0.002981,37.510168,37.510168,0.0,0.0,0.46062
4291,29-Jun-06,24:00:00,56.058543,0.001902,18.503402,18.503402,0.0,0.0,0.515538,0.002439,37.555475,37.555475,0.0,0.0,0.45095
4292,30-Jun-06,24:00:00,56.126914,0.001979,18.525745,18.525745,0.0,0.0,0.508829,0.003028,37.601508,37.601508,0.0,0.0,0.441791
4293,01-Jul-06,24:00:00,56.196228,0.002016,18.548404,18.548404,0.0,0.0,0.502055,0.003014,37.648167,37.648167,0.0,0.0,0.431393
4294,02-Jul-06,24:00:00,56.26635,0.002153,18.571334,18.571334,0.0,0.0,0.494886,0.00278,37.695362,37.695362,0.0,0.0,0.421369
4295,03-Jul-06,24:00:00,56.33716,0.002343,18.594496,18.594496,0.0,0.0,0.487193,0.002707,37.743014,37.743014,0.0,0.0,0.411978
4296,04-Jul-06,24:00:00,56.408551,0.002411,18.617853,18.617853,0.0,0.0,0.478916,0.002422,37.791051,37.791051,0.0,0.0,0.403181
4297,05-Jul-06,24:00:00,56.480428,0.00247,18.641375,18.641375,0.0,0.0,0.470583,0.00252,37.839409,37.839409,0.0,0.0,0.394692
4298,06-Jul-06,24:00:00,56.552705,0.002783,18.665031,18.665031,0.0,0.0,0.461696,0.002693,37.88803,37.88803,0.0,0.0,0.385823
4299,07-Jul-06,24:00:00,56.625304,0.002829,18.688798,18.688798,0.0,0.0,0.452002,0.002934,37.936864,37.936864,0.0,0.0,0.376193
4300,08-Jul-06,24:00:00,56.698156,0.002801,18.712651,18.712651,0.0,0.0,0.442325,0.002989,37.985864,37.985864,0.0,0.0,0.365982
4301,09-Jul-06,24:00:00,56.771199,0.002202,18.73657,18.73657,0.0,0.0,0.433769,0.002787,38.034989,38.034989,0.0,0.0,0.356039
4302,10-Jul-06,24:00:00,56.844376,0.002201,18.760536,18.760536,0.0,0.0,0.426324,0.002753,38.0842,38.0842,0.0,0.0,0.346609
4303,11-Jul-06,24:00:00,56.917639,0.002394,18.784534,18.784534,0.0,0.0,0.418238,0.002653,38.133466,38.133466,0.0,0.0,0.337182
4304,12-Jul-06,24:00:00,56.99094,0.00274,18.808546,18.808546,0.0,0.0,0.409569,0.002581,38.182755,38.182755,0.0,0.0,0.328176
4305,13-Jul-06,24:00:00,57.06424,0.002238,18.832561,18.832561,0.0,0.0,0.401064,0.002812,38.23204,38.23204,0.0,0.0,0.319062
4306,14-Jul-06,24:00:00,57.1375,0.002418,18.856565,18.856565,0.0,0.0,0.393089,0.002761,38.281295,38.281295,0.0,0.0,0.309492
4307,15-Jul-06,24:00:00,57.210686,0.002845,18.880547,18.880547,0.0,0.0,0.384062,0.002856,38.3305,38.3305,0.0,0.0,0.299855
4308,16-Jul-06,24:00:00,57.283769,0.003031,18.904497,18.904497,0.0,0.0,0.374076,0.002975,38.379632,38.379632,0.0,0.0,0.289906
4309,17-Jul-06,24:00:00,57.35672,0.002773,18.928406,18.928406,0.0,0.0,0.364002,0.003171,38.428673,38.428673,0.0,0.0,0.279575
4310,18-Jul-06,24:00:00,57.429514,0.002594,18.952265,18.952265,0.0,0.0,0.354787,0.002575,38.477607,38.477607,0.0,0.0,0.269356
4311,19-Jul-06,24:00:00,57.502127,0.002849,18.976066,18.976066,0.0,0.0,0.345524,0.002966,38.526418,38.526418,0.0,0.0,0.260055
4312,20-Jul-06,24:00:00,57.574538,0.002874,18.999803,18.999803,0.0,0.0,0.335668,0.002353,38.575091,38.575091,0.0,0.0,0.250602
4313,21-Jul-06,24:00:00,57.646728,0.003027,19.023469,19.023469,0.0,0.0,0.325637,0.002658,38.623614,38.623614,0.0,0.0,0.242278
4314,22-Jul-06,24:00:00,57.718678,0.002973,19.047057,19.047057,0.0,0.0,0.315334,0.002364,38.671974,38.671974,0.0,0.0,0.23348
4315,23-Jul-06,24:00:00,57.790371,0.002836,19.070563,19.070563,0.0,0.0,0.305304,0.002651,38.72016,38.72016,0.0,0.0,0.224918
4316,24-Jul-06,24:00:00,57.861793,0.002773,19.093981,19.093981,0.0,0.0,0.295694,0.000666,38.768162,38.768162,0.0,0.0,0.219334
4317,25-Jul-06,24:00:00,57.932929,0.002375,19.117307,19.117307,0.0,0.0,0.286683,0.002958,38.815971,38.815971,0.0,0.0,0.213233
4318,26-Jul-06,24:00:00,58.003765,0.001927,19.140535,19.140535,0.0,0.0,0.279432,0.002816,38.863578,38.863578,0.0,0.0,0.203295
4319,27-Jul-06,24:00:00,58.07429,0.001669,19.163663,19.163663,0.0,0.0,0.273273,0.002553,38.910973,38.910973,0.0,0.0,0.194094
4320,28-Jul-06,24:00:00,58.144491,0.00141,19.186685,19.186685,0.0,0.0,0.267972,0.002468,38.95815,38.95815,0.0,0.0,0.185596
4321,29-Jul-06,24:00:00,58.214358,0.002448,19.209599,19.209599,0.0,0.0,0.26142,0.002716,39.005102,39.005102,0.0,0.0,0.176647
4322,30-Jul-06,24:00:00,58.28388,0.002454,19.232401,19.232401,0.0,0.0,0.252965,0.002543,39.051821,39.051821,0.0,0.0,0.167574
4323,31-Jul-06,24:00:00,58.353048,0.002152,19.255087,19.255087,0.0,0.0,0.245055,0.002483,39.0983,39.0983,0.0,0.0,0.158886
4324,01-Aug-06,24:00:00,58.421853,0.002288,19.277655,19.277655,0.0,0.0,0.237398,0.002546,39.144535,39.144535,0.0,0.0,0.150245
4325,02-Aug-06,24:00:00,58.490287,0.002251,19.300103,19.300103,0.0,0.0,0.229599,0.002623,39.19052,39.19052,0.0,0.0,0.141458
4326,03-Aug-06,24:00:00,58.55834,0.001608,19.322426,19.322426,0.0,0.0,0.223038,0.00243,39.236248,39.236248,0.0,0.0,0.132876
4327,04-Aug-06,24:00:00,58.626006,0.002057,19.344624,19.344624,0.0,0.0,0.216658,0.00223,39.281714,39.281714,0.0,0.0,0.124721
4328,05-Aug-06,24:00:00,58.693276,0.002245,19.366692,19.366692,0.0,0.0,0.209333,0.002466,39.326915,39.326915,0.0,0.0,0.116755
4329,06-Aug-06,24:00:00,58.760145,0.001363,19.388629,19.388629,0.0,0.0,0.203157,0.001948,39.371844,39.371844,0.0,0.0,0.109212
4330,07-Aug-06,24:00:00,58.826605,0.002205,19.410433,19.410433,0.0,0.0,0.197159,0.00263,39.416498,39.416498,0.0,0.0,0.101493
4331,08-Aug-06,24:00:00,58.892649,0.002757,19.432101,19.432101,0.0,0.0,0.188708,0.002648,39.460872,39.460872,0.0,0.0,0.092332
4332,09-Aug-06,24:00:00,58.958272,0.002429,19.453632,19.453632,0.0,0.0,0.179652,0.002749,39.504962,39.504962,0.0,0.0,0.083071
4333,10-Aug-06,24:00:00,59.023467,0.002093,19.475023,19.475023,0.0,0.0,0.171917,0.002408,39.548764,39.548764,0.0,0.0,0.074122
4334,11-Aug-06,24:00:00,59.088229,0.002064,19.496272,19.496272,0.0,0.0,0.164689,0.002454,39.592274,39.592274,0.0,0.0,0.0658
4335,12-Aug-06,24:00:00,59.152552,0.001785,19.517378,19.517378,0.0,0.0,0.158167,0.002595,39.635489,39.635489,0.0,0.0,0.057319
4336,13-Aug-06,24:00:00,59.216431,0.001483,19.538339,19.538339,0.0,0.0,0.152601,0.002106,39.678405,39.678405,0.0,0.0,0.049113
4337,14-Aug-06,24:00:00,59.279861,0.001374,19.559154,19.559154,0.0,0.0,0.14768,0.002341,39.721018,39.721018,0.0,0.0,0.04151
4338,15-Aug-06,24:00:00,59.342836,0.001854,19.579819,19.579819,0.0,0.0,0.142258,0.002327,39.763325,39.763325,0.0,0.0,0.033458
4339,16-Aug-06,24:00:00,59.405352,0.002191,19.600335,19.600335,0.0,0.0,0.135195,0.002272,39.805324,39.805324,0.0,0.0,0.025511
4340,17-Aug-06,24:00:00,59.467405,0.001804,19.620699,19.620699,0.0,0.0,0.128399,0.002387,39.84701,39.84701,0.0,0.0,0.01758
4341,18-Aug-06,24:00:00,59.528989,0.001704,19.640909,19.640909,0.0,0.0,0.122364,0.002402,39.888381,39.888381,0.0,0.0,0.00942
4342,19-Aug-06,24:00:00,59.5901,0.00151,19.660965,19.660965,0.0,0.0,0.116821,0.002248,39.929434,39.929434,0.0,0.0,0.002355
4343,20-Aug-06,24:00:00,59.650735,0.001724,19.680865,19.680865,0.0,0.0,0.11133,0.002294,39.970166,39.970166,0.0,0.0,0.0
4344,21-Aug-06,24:00:00,59.710888,0.002043,19.700608,19.700608,0.0,0.0,0.104966,0.002336,40.010575,40.010575,0.0,0.0,0.0
4345,22-Aug-06,24:00:00,59.770556,0.001877,19.720192,19.720192,0.0,0.0,0.098128,0.002366,40.050656,40.050656,0.0,0.0,0.0
4346,23-Aug-06,24:00:00,59.829735,0.001984,19.739615,19.739615,0.0,0.0,0.091423,0.002481,40.090409,40.090409,0.0,0.0,0.0
4347,24-Aug-06,24:00:00,59.88842,0.001426,19.758877,19.758877,0.0,0.0,0.085656,0.002232,40.12983,40.12983,0.0,0.0,0.0
4348,25-Aug-06,24:00:00,59.946609,0.001478,19.777977,19.777977,0.0,0.0,0.080683,0.002189,40.168917,40.168917,0.0,0.0,0.0
4349,26-Aug-06,24:00:00,60.004298,0.001584,19.796913,19.796913,0.0,0.0,0.075454,0.002267,40.207668,40.207668,0.0,0.0,0.0
4350,27-Aug-06,24:00:00,60.061483,0.001633,19.815683,19.815683,0.0,0.0,0.069942,0.002299,40.246079,40.246079,0.0,0.0,0.0
4351,28-Aug-06,24:00:00,60.11816,0.00152,19.834288,19.834288,0.0,0.0,0.064519,0.002256,40.28415,40.28415,0.0,0.0,0.0
4352,29-Aug-06,24:00:00,60.174327,0.002057,19.852725,19.852725,0.0,0.0,0.058396,0.002205,40.321877,40.321877,0.0,0.0,0.0
4353,30-Aug-06,24:00:00,60.22998,0.002308,19.870994,19.870994,0.0,0.0,0.050926,0.002174,40.359258,40.359258,0.0,0.0,0.0
4354,31-Aug-06,24:00:00,60.285116,0.001765,19.889094,19.889094,0.0,0.0,0.043874,0.002311,40.396292,40.396292,0.0,0.0,0.0
4355,01-Sep-06,24:00:00,60.339732,0.001482,19.907023,19.907023,0.0,0.0,0.038345,0.00223,40.432976,40.432976,0.0,0.0,0.0
4356,02-Sep-06,24:00:00,60.393825,0.001239,19.924781,19.924781,0.0,0.0,0.03366,0.00214,40.469309,40.469309,0.0,0.0,0.0
4357,03-Sep-06,24:00:00,60.447392,0.001462,19.942366,19.942366,0.0,0.0,0.029066,0.002064,40.505288,40.505288,0.0,0.0,0.0
4358,04-Sep-06,24:00:00,60.50043,0.001914,19.959778,19.959778,0.0,0.0,0.023328,0.0023,40.540911,40.540911,0.0,0.0,0.0
4359,05-Sep-06,24:00:00,60.552936,0.001766,19.977016,19.977016,0.0,0.0,0.016999,0.002159,40.576177,40.576177,0.0,0.0,0.0
4360,06-Sep-06,24:00:00,60.604907,0.001714,19.994078,19.994078,0.0,0.0,0.010953,0.00223,40.611083,40.611083,0.0,0.0,0.0
4361,07-Sep-06,24:00:00,60.656342,0.00089,20.010965,20.010965,0.0,0.0,0.006412,0.00166,40.645629,40.645629,0.0,0.0,0.0
4362,08-Sep-06,24:00:00,60.707238,0.001591,20.027674,20.027674,0.0,0.0,0.002403,0.001837,40.679812,40.679812,0.0,0.0,0.0
4363,09-Sep-06,24:00:00,60.757591,0.001615,20.044206,20.044206,0.0,0.0,0.0,0.001982,40.713631,40.713631,0.0,0.0,0.0
4364,10-Sep-06,24:00:00,60.8074,0.002013,20.060559,20.060559,0.0,0.0,0.0,0.001975,40.747084,40.747084,0.0,0.0,0.0
4365,11-Sep-06,24:00:00,60.856663,0.002123,20.076733,20.076733,0.0,0.0,0.0,0.002118,40.78017,40.78017,0.0,0.0,0.0
4366,12-Sep-06,24:00:00,60.905376,0.001712,20.092728,20.092728,0.0,0.0,0.0,0.002124,40.812887,40.812887,0.0,0.0,0.0
4367,13-Sep-06,24:00:00,60.953538,0.001529,20.108541,20.108541,0.0,0.0,0.0,0.001982,40.845233,40.845233,0.0,0.0,0.0
4368,14-Sep-06,24:00:00,61.001148,0.001594,20.124172,20.124172,0.0,0.0,0.0,0.001525,40.877208,40.877208,0.0,0.0,0.0
4369,15-Sep-06,24:00:00,61.048201,0.001717,20.139622,20.139622,0.0,0.0,0.0,0.001707,40.908809,40.908809,0.0,0.0,0.0
4370,16-Sep-06,24:00:00,61.094698,0.00197,20.154889,20.154889,0.0,0.0,0.0,0.001941,40.940036,40.940036,0.0,0.0,0.0
4371,17-Sep-06,24:00:00,61.140635,0.001911,20.169972,20.169972,0.0,0.0,0.0,0.001948,40.970887,40.970887,0.0,0.0,0.0
4372,18-Sep-06,24:00:00,61.18601,0.001681,20.184871,20.184871,0.0,0.0,0.0,0.001819,41.001361,41.001361,0.0,0.0,0.0
4373,19-Sep-06,24:00:00,61.230824,0.001858,20.199585,20.199585,0.0,0.0,0.0,0.001832,41.031457,41.031457,0.0,0.0,0.0
4374,20-Sep-06,24:00:00,61.275072,0.002138,20.214114,20.214114,0.0,0.0,0.0,0.001993,41.061174,41.061174,0.0,0.0,0.0
4375,21-Sep-06,24:00:00,61.318753,0.002933,20.228457,20.228457,0.0,0.0,0.0,0.002235,41.09051,41.09051,0.0,0.0,0.0
4376,22-Sep-06,24:00:00,61.361867,0.002074,20.242613,20.242613,0.0,0.0,0.0,0.001658,41.119464,41.119464,0.0,0.0,0.0
4377,23-Sep-06,24:00:00,61.404411,0.001771,20.256583,20.256583,0.0,0.0,0.0,0.00166,41.148036,41.148036,0.0,0.0,0.0
4378,24-Sep-06,24:00:00,61.446384,0.001613,20.270365,20.270365,0.0,0.0,0.0,0.001622,41.176224,41.176224,0.0,0.0,0.0
4379,25-Sep-06,24:00:00,61.487784,0.001477,20.283959,20.283959,0.0,0.0,0.0,0.001815,41.204027,41.204027,0.0,0.0,0.0
4380,26-Sep-06,24:00:00,61.528611,0.001129,20.297365,20.297365,0.0,0.0,0.0,0.001711,41.231445,41.231445,0.0,0.0,0.0
4381,27-Sep-06,24:00:00,61.568861,0.000951,20.310582,20.310582,0.0,0.0,0.0,0.001588,41.258476,41.258476,0.0,0.0,0.0
4382,28-Sep-06,24:00:00,61.608535,0.000862,20.323609,20.323609,0.0,0.0,0.0,0.001762,41.28512,41.28512,0.0,0.0,0.0
4383,29-Sep-06,24:00:00,61.647632,0.000879,20.336447,20.336447,0.0,0.0,0.0,0.000959,41.311376,41.311376,0.0,0.0,0.0
4384,30-Sep-06,24:00:00,61.686149,0.001176,20.349094,20.349094,0.0,0.0,0.0,0.000877,41.337242,41.337242,0.0,0.0,0.0
4385,01-Oct-06,24:00:00,61.724086,0.000861,20.361551,20.361551,0.0,0.0,0.0,0.001048,41.36272,41.36272,0.0,0.0,0.0
4386,02-Oct-06,24:00:00,61.761441,0.000791,20.373817,20.373817,0.0,0.0,0.0,0.000672,41.387806,41.387806,0.0,0.0,0.0
4387,03-Oct-06,24:00:00,61.798215,0.000388,20.385892,20.385892,0.0,0.0,0.0,0.000595,41.412502,41.412502,0.0,0.0,0.0
4388,04-Oct-06,24:00:00,61.834404,0.000475,20.397775,20.397775,0.0,0.0,0.0,0.000457,41.436806,41.436806,0.0,0.0,0.0
4389,05-Oct-06,24:00:00,61.87001,0.000462,20.409466,20.409466,0.0,0.0,0.0,0.001138,41.460717,41.460717,0.0,0.0,0.0
4390,06-Oct-06,24:00:00,61.90503,0.001267,20.420965,20.420965,0.0,0.0,0.0,0.001279,41.484236,41.484236,0.0,0.0,0.0
4391,07-Oct-06,24:00:00,61.939465,0.001468,20.432272,20.432272,0.0,0.0,0.0,0.001226,41.507361,41.507361,0.0,0.0,0.0
4392,08-Oct-06,24:00:00,61.973313,0.001442,20.443386,20.443386,0.0,0.0,0.0,0.001454,41.530092,41.530092,0.0,0.0,0.0
4393,09-Oct-06,24:00:00,62.006573,0.001093,20.454307,20.454307,0.0,0.0,0.0,0.001131,41.552428,41.552428,0.0,0.0,0.0
4394,10-Oct-06,24:00:00,62.039244,0.00131,20.465034,20.465034,0.0,0.0,0.0,0.000926,41.57437,41.57437,0.0,0.0,0.0
4395,11-Oct-06,24:00:00,62.071328,0.001277,20.475568,20.475568,0.0,0.0,0.0,0.001648,41.595916,41.595916,0.0,0.0,0.0
4396,12-Oct-06,24:00:00,62.102821,0.000496,20.485908,20.485908,0.0,0.0,0.0,0.001147,41.617066,41.617066,0.0,0.0,0.0
4397,13-Oct-06,24:00:00,62.133725,0.000771,20.496055,20.496055,0.0,0.0,0.0,0.000972,41.63782,41.63782,0.0,0.0,0.0
4398,14-Oct-06,24:00:00,62.164038,0.000545,20.506007,20.506007,0.0,0.0,0.0,0.000974,41.658178,41.658178,0.0,0.0,0.0
4399,15-Oct-06,24:00:00,62.19376,0.001429,20.515766,20.515766,0.0,0.0,0.0,0.001254,41.678139,41.678139,0.0,0.0,0.0
4400,16-Oct-06,24:00:00,62.222891,0.001291,20.52533,20.52533,0.0,0.0,0.0,0.001054,41.697703,41.697703,0.0,0.0,0.0
4401,17-Oct-06,24:00:00,62.25143,0.001319,20.534699,20.534699,0.0,0.0,0.0,0.001053,41.71687,41.71687,0.0,0.0,0.0
4402,18-Oct-06,24:00:00,62.279377,0.001186,20.543874,20.543874,0.0,0.0,0.0,0.001048,41.735639,41.735639,0.0,0.0,0.0
4403,19-Oct-06,24:00:00,62.306731,0.001358,20.552854,20.552854,0.0,0.0,0.0,0.001096,41.75401,41.75401,0.0,0.0,0.0
4404,20-Oct-06,24:00:00,62.333493,0.001314,20.561639,20.561639,0.0,0.0,0.0,0.000967,41.771984,41.771984,0.0,0.0,0.0
4405,21-Oct-06,24:00:00,62.359662,0.001147,20.57023,20.57023,0.0,0.0,0.0,0.001153,41.789559,41.789559,0.0,0.0,0.0
4406,22-Oct-06,24:00:00,62.385238,0.001241,20.578626,20.578626,0.0,0.0,0.0,0.001065,41.806737,41.806737,0.0,0.0,0.0
4407,23-Oct-06,24:00:00,62.410221,0.00087,20.586826,20.586826,0.0,0.0,0.0,0.000962,41.823516,41.823516,0.0,0.0,0.0
4408,24-Oct-06,24:00:00,62.434611,0.001966,20.594832,20.594832,0.0,0.0,0.0,0.000561,41.839897,41.839897,0.0,0.0,0.0
4409,25-Oct-06,24:00:00,62.458407,0.001209,20.602642,20.602642,0.0,0.0,0.0,0.000844,41.85588,41.85588,0.0,0.0,0.0
4410,26-Oct-06,24:00:00,62.48161,0.001037,20.610258,20.610258,0.0,0.0,0.0,0.000851,41.871465,41.871465,0.0,0.0,0.0
4411,27-Oct-06,24:00:00,62.50422,0.001086,20.617679,20.617679,0.0,0.0,0.0,0.000868,41.886651,41.886651,0.0,0.0,0.0
4412,28-Oct-06,24:00:00,62.526237,0.000657,20.624904,20.624904,0.0,0.0,0.0,0.000857,41.90144,41.90144,0.0,0.0,0.0
4413,29-Oct-06,24:00:00,62.547661,0.000591,20.631935,20.631935,0.0,0.0,0.0,0.000654,41.91583,41.91583,0.0,0.0,0.0
4414,30-Oct-06,24:00:00,62.568491,0.000652,20.63877,20.63877,0.0,0.0,0.0,0.000509,41.929822,41.929822,0.0,0.0,0.0
4415,31-Oct-06,24:00:00,62.58873,0.000478,20.645411,20.645411,0.0,0.0,0.0,0.000396,41.943417,41.943417,0.0,0.0,0.0
4416,01-Nov-06,24:00:00,96.605748,0.000225,34.067421,20.651857,0.016481,0.0,0.029869,0.000397,62.711772,41.956613,0.015403,0.0,0.027862
4417,02-Nov-06,24:00:00,68.173332,0.000405,20.711893,20.658108,0.0,0.0,0.056506,0.00047,47.288556,41.969412,0.0,0.0,0.052811
4418,03-Nov-06,24:00:00,62.646352,0.000626,20.664164,20.664164,0.0,0.0,0.056506,0.000601,41.981814,41.981814,0.0,0.0,0.052811
4419,04-Nov-06,24:00:00,62.663759,0.000645,20.670026,20.670026,0.0,0.0,0.056506,0.000451,41.993819,41.993819,0.0,0.0,0.052811
4420,05-Nov-06,24:00:00,62.681037,0.000919,20.675694,20.675694,0.0,0.0,0.056506,0.000981,42.005427,42.005427,0.0,0.0,0.052811
4421,06-Nov-06,24:00:00,62.697724,0.000832,20.681167,20.681167,0.0,0.0,0.056506,0.000479,42.016638,42.016638,0.0,0.0,0.052811
4422,07-Nov-06,24:00:00,62.713821,0.001187,20.686445,20.686445,0.0,0.0,0.055873,0.000945,42.027453,42.027453,0.0,0.0,0.052811
4423,08-Nov-06,24:00:00,62.729328,0.00076,20.69153,20.69153,0.0,0.0,0.053411,0.000734,42.037872,42.037872,0.0,0.0,0.051774
4424,09-Nov-06,24:00:00,62.744245,0.000724,20.696421,20.696421,0.0,0.0,0.050903,0.000555,42.047896,42.047896,0.0,0.0,0.049668
4425,10-Nov-06,24:00:00,85.654666,0.000705,28.757664,20.701118,0.009858,0.0,0.076746,0.000758,56.93879,42.057524,0.009518,0.0,0.074159
4426,11-Nov-06,24:00:00,64.073421,0.00043,20.705622,20.705622,0.0,0.0,0.083394,0.000556,43.331321,42.066757,0.001662,0.0,0.081593
4427,12-Nov-06,24:00:00,141.595392,0.000151,51.42755,20.709932,0.042228,0.0,0.16165,0.000226,90.73249,42.075595,0.040992,0.0,0.163013
4428,13-Nov-06,24:00:00,93.290318,0.000741,24.507603,20.714049,0.0,0.0,0.228175,0.000719,68.231315,42.08404,0.001783,0.0,0.232778
4429,14-Nov-06,24:00:00,63.214193,0.000708,20.717973,20.717973,0.0,0.0,0.228175,0.00053,42.477854,42.09209,0.0,0.0,0.233673
4430,15-Nov-06,24:00:00,76.116457,0.000219,25.177618,20.721704,0.005452,0.0,0.240733,0.000225,50.989951,42.099748,0.006168,0.0,0.24694
4431,16-Nov-06,24:00:00,64.43277,0.000471,20.725243,20.725243,0.0,0.0,0.246869,0.000346,43.656746,42.107013,0.0,0.0,0.254821
4432,17-Nov-06,24:00:00,62.843939,0.000568,20.72859,20.72859,0.0,0.0,0.246869,0.00044,42.115138,42.113885,0.0,0.0,0.254821
4433,18-Nov-06,24:00:00,62.852063,0.000542,20.731744,20.731744,0.0,0.0,0.246869,0.000377,42.120366,42.120366,0.0,0.0,0.254821
4434,19-Nov-06,24:00:00,62.861118,0.000334,20.734706,20.734706,0.0,0.0,0.246869,0.000249,42.126455,42.126455,0.0,0.0,0.254821
4435,20-Nov-06,24:00:00,62.869591,0.000576,20.737477,20.737477,0.0,0.0,0.246869,0.000475,42.132154,42.132154,0.0,0.0,0.254821
4436,21-Nov-06,24:00:00,64.068936,0.00029,21.385923,20.740057,0.001135,0.0,0.247546,0.000366,42.730429,42.137462,0.001908,0.0,0.255947
4437,22-Nov-06,24:00:00,65.813698,0.000812,21.023862,20.742446,0.0,0.0,0.250759,0.000643,44.744092,42.142382,0.0,0.0,0.261361
4438,23-Nov-06,24:00:00,62.927575,0.00056,20.744644,20.744644,0.0,0.0,0.250759,0.000555,42.181354,42.146912,0.0,0.0,0.261361
4439,24-Nov-06,24:00:00,62.897676,0.000519,20.746651,20.746651,0.0,0.0,0.250759,0.000439,42.151054,42.151054,0.0,0.0,0.261361
4440,25-Nov-06,24:00:00,125.17164,0.000163,48.312889,20.748469,0.034261,0.0,0.303477,0.000139,77.345181,42.154808,0.032005,0.0,0.306607
4441,26-Nov-06,24:00:00,82.695001,0.000374,21.186092,20.750096,0.0,0.0,0.368226,0.000344,61.033011,42.158175,0.0,0.0,0.371091
4442,27-Nov-06,24:00:00,63.035274,0.000491,20.751535,20.751535,0.0,0.0,0.368226,0.000329,42.273516,42.161156,0.0,0.0,0.371091
4443,28-Nov-06,24:00:00,62.916517,0.000546,20.752784,20.752784,0.0,0.0,0.368226,0.000422,42.163751,42.163751,0.0,0.0,0.371091
4444,29-Nov-06,24:00:00,62.919791,0.000572,20.753844,20.753844,0.0,0.0,0.368226,0.000469,42.165962,42.165962,0.0,0.0,0.371091
4445,30-Nov-06,24:00:00,62.922492,0.000502,20.754716,20.754716,0.0,0.0,0.368226,0.0005,42.167788,42.167788,0.0,0.0,0.371091
4446,01-Dec-06,24:00:00,62.924621,0.000545,20.7554,20.7554,0.0,0.0,0.368226,0.000483,42.16923,42.16923,0.0,0.0,0.371091
4447,02-Dec-06,24:00:00,62.92618,0.000532,20.755896,20.755896,0.0,0.0,0.368226,0.000555,42.17029,42.17029,0.0,0.0,0.371091
4448,03-Dec-06,24:00:00,62.927169,0.000482,20.756204,20.756204,0.0,0.0,0.368226,0.0005,42.170968,42.170968,0.0,0.0,0.371091
4449,04-Dec-06,24:00:00,62.92759,0.000543,20.756326,20.756326,0.0,0.0,0.367526,0.000584,42.171265,42.171265,0.0,0.0,0.371068
4450,05-Dec-06,24:00:00,62.927445,0.000481,20.756261,20.756261,0.0,0.0,0.365862,0.000517,42.171182,42.171182,0.0,0.0,0.370154
4451,06-Dec-06,24:00:00,62.926733,0.000465,20.75601,20.75601,0.0,0.0,0.364242,0.000452,42.170719,42.170719,0.0,0.0,0.368494
4452,07-Dec-06,24:00:00,79.670751,0.000434,33.465387,20.755573,0.040372,0.0,0.377778,0.000561,46.612938,42.169877,0.030314,0.0,0.378271
4453,08-Dec-06,24:00:00,228.743449,0.000258,86.593909,20.754951,0.063457,0.0,0.584103,0.000248,143.14296,42.168657,0.064091,0.0,0.553238
4454,09-Dec-06,24:00:00,162.093984,0.000349,40.69864,20.754144,0.016687,0.0,0.762636,0.000262,120.101283,42.16706,0.015538,0.0,0.729892
4455,10-Dec-06,24:00:00,101.627806,0.000194,45.648104,20.753152,0.056675,0.0,0.805041,0.000205,56.769657,42.165087,0.048585,0.0,0.766592
4456,11-Dec-06,24:00:00,182.249799,0.000214,62.850398,33.253643,0.01,0.001134,0.996586,0.000257,118.56095,42.162739,0.004312,0.0,0.923817
4457,12-Dec-06,24:00:00,108.938325,0.000221,57.093421,54.720975,0.002903,0.002903,1.0,0.000197,51.856601,42.160017,0.006177,0.0,0.936945
4458,13-Dec-06,24:00:00,71.561404,0.000234,27.212237,26.884627,0.002748,0.002748,1.0,0.000255,44.29493,42.156921,0.002541,0.0,0.945914
4459,14-Dec-06,24:00:00,142.895334,0.000684,93.720069,89.47456,0.002847,0.002847,1.0,0.000636,49.168411,42.153452,0.001744,0.0,0.960086
4460,15-Dec-06,24:00:00,72.477594,0.000354,30.160114,30.160114,0.0,0.0,1.0,0.000412,42.311151,42.149612,0.0,0.0,0.960086
4461,16-Dec-06,24:00:00,71.129199,0.000454,28.983766,28.983766,0.0,0.0,1.0,0.000402,42.145401,42.145401,0.0,0.0,0.960086
4462,17-Dec-06,24:00:00,70.190535,0.000444,28.049679,28.049679,0.0,0.0,1.0,0.00039,42.140821,42.140821,0.0,0.0,0.960086
4463,18-Dec-06,24:00:00,69.356714,0.00049,27.220805,27.220805,0.0,0.0,1.0,0.000397,42.135871,42.135871,0.0,0.0,0.960086
4464,19-Dec-06,24:00:00,68.615804,0.000351,26.485209,26.485209,0.0,0.0,1.0,0.000328,42.130554,42.130554,0.0,0.0,0.960086
4465,20-Dec-06,24:00:00,861.925306,8.2e-05,503.426103,404.028706,0.048214,0.048214,1.0,0.000128,366.3172,301.28734,0.052147,0.040505,0.987112
4466,21-Dec-06,24:00:00,1004.824997,0.000357,239.777894,235.294354,0.0,0.0,1.0,0.000335,759.457814,736.314462,0.0,0.0,1.0
4467,22-Dec-06,24:00:00,270.85293,0.000382,73.548306,73.548306,0.0,0.0,1.0,0.000272,195.725136,195.624745,0.0,0.0,1.0
4468,23-Dec-06,24:00:00,188.031347,0.00031,67.499671,67.499671,0.0,0.0,1.0,0.000318,120.383194,120.383194,0.0,0.0,1.0
4469,24-Dec-06,24:00:00,171.008474,0.000358,62.20691,62.20691,0.0,0.0,1.0,0.000555,108.740141,108.740141,0.0,0.0,1.0
4470,25-Dec-06,24:00:00,5186.459923,0.000156,2566.595362,402.595318,0.057671,0.057671,1.0,0.000374,2652.477141,341.229442,0.057207,0.057207,1.0
4471,26-Dec-06,24:00:00,3806.070833,0.001041,792.548464,694.272583,0.0249,0.0249,1.0,0.000824,2986.973333,1571.04125,0.024632,0.024632,1.0
4472,27-Dec-06,24:00:00,710.973423,0.000635,137.423074,137.423074,0.0,0.0,1.0,0.000416,566.910062,558.286229,0.0,0.0,1.0
4473,28-Dec-06,24:00:00,379.178351,0.000463,122.339923,122.339923,0.0,0.0,1.0,0.000408,256.241338,256.241338,0.0,0.0,1.0
4474,29-Dec-06,24:00:00,328.559885,0.00039,110.842911,110.842911,0.0,0.0,1.0,0.000372,217.544492,217.544492,0.0,0.0,1.0
4475,30-Dec-06,24:00:00,297.923585,0.000425,100.645732,100.645732,0.0,0.0,1.0,0.00033,197.14005,197.14005,0.0,0.0,1.0
4476,31-Dec-06,24:00:00,271.299324,0.000631,91.601088,91.601088,0.0,0.0,1.0,0.000427,179.576761,179.576761,0.0,0.0,1.0
4477,01-Jan-07,24:00:00,247.701239,0.0005,83.57864,83.57864,0.0,0.0,1.0,0.000475,164.015067,164.015067,0.0,0.0,1.0
4478,02-Jan-07,24:00:00,245.892908,0.000165,83.784037,82.417246,0.002788,0.002783,0.999997,0.000167,162.761103,160.159424,0.00601,0.00601,1.0
4479,03-Jan-07,24:00:00,364.478537,0.000619,98.283119,97.371306,0.0,0.0,1.0,0.000408,265.855353,258.378135,0.0,0.0,1.0
4480,04-Jan-07,24:00:00,225.912387,0.000898,67.472006,67.472006,0.0,0.0,1.0,0.000513,157.987605,157.893106,0.0,0.0,1.0
4481,05-Jan-07,24:00:00,192.088668,0.000698,62.156188,62.156188,0.0,0.0,1.0,0.000356,129.833005,129.833005,0.0,0.0,1.0
4482,06-Jan-07,24:00:00,176.627418,0.000584,57.460329,57.460329,0.0,0.0,1.0,0.00053,119.098514,119.098514,0.0,0.0,1.0
4483,07-Jan-07,24:00:00,163.6945,0.00053,53.294837,53.294837,0.0,0.0,1.0,0.00048,110.33964,110.33964,0.0,0.0,1.0
4484,08-Jan-07,24:00:00,152.250691,0.000461,49.599724,49.599724,0.0,0.0,1.0,0.000461,102.597769,102.597769,0.0,0.0,1.0
4485,09-Jan-07,24:00:00,142.099764,0.000564,46.321789,46.321789,0.0,0.0,0.999843,0.000508,95.730798,95.730798,0.0,0.0,1.0
4486,10-Jan-07,24:00:00,133.094629,0.000814,43.413844,43.413844,0.0,0.0,0.998022,0.000424,89.63894,89.63894,0.0,0.0,1.0
4487,11-Jan-07,24:00:00,125.105656,0.000841,40.834038,40.834038,0.0,0.0,0.995207,0.000584,84.234496,84.234496,0.0,0.0,0.999895
4488,12-Jan-07,24:00:00,118.017898,0.000573,38.545254,38.545254,0.0,0.0,0.992724,0.000389,79.439709,79.439709,0.0,0.0,0.999034
4489,13-Jan-07,24:00:00,111.729407,0.000636,36.51457,36.51457,0.0,0.0,0.990777,0.000418,75.185612,75.185612,0.0,0.0,0.997658
4490,14-Jan-07,24:00:00,106.149763,0.000542,34.712789,34.712789,0.0,0.0,0.988688,0.00044,71.411038,71.411038,0.0,0.0,0.99619
4491,15-Jan-07,24:00:00,101.19877,0.000471,33.114014,33.114014,0.0,0.0,0.986915,0.000458,68.061738,68.061738,0.0,0.0,0.994662
4492,16-Jan-07,24:00:00,96.805302,0.00073,31.695276,31.695276,0.0,0.0,0.984946,0.000497,65.089595,65.089595,0.0,0.0,0.993015
4493,17-Jan-07,24:00:00,92.906276,0.000571,30.436206,30.436206,0.0,0.0,0.98267,0.000532,62.451934,62.451934,0.0,0.0,0.991265
4494,18-Jan-07,24:00:00,89.445742,0.000463,29.318734,29.318734,0.0,0.0,0.980858,0.000651,60.110907,60.110907,0.0,0.0,0.989291
4495,19-Jan-07,24:00:00,86.374077,0.000893,28.326837,28.326837,0.0,0.0,0.978723,0.000727,58.032944,58.032944,0.0,0.0,0.986944
4496,20-Jan-07,24:00:00,83.647269,0.001005,27.446303,27.446303,0.0,0.0,0.975383,0.000553,56.188271,56.188271,0.0,0.0,0.984671
4497,21-Jan-07,24:00:00,81.226283,0.00071,26.664525,26.664525,0.0,0.0,0.972409,0.000551,54.550482,54.550482,0.0,0.0,0.982779
4498,22-Jan-07,24:00:00,79.076498,0.00064,25.970325,25.970325,0.0,0.0,0.970067,0.000568,53.096158,53.096158,0.0,0.0,0.980865
4499,23-Jan-07,24:00:00,77.167208,0.000659,25.353787,25.353787,0.0,0.0,0.967856,0.000621,51.804524,51.804524,0.0,0.0,0.97886
4500,24-Jan-07,24:00:00,75.47118,0.000496,24.806115,24.806115,0.0,0.0,0.965863,0.000547,50.657159,50.657159,0.0,0.0,0.976822
4501,25-Jan-07,24:00:00,73.964259,0.000204,24.319511,24.319511,0.0,0.0,0.964593,0.000336,49.637721,49.637721,0.0,0.0,0.975282
4502,26-Jan-07,24:00:00,72.625022,0.000367,23.887055,23.887055,0.0,0.0,0.963619,0.000492,48.73172,48.73172,0.0,0.0,0.973865
4503,27-Jan-07,24:00:00,71.434469,0.000411,23.502613,23.502613,0.0,0.0,0.962302,0.000617,47.926301,47.926301,0.0,0.0,0.972024
4504,28-Jan-07,24:00:00,70.375748,0.000809,23.160742,23.160742,0.0,0.0,0.960258,0.000696,47.210064,47.210064,0.0,0.0,0.969763
4505,29-Jan-07,24:00:00,69.433912,0.00063,22.856616,22.856616,0.0,0.0,0.95777,0.000694,46.572899,46.572899,0.0,0.0,0.967389
4506,30-Jan-07,24:00:00,68.595705,0.000543,22.585954,22.585954,0.0,0.0,0.955799,0.000445,46.005836,46.005836,0.0,0.0,0.965431
4507,31-Jan-07,24:00:00,67.849371,0.000384,22.344959,22.344959,0.0,0.0,0.95419,0.000415,45.500924,45.500924,0.0,0.0,0.963947
4508,01-Feb-07,24:00:00,67.184481,0.000671,22.130264,22.130264,0.0,0.0,0.952378,0.000472,45.051108,45.051108,0.0,0.0,0.962451
4509,02-Feb-07,24:00:00,66.591786,0.000615,21.938883,21.938883,0.0,0.0,0.950187,0.000598,44.650131,44.650131,0.0,0.0,0.960591
4510,03-Feb-07,24:00:00,66.063085,0.000579,21.768166,21.768166,0.0,0.0,0.948112,0.000689,44.292445,44.292445,0.0,0.0,0.958371
4511,04-Feb-07,24:00:00,65.591101,0.000765,21.615764,21.615764,0.0,0.0,0.945828,0.00087,43.973127,43.973127,0.0,0.0,0.95584
4512,05-Feb-07,24:00:00,65.169382,0.000522,21.479593,21.479593,0.0,0.0,0.943613,0.000668,43.687813,43.687813,0.0,0.0,0.953096
4513,06-Feb-07,24:00:00,479.225951,0.000187,273.834895,139.019013,0.045797,0.029066,0.969702,0.000259,213.766496,114.334919,0.045349,0.031297,0.975317
4514,07-Feb-07,24:00:00,2493.390879,0.000226,1105.553873,453.99978,0.04337,0.04337,1.0,0.000307,1401.965205,775.164991,0.043188,0.043188,1.0
4515,08-Feb-07,24:00:00,5663.62,0.000173,1716.315339,944.650492,0.058335,0.058335,1.0,0.00033,3937.209167,1714.722083,0.055062,0.055062,1.0
4516,09-Feb-07,24:00:00,2556.005833,0.000223,832.475204,785.262046,0.057331,0.057331,1.0,0.00034,1722.8,1593.009167,0.058514,0.058514,1.0
4517,10-Feb-07,24:00:00,1528.639326,0.000829,315.606173,313.03849,0.0,0.0,1.0,0.000626,1205.078565,1179.797087,0.0,0.0,1.0
4518,11-Feb-07,24:00:00,913.005141,0.000171,343.807797,328.513403,0.019494,0.019494,1.0,0.000238,570.918739,549.932612,0.019935,0.019935,1.0
4519,12-Feb-07,24:00:00,990.187108,0.000708,259.280746,258.643729,0.0,0.0,1.0,0.00065,727.968735,715.09502,0.0,0.0,1.0
4520,13-Feb-07,24:00:00,560.933558,0.000927,169.29324,169.29324,0.0,0.0,1.0,0.00083,390.466656,390.395835,0.0,0.0,1.0
4521,14-Feb-07,24:00:00,469.920856,0.001078,152.421459,152.421459,0.0,0.0,1.0,0.000968,317.202794,317.202794,0.0,0.0,1.0
4522,15-Feb-07,24:00:00,422.053177,0.001146,137.484068,137.484068,0.0,0.0,1.0,0.000893,284.349647,284.349647,0.0,0.0,1.0
4523,16-Feb-07,24:00:00,381.229287,0.00123,124.234849,124.234849,0.0,0.0,0.998656,0.001038,256.802131,256.802131,0.0,0.0,0.999759
4524,17-Feb-07,24:00:00,345.076839,0.001182,112.482899,112.482899,0.0,0.0,0.995156,0.000959,232.423992,232.423992,0.0,0.0,0.997765
4525,18-Feb-07,24:00:00,313.011418,0.001227,102.058904,102.058904,0.0,0.0,0.990796,0.000963,210.802213,210.802213,0.0,0.0,0.99448
4526,19-Feb-07,24:00:00,284.569143,0.000564,92.812699,92.812699,0.0,0.0,0.987698,0.000434,191.623461,191.623461,0.0,0.0,0.992045
4527,20-Feb-07,24:00:00,445.76541,0.000345,203.279184,182.203763,0.034466,0.030547,0.992508,0.000322,246.089197,228.649506,0.03401,0.031415,0.995184
4528,21-Feb-07,24:00:00,5238.814167,0.000768,1844.863394,886.127874,0.048134,0.048134,1.0,0.000632,3401.263693,1504.962041,0.048995,0.048995,1.0
4529,22-Feb-07,24:00:00,1086.649012,0.000761,168.206868,168.206868,0.0,0.0,1.0,0.00052,908.29969,834.146462,0.0,0.0,1.0
4530,23-Feb-07,24:00:00,976.675775,0.000282,489.919241,259.507493,0.03341,0.03341,1.0,0.000318,496.658137,390.748066,0.033248,0.033248,1.0
4531,24-Feb-07,24:00:00,2986.442917,0.000686,922.331757,733.123453,0.031743,0.031743,1.0,0.00062,2060.647917,1334.507272,0.032342,0.032342,1.0
4532,25-Feb-07,24:00:00,1953.534167,0.000293,658.091988,623.227702,0.042878,0.042878,1.0,0.000316,1296.427083,1221.945833,0.043966,0.043966,1.0
4533,26-Feb-07,24:00:00,1482.148333,0.000265,367.750541,360.626137,0.007571,0.007571,1.0,0.000288,1109.50389,1081.404981,0.007734,0.007734,1.0
4534,27-Feb-07,24:00:00,818.686373,0.000764,221.675941,221.069151,0.000589,0.000589,1.0,0.000551,594.109109,590.082049,0.0,0.0,1.0
4535,28-Feb-07,24:00:00,573.063329,0.000483,181.349857,181.343975,0.0,0.0,1.0,0.000345,391.064289,391.050111,0.0,0.0,1.0
4536,01-Mar-07,24:00:00,501.552639,0.00113,162.220432,162.220432,0.0,0.0,1.0,0.000986,339.046664,339.046664,0.0,0.0,1.0
4537,02-Mar-07,24:00:00,451.188901,0.001153,146.161213,146.161213,0.0,0.0,1.0,0.001177,304.790229,304.790229,0.0,0.0,1.0
4538,03-Mar-07,24:00:00,407.069171,0.001219,131.917433,131.917433,0.0,0.0,0.999842,0.001187,274.942535,274.942535,0.0,0.0,0.999912
4539,04-Mar-07,24:00:00,367.95496,0.001107,119.283535,119.283535,0.0,0.0,0.997783,0.00095,248.486572,248.486572,0.0,0.0,0.998223
4540,05-Mar-07,24:00:00,333.262023,0.001237,108.077481,108.077481,0.0,0.0,0.993682,0.00129,225.021113,225.021113,0.0,0.0,0.994401
4541,06-Mar-07,24:00:00,302.489854,0.000459,98.137815,98.137815,0.0,0.0,0.9907,0.000535,204.207484,204.207484,0.0,0.0,0.991157
4542,07-Mar-07,24:00:00,275.195069,0.001156,89.32134,89.32134,0.0,0.0,0.987963,0.001064,185.745815,185.745815,0.0,0.0,0.988478
4543,08-Mar-07,24:00:00,250.98444,0.000671,81.501052,81.501052,0.0,0.0,0.984785,0.000521,169.370156,169.370156,0.0,0.0,0.985752
4544,09-Mar-07,24:00:00,229.509209,0.001156,74.564304,74.564304,0.0,0.0,0.981727,0.001372,154.844633,154.844633,0.0,0.0,0.982618
4545,10-Mar-07,24:00:00,210.460057,0.001451,68.411193,68.411193,0.0,0.0,0.977324,0.001609,141.960043,141.960043,0.0,0.0,0.977573
4546,11-Mar-07,24:00:00,193.562647,0.001493,62.953108,62.953108,0.0,0.0,0.972246,0.001596,130.530837,130.530837,0.0,0.0,0.972027
4547,12-Mar-07,24:00:00,178.573664,0.001265,58.111459,58.111459,0.0,0.0,0.967479,0.001519,120.392451,120.392451,0.0,0.0,0.96664
4548,13-Mar-07,24:00:00,165.277308,0.001315,53.816545,53.816545,0.0,0.0,0.963115,0.001561,111.398927,111.398927,0.0,0.0,0.961443
4549,14-Mar-07,24:00:00,153.482184,0.001552,50.006544,50.006544,0.0,0.0,0.958239,0.001355,103.420811,103.420811,0.0,0.0,0.956304
4550,15-Mar-07,24:00:00,143.018539,0.001657,46.626624,46.626624,0.0,0.0,0.952774,0.001613,96.343289,96.343289,0.0,0.0,0.951335
4551,16-Mar-07,24:00:00,133.735815,0.001185,43.628156,43.628156,0.0,0.0,0.947825,0.001711,90.064528,90.064528,0.0,0.0,0.945697
4552,17-Mar-07,24:00:00,125.500481,0.001202,40.968008,40.968008,0.0,0.0,0.943754,0.00154,84.494211,84.494211,0.0,0.0,0.940043
4553,18-Mar-07,24:00:00,118.194104,0.000913,38.607925,38.607925,0.0,0.0,0.940064,0.00117,79.552233,79.552233,0.0,0.0,0.935315
4554,19-Mar-07,24:00:00,111.711645,0.001234,36.513977,36.513977,0.0,0.0,0.936625,0.00123,75.167546,75.167546,0.0,0.0,0.93135
4555,20-Mar-07,24:00:00,105.959941,0.001892,34.656073,34.656073,0.0,0.0,0.931109,0.001446,71.277136,71.277136,0.0,0.0,0.926652
4556,21-Mar-07,24:00:00,100.856363,0.001647,33.007522,33.007522,0.0,0.0,0.925111,0.001416,67.825116,67.825116,0.0,0.0,0.921764
4557,22-Mar-07,24:00:00,96.327626,0.001603,31.544653,31.544653,0.0,0.0,0.919465,0.001595,64.761916,64.761916,0.0,0.0,0.916591
4558,23-Mar-07,24:00:00,92.308732,0.001186,30.246469,30.246469,0.0,0.0,0.914526,0.001744,62.043571,62.043571,0.0,0.0,0.910941
4559,24-Mar-07,24:00:00,88.742031,0.001205,29.094349,29.094349,0.0,0.0,0.910459,0.00093,59.631088,59.631088,0.0,0.0,0.90615
4560,25-Mar-07,24:00:00,111.586381,0.000485,38.032944,28.071777,0.012266,0.0,0.929781,0.000681,73.684663,57.489884,0.012219,0.0,0.926008
4561,26-Mar-07,24:00:00,87.463383,0.001283,27.227321,27.164105,0.0,0.0,0.950364,0.001075,60.077675,55.589283,0.0,0.0,0.946367
4562,27-Mar-07,24:00:00,80.274354,0.001774,26.35834,26.35834,0.0,0.0,0.950364,0.001454,53.90374,53.902079,0.0,0.0,0.946367
4563,28-Mar-07,24:00:00,78.057418,0.001682,25.642959,25.642959,0.0,0.0,0.949338,0.001602,52.404144,52.404144,0.0,0.0,0.946182
4564,29-Mar-07,24:00:00,76.090978,0.001485,25.007741,25.007741,0.0,0.0,0.945217,0.00182,51.074075,51.074075,0.0,0.0,0.942894
4565,30-Mar-07,24:00:00,74.34465,0.001595,24.443621,24.443621,0.0,0.0,0.939847,0.001804,49.89289,49.89289,0.0,0.0,0.936601
4566,31-Mar-07,24:00:00,72.793545,0.001272,23.942559,23.942559,0.0,0.0,0.935002,0.001714,48.843754,48.843754,0.0,0.0,0.930569
4567,01-Apr-07,24:00:00,71.415584,0.001723,23.497424,23.497424,0.0,0.0,0.929877,0.001729,47.911734,47.911734,0.0,0.0,0.924657
4568,02-Apr-07,24:00:00,70.191188,0.001709,23.101891,23.101891,0.0,0.0,0.923997,0.001772,47.083584,47.083584,0.0,0.0,0.918664
4569,03-Apr-07,24:00:00,69.102989,0.001258,22.750351,22.750351,0.0,0.0,0.91887,0.001602,46.34756,46.34756,0.0,0.0,0.91276
4570,04-Apr-07,24:00:00,68.135583,0.001581,22.437826,22.437826,0.0,0.0,0.913929,0.001985,45.693241,45.693241,0.0,0.0,0.906788
4571,05-Apr-07,24:00:00,67.275308,0.001275,22.159905,22.159905,0.0,0.0,0.909132,0.001978,45.111386,45.111386,0.0,0.0,0.899944
4572,06-Apr-07,24:00:00,66.510045,0.000959,21.912672,21.912672,0.0,0.0,0.905292,0.00116,44.593799,44.593799,0.0,0.0,0.894592
4573,07-Apr-07,24:00:00,65.829047,0.001775,21.692657,21.692657,0.0,0.0,0.900677,0.001755,44.133209,44.133209,0.0,0.0,0.889587
4574,08-Apr-07,24:00:00,65.222779,0.001967,21.496778,21.496778,0.0,0.0,0.894418,0.001661,43.723168,43.723168,0.0,0.0,0.883621
4575,09-Apr-07,24:00:00,64.682786,0.002013,21.322306,21.322306,0.0,0.0,0.887223,0.001716,43.357956,43.357956,0.0,0.0,0.87789
4576,10-Apr-07,24:00:00,77.787332,0.001128,24.647813,21.166816,0.004262,0.0,0.892607,0.000919,53.187362,43.032501,0.006894,0.0,0.889897
4577,11-Apr-07,24:00:00,65.339857,0.001894,21.030134,21.028161,0.0,0.0,0.8983,0.001519,44.257576,42.742302,0.0,0.0,0.898359
4578,12-Apr-07,24:00:00,63.389594,0.001813,20.904434,20.904434,0.0,0.0,0.897916,0.001766,42.483368,42.483368,0.0,0.0,0.898359
4579,13-Apr-07,24:00:00,63.047705,0.001072,20.793944,20.793944,0.0,0.0,0.897067,0.001151,42.252159,42.252159,0.0,0.0,0.898359
4580,14-Apr-07,24:00:00,62.742159,0.002049,20.695193,20.695193,0.0,0.0,0.897067,0.001693,42.045535,42.045535,0.0,0.0,0.898359
4581,15-Apr-07,24:00:00,62.468839,0.002191,20.606848,20.606848,0.0,0.0,0.893812,0.002101,41.86071,41.86071,0.0,0.0,0.896343
4582,16-Apr-07,24:00:00,62.224091,0.001593,20.527731,20.527731,0.0,0.0,0.887188,0.001372,41.695213,41.695213,0.0,0.0,0.890851
4583,17-Apr-07,24:00:00,62.004676,0.001732,20.456795,20.456795,0.0,0.0,0.881537,0.00142,41.546852,41.546852,0.0,0.0,0.886068
4584,18-Apr-07,24:00:00,62.223574,0.00059,20.778614,20.393111,0.003057,0.0,0.877997,0.000737,41.449674,41.413684,0.001733,0.0,0.8826
4585,19-Apr-07,24:00:00,70.812491,0.00161,23.9226,20.335855,0.001803,0.0,0.892995,0.001577,46.888605,41.293983,0.001673,0.0,0.892681
4586,20-Apr-07,24:00:00,117.570268,0.000555,50.533423,26.275186,0.041293,0.010083,0.919923,0.000463,68.456082,45.400527,0.043225,0.011923,0.921729
4587,21-Apr-07,24:00:00,865.370128,0.001103,310.473735,290.026178,0.013409,0.013409,1.0,0.001259,556.127383,487.877206,0.011257,0.011257,1.0
4588,22-Apr-07,24:00:00,249.345044,0.001939,45.806247,45.806247,0.0,0.0,1.0,0.001878,201.401883,200.346178,0.0,0.0,1.0
4589,23-Apr-07,24:00:00,134.687329,0.001779,42.234283,42.234283,0.0,0.0,0.999214,0.001911,92.259983,92.259983,0.0,0.0,0.998959
4590,24-Apr-07,24:00:00,120.759514,0.001818,39.703262,39.703262,0.0,0.0,0.995113,0.001748,81.014452,81.014452,0.0,0.0,0.994265
4591,25-Apr-07,24:00:00,113.691797,0.002105,37.457762,37.457762,0.0,0.0,0.987995,0.001954,76.202364,76.202364,0.0,0.0,0.987851
4592,26-Apr-07,24:00:00,107.624532,0.002257,35.465401,35.465401,0.0,0.0,0.980694,0.002206,72.131203,72.131203,0.0,0.0,0.98077
4593,27-Apr-07,24:00:00,102.247329,0.002149,33.697549,33.697549,0.0,0.0,0.97311,0.002208,68.524999,68.524999,0.0,0.0,0.973177
4594,28-Apr-07,24:00:00,97.475947,0.001352,32.128816,32.128816,0.0,0.0,0.967107,0.002198,65.325135,65.325135,0.0,0.0,0.965673
4595,29-Apr-07,24:00:00,93.241695,0.002188,30.736682,30.736682,0.0,0.0,0.961162,0.002395,62.485488,62.485488,0.0,0.0,0.957974
4596,30-Apr-07,24:00:00,89.483821,0.001656,29.501173,29.501173,0.0,0.0,0.95433,0.001013,59.965314,59.965314,0.0,0.0,0.951619
4597,01-May-07,24:00:00,86.148442,0.001699,28.404575,28.404575,0.0,0.0,0.951383,0.001274,57.728478,57.728478,0.0,0.0,0.949938
4598,02-May-07,24:00:00,83.187772,0.001483,27.431174,27.431174,0.0,0.0,0.949009,0.001253,55.742932,55.742932,0.0,0.0,0.948884
4599,03-May-07,24:00:00,80.559425,0.00168,26.567036,26.567036,0.0,0.0,0.944061,0.00155,53.980254,53.980254,0.0,0.0,0.945054
4600,04-May-07,24:00:00,78.225812,0.00233,25.799801,25.799801,0.0,0.0,0.937091,0.00192,52.415232,52.415232,0.0,0.0,0.939084
4601,05-May-07,24:00:00,76.153589,0.00279,25.118507,25.118507,0.0,0.0,0.928422,0.002355,51.025508,51.025508,0.0,0.0,0.931847
4602,06-May-07,24:00:00,74.313186,0.002838,24.513431,24.513431,0.0,0.0,0.918445,0.002421,49.791249,49.791249,0.0,0.0,0.9236
4603,07-May-07,24:00:00,72.678375,0.002392,23.97595,23.97595,0.0,0.0,0.90966,0.002442,48.694867,48.694867,0.0,0.0,0.915332
4604,08-May-07,24:00:00,71.225893,0.001641,23.498415,23.498415,0.0,0.0,0.902783,0.002358,47.720761,47.720761,0.0,0.0,0.907066
4605,09-May-07,24:00:00,69.935107,0.001355,23.074042,23.074042,0.0,0.0,0.897593,0.001869,46.855094,46.855094,0.0,0.0,0.89997
4606,10-May-07,24:00:00,68.78772,0.001326,22.696815,22.696815,0.0,0.0,0.89303,0.002232,46.085595,46.085595,0.0,0.0,0.892816
4607,11-May-07,24:00:00,67.767499,0.001871,22.361398,22.361398,0.0,0.0,0.887523,0.001329,45.401379,45.401379,0.0,0.0,0.886676
4608,12-May-07,24:00:00,66.860049,0.00215,22.063056,22.063056,0.0,0.0,0.88063,0.002274,44.79279,44.79279,0.0,0.0,0.880566
4609,13-May-07,24:00:00,66.052602,0.002068,21.797594,21.797594,0.0,0.0,0.873324,0.002457,44.251268,44.251268,0.0,0.0,0.872508
4610,14-May-07,24:00:00,65.333834,0.001438,21.561286,21.561286,0.0,0.0,0.867437,0.002416,43.769217,43.769217,0.0,0.0,0.8641
4611,15-May-07,24:00:00,64.6937,0.002209,21.350831,21.350831,0.0,0.0,0.861366,0.002317,43.339902,43.339902,0.0,0.0,0.85602
4612,16-May-07,24:00:00,64.123291,0.002146,21.163299,21.163299,0.0,0.0,0.853662,0.002459,42.957347,42.957347,0.0,0.0,0.84786
4613,17-May-07,24:00:00,63.614705,0.001982,20.996092,20.996092,0.0,0.0,0.846661,0.002369,42.616253,42.616253,0.0,0.0,0.839563
4614,18-May-07,24:00:00,63.160935,0.002543,20.846907,20.846907,0.0,0.0,0.839058,0.002342,42.311922,42.311922,0.0,0.0,0.831545
4615,19-May-07,24:00:00,62.755763,0.002702,20.713699,20.713699,0.0,0.0,0.83011,0.002285,42.040182,42.040182,0.0,0.0,0.823354
4616,20-May-07,24:00:00,62.393675,0.002809,20.594655,20.594655,0.0,0.0,0.820652,0.002394,41.797338,41.797338,0.0,0.0,0.815564
4617,21-May-07,24:00:00,62.069782,0.002854,20.488167,20.488167,0.0,0.0,0.810829,0.002448,41.580109,41.580109,0.0,0.0,0.807155
4618,22-May-07,24:00:00,61.779746,0.003155,20.39281,20.39281,0.0,0.0,0.800159,0.002479,41.385587,41.385587,0.0,0.0,0.798704
4619,23-May-07,24:00:00,61.519719,0.002395,20.307318,20.307318,0.0,0.0,0.79091,0.002554,41.21119,41.21119,0.0,0.0,0.790105
4620,24-May-07,24:00:00,61.286288,0.001891,20.23057,20.23057,0.0,0.0,0.783563,0.002651,41.054631,41.054631,0.0,0.0,0.781263
4621,25-May-07,24:00:00,61.076426,0.001666,20.161569,20.161569,0.0,0.0,0.777506,0.002512,40.913878,40.913878,0.0,0.0,0.772298
4622,26-May-07,24:00:00,60.887448,0.001667,20.099434,20.099434,0.0,0.0,0.771848,0.002434,40.787133,40.787133,0.0,0.0,0.763849
4623,27-May-07,24:00:00,60.716973,0.002181,20.04338,20.04338,0.0,0.0,0.765109,0.002626,40.672796,40.672796,0.0,0.0,0.755246
4624,28-May-07,24:00:00,60.562888,0.001551,19.992714,19.992714,0.0,0.0,0.75876,0.002469,40.569453,40.569453,0.0,0.0,0.746505
4625,29-May-07,24:00:00,60.423318,0.001379,19.94682,19.94682,0.0,0.0,0.753745,0.001859,40.475845,40.475845,0.0,0.0,0.738943
4626,30-May-07,24:00:00,60.296602,0.001544,19.90515,19.90515,0.0,0.0,0.748764,0.001953,40.390858,40.390858,0.0,0.0,0.732623
4627,31-May-07,24:00:00,60.181265,0.001453,19.86722,19.86722,0.0,0.0,0.743642,0.00251,40.313503,40.313503,0.0,0.0,0.724891
4628,01-Jun-07,24:00:00,60.075999,0.001619,19.832601,19.832601,0.0,0.0,0.738407,0.002529,40.242904,40.242904,0.0,0.0,0.71629
4629,02-Jun-07,24:00:00,59.979643,0.001847,19.800909,19.800909,0.0,0.0,0.732398,0.002517,40.17828,40.17828,0.0,0.0,0.707542
4630,03-Jun-07,24:00:00,59.891169,0.001945,19.771808,19.771808,0.0,0.0,0.725815,0.001775,40.118944,40.118944,0.0,0.0,0.699957
4631,04-Jun-07,24:00:00,59.809662,0.00237,19.744997,19.744997,0.0,0.0,0.718617,0.002269,40.064281,40.064281,0.0,0.0,0.693067
4632,05-Jun-07,24:00:00,59.734314,0.002368,19.720208,19.720208,0.0,0.0,0.710385,0.001776,40.013749,40.013749,0.0,0.0,0.686229
4633,06-Jun-07,24:00:00,59.664404,0.002465,19.697207,19.697207,0.0,0.0,0.702017,0.002384,39.966865,39.966865,0.0,0.0,0.679222
4634,07-Jun-07,24:00:00,59.599296,0.002342,19.675784,19.675784,0.0,0.0,0.693877,0.002522,39.923203,39.923203,0.0,0.0,0.670871
4635,08-Jun-07,24:00:00,59.538424,0.002386,19.655752,19.655752,0.0,0.0,0.685765,0.002632,39.882382,39.882382,0.0,0.0,0.662007
4636,09-Jun-07,24:00:00,59.481285,0.002778,19.636946,19.636946,0.0,0.0,0.677219,0.002476,39.844066,39.844066,0.0,0.0,0.653328
4637,10-Jun-07,24:00:00,59.427434,0.002593,19.619221,19.619221,0.0,0.0,0.667712,0.002613,39.807956,39.807956,0.0,0.0,0.644592
4638,11-Jun-07,24:00:00,59.376477,0.002725,19.602445,19.602445,0.0,0.0,0.658659,0.002838,39.773788,39.773788,0.0,0.0,0.635328
4639,12-Jun-07,24:00:00,59.328062,0.003053,19.586505,19.586505,0.0,0.0,0.648782,0.002959,39.741325,39.741325,0.0,0.0,0.625359
4640,13-Jun-07,24:00:00,59.281878,0.003119,19.571296,19.571296,0.0,0.0,0.638002,0.002908,39.71036,39.71036,0.0,0.0,0.61529
4641,14-Jun-07,24:00:00,59.237649,0.003011,19.55673,19.55673,0.0,0.0,0.627422,0.002873,39.680706,39.680706,0.0,0.0,0.605316
4642,15-Jun-07,24:00:00,59.19513,0.00192,19.542724,19.542724,0.0,0.0,0.619219,0.00268,39.652201,39.652201,0.0,0.0,0.595797
4643,16-Jun-07,24:00:00,59.154103,0.002635,19.529208,19.529208,0.0,0.0,0.611401,0.00272,39.624697,39.624697,0.0,0.0,0.586483
4644,17-Jun-07,24:00:00,59.114375,0.002644,19.516118,19.516118,0.0,0.0,0.602286,0.002834,39.598065,39.598065,0.0,0.0,0.577006
4645,18-Jun-07,24:00:00,59.075775,0.00157,19.503398,19.503398,0.0,0.0,0.595033,0.002722,39.57219,39.57219,0.0,0.0,0.567534
4646,19-Jun-07,24:00:00,59.03815,0.001719,19.490997,19.490997,0.0,0.0,0.589462,0.002233,39.54697,39.54697,0.0,0.0,0.559099
4647,20-Jun-07,24:00:00,59.001366,0.002659,19.478872,19.478872,0.0,0.0,0.58212,0.002812,39.522315,39.522315,0.0,0.0,0.550435
4648,21-Jun-07,24:00:00,58.965302,0.002717,19.466982,19.466982,0.0,0.0,0.57282,0.00269,39.498144,39.498144,0.0,0.0,0.540937
4649,22-Jun-07,24:00:00,58.929852,0.003033,19.455294,19.455294,0.0,0.0,0.563228,0.002817,39.474386,39.474386,0.0,0.0,0.531652
4650,23-Jun-07,24:00:00,58.894921,0.00288,19.443774,19.443774,0.0,0.0,0.552974,0.002587,39.450976,39.450976,0.0,0.0,0.522167
4651,24-Jun-07,24:00:00,58.860425,0.002804,19.432397,19.432397,0.0,0.0,0.543067,0.002708,39.427859,39.427859,0.0,0.0,0.513154
4652,25-Jun-07,24:00:00,58.826289,0.002532,19.421138,19.421138,0.0,0.0,0.533818,0.002888,39.404985,39.404985,0.0,0.0,0.503643
4653,26-Jun-07,24:00:00,58.792448,0.002576,19.409974,19.409974,0.0,0.0,0.52515,0.00289,39.382308,39.382308,0.0,0.0,0.493751
4654,27-Jun-07,24:00:00,58.758841,0.002382,19.398886,19.398886,0.0,0.0,0.516518,0.002467,39.359791,39.359791,0.0,0.0,0.48438
4655,28-Jun-07,24:00:00,58.725417,0.002251,19.387857,19.387857,0.0,0.0,0.508637,0.002292,39.337396,39.337396,0.0,0.0,0.476262
4656,29-Jun-07,24:00:00,58.692129,0.002486,19.376872,19.376872,0.0,0.0,0.50053,0.002585,39.315094,39.315094,0.0,0.0,0.467957
4657,30-Jun-07,24:00:00,58.658936,0.002531,19.365918,19.365918,0.0,0.0,0.491963,0.002729,39.292856,39.292856,0.0,0.0,0.459003
4658,01-Jul-07,24:00:00,58.625801,0.002787,19.354981,19.354981,0.0,0.0,0.482944,0.002751,39.270657,39.270657,0.0,0.0,0.44954
4659,02-Jul-07,24:00:00,58.59269,0.002782,19.344051,19.344051,0.0,0.0,0.473367,0.002899,39.248476,39.248476,0.0,0.0,0.439791
4660,03-Jul-07,24:00:00,58.559575,0.002868,19.33312,19.33312,0.0,0.0,0.463678,0.002998,39.226293,39.226293,0.0,0.0,0.429698
4661,04-Jul-07,24:00:00,58.526431,0.002896,19.322177,19.322177,0.0,0.0,0.453808,0.003046,39.204091,39.204091,0.0,0.0,0.419329
4662,05-Jul-07,24:00:00,58.493233,0.002186,19.311216,19.311216,0.0,0.0,0.444846,0.002942,39.181854,39.181854,0.0,0.0,0.409109
4663,06-Jul-07,24:00:00,58.459961,0.002222,19.30023,19.30023,0.0,0.0,0.43749,0.00273,39.159568,39.159568,0.0,0.0,0.399295
4664,07-Jul-07,24:00:00,58.426597,0.002315,19.289212,19.289212,0.0,0.0,0.429594,0.002954,39.137221,39.137221,0.0,0.0,0.389665
4665,08-Jul-07,24:00:00,58.393124,0.001861,19.278158,19.278158,0.0,0.0,0.422458,0.002771,39.114802,39.114802,0.0,0.0,0.379854
4666,09-Jul-07,24:00:00,58.359528,0.001706,19.267063,19.267063,0.0,0.0,0.416328,0.002823,39.092301,39.092301,0.0,0.0,0.370286
4667,10-Jul-07,24:00:00,58.325797,0.001197,19.255922,19.255922,0.0,0.0,0.411346,0.002299,39.06971,39.06971,0.0,0.0,0.36123
4668,11-Jul-07,24:00:00,58.291917,0.002242,19.244731,19.244731,0.0,0.0,0.405461,0.002442,39.04702,39.04702,0.0,0.0,0.353169
4669,12-Jul-07,24:00:00,58.25788,0.002473,19.233488,19.233488,0.0,0.0,0.39739,0.002472,39.024225,39.024225,0.0,0.0,0.344715
4670,13-Jul-07,24:00:00,58.223676,0.002178,19.222188,19.222188,0.0,0.0,0.389546,0.002802,39.001319,39.001319,0.0,0.0,0.336004
4671,14-Jul-07,24:00:00,58.189296,0.002609,19.210831,19.210831,0.0,0.0,0.38151,0.002718,38.978296,38.978296,0.0,0.0,0.326322
4672,15-Jul-07,24:00:00,58.154733,0.002374,19.199412,19.199412,0.0,0.0,0.372659,0.002518,38.955151,38.955151,0.0,0.0,0.317378
4673,16-Jul-07,24:00:00,58.119981,0.002244,19.18793,19.18793,0.0,0.0,0.364656,0.002218,38.93188,38.93188,0.0,0.0,0.308994
4674,17-Jul-07,24:00:00,58.085034,0.002122,19.176383,19.176383,0.0,0.0,0.357276,0.001732,38.908478,38.908478,0.0,0.0,0.302366
4675,18-Jul-07,24:00:00,58.049886,0.002496,19.16477,19.16477,0.0,0.0,0.349384,0.002448,38.884943,38.884943,0.0,0.0,0.295264
4676,19-Jul-07,24:00:00,58.014533,0.002353,19.153088,19.153088,0.0,0.0,0.340993,0.002466,38.861271,38.861271,0.0,0.0,0.286814
4677,20-Jul-07,24:00:00,57.97897,0.002409,19.141336,19.141336,0.0,0.0,0.332853,0.00258,38.837459,38.837459,0.0,0.0,0.278199
4678,21-Jul-07,24:00:00,57.943194,0.002425,19.129514,19.129514,0.0,0.0,0.324759,0.002808,38.813504,38.813504,0.0,0.0,0.269051
4679,22-Jul-07,24:00:00,57.907202,0.003126,19.117619,19.117619,0.0,0.0,0.315602,0.002922,38.789406,38.789406,0.0,0.0,0.25924
4680,23-Jul-07,24:00:00,57.87099,0.002343,19.105652,19.105652,0.0,0.0,0.305812,0.002729,38.76516,38.76516,0.0,0.0,0.249458
4681,24-Jul-07,24:00:00,57.834555,0.001793,19.09361,19.09361,0.0,0.0,0.298725,0.002567,38.740766,38.740766,0.0,0.0,0.240324
4682,25-Jul-07,24:00:00,57.797896,0.001762,19.081494,19.081494,0.0,0.0,0.292665,0.002653,38.716222,38.716222,0.0,0.0,0.231442
4683,26-Jul-07,24:00:00,57.76101,0.002002,19.069303,19.069303,0.0,0.0,0.286182,0.002661,38.691526,38.691526,0.0,0.0,0.222326
4684,27-Jul-07,24:00:00,57.723895,0.002343,19.057035,19.057035,0.0,0.0,0.278833,0.002811,38.666677,38.666677,0.0,0.0,0.212997
4685,28-Jul-07,24:00:00,57.686549,0.002329,19.044691,19.044691,0.0,0.0,0.270763,0.002749,38.641675,38.641675,0.0,0.0,0.203501
4686,29-Jul-07,24:00:00,57.648971,0.00229,19.03227,19.03227,0.0,0.0,0.262837,0.002827,38.616517,38.616517,0.0,0.0,0.193946
4687,30-Jul-07,24:00:00,57.611159,0.00227,19.019771,19.019771,0.0,0.0,0.25479,0.002929,38.591203,38.591203,0.0,0.0,0.184126
4688,31-Jul-07,24:00:00,57.573113,0.001899,19.007194,19.007194,0.0,0.0,0.247784,0.00285,38.565732,38.565732,0.0,0.0,0.17418
4689,01-Aug-07,24:00:00,57.53483,0.001742,18.994539,18.994539,0.0,0.0,0.241536,0.002667,38.540104,38.540104,0.0,0.0,0.164642
4690,02-Aug-07,24:00:00,57.496311,0.002095,18.981805,18.981805,0.0,0.0,0.235003,0.002696,38.514317,38.514317,0.0,0.0,0.155465
4691,03-Aug-07,24:00:00,57.457554,0.002558,18.968992,18.968992,0.0,0.0,0.227022,0.002695,38.488371,38.488371,0.0,0.0,0.146227
4692,04-Aug-07,24:00:00,57.418558,0.001452,18.9561,18.9561,0.0,0.0,0.220053,0.002249,38.462266,38.462266,0.0,0.0,0.137582
4693,05-Aug-07,24:00:00,57.379322,0.00099,18.943129,18.943129,0.0,0.0,0.215782,0.00178,38.436001,38.436001,0.0,0.0,0.130814
4694,06-Aug-07,24:00:00,57.339847,0.001734,18.930078,18.930078,0.0,0.0,0.211276,0.002089,38.409575,38.409575,0.0,0.0,0.12419
4695,07-Aug-07,24:00:00,57.300132,0.001699,18.916947,18.916947,0.0,0.0,0.205374,0.002432,38.382989,38.382989,0.0,0.0,0.116374
4696,08-Aug-07,24:00:00,57.260175,0.001715,18.903737,18.903737,0.0,0.0,0.199555,0.002529,38.356242,38.356242,0.0,0.0,0.107934
4697,09-Aug-07,24:00:00,57.219977,0.002305,18.890446,18.890446,0.0,0.0,0.192577,0.00254,38.329333,38.329333,0.0,0.0,0.099234
4698,10-Aug-07,24:00:00,57.179538,0.002106,18.877076,18.877076,0.0,0.0,0.185054,0.00236,38.302263,38.302263,0.0,0.0,0.090759
4699,11-Aug-07,24:00:00,57.138856,0.001979,18.863625,18.863625,0.0,0.0,0.178167,0.00236,38.275032,38.275032,0.0,0.0,0.082725
4700,12-Aug-07,24:00:00,57.097932,0.002269,18.850094,18.850094,0.0,0.0,0.17074,0.002371,38.247638,38.247638,0.0,0.0,0.074579
4701,13-Aug-07,24:00:00,57.056767,0.002125,18.836482,18.836482,0.0,0.0,0.163273,0.002386,38.220082,38.220082,0.0,0.0,0.066426
4702,14-Aug-07,24:00:00,57.015358,0.002105,18.82279,18.82279,0.0,0.0,0.156031,0.002502,38.192365,38.192365,0.0,0.0,0.058084
4703,15-Aug-07,24:00:00,56.973707,0.002578,18.809018,18.809018,0.0,0.0,0.148216,0.002292,38.164485,38.164485,0.0,0.0,0.049884
4704,16-Aug-07,24:00:00,56.931814,0.0028,18.795165,18.795165,0.0,0.0,0.139068,0.002403,38.136443,38.136443,0.0,0.0,0.041852
4705,17-Aug-07,24:00:00,56.889677,0.002301,18.781232,18.781232,0.0,0.0,0.129923,0.002297,38.108238,38.108238,0.0,0.0,0.033689
4706,18-Aug-07,24:00:00,56.847298,0.002138,18.767218,18.767218,0.0,0.0,0.122275,0.001776,38.079872,38.079872,0.0,0.0,0.02666
4707,19-Aug-07,24:00:00,56.804677,0.0016,18.753124,18.753124,0.0,0.0,0.116012,0.002478,38.051343,38.051343,0.0,0.0,0.019503
4708,20-Aug-07,24:00:00,56.761813,0.002262,18.73895,18.73895,0.0,0.0,0.109409,0.002492,38.022652,38.022652,0.0,0.0,0.01095
4709,21-Aug-07,24:00:00,56.718706,0.002423,18.724695,18.724695,0.0,0.0,0.101306,0.00232,37.993799,37.993799,0.0,0.0,0.003087
4710,22-Aug-07,24:00:00,56.675357,0.002209,18.71036,18.71036,0.0,0.0,0.093291,0.002462,37.964784,37.964784,0.0,0.0,0.0
4711,23-Aug-07,24:00:00,56.631767,0.001756,18.695945,18.695945,0.0,0.0,0.086529,0.00242,37.935607,37.935607,0.0,0.0,0.0
4712,24-Aug-07,24:00:00,56.587934,0.001568,18.68145,18.68145,0.0,0.0,0.080851,0.002265,37.906268,37.906268,0.0,0.0,0.0
4713,25-Aug-07,24:00:00,56.54386,0.001505,18.666875,18.666875,0.0,0.0,0.075551,0.002232,37.876768,37.876768,0.0,0.0,0.0
4714,26-Aug-07,24:00:00,56.499543,0.001828,18.65222,18.65222,0.0,0.0,0.069921,0.002294,37.847106,37.847106,0.0,0.0,0.0
4715,27-Aug-07,24:00:00,56.454986,0.00225,18.637485,18.637485,0.0,0.0,0.062919,0.002392,37.817283,37.817283,0.0,0.0,0.0
4716,28-Aug-07,24:00:00,56.410188,0.002421,18.62267,18.62267,0.0,0.0,0.05494,0.002422,37.787298,37.787298,0.0,0.0,0.0
4717,29-Aug-07,24:00:00,56.365149,0.002394,18.607775,18.607775,0.0,0.0,0.046647,0.002523,37.757153,37.757153,0.0,0.0,0.0
4718,30-Aug-07,24:00:00,56.31987,0.002243,18.592801,18.592801,0.0,0.0,0.038626,0.002299,37.726847,37.726847,0.0,0.0,0.0
4719,31-Aug-07,24:00:00,56.274351,0.002382,18.577747,18.577747,0.0,0.0,0.030799,0.002452,37.69638,37.69638,0.0,0.0,0.0
4720,01-Sep-07,24:00:00,56.228592,0.002377,18.562614,18.562614,0.0,0.0,0.022637,0.002323,37.665753,37.665753,0.0,0.0,0.0
4721,02-Sep-07,24:00:00,56.182594,0.002236,18.547402,18.547402,0.0,0.0,0.014659,0.002455,37.634966,37.634966,0.0,0.0,0.0
4722,03-Sep-07,24:00:00,56.136357,0.00218,18.532111,18.532111,0.0,0.0,0.007168,0.002042,37.604019,37.604019,0.0,0.0,0.0
4723,04-Sep-07,24:00:00,56.089881,0.002349,18.51674,18.51674,0.0,0.0,0.001292,0.002084,37.572913,37.572913,0.0,0.0,0.0
4724,05-Sep-07,24:00:00,56.043168,0.00206,18.501291,18.501291,0.0,0.0,0.0,0.002437,37.541647,37.541647,0.0,0.0,0.0
4725,06-Sep-07,24:00:00,55.996217,0.000912,18.485764,18.485764,0.0,0.0,0.0,0.001544,37.510222,37.510222,0.0,0.0,0.0
4726,07-Sep-07,24:00:00,55.949028,0.001295,18.470157,18.470157,0.0,0.0,0.0,0.001972,37.478639,37.478639,0.0,0.0,0.0
4727,08-Sep-07,24:00:00,55.901603,0.001134,18.454473,18.454473,0.0,0.0,0.0,0.001985,37.446897,37.446897,0.0,0.0,0.0
4728,09-Sep-07,24:00:00,55.853942,0.00169,18.43871,18.43871,0.0,0.0,0.0,0.001953,37.414997,37.414997,0.0,0.0,0.0
4729,10-Sep-07,24:00:00,55.806045,0.001558,18.42287,18.42287,0.0,0.0,0.0,0.001959,37.38294,37.38294,0.0,0.0,0.0
4730,11-Sep-07,24:00:00,55.757913,0.000975,18.406951,18.406951,0.0,0.0,0.0,0.001642,37.350725,37.350725,0.0,0.0,0.0
4731,12-Sep-07,24:00:00,55.709546,0.001588,18.390955,18.390955,0.0,0.0,0.0,0.001553,37.318354,37.318354,0.0,0.0,0.0
4732,13-Sep-07,24:00:00,55.660946,0.001312,18.374881,18.374881,0.0,0.0,0.0,0.00153,37.285825,37.285825,0.0,0.0,0.0
4733,14-Sep-07,24:00:00,55.612111,0.001314,18.358731,18.358731,0.0,0.0,0.0,0.00112,37.25314,37.25314,0.0,0.0,0.0
4734,15-Sep-07,24:00:00,55.563044,0.00175,18.342503,18.342503,0.0,0.0,0.0,0.001789,37.2203,37.2203,0.0,0.0,0.0
4735,16-Sep-07,24:00:00,55.513744,0.001391,18.326198,18.326198,0.0,0.0,0.0,0.00184,37.187304,37.187304,0.0,0.0,0.0
4736,17-Sep-07,24:00:00,55.464213,0.00167,18.309817,18.309817,0.0,0.0,0.0,0.001804,37.154153,37.154153,0.0,0.0,0.0
4737,18-Sep-07,24:00:00,55.414451,0.001744,18.293359,18.293359,0.0,0.0,0.0,0.001499,37.120847,37.120847,0.0,0.0,0.0
4738,19-Sep-07,24:00:00,55.364458,0.000918,18.276825,18.276825,0.0,0.0,0.0,0.001324,37.087387,37.087387,0.0,0.0,0.0
4739,20-Sep-07,24:00:00,55.314235,0.001582,18.260215,18.260215,0.0,0.0,0.0,0.00151,37.053774,37.053774,0.0,0.0,0.0
4740,21-Sep-07,24:00:00,55.263783,0.000539,18.243529,18.243529,0.0,0.0,0.0,0.000687,37.020006,37.020006,0.0,0.0,0.0
4741,22-Sep-07,24:00:00,55.213103,0.001167,18.226768,18.226768,0.0,0.0,0.0,0.001458,36.986086,36.986086,0.0,0.0,0.0
4742,23-Sep-07,24:00:00,55.162194,0.001704,18.209931,18.209931,0.0,0.0,0.0,0.001554,36.952013,36.952013,0.0,0.0,0.0
4743,24-Sep-07,24:00:00,55.111059,0.001682,18.193019,18.193019,0.0,0.0,0.0,0.001541,36.917789,36.917789,0.0,0.0,0.0
4744,25-Sep-07,24:00:00,55.059697,0.001873,18.176032,18.176032,0.0,0.0,0.0,0.001541,36.883412,36.883412,0.0,0.0,0.0
4745,26-Sep-07,24:00:00,55.008109,0.001763,18.158971,18.158971,0.0,0.0,0.0,0.001689,36.848885,36.848885,0.0,0.0,0.0
4746,27-Sep-07,24:00:00,54.956297,0.001026,18.141835,18.141835,0.0,0.0,0.0,0.001108,36.814207,36.814207,0.0,0.0,0.0
4747,28-Sep-07,24:00:00,54.90426,0.001698,18.124625,18.124625,0.0,0.0,0.0,0.001364,36.779379,36.779379,0.0,0.0,0.0
4748,29-Sep-07,24:00:00,54.851999,0.001619,18.107341,18.107341,0.0,0.0,0.0,0.001422,36.744401,36.744401,0.0,0.0,0.0
4749,30-Sep-07,24:00:00,54.799516,0.001421,18.089984,18.089984,0.0,0.0,0.0,0.001362,36.709274,36.709274,0.0,0.0,0.0
4750,01-Oct-07,24:00:00,54.746811,0.001645,18.072553,18.072553,0.0,0.0,0.0,0.001547,36.673999,36.673999,0.0,0.0,0.0
4751,02-Oct-07,24:00:00,54.693884,0.001765,18.055049,18.055049,0.0,0.0,0.0,0.001632,36.638575,36.638575,0.0,0.0,0.0
4752,03-Oct-07,24:00:00,54.640737,0.00148,18.037472,18.037472,0.0,0.0,0.0,0.001267,36.603004,36.603004,0.0,0.0,0.0
4753,04-Oct-07,24:00:00,54.58737,0.001284,18.019823,18.019823,0.0,0.0,0.0,0.00117,36.567286,36.567286,0.0,0.0,0.0
4754,05-Oct-07,24:00:00,54.533785,0.001524,18.002101,18.002101,0.0,0.0,0.0,0.0012,36.531421,36.531421,0.0,0.0,0.0
4755,06-Oct-07,24:00:00,54.479981,0.001457,17.984307,17.984307,0.0,0.0,0.0,0.001433,36.49541,36.49541,0.0,0.0,0.0
4756,07-Oct-07,24:00:00,54.42596,0.001461,17.966441,17.966441,0.0,0.0,0.0,0.001594,36.459254,36.459254,0.0,0.0,0.0
4757,08-Oct-07,24:00:00,59.861647,0.000507,22.275993,17.948504,0.030167,0.0,0.006635,0.000493,37.764217,36.422953,0.029588,0.0,0.006844
4758,09-Oct-07,24:00:00,154.457322,0.000924,50.237656,17.930496,0.014659,0.0,0.152453,0.000646,104.101752,36.386507,0.012116,0.0,0.142144
4759,10-Oct-07,24:00:00,55.863119,0.000978,17.912416,17.912416,0.0,0.0,0.153689,0.000747,37.8901,36.349918,0.0,0.0,0.142985
4760,11-Oct-07,24:00:00,96.81771,0.000397,33.382432,17.894267,0.019067,0.0,0.188722,0.000516,63.64231,36.313186,0.019892,0.0,0.181386
4761,12-Oct-07,24:00:00,60.79403,0.001059,17.970481,17.876046,0.0,0.0,0.219061,0.001026,42.617166,36.276311,0.0,0.0,0.211185
4762,13-Oct-07,24:00:00,54.100895,0.000767,17.857756,17.857756,0.0,0.0,0.219061,0.001228,36.241589,36.239294,0.0,0.0,0.211185
4763,14-Oct-07,24:00:00,54.041804,0.000453,17.839396,17.839396,0.0,0.0,0.219061,0.000521,36.202136,36.202136,0.0,0.0,0.211185
4764,15-Oct-07,24:00:00,55.137692,0.000279,18.972582,17.820966,0.001454,0.0,0.220986,0.000462,36.164837,36.164837,0.0,0.0,0.211185
4765,16-Oct-07,24:00:00,53.967233,0.000913,17.839561,17.802467,0.0,0.0,0.224048,0.000628,36.127397,36.127397,0.0,0.0,0.211185
4766,17-Oct-07,24:00:00,53.873994,0.000478,17.7839,17.7839,0.0,0.0,0.224048,0.000323,36.089818,36.089818,0.0,0.0,0.211185
4767,18-Oct-07,24:00:00,87.193456,0.000344,30.407932,17.765263,0.016162,0.0,0.244915,0.000412,57.169736,36.0521,0.019519,0.0,0.237739
4768,19-Oct-07,24:00:00,66.567579,0.001123,18.312768,17.746559,0.0,0.0,0.279462,0.000931,47.876234,36.014244,0.0,0.0,0.278107
4769,20-Oct-07,24:00:00,53.772484,0.001404,17.727786,17.727786,0.0,0.0,0.279462,0.000981,36.038121,35.97625,0.0,0.0,0.278107
4770,21-Oct-07,24:00:00,53.647345,0.001137,17.708946,17.708946,0.0,0.0,0.279462,0.000992,35.938119,35.938119,0.0,0.0,0.278107
4771,22-Oct-07,24:00:00,53.59017,0.00103,17.690039,17.690039,0.0,0.0,0.278641,0.001007,35.899851,35.899851,0.0,0.0,0.278107
4772,23-Oct-07,24:00:00,53.532793,0.000941,17.671064,17.671064,0.0,0.0,0.276,0.000989,35.861447,35.861447,0.0,0.0,0.276884
4773,24-Oct-07,24:00:00,53.475214,0.001076,17.652023,17.652023,0.0,0.0,0.272585,0.001027,35.822908,35.822908,0.0,0.0,0.273752
4774,25-Oct-07,24:00:00,53.417434,0.000579,17.632916,17.632916,0.0,0.0,0.269733,0.000621,35.784234,35.784234,0.0,0.0,0.270961
4775,26-Oct-07,24:00:00,53.359454,0.000574,17.613742,17.613742,0.0,0.0,0.26779,0.000829,35.745427,35.745427,0.0,0.0,0.268478
4776,27-Oct-07,24:00:00,53.301275,0.001029,17.594503,17.594503,0.0,0.0,0.264994,0.000943,35.706486,35.706486,0.0,0.0,0.265383
4777,28-Oct-07,24:00:00,53.242898,0.000503,17.575198,17.575198,0.0,0.0,0.262376,0.000707,35.667413,35.667413,0.0,0.0,0.262517
4778,29-Oct-07,24:00:00,53.184323,0.000353,17.555829,17.555829,0.0,0.0,0.260873,0.000622,35.628207,35.628207,0.0,0.0,0.260317
4779,30-Oct-07,24:00:00,53.125553,0.000432,17.536394,17.536394,0.0,0.0,0.259551,0.000784,35.588871,35.588871,0.0,0.0,0.257896
4780,31-Oct-07,24:00:00,53.066588,0.00075,17.516895,17.516895,0.0,0.0,0.257546,0.000921,35.549403,35.549403,0.0,0.0,0.254972
4781,01-Nov-07,24:00:00,53.007429,0.001013,17.497332,17.497332,0.0,0.0,0.254542,0.000817,35.509806,35.509806,0.0,0.0,0.251952
4782,02-Nov-07,24:00:00,52.948076,0.000939,17.477706,17.477706,0.0,0.0,0.251185,0.000815,35.470079,35.470079,0.0,0.0,0.249164
4783,03-Nov-07,24:00:00,52.888532,0.000815,17.458016,17.458016,0.0,0.0,0.248113,0.000794,35.430223,35.430223,0.0,0.0,0.246402
4784,04-Nov-07,24:00:00,52.828796,0.000906,17.438263,17.438263,0.0,0.0,0.245205,0.000795,35.39024,35.39024,0.0,0.0,0.243675
4785,05-Nov-07,24:00:00,52.768871,0.000556,17.418447,17.418447,0.0,0.0,0.242715,0.000764,35.35013,35.35013,0.0,0.0,0.240999
4786,06-Nov-07,24:00:00,52.708756,0.000641,17.398569,17.398569,0.0,0.0,0.240676,0.000758,35.309892,35.309892,0.0,0.0,0.238383
4787,07-Nov-07,24:00:00,52.648454,0.000304,17.378629,17.378629,0.0,0.0,0.238987,0.000494,35.269529,35.269529,0.0,0.0,0.236322
4788,08-Nov-07,24:00:00,52.587965,0.000723,17.358627,17.358627,0.0,0.0,0.237222,0.000551,35.229041,35.229041,0.0,0.0,0.234465
4789,09-Nov-07,24:00:00,69.897229,0.00014,26.728022,17.338564,0.015329,0.0,0.248442,0.000243,43.487194,35.188428,0.014189,0.0,0.244892
4790,10-Nov-07,24:00:00,85.434418,0.000911,25.964883,17.318439,0.006739,0.0,0.310927,0.000771,59.170708,35.147692,0.005176,0.0,0.299123
4791,11-Nov-07,24:00:00,52.884315,0.000645,17.298254,17.298254,0.0,0.0,0.311474,0.000368,35.565895,35.106832,0.0,0.0,0.29961
4792,12-Nov-07,24:00:00,52.34416,0.000843,17.27801,17.27801,0.0,0.0,0.311474,0.000533,35.06585,35.06585,0.0,0.0,0.29961
4793,13-Nov-07,24:00:00,52.282752,0.000819,17.257704,17.257704,0.0,0.0,0.311474,0.000671,35.024746,35.024746,0.0,0.0,0.29961
4794,14-Nov-07,24:00:00,52.221164,0.000701,17.23734,17.23734,0.0,0.0,0.311474,0.000633,34.983521,34.983521,0.0,0.0,0.29961
4795,15-Nov-07,24:00:00,52.159396,0.000417,17.216916,17.216916,0.0,0.0,0.31125,0.000738,34.942177,34.942177,0.0,0.0,0.29961
4796,16-Nov-07,24:00:00,52.09745,0.00036,17.196433,17.196433,0.0,0.0,0.310329,0.000626,34.900712,34.900712,0.0,0.0,0.299401
4797,17-Nov-07,24:00:00,52.035326,0.000386,17.175892,17.175892,0.0,0.0,0.309044,0.000257,34.859129,34.859129,0.0,0.0,0.298667
4798,18-Nov-07,24:00:00,51.973027,0.000615,17.155293,17.155293,0.0,0.0,0.307429,0.000608,34.817427,34.817427,0.0,0.0,0.297178
4799,19-Nov-07,24:00:00,51.910552,0.000659,17.134636,17.134636,0.0,0.0,0.305106,0.000566,34.775609,34.775609,0.0,0.0,0.295167
4800,20-Nov-07,24:00:00,51.847903,0.000621,17.113921,17.113921,0.0,0.0,0.302954,0.000549,34.733673,34.733673,0.0,0.0,0.293249
4801,21-Nov-07,24:00:00,51.785081,0.000629,17.09315,17.09315,0.0,0.0,0.300796,0.000547,34.691622,34.691622,0.0,0.0,0.291368
4802,22-Nov-07,24:00:00,51.722087,0.001135,17.072321,17.072321,0.0,0.0,0.297806,0.000553,34.649456,34.649456,0.0,0.0,0.289495
4803,23-Nov-07,24:00:00,51.658922,0.000552,17.051437,17.051437,0.0,0.0,0.294908,0.000483,34.607175,34.607175,0.0,0.0,0.28769
4804,24-Nov-07,24:00:00,51.595588,0.000518,17.030496,17.030496,0.0,0.0,0.293003,0.000553,34.56478,34.56478,0.0,0.0,0.285935
4805,25-Nov-07,24:00:00,51.532085,0.000546,17.0095,17.0095,0.0,0.0,0.291201,0.00051,34.522273,34.522273,0.0,0.0,0.2841
4806,26-Nov-07,24:00:00,51.468415,0.000767,16.988449,16.988449,0.0,0.0,0.289099,0.000612,34.479653,34.479653,0.0,0.0,0.282203
4807,27-Nov-07,24:00:00,51.404578,0.000645,16.967342,16.967342,0.0,0.0,0.286489,0.000509,34.436922,34.436922,0.0,0.0,0.28027
4808,28-Nov-07,24:00:00,51.340576,0.00076,16.946181,16.946181,0.0,0.0,0.28426,0.000636,34.39408,34.39408,0.0,0.0,0.278355
4809,29-Nov-07,24:00:00,51.27641,0.000609,16.924967,16.924967,0.0,0.0,0.281732,0.000546,34.351128,34.351128,0.0,0.0,0.276308
4810,30-Nov-07,24:00:00,51.212081,0.000562,16.903698,16.903698,0.0,0.0,0.279823,0.000485,34.308067,34.308067,0.0,0.0,0.274525
4811,01-Dec-07,24:00:00,64.219585,0.000325,24.470746,16.882376,0.011124,0.0,0.287826,0.000233,40.041531,34.264897,0.012665,0.0,0.28204
4812,02-Dec-07,24:00:00,85.721156,0.000666,28.377516,16.861001,0.038217,0.0,0.328376,0.000404,57.581652,34.221619,0.038825,0.0,0.334683
4813,03-Dec-07,24:00:00,202.066446,0.000243,64.652799,16.839573,0.032539,0.0,0.552389,0.0004,136.988393,34.178235,0.028074,0.0,0.539706
4814,04-Dec-07,24:00:00,53.797991,0.000575,16.818093,16.818093,0.0,0.0,0.558821,0.000635,36.874496,34.134744,0.0,0.0,0.545857
4815,05-Dec-07,24:00:00,63.079076,0.000142,23.544874,16.796561,0.019906,0.0,0.567429,0.000163,39.815866,34.091148,0.019262,0.0,0.555698
4816,06-Dec-07,24:00:00,96.59862,0.000742,29.544455,16.774978,0.003976,0.0,0.640226,0.000634,66.798095,34.047447,0.003838,0.0,0.624838
4817,07-Dec-07,24:00:00,51.412694,0.000995,16.753343,16.753343,0.0,0.0,0.640702,0.000554,34.63272,34.003642,0.0,0.0,0.625058
4818,08-Dec-07,24:00:00,50.691714,0.000621,16.731658,16.731658,0.0,0.0,0.640702,0.0004,33.959733,33.959733,0.0,0.0,0.625058
4819,09-Dec-07,24:00:00,50.625968,0.000589,16.709922,16.709922,0.0,0.0,0.640702,0.000454,33.915723,33.915723,0.0,0.0,0.625058
4820,10-Dec-07,24:00:00,50.560071,0.001105,16.688137,16.688137,0.0,0.0,0.640702,0.000428,33.87161,33.87161,0.0,0.0,0.625058
4821,11-Dec-07,24:00:00,50.494023,0.000414,16.666301,16.666301,0.0,0.0,0.640304,0.000413,33.827397,33.827397,0.0,0.0,0.625058
4822,12-Dec-07,24:00:00,50.427825,0.000447,16.644417,16.644417,0.0,0.0,0.639028,0.000426,33.783083,33.783083,0.0,0.0,0.625058
4823,13-Dec-07,24:00:00,50.361479,0.000465,16.622483,16.622483,0.0,0.0,0.637484,0.00042,33.73867,33.73867,0.0,0.0,0.625058
4824,14-Dec-07,24:00:00,50.294986,0.000245,16.600501,16.600501,0.0,0.0,0.636249,0.000151,33.694158,33.694158,0.0,0.0,0.625058
4825,15-Dec-07,24:00:00,64.612529,0.000331,27.827562,16.578471,0.024485,0.0,0.647635,0.000278,37.078777,33.649549,0.017155,0.0,0.632763
4826,16-Dec-07,24:00:00,91.34528,0.000201,30.638598,16.556393,0.017087,0.0,0.725241,0.000185,60.582202,33.604842,0.012599,0.0,0.688405
4827,17-Dec-07,24:00:00,831.873702,0.000302,625.071537,272.524532,0.090861,0.0259,0.95703,0.000245,207.808349,62.054528,0.083144,0.00354,0.928133
4828,18-Dec-07,24:00:00,329.644633,0.000195,196.709478,124.672115,0.022126,0.022126,1.0,0.00019,134.710269,107.472312,0.020673,0.020673,1.0
4829,19-Dec-07,24:00:00,2711.219703,0.000655,1041.137815,527.010611,0.02297,0.02297,1.0,0.000509,1672.632761,859.994952,0.022824,0.022824,1.0
4830,20-Dec-07,24:00:00,463.963298,0.000436,88.868444,88.868444,0.0,0.0,1.0,0.000376,370.161043,351.347175,0.0,0.0,1.0
4831,21-Dec-07,24:00:00,216.23732,0.000255,79.066161,79.066161,0.0,0.0,1.0,0.000354,136.776962,136.776962,0.0,0.0,1.0
4832,22-Dec-07,24:00:00,186.030952,0.000453,71.962565,71.962565,0.0,0.0,1.0,0.000172,113.984558,113.984558,0.0,0.0,1.0
4833,23-Dec-07,24:00:00,170.114562,0.000684,65.659978,65.659978,0.0,0.0,1.0,0.000939,104.391538,104.391538,0.0,0.0,1.0
4834,24-Dec-07,24:00:00,156.415878,0.000463,60.067566,60.067566,0.0,0.0,1.0,0.000416,96.29275,96.29275,0.0,0.0,1.0
4835,25-Dec-07,24:00:00,144.272018,0.000754,55.105024,55.105024,0.0,0.0,1.0,0.000635,89.117697,89.117697,0.0,0.0,1.0
4836,26-Dec-07,24:00:00,136.342472,0.000421,53.032949,52.444874,0.003439,0.003439,1.0,0.00024,83.330084,83.241755,0.001501,0.001501,1.0
4837,27-Dec-07,24:00:00,227.246317,0.00017,115.924644,111.283338,0.005452,0.005452,1.0,0.000151,111.579893,108.823239,0.004348,0.004348,1.0
4838,28-Dec-07,24:00:00,354.184515,0.000152,142.390969,136.913058,0.00421,0.00421,1.0,0.000169,212.081045,202.188163,0.001803,0.001803,1.0
4839,29-Dec-07,24:00:00,165.319711,0.000607,53.717476,53.717476,0.0,0.0,1.0,0.000565,111.039693,110.824935,0.0,0.0,1.0
4840,30-Dec-07,24:00:00,128.959602,0.000463,49.233421,49.233421,0.0,0.0,1.0,0.000403,79.649257,79.649257,0.0,0.0,1.0
4841,31-Dec-07,24:00:00,118.550209,0.00045,45.480861,45.480861,0.0,0.0,1.0,0.00041,73.03243,73.03243,0.0,0.0,1.0
4842,01-Jan-08,24:00:00,115.460031,0.000466,46.134686,44.579789,0.006901,0.006901,1.0,0.000688,69.449352,69.302339,0.005267,0.005267,1.0
4843,02-Jan-08,24:00:00,6854.679656,0.000162,4699.39738,943.914362,0.1,0.1,1.0,0.000247,2191.896931,1071.806898,0.1,0.1,1.0
4844,03-Jan-08,24:00:00,11329.85,0.000335,2957.102009,1193.421946,0.072261,0.072261,1.0,0.000423,8360.643333,2466.645417,0.085238,0.085238,1.0
4845,04-Jan-08,24:00:00,2909.091667,0.000283,506.101408,490.7518,0.018146,0.018146,1.0,0.000286,2386.745833,1897.659583,0.025786,0.025786,1.0
4846,05-Jan-08,24:00:00,1256.368264,0.000282,306.547604,300.929266,0.006331,0.006331,1.0,0.000242,944.998041,927.915174,0.003646,0.003646,1.0
4847,06-Jan-08,24:00:00,749.191018,0.000371,210.321565,208.709889,0.00795,0.00795,1.0,0.000285,537.312093,534.835329,0.007394,0.007394,1.0
4848,07-Jan-08,24:00:00,2030.831025,0.000106,886.774443,687.955469,0.036583,0.036583,1.0,0.000179,1150.861999,1078.703847,0.041592,0.041592,1.0
4849,08-Jan-08,24:00:00,1255.513641,0.000202,314.530428,302.514986,0.018733,0.018733,1.0,0.000207,936.330244,921.036175,0.01197,0.01197,1.0
4850,09-Jan-08,24:00:00,1157.583154,0.000183,329.953815,326.654949,0.0,0.0,1.0,0.000176,826.839145,801.724979,0.006825,0.006825,1.0
4851,10-Jan-08,24:00:00,683.234745,0.000241,187.667677,187.667677,0.0,0.0,1.0,0.000267,493.60925,492.849184,0.0,0.0,1.0
4852,11-Jan-08,24:00:00,541.903402,0.000326,168.159041,168.159041,0.0,0.0,1.0,0.000214,373.318317,373.318317,0.0,0.0,1.0
4853,12-Jan-08,24:00:00,481.821583,0.000326,150.929867,150.929867,0.0,0.0,1.0,0.000449,330.617718,330.617718,0.0,0.0,1.0
4854,13-Jan-08,24:00:00,432.57722,0.000223,135.646721,135.646721,0.0,0.0,1.0,0.000447,296.692919,296.692919,0.0,0.0,1.0
4855,14-Jan-08,24:00:00,389.052675,0.000421,122.089552,122.089552,0.0,0.0,1.0,0.000519,266.753411,266.753411,0.0,0.0,1.0
4856,15-Jan-08,24:00:00,350.448277,0.001424,110.063198,110.063198,0.0,0.0,1.0,0.001147,240.199744,240.199744,0.0,0.0,1.0
4857,16-Jan-08,24:00:00,316.202816,0.000764,99.394569,99.394569,0.0,0.0,1.0,0.000763,216.644368,216.644368,0.0,0.0,1.0
4858,17-Jan-08,24:00:00,285.823255,0.000584,89.930145,89.930145,0.0,0.0,0.999554,0.000546,195.748131,195.748131,0.0,0.0,0.999465
4859,18-Jan-08,24:00:00,258.872443,0.000576,81.533766,81.533766,0.0,0.0,0.997973,0.000537,177.210361,177.210361,0.0,0.0,0.997892
4860,19-Jan-08,24:00:00,234.962673,0.000498,74.084672,74.084672,0.0,0.0,0.996177,0.000461,160.764387,160.764387,0.0,0.0,0.996217
4861,20-Jan-08,24:00:00,275.454093,0.000226,129.179764,123.46688,0.007105,0.005706,0.998741,0.000258,146.173693,146.173693,0.0,0.0,0.99534
4862,21-Jan-08,24:00:00,209.562298,0.00034,76.244616,76.150757,0.0,0.0,1.0,0.000312,133.228509,133.228509,0.0,0.0,0.99534
4863,22-Jan-08,24:00:00,183.899635,0.000332,62.07781,62.07781,0.0,0.0,1.0,0.000322,121.742783,121.742783,0.0,0.0,0.99534
4864,23-Jan-08,24:00:00,194.612684,0.000242,82.991098,81.25749,0.002121,0.002121,1.0,0.00024,111.551505,111.551505,0.0,0.0,0.99534
4865,24-Jan-08,24:00:00,4527.162301,0.000349,2482.333914,588.062802,0.074744,0.074744,1.0,0.000372,2078.386183,526.739441,0.073236,0.071877,0.998835
4866,25-Jan-08,24:00:00,8142.545833,0.000659,2385.648606,833.527336,0.035417,0.035417,1.0,0.00064,5734.82125,1932.89875,0.037821,0.037821,1.0
4867,26-Jan-08,24:00:00,2229.410833,0.000475,778.977027,731.478406,0.061331,0.061331,1.0,0.000331,1447.98375,1294.718333,0.05308,0.05308,1.0
4868,27-Jan-08,24:00:00,1432.890707,0.000486,340.886123,338.261618,0.0,0.0,1.0,0.000295,1085.618835,1060.05601,0.0,0.0,1.0
4869,28-Jan-08,24:00:00,870.714235,0.000194,325.90366,314.874751,0.013714,0.013714,1.0,0.000211,545.474906,530.144674,0.01253,0.01253,1.0
4870,29-Jan-08,24:00:00,767.518629,0.000422,213.135374,212.955895,0.0,0.0,1.0,0.000231,552.053716,545.957739,0.0,0.0,1.0
4871,30-Jan-08,24:00:00,2007.286795,0.00015,898.424862,564.785373,0.048905,0.048905,1.0,0.000234,1121.322721,652.743464,0.049858,0.049858,1.0
4872,31-Jan-08,24:00:00,1742.539397,0.00034,357.087104,348.55675,0.0,0.0,1.0,0.000279,1374.72667,1147.941771,0.0,0.0,1.0
4873,01-Feb-08,24:00:00,1145.121624,0.000163,511.321153,474.683632,0.052523,0.052523,1.0,0.000228,637.474875,607.125118,0.04398,0.04398,1.0
4874,02-Feb-08,24:00:00,1978.377917,0.000582,669.305586,652.829728,0.012466,0.012466,1.0,0.000605,1306.625141,1253.664674,0.005272,0.005272,1.0
4875,03-Feb-08,24:00:00,764.509468,0.000933,215.453749,215.453749,0.0,0.0,1.0,0.000775,545.636536,544.768407,0.0,0.0,1.0
4876,04-Feb-08,24:00:00,558.081623,0.000732,192.138411,192.138411,0.0,0.0,1.0,0.000656,365.448183,365.448183,0.0,0.0,1.0
4877,05-Feb-08,24:00:00,493.415273,0.000666,172.14874,172.14874,0.0,0.0,1.0,0.000543,320.998034,320.998034,0.0,0.0,1.0
4878,06-Feb-08,24:00:00,442.623182,0.000804,154.417911,154.417911,0.0,0.0,1.0,0.000678,287.974933,287.974933,0.0,0.0,1.0
4879,07-Feb-08,24:00:00,397.814432,0.000838,138.690421,138.690421,0.0,0.0,0.999558,0.000749,258.920748,258.920748,0.0,0.0,1.0
4880,08-Feb-08,24:00:00,358.075325,0.000797,124.739755,124.739755,0.0,0.0,0.997523,0.000746,233.15592,233.15592,0.0,0.0,0.999244
4881,09-Feb-08,24:00:00,322.825291,0.000726,112.365013,112.365013,0.0,0.0,0.994934,0.000737,210.301413,210.301413,0.0,0.0,0.997081
4882,10-Feb-08,24:00:00,291.556539,0.000923,101.388013,101.388013,0.0,0.0,0.992128,0.000857,190.027976,190.027976,0.0,0.0,0.994331
4883,11-Feb-08,24:00:00,263.8189,0.00096,91.650721,91.650721,0.0,0.0,0.988927,0.000879,172.043778,172.043778,0.0,0.0,0.991388
4884,12-Feb-08,24:00:00,239.21312,0.001063,83.012972,83.012972,0.0,0.0,0.985697,0.000869,156.089996,156.089996,0.0,0.0,0.988358
4885,13-Feb-08,24:00:00,217.385093,0.001201,75.350451,75.350451,0.0,0.0,0.981333,0.000781,141.937072,141.937072,0.0,0.0,0.985556
4886,14-Feb-08,24:00:00,198.020761,0.000923,68.552901,68.552901,0.0,0.0,0.977911,0.00082,129.381405,129.381405,0.0,0.0,0.982806
4887,15-Feb-08,24:00:00,180.841578,0.000722,62.522532,62.522532,0.0,0.0,0.97514,0.000901,118.242416,118.242416,0.0,0.0,0.979885
4888,16-Feb-08,24:00:00,165.600499,0.000471,57.17261,57.17261,0.0,0.0,0.973043,0.000924,108.359949,108.359949,0.0,0.0,0.97676
4889,17-Feb-08,24:00:00,152.078416,0.000395,52.426212,52.426212,0.0,0.0,0.971545,0.000501,99.591952,99.591952,0.0,0.0,0.974327
4890,18-Feb-08,24:00:00,140.080996,0.000299,48.21511,48.21511,0.0,0.0,0.970289,0.000304,91.812441,91.812441,0.0,0.0,0.972815
4891,19-Feb-08,24:00:00,129.435882,0.000721,44.478791,44.478791,0.0,0.0,0.968619,0.000766,84.909673,84.909673,0.0,0.0,0.971098
4892,20-Feb-08,24:00:00,171.967693,0.000197,84.254092,72.845842,0.014546,0.004975,0.981965,0.000336,87.842055,78.784543,0.008526,0.0,0.980926
4893,21-Feb-08,24:00:00,146.085184,0.000686,67.185788,66.705874,0.0,0.0,1.0,0.000594,78.694318,73.34915,0.0,0.0,0.998619
4894,22-Feb-08,24:00:00,417.000718,0.0004,239.443873,213.700169,0.040117,0.040117,1.0,0.000351,182.61312,159.793399,0.038544,0.038141,0.999252
4895,23-Feb-08,24:00:00,6575.052917,0.000484,2196.236906,1096.820841,0.074419,0.074419,1.0,0.000408,4395.160028,1685.044253,0.076188,0.076188,1.0
4896,24-Feb-08,24:00:00,1919.289841,0.000891,256.23399,252.655038,0.0,0.0,1.0,0.000825,1644.403543,1255.621436,0.0,0.0,1.0
4897,25-Feb-08,24:00:00,514.47407,0.000985,142.893206,142.893206,0.0,0.0,1.0,0.000883,369.327177,369.158866,0.0,0.0,1.0
4898,26-Feb-08,24:00:00,388.170968,0.00111,128.409877,128.409877,0.0,0.0,1.0,0.001138,259.461838,259.461838,0.0,0.0,1.0
4899,27-Feb-08,24:00:00,346.136869,0.00119,115.594853,115.594853,0.0,0.0,0.999912,0.001048,230.361077,230.361077,0.0,0.0,1.0
4900,28-Feb-08,24:00:00,312.042602,0.000576,104.227796,104.227796,0.0,0.0,0.998822,0.001155,207.657804,207.657804,0.0,0.0,0.998604
4901,29-Feb-08,24:00:00,281.909124,0.001138,94.144991,94.144991,0.0,0.0,0.995989,0.000826,187.625321,187.625321,0.0,0.0,0.995462
4902,01-Mar-08,24:00:00,255.182915,0.001556,85.201235,85.201235,0.0,0.0,0.991402,0.001136,169.858821,169.858821,0.0,0.0,0.992156
4903,02-Mar-08,24:00:00,231.475619,0.001241,77.267746,77.267746,0.0,0.0,0.986558,0.001177,154.099089,154.099089,0.0,0.0,0.988218
4904,03-Mar-08,24:00:00,210.445818,0.001237,70.230304,70.230304,0.0,0.0,0.982259,0.001253,140.119157,140.119157,0.0,0.0,0.984095
4905,04-Mar-08,24:00:00,191.790788,0.00126,63.987606,63.987606,0.0,0.0,0.97803,0.000916,127.717806,127.717806,0.0,0.0,0.980186
4906,05-Mar-08,24:00:00,175.242037,0.001078,58.4498,58.4498,0.0,0.0,0.973911,0.000936,116.716567,116.716567,0.0,0.0,0.97706
4907,06-Mar-08,24:00:00,160.561439,0.001109,53.537198,53.537198,0.0,0.0,0.970154,0.001149,106.957154,106.957154,0.0,0.0,0.973551
4908,07-Mar-08,24:00:00,147.537791,0.00124,49.179121,49.179121,0.0,0.0,0.966218,0.001294,98.29918,98.29918,0.0,0.0,0.969419
4909,08-Mar-08,24:00:00,135.983777,0.001212,45.312882,45.312882,0.0,0.0,0.962093,0.001354,90.618131,90.618131,0.0,0.0,0.96489
4910,09-Mar-08,24:00:00,125.733262,0.001174,41.882883,41.882883,0.0,0.0,0.95789,0.001243,83.80357,83.80357,0.0,0.0,0.960331
4911,10-Mar-08,24:00:00,116.638896,0.001218,38.839811,38.839811,0.0,0.0,0.953758,0.001254,77.757552,77.757552,0.0,0.0,0.956084
4912,11-Mar-08,24:00:00,108.569991,0.000935,36.139931,36.139931,0.0,0.0,0.950156,0.001034,72.393204,72.393204,0.0,0.0,0.952075
4913,12-Mar-08,24:00:00,101.410638,0.001003,33.744452,33.744452,0.0,0.0,0.946742,0.000923,67.633475,67.633475,0.0,0.0,0.948765
4914,13-Mar-08,24:00:00,95.058034,0.00075,31.618969,31.618969,0.0,0.0,0.944522,0.000485,63.41003,63.41003,0.0,0.0,0.946927
4915,14-Mar-08,24:00:00,89.420999,0.000969,29.732967,29.732967,0.0,0.0,0.944278,0.001002,59.662256,59.662256,0.0,0.0,0.946827
4916,15-Mar-08,24:00:00,84.418663,0.001657,28.059382,28.059382,0.0,0.0,0.944278,0.001172,56.336397,56.336397,0.0,0.0,0.946827
4917,16-Mar-08,24:00:00,79.979301,0.001509,26.574209,26.574209,0.0,0.0,0.944278,0.001382,53.384773,53.384773,0.0,0.0,0.944674
4918,17-Mar-08,24:00:00,76.039298,0.001324,25.25616,25.25616,0.0,0.0,0.943311,0.001307,50.765096,50.765096,0.0,0.0,0.940008
4919,18-Mar-08,24:00:00,72.54223,0.000826,24.086349,24.086349,0.0,0.0,0.940508,0.000725,48.439858,48.439858,0.0,0.0,0.936498
4920,19-Mar-08,24:00:00,69.438054,0.001431,23.04803,23.04803,0.0,0.0,0.936683,0.001281,46.375793,46.375793,0.0,0.0,0.933138
4921,20-Mar-08,24:00:00,66.682383,0.001432,22.126348,22.126348,0.0,0.0,0.931734,0.001348,44.543396,44.543396,0.0,0.0,0.92861
4922,21-Mar-08,24:00:00,64.235851,0.001622,21.308127,21.308127,0.0,0.0,0.926575,0.00158,42.916497,42.916497,0.0,0.0,0.923712
4923,22-Mar-08,24:00:00,62.06354,0.001437,20.581681,20.581681,0.0,0.0,0.92131,0.00158,41.471884,41.471884,0.0,0.0,0.918263
4924,23-Mar-08,24:00:00,60.134481,0.001509,19.936647,19.936647,0.0,0.0,0.916202,0.001487,40.188972,40.188972,0.0,0.0,0.912904
4925,24-Mar-08,24:00:00,58.421206,0.00106,19.363831,19.363831,0.0,0.0,0.911876,0.001049,39.049501,39.049501,0.0,0.0,0.908552
4926,25-Mar-08,24:00:00,56.899352,0.001131,18.855079,18.855079,0.0,0.0,0.908021,0.000537,38.037274,38.037274,0.0,0.0,0.905805
4927,26-Mar-08,24:00:00,55.547308,0.001392,18.403161,18.403161,0.0,0.0,0.903778,0.001117,37.137927,37.137927,0.0,0.0,0.903105
4928,27-Mar-08,24:00:00,57.050989,0.000649,20.706739,18.00166,0.004028,0.0,0.903258,0.00046,36.33872,36.33872,0.0,0.0,0.900304
4929,28-Mar-08,24:00:00,57.509972,0.000859,20.335184,17.644887,0.002573,0.0,0.918877,0.001015,37.176475,35.628352,0.001032,0.0,0.902072
4930,29-Mar-08,24:00:00,52.533615,0.001494,17.327797,17.327797,0.0,0.0,0.921818,0.001288,35.194835,34.996798,0.0,0.0,0.903251
4931,30-Mar-08,24:00:00,51.484973,0.001443,17.045913,17.045913,0.0,0.0,0.921818,0.001404,34.435169,34.435169,0.0,0.0,0.903251
4932,31-Mar-08,24:00:00,50.734306,0.001415,16.795265,16.795265,0.0,0.0,0.920429,0.00148,33.935579,33.935579,0.0,0.0,0.901958
4933,01-Apr-08,24:00:00,50.066445,0.001382,16.572331,16.572331,0.0,0.0,0.91621,0.001674,33.491032,33.491032,0.0,0.0,0.897393
4934,02-Apr-08,24:00:00,49.472057,0.00137,16.373988,16.373988,0.0,0.0,0.911501,0.00171,33.095325,33.095325,0.0,0.0,0.891589
4935,03-Apr-08,24:00:00,48.942863,0.001289,16.197464,16.197464,0.0,0.0,0.906916,0.001276,32.742954,32.742954,0.0,0.0,0.88644
4936,04-Apr-08,24:00:00,48.47152,0.001522,16.040303,16.040303,0.0,0.0,0.902036,0.001517,32.429038,32.429038,0.0,0.0,0.881628
4937,05-Apr-08,24:00:00,48.051514,0.001346,15.900325,15.900325,0.0,0.0,0.897272,0.000925,32.149247,32.149247,0.0,0.0,0.87755
4938,06-Apr-08,24:00:00,47.677066,0.001561,15.775594,15.775594,0.0,0.0,0.892125,0.001512,31.899739,31.899739,0.0,0.0,0.873309
4939,07-Apr-08,24:00:00,47.343052,0.0014,15.664397,15.664397,0.0,0.0,0.887139,0.001376,31.677108,31.677108,0.0,0.0,0.868321
4940,08-Apr-08,24:00:00,47.044923,0.001667,15.565211,15.565211,0.0,0.0,0.881902,0.001574,31.47833,31.47833,0.0,0.0,0.863279
4941,09-Apr-08,24:00:00,46.778648,0.001871,15.476687,15.476687,0.0,0.0,0.875816,0.001769,31.300726,31.300726,0.0,0.0,0.857606
4942,10-Apr-08,24:00:00,46.540647,0.002004,15.397626,15.397626,0.0,0.0,0.86919,0.001891,31.141916,31.141916,0.0,0.0,0.851304
4943,11-Apr-08,24:00:00,46.327747,0.002097,15.326967,15.326967,0.0,0.0,0.86216,0.002002,30.99979,30.99979,0.0,0.0,0.844639
4944,12-Apr-08,24:00:00,46.137131,0.002173,15.263767,15.263767,0.0,0.0,0.854854,0.002235,30.872477,30.872477,0.0,0.0,0.837553
4945,13-Apr-08,24:00:00,45.966301,0.001742,15.20719,15.20719,0.0,0.0,0.848177,0.001448,30.758316,30.758316,0.0,0.0,0.831008
4946,14-Apr-08,24:00:00,45.813041,0.001922,15.156494,15.156494,0.0,0.0,0.841905,0.001602,30.655832,30.655832,0.0,0.0,0.82581
4947,15-Apr-08,24:00:00,45.675384,0.002059,15.111021,15.111021,0.0,0.0,0.835031,0.00184,30.56372,30.56372,0.0,0.0,0.819957
4948,16-Apr-08,24:00:00,45.551584,0.002144,15.070187,15.070187,0.0,0.0,0.827848,0.002096,30.480818,30.480818,0.0,0.0,0.813271
4949,17-Apr-08,24:00:00,45.440094,0.001513,15.033473,15.033473,0.0,0.0,0.821598,0.002037,30.406098,30.406098,0.0,0.0,0.806207
4950,18-Apr-08,24:00:00,45.339539,0.001817,15.00042,15.00042,0.0,0.0,0.815917,0.001581,30.338647,30.338647,0.0,0.0,0.799783
4951,19-Apr-08,24:00:00,45.2487,0.001493,14.970619,14.970619,0.0,0.0,0.810092,0.001051,30.277653,30.277653,0.0,0.0,0.795326
4952,20-Apr-08,24:00:00,45.166495,0.001583,14.943709,14.943709,0.0,0.0,0.804783,0.00152,30.222398,30.222398,0.0,0.0,0.790933
4953,21-Apr-08,24:00:00,52.294525,0.000989,20.29279,14.919368,0.008076,0.0,0.80659,0.000942,32.124609,30.172243,0.004387,0.0,0.789639
4954,22-Apr-08,24:00:00,51.779359,0.00131,16.123957,14.89731,0.0,0.0,0.826375,0.001192,35.535087,30.126622,0.0,0.0,0.800065
4955,23-Apr-08,24:00:00,45.031772,0.001895,14.877283,14.877283,0.0,0.0,0.826375,0.00175,30.150906,30.08503,0.0,0.0,0.800065
4956,24-Apr-08,24:00:00,44.906351,0.002033,14.859061,14.859061,0.0,0.0,0.824991,0.002023,30.047023,30.047023,0.0,0.0,0.799122
4957,25-Apr-08,24:00:00,44.854893,0.002433,14.842444,14.842444,0.0,0.0,0.818938,0.002263,30.012203,30.012203,0.0,0.0,0.793761
4958,26-Apr-08,24:00:00,44.8077,0.002469,14.827257,14.827257,0.0,0.0,0.810483,0.002344,29.980218,29.980218,0.0,0.0,0.785826
4959,27-Apr-08,24:00:00,44.764304,0.002292,14.81334,14.81334,0.0,0.0,0.802485,0.00221,29.950756,29.950756,0.0,0.0,0.778042
4960,28-Apr-08,24:00:00,44.724285,0.001766,14.800554,14.800554,0.0,0.0,0.795269,0.001331,29.923538,29.923538,0.0,0.0,0.771828
4961,29-Apr-08,24:00:00,44.687273,0.00217,14.788775,14.788775,0.0,0.0,0.788507,0.001766,29.898319,29.898319,0.0,0.0,0.766504
4962,30-Apr-08,24:00:00,44.652937,0.002192,14.777892,14.777892,0.0,0.0,0.780983,0.002044,29.874879,29.874879,0.0,0.0,0.76015
4963,01-May-08,24:00:00,44.620985,0.001777,14.767808,14.767808,0.0,0.0,0.774114,0.002036,29.853022,29.853022,0.0,0.0,0.753115
4964,02-May-08,24:00:00,44.591157,0.002042,14.758435,14.758435,0.0,0.0,0.767648,0.002128,29.832577,29.832577,0.0,0.0,0.745941
4965,03-May-08,24:00:00,44.56322,0.00183,14.749695,14.749695,0.0,0.0,0.760985,0.001864,29.813388,29.813388,0.0,0.0,0.739001
4966,04-May-08,24:00:00,44.536968,0.001622,14.74152,14.74152,0.0,0.0,0.755019,0.002598,29.795319,29.795319,0.0,0.0,0.731639
4967,05-May-08,24:00:00,44.512218,0.001943,14.733848,14.733848,0.0,0.0,0.749136,0.002618,29.778249,29.778249,0.0,0.0,0.722691
4968,06-May-08,24:00:00,44.488808,0.002125,14.726624,14.726624,0.0,0.0,0.742001,0.002111,29.762068,29.762068,0.0,0.0,0.714285
4969,07-May-08,24:00:00,44.466591,0.002047,14.7198,14.7198,0.0,0.0,0.734833,0.00207,29.74668,29.74668,0.0,0.0,0.707192
4970,08-May-08,24:00:00,44.445438,0.002203,14.713333,14.713333,0.0,0.0,0.727633,0.002225,29.732,29.732,0.0,0.0,0.699923
4971,09-May-08,24:00:00,44.425234,0.002186,14.707183,14.707183,0.0,0.0,0.720071,0.002336,29.71795,29.71795,0.0,0.0,0.692161
4972,10-May-08,24:00:00,44.405877,0.002281,14.701317,14.701317,0.0,0.0,0.712955,0.002293,29.704463,29.704463,0.0,0.0,0.684273
4973,11-May-08,24:00:00,44.387275,0.002885,14.695704,14.695704,0.0,0.0,0.703682,0.002349,29.691477,29.691477,0.0,0.0,0.676006
4974,12-May-08,24:00:00,44.369346,0.002721,14.690317,14.690317,0.0,0.0,0.693913,0.00248,29.678938,29.678938,0.0,0.0,0.668029
4975,13-May-08,24:00:00,44.352016,0.002643,14.68513,14.68513,0.0,0.0,0.685197,0.00232,29.666798,29.666798,0.0,0.0,0.65956
4976,14-May-08,24:00:00,44.335221,0.00354,14.680122,14.680122,0.0,0.0,0.673476,0.002862,29.655013,29.655013,0.0,0.0,0.650768
4977,15-May-08,24:00:00,44.318902,0.00289,14.675274,14.675274,0.0,0.0,0.663293,0.002883,29.643545,29.643545,0.0,0.0,0.641094
4978,16-May-08,24:00:00,44.303008,0.002652,14.670568,14.670568,0.0,0.0,0.653698,0.003033,29.632358,29.632358,0.0,0.0,0.631038
4979,17-May-08,24:00:00,44.28749,0.002079,14.665988,14.665988,0.0,0.0,0.645545,0.002779,29.621422,29.621422,0.0,0.0,0.620901
4980,18-May-08,24:00:00,44.272308,0.001773,14.661521,14.661521,0.0,0.0,0.638995,0.002546,29.610709,29.610709,0.0,0.0,0.611679
4981,19-May-08,24:00:00,44.257423,0.002316,14.657153,14.657153,0.0,0.0,0.632415,0.002483,29.600193,29.600193,0.0,0.0,0.603166
4982,20-May-08,24:00:00,44.242801,0.002826,14.652873,14.652873,0.0,0.0,0.623187,0.002487,29.589853,29.589853,0.0,0.0,0.59447
4983,21-May-08,24:00:00,44.228413,0.003031,14.648671,14.648671,0.0,0.0,0.612929,0.002264,29.579668,29.579668,0.0,0.0,0.586166
4984,22-May-08,24:00:00,44.21423,0.002101,14.644538,14.644538,0.0,0.0,0.603983,0.002161,29.569619,29.569619,0.0,0.0,0.578765
4985,23-May-08,24:00:00,44.200228,0.000606,14.640465,14.640465,0.0,0.0,0.599386,0.000836,29.55969,29.55969,0.0,0.0,0.573532
4986,24-May-08,24:00:00,44.186384,0.001903,14.636445,14.636445,0.0,0.0,0.595259,0.001985,29.549867,29.549867,0.0,0.0,0.568759
4987,25-May-08,24:00:00,44.172679,0.001461,14.632472,14.632472,0.0,0.0,0.589447,0.001738,29.540136,29.540136,0.0,0.0,0.562311
4988,26-May-08,24:00:00,44.159092,0.001402,14.628538,14.628538,0.0,0.0,0.584704,0.001451,29.530484,29.530484,0.0,0.0,0.556902
4989,27-May-08,24:00:00,44.145608,0.001482,14.624638,14.624638,0.0,0.0,0.579659,0.001385,29.5209,29.5209,0.0,0.0,0.552094
4990,28-May-08,24:00:00,44.132212,0.001532,14.620767,14.620767,0.0,0.0,0.574593,0.001732,29.511375,29.511375,0.0,0.0,0.546781
4991,29-May-08,24:00:00,44.11889,0.001758,14.616921,14.616921,0.0,0.0,0.568966,0.002278,29.501899,29.501899,0.0,0.0,0.539888
4992,30-May-08,24:00:00,44.105628,0.001545,14.613095,14.613095,0.0,0.0,0.563329,0.002274,29.492464,29.492464,0.0,0.0,0.532291
4993,31-May-08,24:00:00,44.092415,0.002256,14.609285,14.609285,0.0,0.0,0.556746,0.002462,29.483061,29.483061,0.0,0.0,0.524037
4994,01-Jun-08,24:00:00,44.07924,0.002608,14.605487,14.605487,0.0,0.0,0.548719,0.002682,29.473684,29.473684,0.0,0.0,0.515489
4995,02-Jun-08,24:00:00,44.066094,0.002554,14.601699,14.601699,0.0,0.0,0.539904,0.001918,29.464326,29.464326,0.0,0.0,0.507344
4996,03-Jun-08,24:00:00,44.052967,0.002948,14.597917,14.597917,0.0,0.0,0.530098,0.002332,29.454982,29.454982,0.0,0.0,0.499992
4997,04-Jun-08,24:00:00,44.039851,0.002956,14.594138,14.594138,0.0,0.0,0.520247,0.002456,29.445645,29.445645,0.0,0.0,0.491829
4998,05-Jun-08,24:00:00,44.026738,0.003042,14.59036,14.59036,0.0,0.0,0.509848,0.002332,29.43631,29.43631,0.0,0.0,0.48357
4999,06-Jun-08,24:00:00,44.01362,0.002851,14.586579,14.586579,0.0,0.0,0.499471,0.002518,29.426972,29.426972,0.0,0.0,0.475444
5000,07-Jun-08,24:00:00,44.000491,0.002831,14.582795,14.582795,0.0,0.0,0.489879,0.002724,29.417628,29.417628,0.0,0.0,0.466491
5001,08-Jun-08,24:00:00,43.987345,0.003331,14.579004,14.579004,0.0,0.0,0.479771,0.002942,29.408272,29.408272,0.0,0.0,0.456902
5002,09-Jun-08,24:00:00,43.974174,0.003638,14.575205,14.575205,0.0,0.0,0.467473,0.002779,29.3989,29.3989,0.0,0.0,0.446794
5003,10-Jun-08,24:00:00,43.960975,0.003078,14.571396,14.571396,0.0,0.0,0.455576,0.002621,29.38951,29.38951,0.0,0.0,0.437621
5004,11-Jun-08,24:00:00,43.94774,0.003064,14.567574,14.567574,0.0,0.0,0.445479,0.00265,29.380097,29.380097,0.0,0.0,0.428568
5005,12-Jun-08,24:00:00,43.934466,0.002577,14.563739,14.563739,0.0,0.0,0.43566,0.002856,29.370658,29.370658,0.0,0.0,0.419202
5006,13-Jun-08,24:00:00,43.921148,0.001728,14.559888,14.559888,0.0,0.0,0.428314,0.002607,29.36119,29.36119,0.0,0.0,0.409813
5007,14-Jun-08,24:00:00,43.90778,0.001894,14.55602,14.55602,0.0,0.0,0.422202,0.002779,29.35169,29.35169,0.0,0.0,0.400663
5008,15-Jun-08,24:00:00,43.894358,0.002092,14.552134,14.552134,0.0,0.0,0.415346,0.002848,29.342154,29.342154,0.0,0.0,0.390972
5009,16-Jun-08,24:00:00,43.88088,0.002925,14.548228,14.548228,0.0,0.0,0.407211,0.003155,29.332581,29.332581,0.0,0.0,0.380917
5010,17-Jun-08,24:00:00,43.867339,0.003054,14.544301,14.544301,0.0,0.0,0.396744,0.002878,29.322968,29.322968,0.0,0.0,0.370448
5011,18-Jun-08,24:00:00,43.853733,0.002889,14.540351,14.540351,0.0,0.0,0.38634,0.002891,29.313311,29.313311,0.0,0.0,0.360487
5012,19-Jun-08,24:00:00,43.840058,0.002839,14.536377,14.536377,0.0,0.0,0.376421,0.002803,29.30361,29.30361,0.0,0.0,0.350595
5013,20-Jun-08,24:00:00,43.826311,0.003131,14.532379,14.532379,0.0,0.0,0.366382,0.003112,29.29386,29.29386,0.0,0.0,0.34064
5014,21-Jun-08,24:00:00,43.812488,0.002406,14.528354,14.528354,0.0,0.0,0.356704,0.002883,29.284062,29.284062,0.0,0.0,0.330327
5015,22-Jun-08,24:00:00,43.798585,0.002115,14.524302,14.524302,0.0,0.0,0.34894,0.002526,29.27421,29.27421,0.0,0.0,0.321175
5016,23-Jun-08,24:00:00,43.7846,0.002516,14.520222,14.520222,0.0,0.0,0.341028,0.002226,29.264305,29.264305,0.0,0.0,0.313033
5017,24-Jun-08,24:00:00,43.77053,0.00234,14.516113,14.516113,0.0,0.0,0.332624,0.002209,29.254344,29.254344,0.0,0.0,0.305349
5018,25-Jun-08,24:00:00,43.756371,0.00232,14.511973,14.511973,0.0,0.0,0.324639,0.001836,29.244324,29.244324,0.0,0.0,0.298166
5019,26-Jun-08,24:00:00,43.742122,0.002281,14.507802,14.507802,0.0,0.0,0.316675,0.002704,29.234245,29.234245,0.0,0.0,0.290451
5020,27-Jun-08,24:00:00,43.727778,0.001654,14.503599,14.503599,0.0,0.0,0.310095,0.002748,29.224104,29.224104,0.0,0.0,0.28122
5021,28-Jun-08,24:00:00,43.713337,0.001939,14.499363,14.499363,0.0,0.0,0.303964,0.002648,29.213899,29.213899,0.0,0.0,0.271915
5022,29-Jun-08,24:00:00,43.698797,0.001989,14.495092,14.495092,0.0,0.0,0.297219,0.002542,29.203629,29.203629,0.0,0.0,0.262922
5023,30-Jun-08,24:00:00,43.684155,0.001925,14.490787,14.490787,0.0,0.0,0.29061,0.002626,29.193291,29.193291,0.0,0.0,0.254113
5024,01-Jul-08,24:00:00,43.669408,0.002209,14.486446,14.486446,0.0,0.0,0.283538,0.002802,29.182886,29.182886,0.0,0.0,0.24491
5025,02-Jul-08,24:00:00,43.654555,0.002477,14.482068,14.482068,0.0,0.0,0.275341,0.00254,29.172409,29.172409,0.0,0.0,0.235658
5026,03-Jul-08,24:00:00,43.639592,0.002471,14.477653,14.477653,0.0,0.0,0.26683,0.002699,29.161861,29.161861,0.0,0.0,0.226554
5027,04-Jul-08,24:00:00,43.624518,0.002629,14.4732,14.4732,0.0,0.0,0.258255,0.002756,29.15124,29.15124,0.0,0.0,0.217362
5028,05-Jul-08,24:00:00,43.60933,0.002721,14.468707,14.468707,0.0,0.0,0.24904,0.002864,29.140544,29.140544,0.0,0.0,0.207748
5029,06-Jul-08,24:00:00,43.594025,0.002927,14.464175,14.464175,0.0,0.0,0.239411,0.002547,29.129771,29.129771,0.0,0.0,0.19826
5030,07-Jul-08,24:00:00,43.578603,0.00305,14.459602,14.459602,0.0,0.0,0.229189,0.003131,29.118921,29.118921,0.0,0.0,0.188864
5031,08-Jul-08,24:00:00,43.56306,0.002784,14.454988,14.454988,0.0,0.0,0.21905,0.002737,29.107991,29.107991,0.0,0.0,0.178502
5032,09-Jul-08,24:00:00,43.547395,0.002527,14.450333,14.450333,0.0,0.0,0.209866,0.002918,29.096981,29.096981,0.0,0.0,0.168969
5033,10-Jul-08,24:00:00,43.531605,0.002087,14.445634,14.445634,0.0,0.0,0.201825,0.002672,29.085889,29.085889,0.0,0.0,0.15939
5034,11-Jul-08,24:00:00,43.515689,0.001896,14.440893,14.440893,0.0,0.0,0.195252,0.002497,29.074714,29.074714,0.0,0.0,0.150571
5035,12-Jul-08,24:00:00,43.499645,0.002343,14.436107,14.436107,0.0,0.0,0.187991,0.002793,29.063455,29.063455,0.0,0.0,0.141469
5036,13-Jul-08,24:00:00,43.483471,0.001997,14.431277,14.431277,0.0,0.0,0.18055,0.002693,29.05211,29.05211,0.0,0.0,0.132
5037,14-Jul-08,24:00:00,43.467164,0.001751,14.426402,14.426402,0.0,0.0,0.174114,0.002397,29.040678,29.040678,0.0,0.0,0.123277
5038,15-Jul-08,24:00:00,43.450724,0.001943,14.42148,14.42148,0.0,0.0,0.167779,0.002797,29.029158,29.029158,0.0,0.0,0.114484
5039,16-Jul-08,24:00:00,43.434148,0.002098,14.416513,14.416513,0.0,0.0,0.16086,0.002884,29.017549,29.017549,0.0,0.0,0.104762
5040,17-Jul-08,24:00:00,43.417434,0.002219,14.411498,14.411498,0.0,0.0,0.153429,0.002766,29.00585,29.00585,0.0,0.0,0.095046
5041,18-Jul-08,24:00:00,43.400582,0.002208,14.406436,14.406436,0.0,0.0,0.145841,0.002759,28.994059,28.994059,0.0,0.0,0.085558
5042,19-Jul-08,24:00:00,43.383589,0.001381,14.401326,14.401326,0.0,0.0,0.139628,0.00257,28.982176,28.982176,0.0,0.0,0.07642
5043,20-Jul-08,24:00:00,43.366454,0.001563,14.396167,14.396167,0.0,0.0,0.134647,0.002094,28.970198,28.970198,0.0,0.0,0.068446
5044,21-Jul-08,24:00:00,43.349175,0.002007,14.390959,14.390959,0.0,0.0,0.128577,0.00265,28.958127,28.958127,0.0,0.0,0.060372
5045,22-Jul-08,24:00:00,43.331751,0.00266,14.385701,14.385701,0.0,0.0,0.120598,0.002737,28.94596,28.94596,0.0,0.0,0.051085
5046,23-Jul-08,24:00:00,43.31418,0.002394,14.380393,14.380393,0.0,0.0,0.111789,0.002639,28.933696,28.933696,0.0,0.0,0.04182
5047,24-Jul-08,24:00:00,43.29646,0.002661,14.375034,14.375034,0.0,0.0,0.103323,0.002936,28.921335,28.921335,0.0,0.0,0.032448
5048,25-Jul-08,24:00:00,43.278592,0.002808,14.369624,14.369624,0.0,0.0,0.09386,0.002833,28.908875,28.908875,0.0,0.0,0.022493
5049,26-Jul-08,24:00:00,43.260571,0.002057,14.364162,14.364162,0.0,0.0,0.085458,0.00253,28.896316,28.896316,0.0,0.0,0.013108
5050,27-Jul-08,24:00:00,43.242399,0.001898,14.358648,14.358648,0.0,0.0,0.078742,0.002628,28.883657,28.883657,0.0,0.0,0.004542
5051,28-Jul-08,24:00:00,43.224072,0.002498,14.353082,14.353082,0.0,0.0,0.071241,0.002664,28.870896,28.870896,0.0,0.0,0.0
5052,29-Jul-08,24:00:00,43.20559,0.002428,14.347462,14.347462,0.0,0.0,0.062663,0.002606,28.858034,28.858034,0.0,0.0,0.0
5053,30-Jul-08,24:00:00,43.186953,0.002379,14.341789,14.341789,0.0,0.0,0.054523,0.002688,28.845068,28.845068,0.0,0.0,0.0
5054,31-Jul-08,24:00:00,43.168157,0.002497,14.336061,14.336061,0.0,0.0,0.046157,0.002665,28.831999,28.831999,0.0,0.0,0.0
5055,01-Aug-08,24:00:00,43.149203,0.002775,14.33028,14.33028,0.0,0.0,0.037189,0.002757,28.818825,28.818825,0.0,0.0,0.0
5056,02-Aug-08,24:00:00,43.130088,0.002232,14.324444,14.324444,0.0,0.0,0.028477,0.002431,28.805547,28.805547,0.0,0.0,0.0
5057,03-Aug-08,24:00:00,43.110813,0.001902,14.318552,14.318552,0.0,0.0,0.021408,0.002585,28.792162,28.792162,0.0,0.0,0.0
5058,04-Aug-08,24:00:00,43.091375,0.001459,14.312605,14.312605,0.0,0.0,0.015583,0.002604,28.77867,28.77867,0.0,0.0,0.0
5059,05-Aug-08,24:00:00,43.071774,0.002042,14.306602,14.306602,0.0,0.0,0.009584,0.002705,28.765072,28.765072,0.0,0.0,0.0
5060,06-Aug-08,24:00:00,43.052009,0.001853,14.300543,14.300543,0.0,0.0,0.003089,0.002581,28.751365,28.751365,0.0,0.0,0.0
5061,07-Aug-08,24:00:00,43.032078,0.001552,14.294428,14.294428,0.0,0.0,0.0,0.002441,28.737549,28.737549,0.0,0.0,0.0
5062,08-Aug-08,24:00:00,43.011981,0.00212,14.288255,14.288255,0.0,0.0,0.0,0.002404,28.723623,28.723623,0.0,0.0,0.0
5063,09-Aug-08,24:00:00,42.991717,0.002454,14.282025,14.282025,0.0,0.0,0.0,0.002545,28.709588,28.709588,0.0,0.0,0.0
5064,10-Aug-08,24:00:00,42.971284,0.002522,14.275738,14.275738,0.0,0.0,0.0,0.002515,28.695442,28.695442,0.0,0.0,0.0
5065,11-Aug-08,24:00:00,42.950682,0.002238,14.269392,14.269392,0.0,0.0,0.0,0.00263,28.681185,28.681185,0.0,0.0,0.0
5066,12-Aug-08,24:00:00,42.92991,0.002564,14.262989,14.262989,0.0,0.0,0.0,0.002583,28.666816,28.666816,0.0,0.0,0.0
5067,13-Aug-08,24:00:00,42.908967,0.002373,14.256526,14.256526,0.0,0.0,0.0,0.002552,28.652334,28.652334,0.0,0.0,0.0
5068,14-Aug-08,24:00:00,42.887853,0.002368,14.250005,14.250005,0.0,0.0,0.0,0.002512,28.637739,28.637739,0.0,0.0,0.0
5069,15-Aug-08,24:00:00,42.866565,0.001659,14.243426,14.243426,0.0,0.0,0.0,0.002614,28.623032,28.623032,0.0,0.0,0.0
5070,16-Aug-08,24:00:00,42.845105,0.001374,14.236786,14.236786,0.0,0.0,0.0,0.002332,28.608209,28.608209,0.0,0.0,0.0
5071,17-Aug-08,24:00:00,42.82347,0.000999,14.230087,14.230087,0.0,0.0,0.0,0.001347,28.593273,28.593273,0.0,0.0,0.0
5072,18-Aug-08,24:00:00,42.80166,0.001975,14.223328,14.223328,0.0,0.0,0.0,0.002245,28.578221,28.578221,0.0,0.0,0.0
5073,19-Aug-08,24:00:00,42.779675,0.002225,14.216509,14.216509,0.0,0.0,0.0,0.002278,28.563054,28.563054,0.0,0.0,0.0
5074,20-Aug-08,24:00:00,42.757514,0.00238,14.20963,14.20963,0.0,0.0,0.0,0.002092,28.547771,28.547771,0.0,0.0,0.0
5075,21-Aug-08,24:00:00,42.735176,0.002265,14.20269,14.20269,0.0,0.0,0.0,0.002329,28.532372,28.532372,0.0,0.0,0.0
5076,22-Aug-08,24:00:00,42.71266,0.001766,14.19569,14.19569,0.0,0.0,0.0,0.002457,28.516856,28.516856,0.0,0.0,0.0
5077,23-Aug-08,24:00:00,42.689966,0.002106,14.188628,14.188628,0.0,0.0,0.0,0.002642,28.501222,28.501222,0.0,0.0,0.0
5078,24-Aug-08,24:00:00,42.667093,0.002333,14.181506,14.181506,0.0,0.0,0.0,0.002333,28.485472,28.485472,0.0,0.0,0.0
5079,25-Aug-08,24:00:00,42.644042,0.002221,14.174321,14.174321,0.0,0.0,0.0,0.002186,28.469603,28.469603,0.0,0.0,0.0
5080,26-Aug-08,24:00:00,42.62081,0.002499,14.167076,14.167076,0.0,0.0,0.0,0.002415,28.453616,28.453616,0.0,0.0,0.0
5081,27-Aug-08,24:00:00,42.597398,0.002513,14.159768,14.159768,0.0,0.0,0.0,0.002244,28.437511,28.437511,0.0,0.0,0.0
5082,28-Aug-08,24:00:00,42.573805,0.002566,14.152399,14.152399,0.0,0.0,0.0,0.002489,28.421286,28.421286,0.0,0.0,0.0
5083,29-Aug-08,24:00:00,42.550031,0.002042,14.144967,14.144967,0.0,0.0,0.0,0.002664,28.404943,28.404943,0.0,0.0,0.0
5084,30-Aug-08,24:00:00,42.526075,0.002334,14.137474,14.137474,0.0,0.0,0.0,0.002329,28.38848,28.38848,0.0,0.0,0.0
5085,31-Aug-08,24:00:00,42.501937,0.002615,14.129918,14.129918,0.0,0.0,0.0,0.001963,28.371897,28.371897,0.0,0.0,0.0
5086,01-Sep-08,24:00:00,42.477616,0.002299,14.122299,14.122299,0.0,0.0,0.0,0.002129,28.355194,28.355194,0.0,0.0,0.0
5087,02-Sep-08,24:00:00,42.453113,0.002388,14.114618,14.114618,0.0,0.0,0.0,0.002187,28.338371,28.338371,0.0,0.0,0.0
5088,03-Sep-08,24:00:00,42.428426,0.002421,14.106874,14.106874,0.0,0.0,0.0,0.002076,28.321427,28.321427,0.0,0.0,0.0
5089,04-Sep-08,24:00:00,42.403555,0.002405,14.099067,14.099067,0.0,0.0,0.0,0.002251,28.304362,28.304362,0.0,0.0,0.0
5090,05-Sep-08,24:00:00,42.378501,0.002366,14.091197,14.091197,0.0,0.0,0.0,0.002355,28.287177,28.287177,0.0,0.0,0.0
5091,06-Sep-08,24:00:00,42.353262,0.001946,14.083264,14.083264,0.0,0.0,0.0,0.002185,28.26987,28.26987,0.0,0.0,0.0
5092,07-Sep-08,24:00:00,42.327838,0.001312,14.075268,14.075268,0.0,0.0,0.0,0.002093,28.252442,28.252442,0.0,0.0,0.0
5093,08-Sep-08,24:00:00,42.30223,0.000642,14.067208,14.067208,0.0,0.0,0.0,0.00146,28.234892,28.234892,0.0,0.0,0.0
5094,09-Sep-08,24:00:00,42.276436,0.001458,14.059085,14.059085,0.0,0.0,0.0,0.002054,28.217221,28.217221,0.0,0.0,0.0
5095,10-Sep-08,24:00:00,42.250458,0.001435,14.050898,14.050898,0.0,0.0,0.0,0.002078,28.199428,28.199428,0.0,0.0,0.0
5096,11-Sep-08,24:00:00,42.224293,0.001138,14.042648,14.042648,0.0,0.0,0.0,0.001994,28.181513,28.181513,0.0,0.0,0.0
5097,12-Sep-08,24:00:00,42.197943,0.001232,14.034334,14.034334,0.0,0.0,0.0,0.00173,28.163476,28.163476,0.0,0.0,0.0
5098,13-Sep-08,24:00:00,42.171407,0.001312,14.025957,14.025957,0.0,0.0,0.0,0.001946,28.145316,28.145316,0.0,0.0,0.0
5099,14-Sep-08,24:00:00,42.144685,0.001428,14.017516,14.017516,0.0,0.0,0.0,0.001999,28.127035,28.127035,0.0,0.0,0.0
5100,15-Sep-08,24:00:00,42.117777,0.00111,14.009011,14.009011,0.0,0.0,0.0,0.001562,28.10863,28.10863,0.0,0.0,0.0
5101,16-Sep-08,24:00:00,42.090683,0.000923,14.000442,14.000442,0.0,0.0,0.0,0.000499,28.090104,28.090104,0.0,0.0,0.0
5102,17-Sep-08,24:00:00,42.063402,0.001539,13.991809,13.991809,0.0,0.0,0.0,0.001278,28.071455,28.071455,0.0,0.0,0.0
5103,18-Sep-08,24:00:00,42.035935,0.00074,13.983113,13.983113,0.0,0.0,0.0,0.000468,28.052683,28.052683,0.0,0.0,0.0
5104,19-Sep-08,24:00:00,42.008281,0.001331,13.974352,13.974352,0.0,0.0,0.0,0.001025,28.033789,28.033789,0.0,0.0,0.0
5105,20-Sep-08,24:00:00,41.98044,0.001465,13.965528,13.965528,0.0,0.0,0.0,0.001747,28.014772,28.014772,0.0,0.0,0.0
5106,21-Sep-08,24:00:00,41.952413,0.001859,13.95664,13.95664,0.0,0.0,0.0,0.001597,27.995632,27.995632,0.0,0.0,0.0
5107,22-Sep-08,24:00:00,41.924199,0.001783,13.947687,13.947687,0.0,0.0,0.0,0.001719,27.97637,27.97637,0.0,0.0,0.0
5108,23-Sep-08,24:00:00,41.895799,0.001811,13.938671,13.938671,0.0,0.0,0.0,0.001621,27.956985,27.956985,0.0,0.0,0.0
5109,24-Sep-08,24:00:00,41.867212,0.001722,13.92959,13.92959,0.0,0.0,0.0,0.001579,27.937477,27.937477,0.0,0.0,0.0
5110,25-Sep-08,24:00:00,41.838438,0.00181,13.920446,13.920446,0.0,0.0,0.0,0.001725,27.917847,27.917847,0.0,0.0,0.0
5111,26-Sep-08,24:00:00,41.809478,0.001712,13.911238,13.911238,0.0,0.0,0.0,0.001566,27.898094,27.898094,0.0,0.0,0.0
5112,27-Sep-08,24:00:00,41.780331,0.001622,13.901966,13.901966,0.0,0.0,0.0,0.001657,27.878219,27.878219,0.0,0.0,0.0
5113,28-Sep-08,24:00:00,41.750998,0.001181,13.89263,13.89263,0.0,0.0,0.0,0.0019,27.858221,27.858221,0.0,0.0,0.0
5114,29-Sep-08,24:00:00,41.721479,0.001569,13.88323,13.88323,0.0,0.0,0.0,0.001761,27.838101,27.838101,0.0,0.0,0.0
5115,30-Sep-08,24:00:00,41.691773,0.001486,13.873766,13.873766,0.0,0.0,0.0,0.001723,27.817858,27.817858,0.0,0.0,0.0
5116,01-Oct-08,24:00:00,41.661881,0.000807,13.864238,13.864238,0.0,0.0,0.0,0.000726,27.797493,27.797493,0.0,0.0,0.0
5117,02-Oct-08,24:00:00,78.848121,0.000582,38.557312,13.854647,0.054507,0.0,0.028239,0.000455,41.236594,27.777006,0.051748,0.0,0.025803
5118,03-Oct-08,24:00:00,149.68889,0.001123,36.353988,13.844992,0.003261,0.0,0.19765,0.000709,112.458458,27.756396,0.007213,0.0,0.19998
5119,04-Oct-08,24:00:00,43.287375,0.000988,13.835273,13.835273,0.0,0.0,0.198062,0.000617,29.383342,27.735665,0.0,0.0,0.202152
5120,05-Oct-08,24:00:00,41.540456,0.001138,13.82549,13.82549,0.0,0.0,0.198062,0.001325,27.714812,27.714812,0.0,0.0,0.202152
5121,06-Oct-08,24:00:00,41.509636,0.00152,13.815645,13.815645,0.0,0.0,0.197386,0.001491,27.693837,27.693837,0.0,0.0,0.202152
5122,07-Oct-08,24:00:00,41.478631,0.00153,13.805735,13.805735,0.0,0.0,0.193595,0.001588,27.672741,27.672741,0.0,0.0,0.1998
5123,08-Oct-08,24:00:00,41.447441,0.002249,13.795762,13.795762,0.0,0.0,0.187162,0.001727,27.651523,27.651523,0.0,0.0,0.194075
5124,09-Oct-08,24:00:00,41.416067,0.001684,13.785726,13.785726,0.0,0.0,0.180179,0.001326,27.630184,27.630184,0.0,0.0,0.18859
5125,10-Oct-08,24:00:00,41.384508,0.001526,13.775627,13.775627,0.0,0.0,0.174876,0.001287,27.608723,27.608723,0.0,0.0,0.184312
5126,11-Oct-08,24:00:00,41.352765,0.001712,13.765464,13.765464,0.0,0.0,0.169307,0.00113,27.587142,27.587142,0.0,0.0,0.180077
5127,12-Oct-08,24:00:00,41.320838,0.001759,13.755238,13.755238,0.0,0.0,0.163248,0.001059,27.56544,27.56544,0.0,0.0,0.17626
5128,13-Oct-08,24:00:00,41.288728,0.001357,13.74495,13.74495,0.0,0.0,0.158015,0.001234,27.543617,27.543617,0.0,0.0,0.172402
5129,14-Oct-08,24:00:00,41.256434,0.00135,13.734598,13.734598,0.0,0.0,0.153306,0.001297,27.521674,27.521674,0.0,0.0,0.16809
5130,15-Oct-08,24:00:00,41.223958,0.001396,13.724184,13.724184,0.0,0.0,0.148659,0.00118,27.499611,27.499611,0.0,0.0,0.163786
5131,16-Oct-08,24:00:00,41.191298,0.001154,13.713707,13.713707,0.0,0.0,0.144196,0.001234,27.477428,27.477428,0.0,0.0,0.159669
5132,17-Oct-08,24:00:00,41.158457,0.001135,13.703167,13.703167,0.0,0.0,0.140291,0.001305,27.455125,27.455125,0.0,0.0,0.155365
5133,18-Oct-08,24:00:00,41.125433,0.000827,13.692565,13.692565,0.0,0.0,0.136963,0.001171,27.432702,27.432702,0.0,0.0,0.151104
5134,19-Oct-08,24:00:00,41.092228,0.000931,13.681901,13.681901,0.0,0.0,0.133914,0.001204,27.410161,27.410161,0.0,0.0,0.147047
5135,20-Oct-08,24:00:00,41.058841,0.001319,13.671174,13.671174,0.0,0.0,0.130095,0.000996,27.3875,27.3875,0.0,0.0,0.143158
5136,21-Oct-08,24:00:00,41.025274,0.001224,13.660385,13.660385,0.0,0.0,0.125738,0.001018,27.36472,27.36472,0.0,0.0,0.139717
5137,22-Oct-08,24:00:00,40.991526,0.001175,13.649535,13.649535,0.0,0.0,0.12164,0.000967,27.341822,27.341822,0.0,0.0,0.136291
5138,23-Oct-08,24:00:00,40.957598,0.001144,13.638622,13.638622,0.0,0.0,0.117621,0.000977,27.318806,27.318806,0.0,0.0,0.132973
5139,24-Oct-08,24:00:00,40.92349,0.00115,13.627648,13.627648,0.0,0.0,0.113683,0.000937,27.295671,27.295671,0.0,0.0,0.129674
5140,25-Oct-08,24:00:00,40.889202,0.001123,13.616612,13.616612,0.0,0.0,0.109787,0.001046,27.272419,27.272419,0.0,0.0,0.126363
5141,26-Oct-08,24:00:00,40.854736,0.000625,13.605515,13.605515,0.0,0.0,0.106816,0.000847,27.249049,27.249049,0.0,0.0,0.123015
5142,27-Oct-08,24:00:00,40.820092,0.000914,13.594356,13.594356,0.0,0.0,0.104194,0.000848,27.225562,27.225562,0.0,0.0,0.120112
5143,28-Oct-08,24:00:00,40.785269,0.000965,13.583137,13.583137,0.0,0.0,0.100929,0.001154,27.201959,27.201959,0.0,0.0,0.116824
5144,29-Oct-08,24:00:00,40.750269,0.000408,13.571856,13.571856,0.0,0.0,0.098566,0.000994,27.178239,27.178239,0.0,0.0,0.113222
5145,30-Oct-08,24:00:00,115.158296,0.000431,47.11942,13.560514,0.048491,0.0,0.174824,0.000641,68.454178,27.154402,0.036767,0.0,0.178055
5146,31-Oct-08,24:00:00,373.171931,0.000272,141.772936,13.549112,0.156463,0.0,0.598975,0.000356,232.453586,27.13045,0.142254,0.0,0.531442
5147,01-Nov-08,24:00:00,108.122228,0.000634,20.164772,13.53765,0.001112,0.0,0.803178,0.000489,86.523493,27.106381,0.002194,0.0,0.730613
5148,02-Nov-08,24:00:00,149.560243,0.000254,64.767924,18.617638,0.057944,0.000815,0.885809,0.000284,85.75133,27.082198,0.052389,0.0,0.804589
5149,03-Nov-08,24:00:00,78.114991,0.000741,19.480166,18.275232,0.0,0.0,1.0,0.000634,57.659068,27.0579,0.0,0.0,0.912114
5150,04-Nov-08,24:00:00,41.523849,0.000335,14.339214,14.339214,0.0,0.0,1.0,0.000276,27.16749,27.033487,0.0,0.0,0.912114
5151,05-Nov-08,24:00:00,41.240455,0.000829,14.231315,14.231315,0.0,0.0,1.0,0.000453,27.00896,27.00896,0.0,0.0,0.912114
5152,06-Nov-08,24:00:00,41.120361,0.000622,14.135861,14.135861,0.0,0.0,1.0,0.000597,26.984318,26.984318,0.0,0.0,0.912114
5153,07-Nov-08,24:00:00,41.009559,0.000396,14.049813,14.049813,0.0,0.0,1.0,0.000424,26.959564,26.959564,0.0,0.0,0.912114
5154,08-Nov-08,24:00:00,40.906978,0.00091,13.972099,13.972099,0.0,0.0,1.0,0.000758,26.934696,26.934696,0.0,0.0,0.912114
5155,09-Nov-08,24:00:00,40.811671,0.000604,13.901772,13.901772,0.0,0.0,0.999554,0.000502,26.909715,26.909715,0.0,0.0,0.912114
5156,10-Nov-08,24:00:00,40.722795,0.000322,13.837988,13.837988,0.0,0.0,0.998384,0.00042,26.884622,26.884622,0.0,0.0,0.912114
5157,11-Nov-08,24:00:00,40.639605,0.000685,13.780003,13.780003,0.0,0.0,0.996783,0.000468,26.859416,26.859416,0.0,0.0,0.911552
5158,12-Nov-08,24:00:00,40.561439,0.001086,13.727153,13.727153,0.0,0.0,0.993751,0.000905,26.834099,26.834099,0.0,0.0,0.909288
5159,13-Nov-08,24:00:00,40.48771,0.001762,13.678852,13.678852,0.0,0.0,0.989365,0.000791,26.808671,26.808671,0.0,0.0,0.906359
5160,14-Nov-08,24:00:00,40.417898,0.000905,13.634578,13.634578,0.0,0.0,0.984218,0.0007,26.783131,26.783131,0.0,0.0,0.903779
5161,15-Nov-08,24:00:00,40.351542,0.000747,13.593871,13.593871,0.0,0.0,0.981342,0.000701,26.757482,26.757482,0.0,0.0,0.901386
5162,16-Nov-08,24:00:00,40.288232,0.000717,13.556321,13.556321,0.0,0.0,0.978834,0.000659,26.731722,26.731722,0.0,0.0,0.899044
5163,17-Nov-08,24:00:00,40.227606,0.000736,13.521563,13.521563,0.0,0.0,0.976355,0.000675,26.705852,26.705852,0.0,0.0,0.896778
5164,18-Nov-08,24:00:00,40.169341,0.000219,13.489277,13.489277,0.0,0.0,0.974699,0.000469,26.679873,26.679873,0.0,0.0,0.894821
5165,19-Nov-08,24:00:00,40.113154,0.000545,13.459177,13.459177,0.0,0.0,0.973475,0.000483,26.653785,26.653785,0.0,0.0,0.893262
5166,20-Nov-08,24:00:00,40.05879,0.000619,13.431008,13.431008,0.0,0.0,0.97141,0.000616,26.627588,26.627588,0.0,0.0,0.891299
5167,21-Nov-08,24:00:00,40.006025,0.000631,13.404547,13.404547,0.0,0.0,0.96928,0.00063,26.601284,26.601284,0.0,0.0,0.889175
5168,22-Nov-08,24:00:00,39.954661,0.000595,13.379594,13.379594,0.0,0.0,0.967196,0.000594,26.574872,26.574872,0.0,0.0,0.887093
5169,23-Nov-08,24:00:00,39.904521,0.000339,13.355973,13.355973,0.0,0.0,0.965571,0.000338,26.548352,26.548352,0.0,0.0,0.885471
5170,24-Nov-08,24:00:00,39.855449,0.000181,13.333527,13.333527,0.0,0.0,0.964654,0.000212,26.521726,26.521726,0.0,0.0,0.884509
5171,25-Nov-08,24:00:00,39.807307,0.000287,13.312116,13.312116,0.0,0.0,0.963826,0.000616,26.494994,26.494994,0.0,0.0,0.883099
5172,26-Nov-08,24:00:00,39.759972,0.00023,13.291619,13.291619,0.0,0.0,0.962949,0.000242,26.468155,26.468155,0.0,0.0,0.881612
5173,27-Nov-08,24:00:00,39.713335,0.000448,13.271925,13.271925,0.0,0.0,0.96178,0.000454,26.441211,26.441211,0.0,0.0,0.880443
5174,28-Nov-08,24:00:00,39.6673,0.000279,13.252938,13.252938,0.0,0.0,0.960589,0.000538,26.414163,26.414163,0.0,0.0,0.878721
5175,29-Nov-08,24:00:00,39.621781,0.000365,13.234571,13.234571,0.0,0.0,0.959487,0.000553,26.387009,26.387009,0.0,0.0,0.876847
5176,30-Nov-08,24:00:00,39.576702,0.00021,13.216749,13.216749,0.0,0.0,0.958486,0.000209,26.359752,26.359752,0.0,0.0,0.87556
5177,01-Dec-08,24:00:00,39.531997,0.000471,13.199404,13.199404,0.0,0.0,0.957331,0.000483,26.332391,26.332391,0.0,0.0,0.874379
5178,02-Dec-08,24:00:00,39.487606,0.000203,13.182477,13.182477,0.0,0.0,0.956159,0.000362,26.304927,26.304927,0.0,0.0,0.872926
5179,03-Dec-08,24:00:00,39.443477,0.000251,13.165913,13.165913,0.0,0.0,0.955372,0.000462,26.27736,26.27736,0.0,0.0,0.871533
5180,04-Dec-08,24:00:00,39.399562,0.000304,13.149667,13.149667,0.0,0.0,0.954441,0.00046,26.249691,26.249691,0.0,0.0,0.869909
5181,05-Dec-08,24:00:00,39.435568,0.000316,13.133697,13.133697,0.0,0.0,0.953392,0.000468,26.309002,26.22192,0.000302,0.0,0.868498
5182,06-Dec-08,24:00:00,39.737873,0.000152,13.117965,13.117965,0.0,0.0,0.952548,0.00053,26.612628,26.194048,0.0,0.0,0.868539
5183,07-Dec-08,24:00:00,39.274603,0.00046,13.102439,13.102439,0.0,0.0,0.95152,0.000499,26.171696,26.166076,0.0,0.0,0.868539
5184,08-Dec-08,24:00:00,39.225299,0.000522,13.08709,13.08709,0.0,0.0,0.949858,0.000446,26.138003,26.138003,0.0,0.0,0.868539
5185,09-Dec-08,24:00:00,39.181929,0.000431,13.071892,13.071892,0.0,0.0,0.948184,0.000351,26.10983,26.10983,0.0,0.0,0.868539
5186,10-Dec-08,24:00:00,39.138588,0.000461,13.056822,13.056822,0.0,0.0,0.946654,0.000471,26.081558,26.081558,0.0,0.0,0.868539
5187,11-Dec-08,24:00:00,39.095257,0.000407,13.041861,13.041861,0.0,0.0,0.945189,0.000566,26.053187,26.053187,0.0,0.0,0.868539
5188,12-Dec-08,24:00:00,39.051918,0.000554,13.02699,13.02699,0.0,0.0,0.943379,0.000449,26.024718,26.024718,0.0,0.0,0.868539
5189,13-Dec-08,24:00:00,50.373378,9.7e-05,17.551869,13.012194,0.005805,0.0,0.949807,0.000109,33.012561,25.99615,0.008587,0.0,0.877577
5190,14-Dec-08,24:00:00,66.627187,0.000327,19.394899,12.997458,0.007578,0.0,0.984291,0.000248,47.092802,25.967486,0.008911,0.0,0.921688
5191,15-Dec-08,24:00:00,40.452111,0.000288,12.982771,12.982771,0.0,0.0,0.988342,0.000301,27.417253,25.938725,0.0,0.0,0.928531
5192,16-Dec-08,24:00:00,41.379082,0.000423,12.968121,12.968121,0.0,0.0,0.988342,0.000391,28.451942,25.909868,0.002254,0.0,0.93167
5193,17-Dec-08,24:00:00,75.68536,0.000158,44.555376,36.961471,0.017248,0.013848,0.991084,0.000119,31.388247,25.880915,0.016663,0.0,0.944373
5194,18-Dec-08,24:00:00,358.416106,0.000463,213.800971,203.79746,0.004284,0.004284,1.0,0.000433,144.939456,110.539097,0.006598,0.00467,1.0
5195,19-Dec-08,24:00:00,96.366819,0.000402,32.225907,32.225907,0.0,0.0,1.0,0.000368,63.629223,62.886382,0.0,0.0,1.0
5196,20-Dec-08,24:00:00,518.087558,8.1e-05,270.685267,251.439398,0.024097,0.024097,1.0,0.000116,251.949885,223.206546,0.022717,0.022717,1.0
5197,21-Dec-08,24:00:00,509.526764,0.000273,102.517432,102.070055,0.0,0.0,1.0,0.000229,403.501365,393.817136,0.0,0.0,1.0
5198,22-Dec-08,24:00:00,162.059216,0.000222,50.307051,50.307051,0.0,0.0,1.0,0.00016,111.021017,110.993732,0.0,0.0,1.0
5199,23-Dec-08,24:00:00,1338.359782,0.0001,727.409166,648.066893,0.077891,0.077891,1.0,0.000191,620.064746,557.71516,0.063797,0.063797,1.0
5200,24-Dec-08,24:00:00,2434.115833,0.000538,828.33185,624.134143,0.019559,0.019559,1.0,0.000371,1603.431141,1459.37202,0.021762,0.021762,1.0
5201,25-Dec-08,24:00:00,648.999563,0.000512,139.237217,139.237217,0.0,0.0,1.0,0.000408,504.388953,500.648495,0.0,0.0,1.0
5202,26-Dec-08,24:00:00,358.699455,0.000143,123.709368,123.709368,0.0,0.0,1.0,0.000146,234.455208,234.455208,0.0,0.0,1.0
5203,27-Dec-08,24:00:00,309.684693,0.000199,111.155842,111.155842,0.0,0.0,1.0,0.000203,198.361445,198.361445,0.0,0.0,1.0
5204,28-Dec-08,24:00:00,278.47822,0.000301,100.020483,100.020483,0.0,0.0,1.0,0.000196,178.322242,178.322242,0.0,0.0,1.0
5205,29-Dec-08,24:00:00,251.266077,0.000236,90.14274,90.14274,0.0,0.0,1.0,0.000345,161.003799,161.003799,0.0,0.0,1.0
5206,30-Dec-08,24:00:00,227.141004,0.000235,81.380404,81.380404,0.0,0.0,1.0,0.000476,145.654745,145.654745,0.0,0.0,1.0
5207,31-Dec-08,24:00:00,205.739616,0.000432,73.607349,73.607349,0.0,0.0,1.0,0.000433,132.038487,132.038487,0.0,0.0,1.0
5208,01-Jan-09,24:00:00,352.745236,0.00039,148.268576,142.704951,0.006808,0.006808,1.0,0.000408,205.478912,196.544295,0.005914,0.005914,1.0
5209,02-Jan-09,24:00:00,253.077244,0.000497,69.939382,69.939382,0.0,0.0,1.0,0.000434,182.181175,181.104704,0.0,0.0,1.0
5210,03-Jan-09,24:00:00,178.175161,0.000332,61.790904,61.790904,0.0,0.0,1.0,0.000268,116.204789,116.204789,0.0,0.0,1.0
5211,04-Jan-09,24:00:00,158.395452,0.000139,56.226478,56.226478,0.0,0.0,1.0,0.000139,102.096796,102.096796,0.0,0.0,1.0
5212,05-Jan-09,24:00:00,144.578293,0.000284,51.290055,51.290055,0.0,0.0,1.0,0.000513,93.228395,93.228395,0.0,0.0,1.0
5213,06-Jan-09,24:00:00,132.478909,0.000182,46.910296,46.910296,0.0,0.0,1.0,0.000179,85.515668,85.515668,0.0,0.0,1.0
5214,07-Jan-09,24:00:00,121.748235,0.000368,43.024254,43.024254,0.0,0.0,1.0,0.000429,78.677002,78.677002,0.0,0.0,1.0
5215,08-Jan-09,24:00:00,112.226357,0.000545,39.576104,39.576104,0.0,0.0,1.0,0.000461,72.608557,72.608557,0.0,0.0,1.0
5216,09-Jan-09,24:00:00,103.776438,0.000538,36.516329,36.516329,0.0,0.0,1.0,0.000489,67.223094,67.223094,0.0,0.0,1.0
5217,10-Jan-09,24:00:00,96.27726,0.000508,33.801014,33.801014,0.0,0.0,1.0,0.000512,62.443379,62.443379,0.0,0.0,1.0
5218,11-Jan-09,24:00:00,89.621315,0.001724,31.39121,31.39121,0.0,0.0,0.997995,0.000648,58.200918,58.200918,0.0,0.0,0.999644
5219,12-Jan-09,24:00:00,83.713253,0.000591,29.252371,29.252371,0.0,0.0,0.994438,0.000545,54.434959,54.434959,0.0,0.0,0.998118
5220,13-Jan-09,24:00:00,78.468507,0.000567,27.353857,27.353857,0.0,0.0,0.99246,0.000543,51.091621,51.091621,0.0,0.0,0.99626
5221,14-Jan-09,24:00:00,73.812072,0.000587,25.668496,25.668496,0.0,0.0,0.990495,0.00053,48.123116,48.123116,0.0,0.0,0.994417
5222,15-Jan-09,24:00:00,69.677424,0.000633,24.172184,24.172184,0.0,0.0,0.988426,0.000581,45.487059,45.487059,0.0,0.0,0.992539
5223,16-Jan-09,24:00:00,66.005564,0.000603,22.843545,22.843545,0.0,0.0,0.986276,0.000541,43.14586,43.14586,0.0,0.0,0.990598
5224,17-Jan-09,24:00:00,62.74416,0.000622,21.663621,21.663621,0.0,0.0,0.984182,0.000552,41.066176,41.066176,0.0,0.0,0.988727
5225,18-Jan-09,24:00:00,59.846803,0.00064,20.615595,20.615595,0.0,0.0,0.982018,0.000554,39.218437,39.218437,0.0,0.0,0.986829
5226,19-Jan-09,24:00:00,57.272327,0.000593,19.684555,19.684555,0.0,0.0,0.979886,0.000456,37.576415,37.576415,0.0,0.0,0.985064
5227,20-Jan-09,24:00:00,54.984223,0.000343,18.857272,18.857272,0.0,0.0,0.978249,0.000348,36.11685,36.11685,0.0,0.0,0.983682
5228,21-Jan-09,24:00:00,52.950112,0.000272,18.122014,18.122014,0.0,0.0,0.977206,0.000234,34.819109,34.819109,0.0,0.0,0.982687
5229,22-Jan-09,24:00:00,51.141272,0.000231,17.468377,17.468377,0.0,0.0,0.976326,0.000318,33.664896,33.664896,0.0,0.0,0.981746
5230,23-Jan-09,24:00:00,49.532233,0.000346,16.887131,16.887131,0.0,0.0,0.975368,0.000343,32.63798,32.63798,0.0,0.0,0.980701
5231,24-Jan-09,24:00:00,48.100402,0.000649,16.370092,16.370092,0.0,0.0,0.973698,0.000654,31.723967,31.723967,0.0,0.0,0.97888
5232,25-Jan-09,24:00:00,46.825742,0.000642,15.909999,15.909999,0.0,0.0,0.971489,0.000624,30.910091,30.910091,0.0,0.0,0.976769
5233,26-Jan-09,24:00:00,45.690481,0.000609,15.500415,15.500415,0.0,0.0,0.969328,0.000554,30.185028,30.185028,0.0,0.0,0.974728
5234,27-Jan-09,24:00:00,44.678858,0.000653,15.135627,15.135627,0.0,0.0,0.967202,0.000746,29.538737,29.538737,0.0,0.0,0.972568
5235,28-Jan-09,24:00:00,43.776892,0.000779,14.810572,14.810572,0.0,0.0,0.964697,0.000633,28.962309,28.962309,0.0,0.0,0.970143
5236,29-Jan-09,24:00:00,42.972184,0.000762,14.520756,14.520756,0.0,0.0,0.96211,0.000676,28.447846,28.447846,0.0,0.0,0.967911
5237,30-Jan-09,24:00:00,42.253737,0.000746,14.262196,14.262196,0.0,0.0,0.959516,0.000756,27.98834,27.98834,0.0,0.0,0.965505
5238,31-Jan-09,24:00:00,41.611797,0.000793,14.031357,14.031357,0.0,0.0,0.956907,0.000719,27.577576,27.577576,0.0,0.0,0.962949
5239,01-Feb-09,24:00:00,41.037713,0.00078,13.825106,13.825106,0.0,0.0,0.954183,0.000751,27.210043,27.210043,0.0,0.0,0.960438
5240,02-Feb-09,24:00:00,40.523812,0.000803,13.640661,13.640661,0.0,0.0,0.951476,0.000788,26.880852,26.880852,0.0,0.0,0.957816
5241,03-Feb-09,24:00:00,40.063288,0.000523,13.475558,13.475558,0.0,0.0,0.949133,0.000638,26.585667,26.585667,0.0,0.0,0.95537
5242,04-Feb-09,24:00:00,259.906314,0.000214,143.902265,116.317084,0.039849,0.024738,0.973772,0.000267,120.05878,84.815755,0.04407,0.030699,0.975334
5243,05-Feb-09,24:00:00,1759.747917,0.000231,598.476127,567.430854,0.031895,0.031895,1.0,0.000333,1164.705113,1079.264462,0.029815,0.029815,1.0
5244,06-Feb-09,24:00:00,588.30754,0.000931,80.853609,80.84995,0.0,0.0,1.0,0.000831,501.402164,497.013095,0.0,0.0,1.0
5245,07-Feb-09,24:00:00,256.508357,0.000329,83.707115,80.918115,0.005561,0.005561,1.0,0.000459,172.572586,171.292744,0.003842,0.003842,1.0
5246,08-Feb-09,24:00:00,327.712306,0.000731,113.824457,112.068837,0.0,0.0,1.0,0.000667,213.681506,208.526905,0.0,0.0,1.0
5247,09-Feb-09,24:00:00,284.367662,0.00049,118.733543,108.072024,0.017977,0.017977,1.0,0.000311,167.160238,160.971937,0.016324,0.016324,1.0
5248,10-Feb-09,24:00:00,878.186362,0.00031,307.074233,297.353368,0.006963,0.006963,1.0,0.000266,572.547352,538.199575,0.010388,0.010388,1.0
5249,11-Feb-09,24:00:00,436.063229,0.00053,81.069746,80.949155,0.002239,0.002239,1.0,0.000513,352.373489,347.623028,0.00162,0.00162,1.0
5250,12-Feb-09,24:00:00,843.888587,0.000377,391.750811,367.339674,0.029414,0.029414,1.0,0.000306,454.366652,428.067324,0.01788,0.01788,1.0
5251,13-Feb-09,24:00:00,838.007114,0.000414,347.382993,331.11874,0.022013,0.022013,1.0,0.000317,491.396297,468.290996,0.019184,0.019184,1.0
5252,14-Feb-09,24:00:00,3485.23125,0.000371,1336.722471,877.632851,0.078384,0.078384,1.0,0.000377,2158.279809,1295.579674,0.077086,0.077086,1.0
5253,15-Feb-09,24:00:00,4006.592083,0.000338,1488.872398,1115.224796,0.081478,0.081478,1.0,0.000386,2519.036667,2157.810417,0.083709,0.083709,1.0
5254,16-Feb-09,24:00:00,3221.667917,0.000321,902.345666,864.308329,0.038457,0.038457,1.0,0.0003,2316.46,2205.304583,0.045914,0.045914,1.0
5255,17-Feb-09,24:00:00,1459.421015,0.000726,294.912689,294.804057,0.0,0.0,1.0,0.000638,1156.635037,1144.172981,0.001027,0.001027,1.0
5256,18-Feb-09,24:00:00,814.722418,0.000975,244.415164,244.415164,0.0,0.0,1.0,0.001083,568.596253,568.097088,0.0,0.0,1.0
5257,19-Feb-09,24:00:00,675.730541,0.0008,218.126169,218.126169,0.0,0.0,1.0,0.000949,457.123379,457.123379,0.0,0.0,1.0
5258,20-Feb-09,24:00:00,600.393552,0.000757,194.81415,194.81415,0.0,0.0,1.0,0.000834,405.228462,405.228462,0.0,0.0,1.0
5259,21-Feb-09,24:00:00,7470.896041,0.000148,3038.439513,980.029645,0.098319,0.098319,1.0,0.000312,4454.688367,1205.59346,0.096868,0.096868,1.0
5260,22-Feb-09,24:00:00,4769.112917,0.000201,1547.373333,1365.5525,0.088436,0.088436,1.0,0.000329,3213.618333,2547.474583,0.079168,0.079168,1.0
5261,23-Feb-09,24:00:00,2376.36625,0.000761,530.498387,527.714557,0.0,0.0,1.0,0.00071,1835.541667,1803.472917,0.000716,0.000716,1.0
5262,24-Feb-09,24:00:00,1082.459034,0.000397,335.430721,328.588027,0.018366,0.018366,1.0,0.000331,745.169607,741.277536,0.01759,0.01759,1.0
5263,25-Feb-09,24:00:00,1607.399583,0.000865,572.062077,556.882086,0.008581,0.008581,1.0,0.000773,1035.83335,1000.355667,0.005687,0.005687,1.0
5264,26-Feb-09,24:00:00,895.623714,0.000931,267.185586,267.185586,0.0,0.0,1.0,0.000939,625.992575,625.23594,0.0,0.0,1.0
5265,27-Feb-09,24:00:00,715.713761,0.000991,237.828837,237.828837,0.0,0.0,1.0,0.00099,477.333043,477.333043,0.0,0.0,1.0
5266,28-Feb-09,24:00:00,1896.605368,0.000347,866.097223,706.409289,0.06951,0.06951,1.0,0.000347,1045.079842,885.36734,0.067907,0.067907,1.0
5267,01-Mar-09,24:00:00,4738.945417,0.000551,1370.070135,1072.43358,0.054588,0.054588,1.0,0.000544,3364.497917,2167.865417,0.048398,0.048398,1.0
5268,02-Mar-09,24:00:00,2030.449583,0.000483,666.103511,641.738859,0.025847,0.025847,1.0,0.000482,1358.609167,1307.46125,0.017225,0.017225,1.0
5269,03-Mar-09,24:00:00,1182.058129,0.000655,341.004225,340.223974,0.0,0.0,1.0,0.000605,837.519672,828.334437,0.0,0.0,1.0
5270,04-Mar-09,24:00:00,795.835527,0.000533,263.927764,263.927764,0.0,0.0,1.0,0.001035,530.824895,530.748739,0.0,0.0,1.0
5271,05-Mar-09,24:00:00,685.937829,0.000923,235.403796,235.403796,0.0,0.0,1.0,0.000812,450.109717,450.109717,0.0,0.0,1.0
5272,06-Mar-09,24:00:00,611.23737,0.001119,210.125513,210.125513,0.0,0.0,1.0,0.001079,400.767248,400.767248,0.0,0.0,1.0
5273,07-Mar-09,24:00:00,546.082539,0.001047,187.7051,187.7051,0.0,0.0,0.999945,0.001189,358.074716,358.074716,0.0,0.0,0.999383
5274,08-Mar-09,24:00:00,488.332479,0.001147,167.819417,167.819417,0.0,0.0,0.997684,0.00107,320.246042,320.246042,0.0,0.0,0.996394
5275,09-Mar-09,24:00:00,437.11244,0.00113,150.181869,150.181869,0.0,0.0,0.993904,0.001017,286.694869,286.694869,0.0,0.0,0.992809
5276,10-Mar-09,24:00:00,391.682916,0.001198,134.538267,134.538267,0.0,0.0,0.989912,0.001176,256.936472,256.936472,0.0,0.0,0.989072
5277,11-Mar-09,24:00:00,351.389124,0.001221,120.663165,120.663165,0.0,0.0,0.985757,0.001315,230.541992,230.541992,0.0,0.0,0.984869
5278,12-Mar-09,24:00:00,315.650359,0.000941,108.356609,108.356609,0.0,0.0,0.982067,0.001419,207.131095,207.131095,0.0,0.0,0.980226
5279,13-Mar-09,24:00:00,283.951591,0.000905,97.441259,97.441259,0.0,0.0,0.978882,0.00075,186.366452,186.366452,0.0,0.0,0.976389
5280,14-Mar-09,24:00:00,256.110603,0.000435,88.034394,87.759823,0.002066,0.0,0.97691,0.000445,167.948881,167.948881,0.0,0.0,0.974292
5281,15-Mar-09,24:00:00,250.726421,0.000477,99.000667,92.432613,0.006309,0.001287,0.997025,0.000465,151.613029,151.613029,0.0,0.0,0.9735
5282,16-Mar-09,24:00:00,211.627063,0.000978,74.206826,74.204531,0.0,0.0,1.0,0.000946,137.323411,137.123547,0.000173,0.0,0.973747
5283,17-Mar-09,24:00:00,190.534788,0.001342,66.078956,66.078956,0.0,0.0,1.0,0.001098,124.364433,124.271701,0.0,0.0,0.974093
5284,18-Mar-09,24:00:00,172.893456,0.001513,59.942399,59.942399,0.0,0.0,1.0,0.001539,112.87262,112.872356,0.0,0.0,0.974093
5285,19-Mar-09,24:00:00,157.330573,0.001154,54.499775,54.499775,0.0,0.0,0.998206,0.001559,102.761316,102.761316,0.0,0.0,0.973815
5286,20-Mar-09,24:00:00,152.354666,0.000579,58.225133,55.585736,0.008203,0.006488,0.996078,0.000611,94.105086,93.792946,0.004385,0.0,0.973463
5287,21-Mar-09,24:00:00,345.322807,0.001101,176.594979,168.860192,0.004491,0.004491,1.0,0.000745,169.105342,149.757593,0.007541,0.003525,0.999858
5288,22-Mar-09,24:00:00,161.160493,0.001563,53.437019,53.437019,0.0,0.0,1.0,0.001285,107.290614,106.760829,0.0,0.0,1.0
5289,23-Mar-09,24:00:00,129.259427,0.001532,48.50005,48.50005,0.0,0.0,0.999985,0.00149,80.680661,80.680661,0.0,0.0,1.0
5290,24-Mar-09,24:00:00,117.551374,0.001698,44.350384,44.350384,0.0,0.0,0.997375,0.001521,73.15622,73.15622,0.0,0.0,0.998874
5291,25-Mar-09,24:00:00,108.200497,0.001761,40.669885,40.669885,0.0,0.0,0.991284,0.001452,67.491968,67.491968,0.0,0.0,0.994719
5292,26-Mar-09,24:00:00,99.947199,0.001896,37.40549,37.40549,0.0,0.0,0.984997,0.001767,62.507455,62.507455,0.0,0.0,0.989252
5293,27-Mar-09,24:00:00,92.628045,0.001821,34.510168,34.510168,0.0,0.0,0.978829,0.001759,58.08748,58.08748,0.0,0.0,0.983214
5294,28-Mar-09,24:00:00,86.136212,0.001799,31.942206,31.942206,0.0,0.0,0.972516,0.001588,54.167029,54.167029,0.0,0.0,0.977215
5295,29-Mar-09,24:00:00,80.378175,0.001832,29.664608,29.664608,0.0,0.0,0.966053,0.001531,50.689624,50.689624,0.0,0.0,0.972064
5296,30-Mar-09,24:00:00,75.271014,0.001894,27.644559,27.644559,0.0,0.0,0.960202,0.002039,47.605204,47.605204,0.0,0.0,0.966302
5297,31-Mar-09,24:00:00,70.741187,0.001967,25.852957,25.852957,0.0,0.0,0.953055,0.001753,44.869369,44.869369,0.0,0.0,0.959389
5298,01-Apr-09,24:00:00,66.72347,0.001758,24.263989,24.263989,0.0,0.0,0.946968,0.001331,42.442741,42.442741,0.0,0.0,0.954231
5299,02-Apr-09,24:00:00,63.160008,0.001907,22.85476,22.85476,0.0,0.0,0.940472,0.001563,40.29039,40.29039,0.0,0.0,0.949021
5300,03-Apr-09,24:00:00,59.999491,0.001644,21.604964,21.604964,0.0,0.0,0.93443,0.001552,38.38134,38.38134,0.0,0.0,0.943863
5301,04-Apr-09,24:00:00,57.196409,0.001819,20.496592,20.496592,0.0,0.0,0.928593,0.001863,36.688114,36.688114,0.0,0.0,0.938076
5302,05-Apr-09,24:00:00,54.710396,0.001704,19.513669,19.513669,0.0,0.0,0.922449,0.001959,35.186341,35.186341,0.0,0.0,0.93155
5303,06-Apr-09,24:00:00,56.347858,0.000512,20.335476,18.642027,0.002147,0.0,0.921481,0.000873,36.071309,33.854406,0.002557,0.0,0.929358
5304,07-Apr-09,24:00:00,52.772939,0.000774,17.930226,17.869101,0.0,0.0,0.925566,0.000678,34.767608,32.673138,0.0,0.0,0.934407
5305,08-Apr-09,24:00:00,71.961844,0.000313,29.03168,17.183743,0.015516,0.0,0.947418,0.000313,43.109855,31.625532,0.010505,0.0,0.949714
5306,09-Apr-09,24:00:00,54.572675,0.001278,17.408831,16.576069,0.0,0.0,0.978764,0.001277,36.972163,30.696506,0.0,0.0,0.970424
5307,10-Apr-09,24:00:00,45.958774,0.001636,16.03731,16.03731,0.0,0.0,0.978764,0.001636,29.912732,29.872682,0.0,0.0,0.970424
5308,11-Apr-09,24:00:00,44.706949,0.001744,15.559689,15.559689,0.0,0.0,0.978245,0.001744,29.142194,29.142194,0.0,0.0,0.969907
5309,12-Apr-09,24:00:00,43.635319,0.001924,15.136308,15.136308,0.0,0.0,0.974284,0.001646,28.494518,28.494518,0.0,0.0,0.966124
5310,13-Apr-09,24:00:00,42.685351,0.001859,14.761049,14.761049,0.0,0.0,0.967368,0.001632,27.920317,27.920317,0.0,0.0,0.960329
5311,14-Apr-09,24:00:00,41.84333,0.001826,14.428483,14.428483,0.0,0.0,0.961202,0.001535,27.411314,27.411314,0.0,0.0,0.954965
5312,15-Apr-09,24:00:00,41.097092,0.00171,14.133799,14.133799,0.0,0.0,0.955071,0.00185,26.960161,26.960161,0.0,0.0,0.94937
5313,16-Apr-09,24:00:00,40.435846,0.002167,13.872725,13.872725,0.0,0.0,0.948658,0.001959,26.560344,26.560344,0.0,0.0,0.942761
5314,17-Apr-09,24:00:00,39.850021,0.002038,13.641475,13.641475,0.0,0.0,0.941267,0.002079,26.206086,26.206086,0.0,0.0,0.935835
5315,18-Apr-09,24:00:00,39.331128,0.002236,13.43669,13.43669,0.0,0.0,0.933975,0.002152,25.892258,25.892258,0.0,0.0,0.928594
5316,19-Apr-09,24:00:00,38.871635,0.002423,13.255389,13.255389,0.0,0.0,0.92608,0.002318,25.614315,25.614315,0.0,0.0,0.920976
5317,20-Apr-09,24:00:00,38.464862,0.002283,13.09493,13.09493,0.0,0.0,0.917947,0.002362,25.368223,25.368223,0.0,0.0,0.912955
5318,21-Apr-09,24:00:00,38.104883,0.00205,12.952968,12.952968,0.0,0.0,0.910365,0.002407,25.150403,25.150403,0.0,0.0,0.904852
5319,22-Apr-09,24:00:00,37.786442,0.00153,12.827422,12.827422,0.0,0.0,0.904432,0.002019,24.957681,24.957681,0.0,0.0,0.897152
5320,23-Apr-09,24:00:00,37.504874,0.001869,12.716448,12.716448,0.0,0.0,0.898551,0.001676,24.787242,24.787242,0.0,0.0,0.890646
5321,24-Apr-09,24:00:00,37.256042,0.001761,12.618409,12.618409,0.0,0.0,0.892234,0.001835,24.636587,24.636587,0.0,0.0,0.884819
5322,25-Apr-09,24:00:00,37.036278,0.001818,12.531854,12.531854,0.0,0.0,0.886105,0.001842,24.5035,24.5035,0.0,0.0,0.878392
5323,26-Apr-09,24:00:00,36.842323,0.001554,12.455493,12.455493,0.0,0.0,0.880425,0.001489,24.386015,24.386015,0.0,0.0,0.872807
5324,27-Apr-09,24:00:00,36.671291,0.001471,12.388185,12.388185,0.0,0.0,0.875124,0.00129,24.282387,24.282387,0.0,0.0,0.868015
5325,28-Apr-09,24:00:00,36.520616,0.001657,12.328915,12.328915,0.0,0.0,0.869746,0.001691,24.191068,24.191068,0.0,0.0,0.862806
5326,29-Apr-09,24:00:00,36.388026,0.001321,12.276783,12.276783,0.0,0.0,0.864614,0.001291,24.110685,24.110685,0.0,0.0,0.85772
5327,30-Apr-09,24:00:00,87.998882,0.000639,41.567844,12.230993,0.039305,0.0,0.903318,0.000856,47.235412,24.040019,0.031094,0.0,0.884064
5328,01-May-09,24:00:00,356.749888,0.000403,227.322191,207.433602,0.021036,0.019634,0.998397,0.000599,130.265447,75.730519,0.019229,0.007481,0.982361
5329,02-May-09,24:00:00,964.739599,0.001113,425.461086,400.451072,0.030493,0.030493,1.0,0.001669,542.042409,497.665802,0.023546,0.023546,1.0
5330,03-May-09,24:00:00,853.172623,0.000498,426.300659,193.336224,0.033946,0.033946,1.0,0.000585,432.846622,352.490395,0.031739,0.031739,1.0
5331,04-May-09,24:00:00,2380.158512,0.001,660.286994,467.094562,0.010417,0.010417,1.0,0.001621,1714.327465,959.913457,0.012484,0.012484,1.0
5332,05-May-09,24:00:00,476.532547,0.000789,116.580527,115.281414,0.001618,0.001618,1.0,0.000787,355.874255,343.465359,0.0,0.0,1.0
5333,06-May-09,24:00:00,261.650617,0.00229,95.120603,95.097774,0.0,0.0,1.0,0.002078,166.178887,166.178887,0.0,0.0,1.0
5334,07-May-09,24:00:00,224.868718,0.002213,82.790742,82.790742,0.0,0.0,0.999349,0.002236,141.964734,141.964734,0.0,0.0,0.998021
5335,08-May-09,24:00:00,203.136274,0.002087,74.774516,74.774516,0.0,0.0,0.994578,0.002345,128.269544,128.269544,0.0,0.0,0.991239
5336,09-May-09,24:00:00,184.165975,0.002366,67.666295,67.666295,0.0,0.0,0.987209,0.002471,116.41824,116.41824,0.0,0.0,0.983074
5337,10-May-09,24:00:00,167.351772,0.002541,61.362479,61.362479,0.0,0.0,0.978885,0.002373,105.917127,105.917127,0.0,0.0,0.974724
5338,11-May-09,24:00:00,152.440753,0.002517,55.772116,55.772116,0.0,0.0,0.970244,0.002166,96.604667,96.604667,0.0,0.0,0.966885
5339,12-May-09,24:00:00,139.217475,0.002531,50.81454,50.81454,0.0,0.0,0.961332,0.002392,88.346218,88.346218,0.0,0.0,0.959115
5340,13-May-09,24:00:00,127.491108,0.002247,46.418206,46.418206,0.0,0.0,0.953072,0.002171,81.022607,81.022607,0.0,0.0,0.951208
5341,14-May-09,24:00:00,117.092404,0.002366,42.519659,42.519659,0.0,0.0,0.945137,0.002446,74.528139,74.528139,0.0,0.0,0.943324
5342,15-May-09,24:00:00,107.871257,0.002629,39.062619,39.062619,0.0,0.0,0.93673,0.00242,68.769074,68.769074,0.0,0.0,0.934891
5343,16-May-09,24:00:00,99.694533,0.00275,35.997169,35.997169,0.0,0.0,0.92752,0.00267,63.662268,63.662268,0.0,0.0,0.926227
5344,17-May-09,24:00:00,92.444151,0.00191,33.279037,33.279037,0.0,0.0,0.919279,0.002627,59.13398,59.13398,0.0,0.0,0.917228
5345,18-May-09,24:00:00,86.015386,0.001816,30.868958,30.868958,0.0,0.0,0.913167,0.0025,55.118808,55.118808,0.0,0.0,0.90843
5346,19-May-09,24:00:00,80.315351,0.002087,28.732105,28.732105,0.0,0.0,0.906346,0.002241,51.558743,51.558743,0.0,0.0,0.900195
5347,20-May-09,24:00:00,75.261663,0.002029,26.83759,26.83759,0.0,0.0,0.899215,0.00244,48.402336,48.402336,0.0,0.0,0.892244
5348,21-May-09,24:00:00,70.781255,0.001626,25.158016,25.158016,0.0,0.0,0.89307,0.002465,45.603956,45.603956,0.0,0.0,0.883816
5349,22-May-09,24:00:00,66.809321,0.001376,23.669086,23.669086,0.0,0.0,0.887928,0.00241,43.123129,43.123129,0.0,0.0,0.875537
5350,23-May-09,24:00:00,63.288383,0.001436,22.349249,22.349249,0.0,0.0,0.883116,0.002261,40.923961,40.923961,0.0,0.0,0.867534
5351,24-May-09,24:00:00,60.167461,0.001875,21.17939,21.17939,0.0,0.0,0.877417,0.00247,38.974613,38.974613,0.0,0.0,0.859397
5352,25-May-09,24:00:00,57.401339,0.002369,20.142556,20.142556,0.0,0.0,0.870153,0.002628,37.246848,37.246848,0.0,0.0,0.850646
5353,26-May-09,24:00:00,54.949914,0.002327,19.223712,19.223712,0.0,0.0,0.862002,0.002661,35.715619,35.715619,0.0,0.0,0.84156
5354,27-May-09,24:00:00,52.777617,0.001839,18.409521,18.409521,0.0,0.0,0.854878,0.002755,34.358713,34.358713,0.0,0.0,0.832354
5355,28-May-09,24:00:00,50.8529,0.001369,17.688154,17.688154,0.0,0.0,0.849408,0.002406,33.156428,33.156428,0.0,0.0,0.823445
5356,29-May-09,24:00:00,49.147781,0.00134,17.049119,17.049119,0.0,0.0,0.844805,0.002128,32.091289,32.091289,0.0,0.0,0.815801
5357,30-May-09,24:00:00,47.637442,0.001502,16.483113,16.483113,0.0,0.0,0.839939,0.002376,31.147796,31.147796,0.0,0.0,0.808001
5358,31-May-09,24:00:00,46.299871,0.00127,15.981881,15.981881,0.0,0.0,0.835017,0.002269,30.312202,30.312202,0.0,0.0,0.7999
5359,01-Jun-09,24:00:00,45.115544,0.001748,15.538104,15.538104,0.0,0.0,0.830057,0.002224,29.572315,29.572315,0.0,0.0,0.792238
5360,02-Jun-09,24:00:00,44.067145,0.001857,15.145288,15.145288,0.0,0.0,0.823816,0.001952,28.917317,28.917317,0.0,0.0,0.785087
5361,03-Jun-09,24:00:00,43.139312,0.001027,14.797675,14.797675,0.0,0.0,0.818816,0.001235,28.337619,28.337619,0.0,0.0,0.779616
5362,04-Jun-09,24:00:00,42.318424,0.001284,14.490157,14.490157,0.0,0.0,0.814726,0.00101,27.824711,27.824711,0.0,0.0,0.775644
5363,05-Jun-09,24:00:00,41.592396,0.001729,14.218204,14.218204,0.0,0.0,0.809704,0.002214,27.371046,27.371046,0.0,0.0,0.770194
5364,06-Jun-09,24:00:00,40.95051,0.002144,13.977797,13.977797,0.0,0.0,0.803068,0.002378,26.969932,26.969932,0.0,0.0,0.762386
5365,07-Jun-09,24:00:00,40.383259,0.002026,13.765371,13.765371,0.0,0.0,0.795897,0.00246,26.61543,26.61543,0.0,0.0,0.754222
5366,08-Jun-09,24:00:00,39.882212,0.001737,13.577766,13.577766,0.0,0.0,0.789415,0.002027,26.302275,26.302275,0.0,0.0,0.746407
5367,09-Jun-09,24:00:00,39.439889,0.001327,13.412177,13.412177,0.0,0.0,0.784264,0.001807,26.025795,26.025795,0.0,0.0,0.739874
5368,10-Jun-09,24:00:00,39.049655,0.002047,13.266117,13.266117,0.0,0.0,0.778477,0.002115,25.781847,25.781847,0.0,0.0,0.733129
5369,11-Jun-09,24:00:00,38.705625,0.001994,13.137379,13.137379,0.0,0.0,0.771463,0.002293,25.566755,25.566755,0.0,0.0,0.725721
5370,12-Jun-09,24:00:00,38.402579,0.00163,13.024006,13.024006,0.0,0.0,0.765319,0.001896,25.37726,25.37726,0.0,0.0,0.718427
5371,13-Jun-09,24:00:00,38.135886,0.0019,12.924263,12.924263,0.0,0.0,0.759251,0.001947,25.210469,25.210469,0.0,0.0,0.711792
5372,14-Jun-09,24:00:00,37.90144,0.001906,12.836609,12.836609,0.0,0.0,0.752714,0.002102,25.063817,25.063817,0.0,0.0,0.70483
5373,15-Jun-09,24:00:00,37.695597,0.00157,12.759678,12.759678,0.0,0.0,0.746815,0.002659,24.935028,24.935028,0.0,0.0,0.696829
5374,16-Jun-09,24:00:00,37.515123,0.002228,12.692259,12.692259,0.0,0.0,0.740314,0.002648,24.822084,24.822084,0.0,0.0,0.687674
5375,17-Jun-09,24:00:00,37.357153,0.002666,12.633276,12.633276,0.0,0.0,0.731947,0.003073,24.723193,24.723193,0.0,0.0,0.678135
5376,18-Jun-09,24:00:00,37.219141,0.00312,12.581777,12.581777,0.0,0.0,0.722478,0.002628,24.636768,24.636768,0.0,0.0,0.668075
5377,19-Jun-09,24:00:00,37.098832,0.002312,12.536914,12.536914,0.0,0.0,0.712793,0.002325,24.561398,24.561398,0.0,0.0,0.659562
5378,20-Jun-09,24:00:00,36.994222,0.002548,12.497938,12.497938,0.0,0.0,0.704167,0.002395,24.495833,24.495833,0.0,0.0,0.651307
5379,21-Jun-09,24:00:00,36.903537,0.002761,12.464182,12.464182,0.0,0.0,0.695367,0.002601,24.438964,24.438964,0.0,0.0,0.642917
5380,22-Jun-09,24:00:00,36.825199,0.0027,12.435056,12.435056,0.0,0.0,0.685946,0.002883,24.389806,24.389806,0.0,0.0,0.633657
5381,23-Jun-09,24:00:00,36.757811,0.00216,12.410036,12.410036,0.0,0.0,0.677432,0.002882,24.347485,24.347485,0.0,0.0,0.62371
5382,24-Jun-09,24:00:00,36.700131,0.001795,12.388656,12.388656,0.0,0.0,0.670898,0.00285,24.311227,24.311227,0.0,0.0,0.61397
5383,25-Jun-09,24:00:00,36.651059,0.002202,12.370504,12.370504,0.0,0.0,0.664059,0.002716,24.280344,24.280344,0.0,0.0,0.604285
5384,26-Jun-09,24:00:00,36.609617,0.002888,12.355214,12.355214,0.0,0.0,0.655421,0.002898,24.254226,24.254226,0.0,0.0,0.594711
5385,27-Jun-09,24:00:00,36.574939,0.003009,12.34246,12.34246,0.0,0.0,0.645225,0.003007,24.232331,24.232331,0.0,0.0,0.584616
5386,28-Jun-09,24:00:00,36.546254,0.002532,12.331954,12.331954,0.0,0.0,0.635614,0.001258,24.214178,24.214178,0.0,0.0,0.577525
5387,29-Jun-09,24:00:00,36.522879,0.002209,12.323441,12.323441,0.0,0.0,0.627521,0.002928,24.19934,24.19934,0.0,0.0,0.57017
5388,30-Jun-09,24:00:00,36.504209,0.002012,12.316692,12.316692,0.0,0.0,0.620278,0.002799,24.187438,24.187438,0.0,0.0,0.560324
5389,01-Jul-09,24:00:00,36.489704,0.001929,12.311507,12.311507,0.0,0.0,0.613536,0.002811,24.178137,24.178137,0.0,0.0,0.550743
5390,02-Jul-09,24:00:00,36.478887,0.001923,12.307705,12.307705,0.0,0.0,0.606877,0.002748,24.171138,24.171138,0.0,0.0,0.541106
5391,03-Jul-09,24:00:00,36.471334,0.0014,12.305129,12.305129,0.0,0.0,0.60123,0.002593,24.166175,24.166175,0.0,0.0,0.531979
5392,04-Jul-09,24:00:00,36.466667,0.001415,12.303636,12.303636,0.0,0.0,0.596378,0.002257,24.163013,24.163013,0.0,0.0,0.523743
5393,05-Jul-09,24:00:00,36.464552,0.002428,12.303102,12.303102,0.0,0.0,0.589925,0.002454,24.161444,24.161444,0.0,0.0,0.51562
5394,06-Jul-09,24:00:00,36.464691,0.001977,12.303415,12.303415,0.0,0.0,0.582242,0.002784,24.16128,24.16128,0.0,0.0,0.506808
5395,07-Jul-09,24:00:00,36.466821,0.002874,12.304476,12.304476,0.0,0.0,0.574207,0.002772,24.162357,24.162357,0.0,0.0,0.496983
5396,08-Jul-09,24:00:00,36.470706,0.00244,12.306197,12.306197,0.0,0.0,0.564852,0.002447,24.164528,24.164528,0.0,0.0,0.488104
5397,09-Jul-09,24:00:00,36.476137,0.002346,12.308501,12.308501,0.0,0.0,0.556714,0.002713,24.167663,24.167663,0.0,0.0,0.479342
5398,10-Jul-09,24:00:00,36.48293,0.002053,12.311316,12.311316,0.0,0.0,0.549082,0.002645,24.171646,24.171646,0.0,0.0,0.47012
5399,11-Jul-09,24:00:00,36.490919,0.002468,12.314583,12.314583,0.0,0.0,0.541549,0.002705,24.176373,24.176373,0.0,0.0,0.460975
5400,12-Jul-09,24:00:00,36.499957,0.002836,12.318245,12.318245,0.0,0.0,0.532347,0.002742,24.181753,24.181753,0.0,0.0,0.451646
5401,13-Jul-09,24:00:00,36.509914,0.00295,12.322255,12.322255,0.0,0.0,0.522433,0.002853,24.187704,24.187704,0.0,0.0,0.442041
5402,14-Jul-09,24:00:00,36.520673,0.002475,12.326568,12.326568,0.0,0.0,0.512981,0.002997,24.194154,24.194154,0.0,0.0,0.432089
5403,15-Jul-09,24:00:00,36.532132,0.002268,12.331146,12.331146,0.0,0.0,0.505003,0.002822,24.201038,24.201038,0.0,0.0,0.422012
5404,16-Jul-09,24:00:00,36.544197,0.002524,12.335954,12.335954,0.0,0.0,0.496835,0.002839,24.208298,24.208298,0.0,0.0,0.412321
5405,17-Jul-09,24:00:00,36.556787,0.002412,12.340961,12.340961,0.0,0.0,0.488289,0.003283,24.215883,24.215883,0.0,0.0,0.402086
5406,18-Jul-09,24:00:00,36.569829,0.002705,12.346142,12.346142,0.0,0.0,0.479534,0.002915,24.223746,24.223746,0.0,0.0,0.391151
5407,19-Jul-09,24:00:00,36.583256,0.001958,12.351469,12.351469,0.0,0.0,0.471477,0.003084,24.231847,24.231847,0.0,0.0,0.38113
5408,20-Jul-09,24:00:00,36.597011,0.001967,12.356923,12.356923,0.0,0.0,0.464768,0.002939,24.24015,24.24015,0.0,0.0,0.370749
5409,21-Jul-09,24:00:00,36.611042,0.00203,12.362483,12.362483,0.0,0.0,0.457894,0.002745,24.248622,24.248622,0.0,0.0,0.360855
5410,22-Jul-09,24:00:00,36.625301,0.001874,12.368132,12.368132,0.0,0.0,0.451216,0.002815,24.257233,24.257233,0.0,0.0,0.351388
5411,23-Jul-09,24:00:00,36.639748,0.001609,12.373855,12.373855,0.0,0.0,0.445209,0.002701,24.265957,24.265957,0.0,0.0,0.341904
5412,24-Jul-09,24:00:00,36.654344,0.002004,12.379638,12.379638,0.0,0.0,0.439103,0.002693,24.274772,24.274772,0.0,0.0,0.332608
5413,25-Jul-09,24:00:00,36.669057,0.002354,12.385468,12.385468,0.0,0.0,0.431617,0.00294,24.283655,24.283655,0.0,0.0,0.323052
5414,26-Jul-09,24:00:00,36.683856,0.002184,12.391334,12.391334,0.0,0.0,0.423821,0.002988,24.292589,24.292589,0.0,0.0,0.312877
5415,27-Jul-09,24:00:00,36.698715,0.001776,12.397225,12.397225,0.0,0.0,0.416986,0.00278,24.301556,24.301556,0.0,0.0,0.302974
5416,28-Jul-09,24:00:00,36.713609,0.001647,12.403134,12.403134,0.0,0.0,0.411107,0.002624,24.310541,24.310541,0.0,0.0,0.293645
5417,29-Jul-09,24:00:00,36.728516,0.001643,12.409052,12.409052,0.0,0.0,0.405485,0.002608,24.319531,24.319531,0.0,0.0,0.284707
5418,30-Jul-09,24:00:00,36.743417,0.001783,12.414971,12.414971,0.0,0.0,0.399615,0.002569,24.328512,24.328512,0.0,0.0,0.275794
5419,31-Jul-09,24:00:00,36.758294,0.001867,12.420885,12.420885,0.0,0.0,0.393311,0.00265,24.337475,24.337475,0.0,0.0,0.266851
5420,01-Aug-09,24:00:00,36.773131,0.001726,12.426788,12.426788,0.0,0.0,0.387167,0.00234,24.346408,24.346408,0.0,0.0,0.258231
5421,02-Aug-09,24:00:00,36.787913,0.001659,12.432675,12.432675,0.0,0.0,0.381399,0.002101,24.355304,24.355304,0.0,0.0,0.250628
5422,03-Aug-09,24:00:00,36.802628,0.001996,12.438541,12.438541,0.0,0.0,0.375112,0.002176,24.364152,24.364152,0.0,0.0,0.243335
5423,04-Aug-09,24:00:00,36.817262,0.001833,12.444381,12.444381,0.0,0.0,0.368553,0.002326,24.372946,24.372946,0.0,0.0,0.235533
5424,05-Aug-09,24:00:00,36.831806,0.001252,12.450191,12.450191,0.0,0.0,0.363209,0.001072,24.381679,24.381679,0.0,0.0,0.229656
5425,06-Aug-09,24:00:00,36.846249,0.002195,12.455968,12.455968,0.0,0.0,0.357301,0.002221,24.390344,24.390344,0.0,0.0,0.22402
5426,07-Aug-09,24:00:00,36.860582,0.002432,12.461708,12.461708,0.0,0.0,0.349409,0.002424,24.398937,24.398937,0.0,0.0,0.216113
5427,08-Aug-09,24:00:00,36.874796,0.002594,12.467409,12.467409,0.0,0.0,0.340848,0.002617,24.40745,24.40745,0.0,0.0,0.207529
5428,09-Aug-09,24:00:00,36.888885,0.002641,12.473066,12.473066,0.0,0.0,0.331842,0.002671,24.415881,24.415881,0.0,0.0,0.198492
5429,10-Aug-09,24:00:00,36.902841,0.001814,12.478679,12.478679,0.0,0.0,0.324153,0.002786,24.424224,24.424224,0.0,0.0,0.189292
5430,11-Aug-09,24:00:00,36.916657,0.002994,12.484243,12.484243,0.0,0.0,0.316528,0.00286,24.432474,24.432474,0.0,0.0,0.17965
5431,12-Aug-09,24:00:00,36.930328,0.003198,12.489758,12.489758,0.0,0.0,0.305669,0.002799,24.44063,24.44063,0.0,0.0,0.169842
5432,13-Aug-09,24:00:00,36.943848,0.002344,12.495221,12.495221,0.0,0.0,0.295843,0.00246,24.448685,24.448685,0.0,0.0,0.160547
5433,14-Aug-09,24:00:00,36.957211,0.002371,12.500631,12.500631,0.0,0.0,0.287754,0.002314,24.456638,24.456638,0.0,0.0,0.152408
5434,15-Aug-09,24:00:00,36.970413,0.002352,12.505985,12.505985,0.0,0.0,0.279674,0.002533,24.464486,24.464486,0.0,0.0,0.14423
5435,16-Aug-09,24:00:00,36.983449,0.001943,12.511281,12.511281,0.0,0.0,0.272289,0.002508,24.472225,24.472225,0.0,0.0,0.135536
5436,17-Aug-09,24:00:00,36.996315,0.001768,12.516519,12.516519,0.0,0.0,0.26592,0.002433,24.479852,24.479852,0.0,0.0,0.127047
5437,18-Aug-09,24:00:00,37.009008,0.001549,12.521697,12.521697,0.0,0.0,0.26013,0.002502,24.487366,24.487366,0.0,0.0,0.118698
5438,19-Aug-09,24:00:00,37.021522,0.001517,12.526813,12.526813,0.0,0.0,0.254899,0.002263,24.494763,24.494763,0.0,0.0,0.110527
5439,20-Aug-09,24:00:00,37.033855,0.002094,12.531866,12.531866,0.0,0.0,0.248868,0.00258,24.502042,24.502042,0.0,0.0,0.102236
5440,21-Aug-09,24:00:00,37.046004,0.001918,12.536855,12.536855,0.0,0.0,0.241709,0.002516,24.509201,24.509201,0.0,0.0,0.09351
5441,22-Aug-09,24:00:00,37.057964,0.001412,12.541779,12.541779,0.0,0.0,0.236131,0.002006,24.516236,24.516236,0.0,0.0,0.085657
5442,23-Aug-09,24:00:00,37.069734,0.001542,12.546637,12.546637,0.0,0.0,0.231087,0.002216,24.523148,24.523148,0.0,0.0,0.078357
5443,24-Aug-09,24:00:00,37.081311,0.001735,12.551428,12.551428,0.0,0.0,0.225528,0.002267,24.529932,24.529932,0.0,0.0,0.070698
5444,25-Aug-09,24:00:00,37.09269,0.001784,12.55615,12.55615,0.0,0.0,0.21952,0.002427,24.536589,24.536589,0.0,0.0,0.062734
5445,26-Aug-09,24:00:00,37.103871,0.002058,12.560803,12.560803,0.0,0.0,0.212956,0.002228,24.543115,24.543115,0.0,0.0,0.054747
5446,27-Aug-09,24:00:00,37.11485,0.001749,12.565386,12.565386,0.0,0.0,0.206246,0.002522,24.549511,24.549511,0.0,0.0,0.046638
5447,28-Aug-09,24:00:00,37.125625,0.002633,12.569898,12.569898,0.0,0.0,0.198972,0.002658,24.555773,24.555773,0.0,0.0,0.037783
5448,29-Aug-09,24:00:00,37.136195,0.001471,12.574338,12.574338,0.0,0.0,0.19174,0.002249,24.561901,24.561901,0.0,0.0,0.029234
5449,30-Aug-09,24:00:00,37.146555,0.001379,12.578706,12.578706,0.0,0.0,0.186892,0.002007,24.567893,24.567893,0.0,0.0,0.021909
5450,31-Aug-09,24:00:00,37.156705,0.00174,12.583,12.583,0.0,0.0,0.181625,0.002083,24.573748,24.573748,0.0,0.0,0.014875
5451,01-Sep-09,24:00:00,37.166643,0.001875,12.58722,12.58722,0.0,0.0,0.175345,0.002197,24.579464,24.579464,0.0,0.0,0.007595
5452,02-Sep-09,24:00:00,37.176366,0.002383,12.591365,12.591365,0.0,0.0,0.168093,0.002349,24.585041,24.585041,0.0,0.0,0.001541
5453,03-Sep-09,24:00:00,37.185872,0.001892,12.595435,12.595435,0.0,0.0,0.160768,0.002217,24.590476,24.590476,0.0,0.0,0.0
5454,04-Sep-09,24:00:00,37.19516,0.001708,12.599429,12.599429,0.0,0.0,0.154545,0.001367,24.59577,24.59577,0.0,0.0,0.0
5455,05-Sep-09,24:00:00,37.204228,0.002281,12.603346,12.603346,0.0,0.0,0.14784,0.002009,24.60092,24.60092,0.0,0.0,0.0
5456,06-Sep-09,24:00:00,37.213075,0.001943,12.607186,12.607186,0.0,0.0,0.140364,0.002165,24.605925,24.605925,0.0,0.0,0.0
5457,07-Sep-09,24:00:00,37.221698,0.001966,12.610947,12.610947,0.0,0.0,0.133749,0.00205,24.610786,24.610786,0.0,0.0,0.0
5458,08-Sep-09,24:00:00,37.230096,0.001719,12.614631,12.614631,0.0,0.0,0.12745,0.001973,24.615499,24.615499,0.0,0.0,0.0
5459,09-Sep-09,24:00:00,37.238267,0.001742,12.618235,12.618235,0.0,0.0,0.121607,0.002014,24.620065,24.620065,0.0,0.0,0.0
5460,10-Sep-09,24:00:00,37.24621,0.002048,12.621759,12.621759,0.0,0.0,0.115017,0.002205,24.624483,24.624483,0.0,0.0,0.0
5461,11-Sep-09,24:00:00,37.253924,0.001176,12.625204,12.625204,0.0,0.0,0.109385,0.002092,24.628751,24.628751,0.0,0.0,0.0
5462,12-Sep-09,24:00:00,37.261407,0.000502,12.628567,12.628567,0.0,0.0,0.106346,0.001174,24.632869,24.632869,0.0,0.0,0.0
5463,13-Sep-09,24:00:00,37.268657,0.001357,12.63185,12.63185,0.0,0.0,0.105557,0.001392,24.636836,24.636836,0.0,0.0,0.0
5464,14-Sep-09,24:00:00,37.275674,0.001862,12.635051,12.635051,0.0,0.0,0.104872,0.001925,24.640651,24.640651,0.0,0.0,0.0
5465,15-Sep-09,24:00:00,37.282456,0.001862,12.63817,12.63817,0.0,0.0,0.100667,0.002016,24.644313,24.644313,0.0,0.0,0.0
5466,16-Sep-09,24:00:00,37.289002,0.001874,12.641206,12.641206,0.0,0.0,0.094167,0.001932,24.647821,24.647821,0.0,0.0,0.0
5467,17-Sep-09,24:00:00,37.29531,0.002144,12.64416,12.64416,0.0,0.0,0.087389,0.001932,24.651175,24.651175,0.0,0.0,0.0
5468,18-Sep-09,24:00:00,37.30138,0.001667,12.64703,12.64703,0.0,0.0,0.080795,0.002051,24.654373,24.654373,0.0,0.0,0.0
5469,19-Sep-09,24:00:00,37.30721,0.001883,12.649816,12.649816,0.0,0.0,0.074706,0.001884,24.657416,24.657416,0.0,0.0,0.0
5470,20-Sep-09,24:00:00,37.312799,0.001848,12.652518,12.652518,0.0,0.0,0.068287,0.001785,24.660302,24.660302,0.0,0.0,0.0
5471,21-Sep-09,24:00:00,37.318147,0.001853,12.655136,12.655136,0.0,0.0,0.061971,0.001768,24.66303,24.66303,0.0,0.0,0.0
5472,22-Sep-09,24:00:00,37.323251,0.001687,12.657669,12.657669,0.0,0.0,0.055865,0.001927,24.665601,24.665601,0.0,0.0,0.0
5473,23-Sep-09,24:00:00,37.328112,0.001436,12.660116,12.660116,0.0,0.0,0.050542,0.001815,24.668013,24.668013,0.0,0.0,0.0
5474,24-Sep-09,24:00:00,37.332728,0.001627,12.662478,12.662478,0.0,0.0,0.04536,0.001798,24.670266,24.670266,0.0,0.0,0.0
5475,25-Sep-09,24:00:00,37.337098,0.001878,12.664754,12.664754,0.0,0.0,0.039307,0.001831,24.672359,24.672359,0.0,0.0,0.0
5476,26-Sep-09,24:00:00,37.341222,0.001934,12.666944,12.666944,0.0,0.0,0.03281,0.002021,24.674292,24.674292,0.0,0.0,0.0
5477,27-Sep-09,24:00:00,37.345098,0.00121,12.669047,12.669047,0.0,0.0,0.027372,0.0018,24.676064,24.676064,0.0,0.0,0.0
5478,28-Sep-09,24:00:00,37.348726,0.001805,12.671063,12.671063,0.0,0.0,0.022336,0.001661,24.677674,24.677674,0.0,0.0,0.0
5479,29-Sep-09,24:00:00,37.352104,0.001808,12.672992,12.672992,0.0,0.0,0.015923,0.001436,24.679122,24.679122,0.0,0.0,0.0
5480,30-Sep-09,24:00:00,37.353775,0.000198,12.673966,12.673966,0.0,0.0,0.012633,0.0,24.679819,24.679819,0.0,0.0,0.0
