hidden_size,seq_length,num_layers,epochs,batch_size,schedule_pairs,NSE,MSE,RMSE,KGE,Alpha-NSE,Beta-KGE,Beta-NSE,Pearson-r,FHV,FMS,FLV,Peak-Timing,Peak-MAPE,model_type
64,90,1,2,64,"((0.5, 0.25), (0.01, 0.005, 0.001))",0.45940375328063965,92610.7578125,304.32015676339944,0.41790794984975443,0.4987757536701952,0.9276863932609558,-0.05532400426760886,0.7129875403059546,-63.28011751174927,-12.128007543556867,46.65013219153839,0.4,79.23137664794922,no_physics
64,90,1,2,64,"((0.5, 0.25), (0.01, 0.005, 0.001))",0.5696393549442291,73726.0390625,271.5253930344269,0.511733739000899,0.560822900868047,0.9700596928596497,-0.02290602928782987,0.7887395085766712,-53.03611159324646,-31.095166369255832,7.316323427476626,0.4,74.80104446411133,physics
