hidden_size,seq_length,num_layers,epochs,batch_size,schedule_pairs,NSE,MSE,RMSE,KGE,Alpha-NSE,Beta-KGE,Beta-NSE,Pearson-r,FHV,FMS,FLV,Peak-Timing,Peak-MAPE,model_type
64,90,1,2,64,"((0.5, 0.25), (0.01, 0.005, 0.001))",0.3749238848686218,107083.1875,327.23567577512085,0.39981731897025397,0.5377462557040927,1.0193699598312378,0.014819102194780805,0.6176839904625965,-65.38951396942139,2.5384721704594666,4.008299683405727,0.6,82.62993812561035,no_physics
64,90,1,2,64,"((0.5, 0.25), (0.01, 0.005, 0.001))",0.6038803160190582,67860.1484375,260.4998050623071,0.5906815571739887,0.6504174337868098,1.0350415706634521,0.026808812155164594,0.7899864162423073,-48.71933162212372,-9.706914799111363,37.71819595150591,0.6,69.3785572052002,physics
