hidden_size,seq_length,num_layers,epochs,batch_size,schedule_pairs,NSE,MSE,RMSE,KGE,Alpha-NSE,Beta-KGE,Beta-NSE,Pearson-r,FHV,FMS,FLV,Peak-Timing,Peak-MAPE
64,90,1,2,64,"((0.5, 0.25), (0.01, 0.005, 0.001))",0.3734511733055115,107335.484375,327.6209461786593,0.41858632536522067,0.5671868951670878,0.9635969400405884,-0.02785042429086394,0.6134906281048246,-60.41308641433716,-4.028902926144174,-47.449459066033896,0.4,80.26154518127441
64,90,1,1,64,"((0.5, 0.25), (0.01, 0.005, 0.001))",0.34799665212631226,111696.1484375,334.20973719731745,0.3762629842555586,0.5333238096150967,1.099823236465454,0.07637043847690309,0.598382620397004,-67.33561754226685,1.1621245173338421,37.0870960800899,0.8,78.71047973632812
