hidden_size,seq_length,num_layers,epochs,batch_size,schedule_pairs,NSE,MSE,RMSE,KGE,Alpha-NSE,Beta-KGE,Beta-NSE,Pearson-r,FHV,FMS,FLV,Peak-Timing,Peak-MAPE,model_type
64,90,1,2,64,"((0.5, 0.25), (0.01, 0.005, 0.001))",0.3734511733055115,107335.484375,327.6209461786593,0.41858632536522067,0.5671868951670878,0.9635969400405884,-0.02785042429086394,0.6134906281048246,-60.41308641433716,-4.028902926144174,-47.449459066033896,0.4,80.26154518127441,no_physics
64,90,1,2,64,"((0.5, 0.25), (0.01, 0.005, 0.001))",0.5841410160064697,71241.734375,266.91147291752,0.5590119956237392,0.6182187378111768,1.0353635549545288,0.02705515080777106,0.7821401670196086,-52.03210115432739,-7.86877875209995,42.68522460651644,0.6,70.70809841156006,physics
