hidden_size,seq_length,num_layers,epochs,batch_size,schedule_pairs,NSE,MSE,RMSE,KGE,Alpha-NSE,Beta-KGE,Beta-NSE,Pearson-r,FHV,FMS,FLV,Peak-Timing,Peak-MAPE
64,90,1,2,64,"((0.5, 0.25), (0.01, 0.005, 0.001))",0.6038803160190582,67860.1484375,260.4998050623071,0.5906815571739887,0.6504174337868098,1.0350415706634521,0.026808812155164594,0.7899864162423073,-48.71933162212372,-9.706914799111363,37.71819595150591,0.6,69.3785572052002
64,90,1,1,64,"((0.5, 0.25), (0.01, 0.005, 0.001))",0.5007215142250061,85532.515625,292.4594256046469,0.4891292573499292,0.5705731852892839,1.024960994720459,0.019096591147882085,0.7243943483057569,-59.045010805130005,-3.135371937219943,13.61987277769026,0.6,75.70133686065674
