hidden_size,seq_length,num_layers,epochs,batch_size,schedule_pairs,NSE,MSE,RMSE,KGE,Alpha-NSE,Beta-KGE,Beta-NSE,Pearson-r,FHV,FMS,FLV,Peak-Timing,Peak-MAPE
64,90,1,2,64,"((0.5, 0.25), (0.01, 0.005, 0.001))",0.3749238848686218,107083.1875,327.23567577512085,0.39981731897025397,0.5377462557040927,1.0193699598312378,0.014819102194780805,0.6176839904625965,-65.38951396942139,2.5384721704594666,4.008299683405727,0.6,82.62993812561035
64,90,1,1,64,"((0.5, 0.25), (0.01, 0.005, 0.001))",0.31685012578964233,117031.9296875,342.09929799328734,0.36703916926385016,0.5438318379252401,0.9420850872993469,-0.04430822045576706,0.5650334679053935,-68.69237422943115,15.33824770085544,28.074389917938902,1.0,85.85137367248535
