hidden_size,seq_length,num_layers,epochs,batch_size,schedule_pairs,NSE,MSE,RMSE,KGE,Alpha-NSE,Beta-KGE,Beta-NSE,Pearson-r,FHV,FMS,FLV,Peak-Timing,Peak-MAPE
64,90,1,2,64,"((0.5, 0.25), (0.01, 0.005, 0.001))",0.5696393549442291,73726.0390625,271.5253930344269,0.511733739000899,0.560822900868047,0.9700596928596497,-0.02290602928782987,0.7887395085766712,-53.03611159324646,-31.095166369255832,7.316323427476626,0.4,74.80104446411133
64,90,1,1,64,"((0.5, 0.25), (0.01, 0.005, 0.001))",0.5087723433971405,84153.3046875,290.09189007536907,0.5245127319389089,0.6171437619399777,1.045760989189148,0.035009802671015874,0.721764173882733,-56.38535022735596,-2.489103096186971,-87.267589626438,0.4,72.01077461242676
