hidden_size,seq_length,num_layers,epochs,batch_size,schedule_pairs,NSE,MSE,RMSE,KGE,Alpha-NSE,Beta-KGE,Beta-NSE,Pearson-r,FHV,FMS,FLV,Peak-Timing,Peak-MAPE
64,90,1,2,64,"((0.5, 0.25), (0.01, 0.005, 0.001))",0.5841410160064697,71241.734375,266.91147291752,0.5590119956237392,0.6182187378111768,1.0353635549545288,0.02705515080777106,0.7821401670196086,-52.03210115432739,-7.86877875209995,42.68522460651644,0.6,70.70809841156006
64,90,1,1,64,"((0.5, 0.25), (0.01, 0.005, 0.001))",0.462734580039978,92040.140625,303.38118040676153,0.4699283240844001,0.5775194412883047,1.0934460163116455,0.07149151750066174,0.6938072483645144,-54.821038246154785,-26.832944364546783,-31.323485679903868,0.4,76.77548885345459
