hidden_size,seq_length,num_layers,epochs,batch_size,schedule_pairs,NSE,MSE,RMSE,KGE,Alpha-NSE,Beta-KGE,Beta-NSE,Pearson-r,FHV,FMS,FLV,Peak-Timing,Peak-MAPE
64,90,1,2,64,"((0.5, 0.25), (0.01, 0.005, 0.001))",0.45940375328063965,92610.7578125,304.32015676339944,0.41790794984975443,0.4987757536701952,0.9276863932609558,-0.05532400426760886,0.7129875403059546,-63.28011751174927,-12.128007543556867,46.65013219153839,0.4,79.23137664794922
64,90,1,1,64,"((0.5, 0.25), (0.01, 0.005, 0.001))",0.29731494188308716,120378.546875,346.95611664157184,0.29987198886930444,0.4659096723865504,0.9018977284431458,-0.07505380593586937,0.5580693513287786,-71.65336608886719,1.4917947515970713,-77.0524334559387,0.4,85.03542900085449
